dataset,arm,definition,model,n_train,n_test,rmse_all,secs,n_D0,rmse_D0,rmse_nonD0,gap_D0,n_D1,rmse_D1,rmse_nonD1,gap_D1,n_D2,rmse_D2,rmse_nonD2,gap_D2,n_D3,rmse_D3,rmse_nonD3,gap_D3,gap_own,rmse_cliff_own,n_cliff_own
CHEMBL1862_Ki,S0,D0,SVM,633,161,0.7735648983091027,2.1,67,0.6739290793822079,0.8373764747569274,-0.16344739537471953,1,,0.7757567486005414,,39,0.7267340890429167,0.7879485292769636,-0.061214440234046874,94,0.6546968264970815,0.9146551515602217,-0.2599583250631402,-0.16344739537471953,0.6739290793822079,67
CHEMBL1862_Ki,S0,D0,RF,633,161,0.8062277677687084,8.3,67,0.70159160879477,0.8731884270971371,-0.17159681830236706,1,,0.8085661152264328,,39,0.7466916362108389,0.8243533471312382,-0.07766171092039931,94,0.6818909784254069,0.9537266933040354,-0.27183571487862845,-0.17159681830236706,0.70159160879477,67
CHEMBL1862_Ki,S0,D0,GBM,633,161,0.7958583491910189,0.2,67,0.7232975812606862,0.843776926930141,-0.12047934566945473,1,,0.7982121389514779,,39,0.7853085517309726,0.7992014513109349,-0.013892899579962315,94,0.6985794901639426,0.9150697049136501,-0.21649021474970753,-0.12047934566945473,0.7232975812606862,67
CHEMBL1862_Ki,S0,D0,KNN,633,161,0.8971839465654852,0.1,67,0.8210868914349863,0.9477009004425213,-0.12661400900753506,1,,0.899885596395832,,39,0.8523719589555507,0.9110442763790564,-0.05867231742350565,94,0.7725372861789327,1.047346909466288,-0.27480962328735525,-0.12661400900753506,0.8210868914349863,67
CHEMBL1862_Ki,R0,D0,SVM,633,161,0.7735648983091027,0.3,67,0.6739290793822079,0.8373764747569274,-0.16344739537471953,1,,0.7757567486005414,,39,0.7267340890429167,0.7879485292769636,-0.061214440234046874,94,0.6546968264970815,0.9146551515602217,-0.2599583250631402,-0.16344739537471953,0.6739290793822079,67
CHEMBL1862_Ki,R0,D0,RF,633,161,0.8062277677687084,8.3,67,0.7015916087947698,0.8731884270971371,-0.17159681830236728,1,,0.8085661152264327,,39,0.7466916362108389,0.8243533471312382,-0.07766171092039931,94,0.6818909784254068,0.9537266933040354,-0.27183571487862856,-0.17159681830236728,0.7015916087947698,67
CHEMBL1862_Ki,R0,D0,GBM,633,161,0.7958583491910189,0.2,67,0.7232975812606862,0.843776926930141,-0.12047934566945473,1,,0.7982121389514779,,39,0.7853085517309726,0.7992014513109349,-0.013892899579962315,94,0.6985794901639426,0.9150697049136501,-0.21649021474970753,-0.12047934566945473,0.7232975812606862,67
CHEMBL1862_Ki,R0,D0,KNN,633,161,0.8971839465654852,0.1,67,0.8210868914349863,0.9477009004425213,-0.12661400900753506,1,,0.899885596395832,,39,0.8523719589555507,0.9110442763790564,-0.05867231742350565,94,0.7725372861789327,1.047346909466288,-0.27480962328735525,-0.12661400900753506,0.8210868914349863,67
CHEMBL1862_Ki,R2,D2,SVM,633,161,0.6898755382826421,0.2,67,0.6463543481717016,0.7192903963453121,-0.07293604817361055,0,,0.6898755382826421,,37,0.6674091588218196,0.6964388397661105,-0.029029680944290925,93,0.6923670143083306,0.6864534378294548,0.005913576478875804,-0.029029680944290925,0.6674091588218196,37
CHEMBL1862_Ki,R2,D2,RF,633,161,0.7684902198291859,8.0,67,0.6925034040449439,0.8183555609213469,-0.12585215687640294,0,,0.7684902198291859,,37,0.7178652024973993,0.7829622487205726,-0.06509704622317336,93,0.7307799876204866,0.8172521102410734,-0.08647212262058679,-0.06509704622317336,0.7178652024973993,37
CHEMBL1862_Ki,R2,D2,GBM,633,161,0.7013713838090924,0.2,67,0.6949881807553897,0.7058858808611865,-0.010897700105796826,0,,0.7013713838090924,,37,0.7534672773213771,0.6850596512551461,0.06840762606623096,93,0.696503164931535,0.7079751931262294,-0.011472028194694395,0.06840762606623096,0.7534672773213771,37
CHEMBL1862_Ki,R2,D2,KNN,633,161,0.7791000295138906,0.0,67,0.7567338452116996,0.7946577229021878,-0.03792387769048822,0,,0.7791000295138906,,37,0.7821895316631396,0.7781757859019465,0.004013745761193177,93,0.7284438845012376,0.8434684866101583,-0.11502460210892063,0.004013745761193177,0.7821895316631396,37
CHEMBL1871_Ki,S0,D0,SVM,525,134,0.664930822551654,0.1,32,0.8733559613601534,0.5844202885030703,0.2889356728570831,2,,0.6601124899697761,,12,0.8974043325211708,0.637501574437671,0.25990275808349983,56,0.6956847940811443,0.641943076040304,0.05374171804084027,0.2889356728570831,0.8733559613601534,32
CHEMBL1871_Ki,S0,D0,RF,525,134,0.6542568211362563,3.2,32,0.8864726849451302,0.561966820208208,0.3245058647369222,2,,0.6467401045333073,,12,0.8624928602701644,0.630067906724299,0.23242495354586534,56,0.7197955948029082,0.6028250510313611,0.11697054377154714,0.3245058647369222,0.8864726849451302,32
CHEMBL1871_Ki,S0,D0,GBM,525,134,0.7007623545965658,0.2,32,0.937942286940987,0.6075630534922156,0.3303792334487714,2,,0.6928305184475438,,12,0.8951576706447061,0.678640205848468,0.21651746479623812,56,0.7425734679217013,0.6691348768488616,0.07343859107283968,0.3303792334487714,0.937942286940987,32
CHEMBL1871_Ki,S0,D0,KNN,525,134,0.6530128590363606,0.0,32,0.8415662454627123,0.5813909668730926,0.26017527858961975,2,,0.647827202643338,,12,0.8004087066165954,0.6366742947936759,0.16373441182291948,56,0.7111861641085745,0.607823500906883,0.10336266320169152,0.26017527858961975,0.8415662454627123,32
CHEMBL1871_Ki,R0,D0,SVM,525,134,0.664930822551654,0.2,32,0.8733559613601534,0.5844202885030703,0.2889356728570831,2,,0.6601124899697761,,12,0.8974043325211708,0.637501574437671,0.25990275808349983,56,0.6956847940811443,0.641943076040304,0.05374171804084027,0.2889356728570831,0.8733559613601534,32
CHEMBL1871_Ki,R0,D0,RF,525,134,0.6542568211362563,3.3,32,0.8864726849451301,0.5619668202082079,0.3245058647369222,2,,0.6467401045333072,,12,0.8624928602701648,0.6300679067242988,0.232424953545866,56,0.719795594802908,0.6028250510313612,0.11697054377154681,0.3245058647369222,0.8864726849451301,32
CHEMBL1871_Ki,R0,D0,GBM,525,134,0.7007623545965658,0.3,32,0.937942286940987,0.6075630534922156,0.3303792334487714,2,,0.6928305184475438,,12,0.8951576706447061,0.678640205848468,0.21651746479623812,56,0.7425734679217013,0.6691348768488616,0.07343859107283968,0.3303792334487714,0.937942286940987,32
CHEMBL1871_Ki,R0,D0,KNN,525,134,0.6530128590363606,0.0,32,0.8415662454627123,0.5813909668730926,0.26017527858961975,2,,0.647827202643338,,12,0.8004087066165954,0.6366742947936759,0.16373441182291948,56,0.7111861641085745,0.607823500906883,0.10336266320169152,0.26017527858961975,0.8415662454627123,32
CHEMBL1871_Ki,R2,D2,SVM,525,134,0.6240094869814178,0.2,37,0.808463080597782,0.5372160586815665,0.2712470219162155,2,,0.6183232016035365,,13,0.7388988923112946,0.6103808598943662,0.12851803241692838,50,0.7105336204249537,0.5662645903852136,0.14426903003974012,0.12851803241692838,0.7388988923112946,13
CHEMBL1871_Ki,R2,D2,RF,525,134,0.6348203277756865,3.3,37,0.8095408683229467,0.5538375051032401,0.25570336321970655,2,,0.6268899210920388,,13,0.7386377518365771,0.6226374403485051,0.116000311488072,50,0.7311390429002028,0.5698095202201721,0.16132952268003076,0.116000311488072,0.7386377518365771,13
CHEMBL1871_Ki,R2,D2,GBM,525,134,0.6300156951966757,0.3,37,0.7470869975928963,0.5791578286485762,0.16792916894432008,2,,0.6204065175613918,,13,0.7237629044104253,0.6190997487461841,0.10466315566424123,50,0.7050767355253875,0.5807485918341712,0.12432814369121636,0.10466315566424123,0.7237629044104253,13
CHEMBL1871_Ki,R2,D2,KNN,525,134,0.6416310992735004,0.0,37,0.7707393998770843,0.5849228640573355,0.18581653581974877,2,,0.6361772515972758,,13,0.7402392706594142,0.6301194845412119,0.11011978611820228,50,0.7014918320760286,0.6031858192023318,0.09830601287369678,0.11011978611820228,0.7402392706594142,13
CHEMBL2034_Ki,S0,D0,SVM,598,152,0.6737416857915616,0.2,52,0.8128577180270588,0.5885463088578043,0.2243114091692544,0,,0.6737416857915616,,27,0.7389311514900556,0.6588141767447901,0.08011697474526547,83,0.7409450577820043,0.5827231122908048,0.1582219454911995,0.2243114091692544,0.8128577180270588,52
CHEMBL2034_Ki,S0,D0,RF,598,152,0.7324431074027999,9.1,52,0.8514068355274571,0.6621889040910797,0.18921793143637744,0,,0.7324431074027999,,27,0.7998647854326802,0.7170479617102999,0.0828168237223803,83,0.7291776538872929,0.736351930483743,-0.007174276596450091,0.18921793143637744,0.8514068355274571,52
CHEMBL2034_Ki,S0,D0,GBM,598,152,0.7374315016422444,0.6,52,0.8788507676421864,0.6518796088891374,0.22697115875304896,0,,0.7374315016422444,,27,0.7854073385011959,0.7266528569948523,0.05875448150634366,83,0.7707042169007559,0.6953014070196787,0.07540280988107717,0.22697115875304896,0.8788507676421864,52
CHEMBL2034_Ki,S0,D0,KNN,598,152,0.6886108725715725,0.0,52,0.9066780730763825,0.5415599992147204,0.36511807386166206,0,,0.6886108725715725,,27,0.8229521541963919,0.6559899587195518,0.1669621954768401,83,0.7698056306798423,0.575971153313802,0.19383447736604031,0.36511807386166206,0.9066780730763825,52
CHEMBL2034_Ki,R0,D0,SVM,599,151,0.7033648125233937,0.2,50,0.8346649987985949,0.628291317726128,0.2063736810724669,0,,0.7033648125233937,,25,0.8067842736023485,0.6809803238224804,0.12580394977986809,81,0.76538190934103,0.6239558609049911,0.1414260484360389,0.2063736810724669,0.8346649987985949,50
CHEMBL2034_Ki,R0,D0,RF,599,151,0.7503210049387017,9.1,50,0.8699907344121313,0.6833669504097012,0.18662378400243007,0,,0.7503210049387017,,25,0.8761118279658754,0.7227643406182883,0.15334748734758707,81,0.7387740096863936,0.7634645950238828,-0.024690585337489135,0.18662378400243007,0.8699907344121313,50
CHEMBL2034_Ki,R0,D0,GBM,599,151,0.746653513953863,0.6,50,0.8590831259031476,0.6841922396047464,0.17489088629840122,0,,0.746653513953863,,25,0.822049462756746,0.7307697560138974,0.09127970674284858,81,0.765705115767865,0.7239826525692837,0.041722463198581305,0.17489088629840122,0.8590831259031476,50
CHEMBL2034_Ki,R0,D0,KNN,599,151,0.7235468949090115,0.0,50,0.9247377073752696,0.5994596998561966,0.325278007519073,0,,0.7235468949090115,,25,0.9105568147328751,0.6803575953863755,0.23019921934649956,81,0.7776893000372541,0.6553372527639721,0.12235204727328197,0.325278007519073,0.9247377073752696,50
CHEMBL2034_Ki,R2,D2,SVM,599,151,0.6405923905569488,0.2,50,0.6652417934431599,0.6280317994218194,0.03720999402134051,0,,0.6405923905569488,,24,0.5395172467519342,0.6579511123196148,-0.11843386556768054,74,0.7054240170966573,0.5713966142342876,0.1340274028623697,-0.11843386556768054,0.5395172467519342,24
CHEMBL2034_Ki,R2,D2,RF,599,151,0.6287702983082569,8.5,50,0.6620277325139006,0.6116373849891906,0.050390347524709944,0,,0.6287702983082569,,24,0.5057693185945042,0.649402528592496,-0.14363320999799178,74,0.6406319379716784,0.6171560094180341,0.023475928553644332,-0.14363320999799178,0.5057693185945042,24
CHEMBL2034_Ki,R2,D2,GBM,599,151,0.667075509941918,0.6,50,0.7197495733457928,0.6393954269621586,0.08035414638363425,0,,0.667075509941918,,24,0.6913684146355025,0.6623846403587795,0.02898377427672294,74,0.6823845051608223,0.6520243479759816,0.03036015718484064,0.02898377427672294,0.6913684146355025,24
CHEMBL2034_Ki,R2,D2,KNN,599,151,0.6599083551124922,0.0,50,0.7719171287293006,0.5967281412286501,0.17518898750065048,0,,0.6599083551124922,,24,0.6809986884228972,0.6558465916866572,0.02515209673624008,74,0.7366675545926853,0.5765896405456424,0.16007791404704286,0.02515209673624008,0.6809986884228972,24
CHEMBL2047_EC50,S0,D0,SVM,503,128,0.6135737747871496,0.1,50,0.6874106442409588,0.5611554674982743,0.1262551767426845,0,,0.6135737747871496,,23,0.7440793541865645,0.581086597161892,0.16299275702467242,80,0.6343016521408146,0.5773760436404161,0.05692560850039852,0.1262551767426845,0.6874106442409588,50
CHEMBL2047_EC50,S0,D0,RF,503,128,0.6279930936814359,3.2,50,0.673759461852055,0.596812592125481,0.07694686972657405,0,,0.6279930936814359,,23,0.7179546206923492,0.6065082610946975,0.1114463595976517,80,0.6212425028560797,0.6390856408229426,-0.017843137966862876,0.07694686972657405,0.673759461852055,50
CHEMBL2047_EC50,S0,D0,GBM,503,128,0.6070756548299271,0.3,50,0.6602977074602976,0.5703527446991142,0.08994496276118336,0,,0.6070756548299271,,23,0.6747450453439487,0.59121963314738,0.08352541219656873,80,0.63529319162819,0.556878086254618,0.07841510537357199,0.08994496276118336,0.6602977074602976,50
CHEMBL2047_EC50,S0,D0,KNN,503,128,0.6239169091893885,0.0,50,0.73847876675997,0.5377935832391024,0.20068518352086762,0,,0.6239169091893885,,23,0.8293606523048401,0.5690975020543078,0.26026315025053237,80,0.692189940481443,0.48940232531153055,0.20278761516991245,0.20068518352086762,0.73847876675997,50
CHEMBL2047_EC50,R0,D0,SVM,502,129,0.6215089078199063,0.2,50,0.7045897213167448,0.5626218555287913,0.1419678657879535,1,,0.6231135611278539,,23,0.7782890727522856,0.5819403080394029,0.19634876471288276,82,0.645571795231745,0.5771296785014546,0.06844211673029044,0.1419678657879535,0.7045897213167448,50
CHEMBL2047_EC50,R0,D0,RF,502,129,0.6238756140275042,3.2,50,0.6839139193605017,0.5826887524318368,0.1012251669286649,1,,0.6236340438141046,,23,0.7652405752011214,0.58873736558091,0.17650320962021138,82,0.6276857460049723,0.6171718337033255,0.010513912301646777,0.1012251669286649,0.6839139193605017,50
CHEMBL2047_EC50,R0,D0,GBM,502,129,0.6099972296718894,0.3,50,0.6783732833186068,0.5624421031326797,0.11593118018592707,1,,0.6091298888369902,,23,0.7267206970127822,0.5815856307350774,0.14513506627770478,82,0.6399208718054872,0.5539331088855908,0.0859877629198964,0.11593118018592707,0.6783732833186068,50
CHEMBL2047_EC50,R0,D0,KNN,502,129,0.6247070031414383,0.0,50,0.7308092714793489,0.5470204768669932,0.18378879461235575,1,,0.6225817596892131,,23,0.8622346053267675,0.5600208427262708,0.3022137626004967,82,0.6782340869390525,0.5182472350632759,0.15998685187577666,0.18378879461235575,0.7308092714793489,50
CHEMBL2047_EC50,R2,D2,SVM,502,129,0.612534406132034,0.1,53,0.66184993108859,0.5756482715597359,0.08620165952885417,2,,0.6024952796112991,,23,0.7880939353361066,0.5673130667163269,0.22078086861977975,81,0.6699744072286303,0.5008840355243754,0.1690903717042549,0.22078086861977975,0.7880939353361066,23
CHEMBL2047_EC50,R2,D2,RF,502,129,0.6283683657302158,3.1,53,0.6707584288620727,0.5970282049381321,0.07373022392394057,2,,0.614923061209533,,23,0.7943906126326039,0.5861687192591376,0.2082218933734663,81,0.6383107114489484,0.6112240430944383,0.027086668354510013,0.2082218933734663,0.7943906126326039,23
CHEMBL2047_EC50,R2,D2,GBM,502,129,0.6473918827260141,0.3,53,0.6657851117920309,0.6342494116263027,0.031535700165728264,2,,0.6305610957068086,,23,0.8418799158400164,0.5968824273052815,0.2449974885347349,81,0.6961680008104474,0.5554531842178917,0.1407148165925557,0.2449974885347349,0.8418799158400164,23
CHEMBL2047_EC50,R2,D2,KNN,502,129,0.6491076212489946,0.0,53,0.736076397366857,0.5808014232278405,0.15527497413901659,2,,0.6287021217972042,,23,0.8898254305299629,0.5839181012010464,0.3059073293289165,81,0.6823380600308168,0.588793740940589,0.09354431909022776,0.3059073293289165,0.8898254305299629,23
CHEMBL204_Ki,S0,D0,SVM,2201,553,0.7231308772266025,3.4,220,0.8588126426398507,0.6173438860937444,0.24146875654610633,14,1.464951187951417,0.6933672685096609,0.7715839194417561,115,0.9372675997154195,0.6554124624617981,0.28185513725362144,328,0.7880707923313963,0.6163244913514141,0.17174630097998222,0.24146875654610633,0.8588126426398507,220
CHEMBL204_Ki,S0,D0,RF,2201,553,0.7654346807890143,67.3,220,0.9039877073478991,0.6580859451906511,0.24590176215724802,14,1.4399264896162736,0.7397661371669362,0.7001603524493374,115,0.9668393731239396,0.703055619845299,0.2637837532786407,328,0.823868451814491,0.6711988692317821,0.1526695825827089,0.24590176215724802,0.9039877073478991,220
CHEMBL204_Ki,S0,D0,GBM,2201,553,0.7732759237400754,1.6,220,0.9393596532390831,0.6403411112433012,0.29901854199578193,14,1.5137885607442527,0.744288949191044,0.7694996115532087,115,1.0179283657098264,0.6949080762032026,0.32302028950662376,328,0.8577627876925479,0.6301364254717301,0.22762636222081778,0.29901854199578193,0.9393596532390831,220
CHEMBL204_Ki,S0,D0,KNN,2201,553,0.818630600715629,0.1,220,0.9981443519367283,0.6743076284662703,0.323836723470458,14,1.413488884879643,0.7972878304949207,0.6162010543847223,115,1.0506613521169044,0.7458393490959259,0.3048220030209785,328,0.9308511229454508,0.6196400773336904,0.3112110456117604,0.323836723470458,0.9981443519367283,220
CHEMBL204_Ki,R0,D0,SVM,2202,552,0.687617245364198,3.3,219,0.8280717891100242,0.5768983921367205,0.25117339697330376,18,1.3172936386574727,0.6559444705524733,0.6613491681049994,120,0.9494420399809186,0.5947735803739873,0.3546684596069313,344,0.7233350784574818,0.624075301058422,0.09925977739905978,0.25117339697330376,0.8280717891100242,219
CHEMBL204_Ki,R0,D0,RF,2202,552,0.7615768412689096,66.1,219,0.9214869122770285,0.6348212844599035,0.286665627817125,18,1.292665981664933,0.7370376342593007,0.5556283474056324,120,1.0236609673638044,0.6708441894812249,0.3528167778825795,344,0.8056153921187122,0.6825364401385677,0.12307895198014451,0.286665627817125,0.9214869122770285,219
CHEMBL204_Ki,R0,D0,GBM,2202,552,0.762948107174503,1.7,219,0.9373856402408518,0.6221151193235864,0.3152705209172654,18,1.3270884855144438,0.7364412710287969,0.5906472144856469,120,1.0427286148411634,0.664649068076269,0.3780795467648944,344,0.8195795727709151,0.6586886188070825,0.16089095396383257,0.3152705209172654,0.9373856402408518,219
CHEMBL204_Ki,R0,D0,KNN,2202,552,0.7824290364918979,0.1,219,0.9761967908560909,0.6229674954134061,0.3532292954426848,18,1.2998700831586565,0.7588649969358525,0.541005086222804,120,1.0608160957319324,0.6853156446132448,0.3755004511186876,344,0.872018748654608,0.605854469350385,0.26616427930422304,0.3532292954426848,0.9761967908560909,219
CHEMBL204_Ki,R2,D2,SVM,2202,552,0.7078852823384015,3.7,220,0.8222323113176054,0.6206136538503393,0.20161865746726615,15,1.080917476650868,0.6945951614859949,0.38632231516487314,109,0.8993105343701789,0.6522288399165151,0.2470816944536638,350,0.73034515648351,0.6671820880845913,0.06316306839891861,0.2470816944536638,0.8993105343701789,109
CHEMBL204_Ki,R2,D2,RF,2202,552,0.7478091992062116,69.2,220,0.8835696607035108,0.6422280737133514,0.2413415869901594,15,1.0216068542588959,0.7387057203376575,0.2829011339212384,109,0.9271215228949666,0.6966499093913922,0.23047161350357448,350,0.7652617163101945,0.7165640764011911,0.04869763990900333,0.23047161350357448,0.9271215228949666,109
CHEMBL204_Ki,R2,D2,GBM,2202,552,0.7676918605333493,1.9,220,0.8792967020957785,0.6837746178843103,0.19552208421146822,15,1.0155604636769135,0.7596078471697238,0.2559526165071897,109,0.9358465179784833,0.7203248713999946,0.2155216465784887,350,0.8031323228068619,0.702062389009585,0.10106993379727691,0.2155216465784887,0.9358465179784833,109
CHEMBL204_Ki,R2,D2,KNN,2202,552,0.8292264802252441,0.1,220,0.9782872991166925,0.7134976843387784,0.2647896147779142,15,1.0538487444315396,0.8220714411605248,0.23177730327101487,109,1.0210753424436294,0.7747736863919936,0.2463016560516358,350,0.9019604125341354,0.6851607226969075,0.21679968983722786,0.2463016560516358,1.0210753424436294,109
CHEMBL2147_Ki,S0,D0,SVM,1162,294,0.576209376670151,0.7,116,0.5795718616123735,0.574007493650714,0.005564367961659489,1,,0.5765339814656915,,84,0.5365348680362391,0.5913343201778329,-0.054799452141593874,172,0.5634670037754604,0.593709643578229,-0.030242639802768534,0.005564367961659489,0.5795718616123735,116
CHEMBL2147_Ki,S0,D0,RF,1162,294,0.6639870801084451,18.2,116,0.6766412803619606,0.6556090860660087,0.021032194295951934,1,,0.6646690654219197,,84,0.6746249131897876,0.6596839168668452,0.014940996322942324,172,0.6471037664686016,0.6870854026341976,-0.039981636165596024,0.021032194295951934,0.6766412803619606,116
CHEMBL2147_Ki,S0,D0,GBM,1162,294,0.6074413464949507,0.5,116,0.6467809618198929,0.5803709383112637,0.06641002350862912,1,,0.6063380034309362,,84,0.6079093204874391,0.607254055918969,0.0006552645684700931,172,0.611926208309087,0.6010615825451013,0.010864625763985614,0.06641002350862912,0.6467809618198929,116
CHEMBL2147_Ki,S0,D0,KNN,1162,294,0.6903224346710172,0.0,116,0.7245953373365477,0.667040225969561,0.057555111366986655,1,,0.6908378355935535,,84,0.7238894981462027,0.6764293659530346,0.047460132193168136,172,0.6680487376084793,0.7205560286919528,-0.05250729108347352,0.057555111366986655,0.7245953373365477,116
CHEMBL2147_Ki,R0,D0,SVM,1162,294,0.576209376670151,0.8,116,0.5795718616123735,0.574007493650714,0.005564367961659489,1,,0.5765339814656915,,84,0.5365348680362391,0.5913343201778329,-0.054799452141593874,172,0.5634670037754604,0.593709643578229,-0.030242639802768534,0.005564367961659489,0.5795718616123735,116
CHEMBL2147_Ki,R0,D0,RF,1162,294,0.6639870801084449,17.9,116,0.6766412803619604,0.6556090860660085,0.021032194295951823,1,,0.6646690654219196,,84,0.6746249131897872,0.6596839168668452,0.01494099632294199,172,0.6471037664686016,0.6870854026341974,-0.0399816361655958,0.021032194295951823,0.6766412803619604,116
CHEMBL2147_Ki,R0,D0,GBM,1162,294,0.6074413464949507,0.5,116,0.6467809618198929,0.5803709383112637,0.06641002350862912,1,,0.6063380034309362,,84,0.6079093204874391,0.607254055918969,0.0006552645684700931,172,0.611926208309087,0.6010615825451013,0.010864625763985614,0.06641002350862912,0.6467809618198929,116
CHEMBL2147_Ki,R0,D0,KNN,1162,294,0.6903224346710172,0.1,116,0.7245953373365477,0.667040225969561,0.057555111366986655,1,,0.6908378355935535,,84,0.7238894981462027,0.6764293659530346,0.047460132193168136,172,0.6680487376084793,0.7205560286919528,-0.05250729108347352,0.057555111366986655,0.7245953373365477,116
CHEMBL2147_Ki,R2,D2,SVM,1162,294,0.6853386862413354,0.8,119,0.803940654930497,0.5912526708955039,0.21268798403499312,0,,0.6853386862413354,,83,0.8007182541457547,0.6342259259244274,0.1664923282213273,173,0.6674912478906102,0.7100773432947155,-0.042586095404105295,0.1664923282213273,0.8007182541457547,83
CHEMBL2147_Ki,R2,D2,RF,1162,294,0.7691584443488929,17.2,119,0.8680522729076541,0.693906253064557,0.17414601984309708,0,,0.7691584443488929,,83,0.8726644942330717,0.7244010108073674,0.14826348342570428,173,0.7374343900983668,0.8123669401069524,-0.07493255000858567,0.14826348342570428,0.8726644942330717,83
CHEMBL2147_Ki,R2,D2,GBM,1162,294,0.7139788715603251,0.5,119,0.8583459409569886,0.5961638363864945,0.26218210457049407,0,,0.7139788715603251,,83,0.884879461930695,0.6342558642357464,0.2506235976949486,173,0.734726970191873,0.6832206790515999,0.051506291140273164,0.2506235976949486,0.884879461930695,83
CHEMBL2147_Ki,R2,D2,KNN,1162,294,0.8650967976219972,0.0,119,0.9292626252680011,0.818596121527715,0.11066650374028608,0,,0.8650967976219972,,83,0.9377465907009339,0.8347880126127313,0.10295857808820263,173,0.7975284542619722,0.9534212125976395,-0.1558927583356673,0.10295857808820263,0.9377465907009339,83
CHEMBL214_Ki,S0,D0,SVM,2651,666,0.634460505440553,5.5,245,0.7238246855290149,0.5761094750840398,0.14771521044497515,26,1.0781902076676246,0.6096449803629006,0.46854522730472403,127,0.8157356151918163,0.5836085129128669,0.2321271022789494,441,0.6429983523376194,0.6173839215590731,0.025614430778546304,0.14771521044497515,0.7238246855290149,245
CHEMBL214_Ki,S0,D0,RF,2651,666,0.6992039129062049,42.3,245,0.7984969735446963,0.6343058438066516,0.16419112973804473,26,1.1415374063813426,0.6751358099139037,0.46640159646743895,127,0.8604045028828214,0.6554758218520157,0.20492868103080575,441,0.7093333127638951,0.6789120294616745,0.030421283302220603,0.16419112973804473,0.7984969735446963,245
CHEMBL214_Ki,S0,D0,GBM,2651,666,0.667643617439389,3.1,245,0.7548459710065735,0.6111960552376801,0.1436499157688934,26,1.1093123621983842,0.643322972564071,0.46598938963431324,127,0.8251356839957744,0.624782497247218,0.2003531867485564,441,0.6757000627685467,0.6515640820890441,0.02413598067950251,0.1436499157688934,0.7548459710065735,245
CHEMBL214_Ki,S0,D0,KNN,2651,666,0.7239624483374405,0.1,245,0.8671419390927975,0.6257364182107926,0.24140552088200484,26,1.202281671249146,0.6976327065454812,0.5046489647036648,127,0.9099244475444097,0.6727036328968093,0.23722081464760036,441,0.7300567049203149,0.711866379064121,0.018190325856193956,0.24140552088200484,0.8671419390927975,245
CHEMBL214_Ki,R0,D0,SVM,2651,666,0.634460505440553,5.5,245,0.7238246855290149,0.5761094750840398,0.14771521044497515,26,1.0781902076676246,0.6096449803629006,0.46854522730472403,127,0.8157356151918163,0.5836085129128669,0.2321271022789494,441,0.6429983523376194,0.6173839215590731,0.025614430778546304,0.14771521044497515,0.7238246855290149,245
CHEMBL214_Ki,R0,D0,RF,2651,666,0.6992039129062049,41.6,245,0.7984969735446961,0.6343058438066516,0.1641911297380445,26,1.1415374063813424,0.6751358099139037,0.46640159646743873,127,0.8604045028828214,0.6554758218520156,0.20492868103080586,441,0.7093333127638951,0.6789120294616743,0.030421283302220825,0.1641911297380445,0.7984969735446961,245
CHEMBL214_Ki,R0,D0,GBM,2651,666,0.667643617439389,2.5,245,0.7548459710065735,0.6111960552376801,0.1436499157688934,26,1.1093123621983842,0.643322972564071,0.46598938963431324,127,0.8251356839957744,0.624782497247218,0.2003531867485564,441,0.6757000627685467,0.6515640820890441,0.02413598067950251,0.1436499157688934,0.7548459710065735,245
CHEMBL214_Ki,R0,D0,KNN,2651,666,0.7239624483374405,0.1,245,0.8671419390927975,0.6257364182107926,0.24140552088200484,26,1.202281671249146,0.6976327065454812,0.5046489647036648,127,0.9099244475444097,0.6727036328968093,0.23722081464760036,441,0.7300567049203149,0.711866379064121,0.018190325856193956,0.24140552088200484,0.8671419390927975,245
CHEMBL214_Ki,R2,D2,SVM,2651,666,0.628471160834791,5.0,244,0.7487494022639453,0.5469895056856888,0.20175989657825644,33,1.1738810936818365,0.5862836079841733,0.5875974856976631,135,0.8204427590574251,0.5694381588234441,0.2510046002339811,427,0.6603457891944772,0.5670811425805832,0.093264646613894,0.2510046002339811,0.8204427590574251,135
CHEMBL214_Ki,R2,D2,RF,2651,666,0.6629097271867451,41.7,244,0.7642227779766994,0.5965309333860389,0.16769184459066044,33,1.1187828851051564,0.6301632957574169,0.4886195893477395,135,0.8187081972834859,0.6170597585134497,0.20164843877003613,427,0.6675945393441438,0.6544563166130525,0.013138222731091331,0.20164843877003613,0.8187081972834859,135
CHEMBL214_Ki,R2,D2,GBM,2651,666,0.671426089755601,2.9,244,0.793575902123785,0.5893593440597539,0.20421655806403116,33,1.1656369017863513,0.6352022531734606,0.5304346486128907,135,0.8753159060271857,0.6087983792235749,0.26651752680361074,427,0.7002648124946422,0.6165537882993534,0.08371102419528886,0.26651752680361074,0.8753159060271857,135
CHEMBL214_Ki,R2,D2,KNN,2651,666,0.659118087148672,0.1,244,0.8061856404757132,0.5566287333873854,0.24955690708832778,33,1.1621434451839892,0.6218325831289868,0.5403108620550023,135,0.859796660762325,0.5974459459247344,0.26235071483759054,427,0.6991487424518381,0.5807706001526789,0.11837814229915922,0.26235071483759054,0.859796660762325,135
CHEMBL218_EC50,S0,D0,SVM,823,208,0.7189804931023526,0.4,76,0.7614118779054272,0.6933734064070841,0.06803847149834308,5,1.1447060883553688,0.7052592485094417,0.43944683984592714,38,0.7260619899322731,0.7173880112869692,0.008673978645303948,103,0.7113943504463018,0.7263451595737433,-0.014950809127441511,0.06803847149834308,0.7614118779054272,76
CHEMBL218_EC50,S0,D0,RF,823,208,0.7063530124787121,23.8,76,0.7595674784519031,0.6738106409714377,0.08575683748046536,5,0.8604122935140083,0.7021320300921269,0.1582802634218814,38,0.7280777369915139,0.701404888573641,0.026672848417872874,103,0.7102573365993059,0.7025019735715975,0.007755363027708406,0.08575683748046536,0.7595674784519031,76
CHEMBL218_EC50,S0,D0,GBM,823,208,0.6849781590019004,0.4,76,0.7296207685637168,0.6579021116196875,0.07171865694402935,5,0.9243396012980837,0.6780170951089078,0.24632250618917584,38,0.6799957349936402,0.6860869294229031,-0.0060911944292628695,103,0.7000036415724725,0.6699115163482926,0.030092125224179922,0.07171865694402935,0.7296207685637168,76
CHEMBL218_EC50,S0,D0,KNN,823,208,0.7521459519093562,0.0,76,0.806934994903112,0.7187085657230681,0.08822642918004397,5,0.9444511531573266,0.7467847500000137,0.197666403157313,38,0.7648323499488997,0.7492807962009413,0.015551553747958358,103,0.7583592454545653,0.7460007283691984,0.012358517085366949,0.08822642918004397,0.806934994903112,76
CHEMBL218_EC50,R0,D0,SVM,823,208,0.7189804931023526,0.4,76,0.7614118779054272,0.6933734064070841,0.06803847149834308,5,1.1447060883553688,0.7052592485094417,0.43944683984592714,38,0.7260619899322731,0.7173880112869692,0.008673978645303948,103,0.7113943504463018,0.7263451595737433,-0.014950809127441511,0.06803847149834308,0.7614118779054272,76
CHEMBL218_EC50,R0,D0,RF,823,208,0.7063530124787121,24.5,76,0.7595674784519031,0.6738106409714376,0.08575683748046548,5,0.8604122935140084,0.7021320300921268,0.15828026342188162,38,0.7280777369915139,0.701404888573641,0.026672848417872874,103,0.7102573365993059,0.7025019735715976,0.007755363027708295,0.08575683748046548,0.7595674784519031,76
CHEMBL218_EC50,R0,D0,GBM,823,208,0.6849781590019004,0.4,76,0.7296207685637168,0.6579021116196875,0.07171865694402935,5,0.9243396012980837,0.6780170951089078,0.24632250618917584,38,0.6799957349936402,0.6860869294229031,-0.0060911944292628695,103,0.7000036415724725,0.6699115163482926,0.030092125224179922,0.07171865694402935,0.7296207685637168,76
CHEMBL218_EC50,R0,D0,KNN,823,208,0.7521459519093562,0.0,76,0.806934994903112,0.7187085657230681,0.08822642918004397,5,0.9444511531573266,0.7467847500000137,0.197666403157313,38,0.7648323499488997,0.7492807962009413,0.015551553747958358,103,0.7583592454545653,0.7460007283691984,0.012358517085366949,0.08822642918004397,0.806934994903112,76
CHEMBL218_EC50,R2,D2,SVM,823,208,0.7435115306491815,0.4,72,0.7633131486037242,0.7328117339452573,0.030501414658466897,5,1.0520272904424064,0.7342787329722285,0.31774855747017794,39,0.761915228983945,0.7391994573580494,0.022715771625895664,99,0.7918086086415079,0.6967501757811295,0.0950584328603784,0.022715771625895664,0.761915228983945,39
CHEMBL218_EC50,R2,D2,RF,823,208,0.7255729388036778,24.9,72,0.770721254713266,0.7004938197413149,0.07022743497195116,5,0.858115377903606,0.7220013803053734,0.13611399759823262,39,0.78560656814005,0.7109995343865687,0.07460703375348132,99,0.7905305949046273,0.6610662994307113,0.12946429547391602,0.07460703375348132,0.78560656814005,39
CHEMBL218_EC50,R2,D2,GBM,823,208,0.7091488397344998,0.4,72,0.7605137888062777,0.6803875622473929,0.0801262265588848,5,0.9782825196298813,0.7012176901874669,0.2770648294424144,39,0.7796154150368331,0.6918688539722536,0.08774656106457945,99,0.8115956071955693,0.6011571140727971,0.21043849312277219,0.08774656106457945,0.7796154150368331,39
CHEMBL218_EC50,R2,D2,KNN,823,208,0.8342180153506459,0.0,72,0.8926111997113267,0.801583702314435,0.09102749739689175,5,0.8861650516000578,0.8328976498509001,0.05326740174915767,39,0.9461290352329497,0.8061892648673965,0.13993977036555316,99,0.9141659136019697,0.7542969541698348,0.15986895943213497,0.13993977036555316,0.9461290352329497,39
CHEMBL219_Ki,S0,D0,SVM,1491,374,0.709612418306671,1.3,149,0.7862410018202945,0.6539437871453885,0.13229721467490607,9,0.8950974802253383,0.7044220866615702,0.19067539356376806,96,0.7549144388309269,0.6932812751008187,0.06163316373010819,238,0.7173052083172988,0.6959454528214829,0.021359755495815924,0.13229721467490607,0.7862410018202945,149
CHEMBL219_Ki,S0,D0,RF,1491,374,0.7199577832062882,22.7,149,0.7613161341670083,0.6912086940838129,0.07010744008319536,9,0.9951528716460948,0.7118294032360039,0.28332346841009093,96,0.7469978437704342,0.7103811664169295,0.03661667735350471,238,0.6942369107235535,0.762885490770987,-0.06864858004743346,0.07010744008319536,0.7613161341670083,149
CHEMBL219_Ki,S0,D0,GBM,1491,374,0.7215271428676121,1.0,149,0.7729579613067941,0.6853475770583111,0.087610384248483,9,0.8663023470263976,0.7175884509166065,0.14871389610979113,96,0.7529273707393949,0.7103615611820707,0.04256580955732414,238,0.7122407290765095,0.7374970514777723,-0.025256322401262854,0.087610384248483,0.7729579613067941,149
CHEMBL219_Ki,S0,D0,KNN,1491,374,0.7591286670801054,0.0,149,0.8010239123587036,0.7300626813058285,0.0709612310528751,9,1.164104017503389,0.7463722401903463,0.4177317773130427,96,0.7674683524649977,0.7562274126360634,0.01124093982893426,238,0.7401652135428204,0.7912218180824467,-0.05105660453962635,0.0709612310528751,0.8010239123587036,149
CHEMBL219_Ki,R0,D0,SVM,1491,374,0.6989212520966869,1.3,149,0.7736454364469572,0.6446878344734761,0.12895760197348105,11,0.8087578512957193,0.6953220728220919,0.1134357784736274,96,0.7328389738148513,0.6868196922142351,0.04601928160061619,245,0.6913100399305596,0.7131530481979184,-0.021843008267358743,0.12895760197348105,0.7736454364469572,149
CHEMBL219_Ki,R0,D0,RF,1491,374,0.6961593366726162,22.9,149,0.7410374100062272,0.6647747001147685,0.07626270989145878,11,0.9494844751104694,0.687026204360277,0.26245827075019246,96,0.7127930936242312,0.690322211252953,0.022470882371278145,245,0.6661312708660336,0.7498862047281432,-0.08375493386210953,0.07626270989145878,0.7410374100062272,149
CHEMBL219_Ki,R0,D0,GBM,1491,374,0.7014791800200961,1.1,149,0.7542837584560601,0.6642043283619008,0.09007943009415931,11,0.8575405749835945,0.6962041568023656,0.1613364181812289,96,0.7339697378297425,0.6899040848251334,0.04406565300460907,245,0.7089981951423364,0.68697234288363,0.022025852258706458,0.09007943009415931,0.7542837584560601,149
CHEMBL219_Ki,R0,D0,KNN,1491,374,0.737182448002742,0.0,149,0.782737696885085,0.7053973841049687,0.07734031278011633,11,1.0090427925948382,0.7273597613157932,0.28168303127904504,96,0.7373062529028928,0.7371396904014448,0.00016656250144797546,245,0.6998078037067631,0.8033925736449018,-0.1035847699381387,0.07734031278011633,0.782737696885085,149
CHEMBL219_Ki,R2,D2,SVM,1491,374,0.6956698595465102,1.2,149,0.7941926269887595,0.6218938945451985,0.17229873244356098,17,0.882681194151526,0.6854931518564323,0.19718804229509368,98,0.8072480216469393,0.6514702238117583,0.15577779783518098,240,0.7209988855652817,0.6478339148530654,0.07316497071221628,0.15577779783518098,0.8072480216469393,98
CHEMBL219_Ki,R2,D2,RF,1491,374,0.7115354061936964,23.3,149,0.829932075134874,0.6208252753468274,0.20910679978804658,17,0.9625216089852017,0.6973340425921312,0.2651875663930705,98,0.8185269267508491,0.6694445158194317,0.1490824109314175,240,0.754527491003253,0.6272118407922722,0.1273156502109808,0.1490824109314175,0.8185269267508491,98
CHEMBL219_Ki,R2,D2,GBM,1491,374,0.70120997242188,1.2,149,0.8225881970710701,0.6076294161425909,0.2149587809284792,17,0.9708663148469655,0.685729294013077,0.2851370208338885,98,0.8391612568769522,0.6451696519787584,0.19399160489819378,240,0.7417897057550454,0.6219469724308976,0.11984273332414785,0.19399160489819378,0.8391612568769522,98
CHEMBL219_Ki,R2,D2,KNN,1491,374,0.6899638127766982,0.1,149,0.8193169692558274,0.5888669324109573,0.2304500368448701,17,1.0209810254554341,0.6701349945869065,0.3508460308685276,98,0.8302923305331529,0.6326931131962766,0.19759921733687624,240,0.721898761992065,0.6287255892671278,0.09317317272493719,0.19759921733687624,0.8302923305331529,98
CHEMBL228_Ki,S0,D0,SVM,1362,342,0.6620740313985598,1.1,128,0.6915702745636068,0.6437858345617353,0.04778444000187143,12,0.9167195405566401,0.6509398224093402,0.26577971814729984,71,0.6886266894985441,0.6549394917042631,0.033687197794280976,200,0.7264101987618942,0.5590397735279751,0.1673704252339191,0.04778444000187143,0.6915702745636068,128
CHEMBL228_Ki,S0,D0,RF,1362,342,0.7154737537776891,20.2,128,0.792142624890687,0.6654069399826913,0.1267356849079957,12,1.021882606020345,0.7018153777257191,0.32006722829462586,71,0.8154599496216254,0.6868761867403733,0.12858376288125206,200,0.8045095776017195,0.5668270266209016,0.23768255098081792,0.1267356849079957,0.792142624890687,128
CHEMBL228_Ki,S0,D0,GBM,1362,342,0.6560010368252399,1.1,128,0.7193444361202469,0.6150030611295451,0.10434137499070184,12,0.855927106967837,0.647568980012805,0.20835812695503197,71,0.7172437675930996,0.6389862677620278,0.07825749983107178,200,0.7236964768021655,0.5466160889858767,0.17708038781628888,0.10434137499070184,0.7193444361202469,128
CHEMBL228_Ki,S0,D0,KNN,1362,342,0.7117936906614672,0.0,128,0.8135173958706096,0.6433071584537849,0.17021023741682462,12,0.9202230527604595,0.7030510621061004,0.2171719906543591,71,0.8182954328957113,0.681143659923517,0.13715177297219427,200,0.8171312052259347,0.5289752713115345,0.2881559339144002,0.17021023741682462,0.8135173958706096,128
CHEMBL228_Ki,R0,D0,SVM,1362,342,0.6528295542651307,1.0,129,0.723942036851748,0.6057156579943156,0.11822637885743237,14,0.9373144926789474,0.6378697865645943,0.29944470611435314,74,0.7572390496704139,0.6209145445857585,0.13632450508465543,199,0.7234612316321458,0.5393593935651847,0.18410183806696112,0.11822637885743237,0.723942036851748,129
CHEMBL228_Ki,R0,D0,RF,1362,342,0.7111590672439034,19.8,129,0.7962785935930752,0.6542452938021505,0.14203329979092472,14,1.0156542676775184,0.6952008803203782,0.32045338735714024,74,0.8716131293159662,0.6600176664846079,0.21159546283135833,199,0.7694409997346777,0.6210170876407288,0.1484239120939489,0.14203329979092472,0.7962785935930752,129
CHEMBL228_Ki,R0,D0,GBM,1362,342,0.6827546864401706,1.2,129,0.7581287008581222,0.6327550889918206,0.12537361186630158,14,0.9823009987252241,0.6669822862710871,0.315318712454137,74,0.8154805776398204,0.6412849175538298,0.17419566008599063,199,0.7368346325108505,0.5994316952925428,0.13740293721830765,0.12537361186630158,0.7581287008581222,129
CHEMBL228_Ki,R0,D0,KNN,1362,342,0.723410087530171,0.0,129,0.8180556510180831,0.6595183749473214,0.15853727607076173,14,1.010516130424842,0.7085715986666434,0.3019445317581986,74,0.8682222201502093,0.677997077596811,0.19022514255339829,199,0.7805693191520341,0.6353666029626773,0.14520271618935676,0.15853727607076173,0.8180556510180831,129
CHEMBL228_Ki,R2,D2,SVM,1362,342,0.7296091726899134,1.1,122,0.850294682912636,0.6531412784533744,0.19715340445926155,10,1.3807939515271561,0.7006683233457223,0.6801256281814339,73,0.8919739666167158,0.6788811664816891,0.21309280013502674,185,0.8464619726630044,0.5615299742509346,0.28493199841206973,0.21309280013502674,0.8919739666167158,73
CHEMBL228_Ki,R2,D2,RF,1362,342,0.7866023703114713,19.6,122,0.9115192421604862,0.7078918468815919,0.20362739527889429,10,1.5002652225112787,0.7547086078000839,0.7455566147111948,73,0.9863731006877331,0.7229282065125676,0.2634448941751655,185,0.8958075171187451,0.634230814048121,0.2615767030706241,0.2634448941751655,0.9863731006877331,73
CHEMBL228_Ki,R2,D2,GBM,1362,342,0.7352044758497218,1.1,122,0.8536570724200876,0.6604222272638471,0.19323484515624045,10,1.419437314464969,0.704357648899262,0.715079665565707,73,0.9239931124050474,0.6749226684285197,0.24907044397652778,185,0.8200355046150941,0.6205349559507132,0.19950054866438094,0.24907044397652778,0.9239931124050474,73
CHEMBL228_Ki,R2,D2,KNN,1362,342,0.824227302589609,0.0,122,0.9409706059606077,0.7517131583314097,0.18925744762919794,10,1.4580022798600212,0.7973605074317182,0.660641772428303,73,0.9842394037671899,0.7751264081093168,0.2091129956578731,185,0.9303714923229879,0.6781558217063217,0.25221567061666617,0.2091129956578731,0.9842394037671899,73
CHEMBL231_Ki,S0,D0,SVM,776,197,0.7503177481895633,0.3,48,0.9322417850754586,0.6814454962007669,0.25079628887469174,0,,0.7503177481895633,,13,0.7393328845659075,0.7510877763620847,-0.01175489179617717,92,0.7748148199304579,0.7281765746287142,0.04663824530174365,0.25079628887469174,0.9322417850754586,48
CHEMBL231_Ki,S0,D0,RF,776,197,0.8256661227607415,4.8,48,0.9103879050019957,0.7964562493517142,0.11393165565028152,0,,0.8256661227607415,,13,0.7833906058151687,0.8285714024212356,-0.045180796606066886,92,0.7781077704486853,0.8651902020025395,-0.0870824315538542,0.11393165565028152,0.9103879050019957,48
CHEMBL231_Ki,S0,D0,GBM,776,197,0.7368271877912392,0.4,48,0.8954389969650162,0.6778726600831858,0.21756633688183036,0,,0.7368271877912392,,13,0.7636907738109355,0.7348920774272149,0.02879869638372068,92,0.747935309197761,0.7269548565216751,0.020980452676085837,0.21756633688183036,0.8954389969650162,48
CHEMBL231_Ki,S0,D0,KNN,776,197,0.7658036494742596,0.0,48,0.9852333680265324,0.6802033367831819,0.3050300312433505,0,,0.7658036494742596,,13,0.655154111828665,0.7730224783972852,-0.11786836656862021,92,0.8250682159113281,0.7098210681138578,0.11524714779747025,0.3050300312433505,0.9852333680265324,48
CHEMBL231_Ki,R0,D0,SVM,776,197,0.7503177481895633,0.3,48,0.9322417850754586,0.6814454962007669,0.25079628887469174,0,,0.7503177481895633,,13,0.7393328845659075,0.7510877763620847,-0.01175489179617717,92,0.7748148199304579,0.7281765746287142,0.04663824530174365,0.25079628887469174,0.9322417850754586,48
CHEMBL231_Ki,R0,D0,RF,776,197,0.8256661227607415,4.7,48,0.9103879050019958,0.7964562493517143,0.11393165565028152,0,,0.8256661227607415,,13,0.7833906058151693,0.8285714024212356,-0.04518079660606633,92,0.7781077704486856,0.8651902020025393,-0.08708243155385365,0.11393165565028152,0.9103879050019958,48
CHEMBL231_Ki,R0,D0,GBM,776,197,0.7368271877912392,0.4,48,0.8954389969650162,0.6778726600831858,0.21756633688183036,0,,0.7368271877912392,,13,0.7636907738109355,0.7348920774272149,0.02879869638372068,92,0.747935309197761,0.7269548565216751,0.020980452676085837,0.21756633688183036,0.8954389969650162,48
CHEMBL231_Ki,R0,D0,KNN,776,197,0.7658036494742596,0.0,48,0.9852333680265324,0.6802033367831819,0.3050300312433505,0,,0.7658036494742596,,13,0.655154111828665,0.7730224783972852,-0.11786836656862021,92,0.8250682159113281,0.7098210681138578,0.11524714779747025,0.3050300312433505,0.9852333680265324,48
CHEMBL231_Ki,R2,D2,SVM,776,197,0.6680609164119017,0.3,46,0.8600569220852681,0.5974341251551152,0.2626227969301529,2,,0.6676663262175759,,21,0.650098888856918,0.6701719656014928,-0.020073076744574814,108,0.638797140594655,0.7019354340283347,-0.06313829343367972,-0.020073076744574814,0.650098888856918,21
CHEMBL231_Ki,R2,D2,RF,776,197,0.7598231079792641,5.0,46,0.863753077570571,0.7252085618397377,0.13854451573083326,2,,0.7619176364924733,,21,0.6692656321608443,0.7699173192156707,-0.10065168705482641,108,0.6388145226446266,0.8847088407530901,-0.24589431810846352,-0.10065168705482641,0.6692656321608443,21
CHEMBL231_Ki,R2,D2,GBM,776,197,0.6973948376706657,0.4,46,0.8672437978553986,0.6367118044813561,0.2305319933740425,2,,0.6980554054015081,,21,0.6865570328754849,0.6986767586265513,-0.012119725751066457,108,0.6612488373394646,0.7388864272078628,-0.0776375898683982,-0.012119725751066457,0.6865570328754849,21
CHEMBL231_Ki,R2,D2,KNN,776,197,0.736802886320488,0.0,46,0.9530020490242558,0.6569509619513326,0.29605108707292316,2,,0.7397261996024057,,21,0.6424366892059978,0.7472671432907306,-0.1048304540847328,108,0.7426168405438591,0.7296855396072459,0.01293130093661321,-0.1048304540847328,0.6424366892059978,21
CHEMBL233_Ki,S0,D0,SVM,2512,630,0.774231989016905,4.6,259,0.859080325186829,0.7090049147444101,0.1500754104424189,15,1.3563725426978104,0.7544426271440482,0.6019299155537622,114,0.9505831596697251,0.7295437776389481,0.221039382030777,388,0.7601034498507245,0.7963614158812614,-0.03625796603053688,0.1500754104424189,0.859080325186829,259
CHEMBL233_Ki,S0,D0,RF,2512,630,0.7989718416068079,19.9,259,0.8754963107442032,0.7408787502531489,0.13461756049105433,15,1.3965768713588542,0.7786875323881975,0.6178893389706567,114,0.9585381808651275,0.7592090969379878,0.19932908392713977,388,0.764598779940915,0.8511904646851259,-0.08659168474421097,0.13461756049105433,0.8754963107442032,259
CHEMBL233_Ki,S0,D0,GBM,2512,630,0.8102853625990102,1.4,259,0.9044692716816631,0.737438461127993,0.16703081055367008,15,1.3212541050653803,0.7937239656759201,0.5275301393894603,114,0.9748549680224696,0.7691927720060656,0.205662196016404,388,0.7830364062149956,0.8521572992109834,-0.06912089299598778,0.16703081055367008,0.9044692716816631,259
CHEMBL233_Ki,S0,D0,KNN,2512,630,0.8208117860917341,0.1,259,0.9171481188025218,0.7462223615107249,0.17092575729179693,15,1.5212078198065606,0.796067626015953,0.7251401937906076,114,1.0003602480501084,0.7755580651492127,0.2248021829008957,388,0.7895408556596799,0.8686023365406467,-0.07906148088096676,0.17092575729179693,0.9171481188025218,259
CHEMBL233_Ki,R0,D0,SVM,2512,630,0.7722115377427727,4.3,259,0.8638529867742462,0.7011716064545935,0.16268138031965262,13,1.3245583379239154,0.7562465992071061,0.5683117387168093,117,0.948109622505072,0.7261517409434527,0.22195788156161933,373,0.7623892747239402,0.786248944910104,-0.02385967018616375,0.16268138031965262,0.8638529867742462,259
CHEMBL233_Ki,R0,D0,RF,2512,630,0.778916138751875,19.0,259,0.8888773831473193,0.6918681372444988,0.19700924590282054,13,1.3830939231802561,0.7610442229793143,0.6220497002009419,117,0.9523065866446452,0.7336544280685422,0.21865215857610298,373,0.7677929834369575,0.7947829864619217,-0.026990003024964238,0.19700924590282054,0.8888773831473193,259
CHEMBL233_Ki,R0,D0,GBM,2512,630,0.789854793643115,1.4,259,0.9118001348830319,0.6921025195721495,0.2196976153108824,13,1.2753528980423665,0.7763665211619553,0.49898637688041125,117,0.9586172998334435,0.7460378264579877,0.2125794733754558,373,0.7830605184207059,0.7996130547936039,-0.016552536372897997,0.2196976153108824,0.9118001348830319,259
CHEMBL233_Ki,R0,D0,KNN,2512,630,0.8165059383188831,0.1,259,0.9198318232496705,0.7358222673600884,0.18400955588958212,13,1.5014788496840943,0.795756495862727,0.7057223538213673,117,0.9886955784716328,0.7718738875510227,0.2168216909206101,373,0.7962179990027579,0.8450851033127963,-0.04886710431003838,0.18400955588958212,0.9198318232496705,259
CHEMBL233_Ki,R2,D2,SVM,2512,630,0.7090767133183644,5.5,269,0.779956210778028,0.6512641446332421,0.1286920661447859,21,1.0691560080039075,0.6933327556500227,0.3758232523538848,109,0.9039574919199561,0.6610777534024478,0.24287973851750833,391,0.7180531476163678,0.6941411675840188,0.023911980032349067,0.24287973851750833,0.9039574919199561,109
CHEMBL233_Ki,R2,D2,RF,2512,630,0.7127230150047988,19.5,269,0.8004823641987496,0.6395462562529544,0.16093610794579527,21,1.037958084273357,0.6988134253200207,0.33914465895333623,109,0.9160663179919726,0.6623307492746272,0.25373556871734537,391,0.7346394401432326,0.6753362519416152,0.059303188201617396,0.25373556871734537,0.9160663179919726,109
CHEMBL233_Ki,R2,D2,GBM,2512,630,0.7389868297343347,1.3,269,0.8230623977104414,0.669507688264446,0.15355470944599547,21,1.0821159922886252,0.7242611220589665,0.3578548702296587,109,0.9563606104046597,0.684836832046116,0.2715237783585437,391,0.7479020929055354,0.7241649884370964,0.02373710446843902,0.2715237783585437,0.9563606104046597,109
CHEMBL233_Ki,R2,D2,KNN,2512,630,0.7675104788499186,0.1,269,0.8622960825697765,0.6884472099708456,0.1738488725989309,21,1.2453607725471303,0.7455904071209737,0.4997703654261566,109,1.0119696066742598,0.705735456211489,0.3062341504627708,391,0.7891779246129635,0.7306787943790266,0.058499130233936936,0.3062341504627708,1.0119696066742598,109
CHEMBL234_Ki,S0,D0,SVM,2924,733,0.6216619238278736,6.0,321,0.630973246510222,0.6143094177183539,0.01666382879186812,20,0.9049202522161852,0.6118284360715823,0.2930918161446029,201,0.6085691185921978,0.6265374316776156,-0.017968313085417797,520,0.6006873951280951,0.6701152590885663,-0.06942786396047118,0.01666382879186812,0.630973246510222,321
CHEMBL234_Ki,S0,D0,RF,2924,733,0.6627482940417968,45.4,321,0.6814351163855367,0.6478154108501935,0.033619705535343214,20,0.9258239518284885,0.6538444685815968,0.2719794832468917,201,0.6719277626552043,0.6592468436467323,0.012680919008472014,520,0.6289834429912401,0.7387242734347572,-0.10974083044351712,0.033619705535343214,0.6814351163855367,321
CHEMBL234_Ki,S0,D0,GBM,2924,733,0.6484042809610479,3.4,321,0.6463509294070338,0.6499996052899114,-0.00364867588287765,20,0.952660441397394,0.6377803455825479,0.3148800958148461,201,0.6472562644803831,0.6488374953328033,-0.0015812308524202345,520,0.6121376630618768,0.7294067823762489,-0.11726911931437212,-0.00364867588287765,0.6463509294070338,321
CHEMBL234_Ki,S0,D0,KNN,2924,733,0.6681890358416559,0.1,321,0.6934172728516176,0.6478525142262251,0.04556475862539244,20,1.0942465714847767,0.652237305634995,0.4420092658497816,201,0.696271956553426,0.6572665207553356,0.03900543579809035,520,0.6463710972724513,0.7186764998053896,-0.07230540253293827,0.04556475862539244,0.6934172728516176,321
CHEMBL234_Ki,R0,D0,SVM,2924,733,0.6441352381222031,6.0,320,0.6577620203830996,0.6333754076767306,0.024386612706368993,20,0.8914903234627917,0.635810798996166,0.2556795244666257,196,0.648297190736288,0.6426094494737993,0.005687741262488721,527,0.6222625266865877,0.6969739258813168,-0.07471139919472913,0.024386612706368993,0.6577620203830996,320
CHEMBL234_Ki,R0,D0,RF,2924,733,0.6862368576215182,45.4,320,0.6979265544230261,0.6770407032620527,0.020885851160973412,20,0.972258058428552,0.6764723659228409,0.2957856925057111,196,0.6839160138120087,0.6870819911740561,-0.0031659773620473786,527,0.6472514444305782,0.7771202294696399,-0.12986878503906163,0.020885851160973412,0.6979265544230261,320
CHEMBL234_Ki,R0,D0,GBM,2924,733,0.6759394405666324,3.2,320,0.6974500106966959,0.6587899056764617,0.0386601050202342,20,0.9183929129743396,0.6678706239706594,0.2505222890036801,196,0.6903534672152413,0.6706012825162533,0.019752184698987985,527,0.6422908356259982,0.7552281323918749,-0.11293729676587672,0.0386601050202342,0.6974500106966959,320
CHEMBL234_Ki,R0,D0,KNN,2924,733,0.6983218208809601,0.1,320,0.7230772494917134,0.6785201282799329,0.04455712121178046,20,1.0941422182099152,0.6839237642895527,0.4102184539203625,196,0.6845712140814532,0.7032736943532076,-0.018702480271754474,527,0.6635774791323631,0.780195813756071,-0.11661833462370796,0.04455712121178046,0.7230772494917134,320
CHEMBL234_Ki,R2,D2,SVM,2924,733,0.6018740532630649,6.7,309,0.6323892923587959,0.5786224706079593,0.05376682175083658,29,0.7541433841115708,0.594766183684735,0.15937720042683579,203,0.6399439631626422,0.5866385721160406,0.05330539104660159,513,0.6108852836801226,0.5803181960455301,0.030567087634592482,0.05330539104660159,0.6399439631626422,203
CHEMBL234_Ki,R2,D2,RF,2924,733,0.6291446895969832,47.4,309,0.662679102001159,0.6035330700355778,0.059146031965581214,29,0.7829781617993066,0.6219924219826002,0.16098573981670639,203,0.6774022032219755,0.6096502530103486,0.06775195021162694,513,0.6384350227004307,0.6069291516480901,0.031505871052340595,0.06775195021162694,0.6774022032219755,203
CHEMBL234_Ki,R2,D2,GBM,2924,733,0.6408256842827765,3.1,309,0.6729817812899498,0.6163352318906521,0.056646549399297697,29,0.8265298149627123,0.6320068541413739,0.19452296082133835,203,0.6882367031104002,0.6217094943863462,0.06652720872405404,513,0.6559277235379544,0.6041457724985483,0.05178195103940608,0.06652720872405404,0.6882367031104002,203
CHEMBL234_Ki,R2,D2,KNN,2924,733,0.6876702363440372,0.1,309,0.7379428838232921,0.6485827841252447,0.08936009969804737,29,1.0058300298477267,0.6713384506949026,0.3344915791528241,203,0.7421118356757662,0.6656397747945528,0.07647206088121339,513,0.706166015051944,0.6424763642986533,0.0636896507532907,0.07647206088121339,0.7421118356757662,203
CHEMBL235_EC50,S0,D0,SVM,1877,472,0.6396911969411965,2.1,178,0.7742668082527906,0.5422164780590865,0.23205033019370414,6,0.9458329507785239,0.6347874483388208,0.3110455024397031,74,0.7884735027854254,0.6080275056873089,0.18044599709811648,279,0.7222638329178709,0.4966213890418688,0.22564244387600207,0.23205033019370414,0.7742668082527906,178
CHEMBL235_EC50,S0,D0,RF,1877,472,0.6385721491584049,14.3,178,0.7642975223963968,0.5486243986125721,0.21567312378382475,6,1.1407583636173462,0.6294993140617311,0.5112590495556151,74,0.819725208354386,0.5988793031470204,0.22084590520736558,279,0.7216132893801305,0.49446171409355383,0.22715157528657665,0.21567312378382475,0.7642975223963968,178
CHEMBL235_EC50,S0,D0,GBM,1877,472,0.6756958308983728,1.5,178,0.7989763716805943,0.5886394864026917,0.21033688527790262,6,1.072675423199209,0.6690503432505129,0.4036250799486961,74,0.8315972294191505,0.6425522670709323,0.18904496234821822,279,0.7434302822307846,0.5635679126827271,0.17986236954805745,0.21033688527790262,0.7989763716805943,178
CHEMBL235_EC50,S0,D0,KNN,1877,472,0.6833908273046838,0.1,178,0.7926935681001125,0.6077342672654662,0.1849593008346463,6,1.0926484237103633,0.6765089370278937,0.4161394866824696,74,0.8312139077416647,0.6522227964113486,0.1789911113303161,279,0.7800909048093615,0.5122929207201604,0.2677979840892011,0.1849593008346463,0.7926935681001125,178
CHEMBL235_EC50,R0,D0,SVM,1877,472,0.6396911969411965,2.0,178,0.7742668082527906,0.5422164780590865,0.23205033019370414,6,0.9458329507785239,0.6347874483388208,0.3110455024397031,74,0.7884735027854254,0.6080275056873089,0.18044599709811648,279,0.7222638329178709,0.4966213890418688,0.22564244387600207,0.23205033019370414,0.7742668082527906,178
CHEMBL235_EC50,R0,D0,RF,1877,472,0.6385721491584049,14.5,178,0.7642975223963968,0.5486243986125722,0.21567312378382464,6,1.1407583636173462,0.6294993140617311,0.5112590495556151,74,0.8197252083543859,0.5988793031470204,0.22084590520736547,279,0.7216132893801305,0.49446171409355383,0.22715157528657665,0.21567312378382464,0.7642975223963968,178
CHEMBL235_EC50,R0,D0,GBM,1877,472,0.6756958308983728,1.6,178,0.7989763716805943,0.5886394864026917,0.21033688527790262,6,1.072675423199209,0.6690503432505129,0.4036250799486961,74,0.8315972294191505,0.6425522670709323,0.18904496234821822,279,0.7434302822307846,0.5635679126827271,0.17986236954805745,0.21033688527790262,0.7989763716805943,178
CHEMBL235_EC50,R0,D0,KNN,1877,472,0.6833908273046838,0.1,178,0.7926935681001125,0.6077342672654662,0.1849593008346463,6,1.0926484237103633,0.6765089370278937,0.4161394866824696,74,0.8312139077416647,0.6522227964113486,0.1789911113303161,279,0.7800909048093615,0.5122929207201604,0.2677979840892011,0.1849593008346463,0.7926935681001125,178
CHEMBL235_EC50,R2,D2,SVM,1877,472,0.6445847481575636,2.1,178,0.8031361496147866,0.5258492215851219,0.2772869280296647,7,0.8688083625044069,0.6406100033994245,0.22819835910498232,76,0.9058351564392265,0.5811652473636587,0.3246699090755678,272,0.7309456268491719,0.5039170184046599,0.227028608444512,0.3246699090755678,0.9058351564392265,76
CHEMBL235_EC50,R2,D2,RF,1877,472,0.6692093937038824,13.9,178,0.8191195367360975,0.5592473659691994,0.25987217076689806,7,0.9499493351614314,0.6640770556755532,0.28587227948587823,76,0.9194537468920805,0.6095432503322541,0.3099104965598264,272,0.7415004716103732,0.5560090382403422,0.18549143337003104,0.3099104965598264,0.9194537468920805,76
CHEMBL235_EC50,R2,D2,GBM,1877,472,0.6571229117406235,1.5,178,0.7898752791210085,0.5617024647142933,0.22817281440671522,7,0.854352741156974,0.6536993747436569,0.2006533664133171,76,0.8873395720950487,0.6029689397327181,0.2843706323623305,272,0.7256954852059667,0.5503187033162164,0.17537678188975037,0.2843706323623305,0.8873395720950487,76
CHEMBL235_EC50,R2,D2,KNN,1877,472,0.6772897303580794,0.1,178,0.8447013823583107,0.5517746727290084,0.29292670962930234,7,0.938496044980509,0.6725829956882773,0.2659130492922317,76,0.9221248814398906,0.6193280087653594,0.30279687267453115,272,0.757369154683675,0.5499777490848037,0.20739140559887137,0.30279687267453115,0.9221248814398906,76
CHEMBL236_Ki,S0,D0,SVM,2077,521,0.6980797097508515,2.8,204,0.797765875381812,0.6255835421820917,0.17218233319972032,22,1.011003100392565,0.6809819350985094,0.3300211652940557,90,0.8513798718113427,0.6615999901386924,0.18977988167265025,269,0.6932536585271347,0.7031947805752381,-0.009941122048103379,0.17218233319972032,0.797765875381812,204
CHEMBL236_Ki,S0,D0,RF,2077,521,0.710673983033488,57.6,204,0.7946915231587115,0.6508957693958766,0.14379575376283493,22,1.0098583612560403,0.6945234619757321,0.3153348992803082,90,0.8471235503346547,0.6787276805555909,0.16839586977906384,269,0.7209657876555366,0.6995208234611356,0.021444964194401006,0.14379575376283493,0.7946915231587115,204
CHEMBL236_Ki,S0,D0,GBM,2077,521,0.6936358396100483,2.2,204,0.7768564395365122,0.6343328396022604,0.1425235999342518,22,0.967988855476574,0.6789934639191231,0.2889953915574509,90,0.7948064363237133,0.6705860733160195,0.12422036300769379,269,0.689736780130795,0.6977738896624416,-0.008037109531646602,0.1425235999342518,0.7768564395365122,204
CHEMBL236_Ki,S0,D0,KNN,2077,521,0.7517275888997067,0.1,204,0.8693210390920145,0.6651473962144882,0.20417364287752637,22,1.144981804819495,0.7295268902956633,0.41545491452383176,90,0.9036954060688498,0.7159344499041357,0.1877609561647141,269,0.7285898168996838,0.7756650143629148,-0.04707519746323097,0.20417364287752637,0.8693210390920145,204
CHEMBL236_Ki,R0,D0,SVM,2077,521,0.6980797097508515,2.9,204,0.797765875381812,0.6255835421820917,0.17218233319972032,22,1.011003100392565,0.6809819350985094,0.3300211652940557,90,0.8513798718113427,0.6615999901386924,0.18977988167265025,269,0.6932536585271347,0.7031947805752381,-0.009941122048103379,0.17218233319972032,0.797765875381812,204
CHEMBL236_Ki,R0,D0,RF,2077,521,0.710673983033488,56.2,204,0.7946915231587115,0.6508957693958766,0.14379575376283493,22,1.0098583612560408,0.6945234619757321,0.31533489928030867,90,0.847123550334655,0.6787276805555907,0.1683958697790643,269,0.7209657876555366,0.6995208234611358,0.021444964194400895,0.14379575376283493,0.7946915231587115,204
CHEMBL236_Ki,R0,D0,GBM,2077,521,0.6936358396100483,2.2,204,0.7768564395365122,0.6343328396022604,0.1425235999342518,22,0.967988855476574,0.6789934639191231,0.2889953915574509,90,0.7948064363237133,0.6705860733160195,0.12422036300769379,269,0.689736780130795,0.6977738896624416,-0.008037109531646602,0.1425235999342518,0.7768564395365122,204
CHEMBL236_Ki,R0,D0,KNN,2077,521,0.7517275888997067,0.1,204,0.8693210390920145,0.6651473962144882,0.20417364287752637,22,1.144981804819495,0.7295268902956633,0.41545491452383176,90,0.9036954060688498,0.7159344499041357,0.1877609561647141,269,0.7285898168996838,0.7756650143629148,-0.04707519746323097,0.20417364287752637,0.8693210390920145,204
CHEMBL236_Ki,R2,D2,SVM,2077,521,0.6398020843356941,2.9,207,0.7142570978639223,0.5855637265001852,0.12869337136373715,19,0.9332282793056497,0.6260007907741905,0.3072274885314592,83,0.7701555314028947,0.6119790718845096,0.1581764595183851,259,0.5610446060799907,0.7091117238190818,-0.1480671177390911,0.1581764595183851,0.7701555314028947,83
CHEMBL236_Ki,R2,D2,RF,2077,521,0.661867523886854,55.1,207,0.7419267582195261,0.6033069706875894,0.1386197875319367,19,0.9924904394617005,0.646039177106171,0.3464512623555295,83,0.8140072649383898,0.6289029749249868,0.185104290013403,259,0.6132151847739931,0.7066781745794759,-0.09346298980548284,0.185104290013403,0.8140072649383898,83
CHEMBL236_Ki,R2,D2,GBM,2077,521,0.6185464497308308,2.1,207,0.7073370744020866,0.552259463260167,0.15507761114191965,19,0.9201445680333739,0.6041816345548129,0.31596293347856097,83,0.7804651497155288,0.5828151715875197,0.1976499781280091,259,0.572713385025039,0.6607371785763155,-0.08802379355127654,0.1976499781280091,0.7804651497155288,83
CHEMBL236_Ki,R2,D2,KNN,2077,521,0.6488627817913379,0.1,207,0.7262269265054122,0.5923611054935953,0.13386582101181688,19,0.989780372145446,0.632359927928656,0.35742044421679,83,0.8076591420439796,0.6141611438531228,0.19349799819085678,259,0.5755588845055098,0.713967829821818,-0.1384089453163081,0.19349799819085678,0.8076591420439796,83
CHEMBL237_EC50,S0,D0,SVM,762,193,0.7200329834022716,0.3,91,0.7815759633521843,0.6603030883583194,0.12127287499386485,7,0.9380326336496183,0.7105239260482422,0.2275087076013761,36,0.8122293037620275,0.6971761743971862,0.11505312936484136,110,0.7348020755345912,0.6999794922471951,0.03482258328739607,0.12127287499386485,0.7815759633521843,91
CHEMBL237_EC50,S0,D0,RF,762,193,0.7656163334997299,10.6,91,0.7892316174791024,0.7439153160801028,0.04531630139899967,7,0.9776071690148336,0.7564791286061096,0.22112804040872402,36,0.7783194688382402,0.7626736928319244,0.01564577600631578,110,0.7563512400983132,0.7777253178313281,-0.021374077733014918,0.04531630139899967,0.7892316174791024,91
CHEMBL237_EC50,S0,D0,GBM,762,193,0.8035711839118387,0.4,91,0.8663997278384663,0.7430477153623473,0.12335201247611904,7,1.0972674726605178,0.7903901025520916,0.3068773701084262,36,0.9076748061732047,0.7777388221653101,0.12993598400789463,110,0.8307367544567691,0.7660857474798037,0.06465100697696535,0.12335201247611904,0.8663997278384663,91
CHEMBL237_EC50,S0,D0,KNN,762,193,0.8237101275777117,0.0,91,0.906354092113607,0.7422522156592656,0.16410187645434138,7,0.7227489224813428,0.8272691966085357,-0.10452027412719289,36,1.053623603775356,0.7612668334194672,0.2923567703558887,110,0.8588122884594932,0.7747424452401569,0.0840698432193363,0.16410187645434138,0.906354092113607,91
CHEMBL237_EC50,R0,D0,SVM,762,193,0.7200329834022716,0.4,91,0.7815759633521843,0.6603030883583194,0.12127287499386485,7,0.9380326336496183,0.7105239260482422,0.2275087076013761,36,0.8122293037620275,0.6971761743971862,0.11505312936484136,110,0.7348020755345912,0.6999794922471951,0.03482258328739607,0.12127287499386485,0.7815759633521843,91
CHEMBL237_EC50,R0,D0,RF,762,193,0.76561633349973,10.9,91,0.7892316174791026,0.7439153160801026,0.045316301399,7,0.9776071690148336,0.7564791286061097,0.2211280404087239,36,0.7783194688382404,0.7626736928319244,0.015645776006316003,110,0.7563512400983132,0.7777253178313281,-0.021374077733014918,0.045316301399,0.7892316174791026,91
CHEMBL237_EC50,R0,D0,GBM,762,193,0.8035711839118387,0.4,91,0.8663997278384663,0.7430477153623473,0.12335201247611904,7,1.0972674726605178,0.7903901025520916,0.3068773701084262,36,0.9076748061732047,0.7777388221653101,0.12993598400789463,110,0.8307367544567691,0.7660857474798037,0.06465100697696535,0.12335201247611904,0.8663997278384663,91
CHEMBL237_EC50,R0,D0,KNN,762,193,0.8237101275777117,0.0,91,0.906354092113607,0.7422522156592656,0.16410187645434138,7,0.7227489224813428,0.8272691966085357,-0.10452027412719289,36,1.053623603775356,0.7612668334194672,0.2923567703558887,110,0.8588122884594932,0.7747424452401569,0.0840698432193363,0.16410187645434138,0.906354092113607,91
CHEMBL237_EC50,R2,D2,SVM,762,193,0.7909879388402288,0.3,85,0.8341350578357791,0.7552982020367746,0.07883685579900457,6,0.6944658630493383,0.7938906208176663,-0.09942475776832793,36,1.0304654177975223,0.7250118701442035,0.3054535476533188,108,0.8178681513246541,0.7554558627172409,0.06241228860741321,0.3054535476533188,1.0304654177975223,36
CHEMBL237_EC50,R2,D2,RF,762,193,0.8239513005732033,10.5,85,0.8586931241157677,0.7955419711204017,0.063151152995366,6,0.7356468405896499,0.8266284245615886,-0.09098158397193867,36,1.0043744462799031,0.7766957199704222,0.22767872630948094,108,0.8351891680646617,0.8094475727408621,0.025741595323799604,0.22767872630948094,1.0043744462799031,36
CHEMBL237_EC50,R2,D2,GBM,762,193,0.8222540195536977,0.4,85,0.9011886059532068,0.7543432637207047,0.14684534223250212,6,0.8639397440630046,0.820881460296386,0.04305828376661858,36,1.1018101405676803,0.743481831640816,0.3583283089268643,108,0.8856941358850097,0.7337781342268241,0.15191600165818553,0.3583283089268643,1.1018101405676803,36
CHEMBL237_EC50,R2,D2,KNN,762,193,0.9182545963075047,0.0,85,1.0023922109419658,0.846172197666127,0.1562200132758389,6,0.8063716820877292,0.9216195593135941,-0.11524787722586483,36,1.0819997636107912,0.8764066568329558,0.20559310677783538,108,0.9959899090297568,0.8087783316064494,0.1872115774233074,0.20559310677783538,1.0819997636107912,36
CHEMBL237_Ki,S0,D0,SVM,2081,522,0.6771294732368907,2.8,223,0.7350081408820932,0.6305129122011761,0.1044952286809171,19,1.0245518091091517,0.6604336714553615,0.3641181376537902,88,0.8227109488851325,0.6436076423135031,0.17910330657162943,323,0.6503956223211548,0.7184068936815913,-0.0680112713604365,0.1044952286809171,0.7350081408820932,223
CHEMBL237_Ki,S0,D0,RF,2081,522,0.7301482262957103,33.7,223,0.8042198812634422,0.66959068265906,0.13462919860438227,19,1.1363998289788646,0.7102628679773761,0.42613696100148846,88,0.8887993749049238,0.6935680749237727,0.19523129998115107,323,0.707559793195002,0.7653940411513179,-0.057834247956315976,0.13462919860438227,0.8042198812634422,223
CHEMBL237_Ki,S0,D0,GBM,2081,522,0.7254343629678016,1.0,223,0.7863503809784134,0.6764400081061238,0.10991037287228955,19,1.1293966121746564,0.705657231222805,0.4237393809518514,88,0.8979042095263899,0.6851901154017165,0.21271409412467346,323,0.697084196625338,0.7692288704969638,-0.07214467387162571,0.10991037287228955,0.7863503809784134,223
CHEMBL237_Ki,S0,D0,KNN,2081,522,0.7363331369034181,0.1,223,0.8434323860690836,0.6449806474942973,0.19845173857478626,19,1.1798542451784633,0.7142016942856547,0.46565255089280855,88,0.9487560128413149,0.6852783844672551,0.26347762837405986,323,0.7515510383919115,0.7109396141182099,0.04061142427370157,0.19845173857478626,0.8434323860690836,223
CHEMBL237_Ki,R0,D0,SVM,2081,522,0.6771294732368907,2.6,223,0.7350081408820932,0.6305129122011761,0.1044952286809171,19,1.0245518091091517,0.6604336714553615,0.3641181376537902,88,0.8227109488851325,0.6436076423135031,0.17910330657162943,323,0.6503956223211548,0.7184068936815913,-0.0680112713604365,0.1044952286809171,0.7350081408820932,223
CHEMBL237_Ki,R0,D0,RF,2081,522,0.7301482262957104,32.7,223,0.8042198812634425,0.66959068265906,0.1346291986043825,19,1.136399828978865,0.7102628679773763,0.4261369610014888,88,0.8887993749049242,0.6935680749237727,0.19523129998115152,323,0.7075597931950021,0.7653940411513181,-0.05783424795631609,0.1346291986043825,0.8042198812634425,223
CHEMBL237_Ki,R0,D0,GBM,2081,522,0.7254343629678016,1.0,223,0.7863503809784134,0.6764400081061238,0.10991037287228955,19,1.1293966121746564,0.705657231222805,0.4237393809518514,88,0.8979042095263899,0.6851901154017165,0.21271409412467346,323,0.697084196625338,0.7692288704969638,-0.07214467387162571,0.10991037287228955,0.7863503809784134,223
CHEMBL237_Ki,R0,D0,KNN,2081,522,0.7363331369034181,0.1,223,0.8434323860690836,0.6449806474942973,0.19845173857478626,19,1.1798542451784633,0.7142016942856547,0.46565255089280855,88,0.9487560128413149,0.6852783844672551,0.26347762837405986,323,0.7515510383919115,0.7109396141182099,0.04061142427370157,0.19845173857478626,0.8434323860690836,223
CHEMBL237_Ki,R2,D2,SVM,2081,522,0.7426722344921198,2.5,226,0.8546055826782615,0.6442472308425741,0.2103583518356874,21,1.0368766649383365,0.7277477511099958,0.30912891382834073,89,0.8935363678666288,0.7076897726111802,0.18584659525544867,312,0.7997728143077224,0.648620455422649,0.1511523588850734,0.18584659525544867,0.8935363678666288,89
CHEMBL237_Ki,R2,D2,RF,2081,522,0.7422031458915184,34.6,226,0.857533158603855,0.64031171518055,0.21722144342330507,21,1.0480784614712815,0.7265755932021992,0.32150286826908225,89,0.8952722528109268,0.7066447930395832,0.18862745977134365,312,0.786110601626693,0.6716901006230768,0.11442050100361623,0.18862745977134365,0.8952722528109268,89
CHEMBL237_Ki,R2,D2,GBM,2081,522,0.7416655364441607,1.0,226,0.8490560622277624,0.6477946850851936,0.20126137714256886,21,1.0606532531105675,0.7252374971718736,0.3354157559386939,89,0.9088493190983605,0.7023891006954512,0.2064602184029093,312,0.8023922103560595,0.6409048587979586,0.1614873515581009,0.2064602184029093,0.9088493190983605,89
CHEMBL237_Ki,R2,D2,KNN,2081,522,0.7747172808789123,0.1,226,0.91282565312538,0.6497995834054348,0.26302606971994524,21,1.0641645312214458,0.7601819492030075,0.3039825820184383,89,0.9460157654246928,0.7345755949794833,0.21144017044520946,312,0.8486267272350431,0.6495615340300571,0.19906519320498595,0.21144017044520946,0.9460157654246928,89
CHEMBL238_Ki,S0,D0,SVM,839,213,0.6100632326089199,0.4,55,0.6808381468752255,0.5834153071321189,0.09742283974310662,0,,0.6100632326089199,,27,0.6942419529736443,0.5968577732058936,0.09738417976775071,95,0.6966373884323843,0.5301893300784437,0.1664480583539406,0.09742283974310662,0.6808381468752255,55
CHEMBL238_Ki,S0,D0,RF,839,213,0.6171343551573604,5.8,55,0.6463124994120558,0.6066482070469879,0.039664292365067966,0,,0.6171343551573604,,27,0.6174552305321591,0.6170877626059381,0.000367467926220999,95,0.6841322976066653,0.5573739879133356,0.12675830969332968,0.039664292365067966,0.6463124994120558,55
CHEMBL238_Ki,S0,D0,GBM,839,213,0.6463159100885606,0.4,55,0.6809943705553283,0.6337992392172572,0.04719513133807107,0,,0.6463159100885606,,27,0.7403353812597756,0.6315055469232596,0.10882983433651605,95,0.7247678101604783,0.5754355055138106,0.1493323046466677,0.04719513133807107,0.6809943705553283,55
CHEMBL238_Ki,S0,D0,KNN,839,213,0.6420146441763473,0.0,55,0.733712002626909,0.60685225120289,0.12685975142401906,0,,0.6420146441763473,,27,0.7650952833781286,0.6221274880120515,0.14296779536607707,95,0.774492827481121,0.5109829247527252,0.2635099027283958,0.12685975142401906,0.733712002626909,55
CHEMBL238_Ki,R0,D0,SVM,839,213,0.6100632326089199,0.4,55,0.6808381468752255,0.5834153071321189,0.09742283974310662,0,,0.6100632326089199,,27,0.6942419529736443,0.5968577732058936,0.09738417976775071,95,0.6966373884323843,0.5301893300784437,0.1664480583539406,0.09742283974310662,0.6808381468752255,55
CHEMBL238_Ki,R0,D0,RF,839,213,0.6171343551573604,6.0,55,0.6463124994120558,0.6066482070469879,0.039664292365067966,0,,0.6171343551573604,,27,0.6174552305321591,0.6170877626059381,0.000367467926220999,95,0.6841322976066652,0.5573739879133356,0.12675830969332957,0.039664292365067966,0.6463124994120558,55
CHEMBL238_Ki,R0,D0,GBM,839,213,0.6463159100885606,0.4,55,0.6809943705553283,0.6337992392172572,0.04719513133807107,0,,0.6463159100885606,,27,0.7403353812597756,0.6315055469232596,0.10882983433651605,95,0.7247678101604783,0.5754355055138106,0.1493323046466677,0.04719513133807107,0.6809943705553283,55
CHEMBL238_Ki,R0,D0,KNN,839,213,0.6420146441763473,0.0,55,0.733712002626909,0.60685225120289,0.12685975142401906,0,,0.6420146441763473,,27,0.7650952833781286,0.6221274880120515,0.14296779536607707,95,0.774492827481121,0.5109829247527252,0.2635099027283958,0.12685975142401906,0.733712002626909,55
CHEMBL238_Ki,R2,D2,SVM,839,213,0.5584789034978903,0.4,50,0.606581299927877,0.5428699941128061,0.0637113058150709,0,,0.5584789034978903,,26,0.621519244755096,0.5491411845300203,0.07237806022507576,88,0.5739294041397398,0.5473402121644969,0.0265891919752429,0.07237806022507576,0.621519244755096,26
CHEMBL238_Ki,R2,D2,RF,839,213,0.5743058842775617,6.3,50,0.6324206735715024,0.5552615509190992,0.07715912265240321,0,,0.5743058842775617,,26,0.6434461945919143,0.5640220623636798,0.07942413222823452,88,0.6015732054178182,0.5543057328696892,0.04726747254812902,0.07942413222823452,0.6434461945919143,26
CHEMBL238_Ki,R2,D2,GBM,839,213,0.5569577637175991,0.4,50,0.5872114055947493,0.5473424569669953,0.03986894862775392,0,,0.5569577637175991,,26,0.602761843725139,0.5502874680146181,0.052474375710520826,88,0.5767349653532302,0.5426024112548232,0.034132554098406986,0.052474375710520826,0.602761843725139,26
CHEMBL238_Ki,R2,D2,KNN,839,213,0.5803998682927981,0.0,50,0.6421578000845264,0.5600925728966237,0.08206522718790266,0,,0.5803998682927981,,26,0.6887565496370017,0.5636872891664418,0.12506926047055988,88,0.6648614110240398,0.5126593588642201,0.15220205215981975,0.12506926047055988,0.6887565496370017,26
CHEMBL239_EC50,S0,D0,SVM,1374,347,0.6776206279294098,1.1,141,0.8191044046800945,0.5605583018324145,0.25854610284768,6,1.1189124102559396,0.66724825857156,0.45166415168437957,54,0.9432112269079964,0.6163055474198883,0.3269056794881081,211,0.7257412134094295,0.5953133509830024,0.13042786242642712,0.25854610284768,0.8191044046800945,141
CHEMBL239_EC50,S0,D0,RF,1374,347,0.6858400581494529,37.7,141,0.819139317950421,0.5771170179201045,0.24202230003031655,6,1.188940056144178,0.6736324353832893,0.5153076207608888,54,0.9107080346215357,0.6357754728690885,0.2749325617524472,211,0.7514967627431772,0.5691775349102498,0.18231922783292742,0.24202230003031655,0.819139317950421,141
CHEMBL239_EC50,S0,D0,GBM,1374,347,0.6608323704656309,1.1,141,0.7865347384182277,0.5587212220847225,0.22781351633350522,6,1.254835961399733,0.645505597931416,0.609330363468317,54,0.8231451011461832,0.626344383666595,0.19680071747958827,211,0.7224461667035154,0.5517871600883091,0.17065900661520628,0.22781351633350522,0.7865347384182277,141
CHEMBL239_EC50,S0,D0,KNN,1374,347,0.7116954837650312,0.1,141,0.8569350508957199,0.592089918282066,0.26484513261365383,6,1.1153153424965265,0.7025207238569917,0.4127946186395348,54,0.8904205992316285,0.6736009204985185,0.21681967873311003,211,0.7757036254797646,0.5990005769558492,0.17670304852391538,0.26484513261365383,0.8569350508957199,141
CHEMBL239_EC50,R0,D0,SVM,1375,346,0.7225878544955211,1.1,142,0.8130406757131894,0.6522626525388288,0.16077802317436063,9,1.0978602615399895,0.7098510216874646,0.3880092398525249,56,0.9374717706914047,0.6732379397372302,0.2642338309541745,210,0.7594573978014245,0.6616335987143146,0.09782379908710992,0.16077802317436063,0.8130406757131894,142
CHEMBL239_EC50,R0,D0,RF,1375,346,0.7353211440107241,35.9,142,0.8199280129958861,0.6701521247717875,0.1497758882240986,9,1.0776784744870633,0.7239618739685988,0.35371660051846454,56,0.904898826512072,0.6978441687586562,0.2070546577534158,210,0.7877001263158485,0.6461549922274179,0.1415451340884306,0.1497758882240986,0.8199280129958861,142
CHEMBL239_EC50,R0,D0,GBM,1375,346,0.7101731547119221,1.1,142,0.7944184978676021,0.6450694531763294,0.14934904469127275,9,1.0980349614806053,0.6968614628386903,0.401173498641915,56,0.8631838749336977,0.6766521192430558,0.18653175569064195,210,0.7579190355608295,0.6293730494407487,0.12854598612008084,0.14934904469127275,0.7944184978676021,142
CHEMBL239_EC50,R0,D0,KNN,1375,346,0.7565720944914062,0.1,142,0.8601041445691762,0.675198677408436,0.1849054671607402,9,1.0654797912817735,0.7465720612110498,0.3189077300707237,56,0.9205461993775192,0.7206227300526787,0.1999234693248405,210,0.7944006292572378,0.6941227327795049,0.10027789647773289,0.1849054671607402,0.8601041445691762,142
CHEMBL239_EC50,R2,D2,SVM,1375,346,0.7209084603092694,1.1,133,0.7902795824832092,0.6739807291626185,0.11629885332059064,7,0.5154719247495445,0.7245369545245336,-0.2090650297749891,57,0.7824890227893854,0.7081308301489269,0.07435819264045851,235,0.7251152636120414,0.7119201457167952,0.013195117895246189,0.07435819264045851,0.7824890227893854,57
CHEMBL239_EC50,R2,D2,RF,1375,346,0.7501685300434837,36.3,133,0.8237066137818946,0.7003451966979859,0.12336141708390869,7,0.7212352949402003,0.7507542214846635,-0.029518926544463198,57,0.8371272894717859,0.7317985080367295,0.10532878143505642,235,0.7697925427096288,0.7068267216273726,0.06296582108225623,0.10532878143505642,0.8371272894717859,57
CHEMBL239_EC50,R2,D2,GBM,1375,346,0.740417809445439,1.1,133,0.842927629751426,0.6684841050478159,0.17444352470361013,7,0.675962739935409,0.7416897173437318,-0.06572697740832278,57,0.7235064603888246,0.7437078647572786,-0.020201404368453968,235,0.7702044473867674,0.6730200385772516,0.09718440880951584,-0.020201404368453968,0.7235064603888246,57
CHEMBL239_EC50,R2,D2,KNN,1375,346,0.7649762159124768,0.0,133,0.8281941648756118,0.7227029920529583,0.10549117282265352,7,0.854556108219832,0.763015668042199,0.09154044017763296,57,0.8403457276154926,0.7492163049331292,0.09112942268236346,235,0.7875499532920976,0.7148366604635191,0.07271329282857852,0.09112942268236346,0.8403457276154926,57
CHEMBL244_Ki,S0,D0,SVM,2476,621,0.7151642875474293,4.0,296,0.796610790246654,0.6319161670180652,0.16469462322858885,14,1.0669725057445418,0.7049818129374754,0.3619906928070664,128,0.8997306975015639,0.6588432176819741,0.2408874798195898,433,0.7344934645824674,0.6685229542680813,0.06597051031438617,0.16469462322858885,0.796610790246654,296
CHEMBL244_Ki,S0,D0,RF,2476,621,0.7417003000429206,18.6,296,0.8262301609626045,0.6552928846935869,0.17093727626901756,14,1.0042622920638666,0.7345380470869954,0.2697242449768712,128,0.9294742384821025,0.6845766003286937,0.24489763815340881,433,0.7694506730898698,0.6734500668403364,0.09600060624953344,0.17093727626901756,0.8262301609626045,296
CHEMBL244_Ki,S0,D0,GBM,2476,621,0.741989146704796,2.5,296,0.8118292728683052,0.6720954113914938,0.13973386147681144,14,0.9049149889567328,0.7378070339528896,0.16710795500384323,128,0.9268908371426745,0.6858790634291791,0.24101177371349536,433,0.7707738457390545,0.6710117280056523,0.09976211773340216,0.13973386147681144,0.8118292728683052,296
CHEMBL244_Ki,S0,D0,KNN,2476,621,0.772343255327798,0.1,296,0.8850696577955114,0.6529557932186485,0.2321138645768629,14,1.0608118373764137,0.7644066666276927,0.29640517074872097,128,1.0071058026532484,0.6986072933444304,0.30849850930881806,433,0.8133517081181734,0.6683896380022974,0.14496207011587592,0.2321138645768629,0.8850696577955114,296
CHEMBL244_Ki,R0,D0,SVM,2476,621,0.7151642875474293,4.6,296,0.796610790246654,0.6319161670180652,0.16469462322858885,14,1.0669725057445418,0.7049818129374754,0.3619906928070664,128,0.8997306975015639,0.6588432176819741,0.2408874798195898,433,0.7344934645824674,0.6685229542680813,0.06597051031438617,0.16469462322858885,0.796610790246654,296
CHEMBL244_Ki,R0,D0,RF,2476,621,0.7417003000429206,19.0,296,0.8262301609626046,0.6552928846935868,0.17093727626901778,14,1.0042622920638673,0.7345380470869953,0.269724244976872,128,0.9294742384821026,0.6845766003286937,0.24489763815340893,433,0.7694506730898698,0.6734500668403363,0.09600060624953355,0.17093727626901778,0.8262301609626046,296
CHEMBL244_Ki,R0,D0,GBM,2476,621,0.741989146704796,2.5,296,0.8118292728683052,0.6720954113914938,0.13973386147681144,14,0.9049149889567328,0.7378070339528896,0.16710795500384323,128,0.9268908371426745,0.6858790634291791,0.24101177371349536,433,0.7707738457390545,0.6710117280056523,0.09976211773340216,0.13973386147681144,0.8118292728683052,296
CHEMBL244_Ki,R0,D0,KNN,2476,621,0.772343255327798,0.1,296,0.8850696577955114,0.6529557932186485,0.2321138645768629,14,1.0608118373764137,0.7644066666276927,0.29640517074872097,128,1.0071058026532484,0.6986072933444304,0.30849850930881806,433,0.8133517081181734,0.6683896380022974,0.14496207011587592,0.2321138645768629,0.8850696577955114,296
CHEMBL244_Ki,R2,D2,SVM,2476,621,0.7014821637305619,5.0,290,0.769159398582456,0.6362991682742696,0.1328602303081864,13,1.0845932550625856,0.6909750743965467,0.39361818066603893,131,0.836372689094453,0.660770935536938,0.17560175355751495,420,0.7223441025314455,0.6557511978579441,0.06659290467350143,0.17560175355751495,0.836372689094453,131
CHEMBL244_Ki,R2,D2,RF,2476,621,0.762064877614392,19.0,290,0.8491645007363615,0.6766007666448665,0.17256373409149506,13,1.115353149104281,0.7527025459987304,0.36265060310555053,131,0.9142380649996147,0.7159230301147842,0.1983150348848305,420,0.7992576638372675,0.677792530161655,0.12146513367561251,0.1983150348848305,0.9142380649996147,131
CHEMBL244_Ki,R2,D2,GBM,2476,621,0.6935861075737587,2.6,290,0.7570839509740649,0.6327378696617918,0.1243460813122731,13,1.1178943624793487,0.6816357154791235,0.4362586470002252,131,0.824535031634102,0.6541514338552079,0.1703835977788941,420,0.7280263863207461,0.6154312995487368,0.11259508677200936,0.1703835977788941,0.824535031634102,131
CHEMBL244_Ki,R2,D2,KNN,2476,621,0.7385006081415189,0.1,290,0.8462408048312485,0.6291199437922755,0.217120861038973,13,1.1899331441772356,0.7257887083666059,0.4641444358106297,131,0.961269954357891,0.6664461104002871,0.29482384395760386,420,0.7832135341306196,0.6349877196638832,0.14822581446673633,0.29482384395760386,0.961269954357891,131
CHEMBL262_Ki,S0,D0,SVM,683,173,0.723561156648887,0.3,32,0.6556124641459036,0.7381117503733331,-0.08249928622742952,0,,0.723561156648887,,15,0.6556361272656605,0.7296811698905861,-0.07404504262492562,69,0.6736174452715702,0.7548756735670019,-0.08125822829543172,-0.08249928622742952,0.6556124641459036,32
CHEMBL262_Ki,S0,D0,RF,683,173,0.7160510828196575,5.1,32,0.7661817866995435,0.7041771946984325,0.06200459200111097,0,,0.7160510828196575,,15,0.8054162309915848,0.7069801795141057,0.09843605147747903,69,0.6728004044738197,0.7433589113384711,-0.07055850686465137,0.06200459200111097,0.7661817866995435,32
CHEMBL262_Ki,S0,D0,GBM,683,173,0.7341612807487969,0.4,32,0.701313827359394,0.7414134349829236,-0.0400996076235296,0,,0.7341612807487969,,15,0.7410732198531577,0.733501698747399,0.0075715211057586496,69,0.694479011474205,0.7593454689413218,-0.06486645746711683,-0.0400996076235296,0.701313827359394,32
CHEMBL262_Ki,S0,D0,KNN,683,173,0.823806999922898,0.0,32,0.8828660431090248,0.8098040694110861,0.07306197369793876,0,,0.823806999922898,,15,0.9232553871272445,0.8137342493068523,0.10952113782039219,69,0.8670879919699791,0.7937905648545648,0.07329742711541432,0.07306197369793876,0.8828660431090248,32
CHEMBL262_Ki,R0,D0,SVM,683,173,0.723561156648887,0.3,32,0.6556124641459036,0.7381117503733331,-0.08249928622742952,0,,0.723561156648887,,15,0.6556361272656605,0.7296811698905861,-0.07404504262492562,69,0.6736174452715702,0.7548756735670019,-0.08125822829543172,-0.08249928622742952,0.6556124641459036,32
CHEMBL262_Ki,R0,D0,RF,683,173,0.7160510828196575,5.1,32,0.7661817866995434,0.7041771946984325,0.06200459200111086,0,,0.7160510828196575,,15,0.8054162309915844,0.7069801795141057,0.09843605147747869,69,0.67280040447382,0.7433589113384709,-0.07055850686465093,0.06200459200111086,0.7661817866995434,32
CHEMBL262_Ki,R0,D0,GBM,683,173,0.7341612807487969,0.4,32,0.701313827359394,0.7414134349829236,-0.0400996076235296,0,,0.7341612807487969,,15,0.7410732198531577,0.733501698747399,0.0075715211057586496,69,0.694479011474205,0.7593454689413218,-0.06486645746711683,-0.0400996076235296,0.701313827359394,32
CHEMBL262_Ki,R0,D0,KNN,683,173,0.823806999922898,0.0,32,0.8828660431090248,0.8098040694110861,0.07306197369793876,0,,0.823806999922898,,15,0.9232553871272445,0.8137342493068523,0.10952113782039219,69,0.8670879919699791,0.7937905648545648,0.07329742711541432,0.07306197369793876,0.8828660431090248,32
CHEMBL262_Ki,R2,D2,SVM,683,173,0.6920238467674606,0.3,26,0.7024712898261604,0.6901595400632448,0.012311749762915603,0,,0.6920238467674606,,12,0.6653133247420766,0.6939735256225065,-0.028660200880429865,60,0.661120775517863,0.7078844275222806,-0.04676365200441768,-0.028660200880429865,0.6653133247420766,12
CHEMBL262_Ki,R2,D2,RF,683,173,0.6381074418836016,4.9,26,0.7075672041700845,0.6250191644362347,0.08254803973384972,0,,0.6381074418836016,,12,0.6885984495715667,0.6341831821937652,0.054415267377801446,60,0.6863491190559824,0.6109460586552113,0.07540306040077105,0.054415267377801446,0.6885984495715667,12
CHEMBL262_Ki,R2,D2,GBM,683,173,0.6804296523997961,0.4,26,0.7766228645914113,0.6619626591687781,0.11466020542263322,0,,0.6804296523997961,,12,0.6394661453203221,0.6833845126844861,-0.04391836736416399,60,0.7063025270729825,0.6662836102375791,0.04001891683540337,-0.04391836736416399,0.6394661453203221,12
CHEMBL262_Ki,R2,D2,KNN,683,173,0.7614157053410778,0.0,26,0.8303980513544199,0.748553419407164,0.08184463194725589,0,,0.7614157053410778,,12,0.8102885158915466,0.757646777117,0.05264173877454659,60,0.8747204267842258,0.6937730055489646,0.1809474212352612,0.05264173877454659,0.8102885158915466,12
CHEMBL264_Ki,S0,D0,SVM,2288,574,0.6149665605460855,3.4,239,0.6740804402974253,0.5690517395373363,0.10502870076008897,24,0.8136836545081843,0.6048104069088117,0.20887324759937254,170,0.6805477517346358,0.58517757843009,0.09537017330454578,369,0.6292770903665122,0.5883310768805362,0.04094601348597604,0.10502870076008897,0.6740804402974253,239
CHEMBL264_Ki,S0,D0,RF,2288,574,0.659108541133407,63.5,239,0.7409341873724486,0.5938801483917037,0.14705403898074498,24,0.8260963598704207,0.6508469599531574,0.1752493999172633,170,0.7230626448479363,0.6302602118194124,0.09280243302852387,369,0.6693846395703472,0.6401960332110157,0.029188606359331515,0.14705403898074498,0.7409341873724486,239
CHEMBL264_Ki,S0,D0,GBM,2288,574,0.6521530690828344,2.4,239,0.7326465132624751,0.5880299330983043,0.14461658016417078,24,0.8758327741391386,0.640616589185731,0.23521618495340768,170,0.7176942573235785,0.6225145094653559,0.09517974785822259,369,0.6706210542578634,0.6175204241922511,0.053100630065612386,0.14461658016417078,0.7326465132624751,239
CHEMBL264_Ki,S0,D0,KNN,2288,574,0.677472307671242,0.1,239,0.8044431226983441,0.5698501541128052,0.2345929685855389,24,0.8763725994026428,0.6674447274167523,0.20892787198589047,170,0.7662020480707502,0.6364484169754687,0.12975363109528149,369,0.7141525611348974,0.6058774235899157,0.10827513754498175,0.2345929685855389,0.8044431226983441,239
CHEMBL264_Ki,R0,D0,SVM,2288,574,0.5983852979524169,3.7,238,0.6413640982084293,0.5659707422881066,0.0753933559203227,24,0.740638668946675,0.5913992567521962,0.14923941219447878,172,0.645281249833564,0.5771575840406605,0.06812366579290352,373,0.6135302387952902,0.5692137843349995,0.044316454460290755,0.0753933559203227,0.6413640982084293,238
CHEMBL264_Ki,R0,D0,RF,2288,574,0.6172977173051759,66.5,238,0.6975834618937551,0.5534260593553776,0.1441574025383775,24,0.6898347156093394,0.6139373500328221,0.07589736557651727,172,0.6656634571600831,0.5954050142037267,0.07025844295635642,373,0.6303800864030565,0.5922552726912966,0.03812481371175991,0.1441574025383775,0.6975834618937551,238
CHEMBL264_Ki,R0,D0,GBM,2288,574,0.6272898012996313,2.5,238,0.6742427499070048,0.5917817879350692,0.08246096197193564,24,0.8840035986273179,0.6136472118352926,0.27035638679202534,172,0.6528003374609715,0.6160522441868672,0.03674809327410433,373,0.6417858217844762,0.5994611166867615,0.04232470509771469,0.08246096197193564,0.6742427499070048,238
CHEMBL264_Ki,R0,D0,KNN,2288,574,0.701743194762251,0.1,238,0.7862136537140315,0.6351489821730839,0.1510646715409476,24,0.7762963279005238,0.6983087514738354,0.07798757642668841,172,0.7474463851357931,0.6812526627316876,0.06619372240410548,373,0.7263470666833005,0.6536358803626,0.0727111863207005,0.1510646715409476,0.7862136537140315,238
CHEMBL264_Ki,R2,D2,SVM,2288,574,0.5749205329697566,3.4,239,0.6244834374548899,0.5367708361310943,0.08771260132379555,15,0.5251726933069731,0.5761962776656457,-0.0510235843586726,173,0.6189208940606163,0.5548615018740272,0.06405939218658918,372,0.5937765626485869,0.5384706610854713,0.055305901563115656,0.06405939218658918,0.6189208940606163,173
CHEMBL264_Ki,R2,D2,RF,2288,574,0.5892912340268823,67.9,239,0.6669783967862979,0.5269117106768122,0.1400666861094857,15,0.4603481359264907,0.5923646873949946,-0.13201655146850388,173,0.6550882656662929,0.5585166875159874,0.09657157815030548,372,0.6115869991816325,0.5458540694814805,0.06573292970015199,0.09657157815030548,0.6550882656662929,173
CHEMBL264_Ki,R2,D2,GBM,2288,574,0.6025185588511773,2.7,239,0.651491650925998,0.5649909167813408,0.0865007341446572,15,0.47898378205561,0.6054863098866317,-0.12650252783102167,173,0.6445230165107356,0.5834639623585016,0.061059054152234005,372,0.6209483597745092,0.5670133248378507,0.05393503493665852,0.061059054152234005,0.6445230165107356,173
CHEMBL264_Ki,R2,D2,KNN,2288,574,0.6617992180419386,0.1,239,0.7457504950339158,0.5947058002597635,0.15104469477415228,15,0.5948589761465971,0.6635024318033339,-0.0686434556567368,173,0.7101496177379466,0.6398126103165266,0.07033700742142002,372,0.678106351511418,0.6306659624750357,0.04744038903638226,0.07033700742142002,0.7101496177379466,173
CHEMBL2835_Ki,S0,D0,SVM,489,126,0.41979938666390515,0.1,13,0.7426767649132227,0.3647617485551919,0.37791501635803076,2,,0.3934341057804494,,9,0.7639590124292678,0.38064802820934107,0.3833109842199267,77,0.46559907956561425,0.3354229566564787,0.13017612290913555,0.37791501635803076,0.7426767649132227,13
CHEMBL2835_Ki,S0,D0,RF,489,126,0.391080029286954,2.5,13,0.8044892514410358,0.3099707926406185,0.4945184588004173,2,,0.36171938368980106,,9,0.814856392059265,0.3370938365841572,0.47776255547510776,77,0.41641650272310976,0.34755366828857687,0.0688628344345329,0.4945184588004173,0.8044892514410358,13
CHEMBL2835_Ki,S0,D0,GBM,489,126,0.41790835370648916,0.1,13,0.8143139169719257,0.344169879648132,0.4701440373237937,2,,0.3839248372733121,,9,0.8871746075126264,0.3571236270701022,0.5300509804425242,77,0.4614122635038335,0.3384289357202067,0.1229833277836268,0.4701440373237937,0.8143139169719257,13
CHEMBL2835_Ki,S0,D0,KNN,489,126,0.4337051716522924,0.0,13,0.8442352563846426,0.3574131614324917,0.4868220949521509,2,,0.42074021381514226,,9,0.8022603074614157,0.391228918028537,0.41103138943287876,77,0.4751049299917799,0.3591321935275892,0.1159727364641907,0.4868220949521509,0.8442352563846426,13
CHEMBL2835_Ki,R0,D0,SVM,489,126,0.41979938666390515,0.1,13,0.7426767649132227,0.3647617485551919,0.37791501635803076,2,,0.3934341057804494,,9,0.7639590124292678,0.38064802820934107,0.3833109842199267,77,0.46559907956561425,0.3354229566564787,0.13017612290913555,0.37791501635803076,0.7426767649132227,13
CHEMBL2835_Ki,R0,D0,RF,489,126,0.3910800292869538,2.5,13,0.8044892514410359,0.3099707926406183,0.4945184588004176,2,,0.36171938368980094,,9,0.8148563920592646,0.33709383658415704,0.4777625554751076,77,0.41641650272310965,0.3475536682885767,0.06886283443453295,0.4945184588004176,0.8044892514410359,13
CHEMBL2835_Ki,R0,D0,GBM,489,126,0.41790835370648916,0.2,13,0.8143139169719257,0.344169879648132,0.4701440373237937,2,,0.3839248372733121,,9,0.8871746075126264,0.3571236270701022,0.5300509804425242,77,0.4614122635038335,0.3384289357202067,0.1229833277836268,0.4701440373237937,0.8143139169719257,13
CHEMBL2835_Ki,R0,D0,KNN,489,126,0.4337051716522924,0.0,13,0.8442352563846426,0.3574131614324917,0.4868220949521509,2,,0.42074021381514226,,9,0.8022603074614157,0.391228918028537,0.41103138943287876,77,0.4751049299917799,0.3591321935275892,0.1159727364641907,0.4868220949521509,0.8442352563846426,13
CHEMBL2835_Ki,R2,D2,SVM,489,126,0.39244987885658744,0.1,11,0.7418328128343267,0.34074924083693214,0.40108357199739453,1,,0.3814461463709626,,7,0.589152876447059,0.37770228095341873,0.21145059549364031,74,0.4569912431902655,0.2756773687086354,0.1813138744816301,0.21145059549364031,0.589152876447059,7
CHEMBL2835_Ki,R2,D2,RF,489,126,0.4065797073596386,2.5,11,0.8349243057148671,0.338289878320352,0.4966344273945151,1,,0.39215209144212565,,7,0.7038508573216763,0.38195480349406524,0.32189605382761105,74,0.44993477358804723,0.3353538064842861,0.11458096710376114,0.32189605382761105,0.7038508573216763,7
CHEMBL2835_Ki,R2,D2,GBM,489,126,0.4235414419274454,0.1,11,0.7841117802881745,0.3711282721872979,0.41298350810087664,1,,0.4092554632456978,,7,0.6799185809348711,0.4034179760525089,0.2765006048823622,74,0.4910264839867053,0.30258145411696175,0.18844502986974354,0.2765006048823622,0.6799185809348711,7
CHEMBL2835_Ki,R2,D2,KNN,489,126,0.48694335325784166,0.0,11,0.8764888413409413,0.4316377598683963,0.444851081472545,1,,0.47344395750985374,,7,0.7023277937096101,0.47121773394040617,0.2311100597692039,74,0.5251101241410724,0.4267843750822812,0.09832574905879121,0.2311100597692039,0.7023277937096101,7
CHEMBL287_Ki,S0,D0,SVM,1061,267,0.7142015592825836,0.7,103,0.8115336636429411,0.6456134499118262,0.16592021373111487,11,1.0086408287117925,0.698775360198945,0.30986546851284746,62,0.7930284730020104,0.6885862317599101,0.10444224124210033,169,0.7252544284112205,0.6947280259357874,0.030526402475433034,0.16592021373111487,0.8115336636429411,103
CHEMBL287_Ki,S0,D0,RF,1061,267,0.7701089579962765,6.7,103,0.8895973982380166,0.6844821829116395,0.2051152153263771,11,1.0068075947109747,0.758284524792658,0.24852306991831674,62,0.8992107384007818,0.726559374275517,0.17265136412526483,169,0.7785256227047233,0.7553742279633302,0.02315139474139305,0.2051152153263771,0.8895973982380166,103
CHEMBL287_Ki,S0,D0,GBM,1061,267,0.7451869014120769,0.9,103,0.8519284740392067,0.6695032762499022,0.18242519778930444,11,1.1084108629442964,0.7255162985538547,0.38289456439044167,62,0.8985822699814769,0.6921304450868095,0.2064518248946674,169,0.752237537870795,0.7328688202502099,0.019368717620585008,0.18242519778930444,0.8519284740392067,103
CHEMBL287_Ki,S0,D0,KNN,1061,267,0.8081942263452944,0.0,103,0.9488861534726907,0.7056343508311466,0.2432518026415441,11,1.01614828144017,0.7980453921567698,0.21810288928340027,62,0.9861267540871043,0.7460688873055539,0.2400578667815504,169,0.8264584238518667,0.7756882089001294,0.05077021495173739,0.2432518026415441,0.9488861534726907,103
CHEMBL287_Ki,R0,D0,SVM,1060,268,0.7232916053583864,0.6,104,0.8339287837526184,0.643347426943334,0.19058135680928434,11,1.104857867289712,0.7023489772288969,0.40250889006081514,60,0.8380488665440289,0.6866335304452963,0.1514153360987326,168,0.7397445787175173,0.6947740425325604,0.044970536184956944,0.19058135680928434,0.8339287837526184,104
CHEMBL287_Ki,R0,D0,RF,1060,268,0.7756192505615117,6.9,104,0.8977955385198102,0.6869737863736991,0.2108217521461111,11,1.0660962480697251,0.7607150694541419,0.3053811786155832,60,0.9292744237580026,0.7252711103658165,0.20400331339218614,168,0.7783292353217843,0.7710450343270577,0.007284200994726597,0.2108217521461111,0.8977955385198102,104
CHEMBL287_Ki,R0,D0,GBM,1060,268,0.7348158722927667,0.9,104,0.852920351987358,0.6488759743930593,0.20404437759429872,11,1.0893094500077471,0.7157353821544751,0.3735740678532721,60,0.8877006806100818,0.6843969138856488,0.20330376672443295,168,0.7509991439388629,0.7067942992793997,0.04420484465946317,0.20404437759429872,0.852920351987358,104
CHEMBL287_Ki,R0,D0,KNN,1060,268,0.7846211080343204,0.1,104,0.898228887462574,0.7031295110469966,0.1950993764155774,11,1.1038557519612426,0.7680017103323007,0.33585404162894195,60,0.9941649852594701,0.7128190069102648,0.2813459783492053,168,0.7942332998757251,0.7682019140322164,0.026031385843508725,0.1950993764155774,0.898228887462574,104
CHEMBL287_Ki,R2,D2,SVM,1060,268,0.7816848531018552,0.6,100,0.8528568018775826,0.7360605068359785,0.11679629504160416,8,1.370999264720364,0.7563049148365683,0.6146943498837957,62,0.8694511685012817,0.7532703888989463,0.11618077960233542,147,0.7717227015748699,0.7936194038067721,-0.02189670223190221,0.11618077960233542,0.8694511685012817,62
CHEMBL287_Ki,R2,D2,RF,1060,268,0.806863940842307,7.1,100,0.8443337057527994,0.7837104346868985,0.06062327106590093,8,1.246618905896512,0.7894579803894518,0.4571609255070602,62,0.8489954631290276,0.7937458811843758,0.05524958194465179,147,0.7924260350106821,0.8240639479064482,-0.03163791289576612,0.05524958194465179,0.8489954631290276,62
CHEMBL287_Ki,R2,D2,GBM,1060,268,0.8057439775760193,0.9,100,0.886575952476299,0.7535241323602659,0.133051820116033,8,1.4167914322667967,0.7793820927327618,0.6374093395340349,62,0.9037428324785414,0.7738232253830973,0.12991960709544403,147,0.8178398138729146,0.790800157040042,0.02703965683287257,0.12991960709544403,0.9037428324785414,62
CHEMBL287_Ki,R2,D2,KNN,1060,268,0.8726919488625035,0.0,100,0.871214977945344,0.8735699126344187,-0.0023549346890747724,8,1.1673906881940594,0.8620281173539144,0.30536257084014506,62,0.8547278189541353,0.8780266757361891,-0.02329885678205379,147,0.7747351156012028,0.9785928516084744,-0.20385773600727164,-0.02329885678205379,0.8547278189541353,62
CHEMBL2971_Ki,S0,D0,SVM,779,197,0.6050350616952662,0.3,34,0.6589988100757611,0.5931603111571,0.06583849891866111,2,,0.5985754017235021,,20,0.7905367113000961,0.5803579504260077,0.21017876087408838,111,0.4861453134236556,0.7304175804601878,-0.2442722670365322,0.06583849891866111,0.6589988100757611,34
CHEMBL2971_Ki,S0,D0,RF,779,197,0.6286699114698133,4.7,34,0.6280751570810004,0.6287938997575745,-0.0007187426765741245,2,,0.6274306531154139,,20,0.7668882661800575,0.6110893380119211,0.15579892816813634,111,0.47985684538351037,0.7798355985503822,-0.29997875316687184,-0.0007187426765741245,0.6280751570810004,34
CHEMBL2971_Ki,S0,D0,GBM,779,197,0.6262492219950572,0.4,34,0.6412750276490223,0.623069331481771,0.018205696167251317,2,,0.6218250893714476,,20,0.7435526184374442,0.6115814612279296,0.1319711572095147,111,0.4941180581501,0.7637126925188815,-0.2695946343687815,0.018205696167251317,0.6412750276490223,34
CHEMBL2971_Ki,S0,D0,KNN,779,197,0.6716205787934206,0.0,34,0.7939511130857514,0.6431776614715119,0.1507734516142395,2,,0.6710129830328636,,20,0.9015932593120335,0.6404633283205466,0.26112993099148685,111,0.5763455959687456,0.7775204810060254,-0.20117488503727987,0.1507734516142395,0.7939511130857514,34
CHEMBL2971_Ki,R0,D0,SVM,779,197,0.6004044817306564,0.3,34,0.6522949086430264,0.5890047636166693,0.0632901450263571,2,,0.5934622212977065,,20,0.7493369758224806,0.581181018722894,0.16815595709958664,115,0.4480091953761933,0.7645638339739539,-0.31655463859776056,0.0632901450263571,0.6522949086430264,34
CHEMBL2971_Ki,R0,D0,RF,779,197,0.6110624472293734,4.8,34,0.671385313972538,0.5977128739345449,0.07367244003799311,2,,0.609635962177462,,20,0.8026952221480502,0.5854781162056515,0.21721710594239874,115,0.49663292664837605,0.742402006335871,-0.2457690796874949,0.07367244003799311,0.671385313972538,34
CHEMBL2971_Ki,R0,D0,GBM,779,197,0.6014302180683985,0.4,34,0.6609730438553475,0.5882510425638592,0.07272200129148831,2,,0.5980095172416963,,20,0.7707283172431325,0.5791971051930727,0.19153121205005985,115,0.52720910028136,0.6922420400611909,-0.1650329397798309,0.07272200129148831,0.6609730438553475,34
CHEMBL2971_Ki,R0,D0,KNN,779,197,0.5901651469795954,0.0,34,0.6764032973208026,0.5705361117731186,0.10586718554768404,2,,0.5885787760112025,,20,0.8140608202901458,0.5592579580118775,0.2548028622782683,115,0.51616745707234,0.6805196938925558,-0.16435223682021582,0.10586718554768404,0.6764032973208026,34
CHEMBL2971_Ki,R2,D2,SVM,779,197,0.6250302668972957,0.3,30,0.6262485037447391,0.6248111702801885,0.0014373334645505498,2,,0.618351772940512,,19,0.6494683275955841,0.6223650313566101,0.027103296238974006,103,0.5275481497730758,0.7167817571947876,-0.1892336074217118,0.027103296238974006,0.6494683275955841,19
CHEMBL2971_Ki,R2,D2,RF,779,197,0.6218718471801996,4.9,30,0.6603033139447751,0.6147134627166132,0.04558985122816195,2,,0.6149371400925963,,19,0.7498915504361483,0.6066130676733167,0.14327848276283162,103,0.5157680011636062,0.720409399597066,-0.20464139843345974,0.14327848276283162,0.7498915504361483,19
CHEMBL2971_Ki,R2,D2,GBM,779,197,0.6619065568905926,0.4,30,0.6421270179842266,0.665397472156503,-0.023270454172276467,2,,0.6561156887295515,,19,0.7138594577328343,0.6561180780545093,0.057741379678325044,103,0.5630989310857275,0.7554793835509487,-0.19238045246522117,0.057741379678325044,0.7138594577328343,19
CHEMBL2971_Ki,R2,D2,KNN,779,197,0.656438304887054,0.0,30,0.7523683607649863,0.6376781017942535,0.1146902589707327,2,,0.6516325134981075,,19,0.8630078681708463,0.6304031474955014,0.23260472067534488,103,0.5644796254275369,0.7442680209968057,-0.17978839556926873,0.23260472067534488,0.8630078681708463,19
CHEMBL3979_EC50,S0,D0,SVM,899,226,0.6294551197244069,0.5,94,0.6736942524797018,0.5959528662685544,0.07774138621114746,5,0.48226335310134844,0.6323890537508455,-0.1501257006494971,46,0.6561483638552933,0.6224498905442707,0.0336984733110226,140,0.6328453825994121,0.6238966822640435,0.008948700335368653,0.07774138621114746,0.6736942524797018,94
CHEMBL3979_EC50,S0,D0,RF,899,226,0.6498794688518237,10.4,94,0.7040044542020516,0.6084076192139668,0.0955968349880848,5,0.5713631423574339,0.6515464097946999,-0.080183267437266,46,0.6855285623251504,0.6404508758280895,0.0450776864970609,140,0.6738358769953298,0.6088678089460905,0.06496806804923927,0.0955968349880848,0.7040044542020516,94
CHEMBL3979_EC50,S0,D0,GBM,899,226,0.6428928076780555,0.4,94,0.6917892905550618,0.6056708960568189,0.08611839449824288,5,0.5962047239915046,0.6439099396168297,-0.04770521562532515,46,0.6761600626293209,0.6341112365417808,0.042048826087540125,140,0.6596951398177475,0.6145583382834648,0.04513680153428268,0.08611839449824288,0.6917892905550618,94
CHEMBL3979_EC50,S0,D0,KNN,899,226,0.6828277865165818,0.0,94,0.7420081409895556,0.6373429931621155,0.10466514782744007,5,0.6523330714382475,0.6835019735177383,-0.031168902079490857,46,0.7438184396645767,0.6663462795571263,0.0774721601074504,140,0.7139506606485422,0.6288766214188287,0.08507403922971346,0.10466514782744007,0.7420081409895556,94
CHEMBL3979_EC50,R0,D0,SVM,899,226,0.6294551197244069,0.5,94,0.6736942524797018,0.5959528662685544,0.07774138621114746,5,0.48226335310134844,0.6323890537508455,-0.1501257006494971,46,0.6561483638552933,0.6224498905442707,0.0336984733110226,140,0.6328453825994121,0.6238966822640435,0.008948700335368653,0.07774138621114746,0.6736942524797018,94
CHEMBL3979_EC50,R0,D0,RF,899,226,0.6498794688518239,10.6,94,0.7040044542020517,0.6084076192139669,0.0955968349880848,5,0.5713631423574342,0.6515464097947001,-0.08018326743726589,46,0.68552856232515,0.6404508758280896,0.045077686497060454,140,0.6738358769953299,0.6088678089460907,0.06496806804923916,0.0955968349880848,0.7040044542020517,94
CHEMBL3979_EC50,R0,D0,GBM,899,226,0.6428928076780555,0.4,94,0.6917892905550618,0.6056708960568189,0.08611839449824288,5,0.5962047239915046,0.6439099396168297,-0.04770521562532515,46,0.6761600626293209,0.6341112365417808,0.042048826087540125,140,0.6596951398177475,0.6145583382834648,0.04513680153428268,0.08611839449824288,0.6917892905550618,94
CHEMBL3979_EC50,R0,D0,KNN,899,226,0.6828277865165818,0.1,94,0.7420081409895556,0.6373429931621155,0.10466514782744007,5,0.6523330714382475,0.6835019735177383,-0.031168902079490857,46,0.7438184396645767,0.6663462795571263,0.0774721601074504,140,0.7139506606485422,0.6288766214188287,0.08507403922971346,0.10466514782744007,0.7420081409895556,94
CHEMBL3979_EC50,R2,D2,SVM,899,226,0.6788218625449408,0.4,90,0.7941780763153194,0.5902137439384276,0.20396433237689182,4,,0.666587783298788,,45,0.7934508960250494,0.6471792034244201,0.14627169260062922,142,0.7235280681689349,0.5956650392106327,0.12786302895830215,0.14627169260062922,0.7934508960250494,45
CHEMBL3979_EC50,R2,D2,RF,899,226,0.6953291783081217,10.2,90,0.8573540689950307,0.5630278085591969,0.2943262604358339,4,,0.6786921797262216,,45,0.8356312743862443,0.6558049305699972,0.17982634381624707,142,0.7761922004347969,0.5313474271050497,0.2448447733297472,0.17982634381624707,0.8356312743862443,45
CHEMBL3979_EC50,R2,D2,GBM,899,226,0.666253946637157,0.4,90,0.7779342074023384,0.5806548651178469,0.1972793422844915,4,,0.6500767534113023,,45,0.7648718780976194,0.6393790672779832,0.12549281081963615,142,0.7211562985280817,0.5613619371651077,0.15979436136297398,0.12549281081963615,0.7648718780976194,45
CHEMBL3979_EC50,R2,D2,KNN,899,226,0.6914456483551379,0.0,90,0.8178621253006222,0.5931538343645095,0.22470829093611266,4,,0.6687422845862637,,45,0.8534192460272783,0.6448921392497713,0.20852710677750697,142,0.7574197314496227,0.5625909543876841,0.19482877706193857,0.20852710677750697,0.8534192460272783,45
CHEMBL4005_Ki,S0,D0,SVM,767,193,0.6461518402973585,0.3,81,0.7415459566477626,0.567251612314515,0.17429434433324753,0,,0.6461518402973585,,42,0.8210055206206592,0.5883513389998015,0.23265418162085771,138,0.7121821648639407,0.43871259131390855,0.27346957355003215,0.17429434433324753,0.7415459566477626,81
CHEMBL4005_Ki,S0,D0,RF,767,193,0.6507517443566074,17.0,81,0.734778079944715,0.5824779023935823,0.15230017755113268,0,,0.6507517443566074,,42,0.831616223888638,0.5906816630471927,0.24093456084144527,138,0.6899788327741128,0.5399234415732754,0.15005539120083733,0.15230017755113268,0.734778079944715,81
CHEMBL4005_Ki,S0,D0,GBM,767,193,0.651889778376377,0.4,81,0.7721462304623163,0.5487350774872154,0.22341115297510095,0,,0.651889778376377,,42,0.8310254918713212,0.592513968239408,0.2385115236319132,138,0.714620487846726,0.45812181191784135,0.2564986759288847,0.22341115297510095,0.7721462304623163,81
CHEMBL4005_Ki,S0,D0,KNN,767,193,0.6529272432250982,0.0,81,0.7501800965540861,0.5723870345188279,0.17779306203525824,0,,0.6529272432250982,,42,0.83526128623957,0.5923173684510328,0.2429439177885372,138,0.7176019689894733,0.4515658059488339,0.2660361630406394,0.17779306203525824,0.7501800965540861,81
CHEMBL4005_Ki,R0,D0,SVM,767,193,0.6461518402973585,0.3,81,0.7415459566477626,0.567251612314515,0.17429434433324753,0,,0.6461518402973585,,42,0.8210055206206592,0.5883513389998015,0.23265418162085771,138,0.7121821648639407,0.43871259131390855,0.27346957355003215,0.17429434433324753,0.7415459566477626,81
CHEMBL4005_Ki,R0,D0,RF,767,193,0.6507517443566075,17.0,81,0.7347780799447151,0.5824779023935827,0.15230017755113245,0,,0.6507517443566075,,42,0.8316162238886383,0.5906816630471929,0.24093456084144538,138,0.6899788327741129,0.5399234415732758,0.1500553912008371,0.15230017755113245,0.7347780799447151,81
CHEMBL4005_Ki,R0,D0,GBM,767,193,0.651889778376377,0.4,81,0.7721462304623163,0.5487350774872154,0.22341115297510095,0,,0.651889778376377,,42,0.8310254918713212,0.592513968239408,0.2385115236319132,138,0.714620487846726,0.45812181191784135,0.2564986759288847,0.22341115297510095,0.7721462304623163,81
CHEMBL4005_Ki,R0,D0,KNN,767,193,0.6529272432250982,0.0,81,0.7501800965540861,0.5723870345188279,0.17779306203525824,0,,0.6529272432250982,,42,0.83526128623957,0.5923173684510328,0.2429439177885372,138,0.7176019689894733,0.4515658059488339,0.2660361630406394,0.17779306203525824,0.7501800965540861,81
CHEMBL4005_Ki,R2,D2,SVM,767,193,0.672058520809072,0.4,85,0.7436505098401329,0.6098309239263722,0.13381958591376075,1,,0.6691416374252357,,40,0.755682210195151,0.6484202440786926,0.10726196611645844,130,0.6968347365373472,0.617800347685384,0.07903438885196312,0.10726196611645844,0.755682210195151,40
CHEMBL4005_Ki,R2,D2,RF,767,193,0.7112079823446039,16.9,85,0.7485006552714042,0.6804214151772481,0.06807924009415611,1,,0.7081277416239058,,40,0.798376006521317,0.6865965667603424,0.1117794397609746,130,0.7224065216173556,0.6875235932378185,0.034882928379537104,0.1117794397609746,0.798376006521317,40
CHEMBL4005_Ki,R2,D2,GBM,767,193,0.6781673369353554,0.4,85,0.7346092555575278,0.6302005586053367,0.10440869695219102,1,,0.6735165075554189,,40,0.7644324032054683,0.6537400437571602,0.11069235944830813,130,0.702807621120365,0.6242557348792108,0.07855188624115417,0.11069235944830813,0.7644324032054683,40
CHEMBL4005_Ki,R2,D2,KNN,767,193,0.7004339846747888,0.0,85,0.7541065151557614,0.655106613688562,0.09899990146719939,1,,0.6962401592280957,,40,0.745383480722573,0.6881985467231061,0.05718493399946689,130,0.7255773016000758,0.6454626042753215,0.08011469732475429,0.05718493399946689,0.745383480722573,40
CHEMBL4203_Ki,S0,D0,SVM,582,149,0.8797941038022103,0.2,13,1.0014326106993654,0.8672740320150831,0.13415857868428227,0,,0.8797941038022103,,7,0.9861847465341891,0.8742146963619798,0.11197005017220929,29,0.9737091922180461,0.855552618479217,0.11815657373882904,0.13415857868428227,1.0014326106993654,13
CHEMBL4203_Ki,S0,D0,RF,582,149,0.8888211179805363,4.0,13,1.0462284325071012,0.8722887526865741,0.17393967982052705,0,,0.8888211179805363,,7,1.0588723543552423,0.8795884494824305,0.17928390487281176,29,0.8694074671050034,0.8934494623535288,-0.02404199524852546,0.17393967982052705,1.0462284325071012,13
CHEMBL4203_Ki,S0,D0,GBM,582,149,0.9192102324595454,0.6,13,1.1330243807414495,0.8961047037516873,0.23691967698976224,0,,0.9192102324595454,,7,1.1832923642793767,0.9041995313409373,0.27909283293843934,29,0.9958906593101542,0.8996991270861803,0.09619153222397392,0.23691967698976224,1.1330243807414495,13
CHEMBL4203_Ki,S0,D0,KNN,582,149,0.9751818907675234,0.0,13,1.1039349080465088,0.9619726922121214,0.1419622158343874,0,,0.9751818907675234,,7,1.1189689211876725,0.967541308817042,0.15142761237063052,29,0.929342349740955,0.9859400734173206,-0.05659772367636562,0.1419622158343874,1.1039349080465088,13
CHEMBL4203_Ki,R0,D0,SVM,582,149,0.8004873634861873,0.2,13,1.1530266522596229,0.7582541230439367,0.3947725292156862,0,,0.8004873634861873,,8,1.1796017884561216,0.7734262897089577,0.40617549874716397,36,0.952787275746373,0.7454599667223818,0.2073273090239912,0.3947725292156862,1.1530266522596229,13
CHEMBL4203_Ki,R0,D0,RF,582,149,0.7735747337064753,4.2,13,1.14483469531525,0.7282425369206217,0.41659215839462826,0,,0.7735747337064753,,8,1.1241008076122843,0.7487836065953184,0.37531720101696586,36,0.8495753514230342,0.7477414040412528,0.10183394738178142,0.41659215839462826,1.14483469531525,13
CHEMBL4203_Ki,R0,D0,GBM,582,149,0.8323853577503371,0.6,13,1.252851413227607,0.7804206329933321,0.47243078023427487,0,,0.8323853577503371,,8,1.2768471373525072,0.7997971076424887,0.47705002971001853,36,0.9388112054653818,0.7954947752035871,0.14331643026179464,0.47243078023427487,1.252851413227607,13
CHEMBL4203_Ki,R0,D0,KNN,582,149,0.8172626497784534,0.1,13,1.2185594466589833,0.768001057674708,0.45055838898427525,0,,0.8172626497784534,,8,1.197699451031692,0.7902057626358023,0.40749368839588973,36,0.9114357310202316,0.7848909188944616,0.12654481212576996,0.45055838898427525,1.2185594466589833,13
CHEMBL4203_Ki,R2,D2,SVM,582,149,0.8087688851636996,0.2,11,0.9514833376174507,0.7962931938200514,0.15519014379739937,0,,0.8087688851636996,,8,0.9175630150721327,0.8021539453543522,0.11540906971778042,30,1.0001922090694384,0.7528680494120497,0.24732415965738874,0.11540906971778042,0.9175630150721327,8
CHEMBL4203_Ki,R2,D2,RF,582,149,0.7916887244810712,4.0,11,0.9971914664840071,0.7729605489163435,0.22423091756766367,0,,0.7916887244810712,,8,1.0659270102266476,0.7732187551387075,0.2927082550879401,30,0.8506177738730172,0.7761268117234167,0.07449096214960049,0.2927082550879401,1.0659270102266476,8
CHEMBL4203_Ki,R2,D2,GBM,582,149,0.8387512913075194,0.6,11,1.0829365116221195,0.816149448171494,0.2667870634506254,0,,0.8387512913075194,,8,1.138911990053135,0.8184273598094599,0.32048463024367513,30,0.957680018380328,0.8060043843516005,0.15167563402872752,0.32048463024367513,1.138911990053135,8
CHEMBL4203_Ki,R2,D2,KNN,582,149,0.8647699501813171,0.0,11,0.9307870457822073,0.8592894906789478,0.0714975551032595,0,,0.8647699501813171,,8,1.0650183569297411,0.8519985688188227,0.21301978811091837,30,0.9959706972450587,0.8284211167298546,0.16754958051520408,0.21301978811091837,1.0650183569297411,8
CHEMBL4616_EC50,S0,D0,SVM,543,139,0.6352677784491159,0.2,73,0.6924300372159676,0.5653508280144695,0.12707920920149818,5,1.167443326259583,0.6064389345328209,0.561004391726762,43,0.7197882474125613,0.5935193910830162,0.1262688563295451,89,0.649564716393166,0.6089893487899058,0.04057536760326019,0.12707920920149818,0.6924300372159676,73
CHEMBL4616_EC50,S0,D0,RF,543,139,0.7117560782674578,1.6,73,0.7945482872896311,0.6071734535409119,0.18737483374871922,5,1.057387533511743,0.6955433900540346,0.36184414345770843,43,0.8237081442273518,0.6554392117034102,0.1682689325239416,89,0.7336187746623424,0.6710805360959818,0.06253823856636054,0.18737483374871922,0.7945482872896311,73
CHEMBL4616_EC50,S0,D0,GBM,543,139,0.6880854341610118,0.1,73,0.771317684170331,0.5823306970793232,0.1889869870910078,5,1.0141284659878365,0.6728690784717467,0.34125938751608975,43,0.793625314632338,0.635150806180814,0.158474508451524,89,0.723634592268647,0.619783388540819,0.10385120372782797,0.1889869870910078,0.771317684170331,73
CHEMBL4616_EC50,S0,D0,KNN,543,139,0.7440938609465821,0.0,73,0.8347117043053899,0.6288353078781124,0.2058763964272775,5,0.9294715023515707,0.7362740622906156,0.19319744006095507,43,0.8763424322524717,0.6765256535657846,0.199816778686687,89,0.7683981761331614,0.698743676770416,0.06965449936274537,0.2058763964272775,0.8347117043053899,73
CHEMBL4616_EC50,R0,D0,SVM,543,139,0.6352677784491159,0.2,73,0.6924300372159676,0.5653508280144695,0.12707920920149818,5,1.167443326259583,0.6064389345328209,0.561004391726762,43,0.7197882474125613,0.5935193910830162,0.1262688563295451,89,0.649564716393166,0.6089893487899058,0.04057536760326019,0.12707920920149818,0.6924300372159676,73
CHEMBL4616_EC50,R0,D0,RF,543,139,0.7117560782674579,1.7,73,0.7945482872896311,0.607173453540912,0.1873748337487191,5,1.0573875335117426,0.6955433900540348,0.3618441434577079,43,0.823708144227352,0.6554392117034101,0.16826893252394182,89,0.7336187746623426,0.6710805360959815,0.06253823856636109,0.1873748337487191,0.7945482872896311,73
CHEMBL4616_EC50,R0,D0,GBM,543,139,0.6880854341610118,0.2,73,0.771317684170331,0.5823306970793232,0.1889869870910078,5,1.0141284659878365,0.6728690784717467,0.34125938751608975,43,0.793625314632338,0.635150806180814,0.158474508451524,89,0.723634592268647,0.619783388540819,0.10385120372782797,0.1889869870910078,0.771317684170331,73
CHEMBL4616_EC50,R0,D0,KNN,543,139,0.7440938609465821,0.0,73,0.8347117043053899,0.6288353078781124,0.2058763964272775,5,0.9294715023515707,0.7362740622906156,0.19319744006095507,43,0.8763424322524717,0.6765256535657846,0.199816778686687,89,0.7683981761331614,0.698743676770416,0.06965449936274537,0.2058763964272775,0.8347117043053899,73
CHEMBL4616_EC50,R2,D2,SVM,543,139,0.6373887708094744,0.2,70,0.67084915937102,0.6015445849775546,0.06930457439346538,3,,0.6383797274598171,,39,0.655673600761479,0.6301138858787542,0.025559714882724793,92,0.6611849166227872,0.5880283035454507,0.07315661307733656,0.025559714882724793,0.655673600761479,39
CHEMBL4616_EC50,R2,D2,RF,543,139,0.6300931454267301,1.6,70,0.6293565098463504,0.6308395779216448,-0.0014830680752944136,3,,0.6324003313894505,,39,0.6686735995872566,0.6143904602725954,0.05428313931466122,92,0.6632448609945183,0.5595436989291658,0.10370116206535251,0.05428313931466122,0.6686735995872566,39
CHEMBL4616_EC50,R2,D2,GBM,543,139,0.6667137104199009,0.2,70,0.6885346508255958,0.6438212381731458,0.04471341265244999,3,,0.6683090256036079,,39,0.7317774808264781,0.6395472139307232,0.09223026689575486,92,0.6940057770656535,0.609765339408286,0.08424043765736744,0.09223026689575486,0.7317774808264781,39
CHEMBL4616_EC50,R2,D2,KNN,543,139,0.6427247367351616,0.0,70,0.6612813656777353,0.6233349298695225,0.037946435808212775,3,,0.6444200290162757,,39,0.66802095032851,0.6325850892119881,0.03543586111652197,92,0.6671029773645264,0.5921074863026579,0.07499549106186854,0.03543586111652197,0.66802095032851,39
CHEMBL4792_Ki,S0,D0,SVM,1174,297,0.6333949977520885,0.9,160,0.6381410448509179,0.6278067510556324,0.010334293795285499,0,,0.6333949977520885,,95,0.6526959408722336,0.6241114877108871,0.0285844531613465,241,0.6061961122396311,0.7391118125169543,-0.13291570027732325,0.010334293795285499,0.6381410448509179,160
CHEMBL4792_Ki,S0,D0,RF,1174,297,0.7059033944765013,16.4,160,0.718655111926103,0.6907129222366909,0.02794218968941209,0,,0.7059033944765013,,95,0.7633698469094419,0.677193163106055,0.08617668380338683,241,0.6900925180412096,0.7702517002812824,-0.08015918224007279,0.02794218968941209,0.718655111926103,160
CHEMBL4792_Ki,S0,D0,GBM,1174,297,0.6696917627594753,1.0,160,0.6893151879467303,0.6460197474304192,0.04329544051631107,0,,0.6696917627594753,,95,0.7185199639306259,0.6454521663113383,0.07306779761928761,241,0.6485018536002323,0.7541194524246773,-0.10561759882444499,0.04329544051631107,0.6893151879467303,160
CHEMBL4792_Ki,S0,D0,KNN,1174,297,0.7042267970282482,0.1,160,0.7351873895532126,0.6662496009204424,0.06893778863277022,0,,0.7042267970282482,,95,0.7712619786958019,0.6703868012018243,0.10087517749397767,241,0.717738402960408,0.6428457979334626,0.07489260502694539,0.06893778863277022,0.7351873895532126,160
CHEMBL4792_Ki,R0,D0,SVM,1174,297,0.6333949977520885,0.8,160,0.6381410448509179,0.6278067510556324,0.010334293795285499,0,,0.6333949977520885,,95,0.6526959408722336,0.6241114877108871,0.0285844531613465,241,0.6061961122396311,0.7391118125169543,-0.13291570027732325,0.010334293795285499,0.6381410448509179,160
CHEMBL4792_Ki,R0,D0,RF,1174,297,0.7059033944765014,16.1,160,0.718655111926103,0.690712922236691,0.027942189689411978,0,,0.7059033944765014,,95,0.7633698469094419,0.6771931631060552,0.08617668380338672,241,0.6900925180412096,0.7702517002812826,-0.08015918224007301,0.027942189689411978,0.718655111926103,160
CHEMBL4792_Ki,R0,D0,GBM,1174,297,0.6696917627594753,0.9,160,0.6893151879467303,0.6460197474304192,0.04329544051631107,0,,0.6696917627594753,,95,0.7185199639306259,0.6454521663113383,0.07306779761928761,241,0.6485018536002323,0.7541194524246773,-0.10561759882444499,0.04329544051631107,0.6893151879467303,160
CHEMBL4792_Ki,R0,D0,KNN,1174,297,0.7042267970282482,0.1,160,0.7351873895532126,0.6662496009204424,0.06893778863277022,0,,0.7042267970282482,,95,0.7712619786958019,0.6703868012018243,0.10087517749397767,241,0.717738402960408,0.6428457979334626,0.07489260502694539,0.06893778863277022,0.7351873895532126,160
CHEMBL4792_Ki,R2,D2,SVM,1174,297,0.6026742179008147,0.8,156,0.658063472847015,0.5347485648165683,0.12331490803044676,0,,0.6026742179008147,,92,0.6723576496780489,0.5686323035122863,0.10372534616576257,242,0.583717051463721,0.6798344847350237,-0.09611743327130273,0.10372534616576257,0.6723576496780489,92
CHEMBL4792_Ki,R2,D2,RF,1174,297,0.6931228937478202,16.7,156,0.746267947312413,0.6291143907118006,0.11715355660061233,0,,0.6931228937478202,,92,0.759123315250084,0.6613654412122196,0.0977578740378644,242,0.6868554911855379,0.7200516773996877,-0.03319618621414977,0.0977578740378644,0.759123315250084,92
CHEMBL4792_Ki,R2,D2,GBM,1174,297,0.6607450255291897,0.9,156,0.7267634241036846,0.578997501325222,0.14776592277846257,0,,0.6607450255291897,,92,0.7167144001648051,0.6340228809176361,0.082691519247169,242,0.6648640018762665,0.6423078070149926,0.022556194861273915,0.082691519247169,0.7167144001648051,92
CHEMBL4792_Ki,R2,D2,KNN,1174,297,0.7172615669387198,0.0,156,0.7790869407983128,0.6419580319775458,0.137128908820767,0,,0.7172615669387198,,92,0.7996579889928257,0.6770314955201069,0.12262649347271881,242,0.7253420273496239,0.6805687253947077,0.044773301954916245,0.12262649347271881,0.7996579889928257,92
