dataset,arm,descriptor,model,rmse_all,n_D0,rmse_D0,gap_D0,n_D1,rmse_D1,gap_D1,n_D2,rmse_D2,gap_D2,n_D3,rmse_D3,gap_D3
CHEMBL1862_Ki,S0,MACCS,SVM,0.8904830827076893,67,0.8592195112542337,-0.052893316102663235,1,,,39,0.9022141470220782,0.015513895036123437,94,0.8408042517256334,-0.11503492150955386
CHEMBL1862_Ki,S0,MACCS,RF,0.8700290940122856,67,0.8444416692517851,-0.04337524711856955,1,,,39,0.8587668229068228,-0.01483188051646811,94,0.8059262248088357,-0.14679528959418275
CHEMBL1862_Ki,S0,MACCS,GBM,0.8865352445302674,67,0.823627502889907,-0.10514903993559865,1,,,39,0.8343971796572427,-0.06817008600508323,94,0.7879774555476722,-0.22072872687345768
CHEMBL1862_Ki,S0,MACCS,KNN,1.0611525604412948,67,0.8819006202738628,-0.2904040866433706,1,,,39,0.9454506752878789,-0.15011416744379158,94,0.8467004204337902,-0.4571655603235403
CHEMBL1862_Ki,S0,PHYSCHEM,SVM,0.9514658966347572,67,0.9004812978683608,-0.08571709669112304,1,,,39,0.8823864938356064,-0.09012770889375576,94,0.8750592160063857,-0.17426730847186422
CHEMBL1862_Ki,S0,PHYSCHEM,RF,0.9213960453897085,67,0.9462260260475552,0.04294447385910549,1,,,39,0.9887543843281462,0.0899550750607283,94,0.8931010847560941,-0.06658714814204048
CHEMBL1862_Ki,S0,PHYSCHEM,GBM,0.9254463599803726,67,0.9056089310207517,-0.03372118615456354,1,,,39,0.89548586130418,-0.03933551732663476,94,0.8841654366953571,-0.09627190532718588
CHEMBL1862_Ki,S0,PHYSCHEM,KNN,0.9792978847905925,67,0.9552557361498099,-0.04082442145442877,1,,,39,1.0223152414464451,0.05717314611882496,94,0.8718682165952725,-0.2408025404074241
CHEMBL1862_Ki,R0,MACCS,SVM,0.8904830827076893,67,0.8592195112542337,-0.052893316102663235,1,,,39,0.9022141470220782,0.015513895036123437,94,0.8408042517256334,-0.11503492150955386
CHEMBL1862_Ki,R0,MACCS,RF,0.8700290940122853,67,0.8444416692517848,-0.04337524711856988,1,,,39,0.8587668229068227,-0.01483188051646811,94,0.8059262248088354,-0.1467952895941831
CHEMBL1862_Ki,R0,MACCS,GBM,0.8865352445302674,67,0.823627502889907,-0.10514903993559865,1,,,39,0.8343971796572427,-0.06817008600508323,94,0.7879774555476722,-0.22072872687345768
CHEMBL1862_Ki,R0,MACCS,KNN,1.0611525604412948,67,0.8819006202738628,-0.2904040866433706,1,,,39,0.9454506752878789,-0.15011416744379158,94,0.8467004204337902,-0.4571655603235403
CHEMBL1862_Ki,R0,PHYSCHEM,SVM,0.9514658966347572,67,0.9004812978683608,-0.08571709669112304,1,,,39,0.8823864938356064,-0.09012770889375576,94,0.8750592160063857,-0.17426730847186422
CHEMBL1862_Ki,R0,PHYSCHEM,RF,0.9213960453897085,67,0.9462260260475553,0.042944473859105936,1,,,39,0.9887543843281464,0.08995507506072875,94,0.8931010847560942,-0.06658714814204025
CHEMBL1862_Ki,R0,PHYSCHEM,GBM,0.9254463599803726,67,0.9056089310207517,-0.03372118615456354,1,,,39,0.89548586130418,-0.03933551732663476,94,0.8841654366953571,-0.09627190532718588
CHEMBL1862_Ki,R0,PHYSCHEM,KNN,0.9792978847905925,67,0.9552557361498099,-0.04082442145442877,1,,,39,1.0223152414464451,0.05717314611882496,94,0.8718682165952725,-0.2408025404074241
CHEMBL1862_Ki,R2,MACCS,SVM,0.7910172821097874,67,0.8263452654082917,0.061503969865082,0,,,37,0.8250007296518063,0.044410210367606506,93,0.7912471902543574,0.000544449574479966
CHEMBL1862_Ki,R2,MACCS,RF,0.7819996781935672,67,0.8076341414833901,0.04443121656297211,0,,,37,0.8117638348816217,0.0388673994191896,93,0.7873728732315973,0.012782173834599897
CHEMBL1862_Ki,R2,MACCS,GBM,0.7651453655877092,67,0.765826833900855,0.001167566441203638,0,,,37,0.7687812762680825,0.004724171125483956,93,0.7390259222014713,-0.06046123082928134
CHEMBL1862_Ki,R2,MACCS,KNN,0.8705139629149213,67,0.8489352274509815,-0.0366384280336971,0,,,37,0.8121772137369,-0.0750009265347511,93,0.8021330424471628,-0.1540165908581259
CHEMBL1862_Ki,R2,PHYSCHEM,SVM,1.0411358182144779,67,0.8669360287900875,-0.2823581083296348,0,,,37,0.8481250571637932,-0.24401502284645404,93,0.9025404802984959,-0.3026095828455103
CHEMBL1862_Ki,R2,PHYSCHEM,RF,1.0259543999555258,67,0.9124219370919172,-0.18732342676574965,0,,,37,0.8846366870056125,-0.17985711531055804,93,0.9755244775645334,-0.1156332101853238
CHEMBL1862_Ki,R2,PHYSCHEM,GBM,1.0629104911627822,67,0.8765332508159303,-0.3013550801553042,0,,,37,0.8526643001816262,-0.2653481411129498,93,0.9812225049113241,-0.18417439467605057
CHEMBL1862_Ki,R2,PHYSCHEM,KNN,0.9870618586492051,67,0.9125967330422865,-0.12428213383965836,0,,,37,0.906004302541433,-0.10398471329045011,93,0.8874948529975104,-0.22135781019682765
CHEMBL1871_Ki,S0,MACCS,SVM,0.6701797120254956,32,0.890552650602551,0.3063976158899355,2,,,12,0.8900340528891726,0.24551780250335975,56,0.7064095625830575,0.06349888277054327
CHEMBL1871_Ki,S0,MACCS,RF,0.70017945324398,32,0.9040773259478343,0.28147774904357015,2,,,12,0.8276248678432544,0.1412581286528115,56,0.7486385576538273,0.08543028020576293
CHEMBL1871_Ki,S0,MACCS,GBM,0.6575964173058311,32,0.8631880282130328,0.28496361511929835,2,,,12,0.8349683707941676,0.19747865839601642,56,0.7024470555384635,0.07903786004077928
CHEMBL1871_Ki,S0,MACCS,KNN,0.697670275118963,32,0.9290434904379206,0.3218660517833889,2,,,12,0.8196661707714026,0.1351689918201714,56,0.7952074936069816,0.1769822289679378
CHEMBL1871_Ki,S0,PHYSCHEM,SVM,0.7947150042076533,32,1.0385691888033532,0.3376271828493891,2,,,12,0.9745585505314139,0.19978482756585936,56,0.8707297062345829,0.13541966098394276
CHEMBL1871_Ki,S0,PHYSCHEM,RF,0.7492528347095369,32,1.0723054004059607,0.4584933747693526,2,,,12,0.8914677223781254,0.157690618919072,56,0.873975177551443,0.22897201349384122
CHEMBL1871_Ki,S0,PHYSCHEM,GBM,0.7321761706834587,32,1.0484207369188727,0.4489027337256172,2,,,12,0.9246157158215415,0.21417824983461597,56,0.8532188934174726,0.2221030548273869
CHEMBL1871_Ki,S0,PHYSCHEM,KNN,0.796667399201412,32,1.0408965626184299,0.33812838274826706,2,,,12,0.9376026766428963,0.15616960223822884,56,0.8609196184136225,0.11378188681203094
CHEMBL1871_Ki,R0,MACCS,SVM,0.6701797120254956,32,0.890552650602551,0.3063976158899355,2,,,12,0.8900340528891726,0.24551780250335975,56,0.7064095625830575,0.06349888277054327
CHEMBL1871_Ki,R0,MACCS,RF,0.7001794532439799,32,0.9040773259478343,0.28147774904357026,2,,,12,0.8276248678432545,0.14125812865281173,56,0.7486385576538271,0.08543028020576282
CHEMBL1871_Ki,R0,MACCS,GBM,0.6575964173058311,32,0.8631880282130328,0.28496361511929835,2,,,12,0.8349683707941676,0.19747865839601642,56,0.7024470555384635,0.07903786004077928
CHEMBL1871_Ki,R0,MACCS,KNN,0.697670275118963,32,0.9290434904379206,0.3218660517833889,2,,,12,0.8196661707714026,0.1351689918201714,56,0.7952074936069816,0.1769822289679378
CHEMBL1871_Ki,R0,PHYSCHEM,SVM,0.7947150042076533,32,1.0385691888033532,0.3376271828493891,2,,,12,0.9745585505314139,0.19978482756585936,56,0.8707297062345829,0.13541966098394276
CHEMBL1871_Ki,R0,PHYSCHEM,RF,0.7492528347095369,32,1.072305400405961,0.4584933747693529,2,,,12,0.8914677223781257,0.1576906189190722,56,0.873975177551443,0.22897201349384122
CHEMBL1871_Ki,R0,PHYSCHEM,GBM,0.7321761706834587,32,1.0484207369188727,0.4489027337256172,2,,,12,0.9246157158215415,0.21417824983461597,56,0.8532188934174726,0.2221030548273869
CHEMBL1871_Ki,R0,PHYSCHEM,KNN,0.796667399201412,32,1.0408965626184299,0.33812838274826706,2,,,12,0.9376026766428963,0.15616960223822884,56,0.8609196184136225,0.11378188681203094
CHEMBL1871_Ki,R2,MACCS,SVM,0.6399142824446423,37,0.7990273934047804,0.23143851558993533,2,,,13,0.7636529631195097,0.1384882398056051,50,0.7082981083056443,0.11280523323329605
CHEMBL1871_Ki,R2,MACCS,RF,0.7062989764920212,37,0.8439605043832245,0.19785369087749172,2,,,13,0.7957336209353019,0.09972665803776537,50,0.7513176291877356,0.07323300420545109
CHEMBL1871_Ki,R2,MACCS,GBM,0.6555635214504185,37,0.8065599001390279,0.21872467158601705,2,,,13,0.7943228627811959,0.15545778840884483,50,0.7266553627754512,0.11733380118252723
CHEMBL1871_Ki,R2,MACCS,KNN,0.6724060968430076,37,0.7930949919652966,0.17288196850784388,2,,,13,0.763313184126023,0.10141631509118343,50,0.7314317102431885,0.09676084336529533
CHEMBL1871_Ki,R2,PHYSCHEM,SVM,0.7755547939909516,37,0.9786322949323765,0.29628236267277686,2,,,13,0.8533366592059646,0.08660787174894757,50,0.8801413833510813,0.17415862335756904
CHEMBL1871_Ki,R2,PHYSCHEM,RF,0.728179995327317,37,1.0367444155057737,0.46884054880737425,2,,,13,0.8014988193786589,0.08164016990041567,50,0.9022116066401795,0.30108479773893393
CHEMBL1871_Ki,R2,PHYSCHEM,GBM,0.7373601799715268,37,0.9906203401456368,0.37680479031670033,2,,,13,0.7826744698063888,0.050349555142710334,50,0.8977463330620225,0.2751712203178356
CHEMBL1871_Ki,R2,PHYSCHEM,KNN,0.7080690045693624,37,0.8930883767266729,0.2699022133376938,2,,,13,0.7468427326774177,0.04306657223134813,50,0.7967714072591895,0.147227280767953
CHEMBL2034_Ki,S0,MACCS,SVM,0.6807995496710463,52,0.8602413681649889,0.2948265728121774,0,,,27,0.7769895498074443,0.11881063464993069,83,0.7166988368879188,0.08176610524152816
CHEMBL2034_Ki,S0,MACCS,RF,0.706904482848852,52,0.830896501011927,0.19799609560809783,0,,,27,0.7475398971328427,0.04972335484816037,83,0.762490511957791,0.12887880042991373
CHEMBL2034_Ki,S0,MACCS,GBM,0.7008726408354848,52,0.8729446895288853,0.28099767072304704,0,,,27,0.7692380592019044,0.08402755407792617,83,0.7434467816127127,0.09749366042134011
CHEMBL2034_Ki,S0,MACCS,KNN,0.7442967564761268,52,0.9026058839083833,0.2557647849366155,0,,,27,0.8449883671327281,0.12428615188643621,83,0.7647928117624778,0.04592457032391595
CHEMBL2034_Ki,S0,PHYSCHEM,SVM,0.7595217351523635,52,0.9063333450874097,0.2357377175146903,0,,,27,0.7633892814878646,0.004705525551460199,83,0.83528146286807,0.17836683322440405
CHEMBL2034_Ki,S0,PHYSCHEM,RF,0.7106572519685717,52,0.8267288057473013,0.18466852838421244,0,,,27,0.6758523376762765,-0.04210122406783623,83,0.7874887730023845,0.18203498684749742
CHEMBL2034_Ki,S0,PHYSCHEM,GBM,0.7273438356930172,52,0.8735640313330206,0.23535965706786133,0,,,27,0.72074116802523,-0.008020987765004817,83,0.8188219909644648,0.21974719924466912
CHEMBL2034_Ki,S0,PHYSCHEM,KNN,0.7818778812164769,52,0.9106048414893158,0.2048842311148591,0,,,27,0.8000288370688577,0.022127180411519065,83,0.7833912715007951,0.0033377354457673203
CHEMBL2034_Ki,R0,MACCS,SVM,0.6932702003105584,50,0.8611088250024953,0.26825752762035804,0,,,25,0.8242204050370122,0.15999465176846972,81,0.7105944091006768,0.037927418547629266
CHEMBL2034_Ki,R0,MACCS,RF,0.7257837923950197,50,0.8801178574165626,0.244455678613535,0,,,25,0.8263843718870524,0.12226778670648697,81,0.7634006801206565,0.0837384674034578
CHEMBL2034_Ki,R0,MACCS,GBM,0.7072366030538269,50,0.8533629042650676,0.2310364387416246,0,,,25,0.8168633327931787,0.13346564182838738,81,0.7323501730900006,0.055335226435567986
CHEMBL2034_Ki,R0,MACCS,KNN,0.756865284490371,50,0.9219322963758254,0.26188694889507,0,,,25,0.90268912052972,0.1782385203713246,81,0.759966026549437,0.006704673625521518
CHEMBL2034_Ki,R0,PHYSCHEM,SVM,0.7913913094278012,50,0.9615925338737881,0.2697853092498841,0,,,25,0.9003939082657951,0.1324674012143494,81,0.8505522619067919,0.13368646722134547
CHEMBL2034_Ki,R0,PHYSCHEM,RF,0.7348770496092913,50,0.8574887595797922,0.19161378734047063,0,,,25,0.7782238756143001,0.05225503215975791,81,0.7855697907558951,0.11411109724492796
CHEMBL2034_Ki,R0,PHYSCHEM,GBM,0.7524534932985657,50,0.8715187124880919,0.18561480006134368,0,,,25,0.7954110645236104,0.05177586979887694,81,0.8230010982763915,0.16150571693776394
CHEMBL2034_Ki,R0,PHYSCHEM,KNN,0.795168428166395,50,0.9562229130678327,0.25432940454293607,0,,,25,0.8786413830395837,0.10109972283634816,81,0.8202828807293695,0.0552036799346004
CHEMBL2034_Ki,R2,MACCS,SVM,0.5897085655993888,50,0.5746162730236266,-0.022422558344941113,0,,,24,0.5350115058432157,-0.06447311250840293,74,0.5840342472575006,-0.011076578367763767
CHEMBL2034_Ki,R2,MACCS,RF,0.6380226663535284,50,0.5739600233598081,-0.0935053012792747,0,,,24,0.4451803021984211,-0.22306195257221173,74,0.5973738539877775,-0.07741040931635312
CHEMBL2034_Ki,R2,MACCS,GBM,0.601869886306473,50,0.6256561069340062,0.03591650036446303,0,,,24,0.5436707971137591,-0.0685761354121901,74,0.6020688440760347,0.00039022593239246284
CHEMBL2034_Ki,R2,MACCS,KNN,0.6657020004029816,50,0.6545448056870847,-0.016611924631335873,0,,,24,0.5636997336137995,-0.11956970403630574,74,0.6517623629995173,-0.027066489018191087
CHEMBL2034_Ki,R2,PHYSCHEM,SVM,0.7298595825622463,50,0.7565933177559382,0.040337416494319434,0,,,24,0.663836747314992,-0.07783961045590415,74,0.7596653915989989,0.05964521548302226
CHEMBL2034_Ki,R2,PHYSCHEM,RF,0.7551851396775193,50,0.786113257620549,0.04671765762002689,0,,,24,0.5315863560118469,-0.2587787374390753,74,0.7775257185133914,0.0444520267182138
CHEMBL2034_Ki,R2,PHYSCHEM,GBM,0.736522794529032,50,0.7988786765116773,0.09526718051802763,0,,,24,0.5541471743826691,-0.2119783764543579,74,0.7785825674735377,0.08487972686431644
CHEMBL2034_Ki,R2,PHYSCHEM,KNN,0.7606976566501289,50,0.785409918279441,0.03724806080330256,0,,,24,0.6104175505319427,-0.17545760527746557,74,0.8059479487376986,0.09143290531578085
CHEMBL2047_EC50,S0,MACCS,SVM,0.6946504592794109,50,0.7363490830656401,0.06979915661420821,0,,,23,0.7144845994715316,0.02425485326494825,80,0.7007676594585869,0.016434036654270234
CHEMBL2047_EC50,S0,MACCS,RF,0.6712308969553475,50,0.6982114032517899,0.0448614636606145,0,,,23,0.7318892371981421,0.07469248690614128,80,0.6967627001559107,0.07039325789970086
CHEMBL2047_EC50,S0,MACCS,GBM,0.6834771654659993,50,0.7399362103947162,0.09524613579262353,0,,,23,0.7674744113317017,0.10381455715944166,80,0.6965689207012762,0.03548723657220376
CHEMBL2047_EC50,S0,MACCS,KNN,0.6809579635255936,50,0.6746456273751079,-0.010328109989349743,0,,,23,0.7160943547995637,0.043077805926833856,80,0.6610323797179015,-0.051898413915868136
CHEMBL2047_EC50,S0,PHYSCHEM,SVM,0.753256362226353,50,0.6889935928378337,-0.10271804122191874,0,,,23,0.6987116988324179,-0.06597325945371468,80,0.6877020838095842,-0.1636674790117184
CHEMBL2047_EC50,S0,PHYSCHEM,RF,0.8066624044928447,50,0.8940960250232627,0.148856802037863,0,,,23,0.945971380757859,0.17316992511653684,80,0.7350602333222318,-0.17855276744610082
CHEMBL2047_EC50,S0,PHYSCHEM,GBM,0.8072281514711793,50,0.864588780101287,0.09637969900556931,0,,,23,0.9261676801460327,0.14741457555023718,80,0.7269874255304453,-0.1986447411217468
CHEMBL2047_EC50,S0,PHYSCHEM,KNN,0.7744680022129729,50,0.8473838159012356,0.1235096122345557,0,,,23,0.9334433767881343,0.19837481827893733,80,0.7425111865320957,-0.08247188016029061
CHEMBL2047_EC50,R0,MACCS,SVM,0.704569094365823,50,0.7552526912751061,0.08473862301576318,1,,,23,0.7489375604096277,0.05436969060656538,82,0.7106149677939014,0.01672010688575265
CHEMBL2047_EC50,R0,MACCS,RF,0.678532643480437,50,0.7073740732415245,0.047746821845787824,1,,,23,0.7677483121362575,0.11016997259980243,82,0.7060269686840092,0.07834006128418702
CHEMBL2047_EC50,R0,MACCS,GBM,0.6908995993377045,50,0.7627089212940008,0.12139987495865823,1,,,23,0.8210244968895651,0.16174184708200456,82,0.7219971676311877,0.08900026928993154
CHEMBL2047_EC50,R0,MACCS,KNN,0.7108242949359171,50,0.7615120618372232,0.08472749183926287,1,,,23,0.8219211527491028,0.13757991031474248,82,0.71262360450707,0.004949484026187778
CHEMBL2047_EC50,R0,PHYSCHEM,SVM,0.776198337800145,50,0.7477448753360558,-0.04593504898467937,1,,,23,0.7951201891372991,0.023088764173932352,82,0.7240808731426867,-0.1355130784895764
CHEMBL2047_EC50,R0,PHYSCHEM,RF,0.7959030905316633,50,0.8534230971295947,0.09617947821895623,1,,,23,0.9090821063175393,0.1399324486816551,82,0.7354234165669725,-0.15622888392519563
CHEMBL2047_EC50,R0,PHYSCHEM,GBM,0.8200071093366907,50,0.8864907339796251,0.11150349042431151,1,,,23,0.9593254326220759,0.17279926033594895,82,0.7658570907644185,-0.1409148692722506
CHEMBL2047_EC50,R0,PHYSCHEM,KNN,0.7755379590066266,50,0.847953638488718,0.12197147020465082,1,,,23,0.9283632194478666,0.19015090217346398,82,0.742557883637192,-0.08738784607686367
CHEMBL2047_EC50,R2,MACCS,SVM,0.6148114590838726,53,0.6859620155582328,0.12609492843319348,2,,,23,0.7718649047469333,0.19676623494085344,81,0.6089901228143305,-0.015521807515565866
CHEMBL2047_EC50,R2,MACCS,RF,0.6435820161017782,53,0.7262184875367996,0.14720306618879153,2,,,23,0.9051047066704868,0.3338632294114956,81,0.6589380250167084,0.042135573336207544
CHEMBL2047_EC50,R2,MACCS,GBM,0.6340463242565331,53,0.694832026665406,0.10688343277620616,2,,,23,0.8532916980165688,0.27774071487803664,81,0.6506729415376443,0.04571935855024256
CHEMBL2047_EC50,R2,MACCS,KNN,0.7225097712678643,53,0.7830967746397648,0.10603969396296253,2,,,23,0.9858644752275161,0.33440554564668756,81,0.762934459134958,0.11432955288547475
CHEMBL2047_EC50,R2,PHYSCHEM,SVM,0.7796278169980396,53,0.7767307528633001,-0.004911030182921383,2,,,23,0.9108392184952269,0.16271405317179377,81,0.6927975914933753,-0.2147089630822291
CHEMBL2047_EC50,R2,PHYSCHEM,RF,0.7813997979934844,53,0.7819289102074524,0.0008983105096795896,2,,,23,0.8398376023912654,0.07170446637637029,81,0.7358153102901543,-0.11700098337797071
CHEMBL2047_EC50,R2,PHYSCHEM,GBM,0.7797506191045631,53,0.8151998325137818,0.06115606752063463,2,,,23,0.8799068377551691,0.12363748360227522,81,0.7528581629109343,-0.07028360951787627
CHEMBL2047_EC50,R2,PHYSCHEM,KNN,0.7822794853913454,53,0.7600892928213822,-0.0372995385559598,2,,,23,0.8851486543084681,0.12703053545670873,81,0.7075509504335544,-0.18678420517625205
CHEMBL204_Ki,S0,MACCS,SVM,0.8058892454089563,220,0.9831775289241466,0.31992135972882874,14,1.3333826482979925,0.5458884964348569,115,1.0796722320417125,0.3627925949589811,328,0.8800816596053885,0.1966275515480601
CHEMBL204_Ki,S0,MACCS,RF,0.8160978460315145,220,0.9723096823659468,0.27844611845326117,14,1.1977711698481799,0.39399818145647647,115,1.0375409453362934,0.2903847089276109,328,0.885315612761059,0.18222524673628993
CHEMBL204_Ki,S0,MACCS,GBM,0.8128764582393206,220,0.9607360241214019,0.26251485306238476,14,1.2896563044842544,0.49295648807417725,115,1.05641986181645,0.32073122548568866,328,0.8788018000320658,0.17297586813753296
CHEMBL204_Ki,S0,MACCS,KNN,0.8833515810512087,220,1.0055428410601595,0.21318855540302784,14,1.172586558287401,0.29802119112735637,115,1.0819461943430853,0.258639063823222,328,0.9423661818395371,0.1529086467743731
CHEMBL204_Ki,S0,PHYSCHEM,SVM,1.2189065471919678,220,1.3215928626819449,0.1755633536922243,14,1.4129658655403239,0.19951326522222645,115,1.2340266751162008,0.019121213968934958,328,1.2953752779594974,0.1974430980667652
CHEMBL204_Ki,S0,PHYSCHEM,RF,1.1119243632491194,220,1.1630648142532254,0.08625846963642037,14,1.2413247799181737,0.13296274427118693,115,1.1163717401159774,0.005618018582210338,328,1.2196975234491108,0.2869294573257293
CHEMBL204_Ki,S0,PHYSCHEM,GBM,1.1322479187465373,220,1.2104280646680732,0.13293799331787048,14,1.3660644124959973,0.24053666526963124,115,1.170322956174886,0.048286037655975944,328,1.2319834132157716,0.2633531512413969
CHEMBL204_Ki,S0,PHYSCHEM,KNN,1.1183962049088574,220,1.1626178476928861,0.07442250415377316,14,1.1573193058447884,0.03995215653278272,115,1.1125758511836616,-0.007343515119554889,328,1.2087721333719073,0.23706731707827344
CHEMBL204_Ki,R0,MACCS,SVM,0.8127592999015971,219,0.984173964097101,0.30741292828549627,18,1.3209349343323755,0.5309801694574726,120,1.1123449307782654,0.4049738037200976,344,0.880189104697141,0.19332479972417127
CHEMBL204_Ki,R0,MACCS,RF,0.8218351346518857,219,0.9612253343935584,0.24571293424639407,18,1.1610584344414514,0.35313541495607215,120,1.0646648151852063,0.32428417385026265,344,0.8745110004959342,0.14812881299379166
CHEMBL204_Ki,R0,MACCS,GBM,0.8075051355735036,219,0.9615196186041536,0.2738553530604093,18,1.2306708887496733,0.44137248363133186,120,1.0796684004518253,0.3659510101940996,344,0.8755113666797065,0.19523746970645928
CHEMBL204_Ki,R0,MACCS,KNN,0.8603899608062774,219,1.003737175947796,0.2523828699719889,18,1.0489567758316147,0.19564866969617745,120,1.1011677265854825,0.32073413852454535,344,0.9151419171708495,0.1538967905459343
CHEMBL204_Ki,R0,PHYSCHEM,SVM,1.2018271683581874,219,1.3176476506020454,0.19850531221586376,18,1.3518708360546157,0.1554291001145769,120,1.3178275960541201,0.1502663053650417,344,1.2513054708350375,0.13611493792539875
CHEMBL204_Ki,R0,PHYSCHEM,RF,1.1000010360004202,219,1.15678916992661,0.09579077488140131,18,1.2018087237118176,0.10540409354574654,120,1.118232005106842,0.02334899929654055,344,1.1713529421108049,0.2008010467698601
CHEMBL204_Ki,R0,PHYSCHEM,GBM,1.1116636366606054,219,1.1704914530565347,0.09927591079953735,18,1.3301417447199557,0.22659585315846176,120,1.179000831678319,0.08677847592837407,344,1.1882499903496635,0.21640418244807136
CHEMBL204_Ki,R0,PHYSCHEM,KNN,1.1071918791538435,219,1.162304097755298,0.09290424841010436,18,1.2317489292033659,0.12900068410236387,120,1.1468475767685447,0.050925795917738936,344,1.1643285316451675,0.15873119331446772
CHEMBL204_Ki,R2,MACCS,SVM,0.8041983543248281,220,0.9336493316114349,0.2281983525983533,15,1.1140734981485692,0.32026561877802107,109,1.0376975573739244,0.3022292353485989,350,0.851111589585517,0.1354422431368617
CHEMBL204_Ki,R2,MACCS,RF,0.810650876821058,220,0.9292527252849476,0.2078561215104633,15,0.9683427269876654,0.16253956705374661,109,0.9857962309894167,0.22439099402045848,350,0.850146381460937,0.11292061613836823
CHEMBL204_Ki,R2,MACCS,GBM,0.8096245473553964,220,0.9480652802057361,0.2450394995539925,15,1.014875639574285,0.21173707484370208,109,1.0136758353150137,0.2627098436572919,350,0.859609506320259,0.14482034241502317
CHEMBL204_Ki,R2,MACCS,KNN,0.8836072195661249,220,1.0480672996094542,0.29291919636108,15,1.1100735924643097,0.23363195710280227,109,1.147080131957478,0.3414018494819492,350,0.944545077231592,0.17790596230471512
CHEMBL204_Ki,R2,PHYSCHEM,SVM,1.217518445457174,220,1.2597770999053564,0.07108868635417065,15,0.9955517774875305,-0.2275886938437951,109,1.2420226570410104,0.03060944531330545,350,1.2124542576716524,-0.013789258806933047
CHEMBL204_Ki,R2,PHYSCHEM,RF,1.139450985884396,220,1.2050073926233884,0.11115961958125053,15,0.907062837225496,-0.23820266126897394,109,1.137276921688866,-0.0027083563699172863,350,1.198718435166466,0.1700108474821067
CHEMBL204_Ki,R2,PHYSCHEM,GBM,1.1178152291802044,220,1.1844727283561876,0.11311033752222621,15,0.8932119872526061,-0.23023259823199327,109,1.1113925410880996,-0.007997339221713196,350,1.1617257311432276,0.1243841331768345
CHEMBL204_Ki,R2,PHYSCHEM,KNN,1.1606045207839861,220,1.2521463363147514,0.1564069468952598,15,1.1677618242535606,0.007357861931554188,109,1.262985060934978,0.1289872909716323,350,1.184875953020412,0.0675734269846684
CHEMBL2147_Ki,S0,MACCS,SVM,0.7936724160574153,116,0.8060883090902021,0.020612765084807805,1,,,84,0.7672497536194323,-0.03674862439071602,172,0.8213791165758386,0.06849870547156256
CHEMBL2147_Ki,S0,MACCS,RF,0.8059413114513813,116,0.8074980436628942,0.002572852198825415,1,,,84,0.8365892833645451,0.04323860120097611,172,0.8146000098624839,0.021026516088706648
CHEMBL2147_Ki,S0,MACCS,GBM,0.7922595593253069,116,0.7573462003389818,-0.056860563821278465,1,,,84,0.7366331800616157,-0.07681252574313302,172,0.774520955876528,-0.04209283027222044
CHEMBL2147_Ki,S0,MACCS,KNN,0.9482294931902734,116,0.8705462267249442,-0.12505147496853208,1,,,84,0.8932538855673549,-0.07609323431579873,172,0.8469165929848159,-0.22804764368629415
CHEMBL2147_Ki,S0,PHYSCHEM,SVM,0.9824615973700728,116,0.9541549134034902,-0.04632280084131335,1,,,84,0.9250990838388555,-0.07939072719057494,172,0.9451364226744535,-0.0876586106549121
CHEMBL2147_Ki,S0,PHYSCHEM,RF,0.9987445146219579,116,0.969246381774612,-0.048261496829073325,1,,,84,0.8695259845685899,-0.176445655843539,172,1.0071187721049253,0.02030130106765693
CHEMBL2147_Ki,S0,PHYSCHEM,GBM,0.9791202682706726,116,0.9694584475836477,-0.015907302849386018,1,,,84,0.8157147833170328,-0.22158500774870604,172,1.0315469926992267,0.13151261793743918
CHEMBL2147_Ki,S0,PHYSCHEM,KNN,1.0710742587667408,116,0.9616874757258886,-0.17502139230815716,1,,,84,0.9192336266396745,-0.20685869229859144,172,0.9753040367343733,-0.21780228955324055
CHEMBL2147_Ki,R0,MACCS,SVM,0.7936724160574153,116,0.8060883090902021,0.020612765084807805,1,,,84,0.7672497536194323,-0.03674862439071602,172,0.8213791165758386,0.06849870547156256
CHEMBL2147_Ki,R0,MACCS,RF,0.8059413114513813,116,0.8074980436628941,0.002572852198825193,1,,,84,0.8365892833645449,0.04323860120097589,172,0.8146000098624838,0.021026516088706537
CHEMBL2147_Ki,R0,MACCS,GBM,0.7922595593253069,116,0.7573462003389818,-0.056860563821278465,1,,,84,0.7366331800616157,-0.07681252574313302,172,0.774520955876528,-0.04209283027222044
CHEMBL2147_Ki,R0,MACCS,KNN,0.9482294931902734,116,0.8705462267249442,-0.12505147496853208,1,,,84,0.8932538855673549,-0.07609323431579873,172,0.8469165929848159,-0.22804764368629415
CHEMBL2147_Ki,R0,PHYSCHEM,SVM,0.9824615973700728,116,0.9541549134034902,-0.04632280084131335,1,,,84,0.9250990838388555,-0.07939072719057494,172,0.9451364226744535,-0.0876586106549121
CHEMBL2147_Ki,R0,PHYSCHEM,RF,0.9987445146219579,116,0.969246381774612,-0.048261496829073325,1,,,84,0.8695259845685901,-0.17644565584353877,172,1.0071187721049253,0.02030130106765693
CHEMBL2147_Ki,R0,PHYSCHEM,GBM,0.9791202682706726,116,0.9694584475836477,-0.015907302849386018,1,,,84,0.8157147833170328,-0.22158500774870604,172,1.0315469926992267,0.13151261793743918
CHEMBL2147_Ki,R0,PHYSCHEM,KNN,1.0710742587667408,116,0.9616874757258886,-0.17502139230815716,1,,,84,0.9192336266396745,-0.20685869229859144,172,0.9753040367343733,-0.21780228955324055
CHEMBL2147_Ki,R2,MACCS,SVM,0.8342886577534453,119,0.8905761488413275,0.0968397240728015,0,,,83,0.8738087546222439,0.05558886401948582,173,0.8203332552199135,-0.03351207483220575
CHEMBL2147_Ki,R2,MACCS,RF,0.822423570899267,119,0.8953472443949808,0.12645223044332776,0,,,83,0.9006465795216198,0.11111422608960253,173,0.8222179962072423,-0.0004994063087708778
CHEMBL2147_Ki,R2,MACCS,GBM,0.8293741558641315,119,0.9050711409256507,0.1313898498212448,0,,,83,0.914810427288666,0.12156167982804156,173,0.8007331258696566,-0.06795190658293648
CHEMBL2147_Ki,R2,MACCS,KNN,0.9925658469502762,119,0.9998074533375598,0.012196228237110307,0,,,83,0.994000467207311,0.001999518133297906,173,0.9034632805067866,-0.20411551668511563
CHEMBL2147_Ki,R2,PHYSCHEM,SVM,1.0100658573929255,119,1.0053881970254586,-0.007846134591276588,0,,,83,1.0134438723683423,0.004709907700669369,173,0.9310350652870275,-0.18232320800736257
CHEMBL2147_Ki,R2,PHYSCHEM,RF,1.0113926858776032,119,0.9634746550930441,-0.07924522953271074,0,,,83,0.9927170945309982,-0.025928085178051896,173,0.9220350439840121,-0.20487599351851515
CHEMBL2147_Ki,R2,PHYSCHEM,GBM,1.0146076029201114,119,0.9692410473917665,-0.07509072281928786,0,,,83,0.987803971359663,-0.03715516531129481,173,0.9311274790418326,-0.1921104788588356
CHEMBL2147_Ki,R2,PHYSCHEM,KNN,1.0340610479968726,119,1.0533226297704374,0.03256704725768467,0,,,83,1.100970706325357,0.09444778012051613,173,0.9466261062953132,-0.20093152784198165
CHEMBL214_Ki,S0,MACCS,SVM,0.74631649006744,245,0.888843080055665,0.23971811652938912,26,1.4240473686590849,0.718900524005414,127,0.995325324073737,0.3209345078722844,441,0.7913731623358747,0.14237911532346903
CHEMBL214_Ki,S0,MACCS,RF,0.7452999251096432,245,0.8884356547793935,0.2408355740391559,26,1.30605349147589,0.5927927475966404,127,0.9789904883702418,0.30036821303560135,441,0.7710517729648159,0.07899959556061376
CHEMBL214_Ki,S0,MACCS,GBM,0.7244948250916692,245,0.8556830384519737,0.21987286963761354,26,1.2113144858090574,0.513741438353243,127,0.9492486858080282,0.28875146912192373,441,0.746438213167265,0.06700511654860941
CHEMBL214_Ki,S0,MACCS,KNN,0.7948445763655905,245,0.9012459842456145,0.17546649113055568,26,1.1947873238037885,0.42054510727482797,127,0.9691260371106423,0.2212347383737846,441,0.8126074847390649,0.053783411470081144
CHEMBL214_Ki,S0,PHYSCHEM,SVM,0.9432943155903468,245,0.9598078976336026,0.026258073578314556,26,1.132563425095923,0.19776784522715396,127,0.9957772953368854,0.0652799151670096,441,0.9647642103714534,0.06503582531326368
CHEMBL214_Ki,S0,PHYSCHEM,RF,0.8995126175483241,245,0.983931329150407,0.13741229605106076,26,1.1835689676025472,0.2975189539430765,127,1.0090876832354716,0.1373960855475539,441,0.9208355399234729,0.06465491066822893
CHEMBL214_Ki,S0,PHYSCHEM,GBM,0.9152893475863244,245,1.0030986227440162,0.14302642875281513,26,1.223154605869727,0.3225942162079609,127,1.0573115389650236,0.17882164714547266,441,0.9358991952979923,0.06241463879208775
CHEMBL214_Ki,S0,PHYSCHEM,KNN,0.961436478057737,245,1.0493006322848588,0.14290866678232195,26,1.2927228407504188,0.3471952213639099,127,1.0816795822906697,0.15083329169284965,441,0.9774225943350555,0.04811627172129007
CHEMBL214_Ki,R0,MACCS,SVM,0.74631649006744,245,0.888843080055665,0.23971811652938912,26,1.4240473686590849,0.718900524005414,127,0.995325324073737,0.3209345078722844,441,0.7913731623358747,0.14237911532346903
CHEMBL214_Ki,R0,MACCS,RF,0.7452999251096432,245,0.8884356547793935,0.2408355740391558,26,1.3060534914758894,0.5927927475966399,127,0.9789904883702415,0.3003682130356009,441,0.7710517729648159,0.07899959556061387
CHEMBL214_Ki,R0,MACCS,GBM,0.7244948250916692,245,0.8556830384519737,0.21987286963761354,26,1.2113144858090574,0.513741438353243,127,0.9492486858080282,0.28875146912192373,441,0.746438213167265,0.06700511654860941
CHEMBL214_Ki,R0,MACCS,KNN,0.7948445763655905,245,0.9012459842456145,0.17546649113055568,26,1.1947873238037885,0.42054510727482797,127,0.9691260371106423,0.2212347383737846,441,0.8126074847390649,0.053783411470081144
CHEMBL214_Ki,R0,PHYSCHEM,SVM,0.9432943155903468,245,0.9598078976336026,0.026258073578314556,26,1.132563425095923,0.19776784522715396,127,0.9957772953368854,0.0652799151670096,441,0.9647642103714534,0.06503582531326368
CHEMBL214_Ki,R0,PHYSCHEM,RF,0.899512617548324,245,0.9839313291504068,0.13741229605106042,26,1.183568967602547,0.29751895394307626,127,1.0090876832354714,0.13739608554755378,441,0.9208355399234727,0.0646549106682287
CHEMBL214_Ki,R0,PHYSCHEM,GBM,0.9152893475863244,245,1.0030986227440162,0.14302642875281513,26,1.223154605869727,0.3225942162079609,127,1.0573115389650236,0.17882164714547266,441,0.9358991952979923,0.06241463879208775
CHEMBL214_Ki,R0,PHYSCHEM,KNN,0.961436478057737,245,1.0493006322848588,0.14290866678232195,26,1.2927228407504188,0.3471952213639099,127,1.0816795822906697,0.15083329169284965,441,0.9774225943350555,0.04811627172129007
CHEMBL214_Ki,R2,MACCS,SVM,0.7727724080521875,244,0.8992421653454344,0.21010383311164016,33,1.3133200057411618,0.5795689037879462,135,0.9386273602069093,0.21404925287418386,427,0.7964786050062066,0.06797772611757968
CHEMBL214_Ki,R2,MACCS,RF,0.7648230669737089,244,0.9040339448707486,0.23274760012066364,33,1.2250373688907048,0.492089100053166,135,0.9343021329564217,0.21894027330193233,427,0.7909448840726004,0.07516043591485577
CHEMBL214_Ki,R2,MACCS,GBM,0.751148287847468,244,0.8910624140797365,0.23427337974576634,33,1.1603618045940145,0.43686700205840323,135,0.9263170191565822,0.2266608175640018,427,0.7867759506863871,0.1038919103917797
CHEMBL214_Ki,R2,MACCS,KNN,0.7723663159617075,244,0.878348836314752,0.1745054133268762,33,1.1166596275141902,0.36656382567632606,135,0.9019343882372544,0.16613786242882422,427,0.7874252817960213,0.042721116378228285
CHEMBL214_Ki,R2,PHYSCHEM,SVM,0.9238750750060143,244,1.0039010251564875,0.12963266585348798,33,1.2131649479415965,0.30690038110668183,135,1.0273638111626915,0.13170388586961168,427,0.9396376652917097,0.044614969850323316
CHEMBL214_Ki,R2,PHYSCHEM,RF,0.8903238446998352,244,0.9766057953313205,0.14022137574776072,33,1.0540466547213636,0.1730922070545241,135,0.955804714747024,0.08291136896373896,427,0.9051498670094726,0.04194801151492111
CHEMBL214_Ki,R2,PHYSCHEM,GBM,0.8794591284604325,244,0.9910199162318587,0.18306302436979338,33,1.1022787671042658,0.23600622608901456,135,0.9933977008691178,0.14534316095552136,427,0.9056646971623851,0.07508034195853563
CHEMBL214_Ki,R2,PHYSCHEM,KNN,0.9571517937244102,244,1.038620794948182,0.1319080007657728,33,1.119298886586088,0.1713606111784144,135,0.9720363246624474,0.018705785349109272,427,0.9496711247227326,-0.02070216922843593
CHEMBL218_EC50,S0,MACCS,SVM,0.7029738599561379,76,0.7289051973779668,0.04130498019488693,5,0.8959064829815714,0.1983576944718244,38,0.6448198236665196,-0.07050695706270116,103,0.6731165254920165,-0.057962157517604695
CHEMBL218_EC50,S0,MACCS,RF,0.6761445333977233,76,0.7213163903965866,0.07260519733228432,5,0.8218767230877682,0.14972023946993496,38,0.6362908970911242,-0.04844497054078056,103,0.6759887356963724,-0.0003085929554766942
CHEMBL218_EC50,S0,MACCS,GBM,0.7116703365519352,76,0.7629658666886305,0.08258136373535063,5,0.8085052532747683,0.09938685519632329,38,0.60753168862325,-0.12539608378770595,103,0.7212127210331615,0.01902899345410025
CHEMBL218_EC50,S0,MACCS,KNN,0.7232603451934307,76,0.7907937766765423,0.10944604244840273,5,0.8579942878210377,0.13837075935813758,38,0.7133823305295652,-0.012067648772735806,103,0.7440561761739273,0.041793632058162444
CHEMBL218_EC50,S0,PHYSCHEM,SVM,0.9867021609039837,76,1.0205294449137305,0.05384041568683395,5,0.6688691380283956,-0.32437888134584936,38,1.0835347859097961,0.11980712705630692,103,0.9706328950511046,-0.031582145816274276
CHEMBL218_EC50,S0,PHYSCHEM,RF,0.807586788103728,76,0.7908455961930718,-0.02622447374608783,5,0.6794596715718171,-0.1310274051160235,38,0.7937994448262714,-0.01683715395944918,103,0.810674639215318,0.006128400656514876
CHEMBL218_EC50,S0,PHYSCHEM,GBM,0.8052525898914904,76,0.8222471442633712,0.02694401576331118,5,0.8643644749732555,0.06062269952290911,38,0.8797159285310594,0.09207015786949613,103,0.8177861211332224,0.025020833331570902
CHEMBL218_EC50,S0,PHYSCHEM,KNN,0.8627469864465828,76,0.8327940885545135,-0.04673589907632514,5,0.8124277118065463,-0.05152168432077009,38,0.835409738260295,-0.03333029953571498,103,0.8578420618376916,-0.009689477924053058
CHEMBL218_EC50,R0,MACCS,SVM,0.7029738599561379,76,0.7289051973779668,0.04130498019488693,5,0.8959064829815714,0.1983576944718244,38,0.6448198236665196,-0.07050695706270116,103,0.6731165254920165,-0.057962157517604695
CHEMBL218_EC50,R0,MACCS,RF,0.6761445333977233,76,0.7213163903965866,0.07260519733228443,5,0.8218767230877678,0.14972023946993462,38,0.6362908970911242,-0.04844497054078056,103,0.6759887356963723,-0.0003085929554768052
CHEMBL218_EC50,R0,MACCS,GBM,0.7116703365519352,76,0.7629658666886305,0.08258136373535063,5,0.8085052532747683,0.09938685519632329,38,0.60753168862325,-0.12539608378770595,103,0.7212127210331615,0.01902899345410025
CHEMBL218_EC50,R0,MACCS,KNN,0.7232603451934307,76,0.7907937766765423,0.10944604244840273,5,0.8579942878210377,0.13837075935813758,38,0.7133823305295652,-0.012067648772735806,103,0.7440561761739273,0.041793632058162444
CHEMBL218_EC50,R0,PHYSCHEM,SVM,0.9867021609039837,76,1.0205294449137305,0.05384041568683395,5,0.6688691380283956,-0.32437888134584936,38,1.0835347859097961,0.11980712705630692,103,0.9706328950511046,-0.031582145816274276
CHEMBL218_EC50,R0,PHYSCHEM,RF,0.8075867881037281,76,0.790845596193072,-0.026224473746087495,5,0.6794596715718171,-0.1310274051160235,38,0.7937994448262713,-0.01683715395944929,103,0.8106746392153182,0.006128400656515209
CHEMBL218_EC50,R0,PHYSCHEM,GBM,0.8052525898914904,76,0.8222471442633712,0.02694401576331118,5,0.8643644749732555,0.06062269952290911,38,0.8797159285310594,0.09207015786949613,103,0.8177861211332224,0.025020833331570902
CHEMBL218_EC50,R0,PHYSCHEM,KNN,0.8627469864465828,76,0.8327940885545135,-0.04673589907632514,5,0.8124277118065463,-0.05152168432077009,38,0.835409738260295,-0.03333029953571498,103,0.8578420618376916,-0.009689477924053058
CHEMBL218_EC50,R2,MACCS,SVM,0.7393013652130377,72,0.8213522232221451,0.12941742722808725,5,0.9546828636748802,0.22148440150968118,39,0.8611806746685099,0.15297776619435643,99,0.8168646778779587,0.1558513364289702
CHEMBL218_EC50,R2,MACCS,RF,0.7449387413347056,72,0.7945884924027832,0.07732493896454717,5,0.8494716102190468,0.1072933310371218,39,0.8370810245838863,0.11507390080131596,99,0.7918320946949396,0.09220305181887356
CHEMBL218_EC50,R2,MACCS,GBM,0.7295876661500662,72,0.823066912930772,0.1481900204924157,5,1.0328787276592102,0.31237047283357555,39,0.8545147122052712,0.15692631574175386,99,0.8088627184597287,0.15961200716759416
CHEMBL218_EC50,R2,MACCS,KNN,0.7570399608097449,72,0.8213968004222449,0.10075114526136919,5,0.9547500396094629,0.20323584307942832,39,0.8456855446708231,0.11061883316093135,99,0.8688493885895617,0.23010240902454893
CHEMBL218_EC50,R2,PHYSCHEM,SVM,0.8710677025603005,72,0.8661500384640866,-0.007509927068123923,5,0.8749511745967692,0.003979342555072485,39,0.8712789873999539,0.0002600501579347325,99,0.8713194312547756,0.00048042607173193197
CHEMBL218_EC50,R2,PHYSCHEM,RF,0.8619343201478915,72,0.8183261166334299,-0.06582456855380114,5,0.6521274412074791,-0.21433370869197743,39,0.906491785697798,0.05517107945691535,99,0.884161462611664,0.04292388082041931
CHEMBL218_EC50,R2,PHYSCHEM,GBM,0.9118405596709576,72,0.8648602850835986,-0.07089777654511664,5,0.783799418954998,-0.13096873993276537,39,0.9639361338591126,0.0645460546430765,99,0.9328670864874248,0.040553282518168365
CHEMBL218_EC50,R2,PHYSCHEM,KNN,0.857464950204189,72,0.8449248397082872,-0.019105313589780737,5,0.6529212871150367,-0.2089693665067619,39,0.8863393436090172,0.0356768887598129,99,0.92033181526584,0.12425690913016474
CHEMBL219_Ki,S0,MACCS,SVM,0.8204442912063336,149,0.8812106990744688,0.10361648284200098,9,0.9200241783030805,0.10218843788404364,96,0.8489812339200407,0.038624825815753216,238,0.7962457918011628,-0.06491122901099267
CHEMBL219_Ki,S0,MACCS,RF,0.8034813840343585,149,0.8237380768404687,0.033957025232183136,9,0.900952834485356,0.10002469307866635,96,0.7827719932089897,-0.02773793096510424,238,0.7657154241615735,-0.09990067200850172
CHEMBL219_Ki,S0,MACCS,GBM,0.810453241790459,149,0.8496846953560918,0.06629196336902354,9,0.886695395377252,0.07821291965037769,96,0.7762593157822616,-0.04567153195749207,238,0.7875051953587411,-0.061616115084625944
CHEMBL219_Ki,S0,MACCS,KNN,0.8880667188435991,149,0.9079509905365739,0.03330084145279977,9,0.9772525590689435,0.09149837868585176,96,0.8419958491625297,-0.061434665102682695,238,0.827221952391269,-0.15832540297373765
CHEMBL219_Ki,S0,PHYSCHEM,SVM,0.9686861484472217,149,1.0104686728551324,0.07047346344901007,9,1.4568023682753717,0.5033033912461468,96,0.9504342283834687,-0.02447537102277919,238,0.9597316310840408,-0.024428895736407052
CHEMBL219_Ki,S0,PHYSCHEM,RF,0.9284645662103423,149,0.9650869253727964,0.06169123426667411,9,1.2012019575279933,0.28048246924212206,96,0.9261044112580301,-0.0031737801084084083,238,0.9072276268571545,-0.057277063289515984
CHEMBL219_Ki,S0,PHYSCHEM,GBM,0.9337014175751196,149,0.96635571012182,0.05492236352069957,9,1.1196932594258207,0.191048406200248,96,0.9035228784848478,-0.04037580465119606,238,0.9031070147086108,-0.08185056672426139
CHEMBL219_Ki,S0,PHYSCHEM,KNN,0.9740478927254557,149,0.9823574588912636,0.013851583684144742,9,1.1104444121027828,0.14000186926375968,96,0.9258807519925518,-0.06425625832066884,238,0.9532455940294079,-0.05617529598582227
CHEMBL219_Ki,R0,MACCS,SVM,0.7796701051810443,149,0.8520964212983175,0.12434497257347477,11,0.8169868106802205,0.038475437294171466,96,0.7955413588439854,0.0214275565823151,245,0.7635995316763381,-0.04571411618492294
CHEMBL219_Ki,R0,MACCS,RF,0.7718226913471198,149,0.7956082038791,0.03994875643642193,11,0.8474416069009063,0.07802640597435695,96,0.722063213735383,-0.06621332469262764,245,0.7429534202492007,-0.08091810098121044
CHEMBL219_Ki,R0,MACCS,GBM,0.7749611467437302,149,0.83166264406719,0.09665402112477384,11,0.7583532359702418,-0.017105628269303286,96,0.7436380670098091,-0.04184959290942014,245,0.7496140181042223,-0.07133523005104492
CHEMBL219_Ki,R0,MACCS,KNN,0.8211042264902372,149,0.8426329374209066,0.03610172408945678,11,0.9073646843649484,0.08901633934288156,96,0.7744392777623956,-0.06217506586542587,245,0.7471497425615355,-0.19862143951378597
CHEMBL219_Ki,R0,PHYSCHEM,SVM,0.9502991670956992,149,1.0190060995772683,0.11708227821617678,11,1.3022803015981397,0.364707754853833,96,0.9341194445601442,-0.021703347796229067,245,0.9276048103399358,-0.06436763547855195
CHEMBL219_Ki,R0,PHYSCHEM,RF,0.9393161355672953,149,0.9713800075247149,0.05391381701212594,11,1.1671282176484887,0.2355847768385394,96,0.9165139030358778,-0.030548867214637676,245,0.8984894958142319,-0.11384263974767406
CHEMBL219_Ki,R0,PHYSCHEM,GBM,0.9324444136027253,149,0.9717721549147488,0.06631109483158282,11,1.145093988344724,0.219856138016162,96,0.9231265800483652,-0.01251394813768636,245,0.8934671045374041,-0.10883960400068515
CHEMBL219_Ki,R0,PHYSCHEM,KNN,0.9663364061383655,149,0.9855724317861319,0.03218813732164416,11,1.0562244225607476,0.0927427993403559,96,0.9230094213401924,-0.057844356318728085,245,0.9327712651683555,-0.09429732443792016
CHEMBL219_Ki,R2,MACCS,SVM,0.7943714653845758,149,0.9322925255281957,0.24430835343557922,17,0.977218840237974,0.19261654824348262,98,0.9727231782928382,0.25222346251376704,240,0.8579470887112935,0.1924534235044264
CHEMBL219_Ki,R2,MACCS,RF,0.7730154034224082,149,0.8827033073552275,0.19184507068104995,17,0.8753601198255269,0.10755847855655631,98,0.8824909402751631,0.15228522436863323,240,0.8022079350340152,0.0844391317711205
CHEMBL219_Ki,R2,MACCS,GBM,0.7946020720265335,149,0.9026186170067262,0.1884837322198546,17,0.883524955210951,0.09340689240446931,98,0.9040711395388873,0.1521629291541602,240,0.8335846805217109,0.11406184595081315
CHEMBL219_Ki,R2,MACCS,KNN,0.7938675131893157,149,0.9044397526589728,0.19319450226830326,17,0.9354847846206518,0.1489967486663064,98,0.9204591681054765,0.1767065229917305,240,0.8163401882959481,0.06439905684970548
CHEMBL219_Ki,R2,PHYSCHEM,SVM,0.9133866275453477,149,1.0148067407980281,0.17529941522236137,17,1.2468452912648642,0.35243328143246055,98,1.0368643435109393,0.17154981624087873,240,0.9708220006473437,0.17054213602813584
CHEMBL219_Ki,R2,PHYSCHEM,RF,0.8768350782500723,149,0.9818331787968836,0.18208153427144702,17,1.0866612402650657,0.2210856831438044,98,1.0349529461946485,0.2216229614615396,240,0.91724178742974,0.11786577621720684
CHEMBL219_Ki,R2,PHYSCHEM,GBM,0.8683644200068668,149,0.9470579988931362,0.13499253540605138,17,1.0504218739983742,0.1916890662500228,98,0.9839043211827128,0.1604558579503087,240,0.9049874532916192,0.106403441918409
CHEMBL219_Ki,R2,PHYSCHEM,KNN,0.9400672112925684,149,1.013754439519118,0.12584391397061534,17,1.176992158365045,0.24971582369581347,98,1.0304807997818748,0.12468550350093288,240,0.9714984179383542,0.09052432578575675
CHEMBL228_Ki,S0,MACCS,SVM,0.7450157177530574,128,0.8085747986826254,0.10431197972080597,12,0.8912696019858689,0.1521172998549286,71,0.8442255136348309,0.12746858888175783,200,0.8259591502825507,0.21281178643865128
CHEMBL228_Ki,S0,MACCS,RF,0.7670536228542906,128,0.8227141241593247,0.09097353129503494,12,0.9111225577637938,0.14982136054825412,71,0.8114077871579176,0.05640526610229191,200,0.842715542122001,0.19709609916624282
CHEMBL228_Ki,S0,MACCS,GBM,0.7577078139740075,128,0.8210023210131845,0.10381775847757746,12,0.8315301669271843,0.07664282252834254,71,0.8062410370137914,0.061771440463538,200,0.8565843487855701,0.2655594714028535
CHEMBL228_Ki,S0,MACCS,KNN,0.7665451050479961,128,0.8327921968236398,0.1087627974572829,12,0.911366063555427,0.15060647321092446,71,0.8533662702469638,0.11124493473116581,200,0.8590667513225169,0.24607867906638936
CHEMBL228_Ki,S0,PHYSCHEM,SVM,0.9291487767926327,128,0.89085268388778,-0.060465631939493725,12,0.837546753247015,-0.09476343205438076,71,0.9217546956020081,-0.009321568630884292,200,0.9762082995247,0.11770469273433748
CHEMBL228_Ki,S0,PHYSCHEM,RF,0.9217842537363938,128,0.930461029396992,0.01390588071221699,12,1.0634864691550932,0.14726788611717478,71,0.9800362097689072,0.07413256125745715,200,0.9717212651339282,0.12525287455857337
CHEMBL228_Ki,S0,PHYSCHEM,GBM,0.938112651483593,128,0.9584367868579372,0.03269386441941102,12,0.99040316141558,0.05424701741249405,71,0.9938648004930279,0.07091538402345943,200,0.9936469827128824,0.1398564973969243
CHEMBL228_Ki,S0,PHYSCHEM,KNN,0.9772340233451279,128,0.9517230351537069,-0.04045644269586324,12,0.9995453939913291,0.023132299738604867,71,1.0087476101699158,0.03993936172625401,200,1.0165330102668533,0.0974954899571604
CHEMBL228_Ki,R0,MACCS,SVM,0.7263954340969838,129,0.7698112372163731,0.07102017270653938,14,0.8277080880703358,0.10595336185992643,74,0.8276209443385217,0.131765312738386,199,0.7681312752101952,0.10416719860452506
CHEMBL228_Ki,R0,MACCS,RF,0.7426400970684709,129,0.7822662029631546,0.06468817519539205,14,0.8258417811341984,0.08696142709868016,74,0.8237318726822734,0.10509311840161539,199,0.7739680511459393,0.07726445906657797
CHEMBL228_Ki,R0,MACCS,GBM,0.7270786344379904,129,0.7527898492646403,0.04173468335040831,14,0.7879303535238131,0.06356279270979237,74,0.8028485706822874,0.0981252967576155,199,0.7617321612198305,0.08582778751349973
CHEMBL228_Ki,R0,MACCS,KNN,0.7790314968775636,129,0.8421624399760714,0.1039856547994269,14,0.8304823660824985,0.0537227751624505,74,0.879330020468451,0.1303555227479677,199,0.8199785749360254,0.10180394045715546
CHEMBL228_Ki,R0,PHYSCHEM,SVM,0.9486744719805194,129,0.8951867639576708,-0.08446277966035665,14,0.6723285039279113,-0.28637030008346986,74,0.9391838623925861,-0.012094469543372233,199,0.9701914149210196,0.05229907446451343
CHEMBL228_Ki,R0,PHYSCHEM,RF,0.9444921129085148,129,0.9611702658165362,0.026923759016554083,14,1.0327226100944213,0.09218059214571783,74,1.0440722012624284,0.128983245034345,199,0.9581276060560484,0.03294511877393369
CHEMBL228_Ki,R0,PHYSCHEM,GBM,0.9223462625480091,129,0.9713198008394995,0.07994084924526368,14,0.995719908211346,0.07663578547594607,74,1.0476392520843507,0.1630097516743646,199,0.9510695778077609,0.07025223740141395
CHEMBL228_Ki,R0,PHYSCHEM,KNN,0.978884564292329,129,0.9505412169164779,-0.04511681353983121,14,1.2294397574778355,0.2626935536624392,74,1.0448645604552664,0.08499706654050321,199,0.9672598916504749,-0.02757564928115319
CHEMBL228_Ki,R2,MACCS,SVM,0.7846582880250224,122,0.873711183329606,0.14310053954742785,10,1.450549910390837,0.6949990448064081,73,0.9241426612356569,0.18184487219222834,185,0.8717070068024682,0.204032143376357
CHEMBL228_Ki,R2,MACCS,RF,0.7788178755356885,122,0.8869899298599884,0.17520934466685845,10,1.4664739799986708,0.718108026068283,73,0.8995428771737255,0.15686450923217143,185,0.8887591254093191,0.26383912534128906
CHEMBL228_Ki,R2,MACCS,GBM,0.762270643556478,122,0.869614174455948,0.173973790862316,10,1.465128328536885,0.7344426371079831,73,0.9138769653954275,0.19826808236933924,185,0.8656749323723171,0.24704889540138597
CHEMBL228_Ki,R2,MACCS,KNN,0.8575238375902565,122,0.9268289005565165,0.11026938253004148,10,1.5190446558393396,0.6895910824568321,73,0.9432915621113024,0.11056550125789977,185,0.9618372802643123,0.24649364665647688
CHEMBL228_Ki,R2,PHYSCHEM,SVM,0.9118753961685064,122,0.9615706778046862,0.0784581350525907,10,1.2191249682482437,0.31812808466887443,73,0.9825401411994064,0.09080691800866059,185,0.9537871339582157,0.09391603742805543
CHEMBL228_Ki,R2,PHYSCHEM,RF,0.8891644049247095,122,0.9500890323442287,0.09658256629732642,10,1.2819147072281631,0.4073120284744204,73,0.9953390472971145,0.13725118613491805,185,0.9493947764058345,0.13691281085753848
CHEMBL228_Ki,R2,PHYSCHEM,GBM,0.8921733301534925,122,0.9681489796440513,0.12103963458542699,10,1.2922585560014836,0.41496203426806744,73,1.0022573764645133,0.14238597840882106,185,0.9647807894483277,0.1665961968256603
CHEMBL228_Ki,R2,PHYSCHEM,KNN,0.8921561368758756,122,0.951113051712937,0.0933962005572685,10,1.2627756721751884,0.38420492731753175,73,0.9449520229602856,0.06767134353737592,185,0.9542751774334978,0.14138635355391838
CHEMBL231_Ki,S0,MACCS,SVM,0.7829068692044036,48,0.8371904996979028,0.07259128065543008,0,,,13,0.7274728320642703,-0.059202845176519525,92,0.7042675352270823,-0.14155395693790485
CHEMBL231_Ki,S0,MACCS,RF,0.7368603013776194,48,0.8020345025578491,0.08743468043957037,0,,,13,0.7035731753793658,-0.035582238897006846,92,0.6756531219999624,-0.11093126297054923
CHEMBL231_Ki,S0,MACCS,GBM,0.7821321680549178,48,0.8082113949694592,0.03466781066343183,0,,,13,0.6002657853707529,-0.19314048668269646,92,0.6705931792394232,-0.19756850182077978
CHEMBL231_Ki,S0,MACCS,KNN,0.8271766247234615,48,0.9591878456533447,0.1792825568054881,0,,,13,0.7451242548108783,-0.08754379251832067,92,0.7808530582493597,-0.08487686952254347
CHEMBL231_Ki,S0,PHYSCHEM,SVM,0.9767993242297441,48,0.8833717025628731,-0.12167724976265659,0,,,13,0.7956876402149753,-0.1926531645569517,92,0.7774596251406605,-0.3452758696436298
CHEMBL231_Ki,S0,PHYSCHEM,RF,0.9306600556008626,48,0.7565269958729725,-0.22366355818589123,0,,,13,0.690169845402337,-0.2551702590257863,92,0.7504528428105968,-0.3132994208071014
CHEMBL231_Ki,S0,PHYSCHEM,GBM,0.9707251960621107,48,0.7850585970836315,-0.23833011187546216,0,,,13,0.746050115362215,-0.23861181891241412,92,0.7610557027292272,-0.3616435405095667
CHEMBL231_Ki,S0,PHYSCHEM,KNN,1.0492479586785346,48,0.923053836542347,-0.16373111910804294,0,,,13,0.7392639922089527,-0.3284867055439774,92,0.8572943162292941,-0.3350054455957594
CHEMBL231_Ki,R0,MACCS,SVM,0.7829068692044036,48,0.8371904996979028,0.07259128065543008,0,,,13,0.7274728320642703,-0.059202845176519525,92,0.7042675352270823,-0.14155395693790485
CHEMBL231_Ki,R0,MACCS,RF,0.7368603013776193,48,0.8020345025578489,0.08743468043957014,0,,,13,0.7035731753793655,-0.03558223889700718,92,0.6756531219999622,-0.11093126297054945
CHEMBL231_Ki,R0,MACCS,GBM,0.7821321680549178,48,0.8082113949694592,0.03466781066343183,0,,,13,0.6002657853707529,-0.19314048668269646,92,0.6705931792394232,-0.19756850182077978
CHEMBL231_Ki,R0,MACCS,KNN,0.8271766247234615,48,0.9591878456533447,0.1792825568054881,0,,,13,0.7451242548108783,-0.08754379251832067,92,0.7808530582493597,-0.08487686952254347
CHEMBL231_Ki,R0,PHYSCHEM,SVM,0.9767993242297441,48,0.8833717025628731,-0.12167724976265659,0,,,13,0.7956876402149753,-0.1926531645569517,92,0.7774596251406605,-0.3452758696436298
CHEMBL231_Ki,R0,PHYSCHEM,RF,0.9306600556008626,48,0.7565269958729727,-0.2236635581858909,0,,,13,0.6901698454023377,-0.2551702590257855,92,0.7504528428105968,-0.3132994208071014
CHEMBL231_Ki,R0,PHYSCHEM,GBM,0.9707251960621107,48,0.7850585970836315,-0.23833011187546216,0,,,13,0.746050115362215,-0.23861181891241412,92,0.7610557027292272,-0.3616435405095667
CHEMBL231_Ki,R0,PHYSCHEM,KNN,1.0492479586785346,48,0.923053836542347,-0.16373111910804294,0,,,13,0.7392639922089527,-0.3284867055439774,92,0.8572943162292941,-0.3350054455957594
CHEMBL231_Ki,R2,MACCS,SVM,0.6676773090064776,46,0.8218491177558627,0.20879485929071662,2,,,21,0.6960018186879807,0.031784791323569817,108,0.6610341073126059,-0.014616897892103298
CHEMBL231_Ki,R2,MACCS,RF,0.6977898054145046,46,0.8257093607255768,0.17184273072270295,2,,,21,0.7366404271931952,0.0436316332539336,108,0.6599378918683738,-0.08119276871540881
CHEMBL231_Ki,R2,MACCS,GBM,0.6563285753907583,46,0.7546159071398691,0.1313014356691039,2,,,21,0.6718712884553624,0.01742189034460806,108,0.621250752244252,-0.07527568953386699
CHEMBL231_Ki,R2,MACCS,KNN,0.7374012374584533,46,0.9536787951819096,0.29615138782840933,2,,,21,0.7847394323394362,0.05319102882685067,108,0.7333867215161554,-0.0088569031214083
CHEMBL231_Ki,R2,PHYSCHEM,SVM,0.9509450437160148,46,0.793928556196916,-0.19993196274301606,2,,,21,0.8082207688183675,-0.15834757745460837,108,0.8310998914029907,-0.2475378606837505
CHEMBL231_Ki,R2,PHYSCHEM,RF,0.8718484692990706,46,0.7857956022634767,-0.1106275841898613,2,,,21,0.926584796504508,0.06149860684099673,108,0.8202300352589151,-0.1104193807649696
CHEMBL231_Ki,R2,PHYSCHEM,GBM,0.8544304341030615,46,0.7990043668819878,-0.07160991059630395,2,,,21,0.9317528254004261,0.08702085687004524,108,0.7994396944870046,-0.11730164069402527
CHEMBL231_Ki,R2,PHYSCHEM,KNN,0.9474655014661701,46,0.8769187366943774,-0.09101661296475627,2,,,21,0.8927452205932153,-0.061039787276059854,108,0.8434746154259251,-0.21656865569939499
CHEMBL233_Ki,S0,MACCS,SVM,0.8684671037613704,259,0.9533658743404537,0.14946477527459168,15,1.1666712379228954,0.30676833847178775,114,1.0018334736472556,0.16569512751080862,388,0.8353344363856057,-0.08376518299031399
CHEMBL233_Ki,S0,MACCS,RF,0.82784108011535,259,0.9066671053033725,0.13863601587589758,15,1.0895455508158196,0.26912973777755766,114,0.9154160978778886,0.10820338240754834,388,0.7940691283874558,-0.08521583439684044
CHEMBL233_Ki,S0,MACCS,GBM,0.8595483089880441,259,0.9253006168684147,0.11481053655447127,15,1.0782185393844863,0.22470323751322152,114,0.9096378156917206,0.06155469759778642,388,0.8261122823634544,-0.08448558899307634
CHEMBL233_Ki,S0,MACCS,KNN,0.8567376566948526,259,0.9124699684237394,0.09689407842127307,15,1.0687941604649709,0.2178885544635073,114,0.9682156516397349,0.13812355189969894,388,0.8386115300343726,-0.046413431252508186
CHEMBL233_Ki,S0,PHYSCHEM,SVM,1.165872919518555,259,1.1336772969854607,-0.05415467365411297,15,1.4968659066388708,0.340248694783704,114,1.1464598943324533,-0.02365851188072532,388,1.071411369059164,-0.23169954281994132
CHEMBL233_Ki,S0,PHYSCHEM,RF,1.0313571174863805,259,1.0160627201499215,-0.025838550331029664,15,0.879075166085414,-0.15571622341962044,114,0.9493745120664586,-0.09923093271436756,388,0.9519689061366264,-0.19526356266107758
CHEMBL233_Ki,S0,PHYSCHEM,GBM,1.0517970610159293,259,1.0470427948188596,-0.008060584322657105,15,1.1319873256615565,0.08222264689598702,114,0.9858030945200104,-0.08002306152287997,388,0.9975309344319611,-0.1358618654331024
CHEMBL233_Ki,S0,PHYSCHEM,KNN,1.041040220878498,259,1.045744926949207,0.008001766074595684,15,1.0197657889160707,-0.021787891985686203,114,0.9937847441162013,-0.05740917079942398,388,0.9589690377561194,-0.20160683876821228
CHEMBL233_Ki,R0,MACCS,SVM,0.8473682160842183,259,0.9512316374649138,0.1846683662335058,13,1.2384009304026602,0.401234059866332,117,0.9812607362935911,0.16750877690398824,373,0.8452253937696117,-0.005243228633519115
CHEMBL233_Ki,R0,MACCS,RF,0.8083066523959436,259,0.9107146552724581,0.18238593770023526,13,1.2424512047168095,0.44583287495437995,117,0.8933869811197426,0.10577064354670096,373,0.800105705989787,-0.019957607526919996
CHEMBL233_Ki,R0,MACCS,GBM,0.8268011338796778,259,0.9285257843857498,0.18089953512841228,13,1.2083523965865388,0.39150530279124596,117,0.9132815728421921,0.10750281645324378,373,0.8249592405857737,-0.0045078711809678484
CHEMBL233_Ki,R0,MACCS,KNN,0.854763962694475,259,0.9100213111771885,0.09605369602439917,13,1.2211552965929706,0.3758175836832871,117,0.9535523386725391,0.12296289018156259,373,0.849480061633838,-0.01289516295718407
CHEMBL233_Ki,R0,PHYSCHEM,SVM,1.1432915131666852,259,1.1330355920942143,-0.017361520701915323,13,1.5851377091690793,0.4530091830909906,117,1.1400282479760018,-0.0040062151071065255,373,1.0737781827037949,-0.16347418535407066
CHEMBL233_Ki,R0,PHYSCHEM,RF,0.9918242239763237,259,1.02052292351817,0.049236130385913124,13,1.0007838974287255,0.009149321808313293,117,0.9440212079047142,-0.058386261298988384,373,0.9559157877711559,-0.08582504983461714
CHEMBL233_Ki,R0,PHYSCHEM,GBM,1.0260391762062082,259,1.0383033033204596,0.020913501569126414,13,1.1509660553953251,0.12772310215985838,117,0.9851662858511846,-0.04996878828743789,373,0.9860475640535143,-0.09540633470404492
CHEMBL233_Ki,R0,PHYSCHEM,KNN,1.0287126651816356,259,1.0549580680973412,0.04497183772190261,13,1.1015130010713317,0.07438971949484019,117,0.9898366737385249,-0.04753843814069847,373,0.9799959518402624,-0.1155754312518148
CHEMBL233_Ki,R2,MACCS,SVM,0.7995099674233564,269,0.8753253969848124,0.1373565886057745,21,1.2038150926265585,0.42196682127508345,109,0.9712188176699135,0.21253245252767694,391,0.8142637274785554,0.03949622273292852
CHEMBL233_Ki,R2,MACCS,RF,0.7990139184918459,269,0.8739447754452873,0.13569430774891056,21,1.2186418328367232,0.4381113027931889,109,0.9597884257697936,0.19869451180537456,391,0.7997058543284778,0.0018252251376871254
CHEMBL233_Ki,R2,MACCS,GBM,0.8205119204662429,269,0.894076195345855,0.13299017304656158,21,1.187895160896405,0.3830370788348366,109,0.967187806648845,0.18081540983392153,391,0.8377660334528347,0.046292174088913174
CHEMBL233_Ki,R2,MACCS,KNN,0.843193918456668,269,0.9442194300355987,0.18499575839205462,21,1.326729783563794,0.5052704512425118,109,1.027321429659257,0.2279965776317927,391,0.8572633974406457,0.037607479852293624
CHEMBL233_Ki,R2,PHYSCHEM,SVM,1.0867664434385647,269,1.1355533817437304,0.08661498983456095,21,1.4239194574021439,0.350666386748532,109,1.1896996465868988,0.12572705548292062,391,1.024212044208659,-0.15777548277116238
CHEMBL233_Ki,R2,PHYSCHEM,RF,0.9618863721859175,269,1.004340153040474,0.0753489089318864,21,1.071627418242403,0.1137494390724858,109,1.0727565648869066,0.13572356103560657,391,0.9387354501650608,-0.05986884286112948
CHEMBL233_Ki,R2,PHYSCHEM,GBM,0.9594710263969173,269,1.0195483226040867,0.10741324030175181,21,1.0323735569732828,0.07551547370937406,109,1.0665703950565852,0.1310555744254014,391,0.9539069731797692,-0.014597829323709344
CHEMBL233_Ki,R2,PHYSCHEM,KNN,1.0192647627633504,269,1.0461879810930002,0.04745691059512014,21,1.1744866686931936,0.1609983130553274,109,1.16020697497465,0.1729710955128897,391,0.9894704697045503,-0.07674356477894329
CHEMBL234_Ki,S0,MACCS,SVM,0.7391873205025701,321,0.7304329881165197,-0.015503857662537368,20,1.0333306504168234,0.3041029159823925,201,0.7338890031388091,-0.007290267064166911,520,0.7027629455362078,-0.11859017747423584
CHEMBL234_Ki,S0,MACCS,RF,0.7477880795440184,321,0.7515840424791043,0.006766905501232157,20,0.9446004446821407,0.2030858658743111,201,0.7324335786541512,-0.021074297273842246,520,0.7285707252831767,-0.06417846636828006
CHEMBL234_Ki,S0,MACCS,GBM,0.7286863675669899,321,0.7152507090172546,-0.023734447883200116,20,1.0038809467495107,0.28443008612852505,201,0.6816521492424388,-0.06403288369911586,520,0.7119839499387104,-0.0559537992292225
CHEMBL234_Ki,S0,MACCS,KNN,0.792556207168331,321,0.7668587942807196,-0.04515549909081784,20,0.9806738300587866,0.19404280089782666,201,0.7652998062338343,-0.03731351565187924,520,0.7428038317537125,-0.15976583952364865
CHEMBL234_Ki,S0,PHYSCHEM,SVM,0.9297684940645455,321,0.8759920427044673,-0.09361012751778586,20,0.9769153936100358,0.04850391416157418,201,0.8559727396554434,-0.10019594766847406,520,0.9052696987497363,-0.08175701777663791
CHEMBL234_Ki,S0,PHYSCHEM,RF,0.8836171912123609,321,0.8489457158470312,-0.060769542509544916,20,1.0208951431703612,0.141437578297972,201,0.8405829951563616,-0.05875753447588561,520,0.843135490534378,-0.13227818084519094
CHEMBL234_Ki,S0,PHYSCHEM,GBM,0.8787824131561522,321,0.8527190833079494,-0.04584615007684967,20,1.0485209884973101,0.17497525090985477,201,0.8322681453673191,-0.06345978856517953,520,0.840129146656783,-0.12654724407690576
CHEMBL234_Ki,S0,PHYSCHEM,KNN,0.9267278151964903,321,0.8875804310019939,-0.06853787315302085,20,1.1973667352508113,0.2793802082314233,201,0.8787437090682525,-0.06547895457672237,520,0.8755665709123804,-0.16555410237939794
CHEMBL234_Ki,R0,MACCS,SVM,0.7560519969221586,320,0.7612559289778162,0.009260795188313242,20,1.141232096602883,0.3988606037673196,196,0.7683830699688287,0.016882200896114807,527,0.7160089516652046,-0.13393979156644475
CHEMBL234_Ki,R0,MACCS,RF,0.7711456337783843,320,0.7798145335015992,0.015453320772224166,20,1.0768138561662943,0.31601104445769834,196,0.7572056111474345,-0.018965637171191263,527,0.743786027957643,-0.0932921428108191
CHEMBL234_Ki,R0,MACCS,GBM,0.7415509432670175,320,0.7537831020162564,0.021850406035512915,20,1.092195208307795,0.3629068262581471,196,0.7311958885185638,-0.0140987149779922,527,0.71118780262743,-0.10290161280265142
CHEMBL234_Ki,R0,MACCS,KNN,0.8097962728332859,320,0.8121617455553024,0.004203046296038293,20,1.1115802088171642,0.31188952409418413,196,0.8037307126694682,-0.008268146502107498,527,0.7563396282314415,-0.1763703180652123
CHEMBL234_Ki,R0,PHYSCHEM,SVM,0.9455146797345463,320,0.9116925301433524,-0.059218395799912726,20,1.2107381757043296,0.2737449822166671,196,0.8964686260255265,-0.06632522670376106,527,0.9184826720660794,-0.09290359728007147
CHEMBL234_Ki,R0,PHYSCHEM,RF,0.9165776064907971,320,0.9012246494147576,-0.02707413684501092,20,1.1935165245528592,0.28592480890844896,196,0.8766546166014355,-0.05406802048415027,527,0.8738270550198561,-0.1439770331571606
CHEMBL234_Ki,R0,PHYSCHEM,GBM,0.9086159523901739,320,0.899068245803183,-0.01687701696994215,20,1.238425361810834,0.3408062935890839,196,0.8752717305985074,-0.0452137128444583,527,0.870905733685638,-0.12772203735705834
CHEMBL234_Ki,R0,PHYSCHEM,KNN,0.941002197345017,320,0.9258835971888363,-0.026667793683360252,20,1.2798565282851109,0.35013839579408546,196,0.9020569495709488,-0.05276428045389159,527,0.8904154860287903,-0.16906337115019565
CHEMBL234_Ki,R2,MACCS,SVM,0.7393590665702175,309,0.7329974571294365,-0.010963515476179353,29,0.9728290029924102,0.24469090899346468,203,0.7250937047879743,-0.019656895615180026,513,0.7290824792647964,-0.03370208374753758
CHEMBL234_Ki,R2,MACCS,RF,0.7401617915025349,309,0.7535273729963742,0.023260145144068045,29,0.9637421970982837,0.2342584469001453,203,0.7522278544019178,0.016740020070120876,513,0.7339426847639889,-0.020521817030465628
CHEMBL234_Ki,R2,MACCS,GBM,0.7287663553689064,309,0.7218252684557175,-0.01195820818101434,29,0.9665628784589633,0.24928075721654985,203,0.7161051941437061,-0.01745274682632436,513,0.7079965308077217,-0.06704212444207025
CHEMBL234_Ki,R2,MACCS,KNN,0.8082909259439572,309,0.8051629656850351,-0.0053999312044975545,29,1.0608624560937476,0.2646921673456516,203,0.791064236822392,-0.023728375673076618,513,0.7911442362142334,-0.055782193686562676
CHEMBL234_Ki,R2,PHYSCHEM,SVM,0.9257656610104711,309,0.8976801027254185,-0.0480282935018983,29,0.976662431421431,0.05305351606573905,203,0.8928162216875949,-0.045263215112475885,513,0.9004529997859468,-0.08180651056934163
CHEMBL234_Ki,R2,PHYSCHEM,RF,0.8622330459103446,309,0.8589719299580224,-0.005629982661156219,29,0.9316374142438307,0.07238356725890727,203,0.8707293660775949,0.011772829973744958,513,0.8542511734513294,-0.02631313558090198
CHEMBL234_Ki,R2,PHYSCHEM,GBM,0.8696575708222489,309,0.8554719481180678,-0.02437966677944181,29,0.8822011293127825,0.013064149785677381,203,0.8658791268050867,-0.005221318515484019,513,0.864787531256195,-0.016121505052669516
CHEMBL234_Ki,R2,PHYSCHEM,KNN,0.9305837703938384,309,0.9179333907411268,-0.02176236785310337,29,1.0254690826366621,0.0990023153277454,203,0.8857369878352193,-0.06146172049025056,513,0.8896563587508715,-0.13000107629884416
CHEMBL235_EC50,S0,MACCS,SVM,0.696136226449963,178,0.8382313166856343,0.2444270959955296,6,1.173333607155318,0.48549692520310395,74,0.8822549578971882,0.22652221187876953,279,0.7818747665426434,0.23286099791704218
CHEMBL235_EC50,S0,MACCS,RF,0.7072490875152531,178,0.8249950427803745,0.19971903238846722,6,1.0265852280532946,0.3243940882723416,74,0.8594753295446009,0.18430298979149617,279,0.7868704765657302,0.2139589763655214
CHEMBL235_EC50,S0,MACCS,GBM,0.7148973527022153,178,0.8614392874167123,0.2521598502190805,6,1.0451725293225604,0.33552925247186516,74,0.9052141122166069,0.23160463703745893,279,0.8133515411665008,0.27153030505198483
CHEMBL235_EC50,S0,MACCS,KNN,0.763206308709939,178,0.8797221202671386,0.1966512558866632,6,1.214266606029544,0.4586215754070483,74,0.9324611020638789,0.2050533134903918,279,0.8589180228324385,0.26054856714276986
CHEMBL235_EC50,S0,PHYSCHEM,SVM,0.8861772856168545,178,0.9787441484949255,0.15364249236566152,6,1.1223241348525521,0.2395992070962527,74,1.0941175576724391,0.2522461279453808,279,0.9751860498031455,0.2363983555505429
CHEMBL235_EC50,S0,PHYSCHEM,RF,0.7907415270601315,178,0.8913780354615392,0.16834185873133656,6,1.0441046375519147,0.2571570197282007,74,0.954010264962965,0.19750011527872313,279,0.8835076479887083,0.25045831012728026
CHEMBL235_EC50,S0,PHYSCHEM,GBM,0.8005136690411757,178,0.9129694918406099,0.18898138439085765,6,1.1120606362709682,0.3163533035604974,74,0.9842104624916008,0.22272149186682455,279,0.8974222147256773,0.26263304399652
CHEMBL235_EC50,S0,PHYSCHEM,KNN,0.8693540457479999,178,0.9348675590893383,0.10769608414137921,6,0.9825510426533496,0.11475074481493064,74,0.9812517284739722,0.1343311745795469,279,0.9455328729030148,0.19993632069012213
CHEMBL235_EC50,R0,MACCS,SVM,0.696136226449963,178,0.8382313166856343,0.2444270959955296,6,1.173333607155318,0.48549692520310395,74,0.8822549578971882,0.22652221187876953,279,0.7818747665426434,0.23286099791704218
CHEMBL235_EC50,R0,MACCS,RF,0.7072490875152531,178,0.8249950427803745,0.1997190323884671,6,1.0265852280532934,0.3243940882723404,74,0.859475329544601,0.18430298979149629,279,0.7868704765657301,0.21395897636552108
CHEMBL235_EC50,R0,MACCS,GBM,0.7148973527022153,178,0.8614392874167123,0.2521598502190805,6,1.0451725293225604,0.33552925247186516,74,0.9052141122166069,0.23160463703745893,279,0.8133515411665008,0.27153030505198483
CHEMBL235_EC50,R0,MACCS,KNN,0.763206308709939,178,0.8797221202671386,0.1966512558866632,6,1.214266606029544,0.4586215754070483,74,0.9324611020638789,0.2050533134903918,279,0.8589180228324385,0.26054856714276986
CHEMBL235_EC50,R0,PHYSCHEM,SVM,0.8861772856168545,178,0.9787441484949255,0.15364249236566152,6,1.1223241348525521,0.2395992070962527,74,1.0941175576724391,0.2522461279453808,279,0.9751860498031455,0.2363983555505429
CHEMBL235_EC50,R0,PHYSCHEM,RF,0.7907415270601315,178,0.891378035461539,0.16834185873133656,6,1.0441046375519139,0.2571570197281997,74,0.954010264962965,0.19750011527872313,279,0.8835076479887082,0.25045831012728004
CHEMBL235_EC50,R0,PHYSCHEM,GBM,0.8005136690411757,178,0.9129694918406099,0.18898138439085765,6,1.1120606362709682,0.3163533035604974,74,0.9842104624916008,0.22272149186682455,279,0.8974222147256773,0.26263304399652
CHEMBL235_EC50,R0,PHYSCHEM,KNN,0.8693540457479999,178,0.9348675590893383,0.10769608414137921,6,0.9825510426533496,0.11475074481493064,74,0.9812517284739722,0.1343311745795469,279,0.9455328729030148,0.19993632069012213
CHEMBL235_EC50,R2,MACCS,SVM,0.691998955097535,178,0.8378514244222439,0.2515334609952402,7,0.9039754306381338,0.21566610350484272,76,0.8731293901221092,0.22162733659687328,272,0.7599336423004908,0.1728077650405745
CHEMBL235_EC50,R2,MACCS,RF,0.6868278317298748,178,0.8276430010904128,0.24230925939281978,7,0.8787347453329869,0.19520736227167934,76,0.8666175549995953,0.21998730168445546,272,0.7473109487529148,0.15252992970124613
CHEMBL235_EC50,R2,MACCS,GBM,0.6923900714938116,178,0.830928017952777,0.23794143082388308,7,0.920760329956807,0.23238668775530702,76,0.8690103839428971,0.2159579442525401,272,0.7459245369601448,0.1338094971006064
CHEMBL235_EC50,R2,MACCS,KNN,0.7204405932361116,178,0.8625363302069551,0.24378763100813494,7,0.9112350987065444,0.19405437554194127,76,0.903923227498643,0.22433911755647062,272,0.7850910876524115,0.16327015800853872
CHEMBL235_EC50,R2,PHYSCHEM,SVM,0.9086968693164189,178,1.0008383029535552,0.15277929620852082,7,0.939767950655998,0.03154693930738983,76,1.1182647363909155,0.2555913274224213,272,0.9658462680323103,0.1412041987688949
CHEMBL235_EC50,R2,PHYSCHEM,RF,0.8138597711131559,178,0.8977672089028055,0.13920594532792152,7,0.9317561499444296,0.11980194219325913,76,0.9774184139862068,0.19886884681111738,272,0.843922226929767,0.07282598801952955
CHEMBL235_EC50,R2,PHYSCHEM,GBM,0.8206015828107512,178,0.8944069413172746,0.12190968378430533,7,0.8372165029401862,0.01686760820249944,76,0.9468424589332443,0.1527610773876289,272,0.840182236929544,0.046985666023859674
CHEMBL235_EC50,R2,PHYSCHEM,KNN,0.8389181226093961,178,0.8983274963832547,0.09751744899822556,7,0.9971369748654719,0.1608293040355886,76,0.9892520428106684,0.18238320851307233,272,0.8734036306946094,0.08379915506524493
CHEMBL236_Ki,S0,MACCS,SVM,0.849811223766306,204,0.9377253942670236,0.14965939760406277,22,1.0810233120975232,0.24287253167842604,90,1.001896690416443,0.1874198019261687,269,0.8580021618224493,0.017022466813268355
CHEMBL236_Ki,S0,MACCS,RF,0.8246687300648592,204,0.9532188377435019,0.22314997871565256,22,1.2549004483102306,0.4545049386115575,90,1.0323835913756396,0.2580902951500581,269,0.8607571358991934,0.07644154068129805
CHEMBL236_Ki,S0,MACCS,GBM,0.8300343097975869,204,0.9300522970741972,0.171323637652406,22,1.0382457866145796,0.2186075912370583,90,0.9619289001527067,0.16217701725512956,269,0.8602983273230568,0.06383760539116534
CHEMBL236_Ki,S0,MACCS,KNN,0.9051240092917244,204,1.0484596715298133,0.24905459360872795,22,1.3276831054795704,0.4458369803829474,90,1.1239728197234875,0.2716106943813722,269,0.886642667614494,-0.037801826295984275
CHEMBL236_Ki,S0,PHYSCHEM,SVM,1.1262277103797225,204,1.2372952245872646,0.1887464282317881,22,0.986365076830319,-0.1456312624468824,90,1.0344628312917612,-0.10999865499873573,269,1.1858374461909675,0.12693717985894803
CHEMBL236_Ki,S0,PHYSCHEM,RF,0.9984547357041975,204,0.9988630556470475,0.0006711756805155566,22,0.9930998764302231,-0.005590284416722269,90,0.9322234279457147,-0.07951444873014091,269,1.016449670909617,0.037568777333112924
CHEMBL236_Ki,S0,PHYSCHEM,GBM,1.0057350315564406,204,1.0221510203262651,0.02712343582301391,22,0.9620987951843032,-0.045516585420372735,90,0.9454706796139267,-0.07239833125491701,269,1.0138653440533116,0.016882257778885634
CHEMBL236_Ki,S0,PHYSCHEM,KNN,1.0426155336385026,204,1.022107517331691,-0.03349492425937273,22,0.8483818030950097,-0.20197077500153982,90,0.9484114540368039,-0.11282057076400964,269,1.060231683836921,0.03675521919742941
CHEMBL236_Ki,R0,MACCS,SVM,0.849811223766306,204,0.9377253942670236,0.14965939760406277,22,1.0810233120975232,0.24287253167842604,90,1.001896690416443,0.1874198019261687,269,0.8580021618224493,0.017022466813268355
CHEMBL236_Ki,R0,MACCS,RF,0.8246687300648592,204,0.9532188377435018,0.22314997871565256,22,1.2549004483102308,0.4545049386115577,90,1.0323835913756394,0.2580902951500579,269,0.8607571358991937,0.07644154068129838
CHEMBL236_Ki,R0,MACCS,GBM,0.8300343097975869,204,0.9300522970741972,0.171323637652406,22,1.0382457866145796,0.2186075912370583,90,0.9619289001527067,0.16217701725512956,269,0.8602983273230568,0.06383760539116534
CHEMBL236_Ki,R0,MACCS,KNN,0.9051240092917244,204,1.0484596715298133,0.24905459360872795,22,1.3276831054795704,0.4458369803829474,90,1.1239728197234875,0.2716106943813722,269,0.886642667614494,-0.037801826295984275
CHEMBL236_Ki,R0,PHYSCHEM,SVM,1.1262277103797225,204,1.2372952245872646,0.1887464282317881,22,0.986365076830319,-0.1456312624468824,90,1.0344628312917612,-0.10999865499873573,269,1.1858374461909675,0.12693717985894803
CHEMBL236_Ki,R0,PHYSCHEM,RF,0.9984547357041974,204,0.9988630556470475,0.0006711756805157787,22,0.9930998764302232,-0.005590284416722158,90,0.9322234279457143,-0.07951444873014124,269,1.016449670909617,0.037568777333112924
CHEMBL236_Ki,R0,PHYSCHEM,GBM,1.0057350315564406,204,1.0221510203262651,0.02712343582301391,22,0.9620987951843032,-0.045516585420372735,90,0.9454706796139267,-0.07239833125491701,269,1.0138653440533116,0.016882257778885634
CHEMBL236_Ki,R0,PHYSCHEM,KNN,1.0426155336385026,204,1.022107517331691,-0.03349492425937273,22,0.8483818030950097,-0.20197077500153982,90,0.9484114540368039,-0.11282057076400964,269,1.060231683836921,0.03675521919742941
CHEMBL236_Ki,R2,MACCS,SVM,0.7845110897423073,207,0.8364459160960371,0.0881408480476451,19,1.1097665227479179,0.34026134898660476,83,0.9306518052943127,0.17702120974968616,259,0.6922099975092705,-0.17393080985595621
CHEMBL236_Ki,R2,MACCS,RF,0.7642517570499842,207,0.8130445775387418,0.08273951437280636,19,1.2400149355185308,0.4997514877135699,83,0.8998313823270928,0.16408205332023407,259,0.6523493684294146,-0.2083402802215104
CHEMBL236_Ki,R2,MACCS,GBM,0.7680588478414294,207,0.8055365704549159,0.06321849840251936,19,1.1628167958085573,0.4137740015497613,83,0.8914412548661426,0.14907062942068916,259,0.6785614522444924,-0.16872874386785375
CHEMBL236_Ki,R2,MACCS,KNN,0.8388494636071488,207,0.8966827799596572,0.09824687555466882,19,1.3470465303304926,0.5336439878747968,83,0.9886440027103514,0.18130658937178645,259,0.74802698708222,-0.1718328916016404
CHEMBL236_Ki,R2,PHYSCHEM,SVM,1.0558020727836528,207,1.07233711781219,0.027578651081838768,19,0.9894921123460262,-0.06873809539635933,83,0.9446618193288951,-0.13090753474091033,259,1.006121486775686,-0.09659454119955235
CHEMBL236_Ki,R2,PHYSCHEM,RF,0.9409462574018322,207,0.9553187735554071,0.023968686522114924,19,0.9617536271838384,0.021603944309981693,83,0.9596545421496078,0.022295543361609327,259,0.923903939999164,-0.03359139653570509
CHEMBL236_Ki,R2,PHYSCHEM,GBM,0.9649715820077486,207,0.9893610765038051,0.04081083346788017,19,1.0160985836401648,0.053115399209435754,83,0.938149335928676,-0.03182141120262427,259,0.9405654790195652,-0.047940650445277844
CHEMBL236_Ki,R2,PHYSCHEM,KNN,0.9888887602214993,207,1.004892725764537,0.02669754178905126,19,1.07782976730738,0.0924649618774277,83,0.9819869869971032,-0.00820422175260449,259,0.9218190421367125,-0.12917298450824388
CHEMBL237_EC50,S0,MACCS,SVM,0.8316327189497683,91,0.8852657891609474,0.10458601434541148,7,0.7324239879050397,-0.10271231126804281,36,0.8491410315296665,0.021575161387548114,110,0.8131428196015531,-0.042379060392358725
CHEMBL237_EC50,S0,MACCS,RF,0.8515829370610631,91,0.9063651880068416,0.10681849945933541,7,0.7601530732253947,-0.09467985513060939,36,0.8273765790705639,-0.02966050742771187,110,0.8439174481320213,-0.01771949725243982
CHEMBL237_EC50,S0,MACCS,GBM,0.8134187604990805,91,0.8763956719983264,0.12359597985438142,7,0.7956319969969263,-0.01844856988704513,36,0.8405894855353723,0.033529866778024275,110,0.79725953596849,-0.03709297238792297
CHEMBL237_EC50,S0,MACCS,KNN,1.0057656283077938,91,0.9891673552214126,-0.03117866052965379,7,0.9637645086810326,-0.04354761293545384,36,0.9338522814790873,-0.08768978163292984,110,0.940469144949241,-0.14580283134102445
CHEMBL237_EC50,S0,PHYSCHEM,SVM,1.0610453089152905,91,1.0612520579412135,0.00039123559750309234,7,1.2841633035861457,0.23243870414925016,36,1.1705284626322279,0.1362196170146548,110,1.115419850373797,0.13105441478829327
CHEMBL237_EC50,S0,PHYSCHEM,RF,0.9777053566317517,91,0.9268049805644107,-0.09417186124757526,7,0.9840470219221841,0.0065811334622860596,36,0.948050585391125,-0.036328690324600954,110,0.945784621230664,-0.07268492544734273
CHEMBL237_EC50,S0,PHYSCHEM,GBM,1.0366231880194594,91,0.979535920565452,-0.10548584193270283,7,1.0630273237257764,0.02741098416734533,36,1.0320695764425567,-0.005594935472151175,110,0.9927588832907419,-0.0992862375363821
CHEMBL237_EC50,S0,PHYSCHEM,KNN,1.0142232168433394,91,0.9339637447199886,-0.1468446511008995,7,0.834335152813119,-0.18603901309232296,36,0.9145315083319705,-0.1211994465498738,110,0.9704640810672212,-0.09899782051198325
CHEMBL237_EC50,R0,MACCS,SVM,0.8316327189497683,91,0.8852657891609474,0.10458601434541148,7,0.7324239879050397,-0.10271231126804281,36,0.8491410315296665,0.021575161387548114,110,0.8131428196015531,-0.042379060392358725
CHEMBL237_EC50,R0,MACCS,RF,0.8515829370610632,91,0.9063651880068416,0.10681849945933519,7,0.7601530732253948,-0.09467985513060939,36,0.8273765790705637,-0.029660507427712313,110,0.8439174481320213,-0.017719497252440153
CHEMBL237_EC50,R0,MACCS,GBM,0.8134187604990805,91,0.8763956719983264,0.12359597985438142,7,0.7956319969969263,-0.01844856988704513,36,0.8405894855353723,0.033529866778024275,110,0.79725953596849,-0.03709297238792297
CHEMBL237_EC50,R0,MACCS,KNN,1.0057656283077938,91,0.9891673552214126,-0.03117866052965379,7,0.9637645086810326,-0.04354761293545384,36,0.9338522814790873,-0.08768978163292984,110,0.940469144949241,-0.14580283134102445
CHEMBL237_EC50,R0,PHYSCHEM,SVM,1.0610453089152905,91,1.0612520579412135,0.00039123559750309234,7,1.2841633035861457,0.23243870414925016,36,1.1705284626322279,0.1362196170146548,110,1.115419850373797,0.13105441478829327
CHEMBL237_EC50,R0,PHYSCHEM,RF,0.9777053566317517,91,0.9268049805644105,-0.09417186124757548,7,0.9840470219221841,0.006581133462286171,36,0.9480505853911249,-0.03632869032460084,110,0.9457846212306638,-0.07268492544734295
CHEMBL237_EC50,R0,PHYSCHEM,GBM,1.0366231880194594,91,0.979535920565452,-0.10548584193270283,7,1.0630273237257764,0.02741098416734533,36,1.0320695764425567,-0.005594935472151175,110,0.9927588832907419,-0.0992862375363821
CHEMBL237_EC50,R0,PHYSCHEM,KNN,1.0142232168433394,91,0.9339637447199886,-0.1468446511008995,7,0.834335152813119,-0.18603901309232296,36,0.9145315083319705,-0.1211994465498738,110,0.9704640810672212,-0.09899782051198325
CHEMBL237_EC50,R2,MACCS,SVM,0.8702870607575912,85,0.9278362445698947,0.10567047084203207,6,1.048265543252742,0.18429586924378116,36,1.0481415660297233,0.22402849358350074,108,0.858985681004851,-0.025452495127686103
CHEMBL237_EC50,R2,MACCS,RF,0.9383924294232342,85,0.9653024644756372,0.04864460701724205,6,0.9313344589964235,-0.007283550619782475,36,1.1040111296816126,0.20789869368435043,108,0.9421070001598308,0.008455578334121805
CHEMBL237_EC50,R2,MACCS,GBM,0.8928209255021018,85,0.9247036310804558,0.05779977403747516,6,0.7210817139049654,-0.17670577312434088,36,1.0262288015427303,0.1669123176658549,108,0.8935448135743022,0.0016444992400731495
CHEMBL237_EC50,R2,MACCS,KNN,1.0495243046747218,85,1.011185719939041,-0.06755470098807326,6,0.7435973257202342,-0.3142789709938596,36,1.1707501394194517,0.15105200638200977,108,1.0592119940765068,0.02212728410309639
CHEMBL237_EC50,R2,PHYSCHEM,SVM,1.0723802100463877,85,1.094656969702251,0.04014028269307546,6,0.8640511973538793,-0.21434720150490139,36,1.2872201682385802,0.27048071755399583,108,1.1536411242209887,0.1943890830102314
CHEMBL237_EC50,R2,PHYSCHEM,RF,1.0028149245820537,85,1.0120945797644034,0.01664391912384955,6,1.1273432851027878,0.1287810221564586,36,1.115007375438474,0.1397354124541047,108,1.0218339945797048,0.04371779052183444
CHEMBL237_EC50,R2,PHYSCHEM,GBM,1.0578878155406142,85,1.0914592085609025,0.060762000688967976,6,1.1095621143860037,0.05337415730454809,36,1.1352507485646537,0.09591348359468332,108,1.0506332930474864,-0.016400889459800227
CHEMBL237_EC50,R2,PHYSCHEM,KNN,1.04871406128233,85,1.0248440313175473,-0.042281211536513874,6,0.9351294917037718,-0.11702598671258868,36,1.1365369172591426,0.10901796404887842,108,1.1112592448404714,0.1478538852121558
CHEMBL237_Ki,S0,MACCS,SVM,0.7791146700447498,223,0.8725799107086234,0.1712361788581226,19,1.3060551142921946,0.5540472678093487,88,1.0158174274036778,0.294102905758058,323,0.7969099654127256,0.047578226181067995
CHEMBL237_Ki,S0,MACCS,RF,0.8120771506971911,223,0.9214289945364007,0.20164415697302185,19,1.3213057215993367,0.5349005496413264,88,1.0325240700994003,0.2729073072720477,323,0.8002147327208138,-0.03075607795122548
CHEMBL237_Ki,S0,MACCS,GBM,0.76737180697621,223,0.8513763912398209,0.15320644357207436,19,1.2230527885967342,0.4783386794370458,88,0.9665238311111364,0.24621628984712518,323,0.7672213476762307,-0.00039460935222213056
CHEMBL237_Ki,S0,MACCS,KNN,0.8179122583195485,223,0.9326874083954304,0.21218310821099273,19,1.2607583719527558,0.4643860308559844,88,1.06035240150525,0.3009789537762966,323,0.8237404380800983,0.01537743746343978
CHEMBL237_Ki,S0,PHYSCHEM,SVM,1.0324578502871908,223,1.046374563065384,0.024419439601083948,19,1.256598083078157,0.2335688300027685,88,1.1609458820841392,0.15654320179783277,323,1.040397671634998,0.020958703363410658
CHEMBL237_Ki,S0,PHYSCHEM,RF,0.9595740416325272,223,0.9758362852907336,0.02857268080454256,19,1.2141326014373508,0.2655120263833347,88,1.0264679601806435,0.0810346328746181,323,0.9522631436872441,-0.01906019484945487
CHEMBL237_Ki,S0,PHYSCHEM,GBM,0.9532540057311267,223,0.9827407910698369,0.052086635571967355,19,1.1601544528689713,0.21560364672136278,88,1.0169781456550548,0.07717189807260305,323,0.946739454758516,-0.016994679591332273
CHEMBL237_Ki,S0,PHYSCHEM,KNN,0.9699263055718718,223,0.9642334009866866,-0.009917124180664483,19,1.2662018734296998,0.309263106268615,88,1.0297261805476439,0.07238057345779603,323,0.9440148398093775,-0.06655541618645189
CHEMBL237_Ki,R0,MACCS,SVM,0.7791146700447498,223,0.8725799107086234,0.1712361788581226,19,1.3060551142921946,0.5540472678093487,88,1.0158174274036778,0.294102905758058,323,0.7969099654127256,0.047578226181067995
CHEMBL237_Ki,R0,MACCS,RF,0.8120771506971911,223,0.9214289945364007,0.20164415697302196,19,1.3213057215993367,0.5349005496413265,88,1.0325240700994003,0.2729073072720477,323,0.8002147327208137,-0.03075607795122548
CHEMBL237_Ki,R0,MACCS,GBM,0.76737180697621,223,0.8513763912398209,0.15320644357207436,19,1.2230527885967342,0.4783386794370458,88,0.9665238311111364,0.24621628984712518,323,0.7672213476762307,-0.00039460935222213056
CHEMBL237_Ki,R0,MACCS,KNN,0.8179122583195485,223,0.9326874083954304,0.21218310821099273,19,1.2607583719527558,0.4643860308559844,88,1.06035240150525,0.3009789537762966,323,0.8237404380800983,0.01537743746343978
CHEMBL237_Ki,R0,PHYSCHEM,SVM,1.0324578502871908,223,1.046374563065384,0.024419439601083948,19,1.256598083078157,0.2335688300027685,88,1.1609458820841392,0.15654320179783277,323,1.040397671634998,0.020958703363410658
CHEMBL237_Ki,R0,PHYSCHEM,RF,0.9595740416325272,223,0.9758362852907337,0.02857268080454267,19,1.2141326014373501,0.26551202638333393,88,1.0264679601806435,0.08103463287461787,323,0.9522631436872442,-0.01906019484945487
CHEMBL237_Ki,R0,PHYSCHEM,GBM,0.9532540057311267,223,0.9827407910698369,0.052086635571967355,19,1.1601544528689713,0.21560364672136278,88,1.0169781456550548,0.07717189807260305,323,0.946739454758516,-0.016994679591332273
CHEMBL237_Ki,R0,PHYSCHEM,KNN,0.9699263055718718,223,0.9642334009866866,-0.009917124180664483,19,1.2662018734296998,0.309263106268615,88,1.0297261805476439,0.07238057345779603,323,0.9440148398093775,-0.06655541618645189
CHEMBL237_Ki,R2,MACCS,SVM,0.7882129406460094,226,0.8663336755947044,0.14342831491353858,21,0.9712026885885683,0.19159732746192415,89,0.8985188744465484,0.13495023050297195,312,0.8192909786060447,0.07965848557326172
CHEMBL237_Ki,R2,MACCS,RF,0.82484043803558,226,0.9121616692602897,0.1607934606935203,21,1.1101212902987803,0.29942794013546525,89,0.9491279329820406,0.15223191741499198,312,0.8389138919324672,0.03543763830504021
CHEMBL237_Ki,R2,MACCS,GBM,0.785584802097315,226,0.8683732164969183,0.1524146465131292,21,1.017082590929409,0.2427110405723092,89,0.9133663572610683,0.156715010070125,312,0.8235338233053007,0.09798636400777838
CHEMBL237_Ki,R2,MACCS,KNN,0.8396084578104823,226,0.9068936592414062,0.12253466696605708,21,1.1275544564506248,0.30220634373432287,89,0.9429726515284576,0.12622907154036334,312,0.841944979006138,0.005819980625249799
CHEMBL237_Ki,R2,PHYSCHEM,SVM,1.1085085011928069,226,1.1259686819010752,0.03097868451595276,21,1.4095494911217519,0.3154667606122381,89,1.140111771271957,0.03821138575404026,312,1.0698300811498647,-0.09377187001154441
CHEMBL237_Ki,R2,PHYSCHEM,RF,0.9171556043239013,226,0.9874471366936715,0.12782095982302788,21,1.204980044508375,0.30188984838835176,89,1.0411775682979028,0.15165357166890503,312,0.935759806979297,0.046963520330791875
CHEMBL237_Ki,R2,PHYSCHEM,GBM,0.9585367579683584,226,0.993538666538628,0.06261191702263469,21,1.3265914173376394,0.3866238451818842,89,1.0585957178996976,0.12194872966493953,312,0.9365769688283412,-0.05368695790592959
CHEMBL237_Ki,R2,PHYSCHEM,KNN,0.9596249698578915,226,1.0040322121228733,0.07974803172633471,21,1.3229047255706177,0.381563485947779,89,1.0551705999950618,0.11638835767928102,312,0.9588106928192248,-0.0020227858239046936
CHEMBL238_Ki,S0,MACCS,SVM,0.6686781901504072,55,0.6820953378321309,0.018151289755524713,0,,,27,0.6467770348338526,-0.02502101308565119,95,0.7716823876307365,0.1992441074753858
CHEMBL238_Ki,S0,MACCS,RF,0.7026550978485951,55,0.7096551952813293,0.009453260389226448,0,,,27,0.7164996044155751,0.01587693094912801,95,0.789248497123446,0.1649760483077276
CHEMBL238_Ki,S0,MACCS,GBM,0.6713600764934561,55,0.6999712740550972,0.038861261502113775,0,,,27,0.6763804960086212,0.005752313900517669,95,0.7563960402932617,0.16227608925896964
CHEMBL238_Ki,S0,MACCS,KNN,0.7030512864276177,55,0.7315987048773019,0.03876075031199566,0,,,27,0.7501930737401603,0.05425031475401798,95,0.7643533905844224,0.11484610225666947
CHEMBL238_Ki,S0,PHYSCHEM,SVM,1.0165939444996528,55,0.9730113928708015,-0.058321643483843166,0,,,27,0.995425598125222,-0.02420464411238399,95,1.1006172746647642,0.1570905995728088
CHEMBL238_Ki,S0,PHYSCHEM,RF,0.9099376582850857,55,0.832407496526578,-0.10301195932037677,0,,,27,0.837402692636735,-0.08258902412841473,95,0.9686599927225142,0.10890822427072122
CHEMBL238_Ki,S0,PHYSCHEM,GBM,0.9112701347711394,55,0.889038115567248,-0.029844811318079145,0,,,27,0.8743863210517787,-0.042114549276287216,95,1.0123280334035418,0.19140843959630804
CHEMBL238_Ki,S0,PHYSCHEM,KNN,0.938386475528888,55,0.8602623308576355,-0.10383498589215112,0,,,27,0.8836196638088079,-0.06245335907456373,95,0.9275424858994065,-0.019484099909131358
CHEMBL238_Ki,R0,MACCS,SVM,0.6686781901504072,55,0.6820953378321309,0.018151289755524713,0,,,27,0.6467770348338526,-0.02502101308565119,95,0.7716823876307365,0.1992441074753858
CHEMBL238_Ki,R0,MACCS,RF,0.7026550978485949,55,0.709655195281329,0.009453260389226448,0,,,27,0.7164996044155748,0.015876930949127788,95,0.7892484971234459,0.16497604830772783
CHEMBL238_Ki,R0,MACCS,GBM,0.6713600764934561,55,0.6999712740550972,0.038861261502113775,0,,,27,0.6763804960086212,0.005752313900517669,95,0.7563960402932617,0.16227608925896964
CHEMBL238_Ki,R0,MACCS,KNN,0.7030512864276177,55,0.7315987048773019,0.03876075031199566,0,,,27,0.7501930737401603,0.05425031475401798,95,0.7643533905844224,0.11484610225666947
CHEMBL238_Ki,R0,PHYSCHEM,SVM,1.0165939444996528,55,0.9730113928708015,-0.058321643483843166,0,,,27,0.995425598125222,-0.02420464411238399,95,1.1006172746647642,0.1570905995728088
CHEMBL238_Ki,R0,PHYSCHEM,RF,0.9099376582850854,55,0.8324074965265783,-0.10301195932037632,0,,,27,0.8374026926367353,-0.08258902412841429,95,0.9686599927225141,0.10890822427072133
CHEMBL238_Ki,R0,PHYSCHEM,GBM,0.9112701347711394,55,0.889038115567248,-0.029844811318079145,0,,,27,0.8743863210517787,-0.042114549276287216,95,1.0123280334035418,0.19140843959630804
CHEMBL238_Ki,R0,PHYSCHEM,KNN,0.938386475528888,55,0.8602623308576355,-0.10383498589215112,0,,,27,0.8836196638088079,-0.06245335907456373,95,0.9275424858994065,-0.019484099909131358
CHEMBL238_Ki,R2,MACCS,SVM,0.5547364563178587,50,0.6552150565158879,0.13517676364227782,0,,,26,0.711036858829717,0.18167380002417144,88,0.5946939522394779,0.06990926313244339
CHEMBL238_Ki,R2,MACCS,RF,0.5946747241994415,50,0.6593602866940377,0.08598848954579441,0,,,26,0.6587300310565941,0.07351631133214465,88,0.6239984955933304,0.0508669079179197
CHEMBL238_Ki,R2,MACCS,GBM,0.6081041256468047,50,0.6715388580204359,0.0842649135544078,0,,,26,0.7182088930162905,0.1270350434326154,88,0.6360213299428668,0.04836586587308489
CHEMBL238_Ki,R2,MACCS,KNN,0.6433598706330876,50,0.7229607033407118,0.10607345140816438,0,,,26,0.7487145443890741,0.12140243844415277,88,0.6786579646216866,0.06135741591027433
CHEMBL238_Ki,R2,PHYSCHEM,SVM,0.8549372570084655,50,0.8976888303918017,0.056300804136891314,0,,,26,1.001661885475509,0.1691700294168904,88,0.8032951222068961,-0.08620165356198473
CHEMBL238_Ki,R2,PHYSCHEM,RF,0.7868329426272744,50,0.8771122377003635,0.1201271737856755,0,,,26,1.021049546937008,0.2725626656394581,88,0.7035297167813045,-0.1370112398167137
CHEMBL238_Ki,R2,PHYSCHEM,GBM,0.8048599937263453,50,0.9426005751920127,0.18499486730261883,0,,,26,1.1002658630630173,0.3455795854346575,88,0.747396795081992,-0.09557102648868909
CHEMBL238_Ki,R2,PHYSCHEM,KNN,0.8216851453789936,50,0.8346470353691517,0.01697911051164136,0,,,26,0.9172601389447776,0.10975874536589969,88,0.762591740832282,-0.09826549463822443
CHEMBL239_EC50,S0,MACCS,SVM,0.717839145653884,141,0.8533322538270003,0.24539974907002693,6,1.0161784484358745,0.3047077633006957,54,0.890165512540473,0.20882630226908971,211,0.7812701490226319,0.1748349172206185
CHEMBL239_EC50,S0,MACCS,RF,0.7352259830433111,141,0.8710373066722145,0.24554402608779136,6,1.126735703390914,0.4002849568068043,54,0.91017132154091,0.21195534689301931,211,0.7985036395819672,0.1740152416803722
CHEMBL239_EC50,S0,MACCS,GBM,0.7231431672178047,141,0.8520040556564539,0.2323213637899123,6,1.0065982344467352,0.2894448400804903,54,0.9040657832253824,0.21946500720553108,211,0.7859195155948232,0.17276383624325864
CHEMBL239_EC50,S0,MACCS,KNN,0.7963289822013296,141,0.8709471741380306,0.13001126303185362,6,1.210686859337419,0.42359906992434615,54,0.8403372978396512,0.05238726084239276,211,0.8346238465898432,0.10165763507823422
CHEMBL239_EC50,S0,PHYSCHEM,SVM,0.9617684741265465,141,1.0568893340233094,0.16606395758714987,6,1.291526584963565,0.33657918359800365,54,1.0988842491347786,0.16457974530286634,211,1.0043938624029376,0.112781682717074
CHEMBL239_EC50,S0,PHYSCHEM,RF,0.8930421265092907,141,1.0400257672727093,0.2634645334842024,6,1.520818057898808,0.6428311813451794,54,1.0124928490022274,0.14325510745099412,211,0.9771289544004889,0.23312289838585298
CHEMBL239_EC50,S0,PHYSCHEM,GBM,0.8742218467405749,141,1.012687420229392,0.24755210576195308,6,1.5652999793695384,0.7082119416568832,54,0.9913295907508394,0.1404479033899817,211,0.9596345044608556,0.23765808662716637
CHEMBL239_EC50,S0,PHYSCHEM,KNN,0.8801693931804645,141,1.0052662989013101,0.22215805646874753,6,1.351924851925726,0.48234434678417515,54,0.937934647551167,0.06883031476024559,211,0.9369494103348459,0.15297009037082232
CHEMBL239_EC50,R0,MACCS,SVM,0.7244183190499446,142,0.8437260082956504,0.21559272582047317,9,0.9953780219344832,0.2796008798387515,56,0.9195247156299955,0.2391974658025542,210,0.78248759334042,0.1582568746945927
CHEMBL239_EC50,R0,MACCS,RF,0.7375171666971572,142,0.8431186225690913,0.189097261307567,9,1.0298279445024465,0.3017244096443431,56,0.8913145975133213,0.18735636068291117,210,0.8057608907429312,0.18826062350565853
CHEMBL239_EC50,R0,MACCS,GBM,0.7249436630328329,142,0.8309183599436714,0.19000299404060295,9,1.0069609186400632,0.2910703748606882,56,0.914248772619759,0.23188386614535483,210,0.7894436458169244,0.17730227326639036
CHEMBL239_EC50,R0,MACCS,KNN,0.7921868464792964,142,0.8790148270198878,0.15337435089980567,9,1.1519315227183542,0.3716225908762112,56,0.856800421424174,0.07770773509692408,210,0.8437120369126069,0.13844164837102468
CHEMBL239_EC50,R0,PHYSCHEM,SVM,0.9897533347810891,142,1.1179301001525783,0.22823247309070638,9,1.3144274264341904,0.3348190741999647,56,1.2093188604666205,0.26784474543053716,210,1.0365256851038216,0.12368960070656099
CHEMBL239_EC50,R0,PHYSCHEM,RF,0.8942329586708664,142,1.0284644151076026,0.2410609860867562,9,1.4179016521599368,0.5419353974809156,56,1.036841853347707,0.172854511930723,210,0.9717620519897321,0.21263967656293292
CHEMBL239_EC50,R0,PHYSCHEM,GBM,0.8984219209442605,142,1.032599383123848,0.24088709443776302,9,1.483043814787855,0.6055587664141245,56,1.0365695530439016,0.16735001910037361,210,0.9800605182706167,0.22483789852929736
CHEMBL239_EC50,R0,PHYSCHEM,KNN,0.8849793389939471,142,1.0208510351953157,0.2443589035799879,9,1.2459829345981621,0.37268818135768766,56,1.006450546081969,0.1469029392507587,210,0.9524589051787001,0.1832164203514819
CHEMBL239_EC50,R2,MACCS,SVM,0.7548806145895157,133,0.842267229517543,0.14750409765008432,7,0.9044707631785485,0.15299275187389594,57,0.8648031389581934,0.13355103438423022,235,0.7957343300513011,0.1356367622922423
CHEMBL239_EC50,R2,MACCS,RF,0.8000752083370287,133,0.8811922810032882,0.13623376657343622,7,1.0464526972353718,0.25226994897214394,57,0.8866404255431324,0.10476937454446622,235,0.8329269250298246,0.10729374008624293
CHEMBL239_EC50,R2,MACCS,GBM,0.7390469142116898,133,0.8248101629081475,0.1447784456032749,7,0.9689380136070644,0.23539693548344498,57,0.8206464802587908,0.09878182125754931,235,0.7608677764981184,0.07028953988679265
CHEMBL239_EC50,R2,MACCS,KNN,0.7778201308059847,133,0.8840018880919736,0.18056516706918146,7,1.1877040581956335,0.4206521771060988,57,0.9331219570975915,0.1897531348821967,235,0.8261510814423051,0.16216150337794732
CHEMBL239_EC50,R2,PHYSCHEM,SVM,0.9722808600151167,133,1.0281584862245359,0.09245912587969662,7,1.089432999933441,0.11972034193232539,57,1.0476778156077862,0.09096891942707819,235,0.9805625259750487,0.02605198844853185
CHEMBL239_EC50,R2,PHYSCHEM,RF,0.9220538105228326,133,0.963118198175424,0.06766006762399657,7,1.0770034391166983,0.15842456598140153,57,0.9644820017890289,0.05102902575165358,235,0.9353825430685496,0.04220328649364902
CHEMBL239_EC50,R2,PHYSCHEM,GBM,0.8994503901112448,133,0.9516181871829563,0.08633567934666697,7,1.0944329958187546,0.19945631907134664,57,0.9353510921104684,0.04315200392787766,235,0.9471091658190974,0.15799915817106336
CHEMBL239_EC50,R2,PHYSCHEM,KNN,0.965585218452358,133,1.0021248564644787,0.06007396881086091,7,1.0644715545423384,0.10103518422197855,57,0.958037185715642,-0.00902978947402655,235,0.9908134623687785,0.08094461659893681
CHEMBL244_Ki,S0,MACCS,SVM,0.8183447713289053,296,0.8697212655107156,0.10115119116973736,14,1.2838322379677989,0.4793952042655274,128,0.9357931768354704,0.15081037320876978,433,0.8183612345155126,5.438231781629277e-05
CHEMBL244_Ki,S0,MACCS,RF,0.8442225504167278,296,0.9152912023195289,0.14145438546537525,14,1.3600173662232002,0.5314709589198626,128,0.9681844607505038,0.15924707699644058,433,0.8387047796513641,-0.018091093025537575
CHEMBL244_Ki,S0,MACCS,GBM,0.8107780813630167,296,0.8842169915084451,0.14666033146138968,14,1.202500270028691,0.40301820459477444,128,0.9452108493998408,0.17315447278457086,433,0.8257811535931712,0.05066188695984508
CHEMBL244_Ki,S0,MACCS,KNN,0.8917652728644162,296,0.951038247828434,0.11691392059408434,14,1.247744389239434,0.36588323804685885,128,1.0147394479094438,0.15778339137298447,433,0.8838668574064893,-0.025829150122981814
CHEMBL244_Ki,S0,PHYSCHEM,SVM,1.1516889187801334,296,1.0886993465904462,-0.11749969165025553,14,1.1177603739350535,-0.03469929670160399,128,1.180264029704872,0.03611090032845787,433,1.0991758003738483,-0.16519140424937562
CHEMBL244_Ki,S0,PHYSCHEM,RF,1.131400769124983,296,1.1144283011282516,-0.03221189081798426,14,1.2686425768357679,0.1406041676660501,128,1.2081500939181085,0.09754308301374248,433,1.1064108859258301,-0.08054668545253807
CHEMBL244_Ki,S0,PHYSCHEM,GBM,1.099780593330419,296,1.104722818038286,0.009462855763143319,14,1.274279502384266,0.17885150120588156,128,1.2155022839164844,0.14781610316476135,433,1.0789097009321622,-0.06749609936849477
CHEMBL244_Ki,S0,PHYSCHEM,KNN,1.1382272362623318,296,1.1351702280778186,-0.0058341104334120875,14,1.491977374500548,0.36321635023779164,128,1.223801627864524,0.10886600035389304,433,1.0912924622925135,-0.1482928765885354
CHEMBL244_Ki,R0,MACCS,SVM,0.8183447713289053,296,0.8697212655107156,0.10115119116973736,14,1.2838322379677989,0.4793952042655274,128,0.9357931768354704,0.15081037320876978,433,0.8183612345155126,5.438231781629277e-05
CHEMBL244_Ki,R0,MACCS,RF,0.8442225504167278,296,0.9152912023195289,0.14145438546537537,14,1.3600173662232005,0.5314709589198631,128,0.9681844607505038,0.15924707699644058,433,0.8387047796513643,-0.01809109302553713
CHEMBL244_Ki,R0,MACCS,GBM,0.8107780813630167,296,0.8842169915084451,0.14666033146138968,14,1.202500270028691,0.40301820459477444,128,0.9452108493998408,0.17315447278457086,433,0.8257811535931712,0.05066188695984508
CHEMBL244_Ki,R0,MACCS,KNN,0.8917652728644162,296,0.951038247828434,0.11691392059408434,14,1.247744389239434,0.36588323804685885,128,1.0147394479094438,0.15778339137298447,433,0.8838668574064893,-0.025829150122981814
CHEMBL244_Ki,R0,PHYSCHEM,SVM,1.1516889187801334,296,1.0886993465904462,-0.11749969165025553,14,1.1177603739350535,-0.03469929670160399,128,1.180264029704872,0.03611090032845787,433,1.0991758003738483,-0.16519140424937562
CHEMBL244_Ki,R0,PHYSCHEM,RF,1.131400769124983,296,1.1144283011282516,-0.032211890817984035,14,1.2686425768357674,0.14060416766604966,128,1.2081500939181085,0.09754308301374248,433,1.1064108859258301,-0.08054668545253785
CHEMBL244_Ki,R0,PHYSCHEM,GBM,1.099780593330419,296,1.104722818038286,0.009462855763143319,14,1.274279502384266,0.17885150120588156,128,1.2155022839164844,0.14781610316476135,433,1.0789097009321622,-0.06749609936849477
CHEMBL244_Ki,R0,PHYSCHEM,KNN,1.1382272362623318,296,1.1351702280778186,-0.0058341104334120875,14,1.491977374500548,0.36321635023779164,128,1.223801627864524,0.10886600035389304,433,1.0912924622925135,-0.1482928765885354
CHEMBL244_Ki,R2,MACCS,SVM,0.8511007950984547,290,0.9372617162289374,0.16955610698328705,13,1.3276266054905224,0.4896685015619935,131,1.019130046491675,0.21890641816305512,420,0.8835495589839479,0.10460322337273764
CHEMBL244_Ki,R2,MACCS,RF,0.8498301607613871,290,0.9144082066908734,0.1254896157546267,13,1.3846451403056779,0.549983738652238,131,0.9790002840833925,0.16717772535451902,420,0.8868257722380076,0.12004001629010774
CHEMBL244_Ki,R2,MACCS,GBM,0.8042055375114188,290,0.8678862720191323,0.12394011683522665,13,1.2569356787577899,0.46523212068569963,131,0.9077755349614213,0.13360288355534766,420,0.8371609990367068,0.10660059488544371
CHEMBL244_Ki,R2,MACCS,KNN,0.8570529410895765,290,0.9300630034706672,0.14251988961629036,13,1.2340092736654273,0.3868458028106707,131,1.0064990890751035,0.19404389548213619,420,0.9032596354250964,0.15187473182979427
CHEMBL244_Ki,R2,PHYSCHEM,SVM,1.2114346341310445,290,1.1242673323219319,-0.1586791853895193,13,1.1843376766451832,-0.02766971818266395,131,1.1992205981560722,-0.015458614853053998,420,1.2122215163692578,0.002432765850678642
CHEMBL244_Ki,R2,PHYSCHEM,RF,1.1298323030163608,290,1.0820259808003643,-0.0880868507312591,13,1.2676416387320752,0.1409399562464715,131,1.119003304369019,-0.013706559670731755,420,1.116496352688232,-0.04070613503788878
CHEMBL244_Ki,R2,PHYSCHEM,GBM,1.1031564378094239,290,1.090948210289714,-0.022794280484417895,13,1.250626780393572,0.15083939293384008,131,1.1381925603755227,0.04459306411224362,420,1.1191364449200776,0.05014186490178041
CHEMBL244_Ki,R2,PHYSCHEM,KNN,1.1238462703189482,290,1.1356131417655195,0.022178412666891134,13,1.360748819501811,0.24251579629747,131,1.155115774525988,0.039777817574499164,420,1.1321658214354493,0.02590562744982794
CHEMBL262_Ki,S0,MACCS,SVM,0.833880634195662,32,0.9592264264851739,0.1565135838134173,0,,,15,1.0066993348962185,0.19112664441002847,69,0.888557540778059,0.09302394466219688
CHEMBL262_Ki,S0,MACCS,RF,0.8922868156714389,32,0.8835109617071337,-0.010755546648284375,0,,,15,0.910439441574719,0.01989520790895949,69,0.9003510315461369,0.013454974277722687
CHEMBL262_Ki,S0,MACCS,GBM,0.8379895818117228,32,0.9191572423082894,0.100708657462383,0,,,15,0.9675766660582769,0.14294739678441815,69,0.8542534915240668,0.02723086388605378
CHEMBL262_Ki,S0,MACCS,KNN,0.9202333350632442,32,1.1286150684694995,0.2626274123099702,0,,,15,1.3708149890929475,0.5054677674181283,69,0.9749233336615707,0.09284387030287633
CHEMBL262_Ki,S0,PHYSCHEM,SVM,0.9550521105348081,32,0.9998393353081402,0.05524731459810728,0,,,15,1.0354548005256896,0.08839056689342506,69,1.0065442817134505,0.0872454353336386
CHEMBL262_Ki,S0,PHYSCHEM,RF,0.8634262625498826,32,0.8494811043728965,-0.017078772646973106,0,,,15,0.8459817706551833,-0.019082331142895925,69,0.9033721034532938,0.06750112906724715
CHEMBL262_Ki,S0,PHYSCHEM,GBM,0.8861936017271118,32,0.9262000909545504,0.04934007081384495,0,,,15,0.9755317395340777,0.09829235693385141,69,0.9329271935466915,0.07914996956519227
CHEMBL262_Ki,S0,PHYSCHEM,KNN,0.923585757784129,32,0.9318402181550118,0.01013810537418769,0,,,15,0.9781463409860911,0.059908868505527124,69,0.9077397947474101,-0.02621080351800753
CHEMBL262_Ki,R0,MACCS,SVM,0.833880634195662,32,0.9592264264851739,0.1565135838134173,0,,,15,1.0066993348962185,0.19112664441002847,69,0.888557540778059,0.09302394466219688
CHEMBL262_Ki,R0,MACCS,RF,0.8922868156714389,32,0.8835109617071336,-0.010755546648284486,0,,,15,0.9104394415747191,0.0198952079089596,69,0.9003510315461369,0.013454974277722687
CHEMBL262_Ki,R0,MACCS,GBM,0.8379895818117228,32,0.9191572423082894,0.100708657462383,0,,,15,0.9675766660582769,0.14294739678441815,69,0.8542534915240668,0.02723086388605378
CHEMBL262_Ki,R0,MACCS,KNN,0.9202333350632442,32,1.1286150684694995,0.2626274123099702,0,,,15,1.3708149890929475,0.5054677674181283,69,0.9749233336615707,0.09284387030287633
CHEMBL262_Ki,R0,PHYSCHEM,SVM,0.9550521105348081,32,0.9998393353081402,0.05524731459810728,0,,,15,1.0354548005256896,0.08839056689342506,69,1.0065442817134505,0.0872454353336386
CHEMBL262_Ki,R0,PHYSCHEM,RF,0.8634262625498826,32,0.8494811043728966,-0.017078772646972884,0,,,15,0.8459817706551832,-0.019082331142896036,69,0.9033721034532939,0.06750112906724737
CHEMBL262_Ki,R0,PHYSCHEM,GBM,0.8861936017271118,32,0.9262000909545504,0.04934007081384495,0,,,15,0.9755317395340777,0.09829235693385141,69,0.9329271935466915,0.07914996956519227
CHEMBL262_Ki,R0,PHYSCHEM,KNN,0.923585757784129,32,0.9318402181550118,0.01013810537418769,0,,,15,0.9781463409860911,0.059908868505527124,69,0.9077397947474101,-0.02621080351800753
CHEMBL262_Ki,R2,MACCS,SVM,0.721776935886569,26,0.9301810426352763,0.25189658982558727,0,,,12,0.8072462763587719,0.09224873951977552,60,0.840751705372638,0.1909415853154982
CHEMBL262_Ki,R2,MACCS,RF,0.7348018068051643,26,0.8884130376229058,0.18425962387677797,0,,,12,0.723759706456949,-0.011858476691114839,60,0.8367522711076113,0.16231860182287638
CHEMBL262_Ki,R2,MACCS,GBM,0.7490757964702367,26,0.8815313920572074,0.15840383357662668,0,,,12,0.8437756468490262,0.1022423652374248,60,0.8582876548388693,0.17425125459240132
CHEMBL262_Ki,R2,MACCS,KNN,0.8183994342994944,26,1.0181049440441348,0.2403462984441369,0,,,12,0.8026556484961406,-0.01690512468888894,60,0.8883136048531032,0.10958382985669657
CHEMBL262_Ki,R2,PHYSCHEM,SVM,0.8079114367021323,26,0.9464995419013587,0.16565612061358836,0,,,12,0.8954189619072502,0.09441255889338385,60,0.8561428120888118,0.07505052599661155
CHEMBL262_Ki,R2,PHYSCHEM,RF,0.7786643433410964,26,0.9249644019598862,0.1751412761404948,0,,,12,0.7849424430515862,0.006748060820232826,60,0.8146449317346861,0.05577840551814617
CHEMBL262_Ki,R2,PHYSCHEM,GBM,0.7596388500923581,26,0.8755073743286262,0.13825511057868456,0,,,12,0.804771388269771,0.04860431803204912,60,0.8161573599134534,0.08830997962553833
CHEMBL262_Ki,R2,PHYSCHEM,KNN,0.8660956238014298,26,1.0488204256006342,0.2192216761789495,0,,,12,0.7391326713265486,-0.13568846973794302,60,0.9300654506944874,0.09993731600294742
CHEMBL264_Ki,S0,MACCS,SVM,0.720453085747489,239,0.813070454296538,0.16675541472134636,24,0.9092380638525003,0.19816322080558246,170,0.8184070063855431,0.1434080778699902,369,0.7388733980594597,0.05282208839760838
CHEMBL264_Ki,S0,MACCS,RF,0.7286140341510011,239,0.8210986102168403,0.16640326564816643,24,0.9063997225039935,0.18654272052961973,170,0.8273005085106281,0.14446323203518008,369,0.7468508011422461,0.05226852694230466
CHEMBL264_Ki,S0,MACCS,GBM,0.7155137110637678,239,0.8011432321399004,0.1536048820856737,24,0.844233065177867,0.1348678450328421,170,0.8072292222261656,0.1340335537270646,369,0.7388166072962565,0.06728278430106727
CHEMBL264_Ki,S0,MACCS,KNN,0.7688109571587953,239,0.8978649758106446,0.2363386015432204,24,0.8971843106432154,0.13446692853908648,170,0.8672228929384576,0.14381391421990908,369,0.7988331746935311,0.0872470504688646
CHEMBL264_Ki,S0,PHYSCHEM,SVM,0.8961997909569447,239,0.9037821389263283,0.013031292597044719,24,1.00890021496132,0.11794281159356812,170,0.8749108714822862,-0.030097440213350923,369,0.8601237697854491,-0.0975944372262384
CHEMBL264_Ki,S0,PHYSCHEM,RF,0.84629024498719,239,0.8785489040420946,0.05604597775804343,24,0.7886213083656984,-0.06009617860166916,170,0.8520011404510339,0.008125548049180864,369,0.8458510643651764,-0.0012291319394444056
CHEMBL264_Ki,S0,PHYSCHEM,GBM,0.8821166908519186,239,0.9122408629611193,0.052260462623786585,24,0.8167537941929934,-0.06810516247397724,170,0.8900044806232992,0.011228073101504199,369,0.869790621973134,-0.03408950871476313
CHEMBL264_Ki,S0,PHYSCHEM,KNN,0.8788573945206309,239,0.916091527814145,0.06479298966723057,24,0.8525771569610613,-0.027409140679097166,170,0.8871525035152693,0.011809122998904686,369,0.8481662437278282,-0.08339059143102823
CHEMBL264_Ki,R0,MACCS,SVM,0.6847780639456379,238,0.7535728827014331,0.12204248791045147,24,0.8597515899618561,0.1836390319796466,172,0.7307900424120987,0.06667174877917226,373,0.6915435172877181,0.0195006916511844
CHEMBL264_Ki,R0,MACCS,RF,0.688616300863473,238,0.7998338501456069,0.20239460605351423,24,0.8793436564742686,0.20026867487946343,172,0.7911401554209617,0.1513890163743572,373,0.7112760165811269,0.06681750668703612
CHEMBL264_Ki,R0,MACCS,GBM,0.659247938188553,238,0.7506344647582518,0.16467954934130447,24,0.8548175180178997,0.2054432867617747,172,0.7566906387113103,0.14384916490134814,373,0.6751711424503285,0.046540047530869044
CHEMBL264_Ki,R0,MACCS,KNN,0.7506012423453533,238,0.8495005078049629,0.17770495642509387,24,0.8886286527866839,0.1446332764879047,172,0.8342855773808566,0.12248857301533334,373,0.7727397419990194,0.06505409225553183
CHEMBL264_Ki,R0,PHYSCHEM,SVM,0.890801772604823,238,0.930900717607455,0.06963117892254511,24,1.0699790024573737,0.18782416702852833,172,0.9046861179463096,0.019891461342256056,373,0.8852088696880163,-0.015879794609816478
CHEMBL264_Ki,R0,PHYSCHEM,RF,0.8193908747250263,238,0.8856458398011919,0.11663152972582314,24,0.779655227265269,-0.04142578107654771,172,0.8594809535205578,0.05785524965632083,373,0.83406403340377,0.04262294588871052
CHEMBL264_Ki,R0,PHYSCHEM,GBM,0.847894025514163,238,0.9185162851318059,0.12443745309544785,24,0.7757646149185681,-0.07513766357950336,172,0.8962555944957443,0.06991770409029152,373,0.8498724416861879,0.005662090526144303
CHEMBL264_Ki,R0,PHYSCHEM,KNN,0.847965219144748,238,0.9144398598713244,0.11690613138962935,24,0.8407811923018879,-0.007496126281620774,172,0.8817472075876689,0.048654310470309214,373,0.8413149857007706,-0.0188549898835203
CHEMBL264_Ki,R2,MACCS,SVM,0.6613587837689904,239,0.750807920512336,0.16150606300916448,15,0.5472623946819414,-0.11688802517407959,173,0.7467565700137281,0.1258563844615489,372,0.6858125840802687,0.07203144432522446
CHEMBL264_Ki,R2,MACCS,RF,0.6549526061417209,239,0.7368269755740804,0.14719448219209985,15,0.5626591874471927,-0.09459146047323796,173,0.7370199811618887,0.12083879354289284,372,0.6830727869009176,0.08334588052212155
CHEMBL264_Ki,R2,MACCS,GBM,0.6514972321303952,239,0.7292983944966946,0.13954731639645368,15,0.6044196352760343,-0.04829408193774665,173,0.7405916774668938,0.13154277318421925,372,0.6605214440676642,0.025978768215093373
CHEMBL264_Ki,R2,MACCS,KNN,0.721703945487182,239,0.8636231140318229,0.2633377274445744,15,0.6313306134119454,-0.0926429732628744,173,0.867749142014221,0.2191276293536074,372,0.7478290748240615,0.07689318792593558
CHEMBL264_Ki,R2,PHYSCHEM,SVM,0.8775677482044736,239,0.9160108353028835,0.06693282893706642,15,0.8626847472715562,-0.01527889010822192,173,0.9416829081349025,0.09327057449852272,372,0.8530146673201836,-0.06805869817056998
CHEMBL264_Ki,R2,PHYSCHEM,RF,0.8199595651409699,239,0.8637625917138356,0.07654184770586259,15,0.7349350334087524,-0.08718491334525935,173,0.8847284857875037,0.0943487674024095,372,0.8292302901768269,0.026623682727236253
CHEMBL264_Ki,R2,PHYSCHEM,GBM,0.8629582261080966,239,0.9131975364003856,0.0879489304787755,15,0.7258372871916338,-0.14050144449377044,173,0.9568610255096437,0.1377316327818524,372,0.8659111170646955,0.008417494145060211
CHEMBL264_Ki,R2,PHYSCHEM,KNN,0.8472946364437922,239,0.9029704134496661,0.09774619012046448,15,0.782460465261186,-0.06650569719000787,173,0.9057606499735708,0.08497442644077957,372,0.8443531704788282,-0.008331873710844984
CHEMBL2835_Ki,S0,MACCS,SVM,0.4643064250647914,13,0.7647560881002763,0.34870572594296895,2,,,9,0.7182306817574087,0.2795025307105847,77,0.49057613703104347,0.07085959902188921
CHEMBL2835_Ki,S0,MACCS,RF,0.4478330482982022,13,0.8350228015202875,0.4563263963354444,2,,,9,0.8298043878439587,0.42605400551618056,77,0.473871105256035,0.07033533302286604
CHEMBL2835_Ki,S0,MACCS,GBM,0.4882563940605491,13,0.8657834117524641,0.4420084392185376,2,,,9,0.8126225030335692,0.3588210421807828,77,0.5299380734856508,0.1155677189352336
CHEMBL2835_Ki,S0,MACCS,KNN,0.46895406835992653,13,0.8246408247631776,0.4160035975781275,2,,,9,0.740103814824995,0.29885582955872403,77,0.5254081821951664,0.16249709684899366
CHEMBL2835_Ki,S0,PHYSCHEM,SVM,0.43619634286971154,13,0.6839828142107834,0.2860695507779399,2,,,9,0.7486606273553591,0.34643138172654403,77,0.4254241349139515,-0.027182261630752547
CHEMBL2835_Ki,S0,PHYSCHEM,RF,0.49543540917059636,13,0.8381905975629683,0.39902242150710904,2,,,9,0.8083516297821619,0.34567089022284525,77,0.5215150009508479,0.07009572395625269
CHEMBL2835_Ki,S0,PHYSCHEM,GBM,0.5095513907799267,13,0.8697780863824432,0.41979982588100134,2,,,9,0.9080919097026348,0.4431381683002298,77,0.52725000455213,0.04682624563548282
CHEMBL2835_Ki,S0,PHYSCHEM,KNN,0.4920365547022509,13,0.8492781241988898,0.4168734152999161,2,,,9,0.9082265969275332,0.46407450543364925,77,0.4787206834794035,-0.033541952875626724
CHEMBL2835_Ki,R0,MACCS,SVM,0.4643064250647914,13,0.7647560881002763,0.34870572594296895,2,,,9,0.7182306817574087,0.2795025307105847,77,0.49057613703104347,0.07085959902188921
CHEMBL2835_Ki,R0,MACCS,RF,0.4478330482982022,13,0.8350228015202875,0.4563263963354445,2,,,9,0.8298043878439588,0.4260540055161807,77,0.4738711052560349,0.07033533302286582
CHEMBL2835_Ki,R0,MACCS,GBM,0.4882563940605491,13,0.8657834117524641,0.4420084392185376,2,,,9,0.8126225030335692,0.3588210421807828,77,0.5299380734856508,0.1155677189352336
CHEMBL2835_Ki,R0,MACCS,KNN,0.46895406835992653,13,0.8246408247631776,0.4160035975781275,2,,,9,0.740103814824995,0.29885582955872403,77,0.5254081821951664,0.16249709684899366
CHEMBL2835_Ki,R0,PHYSCHEM,SVM,0.43619634286971154,13,0.6839828142107834,0.2860695507779399,2,,,9,0.7486606273553591,0.34643138172654403,77,0.4254241349139515,-0.027182261630752547
CHEMBL2835_Ki,R0,PHYSCHEM,RF,0.49543540917059636,13,0.8381905975629685,0.3990224215071093,2,,,9,0.8083516297821616,0.3456708902228449,77,0.5215150009508479,0.07009572395625274
CHEMBL2835_Ki,R0,PHYSCHEM,GBM,0.5095513907799267,13,0.8697780863824432,0.41979982588100134,2,,,9,0.9080919097026348,0.4431381683002298,77,0.52725000455213,0.04682624563548282
CHEMBL2835_Ki,R0,PHYSCHEM,KNN,0.4920365547022509,13,0.8492781241988898,0.4168734152999161,2,,,9,0.9082265969275332,0.46407450543364925,77,0.4787206834794035,-0.033541952875626724
CHEMBL2835_Ki,R2,MACCS,SVM,0.4552395949871404,11,0.7099574782101923,0.28704631100571976,1,,,7,0.6221908573579181,0.1787249533556574,74,0.5086063741026956,0.14248648109823558
CHEMBL2835_Ki,R2,MACCS,RF,0.43928734056509106,11,0.7209484549769575,0.3188105714950088,1,,,7,0.6685492710584696,0.24660959815969707,74,0.5092597632319334,0.19537967717219396
CHEMBL2835_Ki,R2,MACCS,GBM,0.4453164149785029,11,0.6568462932161486,0.23731521120876564,1,,,7,0.6639502209464749,0.23495064092524642,74,0.5067229857407731,0.16744207892241514
CHEMBL2835_Ki,R2,MACCS,KNN,0.4730237548331825,11,0.756823713131655,0.320514268776484,1,,,7,0.6134371322333864,0.14999595046798075,74,0.52397886825999,0.1348056734795154
CHEMBL2835_Ki,R2,PHYSCHEM,SVM,0.4786376740843794,11,0.8155485525531796,0.38266606978187584,1,,,7,0.5380007447991394,0.063086039544058,74,0.5225632086346709,0.11450740114646368
CHEMBL2835_Ki,R2,PHYSCHEM,RF,0.4869346099962531,11,0.8740293085381365,0.4419255562837442,1,,,7,0.624836492051983,0.14725218981588267,74,0.5365190161598216,0.13045504885967063
CHEMBL2835_Ki,R2,PHYSCHEM,GBM,0.5141241679246462,11,0.8889521722264834,0.4263302911672281,1,,,7,0.524438267350233,0.01092726256899268,74,0.5807303543549959,0.18004708996480367
CHEMBL2835_Ki,R2,PHYSCHEM,KNN,0.47661961309187506,11,0.8020355723241941,0.3691777630414895,1,,,7,0.46600854290713295,-0.011227903512240012,74,0.5066840163776448,0.07645543308030411
CHEMBL287_Ki,S0,MACCS,SVM,0.7379582197889776,103,0.7890441752697269,0.08506316096235123,11,0.9153636667068974,0.18599459498304838,62,0.7584864784337119,0.02685023846526491,169,0.7318711919632088,-0.01646774129139561
CHEMBL287_Ki,S0,MACCS,RF,0.7909868829386625,103,0.8367712301347666,0.07594642479445601,11,1.0061585361418195,0.22574553080133009,62,0.8133635677555793,0.029270030869915087,169,0.7909495792627961,-0.00010162935173296805
CHEMBL287_Ki,S0,MACCS,GBM,0.7882812983484511,103,0.8428825465707694,0.09091769947174078,11,0.9702996150455633,0.19079120011772577,62,0.8580023300285797,0.09205633013205994,169,0.7749048113693006,-0.03592586216766658
CHEMBL287_Ki,S0,MACCS,KNN,0.8411740808748984,103,0.9141882411011625,0.122304952820387,11,1.1804466436049585,0.3569769058459318,62,0.9094536133097522,0.0900497564444186,169,0.8431146567952273,0.005297638351266953
CHEMBL287_Ki,S0,PHYSCHEM,SVM,0.8321207483585994,103,0.8144285089051261,-0.02861402806654234,11,1.0569394529411362,0.23585706931231265,62,0.7467934115756092,-0.10946058016481774,169,0.7687746122628676,-0.16251823820133726
CHEMBL287_Ki,S0,PHYSCHEM,RF,0.7918871370775624,103,0.8034067341582606,0.018840933312763708,11,1.0511044111465397,0.27228636336579437,62,0.7727446227517731,-0.024841475934192947,169,0.7664084719743347,-0.06758982521183332
CHEMBL287_Ki,S0,PHYSCHEM,GBM,0.7821951047689285,103,0.7756399436603304,-0.010644183083981074,11,0.9663965904460236,0.19309895030462854,62,0.7580492853307467,-0.0313029992994186,169,0.74402998988377,-0.09993578105011103
CHEMBL287_Ki,S0,PHYSCHEM,KNN,0.8397261459258581,103,0.83109183799264,-0.014011975781496933,11,1.1860279792926869,0.36444629685180174,62,0.8205147577267956,-0.024935686642608368,169,0.7807488702135444,-0.15196306948678284
CHEMBL287_Ki,R0,MACCS,SVM,0.7408011479232975,104,0.7988406660452365,0.09732874172848405,11,1.0236596967596845,0.29741979791712714,60,0.7989297855614151,0.07576429756700964,168,0.7325956252352964,-0.021789902898329827
CHEMBL287_Ki,R0,MACCS,RF,0.7939758751004928,104,0.829789750289052,0.05938728223107348,11,1.061234920915303,0.2807378084150024,60,0.8340507600968158,0.05201648987199392,168,0.7858543908770664,-0.02158170077191668
CHEMBL287_Ki,R0,MACCS,GBM,0.782572961639302,104,0.8566574913763069,0.12494123283523662,11,1.0613182220076038,0.2929293422047391,60,0.8800753037973655,0.12797335957644151,168,0.7832611702937535,0.0018457636890623075
CHEMBL287_Ki,R0,MACCS,KNN,0.8222839663937683,104,0.8875947788071797,0.10956294427283453,11,1.2308726267332253,0.4307196129705605,60,0.8698451604443621,0.06180083704816208,168,0.8223825912761935,0.00026434131990438203
CHEMBL287_Ki,R0,PHYSCHEM,SVM,0.84194549157522,104,0.8380974201874706,-0.006279225248560061,11,1.225383633388309,0.4038340466036494,60,0.7895433597621243,-0.0669225155330897,168,0.7684340080121516,-0.18432668568576116
CHEMBL287_Ki,R0,PHYSCHEM,RF,0.7889368084671712,104,0.8069094502677719,0.029585210933431805,11,1.1692103438193113,0.4007378987256497,60,0.7823857874130449,-0.008430653828264134,168,0.75712612423283,-0.08254399250868638
CHEMBL287_Ki,R0,PHYSCHEM,GBM,0.7975614461183899,104,0.7951044392496974,-0.004011194499988657,11,1.0867608072114963,0.30395829374837646,60,0.7818167198157068,-0.020229038178496195,168,0.7507861146496709,-0.11971797527701489
CHEMBL287_Ki,R0,PHYSCHEM,KNN,0.8375359683608405,104,0.8239260944474341,-0.02212709463585738,11,1.2824017716874547,0.46932067341251194,60,0.8193963767277223,-0.023299606561088537,168,0.7694086225857382,-0.17154176906272445
CHEMBL287_Ki,R2,MACCS,SVM,0.7801695657914031,100,0.8312185671970185,0.08308728762975104,8,1.2768871649791864,0.51713373049421,62,0.8300636387382194,0.06554796039306199,147,0.7437184657102262,-0.07856357255413082
CHEMBL287_Ki,R2,MACCS,RF,0.8056001777909244,100,0.8851092061839998,0.13080437578571513,8,1.2448737438547675,0.456662340775955,62,0.8801914931541623,0.09843325809855563,147,0.7799874144401617,-0.05567359154446572
CHEMBL287_Ki,R2,MACCS,GBM,0.786645911822926,100,0.8223031000045659,0.05767075351612749,8,1.3081090826486632,0.5431245053766609,62,0.8341024190617533,0.0623106082033722,147,0.734121808922378,-0.11195879905283479
CHEMBL287_Ki,R2,MACCS,KNN,0.8838623360388058,100,0.9812503430441036,0.160827393839156,8,1.180310614086128,0.30716440326084615,62,0.9771418101206659,0.12334672621844978,147,0.8522285512646626,-0.06860398419814073
CHEMBL287_Ki,R2,PHYSCHEM,SVM,0.8948505111576083,100,0.8841469413765055,-0.017014385438054003,8,1.1471699670992035,0.2612219704178006,62,0.7925689904407476,-0.1308499567432433,147,0.7745382836596969,-0.2475980665624028
CHEMBL287_Ki,R2,PHYSCHEM,RF,0.8673387765772574,100,0.859424558587654,-0.01259096084015765,8,1.105781726852587,0.24682867342182802,62,0.7900505067011799,-0.09923569255987064,147,0.7389215477736174,-0.2625128507317379
CHEMBL287_Ki,R2,PHYSCHEM,GBM,0.892702753200205,100,0.8757305164386463,-0.026923260695420392,8,1.2006959165030051,0.3191746928354865,62,0.8404735039705183,-0.0673606438212625,147,0.7906500942495411,-0.21215722999747122
CHEMBL287_Ki,R2,PHYSCHEM,KNN,0.8827711621591643,100,0.8567506179559652,-0.04115102878666299,8,1.1104382046686847,0.23561124204391015,62,0.8016379109668669,-0.10413031613206347,147,0.7673650411885186,-0.23794129830715816
CHEMBL2971_Ki,S0,MACCS,SVM,0.6568246848930377,34,0.6987418737257292,0.0510024808828754,2,,,20,0.7253214720924178,0.07669122224797886,111,0.468388723217601,-0.3713053640516171
CHEMBL2971_Ki,S0,MACCS,RF,0.637998531687142,34,0.6519356902015975,0.01688284951190666,2,,,20,0.6795324205262809,0.04639828876963026,111,0.46353279979189316,-0.34584209565090757
CHEMBL2971_Ki,S0,MACCS,GBM,0.6904778307675663,34,0.6665318041930561,-0.028836968905619265,2,,,20,0.7493091992275882,0.06579732012396511,111,0.5067210016193092,-0.3654628572475752
CHEMBL2971_Ki,S0,MACCS,KNN,0.7182821615672722,34,0.6572783482620735,-0.07308655260855457,2,,,20,0.6930265962698783,-0.028053681165159827,111,0.5357280537859226,-0.36505042186723546
CHEMBL2971_Ki,S0,PHYSCHEM,SVM,0.924307806051183,34,0.879884212445968,-0.05342337490805682,2,,,20,0.848229560561681,-0.08428445095431081,111,0.7547217683627035,-0.3506551541790125
CHEMBL2971_Ki,S0,PHYSCHEM,RF,0.8307469607629907,34,0.8217806689928467,-0.010824390297862418,2,,,20,0.8749911304814051,0.04939259240008664,111,0.6827904099182084,-0.30674305106386524
CHEMBL2971_Ki,S0,PHYSCHEM,GBM,0.8747008240784275,34,0.8623394281982817,-0.014917891094865743,2,,,20,0.9004913216437698,0.02875265594142029,111,0.6951093901020634,-0.36742568514207996
CHEMBL2971_Ki,S0,PHYSCHEM,KNN,0.8042250061850419,34,0.738067537319381,-0.07928248676536087,2,,,20,0.8139608943205688,0.010843409956751593,111,0.6495774712281238,-0.3183902488866187
CHEMBL2971_Ki,R0,MACCS,SVM,0.7003741662541899,34,0.729516129663293,0.03537485412547603,2,,,20,0.7237903051707115,0.02611144765469431,115,0.5109971028977194,-0.3902530324390141
CHEMBL2971_Ki,R0,MACCS,RF,0.7000464612386693,34,0.748830395938298,0.05939469830486921,2,,,20,0.7766301938745649,0.08577088586052672,115,0.5040682578322523,-0.4020293884103504
CHEMBL2971_Ki,R0,MACCS,GBM,0.6938646202119388,34,0.7614048546950817,0.0824747693455401,2,,,20,0.8230047018168244,0.14527776349299115,115,0.48213999813232544,-0.42925464113599476
CHEMBL2971_Ki,R0,MACCS,KNN,0.7772876811785256,34,0.7254428980511802,-0.06222901482764176,2,,,20,0.746941381386498,-0.033701085080296456,115,0.5464318230626677,-0.4698089160128227
CHEMBL2971_Ki,R0,PHYSCHEM,SVM,0.812833637237502,34,0.8894695672509245,0.0935509097581686,2,,,20,0.8967649110719181,0.09396661765409542,115,0.6785178902707826,-0.29185517192483035
CHEMBL2971_Ki,R0,PHYSCHEM,RF,0.7971223296595494,34,0.7656549000900514,-0.037875871242509906,2,,,20,0.7452635295317944,-0.05750792373559732,115,0.6059473258576313,-0.39982740929794547
CHEMBL2971_Ki,R0,PHYSCHEM,GBM,0.7868646048367562,34,0.7482509274238336,-0.046431600678009555,2,,,20,0.7626263037706784,-0.02693030485555159,115,0.5909444840486989,-0.40792038680669007
CHEMBL2971_Ki,R0,PHYSCHEM,KNN,0.8131487882298924,34,0.7381344880070362,-0.0898051964660731,2,,,20,0.7722503591558827,-0.04539109238512584,115,0.6075314755080624,-0.42730497159804604
CHEMBL2971_Ki,R2,MACCS,SVM,0.7153896950222368,30,0.7373882517668381,0.026022470492529703,2,,,19,0.7503480582815316,0.038791314475265515,103,0.6028114956017314,-0.2184020646243302
CHEMBL2971_Ki,R2,MACCS,RF,0.6853884318382782,30,0.7114626396230227,0.0308640304161506,2,,,19,0.7312475758594418,0.050936793997856,103,0.6359409372635032,-0.09982352548308282
CHEMBL2971_Ki,R2,MACCS,GBM,0.7450554266528884,30,0.8009164074803004,0.06634584884502681,2,,,19,0.763737101779237,0.020703530250340108,103,0.6473997919271546,-0.19171173452878554
CHEMBL2971_Ki,R2,MACCS,KNN,0.8487744272917759,30,0.7943337798039517,-0.06385456052119165,2,,,19,0.865629377803749,0.01867388693587224,103,0.6938360188530541,-0.2972802883323157
CHEMBL2971_Ki,R2,PHYSCHEM,SVM,1.0377171137576797,30,0.875413922650733,-0.18884006850233692,2,,,19,0.794506922063535,-0.2658809852228743,103,0.779317619195141,-0.48216238038908155
CHEMBL2971_Ki,R2,PHYSCHEM,RF,0.831286137240302,30,0.7339757581460821,-0.11360836080045578,2,,,19,0.6591555056009257,-0.18844184168668332,103,0.7455292496791953,-0.1705527792397329
CHEMBL2971_Ki,R2,PHYSCHEM,GBM,0.861477634367228,30,0.7052699406280502,-0.18135773165076352,2,,,19,0.6278798274026133,-0.2548886831187491,103,0.7791180194372481,-0.16438579598665082
CHEMBL2971_Ki,R2,PHYSCHEM,KNN,0.8274325262554532,30,0.762859838458878,-0.0756458517534252,2,,,19,0.7192393396391392,-0.11891735918855517,103,0.758129640856476,-0.1391158274248382
CHEMBL3979_EC50,S0,MACCS,SVM,0.6728248084070672,94,0.7146301395491084,0.07323474940634278,5,0.5831923421447675,-0.09152261967656095,46,0.7072201548935789,0.04347115460064943,140,0.6903247815030197,0.047005755067108024
CHEMBL3979_EC50,S0,MACCS,RF,0.6839695928891195,94,0.7221787089068611,0.0667751837209174,5,0.6841203236022364,0.00015414129451307712,46,0.6874484369172331,0.004370724378919166,140,0.6895168575864673,0.014675224675345544
CHEMBL3979_EC50,S0,MACCS,GBM,0.6730189342886109,94,0.7218921467017618,0.08596252236898683,5,0.6640483064653748,-0.009172200427971622,46,0.6581275062855574,-0.01864444918277386,140,0.6894498423967425,0.04407306502254371
CHEMBL3979_EC50,S0,MACCS,KNN,0.7220163176234434,94,0.7773782590615544,0.09752914925130007,5,0.6645278202856557,-0.05873628379315654,46,0.850128848959928,0.16468320127953018,140,0.7532940774974564,0.08532045133225519
CHEMBL3979_EC50,S0,PHYSCHEM,SVM,0.8879711935871807,94,0.8502487573966202,-0.06363665721003409,5,0.5434350099339946,-0.3507968172732382,46,0.911552934992103,0.029709350558143055,140,0.824541956607663,-0.15796587303088416
CHEMBL3979_EC50,S0,PHYSCHEM,RF,0.8710967973595173,94,0.814216898908341,-0.0952191383232156,5,0.755048178656928,-0.11849582703398986,46,0.9012415218381845,0.03801724445296473,140,0.782202094552822,-0.21682859917233166
CHEMBL3979_EC50,S0,PHYSCHEM,GBM,0.8489211429679197,94,0.7901621983748613,-0.09823640347467122,5,0.7280696592895769,-0.1233872742379889,46,0.8526721272021455,0.004712231079965323,140,0.7625555067339302,-0.21070346390546657
CHEMBL3979_EC50,S0,PHYSCHEM,KNN,0.9016292603178401,94,0.8211409755384195,-0.13367841025107008,5,0.6457806575495151,-0.26080215551228003,46,0.8383900697731983,-0.07870098106064627,140,0.7980526409908543,-0.2505292392385431
CHEMBL3979_EC50,R0,MACCS,SVM,0.6728248084070672,94,0.7146301395491084,0.07323474940634278,5,0.5831923421447675,-0.09152261967656095,46,0.7072201548935789,0.04347115460064943,140,0.6903247815030197,0.047005755067108024
CHEMBL3979_EC50,R0,MACCS,RF,0.6839695928891194,94,0.7221787089068611,0.06677518372091762,5,0.6841203236022364,0.00015414129451307712,46,0.6874484369172333,0.004370724378919499,140,0.6895168575864673,0.014675224675345655
CHEMBL3979_EC50,R0,MACCS,GBM,0.6730189342886109,94,0.7218921467017618,0.08596252236898683,5,0.6640483064653748,-0.009172200427971622,46,0.6581275062855574,-0.01864444918277386,140,0.6894498423967425,0.04407306502254371
CHEMBL3979_EC50,R0,MACCS,KNN,0.7220163176234434,94,0.7773782590615544,0.09752914925130007,5,0.6645278202856557,-0.05873628379315654,46,0.850128848959928,0.16468320127953018,140,0.7532940774974564,0.08532045133225519
CHEMBL3979_EC50,R0,PHYSCHEM,SVM,0.8879711935871807,94,0.8502487573966202,-0.06363665721003409,5,0.5434350099339946,-0.3507968172732382,46,0.911552934992103,0.029709350558143055,140,0.824541956607663,-0.15796587303088416
CHEMBL3979_EC50,R0,PHYSCHEM,RF,0.8710967973595173,94,0.814216898908341,-0.09521913832321549,5,0.7550481786569284,-0.11849582703398942,46,0.9012415218381846,0.03801724445296495,140,0.7822020945528221,-0.21682859917233144
CHEMBL3979_EC50,R0,PHYSCHEM,GBM,0.8489211429679197,94,0.7901621983748613,-0.09823640347467122,5,0.7280696592895769,-0.1233872742379889,46,0.8526721272021455,0.004712231079965323,140,0.7625555067339302,-0.21070346390546657
CHEMBL3979_EC50,R0,PHYSCHEM,KNN,0.9016292603178401,94,0.8211409755384195,-0.13367841025107008,5,0.6457806575495151,-0.26080215551228003,46,0.8383900697731983,-0.07870098106064627,140,0.7980526409908543,-0.2505292392385431
CHEMBL3979_EC50,R2,MACCS,SVM,0.6835648264550257,90,0.7944723543252248,0.19548922027273463,4,,,45,0.7900952083421934,0.13570211790319697,142,0.7357312671706381,0.15083927041997858
CHEMBL3979_EC50,R2,MACCS,RF,0.7034363523761272,90,0.8180998538559332,0.2021711717396435,4,,,45,0.8408576492176904,0.17598089315729382,142,0.7607820436898677,0.16674573466787268
CHEMBL3979_EC50,R2,MACCS,GBM,0.6864177323391286,90,0.7932843956347103,0.18787222061071818,4,,,45,0.8210674649913045,0.1724504392280629,142,0.7409868548307242,0.15832540329996936
CHEMBL3979_EC50,R2,MACCS,KNN,0.7291320773077533,90,0.8766049289915391,0.26429293903499695,4,,,45,0.8887108503382402,0.2050100152496156,142,0.808014819873036,0.2364765686964787
CHEMBL3979_EC50,R2,PHYSCHEM,SVM,0.9396994586829479,90,0.9154634846264548,-0.03993649769955998,4,,,45,0.9200887882579245,-0.02442305442766579,142,0.9378910286757985,-0.004857649023151334
CHEMBL3979_EC50,R2,PHYSCHEM,RF,0.9056694867818162,90,0.8895495931476302,-0.026631533301535337,4,,,45,0.9097768910303456,0.005131476707470828,142,0.9415425763442151,0.09998600068316144
CHEMBL3979_EC50,R2,PHYSCHEM,GBM,0.9395345492975318,90,0.9249938779713271,-0.02404068402545123,4,,,45,0.97253381261986,0.041385001836063084,142,0.9658708166622819,0.07262116770109905
CHEMBL3979_EC50,R2,PHYSCHEM,KNN,0.9902991473738132,90,0.9500265137627318,-0.06604633554876849,4,,,45,0.9584227721929706,-0.0396434332466864,142,0.9732852989413784,-0.04512917783211845
CHEMBL4005_Ki,S0,MACCS,SVM,0.7233452018366602,81,0.843877115144258,0.2220950936364109,0,,,42,0.9515837659595349,0.30590752841028934,138,0.7541528990473639,0.11460720649607548
CHEMBL4005_Ki,S0,MACCS,RF,0.6929282394141748,81,0.8427122897384213,0.28253392277367706,0,,,42,0.9385569898141168,0.3313621870216429,138,0.7297305739755915,0.13915402796148701
CHEMBL4005_Ki,S0,MACCS,GBM,0.6868340715662388,81,0.8295315578383281,0.26805956039403633,0,,,42,0.9354148728088115,0.33576828958604876,138,0.7198458685191723,0.12383722292487953
CHEMBL4005_Ki,S0,MACCS,KNN,0.7645970303865977,81,0.8712133969633743,0.19410407354623027,0,,,42,0.9844403686507357,0.29331256308739573,138,0.7697615574019403,0.01827902971494466
CHEMBL4005_Ki,S0,PHYSCHEM,SVM,0.8000442104487753,81,0.8615370465909623,0.10909032405086339,0,,,42,0.9391636491087143,0.18234711394748648,138,0.756994478933094,-0.14203574694321963
CHEMBL4005_Ki,S0,PHYSCHEM,RF,0.7812101691366791,81,0.8995988518190623,0.2166802547546105,0,,,42,0.9951986043452279,0.2848764623059341,138,0.8051852449045407,0.08764870259125412
CHEMBL4005_Ki,S0,PHYSCHEM,GBM,0.7669149013743991,81,0.8318137441371336,0.11548916295029643,0,,,42,0.9117314824771608,0.19024523366725565,138,0.7837100355177273,0.06065102874737738
CHEMBL4005_Ki,S0,PHYSCHEM,KNN,0.801234853015917,81,0.8633272574845636,0.11018167137057411,0,,,42,0.9784956995750773,0.23403022228661552,138,0.7762636231312923,-0.08444282636555167
CHEMBL4005_Ki,R0,MACCS,SVM,0.7233452018366602,81,0.843877115144258,0.2220950936364109,0,,,42,0.9515837659595349,0.30590752841028934,138,0.7541528990473639,0.11460720649607548
CHEMBL4005_Ki,R0,MACCS,RF,0.6929282394141749,81,0.8427122897384215,0.2825339227736773,0,,,42,0.938556989814117,0.3313621870216429,138,0.7297305739755916,0.13915402796148713
CHEMBL4005_Ki,R0,MACCS,GBM,0.6868340715662388,81,0.8295315578383281,0.26805956039403633,0,,,42,0.9354148728088115,0.33576828958604876,138,0.7198458685191723,0.12383722292487953
CHEMBL4005_Ki,R0,MACCS,KNN,0.7645970303865977,81,0.8712133969633743,0.19410407354623027,0,,,42,0.9844403686507357,0.29331256308739573,138,0.7697615574019403,0.01827902971494466
CHEMBL4005_Ki,R0,PHYSCHEM,SVM,0.8000442104487753,81,0.8615370465909623,0.10909032405086339,0,,,42,0.9391636491087143,0.18234711394748648,138,0.756994478933094,-0.14203574694321963
CHEMBL4005_Ki,R0,PHYSCHEM,RF,0.7812101691366791,81,0.8995988518190621,0.21668025475461028,0,,,42,0.995198604345228,0.28487646230593433,138,0.8051852449045406,0.08764870259125412
CHEMBL4005_Ki,R0,PHYSCHEM,GBM,0.7669149013743991,81,0.8318137441371336,0.11548916295029643,0,,,42,0.9117314824771608,0.19024523366725565,138,0.7837100355177273,0.06065102874737738
CHEMBL4005_Ki,R0,PHYSCHEM,KNN,0.801234853015917,81,0.8633272574845636,0.11018167137057411,0,,,42,0.9784956995750773,0.23403022228661552,138,0.7762636231312923,-0.08444282636555167
CHEMBL4005_Ki,R2,MACCS,SVM,0.7739764715587598,85,0.8433945111731397,0.12877908086010348,1,,,40,0.906165721844241,0.17065564567770108,130,0.7844858398650705,0.032659551541794674
CHEMBL4005_Ki,R2,MACCS,RF,0.791460302141732,85,0.8292082149706671,0.06877349717377268,1,,,40,0.8476801289870478,0.07158906878076798,130,0.7764987729632157,-0.0449736886843346
CHEMBL4005_Ki,R2,MACCS,GBM,0.7538600416693534,85,0.7749811794077494,0.0381699044414594,1,,,40,0.7805789295869221,0.03386184823761251,130,0.7613856147706234,0.023297020711933514
CHEMBL4005_Ki,R2,MACCS,KNN,0.7867020329305076,85,0.8104589367835344,0.0429714317275981,1,,,40,0.8689569738429792,0.10521888350242836,130,0.7860256685362004,-0.002070202226857054
CHEMBL4005_Ki,R2,PHYSCHEM,SVM,0.8678946528195786,85,0.9034869044548833,0.06466603933854231,1,,,40,0.9293518524391552,0.07825589172536251,130,0.8431759853758913,-0.07362133240352875
CHEMBL4005_Ki,R2,PHYSCHEM,RF,0.9011911347421636,85,0.9461042829600005,0.08190136221500366,1,,,40,0.9794298767167042,0.09984010787502495,130,0.8766938762710278,-0.07305207295395
CHEMBL4005_Ki,R2,PHYSCHEM,GBM,0.9302475901870106,85,0.9577030446246392,0.04964749885804676,1,,,40,0.9567903553573984,0.03360787885754557,130,0.8508860170818333,-0.2247731011048728
CHEMBL4005_Ki,R2,PHYSCHEM,KNN,0.8386042393579883,85,0.8883972089156236,0.09116589754748217,1,,,40,0.926227824688472,0.11208528592917155,130,0.8329700078013981,-0.017142404516869214
CHEMBL4203_Ki,S0,MACCS,SVM,0.9817409058455075,13,1.4668059274887715,0.5446971289227411,0,,,7,1.7734250956045985,0.8480655928071074,29,1.1393785748172072,0.19969270904644743
CHEMBL4203_Ki,S0,MACCS,RF,0.9314244573732853,13,1.3168603985985483,0.4310174989568134,0,,,7,1.6043347348431525,0.7192153951564868,29,0.9740377347318908,0.05320730925801753
CHEMBL4203_Ki,S0,MACCS,GBM,0.9644979395181192,13,1.3916073746458635,0.47833610141302774,0,,,7,1.7460997340116666,0.8373545263134297,29,1.0852679368834393,0.15229867749847215
CHEMBL4203_Ki,S0,MACCS,KNN,1.024198858567337,13,1.5295953529685542,0.5675092818831688,0,,,7,1.9363594714032242,0.9793538127291583,29,1.10663109717654,0.10336903100689465
CHEMBL4203_Ki,S0,PHYSCHEM,SVM,1.0053650068713487,13,1.218104229827721,0.23548338009891956,0,,,7,1.4001770892181493,0.41837223499944365,29,1.0652326876586506,0.07487853773577702
CHEMBL4203_Ki,S0,PHYSCHEM,RF,0.9864062187897238,13,1.4749973654973587,0.5486923914413807,0,,,7,1.7412010874038641,0.807655225414371,29,0.9928800515199155,0.00804472714198734
CHEMBL4203_Ki,S0,PHYSCHEM,GBM,1.0001377536195546,13,1.4828535221841614,0.5417342573052802,0,,,7,1.7621781133419832,0.8153369920113008,29,1.063435352177405,0.07920508734054421
CHEMBL4203_Ki,S0,PHYSCHEM,KNN,0.9793442128397671,13,1.3322192833090722,0.39352635149815385,0,,,7,1.5775843653582406,0.6375261524940338,29,1.1084360819265724,0.16292977085824878
CHEMBL4203_Ki,R0,MACCS,SVM,0.9196985779702096,13,1.505576292796855,0.6629478071363399,0,,,8,1.7012102903578863,0.8470255807435579,36,1.0471178144906454,0.17190067406816456
CHEMBL4203_Ki,R0,MACCS,RF,0.8663142469086362,13,1.3874338869752414,0.5885380059505354,0,,,8,1.5918823909316295,0.7860884807897329,36,0.9052882391135432,0.051764200572321784
CHEMBL4203_Ki,R0,MACCS,GBM,0.9381139894834275,13,1.4681156601075769,0.5973954796403067,0,,,8,1.714227202276848,0.840578208686485,36,0.9902695018739112,0.06939165969645744
CHEMBL4203_Ki,R0,MACCS,KNN,0.9496447847527333,13,1.466315476840122,0.5817214217415902,0,,,8,1.7276565054354027,0.842420705787978,36,1.0070244141341769,0.07640266355219127
CHEMBL4203_Ki,R0,PHYSCHEM,SVM,0.9429425980216786,13,1.2504485703549022,0.3423360741692415,0,,,8,1.3750190392838597,0.4627055127653733,36,0.9879049449790128,0.05974400646208988
CHEMBL4203_Ki,R0,PHYSCHEM,RF,0.9470005401162472,13,1.5531482798059602,0.685997820914995,0,,,8,1.7347008246768825,0.8532481318159115,36,0.9377469163476837,-0.012182747447157305
CHEMBL4203_Ki,R0,PHYSCHEM,GBM,0.9522574018629398,13,1.592038115088843,0.7253222036620659,0,,,8,1.786450873088103,0.9048779880705077,36,0.9823386459487099,0.03986629007452869
CHEMBL4203_Ki,R0,PHYSCHEM,KNN,0.9257955903404711,13,1.4697284199437464,0.6138396377416749,0,,,8,1.6912948602761146,0.8290707144261942,36,1.0240239812424028,0.13179092863210973
CHEMBL4203_Ki,R2,MACCS,SVM,0.9199967456575862,11,1.2376577807926021,0.34784855524853187,0,,,8,1.3613113395273888,0.47290149510075885,30,0.9849127455682984,0.08201770853708812
CHEMBL4203_Ki,R2,MACCS,RF,0.886047707123809,11,1.3206704140610654,0.4788679716307539,0,,,8,1.4698708175203288,0.6290132740159385,30,0.9171571654199354,0.039126125343578955
CHEMBL4203_Ki,R2,MACCS,GBM,0.896096191527993,11,1.3078550061327163,0.4530733262409534,0,,,8,1.4713340576212652,0.6194413879372772,30,0.9497020780979045,0.06763399553022198
CHEMBL4203_Ki,R2,MACCS,KNN,0.9950039951671632,11,1.3577221721285944,0.39750855932360885,0,,,8,1.53504099359021,0.5797863849497195,30,1.0682804294958574,0.09261768414123128
CHEMBL4203_Ki,R2,PHYSCHEM,SVM,0.9939457282679852,11,1.2645963822523,0.29547140567746344,0,,,8,1.4567179222337214,0.49568614933689104,30,1.1183162590390365,0.15826395460058484
CHEMBL4203_Ki,R2,PHYSCHEM,RF,1.013843288215431,11,1.4082727110405375,0.43270783776927824,0,,,8,1.614004225600501,0.6452960244933339,30,1.0391466047657971,0.031782610734659045
CHEMBL4203_Ki,R2,PHYSCHEM,GBM,1.029607568387435,11,1.4862423613171134,0.5021088497515666,0,,,8,1.7092415098784228,0.732266813187096,30,1.0896058107172668,0.07568404080493174
CHEMBL4203_Ki,R2,PHYSCHEM,KNN,0.9637019437873745,11,1.2071485225254777,0.2655563967492448,0,,,8,1.3727434010416497,0.4375978763872298,30,1.0280111318975202,0.08121073758700836
CHEMBL4616_EC50,S0,MACCS,SVM,0.7173140940266297,73,0.7795161469881968,0.13798771745109661,5,1.0436219065850125,0.3414118644468118,43,0.7991557132359243,0.12169839526068693,89,0.7621360656803866,0.13245013179515708
CHEMBL4616_EC50,S0,MACCS,RF,0.7162972225701071,73,0.7695434426315864,0.1171821279787475,5,1.0484387025127184,0.3475744211837226,43,0.8204549148153959,0.1560859445852678,89,0.7314558000027779,0.04296611144188678
CHEMBL4616_EC50,S0,MACCS,GBM,0.7128009843572296,73,0.7649463870410524,0.11467358134838102,5,1.1426297542445791,0.45101777691783074,43,0.807585467938491,0.14160018255225426,89,0.7272416260025347,0.04089630813103973
CHEMBL4616_EC50,S0,MACCS,KNN,0.7114208609978209,73,0.7887271253655349,0.1740330002924061,5,1.0408090751203378,0.34468862904734177,43,0.8122328606572,0.15093225841653501,89,0.7633507280854726,0.15523981005763188
CHEMBL4616_EC50,S0,PHYSCHEM,SVM,0.8391894571727391,73,0.8269543674490878,-0.0255633473993363,5,0.8623846267424341,0.02407308125911567,43,0.8906970489458611,0.07563352675293555,89,0.8317187784769596,-0.02060648928430442
CHEMBL4616_EC50,S0,PHYSCHEM,RF,0.7920869623631024,73,0.8132439594553292,0.045236450492601166,5,0.8525409680216159,0.06279930628591368,43,0.8637965742161527,0.10602689142951316,89,0.8241609701665218,0.09263697255521819
CHEMBL4616_EC50,S0,PHYSCHEM,GBM,0.8336839835217581,73,0.8317446505410214,-0.004079111861249984,5,0.9503498497608164,0.12133674900456526,43,0.9136418992054843,0.11837501875476442,89,0.8381008358493036,0.01233730014004919
CHEMBL4616_EC50,S0,PHYSCHEM,KNN,0.8548332133818329,73,0.8823050247843783,0.0589241718562038,5,0.9266531819155814,0.07461696957101638,43,0.9169428065156163,0.0914434714707909,89,0.8713029494427368,0.046599250998001995
CHEMBL4616_EC50,R0,MACCS,SVM,0.7173140940266297,73,0.7795161469881968,0.13798771745109661,5,1.0436219065850125,0.3414118644468118,43,0.7991557132359243,0.12169839526068693,89,0.7621360656803866,0.13245013179515708
CHEMBL4616_EC50,R0,MACCS,RF,0.716297222570107,73,0.7695434426315864,0.1171821279787475,5,1.0484387025127186,0.34757442118372295,43,0.8204549148153959,0.15608594458526792,89,0.7314558000027779,0.04296611144188689
CHEMBL4616_EC50,R0,MACCS,GBM,0.7128009843572296,73,0.7649463870410524,0.11467358134838102,5,1.1426297542445791,0.45101777691783074,43,0.807585467938491,0.14160018255225426,89,0.7272416260025347,0.04089630813103973
CHEMBL4616_EC50,R0,MACCS,KNN,0.7114208609978209,73,0.7887271253655349,0.1740330002924061,5,1.0408090751203378,0.34468862904734177,43,0.8122328606572,0.15093225841653501,89,0.7633507280854726,0.15523981005763188
CHEMBL4616_EC50,R0,PHYSCHEM,SVM,0.8391894571727391,73,0.8269543674490878,-0.0255633473993363,5,0.8623846267424341,0.02407308125911567,43,0.8906970489458611,0.07563352675293555,89,0.8317187784769596,-0.02060648928430442
CHEMBL4616_EC50,R0,PHYSCHEM,RF,0.792086962363102,73,0.8132439594553291,0.0452364504926015,5,0.852540968021616,0.06279930628591412,43,0.8637965742161525,0.10602689142951316,89,0.8241609701665216,0.0926369725552183
CHEMBL4616_EC50,R0,PHYSCHEM,GBM,0.8336839835217581,73,0.8317446505410214,-0.004079111861249984,5,0.9503498497608164,0.12133674900456526,43,0.9136418992054843,0.11837501875476442,89,0.8381008358493036,0.01233730014004919
CHEMBL4616_EC50,R0,PHYSCHEM,KNN,0.8548332133818329,73,0.8823050247843783,0.0589241718562038,5,0.9266531819155814,0.07461696957101638,43,0.9169428065156163,0.0914434714707909,89,0.8713029494427368,0.046599250998001995
CHEMBL4616_EC50,R2,MACCS,SVM,0.6185931754751969,70,0.6225266909220412,0.007949763699113266,3,,,39,0.6110080767315704,-0.01051819708206736,92,0.6701524017250154,0.16756749610028288
CHEMBL4616_EC50,R2,MACCS,RF,0.6284782346454675,70,0.6085355509991167,-0.03954761741708801,3,,,39,0.6330956188162292,0.006427385475805902,92,0.6881652766129881,0.19708902267133643
CHEMBL4616_EC50,R2,MACCS,GBM,0.6335721159816401,70,0.6297880158044363,-0.007600086284258012,3,,,39,0.6479165584889172,0.02002759353593142,92,0.6988727003946641,0.218146890325419
CHEMBL4616_EC50,R2,MACCS,KNN,0.60883203908664,70,0.6129438509143464,0.008311787726538622,3,,,39,0.6289852647836572,0.02819619419837016,92,0.6762616158894121,0.22786760993122063
CHEMBL4616_EC50,R2,PHYSCHEM,SVM,0.7495350748346148,70,0.6515221737487346,-0.18580373847646625,3,,,39,0.6424627406847486,-0.14489370080195763,92,0.760369449488577,0.032508743052104605
CHEMBL4616_EC50,R2,PHYSCHEM,RF,0.7332875051188402,70,0.6725336197806102,-0.11762932137066662,3,,,39,0.6634152335939667,-0.09538050600462544,92,0.7742832943583465,0.12873514323219692
CHEMBL4616_EC50,R2,PHYSCHEM,GBM,0.7488542576356485,70,0.6604724124674923,-0.16847076535245664,3,,,39,0.6390839266907236,-0.14844444001782475,92,0.7507385234356649,0.0055864074015876675
CHEMBL4616_EC50,R2,PHYSCHEM,KNN,0.7612238863271727,70,0.6783847821047715,-0.1585417641985527,3,,,39,0.6611610462982684,-0.13568879949731538,92,0.7800682724819135,0.05715172075781838
CHEMBL4792_Ki,S0,MACCS,SVM,0.7488122869946662,160,0.7797927561448538,0.06886905343601746,0,,,95,0.855114304782769,0.1619087798123534,241,0.7738513270424751,0.14405634029323178
CHEMBL4792_Ki,S0,MACCS,RF,0.7873698948167499,160,0.82785929225938,0.09058580815147999,0,,,95,0.904393139878229,0.17855292706390757,241,0.7979233662222637,0.05768616944324245
CHEMBL4792_Ki,S0,MACCS,GBM,0.7546214890398907,160,0.7979870058084647,0.0974012503089623,0,,,95,0.8553955692946117,0.15314999631288662,241,0.7565188400907227,0.0101177763339092
CHEMBL4792_Ki,S0,MACCS,KNN,0.8657805646577912,160,0.8858104608918538,0.044025598978529756,0,,,95,0.9489313184676982,0.12515302592845656,241,0.870246174015425,0.023952546033612854
CHEMBL4792_Ki,S0,PHYSCHEM,SVM,0.871304672039202,160,0.8724980011092083,0.0025890703511914914,0,,,95,0.9084196388159639,0.05512798918997708,241,0.8554213593251581,-0.08116934047320801
CHEMBL4792_Ki,S0,PHYSCHEM,RF,0.8501210567901193,160,0.8304461565878997,-0.04209144173667645,0,,,95,0.8577720490703831,0.011273139612854366,241,0.80719027947848,-0.20715851258869122
CHEMBL4792_Ki,S0,PHYSCHEM,GBM,0.8720035601618588,160,0.8532502096599701,-0.040156886503534106,0,,,95,0.8846709407342753,0.01868887336622771,241,0.8312214114795782,-0.19801195996626397
CHEMBL4792_Ki,S0,PHYSCHEM,KNN,0.8847865159382413,160,0.8700683208163108,-0.03160324463959241,0,,,95,0.8852843533984557,0.0007320658111762413,241,0.8621638840648067,-0.11401590049557853
CHEMBL4792_Ki,R0,MACCS,SVM,0.7488122869946662,160,0.7797927561448538,0.06886905343601746,0,,,95,0.855114304782769,0.1619087798123534,241,0.7738513270424751,0.14405634029323178
CHEMBL4792_Ki,R0,MACCS,RF,0.7873698948167498,160,0.8278592922593799,0.09058580815147987,0,,,95,0.9043931398782287,0.17855292706390735,241,0.7979233662222637,0.057686169443242674
CHEMBL4792_Ki,R0,MACCS,GBM,0.7546214890398907,160,0.7979870058084647,0.0974012503089623,0,,,95,0.8553955692946117,0.15314999631288662,241,0.7565188400907227,0.0101177763339092
CHEMBL4792_Ki,R0,MACCS,KNN,0.8657805646577912,160,0.8858104608918538,0.044025598978529756,0,,,95,0.9489313184676982,0.12515302592845656,241,0.870246174015425,0.023952546033612854
CHEMBL4792_Ki,R0,PHYSCHEM,SVM,0.871304672039202,160,0.8724980011092083,0.0025890703511914914,0,,,95,0.9084196388159639,0.05512798918997708,241,0.8554213593251581,-0.08116934047320801
CHEMBL4792_Ki,R0,PHYSCHEM,RF,0.8501210567901193,160,0.8304461565878996,-0.04209144173667667,0,,,95,0.8577720490703828,0.011273139612854144,241,0.8071902794784799,-0.20715851258869156
CHEMBL4792_Ki,R0,PHYSCHEM,GBM,0.8720035601618588,160,0.8532502096599701,-0.040156886503534106,0,,,95,0.8846709407342753,0.01868887336622771,241,0.8312214114795782,-0.19801195996626397
CHEMBL4792_Ki,R0,PHYSCHEM,KNN,0.8847865159382413,160,0.8700683208163108,-0.03160324463959241,0,,,95,0.8852843533984557,0.0007320658111762413,241,0.8621638840648067,-0.11401590049557853
CHEMBL4792_Ki,R2,MACCS,SVM,0.7189388224247649,156,0.7861921993667287,0.14989097031069387,0,,,92,0.8332506629402282,0.17200617240124216,242,0.7342656834097472,0.08706281626735302
CHEMBL4792_Ki,R2,MACCS,RF,0.7716611734755452,156,0.826506380382495,0.12047205139911932,0,,,92,0.8408638916728658,0.10236470384175578,242,0.7825087896884902,0.06051073306142518
CHEMBL4792_Ki,R2,MACCS,GBM,0.721735538490868,156,0.7957288325366612,0.1659073605646021,0,,,92,0.8374291266919461,0.17414279331811933,242,0.7337155998635237,0.06724575501966357
CHEMBL4792_Ki,R2,MACCS,KNN,0.8296186599315023,156,0.9188412539476172,0.20074027171630404,0,,,92,0.9392721232752801,0.16388872566137191,242,0.846665971551448,0.09664458758334182
CHEMBL4792_Ki,R2,PHYSCHEM,SVM,0.8575479698020341,156,0.8778657620279237,0.04337327858559048,0,,,92,0.8747626500212181,0.025053664671570663,242,0.831367522631609,-0.1329671687185806
CHEMBL4792_Ki,R2,PHYSCHEM,RF,0.8160955645262092,156,0.8687510804279279,0.11518782570574704,0,,,92,0.855390282060596,0.057558335597919674,242,0.8141395680123968,-0.010507266139949567
CHEMBL4792_Ki,R2,PHYSCHEM,GBM,0.8343732041632432,156,0.8822383524938326,0.10424623982030334,0,,,92,0.872711287060717,0.056128406752956495,242,0.8240174515175609,-0.05447200822242915
CHEMBL4792_Ki,R2,PHYSCHEM,KNN,0.870241069525057,156,0.8529083246340818,-0.036115723789630905,0,,,92,0.8418190582354721,-0.04087979410096265,242,0.8408546904666243,-0.14836940798884768
