smiles,y_pEC50_pKi,exp_mean_nM,cliff_mol_shipped,D0_recomputed,D1_ecfp4_strict,D2_invariant,D3_mmp,D3_mmp_size_capped_13
COc1ccc(NC(=O)c2ccc(-c3ccc(-c4noc(C)n4)cc3C)cc2)cc1N1CCN(C)CC1,7.130768280269024,74.0,0,0,0,0,0,0
Nc1cccc(-c2ccc(CCN3CCN(c4cccc5cccnc45)CC3)cc2)n1,8.522878745280337,3.0,0,0,0,0,1,1
COc1ccc(NS(=O)(=O)c2ccc(Br)cc2)cc1N1CCN(C)CC1,6.599997654072044,251.19,0,0,0,0,0,0
COc1ccc(NS(=O)(=O)c2sc3ccc(Cl)cc3c2C)cc1N1CCN(C)CC1,6.299997602857746,501.19,0,0,0,0,0,0
CN1CCc2cccc3c2[C@H]1Cc1cccc(-c2ccccc2)c1-3,8.744727494896694,1.8,1,1,0,0,1,1
CCCN1C[C@H](CSC)C[C@@H]2c3cccc4[nH]cc(c34)C[C@H]21,8.537602002101044,2.9,0,0,0,0,0,0
CCN(CC)C(=O)N[C@H]1C=C2c3cccc4[nH]cc(c34)C[C@H]2N(C)C1,9.397940008672036,0.4,1,1,0,1,0,0
CN[C@@H]1Cc2cccc3[nH]c(=O)n(c23)C1,7.136677139879544,73.0,0,0,0,0,0,0
CC(C)C[C@H]1C(=O)N2CCC[C@H]2[C@]2(O)O[C@](NC(=O)[C@@H]3C=C4c5cccc6[nH]c(Br)c(c56)C[C@H]4N(C)C3)(C(C)C)C(=O)N12,7.619788758288394,24.0,0,0,0,0,0,0
CCCN(CCC)CCc1cccc2c1CC(=O)N2,5.768020973168496,1706.0,0,0,0,0,0,0
CN(C)[C@@H]1Cc2cccc3nc(O)n(c23)C1,7.036212172654444,92.0,0,0,0,0,0,0
CCCN[C@@H]1Cc2cccc3nc(O)n(c23)C1,7.236572006437063,58.0,0,0,0,0,0,0
O=C1CC2(CCCC2)CC(=O)N1CCCCN1CCN(c2ncccn2)CC1,7.727378757066745,18.7336,0,0,0,0,1,1
COc1cccc(OC)c1O[C@@H]1CCC(NCC2COc3ccccc3O2)C1O,7.376750709602099,42.0,0,0,0,0,0,0
COc1ccccc1O[C@@H]1CCC(NCC2COc3ccccc3O2)C1O,7.589475827413811,25.735,0,0,0,0,0,0
COc1ccccc1N1CCN(CCN2C(=O)CC3(CCCC3)CC2=O)CC1,9.063924507062362,0.8631285714285714,1,1,0,0,1,1
CN(C)CCCN1c2ccccc2Sc2ccc(Cl)cc21,6.171984935776023,673.0,0,0,0,0,0,0
COc1ccc2occ3c2c1[C@H](CN)CC3,6.0655015487564325,860.0,0,0,0,0,0,0
COc1ccc(NS(=O)(=O)c2sc3ccc(Cl)cc3c2C)cc1N1CCN2CCCCC2C1,6.199998172182031,630.96,0,0,0,0,0,0
COc1cc(Br)c2c3c1C[C@H](N)C[C@@H]3CO2,6.017728766960431,960.0,0,0,0,0,0,0
COc1cc(Br)c2occ3c2c1[C@H](CN)CC3,6.978810700930062,105.0,0,0,0,0,0,0
CCN(CC)C(=O)[C@@H]1C=C2c3cccc4[nH]cc(c34)C[C@H]2N(C)C1,8.958607314841775,1.1,0,0,0,0,0,0
CCCCCCCCCOc1ccc2[nH]cc(CCN)c2c1,6.501689446210399,315.0,1,1,0,1,1,1
O=C1Nc2ccc(Cl)c3c2C1(CCCCN1CC=C(c2ccc(Cl)cc2)CC1)CCC3,6.500154895926735,316.115,0,0,0,0,0,0
NCCc1c[nH]c2ccc(O)cc12,8.60115099293676,2.505238095238095,0,0,0,0,1,1
CS(=O)(=O)Oc1ccc2c(c1)CN(CC[C@H]1CC[C@H](NC(=O)/C=C/c3ccc(F)cc3)CC1)C2,5.499999678657065,3162.28,0,0,0,0,0,0
CCCCN(CCC)C1Cc2cccc3nc(O)n(c23)C1,6.767003889607846,171.0,0,0,0,0,0,0
CCCN(CCC)C1Cc2cccc3c2n(c(=O)n3C)C1,6.906578314837765,124.0,0,0,0,0,0,0
Oc1nc2cccc3c2n1CC(N(CC1CC1)CC1CC1)C3,7.022276394711152,95.0,0,0,0,0,0,0
CCCN(CCC)C1Cc2cccc3c2N(C1)C(=O)C3,6.966576244513051,108.0,1,1,0,0,0,0
CCCN(CCC)C1Cc2cccc3c2N(C1)C(=O)CC3,8.619788758288394,2.4,1,1,0,1,0,0
CCCN(CCC)C1Cc2cccc3ncc(=O)n(c23)C1,6.0301183562535,933.0,1,1,0,1,0,0
CCCN(CCC)C1Cc2cccc3c2N(C1)C(=O)C3=O,6.16304326294045,687.0,1,1,0,0,0,0
CCCN(CCC)C1Cc2cccc3c2N(C1)C(=O)CN3,7.309803919971486,49.0,1,1,0,1,0,0
CCCN(CCC)C1Cc2cccc3nc(SC)n(c23)C1,6.761953896871205,173.0,0,0,0,0,0,0
CCCN(CCC)C1Cc2cccc3ncn(c23)C1,6.082494490447453,827.0,0,0,0,0,0,0
CNc1nc(Cl)c(SC)c(N2CCN(C)CC2)n1,6.366531544420414,430.0,1,1,0,1,0,0
CN1CCN(c2nc3ccccc3c(Cl)c2Sc2ccccc2)CC1,5.698970004336019,2000.0,0,0,0,0,0,0
Cc1nc(Cl)c(Sc2ccc(Cl)cc2)c(NC2CCN(Cc3ccccc3)CC2)n1,6.795880017344075,160.0,0,0,0,0,0,0
Cc1nc(Cl)c(Sc2ccc(Cl)cc2)c(N2CCN(C)CC2)n1,5.823908740944319,1500.0,0,0,0,0,0,0
CNc1nc(Cl)c(Sc2ccccc2)c(N2CCN(C)CC2)n1,6.337242168318426,460.0,0,0,0,0,0,0
C=CCN1C[C@H]2c3c(cccc3OC)CC[C@H]21,8.229147988357855,5.9,0,0,0,0,1,1
C[C@H]1C[C@H](c2cc3ccccc3s2)CCN1C[C@H](O)COc1cccc2[nH]ccc12,8.510041520575164,3.09,0,0,0,0,1,1
Cc1cc(C)c2cc([C@@H]3CCN(C[C@H](O)COc4cccc5[nH]ccc45)[C@@H](C)C3)sc2c1,7.022733787572707,94.9,0,0,0,0,1,1
COc1cc2nc(N(C)CCCCCCN(C)C(=O)c3cccc(CN(C)C)c3)nc(N)c2cc1OC,6.130000141365475,741.31,0,0,0,0,0,0
C=CCN1C[C@H]2c3c(O)cccc3CC[C@H]21,9.522878745280336,0.3,0,0,0,0,1,1
C[C@H]1C[C@H](c2cc3c(F)cccc3s2)CCN1C[C@H](O)COc1cccc2[nH]ccc12,8.028028723600244,9.375,0,0,0,0,1,1
CCCN(CCC)[C@@H]1Cc2cccc3c2N(CC(=O)N3)C1,6.517126416391246,304.0,0,0,0,0,0,0
Oc1cccc2c1C[C@H]1CCN(CC3CC3)[C@@H]1C2,7.161150909262744,69.0,0,0,0,0,0,0
C[C@H]1C[C@H](c2cc3ccc(Cl)cc3s2)CCN1C[C@H](O)COc1cccc2[nH]ccc12,7.738618162714253,18.255000000000003,0,0,0,0,1,1
COc1ccc2cc([C@@H]3CCN(C[C@H](O)COc4cccc5[nH]ccc45)[C@@H](C)C3)sc2c1,7.838931614528826,14.49,1,1,0,0,1,1
C[C@H]1C[C@H](c2cc3c(C(F)(F)F)cccc3s2)CCN1C[C@H](O)COc1cccc2[nH]ccc12,7.615646585862493,24.23,0,0,0,0,1,1
CN(C)CCc1c[nH]c2ccc(CS(=O)(=O)N(C)Cc3ccc(CN(C)S(=O)(=O)Cc4ccc5[nH]cc(CCN(C)C)c5c4)cc3)cc12,7.752026733638194,17.7,0,0,0,0,0,0
C[C@H]1C[C@H](c2cc3cc(Cl)ccc3s2)CCN1C[C@H](O)COc1cccc2[nH]ccc12,8.078833949362261,8.34,0,0,0,0,1,1
CCCN(CCC)[C@@H]1Cc2cccc3nc(O)n(c23)C1,7.605548319173784,24.8,0,0,0,0,0,0
Cc1cccc2sc([C@@H]3CCN(C[C@H](O)COc4cccc5[nH]ccc45)[C@@H](C)C3)cc12,8.164309428507574,6.85,0,0,0,0,1,1
C[C@H]1C[C@H](c2cc3ccc(F)cc3s2)CCN1C[C@H](O)COc1cccc2[nH]ccc12,8.2580609222708,5.52,0,0,0,0,1,1
CCCN[C@@H]1CCc2c(OC)cccc2[C@@H]1C,6.3872161432802645,410.0,0,0,0,0,0,0
CCN(CC)C(=O)N[C@@H]1C[C@@H]2c3cccc4c3C(=CC4)C[C@H]2N(C)C1,8.267606240177031,5.4,1,1,0,1,0,0
Cc1[nH]c2cccc3c2c1C[C@@H]1C3C[C@H](NC(=O)C(C)(C)C)CN1C,7.728158393463501,18.7,0,0,0,0,0,0
C[C@H]1C[C@H](c2cc3cccc(F)c3s2)CCN1C[C@H](O)COc1cccc2[nH]ccc12,7.8830603534492445,13.09,0,0,0,0,1,1
COc1ccc2sc([C@@H]3CCN(C[C@H](O)COc4cccc5[nH]ccc45)[C@@H](C)C3)cc2c1OC,8.943095148663527,1.14,1,1,0,0,1,1
COc1cccc2sc([C@H]3C[C@@H]4CC[C@H](C3)N4C[C@H](O)COc3cccc4[nH]ccc34)cc12,7.804100347590766,15.7,0,0,0,0,0,0
CN1C[C@@H](NC(=O)C(C)(C)C)CC2c3cccc4[nH]c(Cl)c(c34)C[C@H]21,8.537602002101044,2.9,0,0,0,0,0,0
CCCN1C[C@H]2c3c(cccc3OC)CC[C@H]21,8.318758762624412,4.8,0,0,0,0,0,0
COc1cccc2c1O[C@@H](CN1[C@H]3CC[C@@H]1C[C@@](O)(c1csc4ccccc14)C3)CO2,8.795880017344075,1.6,1,1,0,0,1,1
COc1cccc(N2CCN(C(=O)COc3ccc4[nH]cc(CCN)c4c3)CC2)c1,8.008773924307505,9.8,0,0,0,0,1,1
COc1ccc2[nH]c(-c3ccccc3)c(CCN(C)C)c2c1,5.832682665251824,1470.0,0,0,0,0,0,0
COc1cccc2c1O[C@@H](CN1C3C=C(n4ccc5cc(F)ccc54)CC1CC3)CO2,6.893809102736585,127.7,0,0,0,0,0,0
NCCc1c[nH]c2ccc(OCCCC(=O)N3CCN(c4ccc([N+](=O)[O-])cc4)CC3)cc12,7.82102305270683,15.1,0,0,0,0,0,0
CS(=O)(=O)NCc1ccc(N2CCN(C(=O)COc3ccc4[nH]cc(CCN)c4c3)CC2)cc1,7.022276394711152,95.0,0,0,0,0,1,1
CCOc1cccc2c1O[C@@H](CN1[C@H]3CC[C@@H]1C[C@@](O)(c1ccc4ccccc4c1)C3)CO2,8.231361898752386,5.87,0,0,0,0,1,1
CCOc1cccc2c1O[C@@H](CN1[C@H]3CC[C@@H]1C[C@@](O)(c1ccccc1)C3)CO2,8.515700160653214,3.05,1,1,0,1,1,1
COc1cccc2c1O[C@@H](CN1[C@H]3CC[C@@H]1C[C@@](O)(c1cccc(C(F)(F)F)c1)C3)CO2,9.481486060122112,0.33,0,0,0,0,1,1
OC(CNCCCCCCN1CC[C@H](c2ccc(F)cc2)[C@@H](COc2ccc3c(c2)OCO3)C1)COc1cccc2[nH]ccc12,8.173925197299173,6.7,1,1,0,1,1,1
NCCc1c[nH]c2ccc(OCC(=O)N3CCN(c4ccccc4CN)CC3)cc12,7.866461091629782,13.6,0,0,0,0,1,1
COc1ccc2[nH]c(C)c(CCN(C)C)c2c1,6.698970004336019,200.0,0,0,0,0,0,0
CCOc1cccc2c1O[C@@H](CN1[C@H]3CC[C@@H]1C[C@@](O)(c1csc4ccccc14)C3)CO2,7.777283528852417,16.7,1,1,0,0,1,1
OC(CNCCCCCCN1CC[C@H](c2ccc(F)cc2)[C@@H](COc2ccc3c(c2)OCO3)C1)COc1cccc2ccccc12,6.806875401645538,156.0,1,1,0,1,1,1
NCCc1c[nH]c2ccc(OCC(=O)N3CCN(c4ccc([N+](=O)[O-])cc4)CC3)cc12,7.619788758288394,24.0,0,0,0,0,1,1
NCCc1c[nH]c2ccc(OS(=O)(=O)C(F)(F)F)cc12,7.744727494896693,18.0,0,0,0,0,1,1
NCCc1c[nH]c2ccc(OCCCCCC(=O)N3CCN(c4ccc(N)cc4)CC3)cc12,7.370590400897281,42.6,1,1,0,0,1,0
OC(CNCCC(Oc1ccc(C(F)(F)F)cc1)c1ccccc1)COc1ccccc1C1CCCC1,7.438898616350944,36.4,1,1,0,1,1,0
NCCc1c[nH]c2ccc(OCC(=O)N3CCN(c4ccccc4)CC3)cc12,7.962573502059376,10.9,1,1,0,0,1,1
COc1ccccc1[C@@]1(O)C[C@@H]2CC[C@H](C1)N2C[C@H]1COc2cccc(OC)c2O1,7.4089353929735005,39.0,0,0,0,0,1,1
CCOc1cccc2c1O[C@@H](CN1[C@H]3CC[C@@H]1C[C@@](O)(c1cccc(C(F)(F)F)c1)C3)CO2,8.534617148551582,2.92,0,0,0,0,1,1
COc1cccc2c1O[C@@H](CN1[C@H]3CC[C@@H]1C[C@@](O)(c1ccccc1)C3)CO2,8.8153085691824,1.53,1,1,0,1,1,1
Cc1ccccc1N1CCN(C(=O)COc2ccc3[nH]cc(CCN)c3c2)CC1,8.105130343254748,7.85,0,0,0,0,1,1
NCCc1c[nH]c2ccc(OCC(=O)N3CCN(c4ccc(NC(=O)c5ccccc5)cc4)CC3)cc12,7.214670164989233,61.0,0,0,0,0,1,0
CC(C)NC[C@H](O)COc1cccc2[nH]ccc12,6.958607314841775,110.0,0,0,0,0,1,1
NCCc1c[nH]c2ccc(OCC(=O)N3CCN(c4ccc(CN)cc4)CC3)cc12,6.886056647693163,130.0,1,1,0,1,1,1
COc1cccc2c1O[C@@H](CN1[C@H]3CC[C@@H]1C[C@@](O)(c1ccc4ccccc4c1)C3)CO2,9.09151498112135,0.81,1,1,0,0,1,1
CCCN(CCC)CCc1c[nH]c2ccc(OS(=O)(=O)C(F)(F)F)cc12,7.638272163982407,23.0,0,0,0,0,0,0
NCCc1c[nH]c2ccc(OCCCCCC(=O)N3CCN(c4ccc([N+](=O)[O-])cc4)CC3)cc12,7.892790030352131,12.8,0,0,0,0,1,0
NCCc1c[nH]c2ccc(OCC(=O)N3CCN(c4ccc(N)cc4)CC3)cc12,6.216811308924743,607.0,1,1,0,1,1,1
NCCc1c[nH]c2ccc(OCC(=O)N3CCN(c4cccc5ccccc45)CC3)cc12,8.050609993355087,8.9,0,0,0,0,1,1
CN(C)CCc1c[nH]c2ccc(OS(=O)(=O)C(F)(F)F)cc12,7.397940008672037,40.0,0,0,0,0,1,1
NCCc1c[nH]c2ccc(OCCCCC(=O)N3CCN(c4ccc(N)cc4)CC3)cc12,7.294992040666664,50.7,1,1,0,0,1,0
CS(=O)(=O)NCc1ccccc1N1CCN(C(=O)COc2ccc3[nH]cc(CCN)c3c2)CC1,8.292429823902063,5.1,0,0,0,0,1,1
CCc1[nH]c2ccc(OC)cc2c1CCN(C)C,6.769551078621726,170.0,0,0,0,0,0,0
COc1cccc2c1O[C@@H](CN1C3C=C(c4cccc5ccccc45)CC1CC3)CO2,6.447331783887806,357.0,0,0,0,0,0,0
COc1cccc2c1O[C@@H](CN1C3C=C(c4cccc5cccnc45)CC1CC3)CO2,6.512720183556931,307.1,0,0,0,0,0,0
CCN(CC)CCc1c[nH]c2ccc(OS(=O)(=O)C(F)(F)F)cc12,7.568636235841013,27.0,0,0,0,0,1,1
NCCc1c[nH]c2ccc(OCCCCC(=O)N3CCN(c4ccc([N+](=O)[O-])cc4)CC3)cc12,7.798602875679548,15.9,0,0,0,0,1,0
COc1cccc2c1O[C@@H](CN1[C@H]3CC[C@@H]1C[C@@](O)(c1ccccn1)C3)CO2,7.337242168318426,46.0,1,1,0,1,1,1
CCOc1cccc2c1O[C@@H](CN1[C@H]3CC[C@@H]1C[C@@](O)(c1ccccn1)C3)CO2,7.210419287835575,61.6,1,1,0,1,1,1
OC(CNCCCCCCNCCC(Oc1ccc(C(F)(F)F)cc1)c1ccccc1)COc1cccc2ccccc12,6.407823242604133,391.0,1,1,0,1,0,0
COc1ccc(CNC(=O)/C=C/c2ccc3[nH]cc(CCN(C)C)c3c2)cc1,8.886056647693163,1.3,0,0,0,0,1,0
CS(=O)(=O)Nc1ccc(N2CCN(C(=O)COc3ccc4[nH]cc(CCN)c4c3)CC2)cc1,7.161780778092374,68.9,0,0,0,0,1,1
CS(=O)(=O)Nc1ccc(N2CCN(C(=O)CCCCCOc3ccc4[nH]cc(CCN)c4c3)CC2)cc1,7.991399828238082,10.2,0,0,0,0,0,0
N#Cc1ccccc1N1CCN(C(=O)COc2ccc3[nH]cc(CCN)c3c2)CC1,7.823908740944319,15.0,0,0,0,0,1,1
O=C(NCCN1CCN(c2cccc3c2OCC(CO)O3)CC1)c1ccc(F)cc1,8.537602002101044,2.9,0,0,0,0,0,0
NCCc1c[nH]c2ccc(OCC(=O)N3CCN(c4ccccc4[N+](=O)[O-])CC3)cc12,8.2839966563652,5.2,0,0,0,0,1,1
O=C(N[C@@H](Cc1ccccc1)CN1CCN(c2nsnc2Cl)CC1)C1CCCCC1,9.096910013008056,0.8,1,1,0,1,1,1
CN(C(=O)C1CCCCC1)[C@H](Cc1ccccc1)CN1CCN(c2nsnc2Cl)CC1,8.346787486224656,4.5,0,0,0,0,0,0
O=C(N[C@@H](Cc1ccccc1)CN1CCN(c2nsnc2Cl)CC1)c1ccncc1,6.371611069949688,425.0,1,1,0,1,1,1
COc1nsnc1N1CCN(C[C@@H](Cc2ccccc2)N(C)C(=O)c2ccccc2)CC1,8.00436480540245,9.9,0,0,0,0,0,0
CCCN1CC[C@H]2c3c(ccc4ccoc34)CC[C@H]21,8.4089353929735,3.9,0,0,0,0,0,0
CCCN(CCC)C1CCc2c(ccc3ccoc23)C1,6.6777807052660805,210.0,0,0,0,0,0,0
CCCN(CCC)C1CCc2c(O)cccc2C1,6.46344155742847,344.0,0,0,0,0,0,0
CCCN(CCC)C1CCc2ccc3occc3c2C1,8.10790539730952,7.8,0,0,0,0,0,0
CCCN(CCC)C1CCc2ccc3ccoc3c2C1,8.214670164989233,6.1,0,0,0,0,0,0
COc1nsnc1N1CCN(C[C@@H](Cc2ccccc2)N(C)C(=O)C2CCCCC2)CC1,8.823908740944319,1.5,0,0,0,0,0,0
COc1nsnc1N1CCN(C[C@@H](Cc2cccnc2)NC(=O)C2(C)CCCCC2)CC1,8.522878745280337,3.0,0,0,0,0,0,0
CCCN(CCC)C1CCc2ccc(O)cc2C1,7.327902142064283,47.0,0,0,0,0,0,0
CCCN(CCC)[C@@H]1CCc2c(ccc3ccoc23)[C@@H]1C,6.920818753952375,120.0,0,0,0,0,0,0
O=C(NCCCCN1CCN(c2cccc(Cl)c2Cl)CC1)c1cc2ccccc2s1,6.443697499232712,360.0,1,1,0,1,1,1
COc1ccccc1N1CCN(CCCCNC(=O)c2ccc3ccccc3c2)CC1,7.091514981121351,81.0,1,1,0,1,1,1
COc1ccccc1N1CCN(CCCCNC(=O)c2cccn3nccc23)CC1,7.958607314841775,11.0,0,0,0,0,1,1
COc1ccccc1N1CCN(CCCCNC(=O)c2ccn3nccc3c2)CC1,7.823908740944319,15.0,0,0,0,0,1,1
COc1ccccc1N1CCN(CCCCNC(=O)c2ccc3ccnn3c2)CC1,7.721246399047171,19.0,0,0,0,0,1,1
COc1ccccc1N1CCN(CCCCNC(=O)c2cnn3ccccc23)CC1,7.853871964321762,14.0,0,0,0,0,1,1
COc1ccccc1N1CCN(CCCCNC(=O)c2cc3ccccc3s2)CC1,7.387216143280264,41.0,1,1,0,1,1,1
COc1ccccc1N1CCN(CCCCNC(=O)c2cccc3ccnn23)CC1,7.657577319177793,22.0,0,0,0,0,1,1
COc1ccccc1N1CCN(CCCCNC(=O)c2cc3ccccn3n2)CC1,7.619788758288394,24.0,1,1,0,1,1,1
COc1ccccc1N1CCN(CCCCNC(=O)c2cc3ccccc3o2)CC1,7.769551078621726,17.0,1,1,0,1,1,1
NCCc1c[nH]c2ccc(OCCNC(=O)COc3ccc4[nH]cc(CCN)c4c3)cc12,8.657577319177793,2.2,0,0,0,0,0,0
CCCN(CCC)[C@H]1CCc2c(F)ccc(O)c2C1,7.060480747381382,87.0,0,0,0,0,0,0
O=C1c2ccccc2CCCN1CCN1CCC(n2c(O)nc3cc(F)ccc32)CC1,6.32000008377078,478.63,0,0,0,0,0,0
NCCc1c[nH]c2ccc(OCC(=O)N3CCC(C4CCN(C(=O)COc5ccc6[nH]cc(CCN)c6c5)CC4)CC3)cc12,8.397940008672037,4.0,1,1,0,1,0,0
NCCc1c[nH]c2ccc(OCCCCCCOc3ccc4[nH]cc(CCN)c4c3)cc12,8.744727494896694,1.8,1,1,0,1,1,1
CN1CCc2ccc3c4c2[C@H]1Cc1cccc(c1-4)C3,7.39040559077478,40.7,0,0,0,0,0,0
NCCc1c[nH]c2ccc(OCCCCCCNS(=O)(=O)c3ccc(-c4ccc(S(=O)(=O)NCCCCCCOc5ccc6[nH]cc(CCN)c6c5)cc4)cc3)cc12,8.779891911959945,1.66,0,0,0,0,0,0
CN1CCc2cccc3c2[C@H]1Cc1ccccc1-3,7.096910013008056,80.0,0,0,0,0,0,0
NCCc1c[nH]c2ccc(OCC(=O)NCCCNC(=O)COc3ccc4[nH]cc(CCN)c4c3)cc12,8.065501548756432,8.6,0,0,0,0,0,0
Cc1cccc2c1-c1cccc3c1[C@@H](C2)N(C)CC3,7.841637507904751,14.4,0,0,0,0,1,1
NCCc1c[nH]c2ccc(OCC(=O)Nc3ccc(NC(=O)COc4ccc5[nH]cc(CCN)c5c4)cc3)cc12,8.391473966422806,4.06,0,0,0,0,0,0
NCCc1c[nH]c2ccc(OCc3ccccc3COc3ccc4[nH]cc(CCN)c4c3)cc12,8.366531544420413,4.3,0,0,0,0,0,0
NCCc1c[nH]c2ccc(OCCOc3ccc4[nH]cc(CCN)c4c3)cc12,7.844663962534938,14.3,0,0,0,0,1,1
NCCc1c[nH]c2ccc(OCCN3CCN(C(=O)COc4ccc5[nH]cc(CCN)c5c4)CC3)cc12,8.022276394711152,9.5,0,0,0,0,1,0
NCCc1c[nH]c2ccc(OCc3cccc(COc4ccc5[nH]cc(CCN)c5c4)c3)cc12,9.0,1.0,0,0,0,0,0,0
NCCc1c[nH]c2ccc(OCC(=O)N3CCN(C(=O)COc4ccc5[nH]cc(CCN)c5c4)CC3)cc12,7.698970004336019,20.0,0,0,0,0,0,0
NCCc1c[nH]c2ccc(OCc3ccc(COc4ccc5[nH]cc(CCN)c5c4)cc3)cc12,8.795880017344075,1.6,0,0,0,0,0,0
NCCc1c[nH]c2ccc(OCCNC(=O)NCCOc3ccc4[nH]cc(CCN)c4c3)cc12,8.657577319177793,2.2,0,0,0,0,0,0
NCCc1c[nH]c2ccc(OCCN3CCN(CCOc4ccc5[nH]cc(CCN)c5c4)CC3)cc12,8.022276394711152,9.5,0,0,0,0,0,0
NCCc1c[nH]c2ccc(OCC(=O)Nc3ccc(N4CCN(C(=O)COc5ccc6[nH]cc(CCN)c6c5)CC4)cc3)cc12,8.008773924307505,9.8,0,0,0,0,1,0
[N-]=[N+]=Nc1cccc(CCN2CCN(c3cccc(C(F)(F)F)c3)CC2)c1,8.698970004336019,2.0,0,0,0,0,1,1
Nc1ccc(CCN2CCN(c3cccc(C(F)(F)F)c3)CC2)cc1I,7.709965388637482,19.5,0,0,0,0,1,0
CCN(CC)CCc1c[nH]c2ccccc12,7.327902142064283,47.0,0,0,0,0,0,0
CCN(CC)CCc1c[nH]c2ccc(OC)cc12,8.769551078621726,1.7,0,0,0,0,1,1
[N-]=[N+]=Nc1ccc(CCN2CCN(c3cccc(C(F)(F)F)c3)CC2)cc1I,7.723538195826756,18.9,0,0,0,0,0,0
CN(C)CCc1c[nH]c2cc(F)cc(O)c12,6.943095148663527,114.0,0,0,0,0,0,0
CCN(CC)CCc1c[nH]c2cc(F)ccc12,6.59176003468815,256.0,0,0,0,0,0,0
COc1cc2c(CCN(C)C)c[nH]c2cc1F,7.073143291050307,84.5,0,0,0,0,0,0
Nc1cccc(CCN2CCN(c3cccc(C(F)(F)F)c3)CC2)c1,8.346787486224656,4.5,0,0,0,0,1,1
CCN(CC)CCc1c[nH]c2cccc(O)c12,7.309803919971486,49.0,0,0,0,0,1,1
CN(C)CCc1c[nH]c2c(F)ccc(O)c12,6.920818753952375,120.0,0,0,0,0,0,0
N#Cc1cc(CN2CCN(c3ccccc3)CC2)c[nH]1,6.292429823902063,510.0,0,0,0,0,1,1
CCc1ccc2[nH]cc(CCN(C)C)c2c1,7.823908740944319,15.0,1,1,0,0,1,1
CCCCCOc1ccc2[nH]cc(CCN)c2c1,7.376750709602099,42.0,1,1,0,1,1,1
CCCCCCCCCOc1ccc2[nH]cc(CCN(C)C)c2c1,6.2403321553103694,575.0,0,0,0,0,1,1
CCCCCCCCCOc1ccc2[nH]cc(CCNCCCC)c2c1,5.809668301829708,1550.0,1,1,0,1,0,0
C#Cc1c[nH]c(CN2CCN(c3ccccc3)CC2)c1,6.568636235841013,270.0,0,0,0,0,1,1
CCCOc1ccc2[nH]cc(CCN)c2c1,7.055517327849832,88.0,1,1,0,0,1,1
c1ccc(-c2c[nH]c(CN3CCN(c4ccccc4)CC3)c2)cc1,6.102372908709558,790.0,1,1,0,1,1,1
COc1ccc2[nH]cc(CCN)c2c1,8.494850021680094,3.2,1,1,0,0,1,1
CC(C)(C)CCCCCCCOc1ccc2[nH]cc(CCN)c2c1,7.200659450546418,63.0,1,1,1,1,1,1
CC(C)(C)CCCCCCOc1ccc2[nH]cc(CCN)c2c1,6.036212172654444,920.0,1,1,1,1,1,1
O=C1Nc2cccc3c2C1(CCCCN1CCc2sccc2C1)CCC3,6.290001171974812,512.86,0,0,0,0,0,0
NCCc1c[nH]c2ccc(OCCCCC3CCCCC3)cc12,6.096910013008056,800.0,0,0,0,0,1,1
CCCCCCCCC(=O)Oc1ccc2[nH]cc(CCN(C)C)c2c1,8.031517051446064,9.3,0,0,0,0,1,1
CCCCCCCOc1ccc2[nH]cc(CCN)c2c1,7.42021640338319,38.0,1,1,0,1,1,1
CC(C)CCCCCCOc1ccc2[nH]cc(CCN)c2c1,5.928117992693875,1180.0,0,0,0,0,1,1
CCC(=O)Oc1ccc2[nH]cc(CCN(C)C)c2c1,6.392544976785332,405.0,0,0,0,0,1,1
CCCCCCCCCCc1ccc2[nH]cc(CCN)c2c1,5.638272163982407,2300.0,1,1,0,1,1,1
N#Cc1c[nH]c(CN2CCN(c3ccccc3)CC2)c1,6.346787486224656,450.0,0,0,0,0,1,1
CN1C(=O)C2(CCCCN3CCc4sccc4C3)CCCc3cccc1c32,6.109998386815364,776.25,0,0,0,0,0,0
CCc1ccc2[nH]cc(CCN)c2c1,7.698970004336019,20.0,0,0,0,0,1,1
CC(=O)c1ccc2[nH]cc(CCN)c2c1,8.886056647693163,1.3,0,0,0,0,1,1
O=C1CC2(CCCC2)CC(=O)N1CCN1CCCN(c2ccccc2Cl)CC1,9.468521082957745,0.34,1,1,1,1,0,0
NCCc1c[nH]c2ccc(C(N)=O)cc12,9.313810765755976,0.4855,0,0,0,0,1,1
CN(CCN1C(=O)CC2(CCCC2)CC1=O)CCN(C)c1cc(Cl)ccc1Cl,6.363813104801276,432.7,0,0,0,0,0,0
CC1CN(c2ccccc2[N+](=O)[O-])CCN1CCN1C(=O)CC2(CCCC2)CC1=O,7.064240896254688,86.25,0,0,0,0,0,0
COc1ccc2[nH]cc(CC(C)N)c2c1,8.337242168318426,4.6,0,0,0,0,1,1
O=C1CC2(CCCC2)CC(=O)N1CCN1CCN(c2ccccc2Br)CC1,8.88941028970075,1.29,1,1,0,1,1,1
CC1CN(c2ccccc2[N+](=O)[O-])CC(C)N1CCN1C(=O)CC2(CCCC2)CC1=O,6.398809467384666,399.2,0,0,0,0,0,0
COc1ccccc1N1CCN(CCN2C=CC3(CCCC3)CC2=O)CC1,8.415668775632469,3.84,1,1,0,0,1,1
O=C1CC2(CCCC2)CC(=O)N1CCN1CCC(c2ccccc2)CC1,7.586700235918748,25.9,1,1,0,0,1,1
O=C1CC2(CCCC2)CCN1CCN1CCN(c2ccccc2Cl)CC1,8.97469413473523,1.06,1,1,0,0,1,1
CC(C)C[C@H]1C(=O)N[C@@H](Cc2ccccc2)[C@]2(O)O[C@@](C)(NC(=O)[C@@H]3C=C4c5cccc6[nH]cc(c56)C[C@H]4N(C)C3)C(=O)N12,10.199970640755865,0.0631,0,0,0,0,0,0
NCCCC1(CCCN)CCc2cccc(O)c2C1,8.700057099977233,1.995,0,0,0,0,0,0
Cc1ccc(F)c(N2CCN(CCN3C(=O)CC4(CCCC4)CC3=O)CC2)c1,7.281415279972564,52.31,1,1,0,1,1,1
COc1ccccc1N1CCC(CNCC2COc3ccc(Cl)cc3O2)CC1,8.443697499232712,3.6,0,0,0,0,0,0
O=C1CC2(CCCC2)CC(=O)N1CCN1CCN(c2cc(F)ccc2Cl)CC1,7.91829272990265,12.07,1,1,0,1,1,1
Cc1ccccc1N1CCN(CCN2C(=O)CC3(CCCC3)CC2=O)CC1,7.596022036330645,25.35,1,1,0,1,1,1
O=C1CC2(CCCC2)CC(=O)N1CCN1CCN(c2ccccc2C(F)(F)F)CC1,7.5805399272139296,26.27,0,0,0,0,1,1
COc1ccccc1OCCNCCN1C(=O)CC2(CCCC2)CC1=O,6.279344643448275,525.6,0,0,0,0,1,1
CN(C)CCOC1=Cc2ccccc2Sc2ccc(Cl)cc21,6.481486060122113,330.0,0,0,0,0,0,0
O=C1CC2(CCCC2)CC(=O)N1CCN1CCN(c2ccccc2[N+](=O)[O-])CC1,7.948076083953893,11.27,0,0,0,0,1,1
O=C1CC2(CCCC2)CCN1CCN1CCN(c2cc(Cl)ccc2Cl)CC1,7.758702612890007,17.43,1,1,0,0,1,1
O=C1CC2(CCCC2)CC(=O)N1CCN1CCN(c2cc(Cl)ccc2Cl)CC1,7.443697499232712,36.0,1,1,0,1,1,1
O=C1CC2(CCCC2)CC(=O)N1CCN1CCN(c2ccccc2C2CC2)CC1,8.920818753952375,1.2,0,0,0,0,1,1
O=C1CC2(CCCC2)CC(=O)N1CCN1CCN(c2ccccc2Cl)CC1,8.372634143407268,4.24,1,1,1,1,1,1
CC1CCN(CC[C@H]2CCCN2S(=O)(=O)c2cccc3ccccc23)CC1,6.0,1000.0,0,0,0,0,0,0
O=C1CC2(CCCC2)CC(=O)N1CCN1CCN(c2cc(Br)ccc2Br)CC1,7.206069993227316,62.22,1,1,0,1,1,1
O=C1CC2(CCCC2)CC(=O)N1CCCCN1CCN(c2cc(Cl)ccc2Cl)CC1,7.582528306796707,26.15,1,1,1,1,1,1
CN(CCCOc1cc(Cl)ccc1Cl)CCN1C(=O)CC2(CCCC2)CC1=O,6.34524606674707,451.6,0,0,0,0,0,0
CCOc1ccccc1OCCN[C@H](C)Cc1ccc(OC)c(S(N)(=O)=O)c1,9.102372908709558,0.79,0,0,0,0,0,0
O=C1CC2(CCCC2)CC(=O)N1CCN1CCC(c2cc(Cl)ccc2Cl)CC1,6.6052157209529625,248.19,1,1,0,1,1,1
O=C1CC2(C=CN1CCN1CCN(c3ccccc3Cl)CC1)CCCC2,8.027797161620935,9.38,0,0,0,0,1,1
CC(CN1CCN(c2cc(Cl)ccc2Cl)CC1)N1C(=O)CC2(CCCC2)CC1=O,6.684113584291513,206.96,0,0,0,0,1,0
CN(CCOc1ccccc1Cl)CCN1C(=O)CC2(CCCC2)CC1=O,6.90204892900585,125.3,0,0,0,0,1,1
Cc1cccc(S(=O)(=O)N2CCC[C@@H]2CCN2CCC(C)CC2)c1,6.0,1000.0,0,0,0,0,0,0
O=C1CC2(CCCC2)CC(=O)N1CCN1CCN(c2ccc(Cl)cc2)CC1,6.222558677202283,599.02,1,1,0,0,1,1
O=C1CC2(CCCC2)CC(=O)N1CCCN1CCN(c2cc(Cl)ccc2Cl)CC1,6.396953110896759,400.91,1,1,1,1,1,1
CCC1(C)CC(=O)N(CCN2CCN(c3cc(Cl)ccc3Cl)CC2)C(=O)C1,6.982549270489464,104.1,0,0,0,0,0,0
O=C1CC2(C=CN1CCN1CCN(c3cc(Cl)ccc3Cl)CC1)CCCC2,7.036873558918096,91.86,0,0,0,0,1,1
O=C1Cc2cc(CCN3CCN(c4nsc5ccccc45)CC3)c(Cl)cc2N1,8.598384088779179,2.52125,0,0,0,0,1,0
COc1ccc(N2CCN(CCN3C(=O)CC4(CCCC4)CC3=O)CC2)cc1,7.262886905694039,54.59,1,1,0,0,1,1
Cc1ccc(C)c(N2CCN(CCN3C(=O)CC4(CCCC4)CC3=O)CC2)c1,6.559972990303383,275.44,1,1,0,1,1,1
COc1ccccc1N1CCN(CCN2CCC3(CCCC3)CC2=O)CC1,8.63264407897398,2.33,1,1,0,0,1,1
CC1CCN(CC[C@H]2CCCCN2S(=O)(=O)c2cccc3ccccc23)CC1,5.800000874803203,1584.89,0,0,0,0,0,0
O=C1CC2(CCCC2)CC(=O)N1CCN1CCN(c2cccc(C(F)(F)F)c2)CC1,8.08512818245995,8.22,1,1,0,0,1,1
CN(CCNc1cc(Cl)ccc1Cl)CCN1C(=O)CC2(CCCC2)CC1=O,6.144480844332199,717.0,0,0,0,0,1,1
O=C1CC2(CCCC2)CC(=O)N1CCN1CCN(c2ccccc2O)CC1,8.866461091629782,1.36,1,1,0,1,1,1
O=C1CC2(CCCC2)CC(=O)N1CCN1CCN(c2ccc(Cl)c(Cl)c2)CC1,7.702896349850743,19.82,1,1,0,0,1,1
Cc1ccc(Cl)cc1N1CCN(CCN2C(=O)CC3(CCCC3)CC2=O)CC1,6.870181256151065,134.84,1,1,0,1,1,1
CC1(C)CC(=O)N(CCN2CCN(c3ccccc3Cl)CC2)C(=O)C1,7.181774106386045,65.8,0,0,0,0,1,1
O=C1CCCC(=O)N1CCN1CCN(c2cc(Cl)ccc2Cl)CC1,6.588211995456131,258.1,0,0,0,0,1,1
O=C1CC2(CCCC2)CC(=O)N1CCN1CCN(c2cccc(Cl)c2)CC1,8.962573502059376,1.09,1,1,0,0,1,1
O=C1CC2(CCCC2)CC(=O)N1CCN1CCN(c2cccc(Cl)c2Cl)CC1,8.47237009912866,3.37,1,1,0,0,1,1
O=C1CC2(CCCC2)CC(=O)N1CCN1CCN(c2ccc(Cl)cc2Cl)CC1,7.9179330657148865,12.08,1,1,0,1,1,1
O=C1CC2(CCCC2)CC(=O)N1CCN1CCC(c2ccccc2Cl)CC1,8.279840696594043,5.25,1,1,0,1,1,1
O=C1CC2(CCCC2)CC(=O)N1CCN1CCN(c2cc(C(F)(F)F)ccc2F)CC1,6.795066477645855,160.3,1,1,0,0,1,1
CC(C)Oc1ccccc1N1CCN(C[C@@H](O)CNC(=O)c2ccc3c(c2)C(=O)N(c2ccc(N(C)C)cc2)C3=O)CC1,7.823908740944319,15.0,0,0,0,0,0,0
CC1CCN(CC[C@H]2CCCN2S(=O)(=O)c2ccc(Cl)c(Cl)c2)CC1,6.499996931948306,316.23,0,0,0,0,1,1
CC(N)Cc1c[nH]c2ccc(O)cc12,7.920818753952375,12.0,1,1,0,1,1,1
CC(C)Oc1ccccc1N1CCN(CCN2C(=O)CC3(CCCC3)CC2=O)CC1,9.267606240177033,0.54,0,0,0,0,1,1
COc1cccc(N2CCN(CCN3C(=O)CC4(CCCC4)CC3=O)CC2)c1,7.871600731282194,13.44,1,1,0,0,1,1
Cc1ccc(N2CCN(CCN3C(=O)CC4(CCCC4)CC3=O)CC2)c(C)c1,5.626517899811021,2363.1,1,1,0,1,1,1
CC(N)Cc1cn(C)c2ccc3c(c12)CCCO3,7.552841968657781,28.0,0,0,0,0,0,0
CCOC(=O)c1ccccc1N1CCN(CCN2C(=O)CC3(CCCC3)CC2=O)CC1,8.39040559077478,4.07,0,0,0,0,1,1
Cc1ccc(Cl)c(N2CCN(CCN3C(=O)CC4(CCCC4)CC3=O)CC2)c1,7.157702865671935,69.55,1,1,0,1,1,1
O=C1CC2(CCCCC2)CC(=O)N1CCN1CCN(c2ccccc2Cl)CC1,7.699621935129297,19.97,1,1,1,1,1,1
CC1CCN(CC[C@H]2CCCN2S(=O)(=O)c2cccc(Br)c2)CC1,6.399996913372259,398.11,1,1,0,1,1,1
O=C1CC2(CCCC2)CC(=O)N1CCN1CCN(c2ccccc2)CC1,7.447210149807218,35.71,1,1,0,0,1,1
N#Cc1ccc(Cl)cc1N1CCN(CCN2C(=O)CC3(CCCC3)CC2=O)CC1,7.528121800692709,29.64,0,0,0,0,1,1
COc1ccccc1OCCN(C)CCN1C(=O)CC2(CCCC2)CC1=O,6.586130493490904,259.34,0,0,0,0,1,1
COc1cc(C[C@@H](C)N)c(OC)cc1I,9.187086643357144,0.65,0,0,0,0,0,0
N#Cc1ccccc1N1CCN(CCN2C(=O)CC3(CCCC3)CC2=O)CC1,8.270025714300445,5.37,0,0,0,0,1,1
O=C1CC2(CCCC2)CC(=O)N1CCN1CCN(c2c(Cl)cccc2Cl)CC1,6.630042392653947,234.4,1,1,0,0,1,1
O=C1CC2(CCCC2)CC(=O)N1CCN1CCN(c2cc(I)ccc2Cl)CC1,6.094976285310622,803.57,1,1,0,1,1,1
O=C1CC2(CCCCC2)CC(=O)N1CCN1CCN(c2cc(Cl)ccc2Cl)CC1,6.893333238030084,127.84,1,1,0,1,0,0
Clc1ccccc1N1CCN(CCN2CCC3(CCCC3)CC2)CC1,7.068542129310995,85.4,1,1,0,0,1,1
O=C(/C=C/c1ccc(Cl)c(Cl)c1)NCCCCCN1CCC(c2c[nH]c3ccc(O)cc23)CC1,7.0,100.0,0,0,0,0,0,0
CNC(=O)Cn1c2c(c3ccccc31)CCN(CCCCC13CCCc4cccc(c41)NC3=O)C2,6.890016705180107,128.82,0,0,0,0,0,0
O=C(/C=C/c1ccc(Cl)c(Cl)c1)N[C@H]1CC[C@@H](CN2[C@H]3CC[C@@H]2C[C@@H](c2c[nH]c4ccc(O)cc24)C3)CC1,5.100000128334196,7943.28,0,0,0,0,0,0
COc1cccc2sc([C@H]3C[C@@H]4CC[C@H](C3)N4C[C@H](O)COc3cccc4[nH]c(C(N)=O)cc34)cc12,7.907981529247203,12.36,0,0,0,0,0,0
CN(C)CCSc1nc2ccccc2s1,6.080921907623926,830.0,0,0,0,0,0,0
CN(C)CCSc1cccc(C2CCCCC2)n1,8.060480747381382,8.7,1,1,0,1,0,0
CN(C)CCSC(C)(C)C,7.769551078621726,17.0,0,0,0,0,0,0
COc1cc(OC)c2cc([C@@H]3CCN(C[C@H](O)COc4cccc5[nH]c(C)cc45)[C@@H](C)C3)sc2c1,7.635449004646028,23.15,0,0,0,0,1,1
Cc1cc2c(OC[C@@H](O)CN3CC[C@@H](c4cc5ccc(F)cc5s4)C[C@@H]3C)cccc2[nH]1,7.9083330424043154,12.35,1,1,0,1,1,1
Cc1cc2c(OC[C@@H](O)CN3CC[C@@H](c4cc5cc(F)ccc5s4)C[C@@H]3C)cccc2[nH]1,8.247951552180561,5.65,0,0,0,0,1,1
CNCCc1c[nH]c2ccc(C(C)(C)C)cc12,8.214670164989233,6.1,0,0,0,0,0,0
CN(C)CCSc1nc(C(C)(C)C)cs1,5.657577319177793,2200.0,0,0,0,0,1,1
CN(C)CCSc1nc(-c2ccncc2)cs1,7.045757490560675,90.0,0,0,0,0,1,1
CN(C)CCSc1cccc(-c2ccccc2)n1,7.795880017344075,16.0,1,1,0,1,0,0
CN(C)CCSc1cccc(Br)n1,7.431798275933005,37.0,0,0,0,0,0,0
COc1ccc2cc([C@@H]3CCN(C[C@H](O)COc4cccc5[nH]c(C)cc45)[C@@H](C)C3)sc2c1,7.870310107800699,13.48,1,1,0,0,1,1
Cc1cc(C)c2cc([C@@H]3CCN(C[C@H](O)COc4cccc5[nH]c(C)cc45)[C@@H](C)C3)sc2c1,6.980343774680652,104.63,0,0,0,0,1,1
CN(C)CCSc1ccnc(-c2ccccc2)c1,5.920818753952375,1200.0,1,1,0,1,0,0
CNS(=O)(=O)CCc1ccc2[nH]cc(C3CCN(C)CC3)c2c1,7.346787486224656,45.0,0,0,0,0,0,0
CN(C)CCSc1nc(-c2ccccc2)cs1,6.6777807052660805,210.0,0,0,0,0,1,1
CCCN(CCC)[C@H]1CCc2nn3ccccc3c2C1,5.6020599913279625,2500.0,0,0,0,0,0,0
Cc1cc2c(OC[C@@H](O)CN3CC[C@@H](c4cc5cc(Cl)ccc5s4)C[C@@H]3C)cccc2[nH]1,7.805485658117533,15.65,1,1,0,1,1,1
Cc1cc2c(OC[C@@H](O)CN3CC[C@@H](c4cc5c(C)cccc5s4)C[C@@H]3C)cccc2[nH]1,7.977984260182279,10.52,1,1,1,1,1,1
Cc1cc2c(OC[C@@H](O)CN3CC[C@@H](c4cc5c(F)cccc5s4)C[C@@H]3C)cccc2[nH]1,9.1249387366083,0.75,1,1,1,1,1,1
CN(C)CCSc1cccc(C2(O)CCCCC2)n1,7.387216143280264,41.0,0,0,0,0,0,0
Cc1cc2c(OC[C@@H](O)CN3CC[C@@H](c4cc5ccccc5s4)C[C@@H]3C)cccc2[nH]1,8.148130399270233,7.11,0,0,0,0,1,1
CN[C@@H]1CCc2[nH]c3ccc(C(N)=O)cc3c2C1,7.207608310501746,62.0,0,0,0,0,0,0
Fc1ccc(N2CCN(Cc3c[nH]c4ncccc34)CC2)cc1,5.559138126422454,2759.7,0,0,0,0,1,1
COc1ccccc1N1CCN(Cc2c[nH]c3ncccc23)CC1,6.391902053674721,405.6,0,0,0,0,1,1
Fc1ccccc1N1CCN(Cc2c[nH]c3ncccc23)CC1,6.0040578370074495,990.7,0,0,0,0,1,1
Fc1ccc2[nH]c(CN3CCN(c4ccccn4)CC3)cc2c1,6.698970004336019,200.0,0,0,0,0,1,1
C=Cc1ccc(N2CCN(Cc3c[nH]c4ncccc34)CC2)cc1,5.401461172523412,3967.7,0,0,0,0,0,0
Cc1c(-c2ccccc2)oc2c(C(=O)NCCCN3CCN(c4ccccc4OCc4no[n+]([O-])c4C#N)CC3)cccc2c1=O,8.657577319177793,2.2,0,0,0,0,0,0
COc1ccc2c(c1)C(CN1CCC3(CC1)C(=O)NCN3c1ccccc1)CCO2,6.607303046740334,247.0,1,1,0,0,1,1
COc1cccc2c1C(CN1CCC3(CC1)C(=O)NCN3c1ccccc1)CCO2,7.920818753952375,12.0,1,1,0,0,1,1
COc1ccc2sc(C3CCN(C[C@H](O)COc4cccc5[nH]ccc45)CC3)cc2c1,8.84163750790475,1.44,0,0,0,0,1,1
Cc1cc2c(OC[C@@H](O)CN3CC[C@@H](c4cccc5occc45)C[C@@H]3C)cccc2[nH]1,8.910094888560602,1.23,0,0,0,0,1,1
Oc1nc2cccc(N3CCN(Cc4cccc(-c5ccsc5)c4)CC3)c2o1,7.769551078621726,17.0,1,1,0,1,1,1
Oc1nc2cccc(N3CCN(Cc4ccc(O)c(-c5ccccc5)c4)CC3)c2o1,8.119186407719209,7.6,0,0,0,0,1,1
Oc1nc2cccc(N3CCN(Cc4cncc(-c5ccccc5)c4)CC3)c2o1,8.10790539730952,7.8,0,0,0,0,1,1
Oc1cccc2cc(C3CCN(C[C@H](O)COc4cccc5[nH]ccc45)CC3)sc12,8.147520006363143,7.12,0,0,0,0,0,0
Cc1ccc2cc(C3CCN(C[C@H](O)COc4cccc5[nH]c(C)cc45)CC3)sc2c1,7.645891560852599,22.6,0,0,0,0,0,0
Cc1cccc(-c2cccc(CN3CCN(c4cccc5nc(O)oc45)CC3)c2)c1,7.455931955649724,35.0,0,0,0,0,0,0
COc1ccc2c(c1)OCCC2CN1CCC2(CC1)C(=O)NCN2c1ccccc1,6.213958789757446,611.0,0,0,0,0,1,1
Oc1nc2cccc(N3CCN(Cc4cc(-c5ccc(F)cc5)ccn4)CC3)c2o1,7.795880017344075,16.0,1,1,0,1,1,1
COc1cccc2ccc([C@@H]3CCN(C[C@H](O)COc4cccc5[nH]c(C)cc45)[C@@H](C)C3)cc12,7.962175249411658,10.91,0,0,0,0,1,1
Cc1cc2c(OC[C@H](O)CN3CC[C@@H](c4cccc5sccc45)C[C@@H]3C)cccc2[nH]1,8.739928612014925,1.82,0,0,0,0,0,0
Cc1c(C2CCN(C[C@H](O)COc3cccc4[nH]ccc34)CC2)sc2ccccc12,8.202040356262804,6.28,0,0,0,0,0,0
Cc1cccc2sc(C3CCN(C[C@H](O)COc4cccc5[nH]ccc45)CC3)cc12,8.327902142064282,4.7,0,0,0,0,0,0
COc1cccc2cc(C3CCN(C[C@H](O)COc4cccc5[nH]ccc45)CC3)sc12,8.212539525481585,6.13,0,0,0,0,0,0
Oc1ccc2cc(C3CCN(C[C@H](O)COc4cccc5[nH]ccc45)CC3)sc2c1,8.510041520575164,3.09,0,0,0,0,0,0
Oc1nc2cccc(N3CCN(Cc4cccc(-c5cccc(Cl)c5)c4)CC3)c2o1,7.376750709602099,42.0,0,0,0,0,0,0
Cc1ccc2cc(C3CCN(C[C@H](O)COc4cccc5[nH]ccc45)CC3)sc2c1,7.897566294318664,12.66,0,0,0,0,0,0
O=C1COc2c(cccc2N2CCN(Cc3cccc(-c4ccccc4)c3)CC2)N1,7.309803919971486,49.0,0,0,0,0,1,1
Cn1c(=O)oc2c(N3CCN(Cc4cccc(-c5ccccc5)c4)CC3)cccc21,6.886056647693163,130.0,0,0,0,0,1,1
N#Cc1cccc(-c2cccc(CN3CCN(c4cccc5nc(O)oc45)CC3)c2)c1,7.638272163982407,23.0,0,0,0,0,0,0
COc1ccc2c(c1)OCCC2CNCCCc1ccccc1,7.552841968657781,28.0,0,0,0,0,0,0
O[C@H](COc1cccc2[nH]ccc12)CN1CCC(c2cc3c(Cl)cccc3s2)CC1,8.040005161671584,9.12,0,0,0,0,0,0
Cc1c(-c2ccccc2)oc2c(C(=O)NCCCN3CCN(c4ccccc4OCc4no[n+]([O-])c4C(N)=O)CC3)cccc2c1=O,8.920818753952375,1.2,0,0,0,0,0,0
Cc1cc2c(OC[C@@H](O)CN3CC[C@@H](c4ccc5c(C)csc5c4)C[C@@H]3C)cccc2[nH]1,8.106793246940152,7.82,1,1,0,0,1,1
Cc1cc2c(OC[C@@H](O)CN3CC[C@@H](c4ccc5ccoc5c4)C[C@@H]3C)cccc2[nH]1,8.978810700930062,1.05,1,1,0,1,1,1
COc1ccc2c(C)c(C3CCN(C[C@H](O)COc4cccc5[nH]ccc45)CC3)sc2c1,8.216811308924742,6.07,0,0,0,0,0,0
O[C@H](COc1cccc2[nH]ccc12)CN1CCC(c2cc3c(F)cccc3s2)CC1,8.168130225719498,6.79,0,0,0,0,0,0
Cc1cc2c(OC[C@@H](O)CN3CCC(c4cc5c(C)cccc5s4)CC3)cccc2[nH]1,7.982966660701219,10.4,0,0,0,0,0,0
Oc1nc2cccc(N3CCN(Cc4cccc(-c5cccs5)c4)CC3)c2o1,7.494850021680094,32.0,0,0,0,0,0,0
COc1ccccc1N1CCN(CCNC(=O)c2ccc(F)cc2)CC1,9.0,1.0,1,1,0,1,1,1
c1ccc(-c2cccc(CN3CCN(c4cccc5c4OCCO5)CC3)c2)cc1,9.040958607678906,0.91,1,1,0,1,1,1
Cc1cc2c(OC[C@H](O)CN3CC[C@@H](c4ccc5sccc5c4)C[C@@H]3C)cccc2[nH]1,8.844663962534938,1.43,1,1,0,1,0,0
COc1ccc2c(c1)C(CNCCCc1ccccc1)CCO2,7.031517051446065,93.0,0,0,0,0,0,0
COc1cccc2sc(C3CCN(C[C@H](O)COc4cccc5[nH]ccc45)CC3)cc12,8.723538195826755,1.89,0,0,0,0,1,1
Cc1c(C2CCN(C[C@H](O)COc3cccc4[nH]ccc34)CC2)sc2ccc(F)cc12,8.286509456906057,5.17,0,0,0,0,0,0
COc1cccc(-c2cccc(CN3CCN(c4cccc5nc(O)oc45)CC3)c2)c1,7.67778070526608,21.0,0,0,0,0,0,0
Cc1cc2c(OC[C@@H](O)CN3CC[C@@H](c4ccc5ccccc5c4)C[C@@H]3C)cccc2[nH]1,8.291579099865288,5.11,0,0,0,0,1,1
O[C@H](COc1cccc2[nH]ccc12)CN1CCC(c2cc3ccc(Cl)cc3s2)CC1,8.11690664142431,7.64,0,0,0,0,0,0
O=C(NCCN1CCN(c2cccc3nc(O)oc23)CC1)c1ccc(F)cc1,8.102372908709558,7.9,0,0,0,0,1,1
O=c1[nH]c2cccc(N3CCN(Cc4cccc(-c5ccccc5)c4)CC3)c2o1,8.031517051446064,9.3,0,0,0,0,1,1
c1ccc(-c2cccc(CN3CCN(c4cccc5c4OCCN5)CC3)c2)cc1,7.585026652029182,26.0,1,1,0,1,1,1
CC(C)Oc1ccc2cc(C3CCN(C[C@H](O)COc4cccc5[nH]ccc45)CC3)sc2c1,7.702239488900866,19.85,0,0,0,0,1,1
COc1ccc2cc(C3CCN(C[C@H](O)COc4cccc5[nH]ccc45)CC3)sc2c1,8.504455662453552,3.13,0,0,0,0,0,0
Cc1cc2c(OC[C@@H](O)CN3CC[C@@H](c4ccc5ccsc5c4)C[C@@H]3C)cccc2[nH]1,8.351639989019068,4.45,0,0,0,0,1,1
Oc1nc2cccc(N3CCN(Cc4cccc(-c5ccc(F)cc5)n4)CC3)c2o1,6.698970004336019,200.0,1,1,0,1,1,1
O[C@H](COc1cccc2[nH]ccc12)CN1CCC(c2cc3cc(F)ccc3s2)CC1,7.531652669587842,29.4,0,0,0,0,1,1
COc1cccc2sc(C3CCN(C[C@H](O)COc4cccc5[nH]c(C)cc45)CC3)cc12,8.316052869248487,4.83,0,0,0,0,0,0
Cc1cc(C)c2cc(C3CCN(C[C@H](O)COc4cccc5[nH]c(C)cc45)CC3)sc2c1,7.555486793665957,27.83,0,0,0,0,0,0
Cc1cc2c(OC[C@@H](O)CN3CC[C@@H](c4cccc5ccsc45)C[C@@H]3C)cccc2[nH]1,9.040958607678906,0.91,0,0,0,0,1,1
Cc1cc2c(OC[C@H](O)CN3CC[C@@H](c4ccc5occc5c4)C[C@@H]3C)cccc2[nH]1,8.856985199745905,1.39,1,1,0,1,0,0
O[C@H](COc1cccc2[nH]ccc12)CN1CCC(c2cc3cc(Cl)ccc3s2)CC1,8.14206473528057,7.21,0,0,0,0,0,0
Cc1cc2c(OC[C@@H](O)CN3CCC(c4cc5c(F)cccc5s4)CC3)cccc2[nH]1,7.849243560139691,14.15,0,0,0,0,0,0
c1ccc(-c2cccc(CN3CCN(c4cccc5ccoc45)CC3)c2)cc1,7.42021640338319,38.0,1,1,0,1,1,1
O[C@@H](COc1cccc2[nH]ccc12)CN1CCC(c2csc3ccccc23)CC1,8.735182176990463,1.84,0,0,0,0,0,0
COc1cccc2c1OCCC2CNCCCc1ccccc1,8.154901959985743,7.0,1,1,0,1,0,0
Cc1cc2c(OC[C@@H](O)CN3CCC(c4cc5cc(F)ccc5s4)CC3)cccc2[nH]1,8.1249387366083,7.5,0,0,0,0,0,0
Cc1c(-c2ccccc2)oc2c(C(=O)NCCCN3CCN(c4ccccc4OCc4no[n+]([O-])c4C)CC3)cccc2c1=O,8.795880017344075,1.6,0,0,0,0,0,0
c1ccc(-c2cccc(CN3CCN(c4cccc5c4CCCN5)CC3)c2)cc1,7.070581074285707,85.0,1,1,0,1,1,1
Oc1nc2cccc(N3CCN(Cc4cccc(-c5ccc(F)cc5)c4)CC3)c2o1,7.853871964321762,14.0,1,1,0,1,1,1
COc1ccccc1N1CCN(CCCNC(=O)c2cccc3c(=O)c(C)c(-c4ccccc4)oc23)CC1,8.229147988357855,5.9,0,0,0,0,0,0
O[C@H](COc1cccc2[nH]ccc12)CN1CCC(c2cc3ccc(F)cc3s2)CC1,8.031050319018657,9.31,0,0,0,0,0,0
Cc1cc2c(OC[C@@H](O)CN3CCC(c4cc5ccc(F)cc5s4)CC3)cccc2[nH]1,7.813891620186794,15.35,0,0,0,0,0,0
Oc1nc2cccc(N3CCN(Cc4cc(-c5ccccc5)ccc4F)CC3)c2o1,7.387216143280264,41.0,0,0,0,0,0,0
Fc1ccc(-c2ccc(CN3CCN(c4cccc5ccoc45)CC3)[nH]2)cc1,8.823908740944319,1.5,0,0,0,0,1,1
CC(C)Oc1cccc2sc(C3CCN(C[C@H](O)COc4cccc5[nH]ccc45)CC3)cc12,8.127843727251706,7.45,0,0,0,0,0,0
Cc1cc2c(OC[C@@H](O)CN3CC[C@@H](c4ccc5scc(C)c5c4)C[C@@H]3C)cccc2[nH]1,8.505845405981557,3.12,0,0,0,0,1,1
c1ccc(-c2cccc(CN3CCN(c4cccc5c4OCO5)CC3)c2)cc1,7.823908740944319,15.0,1,1,0,1,1,1
N#Cc1ccccc1-c1cccc(CN2CCN(c3cccc4nc(O)oc34)CC2)c1,7.494850021680094,32.0,0,0,0,0,0,0
Cc1c(-c2ccccc2)oc2c(C(=O)NCCCN3CCN(c4ccccc4OCCCO[N+](=O)[O-])CC3)cccc2c1=O,8.142667503568731,7.2,0,0,0,0,0,0
Oc1nc2cccc(N3CCN(Cc4ccnc(-c5ccc(F)cc5)c4)CC3)c2o1,7.67778070526608,21.0,0,0,0,0,0,0
Cc1nn2c(C#N)cccc2c1CN1CCN(c2ccc(Cl)cc2)CC1,5.346787486224656,4500.0,0,0,0,0,1,1
Oc1ccc2[nH]cc(/C=N/Nc3ncc[nH]3)c2c1,6.009998764965339,977.24,0,0,0,0,1,1
CCCCC/N=C(/N)N/N=C/c1c[nH]c2ccc(O)nc12,5.380000399499541,4168.69,1,1,0,1,0,0
CC(C)(C)c1ccc(S(=O)(=O)Nc2ccc3nccc(N4CCNCC4)c3c2)cc1,6.0999990348465305,794.33,0,0,0,0,0,0
Cc1c(S(=O)(=O)Nc2ccc3nccc(N4CCN(C)CC4)c3c2)sc2ccc(Cl)cc12,6.0999990348465305,794.33,0,0,0,0,0,0
O=S(=O)(Nc1ccc2nccc(N3CCNCC3)c2c1)c1ccc(-c2ccccc2)cc1,6.199998172182031,630.96,0,0,0,0,0,0
CCCCC/N=C(/N)N/N=C/c1c[nH]c2ccc(OC(C)C)cc12,6.490004907986601,323.59,1,1,0,0,1,1
COC(=O)c1cc2c3c(ccc2[nH]1)OCC(CN1CCC(n2c(O)nc4ccccc42)CC1)O3,9.221848749616356,0.6,0,0,0,0,1,0
NC(=O)c1cc2c3c(ccc2[nH]1)OCC(CN1CCC2(CC1)C(=O)NCN2c1ccccc1)O3,9.522878745280336,0.3,1,1,0,1,1,1
Cc1cc(N2CCNCC2)c2cc(NS(=O)(=O)c3sc4ccc(Cl)cc4c3C)ccc2n1,6.0999990348465305,794.33,0,0,0,0,0,0
CCCCC/N=C(/N)N/N=C/c1c[nH]c2ccc(OCC=C(C)C)cc12,4.9299998354858525,11748.98,1,1,0,0,1,1
O=S(=O)(Nc1ccc2nccc(N3CCNCC3)c2c1)c1ccc2c(Cl)cccc2c1,6.799998134593398,158.49,0,0,0,0,0,0
N#Cc1cccc2c(CN3CCN(c4ccc(Cl)cc4)CC3)cnn12,5.657577319177793,2200.0,0,0,0,0,1,1
CCCCOC(=O)c1cc2c3c(ccc2[nH]1)OCC(CN1CCC2(CC1)C(=O)NCN2c1ccccc1)O3,8.522878745280337,3.0,0,0,0,0,0,0
N#Cc1cc2c3c(ccc2[nH]1)OCC(CN1CCC2(CC1)C(=O)NCN2c1ccccc1)O3,9.30102999566398,0.5,1,1,0,0,1,1
O=C1NCN(c2ccccc2)C12CCN(CC1COc3ccc4[nH]ccc4c3O1)CC2,9.397940008672036,0.4,0,0,0,0,1,1
Cc1c(S(=O)(=O)Nc2ccc3nccc(N4CCNCC4)c3c2)sc2ccc(Cl)cc12,6.0,1000.0,0,0,0,0,0,0
Cc1sc2ccc(Cl)cc2c1S(=O)(=O)Nc1ccc2nccc(N3CCNCC3)c2c1,6.599997654072044,251.19,0,0,0,0,0,0
CCCCCNC(=N)N/N=C/c1c[nH]c2ccc(O)cc12,7.389978975335855,40.74,1,1,0,1,0,0
O=C(OCc1ccccc1)c1cc2c3c(ccc2[nH]1)OCC(CN1CCC2(CC1)C(=O)NCN2c1ccccc1)O3,9.0,1.0,0,0,0,0,1,1
Cc1c(S(=O)(=O)Nc2ccc3nccc(N4CCN[C@@H](C)C4)c3c2)sc2ccc(Cl)cc12,6.0,1000.0,0,0,0,0,0,0
O=C(NCCCc1ccccc1)c1cc2c3c(ccc2[nH]1)OCC(CNCCCc1ccccc1)O3,8.795880017344075,1.6,0,0,0,0,0,0
COC(=O)c1cc2c3c(ccc2[nH]1)OCC(CN1CCC2(CC1)C(=O)NCN2c1ccccc1)O3,9.045757490560677,0.9,1,1,0,0,1,1
CCCCCCCN(C)C(=N)N/N=C/c1c[nH]c2ccc(O)cc12,5.800000874803203,1584.89,0,0,0,0,0,0
O=C1NCN(c2ccccc2)C12CCN(CC1COc3ccc4[nH]c(CO)cc4c3O1)CC2,9.221848749616356,0.6,0,0,0,0,1,1
CCOC(=O)C1CCN(CC2COc3ccc4[nH]c(C(=O)OC)cc4c3O2)CC1,8.920818753952375,1.2,0,0,0,0,1,0
COC(=O)c1cc2c3c(ccc2[nH]1)OCC(CNCCCc1ccccc1)O3,9.69897000433602,0.2,0,0,0,0,1,0
O=C(O)c1cc2c3c(ccc2[nH]1)OCC(CN1CCC2(CC1)C(=O)NCN2c1ccccc1)O3,7.749579997691106,17.8,1,1,0,1,1,1
COC(=O)c1cc2c3c(ccc2[nH]1)OCC(CN1CCC(Nc2ccccc2)(C(N)=O)CC1)O3,7.657577319177793,22.0,0,0,0,0,1,0
c1ccc(-c2nc(CN3CCN(c4ncccn4)CC3)c[nH]2)cc1,6.743522793758324,180.5,1,1,0,1,1,1
COc1ccc(C(=O)Nc2ccc(-c3ccncc3)cc2)cc1/C=C\CN(C)C,6.198596289982645,633.0,0,0,0,0,0,0
CN(C)CCCc1cc(C(=O)Nc2ccc(-c3ccncc3)cc2)ccc1O,6.074687908500351,842.0,0,0,0,0,0,0
CNC(=O)c1ccc2c(c1)CCO[C@H]2CCN1CCN(c2ccc(OC)cc2)CC1,5.961777361631282,1092.0,0,0,0,0,1,0
CCCN[C@H]1[C@@H](CCC)c2c(O)cccc2C[C@H]1CCC,7.958607314841775,11.0,0,0,0,0,0,0
C=CCN[C@H]1Cc2c(cccc2OC)C[C@@H]1CC=C,6.492144128304169,322.0,0,0,0,0,0,0
CCCN[C@H]1[C@@H](CCC)c2c(cccc2OC)C[C@H]1CCC,8.119186407719209,7.6,0,0,0,0,0,0
C=CCN[C@@H]1CCc2cccc(OC)c2[C@@H]1CO,8.698970004336019,2.0,0,0,0,0,1,1
C=CCN[C@@H]1CCc2cccc(O)c2[C@@H]1CC=C,9.0,1.0,1,1,0,0,0,0
C=CCN(CCC)[C@@H]1CCc2cccc(OC)c2C1=C,8.42021640338319,3.8,0,0,0,0,0,0
CCCN[C@@H]1CCc2cccc(OC)c2[C@@H]1CCC,7.958607314841775,11.0,1,1,0,0,0,0
C=CC[C@H]1c2c(O)cccc2CC[C@H]1NCCC,9.30102999566398,0.5,1,1,0,0,0,0
CCCN[C@@H]1CCc2cccc(O)c2[C@@H]1CCC,8.537602002101044,2.9,0,0,0,0,0,0
C=CC[C@H]1c2c(cccc2OC)CC[C@H]1N(CCC)CCC,8.200659450546418,6.3,0,0,0,0,0,0
C=CCN[C@@H]1CCc2ccccc2[C@@H]1CC=C,6.818156412055227,152.0,1,1,0,0,0,0
C=CCN[C@@H]1CCc2cccc(OC)c2[C@@H]1C(=O)OC,7.091514981121351,81.0,0,0,0,0,1,1
C=CC[C@H]1Cc2cccc(OC)c2C[C@@H]1NCCC,6.97469413473523,106.0,0,0,0,0,0,0
COc1ccc(N2CCN(CCC3OCCc4ccccc43)CC2)cc1,6.046240308266771,899.0,0,0,0,0,1,1
CCCN[C@@H]1CCc2cccc(OC)c2[C@@H]1CO,8.267606240177031,5.4,0,0,0,0,0,0
C=CC[C@H]1c2ccccc2CC[C@H]1NCCC,6.7594507517174005,174.0,1,1,0,0,0,0
CCCN(C)[C@@H]1CCc2cccc(OC)c2[C@@H]1CO,8.301029995663981,5.0,0,0,0,0,0,0
C1=C(c2c[nH]c3ccccc23)CCN(CCOc2cccc3ncccc23)C1,7.033389013318065,92.6,0,0,0,0,1,1
CN(C)CCc1cccc2c1ccn2S(=O)(=O)c1ccccc1,6.769551078621726,170.0,0,0,0,0,0,0
C1=C(c2c[nH]c3ncccc23)CCN(CCOc2cccc3c2OCCO3)C1,7.357535479757878,43.9,0,0,0,0,0,0
Fc1ccc2[nH]cc(CC3CCN(CCOc4cccc5c4OCCO5)CC3)c2c1,6.774174008538107,168.2,0,0,0,0,0,0
Fc1ccc2[nH]cc(C3=CCN(CCOc4cccc5c4OCCO5)CC3)c2c1,7.079354998593212,83.3,0,0,0,0,1,1
CN1CCN(c2cccc3ccc(OCCOc4ccc5[nH]cc(CCN)c5c4)cc23)CC1,9.017728766960431,0.96,0,0,0,0,1,0
C1=C(c2c[nH]c3ncccc23)CCN(CCOc2cccc3[nH]ccc23)C1,7.962573502059376,10.9,0,0,0,0,0,0
Fc1ccc2c(C3=CCN(CCOc4cccc5c4OCCO5)CC3)c[nH]c2c1,7.077793722560983,83.6,1,1,0,1,0,0
CN(C)CCc1cn(C(=O)c2ccccc2)c2ccc(O)cc12,6.2076083105017466,620.0,0,0,0,0,0,0
C1=C(c2c[nH]c3ccccc23)CCN(CCOc2cccc3c2OCCO3)C1,7.106238237942057,78.3,0,0,0,0,1,1
CN1CCN(c2cccc3ccc(OCC(=O)Nc4ccc(NC(=O)COc5ccc6[nH]cc(CCN)c6c5)cc4)cc23)CC1,8.236572006437063,5.8,0,0,0,0,0,0
C1=C(c2c[nH]c3ncccc23)CCN(CCOc2cccc3ncccc23)C1,7.145086977692144,71.6,0,0,0,0,0,0
CN1CCN(c2cccc3ccc(OCC(=O)N4CCN(C(=O)COc5ccc6cccc(N7CCN(C)CC7)c6c5)CC4)cc23)CC1,8.397940008672037,4.0,1,1,1,1,0,0
CN(C)CCc1cccc2c1cc(C(=O)c1ccccc1)n2S(=O)(=O)c1ccccc1,6.318758762624412,480.0,0,0,0,0,0,0
NCCc1cccc2c1ccn2S(=O)(=O)c1ccccc1,6.853871964321762,140.0,0,0,0,0,0,0
CCOC(=O)c1[nH]c2ccccc2c1CCN(C)C,5.7447274948966935,1800.0,0,0,0,0,0,0
Fc1ccc2c(C3CCN(CCOc4cccc5c4OCCO5)CC3)c[nH]c2c1,7.707743928643524,19.6,0,0,0,0,1,1
CNC(=O)C1=C(C)NC(C)=C(C(=O)NCCCN2CCC(C(=O)OC)(c3ccccc3)CC2)C1c1ccc([N+](=O)[O-])cc1,6.369572124974976,427.0,0,0,0,0,0,0
c1ccc2c(N3CCNCC3)cccc2c1,8.035504660444907,9.215,1,1,0,1,0,0
CN(C)CCc1cn(S(=O)(=O)c2ccccc2)c2ccccc12,6.2839966563652006,520.0,0,0,0,0,0,0
C1=C(c2c[nH]c3ccccc23)CCN(CCOc2cccc3[nH]ccc23)C1,7.665546248849069,21.6,0,0,0,0,1,1
CN1CCN(c2cccc3ccc(OCCOc4ccc5cccc(N6CCN(C)CC6)c5c4)cc23)CC1,7.853871964321762,14.0,0,0,0,0,1,0
CCCN(CCC)C1CCc2cccc(OCCCCCCOc3cccc4c3CC(N(CCC)CCC)CC4)c2C1,8.167491087293763,6.8,0,0,0,0,0,0
COc1cccc2c(CCCN3CCN(c4ccccn4)CC3)cccc12,8.772113295386326,1.69,0,0,0,0,1,1
COc1cccc(C(=O)Nc2ccc3[nH]cc(C4CCN(C)CC4)c3n2)c1,7.008773924307505,98.0,0,0,0,0,1,1
CN1CCC(c2c[nH]c3ccc(NC(=O)c4ccsc4)nc23)CC1,6.3979400086720375,400.0,0,0,0,0,1,1
CN1CCC(c2c[nH]c3ccc(NC(=O)c4ccc(Cl)cc4Cl)nc23)CC1,8.292429823902063,5.1,1,1,0,0,1,1
CN1CCC(c2c[nH]c3ccc(NC(=O)c4ccncc4)nc23)CC1,7.397940008672037,40.0,1,1,0,1,1,1
O[C@@H]1c2cc(F)ccc2C[C@H]1N1CCN(c2cccc3c2OCCO3)CC1,8.880084589742008,1.318,0,0,0,0,0,0
CC(=O)Nc1ncc2[nH]cc(C3CCN(C)CC3)c2n1,6.107905397309519,780.0,1,1,0,1,0,0
CN1CCC(c2c[nH]c3ccc(NC(=O)C4CC4)nc23)CC1,5.853871964321762,1400.0,1,1,0,1,1,1
CN1CCC(c2c[nH]c3cnc(NC(=O)c4ccc(F)cc4)nc23)CC1,6.698970004336019,200.0,1,1,0,1,0,0
CC(=O)Nc1cc2c(C3CCN(C)CC3)c[nH]c2cn1,8.698970004336019,2.0,1,1,0,1,0,0
COc1ccccc1C(=O)Nc1ccc2[nH]cc(C3CCN(C)CC3)c2n1,7.698970004336019,20.0,0,0,0,0,1,1
Cc1ccc2c(c1)[C@@H](O)[C@H](N1CCC(c3cccc4c3OCCO4)CC1)C2,9.260032303240491,0.5495,1,1,0,0,1,0
Cc1ccccc1C(=O)Nc1ccc2[nH]cc(C3CCN(C)CC3)c2n1,6.97469413473523,106.0,0,0,0,0,1,1
O[C@@H]1c2ccc(F)cc2C[C@H]1N1CCC(c2cc(F)cc3c2OCCC3)CC1,8.309981219211304,4.898,1,1,0,0,1,1
COc1cccc(C2CCC(NCCOc3ccccn3)CC2)c1,8.423658649794207,3.77,0,0,0,0,1,0
CN1CCC(c2c[nH]c3ccc(NC(=O)c4cccc(C#N)c4)nc23)CC1,7.0,100.0,0,0,0,0,1,1
O[C@@H]1c2cc(F)ccc2C[C@H]1N1CCC(c2cccc3c2OCCO3)CC1,9.110026361596004,0.7762,1,1,0,0,1,0
OCC1COc2c(cc(Cl)cc2N2CCN([C@@H]3Cc4cc(F)ccc4[C@H]3O)CC2)O1,7.980053318321158,10.47,0,0,0,0,0,0
COc1cccc(C2CCC(N3CCN(c4ccccc4OC)CC3)CC2)c1,9.67778070526608,0.21,0,0,0,0,1,0
CN1CCC(c2c[nH]c3ccc(NC(=O)c4cccc([N+](=O)[O-])c4)nc23)CC1,6.886056647693163,130.0,0,0,0,0,1,1
CN1CCC(c2c[nH]c3cnc(NC(=O)c4ccc(F)cc4)cc23)CC1,7.769551078621726,17.0,1,1,0,1,0,0
CN1CCC(c2c[nH]c3ccc(NC(=O)c4cccc(F)c4)nc23)CC1,6.8696662315049934,135.0,0,0,0,0,1,1
CN1CCC(c2c[nH]c3ccc(NC(=O)C4CCC4)nc23)CC1,5.698970004336019,2000.0,1,1,0,1,1,1
CN1CCC(c2c[nH]c3ccc(NC(=O)c4ccccc4F)nc23)CC1,7.376750709602099,42.0,1,1,0,0,1,1
O[C@@H]1c2cc(F)c(F)cc2C[C@H]1N1CCC(c2cccc3c2OCCO3)CC1,8.659952682338607,2.188,0,0,0,0,1,0
COc1cccc2c1CCCC2CCCN1CCN(c2ccccn2)CC1,9.55284196865778,0.2799999999999999,0,0,0,0,1,1
CN1CCC(c2c[nH]c3ccc(NC(=O)c4ccc([N+](=O)[O-])cc4)nc23)CC1,7.42021640338319,38.0,1,1,0,1,1,1
O=[N+]([O-])c1ccc2c(c1)[C@@H](O)[C@H](N1CCN(c3cccc4c3OCCO4)CC1)C2,9.13000599987826,0.7413,0,0,0,0,0,0
COc1cccc2c(CCCNCCOc3ccccn3)cccc12,9.065501548756432,0.86,0,0,0,0,0,0
O[C@@H]1c2cc3c(cc2C[C@H]1N1CCC(c2cccc4c2OCCO4)CC1)OCO3,9.280006173632396,0.5248,0,0,0,0,1,0
CN1CCC(c2c[nH]c3ccc(NC(=O)C4CCCC4)nc23)CC1,5.698970004336019,2000.0,1,1,0,1,1,1
O[C@@H]1c2ccc(F)cc2C[C@H]1N1CCN(c2cc(Cl)cc3c2OCCO3)CC1,8.880084589742008,1.318,0,0,0,0,0,0
COc1cccc2c1CCCC2CCCNCCOc1ccccn1,9.638272163982409,0.23,1,1,0,1,1,1
CN1CCC(c2c[nH]c3ccc(NC(=O)c4ccccc4)nc23)CC1,7.142667503568732,72.0,1,1,0,1,1,1
c1ccc2c(c1)CC(N1CCN(c3cccc4c3OCCO4)CC1)C2,9.100015437450608,0.7943,1,1,0,0,0,0
CC(=O)Nc1ccc2[nH]cc(C3CCN(C)CC3)c2c1,7.167491087293763,68.0,1,1,0,1,0,0
CN1CCC(c2c[nH]c3ccc(NC(=O)c4ccco4)nc23)CC1,6.251811972993799,560.0,1,1,0,1,1,1
Cc1ccc(C(=O)Nc2ccc3[nH]cc(C4CCN(C)CC4)c3n2)cc1,7.522878745280337,30.0,1,1,0,1,1,1
O=[N+]([O-])c1ccc2c(c1)[C@@H](O)[C@H](N1CCC(c3cccc4c3OCCO4)CC1)C2,9.54000474395261,0.2884,0,0,0,0,1,0
COc1ccc2c(c1)[C@@H](O)[C@H](N1CCC(c3cccc4c3OCCO4)CC1)C2,8.96018944585165,1.096,1,1,0,0,1,0
CC(=O)Nc1ccc2[nH]cc(C3CCN(C)CC3)c2n1,6.2076083105017466,620.0,1,1,0,1,1,1
O[C@@H]1c2ccc(F)cc2C[C@H]1N1CC=C(c2cccc3c2OCCO3)CC1,9.070019409484486,0.8511,1,1,0,1,1,1
CN1CCC(c2c[nH]c3ccc(NC(=O)c4ccc(F)cc4)nc23)CC1,7.251811972993799,56.0,1,1,0,1,1,1
O[C@@H]1c2ccccc2C[C@H]1N1CCC(c2cccc3c2OCCO3)CC1,9.15002808767115,0.7079,0,0,0,0,1,0
O[C@@H]1c2ccc(F)cc2C[C@H]1N1CC=C(c2cccc3c2SCCC3)CC1,7.929962133392243,11.75,1,1,0,1,1,1
N=C(N)N/N=C/c1c[nH]c2ccc(O)cc12,7.200659450546418,63.0,0,0,0,0,1,1
CN1CCC(c2c[nH]c3ccc(NC(=O)c4ccc(C#N)cc4)nc23)CC1,7.508638306165727,31.0,0,0,0,0,1,1
COc1ccccc1N1CCN(CCN(C(=O)C2CCCCC2)c2ccccn2)CC1,9.085910072516064,0.8205214285714284,0,0,0,0,1,0
CN1CCC(c2c[nH]c3ccc(NC(=O)c4ccc(F)cc4)cc23)CC1,7.657577319177793,22.0,1,1,0,1,0,0
COc1cc2c(cc1OC)[C@@H](O)[C@H](N1CCC(c3cccc4c3OCCO4)CC1)C2,7.100015437450609,79.43,1,1,0,0,1,0
CN1CCC(c2c[nH]c3ccc(NC(=O)c4ccccc4[N+](=O)[O-])nc23)CC1,7.1938200260161125,64.0,0,0,0,0,1,1
CN1CCC(c2c[nH]c3ccc(NC(=O)c4ccoc4)nc23)CC1,6.075720713938118,840.0,1,1,0,1,1,1
CN1CCC(c2c[nH]c3ccc(NC(=O)c4ccccn4)nc23)CC1,7.387216143280264,41.0,1,1,0,1,1,1
CN1CCC(c2c[nH]c3ccc(NC(=O)c4cccs4)nc23)CC1,6.455931955649724,350.0,0,0,0,0,1,1
CCC(=O)Nc1ccc2[nH]cc(C3CCN(C)CC3)c2n1,6.0,1000.0,1,1,0,0,1,1
O[C@@H]1c2ccc(F)cc2C[C@H]1N1CCC(c2cccc3c2OCC3)CC1,8.819874124835946,1.514,0,0,0,0,0,0
O[C@@H]1c2ccc(F)cc2C[C@H]1N1CCC(c2cccc3c2OCCC3)CC1,9.51999305704285,0.302,1,1,0,1,1,1
O[C@@H]1c2cc(F)c(F)cc2C[C@H]1N1CCN(c2cccc3c2OCCO3)CC1,8.669992299127241,2.138,0,0,0,0,0,0
Cc1ccc2c(c1)C[C@@H](N1CCC(c3cccc4c3OCCO4)CC1)[C@@H]2O,8.929962133392245,1.175,0,0,0,0,1,0
CN1CCC(c2c[nH]c3ccc(NC(=O)C4CCCCC4)nc23)CC1,6.180456064458132,660.0,1,1,0,1,1,1
Cc1cccc(C(=O)Nc2ccc3[nH]cc(C4CCN(C)CC4)c3n2)c1,7.0,100.0,0,0,0,0,1,1
CN1CCc2ccc3[nH]c(=O)c4cccc5c4c3c2[C@H]1C5,6.428291168191312,373.0,0,0,0,0,0,0
CN1CCc2ccc3cnc4cccc5c4c3c2[C@H]1C5,7.205511953340831,62.3,0,0,0,0,0,0
COc1ccc(S(=O)(=O)Nc2cc(Cl)cc(Cl)c2Cl)cc1N1CCNCC1,5.40000018605658,3981.07,0,0,0,0,0,0
Cc1[nH]c2cccc(NC(=O)c3ccc(F)cc3)c2c1CCN(C)C,6.576754126063192,265.0,0,0,0,0,0,0
COc1ccccc1N1CCN(CCN(C(=O)c2ccc(F)c(C)c2)c2ccccn2)CC1,8.70693223198367,1.963666666666667,0,0,0,0,0,0
COc1ccc(S(=O)(=O)N2CCc3ccc(I)cc32)cc1N1CCNCC1,6.299997602857746,501.19,0,0,0,0,0,0
CN1CCc2ccc3c(=O)[nH]c4cccc5c4c3c2[C@H]1C5,6.749579997691106,178.0,0,0,0,0,0,0
CN1CCc2ccc3ncc4cccc5c4c3c2[C@H]1C5,7.469800301796917,33.9,0,0,0,0,0,0
COc1ccccc1N1CCN(CCN(C(=O)C2CCC(F)CC2)c2ccccn2)CC1,9.41907502432438,0.381,0,0,0,0,1,0
CCc1cccc(OC[C@@H](O)CN2CCC3(CC2)OCc2c3ccc3ccccc23)c1,8.769551078621726,1.7,0,0,0,0,1,1
OC(COCc1ccccc1)CN1CCC2(CC1)OCc1c2ccc2ccccc12,8.657577319177793,2.2,0,0,0,0,1,1
COc1ccccc1N1CCN(CCCNc2cc(-c3ccccc3)nn(C)c2=O)CC1,6.8971548357545815,126.72,0,0,0,0,1,0
O=C1c2ccccc2C(=O)N1CCCCN1CCn2c(cc3ccccc32)C1,7.130768280269024,74.0,0,0,0,0,0,0
COc1ccc(Cl)cc1N1CCN(CCCNc2c(C(C)=O)c(C)nn(C)c2=O)CC1,7.949233688766958,11.24,0,0,0,0,1,1
CCC(=O)c1c(-c2ccccc2)nn(C)c(=O)c1NCCN1CCN(c2ccccc2OC)CC1,6.391473966422806,406.0,1,1,0,0,1,1
COc1ccc2ccc(N3CCNCC3)cc2c1,8.55284196865778,2.8,0,0,0,0,0,0
O=C(c1cccc(CN2CCc3c([nH]c4ccccc34)C2)c1)N1CCc2ccccc21,8.036212172654444,9.2,0,0,0,0,0,0
COc1ccc(Cl)cc1N1CCN(CCCNc2c(C(C)=O)c(-c3ccccc3)nn(C)c2=O)CC1,6.0,1000.0,1,1,1,1,1,1
CC(C)Oc1ccccc1N1CCN(Cc2cccc(C(=O)N3CCc4ccccc43)c2)CC1,8.468521082957745,3.4,0,0,0,0,0,0
O=C(c1cccc(CN2CCN3c4ccccc4OCC3C2)c1)N1CCc2ccccc21,8.187086643357144,6.5,0,0,0,0,0,0
CCCN1CCC[C@@H]2c3cc(O)ccc3CC[C@H]21,8.412289034981088,3.87,0,0,0,0,0,0
COc1cccc2c1C1CCN(CCCN3C(=O)c4ccccc4S3(=O)=O)C[C@H]1C2,9.050609993355089,0.89,0,0,0,0,0,0
COc1ccccc1N1CCN(CCNc2cc(C)nn(C)c2=O)CC1,7.493494967595128,32.1,0,0,0,0,1,1
COc1ccc(Cl)cc1N1CCN(CCCCNc2c(C(C)=O)c(C)nn(C)c2=O)CC1,8.856985199745905,1.39,0,0,0,0,1,0
COc1ccc(Cl)cc1N1CCN(CCNc2cc(-c3ccccc3)nn(C)c2=O)CC1,6.492009275180308,322.1,1,1,0,0,1,1
CN1CCN(c2cccc3ccc(OCC(=O)N4CCN(c5cccc6c5OCCO6)CC4)cc23)CC1,7.85078088734462,14.1,0,0,0,0,1,0
OC(COc1cc(F)cc2c1OCCC2)CN1CCC2(CC1)OCc1c2ccc2ccccc12,8.259637310505756,5.5,0,0,0,0,1,0
O=C(c1cccc(CN2CCc3c([nH]c4ccccc34)C2)c1)N1CCCCC1,7.886056647693163,13.0,0,0,0,0,0,0
c1ccc(CCCCN2CCC3(CC2)OCc2c3ccc3ccccc23)cc1,7.142667503568732,72.0,0,0,0,0,1,1
CN1CCN(c2cccc3ccc(OCC(=O)N4CCN(c5ccccc5C#N)CC4)cc23)CC1,7.910094888560602,12.3,0,0,0,0,1,0
O[C@H](COc1ccccc1)CN1CCC2(CC1)OCc1c2ccc2ccccc12,8.958607314841775,1.1,0,0,0,0,1,1
COc1ccccc1N1CCN(CCNc2c(C(=O)C(C)C)c(-c3ccccc3)nn(C)c2=O)CC1,7.991399828238082,10.2,0,0,0,0,1,1
Cc1cc(C)c(N2CCN(C(=O)COc3ccc4cccc(N5CCN(C)CC5)c4c3)CC2)c(C)c1,6.931814138253839,117.0,0,0,0,0,1,0
COc1ccccc1N1CCN(CCNc2cc(-c3ccccc3)nn(C)c2=O)CC1,7.854492828590337,13.98,1,1,0,0,1,1
CC(=O)c1c(-c2ccccc2)nn(C)c(=O)c1NCCN1CCN(c2ccccc2F)CC1,7.617622696531886,24.12,1,1,0,0,1,0
CC(C)Oc1ccccc1N1CCN(Cc2cccc(C(=O)N3CCCCC3)c2)CC1,8.769551078621726,1.7,0,0,0,0,0,0
OC(CCc1ccccc1)CN1CCC2(CC1)OCc1c2ccc2ccccc12,8.080921907623926,8.3,0,0,0,0,0,0
COc1cccc(N2CCN(C(=O)COc3ccc4cccc(N5CCN(C)CC5)c4c3)CC2)c1OC,7.872895201635193,13.4,0,0,0,0,1,0
Cc1ccccc1N1CCN(C(=O)COc2ccc3cccc(N4CCN(C)CC4)c3c2)CC1,7.305394801066432,49.5,0,0,0,0,1,0
COc1ccccc1N1CCN(CCNc2c(C(C)=O)c(C)nn(C)c2=O)CC1,7.886056647693163,13.0,0,0,0,0,1,1
COc1ccccc1N1CCN(CCCNc2c(C(C)=O)c(C)nn(C)c2=O)CC1,8.829738284605043,1.48,0,0,0,0,1,1
O=C1CCc2c(F)ccc(OCC(O)CN3CCC4(CC3)OCc3c4ccc4ccccc34)c21,8.638272163982407,2.3,0,0,0,0,1,0
CC(=O)c1c(-c2ccccc2)nn(C)c(=O)c1NCCN1CCN(c2ccccc2Cl)CC1,7.935542010773082,11.6,1,1,0,0,1,0
COc1ccc(Cl)cc1N1CCN(CCNc2c(C(C)=O)c(-c3ccccc3)nn(C)c2=O)CC1,7.117874080229968,76.23,1,1,1,1,1,1
COc1ccccc1N1CCN(CCCNc2c(C(C)=O)c(-c3ccccc3)nn(C)c2=O)CC1,6.871277715661573,134.5,1,1,1,1,1,1
Cc1ccccc1CN1CCN(C(=O)COc2ccc3cccc(N4CCN(C)CC4)c3c2)CC1,7.643974142806877,22.7,0,0,0,0,1,0
COc1ccc(NC(=O)c2ccc(-c3ccc(C4=NC(C)ON4)cc3C)cc2)cc1N1CCN(C)CC1,7.144480844332199,71.7,0,0,0,0,0,0
CCCCCCN1CCc2c([nH]c3ccccc23)C1,7.102372908709558,79.0,0,0,0,0,0,0
O=C(c1cccc(CN2CCN3c4ccccc4OCC3C2)c1)N1CCCCC1,7.920818753952375,12.0,0,0,0,0,0,0
CN1CCN(c2cccc3ccc(OCC(=O)N4CCN(c5cccc6ccccc56)CC4)cc23)CC1,6.943095148663527,114.0,1,1,1,1,1,0
OC(COc1ccc(F)c2c1OCCC2)CN1CCC2(CC1)OCc1c2ccc2ccccc12,8.55284196865778,2.8,0,0,0,0,1,0
COc1ccccc1N1CCN(CCNc2c(C(C)=O)c(-c3ccccc3)nn(C)c2=O)CC1,8.607303046740334,2.47,1,1,1,1,1,1
Cc1cccc(C#N)c1-c1cccc2c1-c1cccc3c1[C@@H](C2)N(C)CC3,6.847711655616943,142.0,0,0,0,0,1,1
Fc1ccc2[nH]cc(CCNCCOc3cccc4c3OCCO4)c2c1,8.236572006437063,5.8,1,1,0,1,1,1
Fc1ccc2[nH]cc(CCCNCCOc3ccccc3)c2c1,8.036212172654444,9.2,0,0,0,0,1,1
Fc1ccc2[nH]cc(CCCNCCOc3cccc4nccnc34)c2c1,8.008773924307505,9.8,1,1,0,1,1,1
COc1ccccc1OCCNCCCc1c[nH]c2ccccc12,8.698970004336019,2.0,0,0,0,0,1,1
Fc1cc2c(c(OCCNCCc3c[nH]c4ccc(F)cc34)c1)OCCC2,7.528708288941061,29.6,0,0,0,0,1,1
Fc1cc(OCCNCCCc2c[nH]c3ccc(F)cc23)c2occc2c1,7.889410289700751,12.9,0,0,0,0,1,1
Fc1cc(OCCNCCCc2c[nH]c3ccc(F)cc23)c2c(c1)OCCO2,7.649751981665837,22.4,0,0,0,0,1,1
Fc1cc2c(c(OCCNCCc3c[nH]c4ccc(F)cc34)c1)OCC2,7.454692883534176,35.1,0,0,0,0,1,1
COc1ccccc1OCCNCCCc1c[nH]c2ccc(F)cc12,8.886056647693163,1.3,1,1,0,0,1,1
Fc1cc2c(c(OCCNCCCc3c[nH]c4ccc(F)cc34)c1)OCCC2,7.572946886435499,26.73333333333333,0,0,0,0,1,1
Fc1ccc2[nH]cc(CCCNCCOc3cccc4[nH]ccc34)c2c1,8.823908740944319,1.5,1,1,0,1,1,1
COc1ccc(F)cc1OCCNCCc1c[nH]c2ccc(F)cc12,7.039053804266168,91.4,0,0,0,0,1,1
c1ccc2c(OCCNCCCc3c[nH]c4ccccc34)cccc2c1,7.774690718274137,16.8,1,1,0,1,1,1
Fc1ccc2[nH]cc(CCCNCCOc3cccc4[nH]cnc34)c2c1,9.161150909262744,0.69,1,1,0,1,1,1
Fc1ccc2[nH]cc(CCCNCCOc3cc(Cl)cc4[nH]cnc34)c2c1,7.97061622231479,10.7,1,1,0,0,1,1
Fc1ccc2[nH]cc(CCCNCCOc3cccc4c3OCC4)c2c1,8.795880017344075,1.6,1,1,0,1,1,1
Fc1ccc2[nH]cc(CCCNCCOc3cccc4c3OCCO4)c2c1,9.154901959985745,0.7,1,1,0,1,1,1
COc1ccc2[nH]cc(CCN3CCCC3)c2c1F,9.920818753952377,0.12,0,0,0,0,1,1
c1ccc2c(CCCNCCOc3cccc4[nH]cnc34)c[nH]c2c1,9.060480747381382,0.87,1,1,0,1,1,1
CN1CCc2cccc3c2[C@H]1Cc1cccc(-c2c(O)cccc2O)c1-3,6.856985199745905,139.0,1,1,0,0,1,1
Fc1cc2c(c(OCCNCCCc3c[nH]c4ccc(F)cc34)c1)OCC2,7.767003889607846,17.1,0,0,0,0,1,1
COc1ccc2[nH]cc(CCN(C)C)c2c1F,9.638272163982409,0.23,1,1,0,0,1,1
COc1ccc(F)cc1OCCNCCCc1c[nH]c2ccc(F)cc12,7.455931955649724,35.0,1,1,0,0,1,1
Fc1ccc2[nH]cc(CCCNCCOc3cccc4ncccc34)c2c1,7.449771646944906,35.5,1,1,0,1,1,1
c1ccc2c(CCCCNCCOc3cccc4[nH]ccc34)c[nH]c2c1,8.3767507096021,4.2,1,1,0,1,0,0
COc1cccc(OC)c1-c1cccc2c1-c1cccc3c1[C@@H](C2)N(C)CC3,6.2564902352715706,554.0,0,0,0,0,1,1
COc1ccc(F)cc1OCCNCCc1c[nH]c2ccccc12,7.318758762624412,48.0,0,0,0,0,0,0
c1ccc2c(CCCNCCOc3cccc4[nH]ccc34)c[nH]c2c1,8.602059991327963,2.5,1,1,0,1,1,1
COc1ccccc1OCCNCCCCc1c[nH]c2ccccc12,8.113509274827518,7.7,0,0,0,0,1,1
Fc1ccc2[nH]cc(CCCNCCOc3cccc4ccoc34)c2c1,8.795880017344075,1.6,1,1,0,1,1,1
Fc1cc2c(c(OCCNCCc3c[nH]c4ccccc34)c1)OCCC2,8.070581074285707,8.5,0,0,0,0,0,0
Fc1ccc2[nH]cc(CCCNCCOc3cccc4c3CCCC4)c2c1,6.769551078621726,170.0,1,1,0,1,1,1
c1cnc2c(OCCNCCCc3c[nH]c4ccccc34)cccc2c1,9.267606240177033,0.54,1,1,0,1,1,1
CN1CCC(CCN2CCC(c3cn(-c4ccc(F)cc4)c4ccc(-c5ncn(C)n5)cc34)CC2)C1=O,7.1938200260161125,64.0,0,0,0,0,0,0
COc1cccc(OC)c1OCCNCCOc1ccccc1OCc1ccccc1,7.929962133392243,11.75,0,0,0,0,0,0
Cn1cnc(-c2ccc3c(c2)c(C2CCN(CCC#N)CC2)cn3-c2ccc(F)cc2)n1,6.795880017344075,160.0,0,0,0,0,0,0
COc1cccc(OC)c1OCCNC[C@@H]1C[C@H](c2ccccc2)c2ccccc2O1,8.18996921359416,6.457,0,0,0,0,0,0
Cn1nnc(-c2ccc3c(c2)c(C2CCN(CCN4CCOC4=O)CC2)cn3-c2ccc(F)cc2)n1,7.309803919971486,49.0,0,0,0,0,0,0
Cn1cnc(-c2ccc3c(c2)c(C2CCN(CCN4CCNC4=O)CC2)cn3-c2ccc(F)cc2)n1,7.619788758288394,24.0,1,1,0,1,1,1
O=C1NCCN1CCN1CCC(c2cn(-c3ccc(F)cc3)c3ccc(-c4cncnc4)cc23)CC1,7.455931955649724,35.0,0,0,0,0,1,1
Cn1cnc(-c2ccc3c(c2)c(C2CCN(CCN4CCOC4=O)CC2)cn3-c2ccc(F)cc2)n1,7.602059991327962,25.0,1,1,0,1,0,0
Cn1nnnc1-c1ccc2c(c1)c(C1CCN(CCN3CCNC3=O)CC1)cn2-c1ccc(F)cc1,7.292429823902063,51.0,1,1,0,1,1,1
O=C1NCCN1CCN1CCC(c2cn(-c3ccc(F)cc3)c3ccc(-c4c[nH]nn4)cc23)CC1,7.346787486224656,45.0,0,0,0,0,1,1
COc1cccc(OC)c1OCCNCCOc1ccccc1Cc1ccccc1,7.969805214643249,10.72,0,0,0,0,1,0
Cn1ccnc1-c1ccc2c(c1)c(C1CCN(CCN3CCNC3=O)CC1)cn2-c1ccc(F)cc1,8.481486060122112,3.3,1,1,0,1,1,1
Cn1cc(-c2ccc3c(c2)c(C2CCN(CCN4CCNC4=O)CC2)cn3-c2ccc(F)cc2)cn1,7.309803919971486,49.0,0,0,0,0,1,1
CSc1ccc2c(c1)C(N1CCN(C)CC1)Cc1ccccc1S2,8.4089353929735,3.9,0,0,0,0,0,0
O=C1NCCN1CCN1CCC(c2cn(-c3ccc(F)cc3)c3ccc(Cl)cc23)CC1,7.481486060122112,33.0,0,0,0,0,0,0
Cn1ncc(-c2ccc3c(c2)c(C2CCN(CCN4CCNC4=O)CC2)cn3-c2ccc(F)cc2)n1,6.537602002101044,290.0,1,1,0,1,1,1
COc1cccc(OC)c1OCCNCC1Oc2ccccc2OC1c1ccc(C)cc1,7.929962133392243,11.75,0,0,0,0,0,0
O=C1OCCN1CCN1CCC(c2cn(-c3ccc(F)cc3)c3ccc(-c4ncccn4)cc23)CC1,7.327902142064283,47.0,0,0,0,0,0,0
Cn1nccc1-c1ccc2c(c1)c(C1CCN(CCN3CCNC3=O)CC1)cn2-c1ccc(F)cc1,8.236572006437063,5.8,0,0,0,0,1,1
COc1cccc(OC)c1OCCNCC1CC(c2ccccc2)c2ccccc2C1=O,7.96018944585165,10.96,0,0,0,0,0,0
Cn1nnc(-c2ccc3c(c2)c(C2CCN(CCN4CCNC4=O)CC2)cn3-c2ccc(F)cc2)n1,6.886056647693163,130.0,0,0,0,0,1,1
N#CCCN1CCC(c2cn(-c3ccc(F)cc3)c3ccc(-c4ncccn4)cc23)CC1,7.173925197299173,67.0,0,0,0,0,0,0
COc1cccc(OC)c1OCCNCC1Cc2ccccc2C(c2ccccc2)C1,8.199970640755867,6.31,0,0,0,0,0,0
Cn1ccc(-c2ccc3c(c2)c(C2CCN(CCN4CCNC4=O)CC2)cn3-c2ccc(F)cc2)n1,7.481486060122112,33.0,0,0,0,0,0,0
CCn1ncc(-c2ccc3c(c2)c(C2CCN(CCN4CCNC4=O)CC2)cn3-c2ccc(F)cc2)n1,6.563837352959244,273.0,1,1,0,0,1,1
O=C1NCCN1CCN1CCC(c2cn(-c3ccc(F)cc3)c3ccc(-c4ncccn4)cc23)CC1,7.920818753952375,12.0,0,0,0,0,1,1
CCn1cc(-c2ccc3c(c2)c(C2CCN(CCN4CCNC4=O)CC2)cn3-c2ccc(F)cc2)nn1,6.627087997029894,236.0,0,0,0,0,1,1
Cn1cnnc1-c1ccc2c(c1)c(C1CCN(CCN3CCNC3=O)CC1)cn2-c1ccc(F)cc1,7.397940008672037,40.0,1,1,0,1,1,1
Cn1ncnc1-c1ccc2c(c1)c(C1CCN(CCN3CCNC3=O)CC1)cn2-c1ccc(F)cc1,7.958607314841775,11.0,0,0,0,0,1,1
Cn1nncc1-c1ccc2c(c1)c(C1CCN(CCN3CCNC3=O)CC1)cn2-c1ccc(F)cc1,7.744727494896693,18.0,0,0,0,0,1,1
Cn1cnc(-c2ccc3c(c2)c(C2CCN(CCn4c(=O)[nH]c5ccccc5c4=O)CC2)cn3-c2ccc(F)cc2)n1,7.259637310505756,55.0,0,0,0,0,0,0
Cn1cc(-c2ccc3c(c2)c(C2CCN(CCN4CCNC4=O)CC2)cn3-c2ccc(F)cc2)nn1,7.5376020021010435,29.0,0,0,0,0,0,0
O=C1NCCN1CCN1CCC(c2cn(-c3ccc(F)cc3)c3ccc(-c4cccnc4)cc23)CC1,7.886056647693163,13.0,0,0,0,0,1,1
CN1C[C@H](CNC(=O)OCc2ccccc2)C[C@@H]2c3cccc4c3c(cn4C)C[C@H]21,8.116338564846382,7.65,0,0,0,0,0,0
O=C1COc2cc(CN3CCN(c4ccc(Cl)cc4)CC3)ccc2N1,6.101274818410507,792.0,0,0,0,0,1,0
COc1cc2c(cc1OC)C1=NO[C@@H](CN3CCN(C/C(C)=C/c4ccccc4)CC3)[C@@H]1CO2,6.323306390375134,475.0,0,0,0,0,0,0
c1ccc(CC2CCN(CC3CCc4ccccc4O3)CC2)cc1,7.939302159646388,11.5,1,1,0,1,1,1
c1ccc(CC2CCN(CC3COc4ccccc4O3)CC2)cc1,7.752272167090277,17.69,1,1,0,1,1,1
O=C1CC(CN2CCC(Cc3ccccc3)CC2)Oc2ccccc21,6.527243550682788,297.0,0,0,0,0,1,1
O=C1c2ccccc2CCC1CN1CCC(Cc2ccccc2)CC1,6.585026652029182,260.0,0,0,0,0,1,1
O=C1c2ccccc2OCC1CN1CCC(Cc2ccccc2)CC1,6.585026652029182,260.0,0,0,0,0,1,1
O=c1c(CN2CCC(Cc3ccccc3)CC2)coc2ccccc12,6.920818753952375,120.0,0,0,0,0,1,1
COc1ccc2c(c1)CC(CN1CCC(Cc3ccccc3)CC1)CC2,7.266000713461613,54.2,1,1,0,0,1,1
COc1cccc2c1CC(CN1CCC(Cc3ccccc3)CC1)CC2,7.242603971206976,57.2,0,0,0,0,0,0
c1ccc(CN2CCN(CC3CCc4ccccc4C3)CC2)cc1,6.732828271596986,185.0,1,1,0,1,1,1
c1ccc(CN2CCN(CC3CCc4ccccc4O3)CC2)cc1,7.684029654543083,20.7,1,1,0,1,1,1
c1ccc(CN2CCN(CC3COc4ccccc4O3)CC2)cc1,7.159329438666591,69.29,1,1,0,1,1,1
O=C1c2ccccc2CCC1CN1CCN(Cc2ccccc2)CC1,6.351639989019068,445.0,0,0,0,0,1,1
c1ccc(CC2CCN(CC3CCc4ccccc4C3)CC2)cc1,6.764471553092451,172.0,1,1,0,1,1,1
c1ccc(CC2CCN(CC3COc4ccccc4C3)CC2)cc1,6.645891560852599,226.0,1,1,0,1,1,1
Nc1ccc(S(=O)(=O)n2cc(C3=CCNCC3)c3ccccc32)cc1,5.777283528852417,1670.0,0,0,0,0,0,0
COc1ccc2c(c1)c(C1=CCNCC1)cn2S(=O)(=O)c1ccc(N)cc1,7.013228265733755,97.0,0,0,0,0,1,1
Nc1ccc(S(=O)(=O)n2cc(C3CCNCC3)c3ccc(Cl)cc32)cc1,6.939302159646388,115.0,0,0,0,0,0,0
O=S(=O)(c1ccccc1F)n1cc(C2=CCNCC2)c2ccccc21,6.057991946977687,875.0,0,0,0,0,0,0
COc1ccccc1N1CCN(CC2=NS(=O)(=O)c3ccc(C)cc3N2)CC1,6.970007824622153,107.15,1,1,0,1,1,1
COc1ccccc1N1CCN(CC2=NS(=O)(=O)c3ccc(Cl)cc3N2)CC1,7.330032630091495,46.77,0,0,0,0,1,1
COc1ccccc1N1CCN(CC2Nc3ccccc3S(=O)(=O)N2)CC1,7.779891911959945,16.6,0,0,0,0,1,1
COc1ccccc1N1CCN(CC2Nc3cc(Cl)ccc3S(=O)(=O)N2)CC1,8.040005161671584,9.12,1,1,0,1,1,1
CC(COc1ccc2c(c1)NC(=O)CO2)NCC(O)COc1cccc2[nH]ccc12,8.386902011315206,4.102966666666666,0,0,0,0,0,0
O=C1COc2ccc(OCCNCCCOc3cccc4[nH]ccc34)cc2N1,8.79997073344623,1.585,0,0,0,0,0,0
O=C1COc2ccc(OC3CCN(CCOc4cccc5ncccc45)CC3)cc2N1,7.899974269892137,12.59,0,0,0,0,0,0
O=C1COc2ccc(OCC3CCN(CCOc4cccc5ncccc45)C3)cc2N1,8.899974269892137,1.259,1,1,0,0,0,0
O=C1COc2ccc(OCC3CCCN(CCOc4cccc5ncccc45)C3)cc2N1,8.79997073344623,1.585,0,0,0,0,0,0
O=C1COc2ccc(CN3CCN(CCOc4cccc5ncccc45)CC3)cc2N1,8.0,10.0,0,0,0,0,1,1
O=C1COc2ccc(CC3CCN(CCOc4cccc5ncccc45)CC3)cc2N1,8.899974269892137,1.259,1,1,0,1,1,1
Cc1ccc2c(OCCN3CCC(Cc4ccc5c(c4)NC(=O)CO5)CC3)cccc2n1,8.813583652249182,1.5360888888888888,1,1,0,1,1,1
O=C1COc2ccc(OC3CCN(CCOc4cccc5[nH]ccc45)CC3)cc2N1,8.400007822415901,3.981,1,1,0,1,1,1
N#Cc1cc2c(OCCN3CCC(Oc4ccc5c(c4)NC(=O)CO5)CC3)cccc2[nH]1,8.79997073344623,1.585,0,0,0,0,1,1
CC1(C)OC2C=CC=CC2=C1OCCN1CCC(Oc2ccc3c(c2)NC(=O)CO3)CC1,8.700057099977233,1.995,0,0,0,0,1,1
O=C1COc2ccc(OC3CCN(CCOc4cccc5ccccc45)CC3)cc2N1,8.599980364934842,2.512,1,1,0,1,1,1
O=C1COc2ccc(OC3CCN(CCOc4nccc5ccccc45)CC3)cc2N1,8.100015437450608,7.943,1,1,0,1,1,1
O=C1COc2ccc(OC3CCN(CCOc4ccnc5ccccc45)CC3)cc2N1,7.0,100.0,1,1,0,1,1,1
O=C1COc2ccc(OC3CCN(CCOc4cccc5cccnc45)CC3)cc2N1,8.199970640755867,6.31,1,1,0,1,1,1
COc1ccccc1N1CCN(CCCCNC(=O)c2cc3cc(I)ccc3o2)CC1,7.481486060122112,33.0,0,0,0,0,1,1
O=C(NCCCCN1CCN(c2cccc(Cl)c2Cl)CC1)c1cc2cc(I)ccc2o1,6.886056647693163,130.0,0,0,0,0,1,1
COc1ccccc1N1CCN(CCCCNC(=O)c2cc3cc(I)ccc3s2)CC1,7.568636235841013,27.0,0,0,0,0,1,1
O=C(NCCCCN1CCN(c2cccc(Cl)c2Cl)CC1)c1cc2cc(I)ccc2s1,7.337242168318426,46.0,1,1,0,1,1,1
COc1ccccc1N1CCN(CCCCNC(=O)c2ccc(I)s2)CC1,8.0,10.0,0,0,0,0,1,1
O=C(NCCCCN1CCN(c2cccc(Cl)c2Cl)CC1)c1ccc(I)s1,7.619788758288394,24.0,0,0,0,0,1,1
c1ccc2c(N3CCN(CCc4ccc5c(c4)NCN5)CC3)cccc2c1,6.900008766455316,125.89,1,1,0,0,1,1
Cc1cccc(N2CCN(CCc3ccc4[nH]nnc4c3)CC2)c1C,7.079981083971085,83.18,0,0,0,0,1,0
c1ccc2c(N3CCN(CCc4ccc5[nH]nnc5c4)CC3)cccc2c1,7.410050398674292,38.9,0,0,0,0,1,1
COc1ccccc1N1CCN(CCc2ccc3[nH]nnc3c2)CC1,7.100015437450609,79.43,0,0,0,0,1,1
Oc1nc2cc(CCN3CCN(c4cccc(C(F)(F)F)c4)CC3)ccc2[nH]1,7.059981844992337,87.1,0,0,0,0,1,1
c1ccc(-c2nc3cc(CCN4CCN(c5ccccc5)CC4)ccc3[nH]2)cc1,6.760000207113128,173.78,0,0,0,0,0,0
C1=C(c2cc3ccccc3[nH]2)CC2CCC1N2CCOc1cccc2ncccc12,6.494850021680094,320.0,0,0,0,0,0,0
C1=C(c2ccc3ccccc3c2)CC2CCC1N2CCOc1cccc2[nH]ccc12,6.530177984021837,295.0,0,0,0,0,0,0
C1=C(c2c[nH]c3ccccc23)CC2CCC1N2CCOc1cccc2[nH]ccc12,6.953895212753961,111.2,0,0,0,0,0,0
C1=C(c2c[nH]c3ccccc23)CC2CCC1N2CCOc1cccc2c1OCCO2,7.068033885271827,85.5,0,0,0,0,0,0
O[C@H](COc1cccc2[nH]ccc12)CN1C2C=C(c3ccc4ccccc4c3)CC1CC2,6.761452112318672,173.2,0,0,0,0,0,0
O[C@H](COc1cccc2[nH]ccc12)CN1C2C=C(c3ccc(Cl)c(Cl)c3)CC1CC2,6.97061622231479,107.0,0,0,0,0,0,0
CN1CCC(c2n[nH]c3ccc(NC(=O)c4ccc(F)cc4)cc23)CC1,6.060480747381382,870.0,1,1,0,1,0,0
CN1CCC(c2noc3ccc(NC(=O)c4ccc(F)cc4)cc23)CC1,6.795880017344075,160.0,1,1,0,1,0,0
CN1CCC(n2ncc3ccc(NC(=O)c4ccc(F)cc4)cc32)CC1,6.508638306165727,310.0,1,1,0,1,0,0
CN1CCC(n2ccc3ccc(NC(=O)c4ccc(F)cc4)cc32)CC1,7.958607314841775,11.0,1,1,0,1,0,0
CN1CCC(C2CNc3ccc(NC(=O)c4ccc(F)cc4)cc32)CC1,6.6020599913279625,250.0,1,1,0,1,0,0
CN1CCC(N2CCc3ccc(NC(=O)c4ccc(F)cc4)cc32)CC1,7.920818753952375,12.0,1,1,0,1,0,0
CN1CCC(N2CCOc3ccc(NC(=O)c4ccc(F)cc4)cc32)CC1,6.0655015487564325,860.0,1,1,0,0,0,0
CCCN(CCC)[C@H]1CCc2c(cccc2-c2c(OC)cccc2OC)C1,6.459670525209126,347.0,0,0,0,0,0,0
COc1cccc(OC)c1-c1cccc2c1CC[C@H](N(C)C)C2,5.847711655616943,1420.0,0,0,0,0,1,1
O=C1CC2(CCCC2)CC(=O)N1CCN1CCN(c2ccc(F)cc2F)CC1,7.619788758288394,24.0,1,1,0,1,1,1
O=C1CC2(CCCC2)CC(=O)N1CCN1CCN(c2ccc(F)c(F)c2)CC1,7.259637310505756,55.0,0,0,0,0,1,1
O=C1CC2(CCCC2)CC(=O)N1CCN1CCN(c2cc(F)c(F)cc2F)CC1,6.443697499232712,360.0,1,1,0,0,1,1
Cc1ccc2c(OCCN3CCN(CN4C=CC5=CC(=O)CC=C5O4)CC3)cccc2n1,7.199970640755866,63.1,1,1,0,1,1,1
Cc1ccc2c(OCCN3CCN(Cc4ccc(O)c([N+](=O)[O-])c4)CC3)cccc2n1,6.0999990348465305,794.33,1,1,0,1,1,1
COc1ccc(CN2CCN(CCOc3cccc4nc(C)ccc34)CC2)cc1[N+](=O)[O-],6.399996913372259,398.11,0,0,0,0,1,1
Cc1ccc2c(OCCN3CCN(Cc4ccc(F)c([N+](=O)[O-])c4)CC3)cccc2n1,6.299997602857746,501.19,1,1,0,1,1,1
Cc1ccc2c(OCCN3CCN(Cc4ccc(C)c([N+](=O)[O-])c4)CC3)cccc2n1,7.400007822415902,39.81,1,1,0,1,1,1
Cc1ccc2c(OCCN3CCN(Cc4ccc(Cl)c([N+](=O)[O-])c4)CC3)cccc2n1,7.199970640755866,63.1,1,1,0,1,1,1
Cc1ccc2c(OCCN3CCN(Cc4cc(Cl)ccc4Cl)CC3)cccc2n1,7.100015437450609,79.43,0,0,0,0,1,1
Cc1ccc2c(OCCN3CCN(Cc4ccc5[nH]ccc5c4)CC3)cccc2n1,6.0,1000.0,1,1,0,1,1,1
Cc1ccc2c(OCCN3CCN(Cc4cccc5ncccc45)CC3)cccc2n1,6.399996913372259,398.11,0,0,0,0,1,1
Cc1ccc2c(OCCN3CCN(Cc4cccc5ncncc45)CC3)cccc2n1,6.399996913372259,398.11,0,0,0,0,1,1
Cc1ccc2c(OCCN3CCN(Cc4cccc5cccnc45)CC3)cccc2n1,6.499996931948306,316.23,0,0,0,0,1,1
Cc1ccc2c(OCCN3CCN(Cc4cccc5cc[nH]c45)CC3)cccc2n1,6.399996913372259,398.11,0,0,0,0,1,1
Cc1ccc2c(OCCN3CCN(Cc4cccc5[nH]cnc45)CC3)cccc2n1,6.799998134593398,158.49,0,0,0,0,1,1
CN1CCC[C@@H]1Cc1c[nH]c2ccc(NS(=O)(=O)c3ccccc3Cl)cc12,6.769551078621726,170.0,0,0,0,0,0,0
CN1CCC[C@@H]1Cc1c[nH]c2ccc(NS(=O)(=O)c3cccc(Cl)c3)cc12,6.698970004336019,200.0,0,0,0,0,0,0
O=S(=O)(Nc1ccc2[nH]cc(C[C@H]3CCCN3)c2c1)c1ccccc1Cl,6.2580609222708015,552.0,0,0,0,0,0,0
O=S(=O)(Cc1ccccc1I)Nc1ccc2[nH]cc(C[C@H]3CCCN3)c2c1,6.6307841425898575,234.0,0,0,0,0,0,0
CN1CCN(c2cc3c(cc2Cl)CCN3C(=O)Nc2ccc(-c3ccncc3)c3ccccc23)CC1,8.155491759951747,6.9905,0,0,0,0,0,0
COc1cc2c(cc1N1CCN(C)CC1)N(C(=O)c1ccc(-c3cccc(C)n3)c3ccccc13)CC2,7.899974269892137,12.59,0,0,0,0,1,1
COc1cc2c(cc1N1C[C@H](C)N(C)[C@H](C)C1)N(C(=O)c1ccc(-c3cccc(C)n3)c3ccccc13)CC2,6.299997602857746,501.19,0,0,0,0,1,1
COc1cc2c(cc1N1C[C@H](C)N[C@H](C)C1)N(C(=O)c1ccc(-c3cccc(C)n3)c3ccccc13)CC2,6.0,1000.0,0,0,0,0,1,1
CCN1[C@@H](C)CN(c2cc3c(cc2OC)CCN3C(=O)c2ccc(-c3cccc(C)n3)c3ccccc23)C[C@H]1C,6.299997602857746,501.19,0,0,0,0,1,1
CCCN1[C@@H](C)CN(c2cc3c(cc2OC)CCN3C(=O)c2ccc(-c3cccc(C)n3)c3ccccc23)C[C@H]1C,7.100015437450609,79.43,0,0,0,0,1,1
COc1cc2c(cc1N1CCN(C)CC1)N(C(=O)Nc1cccc(Cl)c1Cl)CC2,7.299988937677887,50.12,0,0,0,0,1,1
COc1cc2c(cc1N1C[C@H](C)N(C)[C@H](C)C1)N(C(=O)Nc1cccc(Cl)c1Cl)CC2,5.800000874803203,1584.89,0,0,0,0,1,1
COc1cc2c(cc1N1CCN(C)CC1)N(C(=O)Cc1cccc([N+](=O)[O-])c1)CC2,6.799998134593398,158.49,0,0,0,0,1,1
COc1cc2c(cc1N1C[C@H](C)N(C)[C@H](C)C1)N(C(=O)Cc1cccc([N+](=O)[O-])c1)CC2,5.700000503883016,1995.26,0,0,0,0,1,1
COc1ccc(NC(=O)N2CCN(c3ccc(Cl)cc3)CC2)cc1N1CCN(C)CC1,7.279840696594043,52.5,1,1,0,1,1,1
COc1ccc(NC(=O)N2CCN(c3ccc(F)cc3)CC2)cc1N1CCN(C)CC1,5.966978555317089,1079.0,1,1,0,1,1,1
COc1ccc(NC(=O)N2CCN(c3ccc(-c4ccccc4)cc3)CC2)cc1N1CCN(C)CC1,6.392544976785332,405.0,0,0,0,0,0,0
COc1ccc(NC(=O)N2CCN(c3ccc(C(F)(F)F)cc3)CC2)cc1N1CCN(C)CC1,6.417936637088292,382.0,0,0,0,0,0,0
COc1ccc(NC(=O)N2CCN(c3ccc(SC)cc3)CC2)cc1N1CCN(C)CC1,6.054531414868181,882.0,1,1,0,1,1,1
COc1ccccc1N1CCC(C(=O)Nc2ccc(OC)c(N3CCN(C)CC3)c2)CC1,7.812479279163536,15.4,1,1,0,1,0,0
COc1ccccc1N1CCN(CCCCNC(=O)c2ccc(F)cc2)CC1,7.823908740944319,15.0,1,1,0,1,1,1
O=C(NCCCCN1CCN(c2cccc(Cl)c2Cl)CC1)c1ccc(F)cc1,7.221848749616356,60.0,0,0,0,0,1,1
COc1ccccc1N1CCN(CCCCNC(=O)c2ccc(F)nc2)CC1,7.657577319177793,22.0,1,1,0,1,1,1
O=C(NCCCCN1CCN(c2cccc(Cl)c2Cl)CC1)c1ccc(F)nc1,7.552841968657781,28.0,0,0,0,0,1,1
COc1ccccc1N1CCN(CCCCNC(=O)c2cccc(F)n2)CC1,7.619788758288394,24.0,0,0,0,0,1,1
O=C(NCCCCN1CCN(c2cccc(Cl)c2Cl)CC1)c1cccc(F)n1,7.522878745280337,30.0,0,0,0,0,1,1
COc1ccccc1N1CCN(CCCCNS(=O)(=O)c2ccc(F)cc2)CC1,7.292429823902063,51.0,1,1,0,1,1,1
O=S(=O)(NCCCCN1CCN(c2cccc(Cl)c2Cl)CC1)c1ccc(F)cc1,6.920818753952375,120.0,0,0,0,0,1,1
CN(C)CC(O)COc1cccc2[nH]ccc12,7.619788758288394,24.0,1,1,0,0,1,1
CN1[C@H]2CC[C@@H]1C[C@H](OC(=O)c1c[nH]c3ccccc13)C2,8.275724130399212,5.3,0,0,0,0,0,0
CN1CCN(c2nccc3cc4c(cc23)N(C(=O)c2ccc(Cl)cc2)CC4)CC1,9.100015437450608,0.7943,0,0,0,0,1,1
CN1CCN(c2nccc3cc4c(cc23)N(C(=O)c2ccc(C#N)cc2)CC4)CC1,9.0,1.0,0,0,0,0,0,0
CN1CCN(c2nccc3cc4c(cc23)N(C(=O)c2ccccc2C(F)(F)F)CC4)CC1,8.0,10.0,0,0,0,0,1,1
CN1CCN(c2nccc3cc4c(cc23)N(C(=O)c2ccccc2Cl)CC4)CC1,8.299988937677888,5.012,0,0,0,0,1,1
CN1CCN(c2nccc3cc4c(cc23)N(C(=O)c2ccc(C(F)(F)F)nc2)CC4)CC1,8.500038134403809,3.162,0,0,0,0,0,0
CN1CCN(c2nccc3cc4c(cc23)N(C(=O)c2cccc3ncccc23)CC4)CC1,8.400007822415901,3.981,1,1,0,1,1,1
Cc1cc(C(=O)N2CCc3cc4ccnc(N5CCN(C)CC5)c4cc32)c(C(F)(F)F)o1,8.299988937677888,5.012,0,0,0,0,1,1
Cc1nc(C)c(C(=O)N2CCc3cc4ccnc(N5CCN(C)CC5)c4cc32)o1,8.199970640755867,6.31,0,0,0,0,1,1
CN1CCN(c2nccc3cc4c(cc23)N(C(=O)c2cnn(C)c2C(F)(F)F)CC4)CC1,8.199970640755867,6.31,0,0,0,0,1,1
CN1CCN(c2nccc3cc4c(cc23)N(C(=O)c2cnn3ccccc23)CC4)CC1,9.500038134403807,0.3162,1,1,0,1,1,1
Cc1c(C(=O)N2CCc3cc4ccnc(N5CCN(C)CC5)c4cc32)cnn1-c1ccccc1,9.199970640755865,0.631,0,0,0,0,1,1
CCc1c(C(=O)N2CCc3cc4ccnc(N5CCN(C)CC5)c4cc32)cnn1-c1ccc(C#N)cc1,8.899974269892137,1.259,0,0,0,0,1,1
CCc1c(C(=O)N2CCc3cc4ccnc(N5CCNCC5)c4cc32)cnn1-c1ccc(C#N)cc1,8.899974269892137,1.259,0,0,0,0,1,1
CCc1c(C(=O)N2CCc3cc4ccnc(N5CCN(CC)CC5)c4cc32)cnn1-c1ccc(C#N)cc1,8.500038134403809,3.162,0,0,0,0,0,0
CCc1c(C(=O)N2CCc3cc4ccnc(N5CCN(C(C)C)CC5)c4cc32)cnn1-c1ccc(C#N)cc1,8.199970640755867,6.31,0,0,0,0,0,0
CCc1c(C(=O)N2CCc3cc4ccnc(N5C[C@H](C)N[C@H](C)C5)c4cc32)cnn1-c1ccc(C#N)cc1,7.50003813440381,31.62,0,0,0,0,1,1
COc1ccc(NC(=O)N2CCN(c3ccccc3OC)CC2)cc1N1CCN(C)CC1,6.193141970481182,641.0,1,1,0,1,1,1
COc1ccc(NC(=O)N2CCN(c3ccccc3Cl)CC2)cc1N1CCN(C)CC1,6.474955192963154,335.0,0,0,0,0,0,0
COc1ccc(NC(=O)N2CCN(c3ccccc3F)CC2)cc1N1CCN(C)CC1,6.501689446210399,315.0,0,0,0,0,0,0
COc1cccc2c1CCCC2CN(C)CCc1cccc(F)c1,8.494850021680094,3.2,0,0,0,0,1,1
COc1cccc2c1CCCC2CN(C)CCc1ccc2c(c1)OCO2,8.173925197299173,6.7,0,0,0,0,0,0
COc1cccc2c1CCC[C@H]2CN(C)CCc1ccc2ccoc2c1,8.698970004336019,2.0,0,0,0,0,0,0
COc1ccc(COc2ccccc2OCCNCCOc2c(OC)cccc2OC)cc1,7.759950227887352,17.38,0,0,0,0,0,0
COc1cccc(COc2ccccc2OCCNCCOc2c(OC)cccc2OC)c1,7.510041520575165,30.9,0,0,0,0,0,0
COc1ccccc1COc1ccccc1OCCNCCOc1c(OC)cccc1OC,7.630042392653947,23.44,0,0,0,0,0,0
COc1cccc(OC)c1OCCNCCOc1ccccc1OCc1ccc([N+](=O)[O-])cc1,7.929962133392243,11.75,0,0,0,0,0,0
COc1cccc(OC)c1OCCNCCOc1ccccc1OCc1cccc([N+](=O)[O-])c1,7.680061560019691,20.89,0,0,0,0,0,0
COc1cccc(OC)c1OCCNCCOc1ccccc1OCc1ccccc1[N+](=O)[O-],7.619969752032169,23.99,0,0,0,0,0,0
COc1cccc(OC)c1OCCNCCOc1ccccc1OCc1ccc(C)cc1,7.64994590642097,22.39,0,0,0,0,0,0
COc1cccc(OC)c1OCCNCCOc1ccccc1OCc1cccc(C)c1,7.739928612014925,18.2,0,0,0,0,0,0
COc1cccc(OC)c1OCCNCCOc1ccccc1OCc1ccccc1C,7.950007143079858,11.22,0,0,0,0,0,0
COc1cccc(OC)c1OCCNCCOc1ccccc1OCc1ccc(Cl)cc1,7.809948582240794,15.49,0,0,0,0,0,0
COc1cccc(OC)c1OCCNCCOc1ccccc1OCc1cccc(Cl)c1,8.179995693191682,6.607,0,0,0,0,0,0
COc1cccc(OC)c1OCCNCCOc1ccccc1OCc1ccccc1Cl,8.320027305722581,4.786,0,0,0,0,0,0
CN1CCc2c(sc3ncn(CCN4CCN(c5nccc6ccccc56)CC4)c(=O)c23)C1,9.154901959985745,0.7,1,1,0,1,1,1
CN1CCc2c(sc3ncn(CCN4CCN(c5cccc6ccccc56)CC4)c(=O)c23)C1,9.154901959985745,0.7,1,1,0,1,1,1
CN1CCc2c(sc3ncn(CCN4CCN(c5ccc6ccccc6n5)CC4)c(=O)c23)C1,8.040958607678906,9.1,1,1,0,0,1,1
CN1CCc2c(sc3ncn(CCN4CCN(c5ncnc6ccccc56)CC4)c(=O)c23)C1,7.029653123769907,93.4,1,1,0,1,1,1
CN1CCc2c(sc3ncn(CCN4CCN(c5cccc6cccnc56)CC4)c(=O)c23)C1,9.69897000433602,0.2,1,1,0,1,1,1
CN1CCc2c(sc3ncn(CCN4CCN(c5cccc6ccncc56)CC4)c(=O)c23)C1,9.522878745280336,0.3,1,1,0,1,1,1
CN1CCc2c(sc3ncn(CCN4CCN(c5cccc6cnccc56)CC4)c(=O)c23)C1,9.045757490560677,0.9,1,1,0,1,1,1
CN1CCc2c(sc3ncn(CCN4CCN(c5cccc6ncccc56)CC4)c(=O)c23)C1,8.823908740944319,1.5,1,1,0,1,1,1
CN1CCc2c(sc3ncn(CCN4CCN(c5ccnc6ccccc56)CC4)c(=O)c23)C1,8.187086643357144,6.5,1,1,0,1,1,1
CN1CCc2c(sc3ncn(CCN4CCN(c5cncc6ccccc56)CC4)c(=O)c23)C1,8.327902142064282,4.7,1,1,0,1,1,1
CN1CCc2c(sc3ncn(CCN4CCN(c5cccc6ccsc56)CC4)c(=O)c23)C1,9.397940008672036,0.4,1,1,0,1,1,1
CN1CCc2c(sc3ncn(CCN4CCN(c5cccc6c5OCC6)CC4)c(=O)c23)C1,9.221848749616356,0.6,1,1,0,1,1,1
COc1ccc2ccccc2c1N1CCN(CCn2cnc3sc4c(c3c2=O)CCN(C)C4)CC1,7.928117992693875,11.8,1,1,0,0,1,1
COc1c(Cl)cc(Cl)cc1N1CCN(CCn2cnc3sc4c(c3c2=O)CCN(C)C4)CC1,7.58838029403677,25.8,1,1,0,0,1,1
COc1cc(Cl)c(Cl)cc1N1CCN(CCn2cnc3sc4c(c3c2=O)CCN(C)C4)CC1,8.602059991327963,2.5,1,1,0,0,1,1
COc1c(Cl)cccc1N1CCN(CCn2cnc3sc4c(c3c2=O)CCN(C)C4)CC1,8.602059991327963,2.5,1,1,0,0,1,1
COc1cc(Cl)ccc1N1CCN(CCn2cnc3sc4c(c3c2=O)CCN(C)C4)CC1,7.72584215073632,18.8,1,1,0,0,1,1
COc1ccc(-c2ccccc2)cc1N1CCN(CCn2cnc3sc4c(c3c2=O)CCN(C)C4)CC1,6.367542707815276,429.0,1,1,0,0,1,1
COc1ccc(C(F)(F)F)cc1N1CCN(CCn2cnc3sc4c(c3c2=O)CCN(C)C4)CC1,6.983384452442823,103.9,0,0,0,0,1,1
COc1ccc(C)cc1N1CCN(CCn2cnc3sc4c(c3c2=O)CCN(C)C4)CC1,8.2518119729938,5.6,0,0,0,0,1,1
COc1ccc(OC)c(N2CCN(CCn3cnc4sc5c(c4c3=O)CCN(C)C5)CC2)c1,7.616184634019569,24.2,0,0,0,0,1,1
COc1ccc(Cl)cc1N1CCN(CCn2cnc3sc4c(c3c2=O)CCN(C)C4)CC1,8.522878745280337,3.0,0,0,0,0,1,1
CN1CCc2c(sc3ncn(CCN4CCN(c5ccccc5OCc5ccccc5)CC4)c(=O)c23)C1,8.721246399047171,1.9,0,0,0,0,1,0
CN1CCc2c(sc3ncn(CCN4CCN(c5ccccc5Oc5ccccc5)CC4)c(=O)c23)C1,9.045757490560677,0.9,0,0,0,0,1,1
CN1CCc2c(sc3ncn(CCN4CCN(c5ccccc5OCC(C)(C)C)CC4)c(=O)c23)C1,8.602059991327963,2.5,0,0,0,0,1,1
CC(C)Oc1ccccc1N1CCN(CCn2cnc3sc4c(c3c2=O)CCN(C)C4)CC1,9.154901959985745,0.7,0,0,0,0,1,1
CN1CCc2c(sc3ncn(CCN4CCN(c5ccccc5C#N)CC4)c(=O)c23)C1,8.602059991327963,2.5,0,0,0,0,1,1
CN1CCc2c(sc3ncn(CCN4CCN(c5ccccc5Cl)CC4)c(=O)c23)C1,8.55284196865778,2.8,0,0,0,0,1,1
CN1CCc2c(sc3ncn(CCN4CCN(c5ccccc5-c5ccccc5)CC4)c(=O)c23)C1,8.387216143280265,4.1,1,1,0,1,1,1
Cc1ccccc1N1CCN(CCn2cnc3sc4c(c3c2=O)CCN(C)C4)CC1,8.537602002101044,2.9,0,0,0,0,1,1
COc1ccccc1N1CCN(CCn2cnc3sc4c(c3c2=O)CCN(C)C4)CC1,9.154901959985745,0.7,1,1,0,0,1,1
COc1ccccc1N1CCN(CCn2c(=O)[nH]c3[nH]c(-c4ccccc4)cc3c2=O)CC1,6.912573542963715,122.3,0,0,0,0,1,1
O=c1[nH]c2[nH]c(-c3ccc(Cl)cc3)cc2c(=O)n1CCN1CCN(c2ccccc2Cl)CC1,5.8201610719768135,1513.0,1,1,0,0,1,1
COc1ccccc1N1CCN(CCn2c(=O)[nH]c3[nH]c(-c4ccc(Cl)cc4)cc3c2=O)CC1,6.396530840266161,401.3,1,1,0,0,1,1
COc1ccc(-c2cc3c(=O)n(CCN4CCN(c5ccccc5Cl)CC4)c(=O)[nH]c3[nH]2)cc1,5.97061622231479,1070.0,0,0,0,0,1,1
COc1ccc(-c2cc3c(=O)n(CCN4CCN(c5ccccc5OC)CC4)c(=O)[nH]c3[nH]2)cc1,6.945386945443112,113.4,1,1,0,0,0,0
Cc1ccc(-c2cc3c(=O)n(CCN4CCN(c5ccccc5Cl)CC4)c(=O)[nH]c3[nH]2)cc1,5.741123370627869,1815.0,1,1,0,0,1,1
COc1ccccc1N1CCN(CCn2c(=O)[nH]c3[nH]c(-c4ccc(C)cc4)cc3c2=O)CC1,6.4771125689168825,333.34,1,1,0,0,1,1
O=c1[nH]c2[nH]c(-c3ccccc3Cl)cc2c(=O)n1CCN1CCN(c2ccccc2Cl)CC1,7.187755303199631,64.9,1,1,0,1,1,1
COc1ccccc1N1CCN(CCn2c(=O)[nH]c3[nH]c(-c4ccccc4Cl)cc3c2=O)CC1,7.718966632752273,19.1,1,1,0,1,1,1
COc1ccccc1-c1cc2c(=O)n(CCN3CCN(c4ccccc4Cl)CC3)c(=O)[nH]c2[nH]1,5.987162775294828,1030.0,1,1,0,1,1,1
COc1ccccc1-c1cc2c(=O)n(CCN3CCN(c4ccccc4OC)CC3)c(=O)[nH]c2[nH]1,6.803271277376713,157.3,0,0,0,0,0,0
Cc1ccccc1-c1cc2c(=O)n(CCN3CCN(c4ccccc4Cl)CC3)c(=O)[nH]c2[nH]1,5.838631997765025,1450.0,1,1,0,1,1,1
COc1ccccc1N1CCN(CCn2c(=O)[nH]c3[nH]c(-c4ccccc4C)cc3c2=O)CC1,6.5300307905000405,295.1,1,1,0,1,1,1
O=c1[nH]c2[nH]c(-c3ccccc3)cc2c(=O)n1CCN1CCN(c2ccccc2Cl)CC1,5.812479279163537,1540.0,1,1,0,0,1,1
Cn1c(=O)cnn(CCCCN2CCN(c3cccc4ccc(O[11CH3])cc34)CC2)c1=O,8.866461091629782,1.36,1,1,1,1,1,1
C[C@H](N)Cn1ncc2ccc(O)cc21,6.85078088734462,141.0,1,1,0,1,0,0
COc1cccc2c1OC(CNCCc1c[nH]c3ccc(F)cc13)CN2,8.031050319018657,9.31,1,1,0,0,1,1
CCCN1CC(CN2CC=C(c3c[nH]c4ccc(F)cc34)CC2)Oc2c(OC)cccc21,6.440332721611942,362.8,0,0,0,0,1,0
C1=C(c2c[nH]c3ccccc23)CCN(CC2CNc3ccccc3O2)C1,6.094312032288148,804.8,0,0,0,0,1,1
CCN1CC(CN2CC=C(c3c[nH]c4ccc(F)cc34)CC2)Oc2c(OC)cccc21,6.865026459994085,136.45,0,0,0,0,1,0
COc1cccc2c1OC(CN1CC=C(c3c[nH]c4ccc(F)cc34)CC1)CN2C,6.854182285508172,139.9,0,0,0,0,1,1
COc1cccc2c1OC(CN1CC=C(c3c[nH]c4ccc(F)cc34)CC1)CN2,6.810088790307194,154.85,0,0,0,0,1,1
c1ccc(N2CC(CNCCCc3c[nH]c4ccccc34)Oc3ccccc32)cc1,7.120502712750572,75.77,0,0,0,0,1,1
c1ccc(N2CC(CNCCc3c[nH]c4ccccc34)Oc3ccccc32)cc1,7.519849274726719,30.21,0,0,0,0,0,0
Fc1ccc2[nH]cc(CCNCC3CN(Cc4ccccc4)c4ccccc4O3)c2c1,8.139661993429007,7.25,0,0,0,0,1,1
Fc1ccc2[nH]cc(CCNCC3CN(c4ccccc4)c4ccccc4O3)c2c1,8.146301788223825,7.14,0,0,0,0,1,1
c1ccc(CN2CC(CNCCCc3c[nH]c4ccccc34)Oc3ccccc32)cc1,7.118387127521651,76.14,0,0,0,0,1,1
c1ccc2c(c1)NCC(CNCCc1c[nH]c3ccccc13)O2,8.160521952625801,6.91,1,1,0,1,1,1
CN1CC(CNCCc2c[nH]c3ccccc23)Oc2ccccc21,8.232102383981909,5.86,0,0,0,0,1,1
CC(C)CN1CC(CNCCc2c[nH]c3ccc(F)cc23)Oc2ccccc21,8.088842391260023,8.15,0,0,0,0,0,0
CN1CC(CNCCc2c[nH]c3ccc(F)cc23)Oc2cc(Cl)ccc21,7.123897678622206,75.18,0,0,0,0,1,1
CC(C)N1CC(CNCCCc2c[nH]c3ccccc23)Oc2ccccc21,7.043735497301724,90.42,1,1,0,0,1,1
CCCN1CC(CNCCc2c[nH]c3ccccc23)Oc2ccccc21,7.894149325614856,12.76,0,0,0,0,0,0
CC(C)N1CC(CNCCc2c[nH]c3ccc(F)cc23)Oc2ccccc21,8.55129368009492,2.81,1,1,0,0,1,1
Fc1ccc2[nH]cc(CCNCC3CNc4ccccc4O3)c2c1,7.959397659885926,10.98,0,0,0,0,1,1
CCN1CC(CNCCc2c[nH]c3ccc(F)cc23)Oc2ccccc21,7.815024809301739,15.31,0,0,0,0,1,1
CN1CC(CNCCc2c[nH]c3ccc(F)cc23)Oc2ccccc21,8.072629636960976,8.46,0,0,0,0,1,1
COc1ccc2c(c1)OC(CNCCc1c[nH]c3ccc(F)cc13)CN2,6.987162775294828,103.0,1,1,0,0,1,1
O=S(=O)(c1ccccc1)C1(CCCN2CCc3ccccc3C2)CCC1,7.455931955649724,35.0,0,0,0,0,0,0
CC(C)(CCCN1CCCC(c2ccccc2)C1)S(=O)(=O)c1ccccc1,6.3979400086720375,400.0,0,0,0,0,0,0
CCOC(=O)[C@@H]1CCCN(CCCC(C)(C)S(=O)(=O)c2ccccc2)C1,5.619788758288394,2400.0,0,0,0,0,0,0
CC(C)(CCCN1CC[C@@H]2CCCC[C@H]2C1)S(=O)(=O)c1ccccc1,5.823908740944319,1500.0,0,0,0,0,0,0
O=S(=O)(c1ccccc1)C1(CCCN2CCC3CCCCC3C2)CCC1,6.6777807052660805,210.0,0,0,0,0,0,0
COc1cccc(N2CCN(CCCCn3ncc(=O)n(C)c3=O)CC2)c1,8.958607314841775,1.1,1,1,0,0,1,1
CC(=O)Nc1cccc(N2CCN(CC3CCN(S(=O)(=O)c4ccc(F)cc4)CC3)CC2)c1,7.886056647693163,13.0,0,0,0,0,0,0
CC(=O)Nc1cccc(N2CCN(CC3CCN(S(=O)(=O)C(C)C)CC3)CC2)c1,6.950781977329818,112.0,0,0,0,0,1,1
CC(=O)Nc1cccc(N2CCN(CC3CCN(S(=O)(=O)CC4CCCCC4)CC3)CC2)c1,8.0,10.0,0,0,0,0,1,1
CC(=O)Nc1cccc(N2CCN(CCCCN(C)S(=O)(=O)CC(C)C)CC2)c1,8.013228265733755,9.7,0,0,0,0,1,1
CC(=O)Nc1cccc(N2CCN(CCCCN(C)S(=O)(=O)CC3CCCCC3)CC2)c1,8.886056647693163,1.3,1,1,0,0,1,1
CC(=O)Nc1cccc(N2CCN(CCCCNS(=O)(=O)CC(C)C)CC2)c1,8.036212172654444,9.2,0,0,0,0,1,1
O=C(Nc1cccc(N2CCN(CCCCNS(=O)(=O)CC3CCCCC3)CC2)c1)C1CC1,8.050609993355087,8.9,0,0,0,0,0,0
CC(=O)Nc1cccc(N2CCN(CCCCNS(=O)(=O)CC3CCCCC3)CC2)c1,8.292429823902063,5.1,0,0,0,0,1,0
CC(=O)Nc1cccc(N2CCN(CCCCNS(=O)(=O)C(C)C)CC2)c1,7.619788758288394,24.0,0,0,0,0,1,1
CC(=O)Nc1cccc(N2CCN(CCCCNS(=O)(=O)C3CCCCC3)CC2)c1,7.397940008672037,40.0,1,1,0,0,1,1
CC(=O)Nc1cccc(N2CCN(CCCCNS(=O)(=O)c3ccc(F)cc3)CC2)c1,7.744727494896693,18.0,1,1,0,0,1,1
Cc1ccc(S(=O)(=O)NCCCCN2CCN(c3cccc(NC(=O)C(C)(C)C)c3)CC2)cc1,5.866461091629782,1360.0,1,1,0,0,1,1
Cc1ccc(S(=O)(=O)NCCCCN2CCN(c3cccc(NC(=O)C4CC4)c3)CC2)cc1,7.657577319177793,22.0,1,1,0,0,1,1
Cc1ccc(S(=O)(=O)NCCCCN2CCN(c3cccc(NC(=O)C(C)C)c3)CC2)cc1,7.107905397309519,78.0,1,1,0,0,1,1
CCCC(=O)Nc1cccc(N2CCN(CCCCNS(=O)(=O)c3ccc(C)cc3)CC2)c1,7.251811972993799,56.0,0,0,0,0,1,1
CCC(=O)Nc1cccc(N2CCN(CCCCNS(=O)(=O)c3ccc(C)cc3)CC2)c1,6.370590400897281,426.0,1,1,0,0,1,1
CC(=O)Nc1cccc(N2CCN(CCCCNS(=O)(=O)c3ccc(C)cc3)CC2)c1,8.167491087293763,6.8,1,1,0,0,1,1
Cc1ccc(S(=O)(=O)NCCCCN2CCN(c3cccc(NS(=O)(=O)C(C)C)c3)CC2)cc1,7.327902142064283,47.0,1,1,0,0,1,1
CCS(=O)(=O)Nc1cccc(N2CCN(CCCCNS(=O)(=O)c3ccc(C)cc3)CC2)c1,6.85078088734462,141.0,1,1,0,0,1,1
Cc1ccc(S(=O)(=O)NCCCCN2CCN(c3cccc(NS(C)(=O)=O)c3)CC2)cc1,7.337242168318426,46.0,0,0,0,0,1,1
Cc1ccc(S(=O)(=O)NCCCCN2CCN(c3ccccc3)CC2)cc1,7.397940008672037,40.0,0,0,0,0,1,1
COc1ccccc1N1CCN(CCCCNS(=O)(=O)c2ccc(C)cc2)CC1,9.0,1.0,1,1,0,1,1,1
CC1(C)CC(=O)N(CCCCN2CCN(c3ncccn3)CC2)C(=O)C1,7.649751981665837,22.4,0,0,0,0,1,1
O=C1CCC(=O)N1C[C@H]1CC[C@H]2CN(c3ncccn3)CCN2C1,7.036212172654444,92.0,0,0,0,0,0,0
O=C1c2ccccc2S(=O)(=O)N1CCCCN1CCN(c2ncccn2)CC1,8.221848749616356,6.0,0,0,0,0,1,1
COc1ccccc1N1CCN(CCCCNC(=O)c2cc3c4ccc(c3o2)CCc2ccc(cc2)CC4)CC1,6.721246399047171,190.0,0,0,0,0,1,0
O=C(NCCCCN1CCN(c2cccc(F)c2F)CC1)c1cc2ccc1CCc1ccc(cc1)CC2,6.537602002101044,290.0,0,0,0,0,1,1
COc1c(Cl)cccc1N1CCN(CCCCNC(=O)c2cc3ccc2CCc2ccc(cc2)CC3)CC1,7.657577319177793,22.0,0,0,0,0,1,1
O=C(NCCCCN1CCN(c2cccc(Cl)c2Cl)CC1)c1cc2ccc1CCc1ccc(cc1)CC2,6.180456064458132,660.0,0,0,0,0,1,1
COc1ccccc1N1CCN(Cc2cnn(-c3ccccc3)c2)CC1,8.167491087293763,6.8,0,0,0,0,1,1
C1=C(c2ccccc2)CCN(Cc2cnn(-c3ccccc3)c2)C1,7.431798275933005,37.0,1,1,0,1,1,1
O=C(CCCN1C2CCC1CC(O)(c1ccc(Cl)cc1)C2)c1ccc(F)cc1,7.557520230935552,27.7,0,0,0,0,0,0
NC(=O)c1ccc(F)c2c1CC(N(CCCCc1c[nH]c3ccc(F)cc13)C1CCC1)CO2,8.318758762624412,4.8,1,1,0,0,1,1
NC(=O)c1ccc(F)c2c1CC(N(CCCCc1c[nH]c3ccc(F)cc13)CC1CC1)CO2,8.67778070526608,2.1,1,1,0,0,1,1
NC(=O)c1ccc(F)c2c1CC(N(CCc1c[nH]c3ccc(F)cc13)CC1CC1)CO2,8.136677139879543,7.3,1,1,0,0,0,0
CCCN(CCCCc1c[nH]c2ccc(F)cc12)C1COc2c(F)ccc(C(N)=O)c2C1,8.356547323513812,4.4,1,1,0,0,1,1
CCCN(CCc1c[nH]c2ccc(F)cc12)C1COc2c(F)ccc(C(N)=O)c2C1,7.75448733218585,17.6,1,1,0,0,1,0
CCN(CCCCc1c[nH]c2ccc(F)cc12)C1COc2c(F)ccc(C(N)=O)c2C1,6.481486060122113,330.0,1,1,0,0,1,1
CCN(CCc1c[nH]c2ccc(F)cc12)C1COc2c(F)ccc(C(N)=O)c2C1,7.478861916295964,33.2,0,0,0,0,0,0
CN(CCCc1c[nH]c2ccc(F)cc12)[C@H]1COc2c(F)ccc(C(N)=O)c2C1,6.575118363368933,266.0,1,1,0,0,1,0
NC(=O)c1ccc(F)c2c1C[C@@H](NCCCc1c[nH]c3ccc(F)cc13)CO2,7.3448615651886175,45.2,0,0,0,0,1,0
COc1cccc2c1CC(N(CCCc1c[nH]c3ccc(F)cc13)CC1CC1)CO2,8.774690718274137,1.68,0,0,0,0,1,1
CCCN(CCCc1c[nH]c2ccc(F)cc12)C1COc2cccc(OC)c2C1,7.801342913045577,15.800000000000002,0,0,0,0,1,1
CCN(CCCc1c[nH]c2ccc(F)cc12)C1COc2cccc(OC)c2C1,8.638272163982407,2.3,0,0,0,0,1,1
COc1cccc2c1CC(N(C)CCCc1c[nH]c3ccc(F)cc13)CO2,7.397940008672037,40.0,0,0,0,0,1,1
Clc1ccc(N2CCN(Cc3cnn4ccccc34)CC2)cc1,5.853871964321762,1400.0,0,0,0,0,1,1
Clc1ccc(N2CCN(Cc3cn4nc(Cl)ccc4n3)CC2)cc1,6.4089353929735005,390.0,0,0,0,0,1,1
COc1ccccc1N1CCN(Cc2cn3nc(Cl)ccc3n2)CC1,7.619788758288394,24.0,0,0,0,0,1,1
Clc1ccc2nc(CN3CCN(c4ccc(Cl)c(Cl)c4)CC3)cn2n1,6.443697499232712,360.0,0,0,0,0,1,1
Clc1ccc(N2CCN(Cc3cn4ccccc4n3)CC2)cc1,5.769551078621726,1700.0,0,0,0,0,1,1
COc1ccccc1N1CCN(Cc2cn3ccccc3n2)CC1,5.657577319177793,2200.0,0,0,0,0,1,1
Clc1ccc(N2CCN(Cc3cn4ccccc4n3)CC2)cc1Cl,5.638272163982407,2300.0,0,0,0,0,1,1
Fc1ccc(N2CCN(Cc3cn4ccccc4n3)CC2)cc1,5.443697499232712,3600.0,0,0,0,0,1,1
COc1ccccc1N1CCN(CCCCNC(=O)[C@H](CC(N)=O)NC(=O)CC2CC3CCC2C3)CC1,7.958607314841775,11.0,0,0,0,0,1,0
COc1ccccc1N1CCN(CCCCNC(=O)[C@H](CC(N)=O)NC(=O)C2CCCCC2)CC1,7.619788758288394,24.0,0,0,0,0,1,0
COc1ccccc1N1CCN(CCCCNC(=O)[C@@H]2CCCN2C(=O)C2CCCCC2)CC1,7.568636235841013,27.0,0,0,0,0,1,1
COc1ccccc1N1CCN(CCCCNC(=O)[C@@H]2CCC(=O)N2C(=O)CC2CC3CCC2C3)CC1,7.920818753952375,12.0,0,0,0,0,1,0
COc1ccccc1N1CCN(CCCCNC(=O)[C@@H]2CCC(=O)N2C(=O)C2CCCCC2)CC1,7.769551078621726,17.0,0,0,0,0,1,0
COc1ccccc1N1CCN(CCCCN2C(=O)C[C@H](NC(=O)c3ccccc3)C2=O)CC1,7.301029995663981,50.0,0,0,0,0,1,0
COc1ccccc1N1CCN(CCCCN2C(=O)C[C@H](NC(=O)C3CCCC3)C2=O)CC1,7.397940008672037,40.0,0,0,0,0,1,0
COc1ccccc1N1CCN(CCCCN2C(=O)C[C@H](NC(C)=O)C2=O)CC1,7.161150909262744,69.0,0,0,0,0,1,1
COc1ccccc1N1CCN(CCCN2C(=O)C[C@H](NC(=O)C34CC5CC(CC(C5)C3)C4)C2=O)CC1,7.200659450546418,63.0,0,0,0,0,0,0
COc1ccccc1N1CCN(CCCN2C(=O)C[C@H](NC(=O)c3ccccc3)C2=O)CC1,6.585026652029182,260.0,0,0,0,0,1,0
COc1ccccc1N1CCN(CCCN2C(=O)C[C@H](NC(=O)C3CCCCC3)C2=O)CC1,6.638272163982407,230.0,0,0,0,0,1,0
COc1ccccc1N1CCN(CCCN2C(=O)C[C@H](NC(=O)C3CCCC3)C2=O)CC1,6.769551078621726,170.0,0,0,0,0,1,0
COc1ccccc1N1CCN(CCCN2C(=O)C[C@H](NC(C)=O)C2=O)CC1,6.318758762624412,480.0,0,0,0,0,1,1
COc1ccccc1N1CCN(CCCN2C(=O)C[C@H](NC(=O)CC3CC4CCC3C4)C2=O)CC1,7.397940008672037,40.0,0,0,0,0,1,1
c1ccc(CCc2ccccc2OCc2ccccn2)cc1,5.301029995663981,5000.0,0,0,0,0,0,0
COc1cccc(CCc2ccccc2OCc2cccc(OC)c2)c1,5.301029995663981,5000.0,0,0,0,0,0,0
C=C1/C(=C\C=C2/CCC[C@@]3(C)[C@H]2CC[C@@H]3[C@H](C)C[C@@H]2OC(=O)C(=C)[C@H]2CCCC)C[C@@H](O)[C@H](C)[C@@H]1O,5.301029995663981,5000.0,0,0,0,0,0,0
COc1cccc(CCc2ccccc2OCc2ccccc2)c1,5.301029995663981,5000.0,0,0,0,0,1,1
c1ccc(CCc2ccccc2OCc2ccccc2)cc1,5.301029995663981,5000.0,0,0,0,0,1,1
COc1cccc(CCc2ccccc2OCc2cccnc2)c1,5.301029995663981,5000.0,0,0,0,0,0,0
c1ccc(CCc2ccccc2OCc2cccnc2)cc1,5.301029995663981,5000.0,0,0,0,0,0,0
COc1cccc(CCc2ccccc2OCc2ccccn2)c1,5.301029995663981,5000.0,0,0,0,0,0,0
COc1ccccc1N1CCN(CCCCNC(=O)c2ccc(-c3cccc([18F])n3)cc2)CC1,7.795880017344075,16.0,0,0,0,0,1,0
COc1ccccc1N1CCN(CCCCNC(=O)c2ccc(-c3ccc([18F])nc3)cc2)CC1,7.67778070526608,21.0,0,0,0,0,1,0
O=C(CCCCCN1CCN(c2cccc[n+]2[O-])CC1)NC1CCCc2ccccc21,6.7121982700697735,194.0,0,0,0,0,1,1
O=C(CCCCCN1CCN(c2ccccn2)CC1)NC1CCCc2ccccc21,7.438898616350944,36.4,0,0,0,0,1,1
O=C(CCCCCN1CCN(c2ccccc2F)CC1)NC1CCCc2ccccc21,7.534617148551582,29.2,1,1,0,1,1,1
CC(=O)Nc1ccccc1N1CCN(CCCCCC(=O)NC2CCCc3ccccc32)CC1,5.6020599913279625,2500.0,1,1,0,0,1,1
Nc1ccccc1N1CCN(CCCCCC(=O)NC2CCCc3ccccc32)CC1,6.381951903287908,415.0,1,1,0,1,1,1
CNc1ccccc1N1CCN(CCCCCC(=O)NC2CCCc3ccccc32)CC1,6.876148359032914,133.0,1,1,0,1,1,1
CN(C)c1ccccc1N1CCN(CCCCCC(=O)NC2CCCc3ccccc32)CC1,6.950781977329818,112.0,1,1,0,0,1,1
O=C(CCCCCN1CCN(c2ccccc2-c2ccccc2)CC1)NC1CCCc2ccccc21,7.215382707367125,60.9,0,0,0,0,1,1
CC(C)(C)c1ccccc1N1CCN(CCCCCC(=O)NC2CCCc3ccccc32)CC1,5.922268820347608,1196.0,1,1,0,0,1,1
CC(C)c1ccccc1N1CCN(CCCCCC(=O)NC2CCCc3ccccc32)CC1,6.777283528852417,167.0,1,1,0,0,1,1
CCCCc1ccccc1N1CCN(CCCCCC(=O)NC2CCCc3ccccc32)CC1,7.221848749616356,60.0,1,1,0,0,1,1
CCCc1ccccc1N1CCN(CCCCCC(=O)NC2CCCc3ccccc32)CC1,6.774690718274137,168.0,1,1,0,0,1,1
CCc1ccccc1N1CCN(CCCCCC(=O)NC2CCCc3ccccc32)CC1,7.101274818410507,79.2,1,1,0,1,1,1
O=C(NCCCCN1CCN(c2cccc(Cl)c2Cl)CC1)c1ccc2c(c1)Cc1ccccc1-2,5.690369832574102,2040.0,0,0,0,0,1,1
COc1ccccc1N1CCN(CC(O)CCNC(=O)c2ccc(-c3ccccn3)cc2)CC1,7.441291429466834,36.2,0,0,0,0,1,0
O=C(NCCC(O)CN1CCN(c2cccc(Cl)c2Cl)CC1)c1ccc2c(c1)Cc1ccccc1-2,5.742321425130816,1810.0,0,0,0,0,1,1
O=C(NCCC(O)CN1CCN(c2cccc(Cl)c2Cl)CC1)c1ccc(-c2ccccn2)cc1,7.464705879957229,34.3,0,0,0,0,1,1
COc1ccccc1N1CCN(C/C=C/CNC(=O)c2ccc3c(c2)Cc2ccccc2-3)CC1,7.1438755557577,71.8,0,0,0,0,1,1
COc1ccccc1N1CCN(C/C=C/CNC(=O)c2ccc(-c3ccccn3)cc2)CC1,7.663540266151471,21.7,0,0,0,0,1,0
O=C(NC/C=C/C[N+]1([O-])CCN(c2cccc(Cl)c2Cl)CC1)c1ccc(-c2ccccn2)cc1,6.176525770829699,666.0,0,0,0,0,1,0
O=C(NC/C=C/CN1CCN(c2cccc(Cl)c2Cl)CC1)c1ccc(-c2cccc[n+]2[O-])cc1,7.217527375833714,60.6,0,0,0,0,1,1
Cc1cccnc1-c1ccc(C(=O)NC/C=C/CN2CCN(c3cccc(Cl)c3Cl)CC2)cc1,7.036212172654444,92.0,0,0,0,0,1,1
Cc1cccc(-c2ccc(C(=O)NC/C=C/CN3CCN(c4cccc(Cl)c4Cl)CC3)cc2)n1,6.510041520575165,309.0,1,1,0,1,1,1
O=C(NC/C=C/CN1CCN(c2cccc(Cl)c2Cl)CC1)c1ccc(-c2cccc(=O)[nH]2)cc1,7.527243550682788,29.7,1,1,0,1,1,1
COc1ccccc1N1CCN(CCCCNC(=O)c2ccc(-c3ccccn3)cc2)CC1,8.173277479831007,6.71,1,1,0,0,1,1
COc1ccccc1N1CCN(CCCCNC(=O)c2ccc3c(c2)Cc2ccccc2-3)CC1,7.468521082957745,34.0,0,0,0,0,1,1
O=C(NC/C=C/CN1CCN(c2cccc(Cl)c2Cl)CC1)c1ccc(-c2ccccn2)cc1,7.068542129310995,85.4,0,0,0,0,1,1
O=C(NC/C=C/CN1CCN(c2cccc(Cl)c2Cl)CC1)c1ccc2c(c1)Cc1ccccc1-2,6.026410376572743,941.0,0,0,0,0,1,1
O=C(NCCCCN1CCN(c2cccc(Cl)c2Cl)CC1)c1ccc(-c2ccccn2)cc1,7.6307841425898575,23.4,0,0,0,0,1,1
O=C(NCC(O)CCN1CCN(c2cccc(Cl)c2Cl)CC1)c1ccc(-c2ccccn2)cc1,7.82102305270683,15.1,1,1,0,0,0,0
CC(=O)OC(CCNC(=O)c1ccc(-c2ccccn2)cc1)CN1CCN(c2cccc(Cl)c2Cl)CC1,6.931814138253839,117.0,0,0,0,0,0,0
O=C1c2ccccc2C(=O)N1CCCCN1CC=C(c2c[nH]c3ccc(F)cc23)CC1,8.599980364934842,2.512,0,0,0,0,1,1
O=C1CCc2ccc(OCCCCN3CCN(c4cccc(Cl)c4Cl)CC3)cc2N1,8.010618956465088,9.758454545454546,0,0,0,0,1,1
C[C@H]1Oc2c(cccc2N2CCN(CCCc3c[nH]c4ccc(F)cc34)CC2)NC1=O,8.299988937677888,5.012,0,0,0,0,1,0
Fc1ccc(-c2cncc(CN3CCN(c4cccc5c4OCCO5)CC3)c2)cc1,9.100015437450608,0.7943,1,1,0,0,0,0
N#Cc1ccc2c(N3CCN(CC[C@@H]4OCCc5cc(C(N)=O)ccc54)CC3)cccc2c1,7.795880017344075,16.0,0,0,0,0,0,0
C[C@H]1CN(c2cccc3cc(C#N)ccc23)CCN1CC[C@@H]1OCCc2cc(C(N)=O)ccc21,7.585026652029182,26.0,0,0,0,0,1,1
C[C@H]1CN(c2ccc3cc(F)ccc3c2)CCN1CC[C@@H]1OCCc2cc(C(N)=O)ccc21,6.512861624522813,307.0,0,0,0,0,1,1
COc1cccc2c1CC(NCCCc1c[nH]c3ccc(F)cc13)CO2,7.152427340857888,70.4,0,0,0,0,1,1
CCCN(CCc1c[nH]c2ccc(F)cc12)C1COc2ccc3ncccc3c2C1,6.320753854586141,477.8,0,0,0,0,1,0
COC(CNC12CC3CC(CC(C3)C1)C2)COc1cccc2[nH]ccc12,7.494850021680094,32.0,0,0,0,0,0,0
COC(CNC1CCCCC1)COc1cccc2[nH]ccc12,7.391473966422806,40.6,0,0,0,0,0,0
c1cc(OCCCNC2CCCCC2)c2cc[nH]c2c1,7.105683937315561,78.4,0,0,0,0,1,1
OC(CNC1CCCCCC1)COc1cccc2[nH]ccc12,8.042871802323187,9.06,1,1,0,0,1,1
C[C@](O)(CNC12CC3CC(CC(C3)C1)C2)COc1cccc2[nH]ccc12,6.061480274823508,868.0,0,0,0,0,0,0
C[C@](O)(CNC1CCCCC1)COc1cccc2[nH]ccc12,5.838631997765025,1450.0,0,0,0,0,0,0
O[C@@H](CNC1C2CC3CC(C2)CC1C3)COc1cccc2[nH]ccc12,7.75448733218585,17.6,0,0,0,0,0,0
OC(CNC12CC3CC(CC(C3)C1)C2)COc1ccc2[nH]ccc2c1,6.079354998593212,833.0,0,0,0,0,0,0
OC(CCNC1CCCCC1)COc1cccc2[nH]ccc12,6.903089986991944,125.0,1,1,0,0,1,1
OC(CCOc1cccc2[nH]ccc12)CNC12CC3CC(CC(C3)C1)C2,6.258848401148215,551.0,0,0,0,0,0,0
OC(CCOc1cccc2[nH]ccc12)CNC1CCCCC1,6.059483515067432,872.0,0,0,0,0,1,1
CC(C)NCC(O)CCOc1cccc2[nH]ccc12,5.751536282448968,1772.0,1,1,0,0,1,1
OC(CCNC12CC3CC(CC(C3)C1)C2)COc1cccc2[nH]ccc12,7.118615343229427,76.1,0,0,0,0,0,0
Cc1ccc2c(OCCN3CCC(Cc4ccc5c(c4)NC(=O)CO5)CC3)c(F)ccc2n1,7.299988937677887,50.12,1,1,0,0,1,1
Cc1ccc2c(OCCN3CCC(Cc4ccc5c(c4)NC(=O)CO5)CC3)cc(C#N)cc2n1,7.700057099977233,19.95,1,1,0,0,1,1
Cc1ccc2c(OCCN3CCC(Cc4ccc5c(c4)NC(=O)CO5)CC3)cc(Cl)cc2n1,8.79997073344623,1.585,1,1,0,0,1,1
Cc1ccc2c(OCCN3CCC(Cc4ccc5c(c4)NC(=O)CO5)CC3)cc(F)cc2n1,9.100015437450608,0.7943,1,1,0,0,1,1
Cc1ccc2c(OCCN3CCC(Cc4ccc5c(c4)NC(=O)CO5)CC3)ccc(Cl)c2n1,7.400007822415902,39.81,1,1,0,0,1,1
Cc1ccc2c(OCCN3CCC(Cc4ccc5c(c4)NC(=O)CO5)CC3)ccc(F)c2n1,7.700057099977233,19.95,1,1,0,0,1,1
Cc1ccc2c(OCCN3CCC(Cc4ccc5c(c4F)NC(=O)CO5)CC3)cccc2n1,8.599980364934842,2.512,1,1,0,0,1,1
Cc1ccc2c(OCCN3CCC(Cc4cc(F)c5c(c4)NC(=O)CO5)CC3)cc(Cl)cc2n1,8.0,10.0,1,1,0,0,0,0
Cc1ccc2c(OCCN3CCC(Cc4cc(F)c5c(c4)NC(=O)CO5)CC3)cc(F)cc2n1,8.400007822415901,3.981,1,1,0,0,0,0
Cc1ccc2c(OCCN3CCC(Cc4cc5c(cc4F)OCC(=O)N5)CC3)cc(Cl)cc2n1,8.599980364934842,2.512,0,0,0,0,0,0
Cc1ccc2c(OCCN3CCC(Cc4cc5c(cc4F)OCC(=O)N5)CC3)cc(F)cc2n1,9.4000078224159,0.3981,0,0,0,0,0,0
Cc1ccc2c(OCCN3CCC(Cc4ccc5c(c4F)NC(=O)CO5)CC3)cc(Cl)cc2n1,8.599980364934842,2.512,1,1,0,0,0,0
Cc1ccc2c(OCCN3CCC(Cc4ccc5c(c4F)NC(=O)CO5)CC3)cc(F)cc2n1,8.79997073344623,1.585,1,1,0,0,0,0
Cc1ccc2c(OCCN3CCC(Cc4cc(F)c5c(c4)NC(=O)CO5)CC3)cccc2n1,8.299988937677888,5.012,0,0,0,0,1,1
Cc1ccc2c(OCCN3CCC(Cc4cc5c(cc4F)OCC(=O)N5)CC3)cccc2n1,9.299988937677888,0.5012,0,0,0,0,1,1
Cc1ccc2c(OCCN3CCN(Cc4ccc5c(c4)N(Cc4ccccc4)C(=O)CO5)CC3)cccc2n1,8.400007822415901,3.981,0,0,0,0,1,0
Cc1ccc2c(OCCN3CCN(Cc4ccc5c(c4)N(CC(C)C)C(=O)CO5)CC3)cccc2n1,8.700057099977233,1.995,0,0,0,0,1,0
CCCCN1C(=O)COc2ccc(CN3CCN(CCOc4cccc5nc(C)ccc45)CC3)cc21,8.899974269892137,1.259,0,0,0,0,1,0
Cc1ccc2c(OCCN3CCN(Cc4ccc5c(c4)N(C)C(=O)CO5)CC3)cccc2n1,8.237133957537987,5.7925,1,1,0,0,1,1
Cc1ccc2c(OCCN3CCC(Cc4ccc5c(c4)N(C(C)C)C(=O)CO5)CC3)cccc2n1,8.54951994539394,2.8215,0,0,0,0,1,0
CCN1C(=O)COc2ccc(CC3CCN(CCOc4cccc5nc(C)ccc45)CC3)cc21,8.76786825870338,1.7066,0,0,0,0,1,1
Cc1ccc2c(OCCN3CCC(Cc4ccc5c(c4)N(C)C(=O)CO5)CC3)cccc2n1,8.474430467501477,3.35405,1,1,0,0,1,1
CCN1C(=O)COc2ccc(CN3CCN(CCOc4cccc5nc(C)ccc45)CC3)c(F)c21,8.599980364934842,2.512,0,0,0,0,1,0
Cc1ccc2c(OCCN3CCN(Cc4ccc5c(c4F)N(C)C(=O)CO5)CC3)cccc2n1,8.500038134403809,3.162,1,1,0,0,1,1
Cc1ccc2c(OCCN3CCN(Cc4cc(F)c5c(c4)N(C)C(=O)CO5)CC3)cccc2n1,8.100015437450608,7.943,0,0,0,0,1,1
CC(=O)N1C2C=C(CN3C4CCC3CC(NC(=O)Nc3cc(F)cc(C(F)(F)F)c3)C4)CC1CCC2,6.552841968657781,280.0,0,0,0,0,0,0
CC1(c2cccc(OCc3ccccc3)c2)C(=O)Nc2cc(Cl)cc(Cl)c2C1=O,6.769551078621726,170.0,0,0,0,0,0,0
O=C(NC1CCc2cc(CCN3CCN(c4nsc5ccccc45)CC3)ccc21)c1cccnc1,8.113509274827518,7.7,0,0,0,0,0,0
O=C(NC1CCc2cc(CCN3CCN(c4nsc5ccccc45)CC3)ccc21)c1ccc(F)cc1,8.10790539730952,7.8,0,0,0,0,0,0
O=C(NC1CCc2cc(CCN3CCN(c4nsc5ccccc45)CC3)ccc21)C1CC1,8.698970004336019,2.0,0,0,0,0,1,0
CCCC(=O)NC1CCc2cc(CCN3CCN(c4nsc5ccccc45)CC3)ccc21,8.698970004336019,2.0,0,0,0,0,1,0
CCC(=O)NC1CCc2cc(CCN3CCN(c4nsc5ccccc45)CC3)ccc21,8.698970004336019,2.0,0,0,0,0,1,0
CC(=O)NC1CCc2cc(CCN3CCN(c4nsc5ccccc45)CC3)ccc21,8.958607314841775,1.1,0,0,0,0,1,1
O=C(NC1CCc2cc(CCN3CCN(c4nsc5ccccc45)CC3)ccc21)C(F)(F)F,9.0,1.0,0,0,0,0,1,0
O=C(NC1CCc2ccc(CCN3CCN(c4nsc5ccccc45)CC3)cc21)c1ccno1,8.187086643357144,6.5,0,0,0,0,1,1
O=C(NC1CCc2ccc(CCN3CCN(c4nsc5ccccc45)CC3)cc21)c1ccco1,8.102372908709558,7.9,0,0,0,0,0,0
O=C(CCc1ccccc1)NC1CCc2ccc(CCN3CCN(c4nsc5ccccc45)CC3)cc21,7.429457060118103,37.2,0,0,0,0,1,1
O=C(Cc1ccccc1)NC1CCc2ccc(CCN3CCN(c4nsc5ccccc45)CC3)cc21,7.679853713888946,20.9,0,0,0,0,1,1
O=C(NC1CCc2ccc(CCN3CCN(c4nsc5ccccc45)CC3)cc21)c1cccnc1,8.346787486224656,4.5,1,1,0,0,1,1
O=C(NC1CCc2ccc(CCN3CCN(c4nsc5ccccc45)CC3)cc21)c1ccc(F)cc1,7.175874166083451,66.7,1,1,0,0,1,1
O=C(NC1CCc2ccc(CCN3CCN(c4nsc5ccccc45)CC3)cc21)c1ccc(Cl)cc1,7.251811972993799,56.0,1,1,0,0,1,1
Cc1ccc(C(=O)NC2CCc3ccc(CCN4CCN(c5nsc6ccccc56)CC4)cc32)cc1,7.55129368009492,28.1,0,0,0,0,1,1
O=C(NC1CCc2ccc(CCN3CCN(c4nsc5ccccc45)CC3)cc21)c1ccccc1,7.378823718224964,41.8,0,0,0,0,1,1
CC(C)C(=O)NC1CCc2ccc(CCN3CCN(c4nsc5ccccc45)CC3)cc21,7.920818753952375,12.0,1,1,0,0,1,0
O=C(NC1CCc2ccc(CCN3CCN(c4nsc5ccccc45)CC3)cc21)C1CC1,7.920818753952375,12.0,0,0,0,0,1,0
CCCC(=O)NC1CCc2ccc(CCN3CCN(c4nsc5ccccc45)CC3)cc21,8.259637310505756,5.5,0,0,0,0,1,1
CCC(=O)NC1CCc2ccc(CCN3CCN(c4nsc5ccccc45)CC3)cc21,8.301029995663981,5.0,0,0,0,0,1,1
CC(=O)NC1CCc2ccc(CCN3CCN(c4nsc5ccccc45)CC3)cc21,8.1249387366083,7.5,0,0,0,0,1,1
NC1CCc2ccc(CCN3CCN(c4nsc5ccccc45)CC3)cc21,8.698970004336019,2.0,0,0,0,0,1,1
O=C(NC1CCc2ccc(CCN3CCN(c4nsc5ccccc45)CC3)cc21)C(F)(F)F,8.309803919971486,4.9,0,0,0,0,1,1
CC(C)C(=O)NC1CCc2cc(CCN3CCN(c4nsc5ccccc45)CC3)ccc21,9.0,1.0,1,1,0,0,1,0
NC1=Nc2cccc(Cl)c2CN1,5.769295686387431,1701.0,0,0,0,0,0,0
NC1=Nc2ccc(Cl)c(Cl)c2CN1,5.966576244513051,1080.0,0,0,0,0,0,0
CCC1NC(N)=Nc2cccc(Cl)c21,5.96617430604669,1081.0,0,0,0,0,0,0
CC1NC(N)=Nc2c(Cl)ccc(Cl)c21,7.040958607678906,91.0,0,0,0,0,0,0
COc1c(Cl)ccc2c1C(C)NC(N)=N2,6.4698003017969175,339.0,0,0,0,0,0,0
COc1cc(Cl)c(C)c2c1N=C(N)NC2C,6.978810700930062,105.0,0,0,0,0,0,0
CNC1=Nc2c(OC(C)C)cccc2C(C)N1,6.174573882232177,669.0,0,0,0,0,0,0
CC(C)Oc1cccc2c1N=C(N)NC2C,6.576754126063192,265.0,0,0,0,0,0,0
COc1cccc2c1N=C(N)NC2C,7.494850021680094,32.0,0,0,0,0,0,0
CNC1=Nc2ccc(Cl)c(Cl)c2C(C)N1,6.609064892896621,246.0,0,0,0,0,0,0
CC1NC(N)=Nc2ccc(Cl)c(Cl)c21,6.742321425130816,181.0,0,0,0,0,0,0
CCC1NC(N)=Nc2ccc(Cl)c(Cl)c21,6.116338564846382,765.0,0,0,0,0,0,0
CNC1=Nc2cccc(Cl)c2C(C)N1,6.410050398674292,389.0,0,0,0,0,0,0
CC1NC(NCC(F)F)=Nc2c(Cl)ccc(Cl)c21,7.060480747381382,87.0,0,0,0,0,0,0
COc1c(Cl)ccc2c1C(C)NC(NCC(F)F)=N2,6.458420756053419,348.0,0,0,0,0,0,0
CC(C)Oc1cccc2c1N=C(NCC(F)F)NC2C,6.619788758288394,240.0,0,0,0,0,0,0
COc1cccc2c1N=C(NCC(F)F)NC2C,7.275724130399211,53.0,0,0,0,0,0,0
COc1ccccc1N1CCN(CCNc2ccc3cc([N+](=O)[O-])ccc3n2)CC1,7.847711655616943,14.2,0,0,0,0,1,0
COc1ccccc1N1CCN(CCCCNc2ccc3cc(N)ccc3n2)CC1,9.42021640338319,0.38,1,1,0,0,1,1
COc1ccccc1N1CCN(CCCCNc2ccc3cc(C)ccc3n2)CC1,9.267606240177033,0.54,1,1,0,0,1,1
COc1ccc2ccc(NCCCCCN3CCN(c4ccccc4OC)CC3)nc2c1,9.30102999566398,0.5,0,0,0,0,1,1
COc1ccc2ccc(NCCCCN3CCN(c4ccccc4OC)CC3)nc2c1,8.337242168318426,4.6,1,1,1,1,1,1
COc1ccc2ccc(NCCCN3CCN(c4ccccc4OC)CC3)nc2c1,9.69897000433602,0.2,1,1,1,1,1,1
COc1ccc2ccc(NCCN3CCN(c4ccccc4OC)CC3)nc2c1,8.67778070526608,2.1,1,1,1,1,1,1
COc1ccc2nc(NCCCCCN3CCN(c4ccccc4OC)CC3)ccc2c1,8.585026652029182,2.6,1,1,1,1,1,1
COc1ccc2nc(NCCCCN3CCN(c4ccccc4OC)CC3)ccc2c1,9.69897000433602,0.2,1,1,1,1,1,1
COc1ccc2nc(NCCCN3CCN(c4ccccc4OC)CC3)ccc2c1,7.657577319177793,22.0,1,1,1,1,1,1
COc1ccc2nc(NCCN3CCN(c4ccccc4OC)CC3)ccc2c1,7.552841968657781,28.0,1,1,0,1,1,1
COc1ccccc1N1CCN(CCCCCNc2ccc3ccccc3n2)CC1,10.522878745280336,0.03,1,1,1,1,1,1
COc1ccccc1N1CCN(CCCCNc2ccc3ccccc3n2)CC1,7.013228265733755,97.0,1,1,1,1,1,1
COc1ccccc1N1CCN(CCCNc2ccc3ccccc3n2)CC1,7.886056647693163,13.0,1,1,1,1,1,1
COc1ccccc1N1CCN(CCNc2ccc3ccccc3n2)CC1,7.481486060122112,33.0,1,1,0,1,1,1
CC1(C)Cc2cccc(N3CCN(CCc4ccc5c(c4)NC(=O)CO5)CC3)c2O1,9.299988937677888,0.5012,0,0,0,0,1,1
Cc1cc2c(N3CCN(CCc4ccc5c(c4)NC(=O)CO5)CC3)cccc2[nH]1,8.500038134403809,3.162,1,1,0,0,1,1
Cc1ncc2c(N3CCN(CCc4ccc5c(c4)NC(=O)CO5)CC3)cccc2n1,9.4000078224159,0.3981,1,1,0,1,1,1
O=C1COc2ccc(CCN3CCN(c4cccc5cccnc45)CC3)cc2N1,8.79997073344623,1.585,1,1,0,1,1,1
O=C1COc2ccc(CCN3CCN(c4nccc5ccccc45)CC3)cc2N1,7.0,100.0,1,1,0,1,1,1
O=C1COc2ccc(CCN3CCN(c4cccc5nc(-c6ccccc6)ccc45)CC3)cc2N1,9.199970640755865,0.631,0,0,0,0,1,0
Cc1cc(N2CCN(CCc3ccc4c(c3)NC(=O)CO4)CC2)c2ccc(C)nc2c1,9.899974269892136,0.1259,1,1,0,1,1,1
Cc1ccc2c(N3CCN(CCc4ccc5c(c4)NC(=O)CO5)CC3)cc(Cl)cc2n1,9.500038134403807,0.3162,1,1,0,0,1,1
Cc1ccc2c(N3CCN(CCc4ccc5c(c4)NC(=O)CO5)CC3)cc(F)cc2n1,8.599980364934842,2.512,1,1,0,1,1,1
Cc1ccc2c(N3CCN(CCc4ccc5c(c4)NC(=O)CO5)CC3)ccc(Cl)c2n1,8.400007822415901,3.981,1,1,0,1,1,1
Cc1ccc2c(N3CCN(CCc4ccc5c(c4)NC(=O)CO5)CC3)ccc(F)c2n1,9.599980364934842,0.2512,1,1,0,1,1,1
Cc1ccc2c(N3C[C@H]4C[C@@H]3CN4CCc3ccc4c(c3)NC(=O)CO4)cccc2n1,6.900008766455316,125.89,0,0,0,0,0,0
Cc1ccc2c(N3CCN(CCc4ccc5c(c4)NC(=O)CO5)CC3C)cccc2n1,9.100015437450608,0.7943,1,1,0,0,0,0
Cc1ccc2c(N3CCN(CCc4ccc5c(c4F)NC(=O)CO5)CC3)cccc2n1,9.599980364934842,0.2512,1,1,0,0,1,1
Cc1ccc2c(N3CCN(CCc4cc5c(cc4F)OCC(=O)N5)CC3)cccc2n1,9.599980364934842,0.2512,0,0,0,0,1,1
Cc1ccc2c(N3CCN(CCc4cc(F)c5c(c4)NC(=O)CO5)CC3)cccc2n1,8.899974269892137,1.259,1,1,0,0,1,1
CCN1C(=O)COc2ccc(CCN3CCN(c4cccc5nc(C)ccc45)CC3)cc21,9.299988937677888,0.5012,0,0,0,0,1,1
Cc1ccc2c(N3CCN(CCc4ccc5c(c4)N(C)C(=O)CO5)CC3)cccc2n1,10.100015437450608,0.07943,1,1,0,0,1,1
Cc1ccc2c(N3CCN(CCc4ccc5c(c4)NC(=O)CO5)CC3)cccc2n1,9.754586046695175,0.1759599999999999,1,1,1,1,1,1
COc1ccc2[nH]cc(CCN(C)C)c2c1,7.552841968657781,28.0,1,1,0,0,1,1
C[n+]1c2n(c(=O)c3ccccc31)CCc1c-2[nH]c2ccccc12,4.443697499232712,36000.0,0,0,0,0,0,0
CNc1ccccc1C(=O)N1CCc2c([nH]c3ccccc23)C1=O,4.494850021680094,32000.0,0,0,0,0,0,0
CNCC(O)c1ccc(O)cc1,4.200659450546418,63000.0,0,0,0,0,0,0
CN(C)CCc1c[nH]c2ccccc12,6.3872161432802645,410.0,0,0,0,0,0,0
CC(=O)Nc1ccc(CN2CCN(CCOc3cccc4nc(C)ccc34)CC2)cc1,6.799998134593398,158.49,0,0,0,0,1,1
COc1cccc(CN2CCN(CCOc3cccc4nc(C)ccc34)CC2)c1,7.899974269892137,12.59,0,0,0,0,1,1
CC(=O)N(C)c1cccc(CN2CCN(CCOc3cccc4nc(C)ccc34)CC2)c1,6.599997654072044,251.19,1,1,0,0,1,1
CC(=O)Nc1ccccc1CN1CCN(CCOc2cccc3nc(C)ccc23)CC1,5.899998417198648,1258.93,0,0,0,0,1,1
COc1ccc(CC2CCN(CCOc3cccc4nc(C)ccc34)CC2)cc1NS(C)(=O)=O,6.900008766455316,125.89,0,0,0,0,1,1
Cc1ccc2c(OCCN3CCC(Cc4cccc(N5CCCS5(=O)=O)c4)CC3)cccc2n1,8.100015437450608,7.943,0,0,0,0,1,1
Cc1ccc2c(OCCN3CCC(Cc4cccc(NS(=O)(=O)C(C)C)c4)CC3)cccc2n1,8.599980364934842,2.512,0,0,0,0,1,1
Cc1ccc2c(OCCN3CCC(Cc4cccc(N(C)S(C)(=O)=O)c4)CC3)cccc2n1,7.899974269892137,12.59,0,0,0,0,1,1
Cc1ccc2c(OCCN3CCC(Cc4cccc(NS(C)(=O)=O)c4)CC3)cccc2n1,8.599980364934842,2.512,0,0,0,0,1,1
CCNC(=O)Nc1cccc(CC2CCN(CCOc3cccc4nc(C)ccc34)CC2)c1,7.50003813440381,31.62,1,1,0,0,1,1
Cc1ccc2c(OCCN3CCC(Cc4cccc(NC(=O)CN(C)C)c4)CC3)cccc2n1,7.79997073344623,15.85,0,0,0,0,1,1
Cc1ccc2c(OCCN3CCC(Cc4cccc(N5CCCC5=O)c4)CC3)cccc2n1,8.199970640755867,6.31,0,0,0,0,1,1
CCN(C(C)=O)c1cccc(CC2CCN(CCOc3cccc4nc(C)ccc34)CC2)c1,8.299988937677888,5.012,0,0,0,0,1,1
CC(=O)N(C)c1cccc(CC2CCN(CCOc3cccc4nc(C)ccc34)CC2)c1,7.599980364934842,25.12,1,1,0,0,1,1
Cc1ccc2c(OCCN3CCC(Cc4cccc(NC(=O)C(C)C)c4)CC3)cccc2n1,8.199970640755867,6.31,0,0,0,0,1,1
CCC(=O)Nc1cccc(CC2CCN(CCOc3cccc4nc(C)ccc34)CC2)c1,7.599980364934842,25.12,1,1,0,0,1,1
CC(=O)Nc1cccc(CC2CCN(CCOc3cccc4nc(C)ccc34)CC2)c1,7.599980364934842,25.12,1,1,0,0,1,1
OC1(c2ccc(Cl)cc2)CCN(Cc2c[nH]c3ccccc23)CC1,5.200659450546418,6300.0,0,0,0,0,0,0
O[C@]1(c2ccc(Cl)cc2)C[C@@H]2CC[C@H](C1)N2Cc1coc2ccccc12,5.749579997691106,1780.0,0,0,0,0,0,0
O[C@]1(c2ccc(Cl)cc2)C[C@@H]2CC[C@H](C1)N2Cc1csc2ccccc12,5.764471553092451,1720.0,0,0,0,0,0,0
COc1cccc(OC)c1OCCNC[C@@H]1COC[C@@H](c2ccccc2)O1,6.3799993576999325,416.87,0,0,0,0,1,0
COc1ccccc1N1CCN(CCCCCC(=O)NCc2ccc(OS(C)(=O)=O)cc2)CC1,7.5376020021010435,29.0,0,0,0,0,1,0
CC(C)c1ccccc1N1CCN(CCCCCC(=O)NCc2ccc(OS(C)(=O)=O)cc2)CC1,7.244125144327507,57.0,0,0,0,0,1,0
CS(=O)(=O)Oc1ccc(CNC(=O)CCCCCN2CCN(c3ccccc3-c3ccccc3)CC2)cc1,6.97469413473523,106.0,0,0,0,0,1,1
CSc1ccccc1N1CCN(CCCCCC(=O)NCc2ccc(OS(C)(=O)=O)cc2)CC1,7.987162775294828,10.3,0,0,0,0,1,1
COc1ccccc1N1CCN(CCCCCC(=O)NCc2ccc(C#N)cc2)CC1,7.366531544420414,43.0,0,0,0,0,1,1
CC(C)c1ccccc1N1CCN(CCCCCC(=O)NCc2ccc(C#N)cc2)CC1,7.275724130399211,53.0,0,0,0,0,1,1
CSc1ccccc1N1CCN(CCCCCC(=O)NCc2ccc(C#N)cc2)CC1,7.026872146400302,94.0,1,1,0,1,1,1
COc1ccccc1N1CCN(CCCCCC(=O)NCc2ccncc2)CC1,7.721246399047171,19.0,1,1,0,0,1,1
CC(C)c1ccccc1N1CCN(CCCCCC(=O)NCc2ccncc2)CC1,6.488116639021126,325.0,1,1,0,0,1,1
O=C(CCCCCN1CCN(c2ccccc2-c2ccccc2)CC1)NCc1ccncc1,7.154901959985743,70.0,1,1,0,1,1,1
CSc1ccccc1N1CCN(CCCCCC(=O)NCc2ccncc2)CC1,8.086186147616283,8.2,1,1,0,1,1,1
COc1ccccc1N1CCN(CCCCCC(=O)NCc2ccccc2)CC1,7.886056647693163,13.0,1,1,0,0,1,1
CC(C)c1ccccc1N1CCN(CCCCCC(=O)NCc2ccccc2)CC1,6.856985199745905,139.0,1,1,0,0,1,1
O=C(CCCCCN1CCN(c2ccccc2-c2ccccc2)CC1)NCc1ccccc1,6.79317412396815,161.0,0,0,0,0,1,1
CSc1ccccc1N1CCN(CCCCCC(=O)NCc2ccccc2)CC1,7.920818753952375,12.0,1,1,0,0,1,1
COc1ccccc1N1CCN(CCCCCC(=O)N2CCc3ccccc3C2)CC1,7.397940008672037,40.0,1,1,0,1,1,1
CC(C)c1ccccc1N1CCN(CCCCCC(=O)N2CCc3ccccc3C2)CC1,8.431798275933005,3.7,1,1,0,0,1,1
O=C(CCCCCN1CCN(c2ccccc2-c2ccccc2)CC1)N1CCc2ccccc2C1,7.022276394711152,95.0,1,1,0,1,1,1
CSc1ccccc1N1CCN(CCCCCC(=O)N2CCc3ccccc3C2)CC1,8.6903698325741,2.04,1,1,0,1,1,1
COc1ccccc1N1CCN(CCCCCC(=O)N2Cc3ccccc3C2)CC1,8.494850021680094,3.2,1,1,0,1,1,1
CC(C)c1ccccc1N1CCN(CCCCCC(=O)N2Cc3ccccc3C2)CC1,7.657577319177793,22.0,1,1,0,0,1,1
O=C(CCCCCN1CCN(c2ccccc2-c2ccccc2)CC1)N1Cc2ccccc2C1,6.906578314837765,124.0,0,0,0,0,1,1
CSc1ccccc1N1CCN(CCCCCC(=O)N2Cc3ccccc3C2)CC1,8.97061622231479,1.07,1,1,0,1,1,1
CN1CCN(c2cc(-c3ccc(C#N)cc3)nc(N)n2)CC1,7.376750709602099,42.0,0,0,0,0,0,0
O=C1c2ccccc2CN1CCCCN1CCN(c2ccccc2)CC1,6.443697499232712,360.0,0,0,0,0,1,1
O=C1Cc2ccccc2N1CCCCN1CCN(c2ccccc2)CC1,6.906578314837765,124.0,1,1,0,1,1,1
O=C1Cc2ccccc2N1CCCCCN1CCN(c2cccc3ccccc23)CC1,7.795880017344075,16.0,0,0,0,0,1,1
O=C1Cc2ccccc2N1CCCCCN1CCN(c2cccc3[nH]cnc23)CC1,7.742321425130815,18.1,0,0,0,0,1,0
O=C1Cc2ccccc2N1CC#CCN1CCN(c2cccc3ccccc23)CC1,7.585026652029182,26.0,0,0,0,0,1,1
O=C1Cc2ccccc2N1Cc1ccc(CN2CCN(c3cccc4ccccc34)CC2)cc1,6.742321425130816,181.0,0,0,0,0,0,0
O=C1Cc2ccccc2N1CCCCN1CCc2ccccc2C1,6.6595558851598815,219.0,0,0,0,0,1,1
Cc1ccc2c(N3CCN(CCc4cccc5c4OCC(=O)N5)CC3)cccc2n1,9.599980364934842,0.2512,1,1,1,1,1,1
Cc1ccc2c(N3CCN(CCc4cccc5c4OCC(=O)N5C)CC3)cccc2n1,9.79997073344623,0.1585,1,1,0,0,1,1
Cc1ccc2c(N3CCN(CCc4ccc5c(c4)OCC(=O)N5)CC3)cccc2n1,9.599980364934842,0.2512,1,1,0,0,1,1
CCN1C(=O)COc2c(CCN3CCN(c4cccc5nc(C)ccc45)CC3)cccc21,9.899974269892136,0.1259,0,0,0,0,1,1
Cc1ccc2c(N3CCN(CCc4cccc5c4OCC(=O)N5C(C)C)CC3)cccc2n1,9.199970640755865,0.631,0,0,0,0,1,0
Cc1ccc2c(N3CCN(CCc4cccc5c4OCC(=O)N5C4CC4)CC3)cccc2n1,10.0,0.1,1,1,0,0,1,0
Cc1ccc2c(N3CCN(CCc4cccc5c4OCC(=O)N5CC4CC4)CC3)cccc2n1,9.199970640755865,0.631,0,0,0,0,1,0
Cc1ccc2c(N3CCN(CCc4cccc5c4OCC(=O)N5CC(F)F)CC3)cccc2n1,9.299988937677888,0.5012,0,0,0,0,1,0
Cc1ccc2c(N3CCN(CCc4cccc5c4OCC(=O)N5C)CC3)cc(F)cc2n1,9.700057099977233,0.1995,1,1,1,1,1,1
Cc1ccc2c(N3CCN(CCc4cccc5c4OCC(=O)N5C)[C@H](C)C3)cc(F)cc2n1,9.700057099977233,0.1995,0,0,0,0,0,0
Cc1ccc2c(N3CCN(CCCc4cccc5c4OCC(=O)N5C)CC3)cccc2n1,8.79997073344623,1.585,1,1,0,0,1,1
Cc1ccc2c(N3CCN(CCCc4cccc5c4OCC(=O)N5C)[C@H](C)C3)cccc2n1,8.700057099977233,1.995,0,0,0,0,0,0
Cc1ccc2c(N3CCN(CCCc4cccc5c4OCC(=O)N5C)CC3)cc(F)cc2n1,8.199970640755867,6.31,1,1,1,1,1,1
Cc1ccc2c(N3CCN(CCCc4cccc5c4OCC(=O)N5C)[C@H](C)C3)cc(F)cc2n1,8.79997073344623,1.585,0,0,0,0,0,0
Cc1ccc2c(N3CCN(CCCc4cccc5c4OCC(=O)N5)CC3)cccc2n1,8.500038134403809,3.162,1,1,1,1,1,1
COc1c(OCCF)cccc1C(=O)C1CCN(CCc2ccc(F)cc2)CC1,5.774432286560529,1681.0,0,0,0,0,1,0
COc1c(OCCF)cccc1C(=O)C1CCN(CCc2ccc(C)cc2)CC1,5.725149679983336,1883.0,0,0,0,0,1,0
COc1c(OCCF)cccc1C(=O)C1CCN(CCc2ccc([N+](=O)[O-])cc2)CC1,5.763714722551971,1723.0,0,0,0,0,0,0
COc1ccc(CCN2CCC(C(=O)c3cccc(OCCF)c3OC)CC2)cc1,6.003926345514724,991.0,0,0,0,0,1,0
O=C(c1ccc(F)cc1)C1CCN(CCn2c(=S)[nH]c3ccccc3c2=O)CC1,5.804100347590766,1570.0,0,0,0,0,0,0
O=C(NC/C=C/CN1CCN(c2cccc(Cl)c2Cl)CC1)c1cc2ccccc2[nH]1,6.714442690992226,193.0,1,1,0,1,1,0
O=C(NC/C=C/CN1CCN(c2cccc(Cl)c2Cl)CC1)c1cc2ccccc2o1,7.230622673923861,58.8,1,1,0,1,1,1
O=C(NC/C=C/CN1CCN(c2cccc(Cl)c2Cl)CC1)c1cc2ccccc2s1,6.411168274405792,388.0,1,1,0,1,1,1
O=C(NCCC(O)CN1CCN(c2cccc(Cl)c2Cl)CC1)c1cc2ccccc2[nH]1,6.991399828238082,102.0,1,1,0,1,1,1
COc1ccccc1N1CCN(CC(O)CCNC(=O)c2cc3ccccc3[nH]2)CC1,6.87942606879415,132.0,0,0,0,0,0,0
O=C(NCC(O)CCN1CCN(c2cccc(Cl)c2Cl)CC1)c1cc2ccccc2[nH]1,7.2343314452409855,58.3,0,0,0,0,1,0
Fc1ccc2[nH]cc([C@H]3CC[C@H](N4CCN(c5cccc6ccccc56)CC4)CC3)c2c1,7.370590400897281,42.6,0,0,0,0,0,0
CC(C)n1cc([C@H]2CC[C@@H](N3CCN(c4cccc5[nH]ccc45)CC3)CC2)c2cc(C#N)ccc21,6.158515390664607,694.2,0,0,0,0,0,0
CCCn1cc([C@H]2CC[C@@H](N3CCN(c4cccc5[nH]ccc45)CC3)CC2)c2cc(C#N)ccc21,6.086292086019517,819.8,0,0,0,0,0,0
O=C(N[C@H]1CCN(Cc2ccc(OC3CCNCC3)c(Br)c2)C1)c1ccc(Cl)c(Cl)c1,7.42021640338319,38.0,0,0,0,0,0,0
FC(F)(F)c1nc2c(N3CCN(CCOc4cccc5nc(C(F)(F)F)[nH]c45)CC3)cccc2[nH]1,7.721246399047171,19.0,0,0,0,0,0,0
FC(F)(F)c1nc2c(N3CCN(CCOc4cccc5[nH]c(=S)[nH]c45)CC3)cccc2[nH]1,8.55284196865778,2.8,0,0,0,0,0,0
Cc1ccc2c(OC(C)CN3CCC(Cc4ccc5c(c4)NC(=O)CO5)CC3)cccc2n1,6.399996913372259,398.11,1,1,0,0,1,0
Cc1ccc2c(OCC3CCN(CC(=O)c4ccc5c(c4)NC(=O)CO5)CC3)cccc2n1,6.299997602857746,501.19,0,0,0,0,0,0
Cc1ccc2c(OCCCN3CC(COc4ccc5c(c4)NC(=O)CO5)C3)cccc2n1,7.100015437450609,79.43,1,1,0,0,0,0
Cc1ccc2c(N3CCN(Cc4ccc5c(c4)NC(=O)CO5)CC3)cccc2n1,6.199998172182031,630.96,1,1,0,0,1,1
Cc1ccc2c(OCCN3CC(COc4ccc5c(c4)NC(=O)CO5)C3)cccc2n1,7.299988937677887,50.12,1,1,0,0,0,0
Cc1ccc2c(N3CCN(CCCc4ccc5c(c4)NC(=O)CO5)CC3)cccc2n1,8.599980364934842,2.512,1,1,1,1,1,1
Cc1ccc2c(N3CCN(CCCCc4ccc5c(c4)NC(=O)CO5)CC3)cccc2n1,9.199970640755865,0.631,1,1,0,0,1,1
Cc1ccc2c(OC3CCN(CCc4ccc5c(c4)NC(=O)CO5)CC3)cccc2n1,6.499996931948306,316.23,1,1,0,0,0,0
Cc1ccc2c(OCCCN3CC(Oc4ccc5c(c4)NC(=O)CO5)C3)cccc2n1,6.799998134593398,158.49,1,1,0,0,0,0
CCCN(CCCc1c[nH]c2ccc(F)cc12)[C@H]1COc2cccc(C(N)=O)c2C1,9.031517051446064,0.93,1,1,0,0,1,1
NC(=O)c1ccc(Cl)c2c1CC(N(CCCc1c[nH]c3ccc(F)cc13)C1CCC1)CO2,8.067779986122881,8.555,1,1,0,0,1,0
COC(=O)c1ccc(F)c2c1CC(N(CCCc1c[nH]c3ccc(F)cc13)C1CCC1)CO2,7.131943638176958,73.8,1,1,0,0,0,0
CCNC(=O)c1ccc(F)c2c1CC(N(CCCc1c[nH]c3ccc(F)cc13)C1CCC1)CO2,7.749579997691106,17.8,1,1,0,1,1,1
CCCNC(=O)c1ccc(F)c2c1CC(N(CCCc1c[nH]c3ccc(F)cc13)C1CCC1)CO2,6.707743928643524,196.0,1,1,0,1,1,1
CC(C)NC(=O)c1ccc(F)c2c1CC(N(CCCc1c[nH]c3ccc(F)cc13)C1CCC1)CO2,7.336299074610352,46.1,0,0,0,0,0,0
O=C(NC1CC1)c1ccc(F)c2c1CC(N(CCCc1c[nH]c3ccc(F)cc13)C1CCC1)CO2,7.716698771296451,19.2,1,1,1,1,1,1
O=C(NC1CCC1)c1ccc(F)c2c1CC(N(CCCc1c[nH]c3ccc(F)cc13)C1CCC1)CO2,6.670602120638957,213.5,1,1,1,1,1,1
O=C(NCC1CC1)c1ccc(F)c2c1CC(N(CCCc1c[nH]c3ccc(F)cc13)C1CCC1)CO2,6.794524963259109,160.5,0,0,0,0,1,0
CN(C)C(=O)c1ccc(F)c2c1CC(N(CCCc1c[nH]c3ccc(F)cc13)C1CCC1)CO2,6.429457060118103,372.0,1,1,0,0,1,1
COc1ccc2[nH]cc(CCCN(C3CCC3)C3COc4c(F)ccc(C(N)=O)c4C3)c2c1,8.924453038607469,1.19,0,0,0,0,1,1
NC(=O)c1ccc(F)c2c1CC(N(CCCc1c[nH]c3ccc(Cl)cc13)C1CCC1)CO2,8.400116927926312,3.98,1,1,0,0,1,1
NC(=O)c1ccc(F)c2c1CC(N(CCCc1c[nH]c3cc(F)ccc13)C1CCC1)CO2,8.29929628285498,5.02,1,1,0,0,0,0
COc1cccc2c(CCCN(C3CCC3)C3COc4c(F)ccc(C(N)=O)c4C3)c[nH]c12,8.492144128304169,3.22,0,0,0,0,1,1
NC(=O)c1ccc(F)c2c1CC(N(CCCc1c[nH]c3c(Cl)cccc13)C1CCC1)CO2,7.583359492661719,26.1,0,0,0,0,1,1
CCCN(CCCCn1ccc2c(F)cccc21)C1COc2c(F)ccc(C(N)=O)c2C1,7.853871964321762,14.0,0,0,0,0,0,0
CCCN(CCCCn1ccc2cc(F)ccc21)C1COc2c(F)ccc(C(N)=O)c2C1,8.184422251675732,6.54,0,0,0,0,0,0
CCCN(CCCCn1ccc2ccc(F)cc21)C1COc2c(F)ccc(C(N)=O)c2C1,7.97469413473523,10.6,0,0,0,0,0,0
CCCN(CCCCn1ccc2cccc(F)c21)C1COc2c(F)ccc(C(N)=O)c2C1,7.779891911959945,16.6,0,0,0,0,0,0
NC(=O)c1ccc(F)c2c1CC(N(CCCCn1ccc3c(F)cccc31)CC1CC1)CO2,8.01592296609717,9.64,0,0,0,0,0,0
NC(=O)c1ccc(F)c2c1CC(N(CCCCn1ccc3cc(F)ccc31)CC1CC1)CO2,8.26440110030182,5.44,0,0,0,0,0,0
NC(=O)c1ccc(F)c2c1CC(N(CCCCn1ccc3ccc(F)cc31)CC1CC1)CO2,8.488116639021126,3.25,1,1,0,0,0,0
NC(=O)c1ccc(F)c2c1CC(N(CCCCn1ccc3cccc(F)c31)CC1CC1)CO2,7.71556926615548,19.25,0,0,0,0,0,0
NC(=O)c1ccc(F)c2c1CC(N(CCCCn1ccc3c(F)cccc31)C1CCC1)CO2,7.760700520873107,17.35,0,0,0,0,1,1
NC(=O)c1ccc(F)c2c1CC(N(CCCCn1ccc3cc(F)ccc31)C1CCC1)CO2,7.96738123914928,10.78,0,0,0,0,0,0
NC(=O)c1ccc(F)c2c1CC(N(CCCCn1ccc3ccc(F)cc31)C1CCC1)CO2,7.891773343625071,12.83,0,0,0,0,1,1
NC(=O)c1ccc(F)c2c1CC(N(CCCCn1ccc3cccc(F)c31)C1CCC1)CO2,7.39848321634999,39.95,1,1,0,0,1,1
NC(=O)c1ccc(F)c2c1C[C@@H](NCC1CCc3[nH]c4ccc(F)cc4c3C1)CO2,7.459357745590347,34.724999999999994,0,0,0,0,0,0
NCCC(=O)Nc1cccc2c1cnn2S(=O)(=O)c1cccc2ccccc12,5.1938200260161125,6400.0,0,0,0,0,0,0
O=C(Nc1ccc2cnn(S(=O)(=O)c3cccc4ccccc34)c2c1)C1CCNCC1,5.070581074285707,8500.0,0,0,0,0,0,0
O=C(Nc1ccc2cnn(S(=O)(=O)c3cccc4ccccc34)c2c1)C1CCCNC1,5.251811972993799,5600.0,0,0,0,0,0,0
CN1[C@H]2Cc3cc4c(cc3[C@@H]1Cc1cc3c(cc12)OCO3)OCO4,5.221848749616356,6000.0,0,0,0,0,0,0
O=C(CCCN1C2CCC1CN(c1ccc(Cl)cc1)CC2)c1ccc(F)cc1,5.632271453913024,2332.0,0,0,0,0,0,0
O=C(CCCN1CCCN(c2ccc(Cl)cc2)CC1)c1ccc(F)cc1,6.930331903088404,117.4,0,0,0,0,0,0
O=C(CCCN1CCN(c2ncccn2)CC1)c1ccc(F)cc1,7.515700160653214,30.5,0,0,0,0,1,1
O=C(CCCN1C2CCC1CC(c1ccccc1)C2)c1ccc(F)cc1,6.382580253262823,414.4,1,1,0,0,0,0
O=C(CCCN1C2CCC1CC(O)(c1ccccc1)C2)c1ccc(F)cc1,7.424812155072339,37.6,1,1,0,0,0,0
O=C(CCCN1CCN(c2ccc(Cl)cc2)CC1)c1ccc(F)cc1,7.041436116778033,90.9,0,0,0,0,1,1
c1ccc2c(CCN3CCCC(c4ccnc(NC5CC5)n4)C3)c[nH]c2c1,7.123205023799299,75.3,0,0,0,0,1,1
c1ccc2c(CCN3CCCC(c4ccnc(NCC5CC5)n4)C3)c[nH]c2c1,7.671620396561262,21.3,0,0,0,0,0,0
CC(Nc1nccc(C2CCCN(CCc3c[nH]c4ccccc34)C2)n1)C1CC1,8.130768280269024,7.4,0,0,0,0,1,1
CC1(Nc2nccc(C3CCCN(CCc4c[nH]c5ccccc45)C3)n2)CC1,7.494850021680094,32.0,0,0,0,0,0,0
CC(C)(C)Nc1nccc(C2CCCN(CCc3c[nH]c4ccccc34)C2)n1,8.2839966563652,5.2,0,0,0,0,1,1
CCCNc1nccc(C2CCCN(CCc3c[nH]c4ccccc34)C2)n1,7.861697301833718,13.75,1,1,0,1,1,1
Fc1ccc2[nH]cc(CCN3CCCC(c4ccnc(NC5CC5)n4)C3)c2c1,7.627087997029894,23.6,0,0,0,0,1,1
Clc1ccc2[nH]cc(CCN3CCCC(c4ccnc(NC5CC5)n4)C3)c2c1,7.982966660701219,10.4,0,0,0,0,1,1
Cc1[nH]c2ccc(Cl)cc2c1CCN1CCCC(c2ccnc(NC3CC3)n2)C1,7.575118363368933,26.6,0,0,0,0,1,1
Fc1cccc2c(CCN3CCCC(c4ccnc(NC5CC5)n4)C3)c[nH]c12,7.454692883534176,35.1,0,0,0,0,1,1
Fc1ccc2c(CCN3CCCC(c4ccnc(NC5CC5)n4)C3)c[nH]c2c1,7.1904402853647325,64.5,0,0,0,0,1,1
c1ccc2c(c1)OC[C@H](CCN1CCCC(c3ccnc(NC4CC4)n3)C1)O2,7.422508200162775,37.8,0,0,0,0,1,1
c1ccc2c(CCN3CCCC(c4ccnc(NC5CC5)n4)C3)csc2c1,7.414539270491499,38.5,0,0,0,0,1,1
c1ccc2c(c1)CC(CCN1CCCC(c3ccnc(NC4CC4)n3)C1)C2,7.371611069949688,42.5,1,1,0,1,1,1
CC(Cc1c[nH]c2ccccc12)N1CCCC(c2ccnc(NC3CC3)n2)C1,7.39577394691553,40.2,0,0,0,0,1,1
O=C(CN1CCCC(c2ccnc(NC3CC3)n2)C1)c1c[nH]c2ccccc12,5.465973893943865,3420.0,0,0,0,0,1,1
c1cc(C2CCCN(CCc3cscn3)C2)nc(NC2CC2)n1,6.107905397309519,780.0,1,1,0,1,1,1
c1cc(C2CCCN(CCc3cn[nH]c3)C2)nc(NC2CC2)n1,5.351639989019068,4450.0,1,1,0,1,1,1
OCCCNc1nccc(C2CCCN(CCc3c[nH]c4ccccc34)C2)n1,6.756961951313706,175.0,1,1,0,1,1,1
COCCCNc1nccc(C2CCCN(CCc3c[nH]c4ccccc34)C2)n1,7.106238237942057,78.3,0,0,0,0,1,1
COCCNc1nccc(C2CCCN(CCc3c[nH]c4ccccc34)C2)n1,7.178486471595227,66.3,0,0,0,0,1,1
Cc1ccc2c(OCCN3CCC(Cc4cccc(N5C[C@H](C)N[C@H](C)C5)c4)CC3)cccc2n1,8.700057099977233,1.995,0,0,0,0,1,1
Cc1ccc2c(OCCN3CCC(Cc4cccc(N5C[C@@H](C)NC[C@@H]5C)c4)CC3)cccc2n1,8.299988937677888,5.012,0,0,0,0,1,1
Cc1ccc2c(OCCN3CCC(Cc4cccc(N5CCN(C)CC5)c4)CC3)cccc2n1,9.0,1.0,1,1,0,1,1,1
Cc1ccc2c(OCCN3CCC(Cc4cccc(N5CCN(C)C(=O)C5)c4)CC3)cccc2n1,8.100015437450608,7.943,0,0,0,0,1,0
Cc1ccc2c(OCCN3CCC(Cc4cccc(N5CCN(C)CC5=O)c4)CC3)cccc2n1,7.700057099977233,19.95,1,1,0,0,1,1
Cc1ccc2c(OCCN3CCC(Cc4cccc(N5CCCCC5)c4)CC3)cccc2n1,8.400007822415901,3.981,1,1,0,1,1,1
Cc1ccc2c(OCCN3CCC(Cc4cccc(N5CCOCC5)c4)CC3)cccc2n1,8.299988937677888,5.012,1,1,0,1,1,1
Cc1ccc2c(OCCN3CCC(Cc4cccc(N5C[C@H](C)O[C@H](C)C5)c4)CC3)cccc2n1,8.599980364934842,2.512,0,0,0,0,1,1
Cc1ccc2c(OCCN3CCC(Cc4cccc(N5CCCN(C)CC5)c4)CC3)cccc2n1,8.599980364934842,2.512,1,1,0,1,1,1
Cc1ccc2c(OCCN3CCC(Cc4cccc(N5CCCC5)c4)CC3)cccc2n1,8.0,10.0,1,1,0,1,1,1
Cc1ccc2c(OCCN3CCC(Cc4cccc(C5CCN(C)CC5)c4)CC3)cccc2n1,8.500038134403809,3.162,1,1,0,1,1,1
Cc1ccc2c(OCCN3CCC(Cc4cccc(C5CCNCC5)c4)CC3)cccc2n1,8.199970640755867,6.31,1,1,0,1,1,1
CC(=O)N1CCC(c2cccc(CC3CCN(CCOc4cccc5nc(C)ccc45)CC3)c2)CC1,7.899974269892137,12.59,0,0,0,0,1,1
Cc1ccc2c(OCCN3CCC(Cc4cccc(C5CCN(S(C)(=O)=O)CC5)c4)CC3)cccc2n1,8.100015437450608,7.943,0,0,0,0,1,0
Cc1ccc2c(OCCN3CCC(Cc4cccc(-c5ccncc5)c4)CC3)cccc2n1,8.100015437450608,7.943,1,1,0,1,1,1
Cc1ccc2c(OCCN3CCC(Cc4cccc(-c5cccnc5)c4)CC3)cccc2n1,8.299988937677888,5.012,1,1,0,1,1,1
Cc1ccc2c(OCCN3CCC(Cc4cccc(-c5ccccc5)c4)CC3)cccc2n1,7.199970640755866,63.1,1,1,0,1,1,1
Cc1ccc2c(OCCN3CCC(Cc4cccc(-c5ccoc5)c4)CC3)cccc2n1,7.50003813440381,31.62,1,1,0,1,1,1
Cc1ccc2c3c(ccc2n1)OC[C@H](CN1CCCN(c2ccc4cc(F)ccc4n2)CC1)O3,8.823908740944319,1.5,1,1,1,1,0,0
Cc1ccc2c3c(ccc2n1)OC[C@H](CN1CCCN(c2ccc4cc(C#N)ccc4n2)CC1)O3,8.698970004336019,2.0,1,1,0,0,0,0
Cc1ccc2c3c(ccc2n1)OC[C@H](CN1CCCN(c2ccc4ccccc4n2)CC1)O3,8.167491087293763,6.8,1,1,0,0,0,0
Cc1ccc2c3c(ccc2n1)OC[C@H](CN1CCN(c2ccc4cc(C#N)ccc4n2)C[C@H]1C)O3,8.55284196865778,2.8,0,0,0,0,0,0
Cc1ccc2c3c(ccc2n1)OC[C@H](CN1CCN(c2ccc4ccccc4n2)CC1)O3,7.325138859262188,47.3,1,1,0,1,1,1
Cc1ccc2c3c(ccc2n1)OC[C@H](CN1CCN(c2ccc4cc(OC(F)(F)F)ccc4n2)CC1)O3,6.764471553092451,172.0,1,1,0,0,1,1
Cc1ccc2c3c(ccc2n1)OC[C@H](CN1CCN(c2ccc4cc(C(N)=O)ccc4n2)CC1)O3,8.142667503568731,7.2,1,1,0,0,1,1
Cc1ccc2c3c(ccc2n1)OC[C@H](CN1CCN(c2ccc4cc(C#N)ccc4n2)CC1)O3,8.431798275933005,3.7,1,1,0,0,1,1
Cc1ccc2c3c(ccc2n1)OC[C@H](CN1CCN(c2ccc4cc(Br)ccc4n2)CC1)O3,7.764471553092451,17.2,1,1,0,1,1,1
Cc1ccc2c3c(ccc2n1)OC[C@H](CN1CCN(c2ccc4cc(Cl)ccc4n2)CC1)O3,6.669383332705562,214.1,1,1,0,1,1,1
Cc1ccc2c3c(ccc2n1)OC[C@H](CN1CCN(c2ccc4cc(F)ccc4n2)CC1)O3,7.482804102050026,32.9,1,1,1,1,0,0
Cc1ccc2c3c(ccc2n1)OC[C@H](CN1CCN(c2ccc4cc([N+](=O)[O-])ccc4n2)CC1)O3,7.698970004336019,20.0,0,0,0,0,1,1
Cc1ccc2c3c(ccc2n1)OC[C@H](CN1CC=C(c2c[nH]c4ccccc24)CC1)O3,8.51999305704285,3.02,0,0,0,0,1,0
Cc1ccccc1C1CN(CCCc2cn(CCCN3CCN(c4ncccn4)CC3)nn2)CCc2cc(O)c(O)cc21,6.097453220686009,799.0,0,0,0,0,0,0
COc1ccccc1N1CCN(CCCn2cc(CCCN3CCc4cc(O)c(O)cc4C(c4ccccc4C)C3)nn2)CC1,7.070581074285707,85.0,0,0,0,0,0,0
Cc1ccccc1C1CN(CCCc2cn(CCCN3CCN(c4ccccc4O)CC3)nn2)CCc2cc(O)c(O)cc21,7.008773924307505,98.0,0,0,0,0,0,0
Cc1cccc(C2CN(CCCc3cn(CCCN4CCN(c5ncccn5)CC4)nn3)CCc3cc(O)c(O)cc32)c1,6.188424994129407,648.0,0,0,0,0,0,0
COc1ccccc1N1CCN(CCCn2cc(CCCN3CCc4cc(O)c(O)cc4C(c4cccc(C)c4)C3)nn2)CC1,6.876148359032914,133.0,0,0,0,0,0,0
Cc1cccc(C2CN(CCCc3cn(CCCN4CCN(c5nsc6ccccc56)CC4)nn3)CCc3cc(O)c(O)cc32)c1,6.628932137728263,235.0,0,0,0,0,0,0
COc1ccccc1N1CCN(CCCn2cc(CN3CCc4cc(O)c(O)cc4C(c4cccc(C)c4)C3)nn2)CC1,6.34008379993015,457.0,0,0,0,0,0,0
COc1ccccc1N1CCN(CCCn2cc(CCCCN3CCc4cc(O)c(O)cc4C(c4cccc(C)c4)C3)nn2)CC1,6.876148359032914,133.0,0,0,0,0,0,0
COc1ccccc1N1CCN(CCCc2cn(CCCN3CCc4cc(O)c(O)cc4C(c4ccccc4C)C3)nn2)CC1,6.978810700930062,105.0,0,0,0,0,0,0
CCN(CC)CCCc1cn(CCCN2CCN(c3ccccc3OC)CC2)nn1,6.419075024324381,381.0,0,0,0,0,1,1
COc1ccccc1N1CCN(CCN2C(=O)c3cccc4c(N)ccc(c34)C2=O)CC1,7.356547323513812,44.0,1,1,0,0,1,0
COc1ccccc1N1CCN(CCCN2C(=O)c3cccc4c(N)ccc(c34)C2=O)CC1,6.935542010773082,116.0,1,1,1,1,1,0
COc1ccccc1N1CCN(CCCCN2C(=O)c3cccc4c(N)ccc(c34)C2=O)CC1,8.167491087293763,6.8,1,1,1,1,1,0
COc1ccccc1N1CCN(CCCCCN2C(=O)c3cccc4c(N)ccc(c34)C2=O)CC1,9.173925197299171,0.67,1,1,1,1,1,0
COc1ccccc1N1CCN(CCN2C(=O)c3ccc(N(C)C)cc3C2=O)CC1,7.823908740944319,15.0,1,1,0,0,1,0
COc1ccccc1N1CCN(CCCN2C(=O)c3ccc(N(C)C)cc3C2=O)CC1,9.327902142064282,0.47,1,1,1,1,1,0
COc1ccccc1N1CCN(CCCCN2C(=O)c3ccc(N(C)C)cc3C2=O)CC1,9.30102999566398,0.5,1,1,1,1,1,0
COc1ccccc1N1CCN(CCCCCN2C(=O)c3ccc(N(C)C)cc3C2=O)CC1,8.10790539730952,7.8,1,1,1,1,1,0
COc1ccccc1N1CCN(CCNS(=O)(=O)c2cccc3c(N(C)C)cccc23)CC1,7.136677139879544,73.0,0,0,0,0,0,0
COc1ccccc1N1CCN(CCCNS(=O)(=O)c2cccc3c(N(C)C)cccc23)CC1,7.5376020021010435,29.0,0,0,0,0,0,0
COc1ccccc1N1CCN(CCCCNS(=O)(=O)c2cccc3c(N(C)C)cccc23)CC1,6.82102305270683,151.0,0,0,0,0,1,1
COc1ccccc1N1CCN(CCCCCNS(=O)(=O)c2cccc3c(N(C)C)cccc23)CC1,7.267606240177032,54.0,0,0,0,0,1,0
O=c1c2ccccc2ncn1CCCN1CCN(c2cccc(Cl)c2)CC1,6.630005338391572,234.42,1,1,1,1,1,1
O=c1ccc(=O)n(-c2ccccc2)n1CCCCN1CCN(c2cccc(Cl)c2)CC1,7.299988937677887,50.12,0,0,0,0,1,0
COc1ccccc1N1CCN(CCCn2c(=O)ccc(=O)n2-c2ccccc2)CC1,7.270025714300444,53.7,0,0,0,0,1,0
COc1ccccc1N1CCN(CCCCn2c(=O)ccc(=O)n2-c2ccccc2)CC1,7.96018944585165,10.96,0,0,0,0,1,0
COc1ccccc1N1CCN(CCCn2cnc3ccccc3c2=O)CC1,7.0,100.0,1,1,0,0,1,1
COc1ccccc1N1CCN(CCCCn2cnc3ccccc3c2=O)CC1,7.439973751087107,36.31,1,1,0,1,1,1
O=c1c2ccccc2c(=O)n(-c2ccccc2)n1CCCN1CCN(c2cccc(Cl)c2)CC1,6.3799993576999325,416.87,0,0,0,0,1,1
O=c1c2ccccc2c(=O)n(-c2ccccc2)n1CCCCN1CCN(c2cccc(Cl)c2)CC1,6.399996913372259,398.11,0,0,0,0,1,0
COc1ccccc1N1CCN(CCCn2c(=O)c3ccccc3c(=O)n2-c2ccccc2)CC1,7.519993057042849,30.2,0,0,0,0,1,1
COc1ccccc1N1CCN(CCCCn2c(=O)c3ccccc3c(=O)n2-c2ccccc2)CC1,7.36997914888659,42.66,0,0,0,0,1,0
O=c1ccc(=O)n(-c2ccccc2)n1CCCN1CCN(c2cccc(Cl)c2)CC1,6.69000807121882,204.17,0,0,0,0,1,0
O=C1/C(=C/c2ccccc2N2CCNCC2)SCCN1c1ccc(F)cc1F,8.397940008672037,4.0,0,0,0,0,0,0
Clc1cccc(Oc2ccccc2C2CCNCC2)c1,8.301029995663981,5.0,0,0,0,0,1,1
Fc1ccc(Oc2ccccc2N2CCNCC2)cc1,8.096910013008056,8.0,1,1,0,1,1,1
O=C1C(Cc2ccccc2N2CCNCC2)SCCN1c1ccc(Cl)c(Cl)c1,8.045757490560675,9.0,0,0,0,0,0,0
Fc1cccc(Oc2ccccc2N2CCNCC2)c1,8.045757490560675,9.0,1,1,0,0,1,1
Fc1cccc(Oc2ccccc2C2CCNCC2)c1,7.958607314841775,11.0,1,1,0,0,1,1
Fc1cccc(C2CCNCC2)c1Oc1ccccc1,7.698970004336019,20.0,1,1,0,0,1,1
Fc1cccc(Oc2cccc(F)c2C2CCNCC2)c1,7.67778070526608,21.0,0,0,0,0,1,1
c1ccc(COc2ccccc2N2CCNCC2)cc1,7.552841968657781,28.0,0,0,0,0,1,1
Fc1ccccc1COc1ccccc1N1CCNCC1,7.508638306165727,31.0,0,0,0,0,1,1
Fc1ccccc1COc1ccccc1C1CCNCC1,7.327902142064283,47.0,1,1,0,0,0,0
Cc1ccc(F)c(Oc2ccccc2C2CCNCC2)c1,7.244125144327507,57.0,0,0,0,0,1,1
c1ccc(Oc2ccccc2C2CCNCC2)cc1,7.200659450546418,63.0,0,0,0,0,1,1
Fc1ccc(COc2ccccc2C2CCNCC2)cc1,7.113509274827518,77.0,1,1,0,0,1,1
Fc1cccc(OCc2ccccc2N2CCNCC2)c1F,6.995678626217358,101.0,1,1,0,0,1,1
Fc1cccc(OCc2ccccc2N2CCNCC2)c1,6.935542010773082,116.0,1,1,0,0,1,1
Fc1ccc(Oc2ccccc2C2CCNCC2)cc1,6.931814138253839,117.0,1,1,0,1,1,1
c1ccc(COc2ccccc2C2CCNCC2)cc1,6.91721462968355,121.0,0,0,0,0,1,1
Fc1cccc(Oc2ccccc2)c1C1CCNCC1,6.892790030352131,128.0,0,0,0,0,1,1
c1ccc(Oc2ccccc2N2CCNCC2)cc1,6.892790030352131,128.0,1,1,0,0,1,1
Fc1ccc(Oc2cccc(F)c2C2CCNCC2)cc1,6.806875401645538,156.0,1,1,0,0,1,1
c1ccc(OCc2ccccc2N2CCNCC2)cc1,6.723538195826756,189.0,1,1,0,0,1,1
Fc1cccc(OCc2ccccc2)c1C1CCNCC1,6.438898616350944,364.0,0,0,0,0,1,1
c1ccc(N2CCNCC2)c(COc2ccccc2C2CC2)c1,6.33161408331,466.0,0,0,0,0,1,1
Fc1cccc(C2CCNCC2)c1OCc1ccccc1,6.217527375833714,606.0,1,1,0,0,1,1
Fc1ccc(OCc2ccc(Cl)c(Cl)c2)c(C2CCNCC2)c1,5.935542010773082,1160.0,0,0,0,0,0,0
Fc1ccc(COc2ccc(F)cc2C2CCNCC2)cc1,5.655607726314889,2210.0,1,1,0,0,0,0
O=C1NCCc2cc(F)c3c(c21)CC(NCCCc1c[nH]c2ccc(F)cc12)CO3,8.221848749616356,6.0,0,0,0,0,0,0
CCN(CCCc1c[nH]c2ccc(F)cc12)C1COc2c(F)cc3c(c2C1)C(=O)NCC3,8.397940008672037,4.0,0,0,0,0,1,1
O=C1NCCc2cc(F)c3c(c21)CC(N(CCCc1c[nH]c2ccc(F)cc12)CC1CC1)CO3,7.301029995663981,50.0,0,0,0,0,1,1
O=C1NCCc2ccc3c(c21)CC(NCCCc1c[nH]c2ccc(F)cc12)CO3,7.356547323513812,44.0,0,0,0,0,0,0
CN(CCCc1c[nH]c2ccc(F)cc12)C1COc2ccc3c(c2C1)C(=O)NCC3,7.638272163982407,23.0,1,1,0,0,1,1
CCN(CCCc1c[nH]c2ccc(F)cc12)C1COc2ccc3c(c2C1)C(=O)NCC3,8.221848749616356,6.0,1,1,0,0,1,1
CCCN(CCCc1c[nH]c2ccc(F)cc12)C1COc2ccc3c(c2C1)C(=O)NCC3,7.886056647693163,13.0,1,1,0,0,1,1
CC(C)N(CCCc1c[nH]c2ccc(F)cc12)C1COc2ccc3c(c2C1)C(=O)NCC3,6.889410289700751,129.0,1,1,0,0,1,1
O=C1NCCc2ccc3c(c21)CC(N(CCCc1c[nH]c2ccc(F)cc12)CC1CC1)CO3,7.721246399047171,19.0,0,0,0,0,1,1
CC(C)CN(CCCc1c[nH]c2ccc(F)cc12)C1COc2ccc3c(c2C1)C(=O)NCC3,6.032920265855503,927.0,1,1,0,0,1,1
O=C1NCCc2ccc3c(c21)CC(N(CCCc1c[nH]c2ccc(F)cc12)C1CCC1)CO3,7.022276394711152,95.0,1,1,0,0,1,1
O=C1NCCc2ccc3c(c21)CC(N(CCCc1c[nH]c2ccc(F)cc12)CCC(F)(F)F)CO3,6.015022873584506,966.0,0,0,0,0,1,1
O=C1NCCc2ccc3c(c21)CC(N(CCCc1c[nH]c2ccc(F)cc12)C(=O)c1ccccc1)CO3,5.913640169325252,1220.0,1,1,0,1,1,0
O=C1NCc2ccc3c(c21)CC(NCCCc1c[nH]c2ccc(F)cc12)CO3,7.619788758288394,24.0,0,0,0,0,1,0
CN(CCCc1c[nH]c2ccc(F)cc12)C1COc2ccc3c(c2C1)C(=O)NC3,7.657577319177793,22.0,1,1,0,0,1,1
CCN(CCCc1c[nH]c2ccc(F)cc12)C1COc2ccc3c(c2C1)C(=O)NC3,8.698970004336019,2.0,1,1,0,0,1,1
O=C1NCc2ccc3c(c21)CC(N(CCCc1c[nH]c2ccc(F)cc12)CC1CC1)CO3,8.246672333341388,5.666666666666667,1,1,0,0,1,1
O=C1NCc2ccc3c(c21)CC(N(CCCc1c[nH]c2ccc(F)cc12)C1CCC1)CO3,6.995678626217358,101.0,1,1,0,0,1,1
O=C1NCc2ccc3c(c21)CC(N(CCCc1c[nH]c2ccc(F)cc12)C(=O)c1ccccc1)CO3,7.070581074285707,85.0,1,1,0,1,1,0
N#Cc1ccc2[nH]cc(CCCNC3COc4ccc5c(c4C3)C(=O)NC5)c2c1,7.443697499232712,36.0,0,0,0,0,0,0
O=C1NCc2ccc3c(c21)CC(NCCCCc1c[nH]c2ccc(F)cc12)CO3,7.657577319177793,22.0,0,0,0,0,0,0
O=C1NCc2ccc3c(c21)CC(N(CCCCc1c[nH]c2ccc(F)cc12)CC1CC1)CO3,7.721246399047171,19.0,0,0,0,0,0,0
C=CCc1ccc2c(c1O)-c1cc(OC)cc3c1[C@@H](C2)N(C)CC3,6.841637507904751,144.0,0,0,0,0,0,0
C=CCOc1cccc2c1-c1cc(OC)cc3c1[C@@H](C2)N(C)CC3,7.180456064458132,66.0,0,0,0,0,0,0
Cc1cc2ccc3c(c2o1)-c1cccc2c1[C@@H](C3)N(C)CC2,7.5376020021010435,29.0,0,0,0,0,1,1
C#CCOc1cccc2c1-c1cccc3c1[C@@H](C2)N(C)CC3,7.853871964321762,14.0,1,1,0,0,1,1
C=CCc1ccc2c(c1O)-c1cccc3c1[C@@H](C2)N(C)CC3,6.8696662315049934,135.0,0,0,0,0,0,0
C=CCOc1cccc2c1-c1cccc3c1[C@@H](C2)N(C)CC3,7.920818753952375,12.0,1,1,0,0,1,1
CCCN1CCc2cccc3c2[C@H]1Cc1ccc2c(C)c(C)oc2c1-3,6.292429823902063,510.0,0,0,0,0,0,0
CCCN1CCc2cccc3c2[C@H]1Cc1ccc2cc(C)oc2c1-3,6.494850021680094,320.0,0,0,0,0,1,1
CC#CCOc1cccc2c1-c1cccc3c1[C@@H](C2)N(CCC)CC3,6.903089986991944,125.0,1,1,0,1,1,1
C#CCOc1cccc2c1-c1cccc3c1[C@@H](C2)N(CCC)CC3,7.259637310505756,55.0,0,0,0,0,0,0
CCCN1CCc2cccc3c2[C@H]1Cc1ccc2c(c1-3)OC(C)(C)C2,6.200659450546418,630.0,0,0,0,0,0,0
C=CCc1ccc2c(c1O)-c1cccc3c1[C@@H](C2)N(CCC)CC3,6.100726812682396,793.0,0,0,0,0,0,0
CCCN1CCc2cccc3c2[C@H]1Cc1cccc(OCC=C(C)C)c1-3,6.826813731587726,149.0,0,0,0,0,1,1
C=C(C)COc1cccc2c1-c1cccc3c1[C@@H](C2)N(CCC)CC3,6.428291168191312,373.0,1,1,0,0,1,1
C=CCOc1cccc2c1-c1cccc3c1[C@@H](C2)N(CCC)CC3,6.554395796726403,279.0,1,1,0,1,1,1
COc1cc2c3c(c1)-c1c(O)cccc1C[C@H]3N(C)CC2,6.58838029403677,258.0,0,0,0,0,0,0
CN1CCc2cccc3c2[C@H]1Cc1cccc(O)c1-3,7.309803919971486,49.0,0,0,0,0,1,1
C/C=C/COc1cccc2c1-c1cccc3c1[C@@H](C2)N(CCC)CC3,7.958607314841775,11.0,1,1,0,1,1,1
CC1Cc2ccc3c(c2O1)-c1cc(O)cc2c1[C@@H](C3)N(C)CC2,7.920818753952375,12.0,0,0,0,0,0,0
C=CC(C)c1ccc(O)c2c1C[C@@H]1c3c(cccc3-2)CCN1CCC,6.20342566678957,626.0,0,0,0,0,0,0
CCCN1CCc2cccc3c2[C@H]1Cc1ccc2c(c1-3)OC(C)C2C,7.045757490560675,90.0,0,0,0,0,0,0
CCCN1CCc2cccc3c2[C@H]1Cc1ccc2c(c1-3)OC(C)C2,6.468521082957745,340.0,0,0,0,0,0,0
Fc1ccc2[nH]cc(C3=CCN(CCc4coc5ccccc45)CC3)c2c1,6.605548319173784,248.0,1,1,0,1,1,1
Fc1ccc2c(C3=CCN(CCc4coc5ccccc45)CC3)c[nH]c2c1,7.249491605148654,56.3,0,0,0,0,0,0
C1=C(c2c[nH]c3ccccc23)CCN(CCc2coc3ccccc23)C1,7.442492798094342,36.1,0,0,0,0,1,1
Fc1ccc2occ(CCN3CC=C(c4c[nH]c5ccccc45)CC3)c2c1,6.721246399047171,190.0,1,1,0,1,1,1
N#Cc1ccc2[nH]cc(C3=CCN(CCc4coc5ccc(F)cc45)CC3)c2c1,7.3819519032879075,41.5,0,0,0,0,0,0
Fc1ccc2[nH]cc(C3=CCN(CCc4coc5ccc(F)cc45)CC3)c2c1,6.522878745280337,300.0,0,0,0,0,1,1
COc1ccc2c(CCN3CC=C(c4c[nH]c5ccccc45)CC3)coc2c1,7.249491605148654,56.3,0,0,0,0,1,1
COc1ccc2c(CCN3CC=C(c4c[nH]c5ccc(F)cc45)CC3)coc2c1,7.178486471595227,66.3,0,0,0,0,1,1
COc1ccc2c(CCN3CC=C(c4c[nH]c5cc(F)ccc45)CC3)coc2c1,6.518557371497695,303.0,1,1,0,0,1,1
COc1ccc2c(CCN3CC=C(c4c[nH]c5ccc(C#N)cc45)CC3)coc2c1,7.896196279044043,12.7,1,1,0,0,1,1
COc1cccc2c(CCN3CC=C(c4c[nH]c5ccccc45)CC3)coc12,8.072629636960976,8.46,0,0,0,0,1,1
COc1cccc2c(CCN3CC=C(c4c[nH]c5cc(F)ccc45)CC3)coc12,7.958607314841775,11.0,1,1,0,1,1,1
COc1cccc2c(CCN3CC=C(c4c[nH]c5ccc(F)cc45)CC3)coc12,7.995678626217358,10.1,0,0,0,0,1,1
COc1cccc2c(CCN3CC=C(c4c[nH]c5ccc(C#N)cc45)CC3)coc12,8.289036881004725,5.14,0,0,0,0,0,0
COc1cccc2c(C(C)CN3CC=C(c4c[nH]c5ccccc45)CC3)coc12,7.534617148551582,29.2,0,0,0,0,1,1
Fc1ccccc1Oc1cccc(F)c1C1CCNCC1,8.337242168318426,4.6,1,1,0,0,1,1
c1ccc(Oc2ncccc2C2CCNCC2)cc1,6.995678626217358,101.0,0,0,0,0,1,1
Fc1ccccc1Oc1ncccc1C1CCNCC1,7.886056647693163,13.0,1,1,0,0,1,1
Clc1ccccc1Oc1ncccc1C1CCNCC1,7.795880017344075,16.0,0,0,0,0,1,1
COc1ccccc1Oc1ncccc1C1CCNCC1,7.036212172654444,92.0,1,1,0,0,1,1
Cc1ccccc1Oc1ncccc1C1CCNCC1,7.221848749616356,60.0,1,1,0,1,1,1
FC(F)(F)c1ccccc1Oc1ncccc1C1CCNCC1,7.1487416512809245,71.0,0,0,0,0,1,1
Clc1cccc(Oc2ncccc2C2CCNCC2)c1Cl,7.431798275933005,37.0,0,0,0,0,0,0
Fc1cccc(Oc2ncccc2C2CCNCC2)c1F,6.761953896871205,173.0,1,1,0,0,1,1
Cc1ccc(Oc2ncccc2C2CCNCC2)c(F)c1,8.259637310505756,5.5,0,0,0,0,1,1
Clc1ccc(Oc2ncccc2C2CCNCC2)c(Cl)c1,7.431798275933005,37.0,0,0,0,0,0,0
Fc1ccc(Oc2ncccc2C2CCNCC2)c(F)c1,7.5376020021010435,29.0,0,0,0,0,0,0
Fc1ccc(Cl)c(Oc2ncccc2C2CCNCC2)c1,7.769551078621726,17.0,0,0,0,0,1,1
COc1cccc(F)c1Oc1ncccc1C1CCNCC1,7.619788758288394,24.0,0,0,0,0,0,0
Fc1cccc(Cl)c1Oc1ncccc1C1CCNCC1,7.958607314841775,11.0,1,1,0,0,1,1
Fc1cccc(F)c1Oc1ncccc1C1CCNCC1,8.142667503568731,7.2,0,0,0,0,1,1
Cc1cccc(F)c1Oc1ncccc1C1CCNCC1,8.0,10.0,0,0,0,0,1,1
Clc1ccccc1Oc1ncccc1N1CCNCC1,8.346787486224656,4.5,1,1,0,1,0,0
Fc1cccc(Cl)c1Oc1ncccc1N1CCNCC1,8.431798275933005,3.7,1,1,0,0,1,1
N[C@@H]1CCN(c2ccc3[nH]nc(S(=O)(=O)c4cccc5ccccc45)c3c2)C1,5.325138859262188,4730.0,0,0,0,0,0,0
c1ccc(OCCNCC2COC(c3ccccc3)(c3ccccc3)O2)cc1,8.45001638884031,3.548,1,1,0,0,1,1
COc1ccccc1OCCNCC1COC(c2ccccc2)(c2ccccc2)O1,9.219970872662662,0.6026,1,1,0,1,1,1
Cc1ccccc1OCCNCC1COC(c2ccccc2)(c2ccccc2)O1,8.079981083971084,8.318,1,1,0,0,1,1
COc1ccccc1CCCNCC1COC(c2ccccc2)(c2ccccc2)O1,8.100015437450608,7.943,1,1,0,1,1,1
COc1cccc(OCCNCC2COC(c3ccccc3)(c3ccccc3)O2)c1,8.580044251510243,2.63,1,1,0,0,1,1
COc1cccc(OC)c1OCCNCC1COC(c2ccccc2)(c2ccccc2)O1,7.270025714300444,53.7,1,1,0,0,1,1
COc1cccc(OCCNCC2COC(c3ccccc3)(c3ccccc3)O2)c1OC,8.119987161633228,7.586,1,1,0,0,1,1
COc1ccc(OCCNCC2COC(c3ccccc3)(c3ccccc3)O2)cc1OC,7.010016541698601,97.72,1,1,0,0,1,1
CCOc1ccccc1OCCNCC1COC(c2ccccc2)(c2ccccc2)O1,9.049976093476673,0.8913,0,0,0,0,1,1
CC(C)Oc1ccccc1OCCNCC1COC(c2ccccc2)(c2ccccc2)O1,8.770062314092065,1.698,0,0,0,0,1,1
c1ccc(-c2ccccc2OCCNCC2COC(c3ccccc3)(c3ccccc3)O2)cc1,8.659952682338607,2.188,0,0,0,0,1,1
c1ccc(-c2cccc(OCCNCC3COC(c4ccccc4)(c4ccccc4)O3)c2)cc1,7.540004743952609,28.84,0,0,0,0,1,1
COc1ccccc1OCCNCC1CSC(c2ccccc2)(c2ccccc2)O1,8.99012436628784,1.023,0,0,0,0,0,0
COc1ccccc1OCCNCC1CSC(c2ccccc2)(c2ccccc2)S1,9.890084136976206,0.1288,1,1,0,1,0,0
COc1ccc(-c2c(C#N)c(C(=O)NN3CCCCC3)nn2-c2ccccc2[125I])cc1,7.029188389127482,93.5,0,0,0,0,0,0
OC(CNCC1COc2ccccc2O1)COc1ccccc1F,8.096910013008056,8.0,0,0,0,0,0,0
OC(CNCC1COc2ccccc2O1)COCc1ccccc1Cl,7.443697499232712,36.0,0,0,0,0,0,0
COc1ccccc1N1CCN(CCC(O)c2ccccc2)CC1,7.320027305722581,47.86,0,0,0,0,1,1
COc1ccccc1N1CCN(CCC(Oc2ccc(C(F)(F)F)cc2)c2ccccc2)CC1,6.350003492533959,446.68,1,1,0,1,1,1
COc1ccc(OC(CCN2CCN(c3ccccc3OC)CC2)c2ccccc2)cc1,7.0499760934766735,89.13,0,0,0,0,0,0
COc1ccccc1N1CCN(CCC(Oc2ccc3c(c2)OCO3)c2ccccc2)CC1,7.700057099977233,19.95,0,0,0,0,1,1
COc1ccccc1N1CCN(CC/C(=N\O)c2ccccc2)CC1,7.759950227887352,17.38,0,0,0,0,1,1
O=C(CCN1CCN(c2ccc(Cl)cc2)CC1)c1ccccc1,6.0999990348465305,794.33,0,0,0,0,1,1
OC(CCN1CCN(c2ccc(Cl)cc2)CC1)c1ccccc1,6.0999990348465305,794.33,0,0,0,0,1,1
Clc1ccc(N2CCN(CCC(Oc3ccc4c(c3)OCO4)c3ccccc3)CC2)cc1,6.260000690598032,549.54,0,0,0,0,1,1
Cc1ccc(OC(CCN2CCN(c3ccc(Cl)cc3)CC2)c2ccccc2)cc1,5.8399999311187,1445.44,0,0,0,0,0,0
COc1ccc(N2CCN(CCC(=O)c3ccccc3)CC2)cc1,5.300000202445418,5011.87,0,0,0,0,1,1
COc1ccc(N2CCN(CCC(Oc3ccc(C(F)(F)F)cc3)c3ccccc3)CC2)cc1,5.300000202445418,5011.87,0,0,0,0,1,1
O=C(CCN1CCN(c2ncccn2)CC1)c1ccccc1,6.919987152892072,120.23,0,0,0,0,1,1
FC(F)(F)c1ccc(OC(CCN2CCN(c3ncccn3)CC2)c2ccccc2)cc1,5.800000874803203,1584.89,0,0,0,0,1,0
O=C(CCN1CCN(c2ccccc2Cl)CC1)c1ccccc1,6.740000204918113,181.97,0,0,0,0,1,1
OC(CCN1CCN(c2ccccc2Cl)CC1)c1ccccc1,6.9399824574684,114.82,0,0,0,0,1,1
FC(F)(F)c1ccc(OC(CCN2CCN(c3ccccc3Cl)CC2)c2ccccc2)cc1,5.300000202445418,5011.87,0,0,0,0,1,1
OC(CCN1CCN(c2ccc(F)cc2)CC1)c1ccccc1,6.840011949618013,144.54,1,1,0,1,1,1
O=C(CCN1CCN(c2ccccn2)CC1)c1ccccc1,7.299988937677887,50.12,0,0,0,0,1,1
O=C(CCN1CCN(c2ccc([N+](=O)[O-])cc2)CC1)c1ccccc1,5.300000202445418,5011.87,0,0,0,0,1,1
O=[N+]([O-])c1ccc(N2CCN(CCC(O)c3ccccc3)CC2)cc1,5.300000202445418,5011.87,0,0,0,0,1,1
O=[N+]([O-])c1ccc(N2CCN(CCC(Oc3ccc(C(F)(F)F)cc3)c3ccccc3)CC2)cc1,5.300000202445418,5011.87,0,0,0,0,1,1
COc1ccccc1N1CCN(CCC(=O)c2ccc(-c3ccccc3)cc2)CC1,5.44000006551306,3630.78,1,1,0,0,1,1
COc1ccccc1N1CCN(CCC(O)c2ccc(-c3ccccc3)cc2)CC1,6.069998998990925,851.14,0,0,0,0,1,1
COc1ccccc1N1CCN(CCC(Oc2ccc(C(F)(F)F)cc2)c2ccc(-c3ccccc3)cc2)CC1,5.300000202445418,5011.87,1,1,0,1,1,1
COc1ccc(C(=O)CCN2CCN(c3ccccc3OC)CC2)cc1,5.760000207113128,1737.8,0,0,0,0,1,1
COc1ccc(C(O)CCN2CCN(c3ccccc3OC)CC2)cc1,6.490004907986601,323.59,0,0,0,0,1,1
COc1ccc(C(CCN2CCN(c3ccccc3OC)CC2)Oc2ccc(C(F)(F)F)cc2)cc1,6.0,1000.0,0,0,0,0,0,0
COc1ccccc1N1CCN(CCC(=O)c2ccc([N+](=O)[O-])cc2)CC1,7.299988937677887,50.12,0,0,0,0,1,1
COc1ccccc1N1CCN(CCC(O)c2ccc([N+](=O)[O-])cc2)CC1,8.0,10.0,1,1,0,0,1,1
COc1ccccc1N1CCN(CCC(O)c2ccsc2)CC1,7.299988937677887,50.12,0,0,0,0,1,1
COc1ccccc1N1CCN(CCC(Oc2ccc3c(c2)OCO3)c2ccsc2)CC1,7.26003230324049,54.95,0,0,0,0,1,0
COc1ccccc1N1CCN(CCC(Oc2ccc(C(F)(F)F)cc2)c2ccsc2)CC1,6.589999287456538,257.04,0,0,0,0,1,1
COc1ccccc1N1CCN(CCC(Oc2cccc3ccccc23)c2ccsc2)CC1,6.740000204918113,181.97,0,0,0,0,0,0
COc1ccccc1N1CCN(CC/C(=N\O)c2ccsc2)CC1,8.18996921359416,6.457,0,0,0,0,1,1
O=C(CCN1CCN(c2ccc(Cl)cc2)CC1)c1ccsc1,6.149997413907539,707.95,0,0,0,0,1,1
O=C(CCN1CCN(c2cccc3ccccc23)CC1)c1ccsc1,7.460046158343603,34.67,0,0,0,0,1,1
COc1ccccc1N1CCN(CCC(O)c2cc(C)sc2C)CC1,7.92009553233328,12.02,1,1,0,0,1,1
Cc1cc(C(=O)CCN2CCN(c3ccccc3O)CC2)c(C)s1,8.119987161633228,7.586,1,1,0,1,1,1
Cc1cc(C(O)CCN2CCN(c3ccccc3O)CC2)c(C)s1,7.044962012975702,90.165,1,1,0,1,1,1
COc1cc(F)ccc1N1CCN(CCC(=O)c2cc(C)sc2C)CC1,7.890084136976206,12.88,0,0,0,0,1,1
O=C(CCN1CCN(c2ccccc2Cl)CC1)c1ccsc1,6.699991797446187,199.53,0,0,0,0,1,1
OC(CCN1CCN(c2ccc(Cl)cc2)CC1)c1ccsc1,5.559999795538785,2754.23,1,1,0,1,1,1
COc1ccccc1N1CCN(CCC(Oc2cccc3ccccc23)c2cccs2)CC1,6.659992382003327,218.78,0,0,0,0,1,1
COc1ccccc1N1CCN(CCC(=O)c2cccs2)CC1,8.0,10.0,0,0,0,0,1,1
COc1ccccc1N1CCN(CCC(O)c2cccs2)CC1,7.720105019988362,19.05,0,0,0,0,1,1
OC(CCN1CCN(c2ccc(Cl)cc2)CC1)c1cccs1,5.300000202445418,5011.87,1,1,0,1,1,1
COc1ccccc1N1CCN(CCC(=O)c2ccc(C)s2)CC1,7.759950227887352,17.38,1,1,0,1,1,1
COc1ccccc1N1CCN(CCC(=O)c2ccc([N+](=O)[O-])s2)CC1,6.470005326930858,338.84,1,1,0,0,1,1
COc1ccccc1N1CCN(CCC(=O)c2ccc3ccccc3c2)CC1,6.599997654072044,251.19,1,1,0,0,1,1
COc1ccccc1N1CCN(CCC(O)c2ccc3ccccc3c2)CC1,6.3799993576999325,416.87,1,1,0,0,1,1
O=C(CCN1CCN(c2ccc(Cl)cc2)CC1)c1ccc2ccccc2c1,5.300000202445418,5011.87,1,1,0,0,1,1
OC(CCN1CCN(c2ccc(Cl)cc2)CC1)c1ccc2ccccc2c1,5.300000202445418,5011.87,1,1,0,0,1,1
O=C(CCN1CCN(c2ccccc2O)CC1)c1ccc2ccccc2c1,6.0,1000.0,1,1,0,0,1,1
Oc1ccccc1N1CCN(CCC(O)c2ccc3ccccc3c2)CC1,6.719991046891814,190.55,1,1,0,0,1,1
COc1ccccc1N1CCN(CCC(O)c2csc3ccccc23)CC1,7.700057099977233,19.95,1,1,0,0,1,1
OC(CCN1CCN(c2ccc(Cl)cc2)CC1)c1csc2ccccc12,5.300000202445418,5011.87,0,0,0,0,1,1
O=C(CCN1CCN(c2ccccc2O)CC1)c1csc2ccccc12,6.959991363986458,109.65,0,0,0,0,1,1
Oc1ccccc1N1CCN(CCC(O)c2csc3ccccc23)CC1,7.739928612014925,18.2,1,1,0,0,1,1
COc1cc(F)ccc1N1CCN(CCC(=O)c2csc3ccccc23)CC1,6.299997602857746,501.19,1,1,0,0,1,1
O=C(CCN1CCN(c2cccc3ccccc23)CC1)c1csc2ccccc12,7.0,100.0,1,1,0,1,1,1
OC(CCN1CCN(c2cccc3ccccc23)CC1)c1csc2ccccc12,7.179995693191682,66.07,1,1,0,1,1,1
OC(CCN1CCN(c2cnc3ccccc3c2)CC1)c1csc2ccccc12,6.0,1000.0,0,0,0,0,1,1
OC(CCN1CCN(c2cccc3ncccc23)CC1)c1csc2ccccc12,7.430041181903406,37.15,1,1,0,1,1,1
OC(CCN1CCN(c2ccc3ncccc3c2)CC1)c1csc2ccccc12,6.260000690598032,549.54,1,1,0,0,1,1
Cc1ccc2cccc(N3CCN(CCC(O)c4csc5ccccc45)CC3)c2n1,7.99012436628784,10.23,0,0,0,0,1,1
OC(CCN1CCN(c2cccc3c2OCCCO3)CC1)c1csc2ccccc12,8.720105019988361,1.905,1,1,0,1,1,1
OC(CCN1CCN(c2cccc3cccnc23)CC1)c1csc2ccc(F)cc12,8.569924944448061,2.692,1,1,0,0,1,1
Cc1ccc2cccc(N3CCN(CCC(O)c4csc5ccc(F)cc45)CC3)c2n1,8.599980364934842,2.512,0,0,0,0,0,0
OC(CCN1CCN(c2cccc3c2OCCO3)CC1)c1csc2ccc(F)cc12,8.219970872662662,6.026,0,0,0,0,0,0
OC(CCN1CCN(c2cccc3c2OCCCO3)CC1)c1csc2ccc(F)cc12,8.51999305704285,3.02,0,0,0,0,0,0
COc1ccccc1N1CCN(CCC(=O)c2ccccc2)CC1,7.299988937677887,50.12,0,0,0,0,1,1
COc1ccc(N2CCN(CCC(O)c3ccccc3)CC2)cc1,5.300000202445418,5011.87,1,1,0,0,1,1
FC(F)(F)c1ccc(OC(CCN2CCN(c3ccc(Cl)cc3)CC2)c2ccccc2)cc1,5.300000202445418,5011.87,0,0,0,0,1,1
O=C(CCN1CCN(c2ccc(F)cc2)CC1)c1ccccc1,6.0999990348465305,794.33,0,0,0,0,1,1
OC(CCN1CCN(c2ccccn2)CC1)c1ccccc1,6.810004660035681,154.88,0,0,0,0,1,1
FC(F)(F)c1ccc(OC(CCN2CCN(c3ccccn3)CC2)c2ccccc2)cc1,5.800000874803203,1584.89,0,0,0,0,1,1
OC(CCN1CCN(c2ncccn2)CC1)c1ccccc1,6.429994423238211,371.54,0,0,0,0,1,1
COc1ccccc1N1CCN(CCC(O)c2csc(C)c2)CC1,6.429994423238211,371.54,1,1,0,1,1,1
COc1ccccc1N1CCN(CC/C(=N\O)c2csc3ccccc23)CC1,6.0999990348465305,794.33,1,1,0,0,1,1
COc1cc(Cl)ccc1N1CCN(CCC(=O)c2csc3ccccc23)CC1,6.299997602857746,501.19,1,1,0,0,1,1
OC(CCN1CCN(c2ccc3sccc3c2)CC1)c1csc2ccccc12,5.800000874803203,1584.89,1,1,0,0,1,1
OC(CCN1CCN(c2cccc3cccnc23)CC1)c1csc2ccccc12,6.260000690598032,549.54,1,1,0,1,1,1
O=C(CCN1CCN(c2ccc(Cl)cc2)CC1)c1csc2ccccc12,5.300000202445418,5011.87,0,0,0,0,1,1
CC1CN(CCC(O)c2csc3ccc(F)cc23)CCN1c1cccc2c1OCO2,8.029978734171634,9.333,0,0,0,0,0,0
COc1cc(N2CCN(C3CCN(c4cccc5cccnc45)CC3)CC2)c2ncccc2c1,9.397940008672036,0.4,1,1,0,0,1,1
COc1cc(N2CCN(C3CCN(c4ccc(F)c5cc(F)cnc45)CC3)CC2)c2ncccc2c1,9.327902142064282,0.47,1,1,0,0,1,1
COc1cc(N2CCN(C3CCN(c4cccc5cc(C)cnc45)CC3)CC2)c2ncccc2c1,9.337242168318426,0.46,0,0,0,0,1,1
COc1cc(N2CCN(C3CCN(c4ccc(F)c5cccnc45)CC3)CC2)c2ncccc2c1,9.397940008672036,0.4,1,1,0,0,1,1
COc1cc(N2CCN(C3CCN(c4cccc5ccc(C)nc45)CC3)CC2)c2ncccc2c1,9.267606240177033,0.54,1,1,0,0,1,1
COc1cc(N2CCN(C3CCN(c4cc(Br)cc5cccnc45)CC3)CC2)c2ncccc2c1,9.214670164989233,0.61,1,1,0,0,1,1
COc1cc(N2CCN(C3CCN(c4cccc5c(C)ccnc45)CC3)CC2)c2ncccc2c1,9.214670164989233,0.61,1,1,0,0,1,1
COc1cc(N2CCN(C3CCN(c4cccc5c(C)cc(C)nc45)CC3)CC2)c2ncccc2c1,9.200659450546418,0.63,1,1,0,0,1,1
COc1cc(N2CCN(C3CCN(c4cccc5cc(F)cnc45)CC3)CC2)c2ncccc2c1,9.102372908709558,0.79,0,0,0,0,1,1
COc1cc(N2CCN(C3CCN(c4ccc(F)c5cc(C(F)(F)F)cnc45)CC3)CC2)c2ncccc2c1,9.060480747381382,0.87,0,0,0,0,1,0
COc1cc(N2CCN(C3CCN(c4cccc5cc(C(F)(F)F)cnc45)CC3)CC2)c2ncccc2c1,8.920818753952375,1.2,0,0,0,0,1,0
COc1cc(N2CCN(C3CCN(c4cccc5ccc(C(F)(F)F)nc45)CC3)CC2)c2ncccc2c1,8.744727494896694,1.8,0,0,0,0,1,0
COc1cc(N2CCN(C3CCN(c4ccc(F)c5c(OC)cc(C(F)(F)F)nc45)CC3)CC2)c2ncccc2c1,8.698970004336019,2.0,0,0,0,0,1,0
COc1cc(N2CCN(C3CCN(c4cccc5c(OC)cc(C(F)(F)F)nc45)CC3)CC2)c2ncccc2c1,8.67778070526608,2.1,0,0,0,0,1,0
COc1cc(N2CCN(C3CCN(c4cc(F)cc5cccnc45)CC3)CC2)c2ncccc2c1,8.468521082957745,3.4,1,1,0,0,1,1
COc1cc(N2CCN(C3CCN(c4ccc(F)c5ccc(C(F)(F)F)nc45)CC3)CC2)c2ncccc2c1,8.443697499232712,3.6,0,0,0,0,1,0
COc1cc(N2CCN(C3CCN(c4ccc(F)c5c(C)cc(C)nc45)CC3)CC2)c2ncccc2c1,6.752026733638194,177.0,1,1,0,0,1,1
COc1cc(N2CCN(C3CCN(c4c(F)ccc5cccnc45)CC3)CC2)c2ncccc2c1,6.559090917934782,276.0,1,1,0,0,1,1
CCCCCCCC(O)CCc1ccc(O)c(OC)c1,5.020907099361674,9530.0,0,0,0,0,0,0
CCCCCCCCC/C(O)=C/C(=O)/C=C/c1ccc(O)c(OC)c1,5.444905551421681,3590.0,0,0,0,0,0,0
CCCCCCC/C(O)=C/C(=O)/C=C/c1ccc(O)c(OC)c1,5.184422251675732,6540.0,0,0,0,0,0,0
CCCCCC(=O)/C=C(O)/C=C/c1ccc(O)c(OC)c1,5.185086818724926,6530.0,0,0,0,0,0,0
CCCCCCCCC/C=C/C(=O)CCc1ccc(O)c(OC)c1,5.2335871528876,5840.0,0,0,0,0,0,0
CCCCCCC/C=C/C(=O)CCc1ccc(O)c(OC)c1,4.8843894883257,13050.0,0,0,0,0,0,0
CCCCC/C=C/C(=O)CCc1ccc(O)c(OC)c1,4.744245213356956,18020.0,0,0,0,0,0,0
CCCCCCCCC[C@H](O)CC(=O)CCc1ccc(O)c(OC)c1,5.42712839779952,3740.0,0,0,0,0,0,0
CCCCCCC[C@H](O)CC(=O)CCc1ccc(O)c(OC)c1,4.931443104927637,11710.0,0,0,0,0,0,0
COc1ccc(OC)c(C2CCN(Cc3cnn(-c4ccccc4F)c3C)C2)c1,6.987162775294828,103.0,0,0,0,0,0,0
c1ccc(CN2CCN(Cc3cc4ccccc4o3)CC2)cc1,6.079354998593212,833.0,0,0,0,0,1,1
COc1ccc(CN2CCN(Cc3cc4ccccc4o3)CC2)cc1,5.659159450187668,2192.0,0,0,0,0,0,0
CCOc1ccc(CN2CCN(Cc3cc4ccccc4o3)CC2)cc1,5.47638358094563,3339.0,0,0,0,0,0,0
FC(F)CCOc1ccc(CN2CCN(Cc3cc4ccccc4o3)CC2)cc1,5.612788199686269,2439.0,0,0,0,0,0,0
CCCOc1ccc(CN2CCN(Cc3cc4ccccc4o3)CC2)cc1,5.325874017257291,4722.0,1,1,0,0,1,1
FCCCOc1ccc(CN2CCN(Cc3cc4ccccc4o3)CC2)cc1,5.481486060122113,3300.0,0,0,0,0,0,0
COc1cccc(CN2CCN(Cc3cc4ccccc4o3)CC2)c1,6.428291168191312,373.0,0,0,0,0,1,1
CCOc1cccc(CN2CCN(Cc3cc4ccccc4o3)CC2)c1,5.764471553092451,1720.0,0,0,0,0,0,0
FCCOc1cccc(CN2CCN(Cc3cc4ccccc4o3)CC2)c1,6.328827157284917,469.0,1,1,0,0,1,1
CCCOc1cccc(CN2CCN(Cc3cc4ccccc4o3)CC2)c1,6.111259039317107,774.0,0,0,0,0,0,0
FCCCOc1cccc(CN2CCN(Cc3cc4ccccc4o3)CC2)c1,6.2225731776106885,599.0,0,0,0,0,0,0
COc1ccccc1CN1CCN(Cc2cc3ccccc3o2)CC1,6.09366495819491,806.0,0,0,0,0,0,0
CCOc1ccccc1CN1CCN(Cc2cc3ccccc3o2)CC1,6.329754146925876,468.0,0,0,0,0,1,1
FCCOc1ccccc1CN1CCN(Cc2cc3ccccc3o2)CC1,5.487983030503873,3251.0,0,0,0,0,0,0
CCCOc1ccccc1CN1CCN(Cc2cc3ccccc3o2)CC1,5.609418121449565,2458.0,0,0,0,0,0,0
FCCCOc1ccccc1CN1CCN(Cc2cc3ccccc3o2)CC1,5.47069800221202,3383.0,0,0,0,0,0,0
COc1ccccc1N1CCN(CCNC(=O)c2ccc3ccccc3c2)CC1,8.6345120151091,2.32,1,1,0,1,1,1
COc1ccccc1N1CCN(CCNS(=O)(=O)c2ccc3ccccc3c2)CC1,7.61261017366127,24.4,0,0,0,0,1,0
COc1ccccc1N1CCN(CCCNC(=O)c2ccc3ccccc3c2)CC1,7.749579997691106,17.8,1,1,0,0,1,1
COc1ccccc1N1CCN(CCCNS(=O)(=O)c2ccc3ccccc3c2)CC1,6.950781977329818,112.0,1,1,1,1,1,0
COc1ccccc1N1CCN(CCCCNS(=O)(=O)c2ccc3ccccc3c2)CC1,7.207608310501746,62.0,0,0,0,0,1,1
COc1ccccc1N1CCN(CCCCCNC(=O)c2ccc3ccccc3c2)CC1,7.267606240177032,54.0,1,1,0,1,1,1
COc1ccccc1N1CCN(CCCCCNS(=O)(=O)c2ccc3ccccc3c2)CC1,7.562249437179612,27.4,0,0,0,0,1,0
COc1ccccc1N1CCN(CCCCCCNC(=O)c2ccc3ccccc3c2)CC1,6.991399828238082,102.0,1,1,0,1,1,1
COc1ccccc1N1CCN(CCCCCCNS(=O)(=O)c2ccc3ccccc3c2)CC1,8.016824927962187,9.62,1,1,1,1,1,0
CCCCC1CCN(CCCC(=O)c2ccccc2C)CC1,6.552841968657781,280.0,0,0,0,0,0,0
Cc1ccc2c(N3CCN(CCc4cccc5c4OCc4c(C(N)=O)ncn4-5)CC3)cccc2n1,9.66655272550325,0.2155,0,0,0,0,1,0
Cc1ccc2c(N3CCN(CCc4cccc5c4OCc4nccn4-5)CC3)cccc2n1,9.899974269892136,0.1259,0,0,0,0,1,1
Cc1cn2c(n1)COc1c(CCN3CCN(c4cccc5nc(C)ccc45)CC3)cccc1-2,9.700057099977233,0.1995,0,0,0,0,1,0
Cc1ccc2c(N3CCN(CCc4cccc5c4OCc4nc(C)c(C)n4-5)CC3)cccc2n1,9.700057099977233,0.1995,0,0,0,0,1,0
Cc1ccc2c(N3CCN(CCc4cccc5c4OCc4nc(C(F)(F)F)cn4-5)CC3)cccc2n1,9.79997073344623,0.1585,0,0,0,0,1,0
Cc1ccc2c(N3CCN(CCc4cccc5c4OCc4cncn4-5)CC3)cccc2n1,9.700057099977233,0.1995,0,0,0,0,1,1
Cc1ccc2c(N3CCN(CCc4cccc5c4OCc4nnc(C)n4-5)CC3)cccc2n1,10.100015437450608,0.07943,0,0,0,0,1,0
Cc1ccc2c(N3CCN(CCc4cccc5c4OCc4c(C)nnn4-5)CC3)cccc2n1,10.100015437450608,0.07943,1,1,0,0,1,0
Cc1ccc2c(N3CCN(CCc4cccc5c4OCc4nnnn4-5)CC3)cccc2n1,9.299988937677888,0.5012,0,0,0,0,1,1
CCOC(=O)c1ncn2c1COc1c(CCN3CCN(c4cccc5nc(C)ccc45)CC3)cccc1-2,9.199970640755865,0.631,0,0,0,0,1,0
CC(=O)c1ncn2c1COc1c(CCN3CCN(c4cccc5nc(C)ccc45)CC3)cccc1-2,9.500038134403807,0.3162,0,0,0,0,1,0
CO/N=C(\C)c1ncn2c1COc1c(CCN3CCN(c4cccc5nc(C)ccc45)CC3)cccc1-2,8.79997073344623,1.585,0,0,0,0,1,1
Cc1ccc2c(N3CCN(CCc4cccc5c4OCc4c(C(=O)N(C)C)ncn4-5)CC3)cccc2n1,9.79997073344623,0.1585,0,0,0,0,1,0
Cc1ccc2c(N3CCN(CCc4cccc5c4OCc4c(C#N)ncn4-5)CC3)cccc2n1,9.0,1.0,1,1,0,1,1,0
CNC(=O)c1ncn2c1COc1c(CCN3CCN(c4cccc5nc(C)ccc45)CC3)cccc1-2,9.79997073344623,0.1585,0,0,0,0,1,0
Cc1ccc2c(N3CCN(CCc4cccc5c4OCc4c(C(=O)NC(C)C)ncn4-5)CC3)cccc2n1,9.700057099977233,0.1995,0,0,0,0,0,0
Cc1ccc2c(N3CCN(CCc4cccc5c4OCc4c(C(=O)NC6CC6)ncn4-5)CC3)cccc2n1,9.899974269892136,0.1259,0,0,0,0,1,1
Cc1ccc2c(N3CCN(CCc4cccc5c4OCc4c(C(=O)NC6CCC6)ncn4-5)CC3)cccc2n1,9.79997073344623,0.1585,0,0,0,0,0,0
Cc1ccc2c(N3CCN(CCc4cccc5c4OCc4c(C(=O)NC6CCCC6)ncn4-5)CC3)cccc2n1,9.599980364934842,0.2512,0,0,0,0,0,0
Cc1ccc2c(N3CCN(CCc4cccc5c4OCc4c(C(=O)NCC6CC6)ncn4-5)CC3)cccc2n1,9.899974269892136,0.1259,0,0,0,0,1,1
Cc1ccc2c(N3CCN(CCc4cccc5c4OCc4c(C(=O)N6CCC6)ncn4-5)CC3)cccc2n1,9.79997073344623,0.1585,0,0,0,0,1,0
Cc1ccc2c(N3CCN(CCc4cccc5c4OCc4c(C(=O)N6CCCC6)ncn4-5)CC3)cccc2n1,9.899974269892136,0.1259,0,0,0,0,1,1
Cc1ccc2c(N3CCN(CCc4cccc5c4OCc4c(C(=O)N6CCCCC6)ncn4-5)CC3)cccc2n1,9.4000078224159,0.3981,0,0,0,0,0,0
Cc1ccc2c(N3CCN(CCc4cccc5c4OCc4c(C(=O)N6CCOCC6)ncn4-5)CC3)cccc2n1,9.4000078224159,0.3981,0,0,0,0,0,0
COc1ccccc1N1CCN(CC2OCC(c3ccccc3)(c3ccccc3)O2)CC1,7.72067533455739,19.025,0,0,0,0,0,0
COc1cccc(OC)c1SCCNCCOc1ccccc1OCc1ccccc1,7.79997073344623,15.85,0,0,0,0,0,0
COc1cccc(OC)c1CCCNCCOc1ccccc1OCc1ccccc1,8.599980364934842,2.512,1,1,0,0,1,1
COc1cccc(OC)c1[S+](O)CCNCCOc1ccccc1OCc1ccccc1,8.500038134403809,3.162,0,0,0,0,0,0
CCOc1cccc(OCC)c1OCCNCCOc1ccccc1OCc1ccccc1,7.50003813440381,31.62,1,1,0,0,1,1
COc1cccc([N+](=O)[O-])c1OCCNCCOc1ccccc1OCc1ccccc1,7.79997073344623,15.85,0,0,0,0,0,0
COc1cccc(Cl)c1OCCNCCOc1ccccc1OCc1ccccc1,7.50003813440381,31.62,1,1,0,0,1,1
COc1cccc(C)c1OCCNCCOc1ccccc1OCc1ccccc1,8.400007822415901,3.981,0,0,0,0,0,0
CCOc1ccccc1OCCNCCOc1ccccc1OCc1ccccc1,8.299988937677888,5.012,0,0,0,0,0,0
COc1ccccc1OCCNCCOc1ccccc1OCc1ccccc1,8.599980364934842,2.512,0,0,0,0,1,1
Clc1cccc(Cl)c1OCCNCCOc1ccccc1OCc1ccccc1,7.50003813440381,31.62,0,0,0,0,1,1
Cc1cccc(C)c1OCCNCCOc1ccccc1OCc1ccccc1,7.79997073344623,15.85,0,0,0,0,0,0
Oc1cccc(O)c1OCCNCCOc1ccccc1OCc1ccccc1,7.899974269892137,12.59,0,0,0,0,0,0
c1ccc(COc2ccccc2OCCNCCOc2ccccc2)cc1,8.100015437450608,7.943,0,0,0,0,1,1
O=C1NCc2ccc(OCCCN3CCN(c4cccc5cccc(F)c45)CC3)cc21,10.85078088734462,0.0141,1,1,1,1,1,1
O=C1NCc2ccc(OCCCN3CCN(c4cccc5ccccc45)CC3)cc21,9.55579901113584,0.2781,1,1,0,1,1,1
O=C1NCc2ccc(OCCCN3CCN(c4cccc5ccc(F)cc45)CC3)cc21,10.349692476868064,0.0447,1,1,1,1,1,1
O=C1NCc2ccc(OCCCN3CCN(c4cccc5c4OCCC5)CC3)cc21,10.300162274132754,0.0501,1,1,1,1,1,1
O=C1NCc2ccc(OCCCCN3CCN(c4cccc5cccc(F)c45)CC3)cc21,9.30042240860109,0.5006999999999999,1,1,1,1,1,1
Fc1ccc2cccc(N3CCN(CCCOc4ccc5c(c4)CNC5)CC3)c2c1,9.991399828238082,0.102,0,0,0,0,1,1
O=C1NCc2ccc(OCCCN3CCN(c4cccc5c4COCC5)CC3)cc21,9.96657624451305,0.108,1,1,0,1,1,1
O=C1NCc2cc(F)c(OCCCCN3CCN(c4cccc5cccc(F)c45)CC3)cc21,9.928117992693874,0.118,1,1,0,1,1,1
O=C1NCc2ccc(OCCCN3CCN(c4cccc5ccccc45)CC3)c(F)c21,9.892790030352131,0.128,1,1,1,1,1,1
c1ccc2c(N3CCN(CCCOc4ccc5c(c4)CNC5)CC3)cccc2c1,9.826813731587723,0.149,1,1,0,0,1,1
O=C1NCc2ccc(OCCCCN3CCN(c4cccc5ccccc45)CC3)cc21,8.926098441685793,1.1855,1,1,0,1,1,1
O=C1NCc2ccc(OCCCN3CCN(c4cccc5cc(F)c(F)cc45)CC3)cc21,9.747146969020108,0.179,1,1,0,0,1,1
c1ccc2c(N3CCN(CCCCOc4ccc5c(c4)CNC5)CC3)cccc2c1,9.6903698325741,0.204,0,0,0,0,1,1
Fc1ccc2cccc(N3CCN(CCCCOc4ccc5c(c4)CNC5)CC3)c2c1,9.614393726401689,0.243,0,0,0,0,1,1
O=C1NCc2ccc(OCCCN3CCN(c4cccc5c4CCCC5)CC3)cc21,9.570247719997592,0.269,1,1,0,1,1,1
O=C1NCc2ccc(OCCCCN3CCN(c4cccc5c4COCC5)CC3)cc21,9.554395796726402,0.279,1,1,0,1,1,1
O=C1NCc2ccc(OCCCN3CCN(c4cccc5cccc(F)c45)CC3)c(Cl)c21,9.505845405981557,0.312,1,1,1,1,1,1
O=C1NCc2cc(F)c(OCCCN3CCN(c4cccc5ccc(F)cc45)CC3)cc21,9.467245621007502,0.341,1,1,0,0,1,1
Cc1cc2c(cc1OCCCN1CCN(c3cccc4cc(F)ccc34)CC1)C(=O)NC2,9.286509456906057,0.517,0,0,0,0,1,1
Cc1c(OCCCN2CCN(c3cccc4ccccc34)CC2)ccc2c1C(=O)NC2,9.211124884224583,0.615,1,1,0,0,1,1
O=C1NCc2cc(F)c(OCCCCN3CCN(c4cccc5ccccc45)CC3)cc21,9.19586056766465,0.637,0,0,0,0,1,1
Cc1cc2c(cc1OCCCN1CCN(c3cccc4ccccc34)CC1)C(=O)NC2,9.173925197299171,0.67,0,0,0,0,1,1
O=C1NCc2cc(F)c(OCCCN3CCN(c4cccc5ccccc45)CC3)cc21,9.173277479831007,0.671,0,0,0,0,1,1
O=C1NCc2ccc(OCCCCN3CCN(c4cccc5c4CCC5)CC3)cc21,9.130768280269024,0.74,1,1,0,1,1,1
O=C1NCc2ccc(OCCCN3CCN(c4cccc5ccccc45)CC3)c(Cl)c21,9.104577453960593,0.786,0,0,0,0,1,1
Cc1cc2c(cc1OCCCCN1CCN(c3cccc4ccccc34)CC1)C(=O)NC2,9.09528445472132,0.803,0,0,0,0,1,1
O=C1NCc2cc(Cl)c(OCCCN3CCN(c4cccc5ccccc45)CC3)cc21,9.089375595110798,0.814,0,0,0,0,1,1
O=C1NCc2ccc(OCCCCN3CCN(c4cccc5ccc(F)cc45)CC3)cc21,9.076755981369724,0.838,1,1,1,1,1,1
O=C1NCc2cc(Cl)c(OCCCN3CCN(c4cccc5cccc(F)c45)CC3)cc21,9.066006836168755,0.859,1,1,0,0,1,1
O=C1NCc2ccc(OCCCCN3CCN(c4cccc5c4OCCC5)CC3)cc21,9.063989204284791,0.863,1,1,1,1,1,1
O=C1NCc2cc(F)c(OCCCN3CCN(c4cccc5cc(F)ccc45)CC3)cc21,9.05551732784983,0.88,1,1,0,0,1,1
Cc1c(OCCCN2CCN(c3cccc4cc(F)ccc34)CC2)ccc2c1C(=O)NC2,8.96657624451305,1.08,1,1,1,1,1,1
O=C1NCc2ccc(OCCCCN3CCN(c4cccc5cc(F)c(F)cc45)CC3)cc21,8.886056647693163,1.3,1,1,0,0,1,1
Cc1cc2c(cc1OCCCN1CCN(c3cccc4cccc(F)c34)CC1)C(=O)NC2,8.84163750790475,1.44,1,1,0,1,1,1
O=C1NCc2ccc(OCCCCN3CCN(c4cccc5c4CCO5)CC3)cc21,8.838631997765026,1.45,1,1,0,1,0,0
O=C1NCc2ccc(OCCCN3CCN(c4cccc5c4CCO5)CC3)cc21,8.835647144215564,1.46,1,1,0,1,1,1
O=C1NCc2ccc(OCCCN3CCN(c4cccc5cc(F)ccc45)CC3)cc21,8.812479279163536,1.54,1,1,0,0,1,1
O=C1NCc2cc(Cl)c(OCCCCN3CCN(c4cccc5cccc(F)c45)CC3)cc21,8.774690718274137,1.68,1,1,0,1,1,1
O=C1NCc2cc(F)c(OCCCCN3CCN(c4cccc5ccc(F)cc45)CC3)cc21,8.752026733638193,1.77,1,1,0,0,1,1
O=C1NCc2ccc(OCCCCN3CCN(c4cccc5c4CCCC5)CC3)cc21,8.71669877129645,1.92,1,1,0,1,1,1
Cc1cc2c(cc1OCCCCN1CCN(c3cccc4cc(F)ccc34)CC1)C(=O)NC2,8.703334809738468,1.98,0,0,0,0,0,0
O=C1NCc2ccc(OCCCCN3CCN(c4cccc5c4CCOC5)CC3)cc21,8.701146923590294,1.99,1,1,0,1,0,0
O=C1NCc2ccc(OCCCCN3CCN(c4cccc5cccc(F)c45)CC3)c(F)c21,8.679853713888946,2.09,1,1,0,0,1,1
Cc1c(OCCCN2CCN(c3cccc4cccc(F)c34)CC2)ccc2c1C(=O)NC2,8.671620396561263,2.13,0,0,0,0,1,1
O=C1NCc2cc(Cl)c(OCCCCN3CCN(c4cccc5ccccc45)CC3)cc21,8.630784142589857,2.34,1,1,0,0,1,1
Cc1c(OCCCCN2CCN(c3cccc4cccc(F)c34)CC2)ccc2c1C(=O)NC2,8.58335949266172,2.61,0,0,0,0,1,1
O=C1NCc2cc(F)c(OCCCCN3CCN(c4cccc5cc(F)ccc45)CC3)cc21,8.567030709125595,2.71,1,1,0,0,1,1
O=C1NCc2ccc(OCCCN3CCN(c4cccc5cc(F)ccc45)CC3)c(F)c21,8.517126416391246,3.04,1,1,0,0,1,1
Cc1c(OCCCCN2CCN(c3cccc4ccccc34)CC2)ccc2c1C(=O)NC2,8.492144128304169,3.22,1,1,0,1,1,1
Cc1cc2c(cc1OCCCCN1CCN(c3cccc4cccc(F)c34)CC1)C(=O)NC2,8.442492798094342,3.61,1,1,0,1,1,1
O=C1NCc2ccc(OCCCCN3CCN(c4cccc5ccccc45)CC3)c(F)c21,8.441291429466835,3.62,1,1,1,1,1,1
O=C1NCc2ccc(OCCCCN3CCN(c4cccc5cccc(F)c45)CC3)c(Cl)c21,8.371611069949688,4.25,1,1,1,1,1,1
O=C1NCc2ccc(OCCCCN3CCN(c4cccc5ccc(F)cc45)CC3)c(F)c21,8.341035157335565,4.56,1,1,0,0,1,1
O=C1NCc2ccc(OCCCCN3CCN(c4cccc5cc(F)ccc45)CC3)c(F)c21,8.300162274132754,5.01,1,1,0,0,0,0
O=C1NCc2ccc(OCCCCN3CCN(c4cccc5c4COC5)CC3)cc21,8.162411561764488,6.88,1,1,0,1,1,1
O=C1NCc2ccc(OCCCCN3CCN(c4cccc5cc(F)ccc45)CC3)cc21,7.872895201635193,13.4,1,1,1,1,1,1
Cc1c(OCCCCN2CCN(c3cccc4cc(F)ccc34)CC2)ccc2c1C(=O)NC2,7.756961951313706,17.5,1,1,1,1,1,1
CCCCN1CCC(COC(=O)c2cc(Cl)c(NC)c3c2OCCO3)CC1,6.522878745280337,300.0,0,0,0,0,0,0
COc1cccc(CCN2CCN(c3ccccc3OC)CC2)c1,8.619788758288394,2.4,0,0,0,0,1,1
COc1ccccc1N1CCN(CCc2cccc(OCCCCCOc3cccc(CCN4CCN(c5ccccc5OC)CC4)c3)c2)CC1,8.769551078621726,1.7,0,0,0,0,0,0
CCCCCN1CCN(c2ccccc2OC)CC1,8.287350298372788,5.16,0,0,0,0,1,1
Nn1c(CCCCN2CCN(c3ccc4ccccc4n3)CC2)nc2c(c1=O)CCCC2,9.154405906839976,0.7008,0,0,0,0,1,1
O=S(=O)(c1cccc2ccccc12)c1n[nH]c2ccc(N3CCNCC3)cc12,6.24184537803261,573.0,0,0,0,0,0,0
Cn1nc(S(=O)(=O)c2cccc3ccccc23)c2cc(N3CCNCC3)ccc21,5.749579997691106,1780.0,0,0,0,0,0,0
Cc1ccc2c(N3CCN(CCc4cccc5c4CCC(=O)N5)CC3)cccc2n1,9.4000078224159,0.3981,0,0,0,0,1,1
Cc1ccc2c(N3CCN(CCc4cccc5c4CCC(=O)N5C)CC3)cccc2n1,9.199970640755865,0.631,0,0,0,0,1,1
Cc1ccc2c(N3CCN(CCc4c(C)ccc5c4CCC(=O)N5)CC3)cccc2n1,9.100015437450608,0.7943,0,0,0,0,1,1
Cc1ccc2c(N3CCN(CCc4c(C)ccc5c4CCC(=O)N5C)CC3)cccc2n1,9.199970640755865,0.631,0,0,0,0,1,1
Cc1ccc2c(N3CCN(CCc4cccc5[nH]c(=O)ccc45)CC3)cccc2n1,9.199970640755865,0.631,0,0,0,0,1,1
Cc1ccc2c(N3CCN(CCc4c(C)ccc5[nH]c(=O)ccc45)CC3)cccc2n1,9.0,1.0,0,0,0,0,1,1
Cc1ccc2c(N3CCN(CCc4c(C)ccc5c4ccc(=O)n5C)CC3)cccc2n1,9.199970640755865,0.631,0,0,0,0,1,1
Cc1ccc2c(N3CCN(CCc4c(F)ccc5c4ccc(=O)n5C)CC3)cccc2n1,9.4000078224159,0.3981,0,0,0,0,1,1
Cc1ccc2c(N3CCN(CCc4c(Cl)ccc5c4ccc(=O)n5C)CC3)cccc2n1,8.400007822415901,3.981,0,0,0,0,1,1
Cc1ccc2c(N3CCN(CCc4c(C)ccc5c4ccc(=O)n5C)CC3)cc(F)cc2n1,8.899974269892137,1.259,0,0,0,0,0,0
Cc1ccc2c(N3CCN(CCc4cccc5c4ccc(=O)n5C)[C@@H](C)C3)cccc2n1,8.500038134403809,3.162,0,0,0,0,0,0
Cc1ccc2c(N3CCN(CCc4c(C)ccc5c4ccc(=O)n5C)[C@@H](C)C3)cc(F)cc2n1,8.400007822415901,3.981,0,0,0,0,0,0
Cc1ccc2c(N3CCN(CCc4cccc5c4ccc(=O)n5C)C(C)(C)C3)cccc2n1,8.79997073344623,1.585,0,0,0,0,0,0
Cc1ccc2c(C3CCN(CCc4c(C)ccc5c4ccc(=O)n5C)CC3)cccc2n1,8.899974269892137,1.259,0,0,0,0,0,0
Cc1ccc2c(N3CCN(CCc4cccc(N5CCOC5=O)c4)CC3)cccc2n1,9.4000078224159,0.3981,0,0,0,0,1,1
Cc1ccc2c(N3CCN(CCc4cccc(N5CCNC5=O)c4)CC3)cccc2n1,9.4000078224159,0.3981,0,0,0,0,1,1
COC(=O)Nc1cccc(CCN2CCN(c3cccc4nc(C)ccc34)CC2)c1,9.4000078224159,0.3981,1,1,0,0,1,1
Cc1ccc2c(N3CCN(CCc4cccc(NC(=O)c5scnc5C)c4)CC3)cccc2n1,9.4000078224159,0.3981,0,0,0,0,1,1
Cc1ccc2c(N3CCN(CCc4cccc(-n5cccn5)c4)CC3)cccc2n1,9.299988937677888,0.5012,0,0,0,0,1,1
Cc1ccc2c(N3CCN(CCc4cccc(NC(=O)c5cnccn5)c4)CC3)cccc2n1,9.299988937677888,0.5012,0,0,0,0,1,1
Cc1ccc2c(N3CCN(CCc4cccc(NC(=O)c5cccc(F)c5)c4)CC3)cccc2n1,9.199970640755865,0.631,0,0,0,0,1,1
Cc1ccc2c(N3CCN(CCc4cccc(NC(=O)c5csc(C)n5)c4)CC3)cccc2n1,9.100015437450608,0.7943,0,0,0,0,1,1
Cc1ccc2c(N3CCN(CCc4cccc(NS(C)(=O)=O)c4)CC3)cccc2n1,9.100015437450608,0.7943,0,0,0,0,1,1
Cc1ccc2c(N3CCN(CCc4cccc(NC(=O)c5ccccc5F)c4)CC3)cccc2n1,9.0,1.0,0,0,0,0,1,1
Cc1ccc2c(N3CCN(CCc4cccc(NC(=O)c5ccccc5)c4)CC3)cccc2n1,9.0,1.0,0,0,0,0,1,1
CC(=O)Nc1cccc(CCN2CCN(c3cccc4nc(C)ccc34)CC2)c1,9.0,1.0,1,1,0,0,1,1
CCOC(=O)Nc1cccc(CCN2CCN(c3cccc4nc(C)ccc34)CC2)c1,8.899974269892137,1.259,1,1,0,0,1,1
Cc1ccc2c(N3CCN(CCc4cccc(NC(=O)c5ccc(F)cc5)c4)CC3)cccc2n1,8.899974269892137,1.259,0,0,0,0,1,1
CCCS(=O)(=O)Nc1cccc(CCN2CCN(c3cccc4nc(C)ccc34)CC2)c1,8.79997073344623,1.585,0,0,0,0,1,1
CC(=O)N(C)c1cccc(CCN2CCN(c3cccc4nc(C)ccc34)CC2)c1,8.700057099977233,1.995,1,1,0,0,1,1
CCNC(=O)Nc1cccc(CCN2CCN(c3cccc4nc(C)ccc34)CC2)c1,8.700057099977233,1.995,1,1,0,0,1,1
COc1cccc(C(=O)Nc2cccc(CCN3CCN(c4cccc5nc(C)ccc45)CC3)c2)c1,8.700057099977233,1.995,0,0,0,0,1,0
Cc1ccc2c(N3CCN(CCc4cccc(NC(=O)C(C)C)c4)CC3)cccc2n1,8.700057099977233,1.995,0,0,0,0,1,1
CCC(=O)Nc1cccc(CCN2CCN(c3cccc4nc(C)ccc34)CC2)c1,8.700057099977233,1.995,1,1,0,0,1,1
Cc1ccc2c(N3CCN(CCc4cccc(N5CCCOC5=O)c4)CC3)cccc2n1,8.599980364934842,2.512,0,0,0,0,1,1
Cc1ccc2c(N3CCN(CCc4cccc(NC(=O)Nc5ccc(F)cc5)c4)CC3)cccc2n1,8.599980364934842,2.512,0,0,0,0,1,0
COc1ccccc1C(=O)Nc1cccc(CCN2CCN(c3cccc4nc(C)ccc34)CC2)c1,8.599980364934842,2.512,0,0,0,0,1,0
Cc1ccc2c(N3CCN(CCc4cccc(N5C(=O)CCC5=O)c4)CC3)cccc2n1,8.500038134403809,3.162,0,0,0,0,1,1
Cc1ccc2c(N3CCN(CCc4cccc(N5CCCNC5=O)c4)CC3)cccc2n1,8.500038134403809,3.162,0,0,0,0,1,1
Cc1ccc2c(N3CCN(CCc4cccc(NC(=O)Nc5ccccc5F)c4)CC3)cccc2n1,8.500038134403809,3.162,0,0,0,0,1,0
COc1ccc(C(=O)Nc2cccc(CCN3CCN(c4cccc5nc(C)ccc45)CC3)c2)cc1,8.500038134403809,3.162,0,0,0,0,1,0
Cc1ccc2c(N3CCN(CCc4cccc(NC(=O)Nc5cccc(F)c5)c4)CC3)cccc2n1,8.400007822415901,3.981,0,0,0,0,1,0
Cc1ccc2c(N3CCN(CCc4cccc(NC(=O)Nc5ccccc5)c4)CC3)cccc2n1,8.400007822415901,3.981,0,0,0,0,1,0
CCCNC(=O)Nc1cccc(CCN2CCN(c3cccc4nc(C)ccc34)CC2)c1,8.299988937677888,5.012,1,1,0,0,1,1
Cc1ccc2c(N3CCN(CCc4cccc(NC(=O)C(C)(C)C)c4)CC3)cccc2n1,8.199970640755867,6.31,0,0,0,0,1,1
Cc1ccc2c(N3CCN(CCc4cccc(NC(=O)NC(C)(C)C)c4)CC3)cccc2n1,8.100015437450608,7.943,0,0,0,0,1,1
Cc1ccc2c(N3CCN(CCc4cccc(N)c4)CC3)cccc2n1,7.79997073344623,15.85,0,0,0,0,1,1
c1ccc(Oc2ccccc2OC2CNC2)cc1,7.244125144327507,57.0,0,0,0,0,0,0
Fc1ccccc1Oc1ccccc1OC1CNC1,7.657577319177793,22.0,1,1,0,1,1,1
Fc1ccccc1Oc1cccc(F)c1OC1CNC1,7.920818753952375,12.0,0,0,0,0,1,1
Fc1cccc(Oc2ccccc2Cl)c1OC1CNC1,7.853871964321762,14.0,0,0,0,0,1,1
Fc1cccc(Cl)c1Oc1cccc(F)c1OC1CNC1,9.0,1.0,1,1,0,1,1,1
Cc1cccc(F)c1Oc1cccc(F)c1OC1CNC1,8.522878745280337,3.0,0,0,0,0,0,0
Fc1cccc(Oc2c(Cl)cccc2Cl)c1OC1CNC1,8.221848749616356,6.0,0,0,0,0,0,0
Cc1cccc(Cl)c1Oc1cccc(F)c1OC1CNC1,7.795880017344075,16.0,1,1,0,1,1,1
Fc1cccc(Oc2cccc(Cl)c2Cl)c1OC1CNC1,7.795880017344075,16.0,0,0,0,0,1,1
Fc1ccccc1Oc1ccccc1OC1CCNCC1,6.159266765388193,693.0,1,1,0,1,1,1
Fc1ccccc1Oc1cccc(F)c1OC1CCNCC1,7.522878745280337,30.0,1,1,0,0,0,0
Fc1cccc(Cl)c1Oc1cccc(F)c1OC1CCNCC1,8.096910013008056,8.0,0,0,0,0,0,0
Cc1cccc(F)c1Oc1cccc(F)c1OC1CCNCC1,8.397940008672037,4.0,0,0,0,0,0,0
Fc1ccccc1Oc1cccc(F)c1OC1CCCNC1,7.045757490560675,90.0,1,1,0,1,1,1
Fc1ccccc1Oc1ccccc1OC1CCNC1,6.714442690992226,193.0,0,0,0,0,0,0
Fc1ccccc1Oc1cccc(F)c1OC1CCNC1,8.096910013008056,8.0,1,1,0,1,1,1
Fc1cccc(Oc2ccccc2Cl)c1OC1CCNC1,7.721246399047171,19.0,0,0,0,0,0,0
Cc1cccc(F)c1Oc1cccc(F)c1OC1CCNC1,8.397940008672037,4.0,0,0,0,0,0,0
Fc1cccc(Cl)c1Oc1ncccc1OC1CCNC1,6.692503962086787,203.0,1,1,0,0,1,1
Fc1cccc(Cl)c1Oc1ncccc1OC1CNC1,7.1938200260161125,64.0,0,0,0,0,1,1
CCCN1CCc2cccc3c2C1Cc1cccc(OCCCn2cc(CCN4CCN(c5ccccc5OC)CC4)nn2)c1-3,8.119758224104519,7.59,0,0,0,0,0,0
CCCN1CCc2cccc3c2C1Cc1cccc(OCc2cn(CCCCN4CCN(c5ccccc5OC)CC4)nn2)c1-3,8.014124642691606,9.68,0,0,0,0,0,0
CCCN1CCc2cccc3c2C1Cc1cccc(OCCCCN2CCN(c4ccccc4OC)CC2)c1-3,7.236572006437063,58.0,0,0,0,0,0,0
COc1ccccc1N1CCN(CC(F)CCNC(=O)c2ccc(-c3ccccn3)cc2)CC1,7.309803919971486,49.0,0,0,0,0,1,1
O=C(NCCC(F)CN1CCN(c2cccc(Cl)c2Cl)CC1)c1ccc(-c2ccccn2)cc1,6.798602875679548,159.0,1,1,0,0,1,1
COc1ccccc1N1CCN(CC(F)CCNC(=O)c2cc3ccccc3o2)CC1,7.421360790031928,37.9,0,0,0,0,1,1
O=C(NCCC(F)CN1CCN(c2cccc(Cl)c2Cl)CC1)c1cc2ccccc2o1,5.939302159646388,1150.0,1,1,0,1,1,1
COc1ccc2oc(C(=O)NCCC(F)CN3CCN(c4ccccc4OC)CC3)cc2c1,7.136677139879544,73.0,1,1,0,1,1,1
COc1ccc2oc(C(=O)NCCC(F)CN3CCN(c4cccc(Cl)c4Cl)CC3)cc2c1,6.300162274132754,501.0,0,0,0,0,1,1
COc1ccccc1N1CCN(CC(F)CCNC(=O)c2cc3ccccc3[nH]2)CC1,6.995678626217358,101.0,0,0,0,0,1,1
O=C(NCCC(F)CN1CCN(c2cccc(Cl)c2Cl)CC1)c1cc2ccccc2[nH]1,6.651695136951839,223.0,0,0,0,0,1,1
COc1ccccc1N1CCN(CC(F)CCNC(=O)c2ccc3c(c2)Cc2ccccc2-3)CC1,6.52432881167557,299.0,0,0,0,0,1,1
O=C(NCCC(F)CN1CCN(c2cccc(Cl)c2Cl)CC1)c1ccc2c(c1)Cc1ccccc1-2,5.221848749616356,6000.0,0,0,0,0,1,1
COc1ccccc1N1CCN(CC(F)CCNC(=O)c2cc3ccccc3s2)CC1,6.856985199745905,139.0,0,0,0,0,1,1
O=C(NCCC(F)CN1CCN(c2cccc(Cl)c2Cl)CC1)c1cc2ccccc2s1,5.669586226650809,2140.0,1,1,0,1,1,1
COc1ccc2[nH]c(C(=O)NCCC(F)CN3CCN(c4ccccc4OC)CC3)cc2c1,5.931814138253839,1170.0,1,1,0,1,1,1
O=C(N(CCN1CCN(c2ccccc2O)CC1)c1ccccn1)C12C3C4C1C1C2C3C41I,8.991399828238082,1.02,0,0,0,0,0,0
COc1ccccc1N1CCN(CCN(C(=O)C23C4C5C2C2C3C4C52I)c2ccccn2)CC1,8.781202001888262,1.6550000000000002,0,0,0,0,0,0
COc1ccccc1N1CCN(CCN(C(=O)C23CC4CC(CC(I)(C4)C2)C3)c2ccccn2)CC1,8.667561540084394,2.15,0,0,0,0,0,0
COc1ccccc1N1CCN(CCN(C(=O)C23CCC(I)(CC2)CC3)c2ccccn2)CC1,8.954677021213342,1.11,0,0,0,0,0,0
COc1ccccc1N1CCN(CCN(C(=O)C23CCC(I)(CC2)C3)c2ccccn2)CC1,9.060480747381382,0.87,0,0,0,0,0,0
O=C(C1CCCCC1)N(CCN1CCN(c2ccccc2O)CC1)c1ccccn1,9.481486060122112,0.33,0,0,0,0,0,0
O=C(N(CCN1CCN(c2ccccc2O)CC1)c1ccccn1)C12CC3CC(C1)C(I)C(C3)C2,8.774690718274137,1.68,0,0,0,0,0,0
O=C(N(CCN1CCN(c2ccccc2O)CC1)c1ccccn1)C12CCC(I)(CC1)CC2,8.709965388637482,1.95,0,0,0,0,0,0
O=C(N(CCN1CCN(c2ccccc2O)CC1)c1ccccn1)C12CCC(I)(CC1)C2,9.327902142064282,0.47,0,0,0,0,0,0
O=C1CCc2ccc(CCCCCN3CCN(c4cccc(Cl)c4Cl)CC3)nc2N1,7.943095148663527,11.4,0,0,0,0,1,1
O=C1CCc2ccc(OCCCCN3CCN(c4cccc(Cl)c4Cl)CC3)nc2N1,7.752026733638194,17.7,1,1,0,1,1,1
O=c1ccc2ccc(OCCCCN3CCN(c4cccc(Cl)c4Cl)CC3)nc2[nH]1,7.853871964321762,14.0,1,1,0,1,1,1
O=c1ccc2cnc(OCCCCN3CCN(c4cccc(Cl)c4Cl)CC3)cc2[nH]1,7.39040559077478,40.7,1,1,0,1,1,1
O=c1ccc2cnc(OCCCCN3CCN(c4cccc(Cl)c4Cl)CC3)nc2[nH]1,7.278189384787454,52.7,1,1,0,1,1,1
O=C1CCc2ccc(OCCCCN3CCN(c4ccccc4Cl)CC3)nc2N1,8.337242168318426,4.6,0,0,0,0,1,1
O=C1CCc2ccc(OCCCCN3CCN(c4cccc(F)c4Cl)CC3)nc2N1,8.769551078621726,1.7,1,1,0,1,1,1
Cc1cccc(N2CCN(CCCCOc3ccc4c(n3)NC(=O)CC4)CC2)c1Cl,7.860120913598763,13.8,1,1,0,1,1,1
Cc1ccccc1N1CCN(CCCCOc2ccc3c(n2)NC(=O)CC3)CC1,8.4089353929735,3.9,0,0,0,0,0,0
Cc1cccc(N2CCN(CCCCOc3ccc4c(n3)NC(=O)CC4)CC2)c1C,8.070581074285707,8.5,0,0,0,0,1,1
Cc1c(Cl)cccc1N1CCN(CCCCOc2ccc3c(n2)NC(=O)CC3)CC1,8.075720713938118,8.4,0,0,0,0,1,1
O=C1CCc2ccc(OCCCCN3CCN(c4cccc(Cl)c4F)CC3)nc2N1,8.920818753952375,1.2,1,1,0,1,1,1
O=C1CCc2ccc(OCCCCN3CCN(c4cccc(C(F)(F)F)c4Cl)CC3)nc2N1,9.022276394711152,0.95,0,0,0,0,1,1
O=C1CCc2ccc(OCCCCN3CCN(c4cccc(Cl)c4C(F)(F)F)CC3)nc2N1,8.455931955649724,3.5,0,0,0,0,0,0
O=C1CCc2ccc(OCCCCN3CCN(c4cccc5c4CCC5)CC3)nc2N1,8.200659450546418,6.3,1,1,0,1,0,0
O=C1CCc2ccc(OCCCCN3CCN(c4cccc5c4CCCC5)CC3)nc2N1,7.552841968657781,28.0,1,1,0,1,1,1
O=C1CCc2ccc(OCCCCN3CCN(c4cccc5c4CCCO5)CC3)nc2N1,9.10790539730952,0.78,1,1,0,1,1,1
O=C1CCc2ccc(OCCCCN3CCN(c4cccc5c4OCCC5)CC3)nc2N1,8.958607314841775,1.1,1,1,0,1,1,1
O=C1CCc2ccc(OCCCCN3CCN(c4cccc5ccccc45)CC3)nc2N1,8.431798275933005,3.7,1,1,0,1,1,1
O=C1CCc2ccc(OCCCCN3CCN(c4c(F)ccc5ccccc45)CC3)nc2N1,9.075720713938118,0.84,0,0,0,0,1,1
O=C1CCc2ccc(OCCCCN3CCN(c4cc(F)cc5ccccc45)CC3)nc2N1,8.481486060122112,3.3,0,0,0,0,0,0
O=C1CCc2ccc(OCCCCN3CCN(c4ccc(F)c5ccccc45)CC3)nc2N1,8.698970004336019,2.0,0,0,0,0,1,1
O=C1CCc2ccc(OCCCCN3CCN(c4cccc5c(F)cccc45)CC3)nc2N1,8.522878745280337,3.0,0,0,0,0,0,0
O=C1CCc2ccc(OCCCCN3CCN(c4cccc5cc(F)ccc45)CC3)nc2N1,8.920818753952375,1.2,1,1,0,1,1,1
O=C1CCc2ccc(OCCCCN3CCN(c4cccc5ccc(F)cc45)CC3)nc2N1,8.958607314841775,1.1,1,1,0,1,1,1
O=C1CCc2ccc(OCCCCN3CCN(c4cccc5cccc(F)c45)CC3)nc2N1,9.113509274827518,0.77,1,1,0,0,1,1
COc1ccccc1N1CCN(CCCCN2C(=O)C3CCCN3C2=O)CC1,8.259637310505756,5.5,0,0,0,0,1,1
O=C1C2CCCN2C(=O)N1CCCCN1CCN(c2cccc3ccccc23)CC1,8.619788758288394,2.4,0,0,0,0,1,1
COc1ccccc1N1CCN(CCCCN2C(=O)N3CCCC3(CCCCNS(=O)(=O)c3cccc4c(N(C)C)cccc34)C2=O)CC1,7.958607314841775,11.0,0,0,0,0,0,0
COc1ccccc1N1CCN(CCCCN2C(=O)N3CCCC3(CCCCCCCNS(=O)(=O)c3cccc4c(N(C)C)cccc34)C2=O)CC1,7.823908740944319,15.0,0,0,0,0,0,0
CN(C)c1cccc2c(S(=O)(=O)NCCCCCCCC34CCCN3C(=O)N(CCCCN3CCN(c5cccc6ccccc56)CC3)C4=O)cccc12,8.301029995663981,5.0,0,0,0,0,0,0
COc1ccccc1N1CCN(CCCCN2C(=O)N3CCCC3(CCNCCCCCNS(=O)(=O)c3cccc4c(N(C)C)cccc34)C2=O)CC1,8.154901959985743,7.0,0,0,0,0,0,0
COc1ccccc1N1CCN(CCCCN2C(=O)N3CCCC3(CCCCNCCCCCNS(=O)(=O)c3cccc4c(N(C)C)cccc34)C2=O)CC1,8.045757490560675,9.0,0,0,0,0,0,0
CN(C)S(=O)(=O)c1cccc2c(N3CCN(CCCCN4C(=O)C5CCCN5C4=O)CC3)cccc12,6.455931955649724,350.0,1,1,0,0,1,0
CN(C)S(=O)(=O)c1ccc2c(N3CCN(CCCCN4C(=O)C5CCCN5C4=O)CC3)cccc2c1,7.008773924307505,98.0,1,1,0,0,1,0
CN(C)S(=O)(=O)c1ccc2cccc(N3CCN(CCCCN4C(=O)C5CCCN5C4=O)CC3)c2c1,8.619788758288394,2.4,1,1,0,0,1,0
Fc1ccc(N2CCN(CCC(Oc3ccc(C(F)(F)F)cc3)c3ccccc3)CC2)cc1,5.300000202445418,5011.87,0,0,0,0,1,1
O=C(CCN1CCN(c2ccc(Cl)cc2)CC1)c1cccs1,5.300000202445418,5011.87,1,1,0,1,1,1
COc1ccccc1N1CCN(CCC(=O)c2csc3ccccc23)CC1,7.360015751958412,43.65,1,1,0,0,1,1
COc1cc(Cl)ccc1N1CCN(CCC(O)c2csc3ccccc23)CC1,6.439997673226633,363.08,1,1,0,0,1,1
COc1cc(F)ccc1N1CCN(CCC(O)c2csc3ccccc23)CC1,6.299997602857746,501.19,1,1,0,0,1,1
COc1ccc(N2CCN(CCC(O)c3ccc(-c4ccccc4)cc3)CC2)cc1,6.069998998990925,851.14,0,0,0,0,1,0
COc1ccccc1N1CCN(CCC(O)c2ccc(C)s2)CC1,7.470056598341331,33.88,1,1,0,1,1,1
N#Cc1ccc(N2CCC(NCCC(O)c3csc4ccccc34)CC2)cc1,6.799998134593398,158.49,1,1,0,0,0,0
O=C(CCN[C@H]1CCN(c2ccc([N+](=O)[O-])cc2C(F)(F)F)C1)c1csc2ccccc12,7.299988937677887,50.12,0,0,0,0,0,0
N#Cc1ccc(N2CCCN(CCC(O)c3csc4ccccc34)CC2)cc1,5.499999678657065,3162.28,1,1,0,0,0,0
CCCC(=O)Oc1cccc2c1-c1cccc3c1[C@@H](C2)N(CCC)CC3,7.924453038607469,11.9,1,1,0,1,1,1
CCCN1CCc2cccc3c2C1Cc1cccc(OC(=O)Nc2cccc4ccccc24)c1-3,6.906578314837765,124.0,0,0,0,0,0,0
CCCN1CCc2cccc3c2[C@H]1Cc1cccc(N)c1-3,6.559090917934782,276.0,0,0,0,0,1,1
CCCC(=O)Nc1cccc2c1-c1cccc3c1[C@@H](C2)N(CCC)CC3,6.42021640338319,380.0,1,1,0,1,1,1
CCCN1CCc2cccc3c2[C@H]1Cc1cccc(NC(=O)CCCCC2CCSS2)c1-3,6.603800652904264,249.0,0,0,0,0,1,1
O=C(c1ccc(F)cc1)C1CCN([C@H]2CCN(Cc3ccc(F)cc3)C[C@@H]2O)CC1,5.5951662833800615,2540.0,0,0,0,0,0,0
COc1ccc2nc(-c3ccc(OCC(O)CNC(C)C)cc3)n(C)c(=O)c2c1,5.259637310505756,5500.0,0,0,0,0,0,0
Nc1nccc(-c2c[nH]c3cccc(O)c23)n1,6.164943898279883,684.0,0,0,0,0,1,1
COc1cccc2[nH]cc(-c3ccnc(N)n3)c12,5.8683813356508745,1354.0,0,0,0,0,0,0
COc1cc2c(cc1OC)CN(CCCCn1cc(-c3ccc(F)cc3)c3ccccc31)CC2,5.82102305270683,1510.0,0,0,0,0,0,0
CS(=O)(=O)NC[C@H]1CC[C@H](Nc2nc3c(s2)CCSc2ccccc2-3)CC1,6.320572103387881,478.0,0,0,0,0,0,0
CCN/C(=N\S(=O)(=O)c1cccc(Cl)c1)N1CC2(C=N1)CCNCC2,5.0,10000.0,0,0,0,0,0,0
COc1ccccc1N1CCN(CCN(C(=O)C23CC4CC(CC(CF)(C4)C2)C3)c2ccccn2)CC1,8.739928612014925,1.82,0,0,0,0,0,0
COc1ccccc1N1CCN(CCN(C(=O)C23C4C5C2C2C3C4C52CF)c2ccccn2)CC1,9.431798275933003,0.37,0,0,0,0,0,0
COc1ccccc1N1CCN(CCN(C(=O)C23CCC(CF)(CC2)CC3)c2ccccn2)CC1,9.057991946977689,0.875,0,0,0,0,0,0
COc1ccccc1N1CCN(CCN(C(=O)C23CCC(CF)(CC2)C3)c2ccccn2)CC1,9.05551732784983,0.88,0,0,0,0,0,0
O=C(N(CCN1CCN(c2ccccc2O)CC1)c1ccccn1)C12CC3CC(CC(CF)(C3)C1)C2,8.958607314841775,1.1,0,0,0,0,0,0
O=C(N(CCN1CCN(c2ccccc2O)CC1)c1ccccn1)C12C3C4C1C1C2C3C41CF,9.236572006437065,0.58,0,0,0,0,0,0
O=C(N(CCN1CCN(c2ccccc2O)CC1)c1ccccn1)C12CCC(CF)(CC1)CC2,9.1249387366083,0.75,0,0,0,0,0,0
O=C(N(CCN1CCN(c2ccccc2O)CC1)c1ccccn1)C12CCC(CF)(CC1)C2,9.130768280269024,0.74,0,0,0,0,0,0
OC1(c2ccc(Cl)cc2)CCN(CCCCc2ccc(F)cc2)CC1,6.181774106386045,658.0,0,0,0,0,0,0
Fc1ccc(SCCCN2CCC(c3ccc(Cl)cc3)CC2)cc1,6.342944147142896,454.0,0,0,0,0,1,0
Fc1ccc(OCCCN2CCC(c3ccc(Cl)cc3)CC2)cc1,6.772113295386326,169.0,0,0,0,0,1,0
O[S+](CCCN1CCC(c2ccc(Cl)cc2)CC1)c1ccc(F)cc1,6.212539525481585,613.0,0,0,0,0,1,0
Fc1ccc(CCCCN2CCN(c3ccc(Cl)cc3)CC2)cc1,6.950781977329818,112.0,0,0,0,0,1,1
Fc1ccc(SCCCN2CCN(c3ccc(Cl)cc3)CC2)cc1,6.779891911959945,166.0,0,0,0,0,1,1
Fc1ccc(SCCCN2CCN(c3ccc(C(F)(F)F)cc3)CC2)cc1,5.966576244513051,1080.0,0,0,0,0,1,1
Fc1ccc(OCCCN2CCN(c3ccc(Cl)cc3)CC2)cc1,7.096910013008056,80.0,0,0,0,0,1,1
Fc1ccc(OCCCN2CCN(c3ccccc3)CC2)cc1,7.619788758288394,24.0,1,1,0,1,1,1
Clc1ccc(N2CCN(CCCOc3ccccc3)CC2)cc1,6.812479279163537,154.0,1,1,0,1,1,1
c1ccc(OCCCN2CCN(c3ccccc3)CC2)cc1,7.602059991327962,25.0,1,1,0,0,1,1
Fc1ccc(CCCCN2CCN(c3ncccn3)CC2)cc1,8.065501548756432,8.6,1,1,0,1,1,1
Fc1ccc(SCCCN2CCN(c3ncccn3)CC2)cc1,7.031050319018657,93.1,1,1,0,1,1,1
Fc1ccc(OCCCN2CCN(c3ncccn3)CC2)cc1,7.638272163982407,23.0,1,1,0,1,1,1
Fc1ccc(CCCCN2CCN(c3ccccn3)CC2)cc1,8.958607314841775,1.1,1,1,0,1,1,1
Fc1ccc(SCCCN2CCN(c3ccccn3)CC2)cc1,8.207608310501746,6.2,1,1,0,1,1,1
Fc1ccc(OCCCN2CCN(c3ccccn3)CC2)cc1,8.443697499232712,3.6,1,1,0,1,1,1
c1ccc2nc(N3CCNCC3)ccc2c1,6.638272163982407,230.0,1,1,0,0,0,0
CC1CN(c2ccc3cc([N+](=O)[O-])ccc3n2)CCN1CCCCN1C(=O)CCCC1=O,6.148130399270234,711.0,0,0,0,0,1,1
O=C1CCCC(=O)N1CCCCN1CCN(c2ccc3cc([N+](=O)[O-])ccc3n2)CC1,4.97469413473523,10600.0,0,0,0,0,1,0
CC1CN(c2ccc3cc([N+](=O)[O-])ccc3n2)CCN1CCCCN1C(=O)CC2(CCCC2)CC1=O,6.109858539935423,776.5,0,0,0,0,1,1
O=C1CC2(CCCC2)CC(=O)N1CCCCN1CCN(c2ccc3cc([N+](=O)[O-])ccc3n2)CC1,5.958607314841775,1100.0,0,0,0,0,1,1
CC1CN(c2ccc3cc([N+](=O)[O-])ccc3n2)CCN1CCCCN1C(=O)CC(C)(C)CC1=O,6.655607726314889,221.0,0,0,0,0,1,1
CC1(C)CC(=O)N(CCCCN2CCN(c3ccc4cc([N+](=O)[O-])ccc4n3)CC2)C(=O)C1,5.6777807052660805,2100.0,0,0,0,0,1,1
O=C1c2ccccc2C(=O)N1CCCCN1CCN(c2ccc3cc([N+](=O)[O-])ccc3n2)CC1,4.229147988357856,59000.0,0,0,0,0,1,1
CC1(C)CC(=O)N(CCCCN2CCN(c3ccc4c(Cl)cccc4n3)CC2)C(=O)C1,5.853871964321762,1400.0,1,1,0,0,1,1
CC(=O)Nc1ccc2nc(N3CCN(CCCCN4C(=O)CC5(CCCC5)CC4=O)CC3)ccc2c1,5.494850021680094,3200.0,0,0,0,0,1,0
CC1CN(c2ccc3ccccc3n2)CCN1CCCCN1C(=O)c2ccccc2C1=O,7.886056647693163,13.0,1,1,1,1,1,1
O=C1c2ccccc2C(=O)N1CCCCN1CCN(c2ccc3ccccc3n2)CC1,7.4089353929735005,39.0,0,0,0,0,1,1
CC1CN(c2ccc3ccccc3n2)CCN1CCCN1C(=O)c2ccccc2C1=O,6.560667306169737,275.0,1,1,1,1,1,1
CC1CN(c2ccc3ccccc3n2)CCN1CCCCN1C(=O)CCCC1=O,7.431798275933005,37.0,0,0,0,0,1,1
CC1CN(c2ccc3ccccc3n2)CCN1CCCCN1C(=O)CC2(CCCC2)CC1=O,7.619788758288394,24.0,0,0,0,0,1,1
O=C1CC2(CCCC2)CC(=O)N1CCCCN1CCN(c2ccc3ccccc3n2)CC1,7.4089353929735005,39.0,0,0,0,0,1,1
CC1CN(c2ccc3ccccc3n2)CCN1CCCCN1C(=O)CC(C)(C)CC1=O,7.823908740944319,15.0,0,0,0,0,1,1
CC1(C)CC(=O)N(CCCCN2CCN(c3ccc4ccccc4n3)CC2)C(=O)C1,7.958607314841775,11.0,1,1,0,0,1,1
O=C1c2ccc(F)cc2CC1CCN1CCCN(c2ccc(Cl)cc2)CC1,6.381951903287908,415.0,0,0,0,0,0,0
Fc1ccc(SCCCN2CCCN(c3ccc(Cl)cc3)CC2)cc1,6.774690718274137,168.0,0,0,0,0,0,0
Fc1ccc(OCCCN2CCCN(c3ccc(Cl)cc3)CC2)cc1,7.136677139879544,73.0,0,0,0,0,0,0
Fc1ccc(CCCCN2CCCN(c3ccc(Cl)cc3)CC2)cc1,7.040958607678906,91.0,0,0,0,0,0,0
Clc1ccc(N2CCCN(CCCCc3nc4ccccc4s3)CC2)cc1,6.580044251510242,263.0,0,0,0,0,0,0
Clc1ccc(N2CCCN(CCCc3nc4ccccc4s3)CC2)cc1,6.665546248849069,216.0,0,0,0,0,0,0
O=C(CCCCN1CCCN(c2ccc(Cl)cc2)CC1)c1nc2ccccc2s1,6.305394801066432,495.0,1,1,1,1,1,0
OC1(c2ccc(Cl)cc2)C[C@@H]2CC[C@H](C1)N2CCCCc1nc2ccccc2s1,6.562249437179612,274.0,0,0,0,0,0,0
Clc1ccc2c(c1)N=C(N1CCNCC1)c1cccnc1O2,6.425968732272281,375.0,0,0,0,0,0,0
Clc1ccc2c(c1)N=C(N1CCN(Cc3ccccc3)CC1)c1cccnc1O2,6.575118363368933,266.0,1,1,0,0,1,1
Clc1ccc2c(c1)N=C(N1CCN(CCc3ccccc3)CC1)c1cccnc1O2,7.721246399047171,19.0,1,1,0,0,1,1
Clc1ccc2c(c1)N=C(N1CCN(C3CCCCC3)CC1)c1cccnc1O2,6.882728704344236,131.0,0,0,0,0,0,0
Clc1ccc2c(c1)C(N1CCNCC1)=Nc1ccccc1O2,6.655607726314889,221.0,0,0,0,0,0,0
C[C@@H]1CCCN1CCc1cc2cc(C(=O)c3ccc(F)cc3)ccc2o1,6.364516253185088,432.0,0,0,0,0,0,0
O=C(NC1CCCC1)c1ccc(-c2ccc3c(c2)CCN(CCN2CCCC2)C3=O)cc1,5.059483515067432,8720.0,0,0,0,0,0,0
CN(C)C(=O)c1ccc(-c2ccc3c(c2)CCN(CCN2CCCC2)C3=O)cc1,5.06198090252379,8670.0,0,0,0,0,0,0
CCNC(=O)c1ccc(-c2ccc3c(c2)CCN(CCN2CCC[C@H]2C)C3=O)cc1,4.995678626217358,10100.0,0,0,0,0,0,0
C[C@@H]1CCCN1CCN1CCc2cc(-c3ccc(C(=O)N4CCCC4)cc3)ccc2C1=O,4.913640169325252,12200.0,0,0,0,0,0,0
O=C(Cc1ccccc1)Nc1ccc(CCN2CCN(c3ccccc3)CC2)cc1,6.044504670815873,902.6,1,1,0,0,0,0
O=C(Cc1ccccn1)Nc1ccc(CCN2CCN(c3ccccc3)CC2)cc1,7.020907099361674,95.3,1,1,0,1,1,1
O=C(Cc1cccnc1)Nc1ccc(CCN2CCN(c3ccccc3)CC2)cc1,6.796423225022028,159.8,1,1,0,1,1,1
O=C(Cc1ccncc1)Nc1ccc(CCN2CCN(c3ccccc3)CC2)cc1,6.911863911299449,122.5,1,1,0,1,1,1
O=C(Nc1ccccc1)Nc1ccc(CCN2CCN(c3ccccc3)CC2)cc1,5.645123577483767,2264.0,1,1,0,1,1,1
O=C(Nc1ccc(CCN2CCN(c3ccccc3)CC2)cc1)Nc1ccccn1,6.90031935889075,125.8,1,1,0,1,1,1
O=C(Nc1ccc(CCN2CCN(c3ccccc3)CC2)cc1)Nc1cccnc1,6.400226060853612,397.9,1,1,0,0,0,0
O=C(Nc1ccncc1)Nc1ccc(CCN2CCN(c3ccccc3)CC2)cc1,6.644356949779131,226.8,1,1,0,0,0,0
O=C(Cc1ccccc1)Nc1cccc(CCN2CCN(c3ccccc3)CC2)c1,9.236572006437065,0.58,1,1,0,1,1,1
O=C(Cc1ccccn1)Nc1cccc(CCN2CCN(c3ccccc3)CC2)c1,8.325138859262188,4.73,1,1,0,0,0,0
O=C(Cc1cccnc1)Nc1cccc(CCN2CCN(c3ccccc3)CC2)c1,8.856985199745905,1.39,1,1,0,0,0,0
O=C(Cc1ccncc1)Nc1cccc(CCN2CCN(c3ccccc3)CC2)c1,8.645891560852599,2.26,1,1,0,0,0,0
O=C(Nc1ccccc1)Nc1cccc(CCN2CCN(c3ccccc3)CC2)c1,8.23807216157947,5.78,1,1,0,1,1,1
O=C(Nc1cccc(CCN2CCN(c3ccccc3)CC2)c1)Nc1ccccn1,8.123205023799299,7.53,1,1,0,1,1,1
O=C(Nc1cccnc1)Nc1cccc(CCN2CCN(c3ccccc3)CC2)c1,9.022276394711152,0.95,1,1,0,0,0,0
O=C(Nc1ccncc1)Nc1cccc(CCN2CCN(c3ccccc3)CC2)c1,9.30102999566398,0.5,1,1,0,1,1,1
c1ccc(CCN2CCN(c3ccccc3)CC2)cc1,7.364516253185088,43.2,0,0,0,0,1,1
N#Cc1ccc2[nH]cc(CCCCN3CCN(c4ccc5oc(C(N)=O)cc5c4)CC3)c2c1,9.602059991327964,0.25,0,0,0,0,0,0
Clc1ccc(N2CCN(CCCc3nc4ccccc4s3)CC2)cc1,6.505845405981558,312.0,0,0,0,0,1,1
Clc1ccc(N2CCN(CCCCc3nc4ccccc4s3)CC2)cc1,7.043351420794797,90.5,0,0,0,0,1,1
OC1(c2ccc(Cl)cc2)CCN(CCCCc2nc3ccccc3s2)CC1,6.112945621949043,771.0,0,0,0,0,0,0
c1cnc(N2CCN(CCCCc3nc4ccccc4s3)CC2)nc1,8.18045606445813,6.6,0,0,0,0,1,1
c1ccc2c(c1)CCN(CCCCc1nc3ccccc3s1)C2,8.292429823902063,5.1,1,1,0,0,1,1
c1ccc2c(c1)CN(CCCCc1nc3ccccc3s1)C2,6.954677021213342,111.0,1,1,0,0,1,1
O=C(CCCN1CCN(c2ccccc2)CC1)c1nc2ccccc2s1,6.455931955649724,350.0,1,1,1,1,1,1
O=C(CCCN1CCC(c2ccccc2)CC1)c1nc2ccccc2s1,7.070581074285707,85.0,1,1,1,1,1,1
O=C(CCCN1CCN(c2ncccn2)CC1)c1nc2ccccc2s1,7.200659450546418,63.0,1,1,1,1,1,1
O=C(CCCCN1CCC(n2c(=O)[nH]c3cc(Cl)ccc32)CC1)c1nc2ccccc2s1,6.598599459218456,252.0,0,0,0,0,1,1
O=C(CCCCN1CCC2(CC1)C(=O)NCN2c1ccccc1)c1nc2ccccc2s1,6.987162775294828,103.0,0,0,0,0,1,0
O=C(CCCCN1Cc2ccccc2C1)c1nc2ccccc2s1,6.669586226650809,214.0,0,0,0,0,1,1
O=C(CCCCN1CCN(c2ccc(Cl)cc2)CC1)c1nc2ccccc2s1,7.548213564475709,28.3,1,1,1,1,1,1
O=C(CCCCN1CCN(c2ncccn2)CC1)c1nc2ccccc2s1,8.443697499232712,3.6,1,1,1,1,1,1
O=C(CCCCN1CCN(c2ccccc2)CC1)c1nc2ccccc2s1,8.443697499232712,3.6,1,1,1,1,1,1
O=C(CCCCN1CCC(c2ccccc2)CC1)c1nc2ccccc2s1,8.136677139879543,7.3,1,1,1,1,1,1
COc1cc2c(cc1OC)[C@@H]1Cc3c(CO)c(OC)cc(OC)c3CN1CC2,6.136665241563578,730.02,0,0,0,0,0,0
COc1cc(OC)c2c(c1CO)C[C@H]1c3cc4c(cc3CCN1C2)OCO4,6.2219283775708245,599.89,0,0,0,0,0,0
Clc1cccc(Cl)c1N=C1NCCN1,5.489999539566098,3235.94,0,0,0,0,0,0
CC(Oc1c(Cl)cccc1Cl)C1=NCCN1,6.900008766455316,125.89,0,0,0,0,0,0
O=S(=O)(NCC1CCN(CCOc2ccccc2-c2ccccc2)CC1)c1ccc(Cl)s1,6.995678626217358,101.0,1,1,0,0,0,0
O=S(=O)(NCC1CCN(CCOc2cccc(F)c2)CC1)c1cccs1,6.075204004202088,841.0,0,0,0,0,0,0
CC(C)c1ccccc1OCCN1CCC(CNS(=O)(=O)c2ccc(F)cc2)CC1,6.85078088734462,141.0,1,1,0,0,0,0
O=S(=O)(NCC1CCN(CCOc2ccccc2-c2ccccc2)CC1)c1ccc(F)cc1,6.537602002101044,290.0,0,0,0,0,0,0
O=S(=O)(NCC1CCN(CCOc2cccc(F)c2)CC1)c1ccc(F)cc1,6.044312249686494,903.0,0,0,0,0,0,0
CC(C)c1ccccc1OCCN1CCC(CNS(=O)(=O)c2cccc(Cl)c2)CC1,6.982966660701219,104.0,1,1,0,0,0,0
CSc1ccccc1OCCN1CCC(CNS(=O)(=O)c2cccc(Cl)c2)CC1,7.744727494896693,18.0,0,0,0,0,1,1
O=S(=O)(NCC1CCN(CCOc2cccc(F)c2)CC1)c1cccc(Cl)c1,6.548213564475709,283.0,0,0,0,0,1,1
CCOc1ccccc1C(=O)NC1CCN(CCOc2cccc(F)c2)CC1,6.341035157335565,456.0,0,0,0,0,0,0
O=S(=O)(NC1CCN(CCOc2ccccc2)CC1)c1cccs1,6.6252516539898965,237.0,1,1,0,1,1,1
CC(C)c1ccccc1OCCN1CCC(NS(=O)(=O)c2ccc(F)cc2)CC1,6.360513510731414,436.0,1,1,0,0,1,1
O=S(=O)(NC1CCN(CCOc2ccccc2-c2ccccc2)CC1)c1ccc(F)c(F)c1,6.504455662453552,313.0,0,0,0,0,1,1
O=C(NC1CCN(CCOc2ccccc2-c2ccccc2)C1)c1cccc(F)c1F,7.318758762624412,48.0,0,0,0,0,0,0
CC(C)c1ccccc1OCCN1CCC(NC(=O)c2ccc3ccccc3n2)C1,7.522878745280337,30.0,0,0,0,0,0,0
O=C(NC1CCN(CCOc2ccccc2-c2ccccc2)C1)c1ccc2ccccc2n1,7.346787486224656,45.0,0,0,0,0,0,0
CC(C)c1ccccc1OCCN1CCC(NS(=O)(=O)c2cccs2)C1,7.67778070526608,21.0,1,1,0,0,1,1
O=S(=O)(NC1CCN(CCOc2ccccc2-c2ccccc2)C1)c1cccs1,7.346787486224656,45.0,1,1,0,0,0,0
O=S(=O)(NC1CCN(CCOc2cccc3c2CCCC3)C1)c1cccs1,7.886056647693163,13.0,0,0,0,0,1,1
O=S(=O)(NC1CCN(CCOc2cccc(F)c2)C1)c1cccs1,6.568636235841013,270.0,0,0,0,0,1,1
O=S(=O)(NC1CCN(CCOc2cccc(Cl)c2Cl)C1)c1ccc(Cl)s1,7.552841968657781,28.0,1,1,0,0,1,1
O=S(=O)(NC1CCN(CCOc2cc(Cl)ccc2Cl)C1)c1ccc(Cl)s1,6.144480844332199,717.0,1,1,0,0,1,1
O=S(=O)(NC1CCN(CCOc2ccccc2)C1)c1ccc(Cl)s1,7.187086643357144,65.0,1,1,0,0,1,1
CC(C)c1ccccc1OCCN1CCC(NS(=O)(=O)c2cccc3cccnc23)C1,7.638272163982407,23.0,1,1,0,0,0,0
CSc1ccccc1OCCN1CCC(NS(=O)(=O)c2ccc(F)cc2)C1,8.0,10.0,1,1,0,0,0,0
O=S(=O)(NC1CCN(CCOc2ccccc2)C1)c1ccc(F)cc1,8.045757490560675,9.0,1,1,0,0,0,0
O=S(=O)(NC1CCN(CCOc2cccc3c2CCCC3)C1)c1ccc(F)cc1,7.657577319177793,22.0,0,0,0,0,0,0
O=S(=O)(NC1CCN(CCOc2ccccc2-c2ccccc2)C1)c1ccc(F)c(F)c1,7.036212172654444,92.0,1,1,0,0,0,0
O=S(=O)(NC1CCN(CCOc2cccc(F)c2)C1)c1ccc(F)c(F)c1,6.638272163982407,230.0,0,0,0,0,0,0
O=S(=O)(NC1CCN(CCOc2ccccc2-c2ccccc2)C1)c1cc(F)ccc1F,7.091514981121351,81.0,1,1,0,0,0,0
O=S(=O)(NC1CCN(CCOc2cccc3c2CCCC3)C1)c1cc(F)ccc1F,8.0,10.0,0,0,0,0,0,0
CC(C)c1ccccc1OCCN1CCC(NS(=O)(=O)c2cccc(Cl)c2)C1,7.508638306165727,31.0,1,1,0,1,0,0
CSc1ccccc1OCCN1CCC(NS(=O)(=O)c2cccc(Cl)c2)C1,8.301029995663981,5.0,0,0,0,0,0,0
CNC(=O)c1cc(Oc2ccc(NC(=O)Nc3ccc(Cl)c(C(F)(F)F)c3)cc2)ccn1,5.927750102386486,1181.0,0,0,0,0,0,0
Clc1cccc(C2CCN(CCCCOc3ccc4scnc4c3)CC2)c1Cl,9.221848749616356,0.6,0,0,0,0,0,0
Cc1ccccc1-c1cccc(N2CCNCC2)c1,7.7594507517174,17.4,0,0,0,0,0,0
COc1cccc(OC)c1-c1cccc(N2CCNCC2)c1,6.826813731587726,149.0,0,0,0,0,1,1
c1ccc(-c2cccc(N3CCNCC3)c2)nc1,7.826813731587726,14.9,0,0,0,0,0,0
O=[N+]([O-])c1ccc(-c2cccc(N3CCNCC3)c2)cc1,7.503070351926785,31.4,0,0,0,0,0,0
COc1ccc(-c2ccccc2N2CCNCC2)cc1,6.3223930472795065,476.0,0,0,0,0,1,1
Fc1ccc(-c2cccc(N3CCNCC3)c2)cc1,7.199282921717615,63.2,0,0,0,0,0,0
c1ccc(-c2cccc(N3CCNCC3)c2)cc1,7.142064735280571,72.1,0,0,0,0,0,0
c1ccc(-c2ccccc2N2CCNCC2)cc1,7.00436480540245,99.0,1,1,0,1,1,1
O=C(C1CCCCC1)N(CCN1CC=C(c2ccccc2)CC1)c1ccccn1,9.221848749616356,0.6,0,0,0,0,1,1
O=C(C1CCCCC1)N(CCN1CCN(c2ccccc2)CC1)c1ccccn1,8.8153085691824,1.53,0,0,0,0,1,1
O=C(c1cnc2ccccc2n1)N(CCN1CC=C(c2ccccc2)CC1)c1ccccn1,8.082494490447454,8.27,0,0,0,0,1,1
O=C(c1cccc2ccccc12)N(CCN1CC=C(c2ccccc2)CC1)c1ccccn1,7.853561864714226,14.01,0,0,0,0,1,1
O=C(c1ccc2ccccc2c1)N(CCN1CC=C(c2ccccc2)CC1)c1ccccn1,8.077793722560983,8.36,0,0,0,0,1,1
O=C(c1cnc2ccccc2n1)N(CCN1CCN(c2ccccc2)CC1)c1ccccn1,7.441411416891801,36.19,0,0,0,0,1,1
O=C(c1cccc2ccccc12)N(CCN1CCN(c2ccccc2)CC1)c1ccccn1,7.445510839996181,35.85,0,0,0,0,1,1
O=C(c1ccc2ccccc2c1)N(CCN1CCN(c2ccccc2)CC1)c1ccccn1,7.78807891569149,16.29,0,0,0,0,1,1
COc1ccccc1N1CCN(CCN(C(=O)c2cnc3ccccc3n2)c2ccccn2)CC1,8.605548319173783,2.48,0,0,0,0,1,1
COc1ccccc1N1CCN(CCN(C(=O)c2cccc3ccccc23)c2ccccn2)CC1,8.723538195826755,1.89,0,0,0,0,1,1
COc1ccccc1N1CCN(CCN(C(=O)c2ccc3ccccc3c2)c2ccccn2)CC1,8.79317412396815,1.61,0,0,0,0,1,1
CCCN1CCC(COc2nc3c(Cl)cccc3c3ccccc23)CC1,5.053744292800602,8836.0,0,0,0,0,0,0
CCCN1CCC(COc2nc3c(I)cccc3c3ncccc23)CC1,5.2495687513397975,5629.0,0,0,0,0,0,0
CCCN1CCC(COc2nc3c(F)cccc3c3ncccc23)CC1,5.3021606317816365,4987.0,0,0,0,0,0,0
Fc1cccc2c1nc(OCC1CCN(CCCc3ccc(I)cc3)CC1)c1cccnc12,6.167491087293763,680.0,0,0,0,0,0,0
CCCN1CCC(n2c(=O)[nH]c3cc(Cl)ccc32)CC1,5.243439956993317,5709.0,0,0,0,0,1,1
CCc1cccc(CC)c1Cc1ncc[nH]1,5.886056647693163,1300.0,0,0,0,0,0,0
CCOC(=O)Cn1c(NCCCN2CCN(c3ccccc3)CC2)nc2c1c(=O)n(C)c(=O)n2C,6.228001199730223,591.56,0,0,0,0,0,0
CCCCn1c(NCCCN2CCN(c3ccccc3)CC2)nc2c1c(=O)n(C)c(=O)n2C,7.0,100.0,0,0,0,0,0,0
Cn1c(=O)c2c(nc(NCCCN3CCN(c4ccccc4)CC3)n2C)n(C)c1=O,6.415002012352558,384.59,0,0,0,0,0,0
COc1ccccc1N1CCN(CCCN2C(=O)CCCn3c2nc2c3c(=O)n(C)c(=O)n2C)CC1,6.775001039460547,167.88,1,1,0,1,0,0
Cn1c(=O)c2c(nc3n2CCCC(=O)N3CCCN2CCN(c3cccc(Cl)c3)CC2)n(C)c1=O,7.219970872662661,60.26,0,0,0,0,0,0
COc1ccccc1N1CCN(CCCn2c(=O)ccn3c4c(=O)n(C)c(=O)n(C)c4nc23)CC1,7.982966660701219,10.4,1,1,0,1,0,0
Cn1c(=O)c2c(nc3n(CCCN4CCN(c5cccc(Cl)c5)CC4)c(=O)ccn23)n(C)c1=O,7.483993769613952,32.81,0,0,0,0,0,0
COc1ccccc1N1CCN(CCCN2C(=O)CCn3c2nc2c3c(=O)n(C)c(=O)n2C)CC1,7.665948559653108,21.58,0,0,0,0,0,0
Cn1c(=O)c2c(nc3n2CCC(=O)N3CCCN2CCN(c3cccc(Cl)c3)CC2)n(C)c1=O,7.368049173740783,42.85,0,0,0,0,0,0
COc1ccccc1N1CCN(CCCN2CCCCn3c2nc2c3c(=O)n(C)c(=O)n2C)CC1,7.763966852882364,17.22,0,0,0,0,0,0
Cn1c(=O)c2c(nc3n2CCCCN3CCCN2CCN(c3cccc(Cl)c3)CC2)n(C)c1=O,7.5730010412434625,26.73,0,0,0,0,0,0
COc1ccccc1N1CCN(CCCN2CCCn3c2nc2c3c(=O)n(C)c(=O)n2C)CC1,8.552997101533837,2.799,1,1,0,0,1,1
Cn1c(=O)c2c(nc3n2CCCN3CCCN2CCN(c3cccc(Cl)c3)CC2)n(C)c1=O,7.590066876668706,25.7,1,1,0,0,1,1
Cn1c(=O)c2c(nc3n2CCCC(=O)N3CCCN2CCN(c3ncccn3)CC2)n(C)c1=O,6.324001818036785,474.24,1,1,0,0,0,0
Cn1c(=O)c2c(nc3n2CCC(=O)N3CCCN2CCN(c3ncccn3)CC2)n(C)c1=O,7.376957565753618,41.98,1,1,0,0,0,0
Cn1c(=O)c2c(nc3n2CCCN3CCCN2CCN(c3ncccn3)CC2)n(C)c1=O,7.444059562181489,35.97,1,1,0,1,1,1
Cn1c(=O)c2c(nc3n(CCCN4CCN(c5ccccc5)CC4)c(=O)ccn23)n(C)c1=O,7.602059991327962,25.0,0,0,0,0,0,0
Cn1c(=O)c2c(nc3n2CCCN3CCCCN2CCN(c3ccccc3)CC2)n(C)c1=O,8.6779875614176,2.099,1,1,1,1,1,1
Cn1c(=O)c2c(nc3n2CCCCN3CCCN2CCN(c3ccccc3)CC2)n(C)c1=O,7.509058794643213,30.97,1,1,1,1,0,0
Cn1c(=O)c2c(nc3n2CCCN3CCCN2CCN(c3ccccc3)CC2)n(C)c1=O,7.795880017344075,16.0,0,0,0,0,0,0
O=[N+]([O-])c1ccc(CCN2CCN(c3ccccc3)CC2)cc1[N+](=O)[O-],7.044793462458058,90.2,0,0,0,0,1,1
O=c1[nH]c2ccc(CCN3CCN(c4cccc(C(F)(F)F)c4)CC3)cc2[nH]c1=O,7.0,100.0,0,0,0,0,1,1
c1ccc2c(N3CCN(CCc4ccc5[nH]cnc5c4)CC3)cccc2c1,6.900008766455316,125.89,0,0,0,0,1,1
O=S(=O)(NCCCCN1CCN(c2cccc(Cl)c2Cl)CC1)c1cncc2ccccc12,7.229147988357855,59.0,0,0,0,0,1,0
O=S(=O)(NCCCCN1CCN(c2cccc(Cl)c2Cl)CC1)c1cc2ccccc2cn1,7.468521082957745,34.0,0,0,0,0,1,0
O=S(=O)(NCCCCN1CCN(c2cccc(Cl)c2Cl)CC1)c1cccc2cccnc12,6.950781977329818,112.0,0,0,0,0,1,0
O=S(=O)(NCCCCN1CCN(c2cccc(Cl)c2Cl)CC1)c1ccc2cccnc2c1,7.769551078621726,17.0,0,0,0,0,1,0
O=S(=O)(NCCCCN1CCN(c2cccc(Cl)c2Cl)CC1)c1ccc2ncccc2c1,7.102372908709558,79.0,0,0,0,0,1,0
O=S(=O)(NCCCCN1CCN(c2cccc(Cl)c2Cl)CC1)c1cnc2ccc(Cl)cc2c1,7.055517327849832,88.0,0,0,0,0,1,0
O=S(=O)(NCCCCN1CCN(c2cccc(Cl)c2Cl)CC1)c1cnc2ccccc2c1,7.638272163982407,23.0,0,0,0,0,1,0
O=S(=O)(NCCCN1CCN(c2cccc(Cl)c2Cl)CC1)c1ccc2cccnc2c1,7.853871964321762,14.0,0,0,0,0,1,0
O=S(=O)(NCCCN1CCN(c2cccc(Cl)c2Cl)CC1)c1ccc2ncccc2c1,7.602059991327962,25.0,0,0,0,0,1,0
O=S(=O)(NCCCN1CCN(c2cccc(Cl)c2Cl)CC1)c1cnc2ccc(Cl)cc2c1,7.638272163982407,23.0,0,0,0,0,1,0
COc1c(O)ccc2c1CN1CCc3cc4c(cc3[C@@H]1C2)OCCO4,6.681936665037238,208.0,0,0,0,0,0,0
COc1c(O)ccc2c1CN1CCc3cc4c(cc3[C@@H]1C2)OCO4,6.041914151478915,908.0,0,0,0,0,0,0
COc1cc2c(cc1OC)[C@@H]1Cc3ccc(O)c(OC)c3CN1CC2,6.826813731587726,149.0,0,0,0,0,0,0
Cc1cc(=O)oc2cc(OCCCN3CCN(c4ccccc4)CC3)ccc12,9.102372908709558,0.79,0,0,0,0,1,1
O=C(OCCN1CCCC1)N1c2ccccc2Sc2ccccc21,5.769551078621726,1700.0,0,0,0,0,0,0
CCN(CC)CCCOC(=O)N1c2ccccc2Sc2ccccc21,6.346787486224656,450.0,0,0,0,0,0,0
CC(C(=O)N1c2ccccc2Sc2ccccc21)c1ccccc1,5.958607314841775,1100.0,0,0,0,0,0,0
COc1cc(N)c(Cl)cc1C(=O)NC1CCN(CCCOc2ccc(F)cc2)CC1OC,6.0999990348465305,794.33,0,0,0,0,0,0
COc1ccccc1N1CCN(CCCCn2ncc(=O)n(C)c2=O)CC1,9.82390874094432,0.15,1,1,1,1,1,1
Cn1c(=O)cnn(CCCCN2CCN(c3ccccc3OCCF)CC2)c1=O,10.0,0.1,1,1,0,0,1,1
COc1cc2nc(C3CC3)nc(N3CCN(c4ccccc4OC)CC3)c2cc1OC,6.3979400086720375,400.0,0,0,0,0,0,0
CC(Oc1ccccc1OC1CC1)C1=NCCN1,7.830031826003108,14.79,0,0,0,0,1,1
CC(Oc1ccccc1Br)C1=NCCN1,6.83000246293343,147.91,0,0,0,0,1,1
c1ccc(OC2CC2)c(OCC2=NCCN2)c1,7.100015437450609,79.43,0,0,0,0,0,0
Brc1ccccc1OCC1=NCCN1,6.2500010234416505,562.34,0,0,0,0,1,1
CCCc1ccccc1OCC1=NCCN1,7.100015437450609,79.43,0,0,0,0,0,0
c1ccc(C2CC2)c(OCC2=NCCN2)c1,7.460046158343603,34.67,0,0,0,0,1,1
c1ccc(OCC2=NCCN2)c(CC2CC2)c1,7.079981083971085,83.18,0,0,0,0,0,0
C=CCc1ccccc1OCC1=NCCN1,7.15002808767115,70.79,0,0,0,0,0,0
CCCc1ccccc1OC(C)C1=NCCN1,7.860120913598763,13.8,0,0,0,0,1,1
COc1ccc(-c2ccccc2N2CCN(CCOCCC(=O)NCc3ccncc3)CC2)cc1,6.05700040663396,877.0,1,1,0,1,1,1
COc1ccc(-c2ccccc2N2CCN(CCOCCC(=O)NCc3cccnc3)CC2)cc1,5.894830572000668,1274.0,1,1,0,1,1,1
COc1ccc(-c2ccccc2N2CCN(CCOCCC(=O)NCc3ccccn3)CC2)cc1,6.037157318798758,918.0,1,1,0,1,1,1
COc1ccc(-c2ccccc2N2CCN(CCCCCC(=O)NCc3ccncc3)CC2)cc1,6.621602099051862,239.0,1,1,0,1,1,1
COc1ccc(-c2ccccc2N2CCN(CCCCCC(=O)NCc3cccnc3)CC2)cc1,7.096910013008056,80.0,1,1,0,1,1,1
COc1ccc(-c2ccccc2N2CCN(CCCCCC(=O)NCc3ccccn3)CC2)cc1,7.455931955649724,35.0,1,1,0,1,1,1
CN1C(=N)N/C(=C/c2c[nH]c3ccc(Br)cc23)C1=O,5.13306318226836,7361.0,1,1,0,0,1,1
CN1C(=N)N/C(=C/c2c[nH]c3c(Br)cccc23)C1=O,5.138525331142831,7269.0,0,0,0,0,0,0
C/N=C1\N(C)C(=O)/C(=C\c2c[nH]c3cccc(Br)c23)N1C,5.159454812363161,6927.0,0,0,0,0,0,0
C/N=C1\NC(=O)/C(=C\c2c[nH]c3cccc(Br)c23)N1C,5.336487529584844,4608.0,0,0,0,0,1,1
CN1C(=N)N/C(=C/c2c[nH]c3cccc(Br)c23)C1=O,5.462810773756355,3445.0,1,1,0,0,1,1
CN1C(=N)NC(=O)/C1=C\c1c[nH]c2ccc(Br)cc12,5.492819022739759,3215.0,0,0,0,0,1,1
O=C1NC(=S)N/C1=C\c1c[nH]c2ccc(Br)cc12,5.56019378860667,2753.0,0,0,0,0,1,1
C/N=C1\NC(=O)/C(=C\c2c[nH]c3ccc(Br)cc23)N1C,5.581036169296377,2624.0,0,0,0,0,1,1
C/N=C1\N(C)C(=O)/C(=C\c2c[nH]c3ccc(Br)cc23)N1C,5.599807511407424,2513.0,0,0,0,0,0,0
CN1C(=N)N(C)/C(=C/c2c[nH]c3c(Br)cccc23)C1=O,5.741841806659206,1812.0,0,0,0,0,0,0
CN1C(=N)N(C)/C(=C/c2c[nH]c3ccc(Br)cc23)C1=O,6.278189384787454,527.0,1,1,0,0,1,1
CN1C(=N)N(C)/C(=C/c2c[nH]c3cccc(Br)c23)C1=O,6.501689446210399,315.0,1,1,0,0,1,1
COc1ccc(CNC(=O)c2cc(-c3cc(Cl)cc(Cl)c3)cnc2-c2cccnc2)cc1OC,5.882728704344236,1310.0,0,0,0,0,0,0
CN1CCc2c(c3cccc4c3n2Cc2ccccc2C4)C1,6.427976913256154,373.27,0,0,0,0,0,0
COc1ccc(CNC(=O)CCCCCN2CCN(c3cccnc3-c3ccncc3)CC2)cc1,6.270025714300444,537.0,1,1,0,1,0,0
COc1ccc(CNC(=O)CCCCCN2CCN(c3ncccc3-c3ccncc3)CC2)cc1,6.211831628858833,614.0,1,1,0,1,0,0
O=C(CCCCCN1CCN(c2cccnc2-c2ccncc2)CC1)NCc1ccc(F)nc1,6.017276612331455,961.0,0,0,0,0,0,0
O=C(CCCCCN1CCN(c2ncccc2-c2ccncc2)CC1)NCc1ccc(F)nc1,6.692503962086787,203.0,0,0,0,0,0,0
COc1ccc(CNC(=O)CCOCCN2CCN(c3ccccc3-c3ccc(F)cc3)CC2)cc1,6.565431095965801,272.0,1,1,0,1,0,0
COc1ccc(CNC(=O)CCOCCN2CCN(c3cccc(-c4ccccc4OC)c3)CC2)cc1,6.730487055782084,186.0,0,0,0,0,0,0
COc1ccc(CNC(=O)CCOCCN2CCN(c3ccccc3-c3ccccc3C)CC2)cc1,6.129011186239425,743.0,0,0,0,0,0,0
O=C(CCOCCN1CCN(c2ccccc2-c2ccc(F)cc2)CC1)NCc1ccc(F)nc1,6.363512103646634,433.0,0,0,0,0,0,0
COc1ccccc1-c1cccc(N2CCN(CCOCCC(=O)NCc3ccc(F)nc3)CC2)c1,6.412289034981089,387.0,0,0,0,0,0,0
Cc1ccccc1-c1ccccc1N1CCN(CCOCCC(=O)NCc2ccc(F)nc2)CC1,6.057991946977687,875.0,0,0,0,0,0,0
COc1ccc(-c2ccccc2N2CCN(CCOCCC(=O)NCc3ccc(F)nc3)CC2)cc1,6.245651664288981,568.0,1,1,0,1,1,0
COc1ccc(-c2ccccc2N2CCN(CCCCCC(=O)NCc3ccc(F)nc3)CC2)cc1,6.818156412055227,152.0,1,1,0,1,0,0
COc1ccccc1N1CCN(Cc2ccn(-c3ccccc3C)c2)CC1,7.387216143280264,41.0,0,0,0,0,1,1
CN1CCC2C(C1)c1cccc3c1N2c1ccccc1CS3,7.400007822415902,39.81,0,0,0,0,0,0
O=C1CC(CN2CCC(c3noc4cc(F)ccc34)CC2)Cc2[nH]ncc21,5.820000358220839,1513.56,0,0,0,0,1,0
Cc1nc2c(o1)CC(CN1CCC(c3c[nH]c4cc(F)ccc34)CC1)CC2=O,6.309998953116936,489.78,0,0,0,0,1,1
O=C1CC(CN2CCC(c3c[nH]c4cc(F)ccc34)CC2)Cc2nc(N3CCCC3)sc21,6.98999702587294,102.33,0,0,0,0,0,0
CN1C(=O)N(CC(O)CN2CCN(c3ccccc3)CC2)C(c2ccccc2)(c2ccccc2)C1=O,6.489454989793388,324.0,0,0,0,0,1,0
COc1ccccc1N1CCN(CCCN2C(=O)N(C)C(=O)C2(c2ccccc2)c2ccccc2)CC1,8.187086643357144,6.5,0,0,0,0,1,0
COc1ccccc1N1CCN(CCCCN2C(=O)N(C)C(=O)C2(c2ccccc2)c2ccccc2)CC1,9.096910013008056,0.8,0,0,0,0,1,0
CCOc1ccccc1N1CCN(CCCN2C(=O)N(C)C(=O)C2(c2ccccc2)c2ccccc2)CC1,8.259637310505756,5.5,0,0,0,0,1,0
CSc1ccccc1N1CCN(CCCCC(=O)N2CCC[C@H]2C(N)=O)CC1,7.327902142064283,47.0,0,0,0,0,1,1
CSc1ccccc1N1CCN(CCCCCC(=O)N2CCC[C@H]2C(N)=O)CC1,7.853871964321762,14.0,1,1,0,1,1,1
CSc1ccccc1N1CCN(CCCCCCC(=O)N2CCC[C@H]2C(N)=O)CC1,7.638272163982407,23.0,0,0,0,0,1,1
CSc1ccccc1N1CCN(Cc2ccc(C(=O)N3CCC[C@H]3C(N)=O)cc2)CC1,6.504455662453552,313.0,1,1,0,1,1,1
COc1ccccc1N1CCN(CCCCC(=O)N2CCC[C@H]2C(N)=O)CC1,6.669586226650809,214.0,1,1,0,1,1,1
COc1ccccc1N1CCN(CCCCCC(=O)N2CCC[C@H]2C(N)=O)CC1,7.356547323513812,44.0,0,0,0,0,1,1
COc1ccccc1N1CCN(Cc2ccc(C(=O)N3CCC[C@H]3C(N)=O)cc2)CC1,5.20017716900668,6307.0,1,1,0,1,1,1
NC(=O)[C@@H]1CCCN1C(=O)CCCCN1CCN(c2ccccc2O)CC1,7.2839966563652,52.0,1,1,0,0,1,1
NC(=O)[C@@H]1CCCN1C(=O)CCCCCN1CCN(c2ccccc2Cl)CC1,6.634512015109101,232.0,1,1,0,0,1,1
NC(=O)[C@@H]1CCCN1C(=O)CCCCCN1CCN(c2ccccc2F)CC1,6.85078088734462,141.0,0,0,0,0,1,1
NC(=O)[C@@H]1CCCN1C(=O)CCCCCN1CCN(c2cccc(Cl)c2)CC1,7.42021640338319,38.0,1,1,0,0,1,1
NC(=O)[C@@H]1CCCN1C(=O)CCCCCN1CCN(c2ccc(F)cc2)CC1,6.24184537803261,573.0,1,1,0,0,1,1
NC(=O)[C@@H]1CCCN1C(=O)CCCCN1CCN(c2cccc(Cl)c2Cl)CC1,7.080921907623926,83.0,1,1,1,1,1,1
NC(=O)[C@@H]1CCCN1C(=O)CCCCCN1CCN(c2cccc(Cl)c2Cl)CC1,8.397940008672037,4.0,1,1,1,1,1,1
NC(=O)[C@@H]1CCCN1C(=O)CCCCN1CCN(c2noc3ccccc23)CC1,5.536405597812999,2908.0,1,1,1,1,1,1
NC(=O)[C@@H]1CCCN1C(=O)CCCCCN1CCN(c2noc3ccccc23)CC1,6.669586226650809,214.0,1,1,1,1,1,1
NC(=O)[C@@H]1CCCN1C(=O)CCCCCCN1CCN(c2noc3ccccc23)CC1,6.913640169325252,122.0,1,1,1,1,1,1
CSc1ccccc1N1CCN(CCCCC(=O)N2Cc3ccccc3C[C@H]2C(N)=O)CC1,7.744727494896693,18.0,0,0,0,0,1,1
CSc1ccccc1N1CCN(CCCCCCC(=O)N2Cc3ccccc3C[C@H]2C(N)=O)CC1,8.698970004336019,2.0,1,1,0,1,1,1
CSc1ccccc1N1CCN(Cc2ccc(C(=O)N3Cc4ccccc4C[C@H]3C(N)=O)cc2)CC1,6.913640169325252,122.0,0,0,0,0,0,0
COc1ccccc1N1CCN(CCCCC(=O)N2Cc3ccccc3C[C@H]2C(N)=O)CC1,6.97061622231479,107.0,1,1,0,1,1,1
COc1ccccc1N1CCN(CCCCCC(=O)N2Cc3ccccc3C[C@H]2C(N)=O)CC1,7.920818753952375,12.0,0,0,0,0,1,1
COc1ccccc1N1CCN(Cc2ccc(C(=O)N3Cc4ccccc4C[C@H]3C(N)=O)cc2)CC1,7.113509274827518,77.0,0,0,0,0,1,0
NC(=O)[C@@H]1Cc2ccccc2CN1C(=O)CCCCCN1CCN(c2ccccc2O)CC1,7.142667503568732,72.0,1,1,0,0,1,0
NC(=O)[C@@H]1Cc2ccccc2CN1C(=O)CCCCCN1CCN(c2ccccc2Cl)CC1,6.627087997029894,236.0,1,1,0,0,1,1
NC(=O)[C@@H]1Cc2ccccc2CN1C(=O)CCCCCN1CCN(c2cccc(Cl)c2)CC1,6.30189945437661,499.0,1,1,0,0,1,1
NC(=O)[C@@H]1Cc2ccccc2CN1C(=O)CCCCN1CCN(c2ccc(Cl)cc2)CC1,6.675717544702307,211.0,1,1,0,0,1,1
NC(=O)[C@@H]1Cc2ccccc2CN1C(=O)CCCCN1CCN(c2ccc(F)cc2)CC1,5.718058066559175,1914.0,1,1,0,0,1,1
NC(=O)[C@@H]1Cc2ccccc2CN1C(=O)CCCCCN1CCN(c2ccc(F)cc2)CC1,6.191789027075778,643.0,0,0,0,0,1,1
NC(=O)[C@@H]1Cc2ccccc2CN1C(=O)CCCCCN1CCN(c2cccc(Cl)c2Cl)CC1,7.795880017344075,16.0,1,1,0,0,1,1
NC(=O)[C@@H]1Cc2ccccc2CN1C(=O)c1ccc(CN2CCN(c3cccc(Cl)c3Cl)CC2)cc1,6.673664139071248,212.0,0,0,0,0,0,0
NC(=O)[C@@H]1Cc2ccccc2CN1C(=O)CCCCN1CCN(c2noc3ccccc23)CC1,6.423658649794207,377.0,1,1,0,1,1,1
NC(=O)[C@@H]1Cc2ccccc2CN1C(=O)CCCCCN1CCN(c2noc3ccccc23)CC1,6.638272163982407,230.0,0,0,0,0,1,1
NC(=O)[C@@H]1Cc2ccccc2CN1C(=O)CCCCCCN1CCN(c2noc3ccccc23)CC1,7.050609993355087,89.0,0,0,0,0,1,1
CSc1ccccc1N1CCN(CCCCCC(=O)NC2CCCc3ccccc32)CC1,7.278189384787454,52.70000000000001,1,1,0,0,1,1
CN1CCN2c3c(cccc31)[C@@H]1CN(CCCc3noc4cc(F)ccc34)CC[C@@H]12,6.438898616350944,364.0,0,0,0,0,0,0
O=C(CCCN1CC[C@H]2[C@@H](C1)c1cccc3c1N2CCC3)c1ccc(F)cc1,6.686132779630847,206.0,0,0,0,0,0,0
O=C(CCCN1CC[C@H]2[C@@H](C1)c1cccc3c1N2CCO3)c1ccc(F)cc1,5.876148359032914,1330.0,0,0,0,0,0,0
O=C(NCCN1CCN(c2ccccc2)CC1)c1cnc2ccccc2n1,7.522878745280337,30.0,1,1,0,1,1,1
O=C(NCCN1CC=C(c2ccccc2)CC1)c1cnc2ccccc2n1,8.424812155072338,3.76,1,1,0,1,1,1
O=C(NCCN1CCN(c2ccc(F)cc2)CC1)c1cnc2ccccc2n1,7.198596289982645,63.3,0,0,0,0,1,1
O=C(NCCN1CC=C(c2ccc(F)cc2)CC1)c1cnc2ccccc2n1,7.853871964321762,14.0,1,1,0,1,1,1
O=C(NCCN1CCN(c2ccc(Cl)cc2)CC1)c1cnc2ccccc2n1,7.568636235841013,27.0,1,1,0,0,1,1
O=C(NCCN1CC=C(c2ccc(Cl)cc2)CC1)c1cnc2ccccc2n1,8.031517051446064,9.3,1,1,0,1,1,1
Cc1ccc(N2CCN(CCNC(=O)c3cnc4ccccc4n3)CC2)cc1,7.5638373529592435,27.3,0,0,0,0,1,0
Cc1ccc(C2=CCN(CCNC(=O)c3cnc4ccccc4n3)CC2)cc1,8.122053048370812,7.55,1,1,0,1,0,0
O=C(NCCN1CCN(c2cc(F)cc(F)c2)CC1)c1cnc2ccccc2n1,7.954677021213342,11.1,1,1,0,1,1,0
O=C(NCCN1CC=C(c2cc(F)cc(F)c2)CC1)c1cnc2ccccc2n1,8.581698708680255,2.62,1,1,0,1,1,1
Cc1cc(C)cc(N2CCN(CCNC(=O)c3cnc4ccccc4n3)CC2)c1,8.435333935747911,3.67,0,0,0,0,1,1
Cc1cc(C)cc(C2=CCN(CCNC(=O)c3cnc4ccccc4n3)CC2)c1,8.958607314841775,1.1,1,1,0,1,1,1
O=C(NCCN1CCN(c2ccccc2)CC1)c1ccc2ccccc2c1,7.607303046740334,24.7,1,1,0,1,1,1
O=C(NCCN1CC=C(c2ccccc2)CC1)c1ccc2ccccc2c1,8.214670164989233,6.1,1,1,0,1,1,1
O=C(NCCN1CCN(c2ccc(F)cc2)CC1)c1ccc2ccccc2c1,7.265200170411153,54.3,1,1,0,0,1,1
O=C(NCCN1CC=C(c2ccc(F)cc2)CC1)c1ccc2ccccc2c1,7.474955192963154,33.5,0,0,0,0,1,0
O=C(NCCN1CCN(c2ccc(Cl)cc2)CC1)c1ccc2ccccc2c1,7.294992040666664,50.7,1,1,0,0,1,1
O=C(NCCN1CC=C(c2ccc(Cl)cc2)CC1)c1ccc2ccccc2c1,7.371611069949688,42.5,1,1,0,0,1,1
Cc1ccc(N2CCN(CCNC(=O)c3ccc4ccccc4c3)CC2)cc1,6.654822383457296,221.4,1,1,0,1,1,1
Cc1ccc(C2=CCN(CCNC(=O)c3ccc4ccccc4c3)CC2)cc1,7.5003129173815966,31.6,0,0,0,0,1,0
O=C(NCCN1CCN(c2cc(F)cc(F)c2)CC1)c1ccc2ccccc2c1,7.538351431936545,28.95,1,1,0,1,1,1
O=C(NCCN1CC=C(c2cc(F)cc(F)c2)CC1)c1ccc2ccccc2c1,8.137272471682026,7.29,0,0,0,0,1,1
Cc1cc(C)cc(N2CCN(CCNC(=O)c3ccc4ccccc4c3)CC2)c1,7.67778070526608,21.0,1,1,0,1,1,1
Cc1cc(C)cc(C2=CCN(CCNC(=O)c3ccc4ccccc4c3)CC2)c1,8.093664958194909,8.06,0,0,0,0,1,1
O=C1c2ccccc2C(=O)N1CCN1CC=C(c2ccccc2)CC1,6.151195298948196,706.0,0,0,0,0,1,1
O=C1c2ccccc2C(=O)N1CCN1CC=C(c2ccc(Cl)cc2)CC1,6.199970640755866,631.0,0,0,0,0,1,1
O=C1c2ccccc2C(=O)N1CCN1CC=C(c2cc(F)cc(F)c2)CC1,6.371611069949688,425.0,0,0,0,0,1,1
Cc1cc(C)cc(N2CCN(CCN3C(=O)c4ccccc4C3=O)CC2)c1,6.304518323509803,496.0,0,0,0,0,1,1
Cc1cc(C)cc(C2=CCN(CCN3C(=O)c4ccccc4C3=O)CC2)c1,6.978810700930062,105.0,0,0,0,0,1,1
c1cnc(N2CCN(CCCc3nc4ccccc4s3)CC2)nc1,7.393941250589686,40.370000000000005,0,0,0,0,1,1
O=S(=O)(NCCCCN1CCC(c2noc3cc(F)ccc23)CC1)c1cc2ccccc2s1,6.958607314841775,110.0,0,0,0,0,1,0
COc1ccccc1N1CCN(CCCCNC(=O)c2ccc(N(C)C)cc2)CC1,8.1249387366083,7.5,0,0,0,0,1,1
COc1ccccc1N1CCN(CCCCNC(=O)c2ccc(CCF)cc2)CC1,8.619788758288394,2.4,0,0,0,0,1,1
COc1ccccc1N1CCN(CCCCc2cn(-c3cccc4cnccc34)nn2)CC1,8.221848749616356,6.0,0,0,0,0,1,0
COc1ccccc1N1CCN(CCCCCc2cn(-c3cccc4cnccc34)nn2)CC1,8.236572006437063,5.8,0,0,0,0,1,1
COc1ccccc1N1CCN(CCCc2cn(-c3ccc(-c4ccsc4)cc3)nn2)CC1,8.130768280269024,7.4,1,1,1,1,1,0
COc1ccccc1N1CCN(CCCCc2cn(-c3ccc(-c4ccsc4)cc3)nn2)CC1,8.886056647693163,1.3,1,1,1,1,1,0
COc1ccccc1N1CCN(CCCCCc2cn(-c3ccc(-c4ccsc4)cc3)nn2)CC1,6.815308569182402,153.0,1,1,1,1,1,1
COc1ccccc1N1CCN(CCCCc2cn(-c3ccc(N(C)C)cc3)nn2)CC1,8.0268721464003,9.4,0,0,0,0,1,0
COc1ccccc1N1CCN(CCCCc2cn(-c3ccc(SC)cc3)nn2)CC1,8.275724130399212,5.3,0,0,0,0,1,1
COc1ccccc1N1CCN(CCCCCc2cn(-c3ccc(SC)cc3)nn2)CC1,8.4089353929735,3.9,1,1,0,1,1,1
O=C1Cc2ccccc2N1CCCCCN1CC[C@H]2CCCC[C@@H]2C1,6.308918507877031,491.0,0,0,0,0,1,0
O=C1Cc2ccccc2N1CCCCN1CC[C@H]2CCCC[C@@H]2C1,6.327902142064283,470.0,0,0,0,0,0,0
O=C1Cc2ccccc2N1CCCCCCN1CCc2ccccc2C1,6.239577516576788,576.0,0,0,0,0,1,1
O=C1Cc2ccccc2N1CCCCCN1CCc2ccccc2C1,6.281498311132726,523.0,0,0,0,0,1,1
OC1(c2ccc(Cl)cc2)CC2CCC(C1)N2CCCSc1ccc(F)cc1,7.698970004336019,20.0,0,0,0,0,0,0
OC1(c2ccc(Cl)cc2)CC2CCC(C1)N2CCCSc1cccc(F)c1,7.886056647693163,13.0,0,0,0,0,0,0
OC1(c2ccc(Cl)cc2)CC2CCC(C1)N2CCCSc1ccccc1F,8.086186147616283,8.2,0,0,0,0,0,0
COc1ccccc1N1CCN(CC2COC3(CCCCC3)O2)CC1,8.289967300934247,5.129,1,1,0,1,1,1
COc1ccccc1N1CCN(CC2COC3(CCSCC3)O2)CC1,8.029978734171634,9.333,1,1,0,1,1,1
COc1ccccc1N1CCN(CC2COC3(CCOCC3)O2)CC1,7.330032630091495,46.77,1,1,0,1,1,1
COc1ccccc1N1CCN(CC2COC3(CCN(Cc4ccccc4)CC3)O2)CC1,7.840132152907433,14.45,1,1,0,1,0,0
COc1ccccc1N1CCN(CC2COC3(CC[S+](O)CC3)O2)CC1,6.929999096197655,117.49,0,0,0,0,1,1
COc1ccccc1N1CCN(CC2COC3(CCS(=O)(=O)CC3)O2)CC1,7.090016305060156,81.28,0,0,0,0,1,1
COc1ccccc1N1CCN(CC2COC3(CCNCC3)O2)CC1,6.799998134593398,158.49,1,1,0,1,1,1
COc1ccccc1N1CCN(CC2COC3(CCN(c4ccccc4)CC3)O2)CC1,7.79997073344623,15.85,0,0,0,0,0,0
COc1ccccc1N1CCN(CC2COC3(CCN(c4ccccn4)CC3)O2)CC1,8.049976093476673,8.913,0,0,0,0,0,0
COc1ccccc1N1CCN(CC2COC3(CCN(C(=O)c4ccccc4)CC3)O2)CC1,7.230032198670558,58.88,0,0,0,0,0,0
COc1ccccc1N1CCN(CC2COC3(CCN(C(=O)c4ccc(C(F)(F)F)cc4)CC3)O2)CC1,7.299988937677887,50.12,0,0,0,0,0,0
COc1ccccc1N1CCN(CC2COC3(CCN(C(=O)c4ccco4)CC3)O2)CC1,7.36997914888659,42.66,0,0,0,0,0,0
COc1ccccc1N1CCN(CC2COC3(CCN(C(=O)C4CCCCC4)CC3)O2)CC1,7.689944262249108,20.42,0,0,0,0,1,1
COc1ccccc1N1CCN(CC2COC3(CCN(C(=O)C4CCCN4)CC3)O2)CC1,7.439973751087107,36.31,0,0,0,0,0,0
COc1ccccc1N1CCN(CC2COC3(CCN(C(C)=O)CC3)O2)CC1,7.189969213594161,64.57,0,0,0,0,1,1
COc1ccccc1N1CCN(CC2COC3(CCN(C(=O)C(F)(F)F)CC3)O2)CC1,6.490004907986601,323.59,0,0,0,0,1,1
COc1ccccc1N1CCN(CC2COC3(CCN(S(=O)(=O)c4ccccc4)CC3)O2)CC1,7.280006173632396,52.48,0,0,0,0,0,0
COc1ccccc1N1CCN(CC2COC3(CCN(S(=O)(=O)c4ccc(C)cc4)CC3)O2)CC1,7.5699249444480605,26.92,0,0,0,0,0,0
COc1ccccc1N1CCN(CC2COC3(CCN(S(=O)(=O)c4ccc(Cl)cc4)CC3)O2)CC1,7.430041181903406,37.15,0,0,0,0,0,0
COc1ccccc1N1CCN(CC2COC3(CCN(S(=O)(=O)c4ccc(OC(F)(F)F)cc4)CC3)O2)CC1,7.160019442321658,69.18,0,0,0,0,0,0
COc1ccccc1N1CCN(CC2COC3(CCN(S(=O)(=O)c4ccc([N+](=O)[O-])cc4)CC3)O2)CC1,7.609948503541013,24.55,0,0,0,0,0,0
COc1ccccc1N1CCN(CC2COC3(CCN(S(=O)(=O)c4cccc([N+](=O)[O-])c4)CC3)O2)CC1,7.360015751958412,43.65,0,0,0,0,0,0
COc1ccccc1N1CCN(CC2COC3(CCN(S(=O)(=O)c4cccs4)CC3)O2)CC1,7.219970872662661,60.26,0,0,0,0,0,0
COc1ccccc1N1CCN(CC2COC3(CCN(S(C)(=O)=O)CC3)O2)CC1,6.840011949618013,144.54,0,0,0,0,1,0
COc1ccccc1N1CCN(CC2COC3(CCN(C(=O)Nc4ccccc4)CC3)O2)CC1,7.4800408192479315,33.11,0,0,0,0,0,0
CCCCNC(=O)N1CCC2(CC1)OCC(CN1CCN(c3ccccc3OC)CC1)O2,7.100015437450609,79.43,0,0,0,0,0,0
COc1ccccc1N1CCN(CC2COC3(CCN(C(=O)NC(C)(C)C)CC3)O2)CC1,7.059981844992337,87.1,0,0,0,0,0,0
CCc1cc2c(s1)C[C@H]1c3cc(O)c(OC)cc3CCN1C2,6.00100002778168,997.7,0,0,0,0,0,0
CCCCc1cc2c(s1)C[C@H]1c3cc(O)c(OC)cc3CCN1C2,6.063586800288521,863.8,0,0,0,0,0,0
COc1cc2c(cc1O)[C@@H]1Cc3sc(CC4CCC4)cc3CN1CC2,6.109137644851117,777.79,0,0,0,0,0,0
COc1cc2c(cc1O)[C@@H]1Cc3sc(CC4CC4)cc3CN1CC2,6.756168538018079,175.32,0,0,0,0,0,0
COc1cc2c(cc1O)[C@@H]1Cc3sc(CCCl)cc3CN1CC2,6.257196341530834,553.1,0,0,0,0,0,0
COc1cc2c(cc1O)[C@@H]1Cc3sc(CCCCl)cc3CN1CC2,6.9255492810454085,118.7,0,0,0,0,0,0
COc1cc2c(cc1O)[C@@H]1Cc3sc(CC(C)Cl)cc3CN1CC2,6.544652563605812,285.33,0,0,0,0,0,0
COc1cc2c(cc1O)[C@@H]1Cc3sc(CCCCCl)cc3CN1CC2,6.183997461831959,654.64,0,0,0,0,0,0
O=C(NCCCCN1CCN(c2ccccc2)CC1)c1cc2ccccc2o1,7.522878745280337,30.0,1,1,0,0,1,1
Cc1cccc(N2CCN(CCCCNC(=O)c3cc4ccccc4o3)CC2)c1C,8.397940008672037,4.0,1,1,0,1,1,1
COc1cccc(N2CCN(CCCCNC(=O)c3cc4ccccc4o3)CC2)c1,7.769551078621726,17.0,0,0,0,0,1,1
Cc1cccc(N2CCN(CCCCNC(=O)c3cc4ccccc4o3)CC2)n1,8.698970004336019,2.0,1,1,0,0,1,1
O=C(NCCCCN1CCN(c2ccccc2F)CC1)c1cc2ccccc2o1,7.823908740944319,15.0,0,0,0,0,1,1
O=C(NCCCCN1CCN(c2cccc(C(F)(F)F)c2)CC1)c1cc2ccccc2[nH]1,8.721246399047171,1.9,0,0,0,0,1,1
COc1cccc(N2CCN(CCCCNC(=O)c3c[nH]c4ccccc34)CC2)c1,7.229147988357855,59.0,0,0,0,0,1,1
COc1cccc(N2CCN(CCCCNC(=O)c3cc4ccccc4n3C)CC2)c1,8.0,10.0,0,0,0,0,1,0
Cc1cccc(N2CCN(CCCCNC(=O)c3cc4ccccc4o3)CC2)c1,7.924453038607469,11.9,0,0,0,0,1,1
O=C(NCCCCN1CCN(c2ccccc2)CC1)c1cc2ccccc2cn1,7.585026652029182,26.0,0,0,0,0,1,1
Cc1cccc(N2CCN(CCCCNC(=O)c3cc4ccccc4cn3)CC2)c1,8.096910013008056,8.0,0,0,0,0,0,0
COc1cccc(N2CCN(CCCCNC(=O)c3cc4ccccc4cn3)CC2)c1,8.102372908709558,7.9,0,0,0,0,0,0
O=C(NCCCCN1CCN(c2ccccn2)CC1)c1cc2ccccc2cn1,7.795880017344075,16.0,0,0,0,0,1,1
c1ccc2c(NCCNc3ccnc4ccccc34)ccnc2c1,5.639987232740672,2290.935,0,0,0,0,0,0
Cc1ccc2nccc(NCCNc3ccnc4ccc(C)cc34)c2c1,6.2098556349571,616.8,0,0,0,0,0,0
Cc1ccc2c(NCCNc3ccnc4cc(C)ccc34)ccnc2c1,5.460022984898081,3467.185,0,0,0,0,0,0
COc1ccc2c(NCCNc3ccnc4cc(OC)ccc34)ccnc2c1,6.050061372278954,891.125,0,0,0,0,0,0
Cc1cccc2c(NCCNc3ccnc4c(C)cccc34)ccnc12,5.929980614401712,1174.95,0,0,0,0,0,0
COc1cccc2c(NCCNc3ccnc4c(OC)cccc34)ccnc12,5.510020438830451,3090.15,0,0,0,0,0,0
c1ccc2c(NCCCCCCCNc3ccnc4ccccc34)ccnc2c1,6.079939316854117,831.88,1,1,0,1,0,0
Cc1ccc2nccc(NCCCCCCCNc3ccnc4ccc(C)cc34)c2c1,5.960094355281208,1096.24,1,1,0,1,0,0
COc1ccc2nccc(NCCCCCCCNc3ccnc4ccc(OC)cc34)c2c1,5.860061123546853,1380.19,0,0,0,0,0,0
Cc1ccc2c(NCCCCCCCNc3ccnc4cc(C)ccc34)ccnc2c1,5.899986343377565,1258.965,0,0,0,0,0,0
COc1ccc2c(NCCCCCCCNc3ccnc4cc(OC)ccc34)ccnc2c1,5.550029730470835,2818.19,0,0,0,0,0,0
COc1cccc2c(NCCCCCCCNc3ccnc4c(OC)cccc34)ccnc12,6.219841165836061,602.78,0,0,0,0,0,0
Cc1cccc(N2CCN(CCCCNC(=O)c3cc4ccccc4cn3)CC2)n1,8.698970004336019,2.0,1,1,0,0,1,1
O=C(NCCCCN1CCN(c2ncccn2)CC1)c1cc2ccccc2cn1,7.173925197299173,67.0,1,1,0,0,1,1
O=C(NCCCCN1CCN(c2cccc(F)c2)CC1)c1cc2ccccc2cn1,7.958607314841775,11.0,0,0,0,0,0,0
O=C(NCCCCN1CCN(c2ccc(F)cc2)CC1)c1cc2ccccc2cn1,7.136677139879544,73.0,0,0,0,0,1,1
O=C(NCCCCN1CCN(c2ccccc2)CC1)c1ccc2ccccc2n1,7.026872146400302,94.0,1,1,0,0,1,1
Cc1cccc(N2CCN(CCCCNC(=O)c3ccc4ccccc4n3)CC2)c1,7.744727494896693,18.0,0,0,0,0,0,0
COc1cccc(N2CCN(CCCCNC(=O)c3ccc4ccccc4n3)CC2)c1,7.585026652029182,26.0,1,1,0,0,1,1
O=C(NCCCCN1CCN(c2ccccn2)CC1)c1ccc2ccccc2n1,7.619788758288394,24.0,0,0,0,0,1,1
O=C(NCCCCN1CCN(c2ccccc2)CC1)c1ccc2ncccc2c1,7.00436480540245,99.0,0,0,0,0,1,1
Cc1cccc(N2CCN(CCCCNC(=O)c3ccccc3)CC2)n1,8.522878745280337,3.0,1,1,0,0,0,0
COc1cccc(N2CCN(CCCCNC(=O)c3ccccc3)CC2)n1,8.221848749616356,6.0,0,0,0,0,0,0
O=C(NCCCCN1CCN(c2cccc3ccccc23)CC1)c1ccccc1,9.154901959985745,0.7,1,1,0,1,1,1
O=C(NCCCCN1CCN(c2ccccc2)CC1)c1ccccn1,7.2839966563652,52.0,0,0,0,0,1,1
COc1cccc(N2CCN(CCCCNC(=O)c3ccccn3)CC2)c1,7.443697499232712,36.0,1,1,0,0,1,1
Cc1cccc(N2CCN(CCCCNC(=O)c3ccccn3)CC2)n1,8.522878745280337,3.0,1,1,0,0,1,1
COc1cccc(N2CCN(CCCCNC(=O)c3ccccn3)CC2)n1,8.096910013008056,8.0,0,0,0,0,0,0
COc1cccc(N2CCN(CCCCNC(=O)c3cccc(C)n3)CC2)c1,7.356547323513812,44.0,0,0,0,0,1,1
O=C(NCCCCN1CCN(c2ccccc2)CC1)c1cccnc1,7.070581074285707,85.0,0,0,0,0,1,1
COc1ccccc1N1CCN(CCCCC(=O)NCc2ccccc2-c2ccccc2Cl)CC1,7.698970004336019,20.0,0,0,0,0,1,0
COc1ccccc1N1CCN(CCCCCC(=O)NCc2ccccc2-c2ccccc2Cl)CC1,7.958607314841775,11.0,0,0,0,0,1,0
COc1ccc2cccc(N3CCN(CCCn4ncc(=O)n(C)c4=O)CC3)c2c1,6.756961951313706,175.0,1,1,1,1,0,0
COc1ccc2cccc(N3CCN(CCCCCn4ncc(=O)n(C)c4=O)CC3)c2c1,6.619788758288394,240.0,1,1,1,1,0,0
CCOc1ccc2cccc(N3CCN(CCCCn4ncc(=O)n(C)c4=O)CC3)c2c1,8.67778070526608,2.1,1,1,0,0,1,1
Cn1c(=O)cnn(CCCCN2CCN(c3cccc4ccc(O)cc34)CC2)c1=O,9.356547323513812,0.44,0,0,0,0,1,1
COc1ccccc1N1CCN(CCCCCn2ncc(=O)n(C)c2=O)CC1,6.823908740944319,150.0,1,1,1,1,1,1
Cn1c(=O)cnn(CCCN2CCN(c3ccccc3F)CC2)c1=O,6.6020599913279625,250.0,1,1,1,1,1,1
Cn1c(=O)cnn(CCCN2CCN(c3ccccc3)CC2)c1=O,6.455931955649724,350.0,1,1,1,1,1,1
COc1ccccc1N1CCN(CCCn2ncc(=O)n(C)c2=O)CC1,6.7447274948966935,180.0,1,1,1,1,1,1
COc1ccccc1N1CCN(CCn2ncc(=O)n(C)c2=O)CC1,6.619788758288394,240.0,1,1,0,0,1,1
Cn1c(=O)cnn(CCCCN2CCN(c3cccc(Br)n3)CC2)c1=O,8.568636235841012,2.7,1,1,0,1,1,1
Cn1c(=O)cnn(CCCCN2CCN(c3cccc(F)n3)CC2)c1=O,9.69897000433602,0.2,1,1,0,1,1,1
Cn1c(=O)cnn(CCCCN2CCN(c3ccccc3S)CC2)c1=O,8.096910013008056,8.0,1,1,0,1,1,1
Cn1c(=O)cnn(CCCCN2CCN(c3ncccn3)CC2)c1=O,6.756961951313706,175.0,1,1,0,1,1,1
Cn1c(=O)cnn(CCCCN2CCN(c3ncccc3F)CC2)c1=O,8.920818753952375,1.2,1,1,0,1,1,1
Cn1c(=O)cnn(CCCCN2CCN(c3ccc(F)cn3)CC2)c1=O,7.167491087293763,68.0,1,1,0,0,1,1
Cn1c(=O)cnn(CCCCN2CCN(c3ccccn3)CC2)c1=O,8.958607314841775,1.1,1,1,0,1,1,1
Cn1c(=O)cnn(CCCCN2CCN(c3ccccc3F)CC2)c1=O,8.723538195826755,1.89,1,1,1,1,1,1
Cn1c(=O)cnn(CCCCN2CCN(c3cccc(O)c3)CC2)c1=O,8.55284196865778,2.8,1,1,0,1,1,1
Cn1c(=O)cnn(CCCCN2CCN(c3ccccc3O)CC2)c1=O,8.769551078621726,1.7,1,1,0,1,1,1
Cn1c(=O)cnn(CCCCN2CCN(c3c(Br)cccc3C#N)CC2)c1=O,7.552841968657781,28.0,1,1,0,0,1,1
COc1ccc(N2CCN(CCCCn3ncc(=O)n(C)c3=O)CC2)c(C#N)c1,6.667561540084395,215.0,0,0,0,0,1,1
Cn1c(=O)cnn(CCCCN2CCN(c3c(F)cccc3C#N)CC2)c1=O,8.318758762624412,4.8,0,0,0,0,1,1
Cn1c(=O)cnn(CCCCN2CCN(c3ccccc3C#N)CC2)c1=O,9.078313524516398,0.835,1,1,0,1,1,1
Cn1c(=O)cnn(CCCCN2CCN(c3ccc(I)cc3)CC2)c1=O,7.232473100591618,58.55,1,1,0,0,1,1
Cn1c(=O)cnn(CCCCN2CCN(c3ccccc3)CC2)c1=O,8.877784121727172,1.325,1,1,1,1,1,1
CSc1ccccc1N1CCN(CCCCn2ncc(=O)n(C)c2=O)CC1,9.337242168318426,0.46,1,1,0,1,1,1
CNc1ccccc1N1CCN(CCCCn2ncc(=O)n(C)c2=O)CC1,6.657577319177793,220.0,1,1,0,1,1,1
CN(C)c1ccccc1N1CCN(CCCCn2ncc(=O)n(C)c2=O)CC1,6.7447274948966935,180.0,1,1,0,0,1,1
Cn1c(=O)cnn(CCCCN2CCN(c3ccccc3OCCCF)CC2)c1=O,9.096910013008056,0.8,0,0,0,0,1,1
CCOc1ccccc1N1CCN(CCCCn2ncc(=O)n(C)c2=O)CC1,9.18045606445813,0.66,1,1,0,0,1,1
COc1ccc(N2CCN(CCCCn3ncc(=O)n(C)c3=O)CC2)c(OC)c1,6.721246399047171,190.0,0,0,0,0,1,1
COc1ccc(N2CCN(CCCCn3ncc(=O)n(C)c3=O)CC2)cc1,6.382999658879101,414.0,1,1,0,0,1,1
O=c1[nH]c2ccccc2n1CCCCCN1CCN(c2ccc(Cl)cc2)CC1,6.342944147142896,454.0,0,0,0,0,1,1
O=c1oc2ccccc2n1CCCCN1CCN(c2ccccc2)CC1,7.044167989767578,90.33,1,1,1,1,1,1
O=c1sc2ccccc2n1CCCCN1CCN(c2ccccc2)CC1,6.039529222465701,913.0,1,1,1,1,1,1
COc1ccccc1N1CCN(CCCCn2c(=O)oc3ccccc32)CC1,7.7162466166674735,19.22,1,1,1,1,1,1
COc1ccccc1N1CCN(CCCCn2c(=O)sc3ccccc32)CC1,7.609418121449565,24.58,1,1,1,1,1,1
Cc1ccccc1N1CCN(CCCCn2c(=O)sc3ccccc32)CC1,7.984640244590786,10.36,1,1,0,0,1,1
O=c1sc2ccccc2n1CCCCN1CCN(Cc2ccccc2)CC1,6.157946463592823,695.11,1,1,0,0,1,1
O=c1sc2ccccc2n1CCCCN1CCN(c2ccc(Cl)cc2)CC1,7.079198618174345,83.33,1,1,0,0,1,1
O=c1sc2ccccc2n1CCCCN1CCN(c2cccc(Cl)c2)CC1,8.212539525481585,6.13,1,1,0,0,1,1
O=c1sc2ccccc2n1CCCCN1CCc2ccccc2C1,7.1254022312968,74.92,0,0,0,0,1,1
O=c1oc2ccccc2n1CCCCCN1CCN(c2ccccc2)CC1,7.7162466166674735,19.22,1,1,0,1,1,1
O=c1sc2ccccc2n1CCCCCN1CCN(c2ccccc2)CC1,7.019269623464055,95.66,1,1,1,1,1,1
COc1ccccc1N1CCN(CCCCCn2c(=O)oc3ccccc32)CC1,7.925915310971757,11.86,1,1,1,1,1,1
COc1ccccc1N1CCN(CCCCCn2c(=O)sc3ccccc32)CC1,8.146910470148134,7.13,1,1,1,1,1,1
O=c1oc2ccccc2n1CCCCCCN1CCN(c2ccccc2)CC1,8.402304814074487,3.96,1,1,1,1,1,1
O=c1sc2ccccc2n1CCCCCCN1CCN(c2ccccc2)CC1,9.040958607678906,0.91,1,1,1,1,1,1
COc1ccccc1N1CCN(CCCCCCn2c(=O)oc3ccccc32)CC1,8.886056647693163,1.3,1,1,1,1,1,1
COc1ccccc1N1CCN(CCCCCCn2c(=O)sc3ccccc32)CC1,9.366531544420411,0.43,1,1,1,1,1,1
O=c1oc2ccccc2n1CCCCCCCN1CCN(c2ccccc2)CC1,7.526075306583842,29.78,1,1,0,1,1,1
O=c1sc2ccccc2n1CCCCCCCN1CCN(c2ccccc2)CC1,9.568636235841012,0.27,1,1,1,1,1,1
COc1ccccc1N1CCN(CCCCCCCn2c(=O)oc3ccccc32)CC1,9.721246399047171,0.19,1,1,1,1,1,1
COc1ccccc1N1CCN(CCCCCCCn2c(=O)sc3ccccc32)CC1,9.67778070526608,0.21,1,1,1,1,1,1
O=C1Nc2cc(F)ccc2C1CCCCN1CCN(c2cccc(Cl)c2)CC1,8.173925197299173,6.7,0,0,0,0,1,1
COc1ccccc1N1CCN(CCCn2c(=O)[nH]c3ccccc32)CC1,7.397940008672037,40.0,1,1,0,1,1,1
COc1ccccc1N1CCN(CCCCC(=O)NC2CCCc3ccccc32)CC1,8.21824462534753,6.05,1,1,0,1,1,1
NC(=O)c1ccccc1NC(=O)CCCCN1CCN(c2cccc(Cl)c2)CC1,7.402304814074488,39.6,0,0,0,0,1,1
Cc1sc2nc(CCCCN3CCN(c4ccccc4)CC3)[nH]c(=O)c2c1C,7.42712839779952,37.4,0,0,0,0,1,1
Cc1sc2nc(CCCCCN3CCN(c4ccccc4)CC3)[nH]c(=O)c2c1C,7.818156412055227,15.2,0,0,0,0,1,1
Cc1cc2c(=O)[nH]c(CCCCCN3CCN(Cc4ccccc4)CC3)nc2s1,6.440093374963888,363.0,0,0,0,0,1,0
Cc1sc2nc(CCCCCN3CCC(Cc4ccccc4)CC3)[nH]c(=O)c2c1C,6.8297382846050425,148.0,0,0,0,0,0,0
Cc1sc2nc(CCCCCN3CCN(c4cccc(Cl)c4)CC3)[nH]c(=O)c2c1C,6.943095148663527,114.0,1,1,0,0,1,1
Cc1sc2nc(CCCCCN3CCN(c4ccc(Cl)cc4)CC3)[nH]c(=O)c2c1C,7.268411234813262,53.9,0,0,0,0,1,1
O=c1[nH]c(CCCCN2CCN(c3ccccc3)CC2)nc2ccccc12,7.436518914605589,36.6,1,1,0,0,1,1
O=c1[nH]c(CCCCN2CCN(c3cccc(Cl)c3)CC2)nc2ccccc12,8.528708288941061,2.96,1,1,0,0,1,1
O=c1[nH]c(CCCCN2CCN(c3ccc(Cl)cc3)CC2)nc2ccccc12,7.123205023799299,75.3,1,1,0,0,1,1
O=c1[nH]c(CCCCCN2CCN(c3ccccc3)CC2)nc2ccccc12,7.361510743045363,43.5,1,1,0,0,1,1
O=c1[nH]c(CCCCCN2CCN(c3cccc(Cl)c3)CC2)nc2ccccc12,8.134896025358872,7.33,1,1,0,0,1,1
O=c1[nH]c(CCCCCN2CCN(c3ccc(Cl)cc3)CC2)nc2ccccc12,6.935542010773082,116.0,1,1,0,0,1,1
O=c1c2ccccc2ncn1CCCCCN1CCN(c2ccccc2)CC1,7.539102157243452,28.9,1,1,0,0,1,1
O=c1c2ccccc2ncn1CCCCCN1CCN(Cc2ccccc2)CC1,6.571865205971212,268.0,1,1,0,0,1,1
O=c1c2ccccc2ncn1CCCCCN1CCN(c2cccc(Cl)c2)CC1,8.202040356262804,6.28,1,1,1,1,1,1
O=c1c2ccccc2ncn1CCCCCN1CCN(c2ccc(Cl)cc2)CC1,7.288192770958809,51.5,0,0,0,0,1,1
CCOc1ccccc1N1CCN(CCCCCn2cnc3ccccc3c2=O)CC1,8.98296666070122,1.04,1,1,0,0,1,1
Cc1sc2ncn(CCCCCN3CCN(c4ccccc4)CC3)c(=O)c2c1C,7.79317412396815,16.1,1,1,0,0,1,1
Cc1sc2ncn(CCCCCN3CCN(Cc4ccccc4)CC3)c(=O)c2c1C,6.675717544702307,211.0,1,1,0,0,1,1
Cc1sc2ncn(CCCCCN3CCN(c4cccc(Cl)c4)CC3)c(=O)c2c1C,8.490797477668897,3.23,1,1,0,0,1,1
Cc1sc2ncn(CCCCCN3CCN(c4ccc(Cl)cc4)CC3)c(=O)c2c1C,7.578396073130169,26.4,0,0,0,0,1,1
CCOc1ccccc1N1CCN(CCCCCn2cnc3sc(C)c(C)c3c2=O)CC1,8.987162775294827,1.03,0,0,0,0,1,1
CC1CCN(CC[C@H]2CCCN2S(=O)(=O)c2cccc(O)c2)CC1,5.044600913360733,9024.0,1,1,0,1,1,1
N[C@@H](Cc1c[nH]c2ccc(O)cc12)C(=O)O,8.868060704789576,1.355,0,0,0,0,1,1
O=S(=O)(Nc1ccn(Cc2cccc3ccccc23)n1)c1ccc(Br)s1,5.365825128237399,4307.0,0,0,0,0,0,0
O=S(=O)(Nc1cc(Sc2cccc3cccnc23)c(O)c2ccccc12)c1ccc(F)cc1,4.869988050328096,13490.0,0,0,0,0,0,0
O=S(=O)(Nc1cc(Sc2cccc3cccnc23)c(O)c2ccccc12)c1ccccc1,4.624519285381427,23740.0,0,0,0,0,0,0
O=C1Nc2ccc(Cl)cc2C1(c1c[nH]c2ccccc12)c1c[nH]c2ccccc12,5.610833915635467,2450.0,0,0,0,0,0,0
Cc1ccc(S(=O)(=O)c2nc(N3CCc4ccccc4C3)sc2Cl)cc1,5.337998120610083,4592.0,0,0,0,0,0,0
O=S(=O)(Nc1cc2c(c3ccccc13)OC1(N3CCOCC3)CCCCC21)c1ccccc1,4.686132779630847,20600.0,0,0,0,0,0,0
O=S(=O)(c1ccc(F)cc1)N1CC=c2ccccc2=C1c1c[nH]c2ccccc12,4.628747370875061,23510.0,0,0,0,0,0,0
Nc1c(S(=O)(=O)c2ccccc2)sc2nc(-c3ccccc3)cc(-c3ccccc3)c12,4.665345233116758,21610.0,0,0,0,0,0,0
O=S(=O)(c1ccccc1)N1C=Cc2ccccc2C1c1c[nH]c2ccccc12,4.985899678480379,10330.0,0,0,0,0,0,0
Brc1ccc2c(c1)c1c3n2CCN(Cc2ccccc2)C3CCC1,4.579054594078028,26360.0,0,0,0,0,0,0
Cc1ccc(S(=O)(=O)N/N=C2\CCCc3c2[nH]c2ccc(Cl)cc32)cc1,4.80799040734633,15560.0,0,0,0,0,0,0
O=S(=O)(Nc1ccccc1-c1nccc2ccccc12)c1ccc(Cl)cc1,5.415442639474325,3842.0,0,0,0,0,0,0
O=S1(=O)c2ccccc2N(Cc2ccc(Cl)cc2F)c2ccccc21,5.561457651213889,2745.0,0,0,0,0,0,0
O=c1ccc(-c2ccc(S(=O)(=O)Nc3cccc4c3CCCC4)s2)n[nH]1,4.61852390972497,24070.0,0,0,0,0,0,0
COc1cccc(-n2cc(C(=O)N(C)c3cccc(Cl)c3)c3ccccc3c2=O)c1,4.903437561625864,12490.0,0,0,0,0,0,0
CCS(=O)(=O)c1nc(S(=O)(=O)c2ccc(Cl)cc2)c(N2CCc3ccccc3C2)s1,4.913640169325252,12200.0,0,0,0,0,0,0
Cc1ccc(Nc2c(S(=O)(=O)c3ccccc3)cnc3ccc(Cl)cc23)cc1,4.863279432843593,13700.0,0,0,0,0,0,0
NC(=O)C1CCN(c2c(S(=O)(=O)c3ccccc3)cnc3ccc(Cl)cc23)CC1,4.733063088840827,18490.0,0,0,0,0,0,0
Cc1ccc(S(=O)(=O)c2cnc3ccc(F)cc3c2SCc2ccc(Cl)cc2)cc1,4.925915310971757,11860.0,0,0,0,0,0,0
COCCn1c(C)c(C)c(S(=O)(=O)c2ccc(Cl)cc2)c1N,4.701365216875565,19890.0,0,0,0,0,0,0
Cc1ccc(Cl)cc1N(C)C(=O)c1cn(-c2ccc(F)cc2F)c(=O)c2ccccc12,4.706195640080663,19670.0,0,0,0,0,0,0
NC(=O)c1ccccc1OCCCN1CCN(c2cccc3c2ccn3S(=O)(=O)c2ccccc2)CC1,8.173925197299173,6.7,0,0,0,0,0,0
O=C([C@@H]1CCCN1C(=O)CCCCCCN1CCN(c2ccccc2-c2ccccc2)CC1)N1CCOCC1,7.455931955649724,35.0,0,0,0,0,1,0
O=C([C@@H]1CCCN1C(=O)CCCCCCN1CCN(c2ccccc2-c2ccccc2)CC1)N1CCCCC1,8.045757490560675,9.0,0,0,0,0,1,0
O=C([C@@H]1CCCN1C(=O)CCCCCN1CCN(c2ccccc2-c2ccccc2)CC1)N1CCCCC1,7.744727494896693,18.0,0,0,0,0,1,0
O=C([C@@H]1CCCN1C(=O)CCCCN1CCN(c2ccccc2-c2ccccc2)CC1)N1CCCCC1,7.455931955649724,35.0,0,0,0,0,1,0
CC(C)c1ccccc1N1CCN(CCCCCCC(=O)N2CCC[C@H]2C(=O)N2CCOCC2)CC1,7.769551078621726,17.0,0,0,0,0,1,0
NC(=O)[C@@H]1Cc2ccccc2CN1C(=O)CCCCCCN1CCN(c2ccccc2-c2ccccc2)CC1,7.214670164989233,61.0,0,0,0,0,1,1
NC(=O)[C@@H]1Cc2ccccc2CN1C(=O)CCCCCN1CCN(c2ccccc2-c2ccccc2)CC1,7.585026652029182,26.0,1,1,0,1,1,1
NC(=O)[C@@H]1Cc2ccccc2CN1C(=O)CCCCN1CCN(c2ccccc2-c2ccccc2)CC1,7.180456064458132,66.0,0,0,0,0,1,1
CC(C)c1ccccc1N1CCN(CCCCCCC(=O)N2Cc3ccccc3C[C@H]2C(N)=O)CC1,7.698970004336019,20.0,0,0,0,0,1,0
CC(C)c1ccccc1N1CCN(CCCCC(=O)N2Cc3ccccc3C[C@H]2C(N)=O)CC1,7.468521082957745,34.0,0,0,0,0,1,1
NC(=O)[C@@H]1CCCN1C(=O)CCCCCCN1CCN(c2ccccc2-c2ccccc2)CC1,7.275724130399211,53.0,1,1,0,1,1,0
CC(C)c1ccccc1N1CCN(CCCCCCC(=O)N2CCC[C@H]2C(N)=O)CC1,7.795880017344075,16.0,0,0,0,0,1,1
CC(C)c1ccccc1N1CCN(CCCCCC(=O)N2Cc3ccccc3C[C@H]2C(=O)N2CCCCC2)CC1,7.795880017344075,16.0,0,0,0,0,1,0
CC(C)c1ccccc1N1CCN(CCCCCCC(=O)N2Cc3ccccc3C[C@H]2C(=O)N2CCCCC2)CC1,7.853871964321762,14.0,0,0,0,0,0,0
O=C([C@@H]1Cc2ccccc2CN1C(=O)CCCCN1CCN(c2ccccc2-c2ccccc2)CC1)N1CCCCC1,7.327902142064283,47.0,0,0,0,0,0,0
O=C([C@@H]1Cc2ccccc2CN1C(=O)CCCCN1CCN(c2ccccc2-c2ccccc2)CC1)N1CCOCC1,7.443697499232712,36.0,0,0,0,0,0,0
O=C([C@@H]1Cc2ccccc2CN1C(=O)CCCCCN1CCN(c2ccccc2-c2ccccc2)CC1)N1CCCCC1,7.721246399047171,19.0,0,0,0,0,0,0
O=C([C@@H]1Cc2ccccc2CN1C(=O)CCCCCCN1CCN(c2ccccc2-c2ccccc2)CC1)N1CCCCC1,7.397940008672037,40.0,0,0,0,0,0,0
O=C([C@@H]1Cc2ccccc2CN1C(=O)CCCCCCN1CCN(c2ccccc2-c2ccccc2)CC1)N1CCOCC1,7.795880017344075,16.0,0,0,0,0,1,0
COc1cc2c(cc1OCc1ccc(Br)cc1)C[C@H]1c3c(cc(OC)c(OC)c3-2)CCN1C,6.991399828238082,102.0,0,0,0,0,0,0
COc1cc2c(cc1OCc1ccccc1)C[C@H]1c3c(cc(OC)c(OC)c3-2)CCN1C,7.036212172654444,92.0,0,0,0,0,0,0
C=CCOc1cc2c(cc1OC)-c1c(OC)c(OC)cc3c1[C@H](C2)N(C)CC3,6.442492798094342,361.0,0,0,0,0,0,0
COc1cc2c(cc1OC1CCCCC1)C[C@H]1c3c(cc(OC)c(OC)c3-2)CCN1C,6.787812395596042,163.0,0,0,0,0,0,0
COc1cc2c(cc1OCC1CC1)C[C@H]1c3c(cc(OC)c(OC)c3-2)CCN1C,6.649751981665837,224.0,0,0,0,0,0,0
CCCCC(C)Oc1cc2c(cc1OC)-c1c(OC)c(OC)cc3c1[C@H](C2)N(C)CC3,6.818156412055227,152.0,0,0,0,0,0,0
CCCC(C)Oc1cc2c(cc1OC)-c1c(OC)c(OC)cc3c1[C@H](C2)N(C)CC3,6.931814138253839,117.0,0,0,0,0,0,0
CCC(C)Oc1cc2c(cc1OC)-c1c(OC)c(OC)cc3c1[C@H](C2)N(C)CC3,6.61261017366127,244.0,0,0,0,0,0,0
COc1cc2c(cc1OC(C)C)C[C@H]1c3c(cc(OC)c(OC)c3-2)CCN1C,6.249491605148654,563.0,0,0,0,0,0,0
COc1cc2c(cc1OCCF)C[C@H]1c3c(cc(OC)c(OC)c3-2)CCN1C,6.073143291050307,845.0,0,0,0,0,0,0
CCCCCCOc1cc2c(cc1OC)-c1c(OC)c(OC)cc3c1[C@H](C2)N(C)CC3,6.563837352959244,273.0,0,0,0,0,0,0
CCCCCOc1cc2c(cc1OC)-c1c(OC)c(OC)cc3c1[C@H](C2)N(C)CC3,6.747146969020107,179.0,0,0,0,0,0,0
CCCCOc1cc2c(cc1OC)-c1c(OC)c(OC)cc3c1[C@H](C2)N(C)CC3,6.815308569182402,153.0,0,0,0,0,0,0
CCOc1cc2c(cc1OC)-c1c(OC)c(OC)cc3c1[C@H](C2)N(C)CC3,6.295849483160201,506.0,0,0,0,0,0,0
COc1cc2c(cc1OC)-c1c(OC)c(OC)cc3c1[C@H](C2)N(C)CC3,6.767003889607846,171.0,0,0,0,0,0,0
COc1cccc2c1CCC/C2=C\CCN1CCN(c2ccccn2)CC1,9.508638306165729,0.31,0,0,0,0,1,1
COc1cccc(CCCCN2CCN(c3ccccn3)CC2)c1,7.638272163982407,23.0,0,0,0,0,1,1
COc1ccc2c(c1)CC(CCN1CCN(c3ccccn3)CC1)CC2,9.795880017344077,0.16,1,1,0,0,1,1
O=C(NCCCCN1CCN(c2cccc3ccccc23)CC1)c1cc2ccccc2[nH]1,7.075720713938118,84.0,1,1,0,0,1,1
O=C(NCCCCN1CCN(c2cccc(Cl)c2Cl)CC1)c1cc2cc(F)ccc2[nH]1,6.267606240177032,540.0,1,1,0,1,1,1
COc1ccccc1N1CCN(CC(O)CCNC(=O)c2cnc3ccccc3c2)CC1,7.167491087293763,68.0,0,0,0,0,0,0
O=C(NCCCCN1CCN(c2cccc3ccccc23)CC1)c1cnc2ccccc2c1,8.602059991327963,2.5,1,1,0,1,1,1
O=C(NCCC(O)CN1CCN(c2cccc3ccccc23)CC1)c1cnc2ccccc2c1,8.045757490560675,9.0,0,0,0,0,0,0
COc1c(Cl)cccc1N1CCN(CCCCNC(=O)c2cnc3ccccc3c2)CC1,7.67778070526608,21.0,0,0,0,0,0,0
COc1ccc(CCN(CCCc2ccccc2)CCc2ccc3c(c2)OCO3)cc1OC,6.085656842880559,821.0,0,0,0,0,0,0
CC(C)CS(=O)(=O)NC1CCN(CCOc2ccccc2C(C)C)CC1,6.555955204081924,278.0,0,0,0,0,0,0
CC(C)c1ccccc1OCCN1CCC(NS(=O)(=O)c2ccccc2)CC1,6.603800652904264,249.0,1,1,0,0,1,1
CC(C)c1ccccc1OCCN1CCC(NS(=O)(=O)c2cccc(F)c2)CC1,6.448550002027125,356.0,1,1,0,1,0,0
CC(C)c1ccccc1OCCN1CCC(NS(=O)(=O)c2cccc(Cl)c2)CC1,6.749579997691106,178.0,1,1,0,1,1,1
CC(C)c1ccccc1OCCN1CCC(NS(=O)(=O)c2ccc(F)c(F)c2)CC1,6.428291168191312,373.0,1,1,0,0,0,0
CC(C)c1ccccc1OCCN1CCC(NS(=O)(=O)c2cc(F)ccc2F)CC1,6.681936665037238,208.0,1,1,0,0,0,0
CC(C)c1ccccc1OCCN1CCC(NS(=O)(=O)c2ccc(Cl)s2)CC1,6.341988603342887,455.0,1,1,0,0,0,0
CC(C)c1ccccc1OCCN1CCC(NS(=O)(=O)c2cnn(C)c2)CC1,6.210419287835575,616.0,0,0,0,0,0,0
CC(C)c1ccccc1OCCN1CCC(NS(=O)(=O)c2cncc3ccccc23)CC1,6.987162775294828,103.0,0,0,0,0,0,0
CC(C)c1ccccc1OCCN1CCC(NS(=O)(=O)c2cccc3ncccc23)CC1,6.634512015109101,232.0,1,1,0,0,0,0
CC(C)CS(=O)(=O)NC1CCN(CCOc2ccccc2-c2ccccc2)CC1,7.130768280269024,74.0,0,0,0,0,0,0
O=S(=O)(NC1CCN(CCOc2ccccc2-c2ccccc2)CC1)c1ccccc1,6.554395796726403,279.0,0,0,0,0,1,1
O=S(=O)(NC1CCN(CCOc2ccccc2-c2ccccc2)CC1)c1ccc(F)cc1,6.798602875679548,159.0,1,1,1,1,1,1
O=S(=O)(NC1CCN(CCOc2ccccc2-c2ccccc2)CC1)c1cccc(F)c1,6.434152181326482,368.0,1,1,0,0,1,1
O=S(=O)(NC1CCN(CCOc2ccccc2-c2ccccc2)CC1)c1cccc(Cl)c1,6.6307841425898575,234.0,1,1,0,0,0,0
O=S(=O)(NC1CCN(CCOc2ccccc2-c2ccccc2)CC1)c1cc(F)ccc1F,6.73754891026957,183.0,1,1,0,0,0,0
O=S(=O)(NC1CCN(CCOc2ccccc2-c2ccccc2)CC1)c1ccc(Cl)s1,6.721246399047171,190.0,0,0,0,0,0,0
Cn1cc(S(=O)(=O)NC2CCN(CCOc3ccccc3-c3ccccc3)CC2)cn1,6.493494967595128,321.0,0,0,0,0,1,1
O=S(=O)(NC1CCN(CCOc2ccccc2-c2ccccc2)CC1)c1cncc2ccccc12,7.130768280269024,74.0,0,0,0,0,0,0
O=S(=O)(NC1CCN(CCOc2ccccc2-c2ccccc2)CC1)c1cccc2ncccc12,6.991399828238082,102.0,0,0,0,0,0,0
CC(C)c1ccccc1OCCN1CCC(N(C)S(=O)(=O)c2ccccc2)CC1,6.853871964321762,140.0,0,0,0,0,1,1
CC(C)c1ccccc1OCCN1CCC(N(C)S(=O)(=O)c2cccc(F)c2)CC1,6.721246399047171,190.0,0,0,0,0,1,1
CC(C)c1ccccc1OCCN1CCC(N(C)S(=O)(=O)c2ccc(F)cc2)CC1,6.7447274948966935,180.0,1,1,0,0,1,1
CC(C)c1ccccc1OCCN1CCC(N(C)S(=O)(=O)c2cnn(C)c2)CC1,6.460923901207224,346.0,0,0,0,0,1,1
CN(C1CCN(CCOc2ccccc2C(C)(C)C)CC1)S(=O)(=O)c1ccccc1,5.62967199222049,2346.0,0,0,0,0,1,1
CN(C1CCN(CCOc2ccccc2C(C)(C)C)CC1)S(=O)(=O)c1cccc(F)c1,5.345727172902289,4511.0,0,0,0,0,1,1
CN(C1CCN(CCOc2ccccc2C(C)(C)C)CC1)S(=O)(=O)c1ccc(F)cc1,5.043159509840766,9054.0,0,0,0,0,1,1
CN(C1CCN(CCOc2ccccc2C(C)(C)C)CC1)S(=O)(=O)c1cnn(C)c1,5.01655414265866,9626.0,0,0,0,0,1,1
CN(C1CCN(CCOc2ccccc2-c2ccccc2)CC1)S(=O)(=O)c1ccccc1,7.207608310501746,62.0,0,0,0,0,1,1
CN(C1CCN(CCOc2ccccc2-c2ccccc2)CC1)S(=O)(=O)c1ccc(F)cc1,7.522878745280337,30.0,0,0,0,0,1,1
CN(C1CCN(CCOc2ccccc2-c2ccccc2)CC1)S(=O)(=O)c1cnn(C)c1,7.096910013008056,80.0,0,0,0,0,1,1
CC(C)c1ccccc1OCCN1CCC(N(CC2CC2)S(=O)(=O)c2cccc(F)c2)CC1,6.801342913045577,158.0,1,1,0,0,0,0
CC(C)c1ccccc1OCCN1CCC(N(CC2CC2)S(=O)(=O)c2ccc(F)cc2)CC1,6.603800652904264,249.0,1,1,0,0,1,1
CC(C)c1ccccc1OCCN1CCC(N(CC2CC2)S(=O)(=O)c2cnn(C)c2)CC1,6.669586226650809,214.0,0,0,0,0,1,1
CC(C)(C)c1ccccc1OCCN1CCC(N(CC2CC2)S(=O)(=O)c2ccc(F)cc2)CC1,4.85294232897164,14030.0,1,1,0,0,1,1
Cn1cc(S(=O)(=O)N(CC2CC2)C2CCN(CCOc3ccccc3C(C)(C)C)CC2)cn1,4.750312572194699,17770.0,0,0,0,0,1,1
O=S(=O)(c1ccc(F)cc1)N(CC1CC1)C1CCN(CCOc2ccccc2-c2ccccc2)CC1,6.465973893943865,342.0,0,0,0,0,1,1
Cn1cc(S(=O)(=O)N(CC2CC2)C2CCN(CCOc3ccccc3-c3ccccc3)CC2)cn1,6.798602875679548,159.0,0,0,0,0,1,1
C=CCN(CC=C)CCc1c[nH]c2ccc(F)cc12,7.100015437450609,79.43,0,0,0,0,1,1
C=CCN(CC=C)CCc1c[nH]c2ccc(Cl)cc12,7.230032198670558,58.88,0,0,0,0,1,1
C=CCN(CC=C)CCc1c[nH]c2ccc(Br)cc12,8.0,10.0,0,0,0,0,1,1
C=CCN(CC=C)CCc1c[nH]c2ccc(C)cc12,7.50003813440381,31.62,0,0,0,0,1,1
C=CCN(CC=C)CCc1c[nH]c2ccccc12,7.0,100.0,0,0,0,0,0,0
O=S(=O)(NC1CC2CCC(C1)N2CCOc1cccc(-c2ccccc2)c1)c1ccc(F)c(F)c1,7.130768280269024,74.0,0,0,0,0,1,1
O=S(=O)(NC1CC2CCC(C1)N2CCOc1cccc(-c2ccccc2)c1)c1ccc(F)cc1,6.769551078621726,170.0,0,0,0,0,0,0
O=S(=O)(NC1CC2CCC(C1)N2CCOc1cccc(-c2ccccc2)c1)c1cccc(F)c1,6.910094888560602,123.0,0,0,0,0,0,0
O=S(=O)(NC1CC2CCC(C1)N2CCOc1cccc(-c2ccccc2)c1)c1cccc(Cl)c1,6.5951662833800615,254.0,0,0,0,0,0,0
CC(C)c1cccc(OCCN2C3CCC2CC(NS(=O)(=O)c2cnn(C)c2)C3)c1,6.3655227298392685,431.0,0,0,0,0,0,0
CC(C)c1cccc(OCCN2C3CCC2CC(NS(=O)(=O)c2cc(F)ccc2F)C3)c1,7.292429823902063,51.0,0,0,0,0,0,0
CC(C)c1cccc(OCCN2C3CCC2CC(NS(=O)(=O)c2ccc(F)c(F)c2)C3)c1,7.00436480540245,99.0,0,0,0,0,0,0
CC(C)c1cccc(OCCN2C3CCC2CC(NS(=O)(=O)c2ccc(F)cc2)C3)c1,7.008773924307505,98.0,0,0,0,0,0,0
CC(C)c1cccc(OCCN2C3CCC2CC(NS(=O)(=O)c2cccc(F)c2)C3)c1,6.847711655616943,142.0,0,0,0,0,0,0
CC(C)c1cccc(OCCN2C3CCC2CC(NS(=O)(=O)c2cccc(Cl)c2)C3)c1,6.686132779630847,206.0,0,0,0,0,0,0
Cn1cc(S(=O)(=O)NC2CN(CCOc3ccccc3-c3ccccc3)C2)cn1,7.337242168318426,46.0,0,0,0,0,0,0
O=S(=O)(NC1CN(CCOc2ccccc2-c2ccccc2)C1)c1cccc(Cl)c1,7.638272163982407,23.0,1,1,0,0,0,0
CC(C)c1ccccc1OCCN1CC(NS(=O)(=O)c2ccc(F)cc2)C1,7.346787486224656,45.0,1,1,0,0,0,0
CC(C)c1ccccc1OCCN1CC(NS(=O)(=O)c2cccc(F)c2)C1,7.552841968657781,28.0,1,1,0,0,0,0
O=S(=O)(NC1CCN(CCOc2ccccc2C2CCCC2)CC1)c1ccc(F)cc1,6.428291168191312,373.0,0,0,0,0,1,1
O=S(=O)(NC1CCN(CCOc2ccccc2C2CCCC2)CC1)c1cccc(F)c1,6.263603497723357,545.0,0,0,0,0,0,0
O=S(=O)(NC1CCN(CCOc2ccccc2C2CCCC2)CC1)c1cccc(Cl)c1,6.254925208417943,556.0,0,0,0,0,0,0
Cn1cc(S(=O)(=O)NC2CCN(CCOc3ccccc3C(C)(C)C)CC2)cn1,5.255315936723114,5555.0,0,0,0,0,1,1
CC(C)(C)c1ccccc1OCCN1CCC(NS(=O)(=O)c2ccc(F)cc2)CC1,5.34008379993015,4570.0,1,1,0,0,1,1
CC(C)(C)c1ccccc1OCCN1CCC(NS(=O)(=O)c2cccc(Cl)c2)CC1,5.733533104559759,1847.0,1,1,0,0,1,1
CC(C)c1cccc(C(C)C)c1OCCN1CCC(NS(=O)(=O)c2ccc(F)cc2)CC1,5.211336786879143,6147.0,0,0,0,0,1,1
CC(C)Oc1ccccc1OCCN1CCC(NS(=O)(=O)c2ccc(F)cc2)CC1,6.705533773838407,197.0,1,1,0,0,1,1
COc1ccccc1OCCN1CCC(NS(=O)(=O)c2ccc(F)cc2)CC1,6.334419008982047,463.0,1,1,0,0,1,1
Cc1ccccc1OCCN1CCC(NS(=O)(=O)c2ccc(F)cc2)CC1,6.127843727251707,745.0,1,1,0,0,0,0
O=S(=O)(NC1CCN(CCOc2ccccc2)CC1)c1ccc(F)cc1,5.753501419204199,1764.0,1,1,0,1,1,1
Cn1cc(S(=O)(=O)NC2CC3CCC(C2)N3CCOc2cccc(-c3ccccc3)c2)cn1,6.023650020996727,947.0,0,0,0,0,1,1
CC(C)c1ccccc1OCCN1CCC(NC(=O)c2ccc(F)cc2)CC1,6.701146923590294,199.0,0,0,0,0,0,0
O=C(NC1CCN(CCOc2ccccc2-c2ccccc2)CC1)c1cccc(Cl)c1,6.8297382846050425,148.0,0,0,0,0,0,0
CC(C)c1ccccc1OCCN1CCC(NC(=O)Nc2cccc(Cl)c2)CC1,6.228412519118745,591.0,0,0,0,0,0,0
CC(C)c1ccccc1OCCN1CCC(NC(=O)Nc2ccc(F)cc2)CC1,6.721246399047171,190.0,0,0,0,0,0,0
O=C(Nc1cccc(Cl)c1)NC1CCN(CCOc2ccccc2-c2ccccc2)CC1,6.1438755557577,718.0,0,0,0,0,1,1
CC(C)c1ccccc1OCCN1CCC(NS(=O)(=O)c2ccc(N)cc2)CC1,6.29929628285498,502.0,1,1,0,0,0,0
CC(C)c1ccccc1OCCN1CCC(NS(=O)(=O)c2cccnc2)CC1,6.430626090384954,371.0,1,1,0,0,0,0
Nc1ccc(S(=O)(=O)NC2CCN(CCOc3ccccc3-c3ccccc3)CC2)cc1,6.39040559077478,407.0,0,0,0,0,1,1
O=S(=O)(NC1CCN(CCOc2ccccc2-c2ccccc2)CC1)c1cccnc1,6.27083521030723,536.0,1,1,0,0,1,1
CC(C)c1ccccc1OCCN1CC2CC1CN2S(=O)(=O)c1cccc(Cl)c1,6.405607449624573,393.0,0,0,0,0,0,0
CC(C)c1ccccc1OCCN1CC2CC1CN2S(=O)(=O)c1ccc(F)cc1,6.585026652029182,260.0,0,0,0,0,0,0
O=S(=O)(c1cccc(Cl)c1)N1CC2CC1CN2CCOc1ccccc1-c1ccccc1,5.573976984310124,2667.0,0,0,0,0,0,0
O=S(=O)(c1ccc(F)cc1)N1CC2CC1CN2CCOc1ccccc1-c1ccccc1,5.971428747307463,1068.0,0,0,0,0,0,0
CC1(C)N=C(N)N=C(Nc2cccc(Br)c2)N1,6.180456064458132,660.0,0,0,0,0,0,0
CCOC(=O)c1cccc(NC2=NC(N)=NC3(CCCCC3)N2)c1,6.146301788223826,714.0,0,0,0,0,0,0
CCOC(=O)c1cccc(NC2=NC(N(C)C)=NC3(CCCCC3)N2)c1,6.935542010773082,116.0,0,0,0,0,0,0
NC1=NC2(CCCCC2)NC(Nc2cccc(Br)c2)=N1,6.494850021680094,320.0,0,0,0,0,1,1
CCNC(=O)c1cccc(NC2=NC(N)=NC3(CCCCC3)N2)c1,5.169796401074295,6764.0,0,0,0,0,1,1
c1ccc(CC2CCN(CC3COC(c4ccccc4)(c4ccccc4)O3)CC2)cc1,6.260000690598032,549.54,0,0,0,0,1,1
OCC(CN1CCC(Cc2ccccc2)CC1)OC(c1ccccc1)c1ccccc1,6.3799993576999325,416.87,0,0,0,0,0,0
c1ccc(CC2CCN(CC3COC4(CCCCC4)O3)CC2)cc1,6.790002703917631,162.18,0,0,0,0,1,1
CC1(c2ccc(F)cc2)NC(=O)N(CC(O)CN2CCN(C(c3ccccc3)c3ccccc3)CC2)C1=O,5.254144804826271,5570.0,0,0,0,0,1,1
Cc1ccc(N2CCN(CC(O)CN3C(=O)NC(C)(c4ccc(F)cc4)C3=O)CC2)cc1C,5.998266287190999,1004.0,0,0,0,0,1,1
CC1(c2ccc(F)cc2)NC(=O)N(CC(O)CN2CCN(c3ccc(Cl)c(Cl)c3)CC2)C1=O,6.085656842880559,821.0,1,1,0,0,1,1
CC1(c2ccc(F)cc2)NC(=O)N(CC(O)CN2CCN(c3ccc(F)cc3F)CC2)C1=O,5.037772768649915,9167.0,1,1,0,0,1,1
CC1(c2ccc(F)cc2)NC(=O)N(CC(O)CN2CCN(c3ccc(Cl)cc3)CC2)C1=O,5.275888046038788,5298.0,1,1,0,0,1,1
CC1(c2ccc(F)cc2)NC(=O)N(CC(O)CN2CCN(c3ccc(F)cc3)CC2)C1=O,5.163549286279846,6862.0,1,1,0,0,1,1
Cc1ccc(C)c(N2CCN(CC(O)CN3C(=O)NC(C)(c4ccc(F)cc4)C3=O)CC2)c1,5.884722408604098,1304.0,0,0,0,0,1,1
CC1(c2ccc(F)cc2)NC(=O)N(CC(O)CN2CCN(c3cccc(Cl)c3Cl)CC2)C1=O,7.229147988357855,59.0,1,1,0,0,1,1
CC1(c2ccc(F)cc2)NC(=O)N(CC(O)CN2CCN(c3ccccc3C#N)CC2)C1=O,6.496209316942819,319.0,1,1,0,0,1,1
CCOc1ccccc1N1CCN(CC(O)CN2C(=O)NC(C)(c3ccc(F)cc3)C2=O)CC1,7.008773924307505,98.0,0,0,0,0,1,1
CC1(c2ccc(F)cc2)NC(=O)N(CC(O)CN2CCN(c3ccccc3Cl)CC2)C1=O,6.401209493236885,397.0,1,1,0,0,1,1
CC1(c2ccc(F)cc2)NC(=O)N(CC(O)CN2CCN(c3ccccc3F)CC2)C1=O,5.783570169123749,1646.0,0,0,0,0,1,1
COc1cccc(N2CCN(CC(O)CN3C(=O)NC(C)(c4ccc(F)cc4)C3=O)CC2)c1,5.527389802403955,2969.0,0,0,0,0,1,1
CC1(c2ccc(F)cc2)NC(=O)N(CC(O)CN2CCN(c3ccccc3)CC2)C1=O,5.56336036830734,2733.0,0,0,0,0,1,1
O=C1c2ccccc2C(=O)N1CCCCN1CCc2ccccc2C1,6.3009474875504425,500.095,0,0,0,0,1,1
O=C1c2ccccc2C(=O)N1CCCCN1CCC2CCCCC2C1,6.271634041668666,535.015,0,0,0,0,0,0
c1ccc2c(c1)CCN(CCCCc1c[nH]c3ccccc13)C2,5.771184026364204,1693.62,1,1,0,1,1,1
O=C(CCCN1CCc2ccccc2C1)c1ccc(F)cc1,7.920818753952375,12.0,1,1,0,0,1,1
O=C(CCCN1CCc2ccccc2C1)c1ccccc1,6.149369078714638,708.975,1,1,0,0,1,1
N#Cc1ccc(C(=O)CCCN2CCc3ccccc3C2)cc1,6.530089661922376,295.06,1,1,0,1,1,1
NC(=O)c1ccc(C(=O)CCCN2CCc3ccccc3C2)cc1,7.420102130396896,38.010000000000005,0,0,0,0,1,1
COc1ccc(C(=O)CCCN2CCc3ccccc3C2)cc1,7.586365002801444,25.92,1,1,0,1,1,1
O=C(CCCN1CCc2ccccc2C1)c1ccc(O)cc1,7.467436701665525,34.085,1,1,0,0,1,1
O=C(CCCN1CCc2ccccc2C1)c1ccc(Cl)cc1,8.088097003955967,8.164,0,0,0,0,1,1
O=C1NCN(c2ccccc2)C12CCN(CCCCc1nc3ccccc3s1)CC2,6.709987660720459,194.99,0,0,0,0,1,1
O=C1NCN(c2ccccc2)C12CCN(CCCCc1nc3cc(Cl)ccc3s1)CC2,6.99069786066171,102.165,0,0,0,0,1,1
O=C1NCN(c2ccccc2)C12CCN(CCCCc1nc3ccccc3o1)CC2,6.418966749172347,381.095,0,0,0,0,1,1
O=C1NCN(c2ccccc2)C12CCN(CCCCc1c[nH]c3ccccc13)CC2,6.422399065792099,378.095,0,0,0,0,1,1
O=c1[nH]c2cc(Cl)ccc2n1C1CCN(CCCCc2nc3ccccc3s2)CC1,5.934607038438008,1162.5,0,0,0,0,0,0
O=c1[nH]c2cc(Cl)ccc2n1C1CCN(CCCCc2nc3ccccc3o2)CC1,6.211973115904196,613.8,0,0,0,0,0,0
OC1(c2ccc(Cl)cc2)CCN(CCCCc2nc3ccccc3o2)CC1,5.501276029252096,3153.0,0,0,0,0,0,0
O=C(CCCN1CCC2(CC1)C(=O)NCN2c1ccccc1)c1ccc(F)cc1,7.764471553092451,17.2,0,0,0,0,1,1
N#Cc1ccc(CNC(=O)CCOCCN2CCN(c3ncccc3-c3ccc(F)cc3)CC2)cc1,5.580044251510242,2630.0,1,1,0,1,0,0
O=C(CCOCCN1CCN(c2cccnc2-c2ccc(F)cc2)CC1)NCc1ccc(C(F)(F)F)cc1,5.217240807376003,6064.0,1,1,0,0,1,1
N#Cc1ccc(CNC(=O)CCOCCN2CCN(c3cccnc3-c3ccc(F)cc3)CC2)cc1,5.178420972087992,6631.0,1,1,0,1,1,1
O=C(CCOCCN1CCN(c2cccnc2-c2ccccc2)CC1)NCc1ccc(C(F)(F)F)cc1,6.095825631715837,802.0,0,0,0,0,0,0
N#Cc1ccc(CNC(=O)CCOCCN2CCN(c3cccnc3-c3ccccc3)CC2)cc1,5.415442639474325,3842.0,1,1,0,1,0,0
O=C(CCOCCN1CCN(c2ncccc2-c2ccccc2)CC1)NCc1ccc(C(F)(F)F)cc1,6.437707135543525,365.0,1,1,0,0,1,1
N#Cc1ccc(CNC(=O)CCOCCN2CCN(c3ncccc3-c3ccccc3)CC2)cc1,6.22548303427145,595.0,1,1,0,1,1,1
O=C(CCOCCN1CCN(c2ccccc2-c2ccccc2)CC1)NCc1ccncc1,5.976747540366288,1055.0,1,1,0,1,1,1
O=C(CCOCCN1CCN(c2ccccc2-c2ccccc2)CC1)NCc1ccc(C(F)(F)F)cc1,6.235077015350112,582.0,1,1,0,0,1,1
N#Cc1ccc(CNC(=O)CCOCCN2CCN(c3ccccc3-c3ccccc3)CC2)cc1,6.359518563029578,437.0,1,1,0,1,1,1
O=C(CCOCCN1CCN(c2ncccc2-c2ccc(F)cc2)CC1)NCc1ccc(C(F)(F)F)cc1,5.7361273231347765,1836.0,0,0,0,0,0,0
COCOc1ccc(CNC(=O)CCCCCN2CCN(c3ccccc3-c3ccc(OC)cc3)CC2)cc1,6.795880017344075,160.0,0,0,0,0,0,0
COc1ccc(-c2ccccc2N2CCN(CCCCCC(=O)NCc3ccc(OCCO)cc3)CC2)cc1,6.818156412055227,152.0,0,0,0,0,0,0
COc1ccc(-c2ccccc2N2CCN(CCCCCC(=O)NCc3ccc(OCCN4CCOCC4)cc3)CC2)cc1,6.787812395596042,163.0,1,1,0,1,0,0
COc1ccc(-c2ccccc2N2CCN(CCCCCC(=O)NCc3ccc(OCCCN4CCOCC4)cc3)CC2)cc1,6.978810700930062,105.0,1,1,0,1,0,0
COc1ccc(-c2ccccc2N2CCN(CCCCCC(=O)NCc3ccc(C#N)cc3)CC2)cc1,6.899629454882437,126.0,1,1,0,1,1,0
COCOc1ccc(CNC(=O)CCCCCN2CCN(c3ccccc3-c3ccccc3)CC2)cc1,7.0655015487564325,86.0,1,1,0,0,1,0
O=C(CCCCCN1CCN(c2ccccc2-c2ccccc2)CC1)NCc1ccc(OCCN2CCOCC2)cc1,6.795880017344075,160.0,0,0,0,0,1,0
O=C(CCCCCN1CCN(c2ccccc2-c2ccccc2)CC1)NCc1ccc(OCCCN2CCOCC2)cc1,6.826813731587726,149.0,0,0,0,0,1,0
CN(C)Cc1ccc(CNC(=O)CCCCCN2CCN(c3ccccc3-c3ccccc3)CC2)cc1,7.130768280269024,74.0,0,0,0,0,1,0
COc1ccc(-c2cc(F)ccc2N2CCN(CCCCCC(=O)NCc3ccc(C#N)cc3)CC2)cc1,6.112945621949043,771.0,0,0,0,0,1,0
N#Cc1ccc(CNC(=O)CCCCCN2CCN(c3ccc(F)cc3-c3ccc(C#N)cc3)CC2)cc1,5.542118103266008,2870.0,0,0,0,0,1,0
C1=C(CCN2CCc3ccccc3C2)Cc2ccccc21,5.957526871853351,1102.74,0,0,0,0,1,1
C1=C(CCN2CCc3ccccc3C2)CCc2ccccc21,6.86005797693002,138.01999999999998,0,0,0,0,1,1
CC1(C)CC(=O)N(CCCCN2Cc3ccccc3C2)C(=O)C1,6.469902802265155,338.92,0,0,0,0,1,1
O=C1Cc2cc(C(=O)CCCN3CCc4ccccc4C3)ccc2N1,6.911810735638883,122.515,0,0,0,0,1,1
O=C1c2ccc(F)cc2CC1CCN1CCc2ccccc2C1,7.725611204449621,18.81,0,0,0,0,1,1
CCCN1CC[C@H]2CC(=O)[C@H](CC)[C@H]3CCC[C@@H]1[C@H]23,5.346787486224656,4500.0,0,0,0,0,0,0
COc1cccc(CC2CCN(CCc3ccccc3)CC2)c1,7.533132379645891,29.3,0,0,0,0,1,1
COc1ccc(F)c(CC2CCN(CCc3ccccc3)CC2)c1,8.218963061378869,6.04,0,0,0,0,0,0
COc1ccc(Cl)c(CC2CCN(CCc3ccccc3)CC2)c1,8.643974142806877,2.27,0,0,0,0,1,1
COc1ccc(Br)c(CC2CCN(CCc3ccccc3)CC2)c1,8.5654310959658,2.72,0,0,0,0,1,1
COc1ccc(Br)c(CC2CCN(CCc3ccc(C)cc3)CC2)c1,8.853871964321762,1.4,0,0,0,0,1,0
COc1ccc(CCN2CCC(Cc3cc(OC)ccc3Br)CC2)cc1,9.09151498112135,0.81,0,0,0,0,1,0
COc1ccc(Br)c(CC2CCN(CCc3ccccc3OC)CC2)c1,8.518557371497694,3.03,0,0,0,0,0,0
COc1cccc(CCN2CCC(Cc3cc(OC)ccc3Br)CC2)c1,9.086186147616283,0.82,0,0,0,0,0,0
COc1ccc(Br)c(CC2CCN(CCc3ccc(F)cc3)CC2)c1,8.98296666070122,1.04,0,0,0,0,1,0
COc1ccc(Br)c(CC2CCN(CCc3ccc(Cl)cc3)CC2)c1,8.872895201635192,1.34,0,0,0,0,0,0
COc1ccc(Br)c(CC2CCN(CCc3ccccc3Cl)CC2)c1,8.38933983691012,4.08,0,0,0,0,1,1
COc1ccc(Br)c(CC2CCN(CCc3cccc(Cl)c3)CC2)c1,8.53313237964589,2.93,0,0,0,0,0,0
COc1ccc(CCN2CCC(Cc3cc(OC)ccc3Br)CC2)c(Cl)c1,8.950781977329818,1.12,0,0,0,0,0,0
COc1ccc(Br)c(CC2CCN(CCc3ccc(OC)c(Cl)c3)CC2)c1,8.98296666070122,1.04,0,0,0,0,0,0
COc1ccc(Br)c(CC2CCN(CCc3ccc(OC)c(OC)c3)CC2)c1,8.806875401645538,1.56,0,0,0,0,0,0
COc1ccc(Br)c(CC2CCN(CCc3cc(OC)c(OC)cc3Cl)CC2)c1,8.707743928643524,1.96,0,0,0,0,0,0
COc1ccc(Br)c(CC2CCN(CCc3cccc4ccccc34)CC2)c1,8.317854923626168,4.81,0,0,0,0,1,1
COc1ccc(Br)c(CC2CCN(CCc3ccc4ccccc4c3)CC2)c1,9.050609993355089,0.89,0,0,0,0,0,0
COc1ccc(Br)c(CC2CCN(CCc3cccc4c3OCCO4)CC2)c1,8.67366413907125,2.12,0,0,0,0,0,0
COc1ccc(Br)c(CC2CCN(CCc3ccc4c(c3)OCCO4)CC2)c1,9.443697499232712,0.36,1,1,0,0,1,1
COc1ccc(Br)c(CC2CCN(CCc3cc4c(cc3Cl)OCCO4)CC2)c1,8.189767482004916,6.46,1,1,0,0,1,1
CCOc1ccc(Br)c(CC2CCN(CCc3cc4c(cc3Cl)OCCO4)CC2)c1,7.6307841425898575,23.4,1,1,0,0,1,1
CC(C)Oc1ccc(Br)c(CC2CCN(CCc3cc4c(cc3Cl)OCCO4)CC2)c1,7.798602875679548,15.9,1,1,0,0,1,1
O=C(N[C@H]1CC[C@H](CCN2CCN(c3nsc4ccccc34)CC2)CC1)c1ccccc1,8.769551078621726,1.7,0,0,0,0,1,0
O=C(N[C@H]1CC[C@H](CCN2CCN(c3nsc4ccccc34)CC2)CC1)C1CC1,9.036212172654444,0.92,1,1,0,1,1,1
O=C(N[C@H]1CC[C@H](CCN2CCN(c3nsc4ccccc34)CC2)CC1)C1CCCCC1,8.2518119729938,5.6,1,1,0,1,1,1
CCCS(=O)(=O)N[C@H]1CC[C@H](CCN2CCN(c3nsc4ccccc34)CC2)CC1,8.958607314841775,1.1,0,0,0,0,1,1
CS(=O)(=O)N[C@H]1CC[C@H](CCN2CCN(c3nsc4ccccc34)CC2)CC1,8.886056647693163,1.3,0,0,0,0,1,1
O=C(N[C@H]1CC[C@H](CCN2CCN(c3nsc4ccccc34)CC2)CC1)C(F)(F)F,8.958607314841775,1.1,0,0,0,0,1,1
CCCC(=O)N[C@H]1CC[C@H](CCN2CCN(c3nsc4ccccc34)CC2)CC1,8.67778070526608,2.1,0,0,0,0,1,1
CCC(=O)N[C@H]1CC[C@H](CCN2CCN(c3nsc4ccccc34)CC2)CC1,8.823908740944319,1.5,0,0,0,0,1,1
CC(=O)N[C@H]1CC[C@H](CCN2CCN(c3nsc4ccccc34)CC2)CC1,9.161150909262744,0.69,0,0,0,0,1,1
COCC(=O)N[C@H]1CC[C@H](CCN2CCN(c3nsc4ccccc34)CC2)CC1,8.522878745280337,3.0,0,0,0,0,0,0
CN(C)C(=O)N[C@H]1CC[C@H](CCN2CCN(c3cccc(Cl)c3Cl)CC2)CC1,8.54515513999149,2.85,0,0,0,0,1,1
CN(C(=O)N[C@H]1CC[C@H](CCN2CCN(c3nsc4ccccc34)CC2)CC1)c1ccccc1,8.2839966563652,5.2,0,0,0,0,0,0
O=C(Nc1cccnc1)N[C@H]1CC[C@H](CCN2CCN(c3nsc4ccccc34)CC2)CC1,7.920818753952375,12.0,0,0,0,0,1,1
O=C(Nc1ccccc1)N[C@H]1CC[C@H](CCN2CCN(c3nsc4ccccc34)CC2)CC1,8.853871964321762,1.4,0,0,0,0,1,1
O=C(NCc1ccccc1)N[C@H]1CC[C@H](CCN2CCN(c3nsc4ccccc34)CC2)CC1,8.275724130399212,5.3,0,0,0,0,1,1
O=C(N[C@H]1CC[C@H](CCN2CCN(c3nsc4ccccc34)CC2)CC1)N1CCOCC1,7.823908740944319,15.0,1,1,0,1,1,1
CCN(C)C(=O)N[C@H]1CC[C@H](CCN2CCN(c3nsc4ccccc34)CC2)CC1,8.853871964321762,1.4,0,0,0,0,1,1
CC(C)N(C(=O)N[C@H]1CC[C@H](CCN2CCN(c3nsc4ccccc34)CC2)CC1)C(C)C,8.638272163982407,2.3,0,0,0,0,1,0
CN(C)C(=O)N[C@H]1CC[C@H](CCN2CCN(c3nsc4ccccc34)CC2)CC1,8.920818753952375,1.2,0,0,0,0,1,1
N[C@H]1CC[C@H](CCN2CCN(c3nsc4ccccc34)CC2)CC1,8.142667503568731,7.2,0,0,0,0,1,1
Cc1ccc(S(=O)(=O)N[C@H]2CC[C@H](CCN3CCN(c4nsc5ccccc45)CC3)CC2)cc1,8.4089353929735,3.9,0,0,0,0,0,0
O=C(N[C@H]1CC[C@H](CCN2CCN(c3nsc4ccccc34)CC2)CC1)c1cccs1,8.958607314841775,1.1,1,1,0,1,1,1
O=C(N[C@H]1CC[C@H](CCN2CCN(c3nsc4ccccc34)CC2)CC1)c1ccc[nH]1,9.2839966563652,0.52,1,1,0,1,1,1
O=C(N[C@H]1CC[C@H](CCN2CCN(c3nsc4ccccc34)CC2)CC1)c1cccnc1,8.67778070526608,2.1,0,0,0,0,1,0
O=S(=O)(N[C@H]1CC[C@H](CCN2CCN(c3nsc4ccccc34)CC2)CC1)c1cccs1,8.958607314841775,1.1,0,0,0,0,1,1
CN([C@H]1CC[C@H](CCN2CCN(c3nsc4ccccc34)CC2)CC1)S(=O)(=O)c1cccs1,8.537602002101044,2.9,0,0,0,0,0,0
O=S(=O)(N[C@H]1CC[C@H](CCN2CCN(c3nsc4ccccc34)CC2)CC1)c1cccnc1,7.958607314841775,11.0,0,0,0,0,1,1
O=C(N[C@H]1CC[C@H](CCN2CCN(c3nsc4ccccc34)CC2)CC1)c1cc2ccccc2[nH]1,8.119186407719209,7.6,1,1,0,0,1,1
O=C(c1ccco1)N1CCC(CCN2CCN(c3nsc4ccccc34)CC2)CC1,9.142667503568733,0.72,0,0,0,0,1,1
CCOC(=O)N1CCC(CCN2CCN(c3nsc4ccccc34)CC2)CC1,8.886056647693163,1.3,0,0,0,0,1,1
O=C(NC[C@H]1CC[C@H](CN2CCN(c3nsc4ccccc34)CC2)CC1)c1ccco1,8.275724130399212,5.3,0,0,0,0,1,0
O=C(NC[C@H]1CC[C@H](CN2CCN(c3nsc4cc(Cl)ccc34)CC2)CC1)c1ccco1,7.823908740944319,15.0,0,0,0,0,0,0
O=C(N[C@H]1CC[C@H](CCN2CCN(c3nsc4cc([N+](=O)[O-])ccc34)CC2)CC1)c1ccco1,7.4089353929735005,39.0,0,0,0,0,0,0
Nc1ccc2c(N3CCN(CC[C@H]4CC[C@H](NC(=O)c5ccco5)CC4)CC3)nsc2c1,7.481486060122112,33.0,0,0,0,0,0,0
c1ccc(CN2CCN(CCCCCOc3cc(-c4ccccc4)ncn3)CC2)cc1,5.986320302708807,1032.0,1,1,0,0,1,1
c1ccc(-c2cc(OCCCCCN3CCN(c4ccccc4)CC3)ncn2)cc1,7.474955192963154,33.5,0,0,0,0,1,1
CCOc1ccccc1N1CCN(CCCCCn2cnc(-c3ccccc3)cc2=O)CC1,7.586700235918748,25.9,0,0,0,0,1,1
O=c1cc(-c2ccccc2)ncn1CCCCCN1CCN(c2ccc(Cl)cc2)CC1,6.777283528852417,167.0,0,0,0,0,1,0
O=c1cc(-c2ccccc2)ncn1CCCCCN1CCN(c2cccc(Cl)c2)CC1,7.749579997691106,17.8,0,0,0,0,1,1
O=c1cc(-c2ccccc2)ncn1CCCCCN1CCN(Cc2ccccc2)CC1,6.112382699664264,772.0,0,0,0,0,1,1
O=c1cc(-c2ccccc2)ncn1CCCCCN1CCN(c2ccccc2)CC1,6.954677021213342,111.0,0,0,0,0,1,1
Clc1cccc(N2CCN(CCCCCOc3cc(-c4ccccc4)ncn3)CC2)c1,7.7594507517174,17.4,0,0,0,0,1,1
Clc1ccc(N2CCN(CCCCCOc3cc(-c4ccccc4)ncn3)CC2)cc1,7.044312249686494,90.3,1,1,0,0,1,1
CCOc1ccccc1N1CCN(CCCCCOc2cc(-c3ccccc3)ncn2)CC1,8.157390760389438,6.96,0,0,0,0,1,1
Cc1nc2ccccc2c(=O)n1CCCCCN1CCN(c2ccccc2)CC1,7.730487055782084,18.6,0,0,0,0,1,1
Cc1nc2ccccc2c(=O)n1CCCCCN1CCN(c2cccc(Cl)c2)CC1,8.085656842880558,8.21,1,1,0,0,1,1
Cc1nc2ccccc2c(=O)n1CCCCCN1CCN(c2ccc(Cl)cc2)CC1,7.0,100.0,1,1,0,0,1,1
CCOc1ccccc1N1CCN(CCCCCn2c(C)nc3ccccc3c2=O)CC1,8.52432881167557,2.99,0,0,0,0,1,1
Cc1nc(OCCCCCN2CCN(c3ccccc3)CC2)c2ccccc2n1,7.607303046740334,24.7,0,0,0,0,1,1
Cc1nc(OCCCCCN2CCN(c3ccc(Cl)cc3)CC2)c2ccccc2n1,7.283162276700476,52.1,0,0,0,0,1,1
c1ccc(OCCNCC2COC3(CCCCC3)O2)cc1,7.430041181903406,37.15,1,1,0,1,1,1
COc1ccccc1OCCNCC1COC2(CCCCC2)O1,8.51999305704285,3.02,0,0,0,0,1,1
COc1ccccc1N1CCN(CC2CSC3(CCCCC3)O2)CC1,8.299988937677888,5.012,1,1,0,1,1,1
c1ccc(OCCNCC2CSC3(CCCCC3)O2)cc1,7.639974910810602,22.91,1,1,0,1,1,1
COc1ccccc1OCCNCC1CSC2(CCCCC2)O1,8.64994590642097,2.239,0,0,0,0,1,1
COc1ccccc1N1CCN(CC2CSC3(CCCCC3)S2)CC1,8.51999305704285,3.02,1,1,0,1,1,1
c1ccc(OCCNCC2CSC3(CCCCC3)S2)cc1,8.809948582240795,1.549,1,1,0,1,1,1
COc1ccccc1OCCNCC1CSC2(CCCCC2)S1,9.029978734171634,0.9333,0,0,0,0,1,1
COc1ccccc1N1CCN(CC2COC(c3ccccc3)(c3ccccc3)O2)CC1,7.639974910810602,22.91,0,0,0,0,1,0
OCCOc1cc(CC2CCN(CCc3ccc4c(c3)C(O)CCO4)CC2)ccc1Br,7.481486060122112,33.0,1,1,0,1,1,1
COCCOc1cc(CC2CCN(CCc3ccc4c(c3)C(=O)C(O)CO4)CC2)ccc1Br,8.130768280269024,7.4,1,1,0,0,1,1
O=C1c2cc(CCN3CCC(Cc4ccc(Br)c(OCCO)c4)CC3)ccc2OCC1O,8.259637310505756,5.5,0,0,0,0,1,1
O=C1c2cc(CCN3CCC(Cc4ccc(Br)c(O)c4)CC3)ccc2OCC1O,8.958607314841775,1.1,0,0,0,0,1,1
COCCOc1cc(CC2CCN(CCc3ccc4occc(=O)c4c3)CC2)ccc1Br,8.698970004336019,2.0,1,1,0,1,1,1
O=c1ccoc2ccc(CCN3CCC(Cc4ccc(Br)c(OCCO)c4)CC3)cc12,8.67778070526608,2.1,1,1,0,1,1,1
O=C1CCOc2ccc(CCN3CCC(Cc4ccc(Br)c(O)c4)CC3)cc21,8.886056647693163,1.3,0,0,0,0,1,1
O=c1ccoc2ccc(CCN3CCC(Cc4ccc(Br)c(O)c4)CC3)cc12,9.568636235841012,0.27,1,1,0,1,1,1
COCCOc1cc(CC2CCN(CCc3ccc4c(c3)C(=O)CC(O)O4)CC2)ccc1Br,7.481486060122112,33.0,1,1,0,0,1,1
COCCOc1cc(CC2CCN(CC(O)c3ccc4c(c3)C(=O)CCO4)CC2)ccc1Br,7.769551078621726,17.0,0,0,0,0,1,1
O=C(O)COc1cc(CC2CCN(CCc3ccc4c(c3)C(=O)C(O)CO4)CC2)ccc1Br,7.040958607678906,91.0,1,1,0,0,1,1
O=C(O)COc1cc(CC2CCN(CCc3ccc4occc(=O)c4c3)CC2)ccc1Br,7.173925197299173,67.0,1,1,0,0,1,1
COCCOc1cc(CC2CCN(CCc3ccc4occ(O)c(=O)c4c3)CC2)ccc1Br,8.602059991327963,2.5,0,0,0,0,1,1
Oc1cc(CC2CCN(CCc3ccc4c(c3)C(O)CCO4)CC2)ccc1Br,8.070581074285707,8.5,1,1,0,1,1,1
O=C1CCc2ccc(OCCCCN3CCCN(c4cccc(Cl)c4Cl)CC3)nc2N1,7.5376020021010435,29.0,1,1,0,1,1,0
Cn1c(=O)cnn(CCCCN2CCN(c3cccc(I)n3)CC2)c1=O,8.259637310505756,5.5,1,1,0,1,1,1
Cn1c(=O)cnn(CCCCN2CCN(c3ccccc3Br)CC2)c1=O,8.221848749616356,6.0,1,1,0,1,1,1
COc1cc2c(cc1O)[C@@H]1Cc3c(OC)ccc(OC)c3CN1CC2,6.306730443937908,493.48,0,0,0,0,0,0
COc1ccc(OC)c2c1C[C@H]1c3cc4c(cc3CCN1C2)OCO4,6.3032680259789,497.43,1,1,0,1,0,0
COc1ccc(OC)c2c1C[C@H]1c3cc4c(cc3CCN1C2)OCCO4,7.391580948682715,40.59,1,1,0,1,0,0
COc1cc2c(c(OC)c1)CN1CCc3cc(OC)c(OC)cc3[C@@H]1C2,6.136665241563578,730.02,0,0,0,0,0,0
CN(C)CC1=Cc2cn(S(=O)(=O)c3cccc4ccccc34)c3cccc(c23)O1,5.224243962155902,5967.0,0,0,0,0,0,0
CCCN(CCC)CCc1ccccc1O,6.3979400086720375,400.0,0,0,0,0,0,0
COc1ccccc1N1CCC2(CCN(CCCSc3nnc(-c4ccccc4)n3C)CC2)C1,6.140261433802853,724.0,0,0,0,0,0,0
Cn1c(SCCCN2CCC3(CC2)CCN(c2ccc(F)cc2)CC3)nnc1-c1ccccc1,6.231361898752385,587.0,0,0,0,0,0,0
COc1ccccc1N1CCN(CCCSc2nnc(-c3ccccc3)n2C)CC1,9.2518119729938,0.56,1,1,0,1,1,1
O=S(=O)(c1cccc2ncccc12)N1CCC(CCN2CCN(c3ccccc3)CC2)CC1,6.125518182300533,749.0,1,1,0,0,1,1
O=S(=O)(c1cncc2ccccc12)N1CCC(CCN2CCN(c3ccccc3)CC2)CC1,6.265200170411153,543.0,1,1,0,0,1,1
O=S(=O)(c1cccc2ncccc12)N1CCC(CCN2CCN(c3ccc(Cl)cc3)CC2)CC1,6.130768280269024,740.0,1,1,0,0,1,1
O=S(=O)(c1cccc2ncccc12)N1CCC(CCN2CCN(c3ccc(F)cc3)CC2)CC1,6.11975822410452,759.0,1,1,0,0,1,1
O=S(=O)(c1cncc2ccccc12)N1CCC(CCN2CCN(c3ccc(F)cc3)CC2)CC1,6.010995384301463,975.0,1,1,0,0,1,1
O=S(=O)(c1cccc2ncccc12)N1CCC(CCN2CCN(c3cccc(Cl)c3)CC2)CC1,7.267606240177032,54.0,1,1,0,1,1,1
O=S(=O)(c1cncc2ccccc12)N1CCC(CCN2CCN(c3cccc(Cl)c3)CC2)CC1,7.494850021680094,32.0,1,1,0,1,1,1
O=S(=O)(c1cccc2ncccc12)N1CCC(CCN2CCN(c3cccc(F)c3)CC2)CC1,6.215382707367125,609.0,1,1,0,1,1,1
O=S(=O)(c1cncc2ccccc12)N1CCC(CCN2CCN(c3cccc(F)c3)CC2)CC1,6.431798275933005,370.0,1,1,0,1,1,1
O=S(=O)(c1cccc2ncccc12)N1CCC(CCN2CCN(c3cccc(C(F)(F)F)c3)CC2)CC1,7.397940008672037,40.0,0,0,0,0,1,1
O=S(=O)(c1cncc2ccccc12)N1CCC(CCN2CCN(c3cccc(C(F)(F)F)c3)CC2)CC1,7.522878745280337,30.0,0,0,0,0,1,1
O=S(=O)(c1cccc2ncccc12)N1CCC(CCN2CCN(c3cccc(Cl)c3Cl)CC2)CC1,7.346787486224656,45.0,1,1,0,0,1,1
O=S(=O)(c1cncc2ccccc12)N1CCC(CCN2CCN(c3cccc(Cl)c3Cl)CC2)CC1,7.5376020021010435,29.0,1,1,0,0,1,1
O=S(=O)(c1cccc2ncccc12)N1CCC(CCN2CCN(c3ccc(Cl)c(Cl)c3)CC2)CC1,6.590066876668706,257.0,0,0,0,0,0,0
O=S(=O)(c1cncc2ccccc12)N1CCC(CCN2CCN(c3ccc(Cl)c(Cl)c3)CC2)CC1,6.489454989793388,324.0,1,1,0,0,1,1
Cc1ccc(N2CCN(Cc3nc4ccccc4[nH]3)CC2)cc1C,5.864867348623225,1365.0,0,0,0,0,0,0
Fc1ccc(OC[C@@H]2CC[C@H]3CN(c4ncc(F)cn4)CCN3C2)cc1,6.7447274948966935,180.0,0,0,0,0,0,0
c1ccc2c(c1)CC(CN1CCN(c3ccc4c(c3)OCCO4)CC1)C2,6.267606240177032,540.0,1,1,0,0,0,0
Fc1ccc(N2CCN(CCC3OCCc4ccccc43)CC2)cc1,6.872895201635193,134.0,0,0,0,0,1,1
Cc1cccc(S(=O)(=O)NCCN2CC=C(c3c[nH]c4ccc(F)cc34)CC2)c1,6.958607314841775,110.0,1,1,0,1,1,1
Cc1cccc(S(=O)(=O)NCCCN2CC=C(c3c[nH]c4ccc(F)cc34)CC2)c1,7.180456064458132,66.0,1,1,0,1,1,1
Cc1cccc(S(=O)(=O)NCCCCN2CC=C(c3c[nH]c4ccc(F)cc34)CC2)c1,7.017728766960431,96.0,1,1,0,1,1,1
Cc1cccc(S(=O)(=O)NCCN2CC=C(c3c[nH]c4ccc(Cl)cc34)CC2)c1,8.744727494896694,1.8,1,1,0,1,1,1
Cc1cccc(S(=O)(=O)NCCCN2CC=C(c3c[nH]c4ccc(Cl)cc34)CC2)c1,8.301029995663981,5.0,1,1,0,1,1,1
Cc1cccc(S(=O)(=O)NCCCCN2CC=C(c3c[nH]c4ccc(Cl)cc34)CC2)c1,8.221848749616356,6.0,1,1,0,1,1,1
Cc1cccc(S(=O)(=O)NCCN2CC=C(c3c(C)[nH]c4ccc(Cl)cc34)CC2)c1,7.154901959985743,70.0,1,1,0,0,1,1
Cc1cccc(S(=O)(=O)NCCCN2CC=C(c3c(C)[nH]c4ccc(Cl)cc34)CC2)c1,6.958607314841775,110.0,1,1,0,0,1,1
Cc1cccc(S(=O)(=O)NCCCCN2CC=C(c3c(C)[nH]c4ccc(Cl)cc34)CC2)c1,6.769551078621726,170.0,1,1,0,0,1,1
O=S(=O)(NCCN1CC=C(c2c[nH]c3ccc(F)cc23)CC1)c1ccc2ccccc2c1,7.443697499232712,36.0,0,0,0,0,1,0
O=S(=O)(NCCCN1CC=C(c2c[nH]c3ccc(F)cc23)CC1)c1ccc2ccccc2c1,7.568636235841013,27.0,0,0,0,0,1,1
O=S(=O)(NCCCCN1CC=C(c2c[nH]c3ccc(F)cc23)CC1)c1ccc2ccccc2c1,8.0,10.0,0,0,0,0,1,1
O=S(=O)(NCCN1CC=C(c2c[nH]c3ccc(Cl)cc23)CC1)c1ccc2ccccc2c1,7.744727494896693,18.0,0,0,0,0,1,1
O=S(=O)(NCCCN1CC=C(c2c[nH]c3ccc(Cl)cc23)CC1)c1ccc2ccccc2c1,7.154901959985743,70.0,1,1,0,0,1,1
O=S(=O)(NCCCCN1CC=C(c2c[nH]c3ccc(Cl)cc23)CC1)c1ccc2ccccc2c1,8.154901959985743,7.0,0,0,0,0,1,1
Cc1[nH]c2ccc(Cl)cc2c1C1=CCN(CCNS(=O)(=O)c2ccc3ccccc3c2)CC1,6.552841968657781,280.0,0,0,0,0,1,1
Cc1[nH]c2ccc(Cl)cc2c1C1=CCN(CCCNS(=O)(=O)c2ccc3ccccc3c2)CC1,6.2839966563652006,520.0,0,0,0,0,1,1
Cc1[nH]c2ccc(Cl)cc2c1C1=CCN(CCCCNS(=O)(=O)c2ccc3ccccc3c2)CC1,6.327902142064283,470.0,0,0,0,0,1,1
O=S(=O)(NCCN1CC=C(c2c[nH]c3ccc(Cl)cc23)CC1)c1cccc2ccccc12,8.397940008672037,4.0,1,1,0,0,1,0
O=S(=O)(NCCCN1CC=C(c2c[nH]c3ccc(Cl)cc23)CC1)c1cccc2ccccc12,8.301029995663981,5.0,1,1,0,0,1,1
O=S(=O)(NCCCCN1CC=C(c2c[nH]c3ccc(Cl)cc23)CC1)c1cccc2ccccc12,8.397940008672037,4.0,1,1,0,0,1,0
O=S(=O)(NCCN1CC=C(c2c[nH]c3ccc(Cl)cc23)CC1)c1cccc(F)c1,9.0,1.0,1,1,0,1,1,1
O=S(=O)(NCCCN1CC=C(c2c[nH]c3ccc(Cl)cc23)CC1)c1cccc(F)c1,8.0,10.0,1,1,0,1,0,0
O=S(=O)(NCCCCN1CC=C(c2c[nH]c3ccc(Cl)cc23)CC1)c1cccc(F)c1,8.522878745280337,3.0,1,1,0,1,1,0
O=S(=O)(NCCN1CC=C(c2c[nH]c3ccc(Cl)cc23)CC1)c1cccc(Cl)c1,8.130768280269024,7.4,1,1,0,1,0,0
O=S(=O)(NCCCN1CC=C(c2c[nH]c3ccc(Cl)cc23)CC1)c1cccc(Cl)c1,7.958607314841775,11.0,1,1,0,1,1,1
O=S(=O)(NCCCCN1CC=C(c2c[nH]c3ccc(Cl)cc23)CC1)c1cccc(Cl)c1,8.769551078621726,1.7,1,1,0,1,1,1
O=S(=O)(NCCN1CC=C(c2c[nH]c3ccc(Cl)cc23)CC1)c1cccc(O)c1,8.214670164989233,6.1,1,1,0,1,1,0
O=S(=O)(NCCCN1CC=C(c2c[nH]c3ccc(Cl)cc23)CC1)c1cccc(O)c1,8.397940008672037,4.0,1,1,0,1,1,1
O=S(=O)(NCCCCN1CC=C(c2c[nH]c3ccc(Cl)cc23)CC1)c1cccc(O)c1,8.0,10.0,1,1,0,1,0,0
O=S(=O)(NCCN1CC=C(c2c[nH]c3ccc(Cl)cc23)CC1)c1ccc(F)cc1,9.0,1.0,1,1,1,1,1,1
O=S(=O)(NCCCN1CC=C(c2c[nH]c3ccc(Cl)cc23)CC1)c1ccc(F)cc1,7.920818753952375,12.0,1,1,1,1,1,1
O=S(=O)(NCCCCN1CC=C(c2c[nH]c3ccc(Cl)cc23)CC1)c1ccc(F)cc1,7.67778070526608,21.0,1,1,0,0,1,1
O=S(=O)(NCCN1CC=C(c2c[nH]c3ccc(Cl)cc23)CC1)c1ccc(Cl)cc1,7.795880017344075,16.0,1,1,1,1,1,1
O=S(=O)(NCCCN1CC=C(c2c[nH]c3ccc(Cl)cc23)CC1)c1ccc(Cl)cc1,8.045757490560675,9.0,0,0,0,0,0,0
O=S(=O)(NCCCCN1CC=C(c2c[nH]c3ccc(Cl)cc23)CC1)c1ccc(Cl)cc1,8.0,10.0,0,0,0,0,0,0
c1ccc(C2(c3ccccc3)COCC(CNCCOc3ccccn3)O2)cc1,9.049976093476673,0.8913,0,0,0,0,0,0
COCOc1ccccc1OCCNCC1COCC(c2ccccc2)(c2ccccc2)O1,9.199970640755865,0.631,1,1,0,0,0,0
Oc1ccccc1OCCNCC1COCC(c2ccccc2)(c2ccccc2)O1,9.160019442321657,0.6918,1,1,0,0,0,0
O=[N+]([O-])c1ccccc1OCCNCC1COCC(c2ccccc2)(c2ccccc2)O1,9.250031916490595,0.5623,0,0,0,0,0,0
Cc1ccccc1OCCNCC1COCC(c2ccccc2)(c2ccccc2)O1,8.950007143079857,1.122,0,0,0,0,0,0
Clc1ccccc1OCCNCC1COCC(c2ccccc2)(c2ccccc2)O1,9.100015437450608,0.7943,1,1,0,0,0,0
CC(=O)c1c(OCCCCN2CCN(c3ccccc3C#N)CC2)ccc2c(C)cc(=O)oc12,8.823908740944319,1.5,1,1,0,0,1,1
CC(=O)c1c(OCCCCN2CCN(c3cccc(Cl)c3Cl)CC2)ccc2c(C)cc(=O)oc12,8.657577319177793,2.2,1,1,0,0,1,1
CC(=O)c1c(OCCCCN2CCN(c3ccc(Cl)cc3)CC2)ccc2c(C)cc(=O)oc12,7.552841968657781,28.0,1,1,0,0,1,1
CC(=O)c1c(OCCCCN2CCN(c3ccncc3)CC2)ccc2c(C)cc(=O)oc12,6.721246399047171,190.0,1,1,0,0,1,1
CC(=O)c1c(OCCCCN2CCN(c3ccc([N+](=O)[O-])cc3)CC2)ccc2c(C)cc(=O)oc12,7.036212172654444,92.0,0,0,0,0,1,1
CC(=O)c1c(OCCCCN2CCOCC2)ccc2c(C)cc(=O)oc12,6.518557371497695,303.0,0,0,0,0,1,1
COc1cccc(N2CCN(CCCCOc3ccc4c(C)cc(=O)oc4c3C(C)=O)CC2)c1,9.096910013008056,0.8,0,0,0,0,1,1
CC(=O)c1c(OCCCCN2CCN(c3cnccn3)CC2)ccc2c(C)cc(=O)oc12,7.42021640338319,38.0,1,1,0,1,1,1
CC(=O)c1c(OCCCCN2CCN(c3ccccc3F)CC2)ccc2c(C)cc(=O)oc12,9.0,1.0,1,1,0,0,1,1
CC(=O)c1c(OCCCN2CCN(c3ccccc3C#N)CC2)ccc2c(C)cc(=O)oc12,9.0,1.0,1,1,0,0,1,1
CC(=O)c1c(OCCCN2CCN(c3cccc(Cl)c3Cl)CC2)ccc2c(C)cc(=O)oc12,8.795880017344075,1.6,1,1,0,0,1,1
CC(=O)c1c(OCCCN2CCN(c3ccc(Cl)cc3)CC2)ccc2c(C)cc(=O)oc12,7.958607314841775,11.0,1,1,0,0,1,1
CC(=O)c1c(OCCCN2CCN(c3ccncc3)CC2)ccc2c(C)cc(=O)oc12,6.254925208417943,556.0,1,1,0,1,1,1
CC(=O)c1c(OCCCN2CCN(c3ccc([N+](=O)[O-])cc3)CC2)ccc2c(C)cc(=O)oc12,6.212539525481585,613.0,0,0,0,0,1,1
CC(=O)c1c(OCCCN2CCOCC2)ccc2c(C)cc(=O)oc12,6.7447274948966935,180.0,0,0,0,0,1,1
COc1cccc(N2CCN(CCCOc3ccc4c(C)cc(=O)oc4c3C(C)=O)CC2)c1,8.795880017344075,1.6,0,0,0,0,1,1
CC(=O)c1c(OCCCN2CCN(c3cnccn3)CC2)ccc2c(C)cc(=O)oc12,6.596879478824183,253.0,1,1,0,0,1,1
CC(=O)c1c(OCCCN2CCN(c3ccccc3F)CC2)ccc2c(C)cc(=O)oc12,8.886056647693163,1.3,1,1,0,0,1,1
CCc1nc2c(N3CCNCC3)ccnc2n1Cc1cccc(F)c1,5.554395796726403,2790.0,0,0,0,0,0,0
CCc1nc2c(N3CCNCC3)ccnc2n1Cc1cccc(Cl)c1,5.8683813356508745,1354.0,0,0,0,0,0,0
CC(C)c1nc2c(N3CCNCC3)ccnc2n1Cc1cccc(F)c1,5.226652458019177,5934.0,0,0,0,0,0,0
CC(C)c1nc2c(N3CCNCC3)ccnc2n1Cc1cccc(Cl)c1,5.642636969384857,2277.0,0,0,0,0,0,0
O=S(=O)(c1ccccc1)c1cnc2c(N3CCNCC3)cccc2c1,5.6252516539898965,2370.0,0,0,0,0,0,0
COc1cccc(-c2ccc3c(c2)CN(Cc2ccccc2)C3)c1,5.69486368105636,2019.0,0,0,0,0,0,0
COc1cccc(-c2ccc3c(c2)CCN(Cc2ccccc2)C3)c1,6.134896025358872,733.0,0,0,0,0,0,0
CN1CCN(c2ccc3c(c2)CN(C(=O)OCc2ccccc2)C3)CC1,5.583525920899779,2609.0,0,0,0,0,0,0
O=C(OCc1ccccc1)N1Cc2ccc(N3CCN(C4CCCC4)CC3)cc2C1,5.670602120638957,2135.0,0,0,0,0,0,0
O=C(OCc1ccccc1)N1CCc2ccc(N3CCN(C4CCCC4)CC3)cc2C1,5.920456992597094,1201.0,0,0,0,0,0,0
CCOC(=O)CCN1CCN(c2ccc3c(c2)CN(C(=O)OCc2ccccc2)CC3)CC1,6.474955192963154,335.0,0,0,0,0,0,0
Cc1ccc(C(C)(C)CC(C)NCc2ccc(C(F)(F)F)cc2)o1,4.503070351926785,31400.0,0,0,0,0,0,0
CCC1(C)CC(CCNCc2ccccc2)(c2ccc(C)cc2)CCO1,4.3788237182249645,41800.0,0,0,0,0,0,0
CCC1(C)CC(CCNCc2ccc(OC)c(OC)c2)(c2ccc(C)cc2)CCO1,4.434152181326482,36800.0,0,0,0,0,0,0
COc1ccc(CNCCC(c2ccccc2)c2ccc3c(c2)OCO3)cc1,4.806875401645539,15600.0,0,0,0,0,0,0
COc1cc(CNCCC2=CCCCC2)ccc1OCc1ccccc1,5.309803919971486,4900.0,0,0,0,0,0,0
CC(NCCC(Cc1ccccc1)c1ccco1)c1ccc(Cl)cc1,5.1487416512809245,7100.0,0,0,0,0,0,0
Cc1ccc(C(CCNC(C)c2ccc(Cl)cc2)c2ccco2)cc1,5.040958607678906,9100.0,0,0,0,0,0,0
Cc1ccc(C(C)NCCC(c2ccc(F)cc2)c2ccco2)cc1,5.214670164989233,6100.0,0,0,0,0,0,0
COc1ccc(CNCCC(c2ccco2)c2ccccc2OC)cc1,5.214670164989233,6100.0,0,0,0,0,0,0
CC(C)c1ccccc1OCC(C)N1CCC(NS(=O)(=O)c2cccc(F)c2)CC1,6.016824927962187,962.0,1,1,0,0,0,0
CC(C)c1ccccc1OCC(C)N1CCC(NS(=O)(=O)c2ccc(F)cc2)CC1,5.93218548883816,1169.0,1,1,0,0,0,0
CC(COc1ccccc1-c1ccccc1)N1CCC(NS(=O)(=O)c2cccc(Cl)c2)CC1,6.157390760389438,696.0,0,0,0,0,0,0
CC(COc1ccccc1-c1ccccc1)N1CCC(NS(=O)(=O)c2ccc(F)cc2)CC1,6.527243550682788,297.0,0,0,0,0,1,0
CC(C)c1ccccc1OCCCN1CCC(NS(=O)(=O)c2cccc(F)c2)CC1,5.746661994673894,1792.0,1,1,0,1,0,0
CC(C)c1ccccc1OCCCN1CCC(NS(=O)(=O)c2ccc(F)cc2)CC1,5.681727919788373,2081.0,1,1,0,0,1,1
O=S(=O)(NC1CCN(CCCOc2ccccc2-c2ccccc2)CC1)c1cccc(Cl)c1,5.787812395596042,1630.0,1,1,0,0,0,0
O=S(=O)(NC1CCN(CCCOc2ccccc2-c2ccccc2)CC1)c1ccc(F)cc1,5.735418270761922,1839.0,1,1,1,1,1,0
CC(C)c1ccccc1OCC(O)CN1CCC(NS(=O)(=O)c2cccc(F)c2)CC1,6.129596094720973,742.0,0,0,0,0,0,0
CC(C)c1ccccc1OCC(O)CN1CCC(NS(=O)(=O)c2ccc(F)cc2)CC1,6.295849483160201,506.0,0,0,0,0,1,0
O=S(=O)(NC1CCN(CC(O)COc2ccccc2-c2ccccc2)CC1)c1cccc(Cl)c1,5.876475019057268,1329.0,0,0,0,0,0,0
O=S(=O)(NC1CCN(CC(O)COc2ccccc2-c2ccccc2)CC1)c1ccc(F)cc1,5.878768544850378,1322.0,0,0,0,0,0,0
OC(CN1CCN(c2ccccc2)CC1)c1ccc(Cl)c(Cl)c1,8.619788758288394,2.4,0,0,0,0,1,1
Clc1ccc(CCN2CCN(c3ccccc3-c3ccccc3)CC2)cc1Cl,8.200659450546418,6.3,0,0,0,0,1,1
Clc1ccc(CCN2CCN(c3nsc4ccccc34)CC2)cc1Cl,9.075720713938118,0.84,0,0,0,0,1,1
Cc1ccc(Sc2ccccc2N2CCNCC2)c(C)c1,8.022276394711152,9.5,0,0,0,0,1,1
COc1ccccc1N1CCN(CCCN2CCOc3ccccc32)CC1,8.829738284605043,1.48,0,0,0,0,1,1
CC(=O)c1c(OCCCN2CCN(c3ccccc3Cl)CC2)ccc2c(C)cc(=O)oc12,8.698970004336019,2.0,1,1,0,0,1,1
CC(=O)c1c(OCCCN2CCN(c3cc(C)cc(C)c3)CC2)ccc2c(C)cc(=O)oc12,9.045757490560677,0.9,1,1,0,0,1,1
CC(=O)c1c(OCCCN2CCN(c3cc(C)ccc3C)CC2)ccc2c(C)cc(=O)oc12,7.853871964321762,14.0,1,1,0,0,1,1
CC(=O)c1c(OCCCN2CCN(c3ccccc3Br)CC2)ccc2c(C)cc(=O)oc12,9.30102999566398,0.5,1,1,0,0,1,1
CC(=O)c1c(OCCCN2CCN(c3cccc(Br)c3)CC2)ccc2c(C)cc(=O)oc12,8.455931955649724,3.5,1,1,0,1,1,1
CC(=O)c1c(OCCCN2CCN(c3cccc(F)c3)CC2)ccc2c(C)cc(=O)oc12,5.8696662315049934,1350.0,1,1,1,1,1,1
CC(=O)c1c(OCCCN2CCN(c3ccccc3C(F)(F)F)CC2)ccc2c(C)cc(=O)oc12,8.05551732784983,8.8,0,0,0,0,1,1
COc1ccccc1N1CCN(CCCOc2ccc3c(C)cc(=O)oc3c2C(C)=O)CC1,9.221848749616356,0.6,0,0,0,0,1,1
CC(=O)c1c(OCCCCN2CCN(c3ccccc3Cl)CC2)ccc2c(C)cc(=O)oc12,9.045757490560677,0.9,1,1,0,0,1,1
CC(=O)c1c(OCCCCN2CCN(c3cc(C)cc(C)c3)CC2)ccc2c(C)cc(=O)oc12,8.431798275933005,3.7,1,1,0,0,1,1
CC(=O)c1c(OCCCCN2CCN(c3cc(C)ccc3C)CC2)ccc2c(C)cc(=O)oc12,8.267606240177031,5.4,1,1,0,0,1,1
CC(=O)c1c(OCCCCN2CCN(c3ccccc3Br)CC2)ccc2c(C)cc(=O)oc12,8.823908740944319,1.5,1,1,0,0,1,1
CC(=O)c1c(OCCCCN2CCN(c3cccc(Br)c3)CC2)ccc2c(C)cc(=O)oc12,8.602059991327963,2.5,1,1,0,1,1,1
CC(=O)c1c(OCCCCN2CCN(c3cccc(F)c3)CC2)ccc2c(C)cc(=O)oc12,7.301029995663981,50.0,1,1,1,1,1,1
CC(=O)c1c(OCCCCN2CCN(c3ccccc3C(F)(F)F)CC2)ccc2c(C)cc(=O)oc12,7.958607314841775,11.0,0,0,0,0,1,1
COc1ccccc1N1CCN(CCCCOc2ccc3c(C)cc(=O)oc3c2C(C)=O)CC1,9.0,1.0,0,0,0,0,1,1
NCCCCCCn1cc(CCCCN2CCC(c3ccc(-c4cc(C(=O)O)cc5cc(-c6ccc(C(F)(F)F)cc6)ccc45)cc3)CC2)nn1,5.247951552180561,5650.0,0,0,0,0,0,0
COc1ccccc1N1CCN(CCCNc2cc(=O)n(C)c(=O)n2C)CC1,6.671620396561262,213.0,0,0,0,0,1,1
O=C1Nc2ccccc2C12CCN(CCN1CCN(c3ccc(Cl)cc3)CC1)C2,5.425390058659813,3755.0,1,1,0,1,1,1
O=C1Nc2ccccc2C12CCN(CCCN1CCN(c3ccc(Cl)cc3)CC1)C2,5.538951908329342,2891.0,1,1,0,1,1,0
O=C1Nc2ccccc2C12CCN(CCN1CCN(c3ccccc3)CC1)C2,5.221486988261075,6005.0,0,0,0,0,0,0
O=C1Nc2ccccc2C12CCN(CCN1CCN(c3cccc(Cl)c3)CC1)C2,5.570732333566832,2687.0,0,0,0,0,1,1
O=C1Nc2ccccc2C12CCN(CCN1CCN(c3ccccc3Cl)CC1)C2,5.96018944585165,1096.0,0,0,0,0,1,1
O=C1Nc2ccccc2C12CCN(CCN1CCN(c3ccc(Cl)c(Cl)c3)CC1)C2,5.39211625564301,4054.0,0,0,0,0,1,0
O=C1Nc2ccccc2C12CCN(CCN1CCC(c3ccc(Cl)cc3)CC1)C2,4.826813731587726,14900.0,0,0,0,0,1,1
O=C1Nc2ccccc2C12CCN(CCN1CCC(c3ccc(F)cc3)CC1)C2,4.283913146225168,52010.0,1,1,0,1,1,1
O=C1Nc2ccccc2C12CCN(CCN1CC=C(c3ccc(F)cc3)CC1)C2,5.403512866263456,3949.0,1,1,0,1,1,1
O=C1Nc2ccccc2C12CCN(CCN1CCN(c3ccc(F)cc3)CC1)C2,4.84893674664625,14160.0,0,0,0,0,1,1
O=C1Nc2ccccc2C12CCN(CCN1CCC(Oc3ccc(Cl)cc3)CC1)C2,4.860435733824151,13790.0,0,0,0,0,1,0
O=C(c1ccc(Cl)cc1)N1CCN(CCN2CCC3(C2)C(=O)Nc2ccccc23)CC1,4.316592700867905,48240.0,0,0,0,0,1,0
CCc1cc(-c2ccoc2)nc(N2CCN(C)CC2)n1,5.823619307756729,1501.0,0,0,0,0,0,0
CCCCc1cc(-c2ccoc2)nc(N2CCN(C)CC2)n1,6.195860567664649,637.0,0,0,0,0,0,0
Fc1ccc(-c2n[nH]c3c2CCNCC3)cc1,5.729088360589519,1866.0,0,0,0,0,0,0
O=S(=O)(NC1CCN(CCOc2ccccc2)CC1)c1ccccc1Cl,5.686554629573586,2058.0,0,0,0,0,0,0
O=S(=O)(NC1CCN(CCOc2ccccc2)CC1)c1ccccc1,5.442011851775087,3614.0,1,1,0,1,1,1
O=S(=O)(NC1CCN(CCOc2ccccc2)CC1)c1ccccc1Br,5.682563503464901,2077.0,0,0,0,0,0,0
O=S(=O)(NC1CCN(CCOc2ccccc2)CC1)c1ccccc1I,6.304518323509803,496.0,0,0,0,0,0,0
O=S(=O)(NC1CCN(CCOc2ccccc2)CC1)c1cccc(Cl)c1,5.845271792559845,1428.0,1,1,0,0,0,0
O=S(=O)(NC1CCN(CCOc2ccccc2)CC1)c1cccc(Br)c1,6.113509274827518,770.0,0,0,0,0,0,0
O=S(=O)(NC1CCN(CCOc2ccccc2)CC1)c1ccc(Cl)cc1,5.495121540589784,3198.0,1,1,1,1,1,1
O=S(=O)(NC1CCN(CCOc2ccccc2)CC1)c1ccc(Br)cc1,5.707522406332216,1961.0,1,1,1,1,0,0
O=S(=O)(NC1CCN(CCOc2ccccc2Cl)CC1)c1ccccc1,5.891096872332687,1285.0,0,0,0,0,1,1
O=S(=O)(NC1CCN(CCOc2ccccc2Br)CC1)c1ccccc1,5.629116983222394,2349.0,0,0,0,0,1,1
O=S(=O)(NC1CCN(CCOc2ccccc2I)CC1)c1ccccc1,6.208309350979882,619.0,1,1,0,0,1,1
Cc1ccccc1OCCN1CCC(NS(=O)(=O)c2ccccc2)CC1,5.6256183019491175,2368.0,0,0,0,0,1,1
O=S(=O)(NC1CCN(CCOc2ccccc2C(F)(F)F)CC1)c1ccccc1,5.360712774089763,4358.0,0,0,0,0,1,1
CC(C)(C)c1ccccc1OCCN1CCC(NS(=O)(=O)c2ccccc2)CC1,5.061130178487013,8687.0,1,1,0,0,1,1
O=S(=O)(NC1CCN(CCOc2cccc(Cl)c2)CC1)c1ccccc1,5.785951320588058,1637.0,1,1,0,0,1,1
O=S(=O)(NC1CCN(CCOc2cccc(Br)c2)CC1)c1ccccc1,5.655411257421286,2211.0,1,1,0,0,1,1
O=S(=O)(NC1CCN(CCOc2cccc(I)c2)CC1)c1ccccc1,6.293282217663241,509.0,1,1,0,0,1,1
Cc1cccc(OCCN2CCC(NS(=O)(=O)c3ccccc3)CC2)c1,5.676129393459491,2108.0,0,0,0,0,1,1
O=S(=O)(NC1CCN(CCOc2cccc(C(F)(F)F)c2)CC1)c1ccccc1,5.709742730605482,1951.0,0,0,0,0,1,1
CC(C)c1cccc(OCCN2CCC(NS(=O)(=O)c3ccccc3)CC2)c1,6.411168274405792,388.0,0,0,0,0,1,1
CC(C)(C)c1cccc(OCCN2CCC(NS(=O)(=O)c3ccccc3)CC2)c1,5.811071516239147,1545.0,0,0,0,0,1,1
O=S(=O)(NC1CCN(CCOc2cccc(-c3ccccc3)c2)CC1)c1ccccc1,5.836838625022982,1456.0,0,0,0,0,1,1
O=S(=O)(NC1CCN(CCOc2ccc(Cl)cc2)CC1)c1ccccc1,4.416914633652312,38290.0,1,1,1,1,1,1
O=S(=O)(NC1CCN(CCOc2ccc(Br)cc2)CC1)c1ccccc1,4.2789316982028405,52610.0,1,1,1,1,1,1
O=S(=O)(NC1CCN(CCOc2cccc(Br)c2I)CC1)c1ccccc1,5.572351628813068,2677.0,1,1,0,0,1,1
O=S(=O)(NC1CCN(CCOc2cc(Br)ccc2I)CC1)c1ccccc1,5.047401265470227,8966.0,1,1,0,0,1,1
O=S(=O)(NC1CCN(CCOc2cccc(Br)c2)CC1)c1ccccc1Br,6.335358024443875,462.0,1,1,0,0,0,0
O=S(=O)(NC1CCN(CCOc2cccc(Br)c2)CC1)c1cccc(Cl)c1,5.850472986245652,1411.0,0,0,0,0,0,0
O=S(=O)(NC1CCN(CCOc2cccc(Br)c2)CC1)c1cccc(Br)c1,5.897566294318664,1266.0,0,0,0,0,0,0
O=S(=O)(NC1CCN(CCOc2cccc(Br)c2)CC1)c1ccc(Cl)cc1,5.390725827595412,4067.0,0,0,0,0,0,0
O=S(=O)(NC1CCN(CCOc2cccc(Br)c2)CC1)c1ccc(Br)cc1,5.573651426212492,2669.0,0,0,0,0,0,0
COCCOc1cccc(CC2CCN(CCc3cc4c(cc3Cl)OCCO4)CC2)c1Br,6.329754146925876,468.0,0,0,0,0,1,1
COCCOc1cc(CC2CCN(CCc3cc4c(cc3Cl)OCCO4)CC2)ccc1Br,6.600326278518962,251.0,1,1,0,0,1,1
COCCOc1cc(Br)cc(CC2CCN(CCc3cc4c(cc3Cl)OCCO4)CC2)c1,6.262807357295263,546.0,1,1,0,0,1,1
COCCOc1cc(CC2CCN(CCc3ccc4c(c3)OCCO4)CC2)ccc1Br,7.795880017344075,16.0,1,1,0,0,1,1
COCCOc1cc(Br)cc(CC2CCN(CCc3ccc4c(c3)OCCO4)CC2)c1,7.2380721615794705,57.8,0,0,0,0,1,1
COCCOc1cc(CC2CCN(CCc3ccc4c(c3)CCCO4)CC2)ccc1Br,7.365522729839268,43.1,0,0,0,0,1,1
COCCOc1cc(CC2CCN(CCc3ccc4c(c3)C(O)CCO4)CC2)ccc1Br,7.484126156288321,32.8,1,1,0,1,1,1
COCCOc1cc(CC2CCN(CCc3ccc4c(c3)C(=O)CCO4)CC2)ccc1Br,8.296708621881338,5.05,1,1,1,1,1,1
COCCOc1cc(CC2CCN(CCc3ccc4c(c3)OCCC4)CC2)ccc1Br,7.721246399047171,19.0,0,0,0,0,1,1
COCCOc1cc(CC2CCN(CCc3ccc4c(c3)OCCC4=O)CC2)ccc1Br,7.368556230986828,42.8,0,0,0,0,1,1
COCCOc1cc(CC2CCN(CCc3ccc4c(c3)C(=O)CCC4)CC2)ccc1Br,7.906578314837765,12.4,0,0,0,0,1,1
COCCOc1cc(CC2CCN(CCc3ccc4c(c3)C(=O)CCCO4)CC2)ccc1Br,7.1432711096171175,71.9,1,1,1,1,1,1
COCCOc1cc(CC2CCN(CCc3ccc4c(c3)S(=O)(=O)CCO4)CC2)ccc1Br,7.94692155651658,11.3,0,0,0,0,1,1
COCCOc1cc(Br)cc(CC2CCN(CCc3ccc4c(c3)C(=O)CCO4)CC2)c1,7.35359627377693,44.3,1,1,0,0,1,1
COCCOc1cccc(CC2CCN(CCc3ccc4c(c3)C(=O)CCO4)CC2)c1,8.61798295742513,2.41,1,1,0,0,1,1
COCCOc1cc(CC2CCN(CCc3ccc4c(c3)C(=O)CCO4)CC2)ccc1F,8.647817481888637,2.25,1,1,0,1,1,1
COCCOc1cc(CC2CCN(CCc3ccc4c(c3)C(=O)CCO4)CC2)ccc1Cl,8.55129368009492,2.81,1,1,0,1,1,1
COCCOc1cc(CC2CCN(CCc3ccc4c(c3)C(=O)CCO4)CC2)ccc1I,8.05749589383192,8.76,0,0,0,0,0,0
COCCOc1cc(CC2CCN(CCc3ccc4c(c3)C(=O)CCO4)CC2)ccc1C,8.112382699664265,7.72,0,0,0,0,0,0
CCc1ccc(CC2CCN(CCc3ccc4c(c3)C(=O)CCO4)CC2)cc1OCCOC,7.714442690992226,19.3,0,0,0,0,1,1
COCCOc1cc(CC2CCN(CCc3ccc4c(c3)C(=O)CCO4)CC2)ccc1C(C)C,7.155522824254319,69.9,1,1,0,0,1,1
CCCCN1CCC(c2cccc(O)c2)C1,5.743522793758324,1805.0,0,0,0,0,1,1
CCCCCN1CCC(c2cccc(O)c2)C1,6.486782399932061,326.0,1,1,1,1,1,1
CCCCCCN1CCC(c2cccc(O)c2)C1,6.565431095965801,272.0,1,1,1,1,1,1
CCCCCCCN1CCC(c2cccc(O)c2)C1,7.721246399047171,19.0,1,1,1,1,1,1
CCCCCCCCN1CCC(c2cccc(O)c2)C1,8.0268721464003,9.4,1,1,1,1,1,1
CCCCCCCCCCN1CCC(c2cccc(O)c2)C1,7.920818753952375,12.0,1,1,1,1,1,1
O=S(=O)(c1cncc2ccccc12)N1CCCCC[C@H]1CCN1CCN(c2cccc3sccc23)CC1,8.096910013008056,8.0,1,1,0,1,0,0
O=S(=O)(c1cccc2ncccc12)N1CCCCC[C@H]1CCN1CCN(c2cccc3sccc23)CC1,7.920818753952375,12.0,1,1,0,1,0,0
O=S(=O)(c1cncc2ccccc12)N1CCCC[C@@H]1CCN1CCN(c2cccc3sccc23)CC1,7.920818753952375,12.0,1,1,0,1,0,0
O=S(=O)(c1cccc2ncccc12)N1CCCC[C@@H]1CCN1CCN(c2cccc3sccc23)CC1,7.823908740944319,15.0,1,1,0,1,0,0
O=S(=O)(c1cncc2ccccc12)N1CC[C@@H]1CCN1CCN(c2cccc3sccc23)CC1,7.795880017344075,16.0,0,0,0,0,0,0
O=S(=O)(c1cccc2ncccc12)N1CC[C@@H]1CCN1CCN(c2cccc3sccc23)CC1,8.045757490560675,9.0,0,0,0,0,0,0
O=S(=O)(c1ccnc2ccccc12)N1CCCCC[C@H]1CCN1CCN(c2nsc3ccccc23)CC1,7.301029995663981,50.0,0,0,0,0,0,0
O=S(=O)(c1cccc2ncccc12)N1CCCCC[C@H]1CCN1CCN(c2nsc3ccccc23)CC1,7.318758762624412,48.0,0,0,0,0,0,0
O=S(=O)(c1ccnc2ccccc12)N1CCCC[C@@H]1CCN1CCN(c2nsc3ccccc23)CC1,7.619788758288394,24.0,0,0,0,0,0,0
O=S(=O)(c1cccc2ncccc12)N1CCCC[C@@H]1CCN1CCN(c2nsc3ccccc23)CC1,7.552841968657781,28.0,0,0,0,0,0,0
O=S(=O)(c1cncc2ccccc12)N1CC[C@@H]1CCN1CCN(c2nsc3ccccc23)CC1,7.251811972993799,56.0,0,0,0,0,0,0
O=S(=O)(c1cccc2ncccc12)N1CC[C@@H]1CCN1CCN(c2nsc3ccccc23)CC1,7.267606240177032,54.0,0,0,0,0,0,0
O=S(=O)(c1cccc2cnccc12)N1CCC[C@H]1CCN1CCN(c2noc3ccccc23)CC1,7.0655015487564325,86.0,1,1,0,1,0,0
O=S(=O)(c1cncc2ccccc12)N1CCC[C@H]1CCN1CCN(c2noc3ccccc23)CC1,7.017728766960431,96.0,1,1,0,1,0,0
O=S(=O)(c1cccc2ncccc12)N1CCC[C@H]1CCN1CCN(c2noc3ccccc23)CC1,6.747146969020107,179.0,1,1,0,1,0,0
O=S(=O)(c1cncc2ccccc12)N1CCC[C@H]1CCN1CCC(c2noc3cc(F)ccc23)CC1,6.954677021213342,111.0,0,0,0,0,0,0
O=c1[nH]c2c(N3CCN(CC[C@@H]4CCCN4S(=O)(=O)c4cccc5ncccc45)CC3)cccc2o1,7.638272163982407,23.0,0,0,0,0,0,0
Fc1ccc2[nH]cc(CCN3CCN(c4ccccc4-c4ccccc4)CC3)c2c1,9.275724130399212,0.53,1,1,0,1,1,1
Fc1cccc(-c2ccccc2N2CCN(CCc3c[nH]c4ccc(F)cc34)CC2)c1,8.2518119729938,5.6,1,1,0,0,1,1
Fc1ccc2[nH]cc(CCN3CCN(c4ccccc4-c4ccccc4F)CC3)c2c1,7.602059991327962,25.0,1,1,0,0,1,1
Fc1ccc2[nH]cc(CCCN3CCN(c4ccccc4-c4ccccc4)CC3)c2c1,7.886056647693163,13.0,1,1,0,0,1,1
Fc1cccc(-c2ccccc2N2CCN(CCCc3c[nH]c4ccc(F)cc34)CC2)c1,8.09151498112135,8.1,0,0,0,0,0,0
Fc1cccc(-c2cc(F)ccc2N2CCN(CCCc3c[nH]c4ccc(F)cc34)CC2)c1,7.207608310501746,62.0,1,1,0,0,1,0
Fc1cccc(-c2c(F)cccc2N2CCN(CCCc3c[nH]c4ccc(F)cc34)CC2)c1,7.744727494896693,18.0,0,0,0,0,1,0
Fc1cccc(-c2ccc(F)cc2N2CCN(CCCc3c[nH]c4ccc(F)cc34)CC2)c1,7.823908740944319,15.0,0,0,0,0,0,0
Fc1ccc(N2CCN(CCCc3c[nH]c4ccc(F)cc34)CC2)c(-c2ccccc2)c1,7.552841968657781,28.0,1,1,0,1,1,1
Fc1cc(N2CCN(CCc3coc4ccccc34)CC2)c2ncccc2c1,8.712198270069774,1.94,0,0,0,0,0,0
COc1cc2c3c(c1OC)-c1ccccc1[C@@H](O)[C@@H]3NCC2,7.1487416512809245,71.0,0,0,0,0,0,0
CC1(c2ccc(F)cc2)NC(=O)N(CC(O)CN2CCN(C(=O)c3ccccc3)CC2)C1=O,5.206488994207142,6216.0,0,0,0,0,1,0
CC1(c2ccc(F)cc2)NC(=O)N(CC(O)CN2CCN(Cc3cccc4ccccc34)CC2)C1=O,5.253599355508439,5577.0,1,1,0,0,1,1
CC1(c2ccc(F)cc2)NC(=O)N(CC(O)CN2CCN(c3cccc4ccccc34)CC2)C1=O,7.721246399047171,19.0,1,1,0,0,1,1
CC1(c2ccc(F)cc2)NC(=O)N(CC(O)CN2CCC(Oc3ccccc3)CC2)C1=O,5.283078926833239,5211.0,1,1,0,0,1,1
CC1(c2ccc(F)cc2)NC(=O)N(CC(O)CN2CCC(Oc3ccc(Cl)cc3)CC2)C1=O,4.668167955563751,21470.0,1,1,0,0,1,0
COc1ccccc1N1CCN(CC(O)CN2C(=O)NC(C)(c3cccc4ccccc34)C2=O)CC1,6.486782399932061,326.0,0,0,0,0,0,0
CC1(c2cccc3ccccc23)NC(=O)N(CC(O)CN2CCN(c3ccccc3C#N)CC2)C1=O,5.911863911299449,1225.0,0,0,0,0,0,0
COc1ccccc1N1CCN(CC(O)CN2C(=O)NC(C)(c3ccc4ccccc4c3)C2=O)CC1,6.892790030352131,128.0,0,0,0,0,0,0
CC1(c2ccc3ccccc3c2)NC(=O)N(CC(O)CN2CCN(c3ccccc3C#N)CC2)C1=O,6.889410289700751,129.0,0,0,0,0,0,0
COc1ccccc1N1CCN(CC(O)CN2C(=O)NC(C)(C)C2=O)CC1,6.31069114087638,489.0,0,0,0,0,1,1
CC1(C)NC(=O)N(CC(O)CN2CCN(c3ccccc3C#N)CC2)C1=O,5.937418015771837,1155.0,0,0,0,0,1,1
CC1(C)NC(=O)N(CC(O)CN2CCN(C(c3ccccc3)c3ccccc3)CC2)C1=O,4.8195873671616765,15150.0,0,0,0,0,1,1
CC1(c2ccc(F)cc2)NC(=O)N(CC(O)CN2CCc3ccccc3C2)C1=O,5.809388202186395,1551.0,0,0,0,0,1,0
O=C(NCCc1c[nH]c2ccccc12)C1CCN(C(=O)c2ccccc2)CC1,5.267928059000133,5396.0,0,0,0,0,0,0
O=C(NCc1ccccc1)C1CCN(C(=O)c2ccc(-c3ccccc3)cc2)CC1,5.027380660940376,9389.0,0,0,0,0,1,1
O=C(NCCc1c[nH]c2ccccc12)C1CCN(C(=O)c2ccc(-c3ccccc3)cc2)CC1,6.219682687859849,603.0,0,0,0,0,1,1
OC1(c2ccc(Cl)c(C(F)(F)F)c2)CCN(CCCC=C(c2ccc(F)cc2)c2ccc(F)cc2)CC1,5.865504144165326,1363.0,0,0,0,0,0,0
OC1(c2ccc(Cl)c(C(F)(F)F)c2)CCN(CCCCCc2ccc(F)cc2)CC1,6.045275209020937,901.0,0,0,0,0,1,0
OC1(c2ccc(Cl)c(C(F)(F)F)c2)CCN(CCCN(c2ccc(F)cc2)c2ccc(F)cc2)CC1,5.898940645091884,1262.0,0,0,0,0,0,0
OC1(c2ccc(Cl)c(C(F)(F)F)c2)CCN(CCCCN(c2ccc(F)cc2)c2ccc(F)cc2)CC1,5.960982678002588,1094.0,0,0,0,0,0,0
OC1(c2ccc(Cl)c(C(F)(F)F)c2)CCN(CCCCC(c2ccc(F)cc2)c2ccc(F)cc2)CC1,5.855425792390384,1395.0,0,0,0,0,0,0
OC1(c2ccc(Cl)c(C(F)(F)F)c2)CCN(CCCC(c2ccccc2)c2ccccc2)CC1,6.317854923626168,481.0,0,0,0,0,1,0
COc1ccc(N(CCCCN2CCC(O)(c3ccc(Cl)c(C(F)(F)F)c3)CC2)c2ccc(OC)cc2)cc1,5.0,10000.0,0,0,0,0,1,0
OC1(c2ccc(Cl)c(C(F)(F)F)c2)CCN(CCCC(c2ccc(F)cc2)c2ccc(F)cc2)CC1,6.448550002027125,356.0,0,0,0,0,1,0
CC(=O)c1c(C)cc2oc(=O)cc(C)c2c1OCCCN1CCN(c2ccncc2)CC1,6.812479279163537,154.0,1,1,0,1,1,1
CC(=O)c1c(C)cc2oc(=O)cc(C)c2c1OCCCN1CCN(c2ccccc2C#N)CC1,9.522878745280336,0.3,1,1,0,0,1,1
CC(=O)c1c(C)cc2oc(=O)cc(C)c2c1OCCCN1CCN(c2cccc(Cl)c2Cl)CC1,9.397940008672036,0.4,1,1,1,1,1,1
CC(=O)c1c(C)cc2oc(=O)cc(C)c2c1OCCCN1CCN(c2ccc(Cl)cc2)CC1,8.920818753952375,1.2,1,1,0,0,1,1
CC(=O)c1c(C)cc2oc(=O)cc(C)c2c1OCCCN1CCN(c2ccc([N+](=O)[O-])cc2)CC1,6.798602875679548,159.0,0,0,0,0,1,1
CC(=O)c1c(C)cc2oc(=O)cc(C)c2c1OCCCN1CCOCC1,6.070581074285707,850.0,0,0,0,0,1,1
COc1cccc(N2CCN(CCCOc3c(C(C)=O)c(C)cc4oc(=O)cc(C)c34)CC2)c1,9.397940008672036,0.4,1,1,1,1,1,1
CC(=O)c1c(C)cc2oc(=O)cc(C)c2c1OCCCN1CCN(c2cnccn2)CC1,7.958607314841775,11.0,1,1,0,1,1,1
CC(=O)c1c(C)cc2oc(=O)cc(C)c2c1OCCCN1CCN(c2ccccc2F)CC1,9.522878745280336,0.3,1,1,0,0,1,1
CC(=O)c1c(C)cc2oc(=O)cc(C)c2c1OCCCCN1CCN(c2ccncc2)CC1,6.511449283499556,308.0,1,1,0,1,1,1
CC(=O)c1c(C)cc2oc(=O)cc(C)c2c1OCCCCN1CCN(c2cccc(Cl)c2Cl)CC1,6.6020599913279625,250.0,1,1,1,1,1,1
CC(=O)c1c(C)cc2oc(=O)cc(C)c2c1OCCCCN1CCN(c2ccc(Cl)cc2)CC1,8.154901959985743,7.0,1,1,0,0,1,1
CC(=O)c1c(C)cc2oc(=O)cc(C)c2c1OCCCCN1CCN(c2ccc([N+](=O)[O-])cc2)CC1,7.481486060122112,33.0,0,0,0,0,1,1
CC(=O)c1c(C)cc2oc(=O)cc(C)c2c1OCCCCN1CCOCC1,6.6020599913279625,250.0,0,0,0,0,1,1
COc1cccc(N2CCN(CCCCOc3c(C(C)=O)c(C)cc4oc(=O)cc(C)c34)CC2)c1,7.823908740944319,15.0,1,1,1,1,1,1
CC(=O)c1c(C)cc2oc(=O)cc(C)c2c1OCCCCN1CCN(c2cnccn2)CC1,8.318758762624412,4.8,1,1,0,1,1,1
CC(=O)c1c(C)cc2oc(=O)cc(C)c2c1OCCCCN1CCN(c2ccccc2F)CC1,9.154901959985745,0.7,1,1,0,0,1,1
Cc1cc(OCCCN2CCN(c3ccncc3)CC2)c2c(C)cc(=O)oc2c1,6.346787486224656,450.0,1,1,0,1,1,1
Cc1cc(OCCCN2CCN(c3ccccc3C#N)CC2)c2c(C)cc(=O)oc2c1,8.522878745280337,3.0,1,1,0,0,1,1
Cc1cc(OCCCN2CCN(c3cccc(Cl)c3Cl)CC2)c2c(C)cc(=O)oc2c1,8.397940008672037,4.0,1,1,0,0,1,1
Cc1cc(OCCCN2CCN(c3ccc(Cl)cc3)CC2)c2c(C)cc(=O)oc2c1,6.79317412396815,161.0,1,1,0,0,1,1
Cc1cc(OCCCN2CCN(c3ccc([N+](=O)[O-])cc3)CC2)c2c(C)cc(=O)oc2c1,5.91721462968355,1210.0,0,0,0,0,1,1
Cc1cc(OCCCN2CCOCC2)c2c(C)cc(=O)oc2c1,5.884722408604098,1304.0,0,0,0,0,1,1
COc1cccc(N2CCN(CCCOc3cc(C)cc4oc(=O)cc(C)c34)CC2)c1,8.221848749616356,6.0,0,0,0,0,1,1
Cc1cc(OCCCN2CCN(c3cnccn3)CC2)c2c(C)cc(=O)oc2c1,6.730487055782084,186.0,1,1,1,1,1,1
Cc1cc(OCCCN2CCN(c3ccccc3F)CC2)c2c(C)cc(=O)oc2c1,8.522878745280337,3.0,1,1,0,0,1,1
Cc1cc(OCCCCN2CCN(c3ccncc3)CC2)c2c(C)cc(=O)oc2c1,6.410050398674292,389.0,1,1,0,1,1,1
Cc1cc(OCCCCN2CCN(c3ccccc3C#N)CC2)c2c(C)cc(=O)oc2c1,8.823908740944319,1.5,1,1,0,0,1,1
Cc1cc(OCCCCN2CCN(c3cccc(Cl)c3Cl)CC2)c2c(C)cc(=O)oc2c1,8.096910013008056,8.0,1,1,0,0,1,1
Cc1cc(OCCCCN2CCN(c3ccc(Cl)cc3)CC2)c2c(C)cc(=O)oc2c1,7.221848749616356,60.0,1,1,0,0,1,1
Cc1cc(OCCCCN2CCN(c3ccc([N+](=O)[O-])cc3)CC2)c2c(C)cc(=O)oc2c1,6.092051478387727,809.0,0,0,0,0,1,1
Cc1cc(OCCCCN2CCOCC2)c2c(C)cc(=O)oc2c1,5.455931955649724,3500.0,0,0,0,0,1,1
COc1cccc(N2CCN(CCCCOc3cc(C)cc4oc(=O)cc(C)c34)CC2)c1,9.0,1.0,0,0,0,0,1,1
Cc1cc(OCCCCN2CCN(c3cnccn3)CC2)c2c(C)cc(=O)oc2c1,8.173925197299173,6.7,1,1,1,1,1,1
Cc1cc(OCCCCN2CCN(c3ccccc3F)CC2)c2c(C)cc(=O)oc2c1,8.769551078621726,1.7,1,1,0,0,1,1
O=C1c2ccccc2S(=O)(=O)N1CCCCCCN1CCN(c2nsc3ccccc23)CC1,7.638272163982407,23.0,0,0,0,0,1,1
O=C1c2ccccc2S(=O)(=O)N1CCCCCCN1CCN(c2ncccn2)CC1,7.619788758288394,24.0,0,0,0,0,1,1
O=C1c2ccccc2S(=O)(=O)N1CCCCCCN1CCN(c2ccccn2)CC1,7.886056647693163,13.0,0,0,0,0,1,1
O=C1c2ccccc2S(=O)(=O)N1CCCCCCN1CCN(c2cccc3cccnc23)CC1,8.397940008672037,4.0,0,0,0,0,1,1
O=C1c2ccccc2S(=O)(=O)N1CCCCCCN1CCN(c2cccc3ccccc23)CC1,8.045757490560675,9.0,0,0,0,0,1,1
O=C1c2ccccc2S(=O)(=O)N1CCCCCCN1CCN(c2ccccc2)CC1,7.698970004336019,20.0,0,0,0,0,1,1
O=C1c2ccccc2S(=O)(=O)N1CCCCCCN1CCN(c2cccc(C(F)(F)F)c2)CC1,7.602059991327962,25.0,0,0,0,0,1,1
O=C1c2ccccc2S(=O)(=O)N1CCCCCCN1CCN(c2ccccc2C(F)(F)F)CC1,6.806875401645538,156.0,0,0,0,0,1,1
COc1ccc(N2CCN(CCCCCCN3C(=O)c4ccccc4S3(=O)=O)CC2)cc1,6.485452247339714,327.0,1,1,0,0,1,1
COc1cccc(N2CCN(CCCCCCN3C(=O)c4ccccc4S3(=O)=O)CC2)c1,7.721246399047171,19.0,1,1,0,0,1,1
COc1ccccc1N1CCN(CCCCCCN2C(=O)c3ccccc3S2(=O)=O)CC1,7.040958607678906,91.0,0,0,0,0,1,1
O=C1c2ccccc2S(=O)(=O)N1CCCCCCN1CCN(c2ccc(Cl)c(Cl)c2)CC1,7.267606240177032,54.0,0,0,0,0,1,1
O=C1c2ccccc2S(=O)(=O)N1CCCCCCN1CCN(c2cccc(Cl)c2Cl)CC1,7.236572006437063,58.0,0,0,0,0,1,1
O=C1c2ccccc2S(=O)(=O)N1CCCCCCN1CCN(c2ccc(Cl)cc2)CC1,7.075720713938118,84.0,0,0,0,0,1,1
O=C1c2ccccc2S(=O)(=O)N1CCCCCCN1CCN(c2cccc(Cl)c2)CC1,7.67778070526608,21.0,0,0,0,0,1,1
O=C1c2ccccc2S(=O)(=O)N1CCCCCCN1CCN(c2ccccc2F)CC1,7.920818753952375,12.0,0,0,0,0,1,1
O=C1c2ccccc2S(=O)(=O)N1CCCCCCN1CCN(c2ccccc2Cl)CC1,7.585026652029182,26.0,0,0,0,0,1,1
CN1CC[C@H]2c3ccccc3N(c3ccccc3)C[C@]21C,6.699991797446187,199.53,0,0,0,0,0,0
CC[C@H]1c2cc(OC)ccc2CC[C@@]1(C)N,6.199998172182031,630.96,0,0,0,0,0,0
CC[C@H]1c2cc(C)ccc2OC[C@@]1(C)N,5.700000503883016,1995.26,0,0,0,0,0,0
CC[C@H]1c2ccccc2N(c2ccccc2)C[C@@]1(C)N,7.130386972827871,74.065,0,0,0,0,0,0
CC[C@H]1c2cc(OC)ccc2OC[C@@]1(C)N,5.59999938302362,2511.89,0,0,0,0,0,0
CC[C@H]1c2cc(-c3ccccc3)ccc2OC[C@@]1(C)N,5.700000503883016,1995.26,0,0,0,0,0,0
CC[C@H]1c2ccc3ccccc3c2OC[C@@]1(C)N,5.59999938302362,2511.89,0,0,0,0,0,0
CC[C@H]1c2c(ccc3ccccc23)OC[C@@]1(C)N,6.499996931948306,316.23,0,0,0,0,0,0
COc1cc(OC)c2c(c1)OC[C@@]1(C)NCC[C@@H]21,6.0,1000.0,0,0,0,0,0,0
C[C@@]12COc3c(-c4ccccc4)cccc3[C@@H]1CCN2,6.699991797446187,199.53,0,0,0,0,0,0
CN1CC[C@H]2c3cccc(-c4ccccc4)c3OC[C@]21C,6.699991797446187,199.53,0,0,0,0,0,0
C[C@@]12COc3c(Br)cccc3[C@@H]1CCN2,6.0,1000.0,0,0,0,0,0,0
C=CCc1ccccc1OCC(O)CNC(C)C,7.665546248849069,21.6,0,0,0,0,0,0
COC(=O)CSCCCc1ccccc1OCC(O)CNC(C)C,7.617982957425132,24.1,0,0,0,0,0,0
CC(C)NCC(O)COc1ccccc1CCCSCC(=O)NCCOCCOCCNC(=O)OC(C)(C)C,7.446116973356125,35.8,1,1,0,1,0,0
CC(C)NCC(O)COc1ccccc1CCCSCC(=O)NCCOCCOCCN,5.543633966870957,2860.0,0,0,0,0,0,0
CC(C)NCC(O)COc1ccccc1CCCSCC(=O)NCCOCCOCCNC(=O)CCCCCC1(C)C(/C=C/C=C/C=C2/N(CCCS(=O)(=O)O)c3ccc(S(=O)(=O)O)cc3C2(C)C)=[N+](CCCS(=O)(=O)O)c2ccc(S(=O)(=O)O)cc21,6.583359492661719,261.0,0,0,0,0,0,0
CC(C)NCC(O)COc1ccccc1CCCSCC(=O)NCCOCCOCCNC(=O)CS(=O)(=O)O,5.749579997691106,1780.0,1,1,0,1,0,0
CC(C)NCC(O)COc1ccccc1CCCSCC(=O)NCCOCCOCCNC(=O)C1C(C(=O)O)C(C(=O)O)C1C(=O)O,5.764471553092451,1720.0,0,0,0,0,0,0
C=CCc1ccccc1OCC(O)CNCCOCCOCCOCCOCCNC(=O)OC(C)(C)C,7.617982957425132,24.1,1,1,0,1,0,0
C=CCc1ccccc1OCC(O)CNCCOCCOCCOCCOCCN,7.446116973356125,35.8,0,0,0,0,0,0
C=CCc1ccccc1OCC(O)CNCCOCCOCCOCCOCCNC(=O)CCCCCC1(C)C(/C=C/C=C/C=C2/N(CCCS(=O)(=O)O)c3ccc(S(=O)(=O)O)cc3C2(C)C)=[N+](CCCS(=O)(=O)O)c2ccc(S(=O)(=O)O)cc21,5.543633966870957,2860.0,0,0,0,0,0,0
C=CCc1ccccc1OCC(O)CNCCOCCOCCOCCOCCNC(=O)CS(=O)(=O)O,6.583359492661719,261.0,1,1,0,1,0,0
C=CCc1ccccc1OCC(O)CNCCOCCOCCOCCOCCNC(=O)C1C(C(=O)O)C(C(=O)O)C1C(=O)O,5.749579997691106,1780.0,0,0,0,0,0,0
O=c1[nH]c(SCCCN2CCN(c3ccccc3)CC2)nc2c1sc1ccccc12,6.432973633840939,369.0,1,1,0,1,0,0
O=c1[nH]c(SCCCN2CCN(Cc3ccccc3)CC2)nc2c1sc1ccccc12,5.637140697041319,2306.0,1,1,0,0,1,0
O=c1[nH]c(SCCCN2CCC(Cc3ccccc3)CC2)nc2c1sc1ccccc12,6.0030507515046185,993.0,1,1,0,0,0,0
Nn1c(CCCCN2CCN(c3ccccc3)CC2)nc2c(sc3ccccc32)c1=O,6.872895201635193,134.0,1,1,0,1,1,0
O=c1[nH]c(CCCCN2CCN(Cc3ccccc3)CC2)nc2c1sc1ccccc12,6.015922966097169,964.0,1,1,0,0,1,1
O=c1[nH]c(CCCCN2CCC(Cc3ccccc3)CC2)nc2c1sc1ccccc12,6.484126156288321,328.0,1,1,0,0,1,1
O=c1[nH]c(CCCCCN2CCN(Cc3ccccc3)CC2)nc2c1sc1ccccc12,6.092588639225414,808.0,1,1,0,0,1,1
O=c1[nH]c(CCCCCN2CCC(Cc3ccccc3)CC2)nc2c1sc1ccccc12,6.067526235322847,856.0,1,1,0,0,1,1
O=c1[nH]c(CCCCN2CCN(c3ccccc3)CC2)nc2c1sc1ccccc12,5.940058111938045,1148.0,1,1,1,1,1,1
O=c1[nH]c(CCCCN2CCN(c3cccc(Cl)c3)CC2)nc2c1sc1ccccc12,8.415668775632469,3.84,1,1,0,0,1,1
O=c1[nH]c(CCCCCN2CCN(c3ccccc3)CC2)nc2c1sc1ccccc12,7.785156151952302,16.4,1,1,1,1,1,1
Cn1c(CCCCN2CCN(c3ccccc3)CC2)nc2c(sc3ccccc32)c1=O,8.288192770958808,5.15,1,1,0,1,1,0
COC(=O)c1sccc1NC(=O)CCCCN1CCN(c2ccccc2)CC1,7.673664139071248,21.2,0,0,0,0,1,1
NC(=O)c1sccc1NC(=O)CCCCN1CCN(c2ccccc2)CC1,7.412289034981089,38.7,0,0,0,0,1,1
O=c1[nH]c(CCCCN2CCN(c3ccccc3)CC2)nc2ccsc12,7.393618634889395,40.4,1,1,0,0,1,1
O=c1[nH]c(CCCCN2CCN(c3cccc(Cl)c3)CC2)nc2ccsc12,8.67778070526608,2.1,1,1,0,0,1,1
COc1ccc(Cl)cc1N1CCN(CCCCc2nc3ccsc3c(=O)[nH]2)CC1,7.872895201635193,13.4,0,0,0,0,1,1
O=c1[nH]c(CCCCN2CCN(Cc3ccccc3)CC2)nc2ccsc12,6.31069114087638,489.0,1,1,0,0,1,1
O=c1[nH]c(CCCCN2CCC(Cc3ccccc3)CC2)nc2ccsc12,6.991399828238082,102.0,0,0,0,0,1,1
O=c1[nH]c(CCCCN2CCN(c3ccccc3)CC2)nc2cc(-c3ccccc3)sc12,7.393618634889395,40.4,0,0,0,0,0,0
O=c1ccc2ccc(OCCCCN3CCN(c4cccc5sccc45)CC3)cc2[nH]1,9.920818753952377,0.12,1,1,0,1,0,0
O=C1[C@H]2[C@@H]3CC[C@@H](C3)[C@H]2C(=O)N1C[C@@H]1CCCC[C@H]1CN1CCN(c2nsc3ccccc23)CC1,8.173925197299173,6.7,0,0,0,0,0,0
COc1ccc2[nH]cc(C3CCCN(CCCCN4C(=O)CC(c5c[nH]c6ccc(OC)cc56)C4=O)C3)c2c1,7.2839966563652,52.0,1,1,0,0,1,0
COc1ccc2[nH]cc(C3CCCN(CCCCN4C(=O)CC(c5c[nH]c6ccccc56)C4=O)C3)c2c1,7.107905397309519,78.0,1,1,0,0,0,0
O=C1CC(c2c[nH]c3ccccc23)C(=O)N1CCCCN1CCCC(c2c[nH]c3ccc(F)cc23)C1,6.73754891026957,183.0,1,1,0,0,0,0
O=C1CC(c2c[nH]c3ccccc23)C(=O)N1CCCCN1CCCC(c2c[nH]c3ccccc23)C1,6.913640169325252,122.0,0,0,0,0,0,0
O=C1CC(c2c[nH]c3ccc(F)cc23)C(=O)N1CCN1CCC(c2c[nH]c3ccc(F)cc23)CC1,6.154901959985743,700.0,1,1,0,0,1,0
O=C1CC(c2c[nH]c3ccc(F)cc23)C(=O)N1CCN1CCC(c2c[nH]c3ccccc23)CC1,6.494850021680094,320.0,1,1,0,0,1,0
COc1ccc2[nH]cc(C3CCN(CCCN4C(=O)CC(c5c[nH]c6ccc(F)cc56)C4=O)CC3)c2c1,6.804100347590766,157.0,1,1,1,1,1,0
O=C1CC(c2c[nH]c3ccc(F)cc23)C(=O)N1CCCN1CCC(c2c[nH]c3ccc(F)cc23)CC1,6.473660722610156,336.0,1,1,1,1,1,0
O=C1CC(c2c[nH]c3ccc(F)cc23)C(=O)N1CCCN1CCC(c2c[nH]c3ccccc23)CC1,6.844056982028163,143.2,1,1,1,1,1,0
COc1ccc2[nH]cc(C3CCN(CCCCN4C(=O)CC(c5c[nH]c6ccc(F)cc56)C4=O)CC3)c2c1,8.494850021680094,3.2,1,1,1,1,1,0
O=C1CC(c2c[nH]c3ccc(F)cc23)C(=O)N1CCCCN1CCC(c2c[nH]c3ccc(F)cc23)CC1,8.154901959985743,7.0,1,1,1,1,1,0
O=C1CC(c2c[nH]c3ccc(F)cc23)C(=O)N1CCCCN1CCC(c2c[nH]c3ccccc23)CC1,7.886056647693163,13.0,1,1,1,1,1,0
COc1ccc2[nH]cc(C3CCN(CCN4C(=O)CC(c5c[nH]c6ccc(OC)cc56)C4=O)CC3)c2c1,6.619788758288394,240.0,1,1,0,0,1,0
COc1ccc2[nH]cc(C3CC(=O)N(CCN4CCC(c5c[nH]c6ccc(F)cc56)CC4)C3=O)c2c1,6.653647025549361,222.0,1,1,1,1,1,0
COc1ccc2[nH]cc(C3CC(=O)N(CCN4CCC(c5c[nH]c6ccccc56)CC4)C3=O)c2c1,7.312471038785365,48.7,0,0,0,0,1,0
COc1ccc2[nH]cc(C3CCN(CCCN4C(=O)CC(c5c[nH]c6ccc(OC)cc56)C4=O)CC3)c2c1,7.16304326294045,68.7,1,1,1,1,1,0
COc1ccc2[nH]cc(C3CC(=O)N(CCCN4CCC(c5c[nH]c6ccc(F)cc56)CC4)C3=O)c2c1,6.609064892896621,246.0,1,1,1,1,1,0
COc1ccc2[nH]cc(C3CC(=O)N(CCCN4CCC(c5c[nH]c6ccccc56)CC4)C3=O)c2c1,6.690156995283929,204.1,1,1,1,1,1,0
COc1ccc2[nH]cc(C3CCN(CCCCN4C(=O)CC(c5c[nH]c6ccc(OC)cc56)C4=O)CC3)c2c1,8.638272163982407,2.3,1,1,1,1,1,0
COc1ccc2[nH]cc(C3CC(=O)N(CCCCN4CCC(c5c[nH]c6ccc(F)cc56)CC4)C3=O)c2c1,8.309803919971486,4.9,1,1,1,1,1,0
COc1ccc2[nH]cc(C3CC(=O)N(CCCCN4CCC(c5c[nH]c6ccccc56)CC4)C3=O)c2c1,8.200659450546418,6.3,1,1,1,1,1,0
c1ccc(-c2ccc(CNCCc3c[nH]c4ccccc34)o2)cc1,6.903089986991944,125.0,1,1,0,1,1,1
COc1cccc(-c2ccc(CNCCc3c[nH]c4ccc(OC)cc34)o2)c1,7.040958607678906,91.0,0,0,0,0,1,1
COc1ccc2[nH]cc(CCNCc3ccc(-c4cccc(O)c4)o3)c2c1,7.1938200260161125,64.0,0,0,0,0,1,1
COc1ccc2[nH]cc(CCNCc3ccc(-c4cn[nH]c4)o3)c2c1,6.835647144215563,146.0,0,0,0,0,1,1
COc1ccc2[nH]cc(CCNCc3ccc(-c4cnc5ccccc5c4)o3)c2c1,5.97798426018228,1052.0,0,0,0,0,1,1
COc1ccc2[nH]cc(CCNCc3ccc(-c4ccc(Cl)cc4)o3)c2c1,6.661543506395395,218.0,0,0,0,0,0,0
COc1ccc(-c2ccc(CNCCc3c[nH]c4ccc(OC)cc34)o2)cc1,6.476253533188435,334.0,1,1,0,0,0,0
Oc1ccc(-c2ccc(CNCCc3c[nH]c4ccccc34)o2)cc1,6.534617148551582,292.0,1,1,0,0,1,1
COc1cccc2[nH]cc(CCNCc3ccc(-c4ccc(O)cc4)o3)c12,6.135488918941608,732.0,0,0,0,0,0,0
COc1ccc2[nH]cc(CCNCc3ccc(-c4ccc(O)cc4)o3)c2c1,6.920818753952375,120.0,0,0,0,0,1,1
CN(CCc1c[nH]c2ccccc12)Cc1ccc(-c2ccccc2)o1,6.110698297493689,775.0,0,0,0,0,0,0
Oc1ccc(-c2ccc(CNCCc3c[nH]c4ccc(F)cc34)o2)cc1,5.995678626217358,1010.0,0,0,0,0,1,1
Oc1ccc(-c2ccc(CNCCc3c[nH]c4cc(F)ccc34)o2)cc1,6.694648630553377,202.0,1,1,0,0,1,1
Oc1ccc(-c2ccc(CNCCc3c[nH]c4ccc(Cl)cc34)o2)cc1,6.3655227298392685,431.0,1,1,0,1,1,1
Cc1ccc2[nH]cc(CCNCc3ccc(-c4ccc(O)cc4)o3)c2c1,6.399027104313252,399.0,1,1,0,1,1,1
Oc1ccc(-c2ccc(CNCCc3c[nH]c4ncc(F)cc34)o2)cc1,5.207328210858432,6204.0,1,1,0,1,1,1
Fc1ccc2c(CCNCc3cccc(OCC(F)(F)C(F)F)c3)c[nH]c2c1,5.404944910240696,3936.0,0,0,0,0,0,0
COc1ccccc1N1CCN(CCCNC(=O)NN(Cc2ccccc2)c2ccccc2)CC1,7.769551078621726,17.0,0,0,0,0,0,0
COc1ccccc1N1CCN(CCCNC(=O)NN(Cc2ccc(F)cc2)c2ccccc2)CC1,7.468521082957745,34.0,0,0,0,0,0,0
COc1ccc(/C=C2\NC(=O)N(CCCN3CCN(c4ccccc4OC)CC3)C2=O)cc1OC,7.886056647693163,13.0,0,0,0,0,1,0
COc1ccc(/C=C2\NC(=O)N(CCCN3CCN(c4cccc(Cl)c4Cl)CC3)C2=O)cc1OC,7.275724130399211,53.0,1,1,1,1,1,0
COc1ccc(/C=C2\NC(=O)N(CCCN3CCN(c4ncccn4)CC3)C2=O)cc1OC,7.920818753952375,12.0,0,0,0,0,1,0
COc1ccc(/C=C2\NC(=O)N(CCCCN3CCN(c4ccccc4OC)CC3)C2=O)cc1OC,8.154901959985743,7.0,1,1,0,0,1,1
COc1ccc(/C=C2\NC(=O)N(CCCCN3CCN(c4cccc(Cl)c4Cl)CC3)C2=O)cc1OC,9.69897000433602,0.2,1,1,1,1,1,1
COc1ccc(/C=C2\NC(=O)N(CCCCN3CCN(c4ncccn4)CC3)C2=O)cc1OC,7.346787486224656,45.0,0,0,0,0,1,1
COc1ccc(/C=C2\NC(=O)N(CCCN3CCN(c4ccccc4OC)CC3)C2=O)cc1OC1CCCC1,7.431798275933005,37.0,1,1,1,1,1,0
COc1ccc(/C=C2\NC(=O)N(CCCN3CCN(c4ncccn4)CC3)C2=O)cc1OC1CCCC1,7.070581074285707,85.0,1,1,0,0,1,0
COc1ccc(/C=C2\NC(=O)N(CCCCN3CCN(c4ccccc4OC)CC3)C2=O)cc1OC1CCCC1,9.0,1.0,1,1,1,1,1,1
COc1ccc(/C=C2\NC(=O)N(CCCCN3CCN(c4cccc(Cl)c4Cl)CC3)C2=O)cc1OC1CCCC1,6.87942606879415,132.0,1,1,0,0,1,1
COc1ccc(/C=C2\NC(=O)N(CCCCN3CCN(c4ncccn4)CC3)C2=O)cc1OC1CCCC1,7.1938200260161125,64.0,1,1,0,0,1,1
CNC(=O)Cn1c2c(c3ccccc31)CN(CCCCC13CCCc4cccc(c41)NC3=O)CC2,6.892790030352131,128.0,0,0,0,0,0,0
CCC1(CCCCN2CCN(c3ccc(Cl)cc3)CC2)C(=O)Nc2cc(F)ccc21,5.79317412396815,1610.0,0,0,0,0,1,1
COc1ccccc1N1CCN(Cc2cn(-c3cccc4ccccc34)c3ccccc23)CC1,6.154901959985743,700.0,0,0,0,0,0,0
COc1ccccc1N1CCN(CC(O)CN2C(=O)NC(C)(c3ccc(F)cc3)C2=O)CC1,6.91721462968355,121.0,0,0,0,0,1,1
O=S(=O)(c1ccc2cc[nH]c2c1)N1CCC[C@H]1CCN1CCC(Oc2ccc(Cl)cc2)CC1,6.250263684430939,562.0,0,0,0,0,0,0
COc1ccc(S(=O)(=O)NCCCN2CCN(c3ccccc3OC)CC2)cc1,6.565431095965801,272.0,0,0,0,0,1,1
Clc1ccc(-c2nn(Cc3ccccc3)c3c2CCNCC3)cc1,8.187086643357144,6.5,0,0,0,0,0,0
Cc1nn(C)c(C)c1-c1cccc2c1CC[C@H](N(C)C)C2,7.047207556955908,89.7,0,0,0,0,1,1
Cc1nn(C)c(C)c1-c1cccc(CCN(C)C)c1,6.154901959985743,700.0,0,0,0,0,0,0
COc1cccc(OC)c1-c1cccc(CCN(C)C)c1,5.316412682427233,4826.0,0,0,0,0,1,1
CN1CCN(c2nc(N)nc(COc3ccccc3)n2)CC1,5.059184791349199,8726.0,0,0,0,0,0,0
CN1CCN(c2nc(N)nc(COc3ccccc3Cl)n2)CC1,5.262250926108443,5467.0,0,0,0,0,0,0
CN1CCN(c2nc(N)nc(COc3cccc(Cl)c3)n2)CC1,5.124649303420711,7505.0,0,0,0,0,0,0
Cc1ccc(C(C)C)c(OCc2nc(N)nc(N3CCN(C)CC3)n2)c1,4.90204892900585,12530.0,0,0,0,0,0,0
Cc1ccccc1OCc1nc(N)nc(N2CCN(C)CC2)n1,4.84893674664625,14160.0,0,0,0,0,0,0
Cc1cccc(OCc2nc(N)nc(N3CCN(C)CC3)n2)c1,4.821886747685368,15070.0,0,0,0,0,0,0
Cc1ccc(OCc2nc(N)nc(N3CCN(C)CC3)n2)cc1,4.54500278269054,28510.0,0,0,0,0,1,1
Cc1cc(Cl)ccc1OCc1nc(N)nc(N2CCN(C)CC2)n1,5.114186625339511,7688.0,0,0,0,0,0,0
CN1CCN(c2nc(N)nc(COc3ccc(Cl)cc3Cl)n2)CC1,5.79317412396815,1610.0,0,0,0,0,1,1
Cc1cc(OCc2nc(N)nc(N3CCN(C)CC3)n2)ccc1Cl,5.445631999009913,3584.0,0,0,0,0,0,0
CC(Oc1cccc(Cl)c1)c1nc(N)nc(N2CCN(C)CC2)n1,5.463694127648966,3438.0,0,0,0,0,0,0
CC(Oc1ccccc1Cl)c1nc(N)nc(N2CCN(C)CC2)n1,5.342944147142896,4540.0,0,0,0,0,0,0
CN1CCN(c2nc(N)nc(CSc3ccccc3)n2)CC1,5.357634419155026,4389.0,0,0,0,0,0,0
CN1CCN(c2nc(N)nc(CSc3ccccc3Cl)n2)CC1,5.774690718274137,1680.0,0,0,0,0,1,1
CC(Sc1ccccc1Cl)c1nc(N)nc(N2CCN(C)CC2)n1,5.470569645633014,3384.0,0,0,0,0,0,0
O=c1c(-c2ccccc2)c2n(c(=O)n1CCCCN1CCCC(c3c[nH]c4ccccc34)C1)CCCC2,7.568636235841013,27.0,1,1,0,1,0,0
O=c1c(-c2ccccc2Cl)c2n(c(=O)n1CCCCN1CCCC(c3c[nH]c4ccccc34)C1)CCCC2,8.096910013008056,8.0,1,1,0,1,0,0
O=c1c(-c2ccccc2F)c2n(c(=O)n1CCCCN1CCCC(c3c[nH]c4ccccc34)C1)CCCC2,7.823908740944319,15.0,0,0,0,0,1,1
Cc1ccccc1-c1c2n(c(=O)n(CCCCN3CCCC(c4c[nH]c5ccccc45)C3)c1=O)CCCC2,7.207608310501746,62.0,0,0,0,0,0,0
COc1ccccc1-c1c2n(c(=O)n(CCCCN3CCCC(c4c[nH]c5ccccc45)C3)c1=O)CCCC2,7.602059991327962,25.0,0,0,0,0,0,0
O=c1c(-c2ccc(Cl)cc2)c2n(c(=O)n1CCCCN1CCCC(c3c[nH]c4ccccc34)C1)CCCC2,7.522878745280337,30.0,0,0,0,0,0,0
O=c1c(-c2ccc(F)cc2)c2n(c(=O)n1CCCCN1CCCC(c3c[nH]c4ccccc34)C1)CCCC2,7.886056647693163,13.0,1,1,0,1,0,0
Cc1ccc(-c2c3n(c(=O)n(CCCCN4CCCC(c5c[nH]c6ccccc56)C4)c2=O)CCCC3)cc1,7.301029995663981,50.0,0,0,0,0,0,0
COc1ccc(-c2c3n(c(=O)n(CCCCN4CCCC(c5c[nH]c6ccccc56)C4)c2=O)CCCC3)cc1,7.2839966563652,52.0,0,0,0,0,0,0
O=c1c(-c2ccccc2)c2n(c(=O)n1CCCCN1CCCC(c3c[nH]c4ccc(F)cc34)C1)CCCC2,6.978810700930062,105.0,1,1,0,0,0,0
O=c1c(-c2ccccc2Cl)c2n(c(=O)n1CCCCN1CCCC(c3c[nH]c4ccc(F)cc34)C1)CCCC2,7.327902142064283,47.0,0,0,0,0,0,0
O=c1c(-c2ccccc2F)c2n(c(=O)n1CCCCN1CCCC(c3c[nH]c4ccc(F)cc34)C1)CCCC2,7.552841968657781,28.0,1,1,0,1,1,0
Cc1ccccc1-c1c2n(c(=O)n(CCCCN3CCCC(c4c[nH]c5ccc(F)cc45)C3)c1=O)CCCC2,6.847711655616943,142.0,0,0,0,0,0,0
COc1ccccc1-c1c2n(c(=O)n(CCCCN3CCCC(c4c[nH]c5ccc(F)cc45)C3)c1=O)CCCC2,7.397940008672037,40.0,0,0,0,0,0,0
O=c1c(-c2ccc(Cl)cc2)c2n(c(=O)n1CCCCN1CCCC(c3c[nH]c4ccc(F)cc34)C1)CCCC2,6.586700235918748,259.0,1,1,0,1,1,1
O=c1c(-c2ccc(F)cc2)c2n(c(=O)n1CCCCN1CCCC(c3c[nH]c4ccc(F)cc34)C1)CCCC2,7.508638306165727,31.0,0,0,0,0,1,0
Cc1ccc(-c2c3n(c(=O)n(CCCCN4CCCC(c5c[nH]c6ccc(F)cc56)C4)c2=O)CCCC3)cc1,6.632644078973981,233.0,1,1,0,1,0,0
COc1ccc(-c2c3n(c(=O)n(CCCCN4CCCC(c5c[nH]c6ccc(F)cc56)C4)c2=O)CCCC3)cc1,7.376750709602099,42.0,0,0,0,0,0,0
COc1ccc2[nH]cc(C3CCCN(CCCCn4c(=O)c(-c5ccccc5)c5n(c4=O)CCCC5)C3)c2c1,6.991399828238082,102.0,0,0,0,0,0,0
COc1ccc2[nH]cc(C3CCCN(CCCCn4c(=O)c(-c5ccccc5Cl)c5n(c4=O)CCCC5)C3)c2c1,7.301029995663981,50.0,0,0,0,0,0,0
COc1ccc2[nH]cc(C3CCCN(CCCCn4c(=O)c(-c5ccccc5F)c5n(c4=O)CCCC5)C3)c2c1,6.627087997029894,236.0,1,1,0,0,1,1
COc1ccc2[nH]cc(C3CCCN(CCCCn4c(=O)c(-c5ccccc5C)c5n(c4=O)CCCC5)C3)c2c1,7.180456064458132,66.0,0,0,0,0,0,0
COc1ccc2[nH]cc(C3CCCN(CCCCn4c(=O)c(-c5ccccc5OC)c5n(c4=O)CCCC5)C3)c2c1,6.621602099051862,239.0,1,1,0,0,1,1
COc1ccc2[nH]cc(C3CCCN(CCCCn4c(=O)c(-c5ccc(Cl)cc5)c5n(c4=O)CCCC5)C3)c2c1,7.638272163982407,23.0,1,1,0,1,1,1
COc1ccc2[nH]cc(C3CCCN(CCCCn4c(=O)c(-c5ccc(F)cc5)c5n(c4=O)CCCC5)C3)c2c1,7.119186407719209,76.0,0,0,0,0,0,0
COc1ccc2[nH]cc(C3CCCN(CCCCn4c(=O)c(-c5ccc(C)cc5)c5n(c4=O)CCCC5)C3)c2c1,6.493494967595128,321.0,1,1,0,1,1,1
COc1ccc(-c2c3n(c(=O)n(CCCCN4CCCC(c5c[nH]c6ccc(OC)cc56)C4)c2=O)CCCC3)cc1,7.2839966563652,52.0,0,0,0,0,0,0
COc1ccc2[nH]cc(C3=CCN(Cc4cc(=O)[nH]c5ccccc45)CC3)c2c1,6.903089986991944,125.0,0,0,0,0,0,0
C1=C(c2c[nH]c3ccccc23)CCN(Cc2ccco2)C1,6.123782159408358,752.0,0,0,0,0,1,1
COc1ccc2[nH]cc(C3=CCN(Cc4ccco4)CC3)c2c1,6.709965388637482,195.0,0,0,0,0,0,0
CCOc1ccc2[nH]cc(C3=CCN(Cc4ccco4)CC3)c2c1,6.313363730737707,486.0,0,0,0,0,0,0
CC(C)Oc1ccc2[nH]cc(C3=CCN(Cc4ccco4)CC3)c2c1,6.3655227298392685,431.0,0,0,0,0,0,0
C1=C(c2c[nH]c3ccccc23)CCN(Cc2cccs2)C1,6.515700160653214,305.0,0,0,0,0,1,1
COc1ccc2[nH]cc(C3=CCN(Cc4cccs4)CC3)c2c1,6.804100347590766,157.0,0,0,0,0,0,0
CCOc1ccc2[nH]cc(C3=CCN(Cc4cccs4)CC3)c2c1,6.856985199745905,139.0,0,0,0,0,0,0
CC(C)Oc1ccc2[nH]cc(C3=CCN(Cc4cccs4)CC3)c2c1,6.669586226650809,214.0,0,0,0,0,0,0
C1=C(c2c[nH]c3ccccc23)CCN(Cc2ccccc2)C1,6.450996737974212,354.0,0,0,0,0,1,1
COc1ccc2[nH]cc(C3=CCN(Cc4ccccc4)CC3)c2c1,6.856985199745905,139.0,0,0,0,0,0,0
CCOc1ccc2[nH]cc(C3=CCN(Cc4ccccc4)CC3)c2c1,6.657577319177793,220.0,0,0,0,0,0,0
CC(C)Oc1ccc2[nH]cc(C3=CCN(Cc4ccccc4)CC3)c2c1,6.692503962086787,203.0,0,0,0,0,0,0
COc1ccc(CN2CC=C(c3c[nH]c4ccccc34)CC2)cc1,6.614393726401688,243.0,0,0,0,0,1,1
COc1ccc(CN2CC=C(c3c[nH]c4ccc(OC)cc34)CC2)cc1,6.872895201635193,134.0,0,0,0,0,0,0
CCOc1ccc2[nH]cc(C3=CCN(Cc4ccc(OC)cc4)CC3)c2c1,6.7121982700697735,194.0,0,0,0,0,0,0
COc1ccc(CN2CC=C(c3c[nH]c4ccc(OC(C)C)cc34)CC2)cc1,6.422508200162775,378.0,0,0,0,0,0,0
COc1cccc(CN2CC=C(c3c[nH]c4ccccc34)CC2)c1,6.614393726401688,243.0,0,0,0,0,1,1
COc1cccc(CN2CC=C(c3c[nH]c4ccc(OC)cc34)CC2)c1,6.8696662315049934,135.0,0,0,0,0,0,0
CCOc1ccc2[nH]cc(C3=CCN(Cc4cccc(OC)c4)CC3)c2c1,6.795880017344075,160.0,0,0,0,0,0,0
COc1cccc(CN2CC=C(c3c[nH]c4ccc(OC(C)C)cc34)CC2)c1,6.537602002101044,290.0,0,0,0,0,0,0
CN1CCN2c3ncccc3Cc3ccccc3C2C1,7.744727494896693,18.0,0,0,0,0,0,0
Cn1cncc1-c1c[nH]c2ccc(C(N)=O)cc12,6.657577319177793,220.0,0,0,0,0,1,1
CCn1cncc1-c1c[nH]c2ccc(C(N)=O)cc12,6.910094888560602,123.0,0,0,0,0,1,1
CCn1cncc1-c1c[nH]c2ccc(I)cc12,5.978810700930062,1050.0,0,0,0,0,0,0
COc1cc2c(cc1OC)C(=O)N(CCCCN1CCN(c3ccccn3)CC1)CCC2,8.920818753952375,1.2,0,0,0,0,0,0
COc1cccc(N2CCN(CCCCCCN3C(=O)c4cccc5cccc3c45)CC2)c1,7.327902142064283,47.0,0,0,0,0,1,1
COc1ccc(N2CCN(CCCCCCN3C(=O)c4cccc5cccc3c45)CC2)cc1,6.536107011014093,291.0,1,1,0,1,1,1
CCOc1ccccc1N1CCN(CCCCCCN2C(=O)c3cccc4cccc2c34)CC1,7.657577319177793,22.0,0,0,0,0,1,1
O=C1c2cccc3cccc(c23)N1CCCCCCN1CCN(c2ccccn2)CC1,7.494850021680094,32.0,0,0,0,0,1,1
O=C1c2cccc3cccc(c23)N1CCCCCCN1CCN(c2ncccn2)CC1,7.026872146400302,94.0,0,0,0,0,1,1
O=C1c2cccc3cccc(c23)N1CCCCCCN1CCN(c2ccccc2[N+](=O)[O-])CC1,5.02351246269481,9473.0,1,1,1,1,1,1
O=C1c2cccc3cccc(c23)N1CCCCCCN1CCN(c2cccc3cccnc23)CC1,7.657577319177793,22.0,0,0,0,0,1,1
CCOc1ccccc1N1CCN(CCCCCCN2c3cccc4cccc(c34)S2(=O)=O)CC1,7.318758762624412,48.0,0,0,0,0,1,1
O=S1(=O)c2cccc3cccc(c23)N1CCCCCCN1CCN(c2ccccn2)CC1,7.455931955649724,35.0,0,0,0,0,1,1
O=[N+]([O-])c1ccccc1N1CCN(CCCCCCN2c3cccc4cccc(c34)S2(=O)=O)CC1,6.31695296176115,482.0,0,0,0,0,1,1
COc1ccccc1N1CCN(CCCCCCN2C(=O)c3cccc4cccc(c34)C2=O)CC1,7.698970004336019,20.0,1,1,0,0,1,1
COc1cccc(N2CCN(CCCCCCN3C(=O)c4cccc5cccc(c45)C3=O)CC2)c1,7.327902142064283,47.0,1,1,0,0,1,1
COc1ccc(N2CCN(CCCCCCN3C(=O)c4cccc5cccc(c45)C3=O)CC2)cc1,5.447453452044339,3569.0,1,1,0,1,1,1
CCOc1ccccc1N1CCN(CCCCCCN2C(=O)c3cccc4cccc(c34)C2=O)CC1,7.552841968657781,28.0,1,1,0,0,1,1
O=C1c2cccc3cccc(c23)C(=O)N1CCCCCCN1CCN(c2ccccn2)CC1,6.764471553092451,172.0,0,0,0,0,1,1
O=C1c2cccc3cccc(c23)C(=O)N1CCCCCCN1CCN(c2ccccc2[N+](=O)[O-])CC1,6.428291168191312,373.0,1,1,1,1,1,1
COc1ccccc1N1CCN(CCCCCCn2c(=O)n3c4c(cccc42)CCC3)CC1,7.721246399047171,19.0,0,0,0,0,1,1
c1ccc(OCCNCC2(c3ccccc3)COCCO2)cc1,6.570005615848293,269.15,0,0,0,0,0,0
COc1ccccc1OCCNCC1(c2ccccc2)COCCO1,7.119987161633229,75.86,0,0,0,0,1,1
c1ccc(OCCNCC2OCCOC2(c2ccccc2)c2ccccc2)cc1,7.550059011226662,28.18,0,0,0,0,0,0
COc1ccccc1OCCNCC1OCCOC1(c1ccccc1)c1ccccc1,8.400007822415901,3.981,1,1,0,0,1,1
COc1cccc(OC)c1OCCNCC1OCCOC1(c1ccccc1)c1ccccc1,7.179995693191682,66.07,1,1,0,0,1,1
COc1ccccc1N1CCN(CC2COCC(c3ccccc3)(c3ccccc3)O2)CC1,8.299988937677888,5.012,0,0,0,0,0,0
COc1ccccc1N1CCN(CC2(c3ccccc3)COCCO2)CC1,6.760000207113128,173.78,0,0,0,0,1,1
COc1ccccc1N1CCN(C[C@H]2OCCOC2(c2ccccc2)c2ccccc2)CC1,7.92009553233328,12.02,0,0,0,0,0,0
Cc1cc(Oc2nccc3occc23)ccc1-c1c(C)ncc2nccn12,5.920818753952375,1200.0,0,0,0,0,0,0
Cc1ncc2nccn2c1-c1ccc(Oc2nccc3occc23)cc1C(F)(F)F,5.161150909262744,6900.0,0,0,0,0,0,0
FC(F)(F)c1cc(Oc2nccc3occc23)ccc1-c1cccc2nccn12,5.6020599913279625,2500.0,0,0,0,0,0,0
FC(F)(F)c1cc(Oc2nccc3ccsc23)ccc1-c1cccc2nccn12,5.431798275933005,3700.0,0,0,0,0,0,0
CCn1cncc1-c1c[nH]c2c(F)cc(I)cc12,6.170053304058364,676.0,0,0,0,0,0,0
CCn1cncc1-c1c[nH]c2ccc(OC)cc12,6.179798540514359,661.0,1,1,0,0,1,1
CCn1cncc1-c1c[nH]c2ccc(F)cc12,5.630042392653947,2344.0,0,0,0,0,1,1
CCn1cncc1-c1c[nH]c2ccc(C)cc12,5.669992299127241,2138.0,0,0,0,0,1,1
CCn1cncc1-c1c[nH]c2ccc(Cl)cc12,5.040005161671584,9120.0,1,1,0,0,1,1
CCn1cncc1-c1c[nH]c2ccc(Br)cc12,5.910094888560602,1230.0,0,0,0,0,1,1
CCn1cncc1-c1c[nH]c2ccc(C(F)(F)F)cc12,5.360015751958412,4365.0,0,0,0,0,1,1
CCn1cncc1-c1c[nH]c2ccc(OC(F)(F)F)cc12,5.480040819247932,3311.0,0,0,0,0,1,1
CCn1cncc1-c1c[nH]c2cccc(F)c12,5.250031916490597,5623.0,0,0,0,0,0,0
Cn1cncc1-c1c[nH]c2ccc(Cl)c(F)c12,5.630042392653947,2344.0,0,0,0,0,1,1
CCn1cncc1-c1c[nH]c2ccc(Cl)c(F)c12,5.770062314092066,1698.0,0,0,0,0,0,0
Cn1cncc1-c1c[nH]c2ccc(Br)c(F)c12,5.969805214643249,1072.0,0,0,0,0,0,0
CCn1cncc1-c1c[nH]c2ccc(Br)c(F)c12,6.5003129173815966,316.0,0,0,0,0,0,0
Cn1cncc1-c1c[nH]c2ccc(Br)cc12,5.910094888560602,1230.0,0,0,0,0,1,1
Cn1cncc1-c1c[nH]c2ccc(I)cc12,6.079876673709276,832.0,1,1,0,0,0,0
COc1ccc2[nH]cc(-c3cncn3C)c2c1F,6.698970004336019,200.0,0,0,0,0,1,1
CCn1cncc1-c1c[nH]c2ccc(OC)c(F)c12,6.580044251510242,263.0,0,0,0,0,1,1
Cn1cncc1-c1c[nH]c2ccc(C(N)=O)c(F)c12,5.759950227887352,1738.0,0,0,0,0,0,0
CCn1cncc1-c1c[nH]c2ccc(C(N)=O)c(F)c12,6.0301183562535,933.0,0,0,0,0,0,0
CCn1cncc1-c1c[nH]c2ccc(I)c(F)c12,6.229884705212898,589.0,0,0,0,0,0,0
CC(C)CCO[C@H]1[C@H]2CCN(CCc3ccc4ccccc4c3)CCCCCCOCc3cn(nn3)C[C@@H](O2)[C@@H]2OC(C)(C)O[C@H]12,6.508638306165727,310.0,0,0,0,0,0,0
CC(C)CCO[C@H]1[C@H]2CCN(CCc3ccc4ccccc4c3)CC[C@H]3O[C@H](Cn4cc(nn4)COC[C@@H](O2)[C@@H]2OC(C)(C)O[C@H]12)[C@@H]1OC(C)(C)O[C@@H]1[C@H]3OCCC(C)C,6.376750709602099,420.0,0,0,0,0,0,0
COc1ccc(-c2c(=O)n(CCCCN3CCCC(c4c[nH]c5ccc(OC)cc45)C3)c(=O)n3ccccc23)cc1,7.207608310501746,62.0,0,0,0,0,0,0
COc1ccc2[nH]cc(C3CCCN(CCCCn4c(=O)c(-c5ccc(C)cc5)c5ccccn5c4=O)C3)c2c1,6.47755576649368,333.0,1,1,0,1,1,0
COc1ccc2[nH]cc(C3CCCN(CCCCn4c(=O)c(-c5ccc(F)cc5)c5ccccn5c4=O)C3)c2c1,6.55129368009492,281.0,1,1,0,1,1,0
COc1ccc2[nH]cc(C3CCCN(CCCCn4c(=O)c(-c5ccc(Cl)cc5)c5ccccn5c4=O)C3)c2c1,6.590066876668706,257.0,1,1,0,1,1,0
COc1ccc2[nH]cc(C3CCCN(CCCCn4c(=O)c(-c5ccccc5OC)c5ccccn5c4=O)C3)c2c1,7.161150909262744,69.0,0,0,0,0,0,0
COc1ccc2[nH]cc(C3CCCN(CCCCn4c(=O)c(-c5ccccc5C)c5ccccn5c4=O)C3)c2c1,6.3223930472795065,476.0,0,0,0,0,1,0
COc1ccc2[nH]cc(C3CCCN(CCCCn4c(=O)c(-c5ccccc5F)c5ccccn5c4=O)C3)c2c1,6.886056647693163,130.0,0,0,0,0,0,0
COc1ccc2[nH]cc(C3CCCN(CCCCn4c(=O)c(-c5ccccc5Cl)c5ccccn5c4=O)C3)c2c1,6.7544873321858505,176.0,0,0,0,0,0,0
COc1ccc2[nH]cc(C3CCCN(CCCCn4c(=O)c(-c5ccccc5)c5ccccn5c4=O)C3)c2c1,6.583359492661719,261.0,1,1,0,1,1,1
COc1ccc(-c2c(=O)n(CCCCN3CCCC(c4c[nH]c5ccc(F)cc45)C3)c(=O)n3ccccc23)cc1,6.853871964321762,140.0,0,0,0,0,0,0
Cc1ccc(-c2c(=O)n(CCCCN3CCCC(c4c[nH]c5ccc(F)cc45)C3)c(=O)n3ccccc23)cc1,6.866461091629782,136.0,1,1,0,1,0,0
O=c1c(-c2ccc(F)cc2)c2ccccn2c(=O)n1CCCCN1CCCC(c2c[nH]c3ccc(F)cc23)C1,6.832682665251824,147.0,1,1,0,1,0,0
O=c1c(-c2ccc(Cl)cc2)c2ccccn2c(=O)n1CCCCN1CCCC(c2c[nH]c3ccc(F)cc23)C1,6.809668301829708,155.0,1,1,0,1,0,0
COc1ccccc1-c1c(=O)n(CCCCN2CCCC(c3c[nH]c4ccc(F)cc34)C2)c(=O)n2ccccc12,7.096910013008056,80.0,0,0,0,0,0,0
Cc1ccccc1-c1c(=O)n(CCCCN2CCCC(c3c[nH]c4ccc(F)cc34)C2)c(=O)n2ccccc12,6.424812155072339,376.0,1,1,0,1,1,0
O=c1c(-c2ccccc2F)c2ccccn2c(=O)n1CCCCN1CCCC(c2c[nH]c3ccc(F)cc23)C1,6.661543506395395,218.0,0,0,0,0,0,0
O=c1c(-c2ccccc2Cl)c2ccccn2c(=O)n1CCCCN1CCCC(c2c[nH]c3ccc(F)cc23)C1,6.422508200162775,378.0,1,1,0,1,1,0
O=c1c(-c2ccccc2)c2ccccn2c(=O)n1CCCCN1CCCC(c2c[nH]c3ccc(F)cc23)C1,6.679853713888946,209.0,0,0,0,0,0,0
COc1ccc(-c2c(=O)n(CCCCN3CCCC(c4c[nH]c5ccccc45)C3)c(=O)n3ccccc23)cc1,7.376750709602099,42.0,0,0,0,0,0,0
Cc1ccc(-c2c(=O)n(CCCCN3CCCC(c4c[nH]c5ccccc45)C3)c(=O)n3ccccc23)cc1,7.200659450546418,63.0,0,0,0,0,0,0
O=c1c(-c2ccc(F)cc2)c2ccccn2c(=O)n1CCCCN1CCCC(c2c[nH]c3ccccc23)C1,7.337242168318426,46.0,0,0,0,0,0,0
O=c1c(-c2ccc(Cl)cc2)c2ccccn2c(=O)n1CCCCN1CCCC(c2c[nH]c3ccccc23)C1,6.531652669587842,294.0,1,1,0,1,1,1
COc1ccccc1-c1c(=O)n(CCCCN2CCCC(c3c[nH]c4ccccc34)C2)c(=O)n2ccccc12,6.87942606879415,132.0,0,0,0,0,0,0
Cc1ccccc1-c1c(=O)n(CCCCN2CCCC(c3c[nH]c4ccccc34)C2)c(=O)n2ccccc12,6.991399828238082,102.0,1,1,0,1,0,0
O=c1c(-c2ccccc2F)c2ccccn2c(=O)n1CCCCN1CCCC(c2c[nH]c3ccccc23)C1,7.275724130399211,53.0,0,0,0,0,0,0
O=c1c(-c2ccccc2Cl)c2ccccn2c(=O)n1CCCCN1CCCC(c2c[nH]c3ccccc23)C1,7.301029995663981,50.0,0,0,0,0,0,0
O=c1c(-c2ccccc2)c2ccccn2c(=O)n1CCCCN1CCCC(c2c[nH]c3ccccc23)C1,7.657577319177793,22.0,1,1,0,1,1,1
COc1ccc(OCCN2CCN(C(=O)c3cc4ccccc4[nH]3)CC2)cc1,5.676129393459491,2108.0,0,0,0,0,0,0
CCCN[C@H]1CCc2nc(N)sc2C1,5.1861522457711455,6514.0,0,0,0,0,0,0
CCCN(CC[C@]1(O)C[C@H](NC(=O)c2ccc3ccccc3c2)C1)[C@H]1CCc2nc(N)sc2C1,6.149966742310231,708.0,0,0,0,0,0,0
Fc1ccc2[nH]cc(CCN3CCN(c4nsc5ccccc45)CC3)c2c1,8.795880017344075,1.6,1,1,0,1,1,1
Fc1ccc2[nH]cc(CCCN3CCN(c4nsc5ccccc45)CC3)c2c1,8.795880017344075,1.6,1,1,0,1,1,1
Fc1ccc(N2CCN(CCCc3c[nH]c4ccc(F)cc34)CC2)c(-c2ccsc2)c1,8.075720713938118,8.4,0,0,0,0,0,0
Fc1ccc(N2CCN(CCCc3c[nH]c4ccc(F)cc34)CC2)c(-c2cccs2)c1,7.42021640338319,38.0,1,1,0,1,1,1
Fc1ccc(N2CCN(CCCc3c[nH]c4ccc(F)cc34)CC2)c(-c2ccoc2)c1,7.823908740944319,15.0,0,0,0,0,0,0
Fc1ccc(N2CCN(CCCc3c[nH]c4ccc(F)cc34)CC2)c(-c2cn[nH]c2)c1,8.200659450546418,6.3,0,0,0,0,0,0
Fc1ccc(OCCN2CCC(c3c[nH]c4ccc(F)cc34)CC2)c(-c2ccccc2)c1,7.920818753952375,12.0,0,0,0,0,1,0
Fc1cccc(-c2cc(F)ccc2OCCN2CCC(c3c[nH]c4ccc(F)cc34)CC2)c1,7.769551078621726,17.0,0,0,0,0,1,0
CCc1cc(Cl)c(OC)c(N2CCN(CC(F)CCNC(=O)c3cc4ccccc4[nH]3)CC2)c1,5.022276394711152,9500.0,0,0,0,0,1,1
CCc1cccc(N2CCN(CC(F)CCNC(=O)c3cc4ccccc4[nH]3)CC2)c1Cl,6.040958607678906,910.0,1,1,0,1,1,1
CCc1cc(Cl)c(OC)c(N2CCN(CC(F)CCNC(=O)c3cc4ccccc4o3)CC2)c1,5.575118363368933,2660.0,0,0,0,0,1,1
CCc1cccc(N2CCN(CC(F)CCNC(=O)c3cc4ccccc4o3)CC2)c1Cl,6.931814138253839,117.0,1,1,0,0,1,1
COc1ccc2c(c1)c(C1=CCNCC1)cn2S(=O)(=O)c1cncc2ccccc12,5.300248968310486,5009.0,0,0,0,0,1,1
COc1ccc2c(c1)c(C1=CCNCC1)cn2S(=O)(=O)c1ccc2cccnc2c1,5.297914278564175,5036.0,0,0,0,0,1,1
COc1ccc2c(c1)c(C1=CCNCC1)cn2S(=O)(=O)c1cccc2ncccc12,5.531062194334539,2944.0,0,0,0,0,1,1
O=S(=O)(c1ccc2cccnc2c1)n1cc(C2=CCNCC2)c2cc(Cl)ccc21,5.607830850510264,2467.0,0,0,0,0,0,0
O=S(=O)(c1ccc2ncccc2c1)n1cc(C2=CCNCC2)c2ccccc21,5.727694155597914,1872.0,0,0,0,0,0,0
O=C(CCN1CCN(c2ccccc2)CC1)N1CCN(c2ccccc2)CC1,6.565431095965801,272.0,0,0,0,0,1,1
O=C(CCCCN1CCN(c2ccccc2)CC1)N1CCN(c2ccccc2)CC1,6.455931955649724,350.0,0,0,0,0,1,0
O=C(CCN1CCN(c2cccc(Cl)c2)CC1)N1CCN(c2ccccc2)CC1,7.474955192963154,33.5,1,1,1,1,1,1
O=C(CCN1CCN(c2ccc(Cl)cc2)CC1)N1CCN(c2ccccc2)CC1,5.773657912836369,1684.0,1,1,0,1,1,1
CCOc1ccccc1N1CCN(CCC(=O)N2CCN(c3ccccc3)CC2)CC1,7.087246696328677,81.8,0,0,0,0,1,1
O=C(CCN1CCN(c2ccccc2)CC1)N1CCN(c2cccc(Cl)c2)CC1,5.968995718636463,1074.0,1,1,1,1,1,1
O=C(CCN1CCN(Cc2ccccc2)CC1)N1CCN(c2cccc(Cl)c2)CC1,6.995678626217358,101.0,1,1,0,0,1,1
O=C(CCN1CCN(c2cccc(Cl)c2)CC1)N1CCN(c2cccc(Cl)c2)CC1,6.847711655616943,142.0,0,0,0,0,1,0
O=C(CCN1CCN(c2ccc(Cl)cc2)CC1)N1CCN(c2cccc(Cl)c2)CC1,6.519993057042849,302.0,0,0,0,0,1,1
CCOc1ccccc1N1CCN(CCC(=O)N2CCN(c3cccc(Cl)c3)CC2)CC1,7.818156412055227,15.2,0,0,0,0,1,1
O=C(CCNCc1ccccc1)N1CCN(c2ccccc2)CC1,6.027797161620936,938.0,0,0,0,0,1,1
O=C(CCN1CCN(Cc2ccccc2)CC1)NCc1ccccc1,9.468521082957745,0.34,0,0,0,0,1,1
O=C(CCNCc1ccccc1)NCc1ccccc1,5.425968732272281,3750.0,0,0,0,0,0,0
CCc1cc(Cl)c(OC)c(N2CCNCC2)c1,5.448550002027125,3560.0,0,0,0,0,0,0
CCc1cccc(N2CCNCC2)c1Cl,7.153044674980176,70.3,0,0,0,0,0,0
CCc1cc(Cl)c(OC)c(N2CCN(C)CC2)c1,5.356547323513812,4400.0,1,1,0,1,0,0
CCc1cccc(N2CCN(C)CC2)c1Cl,7.394694953858891,40.3,0,0,0,0,0,0
CCCCN1CCN(c2cc(CC)cc(Cl)c2OC)CC1,5.645891560852599,2260.0,0,0,0,0,0,0
CCCCN1CCN(c2cccc(CC)c2Cl)CC1,7.431798275933005,37.0,0,0,0,0,1,0
CCc1cc(Cl)c(OC)c(N2CCN(CCCCNC(=O)c3cc4ccccc4[nH]3)CC2)c1,5.632644078973981,2330.0,0,0,0,0,1,1
CCc1cc(Cl)c(OC)c(N2CCN(CCCCNC(=O)c3cc4ccccc4o3)CC2)c1,6.251811972993799,560.0,0,0,0,0,1,1
CCc1cc(Cl)c(OC)c(N2CCN(CC(O)CCNC(=O)c3cc4ccccc4o3)CC2)c1,5.617982957425132,2410.0,0,0,0,0,1,1
CCc1cccc(N2CCN(CCCCNC(=O)c3cc4ccccc4[nH]3)CC2)c1Cl,7.229147988357855,59.0,1,1,0,0,1,1
CCc1cccc(N2CCN(CCCCNC(=O)c3cc4ccccc4o3)CC2)c1Cl,7.585026652029182,26.0,1,1,0,0,1,1
CCc1cccc(N2CCN(CC(O)CCNC(=O)c3cc4ccccc4o3)CC2)c1Cl,7.559090917934782,27.6,1,1,0,1,1,1
CN(C)C1CCc2c(cccc2C2CCCC2)C1,7.008773924307505,98.0,0,0,0,0,1,1
CN(C)C1CCc2c(cccc2-c2cc(F)cc(F)c2)C1,6.638272163982407,230.0,0,0,0,0,0,0
COc1cccc(-c2cccc3c2CCC(N(C)C)C3)c1,7.136677139879544,73.0,0,0,0,0,1,1
CN(C)C1CCc2c(cccc2-c2cncc3ccccc23)C1,6.187086643357144,650.0,0,0,0,0,1,1
CN(C)C1CCc2c(cccc2-c2cc(Cl)cc(Cl)c2)C1,5.657577319177793,2200.0,0,0,0,0,1,1
CN(C)C1CCc2c(cccc2-c2ccc(F)cc2Cl)C1,7.481486060122112,33.0,0,0,0,0,1,1
CN(C)C1CCc2c(cccc2-c2cccc(C(F)(F)F)c2)C1,6.7447274948966935,180.0,0,0,0,0,1,1
CN(C)C1CCc2c(cccc2-c2cccc(F)c2)C1,7.638272163982407,23.0,0,0,0,0,1,1
Fc1ccccc1-c1cccc2c1CCC(N1CCCC1)C2,8.886056647693163,1.3,0,0,0,0,0,0
CN(C)C1CCc2c(cccc2-c2c3ccccc3cc3ccccc23)C1,5.853871964321762,1400.0,0,0,0,0,0,0
CN(C)[C@H]1CCc2c(cccc2-c2cc(C(F)(F)F)cc(C(F)(F)F)c2)C1,5.651695136951839,2230.0,0,0,0,0,0,0
CN(C)C1CCc2c(cccc2-c2ccc(F)cc2)C1,7.522878745280337,30.0,0,0,0,0,1,1
CN(C)C1CCc2c(cccc2-c2cccc(Cl)c2)C1,7.086186147616283,82.0,0,0,0,0,1,1
CCCC(=O)Nc1ccc2c(c1)-c1c(OC)c(OC)cc3c1C(C2)N(C)CC3,6.328827157284917,469.0,0,0,0,0,0,0
COc1cc2c3c(c1OCC1CC1)-c1cc(NC(C)=O)ccc1CC3N(C)CC2,5.812479279163537,1540.0,0,0,0,0,0,0
CCCC(=O)Nc1ccc2c(c1)-c1c(OCC3CC3)c(OC)cc3c1C(C2)N(C)CC3,6.367542707815276,429.0,0,0,0,0,0,0
C=CCOc1c(OC)cc2c3c1-c1cc(NC(=O)CCC)ccc1CC3N(C)CC2,6.334419008982047,463.0,0,0,0,0,0,0
C#CCOc1c(OC)cc2c3c1-c1cc(NC(=O)CCC)ccc1CC3N(C)CC2,6.179798540514359,661.0,0,0,0,0,0,0
COc1cc2c3c(c1OCC1CC1)-c1cc(NS(C)(=O)=O)ccc1CC3N(C)CC2,6.414539270491499,385.0,0,0,0,0,0,0
C=CCOc1c(OC)cc2c3c1-c1cc(NS(C)(=O)=O)ccc1CC3N(C)CC2,6.394694953858891,403.0,0,0,0,0,0,0
C#CCOc1c(OC)cc2c3c1-c1cc(NS(C)(=O)=O)ccc1CC3N(C)CC2,6.291579099865287,511.0,0,0,0,0,0,0
COc1cc2c3c(c1OCC1CC1)-c1cc(NC(N)=O)ccc1CC3N(C)CC2,5.892790030352131,1280.0,0,0,0,0,0,0
C#CCOc1c(OC)cc2c3c1-c1cc(NC(N)=O)ccc1CC3N(C)CC2,6.040481623027001,911.0,0,0,0,0,0,0
COc1cc2c3c(c1OC)-c1cc(N(C)C)ccc1CC3N(C)CC2,5.804100347590766,1570.0,1,1,0,0,1,1
COc1cc2c3c(c1OCC1CC1)-c1cc(N(C)C)ccc1CC3N(C)CC2,5.841637507904751,1440.0,0,0,0,0,0,0
CCCN1CCc2cccc3c2C1Cc1ccc(N)cc1-3,7.522878745280337,30.0,0,0,0,0,0,0
CCCN1CCc2cccc3c2C1Cc1ccc(NC(C)=O)cc1-3,7.67778070526608,21.0,1,1,0,1,1,1
CCCC(=O)Nc1ccc2c(c1)-c1cccc3c1C(C2)N(CCC)CC3,7.823908740944319,15.0,0,0,0,0,1,1
CN1CCc2cccc3c2C1Cc1ccc(NS(C)(=O)=O)cc1-3,6.876148359032914,133.0,0,0,0,0,0,0
CCCN1CCc2cccc3c2C1Cc1ccc(NS(C)(=O)=O)cc1-3,7.638272163982407,23.0,0,0,0,0,1,1
CN1CCc2cccc3c2C1Cc1ccc(NC(N)=O)cc1-3,7.309803919971486,49.0,0,0,0,0,0,0
CCCN1CCc2cccc3c2C1Cc1ccc(NC(N)=O)cc1-3,6.627087997029894,236.0,1,1,0,1,1,1
CN(C)c1ccc2c(c1)-c1cccc3c1C(C2)N(C)CC3,6.33913452199613,458.0,0,0,0,0,0,0
CCCN1CCc2cccc3c2C1Cc1ccc(N(C)C)cc1-3,6.59176003468815,256.0,1,1,0,0,1,1
CN1CCc2cccc3c2C1Cc1ccc2nc(N)sc2c1-3,6.728158393463501,187.0,0,0,0,0,0,0
CCCN1CCc2cccc3c2C1Cc1ccc2nc(N)sc2c1-3,7.031517051446065,93.0,0,0,0,0,0,0
CN1CCc2cccc3c2C1Cc1cc2sc(N)nc2cc1-3,7.638272163982407,23.0,0,0,0,0,0,0
CCCN1CCc2cccc3c2C1Cc1cc2sc(N)nc2cc1-3,8.1249387366083,7.5,0,0,0,0,0,0
C#CCOc1c(OC)cc2c3c1-c1cc(N)ccc1CC3N(C)CC2,6.368556230986828,428.0,0,0,0,0,0,0
COc1cc2c3c(c1OC)-c1cc(N)ccc1CC3N(C)CC2,6.806875401645538,156.0,1,1,0,0,1,1
C#CCOc1c(OC)cc2c3c1-c1cc([N+](=O)[O-])ccc1CC3N(C)CC2,6.686132779630847,206.0,0,0,0,0,0,0
C=CCOc1c(OC)cc2c3c1-c1cc([N+](=O)[O-])ccc1CC3N(C)CC2,5.775725985705742,1676.0,0,0,0,0,0,0
COc1cc2c3c(c1OC1CC1)-c1cc([N+](=O)[O-])ccc1CC3N(C)CC2,6.357535479757878,439.0,0,0,0,0,0,0
COc1cc2c3c(c1OC)-c1cc([N+](=O)[O-])ccc1CC3N(C)CC2,6.33913452199613,458.0,0,0,0,0,0,0
COc1cc2c3c(c1O)-c1cc([N+](=O)[O-])ccc1CC3N(C)CC2,6.261219441515631,548.0,0,0,0,0,0,0
CCCC(=O)Nc1ccc2c(c1)-c1cccc3c1C(C2)N(C)CC3,7.080921907623926,83.0,0,0,0,0,0,0
CC(=O)Nc1ccc2c(c1)-c1cccc3c1C(C2)N(C)CC3,7.031517051446065,93.0,0,0,0,0,0,0
CN1CCc2cccc3c2C1Cc1ccc(N)cc1-3,6.570247719997592,269.0,0,0,0,0,0,0
CN1CCc2cccc3c2C1Cc1ccc([N+](=O)[O-])cc1-3,7.0,100.0,0,0,0,0,0,0
O=[N+]([O-])c1ccc2c(c1)-c1cccc3c1C(C2)NCC3,6.455931955649724,350.0,0,0,0,0,0,0
O=C1[C@H]2[C@@H]3CC[C@@H](C3)[C@H]2C(=O)N1CCCCCCN1CCN(c2nsc3ccccc23)CC1,7.568636235841013,27.0,0,0,0,0,1,0
O=C1[C@H]2[C@@H]3CC[C@@H](C3)[C@H]2C(=O)N1CCCCCCN1CCN(c2ccccc2Cl)CC1,7.920818753952375,12.0,0,0,0,0,1,1
O=C1[C@H]2[C@@H]3CC[C@@H](C3)[C@H]2C(=O)N1CCCCCCN1CCN(c2cccc(Cl)c2)CC1,7.744727494896693,18.0,0,0,0,0,1,0
O=C1[C@H]2[C@@H]3CC[C@@H](C3)[C@H]2C(=O)N1CCCCCCN1CCN(c2ccc(Cl)cc2)CC1,7.259637310505756,55.0,0,0,0,0,1,1
O=C1[C@H]2[C@@H]3CC[C@@H](C3)[C@H]2C(=O)N1CCCCCCN1CCN(c2cccc(Cl)c2Cl)CC1,7.494850021680094,32.0,0,0,0,0,1,0
O=C1[C@H]2[C@@H]3CC[C@@H](C3)[C@H]2C(=O)N1CCCCCCN1CCN(c2cccc(C(F)(F)F)c2)CC1,7.657577319177793,22.0,0,0,0,0,1,0
COc1ccccc1N1CCN(CCCCCCN2C(=O)[C@H]3[C@@H]4CC[C@@H](C4)[C@H]3C2=O)CC1,8.397940008672037,4.0,0,0,0,0,1,1
O=C1c2ccccc2C(=O)N1CCCCCCN1CCN(c2nsc3ccccc23)CC1,7.744727494896693,18.0,0,0,0,0,1,0
O=c1n(CCCCCCN2CCN(c3nsc4ccccc34)CC2)nc2ccccn12,7.958607314841775,11.0,0,0,0,0,1,0
O=c1oc2ccccc2n1CCCCCCN1CCN(c2nsc3ccccc23)CC1,8.301029995663981,5.0,0,0,0,0,1,1
c1ccc2oc(SCCCCCCN3CCN(c4nsc5ccccc45)CC3)nc2c1,8.0,10.0,0,0,0,0,1,0
O=C1CCc2cc(OCCCCCCN3CCN(c4nsc5ccccc45)CC3)ccc2N1,7.698970004336019,20.0,0,0,0,0,1,0
O=C1c2cccc3cccc(c23)N1CCCCCCN1CCN(c2nsc3ccccc23)CC1,7.1487416512809245,71.0,0,0,0,0,1,1
O=S1(=O)c2cccc3cccc(c23)N1CCCCCCN1CCN(c2nsc3ccccc23)CC1,7.200659450546418,63.0,0,0,0,0,1,0
O=C1c2cccc3cccc(c23)C(=O)N1CCCCCCN1CCN(c2nsc3ccccc23)CC1,7.0655015487564325,86.0,0,0,0,0,1,1
O=c1n(CCCCCCN2CCN(c3nsc4ccccc34)CC2)c2cccc3c2n1CCC3,7.356547323513812,44.0,0,0,0,0,1,0
O=S(=O)(c1ccccc1)N(CCCCCCN1CCN(c2nsc3ccccc23)CC1)c1cccc(C(F)(F)F)c1,7.376750709602099,42.0,0,0,0,0,0,0
Cc1ccc(S(=O)(=O)N(CCCCCCN2CCN(c3nsc4ccccc34)CC2)c2ccccc2)cc1,7.494850021680094,32.0,0,0,0,0,0,0
O=c1[nH]c2ccccc2n1CCCCCCN1CCN(c2nsc3ccccc23)CC1,7.795880017344075,16.0,0,0,0,0,1,0
O=C(NCCCCCCN1CCN(c2nsc3ccccc23)CC1)c1ccccc1,7.657577319177793,22.0,1,1,0,1,1,1
O=S(=O)(NCCCCCCN1CCN(c2nsc3ccccc23)CC1)c1ccccc1,8.096910013008056,8.0,0,0,0,0,1,0
O=S(=O)(NCCCCCCN1CCN(c2nsc3ccccc23)CC1)c1cccc2ccccc12,7.4089353929735005,39.0,0,0,0,0,1,0
O=S(=O)(NCCCCCCN1CCN(c2nsc3ccccc23)CC1)c1ccc2ccccc2c1,7.136677139879544,73.0,0,0,0,0,1,0
