smiles,y_pEC50_pKi,exp_mean_nM,cliff_mol_shipped,D0_recomputed,D1_ecfp4_strict,D2_invariant,D3_mmp,D3_mmp_size_capped_13
CC(/C=C/C(F)=C(/C)c1cc(C(C)(C)C)cc(C(C)(C)C)c1OCC(F)(F)F)=C\C(=O)O,7.675717544702307,21.1,0,0,0,0,0,0
CCCOc1c(/C(C)=C\C=C\C(C)=C\C(=O)O)cc(C(C)C)cc1C(F)(F)C(F)(F)F,7.656591406196142,22.05,0,0,0,0,0,0
C/C(=C/C=C/C(C)=C/C(=O)O)c1cc(-c2cccs2)cc(C(C)C)c1OCC(F)F,8.006563769502389,9.85,0,0,0,0,0,0
CCC(Cc1ccc(OC)c(C(=O)NCc2ccc(OCCc3ccccc3)cc2)c1)C(=O)O,5.522878745280337,3000.0,0,0,0,0,0,0
CCCCC(Cc1ccc(OC)c(C(=O)NCc2ccc(C(F)(F)F)cc2)c1)C(=O)O,5.6020599913279625,2500.0,0,0,0,0,0,0
CCCc1cc(Oc2ccc(C(C)C)cc2)ccc1OCCCOc1cccc(C2SC(=O)NC2=O)c1,6.777283528852417,167.0,0,0,0,0,1,1
CCCc1cc(Oc2ccc(Cl)cc2)ccc1OCCCOc1cccc(C2SC(=O)NC2=O)c1,6.782516055786093,165.0,1,1,0,1,1,1
CCCc1cc(Oc2ccccc2)ccc1OCCCOc1ccc(C2SC(=O)NC2=O)cc1,6.522878745280337,300.0,1,1,1,1,1,1
CCCc1cc(Oc2ccc(Cl)c(C)c2)ccc1OCCCOc1cccc(C2SC(=O)NC2=O)c1,7.568636235841013,27.0,0,0,0,0,1,1
CCSC(Cc1ccc(OC)c(C(=O)NCc2ccc(C(F)(F)F)cc2)c1)C(=O)O,5.552841968657781,2800.0,0,0,0,0,0,0
CCOC(Cc1ccc(OC)c(C(=O)NCc2ccc(C(F)(F)F)cc2)c1)C(=O)O,5.552841968657781,2800.0,0,0,0,0,0,0
CCC(Cc1ccc(OC)c(C(=O)NCc2cccc(Oc3ccccc3)c2)c1)C(=O)O,5.207608310501746,6200.0,0,0,0,0,1,1
CCC(Cc1ccc(OC)c(C(=O)NCc2ccc(Oc3ccccc3)cc2)c1)C(=O)O,5.619788758288394,2400.0,0,0,0,0,0,0
CCCc1cc(Oc2ccc(O)cc2)ccc1OCCCOc1cccc(C2SC(=O)NC2=O)c1,7.638272163982407,23.0,1,1,0,0,1,1
CCC(Cc1ccc(OC)c(C(=O)NCc2ccccc2)c1)C(=O)O,5.0,10000.0,0,0,0,0,1,1
CCCc1cc(Oc2ccc(C3CCCC3)cc2)ccc1OCCCOc1cccc(C2SC(=O)NC2=O)c1,6.910094888560602,123.0,0,0,0,0,0,0
CCCc1cc(Oc2ccc(-c3ccccc3)cc2)ccc1OCCCOc1cccc(C2SC(=O)NC2=O)c1,6.452225294612178,353.0,1,1,1,1,1,1
CCCc1cc(Oc2ccc(F)c(C)c2)ccc1OCCCOc1cccc(C2SC(=O)NC2=O)c1,6.97469413473523,106.0,0,0,0,0,0,0
CCCc1cc(Oc2ccc(F)cc2)ccc1OCCCOc1cccc(C2SC(=O)NC2=O)c1,7.070581074285707,85.0,0,0,0,0,1,1
CCCc1cc(Oc2ccc(OC)cc2)ccc1OCCCOc1cccc(C2SC(=O)NC2=O)c1,7.161150909262744,69.0,0,0,0,0,1,0
CCCc1cc(Oc2ccc(Cl)c(Cl)c2)ccc1OCCCOc1cccc(C2SC(=O)NC2=O)c1,7.327902142064283,47.0,0,0,0,0,0,0
CCC(Cc1ccc(OC)c(C(=O)NCc2ccc(-c3ccccc3)cc2)c1)C(=O)O,5.3979400086720375,4000.0,0,0,0,0,0,0
CCCc1cc(Oc2ccccc2)ccc1OCCCOc1cccc(C2SC(=O)NC2=O)c1,7.853871964321762,14.0,1,1,1,1,1,1
COc1ccc(CCCC(=O)O)cc1C(=O)NCc1ccc(C(F)(F)F)cc1,5.522878745280337,3000.0,0,0,0,0,0,0
CCC(Cc1ccc(OC)c(C(=O)NCc2ccc(CCc3ccccc3)cc2)c1)C(=O)O,5.267606240177032,5400.0,1,1,0,0,1,0
CCC(Cc1ccc(OC)c(C(=O)CCc2ccc(C(F)(F)F)cc2)c1)C(=O)O,5.130768280269024,7400.0,1,1,0,0,1,0
CC(C)OC(Cc1ccc(OCc2noc(-c3ccccc3)n2)cc1)C(=O)O,7.102372908709558,79.0,1,1,0,0,1,1
CC(C)OC(Cc1ccc(OCc2noc(-c3ccc(OC(F)(F)F)cc3)n2)cc1)C(=O)O,7.200659450546418,63.0,1,1,0,0,1,1
Cc1cccc(-c2nc(COc3ccc(CC(OC(C)C)C(=O)O)cc3)no2)c1,7.301029995663981,50.0,1,1,0,1,1,1
CC(C)OC(Cc1ccc(OCc2noc(-c3ccc(F)cc3)n2)cc1)C(=O)O,6.698970004336019,200.0,1,1,0,1,1,1
CC(C)OC(Cc1ccc(OCc2noc(-c3cc(F)cc(F)c3)n2)cc1)C(=O)O,7.0,100.0,1,1,0,0,1,1
CC(C)OC(Cc1ccc(OCCc2noc(-c3ccccc3)n2)cc1)C(=O)O,7.886056647693163,13.0,1,1,0,0,1,1
CC(C)OC(Cc1ccc(OCCc2noc(-c3cc(C(F)(F)F)cc(C(F)(F)F)c3)n2)cc1)C(=O)O,8.397940008672037,4.0,0,0,0,0,0,0
CC(C)OC(Cc1ccc(OCCc2noc(-c3cccc(Cl)c3)n2)cc1)C(=O)O,8.397940008672037,4.0,1,1,0,1,1,1
Cc1ccc(-c2nc(COc3ccc(CC(OC(C)C)C(=O)O)cc3)no2)cc1,7.795880017344075,16.0,1,1,0,1,1,1
CC(C)OC(Cc1ccc(OCc2noc(-c3ccc(Cl)cc3)n2)cc1)C(=O)O,7.698970004336019,20.0,0,0,0,0,1,1
CC(C)OC(Cc1ccc(OCc2noc(-c3ccc(C(F)(F)F)cc3)n2)cc1)C(=O)O,7.602059991327962,25.0,0,0,0,0,1,0
CC(C)OC(Cc1ccc(OCCc2noc(-c3ccc(F)cc3)n2)cc1)C(=O)O,7.397940008672037,40.0,1,1,0,0,1,1
CC(C)OC(Cc1ccc(OCCc2noc(-c3ccc(Cl)cc3)n2)cc1)C(=O)O,7.602059991327962,25.0,1,1,0,0,1,1
CC(C)OC(Cc1ccc(OCc2noc(-c3cccc(F)c3)n2)cc1)C(=O)O,7.0,100.0,1,1,0,1,1,1
Cc1ccccc1-c1nc(COc2ccc(CC(OC(C)C)C(=O)O)cc2)no1,7.0,100.0,0,0,0,0,1,1
CC(C)OC(Cc1ccc(OCCc2noc(-c3cccc(C(F)(F)F)c3)n2)cc1)C(=O)O,8.221848749616356,6.0,1,1,0,0,1,0
CC(C)OC(Cc1ccc(OCCc2noc(-c3cccc(F)c3)n2)cc1)C(=O)O,8.698970004336019,2.0,1,1,0,1,1,1
CC(C)OC(Cc1ccc(OCc2noc(-c3ccc(Br)cc3)n2)cc1)C(=O)O,7.494850021680094,32.0,1,1,0,0,1,1
CC(C)OC(Cc1ccc(OCc2noc(-c3ccc(C(C)(C)C)cc3)n2)cc1)C(=O)O,8.522878745280337,3.0,1,1,0,0,1,1
CC(C)OC(Cc1ccc(OCc2noc(C3CCCCC3)n2)cc1)C(=O)O,6.638272163982407,230.0,0,0,0,0,1,1
Cc1oc(-c2ccccc2)nc1CCOc1ccc(CC(Oc2ccccc2)C(=O)O)cc1,6.4089353929735005,390.0,1,1,0,1,1,1
Cc1oc(-c2ccc(-c3ccccc3)cc2)nc1CCOc1ccc(CC(C)(Oc2ccccc2)C(=O)O)cc1,8.154901959985743,7.0,1,1,1,1,1,1
CCCCC(Cc1ccc(OCCc2nc(-c3ccccc3)oc2C)cc1)(Oc1ccccc1)C(=O)O,5.600845666041783,2507.0,0,0,0,0,1,0
Cc1oc(-c2ccccc2)nc1CCOc1ccc(OC(C)(Cc2ccccc2)C(=O)O)cc1,5.750557038557417,1776.0,1,1,1,1,1,1
CCC(Cc1ccc(OCCc2nc(-c3ccccc3)oc2C)cc1)(Oc1ccccc1)C(=O)O,6.54515513999149,285.0,0,0,0,0,1,1
Cc1oc(-c2cccc(-c3ccccc3)c2)nc1CCOc1ccc(CC(C)(Oc2ccccc2)C(=O)O)cc1,8.221848749616356,6.0,1,1,0,1,1,0
CC(/C=C(\O)c1ccccc1)=N\[C@@H](Cc1ccc(OCc2ccccc2)cc1)C(N)=O,6.309998953116936,489.78,1,1,0,1,0,0
N[C@@H](Cc1ccc(OCc2ccccc2)cc1)C(=O)O,5.59999938302362,2511.89,0,0,0,0,0,0
O=C(O)[C@H](Cc1ccc(OCc2ccccc2)cc1)/N=C1\CCCC\C1=C(/O)c1ccccc1,4.989999996723885,10232.93,0,0,0,0,0,0
Cc1oc(-c2ccccc2)nc1CCOc1ccc(C[C@H](Nc2ccccc2C(=O)c2ccccc2)C(=O)O)cc1,8.727871599719649,1.871235294117647,1,1,1,1,1,1
CN(CCOc1ccc(CC(Nc2ccccc2C(=O)Cc2ccccc2)C(=O)O)cc1)c1nc2ccccc2o1,7.422450757601762,37.805,0,0,0,0,1,0
CN(CCOc1ccc(CC2SC(=O)NC2=O)cc1)c1nc2ccccc2o1,7.950007143079858,11.22,1,1,0,1,1,1
COC(=O)[C@H](Cc1ccc(OCc2ccccc2)cc1)/N=C(C)/C=C(\O)c1ccccc1,6.160000609491408,691.83,0,0,0,0,0,0
CN(CCOc1ccc(CC(Nc2cccc3c2C(=O)c2ccccc2C3=O)C(=O)O)cc1)c1nc2ccccc2o1,8.299988937677888,5.012,0,0,0,0,1,0
Cc1oc(-c2ccccc2)nc1CCOc1ccc(CC2SC(=O)NC2=O)cc1,8.253287977483339,5.581,1,1,0,0,1,1
CC(C)(Oc1cccc(CCCN(Cc2ccc(C(F)(F)F)cc2C(F)(F)F)C(=O)COc2ccc(Cl)c(Cl)c2)c1)C(=O)O,7.522878745280337,30.0,0,0,0,0,0,0
CC(C)(Oc1cccc(CCCN(C(=O)Cc2ccc(C(F)(F)F)cc2)c2cccc(-c3ncon3)c2C2CC2)c1)C(=O)O,7.091514981121351,81.0,0,0,0,0,0,0
CC(C)(Oc1cccc(CCCN(C(=O)COc2ccc(Cl)c(Cl)c2)c2cccc(-c3ncon3)c2C2CC2)c1)C(=O)O,6.769551078621726,170.0,0,0,0,0,0,0
CC(C)(Oc1cccc(CCCN(C(=O)c2ccc(C(F)(F)F)c(C(F)(F)F)c2)c2cccc(-c3ncon3)c2C2CC2)c1)C(=O)O,6.494850021680094,320.0,0,0,0,0,0,0
CC(C)(Oc1cccc(CCCN(Cc2ccc(C(F)(F)F)cc2C(F)(F)F)C(=O)Cc2ccc(C(F)(F)F)cc2)c1)C(=O)O,8.397940008672037,4.0,0,0,0,0,0,0
CC(C)(Oc1cccc(CCCN(CCOC(=O)c2ccc(N=C=O)cc2)Cc2ccc(C(F)(F)F)cc2C(F)(F)F)c1)C(=O)O,9.30102999566398,0.5,0,0,0,0,0,0
CCO[C@@H](Cc1ccc(OCC=C(c2ccc(-c3ccco3)cc2)c2ccc(-c3ccco3)cc2)cc1)C(=O)O,5.537602002101044,2900.0,0,0,0,0,0,0
CCO[C@@H](Cc1ccc(OCC=C(c2ccc(-c3ccccc3)cc2)c2ccc(-c3ccccc3)cc2)cc1)C(=O)O,6.522878745280337,300.0,0,0,0,0,0,0
CCO[C@@H](Cc1ccc(OCCn2c3ccccc3c3ccccc32)cc1)C(=O)O,6.769704386082953,169.93999999999997,1,1,0,1,1,1
CCO[C@@H](Cc1ccc(OCC=C(c2ccccc2)c2ccccc2)cc1)C(=O)O,5.56931796957424,2695.7650000000003,0,0,0,0,1,0
CCO[C@@H](Cc1ccc(OCC=C(c2ccc(Br)cc2)c2ccc(Br)cc2)cc1)C(=O)O,6.047449706101799,896.5,0,0,0,0,0,0
CCO[C@@H](Cc1ccc(OCCN(c2ccccc2)c2ccccc2)cc1)C(=O)O,5.48074247424149,3305.655,0,0,0,0,1,1
CCO[C@@H](Cc1ccc(OCC=C(c2ccc(C)cc2)c2ccc(C)cc2)cc1)C(=O)O,5.509318298956069,3095.15,0,0,0,0,1,0
CCO[C@@H](Cc1ccc(OCC=C(c2ccc(OC)cc2)c2ccc(OC)cc2)cc1)C(=O)O,5.65878713098332,2193.88,0,0,0,0,0,0
Cc1oc(-c2ccccc2)nc1CCOc1ccc(C[C@H](Nc2ccccc2C(=O)C2CCCCC2)C(=O)O)cc1,8.773168189341279,1.6859,1,1,0,1,1,0
Cc1ccc(C(=O)c2ccccc2NC(Cc2ccc(OCCN(C)c3nc4ccccc4o3)cc2)C(=O)O)cc1,7.982737046444787,10.4055,0,0,0,0,1,0
CN(CCOc1ccc(CC(Nc2ccccc2C(=O)c2cccc(C(F)(F)F)c2)C(=O)O)cc1)c1nc2ccccc2o1,7.713655823590916,19.335,0,0,0,0,1,0
CSc1nc(NC(Cc2ccc(OCCN(C)c3nc4ccccc4o3)cc2)C(=O)O)c(C(=O)c2ccccc2)s1,5.390000296157769,4073.8,0,0,0,0,1,0
Cc1oc(-c2ccccc2)nc1CCOc1ccc(CC(Nc2ccccc2C(=O)O)C(=O)O)cc1,5.309999839831227,4897.79,1,1,0,1,1,1
CN(CCOc1ccc(C[C@H](Nc2ccccc2C(=O)C2CCCCC2)C(=O)O)cc1)c1nc2ccccc2o1,8.244315666147587,5.6975,1,1,0,1,1,0
Cc1cccc(C(=O)c2ccccc2NC(Cc2ccc(OCCN(C)c3nc4ccccc4o3)cc2)C(=O)O)c1,7.8089683911513825,15.525,0,0,0,0,1,0
CN(CCOc1ccc(CC(Nc2ccccc2C(=O)C2CCCC2)C(=O)O)cc1)c1nc2ccccc2o1,7.6758204702821,21.095,0,0,0,0,1,0
Cc1oc(-c2ccccc2)nc1CCOc1ccc(CC(Nc2ccccc2C(=O)c2cccnc2)C(=O)O)cc1,8.034821825856291,9.2295,1,1,0,1,1,1
Cc1oc(-c2ccccc2)nc1CCOc1ccc(CC(Nc2ccccc2C(=O)c2ccc(C(=O)O)cc2)C(=O)O)cc1,5.119999756699334,7585.78,1,1,1,1,1,1
CCCOC(=O)c1ccccc1NC(Cc1ccc(OCCc2nc(-c3ccccc3)oc2C)cc1)C(=O)O,8.181048688359827,6.591,0,0,0,0,1,1
Cc1ccccc1C(=O)c1ccccc1NC(Cc1ccc(OCCN(C)c2nc3ccccc3o2)cc1)C(=O)O,8.090149905357116,8.1255,0,0,0,0,1,0
CN(CCOc1ccc(CC(Nc2cscc2C(=O)c2ccccc2)C(=O)O)cc1)c1nc2ccccc2o1,8.311446706352976,4.8815,1,1,0,1,1,1
CN(CCOc1ccc(CC(Nc2ccsc2C(=O)c2ccccc2)C(=O)O)cc1)c1nc2ccccc2o1,8.11106269731271,7.7435,0,0,0,0,1,0
CN(CCOc1ccc(CC(Nc2ccccc2C(=O)c2ccsc2)C(=O)O)cc1)c1nc2ccccc2o1,7.168962514359975,67.77,1,1,0,1,1,1
Cc1oc(-c2ccccc2)nc1CCOc1ccc(CC(Nc2ccccc2C(=O)N(C)C)C(=O)O)cc1,6.2500010234416505,562.34,1,1,0,0,1,1
COC(=O)c1ccccc1N[C@@H](Cc1ccc(OCCc2nc(-c3ccccc3)oc2C)cc1)C(=O)O,9.167129325938484,0.6805666666666665,0,0,0,0,1,1
CCOC(=O)c1ccccc1NC(Cc1ccc(OCCc2nc(-c3ccccc3)oc2C)cc1)C(=O)O,9.1743791749965,0.6693,0,0,0,0,1,1
Cc1oc(-c2ccccc2)nc1CCOc1ccc(CC(Nc2ccccc2C(=O)OC(C)C)C(=O)O)cc1,8.719945466026752,1.9057,1,1,0,0,1,1
CCCc1cc(Oc2ccccc2)ccc1OCCCOc1ccc(C2SC(=O)NC2=O)cc1F,6.522878745280337,300.0,1,1,0,0,1,0
CCCc1cc(Oc2ccccc2)ccc1OCCCOc1ccc(C2SC(=O)NC2=O)cc1C,7.0,100.0,0,0,0,0,1,0
CCCc1cc(Oc2ccc(Cl)cc2)ccc1OCCCOc1ccc(C2SC(=O)NC2=O)cc1,7.096910013008056,80.0,0,0,0,0,0,0
CCCc1cc(Oc2ccc(-c3ccccc3)cc2)ccc1OCCCOc1ccc(C2SC(=O)NC2=O)cc1,7.698970004336019,20.0,1,1,1,1,1,1
CCCc1cc(Oc2ccc(OC)cc2)ccc1OCCCOc1ccc(C2SC(=O)NC2=O)cc1,7.522878745280337,30.0,0,0,0,0,1,1
CCCc1cc(Oc2ccccc2)ccc1OCCCOc1ccc(C2SC(=O)NC2=O)cc1Cl,6.154901959985743,700.0,1,1,0,0,1,0
CCCc1cc(Oc2ccccc2)ccc1OCCCOc1ccc(C2SC(=O)NC2=O)cc1OC,6.3979400086720375,400.0,1,1,0,0,1,0
CCCc1cc(Oc2ccc(NS(=O)(=O)c3ccc(C)cc3)cc2)ccc1OCCCOc1ccc(C2SC(=O)NC2=O)cc1,6.301029995663981,500.0,0,0,0,0,1,1
CCCCCCCN(CCc1ccc(OC(C)(C)C(=O)O)cc1)C(=O)Nc1ccc(F)cc1,6.552841968657781,280.0,0,0,0,0,0,0
CCCCCCCN(CCc1ccc(OC(C)(C)C(=O)O)cc1)C(=O)Nc1ccc(F)cc1F,6.698970004336019,200.0,0,0,0,0,1,1
CCCc1cc(Oc2ccccc2)ccc1OCCCOc1ccc(C2SC(=O)NC2=O)cc1CCC,6.698970004336019,200.0,1,1,0,0,1,0
CCCc1cc(Oc2ccc(CC(C)C)cc2)ccc1OCCCOc1ccc(C2SC(=O)NC2=O)cc1,7.522878745280337,30.0,0,0,0,0,1,1
CC(C)(Oc1ccc(CCN(C(=O)Nc2ccc(F)cc2F)C2CCCCCC2)cc1)C(=O)O,8.221848749616356,6.0,0,0,0,0,1,1
CCCc1cc(Oc2ccc(S(C)(=O)=O)cc2)ccc1OCCCOc1ccc(C2SC(=O)NC2=O)cc1,6.920818753952375,120.0,0,0,0,0,1,0
CCCc1cc(Oc2ccc(F)cc2)ccc1OCCCOc1ccc(C2SC(=O)NC2=O)cc1,7.176091259055681,66.66666666666667,1,1,0,0,1,1
CC(C)(Oc1ccc(CCN(CCCCCC2CCCCC2)C(=O)Nc2ccc(F)cc2)cc1)C(=O)O,5.795880017344075,1600.0,0,0,0,0,0,0
Cc1oc(-c2ccccc2)nc1CCOc1ccc(C[C@@H](C(=O)O)N2CCOCC2)cc1,7.61987924573156,23.995,1,1,0,1,1,1
O=C(O)Cc1ccc2[nH]c(-c3ccc(F)cc3)c(CCc3ccc(F)cc3)c2c1,6.470005326930858,338.84,0,0,0,0,0,0
Cc1oc(-c2ccccc2)nc1CCOc1ccc(C[C@H](NS(C)(=O)=O)C(=O)O)cc1,5.585026652029182,2600.0,0,0,0,0,1,1
CC(C)(Oc1ccc(CCCN(CCc2c(F)cccc2Cl)C(=O)Nc2cccc(Cl)c2Cl)cc1)C(=O)O,5.6020599913279625,2500.0,0,0,0,0,0,0
CN[C@@H](Cc1ccc(OCCc2nc(-c3ccccc3)oc2C)cc1)C(=O)O,5.301029995663981,5000.0,1,1,0,1,1,1
Cc1oc(-c2ccccc2)nc1CCOc1ccc(C[C@@H](C(=O)O)N2CCCCC2)cc1,6.860120913598763,138.0,1,1,0,1,1,1
CCCN[C@@H](Cc1ccc(OCCc2nc(-c3ccccc3)oc2C)cc1)C(=O)O,6.619897345482834,239.94,1,1,0,0,1,1
CC(=O)N[C@@H](Cc1ccc(OCCc2nc(-c3ccccc3)oc2C)cc1)C(=O)O,5.455931955649724,3500.0,1,1,0,0,1,1
Cc1oc(-c2ccccc2)nc1CCOc1ccc(CC2C(=O)NOC2=O)cc1,7.080921907623926,83.0,1,1,0,0,1,1
Cc1oc(-c2ccccc2)nc1CCOc1ccc(C[C@H](Nc2ncccn2)C(=O)O)cc1,6.229147988357855,590.0,1,1,0,1,1,1
CCCc1c(OCCCSc2ccc(CC(=O)O)cc2Cl)ccc2c(-c3ccccc3)coc12,8.148741651280925,7.1,1,1,0,0,1,1
Cc1oc(-c2ccccc2)nc1CCOc1ccc(C[C@@H](C(=O)O)N2CCCC2)cc1,6.4089353929735005,390.0,1,1,0,1,1,1
Cc1oc(-c2ccccc2)nc1CCOc1ccc(C[C@@H](C(=O)O)n2c(C)ccc2C)cc1,6.1487416512809245,710.0,0,0,0,0,1,1
O=C(O)CCc1ccc2[nH]c(-c3ccccc3)c(CCc3ccccc3)c2c1,5.5200002474083645,3019.95,0,0,0,0,0,0
Cc1oc(-c2ccccc2)nc1CCOc1ccc(C[C@@H](C(=O)O)N(C)C)cc1,6.3872161432802645,410.0,1,1,0,0,1,1
COc1ccc(CCc2c(-c3ccccc3)[nH]c3ccc(CC(=O)O)cc23)cc1,7.358278075234168,43.825,0,0,0,0,1,1
Cn1c(-c2ccccc2)c(CCc2ccccc2)c2cc(CC(=O)O)ccc21,5.250000251143582,5623.41,0,0,0,0,0,0
CCCc1c(-c2ccccc2)[nH]c2ccc(CC(=O)O)cc12,5.149999867728904,7079.46,0,0,0,0,1,1
O=C(O)Cc1ccc2[nH]c(-c3ccccc3)c(CCc3ccccc3)c2c1,6.509999358109048,309.03,0,0,0,0,1,1
CCOC(Cc1ccc(OCCN(C)c2nc3ccccc3o2)cc1)C(=O)O,7.180456064458132,66.0,0,0,0,0,1,1
NC(=O)C(Cc1ccc(OCCOc2ccc3ccccc3c2)cc1)C(=O)O,5.519993057042849,3020.0,0,0,0,0,0,0
CCCc1ccccc1OCCCOc1cccc(C2OC(=O)NC2=O)c1,7.091514981121351,81.0,0,0,0,0,0,0
CCCc1cc(C=C2CCCCC2)ccc1OCCCOc1cccc(C2SC(=O)NC2=O)c1,6.6777807052660805,210.0,1,1,0,1,1,1
CCCc1cc(C2CCC(C)(C)CC2)ccc1OCCCOc1cccc(C2OC(=O)NC2=O)c1,7.045757490560675,90.0,0,0,0,0,0,0
CCCc1c(OCCCSc2ccc(CC(=O)O)cc2Cl)ccc2c(-c3ccccc3)noc12,8.397940008672037,4.0,1,1,0,0,1,1
COC(=O)C(Cc1ccc(OCCOc2ccc3c(c2)C(C)(C)CCC3(C)C)cc1)C(N)=O,6.080921907623926,830.0,0,0,0,0,0,0
O=C(O)C(Cc1ccc(OCCOc2ccc3c(c2)CCCC3)cc1)C(=O)O,5.675717544702307,2110.0,0,0,0,0,0,0
CCCc1c(OCCCCOc2cccc(OCC(=O)O)c2)ccc2c(-c3ccccc3)noc12,7.060480747381382,87.0,1,1,0,0,1,1
CCCc1c(OCCCOc2ccc(/C=C/C(=O)O)cc2)ccc2c(-c3ccccc3)noc12,6.5951662833800615,254.0,1,1,0,0,1,1
CCCc1c(OCCCCOc2ccc(C(C)(C)CC(=O)O)cc2)ccc2c(-c3ccccc3)noc12,7.431798275933005,37.0,1,1,0,0,1,1
CCCc1cc(OC2CCCCC2)ccc1OCCCOc1cccc(C2SC(=O)NC2=O)c1,7.4089353929735005,39.0,0,0,0,0,0,0
CCCc1c(OCCCCOc2ccc(/C=C/C(=O)O)cc2)ccc2c(-c3ccccc3)noc12,7.5376020021010435,29.0,1,1,0,1,1,1
CCCc1c(OCCCOc2ccc(CCCC(=O)O)cc2)ccc2c(-c3ccccc3)noc12,6.806875401645538,156.0,1,1,0,0,1,1
COC(=O)C(Cc1ccc(OCCOc2ccc3ccccc3c2)cc1)C(=O)O,5.950781977329818,1120.0,0,0,0,0,1,0
COC(=O)C(Cc1ccc(OCCOc2ccc3c(c2)NCCC3)cc1)C(=O)O,5.42021640338319,3800.0,0,0,0,0,1,0
CCCc1c(OCCCCOc2ccc(CC(=O)O)cc2)ccc2c(-c3ccccc3)noc12,7.221848749616356,60.0,1,1,0,0,1,1
CCCc1c(OCCCOc2ccc(OC(C)C(=O)O)cc2)ccc2c(-c3ccccc3)noc12,7.568636235841013,27.0,1,1,0,0,1,1
CCCc1c(OCCCCOc2ccc(OC(C)(C)C(=O)O)cc2)ccc2c(-c3ccccc3)noc12,8.698970004336019,2.0,1,1,0,0,1,1
NC(=O)C(Cc1ccc(OCCOc2ccc3c(c2)NCCC3)cc1)C(=O)O,5.540607512240769,2880.0,0,0,0,0,0,0
CCCc1c(OCCCCOc2cccc(C(=O)O)c2)ccc2c(-c3ccccc3)noc12,6.714442690992226,193.0,1,1,0,0,1,1
CCCc1cc(-c2ccccc2)ccc1OCCCOc1cccc(C2OC(=O)NC2=O)c1,7.045757490560675,90.0,0,0,0,0,0,0
COC(=O)C(Cc1ccc(OCCOc2ccc3c(c2)C(C)(C)CCC3(C)C)cc1)C(=O)O,7.045757490560675,90.0,0,0,0,0,1,1
CCCc1c(OCCCCOc2ccc(CCC(=O)O)cc2)ccc2c(-c3ccccc3)noc12,6.314258261397736,485.0,1,1,0,1,1,1
CCCc1c(OCCCCOc2cccc(C(C)(C)C(=O)O)c2)ccc2c(-c3ccccc3)noc12,7.2839966563652,52.0,1,1,0,0,1,1
COC(=O)C(Cc1ccc(OCCOc2ccc3c(c2)NCCC3)cc1)C(=O)OC,5.5003129173815966,3160.0,0,0,0,0,1,0
CCCc1cc(C(=O)c2ccc(Cl)cc2)ccc1OCCCOc1cccc(C2SC(=O)NC2=O)c1,7.292429823902063,51.0,0,0,0,0,0,0
CC1(C)CCC(C)(C)c2cc(OCCOc3ccc(CC(C(=O)O)C(=O)O)cc3)ccc21,5.688246138944246,2050.0,0,0,0,0,1,1
CCCc1cc(C2CCCCCC2)ccc1OCCCOc1cccc(C2OC(=O)NC2=O)c1,7.455931955649724,35.0,0,0,0,0,0,0
CCCc1c(OCCCCOc2ccc(CC(C)(C)C(=O)O)cc2)ccc2c(-c3ccccc3)noc12,7.698970004336019,20.0,0,0,0,0,1,1
CCCc1c(OCCCOc2ccc(OCC(=O)O)cc2)ccc2c(-c3ccccc3)noc12,7.1249387366083,75.0,1,1,0,0,1,1
CCCc1c(OCCCCOc2ccc(OC(C)C(=O)O)cc2)ccc2c(-c3ccccc3)noc12,7.795880017344075,16.0,1,1,0,0,1,1
COC(=O)C(Cc1ccc(OCCOc2ccc3c(c2)CCCC3)cc1)C(=O)OC,5.823908740944319,1500.0,0,0,0,0,0,0
CCCc1c(OCCCCOc2cccc(CC(=O)O)c2)ccc2c(-c3ccccc3)noc12,8.221848749616356,6.0,1,1,0,0,1,1
CCCc1cc(C2CCCCC2)ccc1OCCCOc1cccc(C2OC(=O)NC2=O)c1,7.721246399047171,19.0,1,1,0,0,0,0
COC(=O)C(Cc1ccc(OCCOc2ccc3ccccc3c2)cc1)C(=O)OC,6.275724130399211,530.0,0,0,0,0,0,0
COC(=O)C(Cc1ccc(OCCOc2ccc3c(c2)C(C)(C)CCC3(C)C)cc1)C(=O)OC,6.823908740944319,150.0,0,0,0,0,1,1
CCCc1c(OCCCOc2ccc(CC(=O)O)cc2)ccc2c(-c3ccccc3)noc12,6.7121982700697735,194.0,1,1,0,0,1,1
CCCc1c(OCCCCOc2cccc(OC(C)(C)C(=O)O)c2)ccc2c(-c3ccccc3)noc12,7.0,100.0,1,1,0,0,1,1
CCCc1cc(C(=O)C2CCCCC2)ccc1OCCCOc1cccc(C2SC(=O)NC2=O)c1,6.958607314841775,110.0,0,0,0,0,0,0
CCCc1cc(C(=O)c2ccccc2)ccc1OCCCOc1cccc(C2SC(=O)NC2=O)c1,6.777283528852417,167.0,1,1,0,0,1,1
COC(=O)C(Cc1ccc(OCCOc2ccc3c(c2)CCCC3)cc1)C(=O)O,6.161150909262744,690.0,0,0,0,0,0,0
CCCc1cc(CC2CCCCC2)ccc1OCCCOc1cccc(C2SC(=O)NC2=O)c1,7.096910013008056,80.0,0,0,0,0,0,0
CCCc1c(OCCCCOc2ccc(C(C)(C)C(=O)O)cc2)ccc2c(-c3ccccc3)noc12,8.0,10.0,1,1,0,0,1,1
COC(=O)C(Cc1ccc(OCCOc2ccc3c(c2)CCCC3)cc1)C(N)=O,5.464705879957229,3430.0,0,0,0,0,0,0
COc1ccc(C)cc1NC(=O)N(CCc1ccc(SC(C)(C)C(=O)O)cc1)CCc1ccc(-c2ccccc2)cc1,5.0,10000.0,0,0,0,0,0,0
CC(C)(Sc1ccc(CCN(CCCCC2CCCCC2)C(=O)Nc2cc(Cl)cc(Cl)c2)cc1)C(=O)O,6.0,1000.0,0,0,0,0,0,0
CC(C)(Sc1ccc(CCN(CCCCC2CCCCC2)C(=O)NC2CCCCC2)cc1)C(=O)O,5.958607314841775,1100.0,0,0,0,0,0,0
COc1ccc(NC(=O)N(CCc2ccc(SC(C)(C)C(=O)O)cc2)CCc2ccc(-c3ccccc3)cc2)c(OC)c1,5.920818753952375,1200.0,0,0,0,0,0,0
Cc1ccc(NC(=O)N(CCCCC2CCCCC2)CCc2ccc(SC(C)(C)C(=O)O)cc2)cc1[N+](=O)[O-],5.698970004336019,2000.0,0,0,0,0,0,0
Cc1cc(C)c(NC(=O)N(CCc2ccc(SC(C)(C)C(=O)O)cc2)CCc2ccc(-c3ccccc3)cc2)cc1C,5.8696662315049934,1350.0,0,0,0,0,0,0
CC(C)(Sc1ccc(CCN(CCCCC2CCCCC2)C(=O)Nc2cccc(C#N)c2)cc1)C(=O)O,6.0,1000.0,0,0,0,0,0,0
CC(C)(Sc1ccc(CCN(CCc2ccc(-c3ccccc3)cc2)C(=O)Nc2cc(Cl)cc(Cl)c2)cc1)C(=O)O,5.698970004336019,2000.0,0,0,0,0,0,0
CC(C)(Sc1ccc(CCN(CCc2ccc(-c3ccccc3)cc2)C(=O)NC2CCCCC2)cc1)C(=O)O,5.619788758288394,2400.0,0,0,0,0,0,0
COc1ccccc1NC(=O)N(CCCCC1CCCCC1)CCc1ccc(SC(C)(C)C(=O)O)cc1,6.494850021680094,320.0,0,0,0,0,0,0
CC(F)(F)CCCCCN1C(=O)C(CCOc2ccccc2CC(=O)O)Oc2ccccc21,6.272458742971444,534.0,0,0,0,0,1,1
CC(C)(O)CCCCN1C(=O)C(CCOc2ccccc2CC(=O)O)Oc2ccccc21,6.191114132640188,644.0,0,0,0,0,1,1
CCCCCCCN1C(=O)C(CCOc2ccccc2CC(=O)O)Oc2ccccc21,6.6307841425898575,234.0,0,0,0,0,1,1
CC(C)(C#N)CCCCN1C(=O)C(CCOc2ccccc2CC(=O)O)Oc2ccccc21,6.444905551421681,359.0,0,0,0,0,1,1
C=CCCCCN1C(=O)C(CCOc2ccccc2CC(=O)O)Oc2ccccc21,6.681936665037238,208.0,0,0,0,0,1,1
C/C(CCCCN1C(=O)C(CCOc2ccccc2CC(=O)O)Oc2ccccc21)=N\O,8.0,10.0,0,0,0,0,1,1
O=C(O)Cc1ccccc1OCCC1Oc2ccccc2N(CCC2CCCCC2)C1=O,6.522878745280337,300.0,0,0,0,0,1,1
CCCCCCCCCCN1C(=O)C(CCOc2ccccc2CC(=O)O)Oc2ccccc21,6.0,1000.0,1,1,0,0,1,1
CC(C)(CCCCN1C(=O)C(CCOc2ccccc2CC(=O)O)Oc2ccccc21)C(=O)O,6.0,1000.0,0,0,0,0,1,1
CC(=O)CCCCN1C(=O)C(CCOc2ccccc2CC(=O)O)Oc2ccccc21,6.585026652029182,260.0,0,0,0,0,1,1
CC(O)CCCCN1C(=O)C(CCOc2ccccc2CC(=O)O)Oc2ccccc21,6.0,1000.0,1,1,0,1,1,1
CC(C)(C)CCCCN1C(=O)C(CCOc2ccccc2CC(=O)O)Oc2ccccc21,6.0,1000.0,1,1,0,0,1,1
O=C(O)Cc1ccccc1OCCC1Oc2ccccc2N(CCCC2CCCC2)C1=O,5.568636235841013,2700.0,1,1,0,0,1,1
O=C(O)Cc1ccccc1OCCC1Oc2ccccc2N(CCCCCO)C1=O,6.0,1000.0,0,0,0,0,1,1
O=C(O)Cc1ccccc1OCCC1Oc2ccccc2N(CCCCCCO)C1=O,6.698970004336019,200.0,1,1,0,0,1,1
CC(C)CCCCN1C(=O)C(CCOc2ccccc2CC(=O)O)Oc2ccccc21,7.102372908709558,79.0,1,1,0,1,1,1
CC(=O)CCCCCN1C(=O)C(CCOc2ccccc2CC(=O)O)Oc2ccccc21,6.578396073130169,264.0,0,0,0,0,1,1
CCCCCCCCN1C(=O)C(CCOc2ccccc2CC(=O)O)Oc2ccccc21,6.522878745280337,300.0,0,0,0,0,1,1
CCCCCN1C(=O)C(CCOc2ccccc2CC(=O)O)Oc2ccccc21,6.614393726401688,243.0,0,0,0,0,1,1
O=C(O)Cc1ccccc1OCCC1Oc2ccccc2N(CCCCCCCF)C1=O,6.1438755557577,718.0,0,0,0,0,1,1
O=C(O)Cc1ccccc1OCCC1Oc2ccccc2N(CCCCCCCO)C1=O,6.826813731587726,149.0,1,1,0,0,1,1
CCCSCCN1C(=O)C(CCOc2ccccc2CC(=O)O)Oc2ccccc21,6.42021640338319,380.0,0,0,0,0,1,1
CCCn1c(CCCc2ccc(OC(C)(C)C(=O)O)cc2)nn(Cc2ccc(C)cc2)c1=O,5.568636235841013,2700.0,0,0,0,0,0,0
CCCCCCn1c(CCc2ccc(OC(C)(C)C(=O)O)cc2)nn(Cc2cccc(OC)c2)c1=O,5.585026652029182,2600.0,0,0,0,0,0,0
Cc1ccc(Cn2nc(CCCc3ccc(OC(C)(C)C(=O)O)cc3)n(C)c2=O)cc1C,5.638272163982407,2300.0,0,0,0,0,1,0
CCCn1c(CCc2ccc(OC(C)(C)C(=O)O)cc2)nn(Cc2ccc(C)cc2)c1=O,5.537602002101044,2900.0,0,0,0,0,0,0
Cn1c(CCCc2ccc(OC(C)(C)C(=O)O)cc2)nn(Cc2ccc(C(C)(C)C)cc2)c1=O,5.823908740944319,1500.0,0,0,0,0,0,0
CCCn1c(CCCc2ccc(OC(C)(C)C(=O)O)cc2)nn(CC2CCCCC2)c1=O,5.585026652029182,2600.0,0,0,0,0,1,0
CCO[C@@H](Cc1ccc(OCCn2c3ccccc3c3cc(Br)ccc32)cc1)C(=O)O,6.480743131138247,330.565,0,0,0,0,1,0
CCOC(Cc1ccc(OCCN2c3ccccc3C=Cc3ccccc32)cc1)C(=O)O,6.119186407719209,760.0,1,1,0,1,1,0
CCOC(Cc1ccc(OCC/C=C2/c3ccccc3COc3ccccc32)cc1)C(=O)O,4.906578314837765,12400.0,1,1,0,1,1,0
CCOC(Cc1ccc(OCCN(C)C2c3ccccc3CCc3ccccc32)cc1)C(=O)O,5.769551078621726,1700.0,0,0,0,0,1,0
CCOC(Cc1ccc(OCCCN2c3ccccc3CCc3ccccc32)cc1)C(=O)O,6.119186407719209,760.0,1,1,0,1,1,0
CCOC(Cc1ccc(OCC=C2c3ccccc3CCc3ccccc32)cc1)C(=O)O,4.899629454882437,12600.0,1,1,0,1,0,0
CCOC(Cc1ccc(OCCC2Sc3ccccc3Oc3ccccc32)cc1)C(=O)O,5.431798275933005,3700.0,0,0,0,0,1,0
Cc1cc(CCOc2ccc(C[C@H](Nc3ccccc3C(=O)c3ccccc3)C(=O)O)cc2)nn1-c1ccccc1,7.960288520674003,10.9575,0,0,0,0,1,1
Cc1ccsc1-c1nc(CCOc2ccc(C[C@H](Nc3ccccc3C(=O)c3ccccc3)C(=O)O)cc2)c(C)o1,8.51862904316745,3.0295,0,0,0,0,1,1
Cc1sc(N2CCN(C)CC2)nc1CCOc1ccc(C[C@H](Nc2ccccc2C(=O)c2ccccc2)C(=O)O)cc1,8.890084136976206,1.288,1,1,0,1,1,1
CCOC(Cc1ccc(OCC=C2c3ccccc3-c3ccccc32)cc1)C(=O)O,4.91721462968355,12100.0,1,1,0,1,1,0
Cc1oc(-c2ccncc2)nc1CCOc1ccc(C[C@H](Nc2ccccc2C(=O)c2ccccc2)C(=O)O)cc1,8.26201267366657,5.47,1,1,0,1,1,1
Cc1cc(-c2nc(CCOc3ccc(C[C@H](Nc4ccccc4C(=O)c4ccccc4)C(=O)O)cc3)c(C)s2)no1,8.08873582900163,8.152,1,1,0,1,1,1
CCOC(Cc1ccc(OCCCN2c3ccccc3OCOc3ccccc32)cc1)C(=O)O,5.920818753952375,1200.0,1,1,0,1,1,0
Cc1ccc(-c2nc(CCOc3ccc(C[C@H](Nc4ccccc4C(=O)c4ccccc4)C(=O)O)cc3)c(C)o2)s1,8.994926786936396,1.01175,0,0,0,0,1,1
CCO[C@@H](Cc1ccc(OCCn2c3ccc(Br)cc3c3cc(Br)ccc32)cc1)C(=O)O,7.358278075234168,43.825,0,0,0,0,1,0
Cc1sc(-c2ccncc2)nc1CCOc1ccc(C[C@H](Nc2ccccc2C(=O)c2ccccc2)C(=O)O)cc1,8.680061560019691,2.089,1,1,1,1,1,1
Cc1sc(-c2ccccc2)nc1CCOc1ccc(C[C@H](Nc2ccccc2C(=O)c2ccccc2)C(=O)O)cc1,10.0,0.1,1,1,1,1,1,1
Cn1cc(-c2ccccc2)nc1CCOc1ccc(C[C@H](Nc2ccccc2C(=O)c2ccccc2)C(=O)O)cc1,8.102647865655687,7.895,1,1,0,1,1,1
CCOC(Cc1ccc(OCCC2c3ccccc3Oc3ccccc32)cc1)C(=O)O,6.337242168318426,460.0,1,1,0,0,1,0
CCOC(Cc1ccc(OCC=C2c3ccccc3OCOc3ccccc32)cc1)C(=O)O,5.468521082957745,3400.0,0,0,0,0,0,0
Cc1cc(-c2ccccc2)nn1CCOc1ccc(C[C@H](Nc2ccccc2C(=O)c2ccccc2)C(=O)O)cc1,8.718285029972703,1.913,1,1,0,1,1,1
Cc1sc(N2CCOCC2)nc1CCOc1ccc(C[C@H](Nc2ccccc2C(=O)c2ccccc2)C(=O)O)cc1,8.062732927788588,8.655,1,1,0,1,1,1
CCOC(Cc1ccc(OCCC=C2c3ccccc3CCc3ccccc32)cc1)C(=O)O,4.777283528852417,16700.0,1,1,0,1,1,0
COc1ccc(-c2nc(CCOc3ccc(C[C@H](Nc4ccccc4C(=O)c4ccccc4)C(=O)O)cc3)c(C)o2)cc1,9.219970872662662,0.6026,1,1,0,0,1,0
CCOC(Cc1ccc(OCCC2c3ccccc3-c3ccccc32)cc1)C(=O)O,6.309803919971486,490.0,1,1,0,1,1,1
CCOC(Cc1ccc(OCCNC2=Nc3ccccc3Sc3ccccc32)cc1)C(=O)O,5.008773924307505,9800.0,1,1,0,0,1,0
CCOC(Cc1ccc(OCCN2c3ccccc3CCc3ccccc32)cc1)C(=O)O,6.1249387366083,750.0,1,1,0,1,1,0
Cc1oc(-c2ccc(F)cc2)nc1CCOc1ccc(C[C@H](Nc2ccccc2C(=O)c2ccccc2)C(=O)O)cc1,9.899974269892136,0.1259,1,1,1,1,1,1
CCCc1cc(Oc2ccc(F)cc2)ccc1OCCCOc1ccc2c(c1)OC(CC)(C(=O)O)CC2,6.1249387366083,750.0,0,0,0,0,1,0
CCCc1cc(Oc2ccc(OC)cc2)ccc1OCCCOc1ccc2c(c1)OC(CC)(C(=O)O)CC2,6.050609993355087,890.0,0,0,0,0,1,0
CCCc1cc(Oc2ccc(Cl)cc2)ccc1OCCCOc1ccc2c(c1)OC(CC)(C(=O)O)CC2,6.173925197299173,670.0,0,0,0,0,1,0
CCCc1cc(Oc2ccccc2)ccc1OCCCCOc1ccc2c(c1)CCC(C)(C(=O)O)O2,5.920818753952375,1200.0,0,0,0,0,1,0
Cc1oc(-c2ccc(-c3ccccc3)cc2)nc1CCOc1ccc(OC(C)(C)C(=O)O)cc1,6.055517327849832,880.0,1,1,0,1,1,1
CCCc1cc(Oc2ccccc2)ccc1OCCCOc1ccc2c(c1)OC(C)(C(=O)O)CC2,6.0,1000.0,0,0,0,0,1,0
CCC1(C(=O)O)CCc2ccc(OCCCOc3ccc(Oc4ccccc4)cc3F)cc2O1,6.0,1000.0,0,0,0,0,0,0
CCCc1cc(Oc2ccccc2)ccc1OCCCCOc1ccc2c(c1)OC(C)(C(=O)O)CC2,5.443697499232712,3600.0,0,0,0,0,1,0
CCCc1cc(Oc2ccccc2)ccc1OCCCOc1ccc2c(c1)OC(CC)(C(=O)O)CC2,6.0,1000.0,0,0,0,0,1,0
CCCc1cc(Oc2ccccc2)ccc1OCCCCOc1ccc2c(c1)OC(C(=O)O)CC2,5.795880017344075,1600.0,0,0,0,0,1,0
CCCc1cc(Oc2ccccc2)ccc1OCCCOc1ccc2c(c1)CCC(C(=O)O)O2,5.552841968657781,2800.0,0,0,0,0,1,1
CCCc1cc(Oc2ccccc2)ccc1OCCCCOc1ccc2c(c1)CCC(C(=O)O)O2,5.6020599913279625,2500.0,0,0,0,0,1,0
CCCc1cc(Oc2ccccc2)ccc1OCCCOc1ccc2c(c1)OC(CCC)(C(=O)O)CC2,6.080921907623926,830.0,0,0,0,0,1,0
CCCc1cc(Oc2ccc(S(C)(=O)=O)cc2)ccc1OCCCOc1ccc2c(c1)OC(CC)(C(=O)O)CC2,5.552841968657781,2800.0,0,0,0,0,1,0
CCCc1cc(Oc2ccccc2)ccc1OCCCOc1ccc2c(c1)OC(C(=O)O)CC2,5.136677139879544,7300.0,0,0,0,0,1,1
CCC1(C(=O)O)CCc2ccc(OCCCOc3ccc(Oc4ccccc4)cc3Cl)cc2O1,6.795880017344075,160.0,1,1,0,0,1,0
CCC1(C(=O)O)CCc2ccc(OCCCOc3ccc(Oc4ccccc4)cc3)cc2O1,5.0,10000.0,1,1,0,0,1,0
CCCc1cc(Oc2ccccc2)ccc1OCCCOc1ccc2c(c1)CCC(C)(C(=O)O)O2,5.167491087293763,6800.0,0,0,0,0,1,0
Cc1oc(-c2ccc(Br)cc2)nc1CCOc1ccc(OC(C)(C)C(=O)O)cc1,5.7654827164873135,1716.0,0,0,0,0,1,1
Cc1oc(-c2ccccc2)nc1CCOc1ccc(OC(C)C(=O)O)cc1,5.560509409610316,2751.0,1,1,0,1,1,1
Cc1oc(-c2ccccc2)nc1CCOc1ccc(OC(C)(C)C(=O)O)cc1,5.686343653381969,2059.0,0,0,0,0,1,1
CCO[C@@H](Cc1ccc(OC/C=C/C#Cc2ccccc2)cc1)C(=O)O,5.585026652029182,2600.0,1,1,1,1,1,1
CCO[C@@H](Cc1ccc(OC/C=C/C#Cc2ccc(C#C/C=C/COc3ccc(C[C@H](OCC)C(=O)O)cc3)cc2)cc1)C(=O)O,6.958607314841775,110.0,1,1,1,1,0,0
CCO[C@@H](Cc1ccc(OC/C=C/C#Cc2cccc(C#C/C=C/COc3ccc(C[C@H](OCC)C(=O)O)cc3)c2)cc1)C(=O)O,5.782516055786093,1650.0,1,1,0,0,0,0
CCO[C@@H](Cc1ccc(OC/C=C(\C)c2ccc(-c3ccc(/C(C)=C/COc4ccc(C[C@H](OCC)C(=O)O)cc4)cc3)cc2)cc1)C(=O)O,6.494850021680094,320.0,0,0,0,0,0,0
CCCCC[C@H](O)/C=C/[C@@H]1[C@H]2C/C(=C\CCCC(=O)O)C[C@H]2C[C@H]1O,5.101823516502323,7910.0,0,0,0,0,0,0
Cc1ccc(NC(=O)c2ccc(Cl)cc2Cl)c(C(=O)O)c1,5.795880017344075,1600.0,0,0,0,0,0,0
CCCc1c(OCCCSc2ccc(CC(=O)O)cc2Cl)ccc(/C(CC)=N/O)c1O,7.823908740944319,15.0,1,1,0,0,1,1
CCCc1c(OCCCSc2ccc(CC(=O)O)cc2Cl)ccc2c(C(F)(F)F)noc12,7.638272163982407,23.0,0,0,0,0,1,0
CCCc1c(OCCCSc2ccc(CC(=O)O)cc2Cl)ccc2c(CC)coc12,6.991399828238082,102.0,0,0,0,0,1,1
CCCc1c(OCCCSc2ccc(CC(=O)O)cc2Cl)ccc(C(C)=O)c1O,6.638272163982407,230.0,1,1,0,0,1,1
CCCc1c(OCCCSc2ccc(CC(=O)O)cc2Cl)ccc(C(=O)CC)c1O,7.154901959985743,70.0,0,0,0,0,0,0
Cc1cc(OCc2sc(-c3ccc(C(F)(F)F)cc3)nc2C)ccc1/C=C/C(=O)O,5.568636235841013,2700.0,0,0,0,0,1,0
Cc1nc(-c2ccc(C(F)(F)F)cc2)oc1COc1ccc(OCC(=O)O)cc1,5.008773924307505,9800.0,0,0,0,0,0,0
Cc1nc(-c2ccc(C(F)(F)F)cc2)oc1CSc1ccc(OCC(=O)O)cc1,5.1938200260161125,6400.0,0,0,0,0,0,0
C/C(=N\OCCOc1ccc(CC2SC(=O)NC2=O)cc1)c1cccnc1,5.552841968657781,2800.0,0,0,0,0,1,1
C/C(=N\OCCOc1ccc(CC2SC(=O)NC2=O)cc1)c1ccc(-c2ccccc2)nc1,6.721246399047171,190.0,0,0,0,0,1,1
Cc1cc(OCc2sc(-c3ccc(C(F)(F)F)cc3)nc2C)ccc1CCC(=O)O,5.376750709602099,4200.0,1,1,0,0,1,0
Cc1cc(SCc2oc(-c3ccc(C(F)(F)F)cc3)nc2C)ccc1OCC(=O)O,5.79317412396815,1610.0,0,0,0,0,0,0
C/C(=N\OCCOc1ccc(CC2SC(=O)NC2=O)cc1)c1ccc(-c2ccccn2)cc1,6.1938200260161125,640.0,0,0,0,0,1,1
C/C(=N\OCCOc1ccc(CC2SC(=O)NC2=O)cc1)c1ccc(-c2ccccc2)cn1,5.958607314841775,1100.0,0,0,0,0,1,0
C/C(=N\OCCOc1ccc(CC2SC(=O)NC2=O)cc1)c1ccncc1,5.102372908709558,7900.0,0,0,0,0,1,1
C/C(=N\OCCOc1ccc(CC2SC(=O)NC2=O)cc1)c1ccc(-c2cccnc2)cc1,6.096910013008056,800.0,0,0,0,0,1,0
Cc1nc(-c2ccc(C(F)(F)F)cc2)sc1COc1ccc(CCC(=O)O)cc1,5.152427340857888,7040.0,0,0,0,0,1,0
Cc1nc(-c2ccc(C(F)(F)F)cc2)oc1COc1ccc(CCC(=O)O)cc1,5.481486060122113,3300.0,0,0,0,0,0,0
Cc1cc(SCc2sc(-c3ccc(C(F)(F)F)c(F)c3)nc2C)ccc1OCC(=O)O,5.698970004336019,2000.0,0,0,0,0,0,0
C/C(=N\OCCOc1ccc(CC2SC(=O)NC2=O)cc1)c1ccc(-c2ccccc2)cc1,6.3979400086720375,400.0,0,0,0,0,1,1
CC/C(=N\OCCOc1ccc(CC2SC(=O)NC2=O)cc1)c1ccc(-c2ccccc2)cc1,5.795880017344075,1600.0,0,0,0,0,0,0
C/C(=N\OCCOc1ccc(CC2SC(=O)NC2=O)cc1)c1ccc(-c2ccncc2)cc1,5.795880017344075,1600.0,0,0,0,0,1,0
C/C(=N\OCCOc1ccc(CC2SC(=O)NC2=O)cc1)c1ccccc1,5.769551078621726,1700.0,0,0,0,0,1,1
Cc1nc(-c2ccc(C(F)(F)F)cc2)sc1COc1ccc(CC(=O)O)cc1,5.102372908709558,7900.0,0,0,0,0,1,0
C/C(=N\OCCOc1ccc(CC2SC(=O)NC2=O)cc1)c1ccccn1,5.552841968657781,2800.0,0,0,0,0,1,1
C/C(=N\OCCOc1ccc(CC2SC(=O)NC2=O)cc1)c1cccc(-c2ccccc2)c1,6.481486060122113,330.0,0,0,0,0,1,1
CC[C@]1(C(=O)O)CCc2ccc(OCCCOc3ccc(C4CCCCC4)cc3Cl)cc2O1,6.3979400086720375,400.0,0,0,0,0,0,0
CC[C@]1(C(=O)O)CCc2ccc(OCCCOc3ccc(CC(C)C)cc3Cl)cc2O1,6.221848749616356,600.0,0,0,0,0,0,0
CC[C@]1(C(=O)O)CCc2ccc(OCCCOc3ccc(C(C)C)cc3Cl)cc2O1,5.920818753952375,1200.0,0,0,0,0,0,0
CC[C@]1(C(=O)O)CCc2ccc(OCCCOc3ccc(Cl)cc3Cl)cc2O1,6.0,1000.0,0,0,0,0,0,0
CC[C@]1(C(=O)O)CCc2ccc(OCCCOc3ccc(OC(F)(F)F)cc3Cl)cc2O1,6.301029995663981,500.0,0,0,0,0,0,0
CC[C@]1(C(=O)O)CCc2ccc(OCCCOc3ccc(F)cc3Cl)cc2O1,5.522878745280337,3000.0,0,0,0,0,0,0
CC[C@]1(C(=O)O)CCc2ccc(OCCCOc3ccc(C4CCC5(CC4)CC5)cc3Cl)cc2O1,6.301029995663981,500.0,0,0,0,0,0,0
CC[C@]1(C(=O)O)CCc2ccc(OCCCOc3ccc(C(F)(F)F)cc3Cl)cc2O1,6.0,1000.0,0,0,0,0,0,0
CC[C@]1(C(=O)O)CCc2ccc(OCCCOc3ccc(OCC(F)(F)F)cc3Cl)cc2O1,6.3979400086720375,400.0,0,0,0,0,0,0
CC[C@]1(C(=O)O)CCc2ccc(OCCCOc3ccc(C(C)(C)C)cc3Cl)cc2O1,6.0,1000.0,0,0,0,0,0,0
C[C@]1(C(=O)O)CCc2ccc(OCCCOc3ccc(OCC(F)(F)F)cc3Cl)cc2O1,5.522878745280337,3000.0,0,0,0,0,1,1
C[C@]1(C(=O)O)CCc2ccc(OCCCOc3ccc(OCC4CCC4)cc3Cl)cc2O1,6.154901959985743,700.0,0,0,0,0,0,0
CC[C@]1(C(=O)O)CCc2ccc(OCCCOc3ccc(C4CCC(C)(C)CC4)cc3Cl)cc2O1,5.853871964321762,1400.0,0,0,0,0,0,0
CC(C)c1ccc(OCCCOc2ccc3c(c2)O[C@@](C)(C(=O)O)CC3)c(Cl)c1,5.522878745280337,3000.0,0,0,0,0,1,1
CC(C)Cc1ccc(OCCCOc2ccc3c(c2)O[C@@](C)(C(=O)O)CC3)c(Cl)c1,6.301029995663981,500.0,0,0,0,0,0,0
COc1ccc2c(c1)c(Cc1ccccc1OC(C)C(=O)O)c(C)n2C(=O)c1ccc(Cl)cc1,7.853871964321762,14.0,1,1,0,0,1,1
COc1ccc2c(c1)c(Cc1cccc(OC(C)C(=O)O)c1)c(C)n2C(=O)c1ccc(Cl)cc1,7.721246399047171,19.0,1,1,0,0,1,1
COc1ccc2c(c1)c(Cc1ccccc1OC(C)(C)C(=O)O)c(C)n2C(=O)c1ccc(Cl)cc1,7.920818753952375,12.0,1,1,0,0,1,1
COc1ccc2c(c1)c(Cc1cccc(OC(C)(C)C(=O)O)c1)c(C)n2C(=O)c1ccc(Cl)cc1,7.721246399047171,19.0,0,0,0,0,1,1
CCC(Oc1ccccc1Cc1c(C)n(C(=O)c2ccc(OC)cc2)c2ccc(OC(F)(F)F)cc12)C(=O)O,8.221848749616356,6.0,0,0,0,0,0,0
COc1ccc(C(=O)n2c(C)c(Cc3ccccc3OC(C)(C)C(=O)O)c3cc(OC(F)(F)F)ccc32)cc1,7.301029995663981,50.0,0,0,0,0,1,1
C[C@]1(C(=O)O)CCc2ccc(OCCCOc3ccc(C4CCCC4)cc3Cl)cc2O1,6.154901959985743,700.0,0,0,0,0,0,0
CCC(Oc1cccc(Cc2c(C)n(C(=O)c3ccc(OC)cc3)c3ccc(OC(F)(F)F)cc23)c1)C(=O)O,8.522878745280337,3.0,0,0,0,0,1,1
CCCC(Oc1cccc(Cc2c(C)n(C(=O)c3ccc(OC)cc3)c3ccc(OC(F)(F)F)cc23)c1)C(=O)O,8.698970004336019,2.0,0,0,0,0,1,1
COc1ccc(C(=O)n2c(C)c(Cc3cccc(OC(C)(C)C(=O)O)c3)c3cc(OC(F)(F)F)ccc32)cc1,8.221848749616356,6.0,0,0,0,0,0,0
C[C@]1(C(=O)O)CCc2ccc(OCCCOc3ccc(C4CCCCC4)cc3Cl)cc2O1,6.154901959985743,700.0,0,0,0,0,0,0
C[C@]1(C(=O)O)CCc2ccc(OCCCOc3ccc(C4CCC5(CC4)CC5)cc3Cl)cc2O1,6.0,1000.0,0,0,0,0,0,0
C[C@]1(C(=O)O)CCc2ccc(OCCCOc3ccc(Oc4ccc(F)cc4)cc3Cl)cc2O1,6.619788758288394,240.0,0,0,0,0,1,1
O=C(O)C1CCc2ccc(OCCCOc3ccc(OCC(F)(F)F)cc3Cl)cc2O1,5.522878745280337,3000.0,0,0,0,0,0,0
CC1(C)CCC(c2ccc(OCCCOc3ccc4c(c3)O[C@@](C)(C(=O)O)CC4)c(Cl)c2)CC1,6.0,1000.0,0,0,0,0,0,0
COc1ccc2c(c1)c(Cc1cccc(C(=O)O)c1)c(C)n2C(=O)c1ccc(Cl)cc1,6.552841968657781,280.0,1,1,0,0,1,1
COc1ccc2c(c1)c(Cc1ccccc1OCC(=O)O)c(C)n2C(=O)c1ccc(Cl)cc1,6.718966632752273,191.0,1,1,0,0,1,1
COc1ccc2c(c1)c(Cc1cccc(OCC(=O)O)c1)c(C)n2C(=O)c1ccc(Cl)cc1,7.113509274827518,77.0,0,0,0,0,1,1
CCO[C@@H](Cc1ccc(OCCCOc2ccc(Oc3ccccc3)cc2)cc1)C(=O)O,6.549750891680639,282.0,0,0,0,0,1,0
COc1cc(C[C@H](OC)C(=O)O)ccc1OCCCOc1ccc(Oc2ccccc2)cc1,6.732828271596986,185.0,0,0,0,0,1,0
CO[C@@H](Cc1ccc(OCCCOc2ccc(C(=O)c3ccccc3)cc2)c(Cl)c1)C(=O)O,6.515700160653214,305.0,0,0,0,0,1,0
CO[C@@H](Cc1ccc(C#CCCOc2ccc(Oc3ccccc3)cc2)cc1)C(=O)O,6.987162775294828,103.0,0,0,0,0,1,0
CO[C@@H](Cc1ccc(C#CCCCOc2ccc(Oc3ccccc3)cc2)cc1)C(=O)O,6.621602099051862,239.0,0,0,0,0,1,0
CO[C@@H](Cc1ccc(OCCCOc2ccc(-c3ccccc3)cc2)cc1)C(=O)O,6.812479279163537,154.0,0,0,0,0,1,1
CO[C@@H](Cc1ccc(OCCCOc2ccc(C(=O)c3ccccc3)cc2)cc1)C(=O)O,6.585026652029182,260.0,0,0,0,0,1,0
CCc1ccc(CCOc2ccc(CC3SC(=O)NC3=O)cc2)cc1,6.236572006437063,580.0,0,0,0,0,1,1
C/C(=C/C(=O)c1ccccc1)N[C@@H](Cc1ccc(OCCc2nc(-c3ccccc3)oc2C)cc1)C(=O)O,9.596307662438871,0.2533333333333333,0,0,0,0,1,1
CCCc1cc2c(oc(=O)n2C)c(CCC)c1O[C@H](C(=O)O)c1ccc(C(C)C)cc1,6.1938200260161125,640.0,0,0,0,0,0,0
CCCc1cc2c(oc(=O)n2CC)c(CCC)c1O[C@H](C(=O)O)c1ccc(C(C)C)cc1,6.920818753952375,120.0,0,0,0,0,0,0
CCCc1cc2c(oc(=O)n2CCC)c(CCC)c1O[C@H](C(=O)O)c1ccc(C(C)C)cc1,6.920818753952375,120.0,0,0,0,0,0,0
CCCc1cc2c(oc(=O)n2C(C)C)c(CCC)c1O[C@H](C(=O)O)c1ccc(C(C)C)cc1,6.853871964321762,140.0,0,0,0,0,0,0
CCCc1cc2c(oc(=O)n2CC2CC2)c(CCC)c1O[C@H](C(=O)O)c1ccc(C(C)C)cc1,6.481486060122113,330.0,0,0,0,0,0,0
CCCc1cc2c(oc(=O)n2CC(F)(F)F)c(CCC)c1O[C@H](C(=O)O)c1ccc(C(C)C)cc1,6.853871964321762,140.0,0,0,0,0,0,0
CCCc1c(O[C@H](C(=O)O)c2ccc(C(C)C)cc2)c(Cl)cc2c1oc(=O)n2CC,6.443697499232712,360.0,0,0,0,0,0,0
CCCc1cc2c(=O)n(C)oc2c(CCC)c1O[C@H](C(=O)O)c1ccccc1,6.4089353929735005,390.0,0,0,0,0,0,0
CCCc1cc2c(=O)n(C)oc2c(CCC)c1O[C@H](C(=O)O)c1ccc(C(C)C)cc1,6.4089353929735005,390.0,0,0,0,0,0,0
CCCc1cc2c(=O)n(C(C)C)oc2c(CCC)c1O[C@H](C(=O)O)c1ccc(C(C)C)cc1,6.366531544420414,430.0,0,0,0,0,0,0
CCCc1cc2c(=O)n(C(C)C)oc2c(CCC)c1O[C@H](C(=O)O)c1ccc(CC(C)C)cc1,6.431798275933005,370.0,0,0,0,0,0,0
CCCc1cc(C(=O)CC)cc(C)c1OC(C(=O)O)c1ccc(C(C)C)cc1,6.705533773838407,197.0,0,0,0,0,0,0
CCCc1cc(C(=O)CC)cc(Cl)c1O[C@H](C(=O)O)c1ccc(C(C)C)cc1,6.443697499232712,360.0,0,0,0,0,0,0
CCCc1cc(C(=O)CC)cc(CCC)c1O[C@H](C(=O)O)c1ccc(CC)cc1,6.318758762624412,480.0,0,0,0,0,0,0
CCCc1cc(C(=O)CC)cc(CCC)c1O[C@H](C(=O)O)c1ccc(CC(C)C)cc1,6.7447274948966935,180.0,0,0,0,0,0,0
CCCc1cc(C(=O)CC)cc(CCC)c1O[C@H](C(=O)O)c1ccc(C(C)C)cc1,6.823908740944319,150.0,0,0,0,0,0,0
O=C(O)[C@H](Cc1ccccc1)Oc1ccc(CO)cc1,4.590033418693951,25701.98,1,1,0,0,1,1
O=C(O)[C@H](Cc1ccccc1)Oc1ccc(-c2cccs2)cc1,5.795880017344075,1600.0,0,0,0,0,1,1
O=C(O)[C@H](Cc1ccccc1)Oc1ccc2ccccc2c1,5.821950152967896,1506.78,0,0,0,0,1,1
CCC[C@@H](Oc1ccc2ccccc2c1)C(=O)O,4.903089986991944,12500.0,0,0,0,0,1,1
O=C(O)[C@@H](Cc1ccccc1)Oc1ccc(Cl)cc1,4.978810700930062,10500.0,1,1,0,0,0,0
O=C(O)[C@H](Cc1ccccc1)Oc1ccc(C(F)(F)F)cc1,6.045757490560675,900.0,1,1,0,0,1,1
COc1ccc(-n2c(C)c(Cc3cccc(O[C@@H](C)C(=O)O)c3)c3cc(OC(F)(F)F)ccc32)cc1,8.522878745280337,3.0,0,0,0,0,1,1
COc1ccc2ncc(-n3c(C)c(Cc4cccc(O[C@@H](C)C(=O)O)c4)c4cc(OC(F)(F)F)ccc43)cc2c1,7.309803919971486,49.0,0,0,0,0,1,1
Cc1c(Oc2cccc(O[C@@H](C)C(=O)O)c2)c2cc(OC(F)(F)F)ccc2n1-c1noc2cc(Cl)ccc12,6.709965388637482,195.0,1,1,0,0,1,1
Cc1c(Oc2cc(O[C@@H](C)C(=O)O)ccc2Cl)c2cc(OC(F)(F)F)ccc2n1-c1noc2cc(Cl)ccc12,8.522878745280337,3.0,1,1,0,0,1,1
Cc1c(Oc2cc(Cl)cc(O[C@@H](C)C(=O)O)c2)c2cc(OC(F)(F)F)ccc2n1-c1noc2cc(Cl)ccc12,6.943095148663527,114.0,1,1,0,0,1,1
CCCc1ccc(Oc2c(C)n(-c3noc4cc(Cl)ccc34)c3ccc(OC(F)(F)F)cc23)cc1O[C@@H](C)C(=O)O,7.4089353929735005,39.0,0,0,0,0,1,1
Cc1c(Oc2ccc(Cl)c(O[C@@H](C)C(=O)O)c2)c2cc(OC(F)(F)F)ccc2n1-c1noc2cc(Cl)ccc12,8.522878745280337,3.0,1,1,0,0,1,1
COc1ccc2c(-n3c(C)c(Cc4cc(O[C@H](C)C(=O)O)ccc4Cl)c4cc(OC(F)(F)F)ccc43)noc2c1,8.522878745280337,3.0,1,1,0,0,0,0
COc1ccc(C(=O)n2c(C)c(Cc3cccc(OCC#N)c3)c3cc(OC(F)(F)F)ccc32)cc1,7.795880017344075,16.0,0,0,0,0,0,0
C#CCOc1cccc(Cc2c(C)n(C(=O)c3ccc(OC)cc3)c3ccc(OC(F)(F)F)cc23)c1,7.508638306165727,31.0,0,0,0,0,1,1
CCCc1cc2c(OC)noc2c(CCC)c1OC(C)(C)C(=O)O,5.958607314841775,1100.0,0,0,0,0,0,0
CCCc1cc(C(=O)CC)cc(CCC)c1OC(C)(C)C(=O)O,5.886056647693163,1300.0,0,0,0,0,0,0
CCCCCOc1ccccc1C(O)C/C=C\CCCC(=O)OC,7.552841968657781,28.0,1,1,0,1,1,1
CCCCCOc1nc2ccccc2cc1C(O)CC#CCCCC(=O)OC,5.849857838151442,1413.0,0,0,0,0,0,0
CCCCCOc1nc2ccccc2cc1C(O)C/C=C\CCCC(=O)OC,5.810790510417694,1546.0,0,0,0,0,0,0
CCCCCOc1cc2ccccc2cc1C(O)CCCCCCCC(=O)OC,5.867740310468956,1356.0,0,0,0,0,0,0
CCCCCOc1ccccc1C(O)CC#CCCCC(=O)OC,6.192464971931146,642.0,1,1,0,1,1,1
CCCCCOc1ncccc1C(O)CC#CCCCC(=O)OC,6.260427655549908,549.0,1,1,0,1,0,0
O=C(O)c1c(Sc2ccccc2)c2cc(Cl)ccc2n1Cc1ccc(Cl)cc1,7.251811972993799,56.0,0,0,0,0,0,0
CC(C)(C)c1ccc(-n2c(C(=O)O)c(Oc3cccc(C(F)(F)F)c3)c3ccccc32)cc1,7.886056647693163,13.0,1,1,0,1,1,1
CCOc1cccc(Oc2c(C(=O)O)n(-c3ccc(C(C)(C)C)cc3)c3ccccc23)c1,6.632644078973981,233.0,0,0,0,0,1,1
CC(C)(C)c1ccc(-n2c(C(=O)O)c(Oc3cccc(O)c3)c3ccccc32)cc1,6.79317412396815,161.0,0,0,0,0,1,1
COc1ccc(-n2c(C(=O)O)c(Oc3cccc(C(F)(F)F)c3)c3ccccc32)cc1,6.476253533188435,334.0,0,0,0,0,1,1
CC(C)(C)c1ccc(-n2c(C(=O)O)c(Oc3ccc(Cl)cc3)c3ccc(OC(F)(F)F)cc32)cc1,6.386158178123931,411.0,0,0,0,0,0,0
CC(C)(C)c1ccc(-n2c(C(=O)O)c(Oc3cccc(C(F)(F)F)c3)c3ccc(Cl)cc32)cc1,6.97469413473523,106.0,0,0,0,0,0,0
CC(C)(C)c1ccc(-n2c(C(=O)O)c(Oc3cccc(C(F)(F)F)c3)c3cc(Cl)ccc32)cc1,6.866461091629782,136.0,1,1,0,0,1,1
CCOc1ccc2c(c1)c(Oc1cccc(C(F)(F)F)c1)c(C(=O)O)n2-c1ccc(C(C)(C)C)cc1,7.468521082957745,34.0,0,0,0,0,1,1
CC(C)COc1ccc2c(c1)c(Oc1cccc(C(F)(F)F)c1)c(C(=O)O)n2-c1ccc(C(C)(C)C)cc1,7.040958607678906,91.0,0,0,0,0,1,1
CC(C)(C)c1ccc(-n2c(C(=O)O)c(Oc3cccc(C(F)(F)F)c3)c3cc(Oc4ccc[nH]4)ccc32)cc1,6.899629454882437,126.0,1,1,0,1,1,1
CC(C)(C)c1ccc(-n2c(C(=O)O)c(Oc3cccc(C(F)(F)F)c3)c3cc(Oc4cc(C(F)(F)F)c[nH]4)ccc32)cc1,8.221848749616356,6.0,1,1,0,1,1,1
CC(C)(C)c1ccc(-n2c(C(=O)O)c(Oc3cccc(C(F)(F)F)c3)c3cc(Oc4cc(Cl)c[nH]4)ccc32)cc1,8.698970004336019,2.0,1,1,0,0,1,1
CC(C)(C)c1ccc(-n2c(C(=O)O)c(Oc3cccc(C(F)(F)F)c3)c3cccnc32)cc1,6.333482019445119,464.0,1,1,0,1,1,0
CC(C)(C)c1ccc(-n2c(C(=O)O)c(Oc3ccc(-c4cc(C(F)(F)F)c[nH]4)cc3)c3cccnc32)cc1,7.468521082957745,34.0,0,0,0,0,1,0
CC(C)(C)c1ccc(-n2c(C(=O)O)c(Oc3cccc(C(F)(F)F)c3)c3ccc(Cl)nc32)cc1,6.7544873321858505,176.0,1,1,0,0,0,0
COc1ccc2c(Oc3cccc(C(F)(F)F)c3)c(C(=O)O)n(-c3ccc(C(C)(C)C)cc3)c2n1,6.52432881167557,299.0,0,0,0,0,0,0
COc1cccc(Oc2c(C(=O)O)n(-c3ccc(C(C)(C)C)cc3)c3nc(Cl)ccc23)c1,6.122053048370812,755.0,0,0,0,0,0,0
CC(C)(C)c1ccc(-n2c(C(=O)O)c(Oc3cccc(-c4cc(C(F)(F)F)c[nH]4)c3)c3ccc(Cl)nc32)cc1,7.022276394711152,95.0,0,0,0,0,0,0
CCCc1c(OCCOc2ccc3c(ccn3CC(=O)O)c2)ccc2c(C(F)(F)F)noc12,6.161150909262744,690.0,0,0,0,0,1,0
CCCc1c(OCCCOc2cccc3c2ccn3CC(=O)O)ccc2c(C(F)(F)F)noc12,5.621057301386562,2393.0,1,1,0,0,1,1
CCCc1c(OCCCOc2ccc3c(ccn3CC(=O)O)c2)ccc2c(C(F)(F)F)noc12,6.638272163982407,230.0,1,1,0,0,1,1
CCCc1c(OCCCOc2ccc3ccn(CC(=O)O)c3c2)ccc2c(C(F)(F)F)noc12,5.8696662315049934,1350.0,0,0,0,0,1,0
CCCc1c(OCCCCOc2cccc3c2ccn3CC(=O)O)ccc2c(C(F)(F)F)noc12,5.703115524461453,1981.0,0,0,0,0,1,0
CCCc1c(OCCCCOc2ccc3c(ccn3CC(=O)O)c2)ccc2c(C(F)(F)F)noc12,6.552841968657781,280.0,1,1,0,0,1,0
CCCc1c(OCCCCCOc2ccc3c(ccn3CC(=O)O)c2)ccc2c(C(F)(F)F)noc12,5.826813731587726,1490.0,0,0,0,0,1,0
CCCc1c(OCC(C)COc2cccc3c2ccn3CC(=O)O)ccc2c(C(F)(F)F)noc12,5.518557371497695,3030.0,0,0,0,0,1,0
CCCc1c(OCCCOc2cccc3c2ccn3CCC(=O)O)ccc2c(C(F)(F)F)noc12,5.6595558851598815,2190.0,0,0,0,0,1,0
CCCc1c(OCCCOc2ccc3c(ccn3CCC(=O)O)c2)ccc2c(C(F)(F)F)noc12,5.920818753952375,1200.0,0,0,0,0,1,0
CCCc1c(OCCCOc2ccc3c(ccn3C(CC)C(=O)O)c2)ccc2c(C(F)(F)F)noc12,5.229147988357856,5900.0,1,1,0,0,1,1
CCCc1c(OCCCOc2ccc3c(ccn3Cc3nn[nH]n3)c2)ccc2c(C(F)(F)F)noc12,6.046723663332696,898.0,0,0,0,0,1,0
CCCc1c(OCCCOc2cccc3c2ccn3CC(=O)O)ccc2c(-c3ccccc3)noc12,6.366531544420414,430.0,0,0,0,0,1,1
CCCc1c(OCCCOc2ccc3c(ccn3CC(=O)O)c2)ccc2c(-c3ccccc3)noc12,6.537602002101044,290.0,0,0,0,0,1,1
CCCc1c(OCCCOc2cccc3c2ccn3CC(=O)O)ccc2cc[nH]c12,5.742321425130816,1810.0,0,0,0,0,0,0
CCCc1c(OCCCOc2ccc3c(ccn3CC(=O)O)c2)ccc2c(C#N)c[nH]c12,5.037630664329979,9170.0,0,0,0,0,1,0
CCCc1c(OCCCOc2cccc3c2ccn3CC(=O)O)ccc2cc(-c3ccccc3)[nH]c12,5.549750891680639,2820.0,0,0,0,0,0,0
CCCc1c(OCCCOc2cccc3c2ccn3CC(=O)O)ccc2c(-c3ccccc3)coc12,5.381951903287908,4150.0,0,0,0,0,1,0
Cc1oc(-c2ccccc2)nc1CCOc1ccc2c(c1)CCC2C(C)C(=O)O,6.950781977329818,112.0,1,1,0,0,1,1
CC[C@H](C(=O)O)[C@@H]1CCc2cc(OCCc3nc(-c4ccc(F)cc4)oc3C)ccc21,7.337242168318426,46.0,0,0,0,0,1,0
CCC(C(=O)O)C1CCc2cc(OCCc3nc(-c4cc(C)on4)oc3C)ccc21,6.1180450286604,762.0,1,1,0,0,1,1
CCC(C(=O)O)C1CCc2cc(OCCc3nc(-c4cc5ccccc5s4)oc3C)ccc21,7.431798275933005,37.0,1,1,0,1,1,1
CCC(C(=O)O)C1CCc2cc(OCCc3nc(-c4ccc5c(c4)OCC5)oc3C)ccc21,8.221848749616356,6.0,1,1,0,1,1,1
CCC(C(=O)O)C1CCc2cc(OCCc3nc(-c4ccco4)oc3C)ccc21,6.402304814074488,396.0,1,1,0,1,1,1
CCC(C(=O)O)C1CCc2cc(OCCc3nc(-c4ccc5ccccc5c4)oc3C)ccc21,7.795880017344075,16.0,1,1,0,1,1,1
CCC(C(=O)O)C1CCc2cc(OCCc3nc(-c4cccc5ccccc45)oc3C)ccc21,6.94692155651658,113.0,0,0,0,0,1,1
CCC(C(=O)O)C1CCc2cc(OCCc3nc(-c4ccc(-c5ccccc5)cc4)oc3C)ccc21,7.366531544420414,43.0,0,0,0,0,1,1
CCC(C(=O)O)C1CCc2cc(OCCc3nc(-c4ccc(Cl)cc4Cl)oc3C)ccc21,6.131943638176958,738.0,1,1,0,0,1,1
CCC(C(=O)O)C1CCc2cc(OCCc3nc(-c4c(F)cccc4F)oc3C)ccc21,6.434152181326482,368.0,1,1,0,0,1,1
CCC(C(=O)O)C1CCc2cc(OCCc3nc(-c4ccc5c(c4)OCO5)oc3C)ccc21,7.853871964321762,14.0,1,1,0,1,1,1
CCC(C(=O)O)C1CCc2cc(OCCc3nc(-c4ccc(OC)c(OC)c4)oc3C)ccc21,7.075720713938118,84.0,1,1,0,0,1,1
CCC(C(=O)O)C1CCc2cc(OCCc3nc(-c4ccc(F)c(C)c4)oc3C)ccc21,7.113509274827518,77.0,1,1,0,0,1,1
CCC(C(=O)O)C1CCc2cc(OCCc3nc(-c4ccc(C)c(F)c4)oc3C)ccc21,7.366531544420414,43.0,1,1,0,0,1,1
CCC(C(=O)O)C1CCc2cc(OCCc3nc(-c4cc(C(F)(F)F)cc(C(F)(F)F)c4)oc3C)ccc21,6.607303046740334,247.0,1,1,0,1,1,0
CCC(C(=O)O)C1CCc2cc(OCCc3nc(-c4ccc(C)c(C)c4)oc3C)ccc21,7.494850021680094,32.0,1,1,0,0,1,1
CCC(C(=O)O)C1CCc2cc(OCCc3nc(-c4ccc(C(F)(F)F)cc4)oc3C)ccc21,6.688246138944246,205.0,1,1,0,1,1,1
CCC(C(=O)O)C1CCc2cc(OCCc3nc(-c4cccc(C(F)(F)F)c4)oc3C)ccc21,7.67778070526608,21.0,0,0,0,0,1,1
CCC(C(=O)O)C1CCc2cc(OCCc3nc(-c4ccc(Cl)cc4)oc3C)ccc21,6.686132779630847,206.0,1,1,0,0,1,1
CCC(C(=O)O)C1CCc2cc(OCCc3nc(-c4cccc(F)c4)oc3C)ccc21,7.214670164989233,61.0,1,1,0,0,1,1
CCC(C(=O)O)C1CCc2cc(OCCc3nc(-c4ccccc4F)oc3C)ccc21,7.309803919971486,49.0,1,1,0,0,1,1
CCC(C(=O)O)C1CCc2cc(OCCc3nc(-c4ccc(OC)cc4)oc3C)ccc21,7.376750709602099,42.0,1,1,0,0,1,1
CCC(C(=O)O)C1CCc2cc(OCCc3nc(-c4cccc(OC)c4)oc3C)ccc21,9.0,1.0,1,1,0,1,1,1
CCC(C(=O)O)C1CCc2cc(OCCc3nc(-c4ccc(C(C)(C)C)cc4)oc3C)ccc21,7.721246399047171,19.0,1,1,0,1,1,1
CCCCc1ccc(-c2nc(CCOc3ccc4c(c3)CCC4C(CC)C(=O)O)c(C)o2)cc1,7.795880017344075,16.0,0,0,0,0,1,1
CCC(C(=O)O)C1CCc2cc(OCCc3nc(-c4ccc(C(C)C)cc4)oc3C)ccc21,7.657577319177793,22.0,1,1,0,0,1,1
CCc1ccc(-c2nc(CCOc3ccc4c(c3)CCC4C(CC)C(=O)O)c(C)o2)cc1,7.397940008672037,40.0,0,0,0,0,1,1
CCC(C(=O)O)C1CCc2cc(OCCc3nc(-c4cccc(C)c4)oc3C)ccc21,7.468521082957745,34.0,1,1,0,0,1,1
CCC(C(=O)O)C1CCc2cc(OCCc3nc(-c4ccccc4C)oc3C)ccc21,6.815308569182402,153.0,1,1,0,0,1,1
CCC(C(=O)O)C1CCc2cc(OCCc3nc(C4CCCCC4)oc3C)ccc21,6.866461091629782,136.0,0,0,0,0,1,1
CCC(C(=O)O)C1CCc2cc(OCCc3nc(C4CCCC4)oc3C)ccc21,6.673664139071248,212.0,1,1,0,1,1,1
CCC(C(=O)O)C1CCc2cc(OCCc3nc(COc4ccc(Cl)cc4)oc3C)ccc21,6.982966660701219,104.0,0,0,0,0,1,1
CCC(C(=O)O)C1CCc2cc(OCCc3nc(COc4ccccc4)oc3C)ccc21,7.346787486224656,45.0,1,1,0,0,1,1
CCC(C(=O)O)C1CCc2cc(OCCc3nc(Cc4ccc(F)cc4)oc3C)ccc21,6.281498311132726,523.0,1,1,0,0,1,1
CCC(C(=O)O)C1CCc2cc(OCCc3nc(Cc4ccccc4)oc3C)ccc21,6.481486060122113,330.0,1,1,0,0,1,1
CCC(C(=O)O)C1CCc2cc(OCCc3nc(-c4ccccc4)oc3C)c(-c3ccc(OC)cc3)cc21,6.906578314837765,124.0,0,0,0,0,0,0
CCC(C(=O)O)C1CCc2cc(OCCc3nc(-c4ccccc4)oc3C)c(-c3ccc(Cl)cc3)cc21,6.774690718274137,168.0,0,0,0,0,0,0
CCC(C(=O)O)C1CCc2cc(OCCc3nc(-c4ccccc4)oc3C)c(-c3ccccc3)cc21,6.537602002101044,290.0,0,0,0,0,0,0
CCC(C(=O)O)C1CCc2cc(OCCc3nc(-c4ccccc4)oc3C)c(Cl)cc21,6.531652669587842,294.0,1,1,0,0,0,0
CCC(C(=O)O)C1CCc2cc(OCCc3nc(-c4ccccc4)oc3-c3ccccc3)ccc21,6.209714835966758,617.0,0,0,0,0,1,1
CCC(C(=O)O)C1CCc2cc(OCCc3nc(-c4ccccc4)oc3C(C)C)ccc21,6.459670525209126,347.0,1,1,0,0,1,0
CCc1oc(-c2ccccc2)nc1CCOc1ccc2c(c1)CCC2C(CC)C(=O)O,7.337242168318426,46.0,1,1,0,0,1,1
CCC(C(=O)O)C1CCc2cc(OCCc3coc(-c4ccccc4)n3)ccc21,6.51427857351842,306.0,0,0,0,0,1,0
CCC(C(=O)O)C1CCc2cc(OCc3nc(-c4ccccc4)oc3C)ccc21,6.199282921717615,632.0,1,1,0,0,1,0
CCC(C(=O)O)C1CCc2cc(OCCn3nc(-c4ccccc4)cc3C)ccc21,6.707743928643524,196.0,1,1,0,1,1,0
CCC(C(=O)O)C1CCc2cc(OCCc3nc(-c4ccccc4)sc3C)ccc21,7.070581074285707,85.0,1,1,0,0,1,0
CCOC(C(=O)O)C1CCc2cc(OCCc3nc(-c4ccccc4)oc3C)ccc21,7.920818753952375,12.0,1,1,0,0,1,1
CCOC(=O)C(C(=O)O)C1CCc2cc(OCCc3nc(-c4ccccc4)oc3C)ccc21,7.167491087293763,68.0,0,0,0,0,1,1
Cc1oc(-c2ccccc2)nc1CCOc1ccc2c(c1)CCC2C(C(=O)O)C(=O)O,5.730487055782084,1860.0,1,1,0,0,1,1
Cc1oc(-c2ccccc2)nc1CCOc1ccc2c(c1)CCC2C(C(=O)O)c1ccccc1,5.0195421077239,9560.0,1,1,0,1,1,1
Cc1oc(-c2ccccc2)nc1CCOc1ccc2c(c1)CCC2C(CCCc1ccccc1)C(=O)O,5.497572880015567,3180.0,0,0,0,0,1,1
CCCC(C(=O)O)C1CCc2cc(OCCc3nc(-c4ccccc4)oc3C)ccc21,7.2839966563652,52.0,1,1,0,0,1,1
Cc1oc(-c2ccccc2)nc1CCOc1ccc2c(c1)CCC2C(C(=O)O)C1CC1,6.795880017344075,160.0,1,1,0,1,1,1
Cc1oc(-c2ccccc2)nc1CCOc1ccc2c(c1)CCC2C(CC(F)(F)F)C(=O)O,6.752026733638194,177.0,0,0,0,0,1,1
Cc1oc(-c2ccccc2)nc1CCOc1ccc2c(c1)CCC2C(C)(C)C(=O)O,5.248720896016658,5640.0,1,1,0,0,1,1
CC[C@@H](Cc1ccc(OC)c(CNC(=O)c2ccc(C(F)(F)F)c(F)c2)c1)C(=O)O,5.309803919971486,4900.0,0,0,0,0,0,0
CC[C@@H](Cc1ccc(OC)c(CNC(=O)c2ccc(C(F)(F)F)cc2F)c1)C(=O)O,5.721246399047171,1900.0,0,0,0,0,0,0
CCC(Cc1ccc(OC)c(CNC(=O)c2ccc(C(F)(F)F)cc2)c1)C(=O)O,5.585026652029182,2600.0,0,0,0,0,1,1
CCC(Cc1ccc(OC)c(C(=O)NCc2ccc(C(F)(F)F)c(F)c2)c1)C(=O)O,5.795880017344075,1600.0,0,0,0,0,0,0
CCC(Cc1ccc(OC)c(C(=O)NCc2ccc(C(F)(F)F)cc2F)c1)C(=O)O,6.301029995663981,500.0,1,1,0,0,1,1
O=C(O)Cn1ccc2cc(OCCCOc3ccc(C(=O)c4ccc(F)cc4)cc3)ccc21,5.665546248849069,2160.0,0,0,0,0,0,0
CCCc1cc(C(=O)c2ccc(F)cc2)ccc1OCCCOc1ccc2c(ccn2CC(=O)O)c1,6.795880017344075,160.0,1,1,0,0,1,1
CCCc1cc(C(=O)c2ccc(F)cc2)ccc1OCCCOc1ccc2ccn(CC(=O)O)c2c1,5.3979400086720375,4000.0,1,1,0,0,1,1
O=C(O)Cn1ccc2cc(OCCCOc3ccc4cc(C(=O)c5ccccc5)ccc4c3)ccc21,5.787812395596042,1630.0,0,0,0,0,0,0
CCCc1c(OCCCOc2cccc3c2ccn3CC(=O)O)ccc2cc(C(=O)c3ccccc3)ccc12,5.638272163982407,2300.0,1,1,0,0,1,1
CCCc1c(OCCCOc2ccc3c(ccn3CC(=O)O)c2)ccc2cc(C(=O)c3ccccc3)ccc12,7.154901959985743,70.0,1,1,1,1,1,1
CCCc1c(OCCCOc2ccc3ccn(CC(=O)O)c3c2)ccc2cc(C(=O)c3ccccc3)ccc12,5.412289034981089,3870.0,1,1,1,1,1,1
CC(C)(Oc1ccc(OCCCCOc2ccc(Oc3ccc(F)cc3)cc2Cl)cc1)C(=O)O,5.114073660198569,7690.0,0,0,0,0,1,0
CCCc1cc(Oc2ccc(F)cc2)ccc1OCCCOc1ccc(OC(C)(C)C(=O)O)cc1,5.963770455913705,1087.0,0,0,0,0,1,1
O=S(=O)(Nc1cc(-c2cccs2)nn1-c1ccc(F)cc1)c1cc(C(F)(F)F)cc(C(F)(F)F)c1,9.10790539730952,0.78,0,0,0,0,1,0
O=S(=O)(Nc1cc(-c2cccs2)nn1-c1ccc(F)cc1)c1cccc(F)c1,5.756961951313706,1750.0,0,0,0,0,1,0
O=C(O)COc1ccc(OCc2cc(-c3ccccc3)cc(-c3ccccc3)c2)cc1,5.920818753952375,1200.0,0,0,0,0,0,0
Cc1cc(OCc2cc(-c3ccccc3)cc(-c3ccccc3)c2)ccc1OCC(=O)O,6.130768280269024,740.0,0,0,0,0,0,0
CC(C)(Oc1ccc(OCc2cc(-c3ccc(C(F)(F)F)cc3)cc(-c3ccc(C(F)(F)F)cc3)c2)cc1)C(=O)O,6.431798275933005,370.0,0,0,0,0,0,0
CCOC(=O)C1=C(c2ccccc2)c2ccc(OCCCc3ccccc3)cc2C1=O,7.301029995663981,50.0,0,0,0,0,0,0
CCOC(=O)C1=C(c2ccccc2)c2ccc(OCCc3ccccc3)cc2C1=O,6.6777807052660805,210.0,0,0,0,0,0,0
CCOC(=O)C1=C(c2ccccc2)c2ccc(OCc3ccccc3)cc2C1=O,6.657577319177793,220.0,0,0,0,0,0,0
CCOC(=O)CC1=C(c2ccccc2)c2ccc(OC)cc2C1=O,6.522878745280337,300.0,0,0,0,0,0,0
CCOC(=O)C1=C(C23CC4CC(CC(C4)C2)C3)c2ccc(OC)cc2C1=O,5.6020599913279625,2500.0,0,0,0,0,0,0
CCOC(=O)C1=C(c2ccoc2)c2ccc(OC)cc2C1=O,6.0,1000.0,0,0,0,0,0,0
CCOC(=O)C1=C(c2ccccc2)c2ccc(OC)cc2C1=O,6.522878745280337,300.0,0,0,0,0,0,0
CC(=O)SCCC(CCCCC(=O)N(C)CCOc1ccc(CC2SC(=O)NC2=O)cc1)SC(C)=O,7.4089353929735005,39.0,0,0,0,0,0,0
CN(CCOc1ccc(CC2SC(=O)NC2=O)cc1)C(=O)CCCCC(S)CCS,7.1249387366083,75.0,0,0,0,0,1,1
CN(CCCOc1ccc(CC(=O)O)cc1Cl)C(=O)CCCCC1CCSS1,4.910094888560602,12300.0,0,0,0,0,1,0
COC(=O)Cc1ccc(OCCCN(C)C(=O)CCCCC2CCSS2)c(Cl)c1,4.733063088840827,18490.0,0,0,0,0,1,0
CN(CCCCC1CCSS1)CCOc1ccc(CC2SC(=O)NC2=O)cc1,4.552841968657781,28000.0,0,0,0,0,1,1
O=C(CCCCC1CCSS1)NCCOc1ccc(CC2SC(=O)NC2=O)cc1,5.0,10000.0,0,0,0,0,1,1
CN(CCOc1ccc(CC2SC(=O)NC2=O)cc1)C(=O)CCCCC1CCSS1,7.823908740944319,15.0,0,0,0,0,1,1
Cc1onc(-c2ccc(CC(=O)O)cc2Cl)c1C(=O)NCCOc1ccc(C(F)(F)F)cc1[N+](=O)[O-],5.903089986991944,1250.0,0,0,0,0,0,0
O=C(O)Cc1ccc(-c2noc(C3CC3)c2C(=O)NCCOc2ccc(Cl)cc2Cl)c(Cl)c1,5.490797477668897,3230.0,0,0,0,0,0,0
CCOC(Cc1cccc2c1ccn2CCCc1nc(-c2ccccc2)oc1C)C(=O)O,7.045757490560675,90.0,1,1,0,1,0,0
CCOC(Cc1ccc2c(ccn2Cc2nc(-c3ccccc3F)oc2C)c1)C(=O)O,6.096910013008056,800.0,1,1,0,0,1,1
CCOC(Cc1ccc2c(ccn2Cc2nc(-c3ccccc3C)oc2C)c1)C(=O)O,6.00436480540245,990.0,1,1,0,0,1,1
CCOC(Cc1ccc2c(ccn2Cc2nc(-c3ccccc3Cl)oc2C)c1)C(=O)O,6.119186407719209,760.0,1,1,0,0,1,1
CCOC(Cc1ccc2c(ccn2Cc2nc(-c3ccccc3OC)oc2C)c1)C(=O)O,5.958607314841775,1100.0,0,0,0,0,1,1
CCOC(Cc1ccc2c(ccn2Cc2nc(-c3cccc(Cl)c3)oc2C)c1)C(=O)O,7.221848749616356,60.0,1,1,0,0,1,1
CCOC(Cc1ccc2c(ccn2Cc2nc(-c3ccc(F)cc3)oc2C)c1)C(=O)O,6.113509274827518,770.0,1,1,0,0,1,1
CCOC(Cc1ccc2c(ccn2Cc2nc(-c3ccc(C(F)(F)F)cc3)oc2C)c1)C(=O)O,6.327902142064283,470.0,0,0,0,0,1,1
CCOC(Cc1ccc2c(ccn2Cc2nc(-c3ccc(CC)cc3)oc2C)c1)C(=O)O,6.721246399047171,190.0,1,1,0,1,1,1
CCOC(Cc1ccc2c(ccn2Cc2nc(-c3ccc(C(C)C)cc3)oc2C)c1)C(=O)O,6.920818753952375,120.0,0,0,0,0,1,1
CCOC(Cc1ccc2c(ccn2Cc2nc(-c3ccc(C(C)(C)C)cc3)oc2C)c1)C(=O)O,6.7447274948966935,180.0,1,1,0,0,1,1
CCOC(Cc1ccc2c(ccn2Cc2nc(-c3cc(C)cc(C)c3)oc2C)c1)C(=O)O,7.397940008672037,40.0,0,0,0,0,1,1
CCOC(Cc1ccc2c(ccn2Cc2nc(-c3cc(Cl)cc(Cl)c3)oc2C)c1)C(=O)O,7.154901959985743,70.0,0,0,0,0,1,1
CCOC(Cc1ccc2c(ccn2Cc2nc(-c3cc(OC)cc(OC)c3)oc2C)c1)C(=O)O,8.0,10.0,1,1,0,1,1,1
CCOC(Cc1ccc2c(ccn2Cc2nc(-c3ccc(F)c(C)c3)oc2C)c1)C(=O)O,6.853871964321762,140.0,1,1,0,0,1,1
COC(Cc1ccc2c(ccn2Cc2nc(-c3ccccc3)oc2C)c1)C(=O)O,5.958607314841775,1100.0,1,1,0,0,0,0
CCCOC(Cc1ccc2c(ccn2Cc2nc(-c3ccc(C(F)(F)F)cc3)oc2C)c1)C(=O)O,5.698970004336019,2000.0,1,1,0,0,1,1
Cc1oc(-c2ccc(C(F)(F)F)cc2)nc1Cn1ccc2cc(CC(OC(C)C)C(=O)O)ccc21,6.795880017344075,160.0,0,0,0,0,1,1
CCOC(Cc1ccc2c(c1)c(C)cn2Cc1nc(-c2ccc(C(F)(F)F)cc2)oc1C)C(=O)O,7.221848749616356,60.0,0,0,0,0,0,0
CCOC(Cc1ccc2c(ccn2Cc2nc(-c3ccccc3)oc2C)c1)C(=O)O,6.552841968657781,280.0,0,0,0,0,1,1
CCCc1cc(C(F)(F)F)ncc1OCCCOc1ccc(OCC(=O)O)c(C)c1,5.800793520838342,1582.0,1,1,0,1,1,1
CCCc1cc(C(F)(F)F)ccc1OCCCOc1ccc(OCC(=O)O)c(C)c1,6.815308569182402,153.0,1,1,0,1,1,1
CCCc1cc(C(F)(F)F)ccc1OCCCOc1ccc(OCC(=O)OC)c(C)c1,5.899284913426919,1261.0,0,0,0,0,0,0
CCCc1cc(C(F)(F)F)ccc1OCCCOc1ccc(OCC(=O)OC)cc1,5.926281649653878,1185.0,0,0,0,0,0,0
CCCc1c(OCCCOc2ccc(OCC(=O)OC)cc2)cnc(C(C)=O)c1O,6.120904120499927,757.0,0,0,0,0,0,0
CCCc1c(OCCCOc2ccc(OCC(=O)OC)cc2)ccc(C(C)=O)c1O,6.540607512240769,288.0,0,0,0,0,0,0
CCc1ccc(OCCCOc2ccc(OC(C)(C)C(=O)O)cc2)c(C(=O)c2ccccc2)c1,6.950781977329818,112.0,1,1,0,0,1,0
CCc1cc(OCC[C@@H](C)Oc2ccc(Cl)cc2Oc2ccccc2)ccc1CCC(=O)O,6.991399828238082,102.0,0,0,0,0,0,0
C[C@H](CCOc1ccc(CCC(=O)O)c(F)c1)Oc1ccc(Cl)cc1Oc1ccccc1,6.39577394691553,402.0,0,0,0,0,0,0
C[C@H](CCOc1ccc(CCC(=O)O)c(C(F)(F)F)c1)Oc1ccc(Cl)cc1Oc1ccccc1,6.449771646944906,355.0,0,0,0,0,0,0
Cc1cc(OCC[C@@H](C)Oc2ccc(C(F)(F)F)cc2Oc2ccccc2)ccc1CCC(=O)O,8.397940008672037,4.0,1,1,0,0,1,1
Cc1cc(OCC[C@@H](C)Oc2ccc(OC(F)(F)F)cc2Oc2ccccc2)ccc1CCC(=O)O,8.301029995663981,5.0,1,1,0,0,1,1
Cc1cc(OCC[C@@H](C)Oc2ccc(Cl)cc2Oc2ccccc2)ccc1CCC(=O)O,7.2839966563652,52.0,0,0,0,0,1,1
CCc1ccc(O[C@H](C)CCOc2ccc(CCC(=O)O)c(C)c2)c(Oc2ccccc2)c1,8.096910013008056,8.0,1,1,0,1,1,1
CCc1ccc(OC(C)CCOc2ccc(CCC(=O)O)c(C)c2)c(Cc2ccccc2)c1,6.642065152999546,228.0,1,1,0,1,0,0
CCCC(CCOc1ccc(CCC(=O)O)c(C)c1)Oc1ccc(CC)cc1C(=O)c1ccccc1,6.014124642691606,968.0,0,0,0,0,1,1
CCc1ccc(OC(CC)CCOc2ccc(CCC(=O)O)c(C)c2)c(C(=O)c2ccccc2)c1,7.337242168318426,46.0,0,0,0,0,1,1
CCc1ccc(OC(C)CCOc2ccc(OC(C)(C)C(=O)O)cc2)c(C(=O)c2ccccc2)c1,8.221848749616356,6.0,1,1,0,0,0,0
CCCc1c(OCCCn2ccc3c(OCC(=O)O)cccc32)ccc2cc(C(=O)c3ccccc3)ccc12,5.374687549038326,4220.0,1,1,0,0,1,1
CCCc1c(OCCCn2ccc3ccc(OC(C)(C)C(=O)O)cc32)ccc2cc(C(=O)c3ccccc3)ccc12,6.327902142064283,470.0,0,0,0,0,0,0
CCCc1c(OCCCn2ccc3cc(OC(C)(C)C(=O)O)ccc32)ccc2cc(C(=O)c3ccccc3)ccc12,6.187086643357144,650.0,0,0,0,0,0,0
CCCc1c(OCCCn2ccc3c(OC(C)(C)C(=O)O)cccc32)ccc2cc(C(=O)c3ccccc3)ccc12,6.6777807052660805,210.0,1,1,0,0,1,1
CCCc1c(OCCCn2ccc3ccc(OCC(=O)O)cc32)ccc2cc(C(=O)c3ccccc3)ccc12,5.459670525209126,3470.0,0,0,0,0,1,0
CCCc1c(OCCCn2ccc3cc(OCC(=O)O)ccc32)ccc2cc(C(=O)c3ccccc3)ccc12,5.655607726314889,2210.0,0,0,0,0,1,0
O=C(O)Cc1ccc(COc2cccc(-c3c(Cc4ccccc4)cnc4c(C(F)(F)F)cccc34)c2)cc1,6.167491087293763,680.0,0,0,0,0,0,0
O=C(O)Cc1ccc(CNc2cccc(-c3c(Cc4ccccc4)cnc4c(C(F)(F)F)cccc34)c2)cc1,6.494850021680094,320.0,0,0,0,0,1,1
COC(Cc1ccc(OCCc2ccc(Oc3cccc(Cl)c3)cc2C)nc1)C(=O)O,7.301029995663981,50.0,0,0,0,0,0,0
Cc1oc(-c2ccc(C#N)cc2)nc1CCOc1ccc(CC2(C(=O)O)CCCO2)cn1,7.552841968657781,28.0,1,1,0,0,1,1
COc1cccc(-c2nc(CCOc3ccc(CC4(C(=O)O)CCCO4)cn3)c(C)o2)c1,8.698970004336019,2.0,1,1,0,0,1,1
COc1ccc(-c2nc(CCOc3ccc(CC4(C(=O)O)CCCO4)cn3)c(C)o2)cc1,8.301029995663981,5.0,1,1,0,1,1,0
Cc1oc(-c2ccc(C(F)(F)F)cc2)nc1CCOc1ccc(CC2(C(=O)O)CCCO2)cn1,8.221848749616356,6.0,0,0,0,0,1,0
Cc1oc(-c2cccc(Cl)c2)nc1CCOc1ccc(CC2(C(=O)O)CCCO2)cn1,9.0,1.0,1,1,0,1,1,1
Cc1oc(-c2ccc(Cl)cc2)nc1CCOc1ccc(CC2(C(=O)O)CCCO2)cn1,7.376750709602099,42.0,1,1,0,0,1,1
Cc1cccc(-c2nc(CCOc3ccc(CC4(C(=O)O)CCCO4)cn3)c(C)o2)c1,8.301029995663981,5.0,1,1,0,0,1,0
Cc1ccc(-c2nc(CCOc3ccc(CC4(C(=O)O)CCCO4)cn3)c(C)o2)cc1,7.657577319177793,22.0,1,1,0,0,1,1
Cc1oc(-c2ccccc2)nc1CCOc1ccc(CC2(C(=O)O)CCCCO2)cn1,6.679853713888946,209.0,1,1,0,1,1,1
Cc1oc(-c2ccccc2)nc1CCOc1ccc(CC2(C(=O)O)CCC2)cn1,6.903089986991944,125.0,1,1,0,1,1,1
Cc1oc(-c2ccccc2)nc1CCOc1ccc(CC2(C(=O)O)CC2)cn1,5.995678626217358,1010.0,1,1,0,1,1,1
CCOC(CC)(Cc1ccc(OCCc2nc(-c3ccccc3)oc2C)nc1)C(=O)O,5.55129368009492,2810.0,1,1,0,0,1,1
CCOC(Cc1ccc(OCCc2nc(-c3ccccc3)oc2C)nc1)C(=O)O,8.221848749616356,6.0,1,1,0,1,1,1
COC(Cc1ccc(OCCc2nc(-c3ccccc3)oc2C)nc1)C(=O)O,7.886056647693163,13.0,1,1,0,1,1,1
Cc1oc(-c2ccccc2)nc1CCOc1ccc(CC(C)(C)C(=O)O)cn1,6.007004901568658,984.0,1,1,0,1,1,1
Cc1oc(-c2ccccc2)nc1CCOc1ccc(CC(CC(C)C)C(=O)O)cn1,5.782516055786093,1650.0,0,0,0,0,1,1
Cc1oc(-c2ccccc2)nc1CCOc1ccc(CC(C(=O)O)C(C)C)cn1,5.892790030352131,1280.0,1,1,0,0,1,1
CCCC(Cc1ccc(OCCc2nc(-c3ccccc3)oc2C)nc1)C(=O)O,6.342944147142896,454.0,1,1,0,1,1,1
CCC(Cc1ccc(OCCc2nc(-c3ccccc3)oc2C)nc1)C(=O)O,7.187086643357144,65.0,1,1,0,1,1,1
Cc1oc(-c2ccccc2)nc1CCOc1ccc(CC(C)C(=O)O)cn1,6.571865205971212,268.0,1,1,0,1,1,1
COC(Cc1ccc(OCCc2nc(-c3ccccc3)oc2C)cn1)C(=O)O,6.552841968657781,280.0,1,1,0,1,1,1
Cc1oc(-c2ccccc2)nc1CCOc1ncc(CC2(C(=O)O)CCCO2)cn1,5.6020599913279625,2500.0,1,1,0,1,1,0
Cc1oc(-c2ccccc2)nc1CCOc1cnc(CC2(C(=O)O)CCCO2)cn1,6.806875401645538,156.0,1,1,0,1,1,0
Cc1cccc(-c2nc(CCOc3ccc(CC4(C(=O)O)CCCO4)nc3)c(C)o2)c1,7.920818753952375,12.0,1,1,0,1,1,1
COc1cccc(-c2nc(CCOc3ccc(CC4(C(=O)O)CCCO4)nc3)c(C)o2)c1,8.301029995663981,5.0,1,1,0,0,1,1
Cc1oc(-c2ccc(Cl)cc2)nc1CCOc1ccc(CC2(C(=O)O)CCCO2)nc1,6.886056647693163,130.0,1,1,0,0,1,1
COc1ccc(-c2nc(CCOc3ccc(CC4(C(=O)O)CCCO4)nc3)c(C)o2)cc1,6.978810700930062,105.0,1,1,0,1,1,1
CCOC(Cc1ccc(OCCCc2nc(-c3ccccc3)oc2C)cn1)C(=O)O,6.052076380168273,887.0,1,1,0,1,0,0
COC(C)(Cc1ccc(OCCc2nc(-c3ccccc3)oc2C)cn1)C(=O)O,6.474955192963154,335.0,0,0,0,0,1,0
CCOC(Cc1ccc(OCCc2nc(-c3ccccc3)oc2C)cn1)C(=O)O,6.889410289700751,129.0,1,1,0,1,1,0
Cc1oc(-c2ccc(-c3ccccc3)cc2)nc1CCOc1ccc(CCC(=O)O)c(CNC(=O)OC(C)C)c1,7.721246399047171,19.0,0,0,0,0,1,0
Cc1oc(-c2ccc(-c3ccccc3)cc2)nc1CCOc1ccc(CCC(=O)O)c2c1CCN(C(=O)OCC(C)(C)C)C2,8.045757490560675,9.0,0,0,0,0,0,0
Cc1oc(-c2ccccc2)nc1CCOc1ccc(CCC(=O)O)c2c1CCN(C(=O)OCC(C)C)C2,8.096910013008056,8.0,0,0,0,0,0,0
C#CCOC(=O)N1CCc2c(OCCc3nc(-c4ccccc4)oc3C)ccc(CCC(=O)O)c2C1,7.113509274827518,77.0,1,1,0,1,0,0
CCCOC(=O)N1CCc2c(OCCc3nc(-c4ccc(-c5ccccc5)cc4)oc3C)ccc(CCC(=O)O)c2C1,8.522878745280337,3.0,1,1,0,1,0,0
CCCOC(=O)N1CCc2c(OCCc3nc(-c4ccccc4)oc3C)ccc(CCC(=O)O)c2C1,7.920818753952375,12.0,0,0,0,0,0,0
Cc1oc(-c2ccccc2)nc1CCOc1ccc(CCC(=O)O)c(CNC(=O)OCc2ccccc2)c1,6.939302159646388,115.0,1,1,0,1,1,1
Cc1sc(N2CCOCC2)nc1CCOc1ccc(CCC(=O)O)c(CNC(=O)OC(C)C)c1,7.552841968657781,28.0,0,0,0,0,1,0
Cc1oc(-c2ccc(-c3ccccc3)cc2)nc1CCOc1ccc(CCC(=O)O)c(CNC(=O)Oc2cnccn2)c1,8.698970004336019,2.0,0,0,0,0,0,0
Cc1oc(-c2ccccc2)nc1CCOc1ccc(CCC(=O)O)c(CNC(=O)Oc2cnccn2)c1,8.154901959985743,7.0,1,1,0,0,1,1
Cc1oc(-c2ccc(-c3ncccn3)cc2)nc1CCOc1ccc(CCC(=O)O)c(CNC(=O)OC(C)C)c1,8.397940008672037,4.0,0,0,0,0,0,0
Cc1oc(-c2ccc(Oc3ccccc3)cc2)nc1CCOc1ccc(CCC(=O)O)c(CNC(=O)OC(C)C)c1,8.698970004336019,2.0,0,0,0,0,1,0
Cc1oc(-c2ccccc2)nc1CCOc1ccc(CCC(=O)O)c(CNC(=O)OC(C)C)c1,8.096910013008056,8.0,0,0,0,0,1,1
Cc1oc(-c2ccccc2)nc1CCOc1ccc(CCC(=O)O)c(CNS(=O)(=O)Cc2ccccc2)c1,6.278189384787454,527.0,0,0,0,0,1,1
Cc1oc(-c2ccccc2)nc1CCOc1ccc(CCC(=O)O)c(CNC(=O)CCc2ccccc2)c1,5.991825815993574,1019.0,1,1,0,0,1,1
Cc1oc(-c2ccccc2)nc1CCOc1ccc(CCC(=O)O)c(CNC(=O)NCc2ccccc2)c1,5.571217488503046,2684.0,1,1,0,1,1,1
Cc1nc(-c2ccc(C(F)(F)F)cc2)sc1CCc1ccc(OC(C)(C)C(=O)O)cc1,5.728158393463501,1870.0,1,1,0,0,1,0
Cc1cc(CCc2sc(-c3ccc(C(F)(F)F)cc3)nc2C)ccc1OCC(=O)O,5.0,10000.0,1,1,0,0,1,0
CC(C)(Oc1ccc(CNC(=O)c2sc(-c3ccc(C(F)(F)F)cc3)nc2C(F)(F)F)cc1)C(=O)O,6.136677139879544,730.0,0,0,0,0,1,1
Cc1cccc2c(-c3cccc(NCc4ccc(CC(=O)O)cc4)c3)c(Cc3ccccc3)cnc12,5.987162775294828,1030.0,0,0,0,0,0,0
O=C(O)Cc1ccc(CNc2cccc(-c3c(Cc4ccccc4)cnc4c(Cl)cccc34)c2)cc1,6.295849483160201,506.0,0,0,0,0,0,0
CCCCOc1ccc(CC(CCC)C(=O)O)cc1CNC(=O)c1ccc(C(F)(F)F)cc1F,6.0,1000.0,0,0,0,0,0,0
CCCCC(Cc1ccc(OC)c(CNC(=O)c2ccc(C(F)(F)F)cc2F)c1)C(=O)O,6.0,1000.0,0,0,0,0,0,0
CCCC(Cc1ccc(OC)c(CNC(=O)c2ccc(C(F)(F)F)cc2F)c1)C(=O)O,5.823908740944319,1500.0,0,0,0,0,1,0
CCCCC(Cc1ccc(OC)c(CNC(=O)c2ccc(C(F)(F)F)cc2)c1)C(=O)O,5.619788758288394,2400.0,0,0,0,0,0,0
CCCC(Cc1ccc(OC)c(CNC(=O)c2ccc(C(F)(F)F)cc2)c1)C(=O)O,5.443697499232712,3600.0,0,0,0,0,1,1
CCCOc1ccc(CC(CC)C(=O)O)cc1CNC(=O)c1ccc(C(F)(F)F)cc1F,6.187086643357144,650.0,0,0,0,0,0,0
CCC(Cc1ccc(OCc2ccccc2)c(CNC(=O)c2ccc(C(F)(F)F)cc2)c1)C(=O)O,5.207608310501746,6200.0,0,0,0,0,0,0
CCCCCCOc1ccc(CC(CC)C(=O)O)cc1CNC(=O)c1ccc(C(F)(F)F)cc1,5.638272163982407,2300.0,0,0,0,0,0,0
CCCCOc1ccc(CC(CC)C(=O)O)cc1CNC(=O)c1ccc(C(F)(F)F)cc1,5.886056647693163,1300.0,0,0,0,0,0,0
CCCOc1ccc(CC(CC)C(=O)O)cc1CNC(=O)c1ccc(C(F)(F)F)cc1,5.886056647693163,1300.0,0,0,0,0,0,0
CCOc1ccc(CC(CC)C(=O)O)cc1CNC(=O)c1ccc(C(F)(F)F)cc1,5.7447274948966935,1800.0,0,0,0,0,1,1
CO/N=C(\C)C(Cc1ccc(OCCc2nc(-c3ccccc3)oc2C)cc1)C(=O)O,8.67778070526608,2.1,1,1,0,0,1,1
CCCO/N=C(\C)C(Cc1ccc(OCCc2nc(C(C)C)oc2C)cc1)C(=O)O,8.2839966563652,5.2,0,0,0,0,0,0
CCO/N=C(\C)C(Cc1ccc(OCCc2nc(C(C)C)oc2C)cc1)C(=O)O,7.698970004336019,20.0,0,0,0,0,1,1
CCCO/N=C(\C)C(Cc1ccc(OCc2nc(C(C)C)oc2C)cc1)C(=O)O,8.301029995663981,5.0,0,0,0,0,0,0
CCO/N=C(\C)C(Cc1ccc(OCc2nc(C(C)C)oc2C)cc1)C(=O)O,7.318758762624412,48.0,0,0,0,0,1,1
C/C(=N\OCCF)C(Cc1ccc(OCCc2nc(-c3ccc(F)cc3)oc2C)cc1)C(=O)O,8.537602002101044,2.9,0,0,0,0,1,0
CCCO/N=C(\C)C(Cc1ccc(OCCc2nc(-c3ccc(F)cc3)oc2C)cc1)C(=O)O,8.67778070526608,2.1,1,1,1,1,1,0
CCO/N=C(\C)C(Cc1ccc(OCCc2nc(-c3ccc(F)cc3)oc2C)cc1)C(=O)O,8.522878745280337,3.0,1,1,0,0,1,0
C/C(=N\OCCF)C(Cc1ccc(OCc2nc(-c3ccc(F)cc3)oc2C)cc1)C(=O)O,8.113509274827518,7.7,0,0,0,0,0,0
CCCO/N=C(\C)C(Cc1ccc(OCc2nc(-c3ccc(F)cc3)oc2C)cc1)C(=O)O,7.552841968657781,28.0,1,1,1,1,1,1
CCO/N=C(\C)C(Cc1ccc(OCc2nc(-c3ccc(F)cc3)oc2C)cc1)C(=O)O,8.167491087293763,6.8,1,1,0,0,0,0
CCCO/N=C(\C)C(Cc1ccc(OCc2nc(-c3ccccc3)oc2C)cc1)C(=O)O,7.886056647693163,13.0,1,1,0,0,1,1
CCO/N=C(\C)C(Cc1ccc(OCc2nc(-c3ccccc3)oc2C)cc1)C(=O)O,8.397940008672037,4.0,1,1,0,0,1,1
CCO/N=C(\CC)C(Cc1ccc(OCCc2nc(-c3ccccc3)oc2C)cc1)C(=O)O,10.0,0.1,1,1,0,0,1,1
CC/C(=N\OC)C(Cc1ccc(OCCc2nc(-c3ccccc3)oc2C)cc1)C(=O)O,9.508638306165729,0.31,0,0,0,0,1,1
C/C(=N\OCC1CC1)C(Cc1ccc(OCCc2nc(-c3ccccc3)oc2C)cc1)C(=O)O,9.443697499232712,0.36,0,0,0,0,1,1
CCCCO/N=C(\C)C(Cc1ccc(OCCc2nc(-c3ccccc3)oc2C)cc1)C(=O)O,9.721246399047171,0.19,1,1,0,0,1,1
C/C(=N\OCC(C)C)C(Cc1ccc(OCCc2nc(-c3ccccc3)oc2C)cc1)C(=O)O,9.522878745280336,0.3,0,0,0,0,1,1
CCCO/N=C(\C)C(Cc1ccc(OCCc2nc(-c3ccccc3)oc2C)cc1)C(=O)O,9.259637310505756,0.55,1,1,0,0,1,1
CCO/N=C(\C)C(Cc1ccc(OCCc2nc(-c3ccccc3)oc2C)cc1)C(=O)O,9.0,1.0,1,1,0,0,1,1
CC(=O)NC[C@H](Cc1ccc(OCCc2nc(-c3ccccc3)oc2C)cc1)Nc1ccccc1C(=O)c1ccccc1,6.0,1000.0,0,0,0,0,1,1
CCCC(=O)NC[C@H](Cc1ccc(OCCc2nc(-c3ccccc3)oc2C)cc1)Nc1ccccc1C(=O)c1ccccc1,6.199998172182031,630.96,0,0,0,0,1,1
Cc1oc(-c2ccccc2)nc1CCOc1ccc(C[C@@H](CNC(=O)C2CC2)Nc2ccccc2C(=O)c2ccccc2)cc1,6.199998172182031,630.96,0,0,0,0,1,1
Cc1cc(SCc2nc(-c3ccc(C(F)(F)F)cc3)ns2)ccc1OC(C)(C)C(=O)O,6.39040559077478,407.0,0,0,0,0,0,0
CCO[C@@H](Cc1ccc(OCC(OC(=S)NCc2ccccc2)c2ccccc2)cc1)C(=O)O,5.144480844332199,7170.0,0,0,0,0,0,0
CCO[C@@H](Cc1ccc(CCCOC(=S)NCc2ccccc2)cc1)C(=O)O,5.853871964321762,1400.0,0,0,0,0,1,0
CCO[C@@H](Cc1ccc(CCC(OC(=O)NCc2ccccc2)c2ccccc2)cc1)C(=O)O,5.847711655616943,1420.0,0,0,0,0,0,0
CCO[C@@H](Cc1ccc(CCC(O)c2ccccc2)cc1)C(=O)O,6.522878745280337,300.0,0,0,0,0,1,1
CCO[C@@H](Cc1ccc(CCC(OC(=S)NCC2CCCCC2)c2ccccc2)cc1)C(=O)O,5.97469413473523,1060.0,0,0,0,0,0,0
CCCCNC(=S)OC(CCc1ccc(C[C@H](OCC)C(=O)O)cc1)c1ccccc1,5.443697499232712,3600.0,0,0,0,0,1,1
CCCNC(=S)OC(CCc1ccc(C[C@H](OCC)C(=O)O)cc1)c1ccccc1,5.458420756053419,3480.0,0,0,0,0,1,1
CCNC(=S)OC(CCc1ccc(C[C@H](OCC)C(=O)O)cc1)c1ccccc1,5.268411234813262,5390.0,0,0,0,0,1,1
CCO[C@@H](Cc1ccc(CCC(OC(=S)Nc2ccccc2)c2ccccc2)cc1)C(=O)O,5.33913452199613,4580.0,0,0,0,0,1,1
Cc1cc(OC/C=C\C(C#Cc2ccccc2)c2cnc3ccccc3c2)ccc1OCC(=O)O,5.180456064458132,6600.0,0,0,0,0,0,0
Cc1cc(Oc2cccc(CNC(=O)c3ccc(C(F)(F)F)cc3)c2)ccc1OC(C)(C)C(=O)O,7.376750709602099,42.0,0,0,0,0,1,0
CCc1cc(Oc2cc(F)cc([C@@H](C)NC(=O)c3sc4ccc(Cl)cc4c3C)c2)ccc1CCC(=O)O,6.787812395596042,163.0,0,0,0,0,0,0
CCc1cc(Oc2cc(F)cc([C@@H](C)NC(=O)c3c(C)c4cc(Cl)ccc4n3C)c2)ccc1CCC(=O)O,6.935542010773082,116.0,0,0,0,0,0,0
Cc1cc(Oc2cccc(CNC(=O)c3c(C)c4cc(Cl)ccc4n3C)c2)ccc1CCC(=O)O,7.356547323513812,44.0,0,0,0,0,1,1
Cc1cc(Oc2cccc(CNC(=O)c3[nH]c4ccc(Cl)cc4c3C)c2)ccc1CCC(=O)O,7.619788758288394,24.0,0,0,0,0,1,1
Cc1cc(Oc2cccc(CNC(=O)c3cc4cc(Cl)ccc4n3C)c2)ccc1CCC(=O)O,6.8696662315049934,135.0,0,0,0,0,0,0
Cc1cc(Oc2cccc(CNC(=O)c3cc4cc(Cl)c(Cl)cc4[nH]3)c2)ccc1CCC(=O)O,6.623423042943488,238.0,0,0,0,0,0,0
Cc1cc(Oc2cccc(CNC(=O)c3cc4cccc(Br)c4[nH]3)c2)ccc1CCC(=O)O,6.801342913045577,158.0,0,0,0,0,0,0
Cc1cc(Oc2cccc(CNC(=O)c3cc4cc(Br)ccc4[nH]3)c2)ccc1CCC(=O)O,7.494850021680094,32.0,1,1,0,1,1,1
Cc1cc(Oc2cccc(CNC(=O)c3cc4ccc(Cl)cc4[nH]3)c2)ccc1CCC(=O)O,6.458420756053419,348.0,1,1,0,1,1,1
Cc1cc(Oc2cccc(CNC(=O)c3cc4cc(Cl)ccc4[nH]3)c2)ccc1CCC(=O)O,7.602059991327962,25.0,1,1,0,1,1,1
Cc1cc(Oc2cccc(CNC(=O)c3cc4c(Cl)cccc4[nH]3)c2)ccc1CCC(=O)O,5.963371104637839,1088.0,1,1,0,0,1,1
Cc1cc(Oc2cccc(CNC(=O)c3ccc(C(F)(F)F)cc3C)c2)ccc1CCC(=O)O,6.462180904926726,345.0,1,1,0,0,1,1
Cc1cc(Oc2ccc(F)c(CNC(=O)c3ccc(C(F)(F)F)cc3F)c2)ccc1OC(C)(C)C(=O)O,7.552841968657781,28.0,0,0,0,0,0,0
Cc1cc(Oc2cc(F)cc(CNC(=O)c3ccc(C(F)(F)F)cc3F)c2)ccc1OC(C)(C)C(=O)O,7.657577319177793,22.0,0,0,0,0,0,0
Cc1ccc(Oc2ccc(OC(C)(C)C(=O)O)c(C)c2)cc1CNC(=O)c1ccc(C(F)(F)F)cc1F,7.366531544420414,43.0,0,0,0,0,0,0
Cc1cc(CNC(=O)c2ccc(C(F)(F)F)cc2F)cc(Oc2ccc(OC(C)(C)C(=O)O)c(C)c2)c1,7.431798275933005,37.0,0,0,0,0,0,0
Cc1ccc(CNC(=O)c2ccc(C(F)(F)F)cc2F)cc1Oc1ccc(OC(C)(C)C(=O)O)c(C)c1,7.619788758288394,24.0,0,0,0,0,0,0
Cc1cc(Oc2cccc(CNC(=O)c3ccccc3C)c2)ccc1OC(C)(C)C(=O)O,6.903089986991944,125.0,0,0,0,0,1,1
COc1ccc(C(=O)NCc2cccc(Oc3ccc(OC(C)(C)C(=O)O)c(C)c3)c2)c(C)c1,7.585026652029182,26.0,0,0,0,0,1,0
Cc1cc(Oc2cccc(CNC(=O)c3ccc(OC(F)(F)F)cc3C)c2)ccc1OC(C)(C)C(=O)O,8.0,10.0,0,0,0,0,1,1
Cc1cc(Oc2cccc(CNC(=O)c3ccc(Cl)cc3C)c2)ccc1OC(C)(C)C(=O)O,7.552841968657781,28.0,0,0,0,0,1,0
Cc1ccc(C(=O)NCc2cccc(Oc3ccc(OC(C)(C)C(=O)O)c(C)c3)c2)c(C)c1,7.602059991327962,25.0,0,0,0,0,1,0
COc1cc(C(F)(F)F)ccc1C(=O)NCc1cccc(Oc2ccc(OC(C)(C)C(=O)O)c(C)c2)c1,7.795880017344075,16.0,0,0,0,0,1,1
Cc1cc(Oc2cccc(CNC(=O)c3ccc(C(F)(F)F)cc3Oc3ccccc3)c2)ccc1OC(C)(C)C(=O)O,6.319664486585437,479.0,0,0,0,0,1,1
Cc1cc(Oc2cccc(CNC(=O)c3ccc(C(F)(F)F)cc3C(F)(F)F)c2)ccc1OC(C)(C)C(=O)O,5.975514332300833,1058.0,1,1,1,1,1,1
Cc1cc(Oc2cccc(CNC(=O)c3ccc(C(F)(F)F)cc3Br)c2)ccc1OC(C)(C)C(=O)O,7.366531544420414,43.0,0,0,0,0,1,1
Cc1cc(Oc2cccc(CNC(=O)c3ccc(C(F)(F)F)cc3F)c2)ccc1OC(C)(C)C(=O)O,7.619788758288394,24.0,0,0,0,0,1,1
Cc1cc(Oc2cccc(CNC(=O)c3ccc(C(F)(F)F)cc3Cl)c2)ccc1OC(C)(C)C(=O)O,7.309803919971486,49.0,0,0,0,0,1,1
CCc1cc(C(F)(F)F)ccc1C(=O)NCc1cccc(Oc2ccc(OC(C)(C)C(=O)O)c(C)c2)c1,7.244125144327507,57.0,0,0,0,0,1,1
Cc1cc(Oc2cccc(CNC(=O)c3ccc(C(F)(F)F)cc3C)c2)ccc1OC(C)(C)C(=O)O,7.619788758288394,24.0,1,1,1,1,1,1
CCc1cc(OCC[C@@H](C)Oc2ccc(C(F)(F)F)cc2-c2ccccn2)ccc1CCC(=O)O,6.954677021213342,111.0,1,1,0,0,0,0
CCc1ccc(O[C@H](C)CCOc2ccc(CCC(=O)O)c(CC)c2)c(-c2ccccn2)c1,6.777283528852417,167.0,1,1,0,0,0,0
Cc1cc(OCC[C@@H](C)Oc2ccc(C(F)(F)F)cc2-c2ccccn2)ccc1CCC(=O)O,7.173925197299173,67.0,1,1,0,0,1,1
Cc1cc(OCC[C@@H](C)Oc2ccc(Cl)cc2-c2ccccn2)ccc1CCC(=O)O,6.517126416391246,304.0,0,0,0,0,1,0
CCc1ccc(O[C@H](C)CCOc2ccc(CCC(=O)O)c(C)c2)c(-c2ncco2)c1,6.157390760389438,696.0,1,1,0,0,1,1
CCc1ccc(O[C@H](C)CCOc2ccc(CCC(=O)O)c(C)c2)c(-c2cocn2)c1,5.703334809738469,1980.0,1,1,0,1,1,1
CCc1ccc(O[C@H](C)CCOc2ccc(CCC(=O)O)c(C)c2)c(-c2nccs2)c1,5.6439741428068775,2270.0,1,1,0,1,1,1
CCc1ccc(O[C@H](C)CCOc2ccc(CCC(=O)O)c(C)c2)c(-c2cscn2)c1,6.07727454200674,837.0,1,1,0,0,1,1
CCc1ccc(O[C@H](C)CCOc2ccc(CCC(=O)O)c(C)c2)c(-c2ccncc2)c1,6.239577516576788,576.0,1,1,0,0,1,1
CCc1ccc(O[C@H](C)CCOc2ccc(CCC(=O)O)c(C)c2)c(-c2cccnc2)c1,6.853871964321762,140.0,1,1,0,1,1,1
CCc1ccc(O[C@H](C)CCOc2ccc(CCC(=O)O)c(C)c2)c(-c2ccccn2)c1,6.739928612014925,182.0,1,1,0,1,1,1
CCc1ccc(O[C@H](C)CCOc2ccc(CCC(=O)O)c(C)c2)c(-c2ccco2)c1,5.638272163982407,2300.0,1,1,0,1,1,1
CCc1ccc(O[C@H](C)CCOc2ccc(CCC(=O)O)c(C)c2)c(-c2cccs2)c1,5.701146923590294,1990.0,1,1,0,1,1,1
CCc1ccc(O[C@H](C)CCOc2ccc(CCC(=O)O)c(C)c2)c(-c2ccsc2)c1,5.777283528852417,1670.0,1,1,0,1,1,1
CCc1ccc(O[C@H](C)CCOc2ccc(CCC(=O)O)c(C)c2)c(-c2ccccc2)c1,6.077793722560983,836.0,1,1,0,0,1,1
Cc1oc(-c2ccccc2)nc1CCOc1cccc(CN(CC(=O)O)Cc2ccccc2)c1,6.530177984021837,295.0,0,0,0,0,1,1
Cc1oc(-c2ccccc2)nc1CCOc1ccc(CN(CC(=O)O)Cc2ccc(-c3ccccc3Cl)o2)cc1,6.573488738635425,267.0,0,0,0,0,1,0
Cc1oc(-c2ccccc2)nc1CCOc1ccc(CN(CC(=O)O)Cc2ccccn2)cc1,6.638272163982407,230.0,1,1,0,0,1,1
Cc1oc(-c2ccccc2)nc1CCOc1ccc(CN(CC(=O)O)Cc2ccc3ccccc3c2)cc1,5.91721462968355,1210.0,1,1,0,0,1,1
Cc1oc(-c2ccccc2)nc1CCOc1ccc(CN(CC(=O)O)Cc2cccc3ccccc23)cc1,6.075720713938118,840.0,1,1,0,0,1,1
Cc1oc(-c2ccccc2)nc1CCOc1ccc(CN(CC(=O)O)Cc2ccc(OCc3ccccc3)cc2)cc1,6.655607726314889,221.0,0,0,0,0,1,0
Cc1oc(-c2ccccc2)nc1CCOc1ccc(CN(CC(=O)O)Cc2ccc(Oc3ccccc3)cc2)cc1,7.2839966563652,52.0,1,1,0,0,1,1
Cc1oc(-c2ccccc2)nc1CCOc1ccc(CN(CC(=O)O)Cc2cccc(Oc3ccccc3)c2)cc1,6.407823242604133,391.0,1,1,0,0,1,0
Cc1oc(-c2ccccc2)nc1CCOc1ccc(CN(CC(=O)O)Cc2ccc3c(c2)OCO3)cc1,6.512861624522813,307.0,0,0,0,0,1,0
Cc1oc(-c2ccccc2)nc1CCOc1ccc(CN(CCOCc2ccccc2)CC(=O)O)cc1,5.928117992693875,1180.0,1,1,0,0,1,1
CCC(CC)CN(CC(=O)O)Cc1ccc(OCCc2nc(-c3ccccc3)oc2C)cc1,5.7447274948966935,1800.0,1,1,0,0,1,1
CCCCCCCN(CC(=O)O)Cc1ccc(OCCc2nc(-c3ccccc3)oc2C)cc1,6.866461091629782,136.0,1,1,0,0,1,1
Cc1oc(-c2ccccc2)nc1CCOc1cccc(CN(CC(=O)O)Cc2cc3ccccc3[nH]2)c1,6.11975822410452,759.0,0,0,0,0,1,1
Cc1oc(-c2ccccc2)nc1CCOc1cccc(CN(CC(=O)O)Cc2ccc3ccccc3c2)c1,5.856985199745905,1390.0,1,1,0,0,1,1
Cc1oc(-c2ccccc2)nc1CCOc1cccc(CN(CC(=O)O)Cc2cccc3ccccc23)c1,7.443697499232712,36.0,1,1,0,0,1,1
Cc1oc(-c2ccccc2)nc1CCOc1cccc(CN(CC(=O)O)Cc2ccc(OCc3ccccc3)cc2)c1,6.3851027839668655,412.0,0,0,0,0,1,0
Cc1oc(-c2ccccc2)nc1CCOc1cccc(CN(CC(=O)O)Cc2cccc(Oc3ccccc3)c2)c1,6.444905551421681,359.0,0,0,0,0,1,0
Cc1oc(-c2ccccc2)nc1CCOc1cccc(CN(CC(=O)O)Cc2ccc(Oc3ccccc3)cc2)c1,7.173925197299173,67.0,1,1,0,0,1,1
Cc1oc(-c2ccccc2)nc1CCOc1cccc(CN(CCCc2ccccc2)CC(=O)O)c1,6.045275209020937,901.0,0,0,0,0,1,1
Cc1oc(-c2ccccc2)nc1CCOc1cccc(CN(CCc2ccccc2)CC(=O)O)c1,6.966576244513051,108.0,1,1,0,0,1,1
CCO[C@@H](Cc1ccc(OC/C=C/c2cc(-c3ccc(C(C)(C)C)cc3)cc(-c3ccc(C(C)(C)C)cc3)c2)cc1)C(=O)O,6.0,1000.0,0,0,0,0,0,0
CCO[C@@H](Cc1ccc(OC/C=C/c2cc(CCc3ccccc3)cc(CCc3ccccc3)c2)cc1)C(=O)O,5.292429823902063,5100.0,1,1,0,0,0,0
CCO[C@@H](Cc1ccc(OC/C=C/c2cc(/C=C/c3ccccc3)cc(/C=C/c3ccccc3)c2)cc1)C(=O)O,5.522878745280337,3000.0,0,0,0,0,0,0
CCO[C@@H](Cc1ccc(OC/C=C/c2cc(C#Cc3ccccc3)cc(C#Cc3ccccc3)c2)cc1)C(=O)O,5.508638306165727,3100.0,1,1,0,0,0,0
CCO[C@@H](Cc1ccc(OC/C=C/c2cc(OC(=O)c3ccccc3)cc(OC(=O)c3ccccc3)c2)cc1)C(=O)O,6.721246399047171,190.0,0,0,0,0,0,0
CCO[C@@H](Cc1ccc(OC/C=C/c2cc(-c3ccccc3)cc(-c3ccccc3)c2)cc1)C(=O)O,6.698970004336019,200.0,1,1,0,0,1,0
CCO[C@@H](Cc1ccc(OC/C=C/c2cc(OC(C)C)cc(OC(C)C)c2)cc1)C(=O)O,7.096910013008056,80.0,0,0,0,0,1,0
CCO[C@@H](Cc1ccc(OC/C=C/c2cc(OCC(F)(F)F)cc(OCC(F)(F)F)c2)cc1)C(=O)O,6.096910013008056,800.0,0,0,0,0,0,0
CCOc1cc(/C=C/COc2ccc(C[C@H](OCC)C(=O)O)cc2)cc(OCC)c1,6.698970004336019,200.0,0,0,0,0,1,1
CCO[C@@H](Cc1ccc(OC/C=C/c2cc(OC)cc(OC)c2)cc1)C(=O)O,5.920818753952375,1200.0,0,0,0,0,1,1
CCO[C@@H](Cc1ccc(OC/C=C/c2cc(C(F)(F)F)cc(C(F)(F)F)c2)cc1)C(=O)O,6.3979400086720375,400.0,0,0,0,0,1,0
CCO[C@@H](Cc1ccc(OC/C=C/c2cc(Br)cc(Br)c2)cc1)C(=O)O,5.3872161432802645,4100.0,0,0,0,0,1,1
CCO[C@@H](Cc1ccc(OC/C=C/c2ccccc2)cc1)C(=O)O,5.096910013008056,8000.0,0,0,0,0,1,1
CCO[C@@H](Cc1ccc(OC/C=C/c2cc(OC3CCCC3)cc(OC3CCCC3)c2)cc1)C(=O)O,6.522878745280337,300.0,0,0,0,0,1,0
CC(C)(C)c1ccc(CN(CCOc2ccc(CCC(=O)O)cc2)c2nc3ccccc3s2)cc1,5.197910742118268,6340.0,0,0,0,0,0,0
O=C(O)CCc1ccc(OCCN(Cc2ccc(C(F)(F)F)cc2)c2nc3ccccc3s2)cc1,5.432973633840939,3690.0,0,0,0,0,0,0
CC(C)(Oc1cccc(CN(CCOc2ccccc2)c2nc3ccccc3o2)c1)C(=O)O,5.6777807052660805,2100.0,1,1,0,0,1,0
CC[C@H](Oc1cccc(CN(CCCOc2ccc(OC)cc2)c2nc3ccccc3o2)c1)C(=O)O,5.882728704344236,1310.0,0,0,0,0,0,0
CCC(Oc1cccc(CN(CCCOc2ccc(O)cc2)c2nc3ccccc3o2)c1)C(=O)O,5.853871964321762,1400.0,1,1,0,0,1,1
CCC(Oc1cccc(CN(CCCOc2ccc(F)c(F)c2)c2nc3ccccc3o2)c1)C(=O)O,5.7447274948966935,1800.0,1,1,0,0,1,1
CCC(Oc1cccc(CN(CCCOc2ccc(F)cc2F)c2nc3ccccc3o2)c1)C(=O)O,5.6777807052660805,2100.0,1,1,0,1,1,1
CCC(Oc1cccc(CN(CCCOc2ccc(C)c(C)c2)c2nc3ccccc3o2)c1)C(=O)O,6.1249387366083,750.0,0,0,0,0,0,0
CCC(Oc1cccc(CN(CCCOc2ccc(C)cc2C)c2nc3ccccc3o2)c1)C(=O)O,6.886056647693163,130.0,1,1,0,1,1,1
CCC(Oc1cccc(CN(CCCOc2ccc(C)cc2)c2nc3ccccc3o2)c1)C(=O)O,6.6777807052660805,210.0,1,1,0,0,0,0
CCC(Oc1cccc(CN(CCCOc2ccc3c(c2)OCO3)c2nc3ccccc3o2)c1)C(=O)O,5.7447274948966935,1800.0,0,0,0,0,1,1
CCC(Oc1cccc(CN(CCCOc2ccccc2)c2nc3c(O)cccc3o2)c1)C(=O)O,5.698970004336019,2000.0,0,0,0,0,0,0
CCC(Oc1cccc(CN(CCCOc2ccccc2)c2nc3cc4c(cc3o2)OCO4)c1)C(=O)O,5.795880017344075,1600.0,0,0,0,0,0,0
CCC(Oc1cccc(CN(CCCOc2ccccc2)c2nc3cc(C(F)(F)F)ccc3o2)c1)C(=O)O,6.3979400086720375,400.0,0,0,0,0,0,0
CCC(Oc1cccc(CN(CCCOc2ccccc2)c2nc3cccc(F)c3o2)c1)C(=O)O,6.275724130399211,530.0,0,0,0,0,0,0
CCC(Oc1cccc(CN(CCCOc2ccccc2)c2nc3ccc(F)cc3o2)c1)C(=O)O,5.958607314841775,1100.0,0,0,0,0,0,0
CCC(Oc1cccc(CN(CCCOc2ccccc2)c2nc3cc(F)ccc3o2)c1)C(=O)O,6.0,1000.0,0,0,0,0,0,0
CCC(Oc1cccc(CCN(CCCOc2ccccc2)c2nc3ccccc3o2)c1)C(=O)O,5.823908740944319,1500.0,1,1,0,0,0,0
CC(Oc1cccc(CCN(CCCOc2ccccc2)c2nc3ccccc3o2)c1)C(=O)O,5.7447274948966935,1800.0,1,1,0,0,0,0
CC(Oc1cccc(CN(CCCOc2ccccc2)c2nc3ccccc3o2)c1)C(=O)O,5.920818753952375,1200.0,0,0,0,0,0,0
CC(C)(Oc1cccc(CN(CCCOc2ccccc2)c2nc3ccccc3o2)c1)C(=O)O,5.301029995663981,5000.0,1,1,0,0,0,0
CC(C)(Oc1cccc(CCCN(CCOc2ccccc2)c2nc3ccccc3o2)c1)C(=O)O,7.0,100.0,1,1,1,1,1,0
CC(C)(Oc1cccc(CCN(CCOc2ccccc2)c2nc3ccccc3o2)c1)C(=O)O,5.958607314841775,1100.0,1,1,1,1,1,0
Cc1cc(Sc2cc(C#CCN3CCOCC3)nc(C#Cc3ccc(C(F)(F)F)cc3)c2)ccc1OCC(=O)O,5.259637310505756,5500.0,0,0,0,0,0,0
O=C(O)C[C@@H]1CCc2cc(OCCc3nc(-c4ccccc4)oc3CCc3ccccc3)ccc21,6.216811308924743,607.0,0,0,0,0,1,1
CCCc1oc(-c2ccccc2)nc1CCOc1ccc2c(c1)CC[C@H]2CC(=O)O,8.0,10.0,1,1,0,0,1,1
CCc1ccc(-c2nc(CCOc3ccc4c(c3)CC[C@H]4CC(=O)O)c(CC)o2)cc1,7.958607314841775,11.0,1,1,0,0,1,0
CCc1oc(-c2ccc(C)cc2)nc1CCOc1ccc2c(c1)CC[C@H]2CC(=O)O,8.301029995663981,5.0,1,1,0,0,1,0
CCc1oc(-c2ccccc2)nc1CCOc1ccc2c(c1)CC[C@H]2CC(=O)O,8.154901959985743,7.0,1,1,0,0,1,1
Cc1c(CCOc2ccc3c(c2)CC[C@H]3CC(=O)O)nc(-c2ccccc2)n1C,5.0,10000.0,1,1,1,1,1,1
Cc1nc(-c2ccccc2)n(C)c1CCOc1ccc2c(c1)CC[C@H]2CC(=O)O,6.590066876668706,257.0,1,1,0,0,1,1
COc1ccc(-c2nc(CCOc3ccc4c(c3)CC[C@H]4CC(=O)O)c(C)n2C)cc1,5.0,10000.0,1,1,0,1,1,1
CCc1ccc(-c2nc(CCOc3ccc4c(c3)CC[C@H]4CC(=O)O)c(C)n2C)cc1,6.459670525209126,347.0,1,1,0,1,1,1
CCc1ccc(-c2nc(C)c(CCOc3ccc4c(c3)CC[C@H]4CC(=O)O)n2C)cc1,7.508638306165727,31.0,0,0,0,0,1,0
Cc1c(CCOc2ccc3c(c2)CC[C@H]3CC(=O)O)nc(-c2ccc(-c3ccccc3)cc2)n1C,6.510041520575165,309.0,1,1,1,1,1,1
Cc1nc(-c2ccc(-c3ccccc3)cc2)n(C)c1CCOc1ccc2c(c1)CC[C@H]2CC(=O)O,7.552841968657781,28.0,0,0,0,0,0,0
Cc1sc(-c2ccc(-c3ccccc3)cc2)nc1CCOc1ccc2c(c1)CC[C@H]2CC(=O)O,7.886056647693163,13.0,1,1,0,1,1,1
Cc1sc(-c2ccc(OC(F)(F)F)cc2)nc1CCOc1ccc2c(c1)CC[C@H]2CC(=O)O,8.698970004336019,2.0,1,1,0,0,1,1
Cc1sc(-c2cccc(C(F)(F)F)c2)nc1CCOc1ccc2c(c1)CC[C@H]2CC(=O)O,7.522878745280337,30.0,1,1,0,0,1,1
Cc1cccc(-c2nc(CCOc3ccc4c(c3)CC[C@H]4CC(=O)O)c(C)s2)c1,6.565431095965801,272.0,1,1,0,1,1,1
CCOc1ccc(-c2nc(CCOc3ccc4c(c3)CC[C@H]4CC(=O)O)c(C)s2)cc1,7.522878745280337,30.0,1,1,0,0,1,1
Cc1sc(-c2ccc(Cl)cc2)nc1CCOc1ccc2c(c1)CC[C@H]2CC(=O)O,8.823908740944319,1.5,1,1,0,0,1,1
Cc1sc(-c2ccccc2F)nc1CCOc1ccc2c(c1)CC[C@H]2CC(=O)O,6.935542010773082,116.0,1,1,0,0,1,1
Cc1sc(-c2cccc(F)c2)nc1CCOc1ccc2c(c1)CC[C@H]2CC(=O)O,7.327902142064283,47.0,1,1,0,0,1,1
Cc1sc(-c2ccc(F)cc2)nc1CCOc1ccc2c(c1)CC[C@H]2CC(=O)O,8.154901959985743,7.0,1,1,0,0,1,1
Cc1sc(-c2ccc(C(C)C)cc2)nc1CCOc1ccc2c(c1)CC[C@H]2CC(=O)O,8.301029995663981,5.0,0,0,0,0,1,1
COc1cccc(-c2nc(CCOc3ccc4c(c3)CC[C@H]4CC(=O)O)c(C)s2)c1,7.214670164989233,61.0,1,1,0,0,1,1
COc1ccc(-c2nc(CCOc3ccc4c(c3)CC[C@H]4CC(=O)O)c(C)s2)cc1,8.397940008672037,4.0,1,1,0,0,1,1
Cc1sc(-c2ccc3c(c2)OCO3)nc1CCOc1ccc2c(c1)CC[C@H]2CC(=O)O,8.301029995663981,5.0,0,0,0,0,1,1
Cc1ccc(-c2nc(CCOc3ccc4c(c3)CC[C@H]4CC(=O)O)c(C)s2)cc1,9.096910013008056,0.8,1,1,0,0,1,1
Cc1sc(-c2ccccc2)nc1CCOc1ccc2c(c1)CC[C@H]2CC(=O)O,7.958607314841775,11.0,1,1,0,1,1,1
Cc1oc(-c2ccc(Cl)cc2)nc1CCOc1ccc2c(c1)CC[C@H]2CC(=O)O,8.522878745280337,3.0,1,1,0,0,1,1
Cc1oc(-c2cccc(Cl)c2)nc1CCOc1ccc2c(c1)CC[C@H]2CC(=O)O,7.886056647693163,13.0,1,1,0,1,1,1
Cc1oc(-c2cccc(C#N)c2)nc1CCOc1ccc2c(c1)CC[C@H]2CC(=O)O,7.136677139879544,73.0,1,1,0,0,1,1
Cc1oc(-c2ccc(C#N)cc2)nc1CCOc1ccc2c(c1)CC[C@H]2CC(=O)O,7.455931955649724,35.0,1,1,0,1,1,1
Cc1cccc(-c2nc(CCOc3ccc4c(c3)CC[C@H]4CC(=O)O)c(C)o2)c1,7.1938200260161125,64.0,1,1,0,0,1,1
Cc1ccc(-c2nc(CCOc3ccc4c(c3)CC[C@H]4CC(=O)O)c(C)o2)cc1,8.397940008672037,4.0,1,1,0,0,1,1
Cc1oc(-c2ccc(-c3ccccc3)cc2)nc1CCOc1ccc2c(c1)CC[C@H]2CC(=O)O,8.221848749616356,6.0,1,1,0,1,1,1
Cc1oc(-c2ccc(F)cc2)nc1CCOc1ccc2c(c1)CC[C@H]2CC(=O)O,8.154901959985743,7.0,1,1,0,0,1,1
Cc1oc(-c2cccc(F)c2)nc1CCOc1ccc2c(c1)CC[C@H]2CC(=O)O,7.886056647693163,13.0,1,1,0,1,1,1
Cc1oc(-c2ccc(C(C)C)cc2)nc1CCOc1ccc2c(c1)CC[C@H]2CC(=O)O,9.0,1.0,1,1,0,0,1,1
Cc1oc(-c2ccc(C(C)(C)C)cc2)nc1CCOc1ccc2c(c1)CC[C@H]2CC(=O)O,7.67778070526608,21.0,1,1,0,0,1,1
CCc1ccc(-c2nc(CCOc3ccc4c(c3)CC[C@H]4CC(=O)O)c(C)o2)cc1,8.522878745280337,3.0,1,1,0,1,1,1
COc1cccc(-c2nc(CCOc3ccc4c(c3)CC[C@H]4CC(=O)O)c(C)o2)c1,7.744727494896693,18.0,1,1,0,0,1,1
COc1ccc(-c2nc(CCOc3ccc4c(c3)CC[C@H]4CC(=O)O)c(C)o2)cc1,8.522878745280337,3.0,1,1,0,1,1,1
Cc1oc(-c2ccccc2)nc1CCOc1ccc2c(c1)CC(C)C2CC(=O)O,6.054039296422431,883.0,1,1,0,0,1,0
Cc1oc(-c2ccccc2)nc1CCOc1ccc2c(c1)OCC2CC(=O)O,5.0,10000.0,1,1,0,1,1,1
Cc1oc(-c2ccccc2)nc1CCOc1ccc2c(c1)CCC[C@H]2CC(=O)O,5.503070351926785,3140.0,1,1,0,1,1,0
Cc1oc(-c2ccccc2)nc1CCOc1ccc2c(c1)C(C)(C)CC2CC(=O)O,5.188424994129407,6480.0,0,0,0,0,0,0
COc1ccc(-c2nc(C)c(CCOc3ccc4c(c3)CC[C@H]4CC(=O)O)n2C)cc1,7.0655015487564325,86.0,0,0,0,0,1,0
C/[N+]([O-])=C1\C=C(c2ccccc2)c2ccc(OCCN3CCOCC3)cc21,6.823908740944319,150.0,0,0,0,0,0,0
C/[N+]([O-])=C1\C(C(=O)NC2CC2)=C(c2ccccc2)c2ccc(OCCN3CCOCC3)cc21,7.698970004336019,20.0,0,0,0,0,0,0
CC(C)NC(=O)C1=C(c2ccccc2)c2ccc(OCCN3CCOCC3)cc2/C1=[N+](/C)[O-],6.698970004336019,200.0,0,0,0,0,0,0
CC(C)OC(=O)C1=C(c2ccccc2)c2ccc(OCCN3CCOCC3)cc2/C1=[N+](/C)[O-],7.602059991327962,25.0,0,0,0,0,0,0
COC(=O)C1=C(c2ccccc2)c2ccc(OCCN3CCOCC3)cc2/C1=[N+](/C)[O-],6.853871964321762,140.0,0,0,0,0,0,0
CCOC(=O)C1=C(c2ccccc2)c2ccc(OCCc3ccccn3)cc2/C1=[N+](/C)[O-],7.522878745280337,30.0,1,1,0,0,1,1
CCOC(=O)C1=C(c2ccccc2)c2ccc(OCc3ccccn3)cc2/C1=[N+](/C)[O-],7.045757490560675,90.0,0,0,0,0,0,0
CCOC(=O)C1=C(c2ccccc2)c2ccc(OCCN3CCN(C)CC3)cc2/C1=[N+](/C)[O-],7.522878745280337,30.0,0,0,0,0,1,1
CCOC(=O)C1=C(c2ccccc2)c2ccc(OCCN(C)C3CCCCC3)cc2/C1=[N+](/C)[O-],7.154901959985743,70.0,0,0,0,0,1,1
CCOC(=O)C1=C(c2ccc(Cl)cc2)c2ccc(OCCCc3ccccc3)cc2/C1=[N+](/C)[O-],7.154901959985743,70.0,0,0,0,0,0,0
CCOC(=O)C1=C(c2ccc3c(c2)OCO3)c2ccc(OCCCc3ccccc3)cc2/C1=[N+](/C)[O-],6.6020599913279625,250.0,0,0,0,0,0,0
CCOC(=O)C1=C(c2cccc(C)c2)c2ccc(OCCCc3ccccc3)cc2/C1=[N+](/C)[O-],6.522878745280337,300.0,0,0,0,0,0,0
CCOC(=O)C1=C(c2ccc(C)cc2)c2ccc(OCCCc3ccccc3)cc2/C1=[N+](/C)[O-],6.180456064458132,660.0,1,1,1,1,1,1
CCOC(=O)C1=C(c2ccoc2)c2ccc(OCCCc3ccccc3)cc2/C1=[N+](/C)[O-],7.301029995663981,50.0,1,1,0,0,1,1
CCOC(=O)C1=C(c2ccsc2)c2ccc(OCCCc3ccccc3)cc2/C1=[N+](/C)[O-],6.721246399047171,190.0,0,0,0,0,0,0
CCOC(=O)C1=C(C(CC)CC)c2ccc(OCCCc3ccccc3)cc2/C1=[N+](/C)[O-],7.096910013008056,80.0,0,0,0,0,0,0
CCOC(=O)C1=C(CC)c2ccc(OCCCc3ccccc3)cc2/C1=[N+](/C)[O-],7.096910013008056,80.0,0,0,0,0,0,0
CCOC(=O)C1=C(c2ccccc2)c2ccc(OCCCCc3ccccc3)cc2/C1=[N+](/C)[O-],6.823908740944319,150.0,0,0,0,0,0,0
CCOC(=O)C1=C(c2ccccc2)c2ccc(OC/C=C/c3ccccc3)cc2/C1=[N+](/C)[O-],6.698970004336019,200.0,0,0,0,0,0,0
CCOC(=O)C1=C(c2ccccc2)c2ccc(OCCCc3ccccc3)cc2/C1=[N+](/C)[O-],7.301029995663981,50.0,1,1,1,1,1,1
CCOC(=O)C1=C(c2ccccc2)c2ccc(OCCC34CC5CC(CC(C5)C3)C4)cc2/C1=[N+](/C)[O-],6.075720713938118,840.0,0,0,0,0,1,1
CCOC(=O)C1=C(c2ccccc2)c2ccc(OCCc3ccccc3)cc2/C1=[N+](/C)[O-],6.698970004336019,200.0,0,0,0,0,0,0
CCOC(=O)C1=C(c2ccccc2)c2ccc(OC)cc2/C1=[N+](/C)[O-],6.522878745280337,300.0,0,0,0,0,0,0
CCOC(=O)C1=C(c2ccccc2)c2ccc(OC)cc2/C1=N\OC,5.823908740944319,1500.0,0,0,0,0,0,0
CCc1c(C(=O)OC)cc2c(c1O)C(=O)c1c(O)cc3cc(C)c(Cl)c(OC)c3c1C2=O,6.7447274948966935,180.0,0,0,0,0,0,0
COc1c(Cl)c(C)cc2cc(O)c3c(c12)C(=O)c1cc2c(c(O)c1C3=O)C(C)OC2=O,6.585026652029182,260.0,0,0,0,0,0,0
COC(=O)c1cc2c(c(O)c1C(C)OC(=O)CO)C(=O)c1c(O)cc3cc(C)c(Cl)c(OC)c3c1C2=O,6.886056647693163,130.0,0,0,0,0,0,0
COC(=O)c1cc2c(c(O)c1C(C)OC(C)=O)C(=O)c1c(O)cc3cc(C)c(Cl)c(OC)c3c1C2=O,6.795880017344075,160.0,0,0,0,0,0,0
O=C(O)Cc1cccc2c(NCc3cccc(-c4ccnc5c(C(F)(F)F)cccc45)c3)cccc12,7.161150909262744,69.0,0,0,0,0,0,0
Cc1cnc2c(C(F)(F)F)cccc2c1-c1cccc(CNc2cccc3c(CC(=O)O)cccc23)c1,7.397940008672037,40.0,0,0,0,0,0,0
O=C(O)Cc1cccc2c(NCc3cccc(-c4c(Cc5ccccc5)cnc5c(C(F)(F)F)cccc45)c3)cccc12,7.075720713938118,84.0,0,0,0,0,1,0
Cc1nc(-c2ccc(C(F)(F)F)cc2)sc1C(=O)NCc1ccc(OC(C)(C)C(=O)O)cc1,5.013004460275618,9705.0,0,0,0,0,1,1
Cc1nc(-c2ccc(C(F)(F)F)cc2)sc1C(=O)NCc1ccc(NS(=O)(=O)CC(F)(F)F)cc1,6.522878745280337,300.0,0,0,0,0,1,1
Cc1nc(-c2ccc(C(F)(F)F)cc2)sc1C(=O)NCc1ccc(NS(=O)(=O)C(F)(F)F)cc1,6.301029995663981,500.0,0,0,0,0,1,1
CCCCS(=O)(=O)Nc1ccc(CNC(=O)c2sc(-c3ccc(C(F)(F)F)cc3)nc2C)cc1,5.259637310505756,5500.0,0,0,0,0,1,1
O=C(NCc1ccc(NS(=O)(=O)C(F)(F)F)cc1)c1ccc(-c2ccc(Cl)cc2)cc1,5.958607314841775,1100.0,0,0,0,0,0,0
CCc1ccc(-c2nc(CCCC[C@H]3CO[C@@](C)(C(=O)O)OC3)c(C)o2)cc1,5.522878745280337,3000.0,0,0,0,0,1,0
CC(C)(Oc1ccc(C(=O)c2ccc(Cl)cc2)cc1)C(=O)O,4.0,100000.0,0,0,0,0,1,1
Cc1ccc(-c2nc(CCCC[C@H]3CO[C@@](C)(C(=O)O)OC3)c(C(F)(F)F)o2)cc1,5.522878745280337,3000.0,0,0,0,0,0,0
CCc1oc(-c2ccc(C)cc2)nc1CCCC[C@H]1CO[C@@](C)(C(=O)O)OC1,5.0,10000.0,1,1,0,0,1,0
c1ccc(CNCCOc2ccc3ccccc3c2)cc1,6.3979400086720375,400.0,0,0,0,0,1,1
CCOC(=O)CN(CCCOc1ccc2ccccc2c1)c1ccc(OC)cc1,5.318758762624412,4800.0,0,0,0,0,0,0
COc1ccc(NCCCOc2ccc3ccccc3c2)cc1,4.471083299722345,33800.0,0,0,0,0,1,1
CCCCCCOc1ccc(CC(CC)C(=O)O)cc1CNC(=O)c1ccc(C23CC4CC(CC(C4)C2)C3)cc1,6.2076083105017466,620.0,1,1,0,0,1,1
CCOc1ccc(CC(CC)C(=O)O)cc1CNC(=O)c1ccc(C23CC4CC(CC(C4)C2)C3)cc1,7.301029995663981,50.0,1,1,0,0,1,1
CCCC(Cc1ccc(OC)c(CNC(=O)c2ccc(C34CC5CC(CC(C5)C3)C4)cc2)c1)C(=O)O,6.920818753952375,120.0,0,0,0,0,1,1
COc1ccc(CC(C)C(=O)O)cc1CNC(=O)c1ccc(C23CC4CC(CC(C4)C2)C3)cc1,6.552841968657781,280.0,1,1,0,0,1,0
CCC(Cc1ccc(OC)c(CNC(=O)c2ccc(C34CC5CC(CC(C5)C3)C4)cc2)c1)C(=O)O,6.939302159646388,115.0,0,0,0,0,1,1
CCC(Cc1ccc(OC)c(CNC(=O)c2ccc(C3CCCCC3)cc2)c1)C(=O)O,6.657577319177793,220.0,1,1,0,0,1,1
CCC(Cc1ccc(OC)c(CNC(=O)c2ccc(C(C)(C)C)cc2)c1)C(=O)O,5.638272163982407,2300.0,1,1,0,0,1,1
Cc1oc(-c2ccccc2)nc1CCCCCCOC(C)(C)C(=O)O,6.522878745280337,300.0,0,0,0,0,1,1
Cc1oc(-c2ccccc2)nc1CCCC[C@H]1CO[C@@](CC(C)C)(C(=O)O)OC1,5.0,10000.0,0,0,0,0,1,1
CC[C@]1(C(=O)O)OC[C@@H](CCCCc2nc(-c3ccccc3)oc2C)CO1,5.0,10000.0,0,0,0,0,1,1
Cc1oc(-c2ccccc2)nc1Cc1ccc(C[C@H]2CO[C@@](C)(C(=O)O)OC2)cc1,5.522878745280337,3000.0,1,1,0,0,1,0
Cc1oc(-c2ccccc2)nc1Cc1cccc(C[C@H]2CO[C@@](C)(C(=O)O)OC2)c1,6.0,1000.0,1,1,0,0,0,0
Cc1oc(-c2ccccc2)nc1CCCCC[C@H]1CO[C@@](C)(C(=O)O)OC1,6.522878745280337,300.0,1,1,0,0,1,1
COc1ccc(N2C(=O)C(Cc3cccc(OCCc4nc(-c5ccccc5)oc4C)c3)C2C(=O)O)cn1,7.154901959985743,70.0,0,0,0,0,1,0
Cc1oc(-c2ccccc2)nc1CCOc1cccc(CC2C(=O)N(c3ccc(Cl)cc3)C2C(=O)O)c1,6.886056647693163,130.0,0,0,0,0,1,0
Cc1oc(-c2ccccc2)nc1CCOc1cccc(CC2C(=O)N(c3ccc(F)cc3)C2C(=O)O)c1,7.522878745280337,30.0,0,0,0,0,1,0
Cc1oc(-c2ccc(Cl)cc2)nc1CCOc1cccc(C[C@@H]2C(=O)N(c3ccc(C(C)(C)C)cc3)[C@@H]2C(=O)O)c1,7.221848749616356,60.0,0,0,0,0,0,0
COc1ccc(-c2nc(CCOc3cccc(C[C@@H]4C(=O)N(c5ccc(C(C)(C)C)cc5)[C@@H]4C(=O)O)c3)c(C)o2)cc1,7.397940008672037,40.0,0,0,0,0,0,0
Cc1oc(-c2cccc(Cl)c2)nc1CCOc1cccc(C[C@@H]2C(=O)N(c3ccc(C(C)(C)C)cc3)[C@@H]2C(=O)O)c1,7.0,100.0,0,0,0,0,0,0
COc1cccc(-c2nc(CCOc3cccc(C[C@@H]4C(=O)N(c5ccc(C(C)(C)C)cc5)[C@@H]4C(=O)O)c3)c(C)o2)c1,7.397940008672037,40.0,0,0,0,0,0,0
COc1ccc(N2C(=O)[C@@H](Cc3ccc(OCCc4nc(-c5ccccc5)oc4C)cc3)[C@H]2C(=O)O)cc1,7.698970004336019,20.0,0,0,0,0,1,0
Cc1cc(SCCc2nc(-c3ccc(Cl)c(Cl)c3)ns2)ccc1OC(C)(C)C(=O)O,6.088842391260023,815.0,0,0,0,0,0,0
Cc1cc(SCCc2nc(-c3ccc(C(F)(F)F)cc3)ns2)ccc1OC(C)(C)C(=O)O,6.332547047110047,465.0,0,0,0,0,0,0
Cc1ccc(-c2nsc(CSc3ccc(OC(C)(C)C(=O)O)c(C)c3)n2)cc1Cl,6.174573882232177,669.0,0,0,0,0,0,0
Cc1cc(SCc2nc(-c3ccc(C(F)(F)F)c(F)c3)ns2)ccc1OC(C)(C)C(=O)O,6.1938200260161125,640.0,0,0,0,0,0,0
Cc1oc(-c2ccccc2)nc1CCOc1ccc(CCC2=C(C(=O)O)CCN(C(=O)OCC(C)C)C2)cc1,7.251811972993799,56.0,1,1,0,0,1,0
CCCOC(=O)N1C=C(Cc2cccc(OCCc3nc(-c4ccccc4)oc3C)c2)C(C(=O)O)CC1,8.096910013008056,8.0,0,0,0,0,1,0
Cc1oc(-c2ccccc2)nc1CCOc1cccc(CC2=CN(C(=O)OCc3ccccc3)CCC2C(=O)O)c1,7.795880017344075,16.0,1,1,0,1,1,0
Cc1oc(-c2ccccc2)nc1CCOc1cccc(CC2=CN(c3nccc(C(F)(F)F)n3)CCC2C(=O)O)c1,7.638272163982407,23.0,1,1,0,1,1,0
Cc1oc(-c2ccccc2)nc1CCOc1cccc(CC2=CN(C(=O)OCC(C)C)CCC2C(=O)O)c1,8.0,10.0,1,1,0,1,1,0
CCCOC(=O)N1CCC(C(=O)O)=C(Cc2cccc(OCCc3nc(-c4ccccc4)oc3C)c2)C1,7.397940008672037,40.0,0,0,0,0,1,1
Cc1oc(-c2ccccc2)nc1CCOc1cccc(CC2=C(C(=O)O)CCN(C(=O)OCc3ccccc3)C2)c1,5.308034897232639,4920.0,1,1,0,1,1,1
Cc1oc(-c2ccccc2)nc1CCOc1cccc(CC2=C(C(=O)O)CCN(c3nccc(C(F)(F)F)n3)C2)c1,7.050609993355087,89.0,1,1,0,1,1,0
Cc1oc(-c2ccccc2)nc1CCOc1cccc(C2CN(C(=O)Oc3ccccc3)CCC2CC(=O)O)c1,6.769551078621726,170.0,1,1,0,1,1,0
Cc1oc(-c2ccccc2)nc1CCOc1cccc(C2CN(C(=O)OCC(C)C)CCC2CC(=O)O)c1,6.236572006437063,580.0,1,1,0,1,1,0
Cc1oc(-c2ccccc2)nc1CCOc1cccc(C2=C(CC(=O)O)CCN(C(=O)Oc3ccccc3)C2)c1,8.397940008672037,4.0,1,1,0,1,1,0
Cc1oc(-c2ccccc2)nc1CCOc1cccc(C2=C(CC(=O)O)CCN(C(=O)OCC(C)C)C2)c1,8.221848749616356,6.0,1,1,0,1,1,0
Cc1oc(-c2ccccc2)nc1CCOc1cccc(CC2CN(C(=O)OCC(C)C)CCC2C(=O)O)c1,7.744727494896693,18.0,1,1,0,1,1,0
Cc1oc(-c2ccccc2)nc1CCOc1cccc(C2CN(C(=O)OCC(C)C)CCC2C(=O)O)c1,6.679853713888946,209.0,1,1,0,0,1,0
Cc1oc(-c2ccccc2)nc1CCOc1ccc(CCC2CN(C(=O)OCC(C)C)CCC2C(=O)O)cc1,7.356547323513812,44.0,1,1,0,0,1,0
Cc1oc(-c2ccccc2)nc1CCOc1ccc(CC2CN(C(=O)OCC(C)C)CCC2C(=O)O)cc1,8.301029995663981,5.0,1,1,0,0,1,0
Cc1oc(-c2ccccc2)nc1CCOc1cccc(CC2=C(C(=O)O)CCN(C(=O)OCC(C)C)C2)c1,6.628932137728263,235.0,1,1,0,1,1,1
Cc1oc(-c2ccccc2)nc1CCOc1ccc(CC2=C(C(=O)O)CCN(C(=O)OCC(C)C)C2)cc1,7.552841968657781,28.0,1,1,0,0,1,0
Cc1oc(-c2ccccc2)nc1CCOc1ccc(C2=C(C(=O)O)CCN(C(=O)OCC(C)C)C2)cc1,5.254144804826271,5570.0,1,1,0,0,1,0
CCCCCCCN(CCc1ccc(O[C@@](C)(CC)C(=O)O)cc1)c1nc2ccccc2o1,6.22804525103605,591.5,0,0,0,0,0,0
CCCCCCCN(CCc1ccc(OC(C)(C)C(=O)O)cc1)c1nc2ccccc2o1,6.956048581736723,110.65,0,0,0,0,0,0
C/C(=C/CC/C(C)=C/CC/C(C)=C/Cc1occc1C)C(=O)O,4.777283528852417,16700.0,0,0,0,0,0,0
Cc1oc(-c2ccccc2)nc1CN(C)Cc1ccc(C[C@@H](C(=O)O)n2cccc2)cc1,5.154901959985743,7000.0,1,1,0,0,0,0
Cc1oc(-c2ccccc2)nc1CNCc1ccc(C[C@@H](C(=O)O)n2cccc2)cc1,5.045757490560675,9000.0,1,1,0,1,1,0
Cc1oc(-c2ccccc2)nc1CCNc1ccc(C[C@@H](C(=O)O)n2cccc2)cc1,6.318758762624412,480.0,1,1,0,1,1,1
CN(CCCc1ccc(C[C@@H](C(=O)O)n2cccc2)cc1)c1ccccc1,5.443697499232712,3600.0,0,0,0,0,1,0
CN(CCCc1ccc(C[C@@H](C(=O)O)n2cccc2)cc1)c1ccccn1,5.920818753952375,1200.0,0,0,0,0,0,0
Cc1oc(-c2ccccc2)nc1CCCc1ccc(CC(C(=O)O)c2ccccc2)cc1,5.4089353929735005,3900.0,1,1,0,1,0,0
Cc1oc(-c2ccccc2)nc1CCCc1ccc(CC(C(=O)O)c2cccc(-c3ccccc3)c2)cc1,5.3979400086720375,4000.0,1,1,0,0,1,1
Cc1oc(-c2ccccc2)nc1CCCc1ccc(CC(C(=O)O)c2ccc(-c3ccccc3)cc2)cc1,5.7447274948966935,1800.0,1,1,0,1,0,0
Cc1oc(-c2ccccc2)nc1CCCc1ccc(CC(C(=O)O)c2cccnc2)cc1,5.4089353929735005,3900.0,1,1,0,1,0,0
CN(C/C=C/c1ccc(C[C@@H](C(=O)O)n2cccc2)cc1)c1ccccc1,5.431798275933005,3700.0,0,0,0,0,1,0
CN(C/C=C/c1ccc(C[C@@H](C(=O)O)n2cccc2)cc1)c1ccccn1,6.308034897232639,492.0,1,1,0,1,1,0
CN(CC#Cc1ccc(C[C@@H](C(=O)O)n2cccc2)cc1)c1ccccc1,5.698970004336019,2000.0,0,0,0,0,1,1
CN(CC#Cc1ccc(CC(C(=O)O)n2cccc2)cc1)c1ccccn1,5.045757490560675,9000.0,1,1,0,1,0,0
Cc1oc(-c2ccccc2)nc1CC#Cc1ccc(CC(C(=O)O)c2cccc(-c3ccccc3)c2)cc1,4.886056647693163,13000.0,1,1,0,0,1,0
Cc1oc(-c2ccccc2)nc1CC#Cc1ccc(CC(C(=O)O)c2ccc(-c3ccccc3)cc2)cc1,5.6020599913279625,2500.0,1,1,0,1,1,0
Cc1oc(-c2ccccc2)nc1CC#Cc1ccc(CC(C(=O)O)c2cccnc2)cc1,5.346787486224656,4500.0,1,1,0,1,1,1
Cc1oc(-c2ccccc2)nc1CC#Cc1ccc(C[C@@H](C(=O)O)n2cccc2)cc1,6.761953896871205,173.0,1,1,0,1,1,1
CCOc1cc(F)c(CC(CC)C(=O)O)cc1CNC(=O)c1ccc(C23CC4CC(CC(C4)C2)C3)cc1F,7.657577319177793,22.0,1,1,0,0,0,0
CCCOc1cc(F)c(CC(CC)C(=O)O)cc1CNC(=O)c1ccc(C23CC4CC(CC(C4)C2)C3)cc1,7.823908740944319,15.0,1,1,0,0,1,0
CCOc1cc(F)c(CC(CC)C(=O)O)cc1CNC(=O)c1ccc(C23CC4CC(CC(C4)C2)C3)cc1,7.619788758288394,24.0,1,1,0,0,1,0
CCC(Cc1cc(CNC(=O)c2ccc(C34CC5CC(CC(C5)C3)C4)cc2)c(OC)cc1F)C(=O)O,7.443697499232712,36.0,0,0,0,0,1,1
CCC(Cc1cc(F)c(OC)c(CNC(=O)c2ccc(C34CC5CC(CC(C5)C3)C4)cc2)c1)C(=O)O,6.721246399047171,190.0,0,0,0,0,1,0
CCC(Cc1ccc(OC)c(CNC(=O)c2ccc(C34CC5CC(CC(C5)C3)C4)cc2F)c1)C(=O)O,6.853871964321762,140.0,0,0,0,0,1,0
CCC(Cc1cc(CNC(=O)c2ccc(C(F)(F)F)cc2)c(OC)cc1F)C(=O)O,5.958607314841775,1100.0,0,0,0,0,1,1
CSc1ccc(/C=C2/C(C)=C(CC(=O)O)c3cc(F)ccc32)cc1,6.096910013008056,800.0,0,0,0,0,0,0
O=C(O)CC1=C/C(=C\c2ccc(-c3ccc(F)cc3F)cc2)c2ccc(F)cc21,7.0,100.0,0,0,0,0,1,1
CSc1ccc(-c2ccc(/C=C3\C=C(CC(=O)O)c4cc(F)ccc43)cc2)cc1,5.823908740944319,1500.0,0,0,0,0,1,1
O=C(O)CC1=C/C(=C\c2ccc(-c3ccccc3)cc2)c2ccc(F)cc21,7.0,100.0,0,0,0,0,1,1
O=C(O)CC1=C/C(=C\c2cccc3cccnc23)c2ccc(F)cc21,5.823908740944319,1500.0,1,1,0,1,1,1
O=C(O)CC1=C/C(=C\c2ccc(F)c3ccccc23)c2ccc(F)cc21,7.0,100.0,1,1,0,0,1,1
O=C(O)CC1=C/C(=C\c2cccc3ccccc23)c2ccc(F)cc21,7.0,100.0,1,1,0,1,1,1
O=C(O)CC1=C/C(=C\c2ccc3ccccc3c2)c2ccc(F)cc21,5.920818753952375,1200.0,1,1,0,0,1,1
O=C(O)CC1=C/C(=C\c2ccc(SC(F)(F)F)cc2)c2ccc(F)cc21,6.698970004336019,200.0,1,1,0,0,1,1
CC(C)(C)Oc1ccc(/C=C2\C=C(CC(=O)O)c3cc(F)ccc32)cc1,5.721246399047171,1900.0,0,0,0,0,1,1
COc1ccc(/C=C2\C=C(CC(=O)O)c3cc(F)ccc32)cc1,5.886056647693163,1300.0,0,0,0,0,1,1
[N-]=[N+]=NCc1ccc(/C=C2\C=C(CC(=O)O)c3cc(F)ccc32)cc1,6.045757490560675,900.0,0,0,0,0,0,0
C#Cc1ccc(/C=C2\C=C(CC(=O)O)c3cc(F)ccc32)cc1,5.958607314841775,1100.0,0,0,0,0,1,1
O=C(O)CC1=C/C(=C\c2ccc(C(F)(F)F)cc2)c2ccc(F)cc21,5.6020599913279625,2500.0,1,1,0,0,1,1
Cc1ccc(/C=C2\C=C(CC(=O)O)c3cc(F)ccc32)cc1,5.619788758288394,2400.0,0,0,0,0,1,1
O=C(O)CC1=C/C(=C\c2ccccc2)c2ccc(F)cc21,5.769551078621726,1700.0,0,0,0,0,1,1
O=C(O)CC1=C/C(=C\c2ccc(Br)cc2)c2ccc(F)cc21,5.958607314841775,1100.0,0,0,0,0,1,1
CSc1ccc(/C=C2\C=C(CC(=O)O)c3cc(F)ccc32)cc1,6.154901959985743,700.0,0,0,0,0,0,0
CS(=O)(=O)Oc1ccc(CCCCCC[C@H]2CO[C@@](C)(C(=O)O)OC2)cc1,4.823908740944319,15000.0,0,0,0,0,1,1
Cc1oc(-c2ccccc2)nc1CCOc1cccc(Cc2cn(C)cc2C(=O)O)c1,5.6252516539898965,2370.0,0,0,0,0,1,1
Cc1oc(-c2ccccc2)nc1CCOc1cccc(Cc2cn(-c3ccccc3)cc2C(=O)O)c1,6.259637310505756,550.0,1,1,0,1,1,0
Cc1oc(-c2ccccc2)nc1CCOc1ccc(Cc2cn(C)cc2C(=O)O)cc1,5.804100347590766,1570.0,0,0,0,0,1,1
Cc1oc(-c2ccccc2)nc1CCOc1ccc(Cc2cn(-c3ccccc3)cc2C(=O)O)cc1,5.376750709602099,4200.0,1,1,0,0,1,0
Cc1oc(-c2ccccc2)nc1CCOc1cccc(Cc2nn(-c3ccccc3)cc2C(=O)O)c1,7.638272163982407,23.0,1,1,0,1,1,0
Cc1oc(-c2ccccc2)nc1CCOc1cccc(Cc2c(C(=O)O)cnn2-c2ccccc2)c1,6.359518563029578,437.0,1,1,0,1,1,0
Cc1oc(-c2ccccc2)nc1CCOc1cccc(Cc2cn(-c3ccccc3)nc2C(=O)O)c1,6.806875401645538,156.0,1,1,0,1,1,0
Cc1oc(-c2ccccc2)nc1CCOc1ccc(Cc2nn(-c3ccccc3)cc2C(=O)O)cc1,6.123782159408358,752.0,1,1,0,1,1,0
Cc1oc(-c2ccccc2)nc1CCOc1ccc(Cc2c(C(=O)O)cnn2-c2ccccc2)cc1,6.309803919971486,490.0,1,1,0,1,1,0
Cc1oc(-c2ccccc2)nc1CCOc1cccc(Cc2nn(-c3ccccc3)nc2C(=O)O)c1,5.421360790031928,3790.0,1,1,0,1,1,1
Cc1oc(-c2ccccc2)nc1CCOc1cccc(Cc2c(C(=O)O)nnn2-c2ccccc2)c1,5.102372908709558,7900.0,1,1,0,1,1,0
Cc1oc(-c2ccccc2)nc1CCOc1cccc(Cc2nnn(-c3ccccc3)c2C(=O)O)c1,5.032920265855503,9270.0,1,1,0,0,1,0
Cc1oc(-c2ccccc2)nc1CCOc1ccc(Cc2nn(-c3ccccc3)nc2C(=O)O)cc1,5.032920265855503,9270.0,1,1,0,1,1,1
Cc1oc(-c2ccccc2)nc1CCOc1ccc(Cc2c(C(=O)O)nnn2-c2ccccc2)cc1,4.866461091629782,13600.0,1,1,0,1,1,0
Cc1oc(-c2ccccc2)nc1CCOc1ccc(Cc2nnn(-c3ccccc3)c2C(=O)O)cc1,5.236572006437063,5800.0,1,1,0,0,1,0
Cc1oc(-c2ccccc2)nc1CCOc1cccc(-c2nn(-c3ccccc3)nc2C(=O)O)c1,5.6595558851598815,2190.0,1,1,0,0,1,0
Cc1oc(-c2ccccc2)nc1CCOc1cccc(-c2nn(-c3ccccc3)nc2CC(=O)O)c1,6.251811972993799,560.0,1,1,0,0,1,0
Cc1oc(-c2ccccc2)nc1CCOc1cccc(Cc2nn(-c3ccccc3)nc2CC(=O)O)c1,8.397940008672037,4.0,1,1,0,0,1,1
Cc1oc(-c2ccccc2)nc1CCOc1ccc(-c2nn(-c3ccccc3)nc2C(=O)O)cc1,5.134896025358872,7330.0,1,1,0,0,1,0
Cc1oc(-c2ccccc2)nc1CCOc1ccc(-c2nn(-c3ccccc3)nc2CC(=O)O)cc1,5.413412695328245,3860.0,1,1,0,0,1,0
Cc1oc(-c2ccccc2)nc1CCOc1ccc(Cc2nn(-c3ccccc3)nc2CC(=O)O)cc1,7.886056647693163,13.0,1,1,0,0,1,1
CCCc1c(OCCCn2ccc3cc(OC(C)(C)C(=O)O)ccc32)ccc2c(C(=O)c3ccccc3)cccc12,5.455931955649724,3500.0,1,1,0,0,0,0
CCCc1c(OCCCn2ccc3cc(OC(C)(C)C(=O)O)ccc32)ccc2cc(C(C)=O)ccc12,5.97061622231479,1070.0,0,0,0,0,0,0
CCCc1c(OCCCn2ccc3cc(OC(C)(C)C(=O)O)ccc32)ccc2cc(C(=O)c3ccncc3)ccc12,5.684029654543083,2070.0,0,0,0,0,0,0
CCCc1c(OCCCn2ccc3cc(OC(C)(C)C(=O)O)ccc32)ccc2cc(C(=O)c3ccoc3)ccc12,6.366531544420414,430.0,0,0,0,0,0,0
CCCc1c(OCCCn2ccc3cc(OC(C)(C)C(=O)O)ccc32)ccc2cc(C(=O)c3ccc(F)cc3)ccc12,5.673664139071248,2120.0,1,1,0,0,0,0
CCCc1c(OCCCn2ccc3cc(OC(C)(C)C(=O)O)ccc32)ccc2cc(C(=O)c3ccc(OC)cc3)ccc12,6.292429823902063,510.0,0,0,0,0,0,0
CCCc1cc(C(=O)c2ccc3ccccc3c2)ccc1OCCCn1ccc2cc(OC(C)(C)C(=O)O)ccc21,6.431798275933005,370.0,0,0,0,0,0,0
CCCc1cc(C(=O)c2ccc3ccccc3c2)ccc1OCCCn1ccc2c(OC(C)(C)C(=O)O)cccc21,5.552841968657781,2800.0,1,1,0,1,0,0
CCCc1cc(C(=O)c2ccc(-c3ccccc3)cc2)ccc1OCCCn1ccc2cc(OC(C)(C)C(=O)O)ccc21,6.920818753952375,120.0,1,1,0,0,0,0
CCCc1cc(C(=O)c2ccc(-c3ccccc3)cc2)ccc1OCCCn1ccc2c(OC(C)(C)C(=O)O)cccc21,6.522878745280337,300.0,0,0,0,0,0,0
CCCc1cc(C(=O)c2ccccc2)ccc1OCCCn1ccc2cc(OC(C)(C)C(=O)O)ccc21,6.376750709602099,420.0,0,0,0,0,0,0
CCCc1cc(C(=O)c2ccc(F)cc2)ccc1OCCCn1ccc2cc(OC(C)(C)C(=O)O)ccc21,6.045757490560675,900.0,0,0,0,0,0,0
CCCc1cc(C(=O)c2ccc(OC)cc2)ccc1OCCCn1ccc2cc(OC(C)(C)C(=O)O)ccc21,6.327902142064283,470.0,0,0,0,0,0,0
CCCc1c(OCCCN2CCCc3c(OC(C)(C)C(=O)O)cccc32)ccc2cc(C(=O)c3ccccc3)ccc12,7.0,100.0,0,0,0,0,1,0
CCCc1c(OCCCN2CCCc3cc(OC(C)(C)C(=O)O)ccc32)ccc2cc(C(=O)c3ccccc3)ccc12,6.267606240177032,540.0,0,0,0,0,0,0
CCCc1cc(C(=O)c2ccc(-c3ccccc3)cc2)ccc1OCCCN1CCCc2c(OC(C)(C)C(=O)O)cccc21,7.301029995663981,50.0,1,1,0,1,0,0
CCCc1cc(C(=O)c2ccc(-c3ccccc3)cc2)ccc1OCCCN1CCCc2cc(OC(C)(C)C(=O)O)ccc21,7.0,100.0,0,0,0,0,0,0
CCO[C@@H](Cc1cccc(/C(C)=N/OCc2ccccc2Cl)c1)C(=O)O,7.585026652029182,26.0,0,0,0,0,1,1
CCO[C@@H](Cc1cccc(/C(C)=N/OCc2cccc(Cl)c2)c1)C(=O)O,8.0,10.0,1,1,0,0,1,1
CCO[C@@H](Cc1cccc(C2=NOC(c3ccc(C(C)(C)C)cc3)C2)c1)C(=O)O,5.563837352959244,2730.0,0,0,0,0,1,1
CCO[C@@H](Cc1cccc(C2=NOC(c3ccc(OC)cc3)C2)c1)C(=O)O,5.496209316942819,3190.0,1,1,0,0,1,1
CCO[C@@H](Cc1cccc(C2=NOC(c3ccc(OS(C)(=O)=O)cc3)C2)c1)C(=O)O,4.55129368009492,28100.0,0,0,0,0,1,1
CCO[C@@H](Cc1cccc(C2=NOC(c3ccc(O)cc3)C2)c1)C(=O)O,4.413412695328245,38600.0,1,1,0,1,1,1
CCO[C@@H](Cc1cccc(C2=NOC(c3ccc(I)cc3)C2)c1)C(=O)O,6.217527375833714,606.0,1,1,0,1,1,1
CCO[C@@H](Cc1cccc(C2=NOC(c3ccc(Br)cc3)C2)c1)C(=O)O,6.130768280269024,740.0,1,1,0,1,1,1
CCO[C@@H](Cc1cccc(C2=NOC(c3ccc(Cl)cc3)C2)c1)C(=O)O,6.088309841246139,816.0,1,1,0,1,1,1
CCO[C@@H](Cc1cccc(C2=NOC(c3ccc(F)cc3)C2)c1)C(=O)O,5.935542010773082,1160.0,1,1,0,1,1,1
CCO[C@@H](Cc1cccc(/C(C)=N/OCc2ccc(C(C)(C)C)cc2)c1)C(=O)O,6.554395796726403,279.0,0,0,0,0,1,1
CCO[C@@H](Cc1cccc(/C(C)=N/OCc2ccc(OC)cc2)c1)C(=O)O,6.756961951313706,175.0,1,1,0,0,1,1
CCO[C@@H](Cc1cccc(/C(C)=N/OCc2ccc(OS(C)(=O)=O)cc2)c1)C(=O)O,5.79317412396815,1610.0,0,0,0,0,1,1
CCO[C@@H](Cc1cccc(/C(C)=N/OCc2ccc(O)cc2)c1)C(=O)O,5.531652669587842,2940.0,1,1,0,1,1,1
CCO[C@@H](Cc1cccc(/C(C)=N/OCc2ccc(C(F)(F)F)cc2)c1)C(=O)O,7.337242168318426,46.0,0,0,0,0,1,1
CCO[C@@H](Cc1cccc(/C(C)=N/OCc2ccc(I)cc2)c1)C(=O)O,7.397940008672037,40.0,1,1,0,1,1,1
CCO[C@@H](Cc1cccc(/C(C)=N/OCc2ccc(Br)cc2)c1)C(=O)O,7.443697499232712,36.0,1,1,0,1,1,1
CCO[C@@H](Cc1cccc(/C(C)=N/OCc2ccc(Cl)cc2)c1)C(=O)O,7.552841968657781,28.0,1,1,0,1,1,1
CCO[C@@H](Cc1cccc(/C(C)=N/OCc2ccc(F)cc2)c1)C(=O)O,6.856985199745905,139.0,1,1,0,1,1,1
Cc1c(Oc2ccc(Cl)cc2)c2ccc(C(F)(F)F)nc2n1Cc1ccc(Cl)c(O[C@@H](C)C(=O)O)c1,7.638272163982407,23.0,1,1,0,1,0,0
Cc1c(Oc2ccc(Cl)cc2)c2ccc(Cl)nc2n1Cc1ccc(Cl)c(O[C@@H](C)C(=O)O)c1,8.397940008672037,4.0,1,1,0,1,0,0
Cc1c(Oc2ccc(Cl)cc2)c2ccc(F)nc2n1Cc1ccc(F)c(O[C@@H](C)C(=O)O)c1,7.026872146400302,94.0,1,1,1,1,1,1
Cc1c(Oc2ccc(Cl)cc2)c2ccc(F)nc2n1Cc1ccc(Cl)c(O[C@@H](C)C(=O)O)c1,8.397940008672037,4.0,1,1,1,1,1,1
Cc1c(Oc2ccc(Cl)cc2)c2ccc(F)nc2n1Cc1cc(O[C@@H](C)C(=O)O)ccc1Cl,8.397940008672037,4.0,1,1,0,0,1,1
COc1ccc(C(=O)c2c(C)n(Cc3ccc(Cl)c(O[C@@H](C)C(=O)O)c3)c3nc(OC)ccc23)cc1,9.0,1.0,0,0,0,0,0,0
COc1ccc(C(=O)c2c(C)n(Cc3cc(O[C@@H](C)C(=O)O)ccc3Cl)c3nc(OC)ccc23)cc1,8.698970004336019,2.0,0,0,0,0,0,0
COc1ccc(C(=O)c2c(C)n(Cc3ccc(F)c(O[C@@H](C)C(=O)O)c3)c3nc(OC)ccc23)cc1,9.0,1.0,0,0,0,0,0,0
COc1ccc(C(=O)c2c(C)n(Cc3cc(O[C@@H](C)C(=O)O)ccc3F)c3nc(OC)ccc23)cc1,9.0,1.0,0,0,0,0,0,0
COc1ccc(C(=O)c2c(C)n(Cc3cc(O[C@@H](C)C(=O)O)ccc3F)c3nc(C)ccc23)cc1,8.698970004336019,2.0,0,0,0,0,0,0
COc1ccc(C(=O)c2c(C)n(Cc3cccc(O[C@@H](C)C(=O)O)c3)c3nc(C)ccc23)cc1,8.045757490560675,9.0,0,0,0,0,0,0
Cc1c(Oc2ccc(Cl)cc2)c2cccnc2n1Cc1ccc(F)c(O[C@@H](C)C(=O)O)c1,6.853871964321762,140.0,1,1,0,0,1,1
Cc1c(Oc2ccc(Cl)cc2)c2cccnc2n1Cc1cc(O[C@@H](C)C(=O)O)ccc1F,6.806875401645538,156.0,1,1,0,0,1,1
Cc1c(Oc2ccc(Cl)cc2)c2cccnc2n1Cc1cc(O[C@@H](C)C(=O)O)ccc1Cl,7.443697499232712,36.0,0,0,0,0,0,0
COc1ccc(C(=O)c2c(C)n(Cc3ccc(F)c(O[C@@H](C)C(=O)O)c3)c3ncccc23)cc1,8.522878745280337,3.0,0,0,0,0,1,1
COc1ccc(C(=O)c2c(C)n(Cc3cc(O[C@@H](C)C(=O)O)ccc3F)c3ncccc23)cc1,8.522878745280337,3.0,0,0,0,0,1,1
O=C(O)C(Cc1ccccc1)Oc1ccc(Cl)c(Cl)c1,5.5934598195660445,2550.0,0,0,0,0,1,1
O=C(O)C(Cc1ccccc1Cl)Oc1ccc(Cl)cc1,5.651695136951839,2230.0,0,0,0,0,0,0
O=C(O)C(Cc1ccccc1Br)Oc1ccc(Cl)cc1,5.605548319173784,2480.0,0,0,0,0,0,0
Cc1ccccc1CC(Oc1ccc(Cl)cc1)C(=O)O,5.068542129310995,8540.0,0,0,0,0,0,0
CCCc1ccccc1CC(Oc1ccc(Cl)cc1)C(=O)O,5.434152181326482,3680.0,0,0,0,0,0,0
O=C(O)C(Cc1ccccc1C(F)(F)F)Oc1ccc(Cl)cc1,5.394694953858891,4030.0,0,0,0,0,0,0
O=C(O)C(Cc1ccc(Cl)cc1)Oc1ccc(Cl)cc1,5.5003129173815966,3160.0,0,0,0,0,0,0
O=C(O)C(Cc1ccc(Br)cc1)Oc1ccc(Cl)cc1,5.684029654543083,2070.0,0,0,0,0,0,0
Cc1ccc(CC(Oc2ccc(Cl)cc2)C(=O)O)cc1,5.360513510731414,4360.0,0,0,0,0,0,0
CCCc1ccc(CC(Oc2ccc(Cl)cc2)C(=O)O)cc1,5.856985199745905,1390.0,0,0,0,0,0,0
O=C(O)C(Cc1cccc(Oc2ccccc2)c1)Oc1ccc(Cl)cc1,5.51427857351842,3060.0,0,0,0,0,0,0
CCOC(Cc1ccc(OCCN2CC=C(c3ccccc3)CC2)cc1)C(=O)O,5.667561540084395,2150.0,0,0,0,0,1,1
CCOC(Cc1ccc(OCCN2CC=C(c3cccc(Cl)c3)CC2)cc1)C(=O)O,5.777283528852417,1670.0,1,1,0,0,1,1
CCOC(Cc1ccc(OCCN2CC=C(c3ccccc3Cl)CC2)cc1)C(=O)O,5.2343314452409855,5830.0,0,0,0,0,1,1
CCOC(Cc1ccc(OCCN2CC=C(c3ccc(C(F)(F)F)cc3)CC2)cc1)C(=O)O,5.723538195826756,1890.0,0,0,0,0,1,1
CCOC(Cc1ccc(OCCN2CC=C(c3cccc(C(F)(F)F)c3)CC2)cc1)C(=O)O,5.651695136951839,2230.0,0,0,0,0,1,1
CCOC(Cc1ccc(OCCN2CC=C(c3ccccc3C(F)(F)F)CC2)cc1)C(=O)O,5.121478204498794,7560.0,0,0,0,0,1,1
CCOC(Cc1ccc(OCCN2CC=C(c3ccc(F)cc3)CC2)cc1)C(=O)O,5.429457060118103,3720.0,0,0,0,0,1,1
CCOC(Cc1ccc(OCCN2CC=C(c3ccc(OC)cc3)CC2)cc1)C(=O)O,6.402304814074488,396.0,1,1,0,0,1,1
CCOC(Cc1ccc(OCCN2CC=C(c3cccc(OC)c3)CC2)cc1)C(=O)O,5.623423042943488,2380.0,0,0,0,0,1,1
CCOC(Cc1ccc(OCCN2CC=C(c3ccccc3OC)CC2)cc1)C(=O)O,5.405607449624573,3930.0,0,0,0,0,1,1
CCOC(Cc1ccc(OCCN2CC=C(c3ccc(CC)cc3)CC2)cc1)C(=O)O,6.161780778092374,689.0,1,1,0,0,1,1
CCCc1ccc(C2=CCN(CCOc3ccc(CC(OCC)C(=O)O)cc3)CC2)cc1,6.7594507517174005,174.0,0,0,0,0,1,1
CCOC(Cc1ccc(OCCN2CC=C(c3cccc(Cl)c3Cl)CC2)cc1)C(=O)O,6.179798540514359,661.0,0,0,0,0,1,1
CCOC(Cc1ccc(OCCN2CC=C(c3ccc(Cl)cc3Cl)CC2)cc1)C(=O)O,6.151195298948196,706.0,1,1,0,0,1,1
CCOC(Cc1ccc(OCCN2CC=C(c3cc(Cl)ccc3Cl)CC2)cc1)C(=O)O,5.841637507904751,1440.0,0,0,0,0,1,0
CCOC(Cc1ccc(OCCN2CC=C(c3cc(Cl)cc(Cl)c3)CC2)cc1)C(=O)O,5.847711655616943,1420.0,0,0,0,0,1,0
CCOC(Cc1ccc(OCCN2CC=C(c3ccccn3)CC2)cc1)C(=O)O,5.638272163982407,2300.0,0,0,0,0,1,1
CCOC(Cc1ccc(OCCN2CC=C(c3cccs3)CC2)cc1)C(=O)O,5.481486060122113,3300.0,0,0,0,0,1,1
CCOC(Cc1ccc(OCCN2CC=C(c3cnccn3)CC2)cc1)C(=O)O,4.899629454882437,12600.0,0,0,0,0,1,1
CCOC(Cc1ccc(OCCN2CC=C(c3ncccn3)CC2)cc1)C(=O)O,5.337242168318426,4600.0,0,0,0,0,1,1
CCOC(Cc1ccc(OCCCN2CC=C(c3ccc(Cl)cc3)CC2)cc1)C(=O)O,5.634512015109101,2320.0,0,0,0,0,1,0
CCOC(Cc1ccc(OCCCN2CC=C(c3ccc(C(F)(F)F)cc3)CC2)cc1)C(=O)O,6.297569463554475,504.0,0,0,0,0,1,0
CCOC(Cc1ccc(OCCCN2CC=C(c3ccc(Cl)c(Cl)c3)CC2)cc1)C(=O)O,6.137868620686962,728.0,0,0,0,0,1,0
CCC(Cc1ccc(OCCN2CC=C(c3ccc(Cl)cc3)CC2)cc1)C(=O)O,5.276544327964814,5290.0,1,1,0,0,0,0
CC(Cc1ccc(OCCN2CC=C(c3ccc(Cl)cc3)CC2)cc1)(Oc1ccccc1)C(=O)O,5.311580177997289,4880.0,0,0,0,0,1,0
CC(C)(Oc1ccc(OCCN2CC=C(c3ccc(Cl)cc3)CC2)cc1)C(=O)O,4.641494088509765,22830.0,1,1,0,0,1,1
CC(C)(Oc1cccc(OCCN2CC=C(c3ccc(Cl)cc3)CC2)c1)C(=O)O,4.726767165956955,18760.0,0,0,0,0,0,0
COc1ccc(OC(=O)N(CCCCCc2coc(-c3ccc(C)cc3)n2)CC(=O)O)cc1,6.251811972993799,560.0,0,0,0,0,0,0
COc1ccc(OC(=O)N(CCCCCCc2nc(-c3ccc(C)cc3)oc2C)CC(=O)O)cc1,6.346787486224656,450.0,0,0,0,0,1,0
Cc1ccc(-c2nc(CCCCO/N=C(\CCC(=O)O)c3ccccc3)c(C)o2)cc1,6.366531544420414,430.0,1,1,1,1,1,0
Cc1ccc(-c2nc(CCCCCO/N=C(/CCC(=O)O)c3ccccc3)c(C)o2)cc1,7.508638306165727,31.0,1,1,1,1,1,0
Cc1ccc(-c2nc(CCCCCCO/N=C(/CCC(=O)O)c3ccccc3)c(C)o2)cc1,7.0,100.0,0,0,0,0,1,0
Cc1ccc(-c2nc(COc3ccc(C[C@H]4CO[C@@](C)(C(=O)O)OC4)cc3)c(C)o2)cc1,7.823908740944319,15.0,1,1,0,0,1,1
Cc1oc(-c2ccccc2)nc1COc1ccc(CO/N=C(\CCC(=O)O)c2ccccc2)cc1,8.397940008672037,4.0,0,0,0,0,1,0
Cc1oc(-c2ccccc2)nc1CCOc1ccc(CC(OCC(C)C)C(=O)O)c2sccc12,8.397940008672037,4.0,0,0,0,0,1,1
CCCCCCOC(Cc1ccc(OCCc2nc(-c3ccccc3)oc2C)c2ccsc12)C(=O)O,8.397940008672037,4.0,0,0,0,0,1,1
COc1ccccc1-c1nc(CCOc2ccc(CC(OC)C(=O)O)c3sccc23)c(C)o1,5.791827473332878,1615.0,0,0,0,0,0,0
CCCOC(Cc1ccc(OCCc2nc(-c3ccccc3)oc2C)c2ccccc12)C(=O)O,7.795880017344075,16.0,1,1,0,0,0,0
COC(Cc1ccc(OCCc2nc(-c3ccccc3C)oc2C)c2ccccc12)C(=O)O,6.145086977692144,716.0,1,1,0,0,0,0
CO[C@@H](Cc1ccc(OCCc2nc(-c3ccc(C(F)(F)F)cc3)oc2C)c2ccsc12)C(=O)O,7.275724130399211,53.0,0,0,0,0,1,0
CO[C@@H](Cc1ccc(OCCc2nc(-c3cc(C)cc(C)c3)oc2C)c2ccsc12)C(=O)O,7.958607314841775,11.0,0,0,0,0,0,0
CO[C@@H](Cc1ccc(OCCc2nc(-c3ccc(C(C)C)cc3)oc2C)c2ccsc12)C(=O)O,8.0,10.0,0,0,0,0,0,0
COc1cc(OC)cc(-c2nc(CCOc3ccc(C[C@H](OC)C(=O)O)c4sccc34)c(C)o2)c1,7.638272163982407,23.0,0,0,0,0,0,0
Cc1oc(-c2ccccc2)nc1CCOc1ccc(C[C@H](OCC(F)(F)F)C(=O)O)c2sccc12,6.82102305270683,151.0,0,0,0,0,1,1
CCO[C@@H](Cc1ccc(OCCc2nc(-c3ccc(C(F)(F)F)cc3)oc2C)c2ccsc12)C(=O)O,8.045757490560675,9.0,0,0,0,0,1,1
Cc1oc(-c2ccccc2)nc1CCOc1ccc(C[C@H](OCC2CC2)C(=O)O)c2sccc12,7.494850021680094,32.0,0,0,0,0,0,0
CCO[C@@H](Cc1ccc(OCCc2nc(-c3ccc(-c4ccccc4)cc3)oc2C)c2ccsc12)C(=O)O,6.3655227298392685,431.0,1,1,0,1,1,1
Cc1oc(-c2ccc(C(C)C)cc2)nc1CCOc1ccc(C[C@H](OCC2CC2)C(=O)O)c2sccc12,8.0,10.0,0,0,0,0,0,0
CCO[C@@H](Cc1ccc(OCCc2nc(-c3ccccc3)oc2C)c2ccccc12)C(=O)O,7.431798275933005,37.0,1,1,0,1,0,0
CCO[C@@H](Cc1ccc(OCCc2nc(-c3ccc(C(F)(F)F)cc3)oc2C)c2ccccc12)C(=O)O,7.67778070526608,21.0,0,0,0,0,0,0
Cc1oc(-c2ccc(-c3ccccc3)cc2)nc1CCOc1ccc(C[C@H](OCC(F)(F)F)C(=O)O)c2ccccc12,7.42021640338319,38.0,0,0,0,0,1,0
CO[C@@H](Cc1ccc(OCCc2nc(-c3ccccc3)oc2C)c2sccc12)C(=O)O,7.481486060122112,33.0,0,0,0,0,0,0
CCO[C@@H](Cc1ccc(OCCc2nc(-c3ccccc3)oc2C)c2sccc12)C(=O)O,8.154901959985743,7.0,1,1,0,1,0,0
CC(=O)c1ccccc1N[C@@H](Cc1ccc(OCCc2nc(-c3ccccc3)oc2C)cc1)C(=O)O,8.301029995663981,5.0,1,1,0,1,1,1
COc1ccc2c(c1)c(CC(=O)O)c(C)n2C(=O)c1ccc(Cl)cc1,4.301029995663981,50000.0,0,0,0,0,1,1
O=C(NCCSSCCNC(=O)/C(Cc1ccc(O)c(Br)c1)=N/O)/C(Cc1ccc(O)c(Br)c1)=N/O,5.2441251443275085,5700.0,0,0,0,0,0,0
Cc1oc(-c2ccccc2)nc1COc1ccc(C[C@H]2CO[C@@](C)(C(=O)O)OC2)cc1,7.017728766960431,96.0,1,1,0,0,1,1
Cc1oc(C(C)(C)C)nc1CCOc1ccc(C[C@H]2CO[C@@](C)(C(=O)O)OC2)cc1,5.300162274132754,5010.0,0,0,0,0,1,1
Cc1ccc(-c2nc(CCOc3ccc(C[C@H]4CO[C@@](C)(C(=O)O)OC4)cc3)c(C)o2)s1,6.621602099051862,239.0,1,1,0,0,1,1
Cc1ccc(-c2nc(COc3ccc(C[C@H]4CO[C@@](C)(C(=O)O)OC4)cc3)c(C)o2)s1,7.703334809738469,19.8,1,1,0,0,1,1
Cc1ccc(-c2nc(CCOc3ccc(C[C@H]4CO[C@@](C)(C(=O)O)OC4)cc3)c(C)o2)cc1,5.858550226599532,1385.0,1,1,0,0,1,0
Cc1oc(-c2ccccc2)nc1CCOc1ccc(C[C@H]2CO[C@@](C)(C(=O)O)OC2)cc1,5.387640052032226,4096.0,1,1,0,0,1,1
Cn1nc(-c2ccc(C(C)(C)C)cc2)cc1C(=O)NCc1ccc(OC(C)(C)C(=O)O)cc1,6.0,1000.0,1,1,0,0,1,0
Cc1cc(CNC(=O)c2cc(-c3ccc(C(C)(C)C)cc3)[nH]n2)ccc1OC(C)(C)C(=O)O,6.568636235841013,270.0,1,1,0,0,1,0
Cc1cc(CNC(=O)c2cc(-c3ccc(C(C)(C)C)cc3)nn2C)ccc1OC(C)(C)C(=O)O,7.522878745280337,30.0,0,0,0,0,1,1
Cc1cc(CNC(=O)c2cc(-c3ccc(C(C)(C)C)cc3)n(C)n2)ccc1OC(C)(C)C(=O)O,8.221848749616356,6.0,1,1,0,0,1,1
Cc1cc(CNC(=O)c2cc(-c3ccc(C(C)C)cc3)nn2C)ccc1OC(C)(C)C(=O)O,7.301029995663981,50.0,0,0,0,0,0,0
Cc1cc(CNC(=O)c2cc(-c3ccc(C(C)C)cc3)n(C)n2)ccc1OC(C)(C)C(=O)O,8.096910013008056,8.0,1,1,0,0,1,1
Cc1cc(CNC(=O)c2cc(-c3ccc(CC(C)C)cc3)nn2C)ccc1OC(C)(C)C(=O)O,7.301029995663981,50.0,0,0,0,0,0,0
Cc1cc(CNC(=O)c2cc(-c3ccc(CC(C)C)cc3)n(C)n2)ccc1OC(C)(C)C(=O)O,8.096910013008056,8.0,1,1,0,0,1,1
CCn1nc(-c2ccc(C(C)(C)C)cc2)cc1C(=O)NCc1ccc(OC(C)(C)C(=O)O)c(C)c1,7.522878745280337,30.0,1,1,0,0,1,1
CCn1nc(C(=O)NCc2ccc(OC(C)(C)C(=O)O)c(C)c2)cc1-c1ccc(C(C)(C)C)cc1,7.823908740944319,15.0,1,1,0,0,1,1
C=CCn1nc(-c2ccc(C(C)(C)C)cc2)cc1C(=O)NCc1ccc(OC(C)(C)C(=O)O)c(C)c1,7.221848749616356,60.0,1,1,0,0,0,0
C=CCn1nc(C(=O)NCc2ccc(OC(C)(C)C(=O)O)c(C)c2)cc1-c1ccc(C(C)(C)C)cc1,7.161150909262744,69.0,0,0,0,0,1,1
COCCn1nc(-c2ccc(C(C)(C)C)cc2)cc1C(=O)NCc1ccc(OC(C)(C)C(=O)O)c(C)c1,6.518557371497695,303.0,1,1,0,0,1,1
COCCn1nc(C(=O)NCc2ccc(OC(C)(C)C(=O)O)c(C)c2)cc1-c1ccc(C(C)(C)C)cc1,6.320572103387881,478.0,1,1,0,0,1,1
Cc1cc(CNC(=O)c2cc(-c3ccc(C(C)(C)C)cc3)n(Cc3ccccc3)n2)ccc1OC(C)(C)C(=O)O,5.769551078621726,1700.0,0,0,0,0,1,1
CCn1nc(C(=O)NCc2ccc(OC(C)(C)C(=O)O)c(OC)c2)cc1-c1ccc(C(C)(C)C)cc1,6.721246399047171,190.0,1,1,0,0,1,1
COc1cc(CNC(=O)c2cc(-c3ccc(C(C)(C)C)cc3)n(C)n2)ccc1OC(C)(C)C(=O)O,6.7544873321858505,176.0,1,1,0,0,1,1
COc1cc(CNC(=O)c2cc(-c3ccc(CC(C)C)cc3)n(C)n2)ccc1OC(C)(C)C(=O)O,6.886056647693163,130.0,1,1,0,0,1,1
C=CCOc1ccc(-c2cc(C(=O)NCc3ccc(OC(C)(C)C(=O)O)c(C)c3)nn2C)cc1,7.552841968657781,28.0,0,0,0,0,1,1
Cc1cc(CNC(=O)c2cc(-c3ccc(OCc4ccccc4)cc3)n(C)n2)ccc1OC(C)(C)C(=O)O,7.096910013008056,80.0,0,0,0,0,1,1
Cc1cc(CNC(=O)c2cc(-c3ccc(-c4ccccc4)cc3)n(C)n2)ccc1OC(C)(C)C(=O)O,7.602059991327962,25.0,1,1,0,1,1,1
Cc1cc(CNC(=O)c2cc(-c3ccc(-c4ccccc4C)cc3)n(C)n2)ccc1OC(C)(C)C(=O)O,7.522878745280337,30.0,1,1,0,0,1,1
Cc1cc(CNC(=O)c2cc(-c3ccc(-c4ccoc4)cc3)n(C)n2)ccc1OC(C)(C)C(=O)O,7.522878745280337,30.0,1,1,0,1,1,1
Cc1cc(CNC(=O)c2cc(-c3ccc(-c4ccncc4)cc3)n(C)n2)ccc1OC(C)(C)C(=O)O,6.508638306165727,310.0,1,1,0,1,1,1
Cc1cc(CNC(=O)c2cc(-c3ccc(N4CCOCC4)cc3)n(C)n2)ccc1OC(C)(C)C(=O)O,6.958607314841775,110.0,1,1,0,0,1,1
Cc1cc(CNC(=O)c2cc(-c3ccc(N4CCCC4)cc3)n(C)n2)ccc1OC(C)(C)C(=O)O,7.698970004336019,20.0,1,1,0,1,1,1
O=C(O)[C@@H](Cc1ccccc1)Oc1ccc(-c2ccccc2)cc1,5.226945306635737,5930.0,0,0,0,0,0,0
COC(=O)c1cc2ccc(OCCc3nc(-c4ccc(-c5ccccc5)cc4)oc3C)cc2oc1=O,5.8996294548824375,1260.0,0,0,0,0,1,1
COC(=O)C1Cc2ccc(OCCc3nc(-c4ccc(-c5ccccc5)cc4)oc3C)cc2OC1=O,5.950781977329818,1120.0,0,0,0,0,1,1
COC(=O)c1cc2ccc(OCCc3nc(-c4ccc(OC)cc4)oc3C)cc2oc1=O,9.0,1.0,1,1,0,0,1,1
COC(=O)C1Cc2ccc(OCCc3nc(-c4ccc(OC)cc4)oc3C)cc2OC1=O,9.0,1.0,1,1,0,0,1,1
COC(=O)c1cc2ccc(OCCc3nc(-c4cccc(OC)c4)oc3C)cc2oc1=O,6.455931955649724,350.0,1,1,0,0,1,1
COC(=O)C1Cc2ccc(OCCc3nc(-c4cccc(OC)c4)oc3C)cc2OC1=O,7.0,100.0,1,1,0,0,1,1
COC(=O)c1cc2ccc(OCCc3nc(-c4ccc(C(C)(C)C)cc4)oc3C)cc2oc1=O,5.7594507517174005,1740.0,0,0,0,0,1,1
COC(=O)C1Cc2ccc(OCCc3nc(-c4ccc(C(C)(C)C)cc4)oc3C)cc2OC1=O,6.6020599913279625,250.0,0,0,0,0,1,1
COC(=O)c1cc2ccc(OCCc3nc(-c4ccc(C)cc4)oc3C)cc2oc1=O,9.0,1.0,1,1,0,1,1,1
COC(=O)C1Cc2ccc(OCCc3nc(-c4ccc(C)cc4)oc3C)cc2OC1=O,9.0,1.0,1,1,0,1,1,1
COC(=O)c1cc2ccc(OCCc3nc(-c4cccc(C)c4)oc3C)cc2oc1=O,9.0,1.0,1,1,0,1,1,1
COC(=O)C1Cc2ccc(OCCc3nc(-c4cccc(C)c4)oc3C)cc2OC1=O,9.0,1.0,1,1,0,1,1,1
COC(=O)c1cc2ccc(OCCc3nc(-c4cccc(C(F)(F)F)c4)oc3C)cc2oc1=O,6.376750709602099,420.0,0,0,0,0,1,1
COC(=O)C1Cc2ccc(OCCc3nc(-c4cccc(C(F)(F)F)c4)oc3C)cc2OC1=O,6.795880017344075,160.0,0,0,0,0,1,1
COC(=O)c1cc2ccc(OCCc3nc(-c4ccc(F)cc4)oc3C)cc2oc1=O,5.790484985457369,1620.0,1,1,0,1,1,1
COC(=O)C1Cc2ccc(OCCc3nc(-c4ccc(F)cc4)oc3C)cc2OC1=O,9.0,1.0,1,1,0,1,1,1
COC(=O)c1cc2ccc(OCCc3nc(-c4cccc(F)c4)oc3C)cc2oc1=O,6.017728766960431,960.0,1,1,0,1,1,1
COC(=O)C1Cc2ccc(OCCc3nc(-c4cccc(F)c4)oc3C)cc2OC1=O,6.769551078621726,170.0,1,1,0,1,1,1
COC(=O)c1cc2ccc(OCCc3nc(-c4cccc([N+](=O)[O-])c4)oc3C)cc2oc1=O,5.449771646944906,3550.0,0,0,0,0,1,1
COC(=O)C1Cc2ccc(OCCc3nc(-c4ccccc4)oc3C)cc2OC1=O,6.886056647693163,130.0,1,1,0,0,1,1
CCCNC(=O)c1cccc(Oc2cccc(-c3c(Cc4ccccc4)cnc4c(C(F)(F)F)cccc34)c2)c1,5.42021640338319,3800.0,0,0,0,0,1,1
CCC#CCOc1cc(COCC2CC2)ccc1Sc1ccc(OCC(=O)O)c2c1CCCC2,6.4089353929735005,390.0,0,0,0,0,1,1
CCC#CCOc1cc(COC2CCCC2)ccc1Sc1ccc(OCC(=O)O)c2c1CCCC2,6.301029995663981,500.0,0,0,0,0,0,0
CCC#CCOc1cc(COC2CCOCC2)ccc1Sc1ccc(OCC(=O)O)c2c1CCCC2,5.823908740944319,1500.0,0,0,0,0,0,0
CCC#CCOc1cc(COc2ccc(C(F)(F)F)cn2)ccc1Sc1ccc(OCC(=O)O)c2c1CCCC2,6.309803919971486,490.0,1,1,0,1,0,0
CCC#CCOc1cc(COc2ccc(Cl)cc2C)ccc1Sc1ccc(OCC(=O)O)c2c1CCCC2,6.214670164989233,610.0,0,0,0,0,0,0
C#CCOc1cc(COc2ccc(C(F)(F)F)cc2)ccc1Sc1ccc(OCC(=O)O)c(C)c1C,5.522878745280337,3000.0,0,0,0,0,0,0
C#CCOc1cc(COc2ccc(C(F)(F)F)cc2)ccc1Sc1ccc(OCC(=O)O)c2c1CCCC2,5.309803919971486,4900.0,1,1,0,1,1,1
CC#CCOc1cc(COc2ccc(C(F)(F)F)cc2)ccc1Sc1ccc(OCC(=O)O)c2c1CCCC2,6.154901959985743,700.0,0,0,0,0,0,0
CCC#CCOc1cc(COc2ccc(C(F)(F)F)cc2)ccc1Sc1ccc(OCC(=O)O)c2c1CCCC2,6.795880017344075,160.0,1,1,0,1,1,1
CC(C)(O)C#CCOc1cc(COc2ccc(C(F)(F)F)cc2)ccc1Sc1ccc(OCC(=O)O)c2c1CCCC2,5.657577319177793,2200.0,1,1,0,0,1,1
O=C(O)COc1ccc(Sc2ccc(COc3ccc(C(F)(F)F)cc3)cc2OCC#CCO)c2c1CCCC2,5.229147988357856,5900.0,1,1,0,1,1,1
C[C@H](O)C#CCOc1cc(COc2ccc(C(F)(F)F)cc2)ccc1Sc1ccc(OCC(=O)O)c2c1CCCC2,5.481486060122113,3300.0,0,0,0,0,1,1
COCC#CCOc1cc(COc2ccc(C(F)(F)F)cc2)ccc1Sc1ccc(OCC(=O)O)c2c1CCCC2,6.214670164989233,610.0,0,0,0,0,0,0
COCCC#CCOc1cc(COc2ccc(C(F)(F)F)cc2)ccc1Sc1ccc(OCC(=O)O)c2c1CCCC2,5.853871964321762,1400.0,0,0,0,0,0,0
O=C(O)COc1ccc(Sc2ccc(COc3ccc(C(F)(F)F)cc3)cc2OCC#Cc2cccnc2)c2c1CCCC2,5.795880017344075,1600.0,0,0,0,0,0,0
CCC#CCOc1cc(COc2cccc(C(F)(F)F)c2)ccc1Sc1ccc(OCC(=O)O)c2c1CCCC2,6.522878745280337,300.0,1,1,0,1,1,1
CCC#CCOc1cc(COc2ccccc2C(F)(F)F)ccc1Sc1ccc(OCC(=O)O)c2c1CCCC2,5.346787486224656,4500.0,1,1,0,0,1,1
CCC#CCOc1cc(COc2ccc(Cl)cc2)ccc1Sc1ccc(OCC(=O)O)c2c1CCCC2,6.251811972993799,560.0,0,0,0,0,0,0
COc1ccc(C(=O)c2c(C)n(Cc3cccc(O[C@@H](C)C(=O)O)c3)c3cc(OC(F)(F)F)ccc23)cc1,9.0,1.0,0,0,0,0,0,0
COc1ccc2c(-c3c(C)n(Cc4cc(O[C@@H](C)C(=O)O)ccc4Cl)c4cc(OC(F)(F)F)ccc34)noc2c1,8.522878745280337,3.0,1,1,0,0,0,0
Cc1c(Oc2ccc(Cl)cc2)c2ccc(OC(F)(F)F)cc2n1Cc1ccc(Cl)c(O[C@@H](C)C(=O)O)c1,8.522878745280337,3.0,0,0,0,0,0,0
CC[C@@H](Oc1cccc(-n2c(C)c(C(=O)c3ccc(OC)cc3)c3ccc(OC(F)(F)F)cc32)c1)C(=O)O,8.698970004336019,2.0,0,0,0,0,0,0
Cc1c(C(=O)c2ccc(Cl)cc2)c2ccc(OC(F)(F)F)cc2n1Cc1cccc(OC2(C(=O)O)CCC2)c1,7.920818753952375,12.0,0,0,0,0,0,0
CC[C@@](C)(Oc1cccc(Cn2c(C)c(C(=O)c3ccc(Cl)cc3)c3ccc(OC(F)(F)F)cc32)c1)C(=O)O,8.698970004336019,2.0,0,0,0,0,0,0
Cc1c(C(=O)c2ccc(Cl)cc2)c2ccc(OC(F)(F)F)cc2n1Cc1cccc(OCC(=O)O)c1,8.698970004336019,2.0,0,0,0,0,0,0
Cc1c(Cc2cccc(OCC(=O)O)c2)c2cc(OC(F)(F)F)ccc2n1C(=O)c1ccc(Cl)cc1,8.522878745280337,3.0,0,0,0,0,1,1
CCOC(=O)CN(Cc1ccc(OCCN2CCC(C)(C)c3cc(/C(=N/O)c4ccccc4)ccc32)cc1)C(=O)O,5.0,10000.0,0,0,0,0,0,0
CO/N=C(\c1ccccc1)c1ccc2c(c1)C(C)(C)CCN2CCOc1ccc(C[C@H](Nc2ccccc2C(=O)c2ccccc2)C(=O)O)cc1,7.853871964321762,14.0,0,0,0,0,1,0
CO/N=C(\c1ccccc1)c1ccc2c(c1)C(C)(C)CCN2CCOc1ccc(C[C@H](OCC(F)(F)F)C(=O)O)cc1,6.903089986991944,125.0,0,0,0,0,1,1
CCO[C@@H](Cc1ccc(OCCN2CCC(C)(C)c3cc(/C(=N/OCC4CC4)c4ccccc4)ccc32)cc1)C(=O)O,8.123782159408357,7.52,0,0,0,0,0,0
CCO[C@@H](Cc1ccc(OCCN2CCC(C)(C)c3cc(/C(=N/OCc4ccccc4)c4ccccc4)ccc32)cc1)C(=O)O,8.154901959985743,7.0,0,0,0,0,0,0
C=CCO/N=C(\c1ccccc1)c1ccc2c(c1)C(C)(C)CCN2CCOc1ccc(C[C@H](OCC)C(=O)O)cc1,7.886056647693163,13.0,0,0,0,0,0,0
CCO[C@@H](Cc1ccc(OCCN2CCC(C)(C)c3cc(/C(=N/OC)c4ccccc4)ccc32)cc1)C(=O)O,8.105130343254748,7.85,0,0,0,0,1,1
CCCCC/C(=C\CCCCCCCCCCC(=O)O)[N+](=O)[O-],6.2076083105017466,620.0,0,0,0,0,0,0
CC(Cc1ccc(Oc2cc(N3CCN(CC4CCCCC4)CC3)nc(N)n2)cc1)(Oc1ccccc1)C(=O)O,5.2564902352715706,5540.0,0,0,0,0,1,0
CC(Cc1ccc(Oc2cc(N3CCN(Cc4ccccc4)CC3)nc(N)n2)cc1)(Oc1ccccc1)C(=O)O,5.1791420105603,6620.0,0,0,0,0,1,0
CC(Cc1ccc(Oc2cc(N3CCN(Cc4cccc5ccccc45)CC3)nc(N)n2)cc1)(Oc1ccccc1)C(=O)O,5.455931955649724,3500.0,0,0,0,0,0,0
CC(Cc1ccc(Oc2cc(N3CCN(Cc4ccc(C(C)(C)C)cc4)CC3)nc(N)n2)cc1)(Oc1ccccc1)C(=O)O,5.196542884351586,6360.0,0,0,0,0,0,0
Cc1cccc(CN2CCN(c3cc(Oc4ccc(CC(C)(Oc5ccccc5)C(=O)O)cc4)nc(N)n3)CC2)c1,5.350665141287858,4460.0,0,0,0,0,0,0
CC(Cc1ccc(Oc2cc(N3CCN(Cc4cccc(C(F)(F)F)c4)CC3)nc(N)n2)cc1)(Oc1ccccc1)C(=O)O,5.319664486585437,4790.0,0,0,0,0,0,0
CC(Cc1ccc(Oc2cc(N3CCN(Cc4ccco4)CC3)nc(N)n2)cc1)(Oc1ccccc1)C(=O)O,5.300162274132754,5010.0,0,0,0,0,1,0
CC(Cc1ccc(Oc2cc(N3CCN(c4ccccc4)CC3)nc(N)n2)cc1)(Oc1ccccc1)C(=O)O,5.306273051076353,4940.0,0,0,0,0,1,0
CC(Cc1ccc(Oc2cc(N3CCN(c4cccc(Cl)c4)CC3)nc(N)n2)cc1)(Oc1ccccc1)C(=O)O,5.349692476868063,4470.0,0,0,0,0,1,0
CC(Cc1ccc(Oc2cc(N3CCN(c4ncccn4)CC3)nc(N)n2)cc1)(Oc1ccccc1)C(=O)O,5.212539525481585,6130.0,0,0,0,0,1,0
CCCCC(Sc1ccc(OCCCOc2ccccc2)cc1)C(=O)O,5.585026652029182,2600.0,0,0,0,0,0,0
CCCCC(Sc1ccc(OCCCOc2ccccc2C)cc1)C(=O)O,5.638272163982407,2300.0,0,0,0,0,0,0
CCCCC(Sc1ccc(OCCCOc2cccc(C)c2)cc1)C(=O)O,5.522878745280337,3000.0,0,0,0,0,0,0
CCCCC(Sc1ccc(OCCCOc2ccc(C)cc2)cc1)C(=O)O,6.031517051446065,930.0,0,0,0,0,0,0
CCCCC(Sc1ccc(OCCCOc2ccc(C)c(C)c2)cc1)C(=O)O,5.455931955649724,3500.0,0,0,0,0,0,0
CCCCC(Sc1ccc(OCCCOc2cccc3c2CCCC3)cc1)C(=O)O,5.091514981121351,8100.0,0,0,0,0,1,1
CCCCC(Sc1ccc(OCCCOc2ccccc2OC)cc1)C(=O)O,5.795880017344075,1600.0,0,0,0,0,0,0
CCCCC(Sc1ccc(OCCCOc2cccc(OC)c2)cc1)C(=O)O,5.920818753952375,1200.0,0,0,0,0,0,0
CCCCC(Sc1ccc(OCCCOc2ccccc2C(C)C)cc1)C(=O)O,5.3872161432802645,4100.0,0,0,0,0,0,0
CCCCC(Sc1ccc(OCCCOc2cccc(C(C)C)c2)cc1)C(=O)O,5.275724130399211,5300.0,0,0,0,0,0,0
CCCCC(Sc1ccc(OCCCOc2cccc(C(F)(F)F)c2)cc1)C(=O)O,5.337242168318426,4600.0,0,0,0,0,0,0
CCCCC(Sc1ccc(OCCCOc2ccc(Cl)c(C(F)(F)F)c2)cc1)C(=O)O,5.107905397309519,7800.0,0,0,0,0,1,1
CCCCC(Sc1ccc(OCCCOc2ccc(-c3ccccc3)cc2)cc1)C(=O)O,6.267606240177032,540.0,0,0,0,0,1,1
CCCCC(Sc1ccc(OCCCOc2ccc3ncccc3c2)cc1)C(=O)O,5.886056647693163,1300.0,0,0,0,0,0,0
Cc1cccc(OCCCOc2ccc(SCC(=O)O)cc2)c1C,5.42021640338319,3800.0,0,0,0,0,0,0
Cc1cccc(OCCCOc2ccc(CCC(=O)O)cc2)c1C,4.804100347590766,15700.0,0,0,0,0,0,0
CCCCC(Cc1ccc(OCCCOc2cccc(C)c2C)cc1)C(=O)O,5.376750709602099,4200.0,0,0,0,0,0,0
O=C(O)C(Cc1ccccc1)Oc1ccc(CSc2ccccc2)cc1,6.3979400086720375,400.0,1,1,0,1,1,1
O=C(O)C(Cc1ccccc1)Oc1ccc(C#Cc2ccccc2)cc1,6.267606240177032,540.0,1,1,0,1,1,1
O=C(O)C(Cc1ccccc1)Oc1ccc(/C=C/c2ccccc2)cc1,6.142667503568732,720.0,1,1,0,1,1,1
O=C(O)C(Cc1ccccc1)Oc1ccc(CCCc2ccccc2)cc1,6.060480747381382,870.0,1,1,0,0,1,1
O=C(O)C(Cc1ccccc1)Oc1ccc(SCc2ccccc2)cc1,5.853871964321762,1400.0,0,0,0,0,0,0
O=C(O)C(Cc1ccccc1)Oc1ccc(OCc2ccccc2)cc1,5.619788758288394,2400.0,0,0,0,0,0,0
O=C(O)C(Cc1ccccc1)Oc1ccc(COc2ccccc2)cc1,5.522878745280337,3000.0,0,0,0,0,0,0
O=C(O)C(Cc1ccccc1)Oc1ccc(CNc2ccccc2)cc1,5.026872146400302,9400.0,1,1,0,1,1,1
O=C(O)C(Cc1ccccc1)Oc1ccc(NCc2ccccc2)cc1,4.886056647693163,13000.0,1,1,0,1,1,1
COc1cc(OC)cc(-c2coc3cc(O)ccc3c2=O)c1,4.72445831159869,18860.0,0,0,0,0,0,0
O=c1c(-c2ccc3c(c2)OCO3)coc2cc(O)ccc12,4.569602408613033,26940.0,0,0,0,0,0,0
O=c1c(-c2ccc(F)cc2)coc2cc(O)ccc12,4.813043664534588,15380.0,0,0,0,0,0,0
COc1cccc(-c2coc3cc(O)ccc3c2=O)c1,4.651889931519762,22290.0,0,0,0,0,0,0
Cc1oc(-c2ccccc2)nc1CCCc1ccc(CC(C(=O)O)c2ccsc2)cc1,6.399027104313252,399.0,1,1,0,1,1,1
Cc1cc(C(Cc2ccc(CCCc3nc(-c4ccccc4)oc3C)cc2)C(=O)O)no1,5.721246399047171,1900.0,0,0,0,0,0,0
Cc1cc(C(Cc2ccc(CCCc3nc(-c4ccccc4)oc3C)cc2)C(=O)O)on1,5.42021640338319,3800.0,0,0,0,0,0,0
C/C(=N\OCCCCO/N=C(/CCC(=O)O)c1ccccc1)c1ccc(S(C)(=O)=O)cc1,5.721246399047171,1900.0,0,0,0,0,1,1
CCCCc1cccc(/C(C)=N/OCCCCO/N=C(/CCC(=O)O)c2ccccc2)c1,6.698970004336019,200.0,0,0,0,0,1,1
C/C(=N\OCCCCO/N=C(/CCC(=O)O)c1ccccc1)c1cccc(-c2ccccc2)c1,7.0,100.0,0,0,0,0,1,1
C/C(=N\OCCCCO/N=C(/CCC(=O)O)c1ccccc1)c1ccc2ccccc2c1,6.698970004336019,200.0,0,0,0,0,1,1
C/C(=N\OCCCCO/N=C(/CCC(=O)O)c1ccccc1)c1ccc2c(c1)CCCC2,6.698970004336019,200.0,0,0,0,0,1,1
COc1ccc(/C(C)=N/OCCCCO/N=C(/CCC(=O)O)c2ccccc2)cc1OC,6.096910013008056,800.0,0,0,0,0,1,0
C/C(=N\OCCCCO/N=C(/CCC(=O)O)c1ccccc1)c1ccc(C)c(C)c1,6.0,1000.0,0,0,0,0,1,0
COc1cc(/C(C)=N/OCCCCO/N=C(/CCC(=O)O)c2ccccc2)ccc1C,5.795880017344075,1600.0,0,0,0,0,1,1
COc1cc(/C(C)=N/OCCCCO/N=C(/CCC(=O)O)c2ccccc2)ccc1F,6.154901959985743,700.0,0,0,0,0,1,0
CCCc1nc2ccc(C(=O)NC(CC)c3ccccc3)cc2n1Cc1ccc(-c2ccccc2C(=O)O)cc1,6.045757490560675,900.0,1,1,0,0,0,0
CCC(C(=O)Nc1ccc2c(c1)c(C)c(C)n2Cc1ccc(-c2ccccc2C(=O)O)cc1)c1ccccc1,6.471083299722345,338.0,1,1,0,0,1,1
CCCc1c(SC)c2ccc(NC(=O)C(CC)c3ccccc3)cc2n1Cc1ccc(-c2ccccc2C(=O)O)cc1,6.696803942579511,201.0,1,1,0,1,0,0
CCC(NC(=O)c1ccc2cc(C)n(Cc3ccc(-c4ccccc4C(=O)O)cc3)c2c1)c1ccccc1,6.787812395596042,163.0,0,0,0,0,0,0
Cc1c(C)n(Cc2ccc(-c3ccccc3C(=O)O)cc2)c2ccc(C(=O)NCCCc3ccccc3)cc12,7.657577319177793,22.0,1,1,0,0,1,1
CCC(NC(=O)c1ccc2c(c1)cc(C)n2Cc1ccc(-c2ccccc2C(=O)O)cc1)c1ccccc1,7.769551078621726,17.0,1,1,0,0,0,0
CCCc1c(SC)c2cc(NC(=O)C(CC)c3ccccc3)ccc2n1Cc1ccc(-c2ccccc2C(=O)O)cc1,8.522878745280337,3.0,1,1,0,1,0,0
CCCc1cc2cc(NC(=O)C(CC)c3ccccc3)ccc2n1Cc1ccc(-c2ccccc2C(=O)O)cc1,8.698970004336019,2.0,1,1,0,0,0,0
CCC(NC(=O)c1ccc2c(c1)c(SC)c(C)n2Cc1ccc(-c2ccccc2C(=O)O)cc1)c1ccccc1,9.0,1.0,1,1,0,0,0,0
C/C(=N\OCCCCO/N=C(/CCC(=O)O)c1ccccc1)c1ccc(F)cc1,5.853871964321762,1400.0,0,0,0,0,1,1
C/C(=N\OCCCCO/N=C(/CCC(=O)O)c1ccccc1)c1ccc(C)cc1,5.6777807052660805,2100.0,0,0,0,0,1,1
COc1ccc(/C(C)=N/OCCCCO/N=C(/CCC(=O)O)c2ccccc2)cc1,5.958607314841775,1100.0,0,0,0,0,1,1
C/C(=N\OCCCCO/N=C(/CCC(=O)O)c1ccccc1)c1ccc(C(F)(F)F)cc1,5.853871964321762,1400.0,0,0,0,0,1,1
Cc1cc(OCc2nc(-c3ccc(C(=O)N(C)C(C)C)cc3)c(-c3ccc(OC(F)(F)F)cc3)o2)ccc1OCC(=O)O,6.221848749616356,600.0,0,0,0,0,1,1
Cc1cc(OCc2nc(-c3ccc(C(=O)N(C)C(C)C)cc3)c(-c3ccc(OC(F)(F)F)cc3)s2)ccc1OCC(=O)O,5.920818753952375,1200.0,0,0,0,0,0,0
Cc1cc(OCc2nc(-c3ccc(C(=O)N4CCCCC4)cc3)c(-c3ccc(OC(F)(F)F)cc3)s2)ccc1OCC(=O)O,5.806875401645538,1560.0,0,0,0,0,0,0
Cc1cc(OCc2nc(-c3cnc(OC(C)C)nc3)c(-c3ccc(OC(F)(F)F)cc3)o2)ccc1OCC(=O)O,6.008773924307505,980.0,1,1,0,1,1,1
Cc1cc(OCc2nc(-c3cnc(N4CCOCC4)nc3)c(-c3ccc(OC(F)(F)F)cc3)o2)ccc1OCC(=O)O,5.987162775294828,1030.0,1,1,0,0,1,1
Cc1cc(OCc2nc(-c3ccc(N4CCOCC4)nc3)c(-c3ccc(OC(F)(F)F)cc3)o2)ccc1OCC(=O)O,5.603800652904264,2490.0,1,1,0,0,1,1
Cc1cc(OCc2nc(-c3ccc(OC(C)C)nc3)c(-c3ccc(OC(F)(F)F)cc3)o2)ccc1OCC(=O)O,4.154901959985743,70000.0,1,1,0,1,1,1
CCOC(Cc1ccc(OCc2nc(-c3ccc(OC)cc3)c(-c3ccc(C(F)(F)F)cc3)s2)cc1)C(=O)O,5.882728704344236,1310.0,0,0,0,0,0,0
COc1ccc(-c2nc(SCCCCOc3ccc(OCC(=O)O)cc3Cl)sc2-c2ccc(OC)cc2)cc1,5.591760034688151,2560.0,0,0,0,0,0,0
COc1ccc(-c2nc(SCCCOc3ccc(OCC(=O)O)cc3Cl)sc2-c2ccc(OC)cc2)cc1,5.336299074610352,4610.0,0,0,0,0,0,0
COc1ccc(-c2nc(SCCOc3ccc(OCC(=O)O)c(C)c3)sc2-c2ccc(OC)cc2)cc1,5.247183568811729,5660.0,0,0,0,0,0,0
COc1ccc(-c2nc(SCCOc3ccc(OCC(=O)O)cc3Cl)sc2-c2ccc(OC)cc2)cc1,5.231361898752385,5870.0,0,0,0,0,0,0
COc1ccc(-c2nc(SCCCCOc3ccc(OCC(=O)O)c(C)c3)sc2-c2ccc(OC)cc2)cc1,5.196542884351586,6360.0,0,0,0,0,0,0
COc1ccc(-c2nc(SCCCOc3ccc(OCC(=O)O)c(C)c3)sc2-c2ccc(OC)cc2)cc1,5.161780778092374,6890.0,0,0,0,0,0,0
COc1ccc(-c2nc(Sc3cccc(C(C)C(=O)O)c3)sc2-c2ccc(OC)cc2)cc1,5.638272163982407,2300.0,0,0,0,0,0,0
CCCCCCC(Sc1nc(Cl)cc(Nc2cccc(C)c2C)n1)C(=O)O,5.443697499232712,3600.0,0,0,0,0,0,0
Cc1cccc(Nc2cc(Cl)nc(SC(C(=O)O)c3cccc4ccccc34)n2)c1C,5.207608310501746,6200.0,0,0,0,0,0,0
O=C(O)C(Sc1nc(Cl)cc(Nc2ccc3ccccc3c2)n1)c1cccc2ccccc12,5.161150909262744,6900.0,0,0,0,0,0,0
O=C(O)C(Sc1nc(Cl)cc(Nc2ccc3c(c2)CCC3)n1)c1cccc2ccccc12,5.167491087293763,6800.0,0,0,0,0,0,0
Cc1ccc(Nc2cc(Cl)nc(SC(C(=O)O)c3cccc4ccccc34)n2)cc1C,5.107905397309519,7800.0,0,0,0,0,0,0
CC(C)c1ccc(Nc2cc(Cl)nc(SC(C(=O)O)c3cccc4ccccc34)n2)cc1,5.119186407719209,7600.0,0,0,0,0,0,0
O=C(O)C(Sc1nc(Cl)cc(Nc2cccc(Cl)c2)n1)c1cccc2ccccc12,5.136677139879544,7300.0,0,0,0,0,0,0
O=C(O)C(Sc1nc(Cl)cc(Nc2ccc(Cl)cc2)n1)c1cccc2ccccc12,5.045757490560675,9000.0,0,0,0,0,0,0
O=C(O)C(Sc1nc(Cl)cc(Nc2ccc(F)cc2)n1)c1cccc2ccccc12,4.886056647693163,13000.0,0,0,0,0,0,0
CC(C)CCNc1cc(Cl)nc(SC(C(=O)O)c2cccc3ccccc23)n1,5.050609993355087,8900.0,0,0,0,0,0,0
O=C(O)C(Sc1nc(Cl)cc(NCCc2ccccc2)n1)c1cccc2ccccc12,4.966576244513051,10800.0,0,0,0,0,0,0
O=C(O)C(Sc1nc(Cl)cc(NCCCc2ccccc2)n1)c1cccc2ccccc12,5.050609993355087,8900.0,0,0,0,0,0,0
Cc1cccc(Nc2cc(Cl)nc(SC(C(=O)O)c3ccc(-c4ccccc4)c4ccccc34)n2)c1C,5.346787486224656,4500.0,0,0,0,0,0,0
Cc1ccc(OC(=O)N(CC(=O)O)Cc2ccc(OCCc3nc(-c4ccc(Cl)cc4)oc3C)cc2)cc1,7.122628654130226,75.4,1,1,0,0,0,0
Cc1ccc(OC(=O)N(CC(=O)O)Cc2ccc(OCc3nc(-c4ccc(Cl)cc4)oc3C)cc2)cc1,7.3819519032879075,41.5,1,1,0,0,0,0
Cc1ccc(OC(=O)N(CC(=O)O)Cc2cccc(OCCc3nc(-c4ccc(Cl)cc4)oc3C)c2)cc1,6.850165303284215,141.2,1,1,0,0,1,0
Cc1ccc(OC(=O)N(CC(=O)O)Cc2cccc(OCc3oc(-c4ccc(Cl)cc4)nc3C)c2)cc1,5.537452271197336,2901.0,1,1,0,1,1,0
Cc1ccc(OC(=O)N(CC(=O)O)Cc2cccc(OCc3sc(-c4ccc(Cl)cc4)nc3C)c2)cc1,5.850472986245652,1411.0,1,1,0,0,1,0
Cc1ccc(OC(=O)N(CC(=O)O)Cc2cccc(OCc3nc(-c4ccc(Cl)cc4)sc3C)c2)cc1,5.6020599913279625,2500.0,1,1,0,0,1,0
Cc1ccc(OC(=O)N(CC(=O)O)Cc2cccc(OCc3nc(-c4ccccc4Cl)oc3C)c2)cc1,5.958607314841775,1100.0,0,0,0,0,1,1
Cc1ccc(OC(=O)N(CC(=O)O)Cc2cccc(OCc3nc(-c4cccc(Cl)c4)oc3C)c2)cc1,6.2839966563652006,520.0,1,1,0,0,1,1
Cc1ccc(OC(=O)N(CC(=O)O)Cc2cccc(OCc3nc(-c4ccccc4)oc3C)c2)cc1,6.151810883008602,705.0,1,1,0,0,1,1
Cc1ccc(OC(=O)N(CC(=O)O)Cc2cccc(OCc3nc(-c4ccc(F)cc4)oc3C)c2)cc1,5.996970529446382,1007.0,1,1,0,0,1,1
Cc1ccc(OC(=O)N(CC(=O)O)Cc2cccc(OCc3nc(-c4ccc(C(C)(C)C)cc4)oc3C)c2)cc1,7.696803942579511,20.1,1,1,1,1,1,1
Cc1ccc(OC(=O)N(CC(=O)O)Cc2cccc(OCc3nc(-c4ccc(-c5ccccc5)cc4)oc3C)c2)cc1,6.400116927926312,398.0,0,0,0,0,1,1
Cc1ccc(OC(=O)N(CC(=O)O)Cc2cccc(OCc3nc(-c4ccc(N5CCOCC5)cc4)oc3C)c2)cc1,6.379863945026242,417.0,1,1,0,0,1,1
Cc1ccc(OC(=O)N(CC(=O)O)Cc2cccc(OCc3nc(-c4ccc(C#N)cc4)oc3C)c2)cc1,5.462810773756355,3445.0,1,1,0,0,1,1
COc1ccc(-c2nc(COc3cccc(CN(CC(=O)O)C(=O)Oc4ccc(C)cc4)c3)c(C)o2)cc1,5.949233688766958,1124.0,0,0,0,0,1,1
Cc1ccc(OC(=O)N(CC(=O)O)Cc2cccc(OCc3nc(-c4ccc(C)cc4)oc3C)c2)cc1,6.164943898279883,684.0,1,1,1,1,1,1
Cc1ccc(OC(=O)N(CC(=O)O)Cc2cccc(OCc3nc(-c4ccc(C(C)C)cc4)oc3C)c2)cc1,6.546681659952962,284.0,1,1,0,1,1,1
Cc1ccc(OC(=O)N(CC(=O)O)Cc2cccc(OCc3nc(-c4ccc(C(F)(F)F)cc4)oc3C)c2)cc1,6.151810883008602,705.0,1,1,0,1,1,1
Cc1oc(-c2ccc(Cl)cc2)nc1COc1cccc(CN(CC(=O)O)C(=O)OC2CCCCC2)c1,6.074172425375258,843.0,0,0,0,0,0,0
Cc1oc(-c2ccc(Cl)cc2)nc1COc1cccc(CN(CC(=O)O)C(=O)OC2CCCC2)c1,5.82915179635669,1482.0,0,0,0,0,0,0
Cc1oc(-c2ccc(Cl)cc2)nc1COc1cccc(CN(CC(=O)O)C(=O)OC2CCC2)c1,6.043351420794797,905.0,0,0,0,0,0,0
Cc1oc(-c2ccc(Cl)cc2)nc1COc1cccc(CN(CC(=O)O)C(=O)OCC2CC2)c1,6.083019952679618,826.0,0,0,0,0,0,0
CCCOC(=O)N(CC(=O)O)Cc1cccc(OCc2nc(-c3ccc(Cl)cc3)oc2C)c1,5.900664722314042,1257.0,0,0,0,0,0,0
Cc1cccc(N2CCN([C@@H](Cc3ccc(OCCc4nc(-c5ccccc5)oc4C)cc3)C(=O)O)CC2)c1,5.943095148663527,1140.0,1,1,0,1,1,1
Cc1oc(-c2ccccc2)nc1CCOc1ccc(C[C@@H](C(=O)O)N2CCN(c3ccccc3)CC2)cc1,4.976336081802207,10560.0,1,1,0,1,1,1
Cc1ccc(N2CCN([C@@H](Cc3ccc(OCCc4nc(-c5ccccc5)oc4C)cc3)C(=O)O)CC2)cc1,4.299123291623096,50220.0,1,1,0,1,1,1
Cc1oc(-c2ccccc2)nc1CCOc1ccc(C[C@@H](C(=O)O)N2CCN(c3cccc(Cl)c3)CC2)cc1,4.344573412254081,45230.0,1,1,0,1,1,1
Cc1oc(-c2ccccc2)nc1CCOc1ccc(C[C@@H](C(=O)O)N2CCN(S(=O)(=O)c3ccccc3[N+](=O)[O-])CC2)cc1,5.665546248849069,2160.0,0,0,0,0,1,1
Cc1oc(-c2ccccc2)nc1CCOc1ccc(C[C@@H](C(=O)O)N2CCN(S(=O)(=O)c3ccccc3F)CC2)cc1,7.494850021680094,32.0,1,1,0,0,1,1
Cc1oc(-c2ccccc2)nc1CCOc1ccc(C[C@@H](C(=O)O)N2CCN(S(=O)(=O)c3ccc(F)cc3)CC2)cc1,5.55129368009492,2810.0,1,1,0,0,1,1
COc1cc(O)c2c(c1C(=O)NCc1ccccc1)OC1=CC(O)=C(C(C)=O)C(=O)[C@]12C,6.657577319177793,220.0,0,0,0,0,1,1
COc1cccc(CNC(=O)N2C(=O)c3c(cc(O)c4c3OC3=CC(O)=C(C(C)=O)C(=O)[C@]34C)OC2OC)c1,5.42021640338319,3800.0,0,0,0,0,1,1
COc1ccc(CNC(=O)N2C(=O)c3c(cc(O)c4c3OC3=CC(O)=C(C(C)=O)C(=O)[C@]34C)OC2OC)cc1,5.769551078621726,1700.0,0,0,0,0,0,0
COC1Oc2cc(O)c3c(c2C(=O)N1C(=O)NCc1ccccc1[N+](=O)[O-])OC1=CC(O)=C(C(C)=O)C(=O)[C@]13C,5.795880017344075,1600.0,0,0,0,0,0,0
COC1Oc2cc(O)c3c(c2C(=O)N1C(=O)NCc1cccc([N+](=O)[O-])c1)OC1=CC(O)=C(C(C)=O)C(=O)[C@]13C,5.619788758288394,2400.0,0,0,0,0,1,1
COC1Oc2cc(O)c3c(c2C(=O)N1C(=O)NCc1ccc([N+](=O)[O-])cc1)OC1=CC(O)=C(C(C)=O)C(=O)[C@]13C,5.221848749616356,6000.0,0,0,0,0,1,1
COC1Oc2cc(O)c3c(c2C(=O)N1C(=O)NCc1ccccc1Cl)OC1=CC(O)=C(C(C)=O)C(=O)[C@]13C,6.552841968657781,280.0,1,1,0,0,1,1
COC1Oc2cc(O)c3c(c2C(=O)N1C(=O)NCc1cccc(Cl)c1)OC1=CC(O)=C(C(C)=O)C(=O)[C@]13C,5.173925197299174,6700.0,1,1,0,0,1,1
COC1Oc2cc(O)c3c(c2C(=O)N1C(=O)NCc1ccc(Cl)cc1)OC1=CC(O)=C(C(C)=O)C(=O)[C@]13C,6.113509274827518,770.0,1,1,0,0,1,1
COC1Oc2cc(O)c3c(c2C(=O)N1C(=O)NCc1cccnc1)OC1=CC(O)=C(C(C)=O)C(=O)[C@]13C,4.958607314841775,11000.0,1,1,0,1,1,1
COC1Oc2cc(O)c3c(c2C(=O)N1C(=O)NCc1ccco1)OC1=CC(O)=C(C(C)=O)C(=O)[C@]13C,6.251811972993799,560.0,1,1,0,1,1,1
COC1Oc2cc(O)c3c(c2C(=O)N1C(=O)NCc1ccoc1)OC1=CC(O)=C(C(C)=O)C(=O)[C@]13C,5.494850021680094,3200.0,1,1,0,0,1,1
COC1Oc2cc(O)c3c(c2C(=O)N1C(=O)NCc1cccs1)OC1=CC(O)=C(C(C)=O)C(=O)[C@]13C,5.920818753952375,1200.0,0,0,0,0,0,0
COC1Oc2cc(O)c3c(c2C(=O)N1C(=O)NCc1ccsc1)OC1=CC(O)=C(C(C)=O)C(=O)[C@]13C,5.356547323513812,4400.0,1,1,0,0,1,1
COC1Oc2cc(O)c3c(c2C(=O)N1C(=O)NCc1cc2ccccc2o1)OC1=CC(O)=C(C(C)=O)C(=O)[C@]13C,5.638272163982407,2300.0,1,1,0,0,1,1
COC1Oc2cc(O)c3c(c2C(=O)N1C(=O)NCc1cc2ccccc2s1)OC1=CC(O)=C(C(C)=O)C(=O)[C@]13C,5.42021640338319,3800.0,1,1,0,0,1,1
COC1Oc2cc(O)c3c(c2C(=O)N1C(=O)NCc1cccc2ccccc12)OC1=CC(O)=C(C(C)=O)C(=O)[C@]13C,6.7447274948966935,180.0,1,1,0,0,1,1
CCCCCCOC(=O)C1C(c2ccccc2)C(C(=O)O)C1c1ccccc1,5.443697499232712,3600.0,0,0,0,0,0,0
CC(C)CCOC(=O)C1C(c2ccccc2)C(C(=O)O)C1c1ccccc1,5.318758762624412,4800.0,0,0,0,0,0,0
Cc1cccc(OC(=O)C2C(c3ccccc3)C(C(=O)O)C2c2ccccc2)c1,5.481486060122113,3300.0,0,0,0,0,0,0
Cc1ccccc1OC(=O)C1C(c2ccccc2)C(C(=O)O)C1c1ccccc1,5.0,10000.0,0,0,0,0,0,0
CCCCCCCOC(=O)C1C(c2ccccc2)C(C(=O)O)C1c1ccccc1,5.0655015487564325,8600.0,0,0,0,0,0,0
CCCCCCCCOC(=O)C1C(c2ccccc2)C(C(=O)O)C1c1ccccc1,5.031517051446065,9300.0,0,0,0,0,0,0
COC(=O)N(CC(=O)O)Cc1cccc(OCc2coc(-c3ccc(Cl)cc3)n2)c1,5.036542739883292,9193.0,0,0,0,0,1,0
COC(=O)N(CC(=O)O)Cc1cccc(OCc2coc(-c3ccc(C(F)(F)F)cc3)n2)c1,5.317403708539446,4815.0,0,0,0,0,0,0
COC(=O)N(CC(=O)O)Cc1cccc(OCc2coc(-c3ccc(C)cc3)n2)c1,4.807432546663454,15580.0,0,0,0,0,0,0
COC(=O)N(CC(=O)O)Cc1cccc(OCc2coc(-c3ccc(F)c(Cl)c3)n2)c1,5.194771085796574,6386.0,0,0,0,0,0,0
COC(=O)N(CC(=O)O)[C@@H](C)c1cccc(OCc2coc(-c3ccc(C)cc3)n2)c1,4.684239509334265,20690.0,0,0,0,0,0,0
COC(=O)N(CC(=O)O)Cc1cccc(OCc2csc(-c3ccc(Cl)cc3)n2)c1,5.328641996556509,4692.0,0,0,0,0,0,0
COC(=O)N(CC(=O)O)Cc1cccc(OCc2csc(-c3ccc(C(F)(F)F)cc3)n2)c1,5.463062977295326,3443.0,0,0,0,0,0,0
COC(=O)N(CC(=O)O)Cc1cccc(OCc2csc(-c3ccc(C)cc3)n2)c1,5.032077793269482,9288.0,0,0,0,0,0,0
COC(=O)N(CC(=O)O)Cc1cccc(OCc2csc(-c3cccc(Cl)c3)n2)c1,5.3959900675877694,4018.0,0,0,0,0,0,0
COC(=O)N(CC(=O)O)Cc1cccc(OCc2csc(-c3ccccc3Cl)n2)c1,5.297914278564175,5036.0,0,0,0,0,0,0
C[C@@H](c1cccc(OCc2coc(-c3ccc(Cl)cc3)n2)c1)N(CC(=O)O)C(=O)Oc1ccccc1,5.771599641296995,1692.0,0,0,0,0,0,0
Cc1cccc(OC(=O)N(CC(=O)O)[C@@H](C)c2cccc(OCc3coc(-c4ccc(Cl)cc4)n3)c2)c1,6.243363891754152,571.0,0,0,0,0,1,0
COc1cccc(OC(=O)N(CC(=O)O)[C@@H](C)c2cccc(OCc3coc(-c4ccc(Cl)cc4)n3)c2)c1,6.112382699664264,772.0,0,0,0,0,1,0
COc1ccc(OC(=O)N(CC(=O)O)[C@@H](C)c2cccc(OCc3coc(-c4ccc(Cl)cc4)n3)c2)cc1,6.013228265733755,970.0,0,0,0,0,0,0
Cc1ccc(F)c(OC(=O)N(CC(=O)O)[C@@H](C)c2cccc(OCc3coc(-c4ccc(Cl)cc4)n3)c2)c1,6.1487416512809245,710.0,0,0,0,0,1,0
COc1cc(OC(=O)N(CC(=O)O)[C@@H](C)c2cccc(OCc3coc(-c4ccc(Cl)cc4)n3)c2)ccc1F,5.84043280676638,1444.0,0,0,0,0,0,0
Cc1ccc(NC(=O)CN(Cc2ccc(OC(C)(C)C(=O)O)cc2)Cc2ccco2)c(C)c1,6.096910013008056,800.0,0,0,0,0,0,0
CSc1nc(NCc2ccccc2)c(C(=O)O)c(SCc2ccccc2)n1,6.7447274948966935,180.0,1,1,0,1,1,1
CCCCSc1nc(NCc2ccccc2)c(C(=O)O)c(SCc2ccccc2)n1,6.259637310505756,550.0,0,0,0,0,0,0
CCCCCCCCSc1nc(NCc2ccccc2)c(C(=O)O)c(SCc2ccccc2)n1,6.022276394711152,950.0,0,0,0,0,0,0
CCCCNc1nc(NCc2ccccc2)c(C(=O)O)c(SCc2ccccc2)n1,6.327902142064283,470.0,0,0,0,0,0,0
CCCCCCCNc1nc(NCc2ccccc2)c(C(=O)O)c(SCc2ccccc2)n1,6.6020599913279625,250.0,0,0,0,0,0,0
CCCCN(C)c1nc(NCc2ccccc2)c(C(=O)O)c(SCc2ccccc2)n1,6.376750709602099,420.0,0,0,0,0,0,0
CSc1nc(Nc2ccccc2)c(C(=O)O)c(SCc2ccccc2)n1,5.795880017344075,1600.0,1,1,0,1,1,1
CSc1nc(NCCc2ccccc2)c(C(=O)O)c(SCc2ccccc2)n1,6.173925197299173,670.0,0,0,0,0,0,0
CSc1nc(NCc2ccccn2)c(C(=O)O)c(SCc2ccccc2)n1,6.6020599913279625,250.0,1,1,0,1,1,1
CSc1nc(NCc2cccnc2)c(C(=O)O)c(SCc2ccccc2)n1,6.130768280269024,740.0,0,0,0,0,0,0
CSc1nc(NCc2ccncc2)c(C(=O)O)c(SCc2ccccc2)n1,5.568636235841013,2700.0,1,1,0,1,1,1
CSc1nc(NC2CC2)c(C(=O)O)c(SCc2ccccc2)n1,5.7447274948966935,1800.0,0,0,0,0,1,1
CSc1nc(NCC2CCCCC2)c(C(=O)O)c(SCc2ccccc2)n1,6.522878745280337,300.0,0,0,0,0,0,0
CSc1nc(NCc2ccccc2)c(C(=O)O)c(OCc2ccccc2)n1,5.638272163982407,2300.0,1,1,0,1,1,1
CSc1nc(SCc2ccccc2)c(C(=O)O)c(SCc2ccccc2)n1,6.853871964321762,140.0,1,1,0,1,1,1
CSc1nc(Cl)c(C(=O)NCc2ccccc2)c(NCc2ccccc2)n1,5.301029995663981,5000.0,0,0,0,0,0,0
O=C(O)CSc1nc(OCCc2ccccc2)cc(OCCc2ccccc2)n1,5.431798275933005,3700.0,0,0,0,0,0,0
CCC(Sc1nc(OCCc2ccccc2)cc(OCCc2ccccc2)n1)C(=O)O,5.214670164989233,6100.0,0,0,0,0,0,0
CCCCCCC(Sc1nc(OCCc2ccccc2)cc(OCCc2ccccc2)n1)C(=O)O,5.055517327849832,8800.0,0,0,0,0,0,0
CCCCC(Sc1nc(OCCCc2ccccc2)cc(OCCCc2ccccc2)n1)C(=O)O,5.050609993355087,8900.0,0,0,0,0,0,0
CCCCC(Sc1nc(OCCCCc2ccccc2)cc(OCCCCc2ccccc2)n1)C(=O)O,5.0,10000.0,0,0,0,0,0,0
CCCCC(Sc1nc(OCCc2ccc(C)cc2)cc(OCCc2ccc(C)cc2)n1)C(=O)O,5.1249387366083,7500.0,0,0,0,0,0,0
CCCCC(Sc1nc(OCCc2ccc(C(F)(F)F)cc2)cc(OCCc2ccc(C(F)(F)F)cc2)n1)C(=O)O,4.958607314841775,11000.0,0,0,0,0,0,0
CCCCC(Sc1nc(OCCc2ccc(OC(F)(F)F)cc2)cc(OCCc2ccc(OC(F)(F)F)cc2)n1)C(=O)O,4.987162775294828,10300.0,0,0,0,0,0,0
CCCCC(Sc1nc(OCCc2ccc(C#N)cc2)cc(OCCc2ccc(C#N)cc2)n1)C(=O)O,5.154901959985743,7000.0,0,0,0,0,0,0
CCCCC(Sc1nc(OCCC2CCCCC2)cc(OCCC2CCCCC2)n1)C(=O)O,5.180456064458132,6600.0,0,0,0,0,0,0
CCCCC(Sc1nc(OCCC2CCCC2)cc(OCCC2CCCC2)n1)C(=O)O,4.91721462968355,12100.0,0,0,0,0,0,0
CCCCC(Sc1nc(OCCC2CC2)cc(OCCC2CC2)n1)C(=O)O,5.366531544420414,4300.0,0,0,0,0,0,0
CCCCC(Sc1nc(OCCC(C)C)cc(OCCC(C)C)n1)C(=O)O,4.958607314841775,11000.0,0,0,0,0,0,0
CCCc1nc2cc(Br)ccc2n1Cc1ccc(-c2ccccc2C(=O)O)cc1,6.3979400086720375,400.0,1,1,0,0,1,1
CCCc1nc2ccc(Br)cc2n1Cc1ccc(-c2ccccc2C(=O)O)cc1,6.327902142064283,470.0,1,1,0,0,1,1
CCCc1nc2cc(Br)c(Br)cc2n1Cc1ccc(-c2ccccc2C(=O)O)cc1,6.3979400086720375,400.0,1,1,0,0,1,0
CCCc1nc2cc(C(=O)c3ccccc3)ccc2n1Cc1ccc(-c2ccccc2C(=O)O)cc1,6.236572006437063,580.0,0,0,0,0,0,0
CCCc1nc2ccc(C(=O)c3ccccc3)cc2n1Cc1ccc(-c2ccccc2C(=O)O)cc1,6.2076083105017466,620.0,0,0,0,0,0,0
CCCc1nc2cc(C(O)c3ccccc3)ccc2n1Cc1ccc(-c2ccccc2C(=O)O)cc1,5.537602002101044,2900.0,0,0,0,0,1,1
CCCc1nc2ccc(C(O)c3ccccc3)cc2n1Cc1ccc(-c2ccccc2C(=O)O)cc1,5.455931955649724,3500.0,0,0,0,0,0,0
CCCc1nc2cc3ccccc3cc2n1Cc1ccc(-c2ccccc2C(=O)O)cc1,6.585026652029182,260.0,0,0,0,0,0,0
O=C(Oc1ccc([N+](=O)[O-])cc1)c1cn(-c2ccccc2)nc1-c1ccccc1,5.640164517660112,2290.0,0,0,0,0,0,0
COc1ccc(C(=O)c2cc(C)cn2C/C=C/c2ccc(Cl)cc2C(=O)NS(C)(=O)=O)cc1,4.920818753952375,12000.0,0,0,0,0,0,0
COc1ccc(C(=O)c2cccn2C/C=C/c2cccc(CC(=O)O)c2)cc1,5.698970004336019,2000.0,0,0,0,0,0,0
COc1ccc(C(=O)c2cccn2C/C=C/c2cccc(OCC(=O)O)c2)cc1,5.721246399047171,1900.0,0,0,0,0,0,0
Cc1ccc(C(=O)c2cccn2C/C=C/c2cccc(OCC(=O)O)c2)cc1,5.920818753952375,1200.0,0,0,0,0,0,0
Cc1cc(CN2CCc3ccccc3C2C(=O)Nc2ccc(Cl)cc2Cl)ccc1OCC(=O)O,5.568636235841013,2700.0,0,0,0,0,0,0
Cc1cc(CN2Cc3ccccc3C[C@@H]2C(=O)Nc2ccc(Cl)cc2Cl)ccc1OCC(=O)O,6.096910013008056,800.0,0,0,0,0,0,0
C/C(=N\OCc1sc(-c2ccc(C(F)(F)F)cc2)nc1C)c1ccc(OCC(=O)O)c(C)c1,8.221848749616356,6.0,1,1,0,0,1,1
CC/C(=N\OCc1sc(-c2ccc(C(F)(F)F)cc2)nc1C)c1ccc(OCC(=O)O)c(C)c1,6.096910013008056,800.0,1,1,0,0,1,1
Cc1cc(/C(=N/OCc2sc(-c3ccc(C(F)(F)F)cc3)nc2C)C2CCCCC2)ccc1OCC(=O)O,6.0,1000.0,0,0,0,0,1,1
C/C(=N\OCc1nc(-c2ccccc2)oc1C)c1ccc(OCC(=O)O)c(C)c1,6.522878745280337,300.0,0,0,0,0,1,0
C/C(=N\OCc1nc(-c2ccc(C)cc2)oc1C)c1ccc(OCC(=O)O)c(C)c1,6.3979400086720375,400.0,0,0,0,0,1,0
Cc1cc2c(CCc3nc(-c4ccc(Cl)cc4Cl)oc3C(C)C)noc2cc1OCC(=O)O,5.0,10000.0,0,0,0,0,0,0
Cc1ccc(C(=O)c2nc3ccccc3n2C/C=C/c2cccc(OCC(=O)O)c2)cc1,5.337242168318426,4600.0,0,0,0,0,1,0
Cc1ccc(C(=O)c2nccn2C/C=C/c2cccc(OC(C)(C)C(=O)O)c2)cc1,4.920818753952375,12000.0,0,0,0,0,0,0
Cc1ccc(C(=O)c2nc(C)c(C)n2C/C=C/c2cccc(OC(C)(C)C(=O)O)c2)cc1,5.318758762624412,4800.0,0,0,0,0,0,0
Cc1ccc(C(=O)c2nc3c(n2C/C=C/c2cccc(OC(C)(C)C(=O)O)c2)CCCC3)cc1,5.522878745280337,3000.0,0,0,0,0,0,0
Cc1ccc(C(=O)c2nc3ccccc3n2C/C=C/c2cccc(OC(C)(C)C(=O)O)c2)cc1,5.769551078621726,1700.0,1,1,0,0,1,0
Cc1ccc(C(=O)c2nc3ccccc3n2/C=C/c2cccc(OC(C)(C)C(=O)O)c2)cc1,6.886056647693163,130.0,1,1,0,0,1,0
Cc1ccc(C(=O)c2nc3ccccc3n2Cc2cccc(OC(C)(C)C(=O)O)c2)cc1,5.221848749616356,6000.0,1,1,0,0,1,0
Cc1ccc(C(=O)c2nc3ccccc3n2-c2cccc(OC(C)(C)C(=O)O)c2)cc1,5.481486060122113,3300.0,1,1,0,0,1,0
CCC(Cc1ccc(OC)c(CNC(=O)c2ccc(OCc3ccccc3)cc2)c1)C(=O)O,6.337242168318426,460.0,1,1,0,0,0,0
CCC(Cc1ccc(OC)c(CNC(=O)c2cccc(-c3ccccc3)c2)c1)C(=O)O,6.1487416512809245,710.0,0,0,0,0,0,0
CCC(Cc1ccc(OC)c(CNC(=O)c2ccc(OCCc3ccccc3)cc2)c1)C(=O)O,6.107905397309519,780.0,0,0,0,0,0,0
CCC(Cc1ccc(OC)c(CNC(=O)c2ccc(Oc3ccccc3)cc2)c1)C(=O)O,6.086186147616283,820.0,0,0,0,0,0,0
CC[C@@H](Cc1ccc(OC)c(CNC(=O)c2ccc(Oc3ccc(Cl)cc3)cc2)c1)C(=O)O,6.080921907623926,830.0,0,0,0,0,0,0
CC[C@@H](Cc1ccc(OC)c(CNC(=O)c2ccc(Oc3ccc(F)cc3)cc2)c1)C(=O)O,6.036212172654444,920.0,0,0,0,0,0,0
CC[C@@H](Cc1ccc(OC)c(CNC(=O)c2ccc(Oc3ccc(Br)cc3)cc2)c1)C(=O)O,6.00436480540245,990.0,0,0,0,0,0,0
CCC(Cc1ccc(OC)c(CNC(=O)c2ccc(OC(F)(F)F)cc2)c1)C(=O)O,5.356547323513812,4400.0,0,0,0,0,1,1
CCC(Cc1ccc(OC)c(CNC(=O)c2cccc(Oc3ccccc3)c2)c1)C(=O)O,5.337242168318426,4600.0,0,0,0,0,1,1
Cc1oc(-c2ccccc2)nc1CCc1noc2cc(OC(C)(C)C(=O)O)ccc12,4.681936665037238,20800.0,0,0,0,0,1,0
CCc1oc(-c2ccccc2)nc1CCc1noc2cc(OC(C)(C)C(=O)O)ccc12,4.600326278518962,25100.0,0,0,0,0,1,0
CCCc1oc(-c2ccccc2)nc1CCc1noc2cc(OC(C)(C)C(=O)O)ccc12,4.718966632752273,19100.0,0,0,0,0,1,0
CCCc1oc(-c2ccccc2Cl)nc1CCc1noc2cc(OC(C)(C)C(=O)O)ccc12,4.578396073130169,26400.0,0,0,0,0,1,0
CC(C)c1oc(-c2ccccc2Cl)nc1CCc1noc2cc(OC(C)(C)C(=O)O)ccc12,4.507239610973162,31100.0,0,0,0,0,1,1
CCCCCCc1oc(-c2ccccc2Cl)nc1CCc1noc2cc(OC(C)(C)C(=O)O)ccc12,5.229147988357856,5900.0,0,0,0,0,0,0
CC(C)c1oc(-c2ccccc2O)nc1CCc1noc2cc(OC(C)(C)C(=O)O)ccc12,4.835647144215563,14600.0,0,0,0,0,1,1
CC(C)c1oc(-c2ccc(C(C)(C)C)cc2)nc1CCc1noc2cc(OC(C)(C)C(=O)O)ccc12,6.0,1000.0,0,0,0,0,1,1
CCCCc1ccc(-c2nc(CCc3noc4cc(OC(C)(C)C(=O)O)ccc34)c(C(C)C)o2)cc1,5.585026652029182,2600.0,0,0,0,0,1,1
CC(C)c1oc(-c2ccc(Cl)cc2Cl)nc1CCc1noc2cc(OC(C)(C)C(=O)O)ccc12,4.580044251510242,26300.0,0,0,0,0,1,1
CC(C)c1nc(-c2ccc(C(F)(F)F)cc2)sc1CCc1noc2cc(OC(C)(C)C(=O)O)ccc12,5.292429823902063,5100.0,0,0,0,0,0,0
Cc1cc2c(CCc3sc(-c4ccc(C(F)(F)F)cc4)nc3C(C)C)noc2cc1OC(C)(C)C(=O)O,6.040958607678906,910.0,0,0,0,0,0,0
Cc1ccc(S(=O)(=O)Oc2ccc(N(CC(=O)O)S(=O)(=O)c3ccc(C)cc3)cc2)cc1,7.815308569182402,15.3,0,0,0,0,0,0
COc1ccc(-c2nc(SCC(=O)O)n(-c3ccccn3)c2-c2ccc(OC)cc2)cc1,6.649751981665837,224.0,0,0,0,0,0,0
Cc1ccc(S(=O)(=O)Oc2cc(OCc3ccc(C(F)(F)F)cc3)c(/C=C3\SC(=O)NC3=O)cc2Br)cc1,6.468521082957745,340.0,0,0,0,0,0,0
O=C1NC(=O)/C(=C/c2cc(Br)ccc2OCc2cc(C(F)(F)F)cc(C(F)(F)F)c2)S1,6.060480747381382,870.0,0,0,0,0,0,0
Cc1cc(CC(C)C)nc2c1nc(C(C)C)n2[C@H]1CCc2cc(-c3ccccc3-c3nnn[nH]3)ccc21,7.050609993355087,89.0,0,0,0,0,1,0
CCc1nc2c(C)cc(Cc3ccccc3)nc2n1[C@H]1CCc2cc(-c3ccccc3-c3nnn[nH]3)ccc21,7.045757490560675,90.0,0,0,0,0,1,0
CCc1nc2c(CC(C)C)cc(C)nc2n1[C@H]1CCc2cc(-c3ccccc3-c3nnn[nH]3)ccc21,6.782516055786093,165.0,1,1,0,0,1,0
CCc1nc2c(C)cc(CC(C)C)nc2n1[C@H]1CCc2cc(-c3ccccc3C(=O)O)ccc21,6.756961951313706,175.0,0,0,0,0,0,0
CCc1nc2c(C)cc(CC(C)C)nc2n1[C@H]1CCc2cc(-c3ccccc3-c3nnn[nH]3)ccc21,6.673664139071248,212.0,0,0,0,0,1,0
CCc1cc(C)c2nc(C(C)C)n([C@H]3CCc4cc(-c5ccccc5-c5nnn[nH]5)ccc43)c2n1,6.578396073130169,264.0,0,0,0,0,1,0
Cc1cc(C)c2nc(C(C)C)n([C@H]3CCc4cc(-c5ccccc5-c5nnn[nH]5)ccc43)c2n1,6.530177984021837,295.0,0,0,0,0,1,0
CCc1cc(C)c2nc(CC)n([C@H]3CCc4cc(-c5ccccc5-c5nnn[nH]5)ccc43)c2n1,6.306273051076353,494.0,0,0,0,0,0,0
CCc1nc2c(C)cc(C)nc2n1C1CCc2cc(-c3ccccc3-c3nn[nH]n3)ccc21,6.241088107602026,574.0,0,0,0,0,0,0
Cc1cc(C)c2nc(C3CC3)n([C@H]3CCc4cc(-c5ccccc5-c5nnn[nH]5)ccc43)c2n1,6.1180450286604,762.0,0,0,0,0,0,0
CCCc1nc2c(C)cc(C)nc2n1[C@H]1CCc2cc(-c3ccccc3-c3nnn[nH]3)ccc21,5.87942606879415,1320.0,0,0,0,0,1,0
CCc1c(C)nc2c(nc(CC)n2[C@H]2CCc3cc(-c4ccccc4-c4nnn[nH]4)ccc32)c1C,5.872895201635193,1340.0,0,0,0,0,1,0
CCc1nc2c(C)c(C)c(C)nc2n1[C@H]1CCc2cc(-c3ccccc3-c3nnn[nH]3)ccc21,5.739928612014925,1820.0,1,1,0,0,1,0
CCCCc1nc2c(C)cc(C)nc2n1C1CCc2cc(-c3ccccc3-c3nn[nH]n3)ccc21,5.657577319177793,2200.0,0,0,0,0,0,0
CCO[C@@H](Cc1ccc(OCc2nc(-c3ccsc3)oc2C)cc1)C(=O)O,8.568636235841012,2.7,1,1,0,0,1,1
CCO[C@@H](Cc1ccc(OCc2nc(-c3ccc(-c4ccccc4)s3)oc2C)cc1)C(=O)O,8.522878745280337,3.0,0,0,0,0,0,0
CCO[C@@H](Cc1ccc(OCCc2nc(-c3cccs3)oc2C)cc1)C(=O)O,10.30102999566398,0.05,1,1,0,1,1,1
CCO[C@@H](Cc1ccc(OCCc2nc(-c3ccsc3)oc2C)cc1)C(=O)O,9.221848749616356,0.6,1,1,0,1,1,1
CCO[C@@H](Cc1ccc(OCCc2nc(-c3ccc(C)s3)oc2C)cc1)C(=O)O,10.744727494896694,0.018,1,1,0,0,1,1
CCO[C@@H](Cc1ccc(OCCc2nc(-c3ccc(-c4ccccc4)s3)oc2C)cc1)C(=O)O,8.346787486224656,4.5,1,1,0,1,1,1
CCCCOc1cc(N2C(=O)c3ccccc3C2=O)ccc1CCc1ccc(CC(CC)C(=O)O)cc1,5.102372908709558,7900.0,0,0,0,0,0,0
CCC(Cc1ccc(CCc2ccc(N3C(=O)c4ccccc4C3=O)cc2O)cc1)C(=O)O,4.769551078621726,17000.0,0,0,0,0,0,0
CCC(Cc1ccc(CCc2ccc(N3C(=O)c4ccccc4C3=O)cc2)cc1)C(=O)O,4.958607314841775,11000.0,0,0,0,0,0,0
O=C(O)CCCOc1ccc(CCc2ccc(N3C(=O)c4ccccc4C3=O)cc2)cc1,4.920818753952375,12000.0,0,0,0,0,0,0
CCCCC(Cc1cc(OCCc2ccccc2)cc(OCCc2ccccc2)c1)C(=O)O,5.327902142064283,4700.0,0,0,0,0,0,0
CCCC/C(=C\c1cc(OCCc2ccccc2)cc(OCCc2ccccc2)c1)C(=O)O,5.107905397309519,7800.0,0,0,0,0,0,0
CCCCC(Sc1cc(OCCc2ccccc2)cc(OCCc2ccccc2)c1)C(=O)O,5.468521082957745,3400.0,0,0,0,0,0,0
CCCCC(Oc1cc(OCCc2ccccc2)cc(OCCc2ccccc2)c1)C(=O)O,5.318758762624412,4800.0,0,0,0,0,0,0
CCCCC(Cc1cccc(OCCc2ccccc2)c1OCCc1ccccc1)C(=O)O,5.431798275933005,3700.0,0,0,0,0,0,0
CCCCC(Cc1ccc(OCCc2ccccc2)c(OCCc2ccccc2)c1)C(=O)O,5.657577319177793,2200.0,0,0,0,0,0,0
CCCCC(Cc1cc(OCCc2ccccc2)ccc1OCCc1ccccc1)C(=O)O,4.966576244513051,10800.0,0,0,0,0,0,0
CCCC/C(=C\c1cc(OCCc2ccccc2)ccc1OCCc1ccccc1)C(=O)O,5.7447274948966935,1800.0,0,0,0,0,0,0
CCCC/C(=C\c1cc(OCCc2ccc(C(F)(F)F)cc2)ccc1OCCc1ccc(C(F)(F)F)cc1)C(=O)O,5.142667503568732,7200.0,0,0,0,0,0,0
CCCCC(Cc1ccc(OCCC2CCCCC2)c(OCCC2CCCCC2)c1)C(=O)O,5.958607314841775,1100.0,0,0,0,0,0,0
CCCCC(Cc1ccc(OCCC2CCCCC2)c(OCCc2ccccc2)c1)C(=O)O,5.6020599913279625,2500.0,0,0,0,0,0,0
CCCCC(Cc1ccc(OCCc2ccccc2)c(OCCC2CCCCC2)c1)C(=O)O,5.823908740944319,1500.0,0,0,0,0,0,0
CC[C@@H](NC(=O)c1ccc2c(c1)nc(C)n2Cc1ccc(C(N)=O)cc1)c1ccccc1,5.0,10000.0,1,1,0,0,1,1
CC[C@@H](NC(=O)c1ccc2c(c1)nc(C)n2Cc1ccc(S(C)(=O)=O)cc1)c1ccccc1,5.300000202445418,5011.87,0,0,0,0,1,1
CC[C@@H](NC(=O)c1ccc2c(c1)ncn2Cc1ccncc1)c1ccccc1,6.0999990348465305,794.33,1,1,0,0,1,1
CC[C@@H](NC(=O)c1ccc2c(c1)ncn2Cc1cccnc1)c1ccccc1,6.299997602857746,501.19,1,1,0,0,1,1
Cc1nc2cc(C(=O)NCc3ccccc3)ccc2n1Cc1ccc(Cl)c(Cl)c1,6.399996913372259,398.11,0,0,0,0,0,0
CC[C@@H](NC(=O)c1ccc2c(c1)nc(C(C)C)n2Cc1ccc(Cl)c(Cl)c1)c1ccccc1,6.399996913372259,398.11,0,0,0,0,0,0
CC[C@@H](NC(=O)c1ccc2c(c1)ncn2Cc1ccccc1S(C)(=O)=O)c1ccccc1,6.399996913372259,398.11,0,0,0,0,1,1
CC[C@@H](NC(=O)c1ccc2c(c1)nc(C(F)(F)F)n2Cc1ccc(Cl)c(Cl)c1)c1ccccc1,6.599997654072044,251.19,0,0,0,0,0,0
CCc1nc2cc(C(=O)N[C@H](CC)c3ccccc3)ccc2n1Cc1ccc(Cl)c(Cl)c1,6.699991797446187,199.53,0,0,0,0,0,0
CC[C@@H](NC(=O)c1ccc2c(c1)nc(C)n2Cc1ccc(F)cc1)c1ccccc1,6.799998134593398,158.49,1,1,0,0,1,1
CC[C@@H](NC(=O)c1ccc2c(c1)nc(C1CC1)n2Cc1ccc(Cl)c(Cl)c1)c1ccccc1,6.900008766455316,125.89,0,0,0,0,0,0
CC[C@@H](NC(=O)c1ccc2c(c1)ncn2Cc1ccccn1)c1ccccc1,6.900008766455316,125.89,1,1,0,0,1,1
CCC(=O)c1nc2cc(C(=O)N[C@H](CC)c3ccccc3)ccc2n1Cc1ccc(Cl)c(Cl)c1,7.100015437450609,79.43,0,0,0,0,0,0
CC[C@@H](NC(=O)c1ccc2c(c1)nc(C)n2Cc1cccc(Cl)c1)c1ccccc1,7.100015437450609,79.43,1,1,0,0,1,1
CC[C@@H](NC(=O)c1ccc2c(c1)nc(C)n2Cc1ccccc1Cl)c1ccccc1,7.299988937677887,50.12,0,0,0,0,1,1
CC[C@@H](NC(=O)c1ccc2c(c1)ncn2Cc1ccc(Cl)cn1)c1ccccc1,7.400007822415902,39.81,1,1,0,1,1,1
CC[C@@H](NC(=O)c1ccc2c(c1)nc(C)n2Cc1ccc(Cl)cc1)c1ccccc1,7.50003813440381,31.62,1,1,0,0,1,1
CC[C@@H](NC(=O)c1ccc2c(c1)ncn2Cc1ncccc1Cl)c1ccccc1,7.79997073344623,15.85,1,1,0,0,1,1
CC[C@@H](NC(=O)c1ccc2c(c1)ncn2Cc1ncc(F)cc1F)c1ccccc1,8.0,10.0,1,1,0,1,1,1
CC[C@@H](NC(=O)c1ccc2c(c1)ncn2Cc1ccccc1F)c1ccccc1,8.100015437450608,7.943,1,1,0,0,1,1
CC[C@@H](NC(=O)c1ccc2c(c1)ncn2Cc1ccc(F)c(Cl)c1)c1ccccc1,8.199970640755867,6.31,0,0,0,0,1,1
CC[C@@H](NC(=O)c1ccc2c(c1)ncn2Cc1ccccc1OC)c1ccccc1,8.299988937677888,5.012,1,1,0,0,1,1
CC[C@@H](NC(=O)c1ccc2c(c1)ncn2Cc1ccc(Cl)cc1)c1ccccc1,8.500038134403809,3.162,1,1,0,1,1,1
CC[C@@H](NC(=O)c1ccc2c(c1)ncn2Cc1ccc(Cl)c(Cl)c1)c1ccccc1,8.599980364934842,2.512,1,1,0,0,1,1
CC[C@@H](NC(=O)c1ccc2c(c1)ncn2Cc1ccc(F)cc1F)c1ccccc1,8.79997073344623,1.585,1,1,0,0,1,1
CC[C@@H](NC(=O)c1ccc2c(c1)ncn2Cc1ccc(Cl)cc1F)c1ccccc1,9.100015437450608,0.7943,1,1,0,1,1,1
CC[C@@H](NC(=O)c1ccc2c(c1)ncn2Cc1ccc(Cl)cc1Cl)c1ccccc1,9.299988937677888,0.5012,1,1,0,1,1,1
CC[C@@H](NC(=O)c1ccc2c(c1)ncn2Cc1ncc(Cl)cc1Cl)c1ccccc1,9.299988937677888,0.5012,1,1,0,1,1,1
CCCS(=O)(=O)NC(=O)CCc1cc(OC(C)C)nn1Cc1ccc(Cl)cc1Cl,6.795880017344075,160.0,1,1,0,0,1,0
CC(C)Oc1cc(CCC(=O)NS(C)(=O)=O)n(Cc2ccc(Cl)cc2Cl)n1,6.346787486224656,450.0,0,0,0,0,1,1
CCCCCS(=O)(=O)NC(=O)/C=C/c1cc(C2CC2)nn1Cc1ccc(C(F)(F)F)cc1Cl,7.920818753952375,12.0,0,0,0,0,0,0
CCCCCS(=O)(=O)NC(=O)/C=C/c1cc(C(C)C)nn1Cc1ccc(Cl)cc1Cl,8.086186147616283,8.2,0,0,0,0,0,0
COCCOc1cc(/C=C/C(=O)NS(=O)(=O)CCC(C)C)n(Cc2ccc(C(F)(F)F)cc2Cl)n1,8.045757490560675,9.0,0,0,0,0,0,0
CC(C)CCS(=O)(=O)NC(=O)/C=C/c1cc(OC(C)C)nn1Cc1ccc(C(F)(F)F)cc1Cl,8.080921907623926,8.3,0,0,0,0,0,0
CCCCCS(=O)(=O)NC(=O)/C=C/c1cc(OC(C)C)nn1Cc1ccc(C(F)(F)F)cc1Cl,8.031517051446064,9.3,1,1,0,0,0,0
CCCCCS(=O)(=O)NC(=O)/C=C/c1cc(OC(C)C)nn1Cc1ccc(Cl)cc1Cl,7.698970004336019,20.0,0,0,0,0,1,1
CCCCCS(=O)(=O)NC(=O)CCCCc1cc(OCCCC)nn1Cc1ccc(Cl)cc1Cl,7.5376020021010435,29.0,0,0,0,0,0,0
CCCCCS(=O)(=O)NC(=O)CCCc1cc(OCCCC)nn1Cc1ccc(Cl)cc1Cl,7.173925197299173,67.0,0,0,0,0,0,0
CCCCCS(=O)(=O)NC(=O)CCc1cc(-c2ccccc2)nn1Cc1ccc(Cl)cc1Cl,7.958607314841775,11.0,0,0,0,0,0,0
CCCCCS(=O)(=O)NC(=O)CCc1cc(C2CC2)nn1Cc1ccc(C(F)(F)F)cc1Cl,7.886056647693163,13.0,0,0,0,0,0,0
CCCCCS(=O)(=O)NC(=O)CCc1cc(C(C)C)nn1Cc1ccc(C(F)(F)F)cc1Cl,8.075720713938118,8.4,0,0,0,0,0,0
CCCCCS(=O)(=O)NC(=O)CCc1cc(C(C)C)nn1Cc1ccc(Cl)cc1Cl,7.886056647693163,13.0,1,1,0,0,0,0
CCCCCS(=O)(=O)NC(=O)CCc1cc(OCc2ccccc2)nn1Cc1ccc(Cl)cc1Cl,7.853871964321762,14.0,0,0,0,0,0,0
CCCCCS(=O)(=O)NC(=O)CCc1cc(OCCOC)nn1Cc1ccc(Cl)cc1Cl,7.508638306165727,31.0,0,0,0,0,0,0
CCCCCS(=O)(=O)NC(=O)CCc1cc(OCCCC)nn1Cc1ccc(Cl)cc1Cl,8.1249387366083,7.5,1,1,0,0,0,0
CC(C)Oc1cc(CCC(=O)NS(=O)(=O)Cc2ccccc2)n(Cc2ccc(Cl)cc2Cl)n1,6.585026652029182,260.0,0,0,0,0,1,1
CC(C)Oc1cc(CCC(=O)NS(=O)(=O)c2ccccc2)n(Cc2ccc(Cl)cc2Cl)n1,6.958607314841775,110.0,0,0,0,0,1,0
CC(C)Oc1cc(CCC(=O)NS(=O)(=O)C2CCCCC2)n(Cc2ccc(Cl)cc2Cl)n1,6.823908740944319,150.0,0,0,0,0,1,0
CC(C)CCS(=O)(=O)NC(=O)CCc1cc(OC(C)C)nn1Cc1ccc(Cl)cc1Cl,7.769551078621726,17.0,0,0,0,0,1,1
CCCCCCS(=O)(=O)NC(=O)CCc1cc(OC(C)C)nn1Cc1ccc(Cl)cc1Cl,7.67778070526608,21.0,0,0,0,0,1,1
CCCCCS(=O)(=O)NC(=O)CCc1cc(OC(C)C)nn1Cc1ccc(Cl)cc1Cl,7.795880017344075,16.0,0,0,0,0,1,1
CCCCCS(=O)(=O)NC(=O)CCc1cc(OC(C)C)nn1Cc1ccc(C(F)(F)F)cc1Cl,8.0,10.0,0,0,0,0,0,0
CCCCS(=O)(=O)NC(=O)CCc1cc(OC(C)C)nn1Cc1ccc(Cl)cc1Cl,7.397940008672037,40.0,0,0,0,0,1,1
CC(C)Oc1cc(CCC(=O)O)n(Cc2ccc(Cl)cc2Cl)n1,6.301029995663981,500.0,0,0,0,0,1,1
COc1cccc(CC(=O)O)c1OCCCc1cc(OC(C)C)nn1Cc1ccc(Cl)cc1Cl,8.638272163982407,2.3,0,0,0,0,1,0
CC[C@@H](Cc1ccc(OC)c(C(=O)NCc2ccc(Oc3ccc(F)cc3)cc2)c1)C(=O)O,5.6020599913279625,2500.0,0,0,0,0,0,0
COc1ccc(-c2cccc(C(=O)O)c2)cc1CNC(=O)c1ccc(Oc2ccccc2)cc1,5.229147988357856,5900.0,0,0,0,0,0,0
C[C@@H](Oc1cc(Cn2c(=O)n(Cc3ccc(Cl)cc3)c3ccc(C(F)(F)F)cc32)ccc1Cl)C(=O)O,5.522878745280337,3000.0,1,1,0,1,1,1
C[C@@H](Oc1cc(Cn2c(=O)n(C(=O)c3ccc(Cl)cc3)c3ccc(C(F)(F)F)cc32)ccc1Cl)C(=O)O,6.31069114087638,489.0,0,0,0,0,0,0
Cc1cccc2c(-n3c(=O)n(Cc4ccc(Cl)c(O[C@H](C)C(=O)O)c4)c4cc(C(F)(F)F)ccc43)noc12,8.387216143280265,4.1,1,1,0,0,1,1
Cc1ccc2onc(-n3c(=O)n(Cc4ccc(Cl)c(O[C@H](C)C(=O)O)c4)c4cc(C(F)(F)F)ccc43)c2c1,5.522878745280337,3000.0,1,1,1,1,1,1
Cc1ccc2c(-n3c(=O)n(Cc4ccc(Cl)c(O[C@H](C)C(=O)O)c4)c4cc(C(F)(F)F)ccc43)noc2c1,7.110698297493689,77.5,1,1,1,1,1,1
C[C@@H](Oc1cc(Cn2c(=O)n(-c3noc4ccc(Cl)cc34)c3ccc(C(F)(F)F)cc32)ccc1Cl)C(=O)O,6.920818753952375,120.0,1,1,0,1,1,1
COc1ccc2c(-n3c(=O)n(Cc4ccc(Cl)c(O[C@H](C)C(=O)O)c4)c4cc(OC(F)(F)F)ccc43)noc2c1,7.943095148663527,11.4,1,1,0,0,0,0
COc1ccc2c(-n3c(=O)n(Cc4ccc(Cl)c(O[C@H](C)C(=O)O)c4)c4ccc(C(F)(F)F)cc43)noc2c1,7.080921907623926,83.0,1,1,0,0,0,0
COc1ccc2c(-n3c(=O)n(Cc4ccc(Cl)c(O[C@H](C)C(=O)O)c4)c4ccc(OC(F)(F)F)cc43)noc2c1,7.87942606879415,13.2,0,0,0,0,0,0
COc1ccc2c(-n3c(=O)n(Cc4cc(O[C@H](C)C(=O)O)ccc4Cl)c4cc(C(F)(F)F)ccc43)noc2c1,6.991399828238082,102.0,1,1,0,0,0,0
COc1ccc2c(-n3c(=O)n(Cc4cccc([C@@]5(C)OC(=O)NC5=O)c4)c4cc(C(F)(F)F)ccc43)noc2c1,6.6252516539898965,237.0,1,1,0,0,1,0
COc1ccc2c(-n3c(=O)n(Cc4cc([C@@]5(C)OC(=O)NC5=O)ccc4Cl)c4cc(C(F)(F)F)ccc43)noc2c1,7.769551078621726,17.0,1,1,0,0,1,0
C[C@]1(c2cccc(Cn3c(=O)n(-c4noc5cc(Cl)ccc45)c4ccccc43)c2)OC(=O)NC1=O,6.991399828238082,102.0,0,0,0,0,0,0
COc1ccc2c(-n3c(=O)n(Cc4cc(O[C@H](C)C(=O)O)ccc4Cl)c4ccccc43)noc2c1,8.0,10.0,0,0,0,0,0,0
COc1ccc2c(-n3c(=O)n(Cc4cc([C@@]5(C)OC(=O)NC5=O)ccc4Cl)c4ccccc43)noc2c1,8.255707016877324,5.55,0,0,0,0,0,0
CN(CCOc1ccc(C[C@H](OCC(F)(F)F)C(=O)O)cc1)c1nc2ccccc2o1,9.0,1.0,0,0,0,0,1,1
COc1cc(O)c2c(c1C(=O)NCc1cc(C)cc3ccccc13)OC1=CC(O)=C(C(C)=O)C(=O)[C@]12C,6.6777807052660805,210.0,1,1,0,0,1,1
COCc1cc(CNC(=O)c2c(OC)cc(O)c3c2OC2=CC(O)=C(C(C)=O)C(=O)[C@]23C)c2ccccc2c1,6.698970004336019,200.0,0,0,0,0,1,1
COc1cc(O)c2c(c1C(=O)NCc1cc(OC(C)=O)cc3ccccc13)OC1=CC(O)=C(C(C)=O)C(=O)[C@]12C,6.167491087293763,680.0,1,1,0,0,1,1
COc1cc(O)c2c(c1C(=O)NCc1cc(O)cc3ccccc13)OC1=CC(O)=C(C(C)=O)C(=O)[C@]12C,6.886056647693163,130.0,1,1,0,0,1,1
COc1cc(CNC(=O)c2c(OC)cc(O)c3c2OC2=CC(O)=C(C(C)=O)C(=O)[C@]23C)c2ccccc2c1,7.026872146400302,94.0,0,0,0,0,1,1
CCOc1cc(CNC(=O)c2c(OC)cc(O)c3c2OC2=CC(O)=C(C(C)=O)C(=O)[C@]23C)c2ccccc2c1,6.619788758288394,240.0,0,0,0,0,1,1
COC(=O)c1cc(CNC(=O)c2c(OC)cc(O)c3c2OC2=CC(O)=C(C(C)=O)C(=O)[C@]23C)c2ccccc2c1,6.055517327849832,880.0,1,1,0,0,1,1
COC(=O)CCc1cc(CNC(=O)c2c(OC)cc(O)c3c2OC2=CC(O)=C(C(C)=O)C(=O)[C@]23C)c2ccccc2c1,6.886056647693163,130.0,0,0,0,0,1,0
COc1cc(O)c2c(c1C(=O)NCc1cc(CCC(=O)O)cc3ccccc13)OC1=CC(O)=C(C(C)=O)C(=O)[C@]12C,6.494850021680094,320.0,0,0,0,0,1,0
COC(=O)CCCc1cc(CNC(=O)c2c(OC)cc(O)c3c2OC2=CC(O)=C(C(C)=O)C(=O)[C@]23C)c2ccccc2c1,7.376750709602099,42.0,1,1,0,0,1,1
COc1cc(O)c2c(c1C(=O)NCc1cc(CCCC(=O)O)cc3ccccc13)OC1=CC(O)=C(C(C)=O)C(=O)[C@]12C,7.173925197299173,67.0,1,1,0,0,1,1
O=C(O)C(Oc1ccc(Cl)cc1F)c1ccc(Cl)cc1,4.785156151952302,16400.0,0,0,0,0,0,0
O=C(O)C(Oc1ccc(Cl)cc1F)c1ccccc1,4.494850021680094,32000.0,0,0,0,0,1,1
O=C(O)C(Cc1cccc(F)c1)Oc1ccccc1C(F)(F)F,4.935542010773082,11600.0,0,0,0,0,0,0
O=C(O)C(Cc1cccc(F)c1)Oc1ccc(Cl)cc1F,5.619788758288394,2400.0,0,0,0,0,1,1
O=C(O)C(Cc1ccc(F)cc1)Oc1ccc(Cl)cc1,5.2839966563652006,5200.0,0,0,0,0,0,0
O=C(O)C(Cc1cccc(F)c1)Oc1ccc(Cl)cc1,5.455931955649724,3500.0,0,0,0,0,0,0
O=C(O)C(Cc1ccccc1F)Oc1ccc(Cl)cc1,5.309803919971486,4900.0,0,0,0,0,0,0
O=C(O)C(Cc1ccccc1)Oc1ccc(Cl)c(C(F)(F)F)c1,5.236572006437063,5800.0,0,0,0,0,0,0
O=C(O)C(Cc1ccccc1)Oc1ccc(Cl)c(F)c1,4.85078088734462,14100.0,0,0,0,0,0,0
O=C(O)[C@H](Cc1ccccc1)Oc1ccc(Cl)cc1F,5.6020599913279625,2500.0,1,1,0,0,1,1
O=C(O)C(Cc1ccccc1)Oc1ccccc1C(F)(F)F,4.522878745280337,30000.0,0,0,0,0,1,1
O=C(O)[C@H](Cc1ccccc1)Oc1cccc(C(F)(F)F)c1,4.798602875679548,15900.0,1,1,0,0,1,1
O=C(O)C(Cc1ccccc1)Oc1ccccc1F,4.721246399047171,19000.0,0,0,0,0,0,0
O=C(O)C(Cc1ccccc1)Oc1cccc(F)c1,4.3872161432802645,41000.0,0,0,0,0,1,1
O=C(O)[C@H](Cc1ccccc1)Oc1ccc(F)cc1,4.453457336521869,35200.0,1,1,0,0,1,1
CCC/C=C\C#C/C=C/C(=O)CCCCCCCC(=O)O,5.72584215073632,1880.0,0,0,0,0,0,0
CC(C)(O)C1=C[C@@H](O)[C@@](C)(O)CC1,4.663540266151471,21700.0,0,0,0,0,0,0
C=CCc1ccc(OC)c(OC)c1,4.3979400086720375,40000.0,0,0,0,0,0,0
COc1ccc([C@@H](O)[C@H](O)CO)cc1OC,4.714442690992226,19300.0,0,0,0,0,0,0
C/C=C\CC/C=C/C=C/C(=O)NCC(C)C,5.443697499232712,3600.0,1,1,0,1,1,1
CC=C/C=C\CC/C=C/C=C/C(=O)NCC(C)C,4.281498311132726,52300.0,1,1,0,1,1,1
COc1cc([C@H]2OC[C@@H]3[C@H](c4ccc5c(c4)OCO5)OC[C@H]23)cc(OC)c1O,4.645891560852599,22600.0,0,0,0,0,0,0
COc1cc([C@H]2OC[C@@H]3[C@H](c4ccc(O)c(OC)c4)OC[C@H]23)ccc1O,4.23210238398191,58600.0,0,0,0,0,0,0
CCCCCS(=O)(=O)NC(=O)CCc1ccccc1Oc1ncc(C(F)(F)F)cc1Cl,7.214670164989233,61.0,0,0,0,0,0,0
CCCCCS(=O)(=O)NC(=O)CCc1ccc(OC(C)C)cc1Oc1ncc(C(F)(F)F)cc1Cl,8.585026652029182,2.6,1,1,0,0,1,1
CCCCCS(=O)(=O)NC(=O)CCc1ccc(OCCOC)cc1Oc1ncc(C(F)(F)F)cc1Cl,8.823908740944319,1.5,1,1,0,1,1,1
CCCCCS(=O)(=O)NC(=O)CCc1ccc(OCC(=O)N(CC)CC)cc1Oc1ncc(C(F)(F)F)cc1Cl,8.161150909262744,6.9,0,0,0,0,0,0
CCCCCS(=O)(=O)NC(=O)CCc1ccc(OCCN2CCCC2=O)cc1Oc1ncc(C(F)(F)F)cc1Cl,8.468521082957745,3.4,0,0,0,0,0,0
COCCCS(=O)(=O)NC(=O)CCc1ccc(OCCOC)cc1Oc1ncc(C(F)(F)F)cc1Cl,7.958607314841775,11.0,1,1,0,1,0,0
COCCOc1ccc(CCC(=O)NS(=O)(=O)c2ccccc2)c(Oc2ncc(C(F)(F)F)cc2Cl)c1,7.494850021680094,32.0,0,0,0,0,1,1
COCCOc1ccc(CCC(=O)NS(=O)(=O)c2ccc(Cl)cc2)c(Oc2ncc(C(F)(F)F)cc2Cl)c1,8.065501548756432,8.6,0,0,0,0,0,0
CCCCCS(=O)(=O)NC(=O)/C=C/c1ccc(OCCOC)cc1Oc1ncc(C(F)(F)F)cc1Cl,7.823908740944319,15.0,1,1,0,1,1,1
CCCCCS(=O)(=O)NC(=O)C(C)Cc1ccc(OCCOC)cc1Oc1ncc(C(F)(F)F)cc1Cl,8.638272163982407,2.3,1,1,0,0,0,0
CCCCCS(=O)(=O)NC(=O)C1CC1c1ccc(OCCOC)cc1Oc1ncc(C(F)(F)F)cc1Cl,8.259637310505756,5.5,1,1,0,0,0,0
CCCCCS(=O)(=O)NC(=O)/C(C)=C/c1ccc(OCCOC)cc1Oc1ncc(C(F)(F)F)cc1Cl,8.2839966563652,5.2,1,1,0,0,0,0
CCCCCS(=O)(=O)NC(=O)C(Cc1ccc(OCCOC)cc1Oc1ncc(C(F)(F)F)cc1Cl)OC,8.173925197299173,6.7,0,0,0,0,0,0
CCCCCS(=O)(=O)NC(=O)OCc1ccc(OCCOC)cc1Oc1ncc(C(F)(F)F)cc1Cl,8.0,10.0,1,1,0,1,0,0
CCCCCS(=O)(=O)NC(=O)/C=C/c1ccc(OCCOC)cc1Oc1ccc(C(F)(F)F)cc1Cl,7.026872146400302,94.0,1,1,0,1,0,0
CCCCCS(=O)(=O)NC(=O)/C=C/c1ccc(OCCOC)cc1Oc1ncc(Cl)cc1Cl,6.721246399047171,190.0,0,0,0,0,1,1
CCCCCS(=O)(=O)NC(=O)/C=C/c1ccc(OC(C)C)cc1Oc1ncc(C(F)(F)F)cc1Cl,7.585026652029182,26.0,1,1,0,0,1,1
CCCCCS(=O)(=O)NC(=O)/C=C/c1ccc(OCCOC2CC2)cc1Oc1ncc(C(F)(F)F)cc1Cl,8.207608310501746,6.2,1,1,0,1,1,1
CCCCCS(=O)(=O)NC(=O)/C=C/c1ccc(OCCCOC)cc1Oc1ncc(C(F)(F)F)cc1Cl,8.130768280269024,7.4,1,1,0,1,1,1
CCCCCS(=O)(=O)NC(=O)/C=C/c1ccc(OCCO)cc1Oc1ncc(C(F)(F)F)cc1Cl,7.096910013008056,80.0,1,1,0,1,1,1
CCCCCS(=O)(=O)NC(=O)/C=C/c1ccc(OCCC(C)=O)cc1Oc1ncc(C(F)(F)F)cc1Cl,7.229147988357855,59.0,1,1,0,1,0,0
CCCCCS(=O)(=O)NC(=O)/C=C/c1ccc(OCCCS(C)(=O)=O)cc1Oc1ncc(C(F)(F)F)cc1Cl,6.494850021680094,320.0,1,1,0,1,1,1
CCCCCS(=O)(=O)NC(=O)/C=C/c1ccc(OCCCC#N)cc1Oc1ncc(C(F)(F)F)cc1Cl,7.823908740944319,15.0,1,1,0,1,1,1
CCCCCNC(=O)CCc1ccc(OC(C)C)cc1Oc1ncc(C(F)(F)F)cc1Cl,6.537602002101044,290.0,0,0,0,0,1,1
CCCCCS(=O)(=O)NCCCc1ccc(OCCOC)cc1Oc1ncc(C(F)(F)F)cc1Cl,7.494850021680094,32.0,1,1,0,0,0,0
CCCCOC(=O)NCCCc1ccc(OCCOC)cc1Oc1ncc(C(F)(F)F)cc1Cl,7.42021640338319,38.0,0,0,0,0,1,1
CCCCNC(=O)OCCCc1ccc(OCCOC)cc1Oc1ncc(C(F)(F)F)cc1Cl,7.318758762624412,48.0,0,0,0,0,1,1
CCCCCS(=O)(=O)NC(=O)OCCCc1ccc(OCCOC)cc1Oc1ncc(C(F)(F)F)cc1Cl,8.346787486224656,4.5,1,1,0,1,0,0
CCCCCNS(=O)(=O)NC(=O)CCc1ccc(OCCOC)cc1Oc1ncc(C(F)(F)F)cc1Cl,8.958607314841775,1.1,1,1,0,1,1,1
CC(C)=CCC/C(C)=C/Cc1c(O)cc(/C=C/c2ccccc2)cc1O,5.301029995663981,5000.0,0,0,0,0,0,0
COc1ccc(/C=C/c2cc(O)c(C/C=C(\C)CCC=C(C)C)c(O)c2)cc1,4.853871964321762,14000.0,0,0,0,0,0,0
CC(C)=CCC/C(C)=C/Cc1c(O)cc(/C=C/c2cccc(C(F)(F)F)c2)cc1O,5.301029995663981,5000.0,0,0,0,0,0,0
CC(C)=CCC/C(C)=C/Cc1c(O)cc(/C=C/c2ccc(F)cc2)cc1O,4.958607314841775,11000.0,0,0,0,0,0,0
CC(C)=CCC/C(C)=C/Cc1c(O)cc(/C=C/c2cc(F)cc(F)c2)cc1O,5.154901959985743,7000.0,0,0,0,0,0,0
CC(C)=CCC/C(C)=C/Cc1c(O)cc(/C=C/c2ccc(O)cc2)cc1O,5.096910013008056,8000.0,0,0,0,0,0,0
CC(C)=CCC/C(C)=C/Cc1c(O)cc(/C=C/c2ccoc2)cc1O,5.301029995663981,5000.0,0,0,0,0,0,0
CC(C)=CCC/C(C)=C/Cc1c(O)cc(/C=C/c2ccsc2)cc1O,5.221848749616356,6000.0,0,0,0,0,0,0
CCCCCCCCC[C@H]1C[C@@H](O)[C@H](O)/C=C/[C@H](O)CC(=O)O1,5.939302159646388,1150.0,0,0,0,0,0,0
CCCCCCCCC[C@H]1CC[C@H](O)/C=C/[C@H](O)CC(=O)O1,4.95663772197887,11050.0,0,0,0,0,0,0
COc1cc(O)c2c(c1C(=O)NCc1cccc3ccccc13)OC1=CC(O)=C(C(C)=O)C(=O)[C@]12C,6.7447274948966935,180.0,1,1,0,0,1,1
COc1cc(O)c2c(c1C(=O)NCc1c(C)ccc3ccccc13)OC1=CC(O)=C(C(C)=O)C(=O)[C@]12C,7.552841968657781,28.0,1,1,0,0,1,0
CCc1ccc2ccccc2c1CNC(=O)c1c(OC)cc(O)c2c1OC1=CC(O)=C(C(C)=O)C(=O)[C@]12C,8.431798275933005,3.7,1,1,1,1,1,1
CCCc1ccc2ccccc2c1CNC(=O)c1c(OC)cc(O)c2c1OC1=CC(O)=C(C(C)=O)C(=O)[C@]12C,7.366531544420414,43.0,1,1,1,1,1,1
CCCCc1ccc2ccccc2c1CNC(=O)c1c(OC)cc(O)c2c1OC1=CC(O)=C(C(C)=O)C(=O)[C@]12C,7.229147988357855,59.0,1,1,0,0,1,1
COc1cc(O)c2c(c1C(=O)NCc1c(C)cc(Cl)c3ccccc13)OC1=CC(O)=C(C(C)=O)C(=O)[C@]12C,7.657577319177793,22.0,0,0,0,0,1,1
COc1cc(O)c2c(c1C(=O)NCc1c(C)ccc3c(Cl)cccc13)OC1=CC(O)=C(C(C)=O)C(=O)[C@]12C,6.769551078621726,170.0,1,1,0,1,1,1
COc1cc(O)c2c(c1C(=O)NCc1c(C)ccc3cc(Cl)ccc13)OC1=CC(O)=C(C(C)=O)C(=O)[C@]12C,7.251811972993799,56.0,1,1,1,1,1,1
COc1cc(O)c2c(c1C(=O)NCc1c(C)ccc3ccc(Cl)cc13)OC1=CC(O)=C(C(C)=O)C(=O)[C@]12C,8.309803919971486,4.9,1,1,1,1,1,1
COc1cc(O)c2c(c1C(=O)NCc1c(C)cc(F)c3ccccc13)OC1=CC(O)=C(C(C)=O)C(=O)[C@]12C,8.318758762624412,4.8,1,1,0,0,1,1
COc1cc(O)c2c(c1C(=O)NCc1c(C)ccc3c(F)cccc13)OC1=CC(O)=C(C(C)=O)C(=O)[C@]12C,7.795880017344075,16.0,1,1,0,1,1,1
COc1cc(O)c2c(c1C(=O)NCc1c(C)ccc3cc(F)ccc13)OC1=CC(O)=C(C(C)=O)C(=O)[C@]12C,7.568636235841013,27.0,0,0,0,0,1,0
COc1cc(O)c2c(c1C(=O)NCc1c(C)ccc3ccc(F)cc13)OC1=CC(O)=C(C(C)=O)C(=O)[C@]12C,7.187086643357144,65.0,1,1,0,1,1,1
CCc1cc(F)c2ccccc2c1CNC(=O)c1c(OC)cc(O)c2c1OC1=CC(O)=C(C(C)=O)C(=O)[C@]12C,8.1890957193313,6.47,0,0,0,0,1,1
O=C(Nn1cc([N+](=O)[O-])cn1)c1cccc(COc2ccc(Br)cc2)c1,5.263603497723357,5450.0,0,0,0,0,0,0
CCOC(=O)c1sc(N2C(=O)C(O)=C(C(=O)c3cccs3)C2c2ccc(C)o2)nc1C,5.619788758288394,2400.0,0,0,0,0,0,0
OC[C@H]1O[C@@H](Oc2ccc(CCCC[C@H](O)CCc3ccc(O[C@@H]4O[C@H](CO)[C@@H](O)[C@H](O)[C@H]4O)c(O)c3)cc2O)[C@H](O)[C@@H](O)[C@@H]1O,4.480172006224281,33100.0,0,0,0,0,0,0
CCC1=C[C@@](CC)(C[C@H](/C=C/[C@H](C)O)CC)O/C1=C\C(=O)OC,5.0,10000.0,0,0,0,0,0,0
CCC1=C[C@@](CC)(C[C@H](/C=C/C(C)=O)CC)OC1=O,5.698970004336019,2000.0,0,0,0,0,0,0
CCC1=C[C@@](CC)(C[C@H](/C=C/C(C)=O)CC)O/C1=C\C(=O)OC,5.301029995663981,5000.0,0,0,0,0,0,0
O=C(NCc1ccccc1Cn1cccc1C(=O)O)Nc1ccc(OC(F)(F)F)cc1,5.698970004336019,2000.0,0,0,0,0,0,0
O=C(NCc1ccccc1Cn1cccc1C(=O)O)NC12C[C@H]3C[C@@H](C1)C[C@@H](C2)C3,5.221848749616356,6000.0,0,0,0,0,0,0
COc1cc(OC(C)(C)C(=O)O)ccc1CN(Cc1ccco1)Cc1nc(-c2ccccc2)oc1C,6.481486060122113,330.0,0,0,0,0,1,0
Cc1oc(-c2ccccc2)nc1CN(Cc1ccco1)Cc1ccc(OC(C)(C)C(=O)O)cc1Cl,6.050609993355087,890.0,0,0,0,0,1,0
Cc1cc(CN(Cc2ccco2)Cc2nc(-c3ccccc3)oc2C)cc(C)c1OC(C)(C)C(=O)O,8.327902142064282,4.7,1,1,0,0,1,0
Cc1cc(CN(Cc2ccco2)Cc2nc(-c3ccccc3)oc2C)ccc1OC(C)(C)C(=O)O,7.376750709602099,42.0,0,0,0,0,1,0
COc1cc(CN(Cc2ccco2)Cc2nc(-c3ccccc3)oc2C)ccc1OC(C)(C)C(=O)O,6.7447274948966935,180.0,1,1,0,0,1,0
Cc1oc(-c2ccccc2)nc1CN(Cc1ccc(OC(C)(C)C(=O)O)c(Cl)c1)Cc1ccco1,7.1487416512809245,71.0,0,0,0,0,1,0
Cc1oc(-c2ccccc2)nc1CN(Cc1ccc(OC(C)(C)C(=O)O)cc1)Cc1ccco1,6.173925197299173,670.0,0,0,0,0,1,0
Cc1oc(-c2cccc(Br)c2)nc1CN(Cc1ccc(OC(C)(C)C(=O)O)cc1)Cc1ccco1,6.508638306165727,310.0,0,0,0,0,0,0
COc1ccc(CN(Cc2ccc(OC(C)(C)C(=O)O)cc2)Cc2nc(-c3cccc(Br)c3)oc2C)cc1,6.154901959985743,700.0,0,0,0,0,0,0
Cc1oc(-c2cccc(Br)c2)nc1CN(Cc1ccccc1)Cc1ccc(OC(C)(C)C(=O)O)cc1,5.657577319177793,2200.0,0,0,0,0,0,0
CCCCN(Cc1ccc(OC(C)(C)C(=O)O)cc1)Cc1nc(-c2cccc(Br)c2)oc1C,5.886056647693163,1300.0,0,0,0,0,0,0
Cc1oc(-c2cccc(Br)c2)nc1CNCc1ccc(OC(C)(C)C(=O)O)cc1,5.113509274827518,7700.0,0,0,0,0,0,0
Cc1oc(-c2ccccc2)nc1CNc1ccc(OC(C)(C)C(=O)O)cc1,5.055517327849832,8800.0,0,0,0,0,0,0
Cc1oc(-c2ccccc2)nc1CCNc1ccc(OC(C)(C)C(=O)O)cc1,4.795880017344075,16000.0,1,1,0,1,1,1
Cc1oc(-c2cccc(Br)c2)nc1CCOc1ccc(OC(C)(C)C(=O)O)cc1,6.096910013008056,800.0,1,1,0,0,1,1
CC(C)(Oc1ccc(CO)cc1)C(=O)O,4.522878745280337,30000.0,0,0,0,0,1,0
CC(C)(Oc1ccc(CCCOc2nc3ccccc3s2)cc1)C(=O)O,5.102372908709558,7900.0,0,0,0,0,1,1
CC(C)(Oc1ccc(CCOc2nc3ccccc3s2)cc1)C(=O)O,4.405607449624573,39300.0,0,0,0,0,1,1
CC(C)(Oc1ccc(COc2nc3ccccc3s2)cc1)C(=O)O,4.494850021680094,32000.0,0,0,0,0,1,1
CC(C)(Oc1ccc(CCCOc2ccc(/N=N/c3ccccc3)cc2)cc1)C(=O)O,5.0,10000.0,1,1,0,1,1,1
CC(C)(Oc1ccc(CCOc2ccc(/N=N/c3ccccc3)cc2)cc1)C(=O)O,5.853871964321762,1400.0,1,1,0,0,1,1
CC(C)(Oc1ccc(COc2ccc(/N=N/c3ccccc3)cc2)cc1)C(=O)O,4.6777807052660805,21000.0,1,1,0,0,1,1
CC(C)(Oc1ccc(CCCOc2ccc(/C=C/c3ccccc3)cc2)cc1)C(=O)O,6.096910013008056,800.0,1,1,0,1,1,1
CC(C)(Oc1ccc(CCOc2ccc(/C=C/c3ccccc3)cc2)cc1)C(=O)O,4.899629454882437,12600.0,1,1,0,1,1,0
CC(C)(Oc1ccc(COc2ccc(/C=C/c3ccccc3)cc2)cc1)C(=O)O,5.221848749616356,6000.0,0,0,0,0,0,0
CC(C)(Oc1ccc(CCCOc2ccc(Oc3ccccc3)cc2)cc1)C(=O)O,4.123782159408358,75200.0,1,1,0,1,1,1
CC(C)(Oc1ccc(CCOc2ccc(Oc3ccccc3)cc2)cc1)C(=O)O,5.161150909262744,6900.0,1,1,0,1,1,0
CC(C)(Oc1ccc(COc2ccc(Oc3ccccc3)cc2)cc1)C(=O)O,6.096910013008056,800.0,1,1,0,0,1,1
CC(C)(Oc1ccc(CCCOc2ccc(C(=O)c3ccccc3)cc2)cc1)C(=O)O,5.236572006437063,5800.0,1,1,0,0,1,1
CC(C)(Oc1ccc(CCOc2ccc(C(=O)c3ccccc3)cc2)cc1)C(=O)O,4.262807357295262,54600.0,1,1,0,0,1,1
CC(C)(Oc1ccc(COc2ccc(C(=O)c3ccccc3)cc2)cc1)C(=O)O,5.267606240177032,5400.0,1,1,0,0,1,0
CC(C)(Oc1ccc(CCCOc2ccc(C(=O)/C=C/c3ccccc3)cc2)cc1)C(=O)O,6.096910013008056,800.0,0,0,0,0,1,1
CC(C)(Oc1ccc(CCOc2ccc(C(=O)/C=C/c3ccccc3)cc2)cc1)C(=O)O,5.229147988357856,5900.0,0,0,0,0,0,0
COc1ccc(-c2coc3cc(O)c(OC)cc3c2=O)cc1O,5.508638306165727,3100.0,0,0,0,0,0,0
Cc1oc(-c2cccc[s+]2)nc1CCOc1ccc(C[C@@](C)(Oc2ccccc2)C(=O)O)cc1,8.400007822415901,3.981,1,1,0,1,0,0
Cc1oc(C2CCCCC2)nc1CCOc1ccc(C[C@H](Oc2ccccc2)C(=O)O)cc1,9.0,1.0,1,1,0,1,0,0
COC(=O)CN1C(=O)SC(Cc2ccc(O)cc2)C1=O,5.045757490560675,9000.0,0,0,0,0,0,0
CCOC(=O)CN1C(=O)SC(Cc2ccc(C(F)(F)F)cc2)C1=O,5.045757490560675,9000.0,0,0,0,0,0,0
CCOC(=O)CN1C(=O)S/C(=C\c2ccc(Cl)cc2)C1=O,5.096910013008056,8000.0,0,0,0,0,0,0
CCOC(=O)CN1C(=O)SC(Cc2ccc(N)cc2)C1=O,5.096910013008056,8000.0,0,0,0,0,0,0
CCOC(=O)CN1C(=O)S/C(=C\c2ccc(OC)cc2)C1=O,5.154901959985743,7000.0,0,0,0,0,0,0
CCOC(=O)CN1C(=O)SC(Cc2ccc(OCCBr)cc2)C1=O,4.920818753952375,12000.0,0,0,0,0,0,0
CCOC(=O)CN1C(=O)S/C(=C\c2ccc(OCCBr)cc2)C1=O,4.958607314841775,11000.0,0,0,0,0,0,0
COC(=O)CN1C(=O)S/C(=C\c2ccc(O)cc2)C1=O,5.0,10000.0,0,0,0,0,0,0
CCOC(=O)CN1C(=O)SC(Cc2ccc(F)cc2)C1=O,5.0,10000.0,0,0,0,0,0,0
CCOC(=O)CN1C(=O)S/C(=C\c2ccc(C(F)(F)F)cc2)C1=O,5.0,10000.0,0,0,0,0,0,0
CCOC(=O)CN1C(=O)S/C(=C\c2cccc([N+](=O)[O-])c2)C1=O,4.958607314841775,11000.0,0,0,0,0,0,0
CCOC(=O)CN1C(=O)S/C(=C\c2ccc(C)cc2)C1=O,5.045757490560675,9000.0,0,0,0,0,0,0
O=C1NC(=O)C(Cc2ccc3c(c2)CC[C@H](Cc2ccccc2)O3)S1,6.0,1000.0,0,0,0,0,0,0
CCCc1cc(Oc2ccc(C(C)C)cc2)ccc1OCCCOc1ccc(C2SC(=O)NC2=O)cc1,6.777283528852417,167.0,0,0,0,0,0,0
CCCc1cc(Oc2ccc(C3CCCC3)cc2)ccc1OCCCOc1ccc(C2SC(=O)NC2=O)cc1,6.910094888560602,123.0,0,0,0,0,0,0
CCCc1cc(Oc2ccc(F)c(C)c2)ccc1OCCCOc1ccc(C2SC(=O)NC2=O)cc1,6.97469413473523,106.0,0,0,0,0,0,0
CCCc1cc(Oc2ccc(Cl)c(Cl)c2)ccc1OCCCOc1ccc(C2SC(=O)NC2=O)cc1,7.327902142064283,47.0,0,0,0,0,1,0
CCCc1cc(Oc2ccc(Cl)c(C)c2)ccc1OCCCOc1ccc(C2SC(=O)NC2=O)cc1,7.568636235841013,27.0,0,0,0,0,1,1
CCCc1cc(Oc2ccc(O)cc2)ccc1OCCCOc1ccc(C2SC(=O)NC2=O)cc1,7.638272163982407,23.0,1,1,0,0,1,1
Cc1oc(-c2ccccc2)nc1CCOc1ccc(C[C@@]2(C(=O)O)CCOCCO2)cc1,7.61987924573156,23.995,1,1,0,1,1,1
COC(=O)c1ccccc1[C@@](O)(Cc1ccc(OCCc2nc(-c3ccccc3)oc2C)cc1)C(=O)O,9.149384393152353,0.70895,0,0,0,0,1,0
Cc1sc(N2CCN(C)CC2)nc1CCOc1ccc(C[C@@](O)(C(=O)O)c2ccccc2C(=O)c2ccccc2)cc1,8.889747082646597,1.289,0,0,0,0,1,1
Cc1sc(-c2ccccc2)nc1CCOc1ccc(C[C@@](O)(C(=O)O)c2ccccc2C(=O)c2ccccc2)cc1,10.0,0.1,0,0,0,0,1,1
Cc1oc(-c2ccccc2)nc1CCOc1ccc(C[C@@](O)(C(=O)O)c2ccccc2C(=O)c2ccccc2)cc1,9.469288162018342,0.3394,0,0,0,0,1,0
CC(C)c1ccccc1-c1ccc(O[C@@H](Cc2ccccc2)C(=O)O)cc1,6.0,1000.0,0,0,0,0,1,1
CCc1ccccc1-c1ccc(O[C@@H](Cc2ccccc2)C(=O)O)cc1,5.920818753952375,1200.0,0,0,0,0,1,1
COc1ccccc1-c1ccc(O[C@@H](Cc2ccccc2)C(=O)O)cc1,5.638272163982407,2300.0,0,0,0,0,1,1
O=C(O)[C@H](Cc1ccccc1)Oc1ccc(-c2ccccc2-c2ccccc2)cc1,5.853871964321762,1400.0,0,0,0,0,1,1
O=C(O)[C@H](Cc1ccccc1)Oc1ccc(-c2ccccc2C(F)(F)F)cc1,6.0,1000.0,0,0,0,0,1,1
O=C(O)[C@H](Cc1ccccc1)Oc1ccc(-c2ccccc2F)cc1,6.161150909262744,690.0,0,0,0,0,1,1
Cc1ccccc1-c1ccc(O[C@@H](Cc2ccccc2)C(=O)O)cc1C,6.1938200260161125,640.0,0,0,0,0,0,0
Cc1ccccc1-c1ccc(O[C@@H](Cc2ccccc2)C(=O)O)cc1,5.866461091629782,1360.0,0,0,0,0,1,1
Cc1cccc(-c2ccc(OC(Cc3ccccc3)C(=O)O)cc2)c1,6.337242168318426,460.0,0,0,0,0,1,1
Cc1ccc(-c2ccc(O[C@@H](Cc3ccccc3)C(=O)O)cc2)cc1,6.229147988357855,590.0,1,1,0,1,1,1
Cc1cccc(C)c1-c1ccc(O[C@@H](Cc2ccccc2)C(=O)O)cc1,5.5951662833800615,2540.0,0,0,0,0,1,1
Cc1cc(OC(Cc2ccccc2)C(=O)O)cc(C)c1-c1ccccc1,5.690369832574102,2040.0,0,0,0,0,0,0
Cc1cc(-c2ccccc2)cc(C)c1O[C@@H](Cc1ccccc1)C(=O)O,5.508638306165727,3100.0,0,0,0,0,0,0
Cc1cc(O[C@@H](Cc2ccccc2)C(=O)O)ccc1-c1ccccc1,6.154901959985743,700.0,0,0,0,0,0,0
Cc1cc(-c2ccccc2)ccc1O[C@@H](Cc1ccccc1)C(=O)O,6.154901959985743,700.0,0,0,0,0,0,0
CCc1nc2c(C)cn(Cc3ccccc3C#N)c(=O)c2n1[C@H]1CCc2cc(-c3ccccc3-c3nnn[nH]3)ccc21,6.530177984021837,295.0,1,1,0,0,0,0
CCc1nc2c(C)cn(Cc3ccccc3C)c(=O)c2n1[C@H]1CCc2cc(-c3ccccc3-c3nnn[nH]3)ccc21,7.376750709602099,42.0,1,1,0,0,0,0
CCc1nc2ccn(Cc3c(C)noc3C)c(=O)c2n1[C@H]1CCc2cc(-c3ccccc3-c3nnn[nH]3)ccc21,5.349692476868063,4470.0,1,1,0,0,1,1
CCc1nc2ccn(Cc3cccnc3)c(=O)c2n1[C@H]1CCc2cc(-c3ccccc3-c3nnn[nH]3)ccc21,5.438898616350944,3640.0,1,1,0,1,1,1
CCc1nc2ccn(Cc3ccccn3)c(=O)c2n1[C@H]1CCc2cc(-c3ccccc3-c3nnn[nH]3)ccc21,5.446116973356125,3580.0,1,1,0,1,1,1
CCc1nc2ccn(Cc3cccc(C(F)(F)F)c3)c(=O)c2n1[C@H]1CCc2cc(-c3ccccc3-c3nnn[nH]3)ccc21,6.347753658996677,449.0,1,1,0,0,1,1
CCc1nc2ccn(Cc3cccc(C)c3)c(=O)c2n1[C@H]1CCc2cc(-c3ccccc3-c3nnn[nH]3)ccc21,6.966576244513051,108.0,1,1,0,0,1,1
CCc1nc2ccn(Cc3cccc(F)c3)c(=O)c2n1[C@H]1CCc2cc(-c3ccccc3-c3nnn[nH]3)ccc21,6.798602875679548,159.0,1,1,0,0,1,1
CCc1nc2ccn(Cc3ccccc3OC(F)(F)F)c(=O)c2n1[C@H]1CCc2cc(-c3ccccc3-c3nnn[nH]3)ccc21,7.698970004336019,20.0,1,1,0,0,1,1
CCc1nc2ccn(Cc3ccccc3C(F)(F)F)c(=O)c2n1[C@H]1CCc2cc(-c3ccccc3-c3nnn[nH]3)ccc21,6.728158393463501,187.0,0,0,0,0,1,1
CCc1nc2ccn(Cc3ccccc3C#N)c(=O)c2n1[C@H]1CCc2cc(-c3ccccc3-c3nnn[nH]3)ccc21,6.164309428507575,685.0,1,1,0,0,1,1
CCc1nc2ccn(Cc3ccccc3C)c(=O)c2n1[C@H]1CCc2cc(-c3ccccc3-c3nnn[nH]3)ccc21,7.013228265733755,97.0,1,1,0,0,1,1
CCc1nc2ccn(Cc3ccccc3F)c(=O)c2n1[C@H]1CCc2cc(-c3ccccc3-c3nnn[nH]3)ccc21,6.987162775294828,103.0,1,1,0,0,1,1
CCc1nc2ccn(CC3CCCCC3)c(=O)c2n1[C@H]1CCc2cc(-c3ccccc3-c3nnn[nH]3)ccc21,6.025949097207123,942.0,0,0,0,0,1,1
CCc1nc2ccn(CC(C)C)c(=O)c2n1[C@H]1CCc2cc(-c3ccccc3-c3nnn[nH]3)ccc21,5.767003889607846,1710.0,1,1,0,0,1,1
CCc1nc2ccn(CC(=O)OCc3ccccc3)c(=O)c2n1[C@H]1CCc2cc(-c3ccccc3-c3nnn[nH]3)ccc21,5.903089986991944,1250.0,0,0,0,0,1,1
CCc1nc2ccn(Cc3ccccc3)c(=O)c2n1[C@H]1CCc2cc(-c3ccccc3-c3nnn[nH]3)ccc21,6.534617148551582,292.0,1,1,0,1,1,1
CCNC(=O)c1cc(NS(=O)(=O)c2ccc(Br)cc2OC(F)(F)F)ccc1Oc1cncc(Cl)c1,7.823908740944319,15.0,0,0,0,0,1,1
CCNC(=O)c1cc(NS(=O)(=O)c2ccc(Cl)cc2Cl)ccc1Oc1cncc(Cl)c1,7.823908740944319,15.0,1,1,0,0,1,1
CC(=O)c1cc(NS(=O)(=O)c2ccc(Cl)cc2Cl)ccc1Oc1cncc(Cl)c1,8.0,10.0,1,1,0,0,1,1
O=S(=O)(Nc1cc(Cl)c(Oc2cncc(Cl)c2)c(Cl)c1)c1ccc(Cl)cc1Cl,8.221848749616356,6.0,1,1,0,1,1,1
CCCCCc1cc(OC)c(CC=C(C)C)c(O)c1C(=O)O,5.920818753952375,1200.0,0,0,0,0,0,0
COc1cc(CCc2ccccc2)c(C(=O)O)c(O)c1CC=C(C)C,6.33913452199613,458.0,0,0,0,0,0,0
CCOC(=O)c1cc(NS(=O)(=O)c2ccc(Cl)cc2)ccc1Oc1cncc(Cl)c1,6.698970004336019,200.0,1,1,0,0,0,0
O=S(=O)(Nc1ccc(Oc2ccc3ccccc3c2)c(Cl)c1)c1ccc(Cl)cc1Cl,5.698970004336019,2000.0,1,1,0,1,1,1
CCNC(=O)c1cc(NS(=O)(=O)c2ccc(OC)cc2)ccc1Oc1cncc(Cl)c1,5.698970004336019,2000.0,1,1,0,0,1,1
O=S(=O)(Nc1ccc(Oc2cncc(Cl)c2)c(F)c1)c1ccc(Cl)cc1Cl,6.0,1000.0,1,1,0,0,1,1
CS(=O)(=O)c1cc(NS(=O)(=O)c2ccc(Cl)cc2Cl)ccc1Oc1cncc(Cl)c1,6.221848749616356,600.0,1,1,0,0,1,1
Cc1cc(NS(=O)(=O)c2ccc(Cl)cc2Cl)ccc1Oc1cncc(Cl)c1,6.221848749616356,600.0,1,1,0,0,1,1
O=S(=O)(Nc1ccc(Oc2cncc(Cl)c2)c(Cl)c1)c1ccc(Cl)cc1Cl,6.3979400086720375,400.0,1,1,0,0,1,1
CCNC(=O)c1cc(NS(=O)(=O)c2ccc([N+](=O)[O-])cc2)ccc1Oc1cncc(Cl)c1,6.3979400086720375,400.0,0,0,0,0,1,1
CC(=O)c1cncc(Oc2c(Cl)cc(NS(=O)(=O)c3ccc(Cl)cc3Cl)cc2Cl)c1,6.522878745280337,300.0,0,0,0,0,1,1
N#Cc1cc(NS(=O)(=O)c2ccc(Cl)cc2Cl)ccc1Oc1cncc(Cl)c1,6.522878745280337,300.0,0,0,0,0,1,1
O=S(=O)(Nc1ccc(Oc2cncc(Cl)c2)c(C(F)(F)F)c1)c1ccc(Cl)cc1Cl,6.522878745280337,300.0,0,0,0,0,1,1
O=S(=O)(Nc1cc(Cl)c(Oc2cnc3ccccc3c2)c(Cl)c1)c1ccc(C(F)(F)F)cc1Cl,6.6020599913279625,250.0,0,0,0,0,1,1
NC(=O)c1cncc(Oc2c(Cl)cc(NS(=O)(=O)c3ccc(Cl)cc3Cl)cc2Cl)c1,6.698970004336019,200.0,0,0,0,0,1,1
CCNC(=O)c1cc(NS(=O)(=O)c2ccc(I)cc2)ccc1Oc1cncc(Cl)c1,6.698970004336019,200.0,1,1,0,0,1,1
O=S(=O)(Nc1ccc(Oc2cnc3ccccc3c2)c(Cl)c1)c1ccc(Cl)cc1Cl,7.0,100.0,1,1,0,1,1,1
O=S(=O)(Nc1cc(C(F)(F)F)c(Oc2cncc(Cl)c2)c(C(F)(F)F)c1)c1ccc(Cl)cc1Cl,7.0,100.0,0,0,0,0,0,0
Cc1cncc(Oc2c(Cl)cc(NS(=O)(=O)c3ccc(Cl)cc3Cl)cc2Cl)c1,7.045757490560675,90.0,1,1,0,1,1,1
N#Cc1cncc(Oc2c(Cl)cc(NS(=O)(=O)c3ccc(Cl)cc3Cl)cc2Cl)c1,7.096910013008056,80.0,0,0,0,0,1,1
O=S(=O)(Nc1cc(Cl)c(Oc2ccc3ncccc3c2)c(Cl)c1)c1ccc(Cl)cc1Cl,7.154901959985743,70.0,1,1,0,1,1,1
CC(=O)c1cc(NS(=O)(=O)c2ccc(Cl)cc2Cl)ccc1Oc1cnc2ccccc2c1,7.221848749616356,60.0,0,0,0,0,0,0
CC(=O)c1cc(NS(=O)(=O)c2ccc(Cl)cc2Cl)cc(Cl)c1Oc1cncc(Cl)c1,7.522878745280337,30.0,0,0,0,0,0,0
CCNC(=O)c1cc(NS(=O)(=O)c2ccc(C(F)(F)F)cc2Cl)ccc1Oc1cncc(Cl)c1,7.522878745280337,30.0,0,0,0,0,1,1
CCNC(=O)c1cc(NS(=O)(=O)c2cc(C)c(Cl)cc2Cl)ccc1Oc1cncc(Cl)c1,7.522878745280337,30.0,0,0,0,0,1,1
O=S(=O)(Nc1cc(F)c(Oc2cncc(Cl)c2)c(Cl)c1)c1ccc(Cl)cc1Cl,7.698970004336019,20.0,1,1,0,0,0,0
CCNC(=O)c1cc(NS(=O)(=O)c2ccc(Cl)c(Cl)c2)ccc1Oc1cncc(Cl)c1,7.698970004336019,20.0,0,0,0,0,1,1
CCCOc1ccc(C[C@@H](Cc2ccccc2)C(=O)O)cc1CNC(=O)c1ccc(-c2cncnc2)cc1,5.509339346643864,3095.0,1,1,0,1,1,1
CCCOc1ccc(C[C@@H](Cc2ccccc2)C(=O)O)cc1CNC(=O)c1ccc(-c2cnccn2)cc1,6.1463626180414055,713.9,1,1,0,1,1,1
CCCOc1ccc(C[C@@H](Cc2ccccc2)C(=O)O)cc1CNC(=O)c1ccc(-c2ncccn2)cc1,7.460923901207224,34.6,1,1,0,1,1,1
CCCOc1ccc(C[C@@H](Cc2ccccc2)C(=O)O)cc1CNC(=O)c1ccc(-c2ccncc2)cc1,5.772627557710364,1688.0,1,1,0,1,1,1
CCCOc1ccc(C[C@@H](Cc2ccccc2)C(=O)O)cc1CNC(=O)c1ccc(-c2cccnc2)cc1,6.073657553374345,844.0,1,1,0,1,1,1
CCCOc1ccc(C[C@@H](Cc2ccccc2)C(=O)O)cc1CNC(=O)c1ccc(-c2ccccn2)cc1,6.730253626869233,186.1,1,1,0,1,1,1
CCCOc1ccc(C[C@@H](Cc2ccccc2)C(=O)O)cc1CNC(=O)c1ccc(-c2cccs2)cc1,7.185752404268079,65.2,1,1,0,1,1,1
CCCOc1ccc(C[C@@H](Cc2ccccc2)C(=O)O)cc1CNC(=O)c1ccc(-c2ccc(F)cc2)cc1,6.988852639224202,102.6,1,1,0,1,1,1
CCCOc1ccc(C[C@@H](Cc2ccccc2)C(=O)O)cc1CNC(=O)c1ccc(-c2cccc(F)c2)cc1,7.542118103266008,28.7,1,1,0,0,1,1
CCCOc1ccc(C[C@@H](Cc2ccccc2)C(=O)O)cc1CNC(=O)c1ccc(-c2ccccc2F)cc1,7.305394801066432,49.5,1,1,0,0,1,1
CCCOc1ccc(C[C@@H](Cc2ccccc2)C(=O)O)cc1CNC(=O)c1ccc(-c2ccccc2C)cc1,7.131943638176958,73.8,1,1,0,0,1,1
CCCOc1ccc(C[C@@H](Cc2ccccc2)C(=O)O)cc1CNC(=O)c1ccc(-c2ccccc2)cc1,7.066006836168758,85.9,1,1,0,1,1,1
O=C(O)[C@H](Cc1ccccc1)Oc1ccc(-c2ccc(Cl)cc2)cc1,5.049999969853415,8912.51,1,1,0,1,1,1
O=C(O)[C@H](CCOc1ccccc1)Oc1ccc(Cl)cc1,5.899998417198648,1258.93,1,1,0,0,0,0
O=C(O)[C@H](COc1ccccc1)Oc1ccc(Cl)cc1,5.779999190713337,1659.59,1,1,0,0,0,0
O=C(O)[C@H](CCCc1ccc(Cl)cc1)Oc1ccc(Cl)cc1,6.499996931948306,316.23,0,0,0,0,1,1
O=C(O)[C@H](CCCc1ccccc1)Oc1ccc(Cl)cc1,6.040000399696793,912.01,1,1,0,0,0,0
O=C(O)[C@H](CCc1ccccc1)Oc1ccc(Cl)cc1,5.149999867728904,7079.46,0,0,0,0,1,1
COC(c1ccc(OC(F)(F)F)cc1)C1CC1c1cc(C)c(OC(C)(C)C(=O)O)c(C)c1,7.786925174691149,16.333333333333332,0,0,0,0,0,0
COC(c1ccccc1OC(F)(F)F)C1CC1c1cc(C)c(OC(C)(C)C(=O)O)c(C)c1,7.142667503568732,72.0,0,0,0,0,0,0
Cc1cc(C2CC2C(OCCC2CCCCC2)c2ccc(OC(F)(F)F)cc2)cc(C)c1OC(C)(C)C(=O)O,7.468521082957745,34.0,0,0,0,0,0,0
COC(c1ccc(C(F)(F)F)cc1)C1CC1c1cc(C)c(OC(C)(C)C(=O)O)c(C)c1,7.698970004336019,20.0,0,0,0,0,0,0
COC(c1ccc(C)cc1)C1CC1c1cc(C)c(OC(C)(C)C(=O)O)c(C)c1,6.958607314841775,110.0,0,0,0,0,1,1
CCCc1nn2ccc(C(=O)NC(CC)c3ccccc3)cc2c1Cc1ccc(-c2ccccc2-c2nn[nH]n2)cc1,6.7447274948966935,180.0,0,0,0,0,0,0
CCCCn1c(-c2ccc3nn(CCC)c(Cc4ccc(-c5ccccc5C(=O)O)cc4)c3c2)nc2ccccc21,6.1938200260161125,640.0,0,0,0,0,0,0
CCCCn1c(-c2ccc3nn(CCC)c(Cc4ccc(-c5ccccc5-c5nn[nH]n5)cc4)c3c2)nc2ccccc21,6.6020599913279625,250.0,0,0,0,0,0,0
CCCn1nc2ccc(C(=O)NC(CC)c3ccccc3)cc2c1Cc1ccc(-c2ccccc2C(=O)O)cc1,6.886056647693163,130.0,1,1,0,0,0,0
CCCc1nn2ccc(-c3nc4ccccc4n3CCC)cc2c1Cc1ccc(-c2ccccc2-c2nn[nH]n2)cc1,7.096910013008056,80.0,0,0,0,0,0,0
CCCc1nn2ccc(-c3nc4ccccc4n3CCC)cc2c1Cc1ccc(-c2ccccc2C(=O)O)cc1,6.552841968657781,280.0,1,1,0,1,0,0
CCCc1nn2ccc(C(=O)NC(CC)c3ccccc3)cc2c1Cc1ccc(-c2ccccc2C(=O)O)cc1,6.4089353929735005,390.0,1,1,0,0,0,0
CCCc1[nH]c2ccc(C(=O)NC(CC)c3ccccc3)cc2c1Cc1ccc(-c2ccccc2C(=O)O)cc1,6.455931955649724,350.0,1,1,0,0,0,0
CCCc1c(Cc2ccc(-c3ccccc3C(=O)O)cc2)c2cc(C(=O)NC(CC)c3ccccc3)ccc2n1OC,7.045757490560675,90.0,1,1,0,0,0,0
CCCc1[nH]c2cc(C(=O)NC(CC)c3ccccc3)ccc2c1Cc1ccc(-c2ccccc2C(=O)O)cc1,8.221848749616356,6.0,1,1,0,1,0,0
CCCc1c(Cc2ccc(-c3ccccc3C(=O)O)cc2)c2ccc(C(=O)NC(CC)c3ccccc3)cc2n1C,8.698970004336019,2.0,1,1,0,0,0,0
CCCc1nc2cc(C(=O)NC(CC)c3ccccc3)ccc2n1Cc1ccc(-c2ccccc2C(=O)O)cc1,5.576754126063192,2650.0,1,1,0,1,1,1
C/C(=C\C(=O)c1ccccc1)NC(Cc1ccc(OCCOc2ccc(/C=C/c3ccccc3)cc2)cc1)C(=O)O,7.920818753952375,12.0,1,1,0,1,1,1
C/C(=C\C(=O)c1ccccc1)NC(Cc1ccc(OCCCOc2ccc(/C=C/c3ccccc3)cc2)cc1)C(=O)O,7.327902142064283,47.0,1,1,0,1,1,1
C/C(=C\C(=O)c1ccccc1)NC(Cc1ccc(OCCOc2ccc(/C=C/c3ccc(Cl)cc3)cc2)cc1)C(=O)O,7.585026652029182,26.0,1,1,0,0,1,0
C/C(=C\C(=O)c1ccccc1)NC(Cc1ccc(OCCCOc2ccc(/C=C/c3ccc(Cl)cc3)cc2)cc1)C(=O)O,7.920818753952375,12.0,1,1,0,0,1,1
C/C(=C\C(=O)c1ccccc1)NC(Cc1ccc(OCCOc2ccc(/C=C/c3ccc(C)cc3)cc2)cc1)C(=O)O,7.67778070526608,21.0,1,1,0,0,1,0
C/C(=C\C(=O)c1ccccc1)NC(Cc1ccc(OCCOc2ccc(/C=C/c3ccc(C(F)(F)F)cc3)cc2)cc1)C(=O)O,7.075720713938118,84.0,0,0,0,0,1,0
C/C(=C\C(=O)c1ccccc1)NC(Cc1ccc(OCCCOc2ccc(/C=C/c3ccc(C(F)(F)F)cc3)cc2)cc1)C(=O)O,7.494850021680094,32.0,0,0,0,0,1,1
C/C(=C\C(=O)c1ccccc1)NC(Cc1ccc(OCCOc2ccc(/N=N/c3ccccc3)cc2)cc1)C(=O)O,6.73754891026957,183.0,1,1,0,1,1,1
C/C(=C\C(=O)c1ccccc1)NC(Cc1ccc(OCCCOc2ccc(/N=N/c3ccccc3)cc2)cc1)C(=O)O,5.863279432843593,1370.0,1,1,0,1,1,1
C/C(=C\C(=O)c1ccccc1)NC(Cc1ccc(OCCOc2ccc(/N=N/c3ccc(Cl)cc3)cc2)cc1)C(=O)O,7.4089353929735005,39.0,1,1,0,0,1,0
C/C(=C\C(=O)c1ccccc1)NC(Cc1ccc(OCCCOc2ccc(/N=N/c3ccc(Cl)cc3)cc2)cc1)C(=O)O,7.327902142064283,47.0,1,1,0,0,1,1
C/C(=C\C(=O)c1ccccc1)NC(Cc1ccc(OCCCOc2ccc(/N=N/c3ccc([N+](=O)[O-])cc3)cc2)cc1)C(=O)O,7.5376020021010435,29.0,0,0,0,0,1,1
CC(=O)/C=C(\C)NC(Cc1ccc(OCCOc2ccc(/C=C/c3ccccc3)cc2)cc1)C(=O)O,6.6020599913279625,250.0,0,0,0,0,1,1
O=C(/C=C/c1ccccc1)NC(Cc1ccc(OCCOc2ccc(/C=C/c3ccccc3)cc2)cc1)C(=O)O,6.1938200260161125,640.0,0,0,0,0,1,1
Cc1nc(-c2cccc(C(F)(F)F)c2)sc1CNCc1ccc(OC(C)(C)C(=O)O)cc1,4.6020599913279625,25000.0,1,1,0,0,0,0
Cc1ccc(-c2nc(C)c(C(=O)N[C@H]3CCCN(c4cccc(C(=O)O)c4)C3)s2)cc1,5.508638306165727,3100.0,0,0,0,0,0,0
CCCOc1ccc(C[C@@H](Cc2ccccc2)C(=O)O)cc1CNC(=O)c1ccc(N2C3CC4CC(C3)CC2C4)cc1,8.657577319177793,2.2,1,1,0,0,1,1
CCCOc1ccc(C[C@@H](Cc2ccccc2)C(=O)O)cc1CNC(=O)c1ccc(N2CC3CCC(C3)C2)cc1,7.931814138253839,11.7,0,0,0,0,1,1
CCCOc1ccc(C[C@@H](Cc2ccccc2)C(=O)O)cc1CNC(=O)c1ccc(N2C3CCCC2CCC3)cc1,8.275724130399212,5.3,0,0,0,0,1,1
CCCOc1ccc(C[C@@H](Cc2ccccc2)C(=O)O)cc1CNC(=O)c1ccc(N2C3CCCC2CC3)cc1,8.173925197299173,6.7,0,0,0,0,1,1
CCCOc1ccc(C[C@@H](Cc2ccccc2)C(=O)O)cc1CNC(=O)c1ccc(N2CC(C)(C)CC(C)(C)C2)cc1,8.657577319177793,2.2,0,0,0,0,1,1
CCCOc1ccc(C[C@@H](Cc2ccccc2)C(=O)O)cc1CNC(=O)c1ccc(N2CCC(C)(C)CC2)cc1,7.982966660701219,10.4,0,0,0,0,1,1
CCCOc1ccc(C[C@@H](Cc2ccccc2)C(=O)O)cc1CNC(=O)c1ccc(N2CCCC(C)(C)C2)cc1,8.154901959985743,7.0,0,0,0,0,1,1
CCCOc1ccc(C[C@@H](Cc2ccccc2)C(=O)O)cc1CNC(=O)c1ccc(N2CCCCCCCC2)cc1,7.410050398674292,38.9,1,1,1,1,1,1
CCCOc1ccc(C[C@@H](Cc2ccccc2)C(=O)O)cc1CNC(=O)c1ccc(N2CCCCCCC2)cc1,8.721246399047171,1.9,1,1,1,1,1,1
CCCOc1ccc(C[C@@H](Cc2ccccc2)C(=O)O)cc1CNC(=O)c1ccc(N2CCCCCC2)cc1,8.173925197299173,6.7,1,1,0,1,1,1
CCCOc1ccc(C[C@@H](Cc2ccccc2)C(=O)O)cc1CNC(=O)c1ccc(N2CCCCC2)cc1,7.278189384787454,52.7,1,1,1,1,1,1
CCCCCCC(Sc1nc(Cl)cc(Nc2nc(-c3ccc(Cl)cc3)cs2)n1)C(=O)O,5.1938200260161125,6400.0,0,0,0,0,1,1
CCCCC(Sc1nc(Cl)cc(Nc2nc(-c3ccc(Cl)cc3)cs2)n1)C(=O)O,5.119186407719209,7600.0,0,0,0,0,0,0
CCC(Sc1nc(Cl)cc(Nc2nc(-c3ccc(Cl)cc3)cs2)n1)C(=O)O,5.4089353929735005,3900.0,0,0,0,0,0,0
CCCCCCC(Sc1nc(Cl)cc(Nc2nc(-c3ccccc3)cs2)n1)C(=O)O,5.2441251443275085,5700.0,1,1,0,0,1,1
CCCCCCC(Sc1nc(Cl)cc(Nc2nc(-c3ccc(C)cc3)cs2)n1)C(=O)O,5.142667503568732,7200.0,0,0,0,0,1,1
CCCCCCC(Sc1nc(Cl)cc(Nc2nc(-c3ccc4ccccc4c3)cs2)n1)C(=O)O,5.886056647693163,1300.0,0,0,0,0,0,0
CCCCCCC(Sc1nc(Cl)cc(Nc2nc(-c3ccc(F)c(F)c3)cs2)n1)C(=O)O,5.537602002101044,2900.0,0,0,0,0,0,0
CCCCCCC(Sc1nc(Cl)cc(Nc2nc(-c3ccc(F)cc3F)cs2)n1)C(=O)O,5.443697499232712,3600.0,0,0,0,0,0,0
CCCCCCC(Sc1nc(Cl)cc(Nc2nc(-c3ccc([N+](=O)[O-])cc3)cs2)n1)C(=O)O,5.468521082957745,3400.0,0,0,0,0,0,0
CCCCCCC(Sc1nc(Cl)cc(Nc2nc(-c3ccc4c(c3)CCCC4)cs2)n1)C(=O)O,5.3872161432802645,4100.0,0,0,0,0,0,0
CCCCCCC(Sc1nc(Cl)cc(Nc2nc(-c3ccccc3)c(C)s2)n1)C(=O)O,5.638272163982407,2300.0,0,0,0,0,0,0
CCCCCCC(Sc1nc(Cl)cc(Nc2nc(-c3ccc(Br)cc3)c(C)s2)n1)C(=O)O,5.42021640338319,3800.0,0,0,0,0,0,0
CCCCCCC(Sc1nc(Cl)cc(Nc2nc3c(s2)CCc2cc(OC)ccc2-3)n1)C(=O)O,5.431798275933005,3700.0,0,0,0,0,0,0
CCCCC(Sc1nc(Cl)cc(Nc2cccc(C)c2C)n1)C(=O)O,5.522878745280337,3000.0,0,0,0,0,0,0
O=C(O)CSc1nc(Cl)cc(Nc2ccc(Nc3ccccc3)cc2)n1,4.906578314837765,12400.0,0,0,0,0,1,1
CCCCC(Sc1nc(Cl)cc(Nc2ccc(Nc3ccccc3)cc2)n1)C(=O)O,5.97469413473523,1060.0,0,0,0,0,1,1
CCCCCCC(Sc1nc(Cl)cc(Nc2ccc(Nc3ccccc3)cc2)n1)C(=O)O,6.161150909262744,690.0,0,0,0,0,1,1
CCCCCCC(Sc1nc(Cl)cc(Nc2ccc(C(=O)c3ccc(N)cc3)cc2)n1)C(=O)O,5.920818753952375,1200.0,0,0,0,0,0,0
CCCCCCC(Sc1nc(Cl)cc(Nc2ccc(Oc3ccccc3)cc2)n1)C(=O)O,5.627087997029894,2360.0,0,0,0,0,0,0
CCCCCCC(Sc1nc(Cl)cc(Nc2ccc(Cc3ccccc3)cc2)n1)C(=O)O,6.309803919971486,490.0,1,1,0,0,1,1
C=C[C@H](C#CC#C[C@@H](O)/C=C\CCCCCCC)O[C@]1(C)CCC[C@]2(C)CC[C@@H](C(C)(C)O)C[C@H]21,5.721246399047171,1900.0,0,0,0,0,0,0
C=C[C@@H](O)C#CC#C[C@H](/C=C\CCCCCCC)O[C@]1(C)CCC[C@]2(C)CC[C@@H](C(C)(C)O)C[C@H]21,5.769551078621726,1700.0,0,0,0,0,0,0
C=C[C@H](C#CC#C[C@@H](O)/C=C\CCCCCCC)O[C@]1(C)CC[C@@H](O)[C@]2(C)CC[C@@H](C(C)C)[C@@H](O)[C@@H]12,5.698970004336019,2000.0,0,0,0,0,0,0
C=C[C@H]1OCc2cc3cc(OC)c(O)cc3c(C#C[C@@H](O)/C=C\CCCCCCC)c21,5.769551078621726,1700.0,0,0,0,0,0,0
COc1ccc(C(=O)Nc2cccc(C(=O)O)c2)c(NC(=O)c2ccc(C(C)(C)C)cc2)c1,5.52432881167557,2990.0,0,0,0,0,0,0
O=C(O)c1ccc(NC(=O)c2ccccc2NC(=O)c2ccc3ccccc3c2)cc1,4.6777807052660805,21000.0,0,0,0,0,0,0
O=C(O)c1cccc(NC(=O)c2ccccc2NC(=O)c2ccc3ccccc3c2)c1,5.259637310505756,5500.0,0,0,0,0,0,0
O=C(O)CCCCNC(=O)c1ccccc1NC(=O)c1ccc2ccccc2c1,4.585026652029182,26000.0,0,0,0,0,0,0
O=C(O)CCCNC(=O)c1ccccc1NC(=O)c1ccccc1-c1ccccc1,4.638272163982407,23000.0,0,0,0,0,0,0
O=C(O)CCCNC(=O)c1ccccc1NC(=O)c1cccc(-c2ccccc2)c1,4.431798275933005,37000.0,0,0,0,0,0,0
O=C(O)CCCNC(=O)c1ccccc1NC(=O)c1ccc(-c2ccccc2)cc1,4.886056647693163,13000.0,0,0,0,0,0,0
O=C(O)CCCNC(=O)c1ccccc1NC(=O)c1cccc2ccccc12,4.3872161432802645,41000.0,0,0,0,0,0,0
O=C(O)CCCNC(=O)c1ccccc1NC(=O)c1ccc2ccccc2c1,4.742321425130816,18100.0,0,0,0,0,0,0
O=C(O)c1cccc(NC(=O)c2ccccc2NC(=O)c2ccc3c(c2)OCO3)c1,4.6020599913279625,25000.0,0,0,0,0,0,0
O=C(O)c1cccc(NC(=O)c2ccccc2NC(=O)c2ccc(C(F)(F)F)c(F)c2)c1,5.161150909262744,6900.0,0,0,0,0,0,0
O=C(O)c1cccc(NC(=O)c2ccccc2NC(=O)c2cc(C(F)(F)F)cc(C(F)(F)F)c2)c1,4.958607314841775,11000.0,0,0,0,0,0,0
CC(C)(C)c1ccc(C(=O)Nc2ccccc2C(=O)Nc2cccc(C(=O)O)c2)cc1,5.4089353929735005,3900.0,0,0,0,0,0,0
O=C(O)c1cccc(NC(=O)c2ccccc2NC(=O)c2ccc(C(F)(F)F)cc2)c1,5.070581074285707,8500.0,0,0,0,0,0,0
O=C(O)c1cccc(NC(=O)c2ccccc2NC(=O)c2ccc(Br)cc2)c1,5.346787486224656,4500.0,0,0,0,0,0,0
CC(C)(C)c1ccc(C(=O)Nc2ccc(Cl)cc2C(=O)Nc2cccc(C(=O)O)c2)cc1,5.267606240177032,5400.0,0,0,0,0,0,0
CC(C)(C)c1ccc(C(=O)Nc2cc(Cl)ccc2C(=O)Nc2cccc(C(=O)O)c2)cc1,5.045757490560675,9000.0,0,0,0,0,0,0
CC(C)(C)c1ccc(C(=O)Nc2ccccc2C(=O)Nc2cccc(CC(=O)O)c2)cc1,5.207608310501746,6200.0,0,0,0,0,0,0
CC(C)(C)c1ccc(C(=O)Nc2ccccc2C(=O)Nc2cccc(CCC(=O)O)c2)cc1,5.301029995663981,5000.0,0,0,0,0,0,0
Cc1c(NC(=O)c2ccccc2NC(=O)c2ccc(C(C)(C)C)cc2)cccc1C(=O)O,4.8696662315049934,13500.0,0,0,0,0,0,0
Cc1ccc(NC(=O)c2ccccc2NC(=O)c2ccc(C(C)(C)C)cc2)cc1C(=O)O,5.301029995663981,5000.0,0,0,0,0,0,0
Cc1ccc(C(=O)O)cc1NC(=O)c1ccccc1NC(=O)c1ccc(C(C)(C)C)cc1,5.200659450546418,6300.0,0,0,0,0,0,0
COc1ccc(NC(=O)c2ccccc2NC(=O)c2ccc(C(C)(C)C)cc2)cc1C(=O)O,5.356547323513812,4400.0,0,0,0,0,0,0
CC(C)(C)c1ccc(C(=O)Nc2ccccc2C(=O)Nc2ccc(Cl)c(C(=O)O)c2)cc1,5.267606240177032,5400.0,0,0,0,0,0,0
CC(C)(C)c1ccc(C(=O)Nc2ccccc2C(=O)Nc2ccc(Br)c(C(=O)O)c2)cc1,5.200659450546418,6300.0,0,0,0,0,0,0
COc1ccc(C(=O)O)cc1NC(=O)c1ccccc1NC(=O)c1ccc(C(C)(C)C)cc1,5.346787486224656,4500.0,0,0,0,0,0,0
CC(C)(C)c1ccc(C(=O)Nc2ccccc2C(=O)Nc2cc(C(=O)O)ccc2Cl)cc1,5.721246399047171,1900.0,0,0,0,0,0,0
CC(C)(C)c1ccc(C(=O)Nc2ccccc2C(=O)Nc2cc(C(=O)O)ccc2F)cc1,5.236572006437063,5800.0,0,0,0,0,0,0
O=C(O)c1cccc(NC(=O)c2cc(Cl)ccc2NC(=O)c2ccc(C(F)(F)F)cc2)c1,5.327902142064283,4700.0,0,0,0,0,0,0
O=C(O)c1cccc(NC(=O)c2ccc(Cl)cc2NC(=O)c2ccc(C(F)(F)F)cc2)c1,5.060480747381382,8700.0,0,0,0,0,0,0
O=C(O)Cc1cccc(NC(=O)c2ccccc2NC(=O)c2ccc(C(F)(F)F)cc2)c1,5.026872146400302,9400.0,0,0,0,0,0,0
O=C(O)CCc1cccc(NC(=O)c2ccccc2NC(=O)c2ccc(C(F)(F)F)cc2)c1,5.161150909262744,6900.0,0,0,0,0,0,0
O=C(O)Cc1cccc(NC(=O)c2ccccc2NC(=O)c2ccc(-c3ccccc3)cc2)c1,5.585026652029182,2600.0,0,0,0,0,0,0
CSc1ccc(C(=O)Nc2ccccc2C(=O)Nc2cccc(CC(=O)O)c2)cc1,4.7594507517174005,17400.0,0,0,0,0,0,0
O=C(O)Cc1cccc(NC(=O)c2ccccc2NC(=O)c2ccc(SC(F)(F)F)cc2)c1,5.356547323513812,4400.0,0,0,0,0,0,0
O=C(O)Cc1cccc(NC(=O)c2ccccc2NC(=O)c2ccc3ccccc3c2)c1,4.7447274948966935,18000.0,0,0,0,0,0,0
CCCCO/N=C/c1ccc(OC(Cc2ccccc2)C(=O)O)cc1,5.437707135543525,3650.0,0,0,0,0,0,0
O=C(O)C(Cc1ccccc1)Oc1ccc(/C=N/OCc2ccccc2)cc1,5.6777807052660805,2100.0,0,0,0,0,0,0
O=C(O)C(Cc1ccccc1)Oc1ccc(/C=N/OCCCc2ccccc2)cc1,5.903089986991944,1250.0,0,0,0,0,1,1
C/C(=N\O)c1ccc(OC(Cc2ccccc2)C(=O)O)cc1,5.026872146400302,9400.0,0,0,0,0,1,1
O=C(O)C(Cc1ccccc1)Oc1ccc(/C(=N/O)c2ccccc2)cc1,4.906578314837765,12400.0,1,1,0,0,1,1
CCCC/C(=C\c1cc(Oc2ccccc2)ccc1OCc1ccc(C(F)(F)F)cc1)C(=O)O,6.142667503568732,720.0,1,1,0,0,1,1
CCCC/C(=C\c1cc(OCc2ccccc2)ccc1OCc1ccc(C(F)(F)F)cc1)C(=O)O,4.931814138253839,11700.0,1,1,0,0,1,1
CCCC/C(=C\c1cc(OC/C=C/c2ccccc2)ccc1OCc1ccc(C(F)(F)F)cc1)C(=O)O,4.889410289700751,12900.0,1,1,0,0,1,1
CCCC/C(=C\c1cc(OCc2ccc(F)cc2)ccc1OCc1ccc(C(F)(F)F)cc1)C(=O)O,5.286509456906058,5170.0,0,0,0,0,0,0
CCCC/C(=C\c1cc(OCc2ccc(Cl)c(Cl)c2)ccc1OCc1ccc(C(F)(F)F)cc1)C(=O)O,5.675717544702307,2110.0,0,0,0,0,0,0
CCCC/C(=C\c1cc(OCc2cc(C(F)(F)F)cc(C(F)(F)F)c2)ccc1OCc1ccc(C(F)(F)F)cc1)C(=O)O,5.333482019445119,4640.0,0,0,0,0,0,0
CCCC/C(=C\c1cc(OCc2cccnc2)ccc1OCc1ccc(C(F)(F)F)cc1)C(=O)O,5.591760034688151,2560.0,0,0,0,0,0,0
CCCC/C(=C\c1cc(OCc2ccc(OCCN3CCOCC3)cc2)ccc1OCc1ccc(C(F)(F)F)cc1)C(=O)O,5.423658649794207,3770.0,0,0,0,0,0,0
CCCC/C(=C\c1cc(OCC(c2ccccc2)c2ccccc2)ccc1OCc1ccc(C(F)(F)F)cc1)C(=O)O,5.8996294548824375,1260.0,0,0,0,0,1,1
CCCC/C(=C\c1cc(OCC2CCC(C(F)(F)F)CC2)ccc1OCc1ccc(C(F)(F)F)cc1)C(=O)O,5.665546248849069,2160.0,0,0,0,0,0,0
Cc1oc(-c2ccccc2)nc1CCOc1ccc([C@@H]2CN(C(=O)Oc3ccccc3)C[C@@H]2CC(=O)O)cc1,5.3788237182249645,4180.0,1,1,0,0,1,0
Cc1oc(-c2ccccc2)nc1CCOc1cccc([C@@H]2CN(C(=O)Oc3ccccc3)C[C@@H]2C(=O)O)c1,5.247951552180561,5650.0,1,1,0,0,1,0
CCOC(=O)N1C[C@H](C(=O)O)[C@H](c2cccc(OCCc3nc(-c4ccccc4)oc3C)c2)C1,4.619788758288394,24000.0,0,0,0,0,1,1
COc1ccc(OC(=O)N2[C@H](C(=O)O)CC[C@H]2c2ccc(OCCc3nc(-c4ccccc4)oc3C)cc2)cc1,7.301029995663981,50.0,0,0,0,0,1,0
CCOC(=O)N1C[C@H](Cc2cccc(OCCc3nc(-c4ccccc4)oc3C)c2)[C@@H](C(=O)O)C1,5.54515513999149,2850.0,0,0,0,0,1,1
CCOC(=O)N1C[C@@H](Cc2ccc(OCCc3nc(-c4ccccc4)oc3C)cc2)[C@@H](C(=O)O)C1,6.522878745280337,300.0,0,0,0,0,1,1
Cc1oc(-c2ccccc2)nc1CCOc1cccc(C[C@@H]2CN(c3nccc(C(F)(F)F)n3)C[C@@H]2C(=O)O)c1,5.6020599913279625,2500.0,1,1,0,1,1,0
Cc1oc(-c2ccccc2)nc1CCOc1ccc(C[C@@H]2CN(c3ncccn3)C[C@@H]2C(=O)O)cc1,5.97469413473523,1060.0,0,0,0,0,1,0
Cc1ccnc(N2C[C@@H](Cc3ccc(OCCc4nc(-c5ccccc5)oc4C)cc3)[C@@H](C(=O)O)C2)n1,6.200659450546418,630.0,0,0,0,0,1,0
Cc1oc(-c2ccccc2)nc1CCOc1ccc(C[C@@H]2CN(c3nc4ccccc4o3)C[C@@H]2C(=O)O)cc1,5.681936665037238,2080.0,0,0,0,0,1,0
CCOC(=O)N1C[C@@H](CCc2cccc(OCCc3nc(-c4ccccc4)oc3C)c2)[C@@H](C(=O)O)C1,6.1487416512809245,710.0,0,0,0,0,1,0
CCOC(=O)N1C[C@@H](CCc2ccc(OCCc3nc(-c4ccccc4)oc3C)cc2)[C@@H](C(=O)O)C1,6.267606240177032,540.0,0,0,0,0,1,0
Cc1oc(-c2ccccc2)nc1CCOc1ccc(CC[C@@H]2CN(C(=O)Oc3ccccc3)C[C@@H]2C(=O)O)cc1,6.795880017344075,160.0,1,1,0,0,1,0
CCO[C@@H](CC(=O)O)c1ccc(OCc2ccc(C(F)(F)F)cc2)cc1,4.982966660701219,10400.0,0,0,0,0,0,0
Cc1oc(-c2ccccc2)nc1CCOc1ccc(C[C@@H](NC(=O)/C=C/c2ccco2)C(=O)O)cc1,6.809668301829708,155.0,0,0,0,0,1,0
O=C(Nc1ccc(Oc2ncccn2)cc1C(=O)O)c1ccc(Cl)cc1Cl,5.886056647693163,1300.0,0,0,0,0,0,0
COc1cc(CCc2ccccc2)c(C(=O)O)c(O)c1C/C=C(/C)CCC=C(C)C,7.136677139879544,73.0,0,0,0,0,0,0
COc1ccc(COc2cccc(OCCOc3ccc4c(c3)c(CC(=O)O)cn4Cc3ccccc3)c2)cc1,5.721246399047171,1900.0,0,0,0,0,0,0
Cc1ccc(COc2cccc(OCCCOc3ccc4[nH]cc(CC(=O)O)c4c3)c2)cc1,5.769551078621726,1700.0,0,0,0,0,0,0
O=C(O)Cc1cn(Cc2ccccc2)c2ccc(OCCCOc3cccc(OCc4ccc(Cl)cc4)c3)cc12,6.301029995663981,500.0,0,0,0,0,0,0
Cc1ccc(COc2cccc(OCCCOc3ccc4c(CC(=O)O)cn(Cc5ccccc5)c4c3)c2)cc1,5.886056647693163,1300.0,0,0,0,0,0,0
CCCCCNC(=O)c1ccc(NC(=O)c2cccc(CN3C(=O)OC[C@H]3Cc3ccccc3)c2)cc1,5.789949150124863,1622.0,0,0,0,0,0,0
CC(C)(C)c1ccc(CNC(=O)c2ccc(NC(=O)c3cccc(CN4C(=O)OC[C@H]4Cc4ccccc4)c3)cc2)cc1,5.88672530753565,1298.0,0,0,0,0,0,0
Cc1cc(-n2nc3ccccc3n2)cc(C)c1OC(C)(C)C(=O)O,6.318758762624412,480.0,0,0,0,0,0,0
Cc1ccccc1CNC(=O)c1ccc2c(c1)c(C)c(C)n2Cc1ccc(-c2ccccc2C(=O)O)cc1,6.199282921717615,632.0,0,0,0,0,1,1
Cc1c(C)n(Cc2ccc(-c3ccccc3C(=O)O)cc2)c2ccc(C(=O)NCc3ccccc3N)cc12,5.596536298654683,2532.0,1,1,0,0,1,1
Cc1c(C)n(Cc2ccc(-c3ccccc3C(=O)O)cc2)c2ccc(C(=O)NCc3ccccc3[N+](=O)[O-])cc12,6.080398976215889,831.0,0,0,0,0,1,1
Cc1cccc(CNC(=O)c2ccc3c(c2)c(C)c(C)n3Cc2ccc(-c3ccccc3C(=O)O)cc2)c1,6.440093374963888,363.0,1,1,0,0,1,1
COc1cccc(CNC(=O)c2ccc3c(c2)c(C)c(C)n3Cc2ccc(-c3ccccc3C(=O)O)cc2)c1,6.72584215073632,188.0,1,1,0,0,1,1
Cc1c(C)n(Cc2ccc(-c3ccccc3C(=O)O)cc2)c2ccc(C(=O)NCc3cccc([N+](=O)[O-])c3)cc12,6.0851281824599495,822.0,0,0,0,0,1,1
Cc1ccc(CNC(=O)c2ccc3c(c2)c(C)c(C)n3Cc2ccc(-c3ccccc3C(=O)O)cc2)cc1,7.853871964321762,14.0,1,1,0,1,1,1
Cc1c(C)n(Cc2ccc(-c3ccccc3C(=O)O)cc2)c2ccc(C(=O)NCc3ccc(Br)cc3)cc12,6.287350298372789,516.0,1,1,0,1,1,1
Cc1c(C)n(Cc2ccc(-c3ccccc3C(=O)O)cc2)c2ccc(C(=O)NCc3ccc([N+](=O)[O-])cc3)cc12,5.871600731282194,1344.0,1,1,0,1,1,1
Cc1c(C)n(Cc2ccc(-c3ccccc3C(=O)O)cc2)c2ccc(C(=O)NCc3ccc(C(C)(C)C)cc3)cc12,6.906578314837765,124.0,0,0,0,0,1,1
Cc1c(C)n(Cc2ccc(-c3ccccc3C(=O)O)cc2)c2ccc(C(=O)NCc3cccs3)cc12,6.707743928643524,196.0,1,1,0,1,1,1
Cc1c(C)n(Cc2ccc(-c3ccccc3C(=O)O)cc2)c2ccc(C(=O)NC(c3ccccc3)c3ccccc3)cc12,9.0,1.0,1,1,0,1,1,1
Cc1c(C)n(Cc2ccc(-c3ccccc3C(=O)O)cc2)c2ccc(C(=O)NC3CCC3)cc12,5.246800085800584,5665.0,1,1,0,0,1,1
Cc1c(C)n(Cc2ccc(-c3ccccc3C(=O)O)cc2)c2ccc(C(=O)NCC3CCCCC3)cc12,6.747146969020107,179.0,1,1,0,1,1,1
Cc1ccccc1[C@H](C)NC(=O)c1ccc2c(c1)c(C)c(C)n2Cc1ccc(-c2ccccc2C(=O)O)cc1,6.832682665251824,147.0,0,0,0,0,1,1
CCc1ccccc1[C@H](C)NC(=O)c1ccc2c(c1)c(C)c(C)n2Cc1ccc(-c2ccccc2C(=O)O)cc1,6.476253533188435,334.0,0,0,0,0,1,1
Cc1c(C)n(Cc2ccc(-c3ccccc3C(=O)O)cc2)c2ccc(C(=O)N[C@@H](C)c3ccccc3Br)cc12,6.832682665251824,147.0,1,1,0,0,1,1
Cc1c(C)n(Cc2ccc(-c3ccccc3C(=O)O)cc2)c2ccc(C(=O)N[C@@H](C)c3ccccc3OC(C)C)cc12,5.309183942019084,4907.0,1,1,0,0,1,1
Cc1c(C)n(Cc2ccc(-c3ccccc3C(=O)O)cc2)c2ccc(C(=O)N[C@@H](C)c3cccc(Cl)c3)cc12,6.935542010773082,116.0,1,1,0,0,1,1
Cc1c(C)n(Cc2ccc(-c3ccccc3C(=O)O)cc2)c2ccc(C(=O)N[C@@H](C)c3cccc(C(F)(F)F)c3)cc12,6.732828271596986,185.0,1,1,0,0,1,1
Cc1c(C)n(Cc2ccc(-c3ccccc3C(=O)O)cc2)c2ccc(C(=O)N[C@@H](C)c3cccc(C(C)C)c3)cc12,6.069560405233299,852.0,1,1,0,1,1,1
Cc1c(C)n(Cc2ccc(-c3ccccc3C(=O)O)cc2)c2ccc(C(=O)N[C@@H](C)c3cccc(C4CC4)c3)cc12,5.357436562895613,4391.0,1,1,0,0,1,1
Cc1c(C)n(Cc2ccc(-c3ccccc3C(=O)O)cc2)c2ccc(C(=O)N[C@@H](C)c3cccc(C(C)(C)C)c3)cc12,6.30189945437661,499.0,0,0,0,0,1,1
Cc1ccc([C@H](C)NC(=O)c2ccc3c(c2)c(C)c(C)n3Cc2ccc(-c3ccccc3C(=O)O)cc2)cc1,6.46344155742847,344.0,1,1,0,0,1,1
CCOc1ccc([C@H](C)NC(=O)c2ccc3c(c2)c(C)c(C)n3Cc2ccc(-c3ccccc3C(=O)O)cc2)cc1,7.0655015487564325,86.0,0,0,0,0,1,1
Cc1c(C)n(Cc2ccc(-c3ccccc3C(=O)O)cc2)c2ccc(C(=O)N[C@@H](C)c3ccc(C(C)C)cc3)cc12,5.942714355581785,1141.0,0,0,0,0,1,1
Cc1c(C)n(Cc2ccc(-c3ccccc3C(=O)O)cc2)c2ccc(C(=O)N[C@@H](C)c3ccc(C(C)(C)C)cc3)cc12,6.449771646944906,355.0,1,1,0,0,1,1
Cc1c(C)n(Cc2ccc(-c3ccccc3C(=O)O)cc2)c2ccc(C(=O)NCc3cccc(C(C)C)c3)cc12,6.876148359032914,133.0,0,0,0,0,1,1
Cc1c(C)n(Cc2ccc(-c3ccccc3C(=O)O)cc2)c2ccc(C(=O)N[C@@H](c3cccc(C(C)C)c3)C(F)(F)F)cc12,7.0,100.0,0,0,0,0,1,0
CC[C@H](NC(=O)c1ccc2c(c1)c(C)c(C)n2Cc1ccc(-c2ccccc2C(=O)O)cc1)c1cccc(C(C)C)c1,7.0,100.0,0,0,0,0,1,1
Cc1c(C)n(Cc2ccc(-c3ccccc3C(=O)O)cc2)c2ccc(C(=O)N[C@H](c3cccc(C(C)C)c3)C(C)C)cc12,6.876148359032914,133.0,0,0,0,0,1,1
Cc1c(C)n(Cc2ccc(-c3ccccc3C(=O)O)cc2)c2ccc(C(=O)N[C@H](c3cccc(C(C)C)c3)C3CC3)cc12,7.221848749616356,60.0,1,1,0,1,1,1
CCCC[C@H](NC(=O)c1ccc2c(c1)c(C)c(C)n2Cc1ccc(-c2ccccc2C(=O)O)cc1)c1cccc(C(C)C)c1,6.935542010773082,116.0,0,0,0,0,1,0
Cc1c(C)n(Cc2ccc(-c3ccccc3C(=O)O)cc2)c2ccc(C(=O)N[C@@H](CC(C)C)c3cccc(C(C)C)c3)cc12,6.645891560852599,226.0,1,1,0,0,1,0
Cc1c(C)n(Cc2ccc(-c3ccccc3C(=O)O)cc2)c2ccc(C(=O)N[C@@H](Cc3ccccc3)c3cccc(C(C)C)c3)cc12,6.823908740944319,150.0,0,0,0,0,1,0
CCOC(=O)C(CC)Cc1ccc(C(=O)NCc2ccccc2C(F)(F)F)cc1,5.7447274948966935,1800.0,0,0,0,0,0,0
CCC(Cc1ccc(C(=O)NCc2ccccc2C(F)(F)F)cc1)C(=O)O,5.318758762624412,4800.0,1,1,0,0,1,1
CC/C(=C\c1ccc(C(=O)NCc2ccccc2C(F)(F)F)cc1)C(=O)O,5.657577319177793,2200.0,0,0,0,0,0,0
CCC(Cc1cccc(C(=O)NCc2ccccc2C(F)(F)F)c1)C(=O)O,5.1938200260161125,6400.0,0,0,0,0,0,0
CCOC(=O)C(C)Cc1ccc(C(=O)NCc2ccccc2C(F)(F)F)cc1,5.096910013008056,8000.0,0,0,0,0,0,0
CC(Cc1ccc(C(=O)NCc2ccccc2C(F)(F)F)cc1)C(=O)O,5.522878745280337,3000.0,0,0,0,0,0,0
CCCC(Cc1ccc(C(=O)NCc2ccccc2C(F)(F)F)cc1)C(=O)OCC,6.045757490560675,900.0,0,0,0,0,0,0
CCCC(Cc1ccc(C(=O)NCc2ccccc2C(F)(F)F)cc1)C(=O)O,5.823908740944319,1500.0,0,0,0,0,0,0
CCOC(=O)C(Cc1ccc(C(=O)NCc2ccccc2C(F)(F)F)cc1)c1ccccc1,5.698970004336019,2000.0,0,0,0,0,0,0
O=C(NCc1ccccc1C(F)(F)F)c1ccc(CC(C(=O)O)c2ccccc2)cc1,5.522878745280337,3000.0,0,0,0,0,0,0
CCOC(=O)C(CC)Cc1ccc(C(=O)NCc2ccccc2)cc1,4.795880017344075,16000.0,1,1,0,1,1,1
CCC(Cc1ccc(C(=O)NCc2ccccc2)cc1)C(=O)O,4.8696662315049934,13500.0,1,1,0,1,1,1
CCC(Cc1ccc(C(=O)NCc2ccccc2C)cc1)C(=O)O,5.3979400086720375,4000.0,0,0,0,0,1,1
CCOC(=O)C(CC)Cc1ccc(C(=O)NCc2ccccc2OC(F)(F)F)cc1,5.455931955649724,3500.0,0,0,0,0,0,0
CCC(Cc1ccc(C(=O)NCc2ccccc2OC(F)(F)F)cc1)C(=O)O,5.096910013008056,8000.0,1,1,0,0,1,1
CCOC(=O)C(CC)Cc1ccc(C(=O)NCc2ccc(F)cc2)cc1,4.958607314841775,11000.0,0,0,0,0,0,0
CCOC(=O)C(CC)Cc1ccc(C(=O)NCc2ccc(C(F)(F)F)cc2)cc1,5.376750709602099,4200.0,0,0,0,0,0,0
CCC(Cc1ccc(C(=O)NCc2ccc(C(F)(F)F)cc2)cc1)C(=O)O,5.200659450546418,6300.0,0,0,0,0,1,1
CCOC(=O)C(CC)Cc1ccc(C(=O)NCc2ccc(OC(F)(F)F)cc2)cc1,5.522878745280337,3000.0,0,0,0,0,0,0
CCC(Cc1ccc(C(=O)NCc2ccc(OC(F)(F)F)cc2)cc1)C(=O)O,5.698970004336019,2000.0,0,0,0,0,0,0
CCC(Cc1ccc(C(=O)NCc2ccc(OC)cc2)cc1)C(=O)O,5.154901959985743,7000.0,0,0,0,0,1,1
CCC(Cc1ccc(C(=O)NCc2ccc(Cl)cc2)cc1)C(=O)O,5.3979400086720375,4000.0,0,0,0,0,1,1
CCOC(=O)C(CC)Cc1ccc(C(=O)NCc2ccc(Oc3ccccc3)cc2)cc1,5.853871964321762,1400.0,1,1,0,1,1,1
CCC(Cc1ccc(C(=O)NCc2ccc(Oc3ccccc3)cc2)cc1)C(=O)O,6.522878745280337,300.0,1,1,0,1,1,1
CCOC(=O)C(CC)Cc1ccc(C(=O)NCc2ccc(F)cc2C(F)(F)F)cc1,5.552841968657781,2800.0,0,0,0,0,0,0
CCC(Cc1ccc(C(=O)NCc2ccc(F)cc2C(F)(F)F)cc1)C(=O)O,6.221848749616356,600.0,1,1,0,0,1,1
CCOC(=O)C(CC)Cc1ccc(C(=O)NCc2ccc(OC)cc2C(F)(F)F)cc1,5.698970004336019,2000.0,0,0,0,0,0,0
CCC(Cc1ccc(C(=O)NCc2ccc(OC)cc2C(F)(F)F)cc1)C(=O)O,6.522878745280337,300.0,1,1,0,0,1,1
CCCCCCC(Sc1nc(Cl)cc(NCCCC(=O)NCc2ccccc2C(F)(F)F)n1)C(=O)O,5.221848749616356,6000.0,0,0,0,0,0,0
COc1ccc(OC(=O)N(CC(=O)O)Cc2cc(OCc3nc(-c4ccc(Cl)cc4)oc3C)ccc2F)cc1,5.963770455913705,1087.0,1,1,0,0,0,0
Cc1ccc(OC(=O)N(CC(=O)O)Cc2cc(OCc3nc(-c4ccc(Cl)cc4)oc3C)ccc2F)cc1,5.901356274182943,1255.0,1,1,0,0,0,0
Cc1oc(-c2ccc(Cl)cc2)nc1COc1ccc(F)c(CN(CC(=O)O)C(=O)OCC(C)C)c1,5.822752163744377,1504.0,0,0,0,0,0,0
CCCCOC(=O)N(CC(=O)O)Cc1cc(OCc2nc(-c3ccc(Cl)cc3)oc2C)ccc1F,5.9083330424043154,1235.0,0,0,0,0,0,0
Cc1oc(-c2ccc(Cl)cc2)nc1COc1ccc(F)c(CN(CC(=O)O)C(=O)OCCCF)c1,5.358228529346041,4383.0,0,0,0,0,0,0
CCCOC(=O)N(CC(=O)O)Cc1cc(OCc2nc(-c3ccc(Cl)cc3)oc2C)ccc1F,5.696156225111346,2013.0,0,0,0,0,0,0
CCOC(=O)N(CC(=O)O)Cc1cc(OCc2nc(-c3ccc(Cl)cc3)oc2C)ccc1F,5.369267107182804,4273.0,0,0,0,0,0,0
COC(=O)N(CC(=O)O)Cc1cc(OCc2nc(-c3ccc(C(C)(C)C)cc3)oc2C)ccc1F,6.382999658879101,414.0,0,0,0,0,1,1
COC(=O)N(CC(=O)O)Cc1cc(OCc2nc(-c3ccc(OC(F)(F)F)cc3)oc2C)ccc1F,5.622693748931801,2384.0,0,0,0,0,0,0
COC(=O)N(CC(=O)O)Cc1cc(OCc2nc(-c3ccc(C(F)(F)F)cc3)oc2C)ccc1F,5.685711339052502,2062.0,0,0,0,0,0,0
COC(=O)N(CC(=O)O)Cc1cc(OCc2nc(-c3ccccc3)oc2C)ccc1F,5.065148197034339,8607.0,0,0,0,0,1,1
COC(=O)N(CC(=O)O)Cc1cc(OCc2nc(-c3ccc(F)cc3)oc2C)ccc1F,4.999565922520682,10010.0,0,0,0,0,1,1
COC(=O)N(CC(=O)O)Cc1cc(OCc2nc(-c3ccc(C)cc3)oc2C)ccc1F,5.6611452537476765,2182.0,0,0,0,0,0,0
COC(=O)N(CC(=O)O)[C@@H](C)c1cccc(OCc2nc(-c3ccc(Cl)cc3)oc2C)c1,5.544089759617257,2857.0,0,0,0,0,0,0
COC(=O)N(CC(=O)O)Cc1ccc(F)c(OCc2nc(-c3ccc(Cl)cc3)oc2C)c1,5.037725395376685,9168.0,0,0,0,0,0,0
COC(=O)N(CC(=O)O)Cc1cc(F)cc(OCc2nc(-c3ccc(Cl)cc3)oc2C)c1,5.5499049241283975,2819.0,0,0,0,0,0,0
COC(=O)N(CC(=O)O)Cc1cc(OCc2nc(-c3ccc(Cl)cc3)oc2C)ccc1F,5.345727172902289,4511.0,0,0,0,0,1,1
CCCc1cc2ccccc2n1Cc1ccc(-c2ccccc2C#N)cc1,5.095284454721319,8030.0,0,0,0,0,0,0
CCCc1cc2ccccc2n1Cc1ccc(-c2ccccc2C(=O)O)cc1,5.730487055782084,1860.0,0,0,0,0,0,0
CCCC1Sc2ccccc2N1Cc1ccc(-c2ccccc2C(=O)O)cc1,5.978810700930062,1050.0,0,0,0,0,1,1
CCCCCCCc1nc2ccccc2n1Cc1ccc(-c2ccccc2C(N)=O)cc1,6.075720713938118,840.0,0,0,0,0,0,0
CCCCCCCc1nc2ccccc2n1Cc1ccc(-c2ccccc2C(=O)O)cc1,6.769551078621726,170.0,1,1,0,1,0,0
CCCCCCc1nc2ccccc2n1Cc1ccc(-c2ccccc2C(N)=O)cc1,5.51427857351842,3060.0,1,1,0,1,1,1
CCCCCCc1nc2ccccc2n1Cc1ccc(-c2ccccc2C(=O)O)cc1,6.6777807052660805,210.0,1,1,0,1,1,1
CCCCCc1nc2ccccc2n1Cc1ccc(-c2ccccc2C(N)=O)cc1,5.4089353929735005,3900.0,1,1,0,1,0,0
CCCCCc1nc2ccccc2n1Cc1ccc(-c2ccccc2C(=O)O)cc1,6.3979400086720375,400.0,0,0,0,0,1,0
CCCc1nc2ccccc2n1Cc1ccc(-c2ccc(C(=O)O)cc2)cc1,5.72584215073632,1880.0,0,0,0,0,0,0
CCCc1nc2ccccc2n1Cc1ccc(-c2cccc(C(=O)O)c2)cc1,5.204815410317576,6240.0,0,0,0,0,0,0
CCCc1nc2ccccc2n1Cc1ccc(-c2ccccc2C#N)cc1,5.300162274132754,5010.0,0,0,0,0,0,0
CCCc1nc2ccccc2n1Cc1ccc(-c2ccccc2C(N)=O)cc1,5.501689446210399,3150.0,1,1,0,1,0,0
CSc1nc(Sc2nnc(-c3cc(C(F)(F)F)cc(C(F)(F)F)c3)[nH]2)cc(Sc2nnc(-c3cc(C(F)(F)F)cc(C(F)(F)F)c3)[nH]2)n1,5.267606240177032,5400.0,0,0,0,0,0,0
COc1ccc(-c2cn3cccc(OCc4ccc(Cl)c(Cl)c4)c3n2)cc1,5.508638306165727,3100.0,0,0,0,0,0,0
O=S(=O)(c1ccc(Cl)cc1)c1cnn(S(=O)(=O)c2ccc(Cl)cc2Cl)c1-c1ccc(Cl)cc1,5.6777807052660805,2100.0,0,0,0,0,0,0
CS(=O)(=O)Oc1ccc(C(=O)OCc2ccc(CC(SCCc3ccc(F)cc3)C(=O)O)cc2)cc1,5.7447274948966935,1800.0,0,0,0,0,1,0
CS(=O)(=O)Oc1ccc(CC(=O)OCc2ccc(CC(SCCc3ccc(F)cc3)C(=O)O)cc2)cc1,5.769551078621726,1700.0,1,1,0,0,1,0
O=C(Cc1ccc(CC(SCCc2ccc(F)cc2)C(=O)O)cc1)OCc1ccc(C(F)(F)F)cc1,5.769551078621726,1700.0,0,0,0,0,1,1
CS(=O)(=O)Oc1ccc(CC(=O)OCCc2ccc(CC(SCCc3ccc(F)cc3)C(=O)O)cc2)cc1,5.221848749616356,6000.0,0,0,0,0,1,0
CS(=O)(=O)Oc1ccc(CC(=O)OCCCc2ccc(CC(SCCc3ccc(F)cc3)C(=O)O)cc2)cc1,4.7447274948966935,18000.0,1,1,0,0,1,0
CC(C(=O)OCc1ccc(CC(SCCc2ccc(F)cc2)C(=O)O)cc1)c1ccccc1,5.769551078621726,1700.0,0,0,0,0,1,0
COc1ccc(CC(=O)OCc2ccc(CC(SCCc3ccc(F)cc3)C(=O)O)cc2)cc1,5.6020599913279625,2500.0,0,0,0,0,1,0
CC(C)Cc1ccc(C(C)C(=O)OCc2ccc(CC(SCCc3ccc(F)cc3)C(=O)O)cc2)cc1,6.031517051446065,930.0,0,0,0,0,1,0
O=C(Cc1ccccn1)OCc1ccc(CC(SCCc2ccc(F)cc2)C(=O)O)cc1,5.6777807052660805,2100.0,0,0,0,0,1,0
CN1CCN(CC(=O)OCc2ccc(CC(SCCc3ccc(F)cc3)C(=O)O)cc2)CC1,6.091514981121351,810.0,0,0,0,0,1,0
O=C(OCc1nc(-c2ccccc2)oc1C(F)(F)F)c1ccc(CC(SCCc2ccc(F)cc2)C(=O)O)cc1,7.236572006437063,58.0,0,0,0,0,1,0
O=C(OCc1ccc(CC(SCCc2ccc(F)cc2)C(=O)O)cc1)c1nc(-c2ccccc2)oc1C(F)(F)F,7.522878745280337,30.0,0,0,0,0,1,0
O=C(Cc1ccc(CC(C(=O)O)S(=O)(=O)CCc2ccc(F)cc2)cc1)OCc1ccc(C(F)(F)F)cc1,4.7447274948966935,18000.0,0,0,0,0,1,1
CCO[C@@H](Cc1ccc(OC(=O)Cc2ccc(NC(=O)OC(C)(C)C)cc2)cc1)C(=O)O,4.7447274948966935,18000.0,0,0,0,0,1,0
CCOC(Cc1ccc(OC(=O)Cc2nc(-c3ccccc3)oc2C)c(Cc2ccccc2)c1)C(=O)O,7.275724130399211,53.0,0,0,0,0,1,0
CCOC(Cc1ccc(OC(=O)Cc2ccc(NC(=O)OC(C)(C)C)cc2)c(Cc2ccccc2)c1)C(=O)O,8.2839966563652,5.2,0,0,0,0,1,1
CCOC(Cc1ccc(OC(=O)Cc2nc(-c3ccccc3)oc2C)c(C)c1)C(=O)O,7.366531544420414,43.0,0,0,0,0,0,0
CCOC(Cc1ccc(OC(=O)Cc2ccc(NC(=O)OC(C)(C)C)cc2)c(C)c1)C(=O)O,7.136677139879544,73.0,0,0,0,0,1,1
CCOC(Cc1ccc(C(=O)OCc2ccc(OS(C)(=O)=O)cc2)cc1)C(=O)O,5.853871964321762,1400.0,0,0,0,0,0,0
O=C(Cc1cccc(SCc2ccccc2C(=O)O)c1)OCc1ccc(C(F)(F)F)cc1,5.6020599913279625,2500.0,0,0,0,0,0,0
O=C(Cc1ccc(C(F)(F)F)cc1)OCc1ccc(SCc2ccccc2C(=O)O)cc1,6.119186407719209,760.0,0,0,0,0,1,0
O=C(Cc1ccc(SCc2ccccc2C(=O)O)cc1)OCc1ccc(C(F)(F)F)cc1,5.769551078621726,1700.0,0,0,0,0,1,1
CC(OC(=O)Cc1cccc(SCc2ccccc2C(=O)O)c1)c1ccc(C(F)(F)F)cc1,5.455931955649724,3500.0,0,0,0,0,0,0
O=C(Cc1cccc(SCc2ccccc2C(=O)O)c1)OCCc1ccc(C(F)(F)F)cc1,5.522878745280337,3000.0,0,0,0,0,0,0
Cc1cccc(C)c1COC(=O)Cc1ccc(SCc2ccccc2C(=O)O)cc1,4.7447274948966935,18000.0,0,0,0,0,1,1
C=CCC(OC(=O)Cc1ccc(SCc2ccccc2C(=O)O)cc1)c1ccccc1,4.823908740944319,15000.0,0,0,0,0,1,0
COC(=O)C(Cc1ccccc1)OC(=O)Cc1cccc(SCc2ccccc2C(=O)O)c1,5.221848749616356,6000.0,0,0,0,0,0,0
COc1ccc(CCOC(=O)Cc2ccc(SCc3ccccc3C(=O)O)cc2)cc1OC,5.154901959985743,7000.0,0,0,0,0,0,0
COC(=O)C(Cc1ccccc1)OC(=O)Cc1ccc(SCc2ccccc2C(=O)O)cc1,5.4089353929735005,3900.0,0,0,0,0,0,0
O=C(Cc1cccc(SCc2ccccc2C(=O)O)c1)OCCc1ccccc1C(F)(F)F,5.045757490560675,9000.0,0,0,0,0,0,0
COC(=O)C(c1ccccc1)(c1ccc(SCc2ccccc2C(=O)O)cc1)c1ncco1,4.7447274948966935,18000.0,0,0,0,0,1,0
O=C(Cc1ccc(SCc2ccccc2C(=O)O)cc1)OCCc1ccccc1C(F)(F)F,5.086186147616283,8200.0,0,0,0,0,1,0
Cc1cccc(C)c1COC(=O)Cc1cccc(SCc2ccccc2C(=O)O)c1,5.42021640338319,3800.0,0,0,0,0,0,0
O=C(Cc1cccc(SCc2ccccc2C(=O)O)c1)OCc1ccc(-n2cccn2)cc1,5.376750709602099,4200.0,0,0,0,0,0,0
O=C(Cc1ccc(SCc2ccccc2C(=O)O)cc1)OCc1ccc(-n2cccn2)cc1,5.376750709602099,4200.0,0,0,0,0,0,0
COc1ccc(CCOC(=O)Cc2cccc(SCc3ccccc3C(=O)O)c2)cc1OC,4.958607314841775,11000.0,0,0,0,0,0,0
CCc1cc(OCCc2nc(-c3ccc(F)cc3)oc2C)ccc1CCC(=O)O,7.886056647693163,13.0,0,0,0,0,1,1
CCc1cc(OCCc2coc(-c3ccc(C(F)(F)F)cc3)n2)ccc1CCC(=O)O,6.1598939055432425,692.0,1,1,0,0,1,0
CCc1cc(OCCc2nc(-c3ccc(C(F)(F)F)cc3)oc2C)ccc1CCC(=O)O,8.301029995663981,5.0,1,1,0,1,1,1
CCc1cc(OCCc2nc(-c3ccc(C(C)(C)C)cc3)oc2C)ccc1CCC(=O)O,7.050609993355087,89.0,1,1,0,1,1,1
CCc1cc(OCCc2nc(-c3ccc(C)cc3)oc2C)ccc1CCC(=O)O,8.397940008672037,4.0,0,0,0,0,1,1
CCc1cc(OCCc2nc(-c3ccc(-c4nnn[nH]4)cc3)oc2C)ccc1CCC(=O)O,5.169989064063882,6761.0,0,0,0,0,1,1
CCc1cc(OCCc2nc(-c3ccc([N+](=O)[O-])cc3)oc2C)ncc1CCC(=O)O,7.602059991327962,25.0,0,0,0,0,0,0
CCc1cc(OCCc2nc(-c3ccc(C#N)cc3)oc2C)ncc1CCC(=O)O,7.657577319177793,22.0,0,0,0,0,0,0
CCc1cc(OCCc2nc(-c3ccc(C(N)=O)cc3)oc2C)ncc1CCC(=O)O,7.327902142064283,47.0,0,0,0,0,0,0
CCCc1nc2cc(-c3ccc(OC)cc3)ccc2n1Cc1ccc(-c2ccccc2C(=O)O)cc1,6.3872161432802645,410.0,0,0,0,0,0,0
CCCc1nc2cc(-c3cccc(OC)c3)ccc2n1Cc1ccc(-c2ccccc2C(=O)O)cc1,6.537602002101044,290.0,1,1,0,0,0,0
CCCc1nc2cc(-c3ccc(O)cc3)ccc2n1Cc1ccc(-c2ccccc2C(=O)O)cc1,5.995678626217358,1010.0,0,0,0,0,0,0
CCCc1nc2cc(-c3cccc(O)c3)ccc2n1Cc1ccc(-c2ccccc2C(=O)O)cc1,5.903089986991944,1250.0,0,0,0,0,0,0
CCCc1nc2cc(-c3ccc(Cl)cc3)ccc2n1Cc1ccc(-c2ccccc2C(=O)O)cc1,6.721246399047171,190.0,1,1,0,0,1,1
CCCc1nc2cc(-c3ccccc3Cl)ccc2n1Cc1ccc(-c2ccccc2C(=O)O)cc1,6.031517051446065,930.0,0,0,0,0,0,0
CCCc1nc2ccc(-c3ccc(OC)cc3)cc2n1Cc1ccc(-c2ccccc2C(=O)O)cc1,5.995678626217358,1010.0,0,0,0,0,0,0
CCCc1nc2ccc(-c3cccc(OC)c3)cc2n1Cc1ccc(-c2ccccc2C(=O)O)cc1,5.8696662315049934,1350.0,0,0,0,0,0,0
CCCc1nc2ccc(-c3ccc(O)cc3)cc2n1Cc1ccc(-c2ccccc2C(=O)O)cc1,5.525783735923745,2980.0,1,1,0,0,0,0
CCCc1nc2ccc(-c3cccc(O)c3)cc2n1Cc1ccc(-c2ccccc2C(=O)O)cc1,5.388276691992658,4090.0,1,1,0,0,0,0
CCCc1nc2ccc(-c3ccc(Cl)cc3)cc2n1Cc1ccc(-c2ccccc2C(=O)O)cc1,5.939302159646388,1150.0,0,0,0,0,0,0
CCCc1nc2ccc(-c3cccc(Cl)c3)cc2n1Cc1ccc(-c2ccccc2C(=O)O)cc1,6.113509274827518,770.0,0,0,0,0,0,0
CCCc1nc2ccc(-c3ccccc3Cl)cc2n1Cc1ccc(-c2ccccc2C(=O)O)cc1,5.856985199745905,1390.0,0,0,0,0,0,0
Cc1oc(-c2ccccc2)nc1COc1ccc(Cc2ccc(OC(C)C(=O)O)cc2)cc1,6.537602002101044,290.0,0,0,0,0,1,1
Cc1cc(S(=O)(=O)Nc2cc(Cl)c(Oc3cnc4ccccc4c3)c(Cl)c2)ccc1Br,6.221848749616356,600.0,0,0,0,0,1,1
O=S(=O)(Nc1cc(Cl)c(Oc2cnc3ccccc3c2)c(Cl)c1)c1ccc(Br)cc1OC(F)(F)F,8.397940008672037,4.0,1,1,0,0,1,1
O=S(=O)(Nc1cc(Cl)c(Oc2cnc3ccccc3c2)c(Cl)c1)c1ccc(Br)cc1Cl,6.872895201635193,134.0,1,1,0,1,1,1
O=S(=O)(Nc1cc(Cl)c(Oc2cnc3ccccc3c2)c(Cl)c1)c1ccc(Br)c(C(F)(F)F)c1,6.019088062223156,957.0,1,1,0,0,1,1
O=S(=O)(Nc1cc(Cl)c(Oc2cnc3ccccc3c2)c(Cl)c1)c1ccc(Br)cc1C(F)(F)F,7.026872146400302,94.0,1,1,0,0,1,1
O=S(=O)(Nc1cc(Cl)c(Oc2cnc3ccccc3c2)c(Cl)c1)c1ccc(Br)cc1F,8.698970004336019,2.0,1,1,0,1,1,1
O=S(=O)(Nc1cc(Cl)c(Oc2cnc3ccccc3c2)c(Cl)c1)c1ccc(Br)c(F)c1,6.772113295386326,169.0,1,1,0,0,1,1
O=S(=O)(Nc1cc(Cl)c(Oc2cnc3ccccc3c2)c(Cl)c1)c1cc(F)c(Br)cc1F,6.882728704344236,131.0,1,1,0,0,1,1
O=S(=O)(Nc1cc(Cl)c(Oc2cnc3ccccc3c2)c(Cl)c1)c1ccc(Br)cc1,6.82102305270683,151.0,1,1,0,0,1,1
O=S(=O)(Nc1cc(Cl)c(Oc2cnc3ccccc3c2)c(Cl)c1)c1ccc2ccccc2c1,5.367643953760926,4289.0,0,0,0,0,1,1
O=S(=O)(Nc1cc(Cl)c(Oc2cnc3ccccc3c2)c(Cl)c1)c1ccccc1Cl,5.235823867609669,5810.0,1,1,0,0,1,1
Cc1cc(C)c(S(=O)(=O)Nc2cc(Cl)c(Oc3cnc4ccccc4c3)c(Cl)c2)c(C)c1,5.479647495916682,3314.0,0,0,0,0,1,1
CC(C)(C)c1ccc(C(=O)NCc2ccc(NS(C)(=O)=O)cc2Cl)cc1,4.832682665251824,14700.0,0,0,0,0,0,0
O=C1NC(=O)/C(=C/c2ccc(OCCNc3nc4ccccc4s3)cc2)S1,7.275724130399211,53.0,0,0,0,0,1,1
CN(CCOc1ccc(/C=C2\SC(=O)NC2=O)cc1)c1ccc2ccccc2c1,5.795880017344075,1600.0,0,0,0,0,1,1
CN(CCOc1ccc(/C=C2\SC(=O)NC2=O)cc1)c1nc2ccccc2[nH]1,5.468521082957745,3400.0,1,1,0,1,1,1
CN(CCOc1ccc(/C=C2\SC(=O)NC2=O)cc1)c1nccs1,6.154901959985743,700.0,0,0,0,0,1,1
CC(C)N(CCOc1ccc(CC2SC(=O)NC2=O)cc1)c1nc2ccccc2s1,6.275724130399211,530.0,1,1,0,0,1,1
CCN(CCOc1ccc(/C=C2\SC(=O)NC2=O)cc1)c1nc2ccccc2s1,6.086186147616283,820.0,1,1,0,1,1,1
CCN(CCOc1ccc(CC2SC(=O)NC2=O)cc1)c1nc2ccccc2s1,7.2839966563652,52.0,1,1,0,1,1,1
CN(CCOc1ccc(/C=C2\SC(=O)NC2=O)cc1)c1nc2ccccc2s1,6.508638306165727,310.0,1,1,0,1,1,1
CN(CCOc1ccc(CC2SC(=O)NC2=O)cc1)c1nc2ccccc2s1,7.244125144327507,57.0,1,1,0,1,1,1
CCN(CCOc1ccc(/C=C2\SC(=O)NC2=O)cc1)c1ccccn1,6.443697499232712,360.0,0,0,0,0,0,0
CCN(CCOc1ccc(CC2SC(=O)NC2=O)cc1)c1ccccn1,6.267606240177032,540.0,0,0,0,0,1,1
CCOC(Cc1ccc(Oc2ccc(OCc3ccccc3)cc2)cc1)C(=O)O,4.7447274948966935,18000.0,0,0,0,0,1,0
COc1ccc(F)c(-c2ccc(Cc3ccc(N4C[C@H](C(F)(F)F)C[C@@H]4CC(=O)O)cc3)c(C)c2)c1,5.356547323513812,4400.0,0,0,0,0,0,0
COc1ccc(F)c(-c2ccc(Cc3ccc(N4N=C(C(F)(F)F)[C@@H](C)[C@@H]4CC(=O)O)cc3)c(C)c2)c1,5.585026652029182,2600.0,0,0,0,0,0,0
O=C(O)CCc1cc2cc(Cl)ccc2n1S(=O)(=O)c1ccccc1,5.807432546663454,1558.0,0,0,0,0,0,0
O=C(O)CCCc1cc2cc(Cl)ccc2n1S(=O)(=O)c1ccccc1,6.546681659952962,284.0,0,0,0,0,1,1
CC(C)(CCc1cc2cc(Cl)ccc2n1S(=O)(=O)c1ccccc1)C(=O)O,6.040958607678906,910.0,0,0,0,0,0,0
O=C(O)CCCc1cc2cc(C(F)(F)F)ccc2n1S(=O)(=O)c1ccccc1,6.379863945026242,417.0,0,0,0,0,0,0
Cc1ccc2c(c1)cc(CCCC(=O)O)n2S(=O)(=O)c1ccccc1,6.546681659952962,284.0,0,0,0,0,0,0
COc1cccc(S(=O)(=O)n2c(CCCC(=O)O)cc3cc(C(F)(F)F)ccc32)c1,7.187086643357144,65.0,0,0,0,0,1,1
COc1ccc(S(=O)(=O)n2c(CCCC(=O)O)cc3cc(C(F)(F)F)ccc32)cc1,7.086186147616283,82.0,0,0,0,0,1,1
COc1ccccc1S(=O)(=O)n1c(CCCC(=O)O)cc2cc(C(F)(F)F)ccc21,5.903785414653595,1248.0,0,0,0,0,1,1
O=C(O)CCCc1cc2cc(C(F)(F)F)ccc2n1S(=O)(=O)c1cccc(Cl)c1,6.59176003468815,256.0,0,0,0,0,0,0
O=C(O)CCCc1cc2cc(C(F)(F)F)ccc2n1S(=O)(=O)c1ccc(Cl)cc1,6.201349354554731,629.0,0,0,0,0,0,0
O=C(O)CCCc1cc2cc(C(F)(F)F)ccc2n1S(=O)(=O)c1cccc(OC(F)(F)F)c1,6.696803942579511,201.0,0,0,0,0,0,0
O=C(O)CCCc1cc2cc(C(F)(F)F)ccc2n1S(=O)(=O)c1ccc(OC(F)(F)F)cc1,6.24184537803261,573.0,0,0,0,0,0,0
COc1cccc(S(=O)(=O)n2c(CCCC(=O)O)cc3cc(Cl)ccc32)c1,7.259637310505756,55.0,0,0,0,0,0,0
COc1ccc(S(=O)(=O)n2c(CCCC(=O)O)cc3cc(Cl)ccc32)cc1,7.142667503568732,72.0,0,0,0,0,0,0
Cc1cccc(S(=O)(=O)n2c(CCCC(=O)O)cc3cc(Cl)ccc32)c1,7.1249387366083,75.0,0,0,0,0,0,0
Cc1ccc(S(=O)(=O)n2c(CCCC(=O)O)cc3cc(Cl)ccc32)cc1,6.557520230935552,277.0,0,0,0,0,1,1
CN1CCOc2ccc(S(=O)(=O)n3c(CCCC(=O)O)cc4cc(Cl)ccc43)cc21,7.795880017344075,16.0,0,0,0,0,1,1
O=C(O)CCCc1cc2cc(Cl)ccc2n1S(=O)(=O)c1ccc2c(c1)OCO2,7.1487416512809245,71.0,0,0,0,0,0,0
O=C(O)CCCc1cc2cc(Cl)ccc2n1S(=O)(=O)c1ccc2ccccc2c1,7.455931955649724,35.0,0,0,0,0,1,1
O=C(O)CCCc1cc2cc(Cl)ccc2n1S(=O)(=O)c1cccc2ccccc12,6.576754126063192,265.0,0,0,0,0,1,1
Cc1nc2ccc(S(=O)(=O)n3c(CCCC(=O)O)cc4cc(Cl)ccc43)cc2s1,7.958607314841775,11.0,1,1,0,1,1,1
Cc1nc2cc(S(=O)(=O)n3c(CCCC(=O)O)cc4cc(Cl)ccc43)ccc2s1,6.756961951313706,175.0,1,1,0,1,1,1
Nc1nc2ccc(S(=O)(=O)n3c(CCCC(=O)O)cc4cc(Cl)ccc43)cc2s1,7.387216143280264,41.0,0,0,0,0,0,0
Nc1nc2ccc(S(=O)(=O)n3c(CCCC(=O)O)cc4cc(Cl)ccc43)cc2o1,6.422508200162775,378.0,1,1,0,1,1,1
O=C(O)CCCc1cc2cc(Cl)ccc2n1S(=O)(=O)c1ccc2nsnc2c1,6.815308569182402,153.0,0,0,0,0,1,1
O=C(O)CCCc1cc2cc(C(F)(F)F)ccc2n1S(=O)(=O)c1ccc2scnc2c1,6.832682665251824,147.0,0,0,0,0,0,0
O=C(O)C[C@@H]1CCCN1c1ccc(OCc2ccc(Cl)cc2Cl)cc1,4.769551078621726,17000.0,0,0,0,0,0,0
Cc1ccccc1Oc1ccc(N2CCC[C@H]2CC(=O)O)cc1,4.494850021680094,32000.0,0,0,0,0,0,0
O=C1NC(=O)C(Cc2ccc(OCCn3ccc4ccccc43)cc2)S1,5.404503778174425,3940.0,0,0,0,0,1,1
O=C1NC(=O)C(Cc2ccc(OCCn3ccc4ccc(Cl)cc43)cc2)S1,5.345823458122039,4510.0,0,0,0,0,1,1
O=C1NC(=O)C(Cc2ccc(OCCn3cnc4ccccc43)cc2)S1,5.634512015109101,2320.0,0,0,0,0,1,1
CCOC(=O)C(Cc1ccc(OCCn2c(=O)sc3cc(/C=C/c4cc(OC)cc(OC)c4)ccc32)cc1)OCC(F)(F)F,7.301029995663981,50.0,0,0,0,0,0,0
CCOC(=O)C(Cc1ccc(OCCn2c(=O)sc3cc(/C=C/c4cc(O)cc(O)c4)ccc32)cc1)OCC,8.0,10.0,0,0,0,0,1,1
CCOC(=O)C(Cc1ccc(OCCn2c(=O)sc3cc(/C=C/c4cc(O)cc(O)c4)ccc32)cc1)OCC(F)(F)F,7.096910013008056,80.0,0,0,0,0,1,1
COc1cc(/C=C/c2ccc3c(c2)sc(=O)n3CCOc2ccc(CC(OCC(F)(F)F)C(=O)O)cc2)cc(OC)c1,7.698970004336019,20.0,1,1,0,0,1,0
CCOC(Cc1ccc(OCCn2c(=O)sc3cc(/C=C/c4cc(O)cc(O)c4)ccc32)cc1)C(=O)O,6.0,1000.0,0,0,0,0,1,1
O=C(O)C(Cc1ccc(OCCn2c(=O)sc3cc(/C=C/c4cc(O)cc(O)c4)ccc32)cc1)OCC(F)(F)F,6.698970004336019,200.0,0,0,0,0,1,1
CCOC(=O)C(Cc1ccc(OCCn2c(=O)sc3cc(C(=O)/C=C/c4cc(OC)cc(OC)c4)ccc32)cc1)OCC,7.522878745280337,30.0,0,0,0,0,1,1
CCOC(=O)C(Cc1ccc(OCCn2c(=O)sc3cc(C(=O)/C=C/c4cc(OC)cc(OC)c4)ccc32)cc1)OCC(F)(F)F,6.698970004336019,200.0,0,0,0,0,0,0
CCOC(=O)C(Cc1ccc(OCCn2c(=O)sc3cc(C(=O)/C=C/c4cc(O)cc(O)c4)ccc32)cc1)OCC,7.698970004336019,20.0,0,0,0,0,0,0
CCOC(=O)C(Cc1ccc(OCCn2c(=O)sc3cc(C(=O)/C=C/c4cc(O)cc(O)c4)ccc32)cc1)OCC(F)(F)F,7.522878745280337,30.0,0,0,0,0,0,0
CCOC(Cc1ccc(OCCn2c(=O)sc3cc(C(=O)/C=C/c4cc(OC)cc(OC)c4)ccc32)cc1)C(=O)O,6.0,1000.0,0,0,0,0,1,1
COc1cc(/C=C/C(=O)c2ccc3c(c2)sc(=O)n3CCOc2ccc(CC(OCC(F)(F)F)C(=O)O)cc2)cc(OC)c1,6.0,1000.0,1,1,0,0,1,1
O=C(O)CCc1ccc2[nH]c(-c3cccc(Cl)c3)cc2c1,5.619788758288394,2400.0,0,0,0,0,1,1
Cc1ncccc1-c1cc2cc(CCC(=O)O)ccc2[nH]1,4.244887733604929,56900.0,0,0,0,0,1,1
Cn1c(COc2cccc(C(=O)O)c2)nc2ccc(Oc3ncccc3F)cc21,6.552841968657781,280.0,1,1,0,0,1,1
Cn1c(COc2cccc(C(=O)O)c2)nc2ccc(Oc3ccc(F)cn3)cc21,6.092588639225414,808.0,1,1,0,1,1,1
Cc1cccnc1Oc1ccc2nc(COc3cccc(C(=O)O)c3)n(C)c2c1,6.454692883534176,351.0,1,1,0,0,1,1
Cc1ccnc(Oc2ccc3nc(COc4cccc(C(=O)O)c4)n(C)c3c2)c1,6.33913452199613,458.0,1,1,0,0,1,1
Cc1ccc(Oc2ccc3nc(COc4cccc(C(=O)O)c4)n(C)c3c2)nc1,6.889410289700751,129.0,1,1,0,0,1,1
Cc1cccc(Oc2ccc3nc(COc4cccc(C(=O)O)c4)n(C)c3c2)n1,5.722390785695909,1895.0,1,1,0,1,1,1
Cn1c(COc2cccc(C(=O)O)c2)nc2ccc(Oc3ncccc3Cl)cc21,6.698970004336019,200.0,0,0,0,0,1,1
Cn1c(COc2cccc(C(=O)O)c2)nc2ccc(Oc3cc(Cl)ccn3)cc21,6.211124884224583,615.0,1,1,0,0,1,1
Cn1c(COc2cccc(C(=O)O)c2)nc2ccc(Oc3ccc(Cl)cn3)cc21,7.1487416512809245,71.0,1,1,0,1,1,1
Cn1c(COc2cccc(C(=O)O)c2)nc2ccc(Oc3cccc(Cl)n3)cc21,6.133122185662502,736.0,1,1,0,0,1,1
Cn1c(COc2cccc(C(=O)O)c2)nc2ccc(Oc3ccccn3)cc21,5.946153573147748,1132.0,1,1,0,0,1,1
Cn1c(COc2cccc(C(=O)O)c2)nc2cnc(Oc3ccc4c(c3)CCC4)cc21,7.698970004336019,20.0,1,1,0,1,1,1
Cn1c(COc2cccc(C(=O)O)c2)nc2cnc(Oc3ccc4c(c3)OCC4)cc21,6.474955192963154,335.0,1,1,0,1,1,1
Cc1ccc(Oc2cc3c(cn2)nc(COc2cccc(C(=O)O)c2)n3C)cc1,6.127261172527331,746.0,1,1,0,1,1,1
Cn1c(COc2cccc(C(=O)O)c2)nc2cnc(Oc3ccc(Cl)c(F)c3)cc21,5.930331903088404,1174.0,1,1,0,1,1,1
Cn1c(COc2cccc(C(=O)O)c2)nc2ccc(Oc3ccc4c(c3)OCC4)nc21,7.026872146400302,94.0,0,0,0,0,1,1
Cn1c(COc2cccc(C(=O)O)c2)nc2ccc(Oc3ccc4c(c3)CCC4)nc21,7.602059991327962,25.0,1,1,0,1,1,1
Cc1ccc(Oc2ccc3nc(COc4cccc(C(=O)O)c4)n(C)c3n2)cc1C,7.045757490560675,90.0,1,1,0,1,1,1
Cc1cc(C)cc(Oc2ccc3nc(COc4cccc(C(=O)O)c4)n(C)c3n2)c1,7.387216143280264,41.0,1,1,0,0,1,1
Cc1ccc(Oc2ccc3nc(COc4cccc(C(=O)O)c4)n(C)c3n2)c(C)c1,6.995678626217358,101.0,1,1,0,0,1,1
Cc1ccc(Oc2ccc3nc(COc4cccc(C(=O)O)c4)n(C)c3n2)cc1F,7.301029995663981,50.0,1,1,0,1,1,1
Cc1ccc(Oc2ccc3nc(COc4cccc(C(=O)O)c4)n(C)c3n2)cc1,7.346787486224656,45.0,1,1,0,1,1,1
Cn1c(COc2cccc(C(=O)O)c2)nc2ccc(Oc3ccc(F)cc3)nc21,5.97469413473523,1060.0,1,1,0,1,1,1
Cn1c(COc2cccc(C(=O)O)c2)nc2ccc(Oc3ccc(Cl)c(F)c3)nc21,6.570247719997592,269.0,1,1,0,1,1,1
Cn1c(COc2cccc(C(=O)O)c2)nc2ccc(Oc3ccc(Cl)c(F)c3)cc21,7.167491087293763,68.0,1,1,0,1,1,1
Cc1cnc(Oc2ccc3nc(COc4cccc(C(=O)O)c4)n(C)c3c2)c(C)c1,7.387216143280264,41.0,1,1,0,0,1,1
Cc1ccc(Oc2ccc3nc(COc4cccc(C(=O)O)c4)n(C)c3c2)nc1C,6.7544873321858505,176.0,1,1,0,1,1,1
Cc1ccc(C)c(Oc2ccc3nc(COc4cccc(C(=O)O)c4)n(C)c3c2)n1,6.144480844332199,717.0,1,1,0,1,1,1
Cc1cnc(Oc2ccc3nc(COc4cccc(C(=O)O)c4)n(C)c3c2)c(F)c1,7.366531544420414,43.0,1,1,0,0,1,1
Cc1cc(F)cnc1Oc1ccc2nc(COc3cccc(C(=O)O)c3)n(C)c2c1,7.0,100.0,0,0,0,0,1,1
Cn1c(COc2cccc(C(=O)O)c2)nc2ccc(Oc3ncc(Cl)cc3Cl)cc21,7.050609993355087,89.0,0,0,0,0,1,1
Cn1c(COc2cccc(C(=O)O)c2)nc2ccc(Oc3ncc(Cl)cc3F)cc21,7.619788758288394,24.0,1,1,0,0,1,1
Cc1cc(Cl)cnc1Oc1ccc2nc(COc3cccc(C(=O)O)c3)n(C)c2c1,7.67778070526608,21.0,1,1,0,0,1,1
COc1ccc2nc(COc3ccc(CC4SC(=O)NC4=O)cc3)n(C)c2c1,7.366531544420414,43.0,0,0,0,0,1,1
Cc1cc(Oc2ccc3nc(COc4ccc(CC5SC(=O)NC5=O)cc4)n(C)c3c2)cc(C)c1N,9.284832642151542,0.519,0,0,0,0,1,1
CCc1ccc2ccc(F)cc2c1CNC(=O)c1c(OC)cc(O)c2c1OC1=CC(O)=C(C(C)=O)C(=O)[C@]12C,7.920818753952375,12.0,0,0,0,0,1,1
Cn1c(COc2cccc(C(=O)O)c2)nc2ccc(Oc3ccccc3F)cc21,5.843450848668219,1434.0,1,1,0,1,1,1
Cn1c(COc2cccc(C(=O)O)c2)nc2ccc(Oc3cccc(F)c3)cc21,6.696803942579511,201.0,0,0,0,0,1,1
Cn1c(COc2cccc(C(=O)O)c2)nc2ccc(Oc3ccc(F)cc3)cc21,6.913640169325252,122.0,1,1,0,0,1,1
Cc1ccccc1Oc1ccc2nc(COc3cccc(C(=O)O)c3)n(C)c2c1,7.251811972993799,56.0,1,1,0,1,1,1
Cc1cccc(Oc2ccc3nc(COc4cccc(C(=O)O)c4)n(C)c3c2)c1,7.102372908709558,79.0,1,1,0,1,1,1
Cc1ccc(Oc2ccc3nc(COc4cccc(C(=O)O)c4)n(C)c3c2)cc1,7.397940008672037,40.0,1,1,0,1,1,1
Cn1c(COc2cccc(C(=O)O)c2)nc2ccc(Oc3ccc(Cl)cc3)cc21,6.899629454882437,126.0,0,0,0,0,1,1
COc1cccc(Oc2ccc3nc(COc4cccc(C(=O)O)c4)n(C)c3c2)c1,6.628932137728263,235.0,1,1,0,0,1,1
COc1ccc(Oc2ccc3nc(COc4cccc(C(=O)O)c4)n(C)c3c2)cc1,6.512861624522813,307.0,1,1,0,0,1,1
CCOc1cccc(Oc2ccc3nc(COc4cccc(C(=O)O)c4)n(C)c3c2)c1,7.397940008672037,40.0,1,1,0,0,1,1
Cn1c(COc2cccc(C(=O)O)c2)nc2ccc(Oc3cccc(OC(F)(F)F)c3)cc21,6.94692155651658,113.0,0,0,0,0,1,1
Cn1c(COc2cccc(C(=O)O)c2)nc2ccc(Oc3cccc(F)c3F)cc21,6.638272163982407,230.0,0,0,0,0,1,1
Cn1c(COc2cccc(C(=O)O)c2)nc2ccc(Oc3ccc(F)cc3F)cc21,6.844663962534939,143.0,1,1,0,0,1,1
Cn1c(COc2cccc(C(=O)O)c2)nc2ccc(Oc3cc(F)ccc3F)cc21,6.872895201635193,134.0,1,1,0,0,1,1
Cn1c(COc2cccc(C(=O)O)c2)nc2ccc(Oc3c(F)cccc3F)cc21,5.877456475931246,1326.0,1,1,0,0,1,1
Cn1c(COc2cccc(C(=O)O)c2)nc2ccc(Oc3cc(F)cc(F)c3)cc21,7.022276394711152,95.0,1,1,0,0,1,1
Cc1cc(F)ccc1Oc1ccc2nc(COc3cccc(C(=O)O)c3)n(C)c2c1,7.657577319177793,22.0,1,1,0,0,1,1
Cc1ccc(F)cc1Oc1ccc2nc(COc3cccc(C(=O)O)c3)n(C)c2c1,7.4089353929735005,39.0,1,1,0,1,1,1
Cc1ccc(Oc2ccc3nc(COc4cccc(C(=O)O)c4)n(C)c3c2)c(F)c1,7.036212172654444,92.0,1,1,0,0,1,1
Cc1ccc(F)c(Oc2ccc3nc(COc4cccc(C(=O)O)c4)n(C)c3c2)c1,6.856985199745905,139.0,1,1,0,0,1,1
Cc1ccc(Oc2ccc3nc(COc4cccc(C(=O)O)c4)n(C)c3c2)cc1F,8.356547323513812,4.4,1,1,0,1,1,1
Cc1cc(F)cc(Oc2ccc3nc(COc4cccc(C(=O)O)c4)n(C)c3c2)c1,7.67778070526608,21.0,1,1,0,0,1,1
Cn1c(COc2cccc(C(=O)O)c2)nc2ccc(Oc3cc(F)cc(Cl)c3)cc21,7.638272163982407,23.0,1,1,0,0,1,1
Cn1c(COc2cccc(C(=O)O)c2)nc2ccc(Oc3ccc4c(c3)OCC4)cc21,7.67778070526608,21.0,1,1,0,1,1,1
Cn1c(COc2cccc(C(=O)O)c2)nc2ccc(Oc3ccc4ccoc4c3)cc21,6.72584215073632,188.0,0,0,0,0,1,1
CCOC(=O)C(C)(C)Oc1ccc(C(=O)c2cc3ccccc3oc2=O)cc1,5.284832642151542,5190.0,0,0,0,0,0,0
CCOC(=O)C(C)(C)Oc1ccc(C(=O)c2cc3cc([N+](=O)[O-])ccc3oc2=O)cc1,6.040958607678906,910.0,0,0,0,0,1,0
CCOC(=O)C(C)(C)Oc1ccc(C(=O)C2Cc3ccccc3OC2=O)cc1,4.401537799525849,39670.0,0,0,0,0,1,0
CC(C)(Oc1ccc(C(=O)c2cc3ccccc3oc2=O)cc1)C(=O)O,5.43533393574791,3670.0,0,0,0,0,1,1
CC(C)(Oc1ccc(C(=O)c2cc3c(ccc4ccccc43)oc2=O)cc1)C(=O)O,4.246340352714001,56710.0,0,0,0,0,1,0
COc1ccc(COc2ccc(CNc3cccc(OC(C)(C)C(=O)O)c3)cc2)cc1,4.73754891026957,18300.0,0,0,0,0,0,0
COc1ccc(COc2ccc(CNc3cccc(OC(C)(C)C(=O)O)c3)c(OCc3ccc(OC)cc3)c2)cc1,5.251811972993799,5600.0,0,0,0,0,0,0
COC(=O)[C@@H](NC(=O)OCc1ccccc1)c1cccc(NC(=O)CCl)c1,4.64994590642097,22390.0,0,0,0,0,0,0
CN(CCO)C(=O)[C@@H](NC(=O)OCc1ccccc1)c1cccc(NC(=O)CCl)c1,5.047207556955908,8970.0,0,0,0,0,0,0
O=C(O)[C@@H](Cc1ccc(-c2ccccc2)cc1)Oc1ccc(-c2ccccc2)cc1,6.050609993355087,890.0,0,0,0,0,0,0
COc1cc(C(=O)NS(=O)(=O)c2ccccc2)ccc1Cc1cn(C)c2ccc(NC(=O)NC3CCCCC3)cc12,6.522878745280337,300.0,0,0,0,0,0,0
COc1cc(C(=O)NS(=O)(=O)c2cccc(F)c2)ccc1Cc1cn(C)c2ccc(NC(=O)NC3CCCCC3)cc12,6.698970004336019,200.0,1,1,0,0,0,0
COc1cc(C(=O)NS(=O)(=O)c2cccc(C(F)(F)F)c2)ccc1Cc1cn(C)c2ccc(NC(=O)NC3CCCCC3)cc12,6.455931955649724,350.0,0,0,0,0,0,0
COc1cc(C(=O)NS(=O)(=O)c2cc(Cl)cc(Cl)c2)ccc1Cc1cn(C)c2ccc(NC(=O)NC3CCCCC3)cc12,6.130768280269024,740.0,0,0,0,0,0,0
COc1cc(C(=O)NS(=O)(=O)c2cccc(Cl)c2)ccc1Cc1cn(C)c2ccc(NC(=O)NC3CCCCC3)cc12,6.431798275933005,370.0,0,0,0,0,0,0
COc1cc(C(=O)NS(=O)(=O)c2cccc(Cl)c2)ccc1Cc1cn(C)c2ccc(NC(=O)OC3CCCC3)cc12,6.853871964321762,140.0,1,1,0,0,1,1
COc1cc(C(=O)NS(=O)(=O)c2ccccc2)ccc1Cc1cn(C)c2ccc(NC(=O)OC3CCCC3)cc12,6.638272163982407,230.0,1,1,0,0,1,1
COc1cc(C(=O)NS(=O)(=O)c2ccccc2C)ccc1Cc1cn(C)c2ccc(NC(=O)NC3CCCCC3)cc12,6.173925197299173,670.0,0,0,0,0,0,0
COc1cc(C(=O)NS(=O)(=O)c2ccccc2C)ccc1Cc1cn(C)c2ccc(NC(=O)NC3CCCC3)cc12,5.603800652904264,2490.0,1,1,0,0,0,0
COc1cc(C(=O)NS(=O)(=O)c2ccccc2C)ccc1Cc1cn(C)c2ccc(NC(=O)OC3CCCC3)cc12,5.61261017366127,2440.0,1,1,0,0,1,1
COc1cccc(C(=O)COc2ccc(CC3SC(=O)NC3=O)cc2)c1,6.017276612331455,961.0,0,0,0,0,1,1
CCc1ccc(C(=O)COc2ccc(CC3SC(=O)NC3=O)cc2)nc1,6.182434630440219,657.0,0,0,0,0,1,1
CCCCc1nc(C(C)C)c(CC(=S)N2CCCC2)c(=O)n1Cc1ccc(-c2ccccc2-c2noc(=O)[nH]2)cc1,5.508638306165727,3100.0,0,0,0,0,0,0
[2H]C([2H])(Cc1ccc(OCCCOc2cccc(Cl)c2)cc1)C(=O)O,5.716698771296451,1920.0,0,0,0,0,0,0
O=C(O)COc1ccc(OCCCOc2cccc(Cl)c2)cc1F,5.498940737782249,3170.0,0,0,0,0,0,0
Cc1cc(OCCCOc2ccc(-c3ccccc3)cc2)ccc1OCC(=O)O,5.341035157335565,4560.0,0,0,0,0,1,1
Cc1cc(OCCCOc2cccc(Cl)c2)ccc1OCC(=O)O,5.812479279163537,1540.0,0,0,0,0,1,1
O=C(O)CC1COc2cc(OCCCOc3ccc(-c4ccccc4)cc3)ccc21,5.527243550682788,2970.0,0,0,0,0,1,1
O=C(O)CC1COc2cc(OCCCOc3cccc(-c4ccccc4)c3)ccc21,5.732828271596986,1850.0,0,0,0,0,0,0
CC(C)(C)c1cccc(OCCOc2ccc3c(c2)OCC3CC(=O)O)c1,5.692503962086787,2030.0,0,0,0,0,0,0
CC(C)(C)c1cccc(OCCCOc2ccc3c(c2)OCC3CC(=O)O)c1,5.756961951313706,1750.0,0,0,0,0,0,0
O=C(O)CC1COc2cc(OCCCOc3cccc(Br)c3)ccc21,5.777283528852417,1670.0,0,0,0,0,0,0
O=C(O)CC1COc2cc(OCCCOc3ccccc3F)ccc21,5.573488738635425,2670.0,0,0,0,0,0,0
Cc1ccc(OCCCOc2ccc3c(c2)OCC3CC(=O)O)cc1,5.742321425130816,1810.0,0,0,0,0,0,0
Cc1cccc(OCCCOc2ccc3c(c2)OCC3CC(=O)O)c1,5.756961951313706,1750.0,0,0,0,0,0,0
Cc1ccccc1OCCCOc1ccc2c(c1)OCC2CC(=O)O,5.694648630553377,2020.0,0,0,0,0,0,0
O=C(O)CC1COc2cc(OCCCOc3ccccc3)ccc21,5.279014255846261,5260.0,0,0,0,0,0,0
O=C(O)CC1COc2cc(OCCOc3ccccc3)ccc21,5.110698297493689,7750.0,0,0,0,0,0,0
CCc1nc2c(C)cc(C)nc2n1Cc1ccc2c(c1)CCc1ccccc1C2C(C)c1nn[nH]n1,6.705533773838407,197.0,0,0,0,0,0,0
CCc1nc2c(C)cc(C)nc2n1Cc1ccc2c(c1)CCc1ccccc1/C2=C(\C)c1nn[nH]n1,6.600326278518962,251.0,0,0,0,0,0,0
CCc1nc2c(C)cc(C)nc2n1Cc1ccc2c(c1)CCc1ccccc1/C2=C(\C)c1noc(=O)[nH]1,6.752026733638194,177.0,1,1,0,0,0,0
CCc1nc2c(C)cc(C)nc2n1Cc1ccc2c(c1)COc1ccccc1/C2=C(\C)c1noc(=O)[nH]1,7.075720713938118,84.0,1,1,0,0,1,1
CCc1nc2ccccc2n1Cc1ccc2c(c1)COc1ccccc1/C2=C(\C)c1noc(=O)[nH]1,7.769551078621726,17.0,0,0,0,0,1,0
CCCc1nc2ccccc2n1Cc1ccc2c(c1)COc1ccccc1/C2=C(\C)c1noc(=O)[nH]1,8.568636235841012,2.7,1,1,0,0,1,1
CCCc1nc2c(C)cccc2n1Cc1ccc2c(c1)COc1ccccc1/C2=C(\C)c1noc(=O)[nH]1,8.54515513999149,2.85,1,1,0,1,1,1
CCCc1nc2c(CO)cccc2n1Cc1ccc2c(c1)COc1ccccc1/C2=C(\C)c1noc(=O)[nH]1,7.481486060122112,33.0,1,1,0,0,1,1
CCCc1nc2c(C(C)(C)O)cccc2n1Cc1ccc2c(c1)COc1ccccc1/C2=C(\C)c1noc(=O)[nH]1,7.886056647693163,13.0,1,1,0,0,1,1
CCCc1nc2c(C(=O)NCCO)cccc2n1Cc1ccc2c(c1)COc1ccccc1/C2=C(\C)c1noc(=O)[nH]1,7.244125144327507,57.0,0,0,0,0,1,1
CCCc1nc2c(NS(C)(=O)=O)cccc2n1Cc1ccc2c(c1)COc1ccccc1/C2=C(\C)c1noc(=O)[nH]1,6.779891911959945,166.0,1,1,0,0,1,1
CCCc1nc(-c2ccccc2)cn1Cc1ccc2c(c1)COc1ccccc1/C2=C(\C)c1noc(=O)[nH]1,6.82102305270683,151.0,1,1,0,0,1,0
CCCc1nc(-c2ccncc2)cn1Cc1ccc2c(c1)COc1ccccc1/C2=C(\C)c1noc(=O)[nH]1,6.226945306635737,593.0,1,1,0,0,1,0
CCCCCS(=O)(=O)NC(=O)c1ccc2nc(C)n(Cc3ccc(Cl)cc3Cl)c2c1,6.787812395596042,163.0,0,0,0,0,0,0
Cc1cc(CCc2cc(-c3ccc(Br)cc3)on2)cc(C)c1OC(C)(C)C(=O)O,6.34008379993015,457.0,0,0,0,0,0,0
Cc1cc(Cc2cc(-c3ccc(Br)cc3)on2)cc(C)c1OC(C)(C)C(=O)O,5.531800413927387,2939.0,0,0,0,0,1,1
CSc1ccc(C(=O)/C=C/c2cc(C)c(OC(C)(C)C(=O)O)c(C)c2)cc1,5.674484336636852,2116.0,0,0,0,0,1,1
CCCc1nc2c(C)cccc2n1Cc1ccc2c(n1)COc1ccccc1/C2=C(\C)c1noc(=O)[nH]1,7.0655015487564325,86.0,1,1,0,1,0,0
CCCc1nc2ccccc2n1Cc1ccc2c(c1)COc1ccc(F)cc1/C2=C(\C)c1noc(=O)[nH]1,8.022276394711152,9.5,0,0,0,0,0,0
CCCc1nc2ccccc2n1Cc1ccc2c(c1)COc1cc(F)ccc1/C2=C(\C)c1noc(=O)[nH]1,8.3767507096021,4.2,0,0,0,0,0,0
CCCc1nc2ccccc2n1Cc1ccc2c(c1)COc1c(F)cccc1/C2=C(\C)c1noc(=O)[nH]1,8.387216143280265,4.1,0,0,0,0,0,0
C/C(=C1/c2ccc(Cn3c(C4CC4)nc4c(Cl)ccnc43)cc2COc2cc(F)ccc21)c1noc(=O)[nH]1,7.494850021680094,32.0,1,1,0,0,1,1
C/C(=C1/c2ccc(Cn3c(C4CC4)nc4c(Cl)nccc43)cc2COc2cc(F)ccc21)c1noc(=O)[nH]1,7.638272163982407,23.0,0,0,0,0,0,0
C/C(=C1/c2ccc(Cn3c(C4CC4)nc4cscc43)cc2COc2cc(F)ccc21)c1noc(=O)[nH]1,7.920818753952375,12.0,0,0,0,0,0,0
C/C(=C1/c2ccc(Cc3c(C4CC4)nc4ccccn34)cc2COc2cc(F)ccc21)c1noc(=O)[nH]1,7.915423722065669,12.15,0,0,0,0,0,0
C/C(=C1/c2ccc(Cc3c(C4CC4)nc4ccc(Cl)cn34)cc2COc2cc(F)ccc21)c1noc(=O)[nH]1,8.187086643357144,6.5,0,0,0,0,0,0
C/C(=C1/c2ccc(Cc3c(C4CC4)nc4cc(Cl)ccn34)cc2COc2cc(F)ccc21)c1noc(=O)[nH]1,8.602059991327963,2.5,1,1,0,0,1,1
C/C(=C1/c2ccc(Cc3c(C4CC4)nc4c(Cl)cccn34)cc2COc2cc(F)ccc21)c1noc(=O)[nH]1,8.474955192963154,3.35,0,0,0,0,0,0
C/C(=C1/c2ccc(Cc3c(C4CC4)nc4cc(F)ccn34)cc2COc2cc(F)ccc21)c1noc(=O)[nH]1,8.133712660915805,7.35,0,0,0,0,0,0
COCc1nc2cc(Cl)ccn2c1Cc1ccc2c(c1)COc1cc(F)ccc1/C2=C(\C)c1noc(=O)[nH]1,8.5016894462104,3.15,0,0,0,0,1,1
COCc1nc2c(Cl)cccn2c1Cc1ccc2c(c1)COc1cc(F)ccc1/C2=C(\C)c1noc(=O)[nH]1,8.229147988357855,5.9,1,1,0,1,0,0
C/C(=C1/c2ccc(Cc3c(C4CC4)nc4c5c(ccn34)OCC5)cc2COc2cc(F)ccc21)c1noc(=O)[nH]1,7.67778070526608,21.0,0,0,0,0,0,0
CCCc1nc2c(C)cccc2n1Cc1ccc2c(c1)OCc1ncccc1/C2=C(\C)c1noc(=O)[nH]1,5.658763376761308,2194.0,1,1,0,1,0,0
O=C(Nc1ccccc1)c1cc([N+](=O)[O-])ccc1Cl,8.698970004336019,2.0,0,0,0,0,0,0
CCCCc1nc(C)c(CC(=O)OC2CC2)c(=O)n1Cc1ccc(-c2ccccc2-c2noc(=O)[nH]2)cc1,5.480172006224281,3310.0,0,0,0,0,1,1
CCCCc1nc(C)c(CC(=O)OCC(C)C)c(=O)n1Cc1ccc(-c2ccccc2-c2noc(=O)[nH]2)cc1,5.815308569182402,1530.0,0,0,0,0,0,0
CCCCOC(=O)Cc1c(C)nc(CCCC)n(Cc2ccc(-c3ccccc3-c3noc(=O)[nH]3)cc2)c1=O,5.647817481888637,2250.0,0,0,0,0,0,0
CCCCc1nc(C)c(CC(=O)OC(C)C)c(=O)n1Cc1ccc(-c2ccccc2-c2noc(=O)[nH]2)cc1,5.779891911959945,1660.0,0,0,0,0,0,0
CCCCc1nc(C)c(CC(=O)OC)c(=O)n1Cc1ccc(-c2ccccc2-c2noc(=O)[nH]2)cc1,5.133122185662501,7360.0,0,0,0,0,1,1
CC#CCOC(=O)Cc1c(C(C)C)nc(CCCC)n(Cc2ccc(-c3ccccc3-c3noc(=O)[nH]3)cc2)c1=O,5.97469413473523,1060.0,0,0,0,0,0,0
CCCCc1nc(C(C)C)c(CC(=O)OC2CCCCC2)c(=O)n1Cc1ccc(-c2ccccc2-c2noc(=O)[nH]2)cc1,6.136677139879544,730.0,0,0,0,0,1,1
CCCCc1nc(C(C)C)c(CC(=O)OC2CC2)c(=O)n1Cc1ccc(-c2ccccc2-c2noc(=O)[nH]2)cc1,5.866461091629782,1360.0,0,0,0,0,0,0
CCCCc1nc(C(C)C)c(CC(=O)OCC(C)C)c(=O)n1Cc1ccc(-c2ccccc2-c2noc(=O)[nH]2)cc1,5.910094888560602,1230.0,0,0,0,0,0,0
CCCCCOC(=O)Cc1c(C(C)C)nc(CCCC)n(Cc2ccc(-c3ccccc3-c3noc(=O)[nH]3)cc2)c1=O,5.962573502059376,1090.0,0,0,0,0,0,0
CCCCOC(=O)Cc1c(C(C)C)nc(CCCC)n(Cc2ccc(-c3ccccc3-c3noc(=O)[nH]3)cc2)c1=O,6.0,1000.0,0,0,0,0,1,1
CCCCc1nc(C(C)C)c(CC(=O)OCCC)c(=O)n1Cc1ccc(-c2ccccc2-c2noc(=O)[nH]2)cc1,5.823908740944319,1500.0,0,0,0,0,0,0
CCCCc1nc(C(C)C)c(CC(=O)OCC(F)(F)F)c(=O)n1Cc1ccc(-c2ccccc2-c2noc(=O)[nH]2)cc1,5.555955204081924,2780.0,0,0,0,0,0,0
CCCCc1nc(C(C)C)c(CC(=O)OC)c(=O)n1Cc1ccc(-c2ccccc2-c2noc(=O)[nH]2)cc1,5.581698708680254,2620.0,0,0,0,0,0,0
CCCCc1nc(C(C)C)c(CC(=O)O)c(=O)n1Cc1ccc(-c2ccccc2-c2noc(=O)[nH]2)cc1,4.987162775294828,10300.0,0,0,0,0,1,1
CCCCc1nc(C(C)C)c(CC(=O)OCC)c(=O)n1Cc1ccc(-c2ccccc2-c2noc(=O)[nH]2)cc1,5.761953896871205,1730.0,0,0,0,0,0,0
CCCCC1=NC(C(C)C)=C(CC(=S)N2CCCC2)CN1Cc1ccc(-c2ccccc2-c2noc(=O)[nH]2)cc1,5.508638306165727,3100.0,0,0,0,0,0,0
CCCCC1=NC(C)=C(CC(=S)N(C)C)CN1Cc1ccc(-c2ccccc2-c2nnn[nH]2)cc1,6.337242168318426,460.0,0,0,0,0,0,0
CCCCc1nc(C2CC2)c(CC(=O)OC(C)C)c(=O)n1Cc1ccc(-c2ccccc2-c2noc(=O)[nH]2)cc1,5.565431095965801,2720.0,0,0,0,0,0,0
CCCCc1nc(C2CC2)c(CC(=O)OC)c(=O)n1Cc1ccc(-c2ccccc2-c2noc(=O)[nH]2)cc1,5.627087997029894,2360.0,0,0,0,0,0,0
CC#CCOC(=O)Cc1c(C)nc(CCCC)n(Cc2ccc(-c3ccccc3-c3noc(=O)[nH]3)cc2)c1=O,5.596879478824183,2530.0,0,0,0,0,0,0
CCCCc1nc(C)c(CC(=O)OCC2CCCCC2)c(=O)n1Cc1ccc(-c2ccccc2-c2noc(=O)[nH]2)cc1,5.87942606879415,1320.0,0,0,0,0,0,0
CCCCc1nc(C)c(CC(=O)OCC2CC2)c(=O)n1Cc1ccc(-c2ccccc2-c2noc(=O)[nH]2)cc1,5.742321425130816,1810.0,0,0,0,0,0,0
CCCCc1nc(C)c(CC(=O)OC2CCCCC2)c(=O)n1Cc1ccc(-c2ccccc2-c2noc(=O)[nH]2)cc1,6.0,1000.0,0,0,0,0,0,0
C/C(=C\CC[C@]1(C)CCc2cc(O)cc(C)c2O1)CC/C=C(\C)C(=O)O,7.075720713938118,84.0,0,0,0,0,1,1
COc1cc(C)c2c(c1)CC[C@@](C)(CC/C=C(\C)CC/C=C(\C)C(=O)O)O2,6.0,1000.0,0,0,0,0,1,1
CCCOC(=O)/C(C)=C/CC/C(C)=C/CC[C@]1(C)CCc2cc(O)cc(C)c2O1,6.003926345514724,991.0,0,0,0,0,1,1
CCCOc1cc(C)c2c(c1)CC[C@@](C)(CC/C=C(\C)CC/C=C(\C)C(=O)O)O2,5.771599641296995,1692.0,0,0,0,0,1,1
CCCCCCC(Sc1nc2ccc(NC(=O)c3ccc(C(C)(C)C)cc3)cc2s1)C(=O)O,5.366531544420414,4300.0,0,0,0,0,1,1
CCCCCCC(Sc1nc2ccc(NC(=O)c3ccccc3)cc2s1)C(=O)O,5.309803919971486,4900.0,0,0,0,0,1,1
CCCCC(Sc1nc2ccc(NC(=O)c3ccc(C(C)(C)C)cc3)cc2s1)C(=O)O,5.431798275933005,3700.0,0,0,0,0,0,0
CCCCCCC(Sc1nc2ccc(NCc3ccc(C(C)(C)C)cc3)cc2s1)C(=O)O,5.431798275933005,3700.0,0,0,0,0,1,1
CCCCCCC(Sc1nc2ccc(NCc3ccccc3)cc2s1)C(=O)O,5.769551078621726,1700.0,0,0,0,0,1,1
CCCCCCC(Sc1nc2ccc(NCc3ccc(Cl)cc3)cc2s1)C(=O)O,5.619788758288394,2400.0,0,0,0,0,1,1
CCCCCCC(Sc1nc2ccc(NCc3ccc(C(F)(F)F)cc3)cc2s1)C(=O)O,5.7447274948966935,1800.0,0,0,0,0,1,1
CCCCCCC(Sc1nc2ccc(NCc3ccc(-c4ccccc4)cc3)cc2s1)C(=O)O,6.113509274827518,770.0,0,0,0,0,1,0
CCCCCCC(Sc1nc2ccc(NCc3cccc(Cl)c3)cc2s1)C(=O)O,5.823908740944319,1500.0,0,0,0,0,1,1
CCCCCCC(Sc1nc2ccc(NCc3ccc(Cl)c(Cl)c3)cc2s1)C(=O)O,5.552841968657781,2800.0,0,0,0,0,1,1
CCCCCCC(Sc1nc2ccc(NCc3cc(Cl)cc(Cl)c3)cc2s1)C(=O)O,5.537602002101044,2900.0,0,0,0,0,1,1
CCCCCCC(Sc1nc2ccc(NCc3ccc4ccccc4c3)cc2s1)C(=O)O,5.522878745280337,3000.0,0,0,0,0,1,1
CCCCCCC(Sc1nc2ccc(NS(=O)(=O)c3ccc(C(C)(C)C)cc3)cc2s1)C(=O)O,6.154901959985743,700.0,0,0,0,0,1,1
CCCCCCC(Sc1nc2ccc(NS(=O)(=O)c3ccc(-c4ccccc4)cc3)cc2s1)C(=O)O,6.585026652029182,260.0,0,0,0,0,1,0
CCCCCCC(Sc1nc2ccc(NS(=O)(=O)c3ccc(Cl)cc3)cc2s1)C(=O)O,7.301029995663981,50.0,0,0,0,0,1,1
CCCc1nc2c(F)cccc2n1Cc1ccc(-c2ccccc2C(=O)O)cc1,5.062482107982653,8660.0,1,1,0,0,1,1
CCCc1nc2c(Cl)cccc2n1Cc1ccc(-c2ccccc2C(=O)O)cc1,5.06198090252379,8670.0,1,1,0,0,1,1
CCCc1nc2c(Br)cccc2n1Cc1ccc(-c2ccccc2C(=O)O)cc1,5.0835460514500745,8250.0,1,1,0,0,1,1
CCCc1nc2c(C)cccc2n1Cc1ccc(-c2ccccc2C(=O)O)cc1,4.954677021213342,11100.0,1,1,0,0,1,1
CCCc1nc2c(C(F)(F)F)cccc2n1Cc1ccc(-c2ccccc2C(=O)O)cc1,4.91721462968355,12100.0,0,0,0,0,0,0
CCCOc1cc(C)c2c(c1C)C[C@H]([C@H](C)C(=O)O)CC2,4.823908740944319,15000.0,0,0,0,0,0,0
CCCCNC(=O)CN1C(=O)S/C(=C/c2ccc(Cl)cc2)C1=O,5.229147988357856,5900.0,0,0,0,0,0,0
Cc1cccc(Nc2cc(Cl)nc(SC(C)C(=O)O)n2)c1C,4.886056647693163,13000.0,0,0,0,0,0,0
Cc1cccc(Nc2cc(Cl)nc(SC(C)(C)C(=O)O)n2)c1C,4.886056647693163,13000.0,0,0,0,0,0,0
CCC(Sc1nc(Cl)cc(Nc2cccc(C)c2C)n1)C(=O)O,4.920818753952375,12000.0,0,0,0,0,0,0
CCCC(Sc1nc(Cl)cc(Nc2cccc(C)c2C)n1)C(=O)O,5.259637310505756,5500.0,0,0,0,0,0,0
Cc1cccc(Nc2cc(Cl)nc(SC(C(=O)O)c3ccccc3)n2)c1C,4.522878745280337,30000.0,0,0,0,0,0,0
Cc1cccc(Nc2ccnc(SCC(=O)O)n2)c1C,4.443697499232712,36000.0,0,0,0,0,0,0
Cc1cccc(Nc2cc(Br)nc(SCC(=O)O)n2)c1C,4.87942606879415,13200.0,0,0,0,0,0,0
Cc1cccc(Nc2cc(Cl)nc(OCCC(=O)O)n2)c1C,4.853871964321762,14000.0,0,0,0,0,0,0
Cc1ccccc1Nc1cc(Cl)nc(SCC(=O)O)n1,4.481486060122113,33000.0,0,0,0,0,1,1
Cc1cccc(Nc2cc(Cl)nc(SCC(=O)O)n2)c1,4.552841968657781,28000.0,0,0,0,0,1,1
O=C(O)CSc1nc(Cl)cc(Nc2cccc3c2CCC3)n1,4.42021640338319,38000.0,1,1,1,1,1,1
O=C(O)CSc1nc(Cl)cc(Nc2cccc3c2CCCC3)n1,5.6777807052660805,2100.0,1,1,1,1,1,1
Cc1c(Cl)ccc(Nc2cc(Cl)nc(SCC(=O)O)n2)c1C,4.309803919971486,49000.0,0,0,0,0,1,1
Cc1c(Br)ccc(Nc2cc(Cl)nc(SCC(=O)O)n2)c1C,4.2839966563652006,52000.0,0,0,0,0,1,1
O=C(O)CSc1nc(Cl)cc(Nc2ccc(Cl)c3c2CCC3)n1,5.508638306165727,3100.0,1,1,0,0,1,1
CC(C)(Oc1ccc(OCCc2ccc(/N=N/c3ccccc3)cc2)cc1)C(=O)O,5.221848749616356,6000.0,0,0,0,0,0,0
CCCCc1nc(C(C)C)c(Cc2nc(C)no2)c(=O)n1Cc1ccc(-c2ccccc2-c2noc(=O)[nH]2)cc1,5.978810700930062,1050.0,0,0,0,0,0,0
CCCCc1nc(C)c(Cc2nc(C(C)(C)C)no2)c(=O)n1Cc1ccc(-c2ccccc2-c2noc(=O)[nH]2)cc1,6.552841968657781,280.0,1,1,0,0,1,1
CCCCc1nc(C(C)C)c(Cc2nc(C(C)(C)C)no2)c(=O)n1Cc1ccc(-c2ccccc2-c2noc(=O)[nH]2)cc1,6.229147988357855,590.0,0,0,0,0,1,1
CCCCc1nc(C)c(Cc2nc(C3CC3)no2)c(=O)n1Cc1ccc(-c2ccccc2-c2noc(=O)[nH]2)cc1,5.371611069949688,4250.0,1,1,0,0,1,1
CCCCc1nc(C(C)C)c(Cc2nc(C3CC3)no2)c(=O)n1Cc1ccc(-c2ccccc2-c2noc(=O)[nH]2)cc1,5.5934598195660445,2550.0,0,0,0,0,0,0
CCCCc1nc(C)c(Cc2nc(Cc3ccccc3)no2)c(=O)n1Cc1ccc(-c2ccccc2-c2noc(=O)[nH]2)cc1,5.756961951313706,1750.0,0,0,0,0,0,0
CCCCc1nc(C(C)C)c(Cc2nc(Cc3ccccc3)no2)c(=O)n1Cc1ccc(-c2ccccc2-c2noc(=O)[nH]2)cc1,5.943095148663527,1140.0,0,0,0,0,0,0
CCCCc1nc(C)c(Cc2nc(Cc3ccc(F)cc3)no2)c(=O)n1Cc1ccc(-c2ccccc2-c2noc(=O)[nH]2)cc1,5.617982957425132,2410.0,0,0,0,0,0,0
CCCCc1nc(C(C)C)c(Cc2nc(Cc3ccc(F)cc3)no2)c(=O)n1Cc1ccc(-c2ccccc2-c2noc(=O)[nH]2)cc1,5.8297382846050425,1480.0,0,0,0,0,0,0
CCCCc1nc(C)c(Cc2nc(C(C)C)no2)c(=O)n1Cc1ccc(-c2ccccc2-c2noc(=O)[nH]2)cc1,5.87942606879415,1320.0,0,0,0,0,0,0
CCCCc1nc(C)c(Cc2nc(Cc3cccc(F)c3)no2)c(=O)n1Cc1ccc(-c2ccccc2-c2noc(=O)[nH]2)cc1,5.856985199745905,1390.0,0,0,0,0,0,0
CCCCc1nc(C)c(Cc2nc(Cc3cc(F)cc(F)c3)no2)c(=O)n1Cc1ccc(-c2ccccc2-c2noc(=O)[nH]2)cc1,5.860120913598763,1380.0,0,0,0,0,0,0
CCCCc1nc(C)c(Cc2nc(CCOC)no2)c(=O)n1Cc1ccc(-c2ccccc2-c2noc(=O)[nH]2)cc1,5.375717904164332,4210.0,1,1,0,0,1,1
CCCCc1nc(C)c(Cc2nc(COC)no2)c(=O)n1Cc1ccc(-c2ccccc2-c2noc(=O)[nH]2)cc1,5.4698003017969175,3390.0,1,1,0,0,1,1
CNC(=O)[C@H]1O[C@@H](n2cnc3c(NCc4cccc(I)c4)nc(Cl)nc32)[C@H](O)[C@@H]1O,5.531652669587842,2940.0,0,0,0,0,0,0
CNC(=O)[C@H]1S[C@@H](n2cnc3c(NCc4cccc(I)c4)nc(Cl)nc32)[C@H](O)[C@@H]1O,5.333482019445119,4640.0,0,0,0,0,0,0
C=C[C@@H](O)C#CC#C[C@@H](O)/C=C\CCCCCCC,5.494850021680094,3200.0,0,0,0,0,0,0
CCCCCC1=CC(=O)C2=C(OC(C)(C)c3ccc(C)cc32)C1=O,4.636388020107856,23100.0,0,0,0,0,0,0
C=C(C)[C@@H]1CCC(C)=C[C@H]1C1=C(O)C(=O)C(CCCCC)=CC1=O,4.978810700930062,10500.0,0,0,0,0,0,0
CCCCCC1=CC(=O)C2=C(OC(C)(CCC=C(C)C)C=C2)C1=O,4.832682665251824,14700.0,0,0,0,0,0,0
CCCCCC1=CC(=O)C(C/C=C(\C)CCC=C(C)C)=C(O)C1=O,5.309803919971486,4900.0,0,0,0,0,0,0
CCCCCc1cc(O)c(C/C=C(\C)CCC=C(C)C)c(O)c1,4.804100347590766,15700.0,0,0,0,0,0,0
COc1cc(CCC[C@H]2OC(=O)NC2=O)ccc1OCc1nc(-c2ccco2)oc1C,8.052076380168273,8.87,0,0,0,0,0,0
N[C@@H](Cc1cc(I)c(Oc2cc(I)c(O)c(I)c2)c(I)c1)C(=O)O,4.920818753952375,12000.0,0,0,0,0,1,1
N[C@@H](Cc1cc(I)c(Oc2ccc(O)c(I)c2)c(I)c1)C(=O)O,5.236572006437063,5800.0,0,0,0,0,1,1
N[C@@H](Cc1ccc(Oc2cc(I)c(O)c(I)c2)c(I)c1)C(=O)O,5.42021640338319,3800.0,0,0,0,0,0,0
O=C(O)Cc1cc(I)c(Oc2cc(I)c(O)c(I)c2)c(I)c1,7.0,100.0,0,0,0,0,1,1
O=C(O)Cc1cc(I)c(Oc2ccc(O)c(I)c2)c(I)c1,6.431798275933005,370.0,0,0,0,0,1,1
N[C@@H](Cc1cc(Br)c(Oc2cc(I)c(O)c(I)c2)c(I)c1)C(=O)O,4.889410289700751,12900.0,0,0,0,0,1,1
O=C(O)Cc1cc(Br)c(Oc2cc(I)c(O)c(I)c2)c(I)c1,6.522878745280337,300.0,0,0,0,0,1,1
