smiles,y_pEC50_pKi,exp_mean_nM,cliff_mol_shipped,D0_recomputed,D1_ecfp4_strict,D2_invariant,D3_mmp,D3_mmp_size_capped_13
CC(=N)N1CCC(Oc2ccc3nc(CCC(=O)O)n(Cc4ccc5ccc(C(=N)N)cc5c4)c3c2)CC1,8.886056647693163,1.3,1,1,0,0,1,1
CC(=N)N1CCC(Oc2ccc3c(c2)nc(C(C)C)n3Cc2ccc3ccc(C(=N)N)cc3c2)CC1,8.698970004336019,2.0,1,1,1,1,0,0
CCC(C)c1nc2cc(OC3CCN(C(C)=N)CC3)ccc2n1Cc1ccc2ccc(C(=N)N)cc2c1,8.481486060122112,3.3,1,1,1,1,0,0
CC1CCN(C(=O)[C@H](Cc2cccc(C(=N)N)c2)NS(=O)(=O)c2c(C(C)C)cc(C(C)C)cc2C(C)C)CC1,5.699000406013823,1999.86,0,0,0,0,1,0
COC(=O)[C@H]1Cc2ccccc2CN1C(=O)[C@H](Cc1cccc(C(=N)N)c1)NS(=O)(=O)c1ccc2ccccc2c1,4.569000069616974,26977.39,0,0,0,0,1,0
N=C(N)c1cccc(C[C@H](NS(=O)(=O)c2ccc3ccccc3c2)C(=O)N2CCC[C@H](C(=O)NCc3ccccc3)C2)c1,4.769999911123512,16982.44,0,0,0,0,0,0
CC1CCN(C(=O)[C@H](Cc2cccc(C(=N)N)c2)NC(=O)OC(C)(C)C)CC1,4.190000019529944,64565.42,0,0,0,0,1,0
COC(=O)C(C)CN(c1ccc2c(c1)nc(C)n2Cc1ccc2ccc(C(=N)N)cc2c1)C1CCN(C(C)=N)CC1,7.096910013008056,80.0,0,0,0,0,1,0
Cc1c(F)c(Oc2cccc(C(=N)N)c2)cc(Oc2cccc(C(=N)N)c2)c1F,7.920818753952375,12.0,1,1,0,1,1,1
Cc1c(C)c(S(=O)(=O)N[C@@H](Cc2cccc(C(=N)N)c2)C(=O)N2CCC(C)CC2)c(C)c2c1OC(C)(C)CC2,4.09699997556969,79983.43,0,0,0,0,1,0
COC(=O)[C@H]1CCCN(C(=O)[C@H](Cc2cccc(C(=N)N)c2)NS(=O)(=O)c2ccc3ccccc3c2)C1,4.744999979509871,17988.71,0,0,0,0,0,0
N=C(N)c1cccc(C[C@H](NS(=O)(=O)c2ccc3ccccc3c2)C(=O)N2CCCC[C@@H]2C(=O)O)c1,4.419999995796937,38018.94,0,0,0,0,1,1
CCCCc1nc2cc(OC3CCN(C(C)=N)CC3)ccc2n1Cc1ccc2ccc(C(=N)N)cc2c1,8.55284196865778,2.8,1,1,0,0,0,0
COC(=O)CCCN(c1ccc2c(c1)nc(C)n2Cc1ccc2ccc(C(=N)N)cc2c1)C1CCN(C(C)=N)CC1,7.522878745280337,30.0,1,1,0,0,1,1
CC1CCN(C(=O)[C@H](Cc2cccc(C(=N)N)c2)NS(=O)(=O)c2ccc3ccccc3c2)CC1,4.387000003162004,41020.41,0,0,0,0,1,1
CC(C)OC(=O)[C@H]1CCCN(C(=O)[C@H](Cc2cccc(C(=N)N)c2)NS(=O)(=O)c2ccc3ccccc3c2)C1,4.796000007769141,15995.58,0,0,0,0,0,0
CC(=N)N1CCC(N(CC(N)=O)c2ccc3nc(C)n(Cc4ccc5ccc(C(=N)N)cc5c4)c3c2)CC1,9.337242168318426,0.46,1,1,0,0,1,1
CC(C)(C)c1ccc(S(=O)(=O)N[C@@H](Cc2cccc(C(=N)N)c2)C(=O)N2CCN(S(C)(=O)=O)CC2)cc1,5.169999984192581,6760.83,0,0,0,0,1,0
N=C(N)c1cccc(C[C@H](NS(=O)(=O)c2ccc3ccccc3c2)C(=O)N2CCCc3ccccc32)c1,5.638000342954921,2301.44,1,1,0,0,1,1
CC(=N)N1CCC(Oc2ccc3c(c2)nc(CCC(=O)O)n3Cc2ccc3ccc(C(=N)N)cc3c2)CC1,8.229147988357855,5.9,0,0,0,0,0,0
CC1CCN(C(=O)[C@H](Cc2cccc(C(=N)N)c2)NS(=O)(=O)c2ccc(C(C)(C)C)cc2)CC1,4.9210001097592295,11994.99,0,0,0,0,0,0
N=C(N)c1cccc(C[C@H](NS(=O)(=O)c2ccc3ccccc3c2)C(=O)N2CCCCC2)c1,4.419999995796937,38018.94,1,1,0,1,1,1
CNC(=O)[C@H]1CCCCN1C(=O)[C@H](Cc1cccc(C(=N)N)c1)NS(=O)(=O)c1ccc2ccccc2c1,4.219999989963101,60255.96,0,0,0,0,1,1
N=C(N)c1cccc(C[C@H](NS(=O)(=O)c2ccc3ccccc3c2)C(=O)N2CC(C(=O)O)=Cc3ccccc32)c1,4.387000003162004,41020.41,0,0,0,0,1,0
CS(=O)(=O)N1CCN(C(=O)[C@H](Cc2cccc(C(=N)N)c2)NS(=O)(=O)c2ccc3ccccc3c2)CC1,4.6579999748624346,21978.6,0,0,0,0,0,0
CC(=N)N1CCC(Oc2ccc3c(c2)nc(CCC(N)=O)n3Cc2ccc3ccc(C(=N)N)cc3c2)CC1,8.443697499232712,3.6,0,0,0,0,0,0
CC(=N)N1CCC(N(CCCC(=O)O)c2ccc3nc(C)n(Cc4ccc5ccc(C(=N)N)cc5c4)c3c2)CC1,6.376750709602099,420.0,1,1,0,0,1,1
N=C(N)c1cccc(C[C@H](NS(=O)(=O)c2ccc3ccccc3c2)C(=O)N2CCC(C=O)CC2)c1,4.721000063947474,19010.78,1,1,0,1,0,0
Cc1ccc(S(=O)(=O)N[C@@H](Cc2cccc(C(=N)N)c2)C(=O)N2CCCC2)cc1,4.11899998682835,76032.63,0,0,0,0,0,0
N=C(N)c1cccc(C[C@H](NS(=O)(=O)c2ccc3ccccc3c2)C(=O)N2CCC(C(=O)O)CC2)c1,4.362999978348463,43351.09,1,1,0,1,1,1
CC(C)c1cc(C(C)C)c(S(=O)(=O)N[C@@H](Cc2cccc(C(=N)N)c2)C(=O)N2CCC[C@H](C(=O)OCc3ccccc3)C2)c(C(C)C)c1,6.04599883231843,899.5,1,1,0,0,1,1
N=C(N)c1cccc(C[C@H](NS(=O)(=O)c2ccc3ccccc3c2)C(=O)N2CCC(N3CCCCC3)CC2)c1,4.6579999748624346,21978.6,1,1,0,1,0,0
N=C(N)c1cccc(C[C@H](NS(=O)(=O)c2ccc3ccccc3c2)C(=O)N2CCCCCC2)c1,4.58499992703721,26001.6,1,1,0,1,1,1
COc1cc(C)c(S(=O)(=O)N[C@@H](Cc2cccc(C(=N)N)c2)C(=O)N2CCC(C)CC2)c(C)c1C,4.0,100000.0,0,0,0,0,1,1
COC(=O)C1CCN(C(=O)[C@H](Cc2cccc(C(=N)N)c2)NS(=O)(=O)c2c(C(C)C)cc(C(C)C)cc2C(C)C)CC1,5.58499992703721,2600.16,0,0,0,0,1,0
CS(=O)(=O)N1CCN(C(=O)[C@H](Cc2cccc(C(=N)N)c2)NS(=O)(=O)c2cccc3ccccc23)CC1,5.012999985342652,9705.1,0,0,0,0,0,0
COC(=O)N1CCN(C(=O)[C@H](Cc2cccc(C(=N)N)c2)NS(=O)(=O)c2ccc3ccccc3c2)CC1,4.110000009303415,77624.71,0,0,0,0,1,1
CC1CCN(C(=O)[C@H](Cc2cccc(C(=N)N)c2)NS(=O)(=O)c2ccc3c(c2)C(=O)c2ccccc2C3=O)CC1,5.638000342954921,2301.44,0,0,0,0,1,0
N=C(N)c1cccc(C[C@H](NS(=O)(=O)c2ccc3ccccc3c2)C(=O)N2CCc3ccccc3C2)c1,4.744999979509871,17988.71,0,0,0,0,0,0
N=C(N)c1cccc(C[C@H](NS(=O)(=O)c2ccc3ccccc3c2)C(=O)N2CCC(C(=O)NCc3ccccc3)CC2)c1,4.455999959081013,34994.52,0,0,0,0,1,0
CCCCc1nc2ccc(OC3CCN(C(C)=N)CC3)cc2n1Cc1ccc2ccc(C(=N)N)cc2c1,9.638272163982409,0.23,1,1,0,0,0,0
N=C(N)c1cccc(C[C@H](NS(=O)(=O)c2cccc3ccccc23)C(=O)N2CCCCC2)c1,4.769999911123512,16982.44,0,0,0,0,0,0
Cc1cc(C)c(S(=O)(=O)N[C@@H](Cc2cccc(C(=N)N)c2)C(=O)N2CCC(C)CC2)c(C)c1,4.019999993643078,95499.26,0,0,0,0,1,1
N=C(N)c1cccc(C[C@H](NS(=O)(=O)c2ccc3ccccc3c2)C(=O)N2CCCC2)c1,4.30100003037852,50003.45,1,1,0,1,1,1
COC(=O)CCCN(c1ccc2nc(C)n(Cc3ccc4ccc(C(=N)N)cc4c3)c2c1)C1CCN(C(C)=N)CC1,6.522878745280337,300.0,1,1,0,0,1,1
COC(=O)C(C)CN(c1ccc2nc(C)n(Cc3ccc4ccc(C(=N)N)cc4c3)c2c1)C1CCN(C(C)=N)CC1,8.958607314841775,1.1,1,1,0,0,1,1
CC(C)OC(=O)[C@H](Cc1cccc(C(=N)N)c1)NS(=O)(=O)c1ccc2ccccc2c1,5.456000207288222,3499.45,1,1,0,0,1,1
N=C(N)c1cccc(C[C@H](NS(=O)(=O)c2ccc3ccccc3c2)C(=O)N2CCN(c3ccccc3)CC2)c1,4.569000069616974,26977.39,1,1,0,1,1,0
CC(=N)N1CCC(N(CCCC(=O)O)c2ccc3c(c2)nc(C)n3Cc2ccc3ccc(C(=N)N)cc3c2)CC1,6.431798275933005,370.0,0,0,0,0,1,1
N=C(N)c1cccc(C[C@H](NS(=O)(=O)c2ccc3ccccc3c2)C(=O)N2CCN(C(=O)CO)CC2)c1,4.455999959081013,34994.52,0,0,0,0,1,1
CNC(=O)C1CCN(C(=O)[C@H](Cc2cccc(C(=N)N)c2)NS(=O)(=O)c2ccc3ccccc3c2)CC1,4.11899998682835,76032.63,0,0,0,0,1,1
N=C(N)c1cccc(C[C@H](NS(=O)(=O)c2ccc3ccccc3c2)C(=O)N2CCC[C@H]2C(=O)OCc2ccccc2)c1,4.698999971689156,19998.62,0,0,0,0,0,0
CC(C)c1cc(C(C)C)c(S(=O)(=O)N[C@@H](Cc2cccc(C(=N)N)c2)C(=O)N2CCC[C@H](C(=O)NCc3ccccc3)C2)c(C(C)C)c1,5.59999938302362,2511.89,0,0,0,0,0,0
CCCCOC(=O)[C@H](Cc1cccc(C(=N)N)c1)NS(=O)(=O)c1ccc2ccccc2c1,5.508999901741964,3097.42,1,1,0,1,1,1
COC(=O)[C@H]1CCCCN1C(=O)[C@H](Cc1cccc(C(=N)N)c1)NS(=O)(=O)c1ccc2ccccc2c1,4.336999975071576,46025.66,1,1,0,0,1,1
CCCc1nc2cc(OC3CCN(C(C)=N)CC3)ccc2n1Cc1ccc2ccc(C(=N)N)cc2c1,8.346787486224656,4.5,1,1,0,0,0,0
Cc1c(F)c(Oc2cccc(CN)c2)cc(Oc2cccc(C(=N)N)c2)c1F,5.853871964321762,1400.0,1,1,0,0,1,1
CN(C)C(=O)N1CCN(C(=O)[C@H](Cc2cccc(C(=N)N)c2)NS(=O)(=O)c2ccc3ccccc3c2)CC1,4.619999985338959,23988.33,0,0,0,0,1,1
COC(=O)[C@H](Cc1cccc(C(=N)N)c1)NS(=O)(=O)c1ccc2ccccc2c1,5.59999938302362,2511.89,1,1,0,1,1,1
CNC(=O)[C@H](Cc1cccc(C(=N)N)c1)NS(=O)(=O)c1c(C)c(C)c2c(c1C)CCC(C)(C)O2,5.0,10000.0,0,0,0,0,0,0
N=C(N)c1cccc(C[C@H](NS(=O)(=O)c2ccc3ccccc3c2)C(=O)N2CC[C@@H]3CCCC[C@H]32)c1,4.88599985905086,13001.7,0,0,0,0,0,0
CNC(=O)[C@H](Cc1cccc(C(=N)N)c1)NS(=O)(=O)c1ccc2ccccc2c1,4.58499992703721,26001.6,1,1,0,1,1,1
CC(C)c1cc(C(C)C)c(S(=O)(=O)N[C@@H](Cc2cccc(C(=N)N)c2)C(=O)N2CCC[C@H](C(=O)O)C2)c(C(C)C)c1,4.88599985905086,13001.7,1,1,0,0,1,1
CC(=N)N1CCC(Oc2ccc3c(c2)ncn3Cc2ccc3ccc(C(=N)N)cc3c2)CC1,8.200659450546418,6.3,0,0,0,0,0,0
COC(=O)CN(c1ccc2c(c1)nc(C)n2Cc1ccc2ccc(C(=N)N)cc2c1)C1CCN(C(C)=N)CC1,7.657577319177793,22.0,1,1,0,0,1,1
Cc1c(C)c(S(=O)(=O)N[C@@H](Cc2cccc(C(=N)N)c2)C(=O)N2CCN(S(C)(=O)=O)CC2)c(C)c2c1OC(C)(C)CC2,4.130000024196025,74131.02,0,0,0,0,1,0
N=C(N)c1cccc(C[C@H](NS(=O)(=O)c2ccc3ccccc3c2)C(=O)OCc2ccccc2)c1,5.6579999748624346,2197.86,0,0,0,0,1,1
CNC(=O)[C@H]1CCCN(C(=O)[C@H](Cc2cccc(C(=N)N)c2)NS(=O)(=O)c2c(C(C)C)cc(C(C)C)cc2C(C)C)C1,5.820000358220839,1513.56,0,0,0,0,1,0
CC(=N)N1CCC(Oc2ccc3nc(CCC(N)=O)n(Cc4ccc5ccc(C(=N)N)cc5c4)c3c2)CC1,9.0,1.0,1,1,0,0,1,1
CCC(C)c1nc2ccc(OC3CCN(C(C)=N)CC3)cc2n1Cc1ccc2ccc(C(=N)N)cc2c1,9.920818753952377,0.12,1,1,1,1,1,1
CC(=N)N1CCC(Oc2ccc3c(c2)nc(C)n3Cc2ccc3ccc(C(=N)N)cc3c2)CC1,8.207608310501746,6.2,0,0,0,0,1,0
CC(=N)N1CCC(Oc2ccc3c(c2)nc(C(C)(C)C)n3Cc2ccc3ccc(C(=N)N)cc3c2)CC1,8.698970004336019,2.0,0,0,0,0,0,0
CCOC(=O)CCC(=O)N(c1ccc2nc(C)n(Cc3ccc4ccc(C(=N)N)cc4c3)c2c1)C1CCN(C(C)=N)CC1,6.522878745280337,300.0,1,1,0,0,1,0
COC(=O)C1CCN(C(=O)[C@H](Cc2cccc(C(=N)N)c2)NS(=O)(=O)c2ccc3ccccc3c2)CC1,4.370000019141632,42657.95,0,0,0,0,1,1
COC(=O)C1CCN(C(=O)[C@H](Cc2cccc(C(=N)N)c2)NS(=O)(=O)c2c(C)cc(C)cc2C)CC1,4.079999984911641,83176.38,0,0,0,0,1,0
CC(=N)N1CCC(Oc2ccc3nc(C)n(Cc4ccc5ccc(C(=N)N)cc5c4)c3c2)CC1,9.568636235841012,0.27,1,1,0,0,1,1
CCc1nc2cc(OC3CCN(C(C)=N)CC3)ccc2n1Cc1ccc2ccc(C(=N)N)cc2c1,8.397940008672037,4.0,1,1,0,1,1,1
CC(=N)N1CCC(N(CC(C)C(=O)O)c2ccc3c(c2)nc(C)n3Cc2ccc3ccc(C(=N)N)cc3c2)CC1,7.096910013008056,80.0,0,0,0,0,1,0
CCOC(=O)CCC(=O)N(c1ccc2c(c1)nc(C)n2Cc1ccc2ccc(C(=N)N)cc2c1)C1CCN(C(C)=N)CC1,6.431798275933005,370.0,1,1,0,0,1,0
CC1CCN(C(=O)[C@H](Cc2cccc(C(=N)N)c2)NS(=O)(=O)c2cccc3ccccc23)CC1,4.3769999834366455,41975.9,0,0,0,0,1,0
N=C(N)c1cccc(C[C@H](NS(=O)(=O)c2ccc3ccccc3c2)C(=O)N2Cc3ccccc3C[C@@H]2C(=O)O)c1,4.382000044621495,41495.4,0,0,0,0,1,0
N=C(N)c1cccc(C[C@H](NS(=O)(=O)c2ccc3ccccc3c2)C(=O)N2CCC(C(=O)OC3CCCCC3)CC2)c1,5.119000158186845,7603.26,0,0,0,0,1,1
CNC(=O)[C@H]1CCCN(C(=O)[C@H](Cc2cccc(C(=N)N)c2)NS(=O)(=O)c2ccc3ccccc3c2)C1,4.480000028175458,33113.11,0,0,0,0,1,1
CC(=N)N1CCC(Oc2ccc3nc(C(C)C)n(Cc4ccc5ccc(C(=N)N)cc5c4)c3c2)CC1,10.585026652029182,0.026,1,1,1,1,1,1
CN1CCN(C(=O)[C@H](Cc2cccc(C(=N)N)c2)NS(=O)(=O)c2ccc3ccccc3c2)CC1,4.522999930346892,29991.63,0,0,0,0,1,1
N=C(N)c1cccc(C[C@H](NS(=O)(=O)c2ccc3ccccc3c2)C(=O)N2CCC[C@H](C(=O)OCc3ccccc3)C2)c1,5.06599975808587,8590.14,0,0,0,0,0,0
CNC(=O)[C@H](Cc1cccc(C(=N)N)c1)NS(=O)(=O)c1ccc(C)cc1,4.398000054034892,39994.47,0,0,0,0,0,0
COC(=O)CN(c1ccc2nc(C)n(Cc3ccc4ccc(C(=N)N)cc4c3)c2c1)C1CCN(C(C)=N)CC1,9.522878745280336,0.3,1,1,0,0,1,1
N=C(N)c1cccc(C[C@H](NS(=O)(=O)c2ccc3ccccc3c2)C(=O)N2Cc3ccccc3C=C2C(=O)O)c1,4.268000018124195,53951.06,0,0,0,0,1,0
N=C(N)c1cccc(C[C@H](NS(=O)(=O)c2ccc3ccccc3c2)C(=O)N2CCC(C(=O)OCc3ccccc3)CC2)c1,5.091999945882472,8090.96,0,0,0,0,0,0
Cc1ccc(S(=O)(=O)N[C@@H](Cc2cccc(C(=N)N)c2)C(=O)N2CCOCC2)cc1,4.283999997104834,51999.6,0,0,0,0,0,0
CC(=N)N1CCC(N(CC(C)C(=O)O)c2ccc3nc(C)n(Cc4ccc5ccc(C(=N)N)cc5c4)c3c2)CC1,8.522878745280337,3.0,1,1,0,0,1,1
Cc1ccc(S(=O)(=O)N[C@@H](Cc2cccc(C(=N)N)c2)C(=O)N2CCC(C)CC2)cc1,4.14899998039211,70957.78,0,0,0,0,1,1
N=C(N)c1cccc(C[C@H](NS(=O)(=O)c2ccc3ccccc3c2)C(=O)N2CCNCC2)c1,4.677999975920387,20989.4,1,1,0,1,1,1
N=C(N)c1cccc(C[C@H](NS(=O)(=O)c2ccc3ccccc3c2)C(=O)N2CCCCCCC2)c1,4.6579999748624346,21978.6,1,1,0,1,0,0
CCc1nc2ccc(OC3CCN(C(C)=N)CC3)cc2n1Cc1ccc2ccc(C(=N)N)cc2c1,10.060480747381382,0.087,1,1,0,0,1,1
CCCc1nc2ccc(OC3CCN(C(C)=N)CC3)cc2n1Cc1ccc2ccc(C(=N)N)cc2c1,9.638272163982409,0.23,1,1,0,0,0,0
CC(=N)N1CCC(N(C(=O)CCC(=O)O)c2ccc3nc(C)n(Cc4ccc5ccc(C(=N)N)cc5c4)c3c2)CC1,6.379863945026242,417.0,1,1,0,0,1,0
CC1CCN(C(=O)[C@H](Cc2cccc(C(=N)N)c2)NS(=O)(=O)C[C@]23CC[C@H](CC2=O)C3(C)C)CC1,4.849999859991125,14125.38,0,0,0,0,0,0
COC(=O)[C@H]1[C@@H](C)CCCN1C(=O)[C@H](Cc1cccc(C(=N)N)c1)NS(=O)(=O)c1ccc2ccccc2c1,4.444000042440511,35974.93,1,1,0,0,1,1
CNC(=O)[C@H](Cc1cccc(C(=N)N)c1)NS(=O)(=O)c1c(C(C)C)cc(C(C)C)cc1C(C)C,4.96000007768865,10964.78,0,0,0,0,1,0
CN(C)c1cccc2c(S(=O)(=O)N[C@@H](Cc3cccc(C(=N)N)c3)C(=O)N3CCN(S(C)(=O)=O)CC3)cccc12,5.410000161858408,3890.45,0,0,0,0,1,0
N=C(N)c1cccc(C[C@H](NS(=O)(=O)c2ccc3ccccc3c2)C(=O)N2CCOCC2)c1,4.796000007769141,15995.58,1,1,0,1,0,0
N=C(N)c1cccc(C[C@H](NS(=O)(=O)c2ccc3ccccc3c2)C(=O)N2CCC[C@H](C(=O)O)C2)c1,4.360000032076103,43651.58,1,1,0,1,1,1
CC(C)OC(=O)C1CCN(C(=O)[C@H](Cc2cccc(C(=N)N)c2)NS(=O)(=O)c2ccc3ccccc3c2)CC1,4.600000074606178,25118.86,0,0,0,0,1,0
CC(=N)N1CCC(Oc2ccc3ncn(Cc4ccc5ccc(C(=N)N)cc5c4)c3c2)CC1,8.537602002101044,2.9,1,1,0,0,0,0
CC(=O)N1CCN(C(=O)[C@H](Cc2cccc(C(=N)N)c2)NS(=O)(=O)c2ccc3ccccc3c2)CC1,4.3190000440299645,47973.34,1,1,0,1,1,1
COC(=O)[C@H]1C[C@H](C)CCN1C(=O)[C@H](Cc1cccc(C(=N)N)c1)NS(=O)(=O)c1ccc2ccccc2c1,4.2369999973218695,57942.87,1,1,0,0,1,1
COC(=O)[C@H]1CCC[C@H](C)N1C(=O)[C@H](Cc1cccc(C(=N)N)c1)NS(=O)(=O)c1ccc2ccccc2c1,5.49499933607313,3198.9,1,1,0,0,1,1
CC(C)c1cc(C(C)C)c(S(=O)(=O)N[C@@H](Cc2cccc(C(=N)N)c2)C(=O)N2CCN(S(C)(=O)=O)CC2)c(C(C)C)c1,5.131000161513581,7396.05,0,0,0,0,1,0
CC(=N)N1CCC(Oc2ccc3nc(C(C)(C)C)n(Cc4ccc5ccc(C(=N)N)cc5c4)c3c2)CC1,10.337242168318426,0.046,1,1,0,0,1,1
Cc1ccc(S(=O)(=O)N[C@@H](Cc2cccc(C(=N)N)c2)C(=O)N2CCCCC2)cc1,4.820000071285178,15135.61,0,0,0,0,0,0
CCCCNC(=O)[C@H](Cc1cccc(C(=N)N)c1)NS(=O)(=O)c1ccc2ccccc2c1,4.330000038335378,46773.51,1,1,0,1,1,1
N=C(N)c1cccc(C[C@H](NS(=O)(=O)c2ccc3ccccc3c2)C(=O)N2Cc3ccccc3C[C@@H]2C(=O)OCc2ccccc2)c1,5.110000065251387,7762.47,0,0,0,0,1,0
CC(=N)NCc1cccc(-c2ccc(C(=O)Nc3ccc(Cl)cc3C(=O)Nc3ccc(Cl)cn3)cc2)c1,8.744727494896694,1.8,0,0,0,0,1,1
O=C(Nc1ccc(Cl)cc1C(=O)Nc1ccc(Cl)cn1)c1ccc(-c2ccccc2N2CCCNCC2)cc1,8.744727494896694,1.8,1,1,0,1,1,1
CN(C)C(=N)c1cccc(-c2ccc(C(=O)Nc3ccc(Cl)cc3C(=O)Nc3ccc(Cl)cn3)cc2)c1,9.0,1.0,0,0,0,0,1,1
O=C(Nc1ccc(Cl)cc1C(=O)Nc1ccc(Cl)cn1)c1ccc(-c2ccccc2N2CCC(C(=O)O)CC2)cc1,10.920818753952377,0.012,1,1,0,1,1,1
O=C(Nc1ccc(Cl)cc1C(=O)Nc1ccc(Cl)cn1)c1ccc(-c2ccccc2N2CCNCC2)cc1,9.0,1.0,1,1,0,1,1,1
N=C(N)NCc1ccccc1-c1ccc(C(=O)Nc2ccc(Cl)cc2C(=O)Nc2ccc(Cl)cn2)cc1,9.522878745280336,0.3,0,0,0,0,1,1
N=C(N)c1cccc(-c2ccc(C(=O)Nc3ccc(Cl)cc3C(=O)Nc3ccc(Cl)cn3)cc2)c1,9.154901959985745,0.7,0,0,0,0,1,1
CC(=N)NCc1ccccc1-c1ccc(C(=O)Nc2ccc(Cl)cc2C(=O)Nc2ccc(Cl)cn2)cc1,10.0,0.1,0,0,0,0,1,1
CN1CCN(c2ccccc2-c2ccc(C(=O)Nc3ccc(Cl)cc3C(=O)Nc3ccc(Cl)cn3)cc2)CC1,9.045757490560677,0.9,1,1,0,1,1,1
CN(C)c1ccccc1-c1ccc(C(=O)Nc2ccc(Cl)cc2C(=O)Nc2ccc(Cl)cn2)cc1,10.0,0.1,0,0,0,0,1,1
CN1CCCN(c2ccccc2-c2ccc(C(=O)Nc3ccc(Cl)cc3C(=O)Nc3ccc(Cl)cn3)cc2)CC1,9.096910013008056,0.8,1,1,0,1,1,1
O=C(Nc1ccc(Cl)cc1C(=O)Nc1ccc(Cl)cn1)c1ccc(-c2ccccc2N2CCC(O)CC2)cc1,9.69897000433602,0.2,1,1,0,1,1,1
N=C(N)c1cccc(CN2CC[C@H](NS(=O)(=O)c3ccc4ccccc4c3)C2=O)c1,6.638272163982407,230.0,1,1,0,1,1,1
Nc1ccccc1-c1ccc(C(=O)Nc2ccc(Cl)cc2C(=O)Nc2ccc(Cl)cn2)cc1,9.69897000433602,0.2,0,0,0,0,1,1
CN(C)C(=N)c1ccccc1-c1ccc(C(=O)Nc2ccc(Cl)cc2C(=O)Nc2ccc(Cl)cn2)cc1,10.0,0.1,0,0,0,0,1,1
CC(=N)N1CCC(Oc2ccc(C(Cc3ccc4ccc(C(=N)N)cc4c3)C(=O)O)cc2)CC1,7.886056647693163,13.0,1,1,0,1,0,0
O=C1[C@@H](NS(=O)(=O)c2cc3ncccc3s2)CCN1Cc1cc2cc[nH]cc-2n1,7.744727494896693,18.0,0,0,0,0,1,1
Nc1nccc2ccc(CN3CC[C@H](NS(=O)(=O)c4cc5ncccc5s4)C3=O)cc12,7.657577319177793,22.0,0,0,0,0,1,1
N=C(N)c1ccc(O)c(CN2CC[C@H](NS(=O)(=O)c3cc4ncccc4s3)C2=O)c1,9.154901959985745,0.7,1,1,0,0,1,1
CCCCCCCCCCC1=NOC(C(=O)Nc2ccc(-c3ccccc3S(N)(=O)=O)cc2)C1,4.769551078621726,17000.0,0,0,0,0,1,1
NS(=O)(=O)c1ccccc1-c1ccc(NC(=O)C2CC(c3ccccc3Cl)=NO2)cc1,5.769551078621726,1700.0,1,1,0,0,1,1
N=C(N)c1ccc(CNC(=O)CNC(=O)[C@@H](CO)NS(=O)(=O)CCc2ccccc2)cc1,4.552841968657781,28000.0,1,1,0,0,1,1
CC/C=C(/C1=NOC(C(=O)Nc2ccc(-c3ccccc3S(N)(=O)=O)cc2)C1)c1ccccc1,4.619788758288394,24000.0,0,0,0,0,1,1
Cc1cc(C)c(C2=NOC(C(=O)Nc3ccc(-c4ccccc4S(N)(=O)=O)cc3)C2)cc1C,4.585026652029182,26000.0,1,1,0,0,1,1
NS(=O)(=O)c1ccccc1-c1ccc(NC(=O)C2CC(c3ccc(C(F)F)cc3)=NO2)cc1,5.795880017344075,1600.0,1,1,0,0,1,1
NS(=O)(=O)c1ccccc1-c1ccc(NC(=O)C2CC(c3ccc4c(c3)OCCO4)=NO2)cc1,4.87942606879415,13200.0,1,1,0,1,1,1
NS(=O)(=O)c1ccccc1-c1ccc(NC(=O)C2CC(c3ccc(Cl)cc3)=NO2)cc1,6.0,1000.0,1,1,0,1,1,1
COC(=O)OC[C@@H](NS(=O)(=O)Cc1ccccc1)C(=O)NCC(=O)NCc1ccc(C(=N)N)cc1,6.468521082957745,340.0,1,1,0,0,1,1
NS(=O)(=O)c1ccccc1-c1ccc(NC(=O)C2CC(c3ccc(Br)cc3)=NO2)cc1,5.3872161432802645,4100.0,0,0,0,0,1,1
N=C(N)c1ccc(CNC(=O)CNC(=O)[C@@H](CO)NS(=O)(=O)c2ccc3ccccc3c2)cc1,4.552841968657781,28000.0,0,0,0,0,1,1
N=C(N)c1ccc(CNC(=O)CNC(=O)[C@@H](CO)NS(=O)(=O)CC2CCCCC2)cc1,5.698970004336019,2000.0,1,1,0,0,1,1
NS(=O)(=O)c1ccccc1-c1ccc(NC(=O)C2CC(c3cccc(C(F)(F)F)c3)=NO2)cc1,4.769551078621726,17000.0,1,1,0,0,1,1
NS(=O)(=O)c1ccccc1-c1ccc(NC(=O)C2CC(c3ccc(Cl)cc3Cl)=NO2)cc1,5.769551078621726,1700.0,1,1,0,0,1,1
COc1cccc(C2=NOC(C(=O)Nc3ccc(-c4ccccc4S(N)(=O)=O)cc3)C2)c1,5.1249387366083,7500.0,1,1,0,0,1,1
N=C(N)c1ccc(CNC(=O)[C@H]2CCCN2C(=O)[C@@H](CO)NS(=O)(=O)Cc2ccccc2)cc1,5.698970004336019,2000.0,1,1,0,0,0,0
C[C@H](NC(=O)[C@@H](CO)NS(=O)(=O)Cc1ccccc1)C(=O)NCc1ccc(C(=N)N)cc1,5.6777807052660805,2100.0,0,0,0,0,0,0
CCCCCC1=NOC(C(=O)Nc2ccc(-c3ccccc3S(N)(=O)=O)cc2)C1,5.346787486224656,4500.0,0,0,0,0,1,1
NS(=O)(=O)c1ccccc1-c1ccc(NC(=O)C2CC(c3ccc4ccccc4c3)=NO2)cc1,4.698970004336019,20000.0,1,1,0,1,1,1
N=C(N)c1ccc(CNC(=O)CNS(=O)(=O)c2ccc3ccccc3c2)cc1,4.97469413473523,10600.0,1,1,0,0,1,1
CC(C)c1cc(S(=O)(=O)N[C@H](CO)C(=O)NCC(=O)NCc2ccc(C(=N)N)cc2)cc(C(C)C)c1C(C)C,4.0,100000.0,0,0,0,0,1,0
NS(=O)(=O)c1ccccc1-c1ccc(NC(=O)C2CC(c3cccc(I)c3)=NO2)cc1,5.0,10000.0,0,0,0,0,1,1
Nc1cc(C2=NOC(C(=O)Nc3ccc(-c4ccccc4S(N)(=O)=O)cc3)C2)ccc1Cl,6.886056647693163,130.0,1,1,0,1,1,1
NS(=O)(=O)c1ccccc1-c1ccc(NC(=O)C2CC(c3ccc4c(c3)OCO4)=NO2)cc1,6.309803919971486,490.0,1,1,0,1,1,1
NS(=O)(=O)c1ccccc1-c1ccc(NC(=O)C2CC(c3ccc(I)cc3)=NO2)cc1,5.721246399047171,1900.0,1,1,0,1,1,1
CC(C)COC(=O)OC[C@@H](NS(=O)(=O)Cc1ccccc1)C(=O)NCC(=O)NCc1ccc(C(=N)N)cc1,6.301029995663981,500.0,1,1,0,0,1,1
NS(=O)(=O)c1ccccc1-c1ccc(NC(=O)C2CC(c3ccc(Cl)c(F)c3)=NO2)cc1,5.6020599913279625,2500.0,1,1,0,1,1,1
NS(=O)(=O)c1ccccc1-c1ccc(NC(=O)C2CC(c3cccc(Cl)c3)=NO2)cc1,5.229147988357856,5900.0,0,0,0,0,1,1
N=C(N)c1cccc(C2=NOC(C(=O)Nc3ccc(-c4ccccc4S(N)(=O)=O)cc3)C2)c1,8.142667503568731,7.2,1,1,0,0,1,1
Cc1ccc(C2=NOC(C(=O)Nc3ccc(-c4ccccc4S(N)(=O)=O)cc3)C2)cc1,5.6777807052660805,2100.0,1,1,0,1,1,1
CC(C)COC(=O)OC[C@@H](NS(=O)(=O)Cc1ccccc1)C(=O)N[C@@H](C)C(=O)NCc1ccc(C(=N)N)cc1,6.3872161432802645,410.0,0,0,0,0,0,0
COc1ccc(C2=NOC(C(=O)Nc3ccc(-c4ccccc4S(N)(=O)=O)cc3)C2)cc1,6.154901959985743,700.0,1,1,0,0,1,1
NS(=O)(=O)c1ccccc1-c1ccc(NC(=O)C2CC(c3ccc(Cl)c(Cl)c3)=NO2)cc1,5.568636235841013,2700.0,1,1,0,1,1,1
NS(=O)(=O)c1ccccc1-c1ccc(NC(=O)C2CC(c3cccc(OCCOCCCl)c3)=NO2)cc1,4.823908740944319,15000.0,0,0,0,0,1,1
NS(=O)(=O)c1ccccc1-c1ccc(NC(=O)C2CC(c3ccc4c(c3Cl)OCO4)=NO2)cc1,5.769551078621726,1700.0,0,0,0,0,1,1
NS(=O)(=O)c1ccccc1-c1ccc(NC(=O)C2CC(c3cccc(F)c3)=NO2)cc1,5.107905397309519,7800.0,0,0,0,0,1,1
NS(=O)(=O)c1ccccc1-c1ccc(NC(=O)C2CC(c3cccs3)=NO2)cc1,5.886056647693163,1300.0,1,1,0,1,1,1
COc1cc(C2=NOC(C(=O)Nc3ccc(-c4ccccc4S(N)(=O)=O)cc3)C2)ccc1O,4.698970004336019,20000.0,1,1,0,0,1,1
NS(=O)(=O)c1ccccc1-c1ccc(NC(=O)C2CC(/C=C/c3ccccc3)=NO2)cc1,5.638272163982407,2300.0,0,0,0,0,1,1
NS(=O)(=O)c1ccccc1-c1ccc(NC(=O)C2CC(c3ccc(F)c(F)c3)=NO2)cc1,5.337242168318426,4600.0,1,1,0,1,1,1
N=C(N)c1ccc(CNC(=O)CNC(=O)[C@@H](CO)NS(=O)(=O)/C=C/c2ccccc2)cc1,4.823908740944319,15000.0,0,0,0,0,0,0
NS(=O)(=O)c1ccccc1-c1ccc(NC(=O)C2CC(c3ccc(O)cc3)=NO2)cc1,4.657577319177793,22000.0,1,1,0,1,1,1
CCCCCCOc1ccccc1C1=NOC(C(=O)Nc2ccc(-c3ccccc3S(N)(=O)=O)cc2)C1,5.7447274948966935,1800.0,0,0,0,0,1,1
NS(=O)(=O)c1ccccc1-c1ccc(NC(=O)C2CC(c3ccc(-c4ccccc4)cc3)=NO2)cc1,5.958607314841775,1100.0,1,1,0,1,1,1
NS(=O)(=O)c1ccccc1-c1ccc(NC(=O)C2CC(c3ccccc3)=NO2)cc1,4.958607314841775,11000.0,1,1,0,1,1,1
NS(=O)(=O)c1ccccc1-c1ccc(NC(=O)C2CC(/C=C/c3ccco3)=NO2)cc1,5.638272163982407,2300.0,0,0,0,0,1,1
NS(=O)(=O)c1ccccc1-c1ccc(NC(=O)C2CC(c3ccc4c(c3[N+](=O)[O-])OCO4)=NO2)cc1,5.619788758288394,2400.0,0,0,0,0,1,1
CN1CCN=C1c1ccc(C(=O)N2CCN(S(=O)(=O)c3cc4cc(Cl)ccc4[nH]3)CC2)cc1,8.721246399047171,1.9,0,0,0,0,0,0
N=C(N)c1ccc(CNC(=O)CNC(=O)[C@@H](CO)NS(=O)(=O)Cc2ccccc2)cc1,5.522878745280337,3000.0,0,0,0,0,1,1
Nc1ncc2c(n1)CCC(CNC(=O)[C@@H]1CCCN1C(=O)[C@H](N)C(c1ccccc1)c1ccccc1)C2,4.239577516576788,57600.0,0,0,0,0,0,0
CC1(C)[C@H]2C[C@@H]1[C@]1(C)OB([C@H](CCCCN)NC(=O)Cn3nc(-c4cccc([N+](=O)[O-])c4)nc3Cc3ccccc3)O[C@@H]1C2,5.376750709602099,4200.0,0,0,0,0,0,0
O=C(O)CN[C@H](CC1CCCCC1)C(=O)N1CCC[C@H]1C(=O)NCC1CCc2n[nH]cc2C1,4.071604147743286,84800.0,0,0,0,0,0,0
CC(C)(C)OC(=O)CCc1nc(Cc2ccccc2)n(CC(=O)N[C@@H](CCCCN)B2O[C@@H]3C[C@@H]4C[C@@H](C4(C)C)[C@]3(C)O2)n1,6.119186407719209,760.0,0,0,0,0,0,0
CC(C)(C)CC(=O)NCc1nc(Cc2ccccc2)n(CC(=O)N[C@@H](CCCCN)B2O[C@@H]3C[C@@H]4C[C@@H](C4(C)C)[C@]3(C)O2)n1,5.366531544420414,4300.0,0,0,0,0,0,0
CC(C)(C)OC(=O)N[C@@H](C(=O)N1CCC[C@H]1C(=O)NCC1CCc2n[nH]cc2C1)C(c1ccccc1)c1ccccc1,4.069560405233299,85200.0,0,0,0,0,0,0
C[S+](O)Cc1nc(Cc2ccccc2)n(CC(=O)N[C@@H](CCCCN)B2O[C@@H]3C[C@@H]4C[C@@H](C4(C)C)[C@]3(C)O2)n1,5.221848749616356,6000.0,0,0,0,0,0,0
CC1(C)[C@H]2C[C@@H]1[C@]1(C)OB([C@H](CCCCN)NC(=O)Cn3nc(COCc4ccccc4)nc3Cc3ccccc3)O[C@@H]1C2,5.795880017344075,1600.0,0,0,0,0,0,0
CC1(C)[C@H]2C[C@@H]1[C@]1(C)OB([C@H](CCCCN)NC(=O)Cn3nc(CC#N)nc3Cc3ccccc3[N+](=O)[O-])O[C@@H]1C2,5.309803919971486,4900.0,0,0,0,0,0,0
N[C@@H](C(=O)N1CCC[C@H]1C(=O)NCC1CCc2n[nH]cc2C1)C(c1ccccc1)c1ccccc1,4.085656842880559,82100.0,0,0,0,0,0,0
CCc1nc2ccc(OC3CCN(C(C)=N)CC3)cc2n1C/C(C)=C/c1cccc(N)c1,8.886056647693163,1.3,1,1,0,0,1,1
NCc1cccc(-n2nc(C(F)(F)F)cc2C(=O)Nc2ccc(-c3ccccc3S(N)(=O)=O)cc2F)c1,6.443697499232712,360.0,1,1,0,1,1,1
CC(=N)N1CCC(Oc2ccc3c(nc(C)n3Cc3ccc4ccc(C(=N)N)cc4c3)c2[N+](=O)[O-])CC1,9.522878745280336,0.3,0,0,0,0,0,0
COC(=O)C1C/C(=C/c2ccc(C(=N)N)cc2)C(=O)/C(=C\c2ccc(C(=N)N)cc2)C1,8.318758762624412,4.8,0,0,0,0,0,0
CS(=O)(=O)c1ccccc1-c1ccc(NC(=O)c2cc(C(F)(F)F)nn2-c2cccc(CN)c2)cc1,6.42021640338319,380.0,1,1,0,1,1,1
CCc1nc2ccc(OC3CCN(C(C)=N)CC3)cc2n1C/C=C/c1ccc(N)cc1,7.1938200260161125,64.0,1,1,0,0,1,1
CCc1nc2cc(OC3CCN(C(C)=N)CC3)ccc2n1C/C=C/c1ccc(N)cc1,7.130768280269024,74.0,1,1,0,0,1,1
CCc1nc2c(NC(C)=O)c(OC3CCN(C(C)=N)CC3)ccc2n1Cc1ccc2ccc(C(=N)N)cc2c1,7.301029995663981,50.0,0,0,0,0,1,1
CCc1nc2cc(OC3CCN(C(C)=N)CC3)ccc2n1Cc1cccc(-c2ccc(C(=N)N)cc2)c1,6.585026652029182,260.0,1,1,1,1,1,1
CCc1nc2cc(OC3CCN(C(C)=N)CC3)ccc2n1C/C(C)=C/c1cccc(N)c1,9.508638306165729,0.31,1,1,0,0,1,1
CCc1nc2cc(OC3CCN(C(C)=N)CC3)ccc2n1C/C=C/c1cc(N)ccc1OC,7.236572006437063,58.0,1,1,0,0,1,1
CCc1nc2ccc(OC3CCN(C(C)=N)CC3)cc2n1Cc1ccc(-c2ccc(C(=N)N)cc2)cc1,6.7447274948966935,180.0,1,1,0,0,1,1
CCc1nc2ccc(OC3CCN(C(C)=N)CC3)cc2n1C/C=C/c1cc(N)ccc1OC,7.886056647693163,13.0,1,1,0,0,1,1
Cc1cc(C(=O)Nc2ccc(-c3ccccc3S(C)(=O)=O)cc2F)n(-c2cccc(CN)c2)n1,6.318758762624412,480.0,1,1,0,0,1,1
CC(=N)N1CCC(Oc2ccc3c(nc(C(C)C)n3Cc3ccc4ccc(C(=N)N)cc4c3)c2[N+](=O)[O-])CC1,9.69897000433602,0.2,0,0,0,0,0,0
CCc1nc2c(N(C)C)c(OC3CCN(C(C)=N)CC3)ccc2n1Cc1ccc2ccc(C(=N)N)cc2c1,8.301029995663981,5.0,1,1,0,1,1,1
CN(C)C(=N)c1ccc(/C=C2/CCCC/C(=C/c3ccc(C(=N)N(C)C)cc3)C2=O)cc1,5.795880017344075,1600.0,0,0,0,0,0,0
Cc1cc(C(=O)Nc2ccc(-c3ccccc3S(N)(=O)=O)cc2Br)n(-c2cccc(C(=N)N)c2)n1,11.0,0.01,1,1,0,0,1,0
CN1CCN=C1c1cccc(Oc2nc(Oc3cc(C(=N)N)ccc3O)c(F)c(N(C)CC(=O)O)c2F)c1,9.97469413473523,0.106,0,0,0,0,0,0
CCc1nc2c(N)c(OC3CCN(C(C)=N)CC3)ccc2n1Cc1ccc2ccc(C(=N)N)cc2c1,8.096910013008056,8.0,1,1,0,0,1,1
Cc1cc(C(=O)Nc2ncc(-c3ccccc3S(N)(=O)=O)cn2)n(-c2cccc(C(=N)N)c2)n1,10.387216143280265,0.041,1,1,0,1,1,1
Cc1cc(C(=O)Nc2ccc(-c3ccccc3S(C)(=O)=O)cc2)n(-c2cccc(CN)c2)n1,6.050609993355087,890.0,1,1,0,1,1,1
Cc1cc(C(=O)Nc2ccc(-c3ccccc3F)cc2)n(-c2cccc(C(=N)N)c2)n1,9.337242168318426,0.46,0,0,0,0,1,1
CCc1nc2cc(OC3CCN(C(C)=N)CC3)ccc2n1Cc1ccc(-c2ccc(C(=N)N)cc2)cc1,6.173925197299173,670.0,1,1,0,1,1,1
CCc1nc2ccc(OC3CCN(C(C)=N)CC3)cc2n1C/C=C/c1cc(N)ccc1O,10.0,0.1,1,1,0,0,1,1
Cc1cc(C(=O)Nc2ccc(-c3ccccc3C(F)(F)F)cc2)n(-c2cccc(C(=N)N)c2)n1,10.397940008672036,0.04,1,1,0,1,1,1
Cc1cc(C(=O)Nc2ccc(-c3ccccc3)cc2)n(-c2cccc(C(=N)N)c2)n1,8.886056647693163,1.3,0,0,0,0,1,1
CCc1nc2cc(OC3CCN(C(C)=N)CC3)ccc2n1Cc1ccc(-c2cccc(C(=N)N)c2)cc1,7.769551078621726,17.0,1,1,0,1,1,1
CCc1nc2ccc(OC3CCN(C(C)=N)CC3)cc2n1C/C=C/c1cccc(N)c1,10.55284196865778,0.028,1,1,0,0,1,1
CCc1nc2cc(OC3CCN(C(C)=N)CC3)ccc2n1C/C=C/c1cc(N)ccc1O,10.0,0.1,1,1,0,0,1,1
CCc1nc2cc(OC3CCN(C(C)=N)CC3)ccc2n1C/C=C/c1cccc(N)c1,9.397940008672036,0.4,1,1,0,0,1,1
NCc1cccc(-n2nc(C(F)(F)F)cc2C(=O)Nc2ccc(-c3ccccc3S(N)(=O)=O)cc2)c1,6.040958607678906,910.0,1,1,0,1,1,1
Cc1cc(C(=O)Nc2ccc(-c3ccccc3S(C)(=O)=O)cc2F)n(-c2cccc(C(=N)N)c2)n1,10.69897000433602,0.02,1,1,0,0,1,1
CCc1nc2ccc(OC3CCN(C(C)=N)CC3)cc2n1Cc1cccc(-c2cccc(C(=N)N)c2)c1,7.468521082957745,34.0,1,1,1,1,1,0
CCc1nc2c([N+](=O)[O-])c(OC3CCN(C(C)=N)CC3)ccc2n1Cc1ccc2ccc(C(=N)N)cc2c1,10.0,0.1,1,1,0,1,1,1
Cc1cc(C(=O)Nc2ccc(-c3ccccc3S(N)(=O)=O)cc2)n(-c2cccc(CN)c2)n1,8.568636235841012,2.7000000000000006,1,1,0,1,1,1
CCc1nc2ccc(OC3CCN(C(C)=N)CC3)cc2n1Cc1cccc(-c2ccc(C(=N)N)cc2)c1,6.823908740944319,150.0,1,1,0,0,1,0
CCc1nc2cc(OC3CCN(C(C)=N)CC3)ccc2n1Cc1cccc(-c2cccc(C(=N)N)c2)c1,9.337242168318426,0.46,1,1,1,1,1,1
CCc1nc2ccc(OC3CCN(C(C)=N)CC3)cc2n1Cc1ccc(-c2cccc(C(=N)N)c2)cc1,8.657577319177793,2.2,1,1,0,1,1,1
N=C(N)c1cccc(-n2nc(C(F)(F)F)cc2C(=O)Nc2ccc(-c3ccccc3S(N)(=O)=O)cc2)c1,10.82390874094432,0.015,1,1,0,0,1,1
CCc1nc2c(N(CC(=O)O)CC(=O)O)c(OC3CCN(C(C)=N)CC3)ccc2n1Cc1ccc2ccc(C(=N)N)cc2c1,7.301029995663981,50.0,0,0,0,0,1,1
Cc1cc(C(=O)Nc2ccc(-c3ccccc3S(N)(=O)=O)cc2F)n(-c2cccc(CN)c2)n1,5.795880017344075,1600.0,1,1,0,0,1,1
COC(=O)CNC(=O)CC(CCc1ccc(C(=N)N)cc1)c1cccc(C(=N)N)c1,5.619788758288394,2400.0,1,1,0,0,1,1
COC(=O)CC(CCc1ccc(N)cc1)c1cccc(C(=N)N)c1,5.301029995663981,5000.0,0,0,0,0,1,1
CCOC(=O)CC(CCc1ccccc1)c1cccc(C(=N)N)c1,5.537602002101044,2900.0,0,0,0,0,1,1
CCC1CCN(C(=O)C(Cc2nc3ccccc3s2)NS(=O)(=O)c2cccc3c2NCC(C)(C)C3)CC1,4.036212172654444,92000.0,0,0,0,0,0,0
COC(=O)CC(CCc1ccc(NC(=N)N)cc1)c1cccc(C(=N)N)c1,8.045757490560675,9.0,1,1,0,0,1,1
CNC(=O)CC(CCc1ccc(C(=N)N)cc1)c1cccc(C(=N)N)c1,6.026872146400302,940.0,1,1,0,1,1,1
CCOC(=O)CC(CCc1cccc(C(=N)N)c1)c1ccc(C(=N)N)cc1,5.784626847216578,1642.0,1,1,0,0,1,1
CONC(=O)CC(CCc1ccc(C(=N)N)cc1)c1cccc(C(=N)N)c1,5.619788758288394,2400.0,1,1,0,1,1,1
C/C(=C(\F)C(=O)Nc1ccc(-c2ccccc2S(N)(=O)=O)cc1Cl)c1ccc(F)c(C(=N)N)c1,9.744727494896694,0.18,0,0,0,0,1,0
CCOC(=O)CC(CCc1ccc(C(=N)N)cc1)c1ccc(C(=N)N)cc1,4.640164517660112,22900.0,1,1,0,0,1,1
COC(=O)CC(CCc1ccc(NS(=O)(=O)c2ccccc2)cc1)c1cccc(C(=N)N)c1,5.958607314841775,1100.0,0,0,0,0,1,1
COC(=O)CC(CCc1ccc(C(N)=O)cc1)c1cccc(C(=N)N)c1,6.259637310505756,550.0,1,1,1,1,1,1
CC(C)OC(=O)CC(CCc1ccc(C(=N)N)cc1)c1cccc(C(=N)N)c1,6.716698771296451,192.0,1,1,0,0,1,1
CC1(C)CNc2c(cccc2S(=O)(=O)N[C@@H](CSCCCN)C(=O)N2CCC(CCO)CC2)C1,4.060480747381382,87000.0,0,0,0,0,0,0
COC(=O)CC(CCc1ccc(C(=N)N)cc1)c1cccc(C(=N)N)c1,7.468521082957745,34.0,1,1,1,1,1,1
COC(=O)CC(CCc1ccc(NS(C)(=O)=O)cc1)c1cccc(C(=N)N)c1,6.184422251675732,654.0,0,0,0,0,1,1
CCCOc1c(-c2csc(-c3cc(C(=N)N)sc3SC)n2)cnn1-c1ccccn1,5.301029995663981,5000.0,0,0,0,0,0,0
CCOC(=O)CC(CCc1ccc(C(=N)N)cc1)c1cccc(C(=N)N)c1,7.376750709602099,42.0,1,1,0,1,1,1
CC1(C)CNc2c(cccc2S(=O)(=O)N[C@@H](CSCCCN)C(=O)N2CCC(CCF)CC2)C1,4.060480747381382,87000.0,0,0,0,0,0,0
N=C(N)c1ccc(CCC(=O)c2cccc(C(=N)N)c2)cc1,5.292429823902063,5100.0,0,0,0,0,0,0
N=C(N)c1ccc(CCC(CC(=O)O)c2cccc(C(=N)N)c2)cc1,5.853871964321762,1400.0,0,0,0,0,1,1
Cc1cc(C(=O)Nc2ccc(-c3ccccc3S(N)(=O)=O)cc2)n(-c2cccc(C(=N)N)c2)n1,10.886056647693165,0.013,1,1,0,1,1,1
COC(=O)CC(CCc1ccc(C(=O)OC)cc1)c1cccc(C(=N)N)c1,5.552841968657781,2800.0,1,1,0,0,1,1
COC(=O)CC(CCc1cccc(C(=N)N)c1)c1cccc(C(=N)N)c1,5.552841968657781,2800.0,1,1,0,0,1,1
COC(=O)CC(CCCCc1ccc(NC(=N)N)cc1)c1cccc(C(=N)N)c1,7.244125144327507,57.0,1,1,0,0,1,1
N=C(N)c1ccc(CCC(CC(=O)n2cccc2)c2cccc(C(=N)N)c2)cc1,5.939302159646388,1150.0,0,0,0,0,1,1
CC1CNc2c(cccc2S(=O)(=O)N[C@@H](Cc2nc3ccccc3s2)C(=O)N2CCC(CCO)CC2)C1,4.346787486224656,45000.0,0,0,0,0,0,0
Nc1ncnc2cc(CN3CCN(Cc4nc5cc(Cl)ccc5s4)CC3=O)ccc12,5.920818753952375,1200.0,1,1,0,1,1,1
N=C(N)c1ccc2[nH]c(-c3cccc(-c4ccccc4)c3O)cc2c1,7.107905397309519,78.0,1,1,0,1,1,1
CCOC(=O)[C@@H](Cc1ccc2ccccc2c1)NC(=O)c1cccc(C(=N)N)c1,5.698970004336019,2000.0,0,0,0,0,0,0
Nc1ncnc2cc(CN3CCN(Cc4cc5cc(Cl)ccc5[nH]4)CC3=O)ccc12,7.619788758288394,24.0,1,1,0,1,1,1
NC1CCC(CNC(=O)[C@@H]2CCCN2C(=O)[C@H](N)C(C2CCCCC2)C2CCCCC2)CC1,4.022276394711152,95000.0,1,1,0,1,1,1
COc1ccc(O)c(-c2nc3cc(C(=N)N)ccc3[nH]2)c1,5.050609993355087,8900.0,0,0,0,0,1,1
Nc1ncnc2cc(CN3CCN(Cc4nc5cc(Br)ccc5[nH]4)CC3=O)ccc12,7.769551078621726,17.0,1,1,0,1,1,1
N=C(N)c1ccc2[nH]c(-c3c(O)cccc3O)nc2c1,5.301029995663981,5000.0,0,0,0,0,1,1
N=C(N)c1ccc2[nH]c(-c3cc(Cl)cc(-c4ccccc4)c3O)nc2c1,6.026872146400302,940.0,1,1,0,0,1,1
N=C(N)c1ccc(CN2CCN(S(=O)(=O)c3cc4ccc(Cl)cc4s3)CC2=O)cc1,8.886056647693163,1.3,0,0,0,0,1,1
N=C(N)c1cccc(C(=O)N[C@@H](C(=O)N2CCC(C(=O)c3ccccc3)CC2)c2ccccc2)c1,7.795880017344075,16.0,1,1,0,1,1,0
N=C(N)c1ccc2[nH]c(-c3cccc([N+](=O)[O-])c3O)nc2c1,5.886056647693163,1300.0,0,0,0,0,1,1
Nc1ncnc2cc(CN3CCN(Cc4cc5ccc(Cl)cc5[nH]4)CC3=O)ccc12,6.4089353929735005,390.0,1,1,0,1,1,1
Nc1ncnc2cc(CN3CCN(S(=O)(=O)c4cc5ccc(Cl)cc5s4)CC3=O)ccc12,9.045757490560677,0.9,0,0,0,0,1,1
Nc1ncnc2cc(CN3CCN(Cc4nc5cc(Cl)ccc5o4)CC3=O)ccc12,5.920818753952375,1200.0,1,1,0,1,1,1
Cn1cncc1CCNC(=O)CN1CCN(S(=O)(=O)c2cc3ccc(Cl)cc3s2)CC1=O,7.920818753952375,12.0,1,1,0,1,1,1
N=C(N)c1ccc2[nH]c(-c3cc(F)ccc3O)nc2c1,5.167491087293763,6800.0,0,0,0,0,1,1
N=C(N)c1ccc2[nH]c(-c3cccc(-c4ccccc4)c3O)nc2c1,5.6777807052660805,2100.0,1,1,0,1,1,1
N=C(N)c1ccc2[nH]c(-c3cccc(Br)c3O)cc2c1,7.366531544420414,43.0,1,1,0,1,1,1
N=C(N)c1ccc2[nH]c(-c3cc(Cl)cc(-c4ccccc4)c3O)cc2c1,6.468521082957745,340.0,1,1,0,0,1,1
N=C(N)c1ccc2[nH]c(-c3cccc(Br)c3O)nc2c1,6.522878745280337,300.0,1,1,0,1,1,1
Nc1ncnc2cc(CN3CCN(S(=O)(=O)c4nc5cc(Cl)ccc5[nH]4)CC3=O)ccc12,8.522878745280337,3.0,0,0,0,0,0,0
Cn1c(CN2CCN(Cc3ccc4c(N)ncnc4c3)C(=O)C2)nc2ccc(Cl)cc21,6.537602002101044,290.0,0,0,0,0,1,1
Cc1ccc2[nH]c(CN3CCN(Cc4ccc5c(N)ncnc5c4)C(=O)C3)nc2c1,6.920818753952375,120.0,0,0,0,0,0,0
N=C(N)c1ccc2[nH]c(-c3cccc(F)c3O)nc2c1,6.050609993355087,890.0,1,1,0,1,1,1
N=C(N)c1ccc2[nH]c(-c3ccc4ccccc4c3O)nc2c1,5.00436480540245,9900.0,1,1,0,1,1,1
N=C(N)c1ccc2[nH]c(-c3cc([N+](=O)[O-])cc(Br)c3O)cc2c1,7.107905397309519,78.0,1,1,0,0,1,1
N=C(N)c1ccc2[nH]c(-c3cc([N+](=O)[O-])ccc3O)nc2c1,5.107905397309519,7800.0,1,1,0,0,1,1
N=C(N)c1ccc2[nH]c(-c3ccccc3O)nc2c1,4.853871964321762,14000.0,1,1,0,0,1,1
N=C(N)c1ccc2[nH]c(-c3ccccc3O)cc2c1,5.568636235841013,2700.0,0,0,0,0,1,1
N=C(N)c1ccc2[nH]c(-c3cc(Br)ccc3O)nc2c1,5.2441251443275085,5700.0,0,0,0,0,1,1
CCN(CC)c1ccc(-c2nc3cc(C(=N)N)ccc3[nH]2)c(O)c1,4.6020599913279625,25000.0,0,0,0,0,0,0
N=C(N)c1ccc2[nH]c(-c3cc([N+](=O)[O-])cc(-c4ccccc4)c3O)cc2c1,7.853871964321762,14.0,0,0,0,0,1,1
N=C(N)c1cccc(C(=O)N[C@@H](C(=O)N2CCN(c3ccc(Cl)cc3)CC2)c2ccccc2)c1,7.795880017344075,16.0,0,0,0,0,1,0
N=C(N)c1ccc(CN2CCN(Cc3nc4cc(Cl)ccc4[nH]3)CC2=O)cc1,7.397940008672037,40.0,0,0,0,0,0,0
Cc1ccc(O)c(-c2nc3cc(C(=N)N)ccc3[nH]2)c1,4.795880017344075,16000.0,1,1,0,0,1,1
N=C(N)c1cccc(C(=O)N[C@@H](C(=O)OCCC2CCN(C(=N)N)CC2)c2ccccc2)c1,7.585026652029182,26.0,1,1,0,1,1,0
Cn1c(-c2cccc(-c3ccccc3)c2O)nc2ccc(C(=N)N)cc21,4.522878745280337,30000.0,0,0,0,0,0,0
N=C(N)c1ccc2oc(-c3cccc(-c4ccccc4)c3O)cc2c1,5.167491087293763,6800.0,1,1,0,1,1,1
CC(=N)N1CCC(Oc2ccc(N(Cc3ccc4ccc(C(=N)N)cc4c3)S(=O)(=O)CC(=O)O)cc2)CC1,8.886056647693163,1.3,0,0,0,0,0,0
N=C(N)c1ccc2[nH]c(-c3cc(Br)cc(Br)c3O)cc2c1,7.050609993355087,89.0,1,1,0,1,1,1
N=C(N)c1ccc2[nH]c(-c3cccc(-c4ccccc4)c3)cc2c1,4.366531544420414,43000.0,1,1,0,0,1,1
Nc1ncnc2cc(CN3CCN(Cc4nc5ccccc5[nH]4)CC3=O)ccc12,5.920818753952375,1200.0,1,1,0,0,1,1
COc1cccc(-c2nc3cc(C(=N)N)ccc3[nH]2)c1O,4.795880017344075,16000.0,0,0,0,0,1,1
Cc1cc(Br)c(O)c(-c2nc3cc(C(=N)N)ccc3[nH]2)c1,6.2441251443275085,570.0,1,1,0,0,1,1
N=C(N)c1ccc2[nH]c(-c3cc(Br)cc(-c4ccccc4)c3O)cc2c1,6.6777807052660805,210.0,0,0,0,0,1,1
Cc1cccc(-c2nc3cc(C(=N)N)ccc3[nH]2)c1O,5.0,10000.0,1,1,0,1,1,1
COc1c(-c2ccccc2)cccc1-c1cc2cc(C(=N)N)ccc2[nH]1,4.721246399047171,19000.0,0,0,0,0,1,1
Cc1ccc(-c2nc3cc(C(=N)N)ccc3[nH]2)c(O)c1,5.026872146400302,9400.0,0,0,0,0,1,1
CN(C)C(=O)c1cccc(Oc2nc(Oc3cc(C(=N)N)ccc3O)c(F)c(N(C)CC(=O)O)c2F)c1,9.387216143280265,0.41,0,0,0,0,0,0
Nc1cc(C2=NOC(Cn3cccn3)(C(=O)Nc3ccc(-c4ccccc4S(N)(=O)=O)cn3)C2)ccc1Cl,7.838631997765025,14.5,0,0,0,0,1,1
NC(=O)NCC1(C(=O)Nc2ccc(-c3ccccc3S(N)(=O)=O)cn2)CC(c2ccc(Cl)c(N)c2)=NO1,8.602059991327963,2.5,1,1,0,0,1,1
CS(=O)(=O)NCC1(C(=O)Nc2ccc(-c3ccccc3S(N)(=O)=O)cn2)CC(c2ccc(Cl)c(N)c2)=NO1,8.769551078621726,1.7,1,1,0,0,1,1
CC1(C(=O)Nc2ccc(-c3ccccc3S(N)(=O)=O)cc2)CC(c2cccc(C(=N)N)c2)=NO1,8.040958607678906,9.1,1,1,0,0,1,1
Nc1cc(C2=NOC(CNS(N)(=O)=O)(C(=O)Nc3ccc(-c4ccccc4S(N)(=O)=O)cn3)C2)ccc1Cl,8.259637310505756,5.5,0,0,0,0,1,1
CN(C)C(=O)c1cccc(Oc2nc(Oc3cc(C(=N)N)ccc3O)nc3c2NC(=O)CO3)c1,6.97469413473523,106.0,0,0,0,0,0,0
Nc1cc(C2=NOC(CNC=O)(C(=O)Nc3ccc(-c4ccccc4S(N)(=O)=O)cn3)C2)ccc1Cl,7.823908740944319,15.0,0,0,0,0,1,1
CC(=N)N1CCC(Oc2ccc3c(c2)OCC(=O)N3Cc2ccc3ccc(C(=N)N)cc3c2)CC1,8.469800301796917,3.39,0,0,0,0,0,0
Nc1cc(C2=NOC(Cn3cnnn3)(C(=O)Nc3ccc(-c4ccccc4S(N)(=O)=O)cn3)C2)ccc1Cl,8.068033885271827,8.55,0,0,0,0,1,1
CC(=O)NCC1(C(=O)Nc2ccc(-c3ccccc3S(N)(=O)=O)cn2)CC(c2ccc(Cl)c(N)c2)=NO1,7.958607314841775,11.0,0,0,0,0,1,0
CS(=O)(=O)NCC1(C(=O)Nc2ccc(-c3ccccc3S(N)(=O)=O)cn2)CC(c2ccc3onc(N)c3c2)=NO1,8.337242168318426,4.6,0,0,0,0,0,0
Cc1nc2c(Oc3cccc(C(=O)N(C)C)c3)nc(Oc3cc(C(=N)N)ccc3O)nc2n1Cc1ccccc1,8.0,10.0,1,1,1,1,0,0
Nc1cc(C2=NOC(CNS(=O)(=O)c3cccnc3)(C(=O)Nc3ccc(-c4ccccc4S(N)(=O)=O)cn3)C2)ccc1Cl,8.522878745280337,3.0,0,0,0,0,1,1
COc1ccc(C2=NOC(CNS(C)(=O)=O)(C(=O)Nc3ccc(-c4ccccc4S(N)(=O)=O)cn3)C2)cc1,8.0,10.0,0,0,0,0,0,0
Nc1cc(C2=NOC(Cn3cncn3)(C(=O)Nc3ccc(-c4ccccc4S(N)(=O)=O)cn3)C2)ccc1Cl,7.468521082957745,34.0,0,0,0,0,1,1
Cc1nc2c(Oc3cc(C(=N)N)ccc3O)nc(Oc3cccc(C(=O)N(C)C)c3)nc2n1Cc1ccccc1,9.3767507096021,0.42,1,1,1,1,0,0
Nc1cc(C2=NOC(CNS(=O)(=O)CC(F)(F)F)(C(=O)Nc3ccc(-c4ccccc4S(N)(=O)=O)cn3)C2)ccc1Cl,8.481486060122112,3.3,0,0,0,0,1,1
CN(C)C(=O)c1cccc(Oc2nc(Oc3cc(C(=N)N)ccc3O)nc3c2NC(=O)CN3)c1,7.091514981121351,81.0,0,0,0,0,0,0
Nc1cc(C2=NOC(CNS(=O)(=O)Cc3ccccc3)(C(=O)Nc3ccc(-c4ccccc4S(N)(=O)=O)cn3)C2)ccc1Cl,8.657577319177793,2.2,0,0,0,0,1,1
CCCS(=O)(=O)NCC1(C(=O)Nc2ccc(-c3ccccc3S(N)(=O)=O)cn2)CC(c2ccc(Cl)c(N)c2)=NO1,8.431798275933005,3.7,1,1,0,0,1,1
Nc1cc(C2=NOC(CNS(=O)(=O)c3ccsc3)(C(=O)Nc3ccc(-c4ccccc4S(N)(=O)=O)cn3)C2)ccc1Cl,8.920818753952375,1.2,0,0,0,0,1,1
Cc1c(F)c(Oc2cccc(C(=N)N)c2)nc(Oc2cccc(C(=O)N(C)C)c2)c1F,7.096910013008056,80.0,1,1,0,1,1,1
CC1(C(=O)Nc2ccc(-c3ccccc3S(N)(=O)=O)cc2)CC(c2ccc(Cl)c(N)c2)=NO1,6.886056647693163,130.0,1,1,0,0,1,1
N=C(N)c1cccc(C2=NOC(Cn3cnnn3)(C(=O)Nc3ccc(-c4ccccc4S(N)(=O)=O)cn3)C2)c1,9.958607314841776,0.11,0,0,0,0,1,1
CCNC(=O)NCC1(C(=O)Nc2ccc(-c3ccccc3S(N)(=O)=O)cn2)CC(c2ccc(Cl)c(N)c2)=NO1,7.161150909262744,69.0,1,1,0,0,1,1
CN(C)C(=O)c1cccc(Oc2nc3c(c(Oc4cc(C(=N)N)ccc4O)n2)NC(=O)CN3)c1,7.721246399047171,19.0,0,0,0,0,0,0
Nc1cc(C2=NOC(CNS(=O)(=O)c3ccccc3)(C(=O)Nc3ccc(-c4ccccc4S(N)(=O)=O)cn3)C2)ccc1Cl,8.769551078621726,1.7,0,0,0,0,1,1
Cc1cc(N)nc(C)c1CNC(=O)[C@@H]1CCCN1C(=O)[C@@H](Cc1ccc(Cl)c(Cl)c1)NS(=O)(=O)Cc1ccccc1,4.2839966563652006,52000.0,0,0,0,0,0,0
Cc1cc(N)nc(C)c1CNC(=O)[C@@H]1CCCN1C(=O)[C@H](NC(=O)OC(C)(C)C)C(C1CCCCC1)C1CCCCC1,4.795880017344075,16000.0,0,0,0,0,0,0
N=C(N)c1ccc(CN(NS(=O)(=O)c2ccc3ccccc3c2)C(=O)N2CCCCCC2)cc1,4.161150909262744,69000.0,1,1,0,0,1,1
N=C(N)c1ccc(CN(NS(=O)(=O)c2ccc3ccccc3c2)C(=O)N2CCCCC2)cc1,4.180456064458132,66000.0,1,1,0,0,0,0
CC1CCCCN1C(=O)N(Cc1cccc(C(=N)NO)c1)NS(=O)(=O)c1ccc2ccccc2c1,5.267606240177032,5400.0,0,0,0,0,0,0
Nc1ccc(CNC(=O)[C@@H]2CCCN2C(=O)[C@@H](Cc2ccc(Cl)c(Cl)c2)NS(=O)(=O)Cc2ccccc2)cn1,5.119186407719209,7600.0,0,0,0,0,0,0
O=C(NCc1ccccc1)[C@@H]1CCCN1C(=O)[C@@H](Cc1ccc(Cl)c(Cl)c1)NS(=O)(=O)Cc1ccccc1,4.853871964321762,14000.0,0,0,0,0,0,0
Nc1ccc(CNC(=O)[C@@H]2CCCN2C(=O)[C@H](N)C(C2CCCCC2)C2CCCCC2)cn1,5.080921907623926,8300.0,1,1,0,1,1,1
CC(C)(C)OC(=O)N[C@@H](C(=O)N1CCC[C@H]1C(=O)NCc1ccc(N)nc1)C(C1CCCCC1)C1CCCCC1,5.356547323513812,4400.0,0,0,0,0,0,0
CC1CCN(C(=O)N(Cc2cccc(C(=N)N)c2)NS(=O)(=O)c2ccc3ccccc3c2)CC1,5.275724130399211,5300.0,0,0,0,0,0,0
CC(C)(C)OC(=O)N[C@@H](C(=O)N1CCC[C@H]1C(=O)NCc1csc(N)c1)C(C1CCCCC1)C1CCCCC1,4.568636235841013,27000.0,0,0,0,0,0,0
N=C(N)c1cccc(CN(NS(=O)(=O)c2ccc3ccccc3c2)C(=O)N2CCCCCC2)c1,5.4089353929735005,3900.0,1,1,0,1,1,1
Nc1ccc(CNC(=O)[C@@H]2CCCN2C(=O)[C@@H](Cc2ccc(Cl)c(Cl)c2)NS(=O)(=O)Cc2ccccc2)cc1,5.0,10000.0,0,0,0,0,0,0
COc1ccc2cc(S(=O)(=O)NN(Cc3cccc(C(=N)N)c3)C(=O)N3CCCCCC3)ccc2c1,5.522878745280337,3000.0,0,0,0,0,0,0
Nc1ccc(CNC(=O)[C@@H]2CCCN2C(=O)[C@H](N)C(c2ccccc2)c2ccccc2)cn1,4.026872146400302,94000.0,1,1,0,1,1,1
CC1CCCCN1C(=O)N(Cc1ccc(C(=N)N)cc1)NS(=O)(=O)c1ccc2ccccc2c1,4.275724130399211,53000.0,0,0,0,0,0,0
CN1CCN=C1c1ccc(NC(=O)c2cc(C(F)(F)F)nn2-c2ccc3cc(Cl)ccc3c2)c(F)c1,8.920818753952375,1.2,0,0,0,0,0,0
CN(C)C(=N)c1ccc(NC(=O)c2cc(C(F)(F)F)nn2-c2ccc3cc(Cl)ccc3c2)c(F)c1,9.045757490560677,0.9,0,0,0,0,0,0
Cc1cc(C)cc(C(C)(C)CN(CC(=O)NC(CCCN=C(N)N)B(O)O)C(=O)CCc2ccccc2)c1,7.207608310501746,62.0,1,1,0,0,1,1
Cc1cc(C)cc(CCN(CC(=O)NC(CCC/N=C/N)B(O)O)C(=O)CCc2ccccc2)c1,7.522878745280337,30.0,1,1,0,0,1,1
Cc1cc(C(=O)Nc2ccc(C3=NCCN3C)cc2F)n(-c2cc3ccccc3cc2F)n1,8.096910013008056,8.0,1,1,0,1,1,1
N=C(N)NCCCC(NC(=O)CN(CC1(c2ccccc2)CC1)C(=O)CCc1ccccc1)B(O)O,7.337242168318426,46.0,1,1,0,0,0,0
NCCCCC(NC(=O)CN(CC1(c2ccccc2)CCCC1)C(=O)CCc1ccccc1)B(O)O,5.856985199745905,1390.0,0,0,0,0,1,1
N/C=N/CCCC(NC(=O)CN(CCc1ccccc1)C(=O)CCc1ccccc1)B(O)O,7.657577319177793,22.0,0,0,0,0,1,1
CC(C)(CN(CC(=O)NC(CCC/N=C/N)B(O)O)C(=O)CCc1ccccc1)c1ccccc1,7.096910013008056,80.0,0,0,0,0,0,0
N/C=N/CCCC(NC(=O)CN(CC1(c2ccccc2)CC1)C(=O)CCc1ccccc1)B(O)O,6.522878745280337,300.0,0,0,0,0,1,1
Cc1cc(C)cc(C(C)(C)CN(CC(=O)NC(CCC/N=C/N)B(O)O)C(=O)CCc2ccccc2)c1,6.406713932979542,392.0,1,1,0,0,1,1
Cc1cc(C(=O)Nc2ccc(C(=N)N3CCCCC3)cc2F)n(-c2cc3ccccc3cc2F)n1,8.2839966563652,5.2,0,0,0,0,1,1
Cc1cc(C(=O)Nc2ccc(C(=N)N(C)C)cc2F)n(-c2ccc3cc(Cl)ccc3c2)n1,9.154901959985745,0.7,0,0,0,0,0,0
CC(C)(CN(CC(=O)NC(CCCN=C(N)N)B(O)O)C(=O)CCc1ccccc1)c1ccccc1,7.00436480540245,99.0,0,0,0,0,0,0
CN(C)C(=N)c1ccc(NC(=O)c2cc(C(F)(F)F)nn2-c2cc3ccccc3cc2F)c(F)c1,9.154901959985745,0.7,0,0,0,0,0,0
Cc1cc(C(=O)Nc2ccc(C(=N)N(C)C)cc2F)n(-c2cc3ccccc3cc2F)n1,8.4089353929735,3.9,0,0,0,0,0,0
Cc1cc(C)cc(CCN(CC(=O)NC(CCCCN)B(O)O)C(=O)CCc2ccccc2)c1,7.267606240177032,54.0,1,1,0,0,1,1
Cc1cc(C(=O)Nc2ccc(C3=NCCN3C)cc2F)n(-c2cc3ccccc3cc2S(C)(=O)=O)n1,8.4089353929735,3.9,0,0,0,0,0,0
Cc1cc(C)cc(CCN(CC(=O)NC(CCCN=C(N)N)B(O)O)C(=O)CCc2ccccc2)c1,7.823908740944319,15.0,0,0,0,0,0,0
CC(C)(CN(CC(=O)NC(CCCCN)B(O)O)C(=O)CCc1ccccc1)c1ccccc1,6.494850021680094,320.0,0,0,0,0,0,0
Cc1cc(C)cc(C(C)(C)CN(CC(=O)NC(CCCCN)B(O)O)C(=O)CCc2ccccc2)c1,6.091514981121351,810.0,1,1,0,0,1,1
Cc1cc(C(=O)Nc2ccc(C(=N)N(C)C)cc2F)n(-c2cc3ccccc3cc2S(C)(=O)=O)n1,8.55284196865778,2.8,0,0,0,0,0,0
NCCCCC(NC(=O)CN(CC1(c2ccccc2)CC1)C(=O)CCc1ccccc1)B(O)O,6.3585258894959,438.0,0,0,0,0,0,0
Cc1cc(C(=O)Nc2ccc(C3=NCCN3C)cc2F)n(-c2ccc3cc(Cl)ccc3c2)n1,9.0,1.0,0,0,0,0,0,0
N/C=N/CCCC(NC(=O)CN(CC1(c2ccccc2)CCCC1)C(=O)CCc1ccccc1)B(O)O,6.200659450546418,630.0,1,1,0,0,1,1
CN(C)C(=N)c1ccc(NC(=O)c2nnnn2-c2ccc3cc(Cl)ccc3c2)c(F)c1,9.154901959985745,0.7,0,0,0,0,0,0
NCCCCC(NC(=O)CN(CCc1ccccc1)C(=O)CCc1ccccc1)B(O)O,6.886056647693163,130.0,0,0,0,0,1,1
Cc1cc(C(=O)Nc2ccc(C(=N)N3CCCC3)cc2F)n(-c2cc3ccccc3cc2F)n1,8.387216143280265,4.1,0,0,0,0,0,0
CC(C)COc1cccc(-c2nc3cc(C(=N)N)c(Cl)cc3[nH]2)c1O,4.468521082957745,34000.0,1,1,0,0,0,0
N=C(N)c1ccc2[nH]c(-c3cccc(OC4CCCC4)c3O)cc2c1,6.00436480540245,990.0,1,1,0,1,1,1
N=C(N)c1cc2[nH]c(-c3cccc(OC4CCCC4)c3O)nc2cc1Cl,4.366531544420414,43000.0,1,1,0,0,0,0
CC(C)COc1cccc(-c2nc3cc(C(=N)N)c(F)cc3[nH]2)c1O,4.508638306165727,31000.0,1,1,0,0,0,0
Cc1ccc(NS(=O)(=O)Cc2ccccc2)c(=O)n1CC(=O)NCc1ccc(C(=N)N)s1,7.015922966097169,96.4,0,0,0,0,1,1
COCCC[C@@H](NC(=O)[C@@H]1CCCN1C(=O)[C@@H](Cc1ccccc1)NC(=O)OCc1ccccc1)B1O[C@@H]2CC3CC(C3(C)C)[C@]2(C)O1,8.508638306165727,3.1,0,0,0,0,0,0
C[C@H]1CC(C)(C)C[C@@H]1Oc1cccc(-c2nc3cc(C(=N)N)c(F)cc3[nH]2)c1O,4.080921907623926,83000.0,0,0,0,0,0,0
COc1cccc(S(=O)(=O)Nc2cccn(CC(=O)NCc3ccc(C(=N)N)cc3F)c2=O)c1,6.604498875694374,248.6,0,0,0,0,0,0
COc1cccc(S(=O)(=O)Nc2cccn(CC(=O)NCc3ccc(C(=N)N)cc3OC)c2=O)c1,7.114638779968488,76.8,0,0,0,0,0,0
CC1(C)C2CC1[C@]1(C)OB(C(Cc3ccccc3)NC(=O)[C@@H]3CCCN3C(=O)[C@@H](NC(=O)OCc3ccccc3)C(c3ccccc3)c3ccccc3)O[C@@H]1C2,8.366531544420413,4.3,0,0,0,0,0,0
N=C(N)c1cc2[nH]c(-c3cccc(OC4CCCC4)c3O)nc2cc1F,4.494850021680094,32000.0,1,1,0,0,0,0
N=C(N)c1cc2[nH]c(-c3cccc(OC4CCNC4)c3O)nc2cc1F,4.026872146400302,94000.0,1,1,0,0,0,0
COCCCC(NC(=O)[C@@H]1CCCN1C(=O)[C@@H](NC(=O)OCc1ccccc1)C(c1ccccc1)c1ccccc1)B1O[C@@H]2CC3CC(C3(C)C)[C@]2(C)O1,8.142667503568731,7.2,0,0,0,0,0,0
CCC(C)(C)C(NC(=O)[C@@H]1CCCN1C(=O)[C@H](Cc1ccccc1)NC(=O)OCc1ccccc1)B1O[C@@H]2CC3CC(C3(C)C)[C@]2(C)O1,8.585026652029182,2.6,0,0,0,0,0,0
CCOc1cccc(-c2cc3cc(C(=N)N)ccc3[nH]2)c1O,5.6777807052660805,2100.0,1,1,0,0,1,1
CCCCCC(NC(=O)[C@@H]1CCCN1C(=O)[C@@H](NC(=O)OCc1ccccc1)C(c1ccccc1)c1ccccc1)B1O[C@@H]2CC3CC(C3(C)C)[C@]2(C)O1,7.886056647693163,13.0,0,0,0,0,1,1
COc1cccc(S(=O)(=O)Nc2cccn(CC(=O)NCc3ccc(C(=N)N)cc3)c2=O)c1,6.816160962943579,152.7,0,0,0,0,0,0
N=C(N)c1ccc2[nH]c(-c3cccc(OC4CCCC4)c3O)nc2c1,5.823908740944319,1500.0,1,1,0,1,1,1
N=C(N)NCCC[C@@H](NC(=O)Cn1cccc(NS(=O)(=O)Cc2ccccc2F)c1=O)C(=O)O,6.716698771296451,192.0,0,0,0,0,0,0
CCOc1cccc(-c2nc3cc(C(=N)N)c(F)cc3[nH]2)c1O,4.3872161432802645,41000.0,1,1,0,0,0,0
CC(C)COc1cccc(-c2cc3cc(C(=N)N)ccc3[nH]2)c1O,5.769551078621726,1700.0,1,1,0,0,1,1
C[C@H]1CCC[C@@H]1Oc1cccc(-c2nc3cc(C(=N)N)c(F)cc3[nH]2)c1O,4.468521082957745,34000.0,0,0,0,0,0,0
C[C@H]1CC[C@@H](Oc2cccc(-c3nc4cc(C(=N)N)c(F)cc4[nH]3)c2O)CC1,4.42021640338319,38000.0,0,0,0,0,0,0
N=C(N)c1ccc2[nH]c(-c3cccc(Oc4ccccc4)c3O)nc2c1,5.6777807052660805,2100.0,1,1,0,1,1,1
CCCCCC(NC(=O)[C@@H]1CCCN1C(=O)[C@H](Cc1ccccc1)NC(=O)OCc1ccccc1)B1O[C@@H]2CC3CC(C3(C)C)[C@]2(C)O1,9.236572006437065,0.58,1,1,0,0,1,1
Cc1ccc(NS(=O)(=O)Cc2ccccc2F)c(=O)n1CC(=O)N[C@H](CCCN=C(N)N)C(=O)O,6.17134010346468,674.0,0,0,0,0,0,0
CCOc1cccc(-c2nc3cc(C(=N)N)ccc3[nH]2)c1O,5.167491087293763,6800.0,0,0,0,0,1,1
CC(C)COc1cccc(-c2nc3cc(C(=N)N)ccc3[nH]2)c1O,5.619788758288394,2400.0,1,1,0,0,0,0
C[C@H]1CCC[C@H](Oc2cccc(-c3nc4cc(C(=N)N)c(F)cc4[nH]3)c2O)C1,4.42021640338319,38000.0,0,0,0,0,0,0
COc1cccc(S(=O)(=O)Nc2cccn(CC(=O)NCc3nc(C(=N)N)cs3)c2=O)c1,6.748118545447473,178.6,0,0,0,0,0,0
N=C(N)c1cc2[nH]c(-c3cccc(OCC4CCCO4)c3O)nc2cc1F,4.886056647693163,13000.0,0,0,0,0,0,0
CCC(C)(C)C(NC(=O)[C@@H]1CCCN1C(=O)[C@H](Cc1ccc2ccccc2c1)NC(=O)OCc1ccccc1)B1O[C@@H]2CC3CC(C3(C)C)[C@]2(C)O1,7.638272163982407,23.0,1,1,0,0,0,0
CC1(C)C2CC1[C@]1(C)OB(C(Cc3ccccc3)NC(=O)[C@@H]3CCCN3C(=O)[C@H](Cc3ccccc3)NC(=O)OCc3ccccc3)O[C@@H]1C2,8.920818753952375,1.2,0,0,0,0,0,0
COC(=O)c1ccc(F)cc1CS(=O)(=O)Nc1ccc(C)n(CC(=O)N[C@H](CCCN=C(N)N)C(=O)O)c1=O,5.742321425130816,1810.0,0,0,0,0,0,0
N=C(N)c1ccc2[nH]c(-c3cccc(Oc4ccccc4)c3O)cc2c1,7.107905397309519,78.0,1,1,0,1,1,1
N=C(N)c1cccc(N2CCCN(C3CCN(Cc4ccccc4)CC3)C2=O)c1,6.3979400086720375,400.0,1,1,0,0,0,0
COCC1(C(=O)Nc2ccc(-c3ccccc3S(N)(=O)=O)cc2)CC(c2cccc(C(=N)N)c2)=NO1,8.468521082957745,3.4,0,0,0,0,1,0
N=C(N)c1ccc(NC(=O)c2ccccc2O)cc1,4.920818753952375,12000.0,0,0,0,0,1,1
COc1c(O)c(C(=O)Nc2ccc(NC(=N)N)cc2)cc2cc3ccccc3cc12,4.886056647693163,13000.0,0,0,0,0,0,0
N=C(N)c1ccc(N2CCCCN(C3CCN(Cc4ccccc4)CC3)C2=O)cc1,5.1249387366083,7500.0,1,1,0,0,1,1
C[C@H]1ON=C(c2cccc(C(=N)N)c2)[C@@H]1C(=O)Nc1ccc(-c2ccccc2S(N)(=O)=O)cc1,8.744727494896694,1.8,0,0,0,0,1,0
COCc1onc(-c2cccc(C(=N)N)c2)c1C(=O)Nc1ccc(-c2ccccc2S(N)(=O)=O)cc1,9.200659450546418,0.63,0,0,0,0,1,1
N=C(N)c1cccc(-c2nocc2C(=O)Nc2ccc(-c3ccccc3S(N)(=O)=O)cc2)c1,9.82390874094432,0.15,1,1,0,0,1,0
Cc1cc(C(=O)Nc2ccc(-c3ccccc3S(N)(=O)=O)cc2)n(-c2ccc3ccnc(N)c3c2)n1,9.481486060122112,0.33,1,1,0,1,1,1
Cc1cccc(C(=O)Nc2ccc(C(=N)N)cc2)c1O,5.2441251443275085,5700.0,0,0,0,0,1,1
N=C(N)c1ccc(NC(=O)c2cc3cc4ccccc4cc3cc2O)cc1,4.920818753952375,12000.0,0,0,0,0,0,0
CC(C)Oc1c(O)c(C(=O)Nc2ccc(N=C(N)N)nc2)cc2cc3ccccc3cc12,4.055517327849831,88000.0,0,0,0,0,0,0
N=C(N)c1ccc2[nH]c(-c3cccc(-c4ccccc4)c3O)cc2c1Cl,5.2839966563652006,5200.0,1,1,0,0,0,0
Cc1cc(C(=O)Nc2ccc(-c3ccccc3S(N)(=O)=O)cc2)n(-c2ccccc2N)n1,6.221848749616356,600.0,1,1,0,0,1,1
Cc1ccc(O)c(C(=O)Nc2ccc(C(=N)N)cc2)c1,5.026872146400302,9400.0,1,1,0,0,1,1
N=C(N)c1cccc(-c2noc(N)c2C(=O)Nc2ccc(-c3ccccc3S(N)(=O)=O)cc2)c1,8.468521082957745,3.4,1,1,0,0,1,0
N=C(N)Nc1ccc(NC(=O)c2cc3cc4ccccc4cc3cc2O)cn1,4.259637310505756,55000.0,0,0,0,0,0,0
Cc1cc(C(=O)Nc2ccc(-c3ccccc3S(N)(=O)=O)cc2)n(-c2cccc(C(=N)NO)c2)n1,7.721246399047171,19.0,1,1,0,0,1,1
Cc1cc(C(=O)Nc2ccc(-c3ccccc3S(N)(=O)=O)cc2)n(-c2ccc(N)nc2)n1,5.886056647693163,1300.0,1,1,0,1,1,1
N=C(N)c1cccc(C2=NOC(Cn3cnnn3)(C(=O)Nc3ccc(-c4ccccc4S(N)(=O)=O)cc3)C2)c1,8.97469413473523,1.06,0,0,0,0,0,0
N=C(N)c1cccc(-c2noc(CO)c2C(=O)Nc2ccc(-c3ccccc3S(N)(=O)=O)cc2)c1,9.30102999566398,0.5,0,0,0,0,1,1
Cc1ccc(C(=O)Nc2ccc(C(=N)N)cc2)c(O)c1,5.638272163982407,2300.0,1,1,0,0,1,1
N=C(N)c1cc2cc(-c3cccc(-c4ccccc4)c3O)[nH]c2cc1F,5.886056647693163,1300.0,1,1,0,1,1,1
N=C(N)c1cccc(-c2noc(C(F)(F)F)c2C(=O)Nc2ccc(-c3ccccc3S(N)(=O)=O)cc2)c1,8.022276394711152,9.5,1,1,0,0,1,1
CS(=O)(=O)c1ccccc1-c1ccc(NC(=O)c2conc2-c2cccc(C(=N)N)c2)cc1,10.0,0.1,0,0,0,0,1,0
N=C(N)c1ccc(C2=NOC(CC(=O)NC(CC(=O)O)C(=O)N3CCc4ccccc4C3)C2)cc1,4.42021640338319,38000.0,0,0,0,0,1,0
CCOc1ccc(C(=O)Nc2ccc(C(=N)N)cc2)c(O)c1,4.431798275933005,37000.0,1,1,0,0,1,1
COc1cc2[nH]c(-c3cccc(-c4ccccc4)c3O)cc2cc1C(=N)N,4.585026652029182,26000.0,0,0,0,0,1,1
Cc1cc(C(=O)Nc2ccc(-c3ccccc3S(N)(=O)=O)cc2)n(-c2ccc3ncnc(N)c3c2)n1,7.5376020021010435,29.0,1,1,0,1,1,1
Cc1cc(C(=O)Nc2ccc(-c3ccccc3S(N)(=O)=O)cc2)n(-c2ccc3nc(N)nc(N)c3c2)n1,7.795880017344075,16.0,1,1,0,0,1,1
N=C(N)c1cc2cc(-c3cccc(-c4ccccc4)c3O)[nH]c2cc1Cl,4.721246399047171,19000.0,1,1,0,1,1,1
Cc1cc(C(=O)Nc2ccc(-c3ccccc3S(N)(=O)=O)cc2)n(-c2cccc(S(C)=N)c2)n1,5.568636235841013,2700.0,1,1,0,1,1,1
Cc1cc(C(=O)Nc2ccc(-c3ccccc3S(N)(=O)=O)cc2)n(-c2ccc3ccncc3c2)n1,6.431798275933005,370.0,1,1,0,0,1,1
Cc1cc(C(=O)Nc2ccc(-c3ccccc3S(N)(=O)=O)cc2)n(C2CCCNC2)n1,4.6777807052660805,21000.0,1,1,0,1,1,1
Cc1cc(C(=O)Nc2ccc(-c3ccccc3S(N)(=O)=O)cc2)n(-c2ccc3[nH]nc(N)c3c2)n1,7.5376020021010435,29.0,1,1,0,1,1,1
Cc1cc(C(=O)Nc2ccc(-c3ccccc3S(N)(=O)=O)cc2)n(-c2cccc(B(O)O)c2)n1,7.214670164989233,61.0,1,1,0,1,1,1
N=C(N)c1ccc(N2CCCCN(c3cccc(C(=N)N)c3)C2=O)cc1,6.096910013008056,800.0,0,0,0,0,0,0
COc1ccc(O)c(C(=O)Nc2ccc(C(=N)N)cc2)c1,5.2839966563652006,5200.0,0,0,0,0,1,1
Cc1cc(Br)c(O)c(C(=O)Nc2ccc(C(=N)N)cc2)c1,6.356547323513812,440.0,1,1,0,0,1,1
N=C(N)c1cccc(C2=NO[C@H](Cn3cnnn3)[C@H]2C(=O)Nc2ccc(-c3ccccc3S(N)(=O)=O)cc2)c1,8.638272163982407,2.3,0,0,0,0,0,0
Cc1cc(C(=O)Nc2ccc(-c3ccccc3S(N)(=O)=O)cc2)n(CCCCN)n1,4.920818753952375,12000.0,0,0,0,0,1,1
N=C(N)c1ccc(NC(=O)c2cccc(Cl)c2O)cc1,6.0,1000.0,0,0,0,0,1,1
COc1ccc(-n2nc(C)cc2C(=O)Nc2ccc(-c3ccccc3S(N)(=O)=O)cc2)cc1,7.958607314841775,11.0,1,1,0,0,1,1
Cc1cc(C(=O)Nc2ccc(-c3ccccc3S(N)(=O)=O)cc2)n(-c2cccc(N)c2)n1,7.200659450546418,63.0,1,1,0,0,1,1
Cc1cc(C(=O)Nc2ccc(-c3ccccc3S(N)(=O)=O)cc2)n(-c2cccc(S(N)(=O)=O)c2)n1,5.301029995663981,5000.0,1,1,0,0,1,1
N=C(N)c1ccc(NC(=O)c2cc([N+](=O)[O-])ccc2O)cc1,4.00436480540245,99000.0,0,0,0,0,1,1
Cc1cc(C(=O)Nc2ccc(-c3ccccc3S(N)(=O)=O)cc2)n(-c2ccccc2)n1,6.703334809738469,198.0,1,1,0,1,1,1
COCc1onc(-c2cccc(C(=N)N)c2)c1C(=O)Nc1ccc(-c2ccccc2S(N)(=O)=O)cn1,9.1249387366083,0.75,0,0,0,0,1,0
Cc1cc(I)c(O)c(C(=O)Nc2ccc(C(=N)N)cc2)c1,6.337242168318426,460.0,1,1,0,0,1,1
N=C(N)c1cccc(N2CCN(C3CCN(Cc4ccccc4)CC3)C2=O)c1,5.6777807052660805,2100.0,1,1,0,1,0,0
N=C(N)c1ccc(NC(=O)c2ccc(Cl)cc2O)cc1,5.552841968657781,2800.0,0,0,0,0,1,1
Cc1cc(C(=O)Nc2ccc(-c3ccccc3S(N)(=O)=O)cc2)n(-c2cccc(C#N)c2)n1,6.508638306165727,310.0,1,1,0,1,1,1
Cc1cc(C(=O)Nc2ccc(-c3ccccc3S(N)(=O)=O)cc2)n(-c2ccc3c(N)[nH]nc3c2)n1,5.552841968657781,2800.0,1,1,0,0,1,1
Cc1cc(C(=O)Nc2ccc(-c3ccccc3S(N)(=O)=O)cc2)n(-c2cccc(C(N)=O)c2)n1,7.721246399047171,19.0,1,1,0,1,1,1
Cc1cc(C(=O)Nc2ccc(-c3ccccc3S(N)(=O)=O)cc2)n(-c2cccc(Cl)c2)n1,7.431798275933005,37.0,1,1,0,0,1,1
Cc1cc(I)c(O)c(C(=O)Nc2ccc(C(=N)N)c(F)c2)c1,6.2839966563652006,520.0,0,0,0,0,0,0
N=C(N)Nc1ccc(NC(=O)c2cc3cc4ccccc4cc3c(I)c2O)cn1,4.167491087293763,68000.0,0,0,0,0,0,0
Cc1cc(C(=O)Nc2ccc(-c3ccccc3S(N)(=O)=O)cc2)n(-c2ccc(N)cc2)n1,5.522878745280337,3000.0,1,1,0,1,1,1
N=C(N)c1cccc(N2CCCCN(C3CCN(C(=N)N)CC3)C2=O)c1,5.6020599913279625,2500.0,0,0,0,0,1,1
N=C(N)c1ccc(NC(=O)c2cc(Br)ccc2O)cc1,4.823908740944319,15000.0,0,0,0,0,1,1
Cc1cc(C(=O)Nc2ccc(-c3ccccc3S(N)(=O)=O)cc2)n(-c2ccc3onc(N)c3c2)n1,8.853871964321762,1.4,1,1,0,1,1,1
N=C(N)c1cccc(N2CCCCN(C3CCN(Cc4ccccc4)CC3)C2=O)c1,6.991399828238082,102.0,1,1,0,1,1,1
COC(=O)CC1(C(=O)Nc2ccc(-c3ccccc3S(N)(=O)=O)cc2)CC(c2cccc(C(=N)N)c2)=NO1,8.200659450546418,6.3,0,0,0,0,1,1
Cc1ccc(NS(=O)(=O)Cc2cccc(C(F)(F)F)c2)c(=O)n1CC(=O)NC1CCc2nc(N)sc2C1,4.091514981121351,81000.0,0,0,0,0,0,0
Cc1ccc(NS(=O)(=O)Cc2ccccc2)c(=O)n1CC(=O)NC1CCc2nc(N)sc2C1,4.036212172654444,92000.0,0,0,0,0,1,1
Cc1ccc(CS(=O)(=O)Nc2ccc(C)n(CC(=O)NC3CCc4nc(N)sc4C3)c2=O)cc1,4.096910013008056,80000.0,0,0,0,0,0,0
Cn1cc(CC(=O)Nc2ccc(-c3ccccc3S(N)(=O)=O)cn2)c2cc(C(=N)N)ccc21,7.050609993355087,89.0,0,0,0,0,1,1
N=C(N)c1ccc2[nH]cc(CC(=O)Nc3ccc(-c4ccccc4S(N)(=O)=O)cc3Cl)c2c1,9.154901959985745,0.7,0,0,0,0,0,0
N=C(N)c1ccc2ncn(CC(=O)c3ccc(-c4ccccc4)cc3)c2c1,6.920818753952375,120.0,0,0,0,0,1,1
N=C(N)c1ccc2[nH]cc(CC(=O)Nc3ccc(-c4ccccc4S(N)(=O)=O)cc3F)c2c1,8.508638306165727,3.1,1,1,0,0,1,0
CNS(=O)(=O)c1ccccc1-c1ccc(NC(=O)Cc2c[nH]c3ccc(C(=N)N)cc23)cc1,8.468521082957745,3.4,0,0,0,0,0,0
Cc1cc(-c2ccccc2S(N)(=O)=O)ccc1NC(=O)Cc1c[nH]c2ccc(C(=N)N)cc12,8.638272163982407,2.3,0,0,0,0,0,0
N=C(N)c1ccc2[nH]c(-c3cc(Cl)cc(-c4cccc(N)c4)c3O)nc2c1,9.30102999566398,0.5,1,1,0,0,1,1
CCOC(=O)C(CCc1ccc(C(=N)N)cc1)Cn1cnc2cc(C(=N)N)ccc21,5.657577319177793,2200.0,1,1,0,0,1,1
CCOC(=O)C(CCc1ccc(C(=N)N)cc1)Cn1cnc2ccc(C(=N)N)cc21,4.924453038607469,11900.0,1,1,0,0,1,1
N=C(N)c1ccc2c(c1)ncn2CC(=O)c1ccc(-c2ccccc2)cc1,5.568636235841013,2700.0,0,0,0,0,1,1
CCOC(=O)C(CCc1cccc(C(=N)N)c1)Cn1cnc2cc(C(=N)N)ccc21,6.853871964321762,140.0,1,1,0,0,1,1
N=C(N)c1ccc2ncn(CC(=O)Nc3ccc(-c4ccccc4)cc3)c2c1,6.657577319177793,220.0,0,0,0,0,1,1
N=C(N)c1ccc2ncn(CC(=O)Nc3ccc(-c4ccccc4S(N)(=O)=O)cc3)c2c1,8.619788758288394,2.4,1,1,0,0,1,1
N=C(N)c1ccc2[nH]cc(CC(=O)Nc3ccc(-c4ccccc4S(N)(=O)=O)cc3I)c2c1,9.221848749616356,0.6,1,1,0,0,0,0
CCCNS(=O)(=O)c1ccccc1-c1ccc(NC(=O)Cc2c[nH]c3ccc(C(=N)N)cc23)cc1,8.096910013008056,8.0,0,0,0,0,0,0
CN(C(=O)Cc1c[nH]c2ccc(C(=N)N)cc12)c1ccc(-c2ccccc2S(N)(=O)=O)cc1,7.387216143280264,41.0,0,0,0,0,0,0
N=C(N)c1ccc2[nH]cc(CC(=O)Nc3ccc(-c4ccccc4S(N)(=O)=O)cc3Br)c2c1,9.494850021680094,0.32,0,0,0,0,1,0
N=C(N)c1ccc2cnn(CC(=O)Nc3ccc(-c4ccccc4S(N)(=O)=O)cn3)c2c1,8.508638306165727,3.1,1,1,0,0,1,1
CCOC(=O)CC1(C(=O)Nc2ccc(C(=N)N)cc2)CC(c2cccc(C(=N)N)c2)=NO1,7.026872146400302,94.0,0,0,0,0,0,0
N=C(N)c1ccc2[nH]cc(CC(=O)Nc3ccc(-c4ccccc4S(N)(=O)=O)cc3)c2c1,8.576754126063191,2.6500000000000004,1,1,0,0,1,1
CN(C)S(=O)(=O)c1ccccc1-c1ccc(NC(=O)Cc2c[nH]c3ccc(C(=N)N)cc23)cc1,8.154901959985743,7.0,0,0,0,0,0,0
Cc1ccc(NS(=O)(=O)Cc2ccc(F)cc2Cl)c(=O)n1CC(=O)NC1CCc2nc(N)sc2C1,4.161150909262744,69000.0,0,0,0,0,0,0
CCOC(=O)C(CCc1cccc(C(=N)N)c1)Cn1cnc2ccc(C(=N)N)cc21,6.154901959985743,700.0,1,1,0,0,1,1
CCNS(=O)(=O)c1ccccc1-c1ccc(NC(=O)Cc2c[nH]c3ccc(C(=N)N)cc23)cc1,8.387216143280265,4.1,0,0,0,0,0,0
N=C(N)c1ccc2[nH]cc(CC(=O)Nc3ccc(-c4ccccc4S(N)(=O)=O)cn3)c2c1,9.167491087293763,0.68,1,1,0,0,1,1
N=C(N)c1ccc2ncn(CC(=O)c3ccc(-c4ccccc4S(N)(=O)=O)cc3)c2c1,6.619788758288394,240.0,1,1,0,0,1,0
N=C(N)c1ccc2c(c1)ncn2CC(=O)Nc1ccc(-c2ccccc2)cc1,5.4089353929735005,3900.0,0,0,0,0,1,1
Cc1ccc(NS(=O)(=O)Cc2ccc(F)cc2Cl)c(=O)n1CC(=O)NCC1CCc2n[nH]cc2C1,4.1249387366083,75000.0,0,0,0,0,0,0
N=C(N)c1ccc2c(c1)ncn2CC(=O)Nc1ccc(-c2ccccc2S(N)(=O)=O)cc1,6.3979400086720375,400.0,0,0,0,0,1,1
N=C(N)c1cccc(CN2CC[C@H](NS(=O)(=O)c3cc4cccnc4s3)C2=O)c1,7.055517327849832,88.0,1,1,0,0,1,1
COc1ccc2ccc(S(=O)(=O)N[C@H]3CCN(Cc4cccc(C(=N)N)c4)C3=O)cc2n1,6.318758762624412,480.0,1,1,0,1,1,1
N=C(N)c1cccc(CN2CC[C@H](NS(=O)(=O)c3ccc4nc(Cl)ccc4c3)C2=O)c1,6.958607314841775,110.0,1,1,0,0,1,1
N=C(N)c1cccc(CN2CC[C@H](NS(=O)(=O)c3ccc4ccc(N)nc4c3)C2=O)c1,6.619788758288394,240.0,1,1,0,0,1,1
CN1CCN=C1c1cccc(Oc2cc(C(=O)O)cc(Oc3cc(C(=N)N)ccc3O)n2)c1,8.619788758288394,2.4,1,1,0,0,1,1
N=C(N)c1cccc(CN2CC[C@H](NS(=O)(=O)c3cc4c(Cl)nccc4s3)C2=O)c1,7.4089353929735005,39.0,1,1,0,0,1,1
N=C(N)c1ccc(O)c(CN2CC[C@H](NS(=O)(=O)c3cc4ccncc4s3)C2=O)c1,8.698970004336019,2.0,1,1,0,0,0,0
COc1ccc(C(=N)N2CCC(Oc3ccc(C(Oc4ccc5c(c4)CN(C(=N)N)CC5)C(=O)O)cc3)CC2)cc1,7.585026652029182,26.0,0,0,0,0,1,0
N=C(N)NCCC[C@@H](CCl)NC(=O)[C@@H]1CCN2CC[C@@](N)(Cc3ccccc3)CN12,6.414539270491499,385.0,0,0,0,0,0,0
CNC(=O)c1cccc(Oc2nc(Oc3cccc(C(=N)N)c3)c(F)c(C)c2F)c1,5.920818753952375,1200.0,0,0,0,0,1,1
N=C(N)c1cccc(Oc2nc(Oc3cccc(C(=N)N)c3)c(F)cc2F)c1,7.619788758288394,24.0,0,0,0,0,0,0
CCOC(=O)CN1CCC(Oc2c(F)c(Oc3cccc(C4=NCCN4C)c3)nc(Oc3cc(C(=N)N)ccc3O)c2F)CC1,9.508638306165729,0.31,0,0,0,0,0,0
Cc1c(S(=O)(=O)N[C@H]2CCN(Cc3cccc(C(=N)N)c3)C2=O)sc2ccc(Cl)cc12,7.443697499232712,36.0,0,0,0,0,1,1
CN1CCN=C1c1cccc(Oc2nc(Oc3cc(C(=N)N)ccc3O)c(F)c(O[C@H]3CN[C@H](C(=O)O)C3)c2F)c1,9.481486060122112,0.33,0,0,0,0,0,0
N=C(N)c1cccc(CN2CC[C@H](NS(=O)(=O)c3ccc4cnccc4c3)C2=O)c1,6.42021640338319,380.0,1,1,0,1,1,1
N=C(N)c1cccc(CN2CC[C@H](NS(=O)(=O)c3ccc4ccc(Cl)nc4c3)C2=O)c1,6.142667503568732,720.0,1,1,0,1,1,1
CCOC(=O)[C@@H]1C[C@@H](Oc2c(F)c(Oc3cccc(C(=O)N(C)C)c3)nc(Oc3cc(C(=N)N)ccc3O)c2F)CN1,9.148741651280924,0.71,0,0,0,0,0,0
N=C(N)c1cccc(CN2CC[C@H](NS(=O)(=O)c3ccc4ccnc(N)c4c3)C2=O)c1,6.309803919971486,490.0,1,1,0,0,1,1
N=C(N)c1ccc(O)c(CN2CC[C@H](NS(=O)(=O)c3cc4nc(Cl)ccc4s3)C2=O)c1,8.823908740944319,1.5,1,1,0,0,1,1
N=C(N)c1cccc(CN2CC[C@H](NS(=O)(=O)c3ccc4nc(N)ccc4c3)C2=O)c1,6.795880017344075,160.0,1,1,0,0,1,1
Cc1c(F)c(Oc2cccc(C(=N)N)c2)nc(Oc2cccc(N(C)C)c2)c1F,6.795880017344075,160.0,1,1,0,1,1,1
N=C(N)c1cccc(CN2CC[C@H](NS(=O)(=O)c3ccc4ncccc4c3)C2=O)c1,6.698970004336019,200.0,1,1,0,1,1,1
NC(N)=NCCC[C@@H](CCl)NC(=O)[C@@H]1CCCN1C(=O)[C@H](N)Cc1ccccc1,6.782516055786093,165.0,0,0,0,0,0,0
N=C(N)c1ccc(O)c(Oc2cc(C(=O)O)cc(Oc3cccc(C4=NCCN4)c3)n2)c1,7.070581074285707,85.0,0,0,0,0,1,1
CCOC(=O)CN(C)c1c(F)c(Oc2cccc(C3=NCCN3C)c2)nc(Oc2cc(C(=N)N)ccc2O)c1F,9.585026652029182,0.26,0,0,0,0,0,0
CCOC(=O)[C@@H]1C[C@@H](Oc2c(F)c(Oc3cccc(C4=NCCN4C)c3)nc(Oc3cc(C(=N)N)ccc3O)c2F)CN1,9.366531544420411,0.43,0,0,0,0,0,0
N=C(N)c1cccc(CN2CC[C@H](NS(=O)(=O)c3ccc4ccncc4c3)C2=O)c1,6.292429823902063,510.0,1,1,0,1,1,1
N=C(N)c1cccc(CN2CC[C@H](NS(=O)(=O)c3cc4ccc(Cl)nc4s3)C2=O)c1,6.920818753952375,120.0,1,1,0,0,1,1
CN(C)C(=O)c1cccc(Oc2nc(Oc3cc(C(=N)N)ccc3O)c(F)c(OC3CCN(CC(=O)O)CC3)c2F)c1,9.187086643357144,0.65,0,0,0,0,0,0
COc1ccc2sc(S(=O)(=O)N[C@H]3CCN(Cc4cc(C(=N)N)ccc4N)C3=O)cc2n1,8.301029995663981,5.0,1,1,0,0,0,0
COc1ccc(C(=N)N)cc1Oc1nc(Oc2cccc(C(=O)N(C)C)c2)c(F)c(C)c1F,6.142667503568732,720.0,0,0,0,0,1,1
N=C(N)c1cccc(CN2CC[C@H](NS(=O)(=O)c3cc4ncccc4s3)C2=O)c1,7.585026652029182,26.0,1,1,0,1,1,1
N=C(N)c1ccc(O)c(CN2CC[C@H](NS(=O)(=O)c3cc4cnccc4s3)C2=O)c1,8.522878745280337,3.0,1,1,0,0,0,0
N=C(N)c1ccc(O)c(Oc2cc(C(=O)O)cc(Oc3cccc(-n4ccnc4)c3)n2)c1,7.585026652029182,26.0,0,0,0,0,1,1
N=C(N)c1ccc(O)c(CN2CC[C@H](NS(=O)(=O)c3cc4c(Cl)nccc4s3)C2=O)c1,8.698970004336019,2.0,1,1,0,0,1,1
N=C(N)c1ccc(Oc2cccc(Oc3cccc(C(=N)N)c3)n2)cc1,6.886056647693163,130.0,0,0,0,0,0,0
CN1CCN=C1c1cccc(Oc2nc(Oc3cc(C(=N)N)ccc3O)c(F)c(OC3CCN(CC(=O)O)CC3)c2F)c1,9.619788758288394,0.24,0,0,0,0,0,0
N=C(N)c1cccc(CN2CC[C@H](NS(=O)(=O)c3ccc4ccc(N)cc4c3)C2=O)c1,6.920818753952375,120.0,1,1,0,0,1,1
N=C(N)c1cccc(Oc2cccc(Oc3cccc(C(=N)N)c3)n2)c1,7.275724130399211,53.0,0,0,0,0,0,0
N=C(N)c1ccc(Oc2nc(Oc3ccc(C(=N)N)cc3)c(Cl)cc2Cl)cc1,6.2076083105017466,620.0,0,0,0,0,0,0
N=C(N)c1cccc(Oc2nc(Oc3cccc(C(=N)N)c3)c(Cl)cc2Cl)c1,6.886056647693163,130.0,0,0,0,0,0,0
CN(C)C(=O)c1cccc(Oc2cc(C(=O)O)cc(Oc3cc(C(=N)N)ccc3O)n2)c1,8.455931955649724,3.5,1,1,0,0,1,1
N=C(N)c1cccc(CN2CC[C@H](NS(=O)(=O)c3ccc4cccnc4c3)C2=O)c1,6.376750709602099,420.0,1,1,0,1,1,1
N=C(N)c1cccc(Oc2cc(C(=O)O)cc(Oc3cccc(C(=N)N)c3)n2)c1,7.229147988357855,59.0,1,1,0,0,0,0
Cc1c(F)c(Oc2cccc(CN(C)C)c2)nc(Oc2cccc(C(=N)N)c2)c1F,6.1938200260161125,640.0,1,1,0,0,1,1
Cn1ccnc1-c1cccc(Oc2cc(C(=O)O)cc(Oc3cc(C(=N)N)ccc3O)n2)c1,8.045757490560675,9.0,0,0,0,0,1,1
N=C(N)c1ccc(N)c(CN2CC[C@H](NS(=O)(=O)c3cc4nc(Cl)ccc4s3)C2=O)c1,8.522878745280337,3.0,1,1,0,0,1,1
N=C(N)c1ccc(Oc2cccc(Oc3ccc(C(=N)N)cc3)n2)cc1,6.3979400086720375,400.0,0,0,0,0,0,0
Cc1c(F)c(Oc2cccc(C(=N)N)c2)nc(Oc2cccc(C(=N)N)c2)c1F,7.886056647693163,13.0,1,1,1,1,1,1
Cc1c(F)c(Oc2cccc(C(=O)N(C)C)c2)nc(Oc2cc(C(=N)N)ccc2N)c1F,7.853871964321762,14.0,0,0,0,0,1,1
N=C(N)c1cccc(CN2CC[C@H](NS(=O)(=O)c3ccc4c(N)nccc4c3)C2=O)c1,7.045757490560675,90.0,1,1,0,0,1,1
N=C(N)c1cccc(CN2CC[C@H](NS(=O)(=O)c3cc4nc(Cl)ccc4s3)C2=O)c1,7.508638306165727,31.0,1,1,0,1,1,1
Cc1c(F)c(Oc2cccc(C(=O)N(C)C)c2)nc(Oc2cc(C(=N)N)ccc2O)c1F,8.744727494896694,1.8,1,1,0,0,1,1
N=C(N)c1ccc(O)c(CN2CC[C@H](NS(=O)(=O)c3cc4ccnc(Cl)c4s3)C2=O)c1,8.301029995663981,5.0,1,1,0,0,0,0
Cc1c(F)c(Oc2cccc(C(=N)N)c2)nc(Oc2cccc(C(N)=O)c2)c1F,6.552841968657781,280.0,1,1,0,1,1,1
CC(=N)N1CCC(Oc2ccc(NC/C=C/c3cccc(C(=N)N)c3)cc2C(F)(F)F)CC1,9.05551732784983,0.88,0,0,0,0,0,0
CCOC(=O)CCC(=O)N(C/C=C/c1cccc(C(=N)N)c1)c1ccc(OC2CCN(C(C)=N)CC2)c(C(F)(F)F)c1,9.259637310505756,0.55,0,0,0,0,0,0
CC(=N)N1CCC(Oc2ccc(NC/C(C)=C/c3cccc(C(=N)N)c3)cc2[N+](=O)[O-])CC1,10.154901959985745,0.07,0,0,0,0,0,0
CC(=N)N1CCC(Oc2ccc(NCc3ccc4ccc(C(=N)N)cc4c3)cc2[N+](=O)[O-])CC1,10.096910013008056,0.08,0,0,0,0,0,0
CC(=N)N1CCC(Oc2ccc(NCc3cccc(-c4cccc(C(=N)N)c4)c3)cc2[N+](=O)[O-])CC1,9.769551078621726,0.17,0,0,0,0,0,0
CC(=N)N1CCC(Oc2ccc(NC/C=C/c3cccc(C(=N)N)c3)cc2)CC1,8.1249387366083,7.5,0,0,0,0,1,0
CC(=N)N1CCC(Oc2ccc(N(C/C=C/c3cccc(C(=N)N)c3)C(=O)c3ccc(C(=O)O)c(C(=O)O)c3)cc2C(F)(F)F)CC1,9.2518119729938,0.56,0,0,0,0,0,0
CN1CCC(Oc2ccc(NC/C=C/c3cc(C(=N)N)ccc3O)cc2C(F)(F)F)CC1,9.236572006437065,0.58,1,1,0,1,1,1
CCOC(=O)c1cc(NC/C=C/c2cccc(C(=N)N)c2)ccc1OC1CCN(C(C)=N)CC1,8.167491087293763,6.8,0,0,0,0,1,1
N=C(N)c1ccc(O)c(/C=C/CN(C(=O)CCC(=O)O)c2ccc(OC3CCN(CC(=O)O)CC3)c(C(F)(F)F)c2)c1,9.468521082957745,0.34,0,0,0,0,0,0
CC(=N)N1CCC(Oc2ccc(N(C/C=C/c3cc(C(=N)N)ccc3O)C(=O)CCC(=O)O)cc2C(F)(F)F)CC1,10.0,0.1,1,1,1,1,1,1
CCOC(=O)CCC(=O)N(C/C=C/c1cc(C(=N)N)ccc1O)c1ccc(OC2CCN(C(C)=N)CC2)c(C(F)(F)F)c1,10.154901959985745,0.07,0,0,0,0,0,0
CC(=O)N1CCC(Oc2ccc(N(C/C=C/c3cc(C(=N)N)ccc3O)C(=O)CCC(=O)O)cc2C(F)(F)F)CC1,8.522878745280337,3.0,1,1,1,1,1,1
CC(=N)N1CCC(Oc2ccc(NC/C=C/c3cc(C(=N)N)ccc3O)cc2C(F)(F)F)CC1,10.0,0.1,1,1,0,1,1,1
CS(=O)(=O)N1CCC(Oc2ccc(NC/C=C/c3cc(C(=N)N)ccc3O)cc2C(F)(F)F)CC1,7.356547323513812,44.0,1,1,0,1,1,1
CC(=N)N1CCC(Oc2ccc(N(C/C=C/c3cccc(C(=N)N)c3)C(=O)CCC(=O)O)cc2C(F)(F)F)CC1,9.55284196865778,0.28,1,1,0,0,0,0
N=C(N)c1ccc(O)c(/C=C/CNc2ccc(OC3CCN(C(N)=O)CC3)c(C(F)(F)F)c2)c1,8.136677139879543,7.3,1,1,0,1,1,1
CC(=N)N1CCC(Oc2ccc(NC/C=C/c3cccc(C(=N)N)c3)cc2[N+](=O)[O-])CC1,9.568636235841012,0.27,0,0,0,0,1,1
CC(=N)N1CCC(Oc2ccc(NC/C=C/c3cccc(C(=N)N)c3)cc2F)CC1,8.387216143280265,4.1,0,0,0,0,1,1
CC(=O)N1CCC(Oc2ccc(NC/C=C/c3cc(C(=N)N)ccc3O)cc2C(F)(F)F)CC1,7.732828271596986,18.5,1,1,0,1,1,1
CN1CCC(Oc2ccc(N(C/C=C/c3cc(C(=N)N)ccc3O)C(=O)CCC(=O)O)cc2C(F)(F)F)CC1,9.55284196865778,0.28,1,1,0,1,1,1
CN(CC(=O)N[C@@H](CCCCN)B(O)O)C(=O)c1ccccc1S(=O)(=O)c1ccccc1,5.236572006437063,5800.0,0,0,0,0,1,1
COC(=O)[C@H](Cc1cccc(C(=N)N)c1)[C@@H](C)NC(=O)c1ccc(-c2ccccc2)cc1,8.275724130399212,5.3,1,1,1,1,1,1
CN(CC(=O)N[C@@H](CCCCN)B(O)O)C(=O)c1ccccc1Sc1ccccc1C#N,8.958607314841775,1.1,1,1,0,0,1,1
CN(CC(=O)N[C@@H](CCCCN)C(=O)C(=O)Nc1ccc(Oc2cccnc2)cc1)C(=O)c1ccccc1Sc1ccccc1C#N,7.221848749616356,60.0,0,0,0,0,1,0
COC(=O)[C@H](Cc1cccc(C(=N)N)c1)[C@@H](CC(C)C)NC(=O)c1ccc(-c2cccc(CN)c2)cc1,9.397940008672036,0.4,0,0,0,0,1,1
CN(CC(=O)N[C@@H](CCCCN)C(=O)C(=O)Nc1cccc(N)c1)C(=O)c1ccccc1Sc1ccccc1C#N,6.920818753952375,120.0,0,0,0,0,1,1
C[C@H](NC(=O)CNC(=O)Nc1ccc(C(=N)N)cc1)c1ccc2ccccc2c1,5.205511953340831,6230.0,0,0,0,0,0,0
Cc1cc(C(=O)Nc2ccc(-c3ccccc3S(N)(=O)=O)cc2)n(-c2cc3ccccc3cc2F)n1,8.244125144327509,5.7,1,1,0,0,1,1
CN(CC(=O)N[C@@H](CCCCN)C(=O)C(=O)Nc1ccc(Oc2ccc(N)cc2)cc1)C(=O)c1ccccc1Sc1ccccc1C#N,6.920818753952375,120.0,0,0,0,0,1,0
COc1ccc(Oc2ccc(C(C)NC(=O)CNC(=O)Nc3ccc(C(=N)N)cc3)cc2)cc1,4.97061622231479,10700.0,0,0,0,0,0,0
CC[C@@H](NC(=O)c1ccc(-c2cccc(CN)c2)cc1)[C@@H](Cc1cccc(C(=N)N)c1)C(=O)OC,9.154901959985745,0.7,0,0,0,0,1,1
COC(=O)[C@H](Cc1cccc(C(=N)N)c1)[C@@H](C)NC(=O)c1ccc(-c2ccc(C(=O)O)cc2)cc1,7.161150909262744,69.0,1,1,1,1,1,1
CC(NC(=O)CNC(=O)Nc1ccc(C(=N)N)cc1)c1ccc(NC(=O)c2ccccc2)cc1,5.337242168318426,4600.0,0,0,0,0,0,0
CN(CC(=O)N[C@@H](CCCCN)B(O)O)C(=O)c1ccccc1Sc1ccccc1,7.769551078621726,17.0,1,1,0,0,1,1
COC(=O)[C@H](Cc1cccc(C(=N)N)c1)[C@@H](CCc1ccccc1)NC(=O)c1ccc(-c2ccccc2)cc1,7.67778070526608,21.0,0,0,0,0,0,0
COC(=O)[C@H](Cc1cccc(C(=N)N)c1)[C@H](NC(=O)c1ccc(-c2cccc(CN)c2)cc1)C(C)C,8.096910013008056,8.0,0,0,0,0,1,1
CN(CC(=O)N[C@@H](CCCCN)B(O)O)C(=O)c1ccccc1Cc1ccccc1,7.0,100.0,1,1,0,0,1,1
COC(=O)[C@H](Cc1cccc(C(=N)N)c1)[C@@H](C)NC(=O)c1ccc(-c2cccc(CN(C)C)c2)cc1,9.0,1.0,1,1,0,0,1,1
CN(CC(=O)N[C@@H](CCCCN)C(=O)C(=O)Nc1ccc(Oc2cccc(N)c2)cc1)C(=O)c1ccccc1Sc1ccccc1C#N,6.920818753952375,120.0,0,0,0,0,1,0
COC(=O)[C@H](Cc1cccc(C(=N)N)c1)[C@@H](CC1CCCCC1)NC(=O)c1ccc(-c2cccc(CN)c2)cc1,8.397940008672037,4.0,0,0,0,0,0,0
CN(CC(=O)N[C@@H](CCCCN)C(=O)C(=O)NCCN1CCOCC1)C(=O)c1ccccc1Sc1ccccc1C#N,6.698970004336019,200.0,0,0,0,0,1,1
COC(=O)[C@H](Cc1cccc(C(=N)N)c1)[C@@H](Cc1ccccc1)NC(=O)c1ccc(-c2ccccc2)cc1,7.958607314841775,11.0,0,0,0,0,0,0
CN(CC(=O)N[C@@H](CCCCN)C(=O)C(=O)NCc1ccccn1)C(=O)c1ccccc1Sc1ccccc1C#N,6.443697499232712,360.0,0,0,0,0,1,1
COC(=O)[C@@H](CNC(=O)c1ccc(-c2ccccc2)cc1)Cc1cccc(C(=N)N)c1,7.698970004336019,20.0,0,0,0,0,1,0
COC(=O)[C@H](Cc1cccc(C(=N)N)c1)[C@@H](/C=C/c1ccccc1)NC(=O)c1ccc(-c2ccccc2)cc1,8.0268721464003,9.4,0,0,0,0,0,0
CNC(=O)C(=O)[C@H](CCCCN)NC(=O)CN(C)C(=O)c1ccccc1Sc1ccccc1C#N,6.958607314841775,110.0,0,0,0,0,1,1
COC(=O)[C@H](Cc1cccc(C(=N)N)c1)[C@@H](C)NC(=O)c1ccc(-c2ccc(C(N)=O)cc2)cc1,8.698970004336019,2.0,1,1,0,1,1,1
CNc1ccc(C#CC[C@H](NS(=O)(=O)c2ccc3ccccc3c2)C(=O)N(C)C2CCCC2)cc1,5.060480747381382,8700.0,0,0,0,0,0,0
COC(=O)[C@H](Cc1cccc(C(=N)N)c1)[C@@H](C)NC(=O)c1ccc(-c2cccc(C(N)=O)c2)cc1,9.30102999566398,0.5,1,1,0,1,1,1
CN(CC(=O)N[C@@H](CCCCN)C(=O)C(=O)Nc1ccccc1)C(=O)c1ccccc1Sc1ccccc1C#N,7.267606240177032,54.0,0,0,0,0,1,1
CC(=N)N(C)Cc1ccc(C(=O)Nc2ccc(Cl)cc2C(=O)Nc2ccc(Cl)cn2)cc1,9.221848749616356,0.6,0,0,0,0,1,1
N=C(N)c1cccc(CN2CCN(S(=O)(=O)c3cc4ccc(Cl)cc4s3)CC2=O)c1,7.958607314841775,11.0,0,0,0,0,1,1
CN1CCN=C1N(C)Cc1ccc(C(=O)Nc2ccc(Cl)cc2C(=O)Nc2ccc(Cl)cn2)cc1,9.522878745280336,0.3,1,1,0,1,1,0
CN(C)Cc1ccc(C(=O)Nc2ccc(Cl)cc2C(=O)Nc2ccc(Cl)cn2)cc1,8.886056647693163,1.3,1,1,0,0,1,1
CC(=N)N1CCC(Oc2ccc(C(=O)NCCOc3cccc(C(=N)N)c3)cc2)CC1,6.769551078621726,170.0,0,0,0,0,1,0
CN(C)NCc1ccc(C(=O)Nc2ccc(Cl)cc2C(=O)Nc2ccc(Cl)cn2)cc1,9.522878745280336,0.3,0,0,0,0,1,0
CN(Cc1ccc(C(=O)Nc2ccc(Cl)cc2C(=O)Nc2ccc(Cl)cn2)cc1)C(=N)N,10.0,0.1,0,0,0,0,1,1
N=C(N)c1ccc(CCC(=O)O)c(OCCNC(=O)C2CCN(c3ccncc3)CC2)c1,7.366531544420414,43.0,0,0,0,0,0,0
C[N+](C)(C)Cc1ccc(C(=O)Nc2ccc(Cl)cc2C(=O)Nc2ccc(Cl)cn2)cc1,9.0,1.0,0,0,0,0,1,1
N=C(N)c1cccc(OCCNC(=O)c2ccc(C(=O)N3CCCC3)cc2)c1,7.698970004336019,20.0,1,1,0,1,1,1
CC(=N)N1CCC(Oc2ccc(C(=O)NCCOc3cc(C(=N)N)ccc3CCC(=O)O)cc2)CC1,6.481486060122113,330.0,1,1,0,0,1,1
CC(=N)N1CCC(Oc2ccc(C(=O)NCCOc3cc(C(=N)N)ccc3CC(=O)C(=O)O)cc2)CC1,7.698970004336019,20.0,1,1,0,0,1,1
N=C(N)c1ccc(CC(=O)C(=O)O)c(OCCNC(=O)c2ccc(C(=O)N3CCCC3)cc2)c1,8.522878745280337,3.0,0,0,0,0,0,0
C/N=C(/N)N(C)Cc1ccc(C(=O)Nc2ccc(Cl)cc2C(=O)Nc2ccc(Cl)cn2)cc1,9.69897000433602,0.2,0,0,0,0,1,0
N=C(N)c1ccc(C(=O)NCCOc2cc(C(=N)N)ccc2CC(=O)C(=O)O)cc1,7.585026652029182,26.0,0,0,0,0,0,0
N=C(N)c1cccc(OCCNC(=O)c2ccccc2)c1,5.552841968657781,2800.0,1,1,0,1,1,1
N=C1OCCN1Cc1ccc(C(=O)Nc2ccc(Cl)cc2C(=O)Nc2ccc(Cl)cn2)cc1,8.823908740944319,1.5,0,0,0,0,1,1
N=C(N)c1ccc(CC(=O)C(=O)O)c(OCCNC(=O)C2CCN(c3ccncc3)CC2)c1,7.67778070526608,21.0,0,0,0,0,1,0
CC(=N)N1CCC(Oc2ccc(C(=O)N[C@@H](COc3cc(C(=N)N)ccc3CC(=O)C(=O)O)CC(=O)O)cc2)CC1,7.958607314841775,11.0,0,0,0,0,0,0
N=C(N)c1ccc(CC(=O)C(=O)O)c(OC[C@@H](CC(=O)O)NC(=O)C2CCN(c3ccncc3)CC2)c1,7.744727494896693,18.0,0,0,0,0,0,0
N=C(N)c1ccc(C(=O)NCCOc2cccc(C(=N)N)c2)cc1,6.657577319177793,220.0,1,1,0,1,1,1
O=C1CN(S(=O)(=O)c2cc3ccc(Cl)cc3s2)CCN1Cc1cc2cnccc2n1CCO,8.522878745280337,3.0,1,1,0,0,1,1
N=C(N)c1cccc(OCCNC(=O)C2CCN(c3ccncc3)CC2)c1,6.537602002101044,290.0,0,0,0,0,1,1
N=C1NCCN1Cc1ccc(C(=O)Nc2ccc(Cl)cc2C(=O)Nc2ccc(Cl)cn2)cc1,9.30102999566398,0.5,0,0,0,0,1,1
O=C1CN(S(=O)(=O)/C=C/c2ccc(Cl)s2)CCN1Cc1cc2c[nH]ccc-2n1,8.958607314841775,1.1,1,1,0,1,1,1
CN(C)C(=O)COc1ccc2c3ccccc3n(Cc3ccc4ccc(C(=N)N)cc4c3)c2c1,8.301029995663981,5.0,0,0,0,0,0,0
Cc1c(F)c(Oc2cccc(C(=N)N)c2)nc(Oc2cccc(C(=O)N(C)C)c2O)c1F,5.346787486224656,4500.0,1,1,0,0,1,1
N=C(N)c1cccc(Cn2c(C(=O)NCCNc3cccc4ccccc34)cc3c(O)cccc32)c1,6.497572880015567,318.0,1,1,0,0,1,1
N=C(N)c1cccc(Cn2c(C(=O)NCc3cc(F)cc(F)c3)cc3c(O)cccc32)c1,6.718966632752273,191.0,1,1,0,1,1,1
COc1cccc2c1cc(C(=O)NCc1ccc(C(=N)N)cc1)n2Cc1cccc(C(=N)N)c1,6.882728704344236,131.0,1,1,0,0,1,1
Cc1cccc2c1cc(C(=O)NCc1cccc3ccccc13)n2Cc1cccc(C(=N)N)c1,7.017728766960431,96.0,0,0,0,0,1,1
N=C(N)c1cccc(Cn2c(C(=O)NCCc3ccc(Br)cc3)cc3c(O)cccc32)c1,5.788345599446817,1628.0,1,1,0,0,1,1
Cc1cc(C)cc(CNC(=O)c2cc3c(C)cccc3n2Cc2cccc(C(=N)N)c2)c1,8.045757490560675,9.0,1,1,0,1,1,1
N=C(N)c1cccc(Cn2c(C(=O)NCc3ccc(Cl)cc3)cc3ccccc32)c1,5.443697499232712,3600.0,1,1,0,0,1,1
COC(=O)c1cc2cc(F)ccc2n1Cc1cccc(C(=N)N)c1,4.886056647693163,13000.0,1,1,0,0,0,0
Cc1cc(C)cc(CNC(=O)c2cc3c(O)cccc3n2Cc2cccc(C(=N)N)c2)c1,7.958607314841775,11.0,1,1,0,1,1,1
COC(=O)c1cccc(CNC(=O)c2cc3c(O)cccc3n2Cc2cccc(C(=N)N)c2)c1,5.689731633367552,2043.0,1,1,0,0,1,1
CCOC(=O)c1cc2ccc(OC3CCN(C(C)=N)CC3)cc2n1Cc1ccc2ccc(C(=N)N)cc2c1,9.221848749616356,0.6,0,0,0,0,1,1
Cc1nccn1-c1cccc(Oc2cc(C(=O)O)cc(Oc3cc(C(=N)N)ccc3O)n2)c1,8.096910013008056,8.0,0,0,0,0,1,1
COC(=O)c1c(C)c2ccccc2n1Cc1cccc(C(=N)N)c1,5.055517327849832,8800.0,0,0,0,0,0,0
N=C(N)c1cccc(COC(=O)c2cc3ccccc3n2Cc2cccc(C(=N)N)c2)c1,7.552841968657781,28.0,1,1,0,1,1,1
Cc1c(F)c(Oc2cccc(C(=N)N)c2)nc(Oc2cccc(C(=O)N(C)Cc3ccccc3)c2)c1F,5.619788758288394,2400.0,0,0,0,0,1,1
CCN(CC)c1cccc(Oc2nc(Oc3cccc(C(=N)N)c3)c(F)c(C)c2F)c1,6.3979400086720375,400.0,1,1,0,0,1,1
Cc1c(F)c(Oc2cccc(C(=N)N)c2)nc(Oc2ccc(Cl)c(N(C)C)c2)c1F,6.301029995663981,500.0,0,0,0,0,1,1
N=C(N)c1cccc(Cn2c(C(=O)NCc3ccccn3)cc3c(O)cccc32)c1,5.477947199131178,3327.0,1,1,0,1,1,1
Cc1cccc2c1cc(C(=O)OCc1cccc(C(=N)N)c1)n2Cc1cccc(C(=N)N)c1,7.356547323513812,44.0,1,1,0,1,1,1
Cc1c(F)c(Oc2cccc(C(=N)N)c2)nc(Oc2cccc(N3CCCCC3)c2)c1F,6.187086643357144,650.0,0,0,0,0,1,1
Cc1c(F)c(Oc2cccc(OC(F)(F)F)c2)nc(Oc2cccc(C(=N)N)c2)c1F,5.7447274948966935,1800.0,0,0,0,0,1,1
Cc1cn(-c2cccc(Oc3cc(C(=O)O)cc(Oc4cc(C(=N)N)ccc4O)n3)c2)cn1,7.886056647693163,13.0,0,0,0,0,1,1
N=C(N)c1cccc(CNC(=O)c2c(Br)c3ccccc3n2Cc2cccc(C(=N)N)c2)c1,7.585026652029182,26.0,0,0,0,0,0,0
Cc1cccc2c1cc(C(=O)NCc1cccc(-c3ccccc3)c1)n2Cc1cccc(C(=N)N)c1,6.488116639021126,325.0,0,0,0,0,1,1
CN1CCC([C@@H](NC(=O)c2cc3ccccc3n2Cc2cccc(C(=N)N)c2)c2ccc3cc(Cl)ccc3c2)CC1,6.214670164989233,610.0,0,0,0,0,1,0
CC(=N)N1CCC(Oc2ccc3cc(C(=O)NC(CC(=O)O)C(=O)O)n(Cc4ccc5ccc(C(=N)N)cc5c4)c3c2)CC1,7.698970004336019,20.0,0,0,0,0,1,1
Cc1c(F)c(Oc2cccc(C(=N)N)c2)nc(Oc2cccc(C(=O)N3CCCC3)c2)c1F,6.657577319177793,220.0,1,1,0,0,1,1
Cc1cccc2c1cc(C(=O)NCc1cc(Cl)cc(Cl)c1)n2Cc1cccc(C(=N)N)c1,7.602059991327962,25.0,0,0,0,0,1,1
Cc1cccc2c1cc(C(=O)NCc1ccc(O)cc1)n2Cc1cccc(C(=N)N)c1,5.793713955587568,1608.0,1,1,0,1,1,1
N=C(N)c1cccc(COC(=O)c2cc3cc(OCc4ccccc4)ccc3n2Cc2cccc(C(=N)N)c2)c1,7.214670164989233,61.0,0,0,0,0,0,0
N=C(N)c1cccc(Cn2c(C(=O)NCc3cccc(C(=O)O)c3)cc3c(O)cccc32)c1,5.0,10000.0,1,1,1,1,1,1
Cc1c(F)c(Oc2cccc(N)c2)nc(Oc2cccc(C(=N)N)c2)c1F,5.481486060122113,3300.0,1,1,0,0,1,1
N=C(N)c1cccc(Cn2c(C(=O)NCc3cc(Cl)cc(Cl)c3)c(Br)c3ccccc32)c1,7.070581074285707,85.0,0,0,0,0,0,0
COc1cccc2c1cc(C(=O)NCCc1ccc(O)cc1)n2Cc1cccc(C(=N)N)c1,6.013228265733755,970.0,0,0,0,0,0,0
N=C(N)c1cccc(Cn2c(C(=O)NCc3cccc(Br)c3)cc3c(O)cccc32)c1,6.931814138253839,117.0,1,1,0,1,1,1
N=C(N)c1cccc(Cn2c(C(=O)NCc3cccc(C(F)(F)F)c3)cc3c(O)cccc32)c1,6.3223930472795065,476.0,1,1,0,0,1,1
Cc1c(F)c(Oc2cccc(C(=N)N)c2)nc(Oc2ccc(O)c(C(=O)N(C)C)c2)c1F,5.698970004336019,2000.0,1,1,0,0,1,1
N=C(N)c1cccc(Cn2c(C(=O)NCc3cc(Cl)cc(Cl)c3Cl)cc3c(O)cccc32)c1,7.00436480540245,99.0,1,1,0,0,1,1
N=C(N)c1cccc(Cn2c(C(=O)NCc3cccc(F)c3)cc3c(O)cccc32)c1,6.142667503568732,720.0,1,1,0,1,1,1
Cc1c(F)c(Oc2cccc(CCC(=O)N(C)C)c2)nc(Oc2cccc(C(=N)N)c2)c1F,5.886056647693163,1300.0,0,0,0,0,1,1
N=C(N)c1cccc(Cn2c(C(=O)NCCc3ccc(Cl)cc3)cc3c(O)cccc32)c1,5.80799040734633,1556.0,1,1,0,0,1,1
N=C(N)c1ccc(CNC(=O)c2cc3c(O)cccc3n2Cc2cccc(C(=N)N)c2)cc1,6.681936665037238,208.0,1,1,1,1,1,1
N=C(N)c1cccc(CNC(=O)c2cc3cc(N)ccc3n2Cc2cccc(C(=N)N)c2)c1,7.292429823902063,51.0,0,0,0,0,0,0
N=C(N)c1ccc(Oc2ccc3c4ccccc4n(Cc4ccc5ccc(C(=N)N)cc5c4)c3c2)cc1,8.221848749616356,6.0,0,0,0,0,0,0
Cc1c(F)c(Oc2cccc(CC(=O)C(C)C)c2)nc(Oc2cccc(C(=N)N)c2)c1F,5.6777807052660805,2100.0,0,0,0,0,1,1
COc1cc(Oc2nc(Oc3cccc(C(=N)N)c3)c(F)c(C)c2F)cc(C(=O)N(C)C)c1,6.853871964321762,140.0,1,1,1,1,1,1
Cc1cc(C)cc(CNC(=O)c2c(Br)c3ccccc3n2Cc2cccc(C(=N)N)c2)c1,7.886056647693163,13.0,0,0,0,0,0,0
CSC(=O)c1cc2c(O)cccc2n1Cc1cccc(C(=N)N)c1,5.5249101966109935,2986.0,0,0,0,0,1,1
Cc1c(Oc2nc(Oc3cccc(C(=N)N)c3)c(F)c(C)c2F)cccc1N(C)C,6.494850021680094,320.0,0,0,0,0,1,1
Cc1cn(C)c(-c2cccc(Oc3cc(C(=O)O)cc(Oc4cc(C(=N)N)ccc4O)n3)c2)n1,8.075720713938118,8.4,0,0,0,0,1,1
COc1ccc(CNC(=O)c2cc3c(O)cccc3n2Cc2cccc(C(=N)N)c2)cc1,5.866461091629782,1360.0,1,1,0,0,1,1
C[N+](C)(C)c1ccc(CNC(=O)c2cn(Cc3cccc(C(=N)N)c3)c3ccccc23)cc1,5.739928612014925,1820.0,0,0,0,0,0,0
CC(=N)N1CCC(Oc2ccc3cc(C(=O)O)n(Cc4ccc5ccc(C(=N)N)cc5c4)c3c2)CC1,8.337242168318426,4.6,1,1,0,1,1,1
CCOC(=O)Cc1cccc(Oc2nc(Oc3cccc(C(=N)N)c3)c(F)c(C)c2F)c1,6.091514981121351,810.0,0,0,0,0,1,1
Cc1c(F)c(Oc2cccc(N(C)C)c2)nc(Oc2cc(C(=N)N)ccc2O)c1F,8.522878745280337,3.0,1,1,0,1,1,1
N=C(N)c1cccc(Cn2c(C(=O)NCc3ccccc3Cl)cc3c(O)cccc32)c1,5.920818753952375,1200.0,1,1,0,0,1,1
N=C(N)c1cccc(Cn2c(C(=O)O)cc3cc(O)ccc32)c1,5.0,10000.0,0,0,0,0,1,1
N=C(N)c1cccc(Cn2c(C(=O)NCc3cccc(NC(N)=O)c3)cc3c(O)cccc32)c1,6.7447274948966935,180.0,1,1,0,0,1,1
Cc1cc(CNC(=O)c2cc3c(O)cccc3n2Cc2cccc(C(=N)N)c2)cc(C(F)(F)F)c1,7.886056647693163,13.0,0,0,0,0,1,1
N=C(N)c1ccc(CNc2ccc3ccn(Cc4ccc(C(=N)N)cc4)c3c2)cc1,5.978810700930062,1050.0,0,0,0,0,0,0
N=C(N)c1ccc(CNc2ccc3ccn(-c4ccc(C(=N)N)cc4)c3c2)cc1,6.075720713938118,840.0,0,0,0,0,1,1
CCOC(=O)c1cccc(Oc2nc(Oc3cccc(C(=N)N)c3)c(F)c(C)c2F)c1,5.2839966563652006,5200.0,1,1,0,0,1,1
CCN(CC)C(=O)c1cccc(Oc2nc(Oc3cccc(C(=N)N)c3)c(F)c(C)c2F)c1,6.161150909262744,690.0,0,0,0,0,1,1
N=C(N)c1cccc(Cn2c(C(=O)NCc3ccc4ccccc4c3)cc3c(O)cccc32)c1,5.764471553092451,1720.0,1,1,0,0,1,1
N=C(N)c1cccc(Cn2c(C(=O)NCc3ccccc3)cc3c(O)cccc32)c1,5.692076296388119,2032.0,1,1,1,1,1,1
N=C(N)c1cccc(Cn2c(C(=O)NCc3ccc4ccc5cccc6ccc3c4c56)cc3c(O)cccc32)c1,5.685290307044826,2064.0,0,0,0,0,1,0
COc1cccc(CNC(=O)c2cc3c(O)cccc3n2Cc2cccc(C(=N)N)c2)c1,6.511449283499556,308.0,1,1,0,0,1,1
COc1ccc(C(=N)N)cc1Oc1nc(Oc2cccc(N(C)C)c2)c(F)c(C)c1F,5.853871964321762,1400.0,0,0,0,0,1,1
N=C(N)c1cccc(Cn2c(C(=O)Nc3cc(Cl)cc(Cl)c3)cc3c(O)cccc32)c1,6.09799710864927,798.0,1,1,0,0,1,1
COc1cc(CNC(=O)c2cc3c(O)cccc3n2Cc2cccc(C(=N)N)c2)cc(OC)c1,6.714442690992226,193.0,1,1,0,0,1,1
Cc1cccc2c1cc(C(=O)NCc1nccc3ccccc13)n2Cc1cccc(C(=N)N)c1,7.823908740944319,15.0,1,1,0,1,1,1
COC(=O)c1c(C(=O)OC)n(Cc2cccc(C(=N)N)c2)c2ccccc12,5.1249387366083,7500.0,0,0,0,0,0,0
Cc1c(F)c(Oc2cccc(C(=N)N)c2)nc(Oc2cccc(C(=O)N3CCOCC3)c2)c1F,5.853871964321762,1400.0,1,1,0,0,1,1
COc1c(O)cc(C(=N)N)cc1Oc1nc(Oc2cccc(C(=O)N(C)C)c2)c(F)c(C)c1F,6.795880017344075,160.0,0,0,0,0,1,1
Cc1cccc2c1c(Br)c(C(=O)NCc1cccc(C(=N)N)c1)n2Cc1cccc(C(=N)N)c1,7.301029995663981,50.0,0,0,0,0,0,0
N=C(N)c1cccc(Cn2c(C(=O)NCc3cccc4ccccc34)c(Cl)c3ccccc32)c1,6.517126416391246,304.0,0,0,0,0,1,1
N=C(N)c1cccc(Cn2c(C(=O)NCc3cccc(Cl)c3)cc3c(O)cccc32)c1,6.581698708680254,262.0,1,1,0,1,1,1
Cc1ccc(NS(=O)(=O)Cc2ccccc2)c(=O)n1CC(=O)NC1CCc2sc(N)nc2C1,4.036212172654444,92000.0,0,0,0,0,1,1
N=C(N)c1ccc(-n2c3ccccc3c3ccc(OCc4ccc5ccc(C(=N)N)cc5c4)cc32)cc1,7.221848749616356,60.0,0,0,0,0,0,0
CC(=O)Cc1cccc(Oc2nc(Oc3cccc(C(=N)N)c3)c(F)c(C)c2F)c1,5.853871964321762,1400.0,0,0,0,0,1,1
Cc1c(F)c(Oc2cccc(N(C)C)c2)nc(Oc2cc(C(=N)N)ccc2N)c1F,7.1938200260161125,64.0,1,1,0,1,1,1
N=C(N)c1cccc(Oc2cc(C(=O)O)cc(Oc3cc(C(=N)N)ccc3O)n2)c1,8.221848749616356,6.0,0,0,0,0,1,1
COc1ccc2c(cc(C(=O)NCc3ccncc3)n2Cc2cccc(C(=N)N)c2)c1OC,5.274905478918531,5310.0,0,0,0,0,0,0
N=C(N)c1cccc(Cn2c(C(N)=O)cc3c(O)cccc32)c1,5.145086977692144,7160.0,0,0,0,0,1,1
N=C(N)c1cccc(Cn2c(C(=O)NCc3nccc4ccccc34)cc3c(O)cccc32)c1,7.698970004336019,20.0,1,1,0,1,1,1
N=C(N)c1cccc(Cn2c(C(=O)NC(c3ccccc3)c3ccncc3)cc3ccccc32)c1,5.153044674980176,7030.0,0,0,0,0,1,1
N=C(N)c1ccc(C(=O)N2CCc3c(n(Cc4cccc(C(=N)N)c4)c4ccccc34)C2)cc1,6.045757490560675,900.0,0,0,0,0,0,0
N=C(N)c1cccc(CNC(=O)c2cc3cc(OCc4ccccc4)ccc3n2Cc2cccc(C(=N)N)c2)c1,6.876148359032914,133.0,0,0,0,0,0,0
N=C(N)c1ccc(-n2ccc3ccc(NC(=O)c4cccc(C(=N)N)c4)cc32)cc1,6.795880017344075,160.0,0,0,0,0,0,0
N=C(N)c1ccc(-n2ccc3ccc(NCc4ccc5ccc(C(=N)N)cc5c4)cc32)cc1,7.522878745280337,30.0,0,0,0,0,1,1
Cc1c(F)c(Oc2cccc(C(=N)N)c2)nc(Oc2cc(C(=O)N(C)C)cc(C(=O)N(C)C)c2)c1F,6.795880017344075,160.0,1,1,0,1,1,0
COc1cc(C(=N)N)cc(Oc2nc(Oc3cccc(C(=O)N(C)C)c3)c(F)c(C)c2F)c1OC,6.7447274948966935,180.0,0,0,0,0,1,1
COc1cc(Oc2nc(Oc3cccc(C(=O)N(C)C)c3)c(F)c(C)c2F)cc(C(=N)N)c1,5.568636235841013,2700.0,1,1,1,1,1,1
Cc1cccc(CNC(=O)c2cc3c(O)cccc3n2Cc2cccc(C(=N)N)c2)c1,6.882728704344236,131.0,1,1,0,1,1,1
CC(=N)N1CCC(Oc2ccc3c4ccccc4n(Cc4ccc5ccc(C(=N)N)cc5c4)c3c2)CC1,8.795880017344075,1.6,0,0,0,0,0,0
Cc1c(F)c(Oc2cccc(CC(=O)N(C)C)c2)nc(Oc2cccc(C(=N)N)c2)c1F,6.337242168318426,460.0,0,0,0,0,1,1
Cc1c(F)c(Oc2cccc(C(=N)N)c2)nc(Oc2cccc(C(F)(F)F)c2)c1F,5.795880017344075,1600.0,1,1,0,0,1,1
N=C(N)c1cccc(Cn2c(C(=O)NCc3cccc4ccccc34)cc3c(O)cccc32)c1,7.167491087293763,68.0,1,1,0,0,1,1
N=C(N)c1cccc(Cn2c(C(=O)NNS(=O)(=O)c3ccccc3)cc3c(O)cccc32)c1,5.151810883008602,7050.0,0,0,0,0,1,1
CCOC(=O)c1cc2c(C)cccc2n1Cc1cccc(C(=N)N)c1,6.023191662661934,948.0,1,1,0,0,1,1
N=C(N)c1cccc(Cn2c(C(=O)NCc3cccc(I)c3)cc3c(O)cccc32)c1,7.376750709602099,42.0,1,1,0,1,1,1
Cc1ccc(NS(=O)(=O)Cc2ccccc2)c(=O)n1CC(=O)NCC1CCc2nn(C)cc2C1,4.022276394711152,95000.0,0,0,0,0,1,1
Cc1c(F)c(Oc2cccc(CC(N)=O)c2)nc(Oc2cccc(C(=N)N)c2)c1F,6.552841968657781,280.0,1,1,0,1,1,1
Cc1c(F)c(Oc2cccc(C(=N)N)c2)nc(Oc2cccc([N+](=O)[O-])c2)c1F,5.6020599913279625,2500.0,1,1,0,1,1,1
Cc1c(F)c(Oc2cccc(Cl)c2)nc(Oc2cccc(C(=N)N)c2)c1F,5.769551078621726,1700.0,1,1,0,0,1,1
N=C(N)c1cccc(Cn2c(C(=O)NCCc3ccc(Cl)c(Cl)c3)cc3c(O)cccc32)c1,6.037157318798758,918.0,1,1,0,0,1,1
N=C(N)c1cccc(Cn2c(C(=O)NCCc3ccc(Cl)cc3Cl)cc3c(O)cccc32)c1,6.075720713938118,840.0,0,0,0,0,1,1
N=C(N)c1cccc(Cn2c(C(=O)NCc3ccnc4ccccc34)cc3c(O)cccc32)c1,6.522878745280337,300.0,1,1,0,1,1,1
Cc1cccc2c1cc(C(=O)NCc1ccnc3ccccc13)n2Cc1cccc(C(=N)N)c1,6.761953896871205,173.0,1,1,0,1,1,1
N=C(N)c1cccc(Cn2c(C(=O)NCc3cc(F)cc(C(F)(F)F)c3)cc3c(O)cccc32)c1,7.4089353929735005,39.0,1,1,0,0,1,1
N=C(N)c1cccc(Oc2ccc3c4ccccc4n(Cc4ccc5ccc(C(=N)N)cc5c4)c3c2)c1,9.045757490560677,0.9,0,0,0,0,0,0
Cc1c(F)c(Oc2cccc(O)c2)nc(Oc2cccc(C(=N)N)c2)c1F,5.301029995663981,5000.0,0,0,0,0,1,1
N=C(N)c1cccc(Cn2c(C(=O)NCc3cc(C(F)(F)F)cc(C(F)(F)F)c3)cc3c(O)cccc32)c1,7.00436480540245,99.0,0,0,0,0,1,0
Cc1cccc2c1cc(C(=O)NCc1cccc([N+](=O)[O-])c1)n2Cc1cccc(C(=N)N)c1,5.0,10000.0,1,1,0,1,1,1
Cc1c(F)c(Oc2cccc(F)c2)nc(Oc2cccc(C(=N)N)c2)c1F,5.494850021680094,3200.0,1,1,1,1,1,1
Cc1c(F)c(Oc2cccc(CO)c2)nc(Oc2cccc(C(=N)N)c2)c1F,5.886056647693163,1300.0,1,1,0,0,1,1
COc1ccc(CNC(=O)c2cc3c(O)cccc3n2Cc2cccc(C(=N)N)c2)cc1OC,4.760700520873107,17350.0,1,1,0,0,1,1
CCNc1cccc(Oc2nc(Oc3cccc(C(=N)N)c3)c(F)c(C)c2F)c1,6.275724130399211,530.0,1,1,0,0,1,1
N=C(N)c1cccc(Cn2c(C(=O)NCC(=O)Nc3ccc4ccccc4c3)cc3c(O)cccc32)c1,5.622693748931801,2384.0,0,0,0,0,1,1
Cc1cccc2c1cc(C(=O)NCc1cccc(C(=N)N)c1)n2Cc1cccc(C(=N)N)c1,8.154901959985743,7.0,1,1,0,1,1,1
N=C(N)c1cccc(CNc2ccc3ccn(-c4cccc(C(=N)N)c4)c3c2)c1,6.721246399047171,190.0,0,0,0,0,0,0
Cc1c(F)c(Oc2cccc(NS(C)(=O)=O)c2)nc(Oc2cccc(C(=N)N)c2)c1F,5.419759491734624,3804.0,0,0,0,0,1,1
CC(=O)Nc1cccc(Oc2nc(Oc3cccc(C(=N)N)c3)c(F)c(C)c2F)c1,5.236572006437063,5800.0,1,1,0,1,1,1
COc1cccc(Oc2nc(Oc3cccc(C(=N)N)c3)c(F)c(C)c2F)c1,5.8696662315049934,1350.0,0,0,0,0,1,1
Cc1c(F)c(Oc2cccc(C(=O)N(C)C)c2)nc(Oc2cc(C(=N)N)cc(O)c2O)c1F,7.638272163982407,23.0,1,1,0,0,1,1
Cc1cccc2c1cc(C(N)=O)n2Cc1cccc(C(=N)N)c1,5.101823516502323,7910.0,0,0,0,0,1,1
N=C(N)c1cccc(CNC(=O)c2cc3ccccc3n2Cc2cccc(C(=N)N)c2)c1,7.647817481888637,22.5,1,1,1,1,1,1
COc1ccc(Oc2nc(Oc3cccc(C(=N)N)c3)c(F)c(C)c2F)cc1C(=O)N(C)C,5.853871964321762,1400.0,0,0,0,0,1,1
N=C(N)c1cccc(Cn2c(C(=O)NCc3ccc(Cl)c(Cl)c3)cc3c(O)cccc32)c1,6.075204004202088,841.0,1,1,0,0,1,1
N=C(N)c1ccc(CNC(=O)c2cn(Cc3cccc(C(=N)N)c3)c3ccccc23)cc1,5.951558196449596,1118.0,0,0,0,0,0,0
CC(=N)N1CCC(Oc2ccc3cc(C(=O)N(C)C)n(Cc4ccc5ccc(C(=N)N)cc5c4)c3c2)CC1,8.455931955649724,3.5,1,1,0,0,1,1
N=C(N)c1cccc(CNC(=O)c2cc3c(O)cccc3n2Cc2cccc(C(=N)N)c2)c1,8.045757490560675,9.0,1,1,1,1,1,1
Cc1ccc(NS(=O)(=O)Cc2ccccc2)c(=O)n1CC(=O)NCC1CCc2nc(N)ncc2C1,4.058985756294431,87300.0,0,0,0,0,1,1
N=C(N)c1ccc(-n2ccc3ccc(NCc4cccc(C(=N)N)c4)cc32)cc1,6.468521082957745,340.0,0,0,0,0,1,1
COc1c(Oc2nc(Oc3cccc(C(=N)N)c3)c(F)c(C)c2F)cccc1C(=O)N(C)C,5.619788758288394,2400.0,0,0,0,0,1,1
N=C(N)c1cccc(Cn2c(C(=O)NCc3ccccc3)cc3ccccc32)c1,5.161780778092374,6890.0,1,1,1,1,1,1
CCOC(=O)c1cc2ccccc2n1Cc1cccc(C(=N)N)c1,5.376750709602099,4200.0,1,1,0,0,1,1
C[N+]1(C)CCC(C(NC(=O)c2cc3ccccc3n2Cc2cccc(C(=N)N)c2)c2ccc3cc(Cl)ccc3c2)CC1,5.882728704344236,1310.0,0,0,0,0,1,0
CN(C)c1ccc(CNC(=O)c2cn(Cc3cccc(C(=N)N)c3)c3ccccc23)cc1,5.6595558851598815,2190.0,0,0,0,0,0,0
N=C(N)c1cccc(CNC(=O)c2cn(Cc3cccc(C(=N)N)c3)c3ccccc23)c1,5.910094888560602,1230.0,0,0,0,0,0,0
N=C(N)c1cccc(Cn2c(C(=O)NCCc3cccc(Cl)c3)cc3c(O)cccc32)c1,6.150580586203101,707.0,1,1,0,0,1,1
COc1cccc2c1cc(C(=O)NC(c1ccccc1)c1ccncc1)n2Cc1cccc(C(=N)N)c1,5.168130225719498,6790.0,0,0,0,0,1,1
N=C(N)c1cccc(Cn2c(C(=O)NCc3cccc(C(N)=O)c3)cc3ccccc32)c1,6.619788758288394,240.0,1,1,1,1,1,1
N=C(N)c1ccc2ccc(Cn3c4ccccc4c4ccc(OC5CCNCC5)cc43)cc2c1,8.397940008672037,4.0,0,0,0,0,0,0
Cc1c(F)c(Oc2cccc(C(=N)N)c2)nc(Oc2cccc(C(=O)N3CCCCC3)c2)c1F,6.086186147616283,820.0,1,1,0,0,1,1
N=C(N)c1ccc(CNC(=O)c2cc3ccccc3n2Cc2cccc(C(=N)N)c2)cc1,6.585026652029182,260.0,1,1,1,1,1,1
N=C(N)c1ccc(CNC(=O)c2cc3cc(N)ccc3n2Cc2cccc(C(=N)N)c2)cc1,7.050609993355087,89.0,0,0,0,0,0,0
N=C(N)c1cccc(Cn2c(C(=O)NCC3CCCCC3)cc3c(O)cccc32)c1,5.953895212753961,1112.0,1,1,0,1,1,1
N=C(N)c1cccc(Cn2c(C(N)=O)cc3ccccc32)c1,5.247951552180561,5650.0,0,0,0,0,1,1
CCOC(=O)c1cc2ccccc2n1Cc1ccc(C(=N)N)cc1,4.259637310505756,55000.0,1,1,0,0,1,1
Cc1ccc(NS(=O)(=O)Cc2ccccc2)c(=O)n1CC(=O)NC1CCc2nn(C)cc2C1,4.044793462458058,90200.0,0,0,0,0,1,1
Cc1c(F)c(Oc2cccc(OC(C)C)c2)nc(Oc2cccc(C(=N)N)c2)c1F,6.2076083105017466,620.0,1,1,0,0,1,1
Cc1cccc2c1cc(C(=O)NCC1CCN(C(=N)N)CC1)n2Cc1cccc(C(=N)N)c1,7.602059991327962,25.0,1,1,0,1,1,1
N=C(N)c1cccc(CNC(=O)c2cc3cc(O)ccc3n2Cc2cccc(C(=N)N)c2)c1,7.113509274827518,77.0,0,0,0,0,1,1
Cc1ccc(NS(=O)(=O)Cc2ccccc2)c(=O)n1CC(=O)NC1CCc2n[nH]cc2C1,4.00436480540245,99000.0,0,0,0,0,1,1
COC(=O)c1cc2ccc(OC3CCN(C(C)=N)CC3)cc2n1Cc1ccc2ccc(C(=N)N)cc2c1,9.69897000433602,0.2,1,1,0,0,1,1
Cc1ccc(C(=N)N)cc1Oc1nc(Oc2cccc(N(C)C)c2)c(F)c(C)c1F,5.920818753952375,1200.0,1,1,0,1,1,1
CN1CC(C)(C)N=C1c1cccc(Oc2cc(C(=O)O)cc(Oc3cc(C(=N)N)ccc3O)n2)c1,6.091514981121351,810.0,1,1,0,0,1,1
N=C(N)c1cccc(CNC(=O)c2c(Cl)c3ccccc3n2Cc2cccc(C(=N)N)c2)c1,8.045757490560675,9.0,0,0,0,0,1,1
Cc1cccc2c1cc(C(=O)NCC1CCC(C(=N)N)CC1)n2Cc1cccc(C(=N)N)c1,7.346787486224656,45.0,1,1,0,1,1,1
COc1cccc2c1cc(C(=O)NCc1ccc(O)cc1)n2Cc1cccc(C(=N)N)c1,6.73754891026957,183.0,0,0,0,0,1,1
N=C(N)c1cccc(Cn2c(C(=O)NCC34C[C@H]5C[C@@H](C3)C[C@@H](C4)C5)cc3c(O)cccc32)c1,6.562249437179612,274.0,0,0,0,0,1,1
COc1cccc(CCOc2cc(C(=O)NCC3CCN(c4ccncc4)CC3)ccc2F)c1,5.4752145506787775,3348.0,1,1,0,0,1,1
O=CNc1ccc(C(=O)NCC2CCN(c3ccncc3)CC2)cc1OCCc1ccc(Cl)cc1Cl,7.1249387366083,75.0,1,1,0,0,1,1
Cc1ccc(NC(=O)c2cc(C)ccc2NC(=O)c2sc3ccccc3c2Cl)cc1,8.148741651280925,7.1,1,1,1,1,1,1
O=C(NCC1CCN(c2ccncc2)CC1)c1ccc(Cl)c(OCCc2ccc(Br)cc2)c1,7.443697499232712,36.0,1,1,0,1,1,1
Nc1noc2ccc(-n3nnnc3C(=O)Nc3ccc(-c4ccccc4S(N)(=O)=O)cc3)cc12,9.008773924307503,0.98,0,0,0,0,1,1
Cc1ccc(NC(=O)c2sc3ccccc3c2O)c(C(=O)Nc2ccc(Cl)cc2)c1,5.356547323513812,4400.0,1,1,0,1,1,1
Nc1ccc(CCOc2cc(C(=O)NCC3CCN(c4ccncc4)CC3)ccc2Cl)cc1,6.376750709602099,420.0,1,1,0,1,1,1
NC(=O)Nc1ccc(C(=O)NCC2CCN(c3ccncc3)CC2)cc1OCCc1ccc(Cl)cc1Cl,5.753747687700678,1763.0,1,1,0,0,1,1
N=C(N)c1cccc(-n2nnnc2C(=O)Nc2ccc(-c3ccccc3S(N)(=O)=O)cc2)c1,10.431798275933003,0.037,1,1,0,0,1,1
O=C(Nc1ccc(Cl)cc1)c1cc(Cl)cc(O)c1NC(=O)c1sc2ccccc2c1Cl,8.431798275933005,3.7,1,1,0,0,0,0
COc1cc(C(=O)NCC2CCN(c3ccncc3)CC2)cc(OCCc2ccc(Cl)cc2Cl)c1Cl,8.0,10.0,1,1,0,0,0,0
NCc1cccc(-n2nnnc2C(=O)Nc2ccc(-c3ccccc3S(N)(=O)=O)cc2)c1,7.886056647693163,13.0,1,1,0,0,1,1
Cc1ccc(NC(=O)c2sc3ccccc3c2Cl)c(C(=O)Nc2ccc(Cl)cn2)c1,8.638272163982407,2.3,1,1,0,1,1,1
Cc1ccc(C(=O)Nc2ccc(Cl)cc2)c(NC(=O)c2sc3ccccc3c2Cl)c1,8.142667503568731,7.2,0,0,0,0,1,1
O=C(NCC1CCN(c2ccncc2)CC1)c1ccc(F)c(OCCc2ccc(Br)cc2)c1,7.1487416512809245,71.0,1,1,0,1,1,1
O=C(NCC1CCN(c2ccncc2)CC1)c1cc(OCCc2ccc(Cl)cc2Cl)c2c(c1)OCO2,7.4089353929735005,39.0,0,0,0,0,0,0
CCOC(=O)COc1cccc(C(=O)Nc2ccc(Cl)cc2)c1NC(=O)c1sc2ccccc2c1Cl,7.657577319177793,22.0,0,0,0,0,0,0
O=C(Nc1ccc(Cl)cc1)c1ccc(F)cc1NC(=O)c1sc2ccccc2c1Cl,7.823908740944319,15.0,1,1,0,0,0,0
Cc1cccc(C(=O)Nc2ccc(Cl)cc2)c1NC(=O)c1sc2ccccc2c1Cl,7.236572006437063,58.0,1,1,0,0,0,0
Cc1ccc(NC(=O)c2ccc3ccccc3c2)c(C(=O)Nc2ccc(Cl)cc2)c1,7.107905397309519,78.0,1,1,0,0,1,1
COc1ccc(C(=O)NCC2CCN(c3ccncn3)CC2)cc1OCCc1ccc(Cl)cc1Cl,6.958607314841775,110.0,1,1,0,1,1,1
O=C(NCC1CCN(c2ccncc2)CC1)c1ccc(Cl)c(OCCc2ccc(Cl)cc2)c1,7.886056647693163,13.0,1,1,0,1,1,1
COc1cc(C(=O)NCC2CCN(c3ccncc3)CC2)cc(OCCc2ccc(Cl)cc2Cl)c1OC,7.301029995663981,50.0,0,0,0,0,1,1
COc1ccc(C(=O)NCC2CCN(c3ccnc(C)c3)CC2)cc1OCCc1ccc(Cl)cc1Cl,7.244125144327507,57.0,1,1,0,1,1,1
O=C(NCC1CCN(c2ccncc2)CC1)c1ccc(F)c(OCCc2ccc(Cl)cc2)c1,7.397940008672037,40.0,1,1,0,1,1,1
Cc1ccc(NC(=O)c2sc3ccccc3c2Cl)c(C(=O)Nc2ccc(F)cc2)c1,7.958607314841775,11.0,1,1,0,1,1,1
Cc1ccc(NC(=O)c2sc3ccccc3c2Cl)c(C(=O)Nc2ccc(C#N)cc2)c1,6.823908740944319,150.0,1,1,0,0,1,1
O=C(NCC1CCN(c2ccncc2)CC1)c1ccc(F)c(OCCc2ccc(Cl)cc2Cl)c1,7.301029995663981,50.0,1,1,0,0,1,1
CC(C)(C)OC(=O)Nc1ccc(CCOc2cc(C(=O)NCC3CCN(c4ccncc4)CC3)ccc2Cl)cc1,5.343805937820815,4531.0,0,0,0,0,1,1
Cc1ccc(CCOc2cc(C(=O)NCC3CCN(c4ccncc4)CC3)ccc2F)cc1,6.686132779630847,206.0,1,1,0,1,1,1
O=C(Nc1ccc(Cl)cc1)c1cc(Cl)ccc1NC(=O)c1sc2ccccc2c1Cl,9.221848749616356,0.6,1,1,0,1,1,1
CC(C)Oc1ccc(C(=O)NCC2CCN(c3ccncc3)CC2)cc1OCCc1ccc(Cl)cc1Cl,6.632644078973981,233.0,1,1,0,0,1,1
COc1ccc(NC(=O)c2cc(C)ccc2NC(=O)c2sc3ccccc3c2Cl)cc1,7.795880017344075,16.0,1,1,0,1,1,1
O=C(NCC1CCN(c2ccncc2)CC1)c1ccc(Br)c(OCCc2ccc(Cl)cc2Cl)c1,7.119186407719209,76.0,0,0,0,0,1,1
O=C(NCC1CCN(c2ccncc2)CC1)c1ccc(I)c(OCCc2ccc(Cl)cc2Cl)c1,6.806875401645538,156.0,1,1,0,0,1,1
NC(=O)c1cc(OCCc2ccc(Cl)cc2Cl)cc(C(=O)NCC2CCN(c3ccncc3)CC2)c1,7.292429823902063,51.0,0,0,0,0,0,0
O=C(Nc1ccc(Cl)cc1)c1cccc(O)c1NC(=O)c1sc2ccccc2c1Cl,7.744727494896693,18.0,0,0,0,0,0,0
O=C(NCC1CCN(c2ccncc2)CC1)c1ccc(F)c(OCCc2cccc(Cl)c2)c1,6.147520006363144,712.0,1,1,0,0,1,1
CCOc1ccc(C(=O)NCC2CCN(c3ccncc3)CC2)cc1OCCc1ccc(Cl)cc1Cl,7.214670164989233,61.0,1,1,0,0,1,1
CCOc1cc(C(=O)NCC2CCN(c3ccncc3)CC2)cc(OCCc2ccc(Cl)cc2Cl)c1Br,7.0655015487564325,86.0,0,0,0,0,0,0
COc1ccc(-n2nnnc2C(=O)Nc2ccc(-c3ccccc3S(N)(=O)=O)cc2)cc1,8.096910013008056,8.0,0,0,0,0,1,1
O=C(Nc1ccc(Cl)cc1)c1ccc(Cl)cc1NC(=O)c1sc2ccccc2c1Cl,7.585026652029182,26.0,1,1,0,0,0,0
Cc1ccc(NC(=O)c2sccc2Cl)c(C(=O)Nc2ccc(Cl)cc2)c1,6.886056647693163,130.0,1,1,0,1,1,1
O=C(NCC1CCN(c2ccncc2)CC1)c1ccc(Cl)c(OCCc2ccc(Cl)cn2)c1,7.698970004336019,20.0,1,1,0,1,1,1
COc1ccc(CCOc2cc(C(=O)NCC3CCN(c4ccncc4)CC3)ccc2Cl)cc1,6.503070351926785,314.0,1,1,0,1,1,1
Nc1cc(-n2nnnc2C(=O)Nc2ccc(-c3ccccc3S(N)(=O)=O)cc2F)ccc1Cl,8.920818753952375,1.2,0,0,0,0,1,0
Cc1ccc(NC(=O)c2sc3ccccc3c2Cl)c(C(=O)Nc2cccc(Cl)c2)c1,6.585026652029182,260.0,1,1,0,0,1,1
COc1cc(Cl)cc(C(=O)Nc2ccc(Cl)cc2)c1NC(=O)c1sc2ccccc2c1Cl,8.657577319177793,2.2,1,1,0,0,0,0
N#Cc1ccc(CCOc2cc(C(=O)NCC3CCN(c4ccncc4)CC3)ccc2Cl)cc1,5.809108283077831,1552.0,1,1,0,0,1,1
COc1c(Br)cc(C(=O)NCC2CCN(c3ccncc3)CC2)cc1OCCc1ccc(Cl)cc1Cl,5.9775716288145135,1053.0,1,1,0,0,1,1
Cc1ccc(NC(=O)c2sc3ccccc3c2Cl)c(C(=O)Nc2ccccc2)c1,7.721246399047171,19.0,1,1,0,1,1,1
O=C(NCC1CCN(c2ccncc2)CC1)c1ccc(C(F)(F)F)c(OCCc2ccc(Cl)cc2Cl)c1,6.853871964321762,140.0,0,0,0,0,1,1
COc1cc(C(=O)NCC2CCN(c3ccncc3)CC2)cc(OCCc2ccc(Cl)cc2Cl)c1C,7.886056647693163,13.0,1,1,0,0,0,0
Cc1ccc(NC(=O)c2sc3ccccc3c2Cl)c(C(=O)Nc2ccc(Br)cc2)c1,9.337242168318426,0.46,1,1,0,1,1,1
COc1cccc(C(=O)Nc2ccc(Cl)cc2)c1NC(=O)c1sc2ccccc2c1Cl,7.657577319177793,22.0,1,1,0,0,0,0
O=C(Nc1ccc(Cl)cc1)c1ccc(C(F)(F)F)cc1NC(=O)c1sc2ccccc2c1Cl,7.0,100.0,0,0,0,0,1,1
COc1ccc(C(=O)NCC2CCN(c3ccncc3)CC2)cc1OCCc1ccc(Cl)cc1Cl,7.744727494896693,18.0,1,1,0,1,1,1
COc1ccc(C(=O)N2CCN(Cc3ccncc3)CC2)cc1OCCc1ccc(Cl)cc1Cl,6.221848749616356,600.0,1,1,0,0,1,0
O=C(NCC1CCN(c2ccncc2)CC1)c1ccc(F)c(OCCc2ccc(Cl)cn2)c1,7.431798275933005,37.0,1,1,0,1,1,1
Nc1cc(-n2nnnc2C(=O)Nc2ccc(C(=O)N3CCCC3)cc2F)ccc1Cl,8.522878745280337,3.0,0,0,0,0,0,0
COc1ccc(C(=O)NCC2CCN(c3ccnc(Cl)n3)CC2)cc1OCCc1ccc(Cl)cc1Cl,6.578396073130169,264.0,1,1,0,0,1,1
O=C(NCC1CCN(c2ccncc2)CC1)c1ccc(Cl)c(OCCc2cccc(Cl)c2)c1,5.714217726220605,1931.0,1,1,0,0,1,1
COc1cc(OCCc2ccc(Cl)cc2Cl)cc(C(=O)NCC2CCN(c3ccncc3)CC2)c1,6.903089986991944,125.0,0,0,0,0,0,0
Cc1ccc(NC(=O)c2sc3ccccc3c2Cl)c(C(=O)Nc2cccnc2)c1,6.6777807052660805,210.0,1,1,0,1,1,1
COc1ccsc1C(=O)Nc1ccc(C)cc1C(=O)Nc1ccc(Cl)cc1,6.795880017344075,160.0,0,0,0,0,1,1
Cc1ccc(NC(=O)c2sc3ccccc3c2Cl)c(C(=O)Nc2ccc(Cl)cc2)c1,9.494850021680094,0.32,1,1,1,1,1,1
Cc1ccc(NC(=O)c2sc3ccccc3c2Cl)c(C(=O)Nc2ccccn2)c1,7.522878745280337,30.0,1,1,0,1,1,1
COc1c(Br)csc1C(=O)Nc1ccc(C)cc1C(=O)Nc1ccc(Cl)cc1,7.267606240177032,54.0,0,0,0,0,1,1
COc1ccc(CCOc2cc(C(=O)NCC3CCN(c4ccncc4)CC3)ccc2F)cc1,6.512861624522813,307.0,1,1,0,1,1,1
Nc1cc(-n2nnnc2C(=O)Nc2ccc(-c3ccccc3S(N)(=O)=O)cc2Cl)ccc1Cl,8.481486060122112,3.3,0,0,0,0,1,0
Cc1cc(NC(=O)c2sc3ccccc3c2Cl)c(C(=O)Nc2ccc(Cl)cc2)cc1Cl,7.958607314841775,11.0,1,1,0,0,0,0
Cc1ccc(NC(=O)c2sc(C)nc2C)c(C(=O)Nc2ccc(Cl)cc2)c1,6.6777807052660805,210.0,0,0,0,0,1,1
O=C(NCC1CCN(c2ccncc2)CC1)c1ccc(Cl)c(OCCc2ccc(F)cc2)c1,6.991399828238082,102.0,1,1,0,1,1,1
Cc1ccc(NC(=O)c2ccccc2Br)c(C(=O)Nc2ccc(Cl)cc2)c1,6.017728766960431,960.0,0,0,0,0,1,1
Nc1cc(-n2nnnc2C(=O)Nc2ccc(-c3ccccc3S(N)(=O)=O)cn2)ccc1Cl,8.096910013008056,8.0,0,0,0,0,1,1
O=C(Nc1ccc(Cl)cc1)c1cccc(Cl)c1NC(=O)c1sc2ccccc2c1Cl,7.619788758288394,24.0,1,1,0,0,0,0
COc1ccc(C(=O)NCC2CCN(C(C)C)CC2)cc1OCCc1ccc(Cl)cc1Cl,6.187086643357144,650.0,1,1,0,1,1,1
Cc1ccc(NC(=O)c2sc3ccccc3c2Cl)c(C(=O)Nc2ccc(CN)cc2)c1,5.853871964321762,1400.0,1,1,0,1,1,1
Nc1ccc(NC(=O)c2sc3ccccc3c2Cl)c(C(=O)Nc2ccc(Cl)cc2)c1,7.795880017344075,16.0,1,1,0,1,1,1
CN1CCN(c2ccc(NC(=O)c3sc4ccccc4c3Cl)c(C(=O)Nc3ccc(Cl)cc3)c2)CC1,6.327902142064283,470.0,0,0,0,0,1,1
Cc1ccc(NC(=O)c2scc(S(C)(=O)=O)c2Cl)c(C(=O)Nc2ccc(Cl)cc2)c1,7.853871964321762,14.0,0,0,0,0,1,1
O=C(NCC1CCN(c2ccncc2)CC1)c1ccc(F)c(OCCc2ccc(F)cc2)c1,6.692503962086787,203.0,1,1,0,1,1,1
Cc1ccc(C(=O)NCC2CCN(c3ccncc3)CC2)cc1OCCc1ccc(Cl)cc1Cl,7.431798275933005,37.0,1,1,0,0,1,1
COc1ccc(-n2nnnc2C(=O)Nc2ccc(-c3ccccc3S(N)(=O)=O)cc2)cc1N,7.721246399047171,19.0,1,1,0,0,1,1
COc1ccc(C(=O)NCC2CCN(c3ccncc3)CC2)cc1OCCc1ccc(Cl)cn1,7.267606240177032,54.0,1,1,0,0,0,0
Nc1ccc(C(=O)NCC2CCN(c3ccncc3)CC2)cc1OCCc1ccc(Cl)cc1Cl,7.5376020021010435,29.0,1,1,0,0,1,1
CC(=O)Nc1ccc(C(=O)NCC2CCN(c3ccncc3)CC2)cc1OCCc1ccc(Cl)cc1Cl,6.5003129173815966,316.0,1,1,0,0,1,1
CCOc1cc(C(=O)NCC2CCN(c3ccncc3)CC2)cc(OCCc2ccc(Cl)cc2Cl)c1OCC,6.580044251510242,263.0,1,1,0,0,0,0
COc1cc(C(=O)NCC2CCN(c3ccncc3)CC2)cc(OCCc2ccc(Cl)cc2Cl)c1Br,7.698970004336019,20.0,1,1,0,0,1,1
Nc1cc(-n2nnnc2C(=O)Nc2ccc(-c3ccccc3S(N)(=O)=O)cc2)ccc1Cl,8.267606240177031,5.4,0,0,0,0,1,1
Cc1ccc(NC(=O)c2sc3ccccc3c2C)c(C(=O)Nc2ccc(F)cc2)c1,7.602059991327962,25.0,1,1,0,1,1,1
Cc1ccc(NC(=O)c2sccc2Cl)c(C(=O)Nc2ccc(F)cc2)c1,6.4089353929735005,390.0,1,1,0,1,1,1
COc1ccc(C(=O)NCC2CCN(Cc3ccnc(O)c3)CC2)cc1OCCc1ccc(Cl)cc1Cl,6.022276394711152,950.0,1,1,0,0,1,1
N#Cc1ccc(CCOc2cc(C(=O)NCC3CCN(c4ccncc4)CC3)ccc2F)cc1,5.336770365467133,4605.0,1,1,0,1,1,1
Nc1noc2ccc(-n3nnnc3C(=O)Nc3ccc(C(=O)N4CCCC4)cc3F)cc12,8.537602002101044,2.9,0,0,0,0,0,0
Cc1ccc(NC(=O)c2sc3ccccc3c2Cl)c(C(=O)Nc2ccc(C(=O)O)cc2)c1,5.327902142064283,4700.0,1,1,0,1,1,1
COc1c(C(=O)Nc2ccc(C)cc2C(=O)Nc2ccc(Cl)cc2)sc2ccccc12,8.229147988357855,5.9,0,0,0,0,1,1
O=C(NCC1CCN(c2ccncc2)CC1)c1cccc(OCCc2ccc(Cl)cc2Cl)c1,6.97469413473523,106.0,0,0,0,0,1,0
N#Cc1ccc(C(=O)NCC2CCN(c3ccncc3)CC2)cc1OCCc1ccc(Cl)cc1Cl,7.356547323513812,44.0,1,1,0,1,1,1
Nc1noc2ccc(-n3nnnc3C(=O)Nc3ccc(-c4ccccc4S(N)(=O)=O)cc3F)cc12,9.455931955649724,0.35,0,0,0,0,1,0
O=C(Nc1cccc(F)c1C(=O)Nc1ccc(Cl)cc1)c1sc2ccccc2c1Cl,7.585026652029182,26.0,0,0,0,0,0,0
Cc1ccc(CCOc2cc(C(=O)NCC3CCN(c4ccncc4)CC3)ccc2Cl)cc1,6.906578314837765,124.0,1,1,0,1,1,1
CNc1ccc(C(=O)NCC2CCN(c3ccncc3)CC2)cc1OCCc1ccc(Cl)cc1Cl,7.318758762624412,48.0,1,1,0,1,1,1
O=C(Nc1ccc(Cl)cc1)c1cc(F)ccc1NC(=O)c1sc2ccccc2c1Cl,8.301029995663981,5.0,1,1,0,1,1,1
Cc1ccc(NC(=O)c2cc3ccccc3s2)c(C(=O)Nc2ccc(F)cc2)c1,6.229147988357855,590.0,1,1,0,0,1,1
COc1ccc(C(=O)NCC2CCN(c3ccncc3)CC2)cc1OCCc1ccc(Cl)cc1,7.387216143280264,41.0,1,1,0,0,0,0
O=C(NCC1CCN(c2ccncc2)CC1)c1ccc(Cl)c(OCCc2ccc(Cl)cc2Cl)c1,7.387216143280264,41.0,1,1,0,0,1,1
NC(=O)c1ccc(C(=O)NCC2CCN(c3ccncc3)CC2)cc1OCCc1ccc(Cl)cc1Cl,6.230622673923862,588.0,1,1,0,0,1,1
CSc1ccc(C(=O)NCC2CCN(c3ccncc3)CC2)cc1OCCc1ccc(Cl)cc1Cl,7.552841968657781,28.0,1,1,0,1,1,1
CS(=O)(=O)c1ccccc1-c1ccc(NC(=O)c2nnnn2-c2ccc3onc(N)c3c2)c(F)c1,9.4089353929735,0.39,0,0,0,0,1,0
Cc1ccc(NC(=O)c2sc3ccccc3c2Cl)c(C(=O)Nc2ccc(N)cc2)c1,6.552841968657781,280.0,1,1,0,1,1,1
O=C(Nc1ccc(Cl)cc1)c1ccccc1NC(=O)c1sc2ccccc2c1Cl,8.154901959985743,7.0,1,1,0,0,1,1
COc1ccc(C(=O)NCC2CCN(Cc3ccncc3)CC2)cc1OCCc1ccc(Cl)cc1Cl,6.013228265733755,970.0,1,1,0,0,1,1
O=C(Nc1ccc(Cl)cc1)c1cc(O)ccc1NC(=O)c1sc2ccccc2c1Cl,7.136677139879544,73.0,1,1,0,1,1,1
COc1cccc(CCOc2cc(C(=O)NCC3CCN(c4ccncc4)CC3)ccc2Cl)c1,5.603103550857476,2494.0,1,1,0,0,1,1
Nc1ccc(CCOc2cc(C(=O)NCC3CCN(c4ccncc4)CC3)ccc2F)cc1,5.808548985535104,1554.0,1,1,0,1,1,1
Cc1cc(Cl)cc(C(=O)Nc2ccc(Cl)cc2)c1NC(=O)c1sc2ccccc2c1Cl,8.744727494896694,1.8,1,1,0,0,0,0
O=C(Nc1ccc(Cl)cc1)c1cc(Cl)c(F)cc1NC(=O)c1sc2ccccc2c1Cl,8.154901959985743,7.0,1,1,0,0,0,0
O=C(NCc1ccc2[nH]cnc2c1)[C@@H]1CC[C@H]2CN(S(=O)(=O)C(c3ccccc3)c3ccccc3)CC(=O)N21,7.1249387366083,75.0,0,0,0,0,1,1
N=C(N)N1CCC(CNC(=O)[C@@H]2CC[C@H]3CN(S(=O)(=O)CC(c4ccccc4)c4ccccc4)CC(=O)N32)CC1,8.096910013008056,8.0,0,0,0,0,0,0
N=C(N)N1CCC(CNC(=O)[C@@H]2CC[C@H]3CN(C(=O)CCc4ccccc4)CC(=O)N32)CC1,6.7447274948966935,180.0,0,0,0,0,0,0
N/C(=N/O)N1CCC(CNC(=O)[C@@H]2CC[C@H]3CN(S(=O)(=O)CC(c4ccccc4)c4ccccc4)CC(=O)N32)CC1,8.698970004336019,2.0,1,1,0,0,1,1
N[C@H]1CC[C@H](CNC(=O)[C@@H]2CC[C@H]3CN(S(=O)(=O)CC(c4ccccc4)c4ccccc4)CC(=O)N32)CC1,8.301029995663981,5.0,0,0,0,0,0,0
C/C(=C(\F)C(=O)Nc1ccc(-c2ccccc2S(N)(=O)=O)cc1Cl)c1ccc2ccnc(N)c2c1,8.958607314841775,1.1,0,0,0,0,0,0
N=C(N)[C@H]1CC[C@H](CNC(=O)[C@@H]2CC[C@H]3CN(S(=O)(=O)C(c4ccccc4)c4ccccc4)CC(=O)N32)CC1,8.698970004336019,2.0,0,0,0,0,1,1
Cc1nc(N)ccc1CNC(=O)[C@@H]1CC[C@H]2CN(S(=O)(=O)CC(c3ccccc3)c3ccccc3)CC(=O)N21,7.318758762624412,48.0,1,1,0,0,1,1
C/C(=C(\F)C(=O)Nc1ccc(-c2ccccc2S(N)(=O)=O)cc1Br)c1ccc2ccnc(N)c2c1,8.886056647693163,1.3,0,0,0,0,1,0
N=C(N)N1CCC(CNC(=O)[C@@H]2CC[C@H]3CN(C(=O)CC(c4ccccc4)c4ccccc4)CC(=O)N32)CC1,7.096910013008056,80.0,0,0,0,0,0,0
N=C(N)c1ccc2c(c1)CCC2NC(=O)[C@@H]1CC[C@H]2CN(S(=O)(=O)C(c3ccccc3)c3ccccc3)CC(=O)N21,7.1249387366083,75.0,0,0,0,0,1,1
N[C@H]1CC[C@H](CNC(=O)[C@@H]2CC[C@H]3CN(S(=O)(=O)C(c4ccccc4)c4ccccc4)CC(=O)N32)CC1,8.301029995663981,5.0,0,0,0,0,1,1
N/C(=N/O)N1CCC(CNC(=O)[C@@H]2CC[C@H]3CN(S(=O)(=O)C(c4ccccc4)c4ccccc4)CC(=O)N32)CC1,8.698970004336019,2.0,1,1,0,0,1,1
N=C(N)c1ccc(CNC(=O)[C@@H]2CC[C@H]3CN(S(=O)(=O)C(c4ccccc4)c4ccccc4)CC(=O)N32)cc1,9.0,1.0,1,1,0,0,1,1
C/C(=C(\F)C(=O)Nc1ccc(-c2ccccc2S(N)(=O)=O)cc1F)c1ccc2ccnc(N)c2c1,8.795880017344075,1.6,0,0,0,0,1,0
N=C(N)N1CCC(CNC(=O)[C@@H]2CC[C@H]3CN(S(=O)(=O)C(c4ccccc4)c4ccccc4)CC(=O)N32)CC1,8.045757490560675,9.0,0,0,0,0,1,1
Nc1nc(CCNC(=O)[C@@H]2CC[C@H]3CN(S(=O)(=O)C(c4ccccc4)c4ccccc4)CC(=O)N32)c[nH]1,6.8696662315049934,135.0,0,0,0,0,1,1
N/C(=N/O)N1CCC(CNC(=O)[C@@H]2CC[C@H]3CN(C(=O)CC(c4ccccc4)c4ccccc4)CC(=O)N32)CC1,7.602059991327962,25.0,1,1,0,0,0,0
Nc1ccc(CNC(=O)[C@@H]2CC[C@H]3CN(S(=O)(=O)CC(c4ccccc4)c4ccccc4)CC(=O)N32)cn1,7.455931955649724,35.0,1,1,0,0,1,1
Cc1cc(C(=N)N)ccc1CNC(=O)[C@@H]1CC[C@H]2CN(S(=O)(=O)C(c3ccccc3)c3ccccc3)CC(=O)N21,8.698970004336019,2.0,1,1,0,0,1,1
N/C(=N/O)N1CCC(CNC(=O)[C@@H]2CC[C@H]3CN(S(=O)(=O)CCc4ccccc4)CC(=O)N32)CC1,7.853871964321762,14.0,0,0,0,0,0,0
N=C(N)c1ccc(CNC(=O)[C@@H]2CC[C@H]3CN(S(=O)(=O)CC(c4ccccc4)c4ccccc4)CC(=O)N32)cc1,9.0,1.0,1,1,0,0,1,1
Cc1nc(N)ccc1CNC(=O)[C@@H]1CC[C@H]2CN(S(=O)(=O)C(c3ccccc3)c3ccccc3)CC(=O)N21,8.0,10.0,0,0,0,0,1,1
O=C1CN(S(=O)(=O)c2cc3ccccc3s2)CCN1Cc1cc2c[nH]ccc-2n1,6.018181392829336,959.0,1,1,0,0,1,1
O=C(CN1CCN(S(=O)(=O)c2cc3ccc(Cl)cc3s2)CC1=O)Nc1ccncn1,7.013228265733755,97.0,0,0,0,0,1,1
O=C1CN(S(=O)(=O)/C=C/c2ccc(Cl)cc2)CCN1Cc1cc2c[nH]ccc-2n1,7.318758762624412,48.0,1,1,0,1,1,1
O=C1CN(S(=O)(=O)c2cc3ccc(Cl)nc3s2)CCN1Cc1cc2c[nH]ccc-2n1,8.397940008672037,4.0,1,1,0,1,1,1
Cc1ncsc1CCNC(=O)CN1CCN(S(=O)(=O)c2cc3ccc(Cl)cc3s2)CC1=O,6.568636235841013,270.0,1,1,0,1,1,1
Cn1c(CN2CCN(S(=O)(=O)c3cc4ccc(Cl)cc4s3)CC2=O)cc2cnccc21,8.522878745280337,3.0,1,1,0,0,1,1
Nc1cc(CCNC(=O)CN2CCN(S(=O)(=O)c3cc4ccc(Cl)cc4s3)CC2=O)ccn1,6.853871964321762,140.0,0,0,0,0,1,1
O=C(O)Cn1c(CN2CCN(S(=O)(=O)c3cc4ccc(Cl)cc4s3)CC2=O)cc2cnccc21,6.812479279163537,154.0,1,1,0,1,1,1
Cc1[nH]cnc1CCNC(=O)CN1CCN(S(=O)(=O)c2cc3ccc(Cl)cc3s2)CC1=O,6.468521082957745,340.0,1,1,0,1,1,1
O=C1CN(S(=O)(=O)c2ccc(-c3ccc(Cl)s3)s2)CCN1Cc1cc2c[nH]ccc-2n1,7.638272163982407,23.0,1,1,0,1,1,1
O=C1CN(S(=O)(=O)c2cc3ccc(Cl)cc3s2)CCN1Cc1cc2c[n+]([O-])ccc2[nH]1,7.42021640338319,38.0,1,1,0,1,1,1
O=C(CN1CCN(S(=O)(=O)c2cc3ccc(Cl)cc3s2)CC1=O)NCCc1cscn1,6.795880017344075,160.0,0,0,0,0,1,1
O=C(CN1CCN(S(=O)(=O)c2cc3ccc(Cl)cc3s2)CC1=O)NCCc1c[nH]c(S)n1,6.2076083105017466,620.0,1,1,0,0,1,1
O=C1CN(S(=O)(=O)CCc2ccc(Cl)s2)CCN1Cc1cc2c[nH]ccc-2n1,6.892790030352131,128.0,1,1,0,1,1,1
O=C1CN(S(=O)(=O)c2cc3ccc(Cl)cc3s2)CCN1Cc1cc2c[nH]ccc-2n1,8.397940008672037,4.0,1,1,0,1,1,1
Nc1ncnc2cc(CN3CCN(S(=O)(=O)c4cc5ccc(Cl)cc5s4)C(=O)C3)ccc12,9.096910013008056,0.8,0,0,0,0,0,0
O=C(CN1CCN(S(=O)(=O)c2cc3ccc(Cl)cc3s2)CC1=O)NCCc1cccnc1,6.6020599913279625,250.0,1,1,0,1,1,1
O=C(CN1CCN(S(=O)(=O)c2cc3ccc(Cl)cc3s2)CC1=O)NCCc1ccncc1,7.229147988357855,59.0,0,0,0,0,1,1
O=C1CN(S(=O)(=O)c2cc3ccc(Cl)cc3s2)CCN1Cc1cc2cnccc2o1,5.913996294381618,1219.0,1,1,0,1,1,1
O=C(CN1CCN(S(=O)(=O)c2cc3ccc(Cl)cc3s2)CC1=O)NCCc1c[nH]cn1,7.67778070526608,21.0,1,1,0,1,1,1
Nc1[nH]ccc2nc(CN3CCN(S(=O)(=O)c4cc5ccc(Cl)cc5s4)CC3=O)cc1-2,5.990549104201306,1022.0,0,0,0,0,1,1
O=C1CN(S(=O)(=O)c2cc3ccc(Cl)cc3s2)CCN1Cc1cc2cc[nH]cc-2n1,7.346787486224656,45.0,1,1,0,1,1,1
COC(=O)Cn1c(CN2CCN(S(=O)(=O)c3cc4ccc(Cl)cc4s3)CC2=O)cc2cnccc21,7.744727494896693,18.0,0,0,0,0,1,0
Cn1cnc(CCNC(=O)CN2CCN(S(=O)(=O)c3cc4ccc(Cl)cc4s3)CC2=O)c1,6.366531544420414,430.0,0,0,0,0,1,1
Nc1nc(CCNC(=O)CN2CCN(S(=O)(=O)c3cc4ccc(Cl)cc4s3)CC2=O)cs1,6.2076083105017466,620.0,0,0,0,0,1,1
O=C(CN1CCN(S(=O)(=O)c2cc3ccc(Cl)cc3s2)CC1=O)NCCc1ccccn1,6.853871964321762,140.0,0,0,0,0,1,1
O=C1CN(S(=O)(=O)c2cc3ccc(Br)cc3s2)CCN1Cc1cc2c[nH]ccc-2n1,8.522878745280337,3.0,1,1,0,1,1,1
O=C(CN1CCN(S(=O)(=O)c2cc3ccc(Cl)cc3s2)CC1=O)Nc1ccncc1,6.769551078621726,170.0,0,0,0,0,1,1
NC(=O)Cn1c(CN2CCN(S(=O)(=O)c3cc4ccc(Cl)cc4s3)CC2=O)cc2cnccc21,8.096910013008056,8.0,1,1,0,1,1,1
O=C1CN(S(=O)(=O)c2cc3ncc(Cl)cc3s2)CCN1Cc1cc2c[nH]ccc-2n1,5.920818753952375,1200.0,1,1,0,1,1,1
N=C(N)NCCCC(NC(=O)CN1CCN(S(=O)(=O)c2cccc3cccnc23)CC1=O)C(=O)c1nccs1,8.356547323513812,4.4,0,0,0,0,0,0
N=C(N)NCCC[C@@H](NC(=O)CN1CCN(S(=O)(=O)Cc2ccccc2)CC1=O)C(=O)c1nccs1,8.853871964321762,1.4,0,0,0,0,0,0
Cc1c(S(=O)(=O)N2CCN(CC(=O)NC(CCCN=C(N)N)C(=O)c3nccs3)C(=O)C2)sc2ccc(Cl)cc12,9.769551078621726,0.17,0,0,0,0,0,0
N=C(N)NCCCC(NC(=O)CN1CCN(S(=O)(=O)c2ccc3ccccc3c2)CC1=O)C(=O)c1nccs1,8.568636235841012,2.7,0,0,0,0,0,0
N=C(N)NCCC[C@@H](NC(=O)CN1CCN(S(=O)(=O)c2ccc(Cl)cc2)CC1=O)C(=O)c1nccs1,8.638272163982407,2.3,0,0,0,0,0,0
N=C(N)NCCCC(NC(=O)CN1CCN(S(=O)(=O)c2ccc3c(Cl)cccc3c2)CC1=O)C(=O)c1nccs1,8.886056647693163,1.3,0,0,0,0,0,0
N=C(N)c1ccc(O)c(CCCNC(=O)c2ccc(-c3ccccc3)cc2)c1,7.055517327849832,88.0,1,1,0,0,1,1
N=C(N)c1ccc(O)c(/C=C/CNC(=O)c2ccc(-c3cccc(S(N)(=O)=O)c3)cc2)c1,8.045757490560675,9.0,1,1,0,0,1,1
N=C(N)c1ccc(O)c(/C=C/CNC(=O)c2ccc(-c3ccccc3S(N)(=O)=O)cc2)c1,8.698970004336019,2.0,0,0,0,0,1,1
CN(C(=O)[C@H](Cc1ccc(C(=N)NN)cc1)NS(=O)(=O)c1ccc2ccccc2c1)C1CCCC1,5.958607314841775,1100.0,0,0,0,0,0,0
N=C(N)c1ccc(O)c(/C=C/CNC(=O)c2ccc(-c3ccccn3)s2)c1,7.431798275933005,37.0,0,0,0,0,1,0
N=C(N)c1ccc(O)c(/C=C/CNC(=O)c2ccc(-c3ccnc(C(N)=O)c3)cc2)c1,9.1249387366083,0.75,1,1,0,0,1,1
N=C(N)c1ccc(O)c(/C=C/CNC(=O)c2ccc(-c3ccccc3)cc2)c1,7.292429823902063,51.0,0,0,0,0,1,1
N=C(N)c1cccc(CCCNC(=O)c2ccc(-c3ccccc3)cc2)c1,6.0,1000.0,1,1,0,0,1,1
N=C(N)c1ccc(O)c(CCCNC(=O)c2ccc(-c3ccccn3)s2)c1,6.882728704344236,131.0,0,0,0,0,1,0
N=C(N)c1ccc(O)c(CCCNC(=O)c2ccc(-c3cccc(C(N)=O)c3)cc2)c1,8.154901959985743,7.0,0,0,0,0,1,1
N=C(N)c1ccc(O)c(/C=C/CNC(=O)c2ccc(-c3ncc[nH]3)cc2)c1,6.892790030352131,128.0,0,0,0,0,1,1
N=C(N)c1ccc(O)c(CCCNC(=O)c2ccc(-c3cccnc3)cc2)c1,7.42021640338319,38.0,1,1,0,0,0,0
CC(C)(C)c1ccc(C(=O)NC/C=C/c2cc(C(=N)N)ccc2O)cc1,7.214670164989233,61.0,0,0,0,0,1,1
N=C(N)c1ccc(O)c(CCCNC(=O)c2ccc(-c3c[nH]cn3)cc2)c1,6.5951662833800615,254.0,1,1,0,1,1,1
N=C(N)c1ccc(O)c(/C=C/CNC(=O)c2ccc(-c3ccc(C(N)=O)cc3)cc2)c1,7.698970004336019,20.0,1,1,0,1,1,1
N=C(N)c1ccc(O)c(/C=C/CNC(=O)c2ccc(-c3c[nH]cn3)cc2)c1,7.721246399047171,19.0,1,1,0,1,1,1
N=C(N)c1ccc(O)c(/C=C/CNC(=O)c2ccc(-c3ccc(S(N)(=O)=O)cc3)cc2)c1,7.920818753952375,12.0,0,0,0,0,1,1
N=C(N)c1ccc(O)c(CCCNC(=O)c2ccc(-c3ncc[nH]3)cc2)c1,7.236572006437063,58.0,0,0,0,0,0,0
N=C(N)c1ccc(O)c(/C=C/CNC(=O)c2cc3nnc(O)cc3s2)c1,6.735182176990463,184.0,0,0,0,0,1,0
CC(C)(C)c1ccc(C(=O)NCCCc2cc(C(=N)N)ccc2O)cc1,7.229147988357855,59.0,0,0,0,0,0,0
N=C(N)c1ccc(O)c(CCCNC(=O)c2cc3ccc(Cl)cc3s2)c1,6.742321425130816,181.0,0,0,0,0,1,0
N=C(N)c1ccc(O)c(/C=C/CNC(=O)c2ccc(-c3cccc(C(N)=O)c3)cc2)c1,8.301029995663981,5.0,0,0,0,0,1,1
CCOc1ccc2ccc(S(=O)(=O)N[C@H]3CCN(Cc4cccc(C(=N)N)c4)C3=O)cc2c1,6.552841968657781,280.0,1,1,0,0,1,1
COc1ccc2ccc(S(=O)(=O)N[C@H]3CCN(Cc4ccc(C(=N)N)cc4)C3=O)cc2c1,6.013228265733755,970.0,1,1,0,1,1,1
CCCCS(=O)(=O)N[C@H](Cc1ccccc1)C(=O)N1CCC[C@H]1C(=O)N[C@@H](CCCn1ccnc1[N+](=O)[O-])B1O[C@@H]2CC3CC(C3(C)C)[C@]2(C)O1,5.221848749616356,6000.0,0,0,0,0,0,0
COc1ccc2ccc(S(=O)(=O)N(Cc3ccsc3)[C@H]3CCN(Cc4cccc(C(=N)N)c4)C3=O)cc2c1,7.721246399047171,19.0,0,0,0,0,0,0
N=C(N)c1cccc(CN2CC[C@H](NS(=O)(=O)c3ccc(Oc4ccccc4)cc3)C2=O)c1,6.42021640338319,380.0,1,1,0,0,1,1
N=C(N)c1cccc(CN2CC[C@H](NS(=O)(=O)c3ccc(Cc4ccccc4)cc3)C2=O)c1,5.958607314841775,1100.0,1,1,0,0,1,1
Cc1ccc2ccc(S(=O)(=O)N[C@H]3CCN(Cc4cccc(C(=N)N)c4)C3=O)cc2c1,7.0,100.0,1,1,0,0,1,1
COc1ccc2ccc(S(=O)(=O)N[C@H]3CCN(Cc4coc(C(=N)N)c4)C3=O)cc2c1,6.7447274948966935,180.0,1,1,0,1,1,1
CCCCS(=O)(=O)N[C@H](Cc1ccccc1)C(=O)N1CCC[C@H]1C(=O)N[C@@H](CCCn1ccnc1N)B1O[C@@H]2CC3CC(C3(C)C)[C@]2(C)O1,6.013228265733755,970.0,0,0,0,0,0,0
N=C(N)c1cccc(CN2CCC[C@H](NS(=O)(=O)c3ccc4ccccc4c3)C2=O)c1,5.886056647693163,1300.0,1,1,0,1,0,0
Cc1c(F)c(Oc2cccc(C(=N)N)c2)nc(N2CCN(C3CCCCC3)CC2)c1F,6.305394801066432,495.0,0,0,0,0,1,1
N=C(N)c1cccc(COc2ccccc2)c1,8.167491087293763,6.8,0,0,0,0,0,0
CC(=O)N[C@H](Cc1ccccc1)C(=O)N1CCC[C@H]1C(=O)N[C@@H](CCCn1ccnc1)B1O[C@@H]2CC3CC(C3(C)C)[C@]2(C)O1,5.221848749616356,6000.0,0,0,0,0,0,0
N=C(N)c1cccc(CN2CC[C@H](NS(=O)(=O)c3cccc4ccccc34)C2=O)c1,6.1249387366083,750.0,1,1,0,0,1,1
COc1ccc2ccc(S(=O)(=O)N[C@H]3CCN(Cc4ccc(C(=N)N)s4)C3=O)cc2c1,6.657577319177793,220.0,1,1,0,1,1,1
COc1ccc2ccc(S(=O)(=O)N(CC(=O)O)[C@H]3CCN(Cc4cccc(C(=N)N)c4)C3=O)cc2c1,6.920818753952375,120.0,0,0,0,0,0,0
COc1ccc2ccc(S(=O)(=O)N[C@H]3CCN(Cc4ccc(C(=N)N)o4)C3=O)cc2c1,6.2441251443275085,570.0,1,1,0,1,1,1
CNc1ccc2ccc(S(=O)(=O)N[C@H]3CCN(Cc4cccc(C(=N)N)c4)C3=O)cc2c1,6.6020599913279625,250.0,1,1,0,1,1,1
Cc1cc(OCc2ccc(C(=N)N)cc2)cc(OS(=O)(=O)c2ccccc2Cl)c1,4.769551078621726,17000.0,0,0,0,0,0,0
COc1ccccc1-c1ccc(S(=O)(=O)N[C@H]2CCN(Cc3cccc(C(=N)N)c3)C2=O)cc1,6.721246399047171,190.0,1,1,0,0,1,1
COc1ccc2ccc(S(=O)(=O)N(Cc3ccccc3)[C@H]3CCN(Cc4cccc(C(=N)N)c4)C3=O)cc2c1,7.387216143280264,41.0,0,0,0,0,0,0
N=C(N)c1cccc(C2=NOC(Cn3cnnn3)(C(=O)Nc3ncc(-c4ccccc4S(N)(=O)=O)cn3)C2)c1,9.494850021680094,0.32,0,0,0,0,0,0
N=C(N)c1cccc(CN2C[C@H](NS(=O)(=O)c3ccc4ccccc4c3)C2=O)c1,5.00436480540245,9900.0,1,1,0,0,0,0
Cc1c(F)c(Oc2cccc(C(=N)N)c2)nc(N2CCC(C)(c3ccccc3)CC2)c1F,6.251811972993799,560.0,0,0,0,0,1,1
Cc1cccc(-c2ccc(S(=O)(=O)N[C@H]3CCN(Cc4cccc(C(=N)N)c4)C3=O)cc2)c1,6.920818753952375,120.0,0,0,0,0,1,1
N=C(N)c1cccc(CN2C[C@@H](NS(=O)(=O)c3ccc4ccccc4c3)CC2=O)c1,5.008773924307505,9800.0,1,1,0,0,0,0
N=C(N)c1cccc(CN2CC[C@H](NS(=O)(=O)c3ccc4ccc(O)cc4c3)C2=O)c1,6.301029995663981,500.0,1,1,0,1,1,1
Cc1cc(OCc2cccc(C(=N)N)c2)cc(OS(=O)(=O)c2ccccc2Cl)c1,5.568636235841013,2700.0,1,1,0,1,1,1
N=C(N)c1cccc(Cn2cc(CCc3ccc4ccccc4c3)c3ccccc32)c1,6.045757490560675,900.0,0,0,0,0,0,0
COc1ccc2ccc(S(=O)(=O)N(Cc3cc[nH]n3)[C@H]3CCN(Cc4cccc(C(=N)N)c4)C3=O)cc2c1,7.67778070526608,21.0,0,0,0,0,0,0
COc1ccc2ccc(S(=O)(=O)N(Cc3ccccn3)[C@H]3CCN(Cc4cccc(C(=N)N)c4)C3=O)cc2c1,7.508638306165727,31.0,0,0,0,0,0,0
CCc1ccc2ccc(S(=O)(=O)N[C@H]3CCN(Cc4cccc(C(=N)N)c4)C3=O)cc2c1,6.431798275933005,370.0,1,1,0,1,1,1
N=C(N)c1cccc(CN2CCCC[C@H](NS(=O)(=O)c3ccc4ccccc4c3)C2=O)c1,5.154901959985743,7000.0,1,1,0,1,0,0
N=C(N)c1cccc(CN2CC[C@H](NS(=O)(=O)c3ccc4cc(Cl)ccc4c3)C2=O)c1,7.154901959985743,70.0,1,1,0,1,1,1
CCOCC1(C(=O)Nc2ccc(-c3ccccc3S(N)(=O)=O)cn2)CC(c2cccc(C(=N)N)c2)=NO1,9.096910013008056,0.8,1,1,0,0,1,0
N=C(N)c1cccc(CN2CC[C@H](NS(=O)(=O)c3cccc(-c4ccccc4)c3)C2=O)c1,6.356547323513812,440.0,1,1,0,1,1,1
COc1ccc2ccc(S(=O)(=O)N(CCC(N)=O)[C@H]3CCN(Cc4cccc(C(=N)N)c4)C3=O)cc2c1,7.251811972993799,56.0,0,0,0,0,0,0
COc1ccc2ccc(S(=O)(=O)N(Cc3cccs3)[C@H]3CCN(Cc4cccc(C(=N)N)c4)C3=O)cc2c1,7.468521082957745,34.0,0,0,0,0,0,0
CC(=O)N[C@H](Cc1ccccc1)C(=O)N1CCC[C@H]1C(=O)N[C@@H](CCCn1nnnc1N)B1O[C@@H]2CC3CC(C3(C)C)[C@]2(C)O1,5.221848749616356,6000.0,0,0,0,0,0,0
CCOCC1(C(=O)Nc2ccc(-c3ccccc3S(N)(=O)=O)cc2)CC(c2cccc(C(=N)N)c2)=NO1,8.481486060122112,3.3,0,0,0,0,1,0
COc1ccc2cc(S(=O)(=O)N[C@H]3CCN(Cc4cccc(C(=N)N)c4)C3=O)ccc2c1,6.0,1000.0,1,1,0,0,1,1
COc1ccc2ccc(S(=O)(=O)N(CC(N)=O)[C@H]3CCN(Cc4cccc(C(=N)N)c4)C3=O)cc2c1,7.602059991327962,25.0,0,0,0,0,0,0
N=C(N)c1cccc(CNC(=O)CNS(=O)(=O)c2ccc3ccccc3c2)c1,6.468521082957745,340.0,1,1,0,0,1,1
N=C(N)c1cccc(CN2CC[C@H](NS(=O)(=O)c3ccc4ccc(Cl)cc4c3)C2=O)c1,7.107905397309519,78.0,1,1,0,0,1,1
COc1cccc(-c2ccc(S(=O)(=O)N[C@H]3CCN(Cc4cccc(C(=N)N)c4)C3=O)cc2)c1,7.0,100.0,0,0,0,0,1,1
CCN([C@H]1CCN(Cc2cccc(C(=N)N)c2)C1=O)S(=O)(=O)c1ccc2ccc(OC)cc2c1,7.366531544420414,43.0,0,0,0,0,0,0
COc1ccc2ccc(S(=O)(=O)N[C@H]3CCN(Cc4ccnc(C(=N)N)c4)C3=O)cc2c1,6.958607314841775,110.0,1,1,0,0,0,0
N=C(N)c1cccc(CN2CC[C@H](NS(=O)(=O)c3ccc(-c4ccccc4)cc3)C2=O)c1,6.795880017344075,160.0,1,1,0,0,1,1
COc1ccc2ccc(S(=O)(=O)N[C@H]3CCN(Cc4csc(C(=N)N)c4)C3=O)cc2c1,7.958607314841775,11.0,1,1,0,1,1,1
COc1ccc2ccc(S(=O)(=O)N[C@H]3CCN(Cc4cc(C(=N)N)cs4)C3=O)cc2c1,7.080921907623926,83.0,1,1,0,1,1,1
COc1ccc2ccc(S(=O)(=O)N(C)[C@H]3CCN(Cc4csc(C(=N)N)c4)C3=O)cc2c1,8.154901959985743,7.0,1,1,0,0,1,1
Cc1cc(C(=O)Nc2ccc(-c3ccccc3CN)cc2F)n(-c2cc3ccccc3cc2F)n1,8.619788758288394,2.4,0,0,0,0,0,0
N=C(N)c1cccc(CN2CC[C@H](NS(=O)(=O)c3ccc(-c4ccncc4)cc3)C2=O)c1,6.886056647693163,130.0,0,0,0,0,1,1
N=C(N)c1cccc(C(=O)N[C@@H](C(=O)NCCCc2ccccc2)c2ccccc2)c1,6.838631997765025,145.0,0,0,0,0,1,0
Cn1ccnc1-c1ccc(S(=O)(=O)N[C@H]2CCN(Cc3cccc(C(=N)N)c3)C2=O)cc1,5.585026652029182,2600.0,1,1,0,0,1,1
N=C(N)c1ccc(F)c(CN2CC[C@H](NS(=O)(=O)c3ccc(-c4cccnc4)s3)C2=O)c1,6.886056647693163,130.0,1,1,0,1,1,1
Cc1c(F)c(Oc2cccc(C(=N)N)c2)nc(Oc2cccc([S+](O)N(C)C)c2)c1F,6.142667503568732,720.0,0,0,0,0,1,1
N=C(N)c1ccc(O)c(Oc2cc(C(=O)O)cc(Oc3cccc(NCCN)c3)n2)c1,7.107905397309519,78.0,0,0,0,0,1,1
Cc1cc(C(=O)Nc2ccc(-c3ccccc3S(N)(=O)=O)cc2F)n(-c2cc3ccccc3cc2S(C)(=O)=O)n1,8.958607314841775,1.1,0,0,0,0,1,0
N=C(N)c1cccc(C(=O)NCC(=O)NCC2CCC(CN)CC2)c1,4.920818753952375,12000.0,0,0,0,0,0,0
N=C(N)c1cccc(C(=O)NC(C(=O)NCC2CCC(CN)CC2)c2ccc(-c3ccccc3)cc2)c1,6.096910013008056,800.0,0,0,0,0,0,0
N=C(N)c1ccc2[nH]c(-c3cc(C(=O)O)cc(Br)c3O)c(Cc3ccccc3)c2c1,8.397940008672037,4.0,1,1,0,0,1,1
Cc1cc(C(=O)Nc2ccc(-c3ccccc3CN(C)C)cc2F)n(-c2cc3ccccc3cc2S(C)(=O)=O)n1,8.619788758288394,2.4,0,0,0,0,1,0
N=C(N)c1cccc(CN2CC[C@H](NS(=O)(=O)c3ccc(-c4cccnc4)cc3)C2=O)c1,6.6777807052660805,210.0,1,1,0,0,1,1
COC(=O)CC1(C(=O)Nc2ccc(C(=N)N)cc2)CC(c2cccc(C(=N)N)c2)=NO1,7.026872146400302,94.0,0,0,0,0,1,1
N=C(N)c1cccc(C(=O)N[C@@H](C(=O)NCCc2ccccc2)c2ccccc2)c1,6.070581074285707,850.0,1,1,0,1,1,1
Cc1ccc(O)c(-c2cc3cc(C(=N)N)ccc3[nH]2)c1,5.366531544420414,4300.0,1,1,0,0,1,1
COc1c(Br)cc(CCC(=O)O)cc1-c1[nH]c2ccc(C(=N)N)cc2c1Cc1ccccc1,7.346787486224656,45.0,0,0,0,0,1,1
Cc1c(F)c(Oc2cccc(CCC(N)=O)c2)nc(Oc2cccc(C(=N)N)c2)c1F,6.154901959985743,700.0,1,1,0,0,1,1
Cc1cc(C(=O)Nc2ccc(-c3ccccc3CN(C)C)cc2)n(-c2ccc3cc(Cl)ccc3c2)n1,8.744727494896694,1.8,0,0,0,0,0,0
Cc1cc(C(=O)Nc2ccc(-c3ccccc3S(C)(=O)=O)cc2F)n(-c2cc3ccccc3cc2S(C)(=O)=O)n1,8.769551078621726,1.7,0,0,0,0,1,0
N=C(N)c1ccc2[nH]c(-c3cc(Cc4nn[nH]n4)cc(Br)c3O)c(Cc3ccccc3)c2c1,7.698970004336019,20.0,0,0,0,0,1,1
N=C(N)c1ccc2[nH]c(-c3cc(Br)cc(CCC(=O)O)c3)c(Cc3ccccc3)c2c1,6.0,1000.0,0,0,0,0,1,1
N=C(N)c1ccc(O)c(CN2CC[C@H](NS(=O)(=O)c3ccc(-c4ccon4)s3)C2=O)c1,8.522878745280337,3.0,1,1,0,1,1,1
CC(=O)c1cccc(Oc2nc(Oc3cccc(C(=N)N)c3)c(F)c(C)c2F)c1,5.853871964321762,1400.0,1,1,0,1,1,1
Cc1cc(C(=O)Nc2ccc(-c3ccccc3CN(C)C)cc2F)n(-c2ccc3cc(Cl)ccc3c2)n1,8.823908740944319,1.5,0,0,0,0,0,0
N=C(N)c1cccc(C(=O)NC(C(=O)NCC2CCC(CN)CC2)c2cccc3ccccc23)c1,7.0,100.0,0,0,0,0,1,1
Cc1cc(C(=O)Nc2ccc(N3CCOCC3=O)cc2)n(-c2ccc3cc(Cl)ccc3c2)n1,9.522878745280336,0.3,0,0,0,0,1,0
Cc1cc(C(=O)Nc2ccc(N3CCCCC3=O)cc2)n(-c2ccc3cc(Cl)ccc3c2)n1,8.958607314841775,1.1,0,0,0,0,0,0
Cc1cc(C(=O)Nc2ccc(N3CCOCC3=O)cc2F)n(-c2cc3ccccc3cc2F)n1,9.30102999566398,0.5,1,1,0,1,1,1
N=C(N)c1ccc(NC(=O)C2(CC(=O)O)CC(c3cccc(C(=N)N)c3)=NO2)cc1,6.844663962534939,143.0,0,0,0,0,0,0
COC(=O)CC1(C(=O)Nc2cccc(C(=N)N)c2)CC(c2cccc(C(=N)N)c2)=NO1,6.096910013008056,800.0,0,0,0,0,1,0
N=C(N)c1cccc(CN2CC[C@H](NS(=O)(=O)c3ccc(-c4ccccn4)cc3)C2=O)c1,6.823908740944319,150.0,0,0,0,0,1,1
N=C(N)c1cccc(C(=O)N[C@@H](C(=O)N2CCN(Cc3ccccc3)CC2)c2ccccc2)c1,6.920818753952375,120.0,0,0,0,0,1,0
Cc1cc(Br)c(O)c(-c2[nH]c3ccc(C(=N)N)cc3c2Cc2ccccc2)c1,7.698970004336019,20.0,1,1,0,0,1,1
CC(C)(C(=O)O)c1cc(Br)c(O)c(-c2[nH]c3ccc(C(=N)N)cc3c2Cc2ccccc2)c1,8.0,10.0,0,0,0,0,1,1
N=C(N)c1ccc2[nH]c(-c3cc(CCCC(=O)O)cc(Br)c3O)c(Cc3ccccc3)c2c1,9.154901959985745,0.7,1,1,0,0,1,1
Cc1c(F)c(Oc2cccc(C(=N)N)c2)nc(Oc2cccc(C(=O)C(C)C)c2)c1F,5.6777807052660805,2100.0,1,1,0,1,1,1
CN(C)C(=O)c1cccc(Oc2cc(C(=O)O)cc(Oc3cccc(C(=N)N)c3)n2)c1,6.580044251510242,263.0,1,1,0,0,1,1
Cc1cc(C(=O)Nc2ccc(-c3ccccc3S(C)(=O)=O)cc2)n(-c2ccc3cc(Cl)ccc3c2)n1,8.853871964321762,1.4,1,1,0,0,1,1
N=C(N)c1ccc(NC(=O)C2CC(c3cccc(C(=N)N)c3)=NO2)cc1,6.568636235841013,270.0,0,0,0,0,1,1
N=C(N)c1cccc(CN2CC[C@H](NS(=O)(=O)c3ccc(-c4cc[n+]([O-])cc4)cc3)C2=O)c1,6.481486060122113,330.0,0,0,0,0,1,1
N=C(N)c1cccc(C(=O)NC(C(=O)NCC2CCC(CN)CC2)c2ccc(Cl)cc2)c1,5.6020599913279625,2500.0,0,0,0,0,1,1
N=C(N)c1cccc(C(=O)N[C@@H](C(=O)N2CCN(c3ccc(F)cc3)CC2)c2ccccc2)c1,7.823908740944319,15.0,0,0,0,0,1,0
N=C(N)c1cccc(C(=O)NC(C(=O)NCC2CCC(CN)CC2)c2cccc(Cl)c2)c1,6.522878745280337,300.0,0,0,0,0,0,0
N=C(N)c1ccc(N)c(CN2CC[C@H](NS(=O)(=O)c3ccc(-c4ccon4)s3)C2=O)c1,8.154901959985743,7.0,1,1,0,1,0,0
Cc1cc(C(=O)Nc2ccc(-c3ccccc3S(C)(=O)=O)cc2F)n(-c2ccc3cc(Cl)ccc3c2)n1,8.744727494896694,1.8,0,0,0,0,1,1
N=C(N)c1ccc(NC(=O)CC2CC(c3ccc(C(=N)N)cc3)=NO2)cc1,5.769551078621726,1700.0,0,0,0,0,1,0
N=C(N)c1cccc(C(=O)N[C@@H](C(=O)N2CCC(C(=O)c3ccc(F)cc3)CC2)c2ccccc2)c1,8.0,10.0,1,1,0,0,1,0
COC(=O)Cc1cc(Br)c(O)c(-c2[nH]c3ccc(C(=N)N)cc3c2Cc2ccccc2)c1,8.522878745280337,3.0,0,0,0,0,1,1
N=C(N)c1cccc(CN2CC[C@H](NS(=O)(=O)c3ccc(-c4ccon4)s3)C2=O)c1,7.309803919971486,49.0,1,1,0,1,1,1
CN(C)C(=O)Cc1cc(Br)c(O)c(-c2[nH]c3ccc(C(=N)N)cc3c2Cc2ccccc2)c1,8.698970004336019,2.0,0,0,0,0,1,0
Cc1c(F)c(Oc2cccc(C(=N)N)c2)nc(Oc2cccc(C(O)C(N)=O)c2)c1F,6.431798275933005,370.0,0,0,0,0,1,1
Cc1c(F)c(Oc2cccc(Nc3ccccc3)c2)nc(Oc2cccc(C(=N)N)c2)c1F,5.7447274948966935,1800.0,0,0,0,0,1,1
Cc1c(F)c(Oc2cccc(NC(N)=O)c2)nc(Oc2cccc(C(=N)N)c2)c1F,5.3979400086720375,4000.0,1,1,0,1,1,1
Cc1c(F)c(Oc2cccc(C(=N)N)c2)nc(Oc2cccc(N3CCOCC3)c2)c1F,6.187086643357144,650.0,0,0,0,0,1,1
N=C(N)c1cccc(C(=O)N[C@@H](C(=O)NCc2ccccc2)c2ccccc2)c1,6.040958607678906,910.0,0,0,0,0,1,1
N=C(N)c1ccc(O)c(CN2CC[C@H](NS(=O)(=O)c3ccc(-c4cccnc4)s3)C2=O)c1,8.698970004336019,2.0,1,1,0,1,1,1
Cc1cc(C(=O)Nc2ccc(N3CCOCC3=O)cc2F)n(-c2ccc3cc(Cl)ccc3c2)n1,9.30102999566398,0.5,0,0,0,0,0,0
Cc1cc(C(=O)Nc2ccc(-n3ccnc3C)cc2)n(-c2ccc3cc(Cl)ccc3c2)n1,8.537602002101044,2.9,0,0,0,0,0,0
Cc1cc(C(=O)Nc2ccc(C(=O)N3CCCC3)cc2)n(-c2ccc3cc(Cl)ccc3c2)n1,8.744727494896694,1.8,0,0,0,0,0,0
Cc1cc(C(=O)Nc2ccc(-n3ccnc3CN(C)C)cc2)n(-c2ccc3cc(Cl)ccc3c2)n1,8.55284196865778,2.8,0,0,0,0,0,0
Cc1cc(C(=O)Nc2ccc(-c3ccccc3S(N)(=O)=O)cn2)n(-c2ccc3cc(Cl)ccc3c2)n1,8.721246399047171,1.9,1,1,0,0,1,0
Cc1cc(C(=O)Nc2ccc(-n3ccnc3CN(C)C)cc2F)n(-c2ccc3cc(Cl)ccc3c2)n1,8.886056647693163,1.3,0,0,0,0,0,0
N=C(N)c1cccc(C(=O)N[C@@H](C(=O)N2CCC(Cc3ccccc3)CC2)c2ccccc2)c1,7.522878745280337,30.0,0,0,0,0,1,0
N=C(N)c1cccc(CN2CC[C@H](NS(=O)(=O)c3ccc(-c4ccncc4)s3)C2=O)c1,7.259637310505756,55.0,1,1,0,1,1,1
Cc1c(F)c(Oc2cccc(CN)c2)nc(Oc2cccc(C(=N)N)c2)c1F,5.853871964321762,1400.0,1,1,0,0,1,1
Cc1c(F)c(Oc2cccc(C(=N)N)c2)nc(Oc2cc(N(C)C)ccc2C(=O)O)c1F,5.619788758288394,2400.0,0,0,0,0,1,1
CN(C)c1cccc(Oc2cc(C(=O)O)cc(Oc3cc(C(=N)N)ccc3O)n2)c1,7.920818753952375,12.0,0,0,0,0,1,1
N=C(N)c1cccc(CN2CC[C@H](NS(=O)(=O)c3ccc(-c4cccnc4)s3)C2=O)c1,7.387216143280264,41.0,1,1,0,1,1,1
Cc1ccc(CNC(=O)[C@H](NC(=O)c2cccc(C(=N)N)c2)c2ccccc2)cc1,7.376750709602099,42.0,0,0,0,0,1,1
Cc1cc(C)c(O)c(-c2cc3cc(C(=N)N)ccc3[nH]2)c1,5.920818753952375,1200.0,1,1,0,1,1,1
Cc1cc(Br)c(O)c(-c2[nH]c3ccc(C(=N)N)cc3c2CCCc2ccccc2)c1,5.119186407719209,7600.0,1,1,1,1,1,1
N=C(N)c1ccc2[nH]c(-c3cc(CCC(=O)O)cc(Br)c3O)c(Cc3ccccc3)c2c1,9.30102999566398,0.5,1,1,0,1,1,1
N=C(N)c1cccc(CN2CC[C@H](NS(=O)(=O)c3ccc(-c4ccccn4)s3)C2=O)c1,6.853871964321762,140.0,1,1,0,1,1,1
COc1nccc(-c2ccc(S(=O)(=O)N[C@H]3CCN(Cc4cccc(C(=N)N)c4)C3=O)s2)n1,6.823908740944319,150.0,0,0,0,0,1,1
Cc1cc(C(=O)Nc2ccc(-n3ccnc3CN(C)C)cc2F)n(-c2cc3ccccc3cc2S(C)(=O)=O)n1,8.494850021680094,3.2,0,0,0,0,0,0
N=C(N)c1ccc(NC(=O)CC2CC(c3cccc(C(=N)N)c3)=NO2)cc1,5.853871964321762,1400.0,0,0,0,0,0,0
N=C(N)c1ccc2[nH]c(-c3cc(CC(N)=O)cc(Br)c3O)c(Cc3ccccc3)c2c1,8.698970004336019,2.0,0,0,0,0,1,1
Cc1c(F)c(Oc2cccc(C(=N)N)c2)nc(Oc2cccc(C(=O)O)c2)c1F,5.301029995663981,5000.0,1,1,0,1,1,1
N=C(N)c1ccc2[nH]c(-c3cc(-c4nn[nH]n4)cc(Br)c3O)c(Cc3ccccc3)c2c1,8.0,10.0,0,0,0,0,1,1
N=C(N)c1cccc(Cn2c(C(=O)NCc3cc(Cl)cc(Cl)c3)cc3c(O)cccc32)c1,8.301029995663981,5.0,1,1,0,1,1,1
Cc1cc(Br)c(O)c(-c2[nH]c3ccc(C(=N)N)cc3c2CCc2ccccc2)c1,6.455931955649724,350.0,1,1,1,1,1,1
N=C(N)c1ccc2[nH]c(-c3cc(CC(=O)O)cc(Br)c3O)c(Cc3ccccc3)c2c1,8.522878745280337,3.0,1,1,0,0,1,1
COc1ccc2ccc(S(=O)(=O)N(C)[C@H]3CCN(Cc4cc(C(=N)N)ccc4N)C3=O)cc2c1,8.397940008672037,4.0,1,1,0,0,1,1
CC1(C)CN=C(c2cccc(Oc3cc(C(=O)O)cc(Oc4cc(C(=N)N)ccc4O)n3)c2)N1,6.091514981121351,810.0,0,0,0,0,1,1
Cc1cc(C(=O)Nc2ccc(N3CCOCC3=O)cc2F)n(-c2cc3ccccc3cc2S(C)(=O)=O)n1,9.096910013008056,0.8,0,0,0,0,0,0
Cc1cc(Cl)c(O)c(-c2cc3cc(C(=N)N)ccc3[nH]2)c1,6.886056647693163,130.0,1,1,0,0,1,1
N=C(N)c1ccc2[nH]c(-c3cc(CCOP(=O)(O)O)cc(Br)c3O)c(Cc3ccccc3)c2c1,9.30102999566398,0.5,0,0,0,0,1,1
C[n+]1ccc(-c2ccc(S(=O)(=O)N[C@H]3CCN(Cc4cccc(C(=N)N)c4)C3=O)cc2)cc1,6.886056647693163,130.0,0,0,0,0,1,1
Cc1c(F)c(Oc2cccc(C(=N)N)c2)nc(Oc2cccc(-n3ccnc3)c2)c1F,6.903089986991944,125.0,0,0,0,0,1,1
Cc1cc(C(=O)Nc2ccc(-c3ccccc3S(N)(=O)=O)cc2F)n(-c2ccc3cc(Cl)ccc3c2)n1,8.468521082957745,3.4,1,1,0,0,1,1
N=C(N)c1cccc(NC(=O)CC2CC(c3cccc(C(=N)N)c3)=NO2)c1,5.7447274948966935,1800.0,0,0,0,0,0,0
N=C(N)c1cccc(C(=O)N[C@@H](C(=O)N2CCN(c3ccccc3)CC2)c2ccccc2)c1,7.795880017344075,16.0,1,1,0,0,1,0
Cn1c(CNc2ccc(C(=N)N)cc2)nc2cc(C(=O)N(CCC(=O)O)c3ccccn3)ccc21,5.424812155072339,3760.0,0,0,0,0,1,0
Cc1cc(C(=O)Nc2ncc(-c3ccccc3S(N)(=O)=O)cn2)n(-c2ccc3cc(Cl)ccc3c2)n1,8.602059991327963,2.5,0,0,0,0,1,1
NC(=O)c1ccc2[nH]c(-c3cc(CCC(=O)O)cc(Br)c3O)c(Cc3ccccc3)c2c1,5.075720713938118,8400.0,1,1,0,1,1,1
N=C(N)c1cccc(C(=O)N[C@@H](C(=O)NCc2ccc(CN)cc2)c2ccccc2)c1,6.301029995663981,500.0,1,1,0,1,1,1
COc1ccc(CNC(=O)[C@H](NC(=O)c2cccc(C(=N)N)c2)c2ccccc2)cc1,7.552841968657781,28.0,1,1,0,1,1,1
N=C(N)c1ccc(N)c(CN2CC[C@H](NS(=O)(=O)c3ccc(-c4cccnc4)s3)C2=O)c1,8.221848749616356,6.0,1,1,0,1,1,1
Cc1c(F)c(Oc2cccc(C(=N)N)c2)nc(Oc2cccc(C(O)C(=O)N(C)C)c2)c1F,5.657577319177793,2200.0,1,1,0,0,1,1
Cc1c(F)c(Oc2cccc(N(C)C)c2)nc(Oc2cc(C(=N)N)ccc2NS(C)(=O)=O)c1F,5.259637310505756,5500.0,0,0,0,0,1,1
N=C(N)c1cccc(C(=O)N[C@@H](C(=O)N2CCN(C(=O)c3ccccc3)CC2)c2ccccc2)c1,6.549750891680639,282.0,1,1,0,1,1,0
N=C(N)c1ccc(C2=NOC(CC(=O)Nc3cccc(C(=N)N)c3)C2)cc1,6.060480747381382,870.0,0,0,0,0,1,0
COC(=O)CNC(=O)CC1(C(=O)Nc2ccc(C(=N)N)cc2)CC(c2cccc(C(=N)N)c2)=NO1,7.744727494896693,18.0,0,0,0,0,0,0
COC(=O)CC1(C(=O)Nc2cccc(C(=N)N)c2)CC(c2ccc(C(=N)N)cc2)=NO1,6.931814138253839,117.0,0,0,0,0,0,0
N=C(N)c1cccc(C(=O)N[C@@H](C(=O)N2CCN(c3ccncc3)CC2)c2ccccc2)c1,7.886056647693163,13.0,1,1,0,0,1,0
COc1ccc2ccc(S(=O)(=O)N(C)[C@H]3CCN(Cc4cc(C(=N)N)ccc4NC(C)=O)C3=O)cc2c1,6.036684488613889,919.0,1,1,0,0,1,1
O=C(Cn1ccnc(NCC(F)(F)c2cccc[n+]2[O-])c1=O)NCc1ccccc1-n1cnnn1,6.431798275933005,370.0,1,1,0,0,1,1
N=C(N)c1cccc(Oc2ccc(NC(=O)c3ccccc3)c(Oc3cccc(C(=N)N)c3)n2)c1,6.920818753952375,120.0,0,0,0,0,0,0
CCOC(=O)C(Cc1cccc(C(=N)N)c1)NC(=O)CNS(=O)(=O)c1ccc(C(=N)N)cc1,6.086186147616283,820.0,1,1,0,0,1,1
N=C(N)c1ccc(Oc2cc(Oc3ccc(C(=N)N)cc3)c(Cl)cc2Cl)cc1,5.958607314841775,1100.0,0,0,0,0,0,0
CCOC(=O)C(Cc1ccc(C(=N)N)cc1)NC(=O)CNS(=O)(=O)c1ccc(C(=N)N)cc1,6.301029995663981,500.0,1,1,1,1,1,1
CC(=O)Nc1ccc(Oc2cccc(C(=N)N)c2)nc1Oc1cccc(C(=N)N)c1,7.2839966563652,52.0,0,0,0,0,1,1
N=C(N)c1cccc(Oc2ccc(C(N)=O)c(Oc3cccc(C(=N)N)c3)n2)c1,6.221848749616356,600.0,1,1,0,0,1,1
N=C(N)c1cccc(Oc2cc(Oc3ccccc3C(=N)N)ccc2[N+](=O)[O-])c1,6.522878745280337,300.0,0,0,0,0,0,0
N=C(N)c1cccc(Oc2ccc(C(=O)NCC(N)=O)c(Oc3cccc(C(=N)N)c3)n2)c1,6.161150909262744,690.0,0,0,0,0,1,1
N=C(N)c1cccc(Oc2cncc(Oc3cccc(C(=N)N)n3)n2)c1,7.292429823902063,51.0,0,0,0,0,0,0
N=C(N)c1cccc(Oc2c[n+]([O-])cc(Oc3cccc(C(=N)N)n3)n2)c1,6.7447274948966935,180.0,0,0,0,0,0,0
CCOC(=O)c1ccc(Oc2cccc(C(=N)N)c2)nc1Oc1cccc(C(=N)N)c1,6.721246399047171,190.0,0,0,0,0,0,0
N=C(N)c1cccc(Oc2cc(Oc3ccccc3C(=N)N)ccc2N)c1,5.958607314841775,1100.0,0,0,0,0,0,0
N=C(N)c1ccc(CC(=O)CN2CCCC[C@H](NS(=O)(=O)Cc3ccccc3)C2=O)cc1,6.501689446210399,315.0,0,0,0,0,0,0
CNC(=O)c1cc(Oc2cccc(C(=N)N)c2)nc(Oc2cccc(C(=N)N)c2)c1,7.221848749616356,60.0,0,0,0,0,0,0
CN(C)C(=O)c1ccc(Oc2cccc(C(=N)N)c2)nc1Oc1cccc(C(=N)N)c1,7.494850021680094,32.0,0,0,0,0,1,1
CS(=O)(=O)Nc1ccc(Oc2cccc(C(=N)N)c2)nc1Oc1cccc(C(=N)N)c1,6.886056647693163,130.0,0,0,0,0,0,0
N=C(N)c1cccc(OC2N=C(Oc3cccc(C(=N)N)n3)CNC2=O)c1,6.721246399047171,190.0,0,0,0,0,0,0
O=C(Cn1ccnc(NCC(F)(F)c2ccccn2)c1=O)NCc1cc(Cl)ccc1-n1cnnn1,8.0,10.0,0,0,0,0,0,0
COC(=O)[C@H](Cc1cccc(C(=N)N)c1)[C@@H](C)NC(=O)c1ccc(-c2ccc[n+](C)c2)cc1,9.096910013008056,0.8,1,1,0,0,1,1
COC(=O)[C@H](Cc1cccc(C(=N)N)c1)[C@@H](C)NC(=O)c1ccc(-c2ncc[nH]2)cc1,7.337242168318426,46.0,1,1,0,1,1,1
N=C(N)NCCC[C@H](NC(=O)CN1CCCC[C@H](NS(=O)(=O)Cc2ccccc2)C1=O)C(=O)O,7.397940008672037,40.0,0,0,0,0,0,0
COC(=O)[C@H](Cc1cccc(C(=N)N)c1)[C@@H](C)NC(=O)c1ccc(-c2cccnc2)cc1,8.096910013008056,8.0,1,1,0,1,1,1
COC(=O)[C@H](Cc1cccc(C(=N)N)c1)[C@@H](C)NC(=O)c1ccc(-c2cc[n+]([O-])cc2)cc1,9.346787486224656,0.45,1,1,0,1,1,1
O=C(Cn1ccnc(NCC(F)(F)c2cccc[n+]2[O-])c1=O)NCc1cc(Cl)ccc1-n1cnnn1,8.301029995663981,5.0,1,1,0,0,1,1
CCOC(=O)C(Cc1cccc(C(=N)N)c1)NC(=O)CNS(=O)(=O)c1ccc(C#N)cc1,5.2839966563652006,5200.0,1,1,0,0,0,0
CCOC(=O)c1cc(Oc2cccc(C(=N)N)c2)nc(Oc2cccc(C(=N)N)c2)c1,7.468521082957745,34.0,0,0,0,0,0,0
COC(=O)[C@H](Cc1cccc(C(=N)N)c1)[C@@H](C)NC(=O)c1ccc(-c2ccccn2)cc1,9.050609993355089,0.89,1,1,0,1,1,1
N=C(N)c1ccc(Oc2cccc(Oc3ccccc3C(=N)N)n2)cc1,6.886056647693163,130.0,0,0,0,0,0,0
Cc1ccc(NS(=O)(=O)Cc2ccccc2)c(=O)n1CC(=O)NCc1cc(Cl)ccc1-n1cnnn1,7.958607314841775,11.0,0,0,0,0,1,1
COC(=O)[C@H](Cc1cccc(C(=N)N)c1)[C@@H](C)NC(=O)c1ccc(-c2cccc[n+]2C)cc1,8.920818753952375,1.2,1,1,0,0,1,1
COC(=O)[C@H](Cc1cccc(C(=N)N)c1)[C@@H](C)NC(=O)c1ccc(-n2ccnc2)cc1,8.221848749616356,6.0,1,1,0,1,1,1
N=C(N)c1cccc(Oc2nccc(Oc3cccc(C(=N)N)n3)n2)c1,6.920818753952375,120.0,0,0,0,0,0,0
CCOC(=O)C(Cc1cccc(C(=N)N)c1)NC(=O)CNS(=O)(=O)c1ccc(C)cc1,5.886056647693163,1300.0,0,0,0,0,0,0
N=C(N)c1ccc(CC(=O)CN2CCCC[C@H](NS(=O)(=O)c3ccc4c(c3)CCO4)C2=O)s1,7.278189384787454,52.7,0,0,0,0,0,0
COc1c(F)c(Oc2cccc(C(=N)N)c2)nc(Oc2cccc(C(=N)N)c2)c1F,7.638272163982407,23.0,1,1,0,0,0,0
Cc1c(F)c(Nc2cccc(C(=N)N)c2)nc(Oc2cccc(C(=N)N)c2)c1F,6.180456064458132,660.0,1,1,0,1,1,1
Cc1c(F)c(N(C)c2cccc(C(=N)N)c2)nc(N(C)c2cccc(C(=N)N)c2)c1F,7.008773924307505,98.0,0,0,0,0,0,0
COC(=O)[C@H](Cc1cccc(C(=N)N)c1)[C@@H](C)NC(=O)c1ccc(-c2ccncc2)cc1,9.30102999566398,0.5,1,1,0,1,1,1
COC(=O)[C@H](Cc1cccc(C(=N)N)c1)[C@@H](C)NC(=O)c1ccc(-c2ccc[n+]([O-])c2)cc1,8.698970004336019,2.0,0,0,0,0,1,1
COC(=O)[C@H](Cc1cccc(C(=N)N)c1)[C@@H](C)NC(=O)c1ccc(-c2cc[n+](C)cc2)cc1,8.568636235841012,2.7,1,1,0,1,1,1
N=C(N)c1ccc(Oc2cccc(Oc3ccc(C(=N)N)cc3)c2)cc1,6.013228265733755,970.0,0,0,0,0,0,0
CNC(=O)Nc1ccc(Oc2cccc(C(=N)N)c2)nc1Oc1cccc(C(=N)N)c1,7.229147988357855,59.0,0,0,0,0,1,1
CCOC(=O)C(Cc1cccc(C(=N)N)c1)NC(=O)CNS(=O)(=O)c1ccc(C(=N)S)cc1,6.1938200260161125,640.0,1,1,0,0,1,1
N=C(N)c1ccc(S(=O)(=O)NCC(=O)NC(Cc2cccc(C(=N)N)c2)C(=O)O)cc1,4.7447274948966935,18000.0,0,0,0,0,1,1
COC(=O)c1ccccc1CS(=O)(=O)N[C@H]1CCCCN(CC(=O)N[C@@H](CCCNC(=N)N)C(=O)O)C1=O,7.031517051446065,93.0,0,0,0,0,0,0
N=C(N)c1cccc(Oc2ccc(C(=O)O)c(Oc3cccc(C(=N)N)c3)n2)c1,7.022276394711152,95.0,0,0,0,0,0,0
CCOC(=O)C(Cc1ccc(C(=N)N)cc1)NC(=O)CNS(=O)(=O)c1ccc(C#N)cc1,5.060480747381382,8700.0,1,1,0,1,1,1
N=C(N)c1cccc(Oc2ccc(NC(=O)Nc3ccccc3)c(Oc3cccc(C(=N)N)c3)n2)c1,7.207608310501746,62.0,0,0,0,0,1,1
Cc1c(F)c(Oc2cccc(C(=N)N)c2)nc(N(C)c2cccc(C(=N)N)c2)c1F,7.920818753952375,12.0,1,1,0,0,1,1
N=C(N)c1ccc(CC(NC(=O)CNS(=O)(=O)c2ccc(C(=N)N)cc2)C(=O)O)cc1,5.443697499232712,3600.0,0,0,0,0,0,0
COC(=O)C(Cc1cccc(C(=N)N)c1)NC(=O)CNS(=O)(=O)c1ccc(C)cc1,5.7447274948966935,1800.0,0,0,0,0,0,0
COC(=O)[C@H](Cc1cccc(C(=N)N)c1)[C@@H](C)NC(=O)c1ccc(-c2cccc[n+]2[O-])cc1,9.236572006437065,0.58,1,1,0,0,1,1
N=C(N)c1cccc(Oc2cc(C(N)=O)cc(Oc3cccc(C(=N)N)c3)n2)c1,7.376750709602099,42.0,1,1,0,0,0,0
COC(=O)[C@H](Cc1cccc(C(=N)N)c1)[C@@H](C)NC(=O)c1ccc(-c2c[nH]cn2)cc1,8.522878745280337,3.0,1,1,0,1,1,1
CCOC(=O)C(Cc1ccc(C(=N)N)cc1)NC(=O)CNS(=O)(=O)c1ccc(C(=N)S)cc1,5.1487416512809245,7100.0,1,1,1,1,1,1
N=C(N)c1cccc(Oc2ccc(N)c(Oc3cccc(C(=N)N)c3)n2)c1,7.275724130399211,53.0,1,1,0,0,1,1
N=C(N)N1CCC(CC(=O)[C@@H]2Cc3cccc4c3N2C(=O)[C@@H](NS(=O)(=O)c2ccc3c(c2)CCO3)CC4)CC1,7.308034897232639,49.2,0,0,0,0,0,0
N=C(N)c1cccc(Oc2ccc(C(F)(F)F)c(Oc3cccc(C(=N)N)c3)n2)c1,6.958607314841775,110.0,0,0,0,0,0,0
CNC(=O)c1ccc(Oc2cccc(C(=N)N)c2)nc1Oc1cccc(C(=N)N)c1,6.638272163982407,230.0,0,0,0,0,0,0
N=C(N)c1cccc(Oc2ccc(NC(=O)NCC(N)=O)c(Oc3cccc(C(=N)N)c3)n2)c1,6.958607314841775,110.0,0,0,0,0,0,0
N=C(N)N1CCc2ccc(OC(C(=O)O)c3ccc(OC4CCNCC4)cc3)cc2C1,5.698970004336019,2000.0,0,0,0,0,1,1
CCOC(=O)C(Oc1ccc2c(c1)CN(C(=N)N)CC2)c1ccc(OC2CCN(C(C)=N)CC2)cc1,7.522878745280337,30.0,1,1,1,1,1,1
CC1(C)CC(=O)C=C(N2CC[C@H](Oc3ccc(C(Oc4ccc5c(c4)CN(C(=N)N)CC5)C(=O)O)cc3)C2)C1,6.698970004336019,200.0,0,0,0,0,1,0
CCOC(=O)C(Oc1ccc2c(c1)CN(C(=N)N)CC2)c1ccc(OC2CCOCC2)cc1,5.698970004336019,2000.0,1,1,0,1,1,1
CCOC(=O)C(Oc1ccc2c(c1)CN(C(=N)N)CC2)c1ccc(OC2CCN(C(=N)CC)CC2)cc1,7.522878745280337,30.0,1,1,0,0,1,1
CCOC(=O)C(Oc1ccc2c(c1)CN(C(=N)N)CC2)c1ccc(O[C@H]2CCNC2)cc1,6.3979400086720375,400.0,1,1,0,1,1,1
N=C(N)N1CCc2ccc(OC(C(=O)O)c3ccc(O[C@H]4CCN(C(=N)N)C4)cc3)cc2C1,6.698970004336019,200.0,1,1,0,1,1,1
N=C(N)N1CCc2ccc(OC(C(=O)O)c3ccc(OC4CCOCC4)cc3)cc2C1,5.522878745280337,3000.0,0,0,0,0,1,1
CCOC(=O)C(Oc1ccc2c(c1)CN(C(=N)N)CC2)c1ccc(O[C@H]2CCN(C3=CC(=O)CC(C)(C)C3)C2)cc1,6.698970004336019,200.0,0,0,0,0,1,0
CCOC(=O)C(Oc1ccc2c(c1)CN(C(=N)N)CC2)c1ccc(OC2CCN(C(C)=O)CC2)cc1,5.522878745280337,3000.0,1,1,1,1,1,1
CC(=O)N1CCC(Oc2ccc(C(Oc3ccc4c(c3)CN(C(=N)N)CC4)C(=O)O)cc2)CC1,6.3979400086720375,400.0,1,1,0,1,1,0
Cc1cc(OCC2CCN(C(=N)N)CC2)cc(OS(=O)(=O)c2ccccc2Cl)c1,4.096910013008056,80000.0,0,0,0,0,1,1
CCOC(=O)C(Oc1ccc2c(c1)CN(C(=N)N)CC2)c1ccc(O[C@H]2CCN(C(C)=N)C2)cc1,7.0,100.0,1,1,0,1,1,1
C=CCOC(=O)N1CC[C@H](Oc2ccc(C(Oc3ccc4c(c3)CN(C(=N)N)CC4)C(=O)OCC)cc2)C1,6.698970004336019,200.0,1,1,1,1,1,1
CCOC(=O)C(Oc1ccc2c(c1)CN(C(=N)N)CC2)c1ccc(OC2CCN(C(=N)N)CC2)cc1,7.552841968657781,28.0,1,1,1,1,1,1
C=CCN1CC[C@H](Oc2ccc(C(Oc3ccc4c(c3)CN(C(=N)N)CC4)C(=O)OCC)cc2)C1,6.0,1000.0,1,1,0,0,1,1
CCOC(=O)C(Oc1ccc2c(c1)CN(C(=N)N)CC2)c1ccc(OC2CCNCC2)cc1,5.698970004336019,2000.0,1,1,0,1,1,1
CCOC(=O)C(Oc1ccc2c(c1)CN(C(=N)N)CC2)c1ccc(OC2CCN(C(=N)c3ccc(OC)cc3)CC2)cc1,7.67778070526608,21.0,0,0,0,0,1,0
C=CCOC(=O)N1CCC(Oc2ccc(C(Oc3ccc4c(c3)CN(C(=N)N)CC4)C(=O)OCC)cc2)CC1,5.522878745280337,3000.0,1,1,1,1,1,1
N=C(N)N1CCC(Oc2ccc(C(Oc3ccc4c(c3)CN(C(=N)N)CC4)C(=O)O)cc2)CC1,7.356547323513812,44.0,1,1,0,1,1,1
CCOC(=O)C(Oc1ccc2c(c1)CN(C(=N)N)CC2)c1ccc(O[C@H]2CCN(C(=N)N)C2)cc1,6.698970004336019,200.0,1,1,0,1,1,1
Cc1cc(OCC2CCCN(C(=N)N)C2)cc(OS(=O)(=O)c2ccccc2Cl)c1,4.537602002101044,29000.0,1,1,0,1,1,1
CC(=N)N1CC[C@H](Oc2ccc(C(Oc3ccc4c(c3)CN(C(=N)N)CC4)C(=O)O)cc2)C1,7.096910013008056,80.0,1,1,0,0,1,1
CC(=N)N1CCC(Oc2ccc(C(Oc3ccc4c(c3)CN(C(=N)N)CC4)C(=O)O)cc2)CC1,7.259637310505756,55.0,1,1,0,1,1,1
N=C(N)N1CCc2ccc(OC(C(=O)O)c3ccc(O[C@H]4CCNC4)cc3)cc2C1,6.0,1000.0,1,1,0,1,1,1
Cc1cc(C(=O)Nc2ccc(-c3ccccc3S(N)(=O)=O)cc2)n(-c2ccccc2O)n1,5.920818753952375,1200.0,1,1,0,0,1,1
NCc1ccccc1-n1nc(C(F)(F)F)cc1C(=O)Nc1ccc(-c2ccccc2S(N)(=O)=O)cc1F,9.040958607678906,0.91,1,1,0,0,1,1
CN(C)Cc1ccccc1-n1nc(C(F)(F)F)cc1C(=O)Nc1ccc(-c2ccccc2S(C)(=O)=O)cc1F,6.096910013008056,800.0,1,1,0,0,1,1
COc1ccc(-n2nc(C(F)(F)F)cc2C(=O)Nc2ccc(-c3ccccc3S(N)(=O)=O)cc2F)cc1,8.3767507096021,4.2,1,1,0,0,1,1
COc1ccc(-n2nc(C)cc2C(=O)Nc2ccc(-c3ccccc3S(N)(=O)=O)cc2)cc1CN,6.568636235841013,270.0,1,1,0,0,1,1
COc1ccc(-n2nc(C(F)(F)F)cc2C(=O)Nc2ccc(-c3ccccc3S(N)(=O)=O)cn2)cc1,8.55284196865778,2.8,1,1,0,0,1,0
NCc1ccccc1-n1nc(C(F)(F)F)cc1C(=O)Nc1ccc(-c2ccccc2S(N)(=O)=O)cc1,8.744727494896694,1.8,1,1,0,0,1,1
COc1ccc(-n2nc(C(F)(F)F)cc2C(=O)Nc2ccc(-c3ccccc3S(C)(=O)=O)cc2)c(CN)c1,8.769551078621726,1.7,0,0,0,0,1,1
CC(C)NCc1ccccc1-n1nc(C(F)(F)F)cc1C(=O)Nc1ccc(-c2ccccc2S(C)(=O)=O)cc1F,7.42021640338319,38.0,1,1,0,0,1,1
CS(=O)(=O)c1ccccc1-c1ccc(NC(=O)c2cc(C(F)(F)F)nn2-c2ccccc2CNCc2ccccc2)c(F)c1,7.214670164989233,61.0,0,0,0,0,1,1
COc1ccc(-n2nc(C)cc2C(=O)Nc2ccc(-c3ccccc3S(N)(=O)=O)cc2)c(CN)c1,8.42021640338319,3.8,1,1,0,0,1,1
CNCc1ccccc1-n1nc(C(F)(F)F)cc1C(=O)Nc1ccc(-c2ccccc2S(C)(=O)=O)cc1F,7.552841968657781,28.0,1,1,0,0,1,1
Cc1cc(C(=O)Nc2ccc(-c3ccccc3S(N)(=O)=O)cc2)n(-c2cccc(O)c2)n1,6.785156151952302,164.0,1,1,0,0,1,1
COc1ccc(-n2nc(C)cc2C(=O)Nc2ccc(-c3ccccc3S(N)(=O)=O)cn2)cc1,7.795880017344075,16.0,1,1,0,0,1,0
COc1ccc(-n2nc(C(F)(F)F)cc2C(=O)Nc2ccc(-c3ccccc3S(N)(=O)=O)cc2)cc1,8.455931955649724,3.5,1,1,0,0,1,1
COc1ccc(-n2nc(C(F)(F)F)cc2C(=O)Nc2ccc(-c3ccccc3S(N)(=O)=O)cc2)c(CN)c1,8.619788758288394,2.4,0,0,0,0,1,1
CS(=O)(=O)c1ccccc1-c1ccc(NC(=O)c2cc(C(F)(F)F)nn2-c2ccccc2CN)cc1,9.0,1.0,1,1,0,0,1,1
COc1ccc(-n2nc(C(F)(F)F)cc2C(=O)Nc2ccc(-c3ccccc3S(C)(=O)=O)cc2F)cc1,8.443697499232712,3.6,1,1,0,0,1,1
COc1ccc(-n2nc(C(F)(F)F)cc2C(=O)Nc2ccc(-c3ccccc3S(C)(=O)=O)cc2F)c(CN)c1,9.267606240177033,0.54,1,1,0,0,1,1
CS(=O)(=O)c1ccccc1-c1ccc(NC(=O)c2cc(C(F)(F)F)nn2-c2ccccc2CN)c(F)c1,9.337242168318426,0.46,1,1,0,0,1,1
CS(=O)(=O)c1ccccc1-c1ccc(NC(=O)c2cc(C(F)(F)F)nn2-c2ccccc2CCN)c(F)c1,6.958607314841775,110.0,1,1,0,0,1,1
CS(=O)(=O)c1ccccc1-c1ccc(NC(=O)c2cc(C(F)(F)F)nn2-c2ccccc2CCCN)c(F)c1,6.221848749616356,600.0,1,1,0,0,1,1
COc1ccc(-n2nc(C)cc2C(=O)Nc2ccc(-c3ccccc3S(N)(=O)=O)cc2F)cc1,8.275724130399212,5.3,1,1,0,0,1,1
COc1ccc(-n2nc(C(F)(F)F)cc2C(=O)Nc2ccc(-c3ccccc3S(N)(=O)=O)cc2F)c(CN)c1,9.05551732784983,0.88,1,1,0,0,1,1
COc1cccc(-n2nc(C)cc2C(=O)Nc2ccc(-c3ccccc3S(N)(=O)=O)cc2)c1,6.958607314841775,110.0,1,1,0,1,1,1
Cc1cc(C(=O)Nc2ccc(-c3ccccc3S(N)(=O)=O)cc2)n(-c2ccc(O)cc2)n1,6.045757490560675,900.0,1,1,0,1,1,1
CS(=O)(=O)N[C@@H](C(=O)N1CCC[C@H]1C(=O)NCc1cc(C(=N)NN)cs1)C(c1ccccc1)c1ccccc1,4.229147988357856,59000.0,1,1,0,1,1,1
CS(=O)(=O)N[C@@H](C(=O)N1CCC[C@H]1C(=O)NCc1csc(CN)c1)C(c1ccccc1)c1ccccc1,4.0,100000.0,1,1,0,0,1,1
CS(=O)(=O)N[C@@H](C(=O)N1CCC[C@H]1C(=O)NCc1ccc(C(=N)N)cc1)C(c1ccccc1)c1ccccc1,6.522878745280337,300.0,1,1,0,0,1,1
CS(=O)(=O)N[C@H](Cc1ccc(Cl)c(Cl)c1)C(=O)N1CCC[C@H]1C(=O)NCc1ccc(C(=N)N)cc1,6.920818753952375,120.0,0,0,0,0,1,1
CS(=O)(=O)N[C@@H](C(=O)N1CCC[C@H]1C(=O)NCc1ccc(C(=N)N)s1)C(c1ccccc1)c1ccccc1,6.443697499232712,360.0,1,1,0,0,1,1
CS(=O)(=O)N[C@@H](C(=O)N1CCC[C@H]1C(=O)NCc1ccc(C(=N)NN)s1)C(c1ccccc1)c1ccccc1,6.714442690992226,193.0,1,1,0,1,1,1
CS(=O)(=O)N[C@@H](C(=O)N1CCC[C@H]1C(=O)NCc1ccc(C(=N)N)cc1)C1CCCCC1,5.301029995663981,5000.0,0,0,0,0,1,1
CS(=O)(=O)N[C@H](CC1CCCCC1)C(=O)N1CCC[C@H]1C(=O)NCc1ccc(C(=N)N)cc1,6.698970004336019,200.0,0,0,0,0,1,1
N=C(N)c1ccc(NC(=O)NCC(=O)NCc2cccc(Br)c2)cc1,5.107905397309519,7800.0,0,0,0,0,0,0
Nc1noc2ccc(-n3nc(C(F)(F)F)cc3C(=O)Nc3ccc(-c4ccccc4S(N)(=O)=O)cc3F)cc12,9.795880017344077,0.16,0,0,0,0,1,1
Nc1noc2ccc(-n3nc(C(F)(F)F)cc3C(=O)Nc3ccc(-c4ccncc4S(N)(=O)=O)cc3F)cc12,10.0,0.1,0,0,0,0,1,1
Cn1ccnc1-c1ccc(NC(=O)c2cc(C(F)(F)F)nn2-c2ccc3onc(N)c3c2)c(F)c1,9.292429823902063,0.51,1,1,0,1,1,1
Nc1noc2ccc(-n3nc(C(F)(F)F)cc3C(=O)Nc3ccc(C(=O)N4CCCC4)cc3F)cc12,9.036212172654444,0.92,0,0,0,0,1,1
Nc1noc2ccc(-n3nc(C(F)(F)F)cc3C(=O)Nc3ccc(N4CCOCC4)cc3F)cc12,8.200659450546418,6.3,1,1,0,0,1,1
Cc1nccn1-c1ccc(NC(=O)c2cc(C(F)(F)F)nn2-c2ccc3onc(N)c3c2)c(C#N)c1,9.2839966563652,0.52,1,1,0,0,1,1
Cc1nccn1-c1ccc(NC(=O)c2cc(C(F)(F)F)nn2-c2ccc3onc(N)c3c2)cc1,9.221848749616356,0.6,0,0,0,0,1,1
Cc1nccn1-c1ccc(NC(=O)c2cc(C(F)(F)F)nn2-c2ccc3onc(N)c3c2)c(-n2ccnc2C)c1,8.795880017344075,1.6,0,0,0,0,1,0
COc1cc(-n2ccnc2C)ccc1NC(=O)c1cc(C(F)(F)F)nn1-c1ccc2onc(N)c2c1,8.55284196865778,2.8,0,0,0,0,1,0
Cc1nccn1-c1ccc(NC(=O)c2cc(C(F)(F)F)nn2-c2ccc3onc(N)c3c2)c(C(N)=O)c1,8.113509274827518,7.7,1,1,0,0,1,1
Cc1nccn1-c1ccc(NC(=O)c2cc(C(F)(F)F)nn2-c2ccc3onc(N)c3c2)c(F)c1,9.154901959985745,0.7,1,1,0,1,1,1
CCc1nccn1-c1ccc(NC(=O)c2cc(C(F)(F)F)nn2-c2ccc3onc(N)c3c2)c(F)c1,9.136677139879543,0.73,0,0,0,0,1,0
Nc1noc2ccc(-n3nc(C(F)(F)F)cc3C(=O)Nc3ccc(-n4ccnc4CO)cc3F)cc12,9.0,1.0,1,1,0,0,1,1
NCc1nccn1-c1ccc(NC(=O)c2cc(C(F)(F)F)nn2-c2ccc3onc(N)c3c2)c(F)c1,8.522878745280337,3.0,1,1,0,0,1,1
CNCc1nccn1-c1ccc(NC(=O)c2cc(C(F)(F)F)nn2-c2ccc3onc(N)c3c2)c(F)c1,9.769551078621726,0.17,1,1,0,0,1,1
Nc1noc2ccc(-n3nc(C(F)(F)F)cc3C(=O)Nc3ccc(-n4ccnc4CN4CCCC4)cc3F)cc12,9.431798275933003,0.37,0,0,0,0,1,1
CS(=O)(=O)c1ccccc1-c1ccc(NC(=O)c2cc(C(F)(F)F)nn2-c2ccc3onc(N)c3c2)c(F)c1,10.045757490560677,0.09,1,1,0,0,1,1
CS(=O)(=O)c1ccccc1-c1ccc(NC(=O)c2cc(C(F)(F)F)nn2-c2cccc(CN)c2)c(F)c1,9.82390874094432,0.15,1,1,0,1,1,1
CC(C)c1nccn1-c1ccc(NC(=O)c2cc(C(F)(F)F)nn2-c2ccc3onc(N)c3c2)c(F)c1,8.795880017344075,1.6,0,0,0,0,1,1
COc1cc(CNc2ccc(C(=N)N)cc2)ccc1OCc1ccccc1,5.920818753952375,1200.0,0,0,0,0,0,0
COc1cc(CNc2ccc(C(=N)N)cc2)c(NS(C)(=O)=O)cc1OCc1ccccc1,4.585026652029182,26000.0,0,0,0,0,0,0
COc1cc([C@@H](Nc2ccc(C(=N)N)cc2)C(=O)N[C@H](C(=O)O)c2ccccc2)ccc1OCc1ccccc1,5.096910013008056,8000.0,0,0,0,0,0,0
COc1cc([C@@H](Nc2ccc(C(=N)N)cc2)C(=O)N[C@H](C(=O)O)c2ccccc2)c(S(=O)(=O)c2ccccc2)cc1OCc1ccccc1,4.906578314837765,12400.0,0,0,0,0,0,0
COc1cc([C@@H](Nc2ccc(C(=N)N)cc2)C(=O)N[C@H](C(=O)O)c2ccccc2)c(C(=O)Cc2ccccc2)cc1OCc1ccccc1,4.721246399047171,19000.0,0,0,0,0,0,0
COc1ccc(C(Nc2ccc(C(=N)N)cc2)C(=O)NCc2ccccc2)cc1OC,4.522878745280337,30000.0,0,0,0,0,0,0
CCOc1ccc(C(Nc2ccc(C(=N)N)cc2)C(=O)NCc2ccccc2)cc1OCC,4.721246399047171,19000.0,0,0,0,0,0,0
COc1cc(C(Nc2ccc(C(=N)N)cc2)C(=O)NCc2ccccc2)ccc1OCc1ccccc1,5.275724130399211,5300.0,0,0,0,0,0,0
CCOc1cc(C(Nc2ccc(C(=N)N)cc2)C(=O)NCc2ccccc2)ccc1OCc1ccccc1,5.346787486224656,4500.0,0,0,0,0,0,0
CCOc1ccc(CNc2ccc(C(=N)N)cc2)cc1OCC,4.4089353929735005,39000.0,0,0,0,0,0,0
N=C(N)c1ccc2[nH]cc(C(Cc3ccccc3)C(=O)Nc3ccc(-c4ccccc4S(N)(=O)=O)cc3)c2c1,9.200659450546418,0.63,0,0,0,0,1,1
COC(=O)[C@@H]1CCCCC1NC(=O)C(Cc1ccccc1)c1c[nH]c2ccc(C(=N)N)cc12,7.721246399047171,19.0,1,1,0,0,1,0
CCOC(=O)[C@@H]1CCCCC1NC(=O)C(Cc1ccccc1)c1coc2ccc(C(=N)N)cc12,6.568636235841013,270.0,1,1,0,0,0,0
CCOC(=O)[C@@H]1CCCCC1NC(=O)C(Cc1ccccc1)c1cccc2ccc(C(=N)N)cc12,6.275724130399211,530.0,1,1,0,0,0,0
CC(C)N1CC(NC(=O)c2cc3ccccc3n2Cc2cc(-c3ccc(Cl)s3)on2)C1,6.647817481888637,225.0,1,1,0,1,1,1
CC(C)CN1CC(NC(=O)c2cc3ccccc3n2Cc2cc(-c3ccc(Cl)s3)on2)C1,6.462180904926726,345.0,1,1,0,0,1,1
CC(C)N1CC(CNC(=O)c2cc3ccccc3n2Cc2cc(-c3ccc(Cl)s3)on2)C1,6.0762380391713,839.0,1,1,0,0,1,1
O=C(NC1CCN(c2ccncc2)CC1)c1cc2ccccc2n1Cc1cc(-c2ccc(Cl)s2)on1,7.853871964321762,14.0,1,1,0,1,1,1
O=C(NC1CCN(c2ccncn2)CC1)c1cc2ccccc2n1Cc1cc(-c2ccc(Cl)s2)on1,7.022276394711152,95.0,0,0,0,0,1,1
O=C(NCC1CCN(c2ccncc2)CC1)c1cc2ccccc2n1Cc1cc(-c2ccc(Cl)s2)on1,7.1938200260161125,64.0,0,0,0,0,1,1
O=C(c1cc2ccccc2n1Cc1cc(-c2ccc(Cl)s2)on1)N1CCC(Nc2ccncc2)CC1,7.744727494896693,18.0,1,1,0,1,1,1
O=C(c1cc2ccccc2n1Cc1cc(-c2ccc(Cl)s2)on1)N1CCC(Oc2ccncc2)CC1,5.537602002101044,2900.0,1,1,0,1,1,1
O=C(NC1CN(c2ccncc2)C1)c1cc2ccccc2n1Cc1cc(-c2ccc(Cl)s2)on1,7.920818753952375,12.0,0,0,0,0,1,1
CC(C)N1CCC(NC(=O)c2cc3ccccc3n2-c2ccc(Cl)cc2)CC1,5.6777807052660805,2100.0,1,1,0,0,1,1
COc1cccc(-n2c(C(=O)NC3CCN(C(C)C)CC3)cc3ccccc32)c1,5.605548319173784,2480.0,1,1,0,0,1,1
CC(C)N1CCC(NC(=O)c2cc3ccccc3n2-c2cccc(Cl)c2)CC1,5.045275209020937,9010.0,1,1,0,0,1,1
CC(C)N1CCC(NC(=O)c2cc3ccccc3n2Cc2ccc(Cl)cc2)CC1,5.6020599913279625,2500.0,1,1,0,0,1,1
COc1cccc(Cn2c(C(=O)NC3CCN(C(C)C)CC3)cc3ccccc32)c1,7.050609993355087,89.0,1,1,0,0,1,1
CC(C)N1CCC(NC(=O)c2cc3ccccc3n2Cc2cccc(Cl)c2)CC1,6.184422251675732,654.0,1,1,0,0,1,1
CC(C)N1CCC(NC(=O)c2cc3ccccc3n2CCc2ccc(Cl)cc2)CC1,7.136677139879544,73.0,1,1,0,0,1,1
CC(C)N1CCC(NC(=O)c2cc3ccccc3n2CCc2ccc(Cl)cc2Cl)CC1,6.324221658325915,474.0,0,0,0,0,1,1
CC(C)N1CCC(NC(=O)c2cc3ccccc3n2Cc2cc3ccc(Cl)cc3s2)CC1,7.397940008672037,40.0,1,1,0,1,1,1
CC(C)N1CCC(NC(=O)c2cc3ccccc3n2Cc2cc(-c3ccc(Cl)cc3)on2)CC1,6.091514981121351,810.0,1,1,0,1,1,1
CC(C)N1CCC(NC(=O)c2cc3ccccc3n2Cc2cc(-c3ccc(Cl)cc3)no2)CC1,6.3979400086720375,400.0,1,1,0,1,1,1
CC(C)N1CCC(NC(=O)c2cc3ccccc3n2Cc2nc(-c3ccc(Cl)cc3)no2)CC1,5.651695136951839,2230.0,1,1,0,1,1,1
CC(C)N1CCC(NC(=O)c2cc3ccccc3n2Cc2cnc(-c3ccc(Cl)cc3)s2)CC1,5.563837352959244,2730.0,1,1,0,1,1,1
CC(C)N1CCC(NC(=O)c2cc3ccccc3n2Cc2cc(-c3ccc(Cl)s3)on2)CC1,8.522878745280337,3.0,1,1,0,1,1,1
CC(C)N1CCC(NC(=O)c2cc3ccccc3n2Cc2cc(-c3ccc(Cl)s3)no2)CC1,8.522878745280337,3.0,1,1,0,1,1,1
CC(C)N1CCC(NC(=O)c2cc3ccccc3n2Cc2nnc(-c3ccc(Cl)s3)s2)CC1,8.397940008672037,4.0,1,1,0,1,1,1
CC(C)N1CCC(NC(=O)c2cc3ccccc3n2Cc2cnc(-c3ccc(Cl)s3)s2)CC1,7.244125144327507,57.0,1,1,0,1,1,1
CC(C)N1CCC(NC(=O)c2cc3ccccc3n2CC(=O)Nc2ccc(Cl)s2)CC1,7.823908740944319,15.0,1,1,0,1,1,1
CC(C)N1CCC(NC(=O)c2cc3ccccc3n2CC(=O)Nc2ccc(Cl)cc2)CC1,8.522878745280337,3.0,1,1,0,0,1,1
CC(C)N1CCC(NC(=O)c2cc3ccccc3n2CC(=O)Nc2cccc(Cl)c2)CC1,6.542118103266008,287.0,1,1,0,1,1,1
CC(C)N1CCC(NC(=O)c2cc3ccccc3n2CC(=O)Nc2ccc(Cl)cn2)CC1,9.0,1.0,1,1,0,1,1,1
CN1CCC(NC(=O)c2cc3ccccc3n2Cc2cc(-c3ccc(Cl)s3)on2)CC1,7.397940008672037,40.0,1,1,0,1,1,1
CCN1CCC(NC(=O)c2cc3ccccc3n2Cc2cc(-c3ccc(Cl)s3)on2)CC1,7.744727494896693,18.0,1,1,0,0,1,1
CCCN1CCC(NC(=O)c2cc3ccccc3n2Cc2cc(-c3ccc(Cl)s3)on2)CC1,7.1938200260161125,64.0,1,1,0,0,1,1
CCC(CC)N1CCC(NC(=O)c2cc3ccccc3n2Cc2cc(-c3ccc(Cl)s3)on2)CC1,6.657577319177793,220.0,1,1,0,0,1,1
CC(C)CN1CCC(NC(=O)c2cc3ccccc3n2Cc2cc(-c3ccc(Cl)s3)on2)CC1,6.847711655616943,142.0,1,1,0,1,1,1
O=C(NC1CCN(C2CC2)CC1)c1cc2ccccc2n1Cc1cc(-c2ccc(Cl)s2)on1,7.568636235841013,27.0,1,1,0,1,1,1
O=C(NC1CCN(C2CCCC2)CC1)c1cc2ccccc2n1Cc1cc(-c2ccc(Cl)s2)on1,7.1487416512809245,71.0,1,1,0,1,1,1
O=C(NC1CCN(C2CCCCC2)CC1)c1cc2ccccc2n1Cc1cc(-c2ccc(Cl)s2)on1,6.97469413473523,106.0,0,0,0,0,1,1
CC(C)NC1CCN(C(=O)c2cc3ccccc3n2Cc2cc(-c3ccc(Cl)s3)on2)CC1,5.523313257054356,2997.0,1,1,0,0,1,1
CC(C)N1CCC(CNC(=O)c2cc3ccccc3n2Cc2cc(-c3ccc(Cl)s3)on2)CC1,6.79317412396815,161.0,1,1,0,0,1,1
O=C(NC1CCN(CCO)CC1)c1cc2ccccc2n1Cc1cc(-c2ccc(Cl)s2)on1,6.882728704344236,131.0,0,0,0,0,1,1
O=C(NC1CCN(C2CCOCC2)CC1)c1cc2ccccc2n1Cc1cc(-c2ccc(Cl)s2)on1,7.022276394711152,95.0,0,0,0,0,1,1
CC(=O)N1CCC(NC(=O)c2cc3ccccc3n2Cc2cc(-c3ccc(Cl)s3)on2)CC1,6.117475462045119,763.0,1,1,0,1,1,1
CS(=O)(=O)N1CCC(NC(=O)c2cc3ccccc3n2Cc2cc(-c3ccc(Cl)s3)on2)CC1,6.903089986991944,125.0,0,0,0,0,1,1
NC(=O)N1CCC(NC(=O)c2cc3ccccc3n2Cc2cc(-c3ccc(Cl)s3)on2)CC1,5.968591535748375,1075.0,1,1,0,1,1,1
N=C(N)c1cccc(-n2nc(C(F)(F)F)cc2C(=O)Nc2ccc(-n3cnc4cccnc43)cc2F)c1,10.69897000433602,0.02,1,1,0,1,1,1
N=C(N)c1cccc(-n2nc(C(F)(F)F)cc2C(=O)Nc2ccc(-n3cnc4cc(Cl)ccc43)cc2F)c1,9.3767507096021,0.42,1,1,0,0,1,1
N=C(N)c1cccc(-n2nc(C(F)(F)F)cc2C(=O)Nc2ccc(-n3cnc4ccc(Cl)cc43)cc2F)c1,9.602059991327964,0.25,1,1,0,0,1,1
N=C(N)c1cccc(-n2nc(C(F)(F)F)cc2C(=O)Nc2ccc(-n3cnc4cc(C(F)(F)F)ccc43)cc2F)c1,9.537602002101044,0.29,1,1,0,1,1,1
Cc1ccc2c(c1)ncn2-c1ccc(NC(=O)c2cc(C(F)(F)F)nn2-c2cccc(C(=N)N)c2)c(F)c1,9.568636235841012,0.27,0,0,0,0,1,1
N=C(N)c1cccc(-n2nc(C(F)(F)F)cc2C(=O)Nc2ccc(-n3cnc4cc(N)ccc43)cc2F)c1,9.920818753952377,0.12,1,1,0,0,1,1
N=C(N)c1cccc(-n2nc(C(F)(F)F)cc2C(=O)Nc2ccc(-n3cnc4cc([N+](=O)[O-])ccc43)cc2F)c1,10.096910013008056,0.08,1,1,0,1,1,1
N=C(N)c1cccc(-n2nc(C(F)(F)F)cc2C(=O)Nc2ccc(-n3cnc4cc(Cl)c(Cl)cc43)cc2F)c1,9.568636235841012,0.27,0,0,0,0,1,1
N=C(N)c1cccc(-n2nc(C(F)(F)F)cc2C(=O)Nc2ccc(-n3ccc4ccccc43)cc2F)c1,8.267606240177031,5.4,1,1,0,1,1,1
N=C(N)c1cccc(-n2nc(C(F)(F)F)cc2C(=O)Nc2ccc(N3C(=O)N=C4C=CC=CC43)cc2)c1,10.30102999566398,0.05,0,0,0,0,1,0
N=C(N)c1cccc(-n2nc(C(F)(F)F)cc2C(=O)Nc2ccc(-n3ccnc3)cc2)c1,10.045757490560677,0.09,0,0,0,0,1,0
N=C(N)c1cccc(-n2nc(Cn3ccnc3)cc2C(=O)Nc2ccc(-n3cnc4ccccc43)cc2)c1,9.236572006437065,0.58,0,0,0,0,0,0
N=C(N)c1cccc(-n2nc(Cn3cncn3)cc2C(=O)Nc2ccc(-n3cnc4ccccc43)cc2)c1,9.721246399047171,0.19,0,0,0,0,0,0
N=C(N)c1cccc(-n2nc(Cn3ccnn3)cc2C(=O)Nc2ccc(-n3cnc4ccccc43)cc2)c1,9.585026652029182,0.26,0,0,0,0,0,0
N=C(N)c1cccc(-n2nc(Cn3cnnn3)cc2C(=O)Nc2ccc(-n3cnc4ccccc43)cc2)c1,9.508638306165729,0.31,0,0,0,0,0,0
N=C(N)c1cccc(-n2nc(-c3cccnc3)cc2C(=O)Nc2ccc(-n3cnc4ccccc43)cc2)c1,9.69897000433602,0.2,0,0,0,0,0,0
N=C(N)c1cccc(-n2nc(-c3cccnc3)cc2C(=O)Nc2ccc(-n3cnc4cc(Cl)ccc43)cc2)c1,9.187086643357144,0.65,0,0,0,0,0,0
CC(C(=O)Nc1ccc(-n2cnc3ccccc32)cc1)c1c[nH]c2ccc(C(=N)N)cc12,8.522878745280337,3.0,0,0,0,0,0,0
CC(C)(C(=O)Nc1ccc(-n2cnc3ccccc32)cc1)c1c[nH]c2ccc(C(=N)N)cc12,8.657577319177793,2.2,0,0,0,0,0,0
CCC(C(=O)Nc1ccc(-n2cnc3ccccc32)cc1)c1c[nH]c2ccc(C(=N)N)cc12,8.55284196865778,2.8,0,0,0,0,0,0
N=C(N)c1ccc2[nH]cc(C(CC3CC3)C(=O)Nc3ccc(-n4cnc5ccccc54)cc3)c2c1,7.853871964321762,14.0,0,0,0,0,1,0
N=C(N)c1ccc2[nH]cc(C(CCc3ccccc3)C(=O)Nc3ccc(-n4cnc5ccccc54)cc3F)c2c1,8.214670164989233,6.1,1,1,0,0,0,0
N=C(N)c1ccc2[nH]cc(C(Cc3ccc4ccccc4c3)C(=O)Nc3ccc(-n4cnc5ccccc54)cc3F)c2c1,7.552841968657781,28.0,0,0,0,0,1,1
N=C(N)c1ccc2[nH]cc(C(Cc3cccc(C(=O)O)c3)C(=O)Nc3ccc(-n4cnc5ccccc54)cc3F)c2c1,8.744727494896694,1.8,0,0,0,0,1,1
N=C(N)c1ccc2[nH]cc(C(Cc3ccc(N)cc3)C(=O)Nc3ccc(-n4cnc5ccccc54)cc3)c2c1,8.397940008672037,4.0,1,1,0,0,0,0
N=C(N)c1ccc2[nH]cc(C(Cc3cccnc3)C(=O)Nc3ccc(-n4cnc5ccccc54)cc3)c2c1,8.154901959985743,7.0,1,1,0,0,0,0
N=C(N)c1ccc2[nH]cc(C(Cc3ccc(NC(=O)c4ccccc4)cc3)C(=O)Nc3ccc(-n4cnc5ccccc54)cc3)c2c1,7.744727494896693,18.0,0,0,0,0,0,0
N=C(N)c1ccc2[nH]cc(C(Cc3ccc(NS(=O)(=O)c4ccccc4)cc3)C(=O)Nc3ccc(-n4cnc5ccccc54)cc3)c2c1,7.721246399047171,19.0,0,0,0,0,0,0
N=C(N)c1ccc2ccn(C(Cc3ccccc3)C(=O)Nc3ccc(-n4cnc5ccccc54)cc3F)c2c1,8.2518119729938,5.6,0,0,0,0,1,1
Cn1cc(C(Cc2ccccc2)C(=O)Nc2ccc(-n3cnc4ccccc43)cc2F)c2cc(C(=N)N)ccc21,6.795880017344075,160.0,0,0,0,0,1,1
N=C(N)c1ccc2[nH]cc(CC(Cc3ccccc3)C(=O)Nc3ccc(-n4cnc5ccccc54)cc3)c2c1,7.346787486224656,45.0,1,1,0,0,0,0
N=C(N)c1ccc2[nH]cc(C(CC(=O)Nc3ccc(-n4cnc5ccccc54)cc3)Cc3ccccc3)c2c1,7.443697499232712,36.0,0,0,0,0,1,0
N=C(N)c1ccc2[nH]cc(C(Cc3ccccc3)C(=O)NCc3ccc(-n4cnc5ccccc54)cc3)c2c1,7.142667503568732,72.0,1,1,0,0,1,1
N=C(N)c1ccc2[nH]cc(C(Cc3ccccc3)C(=O)NCc3ccc(C(=O)Nc4nc5ccccc5[nH]4)cc3)c2c1,6.091514981121351,810.0,0,0,0,0,1,1
N=C(N)c1ccc2[nH]cc(C(Cc3ccccc3)C(=O)NCc3cccc(C(=O)Nc4nc5ccccc5[nH]4)c3)c2c1,5.585026652029182,2600.0,0,0,0,0,1,0
N=C(N)c1ccc2[nH]cc(C(Cc3ccccc3)C(=O)Nc3ccc(-n4cnc(-c5ccccc5)c4)cc3)c2c1,7.102372908709558,79.0,1,1,0,0,1,1
CS(=O)(=O)c1ccc2[nH]c(NC(=O)c3ccc(CNC(=O)C(Cc4ccccc4)c4c[nH]c5ccc(C(=N)N)cc45)cc3)nc2c1,5.958607314841775,1100.0,0,0,0,0,1,0
Cc1cc(C(=O)Nc2ccc(-n3cnc4ccccc43)cc2)n(-c2cccc(C(=N)N)c2)n1,9.42021640338319,0.38,0,0,0,0,1,1
N=C(N)c1cccc(-n2nc(C(F)(F)F)cc2C(=O)Nc2ccc(-n3cnc4ccccc43)cc2)c1,10.045757490560677,0.09,1,1,0,0,1,0
N=C(N)c1cccc(-n2nc(C(F)(F)F)cc2C(=O)Nc2ccc(-n3cnc4ccccc43)cc2F)c1,10.0,0.1,1,1,0,1,1,1
N=C(N)c1cccc(-n2nc(C(F)(F)F)cc2C(=O)Nc2ccc(-n3cnc4ncccc43)cc2F)c1,10.69897000433602,0.02,1,1,0,1,1,1
N=C(N)c1cccc(-n2nc(C(F)(F)F)cc2C(=O)Nc2ccc(-n3cnc4cnccc43)cc2F)c1,10.522878745280336,0.03,1,1,0,1,1,1
N=C(N)c1cccc(-n2nc(C(F)(F)F)cc2C(=O)Nc2ccc(-n3cnc4ccncc43)cc2F)c1,10.397940008672036,0.04,1,1,0,1,1,1
CC(C)N1CCC(NC(=O)c2cc3cc(F)ccc3n2Cc2cc(-c3ccc(Cl)s3)on2)CC1,8.522878745280337,3.0,1,1,0,0,1,1
CC(C)N1CCC(NC(=O)c2cc3cc(Cl)ccc3n2Cc2cc(-c3ccc(Cl)s3)on2)CC1,8.301029995663981,5.0,1,1,0,0,1,1
CC(C)N1CCC(NC(=O)c2cc3cc(Br)ccc3n2Cc2cc(-c3ccc(Cl)s3)on2)CC1,8.045757490560675,9.0,1,1,0,0,1,1
CC(C)N1CCC(NC(=O)c2cc3cc(OCc4ccccc4)ccc3n2Cc2cc(-c3ccc(Cl)s3)on2)CC1,6.078313524516398,835.0,0,0,0,0,1,1
Cc1ccc2c(c1)cc(C(=O)NC1CCN(C(C)C)CC1)n2Cc1cc(-c2ccc(Cl)s2)on1,8.045757490560675,9.0,0,0,0,0,1,1
CC(C)N1CCC(NC(=O)c2cc3cc(C#N)ccc3n2Cc2cc(-c3ccc(Cl)s3)on2)CC1,8.698970004336019,2.0,1,1,0,0,1,1
CC(C)N1CCC(NC(=O)c2cc3cc(S(C)(=O)=O)ccc3n2Cc2cc(-c3ccc(Cl)s3)on2)CC1,7.698970004336019,20.0,1,1,0,0,1,1
CC(C)N1CCC(NC(=O)c2cc3cc([N+](=O)[O-])ccc3n2Cc2cc(-c3ccc(Cl)s3)on2)CC1,9.0,1.0,1,1,0,0,1,1
CC(C)N1CCC(NC(=O)c2cc3c(Cl)cccc3n2Cc2cc(-c3ccc(Cl)s3)on2)CC1,8.154901959985743,7.0,1,1,0,0,0,0
CC(C)N1CCC(NC(=O)c2cc3ccc(Cl)cc3n2Cc2cc(-c3ccc(Cl)s3)on2)CC1,8.154901959985743,7.0,1,1,0,0,0,0
CC(C)N1CCC(NC(=O)c2cc3cccc(Cl)c3n2Cc2cc(-c3ccc(Cl)s3)on2)CC1,9.154901959985745,0.7,1,1,0,0,0,0
Cc1cccc2c1cc(C(=O)NC1CCN(C(C)C)CC1)n2Cc1cc(-c2ccc(Cl)s2)on1,8.522878745280337,3.0,0,0,0,0,0,0
Cc1ccc2cc(C(=O)NC3CCN(C(C)C)CC3)n(Cc3cc(-c4ccc(Cl)s4)on3)c2c1,7.744727494896693,18.0,1,1,0,0,0,0
Cc1cccc2cc(C(=O)NC3CCN(C(C)C)CC3)n(Cc3cc(-c4ccc(Cl)s4)on3)c12,9.602059991327964,0.25,1,1,0,0,1,1
Cc1ccc(C)c2c1cc(C(=O)NC1CCN(C(C)C)CC1)n2Cc1cc(-c2ccc(Cl)s2)on1,9.0,1.0,0,0,0,0,0,0
CC(C)N1CCC(NC(=O)c2cc3cccc([N+](=O)[O-])c3n2Cc2cc(-c3cc(Cl)cs3)on2)CC1,10.0,0.1,0,0,0,0,0,0
CC(C)N1CCC(NC(=O)c2c(F)c3ccccc3n2Cc2cc(-c3ccc(Cl)s3)on2)CC1,8.698970004336019,2.0,1,1,0,0,1,1
CC(C)N1CCC(NC(=O)c2c(Cl)c3ccccc3n2Cc2cc(-c3ccc(Cl)s3)on2)CC1,8.698970004336019,2.0,1,1,0,0,1,1
CC(C)N1CCC(NC(=O)c2c(Br)c3ccccc3n2Cc2cc(-c3ccc(Cl)s3)on2)CC1,8.698970004336019,2.0,1,1,0,0,1,1
Cc1c(C(=O)NC2CCN(C(C)C)CC2)n(Cc2cc(-c3ccc(Cl)s3)on2)c2ccccc12,8.522878745280337,3.0,0,0,0,0,1,1
CC(C)N1CCC(NC(=O)c2c(-c3ccccc3)c3ccccc3n2Cc2cc(-c3ccc(Cl)s3)on2)CC1,7.259637310505756,55.0,0,0,0,0,1,1
CC(C)N1CCC(NC(=O)c2c(C#N)c3ccccc3n2Cc2cc(-c3ccc(Cl)s3)on2)CC1,9.522878745280336,0.3,1,1,0,0,1,1
Cc1cccc2c(C#N)c(C(=O)NC3CCN(C(C)C)CC3)n(Cc3cc(-c4ccc(Cl)s4)on3)c12,10.154901959985745,0.07,0,0,0,0,1,1
CC(C)N1CCC(NC(=O)c2c(C#N)c3cc(S(C)(=O)=O)ccc3n2Cc2cc(-c3ccc(Cl)s3)on2)CC1,8.154901959985743,7.0,0,0,0,0,0,0
COc1cccc(Cn2c(C(=O)NC3CCN(C(C)C)CC3)c(C#N)c3cccc(C)c32)c1,6.391473966422806,406.0,0,0,0,0,1,1
Cc1cccc2cc(C(=O)NC3CCN(C(C)C)CC3)n(CC(=O)Nc3ccc(Cl)cc3)c12,8.522878745280337,3.0,0,0,0,0,1,1
Cc1cccc2c(C#N)c(C(=O)NC3CCN(C(C)C)CC3)n(CC(=O)Nc3ccc(Cl)cc3)c12,7.585026652029182,26.0,0,0,0,0,1,1
Cc1cccc2c1cc(C(=O)NC1CCN(C(C)C)CC1)n2CC(=O)Nc1ccc(C(=N)N)cc1,7.602059991327962,25.0,0,0,0,0,0,0
CC(=O)Nc1ccc(CCOc2cc(C(=O)NCC3CCN(c4ccncc4)CC3)ccc2Cl)cc1,5.0,10000.0,1,1,0,0,1,1
CC(C)(C)OC(=O)Nc1ccc(CCOc2cc(C(=O)NCC3CCN(c4ccncc4)CC3)ccc2F)cc1,5.0,10000.0,0,0,0,0,1,1
CC(=O)Nc1ccc(CCOc2cc(C(=O)NCC3CCN(c4ccncc4)CC3)ccc2F)cc1,5.0,10000.0,1,1,0,0,1,1
CC(=O)Oc1cc(C(=O)NCC2CCN(c3ccncc3)CC2)cc(OCCc2ccc(Cl)cc2Cl)c1Br,6.54515513999149,285.0,1,1,0,0,1,1
COc1cc(C(=O)NCC2CCN(c3ccncc3)CC2)cc(OCCc2ccc(Cl)cc2)c1Cl,7.602059991327962,25.0,1,1,0,0,0,0
CCN(CC)C(=O)[C@H](CCCN=C(N)N)NC(=O)c1ccc(OC)c(OCCc2ccc(Cl)cc2Cl)c1,6.815308569182402,153.0,0,0,0,0,1,0
COc1ccc(C(=O)NCC2CCN(C(=N)N)CC2)cc1OCCc1ccc(Cl)cc1Cl,6.723538195826756,189.0,1,1,0,1,1,1
COc1ccc(C(=O)NCC2CCN(c3ccnc(O)c3)CC2)cc1OCCc1ccc(Cl)cc1Cl,6.022276394711152,950.0,1,1,0,1,1,1
COc1ccc(C(=O)NCC2CC(c3ccncc3)=NO2)cc1OCCc1ccc(Cl)cc1Cl,5.947690900352677,1128.0,1,1,0,1,1,1
COc1ccc(C(=O)N2CCN(Cc3ccccn3)CC2)cc1OCCc1ccc(Cl)cc1Cl,5.812479279163537,1540.0,1,1,0,0,1,0
COc1ccc(C(=O)NCC2CC(c3cc[n+]([O-])cc3)=NO2)cc1OCCc1ccc(Cl)cc1Cl,6.017728766960431,960.0,1,1,0,1,1,1
Cc1ccc(C(=O)N2CCN(Cc3cc[n+]([O-])cc3)CC2)cc1OCCc1ccc(Cl)cc1Cl,6.39040559077478,407.0,0,0,0,0,1,1
O=C(c1ccc(CO)c(OCCc2ccc(Cl)cc2Cl)c1)N1CCN(Cc2cc[n+]([O-])cc2)CC1,5.207608310501746,6200.0,0,0,0,0,1,1
COc1ccc(C(=O)NCC2CCN(c3cc(C)nc(N)n3)CC2)cc1OCCc1ccc(Cl)cc1Cl,5.0,10000.0,1,1,0,0,1,1
COc1ccc(C(=O)NCC2CCN(c3ccnc(SC)n3)CC2)cc1OCCc1ccc(Cl)cc1Cl,5.0,10000.0,1,1,0,0,1,1
Cc1ccc(C(=O)NCC2CCN(C(=N)N)CC2)cc1OCCc1ccc(Cl)cc1Cl,6.761953896871205,173.0,0,0,0,0,1,0
Cc1ccc(C(=O)NCC2CCN(C(=N)NC(=O)OCc3ccccc3)CC2)cc1OCCc1ccc(Cl)cc1Cl,5.294392836595395,5077.0,0,0,0,0,1,0
CC(=N)N1CCC(CNC(=O)c2ccc(C)c(OCCc3ccc(Cl)cc3Cl)c2)CC1,6.853871964321762,140.0,0,0,0,0,1,0
COc1ccc(C(=O)NCC2CCN(c3ccc(Cl)cc3)CC2)cc1OCCc1ccc(Cl)cc1Cl,5.0,10000.0,1,1,0,1,1,1
COc1ccc(C(=O)NCC2CCN(c3cccc(C#N)c3)CC2)cc1OCCc1ccc(Cl)cc1Cl,5.0,10000.0,1,1,0,0,1,1
COc1ccc(C(=O)NCC2CCN(c3ccc(S(C)(=O)=O)cc3)CC2)cc1OCCc1ccc(Cl)cc1Cl,5.0,10000.0,0,0,0,0,1,1
COc1cc(N2CCC(CNC(=O)c3ccc(OC)c(OCCc4ccc(Cl)cc4Cl)c3)CC2)nc(OC)n1,5.0,10000.0,0,0,0,0,1,1
COc1ccc(C(=O)NCC2CCN(c3cc[n+]([O-])cc3)CC2)cc1OCCc1ccc(Cl)cc1Cl,5.828566099056991,1484.0,0,0,0,0,1,1
COc1ccc(C(=O)N2CCN(Cc3ccc(C#N)cc3)CC2)cc1OCCc1ccc(Cl)cc1Cl,5.860750782428393,1378.0,0,0,0,0,1,0
COc1ccc(C(=O)NC2CCN(c3cc[n+]([O-])cc3)CC2)cc1OCCc1ccc(Cl)cc1Cl,5.897909474488163,1265.0,0,0,0,0,1,1
COc1ccc(C(=O)NCC2CCN(c3cnccn3)CC2)cc1OCCc1ccc(Cl)cc1Cl,5.0,10000.0,1,1,0,1,1,1
COc1ccc(C(=O)NCC2CCN(c3cncnc3)CC2)cc1OCCc1ccc(Cl)cc1Cl,5.0,10000.0,1,1,0,1,1,1
COc1ccc(N2CCC(CNC(=O)c3ccc(OC)c(OCCc4ccc(Cl)cc4Cl)c3)CC2)cn1,5.0,10000.0,0,0,0,0,1,1
COc1ccc(C(=O)NCC2CCN(C3CCCCC3)CC2)cc1OCCc1ccc(Cl)cc1Cl,5.363813104801276,4327.0,1,1,0,1,1,1
COc1ccc(C(=O)N2CCN(CC(=O)N(C)C)CC2)cc1OCCc1ccc(Cl)cc1Cl,5.850165303284215,1412.0,0,0,0,0,1,0
COc1ccc(C(=O)NCC2CCN(c3ccccc3)CC2)cc1OCCc1ccc(Cl)cc1Cl,5.0,10000.0,1,1,0,1,1,1
COc1ccc(C(=O)NCC2CCN(C3CCOCC3)CC2)cc1OCCc1ccc(Cl)cc1Cl,5.978397283971757,1051.0,1,1,0,1,1,1
COc1ccc(C(=O)NC2CCN(C3CCCCC3)CC2)cc1OCCc1ccc(Cl)cc1Cl,5.394156460941911,4035.0,0,0,0,0,1,1
COc1ccc(C(=O)NCC2CCN(C3CCNCC3)CC2)cc1OCCc1ccc(Cl)cc1Cl,5.239954672034189,5755.0,1,1,0,1,1,1
COc1cc(C(=O)N2CCN(Cc3ccncc3)CC2)cc(OCCc2ccc(Cl)cc2Cl)c1OC,6.777283528852417,167.0,1,1,0,0,0,0
CCOc1ccc(C(=O)N2CCN(Cc3ccncc3)CC2)cc1OCCc1ccc(Cl)cc1Cl,6.51427857351842,306.0,1,1,0,0,0,0
COc1ccc(C(=O)Nc2ccc(-c3ccccc3C#N)cc2)cc1OCCc1ccc(Cl)cc1Cl,5.0,10000.0,0,0,0,0,1,0
COc1ccc(C(=O)N2CCN(c3ccncc3)CC2)cc1OCCc1ccc(Cl)cc1Cl,5.266802734893431,5410.0,1,1,0,0,1,0
COc1ccc(C(=O)NCC2CCN(c3ccccn3)CC2)cc1OCCc1ccc(Cl)cc1Cl,5.517126416391246,3040.0,1,1,0,1,1,1
COc1ccc(C(=O)N2CCN(CC(=O)N3CCCC3)CC2)cc1OCCc1ccc(Cl)cc1Cl,5.660747365967301,2184.0,0,0,0,0,1,0
COc1ccc(C(=O)N2CCN(Cc3ccc(F)cc3)CC2)cc1OCCc1ccc(Cl)cc1Cl,5.4061603389187285,3925.0,1,1,0,0,1,0
COc1ccc(C(=O)NCCCN2CCCCC2)cc1OCCc1ccc(Cl)cc1Cl,5.6534514414515264,2221.0,0,0,0,0,1,1
COc1ccc(C(=O)NCCN2CCCCC2)cc1OCCc1ccc(Cl)cc1Cl,5.374790474618119,4219.0,0,0,0,0,1,1
COc1ccc(C(=O)NCC2CCC(CN)CC2)cc1OCCc1ccc(Cl)cc1Cl,5.029420694285149,9345.0,1,1,0,1,1,1
COc1ccc(C(=O)NCC2CCN(C3CCCC3)CC2)cc1OCCc1ccc(Cl)cc1Cl,5.1860855799513965,6515.0,1,1,0,1,1,1
COc1ccc(C(=O)NCC2CCN(C3CCCCCC3)CC2)cc1OCCc1ccc(Cl)cc1Cl,5.2064191326318445,6217.0,1,1,0,1,1,1
COc1ccc(C(=O)NC2CCN(C3CCOCC3)CC2)cc1OCCc1ccc(Cl)cc1Cl,5.598944274228156,2518.0,0,0,0,0,1,1
COc1ccc(C(=O)NC2CCN(CC(=O)N3CCCC3)CC2)cc1OCCc1ccc(Cl)cc1Cl,5.589391457431632,2574.0,0,0,0,0,1,0
O=C(c1cccc(OCCc2ccc(Cl)cc2Cl)c1)N1CCN(Cc2ccncc2)CC1,5.549750891680639,2820.0,0,0,0,0,1,0
O=C(NCC1CCN(c2ccncc2)CC1)c1cc(OCCc2ccc(Cl)cc2Cl)ccc1[N+](=O)[O-],5.311313275715876,4883.0,0,0,0,0,1,1
CC1CCCCN1CCCN(Cc1ccc2ccc(C(=N)N)cc2c1)C(=O)c1cccc2ccccc12,6.863279432843593,137.0,0,0,0,0,0,0
CC(C)CCN(Cc1ccc2ccc(C(=N)N)cc2c1)C(=O)c1ccc2ccccc2c1,6.29073003902417,512.0,0,0,0,0,0,0
CN1CCN(CCCN(Cc2ccc3ccc(C(=N)N)cc3c2)C(=O)c2cccc3ccccc23)CC1,6.866461091629782,136.0,0,0,0,0,0,0
COc1ccc(CCN(Cc2ccc3ccc(C(=N)N)cc3c2)C(=O)c2cccc3ccccc23)cc1OC,6.379863945026242,417.0,0,0,0,0,1,1
CN1CCCC1CCN(Cc1ccc2ccc(C(=N)N)cc2c1)C(=O)c1cccc2ccccc12,6.954677021213342,111.0,0,0,0,0,0,0
N=C(N)c1ccc2ccc(CN(CCc3ccc(F)cc3)C(=O)c3cccc4ccccc34)cc2c1,7.397940008672037,40.0,1,1,0,0,1,1
N=C(N)c1ccc2ccc(CN(CCc3ccccn3)C(=O)c3cccc4ccccc34)cc2c1,6.982966660701219,104.0,0,0,0,0,0,0
N=C(N)c1ccc2ccc(CN(CCCc3ccccc3)C(=O)c3cccc4ccccc34)cc2c1,6.199282921717615,632.0,1,1,0,0,1,1
N=C(N)c1ccc2ccc(CN(CCC[n+]3cc[nH]c3)C(=O)c3cccc4ccccc34)cc2c1,6.13608262304214,731.0,0,0,0,0,1,1
N=C(N)c1ccc2ccc(CN(CCc3c[nH]cn3)C(=O)c3cccc4ccccc34)cc2c1,6.578396073130169,264.0,0,0,0,0,0,0
CC(C)CCN(Cc1ccc2ccc(C(=N)N)cc2c1)C(=O)c1cccc2ccccc12,6.581698708680254,262.0,0,0,0,0,0,0
N=C(N)c1ccc2ccc(CN(CCCN3CCOCC3)C(=O)c3cccc4ccccc34)cc2c1,6.354577730650908,442.0,0,0,0,0,1,1
FC(F)(CNc1nccc2oc(Cc3cccc(Cl)c3)nc12)C1CCCCN1,7.920818753952375,12.0,0,0,0,0,0,0
FC(F)(CNc1nccc2oc(Cc3ccccc3-n3cncn3)nc12)C1CCCCN1,7.296708621881338,50.5,1,1,0,1,1,1
FC(F)(CNc1nccc2oc(Cc3ccccc3-n3cnnn3)nc12)C1CCCCN1,7.958607314841775,11.0,1,1,0,1,0,0
FC(F)(CNc1nccc2oc(Cc3cc(Cl)ccc3-n3cncn3)nc12)C1CCCCN1,8.920818753952375,1.2,1,1,0,0,1,1
c1ccc(-n2cnnn2)c(Cc2nc3c(NCCC4CCCCN4)nccc3o2)c1,8.154901959985743,7.0,0,0,0,0,0,0
Clc1ccc(-n2cncn2)c(Cc2nc3c(NCCC4CCCCN4)nccc3o2)c1,8.4089353929735,3.9,0,0,0,0,1,1
Clc1ccc(-n2cncn2)c(Cc2nc3c(NCCC4CCCCN4Cc4ccccc4)nccc3o2)c1,8.431798275933005,3.7,0,0,0,0,1,1
CCOC(=O)CN1CCCCC1CCNc1nccc2oc(Cc3cc(Cl)ccc3-n3cncn3)nc12,8.657577319177793,2.2,0,0,0,0,1,1
FC(F)(CNc1nccc2oc(Cc3ccccc3-n3cncn3)nc12)c1ccccn1,7.327902142064283,47.0,1,1,0,1,1,1
O=C(O)CN1CCCCC1CCNc1nccc2oc(Cc3cc(Cl)ccc3-n3cncn3)nc12,8.3767507096021,4.2,0,0,0,0,1,1
FC(F)(CNc1nccc2oc(Cc3cc(Cl)ccc3-n3cncn3)nc12)c1ccccn1,9.113509274827518,0.77,1,1,0,0,1,1
OCCN1CCCCC1CCNc1nccc2oc(Cc3cc(Cl)ccc3-n3cncn3)nc12,8.619788758288394,2.4,0,0,0,0,1,1
Cc1cc2oc(Cc3cc(Cl)ccc3-n3cncn3)nc2c(NCC(F)(F)c2ccccn2)n1,9.1249387366083,0.75,0,0,0,0,0,0
FC(F)CN1CCCCC1CCNc1nccc2oc(Cc3cc(Cl)ccc3-n3cncn3)nc12,8.327902142064282,4.7,1,1,0,0,1,1
FC(F)(F)CN1CCCCC1CCNc1nccc2oc(Cc3cc(Cl)ccc3-n3cncn3)nc12,7.267606240177032,54.0,1,1,0,0,1,1
[O-][n+]1ccccc1C(F)(F)CNc1nccc2oc(Cc3cccc(Cl)c3)nc12,8.522878745280337,3.0,0,0,0,0,0,0
FC(F)(CNc1cccc2oc(Cc3ccccc3-n3cncn3)nc12)C1CCCCN1,4.221848749616356,60000.0,1,1,0,1,0,0
Cc1cc2oc(Cc3cccc(Cl)c3)nc2c(NCC(F)(F)c2cccc[n+]2[O-])n1,8.221848749616356,6.0,0,0,0,0,1,1
Cc1cc2oc(Cc3cccc(Cl)c3)nc2c(NCCC2CCCCN2)n1,6.3979400086720375,400.0,0,0,0,0,1,1
[O-][n+]1ccccc1C(F)(F)CNc1nccc2oc(Cc3ccccc3N3CN=CN3)nc12,7.853871964321762,14.0,0,0,0,0,0,0
Cc1cc2oc(Cc3ccccc3-n3cncn3)nc2c(NCC(F)(F)c2cccc[n+]2[O-])n1,8.142667503568731,7.2,0,0,0,0,0,0
[O-][n+]1ccccc1C(F)(F)CNc1nccc2oc(Cc3ccccc3-n3cnnn3)nc12,8.568636235841012,2.7,0,0,0,0,0,0
COc1cc(C(Nc2ccc(C(=N)N)cc2)C(=O)O)ccc1OCc1ccccc1,6.136677139879544,730.0,0,0,0,0,0,0
CCOc1cc(-c2cccnc2)cc(C(Nc2ccc(C(=N)N)cc2)C(=O)O)c1,5.657577319177793,2200.0,0,0,0,0,0,0
CCOc1cc(-c2ccccc2)cc(C(Nc2ccc(C(=N)N)cc2)C(=O)O)c1,5.853871964321762,1400.0,0,0,0,0,0,0
CCOc1cc(OC2CCN(C)CC2)cc(C(Nc2ccc(C(=N)N)cc2)C(=O)O)c1,5.795880017344075,1600.0,0,0,0,0,0,0
CCOc1cc(OC2CCN(S(C)(=O)=O)CC2)cc(C(Nc2ccc(C(=N)N)cc2)C(=O)O)c1,5.356547323513812,4400.0,0,0,0,0,0,0
CCOc1cc(O[C@H]2CC[C@H](O)CC2)cc(C(Nc2ccc(C(=N)N)cc2)C(=O)O)c1,4.913640169325252,12200.0,0,0,0,0,0,0
C#Cc1cc(OC2CCOCC2)cc(C(Nc2ccc(C(=N)N)cc2)C(=O)O)c1,5.537602002101044,2900.0,0,0,0,0,0,0
C=Cc1cc(OC2CCOCC2)cc(C(Nc2ccc(C(=N)N)cc2)C(=O)O)c1,4.876148359032914,13300.0,0,0,0,0,0,0
CCOc1cc(OC2CCOCC2)cc(C(Nc2ccc(C(=N)N)cc2)C(=O)O)c1,5.537602002101044,2900.0,0,0,0,0,0,0
CCOc1cc(OCC)cc(C(Nc2ccc(C(=N)N)cc2)C(=O)O)c1,5.251811972993799,5600.0,0,0,0,0,0,0
CCOc1cc(C(Nc2ccc(C(=N)N)cc2)C(=O)O)ccc1OCc1ccccc1,6.102372908709558,790.0,0,0,0,0,0,0
Cc1cc2cc(NC(=N/[C@H]3CCCCN(CC(=O)N4CCCC4)C3=O)/C(C#N)=C(\O)OCCCCO)ccc2o1,7.920818753952375,12.0,0,0,0,0,0,0
COc1cc(F)cc2[nH]c(Cc3nc4cc(C(=N)N)ccc4[nH]3)nc12,8.522878745280337,3.0,0,0,0,0,1,1
N=C(N)c1ccc2[nH]c(Cc3nc4c(Cl)cc(Cl)cc4[nH]3)nc2c1,8.522878745280337,3.0,1,1,0,0,1,1
N=C(N)c1ccc2[nH]c(Cc3nc4c(F)cc(F)cc4[nH]3)nc2c1,8.221848749616356,6.0,0,0,0,0,1,1
Cc1cc2nc(Cc3nc4cc(C(=N)N)ccc4[nH]3)[nH]c2cc1C,8.698970004336019,2.0,1,1,0,1,1,1
COc1cc2nc(Cc3nc4cc(C(=N)N)ccc4[nH]3)[nH]c2cc1OC,7.096910013008056,80.0,1,1,0,0,0,0
N=C(N)c1ccc2[nH]c(Cc3nc4cc(Cl)c(Cl)cc4[nH]3)nc2c1,6.853871964321762,140.0,1,1,0,1,1,1
N=C(N)c1ccc2[nH]c(Cc3nc4cc(F)c(F)cc4[nH]3)nc2c1,8.221848749616356,6.0,1,1,0,1,1,1
COc1ccc2[nH]c(Cc3nc4cc(C(=N)N)ccc4[nH]3)nc2c1,7.397940008672037,40.0,0,0,0,0,1,1
N=C(N)c1ccc2[nH]c(Cc3nc4cc(Cl)ccc4[nH]3)nc2c1,9.0,1.0,1,1,0,0,1,1
N=C(N)c1ccc2[nH]c(Cc3nc4cc(F)ccc4[nH]3)nc2c1,9.0,1.0,0,0,0,0,1,1
N=C(N)c1ccc2[nH]c(Cc3ccccn3)nc2c1,7.221848749616356,60.0,1,1,0,0,1,1
NCc1ccccc1-c1ccc(NC(=O)c2cc(C(F)(F)F)nn2-c2ccc3onc(N)c3c2)c(F)c1,8.698970004336019,2.0,1,1,0,0,1,1
CN(C)Cc1nccn1-c1ccc(NC(=O)c2cc(C(F)(F)F)nn2-c2ccc3onc(N)c3c2)c(F)c1,9.721246399047171,0.19,1,1,0,0,1,1
Nc1noc2ccc(-n3nc(C(F)(F)F)cc3C(=O)Nc3ccc(-c4ccccc4Cn4ccnc4)cc3F)cc12,9.18045606445813,0.66,0,0,0,0,1,0
Nc1noc2ccc(-n3nc(C(F)(F)F)cc3C(=O)Nc3ccc(-c4ccccc4CN4CCNCC4)cc3F)cc12,8.943095148663527,1.14,1,1,0,1,1,1
CN1CCN(Cc2ccccc2-c2ccc(NC(=O)c3cc(C(F)(F)F)nn3-c3ccc4onc(N)c4c3)c(F)c2)CC1,9.065501548756432,0.86,0,0,0,0,1,0
Nc1noc2ccc(-n3nc(C(F)(F)F)cc3C(=O)Nc3ccc(-c4ccccc4CN4CCOCC4)cc3F)cc12,9.259637310505756,0.55,0,0,0,0,1,1
Nc1noc2ccc(-n3nc(C(F)(F)F)cc3C(=O)Nc3ccc(-c4ccccc4CN4CCCCC4)cc3F)cc12,9.82390874094432,0.15,0,0,0,0,1,1
Nc1noc2ccc(-n3nc(C(F)(F)F)cc3C(=O)Nc3ccc(-c4ccccc4CN4CCC[C@H]4CO)cc3F)cc12,9.69897000433602,0.2,0,0,0,0,1,0
Nc1noc2ccc(-n3nc(C(F)(F)F)cc3C(=O)Nc3ccc(-c4ccccc4CN4CCCC4)cc3F)cc12,10.0,0.1,1,1,0,1,1,1
Nc1noc2ccc(-n3nc(C(F)(F)F)cc3C(=O)Nc3ccc(-c4ccccc4CN4CC4)cc3F)cc12,9.397940008672036,0.4,0,0,0,0,1,1
CN(C)Cc1ccccc1-c1ccc(NC(=O)c2cc(C(F)(F)F)nn2-c2ccc3onc(N)c3c2)c(F)c1,9.628932137728263,0.235,0,0,0,0,1,1
Nc1noc2ccc(-n3nc(C(F)(F)F)cc3C(=O)Nc3ccc(-c4ccccc4CNC4CCCC4)cc3F)cc12,9.522878745280336,0.3,0,0,0,0,1,1
Nc1noc2ccc(-n3nc(C(F)(F)F)cc3C(=O)Nc3ccc(-c4ccccc4CNC4CCC4)cc3F)cc12,9.69897000433602,0.2,0,0,0,0,1,1
CC(C)NCc1ccccc1-c1ccc(NC(=O)c2cc(C(F)(F)F)nn2-c2ccc3onc(N)c3c2)c(F)c1,9.468521082957745,0.34,0,0,0,0,1,1
Nc1noc2ccc(-n3nc(C(F)(F)F)cc3C(=O)Nc3ccc(-c4ccccc4CNCC4CC4)cc3F)cc12,9.602059991327964,0.25,0,0,0,0,1,1
CNCc1ccccc1-c1ccc(NC(=O)c2cc(C(F)(F)F)nn2-c2ccc3onc(N)c3c2)c(F)c1,9.568636235841012,0.27,1,1,0,0,1,1
N=C(N)c1ccc2[nH]c(-c3cc(CC(=O)O)cc(-c4cccc([N+](=O)[O-])c4)c3O)nc2c1,6.494850021680094,320.0,1,1,0,1,1,1
Nc1ccc2[nH]c(-c3cc(CC(=O)O)cc(-c4cccc([N+](=O)[O-])c4)c3O)cc2n1,5.455931955649724,3500.0,1,1,0,1,1,1
N=C(N)c1ccc2[nH]c(-c3cc(CC(=O)O)cc(-c4cccc([N+](=O)[O-])c4)c3O)cc2c1,7.301029995663981,50.0,1,1,0,1,1,1
CSc1sc(C(=N)N)cc1S(=O)(=O)c1cc(Br)c2c(c1)ncn2Cc1cc(F)ccc1F,4.943095148663527,11400.0,0,0,0,0,0,0
N=C(N)c1ccc2[nH]c(-c3cccc(-c4cc(CNC(N)=O)ccc4O)c3O)nc2c1,5.568636235841013,2700.0,0,0,0,0,0,0
CCC(=O)CN([C@H]1CCN([C@@H](C)C(=O)N2CCOCC2)C1=O)S(=O)(=O)c1ccc2cc(Cl)ccc2c1,9.0,1.0,0,0,0,0,0,0
C[C@@H](C(=O)N1CCOCC1)N1CC[C@H](N(CC(N)=O)S(=O)(=O)c2ccc3cc(Cl)ccc3c2)C1=O,8.522878745280337,3.0,0,0,0,0,0,0
C[C@@H](C(=O)N1CCOCC1)N1CC[C@H](N(CC(=O)O)S(=O)(=O)c2ccc3cc(Cl)ccc3c2)C1=O,8.698970004336019,2.0,0,0,0,0,0,0
C[C@@H](C(=O)N1CCOCC1)N1CC[C@H](N(C)S(=O)(=O)c2ccc3cc(Cl)ccc3c2)C1=O,8.0,10.0,1,1,0,0,0,0
C[C@@H](C(=O)N1CCN(C)CC1)N1CC[C@H](NS(=O)(=O)c2ccc3cc(Cl)ccc3c2)C1=O,5.686132779630847,2060.0,1,1,0,1,1,1
C[C@@H](C(=O)N1CCNCC1)N1CC[C@H](NS(=O)(=O)c2ccc3cc(Cl)ccc3c2)C1=O,6.494850021680094,320.0,1,1,0,1,1,1
C[C@@H](C(=O)N1CC2CNCC(C2)C1)N1CC[C@H](NS(=O)(=O)c2ccc3cc(Cl)ccc3c2)C1=O,7.886056647693163,13.0,1,1,0,0,1,1
C[C@@H](C(=O)N1CC2CCC1CC2)N1CC[C@H](NS(=O)(=O)c2ccc3cc(Cl)ccc3c2)C1=O,8.522878745280337,3.0,1,1,0,0,1,1
C[C@@H](C(=O)N1CCCC1)N1CC[C@H](NS(=O)(=O)c2ccc3cc(Cl)ccc3c2)C1=O,7.301029995663981,50.0,1,1,0,1,1,1
CC(C)(C(=O)N1CCCCC1)N1CCC(NS(=O)(=O)c2ccc3cc(Cl)ccc3c2)C1=O,4.97469413473523,10600.0,0,0,0,0,1,1
C[C@@H](C(=O)N1CCCCC1)N1CC[C@H](N(C)S(=O)(=O)c2ccc3cc(Cl)ccc3c2)C1=O,8.698970004336019,2.0,1,1,0,0,1,1
O=C(CN1CC[C@H](NS(=O)(=O)c2ccc3cc(Cl)ccc3c2)C1=O)N1CCCCC1,7.200659450546418,63.0,0,0,0,0,1,1
CN([C@H]1CCN(CC(=O)N2CCCCC2)C1=O)S(=O)(=O)c1ccc2cc(Cl)ccc2c1,7.142667503568732,72.0,0,0,0,0,1,1
CN([C@H]1CCN(CC(=O)N2CCCCCC2)C1=O)S(=O)(=O)c1ccc2cc(Cl)ccc2c1,7.221848749616356,60.0,0,0,0,0,1,1
COc1ccc(-n2nc(C(F)(F)F)c3c(C)nn(-c4ccc(-c5ccccc5CN5CCCC5)cc4)c(=O)c32)cc1,8.55284196865778,2.8,0,0,0,0,0,0
COc1ccc(-n2nc(Cn3ncnn3)c3nc(C)n(-c4ccc(-c5ccccc5CN5CCCC5)cc4)c(=O)c32)cc1,8.721246399047171,1.9,0,0,0,0,0,0
COc1ccc(-n2nc(Cn3cnnn3)c3nc(C)n(-c4ccc(-c5ccccc5CN5CCCC5)cc4)c(=O)c32)cc1,8.853871964321762,1.4,0,0,0,0,0,0
COc1ccc(-n2nc(Cn3ccnc3)c3nc(C)n(-c4ccc(-c5ccccc5CN5CCCC5)cc4)c(=O)c32)cc1,8.67778070526608,2.1,0,0,0,0,0,0
COc1ccc(-n2nc(C#N)c3nc(C)n(-c4ccc(-c5ccccc5CN(C)C)cc4)c(=O)c32)cc1,8.744727494896694,1.8,0,0,0,0,0,0
COc1ccc(-n2nc(C#N)c3ncn(-c4ccc(-c5ccccc5CN(C)C)cc4)c(=O)c32)cc1,8.67778070526608,2.1,0,0,0,0,0,0
COc1ccc(-n2nc(C#N)c3ncn(-c4ccc(-c5ccccc5CN5CCCC5)cc4)c(=O)c32)cc1,8.769551078621726,1.7,0,0,0,0,0,0
COc1ccc(-n2nc(C(N)=O)c3ncn(-c4ccc(-c5ccccc5CN5CC[C@@H](O)C5)cc4)c(=O)c32)cc1,8.823908740944319,1.5,1,1,0,1,0,0
COc1ccc(-n2nc(C(N)=O)c3ncn(-c4ccc(-c5ccccc5CN5CCCC5)cc4F)c(=O)c32)cc1,9.130768280269024,0.74,0,0,0,0,0,0
COc1ccc(-n2nc(C(N)=O)c3ncn(-c4ccc(-c5ccccc5CN5CCCC5)cc4)c(=O)c32)cc1,8.958607314841775,1.1,0,0,0,0,0,0
CCOC(=O)c1nn(-c2ccc(OC)cc2)c2c(=O)n(-c3ccc(-c4ccccc4CO)cc3)cnc12,7.346787486224656,45.0,1,1,0,0,1,1
CCOC(=O)c1nn(-c2ccc(OC)cc2)c2c(=O)n(-c3ccc(-c4ccccc4CN4CCCC4)cc3F)cnc12,8.443697499232712,3.6,0,0,0,0,1,0
CCOC(=O)c1nn(-c2ccc(OC)cc2)c2c(=O)n(-c3ccc(-c4ccccc4CN4CCCC4)cc3)cnc12,8.42021640338319,3.8,1,1,0,0,1,1
COc1ccc(-n2nc(C(F)(F)F)c3c(C)nn(-c4ccc(-c5ccccc5S(N)(=O)=O)cc4)c(=O)c32)cc1,8.55284196865778,2.8,0,0,0,0,0,0
COc1ccc(-n2nc(CN)c3ncn(-c4ccc(-c5ccccc5S(N)(=O)=O)cc4)c(=O)c32)cc1,7.657577319177793,22.0,1,1,0,1,1,1
COc1ccc(-n2nc(C(=O)O)c3ncn(-c4ccc(-c5ccccc5S(N)(=O)=O)cc4)c(=O)c32)cc1,7.42021640338319,38.0,1,1,0,1,1,1
COc1ccc(-n2nc(C#N)c3ncn(-c4ccc(-c5ccccc5S(N)(=O)=O)cc4)c(=O)c32)cc1,8.721246399047171,1.9,1,1,0,1,1,1
COc1ccc(-n2nc(C(N)=O)c3ncn(-c4ccc(-c5ccccc5S(N)(=O)=O)cc4F)c(=O)c32)cc1,8.920818753952375,1.2,1,1,0,0,0,0
COc1ccc(-n2nc(C(N)=O)c3ncn(-c4ccc(-c5ccccc5S(N)(=O)=O)cc4)c(=O)c32)cc1,8.769551078621726,1.7,1,1,0,1,1,1
COC(=O)c1nn(-c2ccc(OC)cc2)c2c(=O)n(-c3ccc(-c4ccccc4S(N)(=O)=O)cc3)cnc12,8.55284196865778,2.8,0,0,0,0,1,1
COc1ccc(-n2nc(C#N)c3[nH]c(=O)n(-c4ccc(-c5ccccc5S(C)(=O)=O)cc4F)c(=O)c32)cc1,8.522878745280337,3.0,0,0,0,0,0,0
COc1ccc(-n2nc(C#N)c(N)c2C(=O)Nc2ccc(-c3ccccc3S(C)(=O)=O)cc2F)cc1,8.075720713938118,8.4,0,0,0,0,1,0
COC(=O)c1nn(-c2ccc(OC)cc2)c2c(=O)n(-c3ccc(-c4ccccc4S(N)(=O)=O)cc3F)cnc12,8.744727494896694,1.8,0,0,0,0,0,0
N=C(N)c1cccc(C[C@H](NS(=O)(=O)c2cccc(NC(=O)CCN)c2)C(=O)N2CCC(CCCN=C(N)N)CC2)c1,4.886056647693163,13000.0,0,0,0,0,1,1
N=C(N)c1cccc(C[C@H](NS(=O)(=O)c2cccc(NC(=O)CCN)c2)C(=O)N2CCC(CCCN)CC2)c1,4.823908740944319,15000.0,0,0,0,0,1,1
N=C(N)c1cccc(C[C@H](NS(=O)(=O)c2cccc(NC(=O)CN)c2)C(=O)N2CCC(CCN)CC2)c1,4.455931955649724,35000.0,1,1,0,0,1,1
N=C(N)c1cccc(C[C@H](NS(=O)(=O)c2cccc(NC(=O)CCCN)c2)C(=O)N2CCC(CCN)CC2)c1,4.638272163982407,23000.0,1,1,0,0,1,1
N=C(N)c1cccc(C[C@H](NS(=O)(=O)c2cccc(NC(=O)CCN)c2)C(=O)N2CCC(CCN)CC2)c1,4.6777807052660805,21000.0,1,1,0,1,1,1
N=C(N)NCCC1CCN(C(=O)[C@H](Cc2cccc(C(=N)N)c2)NS(=O)(=O)c2cccc(NC(=O)CCN)c2)CC1,5.022276394711152,9500.0,0,0,0,0,1,0
N=C(N)NCCC(=O)Nc1cccc(S(=O)(=O)N[C@@H](Cc2cccc(C(=N)N)c2)C(=O)N2CCC(CCNC(=N)N)CC2)c1,5.698970004336019,2000.0,0,0,0,0,1,0
N=C(N)c1cccc(C[C@H](NS(=O)(=O)c2ccc(NC(=O)CCN)cc2)C(=O)N2CCC(CCN)CC2)c1,4.823908740944319,15000.0,0,0,0,0,1,1
N=C(N)NCCC(=O)Nc1ccc(S(=O)(=O)N[C@@H](Cc2cccc(C(=N)N)c2)C(=O)N2CCC(CCNC(=N)N)CC2)cc1,5.0,10000.0,0,0,0,0,0,0
N=C(N)NCCC1CCN(C(=O)[C@H](Cc2cccc(C(=N)N)c2)NS(=O)(=O)c2ccc(Cc3ccncc3)cc2)CC1,5.638272163982407,2300.0,1,1,0,0,1,1
N=C(N)NCCC1CCN(C(=O)[C@H](Cc2cccc(C(=N)N)c2)NS(=O)(=O)c2ccc(Oc3ccccc3)nc2)CC1,5.657577319177793,2200.0,1,1,0,0,1,1
N=C(N)NCCC1CCN(C(=O)[C@H](Cc2cccc(C(=N)N)c2)NS(=O)(=O)c2ccc(Oc3ccccc3)cc2)CC1,6.0,1000.0,1,1,0,0,1,1
N=C(N)c1cccc(C[C@H](NS(=O)(=O)c2ccc3ccccc3c2)C(=O)N2CCC(C3CCN(C(=N)N)CC3)CC2)c1,4.6020599913279625,25000.0,1,1,0,1,1,0
N=C(N)c1cccc(C[C@H](NS(=O)(=O)c2ccc3ccccc3c2)C(=O)N2CCC(C3CCNCC3)CC2)c1,4.619788758288394,24000.0,1,1,0,1,1,0
N=C(N)NCCCC1CCN(C(=O)[C@H](Cc2cccc(C(=N)N)c2)NS(=O)(=O)c2ccc3ccccc3c2)CC1,4.468521082957745,34000.0,1,1,0,0,1,0
N=C(N)c1cccc(C[C@H](NS(=O)(=O)c2ccc3ccccc3c2)C(=O)N2CCC(CCCN)CC2)c1,4.180456064458132,66000.0,1,1,0,0,1,1
CC(C)c1cc(C(C)C)c(S(=O)(=O)N[C@@H](Cc2cccc(C(=N)N)c2)C(=O)N2CCC(CCN=C(N)N)CC2)c(C(C)C)c1,5.494850021680094,3200.0,0,0,0,0,0,0
N=C(N)NCCC1CCN(C(=O)[C@H](Cc2cccc(C(=N)N)c2)NS(=O)(=O)c2ccc(C3CCCCC3)cc2)CC1,5.7447274948966935,1800.0,1,1,0,1,1,1
N=C(N)NCCC1CCN(C(=O)[C@H](Cc2cccc(C(=N)N)c2)NS(=O)(=O)c2cccc3ccccc23)CC1,4.886056647693163,13000.0,1,1,0,0,1,1
N=C(N)c1cccc(C[C@H](NS(=O)(=O)c2ccc3ccccc3c2)C(=O)N2CCC(CCN)CC2)c1,4.119186407719209,76000.0,1,1,0,1,1,1
N=C(N)NCCC1CCN(C(=O)[C@H](Cc2cccc(C(=N)N)c2)NS(=O)(=O)c2ccc3ccccc3c2)CC1,4.568636235841013,27000.0,1,1,0,1,1,1
N=C(N)c1cccc(C[C@H](NS(=O)(=O)c2ccc(C3CCCCC3)cc2)C(=O)N2CCN(C(=N)N)CC2)c1,5.886056647693163,1300.0,1,1,0,1,0,0
N=C(N)c1cccc(C[C@H](NS(=O)(=O)c2ccc(C3CCCCC3)cc2)C(=O)N2CCNCC2)c1,5.958607314841775,1100.0,1,1,0,1,1,1
CC(C)c1cc(C(C)C)c(S(=O)(=O)N[C@@H](Cc2cccc(C(=N)N)c2)C(=O)N2CCN(C(=N)N)CC2)c(C(C)C)c1,5.431798275933005,3700.0,0,0,0,0,0,0
CC(C)c1cc(C(C)C)c(S(=O)(=O)N[C@@H](Cc2cccc(C(=N)N)c2)C(=O)N2CCNCC2)c(C(C)C)c1,5.337242168318426,4600.0,0,0,0,0,0,0
N=C(N)NCCNC(=O)C1CCN(C(=O)[C@H](Cc2cccc(C(=N)N)c2)NS(=O)(=O)c2ccc3c(c2)C(=O)c2ccccc2C3=O)CC1,5.309803919971486,4900.0,0,0,0,0,0,0
N=C(N)c1cccc(C[C@H](NS(=O)(=O)c2ccc3c(c2)C(=O)c2ccccc2C3=O)C(=O)N2CCC(C(=O)NCCN)CC2)c1,5.3979400086720375,4000.0,0,0,0,0,0,0
CC(C)c1cc(C(C)C)c(S(=O)(=O)N[C@@H](Cc2cccc(C(=N)N)c2)C(=O)N2CCC(C(=O)NCCN=C(N)N)CC2)c(C(C)C)c1,5.301029995663981,5000.0,0,0,0,0,0,0
CC(C)c1cc(C(C)C)c(S(=O)(=O)N[C@@H](Cc2cccc(C(=N)N)c2)C(=O)N2CCC(C(=O)NCCN)CC2)c(C(C)C)c1,5.200659450546418,6300.0,0,0,0,0,0,0
CCOC(=O)N1CCN(C(=O)[C@H](Cc2cccc(C(=N)N)c2)NS(=O)(=O)c2c(C(C)C)cc(C(C)C)cc2C(C)C)CC1,5.769551078621726,1700.0,0,0,0,0,1,0
CC(C)c1cc(C(C)C)c(S(=O)(=O)N[C@@H](Cc2cccc(C(=N)N)c2)C(=O)N2CCCN(C(=O)C3CCNCC3)CC2)c(C(C)C)c1,5.236572006437063,5800.0,0,0,0,0,0,0
N=C(N)c1cccc(C[C@H](NS(=O)(=O)c2ccc(-c3ccccc3)cc2)C(=O)N2CCN(C(=O)C3CCN(C(=N)N)CC3)CC2)c1,5.552841968657781,2800.0,0,0,0,0,0,0
CC(C)c1cc(C(C)C)c(S(=O)(=O)N[C@@H](Cc2cccc(C(=N)N)c2)C(=O)N2CCN(C(=O)C3CCN(C(=N)N)CC3)CC2)c(C(C)C)c1,5.0,10000.0,0,0,0,0,1,0
CC(C)c1cc(C(C)C)c(S(=O)(=O)N[C@@H](Cc2cccc(C(=N)N)c2)C(=O)N2CCN(C(=O)C3CCNCC3)CC2)c(C(C)C)c1,4.769551078621726,17000.0,1,1,0,0,1,0
N=C(N)NCCC(=O)N1CCN(C(=O)[C@H](Cc2cccc(C(=N)N)c2)NS(=O)(=O)CCc2cccc3ccccc23)CC1,4.096910013008056,80000.0,1,1,0,0,1,1
N=C(N)NCCC(=O)N1CCN(C(=O)[C@H](Cc2cccc(C(=N)N)c2)NS(=O)(=O)c2cccc3ccccc23)CC1,5.292429823902063,5100.0,1,1,0,0,1,1
N=C(N)NCCC(=O)N1CCN(C(=O)[C@H](Cc2cccc(C(=N)N)c2)NS(=O)(=O)c2ccc(-c3ccccc3)cc2)CC1,5.0,10000.0,0,0,0,0,0,0
N=C(N)NCCC(=O)N1CCN(C(=O)[C@H](Cc2cccc(C(=N)N)c2)NS(=O)(=O)c2ccc3ccccc3c2)CC1,4.251811972993799,56000.0,1,1,1,1,1,1
CCC(C)(C)c1ccc(S(=O)(=O)N[C@@H](Cc2cccc(C(=N)N)c2)C(=O)N2CCN(C(=O)CCN=C(N)N)CC2)cc1,5.080921907623926,8300.0,0,0,0,0,0,0
CCC(=O)N1CCN(C(=O)[C@H](Cc2cccc(C(=N)N)c2)NS(=O)(=O)c2ccc3c(c2)C(=O)c2ccccc2C3=O)CC1,5.886056647693163,1300.0,0,0,0,0,0,0
CC(C)c1cc(C(C)C)c(S(=O)(=O)N[C@@H](Cc2cccc(C(=N)N)c2)C(=O)N2CCCN(C(=O)C3CCN(C(=N)N)CC3)CC2)c(C(C)C)c1,5.3872161432802645,4100.0,0,0,0,0,0,0
N=C(N)NCCC(=O)N1CCN(C(=O)[C@H](Cc2cccc(C(=N)N)c2)NS(=O)(=O)c2ccc(C3CCCCC3)cc2)CC1,5.638272163982407,2300.0,1,1,0,1,1,1
N=C(N)NCCC(=O)N1CCN(C(=O)[C@H](Cc2cccc(C(=N)N)c2)NS(=O)(=O)c2ccc3cc4ccccc4cc3c2)CC1,5.337242168318426,4600.0,1,1,1,1,1,0
N=C(N)NCCC(=O)N1CCN(C(=O)[C@H](Cc2cccc(C(=N)N)c2)NS(=O)(=O)c2ccc3c(c2)C(=O)c2ccccc2C3=O)CC1,5.552841968657781,2800.0,0,0,0,0,1,0
CC(C)c1cc(C(C)C)c(S(=O)(=O)N[C@@H](Cc2cccc(C(=N)N)c2)C(=O)N2CCCN(C(=O)CCN)CC2)c(C(C)C)c1,5.275724130399211,5300.0,0,0,0,0,0,0
CC(C)c1cc(C(C)C)c(S(=O)(=O)N[C@@H](Cc2cccc(C(=N)N)c2)C(=O)N2CCCN(C(=O)CCN=C(N)N)CC2)c(C(C)C)c1,5.920818753952375,1200.0,1,1,0,0,1,0
CC(C)c1cc(C(C)C)c(S(=O)(=O)NC(Cc2cccc(C(=N)N)c2)C(=O)N2CCN(C(=O)CN)CC2)c(C(C)C)c1,4.978810700930062,10500.0,0,0,0,0,0,0
CC(C)c1cc(C(C)C)c(S(=O)(=O)N[C@@H](Cc2cccc(C(=N)N)c2)C(=O)N2CCN(C(=O)CCCN)CC2)c(C(C)C)c1,4.886056647693163,13000.0,1,1,0,0,1,0
CC(C)c1cc(C(C)C)c(S(=O)(=O)N[C@@H](Cc2cccc(C(=N)N)c2)C(=O)N2CCN(C(=O)CCCN=C(N)N)CC2)c(C(C)C)c1,5.552841968657781,2800.0,0,0,0,0,0,0
CC(C)c1cc(C(C)C)c(S(=O)(=O)NC(Cc2cccc(C(=N)N)c2)C(=O)N2CCN(C(=O)CN=C(N)N)CC2)c(C(C)C)c1,5.045757490560675,9000.0,0,0,0,0,0,0
CC(C)c1cc(C(C)C)c(S(=O)(=O)N[C@@H](Cc2cccc(C(=N)N)c2)C(=O)N2CCN(C(=O)CCN)CC2)c(C(C)C)c1,4.823908740944319,15000.0,1,1,0,0,1,0
CC(C)c1cc(C(C)C)c(S(=O)(=O)N[C@@H](Cc2cccc(C(=N)N)c2)C(=O)N2CCN(C(=O)CCN=C(N)N)CC2)c(C(C)C)c1,5.537602002101044,2900.0,0,0,0,0,0,0
Nc1noc2ccc(-n3nc(C(F)(F)F)c4c3C(=O)N(c3ccc(-c5ccccc5CN5CCCC5)cc3)CC4)cc12,9.82390874094432,0.15,0,0,0,0,0,0
CNCc1ccccc1-c1ccc(N2CCc3c(C(F)(F)F)nn(-c4ccc5onc(N)c5c4)c3C2=O)cc1,9.468521082957745,0.34,0,0,0,0,0,0
Cc1nn(-c2ccc3onc(N)c3c2)c2c1CCN(c1ccc(-c3ccccc3CN3CCCC3)cc1)C2=O,9.508638306165729,0.31,0,0,0,0,1,1
Cc1nn(-c2ccc3onc(N)c3c2)c2c1CCN(c1ccc(-c3ccccc3CN(C)C)cc1)C2=O,9.259637310505756,0.55,0,0,0,0,1,1
Nc1noc2ccc(-n3nc(C(F)(F)F)c4c3C(=O)N(c3ccc(-c5ccccc5CN5CC[C@@H](O)C5)cc3F)CC4)cc12,9.795880017344077,0.16,0,0,0,0,0,0
Nc1noc2ccc(-n3nc(C(F)(F)F)c4c3C(=O)N(c3ccc(-c5ccccc5CN5CCCC5)cc3F)CC4)cc12,9.619788758288394,0.24,0,0,0,0,0,0
Nc1noc2ccc(-n3nc(C(F)(F)F)c4c3C(=O)N(c3ccc(-c5ccccc5CN5CCC(O)CC5)cc3)CC4)cc12,9.657577319177792,0.22,0,0,0,0,0,0
Nc1noc2ccc(-n3nc(C(F)(F)F)c4c3C(=O)N(c3ccc(-c5ccccc5CN5CCOCC5)cc3)CC4)cc12,9.455931955649724,0.35,0,0,0,0,0,0
Nc1noc2ccc(-n3nc(C(F)(F)F)c4c3C(=O)N(c3ccc(-c5ccccc5CN5CCNCC5)cc3)CC4)cc12,9.193820026016112,0.64,0,0,0,0,1,1
CN1CCN(Cc2ccccc2-c2ccc(N3CCc4c(C(F)(F)F)nn(-c5ccc6onc(N)c6c5)c4C3=O)cc2)CC1,9.148741651280924,0.71,0,0,0,0,1,1
Cc1nn(-c2ccc3onc(N)c3c2)c2c1CCN(c1ccc(-c3ccccc3CN3CC[C@@H](O)C3)cc1)C2=O,9.568636235841012,0.27,0,0,0,0,0,0
Cc1nn(-c2ccc3onc(N)c3c2)c2c1CCN(c1ccc(-c3ccccc3CN3CC[C@@H](O)C3)cc1F)C2=O,9.468521082957745,0.34,0,0,0,0,0,0
CCN(CC)Cc1ccccc1-c1ccc(N2CCc3c(C(F)(F)F)nn(-c4ccc5onc(N)c5c4)c3C2=O)cc1,9.958607314841776,0.11,1,1,0,0,0,0
CN(C)Cc1ccccc1-c1ccc(N2CCc3c(C(F)(F)F)nn(-c4ccc5onc(N)c5c4)c3C2=O)c(F)c1,9.886056647693165,0.13,0,0,0,0,0,0
CN(C)Cc1ccccc1-c1ccc(N2CCCc3c(C(F)(F)F)nn(-c4ccc5onc(N)c5c4)c3C2=O)cc1,9.09151498112135,0.81,1,1,1,1,0,0
CN(C)Cc1ccccc1-c1ccc(N2CCCc3c(C(F)(F)F)nn(-c4ccc5onc(N)c5c4)c3C2=O)c(F)c1,9.070581074285707,0.85,1,1,0,0,0,0
CN(C)Cc1ccccc1-c1ccc(N2CC=Cc3c(C(F)(F)F)nn(-c4ccc5onc(N)c5c4)c3C2=O)cc1,9.221848749616356,0.6,1,1,0,1,0,0
CN(C)Cc1ccccc1-c1ccc(N2CC=Cc3c(C(F)(F)F)nn(-c4ccc5onc(N)c5c4)c3C2=O)c(F)c1,9.221848749616356,0.6,1,1,0,0,0,0
CN(C)Cc1ccccc1-c1ccc(N2CNc3c(C(F)(F)F)nn(-c4ccc5onc(N)c5c4)c3C2=O)cc1,9.602059991327964,0.25,1,1,0,1,0,0
CN(C)Cc1ccccc1-c1ccc(N2CCc3c(C(F)(F)F)nn(-c4ccc5onc(N)c5c4)c3C2=O)cc1,10.397940008672036,0.04,1,1,1,1,1,1
NCCCC[C@H](NC(=O)OCc1ccccc1)C(=O)c1noc(Cc2ccc(C(=O)NC3Cc4ccccc4C3)cc2)n1,4.0,100000.0,0,0,0,0,0,0
O=C(NCc1cccc(-c2cccc(-c3cc4c[nH]ccc-4n3)c2O)c1)[C@@H](O)Cc1ccccc1,4.522878745280337,30000.0,0,0,0,0,0,0
Nc1[nH]ccc2nc(-c3cccc(-c4cccc(CNC(=O)[C@@H](O)Cc5ccccc5)c4)c3O)cc1-2,4.267606240177032,54000.0,0,0,0,0,0,0
Nc1noc2ccc(-n3nc(C(F)(F)F)c4c3C(=O)N(c3ccc(-c5ccccc5CN5CC[C@@H](O)C5)cc3)CN4)cc12,9.67778070526608,0.21,0,0,0,0,0,0
Cc1nc2c(C(F)(F)F)nn(-c3ccc4onc(N)c4c3)c2c(=O)n1-c1ccc(-c2ccccc2CN2CC[C@@H](O)C2)cc1,9.744727494896694,0.18,0,0,0,0,0,0
Cc1nc2c(C(F)(F)F)nn(-c3ccc4onc(N)c4c3)c2c(=O)n1-c1ccc(-c2ccccc2CNCC2CC2)cc1,9.30102999566398,0.5,0,0,0,0,0,0
Cc1nc2c(C(F)(F)F)nn(-c3ccc4onc(N)c4c3)c2c(=O)n1-c1ccc(-c2ccccc2CN(C)C)cc1,9.769551078621726,0.17,0,0,0,0,0,0
CN(C)Cc1ccccc1-c1ccc(-n2cnc3c(C(F)(F)F)nn(-c4ccc5onc(N)c5c4)c3c2=O)cc1,9.455931955649724,0.35,1,1,0,1,0,0
Cc1nn(-c2ccc3onc(N)c3c2)c2c(=O)n(-c3ccc(-c4ccccc4CN(C)C(C)C)cc3)c(C)nc12,9.455931955649724,0.35,0,0,0,0,0,0
Cc1nn(-c2ccc3onc(N)c3c2)c2c(=O)n(-c3ccc(-c4ccccc4CN4CC[C@@H](O)C4)cc3)c(C)nc12,9.431798275933003,0.37,0,0,0,0,0,0
Cc1nn(-c2ccc3onc(N)c3c2)c2c(=O)n(-c3ccc(-c4ccccc4CN(C)C)cc3)c(C)nc12,9.568636235841012,0.27,0,0,0,0,0,0
Cc1nn(-c2ccc3onc(N)c3c2)c2c(=O)n(-c3ccc(-c4ccccc4CNC(C)C)cc3)cnc12,8.823908740944319,1.5,0,0,0,0,0,0
Cc1nn(-c2ccc3onc(N)c3c2)c2c(=O)n(-c3ccc(-c4ccccc4CNCC4CC4)cc3)cnc12,8.769551078621726,1.7,0,0,0,0,0,0
Cc1nn(-c2ccc3onc(N)c3c2)c2c(=O)n(-c3ccc(-c4ccccc4CN4CC[C@H](O)C4)cc3)cnc12,9.30102999566398,0.5,0,0,0,0,0,0
Cc1nn(-c2ccc3onc(N)c3c2)c2c(=O)n(-c3ccc(-c4ccccc4CN4CCCC4)cc3)cnc12,8.886056647693163,1.3,0,0,0,0,0,0
Cc1nn(-c2ccc3onc(N)c3c2)c2c(=O)n(-c3ccc(-c4ccccc4CN(C)C)cc3)cnc12,9.275724130399212,0.53,0,0,0,0,0,0
CCOC(=O)c1nn(-c2ccc3onc(N)c3c2)c2c(=O)n(-c3ccc(-c4ccccc4CN4CCCC4)cc3)cnc12,8.795880017344075,1.6,0,0,0,0,0,0
CN(C)Cc1ccccc1-c1ccc(-c2nnc3c(C(F)(F)F)nn(-c4ccc5onc(N)c5c4)c3c2O)cc1,8.259637310505756,5.5,1,1,0,1,0,0
Nc1nc2c(C(F)(F)F)nn(-c3ccc4onc(N)c4c3)c2c(O)c1-c1ccc(-c2ccccc2CN2CCC(O)CC2)cc1,9.113509274827518,0.77,0,0,0,0,0,0
CN(C)Cc1ccccc1-c1ccc(-c2cnc3c(C(F)(F)F)nn(-c4ccc5onc(N)c5c4)c3c2O)cc1,8.494850021680094,3.2,1,1,0,1,0,0
Nc1noc2ccc(-n3nc(C(F)(F)F)c4[nH]c(=O)n(-c5ccc(-c6ccccc6CN6CCC(O)CC6)cc5)c(=O)c43)cc12,9.657577319177792,0.22,0,0,0,0,0,0
Nc1noc2ccc(-n3nc(C(F)(F)F)c4[nH]c(=O)n(-c5ccc(-c6ccccc6CN6CC[C@@H](O)C6)cc5)c(=O)c43)cc12,9.958607314841776,0.11,0,0,0,0,0,0
CN(C)Cc1nccn1-c1ccc(-n2c(=O)[nH]c3c(C(F)(F)F)nn(-c4ccc5onc(N)c5c4)c3c2=O)c(F)c1,9.455931955649724,0.35,0,0,0,0,0,0
CN(C)Cc1ccccc1-c1ccc(N2CCc3c(C(F)(F)F)nn(-c4cccc5onc(N)c45)c3C2=O)cc1,10.397940008672036,0.04,1,1,0,0,1,1
COc1ccc(-n2nc(C(F)(F)F)c3c2C(=O)N(c2ccc(-c4ccccc4S(C)(=O)=O)cc2)CC3)c(N)c1,9.69897000433602,0.2,0,0,0,0,1,1
COc1ccc(-n2nc(C(F)(F)F)c3c2C(=O)N(c2ccc(-c4ccccc4S(C)(=O)=O)cc2)CC3)c(S(N)(=O)=O)c1,9.920818753952377,0.12,0,0,0,0,1,1
COc1ccc(-n2nc(C(F)(F)F)c3c2C(=O)N(c2ccc(-c4ccccc4S(C)(=O)=O)cc2)CC3)c(C(N)=O)c1,9.744727494896694,0.18,0,0,0,0,1,1
COc1ccc(-n2nc(C(F)(F)F)c3c2C(=O)N(c2ccc(-c4ccccc4S(C)(=O)=O)cc2)CC3)cc1,9.72181821543248,0.18975,0,0,0,0,1,1
CS(=O)(=O)c1ccccc1-c1ccc(N2CCc3c(C(F)(F)F)nn(-c4ccccc4C(N)=O)c3C2=O)cc1,8.698970004336019,2.0,0,0,0,0,1,1
CS(=O)(=O)c1ccccc1-c1ccc(N2CCc3c(C(F)(F)F)nn(-c4ccccc4S(N)(=O)=O)c3C2=O)cc1,9.130768280269024,0.74,0,0,0,0,0,0
NC(=O)c1cccc(-n2nc(C(F)(F)F)c3c2C(=O)N(c2ccc(-c4ccccc4CN4CC[C@@H](O)C4)cc2)CC3)c1,9.142667503568733,0.72,0,0,0,0,0,0
NS(=O)(=O)c1ccccc1-n1nc(C(F)(F)F)c2c1C(=O)N(c1ccc(-c3ccccc3CN3CC[C@@H](O)C3)cc1)CC2,8.920818753952375,1.2,0,0,0,0,0,0
COc1ccc(-n2nc(C(F)(F)F)c3c2C(=O)N(c2ccc(-c4ccccc4CN(C)C)cc2)CC3)cc1,9.488116639021126,0.3249999999999999,1,1,0,0,1,1
CCc1ccc(-n2nc(C(F)(F)F)c3c2C(=O)N(c2ccc(-c4ccccc4CN(C)C)cc2)CC3)cc1,8.585026652029182,2.6,1,1,0,0,1,1
CN(C)Cc1ccccc1-c1ccc(N2CCc3c(C(F)(F)F)nn(-c4cccc(NS(C)(=O)=O)c4)c3C2=O)cc1,7.327902142064283,47.0,1,1,0,0,1,1
CN(C)Cc1ccccc1-c1ccc(N2CCc3c(C(F)(F)F)nn(-c4cccc(NC(N)=O)c4)c3C2=O)cc1,7.267606240177032,54.0,1,1,0,0,1,1
CC(=O)Nc1cccc(-n2nc(C(F)(F)F)c3c2C(=O)N(c2ccc(-c4ccccc4CN(C)C)cc2)CC3)c1,7.055517327849832,88.0,1,1,0,0,1,1
CN(C)Cc1ccccc1-c1ccc(N2CCc3c(C(F)(F)F)nn(-c4cccc(N)c4)c3C2=O)cc1,8.698970004336019,2.0,1,1,0,0,1,1
CN(C)Cc1ccccc1-c1ccc(N2CCc3c(C(F)(F)F)nn(-c4cccc([N+](=O)[O-])c4)c3C2=O)cc1,7.698970004336019,20.0,1,1,0,1,1,1
CN(C)Cc1ccccc1-c1ccc(N2CCc3c(C(F)(F)F)nn(-c4cccc(C(N)=O)c4)c3C2=O)cc1,9.354577730650908,0.442,1,1,0,1,1,1
CN(C)Cc1ccccc1-c1ccc(N2CCc3c(C(F)(F)F)nn(-c4cccc(C#N)c4)c3C2=O)cc1,7.920818753952375,12.0,1,1,0,0,1,1
CN(C)Cc1ccccc1-c1ccc(N2CCc3c(C(F)(F)F)nn(-c4ccccc4C(N)=O)c3C2=O)cc1,8.568636235841012,2.7,1,1,0,0,1,1
CN(C)Cc1ccccc1-c1ccc(N2CCc3c(C(F)(F)F)nn(-c4ccccc4S(N)(=O)=O)c3C2=O)cc1,9.086186147616283,0.82,1,1,0,0,1,1
CC(C)N(CCN1C=CC=CC=C1)C(=O)[C@H](C)N1CC[C@H](NS(=O)(=O)c2ccc3cc(Cl)ccc3c2)C1=O,8.698970004336019,2.0,0,0,0,0,1,1
CC(C)N(CCN1CCOCC1)C(=O)[C@H](C)N1CC[C@H](NS(=O)(=O)c2ccc3cc(Cl)ccc3c2)C1=O,8.397940008672037,4.0,1,1,0,0,1,0
CC(C)N(CCN1CCOCC1)C(=O)[C@H](C)N1CC[C@H](N(CC(N)=O)S(=O)(=O)c2ccc3cc(Cl)ccc3c2)C1=O,9.0,1.0,0,0,0,0,0,0
CC(C)N(CCN1CCCCC1)C(=O)[C@H](C)N1CC[C@H](N(CC(N)=O)S(=O)(=O)c2ccc3cc(Cl)ccc3c2)C1=O,9.0,1.0,0,0,0,0,0,0
CC(C)N(CCNC(N)=O)C(=O)[C@H](C)N1CC[C@H](N(CC(N)=O)S(=O)(=O)c2ccc3cc(Cl)ccc3c2)C1=O,9.0,1.0,0,0,0,0,0,0
CC(C)N(CCO)C(=O)[C@H](C)N1CC[C@H](N(CC(N)=O)S(=O)(=O)c2ccc3cc(Cl)ccc3c2)C1=O,9.0,1.0,0,0,0,0,0,0
CC(C)N(CCCNS(C)(=O)=O)C(=O)[C@H](C)N1CC[C@H](NS(=O)(=O)c2ccc3cc(Cl)ccc3c2)C1=O,8.522878745280337,3.0,0,0,0,0,1,0
CC(C)N(CCCNC(N)=O)C(=O)[C@H](C)N1CC[C@H](NS(=O)(=O)c2ccc3cc(Cl)ccc3c2)C1=O,8.301029995663981,5.0,1,1,0,0,1,1
CC(C)N(CCCN)C(=O)[C@H](C)N1CC[C@H](NS(=O)(=O)c2ccc3cc(Cl)ccc3c2)C1=O,8.698970004336019,2.0,1,1,0,0,1,1
CC(C)N(CCN1CCCCC1)C(=O)[C@H](C)N1CC[C@H](NS(=O)(=O)c2ccc3cc(Cl)ccc3c2)C1=O,8.698970004336019,2.0,1,1,0,0,1,1
CC(C)N(CCN(C)C)C(=O)[C@H](C)N1CC[C@H](NS(=O)(=O)c2ccc3cc(Cl)ccc3c2)C1=O,8.698970004336019,2.0,1,1,0,0,1,1
CC(C)N(CCS(N)(=O)=O)C(=O)[C@H](C)N1CC[C@H](NS(=O)(=O)c2ccc3cc(Cl)ccc3c2)C1=O,8.522878745280337,3.0,0,0,0,0,1,1
C[C@@H](C(=O)N(CCNS(C)(=O)=O)CC1CC1)N1CC[C@H](NS(=O)(=O)c2ccc3cc(Cl)ccc3c2)C1=O,8.698970004336019,2.0,0,0,0,0,1,0
CC(C)N(CCNS(C)(=O)=O)C(=O)[C@H](C)N1CC[C@H](NS(=O)(=O)c2ccc3cc(Cl)ccc3c2)C1=O,9.0,1.0,1,1,0,0,1,1
C[C@@H](C(=O)NCCNS(C)(=O)=O)N1CC[C@H](NS(=O)(=O)c2ccc3cc(Cl)ccc3c2)C1=O,4.4089353929735005,39000.0,0,0,0,0,1,1
C[C@@H](C(=O)N(CCNC(N)=O)CC1CC1)N1CC[C@H](NS(=O)(=O)c2ccc3cc(Cl)ccc3c2)C1=O,8.154901959985743,7.0,1,1,0,0,1,1
CC(C)N(CCNC(N)=O)C(=O)[C@H](C)N1CC[C@H](NS(=O)(=O)c2ccc3cc(Cl)ccc3c2)C1=O,8.698970004336019,2.0,1,1,0,0,1,1
CC(C)N(CCC(N)=O)C(=O)[C@H](C)N1CC[C@H](NS(=O)(=O)c2ccc3cc(Cl)ccc3c2)C1=O,7.958607314841775,11.0,1,1,0,0,1,1
C[C@@H](C(=O)N(CCN)CC1CC1)N1CC[C@H](NS(=O)(=O)c2ccc3cc(Cl)ccc3c2)C1=O,7.823908740944319,15.0,1,1,0,0,1,1
CC(C)N(CCN)C(=O)[C@H](C)N1CC[C@H](NS(=O)(=O)c2ccc3cc(Cl)ccc3c2)C1=O,8.397940008672037,4.0,1,1,0,0,1,1
C[C@@H](C(=O)NCCN)N1CC[C@H](NS(=O)(=O)c2ccc3cc(Cl)ccc3c2)C1=O,5.3872161432802645,4100.0,1,1,0,0,1,1
C[C@@H](C(=O)N(CCO)CC1CC1)N1CC[C@H](NS(=O)(=O)c2ccc3cc(Cl)ccc3c2)C1=O,8.154901959985743,7.0,1,1,0,0,1,1
CC(C)N(CCO)C(=O)[C@H](C)N1CC[C@H](NS(=O)(=O)c2ccc3cc(Cl)ccc3c2)C1=O,8.221848749616356,6.0,1,1,0,0,1,1
CC(C)N(CCc1ccccn1)C(=O)[C@H](C)N1CC[C@H](NS(=O)(=O)c2ccc3cc(Cl)ccc3c2)C1=O,7.886056647693163,13.0,0,0,0,0,1,1
CC(C)N(Cc1ccncc1)C(=O)[C@H](C)N1CC[C@H](NS(=O)(=O)c2ccc3cc(Cl)ccc3c2)C1=O,8.221848749616356,6.0,0,0,0,0,1,1
CC(C)N(Cc1cccnc1)C(=O)[C@H](C)N1CC[C@H](NS(=O)(=O)c2ccc3cc(Cl)ccc3c2)C1=O,8.045757490560675,9.0,0,0,0,0,1,1
CC(C)N(Cc1ccccn1)C(=O)[C@H](C)N1CC[C@H](NS(=O)(=O)c2ccc3cc(Cl)ccc3c2)C1=O,7.958607314841775,11.0,0,0,0,0,1,1
CC(C)N(Cc1ccccc1)C(=O)[C@H](C)N1CC[C@H](NS(=O)(=O)c2ccc3cc(Cl)ccc3c2)C1=O,7.619788758288394,24.0,1,1,0,0,1,1
CCN(Cc1ccncc1)C(=O)[C@H](C)N1CC[C@H](NS(=O)(=O)c2ccc3cc(Cl)ccc3c2)C1=O,7.568636235841013,27.0,0,0,0,0,1,1
C[C@@H](C(=O)N(CCC#N)C1CCCCC1)N1CC[C@H](NS(=O)(=O)c2ccc3cc(Cl)ccc3c2)C1=O,7.136677139879544,73.0,1,1,0,0,1,1
C[C@@H](C(=O)N(CCC#N)C1CCCC1)N1CC[C@H](NS(=O)(=O)c2ccc3cc(Cl)ccc3c2)C1=O,7.958607314841775,11.0,1,1,0,0,1,1
C[C@@H](C(=O)N(CCC#N)C1CCC1)N1CC[C@H](NS(=O)(=O)c2ccc3cc(Cl)ccc3c2)C1=O,7.823908740944319,15.0,1,1,0,0,1,1
C[C@@H](C(=O)N(CCC#N)CC1CC1)N1CC[C@H](NS(=O)(=O)c2ccc3cc(Cl)ccc3c2)C1=O,8.522878745280337,3.0,1,1,0,0,1,1
C[C@@H](C(=O)N(CCC#N)C1CC1)N1CC[C@H](NS(=O)(=O)c2ccc3cc(Cl)ccc3c2)C1=O,7.244125144327507,57.0,1,1,0,0,1,1
CC(C)CN(CCC#N)C(=O)[C@H](C)N1CC[C@H](NS(=O)(=O)c2ccc3cc(Cl)ccc3c2)C1=O,6.866461091629782,136.0,1,1,0,0,1,1
CC(C)N(CCC#N)C(=O)[C@H](C)N1CC[C@H](NS(=O)(=O)c2ccc3cc(Cl)ccc3c2)C1=O,8.301029995663981,5.0,1,1,0,0,1,1
CCN(C(=O)[C@H](C)N1CC[C@H](NS(=O)(=O)c2ccc3cc(Cl)ccc3c2)C1=O)C(C)C,7.958607314841775,11.0,0,0,0,0,1,1
CC(C)N(C)C(=O)[C@H](C)N1CC[C@H](NS(=O)(=O)c2ccc3cc(Cl)ccc3c2)C1=O,7.657577319177793,22.0,1,1,0,1,1,1
CC(C)NC(=O)[C@H](C)N1CC[C@H](NS(=O)(=O)c2ccc3cc(Cl)ccc3c2)C1=O,5.565431095965801,2720.0,1,1,0,0,1,1
CCN(CC)C(=O)[C@H](C)N1CC[C@H](NS(=O)(=O)c2ccc3cc(Cl)ccc3c2)C1=O,7.619788758288394,24.0,1,1,0,0,1,1
CCN(C)C(=O)[C@H](C)N1CC[C@H](NS(=O)(=O)c2ccc3cc(Cl)ccc3c2)C1=O,7.251811972993799,56.0,1,1,0,0,1,1
C[C@@H](C(=O)N(C)C)N1CC[C@H](NS(=O)(=O)c2ccc3cc(Cl)ccc3c2)C1=O,6.460923901207224,346.0,1,1,0,1,1,1
C[C@@H](C(=O)N1CCOCC1)N1CC[C@H](NS(=O)(=O)c2cc3ccc(Cl)cc3s2)C1=O,7.823908740944319,15.0,1,1,0,1,1,1
C[C@@H](C(=O)N1CCOCC1)N1CC[C@H](NS(=O)(=O)c2cc3cc(Cl)ccc3o2)C1=O,6.106793246940152,782.0,1,1,0,1,1,1
C[C@@H](C(=O)N1CCOCC1)N1CC[C@H](NS(=O)(=O)c2cc3ccc(Cl)cc3o2)C1=O,6.54515513999149,285.0,1,1,0,1,1,1
C[C@@H](C(=O)N1CCOCC1)N1CC[C@H](NS(=O)(=O)c2cc3cc(Cl)ccc3[nH]2)C1=O,7.045757490560675,90.0,1,1,0,1,1,1
C[C@@H](C(=O)N1CCOCC1)N1CC[C@H](NS(=O)(=O)c2cc3ccc(Cl)cc3[nH]2)C1=O,6.769551078621726,170.0,1,1,0,1,1,1
C[C@@H](C(=O)N1CCOCC1)N1CC[C@H](NS(=O)(=O)c2nc3cc(Cl)ccc3s2)C1=O,6.950781977329818,112.0,1,1,0,1,1,1
C[C@@H](C(=O)N1CCOCC1)N1CC[C@H](NS(=O)(=O)c2nc3ccc(Cl)cc3s2)C1=O,5.380854473653958,4160.5,1,1,0,1,1,1
C[C@@H](C(=O)N1CCOCC1)N1CC[C@H](NS(=O)(=O)c2cc3cc(Cl)ccc3s2)C1=O,7.327902142064283,47.0,1,1,0,1,1,1
C[C@@H](C(=O)N1CCOCC1)N1CC[C@H](NS(=O)(=O)c2ccc(-c3ccc(Cl)s3)nc2)C1=O,7.619788758288394,24.0,1,1,0,1,1,1
C[C@@H](C(=O)N1CCOCC1)N1CC[C@H](NS(=O)(=O)c2n[nH]c(-c3ccc(Cl)s3)n2)C1=O,6.272458742971444,534.0,1,1,0,1,1,1
C[C@@H](C(=O)N1CCOCC1)N1CC[C@H](NS(=O)(=O)c2ncc(-c3ccc(Cl)s3)s2)C1=O,8.698970004336019,2.0,1,1,0,1,1,1
C[C@@H](C(=O)N1CCOCC1)N1CC[C@H](NS(=O)(=O)c2cnc(-c3ccc(Cl)s3)s2)C1=O,8.301029995663981,5.0,1,1,0,1,1,1
C[C@@H](C(=O)N1CCOCC1)N1CC[C@H](NS(=O)(=O)c2ccc(-c3ccc(Cl)s3)o2)C1=O,5.920818753952375,1200.0,1,1,0,1,1,1
C[C@@H](C(=O)N1CCOCC1)N1CC[C@H](NS(=O)(=O)c2ccc(-c3ncc(Cl)s3)s2)C1=O,5.491470281028714,3225.0,1,1,0,1,1,1
C[C@@H](C(=O)N1CCOCC1)N1CC[C@H](NS(=O)(=O)c2cc3ncc(Cl)cc3s2)C1=O,5.43533393574791,3670.0,1,1,0,1,1,1
C[C@@H](C(=O)N1CCOCC1)N1CC[C@H](NS(=O)(=O)c2cc3cc(Cl)cnc3s2)C1=O,5.5379016188648444,2898.0,1,1,0,1,1,1
C[C@@H](C(=O)N1CCOCC1)N1CC[C@H](NS(=O)(=O)c2cc3nc(Cl)ccc3s2)C1=O,6.787812395596042,163.0,1,1,0,1,1,1
C[C@@H](C(=O)N1CCOCC1)N1CC[C@H](NS(=O)(=O)c2ccc(/C=C/Cl)cc2)C1=O,6.503070351926785,314.0,0,0,0,0,1,1
C[C@@H](C(=O)N1CCOCC1)N1CC[C@H](NS(=O)(=O)c2cc3sc(Cl)cc3s2)C1=O,6.782516055786093,165.0,1,1,0,0,1,1
Cc1ccc2cc(S(=O)(=O)N[C@H]3CCN([C@@H](C)C(=O)N4CCOCC4)C3=O)ccc2c1,6.962573502059376,109.0,1,1,0,1,1,1
C[C@@H](C(=O)N1CCOCC1)N1CC[C@H](NS(=O)(=O)/C=C/c2ccc(Cl)s2)C1=O,8.397940008672037,4.0,1,1,0,1,1,1
C[C@@H](C(=O)N1CCOCC1)N1CC[C@H](NS(=O)(=O)/C=C/c2ccc(Cl)cc2)C1=O,7.958607314841775,11.0,1,1,0,0,1,1
C[C@@H](C(=O)N1CCOCC1)N1CC[C@H](NS(=O)(=O)c2ccc(-c3ccc(Cl)s3)s2)C1=O,8.397940008672037,4.0,1,1,0,1,1,1
N=C(N)c1ccc(CNC(=O)CNC(=O)[C@@H](CCc2cccc[n+]2[O-])NS(=O)(=O)Cc2ccccc2)cc1,9.494850021680094,0.32,0,0,0,0,1,1
NCc1ccc(Cl)cc1CNC(=O)[C@@H]1CCCN1C(=O)[C@@H](CCc1ccc(O)cc1)NCC(=O)O,8.080921907623926,8.3,0,0,0,0,1,0
CCOC(=O)CN[C@H](CCc1ccc(O)cc1)C(=O)N1CCC[C@H]1C(=O)NCc1cc(Cl)ccc1CN,7.769551078621726,17.0,0,0,0,0,1,0
NCc1ccc(Cl)cc1CNC(=O)[C@@H]1CCCN1C(=O)[C@@H](CCc1ccccn1)NCC(=O)O,8.823908740944319,1.5,0,0,0,0,1,0
CCOC(=O)CN[C@H](CCc1ccccn1)C(=O)N1CCC[C@H]1C(=O)NCc1cc(Cl)ccc1CN,8.537602002101044,2.9,0,0,0,0,1,0
NCc1ccc(Cl)cc1CNC(=O)[C@@H]1CCCN1C(=O)[C@@H](CCc1cccc[n+]1[O-])NCC(=O)O,9.0268721464003,0.94,0,0,0,0,1,1
NCc1ccc(Cl)cc1CNC(=O)[C@@H]1CCCN1C(=O)[C@@H](CCc1cccc[n+]1[O-])NCC(=O)OC1CCCCC1,9.0,1.0,0,0,0,0,1,1
CCCCCCOC(=O)CN[C@H](CCc1cccc[n+]1[O-])C(=O)N1CCC[C@H]1C(=O)NCc1cc(Cl)ccc1CN,9.036212172654444,0.92,0,0,0,0,1,1
CCOC(=O)CN[C@H](CCc1cccc[n+]1[O-])C(=O)N1CCC[C@H]1C(=O)NCc1cc(Cl)ccc1CN,8.769551078621726,1.7,0,0,0,0,1,1
NCc1ccc(Cl)cc1CNC(=O)[C@@H]1CCCN1C(=O)[C@@H](CCc1cccc[n+]1[O-])NS(=O)(=O)CC(=O)O,10.096910013008056,0.08,0,0,0,0,1,1
NCc1ccc(Cl)cc1CNC(=O)[C@@H]1CCCN1C(=O)[C@@H](CCc1cccc[n+]1[O-])NS(=O)(=O)Cc1ccccc1,10.309803919971486,0.049,0,0,0,0,1,1
NCc1ccc(Cl)cc1CNC(=O)[C@H](CCC(=O)O)NC(=O)C(CCc1cccc[n+]1[O-])NS(=O)(=O)Cc1ccccc1,9.2839966563652,0.52,0,0,0,0,1,0
CON(C(=O)[C@@H](CCc1cccc[n+]1[O-])NS(=O)(=O)Cc1ccccc1)[C@@H](CCC(=O)O)C(=O)NCc1cc(Cl)ccc1CN,9.619788758288394,0.24,0,0,0,0,0,0
NCc1ccc(Cl)cc1CNC(=O)[C@H](CO)NC(=O)[C@@H](CCc1cccc[n+]1[O-])NS(=O)(=O)Cc1ccccc1,10.229147988357855,0.059,0,0,0,0,1,0
NCc1ccc(Cl)cc1CNC(=O)[C@H](CO)NC(=O)C(CCc1ccccn1)NS(=O)(=O)Cc1ccccc1,9.602059991327964,0.25,0,0,0,0,0,0
C[C@H](NC(=O)[C@@H](CCc1cccc[n+]1[O-])NS(=O)(=O)Cc1ccccc1)C(=O)NCc1cc(Cl)ccc1CN,10.481486060122112,0.033,0,0,0,0,1,0
C[C@H](NC(=O)[C@@H](CCc1ccccn1)NS(=O)(=O)Cc1ccccc1)C(=O)NCc1cc(Cl)ccc1CN,10.075720713938118,0.084,0,0,0,0,0,0
NCc1ccc(Cl)cc1CNC(=O)CNC(=O)C(CCc1cccc[n+]1[O-])NCC(=O)O,7.795880017344075,16.0,0,0,0,0,1,1
NCc1ccc(Cl)cc1CNC(=O)CNC(=O)C(CCc1cccc[n+]1[O-])NC(=O)CC(=O)O,7.187086643357144,65.0,1,1,0,0,1,1
CCOC(=O)CC(=O)NC(CCc1cccc[n+]1[O-])C(=O)NCC(=O)NCc1cc(Cl)ccc1CN,6.698970004336019,200.0,1,1,0,0,1,1
NCc1ccc(Cl)cc1CNC(=O)CNC(=O)C(CCc1cccc[n+]1[O-])NC(=O)C(=O)O,8.309803919971486,4.9,1,1,0,0,1,1
COC(=O)C(=O)NC(CCc1cccc[n+]1[O-])C(=O)NCC(=O)NCc1cc(Cl)ccc1CN,8.309803919971486,4.9,1,1,0,0,1,1
NCc1ccc(Cl)cc1CNC(=O)CNC(=O)C(CCc1cccc[n+]1[O-])NS(=O)(=O)CC(=O)O,8.795880017344075,1.6,1,1,0,0,1,1
CC(C)OC(=O)CS(=O)(=O)NC(CCc1cccc[n+]1[O-])C(=O)NCC(=O)NCc1cc(Cl)ccc1CN,9.119186407719209,0.76,0,0,0,0,1,1
CCCS(=O)(=O)NC(CCc1cccc[n+]1[O-])C(=O)NCC(=O)NCc1cc(Cl)ccc1CN,8.468521082957745,3.4,1,1,0,0,1,1
NCc1ccc(Cl)cc1CNC(=O)CNC(=O)C(CCc1cccc[n+]1[O-])NS(=O)(=O)Cc1ccc(CC(=O)O)cc1,9.443697499232712,0.36,0,0,0,0,1,0
COC(=O)Cc1ccc(CS(=O)(=O)NC(CCc2cccc[n+]2[O-])C(=O)NCC(=O)NCc2cc(Cl)ccc2CN)cc1,9.455931955649724,0.35,0,0,0,0,1,0
O=C(CNC(=O)C(CCc1cccc[n+]1[O-])NS(=O)(=O)Cc1ccccc1)NCc1cccs1,7.2839966563652,52.0,0,0,0,0,1,1
O=C(CNC(=O)C(CCc1cccc[n+]1[O-])NS(=O)(=O)Cc1ccccc1)NCc1ccc(Cl)s1,7.275724130399211,53.0,1,1,0,1,1,1
NCc1ccccc1CNC(=O)CNC(=O)C(CCc1cccc[n+]1[O-])NS(=O)(=O)Cc1ccccc1,7.494850021680094,32.0,0,0,0,0,1,1
NCc1ccc(Cl)cc1CNC(=O)CNC(=O)[C@@H](CCc1cccc[n+]1[O-])NS(=O)(=O)Cc1ccccc1,10.022276394711152,0.095,0,0,0,0,1,1
O=C(CNC(=O)C(CCc1cccc[n+]1[O-])NS(=O)(=O)Cc1ccccc1)NCc1cc(Cl)ccc1Cl,8.593459819566045,2.55,1,1,0,0,1,1
O=C(CNC(=O)[C@@H](CCc1cccc[n+]1[O-])NS(=O)(=O)Cc1ccccc1)NCc1cccc(Cl)c1,8.481486060122112,3.3,1,1,0,1,1,1
O=C(CNC(=O)[C@@H](CCc1cccc[n+]1[O-])NS(=O)(=O)Cc1ccccc1)NCCc1ccncc1,5.4089353929735005,3900.0,1,1,0,0,1,1
Nc1ccc(CNC(=O)CNC(=O)C(CCc2cccc[n+]2[O-])NS(=O)(=O)Cc2ccccc2)cn1,7.67778070526608,21.0,0,0,0,0,1,0
CN1CCN(Cc2csc(C(=O)Nc3ccc(Cl)cc3C(=O)Nc3ccc(Cl)cc3)c2Cl)CC1,9.05551732784983,0.88,0,0,0,0,1,1
COc1cc(Cl)cc(C(=O)Nc2ccc(Cl)cn2)c1NC(=O)c1scc(CN(C)c2ncc[nH]2)c1Cl,10.69897000433602,0.02,0,0,0,0,1,1
COc1cc(Cl)cc(C(=O)Nc2ccc(Cl)cn2)c1NC(=O)c1scc(Cn2ccnc2)c1Cl,10.657577319177792,0.022,1,1,0,1,1,1
COc1cc(Cl)cc(C(=O)Nc2ccc(Cl)cn2)c1NC(=O)c1scc(CN2CC(=O)NC2=N)c1Cl,10.468521082957745,0.034,1,1,0,0,1,1
COc1cc(Cl)cc(C(=O)Nc2ccc(Cl)cn2)c1NC(=O)c1scc(CN(C)c2ncco2)c1Cl,10.229147988357855,0.059,0,0,0,0,1,1
COc1cc(Cl)cc(C(=O)Nc2ccc(Cl)cn2)c1NC(=O)c1scc(CN(C)C2=NCCS2)c1Cl,10.619788758288394,0.024,1,1,0,0,1,1
COc1cc(Cl)cc(C(=O)Nc2ccc(Cl)cn2)c1NC(=O)c1scc(CN(C)C2=NC(=O)CO2)c1Cl,10.585026652029182,0.026,0,0,0,0,1,1
COc1cc(Cl)cc(C(=O)Nc2ccc(Cl)cn2)c1NC(=O)c1scc(CN(C)C2=NCCCO2)c1Cl,10.920818753952377,0.012,1,1,0,0,1,1
CCN(Cc1csc(C(=O)Nc2c(OC)cc(Cl)cc2C(=O)Nc2ccc(Cl)cn2)c1Cl)C1=NC(C)CO1,10.508638306165729,0.031,0,0,0,0,1,1
COc1cc(Cl)cc(C(=O)Nc2ccc(Cl)cn2)c1NC(=O)c1scc(CN(C)C2=NCC(C)O2)c1Cl,9.920818753952377,0.12,0,0,0,0,1,1
COCCN(Cc1csc(C(=O)Nc2c(OC)cc(Cl)cc2C(=O)Nc2ccc(Cl)cn2)c1Cl)C1=NCCO1,9.585026652029182,0.26,1,1,0,0,1,1
COc1cc(Cl)cc(C(=O)Nc2ccc(Cl)cn2)c1NC(=O)c1scc(CN(C2=NCCO2)C(C)(C)C)c1Cl,9.920818753952377,0.12,0,0,0,0,1,1
COc1cc(Cl)cc(C(=O)Nc2ccc(Cl)cn2)c1NC(=O)c1scc(CN(CC(F)(F)F)C2=NCCO2)c1Cl,8.657577319177793,2.2,0,0,0,0,1,1
CCN(Cc1csc(C(=O)Nc2c(OC)cc(Cl)cc2C(=O)Nc2ccc(Cl)cn2)c1Cl)C1=NCCO1,10.920818753952377,0.012,1,1,0,0,1,1
COc1cc(Cl)cc(C(=O)Nc2ccc(Cl)cn2)c1NC(=O)c1scc(CN(C)C(=O)NCCC(=O)O)c1Cl,10.657577319177792,0.022,0,0,0,0,1,1
COc1cc(Cl)cc(C(=O)Nc2ccc(Cl)cn2)c1NC(=O)c1scc(CN(C)C(=O)NCCN2CCCC2)c1Cl,10.443697499232712,0.036,0,0,0,0,1,1
COc1cc(Cl)cc(C(=O)Nc2ccc(Cl)cn2)c1NC(=O)c1scc(CN(C)C(=O)NCCO)c1Cl,10.30102999566398,0.05,1,1,0,0,1,1
COc1cc(Cl)cc(C(=O)Nc2ccc(Cl)cn2)c1NC(=O)c1scc(CN(C)C(N)=O)c1Cl,10.585026652029182,0.026,1,1,0,0,1,1
COc1cc(Cl)cc(C(=O)Nc2ccc(Cl)cn2)c1NC(=O)c1scc(CN(C)S(C)(=O)=O)c1Cl,10.346787486224656,0.045,1,1,0,0,1,1
COc1cc(Cl)cc(C(=O)Nc2ccc(Cl)cn2)c1NC(=O)c1scc(CN(C)CCN2CCCC2)c1Cl,10.721246399047171,0.019,1,1,0,0,1,1
COc1cc(Cl)cc(C(=O)Nc2ccc(Cl)cn2)c1NC(=O)c1scc(CN(C)CCCN(C)C)c1Cl,10.619788758288394,0.024,1,1,0,0,1,1
COc1cc(Cl)cc(C(=O)Nc2ccc(Cl)cn2)c1NC(=O)c1scc(CN(C)CC(O)CO)c1Cl,9.585026652029182,0.26,1,1,0,0,1,1
COc1cc(Cl)cc(C(=O)Nc2ccc(Cl)cn2)c1NC(=O)c1scc(CN(C)CC(C)(C)O)c1Cl,9.148741651280924,0.71,1,1,0,0,1,1
COc1cc(Cl)cc(C(=O)Nc2ccc(Cl)cn2)c1NC(=O)c1scc(CN(C)CC(C)O)c1Cl,9.397940008672036,0.4,1,1,0,0,1,1
COc1cc(Cl)cc(C(=O)Nc2ccc(Cl)cn2)c1NC(=O)c1scc(CN(C)CCCO)c1Cl,9.744727494896694,0.18,1,1,0,0,1,1
COc1cc(Cl)cc(C(=O)Nc2ccc(Cl)cn2)c1NC(=O)c1scc(CN(C)CCO)c1Cl,9.619788758288394,0.24,1,1,0,0,1,1
COc1cc(Cl)cc(C(=O)Nc2ccc(Cl)cn2)c1NC(=O)c1scc(CN2CCC(O)CC2)c1Cl,8.657577319177793,2.2,1,1,0,1,1,1
COc1cc(Cl)cc(C(=O)Nc2ccc(Cl)cn2)c1NC(=O)c1scc(CN2CCCC2)c1Cl,9.2839966563652,0.52,1,1,0,1,1,1
COc1cc(Cl)cc(C(=O)Nc2ccc(Cl)cn2)c1NC(=O)c1scc(CN2CCOCC2)c1Cl,8.853871964321762,1.4,1,1,0,1,1,1
CCN(CC)Cc1csc(C(=O)Nc2c(OC)cc(Cl)cc2C(=O)Nc2ccc(Cl)cn2)c1Cl,9.494850021680094,0.32,1,1,0,0,1,1
CCN(C)Cc1csc(C(=O)Nc2c(OC)cc(Cl)cc2C(=O)Nc2ccc(Cl)cn2)c1Cl,9.657577319177792,0.22,1,1,0,0,1,1
COc1cc(Cl)cc(C(=O)Nc2ccc(Cl)cn2)c1NC(=O)c1scc(CNC(C)C)c1Cl,8.853871964321762,1.4,1,1,0,0,1,1
CCNCc1csc(C(=O)Nc2c(OC)cc(Cl)cc2C(=O)Nc2ccc(Cl)cn2)c1Cl,9.397940008672036,0.4,0,0,0,0,1,1
CNCc1csc(C(=O)Nc2c(OC)cc(Cl)cc2C(=O)Nc2ccc(Cl)cn2)c1Cl,9.67778070526608,0.21,0,0,0,0,1,1
COc1cc(Cl)cc(C(=O)Nc2ccc(Cl)cn2)c1NC(=O)c1scc(CN)c1Cl,9.0,1.0,0,0,0,0,1,1
COc1cc(Cl)cc(C(=O)Nc2ccc(Cl)cn2)c1NC(=O)c1scc(CN2CCN(C)CC2)c1Cl,9.795880017344077,0.16,1,1,0,1,1,1
COc1cc(Cl)cc(C(=O)Nc2ccc(Cl)cc2)c1NC(=O)c1scc(CN2CCN(C)CC2)c1Cl,9.366531544420411,0.43,1,1,0,1,0,0
CN1CCN(Cc2csc(C(=O)Nc3ccc(Cl)cc3C(=O)Nc3ccc(Cl)cn3)c2Cl)CC1,9.443697499232712,0.36,1,1,0,1,0,0
CCNC(=O)N(C)Cc1csc(C(=O)Nc2c(OC)cc(Cl)cc2C(=O)Nc2ccc(Cl)cn2)c1Cl,10.69897000433602,0.02,1,1,0,0,1,1
O=C(Nc1ccc(Cl)cc1)c1cc(Cl)ccc1NC(=O)c1scc(COCC(O)CO)c1Cl,8.244125144327509,5.7,0,0,0,0,1,1
CC1(C)OCC(COCc2csc(C(=O)Nc3ccc(Cl)cc3C(=O)Nc3ccc(Cl)cc3)c2Cl)O1,7.698970004336019,20.0,0,0,0,0,1,1
COCCOCCOCc1csc(C(=O)Nc2ccc(Cl)cc2C(=O)Nc2ccc(Cl)cc2)c1Cl,8.0,10.0,1,1,0,0,1,1
COCCOCc1csc(C(=O)Nc2ccc(Cl)cc2C(=O)Nc2ccc(Cl)cc2)c1Cl,7.920818753952375,12.0,1,1,0,0,1,1
CN(C)CCSCc1csc(C(=O)Nc2ccc(Cl)cc2C(=O)Nc2ccc(Cl)cc2)c1Cl,8.568636235841012,2.7,0,0,0,0,1,1
CS(=O)(=O)Cc1csc(C(=O)Nc2ccc(Cl)cc2C(=O)Nc2ccc(Cl)cc2)c1Cl,8.67778070526608,2.1,0,0,0,0,1,1
C[S+](O)Cc1csc(C(=O)Nc2ccc(Cl)cc2C(=O)Nc2ccc(Cl)cc2)c1Cl,9.397940008672036,0.4,0,0,0,0,1,1
CSCc1csc(C(=O)Nc2ccc(Cl)cc2C(=O)Nc2ccc(Cl)cc2)c1Cl,9.096910013008056,0.8,1,1,0,0,1,1
O=C(Nc1ccc(Cl)cc1)c1cc(Cl)ccc1NC(=O)c1scc(Cn2ncnn2)c1Cl,8.698970004336019,2.0,0,0,0,0,1,1
O=C(Nc1ccc(Cl)cc1)c1cc(Cl)ccc1NC(=O)c1scc(Cn2cnnn2)c1Cl,8.769551078621726,1.7,0,0,0,0,1,1
O=C(Nc1ccc(Cl)cc1)c1cc(Cl)ccc1NC(=O)c1scc(Cn2nccn2)c1Cl,8.455931955649724,3.5,0,0,0,0,1,1
O=C(Nc1ccc(Cl)cc1)c1cc(Cl)ccc1NC(=O)c1scc(Cn2ccnn2)c1Cl,8.853871964321762,1.4,0,0,0,0,1,1
O=C(Nc1ccc(Cl)cc1)c1cc(Cl)ccc1NC(=O)c1scc(Cn2cncn2)c1Cl,8.795880017344075,1.6,0,0,0,0,1,1
O=C(Nc1ccc(Cl)cc1)c1cc(Cl)ccc1NC(=O)c1scc(Cn2cccn2)c1Cl,8.67778070526608,2.1,0,0,0,0,1,1
CN1CCC(N(C)Cc2csc(C(=O)Nc3ccc(Cl)cc3C(=O)Nc3ccc(Cl)cc3)c2Cl)CC1,9.42021640338319,0.38,0,0,0,0,1,1
O=C(Nc1ccc(Cl)cc1)c1cc(Cl)ccc1NC(=O)c1scc(CNCCCn2ccnc2)c1Cl,8.337242168318426,4.6,0,0,0,0,1,1
CN(CCN1CCCC1)Cc1csc(C(=O)Nc2ccc(Cl)cc2C(=O)Nc2ccc(Cl)cc2)c1Cl,9.522878745280336,0.3,0,0,0,0,1,1
CN(C)CCCN(C)Cc1csc(C(=O)Nc2ccc(Cl)cc2C(=O)Nc2ccc(Cl)cc2)c1Cl,9.221848749616356,0.6,0,0,0,0,1,1
CCN(CC)CCN(C)Cc1csc(C(=O)Nc2ccc(Cl)cc2C(=O)Nc2ccc(Cl)cc2)c1Cl,9.2839966563652,0.52,0,0,0,0,1,1
CN(C)CCN(C)Cc1csc(C(=O)Nc2ccc(Cl)cc2C(=O)Nc2ccc(Cl)cc2)c1Cl,9.346787486224656,0.45,1,1,0,0,1,1
CN(CCOCCO)Cc1csc(C(=O)Nc2ccc(Cl)cc2C(=O)Nc2ccc(Cl)cc2)c1Cl,8.823908740944319,1.5,0,0,0,0,1,1
O=C(Nc1ccc(Cl)cc1)c1cc(Cl)ccc1NC(=O)c1scc(CNCCOCCO)c1Cl,8.468521082957745,3.4,0,0,0,0,1,1
CN(Cc1csc(C(=O)Nc2ccc(Cl)cc2C(=O)Nc2ccc(Cl)cc2)c1Cl)CC(O)CO,8.853871964321762,1.4,0,0,0,0,1,1
CN(CCO)Cc1csc(C(=O)Nc2ccc(Cl)cc2C(=O)Nc2ccc(Cl)cc2)c1Cl,9.096910013008056,0.8,1,1,0,0,1,1
CCOC(=O)CN(C)Cc1csc(C(=O)Nc2ccc(Cl)cc2C(=O)Nc2ccc(Cl)cc2)c1Cl,8.2839966563652,5.2,1,1,0,0,1,1
O=C(Nc1ccc(Cl)cc1)c1cc(Cl)ccc1NC(=O)c1scc(CN2CCSCC2)c1Cl,8.318758762624412,4.8,0,0,0,0,1,1
CC(=O)N1CCN(Cc2csc(C(=O)Nc3ccc(Cl)cc3C(=O)Nc3ccc(Cl)cc3)c2Cl)CC1,8.221848749616356,6.0,1,1,0,1,1,1
CCN1CCN(Cc2csc(C(=O)Nc3ccc(Cl)cc3C(=O)Nc3ccc(Cl)cc3)c2Cl)CC1,8.795880017344075,1.6,0,0,0,0,1,1
CCCN1CC2SC(C(=O)Nc3ccc(Cl)cc3C(=O)Nc3ccc(Cl)cc3)=C(Cl)C2C1,8.657577319177793,2.2,0,0,0,0,1,1
CCCNCc1sc(C(=O)Nc2ccc(Cl)cc2C(=O)Nc2ccc(Cl)cc2)c(Cl)c1CNCCC,8.1249387366083,7.5,0,0,0,0,1,0
Cc1c(CN2CCN(C)CC2)sc(C(=O)Nc2ccc(Cl)cc2C(=O)Nc2ccc(Cl)cc2)c1Cl,8.0,10.0,0,0,0,0,1,0
Cc1sc(C(=O)Nc2ccc(Cl)cc2C(=O)Nc2ccc(Cl)cc2)c(Cl)c1CN1CCN(C)CC1,7.920818753952375,12.0,0,0,0,0,1,0
O=C(Nc1ccc(Cl)cc1)c1cc(Cl)ccc1NC(=O)c1sc(Cn2ccnc2)cc1Cl,8.142667503568731,7.2,0,0,0,0,1,1
O=C(Nc1ccc(Cl)cc1)c1cc(Cl)ccc1NC(=O)c1scc(Cn2ccnc2)c1Cl,8.721246399047171,1.9,0,0,0,0,1,1
O=C(Nc1ccc(Cl)cc1)c1cc(Cl)ccc1NC(=O)c1sc(CN2CCOCC2)cc1Cl,7.468521082957745,34.0,0,0,0,0,1,1
O=C(Nc1ccc(Cl)cc1)c1cc(Cl)ccc1NC(=O)c1scc(CN2CCOCC2)c1Cl,8.207608310501746,6.2,0,0,0,0,1,1
CN1CCN(Cc2cc(Cl)c(C(=O)Nc3ccc(Cl)cc3C(=O)Nc3ccc(Cl)cc3)s2)CC1,8.2518119729938,5.6,0,0,0,0,1,0
Cc1cc(Cl)c(C(=O)Nc2ccc(Cl)cc2C(=O)Nc2ccc(Cl)cc2)s1,7.619788758288394,24.0,0,0,0,0,1,1
Cc1csc(C(=O)Nc2ccc(Cl)cc2C(=O)Nc2ccc(Cl)cc2)c1Cl,7.744727494896693,18.0,1,1,0,0,1,1
O=C(O)CN1CCN(Cc2ccc3c(Cl)c(C(=O)Nc4ccc(Cl)cc4C(=O)Nc4ccc(Cl)cc4)sc3c2)CC1,8.022276394711152,9.5,0,0,0,0,0,0
CN1CCN(Cc2ccc3c(Cl)c(C(=O)Nc4ccc(Cl)cc4C(=O)Nc4ccc(Cl)cc4)sc3c2)CC1,7.67778070526608,21.0,0,0,0,0,1,1
CN1CCN(Cc2c(C(=O)Nc3ccc(Cl)cc3C(=O)Nc3ccc(Cl)cc3)sc3ccccc23)CC1,7.698970004336019,20.0,0,0,0,0,1,1
CN(C)Cc1ccc2c(Cl)c(C(=O)Nc3ccc(Cl)cc3C(=O)Nc3ccc(Cl)cc3)sc2c1,7.853871964321762,14.0,1,1,0,0,1,1
CN(C)Cc1c(C(=O)Nc2ccc(Cl)cc2C(=O)Nc2ccc(Cl)cc2)sc2ccccc12,8.045757490560675,9.0,1,1,0,0,1,1
Cc1ccc2c(Cl)c(C(=O)Nc3ccc(Cl)cc3C(=O)Nc3ccc(Cl)cc3)sc2c1,9.022276394711152,0.95,1,1,0,0,1,1
Cc1c(C(=O)Nc2ccc(Cl)cc2C(=O)Nc2ccc(Cl)cc2)sc2ccccc12,9.086186147616283,0.82,1,1,0,1,1,1
CC(C)(CNC(=O)c1ccc2c(Cl)c[nH]c2c1)NC(=O)c1ccc(-n2ccccc2=O)cc1,8.318758762624412,4.8,0,0,0,0,0,0
O=C(NCCNC(=O)c1ccc(Cl)s1)c1ccc(-n2ccccc2=O)cc1,8.823908740944319,1.5,0,0,0,0,1,1
CC(CNC(=O)c1ccc2c(Cl)c[nH]c2c1)NC(=O)c1ccc(-n2ccccc2=O)cc1,8.4089353929735,3.9,0,0,0,0,0,0
CC(C)(CNC(=O)c1ccc(-n2ccccc2=O)cc1)NC(=O)c1ccc2c(Cl)c[nH]c2c1,8.886056647693163,1.3,0,0,0,0,0,0
CC(CNC(=O)c1ccc(-n2ccccc2=O)cc1)NC(=O)c1ccc2c(Cl)c[nH]c2c1,8.0,10.0,0,0,0,0,0,0
O=C(NCCNC(=O)c1ccc2c(Cl)c[nH]c2c1)c1ccc(-n2ccccc2=O)cc1,7.886056647693163,13.0,0,0,0,0,1,0
CC(C)(CNC(=O)c1ccc(Cl)s1)NC(=O)c1ccc(-n2ccccc2=O)cc1,8.602059991327963,2.5,0,0,0,0,1,1
CC(CNC(=O)c1ccc(Cl)s1)NC(=O)c1ccc(-n2ccccc2=O)cc1,8.67778070526608,2.1,0,0,0,0,1,1
CC(C)(CNC(=O)c1ccc(-n2ccccc2=O)cc1)NC(=O)c1ccc(Cl)s1,8.494850021680094,3.2,0,0,0,0,1,1
CC(CNC(=O)c1ccc(-n2ccccc2=O)cc1)NC(=O)c1ccc(Cl)s1,8.769551078621726,1.7,0,0,0,0,1,1
O=C(N[C@H]1CCC[C@H]1NC(=O)c1ccc2c(c1)N=CC2Cl)c1ccc(-n2ccccc2=O)cc1,9.0,1.0,1,1,0,1,1,1
CS(=O)(=O)c1cc(Cl)ccc1C(=O)N[C@@H]1CCC[C@@H]1NC(=O)c1ccc(-n2ccccc2=O)cc1,5.067526235322847,8560.0,0,0,0,0,1,1
COc1cc(Cl)ccc1C(=O)N[C@@H]1CCC[C@@H]1NC(=O)c1ccc(-n2ccccc2=O)cc1,5.129596094720973,7420.0,1,1,0,0,1,1
Cc1cc(Cl)ccc1C(=O)N[C@@H]1CCC[C@@H]1NC(=O)c1ccc(-n2ccccc2=O)cc1,6.219682687859849,603.0,1,1,0,0,1,1
O=C(N[C@H]1CCC[C@H]1NC(=O)c1ccc(Cl)cc1Cl)c1ccc(-n2ccccc2=O)cc1,6.443697499232712,360.0,1,1,0,0,1,1
O=C(N[C@H]1CCC[C@H]1NC(=O)c1ccc(Cl)cc1F)c1ccc(-n2ccccc2=O)cc1,6.889410289700751,129.0,1,1,0,0,1,1
O=C(N[C@H]1CCC[C@H]1NC(=O)c1ccc(Cl)c(Cl)c1)c1ccc(-n2ccccc2=O)cc1,6.363512103646634,433.0,1,1,0,0,1,1
O=C(N[C@H]1CCC[C@H]1NC(=O)c1ccc(Cl)c(F)c1)c1ccc(-n2ccccc2=O)cc1,6.645891560852599,226.0,1,1,0,0,1,1
COc1cc(C(=O)N[C@@H]2CCC[C@@H]2NC(=O)c2ccc(-n3ccccc3=O)cc2)ccc1Cl,6.049635145623877,892.0,0,0,0,0,1,1
Cc1cc(C(=O)N[C@@H]2CCC[C@@H]2NC(=O)c2ccc(-n3ccccc3=O)cc2)ccc1Cl,6.860120913598763,138.0,1,1,0,0,1,1
O=C(N[C@H]1CCC[C@H]1NC(=O)c1ccccc1Cl)c1ccc(-n2ccccc2=O)cc1,5.583359492661719,2610.0,1,1,0,0,1,1
O=C(N[C@H]1CCC[C@H]1NC(=O)c1cccc(Cl)c1)c1ccc(-n2ccccc2=O)cc1,5.925915310971756,1186.0,1,1,0,1,1,1
O=C(N[C@H]1CCC[C@H]1NC(=O)c1ccc2cc[nH]c2c1)c1ccc(-n2ccccc2=O)cc1,6.906578314837765,124.0,1,1,0,0,1,1
COc1ccc(C(=O)N[C@@H]2CCC[C@@H]2NC(=O)c2ccc(-n3ccccc3=O)cc2)cc1,6.769551078621726,170.0,1,1,0,0,1,1
Cc1ccc(C(=O)N[C@@H]2CCC[C@@H]2NC(=O)c2ccc(-n3ccccc3=O)cc2)s1,8.101274818410506,7.92,1,1,0,1,1,1
O=C(N[C@H]1CCC[C@H]1NC(=O)c1cnc(Cl)s1)c1ccc(-n2ccccc2=O)cc1,5.913640169325252,1220.0,1,1,0,1,1,1
O=C(N[C@H]1CCC[C@H]1NC(=O)c1ccc(Cl)cc1)c1ccc(-n2ccccc2=O)cc1,7.443697499232712,36.0,1,1,0,0,1,1
O=C(N[C@H]1CCC[C@H]1NC(=O)c1ccc2cc(Cl)ccc2c1)c1ccc(-n2ccccc2=O)cc1,7.568636235841013,27.0,1,1,0,1,1,1
O=C(N[C@H]1CCC[C@H]1NC(=O)c1cc2cc(Cl)ccc2s1)c1ccc(-n2ccccc2=O)cc1,6.540607512240769,288.0,1,1,0,1,1,1
O=C(N[C@H]1CCC[C@H]1NC(=O)c1cc2ccc(Cl)cc2s1)c1ccc(-n2ccccc2=O)cc1,7.468521082957745,34.0,1,1,0,0,1,1
O=C(N[C@H]1CCC[C@H]1NC(=O)c1cc2ccc(Cl)cc2[nH]1)c1ccc(-n2ccccc2=O)cc1,6.575118363368933,266.0,1,1,1,1,1,1
O=C(N[C@H]1CCC[C@H]1NC(=O)c1cc2cc(Cl)ccc2[nH]1)c1ccc(-n2ccccc2=O)cc1,7.130768280269024,74.0,0,0,0,0,1,1
O=C(N[C@H]1CCCC[C@H]1NC(=O)c1cc2ccc(Cl)cc2[nH]1)c1ccc(-n2ccccc2=O)cc1,7.853871964321762,14.0,1,1,1,1,0,0
O=C(N[C@H]1CCCC[C@H]1NC(=O)c1ccc(Cl)cc1)c1ccc(-n2ccccc2=O)cc1,7.431798275933005,37.0,1,1,0,0,1,0
O=C(N[C@H]1CCCC[C@H]1NC(=O)c1ccc2cc(Cl)ccc2c1)c1ccc(-n2ccccc2=O)cc1,7.698970004336019,20.0,1,1,0,1,0,0
O=C(N[C@H]1CCCC[C@H]1NC(=O)c1cc2ccc(Cl)cc2s1)c1ccc(-n2ccccc2=O)cc1,7.795880017344075,16.0,1,1,0,1,0,0
O=C(N[C@H]1CCC[C@H]1NC(=O)c1ccc(Cl)s1)c1ccc(-n2ccncc2=O)cc1,8.958607314841775,1.1,1,1,0,1,0,0
O=C(N[C@H]1CCCC[C@H]1NC(=O)c1ccc2c(Cl)c[nH]c2c1)c1ccc(N2CCCS2(=O)=O)cc1,6.97061622231479,107.0,1,1,0,0,1,1
O=C(N[C@H]1CCCC[C@H]1NC(=O)c1ccc2c(Cl)c[nH]c2c1)c1ccc(N2CCCCCC2=O)cc1,7.769551078621726,17.0,1,1,0,1,1,1
O=C(N[C@H]1CCCC[C@H]1NC(=O)c1ccc2c(Cl)c[nH]c2c1)c1ccc(N2CCCC2=O)cc1,8.09151498112135,8.1,1,1,0,1,1,1
O=C(N[C@H]1CCCC[C@H]1NC(=O)c1ccc2c(Cl)c[nH]c2c1)c1ccc(N2CCCNC2=O)cc1,8.397940008672037,4.0,1,1,0,0,1,1
O=C(N[C@H]1CCCC[C@H]1NC(=O)c1ccc2c(Cl)c[nH]c2c1)c1ccc(N2CCCOC2=O)cc1,8.301029995663981,5.0,1,1,0,0,1,1
O=C(N[C@H]1CCC[C@H]1NC(=O)c1ccc2c(Cl)c[nH]c2c1)c1ccc(N2CCOCC2=O)cc1,8.3767507096021,4.2,1,1,0,0,0,0
O=C(N[C@H]1CCCC[C@H]1NC(=O)c1ccc2c(Cl)c[nH]c2c1)c1ccc(N2CCCCC2=O)cc1,8.585026652029182,2.6,1,1,0,0,1,1
O=C(N[C@H]1CCC[C@H]1NC(=O)c1ccc2c(Cl)c[nH]c2c1)c1ccc(N2CCCCC2=O)cc1,8.585026652029182,2.6,1,1,0,0,0,0
O=C(N[C@H]1CCC[C@H]1NC(=O)c1ccc(Cl)s1)c1ccc(N2CCCCC2=O)cc1,8.823908740944319,1.5,1,1,0,1,0,0
O=C(N[C@H]1CCCC[C@H]1NC(=O)c1ccc2c(Cl)c[nH]c2c1)c1ccc(-n2ccncc2=O)cc1,9.0268721464003,0.94,1,1,0,1,1,1
CN(C)Cc1nccn1-c1ccc(C(=O)N[C@H]2CCC[C@H]2NC(=O)c2ccc3c(Cl)c[nH]c3c2)cc1,8.148741651280925,7.1,0,0,0,0,1,1
O=C(N[C@@H]1CCC[C@@H]1NC(=O)c1ccc(-n2ccccc2=O)cc1F)c1ccc(Cl)s1,8.327902142064282,4.7,0,0,0,0,0,0
O=C(N[C@@H]1CCC[C@@H]1NCc1ccc(-n2ccccc2=O)cc1)c1ccc(Cl)s1,8.3767507096021,4.2,0,0,0,0,0,0
O=C(N[C@H]1CCC[C@H]1NS(=O)(=O)c1ccc(Cl)cc1)c1ccc(-n2ccccc2=O)cc1,4.939302159646388,11500.0,1,1,0,0,1,1
O=C(N[C@H]1CCC[C@H]1NCc1ccc(Cl)s1)c1ccc(-n2ccccc2=O)cc1,7.086186147616283,82.0,1,1,0,0,1,1
O=C(Nc1ccc(Cl)cc1)N[C@@H]1CCC[C@@H]1NC(=O)c1ccc(-n2ccccc2=O)cc1,8.0,10.0,1,1,0,0,1,1
COc1ccc(-n2nc(C(N)=O)c3c2C(=O)N(c2ccc(N4CCCCC4=O)cc2)CC3)cc1,10.096910013008056,0.08,0,0,0,0,1,1
O=C(N[C@H]1CCCC[C@H]1NC(=O)c1ccc(Cl)s1)c1ccc(C2(CN3CCCC3)CC2)cc1,9.022276394711152,0.95,0,0,0,0,0,0
O=C(N[C@H]1CCC[C@H]1NC(=O)c1ccc(Cl)s1)c1ccc(C2(CN3CCCC3)CC2)cc1,9.292429823902063,0.51,0,0,0,0,0,0
O=C(N[C@H]1CCCC[C@H]1NC(=O)c1ccc2c(Cl)c[nH]c2c1)c1ccc(C2(CN3CCCC3)CC2)cc1,9.356547323513812,0.44,0,0,0,0,1,1
O=C(N[C@H]1CCC[C@H]1NC(=O)c1ccc2c(Cl)c[nH]c2c1)c1ccc(C2(CN3CCCC3)CC2)cc1,8.619788758288394,2.4,0,0,0,0,0,0
CN(C)Cc1nccn1-c1ccc(C(=O)N[C@H]2CCCC[C@H]2NC(=O)c2ccc(Cl)s2)cc1,8.356547323513812,4.4,0,0,0,0,0,0
CN(C)Cc1nccn1-c1ccc(C(=O)N[C@H]2CCC[C@H]2NC(=O)c2ccc(Cl)s2)cc1,8.55284196865778,2.8,0,0,0,0,0,0
CN(C)Cc1nccn1-c1ccc(C(=O)N[C@H]2CCCC[C@H]2NC(=O)c2ccc3c(Cl)c[nH]c3c2)cc1,8.638272163982407,2.3,0,0,0,0,1,1
O=C(N[C@@H]1CCCC[C@@H]1NS(=O)(=O)c1ccc(-n2ccccc2=O)cc1)c1ccc2c(Cl)c[nH]c2c1,6.031984286006359,929.0,1,1,0,1,1,0
O=C(N[C@@H]1CCCC[C@@H]1NC(=O)c1ccc(-n2ccccc2=O)cc1F)c1ccc2c(Cl)c[nH]c2c1,9.148741651280924,0.71,1,1,0,0,1,0
O=C(N[C@@H]1CCCC[C@@H]1NCc1ccc(-n2ccccc2=O)cc1)c1ccc2c(Cl)c[nH]c2c1,8.886056647693163,1.3,0,0,0,0,1,0
O=C(N[C@@H]1CCCC[C@@H]1CS(=O)(=O)c1ccc(-n2ccccc2=O)cc1)c1ccc2c(Cl)c[nH]c2c1,7.886056647693163,13.0,1,1,0,1,1,0
O=C(N[C@H]1CCC[C@H]1NC(=O)c1ccc2c(Cl)c[nH]c2c1)c1ccc(-n2ccccc2=O)cc1,9.154901959985745,0.7,1,1,0,1,1,1
COCCNC(=O)[C@H]1C[C@H](NC(=O)c2ccc(-n3ccccc3=O)cc2)[C@H](NC(=O)c2ccc(Cl)s2)C1,8.537602002101044,2.9,0,0,0,0,0,0
O=C(N[C@H]1C[C@H](C(=O)N2CCOCC2)C[C@H]1NC(=O)c1ccc(Cl)s1)c1ccc(-n2ccccc2=O)cc1,8.795880017344075,1.6,0,0,0,0,0,0
O=C(N[C@H]1C[C@H](C(=O)NC2CC2)C[C@H]1NC(=O)c1ccc(Cl)s1)c1ccc(-n2ccccc2=O)cc1,8.795880017344075,1.6,0,0,0,0,0,0
CN(C)C(=O)[C@H]1C[C@H](NC(=O)c2ccc(-n3ccccc3=O)cc2)[C@H](NC(=O)c2ccc(Cl)s2)C1,8.67778070526608,2.1,0,0,0,0,0,0
O=C(N[C@H]1C[C@H](C(=O)O)C[C@H]1NC(=O)c1ccc(Cl)s1)c1ccc(-n2ccccc2=O)cc1,8.721246399047171,1.9,0,0,0,0,0,0
O=C(N[C@H]1C[C@H](CO)C[C@H]1NC(=O)c1ccc(Cl)s1)c1ccc(-n2ccccc2=O)cc1,9.2518119729938,0.56,0,0,0,0,1,0
CN(C)C(=O)N1C[C@H](NC(=O)c2ccc(-n3ccccc3=O)cc2)[C@H](NC(=O)c2ccc(Cl)s2)C1,9.2518119729938,0.56,0,0,0,0,0,0
CNC(=O)N1C[C@H](NC(=O)c2ccc(-n3ccccc3=O)cc2)[C@H](NC(=O)c2ccc(Cl)s2)C1,8.958607314841775,1.1,0,0,0,0,0,0
O=C(N[C@H]1CN(C(=O)N2CCCC2)C[C@H]1NC(=O)c1ccc(Cl)s1)c1ccc(-n2ccccc2=O)cc1,8.769551078621726,1.7,0,0,0,0,0,0
CC(C)S(=O)(=O)N1C[C@H](NC(=O)c2ccc(-n3ccccc3=O)cc2)[C@H](NC(=O)c2ccc(Cl)s2)C1,8.769551078621726,1.7,0,0,0,0,0,0
CCS(=O)(=O)N1C[C@H](NC(=O)c2ccc(-n3ccccc3=O)cc2)[C@H](NC(=O)c2ccc(Cl)s2)C1,9.193820026016112,0.64,0,0,0,0,0,0
CS(=O)(=O)N1C[C@H](NC(=O)c2ccc(-n3ccccc3=O)cc2)[C@H](NC(=O)c2ccc(Cl)s2)C1,9.356547323513812,0.44,0,0,0,0,0,0
COCCOC(=O)N1C[C@H](NC(=O)c2ccc(-n3ccccc3=O)cc2)[C@H](NC(=O)c2ccc(Cl)s2)C1,9.031517051446064,0.93,0,0,0,0,0,0
COC(=O)N1C[C@H](NC(=O)c2ccc(-n3ccccc3=O)cc2)[C@H](NC(=O)c2ccc(Cl)s2)C1,9.130768280269024,0.74,0,0,0,0,0,0
COCC(=O)N1C[C@H](NC(=O)c2ccc(-n3ccccc3=O)cc2)[C@H](NC(=O)c2ccc(Cl)s2)C1,9.443697499232712,0.36,0,0,0,0,0,0
O=C(N[C@H]1CN(C(=O)c2ccccc2)C[C@H]1NC(=O)c1ccc(Cl)s1)c1ccc(-n2ccccc2=O)cc1,8.657577319177793,2.2,0,0,0,0,0,0
O=C(N[C@H]1CN(C(=O)C2CC2)C[C@H]1NC(=O)c1ccc(Cl)s1)c1ccc(-n2ccccc2=O)cc1,8.67778070526608,2.1,0,0,0,0,0,0
CC(C)(C)C(=O)N1C[C@H](NC(=O)c2ccc(-n3ccccc3=O)cc2)[C@H](NC(=O)c2ccc(Cl)s2)C1,8.769551078621726,1.7,0,0,0,0,0,0
CC(C)C(=O)N1C[C@H](NC(=O)c2ccc(-n3ccccc3=O)cc2)[C@H](NC(=O)c2ccc(Cl)s2)C1,8.886056647693163,1.3,0,0,0,0,0,0
CCC(=O)N1C[C@H](NC(=O)c2ccc(-n3ccccc3=O)cc2)[C@H](NC(=O)c2ccc(Cl)s2)C1,8.698970004336019,2.0,0,0,0,0,0,0
CCOC(=O)N1C[C@H](NC(=O)c2ccc(-n3ccccc3=O)cc2)[C@H](NC(=O)c2ccc3c(Cl)c[nH]c3c2)C1,8.55284196865778,2.8,0,0,0,0,1,1
CCOC(=O)N1C[C@H](NC(=O)c2ccc(-n3ccccc3=O)cc2)[C@H](NC(=O)c2ccc(Cl)s2)C1,8.547830081464564,2.8325,0,0,0,0,0,0
CC(=O)N1C[C@H](NC(=O)c2ccc(-n3ccccc3=O)cc2)[C@H](NC(=O)c2ccc3c(Cl)c[nH]c3c2)C1,8.4089353929735,3.9,0,0,0,0,0,0
CC(=O)N1C[C@H](NC(=O)c2ccc(-n3ccccc3=O)cc2)[C@H](NC(=O)c2ccc(Cl)s2)C1,9.236572006437065,0.58,0,0,0,0,0,0
O=C(N[C@H]1CN(C(=O)OCC2c3ccccc3-c3ccccc32)C[C@H]1NC(=O)c1ccc2c(Cl)c[nH]c2c1)c1ccc(-n2ccccc2=O)cc1,6.787812395596042,163.0,0,0,0,0,1,1
O=C(N[C@H]1CN(C(=O)OCC2c3ccccc3-c3ccccc32)C[C@H]1NC(=O)c1ccc(Cl)s1)c1ccc(-n2ccccc2=O)cc1,8.346787486224656,4.5,0,0,0,0,1,1
O=C(N[C@H]1CNC[C@H]1NC(=O)c1ccc2c(Cl)c[nH]c2c1)c1ccc(-n2ccccc2=O)cc1,7.744727494896693,18.0,1,1,0,1,0,0
O=C(N[C@H]1CNC[C@H]1NC(=O)c1ccc(Cl)s1)c1ccc(-n2ccccc2=O)cc1,8.022276394711152,9.5,1,1,0,1,1,0
O=C(N[C@@H]1COC[C@@H]1NC(=O)c1ccc(-n2ccccc2=O)cc1)c1ccc2c(Cl)c[nH]c2c1,8.585026652029182,2.6,1,1,0,0,0,0
O=C(N[C@H]1COC[C@H]1NC(=O)c1ccc(Cl)s1)c1ccc(-n2ccccc2=O)cc1,8.585026652029182,2.6,1,1,0,1,1,0
COC(=O)C1C[C@H](NC(=O)c2ccc(-n3ccccc3=O)cc2)[C@H](NC(=O)c2ccc3c(Cl)c[nH]c3c2)C1,8.522878745280337,3.0,0,0,0,0,0,0
COc1ccc(-n2nc(Cn3ncnn3)c3c2C(=O)N(c2ccc(-c4ccccc4CN4CC[C@@H](O)C4)cc2)CC3)cc1,8.958607314841775,1.1,1,1,0,0,1,1
COc1ccc(-n2nc(Cn3cncn3)c3c2C(=O)N(c2ccc(-c4ccccc4CN4CC[C@@H](O)C4)cc2)CC3)cc1,9.602059991327964,0.25,1,1,0,0,1,1
COc1ccc(-n2nc(Cn3cnnn3)c3c2C(=O)N(c2ccc(-c4ccccc4CN4CC[C@@H](O)C4)cc2)CC3)cc1,9.070581074285707,0.85,1,1,0,0,1,1
COc1ccc(-n2nc(C(=O)O)c3c2C(=O)N(c2ccc(-c4ccccc4CN4CC[C@@H](O)C4)cc2)CC3)cc1,8.119186407719209,7.6,1,1,0,1,1,1
CCOC(=O)c1nn(-c2ccc(OC)cc2)c2c1CCN(c1ccc(-c3ccccc3CN3CC[C@@H](O)C3)cc1)C2=O,8.4089353929735,3.9,0,0,0,0,1,1
COc1ccc(-n2nc(S(C)(=O)=O)c3c2C(=O)N(c2ccc(-c4ccccc4CN4CC[C@@H](O)C4)cc2)CC3)cc1,9.602059991327964,0.25,1,1,0,0,1,1
COc1ccc(-n2nc(NC(=O)OC(C)(C)C)c3c2C(=O)N(c2ccc(-c4ccccc4CN4CC[C@@H](O)C4)cc2)CC3)cc1,8.017728766960431,9.6,0,0,0,0,1,1
COc1ccc(-n2nc(C#N)c3c2C(=O)N(c2ccc(-c4ccccc4CN4CC[C@@H](O)C4)cc2)CC3)cc1,9.481486060122112,0.33,1,1,0,0,1,1
COc1ccc(-n2nc(C(=O)N(C)C)c3c2C(=O)N(c2ccc(-c4ccccc4CN4CC[C@@H](O)C4)cc2)CC3)cc1,8.769551078621726,1.7,1,1,0,0,1,1
CNC(=O)c1nn(-c2ccc(OC)cc2)c2c1CCN(c1ccc(-c3ccccc3CN3CC[C@@H](O)C3)cc1)C2=O,8.318758762624412,4.8,0,0,0,0,1,1
COc1ccc(-n2nc(C(N)=O)c3c2C(=O)N(c2ccc(-c4ccccc4CN4CC[C@@H](O)C4)cc2)CC3)cc1,10.154901959985745,0.07,1,1,0,1,1,1
COc1ccc(-n2nc(N(C)C(=O)OC(C)(C)C)c3c2C(=O)N(c2ccc(-c4ccccc4CN4CC[C@@H](O)C4)cc2)CC3)cc1,8.698970004336019,2.0,0,0,0,0,1,1
COc1ccc(-n2nc(N)c3c2C(=O)N(c2ccc(-c4ccccc4CN4CC[C@@H](O)C4)cc2)CC3)cc1,8.173925197299173,6.7,1,1,0,0,1,1
COc1ccc(-n2nc(Cn3nccn3)c3c2C(=O)N(c2ccc(-c4ccccc4CN4CC[C@@H](O)C4)cc2)CC3)cc1,9.318758762624412,0.48,1,1,0,0,1,1
COc1ccc(-n2nc(Cn3ccnn3)c3c2C(=O)N(c2ccc(-c4ccccc4CN4CC[C@@H](O)C4)cc2)CC3)cc1,9.173925197299171,0.67,1,1,0,0,1,1
COc1ccc(-n2nc(-c3nnn[nH]3)c3c2C(=O)N(c2ccc(-c4ccccc4CN4CC[C@@H](O)C4)cc2)CC3)cc1,9.200659450546418,0.63,0,0,0,0,1,1
COc1ccc(-n2nc(-n3cnnn3)c3c2C(=O)N(c2ccc(-c4ccccc4CN4CC[C@@H](O)C4)cc2)CC3)cc1,8.638272163982407,2.3,0,0,0,0,1,1
COc1ccc(-n2nc(N(C)C)c3c2C(=O)N(c2ccc(-c4ccccc4CN4CC[C@@H](O)C4)cc2)CC3)cc1,9.508638306165729,0.31,1,1,0,1,1,1
CNc1nn(-c2ccc(OC)cc2)c2c1CCN(c1ccc(-c3ccccc3CN3CC[C@@H](O)C3)cc1)C2=O,8.769551078621726,1.7,0,0,0,0,1,1
COc1ccc(-n2nc(C(N)=O)c3c2C(=O)N(c2ccc(-c4ccccc4CN(CCO)CCO)cc2)CC3)cc1,9.443697499232712,0.36,0,0,0,0,1,0
COc1ccc(-n2nc(C(N)=O)c3c2C(=O)N(c2ccc(-c4ccccc4CN4CCC(O)CC4)cc2)CC3)cc1,9.537602002101044,0.29,0,0,0,0,1,0
COc1ccc(-n2nc(C(N)=O)c3c2C(=O)N(c2ccc(-c4ccccc4CN4CCCC4)cc2)CC3)cc1,9.522878745280336,0.3,0,0,0,0,1,1
CCN(CC)Cc1ccccc1-c1ccc(N2CCc3c(C(N)=O)nn(-c4ccc(OC)cc4)c3C2=O)cc1,10.096910013008056,0.08,0,0,0,0,1,1
COc1ccc(-n2nc(C(N)=O)c3c2C(=O)N(c2ccc(-c4ccccc4CN(C)C)cc2)CC3)cc1,9.619788758288394,0.24,1,1,0,0,1,1
CNCc1ccccc1-c1ccc(N2CCc3c(C(N)=O)nn(-c4ccc(OC)cc4)c3C2=O)cc1,9.838631997765026,0.145,0,0,0,0,1,1
COc1ccc(-n2nc(C(N)=O)c3c2C(=O)N(c2ccc(-c4ccccc4CN)cc2)CC3)cc1,9.013228265733757,0.97,0,0,0,0,1,1
COc1ccc(-n2nc(C(F)(F)F)c3c2C(=O)N(c2ccc(N4CCCCCC4=O)cc2)CC3)cc1,9.327902142064282,0.47,1,1,0,0,1,1
COc1ccc(-n2nc(C(F)(F)F)c3c2C(=O)N(c2ccc(N4CCCCC4=O)cc2)CC3)cc1,9.638272163982409,0.23,1,1,0,0,1,1
COc1ccc(-n2nc(C(F)(F)F)c3c2C(=O)N(c2ccc(N4CCCCC4)cc2)CC3)cc1,8.67778070526608,2.1,1,1,0,0,1,1
COc1ccc(-n2nc(C(F)(F)F)c3c2C(=O)N(c2ccc(N(C)C)cc2)CC3)cc1,8.210771942732665,6.154999999999999,1,1,0,0,1,1
COc1ccc(-n2nc(C(F)(F)F)c3c2C(=O)N(c2ccc(N(C)C(C)=O)cc2)CC3)cc1,9.30102999566398,0.5,1,1,0,0,1,1
CNc1ccc(N2CCc3c(C(F)(F)F)nn(-c4ccc(OC)cc4)c3C2=O)cc1,6.214670164989233,610.0,0,0,0,0,1,1
COc1ccc(-n2nc(C(F)(F)F)c3c2C(=O)N(c2ccc(NC(C)=O)cc2)CC3)cc1,6.721783885209793,189.765,1,1,0,0,1,1
COc1ccc(-n2nc(C(F)(F)F)c3c2C(=O)N(c2ccc(N)cc2)CC3)cc1,5.797935558433109,1592.4450000000002,1,1,0,0,1,1
COc1ccc(-n2nc(C(N)=O)c3c2C(=O)N(c2ccc(N(C)C(C)=O)cc2)CC3)cc1,9.267606240177033,0.54,1,1,0,0,1,1
CCN(C)Cc1ccccc1N1CCC(NC(=O)c2cc(C(F)(F)F)nn2-c2ccc3onc(N)c3c2)CC1,9.154901959985745,0.7,0,0,0,0,1,0
CNCc1ccccc1N1CCC(NC(=O)c2cc(C(F)(F)F)nn2-c2ccc3onc(N)c3c2)CC1,9.173925197299171,0.67,0,0,0,0,1,0
Nc1noc2ccc(-n3nc(C(F)(F)F)cc3C(=O)NC3CCN(c4ccccc4CN4CCC[C@H]4O)CC3)cc12,9.136677139879543,0.73,0,0,0,0,1,0
Nc1noc2ccc(-n3nc(C(F)(F)F)cc3C(=O)NC3CCN(c4ccccc4CN4CCCC4)CC3)cc12,9.214670164989233,0.61,0,0,0,0,1,1
COc1ccc(-n2nc(C(F)(F)F)cc2C(=O)NC2CCN(c3ccccc3S(C)(=O)=O)CC2)cc1,7.853871964321762,14.0,0,0,0,0,0,0
CS(=O)(=O)c1ccccc1N1CCC(NC(=O)c2cc(C(F)(F)F)nn2-c2ccc3onc(N)c3c2)CC1=O,7.036212172654444,92.0,1,1,0,0,1,0
CS(=O)(=O)c1ccccc1N1CCC(NC(=O)c2cc(C(F)(F)F)nn2-c2ccc3onc(N)c3c2)CC1,8.769551078621726,1.7,1,1,0,0,1,0
CS(=O)(=O)c1ccccc1N1CCC(NC(=O)c2cc(C(F)(F)F)nn2-c2cccc(CN)c2)CC1,8.309803919971486,4.9,1,1,0,1,1,0
CS(=O)(=O)c1ccccc1C1=CCC(NC(=O)c2cc(C(F)(F)F)nn2-c2cccc(CN)c2)CC1,8.522878745280337,3.0,1,1,0,1,1,0
CS(=O)(=O)c1ccccc1N1CCC(NC(=O)c2cc(C(F)(F)F)nn2-c2ccccc2CN)CC1,8.619788758288394,2.4,0,0,0,0,0,0
COc1ccc(-n2nc(C(F)(F)F)cc2C(=O)NC2CCN(c3ccccc3CN3CCOCC3)CC2)cc1,8.18045606445813,6.6,0,0,0,0,0,0
COc1ccc(-n2nc(C(F)(F)F)cc2C(=O)NC2CCN(c3ccccc3CN3CCCC3)CC2)cc1,7.5376020021010435,29.0,0,0,0,0,1,1
COc1ccc(-n2nc(C(F)(F)F)cc2C(=O)NC2CCN(c3ccccc3CN(C)C)CC2)cc1,8.05551732784983,8.8,0,0,0,0,0,0
COc1ccc(-n2nc(C(N)=O)c3c2C(=O)N(C2CCN(c4ccccc4S(N)(=O)=O)CC2)CC3)cc1,8.4089353929735,3.9,1,1,0,1,1,1
COc1ccc(-n2nc(C(N)=O)c3c2C(=O)N(C2CCN(c4ccccc4CN(C)S(C)(=O)=O)CC2)CC3)cc1,7.091514981121351,81.0,1,1,0,0,1,1
COc1ccc(-n2nc(C(N)=O)c3c2C(=O)N(C2CCN(c4ccccc4CN(C)C(C)=O)CC2)CC3)cc1,7.638272163982407,23.0,1,1,0,0,1,1
CCN(CC)Cc1ccccc1N1CCC(N2CCc3c(C(N)=O)nn(-c4ccc(OC)cc4)c3C2=O)CC1,9.585026652029182,0.26,0,0,0,0,1,1
CNCc1ccccc1N1CCC(N2CCc3c(C(N)=O)nn(-c4ccc(OC)cc4)c3C2=O)CC1,9.0,1.0,0,0,0,0,1,1
COc1ccc(-n2nc(C(N)=O)c3c2C(=O)N(C2CCN(c4ccccc4CN4CCC[C@@H]4O)CC2)CC3)cc1,9.060480747381382,0.87,0,0,0,0,1,1
COc1ccc(-n2nc(C(N)=O)c3c2C(=O)N(C2CCN(c4ccccc4CN4CCOCC4)CC2)CC3)cc1,9.244125144327509,0.57,1,1,0,0,1,1
COc1ccc(-n2nc(C(N)=O)c3c2C(=O)N(C2CCN(c4ccccc4CN4CCCC4)CC2)CC3)cc1,9.585026652029182,0.26,1,1,0,0,1,1
COc1ccc(-n2nc(C(N)=O)c3c2C(=O)N(C2CCN(c4ccccc4CN(C)C)CC2)CC3)cc1,9.387216143280265,0.41,1,1,0,0,1,1
COc1ccc(-n2nc(C(N)=O)c3c2C(=O)N(C2CCN(c4ccccc4S(C)(=O)=O)CC2)CC3)cc1,9.455931955649724,0.35,1,1,0,1,1,1
C/C(=C\S(=O)(=O)N[C@H]1CCN([C@@H](C)C(=O)N2CCOCC2)C1=O)c1ccc(Cl)s1,8.698970004336019,2.0,0,0,0,0,1,1
C[C@@H](C(=O)N1CCOCC1)N1CC[C@H](NS(=O)(=O)CCc2ccc(Cl)s2)C1=O,6.812479279163537,154.0,1,1,0,1,1,1
NC(=O)c1cc(C(=O)N2CCc3cc(-n4ccccc4=O)ccc32)n(-c2ccc3onc(N)c3c2)n1,9.69897000433602,0.2,1,1,0,1,1,1
NC(=O)c1cc(C(=O)N2CCc3cc(N4CCCCC4=O)ccc32)n(-c2ccc3onc(N)c3c2)n1,8.619788758288394,2.4,1,1,0,1,1,1
CN(Cc1nccn1-c1ccc2c(c1)CCN2C(=O)c1cc(C(N)=O)nn1-c1ccc2onc(N)c2c1)S(C)(=O)=O,8.161150909262744,6.9,0,0,0,0,1,1
CC(=O)N(C)Cc1nccn1-c1ccc2c(c1)CCN2C(=O)c1cc(C(N)=O)nn1-c1ccc2onc(N)c2c1,8.318758762624412,4.8,0,0,0,0,1,1
CN(C)Cc1nccn1-c1ccc2c(c1)CCN2C(=O)c1cc(C(N)=O)nn1-c1ccc2onc(N)c2c1,8.657577319177793,2.2,0,0,0,0,1,1
NC(=O)c1cc(C(=O)N2CCc3ccc(N4CCCCCC4=O)cc32)n(-c2ccc3onc(N)c3c2)n1,5.958607314841775,1100.0,1,1,0,1,0,0
NC(=O)c1cc(C(=O)N2CCc3cc(N4CCCCCC4=O)ccc32)n(-c2ccc3onc(N)c3c2)n1,7.823908740944319,15.0,1,1,0,1,1,1
CN(C)CC(=O)N(C)c1ccc2c(c1)N(C(=O)c1cc(C(N)=O)nn1-c1ccc3onc(N)c3c1)CC2,6.455931955649724,350.0,1,1,0,1,0,0
CN(C)CC(=O)N(C)c1ccc2c(c1)CCN2C(=O)c1cc(C(N)=O)nn1-c1ccc2onc(N)c2c1,8.167491087293763,6.8,1,1,0,1,1,1
CS(=O)(=O)c1ccccc1-c1ccc2c(c1)N(C(=O)c1cc(C(N)=O)nn1-c1ccc3onc(N)c3c1)CC2,5.853871964321762,1400.0,1,1,0,1,0,0
NC(=O)c1cc(C(=O)N2CCc3cc(-c4ccccc4CN4CCCC4)ccc32)n(-c2ccc3onc(N)c3c2)n1,9.200659450546418,0.63,0,0,0,0,1,1
Nc1noc2ccc(-n3nc(C(F)(F)F)cc3C(=O)N3CCc4cc(-c5ccccc5CN5CCCC5)ccc43)cc12,8.309803919971486,4.9,0,0,0,0,0,0
CN(C)Cc1ccccc1-c1ccc2c(c1)CCN2C(=O)c1cc(C(N)=O)nn1-c1ccc2onc(N)c2c1,9.0,1.0,1,1,0,0,1,1
CN(C)Cc1ccccc1-c1ccc2c(c1)CCN2C(=O)c1cc(C(F)(F)F)nn1-c1ccc2onc(N)c2c1,7.721246399047171,19.0,1,1,0,0,1,1
CS(=O)(=O)c1ccccc1-c1ccc2c(c1)CCN2C(=O)c1cc(C(N)=O)nn1-c1ccc2onc(N)c2c1,9.086186147616283,0.82,1,1,0,1,1,1
Nc1noc2ccc(-n3nc(C(F)(F)F)cc3C(=O)N3CCCCc4cc(-c5ccccc5S(N)(=O)=O)ccc43)cc12,5.468521082957745,3400.0,1,1,1,1,0,0
CS(=O)(=O)c1ccccc1-c1ccc2c(c1)OCCN2C(=O)c1cc(C(F)(F)F)nn1-c1ccc2onc(N)c2c1,7.1487416512809245,71.0,1,1,0,1,0,0
CS(=O)(=O)c1ccccc1-c1ccc2c(c1)C(O)CCN2C(=O)c1cc(C(F)(F)F)nn1-c1ccc2onc(N)c2c1,5.853871964321762,1400.0,1,1,0,1,0,0
CS(=O)(=O)c1ccccc1-c1ccc2c(c1)C(=O)CCN2C(=O)c1cc(C(F)(F)F)nn1-c1ccc2onc(N)c2c1,6.301029995663981,500.0,1,1,0,1,0,0
CS(=O)(=O)c1ccccc1-c1ccc2c(c1)CCCN2C(=O)c1cc(C(F)(F)F)nn1-c1ccc2onc(N)c2c1,5.698970004336019,2000.0,1,1,1,1,0,0
Nc1noc2ccc(-n3nc(C(F)(F)F)cc3C(=O)N3CCc4cc(-c5ccccc5S(N)(=O)=O)ccc43)cc12,8.568636235841012,2.7,1,1,1,1,0,0
CS(=O)(=O)c1ccccc1-c1ccc2c(c1)CCN2C(=O)c1cc(C(F)(F)F)nn1-c1ccc2onc(N)c2c1,8.823908740944319,1.5,1,1,1,1,1,1
Cc1nn(-c2cccc(CN)c2)c2c(F)c(-c3ccc(N4CCCC4=O)cc3)ccc12,6.651695136951839,223.0,1,1,0,0,0,0
NC(=O)c1nn(-c2ccc3onc(N)c3c2)c2c(F)c(-c3ccc(N4CCCCC4=O)cc3F)ccc12,8.193820026016112,6.4,0,0,0,0,1,1
Nc1noc2ccc(-n3nc(C(F)(F)F)c4ccc(-c5ccc(N6CCCCC6=O)cc5F)c(F)c43)cc12,7.640164517660112,22.9,0,0,0,0,0,0
Cc1nn(-c2ccc3onc(N)c3c2)c2c(F)c(-c3ccc(N4CCCCC4=O)cc3F)ccc12,7.585026652029182,26.0,0,0,0,0,0,0
Cc1nn(-c2cccc(CN)c2)c2cc(-c3ccc(N4CCCCC4=O)cc3)ccc12,5.164309428507575,6850.0,1,1,0,0,0,0
Cc1nn(-c2cccc(CN)c2)c2c(F)c(-c3ccc(N4CCCCC4=O)cc3)ccc12,6.906578314837765,124.0,1,1,0,0,0,0
CN(c1ccncc1)c1ccc(-c2ccc3c(C(N)=O)nn(-c4ccc5onc(N)c5c4)c3c2F)c(F)c1,8.387216143280265,4.1,1,1,0,0,1,1
CN(C)Cc1ncccc1-c1ccc(-c2ccc3c(C(N)=O)nn(-c4ccc5onc(N)c5c4)c3c2F)c(F)c1,8.356547323513812,4.4,1,1,0,1,1,1
CN(C)Cc1cnccc1-c1ccc(-c2ccc3c(C(N)=O)nn(-c4ccc5onc(N)c5c4)c3c2F)c(F)c1,8.522878745280337,3.0,1,1,1,1,1,1
CN(C)Cc1ccccc1-c1ccc(-c2ccc3c(C(N)=O)nn(-c4ccc5onc(N)c5c4)c3c2F)c(F)c1,8.09151498112135,8.1,1,1,0,1,1,1
CN(C)CCCN(c1ccncc1)c1ccc(-c2ccc3c(C(N)=O)nn(-c4ccc5onc(N)c5c4)c3c2F)c(F)c1,8.2839966563652,5.2,1,1,0,0,1,1
CN(C)CCN(c1ccncc1)c1ccc(-c2ccc3c(C(N)=O)nn(-c4ccc5onc(N)c5c4)c3c2F)c(F)c1,8.309803919971486,4.9,1,1,0,1,1,1
CN(C)CCN(c1cccnc1)c1ccc(-c2ccc3c(C(N)=O)nn(-c4ccc5onc(N)c5c4)c3c2F)c(F)c1,6.636388020107856,231.0,1,1,0,1,1,1
CN(C)CCN(c1ccccc1)c1ccc(-c2ccc3c(C(N)=O)nn(-c4ccc5onc(N)c5c4)c3c2F)c(F)c1,6.161150909262744,690.0,1,1,0,1,1,1
CN(C)Cc1ccncc1-c1ccc(-c2ccc3c(C(N)=O)nn(-c4ccc5onc(N)c5c4)c3c2F)c(F)c1,6.832682665251824,147.0,1,1,1,1,1,1
CN(C)Cc1cccnc1-c1ccc(-c2ccc3c(C(N)=O)nn(-c4ccc5onc(N)c5c4)c3c2F)c(F)c1,5.64685345378602,2255.0,1,1,0,1,1,1
CN(C)Cc1[nH]ncc1-c1ccc(-c2ccc3c(C(N)=O)nn(-c4ccc5onc(N)c5c4)c3c2F)c(F)c1,8.853871964321762,1.4,1,1,0,1,1,1
CN(C)Cc1nccn1-c1ccc(-c2ccc3c(C(N)=O)nn(-c4ccc5onc(N)c5c4)c3c2F)c(F)c1,7.798602875679548,15.9,1,1,0,1,1,1
COc1ccc(-n2nc(C(N)=O)cc2C(=O)Cc2ccc(-n3ccccc3=O)cc2F)cc1,9.958607314841776,0.11,0,0,0,0,0,0
COc1ccc(-n2nc(C(F)(F)F)cc2C(=O)Cc2ccc(-n3ccccc3=O)cc2F)cc1,10.045757490560677,0.09,0,0,0,0,1,1
COc1ccc(-n2nc(C(F)(F)F)cc2C(=O)Cc2ccc(N3CCCCC3=O)cc2)cc1,9.0,1.0,0,0,0,0,1,1
COc1ccc(-n2nc(C(F)(F)F)cc2C(=O)Cc2ccc(-c3ccccc3CN3CC[C@H](O)C3)cc2)cc1,8.481486060122112,3.3,0,0,0,0,1,0
COc1ccc(-n2nc(C(F)(F)F)cc2C(=O)Cc2ccc(-c3ccccc3S(N)(=O)=O)cc2F)cc1,8.161150909262744,6.9,1,1,0,0,1,1
COc1ccc(-n2nc(C(F)(F)F)cc2C(=O)Cc2ccc(-c3ccccc3S(N)(=O)=O)cc2)cc1,7.920818753952375,12.0,1,1,0,0,1,1
Nc1noc2ccc(-n3nc(C(F)(F)F)cc3C(=O)Cc3ccc(-n4ccccc4=O)cc3F)cc12,10.481486060122112,0.033,1,1,0,1,1,1
Nc1noc2ccc(-n3nc(C(F)(F)F)cc3C(=O)Cc3ccc(N4CCCCC4=O)cc3)cc12,9.468521082957745,0.34,1,1,0,0,1,0
Nc1noc2ccc(-n3nc(C(F)(F)F)cc3C(=O)Cc3ccc(-c4ccccc4CN4CCCC4)cc3)cc12,9.494850021680094,0.32,0,0,0,0,1,0
CN(C)Cc1ccccc1-c1ccc(CC(=O)c2cc(C(F)(F)F)nn2-c2ccc3onc(N)c3c2)c(F)c1,9.244125144327509,0.57,0,0,0,0,1,1
CN(C)Cc1nccn1-c1ccc(CC(=O)c2cc(C(F)(F)F)nn2-c2ccc3onc(N)c3c2)cc1,9.013228265733757,0.97,0,0,0,0,1,0
CC(C(=O)c1cc(C(F)(F)F)nn1-c1ccc2onc(N)c2c1)c1ccc(-c2ccccc2S(N)(=O)=O)cc1F,8.638272163982407,2.3,0,0,0,0,1,0
CC(C(=O)c1cc(C(F)(F)F)nn1-c1ccc2onc(N)c2c1)c1ccc(-c2ccccc2S(C)(=O)=O)cc1F,8.55284196865778,2.8,0,0,0,0,1,0
CC(C(=O)c1cc(C(F)(F)F)nn1-c1ccc2onc(N)c2c1)c1ccc(-c2ccccc2S(N)(=O)=O)cc1,7.657577319177793,22.0,0,0,0,0,1,0
CC(C(=O)c1cc(C(F)(F)F)nn1-c1ccc2onc(N)c2c1)c1ccc(-c2ccccc2S(C)(=O)=O)cc1,8.327902142064282,4.7,0,0,0,0,1,0
Nc1noc2ccc(-n3nc(C(F)(F)F)cc3C(=O)Cc3ccc(-c4ccccc4S(N)(=O)=O)cc3F)cc12,9.795880017344077,0.16,0,0,0,0,1,1
CS(=O)(=O)c1ccccc1-c1ccc(CC(=O)c2cc(C(F)(F)F)nn2-c2ccc3onc(N)c3c2)c(F)c1,10.154901959985745,0.07,0,0,0,0,1,0
Nc1noc2ccc(-n3nc(C(F)(F)F)cc3C(=O)Cc3ccc(-c4ccccc4S(N)(=O)=O)cc3)cc12,9.275724130399212,0.53,0,0,0,0,1,1
CS(=O)(=O)c1ccccc1-c1ccc(CC(=O)c2cc(C(F)(F)F)nn2-c2ccc3onc(N)c3c2)cc1,9.167491087293763,0.68,0,0,0,0,1,0
CS(=O)(=O)c1ccccc1-c1ccc2c(c1)CCN2C(=O)C1CC(C(F)(F)F)=NN1c1ccc2onc(N)c2c1,8.823908740944319,1.5,1,1,0,1,0,0
CC(C)Oc1ccccc1-c1ccc(N2CCC(NS(=O)(=O)/C=C/c3ccc(Cl)s3)C2=O)nc1,6.7447274948966935,180.0,1,1,0,0,1,1
CN(c1ccccc1-c1ccc(N2CCC(NS(=O)(=O)/C=C/c3ccc(Cl)s3)C2=O)nc1)S(C)(=O)=O,8.040958607678906,9.1,0,0,0,0,1,1
O=C1C(NS(=O)(=O)/C=C/c2ccc(Cl)s2)CCN1c1ccc(-c2ccccc2C(F)(F)F)cn1,8.221848749616356,6.0,1,1,0,1,1,1
CN(C)C(=O)c1ccccc1-c1ccc(N2CCC(NS(=O)(=O)/C=C/c3ccc(Cl)s3)C2=O)nc1,7.928117992693875,11.8,1,1,0,0,1,1
N#Cc1ccccc1-c1ccc(N2CCC(NS(=O)(=O)/C=C/c3ccc(Cl)s3)C2=O)nc1,8.744727494896694,1.8,1,1,0,0,1,1
CN(C)S(=O)(=O)c1ccccc1-c1ccc(N2CCC(NS(=O)(=O)/C=C/c3ccc(Cl)s3)C2=O)nc1,9.397940008672036,0.4,1,1,0,0,1,1
CS(=O)(=O)Nc1ccccc1-c1ccc(N2CCC(NS(=O)(=O)/C=C/c3ccc(Cl)s3)C2=O)nc1,7.853871964321762,14.0,1,1,0,0,1,1
CS(=O)(=O)c1ccccc1-c1ccc(N2CCC(NS(=O)(=O)c3cc4cc(Cl)ccc4o3)C2=O)c(F)c1,8.207608310501746,6.2,1,1,0,0,1,1
CS(=O)(=O)c1ccccc1-c1ccc(N2CCC(NS(=O)(=O)c3cc4ccc(Cl)cc4o3)C2=O)c(F)c1,8.958607314841775,1.1,1,1,0,0,1,1
CS(=O)(=O)c1ccccc1-c1ccc(N2CCC(NS(=O)(=O)c3cc4nc(Cl)ccc4s3)C2=O)c(F)c1,8.698970004336019,2.0,1,1,0,0,1,1
CS(=O)(=O)c1ccccc1-c1ccc(N2CCC(NS(=O)(=O)/C=C/c3cc4ccc(Cl)cc4s3)C2=O)c(F)c1,10.0,0.1,1,1,0,0,1,1
O=C1C(NS(=O)(=O)c2ccc3cc(Cl)ccc3c2)CCN1c1ccc(-c2ccccc2)cn1,7.096910013008056,80.0,1,1,0,1,1,1
O=C1C(NS(=O)(=O)c2ccc3cc(Cl)ccc3c2)CCN1c1ccc(-c2ccccc2)cc1F,6.667561540084395,215.0,1,1,0,1,1,1
O=C1C(NS(=O)(=O)c2ccc3cc(Cl)ccc3c2)CCN1c1ccc(-c2ccoc2)cc1F,7.127261172527331,74.6,1,1,0,1,1,1
Cn1cnc(-c2ccc(N3CCC(NS(=O)(=O)c4ccc5cc(Cl)ccc5c4)C3=O)c(F)c2)c1,7.809668301829708,15.5,0,0,0,0,1,1
O=C1C(NS(=O)(=O)c2ccc3cc(Cl)ccc3c2)CCN1c1ccc(-c2cccnc2)cc1F,8.200659450546418,6.3,1,1,0,1,1,1
O=C1C(NS(=O)(=O)c2ccc3cc(Cl)ccc3c2)CCN1c1ccc(-n2ccnc2)cc1F,8.356547323513812,4.4,1,1,0,1,1,1
O=C1C(NS(=O)(=O)c2ccc3cc(Cl)ccc3c2)CCN1c1ccc(-n2cccn2)cc1F,8.568636235841012,2.7,1,1,0,1,1,1
O=C1C(NS(=O)(=O)c2ccc3cc(Cl)ccc3c2)CCN1c1ccc(-c2ccncc2)cc1F,8.050609993355087,8.9,1,1,0,1,1,1
N#Cc1ncccc1-c1ccc(N2CCC(NS(=O)(=O)c3ccc4cc(Cl)ccc4c3)C2=O)c(F)c1,9.154901959985745,0.7,0,0,0,0,1,1
Cn1ccnc1-c1ccc(N2CCC(NS(=O)(=O)c3ccc4cc(Cl)ccc4c3)C2=O)c(F)c1,8.958607314841775,1.1,0,0,0,0,1,1
CC(C)(C)c1ccccc1-c1ccc(N2CCC(NS(=O)(=O)/C=C/c3ccc(Cl)s3)C2=O)nc1,5.631899148290649,2334.0,1,1,0,1,1,1
C/C(=C\S(=O)(=O)NC1CCN(c2ccc(-n3ccnc3CN(C)C)cc2F)C1=O)c1ccc(Cl)s1,9.69897000433602,0.2,1,1,0,0,1,1
O=C1C(NS(=O)(=O)/C=C/c2ccc(Cl)s2)CCN1c1ccc(-n2ccnc2CN2CCC(F)C2)cc1F,7.785156151952302,16.4,1,1,0,1,1,1
CCN(C)Cc1nccn1-c1ccc(N2CCC(NS(=O)(=O)/C=C/c3ccc(Cl)s3)C2=O)c(F)c1,9.397940008672036,0.4,0,0,0,0,1,1
CC(C)N(C)Cc1nccn1-c1ccc(N2CCC(NS(=O)(=O)/C=C/c3ccc(Cl)s3)C2=O)c(F)c1,9.221848749616356,0.6,0,0,0,0,1,1
O=C1C(NS(=O)(=O)/C=C/c2ccc(Cl)s2)CCN1c1ccc(-n2ccnc2CN2CCCC2)cc1F,9.397940008672036,0.4,1,1,0,1,1,1
O=C1C(NS(=O)(=O)/C=C/c2ccc(Cl)s2)CCN1c1ccc(-n2ccnc2CN2CCOCC2)cc1F,8.920818753952375,1.2,1,1,0,1,1,1
C/C(=C\S(=O)(=O)NC1CCN(c2ccc(-n3ccc(CN(C)C)n3)cc2F)C1=O)c1ccc(Cl)s1,7.832682665251823,14.7,1,1,0,0,1,1
CN(C)Cc1ccn(-c2ccc(N3CCC(NS(=O)(=O)c4cc5ccc(Cl)cc5s4)C3=O)c(F)c2)n1,6.903089986991944,125.0,0,0,0,0,1,1
CN(C)Cc1cn(-c2ccc(N3CCC(NS(=O)(=O)c4cc5ccc(Cl)cc5s4)C3=O)c(F)c2)cn1,7.832682665251823,14.7,0,0,0,0,1,1
C/C(=C\S(=O)(=O)NC1CCN(c2ccc(-n3cnc(CN(C)C)c3)cc2F)C1=O)c1ccc(Cl)s1,7.533132379645891,29.3,1,1,0,0,1,1
CN(C)Cc1nocc1-c1ccc(N2CCC(NS(=O)(=O)/C=C/c3ccc(Cl)s3)C2=O)c(F)c1,9.30102999566398,0.5,0,0,0,0,1,1
CN(C)Cc1ccnn1-c1ccc(N2CCC(NS(=O)(=O)c3cc4ccc(Cl)cc4s3)C2=O)c(F)c1,6.048176964684088,895.0,1,1,0,1,1,1
CN(C)Cc1nccn1-c1ccc(N2CCC(NS(=O)(=O)c3ccc4[nH]cc(Cl)c4c3)C2=O)c(F)c1,8.229147988357855,5.9,0,0,0,0,1,1
CN(C)Cc1nccn1-c1ccc(N2CCC(NS(=O)(=O)c3cc4cc(Cl)ccc4s3)C2=O)c(F)c1,8.346787486224656,4.5,1,1,0,1,1,1
CN(C)Cc1nccn1-c1ccc(N2CCC(NS(=O)(=O)c3cc4ccc(Cl)cc4s3)C2=O)c(F)c1,9.096910013008056,0.8,1,1,0,1,1,1
CN(C)Cc1nccn1-c1ccc(N2CCC(NS(=O)(=O)c3ncc(-c4ccc(Cl)s4)s3)C2=O)c(F)c1,8.638272163982407,2.3,1,1,0,1,1,1
CN(C)Cc1nccn1-c1ccc(N2CCC(NS(=O)(=O)CCc3ccc(Cl)s3)C2=O)c(F)c1,8.508638306165727,3.1,0,0,0,0,1,1
Cc1cc(N2CCC(N(C)C(=O)CCS(=O)(=O)c3ccc4cc(Cl)ccc4c3)CC2)ccn1,7.823908740944319,15.0,0,0,0,0,0,0
COC(=O)CN(C1CCCN(c2ccc(-n3ccccc3=O)cc2)C1=O)S(=O)(=O)c1cc2ccc(Cl)nc2s1,10.366531544420411,0.043,0,0,0,0,0,0
COc1ccc(OC2CCCN(c3ccc(-c4ccccc4S(C)(=O)=O)cc3F)C2=O)cc1,6.698970004336019,200.0,0,0,0,0,1,1
O=C(O)CN(C1CCCN(c2ccc(-n3ccccc3=O)cc2)C1=O)S(=O)(=O)c1cc2ccc(Cl)nc2s1,9.886056647693165,0.13,0,0,0,0,0,0
NC(=O)CN(C1CCCN(c2ccc(-n3ccccc3=O)cc2)C1=O)S(=O)(=O)c1cc2ccc(Cl)nc2s1,10.0,0.1,0,0,0,0,0,0
O=C1C(NS(=O)(=O)c2cc3ccc(Cl)nc3s2)CCCN1c1ccc(-n2ccccc2=O)cc1,10.30102999566398,0.05,0,0,0,0,0,0
CNC(=O)CN(C1CCCN(c2ccc(-n3ccccc3=O)cc2F)C1=O)S(=O)(=O)c1cc2ccc(Cl)nc2s1,10.431798275933003,0.037,0,0,0,0,0,0
CN(C)CCN(C)C(=O)CN(C1CCCN(c2ccc(-n3ccccc3=O)cc2F)C1=O)S(=O)(=O)c1cc2ccc(Cl)nc2s1,10.886056647693165,0.013,1,1,0,1,0,0
O=C1C(NS(=O)(=O)c2cc3ccc(Cl)nc3s2)CCCN1c1ccc(-n2ccccc2=O)cc1F,10.69897000433602,0.02,1,1,0,1,0,0
O=C1C(NS(=O)(=O)c2ccc3cc(Cl)ccc3c2)CCCN1c1ccc(-n2ccccc2=O)cc1F,9.958607314841776,0.11,1,1,0,1,1,1
CN(C)CCN(C)C(=O)CN(C1CCCN(c2ccc(N3CCCCC3=O)cc2F)C1=O)S(=O)(=O)c1ccc2cc(Cl)ccc2c1,8.769551078621726,1.7,1,1,0,1,0,0
O=C1CCCCN1c1ccc(N2CCCC(NS(=O)(=O)c3ccc4cc(Cl)ccc4c3)C2=O)c(F)c1,8.0,10.0,1,1,0,1,1,1
O=C1C(NS(=O)(=O)c2ccc3cc(Cl)ccc3c2)CCCN1c1ccc(N2CCCCC2)cc1F,7.795880017344075,16.0,1,1,0,1,1,1
O=C1C(NS(=O)(=O)c2ccc3cc(Cl)ccc3c2)CCCN1c1ccc(-c2ccncc2)cc1F,7.552841968657781,28.0,1,1,0,0,1,1
COC(=O)CN(C1CCCN(c2ccc(-n3ccnc3C[N+](C)(C)CC(=O)OC)cc2F)C1=O)S(=O)(=O)c1ccc2cc(Cl)ccc2c1,9.67778070526608,0.21,0,0,0,0,0,0
COC(=O)C[N+](C)(C)Cc1nccn1-c1ccc(N2CCCC(NS(=O)(=O)c3ccc4cc(Cl)ccc4c3)C2=O)c(F)c1,9.455931955649724,0.35,0,0,0,0,1,0
CN(C)Cc1nccn1-c1ccc(N2CCCC(NS(=O)(=O)c3ccc4cc(Cl)ccc4c3)C2=O)c(F)c1,8.619788758288394,2.4,1,1,0,1,1,1
CN1CCN(C(=O)N(C2CCCN(c3ccc(-c4ccccc4S(C)(=O)=O)cc3F)C2=O)S(=O)(=O)c2ccc3cc(Cl)ccc3c2)CC1,9.148741651280924,0.71,0,0,0,0,0,0
CN1CCC(N(C)C(=O)N(C2CCCN(c3ccc(-c4ccccc4S(C)(=O)=O)cc3F)C2=O)S(=O)(=O)c2ccc3cc(Cl)ccc3c2)CC1,9.366531544420411,0.43,0,0,0,0,0,0
CN(CCO)C(=O)N(C1CCCN(c2ccc(-c3ccccc3S(C)(=O)=O)cc2F)C1=O)S(=O)(=O)c1ccc2cc(Cl)ccc2c1,8.568636235841012,2.7,0,0,0,0,1,0
CCN(CC)CCN(C)C(=O)N(C1CCCN(c2ccc(-c3ccccc3S(C)(=O)=O)cc2F)C1=O)S(=O)(=O)c1ccc2cc(Cl)ccc2c1,8.958607314841775,1.1,0,0,0,0,0,0
CN(C)CCN(C)C(=O)N(C1CCCN(c2ccc(-c3ccccc3S(C)(=O)=O)cc2F)C1=O)S(=O)(=O)c1ccc2cc(Cl)ccc2c1,9.075720713938118,0.84,0,0,0,0,0,0
CN(C)CCNC(=O)N(C1CCCN(c2ccc(-c3ccccc3S(C)(=O)=O)cc2F)C1=O)S(=O)(=O)c1ccc2cc(Cl)ccc2c1,8.657577319177793,2.2,0,0,0,0,1,0
CS(=O)(=O)c1ccccc1-c1ccc(N2CCCC(N(CCCO)S(=O)(=O)c3ccc4cc(Cl)ccc4c3)C2=O)c(F)c1,8.638272163982407,2.3,0,0,0,0,1,0
COC(=O)CN(C1CCCN(c2ccc(-c3ccccc3S(C)(=O)=O)cc2F)C1=O)S(=O)(=O)c1ccc2cc(Cl)ccc2c1,9.05551732784983,0.88,0,0,0,0,1,0
CS(=O)(=O)c1ccccc1-c1ccc(N2CCCC(N(CC(=O)O)S(=O)(=O)c3ccc4cc(Cl)ccc4c3)C2=O)c(F)c1,9.0,1.0,0,0,0,0,1,0
CS(=O)(=O)c1ccccc1-c1ccc(N2CCCC(NS(=O)(=O)c3ccc4ncccc4c3)C2=O)c(F)c1,7.136677139879544,73.0,1,1,0,0,1,1
CS(=O)(=O)c1ccccc1-c1ccc(N2CCCC(NS(=O)(=O)c3cnc4ccccc4c3)C2=O)c(F)c1,7.552841968657781,28.0,1,1,0,0,1,1
CS(=O)(=O)c1ccccc1-c1ccc(N2CCCC(NS(=O)(=O)c3ccc4cn[nH]c4c3)C2=O)c(F)c1,7.721246399047171,19.0,0,0,0,0,1,1
CS(=O)(=O)c1ccccc1-c1ccc(N2CCCC(NS(=O)(=O)c3ccc(-c4ccon4)s3)C2=O)c(F)c1,7.585026652029182,26.0,0,0,0,0,1,1
Cc1c(S(=O)(=O)NC2CCCN(c3ccc(-c4ccccc4S(C)(=O)=O)cc3F)C2=O)sc2ccc(Cl)cc12,6.795880017344075,160.0,0,0,0,0,1,1
CS(=O)(=O)c1ccccc1-c1ccc(N2CCCC(NS(=O)(=O)c3ccc(Cl)s3)C2=O)c(F)c1,8.275724130399212,5.3,1,1,0,1,1,1
CS(=O)(=O)c1ccccc1-c1ccc(N2CCCC(NS(=O)(=O)c3ccc4onc(N)c4c3)C2=O)c(F)c1,7.721246399047171,19.0,1,1,0,0,1,1
CS(=O)(=O)c1ccccc1-c1ccc(N2CCCC(NS(=O)(=O)c3cccc4ccc(Cl)cc34)C2=O)c(F)c1,7.744727494896693,18.0,1,1,0,0,1,1
CS(=O)(=O)c1ccccc1-c1ccc(N2CCCC(NS(=O)(=O)c3cccc4cc(Cl)ccc34)C2=O)c(F)c1,8.657577319177793,2.2,1,1,0,0,1,1
CS(=O)(=O)c1ccccc1-c1ccc(N2CCCC(NS(=O)(=O)Cc3ccccc3)C2=O)c(F)c1,5.494850021680094,3200.0,1,1,0,0,1,1
CS(=O)(=O)c1ccccc1-c1ccc(N2CCCC(NS(=O)(=O)c3ccc(N)nc3)C2=O)c(F)c1,6.585026652029182,260.0,1,1,0,1,1,1
CS(=O)(=O)c1ccccc1-c1ccc(N2CCCC(NS(=O)(=O)c3cccnc3)C2=O)c(F)c1,5.585026652029182,2600.0,1,1,0,0,1,1
CS(=O)(=O)c1ccccc1-c1ccc(N2CCCC(NS(=O)(=O)c3cc(Cl)cc(Cl)c3)C2=O)c(F)c1,6.136677139879544,730.0,1,1,0,0,1,1
CS(=O)(=O)c1ccccc1-c1ccc(N2CCCC(NS(=O)(=O)c3cc(Cl)ccc3Cl)C2=O)c(F)c1,6.187086643357144,650.0,1,1,0,0,1,1
CS(=O)(=O)c1ccccc1-c1ccc(N2CCCC(NS(=O)(=O)c3ccc(Cl)c(Cl)c3)C2=O)c(F)c1,7.214670164989233,61.0,1,1,0,0,1,1
CS(=O)(=O)c1ccccc1-c1ccc(N2CCCC(NS(=O)(=O)c3ccc(F)c(F)c3)C2=O)c(F)c1,6.568636235841013,270.0,1,1,0,0,1,1
COc1cccc(S(=O)(=O)NC2CCCN(c3ccc(-c4ccccc4S(C)(=O)=O)cc3F)C2=O)c1,7.0,100.0,0,0,0,0,1,1
CS(=O)(=O)c1ccccc1-c1ccc(N2CCCC(NS(=O)(=O)c3cccc(Cl)c3)C2=O)c(F)c1,6.42021640338319,380.0,1,1,0,1,1,1
CS(=O)(=O)c1ccccc1-c1ccc(N2CCCC(NS(=O)(=O)c3ccc(C#N)cc3)C2=O)c(F)c1,6.376750709602099,420.0,1,1,0,0,1,1
CCc1ccc(S(=O)(=O)NC2CCCN(c3ccc(-c4ccccc4S(C)(=O)=O)cc3F)C2=O)cc1,7.107905397309519,78.0,0,0,0,0,1,1
CS(=O)(=O)c1ccccc1-c1ccc(N2CCCC(NS(=O)(=O)c3ccc(Cl)cc3)C2=O)c(F)c1,7.638272163982407,23.0,1,1,0,1,1,1
CS(=O)(=O)c1ccccc1-c1ccc(N2CCCC(NS(=O)(=O)c3ccc(F)cc3)C2=O)c(F)c1,7.351639989019068,44.5,1,1,0,0,1,1
CS(=O)(=O)c1ccccc1-c1ccc(N2CCCC(NS(=O)(=O)c3ccccc3)C2=O)c(F)c1,6.431798275933005,370.0,1,1,0,0,1,1
COc1ccc(S(=O)(=O)NC2CCCN(c3ccc(-c4ccccc4S(C)(=O)=O)cc3F)C2=O)cc1,7.275724130399211,53.0,1,1,0,0,1,1
COc1ccc(C(=O)NC2CCCN(c3ccc(-c4ccccc4S(C)(=O)=O)cc3F)C2=O)cc1,6.251811972993799,560.0,1,1,0,0,1,1
COc1ccc(NC2CCCN(c3ccc(-c4ccccc4S(C)(=O)=O)cc3F)C2=O)cc1,6.346787486224656,450.0,0,0,0,0,1,1
O=C(CCS(=O)(=O)c1ccc2cc(Cl)ccc2c1)N1CCN(c2cccc3nc(CO)cn23)CC1,8.096910013008056,8.0,0,0,0,0,0,0
O=C(Nc1ccccc1C(=O)Nc1ccc(Cl)cn1)c1ccc(-n2ccccc2=O)cc1,9.853871964321762,0.14,1,1,0,1,1,1
COc1cc(Cl)cc(C(=O)Nc2ccc(Cl)cn2)c1NC(=O)c1ccc(-n2ccccc2=O)nc1,9.619788758288394,0.24,1,1,0,1,1,1
CN(C)CCOc1cc(Cl)cc(C(=O)Nc2ccc(Cl)cn2)c1NC(=O)c1ccc(N2CCCCC2=O)cc1,10.187086643357144,0.065,0,0,0,0,0,0
O=C(Nc1c(O)cc(Cl)cc1C(=O)Nc1ccc(Cl)cn1)c1ccc(N2CCCCC2=O)cc1,10.327902142064282,0.047,0,0,0,0,0,0
COc1cc(Cl)cc(C(=O)Nc2ccc(Cl)cn2)c1NC(=O)c1ccc(N2CCCCC2=O)cc1,10.244125144327509,0.057,0,0,0,0,1,1
Cc1ccc(NC(=O)c2ccc(N3CCCCC3=O)cc2)c(C(=O)Nc2ccc(Cl)cn2)c1,9.721246399047171,0.19,0,0,0,0,1,1
O=C(Nc1ccc(Br)cc1C(=O)Nc1ccc(Cl)cn1)c1ccc(N2CCCCC2=O)cc1,9.853871964321762,0.14,0,0,0,0,1,1
O=C(Nc1ccc(Cl)cc1C(=O)Nc1ccc(Cl)cn1)c1ccc(N2CCCCC2=O)cc1,9.481486060122112,0.33,1,1,0,1,1,0
N#Cc1ccc(NC(=O)c2ccc(N3CCCCC3=O)cc2)c(C(=O)Nc2ccc(Cl)cn2)c1,9.346787486224656,0.45,0,0,0,0,0,0
CS(=O)(=O)Nc1ccc(NC(=O)c2ccc(N3CCCCC3=O)cc2)c(C(=O)Nc2ccc(Cl)cn2)c1,8.698970004336019,2.0,1,1,0,1,1,1
COc1cc(Cl)cc(C(=O)Nc2ccc(Cl)cn2)c1NC(=O)c1ccc(-n2ccccc2=O)cc1,10.886056647693165,0.013,1,1,0,1,1,1
COc1cccc(C(=O)Nc2ccc(Cl)cn2)c1NC(=O)c1ccc(-n2ccccc2=O)cc1,9.853871964321762,0.14,1,1,0,0,0,0
Cc1ccc(NC(=O)c2ccc(-n3ccccc3=O)cc2)c(C(=O)Nc2ccc(Cl)cn2)c1,10.55284196865778,0.028,1,1,0,1,1,1
O=C(Nc1ccc(Cl)cc1C(=O)Nc1ccc(Cl)cn1)c1ccc(-n2ccccc2=O)cc1,10.221848749616356,0.06,1,1,0,0,1,1
N#Cc1ccc(NC(=O)c2ccc(-n3ccccc3=O)cc2)c(C(=O)Nc2ccc(Cl)cn2)c1,8.657577319177793,2.2,1,1,0,0,1,1
CS(=O)(=O)Nc1ccc(NC(=O)c2ccc(-n3ccccc3=O)cc2)c(C(=O)Nc2ccc(Cl)cn2)c1,9.920818753952377,0.12,1,1,0,1,1,1
O=C(Nc1ccc(Cl)cn1)c1ccccc1NS(=O)(=O)c1ccc(-n2ccccc2=O)cc1,5.115204636051019,7670.0,0,0,0,0,0,0
O=C(Nc1ccc(Cl)cn1)c1ccccc1NCc1ccc(-n2ccccc2=O)cc1,8.958607314841775,1.1,0,0,0,0,0,0
O=C(Nc1ccccc1S(=O)(=O)Nc1ccc(Cl)cn1)c1ccc(-n2ccccc2=O)cc1,8.259637310505756,5.5,1,1,0,0,1,1
CC(Nc1ccc(Cl)cn1)c1ccccc1NC(=O)c1ccc(-n2ccccc2=O)cc1,7.229147988357855,59.0,1,1,0,1,1,1
O=C(Nc1ccccc1CNc1ccc(Cl)cn1)c1ccc(-n2ccccc2=O)cc1,9.207608310501746,0.62,0,0,0,0,1,1
O=C(Nc1ccccc1C(=O)Nc1cccc(Cl)c1)c1ccc(-n2ccccc2=O)cc1,8.3767507096021,4.2,1,1,0,0,1,1
O=C(Nc1ccccc1C(=O)Nc1ccc(Cl)cc1)c1ccc(-n2ccccc2=O)cc1,9.67778070526608,0.21,1,1,0,1,1,1
O=C(Nc1ccccc1C(=O)Nc1ncc(Cl)cn1)c1ccc(-n2ccccc2=O)cc1,8.886056647693163,1.3,1,1,0,1,1,1
O=C(Nc1ccccc1C(=O)Nc1ccc(C(F)(F)F)cn1)c1ccc(-n2ccccc2=O)cc1,5.806875401645538,1560.0,0,0,0,0,1,1
Cc1ccc(NC(=O)c2ccccc2NC(=O)c2ccc(-n3ccccc3=O)cc2)nc1,9.236572006437065,0.58,1,1,0,1,1,1
O=C(Nc1ccccc1C(=O)Nc1ccc(F)cn1)c1ccc(-n2ccccc2=O)cc1,9.0,1.0,1,1,0,1,1,1
O=C(Nc1ccccc1C(=O)Nc1cccnc1)c1ccc(-n2ccccc2=O)cc1,7.366531544420414,43.0,1,1,0,1,1,1
O=C(Nc1ccccc1C(=O)Nc1ccccn1)c1ccc(-n2ccccc2=O)cc1,8.522878745280337,3.0,1,1,0,1,1,1
O=C(Nc1ccccc1C(=O)Nc1ccc(Cl)cn1)c1ccc(N2CCCCC2=O)cc1,8.920818753952375,1.2,1,1,0,1,0,0
CCCS(=O)(=O)N[C@@H](C(=O)N[C@@H](CCC(N)=O)C(=O)NCc1ccc(C(=N)N)cc1)[C@@H](C)CC,5.568636235841013,2700.0,0,0,0,0,0,0
CSCC[C@H](NC(=O)[C@H](NS(=O)(=O)Cc1ccccc1)[C@@H](C)O)C(=O)NCc1ccc(C(=N)N)cc1,5.7447274948966935,1800.0,0,0,0,0,1,1
CCCS(=O)(=O)N[C@@H](C(=O)N[C@@H](CCSC)C(=O)NCc1ccc(C(=N)N)cc1)[C@@H](C)O,4.6020599913279625,25000.0,1,1,0,0,1,1
CC[C@H](C)[C@@H](NS(=O)(=O)Cc1ccccc1)C(=O)N[C@@H](CCSC)C(=O)NCc1ccc(C(=N)N)cc1,6.795880017344075,160.0,0,0,0,0,1,1
CCCS(=O)(=O)N[C@@H](C(=O)N[C@@H](CCSC)C(=O)NCc1ccc(C(=N)N)cc1)[C@@H](C)CC,5.823908740944319,1500.0,1,1,0,0,1,1
CC[C@H](C)[C@@H](NS(=O)(=O)Cc1ccccc1)C(=O)N[C@@H](CCC(N)=O)C(=O)NCc1ccc(C(=N)N)cc1,6.481486060122113,330.0,0,0,0,0,1,0
CC[C@H](C)[C@H](NS(=O)(=O)Cc1cccc(C(=O)O)c1)C(=O)N[C@@H](CCSC)C(=O)NCc1ccc(C(=N)N)cc1,6.036212172654444,920.0,0,0,0,0,1,0
C[C@@H](O)[C@H](NS(=O)(=O)Cc1cccc(C(=O)O)c1)C(=O)N[C@@H](CCC(N)=O)C(=O)NCc1ccc(C(=N)N)cc1,4.832682665251824,14700.0,1,1,0,0,1,1
CC[C@H](C)[C@H](NS(=O)(=O)Cc1ccc(C(=O)O)cc1)C(=O)N[C@@H](CCC(N)=O)C(=O)NCc1ccc(C(=N)N)cc1,5.605023280445436,2483.0,0,0,0,0,0,0
CC[C@H](C)[C@H](NS(=O)(=O)Cc1cccc(C(=O)O)c1)C(=O)N[C@@H](CCC(N)=O)C(=O)NCc1ccc(C(=N)N)cc1,6.164309428507575,685.0,1,1,0,0,1,1
CC[C@H](C)[C@H](NS(=O)(=O)Cc1ccccc1C(=O)O)C(=O)N[C@@H](CCC(N)=O)C(=O)NCc1ccc(C(=N)N)cc1,5.504455662453552,3130.0,0,0,0,0,0,0
CSCC[C@H](NC(=O)[C@@H](NS(=O)(=O)Cc1cccc(C(=O)O)c1)[C@@H](C)O)C(=O)NCc1ccc(C(=N)N)cc1,5.2441251443275085,5700.0,0,0,0,0,1,0
CS(=O)(=O)c1ccccc1-c1ccc(CCNS(=O)(=O)c2cc(C(=N)N)ccc2O)c(NCC(=O)O)c1,8.244125144327509,5.7,0,0,0,0,1,1
CS(=O)(=O)c1ccccc1-c1ccc(CCNS(=O)(=O)c2cc(C(=N)N)ccc2O)c(OCC(=O)O)c1,8.301029995663981,5.0,0,0,0,0,1,1
CC(C)c1ccc(CCNS(=O)(=O)c2cc(C(=N)N)ccc2O)c(NC(=O)C(=O)O)c1,8.013228265733755,9.7,0,0,0,0,1,0
CC(C)c1ccc(CCNS(=O)(=O)c2cc(C(=N)N)ccc2O)c(NCC(=O)O)c1,7.207608310501746,62.0,0,0,0,0,1,1
CCOC(=O)COc1cc(C(C)C)ccc1CCNS(=O)(=O)c1cc(/C(N)=N/O)ccc1O,5.455931955649724,3500.0,0,0,0,0,0,0
CC(C)c1ccc(CCNS(=O)(=O)c2cc(C(=N)N)ccc2O)c(OCC(=O)O)c1,7.292429823902063,51.0,0,0,0,0,1,1
CCOC(=O)CN(CCc1ccc(C(C)C)cc1)S(=O)(=O)c1cc(/C(N)=N/O)ccc1O,5.431798275933005,3700.0,0,0,0,0,0,0
CC(C)c1ccc(CCN(CC(=O)O)S(=O)(=O)c2cc(/C(N)=N/O)ccc2O)cc1,5.154901959985743,7000.0,1,1,0,0,1,1
CC(C)c1ccc(CCN(CC(=O)O)S(=O)(=O)c2cc(C(=N)N)ccc2O)cc1,7.853871964321762,14.0,1,1,0,0,1,1
CC(C)c1ccc(CCNS(=O)(=O)c2cc(/C(N)=N/O)ccc2O)cc1,5.136677139879544,7300.0,0,0,0,0,1,1
CC(C)c1ccc(CCN(C)S(=O)(=O)c2cc(C(=N)N)ccc2O)cc1,7.229147988357855,59.0,0,0,0,0,0,0
COc1ccc(C(=N)N)cc1S(=O)(=O)NCCc1ccc(C(C)C)cc1,4.853871964321762,14000.0,0,0,0,0,1,1
CC(C)c1ccc(CCNS(=O)(=O)c2cc(C(=N)N)ccc2Cl)cc1,5.522878745280337,3000.0,1,1,0,1,1,1
CC(C)c1ccc(CCNS(=O)(=O)c2cccc(C(=N)N)c2)cc1,5.6777807052660805,2100.0,0,0,0,0,1,1
CC(C)(C)c1ccc(CCNS(=O)(=O)c2cc(C(=N)N)ccc2O)cc1,7.568636235841013,27.0,0,0,0,0,0,0
CC(C)Oc1ccc(CCNS(=O)(=O)c2cc(C(=N)N)ccc2O)cc1,7.0,100.0,1,1,0,0,1,0
CC(C)c1ccc(CCNS(=O)(=O)c2cc(C(=N)N)ccc2O)cc1,7.5376020021010435,29.0,1,1,0,1,1,1
CC(=N)N1CCC(c2ccc(NC(=O)CN(Cc3cccc(OCC(=O)O)c3)c3cccc(C(=N)N)c3)cc2)CC1,8.76573587562121,1.715,0,0,0,0,0,0
N=C(N)c1cccc(C[C@H](NS(=O)(=O)c2cccc(CCCCN)c2)C(=O)N2CCC(CCN)CC2)c1,5.356547323513812,4400.0,1,1,0,0,1,1
N=C(N)c1cccc(C[C@H](NS(=O)(=O)c2cccc(NCCCN)c2)C(=O)N2CCC(CCN)CC2)c1,5.096910013008056,8000.0,0,0,0,0,1,1
N=C(N)c1cccc(C[C@H](NS(=O)(=O)c2cccc(NC(=O)C3CNC3)c2)C(=O)N2CCC(CCN)CC2)c1,4.950781977329818,11200.0,0,0,0,0,1,1
N=C(N)c1cccc(C[C@H](NS(=O)(=O)c2cccc(NC(=O)CCO)c2)C(=O)N2CCC(CCN)CC2)c1,4.214670164989233,61000.0,1,1,0,1,1,1
CCC(=O)Nc1cccc(S(=O)(=O)N[C@@H](Cc2cccc(C(=N)N)c2)C(=O)N2CCC(CCN)CC2)c1,4.698970004336019,20000.0,0,0,0,0,1,1
CCOC(=O)Nc1cccc(S(=O)(=O)N[C@@H](Cc2cccc(C(=N)N)c2)C(=O)N2CCC(CCN)CC2)c1,4.853871964321762,14000.0,1,1,0,1,1,1
N=C(N)c1cccc(CC(NS(=O)(=O)c2cccc(-c3ccccc3)c2)C(=O)N2CCC(CCN)CC2)c1,5.267606240177032,5400.0,1,1,0,1,1,1
N=C(N)c1cccc(CC(NS(=O)(=O)c2cccc(-c3ccccc3Cl)c2)C(=O)N2CCC(CCN)CC2)c1,6.154901959985743,700.0,0,0,0,0,0,0
N=C(N)c1cccc(CC(NS(=O)(=O)c2cccc(-c3cccc(Cl)c3)c2)C(=O)N2CCC(CCN)CC2)c1,5.251811972993799,5600.0,0,0,0,0,1,1
N=C(N)c1cccc(CC(NS(=O)(=O)c2cccc(-c3ccc(Cl)cc3)c2)C(=O)N2CCC(CCN)CC2)c1,6.040958607678906,910.0,1,1,0,1,0,0
COc1ccc(-c2cccc(S(=O)(=O)NC(Cc3cccc(C(=N)N)c3)C(=O)N3CCC(CCN)CC3)c2)cc1,6.443697499232712,360.0,1,1,0,1,1,1
CCOc1ccc(-c2cccc(S(=O)(=O)NC(Cc3cccc(C(=N)N)c3)C(=O)N3CCC(CCN)CC3)c2)cc1,6.180456064458132,660.0,1,1,0,1,0,0
CC(C)Oc1ccc(-c2cccc(S(=O)(=O)NC(Cc3cccc(C(=N)N)c3)C(=O)N3CCC(CCN)CC3)c2)cc1,5.468521082957745,3400.0,1,1,0,1,1,1
COc1ccc(-c2cccc(S(=O)(=O)NC(Cc3cccc(C(=N)N)c3)C(=O)N3CCC(CCN)CC3)c2)cc1OC,6.376750709602099,420.0,1,1,0,0,1,1
CCc1ccc(-c2cccc(S(=O)(=O)NC(Cc3cccc(C(=N)N)c3)C(=O)N3CCC(CCN)CC3)c2)cc1,6.200659450546418,630.0,1,1,0,1,0,0
N=C(N)c1cccc(CC(NS(=O)(=O)c2cccc(-c3ccncc3)c2)C(=O)N2CCC(CCN)CC2)c1,5.795880017344075,1600.0,1,1,0,1,1,1
N=C(N)c1cccc(CC(NS(=O)(=O)c2cccc(-c3cccnc3)c2)C(=O)N2CCC(CCN)CC2)c1,5.455931955649724,3500.0,1,1,0,1,1,1
N=C(N)c1cccc(CC(NS(=O)(=O)c2cccc(-c3ccc4[nH]ccc4c3)c2)C(=O)N2CCC(CCN)CC2)c1,6.823908740944319,150.0,1,1,0,1,1,1
N=C(N)c1cccc(C[C@H](NS(=O)(=O)c2cccc(-c3ccc(N)nc3)c2)C(=O)N2CCC(CCN)CC2)c1,6.6020599913279625,250.0,1,1,0,1,1,1
N=C(N)c1cccc(C[C@H](NS(=O)(=O)c2cccc(C3CCC(N)=NC3)c2)C(=O)N2CCC(CCN)CC2)c1,8.0,10.0,1,1,0,1,1,1
Cc1nccc(-c2cccc(S(=O)(=O)N[C@@H](Cc3cccc(C(=N)N)c3)C(=O)N3CCC(CCN)CC3)c2)n1,5.769551078621726,1700.0,1,1,0,0,1,1
NCCC(=O)Nc1cccc(S(=O)(=O)N[C@@H](Cc2cccc(CN)c2)C(=O)N2CCC(CCN)CC2)c1,4.036212172654444,92000.0,0,0,0,0,0,0
COc1ccc(-c2cccc(S(=O)(=O)NC(Cc3cccc(CN)c3)C(=O)N3CCC(CCN)CC3)c2)cc1,4.259637310505756,55000.0,1,1,0,0,1,1
N=C(N)c1cccc(C[C@H](NS(=O)(=O)c2cccc(NC(=O)CCN)c2)C(=O)N2CCC(CCCC(=O)O)CC2)c1,4.7447274948966935,18000.0,0,0,0,0,1,1
COC(=O)CCCC1CCN(C(=O)[C@H](Cc2cccc(C(=N)N)c2)NS(=O)(=O)c2cccc(NC(=O)CCN)c2)CC1,5.214670164989233,6100.0,0,0,0,0,1,0
CNC(=O)CCCC1CCN(C(=O)[C@H](Cc2cccc(C(=N)N)c2)NS(=O)(=O)c2cccc(NC(=O)CCN)c2)CC1,5.0,10000.0,0,0,0,0,1,1
N=C(N)c1cccc(C[C@H](NS(=O)(=O)c2cccc(NC(=O)CCN)c2)C(=O)N2CCC(CCCC(N)=O)CC2)c1,5.086186147616283,8200.0,0,0,0,0,1,0
N=C(N)c1cccc(C[C@H](NS(=O)(=O)c2cccc(NC(=O)CCN)c2)C(=O)N2CCN(C(=O)OCc3ccccc3)CC2)c1,4.721246399047171,19000.0,0,0,0,0,1,0
N=C(N)c1cccc(C[C@H](NS(=O)(=O)c2cccc(NC(=O)CCN)c2)C(=O)N2CCC(C(N)=O)CC2)c1,5.6020599913279625,2500.0,1,1,0,1,1,1
N=C(N)c1cccc(C[C@H](NS(=O)(=O)c2cccc(NC(=O)CCN)c2)C(=O)N2CCC(Cc3ccccc3)CC2)c1,5.468521082957745,3400.0,0,0,0,0,1,0
N=C(N)c1cccc(C[C@H](NS(=O)(=O)c2cccc(NC(=O)CCN)c2)C(=O)N2CCCC(C(N)=O)C2)c1,4.823908740944319,15000.0,0,0,0,0,1,1
N=C(N)c1cccc(C[C@H](NS(=O)(=O)c2cccc(NC(=O)CCN)c2)C(=O)N2CCCCC2)c1,5.0,10000.0,0,0,0,0,1,1
N=C(N)c1cccc(C[C@H](NS(=O)(=O)c2cccc(NC(=O)CCN)c2)C(=O)N2CCNCC2)c1,5.6777807052660805,2100.0,1,1,0,0,1,1
CC1CCN(C(=O)[C@H](Cc2cccc(C(=N)N)c2)NS(=O)(=O)c2cccc(NC(=O)CCN)c2)CC1,5.356547323513812,4400.0,0,0,0,0,1,1
CNC(=O)CCC(=O)N1CCN(C(=O)[C@H](Cc2cccc(C(=N)N)c2)NS(=O)(=O)c2cccc(NC(=O)CCN)c2)CC1,4.356547323513812,44000.0,0,0,0,0,1,0
CCOC(=O)N1CCN(C(=O)[C@H](Cc2cccc(C(=N)N)c2)NS(=O)(=O)c2cccc(NC(=O)CCN)c2)CC1,4.585026652029182,26000.0,1,1,0,1,1,1
N=C(N)c1cccc(C[C@H](NS(=O)(=O)c2cccc(NC(=O)CCN)c2)C(=O)N2CCN(c3ccc(O)cc3)CC2)c1,5.6020599913279625,2500.0,0,0,0,0,1,0
CC1CCCCN1C(=O)[C@H](Cc1cccc(C(=N)N)c1)NS(=O)(=O)c1cccc(NC(=O)CCN)c1,4.769551078621726,17000.0,0,0,0,0,1,1
COC(=O)[C@H]1CCCCN1C(=O)[C@H](Cc1cccc(C(=N)N)c1)NS(=O)(=O)c1cccc(NC(=O)CCN)c1,7.0,100.0,0,0,0,0,1,1
O=C(OC1O[C@@H]2COC(=O)c3cc(O)c(O)c(O)c3-c3c(cc(O)c(O)c3O)C(=O)O[C@H]2[C@H](OC(=O)c2cc(O)c(O)c(O)c2)[C@H]1OC(=O)c1cc(O)c(O)c(O)c1)c1cc(O)c(O)c(O)c1,6.356547323513812,440.0,0,0,0,0,0,0
O=C1OC[C@H]2OC(O)[C@@H]3OC(=O)c4cc(O)c(O)c(O)c4-c4c(cc(O)c(O)c4O)C(=O)O[C@H]3[C@@H]2OC(=O)c2cc(O)c(O)c(O)c2-c2c1cc(O)c(O)c2O,6.00436480540245,990.0,0,0,0,0,0,0
O=C(OC[C@H]1O[C@@H](OC(=O)c2cc(O)c(O)c(O)c2)[C@H](OC(=O)c2cc(O)c(O)c(O)c2)[C@@H](OC(=O)c2cc(O)c(O)c(O)c2)[C@@H]1OC(=O)c1cc(O)c(O)c(O)c1)c1cc(O)c(O)c(O)c1,6.2441251443275085,570.0,0,0,0,0,0,0
CCOC(=O)C(=O)N(Cc1ccccc1)c1ccc2c(c1)OC(Cc1ccc(C(=N)N)cc1)C(=O)N2C,5.7121982700697735,1940.0,0,0,0,0,1,0
CN1C(=O)C(Cc2ccc(C(=N)N)cc2)Oc2cc(NC(=O)C(Cc3ccccc3)C(=O)O)ccc21,4.478861916295964,33200.0,0,0,0,0,1,0
COC(=O)C(Cc1ccccc1)C(=O)Nc1ccc2c(c1)OC(Cc1ccc(C(=N)N)cc1)C(=O)N2C,4.231361898752385,58700.0,0,0,0,0,1,0
CN1C(=O)C(Cc2ccc(C(=N)N)cc2)Oc2cc(N(Cc3ccccc3)C(=O)CCC(=O)O)ccc21,4.798602875679548,15900.0,0,0,0,0,1,1
CCOC(=O)CCC(=O)N(Cc1ccccc1)c1ccc2c(c1)OC(Cc1ccc(C(=N)N)cc1)C(=O)N2C,5.978810700930062,1050.0,0,0,0,0,1,1
COC(=O)CC(=O)N(Cc1ccccc1)c1ccc2c(c1)OC(Cc1ccc(C(=N)N)cc1)C(=O)N2C,5.243363891754152,5710.0,0,0,0,0,1,0
CN1C(=O)C(Cc2ccc(C(=N)N)cc2)Oc2cc(N(Cc3ccccc3)C(=O)C(=O)O)ccc21,5.032920265855503,9270.0,0,0,0,0,0,0
CCOC(=O)C[C@H](NC(=O)c1ccc2c(c1)OC(OCc1ccc(C(=N)N)cc1)C(=O)N2C)c1ccccc1,4.262807357295262,54600.0,0,0,0,0,0,0
CN1C(=O)C(OCc2ccc(C(=N)N)cc2)Oc2cc(C(=O)Nc3ccccc3)ccc21,4.5003129173815966,31600.0,0,0,0,0,0,0
CN1C(=O)C(OCc2ccc(C(=N)N)cc2)Oc2cc(C(=O)N(CC(=O)O)c3ccccc3)ccc21,4.304518323509803,49600.0,0,0,0,0,0,0
CCOC(=O)CN(C(=O)c1ccc2c(c1)OC(OCc1ccc(C(=N)N)cc1)C(=O)N2C)c1ccccc1,4.3655227298392685,43100.0,0,0,0,0,0,0
CCOC(=O)C(C(=O)Nc1ccc2c(c1)OC(OCc1ccc(C(=N)N)cc1)C(=O)N2C)c1ccccc1,4.298432014944073,50300.0,0,0,0,0,0,0
CN1CC(C)(COc2ccc(C(=N)N)cc2)Oc2cc(NC(=O)CCC(=O)O)ccc21,4.471083299722345,33800.0,0,0,0,0,1,0
CCOC(=O)CCC(=O)Nc1ccc2c(c1)OC(C)(COc1ccc(C(=N)N)cc1)CN2C,4.126679398184601,74700.0,0,0,0,0,1,1
CN1CC(C)(COc2ccc(C(=N)N)cc2)Oc2cc(NC(=O)c3ccccc3)ccc21,4.91721462968355,12100.0,0,0,0,0,1,0
CCOC(=O)C(Cc1ccccc1)C(=O)Nc1ccc2c(c1)N(C)CC(C)(COc1ccc(C(=N)N)cc1)O2,4.530177984021837,29500.0,0,0,0,0,0,0
COC(=O)C(Cc1ccccc1)C(=O)Nc1ccc2c(c1)OC(C)(COc1ccc(C(=N)N)cc1)CN2C,4.450996737974212,35400.0,0,0,0,0,1,0
CCOC(=O)CN(C(=O)c1ccccc1)c1ccc2c(c1)OC(C)(COc1ccc(C(=N)N)cc1)CN2C,5.018181392829336,9590.0,0,0,0,0,1,0
CCOC(=O)CCC(=O)N(Cc1ccccn1)c1ccc2c(c1)OC(C)(COc1ccc(C(=N)N)cc1)CN2C,4.928117992693875,11800.0,0,0,0,0,1,0
CCOC(=O)CCC(=O)N(Cc1ccccc1)c1ccc2c(c1)N(C)CC(C)(COc1ccc(C(=N)N)cc1)O2,4.557520230935552,27700.0,0,0,0,0,0,0
CN1CC(C)(COc2ccc(C(=N)N)cc2)Oc2cc(N(Cc3ccccc3)C(=O)CCC(=O)O)ccc21,4.527243550682788,29700.0,0,0,0,0,1,0
CCOC(=O)CCC(=O)N(Cc1ccccc1)c1ccc2c(c1)OC(C)(COc1ccc(C(=N)N)cc1)CN2C,4.7447274948966935,18000.0,1,1,0,0,1,0
CCOC(=O)C(=O)N(Cc1ccccc1)c1ccc2c(c1)N(C)CC(C)(COc1ccc(C(=N)N)cc1)O2,4.795880017344075,16000.0,0,0,0,0,0,0
O=C(Nc1cccc(OCc2ccc(-c3ccccc3)cc2)c1)C1CCCNC1,5.6020599913279625,2500.0,0,0,0,0,0,0
N=C(N)N1CCCC(C(=O)Nc2cccc(OCc3ccc(F)cc3)c2)C1,4.2441251443275085,57000.0,0,0,0,0,1,1
N=C(N)N1CCCC(C(=O)Nc2cccc(OCc3ccc(-c4ccccc4)cc3)c2)C1,5.698970004336019,2000.0,0,0,0,0,1,1
O=C(Nc1cccc(OCc2ccc(-c3ccccc3)cc2)c1)C1CCNCC1,6.0,1000.0,0,0,0,0,1,1
N=C(N)N1CCC(C(=O)Nc2cccc(OCc3ccc(F)cc3)c2)CC1,4.471083299722345,33800.0,0,0,0,0,1,1
N=C(N)N1CCC(C(=O)Nc2cccc(OCc3ccc(-c4ccccc4)cc3)c2)CC1,5.2839966563652006,5200.0,0,0,0,0,0,0
O=C(Nc1cccc(OCc2ccc(-c3ccc(F)cc3)cc2)c1)C1CCNCC1,5.412289034981089,3870.0,1,1,1,1,1,1
O=C(Nc1cccc(OCc2ccc(-c3cccc(F)c3)cc2)c1)C1CCNCC1,6.752026733638194,177.0,1,1,1,1,1,1
O=C(Nc1cccc(OCc2ccc(-c3ccccc3F)cc2)c1)C1CCNCC1,6.115204636051019,767.0,0,0,0,0,1,1
O=C(Nc1cccc(OCc2ccc(-c3ccc(F)cc3F)cc2)c1)C1CCNCC1,6.29073003902417,512.0,1,1,0,0,1,1
O=C(Nc1cccc(OCc2ccc(-c3cccc(F)c3F)cc2)c1)C1CCNCC1,6.261219441515631,548.0,1,1,0,0,1,1
O=C(Nc1cccc(OCc2ccc(-c3cc(F)ccc3F)cc2)c1)C1CCNCC1,5.896196279044043,1270.0,0,0,0,0,1,1
O=C(Nc1cccc(OCc2ccc(-c3c(F)cccc3F)cc2)c1)C1CCNCC1,5.838631997765025,1450.0,1,1,0,0,1,1
O=C(Nc1cccc(OCc2ccc(-c3cc(F)cc(F)c3)cc2)c1)C1CCNCC1,6.886056647693163,130.0,1,1,1,1,1,1
O=C(Nc1cccc(OCc2ccc(-c3c(F)cc(F)cc3F)cc2)c1)C1CCNCC1,5.023650020996727,9470.0,1,1,0,0,1,1
O=C(Nc1cccc(OCc2ccc(-c3cc(F)c(F)c(F)c3)cc2)c1)C1CCNCC1,6.176525770829699,666.0,0,0,0,0,1,1
O=C(Nc1cccc(OCc2ccc(-c3ccc(C(F)(F)F)cc3)cc2)c1)C1CCNCC1,7.244125144327507,57.0,1,1,0,1,1,1
COC(=O)C1(c2ccc(N3CCc4c(C(F)(F)F)nn(-c5ccc(OC)cc5)c4C3=O)cc2)CC1,8.769551078621726,1.7,1,1,0,0,1,1
CCNC(=O)N(C)CC1(c2ccc(N3CCc4c(C(F)(F)F)nn(-c5ccc(OC)cc5)c4C3=O)cc2)CC1,9.853871964321762,0.14,1,1,0,0,1,1
COc1ccc(-n2nc(C(F)(F)F)c3c2C(=O)N(c2ccc(C4(CN(C)S(C)(=O)=O)CC4)cc2)CC3)cc1,10.130768280269024,0.074,1,1,0,0,1,1
COc1ccc(-n2nc(C(F)(F)F)c3c2C(=O)N(c2ccc(C4(CN(C)C(C)=O)CC4)cc2)CC3)cc1,10.259637310505756,0.055,1,1,0,0,1,1
COc1ccc(-n2nc(C(F)(F)F)c3c2C(=O)N(c2ccc(C4(Cn5ccnc5C)CC4)cc2)CC3)cc1,10.602059991327964,0.025,1,1,0,0,1,1
COc1ccc(-n2nc(C(F)(F)F)c3c2C(=O)N(c2ccc(C4(CNc5nccs5)CC4)cc2)CC3)cc1,10.267606240177033,0.054,1,1,0,0,1,1
COc1ccc(-n2nc(C(F)(F)F)c3c2C(=O)N(c2ccc(C4(CN5CCC(O)CC5)CC4)cc2)CC3)cc1,9.853871964321762,0.14,1,1,0,0,1,1
COc1ccc(-n2nc(C(F)(F)F)c3c2C(=O)N(c2ccc(C4(CN5CCOCC5)CC4)cc2)CC3)cc1,10.193820026016112,0.064,1,1,0,0,1,1
COc1ccc(-n2nc(C(F)(F)F)c3c2C(=O)N(c2ccc(C4(CN5CC[C@@H](O)C5)CC4)cc2)CC3)cc1,10.42021640338319,0.038,0,0,0,0,1,1
COc1ccc(-n2nc(C(F)(F)F)c3c2C(=O)N(c2ccc(C4(CN5CCCC5)CC4)cc2)CC3)cc1,10.67778070526608,0.021,1,1,0,0,1,1
COc1ccc(-n2nc(C(F)(F)F)c3c2C(=O)N(c2ccc(C4(CNC5CCCC5)CC4)cc2)CC3)cc1,9.920818753952377,0.12,1,1,0,0,1,1
COc1ccc(-n2nc(C(F)(F)F)c3c2C(=O)N(c2ccc(C4(CNC(C)C)CC4)cc2)CC3)cc1,10.3767507096021,0.042,1,1,0,0,1,1
COc1ccc(-n2nc(C(F)(F)F)c3c2C(=O)N(c2ccc(C4(CN(C)C)CC4)cc2)CC3)cc1,10.455931955649724,0.035,1,1,0,1,1,1
CNCC1(c2ccc(N3CCc4c(C(F)(F)F)nn(-c5ccc(OC)cc5)c4C3=O)cc2)CC1,9.744727494896694,0.18,1,1,0,0,1,1
COc1ccc(-n2nc(C(F)(F)F)c3c2C(=O)N(c2ccc(C4(CN)CC4)cc2)CC3)cc1,9.244125144327509,0.57,1,1,0,0,1,1
COc1ccc(-n2nc(C(F)(F)F)c3c2C(=O)N(c2ccc(C4(C(=O)Nc5nnn[nH]5)CC4)cc2)CC3)cc1,8.522878745280337,3.0,0,0,0,0,1,1
COc1ccc(-n2nc(C(F)(F)F)c3c2C(=O)N(c2ccc(C4(C(=O)Nc5nncs5)CC4)cc2)CC3)cc1,8.744727494896694,1.8,1,1,0,1,1,1
COc1ccc(-n2nc(C(F)(F)F)c3c2C(=O)N(c2ccc(C4(C(=O)N5CCC(O)CC5)CC4)cc2)CC3)cc1,7.267606240177032,54.0,1,1,0,0,1,1
COc1ccc(-n2nc(C(F)(F)F)c3c2C(=O)N(c2ccc(C4(C(=O)N5CCCC5)CC4)cc2)CC3)cc1,6.772113295386326,169.0,1,1,0,0,1,1
COc1ccc(-n2nc(C(F)(F)F)c3c2C(=O)N(c2ccc(C4(C(=O)NC5CCCC5)CC4)cc2)CC3)cc1,7.522878745280337,30.0,1,1,0,1,1,1
COc1ccc(-n2nc(C(F)(F)F)c3c2C(=O)N(c2ccc(C4(C(=O)N(C)C)CC4)cc2)CC3)cc1,8.236572006437063,5.8,1,1,0,0,1,1
COc1ccc(-n2nc(C(F)(F)F)c3c2C(=O)N(c2ccc(C4(C(N)=O)CC4)cc2)CC3)cc1,8.481486060122112,3.3,1,1,0,1,1,1
COCC1(c2ccc(N3CCc4c(C(F)(F)F)nn(-c5ccc(OC)cc5)c4C3=O)cc2)CC1,8.795880017344075,1.6,1,1,0,0,1,1
COc1ccc(-n2nc(C(F)(F)F)c3c2C(=O)N(c2ccc(C4(CO)CC4)cc2)CC3)cc1,8.619788758288394,2.4,1,1,0,0,1,1
COc1ccc(-n2nc(C(F)(F)F)c3c2C(=O)N(c2ccc(C4(C#N)CC4)cc2)CC3)cc1,8.744727494896694,1.8,1,1,0,0,1,1
COc1ccc(-n2nc(C(F)(F)F)c3c2C(=O)N(c2ccc(-c4ccccc4CNC(C)C)cc2)CC3)cc1,8.853871964321762,1.4,0,0,0,0,1,1
CNCc1ccccc1-c1ccc(N2CCc3c(C(F)(F)F)nn(-c4ccc(OC)cc4)c3C2=O)cc1,9.55284196865778,0.28,0,0,0,0,1,1
CN1CCc2nc(C(=O)N[C@@H]3C[C@@H](C(=O)N(C)C)CC[C@@H]3NC(=O)c3cc4cc(Cl)ccc4[nH]3)sc2C1,8.54515513999149,2.85,0,0,0,0,0,0
O=C(NC[C@H]1CN(c2ccc(N3CCOCC3=O)cc2)C(=O)O1)c1ccc(Cl)s1,9.306859539324703,0.4933333333333332,0,0,0,0,1,1
CN(C)C(=N)c1ccc(C(=O)Nc2ccc(Cl)cc2C(=O)Nc2ccc(Cl)cn2)cc1,10.356547323513812,0.044,1,1,0,0,1,1
CN(C)C(=N)c1ccc(C(=O)Nc2ccc(Cl)cc2C(=O)Nc2ccc(Cl)cn2)c(F)c1,10.221848749616356,0.06,0,0,0,0,1,1
COc1ccc(NC(=O)c2ccc(C(=N)N(C)C)cc2)c(C(=O)Nc2ccc(Cl)cn2)c1,9.926281649653877,0.1185,0,0,0,0,0,0
COc1ccc(NC(=O)c2ccc(C(=N)N(C)C)cc2F)c(C(=O)Nc2ccc(Cl)cn2)c1,9.978810700930062,0.105,0,0,0,0,0,0
CN(C)C(=N)c1ccc(C(=O)Nc2ccccc2C(=O)Nc2ccc(Cl)cn2)cc1,9.14146280243036,0.722,1,1,0,0,0,0
CNCC1(c2ccc(N3CCC4C(S(C)(=O)=O)=NN(c5ccc(OC)cc5)C4C3=O)cc2)CC1,9.619788758288394,0.24,0,0,0,0,0,0
CNCC1(c2ccc(N3CCc4c(C(N)=O)nn(-c5ccc(OC)cc5)c4C3=O)cc2)CC1,10.259637310505756,0.055,1,1,0,0,1,1
CNCC1(c2ccc(N3CCc4c(C#N)nn(-c5ccc(OC)cc5)c4C3=O)cc2)CC1,9.82390874094432,0.15,0,0,0,0,0,0
COc1ccc(N2N=C(S(C)(=O)=O)C3CCN(c4ccc(C5(CN(C)C)CC5)cc4)C(=O)C32)cc1,10.292429823902063,0.051,1,1,0,1,0,0
COc1ccc(-n2nc(C(N)=O)c3c2C(=O)N(c2ccc(C4(CN(C)C)CC4)cc2)CC3)cc1,10.387216143280265,0.041,1,1,0,0,1,1
COc1ccc(-n2nc(C(N)=O)c3c2C(=O)N(c2ccc(C4(CN5CCOCC5)CC4)cc2)CC3)cc1,10.3767507096021,0.042,1,1,0,0,1,1
COc1ccc(-n2nc(C#N)c3c2C(=O)N(c2ccc(C4(CN5CCOCC5)CC4)cc2)CC3)cc1,10.031517051446064,0.093,0,0,0,0,0,0
COc1ccc(-n2nc(S(C)(=O)=O)c3c2C(=O)N(c2ccc(C4(CN5CCCC5=O)CC4)cc2)CC3)cc1,9.619788758288394,0.24,1,1,0,0,0,0
COc1ccc(-n2nc(C(F)(F)F)c3c2C(=O)N(c2ccc(C4(N)CC4)cc2)CC3)cc1,9.10790539730952,0.78,1,1,0,0,1,1
COc1ccc(-n2nc(C(F)(F)F)c3c2C(=O)N(c2ccc(C4(N(C)C)CC4)cc2)CC3)cc1,10.070581074285707,0.085,1,1,0,1,1,1
COc1ccc(-n2nc(C(F)(F)F)c3c2C(=O)N(c2ccc(C4(N(C)CCO)CC4)cc2)CC3)cc1,9.920818753952377,0.12,1,1,0,0,1,1
COc1ccc(-n2nc(C(F)(F)F)c3c2C(=O)N(c2ccc(C4(N(C)CC(N)=O)CC4)cc2)CC3)cc1,9.853871964321762,0.14,1,1,0,0,1,1
COc1ccc(-n2nc(C(F)(F)F)c3c2C(=O)N(c2ccc(C4(NC(C)=O)CC4)cc2)CC3)cc1,8.292429823902063,5.1,1,1,0,1,1,1
COc1ccc(-n2nc(C(F)(F)F)c3c2C(=O)N(c2ccc(C4(NS(C)(=O)=O)CC4)cc2)CC3)cc1,8.522878745280337,3.0,1,1,0,0,1,1
COC(=O)NC1(c2ccc(N3CCc4c(C(F)(F)F)nn(-c5ccc(OC)cc5)c4C3=O)cc2)CC1,7.958607314841775,11.0,1,1,0,0,1,1
COc1ccc(-n2nc(C(F)(F)F)c3c2C(=O)N(c2ccc(C4(N(C)C(C)=O)CC4)cc2)CC3)cc1,8.823908740944319,1.5,1,1,0,0,1,1
COc1ccc(-n2nc(C(F)(F)F)c3c2C(=O)N(c2ccc(C4(N(C)S(C)(=O)=O)CC4)cc2)CC3)cc1,8.537602002101044,2.9,1,1,0,0,1,1
COc1ccc(-n2nc(C(F)(F)F)c3c2C(=O)N(c2ccc(C4(N5CCCC5=O)CC4)cc2)CC3)cc1,8.119186407719209,7.6,1,1,0,1,1,1
COc1ccc(-n2nc(C(F)(F)F)c3c2C(=O)N(c2ccc(C4(N5CCCCC5=O)CC4)cc2)CC3)cc1,7.698970004336019,20.0,1,1,0,1,1,1
CNCCC1(c2ccc(N3CCc4c(C(F)(F)F)nn(-c5ccc(OC)cc5)c4C3=O)cc2)CC1,9.259637310505756,0.55,1,1,0,0,1,1
COc1ccc(-n2nc(C(F)(F)F)c3c2C(=O)N(c2ccc(C4(CCN(C)C)CC4)cc2)CC3)cc1,10.69897000433602,0.02,1,1,0,0,1,1
COc1ccc(-n2nc(C(F)(F)F)c3c2C(=O)N(c2ccc(C4(CCN5CCCC5)CC4)cc2)CC3)cc1,10.69897000433602,0.02,1,1,0,1,1,1
COc1ccc(-n2nc(C(F)(F)F)c3c2C(=O)N(c2ccc(C4(CCN5CCOCC5)CC4)cc2)CC3)cc1,9.67778070526608,0.21,1,1,0,1,1,1
COc1ccc(-n2nc(C(F)(F)F)c3c2C(=O)N(c2ccc(C4(C5=NCCN5)CC4)cc2)CC3)cc1,10.67778070526608,0.021,1,1,0,1,1,1
COc1ccc(-n2nc(C(F)(F)F)c3c2C(=O)N(c2ccc(C4(C5=NCCN5C)CC4)cc2)CC3)cc1,9.795880017344077,0.16,1,1,0,1,1,1
COc1ccc(-n2nc(C(F)(F)F)c3c2C(=O)N(c2ccc(C4(C5=NCCN5S(C)(=O)=O)CC4)cc2)CC3)cc1,8.309803919971486,4.9,1,1,0,0,1,1
COc1ccc(-n2nc(C(F)(F)F)c3c2C(=O)N(c2ccc(C4(C5=NCCO5)CC4)cc2)CC3)cc1,8.602059991327963,2.5,1,1,0,1,1,1
COc1ccc(-n2nc(C(F)(F)F)c3c2C(=O)N(c2ccc(C4(C5=NC(C)(C)CO5)CC4)cc2)CC3)cc1,8.958607314841775,1.1,1,1,0,0,1,1
COc1ccc(-n2nc(C(F)(F)F)c3c2C(=O)N(c2ccc(C4(c5ncc[nH]5)CC4)cc2)CC3)cc1,8.958607314841775,1.1,1,1,0,1,1,1
COc1ccc(-n2nc(C(F)(F)F)c3c2C(=O)N(c2ccc(C4(c5nccn5C)CC4)cc2)CC3)cc1,8.193820026016112,6.4,1,1,0,1,1,1
CNC1(c2ccc(N3CCc4c(C#N)nn(-c5ccc(OC)cc5)c4C3=O)cc2)CC1,9.508638306165729,0.31,0,0,0,0,0,0
COc1ccc(-n2nc(C(N)=O)c3c2C(=O)N(c2ccc(C4(N(C)C)CC4)cc2)CC3)cc1,10.366531544420411,0.043,1,1,0,0,1,1
COc1ccc(-n2nc(C#N)c3c2C(=O)N(c2ccc(C4(N(C)C)CC4)cc2)CC3)cc1,10.075720713938118,0.084,0,0,0,0,0,0
COc1ccc(-n2nc(C(N)=O)c3c2C(=O)N(c2ccc(C4(CCN5CCOCC5)CC4)cc2)CC3)cc1,9.853871964321762,0.14,0,0,0,0,1,1
COc1ccc(-n2nc(C#N)c3c2C(=O)N(c2ccc(C4(CCN5CCOCC5)CC4)cc2)CC3)cc1,9.130768280269024,0.74,1,1,0,0,0,0
COc1ccc(-n2nc(C(N)=O)c3c2C(=O)N(c2ccc(C4(C5=NCCO5)CC4)cc2)CC3)cc1,9.2518119729938,0.56,1,1,0,0,1,1
COc1ccc(-n2nc(C(F)(F)F)c3c2C(=O)N(c2ccc(C4(C(C)=O)CC4)cc2)CC3)cc1,9.0,1.0,1,1,0,1,1,1
COc1ccc(-n2nc(C(N)=O)c3c2C(=O)N(c2ccc(C4(C(C)=O)CC4)cc2)CC3)cc1,9.744727494896694,0.18,1,1,0,0,1,1
COc1ccc(-n2nc(C(F)(F)F)c3c2C(=O)N(c2ccc(C4(CS(C)(=O)=O)CC4)cc2)CC3)cc1,9.494850021680094,0.32,1,1,0,0,1,1
COc1ccc(-n2nc(C(N)=O)c3c2C(=O)N(c2ccc(C4(CS(C)(=O)=O)CC4)cc2)CC3)cc1,10.148741651280924,0.071,1,1,0,0,1,1
COc1ccc(-n2nc(C#N)c3c2C(=O)N(c2ccc(C4(CS(C)(=O)=O)CC4)cc2)CC3)cc1,9.537602002101044,0.29,0,0,0,0,0,0
COc1ccc(-n2nc(C(F)(F)F)c3c2C(=O)N(c2ccc(C4(CC(N)=O)CC4)cc2)CC3)cc1,9.229147988357855,0.59,1,1,0,1,1,1
O=C(Nc1nc(CC(=O)N2CCN(CC(=O)N3CCCC3)CC2)cs1)c1ccc(Cl)cc1,6.354577730650908,442.0,0,0,0,0,0,0
CN1CCC(N2CCN(C(=O)Cc3csc(NC(=O)c4ccc(Cl)cc4)n3)CC2)CC1,6.790484985457369,162.0,0,0,0,0,0,0
O=C(Cc1csc(NC(=O)c2ccc(Cl)cc2)n1)Nc1ccc(-n2ccccc2=O)cc1F,6.950781977329818,112.0,1,1,0,0,1,0
O=C(Nc1nc(CC(=O)N2CCN(CC(=O)N3CCCC3)CC2)cs1)c1ccc(Cl)s1,7.00436480540245,99.0,0,0,0,0,0,0
CN1CCC(N2CCN(C(=O)Cc3csc(NC(=O)c4ccc(Cl)s4)n3)CC2)CC1,7.494850021680094,32.0,0,0,0,0,0,0
O=C(Cc1csc(NC(=O)c2ccc(Cl)s2)n1)Nc1ccc(-n2ccccc2=O)cc1F,7.744727494896693,18.0,0,0,0,0,0,0
CN1CCC(N2CCN(C(=O)Cn3ccc(NC(=O)c4ccc(Cl)s4)n3)CC2)CC1,7.130768280269024,74.0,0,0,0,0,0,0
O=C(Cn1ccc(NC(=O)c2ccc(Cl)s2)n1)Nc1ccc(-n2ccccc2=O)cc1F,8.221848749616356,6.0,1,1,0,0,1,0
CN1CCC(N2CCN(C(=O)Cn3cnc(NC(=O)c4ccc(Cl)s4)n3)CC2)CC1,6.756961951313706,175.0,0,0,0,0,0,0
O=C(Cn1cnc(NC(=O)c2ccc(Cl)s2)n1)Nc1ccc(-n2ccccc2=O)cc1F,8.221848749616356,6.0,1,1,0,0,1,0
O=C(Cn1nnc(NC(=O)c2ccc(Cl)s2)n1)Nc1ccc(-n2ccccc2=O)cc1F,7.958607314841775,11.0,1,1,0,0,1,0
O=C(CN1C[C@H](O)[C@@H](NC(=O)c2ccc(Cl)s2)C1)Nc1ccc(-n2ccccc2=O)cc1F,8.0,10.0,0,0,0,0,1,0
CO[C@H]1CN(CC(=O)Nc2ccc(-n3ccccc3=O)cc2F)C[C@@H]1NC(=O)c1ccc(Cl)s1,8.522878745280337,3.0,1,1,0,1,1,1
CCO[C@H]1CN(CC(=O)Nc2ccc(-n3ccccc3=O)cc2F)C[C@@H]1NC(=O)c1ccc(Cl)s1,8.0,10.0,0,0,0,0,1,0
O=C(CN1C[C@H](NC(=O)c2ccc(Cl)s2)[C@@H](OCC(F)F)C1)Nc1ccc(-n2ccccc2=O)cc1F,7.698970004336019,20.0,0,0,0,0,0,0
O=C(CN1C[C@H](NC(=O)c2ccc(Cl)s2)[C@@H](OCCO)C1)Nc1ccc(-n2ccccc2=O)cc1F,7.657577319177793,22.0,0,0,0,0,0,0
O=C(CN1C[C@H](CO)[C@@H](NC(=O)c2ccc(Cl)s2)C1)Nc1ccc(-n2ccccc2=O)cc1F,7.568636235841013,27.0,0,0,0,0,0,0
CC1CN(CC(=O)Nc2ccc(-n3ccccc3=O)cc2F)CC1NC(=O)c1ccc(Cl)s1,7.853871964321762,14.0,0,0,0,0,0,0
O=C(CN1CC(NC(=O)c2ccc(Cl)s2)C(C2CC2)C1)Nc1ccc(-n2ccccc2=O)cc1F,7.366531544420414,43.0,0,0,0,0,1,0
O=C(CN1C[C@H](F)[C@@H](NC(=O)c2ccc(Cl)s2)C1)Nc1ccc(-n2ccccc2=O)cc1F,7.508638306165727,31.0,0,0,0,0,1,1
O=C(CN1C[C@H](NC(=O)c2ccc(Cl)s2)C[C@H]1CO)Nc1ccc(-n2ccccc2=O)cc1F,7.022276394711152,95.0,1,1,0,1,1,0
COC[C@@H]1C[C@@H](NC(=O)c2ccc(Cl)s2)CN1CC(=O)Nc1ccc(-n2ccccc2=O)cc1F,7.026872146400302,94.0,0,0,0,0,1,0
O=C(CN1C[C@H](NC(=O)c2ccc(Cl)s2)C[C@H]1CN1CCCC1)Nc1ccc(-n2ccccc2=O)cc1F,6.87942606879415,132.0,0,0,0,0,0,0
O=C(CN1C[C@H](NC(=O)c2ccc(Cl)s2)C[C@H]1C(=O)NCC1CC1)Nc1ccc(-n2ccccc2=O)cc1F,7.031517051446065,93.0,0,0,0,0,0,0
CC(C)[C@H](NC(=O)[C@H](CCCNC(=N)N)NC(=O)Cc1ccccc1)C(=O)N[C@@H](CCCNC(=N)N)C(=O)NCc1ccc(C(=N)N)cc1,4.3979400086720375,40000.0,0,0,0,0,0,0
CC(C)[C@H](NC(=O)[C@H](CCCNC(=N)N)NC(=O)Cc1ccccc1)C(=O)N[C@@H](CCCNC(=N)N)C(=O)NCCCCNC(=N)N,4.080921907623926,83000.0,0,0,0,0,0,0
Cc1cc2cc(N/C(=N\C(=O)c3ccc(C(=O)N(C)C)nc3)N[C@H]3CCCCN(CC(=O)N4CCCC4)C3=O)ccc2o1,8.2839966563652,5.2,0,0,0,0,0,0
CC(c1ccc(N2CC[C@H](NS(=O)(=O)c3ccc4cc(Cl)ccc4c3)C2=O)c(F)c1)N1CCCCC1,8.698970004336019,2.0,0,0,0,0,1,0
CC(c1ccc(N2CC[C@H](NS(=O)(=O)c3ccc4cc(Cl)ccc4c3)C2=O)c(F)c1)N1CCCC1,8.698970004336019,2.0,0,0,0,0,1,0
CC(c1ccc(N2CC[C@H](NS(=O)(=O)c3ccc4cc(Cl)ccc4c3)C2=O)c(F)c1)N1CCC1,9.096910013008056,0.8,0,0,0,0,1,1
CC(C)N(C)C(C)c1ccc(N2CC[C@H](NS(=O)(=O)c3ccc4cc(Cl)ccc4c3)C2=O)c(F)c1,8.301029995663981,5.0,0,0,0,0,1,0
CC(C)NC(C)c1ccc(N2CC[C@H](NS(=O)(=O)c3ccc4cc(Cl)ccc4c3)C2=O)c(F)c1,9.0,1.0,0,0,0,0,1,1
CCNC(C)c1ccc(N2CC[C@H](NS(=O)(=O)c3ccc4cc(Cl)ccc4c3)C2=O)c(F)c1,8.698970004336019,2.0,0,0,0,0,1,1
CCN(C)C(C)c1ccc(N2CC[C@H](NS(=O)(=O)c3ccc4cc(Cl)ccc4c3)C2=O)c(F)c1,9.096910013008056,0.8,0,0,0,0,1,1
CC(c1ccc(N2CC[C@H](NS(=O)(=O)c3cc4ccc(Cl)cc4s3)C2=O)c(F)c1)N(C)C,8.301029995663981,5.0,0,0,0,0,0,0
CN(C)C(=O)c1ccc(N2CC[C@H](NS(=O)(=O)/C=C/c3ccc(Cl)s3)C2=O)c(F)c1,8.823908740944319,1.5,1,1,0,0,1,1
CNC(=O)c1ccc(N2CC[C@H](NS(=O)(=O)/C=C/c3ccc(Cl)s3)C2=O)c(F)c1,7.455931955649724,35.0,1,1,0,0,1,1
NC(=O)c1ccc(N2CC[C@H](NS(=O)(=O)/C=C/c3ccc(Cl)s3)C2=O)c(F)c1,8.292429823902063,5.1,0,0,0,0,0,0
CC(=O)c1ccc(N2CC[C@H](NS(=O)(=O)/C=C/c3ccc(Cl)s3)C2=O)c(F)c1,8.221848749616356,6.0,0,0,0,0,0,0
C=C(C)c1ccc(N2CC[C@H](NS(=O)(=O)/C=C/c3ccc(Cl)s3)C2=O)c(F)c1,8.207608310501746,6.2,0,0,0,0,1,1
CS(=O)(=O)c1ccccc1-c1ccc(NC(=O)c2cc(C(F)(F)F)nn2-c2cccc(CNC(=O)CN)c2)c(F)c1,8.045757490560675,9.0,1,1,0,0,1,1
CS(=O)(=O)c1ccccc1-c1ccc(NC(=O)c2cc(C(F)(F)F)nn2-c2cccc(-c3n[nH]c(=O)[nH]3)c2)c(F)c1,9.30102999566398,0.5,1,1,0,1,1,1
CS(=O)(=O)c1ccccc1-c1ccc(NC(=O)c2cc(C(F)(F)F)nn2-c2cccc(-c3nnc(N)s3)c2)c(F)c1,7.337242168318426,46.0,1,1,0,1,1,1
CS(=O)(=O)c1ccccc1-c1ccc(NC(=O)c2cc(C(F)(F)F)nn2-c2cccc(-c3nnc(N)[nH]3)c2)c(F)c1,7.823908740944319,15.0,1,1,0,1,1,1
CS(=O)(=O)c1ccccc1-c1ccc(N2CCc3c(C(F)(F)F)nn(-c4cccc(-c5n[nH]c(=O)[nH]5)c4)c3C2=O)cc1,8.657577319177793,2.2,0,0,0,0,1,1
CN(C)Cc1nccn1-c1ccc(N2CCc3c(C(F)(F)F)nn(-c4cccc(-c5n[nH]c(=O)[nH]5)c4)c3C2=O)cc1,8.698970004336019,2.0,0,0,0,0,0,0
CN(C)Cc1ccccc1-c1ccc(N2CCc3c(C(F)(F)F)nn(-c4cccc(-c5n[nH]c(=O)[nH]5)c4)c3C2=O)cc1,8.958607314841775,1.1,0,0,0,0,1,1
O=C1c2c(c(C(F)(F)F)nn2-c2cccc(-c3n[nH]c(=O)[nH]3)c2)CCN1c1ccc(-c2ccccc2CN2CC[C@@H](O)C2)cc1,9.075720713938118,0.84,0,0,0,0,0,0
O=C1c2c(c(C(F)(F)F)nn2-c2cccc(-c3n[nH]c(=O)[nH]3)c2)CCN1c1ccc(-c2ccccc2CN2CCCC2)cc1,9.397940008672036,0.4,0,0,0,0,1,1
Cc1nn(-c2cccc(-c3n[nH]c(=O)[nH]3)c2)c2c1CCN(c1ccc(-c3ccccc3CN3CCCC3)cc1)C2=O,8.09151498112135,8.1,1,1,0,0,1,1
NC(=O)c1nn(-c2cccc(-c3n[nH]c(=O)[nH]3)c2)c2c1CCN(c1ccc(-c3ccccc3CN3CCCC3)cc1)C2=O,9.602059991327964,0.25,1,1,0,0,1,1
COC(=O)C(Oc1cccc2sc(C(=N)N)cc12)c1ccccc1,4.860120913598763,13800.0,1,1,0,0,1,1
CN(C)CCNC(=O)C(Oc1cccc2sc(C(=N)N)cc12)c1ccccc1,5.468521082957745,3400.0,0,0,0,0,1,1
N=C(N)c1cc2c(OC(C(=O)Nc3ccccc3)c3ccccc3)cccc2s1,6.823908740944319,150.0,1,1,0,0,1,1
N=C(N)c1cc2c(OC(C(=O)NCc3ccccc3)c3ccccc3)cccc2s1,6.022276394711152,950.0,0,0,0,0,1,1
COc1ccccc1NC(=O)C(Oc1cccc2sc(C(=N)N)cc12)c1ccccc1,7.154901959985743,70.0,1,1,0,0,1,1
COc1cccc(NC(=O)C(Oc2cccc3sc(C(=N)N)cc23)c2ccccc2)c1,6.537602002101044,290.0,0,0,0,0,1,1
COc1ccc(NC(=O)C(Oc2cccc3sc(C(=N)N)cc23)c2ccccc2)cc1,7.2839966563652,52.0,0,0,0,0,1,1
CCOC(=O)c1nccn1-c1ccc(NC(=O)C(Oc2cccc3sc(C(=N)N)cc23)c2ccccc2)cc1,8.585026652029182,2.6,0,0,0,0,1,1
CN(C)C(=O)c1ccc(NC(=O)C(Oc2cccc3sc(C(=N)N)cc23)c2ccccc2)cc1,9.221848749616356,0.6,1,1,0,0,1,1
N=C(N)c1cc2c(OC(C(=O)Nc3ccc(C(=O)N4CCCC4)cc3)c3ccccc3)cccc2s1,9.30102999566398,0.5,0,0,0,0,1,1
N=C(N)c1cc2c(OC(CN)c3ccccc3)cccc2s1,5.351639989019068,4450.0,0,0,0,0,1,1
CC(=O)NCC(Oc1cccc2sc(C(=N)N)cc12)c1ccccc1,5.886056647693163,1300.0,1,1,0,0,1,1
N=C(N)c1cc2c(OC(CNCc3ccccc3)c3ccccc3)cccc2s1,6.6020599913279625,250.0,0,0,0,0,1,1
N=C(N)c1cc2c(OC(CNC(=O)Oc3ccccc3)c3ccccc3)cccc2s1,6.251811972993799,560.0,0,0,0,0,1,1
N=C(N)c1cc2c(OC(CNC(=O)Nc3ccccc3)c3ccccc3)cccc2s1,6.017728766960431,960.0,0,0,0,0,1,1
N=C(N)c1cc2c(OC(CO)c3ccccc3)cccc2s1,5.7594507517174005,1740.0,0,0,0,0,1,1
CNC(=O)OCC(Oc1cccc2sc(C(=N)N)cc12)c1ccccc1,6.154901959985743,700.0,1,1,0,0,1,1
CCNC(=O)OCC(Oc1cccc2sc(C(=N)N)cc12)c1ccccc1,6.443697499232712,360.0,1,1,0,0,1,1
N=C(N)c1cc2c(OC(COC(=O)Nc3ccccc3)c3ccccc3)cccc2s1,5.742321425130816,1810.0,1,1,0,0,1,1
N=C(N)c1cc2c(OC(COC(=O)NCc3ccccc3)c3ccccc3)cccc2s1,6.080921907623926,830.0,0,0,0,0,1,1
N=C(N)c1cc2c(OC(COC(=O)Nc3ccccc3F)c3ccccc3)cccc2s1,6.259637310505756,550.0,0,0,0,0,1,1
N=C(N)c1cc2c(OC(COC(=O)Nc3cccc(F)c3)c3ccccc3)cccc2s1,5.886056647693163,1300.0,0,0,0,0,1,1
N=C(N)c1cc2c(OC(COC(=O)Nc3ccc(F)cc3)c3ccccc3)cccc2s1,5.769551078621726,1700.0,1,1,0,0,1,1
Cc1ccccc1NC(=O)OCC(Oc1cccc2sc(C(=N)N)cc12)c1ccccc1,5.926648297613099,1184.0,1,1,0,0,1,1
CN(C)CCOc1ccc(NC(=O)OCC(Oc2cccc3sc(C(=N)N)cc23)c2ccccc2)cc1,6.059483515067432,872.0,1,1,0,0,1,0
CN1CCN(Cc2ccc(NC(=O)OCC(Oc3cccc4sc(C(=N)N)cc34)c3ccccc3)cc2)CC1,5.806318970458719,1562.0,0,0,0,0,1,0
N=C(N)c1cc2c(OC(COC(=O)Nc3ccccc3CN)c3ccccc3)cccc2s1,6.0835460514500745,825.0,0,0,0,0,1,1
CNCc1ccccc1NC(=O)OCC(Oc1cccc2sc(C(=N)N)cc12)c1ccccc1,5.940436582098732,1147.0,1,1,0,0,1,0
CC(C)CNCc1ccccc1NC(=O)OCC(Oc1cccc2sc(C(=N)N)cc12)c1ccccc1,6.2343314452409855,583.0,0,0,0,0,1,0
CN(C)Cc1ccccc1NC(=O)OCC(Oc1cccc2sc(C(=N)N)cc12)c1ccccc1,6.08196966321512,828.0,0,0,0,0,1,0
N=C(N)c1cc2c(OC(COC(=O)Nc3ccccc3CN3CCNCC3)c3ccccc3)cccc2s1,6.450996737974212,354.0,0,0,0,0,1,0
N=C(N)c1cc2c(OC(COC(=O)Nc3ccc(F)cc3F)c3ccccc3)cccc2s1,5.82915179635669,1482.0,0,0,0,0,1,1
N=C(N)c1cc2c(OC(COC(=O)Nc3c(F)cccc3F)c3ccccc3)cccc2s1,5.885055584287415,1303.0,0,0,0,0,1,1
Cc1noc(C)c1NC(=O)OCC(Oc1cccc2sc(C(=N)N)cc12)c1ccccc1,5.647431613820691,2252.0,0,0,0,0,1,1
Cc1cc(NC(=O)OCC(Oc2cccc3sc(C(=N)N)cc23)c2ccccc2)n(C)n1,5.688034339631634,2051.0,0,0,0,0,1,1
COCc1cc(NC(=O)OCC(Oc2cccc3sc(C(=N)N)cc23)c2ccccc2)n(C)n1,5.806875401645538,1560.0,0,0,0,0,1,0
CNCc1cc(NC(=O)OCC(Oc2cccc3sc(C(=N)N)cc23)c2ccccc2)n(C)n1,5.896196279044043,1270.0,0,0,0,0,1,0
Cc1n[nH]c(C)c1NC(=O)OCC(Oc1cccc2sc(C(=N)N)cc12)c1ccccc1,5.546070407942271,2844.0,0,0,0,0,1,1
COC(=O)Cn1nc(C)c(NC(=O)OCC(Oc2cccc3sc(C(=N)N)cc23)c2ccccc2)c1C,5.886056647693163,1300.0,0,0,0,0,1,0
CNCc1c(NC(=O)OCC(Oc2cccc3sc(C(=N)N)cc23)c2ccccc2)c(C)nn1C,5.624336386039115,2375.0,0,0,0,0,1,0
Cc1nn(C)c(CNC(C)C)c1NC(=O)OCC(Oc1cccc2sc(C(=N)N)cc12)c1ccccc1,5.788345599446817,1628.0,0,0,0,0,1,0
N=C(N)c1cc2c(OC(COC(=O)Nc3ccccc3)c3ccccc3)cc(F)cc2s1,5.79997073344623,1585.0,1,1,0,0,0,0
N=C(N)c1cc2c(OC(COC(=O)Nc3ccccc3CN)c3ccccc3)cc(F)cc2s1,5.674689628288939,2115.0,0,0,0,0,0,0
CN(C)Cc1ccccc1NC(=O)OCC(Oc1cc(F)cc2sc(C(=N)N)cc12)c1ccccc1,5.865504144165326,1363.0,0,0,0,0,0,0
N=C(N)c1cc2c(O[C@@H](c3ccccc3)c3nc(-c4ccccc4)no3)cccc2s1,5.401209493236885,3970.0,0,0,0,0,0,0
N=C(N)c1cc2c(I)cccc2s1,4.657577319177793,22000.0,0,0,0,0,1,1
N=C(N)c1cc2c(OCc3ccccc3)cccc2s1,5.221848749616356,6000.0,0,0,0,0,0,0
N=C(N)c1cc2c(OCc3nc4ccccc4s3)cccc2s1,5.585026652029182,2600.0,0,0,0,0,0,0
COc1ccc(-c2ccc3sc(C(=N)N)cc3c2)cc1OC,4.924453038607469,11900.0,0,0,0,0,0,0
N=C(N)c1cc2cc(-c3ccc(OCc4ccccc4)cc3)ccc2s1,5.431798275933005,3700.0,0,0,0,0,0,0
N=C(N)c1cc2cc(-c3cccc(OCc4ccccc4)c3)ccc2s1,4.8297382846050425,14800.0,0,0,0,0,1,1
CCOC(=O)COc1cccc(-c2ccc3sc(C(=N)N)cc3c2)c1,6.221848749616356,600.0,0,0,0,0,1,1
N=C(N)c1cc2cc(-c3cccc(OCc4cccc(F)c4)c3)ccc2s1,5.207608310501746,6200.0,1,1,0,0,1,1
N=C(N)c1cc2cc(-c3cccc(OCc4ccc(F)cc4)c3)ccc2s1,5.136677139879544,7300.0,1,1,0,0,1,1
N=C(N)c1cc2cc(-c3cccc(OCc4cccc(Cl)c4)c3)ccc2s1,5.366531544420414,4300.0,1,1,0,0,1,1
N=C(N)c1cc2cc(-c3cccc(OCc4ccc(Cl)cc4)c3)ccc2s1,5.537602002101044,2900.0,1,1,0,0,1,1
COc1cccc(COc2cccc(-c3ccc4sc(C(=N)N)cc4c3)c2)c1,5.366531544420414,4300.0,0,0,0,0,1,1
COc1ccc(COc2cccc(-c3ccc4sc(C(=N)N)cc4c3)c2)cc1,4.882728704344236,13100.0,0,0,0,0,1,1
Cc1ccc(COc2cccc(-c3ccc4sc(C(=N)N)cc4c3)c2)cc1,5.102372908709558,7900.0,0,0,0,0,1,1
N=C(N)c1cc2cc(-c3cccc(OCc4ccc(F)c(F)c4)c3)ccc2s1,5.2441251443275085,5700.0,1,1,0,1,1,1
N=C(N)c1cc2cc(-c3cccc(OCc4ccc(Cl)c(F)c4)c3)ccc2s1,6.978810700930062,105.0,1,1,0,1,1,1
N=C(N)c1cc2cc(-c3cccc(OCc4ccc(F)c(Cl)c4)c3)ccc2s1,7.259637310505756,55.0,1,1,0,1,1,1
N=C(N)c1cc2ccc(OCc3cccnc3)cc2s1,5.474955192963154,3350.0,0,0,0,0,0,0
N=C(N)c1cc2ccc(OCc3cccs3)cc2s1,5.939302159646388,1150.0,0,0,0,0,0,0
N=C(N)c1cc2cc(-c3cccc(OC(C(N)=O)c4ccc(F)cc4)c3)ccc2s1,4.346787486224656,45000.0,1,1,0,1,1,1
COC(=O)C(Oc1cccc(-c2ccc3sc(C(=N)N)cc3c2)c1)c1ccc(F)cc1,7.356547323513812,44.0,0,0,0,0,1,1
N=C(N)c1cc2cc(-c3cccc(OC(C(=O)O)c4ccc(F)cc4)c3)ccc2s1,6.040958607678906,910.0,1,1,0,1,1,1
COC(=O)C(Oc1cccc(-c2ccc3sc(C(=N)N)cc3c2)c1)c1ccc(Cl)cc1,7.769551078621726,17.0,0,0,0,0,1,1
COC(=O)CC(Oc1cccc(-c2ccc3sc(C(=N)N)cc3c2)c1)c1ccc(Cl)cc1,7.481486060122112,33.0,0,0,0,0,1,1
COC(=O)CCC(Oc1cccc(-c2ccc3sc(C(=N)N)cc3c2)c1)c1ccc(Cl)cc1,7.431798275933005,37.0,0,0,0,0,1,0
COC(=O)C(Oc1cccc(-c2ccc3sc(C(=N)N)cc3c2)c1)c1cccs1,7.602059991327962,25.0,0,0,0,0,1,1
Cc1cnc(NCC(F)(F)c2ccccc2)c(=O)n1CC(=O)NCCONC(=N)N,5.481486060122113,3300.0,0,0,0,0,0,0
N#Cc1cnc(NCC(F)(F)c2ccccc2)c(=O)n1CC(=O)NCCONC(=N)N,5.187086643357144,6500.0,0,0,0,0,0,0
CS(=O)(=O)N1C[C@H](C(=O)Nc2ccc(Cl)cc2)[C@@H](C(=O)Nc2ccc(-n3ccccc3=O)cc2F)C1,7.823908740944319,15.0,1,1,0,1,1,1
O=C(Nc1ccc(Cl)cc1)[C@H]1CNC[C@@H]1C(=O)Nc1ccc(-n2ccccc2=O)cc1F,6.920818753952375,120.0,1,1,0,0,1,0
CC(=O)N1C[C@H](C(=O)Nc2ccc(Cl)cc2)[C@@H](C(=O)Nc2ccc(-n3ccccc3=O)cc2F)C1,7.552841968657781,28.0,1,1,0,0,0,0
CCS(=O)(=O)N1C[C@H](C(=O)Nc2ccc(Cl)cc2)[C@@H](C(=O)Nc2ccc(-n3ccccc3=O)cc2F)C1,7.958607314841775,11.0,1,1,0,0,0,0
O=C(Nc1ccc(Cl)cc1)[C@H]1CN(CCO)C[C@@H]1C(=O)Nc1ccc(-n2ccccc2=O)cc1F,7.619788758288394,24.0,0,0,0,0,0,0
COC(=O)N1C[C@H](C(=O)Nc2ccc(Cl)cc2)[C@@H](C(=O)Nc2ccc(-n3ccccc3=O)cc2F)C1,7.657577319177793,22.0,1,1,0,0,0,0
O=C(Nc1ccc(Cl)cc1)[C@H]1CN(CC(F)F)C[C@@H]1C(=O)Nc1ccc(-n2ccccc2=O)cc1F,8.0,10.0,0,0,0,0,0,0
CC(C)N1C[C@H](C(=O)Nc2ccc(Cl)cc2)[C@@H](C(=O)Nc2ccc(-n3ccccc3=O)cc2F)C1,7.769551078621726,17.0,0,0,0,0,0,0
NS(=O)(=O)N1C[C@H](C(=O)Nc2ccc(Cl)cc2)[C@@H](C(=O)Nc2ccc(-n3ccccc3=O)cc2F)C1,8.0,10.0,1,1,0,1,0,0
O=C(Nc1ccc(Cl)cc1)[C@H]1CN(CC(F)(F)F)C[C@@H]1C(=O)Nc1ccc(-n2ccccc2=O)cc1F,8.045757490560675,9.0,0,0,0,0,0,0
O=C(Nc1ccc(Cl)cc1)[C@H]1CN(S(=O)(=O)CC(F)(F)F)C[C@@H]1C(=O)Nc1ccc(-n2ccccc2=O)cc1F,7.769551078621726,17.0,0,0,0,0,0,0
CN(C)S(=O)(=O)N1C[C@H](C(=O)Nc2ccc(Cl)cc2)[C@@H](C(=O)Nc2ccc(-n3ccccc3=O)cc2F)C1,8.096910013008056,8.0,1,1,0,0,0,0
CC(C)S(=O)(=O)N1C[C@H](C(=O)Nc2ccc(Cl)cc2)[C@@H](C(=O)Nc2ccc(-n3ccccc3=O)cc2F)C1,8.0,10.0,1,1,0,0,0,0
CCOC(=O)N1C[C@H](C(=O)Nc2ccc(Cl)cc2)[C@@H](C(=O)Nc2ccc(-n3ccccc3=O)cc2F)C1,7.267606240177032,54.0,1,1,0,0,0,0
O=C(Nc1ccc(Cl)cc1)[C@H]1CN(C(=O)N2CCCC2)C[C@@H]1C(=O)Nc1ccc(-n2ccccc2=O)cc1F,7.1487416512809245,71.0,0,0,0,0,0,0
CCCOC(=O)N1C[C@H](C(=O)Nc2ccc(Cl)cc2)[C@@H](C(=O)Nc2ccc(-n3ccccc3=O)cc2F)C1,7.327902142064283,47.0,1,1,0,0,0,0
CCCS(=O)(=O)N1C[C@H](C(=O)Nc2ccc(Cl)cc2)[C@@H](C(=O)Nc2ccc(-n3ccccc3=O)cc2F)C1,7.744727494896693,18.0,1,1,0,0,0,0
O=C(Nc1ccc(Cl)cc1)[C@H]1CN(CC2CC2)C[C@@H]1C(=O)Nc1ccc(-n2ccccc2=O)cc1F,7.337242168318426,46.0,0,0,0,0,0,0
O=C(Nc1ccc(Cl)cc1)[C@H]1CN(CCF)C[C@@H]1C(=O)Nc1ccc(-n2ccccc2=O)cc1F,7.67778070526608,21.0,0,0,0,0,0,0
O=C(Nc1ccc(Cl)cc1)[C@H]1CN(Cc2ccncc2)C[C@@H]1C(=O)Nc1ccc(-n2ccccc2=O)cc1F,7.468521082957745,34.0,0,0,0,0,0,0
COCCN1C[C@H](C(=O)Nc2ccc(Cl)cc2)[C@@H](C(=O)Nc2ccc(-n3ccccc3=O)cc2F)C1,7.356547323513812,44.0,0,0,0,0,0,0
O=C(Nc1ccc(Cl)cc1)[C@H]1CN(Cc2cccs2)C[C@@H]1C(=O)Nc1ccc(-n2ccccc2=O)cc1F,7.958607314841775,11.0,0,0,0,0,0,0
N#CCN1C[C@H](C(=O)Nc2ccc(Cl)cc2)[C@@H](C(=O)Nc2ccc(-n3ccccc3=O)cc2F)C1,7.376750709602099,42.0,0,0,0,0,0,0
CS(=O)(=O)N1C[C@H](C(=O)Nc2ccc(Cl)cn2)[C@@H](C(=O)Nc2ccc(-n3ccccc3=O)cc2F)C1,7.698970004336019,20.0,1,1,0,1,1,1
CCS(=O)(=O)N1C[C@H](C(=O)Nc2ccc(Cl)cn2)[C@@H](C(=O)Nc2ccc(-n3ccccc3=O)cc2F)C1,7.619788758288394,24.0,1,1,0,0,0,0
O=C(Nc1ccc(Cl)cn1)[C@H]1CN(CC(F)F)C[C@@H]1C(=O)Nc1ccc(-n2ccccc2=O)cc1F,8.154901959985743,7.0,0,0,0,0,0,0
O=C(Nc1ccc(Cl)cn1)[C@H]1CNC[C@@H]1C(=O)Nc1ccc(-n2ccccc2=O)cc1F,7.259637310505756,55.0,0,0,0,0,0,0
CC(C)N1C[C@H](C(=O)Nc2ccc(Cl)cn2)[C@@H](C(=O)Nc2ccc(-n3ccccc3=O)cc2F)C1,7.823908740944319,15.0,0,0,0,0,0,0
COC(=O)N1C[C@H](C(=O)Nc2ccc(Cl)cn2)[C@@H](C(=O)Nc2ccc(-n3ccccc3=O)cc2F)C1,7.568636235841013,27.0,1,1,0,0,0,0
O=C(Nc1ccc(Cl)cn1)[C@H]1CN(CC(F)(F)F)C[C@@H]1C(=O)Nc1ccc(-n2ccccc2=O)cc1F,8.096910013008056,8.0,0,0,0,0,0,0
CS(=O)(=O)N1C[C@H](C(=O)Nc2ccc3[nH]ccc3c2)[C@@H](C(=O)Nc2ccc(-n3ccccc3=O)cc2F)C1,6.462180904926726,345.0,1,1,0,0,1,1
COc1ccc(NC(=O)[C@H]2CN(S(C)(=O)=O)C[C@@H]2C(=O)Nc2ccc(-n3ccccc3=O)cc2F)cc1,6.334419008982047,463.0,0,0,0,0,1,1
COc1ccc(NC(=O)[C@H]2CN(S(C)(=O)=O)C[C@@H]2C(=O)Nc2ccc(-n3ccccc3=O)cc2F)cc1Cl,6.091514981121351,810.0,0,0,0,0,1,1
COc1ccc(NC(=O)[C@H]2CN(S(C)(=O)=O)C[C@@H]2C(=O)Nc2ccc(-n3ccccc3=O)cc2F)cc1F,6.716698771296451,192.0,0,0,0,0,1,1
CS(=O)(=O)N1C[C@H](C(=O)Nc2ccc(OC(F)(F)F)cc2)[C@@H](C(=O)Nc2ccc(-n3ccccc3=O)cc2F)C1,4.761953896871205,17300.0,1,1,0,0,1,1
CS(=O)(=O)N1C[C@H](C(=O)Nc2ccc(Cl)cc2F)[C@@H](C(=O)Nc2ccc(-n3ccccc3=O)cc2F)C1,6.886056647693163,130.0,1,1,0,0,1,1
CS(=O)(=O)N1C[C@H](C(=O)NCc2ccc(Cl)cc2)[C@@H](C(=O)Nc2ccc(-n3ccccc3=O)cc2F)C1,4.78015361397564,16590.0,1,1,0,0,1,1
CS(=O)(=O)N1C[C@H](C(=O)Nc2ccc(Cl)c(F)c2)[C@@H](C(=O)Nc2ccc(-n3ccccc3=O)cc2F)C1,7.207608310501746,62.0,1,1,0,0,1,1
CS(=O)(=O)N1C[C@H](C(=O)Nc2ccc3[nH]ncc3c2)[C@@H](C(=O)Nc2ccc(-n3ccccc3=O)cc2F)C1,5.904133546521457,1247.0,1,1,0,0,1,1
CS(=O)(=O)N1C[C@H](C(=O)Nc2ccc(Cl)cc2N)[C@@H](C(=O)Nc2ccc(-n3ccccc3=O)cc2F)C1,6.375717904164332,421.0,1,1,0,0,1,1
O=C(Nc1ccc(Cl)s1)[C@H]1CN(CC(F)F)C[C@@H]1C(=O)Nc1ccc(-n2ccccc2=O)cc1F,7.443697499232712,36.0,0,0,0,0,0,0
CS(=O)(=O)N1C[C@H](C(=O)Nc2ccc(Cl)cc2)[C@@H](C(=O)Nc2ccc(C(=O)N3CC=CC3)cc2)C1,7.036212172654444,92.0,0,0,0,0,1,0
CS(=O)(=O)N1C[C@H](C(=O)Nc2ccc(Cl)cc2)[C@@H](C(=O)Nc2c(F)cc(-n3ccccc3=O)cc2F)C1,7.508638306165727,31.0,1,1,0,0,1,0
CS(=O)(=O)N1C[C@H](C(=O)Nc2ccc(Cl)cc2)[C@@H](C(=O)Nc2ccc(-n3ncccc3=O)cc2F)C1,5.749824051916075,1779.0,1,1,0,1,1,1
CS(=O)(=O)N1C[C@H](C(=O)Nc2ccc(Cl)cc2)[C@@H](C(=O)Nc2ccc(N3CCCCC3=O)cc2F)C1,6.906578314837765,124.0,1,1,0,1,1,1
CS(=O)(=O)N1C[C@H](C(=O)Nc2ccc(Cl)cc2)[C@@H](C(=O)Nc2ccc(-n3ccccc3=O)cc2)C1,7.853871964321762,14.0,1,1,0,0,1,1
CS(=O)(=O)c1ccccc1-c1ccc(NC(=O)[C@H]2CN(S(C)(=O)=O)C[C@@H]2C(=O)Nc2ccc(Cl)cc2)nc1,7.376750709602099,42.0,0,0,0,0,1,0
Cc1cccn(-c2ccc(NC(=O)[C@H]3CN(S(C)(=O)=O)C[C@@H]3C(=O)Nc3ccc(Cl)cc3)c(F)c2)c1=O,7.823908740944319,15.0,0,0,0,0,1,1
CS(=O)(=O)c1ccccc1-c1ccc(NC(=O)[C@H]2CN(S(C)(=O)=O)C[C@@H]2C(=O)Nc2ccc(Cl)cc2)c(F)c1,7.397940008672037,40.0,0,0,0,0,1,1
CS(=O)(=O)N1C[C@H](C(=O)Nc2ccc(Cl)cc2)[C@@H](C(=O)Nc2ccc(N3CCCCS3(=O)=O)cc2)C1,6.696803942579511,201.0,0,0,0,0,1,1
Cc1cc(-n2ccccc2=O)ccc1NC(=O)[C@H]1CN(S(C)(=O)=O)C[C@@H]1C(=O)Nc1ccc(Cl)cc1,7.657577319177793,22.0,1,1,0,1,1,0
CS(=O)(=O)N1C[C@H](C(=O)Nc2ccc(Cl)cc2)[C@@H](C(=O)Nc2ccc(N3CCOCC3=O)cc2F)C1,7.337242168318426,46.0,1,1,0,1,1,1
CS(=O)(=O)N1C[C@H](C(=O)Nc2ccc(Cl)cc2)[C@@H](C(=O)Nc2ccc(-n3ccccc3=O)cn2)C1,7.397940008672037,40.0,1,1,0,0,1,0
CS(=O)(=O)N1C[C@H](C(=O)Nc2ccc(Cl)cc2)[C@@H](C(=O)Nc2ccc(N3CCOCC3=O)cc2)C1,7.619788758288394,24.0,0,0,0,0,1,0
CN(C)Cc1nccn1-c1ccc(NC(=O)c2cc(C(F)(F)F)nn2-c2ccc3onc(N)c3c2)cc1,9.013228265733757,0.97,0,0,0,0,1,0
COc1ccc2ccc(S(=O)(=O)N[C@H]3CCN(Cc4ccc5ccnc(N)c5c4)C3=O)cc2c1,6.7447274948966935,180.0,0,0,0,0,1,1
Nc1cc2ccnc(N)c2cc1CN1CC[C@H](NS(=O)(=O)c2cc3ncccc3s2)C1=O,8.221848749616356,6.0,0,0,0,0,0,0
O=C1[C@@H](NS(=O)(=O)c2cc3ccc(Cl)cc3s2)CCN1Cc1cc2cc[nH]cc-2n1,7.366531544420414,43.0,0,0,0,0,0,0
COc1ccc(NC(=O)c2cc(NS(C)(=O)=O)ccc2NC(=O)c2ccc(N(C)C)cc2)cc1,7.939302159646388,11.5,0,0,0,0,0,0
CN(C)Cc1ccccc1-c1ccc(C(=O)Nc2ccc(Cl)cc2C(=O)Nc2ccc(Cl)cn2)cc1,10.0,0.1,0,0,0,0,1,1
CN1CCc2nc(C(=O)N[C@@H]3C[C@@H](C(=O)N(C)C)CC[C@@H]3NC(=O)C(=O)Nc3ccc(Cl)cn3)sc2C1,9.2518119729938,0.56,0,0,0,0,0,0
CC(C)(C)OC(=O)[C@@H](Cc1ccc(O)cc1)NC(=O)c1cccc(C(=N)N)c1,4.795880017344075,16000.0,0,0,0,0,0,0
Nc1nccc2ccc(C(=O)N[C@@H](C(=O)N3CCN(c4ccncc4)CC3)c3ccccc3)cc12,7.0,100.0,0,0,0,0,1,1
CS(=O)(=O)c1cc(F)ccc1N1CCN(C(=O)[C@H](NC(=O)c2ccc3ccnc(N)c3c2)c2ccccc2)CC1,8.522878745280337,3.0,0,0,0,0,1,1
CS(=O)(=O)c1cc(F)ccc1N1CCN(C(=O)[C@H](NC(=O)c2ccc(Cl)c(N)c2)c2ccccc2)CC1,8.698970004336019,2.0,0,0,0,0,0,0
CN1CCC(C2CCN(C(=O)[C@H](NC(=O)c3ccc(Cl)c(N)c3)c3ccccc3)CC2)CC1,8.397940008672037,4.0,0,0,0,0,0,0
CN1CCC(C2CCN(C(=O)[C@H](NC(=O)c3ccc4cc[nH]c4c3)c3ccccc3)CC2)CC1,8.397940008672037,4.0,0,0,0,0,0,0
CN1CCC(C2CCN(C(=O)[C@H](NC(=O)c3ccc4c(Cl)c[nH]c4c3)c3ccccc3)CC2)CC1,9.154901959985745,0.7,0,0,0,0,0,0
Cc1c[nH]c2cc(C(=O)N[C@@H](C(=O)N3CCC(C4CCN(C)CC4)CC3)c3ccccc3)ccc12,9.045757490560677,0.9,0,0,0,0,0,0
CN1CCC(N2CCN(C(=O)[C@H](NC(=O)c3ccc4cc[nH]c4c3)c3ccccc3)CC2)CC1,8.337242168318426,4.6,0,0,0,0,0,0
Cc1cc2cc(/N=C(/NC#N)N[C@H]3CCCCN(CC(=O)N4CCCC4)C3=O)ccc2o1,8.187086643357144,6.5,0,0,0,0,0,0
Cc1ncc2n1C(=O)N(C1CCN(C(=O)CCS(=O)(=O)c3ccc4cc(Cl)ccc4c3)CC1)C2,8.698970004336019,2.0,0,0,0,0,0,0
Cc1ncc2n1C(=O)N(C1CCN(C(=O)[C@H](O)CS(=O)(=O)c3ccc4cc(Cl)ccc4c3)CC1)C2,9.30102999566398,0.5,0,0,0,0,0,0
N=C(N)N1CCc2ccc(OCC3(C(=O)O)CCN(c4ccncc4)CC3)cc2C1,7.721246399047171,19.0,0,0,0,0,0,0
O=C([C@H](O)CS(=O)(=O)c1ccc2cc(Cl)ccc2c1)N1CCC(N2CCCNC2=O)CC1,8.744727494896694,1.8,0,0,0,0,0,0
Cn1c(CNc2ccc(C(=N)N)cc2)nc2cc([C@@](C)(NCC(=O)O)C(=O)N3CCCC3)ccc21,7.585026652029182,26.0,0,0,0,0,1,0
C/C(=N\NC(=N)N)c1cc(NC(=O)CCCNC(=N)N)cc(/C(C)=N/NC(=N)N)c1,4.795880017344075,16000.0,0,0,0,0,0,0
C/C(=N\NC(=N)N)c1cc(NS(=O)(=O)c2ccccc2)cc(/C(C)=N/NC(=N)N)c1,4.096910013008056,80000.0,0,0,0,0,0,0
O=C1[C@@H](NS(=O)(=O)c2ccc3cc[nH]c3c2)CCN1c1ccc(C2CCCN2)cc1F,7.0,100.0,1,1,0,0,1,1
O=C1[C@@H](NS(=O)(=O)c2ccc3c(Cl)c[nH]c3c2)CCN1c1ccc(C2CCCN2)cc1F,8.698970004336019,2.0,1,1,0,0,1,1
CN1CCCC1c1ccc(N2CC[C@H](NS(=O)(=O)c3ccc4cc(Cl)ccc4c3)C2=O)c(F)c1,8.221848749616356,6.0,1,1,0,1,1,1
CN1CCCC1c1ccc(N2CC[C@H](NS(=O)(=O)/C=C/c3ccc(Cl)s3)C2=O)c(F)c1,7.823908740944319,15.0,0,0,0,0,1,1
NC1CCc2cc(N3CC[C@H](NS(=O)(=O)c4ccc5cc(Cl)ccc5c4)C3=O)ccc21,8.301029995663981,5.0,1,1,0,0,1,1
CNC1CCc2cc(N3CC[C@H](NS(=O)(=O)c4ccc5c(Cl)c[nH]c5c4)C3=O)ccc21,9.522878745280336,0.3,1,1,0,0,1,1
CNC1CCc2cc(N3CC[C@H](NS(=O)(=O)c4ccc5cc(Cl)ccc5c4)C3=O)ccc21,8.301029995663981,5.0,1,1,0,0,1,1
CNC1CCc2cc(N3CC[C@H](NS(=O)(=O)/C=C/c4ccc(Cl)s4)C3=O)ccc21,8.397940008672037,4.0,0,0,0,0,1,1
CN(C)C1CCc2cc(N3CC[C@H](NS(=O)(=O)c4ccc5c(Cl)c[nH]c5c4)C3=O)ccc21,9.0,1.0,0,0,0,0,1,1
CN(C)C1CCc2cc(N3CC[C@H](NS(=O)(=O)/C=C/c4ccc(Cl)s4)C3=O)ccc21,8.397940008672037,4.0,0,0,0,0,0,0
CN1CCc2cc(N3CC[C@H](NS(=O)(=O)/C=C/c4ccc(Cl)s4)C3=O)ccc2C1,9.0,1.0,0,0,0,0,1,1
O=C1[C@@H](NS(=O)(=O)/C=C/c2ccc(Cl)s2)CCN1c1ccc2c(c1)CCNC2,9.221848749616356,0.6,1,1,1,1,1,1
O=C1[C@@H](NS(=O)(=O)c2ccc3cc(Cl)ccc3c2)CCN1c1ccc2c(c1)CCNC2,9.0,1.0,1,1,0,1,1,1
O=C1[C@@H](NS(=O)(=O)c2ccc3c(Cl)c[nH]c3c2)CCN1c1ccc2c(c1)CCNC2,9.0,1.0,1,1,1,1,1,1
O=C1[C@@H](NS(=O)(=O)/C=C/c2ccc(Cl)s2)CCN1c1ccc2c(c1)CNCC2,8.096910013008056,8.0,1,1,1,1,1,1
O=C1[C@@H](NS(=O)(=O)c2ccc3cc(Cl)ccc3c2)CCN1c1ccc2c(c1)CNCC2,8.0,10.0,1,1,0,1,1,1
O=C1[C@@H](NS(=O)(=O)c2ccc3c(Cl)c[nH]c3c2)CCN1c1ccc2c(c1)CNCC2,7.823908740944319,15.0,1,1,1,1,1,1
O=C1[C@@H](NS(=O)(=O)c2ccc3cc(Cl)ccc3c2)CCN1c1ccc2c(c1F)CCNC2,8.886056647693163,1.3,0,0,0,0,1,1
O=C1[C@@H](NS(=O)(=O)c2ccc3cc(Cl)ccc3c2)CCN1c1cc2c(cc1F)CNCC2,8.522878745280337,3.0,1,1,0,1,1,1
O=C1[C@@H](NS(=O)(=O)/C=C/c2ccc(Cl)s2)CCN1c1ccc2c(c1F)CCNC2,9.221848749616356,0.6,1,1,0,0,1,1
O=C1[C@@H](NS(=O)(=O)/C=C/c2ccc(Cl)s2)CCN1c1cc2c(cc1F)CNCC2,8.698970004336019,2.0,0,0,0,0,1,1
O=C1[C@@H](NS(=O)(=O)c2ccc3c(Cl)c[nH]c3c2)CCN1c1ccc2c(c1F)CCNC2,8.698970004336019,2.0,0,0,0,0,0,0
O=C1[C@@H](NS(=O)(=O)c2ccc3c(Cl)c[nH]c3c2)CCN1c1cc2c(cc1F)CNCC2,9.0,1.0,1,1,0,0,1,1
O=C1[C@@H](NS(=O)(=O)/C=C/c2ccc(Cl)s2)CCN1c1ccc2c(c1)CCCNC2,9.0,1.0,0,0,0,0,1,1
O=C1[C@@H](NS(=O)(=O)c2ccc3cc(Cl)ccc3c2)CCN1c1ccc2c(c1)CCCNC2,9.096910013008056,0.8,1,1,0,1,1,1
O=C1[C@@H](NS(=O)(=O)c2ccc3c(Cl)c[nH]c3c2)CCN1c1ccc2c(c1)CCCNC2,9.096910013008056,0.8,1,1,0,1,1,1
O=C1[C@@H](NS(=O)(=O)/C=C/c2ccc(Cl)s2)CCN1c1ccc2c(c1F)CCCNC2,8.886056647693163,1.3,0,0,0,0,1,1
O=C1[C@@H](NS(=O)(=O)c2ccc3cc(Cl)ccc3c2)CCN1c1ccc2c(c1F)CCCNC2,9.096910013008056,0.8,1,1,0,1,1,1
N=C(N)NCCCC[C@@H](NS(=O)(=O)Cc1ccccc1)C(=O)N1CCC[C@H]1C(=O)NCc1ccc(C(=N)N)cc1,8.568636235841012,2.7,0,0,0,0,1,1
N=C(N)NCCC[C@@H](NS(=O)(=O)Cc1ccccc1)C(=O)N1CCC[C@H]1C(=O)NCc1ccc(C(=N)N)cc1,8.619788758288394,2.4,0,0,0,0,1,1
CC(C)(C)OC(=O)CC[C@@H](NS(=O)(=O)Cc1ccccc1)C(=O)N1CCC[C@H]1C(=O)NCc1ccc(C(=N)N)cc1,7.508638306165727,31.0,0,0,0,0,1,1
N=C(N)c1ccc(CNC(=O)[C@@H]2CCCN2C(=O)[C@@H](CCCCN)NS(=O)(=O)Cc2ccccc2)cc1,7.2839966563652,52.0,1,1,0,0,1,1
N=C(N)c1ccc(CNC(=O)[C@@H]2CCCN2C(=O)[C@@H](CCC(=O)N2CCN(c3ncccn3)CC2)NS(=O)(=O)Cc2ccccc2)cc1,6.889410289700751,129.0,0,0,0,0,1,0
N=C(N)c1ccc(CNC(=O)[C@@H]2CCCN2C(=O)[C@@H](CCC(=O)N2CCN(C(=O)OCc3ccccc3)CC2)NS(=O)(=O)Cc2ccccc2)cc1,6.401209493236885,397.0,0,0,0,0,1,0
N=C(N)c1ccc(CNC(=O)[C@@H]2CCCN2C(=O)[C@@H](CCC(=O)N2CCNCC2)NS(=O)(=O)Cc2ccccc2)cc1,6.247951552180561,565.0,0,0,0,0,1,1
CCC(NCc1ccc(C(=N)N)cc1)C(=O)[C@@H](CCCNC(=N)N)NS(=O)(=O)Cc1ccccc1,8.67778070526608,2.1,1,1,0,0,1,0
CCC[C@H](NCc1ccc(C(=N)N)cc1)C(=O)[C@@H](CCCNC(=N)N)NS(=O)(=O)Cc1ccccc1,7.431798275933005,37.0,1,1,0,0,1,1
CC(C)[C@H](NCc1ccc(C(=N)N)cc1)C(=O)[C@@H](CCCNC(=N)N)NS(=O)(=O)Cc1ccccc1,7.67778070526608,21.0,1,1,0,0,1,1
C[C@H](NCc1ccc(C(=N)N)cc1)C(=O)[C@@H](CCCNC(=N)N)NS(=O)(=O)Cc1ccccc1,8.853871964321762,1.4,1,1,0,0,1,1
N=C(N)NCCC[C@@H](NS(=O)(=O)Cc1ccccc1)C(=O)[C@H](CO)NCc1ccc(C(=N)N)cc1,7.838631997765025,14.5,0,0,0,0,1,1
COc1ccc(C(=O)Nc2cccc(O[C@@H]3O[C@H](C(=O)O)[C@@H](O)[C@H](O)[C@H]3O)c2NC(=O)c2ccc(N3CCCN(C)CC3)cc2)cc1,7.698970004336019,20.0,0,0,0,0,0,0
COc1ccc(C(=O)Nc2cccc(O)c2NC(=O)c2ccc(N3CCCN(C)CC3)cc2)cc1,7.508638306165727,31.0,0,0,0,0,0,0
O=C(CN1CCC[C@H](NS(=O)(=O)c2ccc3cc(Cl)ccc3c2)C1=O)N1C[C@@H]2C[C@H](C1)c1cccc(=O)n1C2,8.326979092871104,4.71,0,0,0,0,0,0
CCOC(=O)CN(Cc1ccc(F)cc1)c1ccc2c(c1)N(C)CC(C)(COc1ccc(C(=N)N)cc1)O2,5.176525770829699,6660.0,0,0,0,0,0,0
CN1CC(C)(COc2ccc(C(=N)N)cc2)Oc2ccc(N(CC(=O)O)Cc3ccc(F)cc3)cc21,5.113509274827518,7700.0,0,0,0,0,0,0
CCOC(=O)CN(Cc1ccc(F)cc1)c1ccc2c(c1)OC(C)(COc1ccc(C(=N)N)cc1)CN2C,5.795880017344075,1600.0,0,0,0,0,1,0
CN1CC(C)(COc2ccc(C(=N)N)cc2)Oc2cc(N(CC(=O)O)Cc3ccc(F)cc3)ccc21,5.251811972993799,5600.0,0,0,0,0,1,1
CCOC(=O)C(=O)N(Cc1ccc(F)cc1)c1ccc2c(c1)N(C)CC(C)(COc1ccc(C(=N)N)cc1)O2,5.260427655549908,5490.0,0,0,0,0,0,0
CN1CC(C)(COc2ccc(C(=N)N)cc2)Oc2ccc(N(Cc3ccc(F)cc3)C(=O)C(=O)O)cc21,4.787812395596042,16300.0,0,0,0,0,0,0
CCOC(=O)C(=O)N(Cc1ccc(F)cc1)c1ccc2c(c1)OC(C)(COc1ccc(C(=N)N)cc1)CN2C,5.548213564475709,2830.0,0,0,0,0,1,0
CN1CC(C)(COc2ccc(C(=N)N)cc2)Oc2cc(N(Cc3ccc(F)cc3)C(=O)C(=O)O)ccc21,5.113509274827518,7700.0,0,0,0,0,0,0
CCOC(=O)CN(Cc1cccc(F)c1)c1ccc2c(c1)N(C)CC(C)(COc1ccc(C(=N)N)cc1)O2,5.167491087293763,6800.0,0,0,0,0,0,0
CN1CC(C)(COc2ccc(C(=N)N)cc2)Oc2ccc(N(CC(=O)O)Cc3cccc(F)c3)cc21,5.119186407719209,7600.0,0,0,0,0,0,0
CCOC(=O)CN(Cc1cccc(F)c1)c1ccc2c(c1)OC(C)(COc1ccc(C(=N)N)cc1)CN2C,5.920818753952375,1200.0,1,1,0,0,1,1
CN1CC(C)(COc2ccc(C(=N)N)cc2)Oc2cc(N(CC(=O)O)Cc3cccc(F)c3)ccc21,5.180456064458132,6600.0,0,0,0,0,1,1
CCOC(=O)C(=O)N(Cc1cccc(F)c1)c1ccc2c(c1)N(C)CC(C)(COc1ccc(C(=N)N)cc1)O2,5.309803919971486,4900.0,0,0,0,0,0,0
CN1CC(C)(COc2ccc(C(=N)N)cc2)Oc2ccc(N(Cc3cccc(F)c3)C(=O)C(=O)O)cc21,4.7447274948966935,18000.0,1,1,0,0,0,0
CCOC(=O)C(=O)N(Cc1cccc(F)c1)c1ccc2c(c1)OC(C)(COc1ccc(C(=N)N)cc1)CN2C,5.795880017344075,1600.0,1,1,0,0,1,0
CN1CC(C)(COc2ccc(C(=N)N)cc2)Oc2cc(N(Cc3cccc(F)c3)C(=O)C(=O)O)ccc21,5.3872161432802645,4100.0,0,0,0,0,1,0
CCOC(=O)CN(Cc1ccc(F)c(F)c1)c1ccc2c(c1)N(C)CC(C)(COc1ccc(C(=N)N)cc1)O2,5.096910013008056,8000.0,0,0,0,0,0,0
CN1CC(C)(COc2ccc(C(=N)N)cc2)Oc2ccc(N(CC(=O)O)Cc3ccc(F)c(F)c3)cc21,5.187086643357144,6500.0,0,0,0,0,0,0
CCOC(=O)CN(Cc1ccc(F)c(F)c1)c1ccc2c(c1)OC(C)(COc1ccc(C(=N)N)cc1)CN2C,5.823908740944319,1500.0,0,0,0,0,1,0
CN1CC(C)(COc2ccc(C(=N)N)cc2)Oc2cc(N(CC(=O)O)Cc3ccc(F)c(F)c3)ccc21,5.356547323513812,4400.0,0,0,0,0,1,0
CCOC(=O)C(=O)N(Cc1ccc(F)c(F)c1)c1ccc2c(c1)N(C)CC(C)(COc1ccc(C(=N)N)cc1)O2,5.327902142064283,4700.0,0,0,0,0,0,0
CN1CC(C)(COc2ccc(C(=N)N)cc2)Oc2ccc(N(Cc3ccc(F)c(F)c3)C(=O)C(=O)O)cc21,4.853871964321762,14000.0,0,0,0,0,0,0
CCOC(=O)C(=O)N(Cc1ccc(F)c(F)c1)c1ccc2c(c1)OC(C)(COc1ccc(C(=N)N)cc1)CN2C,5.795880017344075,1600.0,0,0,0,0,1,0
CN1CC(C)(COc2ccc(C(=N)N)cc2)Oc2cc(N(Cc3ccc(F)c(F)c3)C(=O)C(=O)O)ccc21,5.443697499232712,3600.0,0,0,0,0,1,0
CCOC(=O)CN(Cc1cc(F)cc(F)c1)c1ccc2c(c1)N(C)CC(C)(COc1ccc(C(=N)N)cc1)O2,5.008773924307505,9800.0,0,0,0,0,0,0
CN1CC(C)(COc2ccc(C(=N)N)cc2)Oc2ccc(N(CC(=O)O)Cc3cc(F)cc(F)c3)cc21,5.008773924307505,9800.0,0,0,0,0,0,0
CCOC(=O)CN(Cc1cc(F)cc(F)c1)c1ccc2c(c1)OC(C)(COc1ccc(C(=N)N)cc1)CN2C,4.823908740944319,15000.0,1,1,0,0,1,1
CN1CC(C)(COc2ccc(C(=N)N)cc2)Oc2cc(N(CC(=O)O)Cc3cc(F)cc(F)c3)ccc21,5.3979400086720375,4000.0,0,0,0,0,1,0
CCOC(=O)C(=O)N(Cc1cc(F)cc(F)c1)c1ccc2c(c1)N(C)CC(C)(COc1ccc(C(=N)N)cc1)O2,5.221848749616356,6000.0,0,0,0,0,0,0
CN1CC(C)(COc2ccc(C(=N)N)cc2)Oc2ccc(N(Cc3cc(F)cc(F)c3)C(=O)C(=O)O)cc21,4.853871964321762,14000.0,0,0,0,0,0,0
CCOC(=O)C(=O)N(Cc1cc(F)cc(F)c1)c1ccc2c(c1)OC(C)(COc1ccc(C(=N)N)cc1)CN2C,6.102372908709558,790.0,1,1,0,0,1,0
CN1CC(C)(COc2ccc(C(=N)N)cc2)Oc2cc(N(Cc3cc(F)cc(F)c3)C(=O)C(=O)O)ccc21,5.795880017344075,1600.0,1,1,0,0,1,0
N=C(N)NCc1cccc(C[C@H](NC(=O)[C@@H](CCCc2ccccc2)NS(=O)(=O)Cc2cccc(C(=O)O)c2)C(=O)NCc2ccc(C(=N)N)cc2)c1,7.376750709602099,42.0,0,0,0,0,1,1
N=C(N)c1ccc(CNC(=O)[C@@H]2CCC(=O)NCc3cccc(c3)CNC(=O)CC[C@@H](NS(=O)(=O)Cc3ccccc3)C(=O)N2)cc1,5.464705879957229,3430.0,0,0,0,0,0,0
N=C(N)c1ccc(CNC(=O)[C@@H]2Cc3ccc(cc3)CNC(=O)Cc3ccc(cc3)CC(=O)NCc3ccc(cc3)C[C@@H](NS(=O)(=O)Cc3ccccc3)C(=O)N2)cc1,5.028260409112222,9370.0,1,1,0,1,0,0
N=C(N)c1ccc(CNC(=O)[C@@H]2Cc3ccc(cc3)CNC(=O)CN3CCN(CC3)CC(=O)NCc3ccc(cc3)C[C@@H](NS(=O)(=O)Cc3ccccc3)C(=O)N2)cc1,5.459420283495546,3472.0,1,1,0,1,0,0
N=C(N)c1ccc(CNC(=O)[C@@H]2Cc3cccc(c3)CNC(=O)Cc3ccc(cc3)CC(=O)NCc3cccc(c3)C[C@@H](NS(=O)(=O)Cc3ccccc3)C(=O)N2)cc1,6.818156412055227,152.0,1,1,1,1,0,0
N=C(N)c1ccc(CNC(=O)[C@@H]2Cc3cccc(c3)CNC(=O)CN3CCN(CC3)CC(=O)NCc3cccc(c3)C[C@@H](NS(=O)(=O)Cc3ccccc3)C(=O)N2)cc1,7.62616885492617,23.65,1,1,0,1,0,0
N=C(N)c1ccc(CNC(=O)[C@@H]2Cc3cccc(c3)CNC(=O)Cc3cccc(c3)CC(=O)NCc3cccc(c3)C[C@@H](NS(=O)(=O)Cc3ccccc3)C(=O)N2)cc1,7.376233999866069,42.05,1,1,1,1,0,0
N=C(N)c1ccc(CNC(=O)[C@@H]2Cc3cn(nn3)Cc3cccc(c3)Cn3cc(nn3)C[C@@H](NS(=O)(=O)Cc3ccccc3)C(=O)N2)cc1,6.686132779630847,206.0,1,1,0,0,0,0
N=C(N)c1ccc(CNC(=O)[C@@H]2Cc3cn(nn3)Cc3cccc(n3)Cn3cc(nn3)C[C@@H](NS(=O)(=O)Cc3ccccc3)C(=O)N2)cc1,5.730487055782084,1860.0,1,1,0,1,0,0
N=C(N)c1ccc(CNC(=O)[C@@H]2Cc3cn(nn3)Cc3cccc([n+]3[O-])Cn3cc(nn3)C[C@@H](NS(=O)(=O)Cc3ccccc3)C(=O)N2)cc1,5.505428015769802,3123.0,1,1,0,0,0,0
CCNCC(=O)N=S(C)(=O)c1ccc(C(=O)Nc2ccc(Cl)cc2C(=O)Nc2ccc(Cl)cn2)cc1,8.823908740944319,1.5,0,0,0,0,1,1
CCN(CC)CC(=O)N=S(C)(=O)c1ccc(C(=O)Nc2ccc(Cl)cc2C(=O)Nc2ccc(Cl)cn2)cc1,8.958607314841775,1.1,0,0,0,0,1,1
COc1ccc(C(=O)NC2(C(=O)NCC3CCN(c4ccncc4)CC3)CC2)cc1,6.756961951313706,175.0,0,0,0,0,0,0
COc1ccc(C(=O)Nc2cccnc2NCC2CCN(c3ccncc3)CC2)cc1,7.4089353929735005,39.0,0,0,0,0,0,0
CCCNc1cnc2n(c1=O)[C@H](C(=O)NCc1ccc(C(=N)N)cc1)CC2(CCC)CCC,5.443697499232712,3600.0,0,0,0,0,0,0
CCCNc1cnc2n(c1=O)[C@H](C(=O)NCc1ccc(C(=N)N)cc1)CC2(CC)CC,4.920818753952375,12000.0,0,0,0,0,0,0
CC(C)(C)OC(=O)CNc1nc(Cl)c2n(c1=O)[C@H](C(=O)NCc1ccc(C(=N)N)cc1)CC2(C)C,6.537602002101044,290.0,0,0,0,0,0,0
CC(C)(C)Nc1nc(Cl)c2n(c1=O)[C@H](C(=O)NCc1ccc(C(=N)N)cc1)CC2(C)C,5.552841968657781,2800.0,0,0,0,0,0,0
C[C@@]1(C(=O)NCc2ccccc2)C[C@@H](C(=O)NCc2ccc(C(=N)N)cc2)n2c1c(Cl)nc(NC1CCC1)c2=O,5.431798275933005,3700.0,0,0,0,0,0,0
CNC(=O)[C@]1(C)C[C@@H](C(=O)NCc2ccc(C(=N)N)cc2)n2c1c(Cl)nc(NC1CCC1)c2=O,5.958607314841775,1100.0,0,0,0,0,0,0
CCCC1(CCC)C[C@@H](C(=O)NCc2ccc(C(=N)N)cc2)n2c1c(Cl)nc(NC1CCC1)c2=O,6.259637310505756,550.0,0,0,0,0,0,0
C=CC[C@]1(C)C[C@@H](C(=O)NCc2ccc(C(=N)N)cc2)n2c1c(Cl)nc(NC1CCC1)c2=O,6.187086643357144,650.0,0,0,0,0,0,0
CCC1(CC)C[C@@H](C(=O)NCc2ccc(C(=N)N)cc2)n2c1c(Cl)nc(NC1CCC1)c2=O,5.481486060122113,3300.0,0,0,0,0,0,0
O=C(NC[C@H]1CN(c2ccc(N3CCC(C(=O)O)CC3)cc2)C(=O)O1)c1ccc(Cl)c(-c2noc(=O)[nH]2)c1,4.047207556955908,89700.0,0,0,0,0,1,1
O=C(O)C1CCN(c2ccc(N3C[C@@H](CNCc4ccc(-c5noc(=O)[nH]5)cc4)OC3=O)cc2)CC1,4.023191662661934,94800.0,0,0,0,0,0,0
COc1cc([C@@H]2Nc3ccc(C(=N)N)cc3[C@H]3c4ccccc4C[C@@H]23)c(-c2ccc(C(=O)O)cc2)cc1O,5.886056647693163,1300.0,1,1,0,0,1,1
COc1cc([C@@H]2Nc3ccc(C(=N)N)cc3[C@H]3c4ccccc4C[C@@H]23)c(-c2cccc(C(=O)O)c2)cc1O,5.823908740944319,1500.0,1,1,0,0,1,1
COc1cc([C@@H]2Nc3ccc(C(=N)N)cc3[C@H]3c4ccccc4C[C@@H]23)c(-c2ccccc2C(=O)O)cc1O,7.795880017344075,16.0,1,1,0,0,1,1
CC1CNc2c(cccc2S(=O)(=O)N[C@@H](CCCNC(=N)N)C(=O)N2CC[C@@H](C)C[C@@H]2C(=O)O)C1,4.275724130399211,53000.0,0,0,0,0,0,0
N=C(N)c1ccc(CNC(=O)[C@@H]2CCN2C(=O)[C@H](NCC(=O)O)C2CCCCC2)cc1,5.434152181326482,3680.0,0,0,0,0,0,0
CCOc1cc(C(Nc2ccc3cnccc3c2)C(=O)NS(=O)(=O)c2cccc(S(=O)(=O)N(C)C)c2)ccc1OC(C)C,5.142667503568732,7200.0,0,0,0,0,0,0
CCOc1cc(C(Nc2ccc3cnccc3c2)C(=O)NS(=O)(=O)c2cccc(S(=O)(=O)NC)c2)ccc1OC(C)C,5.154901959985743,7000.0,0,0,0,0,0,0
CCOc1cc(C(Nc2ccc3c(N)nccc3c2)C(=O)NS(=O)(=O)c2ccc(N)cc2)ccc1OC(C)C,5.236572006437063,5800.0,0,0,0,0,0,0
CCOc1cc(C(Nc2ccc3c(N)nccc3c2)C(=O)NS(=O)(=O)c2cccc(O)c2)ccc1OC(C)C,5.259637310505756,5500.0,0,0,0,0,0,0
CCOc1cc(C(Nc2ccc3cnccc3c2)C(=O)NS(=O)(=O)c2ccccc2)ccc1OC(C)C,5.267606240177032,5400.0,0,0,0,0,0,0
CCOc1cc(C(Nc2ccc3c(N)nccc3c2)C(=O)NS(=O)(=O)c2ccc(C)cc2)ccc1OC(C)C,5.515700160653214,3050.0,0,0,0,0,0,0
O=C(Nc1ccc(OCc2cccc(F)c2)cc1)C1CCN(c2ccncc2)CC1,4.600326278518962,25100.0,1,1,0,0,0,0
Fc1cccc(COc2cccc(NCC3CCN(c4ccncc4)CC3)c2)c1,5.416801226031377,3830.0,0,0,0,0,0,0
O=C(Nc1cccc(CCc2cccc(F)c2)c1)C1CCN(c2ccncc2)CC1,4.355561410532162,44100.0,1,1,0,0,1,1
O=C(Nc1cccc(CCc2ccc(F)cc2)c1)C1CCN(c2ccncc2)CC1,4.423658649794207,37700.0,1,1,0,1,1,1
O=C(Nc1cccc(COc2ccc(F)cc2)c1)C1CCN(c2ccncc2)CC1,6.111259039317107,774.0,1,1,0,1,1,1
O=C(Nc1cccc(OCCc2cccc(F)c2)c1)C1CCN(c2ccncc2)CC1,5.669586226650809,2140.0,1,1,0,0,1,1
O=C(Nc1cccc(OCCc2ccc(F)cc2)c1)C1CCN(c2ccncc2)CC1,6.876148359032914,133.0,1,1,0,0,1,1
CN(C(=O)C1CCN(c2ccncc2)CC1)c1cccc(OCc2cccc(F)c2)c1,4.627087997029894,23600.0,0,0,0,0,0,0
O=C(Nc1cccc(OCc2ccc3c(c2)OCO3)c1)C1CCN(c2ccncc2)CC1,5.429457060118103,3720.0,0,0,0,0,1,1
COc1ccc(COc2cccc(NC(=O)C3CCN(c4ccncc4)CC3)c2)cc1OC,6.217527375833714,606.0,1,1,0,0,1,1
COc1ccccc1COc1cccc(NC(=O)C2CCN(c3ccncc3)CC2)c1,4.785156151952302,16400.0,0,0,0,0,1,1
COc1cccc(COc2cccc(NC(=O)C3CCN(c4ccncc4)CC3)c2)c1,5.140861702705469,7230.0,1,1,0,0,1,1
COc1ccc(COc2cccc(NC(=O)C3CCN(c4ccncc4)CC3)c2)cc1,4.954677021213342,11100.0,1,1,0,0,1,1
CN(C)Cc1ccc(COc2cccc(NC(=O)C3CCN(c4ccncc4)CC3)c2)cc1,4.913640169325252,12200.0,0,0,0,0,1,1
Nc1cccc(COc2cccc(NC(=O)C3CCN(c4ccncc4)CC3)c2)c1,4.442492798094342,36100.0,0,0,0,0,1,1
Nc1ccc(COc2cccc(NC(=O)C3CCN(c4ccncc4)CC3)c2)cc1,4.6020599913279625,25000.0,1,1,0,1,1,1
O=C(Nc1cccc(OCc2ccc(C(F)(F)F)cc2)c1)C1CCN(c2ccncc2)CC1,4.314258261397736,48500.0,1,1,0,1,1,1
CS(=O)(=O)c1ccccc1COc1cccc(NC(=O)C2CCN(c3ccncc3)CC2)c1,4.454692883534176,35100.0,0,0,0,0,1,1
CS(=O)(=O)c1cccc(COc2cccc(NC(=O)C3CCN(c4ccncc4)CC3)c2)c1,4.806875401645539,15600.0,0,0,0,0,1,1
CS(=O)(=O)c1ccc(COc2cccc(NC(=O)C3CCN(c4ccncc4)CC3)c2)cc1,5.111820506081675,7730.0,1,1,0,1,1,1
O=C(Nc1cccc(OCc2cccc([N+](=O)[O-])c2)c1)C1CCN(c2ccncc2)CC1,5.171984935776023,6730.0,0,0,0,0,1,1
O=C(Nc1cccc(OCc2ccc([N+](=O)[O-])cc2)c1)C1CCN(c2ccncc2)CC1,5.221848749616356,6000.0,0,0,0,0,1,1
O=C(Nc1cccc(OCc2cccc(Br)c2)c1)C1CCN(c2ccncc2)CC1,5.199970640755866,6310.0,0,0,0,0,1,1
O=C(Nc1cccc(OCc2ccc(Br)cc2)c1)C1CCN(c2ccncc2)CC1,4.430626090384954,37100.0,1,1,0,1,1,1
O=C(Nc1cccc(OCc2ccc(Cl)cc2)c1)C1CCN(c2ccncc2)CC1,4.528708288941061,29600.0,1,1,0,1,1,1
O=C(Nc1cccc(OCc2cc(F)cc(F)c2)c1)C1CCN(c2ccncc2)CC1,4.568636235841013,27000.0,1,1,0,0,1,1
O=C(Nc1cccc(OCc2ccc(F)cc2F)c1)C1CCN(c2ccncc2)CC1,5.055517327849832,8800.0,1,1,0,0,1,1
O=C(Nc1cccc(OCc2ccccc2F)c1)C1CCN(c2ccncc2)CC1,5.165579296318468,6830.0,0,0,0,0,1,1
O=C(Nc1cccc(OCc2cccc(F)c2)c1)C1CCN(c2ccncc2)CC1,5.248720896016658,5640.0,1,1,0,0,1,1
O=C(Nc1cccc(OCc2ccc(F)cc2)c1)C1CCN(c2ccncc2)CC1,5.958607314841775,1100.0,1,1,0,1,1,1
O=C(Nc1cccc(OCc2ccccc2)c1)C1CCN(c2ccncc2)CC1,5.127261172527331,7460.0,1,1,0,0,1,1
Nc1ccc(N2CCC(C(=O)Nc3cccc(OCc4ccc(F)cc4)c3)CC2)cc1,4.197226274708024,63500.0,1,1,0,1,1,1
O=C(Nc1cccc(OCc2ccc(F)cc2)c1)C1CCN(c2ccccn2)CC1,4.107905397309519,78000.0,1,1,0,1,1,1
O=C(Nc1cccc(OCc2ccc(F)cc2)c1)C1CCN(c2ncccn2)CC1,4.03810452633215,91600.0,1,1,0,1,1,1
O=C(Nc1cccc(OCc2ccc(F)cc2)c1)C1CCN(Cc2ccncc2)CC1,4.326979092871104,47100.0,1,1,0,0,1,1
CC(=N)N1CCC(C(=O)Nc2cccc(OCc3ccc(F)cc3)c2)CC1,4.24184537803261,57300.0,0,0,0,0,1,1
N=C(N)c1ccc(Oc2cc(C(=O)N[C@H]3CC[C@H](N)CC3)cc(Oc3ccc(C(=N)N)cc3)n2)cc1,6.3979400086720375,400.0,0,0,0,0,0,0
N=C(N)c1ccc(Oc2cc(C(=O)NC3CCN(CCCN)CC3)cc(Oc3ccc(C(=N)N)cc3)n2)cc1,7.0,100.0,1,1,0,0,0,0
N=C(N)c1ccc(Oc2cc(C(=O)N3CCC(CCN)CC3)cc(Oc3ccc(C(=N)N)cc3)n2)cc1,6.698970004336019,200.0,0,0,0,0,0,0
N=C(N)c1ccc(Oc2ccc(C(=O)N3CCC(CCN)CC3)c(Oc3ccc(C(=N)N)cc3)n2)cc1,5.823908740944319,1500.0,1,1,0,0,0,0
N=C(N)c1ccc(Oc2ccc(C(=O)NCCCN)c(Oc3ccc(C(=N)N)cc3)n2)cc1,6.522878745280337,300.0,0,0,0,0,0,0
N=C(N)c1ccc(Oc2ccc(C(=O)NC3CCN(C(=O)CCN)CC3)c(Oc3ccc(C(=N)N)cc3)n2)cc1,5.638272163982407,2300.0,1,1,0,0,0,0
N=C(N)c1ccc(Oc2ccc(C(=O)N[C@H]3CC[C@H](N)CC3)c(Oc3ccc(C(=N)N)cc3)n2)cc1,6.221848749616356,600.0,0,0,0,0,0,0
N=C(N)c1ccc(Oc2ccc(NS(=O)(=O)c3ccc4ccccc4c3)c(Oc3ccc(C(=N)N)cc3)n2)cc1,6.522878745280337,300.0,0,0,0,0,0,0
N=C(N)c1ccc(Oc2ccc(NS(=O)(=O)c3ccc(F)cc3)c(Oc3ccc(C(=N)N)cc3)n2)cc1,6.522878745280337,300.0,0,0,0,0,0,0
N=C(N)c1ccc(Oc2ccc(N)c(Oc3ccc(C(=N)N)cc3)n2)cc1,5.920818753952375,1200.0,1,1,0,0,0,0
CCOc1ccc(F)c([C@@H](Nc2ccc3c(N)nccc3c2)C(=O)N2CCC[C@@H]2c2cc(NC(=O)OC)ccc2S(=O)(=O)C(C)C)c1,5.2839966563652006,5200.0,0,0,0,0,0,0
CCOc1cc([C@@H](Nc2ccc3c(N)nccc3c2)C(=O)N2CCC[C@@H]2c2cc(NC(=O)OC)ccc2S(=O)(=O)C(C)C)c(F)cc1F,5.346787486224656,4500.0,0,0,0,0,0,0
COC(=O)Nc1ccc(S(=O)(=O)C(C)C)c([C@H]2CCCN2C(=O)[C@H](Nc2ccc3c(N)nccc3c2)c2cc(OC)ccc2F)c1,5.2839966563652006,5200.0,0,0,0,0,0,0
COC(=O)Nc1ccc(S(=O)(=O)C(C)C)c([C@H]2CCCN2C(=O)[C@H](Nc2ccc3c(N)nccc3c2)c2cc(C)ccc2F)c1,5.267606240177032,5400.0,0,0,0,0,0,0
COC(=O)Nc1ccc(S(=O)(=O)C(C)C)c([C@H]2CCCN2C(=O)[C@H](Nc2ccc3c(N)nccc3c2)c2ccc(F)c(OC)c2)c1,5.1938200260161125,6400.0,0,0,0,0,0,0
COC(=O)Nc1ccc(S(=O)(=O)C(C)C)c([C@H]2CCCN2C(=O)[C@H](Nc2ccc3c(N)nccc3c2)c2ccc(Cl)c(OC)c2)c1,5.431798275933005,3700.0,0,0,0,0,0,0
COC(=O)Nc1ccc(S(=O)(=O)C(C)C)c([C@H]2CCCN2C(=O)[C@H](Nc2ccc3c(N)nccc3c2)c2ccc(OC)c(OC)c2)c1,5.045757490560675,9000.0,0,0,0,0,0,0
COC(=O)Nc1ccc(S(=O)(=O)C(C)C)c([C@H]2CCCN2C(=O)[C@H](Nc2ccc3c(N)nccc3c2)c2cccc(OC(F)F)c2)c1,5.537602002101044,2900.0,0,0,0,0,0,0
COC(=O)Nc1ccc(S(=O)(=O)C(C)C)c([C@H]2CCCN2C(=O)[C@H](Nc2ccc3c(N)nccc3c2)c2ccccc2)c1,5.221848749616356,6000.0,0,0,0,0,0,0
CCOc1cc(C(Nc2ccc3c(N)nccc3c2)C(=O)NCc2cc(NC(C)=O)ccc2S(=O)(=O)CC)ccc1OC(C)C,5.142667503568732,7200.0,0,0,0,0,0,0
CCOc1cc(C(Nc2ccc3c(N)nccc3c2)C(=O)NCc2ccccc2S(=O)(=O)CC)ccc1OC(C)C,5.086186147616283,8200.0,0,0,0,0,0,0
CCOc1cc(C(Nc2ccc3c(N)nccc3c2)C(=O)NCc2ccccc2S(=O)(=O)C(C)C)ccc1OC(C)C,5.552841968657781,2800.0,0,0,0,0,0,0
CCOc1cc(C(Nc2ccc3c(N)nccc3c2)C(=O)NCc2ccccc2S(=O)(=O)C2CC2)ccc1OC(C)C,5.455931955649724,3500.0,0,0,0,0,0,0
CCOc1cc(C(Nc2ccc3c(N)nccc3c2)C(=O)NCc2cccc(N(C)C(C)=O)c2)ccc1OC(C)C,5.119186407719209,7600.0,0,0,0,0,0,0
CCOc1cc(C(Nc2ccc3c(N)nccc3c2)C(=O)NCc2cccc(N)c2)ccc1OC(C)C,5.7447274948966935,1800.0,0,0,0,0,0,0
CCOc1cc(C(Nc2ccc3c(N)nccc3c2)C(=O)NCc2cccc(O)c2)ccc1OC(C)C,5.4089353929735005,3900.0,0,0,0,0,0,0
CCOc1cc(C(Nc2ccc3c(N)nccc3c2)C(=O)NCc2cccc(NC(=O)OC)c2)ccc1OC(C)C,5.207608310501746,6200.0,0,0,0,0,0,0
CCOc1cc(C(Nc2ccc3c(N)nccc3c2)C(=O)NCc2cccc(S(N)(=O)=O)c2)ccc1OC(C)C,5.091514981121351,8100.0,0,0,0,0,0,0
CCOc1cc(C(Nc2ccc3c(N)nccc3c2)C(=O)NCc2cccc(NS(N)(=O)=O)c2)ccc1OC(C)C,5.3872161432802645,4100.0,0,0,0,0,0,0
CCOc1cc(C(Nc2ccc3c(N)nccc3c2)C(=O)NCc2cccc(NC(C)=O)c2)ccc1OC(C)C,5.142667503568732,7200.0,0,0,0,0,0,0
CCOc1cc(C(Nc2ccc3c(N)nccc3c2)C(=O)NCc2ccccc2)ccc1OC(C)C,5.229147988357856,5900.0,0,0,0,0,0,0
N=C(N)c1ccc(CNC(=O)C(Cc2ccc(CN)cc2)NC(=O)[C@@H](CC2CCCCC2)NCC(=O)O)cc1,4.853871964321762,14000.0,0,0,0,0,0,0
N=C(N)c1ccc(CNC(=O)[C@H](Cc2ccc(O)cc2)NC(=O)[C@@H](CC2CCCCC2)NCC(=O)O)cc1,5.096910013008056,8000.0,0,0,0,0,0,0
N=C(N)c1ccc(CNC(=O)C2(NC(=O)[C@H](NCC(=O)O)C3CCCCC3)Cc3ccccc3C2)cc1,4.795880017344075,16000.0,0,0,0,0,0,0
C[C@]1(c2ccccc2)C[C@@H](c2cccc(-c3ccc(C(=O)O)cc3C(=O)O)c2)Nc2ccc(C(=N)N)cc21,5.031517051446065,9300.0,0,0,0,0,1,1
C[C@]1(c2ccccc2)C[C@@H](c2cc(NC(=O)C3CC3)cc(-c3ccc(C(N)=O)cc3C(=O)O)c2)Nc2ccc(C(=N)N)cc21,6.055517327849832,880.0,0,0,0,0,0,0
CCCC(=O)Nc1cc(-c2ccc(C(N)=O)cc2C(=O)O)cc([C@@H]2C[C@](C)(c3ccccc3)c3cc(C(=N)N)ccc3N2)c1,6.193141970481182,641.0,0,0,0,0,0,0
CCC(=O)Nc1cc(-c2ccc(C(N)=O)cc2C(=O)O)cc([C@@H]2C[C@](C)(c3ccccc3)c3cc(C(=N)N)ccc3N2)c1,5.8297382846050425,1480.0,0,0,0,0,0,0
CC(=O)Nc1cc(-c2ccc(C(N)=O)cc2C(=O)O)cc([C@@H]2C[C@](C)(c3ccccc3)c3cc(C(=N)N)ccc3N2)c1,5.742321425130816,1810.0,0,0,0,0,0,0
C[C@]1(c2ccccc2)C[C@@H](c2cc(N)cc(-c3ccc(C(N)=O)cc3C(=O)O)c2)Nc2ccc(C(=N)N)cc21,5.647817481888637,2250.0,0,0,0,0,0,0
N=C(N)c1ccc2c(c1)[C@@H](c1ccccc1)C[C@@H](c1cc(N)cc(-c3ccccc3C(=O)O)c1)N2,7.244125144327507,57.0,0,0,0,0,1,0
CC(C)(C)NC(=O)c1ccc(-c2cccc([C@@H]3C[C@](C)(c4ccccc4)c4cc(C(=N)N)ccc4N3)c2)c(C(=O)O)c1,5.1938200260161125,6400.0,1,1,0,0,1,1
CC(C)NC(=O)c1ccc(-c2cccc([C@@H]3C[C@](C)(c4ccccc4)c4cc(C(=N)N)ccc4N3)c2)c(C(=O)O)c1,5.882728704344236,1310.0,1,1,0,0,0,0
CNC(=O)c1ccc(-c2cccc([C@@H]3C[C@](C)(c4ccccc4)c4cc(C(=N)N)ccc4N3)c2)c(C(=O)O)c1,5.3872161432802645,4100.0,0,0,0,0,0,0
CC(=O)Nc1ccc(-c2cccc([C@@H]3C[C@](C)(c4ccccc4)c4cc(C(=N)N)ccc4N3)c2)c(C(=O)O)c1,5.235823867609669,5810.0,0,0,0,0,0,0
C[C@]1(c2ccccc2)C[C@@H](c2cccc(-c3ccccc3C(=O)O)c2)Nc2ccc(C(=N)N)cc21,5.173925197299174,6700.0,0,0,0,0,1,1
COC(=O)c1ccc(-c2cccc([C@@H]3C[C@](C)(c4ccccc4)c4cc(C(=N)N)ccc4N3)c2)c(C(=O)O)c1,6.217527375833714,606.0,1,1,0,0,1,1
C[C@]1(c2ccccc2)C[C@@H](c2cccc(-c3ccc(N)cc3C(=O)O)c2)Nc2ccc(C(=N)N)cc21,5.400116927926312,3980.0,0,0,0,0,0,0
C[C@]1(c2ccccc2)C[C@@H](c2cccc(-c3ccc(C#N)cc3C(=O)O)c2)Nc2ccc(C(=N)N)cc21,5.686132779630847,2060.0,0,0,0,0,0,0
CNC(=O)Nc1ccc(-c2cccc([C@@H]3C[C@](C)(c4ccccc4)c4cc(C(=N)N)ccc4N3)c2)c(C(=O)O)c1,5.943095148663527,1140.0,0,0,0,0,0,0
N=C(N)c1ccc2c(c1)[C@@H](c1ccccc1)C[C@@H](c1cccc(-c3ccc(C(=O)O)cc3C(=O)O)c1)N2,6.886056647693163,130.0,0,0,0,0,1,0
CC(C)CNC(=O)c1ccc(-c2cccc([C@@H]3C[C@H](c4ccccc4)c4cc(C(=N)N)ccc4N3)c2)c(C(=O)O)c1,7.619788758288394,24.0,1,1,0,0,0,0
N=C(N)c1ccc2c(c1)[C@@H](c1ccccc1)C[C@@H](c1ccccc1-c1ccc(C(=O)O)cc1C(=O)O)N2,6.013228265733755,970.0,0,0,0,0,1,0
N=C(N)c1ccc2c(c1)[C@@H](c1ccccc1)C[C@@H](c1ccccc1-c1ccccc1C(=O)O)N2,5.7121982700697735,1940.0,0,0,0,0,1,0
CC(C)CNC(=O)c1ccc(-c2ccccc2[C@@H]2C[C@H](c3ccccc3)c3cc(C(=N)N)ccc3N2)c(C(=O)O)c1,5.958607314841775,1100.0,0,0,0,0,0,0
Cc1cccc(S(=O)(=O)Nc2ccc(C)n(CC(=O)NCCONC(=N)N)c2=O)c1,6.638272163982407,230.0,0,0,0,0,0,0
Cn1c(CNc2ccc(C(=N)N)cc2)nc2cc(C3(C(=O)N4CCCC4)CC3)ccc21,7.823908740944319,15.0,0,0,0,0,1,0
CCOC(=O)C1CCCCN1c1ccc(N2C[C@H](CNC(=O)c3ccc(Cl)s3)OC2=O)cc1,7.206209615309182,62.2,0,0,0,0,1,1
O=C(NC[C@H]1CN(c2ccc(N3CCCC(C(=O)O)C3)cc2)C(=O)O1)c1ccc(Cl)s1,5.913640169325252,1220.0,1,1,0,0,1,1
CCOC(=O)C1CCCN(c2ccc(N3C[C@H](CNC(=O)c4ccc(Cl)s4)OC3=O)cc2)C1,7.204815410317576,62.4,1,1,0,0,1,1
O=C(NC[C@H]1CN(c2ccc(N3CCC(C(=O)O)CC3)cc2)C(=O)O1)c1ccc(Cl)s1,7.052076380168273,88.7,1,1,0,0,1,1
CCOC(=O)C1CCN(c2ccc(N3C[C@H](CNC(=O)c4ccc(Cl)s4)OC3=O)cc2)CC1,6.114073660198569,769.0,1,1,0,0,1,1
O=C(NC[C@H]1CN(c2ccc(N3CCC(C(=O)O)CC3=O)cc2)C(=O)O1)c1ccc(Cl)s1,6.4723700991286615,337.0,0,0,0,0,1,1
CCOC(=O)C1CCN(c2ccc(N3C[C@H](CNC(=O)c4ccc(Cl)s4)OC3=O)cc2)C(=O)C1,7.6595558851598815,21.9,1,1,0,0,1,1
CNC(=O)CCCC1CCN(C(=O)[C@H](Cc2cccc(C(=N)N)c2)NS(=O)(=O)c2cccc(-c3ccccc3F)c2)CC1,5.958607314841775,1100.0,1,1,0,0,1,1
N=C(N)c1cccc(C[C@H](NS(=O)(=O)c2cccc(-c3ccccc3F)c2)C(=O)N2CCC(CCN)CC2)c1,6.091514981121351,810.0,1,1,0,0,1,1
CNC(=O)CCCC1CCN(C(=O)[C@H](Cc2cccc(C(=N)N)c2)NS(=O)(=O)c2cccc(-c3cccc(F)c3)c2)CC1,5.515700160653214,3050.0,1,1,0,0,1,1
N=C(N)c1cccc(C[C@H](NS(=O)(=O)c2cccc(-c3cccc(F)c3)c2)C(=O)N2CCC(CCN)CC2)c1,5.494850021680094,3200.0,1,1,0,0,1,1
CNC(=O)CCCC1CCN(C(=O)[C@H](Cc2cccc(C(=N)N)c2)NS(=O)(=O)c2cccc(-c3ccc(F)cc3)c2)CC1,6.259637310505756,550.0,1,1,0,0,1,1
N=C(N)c1cccc(C[C@H](NS(=O)(=O)c2cccc(-c3ccc(F)cc3)c2)C(=O)N2CCC(CCN)CC2)c1,5.950781977329818,1120.0,1,1,0,1,1,1
CNC(=O)CCCC1CCN(C(=O)[C@H](Cc2cccc(C(=N)N)c2)NS(=O)(=O)c2cccc(-c3ccc(Cl)cc3Cl)c2)CC1,7.494850021680094,32.0,1,1,0,0,1,1
N=C(N)c1cccc(C[C@H](NS(=O)(=O)c2cccc(-c3ccc(Cl)cc3Cl)c2)C(=O)N2CCC(CCN)CC2)c1,7.301029995663981,50.0,1,1,0,0,1,1
CNC(=O)CCCC1CCN(C(=O)[C@H](Cc2cccc(C(=N)N)c2)NS(=O)(=O)c2cccc(-c3cccc(Cl)c3Cl)c2)CC1,6.585026652029182,260.0,1,1,0,0,1,1
N=C(N)c1cccc(C[C@H](NS(=O)(=O)c2cccc(-c3cccc(Cl)c3Cl)c2)C(=O)N2CCC(CCN)CC2)c1,6.236572006437063,580.0,1,1,0,0,1,1
CNC(=O)CCCC1CCN(C(=O)[C@H](Cc2cccc(C(=N)N)c2)NS(=O)(=O)c2cccc(-c3ccc(Cl)c(Cl)c3)c2)CC1,6.638272163982407,230.0,1,1,0,0,1,1
N=C(N)c1cccc(C[C@H](NS(=O)(=O)c2cccc(-c3ccc(Cl)c(Cl)c3)c2)C(=O)N2CCC(CCN)CC2)c1,6.431798275933005,370.0,0,0,0,0,1,1
CCOc1ccc(-c2cccc(S(=O)(=O)N[C@@H](Cc3cccc(C(=N)N)c3)C(=O)N3CCC(CCCC(=O)NC)CC3)c2)c(Cl)c1,6.7447274948966935,180.0,0,0,0,0,1,1
CCOc1ccc(-c2cccc(S(=O)(=O)N[C@@H](Cc3cccc(C(=N)N)c3)C(=O)N3CCC(CCN)CC3)c2)c(Cl)c1,6.769551078621726,170.0,0,0,0,0,1,1
CNC(=O)CCCC1CCN(C(=O)[C@H](Cc2cccc(C(=N)N)c2)NS(=O)(=O)c2cccc(-c3ccc(OC)cc3OC)c2)CC1,7.221848749616356,60.0,1,1,0,0,1,1
COc1ccc(-c2cccc(S(=O)(=O)N[C@@H](Cc3cccc(C(=N)N)c3)C(=O)N3CCC(CCN)CC3)c2)c(OC)c1,6.958607314841775,110.0,1,1,0,0,1,1
N=C(N)c1cccc(C[C@H](NS(=O)(=O)c2cccc(NC(=O)CCN)c2)C(=O)N2CCC(CCNC(N)=O)CC2)c1,4.856985199745905,13900.0,0,0,0,0,1,1
N=C(N)c1cccc(C[C@H](NS(=O)(=O)c2cccc(NC(=O)CCN)c2)C(=O)N2CCC(NC(N)=O)CC2)c1,4.772113295386326,16900.0,1,1,0,1,1,1
CNC(=O)NCCC1CCN(C(=O)[C@H](Cc2cccc(C(=N)N)c2)NS(=O)(=O)c2cccc(NC(=O)CCN)c2)CC1,5.150580586203101,7070.0,0,0,0,0,1,1
CNC(=O)NC1CCN(C(=O)[C@H](Cc2cccc(C(=N)N)c2)NS(=O)(=O)c2cccc(NC(=O)CCN)c2)CC1,4.85078088734462,14100.0,1,1,0,1,1,1
CCNC(=O)NCCC1CCN(C(=O)[C@H](Cc2cccc(C(=N)N)c2)NS(=O)(=O)c2cccc(NC(=O)CCN)c2)CC1,5.319664486585437,4790.0,0,0,0,0,1,0
CCNC(=O)NC1CCN(C(=O)[C@H](Cc2cccc(C(=N)N)c2)NS(=O)(=O)c2cccc(NC(=O)CCN)c2)CC1,5.051098239029786,8890.0,0,0,0,0,1,0
N=C(N)c1cccc(C[C@H](NS(=O)(=O)c2cccc(NC(=O)CCN)c2)C(=O)N2CCC(CCNC(=O)Nc3ccccc3)CC2)c1,5.583359492661719,2610.0,0,0,0,0,1,0
N=C(N)c1cccc(C[C@H](NS(=O)(=O)c2cccc(NC(=O)CCN)c2)C(=O)N2CCC(NC(=O)Nc3ccccc3)CC2)c1,5.467245621007502,3410.0,1,1,0,1,1,0
N=C(N)c1cccc(C[C@H](NS(=O)(=O)c2cccc(NC(=O)CCN)c2)C(=O)N2CCC(CCNC(=O)NC3CCCCC3)CC2)c1,5.1904402853647325,6450.0,0,0,0,0,1,0
N=C(N)c1cccc(C[C@H](NS(=O)(=O)c2cccc(NC(=O)CCN)c2)C(=O)N2CCC(NC(=O)NC3CCCCC3)CC2)c1,5.920818753952375,1200.0,1,1,0,1,1,1
N=C(N)c1cccc(C[C@H](NS(=O)(=O)c2cccc(NC(=O)CCN)c2)C(=O)N2CCC(CCNC(=O)NCc3ccccc3)CC2)c1,5.2580609222708015,5520.0,0,0,0,0,1,0
N=C(N)c1cccc(C[C@H](NS(=O)(=O)c2cccc(NC(=O)CCN)c2)C(=O)N2CCC(NC(=O)NCc3ccccc3)CC2)c1,5.610833915635467,2450.0,1,1,0,1,1,0
CNC(=O)NCCC1CCN(C(=O)[C@H](Cc2cccc(C(=N)N)c2)NS(=O)(=O)c2cccc(-c3ccc(OC)cc3OC)c2)CC1,7.292429823902063,51.0,1,1,0,0,1,1
CNC(=O)NCCC1CCN(C(=O)[C@H](Cc2cccc(C(=N)N)c2)NS(=O)(=O)c2cccc(-c3ccc(Cl)cc3Cl)c2)CC1,7.5376020021010435,29.0,1,1,0,0,1,1
COc1ccc(-c2cccc(S(=O)(=O)N[C@@H](Cc3cccc(C(=N)N)c3)C(=O)N3CCC(NC(=O)NC4CCCCC4)CC3)c2)c(OC)c1,7.958607314841775,11.0,0,0,0,0,1,1
N=C(N)c1cccc(C[C@H](NS(=O)(=O)c2cccc(-c3ccc(Cl)cc3Cl)c2)C(=O)N2CCC(NC(=O)NC3CCCCC3)CC2)c1,7.698970004336019,20.0,0,0,0,0,1,1
COc1ccc(-n2nc(C(N)=O)c3c2C(=O)N(c2ccc(C(C)(C)CO)cc2)CC3)cc1,9.18045606445813,0.66,1,1,0,0,1,1
COc1ccc(-n2nc(S(C)(=O)=O)c3c2C(=O)N(c2ccc(C(C)(C)CO)cc2)CC3)cc1,8.995678626217357,1.01,0,0,0,0,0,0
COc1ccc(-n2nc(S(C)(=O)=O)c3c2C(=O)N(c2ccc(C(C)(C)CN(C)C)cc2)CC3)cc1,9.958607314841776,0.11,0,0,0,0,0,0
COc1ccc(-n2nc(S(C)(=O)=O)c3c2C(=O)N(c2ccc(C(C)(C)CN4CCCC4)cc2)CC3)cc1,9.619788758288394,0.24,0,0,0,0,0,0
COc1ccc(-n2nc(S(C)(=O)=O)c3c2C(=O)N(c2ccc(C(C)(C)CN4CCOCC4)cc2)CC3)cc1,9.494850021680094,0.32,0,0,0,0,0,0
COc1ccc(-n2nc(C(N)=O)c3c2C(=O)N(c2ccc(C(C)(C)CN(C)C)cc2)CC3)cc1,10.154901959985745,0.07,1,1,0,0,1,1
COc1ccc(-n2nc(C(N)=O)c3c2C(=O)N(c2ccc(C(C)(C)CNC4CC4)cc2)CC3)cc1,10.30102999566398,0.05,1,1,0,0,1,1
COc1ccc(-n2nc(C(N)=O)c3c2C(=O)N(c2ccc(C(C)(C)CN4CCCC4)cc2)CC3)cc1,10.30102999566398,0.05,1,1,0,0,1,1
COc1ccc(-n2nc(C(N)=O)c3c2C(=O)N(c2ccc(C(C)(C)CN4CCOCC4)cc2)CC3)cc1,10.221848749616356,0.06,1,1,0,0,1,1
COc1ccc(-n2nc(C(N)=O)c3c2C(=O)N(c2ccc(C(C)(C)C#N)cc2)CC3)cc1,8.913640169325252,1.22,1,1,0,0,1,1
COc1ccc(-n2nc(C(N)=O)c3c2C(=O)N(c2ccc(C(C)(C)CN)cc2)CC3)cc1,9.82390874094432,0.15,1,1,0,0,1,1
COc1ccc(-n2nc(C(N)=O)c3c2C(=O)N(c2ccc(C(C)(C)CN4CCCCC4=O)cc2)CC3)cc1,8.823908740944319,1.5,1,1,0,0,1,1
COc1ccc(-n2nc(C(N)=O)c3c2C(=O)N(c2ccc(C(C)(C)O)cc2)CC3)cc1,8.032920265855504,9.27,1,1,0,0,1,1
COc1ccc(-n2nc(C(N)=O)c3c2C(=O)N(c2ccc(C(C)(C)N(C)C)cc2)CC3)cc1,9.69897000433602,0.2,1,1,0,0,1,1
COc1ccc(-n2nc(C(N)=O)c3c2C(=O)N(c2ccc(C(C)(C)N4CCCC4)cc2)CC3)cc1,10.154901959985745,0.07,1,1,0,0,1,1
COc1ccc(-n2nc(C(N)=O)c3c2C(=O)N(c2ccc(C(C)(C)S(C)(=O)=O)cc2)CC3)cc1,9.318758762624412,0.48,0,0,0,0,1,1
CC(C)N1CCC(C(=O)Nc2c(OCCCO[C@@H]3O[C@H](CO)[C@@H](O)[C@H](O)[C@H]3O)cccc2OCc2cc(-c3ccc(Cl)s3)on2)CC1,9.318758762624412,0.48,0,0,0,0,0,0
CC(C)N1CCC(C(=O)Nc2ccccc2OCc2cc(-c3ccc(Cl)s3)on2)CC1,9.449771646944908,0.355,0,0,0,0,1,1
Nc1c(OCCCO[C@@H]2O[C@H](CO)[C@@H](O)[C@H](O)[C@H]2O)cccc1OCc1cc(-c2ccc(Cl)s2)on1,5.161150909262744,6900.0,0,0,0,0,0,0
Nc1c(OCCCO)cccc1OCc1cc(-c2ccc(Cl)s2)on1,4.73754891026957,18300.0,0,0,0,0,0,0
Nc1ccccc1OCc1cc(-c2ccc(Cl)s2)on1,4.935542010773082,11600.0,0,0,0,0,1,1
CC(=O)OC[C@H]1O[C@@H](OCCCOc2cccc(OCc3cc(-c4ccc(Cl)s4)on3)c2NC(=O)C2CCN(C(C)C)CC2)[C@H](OC(C)=O)[C@@H](OC(C)=O)[C@@H]1OC(C)=O,9.602059991327964,0.25,0,0,0,0,0,0
NC[C@H]1CC[C@H](C(=O)N[C@@H](Cc2ccccc2)c2nc(-c3ccc4c(N)n[nH]c4c3)c(Cl)[nH]2)CC1,5.1944991418416,6390.0,0,0,0,0,0,0
COC(=O)Nc1ccc(-c2c[nH]c([C@H](Cc3ccccc3)NC(=O)/C=C/c3cc(Cl)ccc3-n3cnnn3)n2)cc1,5.823908740944319,1500.0,0,0,0,0,0,0
CCOc1cc(OC(C)C)c(F)c(C(Nc2ccc(C(=N)N)cc2)c2nc(-c3ccccc3)c[nH]2)c1,6.119186407719209,760.0,0,0,0,0,0,0
CCOc1cc(OC(C)C)c(F)c(C(Nc2ccc(C(=N)N)cc2)c2nc(-c3ccccc3C)c[nH]2)c1,6.167491087293763,680.0,0,0,0,0,0,0
CCOc1cc(OC(C)C)c(F)c(C(Nc2ccc(C(=N)N)cc2)c2nc(-c3cccc(C)c3)c[nH]2)c1,6.346787486224656,450.0,0,0,0,0,0,0
CCOc1cc(OC(C)C)c(F)c(C(Nc2ccc(C(=N)N)cc2)c2nc(-c3ccc(C)cc3)c[nH]2)c1,6.366531544420414,430.0,0,0,0,0,0,0
CCOc1cc(OC(C)C)c(F)c(C(Nc2ccc(C(=N)N)cc2)c2nc(-c3ccccc3OC)c[nH]2)c1,6.337242168318426,460.0,0,0,0,0,0,0
CCOc1cc(OC(C)C)c(F)c(C(Nc2ccc(C(=N)N)cc2)c2nc(-c3cccc(OC)c3)c[nH]2)c1,6.251811972993799,560.0,0,0,0,0,0,0
CCOc1cc(OC(C)C)c(F)c(C(Nc2ccc(C(=N)N)cc2)c2nc(-c3ccc(OC)cc3)c[nH]2)c1,6.267606240177032,540.0,0,0,0,0,0,0
CCOc1cc(OC(C)C)c(F)c(C(Nc2ccc(C(=N)N)cc2)c2nc(-c3ccccc3C(C)=O)c[nH]2)c1,6.366531544420414,430.0,0,0,0,0,0,0
CCOc1cc(OC(C)C)c(F)c(C(Nc2ccc(C(=N)N)cc2)c2nc(-c3ccccc3C(=O)OC)c[nH]2)c1,5.39040559077478,4070.0,0,0,0,0,0,0
CCOc1cc(OC(C)C)c(F)c(C(Nc2ccc(C(=N)N)cc2)c2nc(-c3ccccc3C(=O)O)c[nH]2)c1,5.6595558851598815,2190.0,0,0,0,0,0,0
CCOc1cc(OC(C)C)c(F)c(C(Nc2ccc(C(=N)N)cc2)c2nc(-c3ccccc3C(N)=O)c[nH]2)c1,5.632644078973981,2330.0,0,0,0,0,0,0
C[C@@H](C(=O)N1CCOCC1)N1CC[C@H](NS(=O)(=O)C2=Nc3ccc(Cl)cc3C2)C1=O,7.045757490560675,90.0,1,1,0,1,1,0
Cc1cc2nc([C@@H](CNC(=O)c3ccc(-n4cnnc4)cc3Cl)c3ccccc3)[nH]c2cc1C,6.406713932979542,392.0,0,0,0,0,0,0
Cc1ccc(O)c2c3c(nn12)CCC(C)(NC(=O)c1ccc(-n2cnnc2)cc1Cl)C3,4.920818753952375,12000.0,0,0,0,0,0,0
CCS(=O)(=O)c1ccc2cc1CNC(=O)[C@H](Nc1ccc3c(N)nccc3c1)c1ccc(c(C)c1)CCCC(=O)N2,6.0,1000.0,0,0,0,0,0,0
CCS(=O)(=O)c1ccc2cc1CNC(=O)[C@H](Nc1ccc(C(=N)N)cc1)c1ccc(cc1)CCCC(=O)N2,5.259637310505756,5500.0,0,0,0,0,0,0
CC(C)(C)S(=O)(=O)c1ccc2cc1CNC(=O)C(Nc1ccc3c(N)nccc3c1)c1ccc(cc1)CCCC(=O)N2,5.318758762624412,4800.0,0,0,0,0,0,0
CC(C)S(=O)(=O)c1ccc2cc1CNC(=O)[C@H](Nc1ccc3c(N)nccc3c1)c1ccc(cc1)CCCC(=O)N2,5.481486060122113,3300.0,0,0,0,0,0,0
CCS(=O)(=O)c1ccc2cc1CNC(=O)[C@H](Nc1ccc3c(N)nccc3c1)c1ccc(cc1)CCCC(=O)N2,5.494850021680094,3200.0,0,0,0,0,0,0
Cc1cc2nc([C@@H](CNC(=O)c3ccc(-n4cnnc4)cc3Cl)c3ccc(F)cc3)[nH]c2cc1C,5.821886747685368,1507.0,0,0,0,0,0,0
Cc1cc2nc([C@@H](CNC(=O)c3ccc(-n4cnnc4)cc3Cl)c3cccnc3)[nH]c2cc1C,5.795608668080701,1601.0,1,1,0,0,0,0
Cc1ncn(-c2cc(Cl)c(C(=O)NC[C@@H](c3cccc(F)c3)c3nc4cc(C)c(Cl)cc4[nH]3)c(Cl)c2)n1,4.819300798703965,15160.0,0,0,0,0,0,0
COc1cc2nc([C@@H](CNC(=O)c3c(Cl)cc(-n4cnc(C)n4)cc3Cl)c3cccc(F)c3)[nH]c2cc1Cl,5.713992877920526,1932.0,0,0,0,0,1,1
Cc1ncn(-c2cc(Cl)c(C(=O)NC[C@@H](c3cccc(F)c3)c3nc4ccc(Cl)cc4[nH]3)c(Cl)c2)n1,4.683610248926804,20720.0,0,0,0,0,1,1
Cc1ncn(-c2cc(Cl)c(C(=O)NC[C@@H](c3cccc(F)c3)c3ccc4[nH]c(C)nc4c3)c(Cl)c2)n1,5.553152289844191,2798.0,0,0,0,0,0,0
Cc1cc2nc([C@@H](CNC(=O)c3ccc(-n4cnnc4)cc3Cl)c3cccc(F)c3)[nH]c2cc1C,5.995678626217358,1010.0,0,0,0,0,0,0
Cc1cc2nc([C@@H](CNC(=O)c3ccc(-n4cnnc4)cc3Cl)c3ccccc3F)[nH]c2cc1C,6.3851027839668655,412.0,0,0,0,0,0,0
Cc1ncn(-c2cc(Cl)c(C(=O)NC[C@@H](c3ccccc3)c3nc4cc(C)c(C)cc4[nH]3)c(Cl)c2)n1,5.606775883638703,2473.0,0,0,0,0,1,1
COc1cc(-n2cnnc2)cc(Cl)c1C(=O)NC[C@@H](c1ccccc1)c1nc2cc(C)c(C)cc2[nH]1,6.610833915635467,245.0,0,0,0,0,1,0
Cc1cc2nc([C@@H](CNC(=O)c3c(Cl)cc(-n4cnnc4)cc3C(F)(F)F)c3ccccc3)[nH]c2cc1C,6.468521082957745,340.0,0,0,0,0,0,0
Cc1cc2nc([C@@H](CNC(=O)c3c(C)cc(-n4cnnc4)cc3Cl)c3ccccc3)[nH]c2cc1C,6.709965388637482,195.0,0,0,0,0,1,0
Cc1cc2nc([C@@H](CNC(=O)c3c(F)cc(-n4cnnc4)cc3Cl)c3ccccc3)[nH]c2cc1C,6.2644011003018205,544.0,0,0,0,0,0,0
Cc1cc2nc([C@@H](CNC(=O)c3c(Cl)cc(-n4cnnc4)cc3Cl)c3ccccc3)[nH]c2cc1C,6.978810700930062,105.0,1,1,0,0,1,1
Cc1ncn(-c2cc(Cl)c(C(=O)N[C@]3(C)CCc4nn5c(C)ccc(O)c5c4C3)c(Cl)c2)n1,5.646083769079637,2259.0,0,0,0,0,1,0
Cc1ccc2c3c(nn2c1)CC[C@@](C)(NC(=O)c1c(Cl)cc(-n2cnc(C)n2)cc1Cl)C3,5.668572703479257,2145.0,0,0,0,0,1,0
Cc1ccc2c3c(nn2c1)CC[C@](NC(=O)c1ccc(-n2cnc(C)n2)cc1Cl)(c1ccccc1)C3,6.1791420105603,662.0,0,0,0,0,0,0
Cc1ccc2c(c1)nc1n2C[C@@](NC(=O)c2ccc(-n3cnc(C)n3)cc2Cl)(c2ccccc2)CC1,5.691222226335279,2036.0,0,0,0,0,0,0
Cc1ncn(-c2cc(Cl)c(C(=O)N[C@]3(C)CCc4[nH]c5c(C)cccc5c4C3)c(Cl)c2)n1,4.539252458155803,28890.0,0,0,0,0,1,0
Cc1ccc2c3c(n(CCC(=O)O)c2c1)CC[C@@](C)(NC(=O)c1c(Cl)cc(-n2cnc(C)n2)cc1Cl)C3,4.970210529168145,10710.0,0,0,0,0,0,0
Cc1ccc2c(c1)c(CCC(=O)O)c1n2C[C@@](NC(=O)c2ccc(-n3cnc(C)n3)cc2Cl)(c2ccccc2)CC1,5.373967752170981,4227.0,1,1,0,0,0,0
Cc1ccc2c3c(nn2c1)CC[C@@](CO)(NC(=O)c1c(Cl)cc(-n2cnc(C)n2)cc1Cl)C3,5.997402019280091,1006.0,0,0,0,0,1,0
Cc1ccc2c3c(nn2c1)CC[C@](NC(=O)c1c(Cl)cc(-n2cnc(C)n2)cc1Cl)(C(C)O)C3,6.58838029403677,258.0,0,0,0,0,0,0
Cc1cccc([C@@]2(NC(=O)c3ccc(-n4cnc(C)n4)cc3Cl)CCc3nn4cc(C)ccc4c3C2)c1,6.218244625347531,605.0,0,0,0,0,0,0
COc1cccc([C@@]2(NC(=O)c3ccc(-n4cnc(C)n4)cc3Cl)CCc3nn4cc(C)ccc4c3C2)c1,6.422508200162775,378.0,0,0,0,0,0,0
Cc1ccc2c3c(nn2c1)CC[C@](NC(=O)c1c(Cl)cc(-n2cnc(C)n2)cc1Cl)(c1cccc(F)c1)C3,6.609064892896621,246.0,0,0,0,0,0,0
Cc1ccc2c3c(nn2c1)CC[C@](NC(=O)c1c(Cl)cc(-n2cnc(C)n2)cc1Cl)(c1cccc(Cl)c1)C3,5.774174008538107,1682.0,0,0,0,0,0,0
Cc1ccc2c3c(nn2c1)CC[C@](NC(=O)c1c(Cl)cc(-n2cnc(C)n2)cc1Cl)(c1cccc(C(F)(F)F)c1)C3,5.808828544271441,1553.0,0,0,0,0,0,0
Cc1ccc2c3c(nn2c1)CC[C@](NC(=O)c1c(Cl)cc(-n2cnc(C)n2)cc1Cl)(c1ccc(F)cc1)C3,5.954677021213342,1110.0,0,0,0,0,0,0
Cc1ccc2c3c(nn2c1)CC[C@](NC(=O)c1c(Cl)cc(-n2cnc(C)n2)cc1Cl)(c1ccc(F)c(F)c1)C3,5.812479279163537,1540.0,0,0,0,0,0,0
Cc1ccc2c3c(nn2c1)CC[C@](NC(=O)c1c(Cl)cc(-n2cnc(C)n2)cc1Cl)(c1cn(C(C)C)nn1)C3,6.129011186239425,743.0,0,0,0,0,0,0
Cc1cccc([C@@]2(NC(=O)c3c(Cl)cc(-n4cnc(C)n4)cc3Cl)CCc3nn4cc(C)ccc4c3C2)c1,6.229147988357855,590.0,0,0,0,0,0,0
Cc1ccc2c3c(nn2c1)CC[C@@](C)(NC(=O)c1ccc(-n2cnc4cc(C(=O)O)ccc42)cc1Cl)C3,6.285670240254767,518.0,0,0,0,0,0,0
Cc1ccc2c(c1)c(C)c1n2C[C@@](NC(=O)c2c(Cl)cc(-n3cnnc3)cc2Cl)(c2ccccc2)CC1,5.757458571701616,1748.0,0,0,0,0,0,0
Cc1ccc2c(c1)c(C1CC1)c1n2C[C@@](NC(=O)c2c(Cl)cc(-n3cnnc3)cc2Cl)(c2ccccc2)CC1,5.84893674664625,1416.0,0,0,0,0,0,0
Cc1ccc2c(c1)c(C(F)(F)F)c1n2C[C@@](NC(=O)c2c(Cl)cc(-n3cnnc3)cc2Cl)(c2ccccc2)CC1,5.48372911727066,3283.0,1,1,0,0,1,1
Cc1ccc2c(c1)c(C#N)c1n2C[C@@](NC(=O)c2c(Cl)cc(-n3cnnc3)cc2Cl)(c2ccccc2)CC1,5.9657727392294495,1082.0,0,0,0,0,0,0
Cc1ccc2c(c1)c(C(N)=O)c1n2C[C@@](NC(=O)c2c(Cl)cc(-n3cnnc3)cc2Cl)(c2ccccc2)CC1,6.714442690992226,193.0,1,1,0,0,1,1
Cc1ccc2c(c1)c(/C=N/O)c1n2C[C@@](NC(=O)c2c(Cl)cc(-n3cnnc3)cc2Cl)(c2ccccc2)CC1,6.401209493236885,397.0,0,0,0,0,1,1
Cc1ccc2c(c1)c(/C=C/C(=O)O)c1n2C[C@@](NC(=O)c2c(Cl)cc(-n3cnnc3)cc2Cl)(c2ccccc2)CC1,6.4723700991286615,337.0,0,0,0,0,1,1
Cc1ccc2c(c1)c(-c1nn[nH]n1)c1n2C[C@@](NC(=O)c2c(Cl)cc(-n3cnnc3)cc2Cl)(c2ccccc2)CC1,6.294992040666664,507.0,0,0,0,0,1,1
Cc1ccc2c(c1)c(-c1cncc(N)c1)c1n2C[C@@](NC(=O)c2c(Cl)cc(-n3cnnc3)cc2Cl)(c2ccccc2)CC1,6.590066876668706,257.0,0,0,0,0,1,1
Cc1ccc2c(c1)c(C(O)C(F)(F)F)c1n2C[C@@](NC(=O)c2c(Cl)cc(-n3cnnc3)cc2Cl)(c2ccccc2)CC1,5.274496731140684,5315.0,0,0,0,0,1,1
Cc1ccc2c(c1)c(C(N)=O)c1n2C[C@@](NC(=O)c2ccc(-n3cnnc3)cc2Cl)(c2ccccc2)CC1,5.985059650207063,1035.0,0,0,0,0,0,0
Cc1ccc2c(c1)c(C(=O)O)c1n2C[C@@](NC(=O)c2ccc(-n3cnnc3)cc2Cl)(c2ccccc2)CC1,6.6307841425898575,234.0,1,1,0,0,0,0
Cc1ccc2c(c1)c(C(=O)O)c1n2C[C@@](NC(=O)c2c(Cl)cc(-n3cnnn3)cc2Cl)(c2ccccc2)CC1,5.9775716288145135,1053.0,0,0,0,0,0,0
Cc1ccc2c(c1)c(C(=O)O)c1n2C[C@@](NC(=O)c2c(Cl)cc(-n3cnc(C)n3)cc2Cl)(c2ccccc2)CC1,6.388276691992658,409.0,1,1,0,0,0,0
N=C(N)c1ccc(CNC(=O)[C@@H]2Cc3cn(nn3)Cc3ccc(cc3)Cn3cc(nn3)C[C@@H](NS(=O)(=O)Cc3ccccc3)C(=O)N2)cc1,6.221848749616356,600.0,0,0,0,0,0,0
N=C(N)c1ccc(CNC(=O)[C@@H]2Cc3ccc(cc3)CNC(=O)Cc3cccc(c3)CC(=O)NCc3ccc(cc3)C[C@@H](NS(=O)(=O)Cc3ccccc3)C(=O)N2)cc1,5.2441251443275085,5700.0,1,1,1,1,0,0
N=C(N)c1ccc(CNC(=O)[C@@H]2Cc3cccc(c3)CNC(=O)Cc3ccccc3CC(=O)NCc3cccc(c3)C[C@@H](NS(=O)(=O)Cc3ccccc3)C(=O)N2)cc1,6.987162775294828,103.0,1,1,0,0,0,0
N=C(N)c1ccc(CNC(=O)[C@@H]2CCCCNC(=O)c3cccc(c3)C(=O)NCCCC[C@@H](NS(=O)(=O)Cc3ccccc3)C(=O)N2)cc1,6.424812155072339,376.0,0,0,0,0,0,0
O=C(/C=C/c1cc(Cl)ccc1-n1cnnn1)N[C@@H](Cc1ccccc1)C(=O)Nc1ccc(C(=O)O)cc1,5.2839966563652006,5200.0,0,0,0,0,1,0
COC(=O)Nc1ccc(-c2ccnc([C@H](Cc3ccccc3)NC(=O)/C=C/c3cc(Cl)ccc3-n3cnnn3)c2)cc1,5.947690900352677,1128.0,0,0,0,0,0,0
CC1CN(c2cccc(C(=N)N)c2)C(=O)N(C2CCN(Cc3ccccc3)CC2)C1,6.619788758288394,240.0,1,1,0,0,1,1
CC1CN(c2ccc(C(=N)N)cc2)C(=O)N(C2CCN(Cc3ccccc3)CC2)C1,4.5934598195660445,25500.0,1,1,0,0,1,1
CC1CN(Cc2cccc(C(=N)N)c2)C(=O)N(C2CCN(Cc3ccccc3)CC2)C1,4.306273051076353,49400.0,1,1,0,0,1,1
CC1CN(Cc2ccc(C(=N)N)cc2)C(=O)N(C2CCN(Cc3ccccc3)CC2)C1,4.642065152999546,22800.0,1,1,0,0,1,1
CC1CN(CC2CCN(Cc3ccccc3)CC2)C(=O)N(c2cccc(C(=N)N)c2)C1,6.42021640338319,380.0,0,0,0,0,0,0
CC1CN(CCC2CCN(Cc3ccccc3)CC2)C(=O)N(c2cccc(C(=N)N)c2)C1,6.3979400086720375,400.0,0,0,0,0,0,0
N=C(N)c1cccc(N2CC(O)CN(CC3CCN(Cc4ccccc4)CC3)C2=O)c1,6.070581074285707,850.0,0,0,0,0,0,0
N=C(N)c1cccc(N2CC(CO)CN(CC3CCN(Cc4ccccc4)CC3)C2=O)c1,6.6020599913279625,250.0,0,0,0,0,0,0
COC1CN(CC2CCN(Cc3ccccc3)CC2)C(=O)N(c2cccc(C(=N)N)c2)C1,5.910094888560602,1230.0,0,0,0,0,0,0
COCC1CN(CC2CCN(Cc3ccccc3)CC2)C(=O)N(c2cccc(C(=N)N)c2)C1,6.698970004336019,200.0,0,0,0,0,0,0
N=C(N)c1cccc(N2CC(OCc3ccccc3)CN(CC3CCN(Cc4ccccc4)CC3)C2=O)c1,6.036212172654444,920.0,0,0,0,0,0,0
N=C(N)c1cccc(N2CC(COCc3ccccc3)CN(CC3CCN(Cc4ccccc4)CC3)C2=O)c1,6.7447274948966935,180.0,0,0,0,0,0,0
N=C(N)c1cccc(N2CC(CNC(=O)c3ccccc3)CN(CC3CCN(Cc4ccccc4)CC3)C2=O)c1,6.1249387366083,750.0,0,0,0,0,0,0
N=C(N)c1cccc(N2CC(NC(=O)Cc3ccccc3)CN(CC3CCN(Cc4ccccc4)CC3)C2=O)c1,6.130768280269024,740.0,0,0,0,0,0,0
N=C(N)c1cccc(N2CC(CNC(=O)Cc3ccccc3)CN(CC3CCN(Cc4ccccc4)CC3)C2=O)c1,5.809668301829708,1550.0,0,0,0,0,0,0
CS(=O)(=O)NC1CN(CC2CCN(Cc3ccccc3)CC2)C(=O)N(c2cccc(C(=N)N)c2)C1,6.292429823902063,510.0,0,0,0,0,0,0
N=C(N)c1cccc(N2CC(NS(=O)(=O)c3ccccc3)CN(CC3CCN(Cc4ccccc4)CC3)C2=O)c1,6.214670164989233,610.0,0,0,0,0,0,0
N=C(N)c1cccc(N2CC(NS(=O)(=O)Cc3ccccc3)CN(CC3CCN(Cc4ccccc4)CC3)C2=O)c1,6.180456064458132,660.0,0,0,0,0,0,0
Nc1nccc2cc(NC3C(=O)NCc4cccc(c4)NC(=O)OCCc4ccc3cc4)ccc12,6.214670164989233,610.0,0,0,0,0,0,0
Cc1cc2ccc1[C@@H](C)COC(=O)Nc1ccc(S(=O)(=O)C3CC3)c(c1)CN(C)C(=O)[C@@H]2Nc1ccc2c(N)ncc(F)c2c1,5.3979400086720375,4000.0,0,0,0,0,0,0
Cc1cc2ccc1[C@@H](C)COC(=O)Nc1ccc(S(=O)(=O)C3CC3)c(c1)CN(C)C(=O)[C@@H]2Nc1ccc2c(N)nccc2c1,5.7447274948966935,1800.0,0,0,0,0,0,0
CCOP(=O)(O)c1ccc2cc1CN(C)C(=O)[C@H](Nc1ccc3c(N)nccc3c1)c1ccc(c(C)c1)[C@@H](C)COC(=O)N2,5.318758762624412,4800.0,0,0,0,0,0,0
CCOP(=O)(OCC)c1ccc2cc1CN(C)C(=O)[C@H](Nc1ccc3c(N)nccc3c1)c1ccc(c(C)c1)[C@@H](C)COC(=O)N2,5.4089353929735005,3900.0,0,0,0,0,0,0
Cc1cc2ccc1[C@@H](C)COC(=O)Nc1ccc(-c3ccnn3C)c(c1)CN(C)C(=O)[C@@H]2Nc1ccc2c(N)nccc2c1,5.698970004336019,2000.0,0,0,0,0,0,0
CCN(CC)C(=O)c1ccc2cc1CN(C)C(=O)[C@H](Nc1ccc3c(N)nccc3c1)c1ccc(c(C)c1)[C@@H](C)COC(=O)N2,5.366531544420414,4300.0,0,0,0,0,0,0
Cc1cc2ccc1[C@@H](C)COC(=O)Nc1ccc(C(=O)N(C)C)c(c1)CN(C)C(=O)[C@@H]2Nc1ccc2c(N)nccc2c1,5.207608310501746,6200.0,0,0,0,0,0,0
COC(=O)c1ccc2cc1CN(C)C(=O)[C@H](Nc1ccc3c(N)nccc3c1)c1ccc(c(C)c1)[C@@H](C)COC(=O)N2,5.6020599913279625,2500.0,0,0,0,0,0,0
Cc1cc2ccc1[C@@H](C)COC(=O)Nc1ccc(OC(F)(F)F)c(c1)CN(C)C(=O)[C@@H]2Nc1ccc2c(N)nccc2c1,6.0,1000.0,0,0,0,0,0,0
Cc1cc2ccc1[C@@H](C)COC(=O)Nc1ccc(C3CC3)c(c1)CN(C)C(=O)[C@@H]2Nc1ccc2c(N)ncc(F)c2c1,5.522878745280337,3000.0,0,0,0,0,0,0
Cc1cc2ccc1[C@@H](C)COC(=O)Nc1ccc(C3(C(=O)O)CC3)c(c1)CN(C)C(=O)[C@@H]2Nc1ccc2c(N)ncc(F)c2c1,5.177178354696896,6650.0,0,0,0,0,0,0
Cc1cc2ccc1[C@@H](C)COC(=O)Nc1ccc(C3(C(=O)O)CCC3)c(c1)CN(C)C(=O)[C@@H]2Nc1ccc2c(N)ncc(F)c2c1,6.070581074285707,850.0,0,0,0,0,0,0
Cc1cc2ccc1[C@@H](C)COC(=O)Nc1ccc(C3(C(=O)O)CCCC3)c(c1)CN(C)C(=O)[C@@H]2Nc1ccc2c(N)ncc(F)c2c1,5.7447274948966935,1800.0,0,0,0,0,0,0
Cc1cc2ccc1[C@@H](C)COC(=O)Nc1ccc(C3(C(=O)O)CCCCC3)c(c1)CN(C)C(=O)[C@@H]2Nc1ccc2c(N)ncc(F)c2c1,6.045757490560675,900.0,0,0,0,0,0,0
Cc1cc2ccc1[C@@H](C)COC(=O)Nc1ccc(C3(C(=O)O)CCOCC3)c(c1)CN(C)C(=O)[C@@H]2Nc1ccc2c(N)ncc(F)c2c1,5.853871964321762,1400.0,0,0,0,0,0,0
Cc1cc2ccc1[C@@H](C)COC(=O)Nc1ccc(C3(c4nnn[nH]4)CC3)c(c1)CN(C)C(=O)[C@@H]2Nc1ccc2c(N)ncc(F)c2c1,5.978810700930062,1050.0,0,0,0,0,0,0
N=C(N)c1ccc(CNC(=O)[C@H](CCC2CCNCC2)NC(=O)[C@@H](CCCn2cnnn2)NS(=O)(=O)Cc2ccccc2)cc1,5.619788758288394,2400.0,1,1,0,1,1,1
N=C(N)c1ccc(CNC(=O)[C@H](CCC2CCNCC2)NC(=O)[C@@H](CCCc2ccncc2)NS(=O)(=O)Cc2ccccc2)cc1,6.070581074285707,850.0,1,1,1,1,1,1
COC(=O)c1cccc(CS(=O)(=O)N[C@H](CCCc2ccccc2)C(=O)N[C@@H](CCC2CCNCC2)C(=O)NCc2ccc(C(=N)N)cc2)c1,5.229147988357856,5900.0,0,0,0,0,0,0
N=C(N)c1ccc(CNC(=O)[C@H](CCC2CCNCC2)NC(=O)[C@@H](CCCc2ccccc2)NS(=O)(=O)Cc2cccc(C(=O)O)c2)cc1,5.619788758288394,2400.0,1,1,0,0,1,1
CC(=O)N1CCC(CC[C@@H](NS(=O)(=O)Cc2ccccc2)C(=O)N[C@@H](CCC2CCNCC2)C(=O)NCc2ccc(C(=N)N)cc2)CC1,5.721246399047171,1900.0,1,1,0,1,1,1
N=C(N)c1ccc(CNC(=O)[C@H](CCC2CCNCC2)NC(=O)[C@@H](CCCC2CCNCC2)NS(=O)(=O)Cc2ccccc2)cc1,6.522878745280337,300.0,1,1,0,1,1,1
N=C(N)c1ccc(CNC(=O)[C@H](CCC2CCNCC2)NC(=O)[C@@H](CCC2CCN(C(=O)C3CC3)CC2)NS(=O)(=O)Cc2ccccc2)cc1,5.638272163982407,2300.0,1,1,0,1,1,1
CCC(=O)N1CCC(CC[C@@H](NS(=O)(=O)Cc2ccccc2)C(=O)N[C@@H](CCC2CCNCC2)C(=O)NCc2ccc(C(=N)N)cc2)CC1,5.638272163982407,2300.0,0,0,0,0,1,1
CC(=O)N1CCC(CCC[C@@H](NS(=O)(=O)Cc2ccccc2)C(=O)N[C@@H](CCC2CCNCC2)C(=O)NCc2ccc(C(=N)N)cc2)CC1,6.1249387366083,750.0,1,1,0,1,1,1
N=C(N)c1ccc(CNC(=O)[C@H](CCC2CCNCC2)NC(=O)[C@@H](CCC2CCNCC2)NS(=O)(=O)Cc2ccccc2)cc1,7.045757490560675,90.0,1,1,1,1,1,1
COCC(=O)N1CCC(CC[C@@H](NS(=O)(=O)Cc2ccccc2)C(=O)N[C@@H](CCC2CCNCC2)C(=O)NCc2ccc(C(=N)N)cc2)CC1,5.795880017344075,1600.0,0,0,0,0,1,1
N=C(N)c1ccc(CNC(=O)[C@H](CCC2CCNCC2)NC(=O)[C@@H](CCc2ccncc2)NS(=O)(=O)Cc2ccccc2)cc1,7.698970004336019,20.0,1,1,1,1,1,1
CN(C)C(=O)N1CCC(CC[C@@H](NS(=O)(=O)Cc2ccccc2)C(=O)N[C@@H](CCC2CCNCC2)C(=O)NCc2ccc(C(=N)N)cc2)CC1,5.6020599913279625,2500.0,1,1,0,1,1,1
CNC(=O)N1CCC(CC[C@@H](NS(=O)(=O)Cc2ccccc2)C(=O)N[C@@H](CCC2CCNCC2)C(=O)NCc2ccc(C(=N)N)cc2)CC1,5.769551078621726,1700.0,0,0,0,0,1,1
CCCC(=O)N1CCC(CC[C@@H](NS(=O)(=O)Cc2ccccc2)C(=O)N[C@@H](CCC2CCNCC2)C(=O)NCc2ccc(C(=N)N)cc2)CC1,5.657577319177793,2200.0,0,0,0,0,1,1
COC(=O)N1CCC(CC[C@@H](NS(=O)(=O)Cc2ccccc2)C(=O)N[C@@H](CCC2CCNCC2)C(=O)NCc2ccc(C(=N)N)cc2)CC1,5.698970004336019,2000.0,0,0,0,0,1,1
N=C(N)c1ccc(CNC(=O)[C@H](CCC2CCNCC2)NC(=O)[C@@H](CCCc2cc[n+]([O-])cc2)NS(=O)(=O)Cc2ccccc2)cc1,6.3979400086720375,400.0,0,0,0,0,1,1
CC(C)C(=O)N1CCC(CC[C@@H](NS(=O)(=O)Cc2ccccc2)C(=O)N[C@@H](CCC2CCNCC2)C(=O)NCc2ccc(C(=N)N)cc2)CC1,5.494850021680094,3200.0,1,1,0,1,1,1
N=C(N)c1ccc(CNC(=O)[C@H](CCC2CCNCC2)NC(=O)[C@@H](CCCc2ccccc2)NS(=O)(=O)Cc2ccccc2)cc1,5.958607314841775,1100.0,1,1,1,1,1,1
N=C(N)c1ccc(CNC(=O)[C@H](CCC2CCNCC2)NC(=O)[C@H](NS(=O)(=O)Cc2ccccc2)c2ccccc2)cc1,5.795880017344075,1600.0,0,0,0,0,1,1
N=C(N)c1ccc(CNC(=O)[C@H](CCC2CCNCC2)NC(=O)[C@@H](CCc2cc[n+]([O-])cc2)NS(=O)(=O)Cc2ccccc2)cc1,6.920818753952375,120.0,1,1,0,1,1,1
COC(=O)N1CCC(CCC[C@@H](NS(=O)(=O)Cc2ccccc2)C(=O)N[C@@H](CCC2CCNCC2)C(=O)NCc2ccc(C(=N)N)cc2)CC1,6.3979400086720375,400.0,0,0,0,0,1,1
Cc1cc2cc(C)c1CCOC(=O)Nc1ccc(S(=O)(=O)C3CC3)c(c1)CN(C)C(=O)[C@@H]2Nc1ccc2cc[nH]c(=O)c2c1,5.552841968657781,2800.0,0,0,0,0,0,0
CCc1cc2ccc1CCOC(=O)Nc1ccc(S(=O)(=O)C(C)C)c(c1)CN(C)C(=O)[C@@H]2Nc1cccc(C(N)=O)c1,5.236572006437063,5800.0,0,0,0,0,0,0
CC[C@H](C)[C@@H]1NC(=O)[C@H](CC(=O)O)NC(=O)[C@@H]2CCCN2C(=O)[C@H](Cc2ccc(O)cc2)NC(=O)[C@H](Cc2ccc(O)cc2)NC(=O)[C@H](C(C)C)NC(=O)[C@@H]2CSCc3cc(cc(c3)CSC[C@@H](C(=O)N[C@@H](C)C(=O)N(C)CC(=O)N(C)CC(=O)N(C)CC(=O)N[C@H](CCCNC(=N)N)C(=O)N[C@H](CCCNC(=N)N)C(=O)O)NC1=O)CSC[C@H](NC(C)=O)C(=O)N[C@@H](CO)C(=O)N[C@@H](Cc1ccccc1)C(=O)N1CCC1C(=O)N[C@@H](Cc1ccc(O)cc1)C(=O)N[C@@H](CCCCNC(=N)N)C(=O)N2,4.638272163982407,23000.0,0,0,0,0,0,0
COC(=O)Nc1ccc2c(c1)NC(=O)CCc1nc(ccc1F)C[C@H](NC(=O)/C=C/c1cc(Cl)ccc1-n1cnnn1)c1nc-2c[nH]1,5.853871964321762,1400.0,0,0,0,0,0,0
COC(=O)Nc1ccc(-c2cnnc([C@H](Cc3ccccc3)NC(=O)/C=C/c3cc(Cl)ccc3-n3cnnn3)c2)cc1,6.075720713938118,840.0,0,0,0,0,0,0
COC(=O)Nc1ccc(-c2cc([C@H](Cc3ccccc3)NC(=O)/C=C/c3cc(Cl)ccc3-n3cnnn3)nnc2Cl)cc1,6.698970004336019,200.0,0,0,0,0,1,0
COC(=O)Nc1ccc(-c2cc([C@H](Cc3ccccc3)NC(=O)/C=C/c3cc(Cl)ccc3-n3cnnn3)c(Cl)nn2)cc1,5.7121982700697735,1940.0,0,0,0,0,0,0
O=C(NCC1CCN(c2ccncc2)CC1)c1cc(OCCc2ccc(Cl)cc2Cl)ccc1Cl,6.617982957425132,241.0,0,0,0,0,1,1
N=C(N)c1ccc(CC(=O)[C@H](Cc2cccc(CN)c2)NC(=O)[C@@H](CCCc2ccccc2)NS(=O)(=O)Cc2cccc(C(=O)O)c2)cc1,7.346787486224656,45.0,0,0,0,0,1,0
N=C(N)c1ccc(CNC(=O)CNC(=O)[C@@H](COCc2ccccc2)NS(=O)(=O)Cc2ccccc2)cc1,7.5376020021010435,29.0,0,0,0,0,1,1
C[N+](C)(C)CCCN1C(=O)[C@H]2[C@@H](C1=O)[C@@H]1CCCN1[C@H]2c1cc(-c2ccc(Cl)s2)on1,8.045757490560675,9.0,1,1,0,1,1,1
CN(C)CCCN1C(=O)[C@H]2[C@@H](C1=O)[C@@H]1CCCN1[C@H]2c1cc(-c2ccc(Cl)s2)on1,7.251811972993799,56.0,1,1,0,0,1,1
CC(C)(C)CCCN1C(=O)[C@H]2[C@@H](C1=O)[C@@H]1CCCN1[C@H]2c1cc(-c2ccc(Cl)s2)on1,6.259637310505756,550.0,1,1,0,1,1,1
CNCCCN1C(=O)[C@H]2[C@@H](C1=O)[C@@H]1CCCN1[C@H]2c1cc(-c2ccc(Cl)s2)on1,6.040481623027001,911.0,1,1,0,1,1,1
NCCCN1C(=O)[C@H]2[C@@H](C1=O)[C@@H]1CCCN1[C@H]2c1cc(-c2ccc(Cl)s2)on1,5.008773924307505,9800.0,1,1,0,1,1,1
C[N+](C)(C)CCCN1C(=O)[C@H]2[C@@H](C1=O)[C@@H]1CCCN1[C@H]2c1ncc(-c2ccc(Cl)s2)o1,6.835647144215563,146.0,1,1,0,1,1,1
C[N+](C)(C)CCCN1C(=O)[C@H]2[C@@H](C1=O)[C@@H]1CCCN1[C@H]2c1coc(-c2ccc(Cl)s2)n1,5.790484985457369,1620.0,1,1,0,1,1,1
CCOC(=O)[C@]1(C)CCC[C@]2(C)[C@@H]1CC[C@@]13C/C(=N/O)[C@@](C)(CC[C@@H]21)C3,5.576099081471583,2654.0,0,0,0,0,0,0
C[C@@]12CC[C@H]3[C@]4(C)CCC[C@@](C)(C(=O)O)[C@H]4CC[C@]3(C/C1=N/O)C2,5.097398869333468,7991.0,0,0,0,0,0,0
CCOC(=O)[C@]1(C)CCC[C@]2(C)[C@@H]1CC[C@@]13C[C@@H](O)[C@@](C)(CC[C@@H]21)C3,4.600603207896688,25084.0,0,0,0,0,0,0
C[C@@]12CC[C@H]3[C@]4(C)CCC[C@@](C)(C(=O)O)[C@H]4CC[C@]3(C[C@H]1O)C2,4.559752304198433,27558.0,0,0,0,0,0,0
CCOC(=O)[C@]1(C)CCC[C@]2(C)[C@@H]1CC[C@@]13CC(=O)[C@@](C)(CC[C@@H]21)C3,5.339229356472303,4579.0,0,0,0,0,0,0
C[C@@]12CC[C@H]3[C@]4(C)CCC[C@@](C)(C(=O)O)[C@H]4CC[C@]3(CC1=O)C2,4.873381624477049,13385.0,0,0,0,0,0,0
CCOC(=O)[C@]1(C)CCC[C@]2(C)[C@@H]1CC[C@@]13C/C(=N\OC/C=C/c4ccc5nccnc5c4)[C@@](C)(CC[C@@H]21)C3,5.443335737877431,3603.0,1,1,0,1,1,1
CCOC(=O)[C@]1(C)CCC[C@]2(C)[C@@H]1CC[C@@]13C/C(=N\OC/C=C/c4ccc5ncccc5c4)[C@@](C)(CC[C@@H]21)C3,5.379135524734879,4177.0,1,1,0,1,1,1
CCOC(=O)[C@]1(C)CCC[C@]2(C)[C@@H]1CC[C@@]13C/C(=N\OC/C=C/c4cccc5ccccc45)[C@@](C)(CC[C@@H]21)C3,4.915924432221326,12136.0,1,1,0,0,1,1
CCOC(=O)[C@]1(C)CCC[C@]2(C)[C@@H]1CC[C@@]13C/C(=N\OC/C=C/c4c[nH]c(C(=O)OC)c4)[C@@](C)(CC[C@@H]21)C3,5.718285029972704,1913.0,0,0,0,0,1,1
CCOC(=O)[C@]1(C)CCC[C@]2(C)[C@@H]1CC[C@@]13C/C(=N\OC/C=C/c4ccc5[nH]c6ccccc6c5c4)[C@@](C)(CC[C@@H]21)C3,4.5778535440378745,26433.0,1,1,0,0,1,1
CCOC(=O)[C@]1(C)CCC[C@]2(C)[C@@H]1CC[C@@]13C/C(=N\OC/C=C/c4ccc5oc6ccccc6c5c4)[C@@](C)(CC[C@@H]21)C3,4.678111722417703,20984.0,1,1,0,0,1,1
CCOC(=O)[C@]1(C)CCC[C@]2(C)[C@@H]1CC[C@@]13C/C(=N\OC/C=C/c4ccc5c(c4)COC5=O)[C@@](C)(CC[C@@H]21)C3,4.684638513020665,20671.0,1,1,0,0,1,1
CCOC(=O)[C@]1(C)CCC[C@]2(C)[C@@H]1CC[C@@]13C/C(=N\OC/C=C/c4ccc5sccc5c4)[C@@](C)(CC[C@@H]21)C3,6.675717544702307,211.0,1,1,0,1,1,1
CCOC(=O)[C@]1(C)CCC[C@]2(C)[C@@H]1CC[C@@]13C/C(=N\OC/C=C/c4ccc5occc5c4)[C@@](C)(CC[C@@H]21)C3,4.988175904405692,10276.0,1,1,0,1,1,1
CCOC(=O)[C@]1(C)CCC[C@]2(C)[C@@H]1CC[C@@]13C/C(=N\OC/C=C/c4ccc5[nH]ccc5c4)[C@@](C)(CC[C@@H]21)C3,5.330311291943792,4674.0,1,1,0,1,1,1
CCOC(=O)[C@]1(C)CCC[C@]2(C)[C@@H]1CC[C@@]13C/C(=N\OC/C=C/c4ccc(CN5CCOCC5)cc4)[C@@](C)(CC[C@@H]21)C3,5.603451962012868,2492.0,0,0,0,0,1,1
CCOC(=O)[C@]1(C)CCC[C@]2(C)[C@@H]1CC[C@@]13C/C(=N\OC/C=C/c4ccc(-c5cnco5)cc4)[C@@](C)(CC[C@@H]21)C3,5.714217726220605,1931.0,1,1,0,0,1,1
CCOC(=O)[C@]1(C)CCC[C@]2(C)[C@@H]1CC[C@@]13C/C(=N\OC/C=C/c4ccc(C(C)=O)cc4)[C@@](C)(CC[C@@H]21)C3,5.784362436564939,1643.0,1,1,0,0,1,1
CCOC(=O)[C@]1(C)CCC[C@]2(C)[C@@H]1CC[C@@]13C/C(=N\OC/C=C/c4cc(F)c(F)c(F)c4)[C@@](C)(CC[C@@H]21)C3,5.703334809738469,1980.0,0,0,0,0,1,1
CCOC(=O)[C@]1(C)CCC[C@]2(C)[C@@H]1CC[C@@]13C/C(=N\OC/C=C/c4ccc([N+](=O)[O-])cc4)[C@@](C)(CC[C@@H]21)C3,5.579054594078028,2636.0,0,0,0,0,1,1
CCOC(=O)[C@]1(C)CCC[C@]2(C)[C@@H]1CC[C@@]13C/C(=N\OC/C=C/c4ccc(C#N)cc4)[C@@](C)(CC[C@@H]21)C3,4.874779063683436,13342.0,1,1,0,0,1,1
CCOC(=O)[C@]1(C)CCC[C@]2(C)[C@@H]1CC[C@@]13C/C(=N\OC/C=C/c4ccc(OC(F)(F)F)cc4)[C@@](C)(CC[C@@H]21)C3,5.704652851666382,1974.0,0,0,0,0,1,1
CCOC(=O)[C@]1(C)CCC[C@]2(C)[C@@H]1CC[C@@]13C/C(=N\OC/C=C/c4cccc(C(F)(F)F)c4)[C@@](C)(CC[C@@H]21)C3,5.313274378925458,4861.0,0,0,0,0,1,1
CCOC(=O)[C@]1(C)CCC[C@]2(C)[C@@H]1CC[C@@]13C/C(=N\OC/C=C/c4ccc(F)cc4)[C@@](C)(CC[C@@H]21)C3,5.2097852297560205,6169.0,1,1,0,0,1,1
CCOC(=O)[C@]1(C)CCC[C@]2(C)[C@@H]1CC[C@@]13C/C(=N\OC/C=C/c4ccccc4)[C@@](C)(CC[C@@H]21)C3,4.970738004195825,10697.0,1,1,0,1,1,1
C=CCO/N=C1\C[C@]23CC[C@H]4[C@@](C)(CCC[C@@]4(C)C(=O)OCC)[C@@H]2CC[C@@]1(C)C3,5.065148197034339,8607.0,0,0,0,0,1,1
CCOC(=O)[C@]1(C)CCC[C@]2(C)[C@@H]1CC[C@@]13C/C(=N\OCCN4CCOCC4)[C@@](C)(CC[C@@H]21)C3,6.105130343254747,785.0,1,1,0,1,1,1
CCOC(=O)[C@]1(C)CCC[C@]2(C)[C@@H]1CC[C@@]13C/C(=N\OCC4(C)COC4)[C@@](C)(CC[C@@H]21)C3,7.552841968657781,28.0,1,1,0,0,1,1
CCOC(=O)[C@]1(C)CCC[C@]2(C)[C@@H]1CC[C@@]13C/C(=N\OCC4OCCO4)[C@@](C)(CC[C@@H]21)C3,5.792634962530928,1612.0,1,1,0,1,1,1
CCOC(=O)[C@]1(C)CCC[C@]2(C)[C@@H]1CC[C@@]13C/C(=N\OC4CCOCC4)[C@@](C)(CC[C@@H]21)C3,5.742561433140186,1809.0,1,1,0,0,1,1
CCOC(=O)[C@]1(C)CCC[C@]2(C)[C@@H]1CC[C@@]13C/C(=N\OCc4c(C)noc4C)[C@@](C)(CC[C@@H]21)C3,5.541362150974351,2875.0,1,1,0,0,1,1
CCOC(=O)[C@]1(C)CCC[C@]2(C)[C@@H]1CC[C@@]13C/C(=N\OCc4cc(C)nn4C)[C@@](C)(CC[C@@H]21)C3,5.3952341152961125,4025.0,1,1,0,0,1,1
CCOC(=O)[C@]1(C)CCC[C@]2(C)[C@@H]1CC[C@@]13C/C(=N\OCc4ccsc4)[C@@](C)(CC[C@@H]21)C3,7.823908740944319,15.0,1,1,0,1,1,1
CCOC(=O)[C@]1(C)CCC[C@]2(C)[C@@H]1CC[C@@]13C/C(=N\OCc4cnc(Cl)s4)[C@@](C)(CC[C@@H]21)C3,5.711974464611637,1941.0,1,1,0,0,1,1
CCOC(=O)[C@]1(C)CCC[C@]2(C)[C@@H]1CC[C@@]13C/C(=N\OCc4csc5ccc(Cl)cc45)[C@@](C)(CC[C@@H]21)C3,6.288192770958809,515.0,1,1,0,0,1,1
CCOC(=O)c1ccc(CO/N=C2\C[C@]34CC[C@H]5[C@@](C)(CCC[C@@]5(C)C(=O)OCC)[C@@H]3CC[C@@]2(C)C4)o1,5.005374946231395,9877.0,0,0,0,0,1,1
CCOC(=O)[C@]1(C)CCC[C@]2(C)[C@@H]1CC[C@@]13C/C(=N\OCc4c(F)c(F)c(F)c(F)c4F)[C@@](C)(CC[C@@H]21)C3,6.493494967595128,321.0,1,1,0,0,1,1
CCOC(=O)[C@]1(C)CCC[C@]2(C)[C@@H]1CC[C@@]13C/C(=N\OCc4ccc(OC(F)(F)F)cc4)[C@@](C)(CC[C@@H]21)C3,5.99012436628784,1023.0,0,0,0,0,1,1
CCOC(=O)[C@]1(C)CCC[C@]2(C)[C@@H]1CC[C@@]13C/C(=N\OCc4ccc(C(F)(F)F)cc4)[C@@](C)(CC[C@@H]21)C3,5.569763646588489,2693.0,0,0,0,0,1,1
CCOC(=O)[C@]1(C)CCC[C@]2(C)[C@@H]1CC[C@@]13C/C(=N\OCc4ccc(Cl)c(F)c4)[C@@](C)(CC[C@@H]21)C3,5.00939478857608,9786.0,1,1,0,0,1,1
CCOC(=O)[C@]1(C)CCC[C@]2(C)[C@@H]1CC[C@@]13C/C(=N\OCc4cccc(Cl)c4)[C@@](C)(CC[C@@H]21)C3,4.742633461414985,18087.0,1,1,0,0,1,1
CCOC(=O)[C@]1(C)CCC[C@]2(C)[C@@H]1CC[C@@]13C/C(=N\OCc4ccc(F)cc4)[C@@](C)(CC[C@@H]21)C3,5.363211310965625,4333.0,1,1,0,1,1,1
CCOC(=O)[C@]1(C)CCC[C@]2(C)[C@@H]1CC[C@@]13C/C(=N\OCc4cc(Cl)ccc4Cl)[C@@](C)(CC[C@@H]21)C3,5.033717437832537,9253.0,1,1,0,0,1,1
CC[C@H](C)[C@@H]1NC(=O)[C@H](CCCNC(=N)N)NC(=O)[C@H](CCC(N)=O)NC(=O)[C@@H]2CSSC[C@@H]3NC(=O)[C@H](C)NC(=O)CNC(=O)[C@@H]4CCCN4C(=O)[C@@H]4CSSC[C@H](NC(=O)[C@H](Cc5ccc(O)cc5)NC(=O)CNC(=O)[C@H](CC(N)=O)NC(=O)CNC(=O)[C@H](CCCNC(=N)N)NC(=O)[C@H](CSSC[C@H](NC(=O)[C@H](CCCCN)NC(=O)[C@H](CCCCN)NC(=O)[C@H](CC(C)C)NC1=O)C(=O)N[C@@H](CCCNC(=N)N)C(=O)N[C@@H](CCCNC(=N)N)C(=O)N[C@@H](CC(=O)O)C(=O)N[C@@H](CO)C(=O)N[C@@H](CC(=O)O)C(=O)N4)NC(=O)[C@H]([C@@H](C)CC)NC3=O)C(=O)NCC(=O)N[C@@H](CO)C(=O)NCC(=O)N[C@@H](CO)C(=O)N[C@@H](CC(=O)O)C(=O)NCC(=O)NCC(=O)N[C@@H](Cc1ccccc1)C(=O)N2,6.301029995663981,500.0,0,0,0,0,0,0
CC[C@H](C)[C@@H]1NC(=O)[C@H](CCCNC(=N)N)NC(=O)[C@H](CCC(N)=O)NC(=O)[C@@H]2CSSC[C@@H]3NC(=O)[C@H](C)NC(=O)CNC(=O)[C@@H]4CCCN4C(=O)[C@@H]4CSSC[C@H](NC(=O)[C@H](Cc5ccc(O)cc5)NC(=O)CNC(=O)[C@H](CC(N)=O)NC(=O)CNC(=O)[C@H](CCCCN)NC(=O)[C@H](CSSC[C@H](NC(=O)[C@H](CCC(N)=O)NC(=O)[C@H](CCC(N)=O)NC(=O)[C@H](CC(C)C)NC1=O)C(=O)N[C@@H](CCC(N)=O)C(=O)N[C@@H](CCC(N)=O)C(=O)N[C@@H](CC(=O)O)C(=O)N[C@@H](CO)C(=O)N[C@@H](CC(=O)O)C(=O)N4)NC(=O)[C@H]([C@@H](C)CC)NC3=O)C(=O)NCC(=O)N[C@@H](CO)C(=O)NCC(=O)N[C@@H](CO)C(=O)N[C@@H](CC(=O)O)C(=O)NCC(=O)NCC(=O)N[C@@H](Cc1ccccc1)C(=O)N2,6.2839966563652006,520.0,0,0,0,0,0,0
CC(=O)N[C@@H](CCCCN)C(=O)N[C@@H](CCCNC(=N)N)C(=O)N[C@@H](CC(C)C)C(=O)N[C@@H](CCCNC(=N)N)C(=O)c1nc2ccc(C(=O)NCc3ccc(C(=O)O)cc3)cc2s1,7.5376020021010435,29.0,0,0,0,0,0,0
CC[C@H](NC(C)=O)C(=O)N[C@@H](CCCN)C(=O)N[C@@H](CC(C)C)C(=O)N[C@@H](CCCNC(=N)N)C(=O)c1nc2ccc(C(=O)NC3CCNCC3)cc2s1,6.349692476868063,447.0,0,0,0,0,0,0
N=C(N)c1ccc(CNC(=O)[C@H](Cc2cccc(CN)c2)NC(=O)[C@@H](CCCc2ccccc2)NS(=O)(=O)Cc2cccc(C(=O)O)c2)cc1,7.346787486224656,45.0,1,1,0,0,1,1
COC(=O)Nc1ccc2c(c1)NC(=O)CC/C=C/C[C@H](N1CC[C@H](c3cccc(Cl)c3)OC1=O)c1nc-2c[nH]1,5.436518914605589,3660.0,0,0,0,0,0,0
CC(C)(C)OC[C@@H](NS(=O)(=O)c1ccccc1)C(=O)NCC(=O)NCc1ccc(C(=N)N)cc1,4.619788758288394,24000.0,1,1,0,0,0,0
CC(C)(C)OC[C@@H](NS(=O)(=O)Cc1ccccc1)C(=O)NCC(=O)NCc1ccc(C(=N)N)cc1,5.113509274827518,7700.0,1,1,0,0,1,1
CC[C@H](C)[C@@H]1NC(=O)[C@H](CCCNC(=N)N)NC(=O)[C@H](CO)NC(=O)[C@H](NC(=O)[C@H](CCC(N)=O)NC(=O)CNC(=O)CN)CSSC[C@H]2NC(=O)[C@H](C)NC(=O)CNC(=O)[C@@H]3CCCN3C(=O)[C@@H]3CSSC[C@H](C(=O)NCC(=O)N[C@@H](CO)C(=O)NCC(=O)N[C@@H](CO)C(=O)N[C@@H](CC(=O)O)C(=O)O)NC(=O)[C@H](Cc4ccc(O)cc4)NC(=O)CNC(=O)[C@H](CC(N)=O)NC(=O)CNC(=O)[C@H](CCCNC(=N)N)NC(=O)[C@H](CSSC[C@H](NC(=O)[C@H](CCCCN)NC(=O)[C@H](CCCCN)NC(=O)[C@H](CC(C)C)NC1=O)C(=O)N[C@@H](CCCNC(=N)N)C(=O)N[C@@H](CCCNC(=N)N)C(=O)N[C@@H](CC(=O)O)C(=O)N[C@@H](CO)C(=O)N[C@@H](CC(=O)O)C(=O)N3)NC(=O)[C@H]([C@@H](C)CC)NC2=O,4.017728766960432,96000.0,1,1,1,1,0,0
CC[C@H](C)[C@@H]1NC(=O)[C@H](CCCNC(=N)N)NC(=O)[C@H](Cc2ccccc2)NC(=O)[C@H](NC(=O)[C@H](CCC(N)=O)NC(=O)CNC(=O)CN)CSSC[C@H]2NC(=O)[C@H](C)NC(=O)CNC(=O)[C@@H]3CCCN3C(=O)[C@@H]3CSSC[C@H](C(=O)NCC(=O)N[C@@H](CO)C(=O)NCC(=O)N[C@@H](CO)C(=O)N[C@@H](CC(=O)O)C(=O)O)NC(=O)[C@H](Cc4ccc(O)cc4)NC(=O)CNC(=O)[C@H](CC(N)=O)NC(=O)CNC(=O)[C@H](CCCNC(=N)N)NC(=O)[C@H](CSSC[C@H](NC(=O)[C@H](CCCCN)NC(=O)[C@H](CCCCN)NC(=O)[C@H](CC(C)C)NC1=O)C(=O)N[C@@H](CCCNC(=N)N)C(=O)N[C@@H](CCCNC(=N)N)C(=O)N[C@@H](CC(=O)O)C(=O)N[C@@H](CO)C(=O)N[C@@H](CC(=O)O)C(=O)N3)NC(=O)[C@H]([C@@H](C)CC)NC2=O,6.337242168318426,460.0,1,1,1,1,0,0
CC(=O)N[C@@H](CCC(N)=O)C(=O)N[C@@H](CCCNC(=N)N)C(=O)N[C@@H](Cc1ccccc1)C(=O)N[C@H](C=O)CCCNC(=N)N,6.2441251443275085,570.0,0,0,0,0,0,0
CC(=O)N[C@@H](CCC(N)=O)C(=O)N[C@@H](CCCNC(=N)N)C(=O)N[C@@H](CO)C(=O)N[C@H](C=O)CCCNC(=N)N,6.443697499232712,360.0,0,0,0,0,0,0
