smiles,y_pEC50_pKi,exp_mean_nM,cliff_mol_shipped,D0_recomputed,D1_ecfp4_strict,D2_invariant,D3_mmp,D3_mmp_size_capped_13
COc1ccccc1N1CCN(Cc2ccn(-c3ccccc3)c2)CC1,8.886056647693163,1.3,0,0,0,0,1,1
c1ccc(N2CCN(Cc3ccn(-c4ccccc4)c3)CC2)cc1,8.397940008672037,4.0,1,1,0,1,1,1
CC1Cc2cccc3c2N1C(=O)C(N1CCN(Cc2ccc(Cl)cc2)CC1)CC3,8.045757490560675,9.0,0,0,0,0,0,0
CC1(C)Cc2cccc3c2N1C(=O)C(N1CCN(Cc2ccc(Cl)cc2)CC1)CC3,7.721246399047171,19.0,0,0,0,0,0,0
Cc1ccc(CN2CCN(C3CCc4cccc5c4N(CC5)C3=O)CC2)cc1,8.397940008672037,4.0,1,1,0,0,1,0
O=C(NCCCN1CCN(c2cccc(Cl)c2Cl)CC1)c1cccc2c1-c1ccccc1C2=O,5.399027104313252,3990.0,1,1,0,0,1,0
Oc1nc2c(N3CCN(Cc4ccccc4)CC3)cccc2[nH]1,7.841637507904751,14.4,0,0,0,0,1,1
O=C(NCCCN1CCN(c2ccccc2)CC1)c1cccc2c1-c1ccccc1C2=O,5.860120913598763,1380.0,0,0,0,0,0,0
O=C(NCCCN1CCN(c2cccc(Cl)c2Cl)CC1)c1cccc2c1Cc1ccccc1-2,6.486782399932061,326.0,1,1,0,0,1,1
CCN1C(=O)C(N2CCN(Cc3ccc(Cl)cc3)CC2)CCc2ccccc21,5.820735535660974,1511.0,1,1,0,0,0,0
O=C1Cc2c(ccc(Cl)c2N2CCN(Cc3ccccc3)CC2)N1,8.05551732784983,8.8,0,0,0,0,1,1
Fc1ccc(C(OC2CC3CCC(C2)N3Cc2ccc(Cl)c(Cl)c2)c2ccc(F)cc2)cc1,6.45717457304082,349.0,0,0,0,0,0,0
O=C(NCCCCN1CCN(c2cccc(Cl)c2Cl)CC1)c1cccc2c1-c1ccccc1C2=O,5.732828271596986,1850.0,0,0,0,0,1,0
CCN1CCC[C@H]1CNC(=O)c1c(OC)ccc(Br)c1OC,5.412064651363644,3872.0,0,0,0,0,0,0
O=C1C(N2CCN(Cc3ccc(Cl)cc3)CC2)CCc2cccc3c2N1CC3,8.397940008672037,4.0,0,0,0,0,1,0
CN1C2CCC1CC(OC(c1ccccc1)c1ccc(Cl)cc1)C2,6.0,1000.0,0,0,0,0,0,0
O=C(NCCCN1CCN(c2ccccc2)CC1)c1ccc2c(c1)Cc1ccccc1-2,6.168130225719498,679.0,0,0,0,0,0,0
O=C(NCCCN1CCN(c2cccc(Cl)c2Cl)CC1)c1ccc2c(c1)Cc1ccccc1-2,6.455931955649724,350.0,1,1,1,1,1,1
O=C1Cc2c(cccc2N2CCN(Cc3ccccc3)CC2)N1,8.522878745280337,3.0,0,0,0,0,1,1
Cc1ccc(CN2CCN(C3CCc4cccc5c4N(C3=O)C(C)(C)C5)CC2)cc1,7.920818753952375,12.0,0,0,0,0,0,0
COc1cc(C)ccc1CN1CCN(C2CCc3cccc4c3N(C2=O)C(C)(C)C4)CC1,7.468521082957745,34.0,0,0,0,0,0,0
c1ccc(CN2CCN(c3cccc4[nH]cnc34)CC2)cc1,7.327902142064283,47.0,1,1,0,1,1,1
COc1ccc(Cl)cc1CN1CCN(C2CCc3cccc4c3N(C2=O)C(C)(C)C4)CC1,7.5376020021010435,29.0,0,0,0,0,0,0
OC1(c2cccc(C(F)(F)F)c2)CCN(Cc2ccn(-c3ccccc3)c2)CC1,6.308034897232639,492.0,0,0,0,0,0,0
Fc1ccc(C(OCCN2C3CCC2CC(OC(c2ccc(F)cc2)c2ccc(F)cc2)C3)c2ccc(F)cc2)cc1,6.061480274823508,868.0,0,0,0,0,0,0
CCN1C(=O)C(N2CCN(Cc3ccc(Cl)cc3)CC2)Cc2ccccc21,8.397940008672037,4.0,1,1,0,0,1,1
O=C(CN1CCN(Cc2ccc(Cl)cc2)CC1)N1CCc2ccccc21,8.795880017344075,1.6000000000000003,1,1,0,1,1,1
O=C(NCCCCN1CCN(c2cccc(Cl)c2Cl)CC1)C1c2ccccc2-c2ccccc21,6.407823242604133,391.0,0,0,0,0,1,1
O=C1c2ccccc2C(=O)N1CCCCCN1CCN(c2cccc(Cl)c2Cl)CC1,6.978810700930062,105.0,0,0,0,0,1,1
Cc1ccc(CN2CCN(C3CCc4cccc5c4N(C3=O)C(C)C5)CC2)cc1,8.0,10.0,0,0,0,0,0,0
O=C1c2ccccc2C(=O)N1CCCCN1CCN(c2cccc(Cl)c2Cl)CC1,6.434152181326482,368.0,0,0,0,0,1,1
O=C(NCCCN1CCN(c2ccccc2)CC1)C1c2ccccc2-c2ccccc21,5.663540266151471,2170.0,0,0,0,0,0,0
c1ccc(CN2CCN(c3cccc4[nH]ccc34)CC2)cc1,7.832682665251823,14.7,1,1,0,1,1,1
c1ccc(C2CCN(Cc3ccn(-c4ccccc4)c3)CC2)cc1,8.045757490560675,9.0,1,1,0,1,1,1
Oc1nc2ccccc2n1C1CCN(Cc2ccn(-c3ccccc3)c2)CC1,6.189767482004916,646.0,0,0,0,0,1,1
C1=C(c2ccccc2)CCN(Cc2ccn(-c3ccccc3)c2)C1,8.397940008672037,4.0,1,1,0,1,1,1
CN1C2CCC1CC(OC1c3ccccc3Cc3ccccc31)C2,6.266802734893431,541.0,0,0,0,0,0,0
Fc1ccc(C(O[C@@H]2C[C@@H]3CC[C@H](C2)N3CCCCc2ccccc2)c2ccc(F)cc2)cc1,7.166852888087215,68.1,0,0,0,0,0,0
O=C(NCCCN1CCN(c2cccc(Cl)c2Cl)CC1)C1c2ccccc2-c2ccccc21,5.943095148663527,1140.0,0,0,0,0,1,1
Brc1ccc(N2CCN(Cc3ccccc3)CC2)c2cc[nH]c12,8.585026652029182,2.6,0,0,0,0,1,1
FC(F)(F)c1nc2c(N3CCN(Cc4ccccc4)CC3)cccc2[nH]1,8.537602002101044,2.9,0,0,0,0,0,0
Clc1cccc(C(OC2CC3CCC(C2)N3CCCc2ccccc2)c2ccccc2)c1,6.653647025549361,222.0,0,0,0,0,0,0
COc1ccc(C)cc1CN1CCN(C2CCc3cccc4c3N(C2=O)C(C)(C)C4)CC1,7.187086643357144,65.0,0,0,0,0,0,0
c1ccc(-n2ccc(CN3CCN(c4ccccn4)CC3)c2)cc1,8.795880017344075,1.6,1,1,0,1,1,1
O=C(NCCCCCN1CCN(c2cccc(Cl)c2Cl)CC1)c1cccc2c1-c1ccccc1C2=O,6.275724130399211,530.0,0,0,0,0,1,0
Clc1ccc2[nH]ccc2c1N1CCN(Cc2ccccc2)CC1,8.769551078621726,1.7,1,1,0,1,1,1
O=C1NCN(c2ccccc2)C12CCN(Cc1ccn(-c3ccccc3)c1)CC2,6.696803942579511,201.0,0,0,0,0,1,1
OC1(c2ccc(Cl)cc2)CCN(Cc2ccn(-c3ccccc3)c2)CC1,6.488116639021126,325.0,0,0,0,0,1,1
O=C(NCCCN1CCN(c2ccccc2)CC1)c1cccc2c1Cc1ccccc1-2,6.101823516502323,791.0,0,0,0,0,0,0
Fc1ccc(C(OC2CC3CCC(C2)N3Cc2cccc3ccccc23)c2ccc(F)cc2)cc1,6.920818753952375,120.0,0,0,0,0,0,0
Fc1ccc(C(OC2CC3CCC(C2)N3Cc2cc3ccccc3[nH]2)c2ccc(F)cc2)cc1,6.764471553092451,172.0,0,0,0,0,0,0
Fc1ccc(C(OC2CC3CCC(C2)N3Cc2ccccc2)c2ccc(F)cc2)cc1,6.1938200260161125,640.0,0,0,0,0,0,0
COc1cccc(C(=O)CCCN2CCN(c3ccc(Cl)cc3)CC2)c1,8.397940008672037,4.0,1,1,1,1,1,1
COc1cccc(CNCCN2CCN(c3ccc(Cl)cc3)CC2)c1,7.638272163982407,23.0,1,1,0,0,1,1
COc1ccccc1N1CCN(CNC(=O)c2ccc(Cl)cc2)CC1,7.85186026349878,14.065,1,1,0,0,1,1
COc1ccccc1N1CCN(CCCNC(=O)C2CCCc3cccc(OC)c32)CC1,7.309803919971486,49.0,0,0,0,0,1,1
O=C(NCN1CCN(c2ccccc2Cl)CC1)c1ccccc1,7.492413960236989,32.18,0,0,0,0,1,1
COc1cccc(C(=O)CCCN2CCN(c3ccccc3OC)CC2)c1,8.769551078621726,1.7,1,1,1,1,1,1
COc1cccc(C(=O)NCCCCN2CCN(c3ccc(Cl)cc3)CC2)c1,7.602059991327962,25.0,1,1,0,1,1,1
COc1cccc(C(=O)NCCCN2CCN(c3ccc(Cl)cc3)CC2)c1,8.267606240177031,5.4,1,1,1,1,1,1
COc1cccc(C(=O)CCCCN2CCN(c3ccc(Cl)cc3)CC2)c1,7.67778070526608,21.0,1,1,1,1,1,1
COc1ccc2c(c1)C(NCCN1CCN(c3ccc(Cl)cc3)CC1)CCC2,7.337242168318426,46.0,0,0,0,0,1,1
Cc1ccc(C(=O)NCN2CCN(c3ccccc3C#N)CC2)cc1,8.18852553689682,6.4785,0,0,0,0,0,0
N#Cc1ccccc1N1CCN(CNC(=O)c2ccc(Cl)cc2)CC1,8.259834761967172,5.4975000000000005,0,0,0,0,0,0
Cc1cccc(C(=O)NCN2CCN(c3ccccc3C#N)CC2)c1,8.039148846280314,9.138,1,1,0,0,0,0
Cc1cccc(C(=O)NCN2CCN(c3ccccc3Cl)CC2)c1,7.569280112136718,26.96,1,1,0,1,1,1
C1=C(c2ccccc2)CCN(C[C@@H]2CCC=C(c3ccccc3)C2)C1,7.041436116778033,90.9,1,1,0,1,1,1
COc1cccc(NC(=O)CCN2CCN(c3ccc(Cl)cc3)CC2)c1,7.376750709602099,42.0,1,1,0,0,1,1
COc1ccc2c(c1)C(=O)N(CCN1CCN(c3ccc(Cl)cc3)CC1)CC2,6.85078088734462,141.0,0,0,0,0,1,1
COc1cccc(C(=O)CCCCCN2CCN(c3ccc(Cl)cc3)CC2)c1,6.552841968657781,280.0,1,1,1,1,1,1
Oc1ccc(C2=CCN(C[C@@H]3CCC=C(c4ccc(O)cc4)C3)CC2)cc1,7.167491087293763,68.0,1,1,0,1,0,0
COc1cccc2c1CCN(CCN1CCN(c3ccc(Cl)cc3)CC1)C2=O,7.376750709602099,42.0,0,0,0,0,1,1
N#Cc1ccccc1N1CCN(CNC(=O)c2ccccc2)CC1,7.569280112136718,26.96,0,0,0,0,0,0
COc1cccc(C(=O)CCCCN2CCN(c3ccccc3OC)CC2)c1,7.366531544420414,43.0,1,1,1,1,1,1
COc1cc(N)c(Cl)cc1C(=O)NCCN1CCN(c2ccccc2OC)CC1,7.721246399047171,19.0,0,0,0,0,1,1
COc1cccc(C(=O)NCCN2CCN(c3ccccc3OC)CC2)c1,8.920818753952375,1.2000000000000002,1,1,0,1,1,1
COc1cccc(CCCCN2CCN(c3ccc(Cl)cc3)CC2)c1,6.690369832574102,204.0,1,1,0,0,1,1
Cc1ccc(C(=O)NCN2CCN(c3ccccc3Cl)CC2)cc1,7.920456992597094,12.01,1,1,0,0,1,1
COc1ccccc1N1CCN(CCNC(=O)C2CCCc3c(OC)cccc32)CC1,7.657577319177793,22.0,0,0,0,0,1,1
COc1cccc(C(=O)N(C)CCN2CCN(c3ccc(Cl)cc3)CC2)c1,6.7447274948966935,180.0,1,1,0,0,1,1
COc1ccccc1N1CCN(CNC(=O)c2ccc(C)cc2)CC1,8.111764326729434,7.731,0,0,0,0,1,1
COc1ccccc1N1CCN(CCCC2CCCc3c(OC)cccc32)CC1,7.431798275933005,37.0,0,0,0,0,1,1
COc1ccccc1N1CCN(CCC(=O)NC2CCCc3c(OC)cccc32)CC1,7.173925197299173,67.0,0,0,0,0,1,0
COc1cccc(C(=O)NCCCCCN2CCN(c3ccc(Cl)cc3)CC2)c1,6.617982957425132,241.0,1,1,1,1,1,1
COc1cccc2c1CCCC2CCCN1CCN(c2ccc(Cl)cc2)CC1,6.380906669373258,416.0,0,0,0,0,1,1
COc1cccc(C(=O)NCCN2CCN(c3ccc(Cl)cc3)CC2)c1,10.397940008672036,0.04,1,1,0,1,1,1
COc1ccccc1N1CCN(CNC(=O)c2cccc(C)c2)CC1,8.171952671411244,6.7305,0,0,0,0,1,1
N#Cc1ccccc1N1CCN(CNC(=O)c2cccc(Cl)c2)CC1,7.469288162018343,33.94,1,1,0,1,0,0
O=C(NCN1CCN(c2ccccc2Cl)CC1)c1ccc(Cl)cc1,8.277859874542584,5.274,1,1,0,0,1,1
COc1ccccc1N1CCN(CCCCC2CCCc3c(OC)cccc32)CC1,7.366531544420414,43.0,0,0,0,0,1,1
COc1ccccc1N1CCN(CNC(=O)c2cccc(Cl)c2)CC1,7.819874124835946,15.14,1,1,0,1,1,1
O=C(NCN1CCN(c2ccccc2Cl)CC1)c1cccc(Cl)c1,7.388595362288407,40.870000000000005,1,1,0,1,1,1
COc1ccccc1N1CCN(Cc2cccc(-c3ccccc3)c2)CC1,8.096910013008056,8.0,1,1,0,1,1,1
Oc1ccc(C2=CCC[C@@H](CN3CC=C(c4ccccc4)CC3)C2)cc1,7.211831628858833,61.4,1,1,0,1,1,1
COc1ccc2c(c1)C(CCCN1CCN(c3ccc(Cl)cc3)CC1)CCC2,6.407823242604133,391.0,0,0,0,0,1,1
COc1ccccc1N1CCN(CNC(=O)c2ccccc2)CC1,7.658763376761308,21.94,0,0,0,0,1,1
Clc1ccc(N2CCN(Cc3cccn4nccc34)CC2)cc1,7.1938200260161125,64.0,1,1,0,1,1,1
Clc1ccc(N2CCN(Cc3cnn4ccccc34)CC2)cc1,8.516901980065708,3.041571428571429,1,1,0,1,1,1
Clc1ccc(N2CCN(Cc3cccc4ccnn34)CC2)cc1,5.886056647693163,1300.0,1,1,0,1,1,1
Clc1ccc(N2CCN(Cc3cc4ccccn4n3)CC2)cc1,8.620099079474805,2.398285714285714,1,1,0,1,1,1
Clc1ccc(N2CCN(Cc3ccc4ccnn4c3)CC2)cc1,8.508638306165727,3.1,1,1,0,1,1,1
CCOC(=O)c1cnn2cccc(CN3CCN(c4ccc(Cl)cc4)CC3)c12,5.167491087293763,6800.0,0,0,0,0,0,0
OCc1cnn2cccc(CN3CCN(c4ccc(Cl)cc4)CC3)c12,5.443697499232712,3600.0,1,1,1,1,1,1
Cc1ccc2c(c1)C(NC1CC3CCC(C1)N3Cc1ccccc1)=Nc1cccnc1N2,6.882728704344236,131.0,0,0,0,0,0,0
Cc1ccc2c(c1)C(NC1CCN(Cc3ccccc3)CC1)=Nc1cccnc1N2,7.337242168318426,46.0,0,0,0,0,1,1
Clc1ccc2c(c1)C(N1CCN(Cc3ccccc3)CC1)=Nc1cccnc1N2,6.962573502059376,109.0,0,0,0,0,0,0
Cc1ccc2c(c1)C(N1CCCN(C)CC1)=Nc1cccnc1N2,6.448550002027125,356.0,1,1,0,1,0,0
CN1CCCN(C2=Nc3cccnc3Nc3ccc(Cl)cc32)CC1,6.787812395596042,163.0,1,1,0,1,0,0
Cc1ccc2c(c1)C(N1CCN(CCc3ccccc3)CC1)=Nc1cccnc1N2,7.431798275933005,37.0,0,0,0,0,0,0
Cc1ccc2c(c1)C(N1CCN(Cc3ccccc3)CC1)=Nc1cccnc1N2,6.73754891026957,183.0,0,0,0,0,0,0
Clc1ccc2c(c1)C(NCCN1CCCC1)=Nc1cccnc1N2,6.467245621007502,341.0,0,0,0,0,0,0
Cc1ccc2c(c1)C(NC1CCN(C)CC1)=Nc1cccnc1N2,6.292429823902063,510.0,1,1,0,0,1,1
Clc1ccc2c(c1)C(N1CCN(CCc3ccccc3)CC1)=Nc1cccnc1N2,7.397940008672037,40.0,0,0,0,0,0,0
Cc1ccc2c(c1)C(N1CCN(C)CC1)=Nc1cccnc1N2,7.443697499232712,36.0,1,1,0,1,0,0
Clc1ccc2c(c1)C(N1CCN(C3CCCCC3)CC1)=Nc1cccnc1N2,7.318758762624412,48.0,0,0,0,0,0,0
CN1CCC(NC2=Nc3cccnc3Nc3ccc(Cl)cc32)CC1,6.405607449624573,393.0,1,1,0,0,0,0
Clc1ccc2c(c1)C(NC1CC3CCC(C1)N3Cc1ccccc1)=Nc1cccnc1N2,6.939302159646388,115.0,0,0,0,0,0,0
Clc1ccc2c(c1)C(NC1CCN(Cc3ccccc3)CC1)=Nc1cccnc1N2,7.050609993355087,89.0,0,0,0,0,0,0
CN1CCN(C2=Nc3cccnc3Nc3ccc(Cl)cc32)CC1,7.619788758288394,24.0,1,1,0,1,0,0
CCCN(CCC)[C@@H]1CCc2c(OC)cccc2[C@@H]1C,7.318758762624412,48.0,0,0,0,0,0,0
Cc1ccc2c(c1)C(N1CCN(C3CCCCC3)CC1)=Nc1cccnc1N2,7.075720713938118,84.0,0,0,0,0,0,0
CCCN[C@@H]1CCc2c(OC)cccc2[C@@H]1C,6.931814138253839,117.0,0,0,0,0,1,1
CCOc1ccccc1OCC1CN(Cc2ccc(Cl)cc2)CCCO1,8.309803919971486,4.9,1,1,0,1,1,1
CCOc1cc(Cl)ccc1OCC1CN(Cc2ccc(Cl)cc2)CCCO1,8.154901959985743,7.0,0,0,0,0,1,1
Cc1ccc(OCCCNCCOc2ccc(Cl)cc2)cc1,8.250921032746113,5.6115,0,0,0,0,1,1
Cc1ccc(OCCNCCCOc2ccccc2)cc1Cl,9.281996831732982,0.5224,1,1,0,1,1,1
COc1ccccc1OCC1CN(Cc2ccccc2)CCO1,6.070581074285707,850.0,0,0,0,0,1,1
COc1ccc(OCCNCCCOc2ccccc2)cc1,8.268814292365999,5.385,1,1,0,0,1,1
COc1cc(Cl)cc(OCC2CN(Cc3ccccc3)CCO2)c1,6.036212172654444,920.0,0,0,0,0,1,1
Clc1ccc(OCCNCCCOc2ccc(Br)cc2)cc1,7.420102130396896,38.010000000000005,1,1,0,1,1,1
COc1cc(Cl)ccc1OCC1CN(Cc2ccc(Br)cc2)CCCO1,8.698970004336019,2.0,0,0,0,0,0,0
CCOc1ccc(Cl)cc1OCC1CN(Cc2ccc(Cl)cc2)CCCO1,8.031517051446064,9.3,1,1,0,0,1,1
CCOc1ccccc1OCC1CN(Cc2ccc([N+](=O)[O-])cc2)CCO1,7.455931955649724,35.0,0,0,0,0,0,0
Cc1ncccc1OCC1CN(Cc2ccc(Cl)cc2)CCCO1,7.080921907623926,83.0,1,1,0,0,1,1
COc1ccc(N)cc1OCC1CN(Cc2ccc(Cl)cc2)CCO1,7.0,100.0,1,1,0,1,1,1
COc1ccccc1OCC1CN(Cc2ccc(C(F)(F)F)cc2)CCO1,7.214670164989233,61.0,0,0,0,0,1,1
CC(C)Oc1ccccc1OCC1CN(Cc2ccc(Cl)cc2)CCO1,7.337242168318426,46.0,0,0,0,0,1,1
COc1cccc(OCC2CN(Cc3ccc(Cl)cc3)CCO2)c1OC,6.0,1000.0,0,0,0,0,1,1
Oc1cc(Cl)ccc1NCC1CN(Cc2ccc(Cl)cc2)CCO1,8.267606240177031,5.4,0,0,0,0,1,1
c1ccc(CCCNCCCOc2ccccc2)cc1,8.481486060122112,3.3,1,1,0,1,1,1
CCOc1ccccc1OCC1CN(Cc2ccc(F)cc2)CCO1,6.7447274948966935,180.0,1,1,0,1,1,1
COc1ccc(Cl)cc1OCC1CN(Cc2ccccc2)CCO1,7.154901959985743,70.0,0,0,0,0,1,1
Cc1ccccc1OCCNCCCOc1ccccc1,7.130386972827871,74.065,1,1,0,1,1,1
Cc1ccc(OCCNCCCOc2ccccc2)cc1,9.281996831732982,0.5224,1,1,0,1,1,1
CCOc1ccc(Cl)cc1OCC1CN(Cc2ccc(Cl)cc2)CCO1,8.537602002101044,2.9,1,1,0,0,1,1
Fc1ccc(OCCCNCCOc2ccc(Cl)cc2)cc1,9.07784567476894,0.8359,1,1,0,1,1,1
Cc1ccc(OCCNCCCOc2ccc(Br)cc2)cc1,7.569280112136718,26.96,1,1,0,1,1,1
Cc1ccc(SCCNCCCOc2ccccc2)cc1,7.522878745280337,30.0,1,1,0,1,1,1
CCOc1cc(I)ccc1OCC1CN(Cc2ccc(Cl)cc2)CCO1,7.619788758288394,24.0,0,0,0,0,1,1
Cc1ccc(OCCNCCCOc2ccc(F)cc2)cc1,9.01886121735934,0.9575,1,1,0,1,1,1
CCCc1ccccc1OCC1CN(Cc2ccc(Cl)cc2)CCO1,7.494850021680094,32.0,0,0,0,0,1,1
Clc1ccc(OCCNCCCOc2ccccc2)cc1,9.277859874542584,0.5274000000000001,1,1,0,1,1,1
COc1ccccc1OCC1CN(Cc2ccc(Cl)cc2)CCO1,7.494850021680094,32.0,1,1,0,0,1,1
CCOc1cc(C#N)ccc1OCC1CN(Cc2ccc(Cl)cc2)CCO1,7.397940008672037,40.0,1,1,0,0,1,1
Cc1ccc(OCCCNCCOc2ccccc2)cc1,8.569280112136719,2.696,1,1,0,1,1,1
COc1ccc([N+](=O)[O-])cc1OCC1CN(Cc2ccc(Cl)cc2)CCCO1,6.3979400086720375,400.0,1,1,0,1,1,1
COc1ccc([N+](=O)[O-])cc1OCC1CN(Cc2ccc(Cl)cc2)CCO1,7.638272163982407,23.0,1,1,0,1,1,1
COc1cc(I)ccc1OCC1CN(Cc2ccccc2)CCO1,6.366531544420414,430.0,0,0,0,0,0,0
COCCOc1ccccc1OCC1CN(Cc2ccc(Cl)cc2)CCO1,7.2839966563652,52.0,1,1,0,0,1,1
Clc1cccc(OCCNCCCOc2ccccc2)c1,9.509339346643864,0.3095,1,1,0,1,1,1
Cc1ccc(OCCCNCCOc2ccc(C)cc2)cc1,7.959397659885926,10.98,1,1,0,1,1,1
COc1ccc(F)cc1OCC1CN(Cc2ccc(Cl)cc2)CCO1,7.522878745280337,30.0,1,1,0,1,1,1
CC(=O)c1ccc(Cl)cc1OCC1CN(Cc2ccc(Cl)cc2)CCCO1,8.259637310505756,5.5,0,0,0,0,1,1
Clc1ccc(SCCNCCCOc2ccccc2)cc1,7.481486060122112,33.0,1,1,0,1,1,1
COc1ccc(Cl)cc1NCC1CN(Cc2ccc(Cl)cc2)CCO1,8.346787486224656,4.5,1,1,0,1,1,1
Cc1ccc(OCCNCCCOc2ccccc2)cc1C,9.457984185129412,0.34835,1,1,0,1,1,1
COc1ccccc1/C=C/C1CN(Cc2ccc(Cl)cc2)CCO1,6.698970004336019,200.0,0,0,0,0,1,1
Cc1cccc(OCCNCCCOc2ccccc2)c1,9.33861330221823,0.45855,1,1,0,1,1,1
Cc1ccc(OCCNCCCOc2ccccc2C)cc1,8.959397659885926,1.098,1,1,0,0,1,1
O=[N+]([O-])c1ccc(OCCNCCCOc2ccccc2)cc1,8.358278075234168,4.3825,0,0,0,0,1,1
CCOc1ccccc1OCC1CN(Cc2ccc(Cl)cc2)CCO1,7.886056647693163,13.0,1,1,0,1,1,1
Cc1ccc(OCCNCCCOc2cccc(C)c2)cc1,8.920456992597094,1.201,0,0,0,0,1,1
CCCNC(=O)c1cc(C)c(OCC2CN(Cc3ccc(Cl)cc3)CCO2)cc1Cl,6.823908740944319,150.0,0,0,0,0,1,0
COc1ccccc1CCC1CN(Cc2ccc(Cl)cc2)CCO1,7.5376020021010435,29.0,1,1,0,0,1,1
COc1ccccc1OCC1CN(Cc2ccc(Cl)c(Cl)c2)CCO1,7.494850021680094,32.0,0,0,0,0,1,1
CCOc1cc(Cl)ccc1OCC1CN(Cc2ccc(Cl)cc2)CCO1,7.886056647693163,13.0,0,0,0,0,1,1
Oc1ccc(OCCNCCCOc2ccccc2)cc1,8.509339346643863,3.095,1,1,0,1,1,1
Cc1ccc(CCCNCCCOc2ccccc2)cc1,8.327902142064282,4.7,1,1,0,1,1,1
CCOc1ccccc1OCC1CN(Cc2ccc(Cl)cc2Cl)CCO1,6.537602002101044,290.0,1,1,0,0,1,1
COc1ccc(C(F)(F)F)cc1OCC1CN(Cc2ccc(Cl)cc2)CCO1,6.6020599913279625,250.0,0,0,0,0,1,1
Clc1ccccc1OCCNCCCOc1ccccc1,8.358278075234168,4.3825,1,1,0,1,1,1
Clc1ccc(OCCNCCCSc2ccccc2)cc1,8.853871964321762,1.4,1,1,0,1,1,1
COc1ccccc1OCC1CN(Cc2cccc(Cl)c2)CCO1,6.187086643357144,650.0,1,1,0,0,1,1
c1ccc(OCCCNCCOc2ccccc2)cc1,8.69951321201397,1.9975,1,1,0,1,1,1
Cc1ccc(OCCNCCCSc2ccccc2)cc1,9.096910013008056,0.8,1,1,0,1,1,1
Clc1ccc(CN2CCOC(COc3ccc(Cl)c4cccnc34)C2)cc1,7.397940008672037,40.0,0,0,0,0,1,1
COc1ccccc1SCC1CN(Cc2ccc(Cl)cc2)CCO1,7.214670164989233,61.0,1,1,0,0,1,1
N#Cc1ccc2cc(CN3CCN(c4ccc(Cl)c(Cl)c4)CC3)[nH]c2c1,8.045757490560675,9.0,0,0,0,0,1,0
Nc1ccc(C#CCCN2CC=C(c3ccccc3)CC2)cc1,6.641028275561098,228.545,0,0,0,0,1,1
N#Cc1ccc2cc(CN3CCN(c4ccccc4Cl)CC3)[nH]c2c1,8.468521082957745,3.4,0,0,0,0,1,1
N#Cc1ccc2[nH]cc(CN3CCN(c4ccc(Cl)c(Cl)c4)CC3)c2c1,7.657577319177793,22.0,0,0,0,0,1,1
N#Cc1ccc2[nH]cc(CN3CCN(c4ccccc4Cl)CC3)c2c1,7.769551078621726,17.0,1,1,0,0,1,1
N#Cc1ccc2[nH]cc(CN3CCN(c4ccc(F)cc4)CC3)c2c1,6.958607314841775,110.0,1,1,0,0,1,1
Oc1ccc2[nH]cc(CCCCN3CC=C(c4ccccc4)CC3)c2c1,7.619788758288394,24.0,0,0,0,0,1,1
N#Cc1ccc2[nH]cc(CN3CCN(c4ccccc4)CC3)c2c1,7.301029995663981,50.0,1,1,0,0,1,1
N#Cc1ccc2[nH]cc(CN3CCN(c4ccc(Cl)cc4)CC3)c2c1,7.5376020021010435,29.0,1,1,0,0,1,1
N#Cc1ccc2[nH]c(CN3CCN(c4ccc(F)cc4)CC3)cc2c1,9.0,1.0,1,1,0,0,1,1
NC(=O)C1CCC(CN2CCC(=C(c3ccccc3)c3ccc(F)cc3)CC2)O1,6.799998134593398,158.49,0,0,0,0,0,0
N#Cc1ccc2[nH]c(CN3CCN(c4ccccc4Cl)CC3)cc2c1,8.853871964321762,1.4,1,1,0,0,1,1
Nc1ccc(C#CCCN2CC=C(c3ccccc3)CC2)cn1,6.557975145642772,276.71000000000004,0,0,0,0,1,1
N#Cc1ccc2cc(CN3CCN(c4ccccc4)CC3)[nH]c2c1,8.443697499232712,3.6,0,0,0,0,1,1
N#Cc1ccc2[nH]c(CN3CCN(c4ccc(Cl)c(Cl)c4)CC3)cc2c1,8.1249387366083,7.5,0,0,0,0,1,1
N#Cc1ccc2[nH]c(CN3CCN(c4ccccc4)CC3)cc2c1,9.2839966563652,0.52,1,1,0,0,1,1
C(#Cc1cccnc1)CCN1CC=C(c2ccccc2)CC1,6.168424545547012,678.54,0,0,0,0,1,1
C(#Cc1ccncc1)CCN1CC=C(c2ccccc2)CC1,6.242057650590223,572.72,0,0,0,0,1,1
N#Cc1ccc2[nH]c(CN3CCN(c4ccc(Cl)cc4)CC3)cc2c1,8.67778070526608,2.1,1,1,0,0,1,1
Nc1ccc(C#CCCN2CC=C(c3ccccc3)CC2)nc1,6.430310141969187,371.27,0,0,0,0,1,1
c1ccc(CNCCOc2cccc3[nH]cnc23)cc1,7.287350298372789,51.6,0,0,0,0,1,1
COc1ccc(N2CCN(CCC3NC(=O)c4ccccc43)CC2)cc1,7.428291168191312,37.3,0,0,0,0,1,1
Cc1ccc(C2CCN(CCC3NC(=O)c4ccccc43)CC2)cc1C,8.031517051446064,9.3,0,0,0,0,0,0
FC(F)(F)c1nc2c(OCCNCc3ccccc3)cc(Cl)cc2[nH]1,8.154901959985743,7.0,0,0,0,0,0,0
c1ccc(CNCCOc2cccc3[nH]ncc23)cc1,6.501000636419847,315.5,0,0,0,0,1,1
O=C1NC(CCN2CCN(c3ccc4ccccc4c3)CC2)c2ccccc21,8.0,10.0,0,0,0,0,0,0
Oc1nc2c(OCCNCc3ccccc3)cccc2[nH]1,8.200659450546418,6.3,0,0,0,0,1,1
c1ccc(CNCCOc2cccc3[nH]ccc23)cc1,6.637894680706227,230.2,0,0,0,0,1,1
COc1ccc(N2CCN(CCC3c4ccccc4C(=O)N3C)CC2)cc1,6.47755576649368,333.0,0,0,0,0,1,1
Clc1ccc(N2CCN(Cc3c[nH]c4ncccc34)CC2)cc1,9.252505329277216,0.5591066666666666,1,1,1,1,1,1
FC(F)(F)c1nc2c(OCCNCc3ccccc3)cccc2[nH]1,8.508638306165727,3.1,0,0,0,0,1,1
O=C1NC(CCN2CCN(c3ccccc3)CC2)c2ccccc21,7.610833915635467,24.5,0,0,0,0,1,1
Cc1nc(N2CCN(CCC3NC(=O)c4ccccc43)CC2)sc1C,7.681936665037238,20.8,0,0,0,0,0,0
Cc1ccc(N2CCN(CCC3c4ccccc4C(=O)N3C)CC2)cc1C,7.454692883534176,35.1,0,0,0,0,1,1
Sc1nc2c(OCCNCc3ccccc3)cccc2[nH]1,8.42021640338319,3.8,1,1,0,1,1,1
Sc1nc2c(OCCNCc3ccccc3)cc(Cl)cc2[nH]1,7.950781977329818,11.2,0,0,0,0,0,0
Cc1ccnc(N2CCN(CCC3NC(=O)c4ccccc43)CC2)c1,7.645891560852599,22.6,0,0,0,0,0,0
CN1C(=O)c2ccccc2C1CCN1CCN(c2ccc(Cl)cc2)CC1,7.104577453960592,78.6,0,0,0,0,1,1
Oc1nc2c(OCCNCc3ccccc3)cc(Cl)cc2[nH]1,7.801342913045577,15.8,0,0,0,0,0,0
Cc1ccc(N2CCN(CCC3NC(=O)c4ccccc43)CC2)cc1,7.906578314837765,12.4,0,0,0,0,1,1
Cc1nc2c(OCCNCc3ccccc3)cccc2[nH]1,7.213958789757446,61.1,1,1,0,1,1,1
O=C(CCN1CCN(c2ccc(CO)c(Cl)c2)CC1)c1ccc(Cl)cc1,7.221848749616356,60.0,0,0,0,0,0,0
Oc1cccc(OCCNCc2ccccc2)c1,7.09366495819491,80.6,1,1,0,1,1,1
O=C1Cc2c(cccc2OCCNCc2ccccc2)N1,8.0,10.0,0,0,0,0,1,1
O=C1NC(CCN2CCN(c3ccc(Cl)cc3)CC2)c2ccccc21,7.555955204081924,27.8,0,0,0,0,1,1
CN1CCN(c2nc3ccccc3c(Cl)c2Sc2ccccc2)CC1,7.036212172654444,92.0,0,0,0,0,0,0
Cc1nc(Cl)c(Sc2ccc(Cl)cc2)c(NC2CCN(Cc3ccccc3)CC2)n1,8.638272163982407,2.3,0,0,0,0,1,0
O=C(CCCCCN1CCN(c2noc3ccccc23)CC1)c1ccccc1O,6.497572880015567,318.0,0,0,0,0,1,1
c1ccc(N2CCN(Cc3nc4ccccc4[nH]3)CC2)nc1,6.777283528852417,167.0,1,1,0,1,1,1
COc1ccc(N2CCN(Cc3nc4ccccc4[nH]3)CC2)cc1,7.690369832574102,20.4,1,1,0,0,1,1
COc1ccccc1C(=O)CCCCCN1CCN(c2noc3ccccc23)CC1,8.404503778174426,3.94,0,0,0,0,1,1
O=C1[C@H]2[C@@H]3CC[C@@H](C3)[C@H]2C(=O)N1CCCCN1CCN(c2ncccn2)CC1,8.142667503568731,7.2,0,0,0,0,1,1
Fc1ccc(N2CCN(Cc3nc4ccccc4[nH]3)CC2)cc1,7.099086932262331,79.6,1,1,0,1,1,1
Cc1nc(Cl)c(Sc2ccc(Cl)cc2)c(N2CCN(C)CC2)n1,6.585026652029182,260.0,0,0,0,0,1,0
c1cncc(N2CCN(Cc3nc4ccccc4[nH]3)CC2)c1,6.424812155072339,376.0,1,1,0,1,1,1
Clc1ccccc1N1CCN(Cc2nc3ccccc3[nH]2)CC1,8.070581074285707,8.5,1,1,0,1,1,1
CN(CCCCN1CCN(c2ncccn2)CC1)C1=Nc2ccccc2OC1,6.253365801062421,558.0,0,0,0,0,1,1
c1ccc(N2CCN(Cc3nc4ccccc4[nH]3)CC2)cc1,7.2839966563652,52.0,1,1,0,1,1,1
COc1ccccc1N1CCN(Cc2nc3ccccc3[nH]2)CC1,8.366531544420413,4.3,0,0,0,0,1,1
Clc1ccc(N2CCN(Cc3nc4ccccc4[nH]3)CC2)cc1,7.829738284605042,14.8,1,1,0,1,1,1
Clc1cccc(N2CCN(Cc3nc4ccccc4[nH]3)CC2)c1,8.017728766960431,9.6,1,1,0,0,1,1
Clc1ccccc1N1CCN(Cc2nc3ccc[nH]c-3n2)CC1,6.1432711096171175,719.0,1,1,0,1,1,1
CNc1nc(Cl)c(Sc2ccccc2)c(N2CCN(C)CC2)n1,6.6020599913279625,250.0,0,0,0,0,0,0
COc1cccc(N2CCN(Cc3nc4ccccc4[nH]3)CC2)c1,7.576754126063192,26.5,1,1,0,0,1,1
C#Cc1cccn1C1CCN(Cc2ccccc2)CC1,6.026872146400302,940.0,0,0,0,0,1,1
COc1ccc(Br)cc1-c1nc(CNC[C@@H]2CCN(Cc3ccccc3)C2)c[nH]1,5.954677021213342,1110.0,0,0,0,0,0,0
c1ccc(CN2CCC(n3ccc(-c4cnco4)c3)CC2)cc1,6.886056647693163,130.0,1,1,0,1,1,1
c1ccc(-c2nc(CN3CCN(c4ccccc4)CC3)cs2)cc1,6.346787486224656,450.0,1,1,0,1,1,1
c1ccc(CN2CCN(Cc3csc(-c4ccccc4)n3)CC2)cc1,6.229147988357855,590.0,1,1,0,1,1,1
c1ccc(CN2CCC(NCc3csc(-c4ccccc4)n3)CC2)cc1,7.275724130399211,53.0,1,1,0,0,0,0
C(#Cc1cccn1C1CCN(Cc2ccccc2)CC1)c1ccccc1,5.481486060122113,3300.0,0,0,0,0,1,1
c1ccc(-c2nc(CN3CCN(c4ccccc4)CC3)co2)cc1,6.6020599913279625,250.0,1,1,0,1,1,1
COc1ccc(Br)cc1-c1nc(CNC2CCN(Cc3ccccc3)CC2)co1,6.4089353929735005,390.0,0,0,0,0,0,0
c1ccc(CN2CCC(n3cccc3-c3cnco3)CC2)cc1,7.200659450546418,63.0,1,1,0,1,1,1
COc1ccc(Br)cc1-c1nc(CN(C)C[C@@H]2CCN(Cc3ccccc3)C2)co1,6.187086643357144,650.0,0,0,0,0,0,0
O=Cc1ccn(C2CCN(Cc3ccccc3)CC2)c1,6.017728766960431,960.0,0,0,0,0,1,1
COc1ccc(Br)cc1-c1nc(CN2CCN(c3ccccc3)CC2)co1,6.431798275933005,370.0,0,0,0,0,0,0
c1ccc(CN2CCC(n3cccc3)CC2)cc1,5.958607314841775,1100.0,1,1,0,1,1,1
COc1ccc(Br)cc1-c1nc(CN2CCN(Cc3ccccc3)CC2)co1,6.1487416512809245,710.0,0,0,0,0,0,0
Oc1ccc(Br)cc1-c1nc(CN2CCN(c3ccccc3)CC2)co1,6.236572006437063,580.0,0,0,0,0,0,0
O=Cc1cccn1C1CCN(Cc2ccccc2)CC1,6.698970004336019,200.0,0,0,0,0,1,1
C[Si](C)(C)C#Cc1cccn1C1CCN(Cc2ccccc2)CC1,5.568636235841013,2700.0,0,0,0,0,1,1
COc1ccc(Br)cc1-c1nc(CNC2CCN(Cc3ccccc3)CC2)cs1,6.3979400086720375,400.0,0,0,0,0,0,0
N#CC(C#N)=Cc1cccn1C1CCN(Cc2ccccc2)CC1,6.552841968657781,280.0,0,0,0,0,1,1
COc1c(-c2nc(CNC[C@@H]3CCN(Cc4ccccc4)C3)co2)cc(Br)c2ccccc12,4.809668301829708,15500.0,0,0,0,0,0,0
Ic1cccn1C1CCN(Cc2ccccc2)CC1,5.823908740944319,1500.0,1,1,0,1,1,1
COc1ccc(Br)cc1-c1nc(CN2CCN(c3ccccc3)CC2)cs1,6.229147988357855,590.0,0,0,0,0,0,0
c1ccc(CN2CCC(NCc3coc(-c4ccccc4)n3)CC2)cc1,6.455931955649724,350.0,0,0,0,0,0,0
c1ccc(N2CCN(CC[C@H]3CC[C@H](c4c[nH]c5ccccc54)CC3)CC2)nc1,7.136677139879544,73.0,0,0,0,0,0,0
N#CC(C#N)=Cc1ccn(C2CCN(Cc3ccccc3)CC2)c1,6.638272163982407,230.0,0,0,0,0,1,1
c1ccc(CN2CCN(Cc3coc(-c4ccccc4)n3)CC2)cc1,5.838631997765025,1450.0,1,1,0,1,1,1
COc1ccc(Br)cc1-c1nc(CN2CCN(Cc3ccccc3)CC2)cs1,6.431798275933005,370.0,0,0,0,0,0,0
c1ccc(CN2CC[C@@H](CNCc3csc(-c4ccccc4)n3)C2)cc1,6.4089353929735005,390.0,0,0,0,0,0,0
Cc1sc(C)c2c1CC(C)(C)Cc1c[nH]nc1-2,5.88706002391592,1297.0,0,0,0,0,0,0
Cn1ncc2c1-c1c(Cl)sc(Cl)c1CCC2,7.853871964321762,14.0,1,1,0,1,1,1
CCn1ncc2c1-c1c(Cl)sc(Cl)c1CCC2,6.774690718274137,168.0,1,1,0,0,1,1
Cc1sc(C)c2c1CCCc1nncn1-2,5.364013888199167,4325.0,1,1,0,1,0,0
O=C1Cc2cc(CCN3CCN(c4nsc5ccccc45)CC3)c(Cl)cc2N1,7.397614409894895,40.03,0,0,0,0,0,0
Cc1sc(C)c2c1CCc1cnn(C)c1-2,7.585026652029182,26.0,1,1,0,0,0,0
Cc1cc2c(s1)Nc1ccccc1N=C2N1CCN(C)CC1,7.5398541825082495,28.85,0,0,0,0,0,0
Cc1sc(C)c2c1CCCc1cnn(C)c1-2,8.698970004336019,2.0,1,1,0,1,1,1
OCCOCCN1CCN(C2=Nc3ccccc3Sc3ccccc32)CC1,5.795880017344075,1600.0,0,0,0,0,0,0
CC1NCCc2cc(O)c(O)cc21,5.1938200260161125,6400.0,0,0,0,0,0,0
CN1CCc2cc(O)c(O)cc2C1Cc1ccc(O)c(O)c1,6.455931955649724,350.0,0,0,0,0,0,0
Cc1sc(C)c2c1CCCc1c[nH]nc1-2,7.920818753952375,12.0,1,1,0,1,0,0
Cc1sc(C)c2c1SCc1cnn(C)c1-2,8.522878745280337,3.0,0,0,0,0,0,0
Cc1sc(C)c2c1CCc1cn(C)nc1-2,5.542723813938674,2866.0,1,1,0,0,0,0
Cc1ccc(C)c2c1CCCc1c[nH]nc1-2,6.371611069949688,425.0,1,1,0,0,0,0
Cc1sc(C)c2c1CCCc1cnn(-c3ccccc3)c1-2,5.801893001126598,1578.0,0,0,0,0,1,1
Cc1oc(C)c2c1CCCc1cnn(C)c1-2,7.958607314841775,11.0,1,1,0,1,0,0
Cc1oc(C)c2c1CCCc1c[nH]nc1-2,6.560667306169737,275.0,1,1,0,1,0,0
Cc1sc(C)c2c1CCCc1c(CN(C)C)n[nH]c1-2,5.591251393815756,2563.0,0,0,0,0,0,0
CCCn1ncc2c1-c1c(Cl)sc(Cl)c1CCC2,5.450016388840311,3548.0,1,1,0,1,1,1
Cc1sc(C)c2c1CCCc1cnn(C(C)C)c1-2,6.860120913598763,138.0,1,1,0,1,1,1
Cc1nc2n(c(=O)c1CCN1CCC(c3noc4cc(F)ccc34)CC1)CCCC2,7.974011818048293,10.616666666666667,0,0,0,0,1,0
Cc1sc(C)c2c1CCCc1ncn(C)c1-2,5.888401475119606,1293.0,1,1,0,1,0,0
Cc1sc(C)c2c1CCCc1nccn1-2,6.521433504406157,301.0,1,1,0,1,0,0
CN(C)CCOC1=Cc2ccccc2Sc2ccc(Cl)cc21,7.4089353929735005,39.0,0,0,0,0,0,0
Cc1sc(C)c2c1CCc1c[nH]nc1-2,6.769551078621726,170.0,1,1,0,1,0,0
Cn1cc2c(n1)-c1ccccc1CCC2,6.294992040666664,507.0,0,0,0,0,0,0
CC(C)(C)[C@@]1(O)CCN2C[C@@H]3c4ccccc4CCc4cccc(c43)[C@H]2C1,6.732828271596986,185.0,0,0,0,0,0,0
Oc1ccc(CC2NCCc3cc(O)c(O)cc32)cc1,5.508638306165727,3100.0,0,0,0,0,0,0
Oc1ccc(CC2NCCc3cc(O)c(O)cc32)cc1O,5.6020599913279625,2500.0,0,0,0,0,0,0
CC(C)n1ncc2c1-c1c(Cl)sc(Cl)c1CCC2,5.806041021980813,1563.0,1,1,0,1,1,1
Oc1ccc2c(c1)CCN2,6.301029995663981,500.0,0,0,0,0,0,0
Cc1sc(C)c2c1CCCc1nnc(C)n1-2,6.335358024443875,462.0,1,1,0,1,0,0
O=C1NCCN1CCN1CCC(c2cn(-c3ccc(F)cc3)c3ccc(Cl)cc23)CC1,7.795880017344075,16.0,0,0,0,0,1,1
CCn1ncc2c1-c1c(C)sc(C)c1CCC2,7.657577319177793,22.0,1,1,0,0,1,1
Clc1sc(Cl)c2c1CCCc1c[nH]nc1-2,6.772113295386326,169.0,1,1,0,1,0,0
CCCn1ncc2c1-c1c(C)sc(C)c1CCC2,7.013228265733755,97.0,1,1,0,1,1,1
Cc1sc(C)c2c1CCCc1cn(C)nc1-2,6.642065152999546,228.0,1,1,0,0,0,0
OC[C@H]1O[C@H](Oc2ccc(CC3NCCc4cc(O)c(O)cc43)cc2)[C@H](O)[C@H](O)[C@H]1O,5.920818753952375,1200.0,0,0,0,0,0,0
C1=C(c2nc3ccccc3o2)CCN(Cc2ccccc2)C1,7.013228265733755,97.0,1,1,0,1,1,1
Clc1ccccc1CN1CC=C(c2nc3ccccc3s2)CC1,7.060480747381382,87.0,0,0,0,0,1,1
C1=C(c2nc3ccccc3[nH]2)CCN(Cc2ccccc2)C1,7.026872146400302,94.0,1,1,0,1,1,1
Clc1ccc(CN2CC=C(c3nc4ccccc4[nH]3)CC2)cc1,7.167491087293763,68.0,1,1,0,1,1,1
Clc1ccc2sc(C3=CCN(Cc4ccccc4)CC3)nc2c1,7.356547323513812,44.0,1,1,0,1,0,0
Clc1ccc(CN2CC=C(c3nc4cc(Cl)ccc4s3)CC2)cc1,7.67778070526608,21.0,1,1,0,0,1,1
Clc1ccc(CN2CC=C(c3nc4cc(Cl)ccc4[nH]3)CC2)cc1,8.0,10.0,0,0,0,0,0,0
Clc1cccc(CN2CC=C(c3nc4ccccc4s3)CC2)c1,8.09151498112135,8.1,0,0,0,0,1,1
Clc1ccc(CN2CC=C(c3nc4cc(Cl)ccc4o3)CC2)cc1,8.075720713938118,8.4,0,0,0,0,0,0
Clc1ccc2[nH]c(C3=CCN(Cc4ccccc4)CC3)nc2c1,7.585026652029182,26.0,1,1,0,1,0,0
C1=C(c2nc3ccccc3s2)CCN(Cc2ccccc2)C1,8.301029995663981,5.0,1,1,0,1,1,1
Clc1ccc2oc(C3=CCN(Cc4ccccc4)CC3)nc2c1,7.769551078621726,17.0,1,1,0,1,0,0
Clc1ccc(CN2CC=C(c3nc4ccccc4s3)CC2)cc1,8.886056647693163,1.3,1,1,0,1,1,1
CCCN(CCC)[C@@H]1CCc2c(ccc3ccoc23)[C@@H]1C,7.259637310505756,55.0,0,0,0,0,0,0
Cc1c(-c2ccccc2)nnn1C1CCN(Cc2ccccc2)CC1,7.769551078621726,17.0,1,1,0,0,1,1
COc1ccccc1N1CCN(CCCCCNC(=O)c2cnn3ccccc23)CC1,7.168738279697179,67.805,1,1,0,1,1,1
Cc1nn(C2CCN(Cc3ccccc3)CC2)cc1-c1ccccc1,9.4089353929735,0.39,1,1,0,1,1,1
COc1ccccc1N1CCN(CCCCNC(=O)c2ccc3ccccc3c2)CC1,7.39111754910128,40.63333333333333,1,1,0,1,1,1
COc1ccccc1N1CCN(CCCCNC(=O)c2cccn3nccc23)CC1,7.06023122454665,87.05,0,0,0,0,1,1
c1ccc(CN2CCC(c3cc(-c4ccccc4)[nH]n3)CC2)cc1,7.958607314841775,11.0,1,1,0,1,1,1
Cc1c(-c2ccccc2)cnn1C1CCN(Cc2ccccc2)CC1,8.602059991327963,2.5,0,0,0,0,1,1
COc1ccccc1N1CCN(CCCCCNC(=O)c2cc3ccccn3n2)CC1,7.108964584684689,77.81,0,0,0,0,1,1
Cc1cc(-c2ccccc2)n(C2CCN(Cc3ccccc3)CC2)n1,6.853871964321762,140.0,0,0,0,0,1,1
COc1ccccc1N1CCN(CCCCNC(=O)c2ccn3nccc3c2)CC1,7.171952671411244,67.305,0,0,0,0,1,1
Cc1nnn(C2CCN(Cc3ccccc3)CC2)c1-c1ccccc1,7.744727494896693,18.0,1,1,0,1,1,1
O=c1c(CO)coc2cc(OCCCN3CCC(c4noc5cc(F)ccc45)CC3)ccc12,6.747146969020107,179.0,0,0,0,0,1,0
Cc1c(C2CCN(Cc3ccccc3)CC2)n[nH]c1-c1ccccc1,8.327902142064282,4.7,0,0,0,0,1,1
COc1ccccc1N1CCN(CCCNC(=O)c2cc3ccccn3n2)CC1,7.388595362288407,40.870000000000005,1,1,0,1,1,1
COc1ccccc1N1CCN(CCCCNC(=O)c2ccc3ccnn3c2)CC1,7.397940008672037,40.0,0,0,0,0,1,1
c1ccc(CN2CCC(n3nnnc3-c3ccccc3)CC2)cc1,5.920818753952375,1200.0,1,1,0,1,1,1
c1ccc(CN2CCC(n3nccc3-c3ccccc3)CC2)cc1,7.823908740944319,15.0,1,1,0,1,1,1
Cc1c(-c2ccccc2)cnn1C1CCN(Cc2cccc(Cl)c2)CC1,8.508638306165727,3.1,0,0,0,0,1,1
c1ccc(CN2CCC(n3cc(-c4ccccc4)nn3)CC2)cc1,7.494850021680094,32.0,0,0,0,0,1,1
c1ccc(CN2CCC(n3nnc(-c4ccccc4)n3)CC2)cc1,7.568636235841013,27.0,0,0,0,0,1,1
COc1ccccc1N1CCN(CCCNC(=O)c2cnn3ccccc23)CC1,7.853871964321762,14.0,1,1,0,1,1,1
Cc1nn(C2CCN(Cc3cccc(Cl)c3)CC2)cc1-c1ccccc1,8.508638306165727,3.1,0,0,0,0,1,1
c1ccc(CN2CCC(n3cnc(-c4ccccc4)c3)CC2)cc1,7.397940008672037,40.0,0,0,0,0,1,1
COc1ccccc1N1CCN(CCCCNC(=O)c2cnn3ccccc23)CC1,7.356547323513812,44.0,1,1,0,1,1,1
COc1ccccc1N1CCN(CCCCNC(=O)c2cc3ccccc3s2)CC1,7.743603003285175,18.046666666666667,1,1,1,1,1,1
COc1ccccc1N1CCN(CCCCNC(=O)c2cccc3ccnn23)CC1,8.050292927760191,8.906500000000001,1,1,0,0,1,1
Cc1nn(C2CCN(Cc3cccc(C#N)c3)CC2)cc1-c1ccccc1,8.920818753952375,1.2,0,0,0,0,0,0
Cc1c(-c2ccccc2)cnn1C1CCN(Cc2cccc(C#N)c2)CC1,8.2839966563652,5.2,0,0,0,0,0,0
C[C@H]1CC[C@H](C)N1CCCOc1ccc(-c2ccc(C(=O)N3CCOCC3)cc2)cc1,5.010000098195094,9772.37,0,0,0,0,0,0
COc1ccccc1N1CCN(CCNC(=O)c2cc3ccccn3n2)CC1,7.521433504406157,30.1,1,1,0,1,1,1
COc1ccccc1N1CCN(CCNC(=O)c2cnn3ccccc23)CC1,9.173925197299171,0.67,1,1,0,1,1,1
COc1ccccc1N1CCN(CCCCNC(=O)c2cc3ccccn3n2)CC1,6.870616283771383,134.70499999999998,1,1,0,0,1,1
COc1ccccc1N1CCN(CCCCNC(=O)c2cc3ccccc3o2)CC1,7.522878745280337,30.0,1,1,1,1,1,1
CCCN(CCC)C1CCC(=C(C#C[Si](C)(C)C)C#C[Si](C)(C)C)CC1,5.721246399047171,1900.0,0,0,0,0,0,0
CCCN(CCC)C1CCC(=C(C#Cc2ccccc2)C#Cc2ccccc2)CC1,5.853871964321762,1400.0,0,0,0,0,0,0
O=C1c2ccccc2CCCN1CCN1CCC(n2c(O)nc3cc(F)ccc32)CC1,5.90999956608739,1230.27,0,0,0,0,0,0
CCCN(CCC)C1CC=C(C#Cc2ccccc2)CC1,4.795880017344075,16000.0,0,0,0,0,1,0
C#CC(C#C)=C1CCC(N(CCC)CCC)CC1,5.4089353929735005,3900.0,0,0,0,0,0,0
CCN(CC)C(=O)[C@@H]1C=C2c3cccc4[nH]cc(c34)C[C@H]2N(C)C1,7.251811972993799,56.0,0,0,0,0,0,0
N#Cc1cc(CN2CCN(c3ccccc3)CC2)c[nH]1,7.744727494896693,18.0,0,0,0,0,1,1
COc1ccc(OC)c(CN2CCN(CC(=O)N3c4ccccc4C[C@H]3C)CC2)c1,7.5376020021010435,29.0,0,0,0,0,1,1
C[C@@H]1Cc2ccccc2N1C(=O)CN1CCN(Cc2ccc3c(c2)OCO3)CC1,8.522878745280337,3.0,0,0,0,0,1,1
COC(=O)[C@@H]1Cc2ccccc2N1C(=O)CN1CCN(Cc2ccc(Cl)cc2)CC1,8.301029995663981,5.0,1,1,0,0,1,1
Cc1c(-c2ccc(F)cc2)nc(O)n1C1CCN(Cc2ccccc2)CC1,8.769551078621726,1.7,0,0,0,0,0,0
O=C(Nc1ccccc1)NC1CCN(Cc2ccccc2)CC1,6.4089353929735005,390.0,0,0,0,0,1,1
C(#Cc1c[nH]c(CN2CCN(c3ccccc3)CC2)c1)c1ccccc1,7.080921907623926,83.0,0,0,0,0,1,1
C=C[C@@H]1Cc2ccccc2N1C(=O)CN1CCN(Cc2ccc(Cl)cc2)CC1,8.301029995663981,5.0,1,1,0,0,1,1
CC[C@@H]1Cc2ccccc2N1C(=O)CN1CCN(Cc2ccc(C)cc2)CC1,8.522878745280337,3.0,0,0,0,0,0,0
O=C(Nc1ccccn1)NC1CCN(Cc2ccccc2)CC1,6.823908740944319,150.0,1,1,0,0,1,1
Cc1c(-c2ccccc2)nc(O)n1C1CCN(Cc2cccc(Cl)c2)CC1,9.337242168318426,0.46,1,1,1,1,1,1
c1ccc(N2CCN(Cc3ccc[nH]3)CC2)cc1,7.0,100.0,1,1,0,1,1,1
C[C@@H]1Cc2ccccc2N1C(=O)CN1CCN(Cc2ccccc2F)CC1,7.568636235841013,27.0,0,0,0,0,1,1
CC(C)c1ccc(Cl)cc1CN1CCN(CC(=O)N2c3ccccc3C[C@H]2C)CC1,8.0,10.0,0,0,0,0,0,0
O=C(CN1CCN(Cc2ccc(Cl)cc2)CC1)N1c2ccccc2C[C@H]1CF,7.67778070526608,21.0,0,0,0,0,1,1
O=C(NCc1ccccc1)NC1CCN(Cc2ccccc2)CC1,5.568636235841013,2700.0,1,1,0,1,1,1
Cc1c(-c2ccccc2)nc(O)n1C1CCN(CCc2ccccc2)CC1,9.2518119729938,0.56,0,0,0,0,1,1
C#Cc1c[nH]c(CN2CCN(c3ccccc3)CC2)c1,8.229147988357855,5.9,0,0,0,0,1,1
Cn1c(-c2ccccc2)cn(C2CCN(Cc3ccccc3)CC2)c1=O,9.075720713938118,0.84,0,0,0,0,0,0
Cc1c(-c2cccc(Cl)c2)nc(O)n1C1CCN(Cc2ccccc2)CC1,8.2839966563652,5.2,1,1,1,1,0,0
O=C(CN1CCN(Cc2ccc(Cl)cc2)CC1)N1c2ccccc2C[C@H]1CO,8.0,10.0,0,0,0,0,1,1
Cc1c(-c2ccccc2)n(C)c(=O)n1C1CCN(Cc2ccccc2)CC1,9.1249387366083,0.75,0,0,0,0,0,0
c1ccc(-c2c[nH]c(CN3CCN(c4ccccc4)CC3)c2)cc1,7.920818753952375,12.0,1,1,0,1,1,1
Cc1c(C2CCN(CCc3ccccc3)CC2)noc1-c1ccc(Cl)cc1,8.455931955649724,3.5,0,0,0,0,1,1
Cc1c(-c2ccccn2)nc(O)n1C1CCN(Cc2ccccc2)CC1,8.346787486224656,4.5,0,0,0,0,0,0
Cc1cccc(CN2CCC(n3c(O)nc(-c4ccccc4)c3C)CC2)c1,9.481486060122112,0.33,0,0,0,0,1,1
COc1cccc(CN2CCC(n3c(O)nc(-c4ccccc4)c3C)CC2)c1,9.193820026016112,0.64,0,0,0,0,1,1
Cc1nc(O)n(C2CCN(Cc3ccccc3)CC2)c1-c1ccccc1,7.1487416512809245,71.0,0,0,0,0,0,0
CCc1c(-c2ccccc2)nc(O)n1C1CCN(Cc2ccccc2)CC1,9.065501548756432,0.86,0,0,0,0,0,0
COc1cc(Cl)ccc1CN1CCN(CC(=O)N2c3ccccc3C[C@H]2C)CC1,8.522878745280337,3.0,0,0,0,0,1,1
O=C(NC(=O)c1ccccc1)NC1CCN(Cc2ccccc2)CC1,7.468521082957745,34.0,0,0,0,0,1,1
Cc1c(-c2cccs2)nc(O)n1C1CCN(Cc2ccccc2)CC1,9.0,1.0,0,0,0,0,1,1
Cc1c(-c2ccccc2)nc(O)n1C1CCN(CC2CCCCC2)CC1,8.698970004336019,2.0,0,0,0,0,0,0
C[C@@H]1Cc2ccccc2N1C(=O)CN1CCN(Cc2ccc(Cl)c(Cl)c2)CC1,7.366531544420414,43.0,1,1,0,1,1,1
C[C@@H]1Cc2ccccc2N1C(=O)CN1CCN(Cc2cc(F)c(Cl)cc2F)CC1,8.221848749616356,6.0,0,0,0,0,0,0
Cc1c(-c2ccc(Cl)cc2)nc(O)n1C1CCN(Cc2ccccc2)CC1,9.148741651280924,0.71,0,0,0,0,1,1
COc1ccc(Cl)cc1CN1CCN(CC(=O)N2c3ccccc3C[C@H]2C)CC1,8.301029995663981,5.0,0,0,0,0,0,0
COc1ccc(-c2nc(O)n(C3CCN(Cc4ccccc4)CC3)c2C)cc1,7.920818753952375,12.0,1,1,0,0,1,1
C[C@@H]1Cc2ccccc2N1C(=O)CN1CCN(Cc2ccc(F)c(F)c2Cl)CC1,7.920818753952375,12.0,0,0,0,0,0,0
O=C(O)[C@@H]1Cc2ccccc2N1C(=O)CN1CCN(Cc2ccc(Cl)cc2)CC1,5.7544873321858505,1760.0,1,1,0,0,1,1
O=C(Nc1nccc2ccccc12)NC1CCN(Cc2ccccc2)CC1,8.259637310505756,5.5,0,0,0,0,1,1
Cc1c(-c2ccccc2)nc(O)n1C1CCN(Cc2ccccc2Cl)CC1,8.67778070526608,2.1,0,0,0,0,1,1
COC(=O)[C@@H]1Cc2ccccc2N1C(=O)CN1CCN(Cc2ccc(C)cc2)CC1,8.096910013008056,8.0,1,1,0,0,0,0
Cc1c(-c2ccccc2)nc(O)n1C1CCN(Cc2ccccc2)CC1,9.221848749616356,0.6,1,1,0,0,1,1
C[C@@H]1Cc2ccccc2N1C(=O)CN1CCN(Cc2cc(Cl)ccc2Cl)CC1,7.920818753952375,12.0,0,0,0,0,0,0
C[C@@H]1Cc2ccccc2N1C(=O)CN1CCN(Cc2ccccc2Cl)CC1,8.397940008672037,4.0,0,0,0,0,1,1
Cc1c(-c2ccccc2)nc(O)n1C1CCN(Cc2cccc(C#N)c2)CC1,9.017728766960431,0.96,0,0,0,0,0,0
C[C@@H]1Cc2ccccc2N1C(=O)CN1CCN(Cc2cccc(F)c2)CC1,8.221848749616356,6.0,0,0,0,0,0,0
Cc1c(-c2ccccc2)n(-c2ccccc2)c(=O)n1C1CCN(Cc2ccccc2)CC1,8.346787486224656,4.5,0,0,0,0,0,0
Cc1c(-c2ccccc2)nc(O)n1C1CCN(CCCc2ccccc2)CC1,8.259637310505756,5.5,0,0,0,0,1,1
Oc1nc(-c2ccccc2)cn1C1CCN(Cc2ccccc2)CC1,7.744727494896693,18.0,1,1,0,1,1,1
Cc1c(-c2ccccc2Cl)nc(O)n1C1CCN(Cc2ccccc2)CC1,8.958607314841775,1.1,0,0,0,0,1,1
N#Cc1c[nH]c(CN2CCN(c3ccccc3)CC2)c1,7.67778070526608,21.0,0,0,0,0,1,1
C[C@@H]1Cc2ccccc2N1C(=O)CN1CCN(Cc2cccc(Cl)c2)CC1,8.214670164989233,6.1,0,0,0,0,0,0
Cc1ccc(-c2nc(O)n(C3CCN(Cc4ccccc4)CC3)c2C)cc1,8.958607314841775,1.1,1,1,0,0,1,1
Cc1c(-c2ccccc2)nc(O)n1C1CCN(Cc2ccc(Cl)cc2)CC1,8.886056647693163,1.3,0,0,0,0,1,1
CCOc1ccc(Cl)cc1CN1CCN(CC(=O)N2c3ccccc3C[C@H]2C)CC1,7.958607314841775,11.0,0,0,0,0,0,0
Cc1ccc(CN2CCN(CC(=O)N3c4ccccc4C[C@H]3C)CC2)cc1F,8.698970004336019,2.0,1,1,0,1,1,1
CC1CCN(C2=Cc3cc(Cl)ccc3Cc3ccccc32)CC1,6.0,1000.0,1,1,0,1,0,0
Cc1ccccc1N1CCN(Cc2ccc3oc(=O)ccc3c2)CC1,7.200659450546418,63.0,0,0,0,0,0,0
O=C(c1ccc(F)cc1)C1CCN(CCn2c(=O)[nH]c3ccccc3c2=O)CC1,8.455931955649724,3.5,0,0,0,0,0,0
O=c1ccc2ccc(CNCCNc3ccccc3)cc2o1,8.236572006437063,5.8,1,1,0,1,1,1
CN1CCN(C2=Nc3ccccc3Oc3ccc(Cl)cc32)CC1,8.309803919971486,4.9,1,1,0,1,0,0
CN1CCN(C2=Cc3ccccc3Oc3ccc(Cl)cc32)CC1,9.267606240177033,0.54,1,1,0,1,0,0
Clc1ccc(-c2cc(C3CCN(CCc4ccccc4)CC3)[nH]n2)cc1,8.259637310505756,5.5,1,1,0,0,1,1
O=c1ccc2ccc(CNCCCNc3ccccc3)cc2o1,7.508638306165727,31.0,1,1,0,1,1,1
c1ccc(N2CCN(Cc3c[nH]c4ncccc34)CC2)cc1,8.721246399047171,1.9,1,1,0,1,1,1
O=c1ccc2ccc(CN3CCC(c4ccccc4)CC3)cc2o1,7.721246399047171,19.0,1,1,0,1,1,1
Cc1ccc(NCCNCc2ccc3ccc(=O)oc3c2)cc1,8.0,10.0,0,0,0,0,1,1
CCN(CCNCc1ccc2ccc(=O)oc2c1)c1ccccc1,5.574465779501737,2664.0,0,0,0,0,1,1
Cc1cccc(N2CCN(Cc3ccc4ccc(=O)oc4c3)CC2)c1,7.494850021680094,32.0,0,0,0,0,1,1
O=c1ccc2ccc(CNCCNc3ccc(Cl)cc3)cc2o1,7.853871964321762,14.0,0,0,0,0,1,1
COc1ccccc1N1CCC(CNCC2COc3ccc(Cl)cc3O2)CC1,7.149353764816934,70.9,0,0,0,0,0,0
C=C1c2ccccc2C=C(N2CCN(C)CC2)c2ccccc21,7.327902142064283,47.0,1,1,0,0,0,0
O=c1ccc2ccc(CN3CCN(c4ccccc4)CC3)cc2o1,7.568636235841013,27.0,1,1,0,1,1,1
Cc1ccc(N2CCN(Cc3ccc4ccc(=O)oc4c3)CC2)cc1Cl,8.161150909262744,6.9,1,1,0,0,1,1
Clc1ccccc1CCN1CCN(c2[nH]nc3c2CCc2ccccc2-3)CC1,8.366531544420413,4.3,0,0,0,0,0,0
CN1CCN(C2=Nc3cc(Cl)ccc3Oc3ccccc32)CC1,7.638272163982407,23.0,1,1,0,1,0,0
Cc1cccc(N2CCN(Cc3ccc4oc(=O)ccc4c3)CC2)c1,7.130768280269024,74.0,0,0,0,0,0,0
O=c1ccc2ccc(CN3CC=C(c4ccccc4)CC3)cc2o1,8.356547323513812,4.4,1,1,0,1,1,1
NS(=O)(=O)c1ccc(N2CCN(CC[C@@H]3OCCc4ccccc43)CC2)cc1,8.2839966563652,5.2,0,0,0,0,0,0
CC1c2ccccc2C=C(N2CCN(C)CC2)c2ccccc21,7.920818753952375,12.0,1,1,0,1,0,0
CC(C)(C)c1ccc(N2CCN(Cc3ccc4ccc(=O)oc4c3)CC2)cc1,6.6439741428068775,227.0,0,0,0,0,1,1
CCN(CCNc1ccccc1)Cc1ccc2ccc(=O)oc2c1,6.3872161432802645,410.0,0,0,0,0,0,0
O=S1(=O)c2cccc3cccc(c23)N1CCCN1CCN(c2ccc(F)cc2)CC1,8.537602002101044,2.9,0,0,0,0,1,0
CN1CCC(C2=Cc3cc(Cl)ccc3Cc3ccccc32)CC1,5.568636235841013,2700.0,1,1,0,1,0,0
O=c1ccc2cc(CNCCNc3ccccc3)ccc2o1,6.507239610973162,311.0,1,1,0,1,1,1
CN1CCN(C2=Cc3cc(Cl)ccc3Oc3ccccc32)CC1,9.045757490560677,0.9,1,1,0,1,0,0
Clc1ccc(CN2CCC(c3cc(-c4ccc(Cl)cc4)[nH]n3)CC2)cc1,7.214670164989233,61.0,1,1,0,1,1,1
CC(C)=C1c2ccc(Cl)cc2C=C(N2CCN(C)CC2)c2ccccc21,6.031517051446065,930.0,0,0,0,0,0,0
O=c1ccc2cc(CN3CCN(c4ccccc4)CC3)ccc2o1,7.522878745280337,30.0,1,1,0,0,1,1
Cc1ccc(NCCNCc2ccc3ccc(=O)oc3c2)cc1C,7.67778070526608,21.0,0,0,0,0,1,1
O=c1ccc2ccc(CNCCOc3ccccc3)cc2o1,7.366531544420414,43.0,0,0,0,0,1,1
CN1CCN(C2=Nc3ccccc3Nc3ccccc32)CC1,6.376750709602099,420.0,1,1,0,1,0,0
CN1CCN(C2=Cc3cc(Cl)ccc3Cc3ccccc32)CC1,5.537602002101044,2900.0,1,1,0,1,0,0
CC(C)=C1c2ccccc2C=C(N2CCN(C)CC2)c2ccccc21,5.568636235841013,2700.0,1,1,0,0,0,0
Cc1ccc(N2CCN(Cc3ccc4oc(=O)ccc4c3)CC2)cc1,7.958607314841775,11.0,0,0,0,0,1,1
O=c1ccc2ccc(CN3CCN(c4ccc(Cl)cc4)CC3)cc2o1,7.031517051446065,93.0,1,1,0,1,1,1
Cc1ccc(NCCNCc2ccc3ccc(=O)oc3c2)cc1Cl,7.795880017344075,16.0,0,0,0,0,1,1
C=C1c2ccccc2C=C(C2=CCN(C)CC2)c2ccccc21,6.481486060122113,330.0,1,1,0,1,0,0
c1ccc(-c2nc(CN3CCN(c4ncccn4)CC3)c[nH]2)cc1,8.431798275933005,3.7,1,1,0,1,1,1
CN1CCN(C2=Cc3ccccc3Cc3ccc(Cl)cc32)CC1,9.0,1.0,1,1,0,1,0,0
O=c1ccc2ccc(NCCNc3ccccc3)cc2o1,8.236572006437063,5.8,1,1,0,1,0,0
c1ccc(N2CCN(Cc3c[nH]c4ccccc34)CC2)cc1,8.096910013008056,8.0,1,1,0,1,1,1
CN1CCN(C2=Cc3ccccc3Oc3ccccc32)CC1,8.698970004336019,2.0,1,1,0,1,1,1
COc1ccc(N2CCN(Cc3ccc4ccc(=O)oc4c3)CC2)cc1,7.1249387366083,75.0,1,1,0,1,1,1
Cc1ccc(N2CCN(Cc3ccc4ccc(=O)oc4c3)CC2)cc1C,7.853871964321762,14.0,1,1,0,1,1,1
O=c1ccc2ccc(CN3CCN(c4ccc(F)cc4)CC3)cc2o1,7.229147988357855,59.0,1,1,0,1,1,1
CC1CCN(Cc2c[nH]c3ccccc23)CC1,6.2441251443275085,570.0,1,1,0,1,1,1
C/C=C1/c2ccccc2C=C(N2CCN(C)CC2)c2ccccc21,6.522878745280337,300.0,1,1,0,0,0,0
CN1CCN(C2=Nc3cc(Cl)ccc3N(C)c3ccccc32)CC1,6.920818753952375,120.0,1,1,0,0,0,0
O=c1ccc2ccc(CN3CCN(Cc4ccccc4)CC3)cc2o1,5.568636235841013,2700.0,1,1,0,1,1,1
CN1CCN(C2=Nc3ccccc3Nc3ccc(Cl)cc32)CC1,7.795880017344075,16.0,1,1,0,1,0,0
Cc1ccccc1N1CCN(Cc2ccc3ccc(=O)oc3c2)CC1,7.795880017344075,16.0,0,0,0,0,1,1
Cc1ccc(N2CCN(Cc3ccc4ccc(=O)oc4c3)CC2)cc1,7.769551078621726,17.0,0,0,0,0,1,1
c1ccc(C2CCN(Cc3c[nH]c4ccccc34)CC2)cc1,7.602059991327962,25.0,1,1,0,1,1,1
CN1CCN(Cc2cnn3ccccc23)CC1,5.136677139879544,7300.0,1,1,0,1,1,1
Oc1ccc(OCCNCc2ccccc2)cc1,6.557520230935552,277.0,1,1,0,1,1,1
Ic1ccc(N2CCN(Cc3cnn4ccccc34)CC2)cc1,8.522878745280337,3.0,1,1,0,1,1,1
Clc1cccc(N2CCN(Cc3cnn4ccccc34)CC2)c1,8.397940008672037,4.0,0,0,0,0,1,1
Oc1ccccc1OCCNCc1ccccc1,6.527243550682788,297.0,1,1,0,1,1,1
CS(=O)(=O)Nc1cccc(OCCNCc2ccccc2)c1,6.301029995663981,500.0,0,0,0,0,0,0
O=C(c1cnn2ccccc12)N1CCN(c2ccc(Cl)cc2)CC1,4.638272163982407,23000.0,0,0,0,0,0,0
COc1ccccc1N1CCN(CCCCNC(=O)c2ccc(Br)cc2)CC1,7.299988937677887,50.12,1,1,0,1,1,1
Clc1ccc(N2CCN(Cc3cnn4ccc5ccccc5c34)CC2)cc1,5.7447274948966935,1800.0,1,1,0,0,1,1
Oc1ccc2c(c1)O[C@@H](CNCc1ccccc1)CO2,7.779891911959945,16.6,0,0,0,0,0,0
Clc1ccc(N2CCN(Cc3cnc4ccccn34)CC2)cc1,7.886056647693163,13.0,1,1,0,1,1,1
Oc1ccc(N2CCN(Cc3ccccc3)CC2)cc1,7.037157318798758,91.8,0,0,0,0,1,1
Clc1ccccc1N1CCN(Cc2cnn3ccccc23)CC1,8.522878745280337,3.0,0,0,0,0,1,1
Oc1ccc2c(c1)O[C@@H](CNCc1ccccc1)CC2,6.935542010773082,116.0,1,1,0,1,0,0
c1ccn2ncc(CN3CCN(C4CCCCC4)CC3)c2c1,5.346787486224656,4500.0,1,1,0,1,1,1
CS(=O)(=O)Nc1cc(OCCNCc2cccs2)ccc1Cl,6.863279432843593,137.0,0,0,0,0,0,0
Clc1ccc(N2CCN(Cc3c[nH]c4ccccc34)CC2)cc1,8.869666231504993,1.35,1,1,0,1,1,1
c1ccc(CNCCOc2ccccc2)cc1,7.026872146400302,94.0,1,1,0,1,1,1
Clc1ccc(N2CCN(Cc3cnn4c3ccc3ccccc34)CC2)cc1,6.853871964321762,140.0,1,1,0,1,1,1
COc1ccccc1N1CCN(CCCCNC(=O)c2ccc(-c3ccc(C(C)=O)cc3)cc2)CC1,7.199970640755866,63.1,1,1,0,1,1,1
Clc1ccc(N2CCN(Cc3cnn4c3CCCC4)CC2)cc1,7.903089986991944,12.5,1,1,0,1,1,1
c1ccc(N2CCN(Cc3cnn4ccccc34)CC2)cc1,7.769551078621726,17.0,1,1,0,1,1,1
c1ccc(CN2CCN(c3ccccc3)CC2)cc1,6.573488738635425,267.0,1,1,0,1,1,1
Clc1ccc(N2CCN(Cc3cnc4ncccn34)CC2)cc1,6.537602002101044,290.0,1,1,0,1,1,1
Nc1cc(OCCNCc2ccccc2)ccc1Cl,7.565431095965801,27.2,1,1,0,1,1,1
Ic1ccc(N2CCN(Cc3c[nH]c4ncccc34)CC2)cc1,9.292429823902063,0.51,1,1,0,1,1,1
CCCN1CCc2nn3ccccc3c2C1,7.060480747381382,87.0,0,0,0,0,0,0
CCCN(CCC)[C@H]1CCc2nn3ccccc3c2C1,7.301029995663981,50.0,0,0,0,0,0,0
Clc1ccc(CN2CCC(c3cc(-c4ccc(Cl)cc4)on3)CC2)cc1,7.356547323513812,44.0,1,1,0,1,1,1
Cc1c(-c2ccc(Cl)cc2)noc1C1CCN(CCc2ccccc2)CC1,8.602059991327963,2.5,0,0,0,0,1,1
COc1cc(NC(=O)c2ccccc2)c(Cl)cc1C(=O)N[C@H]1CCN(Cc2ccccc2)C1,7.060480747381382,87.0,1,1,0,1,1,1
CN(C(=O)CN1CCN(Cc2ccc(Cl)cc2)CC1)c1ccccc1,7.229147988357855,59.0,0,0,0,0,1,1
COc1cc(NC(=O)C2CC2)c(Cl)cc1C(=O)N[C@H]1CCN(C2C3CCCC2CCC3)C1,8.42021640338319,3.8,0,0,0,0,1,0
CN1C(=O)C(N2CCN(Cc3ccc(Cl)cc3)CC2)CCc2ccccc21,5.607478910068068,2469.0,1,1,0,0,1,1
COc1cc(NC(=O)C2CC2)c(Cl)cc1C(=O)N[C@H]1CCN(C2CCCCC2)C1,8.67778070526608,2.1,0,0,0,0,1,1
COc1cc(NC(=O)C(F)(F)F)c(Cl)cc1C(=O)N[C@H]1CCN(Cc2ccccc2)C1,8.721246399047171,1.9,0,0,0,0,1,1
CN1C(=O)C(N2CCN(Cc3ccc(Cl)cc3)CC2)Cc2ccccc21,8.397940008672037,4.0,1,1,0,0,1,1
CCN1C(=O)C(CC)(N2CCN(Cc3ccc(Cl)cc3)CC2)c2ccccc21,5.153786636120612,7018.0,0,0,0,0,0,0
C=CC(=O)Nc1cc(OC)c(C(=O)N[C@H]2CCN(Cc3ccccc3)C2)cc1Cl,8.886056647693163,1.3,0,0,0,0,1,1
COc1cc(NC(=O)C2CC2)c(Cl)cc1C(=O)N[C@H]1CCNC1,5.657577319177793,2200.0,0,0,0,0,1,1
CNc1cc(OC)c(C(=O)N[C@H]2CCN(Cc3ccccc3)C[C@@H]2C)cc1Cl,8.5016894462104,3.1500000000000004,0,0,0,0,0,0
COc1cc(NC(=O)C2CC2)c(Cl)cc1C(=O)N[C@H]1CCN(C2C3CC4CC(C3)CC2C4)C1,8.356547323513812,4.4,0,0,0,0,1,0
COc1cc(NC(=O)C2CC2)c(Cl)cc1C(=O)N[C@H]1CCN(CCc2ccccc2)C1,8.468521082957745,3.4,1,1,0,0,1,1
COc1c(C(=O)N[C@@H]2CCN(Cc3ccccc3)C2)cc(Br)c2ccccc12,7.886056647693163,13.0,0,0,0,0,0,0
COc1c(C(=O)N[C@@H]2CCN(Cc3ccccc3)C2)cc(I)c2ccccc12,8.647817481888637,2.25,0,0,0,0,0,0
COc1cc(NC(=O)C(C)C)c(Cl)cc1C(=O)N[C@H]1CCN(Cc2ccccc2)C1,8.522878745280337,3.0,1,1,0,0,1,1
Fc1ccc2[nH]c(CN3CCN(c4ccccn4)CC3)cc2c1,8.443697499232712,3.6,0,0,0,0,1,1
C#Cc1cc(C(=O)N[C@@H]2CCN(Cc3ccccc3)C2)c(OC)c2ccccc12,8.323306390375134,4.75,0,0,0,0,0,0
O=C1Nc2ccccc2CC1N1CCN(Cc2ccc(Cl)cc2)CC1,7.0,100.0,1,1,0,0,1,1
Cc1ccc(CN2CCN(C3CCc4ccccc4N(C)C3=O)CC2)cc1,5.3588234533868855,4377.0,1,1,0,0,1,0
COc1cc(N)c(Cl)cc1C(=O)NC1CCN(Cc2ccccc2)CC1,8.494850021680094,3.2,0,0,0,0,1,1
CNc1cc(OC)c(C(=O)NC2CCN(Cc3ccccc3)CC2)cc1Cl,8.080921907623926,8.3,0,0,0,0,1,1
COc1cc(NC(=O)C2CCCCC2)c(Cl)cc1C(=O)N[C@H]1CCN(Cc2ccccc2)C1,6.958607314841775,110.0,1,1,0,1,1,1
CNc1cc(OC)c(C(=O)N[C@H]2CCN(C3C4CCCC3CCC4)C2)cc1Cl,9.173925197299171,0.67,0,0,0,0,0,0
CCC(=O)Nc1cc(OC)c(C(=O)N[C@H]2CCN(Cc3ccccc3)C2)cc1Cl,8.823908740944319,1.5,0,0,0,0,1,1
COc1cc(NC(=O)C2CC2)c(Cl)cc1C(=O)N[C@H]1CCN(C2CCCCCC2)C1,8.568636235841012,2.7,0,0,0,0,1,1
COc1cc(NC(=O)C2CC2)c(Cl)cc1C(=O)N[C@H]1CCN(CC2CCCCC2)C1,8.481486060122112,3.3,1,1,0,1,1,1
Cc1c(C2CCN(CCc3ccccc3)CC2)n[nH]c1-c1ccc(Cl)cc1,8.920818753952375,1.2,0,0,0,0,1,1
Clc1ccc(N2CCN(C[C@H]3C[C@@H]3c3ccccc3)CC2)c(Cl)c1,8.301029995663981,5.0,0,0,0,0,0,0
CCN1C(=O)C(N2CCN(Cc3ccc(C)cc3)CC2)CCc2ccccc21,5.528708288941061,2960.0,1,1,0,0,0,0
Cc1ccc(N2CCN(Cc3nc4ccccc4[nH]3)CC2)cc1C,8.823908740944319,1.5,1,1,0,0,1,1
Cc1ccc(C)c(N2CCN(Cc3nc4ccccc4[nH]3)CC2)c1,8.42021640338319,3.8,0,0,0,0,1,1
Clc1ccc(CN2CCC(c3cc(-c4ccc(Cl)cc4)no3)CC2)cc1,8.443697499232712,3.6,1,1,0,1,1,1
CCCNC1CCc2c(cccc2OC)C1,6.314258261397736,485.0,0,0,0,0,0,0
CCCN(CCC)C1CCc2c(cccc2OC)C1,6.197910742118268,634.0,0,0,0,0,0,0
CCCN(CCc1cccs1)C1CCc2c(cccc2OC2CCCC2)C1,6.489454989793388,324.0,0,0,0,0,0,0
CCCN(CCc1ccccc1)C1CCc2ccc(O)cc2C1,7.267606240177032,54.0,0,0,0,0,0,0
CCNC1CCc2c(cccc2OC)C1,5.818442226137214,1519.0,0,0,0,0,0,0
CCCN(CCc1ccsc1)C1CCc2c(O)cccc2C1,7.142667503568732,72.0,0,0,0,0,0,0
CCCN(C)C1CCc2ccc(O)cc2C1,7.494850021680094,32.0,1,1,0,0,1,1
CCCN(CCc1cccs1)C1CCc2ccc(O)cc2C1,7.657577319177793,22.0,0,0,0,0,0,0
CCCNC1CCc2c(O)cccc2C1,7.119186407719209,76.0,0,0,0,0,0,0
CCCN(CCc1ccccc1)C1CCc2c(O)cccc2C1,7.267606240177032,54.0,0,0,0,0,0,0
CCCNC1CCc2ccc(O)cc2C1,6.570247719997592,269.0,0,0,0,0,0,0
COc1cccc2c1CCC(N(C)C)C2,6.134303940083929,734.0,0,0,0,0,0,0
CN(C)C1CCc2ccc(O)cc2C1,6.137272471682025,729.0,1,1,0,0,1,1
CCN(C)C1CCc2ccc(O)cc2C1,5.985899678480379,1033.0,1,1,0,0,1,1
CCN(CC)C1CCc2c(cccc2OC)C1,6.015922966097169,964.0,0,0,0,0,0,0
CCCN(CCc1cccs1)[C@H]1CCc2c(O)cccc2C1,7.259637310505756,55.0,0,0,0,0,1,0
CNC1CCc2c(cccc2OC)C1,6.219682687859849,603.0,0,0,0,0,0,0
CCCN1COC[C@@H]2c3cc(O)ccc3OC[C@H]21,5.154901959985743,7000.0,0,0,0,0,0,0
CCCN(CCC)[C@@H]1CCc2c(OS(=O)(=O)C(F)(F)F)cccc2[C@@H]1C,6.91721462968355,121.0,0,0,0,0,0,0
Cc1nn2c(C#N)cccc2c1CN1CCN(c2ccc(Cl)cc2)CC1,8.638272163982407,2.3,0,0,0,0,1,1
COc1ccc2c3c(c(=O)oc2c1)CN(CCc1ccccc1)CC3,8.102372908709558,7.9,1,1,0,0,1,1
Cc1nn2c(-c3ccc(F)cc3)cccc2c1CN1CCN(c2ccc(Cl)cc2)CC1,7.060480747381382,87.0,0,0,0,0,1,1
Cc1ccc2c3c(c(=O)oc2c1)CN(Cc1ccccc1)CC3,8.443697499232712,3.6,1,1,0,0,0,0
COc1ccc2c3c(c(=O)oc2c1)CN(Cc1ccccc1Cl)CC3,7.468521082957745,34.0,1,1,0,0,1,1
Clc1ccc(-c2cc(C3CCCN(Cc4ccccc4)C3)[nH]n2)cc1,6.3872161432802645,410.0,1,1,0,0,0,0
CC1(c2cc(-c3ccc(Cl)cc3)[nH]n2)CCN(Cc2ccccc2)CC1,7.327902142064283,47.0,0,0,0,0,0,0
Cc1c(C2CCN(Cc3ccccc3)CC2)n[nH]c1-c1ccc(Cl)cc1,8.795880017344075,1.6,0,0,0,0,0,0
O=C(/C=C(\O)c1ccc(Cl)cc1)C1CCN(Cc2ccccc2)CC1,7.920818753952375,12.0,0,0,0,0,1,1
Cc1c(-c2ccccc2)n[nH]c1C1=CCN(CCc2ccccc2)CC1,8.508638306165727,3.1,0,0,0,0,0,0
Nc1nc(-c2ccc(Cl)cc2)cc(C2CCN(Cc3ccccc3)CC2)n1,9.0,1.0,0,0,0,0,0,0
O=c1oc2cc(O)ccc2c2c1CN(Cc1ccc(Cl)cc1)CC2,8.619788758288394,2.4,0,0,0,0,0,0
Clc1ccc(N2CCN(Cc3cnn4c(N5CCN(Cc6ccccc6)CC5)cccc34)CC2)cc1,6.7447274948966935,180.0,1,1,0,1,1,1
COc1ccc2c3c(c(=O)oc2c1)CN(Cc1ccc(C)cc1)CC3,8.585026652029182,2.6,1,1,0,0,1,1
c1ccc(CCN2CCC(c3cc(-c4ccncc4)[nH]n3)CC2)cc1,7.2839966563652,52.0,1,1,0,1,1,1
CCc1c(C2CCN(Cc3ccccc3)CC2)n[nH]c1-c1ccc(Cl)cc1,8.823908740944319,1.5,0,0,0,0,0,0
COc1ccc2c3c(c(=O)oc2c1)CN(Cc1ccc(F)cc1)CC3,8.366531544420413,4.3,1,1,0,0,1,1
CCCN[C@@H]1CCc2c(OS(=O)(=O)C(F)(F)F)cccc2[C@@H]1C,6.20690839982342,621.0,0,0,0,0,0,0
Clc1ccc(-c2cc(C3CCN(CC4CCCCC4)CC3)[nH]n2)cc1,7.886056647693163,13.0,0,0,0,0,0,0
Cc1cc(O)c2c3c(c(=O)oc2c1)CN(Cc1ccccc1)CC3,6.838631997765025,145.0,1,1,0,0,0,0
c1ccc(CCN2CCC3(CCc4c3n[nH]c4-c3ccccc3)CC2)cc1,6.031517051446065,930.0,0,0,0,0,0,0
Cc1c(-c2ccc(Cl)cc2)nc(N)nc1C1CCN(CCc2ccccc2)CC1,8.327902142064282,4.7,0,0,0,0,0,0
N#Cc1cccc2c(CN3CCN(c4ccc(Cl)cc4)CC3)cnn12,8.823908740944319,1.5,0,0,0,0,1,1
Clc1ccc(-c2cc(C3CCN(Cc4ccccc4)CC3)[nH]n2)cc1,8.040958607678906,9.1,1,1,0,1,1,1
OCc1cccn2ncc(CN3CCN(c4ccc(Cl)cc4)CC3)c12,6.958607314841775,110.0,1,1,1,1,1,1
OCc1ccc2c(CN3CCN(c4ccc(Cl)cc4)CC3)cnn2c1,7.704432900037521,19.75,0,0,0,0,1,1
Cc1ccc2c3c(c(=O)oc2c1)CN(Cc1ccc(Cl)cc1)CC3,7.958607314841775,11.0,0,0,0,0,0,0
COc1ccc2c3c(c(=O)oc2c1)CN(Cc1cccc(Cl)c1)CC3,7.769551078621726,17.0,1,1,0,0,1,1
C#Cc1cccc2c(CN3CCN(c4ccc(Cl)cc4)CC3)cnn12,8.915423722065668,1.215,0,0,0,0,1,1
COc1cc(Br)cc(C(=O)NCCN2CCc3ccccc3C2)c1OC,7.319664486585437,47.9,0,0,0,0,1,0
Cc1cccc2c(CN3CCN(c4ccc(Cl)cc4)CC3)cnn12,8.569280112136719,2.696,0,0,0,0,1,1
CN1CCC(c2cc(-c3ccc(Cl)cc3)[nH]n2)CC1,5.920818753952375,1200.0,0,0,0,0,1,1
C#Cc1cccc2c(CN3CCN(c4ccc(Cl)cc4)CC3)c(C)nn12,8.823908740944319,1.5,0,0,0,0,1,1
Cc1cc(C2CCN(Cc3ccccc3)CC2)[nH]n1,6.327902142064283,470.0,1,1,0,1,1,1
c1ccc(CCN2CCC(c3cc(-c4ccccn4)[nH]n3)CC2)cc1,7.657577319177793,22.0,1,1,0,1,1,1
CC1(C(=O)/C=C(\O)c2ccc(Cl)cc2)CCN(Cc2ccccc2)CC1,6.455931955649724,350.0,0,0,0,0,0,0
COc1ccc2c3c(c(=O)oc2c1)CN(Cc1ccc(Cl)cc1)CC3,8.060480747381382,8.7,0,0,0,0,0,0
Clc1ccc(-c2cc(C3CCN(CCCc4ccccc4)CC3)[nH]n2)cc1,6.958607314841775,110.0,1,1,0,0,1,1
Cc1ccc2c3c(c(=O)oc2c1)CN(Cc1ccc(F)cc1)CC3,8.1249387366083,7.5,0,0,0,0,0,0
COc1ccc2c3c(c(=O)oc2c1)CN(Cc1ccc(Cl)c(Cl)c1)CC3,7.214670164989233,61.0,0,0,0,0,1,1
Cc1nn2c(N3CCN(Cc4ccccc4)CC3)cccc2c1CN1CCN(c2ccc(Cl)cc2)CC1,7.585026652029182,26.0,0,0,0,0,1,1
Clc1ccc(-c2cc(C3CCCCN3Cc3ccccc3)[nH]n2)cc1,5.318758762624412,4800.0,0,0,0,0,0,0
Clc1ccc(-c2cc(C3CCN(Cc4ccccc4)C3)[nH]n2)cc1,6.958607314841775,110.0,1,1,0,1,0,0
COc1cc(Br)cc(C(=O)NCCCCN2CCN(c3cccc(Cl)c3Cl)CC2)c1OC,6.096910013008056,800.0,0,0,0,0,1,1
Clc1ccc(-c2cc(C3CCN(Cc4cccc(Cl)c4)CC3)[nH]n2)cc1,7.221848749616356,60.0,0,0,0,0,1,1
c1ccc(CCN2CCC(c3cc(C4CCCCC4)n[nH]3)CC2)cc1,8.0,10.0,0,0,0,0,1,1
c1ccc(CCN2CCC(c3cc(-c4cccs4)[nH]n3)CC2)cc1,7.721246399047171,19.0,1,1,0,1,1,1
COc1ccc2c3c(c(=O)oc2c1OC)CN(Cc1ccccc1)CC3,7.795880017344075,16.0,1,1,0,0,0,0
COc1cc2c(cc1OC)CN(CCNC(=O)c1cc(Br)cc(OC)c1OC)CC2,6.576754126063192,265.0,0,0,0,0,0,0
Clc1ccc(N2CCN(Cc3cnn4c(-c5ccccc5)cccc34)CC2)cc1,8.119186407719209,7.6,1,1,0,1,1,1
C[Si](C)(C)c1cccc2c(CN3CCN(c4ccc(Cl)cc4)CC3)cnn12,8.55284196865778,2.8,0,0,0,0,1,1
COc1ccc2c3c(c(=O)oc2c1)CN(C(=O)c1ccccc1)CC3,6.376750709602099,420.0,1,1,0,0,0,0
Cc1nn2c(-c3ccccc3)cccc2c1CN1CCN(c2ccc(Cl)cc2)CC1,7.431798275933005,37.0,0,0,0,0,1,1
c1ccc(CCN2CCN(c3cc(-c4ccccc4)[nH]n3)CC2)cc1,7.638272163982407,23.0,1,1,0,1,0,0
CCCN[C@@H]1CCc2c(C(=O)OC)cccc2[C@@H]1C,5.797784224198868,1593.0,0,0,0,0,1,1
O=Cc1cccc2c(CN3CCN(c4ccc(Cl)cc4)CC3)cnn12,8.585026652029182,2.6,0,0,0,0,1,1
COc1cc2oc(=O)c3c(c2cc1OC)CCN(Cc1ccc(Cl)cc1)C3,8.070581074285707,8.5,0,0,0,0,0,0
c1ccc(Cc2cc(C3CCN(Cc4ccccc4)CC3)[nH]n2)cc1,6.795880017344075,160.0,1,1,0,1,1,1
COc1ccc2c3c(c(=O)oc2c1)CN(Cc1ccccc1)CC3,8.823908740944319,1.5,1,1,0,1,1,1
COc1ccc(CN2CCc3c(c(=O)oc4cc(OC)ccc34)C2)cc1,7.075720713938118,84.0,0,0,0,0,1,1
COc1ccc2c3c(c(=O)oc2c1)CN(Cc1ccc([N+](=O)[O-])cc1)CC3,8.1249387366083,7.5,0,0,0,0,1,1
COc1ccc2c3c(c(=O)oc2c1)CN(Cc1ccncc1)CC3,7.130768280269024,74.0,1,1,0,1,1,1
c1ccc(CCN2CCC(c3cc(-c4cccnc4)[nH]n3)CC2)cc1,7.638272163982407,23.0,1,1,0,1,1,1
COc1ccc2c3c(c(=O)oc2c1)CN(Cc1ccc(C(F)(F)F)cc1)CC3,8.086186147616283,8.2,0,0,0,0,1,1
Cc1cccn2ncc(CN3CCN(c4ccc(Cl)cc4)CC3)c12,7.301029995663981,50.0,0,0,0,0,1,1
Clc1ccc(-c2cc(C3CCN(Cc4ccccc4Cl)CC3)[nH]n2)cc1,7.698970004336019,20.0,1,1,0,0,1,1
Fc1ccc(-c2cccc3c(CN4CCN(c5ccc(Cl)cc5)CC4)cnn23)cc1,7.5376020021010435,29.0,0,0,0,0,1,1
COc1cccc(C(=O)NCCN2CCN(c3ccccn3)CC2)c1,9.200659450546418,0.63,1,1,0,0,1,1
COc1ccc(CC2CCN(CC(O)COc3cccc4ccccc34)CC2)cc1,7.130768280269024,74.0,0,0,0,0,0,0
COc1cccc(C(=O)NCCCN2CCN(c3ccccc3OC)CC2)c1,8.744727494896694,1.8,1,1,1,1,1,1
COc1cccc(C(=O)NCCCCN2CCN(c3nccc4ccccc34)CC2)c1,6.774690718274137,168.0,1,1,0,1,1,1
O=[N+]([O-])c1ccc(OCC(O)CN2CCC(Cc3ccccc3)CC2)cc1,7.229147988357855,59.0,0,0,0,0,1,1
c1ccc(CC2CCN(CCCOc3cccc4ccccc34)CC2)cc1,7.301029995663981,50.0,0,0,0,0,1,1
COc1cccc(C(=O)NCCCCN2CCN(c3ccccc3OC)CC2)c1,8.508638306165727,3.1,1,1,1,1,1,1
COc1cccc(C(=O)NCCCCN2CCN(c3cccc4ccccc34)CC2)c1,8.638272163982407,2.3,1,1,0,1,1,1
O=C(NCCCCN1CCN(c2cccc(Cl)c2Cl)CC1)c1ccnc2ccccc12,6.218963061378868,604.0,0,0,0,0,1,1
c1ccc(-c2nc(CN3CCN(c4cccnc4)CC3)c[nH]2)cc1,7.136677139879544,73.0,1,1,0,1,1,1
c1ccc(-c2nc(CN3CCN(c4ccncn4)CC3)c[nH]2)cc1,5.853871964321762,1400.0,1,1,0,1,1,1
COc1cccc(C(=O)NCCCCN2CCN(c3cccc(Cl)c3Cl)CC2)c1,8.045757490560675,9.0,1,1,1,1,1,1
COc1cccc(C(=O)NCCN2CCN(c3ccc(Cl)cn3)CC2)c1,8.40340290437354,3.95,1,1,0,1,1,1
c1ccc(-c2nc(CN3CCN(c4cnccn4)CC3)c[nH]2)cc1,7.301029995663981,50.0,1,1,0,1,1,1
COc1cccc(C(=O)NCCN2CCN(c3cccc4ccccc34)CC2)c1,9.67778070526608,0.21,1,1,0,1,1,1
COc1cccc(C(=O)NCCN2CCN(c3ccc(C)cc3)CC2)c1,10.602059991327964,0.025,1,1,0,1,1,1
COc1cccc(C(=O)NCCCCCN2CCN(c3cccc(Cl)c3Cl)CC2)c1,6.462180904926726,345.0,1,1,1,1,1,1
OC(COc1cccc2ccccc12)CN1CCC(Cc2ccc(F)cc2)CC1,7.494850021680094,32.0,0,0,0,0,0,0
OC(COc1cccc2ccccc12)CN1CCC(Sc2ccccc2)CC1,7.494850021680094,32.0,0,0,0,0,0,0
c1ccc(-c2nc(CN3CCN(c4ccccn4)CC3)c[nH]2)cc1,8.070581074285707,8.5,1,1,0,1,1,1
OC(COc1cccc2ccccc12)CN1CCC(Cc2ccc(Cl)cc2)CC1,7.346787486224656,45.0,0,0,0,0,1,0
COc1cccc(C(=O)NCCCCCN2CCN(c3ccccc3OC)CC2)c1,7.259637310505756,55.0,1,1,1,1,1,1
Cc1ccc(CC2CCN(CC(O)COc3cccc4ccccc34)CC2)cc1,7.2839966563652,52.0,0,0,0,0,0,0
OC(COc1cccc2ccccc12)CN1CCC(Cc2ccccc2)CC1,7.585026652029182,26.0,0,0,0,0,0,0
COc1cccc(C(=O)NCCN2CCN(c3cccc(Cl)c3)CC2)c1,9.585026652029182,0.26,1,1,0,0,1,1
COc1cccc(C(=O)NCCN2CCN(c3ccccc3Cl)CC2)c1,10.397940008672036,0.04,1,1,0,0,1,1
O=C(NCCCCN1CCN(c2cccc(Cl)c2Cl)CC1)c1ccc2ccccc2c1,6.431798275933005,370.0,1,1,0,1,1,1
OC(COc1cccc2ccccc12)CN1CCC(Oc2ccccc2)CC1,7.744727494896693,18.0,0,0,0,0,0,0
COc1cccc(C(=O)NCCN2CCN(c3ccccc3)CC2)c1,8.657577319177793,2.2,1,1,0,0,1,1
COc1c(C(=O)NCCCCN2CCN(c3cccc(Cl)c3Cl)CC2)ccc2ccccc12,6.142667503568732,720.0,0,0,0,0,1,1
OC(COc1ccccc1)CN1CCC(Cc2ccccc2)CC1,7.468521082957745,34.0,1,1,0,1,1,1
COc1ccc(OCC(O)CN2CCC(Cc3ccccc3)CC2)cc1,6.910094888560602,123.0,0,0,0,0,1,1
OC(COc1ccc(Cl)cc1)CN1CCC(Cc2ccccc2)CC1,7.744727494896693,18.0,0,0,0,0,1,1
Cc1[nH]c(-c2ccccc2)nc1CN1CCN(c2ncccn2)CC1,8.221848749616356,6.0,0,0,0,0,1,1
COc1ccc(N2CCN(CCNC(=O)c3cccc(OC)c3)CC2)cc1,7.651695136951839,22.3,0,0,0,0,1,1
COc1cccc(C(=O)NCCCCN2CCN(c3cccc(C)c3C)CC2)c1,7.196542884351586,63.6,1,1,0,1,1,1
COc1cccc(C(=O)NCCCCN2CCN(c3noc4ccccc34)CC2)c1,8.120330794367947,7.58,1,1,0,1,1,1
CC(COc1cccc2ccccc12)CN1CCC(Cc2ccccc2)CC1,7.142667503568732,72.0,0,0,0,0,0,0
c1ccc(-c2nc(CN3CCN(c4ccccc4)CC3)c[nH]2)cc1,8.356547323513812,4.4,1,1,0,1,1,1
COC(COc1cccc2ccccc12)CN1CCC(Cc2ccccc2)CC1,7.346787486224656,45.0,0,0,0,0,0,0
COc1cccc(C(=O)NCCCN2CCN(c3cccc(Cl)c3Cl)CC2)c1,8.136677139879543,7.3,1,1,1,1,1,1
COc1cccc2cc(C(=O)NCCCCN3CCN(c4cccc(Cl)c4Cl)CC3)oc12,6.142667503568732,720.0,0,0,0,0,1,1
COc1cccc(C(=O)NCCN2CCN(c3cccc(Cl)c3Cl)CC2)c1,10.744727494896694,0.018,1,1,0,1,1,1
O=C(NCCCCN1CCN(c2cccc(Cl)c2Cl)CC1)c1ccc(-c2ccccc2)cc1,6.548213564475709,283.0,1,1,0,0,1,1
COc1cccc(C(=O)NCCN2CCN(c3ccc(F)cc3)CC2)c1,7.958607314841775,11.0,1,1,0,1,1,1
N#CC(C#N)=Cc1cc(CN2CCN(c3ccc(Cl)cc3)CC2)c[nH]1,8.244125144327509,5.7,0,0,0,0,1,1
N#CC(C#N)=Cc1cc(CN2CCN(c3ccccc3)CC2)c[nH]1,8.4089353929735,3.9,0,0,0,0,1,1
N#CC(C#N)=Cc1ccc(CN2CCN(c3ccc(Cl)cc3)CC2)[nH]1,7.958607314841775,11.0,0,0,0,0,1,1
N#CC(C#N)=Cc1[nH]ccc1CN1CCN(c2ccccc2)CC1,6.795880017344075,160.0,0,0,0,0,1,1
c1ccc(CNC[C@H]2CCc3ccc4[nH]ccc4c3O2)cc1,5.662740460249724,2174.0,0,0,0,0,0,0
FC(F)(F)c1nc2c3c(ccc2[nH]1)CCC(CNCc1ccccc1)O3,7.431798275933005,37.0,0,0,0,0,0,0
O=C1Cc2c(ccc3c2O[C@@H](CNCc2ccccc2)CC3)N1,6.444905551421681,359.0,0,0,0,0,0,0
N#CC(C#N)=Cc1[nH]ccc1CN1CCN(c2ccc(Cl)cc2)CC1,6.903089986991944,125.0,0,0,0,0,1,1
COc1ccc(N2CCN(CCC3OCCc4cc(C(N)=O)ccc43)CC2)cc1,5.977159389123472,1054.0,0,0,0,0,1,1
COc1ccc(N2CCN(CCC3OCCc4ccccc43)CC2)cc1,8.619788758288394,2.4,1,1,0,1,1,1
N#CC(C#N)=Cc1ccc(CN2CCN(c3ccccc3)CC2)[nH]1,8.031517051446064,9.3,0,0,0,0,1,1
COc1c(C(=O)NCCN2CCN(c3cccc(Cl)c3Cl)CC2)cc(Br)c2ccccc12,7.187086643357144,65.0,0,0,0,0,1,1
CCCN(CCC)C1Cc2cc3nc(N)sc3cc2C1,6.565431095965801,272.0,0,0,0,0,0,0
CCOC(=O)c1[nH]c2ccccc2c1CCN(C)C,5.795880017344075,1600.0,0,0,0,0,0,0
COc1ccccc1N1CCN(CCNC2=Nc3ccccc3OC2)CC1,8.522878745280337,3.0,1,1,0,1,1,1
CCC(C)(C)C(=O)NCCN1CCN(c2ccc(Cl)cc2)CC1,8.098459949566498,7.9715,1,1,0,0,1,1
c1ccc(OC[C@@H]2CC[C@H]3CN(c4ccccc4)CCN3C2)cc1,8.795880017344075,1.6,1,1,0,1,0,0
CC(C)(C)c1ccc(OC[C@@H]2CC[C@H]3CN(c4ncccn4)CCN3C2)cc1,7.698970004336019,20.0,1,1,0,0,1,1
CC(=O)Nc1ccc(OC[C@@H]2CC[C@H]3CN(c4ncccn4)CCN3C2)cc1,6.5003129173815966,316.0,1,1,0,0,1,1
c1ccc(OC[C@@H]2CC[C@H]3CN(c4ccccn4)CCN3C2)cc1,8.769551078621726,1.7,1,1,0,1,0,0
Fc1ccc(OC[C@@H]2CC[C@H]3CN(c4ncccn4)CCN3C2)cc1,8.55284196865778,2.8,0,0,0,0,1,1
COC(=O)c1ccc(OC[C@@H]2CC[C@H]3CN(c4ncccn4)CCN3C2)cc1,6.896196279044043,127.0,0,0,0,0,1,1
Fc1ccc(OC[C@@H]2CC[C@H]3CN(c4ccc(Cl)cn4)CCN3C2)cc1,8.494850021680094,3.2,0,0,0,0,0,0
Fc1ccc(OC[C@@H]2CC[C@H]3CN(c4ccc(F)cc4)CCN3C2)cc1,8.275724130399212,5.3,0,0,0,0,0,0
COc1ccc(OC[C@@H]2CC[C@H]3CN(c4ncccn4)CCN3C2)cc1,7.744727494896693,18.0,1,1,0,0,1,1
CC1CN(CCCCNC(=O)C(C)(C)C)CCN1c1ccc(Cl)cc1,7.199970640755866,63.1,0,0,0,0,0,0
CC(C)(C)C(=O)NCCCCN1CCN(c2ccccc2)CC1,6.499996931948306,316.23,1,1,0,0,1,1
CC1(C(=O)NCCCCN2CCN(c3ccc(Cl)cc3)CC2)CCCCC1,8.0,10.0,0,0,0,0,1,1
CCCCC(C)(C)C(=O)NCCN1CCN(c2ccc(Cl)cc2)CC1,7.50003813440381,31.62,0,0,0,0,1,1
CC(C)(C)C(=O)NCCCCN1CCN(c2ccc(F)cc2)CC1,6.900008766455316,125.89,0,0,0,0,1,1
CCCC(C)(C)C(=O)NCCCCN1CCN(c2ccc(Cl)cc2)CC1,7.899974269892137,12.59,1,1,0,0,1,1
CC1(C(=O)NCCN2CCN(c3ccc(Cl)cc3)CC2)CCCCC1,8.100015437450608,7.943,0,0,0,0,1,1
CC(C)(C)C(=O)NCCCCN1CCN(c2ccccc2Cl)CC1,7.100015437450609,79.43,0,0,0,0,1,1
CC(C)(C)C(=O)NCCN1CCN(c2ccc(Cl)cc2)CC1,7.599980364934842,25.12,0,0,0,0,1,1
COc1cc(Cl)ccc1N1CCN(CCCCNC(=O)C(C)(C)C)CC1,7.79997073344623,15.85,0,0,0,0,1,1
CC(C)C(=O)NCCCCN1CCN(c2ccc(Cl)cc2)CC1,6.900008766455316,125.89,0,0,0,0,1,1
CC(C)(C)C(=O)NCCCCN1CCN(c2ccc(Br)cc2)CC1,7.50003813440381,31.62,1,1,0,0,1,1
CCC(C)(C)C(=O)NCCCCN1CCN(c2ccc(Cl)cc2)CC1,7.79997073344623,15.85,1,1,0,0,1,1
CCCC(C)(C)C(=O)NCCN1CCN(c2ccc(Cl)cc2)CC1,8.100015437450608,7.943,1,1,0,0,1,1
O=C(NCCN1CCN(c2ccc(Cl)cc2)CC1)C12CC3CC(CC(C3)C1)C2,8.299988937677888,5.012,0,0,0,0,1,1
CC(C)(C)C(=O)NCCCN1CCN(c2ccc(Cl)cc2)CC1,6.699991797446187,199.53,1,1,1,1,1,1
CC(=O)NCCCCN1CCN(c2ccc(Cl)cc2)CC1,5.899998417198648,1258.93,0,0,0,0,1,1
O=C(NCCCCN1CCN(c2ccc(Cl)cc2)CC1)C12CC3CC(CC(C3)C1)C2,7.700057099977233,19.95,0,0,0,0,1,1
CC(C)(C)C(=O)NCCCCN1CCN2c3ccc(Cl)cc3CCC2C1,7.199970640755866,63.1,0,0,0,0,0,0
CC(C)(C)C(=O)NCCCCN1CCN(c2ccc(C(F)(F)F)cc2)CC1,7.299988937677887,50.12,0,0,0,0,0,0
O=C(NCCCCN1CCN(c2ccc(Cl)cc2)CC1)c1ccccc1,6.799998134593398,158.49,0,0,0,0,1,1
COc1ccc(N2CCN(CCCCNC(=O)C(C)(C)C)CC2)cc1,6.499996931948306,316.23,0,0,0,0,1,1
CC(C)(C)C(=O)NCCCCCN1CCN(c2ccc(Cl)cc2)CC1,6.900008766455316,125.89,1,1,0,0,1,1
CC(C)(C)C(=O)NCCCCN1CCN(c2cccc(Cl)c2)CC1,7.0,100.0,0,0,0,0,1,1
COc1ccccc1N1CCN(CCCCNC(=O)C(C)(C)C)CC1,7.899974269892137,12.59,0,0,0,0,1,1
CC(C)(C)C(=O)NCCCCN1CCN(c2ccc(Cl)cc2)CC1,7.899974269892137,12.59,1,1,1,1,1,1
COc1ccc(N2CCN(Cc3c[nH]c4ncccc34)CC2)cc1,8.886056647693163,1.3,1,1,0,0,1,1
c1c[nH]c2nc(CN3CCc4ccccc4C3)cc-2c1,7.229147988357855,59.0,0,0,0,0,0,0
c1ccc(CCC2CCN(Cc3cc4ccc[nH]c-4n3)CC2)cc1,8.698970004336019,2.0,0,0,0,0,0,0
COc1ccc(N2CCN(CCc3c[nH]c4ncccc34)CC2)cc1,7.585026652029182,26.0,1,1,0,1,1,1
C1=C(/C=C/c2ccccc2)CCN(CCc2c[nH]c3ncccc23)C1,8.187086643357144,6.5,0,0,0,0,0,0
Clc1ccc(N2CCN(CCc3cc4ccc[nH]c-4n3)CC2)cc1,7.931814138253839,11.7,0,0,0,0,1,1
c1ccc2c(c1)CCN(Cc1c[nH]c3ncccc13)C2,8.154901959985743,7.0,0,0,0,0,0,0
C1=C(/C=C/c2ccccc2)CCN(CCc2cc3ccc[nH]c-3n2)C1,7.522878745280337,30.0,0,0,0,0,0,0
C1=C(c2ccccc2)CCN(CCc2c[nH]c3ncccc23)C1,7.468521082957745,34.0,0,0,0,0,1,1
c1ccc(CCC2CCN(Cc3c[nH]c4ncccc34)CC2)cc1,8.744727494896694,1.8,1,1,0,0,0,0
O=C(CCCN1C2CCC1CC(O)(c1ccc(Cl)cc1)C2)c1ccc(F)cc1,8.100726812682396,7.93,1,1,0,0,1,1
CN1CCC(CCN2CCC(c3cn(-c4ccc(F)cc4)c4ccc(-c5ncn(C)n5)cc34)CC2)C1=O,5.142667503568732,7200.0,0,0,0,0,0,0
COc1cc2nc(N3CCN(C(=O)c4ccco4)CC3)nc(N)c2cc1OC,5.080921907623926,8300.0,0,0,0,0,0,0
Cn1cnc(-c2ccc3c(c2)c(C2CCN(CCC#N)CC2)cn3-c2ccc(F)cc2)n1,6.036212172654444,920.0,0,0,0,0,0,0
C[C@H](CN1CCN(c2cc(F)c(F)cc2F)CC1)N1C(=O)CC2(CCCC2)CC1=O,7.309803919971486,49.0,0,0,0,0,0,0
Cn1nnc(-c2ccc3c(c2)c(C2CCN(CCN4CCOC4=O)CC2)cn3-c2ccc(F)cc2)n1,5.2441251443275085,5700.0,0,0,0,0,0,0
Cn1cnc(-c2ccc3c(c2)c(C2CCN(CCN4CCNC4=O)CC2)cn3-c2ccc(F)cc2)n1,5.522878745280337,3000.0,0,0,0,0,1,1
Cn1cnc(-c2ccc3c(c2)c(C2CCN(CCN4CCOC4=O)CC2)cn3-c2ccc(F)cc2)n1,5.309803919971486,4900.0,0,0,0,0,0,0
CC1SC2(CCCC2)C(=O)N1CCCCN1CCN(c2csc3cc(F)ccc23)CC1,6.931814138253839,117.0,1,1,0,0,1,1
CC1SC(C)(C)C(=O)N1CCCCN1CCN(c2csc3cc(F)ccc23)CC1,8.301029995663981,5.0,1,1,0,0,1,1
O=C1OCCN1CCN1CCC(c2cn(-c3ccc(F)cc3)c3ccc(-c4ncccn4)cc23)CC1,5.1249387366083,7500.0,0,0,0,0,0,0
Cn1nnc(-c2ccc3c(c2)c(C2CCN(CCN4CCNC4=O)CC2)cn3-c2ccc(F)cc2)n1,5.366531544420414,4300.0,0,0,0,0,1,1
N#CCCN1CCC(c2cn(-c3ccc(F)cc3)c3ccc(-c4ncccn4)cc23)CC1,5.154901959985743,7000.0,0,0,0,0,0,0
Cn1ccc(-c2ccc3c(c2)c(C2CCN(CCN4CCNC4=O)CC2)cn3-c2ccc(F)cc2)n1,5.1938200260161125,6400.0,0,0,0,0,1,1
Cn1cnc(-c2ccc3c(c2)c(C2CCN(CCn4c(=O)[nH]c5ccccc5c4=O)CC2)cn3-c2ccc(F)cc2)n1,5.443697499232712,3600.0,0,0,0,0,0,0
COc1cc2ccccc2cc1C(=O)CCC1CCN(Cc2ccccc2)CC1,7.50003813440381,31.62,0,0,0,0,0,0
O=C(OCC1CCN(Cc2ccccc2)CC1)c1ccc(Cl)cc1,7.599980364934842,25.12,0,0,0,0,1,1
COc1cc2ccccc2cc1COCC1CCN(Cc2ccccc2)CC1,7.50003813440381,31.62,0,0,0,0,0,0
COc1cc2ccccc2cc1C(=O)NCC1CCN(Cc2ccccc2)CC1,7.699513212013971,19.975,0,0,0,0,0,0
COc1cc2ccccc2cc1OCCC1CCN(Cc2ccccc2)CC1,7.599980364934842,25.12,0,0,0,0,0,0
COc1cc2ccccc2cc1C(=O)OCC1CCN(Cc2ccccc2)CC1,8.299988937677888,5.012,1,1,0,0,0,0
COc1cc2ccccc2cc1CC(=O)CC1CCN(Cc2ccccc2)CC1,6.699991797446187,199.53,1,1,0,1,0,0
COc1cc2ccccc2cc1OC(=O)CC1CCN(Cc2ccccc2)CC1,8.199970640755867,6.31,1,1,0,1,0,0
COc1cc2ccccc2cc1C(=O)NC1CCN(Cc2ccccc2)C1,8.400007822415901,3.981,1,1,0,0,1,0
COc1cc2ccccc2cc1C(=O)OCC1CCN(Cc2ccccc2)C1,7.700057099977233,19.95,1,1,0,0,0,0
O=C(CN1CCN(Cc2ccc(Cl)cc2)CC1)N1CCc2c(Cl)cccc21,6.0034883278458215,992.0,1,1,0,0,1,1
CC1Cc2ccccc2N1C(=O)CN1CCN(Cc2cccc(OC(F)(F)F)c2)CC1,8.221848749616356,6.0,0,0,0,0,1,1
CC(C)=C1c2ccccc2C=C(C2=CCN(C)CC2)c2cc(Cl)ccc21,7.0,100.0,0,0,0,0,0,0
CC1Cc2ccccc2N1C(=O)CC1CCN(Cc2cccc(F)c2)CC1,8.154901959985743,7.0,0,0,0,0,0,0
COc1cccc2c1CCN2C(=O)CN1CCN(Cc2ccc(Cl)cc2)CC1,5.194363233694065,6392.0,1,1,0,0,1,1
O=C1COc2ccccc2N1CCN1CCN(Cc2ccc(Cl)cc2)CC1,6.282329496997738,522.0,1,1,0,0,1,1
Cc1ccc(N2CCN(Cc3ccc4c(c3)NC(=O)CO4)CC2)cc1C,8.292429823902063,5.1,0,0,0,0,1,1
COc1ccc(C2CCN(Cc3ccc4c(c3)OCC(=O)N4)CC2)cc1,8.173925197299173,6.7,1,1,0,1,0,0
CC1CCc2ccccc2N1C(=O)CN1CCN(Cc2ccc(Cl)cc2)CC1,7.022276394711152,95.0,1,1,0,0,1,1
C[C@@H]1CN(Cc2ccc(Cl)cc2)CC[N@@+]1(C)CC(=O)N1CCc2ccccc21,5.866141874796665,1361.0,0,0,0,0,0,0
Cc1ccc(CN2CCC(CC(=O)N3c4ccccc4CC3C)CC2)cc1,8.698970004336019,2.0,1,1,0,1,1,1
Cc1ccc(C2CCN(Cc3ccc4c(c3)NC(=O)CO4)CC2)cc1C,8.744727494896694,1.8,0,0,0,0,0,0
O=C(CN1CCN(Cc2ccc(Cl)cc2)CC1)N1CCOc2ccccc21,6.367542707815276,429.0,1,1,0,1,1,1
CC1Cc2ccccc2N1C(=O)CC1CCN(Cc2ccc(F)cc2Cl)CC1,7.67778070526608,21.0,0,0,0,0,1,1
O=C1Cc2ccccc2N1CCN1CCN(Cc2ccc(Cl)cc2)CC1,8.096910013008056,8.0,1,1,0,0,1,1
O=C1COc2ccc(CN3CCN(c4ccccc4)CC3)cc2N1,7.73754891026957,18.3,1,1,0,1,1,1
CC1Cc2ccccc2N1C(=O)CC1CCN(Cc2ccc(Cl)cc2)CC1,8.397940008672037,4.0,1,1,0,1,1,1
Cc1ccc(C2CCN(Cc3ccc4c(c3)OCC(=O)N4)CC2)cc1,8.585026652029182,2.6,1,1,0,1,1,1
CC(C)CC1Cc2ccccc2N1C(=O)CN1CCN(Cc2ccc(Cl)cc2)CC1,6.206209615309182,622.0,1,1,0,0,0,0
Cc1ccccc1CN1CCN(CC(=O)N2c3ccccc3CC2C)CC1,8.154901959985743,7.0,0,0,0,0,1,1
CC1Cc2ccccc2N1C(=O)CC1CCN(Cc2ccccc2F)CC1,7.397940008672037,40.0,0,0,0,0,1,1
Cc1ccc2c(c1)CCN2C(=O)CN1CCN(Cc2ccc(Cl)cc2)CC1,7.431798275933005,37.0,1,1,0,0,1,1
O=C(CN1CCN(Cc2ccc(Cl)cc2)CC1)N1CCCc2ccccc21,7.327902142064283,47.0,1,1,0,1,1,1
O=C(CN1CCc2ccccc21)N1CCN(Cc2ccc(Cl)cc2)CC1,5.414088289680566,3854.0,0,0,0,0,0,0
CC1Cc2ccccc2N1C(=O)CC1CCN(Cc2ccccc2Cl)CC1,7.5376020021010435,29.0,0,0,0,0,1,1
C[C@H]1CN(Cc2ccc(Cl)cc2)[C@H](C)CN1CC(=O)N1CCc2ccccc21,6.474955192963154,335.0,0,0,0,0,0,0
Cc1ccc(C)c(CN2CCN(CC(=O)N3c4ccccc4CC3C)CC2)c1,8.096910013008056,8.0,0,0,0,0,1,1
Cc1cccc2c1CCN2C(=O)CN1CCN(Cc2ccc(Cl)cc2)CC1,6.335358024443875,462.0,1,1,0,0,1,1
Cc1ccc2c(c1)N(C(=O)CN1CCN(Cc3ccc(Cl)cc3)CC1)CC2,6.112945621949043,771.0,1,1,0,1,1,1
O=C(CN1CCN(Cc2ccc(Cl)cc2)CC1)N1c2ccccc2[C@H]2CCCC[C@H]21,6.139063379299906,726.0,0,0,0,0,1,0
COc1ccc(CN2CCC(CC(=O)N3c4ccccc4CC3C)CC2)cc1,8.0,10.0,0,0,0,0,1,1
O=c1oc2ccccc2n1CCN1CCN(Cc2ccc(Cl)cc2)CC1,7.136677139879544,73.0,1,1,0,1,1,1
CC1Cc2ccccc2N1C(=O)CN1CCN(Cc2ccc(C(C)(C)C)cc2)CC1,7.920818753952375,12.0,0,0,0,0,1,1
COc1ccccc1CN1CCN(CC(=O)N2c3ccccc3CC2C)CC1,7.602059991327962,25.0,0,0,0,0,1,1
Cc1cccc(CN2CCC(CC(=O)N3c4ccccc4CC3C)CC2)c1,8.301029995663981,5.0,0,0,0,0,1,1
CC1Cc2ccccc2N1C(=O)CN1CCN(c2ccc(Cl)cc2)CC1,5.240709966975696,5745.0,1,1,0,0,1,1
CC(C)c1ccc(CN2CCN(CC(=O)N3c4ccccc4CC3C)CC2)cc1,7.920818753952375,12.0,0,0,0,0,1,1
Cc1ccc(C2CCN(Cc3ccc4c(c3)OCC(=O)N4)CC2)cc1C,8.585026652029182,2.6,0,0,0,0,0,0
O=C(CN1CCN(Cc2ccc(Cl)cc2)CC1)N1CCc2c(F)cccc21,6.838631997765025,145.0,1,1,0,0,1,1
CC1(C)Cc2ccccc2N1C(=O)CN1CCN(Cc2ccc(Cl)cc2)CC1,8.366531544420413,4.3,1,1,0,0,1,1
Cc1ccc(CN2CCC(CC(=O)N3c4ccccc4CC3C)CC2)cc1F,8.522878745280337,3.0,1,1,0,1,1,1
COc1ccc(N2CCN(Cc3ccc4c(c3)OCC(=O)N4)CC2)cc1,8.301029995663981,5.0,1,1,0,1,1,1
CC1CN(C(=O)CN2CCN(Cc3ccc(Cl)cc3)CC2)c2ccccc21,7.017728766960431,96.0,0,0,0,0,1,1
CC1Cc2ccccc2N1C(=O)CN1CCN(CCc2ccc(Cl)cc2)CC1,6.872895201635193,134.0,1,1,0,0,1,1
CC1Cc2ccccc2N1C(=O)CN1CCN(Cc2cc(F)cc(F)c2)CC1,7.920818753952375,12.0,0,0,0,0,1,1
Cc1ccc(C2CCN(Cc3ccc4c(c3)NC(=O)CO4)CC2)cc1,8.55284196865778,2.8,1,1,0,1,1,1
CC1Cc2ccccc2N1C(=O)CN1CCC(Cc2ccc(Cl)cc2)CC1,5.138824164486971,7264.0,1,1,0,1,1,0
CC1Cc2ccccc2N1C(=O)CC1CCN(Cc2cccc(Cl)c2)CC1,8.397940008672037,4.0,1,1,0,0,1,1
CN1CC=C(C2=Cc3ccccc3Oc3ccccc32)CC1,7.5376020021010435,29.0,1,1,0,1,1,1
COc1ccc(N2CCN(Cc3ccc4c(c3)NC(=O)CO4)CC2)cc1,7.910094888560602,12.3,0,0,0,0,1,1
O=C(CN1CCN(Cc2ccc(Cl)cc2)CC1)N1CCc2ccc(Cl)cc21,6.154281982033341,701.0,1,1,0,1,1,1
CSc1ccc2c(c1)CCN2C(=O)CN1CCN(Cc2ccc(Cl)cc2)CC1,6.628932137728263,235.0,1,1,0,0,1,1
O=c1sc2ccccc2n1CCN1CCN(Cc2ccc(Cl)cc2)CC1,8.522878745280337,3.0,1,1,0,1,1,1
CC(c1ccc(Cl)cc1)N1CCN(CC(=O)N2c3ccccc3CC2C)CC1,7.173925197299173,67.0,0,0,0,0,1,1
O=C1COc2ccc(CN3CCN(c4ccc(Cl)cc4)CC3)cc2N1,7.204815410317576,62.4,1,1,0,1,1,1
CN(C)S(=O)(=O)c1ccc2c(c1)CCN2C(=O)CN1CCN(Cc2ccc(Cl)cc2)CC1,6.628932137728263,235.0,0,0,0,0,1,1
O=C1COc2cc(CN3CCN(c4ccccc4)CC3)ccc2N1,8.214670164989233,6.1,0,0,0,0,1,1
Cc1ccc(N2CCN(Cc3ccc4c(c3)OCC(=O)N4)CC2)cc1C,8.161150909262744,6.9,0,0,0,0,0,0
CC(C(=O)N1CCc2ccccc21)N1CCN(Cc2ccc(Cl)cc2)CC1,6.55129368009492,281.0,0,0,0,0,1,1
O=C(CN1CCN(Cc2ccc(Cl)cc2)CC1)N1CCc2cc([N+](=O)[O-])ccc21,5.469288162018343,3394.0,0,0,0,0,1,1
O=C(CCN1CCN(Cc2ccc(Cl)cc2)CC1)N1CCc2ccccc21,6.139063379299906,726.0,1,1,0,0,1,1
COc1ccc(C2CCN(Cc3ccc4c(c3)NC(=O)CO4)CC2)cc1,8.42021640338319,3.8,1,1,0,1,0,0
Cc1ccc(N2CCN(Cc3ccc4c(c3)NC(=O)CO4)CC2)cc1,8.366531544420413,4.3,1,1,0,1,1,1
Cc1cccc2c1N(C(=O)CN1CCN(Cc3ccc(Cl)cc3)CC1)CC2,7.318758762624412,48.0,1,1,0,0,1,1
O=C(CN1CCN(Cc2ccc(Cl)cc2)CC1)N1c2ccccc2CC12CCCCC2,5.806041021980813,1563.0,1,1,1,1,0,0
CC1CCc2cc(F)ccc2N1C(=O)CN1CCN(Cc2ccc(Cl)cc2)CC1,7.431798275933005,37.0,0,0,0,0,1,0
CC1Cc2ccccc2N1C(=O)CC1CCN(Cc2ccc(F)cc2)CC1,8.221848749616356,6.0,1,1,0,1,0,0
Cc1ccc(N2CCN(Cc3ccc4c(c3)OCC(=O)N4)CC2)cc1,7.97061622231479,10.7,0,0,0,0,1,1
CC(C)C1Cc2ccccc2N1C(=O)CN1CCN(Cc2ccc(Cl)cc2)CC1,6.260427655549908,549.0,1,1,0,0,1,0
CC1CC(C)(C)N(C(=O)CN2CCN(Cc3ccc(Cl)cc3)CC2)c2ccccc21,7.301029995663981,50.0,0,0,0,0,0,0
Cc1ccc(CN2CCC(CC(=O)N3c4ccccc4CC3C)CC2)cc1C,8.397940008672037,4.0,1,1,0,1,0,0
CC1Cc2ccccc2N1C(=O)CN1CCN(Cc2ccc(OC(F)(F)F)cc2)CC1,8.301029995663981,5.0,0,0,0,0,1,1
O=C1C(=O)N(CCN2CCN(Cc3ccc(Cl)cc3)CC2)c2ccccc21,6.586700235918748,259.0,0,0,0,0,1,1
Cc1ccc2c(c1)N(C(=O)CN1CCN(Cc3ccc(Cl)cc3)CC1)C(C)(C)CC2C,7.091514981121351,81.0,0,0,0,0,0,0
C[C@@H]1CN(Cc2ccc(Cl)cc2)CCN1CC(=O)N1CCc2ccccc21,7.853871964321762,14.0,0,0,0,0,0,0
O=C(CN1CCN(Cc2ccc(Cl)cc2)CC1)N1c2ccccc2CC12CCCC2,7.443697499232712,36.0,1,1,1,1,1,0
CC1N(C(=O)CN2CCN(Cc3ccc(Cl)cc3)CC2)c2ccccc2C1(C)C,6.966576244513051,108.0,0,0,0,0,1,0
O=C(CN1CCN(Cc2ccc(Cl)cc2)CC1)N1CCSc2ccccc21,7.847711655616943,14.2,1,1,0,1,1,1
O=S1(=O)Cc2ccccc2N1CCCN1CCN(Cc2ccc(Cl)cc2)CC1,7.886056647693163,13.0,0,0,0,0,1,1
O=C1COc2cc(CN3CCN(c4ccc(Cl)cc4)CC3)ccc2N1,8.366531544420413,4.3,1,1,0,1,1,1
CCC1(CC)Cc2ccccc2N1C(=O)CN1CCN(Cc2ccc(Cl)cc2)CC1,7.508638306165727,31.0,1,1,0,0,0,0
CC1Cc2ccccc2N1C(=O)CC1CCN(Cc2ccc([N+](=O)[O-])cc2)CC1,8.698970004336019,2.0,0,0,0,0,1,1
O=C(CN1CCN(Cc2ccc(Cl)cc2)CC1)N1CCc2ccc(F)cc21,7.292429823902063,51.0,1,1,0,1,1,1
O=C(CN1CCN(Cc2ccc(Cl)cc2)CC1)N1CCCC2CCCCC21,6.139063379299906,726.0,1,1,0,1,1,1
O=C(CN1CCN(Cc2ccc(Cl)cc2)CC1)N1CCCSc2ccccc21,7.229147988357855,59.0,1,1,0,1,1,1
O=S1(=O)Cc2ccccc2N1CCN1CCN(Cc2ccc(Cl)cc2)CC1,8.154901959985743,7.0,0,0,0,0,1,1
COc1cccc2c1CCC[C@H]2CN(C)CCc1ccc2ccoc2c1,6.6307841425898575,234.0,0,0,0,0,0,0
O=C(CCCN1CCC2(CC1)C(=O)NCN2c1ccccc1)c1ccc(F)cc1,9.4467239538629,0.3575,0,0,0,0,1,1
O=C(NC/C=C/CN1CCN(c2cccc(Cl)c2Cl)CC1)c1ccc(-c2ccccn2)cc1,6.425968732272281,375.0,1,1,0,0,0,0
O=C(NC/C=C/CN1CCN(c2cccc(Cl)c2Cl)CC1)c1ccc(-c2cccnc2)cc1,6.2839966563652006,520.0,0,0,0,0,0,0
O=C(NC/C=C/CN1CCN(c2cccc(Cl)c2Cl)CC1)c1cc2ccccc2s1,5.752026733638194,1770.0,0,0,0,0,1,0
O=C(NC/C=C/CN1CCN(c2cccc(Cl)c2Cl)CC1)c1cc2ccccc2o1,5.97061622231479,1070.0,0,0,0,0,1,0
O=C(NC/C=C/CN1CCN(c2cccc(Cl)c2Cl)CC1)c1ccc2c(c1)Cc1ccccc1-2,5.991399828238082,1020.0,0,0,0,0,0,0
COc1ccccc1N1CCN(CCCCNC(=O)c2cc3cc(I)ccc3s2)CC1,7.376750709602099,42.0,1,1,0,0,1,1
O=C(NCCCCN1CCN(c2cccc(Cl)c2Cl)CC1)c1cc2cc(I)ccc2s1,6.259637310505756,550.0,0,0,0,0,1,1
COc1ccccc1N1CCN(CCCCNC(=O)c2ccc(I)s2)CC1,7.508638306165727,31.0,0,0,0,0,1,1
O=C(NCCCCN1CCN(c2cccc(Cl)c2Cl)CC1)c1ccc(I)s1,6.886056647693163,130.0,0,0,0,0,1,1
Cc1cccc(NC(=O)CN2CCN(c3ccccc3C#N)CC2)c1,8.065501548756432,8.6,0,0,0,0,1,1
COc1ccccc1N1CCN(CC(=O)Nc2cccc(C)c2)CC1,8.903089986991944,1.25,1,1,0,0,1,1
COc1cccc(N2CCN(CC(=O)Nc3cccc(C)c3)CC2)c1,7.371100435579393,42.55,0,0,0,0,1,1
COc1ccc(N2CCN(CC(=O)Nc3cccc(C)c3)CC2)cc1,7.022505030926964,94.95,0,0,0,0,1,1
Cc1cccc(NC(=O)CN2CCN(c3ccc(C(c4ccccc4)c4ccccc4)cc3)CC2)c1,6.758204568704802,174.5,0,0,0,0,0,0
O=C(NC1CCN(Cc2ccccc2)C1)c1ccc(-c2ccc(C(F)(F)F)cc2)cc1,7.769551078621726,17.0,0,0,0,0,0,0
Nc1cccc(-c2ccc(C(=O)NC3CCN(Cc4ccccc4)C3)cc2)c1,7.619788758288394,24.0,0,0,0,0,0,0
CSc1ccc(-c2ccc(C(=O)NC3CCN(Cc4ccccc4)C3)cc2)cc1,7.769551078621726,17.0,0,0,0,0,0,0
O=C(NC1CCN(Cc2ccccc2)C1)c1ccc(-c2ccccc2)cc1,8.522878745280337,3.0,0,0,0,0,1,1
O=C(NC1CCN(Cc2ccccc2)C1)c1cccc(-c2ccccc2)c1,8.397940008672037,4.0,0,0,0,0,1,0
O=C(NC1CCN(Cc2ccccc2)C1)c1ccc(-c2ccc(F)cc2)cc1,8.096910013008056,8.0,0,0,0,0,0,0
O=C(NC1CCN(Cc2ccccc2)C1)c1ccc(-c2cccc(F)c2)cc1,7.769551078621726,17.0,0,0,0,0,0,0
O=C(NC1CCN(Cc2ccccc2)C1)c1ccc(-c2ccc(Cl)cc2)cc1,8.301029995663981,5.0,0,0,0,0,1,1
O=Cc1ccccc1-c1ccc(C(=O)NC2CCN(Cc3ccccc3)C2)cc1,7.443697499232712,36.0,0,0,0,0,1,1
O=Cc1ccc(-c2ccc(C(=O)NC3CCN(Cc4ccccc4)C3)cc2)cc1,7.154901959985743,70.0,0,0,0,0,1,1
O=C(N[C@H]1CCN(Cc2ccccc2)C1)c1cccc(-c2cccs2)c1,8.823908740944319,1.5,1,1,0,0,1,1
COc1ccc2c(c1)OCCN(C)CCc1ccccc1C2,6.262807357295263,546.0,1,1,0,1,0,0
CN1CCOc2cc(O)ccc2Cc2ccccc2CC1,6.425968732272281,375.0,1,1,0,1,0,0
CN(C)CCOc1ccccc1Cc1ccccc1,5.5583048643592825,2765.0,0,0,0,0,0,0
c1ccc(Cc2ccccc2OCCN2CCCC2)cc1,5.845271792559845,1428.0,0,0,0,0,0,0
c1ccc(Cc2ccccc2OCCN2CCCCC2)cc1,5.349109922143688,4476.0,0,0,0,0,0,0
c1ccc(Cc2ccccc2OCCN2CCOCC2)cc1,5.188156993823522,6484.0,0,0,0,0,0,0
c1ccc(Cc2ccccc2OCCCN2CCCC2)cc1,5.899284913426919,1261.0,0,0,0,0,0,0
O=C(NC/C=C/CN1CCN(c2cccc(Cl)c2Cl)CC1)c1cccc2c1-c1ccccc1C2,6.440093374963888,363.0,0,0,0,0,0,0
COc1ccccc1N1CCN(CCCCNC(=O)c2ccc(F)cc2)CC1,7.468521082957745,34.0,1,1,0,1,1,1
O=C(NCCCCN1CCN(c2cccc(Cl)c2Cl)CC1)c1ccc(F)cc1,7.356547323513812,44.0,0,0,0,0,1,1
COc1ccccc1N1CCN(CCCCNC(=O)c2ccc(F)nc2)CC1,6.886056647693163,130.0,0,0,0,0,1,1
O=C(NCCCCN1CCN(c2cccc(Cl)c2Cl)CC1)c1ccc(F)nc1,7.0,100.0,0,0,0,0,1,1
COc1ccccc1N1CCN(CCCCNC(=O)c2cccc(F)n2)CC1,7.119186407719209,76.0,0,0,0,0,1,1
O=C(NCCCCN1CCN(c2cccc(Cl)c2Cl)CC1)c1cccc(F)n1,7.013228265733755,97.0,0,0,0,0,1,1
COc1ccccc1N1CCN(CCCCNS(=O)(=O)c2ccc(F)cc2)CC1,8.00436480540245,9.9,0,0,0,0,1,1
O=S(=O)(NCCCCN1CCN(c2cccc(Cl)c2Cl)CC1)c1ccc(F)cc1,7.769551078621726,17.0,0,0,0,0,1,1
CCCNC1CCn2ncc(C(=O)OC)c2C1,4.045757490560675,90000.0,0,0,0,0,0,0
CCCN(CCC)C1CCn2ncc(CO)c2C1,4.795880017344075,16000.0,0,0,0,0,0,0
CCCN(CCC)C1CCn2ncc(C=O)c2C1,4.853871964321762,14000.0,0,0,0,0,0,0
O=C(N[C@H]1CCN(Cc2ccc(C(F)(F)F)cc2)C1)c1ccc(-c2cccs2)cc1,7.853871964321762,14.0,0,0,0,0,0,0
O=C(N[C@H]1CCN(Cc2ccc(C(F)(F)F)cc2)C1)c1cccc(-c2cccs2)c1,7.67778070526608,21.0,0,0,0,0,1,1
O=C(N[C@H]1CCN(Cc2ccc(OC(F)(F)F)cc2)C1)c1ccc(-c2cccs2)cc1,7.107905397309519,78.0,0,0,0,0,1,1
O=C(N[C@H]1CCN(Cc2ccc(OC(F)(F)F)cc2)C1)c1cccc(-c2cccs2)c1,7.2839966563652,52.0,0,0,0,0,1,1
O=C(N[C@H]1CCN(Cc2cccc(C(F)(F)F)c2)C1)c1ccc(-c2cccs2)cc1,7.657577319177793,22.0,0,0,0,0,0,0
Cc1ccc(CN2CC[C@H](NC(=O)c3cccc(-c4cccs4)c3)C2)cc1,8.397940008672037,4.0,0,0,0,0,1,1
O=C(N[C@H]1CCN(Cc2ccc(Cl)cc2)C1)c1cccc(-c2cccs2)c1,7.795880017344075,16.0,1,1,0,0,1,1
COc1cccc(CN2CC[C@H](NC(=O)c3ccc(-c4cccs4)cc3)C2)c1,7.853871964321762,14.0,0,0,0,0,0,0
O=C(N[C@H]1CCN(Cc2ccc3c(c2)OCO3)C1)c1ccc(-c2cccs2)cc1,8.154901959985743,7.0,0,0,0,0,1,1
O=C(N[C@H]1CCN(Cc2ccc(F)cc2)C1)c1ccc(-c2cccs2)cc1,8.301029995663981,5.0,0,0,0,0,1,1
O=C(N[C@H]1CCN(Cc2ccccc2F)C1)c1ccc(-c2cccs2)cc1,7.481486060122112,33.0,1,1,0,0,0,0
O=C(N[C@H]1CCN(Cc2ccc(F)c(F)c2)C1)c1ccc(-c2cccs2)cc1,7.853871964321762,14.0,0,0,0,0,0,0
O=C(N[C@H]1CCN(Cc2ccc(Cl)c(Cl)c2)C1)c1ccc(-c2cccs2)cc1,7.823908740944319,15.0,0,0,0,0,0,0
Cn1c(=O)cnn(CCCCN2CCN(c3cccc4ccc(O[11CH3])cc34)CC2)c1=O,8.070581074285707,8.5,0,0,0,0,0,0
CCN1CCc2ccccc2Cc2[nH]c3ccccc3c2CC1,6.421934116163908,378.5,0,0,0,0,0,0
COc1cc2c(cc1OC)Cc1ccccc1CCN(C)CC2,5.599634726650061,2514.0,0,0,0,0,0,0
CN1CCc2ccccc2Cc2ccccc2CC1,6.85078088734462,141.0,0,0,0,0,0,0
CN1CCc2ccccc2Cc2ccn(C)c2CC1,5.783306400830246,1647.0,0,0,0,0,0,0
CN1CCc2ccccc2Cc2ccc(O)c(Cl)c2CC1,7.728158393463501,18.7,0,0,0,0,0,0
COc1ccccc1N1CCN(CCCCNC(=O)c2cc3c4ccc(c3o2)CCc2ccc(cc2)CC4)CC1,6.853871964321762,140.0,0,0,0,0,1,0
O=C(NCCCCN1CCN(c2cccc(F)c2F)CC1)c1cc2ccc1CCc1ccc(cc1)CC2,7.744727494896693,18.0,0,0,0,0,0,0
COc1c(Cl)cccc1N1CCN(CCCCNC(=O)c2cc3ccc2CCc2ccc(cc2)CC3)CC1,7.481486060122112,33.0,0,0,0,0,0,0
O=C(NCCCCN1CCN(c2cccc(Cl)c2Cl)CC1)c1cc2ccc1CCc1ccc(cc1)CC2,6.920818753952375,120.0,0,0,0,0,1,1
COc1ccccc1N1CCN(CCCCNC(=O)c2cc3ccc2CCc2ccc(cc2)CC3)CC1,8.06382149063841,8.633333333333333,0,0,0,0,1,1
COc1nc(NCCCN2CCOCC2)nc(OC)c1NC(=O)c1ccc(Oc2cc3c(cc2C)CCC3(C)C)o1,5.600326278518962,2510.0,0,0,0,0,0,0
c1ccc(N2CCN(Cc3cnn(-c4ccccn4)c3)CC2)cc1,8.587539452570038,2.585,1,1,0,1,1,1
C1=C(c2ccccc2)CCN(Cc2cn(-c3ccccc3)nn2)C1,8.494850021680094,3.2,1,1,0,1,1,1
c1ccc(N2CCN(Cc3ccc(-n4cccn4)cc3)CC2)cc1,7.698970004336019,20.0,1,1,0,1,1,1
C1=C(c2ccccc2)CCN(Cc2cnn(-c3ccccc3)c2)C1,9.229147988357855,0.59,1,1,0,1,1,1
COc1ccccc1N1CCN(Cc2cn(-c3ccccc3)nn2)CC1,8.568636235841012,2.7,1,1,0,0,1,1
c1ccc(N2CCN(Cc3cn(-c4ccccc4)nn3)CC2)cc1,8.00436480540245,9.9,1,1,0,1,1,1
Cc1c(CN2CCN(c3ccccc3)CC2)cnn1-c1ccccc1,8.277859874542584,5.274,0,0,0,0,1,1
c1ccc(-n2cc(CN3CCN(c4ncccn4)CC3)cn2)cc1,6.508638306165727,310.0,1,1,0,1,1,1
Cc1nn(-c2ccccc2)cc1CN1CCN(c2ccccc2)CC1,9.0,1.0,0,0,0,0,1,1
COc1ccccc1N1CCN(Cc2cnn(-c3ccccc3)c2)CC1,9.55284196865778,0.28,1,1,0,1,1,1
Fc1ccccc1N1CCN(Cc2cnn(-c3ccccc3)c2)CC1,9.152458186731824,0.70395,0,0,0,0,1,1
Fc1ccc(N2CCN(Cc3cnn(-c4ccccc4)c3)CC2)cc1,8.538801711377507,2.892,1,1,0,1,1,1
Clc1ccc(N2CCN(Cc3cnn(-c4ccccc4)c3)CC2)cc1,8.538801711377507,2.892,1,1,1,1,1,1
c1ccc(N2CCN(Cc3cnn(-c4ccccc4)c3)CC2)cc1,9.0,1.0,1,1,0,1,1,1
COc1ccccc1N1CCN(Cc2cnn(-c3ccccn3)c2)CC1,9.358278075234168,0.43825,1,1,0,1,1,1
COc1ccccc1N1CCN(Cc2cn3cc(C)cc(-c4ccccc4)c3n2)CC1,9.075720713938118,0.84,0,0,0,0,0,0
COc1ccccc1N1CCN(Cc2cn3c(-n4cccn4)cccc3n2)CC1,9.0268721464003,0.94,0,0,0,0,1,0
COc1ccccc1N1CCN(Cc2cn3cc(C)cc(-n4cccn4)c3n2)CC1,8.795880017344075,1.6,0,0,0,0,1,0
COc1ccccc1N1CCN(Cc2cn3cc(C)cc(N4CCOCC4)c3n2)CC1,8.638272163982407,2.3,0,0,0,0,0,0
COc1ccccc1N1CCN(Cc2cn3cc(C)cc(C#N)c3n2)CC1,8.886056647693163,1.3,0,0,0,0,1,1
Clc1ccc(N2CCN(Cc3cn4cc(Br)ccc4n3)CC2)cc1Cl,9.00436480540245,0.99,1,1,0,1,1,1
COc1ccccc1N1CCN(Cc2cn3cc(C)cc(I)c3n2)CC1,9.275724130399212,0.53,0,0,0,0,1,1
COc1ccccc1N1CCN(Cc2cn3cc(C)cc(Br)c3n2)CC1,9.00436480540245,0.99,0,0,0,0,1,1
COc1ccccc1N1CCN(Cc2cn3cc(I)ccc3n2)CC1,9.481486060122112,0.33,0,0,0,0,1,1
COc1ccccc1N1CCN(Cc2cn3cc(Br)ccc3n2)CC1,9.602059991327964,0.25,0,0,0,0,1,1
CN1CCN(c2ccc3nc(CN4CCN(c5ccc(Cl)c(Cl)c5)CC4)cn3n2)CC1,5.721246399047171,1900.0,0,0,0,0,1,1
Clc1ccc(N2CCN(Cc3cn4nc(N5CCCCC5)ccc4n3)CC2)cc1Cl,6.920818753952375,120.0,0,0,0,0,1,1
Fc1ccc(N2CCN(Cc3cn4cccnc4n3)CC2)cc1,5.552841968657781,2800.0,1,1,0,1,1,1
Fc1ccc(N2CCN(Cc3cn4ccncc4n3)CC2)cc1,6.301029995663981,500.0,1,1,0,1,1,1
Clc1ccc(N2CCN(Cc3cn4nc(Cl)ccc4n3)CC2)cc1,8.698970004336019,2.0,0,0,0,0,1,1
COc1ccccc1N1CCN(Cc2cn3nc(Cl)ccc3n2)CC1,8.795880017344075,1.6,0,0,0,0,1,1
Clc1ccc2nc(CN3CCN(c4ccc(Cl)c(Cl)c4)CC3)cn2n1,8.886056647693163,1.3,1,1,0,1,1,1
Fc1ccc(N2CCN(Cc3cn4nc(Cl)ccc4n3)CC2)cc1,8.397940008672037,4.0,0,0,0,0,1,1
Clc1ccc(N2CCN(Cc3cn4ccccc4n3)CC2)cc1,8.154901959985743,7.0,1,1,0,1,1,1
COc1ccccc1N1CCN(Cc2cn3ccccc3n2)CC1,8.55284196865778,2.8,0,0,0,0,1,1
Clc1ccc(N2CCN(Cc3cn4ccccc4n3)CC2)cc1Cl,8.922632094715844,1.1949999999999998,0,0,0,0,1,1
Fc1ccc(N2CCN(Cc3cn4ccccc4n3)CC2)cc1,7.356547323513812,44.0,1,1,0,1,1,1
CO/N=C(\CCN1CCN(c2ccccn2)CC1)c1ccccc1,7.642065152999546,22.8,0,0,0,0,1,1
CCO/N=C(\CCN1CCN(c2ccccn2)CC1)c1ccccc1,7.42021640338319,38.0,0,0,0,0,1,1
N#CCO/N=C(\CCN1CCN(c2ccccn2)CC1)c1ccccc1,7.055517327849832,88.0,0,0,0,0,1,1
CCO/N=C(\CCN1CCN(c2nccs2)CC1)c1ccccc1,6.774690718274137,168.0,0,0,0,0,0,0
CO/N=C(\CCN1CCN(c2ccccn2)CC1)c1ccccc1C,7.943095148663527,11.4,1,1,0,0,1,1
CO/N=C(\CCN1CCN(c2ccccn2)CC1)c1cccc(Cl)c1,7.8696662315049934,13.5,0,0,0,0,1,1
CO/N=C(/CCN1CCN(c2ccccn2)CC1)c1cccc(C#N)c1,7.696803942579511,20.1,0,0,0,0,1,1
CO/N=C(\CCN1CCN(c2ccccn2)CC1)c1ccc(Cl)cc1,7.4179366370882915,38.2,1,1,0,0,1,1
CO/N=C(\CCN1CCN(c2ccccn2)CC1)c1ccc(F)c(Cl)c1,7.147520006363144,71.2,1,1,0,1,1,1
CO/N=C(\CCN1CCN(c2ccccn2)CC1)c1ccc(Cl)c(Cl)c1,8.193820026016112,6.4,1,1,0,1,1,1
CO/N=C(/CCN1CCN(c2ccccn2)CC1)c1ccc(Cl)c(C)c1,7.935542010773082,11.6,0,0,0,0,1,1
CO/N=C(\CCN1CCN(c2ccccn2)CC1)c1ccc(C)c(C)c1,7.560667306169737,27.5,0,0,0,0,1,1
CO/N=C(/CCN1CCN(c2ccccn2)CC1)c1cccnc1,6.886056647693163,130.0,1,1,0,0,1,1
CO/N=C(\CCN1CCN(c2ccccn2)CC1C)c1ccc(Cl)cc1,7.173277479831008,67.1,1,1,0,0,0,0
CO/N=C(\CN1CCN(c2ccccn2)CC1)c1ccc(F)cc1,5.688246138944246,2050.0,1,1,0,0,1,1
CO/N=C(/c1ccc(Cl)cc1)C(C)CN1CCN(c2ccccn2)CC1,6.460923901207224,346.0,0,0,0,0,0,0
CO/N=C(/c1ccc(Cl)cc1)C(CNOC)CN1CCN(c2ccccn2)CC1,6.920818753952375,120.0,0,0,0,0,0,0
O/N=C(\CCN1CCN(c2ccccn2)CC1)c1ccccc1,7.595166283380062,25.4,0,0,0,0,1,1
CN1CCN(C2=Nc3cc(Cl)ccc3N(NC(=O)c3ccccc3Cl)c3ccccc32)CC1,6.060480747381382,870.0,0,0,0,0,0,0
CN1CCN(C2=Nc3cc(Cl)ccc3N(NC(=O)c3cccc4ccccc34)c3ccccc32)CC1,6.0101054362812265,977.0,0,0,0,0,0,0
Cc1cccc(N)c1C(=O)NN1c2ccc(Cl)cc2N=C(N2CCN(C)CC2)c2ccccc21,5.314616590198512,4846.0,0,0,0,0,0,0
Cc1cccc(C)c1C(=O)NN1c2ccc(Cl)cc2N=C(N2CCN(C)CC2)c2ccccc21,5.728158393463501,1870.0,0,0,0,0,0,0
CN1CCN(C2=Nc3cc(Cl)ccc3N(NC(=O)c3c(N)cccc3Cl)c3ccccc32)CC1,6.092588639225414,808.0,0,0,0,0,0,0
CN1CCN(C2=Nc3cc(Cl)ccc3N(NC(=O)c3c(F)cccc3C(F)(F)F)c3ccccc32)CC1,5.698970004336019,2000.0,0,0,0,0,0,0
COc1cccc(OC)c1C(=O)NN1c2ccc(Cl)cc2N=C(N2CCN(C)CC2)c2ccccc21,5.742321425130816,1810.0,0,0,0,0,0,0
CN1CCc2ccccc2Cc2[nH]c3ccccc3c2CC1,6.966576244513051,108.0,0,0,0,0,0,0
CN1CCCc2ccccc2Cc2[nH]c3ccccc3c2CC1,7.007004901568658,98.4,0,0,0,0,0,0
CN1CCCc2c([nH]c3ccccc23)Cc2ccccc2CC1,6.735182176990463,184.0,0,0,0,0,0,0
Oc1cc2c(cc1O)C1c3ccccc3CNC1CO2,7.045757490560675,90.0,0,0,0,0,0,0
CN1CCc2cccc3c2[C@H]1Cc1ccc(O)c(O)c1-3,8.050609993355087,8.9,0,0,0,0,0,0
Oc1ccc(N2CCN(Cc3nc4ccccc4[nH]3)CC2)nc1,7.769551078621726,17.0,1,1,0,1,1,1
Cc1cc(F)ccc1NC(=O)CN1CCC(c2cccc[n+]2[O-])CC1,6.392544976785332,405.0,0,0,0,0,0,0
Cc1cccc(NC(=O)CN2CCC(c3cccc[n+]3[O-])CC2)c1,6.531652669587842,294.0,0,0,0,0,0,0
Cc1cccc(C(=O)NCN2CCC(c3cccc[n+]3[O-])CC2)c1,5.840132152907433,1445.0,1,1,0,1,1,1
COc1ccccc1C1CCN(CNC(=O)c2cccc(C)c2)CC1,8.886056647693163,1.3,1,1,0,1,1,1
Cc1cccc(C(=O)NCN2CCC(c3ccccn3)CC2)c1,7.494850021680094,32.0,1,1,0,0,1,1
COc1ccccc1N1CCN(CCCCNC(=O)c2ccc(-c3cccc([18F])n3)cc2)CC1,7.552841968657781,28.0,0,0,0,0,1,1
COc1ccccc1N1CCN(CCCCNC(=O)c2ccc(-c3ccc([18F])nc3)cc2)CC1,7.468521082957745,34.0,0,1,0,1,1,1
COc1ccccc1N1CCN(CCCCNC(=O)c2cc3cc(C#N)ccc3[nH]2)CC1,7.619969752032169,23.99,1,1,0,0,1,1
O=C(NCCCCN1CCN(c2cccc(Cl)c2Cl)CC1)c1cc2ccccc2[nH]1,5.770000934050708,1698.24,0,0,0,0,1,1
COc1ccccc1N1CCN(CCCCNC(=O)c2cc3cc(C#N)ccc3o2)CC1,7.2400301424456925,57.54,0,0,0,0,1,1
O=C(NCCCCN1CCN(c2cccc(Cl)c2Cl)CC1)c1cc2cc(Br)ccc2o1,5.509999358109048,3090.3,0,0,0,0,1,1
COc1ccccc1N1CCN(CCCCNC(=O)c2cc3cc(Br)ccc3o2)CC1,7.770062314092066,16.98,0,0,0,0,1,1
C#Cc1ccc2cc(C(=O)NCCCCN3CCN(c4ccccc4OC)CC3)sc2c1,6.819988880942282,151.36,0,0,0,0,1,1
COc1ccccc1N1CCN(CCCCNC(=O)c2cc3cc(C#N)ccc3s2)CC1,7.349984047528161,44.67,0,0,0,0,1,1
C#Cc1ccc2sc(C(=O)NCCCCN3CCN(c4ccccc4OC)CC3)cc2c1,7.510041520575165,30.9,0,0,0,0,1,1
O=C(NCCCCN1CCN(c2ccccc2Cl)CC1)c1ccc(-c2ccccc2)cc1,6.620005959834258,239.88,0,0,0,0,1,1
COc1ccc(C(=O)NCCCCN2CCN(c3ccccc3Cl)CC2)cc1OC,6.770011163455189,169.82,0,0,0,0,0,0
O=C(NCCCCN1CCN(c2ccccc2Cl)CC1)c1ccc(Cl)cc1,6.549997369826814,281.84,1,1,0,0,1,1
O=C(NCCCCN1CCN(c2ccccc2Cl)CC1)c1ccc2ccccc2c1,6.699991797446187,199.53,0,0,0,0,1,0
O=C(NCCCCN1CCN(c2cccc(Cl)c2Cl)CC1)c1cc2cc(Br)ccc2[nH]1,6.219999701663429,602.56,0,0,0,0,1,1
COc1ccccc1N1CCN(CCCCNC(=O)c2cc3ccc(C#N)cc3[nH]2)CC1,7.400007822415902,39.81,1,1,0,0,1,1
COc1ccccc1N1CCN(CCCCNC(=O)c2cc3cc(Br)ccc3[nH]2)CC1,7.79997073344623,15.85,1,1,0,0,1,1
Clc1ccc(N2CCN(Cc3cnn4c(I)cccc34)CC2)cc1,8.299988937677888,5.012,0,0,0,0,1,1
N#Cc1ccc2cc(C(=O)NCCCCN3CCN(c4cccc(Cl)c4Cl)CC3)[nH]c2c1,6.199998172182031,630.96,0,0,0,0,1,1
CCCc1c(C(=O)NCCCCCN2CCN(c3ccccc3OC)CC2)nnn1Cc1ccccc1Br,7.400007822415902,39.81,0,0,0,0,0,0
CCCc1c(C(=O)NCCCCN2CCN(c3ccccc3OC)CC2)nnn1Cc1ccccc1Br,7.119987161633229,75.86,0,0,0,0,1,0
COc1ccccc1N1CCN(CCCCCNC(=O)c2nnn(Cc3ccccc3Br)c2C)CC1,7.3799681048737025,41.69,1,1,0,0,1,0
COc1ccccc1N1CCN(CCCCNC(=O)c2nnn(Cc3ccccc3Br)c2C)CC1,7.040005161671584,91.2,1,1,0,0,1,1
CCCc1c(C(=O)NCCCCN2CCN(c3ccccc3OC)CC2)nnn1Cc1ccc(OC)cc1,6.890016705180107,128.82,0,0,0,0,1,0
COc1ccc(Cn2nnc(C(=O)NCCCCCN3CCN(c4ccccc4OC)CC3)c2C)cc1,6.570005615848293,269.15,0,0,0,0,0,0
COc1ccc(Cn2nnc(C(=O)NCCCCCN3CCN(c4cccc(Cl)c4Cl)CC3)c2C)cc1,6.540004743952609,288.4,0,0,0,0,0,0
COc1ccc(Cn2nnc(C(=O)NCCCCN3CCN(c4ccccc4OC)CC3)c2C)cc1,6.549997369826814,281.84,0,0,0,0,1,0
CCCc1c(C(=O)NCCCCN2CCN(c3ccccc3OC)CC2)nnn1Cc1ccccc1,6.519993057042849,302.0,0,0,0,0,1,0
CCCc1c(C(=O)NCCCCN2CCN(c3cccc(Cl)c3Cl)CC2)nnn1Cc1ccccc1,6.659992382003327,218.78,0,0,0,0,1,0
COc1ccccc1N1CCN(CCCCCNC(=O)c2nnn(Cc3ccccc3)c2C)CC1,6.799998134593398,158.49,0,0,0,0,1,0
Cc1c(C(=O)NCCCCCN2CCN(c3cccc(Cl)c3Cl)CC2)nnn1Cc1ccccc1,6.599997654072044,251.19,0,0,0,0,1,0
COc1ccccc1N1CCN(CCCCNC(=O)c2nnn(Cc3ccccc3)c2C)CC1,6.009998764965339,977.24,1,1,0,0,1,1
Cc1c(C(=O)NCCCCN2CCN(c3cccc(Cl)c3Cl)CC2)nnn1Cc1ccccc1,6.549997369826814,281.84,0,0,0,0,1,1
c1ccc(C2CCN(Cc3cn(-c4ccccc4)nn3)CC2)cc1,8.489991487059765,3.236,1,1,0,1,1,1
c1ccc(C2CCN(Cc3cnn(-c4ccccc4)c3)CC2)cc1,9.230032198670555,0.5888,1,1,0,1,1,1
O=C(NC1CCN(Cc2ccccc2)CC1)c1cccc2ccccc12,6.790484985457369,162.0,0,0,0,0,1,1
O=C(NC1CCN(CCCCc2ccccc2)CC1)c1cccc2ccccc12,6.441291429466834,362.0,0,0,0,0,0,0
O=C(NC1CCN(CCCc2ccccc2)CC1)c1cccc2ccccc12,7.1487416512809245,71.0,0,0,0,0,1,1
O=C(NC1CCN(CCc2ccccc2)CC1)c1cccc2ccccc12,6.638272163982407,230.0,0,0,0,0,1,1
O=C(c1ccc2ccccc2c1)N1CCC(NCCCc2ccccc2)CC1,6.653647025549361,222.0,0,0,0,0,0,0
O=C(c1ccc2ccccc2c1)N1CCC(NCCc2ccccc2)CC1,6.6777807052660805,210.0,0,0,0,0,0,0
O=C(c1ccc2ccccc2c1)N1CCC(NCc2ccccc2)CC1,6.777283528852417,167.0,0,0,0,0,0,0
O=C(NC1CCN(CCCCc2ccccc2)CC1)c1ccc2ccccc2c1,6.55129368009492,281.0,1,1,0,0,1,1
O=C(NC1CCN(CCCc2ccccc2)CC1)c1ccc2ccccc2c1,7.200659450546418,63.0,0,0,0,0,1,1
CC(c1ccccc1)N1CCC(NC(=O)c2ccc3ccccc3c2)CC1,7.5376020021010435,29.0,0,0,0,0,1,1
O=C(NC1CCN(CCc2ccccc2)CC1)c1ccc2ccccc2c1,6.856985199745905,139.0,1,1,0,0,1,1
O=C(NC1CCN(Cc2ccccc2)CC1)c1ccc2ccccc2c1,7.958607314841775,11.0,1,1,0,1,1,1
O=C(NC[C@H]1C[C@H]1CN1CCN(c2cccc(Cl)c2Cl)CC1)c1ccc(-c2ccccn2)cc1,5.835647144215563,1460.0,0,0,0,0,0,0
COc1ccccc1N1CCN(CC(O)CCNC(=O)c2ccc3c(c2)Cc2ccccc2-3)CC1,5.910094888560602,1230.0,0,0,0,0,0,0
COc1ccccc1N1CCN(CC(O)CCNC(=O)c2ccc(-c3ccccn3)cc2)CC1,5.826813731587726,1490.0,1,1,0,0,0,0
COc1ccccc1N1CCN(CCCCNC(=O)c2ccc3c(c2)Cc2ccccc2-3)CC1,6.371611069949688,425.0,0,0,0,0,1,1
O=C(NCCC(O)CN1CCN(c2cccc(Cl)c2Cl)CC1)c1ccc(-c2ccccn2)cc1,5.335358024443875,4620.0,1,1,0,0,0,0
CN1CCCc2cc(O)ccc2Cc2ccccc2CC1,5.646276062411051,2258.0,1,1,1,1,0,0
COc1cc2c(cc1OC)Cc1ccccc1CCCN(C)CC2,5.296880653763922,5048.0,0,0,0,0,0,0
CN1CCCc2ccccc2Cc2cc(O)ccc2CC1,5.425852935849277,3751.0,1,1,1,1,0,0
COc1ccc2c(c1)Cc1ccccc1CCCN(C)CC2,5.558619115083489,2763.0,1,1,1,1,0,0
Oc1ccc2c(c1)CCCNCCc1ccccc1C2,5.370998380713008,4256.0,1,1,0,1,0,0
COc1ccc2c(c1)CCCN(C)CCCc1ccccc1C2,5.542269451754001,2869.0,1,1,1,1,0,0
CN1CCCc2ccccc2Cc2ccc(O)cc2CCC1,6.374687549038326,422.0,1,1,0,1,0,0
COc1ccc2c(c1)CCN(C)CCCc1ccccc1C2,6.567030709125595,271.0,1,1,1,1,0,0
CN1CCCc2ccccc2Cc2ccc(O)cc2CC1,7.220764368324136,60.15,1,1,1,1,0,0
COc1ccc2c(c1)CCCN(C)CCc1ccccc1C2,5.957424487559809,1103.0,1,1,0,1,0,0
O=C1c2ccccc2C(=O)N1CCCCN1CC=C(c2c[nH]c3ccc(F)cc23)CC1,7.100015437450609,79.43,0,0,0,0,0,0
CN(C)CCCN1c2ccccc2Sc2ccc(Cl)cc21,7.538901836906919,28.913333333333338,0,0,0,0,1,1
C[C@H]1Oc2c(cccc2N2CCN(CCCc3c[nH]c4ccc(F)cc34)CC2)NC1=O,8.79997073344623,1.585,0,0,0,0,0,0
Fc1ccc(-c2cncc(CN3CCN(c4cccc5c4OCCO5)CC3)c2)cc1,8.0,10.0,0,0,0,0,0,0
O=C(NC1CCN(Cc2cccnc2)CC1)c1ccc2ccccc2c1,6.486782399932061,326.0,1,1,0,1,1,1
O=C(NC1CCN(Cc2ccccn2)CC1)c1ccc2ccccc2c1,6.52432881167557,299.0,1,1,0,1,1,1
Cc1ccc(CN2CCC(NC(=O)c3ccc4ccccc4c3)CC2)cc1,7.67778070526608,21.0,0,0,0,0,1,1
Cc1cccc(CN2CCC(NC(=O)c3ccc4ccccc4c3)CC2)c1,7.958607314841775,11.0,0,0,0,0,1,1
Cc1ccccc1CN1CCC(NC(=O)c2ccc3ccccc3c2)CC1,7.585026652029182,26.0,0,0,0,0,1,1
COc1ccc(CN2CCC(NC(=O)c3ccc4ccccc4c3)CC2)cc1,7.508638306165727,31.0,0,0,0,0,1,1
COc1cccc(CN2CCC(NC(=O)c3ccc4ccccc4c3)CC2)c1,7.795880017344075,16.0,1,1,0,0,1,1
O=C(NC1CCN(Cc2ccc([N+](=O)[O-])cc2)CC1)c1ccc2ccccc2c1,6.742321425130816,181.0,0,0,0,0,1,1
O=C(NC1CCN(Cc2ccc(C(F)(F)F)cc2)CC1)c1ccc2ccccc2c1,7.075720713938118,84.0,0,0,0,0,0,0
O=C(NC1CCN(Cc2cccc(C(F)(F)F)c2)CC1)c1ccc2ccccc2c1,6.987162775294828,103.0,0,0,0,0,0,0
O=C(NC1CCN(Cc2ccc(Br)cc2)CC1)c1ccc2ccccc2c1,7.468521082957745,34.0,0,0,0,0,0,0
O=C(NC1CCN(Cc2cccc(Br)c2)CC1)c1ccc2ccccc2c1,7.443697499232712,36.0,0,0,0,0,0,0
O=C(NC1CCN(Cc2ccc(Cl)cc2)CC1)c1ccc2ccccc2c1,7.431798275933005,37.0,0,0,0,0,1,1
O=C(NC1CCN(Cc2cccc(Cl)c2)CC1)c1ccc2ccccc2c1,7.267606240177032,54.0,0,0,0,0,1,1
Cc1ccc(CN2CCC(NC(=O)c3cccc4ccccc34)CC2)cc1,7.161150909262744,69.0,1,1,0,1,1,1
Cc1cccc(CN2CCC(NC(=O)c3cccc4ccccc34)CC2)c1,7.113509274827518,77.0,0,0,0,0,1,1
Cc1ccccc1CN1CCC(NC(=O)c2cccc3ccccc23)CC1,6.809668301829708,155.0,0,0,0,0,0,0
COc1ccc(CN2CCC(NC(=O)c3cccc4ccccc34)CC2)cc1,6.651695136951839,223.0,0,0,0,0,1,1
COc1cccc(CN2CCC(NC(=O)c3cccc4ccccc34)CC2)c1,6.774690718274137,168.0,1,1,0,0,1,1
O=C(NC1CCN(Cc2ccc(C(F)(F)F)cc2)CC1)c1cccc2ccccc12,7.017728766960431,96.0,0,0,0,0,0,0
O=C(NC1CCN(Cc2cccc(C(F)(F)F)c2)CC1)c1cccc2ccccc12,6.924453038607469,119.0,0,0,0,0,0,0
O=C(NC1CCN(Cc2ccc(Br)cc2)CC1)c1cccc2ccccc12,7.356547323513812,44.0,1,1,0,1,0,0
O=C(NC1CCN(Cc2cccc(Br)c2)CC1)c1cccc2ccccc12,7.180456064458132,66.0,0,0,0,0,0,0
O=C(NC1CCN(Cc2ccc(Cl)cc2)CC1)c1cccc2ccccc12,7.366531544420414,43.0,1,1,0,1,1,1
O=C(NC1CCN(Cc2cccc(Cl)c2)CC1)c1cccc2ccccc12,6.935542010773082,116.0,0,0,0,0,1,1
O=C(NC1CCN(Cc2ccccc2Cl)CC1)c1cccc2ccccc12,6.482804102050026,329.0,0,0,0,0,1,1
C#Cc1ccc(C(=O)NCCN2CCN(c3cccc(Cl)c3Cl)CC2)cc1,8.096910013008056,8.0,1,1,0,1,1,1
C#Cc1cccc(C(=O)NCCCCCN2CCN(c3cccc(Cl)c3Cl)CC2)c1,7.0,100.0,1,1,0,1,1,1
C#Cc1ccc(C(=O)NCCCCCN2CCN(c3cccc(Cl)c3Cl)CC2)cc1,7.161150909262744,69.0,0,0,0,0,1,1
COc1ccccc1N1CCN(CCCCCNC(=O)c2cccc(C#Cc3ccccc3)c2)CC1,7.455931955649724,35.0,0,0,0,0,1,0
O=C(NCCCCN1CCN(c2cccc(Cl)c2Cl)CC1)c1cccc(C#Cc2ccccc2)c1,6.721246399047171,190.0,1,1,0,1,1,1
C#Cc1cccc(C(=O)NCCCCN2CCN(c3cccc(Cl)c3Cl)CC2)c1,7.397940008672037,40.0,1,1,0,1,1,1
O=C(NCCCCN1CCN(c2cccc(Cl)c2Cl)CC1)c1ccc(C#Cc2ccccc2)cc1,6.481486060122113,330.0,1,1,0,1,1,0
C#Cc1ccc(C(=O)NCCCCN2CCN(c3cccc(Cl)c3Cl)CC2)cc1,6.920818753952375,120.0,1,1,0,1,1,1
COc1ccccc1N1CCN(CCCCNC(=O)c2cccc(C#Cc3ccccc3)c2)CC1,6.769551078621726,170.0,0,0,0,0,1,1
C#Cc1cccc(C(=O)NCCCCN2CCN(c3ccccc3OC)CC2)c1,7.795880017344075,16.0,1,1,0,1,1,1
COc1ccccc1N1CCN(CCCCNC(=O)c2ccc(C#Cc3ccccc3)cc2)CC1,6.657577319177793,220.0,0,0,0,0,1,0
C#Cc1ccc(C(=O)NCCCCN2CCN(c3ccccc3OC)CC2)cc1,6.958607314841775,110.0,1,1,0,0,1,1
O=C(NCCN1CCN(c2cccc(Cl)c2Cl)CC1)c1cccc(C#Cc2ccccc2)c1,7.920818753952375,12.0,1,1,0,1,1,1
C#Cc1cccc(C(=O)NCCN2CCN(c3cccc(Cl)c3Cl)CC2)c1,9.346787486224656,0.45,1,1,0,1,1,1
O=C(NCCN1CCN(c2cccc(Cl)c2Cl)CC1)c1ccc(C#Cc2ccccc2)cc1,7.657577319177793,22.0,1,1,0,1,1,0
OC1(c2ccccc2Cl)CCN(Cc2c[nH]c3ccccc23)CC1,5.549750891680639,2820.0,0,0,0,0,1,1
COc1ccc2[nH]cc(CN3CCC(O)(c4ccc(SC)cc4)CC3)c2c1,6.246416941107094,567.0,0,0,0,0,0,0
CSc1ccc(C2(O)CCN(Cc3c[nH]c4ccccc34)CC2)cc1,6.496209316942819,319.0,0,0,0,0,1,1
CCCCCCn1cc(CN2CCC(O)(c3ccc(Cl)cc3)CC2)c2ccccc21,5.051098239029786,8890.0,0,0,0,0,0,0
Cn1cc(CN2CCC(O)(c3ccc(Cl)cc3)CC2)c2ccccc21,5.289036881004725,5140.0,0,0,0,0,1,1
CSc1ccc(C2(O)CCN(Cc3coc4ccccc34)CC2)cc1,6.815308569182402,153.0,0,0,0,0,0,0
OC1(c2ccc(Cl)cc2)CCN(Cc2coc3ccccc23)CC1,6.393618634889395,404.0,1,1,0,1,1,1
OC1(c2ccc(Cl)c(Cl)c2)CCN(Cc2coc3ccccc23)CC1,6.777283528852417,167.0,0,0,0,0,0,0
OC1(c2ccc(Cl)cc2)CCN(Cc2n[nH]c3ccccc23)CC1,5.668370282370067,2146.0,1,1,0,0,1,1
OC1(c2ccc(Cl)c(Cl)c2)CCN(Cc2n[nH]c3ccccc23)CC1,6.169411331314856,677.0,0,0,0,0,0,0
Cc1[nH]c2ccccc2c1CN1CCC(O)(c2ccc(Cl)cc2)CC1,5.52432881167557,2990.0,0,0,0,0,1,1
C=CCOC1(c2ccc(Cl)cc2)CCN(Cc2c[nH]c3ccccc23)CC1,5.924453038607469,1190.0,1,1,0,0,1,1
COC1(c2ccc(Cl)cc2)CCN(Cc2c[nH]c3ccccc23)CC1,7.467245621007502,34.1,1,1,0,1,1,1
OCC1(c2ccc(Cl)cc2)CCN(Cc2c[nH]c3ccccc23)CC1,5.7121982700697735,1940.0,1,1,0,1,1,1
CC(=O)NCC1(c2ccc(Cl)cc2)CCN(Cc2c[nH]c3ccccc23)CC1,5.351639989019068,4450.0,1,1,0,0,1,1
CCOC(=O)C1(c2ccc(Cl)cc2)CCN(Cc2c[nH]c3ccccc23)CC1,5.453457336521869,3520.0,1,1,0,0,1,1
COC(=O)C1(c2ccc(Cl)cc2)CCN(Cc2c[nH]c3ccccc23)CC1,5.405607449624573,3930.0,1,1,0,0,1,1
N#CC1(c2ccc(Cl)cc2)CCN(Cc2c[nH]c3ccccc23)CC1,5.6439741428068775,2270.0,1,1,0,1,1,1
FC1(c2ccc(Cl)cc2)CCN(Cc2c[nH]c3ccccc23)CC1,6.437707135543525,365.0,1,1,0,1,1,1
CC(=O)NC1(c2ccc(Cl)cc2)CCN(Cc2c[nH]c3ccccc23)CC1,6.458420756053419,348.0,1,1,0,0,1,1
NC1(c2ccc(Cl)cc2)CCN(Cc2c[nH]c3ccccc23)CC1,5.639595945270061,2293.0,1,1,0,0,1,1
CC1(c2ccc(Cl)cc2)CCN(Cc2c[nH]c3ccccc23)CC1,5.560667306169737,2750.0,1,1,0,0,1,1
OC1(c2ccc(Cl)cc2)CCCN(Cc2c[nH]c3ccccc23)C1,5.61261017366127,2440.0,1,1,0,0,0,0
OC1(Cc2ccc(Cl)cc2)CCN(Cc2c[nH]c3ccccc23)CC1,5.405607449624573,3930.0,1,1,0,0,1,1
OC1(c2ccc(Cl)cc2)CCCN(Cc2c[nH]c3ccccc23)CC1,5.412289034981089,3870.0,1,1,0,1,0,0
OC1(c2ccc(-c3ccccc3)cc2)CCN(Cc2c[nH]c3ccccc23)CC1,6.889410289700751,129.0,0,0,0,0,1,1
CCCCCCOc1ccc(C2(O)CCN(Cc3c[nH]c4ccccc34)CC2)cc1,5.826813731587726,1490.0,0,0,0,0,1,1
COc1ccc(C2(O)CCN(Cc3c[nH]c4ccccc34)CC2)cc1,6.168130225719498,679.0,0,0,0,0,0,0
Oc1ccc(C2(O)CCN(Cc3c[nH]c4ccccc34)CC2)cc1,5.866461091629782,1360.0,1,1,0,0,1,1
OC1(c2ccc(F)cc2)CCN(Cc2c[nH]c3ccccc23)CC1,5.215382707367125,6090.0,1,1,0,1,1,1
OC1(c2cccc(C(F)(F)F)c2)CCN(Cc2c[nH]c3ccccc23)CC1,5.425968732272281,3750.0,0,0,0,0,1,1
OC1(c2ccc(Cl)c(Cl)c2)CCN(Cc2c[nH]c3ccccc23)CC1,5.958607314841775,1100.0,0,0,0,0,0,0
OC1(c2cccc(Cl)c2)CCN(Cc2c[nH]c3ccccc23)CC1,5.450996737974212,3540.0,1,1,0,0,1,1
OC1(c2cccc(Cl)c2Cl)CCN(Cc2c[nH]c3ccccc23)CC1,5.809668301829708,1550.0,0,0,0,0,1,1
C=CCN1CCC[C@H]1CNC(=O)c1cc(CCCF)cc(OC)c1OC,5.886056647693163,1300.0,0,0,0,0,0,0
C=CCN1CCC[C@H]1CNC(=O)c1cc(Br)ccc1OC,5.769551078621726,1700.0,0,0,0,0,0,0
C=CCN1CCC[C@H]1CNC(=O)c1cc(Br)cc(OC)c1OC,6.6777807052660805,210.0,0,0,0,0,1,1
C=CCN1CCC[C@H]1CNC(=O)c1cc(I)ccc1OC,6.200659450546418,630.0,0,0,0,0,0,0
C=CCN1CCC[C@H]1CNC(=O)c1cc(I)cc(OC)c1OC,6.6020599913279625,250.0,0,0,0,0,1,1
CCN1CCC[C@H]1CNC(=O)c1c(O)c(Br)cc(OC)c1OC,6.6777807052660805,210.0,1,1,0,0,0,0
CCN1CCC[C@H]1CNC(=O)c1c(O)c(Cl)cc(Cl)c1OC,5.508638306165727,3100.0,1,1,0,0,1,1
CCN1CCC[C@H]1CNC(=O)c1c(OC)ccc(I)c1O,6.2441251443275085,570.0,0,0,0,0,0,0
C=CCN1CCC[C@H]1CNC(=O)c1cc(CCCF)ccc1OC,5.522878745280337,3000.0,0,0,0,0,1,1
COc1ccc(NS(=O)(=O)c2sc3ccc(Cl)cc3c2C)cc1N1CCNCC1,6.886056647693163,130.0,0,0,0,0,0,0
COc1cc(CN2CCN(c3ccccc3OC)CC2)ccc1OCCF,8.744727494896694,1.8,0,0,0,0,1,1
COc1cc(CN2CCN(c3ccc(Cl)cc3)CC2)c(OCCF)cc1OC,8.769551078621726,1.7,0,0,0,0,0,0
FCCOc1cccc(CN2CCN(c3ccc(Cl)cc3)CC2)c1,7.086186147616283,82.0,0,0,0,0,1,1
FCCOc1ccc(CN2CCN(c3ccc(Cl)cc3)CC2)cc1,7.301029995663981,50.0,0,0,0,0,1,1
COc1cc(CN2CCN(c3ccc(Cl)cc3)CC2)ccc1OCCF,7.920818753952375,12.0,0,0,0,0,1,1
COc1cc(CN2CCN(c3ccccc3OC)CC2)c(OCCF)cc1OC,8.886056647693163,1.3,0,0,0,0,1,0
COc1ccccc1N1CCN(Cc2cccc(OCCF)c2)CC1,8.795880017344075,1.6,0,0,0,0,1,1
COc1ccccc1N1CCN(Cc2ccc(OCCF)cc2)CC1,8.431798275933005,3.7,0,0,0,0,1,1
Clc1ccc(N2CCN(Cc3ccccc3)CC2)cc1,6.6020599913279625,250.0,0,0,0,0,1,1
Nc1nc(-c2ccc(F)cc2)c([C@@H]2CCN(CCCC(=O)c3ccc(F)cc3)C2)s1,9.259637310505756,0.55,0,0,0,0,0,0
O[C@]1(c2ccc(Cl)cc2)C[C@@H]2CC[C@H](C1)N2Cc1coc2ccccc12,6.709965388637482,195.0,1,1,0,1,0,0
O[C@]1(c2ccc(Cl)cc2)C[C@@H]2CC[C@H](C1)N2Cc1csc2ccccc12,6.853871964321762,140.0,1,1,0,1,0,0
O[C@]1(c2ccc(Cl)c(Cl)c2)C[C@@H]2CC[C@H](C1)N2Cc1c[nH]c2ccccc12,6.438898616350944,364.0,0,0,0,0,0,0
CNC(=O)C(CCN1CCC(O)(c2ccc(Cl)cc2)CC1)(c1ccccc1)c1ccccc1,8.958607314841775,1.1,0,0,0,0,0,0
COc1c(OCCF)cccc1C(=O)C1CCN(CCc2ccc(F)cc2)CC1,6.7594507517174005,174.0,1,1,0,1,0,0
COc1c(OCCF)cccc1C(O)C1CCN(CCc2ccc(C)cc2)CC1,5.567351339986893,2708.0,1,1,0,1,0,0
COc1c(OCCF)cccc1C(=O)C1CCN(CCc2ccc(C)cc2)CC1,6.034798298974088,923.0,0,0,0,0,0,0
COc1ccccc1N1CCN(CCC(O)CNC(=O)c2cc3ccccc3[nH]2)CC1,6.7544873321858505,176.0,1,1,0,0,1,0
O=C(NCC(O)CCN1CCN(c2cccc(Cl)c2Cl)CC1)c1cc2ccccc2[nH]1,5.982966660701219,1040.0,0,0,0,0,1,0
COc1ccccc1N1CCN(CC(O)CCNC(=O)c2cc3cc(I)ccc3o2)CC1,5.889410289700751,1290.0,1,1,0,0,0,0
COc1ccccc1N1CCN(CC(O)CCNC(=O)c2cc3ccccc3o2)CC1,5.669586226650809,2140.0,1,1,0,0,0,0
COc1ccc2[nH]c(C(=O)NCCC(O)CN3CCN(c4ccccc4OC)CC3)cc2c1,5.815308569182402,1530.0,0,0,0,0,0,0
COc1ccccc1N1CCN(CC(O)CCNC(=O)c2cc3cc(I)ccc3[nH]2)CC1,6.341988603342887,455.0,1,1,0,0,0,0
COc1ccccc1N1CCN(CC(O)CCNC(=O)c2cc3cc(F)ccc3[nH]2)CC1,6.014573525916998,967.0,1,1,0,0,0,0
COc1ccccc1N1CCN(CC(O)CCNC(=O)c2cc3ccccc3[nH]2)CC1,5.716698771296451,1920.0,1,1,0,0,0,0
O=C(NC/C=C/CN1CCN(c2cccc(Cl)c2Cl)CC1)c1cc2ccccc2[nH]1,6.1938200260161125,640.0,0,0,0,0,1,0
COc1ccccc1N1CCN(CCCCNC(=O)c2cc3ccccc3[nH]2)CC1,6.3223930472795065,476.0,1,1,0,1,1,1
CCCN(CCCCNC(=O)c1ccc(-c2ccccc2)cc1)C1CC=C(C#C[Si](C)(C)C)CC1,7.161150909262744,69.0,0,0,0,0,1,1
CCCN(CCCCNC(=O)c1ccc(-c2ccccc2)cc1)C1CC=C(C#Cc2ccccc2)CC1,5.508638306165727,3100.0,0,0,0,0,1,1
CCCN(CCCCn1cc(-c2ccc(-c3ccccc3)cc2)nn1)C1CC=C(C#C[Si](C)(C)C)CC1,5.7447274948966935,1800.0,0,0,0,0,1,0
CCCN(CCCCn1cc(-c2ccc(-c3ccccc3)cc2)nn1)C1CC=C(C#Cc2ccccc2)CC1,5.958607314841775,1100.0,0,0,0,0,1,0
C#CC1=CCC(N(CCC)CCCCn2cc(-c3ccc(-c4ccccc4)cc3)nn2)CC1,6.721246399047171,190.0,0,0,0,0,0,0
CC#CC1=CCC(N(CCC)CCCCn2cc(C)nn2)CC1,7.0,100.0,0,0,0,0,0,0
CCCNCCCCNC(=O)c1ccc(-c2ccccc2)cc1,5.214670164989233,6100.0,0,0,0,0,1,1
CCCN(CCC)CCCCNC(=O)c1ccc(-c2ccccc2)cc1,5.853871964321762,1400.0,0,0,0,0,1,1
CCCN(CCCCNC(=O)c1ccc(-c2ccccc2)cc1)C1CCCCC1,6.173925197299173,670.0,0,0,0,0,1,1
O=C(CCCN1C2CCC1CN(c1ccc(Cl)cc1)CC2)c1ccc(F)cc1,7.378823718224964,41.8,1,1,0,0,1,1
O=C(CCCN1CCCN(c2ccc(Cl)cc2)CC1)c1ccc(F)cc1,8.18045606445813,6.6,0,0,0,0,0,0
O=C(CCCN1CCN(c2ncccn2)CC1)c1ccc(F)cc1,8.185086818724926,6.53,0,0,0,0,1,1
O=C(CCCN1CC2CC1CN2c1ccc(Cl)cc1)c1ccc(F)cc1,6.2839966563652006,520.0,0,0,0,0,0,0
O=C(CCCN1CC2CCC(C1)N2c1ccccc1)c1ccc(F)cc1,5.6777807052660805,2100.0,0,0,0,0,0,0
O=C(CCCN1C2CCC1CC(c1ccccc1)C2)c1ccc(F)cc1,6.752517739322946,176.8,0,0,0,0,0,0
O=C(CCCN1C2CCC1CC(O)(c1ccccc1)C2)c1ccc(F)cc1,7.716698771296451,19.2,0,0,0,0,0,0
O=C(CCCN1CCN(c2ccc(Cl)cc2)CC1)c1ccc(F)cc1,7.852839158883994,14.033333333333331,0,0,0,0,1,1
O=C(CN1C2CCC1CC(O)(c1ccc(Cl)cc1)C2)c1ccc(F)cc1,6.102922996790579,789.0,1,1,0,0,1,1
OC1(c2ccc(Cl)cc2)CC2CCC(C1)N2Cc1ccc(F)cc1,5.993533957750769,1015.0,0,0,0,0,1,1
OC1(c2ccc(Cl)cc2)CC2CCC(C1)N2Cc1c[nH]c2ncccc12,5.10385974855798,7873.0,1,1,0,1,1,1
O[C@@]1(c2ccc(Cl)cc2)C[C@@H]2CC[C@H](C1)N2Cc1c[nH]c2ccccc12,5.521866571899483,3007.0,1,1,0,1,0,0
OC1(c2ccc(Cl)cc2)CC2CCC(C1)N2CCc1c[nH]c2ccccc12,6.556737012541305,277.5,1,1,0,0,1,1
OC1(c2ccc(Cl)cc2)CCN(Cc2c[nH]c3ccccc23)C1,6.088043810927313,816.5,1,1,0,0,0,0
Clc1ccc(N2CCCN(Cc3c[nH]c4ncccc34)CC2)cc1,7.730487055782084,18.6,1,1,1,1,0,0
Clc1ccc(N2CCC3CCC(C2)N3Cc2c[nH]c3ncccc23)cc1,6.23381030668984,583.7,0,0,0,0,1,1
O=C(CCCN1CC2CC1N(c1ccc(Cl)cc1)C2)c1ccc(F)cc1,6.289882634888183,513.0,1,1,0,0,0,0
Clc1ccc(N2CC3CC2CN3Cc2c[nH]c3ncccc23)cc1,7.161150909262744,69.0,0,0,0,0,0,0
OC1(c2ccc(Cl)cc2)CCN(Cc2c[nH]c3ncccc23)C1,5.916139199133427,1213.0,1,1,0,0,0,0
c1cnc(N2CCN(Cc3c[nH]c4ncccc34)CC2)nc1,7.251811972993799,56.0,1,1,0,1,1,1
CSc1ccccc1N1CCN(CCCNC(=O)c2cnn3ccccc23)CC1,7.982966660701219,10.4,1,1,0,1,0,0
COc1ccccc1N1CCN(Cc2cc3ccccn3n2)CC1,8.756961951313706,1.75,0,0,0,0,1,1
Clc1ccc(N2CCN(CCCCCc3cc4ccccn4n3)CC2)cc1,7.337242168318426,46.0,1,1,0,0,1,1
Cc1ccc2c3c(ccc2n1)OC[C@H](CN1CCN(c2ccc4cc(C#N)ccc4n2)CC1)O3,5.848323769152953,1418.0,0,0,0,0,0,0
COc1ccccc1N1CCN(Cc2c(C)nc3cc(C)nc(C)n23)CC1,7.853871964321762,14.0,0,0,0,0,1,1
COc1ccc(N2CCN(Cc3c(C)nc4cc(C)nc(C)n34)CC2)cc1,6.017728766960431,960.0,1,1,0,0,1,1
COc1ccccc1N1CCN(Cc2c(C)nc3cc(C)ncn23)CC1,7.4089353929735005,39.0,0,0,0,0,1,1
COc1ccc(N2CCN(Cc3c(C)nc4cc(C)ncn34)CC2)cc1,7.920818753952375,12.0,1,1,0,0,1,1
COc1ccccc1N1CCN(Cc2cc3c(=O)[nH]c(N(C)C)nc3[nH]2)CC1,8.619788758288394,2.4,0,0,0,0,1,1
Clc1nccc2c(CN3CCN(c4ccccc4)CC3)c[nH]c12,8.193820026016112,6.4,0,0,0,0,1,1
Cc1cc2nc(C)c(CN3CCN(c4ccccc4)CC3)n2c(C)n1,7.154901959985743,70.0,0,0,0,0,1,1
Cc1cc2nc(C)c(CN3CCN(c4ccc(Cl)cc4)CC3)n2c(C)n1,7.180456064458132,66.0,0,0,0,0,1,1
Cc1cc2nc(C)c(CN3CCN(c4ccc(Cl)c(Cl)c4)CC3)n2c(C)n1,7.67778070526608,21.0,0,0,0,0,1,1
Cc1cc2nc(C)c(CN3CCN(c4ccccn4)CC3)n2c(C)n1,6.920818753952375,120.0,0,0,0,0,1,1
Cc1cc2nc(C)c(CN3CCN(c4ccc(F)cc4)CC3)n2c(C)n1,6.443697499232712,360.0,0,0,0,0,1,1
COc1ccccc1N1CCN(Cc2cnc3cc(C)nc(C)n23)CC1,7.180456064458132,66.0,0,0,0,0,1,1
Cn1c(N2CCCC2)nc2c(CN3CCN(c4ccccc4)CC3)c[nH]c2c1=O,8.42021640338319,3.8,0,0,0,0,0,0
Cn1c(N2CCCC2)nc2c(CN3CCN(c4ccc(Cl)c(Cl)c4)CC3)c[nH]c2c1=O,8.468521082957745,3.4,0,0,0,0,0,0
Cn1c(N2CCCC2)nc2c(CN3CCN(c4ccccn4)CC3)c[nH]c2c1=O,8.55284196865778,2.8,0,0,0,0,0,0
Cn1c(N2CCCC2)nc2c(CN3CCN(c4ccc(F)cc4)CC3)c[nH]c2c1=O,7.795880017344075,16.0,0,0,0,0,0,0
Cn1c(N2CCOCC2)nc2c(CN3CCN(c4ccccc4)CC3)c[nH]c2c1=O,7.602059991327962,25.0,0,0,0,0,0,0
COc1ccccc1N1CCN(Cc2c(C)[nH]c3nc(N(C)C)ncc23)CC1,8.193820026016112,6.4,0,0,0,0,1,1
O=C1N(CCN2Cc3ccccc3C2)CCN1c1cccc(Cl)c1,6.799998134593398,158.49,0,0,0,0,0,0
COc1ccccc1N1CCN(CCNC(=O)c2cn(-c3ccc([N+](=O)[O-])cc3)nn2)CC1,7.327902142064283,47.0,0,0,0,0,1,0
O=C(NCCCCN1CCN(c2cccc(Cl)c2Cl)CC1)c1cn(-c2ccc([N+](=O)[O-])cc2)nn1,8.244125144327509,5.7,1,1,0,1,1,1
COc1ccc(-n2cc(C(=O)NCCCCN3CCN(c4cccc(Cl)c4Cl)CC3)nn2)cc1,6.619788758288394,240.0,0,0,0,0,1,1
O=C(CCCc1cn(-c2ccc([N+](=O)[O-])cc2)nn1)NCCCCN1CCN(c2cccc(Cl)c2Cl)CC1,7.552841968657781,28.0,0,0,0,0,1,1
COc1ccc(-n2cc(CCCC(=O)NCCCCN3CCN(c4cccc(Cl)c4Cl)CC3)nn2)cc1,5.7447274948966935,1800.0,0,0,0,0,1,1
COc1ccccc1N1CCN(CCCCNC(=O)c2cccc(-c3cn(Cc4ccc(-c5ccc(Cn6cc(-c7cccc(C(=O)NCCCCN8CCN(c9ccccc9OC)CC8)c7)nn6)cc5)cc4)nn3)c2)CC1,5.468521082957745,3400.0,0,0,0,0,0,0
COc1ccccc1N1CCN(CCCCNC(=O)c2ccc(-c3cn(Cc4ccc(-c5ccc(Cn6cc(-c7ccc(C(=O)NCCCCN8CCN(c9ccccc9OC)CC8)cc7)nn6)cc5)cc4)nn3)cc2)CC1,6.070581074285707,850.0,0,0,0,0,0,0
COc1ccc2c(c1)CCN(C)CCc1ccccc1C2,7.36251027048749,43.4,1,1,0,1,0,0
CN1CCc2ccccc2Cc2ccc(O)cc2CC1,7.94692155651658,11.3,1,1,0,1,0,0
COc1cc2c(cc1O)[C@@H]1Cc3ccc(O)c(OC)c3CN1CC2,5.426200417784259,3748.0,1,1,0,0,1,1
COc1ccc2c(c1)CCN1Cc3ccccc3CC21,5.590912630552165,2565.0,0,0,0,0,0,0
Oc1ccc2c(c1)CCN1Cc3ccccc3CC21,5.293111605018382,5092.0,0,0,0,0,0,0
COc1ccc2c(c1)CCN(C)C2Cc1ccccc1C,5.177570376220643,6644.0,1,1,0,0,0,0
COc1cc2c3c(c1OC)-c1cc4c(cc1CC3N(C)CC2)OCO4,6.581698708680254,262.0,0,0,0,0,0,0
Cn1c(CN2CCC(c3ccccc3)CC2)nc2ccccc21,7.0,100.0,0,0,0,0,1,1
Cn1c(CN2CCC(c3ccc(Cl)cc3)CC2)nc2ccccc21,7.199970640755866,63.1,1,1,0,1,1,1
Cn1c(CN2CCC(c3cccc(C(F)(F)F)c3)CC2)nc2ccccc21,6.599997654072044,251.19,0,0,0,0,1,1
Cn1c(CN2CCC(c3ccc(C(F)(F)F)cc3)CC2)nc2ccccc21,6.900008766455316,125.89,1,1,0,0,1,1
Cn1c(CN2CCC(c3cccc(Cl)c3)CC2)nc2ccccc21,6.599997654072044,251.19,0,0,0,0,1,1
Cn1c(CN2CCC(c3nc4ccccc4s3)CC2)nc2ccccc21,8.100015437450608,7.943,1,1,0,1,1,1
Cn1c(CN2CCC(c3nsc4ccccc34)CC2)nc2ccccc21,6.699991797446187,199.53,1,1,0,0,1,1
Cn1c(CN2CCC(c3ncc(C(F)(F)F)cc3Cl)CC2)nc2ccccc21,5.59999938302362,2511.89,1,1,0,0,1,1
Cn1c(CN2CCN(c3ccc(Cl)cc3)CC2)nc2ccccc21,6.900008766455316,125.89,1,1,0,1,1,1
Cn1c(CN2CCN(c3ccccc3C(F)(F)F)CC2)nc2ccccc21,6.199998172182031,630.96,0,0,0,0,0,0
Cn1c(CN2CCN(c3ncc(C(F)(F)F)cc3Cl)CC2)nc2ccccc21,6.199998172182031,630.96,0,0,0,0,0,0
Cn1c(CN2CCN(c3ncc(Cl)cn3)CC2)nc2ccccc21,5.59999938302362,2511.89,1,1,0,1,1,1
Cn1c(CN2CCN(c3ccc(Cl)cc3F)CC2)nc2ccccc21,6.599997654072044,251.19,0,0,0,0,0,0
Cn1c(CN2CCN(c3ccc(C(F)(F)F)cc3)CC2)nc2ccccc21,6.399996913372259,398.11,0,0,0,0,0,0
Cn1c(CN2CCN(c3nc4ccccc4s3)CC2)nc2ccccc21,6.0999990348465305,794.33,1,1,0,1,0,0
Cn1c(CN2CCN(c3ccc(C(F)(F)F)cn3)CC2)nc2ccccc21,6.0,1000.0,0,0,0,0,0,0
CN1CCc2cc(Cl)c(O)cc2[C@@H](c2ccc(CN(C)S(=O)(=O)c3ccccc3)cc2)C1,5.363411816270157,4331.0,0,0,0,0,0,0
CN1CCc2cc(Cl)c(O)cc2[C@H]2c3ccccc3CC[C@@H]21,5.258257658166308,5517.5,0,0,0,0,0,0
CN1CCc2cc(Cl)c(O)cc2[C@H]2c3cccc(Br)c3CC[C@@H]21,5.0,10000.0,0,0,0,0,0,0
CN1CCc2cc(Cl)c(O)cc2[C@H]2c3cccc(C=O)c3CC[C@@H]21,5.223880200947012,5972.0,0,0,0,0,0,0
CN1CCc2cc(Cl)c(O)cc2[C@H]2c3cccc(CO)c3CC[C@@H]21,5.201971206595927,6281.0,0,0,0,0,0,0
CN1CCc2cc(Cl)c(O)cc2[C@H]2c3cccc(C#N)c3CC[C@@H]21,5.0,10000.0,0,0,0,0,0,0
COC(=O)c1cccc2c1CC[C@H]1[C@H]2c2cc(O)c(Cl)cc2CCN1C,5.316052869248487,4830.0,0,0,0,0,0,0
CN1CCc2cc(Cl)c(O)cc2[C@H]2c3cccc(O)c3CC[C@@H]21,5.399353764337605,3987.0,0,0,0,0,0,0
CN1CCc2cc(Cl)c(O)cc2[C@H]2c3cccc(N4CCCC4=O)c3CC[C@@H]21,5.0,10000.0,0,0,0,0,0,0
CN1CCc2cc(Cl)c(O)cc2[C@H]2c3cccc(/C=N/O)c3CC[C@@H]21,5.359518563029578,4370.0,0,0,0,0,0,0
CO/N=C/c1cccc2c1CC[C@H]1[C@H]2c2cc(O)c(Cl)cc2CCN1C,5.124591439922936,7506.0,0,0,0,0,0,0
CCO/N=C/c1cccc2c1CC[C@H]1[C@H]2c2cc(O)c(Cl)cc2CCN1C,5.230179742236408,5886.0,0,0,0,0,0,0
CN1CCc2cc(Cl)c(O)cc2[C@H]2c3cccc(/C=N/OCc4ccccc4)c3CC[C@@H]21,5.078625704581525,8344.0,0,0,0,0,0,0
CN1CCc2cc(Cl)c(O)cc2[C@H]2c3cccc(/C=N/Oc4ccccc4)c3CC[C@@H]21,5.0,10000.0,0,0,0,0,0,0
CN1CCc2cc(Cl)c(O)cc2[C@H]2c3cccc(-c4cccc(C#N)c4)c3CC[C@@H]21,5.0,10000.0,0,0,0,0,0,0
CN1CCc2cc(Cl)c(O)cc2[C@H]2c3cccc(-c4cccc([N+](=O)[O-])c4)c3CC[C@@H]21,5.0,10000.0,0,0,0,0,0,0
COc1ccc(-c2cccc3c2CC[C@H]2[C@H]3c3cc(O)c(Cl)cc3CCN2C)cc1,5.0,10000.0,0,0,0,0,0,0
CN1CCc2cc(Cl)c(O)cc2[C@H]2c3cccc(-c4cccs4)c3CC[C@@H]21,5.0,10000.0,0,0,0,0,0,0
CN1CCc2cc(Cl)c(O)cc2[C@H]2c3cccc(-c4ccncc4)c3CC[C@@H]21,5.295849483160201,5060.0,0,0,0,0,0,0
CN1CCc2ccccc2Cc2c([nH]c3ccccc23)CC1,6.647817481888637,225.0,1,1,0,1,0,0
CN1CCc2ccccc2Cc2c[nH]c3cccc(c23)CC1,7.407823242604133,39.1,0,0,0,0,0,0
O=c1c(O)c(-c2ccc(O)c(O)c2)oc2cc(O)cc(O)c12,5.105351696206482,7846.0,0,0,0,0,0,0
COc1ccc2[nH]cc(CN3CCC(O)(c4ccc(Br)cc4)CC3)c2c1,6.154901959985743,700.0,0,0,0,0,0,0
COc1cccc2[nH]cc(CN3CCC(O)(c4ccc(Br)cc4)CC3)c12,6.075720713938118,840.0,0,0,0,0,0,0
OC1(c2ccc(Br)cc2)CCN(Cc2c[nH]c3ccccc23)CC1,6.185752404268079,652.0,1,1,0,0,0,0
COc1cccc(F)c1OC1CN(Cc2cnn(-c3ccccc3)c2C)C1,6.8297382846050425,148.0,0,0,0,0,0,0
CCCCC1CCN(CCCC(=O)c2ccccc2C)CC1,7.958607314841775,11.0,0,0,0,0,1,1
O=C(CCCN1CCC(O)(c2cc3ccc2CCc2ccc(cc2)CC3)CC1)c1ccc(F)cc1,9.142667503568733,0.72,1,1,0,0,1,0
Cc1ccc(C)c(C2(O)CCN(CCCC(=O)c3ccc(F)cc3)CC2)c1,7.698970004336019,20.0,0,0,0,0,1,0
O=C(CCCN1CCC(O)(c2ccc(Cl)cc2)CC1)c1cc2ccc1CCc1ccc(cc1)CC2,7.4089353929735005,39.0,0,0,0,0,0,0
O=C(CCCN1CCC(O)(c2cc3ccc2CCc2ccc(cc2)CC3)CC1)c1cc2ccc1CCc1ccc(cc1)CC2,7.522878745280337,30.0,0,0,0,0,1,0
Cc1ccc(C)c(C(=O)CCCN2CCC(O)(c3ccc(Cl)cc3)CC2)c1,7.214670164989233,61.0,0,0,0,0,1,1
Cc1ccc(C)c(C(=O)CCCN2CCC(O)(c3cc(C)ccc3C)CC2)c1,7.522878745280337,30.0,0,0,0,0,0,0
O=C(CCCN1CCN(c2cc3ccc2CCc2ccc(cc2)CC3)CC1)c1ccc(F)cc1,6.920818753952375,120.0,1,1,0,0,1,0
Cc1ccc(C)c(N2CCN(CCCC(=O)c3ccc(F)cc3)CC2)c1,7.769551078621726,17.0,0,0,0,0,1,1
O=C(CCCN1CCN(c2ccc(Cl)cc2)CC1)c1cc2ccc1CCc1ccc(cc1)CC2,6.920818753952375,120.0,0,0,0,0,1,0
Cc1ccc(C)c(C(=O)CCCN2CCC(c3ccc(Cl)cc3)CC2)c1,8.0,10.0,0,0,0,0,1,1
O=C(CCCN1CCC(c2cc3ccc2CCc2ccc(cc2)CC3)CC1)c1cc2ccc1CCc1ccc(cc1)CC2,7.721246399047171,19.0,0,0,0,0,0,0
Cc1ccc(C)c(C(=O)CCCN2CCC(c3cc(C)ccc3C)CC2)c1,7.346787486224656,45.0,0,0,0,0,0,0
O=C(NCCCCN1CCN(c2cc3ccc2CCc2ccc(cc2)CC3)CC1)c1cc2ccccc2s1,6.055517327849832,880.0,0,0,0,0,1,0
Cc1ccc(C)c(N2CCN(CCCCNC(=O)c3cc4ccccc4s3)CC2)c1,6.522878745280337,300.0,0,0,0,0,1,1
COc1ccccc1N1CCN(CCCCNC(=O)c2cc(C)ccc2C)CC1,7.638272163982407,23.0,0,0,0,0,1,1
O=C(NCCCCN1CCN(c2cc3ccc2CCc2ccc(cc2)CC3)CC1)c1cc2ccc1CCc1ccc(cc1)CC2,6.769551078621726,170.0,0,0,0,0,1,0
Cc1ccc(C)c(C(=O)NCCCCN2CCN(c3cc(C)ccc3C)CC2)c1,6.657577319177793,220.0,0,0,0,0,1,1
Cc1ccc(CNCC2(F)CCN(C(=O)c3cc(Br)cs3)CC2)nc1,5.698970004336019,2000.0,0,0,0,0,0,0
Cc1ccc(CNCC2(F)CCN(C(=O)c3csc4ccccc34)CC2)nc1,6.337242168318426,460.0,0,0,0,0,0,0
Cc1ccc(CNCC2(F)CCN(C(=O)c3coc4ccccc34)CC2)nc1,6.229147988357855,590.0,0,0,0,0,0,0
Cc1ccc(CNCC2(F)CCN(C(=O)c3ccc(F)c(Cl)c3)CC2)nc1,5.698970004336019,2000.0,0,0,0,0,0,0
COc1ccccc1N1CCN(CCCCNC(=O)/C=C/c2ccc(F)cc2)CC1,7.366531544420414,43.0,0,0,0,0,1,1
N#[11C]c1cccc(N2CCN(CCN3CCC(C(F)(F)F)CC3)C2=O)c1,6.769551078621726,170.0,0,0,0,0,0,0
COc1ccccc1N1CCN(CCCCNC(=O)c2ccc(CCF)cc2)CC1,6.094743951251549,804.0,1,1,0,1,1,1
COc1ccccc1N1CCN(CCCCNC(=O)c2ccc(N(C)C)cc2)CC1,6.047691990337875,896.0,1,1,0,1,1,1
COc1ccccc1N1CCN(CCCCNC(=O)c2ccc(-c3ccccc3)cc2)CC1,7.568636235841013,27.0,1,1,0,0,1,1
CCCN(CCCCNC(=O)c1ccc(-c2ccccc2)cc1)C1CCn2nccc2C1,7.229147988357855,59.0,1,1,0,0,1,1
CCCN(CCCCNC(=O)c1ccc(-c2ccccc2)cc1)C1CCn2ncc(Cl)c2C1,6.721246399047171,190.0,1,1,0,0,1,1
CCCN(CCCCNC(=O)c1ccc(-c2ccccc2)cc1)C1CCn2ncc(C=O)c2C1,5.200659450546418,6300.0,1,1,0,0,1,1
CCCN(CCCCNC(=O)c1ccc(-c2ccccc2)cc1)C1Cc2cccn3ncc(c23)C1,6.638272163982407,230.0,0,0,0,0,1,1
COc1ccccc1N1CCN(CCCCN2CCc3ccccc3C2=O)CC1,8.721246399047171,1.9,1,1,0,1,1,1
COc1ccccc1N1CCN(CCCCN2CCCc3ccccc3C2=O)CC1,8.886056647693163,1.3,0,0,0,0,1,1
COc1ccc2c(c1)CCCN(CCCCN1CCN(c3ccccc3OC)CC1)C2=O,8.522878745280337,3.0,0,0,0,0,1,0
COc1ccccc1N1CCN(CCCCN2CCc3cc(F)ccc3C2=O)CC1,8.55284196865778,2.8,0,0,0,0,1,1
COc1ccccc1N1CCN(CCCCN2CCc3cc(-c4ccccc4)ccc3C2=O)CC1,8.468521082957745,3.4,0,0,0,0,1,0
COc1ccccc1N1CCN(CCCCN2CCc3c(cccc3-c3ccccc3)C2=O)CC1,8.008773924307505,9.8,0,0,0,0,1,0
COc1ccccc1N1CCN(CCCCN2CCc3cc(-c4ccco4)ccc3C2=O)CC1,8.481486060122112,3.3,0,0,0,0,1,0
COc1ccccc1N1CCN(CCCCN2CCc3cc(-c4cccs4)ccc3C2=O)CC1,8.638272163982407,2.3,0,0,0,0,1,0
COc1ccccc1N1CCN(CCCCN2CCCc3cc(-c4cccs4)ccc3C2=O)CC1,8.537602002101044,2.9,0,0,0,0,1,0
COc1ccccc1N1CCN(CCCCN2CCc3cc(-c4ccncc4)ccc3C2=O)CC1,8.468521082957745,3.4,0,0,0,0,1,0
COc1ccccc1N1CCN(CCCCN2CCc3cc(C#N)ccc3C2=O)CC1,8.214670164989233,6.1,0,0,0,0,1,1
C#Cc1ccc2c(c1)CCN(CCCCN1CCN(c3ccccc3OC)CC1)C2=O,8.387216143280265,4.1,0,0,0,0,1,1
O=C(N(CCN1CCN(c2ccccc2O)CC1)c1ccccn1)C12C3C4C1C1C2C3C41I,6.050609993355087,890.0,0,0,0,0,0,0
COc1ccccc1N1CCN(CCN(C(=O)C23C4C5C2C2C3C4C52I)c2ccccn2)CC1,6.482804102050026,329.0,0,0,0,0,1,1
COc1ccccc1N1CCN(CCN(C(=O)C2CCCCC2)c2ccccn2)CC1,7.795880017344075,16.0,0,0,0,0,1,1
O=C(NCCC(F)CN1CCN(c2cccc(Cl)c2Cl)CC1)c1ccc(-c2ccccn2)cc1,5.510041520575165,3090.0,1,1,0,0,0,0
O=C(NCCC(F)CN1CCN(c2cccc(Cl)c2Cl)CC1)c1cc2ccccc2o1,5.272458742971444,5340.0,1,1,0,0,0,0
COc1ccccc1N1CCN(CC(F)CCNC(=O)c2cc3ccccc3[nH]2)CC1,5.826813731587726,1490.0,0,0,0,0,0,0
O=C(NCCC(F)CN1CCN(c2cccc(Cl)c2Cl)CC1)c1cc2ccccc2[nH]1,5.473660722610156,3360.0,0,0,0,0,0,0
COc1ccccc1N1CCN(CC(F)CCNC(=O)c2ccc3c(c2)Cc2ccccc2-3)CC1,5.497572880015567,3180.0,0,0,0,0,0,0
O=C(CCCN1C2C3C4CC5C6C4C2C6C1(O)C53)c1ccc(F)cc1,7.031517051446065,93.0,0,0,0,0,0,0
COc1cc(CN2CCN(c3ccccc3OC)CC2)ccc1OCc1cn(CCCCCCCCn2cc(COc3ccc(CN4CCN(c5ccccc5OC)CC4)cc3OC)nn2)nn1,8.267606240177031,5.4,0,0,0,0,0,0
COc1cc(CN2CCN(c3ccccc3OC)CC2)ccc1OCCCc1cn(CCCCCCCCn2cc(CCCOc3ccc(CN4CCN(c5ccccc5OC)CC4)cc3OC)nn2)nn1,7.823908740944319,15.0,0,0,0,0,0,0
COc1cc(CN2CCN(c3ccccc3OC)CC2)ccc1OCCCc1cn(CCCCCCCCCCn2cc(CCCOc3ccc(CN4CCN(c5ccccc5OC)CC4)cc3OC)nn2)nn1,7.721246399047171,19.0,0,0,0,0,0,0
COc1cc(CN2CCN(c3ccccc3OC)CC2)ccc1OCCCCc1cn(CCCCCCCCCCn2cc(CCCCOc3ccc(CN4CCN(c5ccccc5OC)CC4)cc3OC)nn2)nn1,7.958607314841775,11.0,0,0,0,0,0,0
COc1cc(CN2CCN(c3ccccc3OC)CC2)ccc1OCc1cn(CCOCCOCCn2cc(COc3ccc(CN4CCN(c5ccccc5OC)CC4)cc3OC)nn2)nn1,8.167491087293763,6.8,0,0,0,0,0,0
COc1cc(CN2CCN(c3ccccc3OC)CC2)ccc1OCCCc1cn(CCOCCOCCn2cc(CCCOc3ccc(CN4CCN(c5ccccc5OC)CC4)cc3OC)nn2)nn1,7.920818753952375,12.0,0,0,0,0,0,0
COc1cc(CN2CCN(c3ccccc3OC)CC2)ccc1OCCCc1cn(CCOCCOCCOCCn2cc(CCCOc3ccc(CN4CCN(c5ccccc5OC)CC4)cc3OC)nn2)nn1,7.721246399047171,19.0,0,0,0,0,0,0
CCCCn1cc(COc2ccc(CN3CCN(c4ccccc4OC)CC3)cc2OC)nn1,8.481486060122112,3.3,0,0,0,0,0,0
CCCCn1cc(CCCOc2ccc(CN3CCN(c4ccccc4OC)CC3)cc2OC)nn1,8.142667503568731,7.2,0,0,0,0,1,0
CCCCn1cc(CCCCOc2ccc(CN3CCN(c4ccccc4OC)CC3)cc2OC)nn1,7.886056647693163,13.0,0,0,0,0,0,0
CCOCCn1cc(COc2ccc(CN3CCN(c4ccccc4OC)CC3)cc2OC)nn1,8.075720713938118,8.4,0,0,0,0,0,0
CCOCCn1cc(CCCOc2ccc(CN3CCN(c4ccccc4OC)CC3)cc2OC)nn1,8.193820026016112,6.4,0,0,0,0,0,0
CCCc1cn(CCCCCCCCn2cc(CCCOc3ccc(CN4CCN(c5ccccc5OC)CC4)cc3OC)nn2)nn1,7.853871964321762,14.0,0,0,0,0,0,0
COc1cc(CN2CCN(C)CC2)ccc1OCCCc1cn(CCCCCCCCn2cc(CCCOc3ccc(CN4CCN(c5ccccc5OC)CC4)cc3OC)nn2)nn1,7.920818753952375,12.0,0,0,0,0,0,0
COc1cc(CN2CCN(c3ccccc3OC)CC2)ccc1OCCCc1cn(CCCCCCCCn2cc(CCCOc3ccc(CN4CCN(C5CCCCC5)CC4)cc3OC)nn2)nn1,7.721246399047171,19.0,0,0,0,0,0,0
COc1ccc(CCN2CCC(Nc3nc4ccccc4n3Cc3ccc(F)cc3)CC2)cc1,5.670805584911549,2134.0,0,0,0,0,0,0
CCCCc1oc2ccccc2c1C(=O)c1cc(I)c(OCCN(CC)CC)c(I)c1,5.206698646386885,6213.0,0,0,0,0,0,0
CC(C)(C)c1ccc(C(=O)CCCN2CCC(OC(c3ccccc3)c3ccccc3)CC2)cc1,6.341320971417551,455.7,0,0,0,0,0,0
Clc1ccc(COC(Cn2ccnc2)c2ccc(Cl)cc2Cl)cc1,5.485319455875018,3271.0,0,0,0,0,0,0
OCCN1CCN(CCCN2c3ccccc3Sc3ccc(C(F)(F)F)cc32)CC1,5.685922008220787,2061.0,0,0,0,0,0,0
CCN(CC)C(=S)SSC(=S)N(CC)CC,5.95663772197887,1105.0,0,0,0,0,0,0
Clc1ccccc1C(c1ccccc1)(c1ccccc1)n1ccnc1,5.1558335895498,6985.0,0,0,0,0,0,0
CN1CCN(CCCN2c3ccccc3Sc3ccc(Cl)cc32)CC1,6.091514981121351,810.0,0,0,0,0,1,1
Clc1ccc(COC(Cn2ccnc2)c2ccc(Cl)cc2Cl)c(Cl)c1,5.271321633149086,5354.0,0,0,0,0,0,0
CSc1ccc2c(c1)N(CCC1CCCCN1C)c1ccccc1S2,6.288192770958809,515.0,0,0,0,0,0,0
CC/C(=C(\c1ccccc1)c1ccc(OCCN(C)C)cc1)c1ccccc1,5.40749015209932,3913.0,0,0,0,0,0,0
COc1ccccc1N1CCN(CCN(C(=O)C23C4C5C2C2C3C4C52CF)c2ccccn2)CC1,7.1487416512809245,71.0,0,0,0,0,0,0
COc1ccccc1N1CCN(CCN(C(=O)C23CCC(CF)(CC2)CC3)c2ccccn2)CC1,7.075720713938118,84.0,0,0,0,0,0,0
COc1ccccc1N1CCN(CCN(C(=O)C23CCC(CF)(CC2)C3)c2ccccn2)CC1,7.036212172654444,92.0,0,0,0,0,0,0
CCCN(CCCCNC(=O)c1ccc(OCCCc2cn(CCCCCCCCn3cc(CCCOc4ccc(CN5CCN(c6ccccc6OC)CC5)cc4OC)nn3)nn2)c(OC)c1)C1Cc2ccccc2C1,7.657577319177793,22.0,0,0,0,0,0,0
CCCN(CCCCNC(=O)c1ccc(OCCCc2cn(CCCCCCCCn3cc(CCCOc4ccc(C(=O)NCCCCN5CCN(c6ccccc6OC)CC5)cc4OC)nn3)nn2)c(OC)c1)C1Cc2ccccc2C1,7.397940008672037,40.0,0,0,0,0,0,0
CCCCn1cc(CCCOc2ccc(C(=O)NCCCCN3CCN(c4ccccc4OC)CC3)cc2OC)nn1,7.075720713938118,84.0,0,0,0,0,1,0
CCCCn1cc(CCCOc2ccc(C(=O)NCCCCN(CCC)C3Cc4ccccc4C3)cc2OC)nn1,7.376750709602099,42.0,0,0,0,0,0,0
COc1cc(C(=O)NCCCCN2CCN(c3ccccc3OC)CC2)ccc1OCCCc1cn(CCCCCCCCn2cc(CCCOc3ccc(C(=O)NCCCCN4CCN(c5ccccc5OC)CC4)cc3OC)nn2)nn1,6.180456064458132,660.0,0,0,0,0,0,0
CCCN(CCCCNC(=O)c1ccc(OCCCc2cn(CCCCCCCCn3cc(CCCOc4ccc(C(=O)NCCCCN(CCC)C5Cc6ccccc6C5)cc4OC)nn3)nn2)c(OC)c1)C1Cc2ccccc2C1,7.468521082957745,34.0,0,0,0,0,0,0
Fc1ccc(CN2CCN(c3ccc4c(c3)OCCO4)CC2)cc1,8.958607314841775,1.1,1,1,0,1,1,1
COc1cc(CN2CCN(c3ccc4c(c3)OCCO4)CC2)ccc1F,8.3767507096021,4.2,0,0,0,0,0,0
Oc1cc(CN2CCN(c3ccc4c(c3)OCCO4)CC2)ccc1F,8.136677139879543,7.3,0,0,0,0,0,0
Fc1ccc(CN2CCN(c3ccc4c(c3)OCCO4)CC2)cn1,7.823908740944319,15.0,1,1,0,1,1,1
CCOCCOc1cccc(C(=O)NCCCN2CCN(c3ccccc3OC)CC2)c1,6.853871964321762,140.0,1,1,0,0,1,1
CCOCCOc1cccc(C(=O)NCCCCN2CCN(c3ccccc3OC)CC2)c1,6.657577319177793,220.0,1,1,0,0,1,1
COc1ccccc1N1CCN(CCCNC(=O)c2cccc(OCCOCCOCCOCCOc3cccc(C(=O)NCCCN4CCN(c5ccccc5OC)CC4)c3)c2)CC1,7.42021640338319,38.0,1,1,0,1,0,0
COc1ccccc1N1CCN(CCCCNC(=O)c2cccc(OCCOCCOCCOCCOc3cccc(C(=O)NCCCCN4CCN(c5ccccc5OC)CC4)c3)c2)CC1,7.318758762624412,48.0,1,1,0,1,0,0
CCOCCOCc1ccc(C(=O)NCCCN2CCN(c3ccccc3OC)CC2)cc1,6.619788758288394,240.0,0,0,0,0,1,1
CCOCCOCc1ccc(C(=O)NCCCCN2CCN(c3ccccc3OC)CC2)cc1,6.6020599913279625,250.0,0,0,0,0,1,1
CCOCCOc1ccn2ncc(C(=O)NCCCN3CCN(c4ccccc4OC)CC3)c2c1,7.154901959985743,70.0,0,0,0,0,1,0
CCOCCOc1ccn2ncc(C(=O)NCCCCN3CCN(c4ccccc4OC)CC3)c2c1,7.1938200260161125,64.0,0,0,0,0,1,0
CCOCCOCc1ccn2ncc(C(=O)NCCCN3CCN(c4ccccc4OC)CC3)c2c1,7.346787486224656,45.0,0,0,0,0,1,0
CCOCCOCc1ccn2ncc(C(=O)NCCCCN3CCN(c4ccccc4OC)CC3)c2c1,6.795880017344075,160.0,0,0,0,0,1,0
COc1ccccc1N1CCN(CCCNC(=O)c2cnn3ccc(OCCOCCOCCOCCOc4ccn5ncc(C(=O)NCCCN6CCN(c7ccccc7OC)CC6)c5c4)cc23)CC1,7.292429823902063,51.0,0,0,0,0,0,0
COc1ccccc1N1CCN(CCCCNC(=O)c2cnn3ccc(OCCOCCOCCOCCOc4ccn5ncc(C(=O)NCCCCN6CCN(c7ccccc7OC)CC6)c5c4)cc23)CC1,7.113509274827518,77.0,0,0,0,0,0,0
COc1ccccc1N1CCN(CCCNC(=O)c2cnn3ccc(COCCOCCOCCOCCOCc4ccn5ncc(C(=O)NCCCN6CCN(c7ccccc7OC)CC6)c5c4)cc23)CC1,6.853871964321762,140.0,0,0,0,0,0,0
COc1ccccc1N1CCN(CCCCNC(=O)c2cnn3ccc(COCCOCCOCCOCCOCc4ccn5ncc(C(=O)NCCCCN6CCN(c7ccccc7OC)CC6)c5c4)cc23)CC1,7.0,100.0,0,0,0,0,0,0
CCOCCOCc1ccc(N2CCN(CCCCNC(=O)c3ccccc3)CC2)c(OC)c1,5.619788758288394,2400.0,0,0,0,0,1,0
COc1cc(COCCOCCOCCOCCOCc2ccc(N3CCN(CCCCNC(=O)c4ccccc4)CC3)c(OC)c2)ccc1N1CCN(CCCCNC(=O)c2ccccc2)CC1,5.267606240177032,5400.0,0,0,0,0,0,0
COc1ccccc1N1CCN(CCCCNC(=O)c2ccccc2)CC1,6.769551078621726,170.0,0,0,0,0,1,1
C[C@H]1Cc2c([nH]c3ccccc23)Cc2ccccc2CCN1C,7.193141970481182,64.1,0,0,0,0,0,0
Clc1ccc2c(c1)N=C(N1CCN(Cc3ccccc3)CC1)c1cccnc1O2,6.6777807052660805,210.0,0,0,0,0,0,0
Clc1ccc2c(c1)N=C(N1CCN(CCc3ccccc3)CC1)c1cccnc1O2,7.376750709602099,42.0,0,0,0,0,1,1
Clc1ccc2c(c1)N=C(N1CCN(C3CCCCC3)CC1)c1cccnc1O2,6.09799710864927,798.0,0,0,0,0,1,1
Clc1ccc2c(c1)C(N1CCNCC1)=Nc1ccccc1O2,7.468521082957745,34.0,1,1,0,1,0,0
O=C(c1cnc2ccccc2n1)N(CCN1CC=C(c2ccccc2)CC1)c1ccccn1,7.455931955649724,35.0,1,1,0,1,0,0
O=C(c1cccc2ccccc12)N(CCN1CC=C(c2ccccc2)CC1)c1ccccn1,6.598599459218456,252.0,0,0,0,0,0,0
O=C(c1ccc2ccccc2c1)N(CCN1CC=C(c2ccccc2)CC1)c1ccccn1,6.536107011014093,291.0,0,0,0,0,0,0
O=C(c1cnc2ccccc2n1)N(CCN1CCN(c2ccccc2)CC1)c1ccccn1,7.245651664288981,56.8,1,1,0,1,1,1
O=C(c1cccc2ccccc12)N(CCN1CCN(c2ccccc2)CC1)c1ccccn1,6.259637310505756,550.0,0,0,0,0,0,0
O=C(c1ccc2ccccc2c1)N(CCN1CCN(c2ccccc2)CC1)c1ccccn1,6.09312646527793,807.0,1,1,0,1,1,1
COc1ccccc1N1CCN(CCN(C(=O)c2cnc3ccccc3n2)c2ccccn2)CC1,7.823908740944319,15.0,1,1,0,1,1,1
COc1ccccc1N1CCN(CCN(C(=O)c2cccc3ccccc23)c2ccccn2)CC1,7.161150909262744,69.0,0,0,0,0,0,0
COc1ccccc1N1CCN(CCN(C(=O)c2ccc3ccccc3c2)c2ccccn2)CC1,6.735182176990463,184.0,1,1,0,1,1,1
O=C(CCCN1CC[Si](O)(c2ccc(Cl)cc2)CC1)c1ccc(F)cc1,7.85078088734462,14.1,0,0,0,0,0,0
COc1ccccc1N1CCN(Cc2ccc3cccccc2-3)CC1,9.397940008672036,0.4,0,0,0,0,1,1
COc1ccccc1N1CCN(Cc2cc(CN3CCN(c4ccc(Cl)cc4)CC3)c3cccccc2-3)CC1,8.221848749616356,6.0,0,0,0,0,0,0
COc1ccccc1N1CCN(Cc2cc(CN3CCN(c4ccccc4OC)CC3)c3cccccc2-3)CC1,9.102372908709558,0.79,1,1,0,1,1,0
COc1ccccc1N1CCN(Cc2cc(CN3CCN(C)CC3)c3cccccc2-3)CC1,8.42021640338319,3.8,0,0,0,0,0,0
COc1ccccc1N1CCN(Cc2cc(CN3CCOCC3)c3cccccc2-3)CC1,8.337242168318426,4.6,0,0,0,0,0,0
COc1ccccc1N1CCN(Cc2cc(CN3CCCCC3)c3cccccc2-3)CC1,8.721246399047171,1.9,0,0,0,0,0,0
COc1ccccc1N1CCN(Cc2cc(CN(C)C)c3cccccc2-3)CC1,8.823908740944319,1.5,0,0,0,0,1,1
COc1ccccc1N1CCN(Cc2cc(C#N)c3cccccc2-3)CC1,8.619788758288394,2.4,0,0,0,0,1,1
COc1ccccc1N1CCN(Cc2cc(CO)c3cccccc2-3)CC1,9.148741651280924,0.71,1,1,0,1,1,1
CCCC#Cc1cc(CN2CCN(c3ccccc3OC)CC2)c2cccccc1-2,7.721246399047171,19.0,0,0,0,0,1,1
COc1ccccc1N1CCN(Cc2cc(C#Cc3ccccc3)c3cccccc2-3)CC1,7.795880017344075,16.0,0,0,0,0,1,1
C#Cc1cc(CN2CCN(c3ccccc3OC)CC2)c2cccccc1-2,8.022276394711152,9.5,1,1,0,1,1,1
c1ccc(C[n+]2cc[n+](-c3cccc4[nH]cnc34)cc2)cc1,7.327902142064283,47.0,1,1,0,1,1,1
c1ccc(C[n+]2cc[n+](-c3cccc4[nH]ccc34)cc2)cc1,7.832682665251823,14.7,1,1,0,1,0,0
FC(F)(F)c1nc2c(-[n+]3cc[n+](Cc4ccccc4)cc3)cccc2[nH]1,8.537602002101044,2.9,0,0,0,0,0,0
Brc1ccc(-[n+]2cc[n+](Cc3ccccc3)cc2)c2cc[nH]c12,8.585026652029182,2.6,0,0,0,0,1,1
Clc1ccc2[nH]ccc2c1-[n+]1cc[n+](Cc2ccccc2)cc1,8.769551078621726,1.7,1,1,0,1,1,1
c1ccc(-n2cc(CN3CCN(c4cc5ccc4CCc4ccc(cc4)CC5)CC3)cn2)cc1,7.346787486224656,45.0,1,1,0,1,1,0
c1ccc(N2CCN(Cc3cnn(-c4cc5ccc4CCc4ccc(cc4)CC5)c3)CC2)cc1,8.455931955649724,3.5,1,1,0,1,1,0
Oc1ccc(N2CCN(Cc3cnn(-c4ccc(Cl)cc4)c3)CC2)cc1,7.468521082957745,34.0,1,1,0,1,0,0
Clc1ccc(-n2cc(CN3CCN(c4ccccc4)CC3)cn2)cc1,6.756961951313706,175.0,1,1,1,1,1,1
CNc1ccc(C(=O)NCCCCN2CCCN(c3ccccc3OC)CC2)cc1,6.151195298948196,706.0,1,1,0,0,0,0
COc1ccccc1N1CCCN(CCCCNC(=O)c2cccc(OC)c2OC)CC1,6.355561410532162,441.0,0,0,0,0,0,0
COc1ccccc1N1CCCN(CCCCNC(=O)c2ccc(Br)nc2)CC1,6.080921907623926,830.0,1,1,0,1,0,0
COc1ccccc1N1CCCN(CCCCNC(=O)c2ccc(Cl)nc2)CC1,6.193141970481182,641.0,1,1,0,1,0,0
COc1ccccc1N1CCCN(CCCCNC(=O)c2ccc(-c3ccc(F)cc3)s2)CC1,6.394694953858891,403.0,0,0,0,0,0,0
COc1ccccc1N1CCCN(CCCCNC(=O)c2ccc(Br)s2)CC1,6.752026733638194,177.0,0,0,0,0,0,0
COc1ccccc1N1CCCN(CCCCNC(=O)c2cccc3c2-c2ccccc2C3=O)CC1,6.182434630440219,657.0,0,0,0,0,0,0
COc1ccccc1N1CCCN(CCCCNC(=O)c2ccc(CCO)cc2)CC1,6.126098402135539,748.0,1,1,0,0,0,0
COc1ccccc1N1CCCN(CCCCNC(=O)c2ccc(-c3ccccc3)s2)CC1,6.465973893943865,342.0,1,1,0,0,0,0
COc1ccccc1N1CCCN(CCCCNC(=O)c2cc3ccccc3s2)CC1,6.527243550682788,297.0,1,1,1,1,1,0
COc1ccccc1N1CCCN(CCCCNC(=O)c2cc3ccccc3[nH]2)CC1,6.79317412396815,161.0,1,1,0,0,1,0
COc1ccccc1N1CCCN(CCCCNC(=O)c2ccc(C)s2)CC1,6.72584215073632,188.0,0,0,0,0,0,0
COc1ccccc1N1CCCN(CCCCNC(=O)c2ccc(F)cc2)CC1,6.798602875679548,159.0,0,0,0,0,0,0
COc1ccccc1N1CCCN(CCCCNC(=O)c2ccc(Cl)cc2)CC1,6.455931955649724,350.0,1,1,0,1,0,0
C=Cc1ccc(C(=O)NCCCCN2CCCN(c3ccccc3OC)CC2)cc1,6.137868620686962,728.0,1,1,0,0,0,0
COc1ccccc1N1CCCN(CCCCNC(=O)c2ccc(CCF)cc2)CC1,6.282329496997738,522.0,1,1,0,0,0,0
COc1ccccc1N1CCCN(CCCCNC(=O)c2cc3ccccc3o2)CC1,6.367542707815276,429.0,1,1,1,1,1,0
COc1ccccc1N1CCCN(CCCCNC(=O)c2ccc(SC)cc2)CC1,6.429457060118103,372.0,1,1,0,0,0,0
COc1ccccc1N1CCCN(CCCCNC(=O)c2ccc(N(C)C)cc2)CC1,6.216096420727265,608.0,0,0,0,0,0,0
COc1ccccc1N1CCCN(CCCCNC(=O)c2ccc(-c3ccsc3)cc2)CC1,6.728158393463501,187.0,0,0,0,0,0,0
Clc1ccc(-n2cc(CCCCCN3CCN(c4ccccc4)CC3)cn2)cc1,5.928117992693875,1180.0,1,1,0,1,1,0
Clc1ccc(-n2cc(CCCCN3CCN(c4ccccc4)CC3)cn2)cc1,6.096910013008056,800.0,0,0,0,0,1,1
Clc1ccc(-n2cc(CCCN3CCN(c4ccccc4)CC3)cn2)cc1,6.481486060122113,330.0,0,0,0,0,1,1
Clc1ccc(-n2cc(COCCCN3CCN(c4ccccc4)CC3)cn2)cc1,5.823908740944319,1500.0,1,1,1,1,1,1
Clc1ccc(-n2cc(COCCN3CCN(c4ccccc4)CC3)cn2)cc1,7.0,100.0,1,1,1,1,1,1
COc1ccccc1N1CCN(CCCCn2ncc(=O)n(C)c2=O)CC1,7.67778070526608,21.0,0,0,0,0,1,1
Cn1c(=O)cnn(CCCCN2CCN(c3ccccc3OCCF)CC2)c1=O,7.1487416512809245,71.0,0,0,0,0,0,0
Clc1cccc(N2CCN(Cc3c[nH]c4ccccc34)CC2)c1Cl,8.207608310501746,6.2,0,0,0,0,1,1
CCOc1ccccc1N1CCN(Cc2c[nH]c3ccccc23)CC1,10.522878745280336,0.03,1,1,0,1,1,1
Clc1cccc(N2CCN(Cc3ccccc3)CC2)c1Cl,7.958607314841775,11.0,0,0,0,0,1,1
CCOc1ccccc1N1CCN(Cc2ccccc2)CC1,8.522878745280337,3.0,0,0,0,0,1,1
Clc1cccc(N2CCN(Cc3csc4ccccc34)CC2)c1Cl,7.647817481888637,22.5,0,0,0,0,1,1
CCOc1ccccc1N1CCN(Cc2csc3ccccc23)CC1,8.346787486224656,4.5,1,1,0,1,1,1
Clc1cccc(N2CCN(Cc3cccc4ccccc34)CC2)c1Cl,7.508638306165727,31.0,0,0,0,0,1,1
CCOc1ccccc1N1CCN(Cc2cccc3ccccc23)CC1,8.698970004336019,2.0,1,1,0,1,1,1
Clc1cccc(N2CCN(Cc3cccnc3)CC2)c1Cl,8.356547323513812,4.4,1,1,0,1,1,1
CCOc1ccccc1N1CCN(Cc2cccnc2)CC1,9.154901959985745,0.7,0,0,0,0,1,1
Oc1ccc(N2CCN(Cc3cccs3)CC2)cc1,6.818156412055227,152.0,0,0,0,0,1,1
Clc1ccc(N2CCN(Cc3cccs3)CC2)cc1Cl,7.107905397309519,78.0,0,0,0,0,1,1
Clc1ccc(N2CCN(Cc3cccs3)CC2)cc1,6.669586226650809,214.0,0,0,0,0,1,1
Fc1ccc(N2CCN(Cc3cccs3)CC2)cc1,6.978810700930062,105.0,0,0,0,0,1,1
Oc1ccccc1N1CCN(Cc2cccs2)CC1,8.130768280269024,7.4,1,1,0,1,1,1
CCOc1ccccc1N1CCN(Cc2cccs2)CC1,8.4089353929735,3.9,1,1,0,0,1,1
Clc1cccc(N2CCN(Cc3cccs3)CC2)c1Cl,7.30189945437661,49.9,1,1,0,1,1,1
Clc1ccccc1N1CCN(Cc2cccs2)CC1,7.2839966563652,52.0,1,1,0,1,1,1
Fc1ccccc1N1CCN(Cc2cccs2)CC1,7.244125144327507,57.0,1,1,0,1,1,1
c1ccc(N2CCN(Cc3cccs3)CC2)cc1,7.187086643357144,65.0,1,1,0,1,1,1
COc1ccccc1N1CCN(CCCCn2cc(-c3ccc(-c4cnco4)cc3)nn2)CC1,6.370182803981484,426.4,1,1,0,1,1,0
COc1ccccc1N1CCN(CCCCn2cc(-c3cccnc3)nn2)CC1,5.721658030939093,1898.2,1,1,0,1,1,1
COc1ccccc1N1CCN(CCCCn2cc(-c3ccc(N)cc3)nn2)CC1,6.273680387889224,532.5,0,0,0,0,1,1
COc1ccc(-c2cn(CCCCN3CCN(c4ccccc4OC)CC3)nn2)cc1,6.403622856002401,394.8,0,0,0,0,1,1
COc1ccccc1N1CCN(CCCCn2cc(-c3ccc(Br)cc3)nn2)CC1,6.412625827926934,386.7,0,0,0,0,1,1
COc1ccccc1N1CCN(Cc2cn(-c3ccc(OCCCOC4O[C@H](CO)[C@@H](O)[C@H](O)[C@H]4F)cc3)nn2)CC1,7.494850021680094,32.0,0,0,0,0,0,0
COc1ccccc1N1CCN(Cc2cn(-c3ccc(OCCCOCCF)cc3)nn2)CC1,7.795880017344075,16.0,0,0,0,0,1,0
COc1ccccc1N1CCN(Cc2cn(-c3ccc(OCCOCCOCCF)cc3)nn2)CC1,7.0,100.0,1,1,0,1,1,1
COc1ccccc1N1CCN(Cc2cn(-c3ccc(OCCCF)cc3)nn2)CC1,8.292429823902063,5.1,1,1,0,1,1,1
COc1ccccc1N1CCN(Cc2cn(-c3ccc(OCCF)cc3)nn2)CC1,7.853871964321762,14.0,0,0,0,0,1,1
COc1ccccc1N1CCN(Cc2cn([C@@H]3O[C@H](CF)[C@@H](O)[C@H](O)[C@H]3O)nn2)CC1,6.468521082957745,340.0,0,0,0,0,1,1
COc1ccccc1N1CCN(Cc2cn([C@@H]3O[C@H](CO)[C@@H](O)[C@H](O)[C@H]3F)nn2)CC1,6.301029995663981,500.0,0,0,0,0,1,1
COc1ccccc1N1CCN(Cc2cn(CCOCCOCCOCCF)nn2)CC1,6.167491087293763,680.0,1,1,1,1,1,1
COc1ccccc1N1CCN(Cc2cn(CCOCCOCCF)nn2)CC1,6.823908740944319,150.0,0,0,0,0,1,1
COc1ccccc1N1CCN(Cc2cn(CCOCCF)nn2)CC1,7.638272163982407,23.0,1,1,1,1,1,1
COc1ccccc1N1CCN(Cc2cn(CCCCCCF)nn2)CC1,7.698970004336019,20.0,1,1,0,1,1,1
CN1CCC2C(C1)c1cccc3c1N2c1ccccc1CS3,6.699991797446187,199.53,0,0,0,0,0,0
O=C(CCCN1CC[C@H]2[C@@H](C1)c1cccc3c1N2CCC3)c1ccc(F)cc1,7.221848749616356,60.0,0,0,0,0,0,0
O=C(CCCN1CC[C@H]2[C@@H](C1)c1cccc3c1N2CCO3)c1ccc(F)cc1,6.494850021680094,320.0,0,0,0,0,0,0
CN(C)C(=O)N[C@H]1CC[C@H](CCN2CCN(c3cccc(Cl)c3Cl)CC2)CC1,6.958607314841775,110.0,0,0,0,0,1,1
Clc1cccc(N2CCN(CCCCOc3ccn4nccc4c3)CC2)c1Cl,6.886056647693163,130.0,1,1,0,1,1,1
Clc1cccc(N2CCN(CCCCOc3cccn4nccc34)CC2)c1Cl,7.795880017344075,16.0,0,0,0,0,1,1
Clc1cccc(N2CCN(CCCCOc3ccc4ccnn4c3)CC2)c1Cl,8.356547323513812,4.4,1,1,0,1,1,1
Clc1cccc(N2CCN(CCCCOc3cccc4ccnn34)CC2)c1Cl,7.795880017344075,16.0,0,0,0,0,1,1
Clc1cccc(N2CCN(CCCCOc3cc4ccccn4n3)CC2)c1Cl,7.481486060122112,33.0,0,0,0,0,1,1
CCOC(=O)c1cc2cc(OCCCCN3CCN(c4cccc(Cl)c4Cl)CC3)ccn2n1,7.327902142064283,47.0,0,0,0,0,1,0
OCc1cc2cc(OCCCCN3CCN(c4cccc(Cl)c4Cl)CC3)ccn2n1,7.455931955649724,35.0,0,0,0,0,1,1
O=Cc1cnn2ccc(OCCCCN3CCN(c4cccc(Cl)c4Cl)CC3)cc12,7.244125144327507,57.0,1,1,0,0,1,1
O=Cc1cnn2cccc(OCCCCN3CCN(c4cccc(Cl)c4Cl)CC3)c12,7.387216143280264,41.0,0,0,0,0,1,1
O=Cc1cnn2cc(OCCCCN3CCN(c4cccc(Cl)c4Cl)CC3)ccc12,7.744727494896693,18.0,0,0,0,0,1,1
O=Cc1cnn2c(OCCCCN3CCN(c4cccc(Cl)c4Cl)CC3)cccc12,7.107905397309519,78.0,0,0,0,0,1,1
O=Cc1c(OCCCCN2CCN(c3cccc(Cl)c3Cl)CC2)nn2ccccc12,7.5376020021010435,29.0,0,0,0,0,1,1
O=Cc1cc2cc(OCCCCN3CCN(c4cccc(Cl)c4Cl)CC3)ccn2n1,7.050609993355087,89.0,0,0,0,0,1,1
O/N=C/c1cnn2ccc(OCCCCN3CCN(c4cccc(Cl)c4Cl)CC3)cc12,8.247951552180561,5.65,1,1,0,0,1,1
O/N=C/c1cc2cc(OCCCCN3CCN(c4cccc(Cl)c4Cl)CC3)ccn2n1,7.619788758288394,24.0,0,0,0,0,1,1
N#Cc1cnn2ccc(OCCCCN3CCN(c4cccc(Cl)c4Cl)CC3)cc12,8.244125144327509,5.7,0,0,0,0,1,1
N#Cc1cc2cc(OCCCCN3CCN(c4cccc(Cl)c4Cl)CC3)ccn2n1,8.031517051446064,9.3,0,0,0,0,1,1
O=S(=O)(NCCCCN1CCC(c2noc3cc(F)ccc23)CC1)c1cc2ccccc2s1,7.853871964321762,14.0,0,0,0,0,1,0
COc1ccccc1N1CCN(CCCCc2cn(-c3cccc4cnccc34)nn2)CC1,6.057991946977687,875.0,0,0,0,0,1,0
COc1ccccc1N1CCN(CCCCCc2cn(-c3cccc4cnccc34)nn2)CC1,6.730487055782084,186.0,0,0,0,0,1,0
COc1ccccc1N1CCN(CCCc2cn(-c3ccc(-c4ccsc4)cc3)nn2)CC1,7.045757490560675,90.0,1,1,0,1,1,0
COc1ccccc1N1CCN(CCCCc2cn(-c3ccc(-c4ccsc4)cc3)nn2)CC1,6.403402904373539,395.0,1,1,0,1,1,0
COc1ccccc1N1CCN(CCCCCc2cn(-c3ccc(-c4ccsc4)cc3)nn2)CC1,6.787812395596042,163.0,1,1,0,1,1,0
COc1ccccc1N1CCN(CCCCc2cn(-c3ccc(N(C)C)cc3)nn2)CC1,6.120330794367947,758.0,0,0,0,0,1,0
COc1ccccc1N1CCN(CCCCc2cn(-c3ccc(SC)cc3)nn2)CC1,6.698970004336019,200.0,0,0,0,0,1,1
COc1ccccc1N1CCN(CCCCCc2cn(-c3ccc(SC)cc3)nn2)CC1,6.6439741428068775,227.0,0,0,0,0,1,0
O=C(CCC(=O)OC1(c2ccc(Cl)cc2)CCN(CCCC(=O)c2ccc(F)cc2)CC1)OC1(c2ccc(Cl)cc2)CCN(CCCC(=O)c2ccc(F)cc2)CC1,7.619788758288394,24.0,1,1,1,1,0,0
O=C(CCCC(=O)OC1(c2ccc(Cl)cc2)CCN(CCCC(=O)c2ccc(F)cc2)CC1)OC1(c2ccc(Cl)cc2)CCN(CCCC(=O)c2ccc(F)cc2)CC1,7.481486060122112,33.0,1,1,1,1,0,0
O=C(CCCCC(=O)OC1(c2ccc(Cl)cc2)CCN(CCCC(=O)c2ccc(F)cc2)CC1)OC1(c2ccc(Cl)cc2)CCN(CCCC(=O)c2ccc(F)cc2)CC1,7.387216143280264,41.0,1,1,1,1,0,0
O=C(CCCCCC(=O)OC1(c2ccc(Cl)cc2)CCN(CCCC(=O)c2ccc(F)cc2)CC1)OC1(c2ccc(Cl)cc2)CCN(CCCC(=O)c2ccc(F)cc2)CC1,6.443697499232712,360.0,1,1,1,1,0,0
O=C(CCCCCCC(=O)OC1(c2ccc(Cl)cc2)CCN(CCCC(=O)c2ccc(F)cc2)CC1)OC1(c2ccc(Cl)cc2)CCN(CCCC(=O)c2ccc(F)cc2)CC1,6.522878745280337,300.0,1,1,1,1,0,0
O=C(CCCCCCCC(=O)OC1(c2ccc(Cl)cc2)CCN(CCCC(=O)c2ccc(F)cc2)CC1)OC1(c2ccc(Cl)cc2)CCN(CCCC(=O)c2ccc(F)cc2)CC1,6.2839966563652006,520.0,1,1,1,1,0,0
O=C(CCCCCCCCC(=O)OC1(c2ccc(Cl)cc2)CCN(CCCC(=O)c2ccc(F)cc2)CC1)OC1(c2ccc(Cl)cc2)CCN(CCCC(=O)c2ccc(F)cc2)CC1,6.309803919971486,490.0,1,1,1,1,0,0
Cc1ccc(C(=O)OC2(c3ccc(Cl)cc3)CCN(CCCC(=O)c3ccc(F)cc3)CC2)cc1,6.886056647693163,130.0,0,0,0,0,1,1
CC(=O)OC1(c2ccc(Cl)cc2)CCN(CCCC(=O)c2ccc(F)cc2)CC1,8.031517051446064,9.3,0,0,0,0,1,1
CCC(=O)OC1(c2ccc(Cl)cc2)CCN(CCCC(=O)c2ccc(F)cc2)CC1,8.602059991327963,2.5,0,0,0,0,1,1
CCCCCCCCCC(=O)OC1(c2ccc(Cl)cc2)CCN(CCCC(=O)c2ccc(F)cc2)CC1,8.236572006437063,5.8,1,1,1,1,1,1
O=C(CCN1CCN(CCC(=O)OC2(c3ccc(Cl)cc3)CCN(CCCC(=O)c3ccc(F)cc3)CC2)CC1)OC1(c2ccc(Cl)cc2)CCN(CCCC(=O)c2ccc(F)cc2)CC1,7.481486060122112,33.0,0,0,0,0,0,0
CN(CCC(=O)OC1(c2ccc(Cl)cc2)CCN(CCCC(=O)c2ccc(F)cc2)CC1)CCN(C)CCC(=O)OC1(c2ccc(Cl)cc2)CCN(CCCC(=O)c2ccc(F)cc2)CC1,7.5376020021010435,29.0,0,0,0,0,0,0
CN(C)CCC(=O)OC1(c2ccc(Cl)cc2)CCN(CCCC(=O)c2ccc(F)cc2)CC1,8.060480747381382,8.7,0,0,0,0,1,1
O=C(CCc1cn(CCCCCCCCn2cc(CCC(=O)OC3(c4ccc(Cl)cc4)CCN(CCCC(=O)c4ccc(F)cc4)CC3)nn2)nn1)OC1(c2ccc(Cl)cc2)CCN(CCCC(=O)c2ccc(F)cc2)CC1,7.721246399047171,19.0,0,0,0,0,0,0
O=C(CCc1cn(CCCCCCCCCCn2cc(CCC(=O)OC3(c4ccc(Cl)cc4)CCN(CCCC(=O)c4ccc(F)cc4)CC3)nn2)nn1)OC1(c2ccc(Cl)cc2)CCN(CCCC(=O)c2ccc(F)cc2)CC1,7.050609993355087,89.0,0,0,0,0,0,0
O=C(CCC(=O)N1CCC(O)(c2ccc(Cl)cc2)CC1)c1ccc(F)cc1,4.7447274948966935,18000.0,0,0,0,0,0,0
Oc1ccc(CN2CCO[C@H](CCc3ccccc3)C2)cc1,7.552841968657781,28.0,1,1,0,1,0,0
COc1ccc(CN2CCOC(CCc3ccccc3)C2)cc1,7.337242168318426,46.0,0,0,0,0,1,1
Cc1ccccc1CN1CCOC(CCc2ccccc2)C1,5.991399828238082,1020.0,0,0,0,0,1,1
FC(F)(F)Oc1cccc(CN2CCOC(CCc3ccccc3)C2)c1,6.958607314841775,110.0,0,0,0,0,1,1
Fc1ccc(CN2CCOC(CCc3ccccc3)C2)cc1,6.494850021680094,320.0,1,1,0,1,1,1
c1ccc(CCC2CN(Cc3ccccc3)CCO2)cc1,6.3872161432802645,410.0,0,0,0,0,1,1
Fc1cccc(F)c1CN1CCOC(CCc2ccccc2)C1,5.97061622231479,1070.0,0,0,0,0,1,1
NC(=O)c1ccccc1OCCCN1CCN(c2cccc3c2ccn3S(=O)(=O)c2ccccc2)CC1,8.148741651280925,7.1,0,0,0,0,0,0
CCCCn1cc(CCCOc2ccc(C(=O)NCCCCN(CCC)CCc3ccc(O)c4[nH]c(=O)ccc34)cc2OC)nn1,6.096910013008056,800.0,0,0,0,0,0,0
CCCN(CCC)CCc1cccc2c1CC(=O)N2,8.10790539730952,7.8,0,0,0,0,0,0
COc1ccccc1N1CCN(CCCCNC(=O)/N=N/c2ccc(F)cc2)CC1,7.026872146400302,94.0,0,0,0,0,1,1
COc1ccccc1N1CCN(CCCCNC(=O)/N=N/c2ccc(F)c(F)c2)CC1,7.443697499232712,36.0,0,0,0,0,1,1
COc1ccccc1N1CCN(CCCCNC(=O)/N=N/c2cc(F)c(F)c(F)c2)CC1,7.327902142064283,47.0,0,0,0,0,1,0
CCCN(CCCCNC(=O)/C=C/c1ccc(F)cc1)C1Cc2ccccc2C1,7.795880017344075,16.0,1,1,0,1,1,0
CCCN(CCCCNC(=O)/N=N/c1ccc(F)cc1)C1Cc2ccccc2C1,7.468521082957745,34.0,1,1,0,1,1,0
CCCN(CCCCNC(=O)/N=N/c1ccc(F)c(F)c1)C1Cc2ccccc2C1,7.508638306165727,31.0,1,1,0,1,1,0
CCCN(CCCCNC(=O)/N=N/c1cc(F)c(F)c(F)c1)C1Cc2ccccc2C1,7.397940008672037,40.0,1,1,0,0,0,0
CCCN(CCNC(=O)/C=C/c1ccc(F)cc1)C1Cc2ccccc2C1,8.853871964321762,1.4,1,1,0,1,1,0
CCCN(CCNC(=O)/N=N/c1ccc(F)cc1)C1Cc2ccccc2C1,9.00436480540245,0.99,1,1,0,1,1,1
CCCN(CCNC(=O)/N=N/c1ccc(F)c(F)c1)C1Cc2ccccc2C1,8.698970004336019,2.0,1,1,0,1,1,0
CCCN(CCNC(=O)/N=N/c1cc(F)c(F)c(F)c1)C1Cc2ccccc2C1,8.0,10.0,0,0,0,0,1,1
COc1ccccc1N1CCN(CCCCc2cn(-c3ccc4ccccc4c3)nn2)CC1,6.52432881167557,299.0,1,1,0,1,1,0
COc1ccccc1N1CCN(CCCCc2cn(-c3ccc4c(c3)Cc3ccccc3-4)nn2)CC1,6.482804102050026,329.0,0,0,0,0,1,1
COc1ccccc1N1CCN(CCCCc2cn(-c3ccc4[nH]ccc4c3)nn2)CC1,6.452225294612178,353.0,1,1,0,1,1,0
COc1ccccc1N1CCN(CCCCc2cn(-c3ccccc3)nn2)CC1,6.313363730737707,486.0,1,1,0,1,1,1
Clc1cccc(N2CCN(CCCCc3cn(-c4ccc5c(c4)Cc4ccccc4-5)nn3)CC2)c1Cl,5.351639989019068,4450.0,0,0,0,0,1,1
Clc1cccc(N2CCN(CCCCc3cn(-c4ccc5[nH]ccc5c4)nn3)CC2)c1Cl,6.292429823902063,510.0,1,1,0,1,1,0
COc1ccccc1N1CCN(CCCCn2cc(-c3ccc4ccccc4c3)nn2)CC1,6.634512015109101,232.0,1,1,0,1,1,0
COc1ccccc1N1CCN(CCCCn2cc(-c3ccc4c(c3)Cc3ccccc3-4)nn2)CC1,6.230622673923862,588.0,0,0,0,0,1,0
COc1ccccc1N1CCN(CCCCn2cc(-c3ccc4[nH]ccc4c3)nn2)CC1,6.653647025549361,222.0,1,1,0,1,1,0
COc1ccccc1N1CCN(CCCCn2cc(-c3ccc4ncccc4c3)nn2)CC1,6.570247719997592,269.0,1,1,0,1,1,0
COc1ccccc1N1CCN(CCCCn2cc(-c3ccc(-c4ccccc4)cc3)nn2)CC1,6.371611069949688,425.0,1,1,0,1,1,0
O=C(NCCC(O)CN1CCN(c2cccc(Cl)c2Cl)CC1)c1ccc2c(c1)-c1ccccc1C2,5.43533393574791,3670.0,0,0,0,0,0,0
COc1ccc2[nH]c(C(=O)NCCC(O)CN3CCN(c4cccc(Cl)c4Cl)CC3)cc2c1,5.690369832574102,2040.0,0,0,0,0,0,0
O=C(NCCCCN1CCN(c2cccc(Cl)c2Cl)CC1)c1ccc2c(c1)Cc1ccccc1-2,5.43533393574791,3670.0,1,1,1,1,1,1
Cc1ccc(Cl)c(N2CCN(CCCCNC(=O)c3ccc4oc(=O)[nH]c4c3)CC2)c1,5.6252516539898965,2370.0,0,0,0,0,0,0
Cc1ncoc1-c1nnc(SCCCN2C[C@@H]3C[C@]3(c3ccc(C(F)(F)F)cc3F)C2)n1C,4.448550002027125,35600.0,0,0,0,0,0,0
COc1ccccc1N1CCN(CCCc2cn(-c3ccn4nccc4c3)nn2)CC1,7.431798275933005,37.0,1,1,0,1,1,0
O=Cc1cnn2ccc(-n3cc(CCCN4CCN(c5cccc(Cl)c5Cl)CC4)nn3)cc12,6.886056647693163,130.0,1,1,1,1,1,0
O=Cc1cnn2ccc(-n3cc(CCCCN4CCN(c5cccc(Cl)c5Cl)CC4)nn3)cc12,5.853871964321762,1400.0,1,1,1,1,1,1
O=Cc1cnn2ccc(-n3cc(CCN4CCN(c5cccc(Cl)c5Cl)CC4)nn3)cc12,5.522878745280337,3000.0,1,1,1,1,1,1
COc1ccccc1N1CCN(CCc2cn(-c3ccn4ncc(C=O)c4c3)nn2)CC1,7.008773924307505,98.0,0,0,0,0,1,1
Clc1cccc(N2CCN(CCc3cn(-c4ccn5nccc5c4)nn3)CC2)c1Cl,6.7447274948966935,180.0,0,0,0,0,1,1
Clc1cccc(N2CCN(CCCc3cn(-c4ccn5nccc5c4)nn3)CC2)c1Cl,7.376750709602099,42.0,1,1,0,1,1,0
Clc1cccc(N2CCN(CCCCc3cn(-c4ccn5nccc5c4)nn3)CC2)c1Cl,7.119186407719209,76.0,1,1,0,1,1,1
CCCN(CCN1CCN(CCc2c[nH]c3ccccc23)CC1)c1ccc(Br)cc1,9.142667503568733,0.72,0,0,0,0,1,1
Brc1ccc(NCCN2CCN(CCc3c[nH]c4ccccc34)CC2)cc1,7.698970004336019,20.0,0,0,0,0,1,1
COc1ccc(CCN(CCCc2ccccc2)CCc2ccc3c(c2)OCO3)cc1OC,6.069050968832477,853.0,0,0,0,0,0,0
CN1CCc2ccccc2Cc2sccc2CC1,6.72584215073632,188.0,0,0,0,0,0,0
CN1CCc2ccccc2Cc2sc3ccccc3c2CC1,7.142667503568732,72.0,0,0,0,0,0,0
CN1C[C@@H]2c3ccccc3Oc3ccc(Cl)cc3[C@H]2C1,8.045757490560675,9.0,0,0,0,0,0,0
Cn1c(SCCCN2CC3CCN(c4ccc(C(F)(F)F)cc4)C3C2)nnc1-c1cc[nH]c(=O)c1,4.800000052738446,15848.93,0,0,0,0,0,0
Clc1ccc(CN2CCO[C@H](COc3ccccc3)C2)cc1,7.376750709602099,42.0,1,1,0,1,1,1
Cc1ccc(CN2CCO[C@H](COc3ccccc3)C2)cc1C,7.910094888560602,12.3,1,1,0,1,1,1
COc1ccc(CN2CCO[C@H](COc3ccccc3)C2)cc1,7.356547323513812,44.0,1,1,0,0,1,1
c1ccc(OC[C@@H]2CN(Cc3ccc4ccccc4c3)CCO2)cc1,7.749579997691106,17.8,1,1,0,1,1,1
c1ccc(OC[C@@H]2CN(Cc3ccc4ccccc4n3)CCO2)cc1,6.508638306165727,310.0,1,1,0,1,1,1
Fc1ccc(CN2CCO[C@H](COc3ccccc3)C2)cc1Cl,6.769551078621726,170.0,1,1,0,1,1,1
Fc1cc(CN2CCO[C@H](COc3ccccc3)C2)ccc1Cl,7.718966632752273,19.1,0,0,0,0,1,1
Fc1ccc(CN2CCO[C@H](COc3ccccc3)C2)cc1F,6.823908740944319,150.0,1,1,0,1,1,1
Clc1ccc(CN2CCO[C@H](COc3ccccc3)C2)cc1Cl,7.568636235841013,27.0,1,1,0,0,1,1
Fc1cc(CN2CCO[C@H](COc3ccccc3)C2)ccc1C(F)(F)F,7.790484985457369,16.2,0,0,0,0,1,1
Fc1ccc(CN2CCO[C@H](COc3ccccc3)C2)cc1C(F)(F)F,7.050609993355087,89.0,0,0,0,0,1,1
COc1ccc(CN2CCO[C@H](COc3ccccc3)C2)cc1F,7.844663962534938,14.3,1,1,0,0,1,1
COc1cc(CN2CCO[C@H](COc3ccccc3)C2)ccc1F,7.935542010773082,11.6,0,0,0,0,1,1
COc1ccc(CN2CCO[C@H](COc3ccccc3)C2)cc1Cl,7.982966660701219,10.4,1,1,0,0,1,1
COc1cc(CN2CCO[C@H](COc3ccccc3)C2)ccc1Cl,7.935542010773082,11.6,0,0,0,0,1,1
FC(F)(F)Oc1ccc(CN2CCO[C@H](COc3ccccc3)C2)cc1,7.292429823902063,51.0,0,0,0,0,1,1
COc1ccc(CN2CCO[C@H](COc3ccccc3)C2)cc1OC,7.366531544420414,43.0,0,0,0,0,1,1
CSc1ccc(CN2CCO[C@H](COc3ccccc3)C2)cc1,7.79317412396815,16.1,1,1,0,0,1,1
c1ccc(OC[C@@H]2CN(Cc3cn4ccccc4n3)CCO2)cc1,6.795880017344075,160.0,0,0,0,0,1,1
c1ccc(OC[C@@H]2CN(Cc3ncn4ccccc34)CCO2)cc1,7.455931955649724,35.0,0,0,0,0,1,1
c1ccc(OC[C@@H]2CN(Cc3n[nH]c4ccccc34)CCO2)cc1,7.742321425130815,18.1,0,0,0,0,1,1
c1ccc(OC[C@@H]2CN(Cc3cccc4cc[nH]c34)CCO2)cc1,7.431798275933005,37.0,0,0,0,0,1,1
FC1(F)Oc2ccc(CN3CCO[C@H](COc4ccccc4)C3)cc2O1,7.142667503568732,72.0,0,0,0,0,1,1
Cn1ncc2cc(CN3CCO[C@H](COc4ccccc4)C3)ccc21,7.327902142064283,47.0,0,0,0,0,1,1
c1ccc(OC[C@@H]2CN(Cc3ccc4[nH]ccc4c3)CCO2)cc1,7.798602875679548,15.9,1,1,0,1,1,1
Clc1ccc2c(CN3CCO[C@H](COc4ccccc4)C3)c[nH]c2c1,8.657577319177793,2.2,0,0,0,0,1,1
COc1ccc2[nH]cc(CN3CCO[C@H](COc4ccccc4)C3)c2c1,6.886056647693163,130.0,0,0,0,0,1,1
Clc1ccc2[nH]cc(CN3CCO[C@H](COc4ccccc4)C3)c2c1,7.431798275933005,37.0,0,0,0,0,1,1
COc1ccc2c(CN3CCO[C@H](COc4ccccc4)C3)c[nH]c2c1,8.267606240177031,5.4,0,0,0,0,1,1
Fc1ccc2c(CN3CCO[C@H](COc4ccccc4)C3)c[nH]c2c1,8.2839966563652,5.2,0,0,0,0,1,1
Fc1cccc2[nH]cc(CN3CCO[C@H](COc4ccccc4)C3)c12,5.97469413473523,1060.0,0,0,0,0,1,1
Clc1ccc(CN2CCO[C@H](COc3cccnc3)C2)cc1,7.327902142064283,47.0,1,1,0,1,1,1
COc1ccc(CN2CCO[C@H](COc3cccnc3)C2)cc1,7.229147988357855,59.0,1,1,0,0,0,0
Clc1ccc(CN2CCO[C@H](COc3ccccn3)C2)cc1,6.136677139879544,730.0,1,1,0,1,1,1
Fc1ccc(OC[C@@H]2CN(Cc3ccc(Cl)cc3)CCO2)cc1,7.982966660701219,10.4,1,1,0,1,1,1
COc1ccc(CN2CCO[C@H](COc3ccc(F)cc3)C2)cc1,7.882728704344236,13.1,0,0,0,0,0,0
COc1ccc(CN2CCO[C@H](COc3cccc(F)c3)C2)cc1Cl,7.966576244513051,10.8,0,0,0,0,0,0
COc1cc(CN2CCO[C@H](COc3cccc(F)c3)C2)ccc1Cl,7.995678626217358,10.1,0,0,0,0,0,0
COc1ccc(CN2CCO[C@H](COc3cccc(F)c3)C2)cc1,7.585026652029182,26.0,0,0,0,0,0,0
COc1ccc(OC[C@@H]2CN(Cc3ccc(Cl)cc3)CCO2)cc1,7.376750709602099,42.0,0,0,0,0,1,1
COc1ccc(CN2CCO[C@H](COc3ccc(OC)cc3)C2)cc1,6.958607314841775,110.0,0,0,0,0,0,0
COc1cccc(OC[C@@H]2CN(Cc3ccc(Cl)cc3)CCO2)c1,7.443697499232712,36.0,0,0,0,0,1,1
COc1cc(CN2CCO[C@H](COc3cccc(C#N)c3)C2)ccc1Cl,7.552841968657781,28.0,0,0,0,0,0,0
COc1ccc(CN2CCO[C@H](COc3cccc(C#N)c3)C2)cc1Cl,7.443697499232712,36.0,0,0,0,0,0,0
Fc1ccc2c(CN3CCO[C@H](COc4cccc(F)n4)C3)c[nH]c2c1,7.67778070526608,21.0,0,0,0,0,0,0
Fc1cccc(OC[C@@H]2CN(Cc3ccc(Cl)cc3)CCO2)n1,6.886056647693163,130.0,1,1,0,0,1,1
COc1ccc(CN2CCO[C@H](COc3cccc(F)n3)C2)cc1Cl,7.136677139879544,73.0,0,0,0,0,0,0
Fc1ccc2c(CN3CCO[C@H](COc4cccc(Cl)n4)C3)c[nH]c2c1,8.481486060122112,3.3,0,0,0,0,0,0
Clc1ccc(CN2CCO[C@H](COc3cccc(Cl)n3)C2)cc1,7.5376020021010435,29.0,1,1,0,0,1,1
Clc1ccc(CN2CCO[C@H](CSc3ccccc3)C2)cc1,8.0268721464003,9.4,1,1,0,1,1,1
Cc1ccc(CN2CCO[C@H](CSc3ccccc3)C2)cc1C,8.130768280269024,7.4,1,1,0,1,0,0
COc1cc(CCNCCc2ccc(O)c3[nH]c(=O)ccc23)ccc1OCCCc1ccccc1,6.045757490560675,900.0,1,1,0,1,1,1
COc1cc(CCNCCc2ccc(O)c(O)c2)ccc1OCCCc1ccccc1,7.42021640338319,38.0,0,0,0,0,1,1
COc1cc(CCNCCc2ccc(O)c3c2OCC(=O)N3)ccc1OCCCc1ccccc1,7.259637310505756,55.0,1,1,0,1,1,1
COc1ccccc1OCCNCCc1ccc(O)c(O)c1,8.346787486224656,4.5,0,0,0,0,0,0
CC(C)NCC(O)c1ccc(O)c(O)c1,5.537602002101044,2900.0,0,0,0,0,0,0
O=C1NCN(c2ccccc2)C12CCN(CCCCc1nc3ccccc3s1)CC2,6.87970581820012,131.91500000000002,0,0,0,0,1,1
O=C(CCCCN1CCC2(CC1)C(=O)NCN2c1ccccc1)c1nc2ccccc2s1,6.790243777741142,162.09,0,0,0,0,1,1
O=C1NCN(c2ccccc2)C12CCN(CCCCc1nc3ccccc3o1)CC2,6.929057525969888,117.745,0,0,0,0,1,1
O=C1NCN(c2ccccc2)C12CCN(CCCCc1c[nH]c3ccccc13)CC2,8.802857335027436,1.5745,0,0,0,0,1,1
O=c1[nH]c2cc(Cl)ccc2n1C1CCN(CCCCc2nc3ccccc3s2)CC1,6.171636607419198,673.54,0,0,0,0,1,1
O=C(CCCCN1CCC(n2c(=O)[nH]c3cc(Cl)ccc32)CC1)c1nc2ccccc2s1,5.76849982652773,1704.12,0,0,0,0,1,1
O=c1[nH]c2cc(Cl)ccc2n1C1CCN(CCCCc2nc3ccccc3o2)CC1,6.077596360829842,836.38,0,0,0,0,1,1
O=c1[nH]c2cc(Cl)ccc2n1C1CCN(CCCCc2c[nH]c3ccccc23)CC1,7.792904459580782,16.11,0,0,0,0,1,1
Fc1ccc(C(c2ccc(F)cc2)N2CCN(CCCCc3nc4ccccc4s3)CC2)cc1,7.168738279697179,67.805,0,0,0,0,1,1
O=C(CCCCN1CCN(C(c2ccc(F)cc2)c2ccc(F)cc2)CC1)c1nc2ccccc2s1,5.912348109253986,1223.635,0,0,0,0,1,1
OC1(c2ccc(Cl)cc2)CCN(CCCCc2nc3ccccc3s2)CC1,6.851937464544562,140.625,0,0,0,0,1,1
OC1(c2ccc(Cl)cc2)CCN(CCCCc2nc3ccccc3o2)CC1,6.640164517660112,229.0,0,0,0,0,1,1
O=C(CCCN1CCC(n2c(O)nc3ccccc32)CC1)c1ccc(F)cc1,10.18045606445813,0.066,0,0,0,0,1,1
Cn1c(SCCCN2CC[C@]3(C[C@@H]3c3ccc(C(F)(F)F)cc3)C2)nnc1-c1cccc(C(N)=O)c1,5.229999745811777,5888.44,0,0,0,0,0,0
CCCCN1C2CCC1CC(OC(c1ccc(F)cc1)c1ccc(F)cc1)C2,6.2343314452409855,583.0,0,0,0,0,1,1
Fc1ccc(C(SCCNCCCc2ccccc2)c2ccc(F)cc2)cc1,7.55129368009492,28.1,0,0,0,0,1,1
CC(O)CN1CCN(CCSC(c2ccc(F)cc2)c2ccc(F)cc2)CC1,5.200659450546418,6300.0,0,0,0,0,1,1
CC(O)CN1CCN(CC[S+](O)C(c2ccc(F)cc2)c2ccc(F)cc2)CC1,5.417936637088292,3820.0,0,0,0,0,1,0
OC(Cc1ccccc1)CN1CCN(CC[S+](O)C(c2ccc(F)cc2)c2ccc(F)cc2)CC1,5.756961951313706,1750.0,0,0,0,0,0,0
CCc1cc(Cl)c(OC)c(C(=O)NC[C@@H]2CCCN2CC)c1O,7.152427340857888,70.4,0,0,0,0,1,1
O=C1CCc2ccc(OCCCCN3CCCN(c4cccc(Cl)c4Cl)CC3)nc2N1,6.749579997691106,178.0,0,0,0,0,0,0
COc1ccc2c(c1OC)CN1CCc3cc4c(cc3[C@@H]1C2)OCO4,6.313363730737707,486.0,0,0,0,0,0,0
COc1c(O)ccc2c1CN1CCc3cc4c(cc3[C@@H]1C2)OCO4,5.70377371273884,1978.0,0,0,0,0,0,0
COc1cc2c(cc1O)[C@@H]1Cc3ccc(OC)c(OC)c3CN1CC2,7.111259039317107,77.4,1,1,0,0,1,1
O=C(CCCN1CCN(c2cccc(Cl)c2Cl)CC1)Nc1ccn2nccc2c1,7.853871964321762,14.0,0,0,0,0,1,1
COc1ccccc1N1CCN(CCCC(=O)Nc2ccn3nccc3c2)CC1,7.853871964321762,14.0,0,0,0,0,1,1
O=Cc1cnn2ccc(NC(=O)CCCN3CCN(c4cccc(Cl)c4Cl)CC3)cc12,7.522878745280337,30.0,0,0,0,0,1,0
COc1ccccc1N1CCN(CCCC(=O)Nc2ccn3ncc(C=O)c3c2)CC1,7.468521082957745,34.0,0,0,0,0,1,0
O=C(CCCN1CCN(c2cccc(Cl)c2Cl)CC1)Nc1ccn2ncc(/C=N\O)c2c1,7.508638306165727,31.0,0,0,0,0,1,0
COc1ccccc1N1CCN(CCCC(=O)Nc2ccn3ncc(/C=N\O)c3c2)CC1,8.09151498112135,8.1,0,0,0,0,1,0
N#Cc1cnn2ccc(NC(=O)CCCN3CCN(c4cccc(Cl)c4Cl)CC3)cc12,7.494850021680094,32.0,0,0,0,0,1,0
COc1ccccc1N1CCN(CCCC(=O)Nc2ccn3ncc(C#N)c3c2)CC1,7.769551078621726,17.0,1,1,0,0,1,0
COc1ccccc1N1CCN(CCCCOc2ccc3ccnn3c2)CC1,9.161150909262744,0.69,1,1,0,1,1,1
COc1ccccc1N1CCN(CCCCOc2ccn3nccc3c2)CC1,7.886056647693163,13.0,1,1,0,1,1,1
CCOC(=O)c1cc2cc(OCCCCN3CCN(c4ccccc4OC)CC3)ccn2n1,7.958607314841775,11.0,0,0,0,0,1,0
COc1ccccc1N1CCN(CCCCOc2ccn3nc(CO)cc3c2)CC1,7.67778070526608,21.0,1,1,0,0,1,1
COc1ccccc1N1CCN(CCCCOc2ccn3nc(C=O)cc3c2)CC1,7.721246399047171,19.0,1,1,0,0,1,1
COc1ccccc1N1CCN(CCCCOc2ccn3nc(/C=N/O)cc3c2)CC1,8.10790539730952,7.8,0,0,0,0,1,1
COc1ccccc1N1CCN(CCCCOc2ccn3nc(C#N)cc3c2)CC1,8.2839966563652,5.2,0,0,0,0,1,1
COc1ccccc1N1CCN(CCCCOc2ccc3c(C=O)cnn3c2)CC1,8.366531544420413,4.3,0,0,0,0,1,1
COc1ccccc1N1CCN(CCCCOc2ccn3ncc(C=O)c3c2)CC1,8.148741651280925,7.1,0,0,0,0,1,1
CCCN(CCCCOc1ccc2c(C=O)cnn2c1)[C@H]1CCc2c(O)cccc2C1,8.102372908709558,7.9,0,0,0,0,0,0
CCCN(CCCCOc1ccn2ncc(C=O)c2c1)[C@H]1CCc2c(O)cccc2C1,8.657577319177793,2.2,0,0,0,0,1,0
COc1ccccc1N1CCN(CCCCOc2ccc3c(/C=N/O)cnn3c2)CC1,8.327902142064282,4.7,0,0,0,0,1,1
COc1ccccc1N1CCN(CCCCOc2ccn3ncc(/C=N/O)c3c2)CC1,8.95272513261582,1.115,0,0,0,0,1,1
CCCN(CCCCOc1ccc2c(/C=N/O)cnn2c1)[C@H]1CCc2c(O)cccc2C1,8.187086643357144,6.5,0,0,0,0,0,0
CCCN(CCCCOc1ccn2ncc(/C=N\O)c2c1)[C@H]1CCc2c(O)cccc2C1,8.698970004336019,2.0,0,0,0,0,1,0
COc1ccccc1N1CCN(CCCCOc2ccn3ncc(C#N)c3c2)CC1,8.886056647693163,1.3,1,1,0,0,1,1
O=C1CCc2ccc(OCCCCN3CCN(c4ccc(O)c5[nH]c(=O)ccc45)CC3)cc2N1,7.180456064458132,66.0,1,1,0,1,1,1
O=C1CCc2ccc(OCCCCN3CCN(c4ccc(O)c5oc(=O)ccc45)CC3)cc2N1,6.060480747381382,870.0,1,1,0,1,1,1
O=C1CCc2ccc(OCCCCN3CCN(c4ccc(O)c5c4OCC(=O)N5)CC3)cc2N1,8.080921907623926,8.3,1,1,0,1,1,1
O=C1CCc2ccc(OCCCCN3CCN(c4ccc(O)c5c4OCCO5)CC3)cc2N1,6.522878745280337,300.0,1,1,0,0,1,1
O=C1CCc2ccc(OCCCCN3CCN(c4ccc(O)c5ncccc45)CC3)cc2N1,7.026872146400302,94.0,0,0,0,0,1,1
O=C1CCc2ccc(OCCCCN3CCCN(c4ccc(O)c5[nH]c(=O)ccc45)CC3)cc2N1,7.1249387366083,75.0,1,1,0,1,1,1
O=C1CCc2ccc(OCCCCN3CCCN(c4ccc(O)c5oc(=O)ccc45)CC3)cc2N1,5.301029995663981,5000.0,1,1,0,1,1,1
O=C1CCc2ccc(OCCCCN3CCCN(c4ccc(O)c5c4OCC(=O)N5)CC3)cc2N1,7.221848749616356,60.0,1,1,0,1,1,1
O=c1ccc2c(N3CCN(CCCCOc4ccn5nccc5c4)CC3)ccc(O)c2[nH]1,7.508638306165727,31.0,1,1,0,1,1,1
O=c1ccc2c(N3CCN(CCCCOc4ccn5nccc5c4)CC3)ccc(O)c2o1,6.568636235841013,270.0,1,1,0,1,1,1
O=C1COc2c(N3CCN(CCCCOc4ccn5nccc5c4)CC3)ccc(O)c2N1,8.318758762624412,4.8,1,1,0,1,1,1
Oc1ccc(N2CCN(CCCCOc3ccn4nccc4c3)CC2)c2c1OCCO2,6.795880017344075,160.0,0,0,0,0,1,1
Oc1ccc(N2CCN(CCCCOc3ccn4nccc4c3)CC2)c2cccnc12,7.259637310505756,55.0,0,0,0,0,1,1
O=c1ccc2c(N3CCCN(CCCCOc4ccn5nccc5c4)CC3)ccc(O)c2[nH]1,6.721246399047171,190.0,1,1,0,1,0,0
CCCCn1cc(CCCOc2ccc(C(=O)NCCCN3CCCN(c4ccc(O)c5[nH]c(=O)ccc45)CC3)cc2OC)nn1,5.494850021680094,3200.0,0,0,0,0,1,0
CCCCn1cc(CCCOc2ccc(C(=O)NCCCCN3CCCN(c4ccc(O)c5[nH]c(=O)ccc45)CC3)cc2OC)nn1,5.6777807052660805,2100.0,0,0,0,0,1,0
Fc1ccc(N2CCN(CCC3OCCc4ccccc43)CC2)cc1,8.522878745280337,3.0,0,0,0,0,1,1
Cc1ccc(N2CCN(CCC3C(=O)Nc4ccccc43)CC2)cc1C,8.05551732784983,8.8,0,0,0,0,0,0
Clc1ccc(N2CCN(C[C@H]3C[C@@H]3c3ccccc3)CC2)cc1Cl,8.221848749616356,6.0,0,0,0,0,1,1
CC(C)Oc1cccnc1N(C)C1CCN(Cc2ccc(I)cc2)CC1,9.480762838503017,0.33055,0,0,0,0,0,0
c1ccc(CCC2CN(Cc3c[nH]c4ccccc34)CCO2)cc1,8.207608310501746,6.2,0,0,0,0,1,1
c1ccc(OCC2CN(Cc3c[nH]c4ccccc34)CCO2)cc1,8.2518119729938,5.6,0,0,0,0,0,0
COc1ccc(Cl)cc1OC[C@@H]1CN(Cc2ccc(Cl)cc2)CCO1,8.551448260798422,2.809,1,1,0,1,1,1
CCOc1ccccc1CC1CN(Cc2ccc(Cl)cc2)CCCO1,8.309803919971486,4.9,1,1,0,0,1,1
COc1ccccc1OCCNCC1COCC(c2ccccc2)(c2ccccc2)O1,8.079981083971084,8.318,0,0,0,0,1,0
Oc1ccccc1OCCNCC1COCC(c2ccccc2)(c2ccccc2)O1,7.439973751087107,36.31,0,0,0,0,1,0
COCOc1ccccc1OCCNCC1COCC(c2ccccc2)(c2ccccc2)O1,7.289967300934246,51.29,0,0,0,0,1,0
O=Cc1cnn2ccc(OCCCCN3CCN(c4ccc(O)c5[nH]c(=O)ccc45)CC3)cc12,7.387216143280264,41.0,0,0,0,0,1,0
O=Cc1cnn2ccc(OCCCCN3CCN(c4ccc(O)c5c4OCC(=O)N5)CC3)cc12,8.0,10.0,1,1,0,0,1,1
O=Cc1cnn2ccc(OCCCCN3CCN(c4ccc(O)c5c4OCCO5)CC3)cc12,6.886056647693163,130.0,1,1,0,0,1,1
O=C1COc2c(N3CCN(CCCCOc4ccn5ncc(/C=N/O)c5c4)CC3)ccc(O)c2N1,8.508638306165727,3.1,0,0,0,0,1,0
O=c1ccc2c(N3CCNCC3)ccc(O)c2[nH]1,5.214670164989233,6100.0,1,1,0,1,1,1
O=C1COc2c(N3CCNCC3)ccc(O)c2N1,6.356547323513812,440.0,1,1,0,1,1,1
CN1CCN(c2ccc(O)c3[nH]c(=O)ccc23)CC1,6.251811972993799,560.0,1,1,0,0,1,1
CN1CCN(c2ccc(O)c3c2OCC(=O)N3)CC1,7.229147988357855,59.0,1,1,1,1,1,1
CN1CCCN(c2ccc(O)c3c2OCC(=O)N3)CC1,5.309803919971486,4900.0,1,1,1,1,1,1
CN1CCN(c2ccc(O)c3c2OCCO3)CC1,5.585026652029182,2600.0,0,0,0,0,1,0
CCCN1CCN(c2ccc(O)c3[nH]c(=O)ccc23)CC1,5.119186407719209,7600.0,1,1,0,0,1,1
CCCN1CCN(c2ccc(O)c3c2OCC(=O)N3)CC1,6.055517327849832,880.0,1,1,0,0,1,1
CCCN1CCCN(c2ccc(O)c3c2OCC(=O)N3)CC1,6.6777807052660805,210.0,1,1,0,0,1,1
CCCCC1CCN(CCCN2C(=O)CCc3ccccc32)CC1,9.0100165416986,0.9772,1,1,0,1,1,1
CC1CCN(CCCN2C(=O)CCc3ccccc32)CC1,6.589999287456538,257.04,1,1,0,0,1,1
CCCC1CCN(CCCN2C(=O)CCc3ccccc32)CC1,8.280006173632396,5.248,1,1,0,0,1,1
CCCCCC1CCN(CCCN2C(=O)CCc3ccccc32)CC1,8.860120913598763,1.38,1,1,0,1,1,1
O=C1CCc2ccccc2N1CCCN1CCC(CCCO)CC1,7.130005999878258,74.13,1,1,1,1,1,1
O=C1CCc2ccccc2N1CCCN1CCC(CCCCCO)CC1,8.36001575195841,4.365,1,1,1,1,1,1
O=C1CCc2ccccc2N1CCCN1CCC(CCCCCCCO)CC1,7.0,100.0,1,1,1,1,1,1
O=C1CCc2ccccc2N1CCCN1CCC(c2ccccc2)CC1,8.709965388637482,1.95,1,1,0,1,1,1
O=C1CCc2ccccc2N1CCCN1CCC(Cc2ccccc2)CC1,8.899974269892137,1.259,1,1,0,1,1,1
O=C1CCc2ccccc2N1CCCN1CCC(CCc2ccccc2)CC1,8.669992299127241,2.138,1,1,0,1,1,1
CCCCN1CCN(CCCN2C(=O)CCc3ccccc32)CC1,6.499996931948306,316.23,1,1,0,1,1,1
O=C1CCc2ccccc2N1CCCN1CCN(c2ccccc2)CC1,8.54000474395261,2.884,0,0,0,0,1,1
O=C1CCc2ccccc2N1CCCN1CCN(Cc2ccccc2)CC1,7.700057099977233,19.95,1,1,0,1,1,1
O=C1CCc2ccccc2N1CCCN1CCN(CCc2ccccc2)CC1,7.540004743952609,28.84,1,1,0,1,1,1
COc1cccc(CCC2=NCCN2CCc2ccccc2)c1,7.019996628416254,95.5,0,0,0,0,0,0
O=C(NCCCCN1CCN(c2ccccc2OCCF)CC1)c1cc2ccccn2n1,6.795880017344075,160.0,0,0,0,0,1,0
CC(C)(C)c1nc(N2CCN(CCCCNC(=O)c3cc4ccccn4n3)CC2)cc(C(F)(F)F)n1,5.327902142064283,4700.0,0,0,0,0,1,0
c1ccc(CN2CCc3cc(N4CCOCC4)ccc3C2)cc1,7.251811972993799,56.0,1,1,0,1,1,1
COc1cccc(-c2ccc3c(c2)CN(Cc2ccccc2)C3)c1,6.043831569524636,904.0,1,1,0,0,0,0
COc1cccc(-c2ccc3c(c2)CCN(Cc2ccccc2)C3)c1,8.42021640338319,3.8,1,1,0,0,1,1
CCCCN1CCC(c2cccc(O)c2)C1,5.930331903088404,1174.0,1,1,0,0,1,1
CCCCCN1CCC(c2cccc(O)c2)C1,6.785156151952302,164.0,1,1,1,1,1,1
CCCCCCN1CCC(c2cccc(O)c2)C1,6.943095148663527,114.0,1,1,1,1,1,1
CCCCCCCN1CCC(c2cccc(O)c2)C1,7.958607314841775,11.0,1,1,1,1,1,1
CCCCCCCCN1CCC(c2cccc(O)c2)C1,8.292429823902063,5.1,1,1,1,1,1,1
CCCCCCCCCN1CCC(c2cccc(O)c2)C1,8.247951552180561,5.65,1,1,1,1,1,1
CCCCCCCCCCN1CCC(c2cccc(O)c2)C1,7.853871964321762,14.0,1,1,1,1,1,1
OC1(c2ccc(Cl)c(C(F)(F)F)c2)CCN(CCCC=C(c2ccc(F)cc2)c2ccc(F)cc2)CC1,5.784362436564939,1643.0,1,1,0,1,1,0
OC1(c2ccc(Cl)c(C(F)(F)F)c2)CCN(CCCCCc2ccc(F)cc2)CC1,6.87942606879415,132.0,0,0,0,0,1,0
OC1(c2ccc(Cl)c(C(F)(F)F)c2)CCN(CCCN(c2ccc(F)cc2)c2ccc(F)cc2)CC1,7.602059991327962,25.0,1,1,1,1,1,0
OC1(c2ccc(Cl)c(C(F)(F)F)c2)CCN(CCCCN(c2ccc(F)cc2)c2ccc(F)cc2)CC1,5.0,10000.0,1,1,1,1,1,0
OC1(c2ccc(Cl)c(C(F)(F)F)c2)CCN(CCCCC(c2ccc(F)cc2)c2ccc(F)cc2)CC1,6.414539270491499,385.0,1,1,0,1,1,0
OC1(c2ccc(Cl)c(C(F)(F)F)c2)CCN(CCCC(c2ccccc2)c2ccccc2)CC1,7.236572006437063,58.0,1,1,0,0,1,0
COc1ccc(N(CCCCN2CCC(O)(c3ccc(Cl)c(C(F)(F)F)c3)CC2)c2ccc(OC)cc2)cc1,6.338187314462739,459.0,0,0,0,0,1,0
OC1(c2ccc(Cl)c(C(F)(F)F)c2)CCN(CCCC(c2ccc(F)cc2)c2ccc(F)cc2)CC1,6.0,1000.0,1,1,0,1,1,0
COc1cc2c(cc1O)CN(CCCCNC(=O)c1ccc(-c3ccccc3)cc1)CC2,6.142667503568732,720.0,0,0,0,0,1,1
COc1cc2c(cc1O)CN(CCCCNC(=O)c1ccc3ccccc3c1)CC2,6.769551078621726,170.0,0,0,0,0,0,0
COc1cc2c(cc1O)CN(CCCCNC(=O)c1ccnc3ccccc13)CC2,6.3872161432802645,410.0,0,0,0,0,0,0
COc1cc2c(cc1O)CN(CCCCNC(=O)c1ccncc1)CC2,5.853871964321762,1400.0,1,1,0,0,1,1
COc1cc2c(cc1O)CN(CCCCNC(=O)c1ccc(O)cc1)CC2,6.180456064458132,660.0,0,0,0,0,0,0
COc1ccc(C(=O)NCCCCN2CCc3cc(OC)c(O)cc3C2)cc1,6.251811972993799,560.0,0,0,0,0,0,0
COc1cccc(C(=O)NCCCCN2CCc3cc(OC)c(O)cc3C2)c1,6.823908740944319,150.0,0,0,0,0,1,0
COc1cc2c(cc1O)CN(CCCCNC(=O)c1ccc(F)cc1)CC2,7.022276394711152,95.0,1,1,0,1,1,1
COc1cc2c(cc1O)CN(CCCCNC(=O)c1ccc(Cl)cc1)CC2,6.853871964321762,140.0,1,1,0,1,1,1
COc1cc2c(cc1O)CN(CCCCNC(=O)c1ccc(Br)cc1)CC2,6.455931955649724,350.0,0,0,0,0,0,0
COc1cc2c(cc1O)CN(CCCCNC(=O)c1ccc(I)cc1)CC2,5.823908740944319,1500.0,1,1,0,1,1,1
CC[C@H]1c2ccccc2N(c2ccccc2)C[C@@]1(C)N,5.700000503883016,1995.26,0,0,0,0,0,0
COc1ccccc1N1CCN(CCNC(=O)/N=N/c2ccc(F)cc2)CC1,7.443697499232712,36.0,0,0,0,0,1,1
COc1ccccc1N1CCN(CCCNC(=O)/N=N/c2ccc(F)cc2)CC1,7.698970004336019,20.0,0,0,0,0,1,1
COc1ccccc1N1CCN(CCNC(=O)NN(Cc2ccccc2)c2ccc(F)cc2)CC1,8.045757490560675,9.0,1,1,1,1,1,0
COc1ccccc1N1CCN(CCCNC(=O)NN(Cc2ccccc2)c2ccc(F)cc2)CC1,9.259637310505756,0.55,1,1,1,1,1,1
COc1ccccc1N1CCN(CCCCNC(=O)NN(Cc2ccccc2)c2ccc(F)cc2)CC1,8.356547323513812,4.4,1,1,0,0,0,0
COc1ccccc1N1CCN(CCCNC(=O)NN(Cc2ccccc2)c2ccccc2)CC1,9.602059991327964,0.25,1,1,0,0,1,1
COc1ccccc1N1CCN(CCCNC(=O)NN(Cc2ccc(F)cc2)c2ccccc2)CC1,9.259637310505756,0.55,1,1,1,1,1,1
COc1ccccc1N1CCN(CCCNC(=O)NN(Cc2ccccc2F)c2ccc(F)cc2)CC1,8.443697499232712,3.6,1,1,0,0,0,0
COc1ccccc1N1CCN(CCCNC(=O)NN(Cc2cccc(F)c2)c2ccc(F)cc2)CC1,8.42021640338319,3.8,0,0,0,0,0,0
COc1ccccc1N1CCN(CCCNC(=O)NN(Cc2ccc(F)cc2)c2ccc(F)cc2)CC1,8.337242168318426,4.6,0,0,0,0,0,0
COc1cccc(CN(NC(=O)NCCCN2CCN(c3ccccc3OC)CC2)c2ccc(F)cc2)c1,8.229147988357855,5.9,0,0,0,0,1,1
COc1ccccc1N1CCN(CCCNC(=O)NN(Cc2ccc(C#N)cc2)c2ccc(F)cc2)CC1,7.823908740944319,15.0,1,1,0,1,1,1
COc1ccccc1N1CCN(CCCNC(=O)NN(Cc2ccc(-c3ccccc3)cc2)c2ccc(F)cc2)CC1,8.229147988357855,5.9,1,1,1,1,1,1
COc1ccccc1N1CCN(CCCNC(=O)NN(Cc2ccccc2)c2ccc(Cl)cc2)CC1,8.537602002101044,2.9,1,1,0,0,1,1
COc1ccccc1N1CCN(CCCNC(=O)NN(Cc2ccccc2F)c2ccc(Cl)cc2)CC1,8.585026652029182,2.6,1,1,0,0,0,0
COc1ccccc1N1CCN(CCCNC(=O)NN(Cc2ccccc2)c2ccc(Cl)cc2Cl)CC1,7.823908740944319,15.0,1,1,0,0,1,1
COc1ccccc1N1CCN(CCCNC(=O)NN(Cc2ccc(C#N)cc2)c2ccc(Cl)cc2Cl)CC1,7.920818753952375,12.0,0,0,0,0,0,0
COc1ccccc1N1CCN(CCCNC(=O)NN(Cc2ccccc2)c2ccc(Br)cc2)CC1,8.468521082957745,3.4,1,1,0,0,1,1
COc1ccccc1N1CCN(CCCNC(=O)NN(Cc2ccccc2F)c2ccc(Br)cc2)CC1,8.481486060122112,3.3,1,1,0,0,0,0
COc1ccc(N(Cc2ccccc2)NC(=O)NCCCN2CCN(c3ccccc3OC)CC2)cc1,8.769551078621726,1.7,1,1,0,0,1,1
COc1ccc(N(Cc2ccccc2F)NC(=O)NCCCN2CCN(c3ccccc3OC)CC2)cc1,8.585026652029182,2.6,1,1,0,0,1,1
COc1ccc(N(Cc2cccc(F)c2)NC(=O)NCCCN2CCN(c3ccccc3OC)CC2)cc1,8.207608310501746,6.2,0,0,0,0,1,1
COc1ccc(N(Cc2ccc(F)cc2)NC(=O)NCCCN2CCN(c3ccccc3OC)CC2)cc1,8.537602002101044,2.9,1,1,0,0,1,1
COc1ccc(N(Cc2cccc(OC)c2)NC(=O)NCCCN2CCN(c3ccccc3OC)CC2)cc1,7.481486060122112,33.0,1,1,0,0,1,1
COc1ccc(N(Cc2ccc(C#N)cc2)NC(=O)NCCCN2CCN(c3ccccc3OC)CC2)cc1,7.795880017344075,16.0,0,0,0,0,0,0
C=CCN(NC(=O)NCCCN1CCN(c2ccccc2OC)CC1)c1ccc(OC)cc1,7.214670164989233,61.0,0,0,0,0,1,1
C=C(C)CN(NC(=O)NCCCN1CCN(c2ccccc2OC)CC1)c1ccc(OC)cc1,7.1938200260161125,64.0,0,0,0,0,1,1
O=C(NCCCN1CCN(c2ccc(Cl)cc2)CC1)NN(Cc1ccccc1)c1ccccc1,8.013228265733755,9.7,0,0,0,0,1,1
O=C(NCCCN1CCN(c2ccc(Br)cc2)CC1)NN(Cc1ccccc1)c1ccccc1,7.853871964321762,14.0,0,0,0,0,1,1
O=C(NCCCN1CCN(c2ncccn2)CC1)NN(Cc1ccccc1)c1ccccc1,7.744727494896693,18.0,0,0,0,0,1,1
O=C(NCCCN1CCN(c2ccc(Cl)cc2)CC1)NN(Cc1ccc(F)cc1)c1ccccc1,7.769551078621726,17.0,0,0,0,0,1,1
O=C(NCCCN1CCN(c2ccc(Br)cc2)CC1)NN(Cc1ccc(F)cc1)c1ccccc1,7.337242168318426,46.0,0,0,0,0,1,1
O=C(NCCCN1CCN(c2ncccn2)CC1)NN(Cc1ccc(F)cc1)c1ccccc1,7.721246399047171,19.0,0,0,0,0,1,1
O=C(NCCN1CCN(c2ccc(Br)cc2)CC1)NN(Cc1ccccc1)c1ccccc1,7.552841968657781,28.0,0,0,0,0,1,0
O=C(NCCCN1CCN(c2ccc(I)cc2)CC1)NN(Cc1ccccc1)c1ccccc1,7.67778070526608,21.0,0,0,0,0,1,1
O=C(NCCN1CCN(c2ccc(I)cc2)CC1)NN(Cc1ccccc1)c1ccccc1,7.356547323513812,44.0,0,0,0,0,1,0
N#Cc1cccc(N2CCN(CCCCNC(=O)c3ccc(-c4ccsc4)cc3)CC2)c1,6.09366495819491,806.0,0,0,0,0,0,0
CCCN1CC(c2ccc(N)nc2)OC[C@@H]1C,6.534617148551582,292.0,0,0,0,0,1,0
C[C@H]1COC(c2ccc(N)nc2)CN1CCCCOc1ccc2c(c1)NC(=O)CC2,5.492144128304169,3220.0,0,0,0,0,1,0
COc1cc2c(cc1OC)C(=O)N(CCCCN1CCN(c3ccccn3)CC1)CCC2,8.187086643357144,6.5,0,0,0,0,0,0
Cc1cccc2cc(CNCc3ccccc3)c(Cl)nc12,6.259637310505756,550.0,0,0,0,0,0,0
Cc1ccc(C(=O)C2CCN(CC(=O)NC3CCCC3)CC2)cc1,6.376750709602099,420.0,0,0,0,0,0,0
COc1ccccc1OCCNCC1OCCOC1(c1ccccc1)c1ccccc1,6.560004526046192,275.42,0,0,0,0,0,0
COc1ccccc1N1CCN(CC2COCC(c3ccccc3)(c3ccccc3)O2)CC1,5.860001341725206,1380.38,0,0,0,0,1,0
COc1ccccc1N1CCN(C[C@H]2OCCOC2(c2ccccc2)c2ccccc2)CC1,5.010000098195094,9772.37,0,0,0,0,0,0
Cc1cc(Oc2nccc3occc23)ccc1-c1c(C)ncc2nccn12,5.346787486224656,4500.0,0,0,0,0,0,0
Cc1ncc2nccn2c1-c1ccc(Oc2nccc3occc23)cc1C(F)(F)F,5.161150909262744,6900.0,0,0,0,0,0,0
FC(F)(F)c1cc(Oc2nccc3occc23)ccc1-c1cccc2nccn12,5.161150909262744,6900.0,0,0,0,0,0,0
FC(F)(F)c1cc(Oc2nccc3ccsc23)ccc1-c1cccc2nccn12,5.309803919971486,4900.0,0,0,0,0,0,0
Cc1ccc(C2CCN(CC(=O)Nc3cccc(C)c3)CC2)cc1,6.95703092660682,110.4,0,0,0,0,1,1
Cc1cccc(NC(=O)CN2CCC(c3ccc(Cl)cc3)CC2)c1,6.938547520912807,115.2,0,0,0,0,1,1
CCc1cccc(NC(=O)CN2CCC(c3ccccn3)CC2)c1,7.08460016478773,82.3,0,0,0,0,0,0
CCc1cccc(NC(=O)CN2CCN(c3ccc(Cl)cn3)CC2)c1,6.763966852882364,172.2,1,1,0,0,1,1
O=C(CN1CCN(c2ccccn2)CC1)Nc1cccnc1,5.19334527600814,6407.0,0,0,0,0,1,1
O=C(CN1CCN(c2ccc(Cl)cn2)CC1)Nc1cccnc1,5.301029995663981,5000.0,0,0,0,0,1,1
O=C(CN1CCN(c2ccccn2)CC1)Nc1cncnc1,4.405717971188194,39290.0,0,0,0,0,1,1
Cc1cccc(NC(=O)CCN2CCC(c3ccccn3)CC2)c1,7.11690664142431,76.4,0,0,0,0,0,0
COc1ccccc1N1CCN(CCCSc2nnc(-c3ccccc3)n2C)CC1,6.142064735280571,721.0,1,1,0,1,1,1
CCCN(CC[C@]1(O)C[C@H](NC(=O)c2ccc3ccccc3c2)C1)[C@H]1CCc2nc(N)sc2C1,7.346787486224656,45.0,0,0,0,0,0,0
O=C1NC2CCCCN2C12CCN(CCCN1c3ccccc3CCc3ccc(Cl)cc31)CC2,10.522878745280336,0.03,0,0,0,0,0,0
CC1=NC2(CCN(C)CC2)C(=O)N(c2c(C)cccc2C)C1=O,5.891773343625071,1283.0,0,0,0,0,0,0
CCc1cc(Cl)c(OC)c(N2CCNCC2)c1,5.638272163982407,2300.0,0,0,0,0,0,0
CCc1cccc(N2CCNCC2)c1Cl,6.5003129173815966,316.0,0,0,0,0,0,0
CCc1cc(Cl)c(OC)c(N2CCN(C)CC2)c1,6.3979400086720375,400.0,0,0,0,0,1,0
CCc1cccc(N2CCN(C)CC2)c1Cl,7.046240308266771,89.9,0,0,0,0,1,0
CCCCN1CCN(c2cc(CC)cc(Cl)c2OC)CC1,6.492144128304169,322.0,0,0,0,0,1,0
CCCCN1CCN(c2cccc(CC)c2Cl)CC1,7.186419011431808,65.1,0,0,0,0,1,1
CCc1cc(Cl)c(OC)c(N2CCN(CCCCNC(=O)c3cc4ccccc4[nH]3)CC2)c1,5.978810700930062,1050.0,1,1,0,0,1,0
CCc1cc(Cl)c(OC)c(N2CCN(CC(O)CCNC(=O)c3cc4ccccc4[nH]3)CC2)c1,4.856985199745905,13900.0,1,1,0,0,1,0
CCc1cc(Cl)c(OC)c(N2CCN(CCCCNC(=O)c3cc4ccccc4o3)CC2)c1,6.146301788223826,714.0,0,0,0,0,1,1
CCc1cc(Cl)c(OC)c(N2CCN(CC(O)CCNC(=O)c3cc4ccccc4o3)CC2)c1,5.276544327964814,5290.0,0,0,0,0,1,0
CCc1cccc(N2CCN(CCCCNC(=O)c3cc4ccccc4[nH]3)CC2)c1Cl,6.476253533188435,334.0,1,1,0,0,1,0
CCc1cccc(N2CCN(CC(O)CCNC(=O)c3cc4ccccc4[nH]3)CC2)c1Cl,5.2580609222708015,5520.0,1,1,0,0,1,0
CCc1cccc(N2CCN(CCCCNC(=O)c3cc4ccccc4o3)CC2)c1Cl,6.448550002027125,356.0,0,0,0,0,1,1
CCc1cccc(N2CCN(CC(O)CCNC(=O)c3cc4ccccc4o3)CC2)c1Cl,5.623423042943488,2380.0,0,0,0,0,1,0
CCc1cccc(N2CCN(CCCCNC(=O)c3cn4ccccc4n3)CC2)c1Cl,6.086716098239582,819.0,0,0,0,0,1,1
CCc1cccc(N2CCN(CCCCNC(=O)c3nc4sccn4c3C)CC2)c1Cl,6.844663962534939,143.0,0,0,0,0,1,0
CCc1c[nH]c(C(=O)NCCCCN2CCN(c3cccc(CC)c3Cl)CC2)n1,6.301029995663981,500.0,0,0,0,0,1,0
CCc1cccc(N2CCN(CCCCNC(=O)c3nc(C)c[nH]3)CC2)c1Cl,6.276544327964814,529.0,0,0,0,0,1,0
CCc1cccc(N2CCN(CC(O)CCNC(=O)c3nc(C)c[nH]3)CC2)c1Cl,5.707743928643524,1960.0,0,0,0,0,1,1
CCc1cccc(N2CCN(C/C=C/CNC(=O)c3nc(C)c[nH]3)CC2)c1Cl,6.298432014944073,503.0,0,0,0,0,1,0
CCc1cccc(N2CCN(CCC(O)CNC(=O)c3cc4ccccc4[nH]3)CC2)c1Cl,6.515700160653214,305.0,1,1,0,0,1,0
CN1CCc2cccc3c2C1Cc1ccc2nc(N)sc2c1-3,6.317854923626168,481.0,0,0,0,0,0,0
CNc1cc(OC)c(C(=O)N[C@@H]2CCN(Cc3ccccc3)[C@@H]2C)cc1Cl,9.065501548756432,0.86,0,0,0,0,0,0
