rep00_state1000,rep01_state1001,rep02_state1002,rep03_state1003,rep04_state1004,rep05_state1005,rep06_state1006,rep07_state1007,rep08_state1008,rep09_state1009,rep10_state1010,rep11_state1011,rep12_state1012,rep13_state1013,rep14_state1014,rep15_state1015,rep16_state1016,rep17_state1017,rep18_state1018,rep19_state1019,rep20_state1020,rep21_state1021,rep22_state1022,rep23_state1023
train,train,train,train,train,train,train,train,test,train,train,train,train,train,train,test,test,test,train,train,test,train,train,train
test,train,train,test,train,train,train,train,test,train,train,train,train,train,train,train,test,train,train,train,train,train,train,train
train,train,train,train,train,train,test,train,test,train,train,train,train,test,train,train,train,train,train,train,train,test,train,train
train,train,train,train,train,train,train,train,train,train,train,train,train,test,train,test,train,train,train,train,train,train,train,train
test,train,train,train,test,train,train,test,train,train,train,train,test,train,train,train,test,test,train,train,train,train,train,train
train,train,train,train,train,test,train,train,train,train,train,train,train,train,train,train,train,test,test,train,train,train,train,train
train,train,test,train,train,test,train,train,train,train,train,train,train,train,train,train,train,train,train,test,train,test,train,train
test,train,train,train,train,train,train,train,test,train,train,train,train,train,train,train,train,train,train,train,train,train,test,train
train,test,train,train,train,train,train,train,train,train,train,train,test,test,train,test,train,train,train,train,train,train,train,train
test,train,train,train,test,train,train,test,train,train,train,train,train,train,test,train,train,test,train,train,train,train,train,train
test,train,train,train,train,train,train,train,train,train,test,train,test,train,train,train,train,train,test,test,test,test,train,train
test,train,train,train,train,train,train,train,train,test,train,train,train,train,train,train,test,train,train,train,train,train,train,train
test,train,train,train,train,train,train,train,train,train,train,train,train,train,test,train,train,train,train,train,test,test,test,train
train,test,train,train,train,train,train,train,train,train,train,train,test,train,train,test,train,test,train,train,test,test,train,test
train,train,test,train,train,train,train,test,train,train,train,test,train,train,train,train,test,train,test,train,train,train,train,train
train,train,train,test,train,test,train,test,train,train,train,train,test,train,train,train,train,test,test,train,train,train,train,train
test,test,train,train,train,train,test,test,train,test,test,train,train,train,test,train,test,train,train,train,train,train,test,train
test,train,train,train,test,train,train,train,train,train,train,train,test,train,train,train,train,train,train,train,test,train,train,train
test,train,train,train,train,train,train,train,train,train,train,train,train,train,train,train,test,train,train,train,train,train,train,train
train,train,train,train,test,test,train,train,train,train,train,train,test,train,train,train,test,train,train,test,train,train,train,train
train,test,train,test,train,train,train,train,train,train,test,train,train,train,train,train,train,train,train,train,test,test,train,train
train,train,train,test,train,test,train,train,train,test,train,test,train,test,test,test,train,train,train,train,train,train,train,train
train,train,test,test,test,train,train,train,train,train,train,train,train,train,train,train,train,test,train,test,train,test,train,test
train,train,test,train,train,train,train,train,train,train,train,train,train,train,train,train,train,train,train,train,train,train,test,train
test,test,train,test,test,train,train,test,train,train,test,train,train,train,train,train,train,train,test,test,train,train,train,train
train,train,test,train,train,test,train,train,train,train,train,train,train,train,train,train,train,train,train,train,test,test,train,test
test,train,train,train,train,train,train,train,train,train,train,test,test,train,train,train,test,test,train,train,test,train,train,train
train,train,train,train,test,train,train,train,train,train,train,train,train,train,test,train,train,train,test,train,train,train,train,train
train,train,test,train,train,train,train,train,train,train,train,train,train,train,train,train,train,train,train,test,train,test,test,train
test,train,train,train,train,train,train,train,train,train,train,train,test,test,train,test,test,train,train,test,train,train,train,train
test,train,test,train,train,test,train,train,train,train,train,test,train,train,train,train,train,test,train,test,train,train,train,train
train,train,test,train,train,train,train,train,train,train,train,train,train,train,train,train,test,train,test,train,test,train,train,train
test,train,test,test,train,train,train,train,train,train,test,train,train,test,train,train,train,train,test,train,train,train,train,train
train,train,test,train,test,train,train,test,test,train,train,test,train,train,train,train,train,test,train,train,train,train,train,train
train,train,train,train,train,train,train,test,train,train,train,test,train,test,train,train,train,train,train,test,train,train,train,train
test,train,train,train,train,train,test,train,train,test,train,train,test,train,train,train,train,train,train,train,train,test,train,train
train,train,test,train,train,train,train,train,train,train,train,train,train,train,train,train,train,train,test,test,test,train,train,train
train,train,train,train,test,train,test,train,test,train,train,train,train,train,train,train,test,train,train,train,train,train,train,train
train,train,train,train,train,train,train,test,test,train,test,train,train,train,test,train,train,train,train,train,test,train,train,train
train,train,train,test,train,train,train,train,train,train,train,train,test,train,test,train,train,train,test,train,train,train,train,train
train,test,train,train,train,train,test,test,train,train,train,train,train,train,train,train,train,train,train,train,train,train,train,test
train,train,test,train,train,train,train,train,train,train,train,test,train,train,train,train,train,train,train,train,train,train,test,train
train,test,train,train,train,train,train,train,train,train,test,train,train,test,train,train,test,test,train,train,train,train,train,train
test,test,train,train,test,train,train,train,train,test,train,train,train,train,train,test,train,train,train,train,train,train,train,train
train,train,train,test,train,train,test,train,train,train,train,train,train,train,train,train,train,train,train,test,train,train,train,test
train,train,train,train,train,train,train,train,train,train,train,test,train,train,test,train,train,train,train,train,train,test,train,test
train,train,test,train,train,test,test,train,train,train,train,test,train,train,train,train,train,train,train,train,train,train,train,train
train,train,train,test,train,train,train,train,test,test,train,test,train,train,train,train,test,test,test,train,train,test,train,train
test,test,test,train,train,train,train,train,test,test,train,train,train,test,train,train,train,train,test,train,train,train,train,train
train,train,train,train,train,train,test,test,train,test,train,train,test,train,train,train,test,train,train,test,train,test,test,train
train,train,train,train,train,train,train,train,train,train,train,train,train,test,train,train,train,train,train,train,test,train,train,train
train,train,train,train,train,train,train,train,train,train,train,train,train,test,train,test,test,test,test,train,test,train,train,train
train,train,train,train,train,train,train,train,train,train,train,test,train,train,train,train,train,train,train,test,train,train,train,train
train,train,train,train,train,train,train,train,train,train,train,train,test,test,test,train,test,test,test,train,train,train,train,train
test,train,test,train,test,train,test,train,train,train,test,train,train,train,train,test,train,test,train,test,train,test,train,train
test,train,train,train,train,train,test,test,test,train,test,train,train,train,train,train,train,train,test,train,train,train,train,train
test,train,train,test,train,train,train,train,train,train,test,train,train,test,train,train,train,train,test,train,train,train,test,train
train,train,train,train,train,train,train,train,test,train,train,train,train,train,train,train,test,test,train,test,train,train,train,train
train,train,train,train,train,test,train,train,train,train,train,train,train,train,train,train,test,train,train,train,test,train,train,train
train,train,train,train,test,train,train,train,train,test,train,train,train,train,train,test,test,train,train,train,test,test,train,train
train,train,train,train,train,train,train,train,train,train,train,test,test,train,train,train,train,test,train,test,train,train,train,train
train,train,test,train,train,train,test,train,test,test,train,train,test,train,train,test,train,train,train,test,train,test,test,test
train,train,train,train,test,train,train,train,train,test,train,test,train,train,train,train,train,train,train,train,test,train,train,train
train,train,train,train,test,train,test,test,train,test,test,test,train,train,train,test,train,train,train,test,test,train,train,train
train,test,train,train,train,train,train,train,train,train,train,train,train,test,test,test,train,train,train,train,test,train,train,train
test,train,test,train,train,train,train,train,train,train,train,test,train,train,test,train,train,train,train,train,train,test,train,train
test,train,train,train,train,train,train,train,train,train,train,test,train,train,train,train,train,train,test,train,train,train,test,test
train,train,test,train,train,train,train,test,train,train,train,train,train,train,train,train,test,train,test,train,test,train,train,train
train,train,test,train,test,train,train,train,train,train,train,train,test,test,train,train,train,train,train,train,train,train,train,train
test,train,train,train,train,test,train,train,train,train,train,train,test,train,train,train,train,train,test,train,train,test,train,train
test,test,train,train,train,train,test,train,train,train,test,train,train,train,train,train,train,train,test,train,train,test,train,test
train,train,train,test,train,test,train,test,train,test,train,train,train,train,train,train,train,train,train,train,train,train,train,train
train,train,test,train,test,train,train,train,train,train,train,train,train,train,train,train,test,test,train,train,test,train,test,train
train,train,train,train,train,train,train,train,train,test,train,train,train,train,train,train,train,train,test,train,test,train,train,test
train,train,train,train,train,train,train,train,train,test,train,train,train,test,train,test,test,test,train,train,train,train,test,train
train,train,train,train,test,train,train,train,train,train,train,train,test,train,train,test,train,train,train,train,train,train,train,test
train,test,train,train,train,train,test,train,train,train,train,train,train,train,train,train,train,train,test,train,train,train,train,test
train,train,test,train,train,train,train,train,train,train,train,train,train,train,train,train,train,train,train,train,train,train,test,train
train,train,train,test,train,train,train,test,train,train,train,train,test,train,train,train,train,test,train,train,train,train,train,train
train,train,train,train,train,train,test,test,train,test,test,train,train,train,train,train,train,train,train,train,train,train,train,train
train,test,train,train,test,test,train,train,train,train,train,train,train,train,train,train,train,train,train,train,test,train,train,train
train,train,train,train,train,train,train,test,train,train,test,train,train,train,train,train,train,train,train,train,train,train,train,train
test,train,train,test,train,train,train,train,train,train,train,train,train,train,test,train,train,train,train,train,train,train,test,test
train,train,train,train,train,train,train,test,train,train,train,train,train,train,test,train,train,train,test,train,train,train,train,train
test,train,train,train,train,train,train,train,train,train,train,train,train,train,train,train,train,train,train,train,train,train,test,train
train,train,train,train,train,test,test,test,train,test,test,train,train,test,train,test,train,train,test,train,train,train,train,test
test,train,test,train,train,train,train,train,train,train,train,train,train,train,test,train,train,train,train,train,train,train,test,train
train,train,train,train,test,test,test,train,train,train,train,train,test,train,test,train,train,test,train,train,test,train,train,train
train,train,train,test,train,train,train,train,test,train,train,test,train,train,train,test,train,train,train,test,train,train,train,train
train,train,train,train,train,train,train,train,test,train,train,train,train,train,test,train,train,train,train,test,train,train,train,test
test,train,train,train,test,train,train,train,test,test,train,train,train,test,test,train,test,test,train,train,train,train,train,train
train,train,train,test,train,train,train,train,train,test,test,train,train,train,train,train,test,test,train,train,test,train,train,train
train,train,train,train,train,train,train,train,train,train,train,train,train,train,test,train,train,train,train,train,test,test,train,train
train,train,test,train,train,train,train,test,test,train,train,train,train,test,train,train,train,test,train,train,train,train,train,train
train,train,train,train,test,train,train,train,test,train,train,train,train,train,train,test,train,train,train,test,train,train,train,test
train,train,train,train,train,train,train,train,train,test,train,train,train,train,test,train,train,train,test,train,test,test,train,train
train,test,test,train,train,train,train,test,test,train,train,train,train,train,train,train,train,train,test,train,train,train,train,test
train,train,train,train,train,train,train,train,train,train,train,train,train,train,train,test,train,train,train,train,train,train,train,train
train,train,train,train,test,train,train,train,train,test,train,train,test,train,train,train,train,test,train,train,test,test,train,test
test,train,train,train,test,train,train,train,train,train,test,train,train,test,test,train,test,train,test,train,train,train,train,train
train,train,test,train,train,train,train,train,train,train,train,train,train,train,train,train,train,train,train,train,test,test,train,train
train,train,train,train,train,test,test,train,train,train,test,train,train,train,train,train,train,train,train,train,test,train,test,train
test,train,train,train,test,train,train,test,train,train,train,train,test,train,train,test,train,train,train,train,test,train,train,test
train,train,train,train,test,train,train,test,train,train,test,train,test,train,train,train,train,train,train,train,train,train,train,test
test,train,train,train,train,train,train,train,train,train,train,train,test,train,test,train,train,train,test,train,train,train,train,train
train,train,train,train,test,train,train,train,train,train,train,train,train,train,train,test,train,train,train,train,test,train,train,train
test,test,train,train,test,test,train,train,train,train,train,train,train,train,train,train,train,test,train,train,train,train,train,test
train,train,train,train,train,train,train,train,test,test,train,train,train,train,test,train,train,train,train,train,train,train,test,train
train,train,test,train,test,train,test,train,train,test,test,train,train,test,train,train,train,test,test,test,train,test,test,test
train,test,test,train,train,train,train,train,train,test,train,train,train,train,train,train,test,train,train,train,test,train,train,train
train,train,test,train,train,train,train,train,train,train,train,test,train,train,test,train,test,train,test,train,train,train,train,train
train,train,test,train,train,train,train,train,train,train,train,train,train,train,train,train,train,train,train,train,train,train,train,train
test,test,train,train,train,test,test,train,test,train,train,train,train,train,test,train,train,train,train,train,train,train,test,test
train,train,train,train,train,train,train,train,train,test,test,test,train,train,train,train,test,test,test,train,train,train,train,test
train,train,train,test,test,train,train,test,test,train,test,train,train,test,train,train,train,test,train,train,train,test,train,train
train,train,test,train,test,train,train,train,train,test,train,train,test,train,train,test,train,train,test,test,train,train,train,test
train,test,train,train,train,test,train,train,test,test,train,test,train,train,train,train,train,train,train,train,train,train,train,train
train,train,train,train,test,train,train,train,train,train,train,train,train,train,test,train,train,train,test,train,train,train,train,train
train,train,test,train,train,train,test,train,train,train,train,train,train,test,train,train,train,train,train,train,train,train,train,train
test,train,train,train,train,train,train,train,train,train,train,train,train,train,train,train,train,train,test,train,train,test,train,train
train,test,test,train,train,train,train,test,train,train,train,train,test,train,train,train,train,test,train,test,train,train,test,train
train,test,train,train,train,train,train,train,train,train,train,train,train,train,train,train,train,train,test,test,train,train,train,test
test,train,test,test,train,test,train,train,train,train,train,train,train,train,train,train,train,train,train,train,train,train,train,train
train,test,train,train,test,train,test,train,test,test,test,train,train,test,train,train,test,test,train,train,train,train,train,train
train,train,train,train,train,train,train,test,train,train,train,test,test,train,train,train,train,train,train,train,test,train,train,train
train,test,train,test,train,test,train,train,test,train,train,train,train,train,train,train,train,train,test,train,train,train,train,train
train,train,train,train,train,train,train,test,train,train,train,test,train,train,train,train,train,train,train,train,train,train,train,test
train,train,train,train,train,train,train,train,train,train,train,train,train,train,test,train,train,train,train,train,test,train,test,train
train,train,test,test,train,test,train,train,test,train,train,train,train,test,train,train,train,train,train,test,test,train,train,train
train,train,train,train,train,train,train,train,train,test,train,train,train,train,train,train,train,train,train,test,train,test,test,test
train,train,train,train,train,train,train,test,train,train,test,train,train,train,train,train,test,train,train,train,train,test,test,test
train,test,train,train,train,train,train,test,train,train,train,train,train,train,train,train,train,train,train,train,train,train,train,train
train,train,train,train,train,test,train,train,train,train,train,train,train,train,train,train,test,train,test,train,test,train,train,train
train,train,train,test,test,test,test,train,train,train,train,train,train,train,train,train,train,train,train,test,train,train,train,test
train,train,train,train,train,train,train,train,train,train,train,train,train,train,train,train,train,train,train,train,test,train,train,train
train,test,train,test,test,train,train,train,train,train,train,train,train,test,train,train,train,train,train,train,train,train,train,train
train,train,train,train,train,train,train,test,train,test,train,train,train,train,train,train,train,train,train,train,test,train,train,train
train,train,train,train,train,test,train,test,train,test,test,test,train,test,test,train,train,train,train,train,train,train,train,test
train,train,test,train,train,train,test,train,train,test,train,train,test,train,test,test,train,test,train,train,train,train,train,train
train,train,train,train,train,train,train,train,train,train,train,train,train,train,train,train,train,train,train,train,train,train,train,train
train,train,train,train,train,train,train,test,test,train,train,train,train,train,test,train,train,train,train,test,test,train,train,train
train,train,train,train,train,train,test,train,train,train,train,train,train,train,train,train,train,train,test,train,train,train,train,train
test,train,train,train,train,test,train,train,train,train,train,test,train,train,train,test,train,train,train,train,train,test,train,test
train,train,train,train,train,train,test,train,train,train,train,test,train,train,train,train,test,train,train,train,test,train,test,train
train,train,train,test,test,test,test,train,train,train,train,train,train,train,train,train,train,train,train,train,train,train,train,train
train,train,test,train,test,train,train,train,train,train,train,train,train,train,train,test,train,train,train,train,train,train,test,train
train,train,train,train,train,train,train,train,train,train,train,train,train,test,train,train,train,train,train,train,test,train,train,test
train,train,train,test,test,train,train,train,train,train,train,train,train,test,train,train,train,train,train,train,train,train,train,train
train,train,train,train,train,train,train,train,train,test,test,test,train,train,train,train,test,train,train,train,test,train,train,train
train,train,train,test,train,train,test,test,test,test,train,test,train,test,test,train,train,train,train,test,train,train,train,test
train,train,train,test,train,train,train,train,train,train,test,train,train,train,train,train,train,train,train,train,train,train,train,train
train,test,train,train,test,train,train,train,test,train,train,train,train,train,test,train,train,train,train,train,test,train,train,train
train,train,test,train,train,train,test,test,train,train,train,train,test,train,train,train,train,train,train,train,train,train,train,train
train,train,test,test,train,train,train,train,train,train,train,train,test,train,test,train,train,test,train,train,train,test,test,train
test,test,test,train,train,train,test,test,train,train,test,test,test,train,train,train,test,train,train,train,train,train,train,train
test,train,test,train,train,train,train,train,train,train,train,train,train,train,train,test,train,train,train,train,train,test,train,train
train,train,train,train,train,train,train,test,train,test,train,train,train,train,train,train,train,train,train,train,train,train,train,test
train,train,test,train,train,test,train,train,train,train,train,test,train,train,train,test,test,train,train,train,train,train,train,train
train,train,train,train,train,train,train,train,train,train,train,train,train,train,train,train,train,train,train,train,train,train,train,test
test,test,train,train,test,train,test,test,train,train,train,train,train,train,train,train,train,test,train,train,train,train,train,train
train,train,train,train,train,train,train,train,train,test,train,train,train,test,train,train,test,train,train,train,train,train,test,train
train,train,train,train,train,train,test,train,train,test,train,train,train,test,train,train,train,train,train,train,train,train,test,test
train,train,train,train,train,train,train,train,train,test,test,train,train,train,train,train,train,train,train,train,train,test,train,train
train,train,train,train,train,train,train,train,train,train,train,test,train,train,train,train,test,train,train,test,train,train,train,train
train,test,train,train,test,train,train,test,test,train,test,train,train,train,train,train,train,train,train,train,train,test,train,train
train,train,test,train,train,train,test,train,train,train,train,train,train,train,train,train,train,train,train,train,test,train,test,train
train,train,train,train,train,test,train,train,train,train,train,train,train,test,train,train,train,train,train,train,train,train,train,train
train,train,train,train,train,train,test,test,test,train,train,test,train,train,train,train,train,test,test,train,test,train,train,train
test,train,train,test,train,train,train,train,train,train,test,test,train,train,test,train,test,train,train,train,train,train,test,train
train,train,train,train,test,train,train,train,test,train,train,train,train,train,train,train,test,train,test,train,train,test,train,train
train,train,train,train,train,test,test,test,test,train,train,train,test,train,train,train,train,train,train,test,train,train,train,train
train,test,train,test,train,train,train,test,train,train,train,train,train,train,train,train,train,test,test,train,test,train,train,train
train,train,test,test,train,train,train,test,train,train,train,train,train,train,test,train,train,train,train,train,train,train,train,train
test,test,train,train,train,train,train,train,train,train,train,train,train,train,test,train,train,test,test,test,train,train,train,test
test,test,train,train,train,test,train,train,test,train,train,train,train,train,test,train,test,train,train,test,train,test,train,train
train,train,test,train,train,train,train,train,train,train,train,train,train,train,train,train,train,test,test,train,test,train,train,train
train,test,train,train,test,train,test,train,train,train,test,train,test,test,train,train,train,test,train,train,train,train,train,train
train,train,test,train,test,train,train,train,train,train,train,train,test,train,train,train,train,train,train,train,train,train,test,test
train,train,train,train,test,train,test,train,test,train,train,train,train,train,train,train,train,test,train,train,test,train,train,test
train,train,train,train,train,train,train,train,test,train,test,train,test,train,train,train,train,train,train,test,train,train,train,test
train,train,train,test,test,train,test,train,train,test,train,train,train,test,test,train,train,test,train,test,test,train,train,test
train,train,train,test,train,test,test,train,test,train,test,train,test,test,train,train,train,train,train,train,train,train,test,test
train,train,train,train,train,test,train,train,train,train,train,train,train,test,test,train,train,train,train,test,train,train,test,train
train,test,test,test,train,test,train,train,train,train,train,train,test,train,train,train,train,train,train,train,train,test,test,test
train,test,train,test,train,test,train,train,test,test,train,train,train,train,train,train,train,train,train,test,train,train,train,train
train,train,test,train,test,train,train,test,train,train,train,train,test,train,train,train,train,test,train,train,train,train,train,train
train,train,train,train,test,train,train,train,train,train,train,train,train,train,test,train,train,train,test,train,train,train,train,train
train,train,train,train,train,train,train,train,train,train,train,train,train,train,test,test,train,train,train,train,train,train,train,train
test,train,train,train,train,train,train,train,train,train,train,train,test,train,train,test,test,train,train,test,train,train,train,train
train,train,train,test,train,train,train,test,test,train,test,train,train,train,train,train,train,train,train,test,train,test,test,test
train,test,train,train,train,train,train,train,train,train,train,train,train,train,test,test,train,train,train,train,test,test,train,train
train,train,train,train,train,train,train,train,train,train,test,train,train,train,train,test,train,train,train,train,train,train,test,train
train,train,train,train,train,test,test,test,test,train,train,train,test,train,test,train,train,train,train,train,train,train,train,train
test,train,train,train,train,train,train,train,train,train,train,test,test,train,train,test,train,test,train,train,train,train,train,test
test,train,train,train,train,test,test,train,train,test,train,test,train,train,train,train,train,train,train,train,train,train,test,train
train,train,train,train,train,test,train,train,train,train,train,train,train,train,train,train,train,train,train,train,train,train,train,train
test,test,test,train,train,train,train,test,train,train,test,train,test,train,test,train,train,test,train,train,test,train,train,train
train,train,test,train,test,train,train,test,test,train,train,test,train,train,train,train,train,test,train,train,train,train,train,train
train,test,train,train,train,train,train,test,train,train,test,train,train,train,train,train,train,train,test,train,train,train,train,train
train,train,test,train,train,train,train,train,train,test,train,train,test,train,train,train,train,train,train,train,train,train,train,train
train,train,train,train,train,train,train,train,test,test,train,train,train,train,train,train,train,train,train,train,train,test,train,test
train,train,train,train,train,train,train,train,train,train,train,train,train,train,train,train,train,train,train,train,train,train,train,train
train,train,train,train,test,train,train,train,train,train,train,train,test,train,train,test,train,train,train,train,test,test,train,train
train,train,train,train,train,train,train,train,train,train,test,train,test,train,train,test,train,train,train,train,train,train,train,train
train,test,train,train,test,train,train,train,train,train,train,train,train,train,train,train,test,train,train,test,train,train,train,train
train,train,train,train,train,train,train,train,train,test,train,train,train,train,train,train,train,train,train,train,train,train,train,train
test,train,test,train,train,train,test,train,train,train,train,train,train,test,train,train,train,train,test,train,train,train,train,train
train,train,train,train,train,train,train,test,train,train,train,train,train,train,train,train,train,train,train,train,train,train,train,train
train,train,train,train,train,train,train,train,train,train,train,train,test,train,train,train,train,train,test,train,train,train,train,test
train,train,train,test,train,train,train,train,train,train,train,train,test,train,test,train,train,train,test,train,train,train,train,train
train,test,train,train,train,train,train,test,train,test,test,train,test,train,test,train,train,train,train,test,test,train,train,train
train,test,train,train,train,test,test,train,train,train,test,train,train,test,train,train,test,test,test,train,train,train,train,test
test,train,train,train,train,train,train,train,train,train,train,train,train,train,train,train,test,train,train,train,train,test,train,train
train,train,train,train,train,test,train,train,train,train,train,train,train,train,test,train,train,train,train,train,train,train,train,train
train,test,train,train,test,train,train,train,train,train,train,train,test,train,train,train,train,train,train,test,train,train,train,train
train,train,train,train,train,train,test,test,train,train,train,train,test,train,train,train,train,train,train,train,train,train,test,train
train,train,train,train,train,train,train,train,train,train,train,test,test,train,train,train,train,test,train,train,test,test,train,train
train,test,train,train,train,test,train,train,train,train,test,train,train,train,test,test,train,train,train,train,train,test,test,test
train,train,test,train,train,train,train,test,train,train,test,train,test,train,train,train,train,test,train,train,train,train,train,test
train,train,test,train,train,train,train,train,train,train,test,train,train,train,train,train,train,train,train,train,train,train,train,train
train,train,train,train,train,train,train,train,train,train,train,train,train,train,test,train,train,train,train,train,train,train,train,train
train,train,train,train,train,train,train,test,train,train,train,train,train,train,train,train,test,train,train,train,train,train,test,train
train,train,train,train,train,train,train,train,train,train,train,train,train,train,train,test,train,train,train,train,train,train,train,test
train,train,train,train,train,test,train,train,train,train,train,test,train,train,test,train,train,train,train,train,train,train,train,train
train,train,train,train,train,train,train,train,train,train,train,train,train,train,test,train,test,train,test,test,test,train,train,test
test,train,train,train,train,train,train,train,train,train,train,train,train,train,train,train,train,train,train,test,train,train,train,test
train,train,train,test,train,train,train,train,train,train,test,test,train,train,train,test,train,test,train,train,train,train,test,train
train,train,test,train,train,train,train,train,test,train,test,test,train,train,train,train,train,test,test,train,train,test,test,train
train,train,train,train,train,train,train,train,train,train,train,test,train,train,train,train,train,train,train,test,train,train,train,train
train,train,test,train,train,train,train,train,train,train,train,train,train,train,train,test,test,test,train,test,train,train,train,train
train,train,train,train,train,train,train,test,train,train,train,train,train,test,train,train,test,train,train,test,train,train,train,train
train,train,train,train,train,train,test,train,train,train,train,train,train,train,train,train,test,test,train,test,train,test,test,train
train,train,train,train,train,train,train,train,train,train,train,train,train,train,train,train,train,test,train,train,train,train,train,train
train,train,train,train,train,train,train,train,train,train,train,train,train,train,train,train,train,train,train,test,train,train,train,train
train,train,test,test,train,test,test,test,test,train,train,train,train,train,train,train,test,train,train,test,train,train,train,train
test,train,train,train,train,train,train,train,train,train,train,train,train,train,train,train,train,train,train,test,train,train,train,train
train,train,train,train,train,train,train,train,train,test,train,train,train,test,train,train,train,train,train,train,test,train,train,train
test,train,test,test,test,train,train,train,train,train,train,train,train,train,train,train,train,train,train,train,train,train,train,test
train,train,train,train,test,train,train,test,test,train,train,test,train,train,train,train,train,test,train,train,train,train,train,test
train,train,train,train,train,test,train,test,train,test,train,train,train,train,train,train,train,train,test,train,train,test,test,test
train,test,test,test,train,test,train,train,train,train,train,train,test,train,train,train,train,train,train,train,train,train,train,train
train,test,train,test,train,test,train,train,train,train,train,train,train,train,train,test,train,train,train,train,train,test,train,train
train,test,train,train,train,train,train,train,train,train,train,train,test,train,train,test,train,train,train,train,test,train,train,train
train,train,train,train,test,train,train,train,train,train,test,train,train,train,test,train,test,train,test,train,train,train,train,train
train,train,train,test,train,test,train,train,train,train,train,train,train,train,train,train,train,test,train,train,test,train,train,train
train,test,test,train,train,train,train,train,train,test,test,train,train,train,test,test,train,train,test,train,train,train,train,train
train,test,test,train,train,train,train,test,test,test,train,train,train,train,train,train,test,test,train,train,test,test,train,train
train,train,train,train,train,train,train,train,train,test,train,train,train,train,train,train,train,train,train,train,train,train,train,train
test,train,train,train,train,train,train,train,train,train,train,test,train,train,train,train,train,train,test,train,train,train,train,train
train,test,train,train,train,train,train,train,train,train,test,train,train,test,train,test,test,test,test,train,train,train,train,train
train,test,train,train,train,train,train,train,train,train,train,train,train,train,train,train,train,train,train,train,train,train,train,train
train,train,train,test,train,train,test,train,train,train,train,train,train,test,train,test,train,train,train,train,test,train,train,train
train,train,train,test,train,train,train,train,train,test,train,test,test,test,train,train,train,train,train,train,train,train,test,test
train,train,train,test,train,train,train,train,train,train,train,train,train,test,train,test,train,train,train,test,train,train,train,train
train,train,train,train,train,train,train,train,train,train,test,train,test,train,train,train,train,test,train,train,train,train,train,train
train,train,train,test,train,train,test,test,train,train,test,test,test,test,train,train,train,train,train,test,train,test,train,train
train,train,train,test,train,train,train,train,train,train,train,train,train,train,train,test,train,test,train,train,train,train,train,train
train,train,train,train,train,test,test,train,train,train,test,train,train,train,test,train,train,train,train,train,train,train,train,train
train,train,test,test,train,train,train,train,train,test,test,train,train,test,train,train,train,train,test,test,train,train,train,train
train,train,train,test,train,test,test,train,test,train,train,train,test,train,train,train,train,train,train,test,train,train,train,train
train,train,train,train,test,train,train,train,train,train,train,test,train,train,test,train,test,train,train,train,train,train,train,train
train,train,train,train,train,train,train,train,test,train,test,train,train,train,train,train,train,train,train,train,train,train,train,train
train,train,train,test,test,train,train,train,train,train,train,train,test,train,test,test,test,train,train,train,train,train,train,train
train,train,test,train,train,train,train,train,test,train,train,test,train,test,train,train,train,train,train,train,train,train,train,test
test,train,train,train,test,test,train,train,test,train,train,train,train,train,train,train,train,train,train,test,train,train,test,train
test,test,train,train,train,train,train,train,train,train,train,train,train,train,test,train,test,train,train,train,test,train,train,test
train,test,train,train,train,train,train,test,train,train,train,test,test,train,train,train,test,train,test,train,test,train,train,train
train,train,test,test,train,test,test,train,train,train,train,train,train,train,train,train,train,train,train,train,train,train,test,test
train,train,test,train,train,train,train,train,train,train,train,train,test,train,train,train,train,train,train,train,train,train,test,test
train,train,train,train,train,train,train,train,train,train,test,test,train,train,train,train,train,test,train,train,train,train,train,test
train,train,train,test,train,train,train,train,train,train,test,train,train,train,train,train,test,train,train,train,train,train,train,test
test,train,train,train,train,train,train,train,train,train,train,train,test,train,train,test,test,train,train,test,train,train,train,train
train,test,train,test,train,train,train,train,train,train,train,train,train,train,train,train,test,train,train,test,train,train,train,train
train,train,train,test,train,train,train,train,train,train,train,train,train,train,train,train,train,train,train,train,train,test,train,train
train,train,train,train,train,train,test,train,train,test,train,train,train,test,test,train,train,train,train,train,train,train,train,train
train,test,train,train,train,train,train,test,test,train,train,train,train,train,train,train,train,train,test,test,train,train,train,train
train,train,train,train,train,train,test,train,train,train,train,train,train,train,train,test,train,train,train,train,test,train,train,train
train,test,train,train,train,train,train,train,train,test,train,train,train,train,train,train,train,test,train,train,train,train,train,train
train,train,train,train,train,train,train,train,test,test,train,test,train,train,train,train,test,train,test,train,train,train,train,train
train,train,train,train,train,train,train,test,train,test,train,test,train,train,train,test,train,train,train,train,train,train,train,train
train,test,train,train,train,train,test,train,train,train,test,train,train,train,test,test,train,train,train,test,train,train,test,train
train,test,test,train,test,test,train,train,train,test,train,test,train,train,train,train,train,train,train,test,train,train,train,test
train,train,test,train,test,train,train,train,train,train,train,train,test,train,train,train,train,train,train,train,train,train,train,train
train,train,train,test,train,test,test,train,test,train,test,train,test,test,test,train,train,train,test,train,train,train,test,train
train,train,train,test,train,test,train,train,train,train,train,train,train,train,train,train,train,train,train,test,train,train,train,train
test,train,test,train,test,train,train,test,test,train,train,train,train,train,train,test,train,test,train,train,train,train,test,train
test,test,train,train,train,train,train,train,train,train,train,test,train,test,test,train,train,train,train,train,test,test,train,train
train,train,test,train,test,train,train,train,train,train,train,train,test,test,test,train,train,train,train,train,train,test,train,train
train,train,train,train,train,train,train,train,train,train,test,train,train,train,train,train,train,train,train,train,train,train,test,test
train,train,test,train,train,train,train,train,test,train,train,train,train,train,train,train,train,train,train,train,train,train,train,test
train,train,train,test,train,train,train,train,test,train,test,test,train,train,test,train,test,train,train,train,train,train,train,train
train,train,train,train,train,train,train,train,train,train,train,test,train,train,train,train,train,train,train,train,train,train,test,train
train,train,train,train,train,train,train,train,train,train,train,train,train,train,train,train,test,train,train,train,train,train,train,train
train,train,train,train,test,test,train,train,train,test,train,train,train,train,train,train,train,train,train,train,train,train,train,train
train,train,train,train,train,train,train,train,train,test,train,train,test,train,train,train,train,train,train,train,train,train,train,train
train,train,train,train,train,train,train,test,test,train,train,train,train,train,test,train,train,train,train,test,train,test,train,test
test,train,train,train,test,train,train,train,train,train,test,train,test,test,train,test,train,train,train,train,train,train,train,test
train,train,test,train,train,train,train,train,train,train,train,test,test,train,train,train,train,train,train,train,train,train,train,train
train,train,train,train,train,train,train,train,train,train,train,test,train,train,test,test,train,test,train,train,train,train,test,train
train,test,train,train,test,train,train,test,test,train,train,train,train,train,train,train,train,train,train,test,train,train,train,train
test,test,train,train,train,test,train,train,train,test,test,train,train,train,train,train,train,train,train,test,test,train,train,train
train,train,train,train,train,train,train,train,test,train,train,train,train,train,test,train,train,test,train,train,train,train,train,test
test,train,train,train,train,train,train,train,test,train,train,train,train,train,train,train,train,train,test,train,train,train,train,test
train,train,train,train,train,train,test,train,train,train,train,train,train,test,train,train,test,train,train,train,test,train,train,test
train,train,train,test,train,train,test,train,train,train,train,train,train,train,test,train,test,train,test,train,train,train,train,test
train,train,test,train,train,train,train,train,train,train,train,test,train,train,train,train,train,test,train,test,train,test,train,train
train,test,train,test,train,train,train,test,train,train,test,test,train,train,train,train,train,test,train,train,train,train,train,train
train,train,train,train,train,train,train,train,train,train,train,train,train,test,train,train,train,test,test,train,train,train,train,train
train,train,train,train,train,train,train,test,train,train,test,test,train,test,train,train,test,train,test,train,train,test,test,train
train,train,train,train,train,train,train,train,train,test,train,train,train,train,train,train,train,train,train,train,test,train,train,train
train,train,test,train,train,train,train,train,train,test,train,train,train,test,train,test,train,test,train,train,train,train,test,train
train,train,train,train,train,train,train,train,train,train,test,test,train,train,test,train,train,train,train,train,train,test,train,train
train,train,train,train,train,test,train,train,test,test,train,train,train,train,train,test,train,train,train,train,train,train,train,train
train,train,train,train,test,train,train,train,test,train,train,train,train,train,train,train,train,test,train,train,train,train,test,train
train,train,train,train,test,train,train,train,train,test,train,train,train,train,train,test,train,train,train,train,train,train,train,test
train,train,train,train,train,train,train,test,train,train,train,test,train,test,train,train,train,test,test,train,train,test,train,train
train,train,train,train,train,train,test,train,test,train,train,train,train,train,train,train,test,test,train,train,test,test,train,train
train,test,train,train,train,train,test,train,train,test,test,train,test,train,test,train,train,train,train,train,train,test,train,train
train,train,train,test,train,train,train,train,train,train,train,train,train,train,train,test,train,train,train,train,train,train,train,train
train,train,train,test,train,train,train,train,train,train,train,train,train,test,train,train,train,train,train,train,train,train,train,train
train,train,test,train,train,train,train,train,train,train,test,train,train,train,train,train,train,train,train,train,train,train,train,train
train,test,train,test,train,train,train,test,train,train,test,train,train,train,train,train,train,train,train,train,train,train,train,train
test,test,train,train,train,train,train,train,train,train,train,train,train,train,train,test,test,train,train,train,test,test,train,train
train,train,test,test,train,train,train,train,train,test,train,test,test,train,train,train,test,test,train,train,train,train,train,train
train,test,train,train,train,train,train,train,train,test,train,test,train,train,train,test,train,train,train,train,train,test,train,train
train,train,test,train,train,test,train,train,train,train,train,train,train,train,test,train,train,train,train,train,train,train,train,train
test,train,train,train,train,train,train,train,train,test,train,train,train,train,test,test,train,train,test,train,test,test,test,train
train,test,test,train,train,train,train,train,train,train,train,train,train,train,train,train,test,train,train,test,train,test,train,train
test,train,test,train,train,train,train,train,train,train,train,train,test,train,train,train,train,train,train,test,train,train,train,train
train,test,test,train,train,train,train,train,train,train,train,train,train,train,train,test,train,train,train,train,train,train,train,train
train,train,train,train,train,test,test,test,train,train,train,test,train,train,train,train,train,train,train,train,train,train,train,train
train,test,train,train,train,train,train,train,train,test,train,train,train,train,train,train,train,train,test,train,train,train,train,train
train,train,train,train,train,train,train,train,train,train,train,train,train,test,train,train,train,test,test,train,train,train,train,train
train,train,train,test,train,train,train,train,train,train,train,train,test,train,train,train,train,train,train,train,train,train,test,test
train,train,train,train,test,train,train,train,train,train,test,train,test,train,train,test,test,train,train,train,test,train,train,train
train,train,train,train,train,train,train,train,test,test,test,test,test,train,train,train,train,train,train,train,train,train,train,test
train,train,train,train,train,train,train,train,train,train,train,train,train,train,train,train,train,train,train,train,train,train,train,test
train,train,train,train,test,train,test,train,train,test,train,train,test,train,train,train,train,train,train,train,test,train,train,test
train,train,train,train,train,train,test,train,test,train,test,train,train,train,train,train,train,train,train,train,train,test,test,test
train,test,test,train,test,test,train,train,train,train,train,train,train,train,train,test,train,train,train,train,train,train,train,train
test,test,train,train,test,train,test,train,train,train,train,train,train,test,train,train,test,train,train,train,train,train,train,train
train,train,train,train,train,train,train,train,train,train,train,test,test,train,train,train,train,train,train,train,train,train,train,test
train,test,train,train,train,test,train,test,train,test,test,train,test,train,train,train,test,train,train,train,train,train,test,test
test,train,train,train,train,test,train,train,test,test,train,test,train,train,train,train,test,train,train,test,test,train,train,train
train,train,train,test,train,test,test,test,test,train,test,train,train,train,test,train,train,test,train,train,train,train,train,test
train,train,train,train,train,train,train,train,train,train,train,train,train,test,train,train,train,train,train,train,test,test,train,train
train,train,train,train,train,train,train,train,train,train,train,train,train,train,train,train,test,train,train,train,train,train,train,train
train,train,train,train,train,train,train,test,train,train,test,test,train,train,train,train,train,train,train,train,train,train,train,train
train,train,train,test,train,test,train,test,train,test,test,train,train,train,train,train,train,train,train,train,test,train,test,test
train,train,train,train,train,test,test,test,train,train,train,train,test,test,train,test,train,train,test,train,train,train,test,train
test,train,train,train,train,train,train,test,train,train,train,train,train,train,train,train,train,train,train,train,train,train,train,train
test,train,train,test,train,train,train,train,train,train,test,test,train,train,train,train,train,train,train,train,train,train,train,train
train,train,train,train,test,train,train,test,test,train,test,train,train,train,test,train,train,train,train,train,train,train,train,train
train,train,train,train,train,train,test,train,train,train,train,train,train,train,train,train,train,train,train,train,train,test,train,train
train,test,test,train,train,train,test,train,train,train,train,train,train,train,test,train,train,test,train,train,train,test,train,test
test,train,test,train,train,train,test,test,train,train,train,train,test,train,test,train,test,train,train,test,train,train,train,train
train,train,train,train,train,train,test,train,train,train,train,train,train,train,train,train,train,train,train,train,train,test,train,train
train,train,train,train,test,train,train,train,train,train,train,train,train,test,train,train,train,train,train,test,train,train,train,train
train,train,train,train,train,train,train,train,train,train,train,train,train,train,train,train,train,test,train,train,train,test,test,train
train,train,train,train,test,train,train,train,train,train,train,train,train,train,train,train,train,test,train,train,test,train,train,train
train,train,train,train,train,train,train,train,train,train,train,test,train,train,test,train,train,train,train,train,train,test,train,test
train,train,train,train,train,train,train,train,train,train,test,train,train,train,train,train,train,train,train,test,train,train,train,train
train,train,train,train,test,train,test,train,train,test,train,train,train,train,train,test,train,train,test,train,train,test,test,train
train,train,train,train,train,train,test,test,train,test,train,test,train,train,test,train,train,test,test,train,train,train,train,test
train,train,train,train,train,test,test,train,train,train,train,train,train,train,train,train,train,train,train,test,train,train,train,train
train,train,train,train,train,train,train,train,train,train,train,test,test,test,train,test,train,test,test,train,train,train,train,train
train,train,train,test,train,train,train,train,test,test,train,test,train,train,train,train,test,test,test,train,train,test,train,train
train,train,train,train,train,train,test,train,train,train,train,train,train,train,train,train,train,train,test,train,train,test,train,train
train,train,train,train,test,train,train,test,train,test,train,train,train,test,train,test,train,train,train,train,train,train,test,train
train,test,train,train,train,test,train,train,train,train,train,test,train,train,test,train,train,test,test,train,train,train,test,train
train,train,train,train,train,train,train,train,test,train,train,train,train,train,train,train,train,train,train,train,train,train,train,test
train,train,test,train,train,train,train,train,train,test,train,train,train,train,train,train,train,train,train,train,test,train,train,test
test,train,test,train,test,train,train,train,test,train,train,train,train,train,train,train,train,train,test,test,train,train,train,test
train,train,train,train,train,train,train,train,train,train,train,train,train,test,train,test,test,test,test,train,test,train,train,train
train,train,test,train,train,test,train,train,train,train,train,train,train,train,train,train,test,train,test,test,test,train,test,test
test,train,train,test,train,train,train,train,train,train,test,train,train,test,train,train,train,train,test,train,train,train,test,train
train,train,train,train,train,train,train,train,train,test,train,train,train,test,train,test,test,test,train,train,train,train,test,train
train,train,train,train,train,train,train,test,train,train,train,train,train,train,test,train,train,train,test,train,train,train,train,train
train,train,test,train,train,train,train,train,test,train,train,train,train,train,train,test,train,train,train,train,train,train,train,train
train,train,train,train,test,test,test,train,train,train,train,train,test,train,test,train,train,test,train,train,test,test,train,train
train,train,train,train,train,train,train,train,test,train,train,test,train,train,train,train,train,train,train,train,train,train,test,test
train,train,train,test,test,train,train,train,test,train,train,train,train,train,train,train,train,test,test,test,train,train,train,train
train,train,test,train,test,train,train,train,train,test,train,train,train,test,test,train,train,train,train,train,train,train,test,train
test,train,train,test,train,train,train,train,train,train,train,train,train,train,train,train,test,train,train,train,train,train,train,train
test,train,train,train,test,train,train,train,train,train,train,train,train,train,train,train,train,train,test,train,train,train,train,train
train,train,train,train,test,test,train,train,test,train,train,train,train,test,train,test,train,train,train,test,test,train,train,train
train,train,test,train,train,train,train,train,train,train,train,train,train,train,train,train,train,train,train,train,train,train,train,train
train,train,train,train,train,train,train,train,test,train,train,train,train,test,test,test,train,train,train,train,train,test,test,train
train,train,train,test,train,train,train,train,test,test,train,train,train,train,train,test,train,train,train,train,train,train,train,test
test,test,train,train,train,train,train,train,test,train,train,test,train,train,train,train,test,train,train,train,train,train,train,train
train,train,train,train,train,train,train,train,train,train,train,train,test,train,test,train,train,train,train,test,train,train,test,train
test,train,test,train,train,train,train,train,train,train,test,train,train,test,test,train,test,train,train,test,train,test,train,train
train,train,test,test,train,test,train,train,train,train,train,train,train,train,test,train,train,train,train,train,train,train,train,train
train,test,train,train,train,train,train,train,train,train,train,train,train,train,train,train,train,train,test,test,train,train,train,train
train,test,train,train,test,train,train,test,test,train,train,train,test,test,test,test,train,train,test,train,train,train,train,train
train,train,train,train,train,train,train,train,train,train,test,test,train,train,train,train,test,train,train,train,train,train,train,train
train,train,train,train,train,train,test,train,train,train,train,train,train,train,train,train,train,train,test,train,train,train,train,train
train,train,train,train,train,test,train,train,train,train,train,test,test,train,train,train,train,test,train,test,train,test,train,train
test,train,train,train,train,train,train,train,train,train,train,train,train,train,train,train,train,train,train,train,train,train,train,train
train,train,train,train,train,train,train,test,train,train,train,train,train,train,train,train,test,test,train,train,train,train,test,train
train,test,train,train,train,train,train,train,train,train,train,train,train,train,train,train,train,test,train,train,train,train,train,test
test,train,train,train,train,train,train,test,train,test,test,train,train,train,train,train,train,train,test,train,train,train,train,test
train,train,train,train,train,test,train,test,train,train,train,train,train,train,train,test,train,train,train,train,train,train,train,train
train,train,train,test,train,train,train,train,train,train,train,test,train,train,train,train,train,train,train,train,train,test,test,train
train,train,test,train,train,train,train,test,train,train,train,train,train,test,train,train,train,train,train,train,train,train,train,train
train,train,test,train,train,train,test,test,test,train,train,test,test,train,test,test,train,train,train,train,train,test,train,train
train,test,train,train,train,train,train,train,train,train,train,test,train,train,train,train,test,test,train,train,train,train,test,train
train,test,train,train,train,train,train,test,test,train,train,train,train,train,test,train,train,train,train,train,train,train,test,train
train,test,train,train,train,test,train,train,train,test,train,train,train,train,train,train,train,train,train,test,train,train,test,train
train,test,train,train,train,train,test,test,train,train,train,test,test,train,train,train,train,train,train,train,train,test,train,test
train,train,train,train,test,train,train,train,train,train,train,train,train,train,train,train,train,train,train,test,test,train,train,test
train,test,train,train,train,train,train,train,train,train,train,train,train,test,train,train,train,train,train,test,train,test,train,train
train,test,train,test,train,train,train,train,train,train,train,test,train,train,train,test,train,train,train,train,test,train,test,test
train,train,test,train,train,train,train,train,train,train,test,train,train,train,train,train,train,train,test,test,train,train,train,train
train,train,train,test,train,train,test,test,test,test,train,train,train,train,train,train,train,train,train,train,train,train,train,train
test,train,train,test,test,test,train,train,train,train,train,train,train,train,train,train,train,test,train,train,test,test,train,train
test,train,test,test,train,train,test,train,train,train,train,train,train,train,train,train,train,train,train,train,test,train,train,train
train,train,train,train,test,train,train,test,test,train,train,train,train,test,train,test,train,train,train,test,train,test,train,train
train,train,train,test,train,train,test,train,train,train,train,train,train,train,train,train,train,test,train,test,train,train,test,test
train,train,test,test,train,train,train,train,train,test,train,train,train,train,train,train,train,train,test,test,train,train,train,train
train,train,train,test,train,train,train,train,train,train,train,train,train,train,train,train,test,train,test,train,train,train,train,train
train,train,train,test,train,train,train,train,train,test,train,train,train,train,train,train,train,train,train,train,train,train,train,train
train,train,train,train,train,train,test,train,train,train,train,train,test,train,train,train,train,test,test,train,train,train,train,train
train,test,test,train,test,train,train,train,train,train,train,train,train,train,train,train,train,train,train,train,train,train,test,test
train,train,train,test,train,train,train,train,test,train,test,train,train,train,train,train,test,train,train,train,train,train,train,train
test,train,test,train,train,train,train,test,train,train,train,test,train,train,train,train,train,train,train,train,train,train,train,test
test,train,train,train,test,train,train,train,test,test,train,train,train,test,test,train,test,test,train,train,train,train,train,train
train,train,train,train,train,test,train,test,train,train,test,train,train,test,train,train,train,train,train,test,train,train,train,train
train,test,train,train,train,train,train,train,train,train,test,train,train,train,train,train,test,train,train,train,train,train,test,train
train,test,train,train,test,train,test,test,train,train,train,train,train,train,train,test,train,train,train,train,train,train,train,test
test,train,train,test,train,train,train,train,test,test,train,train,train,train,train,train,test,train,train,test,train,train,test,train
train,train,train,train,test,train,train,test,train,train,test,train,test,train,train,train,train,train,train,train,train,train,train,test
train,train,train,train,train,train,train,train,train,train,train,train,train,test,test,train,train,train,test,train,train,train,train,train
train,train,train,train,train,train,train,train,train,train,train,test,train,test,train,train,train,train,train,train,test,train,train,train
train,train,train,test,train,test,train,test,train,test,test,train,train,train,train,train,test,train,train,test,train,train,train,train
train,train,train,train,train,train,train,train,train,train,train,train,train,train,test,train,train,train,train,train,test,train,test,train
train,train,test,train,train,train,train,train,train,train,train,train,train,train,train,test,train,train,train,test,train,test,train,train
train,train,train,train,train,train,train,test,test,test,train,train,train,train,train,train,train,train,test,train,train,test,train,train
train,test,train,train,train,train,test,train,test,train,train,test,train,train,train,train,train,train,train,train,train,train,train,train
test,train,train,train,train,train,train,train,train,train,train,train,train,train,train,train,train,train,train,train,train,train,train,train
train,test,test,train,test,train,train,train,train,train,test,test,train,train,test,test,train,train,test,train,train,train,train,train
train,train,train,train,train,train,train,train,train,train,test,train,train,test,train,train,train,train,train,train,train,train,test,train
train,train,train,test,train,test,test,train,test,train,train,train,train,train,train,train,train,train,train,test,train,train,train,train
train,train,test,train,train,train,train,train,test,train,test,train,test,train,train,train,train,train,train,train,train,test,train,train
test,test,train,train,test,train,test,test,train,train,train,train,train,train,train,train,train,test,train,train,train,train,train,train
train,train,test,train,train,train,train,train,train,train,train,train,test,train,train,train,train,test,test,train,train,train,train,test
train,train,train,train,test,train,train,train,train,train,train,train,train,train,train,train,train,train,train,train,test,train,train,train
test,train,train,test,train,train,train,train,train,train,train,train,train,train,train,train,train,train,train,train,train,train,train,train
train,train,train,train,train,train,train,train,train,test,train,train,train,test,train,train,test,train,train,train,train,train,test,train
train,train,train,train,train,train,test,train,train,test,train,train,train,test,train,train,train,train,train,train,train,train,test,test
train,train,test,train,train,test,train,test,test,train,train,train,train,test,train,train,train,train,train,train,train,train,train,test
train,test,train,train,test,train,train,train,train,train,train,train,test,test,train,train,train,train,train,train,train,train,test,train
train,train,train,train,test,train,train,train,train,train,train,test,train,train,train,train,train,test,train,train,train,train,train,train
train,train,train,train,train,test,train,train,test,test,train,train,train,train,train,train,train,test,train,train,train,train,train,train
train,train,train,train,train,train,test,test,test,train,test,train,test,test,train,train,test,test,train,train,test,train,test,train
train,train,train,train,train,train,train,train,train,test,train,train,train,train,train,train,train,train,train,train,train,test,train,train
train,test,train,train,test,train,train,test,test,train,test,train,train,train,train,train,train,train,train,train,train,test,train,train
train,test,train,test,train,train,train,train,test,train,train,test,train,train,train,train,train,train,train,train,train,train,test,train
train,train,test,train,train,train,train,test,test,train,train,train,train,train,train,train,test,train,train,train,train,train,train,train
test,train,train,train,train,train,train,train,train,train,train,train,train,train,test,train,train,train,train,train,train,train,train,train
train,train,train,train,train,train,test,train,train,train,test,test,train,train,train,train,train,train,train,train,test,train,train,train
train,train,train,train,test,train,train,train,test,test,train,train,train,train,train,train,train,train,train,train,train,train,train,test
train,train,train,train,train,train,train,train,train,train,test,train,train,train,train,train,train,train,test,train,train,train,train,train
train,train,train,train,train,test,train,train,train,train,train,train,train,test,train,train,train,train,train,train,train,train,train,train
train,train,train,train,test,train,train,train,test,train,train,train,train,train,train,train,test,train,test,train,train,test,train,train
train,train,train,train,train,train,test,train,train,train,train,train,train,train,train,train,train,test,train,train,train,train,test,train
train,train,train,train,test,test,train,train,train,test,train,train,train,train,test,test,train,train,train,test,train,train,test,train
train,train,train,train,train,train,train,train,train,train,train,train,train,test,train,train,test,train,train,train,test,train,test,train
train,train,train,train,train,train,train,train,train,train,train,train,train,test,train,train,train,test,train,train,train,train,train,train
train,train,test,train,test,train,train,test,test,test,train,test,train,train,test,test,test,test,train,train,train,test,train,train
train,train,test,train,train,train,train,train,train,test,train,test,test,test,train,train,train,train,train,train,test,train,train,train
test,train,test,train,train,train,train,train,train,train,train,train,train,train,train,test,train,test,train,train,train,train,train,train
train,test,train,train,train,train,train,train,train,train,train,test,test,train,train,train,test,test,test,train,train,train,train,test
test,train,train,train,train,test,train,train,train,test,train,train,train,train,train,train,test,train,train,train,train,train,train,test
train,train,train,train,train,train,train,train,train,train,train,train,train,train,train,train,test,test,train,train,train,train,train,train
test,train,test,train,train,train,test,test,train,train,test,train,train,train,train,test,train,train,train,train,train,test,test,train
test,test,train,train,train,train,train,train,train,train,train,train,train,train,train,train,train,train,train,test,train,train,train,train
train,train,train,train,train,test,train,train,test,test,train,train,train,train,train,train,train,test,train,train,train,train,test,train
train,train,train,train,train,train,train,train,train,train,train,test,test,train,train,test,test,test,test,test,test,train,train,train
train,train,test,train,train,train,train,train,train,train,train,train,train,train,train,train,train,train,train,train,test,train,train,train
train,train,train,train,train,train,train,train,train,train,train,train,train,test,test,train,train,train,train,train,train,train,test,test
train,train,test,train,train,train,train,train,train,train,train,train,train,train,test,train,train,train,test,train,train,train,train,train
test,test,train,test,train,train,train,train,train,train,train,train,train,train,train,train,test,train,train,train,train,test,test,train
train,train,test,train,test,train,train,train,test,train,train,train,train,test,test,train,train,train,test,train,train,train,train,train
train,train,train,train,test,train,train,train,train,train,train,train,train,train,train,train,train,train,test,train,train,train,train,train
test,train,train,train,test,train,train,train,test,train,train,train,train,train,train,test,test,train,train,train,train,train,train,train
train,train,train,train,train,train,test,train,train,train,train,train,train,train,train,train,train,train,test,train,train,train,train,train
test,train,test,train,train,train,train,test,train,train,train,train,train,train,train,train,train,train,train,train,train,train,train,train
train,train,train,test,test,train,train,test,test,test,train,test,train,train,train,test,train,train,train,test,train,train,test,train
train,train,train,train,train,train,train,train,train,train,train,train,train,train,train,train,train,train,train,train,train,train,train,train
train,test,train,train,train,train,test,train,train,train,train,test,train,train,test,test,train,train,test,test,train,train,test,train
train,train,train,train,train,train,test,train,train,test,train,train,train,train,train,train,test,train,train,test,train,train,train,train
test,test,train,train,train,train,train,train,train,train,train,train,train,train,train,test,train,train,train,train,train,train,train,train
train,train,test,test,train,train,train,test,train,train,train,test,train,train,test,train,train,train,train,train,train,train,train,train
test,train,train,train,train,train,train,train,train,test,train,test,train,train,train,train,train,train,test,train,train,test,train,train
train,train,train,train,train,train,test,train,train,test,train,train,train,train,train,train,test,train,train,train,test,train,test,train
test,train,train,train,test,train,train,train,train,train,train,test,test,train,train,test,train,train,train,train,train,train,train,train
train,train,test,train,train,train,train,train,train,train,test,train,train,test,test,train,train,train,train,test,train,test,train,train
test,train,train,test,train,train,train,train,train,train,test,test,train,train,test,train,test,train,train,train,train,train,test,train
train,test,train,test,train,test,train,test,train,test,test,test,train,test,test,test,test,train,train,train,test,train,train,test
train,train,test,train,train,test,train,train,train,train,train,train,train,test,test,train,test,train,train,train,test,train,train,train
train,train,train,train,train,train,train,train,train,train,train,train,train,train,train,test,train,train,train,test,test,train,train,train
train,train,train,train,train,test,test,test,train,train,train,test,train,train,train,train,train,train,train,train,train,train,train,train
train,test,train,train,train,test,train,train,test,train,train,train,train,train,test,test,train,train,train,test,train,test,train,train
train,train,test,train,test,train,train,train,train,train,train,train,test,train,train,train,train,train,test,train,train,train,train,train
test,train,train,train,train,train,train,train,train,train,train,train,test,test,test,train,train,train,train,train,test,train,train,train
train,test,train,train,train,train,train,train,test,test,test,test,test,train,train,train,test,train,train,test,train,train,train,train
test,train,train,test,train,train,test,test,train,test,train,train,train,train,test,train,train,train,train,test,train,train,train,test
train,train,train,train,train,test,test,train,train,train,train,train,test,test,train,train,train,train,train,train,test,train,train,test
train,train,test,train,train,train,train,train,train,train,train,test,test,train,train,train,train,train,train,train,train,train,train,test
train,train,train,test,test,train,train,train,train,test,test,train,test,test,train,train,train,train,test,train,train,train,train,test
train,train,train,train,train,train,train,train,train,test,test,train,train,train,train,train,test,train,train,train,train,train,train,test
train,train,train,train,train,train,train,train,train,train,test,train,train,test,train,train,train,train,test,train,train,train,test,train
train,train,train,train,train,train,test,test,train,test,train,train,train,train,train,test,train,train,train,train,train,test,train,train
train,test,train,train,train,train,train,test,test,train,train,test,test,train,train,train,train,test,train,test,train,test,train,train
train,train,test,test,train,test,train,train,train,train,train,train,train,train,train,train,train,test,train,train,train,train,train,train
test,train,train,test,train,train,train,train,test,train,train,train,train,train,test,train,train,train,test,train,train,train,train,train
train,train,train,train,train,train,train,test,train,train,train,train,train,train,train,train,test,test,train,train,train,train,train,train
test,train,train,train,train,train,train,train,test,test,train,train,test,train,test,train,train,test,train,train,train,test,test,test
train,train,train,train,train,train,train,train,train,train,train,train,train,train,train,test,train,test,train,test,train,test,train,train
train,train,train,train,train,train,test,test,train,train,train,train,test,train,train,test,train,train,test,train,train,train,train,train
train,train,train,test,train,train,train,train,train,train,train,test,train,train,train,train,train,test,test,train,train,train,train,train
train,train,train,train,train,train,train,train,train,train,train,train,test,train,test,train,train,train,train,test,train,train,train,train
train,train,test,train,train,train,train,test,test,train,test,train,train,train,test,test,train,train,test,train,train,train,train,train
train,train,train,train,test,train,train,test,train,train,test,train,train,test,train,test,train,train,train,train,train,train,test,train
train,train,train,train,test,train,train,train,train,train,train,train,test,train,test,test,test,train,train,train,train,test,train,train
train,test,train,test,train,train,train,train,train,train,train,train,train,train,train,train,test,test,train,train,train,train,train,train
test,test,train,train,train,train,train,train,train,train,train,train,train,train,test,train,train,test,test,test,train,train,train,test
train,test,train,train,train,train,train,train,train,train,train,train,train,test,train,train,train,train,test,test,train,test,train,train
test,test,train,test,train,train,test,train,train,train,test,train,train,train,test,train,test,train,train,train,train,train,train,test
train,test,test,train,test,train,train,train,train,train,train,train,train,train,train,train,test,train,train,train,train,train,train,test
train,train,train,train,train,train,train,train,train,train,train,test,test,train,test,train,train,train,train,train,test,train,train,test
train,train,train,train,train,train,test,train,test,test,train,train,test,train,train,train,test,train,train,train,train,train,train,train
train,train,test,train,test,train,train,test,train,train,test,test,train,train,train,train,train,train,train,train,train,train,test,train
train,train,train,train,train,train,train,train,train,train,train,train,train,train,test,train,train,test,train,train,test,train,train,train
train,train,train,train,train,train,train,train,train,train,train,test,train,train,train,test,train,test,train,train,train,train,train,train
train,test,train,train,test,test,train,test,train,train,train,train,train,test,train,train,train,train,train,test,train,test,train,train
train,test,train,test,train,train,train,train,train,train,test,train,train,train,test,train,train,train,test,train,train,train,train,train
train,train,test,train,test,train,train,test,train,test,train,train,train,train,train,train,train,test,train,test,train,test,train,test
test,train,test,train,train,train,train,train,train,train,train,test,test,test,train,train,train,train,train,train,train,train,train,train
train,train,train,train,train,train,train,train,train,test,train,train,train,test,train,train,test,train,train,train,train,train,train,train
train,test,train,test,train,train,train,train,train,train,test,test,train,train,test,train,train,test,test,test,train,train,train,test
train,test,train,train,test,train,test,train,train,train,test,train,test,test,train,train,train,test,train,train,train,train,train,train
train,train,train,train,train,train,train,train,train,train,train,train,train,train,test,train,train,train,train,train,test,train,train,test
train,train,train,train,train,train,train,train,train,train,train,train,train,train,test,test,train,train,train,train,train,train,train,train
train,train,train,train,test,train,train,train,test,train,train,train,train,train,train,train,train,train,train,test,test,train,train,train
train,train,test,train,train,train,train,train,train,train,train,train,train,train,train,test,test,train,train,train,test,test,train,train
train,train,test,train,test,train,train,train,train,train,train,test,train,train,train,train,train,train,test,train,train,train,train,train
train,train,train,test,train,train,train,test,test,train,test,train,train,train,train,train,train,train,train,test,train,test,test,test
train,train,train,train,test,train,train,train,train,train,train,train,train,train,test,train,train,train,test,train,train,train,train,train
train,train,train,train,test,train,train,test,train,train,train,train,train,test,train,train,train,test,train,train,train,train,train,train
train,train,train,train,train,test,test,test,train,train,train,train,train,train,train,train,train,test,train,train,test,train,train,test
train,test,train,train,train,train,train,test,train,train,test,train,train,train,train,train,train,train,test,train,train,train,train,train
train,train,train,train,train,train,test,test,train,train,train,train,train,train,train,train,train,train,test,train,test,test,train,train
test,train,test,train,train,train,train,train,train,train,train,train,train,test,train,train,train,train,test,train,train,train,train,train
train,train,train,train,train,train,train,test,train,train,train,train,train,train,train,train,train,train,train,train,train,train,train,train
train,train,train,train,train,train,train,train,train,train,train,train,test,train,train,train,train,train,test,train,train,train,train,test
train,test,train,test,train,test,train,train,train,train,train,train,train,train,train,test,train,train,train,train,train,test,train,train
train,train,train,train,test,train,train,test,train,train,train,train,test,train,test,test,test,train,train,train,train,train,train,train
train,train,train,train,train,train,train,train,train,train,train,train,train,train,train,train,train,train,train,train,test,test,test,train
train,test,train,train,train,train,train,train,train,train,train,train,test,train,train,test,test,train,train,train,train,train,train,train
train,train,train,train,train,test,train,train,train,train,train,train,train,train,test,train,test,train,train,train,test,train,train,train
test,test,train,test,train,train,train,train,train,test,test,train,train,train,train,test,train,train,train,train,train,train,train,test
train,train,train,train,train,test,test,train,train,train,train,train,train,train,train,train,test,train,test,train,train,train,train,train
test,train,train,test,train,train,train,train,train,test,train,train,test,train,train,test,train,train,train,train,test,train,test,train
train,train,train,test,train,train,train,train,train,train,train,train,train,train,train,train,train,train,train,train,train,test,train,train
test,train,train,train,test,test,train,train,train,train,train,train,train,train,test,train,train,train,train,train,train,train,train,train
train,train,test,train,train,train,train,train,test,train,train,train,train,train,train,train,train,train,test,train,train,train,train,test
train,train,train,train,test,test,train,test,train,test,train,train,test,train,train,test,train,test,train,train,train,test,train,test
train,train,test,train,train,test,train,train,train,train,train,test,test,test,train,train,train,test,train,train,train,test,train,train
train,train,test,train,train,train,train,test,train,train,test,train,train,train,train,train,train,train,train,train,train,train,train,train
train,train,train,train,train,train,train,train,test,train,train,train,test,train,test,train,train,test,train,train,train,train,test,train
test,test,train,train,train,train,train,train,train,train,train,train,train,train,test,train,test,train,train,train,test,train,train,test
train,train,train,train,test,train,train,test,train,train,train,train,test,train,train,train,train,test,train,train,train,train,train,train
train,train,train,test,train,train,train,train,train,train,train,train,test,train,train,train,train,test,train,train,train,test,train,train
train,train,train,train,train,train,train,train,train,train,train,train,train,train,test,train,train,test,train,train,test,test,train,train
train,train,train,train,train,test,train,train,train,train,train,train,train,train,train,train,train,train,train,train,train,train,train,train
train,train,train,train,test,test,train,train,train,test,train,train,train,train,train,train,train,train,train,train,train,train,train,train
train,train,train,train,train,train,test,train,train,train,train,train,train,test,train,train,test,train,train,train,test,train,train,test
train,test,test,train,train,train,train,train,train,train,train,train,train,train,train,train,test,test,train,train,train,test,train,train
train,train,train,test,train,train,train,train,train,train,train,train,train,test,train,train,train,train,train,train,train,train,train,train
train,train,train,train,test,train,train,train,train,train,test,train,test,train,train,test,test,train,train,train,test,train,train,train
train,train,train,test,train,test,test,test,test,train,test,train,train,train,test,train,train,test,train,train,train,train,train,test
test,train,train,test,train,train,train,train,train,train,test,test,train,train,train,train,train,train,train,train,train,train,train,train
train,train,train,train,test,train,train,test,test,train,test,train,train,train,test,train,train,train,train,train,train,train,train,train
test,train,train,train,train,train,train,train,train,train,train,train,train,test,train,test,train,train,test,train,train,train,train,test
train,train,test,train,train,train,train,train,train,train,train,train,train,test,train,test,train,train,train,train,train,train,train,train
train,train,train,train,train,train,train,train,train,train,train,train,test,train,train,train,train,train,train,train,test,train,train,train
train,train,train,train,train,train,test,train,train,train,train,train,train,train,train,train,train,train,train,train,train,test,train,train
train,train,test,train,test,train,train,train,test,train,train,test,train,train,train,test,train,train,train,train,test,train,train,train
train,test,test,train,train,train,train,train,train,train,train,train,train,train,test,train,train,test,train,train,train,test,train,test
test,train,test,train,train,train,test,test,train,train,train,train,test,train,test,train,test,train,train,test,train,train,train,train
test,train,test,train,train,train,test,train,train,train,test,train,train,train,train,train,train,train,train,train,train,test,train,train
train,train,train,train,train,train,train,train,train,train,train,train,train,train,train,train,train,train,train,train,train,test,train,train
test,train,train,train,train,train,train,test,train,test,test,train,train,train,train,train,train,train,test,train,train,train,train,test
train,train,test,train,train,train,train,train,train,train,train,train,train,train,train,test,train,train,train,test,train,test,train,test
train,train,train,train,train,train,test,train,train,test,train,train,train,train,train,train,test,train,train,train,test,train,test,train
train,train,test,train,test,train,train,test,test,train,train,test,train,train,train,train,train,test,train,train,train,train,train,train
train,train,train,train,train,test,test,test,train,test,train,train,train,train,train,train,train,train,train,train,train,train,test,train
test,train,train,train,train,train,train,train,train,test,train,train,train,test,train,test,train,train,train,test,train,train,train,train
train,train,train,test,train,train,train,train,train,train,train,train,test,train,test,train,train,train,test,train,train,train,train,train
train,test,train,train,train,test,train,train,train,train,test,train,train,train,train,train,test,train,train,train,test,train,train,train
train,train,train,train,test,train,train,train,test,train,train,train,train,train,train,train,train,train,test,train,train,train,test,test
test,train,train,test,train,test,test,train,train,train,test,train,train,train,train,train,train,train,train,train,train,test,test,train
train,train,train,train,train,train,train,train,train,train,train,train,train,train,train,train,train,train,train,train,train,train,test,train
train,train,train,test,train,train,train,train,train,test,train,train,train,test,train,train,train,train,train,train,train,train,test,train
train,test,train,train,train,train,train,train,train,train,test,train,train,train,train,train,train,train,test,train,train,test,train,train
train,train,train,train,train,train,train,train,train,train,train,train,test,train,train,train,test,train,test,train,test,train,train,train
train,train,test,test,train,train,train,train,train,test,test,train,test,train,train,train,test,test,train,train,train,train,train,train
test,train,train,train,test,train,train,test,train,train,train,test,train,test,train,train,train,train,train,train,train,train,train,train
test,train,test,train,train,train,test,train,test,train,train,train,test,train,train,train,train,train,train,train,train,train,train,train
test,train,train,test,train,test,train,train,train,test,test,train,train,train,train,train,train,test,train,train,train,train,train,train
test,train,train,train,train,train,train,test,train,train,train,train,train,train,train,test,train,train,train,train,train,test,train,train
train,train,test,train,test,train,train,train,train,train,train,train,test,train,train,train,train,train,test,train,test,train,train,train
train,train,train,train,test,test,train,test,train,train,train,train,train,train,train,train,train,train,train,train,train,train,test,train
train,train,train,train,train,train,train,train,test,train,train,train,test,test,train,train,train,train,train,train,train,train,train,train
train,train,train,train,test,train,train,train,train,test,train,train,test,train,train,train,train,train,train,test,train,train,train,train
train,test,train,test,train,train,train,train,train,train,train,train,train,train,train,train,test,train,train,train,train,test,train,train
train,train,train,train,train,test,test,train,test,train,train,train,test,train,train,train,train,train,train,train,train,train,test,train
train,train,train,train,train,test,test,test,train,train,test,train,train,train,train,test,train,train,test,train,test,test,test,test
train,train,train,train,train,train,train,train,test,train,train,train,train,train,train,train,train,test,train,train,train,test,train,test
test,test,train,train,test,train,train,train,train,train,train,train,train,test,train,test,train,train,train,train,train,test,train,train
train,train,train,train,test,train,train,train,test,test,train,test,train,train,test,train,train,train,train,test,train,train,train,train
train,train,train,train,test,train,test,train,train,train,train,train,train,train,train,train,train,test,train,train,train,train,train,train
train,test,test,train,test,train,train,train,train,train,test,test,train,train,train,train,train,train,test,train,train,train,test,train
test,train,train,train,train,test,train,train,train,train,train,train,train,train,test,train,train,train,test,train,train,train,train,train
train,train,train,train,train,train,test,test,test,train,train,train,train,train,train,train,train,train,train,train,train,train,test,train
test,train,train,train,train,test,train,train,train,train,train,train,train,test,train,train,train,train,test,train,train,train,train,train
train,train,test,train,test,train,train,train,train,train,train,train,test,train,test,train,train,train,train,train,train,test,train,train
train,train,train,train,train,train,train,train,train,test,train,train,train,train,test,train,train,train,train,train,train,train,train,train
train,train,test,train,train,train,train,train,train,train,train,test,train,test,train,train,train,train,train,train,train,train,test,train
train,train,train,train,train,test,train,train,train,train,train,train,train,train,test,train,train,train,train,train,train,train,train,train
train,train,test,train,train,train,test,train,train,train,test,train,test,train,train,train,train,train,train,train,train,test,test,train
train,train,train,train,train,train,train,train,train,train,train,test,train,test,train,test,train,train,train,train,train,train,test,train
train,train,train,train,train,train,train,test,train,train,train,train,train,train,train,train,train,test,train,train,test,test,test,test
train,train,test,train,train,train,train,train,test,train,train,train,train,test,test,train,train,test,train,train,train,test,test,train
train,train,test,train,test,test,train,train,train,train,train,test,test,train,train,train,train,test,train,train,train,train,train,test
train,test,train,train,train,train,test,train,test,train,train,train,train,train,train,train,train,test,test,train,train,test,train,train
test,train,train,train,train,train,test,train,train,train,train,train,train,train,train,test,train,train,train,train,train,train,train,train
train,train,train,test,train,train,train,train,train,test,train,train,test,train,test,train,train,train,train,train,test,train,train,train
train,train,train,train,train,train,train,train,train,test,train,train,train,train,train,test,train,test,train,train,train,train,train,train
train,train,train,train,train,train,train,train,train,train,train,train,train,train,train,train,train,train,train,train,train,test,train,train
train,train,test,test,train,train,train,train,train,train,train,train,train,train,train,train,train,train,train,train,train,train,train,train
test,train,train,train,train,train,train,train,test,train,train,train,train,test,train,train,train,train,test,train,train,train,train,test
train,test,train,test,train,train,train,train,train,test,train,train,train,train,train,test,train,train,train,train,train,test,train,test
train,train,test,train,train,train,train,train,train,train,train,train,train,test,train,train,train,train,train,train,train,test,train,train
train,train,train,train,test,train,train,train,train,train,train,test,train,train,train,test,test,train,train,test,train,test,test,train
train,train,train,train,train,test,train,train,train,train,train,train,train,test,train,train,train,train,train,train,train,train,train,train
train,train,train,train,train,train,train,train,train,train,train,train,test,test,test,train,train,test,train,train,train,train,train,train
train,train,train,test,train,train,train,test,train,test,test,train,train,train,train,train,train,train,train,test,test,train,train,train
train,train,train,test,train,train,train,train,train,train,train,train,test,test,train,train,train,test,train,train,train,train,train,test
train,train,train,train,train,train,train,train,train,train,test,train,train,test,test,train,train,train,train,test,train,train,train,train
train,train,train,train,train,train,test,train,train,train,train,test,train,train,train,test,test,train,train,test,train,test,test,train
train,train,train,train,train,train,test,train,train,test,train,train,train,test,train,train,train,train,train,train,train,test,test,test
train,train,test,train,train,train,train,train,train,train,test,test,test,train,test,train,test,train,train,test,train,train,train,train
test,test,train,train,train,train,train,train,train,train,test,train,train,train,test,train,test,test,test,test,train,train,train,test
train,train,test,test,train,train,train,train,train,train,train,train,train,train,test,train,train,test,train,test,train,test,train,train
train,train,train,train,train,train,train,train,train,train,train,test,train,train,train,train,train,train,test,train,test,train,train,train
train,train,train,train,train,train,train,train,test,train,train,train,train,train,train,train,train,train,train,train,test,train,train,train
train,train,train,train,train,test,test,train,train,train,test,train,train,train,test,train,test,test,test,train,train,train,train,train
train,train,test,train,test,train,train,train,train,train,train,train,train,train,train,train,train,train,test,train,train,train,test,train
train,train,train,train,test,train,train,train,train,train,train,train,test,train,test,train,train,train,train,train,train,test,train,test
train,train,train,train,train,train,test,train,train,train,test,train,test,train,train,train,train,train,test,test,train,train,train,test
train,test,train,train,train,train,train,train,train,test,train,train,train,train,train,train,train,train,test,train,train,train,train,train
test,test,train,train,train,train,train,train,train,train,train,train,test,train,train,train,train,train,train,train,train,train,test,train
test,train,train,test,train,test,test,train,test,train,train,train,train,test,train,train,train,train,train,train,train,train,train,train
train,train,train,train,train,train,train,train,test,train,train,train,train,test,train,test,test,train,train,train,train,train,train,train
train,train,train,test,train,test,train,test,train,train,train,train,train,train,train,train,train,test,train,train,test,train,train,test
train,test,train,train,test,test,test,train,train,test,train,train,test,test,train,train,train,test,train,test,train,train,train,train
train,train,train,train,train,train,test,test,test,train,train,train,train,train,train,train,test,train,train,train,test,train,train,train
train,train,test,train,train,train,test,train,train,train,train,train,test,train,test,test,train,train,train,train,train,train,test,train
test,train,train,train,train,test,train,train,train,train,test,train,train,test,test,test,train,train,test,train,train,test,train,train
test,train,train,test,train,train,train,train,train,train,test,test,train,train,test,train,test,train,train,train,train,train,test,train
train,train,test,test,test,train,test,train,train,test,train,train,train,train,test,train,train,train,train,train,train,train,train,train
train,train,train,train,train,test,test,test,train,train,train,test,train,train,train,train,train,train,train,train,train,train,train,train
train,test,train,train,train,test,train,train,test,train,train,train,train,train,test,test,train,train,train,test,train,test,train,train
train,train,train,train,test,train,train,train,test,train,train,train,train,train,train,train,train,train,train,train,train,train,test,train
train,train,test,train,test,train,train,train,train,train,train,train,test,train,train,train,train,train,test,train,train,train,train,train
train,test,train,train,train,train,train,train,test,test,test,test,test,train,train,train,test,train,train,test,train,train,train,train
test,train,train,test,train,train,test,train,train,test,train,train,train,train,test,train,train,train,train,test,train,train,train,test
train,train,train,train,train,train,train,test,train,train,train,train,test,test,train,train,test,train,train,train,train,test,train,train
train,train,train,train,train,test,train,train,train,train,test,train,train,train,train,train,test,train,test,train,train,train,train,train
train,train,train,train,train,test,train,train,test,train,train,train,train,train,train,train,train,train,train,train,train,test,train,train
train,train,train,train,test,test,test,train,test,train,train,train,train,train,train,train,train,train,test,train,test,train,train,test
train,train,train,test,train,train,test,train,train,train,train,train,test,test,train,test,test,train,train,test,test,train,train,test
train,test,train,train,train,train,train,train,train,train,train,train,train,train,train,train,test,train,train,train,train,train,train,train
train,test,train,train,train,train,test,train,train,train,train,test,train,train,test,train,test,train,train,train,test,train,test,train
test,train,train,train,train,train,train,test,train,train,train,train,train,train,test,train,test,train,train,train,train,train,train,train
train,test,train,test,train,test,train,train,train,train,test,train,train,train,test,train,train,train,train,train,test,train,train,train
test,train,train,train,train,test,train,train,test,train,train,train,train,train,test,train,train,train,train,train,train,train,test,train
train,train,test,train,test,train,train,train,train,test,train,test,train,train,test,train,train,train,train,train,train,train,train,train
train,test,train,train,test,train,test,train,train,train,train,train,train,train,train,test,train,train,test,test,train,train,test,train
train,train,test,train,train,test,test,train,train,test,train,train,test,train,train,train,train,train,test,train,train,test,train,train
train,train,train,train,train,train,test,train,test,test,test,test,train,test,train,train,train,train,train,test,train,train,train,test
train,train,test,train,train,test,train,train,train,train,train,test,train,train,train,train,train,train,test,test,train,train,train,train
test,train,train,train,train,train,test,train,train,train,test,train,test,train,train,test,train,train,train,train,train,train,train,train
train,train,train,train,train,train,test,train,train,test,train,train,train,train,train,train,train,train,train,train,test,train,train,train
train,train,train,train,train,train,train,test,train,train,train,train,test,test,train,train,train,test,train,train,train,train,test,test
train,train,train,train,train,train,train,test,train,train,train,train,train,train,train,train,train,train,test,train,train,train,train,train
train,test,train,test,test,test,train,train,train,train,train,train,train,train,train,train,train,train,test,test,train,train,train,train
train,train,test,train,train,train,train,test,train,train,train,train,test,train,train,test,test,test,train,train,train,train,train,train
train,train,train,train,train,train,train,test,train,test,train,test,train,train,train,train,train,train,test,train,train,train,train,train
train,test,train,train,train,train,train,train,train,train,train,train,train,train,train,train,train,train,train,train,train,train,train,train
train,train,train,test,test,train,train,train,train,train,train,train,train,train,train,train,train,train,train,test,train,train,train,train
test,train,train,train,train,train,train,train,train,train,train,train,train,train,test,train,train,train,train,train,train,train,train,train
train,train,train,train,train,train,train,train,train,train,train,train,train,train,test,train,test,train,test,test,train,train,test,train
train,train,test,train,train,train,test,train,test,train,test,test,train,train,train,train,train,train,train,train,test,test,test,train
test,test,train,test,train,train,train,train,train,train,train,train,train,train,train,train,train,train,train,train,test,train,train,test
train,train,test,train,train,train,train,train,train,train,train,train,train,train,train,train,test,train,test,test,test,train,train,train
train,train,test,train,test,test,test,train,train,train,train,train,train,train,test,test,train,train,train,train,test,test,train,train
test,train,train,train,test,train,train,train,test,train,train,train,train,train,train,train,train,train,train,test,train,test,train,train
train,train,train,train,train,train,train,train,train,train,test,train,train,test,train,train,train,train,test,train,train,train,train,train
test,train,train,train,train,train,train,train,train,train,train,test,test,train,train,train,train,test,train,train,train,train,train,train
test,train,train,train,train,train,train,train,train,train,test,test,train,test,train,train,train,test,train,train,train,train,train,train
train,train,train,train,train,train,train,train,train,train,train,train,train,train,train,train,train,train,train,train,test,train,train,train
train,test,train,train,test,test,train,test,train,train,train,train,test,train,train,train,train,test,train,test,train,train,test,test
train,test,train,train,train,train,train,train,test,train,train,train,train,train,train,train,train,test,train,train,train,train,train,train
train,train,train,train,train,train,train,train,train,train,train,test,train,train,train,train,train,train,test,train,train,train,train,test
test,train,train,train,train,train,train,train,test,train,train,train,train,train,train,train,test,train,train,train,train,train,train,train
train,train,test,test,train,train,test,test,train,train,test,train,train,train,train,train,train,train,train,train,test,train,train,train
train,test,test,test,train,train,train,train,train,train,test,train,train,test,test,test,test,test,train,train,train,train,train,train
train,train,train,test,train,test,train,train,train,train,train,train,train,train,test,train,test,train,train,train,train,train,train,train
train,train,train,test,train,train,train,test,test,train,train,train,train,train,train,train,train,test,train,train,test,test,train,train
train,train,train,test,train,train,train,train,train,train,train,train,train,train,test,train,train,train,test,train,train,train,test,test
train,train,test,test,train,train,test,train,train,test,test,train,train,test,train,train,train,train,train,train,train,train,test,test
train,train,train,train,train,train,train,train,test,train,train,train,train,test,train,train,train,test,train,train,train,train,test,train
train,train,test,train,train,train,train,train,train,train,train,test,test,train,train,train,train,test,train,train,train,train,train,test
train,train,train,train,train,train,test,train,test,train,train,test,train,train,train,train,test,test,train,test,train,test,train,train
train,train,train,train,test,train,train,train,train,train,train,train,train,train,train,train,train,test,test,train,test,train,test,train
test,train,train,train,train,test,train,train,train,train,train,train,train,train,train,test,train,train,train,train,train,train,test,train
train,train,train,train,train,train,train,train,train,train,train,train,train,train,train,train,train,train,train,train,train,train,test,train
train,train,train,train,train,train,train,train,train,train,train,train,train,train,train,train,train,test,train,train,train,test,test,train
train,test,train,test,train,train,train,train,train,test,train,train,train,test,train,train,train,train,train,train,train,train,train,train
train,train,test,test,train,train,test,train,train,train,train,test,train,train,train,test,train,test,test,train,train,train,test,train
train,train,train,train,train,train,train,train,train,train,test,train,train,test,train,test,train,train,train,train,train,train,train,test
train,test,train,train,train,train,train,train,train,train,train,train,train,train,train,train,train,train,test,train,train,train,train,train
train,train,train,train,test,train,train,train,train,train,train,train,train,train,train,train,train,test,train,train,train,train,train,train
train,train,train,test,train,train,train,train,train,train,train,test,test,train,train,train,train,train,train,test,train,train,train,train
train,train,train,train,train,train,test,train,train,test,test,train,train,train,train,train,train,train,train,train,train,train,train,train
train,train,train,train,train,train,train,train,train,train,train,train,train,train,train,train,train,test,train,test,test,test,train,train
test,train,test,train,test,train,test,train,train,train,train,train,test,train,train,test,train,train,train,test,test,train,train,train
test,train,train,test,train,train,train,train,train,train,train,test,train,test,train,train,train,train,train,train,train,train,train,train
test,train,test,test,train,train,test,train,test,train,train,test,test,train,train,train,train,train,train,train,test,train,train,test
train,train,train,train,train,train,train,train,test,train,train,train,test,train,test,train,test,train,train,test,train,train,train,train
train,train,train,train,test,train,train,train,train,train,train,train,train,train,train,train,train,train,test,train,train,test,train,train
test,train,test,train,train,train,train,train,test,train,train,train,test,train,test,train,train,train,train,train,test,train,train,train
train,train,train,test,test,test,train,train,train,train,test,train,train,train,train,train,train,test,train,train,train,train,train,train
train,test,test,train,train,train,train,test,test,train,train,train,test,test,test,train,train,train,train,train,train,train,train,train
train,train,train,train,test,train,test,train,train,train,train,train,train,train,test,train,train,train,train,test,test,train,train,train
train,train,train,train,train,test,test,train,train,train,train,train,test,test,train,train,train,train,train,train,test,train,train,test
train,train,train,train,test,train,test,train,train,train,test,test,train,train,train,test,test,test,train,test,train,train,train,train
train,train,train,train,train,train,train,test,test,train,train,train,train,train,train,test,train,test,train,train,train,train,test,train
train,test,train,train,train,train,train,train,train,train,train,train,test,test,train,train,train,train,train,test,train,test,test,test
train,train,train,train,train,train,train,train,test,train,train,train,train,train,train,train,train,train,test,train,train,train,train,train
test,train,train,test,test,test,train,test,train,train,train,test,train,train,train,train,test,test,train,test,test,train,train,train
train,train,train,train,test,train,train,train,train,train,train,train,train,train,train,train,train,train,train,train,test,train,train,train
test,train,train,train,train,test,test,test,test,test,train,train,test,train,train,train,train,train,train,train,train,train,train,train
train,train,test,test,test,train,train,train,train,train,test,train,train,train,train,train,train,train,train,train,train,train,test,train
train,train,train,train,train,train,train,train,train,train,train,train,train,train,test,train,test,train,train,test,train,train,train,train
train,train,train,train,train,train,train,train,train,train,test,train,test,test,train,train,train,train,train,test,train,train,train,train
train,train,train,test,test,train,train,train,train,test,train,train,test,train,train,train,test,train,train,train,train,train,train,test
train,test,train,test,train,train,train,train,train,train,test,train,train,train,train,train,train,train,train,train,train,test,test,train
train,train,train,test,train,train,train,train,test,train,train,train,train,train,train,train,train,train,train,train,train,train,test,train
test,train,train,train,test,test,train,train,train,train,train,train,train,train,test,test,train,train,train,train,train,train,train,train
train,train,train,train,train,train,test,train,test,train,train,train,train,test,train,train,train,train,train,train,train,test,train,test
train,train,train,test,train,train,train,train,train,test,test,test,train,train,test,train,train,train,train,train,train,train,train,train
test,test,train,train,train,train,test,train,train,train,train,train,train,train,train,train,test,test,train,train,train,train,train,train
train,train,train,train,test,test,train,train,train,train,train,train,train,train,train,train,train,train,train,train,train,test,train,train
train,train,train,train,train,test,train,train,train,train,train,train,train,test,train,train,test,train,train,test,train,train,train,train
train,test,train,train,train,train,train,train,train,train,train,test,test,train,train,test,test,train,train,test,train,train,train,train
test,train,train,train,train,train,train,train,train,test,train,train,train,train,train,train,train,train,train,train,train,train,train,test
train,train,test,train,train,train,train,train,test,train,train,train,train,train,train,train,train,train,train,test,train,test,train,train
train,train,test,train,train,train,train,train,train,train,train,test,train,train,train,test,test,train,train,train,test,train,train,train
train,train,train,train,train,train,train,train,train,train,train,train,train,train,train,train,train,train,train,test,train,train,train,train
train,train,train,train,train,train,train,train,train,train,train,train,train,train,train,test,train,test,train,train,test,test,train,train
train,train,test,train,test,train,train,train,train,train,test,test,train,train,train,test,train,train,test,test,train,train,test,train
test,test,train,train,train,test,test,train,train,train,train,train,train,train,train,train,train,train,test,train,train,train,train,train
train,train,train,train,train,train,test,test,train,test,train,train,train,test,train,test,train,test,train,train,train,train,train,train
train,train,train,train,train,test,train,train,train,train,train,train,train,test,train,train,train,train,test,train,train,train,train,test
test,train,train,test,train,train,train,test,train,train,train,train,train,train,train,train,train,train,train,test,test,test,test,train
train,train,train,test,train,train,train,train,train,train,train,train,train,train,train,train,train,train,test,test,test,train,train,test
train,test,train,train,train,test,train,test,train,train,train,train,train,train,train,train,train,train,train,train,train,train,test,train
test,train,train,train,train,train,train,train,train,train,train,train,train,train,train,test,test,train,train,train,train,train,train,test
train,train,test,test,train,train,train,train,test,train,train,train,test,train,train,train,train,train,train,train,train,train,train,test
train,train,train,train,test,train,train,train,test,train,train,train,train,test,train,train,train,train,test,train,train,train,test,train
train,train,test,test,train,test,train,train,train,train,test,train,train,train,train,train,train,train,train,train,train,train,train,train
test,train,train,train,train,train,train,train,test,train,train,train,test,train,train,train,train,train,train,train,test,train,train,test
train,train,test,test,train,train,train,train,test,train,train,train,test,train,train,train,train,train,train,train,train,train,train,test
train,train,train,train,train,test,train,train,train,train,train,train,train,test,train,train,train,train,test,train,train,train,train,test
train,train,test,test,train,test,test,train,train,train,test,train,train,train,train,train,train,test,train,train,train,train,test,test
train,train,train,test,train,train,train,train,train,test,train,train,train,train,train,train,train,train,train,train,train,train,train,train
train,train,train,train,test,train,train,train,train,train,train,train,train,train,train,train,test,train,test,train,train,train,train,train
train,train,train,train,train,train,train,train,test,test,test,train,train,train,train,train,train,train,test,test,train,test,train,test
train,train,train,train,train,train,train,train,test,train,train,train,train,train,train,train,train,test,train,test,test,train,train,train
train,train,test,train,train,train,train,test,train,train,train,train,train,train,train,train,train,train,test,train,train,train,test,test
test,train,train,train,test,test,train,train,train,train,test,test,train,test,train,train,train,train,train,train,train,train,train,train
train,test,train,train,train,train,train,test,test,train,train,train,train,test,train,train,train,train,train,test,train,test,train,train
train,test,train,test,train,test,train,train,train,train,test,train,train,train,train,train,train,train,train,test,train,test,train,test
train,train,train,test,train,train,test,train,train,train,train,train,train,train,train,test,train,train,train,train,train,train,test,train
test,train,train,train,train,train,test,train,train,train,train,test,train,train,train,train,test,train,train,train,train,test,train,train
train,train,train,train,train,train,train,train,train,train,train,train,train,train,train,test,train,train,train,train,train,train,train,train
test,train,train,train,train,test,train,train,train,train,train,test,train,train,test,train,train,train,train,train,train,train,test,train
train,train,test,train,train,train,train,train,train,train,train,test,test,train,test,test,train,train,train,train,train,train,train,test
test,train,train,train,train,train,train,train,train,train,test,train,train,train,test,train,train,train,train,train,train,train,train,test
test,train,train,test,train,train,train,train,test,train,train,train,train,train,train,test,train,test,train,train,test,train,train,train
train,train,train,train,train,train,test,test,test,train,train,test,test,train,train,test,train,train,test,train,train,train,train,test
train,train,train,train,train,train,train,train,train,test,train,train,test,test,train,test,test,train,train,train,train,train,train,train
train,train,train,train,train,test,train,train,train,train,train,train,train,train,train,test,train,train,train,train,train,train,train,train
train,train,train,train,train,test,train,test,train,test,test,train,test,train,train,train,train,train,train,test,train,train,test,train
train,train,train,train,train,test,train,train,train,train,test,test,train,test,train,test,train,train,train,test,train,train,train,train
train,test,train,train,train,train,train,train,train,train,train,train,train,train,test,train,train,train,train,test,train,train,test,train
train,train,train,train,train,train,train,train,train,train,train,train,train,test,test,train,train,train,train,test,train,train,test,test
train,train,train,train,train,train,train,train,train,train,train,train,train,train,train,train,train,train,train,train,train,train,train,train
train,train,train,train,train,train,train,train,train,train,train,test,test,train,test,train,train,train,train,train,train,test,train,train
train,train,train,train,train,train,train,train,train,train,train,train,train,train,test,train,train,train,train,train,test,train,train,train
test,train,test,train,train,train,test,train,train,test,train,test,train,train,train,train,train,train,train,train,train,train,train,train
train,train,train,train,train,train,train,test,train,train,train,train,train,train,train,test,train,train,train,train,test,train,test,train
train,train,test,train,train,train,train,train,train,train,train,train,train,test,train,train,train,train,train,train,train,test,test,train
train,train,train,train,train,train,train,train,train,train,train,train,train,test,train,test,train,train,train,test,train,test,train,train
train,train,train,train,train,test,train,test,train,train,train,train,train,train,train,train,train,test,train,train,test,test,test,test
train,train,test,train,train,train,train,train,test,train,train,train,test,test,test,train,train,test,train,train,train,train,test,train
train,train,train,train,test,train,train,train,train,train,train,test,test,train,train,train,train,test,train,train,test,train,train,test
train,train,test,train,train,train,train,train,train,train,train,train,train,train,train,train,train,test,test,train,train,test,train,train
test,train,train,train,test,train,test,train,train,train,test,train,train,train,train,test,test,train,train,train,train,train,train,train
train,train,train,train,train,train,train,train,train,train,train,train,train,train,test,train,train,train,train,train,test,train,train,train
train,train,train,train,train,train,train,train,train,test,test,train,train,test,train,test,train,train,train,test,train,train,train,train
train,train,test,train,train,train,train,train,train,train,train,test,test,train,train,train,train,train,train,train,train,train,train,test
train,train,test,train,test,train,train,test,train,train,test,test,train,train,train,train,train,train,train,train,train,train,test,train
train,train,train,train,train,train,train,train,train,train,train,train,train,train,test,train,train,test,train,train,test,train,train,train
test,test,train,train,train,train,train,train,train,train,train,train,test,test,train,test,train,train,train,train,train,train,train,test
train,train,train,train,train,train,train,train,train,train,train,test,train,train,train,test,train,test,train,train,train,train,train,train
train,train,train,train,train,test,test,test,train,test,train,train,train,train,train,train,train,train,train,train,train,train,test,train
train,train,test,train,train,test,train,train,train,train,train,test,train,train,train,train,train,train,test,test,train,train,train,train
train,train,train,train,train,train,train,train,train,train,train,test,train,train,train,test,train,train,train,train,train,train,train,train
train,train,train,test,train,train,test,train,train,train,train,train,train,train,train,test,train,train,train,test,test,train,train,train
train,train,train,train,train,train,train,train,train,test,train,train,train,train,train,train,train,train,test,train,train,train,test,test
train,train,train,train,train,train,train,train,train,test,test,test,test,train,test,train,test,train,train,train,train,train,train,train
train,train,train,train,test,train,train,train,train,train,train,test,train,train,train,train,train,test,train,test,test,test,train,train
train,test,train,train,train,train,train,test,train,train,train,train,train,test,train,train,test,train,train,test,test,test,train,test
train,train,train,train,test,train,test,test,train,train,train,train,test,train,train,test,train,test,train,train,train,train,test,train
train,train,train,test,train,train,train,train,train,train,train,train,train,train,train,train,train,train,test,test,train,train,train,test
train,test,train,train,train,test,train,train,train,train,test,train,train,train,train,train,test,train,train,train,train,train,train,train
train,train,train,train,test,train,test,train,train,train,train,train,train,train,train,train,test,test,test,test,train,train,test,train
train,train,train,train,train,train,train,train,train,train,train,test,train,train,train,train,train,train,train,train,test,test,train,train
test,train,train,train,train,train,test,train,train,train,test,train,test,train,train,test,train,train,train,train,train,train,train,train
train,train,train,train,train,train,test,train,train,test,train,train,train,train,train,train,train,train,train,train,test,train,train,train
train,train,train,test,test,train,train,train,train,train,train,train,train,train,train,train,train,train,train,test,train,train,train,train
test,train,train,train,test,test,train,train,train,train,train,test,train,test,train,train,train,train,train,test,train,train,train,test
test,train,train,train,train,train,train,train,train,train,train,train,train,train,test,train,train,train,train,train,train,train,train,train
train,train,train,train,train,train,train,train,train,train,train,train,train,train,test,train,test,train,test,test,train,train,test,train
test,train,train,train,train,train,test,train,test,train,train,train,test,train,train,train,train,train,train,train,train,train,train,train
train,test,train,train,train,test,train,train,train,train,train,train,train,test,train,train,train,test,train,train,train,train,test,train
train,train,test,train,train,train,test,train,test,train,test,test,train,train,train,train,train,train,train,train,test,test,test,train
train,train,train,train,test,train,test,train,train,train,test,test,train,train,train,test,test,test,train,test,train,train,train,train
train,train,test,test,train,train,train,test,train,train,train,train,test,train,test,train,test,train,train,train,train,train,train,train
train,train,train,train,train,train,train,train,test,train,test,test,test,test,test,train,test,train,train,train,test,test,train,train
test,test,test,test,train,train,train,test,train,test,train,train,test,train,train,test,train,train,train,train,train,train,train,test
train,train,train,train,test,train,train,train,train,train,test,train,train,test,train,train,train,train,train,test,train,test,train,test
train,test,train,train,train,train,train,train,test,test,train,train,test,train,train,train,train,test,test,train,train,train,test,train
train,train,test,train,train,test,test,train,train,train,train,train,train,train,train,train,train,train,train,train,train,train,train,train
train,train,test,test,train,test,test,test,test,train,train,test,train,train,train,train,train,train,train,train,train,train,train,train
test,train,test,train,train,train,test,train,test,train,test,train,train,train,train,test,test,train,train,train,train,test,train,test
test,train,test,train,train,test,train,test,train,train,train,train,test,test,train,train,train,test,train,test,train,train,test,train
train,train,train,train,train,train,train,train,train,train,test,train,test,train,train,train,train,train,train,train,test,train,train,train
train,test,train,test,train,train,train,train,test,train,train,train,train,train,train,train,train,train,test,train,test,train,train,train
train,test,train,train,test,train,train,train,train,train,train,train,train,train,train,train,train,test,train,train,train,train,train,train
train,train,train,train,train,train,train,train,train,train,train,train,test,test,train,train,train,train,train,train,train,train,train,train
test,test,train,train,train,test,test,train,test,train,train,train,train,train,test,test,train,train,train,train,test,train,train,train
train,test,train,train,train,train,train,test,train,test,test,train,train,test,train,train,train,train,train,train,train,test,train,train
train,train,train,train,test,test,train,test,train,train,train,train,train,train,train,train,test,train,test,test,train,train,train,train
train,train,train,train,train,train,train,train,train,test,train,test,train,test,train,test,train,train,train,train,test,train,test,train
train,train,train,train,test,train,train,train,train,train,train,train,test,train,train,test,train,test,train,train,train,train,train,train
train,train,train,train,test,train,train,train,train,train,train,train,train,train,train,train,train,train,test,train,train,train,test,test
train,test,test,train,train,train,train,train,train,train,train,train,train,train,test,train,train,test,train,train,train,test,train,train
train,test,test,test,train,train,test,train,train,test,train,test,train,test,train,train,test,train,train,train,test,train,train,train
train,train,train,test,test,train,train,train,train,train,train,test,test,train,train,test,train,train,test,train,train,train,train,test
train,train,train,train,train,train,train,train,train,test,test,train,train,test,train,train,train,train,train,train,train,train,test,train
test,train,train,train,train,test,train,test,train,test,train,train,train,train,train,test,train,train,train,train,test,train,train,train
train,train,train,train,train,train,train,train,train,test,train,test,train,train,train,train,train,test,train,train,train,test,train,train
train,train,train,test,test,test,train,train,train,test,train,train,train,train,train,train,test,test,train,train,test,train,test,train
train,test,train,train,train,train,train,train,train,train,test,test,train,train,train,train,train,train,train,train,train,train,train,train
train,test,train,test,train,train,train,train,test,train,train,train,test,train,test,test,train,train,train,train,train,train,train,train
test,train,train,train,train,train,test,train,train,train,train,train,train,train,train,train,train,test,train,train,train,train,test,train
train,train,train,test,train,train,train,train,train,train,train,train,train,train,train,train,test,train,train,train,train,train,train,train
train,train,train,test,train,train,test,train,train,train,test,train,test,test,train,train,train,train,train,test,train,test,test,test
train,test,train,test,train,train,train,train,train,train,test,train,train,train,train,test,train,train,train,train,train,train,train,test
train,test,test,train,train,train,train,train,train,test,train,train,train,train,train,train,train,test,test,train,train,train,test,test
train,train,train,train,train,train,train,train,test,train,train,train,train,train,train,train,train,train,train,test,train,train,train,train
test,train,train,train,train,train,test,train,train,train,train,test,train,train,train,train,train,train,train,train,train,train,train,train
test,train,train,train,train,train,train,train,test,train,train,train,train,train,train,train,train,train,train,train,test,train,train,train
train,train,test,test,train,train,train,train,train,train,train,train,train,train,train,train,train,train,test,train,train,train,train,train
train,train,train,train,train,train,test,test,train,train,train,train,train,train,test,train,train,train,train,train,train,test,train,test
train,train,train,test,test,train,train,train,train,train,train,train,train,train,test,train,train,train,train,train,train,train,test,train
test,train,test,test,test,train,train,train,train,test,train,train,train,test,train,train,test,train,train,train,train,train,test,train
test,train,train,train,train,train,train,train,train,train,train,train,train,train,train,train,test,test,train,train,test,train,train,test
train,train,train,train,train,train,test,test,test,train,test,train,train,train,train,train,train,train,test,test,train,train,train,train
train,test,train,train,train,train,train,train,train,train,train,train,test,train,train,train,train,train,train,train,train,train,train,train
train,train,test,train,test,test,train,train,train,test,train,train,train,train,test,test,train,train,test,train,train,train,train,train
train,train,test,test,train,test,train,test,test,test,train,test,train,train,train,train,train,test,train,train,train,train,train,train
train,train,train,train,train,train,train,test,test,train,train,train,test,train,train,train,train,train,train,train,train,train,train,train
test,train,train,train,train,train,train,train,train,train,train,test,train,train,test,test,train,train,train,train,train,test,train,train
train,test,train,test,train,train,train,train,train,train,train,test,train,test,train,test,train,train,train,train,train,train,train,train
train,test,train,test,train,train,train,train,train,train,train,train,train,train,train,test,test,train,test,train,test,train,train,train
train,train,train,train,test,train,train,train,train,train,train,train,train,train,train,test,test,train,train,test,test,train,train,train
train,train,test,train,train,train,train,train,test,test,train,test,train,train,test,train,train,test,train,train,train,train,train,train
train,train,train,train,test,train,train,train,train,train,train,train,test,train,train,test,test,train,train,train,train,train,train,train
train,test,train,train,train,test,train,train,test,train,test,train,train,train,test,train,train,train,train,train,train,test,train,train
train,train,train,train,test,train,train,train,train,test,train,test,train,train,train,train,train,train,train,train,train,train,train,train
test,train,test,train,train,train,train,train,train,train,train,train,train,train,train,train,train,train,train,train,train,train,train,train
train,test,train,test,train,train,train,train,train,train,train,train,train,train,train,train,test,train,train,test,train,test,train,train
train,train,train,train,train,test,test,train,train,test,train,test,train,train,train,test,train,train,train,test,test,test,test,train
test,train,train,train,train,train,train,train,train,train,train,train,train,train,train,train,train,train,train,train,train,train,train,train
train,train,train,train,train,train,train,test,train,train,train,train,test,train,test,train,train,test,train,test,test,train,train,train
train,train,train,train,train,train,train,test,train,test,train,train,train,train,train,train,train,train,train,train,test,train,train,train
test,train,train,train,train,train,train,test,train,train,train,train,train,test,train,test,train,test,train,train,test,train,train,train
train,train,train,train,train,train,train,train,test,train,test,train,train,train,train,train,train,train,train,train,train,train,train,train
train,train,train,train,train,train,train,train,train,train,train,train,train,test,train,train,test,train,train,train,train,train,train,train
train,train,train,train,test,test,train,train,test,test,train,train,train,test,train,train,test,train,train,train,train,train,train,test
train,train,test,train,train,train,test,train,train,train,test,train,test,train,train,train,train,train,train,test,train,train,train,train
test,train,train,train,train,test,train,train,test,train,train,test,train,train,test,train,train,test,test,train,train,train,train,test
train,train,train,train,train,test,train,train,train,train,test,train,train,train,test,test,test,train,test,train,train,train,train,train
train,train,train,train,train,train,test,train,train,train,test,train,train,test,test,train,train,train,train,train,train,train,test,train
train,train,train,test,train,train,test,train,test,train,train,train,test,train,train,train,train,train,train,train,train,train,train,test
train,train,test,train,test,train,train,train,train,train,train,train,train,train,train,train,train,train,train,train,train,train,train,test
train,train,train,train,train,test,train,train,train,train,train,train,train,train,train,train,test,train,test,train,train,train,train,train
test,train,train,train,train,train,test,train,train,train,train,train,train,train,train,train,train,test,train,train,train,train,train,train
test,test,test,train,test,train,test,train,train,train,train,test,train,train,train,train,train,train,test,train,test,train,train,test
train,test,train,train,train,train,train,train,test,train,train,train,train,train,train,train,test,train,train,train,train,train,train,train
train,test,train,train,train,train,train,train,test,test,train,train,train,train,train,train,train,train,train,train,test,train,test,train
train,train,train,train,train,train,train,train,train,train,train,train,train,test,train,train,test,train,train,train,train,train,train,train
test,train,train,train,train,train,train,train,test,train,train,train,test,train,test,train,train,train,train,train,train,train,train,test
train,train,train,train,train,train,train,train,train,test,train,test,test,train,train,train,test,train,train,train,train,train,test,train
train,train,train,train,train,train,train,train,train,train,train,train,train,train,test,train,train,train,train,train,train,train,test,test
train,train,train,train,train,test,train,train,train,train,train,test,test,train,train,train,train,train,train,train,test,test,train,train
train,train,test,test,test,train,train,train,train,train,test,test,train,test,train,train,train,test,train,train,train,train,train,train
test,train,train,test,train,train,train,train,train,test,train,train,train,train,train,test,train,train,train,train,train,test,train,train
test,train,train,train,train,train,train,train,train,train,train,train,train,train,train,train,train,train,train,train,train,train,train,train
train,test,test,train,train,train,test,train,train,train,test,train,test,test,test,train,train,train,train,train,train,test,train,train
train,train,train,test,train,train,train,train,test,train,train,test,train,train,test,train,train,train,train,train,train,train,train,train
test,test,train,train,train,test,train,train,test,train,train,train,train,test,test,train,train,train,train,train,train,train,train,test
train,train,train,train,test,train,train,test,train,train,train,train,train,train,train,train,train,test,test,test,train,train,test,test
train,train,train,train,train,train,test,train,test,train,test,train,train,train,train,test,train,train,train,test,train,train,train,train
train,train,train,train,train,test,train,train,train,test,train,test,train,train,train,train,train,train,train,train,train,train,train,train
train,test,test,train,train,train,test,test,train,train,train,test,test,train,train,train,train,train,train,train,train,train,train,train
train,train,test,train,train,train,test,test,train,train,train,train,test,test,train,train,test,test,train,train,train,train,train,train
train,train,train,train,train,train,test,train,train,train,test,train,train,train,train,train,train,train,test,train,train,train,train,test
test,train,test,train,train,train,train,train,train,train,train,train,train,test,train,train,train,train,train,train,train,train,train,train
train,train,train,test,train,train,train,train,train,train,train,train,train,train,train,train,train,test,train,train,train,train,train,train
train,train,train,train,test,train,train,test,train,train,train,train,train,test,train,train,test,train,test,train,train,train,test,test
train,train,test,train,train,train,test,train,train,train,test,train,test,train,train,train,train,test,train,train,test,train,test,test
train,train,train,train,train,train,train,train,train,train,train,train,train,train,train,test,train,train,train,train,train,train,train,train
test,train,train,train,train,train,train,train,train,train,train,train,train,train,train,train,train,test,test,train,train,train,test,train
test,train,test,train,train,train,train,train,train,train,train,test,train,test,train,train,train,train,train,train,train,train,train,train
train,train,test,train,train,train,train,test,test,train,test,test,test,train,train,train,train,train,test,train,train,train,test,train
train,train,train,train,train,test,train,train,test,test,train,train,train,train,train,train,train,train,train,test,train,train,train,train
train,train,train,test,train,train,train,train,test,test,train,train,test,train,test,train,train,train,train,train,train,test,train,test
test,train,train,train,train,train,train,train,train,train,train,train,train,train,test,train,test,test,train,train,test,train,train,train
train,test,train,train,test,train,train,test,train,test,train,test,train,train,train,train,test,train,train,train,train,test,train,train
train,train,train,train,train,train,train,train,test,train,train,train,train,train,train,test,test,test,train,train,train,test,train,train
test,train,train,train,train,test,train,train,train,train,test,train,train,train,train,train,test,test,train,train,train,test,train,train
train,train,test,train,train,train,train,train,train,train,test,train,train,train,train,train,train,train,train,train,train,train,train,train
train,train,train,test,test,train,test,test,train,train,train,test,train,train,test,train,train,train,test,train,test,train,train,train
train,train,train,train,train,train,train,train,train,train,train,train,train,test,train,train,test,train,train,train,test,train,test,train
train,train,train,train,test,test,train,train,train,train,test,train,train,train,train,train,train,test,train,train,train,train,test,train
test,train,train,test,train,train,train,test,train,train,train,train,train,train,train,train,train,train,train,test,train,train,train,train
test,train,train,train,test,train,test,test,train,test,train,train,train,train,train,train,train,train,train,test,train,test,train,test
train,train,train,test,train,test,train,train,train,test,train,train,train,train,train,train,train,train,train,train,train,train,train,test
train,train,train,train,train,test,train,train,train,train,train,train,train,test,test,test,test,train,train,train,train,train,train,train
train,train,train,train,train,test,train,test,train,train,train,train,train,train,train,train,train,train,test,train,train,train,train,train
train,train,train,test,train,test,test,train,train,test,train,test,train,train,train,train,train,train,train,train,test,train,train,train
train,train,train,train,train,train,train,train,test,test,train,train,train,train,test,train,test,test,train,train,train,test,train,test
train,train,train,train,train,train,test,train,train,train,train,train,test,train,test,train,train,train,train,train,train,train,train,train
train,train,train,train,train,train,test,train,train,test,train,train,train,train,train,test,test,train,train,train,test,train,test,train
train,test,train,train,test,train,train,test,train,test,train,train,train,train,train,train,train,train,train,train,train,train,test,train
train,train,train,train,train,train,train,train,train,train,train,test,train,train,train,train,test,train,train,train,train,train,test,train
train,train,train,train,test,train,train,train,train,test,train,train,train,train,test,train,train,test,train,train,train,train,train,test
train,train,train,train,train,train,train,train,train,test,test,train,train,train,train,test,train,train,train,train,train,test,train,train
train,test,test,train,train,train,train,train,train,train,train,train,test,train,test,train,train,train,train,train,train,train,train,train
train,train,train,train,test,test,train,test,train,train,train,train,train,test,train,train,train,train,train,train,train,train,train,train
train,train,train,train,test,train,train,train,test,train,train,train,train,train,train,train,test,train,train,train,train,train,test,train
test,train,train,train,train,train,test,test,test,train,train,train,train,train,test,train,train,train,test,train,train,train,train,train
test,train,train,test,train,train,train,test,train,train,train,test,test,test,test,train,train,train,train,train,train,train,train,train
train,train,test,train,train,train,train,train,train,train,train,train,train,train,train,test,train,train,train,train,train,train,train,train
train,test,train,test,train,train,test,train,test,train,test,test,train,train,train,test,test,test,train,test,train,train,train,train
test,train,train,train,train,train,train,test,train,train,train,test,train,train,train,test,train,train,test,test,train,train,train,train
train,train,train,train,train,test,train,train,train,train,train,train,train,train,train,test,train,train,train,train,train,train,train,test
train,train,train,train,train,train,train,train,train,test,test,train,train,test,train,train,train,train,train,train,train,train,train,train
train,train,train,train,train,train,train,train,train,train,train,train,train,train,train,train,train,train,test,train,train,train,train,train
train,test,train,test,train,train,train,train,test,test,train,test,train,train,train,train,train,train,train,test,train,train,train,train
test,train,train,train,train,train,train,train,train,train,train,train,test,train,train,train,train,train,train,train,train,train,test,test
train,train,train,train,train,train,train,train,train,train,train,train,train,train,train,train,test,train,test,train,train,train,train,test
train,train,train,train,train,train,train,test,train,train,train,train,train,train,test,train,train,train,train,test,test,train,train,train
test,train,train,train,train,train,test,train,test,test,train,test,test,train,train,test,test,train,train,train,train,train,test,train
train,train,train,train,train,train,train,train,test,train,test,train,train,train,test,train,train,train,train,train,train,test,train,train
train,train,train,train,train,train,train,train,train,test,train,train,train,train,train,test,train,train,train,train,test,test,train,train
train,test,test,train,train,train,test,train,train,train,test,train,train,test,train,train,train,train,test,train,train,test,train,train
train,train,train,train,test,test,train,train,train,train,train,train,train,train,train,train,test,test,train,train,test,train,test,test
train,train,train,train,train,train,test,train,train,train,train,test,train,train,train,train,train,train,train,train,train,train,train,train
train,train,train,train,train,train,train,train,train,train,train,train,train,train,train,test,test,train,train,train,train,train,train,train
test,train,test,test,train,train,train,train,train,train,train,train,train,train,train,train,test,train,train,train,train,train,train,train
test,train,train,train,test,train,train,train,train,train,train,test,train,test,test,test,train,test,train,test,train,train,train,train
train,train,train,train,train,test,train,train,test,test,test,train,test,train,test,train,train,test,train,test,train,train,test,train
train,test,train,train,train,train,train,train,train,train,train,test,train,train,train,train,train,train,train,train,train,train,train,train
train,train,test,train,train,train,train,train,train,train,train,train,test,train,train,train,test,train,test,train,test,train,train,test
train,train,train,train,train,test,train,train,train,train,train,train,test,train,train,train,test,train,train,test,train,test,train,test
train,train,train,train,test,train,train,train,test,train,train,train,train,train,train,train,test,train,train,train,test,test,train,test
train,test,train,train,train,train,train,train,train,train,train,train,train,train,train,train,train,train,train,train,train,train,test,train
train,train,train,train,train,train,train,train,test,train,train,train,train,train,train,train,train,train,train,train,train,train,test,test
train,train,train,train,train,train,train,test,train,test,train,test,train,train,train,train,train,train,test,train,test,train,train,train
test,test,train,train,train,train,train,train,test,train,test,train,train,train,train,test,train,train,train,train,train,train,test,train
train,train,train,train,train,train,train,train,train,train,train,train,train,test,train,train,train,train,train,train,train,train,train,train
train,train,test,train,train,train,test,train,train,train,train,test,train,train,test,train,train,train,train,train,train,test,train,train
train,train,train,train,train,train,train,train,train,train,test,train,train,train,train,train,test,train,train,train,test,train,train,train
train,train,train,train,train,train,train,train,train,train,train,train,test,train,train,train,test,train,train,train,train,train,train,train
train,test,test,test,test,train,train,train,test,train,train,train,train,train,train,train,train,train,train,train,train,train,train,train
test,test,train,train,train,train,test,train,train,train,test,test,train,train,test,train,train,train,train,train,train,train,train,train
train,train,train,train,train,test,train,train,test,train,train,train,test,train,train,test,train,train,train,train,train,train,train,test
train,train,train,train,train,train,train,test,train,test,train,train,train,train,train,train,test,train,train,train,train,train,train,train
train,train,train,train,test,train,train,train,test,train,train,train,train,train,train,train,test,test,train,train,train,test,train,train
train,train,test,train,train,train,test,train,train,train,train,test,test,train,test,train,train,test,train,train,train,train,test,train
train,train,train,test,train,test,train,train,test,train,train,train,train,train,train,test,train,train,train,train,test,train,train,train
train,train,test,train,train,train,test,train,train,test,train,train,test,test,test,train,test,train,train,train,train,train,train,train
train,train,train,train,test,test,train,test,train,train,test,train,train,train,train,train,train,train,train,test,test,train,train,train
train,train,train,test,test,test,test,train,train,train,train,train,train,train,test,train,train,train,train,test,train,train,train,train
train,test,train,train,train,train,test,train,train,train,test,train,train,train,train,test,train,train,train,train,test,train,test,train
test,train,test,test,test,train,train,test,test,train,test,train,train,train,train,test,train,train,train,train,test,test,test,test
train,train,train,test,train,train,test,train,train,train,train,train,train,train,train,train,test,test,test,train,train,train,train,train
train,test,train,train,train,train,train,train,test,train,train,train,train,train,train,train,train,train,train,train,train,train,test,train
train,test,train,train,train,train,test,train,test,train,test,train,train,train,train,train,train,test,test,train,train,train,train,test
train,train,test,train,train,train,test,train,train,test,train,train,train,train,train,train,train,train,train,train,train,train,train,train
test,train,train,test,test,train,train,train,train,train,train,train,train,train,train,train,train,test,test,train,train,train,train,train
train,test,train,train,train,train,test,train,train,test,train,train,test,train,train,train,train,train,train,test,test,test,train,train
test,test,train,train,train,train,train,test,train,train,train,test,train,train,train,train,test,test,train,test,train,test,train,train
train,train,test,train,train,test,train,train,train,train,train,test,train,train,train,train,train,test,test,train,test,test,train,train
train,test,train,train,train,train,train,train,train,test,train,train,train,train,train,train,test,train,train,train,train,train,train,train
train,test,train,train,train,train,train,test,train,train,train,train,test,train,train,test,train,train,test,train,train,train,train,train
train,train,train,test,train,test,train,train,train,train,train,train,train,test,train,train,train,train,train,train,train,train,train,train
test,train,train,test,test,train,train,train,train,train,test,train,train,train,train,test,train,test,train,test,test,train,train,train
train,train,test,train,train,test,train,train,train,train,train,test,train,test,train,train,train,test,train,train,train,train,train,train
test,test,test,test,test,train,train,test,train,train,train,train,train,test,train,train,test,train,train,train,train,train,train,test
train,train,train,train,test,train,train,train,test,train,train,test,train,train,test,test,train,train,train,test,train,test,train,test
train,train,test,train,train,test,train,train,train,train,train,train,test,train,train,train,train,train,test,test,train,train,train,train
train,test,train,train,train,train,train,train,train,train,train,train,test,train,train,train,train,train,train,train,test,train,train,test
test,train,train,train,train,test,train,train,train,train,train,train,train,train,train,train,test,train,test,train,test,train,train,train
train,train,train,train,train,test,train,train,train,train,test,train,train,train,test,train,train,train,train,train,train,train,train,train
train,train,train,train,train,train,train,train,train,train,train,train,train,test,train,train,train,train,train,test,test,train,train,train
train,train,train,train,train,train,test,train,train,train,train,test,train,test,train,train,train,test,train,test,train,train,train,train
train,train,train,train,train,train,train,train,train,test,train,test,train,train,train,test,train,test,train,train,train,train,train,train
train,train,train,test,train,train,train,train,train,test,test,train,train,test,train,train,train,train,train,train,test,train,test,train
train,test,train,train,train,test,train,train,train,train,train,train,train,train,test,train,test,test,train,train,train,train,train,test
train,train,train,train,test,test,train,test,train,train,test,train,test,train,train,train,test,train,train,train,train,train,train,test
train,test,train,test,train,train,train,train,train,train,train,train,train,train,train,train,train,train,train,train,train,train,train,train
train,train,train,test,train,train,train,train,test,test,train,test,test,train,train,test,train,train,test,train,train,train,train,train
train,train,train,train,test,train,train,train,test,test,train,train,train,train,train,train,train,train,train,train,train,train,train,train
test,train,train,train,train,train,train,train,train,train,test,train,train,train,train,test,train,train,train,train,train,test,test,train
train,train,train,train,train,train,train,test,train,train,train,test,train,train,train,test,train,train,train,train,train,train,test,train
train,test,train,train,test,train,train,test,train,train,train,test,test,train,train,train,test,train,train,train,train,train,train,train
train,train,test,train,test,train,train,train,test,train,train,train,test,train,train,train,test,train,train,train,train,train,train,test
test,train,train,train,train,train,train,test,train,train,train,train,train,train,train,test,train,train,train,train,train,train,train,train
train,train,train,train,train,test,train,train,train,train,test,train,train,test,train,train,train,train,train,test,train,test,train,train
train,train,test,train,train,test,train,train,test,train,train,train,train,test,train,train,train,train,train,train,train,train,train,train
train,train,train,train,train,train,train,train,train,train,train,train,train,train,train,train,train,train,train,train,train,train,train,train
train,train,train,train,train,train,train,train,train,test,test,train,test,test,train,train,train,train,train,train,train,test,test,train
train,train,train,train,train,train,test,train,train,train,train,train,train,train,train,train,train,train,train,train,train,train,train,train
train,train,train,train,train,train,test,train,train,train,test,train,train,train,train,train,train,train,test,train,train,train,train,train
train,train,train,train,train,train,train,train,train,train,train,train,train,train,train,train,train,test,train,train,train,train,train,test
train,train,train,train,train,train,train,test,train,train,train,test,train,train,train,train,train,train,train,train,train,train,train,train
train,train,test,train,test,train,test,train,test,train,train,test,train,train,train,train,test,train,train,train,train,train,train,train
test,train,train,train,train,train,train,train,train,train,train,train,test,train,train,train,train,test,test,train,train,train,train,train
train,train,train,train,train,train,train,test,train,train,train,test,train,test,train,test,train,train,train,train,train,train,train,train
train,test,train,test,train,train,train,train,train,train,train,test,train,train,train,train,train,test,train,train,train,train,train,train
test,train,train,train,train,train,test,train,train,test,train,test,train,train,train,train,train,train,train,train,train,train,train,train
train,train,test,train,train,train,train,train,train,train,train,train,test,train,train,train,test,test,train,test,train,train,train,train
train,train,train,train,train,train,train,train,train,train,train,train,train,train,train,train,train,train,train,train,train,train,train,train
test,train,test,test,train,train,test,train,test,train,train,train,train,train,train,train,train,train,test,train,test,train,train,train
train,train,test,test,test,train,train,train,train,train,train,test,train,train,train,test,train,train,train,train,train,train,train,train
train,train,train,test,train,train,train,train,train,train,train,train,train,train,test,train,train,test,train,train,test,train,train,train
train,train,train,train,test,train,train,train,train,train,train,train,train,test,train,train,test,train,train,train,train,train,train,test
train,train,train,train,train,train,test,train,train,test,train,train,train,train,train,test,train,test,test,train,train,train,train,train
train,train,train,train,train,train,train,train,train,train,train,train,train,test,train,train,train,train,train,train,train,test,train,test
train,train,train,train,train,train,test,train,train,test,train,train,train,train,train,train,train,train,train,train,train,train,train,train
train,train,test,train,test,train,train,train,train,train,train,train,train,train,train,train,train,train,train,train,train,train,train,train
train,train,train,train,train,test,train,train,train,train,train,test,train,test,train,train,train,train,train,train,train,test,test,train
train,train,train,test,train,train,test,train,test,train,train,train,train,train,train,test,train,train,train,train,train,test,test,train
train,train,train,train,train,train,train,train,train,train,train,test,train,train,train,train,train,train,train,train,train,train,train,train
train,train,train,test,train,train,train,train,train,test,test,test,test,train,train,train,test,train,train,train,train,train,train,train
train,train,train,test,train,train,train,test,train,test,train,train,train,train,train,train,train,test,train,train,test,train,train,train
train,test,train,train,train,train,train,test,train,train,train,train,train,train,train,train,train,test,train,train,train,train,train,train
train,train,train,train,train,test,train,train,train,train,train,train,train,train,train,train,train,test,train,train,test,train,train,train
train,test,train,train,train,train,train,test,train,train,train,test,test,train,train,train,train,train,train,train,train,train,train,train
train,test,train,train,train,train,train,train,test,train,train,test,train,train,train,test,test,train,train,train,train,test,train,train
train,test,train,test,train,train,train,train,train,train,train,train,train,train,train,train,train,train,test,train,test,train,train,train
train,train,train,test,test,train,train,train,test,train,train,test,train,train,train,train,test,test,train,train,train,train,train,train
train,test,train,test,train,train,train,test,train,train,train,train,train,train,train,train,train,train,train,train,test,test,train,test
train,train,train,train,train,test,test,train,train,train,train,test,train,train,train,train,train,train,test,test,test,train,train,train
test,train,train,train,train,train,test,train,train,train,train,train,train,test,train,train,train,train,train,train,train,train,train,train
train,train,train,train,train,train,train,train,train,train,train,train,train,train,train,train,train,train,test,train,train,test,train,train
train,test,train,train,test,train,train,train,train,train,train,train,test,train,train,test,train,train,train,train,test,train,train,test
train,train,train,train,train,train,train,test,train,train,train,train,train,train,train,test,train,test,train,train,train,train,train,test
train,test,train,test,test,test,train,train,train,train,test,train,train,train,train,test,train,train,train,train,train,train,test,train
train,train,train,test,train,train,test,train,train,train,train,train,train,train,train,train,train,train,train,train,train,train,train,train
train,train,test,train,test,train,test,train,train,train,train,test,train,train,train,train,train,train,train,train,train,train,test,train
train,test,train,train,train,train,train,test,test,train,train,train,test,train,train,train,train,train,train,train,test,train,train,test
train,train,train,train,train,train,test,test,train,train,train,train,train,train,train,train,train,train,test,test,train,train,train,train
test,train,train,train,train,test,train,train,train,train,train,test,train,train,train,train,train,train,test,test,train,train,train,train
train,train,train,test,train,train,test,train,test,test,train,test,test,test,train,train,train,test,test,train,train,train,train,train
train,test,train,train,test,test,train,train,train,train,test,train,train,train,train,test,train,train,train,train,train,train,train,train
train,train,train,train,train,test,train,train,train,train,train,train,train,train,train,train,train,train,train,train,train,train,train,train
train,train,train,train,train,train,train,test,train,train,test,train,train,test,test,train,test,train,train,train,train,train,train,train
train,train,train,train,train,train,train,test,train,train,train,train,train,train,train,train,train,train,train,test,train,test,train,test
train,train,train,test,train,train,train,test,train,train,train,train,train,train,train,train,train,train,test,test,test,train,test,train
train,train,train,test,train,train,train,train,train,train,train,train,test,train,test,train,train,train,train,train,train,train,train,test
train,train,train,test,test,test,test,test,test,train,train,train,train,train,train,test,train,train,train,train,train,train,train,train
test,train,train,train,train,train,train,test,test,train,train,test,train,test,test,train,train,train,train,test,train,train,train,train
train,train,train,train,train,test,test,train,train,test,train,train,test,test,train,train,test,train,train,test,train,train,train,train
test,train,train,train,train,train,train,train,train,train,test,train,train,train,test,train,train,train,train,train,train,train,train,train
test,train,train,test,train,train,train,test,train,train,train,test,train,train,train,train,train,train,train,train,train,train,test,test
train,test,train,train,train,train,train,train,train,train,test,train,train,train,train,test,train,train,train,test,train,train,train,train
train,train,train,train,test,train,train,train,train,train,train,train,train,test,train,test,train,train,train,test,test,test,train,train
train,train,test,test,train,train,train,train,train,train,train,train,train,train,train,train,train,train,train,train,train,test,test,test
train,train,train,train,train,train,train,train,train,train,train,train,train,train,train,train,train,train,train,train,train,train,test,train
train,train,train,train,train,train,test,train,train,train,train,train,train,train,test,test,train,train,train,train,test,test,train,train
train,train,train,train,train,train,train,train,train,train,train,train,test,test,train,train,train,train,train,train,train,train,train,train
train,train,train,train,test,train,train,train,test,train,test,train,train,test,train,train,train,train,train,train,train,test,train,train
train,train,train,train,test,train,test,train,train,train,test,train,train,train,test,train,train,test,test,train,train,train,test,train
test,test,train,train,train,train,train,test,train,test,train,train,train,train,train,train,test,train,train,train,train,train,train,train
train,train,train,train,test,train,train,train,train,train,train,test,train,test,train,test,train,train,train,train,train,train,test,train
train,train,test,train,train,train,train,train,train,test,train,train,train,train,train,train,train,train,train,train,train,test,train,train
train,train,train,train,train,train,train,train,train,train,train,train,test,train,train,train,train,train,train,train,train,test,test,test
test,train,train,train,train,train,train,test,test,train,train,train,train,test,train,test,train,train,train,train,train,train,train,test
test,train,test,train,train,test,test,train,train,train,train,test,train,test,train,train,train,train,train,train,train,train,train,train
test,train,train,train,train,train,train,train,train,test,train,train,train,train,train,train,test,train,train,test,train,train,train,train
train,train,test,train,train,train,test,train,train,train,train,test,train,train,train,train,train,train,train,train,train,test,train,train
train,train,train,train,train,test,train,test,test,test,train,train,train,train,train,train,train,train,train,train,train,test,test,train
train,train,test,train,test,test,train,test,train,train,train,train,train,train,test,train,train,train,test,train,train,train,train,train
train,train,train,train,train,train,train,train,train,train,train,train,test,train,test,test,train,train,test,train,train,train,train,train
train,test,train,test,train,train,train,train,test,train,train,train,train,train,train,test,train,test,test,train,train,train,train,train
test,train,test,train,test,train,train,test,train,train,test,train,train,train,train,train,train,train,train,test,train,train,test,train
train,train,train,test,train,train,test,train,test,train,train,train,train,train,train,train,train,train,train,train,train,train,train,train
test,train,train,train,train,train,train,test,train,train,train,train,train,train,test,train,train,test,train,train,test,train,train,train
test,test,train,test,train,test,train,train,train,train,test,train,train,test,train,train,train,train,train,train,train,test,train,train
test,train,train,train,train,train,train,train,train,train,train,train,train,train,train,train,train,train,train,train,train,train,train,train
test,train,train,train,train,test,train,train,test,train,train,test,train,test,train,train,train,train,train,train,train,train,train,train
train,train,train,train,train,train,train,train,train,test,train,test,train,train,train,train,train,train,train,train,train,train,train,train
train,test,train,train,train,train,train,test,train,train,train,train,train,test,train,train,test,train,train,test,test,test,train,test
train,train,train,train,test,train,test,train,train,train,train,train,train,train,train,train,test,test,test,test,train,train,train,train
train,train,train,train,train,train,train,train,train,train,train,train,test,train,train,train,train,train,test,train,train,train,train,train
train,test,train,test,train,train,train,train,test,test,train,test,train,train,train,train,train,train,train,test,train,train,train,train
test,train,train,test,test,train,train,train,train,train,train,train,train,train,train,test,train,test,train,test,test,train,train,train
train,train,test,train,train,test,train,train,train,train,train,test,train,train,train,train,train,test,train,train,train,train,train,train
test,test,test,test,test,train,train,test,train,train,train,train,train,test,train,train,test,train,train,train,train,train,train,test
train,train,train,train,train,train,train,train,train,train,train,train,train,train,train,test,train,train,train,train,train,train,train,train
test,train,train,train,train,train,train,test,train,train,train,train,train,train,test,train,train,test,train,train,train,train,train,train
train,train,train,train,train,train,train,train,test,train,train,train,train,train,train,train,train,train,train,train,train,train,train,test
train,train,train,train,train,train,train,train,train,train,train,train,train,train,train,train,train,test,train,train,train,train,train,train
train,train,train,train,test,train,train,train,test,train,train,test,train,train,test,test,train,train,train,test,train,test,train,test
test,train,test,train,train,train,train,train,train,train,train,test,train,test,train,train,test,train,train,train,train,train,train,train
train,test,train,train,train,train,train,train,train,train,train,test,train,train,train,train,test,train,train,train,train,train,train,train
train,train,train,test,train,train,train,train,train,train,train,train,train,train,train,test,train,test,train,train,train,train,train,train
train,test,train,train,train,train,test,train,train,train,test,train,train,test,train,train,train,train,test,train,train,train,train,train
train,train,train,train,train,train,train,train,train,test,test,train,test,train,train,test,train,train,train,train,train,train,train,train
train,train,train,train,train,train,train,train,train,test,train,train,train,train,train,train,train,train,train,train,train,train,train,train
train,test,train,train,train,train,train,train,train,train,test,train,train,test,train,test,train,train,test,train,train,train,train,train
train,train,train,train,train,test,test,train,train,train,train,train,train,train,test,train,train,train,train,train,test,train,test,train
train,test,train,train,test,train,train,test,train,train,train,train,train,test,train,test,train,train,train,train,train,test,train,test
train,test,train,train,test,train,test,train,test,train,test,train,train,train,train,test,train,train,train,test,train,train,test,train
train,test,train,train,train,train,train,test,train,train,train,test,train,train,train,train,train,train,test,train,train,test,train,train
train,train,train,train,test,test,train,train,test,train,test,test,test,train,train,train,train,train,train,train,train,train,train,test
train,test,train,train,train,train,train,train,train,train,train,train,train,train,test,train,train,train,test,train,train,train,train,train
train,train,train,train,test,train,train,train,train,train,test,test,train,train,train,test,test,test,train,train,test,train,train,train
test,train,test,train,train,test,train,test,train,train,test,train,train,train,train,test,train,test,train,train,train,train,train,train
train,train,train,test,train,train,train,train,train,train,test,train,train,train,train,train,train,train,train,test,train,train,train,train
test,train,train,train,train,train,train,test,train,test,train,train,train,train,train,train,train,train,train,test,train,test,train,train
train,train,test,train,test,train,train,train,test,train,test,train,test,train,train,train,test,train,train,test,train,test,train,train
train,train,test,test,train,train,train,train,train,train,test,train,train,train,test,test,test,train,train,train,train,train,test,train
train,train,train,train,train,train,train,train,test,train,train,train,train,train,train,train,train,train,train,train,train,train,train,train
train,train,train,train,train,train,train,train,train,train,train,train,test,train,test,test,train,train,train,train,train,train,train,train
train,test,train,train,test,train,train,test,train,train,train,test,train,train,test,train,test,train,train,test,train,train,train,train
train,train,train,train,test,train,train,train,test,train,train,train,train,test,train,train,train,test,train,test,test,train,train,train
train,train,train,train,train,test,train,train,train,train,train,test,train,train,train,train,train,test,train,train,train,train,test,train
train,train,train,test,train,test,train,test,train,test,train,train,train,train,train,train,train,train,train,train,train,train,train,train
train,train,train,train,train,train,train,train,train,train,train,test,train,train,train,train,train,train,train,train,test,train,train,train
train,test,train,train,train,train,test,test,train,train,train,train,train,train,train,train,test,train,test,train,train,train,train,train
test,train,train,train,test,train,train,train,train,train,train,train,test,train,test,train,test,train,train,train,train,test,train,train
test,train,test,train,train,train,train,train,train,train,train,test,test,train,train,train,train,train,train,train,train,train,train,train
train,train,train,train,train,test,train,test,train,test,test,train,train,train,train,train,test,test,test,test,train,train,train,train
test,train,train,train,train,test,train,train,train,train,train,train,train,test,train,test,train,train,test,train,train,train,train,train
train,train,test,test,train,train,train,train,train,train,train,train,train,train,test,test,test,train,train,train,test,train,train,test
train,test,train,test,test,train,test,train,train,train,train,test,train,train,train,test,test,train,train,train,train,train,train,test
train,train,test,train,test,train,train,test,train,test,test,train,train,train,train,train,test,train,train,train,train,train,train,train
train,train,train,train,test,train,train,train,train,train,train,train,train,train,train,train,train,test,train,train,train,train,train,train
train,train,train,train,train,train,test,train,train,train,train,test,train,train,train,test,train,train,train,test,test,train,train,train
train,train,train,train,train,test,train,train,train,test,train,train,train,train,train,train,train,train,train,train,train,train,test,train
test,train,train,train,train,test,train,train,test,train,test,test,test,train,test,train,test,test,train,train,train,train,test,train
train,train,train,test,train,train,train,train,train,train,train,train,train,train,train,train,train,train,train,train,train,train,train,train
test,train,train,test,train,train,test,test,train,train,train,train,train,train,test,train,train,train,train,train,train,test,test,test
train,test,train,train,train,train,test,train,train,train,train,train,test,train,test,train,train,train,train,train,train,train,test,train
train,test,train,train,train,train,train,train,train,train,test,train,train,test,train,test,train,train,train,train,train,train,test,train
train,train,train,train,train,test,train,train,train,test,test,train,train,train,train,train,train,train,train,test,train,test,train,train
train,train,train,train,test,test,train,train,train,test,test,train,train,train,train,train,train,train,train,train,test,train,train,train
train,train,test,test,test,train,test,train,train,train,train,test,test,test,test,train,train,train,train,train,test,train,test,test
train,train,train,train,train,test,train,test,train,test,test,train,test,train,train,train,train,train,train,train,test,train,train,train
train,train,train,train,test,train,train,train,train,train,train,train,train,test,test,train,test,train,test,train,train,train,train,test
train,train,test,train,train,train,train,train,train,test,train,train,train,test,train,train,train,train,train,train,train,train,train,test
test,train,train,train,train,train,train,train,train,train,test,train,train,test,train,train,train,train,test,test,train,train,test,train
train,test,test,test,train,test,train,train,train,train,train,train,train,train,train,train,train,train,train,train,train,train,train,train
train,train,test,train,train,test,test,train,test,test,train,train,train,test,train,train,train,train,train,train,train,train,test,train
train,train,train,train,train,train,train,train,train,train,train,test,test,train,train,test,test,test,test,train,train,train,test,train
train,train,train,test,train,train,train,test,train,test,train,train,train,train,train,train,test,train,train,train,test,train,train,train
train,train,train,train,train,train,train,train,train,train,train,test,train,train,test,train,train,train,test,test,train,test,train,train
train,train,test,train,test,train,train,test,train,train,test,train,train,train,train,test,test,train,train,train,train,train,train,test
train,train,train,test,test,train,train,train,test,train,test,train,train,train,train,train,train,train,train,test,test,train,train,train
train,train,train,train,train,train,train,train,train,test,train,train,train,train,train,train,train,train,train,train,test,train,train,train
train,test,train,train,test,test,train,train,train,train,train,train,test,train,train,train,train,train,train,test,train,train,train,train
test,train,train,train,train,train,train,train,train,train,test,train,train,train,train,train,train,train,train,train,train,train,train,test
train,test,test,train,test,train,test,train,train,train,train,train,train,train,train,test,train,test,train,train,train,train,train,train
train,train,train,test,train,test,train,train,train,train,test,train,train,train,train,train,test,train,train,train,test,train,train,train
train,train,train,train,train,train,train,train,train,train,train,train,train,train,train,train,test,train,train,train,train,train,train,train
train,train,train,train,train,train,train,train,train,train,train,train,train,train,test,train,train,train,train,train,train,train,train,train
train,test,train,train,train,test,train,train,test,test,train,train,train,train,train,train,train,test,test,train,test,train,train,train
train,train,train,train,train,train,train,train,train,test,train,test,train,train,train,train,train,train,test,train,train,train,train,train
train,train,train,train,train,test,train,train,train,train,train,train,train,train,train,train,train,train,test,test,train,train,train,train
train,train,train,train,train,train,test,train,train,train,train,train,train,train,train,train,test,train,train,test,train,train,train,train
train,test,train,train,train,train,test,train,train,train,train,train,train,train,train,train,train,test,test,test,test,train,train,train
train,test,train,train,train,train,train,train,train,train,train,test,train,train,test,test,train,train,test,train,train,train,train,train
test,train,train,test,train,train,train,train,train,train,test,train,test,train,train,train,test,test,train,train,train,train,train,train
train,train,train,train,train,test,train,train,train,train,train,train,train,train,train,test,train,train,train,train,test,train,train,train
train,train,train,train,train,train,train,test,train,train,train,train,test,train,test,train,train,train,train,train,train,train,train,test
train,train,test,test,test,train,train,train,train,train,train,train,train,test,train,train,train,train,train,train,train,test,train,train
train,train,train,train,test,test,test,train,train,train,train,train,train,train,train,train,train,train,test,train,test,train,train,train
test,train,train,train,train,test,train,test,train,test,train,train,train,train,train,train,train,train,train,train,test,train,train,test
train,train,train,train,train,test,train,train,train,train,train,train,train,train,train,train,train,train,train,train,train,train,train,train
train,train,train,train,train,train,train,train,train,train,test,train,train,train,train,train,test,train,train,train,train,train,train,test
train,train,train,train,train,train,train,train,train,train,test,train,test,test,train,train,train,train,train,train,train,train,train,train
train,train,train,train,train,test,train,test,train,train,train,train,train,train,train,train,train,train,train,train,train,train,train,test
train,train,train,train,train,train,train,train,train,test,train,train,train,test,train,train,train,train,train,test,test,train,test,train
test,train,train,test,train,train,train,train,train,train,train,test,test,train,test,train,train,test,train,train,train,train,train,train
train,train,train,train,train,train,train,train,train,train,train,train,train,train,train,train,train,train,train,train,train,test,test,test
train,train,test,test,train,train,test,train,train,train,train,train,test,train,train,train,train,train,train,train,train,train,test,train
train,train,test,train,train,test,train,train,train,train,train,train,test,train,train,train,train,train,test,test,train,train,train,train
train,train,test,test,test,test,train,test,train,train,train,train,train,train,train,train,train,train,train,train,train,train,train,train
train,train,train,train,train,train,train,test,train,test,test,test,train,train,train,train,train,train,train,train,test,train,train,train
test,train,train,train,train,train,train,train,train,train,train,train,train,train,train,test,test,test,train,train,train,test,train,train
train,test,test,train,train,test,test,train,train,train,train,train,train,train,train,train,train,train,train,train,train,test,train,test
train,train,train,train,train,train,train,train,train,train,test,train,train,train,train,test,train,train,train,train,test,train,train,train
train,train,train,train,train,train,test,test,train,train,train,train,train,train,test,test,train,train,train,train,train,train,train,train
train,train,train,train,train,test,train,test,train,test,test,train,train,train,test,train,test,train,train,train,train,train,train,test
train,test,train,train,train,train,train,train,train,train,train,train,test,train,train,train,train,train,train,train,test,train,train,test
test,train,train,train,train,test,train,train,train,train,train,train,train,train,train,train,test,train,test,train,test,train,train,train
train,train,train,train,train,test,train,train,train,train,test,train,train,train,test,train,train,train,train,train,train,train,train,train
train,train,train,test,train,train,train,train,train,train,train,train,train,test,train,train,train,train,train,test,test,train,train,train
train,train,train,train,train,train,test,train,train,train,train,test,train,test,train,train,train,test,train,test,train,train,train,train
train,train,train,train,train,train,train,train,train,test,train,test,train,train,train,test,train,test,train,train,train,train,train,train
train,train,train,test,train,train,train,train,train,train,test,train,train,test,train,train,train,train,train,train,test,train,test,train
train,train,train,train,test,test,train,test,train,train,test,train,test,train,train,train,test,train,train,train,train,train,train,test
train,test,train,test,train,train,train,train,train,train,train,train,train,train,train,train,train,train,train,train,train,train,train,train
train,train,train,train,train,train,test,test,train,train,train,train,train,train,train,train,train,train,train,train,train,train,train,test
train,train,train,train,train,train,train,test,train,train,train,train,test,train,train,train,train,train,test,train,train,train,train,test
train,test,test,train,train,train,train,train,train,train,train,train,train,train,train,train,test,train,train,train,train,train,test,train
train,train,train,train,train,test,train,test,train,train,train,train,train,test,train,train,train,train,train,train,train,train,train,train
train,test,train,train,train,train,train,test,train,train,test,train,train,test,train,train,test,train,train,train,train,train,train,train
train,test,train,train,train,train,test,train,train,train,test,train,test,train,train,train,test,train,test,train,train,train,test,train
train,train,train,train,test,train,train,train,train,train,train,train,train,train,train,train,train,train,train,train,train,train,train,train
train,test,train,train,test,train,train,train,train,train,train,train,train,train,train,test,test,train,train,train,train,train,train,train
train,train,test,train,train,train,train,train,train,train,test,train,train,train,train,train,test,train,train,train,train,train,train,train
train,train,test,train,train,train,test,train,test,train,train,train,test,train,test,train,train,test,train,train,train,test,train,test
train,train,train,train,train,train,train,test,train,train,train,train,train,train,test,train,train,test,test,train,train,train,train,train
test,train,train,train,train,train,train,train,train,train,train,train,train,test,train,train,train,train,train,train,train,test,train,train
train,train,test,train,train,train,train,test,train,test,train,train,test,train,train,train,train,train,train,train,train,train,train,train
train,train,train,train,train,train,train,train,train,train,train,train,train,train,train,test,train,train,test,train,train,train,train,test
train,train,train,train,train,train,test,train,train,test,train,train,train,train,test,train,train,train,train,train,train,train,train,train
train,train,train,train,train,test,train,train,train,train,train,train,train,train,test,train,test,train,train,train,train,train,train,train
train,train,train,train,train,train,train,train,train,test,test,train,train,test,train,train,test,test,train,train,train,train,train,train
test,test,train,train,train,train,train,train,train,train,test,train,train,test,test,train,train,train,train,train,test,test,train,train
train,train,train,train,train,train,train,train,train,test,train,train,train,train,train,train,train,test,train,train,train,train,test,train
train,train,train,train,train,test,train,train,test,train,train,train,train,train,train,test,train,train,train,train,test,train,train,train
train,train,train,train,train,train,train,train,train,train,train,test,train,train,train,train,train,train,train,test,train,test,train,train
train,test,train,train,train,train,test,train,train,train,train,train,train,test,train,train,train,train,train,train,train,test,train,train
train,train,train,train,test,train,test,test,test,train,train,test,train,train,train,train,train,train,train,train,test,train,train,train
train,train,train,test,test,train,train,test,train,train,train,train,train,train,test,test,train,train,train,train,train,train,train,train
train,train,test,train,test,train,train,train,train,test,train,train,train,train,train,test,train,train,train,train,train,train,train,train
test,test,train,train,train,train,train,train,test,train,train,train,train,train,train,train,train,train,train,train,test,train,train,train
test,train,train,train,train,train,train,test,test,train,train,test,test,train,test,train,test,train,train,train,train,train,train,train
train,test,train,train,train,train,train,train,train,train,train,train,train,train,train,test,train,test,train,train,train,train,train,train
test,train,train,train,test,train,test,train,train,train,train,train,test,train,train,train,train,train,train,train,test,train,train,train
train,train,train,test,train,train,train,train,train,test,train,train,train,train,train,train,train,train,test,train,test,train,train,test
train,train,train,train,train,train,train,train,train,train,train,train,train,test,train,train,train,train,train,test,train,train,train,train
test,test,train,train,train,test,train,test,train,train,train,train,test,train,train,train,train,test,train,train,train,train,train,train
train,train,train,train,train,train,train,train,train,train,train,train,train,train,test,train,train,train,train,train,train,train,train,train
train,train,train,train,train,test,test,train,train,train,train,test,train,train,train,test,train,train,train,train,train,train,train,train
test,train,train,train,train,test,train,train,train,train,train,train,train,train,train,test,test,train,train,train,train,train,train,test
train,train,test,train,train,train,train,train,train,train,train,train,test,train,train,test,train,train,train,train,train,train,train,train
train,train,train,train,train,train,train,train,train,train,train,train,train,test,train,train,train,train,test,test,train,test,test,train
test,train,train,train,train,train,test,train,train,train,test,test,train,train,test,train,train,train,train,train,train,train,test,train
train,train,train,train,test,train,test,train,test,train,train,train,train,train,test,train,train,train,train,test,train,train,train,train
test,test,train,train,train,train,train,train,test,train,train,test,train,train,train,train,train,train,train,test,train,train,train,train
train,train,test,train,test,test,train,train,train,train,train,test,test,train,train,test,test,train,train,test,train,train,test,train
train,test,train,test,train,train,test,train,train,train,test,train,test,train,train,train,train,train,train,train,train,train,train,test
train,train,train,train,train,train,test,test,train,train,train,train,train,train,train,train,train,train,train,train,train,train,train,train
train,train,train,test,train,train,train,train,train,train,train,train,test,test,test,train,train,train,train,train,test,train,train,train
train,train,train,train,train,train,train,train,train,train,train,test,train,train,test,train,train,train,train,train,train,test,train,test
train,train,train,test,train,train,train,train,test,test,train,test,train,train,train,train,test,test,test,train,train,test,train,train
train,train,train,train,train,train,train,train,train,train,train,train,train,test,train,test,test,test,test,train,test,train,train,train
train,train,train,train,train,train,train,test,train,train,train,test,test,train,train,train,test,test,train,train,test,train,train,train
train,train,train,train,train,train,train,train,train,test,train,train,train,train,train,train,train,train,train,test,train,train,train,train
train,test,train,train,train,train,train,train,train,test,train,train,test,train,test,train,train,test,train,train,train,train,train,train
train,train,train,train,train,train,train,train,train,train,train,train,train,train,train,test,train,train,test,train,train,train,train,test
train,test,train,train,test,test,train,train,train,train,train,train,train,train,train,train,test,train,train,train,train,train,test,train
train,train,train,test,train,train,train,train,train,train,train,test,train,train,train,train,train,test,train,train,test,test,train,train
train,test,train,train,train,train,train,train,test,train,train,train,train,train,train,test,train,train,train,train,train,train,train,train
train,train,test,train,train,train,train,train,train,test,train,test,train,train,train,test,train,train,train,train,train,train,train,train
test,train,train,train,train,test,train,test,train,train,train,train,train,train,test,train,train,train,train,test,train,train,train,train
train,train,train,train,train,train,train,train,train,train,train,train,train,train,train,train,test,train,train,train,train,test,train,test
train,train,test,train,test,train,train,train,test,train,train,train,train,train,train,train,train,test,train,train,train,train,train,train
test,train,test,train,train,train,train,train,test,train,train,test,test,test,test,test,train,train,train,train,train,test,train,train
test,train,train,train,train,train,train,train,train,train,train,train,test,train,train,train,train,train,test,train,train,test,train,train
train,train,train,test,test,train,train,test,test,train,train,train,train,train,train,test,train,train,train,train,train,train,test,train
train,train,train,train,train,train,train,train,train,train,train,train,test,test,train,train,train,train,test,train,train,test,train,train
train,test,train,train,train,train,test,train,test,train,train,train,train,test,train,train,test,train,train,test,train,train,train,train
train,train,train,test,train,train,train,test,train,train,test,train,test,test,train,train,train,train,train,train,train,train,train,train
train,train,test,train,train,train,train,train,train,test,train,test,train,test,test,train,train,test,train,train,train,train,train,train
train,train,train,test,train,train,train,train,test,test,train,test,test,train,train,test,train,train,test,train,train,train,train,train
train,train,test,train,train,train,train,train,test,test,train,train,train,train,train,train,train,train,test,train,test,train,train,train
train,train,train,test,train,train,train,test,train,train,train,train,train,train,train,train,train,train,train,train,train,train,test,train
train,train,train,train,train,train,train,train,test,train,train,train,test,train,train,train,train,train,test,test,train,train,train,train
train,test,train,train,train,train,train,train,train,test,train,test,train,test,train,train,train,train,test,train,train,train,train,train
train,train,test,train,test,train,train,train,train,train,train,train,train,train,train,train,test,train,test,train,train,train,test,test
train,train,train,train,train,test,train,train,train,train,train,train,train,train,test,train,test,train,test,test,train,test,train,train
train,train,train,test,train,test,test,train,train,train,test,test,test,train,test,train,train,train,test,train,train,test,train,train
train,train,train,train,train,test,train,train,train,train,train,train,train,test,train,train,train,test,train,test,test,train,train,train
train,train,test,test,test,train,train,train,train,train,test,train,train,train,test,train,train,train,test,train,train,train,train,test
train,train,train,train,train,train,train,train,test,train,train,train,train,train,train,test,train,train,train,train,test,test,train,train
test,test,train,train,train,train,test,train,train,test,train,test,train,train,train,test,train,train,train,test,train,train,train,train
train,train,test,train,train,train,train,train,train,train,train,train,train,train,train,train,train,test,train,train,train,train,train,test
train,train,test,train,train,train,train,train,train,test,train,train,test,train,test,train,train,train,train,train,train,train,train,train
train,train,train,train,train,train,train,train,train,train,test,train,test,train,test,test,train,train,train,train,test,train,train,train
train,train,train,test,train,test,train,train,train,train,train,train,train,train,train,train,train,train,train,train,train,test,train,train
train,train,train,train,train,train,train,train,test,train,train,train,train,train,train,test,train,train,train,train,test,train,test,train
test,train,train,train,train,train,train,train,train,test,train,train,train,train,train,train,train,train,test,train,train,train,test,train
test,test,test,test,train,train,train,test,train,train,train,train,test,train,train,test,train,train,train,test,train,train,train,train
train,test,train,train,train,train,train,train,train,test,train,train,test,test,train,test,train,train,train,train,train,train,test,train
train,test,train,train,train,train,train,train,train,train,train,train,train,train,train,train,train,test,test,train,train,train,test,train
train,train,train,test,train,train,test,train,test,train,train,train,train,train,train,train,train,train,train,train,train,train,train,train
train,train,test,train,train,train,train,test,train,train,train,train,test,train,test,test,train,test,train,train,test,test,train,train
test,train,train,train,train,train,train,train,train,train,train,train,train,train,test,train,train,train,test,train,train,train,train,train
train,train,train,train,test,train,test,test,train,train,train,train,test,train,test,train,train,train,train,test,test,train,test,train
train,train,train,train,train,train,train,train,train,test,train,train,train,train,train,train,train,train,train,test,train,train,test,train
test,train,train,train,train,train,train,train,train,train,test,train,train,train,train,train,train,test,train,train,train,train,train,train
train,train,train,train,train,train,train,train,train,train,test,train,train,train,train,train,test,train,test,train,train,train,train,test
train,train,train,train,train,test,train,train,train,train,test,train,train,train,test,test,train,train,train,test,train,train,train,train
train,train,test,train,train,test,test,train,train,train,train,train,test,train,test,train,test,test,train,train,train,train,test,train
test,train,train,train,train,train,train,train,test,train,train,train,train,train,train,train,train,test,train,train,train,test,train,train
train,train,train,train,test,test,train,train,train,train,train,train,train,train,test,train,train,test,test,test,train,train,test,train
train,train,train,train,train,train,test,train,train,train,train,train,test,train,train,train,train,test,train,test,test,test,train,test
train,train,train,train,train,train,train,train,test,train,train,train,train,train,train,train,train,train,train,train,train,train,train,train
test,train,train,train,train,train,train,train,test,train,train,test,train,train,train,train,train,train,train,train,test,train,train,train
train,test,train,train,test,train,train,train,train,train,train,train,train,train,test,train,train,train,train,train,train,test,train,train
train,test,train,train,train,train,train,train,train,train,test,train,test,train,train,test,test,test,train,test,train,train,train,test
train,test,train,train,train,train,train,train,train,train,train,test,train,train,train,train,test,train,train,train,test,test,train,test
train,test,test,train,train,train,train,test,test,train,train,train,train,train,train,train,train,train,train,train,train,train,train,train
train,train,train,train,train,test,test,train,test,train,train,test,train,train,train,train,train,train,train,train,train,train,train,train
train,test,train,train,train,train,test,train,train,train,test,train,train,train,test,train,train,train,train,train,train,train,train,train
train,train,test,train,test,train,train,train,test,train,train,train,test,train,train,train,test,train,test,train,train,train,train,test
train,train,train,train,test,train,test,train,train,train,train,train,train,test,train,train,train,train,train,train,test,train,test,train
train,train,test,train,test,train,train,train,train,train,train,train,test,train,train,train,train,train,train,train,test,train,train,train
train,train,train,train,test,test,train,train,train,train,train,train,train,test,train,train,train,train,train,train,train,train,train,train
train,train,train,train,train,train,test,train,train,train,train,train,train,train,train,train,train,train,train,train,train,train,test,train
train,test,train,test,train,train,train,train,train,train,test,train,train,train,train,train,train,train,test,train,train,train,train,train
train,train,train,train,train,train,test,train,test,train,test,train,train,train,test,test,train,train,train,train,train,test,train,train
train,test,test,test,train,train,train,train,test,train,train,train,train,test,test,train,train,train,train,train,train,train,train,train
test,train,train,train,test,train,train,train,train,train,train,train,train,train,test,train,test,train,train,train,test,train,train,train
train,test,test,train,test,train,train,train,train,train,train,train,train,train,train,test,test,train,train,train,train,train,train,train
test,test,train,test,train,test,train,train,train,train,train,test,test,train,train,train,train,train,train,train,train,test,train,test
train,train,train,train,train,train,train,train,train,train,train,train,train,train,test,train,train,test,train,train,train,train,train,test
test,train,train,train,train,train,train,train,train,test,train,train,train,train,train,train,train,train,train,test,test,train,train,train
train,test,train,train,train,test,train,train,test,train,train,train,train,train,train,train,train,train,train,test,train,test,train,train
train,train,train,train,train,train,train,train,train,test,train,train,test,train,train,train,train,train,test,test,train,train,train,train
train,train,train,train,test,train,test,train,train,test,train,test,train,train,train,train,train,train,test,train,train,train,train,train
train,train,train,train,train,train,train,train,train,train,train,test,train,train,train,train,train,train,test,train,test,test,train,train
train,train,train,train,train,train,train,train,train,train,train,train,train,train,train,test,train,train,train,train,test,train,train,train
test,test,train,test,test,test,train,train,train,test,train,train,train,train,train,test,train,train,test,train,train,train,train,train
train,train,train,train,train,train,train,train,train,train,train,test,train,train,train,train,test,train,train,train,train,test,train,train
train,train,test,train,train,train,test,train,train,test,train,test,train,train,train,train,train,test,train,train,train,train,train,test
train,test,train,train,train,train,test,train,train,test,train,train,train,test,test,train,test,test,test,train,test,train,train,train
train,train,test,train,train,train,train,train,train,train,train,train,train,train,train,test,train,train,train,train,train,train,train,train
train,train,train,test,train,train,test,train,test,train,train,train,test,train,train,train,train,train,test,test,train,train,train,train
train,train,test,test,train,train,train,test,train,train,train,train,train,train,test,train,train,train,test,train,train,train,train,train
train,train,train,test,train,train,train,train,train,train,train,train,train,train,test,train,train,train,train,train,train,test,test,train
train,test,train,test,train,train,train,train,train,train,train,train,train,train,train,train,train,test,train,test,train,test,train,test
test,train,train,train,train,train,train,train,train,train,train,train,train,train,train,train,train,test,train,train,test,train,train,train
test,train,train,train,train,train,train,train,train,train,train,train,train,test,train,train,train,train,train,train,train,train,train,train
train,train,train,train,train,train,test,train,train,train,train,train,train,test,train,test,train,train,train,train,train,test,train,train
train,train,train,train,train,train,train,test,train,train,train,train,test,test,train,train,train,train,train,train,train,test,train,train
train,train,test,train,train,train,train,train,train,train,train,test,train,train,test,train,train,train,test,test,train,train,train,test
train,train,train,train,train,test,train,train,train,train,train,train,train,train,train,train,train,train,train,test,train,train,test,train
train,test,train,train,train,train,train,train,test,train,train,test,train,train,train,train,train,train,test,train,train,train,test,train
train,test,train,test,train,train,train,train,train,train,train,train,train,train,train,train,train,train,test,train,train,train,train,train
train,train,train,train,train,train,train,train,train,train,train,train,train,train,train,test,train,train,train,train,test,train,train,test
train,train,train,train,train,train,train,train,train,train,train,train,test,test,train,train,train,test,train,test,test,train,train,train
train,train,train,test,train,train,train,train,train,train,train,train,train,train,train,train,train,train,train,train,test,train,train,test
test,train,train,train,train,train,train,train,train,train,train,train,train,train,train,train,test,train,train,train,train,test,train,train
train,train,train,train,train,train,test,train,train,train,test,train,train,train,train,test,train,train,train,train,train,test,test,train
train,train,train,train,train,train,train,train,test,train,train,train,train,train,train,train,train,train,train,train,train,train,train,train
train,train,train,train,test,train,train,train,train,train,train,train,test,train,train,train,train,train,train,train,train,test,train,train
test,train,test,test,train,train,train,train,test,train,test,train,test,train,train,train,train,train,train,train,train,train,train,train
train,train,test,test,train,train,train,train,test,test,test,train,train,train,train,train,train,test,train,train,train,train,train,test
train,train,train,test,train,train,train,train,train,train,train,test,train,train,test,train,train,train,train,train,train,test,test,train
train,train,train,train,train,test,train,train,train,test,train,test,train,train,train,test,train,train,test,train,train,train,test,train
train,train,train,train,train,train,train,train,train,train,train,train,test,train,test,train,train,train,train,test,train,train,train,train
train,train,train,train,test,train,train,train,test,test,train,train,train,test,test,train,train,train,train,train,train,train,train,test
train,test,train,train,train,train,train,train,train,train,train,train,train,test,train,train,train,train,test,train,train,train,test,test
test,train,train,train,train,train,train,test,train,train,train,train,train,train,train,test,train,train,train,test,train,test,train,train
train,train,train,train,test,train,test,train,train,train,train,train,train,train,train,train,train,train,test,train,train,train,train,train
train,train,train,train,train,train,train,train,test,test,train,train,train,train,test,train,train,train,train,train,train,train,train,test
train,test,train,train,train,train,train,train,test,train,train,train,train,train,train,train,train,train,train,train,train,test,train,train
train,train,train,train,test,train,train,train,train,train,train,train,train,test,train,train,train,train,train,test,train,test,train,train
train,test,train,train,train,train,test,train,train,train,train,test,train,train,train,train,test,train,train,test,test,test,train,train
test,train,train,train,test,train,train,train,test,train,train,train,train,train,train,train,train,test,train,test,train,train,train,train
train,train,train,train,train,test,train,train,train,test,train,test,test,train,test,train,train,train,train,train,train,train,train,train
train,train,test,train,train,train,train,train,train,train,train,train,train,train,train,train,test,train,train,train,train,train,train,train
train,train,test,train,train,train,train,train,test,train,train,train,train,test,train,test,train,train,test,train,train,train,train,train
train,test,test,test,train,train,train,train,train,test,train,train,train,test,train,train,train,train,train,train,train,train,train,train
train,train,train,test,test,train,train,train,train,train,train,test,train,test,test,train,train,train,train,train,train,train,train,train
train,train,train,train,test,train,train,train,train,train,train,train,train,test,train,train,train,test,train,train,train,train,train,train
test,test,test,train,test,train,train,test,train,train,train,test,train,train,train,train,train,train,test,train,train,test,test,train
train,train,train,train,train,train,train,train,train,train,train,train,test,test,test,train,train,train,train,train,train,train,train,test
train,train,train,train,train,train,train,train,train,train,train,train,train,test,test,test,test,train,train,train,train,train,train,train
train,train,train,train,train,train,train,test,train,train,train,train,train,train,train,train,train,train,train,train,train,train,train,train
train,test,test,train,train,train,train,train,train,train,train,test,train,train,train,train,train,train,train,train,train,train,train,train
test,train,train,train,train,train,train,train,train,train,train,train,train,train,train,test,train,train,train,train,train,train,test,train
test,test,train,train,test,test,train,train,train,train,test,train,train,test,train,train,test,test,test,train,train,train,train,train
train,train,test,train,train,train,test,train,train,train,train,test,train,train,train,train,train,test,train,train,test,test,train,train
train,train,train,train,train,test,train,train,test,train,train,train,train,train,test,train,train,train,train,train,train,train,train,train
train,train,train,train,train,test,train,train,train,test,train,train,train,test,train,train,train,train,train,train,test,test,train,test
test,train,train,train,train,train,train,train,train,train,train,train,train,train,train,test,train,train,test,train,test,test,train,train
train,train,train,train,train,test,train,train,test,train,train,train,train,train,train,test,train,test,test,test,test,train,train,train
train,test,test,train,train,train,train,train,train,train,train,test,test,train,train,test,train,test,train,train,test,train,test,test
train,train,train,train,train,train,train,test,train,train,test,train,train,test,test,test,train,test,train,train,train,test,train,test
train,train,train,train,test,train,train,train,train,train,train,train,train,train,train,test,train,train,train,train,train,train,train,test
test,train,train,train,train,train,train,train,test,train,train,train,train,train,train,train,train,test,train,train,test,train,train,train
train,test,train,train,train,train,train,test,train,train,train,train,train,train,train,train,train,train,train,train,train,train,test,test
train,train,train,test,train,train,test,test,train,test,train,train,test,train,train,train,train,train,train,train,train,train,train,train
train,train,train,train,train,train,test,train,train,train,test,test,train,train,train,train,test,train,train,train,train,train,train,train
train,train,train,train,train,train,train,test,train,train,train,test,train,train,train,test,train,train,train,train,train,train,train,train
train,train,train,train,test,train,train,train,test,train,train,train,train,train,train,train,train,train,train,train,train,train,test,train
train,test,train,train,test,train,train,test,train,train,train,test,test,train,train,train,train,train,train,train,train,train,train,train
train,train,test,train,test,train,train,train,test,train,train,train,test,train,train,train,test,train,train,train,train,test,train,test
train,test,train,train,test,train,train,test,train,train,train,test,train,train,train,train,train,train,train,train,train,train,test,train
test,test,train,train,train,test,train,test,train,test,train,train,train,train,train,train,test,train,train,train,train,train,train,train
test,train,train,train,train,train,train,test,test,train,train,train,train,test,train,test,train,train,train,train,train,train,train,test
test,train,train,train,train,test,train,test,train,test,train,train,train,train,train,train,train,train,train,train,test,train,train,test
train,train,train,train,train,train,train,train,train,train,train,train,train,train,train,train,train,train,test,train,train,train,train,train
train,train,train,train,train,train,train,test,train,test,train,train,train,train,train,train,train,train,train,train,train,train,test,train
train,train,test,train,train,train,test,test,train,train,test,train,train,train,train,test,train,train,train,train,train,train,train,train
test,train,train,train,train,test,train,train,train,train,train,train,train,train,train,train,test,train,train,train,train,train,train,train
train,test,train,train,train,test,train,train,test,train,train,train,train,train,test,train,test,train,train,test,train,train,train,train
train,train,train,train,train,train,train,test,train,test,train,train,train,test,train,test,train,train,test,test,test,test,train,test
train,train,train,train,test,train,test,train,train,train,train,train,train,train,train,train,train,train,train,train,test,train,train,train
test,test,train,train,train,test,train,train,train,train,train,train,train,test,train,train,train,train,train,test,train,train,train,train
test,train,test,train,train,test,train,train,train,train,train,train,train,test,test,train,test,train,train,train,train,test,test,train
test,train,train,train,train,test,test,train,train,test,train,train,train,test,test,test,test,train,train,train,train,train,train,train
train,train,train,train,train,train,train,train,train,train,train,test,train,train,train,train,train,train,train,test,test,test,train,train
test,train,train,train,train,test,train,train,test,train,train,test,train,test,test,test,train,train,train,train,train,test,test,train
train,train,train,train,train,test,train,train,train,train,train,train,train,train,train,train,test,train,train,train,train,train,test,train
train,train,test,test,train,train,train,test,train,train,test,train,test,train,train,train,test,train,train,test,train,train,train,test
train,train,train,test,train,train,test,train,train,train,train,train,train,train,train,train,train,train,test,test,train,train,train,train
train,train,train,test,train,train,train,train,train,train,test,test,train,train,train,test,test,train,train,train,test,train,test,test
train,train,test,train,train,train,train,train,train,train,train,train,test,train,train,train,train,train,train,train,test,train,train,train
test,train,train,test,train,train,train,train,train,train,train,train,train,train,train,train,train,train,train,train,train,train,train,train
train,train,train,train,train,train,train,test,train,train,train,train,train,test,train,train,train,train,train,train,train,test,train,train
train,test,train,train,test,train,train,train,test,train,train,train,train,train,train,test,train,test,train,train,train,test,train,train
test,train,test,train,train,train,train,test,train,train,train,train,train,train,train,train,train,train,train,train,train,train,train,train
test,test,train,train,train,train,train,train,train,train,test,train,train,train,train,train,test,test,test,train,test,train,train,train
test,train,train,test,train,test,train,train,train,train,train,train,train,train,test,train,train,test,train,train,train,train,train,test
test,test,train,train,train,test,test,train,train,train,test,train,train,train,train,test,train,train,train,train,test,test,train,train
train,train,test,train,train,train,train,train,test,test,train,train,train,train,train,train,train,train,train,train,train,test,train,train
test,test,train,train,train,test,train,test,train,train,train,train,train,test,test,train,test,train,train,train,test,train,test,test
test,train,train,train,train,train,train,train,train,train,train,train,train,train,train,test,train,train,train,test,test,train,test,train
train,train,test,test,train,train,test,train,test,train,train,train,train,test,train,train,train,train,train,train,train,train,train,train
train,train,test,train,test,train,train,train,train,test,train,train,train,train,train,test,train,train,train,train,train,train,train,train
train,test,train,train,train,train,train,train,train,train,train,train,train,train,train,test,train,test,train,train,train,train,train,train
train,train,train,train,test,train,train,train,train,train,train,train,train,train,train,train,train,train,train,train,train,train,train,train
train,train,test,test,train,train,train,train,train,train,train,train,train,train,test,train,train,train,train,test,train,train,train,test
train,train,train,train,train,train,train,train,train,train,train,train,train,train,train,train,test,train,train,train,train,test,test,train
train,test,test,test,train,train,train,train,train,train,train,train,train,test,train,train,train,train,train,train,train,train,test,train
train,train,test,train,train,test,test,train,train,train,train,train,train,train,train,train,test,train,train,test,train,train,train,train
train,train,train,train,train,test,test,train,test,train,train,train,test,train,train,train,test,train,train,test,train,train,train,train
test,train,train,train,train,train,test,train,train,train,test,test,train,train,test,train,train,train,train,train,train,train,test,train
train,train,train,train,test,test,train,train,train,train,test,train,train,test,train,train,test,train,test,train,train,train,train,train
train,test,train,test,train,train,train,train,train,train,train,train,train,train,train,train,train,train,test,train,train,train,train,train
test,train,train,test,train,train,train,train,train,train,train,train,train,train,train,train,train,test,train,train,train,train,train,train
train,train,test,test,train,train,train,train,test,train,train,train,train,train,train,test,train,test,train,train,test,train,train,train
train,test,train,train,test,train,train,train,train,test,test,test,train,train,train,train,train,train,train,train,train,train,train,test
train,test,train,train,train,train,train,train,train,train,train,train,train,test,train,test,train,train,train,train,train,train,test,test
train,train,train,train,train,train,train,train,test,test,train,train,test,test,train,train,train,test,train,test,test,train,train,train
train,train,train,train,train,test,test,train,train,test,train,train,train,train,train,test,train,train,train,train,train,train,train,train
train,train,train,train,train,test,train,train,train,test,test,train,train,train,train,test,train,train,train,train,train,train,test,train
train,train,train,train,train,test,train,train,train,train,test,train,train,train,train,train,test,train,train,train,train,train,train,train
train,test,test,test,test,train,test,train,train,train,train,train,train,test,train,test,train,train,train,train,train,train,train,train
test,train,train,train,train,test,train,train,train,train,train,train,train,train,train,train,train,train,train,train,test,train,train,train
train,train,test,train,train,train,train,train,train,test,test,train,test,train,train,test,train,test,test,train,train,train,train,train
train,train,test,train,train,train,train,test,train,test,train,train,train,train,train,train,test,train,train,train,test,train,train,test
train,train,train,train,train,train,train,train,train,train,test,train,test,test,test,train,train,test,train,test,test,train,train,train
train,train,test,train,train,train,train,train,test,train,train,train,train,train,train,train,train,train,train,train,train,train,train,train
train,train,train,train,train,train,train,train,train,train,train,train,train,train,train,test,train,train,train,test,test,train,train,train
train,train,train,train,train,train,train,train,train,train,train,train,train,test,train,test,train,train,train,train,train,train,train,train
train,train,train,train,test,test,train,train,train,test,train,train,test,train,train,train,train,train,train,train,train,train,test,train
train,train,train,train,train,test,train,train,train,train,test,train,train,test,train,train,test,train,train,train,train,train,train,test
train,train,train,test,train,train,train,train,train,train,train,test,train,train,train,test,test,train,train,train,test,train,train,train
train,train,train,train,test,test,train,test,train,train,train,train,train,train,train,train,test,train,train,train,train,test,train,test
test,train,train,train,test,train,train,train,train,train,train,train,train,test,train,train,train,train,train,test,train,test,train,train
train,train,train,train,train,train,train,train,train,train,train,train,train,train,train,train,train,test,train,train,train,train,test,train
train,train,train,test,train,train,test,test,test,train,train,train,train,train,train,test,train,train,train,test,train,train,train,test
test,train,train,train,test,test,test,train,train,train,test,train,train,test,train,test,train,test,train,train,train,train,test,train
train,train,train,test,train,test,train,train,test,train,test,train,train,train,test,train,train,train,test,train,train,train,train,train
train,train,test,train,train,train,train,train,train,train,test,train,train,train,train,train,train,train,train,train,train,train,train,train
test,train,train,train,train,train,train,test,test,train,train,train,train,train,train,train,train,test,train,train,train,test,train,test
train,train,train,train,test,train,train,train,train,train,train,train,train,train,train,train,train,train,train,train,train,train,train,train
train,train,train,train,train,train,train,train,test,train,train,test,train,train,train,test,train,train,train,train,train,train,test,train
train,train,train,train,train,train,train,train,test,train,train,train,train,train,train,train,train,train,train,train,train,train,train,train
test,train,test,test,train,train,train,train,train,train,test,train,train,train,train,train,train,train,train,train,train,train,train,train
train,test,train,train,train,train,train,train,train,test,train,train,test,test,train,train,train,train,train,train,test,train,train,train
train,train,train,train,train,train,train,test,train,test,train,train,train,train,train,train,train,train,train,train,train,train,train,test
test,train,train,train,train,train,train,train,train,train,train,train,train,test,train,train,train,train,train,train,test,test,train,train
train,test,train,train,test,test,train,test,train,train,train,train,train,train,test,train,train,train,test,train,train,train,train,test
train,train,train,train,test,train,train,train,train,train,train,train,train,train,test,train,train,train,train,train,test,test,train,train
train,train,train,train,train,train,train,train,train,test,train,train,train,train,train,train,test,train,train,train,train,train,test,train
test,train,train,train,train,train,test,test,train,test,train,test,train,train,train,train,train,train,train,test,train,train,test,train
train,train,train,test,test,train,train,test,train,train,test,train,test,train,test,train,train,train,train,train,test,train,train,train
train,train,test,train,train,train,train,train,train,train,test,train,train,train,test,train,train,train,train,test,train,test,train,train
test,train,train,train,test,train,train,test,train,test,test,train,train,train,train,train,test,train,train,train,train,train,train,train
train,test,train,train,train,test,train,train,test,train,test,train,train,test,train,train,train,train,train,train,train,train,test,test
train,train,train,train,train,train,train,train,train,train,train,train,train,train,test,train,train,train,train,train,train,train,train,train
train,train,test,train,train,train,train,train,train,train,test,train,test,test,train,test,train,test,train,train,train,train,train,train
train,train,train,train,train,train,train,train,test,train,train,train,train,train,train,train,test,train,train,test,test,train,test,train
train,test,train,train,test,train,test,train,train,train,train,train,train,train,train,train,train,test,train,train,train,train,train,train
train,train,train,train,train,train,train,train,train,test,train,train,train,test,train,train,train,train,train,train,train,train,train,train
train,test,train,test,train,test,train,train,train,train,train,train,test,train,train,train,train,train,train,train,train,test,test,train
train,train,train,train,train,train,train,train,train,train,train,train,train,train,train,train,train,test,train,test,train,test,train,train
test,train,train,test,train,train,train,train,train,train,train,test,train,test,train,train,train,train,train,test,train,train,train,test
train,test,train,train,train,train,train,train,train,train,train,test,train,train,train,train,test,train,train,train,train,train,train,test
train,test,train,train,train,train,train,train,train,train,train,train,train,train,test,test,train,train,train,train,train,train,train,test
test,test,train,train,train,train,test,train,test,train,train,test,train,train,train,train,train,train,train,train,train,test,train,train
train,test,train,train,train,train,train,train,test,test,train,train,test,test,train,train,train,train,train,train,train,train,train,train
train,train,train,train,train,test,test,train,test,train,train,train,train,train,train,train,test,train,train,test,train,train,train,test
train,train,train,train,train,train,train,test,train,train,train,train,test,train,train,train,train,test,test,train,train,test,train,test
train,train,train,train,train,test,train,train,train,train,train,train,train,train,train,train,train,train,train,train,train,train,test,train
train,train,train,train,train,test,train,train,train,train,train,train,test,train,train,train,train,test,test,test,test,train,test,train
train,test,train,train,test,train,train,train,train,train,train,train,test,train,train,test,train,train,train,train,train,train,train,train
train,train,test,train,test,train,test,train,test,train,train,train,train,train,train,train,train,train,train,train,train,train,test,test
train,train,train,test,train,train,test,train,train,train,train,train,train,test,train,train,train,train,train,train,train,test,train,train
train,train,train,train,train,test,train,train,train,train,train,train,train,train,train,train,train,test,train,test,train,train,train,train
train,train,train,train,train,test,train,train,train,train,train,train,train,train,test,train,train,test,train,test,train,test,test,train
train,train,train,train,train,test,train,train,train,train,test,train,train,train,train,train,train,train,train,train,train,train,train,train
train,train,train,test,train,train,train,train,train,train,train,train,test,train,train,train,train,train,train,train,train,train,train,train
train,train,train,test,train,train,test,train,train,train,train,train,train,train,train,test,train,test,train,train,train,train,train,train
test,test,test,train,test,train,train,train,train,train,train,train,train,test,test,test,train,train,train,train,train,train,train,test
train,test,train,train,train,train,train,train,train,train,train,train,train,test,train,train,test,train,train,train,test,train,train,train
train,test,train,train,train,train,test,train,train,train,train,train,train,train,train,train,train,train,train,test,train,train,train,train
train,test,test,train,test,train,train,train,train,train,train,test,test,train,train,train,test,train,train,test,train,test,train,train
train,train,train,train,test,train,train,train,test,train,train,train,train,train,train,train,train,train,train,train,train,train,train,train
train,train,train,train,train,train,train,test,train,train,test,train,train,train,train,test,train,train,test,test,test,train,train,train
test,train,train,train,train,test,train,train,test,train,train,train,train,train,train,train,train,train,train,train,test,train,train,train
train,train,train,train,train,train,train,train,train,train,test,train,train,test,test,train,train,train,train,train,train,test,test,train
test,train,train,test,train,test,test,train,train,train,train,train,train,train,test,train,train,train,test,test,train,test,train,train
train,train,train,train,train,train,train,train,train,train,train,train,train,train,train,train,test,train,train,train,train,train,train,train
train,test,test,train,train,train,train,train,train,train,train,train,train,train,train,train,train,train,train,train,train,train,train,train
test,train,train,test,train,train,train,train,train,train,test,train,train,test,train,train,train,train,test,train,train,train,test,train
test,train,train,test,train,train,train,train,train,train,train,train,train,train,train,train,train,test,train,train,train,train,train,train
train,test,train,train,test,train,train,train,train,test,test,test,train,train,train,train,train,train,train,train,train,train,train,test
train,test,train,train,train,train,train,train,train,train,train,train,train,test,train,test,train,train,train,train,train,train,test,test
train,test,train,train,train,test,train,train,train,test,test,train,train,train,train,test,train,train,train,train,train,train,test,train
train,train,train,train,train,test,train,train,train,train,test,train,train,train,train,train,test,train,train,train,train,train,train,train
train,test,test,test,test,train,test,train,train,train,train,train,train,test,train,test,train,train,train,train,train,train,train,train
train,test,train,test,train,train,train,train,train,test,train,train,train,train,train,train,test,train,test,train,train,test,test,train
train,train,test,train,train,test,train,test,train,train,train,train,train,train,train,train,train,train,train,train,train,train,train,train
train,train,train,train,test,test,train,test,train,train,test,test,train,train,train,train,train,test,train,train,test,train,train,test
train,train,train,train,test,train,test,train,test,test,train,test,test,train,train,train,train,train,train,train,train,train,train,test
train,train,train,train,train,train,train,test,train,test,train,train,train,train,test,train,train,test,train,test,train,train,train,train
train,train,train,test,train,train,train,train,train,train,train,train,train,train,train,train,train,train,test,train,train,train,train,test
train,train,train,test,train,train,train,train,test,train,train,train,train,train,train,train,train,train,test,train,test,train,train,train
train,train,train,train,train,train,train,train,train,train,test,train,train,train,train,test,test,train,train,train,train,train,train,train
train,train,train,test,train,train,train,test,test,train,test,train,train,train,train,train,train,train,train,train,train,train,test,train
test,test,train,train,train,train,train,test,test,train,train,train,test,train,train,test,train,train,train,train,train,train,train,train
train,train,train,test,train,train,train,train,train,train,train,test,train,test,train,train,test,test,train,train,train,train,train,train
test,train,train,train,train,train,train,test,train,test,train,train,train,train,train,train,train,test,train,train,train,train,test,test
train,train,train,train,test,train,test,train,train,train,train,train,train,train,train,train,train,train,train,train,test,test,train,train
train,test,train,train,test,train,train,train,train,train,test,train,train,train,train,train,train,train,train,train,train,train,test,test
test,train,test,train,train,test,train,train,train,train,train,train,test,test,train,train,train,train,train,test,test,test,train,train
test,train,train,train,train,train,train,train,test,train,train,train,train,train,train,train,train,train,test,test,test,train,train,train
train,train,train,train,train,train,test,test,train,test,train,train,train,train,train,train,train,train,train,test,test,train,test,train
train,train,train,train,train,train,train,train,train,test,test,train,train,train,train,train,train,train,train,train,train,train,train,train
test,train,test,train,train,train,test,train,train,train,train,train,train,train,train,train,train,train,train,train,train,train,train,train
train,train,test,test,train,train,train,test,train,test,train,train,train,train,train,train,train,train,train,test,test,train,train,train
train,test,train,test,train,test,train,train,train,train,test,train,test,train,train,test,train,train,train,train,train,train,train,train
train,train,test,train,train,train,train,train,train,train,train,test,train,train,train,train,test,train,test,train,train,train,test,train
train,train,train,test,test,train,train,test,train,train,test,train,test,train,train,test,train,train,train,train,train,train,train,train
train,train,train,train,train,train,test,train,train,test,test,test,test,train,train,test,train,train,train,train,train,train,test,train
train,train,train,train,train,train,train,train,train,train,train,train,train,train,train,test,train,train,test,train,train,train,train,train
train,train,train,train,train,train,train,train,train,train,train,train,train,train,train,train,train,train,train,train,train,train,train,test
train,train,test,train,train,train,train,train,train,train,train,train,train,train,test,train,train,train,train,train,train,test,train,train
test,train,train,train,train,test,train,train,train,train,train,train,train,train,train,train,train,train,train,train,test,train,train,train
test,train,train,train,test,test,train,train,test,train,train,test,train,train,test,train,train,train,train,test,train,train,train,train
train,train,train,train,train,test,train,train,train,train,train,test,train,test,train,train,train,train,train,train,train,train,train,train
train,test,test,train,train,train,train,train,train,train,train,train,train,train,train,train,train,test,train,train,train,train,train,test
train,train,train,train,train,test,test,test,train,train,train,train,train,train,train,train,test,train,test,train,train,train,test,test
train,train,train,train,train,train,train,train,test,train,train,train,train,train,train,train,test,train,train,train,train,train,train,test
train,train,train,train,train,test,test,test,train,train,test,train,test,train,train,train,test,train,test,train,train,train,test,test
train,test,train,train,train,train,train,train,train,train,train,train,train,train,train,train,test,train,train,test,train,train,train,train
train,train,test,train,train,test,train,test,train,test,train,train,train,train,train,train,train,train,train,train,train,train,train,test
train,train,train,train,train,train,test,train,test,test,test,train,train,train,train,train,train,train,train,test,train,train,train,train
train,train,train,test,test,train,train,train,train,test,train,train,train,train,train,test,train,train,train,train,train,test,train,train
train,train,train,train,train,train,train,train,train,test,train,train,train,test,train,test,test,test,train,train,train,train,test,train
train,train,train,train,train,train,train,test,train,train,train,train,train,train,test,train,train,train,test,train,train,train,train,train
train,train,train,train,test,test,test,train,train,train,train,train,test,train,test,train,train,test,train,train,test,test,train,train
test,train,train,train,test,train,train,train,test,test,train,train,train,test,test,train,test,test,train,train,train,train,train,train
train,train,test,test,train,train,train,train,train,train,train,train,train,train,train,train,train,test,train,train,train,train,test,train
train,train,train,train,train,test,train,train,train,train,train,train,train,train,test,train,train,train,train,test,train,train,test,train
train,test,train,train,train,train,train,train,train,train,train,train,train,test,test,train,test,train,train,train,train,test,train,train
train,train,train,train,train,train,train,train,train,test,train,train,train,train,train,train,train,train,train,train,train,train,train,train
train,train,train,train,train,train,test,train,train,train,test,train,train,train,train,train,train,test,train,train,train,test,test,train
train,train,train,train,test,train,train,train,train,train,train,train,train,train,train,train,train,train,test,train,train,train,train,train
train,train,train,train,train,train,train,train,test,train,test,train,train,train,train,train,train,train,train,train,train,train,train,train
train,train,test,test,test,train,train,train,train,train,test,train,train,train,train,test,test,train,train,train,train,train,test,train
train,train,train,test,train,train,test,train,train,test,train,train,train,train,train,train,train,train,test,test,train,train,train,train
test,train,train,train,train,train,test,train,train,test,train,test,test,train,train,train,test,test,train,test,train,train,train,train
test,train,train,train,train,train,train,test,train,train,train,train,train,train,train,test,train,test,test,train,train,train,train,train
train,train,train,train,train,test,train,test,train,train,train,train,train,train,train,test,train,train,train,train,train,train,train,train
train,train,train,train,train,train,test,test,train,train,train,train,train,train,train,train,train,train,test,train,test,test,test,train
train,test,train,train,train,train,train,train,train,train,train,train,train,train,train,train,train,train,train,train,train,train,train,train
train,test,train,train,train,train,train,train,train,test,train,test,train,train,train,train,train,train,train,train,train,train,train,train
train,train,train,train,test,train,train,test,train,train,test,test,train,train,train,train,train,train,train,test,train,test,train,train
train,train,test,train,train,train,test,train,train,test,test,test,test,train,train,train,train,train,train,train,train,test,train,train
train,train,train,train,train,train,train,train,train,train,train,train,test,test,train,train,test,test,train,train,test,train,train,train
train,test,train,train,train,test,train,train,train,train,train,test,train,train,train,train,train,train,train,test,train,test,train,train
train,train,test,test,test,train,train,train,train,train,train,train,train,test,train,train,train,train,train,test,train,train,test,test
train,train,train,test,test,test,train,train,train,train,train,train,train,train,train,train,train,train,train,train,train,train,test,train
train,train,test,train,test,train,test,test,test,train,test,test,train,train,train,train,train,train,train,train,test,train,train,train
test,train,test,train,train,train,train,train,train,train,train,train,train,train,train,test,test,train,train,train,train,train,train,train
train,train,train,train,test,test,train,train,train,train,test,train,test,test,train,train,train,train,test,test,test,train,train,test
train,train,train,train,train,train,test,train,test,test,train,train,train,test,test,train,train,train,train,train,test,train,train,train
train,train,train,train,train,train,train,train,train,train,train,train,train,train,test,train,test,train,train,train,test,train,test,train
test,train,train,train,train,test,train,train,train,train,test,train,train,train,test,train,test,train,train,train,train,train,train,train
train,train,train,test,train,test,train,train,test,train,train,train,train,train,train,train,train,train,train,train,train,train,test,train
test,train,train,test,train,train,train,train,train,train,train,train,train,train,train,train,test,test,train,train,train,train,train,train
train,train,train,train,train,train,train,train,train,train,train,train,train,test,train,train,train,test,train,train,train,train,test,train
train,train,train,train,train,train,train,train,train,train,train,train,train,test,test,train,train,train,train,train,train,train,test,test
train,train,train,test,train,train,train,train,test,train,test,train,train,test,test,train,test,train,train,test,test,train,test,train
test,train,train,train,train,train,train,train,train,train,train,train,train,train,train,test,train,train,train,train,train,train,train,train
test,train,train,test,train,train,train,test,train,test,train,train,train,train,train,test,train,train,train,train,train,train,train,test
train,train,test,train,train,train,train,train,train,train,train,train,train,train,train,test,test,test,test,test,train,test,train,test
train,train,train,train,train,train,test,train,train,test,train,train,train,train,train,train,test,train,train,test,train,train,train,train
test,train,train,train,train,train,train,train,test,train,train,train,train,train,test,train,train,train,test,train,train,train,train,train
train,train,train,train,test,train,train,train,train,train,train,train,train,train,train,train,train,test,train,test,test,train,test,train
train,train,train,train,train,train,train,train,train,train,train,train,train,train,train,train,train,train,test,test,train,train,test,train
test,train,train,train,train,train,train,train,test,train,test,test,test,train,train,train,train,train,train,test,train,train,train,train
train,train,train,test,test,test,train,train,train,train,train,train,train,train,train,train,train,test,train,test,train,train,train,test
train,test,train,train,train,test,test,train,test,train,train,test,train,train,train,train,train,train,train,train,train,train,train,train
test,train,train,train,train,test,train,train,train,test,train,train,test,train,test,train,train,train,test,train,train,train,test,train
train,train,train,train,train,train,test,train,train,train,train,train,train,train,train,train,test,train,train,test,train,train,train,train
train,train,test,train,train,train,train,train,test,train,train,train,train,test,train,train,test,train,train,train,train,test,train,train
test,train,train,test,train,train,train,train,train,test,train,test,train,test,train,train,test,train,test,test,train,train,train,train
test,train,train,train,test,test,train,test,train,train,test,test,test,test,train,train,train,train,train,test,train,train,train,train
train,train,test,test,train,train,train,train,train,train,train,train,train,test,train,train,test,test,train,train,train,train,train,train
train,test,train,train,train,train,train,train,train,test,train,train,train,train,train,test,train,train,train,train,train,train,train,train
test,train,train,test,test,train,train,test,train,train,train,train,train,train,test,train,train,test,train,train,train,train,train,test
train,train,train,test,train,test,train,test,train,train,train,train,test,train,train,train,train,test,test,train,train,train,train,train
train,test,train,train,train,train,train,train,train,train,train,train,train,train,train,test,train,train,train,test,train,train,test,train
train,test,test,test,train,train,train,train,train,test,train,train,train,test,train,train,train,train,test,train,train,train,train,train
train,train,train,train,train,train,train,train,train,train,train,train,train,train,test,train,train,train,test,train,test,test,train,train
train,test,test,train,train,test,train,train,train,test,test,train,train,train,train,train,train,train,test,train,train,train,train,train
train,test,train,test,train,train,train,train,test,train,test,train,train,train,train,train,train,test,train,train,test,train,test,train
train,test,train,train,train,train,test,train,train,train,train,train,train,train,test,train,train,train,train,train,train,train,test,train
train,train,train,train,test,train,train,train,train,test,train,train,train,train,train,train,train,test,test,train,test,train,train,test
test,train,train,train,test,test,train,train,train,train,test,train,train,test,test,train,train,train,test,test,train,train,train,train
train,train,train,train,test,train,train,test,test,train,train,train,train,train,test,test,train,test,train,train,train,test,train,test
train,train,train,test,train,test,test,train,test,train,train,train,train,train,train,train,train,train,train,train,test,train,train,train
train,train,train,train,test,train,test,train,train,train,train,train,train,train,train,test,train,train,train,train,test,train,train,train
test,test,train,train,train,train,test,train,train,train,train,train,train,train,train,train,train,test,train,train,train,train,train,test
train,train,train,train,train,test,train,train,test,train,train,test,train,test,test,train,train,train,train,train,train,train,test,train
train,train,train,train,test,train,test,train,train,test,test,train,test,test,train,train,train,train,test,train,test,test,test,test
train,train,train,test,train,test,train,train,train,train,test,train,train,train,train,train,train,train,train,train,train,train,train,train
train,train,test,train,train,train,train,train,train,test,test,train,test,train,train,test,train,test,test,train,train,train,train,train
train,train,train,train,train,train,test,test,test,test,train,train,train,test,train,train,train,test,train,test,test,test,train,train
train,train,train,train,train,train,test,train,train,train,train,train,train,test,train,train,train,train,train,train,train,train,train,train
test,train,train,test,train,train,train,train,train,train,train,train,train,train,test,train,train,test,test,test,train,test,train,train
train,test,train,train,train,train,train,train,train,train,train,train,train,train,train,test,train,train,test,test,train,train,train,test
train,train,train,train,train,train,train,train,test,train,test,train,test,train,train,test,train,train,train,train,train,train,test,train
train,train,train,train,train,train,train,train,train,train,train,train,train,train,train,train,test,train,train,train,train,train,train,train
train,train,train,train,train,train,train,train,test,train,train,train,train,train,train,train,train,train,train,train,train,train,train,train
train,train,train,test,train,train,test,train,train,test,train,train,train,train,train,train,train,train,test,train,test,train,test,train
train,train,train,train,test,train,train,train,test,test,train,train,train,train,test,train,train,train,test,train,train,train,train,train
train,test,train,train,train,test,train,train,train,train,train,train,train,train,train,train,train,train,train,train,test,train,train,train
train,train,test,test,train,train,train,train,test,train,train,train,train,train,train,test,train,train,train,train,train,train,train,train
test,train,train,train,train,train,train,train,train,train,train,train,test,train,train,test,train,train,train,train,test,train,train,train
test,test,train,test,train,train,train,train,test,test,train,train,train,train,train,train,test,train,train,train,test,train,train,train
train,train,train,train,train,train,test,train,train,train,train,train,train,test,train,train,train,train,train,train,train,test,train,train
train,train,train,train,train,train,train,train,train,train,train,train,train,train,train,test,train,train,train,train,train,train,train,train
train,train,train,test,test,train,train,test,test,train,train,test,train,train,train,train,train,train,train,train,test,train,train,train
train,train,test,train,train,train,test,test,test,train,train,train,train,test,train,train,train,train,train,train,test,test,train,train
train,train,test,train,train,train,train,train,train,train,train,train,test,train,train,train,train,train,train,train,train,train,test,train
train,test,train,train,train,train,test,train,test,train,train,train,train,train,test,train,train,test,train,train,test,train,test,train
test,train,train,train,train,train,train,train,train,train,train,train,train,test,train,train,train,test,train,train,train,train,train,train
test,train,train,train,train,train,train,train,train,train,train,train,train,train,test,train,train,train,train,train,train,train,test,train
train,train,train,train,train,train,train,train,train,train,train,test,train,train,train,train,train,test,train,train,train,test,train,test
train,train,train,train,train,train,train,train,train,train,train,test,train,train,test,test,train,test,train,train,train,test,train,train
train,train,train,train,train,train,train,train,train,test,train,train,train,train,train,test,train,test,train,train,train,train,train,train
train,train,train,train,train,train,train,train,train,train,train,train,test,test,test,test,train,train,test,test,test,train,train,train
train,test,train,test,train,test,train,train,train,test,train,train,train,test,train,train,train,train,train,train,train,train,test,train
train,train,test,train,train,train,train,test,train,test,train,train,train,train,train,train,test,train,train,train,test,train,train,test
train,train,test,train,train,train,train,train,test,train,train,train,train,train,train,train,train,train,train,train,train,train,train,train
train,train,train,train,test,test,train,train,train,test,train,train,test,train,train,train,train,train,train,train,train,train,test,train
train,test,train,train,test,train,test,train,test,test,test,train,train,train,train,train,train,test,test,test,train,train,test,train
test,train,train,train,train,test,train,train,test,train,train,train,train,train,train,train,train,train,train,train,test,train,train,train
train,test,test,train,train,train,train,train,train,train,train,train,train,train,train,train,train,train,train,train,train,train,train,train
train,train,train,test,train,train,train,train,test,train,train,train,train,train,train,train,train,train,test,train,test,train,train,train
train,train,train,train,train,test,train,train,train,train,train,train,train,train,test,train,train,train,train,test,train,train,test,train
train,test,train,train,train,train,train,train,train,train,train,train,train,test,test,train,test,train,train,train,train,test,train,train
train,test,train,test,test,train,train,train,train,train,train,train,test,test,train,train,train,train,train,train,train,test,train,train
test,test,train,train,train,test,train,train,train,train,train,train,train,test,train,train,train,train,train,train,train,train,train,test
test,train,train,train,train,train,train,test,train,test,train,train,train,test,train,train,train,train,train,test,train,train,test,train
train,test,train,test,train,train,train,train,test,train,train,train,train,test,train,train,train,train,train,train,train,train,train,train
train,train,train,train,test,train,train,train,train,train,train,train,train,train,train,train,train,train,test,train,train,train,train,train
train,train,train,train,train,train,train,train,test,train,test,train,train,train,train,train,train,train,train,train,train,train,train,train
test,train,train,train,train,test,train,train,train,train,train,test,train,train,train,train,train,train,train,train,train,train,train,train
train,train,test,test,train,train,train,train,train,train,train,train,train,train,train,train,train,train,train,test,train,train,train,test
train,train,train,test,train,train,test,train,train,test,train,train,train,train,train,train,train,train,test,test,train,train,train,train
train,train,train,train,train,train,train,train,test,train,train,train,train,test,train,train,train,train,train,train,train,test,test,train
train,train,train,train,train,train,test,train,train,test,train,test,test,train,train,train,test,test,train,test,train,train,train,train
train,train,train,test,train,train,train,train,train,train,train,train,train,test,train,test,train,train,train,train,train,train,test,train
test,train,train,train,train,train,train,test,train,train,train,train,train,train,train,test,train,test,test,train,train,train,train,train
train,train,train,train,train,test,train,test,train,train,train,train,train,train,train,test,train,train,train,train,train,train,train,train
train,train,train,train,train,train,test,test,train,train,train,train,train,train,train,train,train,train,test,train,test,test,test,train
train,train,test,train,train,train,test,train,train,test,test,test,test,train,train,train,train,train,train,train,train,test,train,train
train,train,test,train,train,train,test,train,train,train,test,train,train,train,train,train,test,train,train,train,train,test,train,train
train,train,train,train,train,test,train,train,test,train,train,train,train,train,train,train,train,train,train,train,train,train,train,train
train,test,train,test,train,train,train,train,train,train,train,train,train,train,train,train,train,train,train,train,train,train,train,test
train,train,train,train,train,train,train,train,train,train,train,train,train,train,train,test,train,train,test,train,train,train,train,train
train,train,train,train,train,train,train,train,train,train,train,train,test,train,test,train,train,train,train,test,test,test,train,train
train,train,train,test,test,test,train,test,train,test,train,train,train,train,train,train,train,train,test,test,train,train,train,train
train,test,test,train,train,test,test,train,train,train,train,train,train,train,train,test,train,test,train,train,train,test,train,train
test,train,train,train,train,test,train,train,train,train,train,train,train,train,train,test,train,train,train,train,test,train,train,train
test,train,train,train,test,train,train,train,train,train,test,train,train,train,test,train,test,train,train,train,test,train,train,train
train,train,train,test,train,test,train,test,train,train,train,train,train,train,train,train,train,train,train,test,train,train,train,train
train,train,train,train,test,test,train,train,train,test,train,train,train,train,train,train,test,test,test,train,test,train,test,train
train,test,train,train,train,test,train,train,train,train,train,train,test,train,test,train,train,train,train,train,train,train,train,test
test,test,train,train,train,train,test,train,train,test,train,train,train,train,train,train,train,test,train,train,train,train,train,train
test,test,train,train,train,train,train,train,train,train,train,train,train,train,train,train,train,test,test,test,test,test,test,test
train,train,train,train,train,train,test,train,train,train,train,test,train,train,train,train,test,train,train,test,train,train,train,test
train,train,train,test,train,train,train,train,train,train,train,train,test,train,test,train,train,train,train,train,train,test,test,test
train,test,test,test,train,train,train,test,train,train,train,train,train,train,train,train,train,train,train,train,train,train,train,train
train,train,train,train,train,train,train,train,train,train,train,train,train,test,train,train,train,train,train,train,train,train,test,train
test,train,train,train,train,train,train,train,test,train,train,train,train,train,train,train,train,train,train,train,train,train,train,train
train,train,train,test,train,test,test,train,train,test,train,train,test,train,test,train,test,train,train,train,train,train,test,train
train,train,train,train,train,train,train,train,train,train,test,train,train,train,train,test,test,test,train,test,train,train,train,train
train,train,train,train,train,train,train,test,train,train,train,test,train,test,train,test,test,test,train,train,train,train,train,train
train,test,train,test,train,train,train,test,train,train,test,train,train,train,test,train,train,train,train,train,train,train,train,test
test,train,train,test,train,train,test,train,train,test,train,train,train,train,train,train,train,test,train,train,train,train,train,train
train,train,train,train,train,test,train,train,train,train,train,train,train,train,train,test,train,train,train,train,train,test,train,train
test,train,test,train,train,train,test,train,train,train,train,test,test,train,train,train,train,train,test,train,train,train,train,train
train,train,train,train,train,train,train,train,test,train,train,train,test,train,train,train,train,test,train,test,train,train,test,train
train,train,train,test,train,train,train,train,train,train,train,train,train,train,train,train,test,train,train,test,train,train,train,train
test,train,train,train,train,train,train,train,train,train,train,train,train,train,train,train,train,train,train,train,test,test,train,train
test,test,train,train,train,train,test,test,test,test,train,train,test,train,train,train,train,train,train,train,train,test,train,train
train,train,train,train,train,train,test,train,train,train,train,train,train,train,train,train,train,train,train,test,test,train,train,test
train,train,train,train,train,train,train,test,train,train,train,test,train,train,train,train,train,train,train,train,test,train,train,test
train,train,train,train,train,train,train,train,train,test,test,train,train,train,train,train,test,train,train,train,train,train,train,test
train,test,train,train,train,train,train,test,train,train,train,train,train,test,train,train,train,test,train,train,train,train,train,train
train,train,train,train,train,test,train,train,train,train,train,train,train,train,train,train,train,train,test,train,train,train,train,test
test,train,train,train,train,train,train,train,train,train,test,train,train,train,train,train,train,train,train,train,train,test,train,train
train,test,train,test,train,test,train,train,train,test,train,test,train,train,train,train,train,train,train,train,test,test,train,train
train,train,train,test,train,train,train,train,train,train,train,test,test,train,train,test,train,train,train,test,train,train,train,train
train,train,train,train,train,train,train,train,test,train,train,train,train,train,train,train,train,train,train,train,train,train,train,train
train,train,train,train,train,test,train,train,train,test,train,train,train,train,train,train,test,train,train,test,train,train,train,train
train,train,train,test,train,train,train,train,train,train,train,train,test,test,test,test,train,test,train,train,train,train,train,train
train,train,train,train,train,train,test,train,test,train,test,train,test,train,train,train,train,train,train,train,train,test,train,train
train,train,train,train,train,train,train,test,test,train,train,train,train,train,test,train,test,train,train,test,train,train,test,test
train,train,train,train,train,train,train,train,train,train,train,train,train,train,train,train,train,train,test,train,test,test,train,train
test,test,test,train,test,train,train,train,test,train,train,train,train,train,train,train,train,train,train,test,train,train,train,train
train,train,test,train,train,train,train,train,train,train,train,test,train,train,train,train,train,test,train,test,train,test,test,train
train,train,train,train,train,train,train,train,train,test,test,train,train,train,train,train,train,train,train,train,train,train,train,train
train,train,train,test,train,train,train,test,train,train,train,train,train,train,train,train,train,train,train,train,train,train,test,test
train,test,test,train,train,train,train,train,train,train,test,train,train,train,train,train,train,train,test,train,train,test,train,train
test,train,train,train,train,train,train,train,train,train,train,train,train,train,train,test,train,train,train,train,train,train,train,train
train,train,train,train,train,train,test,train,train,train,test,train,test,test,train,train,train,train,train,train,test,train,test,train
train,train,train,train,train,train,train,train,train,test,train,train,train,train,train,train,test,train,train,test,train,train,train,train
train,test,test,train,test,test,test,train,test,train,train,train,test,test,train,train,train,train,train,test,train,train,train,train
train,train,train,train,train,train,train,train,train,test,train,train,train,train,test,train,train,train,train,train,test,train,train,train
train,train,train,train,train,train,train,test,train,train,train,train,train,train,train,train,train,train,train,train,train,train,train,train
train,test,train,train,train,train,train,train,train,train,train,test,train,test,train,train,train,train,test,train,train,train,train,train
train,test,train,train,train,train,train,test,train,train,train,train,train,train,train,train,train,train,train,train,train,train,train,test
train,train,train,train,test,train,test,train,test,train,test,train,train,train,train,train,train,train,train,train,train,train,train,test
train,test,train,train,train,test,train,test,train,train,train,train,train,train,train,train,train,train,train,train,train,train,train,train
train,train,train,train,train,train,train,test,train,train,train,train,train,train,train,train,train,train,train,train,train,test,test,test
train,train,train,train,train,test,test,train,train,train,train,train,train,train,test,train,train,train,test,test,train,train,train,train
test,train,train,train,train,test,train,train,train,test,train,test,train,train,train,train,train,train,train,train,test,test,train,train
train,train,train,test,train,train,train,train,train,train,test,train,train,train,train,train,test,train,test,train,train,train,train,train
train,train,train,train,train,train,train,train,train,train,train,train,test,test,train,train,test,test,train,train,test,train,train,train
train,test,train,train,train,test,train,train,train,train,train,test,train,train,train,train,train,train,train,test,train,test,train,train
train,train,test,test,test,train,train,train,train,train,train,train,train,test,train,train,train,train,train,test,train,train,test,train
train,train,train,test,test,test,train,train,train,train,train,train,train,train,train,train,train,train,train,train,train,train,test,train
train,train,test,train,test,train,test,test,test,train,test,test,train,train,train,train,train,train,train,train,test,train,train,train
train,train,test,train,train,train,train,train,train,train,train,train,train,train,train,test,test,train,train,train,train,train,train,train
train,train,train,train,train,train,train,train,train,train,train,train,train,test,train,train,train,test,train,train,train,train,test,train
train,test,train,train,train,test,test,train,train,train,train,train,test,train,train,train,test,train,train,test,train,train,train,train
train,train,train,train,train,train,train,train,train,train,train,train,train,test,test,train,train,train,train,train,train,train,test,test
train,train,train,train,train,test,train,train,train,test,train,test,train,test,train,test,train,train,test,train,train,test,train,train
train,train,test,train,train,train,train,train,train,train,train,train,train,train,train,test,test,test,test,test,train,test,train,test
train,train,train,train,test,train,test,test,train,train,train,train,train,train,test,train,train,train,train,train,train,train,train,train
test,train,test,train,train,train,train,train,train,train,test,train,test,train,train,train,train,train,train,train,train,test,train,train
train,train,train,train,train,train,test,train,train,test,train,train,train,train,train,train,test,train,train,test,train,train,train,train
train,train,train,train,train,train,train,train,train,train,train,train,train,train,train,train,train,train,train,test,train,train,train,train
test,train,train,train,train,train,train,train,test,train,train,train,train,train,test,train,train,train,test,train,train,train,train,train
test,train,train,train,train,train,test,train,train,train,train,test,train,train,train,train,test,train,train,train,train,test,train,train
train,train,train,train,train,test,train,train,train,test,train,train,train,train,train,train,train,train,train,test,train,train,test,train
train,test,train,train,train,train,train,train,test,train,train,train,test,test,train,train,train,train,train,train,train,train,train,test
train,train,test,train,train,train,train,test,train,train,train,train,test,train,train,train,train,train,train,train,train,test,train,train
train,train,train,test,train,train,train,test,train,train,train,train,train,test,test,train,train,train,test,train,train,train,train,train
train,train,train,train,train,train,train,train,train,train,test,test,train,train,train,train,test,train,train,test,train,train,train,train
train,train,test,train,train,test,train,test,train,test,train,train,train,test,train,train,train,train,train,train,train,train,test,train
train,train,train,test,train,train,test,test,test,test,train,test,train,train,test,test,train,test,test,test,train,train,train,test
train,train,train,test,train,train,train,test,train,train,test,train,train,train,train,train,train,train,train,test,train,test,train,train
train,train,train,train,test,train,train,train,test,train,train,train,train,train,train,train,train,train,train,train,test,train,test,train
train,train,test,train,train,train,train,test,train,train,train,test,train,train,train,train,train,train,train,train,train,train,train,train
train,train,train,train,train,train,train,test,train,train,train,train,train,train,train,train,test,train,train,test,train,train,train,train
train,train,test,test,train,train,train,train,train,train,train,train,train,train,test,train,train,train,train,train,test,test,test,train
train,train,train,train,train,train,train,train,train,train,train,train,train,train,test,train,train,test,train,test,train,test,train,test
test,test,train,train,train,test,test,train,train,train,train,test,test,test,train,train,test,test,train,train,train,train,train,train
train,test,train,train,train,train,train,train,train,train,train,train,train,train,train,train,train,train,train,train,train,train,train,train
test,train,train,train,train,train,train,train,train,train,train,test,test,test,train,test,train,train,test,train,train,test,train,train
train,train,train,train,test,train,train,test,test,test,test,train,train,train,train,train,train,train,train,train,train,train,train,train
train,train,train,train,train,train,test,test,train,test,train,train,train,train,train,train,train,train,train,test,train,train,test,test
train,train,train,test,train,train,train,test,train,train,test,train,train,train,test,train,train,train,train,train,test,train,train,train
test,train,train,train,train,train,test,train,train,train,train,train,test,train,train,train,train,train,train,train,train,train,test,train
train,train,test,train,train,train,test,train,train,train,test,train,train,train,train,train,train,train,train,train,train,test,train,train
train,train,test,train,train,train,train,train,train,train,train,train,train,train,train,test,test,train,test,train,train,train,train,train
train,train,train,train,train,train,train,train,test,train,test,train,test,train,train,test,train,train,train,train,train,train,test,train
train,train,train,train,test,train,test,train,train,train,train,train,train,train,train,train,train,train,train,train,train,train,train,train
train,train,train,test,train,train,train,train,train,train,train,train,train,train,train,train,train,train,test,train,train,train,test,train
test,train,test,train,train,test,train,train,train,train,train,test,train,train,train,test,train,train,train,train,train,train,train,test
train,train,test,train,train,train,train,train,train,train,train,train,train,train,test,test,train,test,train,train,train,train,train,train
train,train,train,train,train,test,train,train,train,train,train,train,test,train,train,test,test,test,train,train,test,test,train,train
test,train,train,train,train,train,train,train,train,train,train,train,train,test,train,train,train,train,train,train,train,test,train,train
train,train,train,test,train,train,train,test,train,test,train,train,train,train,test,train,train,train,train,train,train,train,train,train
train,train,train,train,test,train,train,train,train,test,train,train,train,train,train,train,test,test,test,train,train,test,train,test
test,train,train,train,train,train,train,train,train,train,train,train,test,train,train,train,train,train,train,train,test,train,train,train
train,train,test,test,train,train,train,train,train,train,test,train,test,train,test,train,train,train,train,train,train,train,test,train
train,train,train,test,train,train,test,train,train,train,train,train,train,test,train,train,train,train,train,train,train,train,train,train
train,train,train,test,train,test,train,train,train,train,train,test,train,train,train,train,train,test,train,train,train,train,train,train
test,train,train,train,train,train,train,train,train,train,train,train,train,train,train,train,train,train,train,train,train,train,train,test
train,train,train,train,train,train,train,train,train,train,train,train,train,train,train,train,test,train,train,train,train,train,train,train
train,train,train,train,train,train,train,train,train,train,train,train,train,test,train,train,test,test,train,train,train,test,train,train
train,train,test,train,train,train,test,test,train,train,train,train,train,train,train,train,train,train,train,train,test,train,test,train
train,train,train,train,train,train,train,train,train,test,train,train,train,train,train,test,train,train,train,train,train,test,train,train
test,train,train,train,train,train,train,train,train,test,test,test,test,train,test,test,test,train,train,train,train,train,train,train
train,train,test,train,train,train,train,test,train,test,train,train,train,train,test,train,train,train,train,train,train,test,train,train
test,test,test,train,train,train,train,train,train,train,train,train,train,test,test,test,test,train,train,train,train,test,train,train
train,train,train,train,test,train,train,train,train,train,train,train,train,train,train,train,train,train,train,train,train,train,train,train
train,train,train,train,train,train,train,train,test,train,train,train,test,train,test,train,test,train,train,test,train,train,train,train
train,train,train,test,train,train,train,test,train,train,test,train,train,train,train,train,train,train,train,train,train,train,test,train
train,test,train,test,test,train,train,train,train,train,train,test,train,test,train,train,train,test,test,test,test,train,train,test
train,train,train,test,train,train,train,train,train,train,test,train,train,train,test,train,train,train,train,train,train,train,train,test
train,test,test,train,train,train,train,train,train,train,test,train,test,train,train,train,train,train,train,train,train,test,test,test
train,train,test,test,train,train,test,test,train,train,train,train,test,train,train,train,train,train,train,train,train,train,train,train
train,train,train,train,test,train,train,train,train,train,train,test,train,train,train,train,train,train,train,test,train,train,train,train
test,train,train,train,train,train,test,train,train,train,train,train,train,train,test,test,train,train,train,test,train,test,train,train
train,test,train,train,train,train,train,train,test,train,test,train,test,train,train,test,train,train,test,train,train,train,train,train
train,train,train,train,train,train,train,test,train,train,train,train,train,train,train,train,test,train,train,test,train,train,train,train
train,train,train,train,train,test,train,train,train,train,test,train,train,test,train,train,train,train,train,train,train,test,train,train
train,train,train,train,train,train,train,train,test,train,train,train,train,train,train,train,train,train,train,train,train,train,train,train
test,train,train,test,train,test,train,test,train,train,train,train,train,train,train,test,train,train,train,train,train,test,train,train
train,train,train,train,train,train,train,train,train,test,train,train,train,train,train,test,train,train,train,train,train,train,train,train
train,train,train,train,train,train,train,train,train,train,train,train,test,train,train,train,train,train,train,train,train,train,train,train
train,train,train,train,test,test,test,test,test,train,train,train,train,train,train,test,train,train,train,train,train,test,train,train
train,train,train,train,train,test,train,train,train,test,train,train,train,test,train,train,train,test,train,test,test,train,test,train
train,train,test,test,train,test,train,train,train,train,train,train,train,train,test,train,train,train,train,train,train,test,train,train
train,train,train,train,train,train,train,train,train,test,train,train,train,train,train,test,train,train,train,train,train,train,train,train
test,train,train,train,train,test,test,train,train,test,train,test,train,train,train,train,train,train,train,train,train,train,test,train
train,train,test,train,train,train,train,train,train,train,train,test,train,train,train,train,train,train,test,train,train,train,train,train
train,train,train,train,train,train,train,train,train,train,train,train,train,train,train,test,train,train,train,train,train,test,train,train
train,train,train,train,train,train,train,test,test,test,train,train,train,train,train,train,train,train,train,train,train,train,train,train
train,train,train,train,train,train,train,train,train,test,train,train,test,train,train,train,train,train,train,train,train,train,train,train
train,train,train,train,test,train,test,train,train,train,train,train,train,train,train,train,train,train,train,test,test,train,train,test
train,train,train,train,train,train,train,train,train,train,test,train,train,test,train,test,test,train,train,test,test,train,train,train
train,test,train,train,train,test,train,train,train,train,train,train,train,train,train,train,train,train,train,train,test,train,train,train
train,train,test,train,test,train,train,train,test,train,test,train,train,train,train,train,train,train,test,train,train,test,test,train
train,train,train,train,train,train,train,train,train,train,train,train,train,test,train,test,test,test,train,test,train,test,test,train
train,train,train,train,test,test,test,test,test,train,train,train,train,train,train,train,test,train,train,train,train,train,train,train
train,test,test,test,train,train,train,train,train,train,train,train,train,test,train,train,train,train,train,train,train,train,train,test
train,train,train,train,train,train,test,train,train,train,train,train,train,train,test,train,train,train,test,train,train,train,test,train
train,train,train,train,train,test,train,train,train,train,train,train,train,train,test,train,train,test,test,train,train,train,train,train
train,train,train,test,train,train,train,test,train,train,train,test,train,train,train,test,train,train,train,train,test,train,train,train
train,train,train,train,train,train,train,train,test,train,train,train,train,train,train,train,train,train,test,train,train,train,train,train
train,test,train,train,train,train,train,test,train,train,train,train,test,test,train,train,train,train,train,train,train,train,test,train
train,train,train,train,test,train,train,test,train,train,train,train,test,train,train,test,train,train,test,train,train,train,train,train
train,test,train,train,train,train,train,train,test,test,train,train,train,test,train,train,test,test,train,train,train,test,train,train
train,train,train,train,train,train,train,train,train,train,train,test,train,test,train,train,train,train,train,train,train,train,train,train
train,train,train,train,train,train,test,train,train,train,train,test,train,train,train,test,test,train,train,test,train,train,test,test
train,test,train,train,train,test,train,train,train,train,train,train,train,train,train,test,train,train,train,train,train,train,train,train
train,train,train,test,train,train,train,train,train,train,train,train,train,train,train,test,train,train,train,train,train,test,train,train
test,train,train,test,test,train,train,train,train,test,train,train,train,test,train,train,train,test,train,train,test,train,train,train
train,train,test,train,train,train,train,train,train,test,train,train,train,test,train,train,test,train,train,test,train,train,train,train
train,test,test,train,test,train,train,train,train,train,train,train,train,train,train,train,train,train,test,train,train,test,train,train
train,train,train,test,train,train,train,train,test,train,train,test,train,train,test,train,train,train,train,train,train,train,train,train
test,test,test,train,train,test,train,train,test,train,train,train,train,train,train,train,train,train,train,test,train,train,train,train
train,train,train,train,train,train,train,train,train,train,train,train,train,test,train,train,train,train,train,test,train,train,test,test
train,train,train,train,train,train,test,train,test,train,train,train,train,train,train,test,train,train,train,train,train,train,train,train
train,train,train,train,train,test,test,train,train,train,train,train,train,test,train,train,test,train,train,train,train,train,train,train
train,train,train,train,test,train,train,train,train,train,train,train,train,train,train,train,test,train,train,train,train,train,train,train
train,train,test,test,train,train,train,train,test,train,train,train,train,train,train,test,train,train,train,train,train,train,train,train
test,train,test,train,train,train,train,test,train,test,train,train,train,train,train,train,train,train,test,train,test,train,train,train
train,train,train,train,test,train,train,train,train,train,train,test,train,train,train,train,train,train,train,test,train,train,train,train
test,train,train,train,train,train,train,train,train,train,train,train,train,train,train,train,train,train,train,train,train,train,test,train
train,train,train,train,train,train,train,train,train,train,train,train,train,train,train,train,train,train,train,train,train,train,train,train
train,train,train,train,train,train,train,train,train,train,train,train,train,test,test,train,train,train,train,train,test,train,train,train
train,train,test,train,train,train,train,train,train,train,test,test,test,train,train,train,train,train,train,train,test,train,train,train
train,train,test,train,test,test,train,train,train,train,train,test,test,train,train,train,train,test,train,train,train,train,train,train
test,train,train,train,train,train,train,test,train,train,train,train,train,test,train,train,train,test,train,train,train,train,train,train
train,train,test,train,test,train,train,test,train,test,train,train,train,test,train,train,test,test,test,train,train,train,train,test
train,train,train,train,test,train,train,test,train,train,train,train,train,train,train,train,train,test,test,train,train,train,train,test
train,test,test,train,train,train,train,train,train,train,train,train,test,train,train,train,train,train,train,train,train,train,train,train
test,train,train,train,train,test,train,train,train,train,train,train,test,test,train,train,train,train,test,train,train,train,train,train
train,train,train,train,test,train,train,train,train,train,train,train,test,train,train,train,train,train,train,train,train,test,train,train
test,train,train,train,train,train,train,train,test,train,train,test,test,train,train,train,train,train,train,test,train,train,test,train
train,train,train,train,train,test,train,test,train,train,train,train,test,train,train,train,test,train,test,train,train,train,train,train
train,train,train,train,test,train,train,train,train,train,train,train,test,train,test,train,test,train,train,train,train,train,train,train
test,train,train,train,train,train,train,train,train,train,train,train,train,train,train,train,train,train,train,train,test,train,train,train
test,test,train,test,train,train,train,train,test,train,train,train,train,train,test,train,test,train,train,train,train,train,train,train
train,train,train,train,train,train,test,train,train,train,train,train,train,test,train,test,train,train,train,train,train,train,train,train
test,train,test,train,train,train,train,test,train,test,train,train,train,train,test,train,train,train,train,train,train,train,train,train
train,train,train,test,train,train,test,train,train,train,test,test,test,train,train,train,train,train,train,test,train,train,train,train
train,train,train,train,train,train,train,train,train,test,train,train,train,train,train,test,test,train,train,test,train,train,train,train
test,test,train,train,train,train,train,train,train,train,test,train,train,test,test,train,train,train,train,train,train,test,test,train
test,train,train,train,train,train,train,train,train,train,test,train,test,test,train,train,train,train,train,train,train,train,train,train
train,train,train,train,train,train,train,test,train,train,train,test,train,train,train,test,train,test,test,train,train,train,train,train
train,train,train,train,train,train,train,train,train,test,test,train,train,train,train,train,test,train,train,train,train,train,train,test
train,train,train,test,train,train,train,train,train,train,test,train,train,train,train,train,train,train,train,train,train,test,train,test
train,train,train,train,train,train,train,train,test,test,train,test,train,train,test,train,train,train,test,train,train,train,train,train
train,test,train,train,test,test,train,train,train,test,train,test,train,train,train,train,train,train,train,train,train,train,train,train
test,train,test,train,train,train,train,train,train,test,train,train,test,train,train,train,train,train,train,test,train,test,train,train
train,train,train,train,train,train,test,train,train,train,train,train,train,train,train,train,train,train,train,train,train,train,train,train
test,test,train,train,train,train,train,train,train,train,test,train,test,train,train,train,train,train,train,test,test,train,train,train
test,train,train,train,train,train,train,train,train,train,train,train,train,train,train,train,train,test,test,test,train,train,test,test
train,train,train,test,train,test,train,train,train,test,train,train,train,train,train,test,train,train,train,train,train,test,train,train
train,test,train,train,test,train,train,train,train,test,train,test,train,train,train,test,train,train,train,train,train,train,train,train
train,test,test,train,train,train,train,train,train,train,train,test,train,train,train,test,train,train,train,train,train,train,train,train
test,train,train,train,train,test,train,test,train,train,train,test,train,train,train,train,train,train,train,train,train,train,train,train
train,test,train,train,train,train,train,train,train,train,train,train,train,train,train,train,test,test,test,train,train,test,train,train
test,train,train,train,train,train,train,train,train,test,train,train,train,train,train,train,train,train,test,train,train,train,train,train
train,train,train,test,train,train,train,train,test,train,test,test,train,train,test,test,train,train,train,train,test,train,train,test
train,train,train,test,train,train,train,train,train,train,train,train,train,train,train,train,train,train,test,test,train,train,train,train
train,test,train,train,train,train,train,test,train,train,test,train,test,train,train,train,train,train,train,train,train,train,test,train
train,train,train,train,train,train,train,train,train,train,train,train,train,train,train,test,test,train,train,train,train,train,train,train
train,train,train,train,train,test,test,test,train,train,train,test,test,test,train,train,train,train,test,train,train,train,train,train
train,train,train,train,train,train,train,test,test,train,test,train,train,test,test,train,train,train,train,train,train,train,train,train
test,train,train,train,test,train,test,train,train,train,train,train,train,train,train,train,train,train,train,train,train,train,train,train
test,train,train,train,train,test,train,train,train,train,train,test,train,train,train,train,train,train,train,train,test,train,test,train
train,test,train,train,train,train,test,train,train,train,train,train,train,test,train,train,train,train,train,train,train,test,train,train
train,train,test,train,train,train,test,train,train,test,train,train,train,train,test,train,train,test,train,train,test,train,train,train
train,train,test,train,train,train,test,test,test,train,train,train,train,test,train,train,train,train,train,train,test,test,train,train
train,train,test,test,train,train,train,train,train,train,train,train,test,train,train,train,train,test,train,train,train,train,test,train
train,train,train,train,test,train,train,train,test,train,train,train,train,train,train,train,train,train,test,train,train,train,train,train
train,train,train,train,test,train,train,train,train,train,test,train,train,train,train,train,train,train,train,train,train,test,train,test
train,test,train,train,train,train,train,train,test,train,train,train,train,train,test,train,train,test,train,train,test,train,test,train
test,train,train,train,train,train,train,train,train,test,train,train,train,train,test,train,train,train,train,train,train,train,test,train
train,train,train,train,train,train,train,test,train,test,train,test,train,train,train,train,train,train,train,test,train,train,train,train
train,train,train,train,train,train,train,train,test,test,train,train,train,train,train,train,train,test,train,train,train,train,train,train
train,test,train,train,test,train,train,train,train,train,test,train,train,train,train,train,train,train,train,test,train,test,test,train
test,test,train,test,train,train,train,train,train,train,test,train,train,test,train,train,train,train,train,train,train,train,train,train
train,train,train,train,train,train,train,train,train,train,train,test,train,train,train,train,train,train,train,train,train,test,train,test
test,train,train,train,train,train,test,train,test,train,test,train,train,train,train,train,train,train,train,train,test,train,train,train
test,train,train,train,test,train,train,train,train,train,train,train,train,train,train,train,train,train,train,train,train,test,train,train
train,test,train,test,train,train,train,train,train,test,train,train,train,test,train,train,train,train,train,train,train,train,test,train
train,test,train,test,train,train,train,train,train,train,train,test,train,train,train,train,train,train,train,train,test,test,train,train
train,train,train,train,train,train,train,test,train,train,train,train,train,test,train,train,train,test,train,train,train,train,train,test
train,train,train,train,train,train,train,train,train,train,test,train,train,train,train,train,train,train,train,train,train,test,train,train
test,train,train,train,train,train,test,train,train,train,train,train,test,train,train,train,test,train,train,train,train,train,train,test
test,train,train,train,train,train,test,test,train,train,test,train,train,train,test,train,train,train,test,train,test,train,test,train
train,train,test,train,train,train,train,train,train,train,train,train,train,train,train,train,train,train,train,train,train,test,train,test
train,train,train,train,train,train,test,train,test,train,train,train,train,test,train,train,train,train,test,train,train,train,train,test
train,train,train,train,train,train,test,test,train,train,train,train,train,test,train,train,train,train,train,train,train,train,train,train
train,test,train,train,train,train,test,train,train,train,train,train,train,train,test,train,train,test,train,train,test,train,test,train
test,test,train,train,test,train,test,train,train,train,train,train,train,train,train,train,test,test,train,test,train,train,train,train
train,train,train,train,train,train,train,test,train,test,train,train,test,test,train,train,train,train,train,train,test,train,train,train
train,train,train,train,train,train,train,train,test,train,train,train,train,train,train,train,train,test,train,train,train,train,train,train
train,train,train,train,test,train,train,train,train,train,train,test,test,train,train,train,test,test,train,train,train,train,test,train
train,train,train,test,train,train,train,train,train,train,train,train,train,test,train,test,train,train,test,train,test,train,train,test
train,train,train,train,test,test,train,train,test,test,train,train,test,train,train,train,train,test,train,train,train,train,test,train
train,train,train,test,train,train,train,train,train,train,train,train,test,train,train,test,train,train,train,test,train,train,train,train
train,test,train,train,train,train,train,test,train,train,test,train,train,train,train,train,train,train,train,train,train,train,train,train
train,train,train,train,train,train,train,train,train,test,train,train,test,train,train,train,train,train,train,train,train,train,train,test
train,train,test,train,train,train,train,train,test,train,train,train,train,train,train,test,train,train,train,train,test,test,train,train
train,train,train,train,train,train,train,train,train,train,train,train,train,train,train,train,test,train,train,train,train,train,train,train
train,train,train,train,train,train,train,train,train,test,train,train,test,train,train,test,train,train,train,train,test,train,train,test
train,train,train,test,test,train,train,train,train,train,train,test,train,train,train,train,train,train,test,test,test,test,train,train
train,train,train,test,train,train,train,test,train,train,test,train,train,test,train,train,train,train,test,train,train,train,test,train
train,train,test,train,train,test,train,train,test,train,train,test,train,train,train,train,test,train,train,train,train,train,train,train
test,train,train,train,train,train,train,train,train,train,train,train,train,test,test,train,train,train,train,train,train,test,train,train
train,train,train,train,train,test,train,train,train,train,test,test,test,train,train,test,train,test,test,train,train,train,train,train
train,test,train,train,train,test,train,train,train,train,train,train,train,train,test,train,train,test,train,train,train,train,train,test
train,train,test,train,train,train,train,train,test,train,train,train,train,train,train,train,train,train,test,train,train,test,train,train
train,test,train,train,train,train,train,test,train,test,test,train,train,test,train,train,train,test,train,test,train,test,train,train
train,test,test,train,train,train,test,test,test,train,train,test,test,train,train,train,train,train,train,train,test,train,train,train
train,test,train,train,train,train,train,train,train,test,train,train,train,test,train,train,train,test,test,train,train,train,train,train
train,train,test,train,train,train,train,test,train,train,train,train,test,train,train,train,train,train,train,train,train,test,train,train
train,train,train,test,train,train,test,test,train,train,train,train,train,train,train,train,train,train,test,train,train,train,train,train
test,test,train,test,train,train,train,train,test,train,train,train,train,train,train,train,train,train,train,train,test,train,train,train
test,train,test,test,train,train,train,train,train,test,train,train,train,test,train,train,train,test,train,train,train,train,train,train
train,train,train,train,train,train,train,train,test,test,test,test,train,train,train,train,test,train,test,train,train,train,train,train
train,test,test,train,test,test,train,train,train,train,train,test,train,train,train,test,train,test,train,train,test,train,train,train
train,train,train,test,train,train,train,train,train,train,train,train,train,train,train,train,train,train,train,train,train,train,train,train
train,train,test,train,train,test,train,test,train,train,train,train,test,test,train,train,train,train,train,test,train,test,train,train
train,train,train,train,test,train,train,train,train,train,train,train,train,test,train,train,test,train,train,train,train,train,test,test
train,train,train,train,train,train,train,train,train,train,train,test,train,train,train,train,train,train,test,train,train,train,train,test
train,train,train,train,train,train,test,train,train,train,train,train,test,train,train,train,train,test,train,train,test,train,test,train
train,train,train,train,train,train,train,train,train,train,test,train,train,train,train,train,train,train,train,train,train,test,test,train
train,train,test,test,test,train,test,train,train,train,train,test,train,train,train,train,train,train,train,train,train,train,train,train
train,train,train,train,train,train,test,train,train,train,train,train,train,train,train,train,test,train,train,train,train,test,train,train
test,train,train,test,train,train,train,train,train,train,train,train,train,test,train,train,train,train,train,train,train,train,train,train
train,train,train,test,train,train,test,test,train,train,train,train,train,train,train,test,train,train,train,train,train,train,train,train
train,test,train,train,train,test,train,test,train,train,train,train,train,train,test,train,train,train,test,train,train,train,train,train
train,train,test,train,train,train,test,train,test,train,train,train,test,test,train,train,train,train,train,train,train,train,train,train
train,train,train,test,train,train,test,train,test,train,train,test,train,train,train,test,train,test,train,train,train,train,train,train
train,train,train,train,train,train,train,train,test,train,train,train,train,train,test,train,test,train,train,test,train,train,train,train
train,train,train,test,test,train,train,train,train,train,test,test,train,train,test,train,train,train,train,train,train,train,train,train
train,train,train,train,train,test,train,train,train,test,train,train,test,test,train,train,train,train,train,train,test,train,train,train
train,train,train,test,train,train,train,test,train,train,train,train,train,train,test,train,train,train,train,train,train,train,train,train
train,test,train,train,train,train,train,train,test,train,train,train,test,train,test,train,train,test,train,train,train,train,train,train
train,train,train,train,test,train,train,train,train,train,train,train,test,train,test,train,train,train,train,train,train,train,train,test
train,train,train,test,train,train,train,train,test,train,train,train,train,train,train,train,train,train,test,train,train,test,train,train
test,train,test,train,train,train,train,train,train,train,train,train,test,train,train,train,train,train,train,test,train,test,train,train
train,train,train,train,train,train,train,test,train,train,train,train,train,test,train,train,test,train,train,test,train,test,train,train
train,train,train,train,train,train,train,test,train,test,test,train,test,train,train,train,train,train,train,train,train,train,train,train
test,train,train,train,test,train,train,train,test,test,train,train,train,train,train,test,train,train,train,train,train,train,test,train
test,train,test,train,train,train,train,train,train,train,train,train,train,train,test,train,train,train,test,test,test,train,train,train
test,train,train,train,train,train,train,train,train,train,test,train,train,train,train,train,test,train,train,test,test,test,train,test
train,test,train,test,train,train,train,train,train,train,test,train,train,train,train,train,train,train,test,train,train,train,train,train
train,train,test,train,test,train,train,train,train,train,test,test,train,test,test,train,train,train,train,test,test,train,train,train
train,train,train,test,test,train,train,train,train,train,train,train,train,train,train,train,train,train,train,train,train,train,train,test
train,test,train,train,train,train,train,train,train,train,test,train,train,train,train,train,train,train,train,train,train,test,test,test
train,test,train,train,train,train,train,train,train,test,train,train,train,train,test,train,train,train,test,train,test,test,train,train
train,train,train,test,train,test,train,train,train,test,train,train,train,train,train,train,train,train,train,test,train,train,train,train
train,train,train,train,train,train,test,train,train,train,train,train,train,train,train,train,train,test,train,train,train,train,train,test
train,train,train,train,train,train,train,train,train,train,train,test,train,train,test,train,train,train,train,train,train,train,train,train
train,train,train,train,train,train,test,train,train,train,train,train,train,train,train,test,train,train,train,train,train,train,train,train
train,train,train,train,test,train,test,train,train,train,train,train,train,train,test,train,train,train,test,train,train,train,test,train
test,train,train,train,train,train,train,test,train,train,train,train,train,train,train,train,train,test,test,train,test,train,train,train
train,train,test,train,train,train,train,train,train,train,test,test,train,train,train,test,train,train,train,test,train,train,test,train
test,test,train,train,train,train,test,test,train,train,train,train,train,train,train,test,train,train,train,train,train,train,train,train
test,train,train,train,train,train,train,train,train,train,test,test,test,train,train,train,test,train,train,test,train,train,train,train
train,train,train,test,train,train,test,train,test,train,train,test,test,test,test,train,train,train,train,train,train,train,train,train
train,train,train,train,train,train,train,train,train,train,train,train,test,train,train,train,train,train,train,train,train,train,train,train
train,train,train,train,train,test,test,train,train,train,train,train,train,test,test,train,train,train,train,train,test,train,train,test
train,train,test,train,train,train,train,test,test,train,test,test,train,test,train,train,train,train,test,train,train,train,train,train
train,train,train,train,test,test,train,train,train,train,train,train,train,train,test,train,train,train,train,train,train,train,train,train
train,train,train,test,train,train,train,train,train,train,train,train,test,train,test,train,train,train,train,train,train,train,train,train
train,train,train,test,train,train,train,train,train,train,train,test,train,train,test,test,train,train,train,test,train,train,train,test
train,train,test,train,train,train,train,train,train,train,train,train,test,train,train,train,test,train,train,train,train,train,train,train
train,test,train,test,train,test,train,train,train,train,train,train,test,train,train,train,train,train,train,train,test,train,train,train
train,test,train,train,train,test,train,train,train,train,train,train,train,test,train,train,train,train,train,train,train,train,test,train
test,train,train,test,train,test,test,train,train,train,train,train,test,train,train,train,train,train,train,train,train,test,test,train
train,train,train,train,train,train,test,train,test,train,train,test,test,train,test,train,train,train,train,train,train,test,train,train
train,train,train,train,train,train,train,train,train,train,train,test,train,train,train,train,test,test,train,train,train,train,test,train
test,train,train,train,train,test,train,train,train,train,train,train,train,train,train,train,train,train,test,train,train,train,train,test
train,train,train,train,train,test,test,train,train,test,train,train,train,train,train,test,train,train,test,train,train,train,train,train
train,train,train,train,train,test,train,train,train,train,train,train,train,train,train,train,train,test,train,train,train,train,train,test
train,train,train,test,train,train,train,train,train,test,train,test,test,train,train,train,train,train,train,train,train,test,train,test
train,train,train,train,train,test,train,train,train,train,train,train,test,train,train,train,train,train,train,train,train,test,train,train
train,train,train,train,train,train,train,train,train,train,train,train,train,train,test,test,train,train,train,train,train,train,train,train
train,train,train,train,train,train,train,train,train,train,train,test,train,train,test,test,train,train,train,train,train,train,train,train
train,train,train,train,train,train,train,train,train,train,train,train,train,test,train,train,train,test,train,train,test,train,test,train
train,train,train,train,test,train,train,test,train,train,test,train,test,train,train,train,train,train,train,train,train,train,train,test
train,train,train,train,train,train,train,train,train,train,train,train,train,train,test,train,train,train,train,train,test,train,test,train
test,test,train,train,test,train,test,test,train,train,train,train,train,train,train,train,train,test,train,train,train,train,train,train
train,train,train,train,train,train,train,train,train,test,train,train,train,test,train,train,test,train,train,train,train,train,test,train
train,train,train,train,train,train,test,train,train,test,train,train,train,test,train,train,train,train,train,train,train,train,test,test
train,train,train,train,train,train,train,train,train,test,test,train,train,train,train,train,train,train,train,train,train,test,train,train
train,test,train,train,test,train,train,test,test,train,test,train,train,train,train,train,train,train,train,train,train,test,train,train
train,train,train,train,train,test,train,train,train,train,train,train,train,test,train,train,train,train,train,train,train,train,train,train
train,train,train,train,test,train,train,train,test,train,train,train,train,train,train,train,test,train,test,train,train,test,train,train
test,test,train,train,train,train,train,train,train,train,train,train,train,train,test,train,train,test,test,test,train,train,train,test
train,test,train,train,test,train,test,train,train,train,test,train,test,test,train,train,train,test,train,train,train,train,train,train
train,train,train,train,train,train,train,train,train,train,train,train,train,train,test,test,train,train,train,train,train,train,train,train
train,train,train,test,train,train,train,test,test,train,test,train,train,train,train,train,train,train,train,test,train,test,test,test
train,test,train,train,train,train,train,test,train,train,test,train,train,train,train,train,train,train,test,train,train,train,train,train
test,train,test,train,train,train,test,train,train,train,train,train,train,test,train,train,train,train,test,train,train,train,train,train
test,test,train,train,train,train,train,test,train,train,test,train,train,train,train,test,train,train,train,train,train,test,train,train
train,train,train,train,train,train,train,test,train,train,train,train,train,train,train,train,train,train,train,train,train,train,train,train
train,train,train,train,train,train,train,train,train,train,train,train,test,train,train,train,train,train,test,train,train,train,train,test
train,test,train,test,train,test,train,train,train,train,train,train,train,train,train,test,train,train,train,train,train,test,train,train
test,train,test,train,test,test,test,train,train,test,train,test,train,test,train,test,train,train,train,train,train,train,train,train
train,test,train,train,train,train,test,train,train,test,train,train,train,train,train,test,test,train,train,train,train,train,train,test
test,test,train,train,train,train,train,train,train,train,train,train,train,train,test,train,test,train,train,train,test,train,train,test
train,train,train,train,train,test,train,train,train,train,test,train,train,train,train,train,test,train,train,train,train,train,test,train
train,train,test,train,train,train,train,train,test,test,train,test,train,train,train,test,test,test,train,train,train,train,train,train
train,train,train,train,test,test,train,train,train,test,train,test,train,train,train,train,train,train,train,train,train,train,train,train
train,train,train,train,train,train,test,train,train,train,train,train,train,test,train,train,test,train,train,train,test,train,train,test
train,train,train,test,train,train,train,train,train,train,train,train,train,test,train,train,train,train,train,train,train,train,train,train
train,train,train,train,test,train,train,train,train,train,test,train,test,train,train,test,test,train,train,train,test,train,train,train
train,train,train,test,train,test,test,test,test,train,test,train,train,train,test,train,train,test,train,train,train,train,train,test
train,train,train,train,train,train,train,train,train,train,train,test,train,train,train,train,test,train,train,train,train,train,train,train
train,train,train,train,test,train,train,train,test,test,train,train,train,train,train,train,train,train,train,train,test,train,train,train
test,train,train,test,train,train,train,train,train,train,test,test,train,train,train,train,train,train,train,train,train,train,train,train
train,train,train,train,test,train,train,test,test,train,test,train,train,train,test,train,train,train,train,train,train,train,train,train
train,train,train,train,train,train,test,train,train,train,train,train,train,train,train,train,train,train,train,train,train,test,train,train
train,test,test,train,train,train,train,train,train,train,train,train,train,train,test,train,train,test,train,train,train,test,train,test
test,train,test,train,train,train,test,test,train,train,train,train,test,train,test,train,test,train,train,test,train,train,train,train
train,train,test,train,train,train,train,train,test,test,train,test,train,train,test,train,train,train,test,train,train,train,train,train
train,test,train,train,train,train,train,train,test,train,test,train,train,train,train,train,train,train,train,train,train,train,train,train
train,train,train,test,test,train,train,train,train,train,train,test,train,test,train,train,train,train,train,train,train,train,train,train
train,train,train,train,train,train,train,train,train,train,train,train,train,train,train,train,train,train,train,train,train,test,train,train
test,train,train,train,train,train,train,test,train,test,test,train,train,train,train,train,train,train,test,train,train,train,train,test
train,train,test,train,train,train,train,train,train,train,train,train,train,train,train,test,train,train,train,test,train,test,train,train
train,train,test,test,train,train,train,test,train,train,test,train,train,train,train,train,train,train,train,test,train,train,train,train
train,train,train,test,train,train,train,train,test,train,train,train,train,train,train,train,train,train,train,train,train,train,train,test
test,test,test,train,train,train,train,test,test,train,train,train,train,train,test,train,test,train,train,train,train,train,train,test
train,train,train,train,train,train,test,train,train,test,train,train,train,train,train,train,test,train,train,train,test,train,test,train
train,train,test,train,train,train,test,train,train,train,train,train,train,test,train,train,train,test,train,test,train,train,train,test
train,train,train,train,test,train,train,train,train,train,train,train,train,train,train,train,train,train,train,train,train,test,train,test
test,train,train,test,train,train,train,train,train,train,test,test,train,train,test,train,test,train,train,train,train,train,test,train
train,train,train,train,train,test,test,test,train,train,train,test,train,train,train,train,train,train,train,train,train,train,train,train
train,test,train,train,train,test,train,train,test,train,train,train,train,train,test,test,train,train,train,test,train,test,train,train
train,train,test,train,test,train,train,train,train,train,train,train,test,train,train,train,train,train,test,train,train,train,train,train
train,test,train,train,train,train,train,train,test,test,test,test,test,train,train,train,test,train,train,test,train,train,train,train
test,train,train,test,train,train,test,test,train,test,train,train,train,train,test,train,train,test,train,test,train,train,train,test
train,train,train,train,train,test,test,train,train,train,train,train,test,test,train,train,train,train,train,train,test,train,train,test
test,train,train,train,train,train,train,train,train,train,train,test,train,train,train,train,train,train,train,test,train,train,train,train
test,train,train,train,train,test,train,train,test,train,train,test,train,train,train,train,train,test,train,train,train,train,test,train
train,train,train,train,train,train,train,train,train,train,train,train,test,test,train,train,train,train,test,train,train,train,test,train
train,test,train,test,train,train,test,train,test,train,train,train,test,train,train,train,train,train,test,train,train,train,train,test
train,train,test,train,test,train,test,train,train,test,test,train,train,test,train,train,train,train,train,test,test,train,train,train
test,train,train,test,train,train,test,train,test,train,train,test,train,train,train,train,train,test,test,train,train,train,train,train
train,train,train,train,train,train,train,train,test,train,test,train,test,train,test,test,train,train,test,train,test,train,test,train
train,train,train,train,test,train,train,train,train,train,test,train,train,train,train,train,train,train,train,train,train,train,train,train
train,train,train,train,test,train,train,train,test,test,train,train,train,train,train,train,train,train,train,train,train,train,train,train
train,test,test,train,train,train,train,train,train,test,train,train,train,train,test,test,train,test,train,train,train,train,train,test
train,train,test,train,train,train,train,train,train,train,train,test,test,train,train,train,train,train,train,train,train,train,train,train
train,train,test,train,test,train,train,test,train,train,test,test,train,train,train,train,train,train,train,train,train,train,test,train
train,train,train,train,train,train,train,train,train,train,train,train,train,train,test,test,train,test,train,train,test,train,train,train
train,train,train,train,train,train,train,train,train,train,train,test,train,train,train,test,train,test,train,train,train,train,train,train
train,train,train,train,train,train,test,train,train,train,train,train,train,train,train,train,test,train,test,test,test,train,test,test
train,train,train,train,train,test,train,train,train,train,test,train,train,train,test,train,train,train,test,train,train,train,test,train
train,train,test,train,train,train,train,train,test,test,train,train,train,train,test,train,train,train,train,train,train,train,train,train
test,train,train,train,train,train,train,train,train,train,train,train,train,test,train,train,train,train,train,train,train,train,train,train
train,test,train,test,train,train,test,train,train,train,train,train,train,train,train,train,train,train,test,train,test,train,train,train
train,test,train,train,train,test,test,train,train,train,test,train,train,train,train,train,train,test,train,train,train,test,train,train
train,train,train,train,test,train,train,test,train,train,test,train,train,test,train,train,test,train,train,test,test,test,train,train
train,train,train,train,train,test,test,test,train,test,train,train,train,train,train,train,train,train,train,train,train,train,test,train
train,train,test,train,train,test,train,train,train,train,train,test,train,train,train,train,train,train,test,test,train,train,train,train
test,train,train,train,train,train,test,train,train,train,test,train,test,train,train,test,train,train,train,train,train,train,train,train
train,train,train,train,train,train,test,train,train,test,train,train,train,train,train,train,train,train,train,train,test,train,train,train
train,train,train,test,test,train,train,train,train,train,train,train,train,train,train,train,train,train,train,test,train,train,train,train
test,train,train,train,train,train,train,train,train,train,train,train,train,train,test,train,train,train,train,train,train,train,train,train
train,train,train,train,train,train,train,train,train,train,train,train,train,train,test,train,test,train,test,test,train,train,test,train
train,train,test,train,train,train,test,train,test,train,test,test,train,train,train,train,train,train,train,train,test,test,test,train
train,train,train,train,test,train,test,train,train,train,test,test,train,train,train,test,test,test,train,test,train,train,train,train
train,test,train,train,train,train,train,test,train,train,train,train,train,test,train,train,test,train,train,test,test,test,train,test
train,train,train,train,test,train,test,train,train,train,train,train,train,train,train,train,test,test,test,test,train,train,test,train
train,train,test,train,train,train,train,train,train,train,train,train,train,train,train,train,test,test,train,train,test,train,train,test
train,test,train,train,train,train,train,train,train,train,train,train,train,test,train,train,train,train,train,train,train,train,train,test
train,train,train,train,train,train,train,train,train,train,train,train,test,train,train,train,train,train,test,train,train,train,train,train
train,test,train,test,train,train,train,train,test,test,train,test,train,train,train,train,train,train,train,test,train,train,train,train
test,train,train,test,test,train,train,train,train,train,test,train,train,train,train,test,train,test,train,test,test,train,train,train
train,train,test,train,train,test,train,train,train,train,train,test,train,train,train,train,train,test,train,train,train,train,train,train
test,test,test,test,test,train,train,test,train,train,train,train,train,test,train,train,test,train,train,train,train,train,train,test
train,test,train,train,test,train,train,train,train,train,train,train,train,train,train,test,train,train,train,test,train,test,train,train
train,train,train,train,test,train,train,train,test,train,train,test,train,train,test,test,train,train,train,test,train,test,train,test
train,train,test,test,train,train,train,train,train,train,train,train,train,train,train,train,train,train,train,train,train,train,train,train
train,train,test,train,train,test,train,train,train,train,train,train,test,train,train,train,train,train,test,test,train,train,train,train
train,train,train,train,test,train,train,train,test,test,train,train,test,train,train,train,train,test,train,train,train,train,train,test
train,test,train,train,train,train,train,train,train,train,train,train,test,train,train,train,train,train,train,train,test,train,train,test
test,train,train,train,train,test,train,train,train,train,train,train,train,train,train,train,test,train,test,train,test,train,train,train
train,train,train,train,train,test,train,train,train,train,test,train,train,train,test,train,train,train,train,train,train,train,train,train
train,train,train,test,train,train,train,train,train,train,train,train,train,test,train,train,train,train,train,test,test,train,train,train
train,train,train,train,train,train,train,train,train,train,train,test,train,train,train,train,train,train,test,test,train,train,train,train
train,train,train,train,train,train,train,train,train,train,train,train,train,train,test,test,train,test,train,train,train,train,train,test
train,test,train,train,train,test,train,train,train,test,train,train,train,train,train,train,train,test,train,train,test,train,train,train
train,train,train,train,train,train,test,train,train,train,train,test,train,test,train,train,train,test,train,test,train,train,train,train
train,train,train,train,train,train,train,train,train,test,train,test,train,train,train,test,train,test,train,train,train,train,train,train
train,train,train,test,train,train,train,train,train,test,test,train,train,test,train,train,train,train,train,train,test,train,test,train
train,train,train,test,test,test,train,test,train,train,test,train,test,train,train,train,test,train,train,train,train,train,train,test
train,test,train,test,train,train,train,train,train,train,train,train,train,train,train,train,train,train,train,train,train,train,train,train
test,train,train,train,train,train,train,train,train,train,train,train,train,train,test,train,train,train,train,train,test,train,test,train
train,train,train,test,train,train,train,train,test,test,train,test,test,train,train,test,train,train,test,train,train,train,train,train
train,train,train,train,train,train,train,train,train,train,train,train,train,train,test,train,test,train,train,train,train,train,train,train
train,test,train,test,train,train,train,train,train,train,train,train,train,train,train,train,train,test,train,train,train,train,train,test
train,train,train,train,train,train,train,test,train,train,train,test,train,train,train,test,train,train,train,train,train,train,test,train
train,train,train,train,train,train,train,train,train,test,test,train,train,train,train,train,train,train,train,train,train,train,train,train
train,test,train,train,test,train,train,test,train,train,train,test,test,train,train,train,test,train,train,train,train,train,train,train
train,train,test,train,test,train,train,train,test,train,train,train,test,train,train,train,test,train,train,train,train,test,train,test
test,test,train,train,train,test,train,test,train,test,train,train,train,train,train,train,test,train,test,train,train,train,train,train
test,train,train,train,train,train,train,test,test,train,train,train,train,test,train,test,train,train,train,train,train,train,train,test
train,train,train,train,test,train,train,train,train,train,train,train,train,train,train,train,train,train,train,train,train,train,train,train
train,train,test,train,train,train,train,test,train,train,train,train,train,train,train,test,train,train,test,train,train,train,test,train
train,train,train,test,train,train,train,train,train,train,train,test,train,train,train,train,train,train,train,train,train,train,train,train
test,train,train,test,train,test,train,test,train,test,train,train,train,train,train,train,train,train,train,train,test,train,train,test
train,train,test,train,test,train,train,train,train,test,train,train,train,train,train,test,train,train,train,train,train,train,train,train
test,train,train,train,train,train,train,test,train,train,train,train,train,train,test,train,train,train,train,train,test,train,train,test
train,train,train,train,train,train,test,train,train,train,test,train,train,train,train,train,train,test,train,train,train,train,train,train
train,test,train,train,train,train,train,train,train,train,train,train,train,train,train,test,train,test,train,train,train,train,train,train
train,train,train,train,test,train,train,test,train,test,train,train,test,train,train,test,train,test,train,train,train,test,train,train
train,train,test,train,train,train,train,train,train,train,test,train,test,test,test,train,train,train,train,train,train,train,train,train
train,train,train,train,train,train,test,train,test,train,train,train,train,train,test,train,train,train,test,train,test,train,train,train
train,train,train,train,train,train,train,train,train,train,train,train,train,train,train,train,train,train,train,train,train,test,test,train
test,train,train,train,train,train,test,train,train,train,test,test,train,train,test,train,train,train,train,train,train,train,test,train
test,train,test,train,train,train,train,train,train,train,train,train,test,train,train,train,test,train,train,train,test,train,train,train
train,test,train,test,train,train,train,test,train,train,train,train,train,train,train,train,train,train,test,train,train,train,train,train
test,train,train,test,train,train,train,train,train,train,train,train,train,train,train,train,train,test,train,train,train,train,train,train
train,test,train,train,test,train,train,test,train,test,test,test,train,train,train,train,train,train,train,train,train,train,train,test
train,test,train,train,train,train,train,train,train,train,train,train,train,test,train,test,train,train,train,train,train,train,test,test
train,train,train,train,train,test,train,train,train,test,test,train,train,train,train,test,train,train,train,train,train,train,test,train
train,train,train,test,train,test,train,train,train,train,train,train,train,train,train,train,train,test,train,train,train,train,train,train
train,train,train,train,train,test,train,train,train,train,test,train,train,train,train,train,test,train,train,train,train,train,train,train
train,test,test,test,test,train,test,train,train,train,train,train,train,test,train,test,train,train,train,train,train,train,train,train
train,test,train,train,train,test,train,train,train,train,train,test,test,train,train,train,train,train,train,train,train,train,test,train
test,train,train,train,train,test,train,train,train,train,train,train,train,train,train,train,train,train,train,train,test,train,train,train
train,train,test,train,train,train,train,train,train,test,test,train,test,train,train,test,train,test,test,train,train,train,train,train
train,train,test,train,train,train,train,test,train,test,train,train,train,train,train,train,test,train,train,train,test,train,train,test
train,train,test,test,train,train,train,train,test,train,train,train,train,train,train,train,train,train,train,train,train,train,train,train
train,train,train,train,test,test,train,train,train,test,train,train,test,train,train,train,train,train,train,train,train,train,test,train
test,train,train,train,train,test,train,train,test,train,train,train,train,train,train,test,train,train,train,train,test,train,train,train
train,test,test,train,train,train,train,train,train,train,train,train,train,train,train,train,train,train,train,train,train,train,train,train
train,train,train,test,train,train,train,train,test,train,train,train,train,train,train,train,train,train,test,train,test,train,train,train
train,train,train,train,train,test,train,train,train,train,train,train,train,train,test,train,train,train,train,test,train,train,test,train
train,test,train,train,train,train,train,train,train,train,train,train,train,test,test,train,test,train,train,train,train,test,train,train
train,train,train,train,test,train,train,train,train,train,train,train,train,train,train,train,train,train,test,train,train,train,train,train
train,train,train,train,train,train,train,train,test,train,test,train,train,train,train,train,train,train,train,train,train,train,train,train
train,train,train,test,train,train,test,train,train,test,train,train,train,train,train,train,train,train,test,test,train,train,train,train
train,train,train,train,train,train,test,train,train,test,train,test,test,train,train,train,test,test,train,test,train,train,train,train
test,train,train,train,train,train,train,test,train,train,train,train,train,train,train,test,train,test,test,train,train,train,train,train
train,train,train,train,train,test,train,test,train,train,train,train,train,train,train,test,train,train,train,train,train,train,train,train
train,train,train,train,train,train,test,test,train,train,train,train,train,train,train,train,train,train,test,train,test,test,test,train
train,train,test,train,train,train,test,train,train,test,test,test,test,train,train,train,train,train,train,train,train,test,train,train
train,train,train,train,train,train,train,train,train,train,train,train,test,test,train,train,test,test,train,train,test,train,train,train
train,test,train,train,train,test,train,train,train,train,train,test,train,train,train,train,train,train,train,test,train,test,train,train
train,train,test,test,test,train,train,train,train,train,train,train,train,test,train,train,train,train,train,test,train,train,test,train
train,train,train,test,test,test,train,train,train,train,train,train,train,train,train,train,train,train,train,train,train,train,test,train
train,train,test,train,test,train,test,test,test,train,test,test,train,train,train,train,test,train,train,train,test,train,train,train
train,train,test,train,train,train,train,train,train,train,train,train,train,train,train,test,test,train,train,train,train,train,train,train
train,train,train,train,train,train,train,train,test,train,train,train,train,test,train,train,train,test,train,train,train,train,test,train
train,train,train,train,train,train,train,train,train,train,train,train,train,test,test,train,train,train,train,train,train,train,test,test
train,train,test,train,train,train,train,train,train,train,train,train,train,train,train,test,test,test,test,test,train,test,train,test
train,train,train,train,train,train,test,train,train,test,train,train,train,train,train,train,test,train,train,test,train,train,train,train
test,train,train,train,train,train,train,train,test,train,train,train,train,train,test,train,train,train,test,train,train,train,train,train
train,train,train,train,train,train,train,train,test,train,test,train,test,train,train,test,test,train,train,train,train,train,test,train
train,train,train,train,train,train,train,train,train,train,train,train,train,train,train,train,test,train,train,train,train,train,train,train
train,train,train,train,train,train,train,train,test,test,train,train,train,train,train,train,test,train,train,train,train,train,train,train
train,test,train,train,train,test,train,train,train,train,train,train,train,train,train,train,train,train,train,train,test,train,train,train
train,train,test,test,train,train,train,train,test,train,train,train,train,train,train,test,train,train,train,train,train,train,train,train
train,train,train,train,train,train,test,train,train,train,train,train,train,test,train,train,train,train,train,train,train,test,train,train
train,train,test,train,train,train,test,test,test,train,train,train,train,test,train,train,train,train,train,train,test,test,train,train
train,train,test,test,train,train,train,train,train,train,train,train,test,train,train,train,train,test,train,train,test,train,test,train
train,test,train,train,train,train,train,train,test,train,train,train,train,train,test,train,train,test,train,train,test,train,test,train
test,train,train,train,train,train,train,train,train,test,train,train,train,train,test,train,train,train,train,train,train,train,test,train
train,train,train,train,train,train,train,train,train,train,train,test,train,train,train,train,train,train,train,train,train,test,test,test
train,test,train,test,train,train,train,train,train,test,train,train,train,test,train,train,train,train,train,train,train,train,test,train
train,test,train,test,train,train,train,train,train,train,train,test,train,train,train,train,train,train,train,train,test,test,train,train
train,train,train,test,train,train,train,train,train,train,train,train,test,train,train,test,train,train,train,test,train,train,train,train
train,train,train,train,train,train,train,train,train,test,train,train,train,train,train,train,test,train,train,train,train,train,train,train
test,test,train,train,train,test,train,test,train,train,test,train,train,train,train,train,test,train,train,train,train,train,train,train
test,train,train,test,train,train,train,train,train,train,train,train,train,test,train,train,train,train,train,train,train,train,train,train
train,train,test,train,train,test,test,train,test,train,train,train,test,test,train,train,train,train,train,train,test,train,train,train
train,train,train,train,train,train,train,train,test,train,train,train,train,train,test,train,test,train,train,test,train,train,train,train
train,train,train,test,train,train,train,train,test,train,train,train,train,train,train,train,train,train,test,train,train,test,train,train
test,train,test,train,train,train,train,train,train,train,train,train,test,train,train,train,train,train,train,test,train,test,train,train
train,train,train,train,train,train,train,test,train,train,train,train,train,test,train,train,test,train,train,test,train,test,train,train
train,train,train,train,train,train,train,test,train,test,test,train,test,train,train,train,train,train,train,train,train,train,train,train
train,train,train,test,test,train,train,train,train,train,train,train,test,train,train,train,test,train,train,train,train,train,train,test
train,test,train,train,train,train,train,train,train,train,test,train,train,train,train,train,train,train,train,train,train,test,test,test
train,train,train,test,train,test,train,train,train,test,train,train,train,train,train,train,train,train,train,test,train,train,train,train
train,train,train,train,train,train,test,train,train,train,train,train,train,train,train,train,train,test,train,train,train,train,train,test
train,train,train,train,train,train,train,train,train,train,train,test,train,train,test,train,train,train,train,train,test,train,train,train
test,train,train,train,train,train,test,test,train,train,train,train,train,train,train,train,train,test,test,train,train,train,train,train
train,train,train,test,train,train,train,train,train,test,train,train,test,train,train,train,test,test,train,train,train,train,train,train
train,train,test,train,train,train,train,train,train,train,test,test,train,train,train,test,train,train,train,test,train,train,test,train
test,train,train,train,train,test,train,train,train,train,train,train,train,train,train,train,train,train,test,train,train,train,train,test
train,train,train,train,train,train,test,train,train,test,train,train,train,train,train,test,train,test,test,train,train,train,train,train
test,train,train,train,train,test,train,train,train,train,train,train,train,test,train,train,train,train,train,train,train,train,train,test
train,train,train,test,train,train,test,train,train,train,train,test,train,train,train,train,train,train,train,train,train,test,train,test
train,train,train,train,train,test,train,train,train,train,train,train,test,train,train,train,train,train,test,train,train,test,train,train
train,train,train,train,test,train,train,train,train,train,train,train,train,test,train,train,train,train,train,train,train,train,test,train
train,test,train,train,train,train,train,train,train,test,train,train,train,train,train,train,train,test,train,train,train,train,train,train
train,train,train,train,train,train,train,train,train,train,train,train,train,train,train,train,train,train,train,train,test,train,test,test
train,test,train,train,train,train,train,train,train,train,train,test,train,train,train,train,train,train,train,train,train,train,train,test
train,train,train,train,train,train,train,train,train,train,train,train,train,train,train,train,train,train,test,test,train,test,train,train
train,test,train,train,train,test,train,train,train,train,train,test,train,train,train,train,train,train,train,train,test,train,test,test
train,train,test,train,train,train,train,train,test,train,train,train,test,train,test,train,train,test,train,train,train,train,train,train
test,train,train,train,train,test,train,train,train,train,train,test,test,train,train,train,test,train,train,train,train,train,train,test
train,train,train,train,test,train,train,train,train,train,test,train,train,train,train,train,train,test,train,test,train,train,train,train
train,train,train,train,train,train,train,train,test,train,train,test,train,train,train,train,train,train,train,train,train,train,train,train
test,train,train,train,train,test,train,train,train,test,train,train,test,train,test,train,train,train,test,test,train,train,test,train
train,train,train,train,train,train,train,train,test,train,test,train,test,train,train,train,train,train,train,test,train,test,test,train
train,train,train,train,test,train,train,train,test,train,train,train,train,train,train,train,train,train,train,train,train,train,train,test
train,train,train,train,train,train,test,train,train,train,train,train,train,test,train,train,train,train,train,train,train,train,train,train
train,train,train,test,train,train,train,train,train,train,train,test,train,train,train,train,train,train,train,test,test,test,train,train
train,train,test,train,train,train,train,test,train,train,train,train,train,test,train,test,test,train,train,train,train,train,train,train
train,train,train,train,train,train,train,train,train,train,train,train,test,train,test,train,train,train,train,test,train,train,train,train
test,test,train,test,test,train,train,train,test,train,train,train,train,train,test,train,train,test,train,train,test,train,train,train
train,train,test,train,train,train,test,train,train,train,train,train,train,test,test,train,train,train,train,train,test,train,train,train
train,train,train,train,train,test,test,train,train,test,train,test,train,train,train,train,train,train,train,train,train,train,test,train
train,train,train,train,train,train,train,train,train,train,train,test,train,train,train,train,train,train,test,train,train,train,train,train
train,train,train,test,test,test,train,train,train,test,train,test,train,train,train,train,train,train,test,train,train,test,train,train
train,test,train,train,train,train,train,train,train,train,train,train,train,train,train,train,train,train,train,train,train,train,test,train
train,test,test,test,train,train,test,train,test,train,train,train,train,train,train,train,test,train,train,train,train,test,train,test
train,test,test,train,train,test,train,train,train,test,test,train,train,train,train,train,train,train,train,train,train,train,train,train
train,train,train,test,train,train,train,train,test,train,train,test,train,train,train,test,test,test,train,train,train,test,train,train
train,train,train,train,train,test,train,train,train,train,test,train,train,train,train,train,test,test,test,test,train,train,test,train
train,train,train,test,train,test,train,test,train,train,train,test,train,train,train,test,train,train,train,train,train,train,train,train
train,train,train,train,train,train,train,test,train,test,train,train,train,train,train,train,train,train,train,train,train,train,train,train
test,train,train,train,test,train,train,train,test,train,train,train,test,train,test,train,train,test,train,train,train,train,train,train
test,test,train,train,test,train,train,train,train,train,train,train,train,test,test,test,test,train,train,test,train,train,train,test
test,test,test,train,train,train,train,train,train,train,test,train,test,train,train,train,train,train,train,train,train,train,train,train
test,train,train,train,train,train,train,train,train,train,test,train,train,train,test,train,train,train,train,train,train,test,train,train
train,train,train,test,train,train,train,train,train,test,train,train,train,train,test,test,train,train,train,train,train,train,train,train
train,train,test,train,train,train,test,train,test,train,train,train,train,train,train,train,train,test,train,test,train,test,test,test
train,train,test,train,test,train,train,train,train,train,train,train,train,train,train,train,train,train,train,train,train,train,train,train
train,test,test,train,train,train,test,test,train,train,train,test,train,test,train,train,train,train,test,train,test,train,test,train
train,train,train,test,test,train,train,train,train,train,test,train,train,test,train,train,test,train,train,train,test,train,test,train
train,train,train,train,train,train,train,train,train,train,train,train,train,test,train,test,test,train,train,train,train,train,test,train
train,test,train,test,train,train,train,test,train,train,train,train,train,train,train,train,train,test,train,test,train,train,train,train
train,train,train,train,train,test,train,test,train,train,train,train,train,train,train,train,train,train,test,train,train,train,train,train
train,train,train,test,train,test,test,train,train,train,train,train,train,train,test,train,train,train,train,test,test,train,train,train
test,train,train,train,train,train,train,test,test,test,train,train,train,train,test,train,test,test,train,train,train,train,train,train
test,train,train,train,test,train,train,train,train,test,train,train,train,train,train,test,train,test,train,test,train,train,test,train
train,train,train,train,train,test,train,train,train,train,train,train,train,train,train,train,train,train,train,train,train,train,train,train
train,train,test,test,train,train,train,train,train,train,train,test,test,test,train,test,test,train,train,train,train,train,train,train
train,train,train,train,train,train,test,train,train,test,test,test,train,train,train,train,train,train,train,train,test,train,train,train
train,train,train,test,test,train,test,train,train,train,train,train,train,train,train,test,train,train,test,test,train,train,train,train
train,train,train,train,train,train,train,test,train,test,train,train,train,test,train,train,train,train,test,train,test,train,train,train
train,train,test,test,test,train,train,test,train,train,train,train,train,test,train,test,train,train,train,train,test,train,train,train
train,train,train,train,train,test,train,train,train,train,train,test,train,train,train,train,test,test,train,train,test,train,train,train
train,train,train,train,train,test,train,train,train,train,train,train,train,train,train,train,train,test,test,train,train,train,train,train
train,train,train,train,train,train,test,train,train,train,test,train,test,train,train,train,train,train,train,train,train,train,train,train
train,train,train,train,train,train,train,train,train,train,train,train,train,train,test,train,train,train,train,train,train,train,train,train
train,train,train,train,train,train,train,train,test,train,test,train,train,train,test,test,test,train,train,train,test,train,train,train
test,train,train,train,train,train,train,train,train,test,train,train,test,train,train,train,train,test,train,train,train,train,train,train
train,train,train,train,train,train,train,train,test,train,test,train,train,train,train,train,train,train,train,train,train,train,train,train
train,test,train,train,train,train,train,train,train,test,train,train,test,train,train,train,train,train,train,train,train,train,train,train
test,train,test,test,train,train,train,test,test,train,train,train,test,train,train,train,train,test,test,train,train,train,train,train
train,train,test,train,test,train,train,train,train,train,train,train,train,train,train,train,train,train,train,train,train,train,train,train
train,train,train,train,train,train,train,train,train,train,train,train,train,train,train,train,train,test,train,train,train,train,test,test
train,train,test,train,test,test,test,train,train,train,train,train,train,train,train,train,train,train,train,test,train,train,train,train
test,train,train,train,train,train,train,train,test,train,test,train,train,test,train,train,test,train,train,train,train,train,train,train
train,test,train,train,train,train,train,train,test,train,train,train,train,train,train,train,train,train,test,train,train,train,test,train
train,train,train,train,test,test,test,train,train,train,train,train,train,train,train,train,test,test,test,test,train,train,train,train
train,train,test,train,train,train,train,train,train,test,train,train,train,train,train,test,train,train,train,train,train,train,train,train
test,train,train,test,train,train,train,test,train,train,test,train,train,train,train,train,train,train,train,train,train,train,train,train
test,train,train,test,train,train,train,train,train,test,train,train,train,train,train,train,train,train,test,test,train,train,train,train
train,train,test,train,train,train,train,train,train,train,train,train,train,train,test,train,train,train,train,train,train,train,train,train
train,train,train,train,test,train,train,train,test,train,train,train,train,train,train,test,train,test,test,train,test,train,train,test
train,train,train,train,test,train,train,train,train,train,train,train,train,train,test,train,test,train,train,train,test,train,test,train
test,train,train,train,train,train,test,test,test,train,test,train,test,train,test,train,train,train,train,train,train,test,train,train
train,train,train,train,train,train,train,train,test,test,test,train,test,test,train,train,train,train,train,train,train,train,train,train
train,train,train,train,train,train,train,train,train,train,train,test,train,train,train,train,train,train,test,train,train,test,train,train
train,test,train,train,train,train,test,test,train,train,train,train,train,train,test,train,train,train,train,train,train,train,train,train
train,train,train,train,test,train,train,test,train,train,train,train,train,train,test,train,train,train,train,train,test,train,train,train
train,train,train,train,test,train,train,test,test,train,train,train,train,train,train,train,test,train,train,train,train,train,train,train
test,train,train,train,train,train,train,train,train,train,train,train,train,train,train,train,train,test,train,train,test,train,train,train
train,train,train,train,train,train,train,train,train,train,train,train,train,train,train,train,train,train,train,train,test,train,train,train
train,train,train,train,train,train,train,train,test,test,train,test,test,test,train,test,train,train,train,train,test,train,train,train
train,train,train,train,train,train,train,train,train,test,train,train,train,test,train,train,test,train,train,train,train,train,train,train
train,train,train,train,train,train,test,train,train,test,train,train,train,train,train,train,train,train,train,train,train,train,train,train
train,test,train,train,train,train,train,train,train,test,test,train,train,train,train,train,train,train,train,train,test,test,train,train
train,test,train,train,train,train,train,train,train,train,train,train,train,train,test,train,train,train,train,train,train,train,train,train
test,train,train,train,train,train,train,train,train,train,train,train,train,train,train,train,train,test,train,test,train,train,train,train
train,train,train,train,train,test,train,train,train,train,train,train,train,test,train,train,train,train,train,train,train,train,train,train
train,train,train,train,test,train,test,train,test,train,train,train,train,train,train,train,test,train,train,train,train,train,train,train
test,train,train,train,train,train,train,test,train,train,train,train,train,train,test,train,train,test,train,test,train,train,train,train
train,train,train,train,train,train,test,train,train,train,train,train,test,train,train,train,train,train,train,train,train,train,train,train
train,train,train,train,train,test,train,train,train,train,test,train,train,train,train,train,train,test,train,train,train,train,train,train
train,train,test,train,train,train,train,train,train,train,train,train,train,test,test,train,train,train,test,train,train,train,test,test
train,train,train,test,train,train,train,train,train,train,train,train,train,train,test,train,train,train,train,train,train,train,train,test
train,train,train,train,test,train,test,train,train,test,train,test,train,train,train,train,train,train,test,train,train,train,train,train
train,train,train,train,test,test,train,train,test,train,train,train,test,train,train,train,test,test,test,train,train,train,test,train
train,train,train,train,train,train,train,train,train,test,train,train,train,test,train,test,test,test,train,train,train,test,train,train
train,train,train,train,train,test,train,train,train,test,train,train,train,train,train,train,train,train,train,train,train,train,train,test
train,train,train,train,train,train,train,train,train,train,test,train,train,train,train,train,train,train,test,train,train,train,train,train
train,train,train,train,test,test,train,test,train,test,train,test,train,test,test,train,train,train,train,train,train,test,train,test
train,train,train,train,train,train,train,train,train,train,train,train,train,train,train,train,train,train,train,train,train,test,test,train
test,train,train,train,train,train,train,train,train,train,train,train,test,train,train,train,train,train,train,train,train,train,train,train
train,train,train,train,train,train,train,train,train,train,train,train,train,train,test,test,train,train,train,train,train,train,train,train
train,train,train,test,train,train,train,train,test,train,test,test,train,train,train,train,train,test,train,test,train,train,train,train
train,train,train,train,train,train,train,train,test,train,test,train,train,train,test,train,test,train,test,train,train,test,train,train
test,train,test,train,train,train,test,train,train,train,train,train,train,test,train,train,train,train,test,train,train,train,train,train
test,train,test,train,test,train,train,train,train,train,train,train,train,train,train,train,train,train,train,train,test,train,train,test
test,test,test,train,train,test,train,train,train,train,train,train,train,train,train,train,train,train,train,train,train,test,test,train
train,test,train,train,train,train,train,train,test,train,train,train,train,train,train,train,train,test,train,train,train,train,train,train
train,train,train,train,train,train,train,test,train,train,train,train,train,train,train,test,train,train,train,train,train,train,test,test
test,train,train,train,train,test,train,test,train,train,test,train,train,train,train,train,train,train,train,train,train,train,train,train
train,test,test,train,train,train,train,train,train,train,test,train,train,test,test,train,train,train,train,train,train,test,train,train
train,train,train,train,train,train,train,train,train,train,train,train,test,test,train,train,train,train,test,train,test,train,test,train
train,train,test,train,test,train,train,train,test,train,test,train,train,train,train,test,train,train,train,train,train,train,test,train
train,test,train,train,train,train,train,test,train,test,train,train,train,train,train,train,train,train,train,train,train,train,train,train
train,train,test,train,train,train,train,train,train,train,train,test,train,train,train,train,train,train,test,train,train,train,train,train
train,train,train,train,train,train,train,train,train,train,train,train,test,train,train,train,train,train,train,train,train,train,train,test
train,train,train,test,train,test,train,test,train,train,train,train,train,train,train,train,train,train,train,train,train,train,train,train
train,test,train,test,test,train,train,test,train,train,train,train,train,train,train,train,train,train,train,train,train,train,train,train
train,test,train,train,train,train,train,test,train,train,train,train,train,train,train,train,train,train,train,train,train,train,train,train
train,train,train,train,train,train,train,train,test,train,train,train,test,train,train,train,train,train,train,test,train,train,train,train
train,test,train,train,train,test,train,train,train,train,test,train,train,train,train,train,train,train,train,test,train,train,train,train
test,test,train,train,train,train,train,train,train,train,train,train,train,train,test,train,train,train,train,train,train,train,train,test
test,train,train,train,train,test,test,train,train,test,train,test,train,train,train,train,train,train,train,train,train,train,train,train
train,test,train,train,train,train,test,train,train,train,train,train,train,train,train,train,test,train,train,train,train,train,test,train
train,train,train,train,train,train,train,train,train,train,train,train,train,test,train,train,train,train,train,test,train,train,train,train
train,train,test,train,test,train,train,train,train,train,test,train,test,train,train,test,train,test,train,train,train,test,train,train
train,test,train,train,train,test,train,train,train,train,test,train,train,train,test,train,train,test,train,train,train,train,train,test
test,train,train,train,train,test,train,train,train,train,train,test,train,train,train,train,test,train,test,train,train,train,train,train
train,train,train,train,train,train,train,test,test,train,test,train,train,train,train,train,train,test,train,test,train,train,test,train
train,train,train,train,train,train,train,train,train,train,train,test,train,train,train,train,train,train,train,train,train,test,train,train
train,test,test,train,test,train,test,train,train,train,train,test,train,train,train,train,train,train,train,train,train,train,train,test
test,train,train,train,train,train,train,test,test,train,train,train,train,test,test,train,train,train,train,test,train,train,train,train
train,train,train,train,train,train,train,train,train,train,train,train,train,train,train,train,train,train,test,train,train,test,train,train
test,train,train,train,train,train,train,train,train,train,train,test,train,train,test,train,train,train,train,train,train,train,train,train
test,train,train,train,train,train,train,train,train,test,test,train,train,train,train,train,train,train,test,train,train,train,train,train
train,train,train,train,train,train,train,train,train,train,train,train,test,train,train,train,train,train,test,test,test,test,train,train
train,train,train,train,train,train,test,test,train,test,train,train,train,train,train,train,test,train,train,train,train,train,train,train
train,train,test,train,test,train,train,train,train,train,train,train,train,train,test,train,train,train,train,train,train,train,train,train
test,train,train,train,train,train,train,train,test,train,train,train,train,train,train,train,train,train,train,train,train,train,test,test
train,train,train,train,train,train,test,train,train,train,train,train,test,train,test,train,test,train,train,train,train,train,train,train
test,test,train,train,train,train,train,train,train,train,train,train,train,train,train,train,train,test,train,train,train,test,train,test
test,train,train,train,train,train,train,train,train,train,train,train,train,train,train,train,train,train,train,train,train,train,train,train
train,train,train,train,train,train,train,train,train,train,test,test,train,train,train,train,train,train,train,train,test,train,train,train
train,train,train,test,test,train,test,train,train,test,train,train,train,train,train,train,test,train,train,train,train,train,train,test
train,train,train,train,train,train,train,train,test,test,train,train,test,test,train,train,train,train,train,train,train,train,train,train
train,train,train,train,train,test,train,train,test,test,train,test,test,train,train,train,train,train,train,train,train,train,train,train
train,train,train,test,train,train,test,train,train,train,train,train,train,test,train,test,train,train,test,train,train,train,train,test
train,train,train,train,test,train,train,train,train,train,train,test,train,train,train,test,train,train,train,train,train,train,train,train
test,train,train,train,test,train,train,train,train,train,test,train,train,train,train,train,test,train,train,train,train,train,train,train
train,train,train,train,train,train,train,test,test,train,train,test,train,train,test,test,train,train,train,train,test,test,train,train
test,train,train,train,train,train,train,test,test,train,train,test,test,train,train,test,train,train,test,train,train,train,train,train
train,train,train,train,train,train,train,train,train,test,test,train,test,train,train,train,train,train,train,train,train,train,train,train
test,train,train,train,train,train,train,train,train,train,test,train,train,test,train,train,train,train,train,train,train,train,train,train
train,train,train,train,test,train,train,train,test,train,train,train,train,train,train,test,train,train,train,train,test,train,train,train
train,train,train,train,train,train,train,train,train,train,test,train,train,train,train,train,train,train,train,train,train,train,train,train
test,train,train,train,train,train,train,train,train,train,train,train,train,train,test,train,train,train,train,test,test,train,train,train
train,train,train,train,train,train,train,train,train,train,train,train,train,train,train,train,train,train,test,train,train,train,train,train
train,train,train,test,train,train,train,train,train,train,train,train,train,test,train,train,train,train,train,train,train,train,train,train
train,train,test,test,train,train,train,train,test,train,train,test,test,train,test,train,train,train,train,train,test,train,test,train
test,train,test,train,test,test,train,test,test,train,train,test,train,train,train,train,train,train,test,train,train,train,train,test
train,train,test,train,train,test,train,train,train,train,train,train,train,train,train,train,train,train,train,test,test,test,train,train
train,test,train,train,test,train,test,train,train,train,train,train,train,train,train,train,train,test,train,train,train,train,test,train
train,train,train,train,train,train,train,train,train,train,train,train,train,train,train,train,train,train,train,train,train,train,train,train
train,train,test,train,train,train,train,train,train,train,train,train,test,train,test,train,train,train,train,train,train,train,test,train
train,train,test,train,train,train,train,test,train,train,train,train,train,train,train,test,train,train,train,train,train,test,train,train
train,test,train,train,train,train,train,train,train,train,train,test,train,train,train,train,train,train,test,test,train,train,train,train
train,train,train,train,train,train,train,train,train,train,train,train,test,train,train,train,train,train,train,train,test,train,test,train
train,train,train,test,train,train,train,train,train,train,test,train,train,test,train,test,train,train,train,train,train,train,train,train
train,train,train,train,test,test,train,train,test,train,test,train,train,train,train,test,train,train,train,train,train,test,train,train
test,train,test,train,test,train,test,test,test,train,train,train,train,train,train,train,train,train,train,test,test,train,train,train
train,train,train,train,train,test,train,train,train,test,train,train,train,test,test,train,test,test,train,train,train,test,train,train
train,train,train,test,train,test,train,train,train,train,train,train,test,train,train,train,train,train,train,train,train,test,train,train
train,train,train,train,train,train,train,train,train,train,train,train,train,train,train,test,train,train,train,train,train,train,test,test
test,train,train,train,train,train,train,train,train,train,train,train,train,train,test,test,train,train,test,train,train,train,train,train
train,test,train,test,train,train,train,train,train,train,train,train,train,train,train,train,train,test,test,train,train,test,train,train
train,test,train,train,train,train,train,train,test,test,test,test,test,train,train,train,test,train,train,train,train,test,train,test
test,train,train,train,train,test,train,test,train,test,train,train,train,train,train,train,train,train,train,train,train,train,train,train
test,train,train,train,train,train,train,train,train,train,train,train,train,train,train,train,train,train,train,test,train,train,train,test
test,train,test,train,train,train,train,test,test,train,train,train,train,train,train,train,train,test,test,train,train,train,train,train
train,test,train,train,train,train,test,train,test,train,train,train,train,test,train,train,train,train,train,train,test,test,train,train
train,train,train,train,test,test,train,train,train,train,train,train,test,train,train,train,train,train,train,train,test,train,train,train
train,train,train,train,train,test,train,train,train,train,train,test,train,train,train,train,train,train,train,train,train,train,train,train
test,train,train,train,train,train,train,train,test,train,train,train,train,train,train,train,train,train,test,train,test,train,train,train
train,test,train,train,train,train,train,train,test,test,train,train,test,train,train,train,train,train,train,train,train,train,train,test
train,train,test,test,train,train,test,train,train,train,test,train,test,train,train,train,test,train,train,test,train,train,train,train
train,train,train,train,test,train,train,test,test,train,train,test,train,train,train,train,train,train,test,train,train,train,test,train
train,train,test,train,test,train,train,test,train,train,train,test,train,train,train,test,train,train,train,train,train,test,test,train
test,train,test,train,test,test,train,test,test,train,test,train,test,train,train,train,train,train,train,train,train,train,train,train
train,train,train,train,test,train,train,train,train,test,train,train,train,train,train,train,train,test,train,test,train,train,train,train
train,train,train,test,train,train,train,train,train,train,train,test,train,train,train,train,train,train,train,test,test,train,test,train
train,train,train,train,train,train,train,test,train,test,train,train,train,train,train,train,test,train,train,train,train,train,train,train
train,test,train,test,train,test,train,train,train,train,train,train,train,train,train,train,train,test,train,train,test,test,test,train
test,train,test,train,train,test,test,train,train,test,train,train,train,test,train,train,train,test,train,train,train,train,test,train
train,train,train,train,train,test,train,train,test,train,train,train,train,train,test,train,test,train,train,test,train,train,train,train
test,train,train,train,train,train,train,test,test,train,train,test,train,train,train,train,train,train,train,train,train,test,train,train
test,test,test,train,train,train,train,train,train,test,test,train,train,train,test,train,train,train,train,train,train,train,train,train
train,train,test,train,train,train,train,train,test,test,train,train,train,train,train,test,test,train,train,train,train,train,test,test
train,train,train,test,train,train,test,train,train,train,test,test,test,train,train,train,train,train,train,train,train,train,train,train
test,train,train,train,train,test,train,train,train,train,train,test,train,train,train,train,train,train,test,test,train,train,train,train
test,train,train,train,train,test,train,train,train,train,train,train,train,train,train,train,train,train,train,train,train,train,train,train
train,train,train,train,train,train,test,train,train,train,train,train,train,train,train,train,train,train,test,train,train,train,test,train
train,train,test,train,train,train,test,train,train,train,train,test,train,train,train,test,train,train,train,train,test,train,train,train
train,train,train,test,train,train,train,train,train,train,train,train,train,train,train,train,train,train,train,test,train,test,train,train
test,train,train,train,train,train,test,train,test,train,test,train,train,test,train,train,train,train,train,train,train,train,train,train
test,test,train,train,train,train,test,train,train,train,train,train,train,train,train,train,train,test,train,train,train,train,test,train
train,train,train,train,test,train,train,train,train,train,train,train,train,train,test,train,train,train,test,test,train,train,test,train
train,train,train,train,train,train,test,train,train,train,train,train,train,train,train,train,train,test,train,train,test,test,train,test
train,train,train,test,train,train,train,train,train,train,test,test,train,train,train,test,train,test,train,test,test,train,train,train
train,test,train,test,train,train,train,test,train,train,train,train,train,train,train,train,train,train,train,train,train,test,train,test
train,train,test,train,test,train,test,train,test,test,train,train,train,test,train,test,train,train,train,test,test,train,train,train
test,train,test,train,test,train,train,train,train,train,test,train,train,train,train,test,train,train,test,train,train,test,train,train
train,test,train,train,test,train,train,train,test,test,train,test,test,train,train,train,train,test,train,train,train,train,test,train
train,train,train,test,test,train,train,train,train,train,test,test,train,train,train,train,train,train,train,train,train,train,test,train
train,test,test,train,train,test,train,test,train,train,test,test,train,train,train,train,train,train,train,train,train,train,train,train
train,train,train,test,train,train,train,test,train,train,test,train,train,train,train,train,test,train,train,train,train,train,test,train
train,train,train,train,test,train,train,test,train,train,test,train,train,test,test,train,train,train,train,test,train,test,test,train
train,test,train,train,train,train,train,train,train,train,train,test,train,train,train,train,train,train,test,train,train,test,train,train
train,test,train,train,train,test,train,train,train,test,train,train,test,test,train,train,train,train,test,test,test,test,train,test
train,train,train,test,train,train,train,train,test,train,train,train,test,train,train,train,train,train,train,test,train,train,test,test
train,test,test,train,train,train,train,train,train,train,test,train,train,train,train,train,train,test,train,train,train,test,train,train
train,train,test,train,train,train,train,train,train,test,train,train,train,train,test,test,train,train,train,train,test,train,train,train
train,test,train,train,test,train,train,train,test,train,test,train,test,train,train,train,test,train,train,test,test,train,train,test
train,train,train,train,train,train,test,train,test,train,train,train,train,train,test,train,train,test,train,test,train,train,train,train
train,test,train,train,train,train,train,train,train,test,test,train,train,train,train,train,train,test,train,train,test,train,train,test
train,train,train,test,train,test,train,test,train,test,train,train,train,train,test,train,train,train,train,train,train,test,train,test
train,test,test,test,test,train,train,test,train,train,train,train,train,train,test,test,train,train,train,train,train,train,test,train
train,train,train,train,train,test,train,train,train,train,train,train,train,test,train,train,train,train,train,train,test,test,train,train
train,train,train,train,test,train,test,train,train,train,train,train,train,train,train,train,train,train,train,train,train,train,test,train
train,train,test,train,test,test,train,train,train,train,train,train,test,train,train,train,train,train,train,train,train,train,train,train
train,train,train,train,train,train,test,test,test,test,train,train,test,train,train,train,train,train,train,train,test,train,train,train
train,train,train,train,test,test,train,train,train,train,train,train,train,test,test,train,train,test,train,test,train,test,train,train
train,train,train,test,train,train,train,test,train,train,train,train,train,train,train,test,test,train,test,test,test,train,test,train
train,train,test,test,train,train,train,test,train,train,train,train,train,test,train,test,test,train,train,train,train,train,train,train
train,train,train,train,test,train,test,train,train,test,train,test,train,train,train,train,train,train,train,train,train,train,train,train
train,train,train,test,train,train,train,train,train,train,train,train,train,train,train,test,test,train,train,train,test,test,train,train
test,test,train,train,train,train,train,train,train,test,train,train,train,test,train,train,train,test,test,train,test,train,train,train
train,test,train,train,train,train,train,train,test,train,train,train,train,train,test,test,train,test,train,test,train,train,train,train
train,train,train,train,train,test,train,train,train,test,train,train,train,train,train,train,test,train,train,train,train,train,train,test
train,train,train,train,test,test,train,test,test,train,train,train,test,test,train,train,train,train,train,train,train,test,train,train
train,train,train,train,train,train,train,train,train,train,train,train,train,train,train,train,train,train,test,train,test,train,train,train
train,train,train,train,train,train,train,train,train,train,train,test,train,train,test,train,train,train,train,train,train,train,train,train
test,test,train,test,train,test,train,train,train,test,test,train,train,test,train,test,train,train,train,train,train,test,train,train
train,test,test,train,train,train,train,train,test,train,train,train,train,test,test,train,train,test,test,test,test,train,train,train
train,train,train,train,train,train,train,train,test,train,test,train,train,train,train,test,train,test,train,train,train,test,train,train
train,train,train,train,train,train,test,train,train,train,train,train,train,test,train,test,train,train,test,test,test,train,train,train
train,test,train,train,test,test,train,test,test,train,train,train,test,train,train,train,train,train,train,train,train,test,train,train
train,test,train,train,train,test,train,train,train,train,train,train,test,train,train,train,train,train,train,test,train,train,train,train
train,train,test,train,train,test,train,train,train,train,train,test,train,test,test,test,train,train,test,train,train,train,train,train
train,train,train,train,train,test,test,test,test,test,train,train,train,train,train,train,train,train,train,test,train,test,train,train
train,train,test,train,train,train,train,train,train,train,train,train,test,train,train,test,train,train,train,train,train,train,train,train
test,train,train,train,train,train,train,train,train,train,train,test,train,train,train,test,train,train,test,train,train,test,test,train
train,train,train,train,test,test,test,train,train,train,train,train,train,test,train,train,train,train,train,train,train,train,test,test
train,train,train,train,train,test,train,train,train,train,train,train,test,train,train,test,test,train,train,train,train,train,train,train
train,train,train,train,train,train,train,train,train,train,train,train,train,train,train,train,train,train,train,train,test,test,test,test
train,train,train,train,test,train,test,train,train,train,train,train,train,train,train,train,train,train,train,train,train,train,train,train
test,train,train,train,train,train,train,train,train,train,train,test,train,train,train,train,train,train,test,train,test,train,train,train
test,test,train,test,train,train,train,test,train,train,train,train,train,test,train,train,train,train,train,train,train,test,test,train
test,train,train,test,train,train,train,train,train,train,test,train,train,train,train,train,train,test,test,train,train,train,train,train
train,train,train,train,train,train,train,train,train,train,train,test,train,train,test,train,train,train,train,train,train,train,train,train
train,train,test,train,train,train,train,train,train,test,train,train,train,train,test,train,train,train,train,train,train,test,train,train
train,train,train,train,train,train,train,train,train,train,train,train,train,train,train,train,train,test,train,train,train,train,train,train
test,test,train,train,train,train,train,train,train,test,test,test,train,train,train,train,train,train,train,train,train,train,train,train
train,test,train,train,train,train,train,train,test,train,train,train,train,test,test,train,train,train,train,test,test,train,train,test
test,train,test,train,test,train,train,train,test,test,train,train,train,train,train,train,train,train,train,test,train,train,train,test
test,train,train,train,train,train,train,test,train,train,test,train,train,test,train,train,test,train,train,train,train,train,train,train
train,test,train,train,train,test,test,train,train,train,test,test,train,train,train,test,train,train,train,test,train,train,train,test
train,train,train,train,train,train,train,test,test,test,train,test,train,train,train,train,train,train,train,train,test,train,train,test
train,train,train,train,test,train,train,train,test,test,train,train,train,test,train,train,train,train,test,train,train,train,train,test
train,train,train,test,train,train,train,train,train,train,test,test,train,test,train,train,train,train,test,train,train,train,train,train
test,train,train,train,train,train,train,train,train,train,train,train,train,test,train,train,train,train,test,train,train,train,test,train
train,train,train,train,test,train,train,train,test,train,train,train,train,train,train,train,train,train,train,train,test,train,test,train
train,train,train,train,train,train,train,train,train,train,train,train,train,train,test,train,train,test,test,train,train,train,train,test
train,test,train,train,test,test,train,train,train,train,train,train,train,test,train,train,train,train,test,test,train,train,train,train
test,train,train,train,test,test,train,test,test,train,train,train,train,train,test,train,train,test,test,train,test,train,train,train
train,train,train,test,train,test,train,train,train,train,train,train,train,test,train,train,train,test,test,train,test,test,train,test
train,train,test,train,train,train,train,train,train,test,train,test,train,train,train,train,train,train,test,test,test,train,train,test
train,train,train,train,train,test,train,test,train,train,train,test,train,train,test,test,train,train,test,train,train,train,train,train
test,train,test,train,train,train,train,test,train,train,train,test,test,train,test,train,train,train,test,test,train,train,train,test
train,train,train,train,train,train,train,train,train,train,train,train,train,train,train,train,train,test,train,train,test,train,train,train
train,train,train,train,train,train,train,test,train,train,train,train,train,train,train,train,train,train,train,test,test,train,train,train
train,train,train,train,train,test,test,train,test,test,test,train,train,train,train,train,train,test,train,test,train,train,train,test
train,train,train,test,test,test,test,test,train,train,train,train,train,train,test,test,train,train,train,train,train,test,test,train
train,train,train,train,train,train,train,train,train,test,train,train,train,train,train,train,train,train,train,train,train,train,train,train
train,train,train,train,train,train,train,train,train,train,train,train,train,train,test,test,test,test,test,train,train,train,train,test
train,train,train,train,test,train,train,test,train,test,test,test,train,train,train,train,train,train,train,train,train,train,train,train
train,train,train,train,train,test,test,train,train,test,train,train,train,train,train,train,test,train,train,train,train,test,train,train
train,train,train,train,train,test,train,train,train,train,train,train,test,train,train,train,test,train,train,train,train,train,test,train
train,train,train,test,train,train,train,test,train,train,train,test,train,test,train,test,test,train,train,train,train,train,train,train
train,test,train,train,test,train,train,test,train,train,train,train,train,train,train,train,train,train,test,train,train,test,train,train
train,train,train,train,train,train,test,train,train,train,test,train,train,train,test,train,train,train,train,train,train,test,train,train
train,train,train,train,train,train,train,train,train,train,test,train,train,test,train,train,train,train,train,train,train,train,train,test
train,train,train,train,train,train,train,train,train,train,train,train,train,train,train,test,train,train,train,train,train,train,train,train
test,train,train,train,train,train,test,test,train,train,test,test,train,train,test,train,train,train,test,train,train,test,train,train
train,test,train,train,test,train,train,test,test,train,test,train,train,test,train,train,test,train,train,test,train,train,train,train
test,train,train,train,train,train,train,train,train,train,test,train,train,train,train,train,train,train,train,test,train,test,train,train
train,test,train,train,train,test,train,train,train,train,train,train,train,train,train,train,train,train,train,test,train,train,train,train
train,test,train,train,train,train,train,train,train,train,test,train,train,train,train,train,train,test,test,train,test,test,test,train
train,test,test,train,train,test,test,train,train,train,test,train,test,train,test,train,train,train,test,train,test,test,train,train
train,test,train,test,test,train,test,train,test,train,test,train,train,test,train,train,train,train,train,train,train,train,test,test
train,train,train,train,train,train,test,train,train,train,train,train,train,test,test,train,train,train,train,train,test,train,test,train
train,train,train,train,train,train,train,train,train,train,test,train,train,train,train,train,test,train,train,train,train,test,train,train
test,train,train,train,train,train,test,train,train,train,train,train,train,train,train,train,train,train,train,train,train,test,train,train
train,train,test,train,train,train,train,train,train,train,train,train,train,train,train,train,train,train,train,train,train,train,test,train
train,train,train,train,train,train,train,train,train,test,train,train,test,train,test,train,train,train,test,train,train,train,train,train
train,test,test,train,train,train,test,test,train,train,test,test,train,train,train,test,train,test,train,train,train,train,train,train
train,train,train,train,test,train,train,train,train,train,train,train,train,test,train,train,test,train,train,train,test,train,train,test
test,test,train,train,train,train,test,test,train,test,train,train,test,train,train,train,test,train,train,train,train,test,train,test
train,train,train,test,test,test,train,train,train,train,test,train,train,train,train,train,train,train,train,test,train,train,train,train
train,train,train,train,test,train,train,train,train,train,test,train,train,train,test,train,test,train,train,train,train,train,train,train
train,train,test,test,test,train,train,train,train,train,train,test,train,test,train,train,test,train,train,train,test,train,train,train
train,test,train,train,train,train,train,train,train,train,test,test,test,train,train,train,train,train,train,train,train,train,test,test
train,train,train,train,train,test,train,train,train,train,train,train,train,train,train,train,train,train,train,train,train,train,test,train
test,train,train,train,train,train,train,test,test,train,train,train,test,test,train,train,train,train,train,train,train,train,train,train
train,train,test,test,train,train,test,train,train,train,train,train,train,train,train,train,train,train,train,test,train,test,train,train
train,train,train,train,test,train,train,test,train,train,train,test,train,train,train,train,train,train,test,train,train,train,train,train
train,train,test,test,train,train,train,train,train,train,train,train,train,train,train,train,train,train,train,train,train,train,train,train
train,test,train,train,train,test,train,train,train,test,train,train,train,test,train,train,train,train,train,train,train,train,train,train
train,train,train,train,train,train,train,train,train,train,train,train,train,train,train,train,train,test,test,train,train,test,train,train
train,train,train,train,train,train,train,test,train,train,train,test,train,train,test,train,train,train,train,train,test,train,test,train
