smiles,split_shipped,split_R0_from_D0,split_R2_from_D2,cluster_D0,cluster_D2,nn_ecfp4_sim_to_train_shipped,nn_ecfp4_sim_to_train_R0,nn_ecfp4_sim_to_train_R2
COC[C@H]1OC(=O)c2coc3c2[C@@]1(C)C1=C(C3=O)[C@@H]2CCC(=O)[C@@]2(C)C[C@H]1OC(C)=O,train,train,train,0,0,0.16346154,0.16346154,0.17
O=c1cc(N2CCOCC2)oc2c(-c3ccccc3)cccc12,train,train,train,1,1,0.29166666,0.29166666,0.29166666
CS(=O)(=O)N1CCN(Cc2cc3nc(-c4cccc5[nH]ncc45)nc(N4CCOCC4)c3s2)CC1,test,test,test,1,1,0.5277778,0.5277778,0.5277778
COc1ccc(NC(=O)c2c(C)ccc3c(N)nc(C)nc23)cn1,test,test,train,2,2,0.7647059,0.7647059,0.7647059
COc1ccc(NC(=O)c2cc(C)cc3c(N)nc(C)nc23)cn1,train,train,test,2,2,0.7692308,0.7692308,0.7692308
Cc1nc(N)c2ccc(C)c(C(=O)Nc3ccn[nH]3)c2n1,train,train,train,2,2,0.5925926,0.5925926,0.6415094
Cc1cc(C(=O)Nc2ccn[nH]2)c2nc(C)nc(N)c2c1,test,test,test,0,0,0.68333334,0.68333334,0.68333334
Cc1nc(N)c2cc(CN3CCOCC3)cc(C(=O)Nc3ccn[nH]3)c2n1,train,train,train,1,1,0.53846157,0.53846157,0.53846157
Cc1nc(N)c2cc(CN(C)C)cc(C(=O)Nc3ccn[nH]3)c2n1,test,test,test,0,0,0.6875,0.6875,0.6875
Cc1ccc(NC(=O)c2cccc3c(N)nc(C)nc23)cn1,train,train,train,2,2,0.7647059,0.7647059,0.7647059
Cc1ccc(NC(=O)c2c(C)ccc3c(N)nc(C)nc23)cn1,train,train,train,2,2,0.6862745,0.6862745,0.7647059
Cc1cc(C(=O)Nc2ccc(C)nc2)c2nc(C)nc(N)c2c1,train,train,train,2,2,0.7692308,0.7692308,0.7692308
Cc1nc(N)c2cccc(C(=O)Nc3ccc(N(C)C)nc3)c2n1,train,train,train,2,2,0.7647059,0.7647059,0.7647059
Cc1nc(N)c2ccc(C)c(C(=O)Nc3ccc(N(C)C)nc3)c2n1,test,test,train,2,2,0.7647059,0.7647059,0.7647059
Cc1cc(C(=O)Nc2ccc(N(C)C)nc2)c2nc(C)nc(N)c2c1,train,train,train,2,2,0.7692308,0.7692308,0.7692308
Cc1nc(N)c2cccc(C(=O)Nc3cnc4[nH]ccc4c3)c2n1,train,train,train,2,2,0.7818182,0.7818182,0.7818182
Cc1nc(N)c2ccc(C)c(C(=O)Nc3cnc4[nH]ccc4c3)c2n1,train,train,train,2,2,0.71929824,0.71929824,0.71929824
Cc1cc(C(=O)Nc2cnc3[nH]ccc3c2)c2nc(C)nc(N)c2c1,train,train,train,2,2,0.7818182,0.7818182,0.7818182
Cc1nc(N)c2cccc(C(=O)Nc3cn[nH]c3)c2n1,train,train,train,2,2,0.7254902,0.7254902,0.7254902
Cc1nc(N)c2ccc(C)c(C(=O)Nc3cn[nH]c3)c2n1,test,test,train,2,2,0.6923077,0.6923077,0.6923077
Cc1cc(C(=O)Nc2cn[nH]c2)c2nc(C)nc(N)c2c1,train,train,train,2,2,0.7254902,0.7254902,0.7254902
CSc1nccc(-c2ccc3nc(NC(C)=O)sc3c2)n1,train,train,train,0,0,0.7592593,0.7592593,0.7592593
CC(=O)Nc1nc2ccc(-c3ccnc(Sc4ccccc4)n3)cc2s1,train,train,test,0,0,0.8490566,0.8490566,0.8490566
CC(=O)Nc1nc2ccc(-c3ccnc(SCc4ccccc4)n3)cc2s1,train,train,test,0,0,0.7413793,0.7413793,0.7241379
CC(=O)Nc1nc2ccc(-c3ccnc(Oc4ccccc4)n3)cc2s1,train,train,train,0,0,0.75438595,0.75438595,0.75438595
CC(=O)Nc1nc2ccc(-c3ccnc(OCc4ccccc4)n3)cc2s1,train,train,train,0,0,0.8545455,0.8545455,0.8545455
CC(=O)Nc1nc2ccc(-c3ccnc(Nc4ccccc4)n3)cc2s1,test,test,train,0,0,0.76363635,0.76363635,0.76363635
CC(=O)Nc1nc2ccc(-c3ccnc(NCc4ccccc4)n3)cc2s1,train,train,train,0,0,0.7719298,0.7719298,0.7719298
CC(=O)Nc1nc2ccc(-c3ccnc(Cc4ccccc4)n3)cc2s1,test,test,train,0,0,0.76785713,0.76785713,0.76785713
CC(=O)Nc1nc2ccc(-c3ccnc(CCc4ccccc4)n3)cc2s1,test,test,test,0,0,0.7758621,0.7758621,0.8301887
CC(=O)Nc1nc2ccc(-c3ccnc(Sc4ccccc4F)n3)cc2s1,train,train,train,0,0,0.80701756,0.80701756,0.80701756
CC(=O)Nc1nc2ccc(-c3ccnc(Sc4cccc(F)c4)n3)cc2s1,train,train,train,0,0,0.8245614,0.8245614,0.8245614
CC(=O)Nc1nc2ccc(-c3ccnc(Sc4ccc(F)cc4)n3)cc2s1,train,train,train,0,0,0.8518519,0.8518519,0.8518519
CC(=O)Nc1nc2ccc(-c3ccnc(Sc4ccccc4C)n3)cc2s1,train,train,train,0,0,0.80701756,0.80701756,0.80701756
CC(=O)Nc1nc2ccc(-c3ccnc(Sc4cccc(C)c4)n3)cc2s1,train,train,train,0,0,0.8363636,0.8363636,0.8363636
CC(=O)Nc1nc2ccc(-c3ccnc(Sc4ccc(C)cc4)n3)cc2s1,train,train,train,0,0,0.8518519,0.8518519,0.8518519
COc1ccccc1Sc1nccc(-c2ccc3nc(NC(C)=O)sc3c2)n1,train,train,train,0,0,0.779661,0.779661,0.779661
COc1cccc(Sc2nccc(-c3ccc4nc(NC(C)=O)sc4c3)n2)c1,train,train,train,0,0,0.8448276,0.8448276,0.8448276
COc1ccc(Sc2nccc(-c3ccc4nc(NC(C)=O)sc4c3)n2)cc1,train,train,train,0,0,0.8448276,0.8448276,0.8448276
CC(=O)Nc1nc2ccc(-c3ccnc(OCc4cccc(F)c4)n3)cc2s1,train,train,test,0,0,0.8196721,0.8196721,0.8196721
CC(=O)Nc1nc2ccc(-c3ccnc(OCc4cccc(C)c4)n3)cc2s1,train,train,train,0,0,0.82758623,0.82758623,0.82758623
COc1cccc(COc2nccc(-c3ccc4nc(NC(C)=O)sc4c3)n2)c1,train,train,train,0,0,0.84745765,0.84745765,0.84745765
CC(=O)Nc1nc2ccc(-c3ccnc(OCc4ccc(F)cc4)n3)cc2s1,train,train,train,0,0,0.82758623,0.82758623,0.85714287
CC(=O)Nc1nc2ccc(-c3ccnc(OCc4ccc(C)cc4)n3)cc2s1,test,test,train,0,0,0.85714287,0.85714287,0.85714287
COc1ccc(COc2nccc(-c3ccc4nc(NC(C)=O)sc4c3)n2)cc1,train,train,train,0,0,0.84745765,0.84745765,0.85714287
CC(=O)Nc1nc2ccc(-c3ccnc(OCc4ccncc4)n3)cc2s1,train,train,test,0,0,0.8545455,0.8545455,0.8545455
CC(=O)Nc1nc2ccc(-c3ccnc(OCCCc4ccncc4)n3)cc2s1,train,train,test,0,0,0.86206895,0.86206895,0.86206895
CC(=O)Nc1nc2ccc(-c3ccnc(OCCCc4cccnc4)n3)cc2s1,train,train,test,0,0,0.86440676,0.86440676,0.86440676
CC(=O)Nc1nc2ccc(-c3ccnc(OCCCc4ccccc4)n3)cc2s1,train,train,train,0,0,0.86440676,0.86440676,0.8103448
CC(=O)Nc1nc2ccc(-c3ccnc(OCCCN4CCOCC4)n3)cc2s1,train,train,train,0,0,0.93333334,0.93333334,0.67164177
CC(=O)Nc1nc2ccc(-c3ccnc(OCCN4CCOCC4)n3)cc2s1,train,train,test,0,0,0.93333334,0.93333334,0.93333334
COCCCOc1nccc(-c2ccc3nc(NC(C)=O)sc3c2)n1,train,train,test,0,0,0.7627119,0.7627119,0.7627119
CC(=O)Nc1nc2ccc(-c3ccnc(NC(C)(C)c4ccccc4)n3)cc2s1,train,train,train,0,0,0.7719298,0.7719298,0.7719298
COc1ccc(C(=O)Nc2nccc(-c3ccc4nc(NC(C)=O)sc4c3)n2)cc1,train,train,test,0,0,0.7258065,0.7258065,0.7258065
COc1ccc(S(=O)(=O)Nc2nccc(-c3ccc4nc(NC(C)=O)sc4c3)n2)cc1,train,train,train,0,0,0.8448276,0.8448276,0.8448276
COc1ccc(S(=O)(=O)N(C)c2nccc(-c3ccc4nc(NC(C)=O)sc4c3)n2)cc1,train,train,train,0,0,0.84745765,0.84745765,0.796875
CCN(c1nccc(-c2ccc3nc(NC(C)=O)sc3c2)n1)S(=O)(=O)c1ccc(OC)cc1,train,train,train,0,0,0.796875,0.796875,0.796875
CC(=O)Nc1nc2ccc(-c3ccnc(NS(=O)(=O)c4ccccc4F)n3)cc2s1,train,train,train,0,0,0.71428573,0.71428573,0.74603176
CC(=O)Nc1nc2ccc(-c3ccnc(N(C)S(=O)(=O)c4ccccc4F)n3)cc2s1,train,train,train,0,0,0.71875,0.71875,0.7121212
CC(=O)Nc1nc2ccc(-c3ccnc(NS(=O)(=O)c4cccc(F)c4)n3)cc2s1,test,test,train,0,0,0.7580645,0.7580645,0.8196721
CC(=O)Nc1nc2ccc(-c3ccnc(NS(=O)(=O)c4ccc(F)cc4)n3)cc2s1,test,test,train,0,0,0.8596491,0.8596491,0.8596491
CC(=O)Nc1nc2ccc(-c3ccnc(NS(=O)(=O)c4ccc(C)cc4)n3)cc2s1,train,train,train,0,0,0.8448276,0.8448276,0.8596491
CC(=O)Nc1nc2ccc(-c3ccnc(N(C)S(=O)(=O)c4ccc(C)cc4)n3)cc2s1,train,train,test,0,0,0.84745765,0.84745765,0.84745765
COc1ccc(S(=O)(=O)Nc2cc(-c3ccc4nc(NC(C)=O)sc4c3)ccn2)cc1,train,train,train,0,0,0.7419355,0.7419355,0.7419355
COc1ccc(S(=O)(=O)Nc2cncc(-c3ccc4nc(NC(C)=O)sc4c3)c2)cc1,train,train,train,0,0,0.7966102,0.7966102,0.7966102
COc1ccc(S(=O)(=O)Nc2cncc(-c3ccc4nc(NC(C)=O)sc4c3)n2)cc1,test,test,train,0,0,0.73015875,0.73015875,0.73015875
COc1ccc(S(=O)(=O)Nc2cccc(-c3ccc4nc(NC(C)=O)sc4c3)c2)cc1,train,train,train,0,0,0.7966102,0.7966102,0.7966102
COc1ccc(S(=O)(=O)Nc2cc(-c3ccc4nc(NC(C)=O)sc4c3)cnc2C#N)cc1,train,train,train,0,0,0.6764706,0.6764706,0.796875
COc1ccc(S(=O)(=O)Nc2cc(-c3ccc4nc(NC(C)=O)sc4c3)cnc2C)cc1,test,test,train,0,0,0.796875,0.796875,0.796875
CC(=O)Nc1nc2ccc(-c3cnc(Cl)c(NS(=O)(=O)c4ccccc4)c3)cc2s1,train,train,train,3,3,0.8360656,0.8360656,0.8360656
CC(=O)Nc1nc2ccc(-c3cnc(Cl)c(NS(=O)(=O)c4cccc(F)c4)c3)cc2s1,train,train,train,3,3,0.8360656,0.8360656,0.83870965
CC(=O)Nc1nc2ccc(-c3cnc(Cl)c(NS(=O)(=O)c4ccc(F)cc4)c3)cc2s1,test,test,train,3,3,0.83870965,0.83870965,0.83870965
CN(C(=O)c1cc2c(s1)-c1ccccc1OCC2)c1ccccc1Cl,train,train,train,0,0,0.8,0.8,0.8
CC(=O)Nc1ccc2c(c1)OCCc1cc(C(=O)N(C)c3ccccc3Cl)sc1-2,train,train,train,0,0,0.85,0.85,0.85
COC(=O)Nc1ccc2c(c1)OCCc1cc(C(=O)N(C)c3ccccc3Cl)sc1-2,train,train,train,0,0,0.85,0.85,0.85
CN(C(=O)c1cc2c(s1)-c1ccc(C(N)=O)cc1OCC2)c1ccccc1Cl,train,train,train,0,0,0.8135593,0.8135593,0.875
CNC(=O)c1ccc2c(c1)OCCc1cc(C(=O)N(C)c3ccccc3Cl)sc1-2,train,train,train,0,0,0.8360656,0.8360656,0.86206895
CN(C(=O)c1cc2c(s1)-c1ccc(C(=O)N3CCOCC3)cc1OCC2)c1ccccc1Cl,test,test,test,0,0,0.7741935,0.7741935,0.7741935
CN(C(=O)c1cc2c(s1)-c1ccc(-c3cn[nH]c3)cc1OCC2)c1ccccc1Cl,train,train,train,0,0,0.75,0.75,0.8208955
CN(C(=O)c1cc2c(s1)-c1ccccc1OCC2)c1ccncc1Cl,train,train,train,0,0,0.78571427,0.78571427,0.78571427
CN(C(=O)c1cc2c(s1)-c1ccc(-c3cn[nH]c3)cc1OCC2)c1ccncc1Cl,test,test,train,0,0,0.8208955,0.8208955,0.8208955
CNC(=O)c1ccc(N(C)C(=O)c2cc3c(s2)-c2ccc(C(=O)NC)cc2OCC3)c(Cl)c1,test,test,train,0,0,0.9298246,0.9298246,0.9298246
CNC(=O)c1ccc2c(c1)OCCc1cc(C(=O)N(C)c3ccc(C(=O)N(C)C)cc3Cl)sc1-2,train,train,train,0,0,0.8064516,0.8064516,0.9298246
Nc1nc2ccc(-c3cnc(Cl)c(NS(=O)(=O)c4ccc(F)cc4)c3)cc2s1,train,train,train,3,3,0.71929824,0.71929824,0.7258065
O=S(=O)(Nc1cc(-c2ccc3ncsc3c2)cnc1Cl)c1ccc(F)cc1,train,train,train,3,3,0.71929824,0.71929824,0.71929824
CC(=O)Nc1cn2nc(-c3cnc(Cl)c(NS(=O)(=O)c4ccc(F)cc4)c3)ccc2n1,train,train,test,3,3,0.6935484,0.6935484,0.7704918
Nc1cn2nc(-c3cnc(Cl)c(NS(=O)(=O)c4ccc(F)cc4)c3)ccc2n1,test,test,train,3,3,0.7704918,0.7704918,0.71666664
O=S(=O)(Nc1cc(-c2ccc3nccn3n2)cnc1Cl)c1ccc(F)cc1,train,train,train,3,3,0.6935484,0.6935484,0.71666664
CC(=O)Nc1cn2cc(-c3cnc(Cl)c(NS(=O)(=O)c4ccc(F)cc4)c3)ccc2n1,test,test,train,3,3,0.7619048,0.7619048,0.7258065
Nc1cn2cc(-c3cnc(Cl)c(NS(=O)(=O)c4ccc(F)cc4)c3)ccc2n1,train,train,train,3,3,0.7241379,0.7241379,0.7258065
O=S(=O)(Nc1cc(-c2ccc3nccn3c2)cnc1Cl)c1ccc(F)cc1,train,train,test,3,3,0.7368421,0.7368421,0.7368421
CC(=O)Nc1nc2ccc(-c3cnc(Cl)c(NS(=O)(=O)c4ccc(F)cc4)c3)cc2[nH]1,train,train,train,3,3,0.72131145,0.72131145,0.72131145
Nc1nc2ccc(-c3cnc(Cl)c(NS(=O)(=O)c4ccc(F)cc4)c3)cc2[nH]1,train,train,train,3,3,0.72131145,0.72131145,0.72131145
O=S(=O)(Nc1cc(-c2ccc3nc[nH]c3c2)cnc1Cl)c1ccc(F)cc1,train,train,train,3,3,0.7307692,0.7307692,0.7307692
CC(=O)Nc1nc2ccc(-c3cnc(Cl)c(NS(=O)(=O)c4ccc(F)cc4)c3)cc2o1,test,test,train,3,3,0.6818182,0.6818182,0.6818182
Nc1nc2ccc(-c3cnc(Cl)c(NS(=O)(=O)c4ccc(F)cc4)c3)cc2o1,test,test,test,3,3,0.70689654,0.70689654,0.7258065
O=S(=O)(Nc1cc(-c2ccc3ncoc3c2)cnc1Cl)c1ccc(F)cc1,train,train,train,3,3,0.7037037,0.7037037,0.7037037
O=S(=O)(Nc1cc(-c2ccc3nncn3c2)cnc1Cl)c1ccc(F)cc1,train,train,train,3,3,0.7368421,0.7368421,0.7118644
O=S(=O)(Nc1cc(-c2ccc3sncc3c2)cnc1Cl)c1ccc(F)cc1,train,train,train,3,3,0.6666667,0.6666667,0.6666667
O=S(=O)(Nc1cc(-c2ccc3nccc(N4CCN(Cc5ccncc5)CC4)c3c2)cnc1Cl)c1ccc(F)cc1,train,train,train,3,3,0.89705884,0.89705884,0.89705884
CN(C)c1ccc(-c2ccnc3ccc(-c4cnc(Cl)c(NS(=O)(=O)c5ccc(F)cc5)c4)cc23)cc1,train,train,train,3,3,0.8032787,0.8032787,0.8032787
O=S(=O)(Nc1cc(-c2ccc3ncc(NCCc4ccccc4)nc3c2)cnc1Cl)c1ccc(F)cc1,train,train,train,3,3,0.75,0.75,0.75
O=S(=O)(Nc1cc(-c2ccc3ncc(NCCN4CCOCC4)nc3c2)cnc1Cl)c1ccc(F)cc1,train,train,train,3,3,0.86764705,0.86764705,0.7083333
COCCNc1cnc2ccc(-c3cnc(Cl)c(NS(=O)(=O)c4ccc(F)cc4)c3)cc2n1,train,train,train,3,3,0.75,0.75,0.75
CN(Cc1ccccc1)c1cnc2ccc(-c3cnc(Cl)c(NS(=O)(=O)c4ccc(F)cc4)c3)cc2n1,train,train,test,3,3,0.765625,0.765625,0.765625
O=S(=O)(Nc1cc(-c2ccc3nccc(-c4cccnc4)c3c2)cnc1Cl)c1ccc(F)cc1,train,train,train,3,3,0.84745765,0.84745765,0.84745765
CC(C)N1CCN(c2cnc3ccc(-c4cnc(Cl)c(NS(=O)(=O)c5ccc(F)cc5)c4)cc3n2)CC1,test,test,train,3,3,0.7761194,0.7761194,0.7761194
O=S(=O)(Nc1cc(-c2ccc3ncc(N4CCC(F)(F)CC4)nc3c2)cnc1Cl)c1ccc(F)cc1,test,test,test,3,3,0.8,0.8,0.8
O=S(=O)(Nc1cc(-c2ccc3ncc(N4CCCCC4)nc3c2)cnc1Cl)c1ccc(F)cc1,test,test,test,3,3,0.852459,0.852459,0.852459
O=S(=O)(Nc1cc(-c2ccc3nnccc3c2)cnc1Cl)c1ccc(F)cc1,train,train,train,3,3,0.76363635,0.76363635,0.76363635
O=S(=O)(Nc1cc(-c2ccc3nccc(N4CCC(O)CC4)c3c2)cnc1Cl)c1ccc(F)cc1,train,train,train,3,3,0.828125,0.828125,0.828125
O=S(=O)(Nc1cc(-c2ccc3nccc(-c4ccncc4)c3c2)cnc1Cl)c1ccc(F)cc1,train,train,train,3,3,0.8596491,0.8596491,0.8596491
O=S(=O)(Nc1cc(-c2ccc3ncc(N4C[C@H]5CC[C@H](CC5)C4)nc3c2)cnc1Cl)c1ccc(F)cc1,test,test,train,3,3,0.75757575,0.75757575,0.75757575
O=S(=O)(Nc1cc(-c2ccc3ncc(NCC4CCCCC4)nc3c2)cnc1Cl)c1ccc(F)cc1,train,train,test,3,3,0.7246377,0.7246377,0.8382353
CC(C)N1CCN(c2ccnc3ccc(-c4cnc(Cl)c(NS(=O)(=O)c5ccc(F)cc5)c4)cc23)CC1,train,train,train,3,3,0.8153846,0.8153846,0.8153846
O=S(=O)(Nc1cc(-c2ccc3ncc(N4CCOCC4)nc3c2)cnc1Cl)c1ccc(F)cc1,train,train,train,3,3,0.7536232,0.7536232,0.7761194
O=S(=O)(Nc1cc(-c2ccc3nccc(N4CCN(Cc5ccccc5)CC4)c3c2)cnc1Cl)c1ccc(F)cc1,train,train,train,3,3,0.89705884,0.89705884,0.89705884
COCCN(C)c1cnc2ccc(-c3cnc(Cl)c(NS(=O)(=O)c4ccc(F)cc4)c3)cc2n1,test,test,train,3,3,0.765625,0.765625,0.765625
O=S(=O)(Nc1cc(-c2ccc3ncc(NCCN4CCCCC4)nc3c2)cnc1Cl)c1ccc(F)cc1,train,train,test,3,3,0.86764705,0.86764705,0.86764705
O=S(=O)(Nc1cc(-c2ccc3nccnc3c2)cnc1Cl)c1ccc(F)cc1,train,train,train,3,3,0.7692308,0.7692308,0.7692308
O=S(=O)(Nc1cc(-c2ccc3nccc(N4CCCCC4)c3c2)cnc1Cl)c1ccc(F)cc1,train,train,train,3,3,0.8548387,0.8548387,0.828125
COC1CCN(c2cnc3ccc(-c4cnc(Cl)c(NS(=O)(=O)c5ccc(F)cc5)c4)cc3n2)CC1,train,train,test,3,3,0.7536232,0.7536232,0.7536232
O=S(=O)(Nc1cc(-c2ccc3ncccc3c2)cnc1Cl)c1ccc(F)cc1,train,train,train,3,3,0.7735849,0.7735849,0.7692308
O=S(=O)(Nc1cc(-c2ccc3ncccc3n2)cnc1Cl)c1ccc(F)cc1,train,train,train,3,3,0.75,0.75,0.75
O=S(=O)(Nc1cc(-c2ccc3nccc(-c4ccccc4)c3c2)cnc1Cl)c1ccc(F)cc1,train,train,train,3,3,0.8596491,0.8596491,0.8596491
O=S(=O)(Nc1cc(-c2ccc3ncc(-c4ccncc4)nc3c2)cnc1Cl)c1ccc(F)cc1,train,train,train,3,3,0.73214287,0.73214287,0.73214287
O=S(=O)(Nc1cc(-c2ccc3nccc(N4CCOCC4)c3c2)cnc1Cl)c1ccc(F)cc1,train,train,test,3,3,0.8548387,0.8548387,0.8548387
O=S(=O)(Nc1cc(-c2ccc3ncc(NCC4CCCNC4)nc3c2)cnc1Cl)c1ccc(F)cc1,test,test,train,3,3,0.8382353,0.8382353,0.6533333
CN(C)c1cnc2ccc(-c3cnc(Cl)c(NS(=O)(=O)c4ccc(F)cc4)c3)cc2n1,train,train,train,3,3,0.765625,0.765625,0.765625
O=S(=O)(Nc1cc(-c2ccc3ncncc3c2)cnc1Cl)c1ccc(F)cc1,test,test,test,3,3,0.7592593,0.7592593,0.7592593
CN(C)c1ccnc2ccc(-c3cnc(Cl)c(NS(=O)(=O)c4ccc(F)cc4)c3)cc12,train,train,train,3,3,0.7741935,0.7741935,0.7741935
COCCNc1ccnc2ccc(-c3cnc(Cl)c(NS(=O)(=O)c4ccc(F)cc4)c3)cc12,train,train,train,3,3,0.7205882,0.7205882,0.7205882
O=S(=O)(Nc1cc(-c2ccc3cnccc3c2)cnc1Cl)c1ccc(F)cc1,train,train,train,3,3,0.71428573,0.71428573,0.71428573
O=S(=O)(Nc1cc(-c2cc3cccnc3cn2)cnc1Cl)c1ccc(F)cc1,train,train,train,3,3,0.76363635,0.76363635,0.76363635
O=S(=O)(Nc1cc(-c2cnc3ncccc3c2)cnc1Cl)c1ccc(F)cc1,train,train,test,3,3,0.7735849,0.7735849,0.7735849
Cc1c(CN2CCN(C(=O)CO)CC2)sc2c(N3CCOCC3)nc(-c3cnc(N)nc3)nc12,train,train,train,1,1,0.79710144,0.79710144,0.79710144
CS(=O)(=O)N1CCN(Cc2cc3c(N4CCOCC4)nc(-c4cnc(N)nc4)nc3s2)CC1,train,train,train,1,1,0.78333336,0.78333336,0.78333336
c1cc(-c2nc(N3CCOCC3)c3ccsc3n2)c2cn[nH]c2c1,train,train,train,1,1,0.5714286,0.5714286,0.5714286
Nc1ncc(-c2nc(N3CCOCC3)c3ccsc3n2)cn1,train,train,train,1,1,0.5862069,0.5862069,0.5862069
CN1CCN(Cc2cc3c(N4CCOCC4)nc(-c4cnc(N)nc4)nc3s2)CC1,train,train,train,1,1,0.78333336,0.78333336,0.78333336
Nc1ncc(-c2nc(N3CCOCC3)c3cc(CC4CCN(CC(F)(F)F)CC4)sc3n2)cn1,train,train,train,1,1,0.7164179,0.7164179,0.7164179
CS(=O)(=O)N1CCC(Cc2cc3c(N4CCOCC4)nc(-c4cnc(N)nc4)nc3s2)CC1,train,train,train,1,1,0.75384617,0.75384617,0.75384617
CS(=O)(=O)C1CCN(Cc2cc3c(N4CCOCC4)nc(-c4cnc(N)nc4)nc3s2)CC1,train,train,train,1,1,0.78125,0.78125,0.78125
CN(Cc1cc2c(N3CCOCC3)nc(-c3cnc(N)nc3)nc2s1)S(C)(=O)=O,train,train,train,1,1,0.6923077,0.6923077,0.6923077
CN(C)C(=O)N1CCN(Cc2cc3c(N4CCOCC4)nc(-c4cnc(N)nc4)nc3s2)CC1,train,train,train,1,1,0.7580645,0.7580645,0.7580645
CS(=O)(=O)c1cccc(-c2cc3c(N4CCOCC4)nc(-c4cnc(N)nc4)nc3s2)c1,train,train,train,1,1,0.61764705,0.61764705,0.61764705
CN(C(=O)c1cc2c(s1)-c1ccc(-c3ccn[nH]3)cc1OCC2)c1ccccc1Cl,train,train,train,0,0,0.75,0.75,0.75
CN(C(=O)c1cc2c(s1)-c1ccc(C#N)cc1OCC2)c1ccccc1Cl,test,test,train,0,0,0.87931037,0.87931037,0.87931037
CCNC(=O)c1ccc2c(c1)OCCc1cc(C(=O)N(C)c3ccccc3Cl)sc1-2,train,train,train,0,0,0.8852459,0.8852459,0.8852459
CNCc1ccc2c(c1)OCCc1cc(C(=O)N(C)c3ccccc3Cl)sc1-2,train,train,train,0,0,0.7457627,0.7457627,0.7457627
CN(C(=O)c1cc2c(s1)-c1ccc(C(=O)NCCN)cc1OCC2)c1ccccc1Cl,train,train,train,0,0,0.828125,0.828125,0.828125
CN(C(=O)c1cc2c(s1)-c1ccc(-c3cccc(CC(=O)O)c3)cc1OCC2)c1ccccc1Cl,train,train,train,0,0,0.8333333,0.8333333,0.8333333
CN(C(=O)c1cc2c(s1)-c1ccc(-c3cccc(CN)c3)cc1OCC2)c1ccccc1Cl,train,train,train,0,0,0.8333333,0.8333333,0.8333333
CN(C(=O)c1cc2c(s1)-c1cc(C(N)=O)ccc1OCC2)c1ccccc1Cl,test,test,train,0,0,0.875,0.875,0.875
CCNC(=O)c1ccc2c(c1)-c1sc(C(=O)N(C)c3ccccc3Cl)cc1CCO2,train,train,train,0,0,0.8852459,0.8852459,0.8852459
CN(C(=O)c1cc2c(s1)-c1cc(C#N)ccc1OCC2)c1ccccc1Cl,train,train,train,0,0,0.7586207,0.7586207,0.87931037
CNC(=O)c1ccc2c(c1)OCCc1cc(C(=O)N(C)c3cc(C(=O)N(C)C)ccc3Cl)sc1-2,test,test,train,0,0,0.86885244,0.86885244,0.86885244
CNC(=O)c1ccc2c(c1)OCCc1cc(C(=O)N(C)c3ccc(C(=O)N4CCN(C)CC4)cc3Cl)sc1-2,train,train,train,0,0,0.7910448,0.7910448,0.84126985
CNC(=O)c1ccc2c(c1)OCCc1cc(C(=O)N(C)c3cc(C(=O)N4CCN(C)CC4)ccc3Cl)sc1-2,test,test,test,0,0,0.880597,0.880597,0.880597
N#Cc1c(N2CCOCC2)sc(C(=O)O)c1-c1ccc(Cl)cc1,train,train,train,0,0,0.8333333,0.8333333,0.8333333
N#Cc1c(N2CCOCC2)sc(C(N)=O)c1-c1ccc(Cl)cc1,train,train,train,0,0,0.8333333,0.8333333,0.8333333
COc1ccc(-c2cc3c(C)nc(N)nc3n([C@H]3CC[C@H](OCCO)CC3)c2=O)cn1,train,train,test,2,2,0.5185185,0.5185185,0.5185185
N#Cc1c(N2CCOCC2)sc(-c2nc[nH]n2)c1-c1ccc(Cl)cc1,train,train,train,1,1,0.71929824,0.71929824,0.6779661
N#Cc1c(N2CCOCC2)sc(-c2cc[nH]n2)c1-c1ccc(Cl)cc1,train,train,test,1,1,0.73214287,0.73214287,0.71929824
N#Cc1c(N2CCOCC2)sc(-c2cn[nH]n2)c1-c1ccc(Cl)cc1,train,train,test,1,1,0.73214287,0.73214287,0.71929824
N#Cc1c(N2CCOCC2)sc(-c2cn[nH]c2)c1-c1ccc(Cl)cc1,test,test,train,1,1,0.71929824,0.71929824,0.6779661
Cc1nnc(-c2sc(N3CCOCC3)c(C#N)c2-c2ccc(Cl)cc2)o1,train,train,train,1,1,0.66101694,0.66101694,0.6333333
N#Cc1c(N2CCOCC2)sc(-c2ncn[nH]2)c1-c1ccc(Cl)cc1Cl,train,train,test,1,1,0.530303,0.530303,0.73770493
N#Cc1ccc(-c2c(-c3ncn[nH]3)sc(N3CCOCC3)c2C#N)c(F)c1,test,test,train,1,1,0.73770493,0.73770493,0.45070422
COCCNC(=O)c1nc2c(N3CCOCC3)nc(-c3cnc(N)nc3)cn2c1C,train,train,train,1,1,0.46052632,0.46052632,0.46052632
CCNC(=O)Nc1ccc(-c2nc3c(c(N4CCOCC4)n2)CS(=O)(=O)C3)cc1,train,train,test,0,0,0.63235295,0.63235295,0.63235295
CCNC(=O)Nc1ccc(-c2nc3c(c(N4C[C@@H]5CC[C@H](C4)O5)n2)CS(=O)(=O)CC3)cc1,train,train,train,0,0,0.63235295,0.63235295,0.42857143
CC(=O)Nc1nc(C)c(-c2ccc(S(N)(=O)=O)cc2)s1,train,train,train,0,0,0.775,0.775,0.775
CC(=O)Nc1nc(C)c(-c2ccc(S(C)(=O)=O)cc2)s1,train,train,train,0,0,0.775,0.775,0.775
CC(=O)Nc1nc(C)c(-c2ccc(S(C)(=O)=O)c(Cl)c2)s1,train,train,train,0,0,0.7446808,0.7446808,0.7446808
CC(=O)Nc1nc(C)c(-c2ccc(S(C)(=O)=O)c(Br)c2)s1,train,train,train,0,0,0.7446808,0.7446808,0.7446808
CC(=O)Nc1nc(C)c(-c2ccc(S(C)(=O)=O)c(F)c2)s1,train,train,train,0,0,0.7446808,0.7446808,0.7446808
CC(=O)Nc1nc(C)c(-c2ccc(S(C)(=O)=O)c(C#N)c2)s1,test,test,train,0,0,0.7,0.7,0.7
CC(=O)Nc1nc(C)c(-c2ccc(S(C)(=O)=O)c(C(F)(F)F)c2)s1,train,train,train,0,0,0.7346939,0.7346939,0.7346939
CC(=O)Nc1nc(C)c(-c2ccc(-n3cccn3)cc2)s1,train,train,train,0,0,0.63793105,0.63793105,0.63793105
CC(=O)Nc1nc(C)c(-c2ccc(C(C)=O)cc2)s1,train,train,test,0,0,0.675,0.675,0.675
Cc1nc(NC(=O)N2CCC[C@H]2C(N)=O)sc1-c1ccc(S(C)(=O)=O)cc1,train,train,train,0,0,0.7580645,0.7580645,0.7580645
Cc1nc(NC(=O)N2CCC[C@H]2C(N)=O)sc1-c1ccc(S(C)(=O)=O)c(F)c1,train,train,train,0,0,0.8153846,0.8153846,0.8153846
Cc1nc(NC(=O)N2CCC[C@H]2C(N)=O)sc1-c1ccc(S(C)(=O)=O)c(C(F)(F)F)c1,train,train,train,0,0,0.8153846,0.8153846,0.8153846
Cc1nc(NC(=O)N2CCC[C@H]2C(N)=O)sc1-c1ccc(-n2cccn2)cc1,train,train,train,0,0,0.6875,0.6875,0.6875
Cc1cc(NC(=O)CCNC(=O)Nc2nc(C)c(-c3ccc(S(C)(=O)=O)c(F)c3)s2)no1,train,train,train,0,0,0.7121212,0.7121212,0.7121212
Cc1cc(NC(=O)CCNC(=O)Nc2nc(C)c(-c3ccc(-n4cccn4)cc3)s2)no1,train,train,train,0,0,0.63793105,0.63793105,0.63793105
Cc1nc(NC(=O)NCCC(=O)OC(C)(C)C)sc1-c1ccc(S(C)(=O)=O)c(F)c1,train,train,train,0,0,0.7121212,0.7121212,0.7121212
CC(=O)c1ccc(-c2sc(NC(=O)NCCC(=O)NC(C)(C)C)nc2C)cc1,train,train,train,0,0,0.6122449,0.6122449,0.5
CCn1nnc(CCNC(=O)Nc2nc(C)c(-c3ccc(S(C)(=O)=O)c(F)c3)s2)n1,train,train,train,0,0,0.625,0.625,0.625
CS(=O)(=O)N1CCN(Cc2cn3cc(-c4cnc(N)nc4)nc(N4CCOCC4)c3n2)CC1,train,train,train,1,1,0.6969697,0.6969697,0.6969697
CS(=O)(=O)N1CCN(Cc2cn3c(Cl)c(-c4cnc(N)nc4)nc(N4CCOCC4)c3n2)CC1,train,train,train,1,1,0.6969697,0.6969697,0.6969697
COc1ccc(Nc2ncc(Cc3ccc(S(C)(=O)=O)cc3)cc2-c2nc(C)nc(N)n2)cn1,train,train,train,2,2,0.7741935,0.7741935,0.75
COc1ccc(Nc2ncc(Cc3ccccc3)cc2-c2nc(C)nc(N)n2)cn1,train,train,test,2,2,0.7741935,0.7741935,0.7741935
COc1ccc(Nc2ncc(CN3CCS(=O)(=O)CC3)cc2-c2nc(C)nc(N)n2)cn1,train,train,train,2,2,0.828125,0.828125,0.828125
COc1ccc(Nc2ncc(CN3CCC(S(C)(=O)=O)C3)cc2-c2nc(C)nc(N)n2)cn1,train,train,train,2,2,0.92537314,0.92537314,0.92537314
COc1ccc(Nc2ncc(CN3CCCN(S(C)(=O)=O)CC3)cc2-c2nc(C)nc(N)n2)cn1,train,train,train,2,2,0.93846154,0.93846154,0.84615386
COc1ccc(Nc2ncc(CC3CCN(S(C)(=O)=O)CC3)cc2-c2nc(C)nc(N)n2)cn1,train,train,train,2,2,0.7826087,0.7826087,0.739726
COc1ccc(Nc2ncc(CN3CCC(S(C)(=O)=O)CC3)cc2-c2nc(C)nc(N)n2)cn1,train,train,train,2,2,0.92537314,0.92537314,0.92537314
COc1ccc(Nc2ncc(CN3CCN(S(=O)(=O)N(C)C)CC3)cc2-c2nc(C)nc(N)n2)cn1,train,train,train,2,2,0.85294116,0.85294116,0.8055556
COc1ccc(Nc2ncc(CN3CCN(S(C)(=O)=O)CC3)cc2-c2nc(C)nc(N)n2)cn1,train,train,test,2,2,0.93846154,0.93846154,0.93846154
COc1ccc(Nc2ncc(CN3CCN(C(=O)N(C)C)CC3)cc2-c2nc(C)nc(N)n2)cn1,train,train,test,2,2,0.85294116,0.85294116,0.85294116
COC(=O)N1CCN(Cc2cnc(Nc3ccc(OC)nc3)c(-c3nc(C)nc(N)n3)c2)CC1,train,train,train,2,2,0.85294116,0.85294116,0.8030303
COc1ccc(Nc2ncc(CN3CCN(C)CC3)cc2-c2nc(C)nc(N)n2)cn1,train,train,train,2,2,0.8666667,0.8666667,0.8666667
COc1ccc(Nc2ncc(CN3CCNCC3)cc2-c2nc(C)nc(N)n2)cn1,test,test,train,2,2,0.852459,0.852459,0.852459
COc1ccc(Nc2ncc(CN3CC[C@@H](CO)C3)cc2-c2nc(C)nc(N)n2)cn1,train,train,train,2,2,0.7794118,0.7794118,0.79710144
COc1ccc(Nc2ncc(CN3CCC(O)CC3)cc2-c2nc(C)nc(N)n2)cn1,test,test,train,2,2,0.84375,0.84375,0.84375
COc1ccc(Nc2ncc(CN3CCOCC3)cc2-c2nc(C)nc(N)n2)cn1,train,train,train,2,2,0.852459,0.852459,0.852459
COc1ccc(Nc2ncc(CN3CCCCC3)cc2-c2nc(C)nc(N)n2)cn1,train,train,train,2,2,0.94736844,0.94736844,0.98214287
COc1ccc(Nc2ncc(CN3CCCC3)cc2-c2nc(C)nc(N)n2)cn1,test,test,train,2,2,0.98214287,0.98214287,0.98214287
COc1ccc(Nc2ncc(CN3CCC3)cc2-c2nc(C)nc(N)n2)cn1,train,train,train,2,2,0.94736844,0.94736844,0.96428573
COc1ccc(Nc2ncc(-c3cnn(C)c3)cc2-c2nc(C)nc(N)n2)cn1,train,train,train,2,2,0.8,0.8,0.7457627
COc1ccc(Nc2ncc(-c3ccc(C)nc3)cc2-c2nc(C)nc(N)n2)cn1,train,train,train,2,2,0.92,0.92,0.7586207
COc1ccc(Nc2ncc(N3CCN(C)CC3)cc2-c2nc(C)nc(N)n2)cn1,train,train,train,2,2,0.81666666,0.81666666,0.734375
COc1ccc(Nc2ncc(C3=CCOCC3)cc2-c2nc(C)nc(N)n2)cn1,train,train,train,2,2,0.74626863,0.74626863,0.75384617
COc1ccc(Nc2ncc(N3CCOCC3)cc2-c2nc(C)nc(N)n2)cn1,train,train,test,2,2,0.81666666,0.81666666,0.81666666
COCCNCc1cnc(Nc2ccc(OC)nc2)c(-c2nc(C)nc(N)n2)c1,train,train,train,2,2,0.8448276,0.8448276,0.8448276
COCc1cnc(Nc2ccc(OC)nc2)c(-c2nc(C)nc(N)n2)c1,train,train,train,2,2,0.8148148,0.8148148,0.8148148
COc1ccc(Nc2ncc(CO)cc2-c2nc(C)nc(N)n2)cn1,train,train,train,2,2,0.8148148,0.8148148,0.8148148
COc1cnc(Nc2ccc(OC)nc2)c(-c2nc(C)nc(N)n2)c1,test,test,train,2,2,0.8333333,0.8333333,0.8333333
COc1ccc(Nc2ncc(C)cc2-c2nc(C)nc(N)n2)cn1,train,train,train,2,2,0.8,0.8,0.8333333
COc1ccc(Nc2ncc(Br)cc2-c2nc(C)nc(N)n2)cn1,test,test,train,2,2,0.8,0.8,0.8
COc1ccc(Nc2cccnc2-c2nc(C)nc(N)n2)cn1,train,train,train,2,2,0.71153843,0.71153843,0.71153843
Cc1cc(-c2cccnc2Nc2cccc(O)c2)nc(N)n1,test,test,train,2,2,0.72,0.72,0.72
COc1ccc(Nc2ncccc2-c2nc(C)nc3nc[nH]c23)cn1,train,train,train,2,2,0.60655737,0.60655737,0.66071427
Cc1nc(-c2cccnc2Nc2cccc3[nH]ccc23)c2[nH]cnc2n1,train,train,train,2,2,0.70689654,0.70689654,0.6101695
Cc1nc(-c2cccnc2Nc2cccc3n[nH]cc23)c2[nH]cnc2n1,train,train,test,2,2,0.70689654,0.70689654,0.70689654
Cc1nc(N)cc(-c2cccnc2Nc2cccc(O)c2)n1,train,train,train,2,2,0.6862745,0.6862745,0.72
COc1ccc(Nc2ncccc2-c2nc(C)nc(N)n2)cn1,train,train,train,2,2,0.8039216,0.8039216,0.8039216
Cc1nc(N)nc(-c2cccnc2Nc2cccc3[nH]ccc23)n1,train,train,train,2,2,0.6101695,0.6101695,0.7735849
Cc1nc(N)nc(-c2cccnc2Nc2cccc(O)c2)n1,train,train,train,2,2,0.7,0.7,0.7
Cc1ncnc(-n2c(Nc3cccc(O)c3)nc3ccccc32)n1,train,train,train,2,2,0.6909091,0.6909091,0.64912283
Cc1nc(NCC#N)nc(-n2c(Nc3cccc(O)c3)nc3ccccc32)n1,train,train,train,2,2,0.7719298,0.7719298,0.64912283
N#CCNc1ncnc(-n2c(Nc3cccc(O)c3)nc3ccccc32)n1,train,train,test,2,2,0.7719298,0.7719298,0.7719298
Cc1nc(N)nc(-c2cc(Cl)cnc2Nc2cnc(Cl)c(N(C)S(C)(=O)=O)c2)n1,test,test,test,2,2,0.71929824,0.71929824,0.71929824
Cc1nc(N)nc(-c2cc(CN3CCOCC3)cnc2Nc2cnc(Cl)c(NS(=O)(=O)N(C)C)c2)n1,test,test,test,2,2,0.69736844,0.69736844,0.69736844
Cc1nc(N)nc(-c2cc(CN3CCOCC3)cnc2Nc2cnc(Cl)c(NS(C)(=O)=O)c2)n1,test,test,test,2,2,0.8,0.8,0.8
Cc1nc(N)nc(-c2cc(C3CCOCC3)cnc2Nc2cnc(Cl)c(NS(C)(=O)=O)c2)n1,train,train,train,2,2,0.75,0.75,0.75
COCCOc1cnc(Nc2cnc(Cl)c(NS(C)(=O)=O)c2)c(-c2nc(C)nc(N)n2)c1,train,train,test,2,2,0.8305085,0.8305085,0.8305085
COc1cnc(Nc2cnc(Cl)c(NS(=O)(=O)N3CCOCC3)c2)c(-c2nc(C)nc(N)n2)c1,train,train,test,2,2,0.84615386,0.84615386,0.84615386
COc1cnc(Nc2cnc(Cl)c(NS(=O)(=O)N(C)C)c2)c(-c2nc(C)nc(N)n2)c1,train,train,test,2,2,0.84210527,0.84210527,0.84210527
COc1cnc(Nc2cnc(Cl)c(NS(C)(=O)=O)c2)c(-c2nc(C)nc(N)n2)c1,train,train,train,2,2,0.84210527,0.84210527,0.8148148
Cc1nc(N)nc(-c2cc(Cl)cnc2Nc2cnc(Cl)c(NS(=O)(=O)N3CCOCC3)c2)n1,train,train,train,2,2,0.84615386,0.84615386,0.8181818
COCCN(C)S(=O)(=O)Nc1cc(Nc2ncc(Cl)cc2-c2nc(C)nc(N)n2)cnc1Cl,train,train,train,2,2,0.7121212,0.7121212,0.78688526
Cc1nc(N)nc(-c2cc(Cl)cnc2Nc2cnc(Cl)c(NS(=O)(=O)c3cccnc3)c2)n1,train,train,test,2,2,0.72131145,0.72131145,0.72131145
Cc1nc(N)nc(-c2cc(Cl)cnc2Nc2cnc(Cl)c(NS(=O)(=O)N(C)C)c2)n1,test,test,train,2,2,0.8301887,0.8301887,0.8301887
Cc1nc(N)nc(-c2cc(Cl)cnc2Nc2cnc(Cl)c(NS(C)(=O)=O)c2)n1,train,train,train,2,2,0.8148148,0.8148148,0.8301887
Cc1nc(N)nc(-c2cccnc2Nc2cnc(Cl)c(NS(=O)(=O)N3CCOCC3)c2)n1,train,train,train,2,2,0.8181818,0.8181818,0.8181818
Cc1nc(N)nc(-c2cccnc2Nc2cnc(Cl)c(NS(=O)(=O)N(C)C(C)C)c2)n1,train,train,train,2,2,0.78688526,0.78688526,0.8666667
Cc1nc(N)nc(-c2cccnc2Nc2cnc(Cl)c(NS(=O)(=O)N(C)C)c2)n1,test,test,train,2,2,0.8666667,0.8666667,0.8666667
Cc1nc(N)nc(-c2cccnc2Nc2cnc(Cl)c(NS(=O)(=O)C3CC3)c2)n1,train,train,train,2,2,0.8305085,0.8305085,0.8305085
Cc1nc(N)nc(-c2cccnc2Nc2cnc(Cl)c(NS(C)(=O)=O)c2)n1,train,train,train,2,2,0.8305085,0.8305085,0.84210527
Cc1nc(N)nc(-c2cccnc2Nc2cnc(Cl)c(NS(=O)(=O)c3ccc(F)cc3)c2)n1,train,train,train,2,2,0.78688526,0.78688526,0.78688526
Cc1ccc(-c2ccc3ncc4c(c3n2)n(C2CCN(C(=O)[C@H](C)O)CC2)c(=O)n4C)cn1,train,train,train,4,4,0.8095238,0.8095238,0.85
CC(C)(O)Cn1cc(-c2ccc3c(c2)OCCc2sc(-c4ncnn4CC(F)(F)F)nc2-3)cn1,train,train,train,0,0,0.7702703,0.7702703,0.7702703
CC(C)n1c(-c2nc3c(s2)CCOc2cc(-c4cnn(CC(C)(C)O)c4)ccc2-3)n[nH]c1=O,test,test,test,0,0,0.7368421,0.7368421,0.7368421
CC(C)n1nc(N)nc1-c1nc2c(s1)CCOc1cc(-c3cnn(CC(C)(C)O)c3)ccc1-2,test,test,train,0,0,0.8055556,0.8055556,0.8055556
CC(C)n1nc(N)nc1-c1nc2c(s1)CCOc1cc(-c3cnn(CCO)c3)ccc1-2,train,train,train,0,0,0.86764705,0.86764705,0.8055556
Cc1nc(-c2nc3c(s2)CCOc2cc(-c4cnn(CCO)c4)ccc2-3)n(C(C)C)n1,train,train,test,0,0,0.86764705,0.86764705,0.86764705
CC(C)n1ncnc1-c1nc2c(s1)CCOc1cc(-c3cnn(C(C)(C)C(N)=O)c3)ccc1-2,train,train,train,0,0,0.73333335,0.73333335,0.73333335
CC(C)n1ncnc1-c1nc2c(s1)CCOc1cc(-c3cnn(CCN)c3)ccc1-2,train,train,test,0,0,0.86567163,0.86567163,0.86567163
CC(C)n1ncnc1-c1nc2c(s1)CCOc1cc(-c3cnn(CS(C)(=O)=O)c3)ccc1-2,train,train,train,0,0,0.7887324,0.7887324,0.7777778
CC(C)n1ncnc1-c1nc2c(s1)CCOc1cc(-c3cnn(CC(C)(C)O)c3)ccc1-2,train,train,train,0,0,0.8028169,0.8028169,0.8028169
CC(C)n1ncnc1-c1nc2c(s1)CCOc1cc(-c3cnn(CCO)c3)ccc1-2,train,train,train,0,0,0.86567163,0.86567163,0.8028169
CC(C)n1ncnc1-c1nc2c(s1)CCOc1cc(C3CN(C(C)(C)C(N)=O)C3)ccc1-2,train,train,train,0,0,0.8142857,0.8142857,0.8142857
CC(C)n1ncnc1-c1nc2c(s1)CCOc1cc(C3CN(C(=O)C(C)(C)N)C3)ccc1-2,train,train,train,0,0,0.8142857,0.8142857,0.8142857
CC(C)n1ncnc1-c1nc2c(s1)CCOc1cc(C3CN(C(=O)CO)C3)ccc1-2,test,test,train,0,0,0.7887324,0.7887324,0.7887324
CC(C)n1ncnc1-c1nc2c(s1)CCOc1cc(C3CN(CC(C)(C)O)C3)ccc1-2,train,train,train,0,0,0.7714286,0.7714286,0.7941176
CC(C)n1ncnc1-c1nc2c(s1)CCOc1cc(C3CN(C[C@H](O)CO)C3)ccc1-2,train,train,train,0,0,0.7714286,0.7714286,0.8484849
CC(C)n1ncnc1-c1nc2c(s1)CCOc1cc(C3CN(CCO)C3)ccc1-2,test,test,train,0,0,0.8484849,0.8484849,0.8484849
Cc1nc(-c2cn3c(n2)-c2ccc(-c4cnn(C(C)(C)C(N)=O)c4)cc2OCC3)n(C(C)C)n1,train,train,test,0,0,0.74242425,0.74242425,0.74242425
CC(C)n1ncnc1-c1cn2c(n1)-c1ccc(-c3cnn(CC(C)(C)O)c3)cc1OCC2,test,test,train,0,0,0.7910448,0.7910448,0.7910448
Cc1nc(-c2cn3c(n2)-c2ccc(-c4cnn(CCN5CCOCC5)c4)cc2OCC3)n(C(C)C)n1,train,train,train,0,0,0.8208955,0.8208955,0.8208955
Cc1nc(-c2cn3c(n2)-c2ccc(-c4cnn(C5CN(C(=O)[C@H](C)O)C5)c4)cc2OCC3)n(C(C)C)n1,train,train,train,0,0,0.76,0.76,0.7
Cc1nc(-c2cn3c(n2)-c2ccc(-c4cnn(C5CN(CCO)C5)c4)cc2OCC3)n(C(C)C)n1,train,train,test,0,0,0.7746479,0.7746479,0.7746479
CC(C)n1ncnc1-c1cn2c(n1)-c1ccc(-c3cnn(CCO)c3)cc1OCC2,train,train,train,0,0,0.8030303,0.8030303,0.8030303
Cc1nc(-c2cn3c(n2)-c2ccc(-c4cnn(CCO)c4)cc2OCC3)n(C)n1,train,train,test,0,0,0.8125,0.8125,0.8125
Cc1n[nH]c(-c2cn3c(n2)-c2ccc(-c4cnn(CCO)c4)cc2OCC3)n1,train,train,train,0,0,0.73846155,0.73846155,0.6956522
Cc1nc(-c2cn3c(n2)-c2ccc(-c4cnn(CCO)c4)cc2OCC3)n(C(C)C)n1,train,train,train,0,0,0.8208955,0.8208955,0.8208955
Cc1nc(-c2cn3c(n2)-c2ccc(-c4cnn(C)c4)cc2OCC3)n(C(C)C)n1,train,train,train,0,0,0.7936508,0.7936508,0.7936508
CC(C)n1ncnc1-c1cn2c(n1)-c1ccc(-c3cn[nH]c3)cc1OCC2,train,train,train,0,0,0.6865672,0.6865672,0.6911765
CCc1nc2ccccc2n1-c1nc(N2CCOCC2)c2sc(C(=O)N3CCN(C(C)(C)C(N)=O)CC3)c(C)c2n1,train,train,train,1,1,0.7125,0.7125,0.36842105
CCc1nc2ccccc2n1-c1nc(N2CCOCC2)c2nc(C(=O)N3CCN(C(C)(C)C(N)=O)CC3)n(C)c2n1,train,train,test,1,1,0.7125,0.7125,0.7125
CCc1nc2ccccc2n1-c1nc(N2CCOCC2)c2nc(CN3CCN(C(C)(C)C(N)=O)CC3)n(C)c2n1,test,test,test,1,1,0.7763158,0.7763158,0.61904764
CCNC(=O)Nc1ccc(-c2nc(N3C[C@@H]4C[C@H]3CO4)c3c(cnn3C)n2)cc1,test,test,train,0,0,0.6712329,0.6712329,0.6712329
CCNC(=O)Nc1ccc(-c2nc(N3CCOC[C@@H]3CC)c3c(n2)c(C)nn3C)cc1,train,train,test,0,0,0.73239434,0.73239434,0.73239434
CCNC(=O)Nc1ccc(-c2nc(N3CCOC[C@@H]3CC)c3c(cnn3C)n2)cc1,train,train,train,0,0,0.73239434,0.73239434,0.6712329
CCNC(=O)Nc1ccc(-c2nc(N3CCOC[C@@H]3C)c3ncn(CC)c3n2)cc1,test,test,train,0,0,0.84615386,0.84615386,0.84615386
CCNC(=O)Nc1ccc(-c2nc(N3CCOC[C@@H]3C)c3c(n2)nc(C(C)(C)O)n3C)cc1,train,train,train,0,0,0.8,0.8,0.8
CCNC(=O)Nc1ccc(-c2nc(N3CCOC[C@@H]3C)c3ncn(C)c3n2)cc1,train,train,train,0,0,0.73239434,0.73239434,0.84615386
CCNC(=O)Nc1ccc(-c2nc(N3CCOC[C@@H]3C)c3nc(C(C)(C)O)n(C)c3n2)cc1,train,train,train,0,0,0.8333333,0.8333333,0.8
CCNC(=O)Nc1ccc(-c2nc(N3CCOC[C@@H]3C)c3nc(C(C)(C)O)n(CCO)c3n2)cc1,train,train,test,0,0,0.8333333,0.8333333,0.8333333
CC(C)(O)c1nc2c(N3CCOCC3)nc(-c3cnc(N)nc3)nc2n1CCO,test,test,train,1,1,0.81666666,0.81666666,0.81666666
COc1ccc(C2=CC3C(C)=NC(N)=NC3N([C@H]3CC[C@H](OCCO)CC3)C2=O)cn1,train,train,train,2,2,0.5185185,0.5185185,0.4878049
CCn1cnc(CCNC(=O)Nc2nc3ccc(-c4cncc(OC)c4)cc3s2)c1,train,train,test,0,0,0.89705884,0.89705884,0.89705884
COc1cncc(-c2ccc3nc(NC(=O)NCCc4cn(C)cn4)sc3c2)c1,train,train,train,0,0,0.8382353,0.8382353,0.82857144
COc1cncc(-c2ccc3nc(NC(=O)NCCc4c[nH]cn4)sc3c2)c1,test,test,train,0,0,0.75714284,0.75714284,0.75714284
COc1cncc(-c2ccc3nc(NC(=O)NCCC(=O)NCC(F)(F)F)sc3c2)c1,train,train,train,0,0,0.85714287,0.85714287,0.85714287
COc1cncc(-c2ccc3nc(NC(=O)NCC(=O)NCC(F)(F)F)sc3c2)c1,train,train,train,0,0,0.85714287,0.85714287,0.85714287
COc1cncc(-c2ccc3nc(NC(=O)NCCCN(C)C)sc3c2)c1,test,test,test,0,0,0.75,0.75,0.75
CCNC(=O)Nc1nc2ccc(-c3cncc(OC)c3)cc2s1,train,train,train,0,0,0.7258065,0.7258065,0.7258065
COc1cncc(-c2ccc3nc(NC(=O)N(C)C)sc3c2)c1,train,train,test,0,0,0.71428573,0.71428573,0.71428573
CCCn1cnc(CCNC(=O)Nc2nc3ccc(-c4cncc(OC)c4)cc3s2)c1,train,train,train,0,0,0.89705884,0.89705884,0.82857144
COc1cncc(-c2ccc3nc(NC(=O)NCCc4cncn4C)sc3c2)c1,test,test,test,0,0,0.7536232,0.7536232,0.7536232
Fc1cnc2[nH]cc(-c3ncc(F)c(N[C@H]4C5CCC(CC5)[C@@H]4c4nnn[nH]4)n3)c2c1,train,train,train,2,2,0.65217394,0.65217394,0.6617647
O=P(O)(O)CC[C@H]1C2CCC(CC2)[C@@H]1Nc1nc(-c2c[nH]c3ncc(F)cc23)ncc1F,train,train,train,2,2,0.6617647,0.6617647,0.6351351
O=c1[nH]c(=O)n(C[C@H]2C3CCC(CC3)[C@@H]2Nc2nc(-c3c[nH]c4ncc(F)cc34)ncc2F)o1,train,train,train,2,2,0.6351351,0.6351351,0.6351351
Oc1cc([C@H]2C3CCC(CC3)[C@@H]2Nc2nc(-c3c[nH]c4ncc(F)cc34)ncc2F)no1,test,test,train,2,2,0.7692308,0.7692308,0.7692308
Oc1cc([C@H]2C3CCC(CC3)[C@@H]2Nc2nc(-c3c[nH]c4ncc(F)cc34)ncc2F)on1,train,train,train,2,2,0.65217394,0.65217394,0.7692308
OCC(O)[C@H]1C2CCC(CC2)[C@@H]1Nc1nc(-c2c[nH]c3ncc(F)cc23)ncc1F,train,train,test,2,2,0.6617647,0.6617647,0.6617647
COc1ccc(Nc2nc3ccccn3c2-c2nc(C)nc(N)n2)cn1,train,train,train,2,2,0.8245614,0.8245614,0.8245614
CCOc1ccc(Nc2nc3ccccn3c2-c2nc(C)nc(N)n2)cn1,train,train,train,2,2,0.8245614,0.8245614,0.8245614
COc1ncc(Nc2nc3ccccn3c2-c2nc(C)nc(N)n2)cc1F,train,train,train,2,2,0.7096774,0.7096774,0.7096774
Cc1nc(N)nc(-c2c(Nc3ccc4ncccc4c3)nc3ccccn23)n1,train,train,train,2,2,0.8545455,0.8545455,0.8545455
Cc1nc(N)nc(-c2c(Nc3ccc4ccncc4c3)nc3ccccn23)n1,train,train,train,2,2,0.71666664,0.71666664,0.71666664
Cc1nc(N)nc(-c2c(Nc3ccc4cccnc4c3)nc3ccccn23)n1,train,train,train,2,2,0.8545455,0.8545455,0.8545455
Cc1nc(N)nc(-c2c(Nc3cccc4[nH]ncc34)nc3ccccn23)n1,train,train,train,2,2,0.6031746,0.6031746,0.6031746
COc1ncc(Nc2nc3ccc(N4CCNCC4)cn3c2-c2nc(C)nc(N)n2)cc1F,train,train,train,2,2,0.8082192,0.8082192,0.8082192
COc1ccc(Nc2nc3ccc(N4CCNCC4)cn3c2-c2nc(C)nc(N)n2)cn1,train,train,train,2,2,0.75,0.75,0.75
COc1ncc(Nc2nc3ccc(N4CCN(C(C)C)CC4)cn3c2-c2nc(C)nc(N)n2)cc1F,train,train,train,2,2,0.81333333,0.81333333,0.8082192
COCCN1CCN(c2ccc3nc(Nc4cnc(OC)c(F)c4)c(-c4nc(C)nc(N)n4)n3c2)CC1,train,train,test,2,2,0.81333333,0.81333333,0.81333333
COc1ccc(Nc2nc3ccc(N4CCN(C(=O)N(C)C)CC4)cn3c2-c2nc(C)nc(N)n2)cn1,train,train,train,2,2,0.7432432,0.7432432,0.7721519
COc1ncc(Nc2nc3ccc(N4CCN(C(=O)N(C)C)CC4)cn3c2-c2nc(C)nc(N)n2)cc1F,test,test,train,2,2,0.78205127,0.78205127,0.78205127
COc1ccc(Nc2nc3ccc(C(C)(C)O)cn3c2-c2nc(C)nc(N)n2)cn1,train,train,train,2,2,0.6875,0.6875,0.7352941
COc1ncc(Nc2nc3ccc(C(C)(C)O)cn3c2-c2nc(C)nc(N)n2)cc1F,test,test,train,2,2,0.7352941,0.7352941,0.7352941
CC(C)n1ncnc1-c1cn2c(n1)-c1ccc(N3CC[C@H]3C(N)=O)cc1OCC2,test,test,train,0,0,0.890625,0.890625,0.9047619
CC(C)n1ncnc1-c1cn2c(n1)-c1ccc(OCC(N)=O)cc1OCC2,train,train,train,0,0,0.796875,0.796875,0.796875
CC[C@H](Oc1ccc2c(c1)OCCn1cc(-c3ncnn3C(C)C)nc1-2)C(N)=O,train,train,train,0,0,0.796875,0.796875,0.796875
CC(C)n1ncnc1-c1cn2c(n1)-c1ccc(N3CCCC[C@H]3C(N)=O)cc1OCC2,train,train,train,0,0,0.6388889,0.6388889,0.95238096
CC(C)n1ncnc1-c1cn2c(n1)-c1ccc(N3CCC[C@H]3C(N)=O)cc1OCC2,test,test,train,0,0,0.95238096,0.95238096,0.95238096
CNC(=O)[C@@H]1CCCN1c1cc2c(cn1)-c1nc(-c3ncnn3C(C)C)cn1CCO2,train,train,train,0,0,0.6617647,0.6617647,0.6617647
CC(C)n1ncnc1-c1cn2c(n1)-c1cnc(N3CCCC3)cc1OCC2,train,train,train,0,0,0.73214287,0.73214287,0.73214287
CC(C)n1ncnc1-c1cn2c(n1)-c1cnc(N(C)CC(N)=O)cc1OCC2,train,train,train,0,0,0.72727275,0.72727275,0.72727275
CC(C)n1ncnc1-c1cn2c(n1)-c1cnc(N)cc1OCC2,train,train,train,1,1,0.74545455,0.74545455,0.74545455
CC(C)n1ncnc1-c1cn2c(n1)-c1cnc(OC(C)(C)C(N)=O)cc1OCC2,train,train,test,0,0,0.78125,0.78125,0.78125
CC(C)n1ncnc1-c1cn2c(n1)-c1cnc(O[C@@H](C)C(N)=O)cc1OCC2,test,test,train,0,0,0.7936508,0.7936508,0.7936508
CC(C)n1ncnc1-c1cn2c(n1)-c1cnc(OCC(N)=O)cc1OCC2,train,train,train,0,0,0.78125,0.78125,0.7936508
COC(=O)Nc1ccc2c(c1)OCCc1cc(-c3nncn3-c3ccccc3Cl)sc1-2,train,train,train,0,0,0.57894737,0.57894737,0.57894737
COc1cc2c(cn1)-c1nc(-c3ncnn3C(C)C)cn1CCO2,train,train,train,2,2,0.75,0.75,0.75
CC1(C)OCCn2c1nc1c(N3CCOCC3)nc(-c3cnc(N)nc3)nc12,train,train,train,1,1,0.8035714,0.8035714,0.8035714
Cc1nc(N)ncc1-c1nc(N2CCOCC2)c2nc3n(c2n1)CCOC3(C)C,train,train,train,1,1,0.8035714,0.8035714,0.8035714
COC1(c2nc3c(N4CCOCC4)nc(-c4cnc(N)nc4)nc3n2C)COC1,train,train,train,1,1,0.8181818,0.8181818,0.8181818
Cn1c(C2(O)COC2)nc2c(N3CCOCC3)nc(-c3cnc(N)nc3)nc21,train,train,train,1,1,0.8181818,0.8181818,0.8181818
Cn1c(C2CCC2)nc2c(N3CCOCC3)nc(-c3cnc(N)nc3)nc21,train,train,train,1,1,0.6666667,0.6666667,0.6666667
CCc1nc2c(N3CCOCC3)nc(-c3cnc(N)nc3)nc2n1C,train,train,train,1,1,0.6666667,0.6666667,0.6666667
Cn1cnc2c(N3CCOCC3)nc(-c3cnc(N)nc3)nc21,test,test,train,1,1,0.6603774,0.6603774,0.6603774
Cc1nc(N)ncc1-c1nc(N2CCOCC2)c2nc(C(C)(C)O)n(CCO)c2n1,train,train,train,1,1,0.54285717,0.54285717,0.81666666
Cc1c(CN2CCN(C(=O)[C@H](C)O)CC2)sc2c(N3CCOCC3)nc(-c3cnc(N)nc3)nc12,train,train,train,1,1,0.79710144,0.79710144,0.79710144
COC1(c2sc3c(N4CCOCC4)nc(-c4cnc(N)nc4)nc3c2C)COC1,test,test,train,1,1,0.625,0.625,0.625
COC(C)(C)c1cc2nc(-c3cnc(N)nc3)nc(N3CCOCC3)c2s1,train,train,train,1,1,0.5081967,0.5081967,0.5294118
Cc1nc2ccccn2c1-c1cnc(Cl)c(NS(=O)(=O)c2ccc(F)cc2)c1,train,train,train,3,3,0.75409836,0.75409836,0.75409836
O=S(=O)(Nc1cncc(-c2cnc3ccccn23)c1)c1ccc(F)cc1,train,train,test,3,3,0.68421054,0.68421054,0.68421054
O=S(=O)(Nc1cc(-c2cnc3ccccn23)cnc1Cl)c1ccc(F)cc1,train,train,train,3,3,0.75438595,0.75438595,0.75438595
Cc1ccn2c(-c3cnc(Cl)c(NS(=O)(=O)c4ccc(F)cc4)c3)cnc2c1,train,train,train,3,3,0.75438595,0.75438595,0.75438595
Cc1nc2ccc(Br)cn2c1-c1cnc(Cl)c(NS(=O)(=O)c2ccc(F)cc2)c1,train,train,train,3,3,0.75409836,0.75409836,0.75409836
O=S(=O)(Nc1cc(-c2cnc3ccc(Br)cn23)cnc1Cl)c1ccc(F)cc1,test,test,train,3,3,0.7627119,0.7627119,0.7627119
O=S(=O)(Nc1cc(-c2cnc3ccc(-c4ccncc4)cn23)cnc1Cl)c1ccc(F)cc1,train,train,train,3,3,0.8196721,0.8196721,0.8196721
O=S(=O)(Nc1cc(-c2cnc3ccc(-c4cccnc4)cn23)cnc1Cl)c1ccc(F)cc1,train,train,train,3,3,0.8196721,0.8196721,0.8196721
O=S(=O)(Nc1cc(-c2cnc3ccc(N4CCOCC4)cn23)cnc1Cl)c1ccc(F)cc1,test,test,train,3,3,0.6617647,0.6617647,0.703125
COc1cc(-c2cnc3ccc(Br)cn23)cnc1OC,test,test,train,2,2,0.70212764,0.70212764,0.63461536
COc1cc(-c2cnc3ccc(-c4ccncc4)cn23)cnc1OC,train,train,test,2,2,0.58928573,0.58928573,0.70212764
COc1cc(-c2cnc3ccc(N4CCOCC4)cn23)cnc1OC,train,train,train,1,1,0.58928573,0.58928573,0.63461536
O=c1n(Cc2ccccc2)ccc2ncc(-c3cnc(Cl)c(NS(=O)(=O)c4ccc(F)cc4)c3)n12,train,train,test,3,3,0.64615387,0.64615387,0.64615387
CN(C)S(=O)(=O)Nc1cc(-c2cnc3ccc(-c4ccncc4)cn23)cnc1Cl,train,train,train,3,3,0.7719298,0.7719298,0.7719298
CN(C)S(=O)(=O)Nc1cc(-c2cnc3ccc(-c4ccnc(C(F)(F)F)c4)cn23)cnc1Cl,train,train,train,3,3,0.75409836,0.75409836,0.75409836
CS(=O)(=O)Nc1cc(-c2cnc3cc(-c4cccnc4)ccn23)cnc1Cl,train,train,test,3,3,0.8103448,0.8103448,0.8103448
CN(C)S(=O)(=O)Nc1cc(-c2cnc3cc(-c4ccncc4)ccn23)cnc1Cl,train,train,train,3,3,0.8103448,0.8103448,0.8103448
CN(C)S(=O)(=O)Nc1cc(-c2cnc3cc(-c4cccnc4)ccn23)cnc1Cl,train,train,train,3,3,0.8103448,0.8103448,0.8103448
Cc1cc2ncc(-c3cnc(Cl)c(NS(=O)(=O)N(C)C)c3)n2cc1-c1ccncc1,train,train,train,3,3,0.7627119,0.7627119,0.7627119
O=S(=O)(Nc1cc(-c2cnc3ncccn23)cnc1Cl)c1ccc(F)cc1,train,train,train,3,3,0.7368421,0.7368421,0.7368421
O=S(=O)(Nc1cc(-c2cnc3ccc(Cl)nn23)cnc1Cl)c1ccc(F)cc1,test,test,train,3,3,0.67241377,0.67241377,0.6896552
Cc1c(-c2ccccn2)nc2cc(F)ccc2c1N1CC(C)(C)c2ccc(N3CCOCC3)cc21,train,train,train,1,1,0.8309859,0.8309859,0.8309859
Cc1c(-c2ccccn2)nc2cccc(F)c2c1N1CC(C)(C)c2ccc(N3CCOCC3)cc21,train,train,train,1,1,0.7916667,0.7916667,0.7916667
Cc1c(-c2ccccn2)nc2cc(F)ccc2c1N1CC2(CCOCC2)c2ccc(N3CCOCC3)cc21,train,train,train,1,1,0.8648649,0.8648649,0.8378378
Cc1c(-c2cccnc2)nc2cc(F)ccc2c1N1CC(C)(C)c2ccc(N3CCOCC3)cc21,train,train,train,1,1,0.8333333,0.8333333,0.8333333
Cc1c(-c2cccc(C#N)c2)nc2cc(F)ccc2c1N1CC(C)(C)c2ccc(N3CCOCC3)cc21,train,train,train,1,1,0.75,0.75,0.75
Cc1c(-c2ccccn2)nc2c(F)cccc2c1N1CC(C)(C)c2ccc(N3CCOCC3)cc21,train,train,test,1,1,0.7777778,0.7777778,0.7777778
Cc1c(-c2ccncc2)nc2cc(F)ccc2c1N1CC2(CCOCC2)c2ccc(N3CCOCC3)cc21,test,test,train,1,1,0.8309859,0.8309859,0.8309859
Cc1c(-c2cccnc2)nc2cc(F)ccc2c1N1CC2(CCOCC2)c2ccc(N3CCOCC3)cc21,train,train,train,1,1,0.8333333,0.8333333,0.8333333
CC(C)c1c(-c2ccccn2)nc2cc(F)ccc2c1N1CC(C)(C)c2ncc(N3CCOCC3)cc21,train,train,train,1,1,0.7894737,0.7894737,0.7894737
Cc1ncccc1-c1nc2cc(F)ccc2c(N2CC3(CCOCC3)c3ccc(N4CCOCC4)cc32)c1C,test,test,train,1,1,0.8309859,0.8309859,0.8309859
Cc1ncccc1-c1nc2cc(F)ccc2c(N2CC(C)(C)c3ncc(N4CCOCC4)cc32)c1C,train,train,test,1,1,0.8108108,0.8108108,0.8108108
COCCN(C)c1cnc2c(c1)N(c1c(C)c(-c3ccccn3)nc3cc(F)ccc13)CC2(C)C,train,train,train,1,1,0.6708861,0.6708861,0.6708861
Cc1c(-c2ccccn2)nc2cc(F)ccc2c1N1CC(C)(C)c2ncc(-c3cn[nH]c3)cc21,train,train,train,1,1,0.79452056,0.79452056,0.79452056
Cc1c(-c2ccccn2)nc2cc(F)ccc2c1N1CC(C)(C)c2ncc(-c3ncnc4nc[nH]c34)cc21,test,test,train,1,1,0.71428573,0.71428573,0.71428573
Cc1c(-c2ccccn2)nc2cc(F)ccc2c1N1CC(C)(C)c2ncc(C(N)=O)cc21,train,train,train,1,1,0.7027027,0.7027027,0.7027027
Cc1cc(C)cc(-c2nc3cc(F)ccc3c(N3CC(C)(C)c4ncc(N5CCOCC5)cc43)c2C)c1,train,train,train,1,1,0.8507463,0.8507463,0.8
Cc1cc(-c2ccc3c(c2)N(c2c(C)c(-c4ccccn4)nc4cc(F)ccc24)CC3(C)C)nc(N)n1,train,train,train,1,1,0.7714286,0.7714286,0.7714286
Cc1c(-c2ccccn2)nc2cc(F)ccc2c1N1CC(C)(C)c2ccc(-c3nc(N)ncc3Cl)cc21,train,train,train,1,1,0.7567568,0.7567568,0.7567568
Cc1c(-c2ccccc2S(C)(=O)=O)nc2cc(F)ccc2c1N1CC2(CCOCC2)c2ccc(N3CCOCC3)cc21,train,train,train,1,1,0.8378378,0.8378378,0.8378378
Cc1c(-c2ccccc2S(C)(=O)=O)nc2cc(F)ccc2c1N1CC(C)(C)c2ccc(N3CCOCC3)cc21,train,train,train,1,1,0.8378378,0.8378378,0.8378378
Cc1c(-c2ccccc2S(C)(=O)=O)nc2cc(F)ccc2c1N1CC(C)(C)c2ncc(-c3ccnc(N)n3)cc21,train,train,train,1,1,0.68292683,0.68292683,0.68292683
Cc1c(-c2cccc(=O)[nH]2)nc2cc(F)ccc2c1N1CC2(CCOCC2)c2ccc(N3CCOCC3)cc21,train,train,train,1,1,0.72727275,0.72727275,0.72727275
Cc1c(-c2ccccc2S(C)(=O)=O)nc2cc(F)ccc2c1N1CC(C)(C)c2ncc(N3CCOCC3)cc21,train,train,train,1,1,0.8108108,0.8108108,0.7894737
Cc1c(-c2cccc(=O)[nH]2)nc2cc(F)ccc2c1N1CC(C)(C)c2ncc(N3CCOCC3)cc21,train,train,test,1,1,0.725,0.725,0.725
COc1cccc(-c2nc3cc(F)ccc3c(N3CC4(CCOCC4)c4ccc(N5CCOCC5)cc43)c2C)n1,test,test,test,1,1,0.7763158,0.7763158,0.7763158
Cc1c(-c2cccc(S(C)(=O)=O)c2)nc2cc(F)ccc2c1N1CC2(CCOCC2)c2ccc(N3CCOCC3)cc21,train,train,train,1,1,0.75949365,0.75949365,0.75949365
Cc1c(-c2ccccn2)nc2cc(F)cc(F)c2c1N1CC2(CCOCC2)c2ccc(N3CCOCC3)cc21,train,train,test,1,1,0.82191783,0.82191783,0.82191783
Cc1c(-c2ccccn2)nc2cccc(F)c2c1N1CC(C)(C)c2ncc(N3CCOCC3)cc21,train,train,train,1,1,0.7916667,0.7916667,0.85714287
Cc1c(-c2cc(F)ccc2F)nc2cc(F)ccc2c1N1CC(C)(C)c2ccc(N3CCOCC3)cc21,train,train,train,1,1,0.8769231,0.8769231,0.8769231
Cc1c(-c2cc(C(F)(F)F)cc(C(F)(F)F)c2)nc2cc(F)ccc2c1N1CC(C)(C)c2ccc(N3CCOCC3)cc21,train,train,test,1,1,0.7714286,0.7714286,0.7714286
Cc1c(-c2cc(C(F)(F)F)cc(C(F)(F)F)c2)nc2cccc(F)c2c1N1CC(C)(C)c2ccc(N3CCOCC3)cc21,train,train,train,1,1,0.7432432,0.7432432,0.72
Cc1c(-c2ccccc2F)nc2cccc(Cl)c2c1N1CC(C)(C)c2ccc(N3CCOCC3)cc21,train,train,test,1,1,0.7826087,0.7826087,0.7826087
Cc1c(-c2ccccn2)nc2c(C)ccc(F)c2c1N1CC(C)(C)c2ncc(N3CCOCC3)cc21,test,test,train,1,1,0.79452056,0.79452056,0.79452056
CC1(C)CN(c2c(C#N)c(-c3ccccn3)nc3cc(F)ccc23)c2cc(N3CCOCC3)cnc21,train,train,train,1,1,0.7894737,0.7894737,0.7894737
Cc1c(N2CCCCC2)nc2cc(F)cc(F)c2c1N1CC(C)(C)c2ccc(N3CCOCC3)cc21,test,test,test,1,1,0.6184211,0.6184211,0.6184211
COc1cc2nc(C)c(C)c(N3CC(C)(C)c4ccc(N5CCOCC5)cc43)c2cc1Cl,train,train,test,1,1,0.84126985,0.84126985,0.84126985
COc1cc2nc(C)c(C)c(N3CC(C)(C)c4ccc(N5CCOCC5)cc43)c2cc1C,train,train,train,1,1,0.84126985,0.84126985,0.74242425
Cc1cc(Cl)c2nc(C)c(C)c(N3CC(C)(C)c4ccc(N5CCOCC5)cc43)c2c1,train,train,train,1,1,0.81666666,0.81666666,0.81666666
COc1cc(OC)c2nc(C)c(C)c(N3CC(C)(C)c4ccc(N5CCOCC5)cc43)c2c1,train,train,train,1,1,0.74242425,0.74242425,0.74242425
COc1ccccc1-c1cc(N2CC(C)(C)c3ccc(N4CCOCC4)cc32)c2cc(Cl)ccc2n1,train,train,train,1,1,0.5714286,0.5714286,0.60273975
Cc1nc2ccc(Cl)cc2c(N2CC(C)(C)c3ccc(-c4ccncc4)cc32)c1C,train,train,test,1,1,0.73770493,0.73770493,0.73770493
Cc1nc2ccc(Cl)cc2c(N2CC(C)(C)c3ccc(-c4cn[nH]c4)cc32)c1C,train,train,train,1,1,0.73770493,0.73770493,0.60294116
Cc1nc2ccc(Cl)cc2c(N2CC(C)(C)c3ccc(N4CCOCC4)cc32)c1C,test,test,train,1,1,0.8064516,0.8064516,0.8064516
Cc1nc2ccc(Cl)cc2c(N2CCOc3ccc(N4CCOCC4)cc32)c1C,test,test,train,1,1,0.5714286,0.5714286,0.6825397
COc1cc(-c2ccncc2)cc2c1ccn2-c1c(C)c(C)nc2ccc(Cl)cc12,train,train,train,1,1,0.75,0.75,0.75
COc1cc(-c2cn[nH]c2)cc2c1ccn2-c1c(C)c(C)nc2ccc(Cl)cc12,train,train,train,1,1,0.78333336,0.78333336,0.78333336
Cc1nc2ccc(Cl)cc2c(-n2ccc3c(O)cc(-c4cn[nH]c4)cc32)c1C,train,train,train,1,1,0.78333336,0.78333336,0.78333336
Cc1nc2ccc(Cl)cc2c(-n2ccc3c(C#N)cc(-c4ccncc4)cc32)c1C,train,train,train,1,1,0.7419355,0.7419355,0.7419355
Cc1nc2ccc(Cl)cc2c(-n2ccc3c(C#N)cc(-c4cn[nH]c4)cc32)c1C,train,train,train,1,1,0.7777778,0.7777778,0.7777778
Cc1c(C(F)(F)F)nc2ccc(Cl)cc2c1N1CC(C)(C)c2ccc(N3CCOCC3)cc21,test,test,train,1,1,0.6956522,0.6956522,0.7936508
COc1cc(N2CCOCC2)cc2c1ccn2-c1c(C)c(C)nc2ccc(Cl)cc12,train,train,train,1,1,0.734375,0.734375,0.734375
Cc1nc2ccc(Cl)cc2c(-n2ccc3c(C#N)cc(N4CCOCC4)cc32)c1C,train,train,train,1,1,0.734375,0.734375,0.734375
Cc1nc2ccc(Cl)cc2c(N2CC3(CCOCC3)c3ccc(N4CCOCC4)cc32)c1C,test,test,train,1,1,0.78688526,0.78688526,0.8032787
Cc1nc2ccccc2c(N2CC3(CCOCC3)c3ccc(N4CCOCC4)cc32)c1C,train,train,test,1,1,0.7704918,0.7704918,0.81666666
COc1cc2nc(C)c(C)c(N3CC4(CCOCC4)c4ccc(Br)cc43)c2cc1Cl,train,train,train,1,1,0.7878788,0.7878788,0.7878788
COc1cc2nc(C)c(C)c(N3CC4(CCOCC4)c4ccc(C#N)cc43)c2cc1Cl,train,train,train,1,1,0.7878788,0.7878788,0.7878788
Cc1nc2c(C)cccc2c(N2CC3(CCOCC3)c3ccc(N4CCOCC4)cc32)c1C,train,train,train,1,1,0.8,0.8,0.8
COc1cc2nc(C)c(C)c(N3CC(C)(C)c4ccc(N5CCOCC5)c(C)c43)c2cc1Cl,train,train,test,1,1,0.7846154,0.7846154,0.65217394
CC1(C)CN(c2c3c(nc4ccc(Cl)cc24)CCC3)c2cc(N3CCOCC3)ccc21,train,train,train,1,1,0.68115944,0.68115944,0.9661017
CC1(C)CN(c2c3c(nc4ccc(Cl)cc24)CCCC3)c2cc(N3CCOCC3)ccc21,test,test,train,1,1,0.9661017,0.9661017,0.9661017
CC1(C)CN(c2c3c(nc4ccc(Cl)cc24)C(C)(C)CC3)c2cc(N3CCOCC3)ccc21,test,test,train,1,1,0.796875,0.796875,0.796875
Cc1cnc2ccccc2c1N1CC(C)(C)c2ccc(N3CCOCC3)cc21,test,test,train,1,1,0.6935484,0.6935484,0.7288136
Cc1c(-c2ccccn2)nc2cc(F)ccc2c1N1CC(C)(C)c2ccc(-c3ccncc3)cc21,train,train,train,1,1,0.7714286,0.7714286,0.7714286
Cc1nc2c(C)cc(Cl)cc2c(N2CC(C)(C)c3ccc(N4CCOCC4)cc32)c1C,test,test,train,1,1,0.8,0.8,0.8
Cc1c(-c2ccccc2F)nc2ccccc2c1N1CC(C)(C)c2ccc(N3CCOCC3)cc21,train,train,train,1,1,0.86153847,0.86153847,0.86153847
Cc1nc2c(C)cccc2c(N2CC(C)(C)c3ccc(N4CCOCC4)cc32)c1C,train,train,train,1,1,0.8305085,0.8305085,0.8305085
Cc1nc2c(Cl)cccc2c(N2CC(C)(C)c3ccc(N4CCOCC4)cc32)c1C,train,train,train,1,1,0.8305085,0.8305085,0.8305085
Cc1nc2c(C(F)(F)F)cccc2c(N2CC(C)(C)c3ccc(N4CCOCC4)cc32)c1C,train,train,train,1,1,0.8032787,0.8032787,0.8032787
Cc1nc2ccc(Cl)cc2c(-n2cc(C#N)c3ccc(-c4cn[nH]c4)cc32)c1C,train,train,train,1,1,0.7777778,0.7777778,0.7777778
CCc1c(C)nc2ccc(Cl)cc2c1N1CC(C)(C)c2ccc(N3CCOCC3)cc21,train,train,train,1,1,0.68115944,0.68115944,0.8064516
Cc1nc2ccccc2c(N2CC(C)(C)c3ccc(N4CCOCC4)cc32)c1C,test,test,train,1,1,0.8103448,0.8103448,0.8103448
COc1cc2nc(C)c(C)c(N3CCS(=O)(=O)c4ccc(N5CCOCC5)cc43)c2cc1Cl,train,train,test,1,1,0.6666667,0.6666667,0.55263156
Cc1c(-c2ccccc2F)nc2cccc(F)c2c1N1CCS(=O)(=O)c2ccc(N3CCOCC3)cc21,train,train,test,1,1,0.6282051,0.6282051,0.6282051
Cc1c(-c2ccccc2)nc2ccccc2c1N1CC(C)(C)c2ccc(N3CCOCC3)cc21,train,train,train,1,1,0.7936508,0.7936508,0.8103448
Cc1c(-c2ccccc2F)nc2cc(F)ccc2c1N1CC2(CCOCC2)c2ccc(N3CCOCC3)cc21,train,train,train,1,1,0.82608694,0.82608694,0.8695652
Cc1c(-c2ccccc2)nc2ccccc2c1N1CC2(CCOCC2)c2ccc(N3CCOCC3)cc21,test,test,train,1,1,0.81666666,0.81666666,0.8032787
Cc1c(-c2ccccc2F)nc2cc(Cl)ccc2c1N1CC2(CCOCC2)c2ccc(N3CCOCC3)cc21,test,test,train,1,1,0.8695652,0.8695652,0.8695652
Cc1c(-c2ccccc2F)nc2cc(F)ccc2c1N1CC(C)(C)c2ccc(N3CCOCC3)cc21,train,train,train,1,1,0.8769231,0.8769231,0.8769231
Cc1c(Cc2ccccc2)nc2cc(F)cc(F)c2c1N1CC(C)(C)c2ncc(N3CCOCC3)cc21,train,train,train,1,1,0.8873239,0.8873239,0.8873239
C=C(c1ccccc1)c1nc2cc(F)cc(F)c2c(N2CC(C)(C)c3ncc(N4CCOCC4)cc32)c1C,train,train,train,1,1,0.71794873,0.71794873,0.71794873
Cc1c(-c2cccc3ccccc23)nc2cc(F)cc(F)c2c1N1CC(C)(C)c2ncc(N3CCOCC3)cc21,train,train,train,1,1,0.8076923,0.8076923,0.8076923
Cc1c(-c2ccc3c(ccn3C)c2)nc2cc(F)cc(F)c2c1N1CC(C)(C)c2ncc(N3CCOCC3)cc21,train,train,test,1,1,0.721519,0.721519,0.721519
Cc1c(-c2cccc3[nH]ccc23)nc2cc(F)cc(F)c2c1N1CC(C)(C)c2ncc(N3CCOCC3)cc21,train,train,train,1,1,0.8076923,0.8076923,0.8076923
Cc1c(Cc2cccc(F)c2)nc2cc(F)cc(F)c2c1N1CC(C)(C)c2ncc(N3CCOCC3)cc21,train,train,train,1,1,0.8873239,0.8873239,0.8873239
Cc1c(CCc2ccccc2)nc2cc(F)cc(F)c2c1N1CC(C)(C)c2ncc(N3CCOCC3)cc21,train,train,train,1,1,0.87323946,0.87323946,0.87323946
Cc1c(Cc2cccc(C#N)c2)nc2cc(F)cc(F)c2c1N1CC(C)(C)c2ncc(N3CCOCC3)cc21,train,train,train,1,1,0.84415585,0.84415585,0.84415585
Cc1c(-c2ccccn2)nc2cc(F)ccc2c1N1CCOc2ccc(N3CCOCC3)cc21,train,train,train,1,1,0.73913044,0.73913044,0.72602737
Cc1c(-c2ccccn2)nc2cc(F)ccc2c1N1CC(C)(C)c2ncc(C3=CCOCC3)cc21,test,test,train,1,1,0.7105263,0.7105263,0.7105263
Cc1c(/C=C/c2ccccc2)nc2cc(F)cc(F)c2c1N1CC(C)(C)c2ncc(N3CCOCC3)cc21,train,train,train,1,1,0.72727275,0.72727275,0.72727275
Cc1c(Nc2ccccn2)nc2cc(F)cc(F)c2c1N1CC(C)(C)c2ncc(N3CCOCC3)cc21,train,train,train,1,1,0.6875,0.6875,0.6875
Cc1c(-c2ccccn2)nc2cccc(F)c2c1N1CCS(=O)(=O)c2ncc(N3CCOCC3)cc21,train,train,train,1,1,0.7733333,0.7733333,0.7733333
Cc1c(C2(c3ccccc3)CC2)nc2cc(F)cc(F)c2c1N1CC(C)(C)c2ncc(N3CCOCC3)cc21,test,test,train,1,1,0.7368421,0.7368421,0.7368421
Cc1ccnc(-c2nc3cc(F)ccc3c(N3CC(C)(C)c4ncc(N5CCOCC5)cc43)c2C)c1,train,train,train,1,1,0.8,0.8,0.85507244
Cc1c(N2CCCCC2=O)nc2cc(F)cc(F)c2c1N1CC(C)(C)c2ncc(N3CCOCC3)cc21,test,test,test,1,1,0.9558824,0.9558824,0.8611111
COc1cccc(Cc2nc3cc(F)cc(F)c3c(N3CC(C)(C)c4ncc(N5CCOCC5)cc43)c2C)c1,train,train,train,1,1,0.8552632,0.8552632,0.8552632
Cc1c(Cc2cccc(C(F)(F)F)c2)nc2cc(F)cc(F)c2c1N1CC(C)(C)c2ncc(N3CCOCC3)cc21,train,train,train,1,1,0.8552632,0.8552632,0.8552632
Cc1ccnc(-c2nc3cc(F)cc(F)c3c(N3CC(C)(C)c4ncc(N5CCOCC5)cc43)c2C)c1,test,test,test,1,1,0.85714287,0.85714287,0.7916667
Cc1c(-c2cncc(F)c2)nc2cc(F)cc(F)c2c1N1CC(C)(C)c2ncc(N3CCOCC3)cc21,test,test,test,1,1,0.89705884,0.89705884,0.89705884
Cc1cncc(-c2nc3cc(F)cc(F)c3c(N3CC(C)(C)c4ncc(N5CCOCC5)cc43)c2C)c1,train,train,train,1,1,0.8243243,0.8243243,0.8243243
Cc1c(-c2cncc(S(C)(=O)=O)c2)nc2cc(F)cc(F)c2c1N1CC(C)(C)c2ncc(N3CCOCC3)cc21,train,train,train,1,1,0.8243243,0.8243243,0.8243243
Cc1c(N2CCCC2=O)nc2cc(F)cc(F)c2c1N1CC(C)(C)c2ncc(N3CCOCC3)cc21,train,train,test,1,1,0.85915494,0.85915494,0.85915494
Cc1ccnc(-c2nc3cc(F)cc(F)c3c(N3CC4(CCOCC4)c4ncc(N5CCOCC5)cc43)c2C)c1,train,train,test,1,1,0.8450704,0.8450704,0.8450704
Cc1c(N2CCCCC2=O)nc2cc(F)cc(F)c2c1N1CC2(CCOCC2)c2ncc(N3CCOCC3)cc21,train,train,train,1,1,0.9558824,0.9558824,0.9558824
Cc1c(-c2ccccn2)nc2cc(F)cc(F)c2c1N1CC2(CCOCC2)c2ncc(N3CCOCC3)cc21,train,train,train,1,1,0.8450704,0.8450704,0.8450704
Cc1c(-c2ccccn2)nc2cccc(F)c2c1N1CC2(CCOCC2)c2ncc(N3CCOCC3)cc21,test,test,train,1,1,0.85714287,0.85714287,0.85714287
Cc1c(-c2ccccn2)nc2cc(F)ccc2c1N1CC2(CCOCC2)c2ncc(-c3cn[nH]c3)cc21,train,train,train,1,1,0.79452056,0.79452056,0.79452056
Cc1c(-c2ccccc2S(C)(=O)=O)nc2cc(F)cc(F)c2c1N1CC2(CCOCC2)c2ncc(N3CCOCC3)cc21,train,train,train,1,1,0.74358976,0.74358976,0.8552632
Cc1c(-n2ccccc2=O)nc2cc(F)cc(F)c2c1N1CC2(CCOCC2)c2ccc(N3CCOCC3)cc21,train,train,train,1,1,0.67901236,0.67901236,0.60240966
Cc1nc2c(Cl)cccc2c(N2CC3(CCOCC3)c3ncc(N4CCOCC4)cc32)c1C,train,train,test,1,1,0.67164177,0.67164177,0.67164177
Cc1c(N2CCCC2=O)nc2cc(F)cc(F)c2c1N1CC2(CCOCC2)c2ncc(N3CCOCC3)cc21,train,train,train,1,1,0.9558824,0.9558824,0.9558824
Cc1c(N2CCCCC2=O)nc2cc(F)ccc2c1N1CC2(CCOCC2)c2ncc(N3CCOCC3)cc21,train,train,train,1,1,0.9558824,0.9558824,0.9558824
Cc1cc(C)cc(-c2nc3cc(F)ccc3c(N3CC4(CCOCC4)c4ncc(N5CCOCC5)cc43)c2C)c1,train,train,test,1,1,0.8507463,0.8507463,0.8507463
Cc1ccc(S(C)(=O)=O)c(-c2nc3cc(F)cc(F)c3c(N3CC(C)(C)c4ncc(N5CCOCC5)cc43)c2C)c1,train,train,train,1,1,0.7407407,0.7407407,0.8684211
Cc1ccnc(-c2nc3cc(F)ccc3c(N3CC4(CCOCC4)c4ncc(N5CCOCC5)cc43)c2C)c1,test,test,train,1,1,0.85507244,0.85507244,0.85507244
COc1cc(-c2nc3cc(F)cc(F)c3c(N3CC4(CCOCC4)c4ncc(N5CCOCC5)cc43)c2C)ccn1,train,train,train,1,1,0.7763158,0.7763158,0.721519
Cc1c(N2CCOC(C)(C)C2)nc2cc(F)cc(F)c2c1N1CC2(CCOCC2)c2ncc(N3CCOCC3)cc21,train,train,test,1,1,0.86764705,0.86764705,0.86764705
Cc1c(N2CCOC(C)(C)C2)nc2cc(F)cc(F)c2c1N1CC(C)(C)c2ncc(N3CCOCC3)cc21,train,train,train,1,1,0.86764705,0.86764705,0.68421054
Cc1ccc(S(C)(=O)=O)c(-c2nc3cc(F)cc(F)c3c(N3CC4(CCOCC4)c4ncc(N5CCOCC5)cc43)c2C)c1,test,test,train,1,1,0.8684211,0.8684211,0.8684211
Cc1c(-c2ccccn2)nc2cc(F)ccc2c1N1CCS(=O)(=O)c2ncc(N3CCOCC3)cc21,train,train,train,1,1,0.8472222,0.8472222,0.8472222
Cc1ccnc(-c2nc3cc(F)ccc3c(N3CCS(=O)(=O)c4ncc(N5CCOCC5)cc43)c2C)c1,train,train,train,1,1,0.8472222,0.8472222,0.8472222
Cc1c(-c2ccccn2)nc2ncccc2c1N1CC2(CCOCC2)c2ncc(N3CCOCC3)cc21,train,train,train,1,1,0.8358209,0.8358209,0.8358209
Cc1c(N2CCCC2=O)nc2cc(F)ccc2c1N1CC2(CCOCC2)c2ncc(N3CCOCC3)cc21,train,train,train,1,1,0.9558824,0.9558824,0.9558824
Cc1c(-c2ccccn2)nc2ncccc2c1N1CCOc2ccc(N3CCOCC3)cc21,train,train,test,1,1,0.73913044,0.73913044,0.73913044
Cc1c(-c2ccccn2)nc2ncccc2c1N1CC(C)(C)c2ncc(N3CCOCC3)cc21,train,train,train,1,1,0.8636364,0.8636364,0.8636364
Cc1c(-c2ccccn2)nc2cnccc2c1N1CC2(CCOCC2)c2ncc(N3CCOCC3)cc21,train,train,train,1,1,0.7746479,0.7746479,0.7746479
Cc1c(-c2cc(F)cc(F)c2)nc2cnccc2c1N1CC2(CCOCC2)c2ncc(N3CCOCC3)cc21,train,train,train,1,1,0.7638889,0.7638889,0.85294116
Cc1c(-c2cc(F)cc(F)c2)nc2cnccc2c1N1CC(C)(C)c2ncc(N3CCOCC3)cc21,test,test,train,1,1,0.88235295,0.88235295,0.88235295
Cc1ccnc(-c2nc3ncccc3c(N3CC(C)(C)c4ncc(N5CCOCC5)cc43)c2C)c1,train,train,train,1,1,0.8636364,0.8636364,0.8636364
Cc1c(-c2cc(F)cc(F)c2)nc2ncccc2c1N1CC(C)(C)c2ncc(N3CCOCC3)cc21,train,train,train,1,1,0.8695652,0.8695652,0.88235295
COC(=O)N1CCN(c2nc3cc(F)cc(F)c3c(N3CC4(CCOCC4)c4ncc(N5CCOCC5)cc43)c2C)CC1,train,train,train,1,1,0.88,0.88,0.88
Cc1c(N2CC(C)(C)CCC2=O)nc2cc(F)cc(F)c2c1N1CC2(CCOCC2)c2ncc(N3CCOCC3)cc21,train,train,train,1,1,0.875,0.875,0.875
Cc1c(N2CCN(C(=O)OC(C)(C)C)CC2)nc2cc(F)cc(F)c2c1N1CC2(CCOCC2)c2ncc(N3CCOCC3)cc21,train,train,train,1,1,0.88,0.88,0.88
Cc1c(N2CCNCC2)nc2cc(F)cc(F)c2c1N1CC2(CCOCC2)c2ncc(N3CCOCC3)cc21,train,train,test,1,1,0.7887324,0.7887324,0.7808219
Cc1c(-c2ccccn2)nc2cc(F)ccc2c1N1CC2(CCS(=O)(=O)CC2)c2ccc(N3CCOCC3)cc21,train,train,test,1,1,0.8684211,0.8684211,0.8684211
Cc1c(N2CCN(S(C)(=O)=O)CC2)nc2cc(F)cc(F)c2c1N1CC2(CCOCC2)c2ncc(N3CCOCC3)cc21,test,test,train,1,1,0.7808219,0.7808219,0.75641024
Cc1c(-c2cccc(F)c2)nc2ncccc2c1N1CC(C)(C)c2ncc(N3CCOCC3)cc21,test,test,train,1,1,0.88235295,0.88235295,0.88235295
Cc1c(-c2cccc(F)c2)nc2ncccc2c1N1CC2(CCOCC2)c2ncc(N3CCOCC3)cc21,train,train,test,1,1,0.88235295,0.88235295,0.88235295
Cc1c(-c2ccccc2)nc2ncccc2c1N1CC(C)(C)c2ncc(N3CCOCC3)cc21,train,train,train,1,1,0.8358209,0.8358209,0.8382353
Cc1c(-c2ccccc2)nc2ncccc2c1N1CC2(CCOCC2)c2ncc(N3CCOCC3)cc21,train,train,train,1,1,0.85294116,0.85294116,0.8507463
Cc1c(-c2ccccn2)nc2cc(F)ccc2c1N1CC2(CCOCC2)c2nc(Br)c(N3CCOCC3)cc21,train,train,train,1,1,0.8472222,0.8472222,0.8472222
Cc1c(-c2ccccn2)nc2cc(F)ccc2c1N1CC2(CCOCC2)c2nc(C#N)c(N3CCOCC3)cc21,train,train,test,1,1,0.8513514,0.8513514,0.8513514
Cc1c(-c2ccccn2)nc2cc(F)ccc2c1N1CC2(CCOCC2)c2nc(N)c(N3CCOCC3)cc21,train,train,train,1,1,0.8472222,0.8472222,0.8472222
C=Cc1nc2c(cc1N1CCOCC1)N(c1c(C)c(-c3ccccn3)nc3cc(F)ccc13)CC21CCOCC1,test,test,train,1,1,0.8243243,0.8243243,0.8243243
Cc1c(-c2ccccn2)nc2cc(F)ccc2c1N1CC2(CCOCC2)c2nc(Cl)c(N3CCOCC3)cc21,test,test,train,1,1,0.8472222,0.8472222,0.8472222
Cc1c(-c2ccccn2)nc2cc(F)ccc2c1N1CC(C)(C)c2nc(Br)c(N3CCOCC3)cc21,train,train,train,1,1,0.8472222,0.8472222,0.8472222
Cc1c(-c2ccccn2)nc2cc(F)ccc2c1N1CC(C)(C)c2nc(C#N)c(N3CCOCC3)cc21,train,train,train,1,1,0.8513514,0.8513514,0.8108108
Cc1ccnc(-c2nc3ncccc3c(N3CC(C)(C)c4nc(Cl)c(N5CCOCC5)cc43)c2C)c1,train,train,train,1,1,0.78571427,0.78571427,0.78571427
Cc1c(-c2ccccn2)nc2cc(F)ccc2c1N1CC(C)(C)c2nc(Cl)c(N3CCOCC3)cc21,train,train,train,1,1,0.8333333,0.8333333,0.8472222
CNC(=O)N1CCN(c2nc3cc(F)cc(F)c3c(N3CC4(CCOCC4)c4ncc(N5CCOCC5)cc43)c2C)CC1,test,test,train,1,1,0.84210527,0.84210527,0.84210527
Cc1c(N2CCC2=O)nc2cc(F)cc(F)c2c1N1CC2(CCOCC2)c2ncc(N3CCOCC3)cc21,test,test,train,1,1,0.9117647,0.9117647,0.9117647
Cc1c(N2CC(C)(C)CC2=O)nc2cc(F)cc(F)c2c1N1CC2(CCOCC2)c2ncc(N3CCOCC3)cc21,train,train,train,1,1,0.875,0.875,0.875
Cc1c(-c2cncc(F)c2)nc2ncccc2c1N1CC(C)(C)c2ncc(N3CCOCC3)cc21,train,train,train,1,1,0.8695652,0.8695652,0.8695652
Cc1ccnc(-c2nc3cnccc3c(N3CC(C)(C)c4ncc(N5CCOCC5)cc43)c2C)c1,train,train,test,1,1,0.8,0.8,0.8
Cc1c(-c2cncc(F)c2)nc2cnccc2c1N1CC(C)(C)c2ncc(N3CCOCC3)cc21,train,train,train,1,1,0.7702703,0.7702703,0.88235295
Cc1c(-c2ccccn2)nc2cc(F)ccc2c1N1CC2(CS(=O)(=O)C2)c2ccc(N3CCOCC3)cc21,train,train,train,1,1,0.8684211,0.8684211,0.8378378
Cc1c(-c2ccccn2)nc2cc(F)ccc2c1N1CC(CO)(CO)c2ccc(N3CCOCC3)cc21,train,train,train,1,1,0.8194444,0.8194444,0.8194444
Cc1c(C2CC2)nc2ncccc2c1N1CC(C)(C)c2ncc(N3CCOCC3)cc21,train,train,train,1,1,0.73913044,0.73913044,0.73913044
Cc1c(-c2cc(F)cc(F)c2)nc2ncccc2c1N1CC2(CCOCC2)c2ncc(N3CCOCC3)cc21,train,train,train,1,1,0.88235295,0.88235295,0.85294116
c1cnc(Nc2cccc3n[nH]cc23)c(-c2ncnc3nc[nH]c23)c1,test,test,test,2,2,0.75,0.75,0.515625
c1cnc(Nc2cccc3[nH]ccc23)c(-c2ncnc3[nH]cnc23)c1,train,train,train,2,2,0.6034483,0.6034483,0.6034483
Cc1nc(N)nc(-c2cc(CN3CCN(S(C)(=O)=O)CC3)cnc2Nc2cccc(O)c2)n1,train,train,train,2,2,0.75,0.75,0.75
Cc1cnc(Nc2cccnc2)c(-c2nc(C)nc(N)n2)c1,train,train,train,2,2,0.7,0.7,0.7
COc1ccc(Nc2ncc(CN3CCN(S(C)(=O)=O)CC3)cc2-c2ncnc(C)n2)cn1,test,test,test,2,2,0.7910448,0.7910448,0.7794118
Cc1nc(N)nc(-c2cc(CN3CCN(S(C)(=O)=O)CC3)cnc2Nc2cccc3[nH]ncc23)n1,train,train,train,2,2,0.8142857,0.8142857,0.8142857
Cc1nc(N)nc(-c2cc(CN3CCN(S(C)(=O)=O)CC3)cnc2Nc2ccc(C(F)(F)F)nc2)n1,test,test,train,2,2,0.75714284,0.75714284,0.7361111
Cc1nc(N)nc(-c2cc(CN3CCN(S(C)(=O)=O)CC3)cnc2Nc2cncnc2)n1,train,train,train,2,2,0.8095238,0.8095238,0.8095238
Cc1nc(N)nc(-c2cc(CN3CCN(S(C)(=O)=O)CC3)cnc2Nc2ccc3ncoc3c2)n1,test,test,train,2,2,0.880597,0.880597,0.880597
COc1ncc(Nc2ncc(CN3CCN(S(C)(=O)=O)CC3)cc2-c2nc(C)nc(N)n2)cc1F,train,train,test,2,2,0.8088235,0.8088235,0.79452056
Cc1cnc(Nc2cccc3[nH]ccc23)c(-c2nc(C)nc(N)n2)c1,test,test,train,2,2,0.7735849,0.7735849,0.7735849
Cc1cnc(Nc2cccc3[nH]ncc23)c(-c2nc(C)nc(N)n2)c1,train,train,train,2,2,0.64705884,0.64705884,0.74545455
CCOc1ccc(Nc2ncccc2-c2nc(C)nc(N)n2)cn1,train,train,train,2,2,0.8039216,0.8039216,0.8039216
Cc1nc(N)nc(-c2cccnc2Nc2ccc(N)nc2)n1,train,train,train,2,2,0.78723407,0.78723407,0.75510204
Cc1nc(N)nc(-c2cccnc2Nc2ccc(Cl)nc2)n1,train,train,test,2,2,0.78723407,0.78723407,0.78723407
Cc1nc(-c2cc(Cl)cnc2Nc2cccc3[nH]ncc23)c2nc[nH]c2n1,train,train,train,2,2,0.76666665,0.76666665,0.80701756
Cc1nc(-c2cc(Br)cnc2Nc2cccc3[nH]ncc23)c2nc[nH]c2n1,test,test,train,2,2,0.80701756,0.80701756,0.80701756
Cc1nc(-c2cc(C(F)(F)F)cnc2Nc2cccc3[nH]ncc23)c2nc[nH]c2n1,train,train,train,2,2,0.76666665,0.76666665,0.76666665
COc1ncc(Nc2ncccc2-c2nc(C)nc3[nH]cnc23)cn1,test,test,train,2,2,0.7592593,0.7592593,0.7592593
COc1ccc(COCc2cnc(Nc3cccc4[nH]ccc34)c(-c3nc(C)nc4[nH]cnc34)c2)cc1,train,train,test,2,2,0.5945946,0.5945946,0.5945946
Cc1nc(-c2cc(CO)cnc2Nc2cccc3[nH]ncc23)c2nc[nH]c2n1,train,train,train,2,2,0.76666665,0.76666665,0.76666665
C=Cc1cnc(Nc2ccc(OC)nc2)c(-c2nc(C)nc3[nH]cnc23)c1,train,train,train,2,2,0.75438595,0.75438595,0.75438595
CCc1cnc(Nc2ccc(OC)nc2)c(-c2nc(C)nc3[nH]cnc23)c1,train,train,test,2,2,0.83928573,0.83928573,0.83928573
COc1ccc(Nc2ncc(CCO)cc2-c2nc(C)nc3[nH]cnc23)cn1,train,train,test,2,2,0.8596491,0.8596491,0.8596491
COc1ccc(Nc2ncc(CO)cc2-c2nc(C)nc3[nH]cnc23)cn1,train,train,train,2,2,0.8596491,0.8596491,0.7704918
COc1ccc(NCc2cnc(Nc3ccc(OC)nc3)c(-c3nc(C)nc4[nH]cnc34)c2)cc1,train,train,train,2,2,0.8833333,0.8833333,0.8833333
COc1cccc(NCc2cnc(Nc3ccc(OC)nc3)c(-c3nc(C)nc4[nH]cnc34)c2)c1,train,train,train,2,2,0.87096775,0.87096775,0.87096775
COc1ccc(Nc2ncc(CNc3cccnn3)cc2-c2nc(C)nc3[nH]cnc23)cn1,train,train,train,2,2,0.8235294,0.8235294,0.8235294
COc1ccc(Nc2ncc(CNc3ccncc3)cc2-c2nc(C)nc3[nH]cnc23)cn1,test,test,train,2,2,0.86885244,0.86885244,0.86885244
COc1ccc(Nc2ncc(CNc3ccccn3)cc2-c2nc(C)nc3[nH]cnc23)cn1,train,train,train,2,2,0.8235294,0.8235294,0.8235294
COc1ccc(Nc2ncc(CNc3ccccc3)cc2-c2nc(C)nc3[nH]cnc23)cn1,train,train,train,2,2,0.8833333,0.8833333,0.8833333
COc1ccc(Nc2ncc(CN3CCNCC3)cc2-c2nc(C)nc3[nH]cnc23)cn1,train,train,train,2,2,0.8208955,0.8208955,0.8208955
COc1ccc(Nc2ncc(CN3CCN(S(C)(=O)=O)CC3)cc2-c2nc(C)nc3[nH]cnc23)cn1,test,test,train,2,2,0.85915494,0.85915494,0.85915494
COC(=O)N1CCN(Cc2cnc(Nc3ccc(OC)nc3)c(-c3nc(C)nc4[nH]cnc34)c2)CC1,train,train,train,2,2,0.9104478,0.9104478,0.9104478
COc1ccc(Nc2ncc(CN3CCN(C(=O)N(C)C)CC3)cc2-c2nc(C)nc3[nH]cnc23)cn1,train,train,train,2,2,0.884058,0.884058,0.884058
COc1ccc(Nc2ncc(CN3CCN(S(=O)(=O)N(C)C)CC3)cc2-c2nc(C)nc3[nH]cnc23)cn1,train,train,train,2,2,0.7763158,0.7763158,0.85915494
COc1ccc(Nc2ncc(CN3CCN(C(C)=O)CC3)cc2-c2nc(C)nc3[nH]cnc23)cn1,train,train,train,2,2,0.9104478,0.9104478,0.9104478
COc1ccc(Nc2cnc(Nc3ccc(OC)nc3)c(-c3nc(C)nc4[nH]cnc34)c2)cc1,train,train,test,2,2,0.8703704,0.8703704,0.8703704
COc1ccc(Nc2ncc(NCc3ccccc3)cc2-c2nc(C)nc3[nH]cnc23)cn1,train,train,train,2,2,0.8666667,0.8666667,0.8666667
COc1ccc(Nc2ncc(Nc3ccccc3)cc2-c2nc(C)nc3[nH]cnc23)cn1,train,train,train,2,2,0.8703704,0.8703704,0.84210527
COCCNc1cnc(Nc2ccc(OC)nc2)c(-c2nc(C)nc3[nH]cnc23)c1,train,train,test,2,2,0.8103448,0.8103448,0.8103448
CCNc1cnc(Nc2ccc(OC)nc2)c(-c2nc(C)nc3[nH]cnc23)c1,train,train,train,2,2,0.8103448,0.8103448,0.78333336
COc1ccc(CNc2cnc(Nc3ccc(OC)nc3)c(-c3nc(C)nc4[nH]cnc34)c2)cc1,train,train,train,2,2,0.8666667,0.8666667,0.8666667
COc1cccc(Nc2cnc(Nc3ccc(OC)nc3)c(-c3nc(C)nc4[nH]cnc34)c2)c1,train,train,train,2,2,0.85714287,0.85714287,0.84210527
COc1ccc(Nc2ncc(N3CCOCC3)cc2-c2nc(C)nc3[nH]cnc23)cn1,train,train,train,2,2,0.7761194,0.7761194,0.7761194
COc1ccc(Nc2ncc(N3CCN(S(C)(=O)=O)CC3)cc2-c2nc(C)nc3[nH]cnc23)cn1,train,train,train,2,2,0.7761194,0.7761194,0.7761194
CC(=O)Nc1ccc(Nc2ncccc2-c2nc(C)nc3[nH]cnc23)cc1,train,train,train,2,2,0.6,0.6,0.7818182
COc1ccc(Nc2ncc(Cc3ccc(S(C)(=O)=O)cc3)cc2-c2nc(C)nc3[nH]cnc23)cn1,test,test,train,2,2,0.80597013,0.80597013,0.80597013
Cc1nc(-c2cc(Cc3ccc(S(C)(=O)=O)cc3)cnc2Nc2cccc3[nH]ncc23)c2nc[nH]c2n1,test,test,train,2,2,0.7246377,0.7246377,0.7246377
CC(=O)Nc1ccc(Nc2ncc(Cc3ccc(S(C)(=O)=O)cc3)cc2-c2nc(C)nc3[nH]cnc23)cn1,train,train,test,2,2,0.7714286,0.7714286,0.7714286
Cc1nc(-c2cc(Cc3ccc(S(C)(=O)=O)cc3)cnc2Nc2ccc(N)nc2)c2nc[nH]c2n1,train,train,train,2,2,0.7714286,0.7714286,0.80597013
Cc1nc(N)cc(-c2cnccc2Nc2cccc3[nH]ncc23)n1,train,train,train,2,2,0.7592593,0.7592593,0.7592593
CC(=O)Nc1cc(-c2cnccc2Nc2cccc3[nH]ccc23)nc(C)n1,train,train,test,0,0,0.7118644,0.7118644,0.7118644
Cc1nc(N)cc(-c2cnccc2Nc2cccc3[nH]ccc23)n1,train,train,train,2,2,0.7592593,0.7592593,0.7592593
Cc1nc(-c2cnccc2Nc2cccc3[nH]ncc23)c2nc[nH]c2n1,test,test,train,2,2,0.68333334,0.68333334,0.68333334
COc1ccc(Nc2ccncc2-c2nc(C)nc3[nH]cnc23)cn1,train,train,test,2,2,0.6551724,0.6551724,0.6551724
Cc1nc(N)cc(-c2nccnc2Nc2cccc3[nH]ncc23)n1,train,train,train,2,2,0.7407407,0.7407407,0.7407407
COc1ccc(Nc2nc3ccccc3cc2-c2nc(C)nc3[nH]cnc23)cn1,train,train,train,2,2,0.7413793,0.7413793,0.7413793
COc1ccc(Nc2nc(N)ncc2-c2nc(C)nc(N)n2)cn1,train,train,train,2,2,0.8333333,0.8333333,0.8333333
COc1ccc(Nc2nc(OC)ncc2-c2nc(C)nc(N)n2)cn1,train,train,train,2,2,0.8333333,0.8333333,0.8333333
COc1ccc(Nc2nc(N3CCOCC3)ncc2-c2nc(C)nc(N)n2)cn1,train,train,train,2,2,0.8448276,0.8448276,0.8448276
COc1ccc(Nc2nc(N(C)C)ncc2-c2nc(C)nc(N)n2)cn1,train,train,train,2,2,0.8,0.8,0.8
COc1ccc(Nc2nc(N3CCCC3)ncc2-c2nc(C)nc(N)n2)cn1,train,train,train,2,2,0.9811321,0.9811321,0.9811321
COc1ccc(Nc2nc(N3CCCCC3)ncc2-c2nc(C)nc(N)n2)cn1,train,train,train,2,2,0.9811321,0.9811321,0.9811321
COc1ccc(Nc2nc(-c3ccncc3)ncc2-c2nc(C)nc(N)n2)cn1,test,test,train,2,2,0.8333333,0.8333333,0.8333333
COc1ccc(Nc2nc(-c3ccc(F)cc3)ncc2-c2nc(C)nc(N)n2)cn1,train,train,train,2,2,0.7692308,0.7692308,0.8333333
COc1ccc(Nc2nc(NC3CCCC3)ncc2-c2nc(C)nc(N)n2)cn1,test,test,train,2,2,0.71428573,0.71428573,0.71428573
COc1ccc(Nc2ncc(Cl)cc2-c2nc(C)nc3[nH]cnc23)cn1,train,train,train,2,2,0.7818182,0.7818182,0.76785713
Cc1nc(N)nc(-c2cc(CN3CCN(S(C)(=O)=O)CC3)cnc2Nc2ccc3ocnc3c2)n1,train,train,train,2,2,0.75,0.75,0.880597
Cc1nc(N)nc(-c2cc(CN3CCOCC3)cnc2Nc2ccc3scnc3c2)n1,test,test,train,2,2,0.7826087,0.7826087,0.7826087
COc1ncc(Nc2ncc(CN3CCOCC3)cc2-c2nc(C)nc(N)n2)cc1F,train,train,train,2,2,0.78571427,0.78571427,0.7714286
COc1ccc(Nc2ncc(CNC(C)(C)C)cc2-c2nc(C)nc3[nH]cnc23)cn1,test,test,test,2,2,0.8196721,0.8196721,0.8196721
COc1ccc(Nc2ncc(CNC(C)C)cc2-c2nc(C)nc3[nH]cnc23)cn1,train,train,train,2,2,0.78333336,0.78333336,0.7777778
COc1ccc(Nc2ncc(CNCc3ccccn3)cc2-c2nc(C)nc3[nH]cnc23)cn1,train,train,test,2,2,0.7826087,0.7826087,0.7910448
COc1ccc(Nc2ncc(CNCc3ccncc3)cc2-c2nc(C)nc3[nH]cnc23)cn1,test,test,train,2,2,0.7910448,0.7910448,0.84126985
COc1ccc(Nc2ncc(CNCc3cccnc3)cc2-c2nc(C)nc3[nH]cnc23)cn1,test,test,train,2,2,0.7826087,0.7826087,0.83076924
COc1ccc(Nc2ncc(C(O)c3ccc(S(C)(=O)=O)cc3)cc2-c2nc(C)nc3[nH]cnc23)cn1,train,train,train,2,2,0.67105263,0.67105263,0.7222222
COc1ccc(Nc2ncc(C(C)N3CCN(S(C)(=O)=O)CC3)cc2-c2nc(C)nc3[nH]cnc23)cn1,train,train,train,2,2,0.7808219,0.7808219,0.7808219
COc1ncc(Nc2ncc(Cc3ccc(S(C)(=O)=O)cc3)cc2-c2nc(C)nc(N)n2)cc1F,train,train,train,2,2,0.75,0.75,0.75
COc1ccc(Nc2ncc(C(C)c3ccc(S(C)(=O)=O)cc3)cc2-c2nc(C)nc(N)n2)cn1,train,train,train,2,2,0.7536232,0.7536232,0.7536232
COc1ncc(Nc2ncc(C(C)c3ccc(S(C)(=O)=O)cc3)cc2-c2nc(C)nc(N)n2)cc1F,train,train,train,2,2,0.7536232,0.7536232,0.7536232
COc1ccc(Nc2ncc(C(=O)N3CCOCC3)cc2-c2nc(C)nc(N)n2)cn1,train,train,train,2,2,0.72727275,0.72727275,0.6956522
COc1ncc(Nc2ncc(C(=O)N3CCN(S(C)(=O)=O)CC3)cc2-c2nc(C)nc(N)n2)cc1F,train,train,test,2,2,0.78571427,0.78571427,0.78571427
COCCNC(=O)c1cnc(Nc2ccc(OC)nc2)c(-c2nc(C)nc(N)n2)c1,test,test,test,2,2,0.71428573,0.71428573,0.71428573
COc1ccc(Nc2ncc(CN3CCOCC3=O)cc2-c2nc(C)nc(N)n2)cn1,train,train,train,2,2,0.7794118,0.7794118,0.7794118
COc1ccc(Nc2ncc(CN3CCN(S(C)(=O)=O)C[C@H]3C)cc2-c2nc(C)nc(N)n2)cn1,train,train,train,2,2,0.82857144,0.82857144,0.82857144
COc1ncc(Nc2ncc(CN3CCN(C(=O)N(C)C)CC3)cc2-c2nc(C)nc(N)n2)cc1F,test,test,train,2,2,0.90140843,0.90140843,0.90140843
Cc1nc(N)nc(-c2cc(CN3CCN(C(=O)N(C)C)CC3)cnc2Nc2cnc(O)c(F)c2)n1,train,train,train,2,2,0.76811594,0.76811594,0.82857144
Cc1nc(N)nc(-c2cc(CN3CCN(S(C)(=O)=O)CC3)cnc2Nc2cnc(O)c(F)c2)n1,train,train,test,2,2,0.8088235,0.8088235,0.7761194
COc1cncc(Nc2ncc(CN3CCN(S(C)(=O)=O)CC3)cc2-c2nc(C)nc(N)n2)c1,train,train,train,2,2,0.8030303,0.8030303,0.8030303
CNc1nc(C)nc(-c2cc(CN3CCN(S(C)(=O)=O)CC3)cnc2Nc2ccc(OC)nc2)n1,train,train,train,2,2,0.8088235,0.8088235,0.7638889
Cc1nc(N)nc(-c2cccnc2Nc2cccc(OC(F)F)c2)n1,test,test,test,2,2,0.6727273,0.6727273,0.6727273
Cc1nc(N)nc(-c2cccnc2Nc2ccc3oc(C)nc3c2)n1,train,train,train,2,2,0.6666667,0.6666667,0.6666667
COc1ccc(Nc2ncccc2-c2nc(C)nc(N)n2)cc1F,train,train,train,2,2,0.8627451,0.8627451,0.8627451
COc1cc(Nc2ncccc2-c2nc(C)nc(N)n2)ccc1F,train,train,train,2,2,0.8627451,0.8627451,0.8627451
Cc1nc(N)nc(-c2cccnc2Nc2ccc3c(c2)OC(F)(F)O3)n1,train,train,train,2,2,0.6851852,0.6851852,0.6851852
COc1ccc(Nc2ncc(-c3ccc(OC)nc3)cc2-c2nc(C)nc(N)n2)cn1,train,train,test,2,2,0.92,0.92,0.92
COc1ccc(Nc2ncccc2-c2nc(C)nc(N)n2)cc1OC,train,train,train,2,2,0.84,0.84,0.84
Cc1ccc2cc(Nc3ncccc3-c3nc(C)nc(N)n3)ccc2n1,train,train,train,2,2,0.6923077,0.6923077,0.6923077
COc1ccc(Nc2ncc(-c3ccccn3)cc2-c2nc(C)nc(N)n2)cn1,train,train,train,2,2,0.76785713,0.76785713,0.72131145
COc1ncc(Nc2ncccc2-c2nc(C)nc(N)n2)cc1Cl,train,train,train,2,2,0.6909091,0.6909091,0.7962963
Cc1cncc(Nc2ncccc2-c2nc(C)nc(N)n2)c1,train,train,train,2,2,0.7,0.7,0.7
COc1ncc(Nc2nc(-c3ccncc3)ccc2-c2nc(C)nc(N)n2)cc1F,train,train,train,2,2,0.7457627,0.7457627,0.8360656
COc1ncc(Nc2ncc(C(=O)N3CCC(O)CC3)cc2-c2nc(C)nc(N)n2)cc1F,train,train,train,2,2,0.78571427,0.78571427,0.6388889
COc1ccc(Nc2ncc(CN3CCN(S(C)(=O)=O)CC3)cc2-c2cc(N)nc(C)n2)cn1,train,train,train,2,2,0.7941176,0.7941176,0.75
Cc1nc(N)cc(-c2nc3ccccc3nc2Nc2cccc3[nH]ncc23)n1,train,train,train,2,2,0.7407407,0.7407407,0.7407407
CC(=O)Nc1ccc(Nc2ncccc2-c2nc(C)nc3[nH]cnc23)cc1Cl,test,test,train,2,2,0.76785713,0.76785713,0.76785713
Cc1nc(-c2cccnc2Nc2ccc(NC(=O)C3CC3)cc2)c2nc[nH]c2n1,test,test,train,2,2,0.7818182,0.7818182,0.7818182
COc1cncc(Nc2ncccc2-c2nc(C)nc3[nH]cnc23)c1,train,train,train,2,2,0.61538464,0.61538464,0.7592593
COc1ncc(Nc2ncc(F)cc2-c2nc(C)nc(N)n2)cc1F,train,train,train,2,2,0.76363635,0.76363635,0.76363635
Cc1nc(N)nc(-c2cc(F)cnc2Nc2cncc(F)c2)n1,train,train,train,2,2,0.84444445,0.84444445,0.84444445
COc1ncc(Nc2ncc(C=O)cc2-c2nc(C)nc(N)n2)cc1F,train,train,test,2,2,0.76363635,0.76363635,0.76363635
Cc1nc(N)nc(-c2cc(Cl)cnc2NC2CCOCC2)n1,train,train,train,2,2,0.5625,0.5625,0.5625
COCCNc1nc(C)nc(-c2cc(Cl)cnc2Nc2cnc(OC)c(F)c2)n1,train,train,test,2,2,0.5873016,0.5873016,0.5873016
Cc1nc(N)nc(-c2cccnc2Nc2ccc(NC(=O)Nc3ccccc3)nc2)n1,train,train,test,2,2,0.8064516,0.8064516,0.64912283
Cc1nc(N)nc(-c2cccnc2Nc2ccc(NC(=O)Nc3cccc(F)c3)nc2)n1,train,train,test,2,2,0.8064516,0.8064516,0.6060606
Cc1nc(N)nc(-c2cccnc2Nc2ccc(NC(=O)NC(C)C)nc2)n1,train,train,test,2,2,0.78333336,0.78333336,0.63793105
CC(=O)Nc1ccc(Nc2ncc(Cl)cc2-c2nc(C)nc(N)n2)cn1,train,train,train,2,2,0.8301887,0.8301887,0.8301887
COC(=O)Nc1ccc(Nc2ncc(Cl)cc2-c2nc(C)nc(N)n2)cn1,train,train,train,2,2,0.8301887,0.8301887,0.8301887
COCCOc1ccc(NC(=O)Nc2ccc(Nc3ncc(Cl)cc3-c3nc(C)nc(N)n3)cn2)cc1,train,train,train,2,2,0.75409836,0.75409836,0.75409836
CC(=O)Nc1ccc(Nc2ncc(CN3CCN(S(C)(=O)=O)CC3)cc2-c2nc(C)nc(N)n2)cn1,train,train,train,2,2,0.8484849,0.8484849,0.8484849
COc1ncc(Nc2nc(C)ccc2-c2nc(C)nc(N)n2)cc1F,train,train,train,2,2,0.7586207,0.7586207,0.76363635
COc1ncc(Nc2nc(CN3CCOCC3)ccc2-c2nc(C)nc(N)n2)cc1F,train,train,train,2,2,0.76811594,0.76811594,0.76811594
COc1ncc(Nc2nc(COCC(F)(F)F)ccc2-c2nc(C)nc(N)n2)cc1F,train,train,train,2,2,0.6984127,0.6984127,0.6984127
Cc1ccc(-c2nc(C)nc(N)n2)c(Nc2cncc(F)c2)n1,train,train,test,2,2,0.7291667,0.7291667,0.7291667
COc1ccc(Nc2ncc(CN3CCSCC3)cc2-c2nc(C)nc(N)n2)cn1,test,test,train,2,2,0.852459,0.852459,0.852459
COc1ccc(Nc2ncc(CN3CC[S+](O)CC3)cc2-c2nc(C)nc(N)n2)cn1,train,train,test,2,2,0.82539684,0.82539684,0.82539684
Cc1nc(N)nc(-c2cc(CN3CCN(S(C)(=O)=O)CC3)cnc2Nc2cnc3c(c2)ncn3C)n1,train,train,train,2,2,0.7205882,0.7205882,0.7205882
COc1ccc(Nc2ncc(N3CC[C@H](CO)C3)cc2-c2nc(C)nc3[nH]cnc23)cn1,train,train,train,2,2,0.7183099,0.7183099,0.7183099
COc1ncc(Nc2ncc(CN3CCN(S(C)(=O)=O)CC3)cc2-c2nc(C)nc(N)n2)cn1,train,train,train,2,2,0.82539684,0.82539684,0.82539684
COc1ccc(Nc2ncc(CN3CCOC[C@@H]3C)cc2-c2nc(C)nc(N)n2)cn1,train,train,test,2,2,0.7794118,0.7794118,0.7794118
COc1ccc(Nc2ncc(CN3CC(S(C)(=O)=O)C3)cc2-c2nc(C)nc(N)n2)cn1,test,test,train,2,2,0.8939394,0.8939394,0.8939394
COc1ccc(Nc2ncc(CNCCO)cc2-c2nc(C)nc(N)n2)cn1,train,train,train,2,2,0.8448276,0.8448276,0.8448276
COc1ccc(Nc2ncc(CN[C@H](C)CO)cc2-c2nc(C)nc(N)n2)cn1,test,test,train,2,2,0.76666665,0.76666665,0.76666665
COc1ccc(Nc2ncc(CN3CC(O)C3)cc2-c2nc(C)nc(N)n2)cn1,train,train,train,2,2,0.8548387,0.8548387,0.8548387
COc1ccc(Nc2ncc(CN3CC4(C3)NC(=O)NC4=O)cc2-c2nc(C)nc(N)n2)cn1,train,train,train,2,2,0.7083333,0.7083333,0.7083333
COc1ccc(Nc2ncc(CN3CC(N)C3)cc2-c2nc(C)nc(N)n2)cn1,train,train,train,2,2,0.8548387,0.8548387,0.8548387
COc1ccc(Nc2ncc(CN3CC(NS(C)(=O)=O)C3)cc2-c2nc(C)nc(N)n2)cn1,train,train,train,2,2,0.7910448,0.7910448,0.8636364
COc1ccc(Nc2ncc(CN3CCn4ncnc4C3)cc2-c2nc(C)nc(N)n2)cn1,train,train,train,2,2,0.74285716,0.74285716,0.74285716
COc1ccc(Nc2ncc(C(O)c3cc(Br)ccc3S(=O)(=O)N(C)C)cc2-c2nc(C)nc(N)n2)cn1,train,train,test,2,2,0.74666667,0.74666667,0.74666667
COc1ccc(Nc2ncc(C(O)c3ccc(S(=O)(=O)N(C)C)cc3)cc2-c2nc(C)nc(N)n2)cn1,train,train,train,2,2,0.74666667,0.74666667,0.8382353
COc1ccc(Nc2ncc(C(N)c3ccc(S(=O)(=O)N(C)C)cc3)cc2-c2nc(C)nc(N)n2)cn1,test,test,train,2,2,0.8382353,0.8382353,0.8382353
COc1ccc(Nc2nc3ccccc3cc2-c2nc(C)nc(N)n2)cn1,train,train,test,2,2,0.7307692,0.7307692,0.7307692
Cc1nc(N)nc(-c2cc(CN3CCN(S(C)(=O)=O)CC3)cnc2Nc2ccc3scnc3c2)n1,train,train,train,2,2,0.75,0.75,0.8939394
Cc1nc(N)nc(-c2cc(CN3CCN(S(C)(=O)=O)CC3)cnc2Nc2ccc3ncsc3c2)n1,test,test,train,2,2,0.8939394,0.8939394,0.8939394
Cc1nc(N)nc(-c2cc(CN3CCN(S(C)(=O)=O)CC3)cnc2Nc2cncc(F)c2)n1,train,train,train,2,2,0.8095238,0.8095238,0.8095238
Cc1nc(N)nc(-c2cc(CN3CCN(S(C)(=O)=O)CC3)cnc2Nc2cn[nH]c2)n1,train,train,train,2,2,0.82539684,0.82539684,0.82539684
Cc1nc(N)nc(-c2cc(CN3CCN(S(C)(=O)=O)CC3)cnc2Nc2cc[nH]n2)n1,train,train,test,2,2,0.73134327,0.73134327,0.73134327
Cc1nc(N)nc(-c2cc(CN3CCN(S(C)(=O)=O)CC3)cnc2Nc2cc(F)cc3[nH]ncc23)n1,train,train,train,2,2,0.8142857,0.8142857,0.8142857
COc1ncc(Nc2ncccc2-c2nc(C)nc(N)n2)cc1F,test,test,train,2,2,0.7962963,0.7962963,0.7962963
Cc1nc(N)nc(-c2cccnc2Nc2ccc(F)c(F)c2)n1,train,train,train,2,2,0.8,0.8,0.8
COc1ccc(Nc2ncc(C3=CCNCC3)cc2-c2nc(C)nc(N)n2)cn1,test,test,train,2,2,0.75384617,0.75384617,0.75384617
COc1ccc(Nc2ncc(-c3cn[nH]c3)cc2-c2nc(C)nc(N)n2)cn1,train,train,train,2,2,0.8148148,0.8148148,0.7586207
COc1ccc(Nc2ncc(-c3ccnnc3)cc2-c2nc(C)nc(N)n2)cn1,train,train,test,2,2,0.8490566,0.8490566,0.7894737
COc1ccc(Nc2ncc(-c3cncc(F)c3)cc2-c2nc(C)nc(N)n2)cn1,test,test,test,2,2,0.8,0.8,0.7457627
COc1ccc(Nc2nc(-c3cccnc3)ccc2-c2nc(C)nc(N)n2)cn1,train,train,train,2,2,0.70689654,0.70689654,0.734375
COc1ncc(Nc2nc(-c3cccnc3)ccc2-c2nc(C)nc(N)n2)cc1F,test,test,train,2,2,0.8360656,0.8360656,0.8360656
Cc1nc(N)nc(-c2cc(Cl)cnc2Nc2cncc(F)c2)n1,train,train,train,2,2,0.84444445,0.84444445,0.84444445
Cc1nc(N)nc(-c2cc(-c3cnn(C)c3)cnc2Nc2cncc(F)c2)n1,train,train,train,2,2,0.7169811,0.7169811,0.7169811
COCCOc1ccc(-c2nc(C)nc(N)n2)c(Nc2cnc(OC)c(F)c2)n1,train,train,train,2,2,0.7586207,0.7586207,0.7586207
Cc1nc(N)nc(-c2cc(CN3CCN(S(C)(=O)=O)CC3)cnc2Nc2ccc3[nH]cnc3c2)n1,train,train,train,2,2,0.8088235,0.8088235,0.8088235
Cc1nc(N)nc(-c2cc(CN3CCNCC3)cnc2Nc2ccc3[nH]cnc3c2)n1,train,train,train,2,2,0.8088235,0.8088235,0.8088235
COc1ccc(Nc2ncc(OC(F)F)cc2-c2nc(C)nc(N)n2)cn1,train,train,train,2,2,0.7407407,0.7407407,0.8076923
Cc1nc(N)nc(-c2cccnc2Nc2cc[nH]c(=O)c2)n1,test,test,test,2,2,0.6603774,0.6603774,0.6603774
CC(=O)Nc1ccc(Nc2ncc(Cl)cc2-c2nc(C)nc(N)n2)cc1F,test,test,test,2,2,0.7017544,0.7017544,0.7017544
CC(=O)Nc1ccc(Nc2ncc(CN3CCN(S(C)(=O)=O)CC3)cc2-c2nc(C)nc(N)n2)cc1F,train,train,train,2,2,0.8115942,0.8115942,0.8115942
CC(=O)Nc1ccc(Nc2ncc(CN3CCN(S(C)(=O)=O)CC3)cc2-c2nc(C)nc(N)n2)cc1,train,train,train,2,2,0.8484849,0.8484849,0.8484849
COc1ncc(Nc2ncc(C(C)(C)O)cc2-c2nc(C)nc(N)n2)cc1F,train,train,train,2,2,0.8727273,0.8727273,0.8727273
COc1ccc(Nc2ncc(C(C)(C)N)cc2-c2nc(C)nc(N)n2)cn1,train,train,train,2,2,0.7894737,0.7894737,0.7894737
COc1ncc(Nc2ncc(C(C)(C)N)cc2-c2nc(C)nc(N)n2)cc1F,train,train,train,2,2,0.83928573,0.83928573,0.83928573
COc1ccc(Nc2ncc(C(C)(C)N3CCN(S(C)(=O)=O)CC3)cc2-c2nc(C)nc(N)n2)cn1,train,train,train,2,2,0.75,0.75,0.6933333
COc1ncc(Nc2ncc(C(C)(C)N3CCN(S(C)(=O)=O)CC3)cc2-c2nc(C)nc(N)n2)cc1F,train,train,test,2,2,0.79710144,0.79710144,0.79710144
COc1ncc(Nc2ncc(C(C)(C)N3CCOCC3)cc2-c2nc(C)nc(N)n2)cc1F,train,train,train,2,2,0.79710144,0.79710144,0.734375
COc1ccc(Nc2ncc(C3(N4CCN(S(C)(=O)=O)CC4)CC3)cc2-c2nc(C)nc(N)n2)cn1,train,train,test,2,2,0.69863015,0.69863015,0.6891892
COc1ncc(Nc2ncc(C(C)N3CCN(S(C)(=O)=O)CC3)nc2-c2cc(N)nc(C)n2)cc1F,train,train,train,2,2,0.7671233,0.7671233,0.7671233
COc1ncc(Nc2ncc(C(C)(C)O)nc2-c2cc(N)nc(C)n2)cc1F,train,train,test,2,2,0.7096774,0.7096774,0.7096774
COc1ccc(Nc2ncc(C(C)=O)nc2-c2cc(N)nc(C)n2)cn1,test,test,test,2,2,0.57746476,0.57746476,0.57746476
COc1ccc(Nc2ncc(C(C)N3CCN(S(C)(=O)=O)CC3)nc2-c2cc(N)nc(C)n2)cn1,train,train,train,2,2,0.7638889,0.7638889,0.7638889
Cc1nc(N)nc(-c2cc([C@@H](C)N3CCN(S(C)(=O)=O)CC3)cnc2Nc2cc(F)c3cccnc3c2)n1,train,train,train,2,2,0.60493827,0.60493827,0.7808219
Cc1nc(N)nc(-c2cc(C(C)N3CCOCC3)cnc2Nc2ccc3scnc3c2)n1,train,train,train,2,2,0.7567568,0.7567568,0.8
Cc1nc(N)nc(-c2cc(C(C)N3CCN(C(=O)N(C)C)CC3)cnc2Nc2ccc3scnc3c2)n1,train,train,train,2,2,0.7567568,0.7567568,0.7837838
Cc1nc(N)nc(-c2cc(C(C)N3CCN(S(C)(=O)=O)CC3)cnc2Nc2ccc3scnc3c2)n1,test,test,train,2,2,0.8082192,0.8082192,0.8082192
Cc1nc(N)nc(-c2cc([C@@H](C)N3CCN(S(C)(=O)=O)C[C@@H]3C)cnc2Nc2ccc3scnc3c2)n1,train,train,train,2,2,0.72,0.72,0.8082192
COc1ncc(Nc2ncc(C(C)N3CCN(C(=O)N(C)C)CC3)cc2-c2nc(C)nc(N)n2)cc1F,train,train,train,2,2,0.7,0.7,0.75
COc1ncc(Nc2ncc([C@@H](C)N3CCN(S(C)(=O)=O)CC3)cc2-c2nc(C)nc3[nH]cnc23)cc1F,train,train,train,2,2,0.7808219,0.7808219,0.7808219
COc1ncc(Nc2ncc(C3(O)CC3)cc2-c2nc(C)nc(N)n2)cc1F,test,test,train,2,2,0.8135593,0.8135593,0.7241379
COc1ncc(Nc2ncc(C(C)NC(C)C)cc2-c2nc(C)nc(N)n2)cc1F,test,test,test,2,2,0.84210527,0.84210527,0.84210527
COc1ncc(Nc2ncc(C3(N)CC3)cc2-c2nc(C)nc(N)n2)cc1F,train,train,test,2,2,0.7368421,0.7368421,0.8135593
CCC(N)(CC)c1cnc(Nc2cnc(OC)c(F)c2)c(-c2nc(C)nc(N)n2)c1,train,train,train,2,2,0.83928573,0.83928573,0.83928573
COc1ncc(Nc2ncc([C@@H](C)N3CCN(S(C)(=O)=O)CC3)cc2-c2nc(C)nc(N)n2)cc1C(C)C,train,train,train,2,2,0.75,0.75,0.75
CCS(=O)(=O)c1cnc(Nc2cnc(OC)c(F)c2)c(-c2nc(C)nc(N)n2)c1,train,train,train,2,2,0.75,0.75,0.7241379
Cc1nc(N)cc(-c2cccnc2Nc2cnc(Cl)c(NS(C)(=O)=O)c2)n1,train,train,train,2,2,0.82758623,0.82758623,0.82758623
COc1ncc(Nc2ncc([C@@H](C)N3CCN(S(C)(=O)=O)CC3)cc2-c2cc(N)nc(C)n2)cc1F,train,train,train,2,2,0.7671233,0.7671233,0.7671233
COc1ncc(Nc2ncc([C@@H](C)N3CCN(S(C)(=O)=O)C[C@@H]3C)cc2-c2cc(N)nc(C)n2)cc1F,test,test,test,2,2,0.7866667,0.7866667,0.7866667
Cc1nc(N)cc(-c2nccnc2Nc2cnc(Cl)c(NS(C)(=O)=O)c2)n1,train,train,train,2,2,0.7413793,0.7413793,0.7413793
COc1ccc(Nc2ncc(C(C)N3CC(S(C)(=O)=O)C3)cc2-c2nc(C)nc(N)n2)cn1,test,test,train,2,2,0.6805556,0.6805556,0.7183099
Cc1nc(N)nc(-c2cc([C@@H](C)N3CCN(S(C)(=O)=O)CC3)cnc2Nc2ccc(Cl)nc2)n1,test,test,train,2,2,0.7536232,0.7536232,0.7910448
Cc1nc(N)nc(-c2cc([C@@H](C)N3CCN(S(C)(=O)=O)CC3)cnc2Nc2ccc3cccnc3c2)n1,test,test,train,2,2,0.7808219,0.7808219,0.7808219
COc1ncc(Nc2ncc(C(C)(C)CO)cc2-c2nc(C)nc(N)n2)cc1F,train,train,train,2,2,0.82758623,0.82758623,0.82758623
COc1ncc(Nc2ncc(C(C)CO)cc2-c2nc(C)nc(N)n2)cc1F,train,train,train,2,2,0.82758623,0.82758623,0.82758623
COc1ncc(Nc2ncc(CN3CCN(S(C)(=O)=O)CC3C(F)(F)F)cc2-c2nc(C)nc(N)n2)cc1F,test,test,train,2,2,0.7532467,0.7532467,0.686747
COc1ncc(Nc2ncc(C(O)C(F)(F)F)cc2-c2nc(C)nc(N)n2)cc1F,train,train,test,2,2,0.85,0.85,0.85
COc1ncc(Nc2ncc(CN3CCOC[C@@H]3C)cc2-c2nc(C)nc(N)n2)cc1F,train,train,test,2,2,0.78571427,0.78571427,0.78571427
COc1cc(Nc2ncc(CN3CCN(S(C)(=O)=O)C[C@@H]3C)cc2-c2nc(C)nc(N)n2)cnc1Cl,train,train,test,2,2,0.8055556,0.8055556,0.8055556
Cc1nc(N)nc(-c2cc(CN3CCN(S(C)(=O)=O)C[C@@H]3C)cnc2Nc2ccc(Cl)nc2)n1,train,train,train,2,2,0.82857144,0.82857144,0.82857144
COc1ncc(Nc2ncc(CN3CCN(S(C)(=O)=O)C[C@@H]3C)cc2-c2nc(C)nc(N)n2)cn1,train,train,train,2,2,0.82857144,0.82857144,0.82857144
COc1ccc(Nc2ncc(C(C)(O)C(F)(F)F)cc2-c2nc(C)nc(N)n2)cn1,train,train,train,2,2,0.7894737,0.7894737,0.7894737
COc1ccc(Nc2ncc(C(N3CCN(S(C)(=O)=O)CC3)C(F)(F)F)cc2-c2nc(C)nc(N)n2)cn1,train,train,train,2,2,0.7702703,0.7702703,0.7702703
COc1ccc(Nc2ncc(C(N)C(F)(F)F)cc2-c2nc(C)nc(N)n2)cn1,train,train,test,2,2,0.7096774,0.7096774,0.7096774
COc1ncc(Nc2ncc(C(N3CCN(S(C)(=O)=O)CC3)C(F)(F)F)cc2-c2nc(C)nc(N)n2)cc1F,train,train,train,2,2,0.7702703,0.7702703,0.7702703
Cc1nc(N)nc(-c2cc(CN3CCN(S(C)(=O)=O)CC3)cnc2Nc2ccc3ccncc3c2)n1,test,test,train,2,2,0.74626863,0.74626863,0.74626863
COc1ncc(Nc2ncc(C(C)N)cc2-c2nc(C)nc(N)n2)cc1F,train,train,train,2,2,0.83928573,0.83928573,0.83928573
COCCOc1cnc(Nc2cnc(OC)c(NS(C)(=O)=O)c2)c(-c2nc(C)nc(N)n2)c1,test,test,train,2,2,0.8305085,0.8305085,0.8305085
COc1ncc(Nc2ncc(CN3CCOCC3)cc2-c2nc(C)nc(N)n2)cc1NS(C)(=O)=O,train,train,train,2,2,0.7714286,0.7714286,0.7714286
Cc1nc(-c2cccnc2Nc2cnc(Cl)c(NS(C)(=O)=O)c2)c2nc[nH]c2n1,train,train,test,2,2,0.671875,0.671875,0.671875
Cc1nc(-c2cc(C(C)N3CCOCC3)cnc2Nc2cnc(Cl)c(NS(C)(=O)=O)c2)c2nc[nH]c2n1,train,train,train,2,2,0.8767123,0.8767123,0.8767123
Cc1nc(-c2cc(C(C)N3CCOCC3)cnc2Nc2cnc(Cl)c(NS(=O)(=O)N(C)C)c2)c2nc[nH]c2n1,train,train,train,2,2,0.8767123,0.8767123,0.8767123
COc1cc(Nc2ncc([C@@H](C)N3CCN(S(C)(=O)=O)CC3)cc2-c2nc(C)nc(N)n2)cnc1Cl,train,train,train,2,2,0.75,0.75,0.7536232
COc1cc(Nc2ncc(C(C)(C)O)cc2-c2nc(C)nc(N)n2)cnc1Cl,train,train,test,2,2,0.80701756,0.80701756,0.80701756
COc1ncc(Nc2ncc(C3=CCOCC3)cc2-c2nc(C)nc(N)n2)cc1F,train,train,test,2,2,0.74626863,0.74626863,0.74626863
COc1ncc(Nc2ncc(C3CCOCC3)cc2-c2nc(C)nc(N)n2)cc1F,train,train,train,2,2,0.7,0.7,0.7
COc1ncc(Nc2ncc(C(C)(C)O)cc2-c2cc(N)nc(C)n2)cc1F,train,train,train,2,2,0.75,0.75,0.75
COc1ncc(Nc2ncc(C(C)(C)C(=O)O)cc2-c2nc(C)nc(N)n2)cc1F,train,train,train,2,2,0.8,0.8,0.8
COc1ncc(Nc2ncc(C(O)C(C)(C)O)cc2-c2nc(C)nc(N)n2)cc1F,train,train,train,2,2,0.85,0.85,0.8
COc1ncc(Nc2ncc(C(C)(C)O)cc2-c2nc(C)nc(N)n2)cc1C(F)(F)F,test,test,train,2,2,0.7966102,0.7966102,0.7966102
COc1ncc(Nc2ncc(C(C)O)cc2-c2nc(C)nc(N)n2)cc1F,train,train,train,2,2,0.83928573,0.83928573,0.83928573
COc1cc(Nc2ncc(C(C)(C)O)cc2-c2nc(C)nc(N)n2)cnc1OC,train,train,train,2,2,0.8727273,0.8727273,0.8727273
COc1ncc(Nc2ncc(C(OC(=O)c3cccc(Cl)c3)C(C)(C)O)cc2-c2nc(C)nc(N)n2)cc1F,train,train,train,2,2,0.68,0.68,0.68
Cc1nc(N)nc(-c2cc(C(C)(C)O)cnc2Nc2cncc(F)c2)n1,train,train,train,2,2,0.76,0.76,0.76
COc1cncc(Nc2ncc(C(C)(C)O)cc2-c2nc(C)nc(N)n2)c1,test,test,train,2,2,0.75,0.75,0.75438595
COc1ncc(Nc2ncc(C(C)(C)O)cc2-c2nc(C)nc(N)n2)cc1C,test,test,train,2,2,0.8363636,0.8363636,0.8363636
Cc1nc(N)nc(-c2cc(C(C)(C)O)cnc2Nc2cncc(S(C)(=O)=O)c2)n1,train,train,train,2,2,0.78688526,0.78688526,0.7241379
Cc1nc(N)nc(-c2cc(C(C)(C)O)cnc2Nc2cncc(S(=O)(=O)c3ccccc3)c2)n1,train,train,test,2,2,0.78688526,0.78688526,0.78688526
COc1ncc(Nc2ncc(CN3CCN(C(=O)N(C)C(C)C)CC3)cc2-c2nc(C)nc(N)n2)cc1F,train,train,train,2,2,0.84210527,0.84210527,0.90140843
COc1ncc(Nc2ncc(CN3CCN(C(=O)N(C)CC(F)(F)F)CC3)cc2-c2nc(C)nc(N)n2)cc1F,train,train,train,2,2,0.82051283,0.82051283,0.85333335
COc1ncc(Nc2ncc(CN3CCN(C(=O)N(C)C4CC4)CC3)cc2-c2nc(C)nc(N)n2)cc1F,train,train,train,2,2,0.84210527,0.84210527,0.8767123
COc1ncc(Nc2ncc([C@@H](C)N3CCN(S(C)(=O)=O)C[C@@H]3C)cc2-c2nc(C)nc(N)n2)cn1,train,train,train,2,2,0.72,0.72,0.8088235
Cc1nc(N)nc(-c2cc([C@@H](C)N3CCN(S(C)(=O)=O)C[C@@H]3C)cnc2Nc2ccc(Cl)nc2)n1,test,test,train,2,2,0.8088235,0.8088235,0.8088235
COc1ncc(Nc2ncc(CN3CCN(S(C)(=O)=O)[C@H](C)C3)cc2-c2nc(C)nc(N)n2)cc1F,train,train,train,2,2,0.79452056,0.79452056,0.72839504
COc1cnc(Nc2cnc(Cl)c(N)c2)c(-c2nc(C)nc(N)n2)c1,train,train,test,2,2,0.74545455,0.74545455,0.74545455
Cc1nc(N)cc(-c2cccnc2Nc2cnc(Cl)c(NS(=O)(=O)N(C)C)c2)n1,train,train,train,2,2,0.82758623,0.82758623,0.82758623
COCCOc1cnc(Nc2cnc(C)c(NS(C)(=O)=O)c2)c(-c2nc(C)nc(N)n2)c1,train,train,train,2,2,0.8305085,0.8305085,0.8305085
Cc1nc(N)nc(-c2cccnc2Nc2cnc(C)c(NS(C)(=O)=O)c2)n1,test,test,test,2,2,0.8181818,0.8181818,0.8181818
C=Cc1cnc(Nc2cnc(Cl)c(NS(C)(=O)=O)c2)c(-c2cc(N)nc(C)n2)c1,test,test,train,2,2,0.6984127,0.6984127,0.6984127
COc1ncc(Nc2ncc(CN3CCN4C(CCS4(=O)=O)C3)cc2-c2nc(C)nc(N)n2)cc1F,train,train,train,2,2,0.7307692,0.7307692,0.72839504
COc1ccc(-c2ccc3ncc4[nH]c(=O)n(-c5ccc(C(C)(C)C#N)cc5)c4c3n2)cn1,train,train,test,4,4,0.83870965,0.83870965,0.83870965
Cc1ccc(-c2ccc3ncc4c(c3n2)n(-c2ccc(C(C)(C)C#N)cc2)c(=O)n4C)cn1,test,test,test,4,4,0.78688526,0.78688526,0.7903226
CN(C)c1ccc(-c2ccc3ncc4[nH]c(=O)n(-c5ccc(C(C)(C)C#N)cc5)c4c3n2)cn1,train,train,train,4,4,0.75757575,0.75757575,0.75384617
CN(C)c1ccc(-c2ccc3ncc4c(c3n2)n(-c2ccc(C(C)(C)C#N)cc2)c(=O)n4C)cn1,test,test,train,4,4,0.75,0.75,0.75
COc1ncc(-c2ccc3ncc4[nH]c(=O)n(-c5ccc(C(C)(C)C#N)cc5)c4c3n2)cc1F,train,train,train,4,4,0.7761194,0.7761194,0.7761194
COc1ncc(-c2ccc3ncc4c(c3n2)n(-c2ccc(C(C)(C)C#N)cc2)c(=O)n4C)cc1F,test,test,train,4,4,0.77272725,0.77272725,0.77272725
COc1ncc(-c2ccc3ncc4[nH]c(=O)n(-c5ccc(C(C)(C)C#N)cc5)c4c3n2)cn1,train,train,train,4,4,0.83870965,0.83870965,0.7761194
COc1ncc(-c2ccc3ncc4c(c3n2)n(-c2ccc(C(C)(C)C#N)cc2)c(=O)n4C)cn1,train,train,train,4,4,0.74603176,0.74603176,0.77272725
Cn1cc(-c2ccc3ncc4[nH]c(=O)n(-c5ccc(C(C)(C)C#N)cc5)c4c3n2)cn1,test,test,train,4,4,0.75,0.75,0.75
Cn1cc(-c2ccc3ncc4c(c3n2)n(-c2ccc(C(C)(C)C#N)cc2)c(=O)n4C)cn1,train,train,train,4,4,0.74603176,0.74603176,0.75
O=C(OCc1ccccc1)C1CCC(n2c(=O)[nH]c3cnc4ccc(-c5cnc6ccccc6c5)nc4c32)CC1,train,train,train,4,4,0.739726,0.739726,0.739726
Cn1c(=O)n(C2CCC(C(=O)OCc3ccccc3)CC2)c2c3nc(-c4cnc5ccccc5c4)ccc3ncc21,train,train,train,4,4,0.739726,0.739726,0.739726
O=c1[nH]c2cnc3ccc(-c4cnc5ccccc5c4)nc3c2n1C1CCNCC1,train,train,train,4,4,0.8135593,0.8135593,0.8135593
CCN1CCC(n2c(=O)n(C)c3cnc4ccc(-c5cnc6ccccc6c5)nc4c32)CC1,train,train,test,4,4,0.8333333,0.8333333,0.8333333
CCC(=O)N1CCC(n2c(=O)n(C)c3cnc4ccc(-c5cnc6ccccc6c5)nc4c32)CC1,train,train,train,4,4,0.86153847,0.86153847,0.86153847
COC(=O)N1CCC(n2c(=O)n(C)c3cnc4ccc(-c5cnc6ccccc6c5)nc4c32)CC1,train,train,train,4,4,0.8484849,0.8484849,0.8181818
CNC(=O)N1CCC(n2c(=O)n(C)c3cnc4ccc(-c5cnc6ccccc6c5)nc4c32)CC1,train,train,train,4,4,0.8181818,0.8181818,0.8181818
CC(C)C(=O)N1CCC(n2c(=O)n(C)c3cnc4ccc(-c5cnc6ccccc6c5)nc4c32)CC1,test,test,train,4,4,0.828125,0.828125,0.828125
CN(C)CC(=O)N1CCC(n2c(=O)n(C)c3cnc4ccc(-c5cnc6ccccc6c5)nc4c32)CC1,train,train,train,4,4,0.86153847,0.86153847,0.86153847
CCOC(=O)N1CCC(n2c(=O)n(C)c3cnc4ccc(-c5cnc6ccccc6c5)nc4c32)CC1,train,train,test,4,4,0.8484849,0.8484849,0.8484849
CC(C)OC(=O)N1CCC(n2c(=O)n(C)c3cnc4ccc(-c5cnc6ccccc6c5)nc4c32)CC1,test,test,test,4,4,0.8507463,0.8507463,0.8484849
CN1CCC(n2c(=O)n(C)c3cnc4ccc(-c5cnc6ccccc6c5)nc4c32)CC1,train,train,train,4,4,0.8333333,0.8333333,0.8196721
COc1ccc(-c2ccc3ncc4[nH]c(=O)n(Cc5ccccc5)c4c3n2)cn1,train,train,train,4,4,0.640625,0.640625,0.640625
COc1ccc(-c2ccc3ncc4[nH]c(=O)n([C@H]5CC[C@H](OCCO)CC5)c4c3n2)cn1,train,train,test,4,4,0.78125,0.78125,0.78125
COc1ccc(-c2ccc3ncc4[nH]c(=O)n([C@H]5CC[C@H](O)CC5)c4c3n2)cn1,train,train,train,4,4,0.78125,0.78125,0.7258065
COc1ccc(-c2ccc3ncc4c(c3n2)n([C@H]2CC[C@H](OCCO)CC2)c(=O)n4C)cn1,train,train,train,4,4,0.83076924,0.83076924,0.83076924
COc1ccc(-c2ccc3ncc4c(c3n2)n([C@H]2CC[C@H](O)CC2)c(=O)n4C)cn1,train,train,train,4,4,0.8103448,0.8103448,0.8103448
COc1ccc(-c2ccc3ncc4c(c3n2)n(C2CCN(C(C)=O)CC2)c(=O)n4C)cn1,train,train,train,4,4,0.84126985,0.84126985,0.8333333
COc1ccc(-c2ccc3ncc4c(c3n2)n(C2CCN(C(C)C)CC2)c(=O)n4C)cn1,train,train,train,4,4,0.7903226,0.7903226,0.7903226
COc1ccc(-c2ccc3ncc4c(c3n2)n(C2CCN(C(=O)CN(C)C)CC2)c(=O)n4C)cn1,train,train,train,4,4,0.8358209,0.8358209,0.8358209
COc1ccc(-c2ccc3ncc4c(c3n2)n(C2CCN(CC(N)=O)CC2)c(=O)n4C)cn1,train,train,train,4,4,0.8181818,0.8181818,0.8181818
COc1ccc(-c2ccc3ncc4c(c3n2)n(C2CCOCC2)c(=O)n4C)cn1,train,train,test,4,4,0.8095238,0.8095238,0.8103448
Cn1c(=O)n(C2CCN(CC(F)(F)F)CC2)c2c3nc(-c4cnc5ccccc5c4)ccc3ncc21,test,test,train,4,4,0.8153846,0.8153846,0.78125
CNC(=O)N1CCC(n2c(=O)n(C)c3cnc4ccc(-c5ccc(OC)nc5)nc4c32)CC1,train,train,test,4,4,0.84126985,0.84126985,0.84126985
Cn1c(=O)n(C2CCN(C(=O)C(C)(C)O)CC2)c2c3nc(-c4cnc5ccccc5c4)ccc3ncc21,train,train,train,4,4,0.8769231,0.8769231,0.8769231
CN(C)CC(=O)N1CCC(n2c(=O)n(C)c3cnc4ccc(-c5ccc(N(C)C)nc5)nc4c32)CC1,train,train,train,4,4,0.8769231,0.8769231,0.8769231
Cn1c(=O)n(C2CCN(C(=O)C(C)(C)N)CC2)c2c3nc(-c4cnc5ccccc5c4)ccc3ncc21,train,train,train,4,4,0.8769231,0.8769231,0.8769231
Cn1c(=O)n([C@H]2CC[C@H](O)CC2)c2c3nc(-c4cnc5ccccc5c4)ccc3ncc21,train,train,test,4,4,0.82758623,0.82758623,0.82758623
Cn1c(=O)n([C@H]2CC[C@H](OCCO)CC2)c2c3nc(-c4cnc5ccccc5c4)ccc3ncc21,train,train,train,4,4,0.7910448,0.7910448,0.7910448
COc1ncc(-c2ccc3ncc4c(c3n2)n([C@H]2CC[C@H](OCCO)CC2)c(=O)n4C)cn1,train,train,train,4,4,0.83076924,0.83076924,0.83076924
CN(C)c1ccc(-c2ccc3ncc4c(c3n2)n([C@H]2CC[C@H](OCCO)CC2)c(=O)n4C)cn1,train,train,train,4,4,0.80597013,0.80597013,0.80597013
CN(C)c1ccc(-c2ccc3ncc4c(c3n2)n(C2CCN(CC(F)(F)F)CC2)c(=O)n4C)cn1,test,test,train,4,4,0.7910448,0.7910448,0.7910448
Cc1ccc(-c2ccc3ncc4c(c3n2)n([C@H]2CC[C@H](OCCO)CC2)c(=O)n4C)cn1,train,train,train,4,4,0.83076924,0.83076924,0.83076924
COCC(=O)N1CCC(n2c(=O)n(C)c3cnc4ccc(-c5ccc(C)nc5)nc4c32)CC1,train,train,test,4,4,0.83076924,0.83076924,0.8730159
COc1ncc(-c2ccc3ncc4c(c3n2)n(C2CCN(C(=O)[C@H](C)O)CC2)c(=O)n4C)cn1,train,train,train,4,4,0.852459,0.852459,0.852459
COc1ncc(-c2ccc3ncc4c(c3n2)n([C@H]2CC[C@H](C(N)=O)CC2)c(=O)n4C)cn1,train,train,train,4,4,0.8135593,0.8135593,0.8135593
Cn1cc(-c2ccc3ncc4c(c3n2)n([C@H]2CC[C@H](C(N)=O)CC2)c(=O)n4C)cn1,test,test,train,4,4,0.8103448,0.8103448,0.8103448
COCC(=O)N1CCC(n2c(=O)n(C)c3cnc4ccc(-c5cnc(OC)nc5)nc4c32)CC1,train,train,train,4,4,0.859375,0.859375,0.84615386
Cc1ccc(-c2ccc3ncc4c(c3n2)n(C2CCN(C(=O)C(C)(C)O)CC2)c(=O)n4C)cn1,train,train,train,4,4,0.8030303,0.8030303,0.8360656
COc1ncc(-c2ccc3ncc4c(c3n2)n(C2CCN(CC(=O)N(C)C)CC2)c(=O)n4C)cn1,train,train,train,4,4,0.75714284,0.75714284,0.7761194
Cn1c(=O)n([C@H]2CC[C@H](C(N)=O)CC2)c2c3nc(-c4cnn(CCO)c4)ccc3ncc21,test,test,train,4,4,0.7878788,0.7878788,0.8095238
Cc1ccc(-c2ccc3ncc4c(c3n2)n(C2CCN(c3ncccn3)CC2)c(=O)n4C)cn1,train,train,train,4,4,0.8103448,0.8103448,0.8103448
Cc1ccc(-c2ccc3ncc4c(c3n2)n(C2CCN(CCO)CC2)c(=O)n4C)cn1,train,train,train,4,4,0.796875,0.796875,0.796875
Cn1c(=O)n([C@H]2CC[C@H](O)CC2)c2c3nc(-c4cn[nH]c4)ccc3ncc21,train,train,test,4,4,0.7966102,0.7966102,0.7966102
COc1ncc(-c2ccc3ncc4c(c3n2)n([C@H]2CC[C@H](O)CC2)c(=O)n4C)cn1,train,train,train,4,4,0.8135593,0.8135593,0.8135593
Cn1cc(-c2ccc3ncc4c(c3n2)n([C@H]2CC[C@H](O)CC2)c(=O)n4C)cn1,train,train,train,4,4,0.7894737,0.7894737,0.8103448
Cc1ccc(-c2ccc3ncc4c(c3n2)n(C2CCN(C)CC2)c(=O)n4C)cn1,train,train,train,4,4,0.8103448,0.8103448,0.8245614
Cc1ccc(-c2ccc3ncc4c(c3n2)n(C2CCN(C(=O)CO)CC2)c(=O)n4C)cn1,test,test,train,4,4,0.8730159,0.8730159,0.85714287
CC(=O)N1CCC(n2c(=O)n(C)c3cnc4ccc(-c5ccc(C)nc5)nc4c32)CC1,test,test,train,4,4,0.85,0.85,0.85
Cn1c(=O)n([C@H]2CC[C@H](O)CC2)c2c3nc(-c4cc[nH]n4)ccc3ncc21,train,train,train,4,4,0.7894737,0.7894737,0.7894737
Cc1ccc(-c2ccc3ncc4c(c3n2)n(C2CCN(CC(N)=O)CC2)c(=O)n4C)cn1,train,train,train,4,4,0.8181818,0.8181818,0.8181818
Cc1ccc(-c2ccc3ncc4c(c3n2)n(C2CCN(C(=O)CN(C)C)CC2)c(=O)n4C)cn1,train,train,train,4,4,0.8333333,0.8333333,0.84375
Cc1ccc(-c2ccc3ncc4c(c3n2)n([C@H]2CC[C@H](O)CC2)c(=O)n4C)cn1,train,train,test,4,4,0.8035714,0.8035714,0.8035714
Cc1ccc(-c2ccc3ncc4c(c3n2)n(C2CCN(C(=O)CN)CC2)c(=O)n4C)cn1,train,train,train,4,4,0.83076924,0.83076924,0.85714287
Cc1ccc(-c2ccc3ncc4c(c3n2)n(C2CCN(C(=O)NN)CC2)c(=O)n4C)cn1,train,train,train,4,4,0.7878788,0.7878788,0.82258064
COc1ncc(-c2ccc3ncc4c(c3n2)n(C2CCN(C)CC2)c(=O)n4C)cn1,train,train,train,4,4,0.82758623,0.82758623,0.82758623
COc1ncc(-c2ccc3ncc4c(c3n2)n(C2CCN(C(=O)CN(C)C)CC2)c(=O)n4C)cn1,train,train,train,4,4,0.84615386,0.84615386,0.84615386
COc1ncc(-c2ccc3ncc4c(c3n2)n(C2CCN(C(=O)CN)CC2)c(=O)n4C)cn1,train,train,test,4,4,0.859375,0.859375,0.859375
COc1ncc(-c2ccc3ncc4c(c3n2)n(C2CCN(CCO)CC2)c(=O)n4C)cn1,test,test,train,4,4,0.8,0.8,0.8
COc1ncc(-c2ccc3ncc4c(c3n2)n(C2CCN(C(C)=O)CC2)c(=O)n4C)cn1,train,train,train,4,4,0.852459,0.852459,0.852459
COc1ncc(-c2ccc3ncc4c(c3n2)n(C2CCNCC2)c(=O)n4C)cn1,train,train,test,4,4,0.80701756,0.80701756,0.80701756
CN(C)c1ccc(-c2ccc3ncc4c(c3n2)n(C2CCNCC2)c(=O)n4C)cn1,test,test,train,4,4,0.8,0.8,0.8135593
N[C@H]1CC[C@H](n2c(=O)[nH]c3cnc4ccc(-c5cnc6ccccc6c5)nc4c32)CC1,train,train,train,4,4,0.8135593,0.8135593,0.8135593
CC(=O)N1CCC(n2c(=O)n(C)c3cnc4ccc(-c5ccc(N(C)C)nc5)nc4c32)CC1,train,train,train,4,4,0.85714287,0.85714287,0.87096775
CNC(=O)N1CCC(n2c(=O)n(C)c3cnc4ccc(-c5ccc(N(C)C)nc5)nc4c32)CC1,train,train,train,4,4,0.84375,0.84375,0.84375
CN(C)c1ccc(-c2ccc3ncc4c(c3n2)n(C2CCN(C(N)=O)CC2)c(=O)n4C)cn1,test,test,train,4,4,0.87096775,0.87096775,0.87096775
CN(C)c1ccc(-c2ccc3ncc4c(c3n2)n(C2CCN(CCO)CC2)c(=O)n4C)cn1,train,train,train,4,4,0.8181818,0.8181818,0.8064516
Cn1c(=O)n(C2CCOCC2)c2c3nc(-c4cn[nH]c4)ccc3ncc21,train,train,train,4,4,0.7966102,0.7966102,0.779661
Cc1ccc(-c2ccc3ncc4c(c3n2)n(C2CCOCC2)c(=O)n4C)cn1,test,test,train,4,4,0.8035714,0.8035714,0.8035714
COc1ncc(-c2ccc3ncc4c(c3n2)n(C2CCOCC2)c(=O)n4C)cn1,test,test,train,4,4,0.8103448,0.8103448,0.80701756
Cn1c(=O)n(C2CCOCC2)c2c3nc(-c4cc[nH]n4)ccc3ncc21,train,train,train,4,4,0.7894737,0.7894737,0.7894737
Cn1cc(-c2ccc3ncc4c(c3n2)n(C2CCOCC2)c(=O)n4C)cn1,train,train,train,4,4,0.7894737,0.7894737,0.7894737
CN(C)c1ccc(-c2ccc3ncc4c(c3n2)n(C2CCOCC2)c(=O)n4C)cn1,train,train,train,4,4,0.796875,0.796875,0.8135593
CN(C)c1ccc(-c2ccc3ncc4c(c3n2)n(C2CCN(C(=O)C(C)(C)C)CC2)c(=O)n4C)cn1,train,train,train,4,4,0.90625,0.90625,0.90625
COCCN1CCC(n2c(=O)n(C)c3cnc4ccc(-c5ccc(N(C)C)nc5)nc4c32)CC1,train,train,test,4,4,0.8181818,0.8181818,0.8181818
CN1CCC(n2c(=O)n(C)c3cnc4ccc(-c5ccc(N(C)C)nc5)nc4c32)CC1,test,test,train,4,4,0.8333333,0.8333333,0.8333333
Cn1c(=O)n(C2CCOCC2)c2c3nc(-c4cnn(CCO)c4)ccc3ncc21,train,train,train,4,4,0.8125,0.8125,0.8125
CN(C)c1ccc(-c2ccc3ncc4c(c3n2)n(C2CCN(C(=O)C(C)(C)O)CC2)c(=O)n4C)cn1,train,train,train,4,4,0.90625,0.90625,0.90625
Cn1c(=O)n(C2CCOCC2)c2c3nc(-c4cnc(N)nc4)ccc3ncc21,train,train,train,4,4,0.7894737,0.7894737,0.80701756
Cn1cc(-c2ccc3ncc4c(c3n2)n(C2CCN(CC(N)=O)CC2)c(=O)n4C)cn1,test,test,test,4,4,0.7878788,0.7878788,0.83076924
CC(C)C(=O)CN1CCC(n2c(=O)n(C)c3cnc4ccc(-c5cnn(C)c5)nc4c32)CC1,test,test,train,4,4,0.75384617,0.75384617,0.75384617
CC(=O)N1CCC(n2c(=O)n(C)c3cnc4ccc(-c5cnn(C)c5)nc4c32)CC1,train,train,train,4,4,0.8360656,0.8360656,0.8360656
C[C@@H](O)C(=O)N1CCC(n2c(=O)n(C)c3cnc4ccc(-c5ccc(N(C)C)nc5)nc4c32)CC1,train,train,train,4,4,0.85714287,0.85714287,0.85714287
Cn1cc(-c2ccc3ncc4c(c3n2)n(C2CCN(C(=O)C(C)(C)O)CC2)c(=O)n4C)cn1,train,train,train,4,4,0.8360656,0.8360656,0.8360656
CN(C)c1ccc(-c2ccc3ncc4c(c3n2)n(C2CCN(C(=O)CO)CC2)c(=O)n4C)cn1,train,train,train,4,4,0.8769231,0.8769231,0.8769231
CNC(=O)N1CCC(n2c(=O)n(C)c3cnc4ccc(-c5cnn(C)c5)nc4c32)CC1,train,train,train,4,4,0.8360656,0.8360656,0.8360656
Cc1ccc(-c2ccc3ncc4c(c3n2)n(C2CCOCC2)c(=O)n4CCO)cn1,train,train,train,4,4,0.8030303,0.8030303,0.8030303
COc1ccc(-c2ccc3ncc4c(c3n2)n(C2CCOCC2)c(=O)n4CCO)cn1,train,train,test,4,4,0.8095238,0.8095238,0.8030303
CN(C)c1ccc(-c2ccc3ncc4c(c3n2)n(C2CCOCC2)c(=O)n4CCO)cn1,train,train,train,4,4,0.8030303,0.8030303,0.8030303
Cn1c(=O)n(C2CCNCC2)c2c3nc(-c4cnn(CCO)c4)ccc3ncc21,train,train,train,4,4,0.8125,0.8125,0.8125
Cn1c(=O)n(C2CCNCC2)c2c3nc(-c4cnc(N)nc4)ccc3ncc21,train,train,test,4,4,0.80701756,0.80701756,0.7894737
Cn1c(=O)n([C@H]2CC[C@H](O)CC2)c2c3nc(-c4cnc(N)nc4)ccc3ncc21,test,test,train,4,4,0.80701756,0.80701756,0.80701756
Cc1ccc(-c2ccc3ncc4c(c3n2)n([C@H](C)CO)c(=O)n4C)cn1,train,train,test,4,4,0.7777778,0.7777778,0.7777778
C[C@H](CO)n1c(=O)n(C)c2cnc3ccc(-c4cnc5ccccc5c4)nc3c21,test,test,train,4,4,0.75,0.75,0.75
C[C@H](CO)n1c(=O)n(C)c2cnc3ccc(-c4cnc(N)nc4)nc3c21,train,train,train,4,4,0.7777778,0.7777778,0.75
Cn1c(=O)n([C@H]2CC[C@H](O)CC2)c2c3nc(-c4cccc5[nH]ccc45)ccc3ncc21,train,train,train,4,4,0.6769231,0.6769231,0.6769231
C[C@H](CO)n1c(=O)n(C)c2cnc3ccc(-c4cccc5[nH]ccc45)nc3c21,train,train,train,4,4,0.6617647,0.6617647,0.6617647
C[C@H](CO)n1c(=O)n(C)c2cnc3ccc(-c4c[nH]c5nncc-5c4)nc3c21,train,train,train,4,4,0.67741936,0.67741936,0.6825397
CC(=O)N1CCC(n2c(=O)n(C)c3cnc4ccc(-c5ccc(N)nc5)nc4c32)CC1,test,test,train,4,4,0.7903226,0.7903226,0.81666666
CNC(=O)Nc1ccc(-c2ccc3ncc4c(c3n2)n(C2CCN(C(=O)[C@H](C)O)CC2)c(=O)n4C)cc1,train,train,train,4,4,0.8142857,0.8142857,0.8142857
CNC(=O)Nc1ccc(-c2ccc3ncc4c(c3n2)n(C2CCN(C(=O)CO)CC2)c(=O)n4C)cc1,train,train,train,4,4,0.8142857,0.8142857,0.8142857
CC(=O)N1CCC(n2c(=O)n(C)c3cnc4ccc(-c5ccc(S(C)(=O)=O)cc5)nc4c32)CC1,train,train,train,4,4,0.7903226,0.7903226,0.7903226
CC(=O)N1CCC(n2c(=O)n(C)c3cnc4ccc(-c5cccc(-n6cccn6)c5)nc4c32)CC1,train,train,test,4,4,0.6857143,0.6857143,0.73239434
CC(=O)N1CCC(n2c(=O)n(C)c3cnc4ccc(-c5ccnc6ncccc56)nc4c32)CC1,test,test,train,4,4,0.76811594,0.76811594,0.6944444
CC(=O)N1CCC(n2c(=O)n(C)c3cnc4ccc(-c5ccnc6[nH]ncc56)nc4c32)CC1,train,train,test,4,4,0.86764705,0.86764705,0.85507244
Cn1c(=O)n(C2CCN(C(=O)CO)CC2)c2c3nc(-c4ccnc5[nH]ncc45)ccc3ncc21,train,train,train,4,4,0.85507244,0.85507244,0.7432432
C[C@H](O)C(=O)N1CCC(n2c(=O)n(C)c3cnc4ccc(-c5ccnc6[nH]ncc56)nc4c32)CC1,train,train,test,4,4,0.86764705,0.86764705,0.8194444
CC(=O)N1CCC(n2c(=O)n(C)c3cnc4ccc(-c5cccc6[nH]ncc56)nc4c32)CC1,test,test,train,4,4,0.86764705,0.86764705,0.6944444
C[C@H](O)C(=O)N1CCC(n2c(=O)n(C)c3cnc4ccc(-c5cccc6[nH]ncc56)nc4c32)CC1,train,train,test,4,4,0.8194444,0.8194444,0.86764705
Cn1c(=O)n(C2CCN(C(=O)CO)CC2)c2c3nc(-c4cccc5[nH]ncc45)ccc3ncc21,train,train,test,4,4,0.8194444,0.8194444,0.85507244
C[C@@H](O)C(=O)N1CCC(n2c(=O)n(C)c3cnc4ccc(-c5cnc6[nH]ncc6c5)nc4c32)CC1,train,train,train,4,4,0.86153847,0.86153847,0.86153847
CC(=O)N1CCC(n2c(=O)n(C)c3cnc4ccc(-c5cnc6[nH]ncc6c5)nc4c32)CC1,train,train,train,4,4,0.86153847,0.86153847,0.86153847
COCC(=O)N1CCC(n2c(=O)n(C)c3cnc4ccc(-c5cnc6[nH]ncc6c5)nc4c32)CC1,train,train,train,4,4,0.88235295,0.88235295,0.88235295
Cn1c(=O)n(C2CCN(C(=O)C(C)(C)O)CC2)c2c3nc(-c4cnc5[nH]ncc5c4)ccc3ncc21,train,train,test,4,4,0.8484849,0.8484849,0.8484849
Cn1c(=O)n(C2CCN(C(=O)CO)CC2)c2c3nc(-c4cnc5[nH]ncc5c4)ccc3ncc21,train,train,train,4,4,0.88235295,0.88235295,0.88235295
CN1CCC(n2c(=O)n(C)c3cnc4ccc(-c5cnc6[nH]ncc6c5)nc4c32)CC1,train,train,train,4,4,0.8548387,0.8548387,0.8548387
CCNC(=O)Nc1ccc(-c2ccc3ncc4c(c3n2)n(C2CCN(C(=O)OC(C)(C)C)CC2)c(=O)n4C)cc1,train,train,test,4,4,0.675,0.675,0.675
COc1ccc(-c2ccc3ncc4c(c3n2)n(CCN2CCNCC2)c(=O)n4C)cn1,train,train,test,4,4,0.71666664,0.71666664,0.81666666
Cn1c(=O)n([C@H]2CC[C@H](O)CC2)c2c3nc(-c4ccc5[nH]ncc5c4)ccc3ncc21,train,train,test,4,4,0.82258064,0.82258064,0.82258064
Cn1c(=O)n([C@H]2CC[C@H](O)CC2)c2c3nc(-c4cnc5[nH]ncc5c4)ccc3ncc21,train,train,train,4,4,0.8360656,0.8360656,0.8360656
COc1ccc(-c2ccc3ncc4c(c3n2)n(CCN2CCOCC2)c(=O)n4C)cn1,test,test,train,4,4,0.81666666,0.81666666,0.7288136
COCCn1c(=O)n(C)c2cnc3ccc(-c4ccc(OC)nc4)nc3c21,train,train,train,4,4,0.71666664,0.71666664,0.7288136
COc1ccc(-c2ccc3ncc4c(c3n2)n(C2CCN(C(=O)[C@H](C)O)CC2)c(=O)n4C)cc1,train,train,train,4,4,0.85,0.85,0.85
COc1ccc(-c2ccc3ncc4c(c3n2)n(C2CCN(C(=O)CO)CC2)c(=O)n4C)cc1,train,train,train,4,4,0.8360656,0.8360656,0.8360656
COc1ccc(-c2ccc3ncc4c(c3n2)n(C2CCN(C(C)=O)CC2)c(=O)n4C)cc1,train,train,train,4,4,0.85,0.85,0.85
COc1cccc(-c2ccc3ncc4c(c3n2)n(C2CCN(C(=O)[C@H](C)O)CC2)c(=O)n4C)c1,test,test,train,4,4,0.83076924,0.83076924,0.86153847
COc1cccc(-c2ccc3ncc4c(c3n2)n(C2CCN(C(=O)CO)CC2)c(=O)n4C)c1,train,train,train,4,4,0.8333333,0.8333333,0.8484849
COc1cccc(-c2ccc3ncc4c(c3n2)n(C2CCN(C(C)=O)CC2)c(=O)n4C)c1,test,test,train,4,4,0.8484849,0.8484849,0.86153847
Nc1cc(C(F)F)c(-c2nc(N3CCOCC3)nc(N3CCOCC3)n2)cn1,train,train,test,1,1,0.8125,0.8125,0.8125
Nc1cc(CF)c(-c2nc(N3CCOCC3)nc(N3CCOCC3)n2)cn1,train,train,test,1,1,0.7777778,0.7777778,0.7777778
Nc1cc(CO)c(-c2nc(N3CCOCC3)nc(N3CCOCC3)n2)cn1,train,train,train,1,1,0.7777778,0.7777778,0.63265306
COC(OC)c1cc(N)ncc1-c1nc(N2CCOCC2)nc(N2CCOCC2)n1,train,train,test,1,1,0.7446808,0.7446808,0.6315789
COc1cc(N)ncc1-c1nc(N2CCOCC2)nc(N2CCOCC2)n1,train,train,test,1,1,0.6938776,0.6938776,0.63265306
Nc1cc(C(F)F)c(-c2nc(N3CCOCC3)nc(N3CC4CCC(C3)O4)n2)cn1,train,train,train,1,1,0.875,0.875,0.875
Nc1cc(C(F)F)c(-c2nc(N3CCOCC3)nc(N3C4CCC3COC4)n2)cn1,test,test,train,1,1,0.86,0.86,0.86
C[C@@H]1COCCN1c1nc(-c2cnc(N)cc2C(F)F)nc(N2CCOC[C@H]2C)n1,test,test,train,1,1,0.7777778,0.7777778,0.7368421
Nc1cc(C(F)F)c(-c2nc(N3CC4CCC(C3)O4)nc(N3CC4CCC(C3)O4)n2)cn1,train,train,train,1,1,0.875,0.875,0.875
Nc1cc(C(F)F)c(-c2nc(N3C4CCC3COC4)nc(N3C4CCC3COC4)n2)cn1,train,train,train,1,1,0.90909094,0.90909094,0.90909094
Nc1cc(C(F)F)c(-c2nc(N3C[C@H]4C[C@@H]3CO4)nc(N3C[C@H]4C[C@@H]3CO4)n2)cn1,train,train,test,1,1,0.6603774,0.6603774,0.6603774
CC[C@@H]1COCCN1c1nc(-c2cnc(N)cc2C(F)F)nc(N2CCOC[C@H]2CC)n1,train,train,test,1,1,0.6481481,0.6481481,0.7777778
C[C@H]1CN(c2nc(-c3cnc(N)cc3C(F)F)nc(N3C[C@H](C)O[C@H](C)C3)n2)C[C@@H](C)O1,train,train,train,1,1,0.78723407,0.78723407,0.78723407
CC1(C)CN(c2nc(-c3cnc(N)cc3C(F)F)nc(N3CCOC(C)(C)C3)n2)CCO1,test,test,test,1,1,0.72,0.72,0.6481481
Nc1cc(C(F)F)c(-c2nc(N3CCOCC34CCC4)nc(N3CCOCC34CCC4)n2)cn1,train,train,train,1,1,0.6730769,0.6730769,0.6111111
Nc1cc(C(F)F)c(-c2nc(N3C4COCC3COC4)nc(N3C4COCC3COC4)n2)cn1,train,train,train,1,1,0.90909094,0.90909094,0.90909094
Nc1cc(C(F)(F)F)c(-c2cc(N3CCOCC3)nc(N3CCOCC3)n2)cn1,train,train,train,1,1,0.71428573,0.71428573,0.71428573
Nc1cc(C(F)F)c(-c2cc(N3CCOCC3)nc(N3CCOCC3)n2)cn1,train,train,train,1,1,0.7592593,0.7592593,0.74545455
Nc1cc(C(F)(F)F)c(-c2nc(N3CCOCC3)cc(N3CCOCC3)n2)cn1,train,train,train,1,1,0.7777778,0.7777778,0.7777778
Nc1cc(C(F)F)c(-c2nc(N3CCOCC3)cc(N3CCOCC3)n2)cn1,test,test,train,1,1,0.77272725,0.77272725,0.7083333
Nc1cc(C(F)(F)F)c(-c2cc(N3C4CCC3COC4)nc(N3C4CCC3COC4)n2)cn1,train,train,train,1,1,0.7307692,0.7307692,0.74509805
Nc1cc(C(F)F)c(-c2cc(N3C4CCC3COC4)nc(N3C4CCC3COC4)n2)cn1,test,test,train,1,1,0.74509805,0.74509805,0.74509805
Nc1cc(C(F)(F)F)c(-c2nc(N3C4CCC3COC4)cc(N3C4CCC3COC4)n2)cn1,test,test,train,1,1,0.80851066,0.80851066,0.80851066
Nc1cc(C(F)F)c(-c2nc(N3C4CCC3COC4)cc(N3C4CCC3COC4)n2)cn1,train,train,train,1,1,0.80851066,0.80851066,0.80851066
Nc1cc(C(F)(F)F)c(-c2nc(N3CCOCC3)nc(N3CCOCC3)n2)cn1,train,train,train,1,1,0.81632656,0.81632656,0.81632656
Nc1cc(C(F)(F)F)c(-c2nc(N3C4CCC3COC4)nc(N3C4CCC3COC4)n2)cn1,train,train,train,1,1,0.7307692,0.7307692,0.80851066
Nc1cc(C(F)(F)F)c(-c2nc(N3CC4CCC(C3)O4)nc(N3CC4CCC(C3)O4)n2)cn1,train,train,train,1,1,0.85714287,0.85714287,0.85714287
Nc1cc(C(F)(F)F)c(-c2nc(N3CCOCC3)nc(N3C4CCC3COC4)n2)cn1,test,test,test,1,1,0.84313726,0.84313726,0.84313726
Nc1cc(C(F)(F)F)c(-c2nc(N3CCOCC3)nc(N3CC4CCC(C3)O4)n2)cn1,train,train,train,1,1,0.85714287,0.85714287,0.85714287
C[C@H]1COCCN1c1nc(-c2cnc(N)nc2C(F)(F)F)nc(N2CCOCC2)n1,train,train,train,1,1,0.7368421,0.7368421,0.7368421
C[C@H]1COCCN1c1nc(-c2cnc(N)nc2C(F)F)nc(N2CCOCC2)n1,train,train,train,1,1,0.7413793,0.7413793,0.7413793
C[C@H]1COCCN1c1nc(-c2cnc(N)cc2C(F)F)cc(N2CCOCC2)n1,test,test,train,1,1,0.875,0.875,0.74545455
C[C@H]1COCCN1c1cc(-c2cnc(N)cc2C(F)F)nc(N2CCOCC2)n1,train,train,test,1,1,0.7592593,0.7592593,0.875
C[C@H]1COCCN1c1nc(-c2cnc(N)nc2C(F)F)cc(N2CCOCC2)n1,train,train,train,1,1,0.875,0.875,0.875
C[C@H]1COCCN1c1cc(-c2cnc(N)nc2C(F)F)nc(N2CCOCC2)n1,train,train,train,1,1,0.875,0.875,0.875
COc1ncc(-c2cc(-c3ncc(CN4C[C@H](C)O[C@H](C)C4)o3)c3cn[nH]c3c2)cc1NS(C)(=O)=O,train,train,test,2,2,0.33333334,0.33333334,0.33333334
CC(C)n1nc(-c2ccc3oc(N)nc3c2)c2c(=O)[nH]c(N)nc21,train,train,train,1,1,0.6909091,0.6909091,0.6909091
CC(C)n1nc(-c2ccc3oc(N)nc3c2)c2cnc(N)nc21,train,train,train,1,1,0.6981132,0.6981132,0.6981132
CC(C)n1nc(-c2ccc3oc(N)nc3c2)c2c(N)nc(N)nc21,train,train,train,1,1,0.82,0.82,0.82
CC(C)n1nc(-c2ccc3oc(N)nc3c2)c2c(Br)nc(N)nc21,train,train,test,1,1,0.82,0.82,0.82
CC(C)n1nc(-c2ccc3oc(N)nc3c2)c2c(F)nc(N)nc21,train,train,test,1,1,0.82,0.82,0.82
CCCCn1nc(-c2ccc3oc(N)nc3c2)c2c(Cl)nc(N)nc21,train,train,train,1,1,0.8035714,0.8035714,0.8035714
CC(C)n1nc(-c2ccc3oc(N)nc3c2)c2c(Cl)nc(N)nc21,test,test,train,1,1,0.82,0.82,0.82
COc1nc(N)nc2c1c(-c1ccc3oc(N)nc3c1)nn2C(C)C,test,test,test,2,2,0.78846157,0.78846157,0.78846157
CCc1nc(N)nc2c1c(-c1ccc3oc(N)nc3c1)nn2C(C)C,train,train,test,1,1,0.78846157,0.78846157,0.78846157
CCCCn1nc(-c2ccc3oc(N)nc3c2)c2c(C)nc(N)nc21,train,train,train,1,1,0.8035714,0.8035714,0.8035714
Cc1nc(N)nc2c1c(-c1ccc3oc(N)nc3c1)nn2C(C)C,test,test,test,1,1,0.8367347,0.8367347,0.8367347
CC(C)n1nc(-c2ccc3oc(N)nc3c2)c2c(N)ncnc21,train,train,test,1,1,0.7755102,0.7755102,0.7755102
