smiles,split_shipped,split_R0_from_D0,split_R2_from_D2,cluster_D0,cluster_D2,nn_ecfp4_sim_to_train_shipped,nn_ecfp4_sim_to_train_R0,nn_ecfp4_sim_to_train_R2
CC[C@H](C)[C@H](NC(=O)[C@H](CCCN=C(N)N)NC(=O)[C@H](CCCN=C(N)N)NC(=O)[C@H](CC(C)C)NC(=O)[C@H](Cc1ccccc1)NC(=O)CNC(=O)CNC(=O)[C@@H](N)Cc1ccc(O)cc1)C(=O)N[C@@H](CCCN=C(N)N)C(=O)N1CCC[C@H]1C(=O)N[C@@H](CCCCN)C(N)=O,train,train,train,4,4,0.94,0.94,0.6615385
C=CCN1CC[C@]23c4c5ccc(O)c4O[C@H]2C(=O)CC[C@@]3(O)[C@H]1C5,train,train,train,1,1,0.7457627,0.7457627,0.7457627
CN1CC[C@]23c4c5ccc(O)c4O[C@H]2[C@@]24CC[C@@]3(C[C@H]2C(C)(C)C(C)(C)O4)C1C5,test,test,test,1,1,0.5466667,0.5466667,0.5942029
CO[C@@]12CCC3(C[C@H]1[C@@](C)(O)C(C)(C)C)[C@H]1Cc4ccc(O)c5c4C3(CCN1C)[C@H]2O5,test,test,train,1,1,0.7647059,0.7647059,0.7647059
Nc1nc2cc3c(cc2s1)C[C@@H]1[C@@H]2CCCC[C@]32CCN1CC1CC1,train,train,train,0,0,0.9444444,0.9444444,0.9444444
CN1CCC23c4c5ccc(O)c4OC2c2nc(N)ncc2CC3(O)C1C5,train,train,train,1,1,0.8305085,0.8305085,0.8305085
CN1CCC23c4c5ccc(O)c4OC2c2nc(-c4ccccc4)ncc2CC3(O)C1C5,train,train,train,1,1,0.8032787,0.8032787,0.8032787
Cc1ncc2c(n1)C1Oc3c(O)ccc4c3C13CCN(C)C(C4)C3(O)C2,train,train,train,1,1,0.8448276,0.8448276,0.8448276
Oc1ccc2c(c1)[C@@]13CCCC[C@H]1[C@@H](C2)N(CC1CC1)CC3,train,train,train,0,0,0.9347826,0.9347826,0.70689654
Nc1nc2cc3c(cc2s1)C[C@@H]1[C@@H]2CCCC[C@]32CCN1CC1CCC1,train,train,train,0,0,0.9444444,0.9444444,0.9444444
CN1CCC23c4c5ccc(O)c4OC2c2nc(O)ncc2CC3(O)C1C5,train,train,train,1,1,0.8448276,0.8448276,0.8448276
Oc1ccc2c(c1)[C@@]13CCCC[C@H]1[C@@H](C2)N(CC1CCC1)CC3,train,train,test,0,0,0.9347826,0.9347826,0.9347826
CN1CC[C@]23c4c5ccc(O)c4O[C@H]2c2[nH]c4ccccc4c2C[C@@]3(CCCc2ccccc2)C1C5,test,test,train,1,1,0.739726,0.739726,0.739726
CN1CC[C@]23c4c5ccc(O)c4O[C@H]2c2[nH]c4ccccc4c2C[C@@]3(NC(=O)Cc2ccccc2)C1C5,train,train,train,1,1,0.82191783,0.82191783,0.82191783
CCCCN[C@@]12Cc3c([nH]c4ccccc34)[C@@H]3Oc4c(O)ccc5c4[C@@]31CCN(C)C2C5,train,train,train,1,1,0.8695652,0.8695652,0.8695652
CN1CC[C@]23c4c5ccc(O)c4O[C@H]2c2[nH]c4ccccc4c2C[C@@]3(NCCCc2ccccc2)C1C5,train,train,train,1,1,0.92537314,0.92537314,0.92537314
CN1CC[C@]23c4c5ccc(O)c4O[C@H]2c2[nH]c4ccccc4c2C[C@@]3(NCCc2ccccc2)C1C5,train,train,train,1,1,0.92537314,0.92537314,0.92537314
CCCCC(=O)N[C@@]12Cc3c([nH]c4ccccc34)[C@@H]3Oc4c(O)ccc5c4[C@@]31CCN(C)C2C5,train,train,train,1,1,0.82191783,0.82191783,0.82191783
CC[C@H](C)[C@H](NC(=O)[C@H](CCCN=C(N)N)NC(=O)[C@H](CCCN=C(N)N)NC(=O)[C@H](CC(C)C)NC(=O)[C@H](Cc1ccccc1)NC(=O)[C@@H](C)NC(=O)CNC(=O)[C@@H](N)Cc1ccc(O)cc1)C(=O)N[C@@H](CCCN=C(N)N)C(=O)N1CCC[C@@H]1C(=O)N[C@@H](CCCCN)C(N)=O,train,train,test,4,4,0.94,0.94,0.94
COc1ccc2c(c1O)[C@]13CCN(C)C(C2)[C@@]12C/C(=C\c1ccccc1)[C@@H]3c1[nH]c3ccccc3c1C2,train,train,train,1,1,0.85507244,0.85507244,0.85507244
Oc1ccc2c3c1O[C@H]1c4[nH]c5ccccc5c4C[C@@]4(O)[C@@H](C2)N(CC2CC2)CC[C@]314,train,train,test,1,1,0.81666666,0.81666666,0.81666666
COc1ccc2c(c1O)[C@]13CCN(C)C(C2)[C@]12CCC(=O)[C@H]3/C(=C/c1ccccc1)C2,train,train,train,1,1,0.71014494,0.71014494,0.6756757
O=C1CC[C@@]2(O)[C@H]3Cc4ccc(O)c5c4[C@@]2(CCN3CC2CC2)[C@H]1O5,train,train,train,1,1,0.7457627,0.7457627,0.7457627
CC(C)=CC[C@@]12Cc3c([nH]c4ccccc34)[C@]3(C)Oc4c(O)ccc5c4[C@@]31CCN(C)C2C5,test,test,train,1,1,0.8,0.8,0.8
O=C1CC[C@@]2(OCCCc3ccccc3)[C@H]3Cc4cccc(O)c4C2(CCN3CC2CC2)C1,train,train,train,1,1,0.6,0.6,0.6
C/C=C1\C[C@@]23Cc4c([nH]c5ccccc45)[C@@H]1[C@@]21CCN(C)C3Cc2ccc(OC)c(O)c21,train,train,train,1,1,0.85507244,0.85507244,0.85507244
COc1ccc2c(c1O)[C@]13CCN(C)C(C2)[C@@]12C/C(=C(/C)c1ccccc1)[C@@H]3c1[nH]c3ccccc3c1C2,train,train,test,1,1,0.7638889,0.7638889,0.880597
COc1ccc2c(c1O)[C@]13CCN(C)C(C2)[C@]12CCC(=O)[C@H]3/C(=C(\C)c1ccccc1)C2,train,train,test,1,1,0.71014494,0.71014494,0.71014494
COc1cccc2c1[C@]13CCN(CC4CC4)[C@H](C2)[C@]1(OC)CCC(=O)C3,train,train,train,1,1,0.6,0.6,0.6
CN1CC[C@]23c4c5ccc(O)c4O[C@@]2(C)c2[nH]c4ccccc4c2C[C@@]3(C/C=C/c2ccccc2)C1C5,train,train,train,1,1,0.4574468,0.4574468,0.8
COc1ccc2c(c1O)[C@]13CCN(C)C(C2)[C@@]12CC(=C(C)C)[C@@H]3c1[nH]c3ccccc3c1C2,test,test,train,1,1,0.880597,0.880597,0.78571427
O=C(CCCCCCCCCCC(=O)Oc1ccc2c(c1)[C@@]13CCCC[C@H]1[C@@H](C2)N(CC1CCC1)CC3)Oc1ccc2c(c1)[C@@]13CCCC[C@H]1[C@@H](C2)N(CC1CCC1)CC3,test,test,train,0,0,1.0,1.0,1.0
O=C(/C=C/C(=O)Oc1ccc2c(c1)[C@@]13CCCC[C@H]1[C@@H](C2)N(CC1CCC1)CC3)Oc1ccc2c(c1)[C@@]13CCCC[C@H]1[C@@H](C2)N(CC1CCC1)CC3,test,test,train,0,0,0.9285714,0.9285714,0.82758623
O=C(CCCCCCC(=O)Oc1ccc2c(c1)[C@@]13CCCC[C@H]1[C@@H](C2)N(CC1CCC1)CC3)Oc1ccc2c(c1)[C@@]13CCCC[C@H]1[C@@H](C2)N(CC1CCC1)CC3,train,train,train,0,0,0.98245615,0.98245615,1.0
O=C(CCC(=O)Oc1ccc2c(c1)[C@@]13CCCC[C@H]1[C@@H](C2)N(CC1CC1)CC3)Oc1ccc2c(c1)[C@@]13CCCC[C@H]1[C@@H](C2)N(CC1CC1)CC3,train,train,train,0,0,0.9444444,0.9444444,0.9444444
COC(=O)CCCCCCCCC(=O)Oc1ccc2c(c1)[C@@]13CCCC[C@H]1[C@@H](C2)N(CC1CCC1)CC3,train,train,train,0,0,0.93333334,0.93333334,0.93333334
O=C(CCCCCCCCC(=O)Oc1ccc2c(c1)[C@@]13CCCC[C@H]1[C@@H](C2)N(CC1CC1)CC3)Oc1ccc2c(c1)[C@@]13CCCC[C@H]1[C@@H](C2)N(CC1CC1)CC3,train,train,train,0,0,0.9649123,0.9649123,0.94736844
O=C(CCC(=O)Oc1ccc2c(c1)[C@@]13CCCC[C@H]1[C@@H](C2)N(CC1CCC1)CC3)Oc1ccc2c(c1)[C@@]13CCCC[C@H]1[C@@H](C2)N(CC1CCC1)CC3,train,train,train,0,0,0.9444444,0.9444444,0.9444444
O=C(CCCCCCCC(=O)Oc1ccc2c(c1)[C@@]13CCCC[C@H]1[C@@H](C2)N(CC1CCC1)CC3)Oc1ccc2c(c1)[C@@]13CCCC[C@H]1[C@@H](C2)N(CC1CCC1)CC3,test,test,train,0,0,1.0,1.0,1.0
Cc1cc(O)cc(C)c1C[C@H](N)C(=O)N1Cc2ccccc2C[C@H]1C/N=C(/S)NC(C)(C)C,train,train,test,4,4,0.7205882,0.7205882,0.7205882
Cc1cc(O)cc(C)c1C[C@H](N)C(=O)N1Cc2ccccc2C[C@H]1CNCC(C)(C)C,train,train,train,4,4,0.7741935,0.7741935,0.7741935
Cc1cc(O)cc(C)c1C[C@H](N)C(=O)N1Cc2ccccc2C[C@H]1CNC(=O)Nc1ccccc1,train,train,train,4,4,0.7936508,0.7936508,0.7936508
Cc1cc(O)cc(C)c1C[C@H](N)C(=O)N1Cc2ccccc2C[C@H]1CNCc1ccccc1,train,train,train,4,4,0.7741935,0.7741935,0.7741935
Cc1cc(O)cc(C)c1C[C@H](N)C(=O)N1Cc2ccccc2C[C@H]1CNC(=O)NC(C)(C)C,train,train,train,4,4,0.7936508,0.7936508,0.7936508
Cc1cc(O)cc(C)c1C[C@H](N)C(=O)N1Cc2ccccc2C[C@H]1CNC(=O)NC12CC3CC(CC(C3)C1)C2,train,train,train,4,4,0.74626863,0.74626863,0.74626863
CO[C@]12C=CC3(CC14CCC[C@H]4O)C1Cc4ccc(O)c5c4C3(CCN1CC1CC1)[C@@H]2O5,test,test,train,1,1,0.8088235,0.8088235,0.8088235
CO[C@]12C=CC3(CC14CCC(C)(C)[C@H]4O)C1Cc4ccc(O)c5c4C3(CCN1CC1CC1)[C@@H]2O5,train,train,train,1,1,0.78571427,0.78571427,0.8028169
CO[C@]12C=CC3(CC14CCC[C@H]4O)C1Cc4ccc(O)c5c4C3(CCN1C)[C@@H]2O5,train,train,train,1,1,0.7647059,0.7647059,0.8088235
CO[C@]12C=CC3(CC14CCC(C)(C)[C@H]4O)C1Cc4ccc(O)c5c4C3(CCN1C)[C@@H]2O5,train,train,train,1,1,0.78571427,0.78571427,0.78571427
COC(=O)C1(C(=O)N(C)[C@H]2CCCC[C@@H]2N2CCCC2)C(c2ccccc2)=C1c1ccccc1,train,train,train,2,2,0.5849057,0.5849057,0.5849057
CN(C(=O)C1C(c2ccccc2)=C1c1ccccc1)[C@H]1CC[C@@]2(CCCO2)C[C@@H]1N1CCCC1,test,test,test,2,2,0.71153843,0.71153843,0.71153843
COc1cccc(C2=C(c3ccccc3)C2C(=O)N(C)[C@H]2CCCC[C@@H]2N2CCCC2)c1,train,train,train,2,2,0.78,0.78,0.78
CN(C(=O)C1C(c2ccccc2)=C1c1cccc(Cl)c1)[C@H]1CCCC[C@@H]1N1CCCC1,train,train,train,2,2,0.8125,0.8125,0.8125
CN(C(=O)C1c2ccccc2-c2ccccc21)[C@H]1CCCC[C@@H]1N1CCCC1,train,train,train,2,2,0.6956522,0.6956522,0.6956522
CN(C(=O)C1C(c2ccccc2)=C1c1ccccc1)[C@H]1CCCC[C@@H]1N1CCCC1,train,train,train,2,2,0.8125,0.8125,0.8125
CN(C(=O)Cc1cccc2occc12)[C@H]1CC[C@@]2(CCCO2)C[C@@H]1N1CCCC1,train,train,train,2,2,0.6268657,0.6268657,0.6268657
C[C@H]1C2Cc3ccc(Nc4cccnc4)cc3[C@@]1(C)CCN2CC1CC1,train,train,train,0,0,0.78571427,0.78571427,0.78571427
C[C@H]1[C@H]2Cc3ccc(O)cc3[C@]1(C)CCN2CC1CC1,train,train,train,0,0,0.6792453,0.6792453,0.7826087
CC[C@@]12CCN(CC3CC3)C(C(=O)c3ccc(Nc4ccccc4)cc31)[C@@H]2C,train,train,train,0,0,0.7090909,0.7090909,0.7090909
CC[C@@]12CCN(CC3CC3)C(C(=O)c3ccc(N)cc31)[C@@H]2C,train,train,train,0,0,0.75,0.75,0.75
C[C@H]1[C@H]2Cc3ccc(Nc4ccccc4)cc3[C@@]1(C)CCN2CC1CC1,train,train,train,0,0,0.78571427,0.78571427,0.78571427
C[C@H]1[C@H]2Cc3ccc(N)cc3[C@@]1(C)CCN2C[C@@H]1CCCO1,train,train,test,0,0,0.57894737,0.57894737,0.7254902
C[C@H]1[C@H]2Cc3ccc(N)cc3[C@@]1(C)CCN2CC1CC1,test,test,train,0,0,0.7826087,0.7826087,0.7826087
CN(C(=O)Cc1ccc(Cl)c(Cl)c1)[C@H]1CC[C@@]2(CCCO2)C[C@@H]1N1CCCC1,train,train,train,2,2,0.7407407,0.7407407,0.7407407
C[C@H]1C2C(=O)c3ccc(N)cc3[C@@]1(C)CCN2CC1CC1,train,train,train,0,0,0.75,0.75,0.76
COC(=O)[C@@H]1C[C@H](O)C(=O)C2[C@@]1(C)CC[C@H]1C(=O)O[C@H](c3ccoc3)C[C@]21C,train,train,train,3,3,0.8196721,0.8196721,0.84745765
COc1ccccc1C(=O)NCC(=O)N(C)[C@H](CN1CC[C@@H](O)C1)c1ccccc1,train,train,train,2,2,0.6721311,0.6721311,0.6721311
CN(C(=O)CNC(=O)c1ccccc1)[C@H](CN1CCCC1)c1ccccc1,train,train,train,2,2,0.7735849,0.7735849,0.7735849
CN(C(=O)CNC(=O)c1ccc(Cl)c(Cl)c1)[C@H](CN1CCCC1)c1ccccc1,train,train,train,2,2,0.7735849,0.7735849,0.7735849
CN(C(=O)CNC(=O)c1ccc2c(c1)no[n+]2[O-])[C@H](CN1CCCC1)c1ccccc1,train,train,train,2,2,0.6818182,0.6818182,0.6818182
CN(C(=O)CNC(=O)c1ccc(Cl)c(Cl)c1)[C@H](CN1CC[C@@H](O)C1)c1ccccc1,train,train,train,2,2,0.7704918,0.7704918,0.7704918
CN(CC(=O)N(C)[C@H](CN1CC[C@@H](O)C1)c1ccccc1)C(=O)c1ccc(Cl)c(Cl)c1,train,train,train,2,2,0.765625,0.765625,0.765625
CCC(=O)O[C@H]1C[C@@H](C(=O)OC)[C@]2(C)CC[C@H]3C(=O)O[C@H](c4ccoc4)C[C@]3(C)[C@H]2C1=O,train,train,test,3,3,0.880597,0.880597,0.880597
COC(=O)[C@@H]1C[C@H](OC(=O)C(C)C)C(=O)[C@H]2[C@@]1(C)CC[C@H]1C(=O)O[C@H](c3ccoc3)C[C@]21C,test,test,test,3,3,0.86764705,0.86764705,0.86764705
COC(=O)[C@@H]1C[C@H](OC(=O)c2ccccc2)C(=O)[C@H]2[C@@]1(C)CC[C@H]1C(=O)O[C@H](c3ccoc3)C[C@]21C,train,train,test,3,3,0.85714287,0.85714287,0.85714287
COC(=O)[C@@H]1C[C@H](OC(=O)c2cccnc2)C(=O)[C@H]2[C@@]1(C)CC[C@H]1C(=O)O[C@H](c3ccoc3)C[C@]21C,train,train,train,3,3,0.8356164,0.8356164,0.7948718
COC(=O)[C@@H]1C[C@H](OS(C)(=O)=O)C(=O)[C@H]2[C@@]1(C)CC[C@H]1C(=O)O[C@H](c3ccoc3)C[C@]21C,train,train,train,3,3,0.828125,0.828125,0.828125
COC(=O)[C@@H]1C[C@H](OC(=O)Nc2ccccc2)C(=O)[C@H]2[C@@]1(C)CC[C@H]1C(=O)O[C@H](c3ccoc3)C[C@]21C,test,test,train,3,3,0.8309859,0.8309859,0.8142857
CN(C(=O)Cc1ccc(CNS(=O)(=O)Cc2ccccc2)cc1)[C@H](CN1CC[C@H](O)C1)c1ccccc1,test,test,test,2,2,0.8360656,0.8360656,0.8833333
CCS(=O)(=O)NCc1ccc(CC(=O)N(C)[C@H](CN2CC[C@H](O)C2)c2ccccc2)cc1,test,test,train,2,2,0.85714287,0.85714287,0.9
CNC(=O)NCc1ccc(CC(=O)N(C)[C@H](CN2CCCC2)c2ccccc2)cc1,test,test,train,2,2,0.8113208,0.8113208,0.8113208
CC(C)S(=O)(=O)NCc1ccc(CC(=O)N(C)[C@H](CN2CC[C@H](O)C2)c2ccccc2)cc1,train,train,train,2,2,0.8360656,0.8360656,0.8360656
CN(C(=O)Cc1ccccc1CNS(C)(=O)=O)[C@H](CN1CCCC1)c1ccccc1,train,train,train,2,2,0.7962963,0.7962963,0.7962963
CN(C(=O)Cc1ccc(CNS(=O)(=O)Cc2cccs2)cc1)[C@H](CN1CC[C@H](O)C1)c1ccccc1,train,train,train,2,2,0.75,0.75,0.7910448
CN(C(=O)Cc1ccc(Cl)c(Cl)c1)[C@H](CN1CCCC1)c1ccccc1,train,train,test,2,2,0.7222222,0.7222222,0.75
CN(C(=O)Cc1cccc(CNS(C)(=O)=O)c1)[C@H](CN1CCCC1)c1ccccc1,train,train,test,2,2,0.8363636,0.8363636,0.8363636
CCCS(=O)(=O)NCc1ccc(CC(=O)N(C)[C@H](CN2CC[C@H](O)C2)c2ccccc2)cc1,test,test,train,2,2,0.91935486,0.91935486,0.91935486
CN(C(=O)Cc1ccc(NS(C)(=O)=O)cc1)[C@H](CN1CC[C@H](O)C1)c1ccccc1,test,test,train,2,2,0.8032787,0.8032787,0.8032787
CN(C(=O)Cc1ccccc1)[C@H](CN1CCCC1)c1ccccc1,test,test,train,2,2,0.84090906,0.84090906,0.84090906
CCCCS(=O)(=O)NCc1ccc(CC(=O)N(C)[C@H](CN2CC[C@H](O)C2)c2ccccc2)cc1,train,train,train,2,2,0.7846154,0.7846154,0.91935486
CN(C(=O)Cc1ccc(CCNS(C)(=O)=O)cc1)[C@H](CN1CC[C@H](O)C1)c1ccccc1,train,train,train,2,2,0.90163934,0.90163934,0.90163934
CN(C(=O)Cc1ccccc1CN)[C@H](CN1CCCC1)c1ccccc1,train,train,train,2,2,0.7708333,0.7708333,0.7708333
CN(C(=O)Cc1ccc(CNS(C)(=O)=O)cc1)[C@H](CN1CCCC1)c1ccccc1,train,train,train,2,2,0.8363636,0.8363636,0.7962963
CN(C(=O)Cc1ccc(CNS(=O)(=O)c2ccccc2)cc1)[C@H](CN1CC[C@H](O)C1)c1ccccc1,train,train,train,2,2,0.9032258,0.9032258,0.9032258
CN(C(=O)Cc1ccc(CCCNS(C)(=O)=O)cc1)[C@H](CN1CC[C@H](O)C1)c1ccccc1,train,train,train,2,2,0.90163934,0.90163934,0.90163934
CN(C(=O)Cc1cccc(CN)c1)[C@H](CN1CCCC1)c1ccccc1,train,train,train,2,2,0.8541667,0.8541667,0.8541667
CN(C(=O)Cc1ccc(CNS(=O)(=O)c2ccc(F)cc2)cc1)[C@H](CN1CC[C@H](O)C1)c1ccccc1,train,train,train,2,2,0.8888889,0.8888889,0.8888889
CN(C(=O)Cc1ccc2c(c1)CN(S(C)(=O)=O)C2)[C@H](CN1CCCC1)c1ccccc1,train,train,train,2,2,0.65,0.65,0.6545454
CN(C(=O)Cc1ccc(CN)cc1)[C@H](CN1CCCC1)c1ccccc1,train,train,train,2,2,0.8541667,0.8541667,0.8541667
CN(C(=O)Cc1ccc(CNS(C)(=O)=O)cc1)[C@H](CN1CC[C@H](O)C1)c1ccccc1,train,train,train,2,2,0.8360656,0.8360656,0.85
CC(=O)NCc1ccccc1CC(=O)N(C)[C@H](CN1CCCC1)c1ccccc1,train,train,train,2,2,0.78846157,0.78846157,0.78846157
CC(=O)NCc1cccc(CC(=O)N(C)[C@H](CN2CCCC2)c2ccccc2)c1,train,train,test,2,2,0.8301887,0.8301887,0.8301887
Cc1ccc(S(=O)(=O)NCc2ccc(CC(=O)N(C)[C@H](CN3CC[C@H](O)C3)c3ccccc3)cc2)cc1,train,train,train,2,2,0.9032258,0.9032258,0.9032258
CC(=O)NCc1ccc(CC(=O)N(C)[C@H](CN2CCCC2)c2ccccc2)cc1,train,train,train,2,2,0.8301887,0.8301887,0.8113208
Oc1ccc2c3c1O[C@H]1c4c(c5c(n4Cc4ccccc4)[C@@H]4Oc6c(O)ccc7c6[C@@]46CCN(CC4CC4)[C@H](C7)[C@]6(O)C5)C[C@@]4(O)[C@@H](C2)N(CC2CC2)CC[C@]314,train,train,train,1,1,0.75342464,0.75342464,0.75342464
CCCC(=O)O[C@H]1C[C@@H](C(=O)OC)[C@]2(C)CC[C@H]3C(=O)O[C@H](c4ccoc4)C[C@]3(C)[C@H]2C1=O,train,train,train,3,3,0.8955224,0.8955224,0.8955224
COC(=O)[C@@H]1C[C@H](OC(N)=O)C(=O)[C@H]2[C@@]1(C)CC[C@H]1C(=O)O[C@H](c3ccoc3)C[C@]21C,train,train,train,3,3,0.859375,0.859375,0.859375
CNC(=O)O[C@H]1C[C@@H](C(=O)OC)[C@]2(C)CC[C@H]3C(=O)O[C@H](c4ccoc4)C[C@]3(C)[C@H]2C1=O,train,train,train,3,3,0.84615386,0.84615386,0.84615386
COC(=O)[C@@H]1C[C@H](OC)C(=O)[C@H]2[C@@]1(C)CC[C@H]1C(=O)O[C@H](c3ccoc3)C[C@]21C,train,train,train,3,3,0.8548387,0.8548387,0.8548387
CCO[C@H]1C[C@@H](C(=O)OC)[C@]2(C)CC[C@H]3C(=O)O[C@H](c4ccoc4)C[C@]3(C)[C@H]2C1=O,train,train,train,3,3,0.8888889,0.8888889,0.8787879
CCCO[C@H]1C[C@@H](C(=O)OC)[C@]2(C)CC[C@H]3C(=O)O[C@H](c4ccoc4)C[C@]3(C)[C@H]2C1=O,train,train,train,3,3,0.90909094,0.90909094,0.90909094
CCCCO[C@H]1C[C@@H](C(=O)OC)[C@]2(C)CCC3C(=O)O[C@H](c4ccoc4)C[C@]3(C)[C@H]2C1=O,train,train,train,3,3,0.90909094,0.90909094,0.90909094
C=CCO[C@H]1C[C@@H](C(=O)OC)[C@]2(C)CCC3C(=O)O[C@H](c4ccoc4)C[C@]3(C)[C@H]2C1=O,test,test,train,3,3,0.875,0.875,0.86153847
COC(=O)[C@@H]1C[C@H](OCc2ccccc2)C(=O)[C@@H]2[C@@]3(C)C[C@@H](c4ccoc4)OC(=O)C3CC[C@]21C,train,train,train,3,3,0.8857143,0.8857143,0.8857143
CC(=O)O[C@H]1C[C@@H](C(=O)O)[C@]2(C)CC[C@@H]3C(=O)O[C@H](c4ccoc4)C[C@]3(C)[C@H]2C1=O,train,train,train,3,3,0.84126985,0.84126985,0.84126985
CCOC(=O)[C@@H]1C[C@H](OC(C)=O)C(=O)[C@H]2[C@@]1(C)CC[C@H]1C(=O)O[C@H](c3ccoc3)C[C@]21C,train,train,train,3,3,0.8333333,0.8333333,0.8333333
C#CCCCOC(=O)[C@@H]1C[C@H](OC(C)=O)C(=O)[C@H]2[C@@]1(C)CC[C@H]1C(=O)O[C@H](c3ccoc3)C[C@]21C,train,train,train,3,3,0.79452056,0.79452056,0.79452056
CC(=O)O[C@H]1C[C@@H](C(=O)NC2CC2)[C@]2(C)CC[C@@H]3C(=O)O[C@H](c4ccoc4)C[C@]3(C)[C@H]2C1=O,train,train,test,3,3,0.83076924,0.83076924,0.83076924
CC(=O)O[C@H]1C[C@@H](C(=O)NC(C)C(=O)OCc2ccccc2)[C@]2(C)CC[C@H]3C(=O)O[C@H](c4ccoc4)C[C@]3(C)[C@H]2C1=O,train,train,train,3,3,0.79268295,0.79268295,0.79268295
CC(=O)O[C@H]1C[C@@H](C(=O)NCC(=O)OCc2ccccc2)[C@]2(C)CC[C@H]3C(=O)O[C@H](c4ccoc4)C[C@]3(C)[C@H]2C1=O,train,train,train,3,3,0.79268295,0.79268295,0.79268295
CC(=O)O[C@H]1C[C@@H](C(=O)N2CCCC2C(=O)OCc2ccccc2)[C@]2(C)CC[C@H]3C(=O)O[C@H](c4ccoc4)C[C@]3(C)[C@H]2C1=O,train,train,train,3,3,0.71590906,0.71590906,0.71590906
CN(C(=O)Cc1ccc(Cl)c(Cl)c1)[C@H]1CCCC[C@@H]1N1CCCC1,train,train,train,2,2,0.7407407,0.7407407,0.7407407
O=C(CCCCCCCCC(=O)Oc1ccc2c(c1)[C@@]13CCCCC1[C@@H](C2)N(C[C@@H]1CCCO1)CC3)Oc1ccc2c(c1)[C@@]13CCCCC1[C@@H](C2)N(C[C@@H]1CCCO1)CC3,train,train,train,0,0,0.7846154,0.7846154,0.7846154
O=C(CCCCCCCCC(=O)Oc1ccc2c(c1)[C@@]13CCCCC1[C@@H](C2)N(CC1CCC1)CC3)Nc1ccc2c(c1)[C@@]13CCCCC1[C@@H](C2)N(CC1CCC1)CC3,train,train,train,0,0,0.86153847,0.86153847,0.86153847
O=C(CCCCCCCCC(=O)Oc1ccc2c(c1)[C@@]13CCCCC1[C@@H](C2)N(CC1CCC1)CC3)Oc1ccccc1,test,test,train,0,0,0.93333334,0.93333334,0.93333334
CN1CC[C@]23c4c5ccc(OC(=O)CCCCCCCCC(=O)Oc6ccc7c(c6)[C@@]68CCCCC6[C@@H](C7)N(CC6CCC6)CC8)c4O[C@H]2[C@@H](O)C=C[C@H]3[C@H]1C5,train,train,train,0,0,0.70408165,0.70408165,0.70408165
O=C(CCCCCCCCC(=O)Oc1ccc2c(c1)[C@@]13CCCCC1[C@@H](C2)N(CC1CC1)CC3)Oc1ccc2c(c1)[C@@]13CCCCC1[C@@H](C2)N(CC1CCC1)CC3,train,train,test,0,0,0.98245615,0.98245615,0.98245615
O=C(/C=C/C=C/C(=O)Oc1ccc2c(c1)[C@@]13CCCCC1[C@@H](C2)N(CC1CCC1)CC3)Oc1ccc2c(c1)[C@@]13CCCCC1[C@@H](C2)N(CC1CCC1)CC3,train,train,test,0,0,0.8,0.8,0.9285714
CN(C(=O)CNc1ccccc1)[C@H](CN1CC[C@H](O)C1)c1ccccc1,train,train,train,2,2,0.8214286,0.8214286,0.8214286
CCCS(=O)(=O)Nc1ccc(NCC(=O)N(C)[C@H](CN2CC[C@H](O)C2)c2ccccc2)cc1,train,train,train,2,2,0.82258064,0.82258064,0.82258064
CN(C(=O)CNc1ccc(NS(C)(=O)=O)cc1)[C@H](CN1CC[C@H](O)C1)c1ccccc1,train,train,train,2,2,0.82258064,0.82258064,0.82258064
CN(C(=O)CNc1ccccc1CNS(C)(=O)=O)[C@H](CN1CC[C@H](O)C1)c1ccccc1,train,train,train,2,2,0.76119405,0.76119405,0.76119405
CN(C(=O)CNc1cccc(CNS(C)(=O)=O)c1)[C@H](CN1CC[C@H](O)C1)c1ccccc1,train,train,train,2,2,0.8333333,0.8333333,0.8333333
CN(C(=O)CNc1ccc(CNS(C)(=O)=O)cc1)[C@H](CN1CC[C@H](O)C1)c1ccccc1,train,train,train,2,2,0.8333333,0.8333333,0.8333333
CN(CC(=O)N(C)[C@H](CN1CC[C@H](O)C1)c1ccccc1)c1ccc(C#N)cc1,train,train,train,2,2,0.8148148,0.8148148,0.8148148
CC(=O)N(CC(=O)N(C)[C@H](CN1CC[C@H](O)C1)c1ccccc1)c1ccccc1,train,train,test,2,2,0.8076923,0.8076923,0.8076923
CN(CC(=O)N(C)[C@H](CN1CC[C@H](O)C1)c1ccccc1)c1ccccc1,train,train,train,2,2,0.8148148,0.8148148,0.8148148
CN(C(=O)CNc1ccccc1C#N)[C@H](CN1CC[C@H](O)C1)c1ccccc1,train,train,test,2,2,0.7288136,0.7288136,0.7288136
CN(C(=O)CNc1cccc(C#N)c1)[C@H](CN1CC[C@H](O)C1)c1ccccc1,train,train,train,2,2,0.779661,0.779661,0.779661
CN(C(=O)CNc1ccc(C#N)cc1)[C@H](CN1CC[C@H](O)C1)c1ccccc1,test,test,test,2,2,0.82258064,0.82258064,0.82258064
CN(C(=O)CNc1ccc([N+](=O)[O-])cc1)[C@H](CN1CC[C@H](O)C1)c1ccccc1,train,train,train,2,2,0.80701756,0.80701756,0.80701756
CN(C(=O)CNc1ccc(Cl)c(Cl)c1)[C@H](CN1CC[C@H](O)C1)c1ccccc1,train,train,test,2,2,0.8035714,0.8035714,0.8035714
CN(C(=O)CNc1ccc(C(F)(F)F)cc1)[C@H](CN1CC[C@H](O)C1)c1ccccc1,train,train,train,2,2,0.8214286,0.8214286,0.8214286
CN1CC[C@]23c4c5ccc(O)c4O[C@H]2[C@@H](O)C=C[C@H]3[C@H]1C5,train,train,test,1,1,0.754717,0.754717,0.754717
Cc1ccccc1/C=C/C(=O)N[C@@]12CCC(=O)[C@@H]3Oc4c(O)ccc5c4[C@@]31CCN(C)[C@@H]2C5,test,test,train,1,1,0.8378378,0.8378378,0.8378378
CN1CC[C@]23c4c5cccc4O[C@H]2C(=O)CC[C@@]3(NC(=O)/C=C/c2ccccc2Cl)[C@H]1C5,train,train,train,1,1,0.64634144,0.64634144,0.76623374
COc1ccc2c3c1O[C@H]1C(=O)CC[C@@]4(NC(=O)/C=C/c5ccccc5C)[C@@H](C2)N(C)CC[C@]314,train,train,train,1,1,0.7922078,0.7922078,0.8552632
COc1ccc2c3c1O[C@H]1C(=O)CC[C@@]4(NC(=O)/C=C/c5ccccc5Cl)[C@@H](C2)N(C)CC[C@]314,test,test,train,1,1,0.8552632,0.8552632,0.8552632
COc1ccc2c3c1O[C@H]1C(=O)CC[C@@]4(NC(=O)/C=C/c5ccc(Cl)cc5)[C@@H](C2)N(C)CC[C@]314,train,train,train,1,1,0.8767123,0.8767123,0.8767123
COc1ccc2c3c1O[C@H]1C(=O)CC[C@@]4(NC(=O)/C=C/c5ccccc5C)[C@@H](C2)N(CC2CC2)CC[C@]314,test,test,train,1,1,0.8625,0.8625,0.8625
COc1ccc2c3c1O[C@H]1C(=O)CC[C@@]4(NC(=O)/C=C/c5ccc(C)cc5)[C@@H](C2)N(C)CC[C@]314,train,train,train,1,1,0.8767123,0.8767123,0.8767123
COc1ccc2c3c1O[C@H]1C(=O)CC[C@@]4(NC(=O)/C=C/c5ccccc5Cl)[C@@H](C2)N(CC2CC2)CC[C@]314,train,train,train,1,1,0.7058824,0.7058824,0.8625
Cc1cc(O)cc(C)c1C[C@H](N)C(=O)N1Cc2ccccc2C[C@H]1C(=O)NCCC(=O)Oc1ccc2c(c1)[C@@]13CCCC[C@H]1[C@@H](C2)N(CC1CCC1)CC3,train,train,train,0,0,0.5729167,0.5729167,0.5729167
COC(=O)[C@@H]1C[C@H](OC(C)=O)C(=O)[C@@H]2[C@@]3(C)C[C@@H](c4ccoc4)OC(=O)[C@H]3CC[C@]21C,train,train,train,3,3,0.8730159,0.8730159,0.859375
COC(=O)[C@@H]1C[C@@H](NC(C)=O)C(=O)[C@H]2[C@@]1(C)CC[C@H]1C(=O)O[C@H](c3ccoc3)C[C@]21C,test,test,train,3,3,0.84126985,0.84126985,0.84126985
COC(=O)[C@@H]1C[C@@H](N)C(=O)[C@H]2[C@@]1(C)CC[C@H]1C(=O)O[C@H](c3ccoc3)C[C@]21C,test,test,train,3,3,0.84745765,0.84745765,0.84745765
CN[C@H]1C[C@@H](C(=O)OC)[C@]2(C)CC[C@H]3C(=O)O[C@H](c4ccoc4)C[C@]3(C)[C@H]2C1=O,train,train,train,3,3,0.8064516,0.8064516,0.84126985
C[C@H]1[C@@H]2CC[C@@H](c3ccccc3)CN2CC[C@@]1(C)c1cccc(O)c1,train,train,train,0,0,0.40625,0.40625,0.40625
COCCOCC(=O)OC[C@@H]1C[C@H](OC(C)=O)C(=O)[C@H]2[C@@]1(C)CC[C@H]1C(=O)O[C@H](c3ccoc3)C[C@]21C,train,train,test,3,3,0.76,0.76,0.72602737
CC(=O)O[C@H]1C[C@@H](COC(=O)C2CC2)[C@]2(C)CC[C@H]3C(=O)O[C@H](c4ccoc4)C[C@]3(C)[C@H]2C1=O,train,train,test,3,3,0.7910448,0.7910448,0.7910448
CC(=O)O[C@H]1C[C@@H](CO)[C@]2(C)CC[C@H]3C(=O)O[C@H](c4ccoc4)C[C@]3(C)[C@H]2C1=O,train,train,train,3,3,0.7910448,0.7910448,0.78125
CN1CC[C@]23c4c5ccc(O)c4O[C@H]2c2c(c4c(n2CCc2ccccc2)CCCC4)C[C@@]3(O)C1C5,test,test,test,1,1,0.86567163,0.86567163,0.8082192
CN1CC[C@]23c4c5ccc(O)c4O[C@H]2c2c(c4c(n2CC2CCCCC2)CCCC4)C[C@@]3(O)C1C5,train,train,train,1,1,0.8405797,0.8405797,0.8405797
CN1CC[C@]23c4c5ccc(O)c4O[C@H]2c2c(c4c(n2Cc2ccccc2)CCCC4)C[C@@]3(O)C1C5,train,train,test,1,1,0.8181818,0.8181818,0.8181818
CCn1c2c(c3c1[C@@H]1Oc4c(O)ccc5c4[C@@]14CCN(C)C(C5)[C@]4(O)C3)CCCC2,train,train,train,1,1,0.82258064,0.82258064,0.82258064
CN1CC[C@]23c4c5ccc(O)c4O[C@H]2c2c(c4c(n2C)CCCC4)C[C@@]3(O)C1C5,train,train,train,1,1,0.82258064,0.82258064,0.82258064
Oc1ccc2c3c1O[C@H]1c4c(c5c(n4CCc4ccccc4)CCCC5)C[C@@]4(O)C(C2)N(CC2CC2)CC[C@]314,train,train,train,1,1,0.7972973,0.7972973,0.7972973
Oc1ccc2c3c1O[C@H]1c4c(c5c(n4CC4CCCCC4)CCCC5)C[C@@]4(O)C(C2)N(CC2CC2)CC[C@]314,train,train,train,1,1,0.85507244,0.85507244,0.85507244
CCn1c2c(c3c1[C@@H]1Oc4c(O)ccc5c4[C@@]14CCN(CC1CC1)C(C5)[C@]4(O)C3)CCCC2,train,train,train,1,1,0.85507244,0.85507244,0.85507244
C=CCN1CC[C@]23c4c5ccc(OC(=O)CCCCCCCCC(=O)Oc6ccc7c(c6)[C@@]68CCCCC6[C@@H](C7)N(CC6CCC6)CC8)c4O[C@H]2C(=O)CC[C@@]3(O)[C@H]1C5,train,train,train,0,0,0.79,0.79,0.89361703
O=C(CCCCCCCCC(=O)Oc1ccc2c3c1O[C@H]1C(=O)CC[C@@]4(O)[C@@H](C2)N(CC2CC2)CC[C@]314)Oc1ccc2c(c1)[C@@]13CCCCC1[C@@H](C2)N(CC1CCC1)CC3,test,test,train,0,0,0.89361703,0.89361703,0.89361703
O=C(CCCCCCCCC(=O)Oc1ccc2c3c1O[C@H]1[C@H](O)CC[C@@]4(O)[C@@H](C2)N(CC2CCC2)CC[C@]314)Oc1ccc2c(c1)[C@@]13CCCCC1[C@@H](C2)N(CC1CCC1)CC3,test,test,train,0,0,0.7425743,0.7425743,0.80851066
COc1ccc2c(c1)[C@]13CCN(CC4CC4)[C@H](C2)[C@@H]1Cc1c([nH]c2ccccc12)C3,train,train,train,0,0,0.7246377,0.7246377,0.77272725
Nc1nc2c(s1)C[C@H]1[C@H]3Cc4ccc(O)cc4[C@@]1(CCN3CC1CCC1)C2,train,train,train,0,0,0.9322034,0.9322034,0.9322034
Nc1nc2c(s1)C[C@H]1[C@H]3Cc4ccc(O)cc4[C@@]1(CCN3CC1CC1)C2,train,train,train,0,0,0.9322034,0.9322034,0.9322034
CN1CC[C@]23Cc4nc(N)sc4C[C@H]2[C@H]1Cc1ccc(O)cc13,test,test,train,0,0,0.73770493,0.73770493,0.73770493
Oc1ccc2c(c1)[C@]13CCN(CC4CCC4)[C@H](C2)[C@@H]1Cc1c([nH]c2ccccc12)C3,train,train,train,0,0,0.7246377,0.7246377,0.93333334
Oc1ccc2c(c1)[C@]13CCN(CC4CC4)[C@H](C2)[C@@H]1Cc1c([nH]c2ccccc12)C3,test,test,train,0,0,0.93333334,0.93333334,0.93333334
O=C(NCc1ccccc1)Oc1ccc2c(c1)C13CCCCC1C(C2)N(CC1CCC1)CC3,train,train,train,0,0,0.9516129,0.9516129,0.9516129
O=C(Nc1ccccc1)Oc1ccc2c(c1)C13CCCCC1C(C2)N(CC1CCC1)CC3,train,train,train,0,0,0.95,0.95,0.7910448
CCNC(=O)Oc1ccc2c(c1)C13CCCCC1C(C2)N(CC1CCC1)CC3,train,train,train,0,0,0.94827586,0.94827586,0.8360656
CNC(=O)Oc1ccc2c(c1)C13CCCCC1C(C2)N(CC1CCC1)CC3,train,train,train,0,0,0.9464286,0.9464286,0.9464286
O=C(NCc1ccccc1)Oc1ccc2c(c1)C13CCCCC1C(C2)N(CC1CC1)CC3,train,train,train,0,0,0.9516129,0.9516129,0.9516129
O=C(Nc1ccccc1)Oc1ccc2c(c1)C13CCCCC1C(C2)N(CC1CC1)CC3,train,train,test,0,0,0.95,0.95,0.95
CCNC(=O)Oc1ccc2c(c1)C13CCCCC1C(C2)N(CC1CC1)CC3,train,train,test,0,0,0.94827586,0.94827586,0.94827586
CNC(=O)Oc1ccc2c(c1)C13CCCCC1C(C2)N(CC1CC1)CC3,train,train,train,0,0,0.9464286,0.9464286,0.9464286
CNC(=O)Oc1ccc2c(c1)C13CCCCC1C(C2)N(C)CC3,train,train,train,0,0,0.7457627,0.7457627,0.7457627
COC(=O)[C@@H]1C[C@@H](SC(C)=O)C(=O)[C@H]2[C@@]1(C)CC[C@H]1C(=O)O[C@H](c3ccoc3)C[C@]21C,train,train,test,3,3,0.7692308,0.7692308,0.7846154
COC(=O)[C@@H]1C[C@H](S)C(=O)[C@H]2[C@@]1(C)CC[C@H]1C(=O)O[C@H](c3ccoc3)C[C@]21C,train,train,test,3,3,0.8196721,0.8196721,0.8333333
COC(=O)[C@@H]1C[C@H](OC(C)=O)C(=O)[C@H]2[C@@]1(C)CC[C@H]1C(=O)O[C@H]([C@@H]3CCOC3)C[C@]21C,train,train,train,3,3,0.73333335,0.73333335,0.73333335
COC(=O)[C@@H]1C[C@H](OC(C)=O)C(=O)[C@H]2[C@@]1(C)CC[C@H]1C(=O)O[C@H]([C@@H]3C[C@@H](OC)O[C@@H]3OC)C[C@]21C,train,train,train,3,3,0.6911765,0.6911765,0.6911765
COc1ccc2c3c1O[C@H]1[C@]4(OC)CC[C@@]5(C[C@@H]4CNC(=O)/C=C/c4ccccc4)[C@@H](C2)N(C)CC[C@]315,test,test,train,1,1,0.8961039,0.8961039,0.8961039
CO[C@@]12C=C[C@@]3([C@@H]4CN(C(=O)/C=C/c5ccc(C)cc5)C[C@@H]41)[C@H]1Cc4ccc(O)c5c4[C@@]3(CCN1C)[C@H]2O5,train,train,train,1,1,0.8,0.8,0.8
CO[C@@]12C=C[C@@]3([C@@H]4CN(C(=O)/C=C/c5ccccc5C)C[C@@H]41)[C@H]1Cc4ccc(O)c5c4[C@@]3(CCN1C)[C@H]2O5,train,train,train,1,1,0.8,0.8,0.8
CO[C@@]12CC[C@@]3(C[C@@H]1CNC/C=C/c1ccc(Cl)cc1)[C@H]1Cc4ccc(O)c5c4[C@@]3(CCN1C)[C@H]2O5,train,train,train,1,1,0.8783784,0.8783784,0.85714287
CO[C@@]12CC[C@@]3(C[C@@H]1CNC/C=C/c1ccccc1)[C@H]1Cc4ccc(O)c5c4[C@@]3(CCN1C)[C@H]2O5,train,train,test,1,1,0.8783784,0.8783784,0.8783784
COc1ccc2c3c1O[C@H]1[C@]4(OC)CC[C@@]5(C[C@@H]4CNC/C=C/c4ccc(Cl)cc4)[C@@H](C2)N(C)CC[C@]315,train,train,train,1,1,0.88,0.88,0.88
COc1ccc2c3c1O[C@H]1[C@]4(OC)CC[C@@]5(C[C@@H]4CNC/C=C/c4ccccc4)[C@@H](C2)N(C)CC[C@]315,train,train,train,1,1,0.88,0.88,0.88
CO[C@@]12CC[C@@]3(C[C@@H]1CNC(=O)/C=C/c1ccc([N+](=O)[O-])cc1)[C@H]1Cc4ccc(O)c5c4[C@@]3(CCN1C)[C@H]2O5,train,train,train,1,1,0.8795181,0.8795181,0.8795181
CO[C@@]12CC[C@@]3(C[C@@H]1CNC(=O)/C=C/c1ccc(Cl)cc1)[C@H]1Cc4ccc(O)c5c4[C@@]3(CCN1C)[C@H]2O5,train,train,test,1,1,0.8831169,0.8831169,0.8831169
CO[C@@]12CC[C@@]3(C[C@@H]1CNC(=O)/C=C/c1ccc(C)cc1)[C@H]1Cc4ccc(O)c5c4[C@@]3(CCN1C)[C@H]2O5,train,train,train,1,1,0.8933333,0.8933333,0.8933333
CO[C@@]12CC[C@@]3(C[C@@H]1CNC(=O)/C=C/c1ccccc1Cl)[C@H]1Cc4ccc(O)c5c4[C@@]3(CCN1C)[C@H]2O5,train,train,test,1,1,0.8765432,0.8765432,0.835443
CO[C@@]12CC[C@@]3(C[C@@H]1CNC(=O)/C=C/c1ccccc1)[C@H]1Cc4ccc(O)c5c4[C@@]3(CCN1C)[C@H]2O5,train,train,train,1,1,0.8933333,0.8933333,0.8933333
COc1ccc(/C=C/C(=O)NC[C@H]2C[C@@]34CC[C@@]2(OC)[C@@H]2Oc5c(OC)ccc6c5[C@@]23CCN(C)[C@@H]4C6)cc1,test,test,test,1,1,0.8974359,0.8974359,0.8974359
COc1ccccc1/C=C/C(=O)NC[C@H]1C[C@@]23CC[C@@]1(OC)[C@@H]1Oc4c(OC)ccc5c4[C@@]12CCN(C)[C@@H]3C5,train,train,train,1,1,0.89873415,0.89873415,0.8717949
COc1ccc2c3c1O[C@H]1[C@]4(OC)CC[C@@]5(C[C@@H]4CNC(=O)/C=C/c4ccccc4[N+](=O)[O-])[C@@H](C2)N(C)CC[C@]315,train,train,test,1,1,0.8452381,0.8452381,0.8452381
COc1ccc2c3c1O[C@H]1[C@]4(OC)CC[C@@]5(C[C@@H]4CNC(=O)/C=C/c4ccc([N+](=O)[O-])cc4)[C@@H](C2)N(C)CC[C@]315,train,train,train,1,1,0.8795181,0.8795181,0.8795181
COc1ccc2c3c1O[C@H]1[C@]4(OC)CC[C@@]5(C[C@@H]4CNC(=O)/C=C/c4ccc(C)cc4)[C@@H](C2)N(C)CC[C@]315,train,train,train,1,1,0.8717949,0.8717949,0.8961039
COc1ccc2c3c1O[C@H]1[C@]4(OC)CC[C@@]5(C[C@@H]4CNC(=O)/C=C/c4ccccc4Cl)[C@@H](C2)N(C)CC[C@]315,train,train,test,1,1,0.8875,0.8875,0.8875
COc1ccc2c3c1O[C@H]1[C@]4(OC)CC[C@@]5(C[C@@H]4CNC(=O)/C=C/c4ccccc4C)[C@@H](C2)N(C)CC[C@]315,train,train,test,1,1,0.89873415,0.89873415,0.89873415
CNC(=O)Nc1ccc2c(c1)[C@@]13CCCC[C@H]1[C@@H](C2)N(CC1CC1)CC3,train,train,train,0,0,0.79310346,0.79310346,0.79310346
NC(=O)Nc1ccc2c(c1)[C@@]13CCCC[C@H]1[C@@H](C2)N(CC1CCC1)CC3,train,train,train,0,0,0.9433962,0.9433962,0.9433962
NC(=O)Nc1ccc2c(c1)[C@@]13CCCC[C@H]1[C@@H](C2)N(CC1CC1)CC3,train,train,train,0,0,0.9433962,0.9433962,0.9433962
COC(=O)[C@@H]1C[C@H](OC(C)=O)[C@H](OS(C)(=O)=O)[C@H]2[C@@]1(C)CC[C@H]1C(=O)O[C@H](c3ccoc3)C[C@]21C,train,train,train,3,3,0.68,0.68,0.68
C[C@H]1C2Cc3ccc(C(=O)NCCCc4ccc5ccccc5c4)cc3[C@@]1(C)CCN2CC1CC1,test,test,train,0,0,0.7702703,0.7702703,0.7702703
C[C@H]1C2Cc3ccc(C(=O)NCCc4ccc(-c5ccc(Cl)cc5)cc4)cc3[C@@]1(C)CCN2CC1CC1,train,train,train,0,0,0.86567163,0.86567163,0.86567163
COc1ccc(-c2ccc(CCNC(=O)c3ccc4c(c3)[C@@]3(C)CCN(CC5CC5)C(C4)[C@@H]3C)cc2)cc1,train,train,train,0,0,0.875,0.875,0.875
C[C@H]1C2Cc3ccc(C(=O)NCCc4cccc(Br)c4)cc3[C@@]1(C)CCN2CC1CC1,train,train,train,0,0,0.8358209,0.8358209,0.8358209
C[C@H]1C2Cc3ccc(C(=O)NCCc4ccc(Br)cc4)cc3[C@@]1(C)CCN2CC1CC1,train,train,train,0,0,0.8358209,0.8358209,0.8358209
C[C@H]1C2Cc3ccc(C(=O)NCCc4ccccc4-c4ccccc4)cc3[C@@]1(C)CCN2CC1CC1,train,train,train,0,0,0.8028169,0.8028169,0.8028169
C[C@H]1C2Cc3ccc(C(=O)NCCc4cccc(-c5ccccc5)c4)cc3[C@@]1(C)CCN2CC1CC1,train,train,train,0,0,0.8142857,0.8142857,0.8142857
COC(=O)[C@@H]1C[C@H](OC2CCCCO2)C(=O)[C@H]2[C@@]1(C)CC[C@H]1C(=O)O[C@H](c3ccoc3)C[C@]21C,train,train,train,3,3,0.76811594,0.76811594,0.76811594
COC(=O)[C@@H]1C[C@H](OC(C)(C)OC)C(=O)[C@H]2[C@@]1(C)CC[C@H]1C(=O)O[C@H](c3ccoc3)C[C@]21C,train,train,train,3,3,0.8153846,0.8153846,0.8153846
CCOC(C)O[C@H]1C[C@@H](C(=O)OC)[C@]2(C)CC[C@H]3C(=O)O[C@H](c4ccoc4)C[C@]3(C)[C@H]2C1=O,train,train,train,3,3,0.8,0.8,0.8
COC(=O)[C@@H]1C[C@H](OCF)C(=O)[C@H]2[C@@]1(C)CC[C@H]1C(=O)O[C@H](c3ccoc3)C[C@]21C,train,train,test,3,3,0.8888889,0.8888889,0.8888889
COC(=O)[C@@H]1C[C@H](OCSC)C(=O)[C@H]2[C@@]1(C)CC[C@H]1C(=O)O[C@H](c3ccoc3)C[C@]21C,train,train,train,3,3,0.875,0.875,0.86153847
COC(=O)[C@@H]1C[C@H](OCOCc2ccccc2)C(=O)[C@H]2[C@@]1(C)CC[C@H]1C(=O)O[C@H](c3ccoc3)C[C@]21C,train,train,train,3,3,0.8857143,0.8857143,0.8857143
COC(=O)[C@@H]1C[C@H](OCOCC[Si](C)(C)C)C(=O)[C@H]2[C@@]1(C)CC[C@H]1C(=O)O[C@H](c3ccoc3)C[C@]21C,train,train,test,3,3,0.87323946,0.87323946,0.87323946
COCCOCO[C@H]1C[C@@H](C(=O)OC)[C@]2(C)CC[C@H]3C(=O)O[C@H](c4ccoc4)C[C@]3(C)[C@H]2C1=O,train,train,train,3,3,0.89855075,0.89855075,0.8857143
COC(=O)[C@@H]1C[C@H](OCOCC(F)(F)F)C(=O)[C@H]2[C@@]1(C)CC[C@H]1C(=O)O[C@H](c3ccoc3)C[C@]21C,train,train,train,3,3,0.8333333,0.8333333,0.8333333
COC(=O)[C@@H]1C[C@H](OCOCCF)C(=O)[C@H]2[C@@]1(C)CC[C@H]1C(=O)O[C@H](c3ccoc3)C[C@]21C,train,train,train,3,3,0.8857143,0.8857143,0.8857143
COC(=O)[C@@H]1C[C@H](OCOC(C)(C)C)C(=O)[C@H]2[C@@]1(C)CC[C@H]1C(=O)O[C@H](c3ccoc3)C[C@]21C,train,train,train,3,3,0.880597,0.880597,0.880597
COC(=O)[C@@H]1C[C@H](OCOC(C)C)C(=O)[C@H]2[C@@]1(C)CC[C@H]1C(=O)O[C@H](c3ccoc3)C[C@]21C,train,train,train,3,3,0.85294116,0.85294116,0.85294116
CCCCOCO[C@H]1C[C@@H](C(=O)OC)[C@]2(C)CC[C@H]3C(=O)O[C@H](c4ccoc4)C[C@]3(C)[C@H]2C1=O,test,test,train,3,3,0.92753625,0.92753625,0.89855075
CCCOCO[C@H]1C[C@@H](C(=O)OC)[C@]2(C)CC[C@H]3C(=O)O[C@H](c4ccoc4)C[C@]3(C)[C@H]2C1=O,train,train,test,3,3,0.89855075,0.89855075,0.92753625
CCOCO[C@H]1C[C@@H](C(=O)OC)[C@]2(C)CC[C@H]3C(=O)O[C@H](c4ccoc4)C[C@]3(C)[C@H]2C1=O,train,train,train,3,3,0.884058,0.884058,0.8787879
COCO[C@H]1C[C@@H](C(=O)OC)[C@]2(C)CC[C@H]3C(=O)O[C@H](c4ccoc4)C[C@]3(C)[C@H]2C1=O,train,train,train,3,3,0.880597,0.880597,0.880597
CN(C(=O)/C=C/c1ccoc1)[C@@H]1CC[C@@]2(O)[C@H]3Cc4ccc(O)c5c4[C@@]2(CCN3CC2CC2)[C@H]1O5,train,train,train,1,1,0.7625,0.7625,0.7625
COC(=O)[C@@H]1C[C@H](OC(=O)c2ccsc2)C(=O)[C@H]2[C@@]1(C)CC[C@H]1C(=O)O[C@H](c3ccoc3)C[C@]21C,train,train,train,3,3,0.8194444,0.8194444,0.7972973
COC(=O)[C@@H]1C[C@H](OC(=O)c2cc3ccccc3o2)C(=O)[C@H]2[C@@]1(C)CC[C@H]1C(=O)O[C@H](c3ccoc3)C[C@]21C,test,test,train,3,3,0.7763158,0.7763158,0.74666667
COC(=O)[C@@H]1C[C@H](OC(=O)c2ccc(OC)cc2)C(=O)[C@H]2[C@@]1(C)CC[C@H]1C(=O)O[C@H](c3ccoc3)C[C@]21C,train,train,train,3,3,0.85714287,0.85714287,0.8378378
COC(=O)[C@@H]1C[C@H](OC(=O)c2cccc(OC)c2)C(=O)[C@H]2[C@@]1(C)CC[C@H]1C(=O)O[C@H](c3ccoc3)C[C@]21C,test,test,train,3,3,0.8378378,0.8378378,0.8378378
CN(C(=O)Cc1cc2c(cc1S(=O)(=O)N(C)Cc1ccccc1)OCO2)[C@H](CN1CCCC1)c1ccccc1,train,train,train,2,2,0.8448276,0.8448276,0.7777778
CN(C(=O)Cc1cc2c(cc1S(=O)(=O)N(C)C)OCO2)[C@H](CN1CC[C@H](O)C1)c1ccccc1,train,train,test,2,2,0.7704918,0.7704918,0.796875
CN(C(=O)Cc1cc2c(cc1S(=O)(=O)N(C)C)OCO2)[C@H](CN1CCCC1)c1ccccc1,train,train,test,2,2,0.8448276,0.8448276,0.8448276
CN(C(=O)Cc1ccc2c(c1)OCO2)[C@H](CN1CCCC1)c1ccccc1,train,train,train,2,2,0.7222222,0.7222222,0.7346939
COc1cc(CC(=O)N(C)[C@H](CN2CC[C@H](O)C2)c2ccccc2)c(S(=O)(=O)N2CCOCC2)cc1OC,train,train,train,2,2,0.86567163,0.86567163,0.86567163
COc1cc(CC(=O)N(C)[C@H](CN2CCCC2)c2ccccc2)c(S(=O)(=O)N2CCOCC2)cc1OC,train,train,train,2,2,0.7941176,0.7941176,0.88135594
COc1cc(CC(=O)N(C)[C@H](CN2CC[C@H](O)C2)c2ccccc2)c(S(=O)(=O)N2CCN(C)CC2)cc1OC,train,train,train,2,2,0.8787879,0.8787879,0.8787879
COc1cc(CC(=O)N(C)[C@H](CN2CCCC2)c2ccccc2)c(S(=O)(=O)N2CCN(C)CC2)cc1OC,test,test,test,2,2,0.82539684,0.82539684,0.8965517
COc1cc(CC(=O)N(C)[C@H](CN2CC[C@H](O)C2)c2ccccc2)c(S(=O)(=O)N2CCCC2)cc1OC,train,train,train,2,2,0.8787879,0.8787879,0.8787879
COc1cc(CC(=O)N(C)[C@H](CN2CCCC2)c2ccccc2)c(S(=O)(=O)N2CCCC2)cc1OC,test,test,train,2,2,0.88135594,0.88135594,0.88135594
COc1cc(CC(=O)N(C)[C@H](CN2CCCC2)c2ccccc2)c(S(=O)(=O)N(C)Cc2ccccc2)cc1OC,train,train,train,2,2,0.8305085,0.8305085,0.8305085
COc1cc(CC(=O)N(C)[C@H](CN2CC[C@H](O)C2)c2ccccc2)c(S(=O)(=O)N(C)C)cc1OC,test,test,train,2,2,0.8030303,0.8030303,0.8030303
COc1cc(CC(=O)N(C)[C@H](CN2CCCC2)c2ccccc2)c(S(=O)(=O)N(C)C)cc1OC,train,train,train,2,2,0.8305085,0.8305085,0.8305085
COc1ccc(CC(=O)N(C)[C@H](CN2CCCC2)c2ccccc2)cc1OC,test,test,train,2,2,0.7222222,0.7222222,0.7346939
CC[C@H](C)[C@H](NC(=O)[C@H](CCCNC(=N)N)NC(=O)[C@H](CCCNC(=N)N)NC(=O)[C@H](CC(C)C)NC(=O)[C@H](Cc1ccccc1)NC(=O)CNC(=O)CNC(=O)[C@@H](N)Cc1ccc(O)cc1)C(=O)N[C@@H](CCCNC(=N)N)C(=O)N1CCC[C@H]1C(=O)N[C@@H](CCCCN)C(=O)N[C@@H](CC(C)C)C(=O)N[C@@H](CCCCN)C(=O)N[C@@H](Cc1c[nH]c2ccccc12)C(=O)N[C@@H](CC(=O)O)C(=O)N[C@@H](CC(N)=O)C(=O)N[C@@H](CCC(N)=O)C(=O)O,train,train,train,4,4,0.6615385,0.6615385,0.6615385
O=C(Cn1c(=O)sc2ccc(Cl)cc21)N1CCCC(c2ccccc2)C1CN1CCOCC1,train,train,train,2,2,0.875,0.875,0.73239434
O=C(Cn1c(=O)sc2ccc(Cl)cc21)N1CCCC(c2ccccc2)C1CN1CCCC1,train,train,test,2,2,0.875,0.875,0.875
O=C(Cn1c(=O)oc2ccc(Cl)cc21)N1CCCC(c2ccccc2)C1CN1CCOCC1,test,test,train,2,2,0.73239434,0.73239434,0.8888889
O=C(Cn1c(=O)oc2ccc(Cl)cc21)N1CCCC(c2ccccc2)C1CN1CCCC1,test,test,train,2,2,0.7058824,0.7058824,0.8888889
Cc1cc2ncc(=O)n(CC(=O)N3CCCC(c4ccccc4)C3CN3CCOCC3)c2cc1C,train,train,test,2,2,0.8769231,0.8769231,0.8769231
Cc1cc2ncc(=O)n(CC(=O)N3CCCC(c4ccccc4)C3CN3CCCC3)c2cc1C,train,train,train,2,2,0.8769231,0.8769231,0.7183099
O=C(Cn1c(=O)cnc2cc(Cl)c(Cl)cc21)N1CCCC(c2ccccc2)C1CN1CCOCC1,train,train,train,2,2,0.8769231,0.8769231,0.7183099
O=C(Cn1c(=O)cnc2cc(Cl)c(Cl)cc21)N1CCCC(c2ccccc2)C1CN1CCCC1,train,train,test,2,2,0.8769231,0.8769231,0.8769231
Cc1cc2c(cc1C)N(CC(=O)N1CCCC(c3ccccc3)C1CN1CCCC1)C(=O)CO2,train,train,train,2,2,0.828125,0.828125,0.828125
O=C1COc2cc(Cl)c(Cl)cc2N1CC(=O)N1CCCC(c2ccccc2)C1CN1CCOCC1,test,test,train,2,2,0.890625,0.890625,0.890625
O=C1COc2cc(Cl)c(Cl)cc2N1CC(=O)N1CCCC(c2ccccc2)C1CN1CCCC1,train,train,train,2,2,0.828125,0.828125,0.890625
COCCN(CC(=O)N1CCCC(c2ccccc2)C1CN1CCOCC1)c1ccc(Cl)c(Cl)c1,train,train,train,2,2,0.880597,0.880597,0.880597
COCCN(CC(=O)N1CCCC(c2ccccc2)C1CN1CCCC1)c1ccc(Cl)c(Cl)c1,train,train,train,2,2,0.880597,0.880597,0.880597
N#CCN(CC(=O)N1CCCC(c2ccccc2)C1CN1CCOCC1)c1ccc(Cl)c(Cl)c1,train,train,train,2,2,0.8769231,0.8769231,0.8769231
N#CCN(CC(=O)N1CCCC(c2ccccc2)C1CN1CCCC1)c1ccc(Cl)c(Cl)c1,train,train,train,2,2,0.8769231,0.8769231,0.8769231
CN(CC(=O)N1CCCC(c2ccccc2)C1CN1CCOCC1)c1ccc(Cl)c(Cl)c1,test,test,train,2,2,0.75714284,0.75714284,0.75714284
CN(CC(=O)N1CCCCC1CN1CCCC1)c1ccc(Cl)c(Cl)c1,test,test,train,2,2,0.70689654,0.70689654,0.70689654
CN(CC(=O)N1CCN(c2ccccc2)CC1CN1CCCC1)c1ccc(Cl)c(Cl)c1,train,train,train,2,2,0.86440676,0.86440676,0.86440676
O=C(O)c1ccc(S(=O)(=O)N2CCN(C(=O)Cn3c(=O)oc4ccc(Cl)cc43)C(CN3CCCC3)C2)cc1O,train,train,train,2,2,0.8055556,0.8055556,0.8055556
O=C(O)c1ccc(S(=O)(=O)N2CCN(C(=O)Cn3c(=O)oc4ccc(Cl)cc43)C(CN3CCCC3)C2)cc1,train,train,train,2,2,0.8787879,0.8787879,0.8787879
CC(=O)Nc1ccc(S(=O)(=O)N2CCN(C(=O)Cn3c(=O)oc4ccc(Cl)cc43)C(CN3CCCC3)C2)cc1,train,train,train,2,2,0.8055556,0.8055556,0.8055556
COc1ccc(Br)cc1S(=O)(=O)N1CCN(C(=O)Cn2c(=O)oc3ccc(Cl)cc32)C(CN2CCCC2)C1,train,train,train,2,2,0.8181818,0.8181818,0.7532467
COc1ccc(S(=O)(=O)N2CCN(C(=O)Cn3c(=O)oc4ccc(Cl)cc43)C(CN3CCCC3)C2)c(Br)c1OC,train,train,test,2,2,0.8181818,0.8181818,0.8181818
COc1ccc(S(=O)(=O)N2CCN(C(=O)Cn3c(=O)oc4ccc(Cl)cc43)C(CN3CCCC3)C2)cc1OC,train,train,test,2,2,0.8472222,0.8472222,0.8472222
COc1ccc(S(=O)(=O)N2CCN(C(=O)Cn3c(=O)oc4ccc(Cl)cc43)C(CN3CCCC3)C2)cc1,train,train,train,2,2,0.8611111,0.8611111,0.8611111
COc1cccc(S(=O)(=O)N2CCN(C(=O)Cn3c(=O)oc4ccc(Cl)cc43)C(CN3CCCC3)C2)c1,train,train,train,2,2,0.8611111,0.8611111,0.8611111
O=C(Cn1c(=O)oc2ccc(Cl)cc21)N1CCN(S(=O)(=O)c2cc(C(F)(F)F)ccc2Cl)CC1CN1CCCC1,train,train,train,2,2,0.7236842,0.7236842,0.80263156
O=C(Cn1c(=O)oc2ccc(Cl)cc21)N1CCN(S(=O)(=O)c2ccccc2Br)CC1CN1CCCC1,train,train,test,2,2,0.8115942,0.8115942,0.8115942
O=C(Cn1c(=O)oc2ccc(Cl)cc21)N1CCN(S(=O)(=O)c2cccc(C(F)(F)F)c2)CC1CN1CCCC1,test,test,train,2,2,0.8055556,0.8055556,0.8055556
N#Cc1cccc(S(=O)(=O)N2CCN(C(=O)Cn3c(=O)oc4ccc(Cl)cc43)C(CN3CCCC3)C2)c1,train,train,train,2,2,0.8055556,0.8055556,0.8055556
O=C(Cn1c(=O)oc2ccc(Cl)cc21)N1CCN(S(=O)(=O)c2ccccc2)CC1CN1CCCC1,train,train,train,2,2,0.8787879,0.8787879,0.8787879
O=C(Cn1c(=O)oc2ccccc21)N1CCN(S(=O)(=O)c2ccccc2)CC1CN1CCCC1,test,test,train,2,2,0.8125,0.8125,0.8125
O=C(Cn1c(=O)oc2ccccc21)N1CCN(c2ccccc2)CC1CN1CCCC1,train,train,train,2,2,0.6212121,0.6212121,0.7258065
O=C(Cn1c(C(F)(F)F)nc2ccccc21)N1CCN(c2ccccc2)CC1CN1CCCC1,train,train,train,2,2,0.6212121,0.6212121,0.6212121
O=C(Cc1csc2ccc(Cl)cc12)N1CCN(c2ccccc2)CC1CN1CCCC1,train,train,test,2,2,0.62903225,0.62903225,0.62903225
O=C(Cc1cccc2ccccc12)N1CCN(c2ccccc2)CC1CN1CCCC1,train,train,train,2,2,0.62903225,0.62903225,0.5645161
CN(CC(=O)N1CCN(S(C)(=O)=O)CC1CN1CCCC1)c1ccc(Cl)c(Cl)c1,train,train,train,2,2,0.8032787,0.8032787,0.8032787
CN(CC(=O)N1CCN(S(=O)(=O)c2ccc(F)c(F)c2)CC1CN1CCCC1)c1ccc(Cl)c(Cl)c1,train,train,test,2,2,0.8730159,0.8730159,0.8730159
COc1cccc(S(=O)(=O)N2CCN(C(=O)CN(C)c3ccc(Cl)c(Cl)c3)C(CN3CCCC3)C2)c1,train,train,test,2,2,0.8358209,0.8358209,0.8358209
CN(CC(=O)N1CCN(S(=O)(=O)c2ccc(Cl)cc2)CC1CN1CCCC1)c1ccc(Cl)c(Cl)c1,train,train,train,2,2,0.8730159,0.8730159,0.828125
CN(CC(=O)N1CCN(S(=O)(=O)c2cccc(Cl)c2)CC1CN1CCCC1)c1ccc(Cl)c(Cl)c1,train,train,train,2,2,0.8358209,0.8358209,0.828125
CN(CC(=O)N1CCN(S(=O)(=O)c2ccccc2)CC1CN1CCCC1)c1ccc(Cl)c(Cl)c1,test,test,test,2,2,0.86885244,0.86885244,0.86885244
CN(CC(=O)N1CCN(C(=O)c2ccncc2)CC1CN1CCCC1)c1ccc(Cl)c(Cl)c1,train,train,train,2,2,0.8666667,0.8666667,0.70149255
CN(CC(=O)N1CCN(C(=O)c2ccc(C#N)cc2)CC1CN1CCCC1)c1ccc(Cl)c(Cl)c1,train,train,test,2,2,0.8,0.8,0.8
CN(CC(=O)N1CCN(C(=O)c2ccccc2)CC1CN1CCCC1)c1ccc(Cl)c(Cl)c1,train,train,test,2,2,0.8666667,0.8666667,0.8666667
CN(CC(=O)N1CCN(C(=O)Nc2ccccc2)CC1CN1CCCC1)c1ccc(Cl)c(Cl)c1,train,train,train,2,2,0.78125,0.78125,0.72307694
CN(CC(=O)N1CCN(c2cccc(Cl)c2)CC1CN1CCCC1)c1ccc(Cl)c(Cl)c1,train,train,train,2,2,0.86440676,0.86440676,0.86440676
COc1cccc(N2CCN(C(=O)CN(C)c3ccc(Cl)c(Cl)c3)C(CN3CCCC3)C2)c1,train,train,train,2,2,0.8548387,0.8548387,0.8548387
CN(CC(=O)N1CCN(c2ccc(F)c(F)c2)CC1CN1CCCC1)c1ccc(Cl)c(Cl)c1,test,test,train,2,2,0.8095238,0.8095238,0.8095238
CO[C@@]12CC[C@@]3(C[C@@H]1[C@](C)(O)C(C)(C)C)[C@H]1Cc4ccc(O)c5c4[C@@]3(CCN1CC1CC1)[C@H]2O5,train,train,train,1,1,0.8428571,0.8428571,0.8428571
C[C@H]1[C@@H]2Cc3ccc(O)cc3[C@]1(C)CCN2C,train,train,test,0,0,0.65957445,0.65957445,0.65957445
C[C@H]1C2Cc3ccc(O)cc3[C@@]1(C)CCN2CCc1ccccc1,train,train,train,0,0,0.72727275,0.72727275,0.6730769
CC1C2Cc3ccc(C(N)=O)cc3C1(C)CCN2CCc1ccccc1,train,train,test,0,0,0.72727275,0.72727275,0.72727275
CC1C2C(=O)c3ccc(C(N)=O)cc3C1(C)CCN2CC1CC1,test,test,train,0,0,0.76,0.76,0.76
Oc1ccc2c(c1)[C@@]13CCCC[C@@]1(O)[C@@H](C2)N(CC1CCC1)CC3,test,test,test,0,0,0.72727275,0.72727275,0.72727275
NC(=O)c1ccc2c(c1)[C@@]13CCCC[C@@]1(O)[C@@H](C2)N(CC1CCC1)CC3,train,train,train,0,0,0.62903225,0.62903225,0.54545456
C[C@H]1C2Cc3cc4cc[nH]c(=O)c4cc3[C@@]1(C)CCN2CC1CC1,train,train,test,0,0,0.59322035,0.59322035,0.61403507
C[C@H]1C2Cc3ccc(C(N)=O)c(N)c3[C@@]1(C)CCN2CC1CC1,train,train,train,0,0,0.58064514,0.58064514,0.6181818
C[C@H]1CN(CCO)CCN1c1cc2[nH]c(SC(C)(C)C)nc2cc1Cl,test,test,train,2,2,0.21176471,0.21176471,0.21176471
CN1CC[C@]23c4c5ccc(O)c4O[C@H]2C(=O)CC[C@H]3[C@H]1C5,train,train,train,1,1,0.5762712,0.5762712,0.5762712
CN1CC[C@]23CC(=O)CC[C@H]2[C@H]1Cc1ccc(C(N)=O)c(O)c13,train,train,train,0,0,0.516129,0.516129,0.516129
NC(=O)c1ccc2c(c1O)[C@@]13CCCC[C@@]1(O)[C@@H](C2)N(CC1CC1)CC3,train,train,test,0,0,0.62903225,0.62903225,0.62903225
NC(=O)c1ccc2c3c1O[C@H]1[C@@H](O)CC[C@@]4(O)[C@@H](C2)N(CC2CCC2)CC[C@]314,train,train,train,1,1,0.54545456,0.54545456,0.5494506
CN(CC(=O)N(C)C(CN1CCOCC1)c1ccc(-c2ccccc2)cc1)c1ccc(Cl)c(Cl)c1,test,test,test,2,2,0.5538462,0.5538462,0.53246754
CN(CC(=O)N(C)C(CN1CCCC1)c1ccc(-c2ccccc2)cc1)c1ccc(Cl)c(Cl)c1,test,test,test,2,2,0.6333333,0.6333333,0.6197183
COc1cccc(-c2ccc(C(CN3CCOCC3)N(C)C(=O)CN3C(=O)COc4cc(Cl)c(Cl)cc43)cc2)c1,train,train,train,2,2,0.65822786,0.65822786,0.65822786
CC(=O)Nc1ccc(-c2ccc(C(CN3CCOCC3)N(C)C(=O)CN3C(=O)COc4cc(C)c(C)cc43)cc2)cc1,train,train,train,2,2,0.65822786,0.65822786,0.65822786
CNC(=O)c1cccc(-c2ccc(C(CN3CCOCC3)N(C)C(=O)Cn3c(=O)cnc4cc(Cl)c(Cl)cc43)cc2)c1,train,train,train,2,2,0.85714287,0.85714287,0.85714287
CN(C(=O)CN(CC#N)c1ccc(Cl)c(Cl)c1)C(CN1CCCC1)c1ccc(-c2cccc(C(N)=O)c2)cc1,test,test,test,2,2,0.6666667,0.6666667,0.6666667
COCCN(CC(=O)N(C)C(CN1CCCC1)c1ccc(-c2ccc(C(N)=O)cc2)cc1)c1ccc(Cl)c(Cl)c1,train,train,train,2,2,0.5,0.5,0.5
CNC(=O)c1cccc(-c2ccc(C(CN3CCOCC3)N(C)C(=O)Cn3c(=O)cnc4cc(C)c(C)cc43)cc2)c1,train,train,train,2,2,0.85714287,0.85714287,0.85714287
C=Cc1occc1[C@@H]1C[C@]2(C)[C@H]3C(=O)[C@@H](OC(C)=O)C[C@@H](C(=O)OC)[C@]3(C)CC[C@H]2C(=O)O1,train,train,train,3,3,0.86567163,0.86567163,0.86567163
COC(=O)[C@@H]1C[C@H](OC(C)=O)C(=O)[C@H]2[C@@]1(C)CC[C@H]1C(=O)O[C@H](C(=O)O)C[C@]21C,test,test,train,3,3,0.8867925,0.8867925,0.8867925
COC[C@@H]1C[C@]2(C)[C@H]3C(=O)[C@@H](OC(C)=O)C[C@@H](C(=O)OC)[C@]3(C)CC[C@H]2C(=O)O1,train,train,test,3,3,0.877193,0.877193,0.877193
COC(=O)[C@@H]1C[C@H](OC(C)=O)C(=O)[C@H]2[C@@]1(C)CC[C@H]1C(=O)O[C@H](COC(C)=O)C[C@]21C,train,train,train,3,3,0.877193,0.877193,0.7457627
COC(=O)[C@@H]1C[C@H](OC(C)=O)C(=O)[C@H]2[C@@]1(C)CC[C@H]1C(=O)O[C@H](C(=O)c3cnccn3)C[C@]21C,train,train,train,3,3,0.734375,0.734375,0.734375
COC(=O)[C@@H]1C[C@H](OC(C)=O)C(=O)[C@H]2[C@@]1(C)CC[C@H]1C(=O)O[C@H](C(O)c3ccco3)C[C@]21C,test,test,train,3,3,0.7183099,0.7183099,0.66233766
COC(=O)[C@@H]1C[C@]2(C)[C@H]3C(=O)[C@@H](OC(C)=O)C[C@@H](C(=O)OC)[C@]3(C)CC[C@H]2C(=O)O1,train,train,train,3,3,0.85714287,0.85714287,0.8867925
CCOC(=O)[C@@H]1C[C@]2(C)[C@H]3C(=O)[C@@H](OC(C)=O)C[C@@H](C(=O)OC)[C@]3(C)CC[C@H]2C(=O)O1,train,train,train,3,3,0.85714287,0.85714287,0.85714287
COC(=O)[C@@H]1C[C@H](OC(C)=O)C(=O)[C@H]2[C@@]1(C)CC[C@H]1C(=O)O[C@H](C(=O)OC(C)C)C[C@]21C,test,test,train,3,3,0.85714287,0.85714287,0.85714287
CC1(N2CCC(n3c(-c4cccc(C(F)(F)F)c4)nc4ccccc43)CC2)CCCCCCC1,train,train,train,2,2,0.7096774,0.7096774,0.6666667
CC1(N2CCC(n3c(-c4cccc(OCCO)c4)nc4ccccc43)CC2)CCCCCCC1,train,train,train,2,2,0.6923077,0.6923077,0.6666667
CC1(N2CCC(n3c(-c4cccc(CN)c4)nc4ccccc43)CC2)CCCCCCC1,train,train,test,2,2,0.7096774,0.7096774,0.7096774
CC1CN(c2nc3ccccc3n2C2CCN(C3(C)CCCCCCC3)CC2)CC(C)N1,train,train,train,2,2,0.61904764,0.61904764,0.61904764
C[C@H]1C2Cc3ccc4[nH]nnc4c3[C@@]1(C)CCN2CC1CC1,train,train,test,0,0,0.66101694,0.66101694,0.66101694
C[C@H]1C2Cc3cc4nn[nH]c4cc3[C@@]1(C)CCN2CC1CC1,train,train,train,0,0,0.73214287,0.73214287,0.73214287
Cc1nc2cc3c(cc2[nH]1)[C@@]1(C)CCN(CC2CC2)C(C3)[C@@H]1C,train,train,train,0,0,0.71929824,0.71929824,0.71929824
C[C@H]1C2Cc3cc4nc[nH]c4cc3[C@@]1(C)CCN2CC1CC1,train,train,train,0,0,0.73214287,0.73214287,0.73214287
O=C(/C=C/c1ccccc1)N[C@@H]1CC[C@@]2(OC(=O)Cc3ccccc3)[C@H]3Cc4ccc(O)c5c4[C@@]2(CCN3CC2CC2)[C@H]1O5,train,train,train,1,1,0.8333333,0.8333333,0.84415585
O=C(/C=C/c1ccccc1)N[C@@H]1CC[C@@]2(OC(=O)c3ccccc3)[C@H]3Cc4ccc(O)c5c4[C@@]2(CCN3CC2CC2)[C@H]1O5,test,test,test,1,1,0.8333333,0.8333333,0.8552632
CC(=O)O[C@@]12CC[C@@H](NC(=O)/C=C/c3ccccc3)[C@@H]3Oc4c(O)ccc5c4[C@@]31CCN(CC1CC1)[C@@H]2C5,test,test,train,1,1,0.84415585,0.84415585,0.84415585
C=CCO[C@@]12CC[C@@H](NC(=O)/C=C/c3ccccc3)[C@@H]3Oc4c(O)ccc5c4[C@@]31CCN(CC1CC1)[C@@H]2C5,train,train,train,1,1,0.84415585,0.84415585,0.84415585
O=C(/C=C/c1ccccc1)N[C@@H]1CC[C@@]2(OCc3ccccc3)[C@H]3Cc4ccc(O)c5c4[C@@]2(CCN3CC2CC2)[C@H]1O5,train,train,train,1,1,0.84415585,0.84415585,0.84415585
COc1ccccc1/C=C/C(=O)N[C@@H]1CC[C@@]2(O)[C@H]3Cc4ccc(O)c5c4[C@@]2(CCN3CC2CC2)[C@H]1O5,train,train,train,1,1,0.8076923,0.8076923,0.8076923
O=C(/C=C/c1ccccc1Cl)N[C@@H]1CC[C@@]2(O)[C@H]3Cc4ccc(O)c5c4[C@@]2(CCN3CC2CC2)[C@H]1O5,train,train,train,1,1,0.82051283,0.82051283,0.82051283
O=C(/C=C/c1cccc([N+](=O)[O-])c1)N[C@@H]1CC[C@@]2(O)[C@H]3Cc4ccc(O)c5c4[C@@]2(CCN3CC2CC2)[C@H]1O5,test,test,train,1,1,0.80246913,0.80246913,0.80246913
O=C(/C=C/c1ccccc1[N+](=O)[O-])N[C@@H]1CC[C@@]2(O)[C@H]3Cc4ccc(O)c5c4[C@@]2(CCN3CC2CC2)[C@H]1O5,train,train,train,1,1,0.82051283,0.82051283,0.82051283
O=C(/C=C/c1ccccc1)N[C@@H]1CC[C@@]2(O)[C@H]3Cc4ccc(O)c5c4[C@@]2(CCN3CC2CC2)[C@H]1O5,test,test,test,1,1,0.8333333,0.8333333,0.8333333
COc1ccc2c3c1O[C@H]1C(=O)CC[C@@]4(OC(=O)/C=C/c5ccccc5)[C@@H](C2)N(CC2CC2)CC[C@]314,train,train,train,1,1,0.6179775,0.6179775,0.8918919
COc1ccc2c3c1O[C@H]1C(=O)CC[C@@]4(OC(=O)/C=C/c5ccc(C)cc5)[C@@H](C2)N(CC2CC2)CC[C@]314,test,test,train,1,1,0.8918919,0.8918919,0.8918919
CSCC[C@H](NC(=O)CNC(=O)[C@@H](NC(=O)CNC(=O)[C@@H](NC(=O)[C@H](NC(=O)[C@H](CC(N)=O)NC(=O)[C@H](CCCNC(=N)N)NC(=O)[C@H](Cc1ccccc1)NC(=O)[C@@H](N)CO)C(C)(C)C)C(C)C)[C@@H](C)O)C(=O)N[C@@H](CCCCN)C(=O)N[C@@H](CCCCN)C(=O)N[C@H](C(=O)N[C@@H](CO)C(=O)N[C@@H](Cc1ccccc1)C(=O)N[C@@H](CCC(N)=O)C(=O)N[C@@H](CCCNC(=N)N)C(=O)N[C@@H](C)C(=O)N[C@@H](CCCCN)C(=O)N[C@@H](CO)C(=O)O)[C@@H](C)O,test,test,train,4,4,0.7037037,0.7037037,0.43046358
COC(=O)[C@@H]1C[C@H](OC(C)=O)C(=O)[C@H]2[C@@]1(C)CC[C@H]1C(=O)O[C@H]([C@@]3(O)[C@H](O)[C@@H](OC)O[C@H]3OC)C[C@]21C,test,test,train,3,3,0.6666667,0.6666667,0.6666667
CN1CC[C@]23Cc4c(c5ccccc5n4C)C[C@]2(Cc2ccc(O)cc23)C1,train,train,test,1,1,0.45070422,0.45070422,0.45070422
Oc1ccc2c(c1)[C@]13CCN(CC4CC4)C[C@@]1(C2)Cc1c([nH]c2ccccc12)C3,train,train,train,0,0,0.6231884,0.6231884,0.5970149
NC(=O)[C@@H]1CSCSC[C@@H](NC(=O)[C@@H](N)Cc2ccc(O)cc2)C(=O)N[C@@H](Cc2ccccc2)C(=O)N[C@@H](Cc2ccc3ccccc3c2)C(=O)N1,train,train,train,4,4,0.60227275,0.60227275,0.6329114
O=C(O)CCCCCCCCC(=O)Oc1ccc2c(c1)[C@@]13CCCC[C@H]1[C@@H](C2)N(CC1CCC1)CC3,train,train,train,0,0,0.93333334,0.93333334,0.93333334
CC(CCCCCCC(C)C(=O)Oc1ccc2c(c1)[C@@]13CCCC[C@H]1[C@@H](C2)N(CC1CCC1)CC3)C(=O)O,train,train,train,0,0,0.93846154,0.93846154,0.70422536
CC(CCCCCCC(C)C(=O)Oc1ccc2c(c1)[C@@]13CCCC[C@H]1[C@@H](C2)N(CC1CCC1)CC3)C(=O)Oc1ccc2c(c1)[C@@]13CCCC[C@H]1[C@@H](C2)N(CC1CCC1)CC3,train,train,test,0,0,0.93846154,0.93846154,0.93846154
CC(C)(CCCCCCC(C)(C)C(=O)Oc1ccc2c(c1)[C@@]13CCCC[C@H]1[C@@H](C2)N(CC1CCC1)CC3)C(=O)Oc1ccc2c(c1)[C@@]13CCCC[C@H]1[C@@H](C2)N(CC1CCC1)CC3,train,train,train,0,0,0.75757575,0.75757575,0.75757575
C=CCN1CC[C@]23c4c5ccc(OC(=O)CCCCCCCCC(=O)Oc6ccc7c(c6)[C@@]68CCCC[C@H]6C(C7)N(CC6CCC6)CC8)c4O[C@H]2CCC[C@H]3[C@H]1C5,train,train,train,0,0,0.7227723,0.7227723,0.7227723
O=C(C#Cc1ccccc1)N[C@@]12CCC(=O)[C@@H]3Oc4c(O)ccc5c4[C@@]31CCN(CC1CC1)[C@@H]2C5,train,train,train,1,1,0.8356164,0.8356164,0.8356164
COc1ccc2c3c1O[C@H]1C(=O)CC[C@@]4(NC(=O)C#Cc5ccccc5)[C@@H](C2)N(CC2CC2)CC[C@]314,train,train,train,1,1,0.88,0.88,0.88
COc1ccc2c3c1O[C@H]1C(=O)CC[C@@]4(NC(=O)C#Cc5ccc(Cl)cc5)[C@@H](C2)N(CC2CC2)CC[C@]314,train,train,train,1,1,0.88,0.88,0.88
O=C(Cc1ccc(Cl)c(Cl)c1)N1C[C@H]2CC[C@@H](N3CCCC3)[C@@H]1CN2Cc1ccccc1,train,train,train,2,2,0.7,0.7,0.7
COC(=O)N1C[C@H]2[C@H](N3CCCC3)CC[C@@H]1CN2C(=O)Cc1ccc(Cl)c(Cl)c1,train,train,train,2,2,0.7894737,0.7894737,0.7894737
CCC(=O)N1C[C@H]2[C@H](N3CCCC3)CC[C@@H]1CN2C(=O)Cc1ccc(Cl)c(Cl)c1,train,train,train,2,2,0.7894737,0.7894737,0.7894737
Oc1ccc2c3c1O[C@H]1c4[nH]c5c(c4C[C@@]4(O)[C@@H](C2)N(CC2CC2)CC[C@]314)C[C@@]1(O)[C@H]2Cc3ccc(O)c4c3[C@@]1(CCN2CC1CC1)[C@H]5O4,train,train,train,1,1,0.81666666,0.81666666,0.73015875
CC(C)[C@@H](CN1CC[C@@](C)(c2cccc(O)c2)[C@@H](C)C1)NC(=O)[C@H]1Cc2ccc(O)cc2CN1,train,train,train,0,0,0.7432432,0.7432432,0.75342464
CC(C)[C@@H](CN1CC[C@@](C)(c2cccc(O)c2)[C@@H](C)C1)NC(=O)[C@H]1Cc2ccc(O)cc2CS1,train,train,train,0,0,0.7432432,0.7432432,0.7432432
CC(C)[C@@H](CN1CC[C@@](C)(c2cccc(O)c2)[C@@H](C)C1)NC(=O)[C@H]1Cc2ccc(O)cc2C[S+]1O,test,test,train,0,0,0.75342464,0.75342464,0.75342464
COC(=O)[C@@H]1CCC(=O)[C@H]2[C@@]1(C)CC[C@H]1C(=O)O[C@H](c3ccoc3)C[C@]21C,train,train,train,3,3,0.7419355,0.7419355,0.75409836
COC(=O)[C@@H]1CC(C(=O)O)C(=O)[C@H]2[C@@]1(C)CC[C@H]1C(=O)O[C@H](c3ccoc3)C[C@]21C,test,test,train,3,3,0.8064516,0.8064516,0.8196721
COC(=O)[C@@H]1C[C@@H](F)C(=O)[C@H]2[C@@]1(C)CC[C@H]1C(=O)O[C@H](c3ccoc3)C[C@]21C,test,test,train,3,3,0.8196721,0.8196721,0.8333333
COC(=O)[C@@H]1C[C@@H](Cl)C(=O)[C@H]2[C@@]1(C)CC[C@H]1C(=O)O[C@H](c3ccoc3)C[C@]21C,test,test,train,3,3,0.8196721,0.8196721,0.8333333
COC(=O)[C@@H]1C[C@H](OC(=O)[C@@H](N)C(C)C)C(=O)[C@H]2[C@@]1(C)CC[C@H]1C(=O)O[C@H](c3ccoc3)C[C@]21C,train,train,train,3,3,0.8115942,0.8115942,0.8115942
CN1CCN(c2nc3ccccc3n2C2CCN(C3(CO)CCCCCCC3)CC2)CC1,test,test,train,2,2,0.73333335,0.73333335,0.73333335
CC1CN(c2nc3ccccc3n2C2CCN(C3(CO)CCCCCCC3)CC2)CCN1,train,train,train,2,2,0.61904764,0.61904764,0.73333335
O=c1[nH]c2ccccc2n1C1CCN(C2(CO)CCCCCCC2)CC1,test,test,train,2,2,0.515625,0.515625,0.52459013
O=C(c1ccccn1)N(Cc1cccs1)C1(C(=O)NC2CCCCC2)CCCCC1,train,train,train,2,2,0.369863,0.369863,0.5970149
Cc1c(Cl)sn(-c2ccc(Cl)cc2)c1=O,train,train,train,2,2,0.20634921,0.20634921,0.20634921
N#Cc1ccc(-c2cccnc2)nc1SCC(=O)Nc1sc2c(c1C#N)CCC2,test,test,test,2,2,0.23863636,0.23863636,0.2247191
O=C(c1ccc([N+](=O)[O-])cc1)N(Cc1ccc(Cl)cc1)N1C(=O)CCCC1=O,test,test,test,2,2,0.8,0.8,0.8
Nc1ccc(C2(c3ccc(N)cc3)c3ccccc3-c3ccccc32)cc1,test,test,train,0,0,0.21153846,0.21153846,0.21153846
COc1ccc(C[C@@H]2CN3C(=NC[C@@H]3C)N2CCNC(=O)c2ccc(C)c(Br)c2)cc1,train,train,train,2,2,0.33684212,0.33684212,0.33684212
Cc1ccccc1NC(=O)c1ccc(COc2ccc3c(C)cc(=O)oc3c2)cc1,train,train,train,2,2,0.2625,0.2625,0.2625
CCN(CC)CCn1c(NC(=O)c2ccc(C(F)(F)F)cc2)nc2ccccc21,test,test,train,2,2,0.5322581,0.5322581,0.5322581
CCC(C)(C(=O)NC1CCCCC1)N(Cc1cccs1)C(=O)c1ccccn1,test,test,train,2,2,0.5970149,0.5970149,0.5970149
O=C1C2ON(c3ccccc3)C(c3cccnc3)C2C(=O)N1c1ccc(Cl)c(Cl)c1,train,train,train,2,2,0.26436782,0.26436782,0.26436782
O=C(c1ccc([N+](=O)[O-])cc1)N(Cc1ccc(Br)cc1)N1C(=O)CCCC1=O,train,train,train,2,2,0.2625,0.2625,0.2625
c1ccc(CSc2nnc(-c3ccccn3)n2Cc2ccco2)cc1,train,train,train,4,4,0.75438595,0.75438595,0.7288136
Cc1cc(C)c(S(=O)(=O)NCc2ccc(C(=O)NCCN3Cc4ccccc4C3)cc2)c(C)c1,train,train,train,2,2,0.30588236,0.30588236,0.30588236
Cc1ccccc1CSc1nnc(-c2ccccn2)n1Cc1cccs1,train,train,train,2,2,0.75,0.75,0.75
Cc1cc(C)c(CSc2nnc(-c3ccccn3)n2Cc2cccs2)c(C)c1,train,train,train,2,2,0.75,0.75,0.75
O=C(CSc1nnc(-c2ccccn2)n1Cc1ccco1)c1ccc(Cl)cc1,train,train,train,2,2,0.6333333,0.6333333,0.6333333
CCCCN(Cc1cc2cc(OC)ccc2nc1O)C(=O)c1ccccn1,train,train,train,2,2,0.7627119,0.7627119,0.7627119
Cc1ccc(-n2[nH]c(C)c(C=Nc3ccc(Cl)c4cccnc34)c2=O)cc1,train,train,train,2,2,0.20987654,0.20987654,0.20987654
O=C(c1ccccn1)N(Cc1cc2ccccc2nc1O)C1CCCCC1,train,train,train,2,2,0.5,0.5,0.4923077
COc1ccc(CN(Cc2ccccn2)C(=O)CN2C(=O)COc3ccccc32)cc1,test,test,train,2,2,0.34567901,0.34567901,0.34567901
Cc1cccc(-n2ccnc2CN2CCC(CO)(CC3CCCCO3)CC2)c1,train,train,train,2,2,0.25,0.25,0.25
Clc1ccc(CSc2nnc(-c3ccccn3)n2Cc2ccccc2Cl)cc1Cl,train,train,train,2,2,0.82,0.82,0.82
FC(F)(F)c1cc(CSc2nnc(-c3ccccn3)n2Cc2cccnc2)ccc1Cl,train,train,train,2,2,0.877193,0.877193,0.877193
Clc1ccc(CSc2nnc(-c3ccccn3)n2Cc2ccccc2)cc1Cl,train,train,train,2,2,0.84313726,0.84313726,0.84313726
Brc1ccc(CSc2nnc(-c3ccccn3)n2Cc2cccnc2)cc1,test,test,train,4,4,0.75,0.75,0.82
Clc1ccccc1Cn1c(SCc2ccc(Br)cc2)nnc1-c1ccccn1,train,train,test,2,2,0.7924528,0.7924528,0.7924528
Brc1ccc(CSc2nnc(-c3ccccn3)n2Cc2ccccc2)cc1,test,test,train,4,4,0.78431374,0.78431374,0.82
COc1ccc(Cn2c(SCc3ccc(Cl)c(Cl)c3)nnc2-c2ccccn2)cc1,test,test,train,2,2,0.8135593,0.8135593,0.8135593
Cc1ccc2nc(O)c(CN(Cc3ccccc3)C(=O)c3ccccn3)cc2c1,train,train,test,2,2,0.61290324,0.61290324,0.76785713
COc1ccc(Cn2c(SCc3ccc(Cl)c(C(F)(F)F)c3)nnc2-c2ccccn2)cc1,train,train,train,2,2,0.8305085,0.8305085,0.8305085
Clc1ccc(CSc2nnc(-c3ccccn3)n2Cc2cccnc2)cc1Cl,train,train,train,2,2,0.84313726,0.84313726,0.84313726
CCCCN(Cc1cc2cc(Cl)ccc2nc1O)C(=O)c1ccccn1,train,train,train,2,2,0.7627119,0.7627119,0.7627119
FC(F)(F)c1cc(CSc2nnc(-c3ccccn3)n2Cc2ccccc2Cl)ccc1Cl,train,train,train,2,2,0.84210527,0.84210527,0.84210527
Clc1ccc(CSc2nnc(-c3ccc(Br)cc3)n2Cc2ccco2)cc1Cl,train,train,train,2,2,0.8135593,0.8135593,0.8135593
COc1cccc(CSc2nnc(-c3ccccn3)n2Cc2ccco2)c1,train,train,test,2,2,0.75438595,0.75438595,0.75438595
FC(F)(F)c1cc(CSc2nnc(-c3ccc(Br)cc3)n2Cc2ccco2)ccc1Cl,train,train,train,2,2,0.8135593,0.8135593,0.8135593
FC(F)(F)c1cc(CSc2nnc(-c3ccccn3)n2Cc2ccccc2)ccc1Cl,train,train,train,2,2,0.877193,0.877193,0.877193
Brc1ccc(CSc2nnc(-c3ccc(Br)cc3)n2Cc2ccco2)cc1,test,test,test,2,2,0.8235294,0.8235294,0.8235294
Cc1ccc2nc(O)c(CN(CCC(C)C)C(=O)c3ccccn3)cc2c1,test,test,train,2,2,0.76785713,0.76785713,0.62903225
Nc1nc2cc3c(cc2s1)C[C@@H]1[C@@H]2CCCC[C@]32CCN1CCCF,test,test,train,0,0,0.7704918,0.7704918,0.7704918
Nc1nc2cc3c(cc2s1)C[C@@H]1[C@@H]2CCCC[C@]32CCN1C[C@@H]1CCCO1,train,train,test,0,0,0.7903226,0.7903226,0.7903226
CNc1nc2cc3c(cc2s1)C[C@@H]1[C@@H]2CCCC[C@]32CCN1CC1CC1,train,train,train,0,0,0.83870965,0.83870965,0.83870965
CCNc1nc2cc3c(cc2s1)C[C@@H]1[C@@H]2CCCC[C@]32CCN1CC1CC1,train,train,train,0,0,0.83870965,0.83870965,0.83870965
FC(F)(F)CNc1nc2cc3c(cc2s1)C[C@@H]1[C@@H]2CCCC[C@]32CCN1CC1CC1,train,train,test,0,0,0.8030303,0.8030303,0.8030303
CN(C)c1nc2cc3c(cc2s1)C[C@@H]1[C@@H]2CCCC[C@]32CCN1CC1CC1,train,train,train,0,0,0.78333336,0.78333336,0.78333336
CNc1nc2cc3c(cc2s1)C[C@@H]1[C@@H]2CCCC[C@]32CCN1CCCF,train,train,train,0,0,0.84615386,0.84615386,0.84615386
CCNc1nc2cc3c(cc2s1)C[C@@H]1[C@@H]2CCCC[C@]32CCN1CCCF,train,train,train,0,0,0.84615386,0.84615386,0.84615386
c1c2c(cc3sc(NCCCCCCCCCCNc4nc5cc6c(cc5s4)C[C@@H]4[C@@H]5CCCC[C@]65CCN4CC4CC4)nc13)C[C@@H]1[C@@H]3CCCC[C@]23CCN1CC1CC1,train,train,train,0,0,0.828125,0.828125,0.828125
O=C(CCCCCCCCC(=O)Nc1nc2cc3c(cc2s1)C[C@@H]1[C@@H]2CCCC[C@]32CCN1CC1CC1)Nc1nc2cc3c(cc2s1)C[C@@H]1[C@@H]2CCCC[C@]32CCN1CC1CC1,train,train,train,0,0,0.75714284,0.75714284,0.75714284
C=CCN1CC[C@]23c4c5ccc(OC(=O)CCCCCCCCC(=O)Oc6ccc7c(c6)[C@@]68CCCC[C@@]6(O)[C@@H](C7)N(CC6CCC6)CC8)c4O[C@H]2C(=O)CC[C@@]3(O)[C@H]1C5,train,train,train,0,0,0.79,0.79,0.875
O=C(CCCCCCCCC(=O)Oc1ccc2c(c1)[C@@]13CCCC[C@H]1[C@@H](C2)N(CC1CCC1)CC3)Oc1ccc2c(c1)[C@@]13CCCC[C@@]1(O)[C@@H](C2)N(CC1CCC1)CC3,train,train,train,0,0,0.8115942,0.8115942,0.8115942
C=CCN1CC[C@]23c4c5ccc(OC(=O)CCCCCCCCC(=O)Oc6ccc7c(c6)[C@@]68CCCC[C@@]6(OC)[C@@H](C7)N(CC6CCC6)CC8)c4O[C@H]2C(=O)CC[C@@]3(O)[C@H]1C5,test,test,train,0,0,0.875,0.875,0.875
CO[C@@]12CCCC[C@@]13CCN(CC1CCC1)[C@@H]2Cc1ccc(OC(=O)CCCCCCCCC(=O)OCc2ccccc2)cc13,test,test,train,0,0,0.86764705,0.86764705,0.86764705
CO[C@@]12CCCC[C@@]13CCN(CC1CCC1)[C@@H]2Cc1ccc(OC(=O)CCCCCCCCC(=O)Oc2ccc4c(c2)[C@@]25CCCC[C@@]2(OC)[C@@H](C4)N(CC2CCC2)CC5)cc13,train,train,train,0,0,0.6875,0.6875,0.86764705
CO[C@@]12CCCC[C@@]13CCN(CC1CCC1)[C@@H]2Cc1ccc(O)cc13,train,train,train,0,0,0.6875,0.6875,0.6875
CO[C@]12CC[C@@]3(C[C@@H]1[C@](C)(O)CC(C)(C)c1ccccc1)[C@H]1Cc4ccc(O)c5c4[C@@]3(CCN1CC1CC1)[C@H]2O5,train,train,train,1,1,0.8378378,0.8378378,0.8378378
CO[C@]12CC[C@@]3(C[C@@H]1[C@](C)(O)CC1CC4CCC1C4)[C@H]1Cc4ccc(O)c5c4[C@@]3(CCN1CC1CC1)[C@H]2O5,test,test,train,1,1,0.78205127,0.78205127,0.78205127
CC(C)C[C@H](NC(=O)[C@H](CCCCN)NC(=O)[C@H](CCCNC(=N)N)NC(=O)[C@H](C)NC(=O)[C@H](CO)NC(=O)[C@H](CCCCN)NC(=O)[C@H](CCCNC(=N)N)NC(=O)[C@H](C)NC(=O)CNC(=O)[C@@H](NC(=O)[C@H](Cc1ccccc1)NC(=O)CNC(=O)CNC(=O)[C@@H](N)Cc1ccccc1)[C@@H](C)O)C(=O)N[C@@H](C)C(=O)N[C@@H](CC(N)=O)C(=O)N[C@@H](CCC(N)=O)C(=O)O,train,train,test,4,4,0.57251906,0.57251906,0.7037037
COC(=O)[C@@H]1C[C@H](OC(C)=O)C(=O)[C@H]2[C@@]1(C)CC[C@H]1C(=O)O[C@H](C(=O)c3ccccc3)C[C@]21C,train,train,train,3,3,0.7878788,0.7878788,0.8030303
COC(=O)[C@@H]1C[C@H](OC(C)=O)C(=O)[C@H]2[C@@]1(C)CC[C@H]1C(=O)O[C@H](/C=C\c3ccoc3)C[C@]21C,test,test,train,3,3,0.7285714,0.7285714,0.7285714
COC(=O)[C@@H]1C[C@H](OC(C)=O)C(=O)[C@H]2[C@@]1(C)CC[C@H]1C(=O)O[C@H](C(=O)c3ccco3)C[C@]21C,train,train,test,3,3,0.7878788,0.7878788,0.7878788
COC(=O)[C@@H]1C[C@H](OC(C)=O)C(=O)[C@H]2[C@@]1(C)CC[C@H]1C(=O)O[C@H](C(=O)c3ccsc3)C[C@]21C,test,test,train,3,3,0.8030303,0.8030303,0.8030303
CC(C)C[C@@H](NC(=O)[C@@H](Cc1ccccc1)NC(=O)[C@H](N)Cc1ccccc1)C(=O)N[C@H](CCCCN)C(N)=O,train,train,train,4,4,0.7096774,0.7096774,0.7096774
CC(C)C[C@@H](NC(=O)[C@@H](Cc1ccccc1)NC(=O)[C@H](N)Cc1ccccc1)C(=O)N[C@H](CCCCN)C(=O)NCC(=O)NCCSC1CC(=O)N(c2ccc(CCC(=O)N3CCC3=O)cc2)C1=O,train,train,train,4,4,0.7410714,0.7410714,0.989011
CC(C)C[C@@H](NC(=O)[C@@H](Cc1ccccc1)NC(=O)[C@H](N)Cc1ccccc1)C(=O)N[C@H](CCCCN)C(=O)NCC(=O)NCC(=O)NCC(=O)NCCSC1CC(=O)N(c2ccc(CCC(=O)N3CCC3=O)cc2)C1=O,test,test,train,4,4,0.989011,0.989011,0.989011
CC(C)C[C@@H](NC(=O)[C@@H](Cc1ccccc1)NC(=O)[C@H](N)Cc1ccccc1)C(=O)N[C@H](CCCCN)C(=O)NCC(=O)NCCSC1CC(=O)N(CCC(=O)NCCOCCOCCC(=O)Nc2ccc(CCC(=O)N3CCC3=O)cc2)C1=O,train,train,train,4,4,0.7410714,0.7410714,0.990566
CC(C)C[C@@H](NC(=O)[C@@H](Cc1ccccc1)NC(=O)[C@H](N)Cc1ccccc1)C(=O)N[C@H](CCCCN)C(=O)NCC(=O)NCC(=O)NCC(=O)NCCSC1CC(=O)N(CCC(=O)NCCOCCOCCC(=O)Nc2ccc(CCC(=O)N3CCC3=O)cc2)C1=O,test,test,train,4,4,0.990566,0.990566,0.990566
Oc1cccc(CNc2ccc3c(c2)C[C@@H]2[C@@H]4CCCC[C@]34CCN2CC2CC2)c1,test,test,train,0,0,0.6865672,0.6865672,0.6956522
CN1CC[C@]23CCCC[C@H]2[C@H]1Cc1ccc(NCc2cccc(O)c2)cc13,train,train,test,0,0,0.5797101,0.5797101,0.6865672
Oc1ccc(CNc2ccc3c(c2)[C@@]24CCCC[C@H]2[C@@H](C3)N(CC2CC2)CC4)cc1,test,test,test,0,0,0.7704918,0.7704918,0.9464286
Oc1cccc(CNc2ccc3c(c2)[C@@]24CCCC[C@H]2[C@@H](C3)N(CC2CC2)CC4)c1,test,test,test,0,0,0.7777778,0.7777778,0.8852459
Oc1ccccc1CNc1ccc2c(c1)[C@@]13CCCC[C@H]1[C@@H](C2)N(CC1CC1)CC3,train,train,test,0,0,0.9464286,0.9464286,0.9464286
Oc1ccc(CNc2ccc3c(c2)[C@@]24CCCC[C@H]2[C@@H](C3)N(CC2CCC2)CC4)cc1,test,test,train,0,0,0.7936508,0.7936508,0.7936508
Oc1ccccc1CNc1ccc2c(c1)[C@@]13CCCC[C@H]1[C@@H](C2)N(CC1CCC1)CC3,train,train,train,0,0,0.9464286,0.9464286,0.7741935
O=[N+]([O-])c1cccc(CNc2ccc3c(c2)[C@@]24CCCC[C@H]2[C@@H](C3)N(CC2CCC2)CC4)c1,train,train,train,0,0,0.6805556,0.6805556,0.75714284
c1cc2c(cc1CNc1ccc3c(c1)[C@@]14CCCC[C@H]1[C@@H](C3)N(CC1CC1)CC4)OCO2,train,train,train,0,0,0.9508197,0.9508197,0.9508197
COc1ccc(CNc2ccc3c(c2)[C@@]24CCCC[C@H]2[C@@H](C3)N(CC2CC2)CC4)cc1,test,test,train,0,0,0.9491525,0.9491525,0.9491525
COc1cccc(CNc2ccc3c(c2)[C@@]24CCCC[C@H]2[C@@H](C3)N(CC2CC2)CC4)c1,test,test,train,0,0,0.8,0.8,0.9508197
c1cc2c(cc1CNc1ccc3c(c1)[C@@]14CCCC[C@H]1[C@@H](C3)N(CC1CCC1)CC4)OCO2,train,train,train,0,0,0.9508197,0.9508197,0.9508197
COc1ccc(CNc2ccc3c(c2)[C@@]24CCCC[C@H]2[C@@H](C3)N(CC2CCC2)CC4)cc1,train,train,train,0,0,0.71014494,0.71014494,0.9491525
COc1cccc(CNc2ccc3c(c2)[C@@]24CCCC[C@H]2[C@@H](C3)N(CC2CCC2)CC4)c1,test,test,train,0,0,0.84375,0.84375,0.9508197
CN1CC[C@]23c4c5ccc(O)c4O[C@H]2c2ncc(-c4ccc(Cl)cc4)cc2C[C@@]3(OC(=O)CCc2ccccc2)[C@H]1C5,train,train,train,1,1,0.8815789,0.8815789,0.8815789
CN1CC[C@]23c4c5ccc(O)c4O[C@H]2c2ncc(-c4ccc(Cl)cc4)cc2C[C@@]3(OC(=O)Cc2ccccc2)[C@H]1C5,train,train,train,1,1,0.8815789,0.8815789,0.8815789
O=C(CCc1ccccc1)O[C@@]12Cc3cc(-c4ccc(Cl)cc4)cnc3[C@@H]3Oc4c(O)ccc5c4[C@@]31CCN(CC1CC1)[C@@H]2C5,train,train,train,1,1,0.8192771,0.8192771,0.8888889
O=C(Cc1ccccc1)O[C@@]12Cc3cc(-c4ccc(Cl)cc4)cnc3[C@@H]3Oc4c(O)ccc5c4[C@@]31CCN(CC1CC1)[C@@H]2C5,test,test,train,1,1,0.8888889,0.8888889,0.8888889
CN1CC[C@]23c4c5ccc(O)c4O[C@H]2c2ncc(-c4ccc(Cl)cc4)cc2C[C@@]3(OCc2ccccc2)[C@H]1C5,test,test,train,1,1,0.81578946,0.81578946,0.81578946
CO[C@@]12Cc3cc(-c4ccc(Cl)cc4)cnc3[C@@H]3Oc4c(O)ccc5c4[C@@]31CCN(C)[C@@H]2C5,train,train,train,1,1,0.7837838,0.7837838,0.8055556
Oc1ccc2c3c1O[C@H]1c4ncc(-c5ccc(Cl)cc5)cc4C[C@@]4(OCc5ccccc5)[C@@H](C2)N(CC2CC2)CC[C@]314,train,train,test,1,1,0.79761904,0.79761904,0.8271605
O=C(N[C@@H]1CC[C@@]2(O)[C@H]3Cc4ccc(O)c5c4[C@@]2(CCN3CC2CC2)[C@H]1O5)c1ccncc1,train,train,test,1,1,0.79452056,0.79452056,0.85714287
O=C(CNC(=O)c1ccncc1)N[C@@H]1CC[C@@]2(O)[C@H]3Cc4ccc(O)c5c4[C@@]2(CCN3CC2CC2)[C@H]1O5,test,test,train,1,1,0.85714287,0.85714287,0.7125
Cc1cnccc1C(=O)N[C@@H]1CC[C@@]2(O)[C@H]3Cc4ccc(O)c5c4[C@@]2(CCN3CC2CC2)[C@H]1O5,train,train,train,1,1,0.79452056,0.79452056,0.7125
CCCCCCN(CCc1ccccc1)CCc1cccc(O)c1,train,train,test,4,4,0.9714286,0.9714286,0.7837838
CCCCN(CCc1ccccc1)CCc1cccc(O)c1,train,train,test,4,4,0.9142857,0.9142857,0.82857144
Oc1cccc(CCN(CCc2ccccc2)CC2CCC2)c1,train,train,train,2,2,0.8918919,0.8918919,0.8918919
Oc1cccc(CCN(CCc2ccccc2)CC2CC2)c1,train,train,train,4,4,0.8918919,0.8918919,0.8918919
CCCCCN(CCc1ccccc1)CCc1cccc(O)c1,train,train,test,4,4,0.9714286,0.9714286,0.8055556
CCCN(CCc1ccccc1)CCc1cccc(O)c1,train,train,train,4,4,0.82857144,0.82857144,0.625
Oc1ccc2c3c1O[C@H]1[C@]4(CC[C@@]5(O)[C@@H](C2)N(CC2CC2)CC[C@]315)O[C@@H]1CO[C@@H]2CO[C@H]4N21,train,train,train,1,1,0.5833333,0.5833333,0.5833333
COc1ccc2cc(CCNC(=O)c3ccc4c(c3)C3(C)CCN(CC5CC5)C(C4)C3C)ccc2c1,train,train,train,0,0,0.87142855,0.87142855,0.87142855
COc1ccc(-c2ccc(CCNC(=O)c3ccc4c(c3)C3(C)CCN(CC5CC5)C(C4)C3C)cc2)cc1C,train,train,test,0,0,0.91549295,0.91549295,0.91549295
CC1C2Cc3ccc(C(=O)NCCc4ccc(-c5ccc6c(c5)OCO6)cc4)cc3C1(C)CCN2CC1CC1,train,train,test,0,0,0.79452056,0.79452056,0.79452056
COc1ccc(-c2ccc(CCNC(=O)c3ccc4c(c3)C3(C)CCN(CC5CC5)C(C4)C3C)cc2)cc1OC,train,train,train,0,0,0.91549295,0.91549295,0.8472222
CC1C2Cc3ccc(C(=O)NCCc4ccc(-c5ccccc5O)cc4)cc3C1(C)CCN2CC1CC1,train,train,train,0,0,0.82857144,0.82857144,0.82857144
C[C@H]1[C@H]2Cc3ccc(C(=O)NCCc4ccc(-c5ccc(O)cc5)cc4)cc3[C@]1(C)CCN2CC1CC1,train,train,train,0,0,0.86567163,0.86567163,0.86567163
CC(C)Oc1ccc(-c2ccc(CCNC(=O)c3ccc4c(c3)C3(C)CCN(CC5CC5)C(C4)C3C)cc2)cc1,train,train,train,0,0,0.8472222,0.8472222,0.8472222
COc1cccc(-c2ccc(CCNC(=O)c3ccc4c(c3)C3(C)CCN(CC5CC5)C(C4)C3C)cc2)c1,train,train,train,0,0,0.875,0.875,0.875
Cc1cc(O)cc(C)c1C[C@H](N)C(=O)N[C@@H]1CCNc2ccc(CC3Cc4ccccc4C3)cc21,train,train,train,4,4,0.8153846,0.8153846,0.8153846
Cc1cc(O)cc(C)c1C[C@H](N)C(=O)N[C@@H]1CCNc2ccc(Cc3ccccc3)cc21,test,test,train,4,4,0.8666667,0.8666667,0.8666667
CO[C@]12C=C[C@@]3(C[C@@H]1[C@](C)(O)CCC(C)C)[C@H]1Cc4ccc(O)c5c4[C@@]3(CCN1CC1CC1)[C@H]2O5,train,train,test,1,1,0.7631579,0.7631579,0.7631579
CO[C@]12CC[C@@]3(C[C@@H]1[C@H](O)C1CCCCC1)[C@H]1Cc4ccc(O)c5c4[C@@]3(CCN1CC1CC1)[C@H]2O5,train,train,train,1,1,0.7702703,0.7702703,0.7702703
CO[C@]12CC[C@@]3(C[C@@H]1[C@H](O)CCC(C)C)[C@H]1Cc4ccc(O)c5c4[C@@]3(CCN1CC1CC1)[C@H]2O5,train,train,train,1,1,0.7702703,0.7702703,0.7702703
CO[C@]12CC[C@@]3(C[C@@H]1[C@](C)(O)CCc1ccccc1)[C@H]1Cc4ccc(O)c5c4[C@@]3(CCN1CC1CC1)[C@H]2O5,train,train,train,1,1,0.8888889,0.8888889,0.8888889
CO[C@]12CC[C@@]3(C[C@@H]1[C@](C)(O)Cc1ccccc1)[C@H]1Cc4ccc(O)c5c4[C@@]3(CCN1CC1CC1)[C@H]2O5,train,train,train,1,1,0.8888889,0.8888889,0.8888889
CO[C@]12CC[C@@]3(C[C@@H]1[C@](C)(O)C1CCCCC1)[C@H]1Cc4ccc(O)c5c4[C@@]3(CCN1CC1CC1)[C@H]2O5,test,test,train,1,1,0.82191783,0.82191783,0.82191783
CO[C@]12CC[C@@]3(C[C@@H]1[C@](C)(O)CCC1CCCC1)[C@H]1Cc4ccc(O)c5c4[C@@]3(CCN1CC1CC1)[C@H]2O5,train,train,train,1,1,0.9,0.9,0.9
CO[C@]12CC[C@@]3(C[C@@H]1[C@](C)(O)CC1CCCC1)[C@H]1Cc4ccc(O)c5c4[C@@]3(CCN1CC1CC1)[C@H]2O5,train,train,train,1,1,0.9,0.9,0.9
C[C@H]1C2Cc3ccc(C(=O)NCCc4ccc(-c5ccccc5)cn4)cc3[C@@]1(C)CCN2CC1CC1,test,test,test,0,0,0.76,0.76,0.76
C[C@H]1C2Cc3ccc(C(=O)NCCc4ccc(-c5ccccc5)nc4)cc3[C@@]1(C)CCN2CC1CC1,train,train,train,0,0,0.7733333,0.7733333,0.81578946
C[C@H]1C2Cc3ccc(C(=O)NCCc4ccc(-c5ccccn5)cc4)cc3[C@@]1(C)CCN2CC1CC1,test,test,train,0,0,0.81578946,0.81578946,0.81578946
C[C@H]1C2Cc3ccc(C(=O)NCCc4ccc(-c5cccnc5)cc4)cc3[C@@]1(C)CCN2CC1CC1,train,train,train,0,0,0.8472222,0.8472222,0.8472222
C[C@H]1C2Cc3ccc(C(=O)NCCc4ccc(-c5ccncc5)cc4)cc3[C@@]1(C)CCN2CC1CC1,train,train,train,0,0,0.85294116,0.85294116,0.85294116
COC(=O)CCC(=O)O[C@H]1C[C@@H](C(=O)OC)[C@]2(C)CC[C@H]3C(=O)O[C@H](c4ccoc4)C[C@]3(C)[C@H]2C1=O,train,train,train,3,3,0.8955224,0.8955224,0.8955224
COC(=O)CC(=O)O[C@H]1C[C@@H](C(=O)OC)[C@]2(C)CC[C@H]3C(=O)O[C@H](c4ccoc4)C[C@]3(C)[C@H]2C1=O,train,train,train,3,3,0.8939394,0.8939394,0.8939394
COC(=O)/C=C/C(=O)O[C@H]1C[C@@H](C(=O)OC)[C@]2(C)CC[C@H]3C(=O)O[C@H](c4ccoc4)C[C@]3(C)[C@H]2C1=O,train,train,train,3,3,0.90909094,0.90909094,0.90909094
CCOC(=O)CC(=O)O[C@H]1C[C@@H](C(=O)OC)[C@]2(C)CC[C@H]3C(=O)O[C@H](c4ccoc4)C[C@]3(C)[C@H]2C1=O,train,train,train,3,3,0.88235295,0.88235295,0.88235295
CC(C1CCCCC1)N1CCC(N2C(=O)Cc3ccccc32)CC1,train,train,train,2,2,0.68085104,0.68085104,0.68085104
CC(c1ccccc1)N1CCC(N2C(=O)Cc3ccccc32)CC1,train,train,train,2,2,0.68085104,0.68085104,0.68085104
O=C1Cc2ccccc2N1C1CCN(C2CCCCCCC2)CC1,train,train,train,2,2,0.65217394,0.65217394,0.65217394
COc1ccc2c3c1O[C@H]1[C@@H](O)[C@H](OC)C[C@H]4[C@@H](C2)N(C)CC[C@]314,train,train,test,1,1,0.7368421,0.7368421,0.8333333
COc1ccc2c3c1O[C@H]1[C@@H](OC)[C@H](C)C[C@H]4[C@@H](C2)N(C)CC[C@]314,train,train,train,1,1,0.7368421,0.7368421,0.8113208
COc1ccc2c3c1O[C@H]1[C@@H](O)[C@H](C)C[C@H]4[C@@H](C2)N(C)CC[C@]314,test,test,train,1,1,0.8333333,0.8333333,0.8113208
COc1ccc2c3c1O[C@H]1C(=O)CC[C@@]4(O)[C@@H](C2)N(C)CC[C@]314,train,train,test,1,1,0.63013697,0.63013697,0.63013697
COc1cc(C)c2c3c1O[C@H]1[C@H](F)[C@H](C)C[C@H]4[C@@H](C2)N(C)CC[C@@]341,train,train,test,1,1,0.546875,0.546875,0.546875
C[C@@H]1C[C@H]2[C@H]3Cc4ccc(O)c5c4[C@@]2(CCN3C)[C@@H](O5)[C@H]1O,train,train,train,1,1,0.67241377,0.67241377,0.8076923
COc1ccsc1CNCC[C@@]1(c2ccccn2)CCOC2(CCCC2)C1,test,test,train,2,2,0.704918,0.704918,0.704918
c1ccc([C@]2(CCNCc3cccs3)CCOC3(CCCC3)C2)nc1,train,train,train,2,2,0.34210527,0.34210527,0.704918
Oc1cccc2c1O[C@H]1CCC[C@H]3CN(CC4CC4)CC[C@]213,train,train,train,1,1,0.33333334,0.33333334,0.33333334
CNc1nc2c(s1)C[C@H]1[C@H]3Cc4ccc(OC)cc4[C@@]1(CCN3CC1CC1)C2,train,train,train,0,0,0.82608694,0.82608694,0.82608694
COc1ccc2c(c1)[C@]13CCN(CC4CC4)[C@H](C2)[C@@H]1Cc1sc(NC(C)=O)nc1C3,train,train,train,0,0,0.82608694,0.82608694,0.82608694
CC(=O)Nc1nc2c(s1)C[C@H]1[C@H]3Cc4ccc(O)cc4[C@@]1(CCN3CC1CC1)C2,train,train,test,0,0,0.8142857,0.8142857,0.8142857
COc1ccc2c(c1)[C@]13CCN(CC4CC4)[C@H](C2)[C@@H]1Cc1sc(N)nc1C3,train,train,train,0,0,0.7910448,0.7910448,0.7910448
Cc1cc(O)cc(C)c1C[C@H](N)C(=O)N1CCN(CCCCCc2ccccc2)CC1,train,train,train,4,4,0.47142857,0.47142857,0.6896552
Cc1cc(O)cc(C)c1C[C@H](N)C(=O)N1CCN(C/C=C/Cc2ccccc2)CC1,test,test,train,4,4,0.6896552,0.6896552,0.6896552
C=CCN1CC[C@@]23c4c5ccc(O)c4OCO[C@]46CC[C@@]2(O[C@H](C(=O)N4Cc2ccccc2)[C@H]63)[C@H]1C5,test,test,train,1,1,0.81578946,0.81578946,0.4698795
O=C1[C@H]2O[C@@]34CC[C@@]5(OCOc6c(O)ccc7c6[C@@]3(CCN(CC3CC3)[C@@H]4C7)[C@H]25)N1c1ccccc1,train,train,test,1,1,0.7692308,0.7692308,0.63095236
O=C1[C@H]2O[C@@]34CC[C@@]5(OCOc6c(O)ccc7c6[C@@]3(CCN(CC3CC3)[C@@H]4C7)[C@H]25)N1CCc1ccccc1,train,train,test,1,1,0.8051948,0.8051948,0.6987952
C=CCN1C[C@H](C)N([C@H](c2ccc(C(=O)N(CC)CC)cc2)c2cccc(OC)c2)C[C@H]1C,train,train,train,2,2,0.29,0.29,0.29
O=C1[C@H]2O[C@@]34CC[C@@]5(OCOc6c(O)ccc7c6[C@@]3(CCN(CCc3ccccc3)[C@@H]4C7)[C@H]25)N1Cc1ccccc1,train,train,test,1,1,0.8051948,0.8051948,0.81578946
CCC1C(=O)N(C2CCN(C3CCc4ccccc4C3)CC2)c2ccccc21,train,train,test,2,2,0.4107143,0.4107143,0.4107143
CO[C@]12C=C[C@@]3(C[C@@H]1[C@H](O)c1ccccc1)[C@H]1Cc4ccc(O)c5c4[C@@]3(CCN1CC1CC1)[C@H]2O5,train,train,train,1,1,0.6962025,0.6962025,0.6962025
CC[C@](O)([C@H]1C[C@@]23CC[C@]1(OC)[C@@H]1Oc4c(O)ccc5c4[C@@]12CCN(CC1CC1)[C@@H]3C5)C(C)(C)C,train,train,train,1,1,0.8428571,0.8428571,0.8428571
CC[C@@](O)(c1ccccc1)[C@H]1C[C@@]23C=C[C@]1(OC)[C@@H]1Oc4c(O)ccc5c4[C@@]12CCN(CC1CC1)[C@@H]3C5,train,train,train,1,1,0.7866667,0.7866667,0.7866667
CC[C@](O)([C@H]1C[C@@]23C=C[C@]1(OC)[C@@H]1Oc4c(O)ccc5c4[C@@]12CCN(CC1CC1)[C@@H]3C5)C(C)(C)C,train,train,train,1,1,0.7866667,0.7866667,0.7866667
CC[C@@](O)(c1ccccc1)[C@H]1C[C@@]23CC[C@]1(OC)[C@@H]1Oc4c(O)ccc5c4[C@@]12CCN(CC1CC1)[C@@H]3C5,train,train,train,1,1,0.80263156,0.80263156,0.80263156
Oc1ccc2c(c1)[C@]13CCN(CC4CC4)C[C@@]1(C2)Cc1cc2ccccc2nc1C3,test,test,train,0,0,0.5970149,0.5970149,0.5970149
CCOC(=O)Cc1c2c(n(Cc3ccccc3)c1O)[C@@H]1Oc3c(O)ccc4c3[C@@]13CCN(C)[C@H](C4)[C@]3(O)C2,train,train,train,1,1,0.65,0.65,0.5925926
COC(=O)[C@@H]1C[C@H](OC(C)=O)C(=O)[C@H]2[C@@]1(C)CC[C@H]1C(=O)O[C@H](CC3=CC(=O)C=CC3=O)C[C@]21C,test,test,test,3,3,0.72727275,0.72727275,0.7164179
O=C(Cc1ccc(Cl)c(Cl)c1)N1CCN(Cc2ccccc2)C2CCCC(N3CCC(O)C3)C21,train,train,train,2,2,0.84126985,0.84126985,0.7741935
O=C(Cc1ccc(Cl)c(Cl)c1)N1CCNC2CCCC(N3CCC(O)C3)C21,train,train,train,2,2,0.704918,0.704918,0.704918
CN1CCN(C(=O)Cc2ccc(Cl)c(Cl)c2)C2C1CCCC2N1CCC(O)C1,train,train,train,2,2,0.76666665,0.76666665,0.76666665
CCCCN1CCN(C(=O)Cc2ccc(Cl)c(Cl)c2)C2C(N3CCCC3)CCCC21,train,train,train,2,2,0.8888889,0.8888889,0.8888889
COc1ccc(CN2CCN(C(=O)Cc3ccc(Cl)c(Cl)c3)C3C(N4CCCC4)CCCC32)cc1,train,train,test,2,2,0.76666665,0.76666665,0.76666665
O=C(Cc1ccc(Cl)c(Cl)c1)N1CCN(Cc2ccccn2)C2CCCC(N3CCCC3)C21,train,train,train,2,2,0.72307694,0.72307694,0.72307694
O=C(Cc1ccc(Cl)c(Cl)c1)N1CCN(Cc2cnc[nH]2)C2CCCC(N3CCCC3)C21,train,train,train,2,2,0.7121212,0.7121212,0.7121212
O=C(c1ccccc1)N1CCN(C(=O)Cc2ccc(Cl)c(Cl)c2)C2C(N3CCCC3)CCCC21,train,train,train,2,2,0.8103448,0.8103448,0.8103448
O=C(c1ccccc1)N1CCN(C(=O)Cc2ccc(Cl)c(Cl)c2)C2C(N3CCC(O)C3)CCCC21,train,train,train,2,2,0.8103448,0.8103448,0.8103448
CC(=O)N1CCN(C(=O)Cc2ccc(Cl)c(Cl)c2)C2C(N3CCCC3)CCCC21,train,train,test,2,2,0.8235294,0.8235294,0.8235294
CCC(=O)N1CCN(C(=O)Cc2ccc(Cl)c(Cl)c2)C2C(N3CCCC3)CCCC21,train,train,train,2,2,0.8235294,0.8235294,0.7962963
CCOC(=O)N1CCN(C(=O)Cc2ccc(Cl)c(Cl)c2)C2C(N3CCCC3)CCCC21,train,train,train,2,2,0.7962963,0.7962963,0.7962963
COC(=O)CC(=O)N1CCN(C(=O)Cc2ccc(Cl)c(Cl)c2)C2C(N3CCCC3)CCCC21,train,train,train,2,2,0.8214286,0.8214286,0.8214286
COC(=O)CC(=O)N1CCN(C(=O)Cc2ccc(Cl)c(Cl)c2)C2C(N3CCC(O)C3)CCCC21,train,train,train,2,2,0.8103448,0.8103448,0.8103448
COC(=O)[C@@H]1C[C@H](OC(C)=O)C(=O)[C@H]2[C@@]1(C)CC[C@H]1C(=O)O[C@H](c3ccoc3-c3ccccc3)C[C@]21C,train,train,train,3,3,0.88235295,0.88235295,0.8695652
COC(=O)[C@@H]1C[C@H](OC(C)=O)C(=O)[C@H]2[C@@]1(C)CC[C@H]1C(=O)O[C@H](c3ccoc3-c3ccccc3C(F)(F)F)C[C@]21C,train,train,test,3,3,0.8181818,0.8181818,0.84210527
COC(=O)[C@@H]1C[C@H](OC(C)=O)C(=O)[C@H]2[C@@]1(C)CC[C@H]1C(=O)O[C@H](c3ccoc3-c3cccc(C(F)(F)F)c3)C[C@]21C,train,train,train,3,3,0.8552632,0.8552632,0.8552632
COC(=O)[C@@H]1C[C@H](OC(C)=O)C(=O)[C@H]2[C@@]1(C)CC[C@H]1C(=O)O[C@H](c3ccoc3-c3ccc(C(F)(F)F)cc3)C[C@]21C,train,train,train,3,3,0.8611111,0.8611111,0.8611111
COC(=O)[C@@H]1C[C@H](OC(C)=O)C(=O)[C@H]2[C@@]1(C)CC[C@H]1C(=O)O[C@H](c3ccoc3-c3ccccc3F)C[C@]21C,test,test,train,3,3,0.8630137,0.8630137,0.8630137
COC(=O)[C@@H]1C[C@H](OC(C)=O)C(=O)[C@H]2[C@@]1(C)CC[C@H]1C(=O)O[C@H](c3ccoc3-c3cccc(F)c3)C[C@]21C,train,train,train,3,3,0.85915494,0.85915494,0.8630137
COC(=O)[C@@H]1C[C@H](OC(C)=O)C(=O)[C@H]2[C@@]1(C)CC[C@H]1C(=O)O[C@H](c3ccoc3-c3ccc(F)cc3)C[C@]21C,train,train,train,3,3,0.89705884,0.89705884,0.87142855
COC(=O)[C@@H]1C[C@H](OC(C)=O)C(=O)[C@H]2[C@@]1(C)CC[C@H]1C(=O)O[C@H](c3ccoc3-c3ccccc3[N+](=O)[O-])C[C@]21C,train,train,train,3,3,0.8076923,0.8076923,0.8076923
COC(=O)[C@@H]1C[C@H](OC(C)=O)C(=O)[C@H]2[C@@]1(C)CC[C@H]1C(=O)O[C@H](c3ccoc3-c3cccc([N+](=O)[O-])c3)C[C@]21C,train,train,train,3,3,0.8552632,0.8552632,0.8552632
COC(=O)[C@@H]1C[C@H](OC(C)=O)C(=O)[C@H]2[C@@]1(C)CC[C@H]1C(=O)O[C@H](c3ccoc3-c3ccc([N+](=O)[O-])cc3)C[C@]21C,train,train,train,3,3,0.8552632,0.8552632,0.8552632
COC(=O)[C@@H]1C[C@H](OC(C)=O)C(=O)[C@H]2[C@@]1(C)CC[C@H]1C(=O)O[C@H](c3ccoc3-c3ccccc3C)C[C@]21C,train,train,test,3,3,0.8630137,0.8630137,0.8630137
COC(=O)[C@@H]1C[C@H](OC(C)=O)C(=O)[C@H]2[C@@]1(C)CC[C@H]1C(=O)O[C@H](c3ccoc3-c3cccc(C)c3)C[C@]21C,test,test,train,3,3,0.8630137,0.8630137,0.8630137
COC(=O)[C@@H]1C[C@H](OC(C)=O)C(=O)[C@H]2[C@@]1(C)CC[C@H]1C(=O)O[C@H](c3ccoc3-c3ccc(C)cc3)C[C@]21C,train,train,test,3,3,0.89705884,0.89705884,0.89705884
COC(=O)[C@@H]1C[C@H](OC(C)=O)C(=O)[C@H]2[C@@]1(C)CC[C@H]1C(=O)O[C@H](c3ccoc3-c3ccccc3OC)C[C@]21C,train,train,train,3,3,0.8630137,0.8630137,0.8630137
COC(=O)[C@@H]1C[C@H](OC(C)=O)C(=O)[C@H]2[C@@]1(C)CC[C@H]1C(=O)O[C@H](c3ccoc3-c3cccc(OC)c3)C[C@]21C,train,train,train,3,3,0.8513514,0.8513514,0.8513514
COC(=O)[C@@H]1C[C@H](OC(C)=O)C(=O)[C@H]2[C@@]1(C)CC[C@H]1C(=O)O[C@H](c3ccoc3-c3ccc(OC)cc3)C[C@]21C,train,train,train,3,3,0.884058,0.884058,0.87142855
COC(=O)[C@@H]1C[C@H](OC(C)=O)C(=O)[C@H]2[C@@]1(C)CC[C@H]1C(=O)O[C@H](c3ccoc3-c3cccc4ccccc34)C[C@]21C,train,train,train,3,3,0.82894737,0.82894737,0.82894737
COC(=O)[C@@H]1C[C@H](OC(C)=O)C(=O)[C@H]2[C@@]1(C)CC[C@H]1C(=O)O[C@H](c3ccoc3-c3ccc4ccccc4c3)C[C@]21C,train,train,train,3,3,0.84931505,0.84931505,0.84931505
COC(=O)[C@@H]1C[C@H](OC(C)=O)C(=O)[C@H]2[C@@]1(C)CC[C@H]1C(=O)O[C@H](c3ccoc3-c3ccco3)C[C@]21C,train,train,train,3,3,0.8309859,0.8309859,0.8309859
COC(=O)[C@@H]1C[C@H](OC(C)=O)C(=O)[C@H]2[C@@]1(C)CC[C@H]1C(=O)O[C@H](c3ccoc3-c3ccoc3)C[C@]21C,train,train,test,3,3,0.8309859,0.8309859,0.8309859
COC(=O)[C@@H]1C[C@H](OC(C)=O)C(=O)[C@H]2[C@@]1(C)CC[C@H]1C(=O)O[C@H](c3ccoc3-c3ccsc3)C[C@]21C,test,test,train,3,3,0.8194444,0.8194444,0.8194444
COC(=O)[C@@H]1C[C@H](OC(C)=O)C(=O)[C@H]2[C@@]1(C)CC[C@H]1C(=O)O[C@H](c3ccoc3C)C[C@]21C,train,train,train,3,3,0.8235294,0.8235294,0.8208955
COC(=O)[C@@H]1C[C@H](OC(C)=O)C(=O)[C@H]2[C@@]1(C)CC[C@H]1C(=O)O[C@H](c3ccoc3C3CC3)C[C@]21C,test,test,train,3,3,0.8208955,0.8208955,0.8208955
COC(=O)[C@@H]1C[C@H](OC(C)=O)C(=O)[C@H]2[C@@]1(C)CC[C@H]1C(=O)O[C@H](c3ccoc3/C=C/c3ccccc3)C[C@]21C,test,test,train,3,3,0.8055556,0.8055556,0.8055556
COC(=O)[C@@H]1C[C@H](OC(C)=O)C(=O)[C@H]2[C@@]1(C)CC[C@H]1C(=O)O[C@H](c3ccoc3CCc3ccccc3)C[C@]21C,train,train,test,3,3,0.8194444,0.8194444,0.8194444
CC#Cc1occc1[C@@H]1C[C@]2(C)[C@H]3C(=O)[C@@H](OC(C)=O)C[C@@H](C(=O)OC)[C@]3(C)CC[C@H]2C(=O)O1,train,train,train,3,3,0.8472222,0.8472222,0.8472222
COC(=O)[C@@H]1C[C@H](OC(C)=O)C(=O)[C@H]2[C@@]1(C)CC[C@H]1C(=O)O[C@H](c3ccoc3C#Cc3ccccc3)C[C@]21C,train,train,train,3,3,0.8666667,0.8666667,0.8666667
COC(=O)[C@@H]1C[C@H](OC(C)=O)C(=O)[C@H]2[C@@]1(C)CC[C@H]1C(=O)O[C@H](c3ccoc3C#Cc3ccccc3OC)C[C@]21C,train,train,train,3,3,0.8666667,0.8666667,0.8666667
COC(=O)[C@@H]1C[C@H](OC(C)=O)C(=O)[C@H]2[C@@]1(C)CC[C@H]1C(=O)O[C@H](c3ccoc3C#Cc3ccccc3C(F)(F)F)C[C@]21C,train,train,train,3,3,0.8375,0.8375,0.8375
CCCC#Cc1occc1[C@@H]1C[C@]2(C)[C@H]3C(=O)[C@@H](OC(C)=O)C[C@@H](C(=O)OC)[C@]3(C)CC[C@H]2C(=O)O1,train,train,train,3,3,0.9054054,0.9054054,0.9054054
COC(=O)[C@@H]1C[C@H](OC(C)=O)C(=O)[C@H]2[C@@]1(C)CC[C@H]1C(=O)O[C@H](c3ccoc3C#CCCCO)C[C@]21C,train,train,train,3,3,0.9054054,0.9054054,0.9054054
C#Cc1occc1[C@@H]1C[C@]2(C)[C@H]3C(=O)[C@@H](OC(C)=O)C[C@@H](C(=O)OC)[C@]3(C)CC[C@H]2C(=O)O1,train,train,train,3,3,0.85507244,0.85507244,0.85507244
CCc1occc1[C@@H]1C[C@]2(C)[C@H]3C(=O)[C@@H](OC(C)=O)C[C@@H](C(=O)OC)[C@]3(C)CC[C@H]2C(=O)O1,test,test,test,3,3,0.880597,0.880597,0.880597
COC(=O)[C@@H]1C[C@H](OC(C)=O)C(=O)[C@H]2[C@@]1(C)CC[C@H]1C(=O)O[C@H](c3ccoc3-c3ccccc3N)C[C@]21C,train,train,train,3,3,0.8630137,0.8630137,0.8630137
COC(=O)[C@@H]1C[C@H](OC(C)=O)C(=O)[C@H]2[C@@]1(C)CC[C@H]1C(=O)O[C@H](c3ccoc3-c3cccc(N)c3)C[C@]21C,train,train,train,3,3,0.8513514,0.8513514,0.8513514
COC(=O)[C@@H]1C[C@H](OC(C)=O)C(=O)[C@H]2[C@@]1(C)CC[C@H]1C(=O)O[C@H](c3ccoc3-c3ccc(N)cc3)C[C@]21C,train,train,train,3,3,0.884058,0.884058,0.87142855
COC(=O)[C@@H]1C[C@H](OC(C)=O)C(=O)[C@H]2[C@@]1(C)CC[C@H]1C(=O)O[C@H](c3cc(Br)oc3Br)C[C@]21C,train,train,train,3,3,0.7536232,0.7536232,0.7536232
COC(=O)[C@@H]1C[C@H](OC(C)=O)C(=O)[C@H]2[C@@]1(C)CC[C@H]1C(=O)O[C@H](c3cc(C)oc3C)C[C@]21C,train,train,train,3,3,0.7647059,0.7647059,0.7647059
COC(=O)[C@@H]1C[C@H](OC(C)=O)C(=O)[C@H]2[C@@]1(C)CC[C@H]1C(=O)O[C@H](c3coc(C(F)(F)F)c3)C[C@]21C,train,train,train,3,3,0.7083333,0.7083333,0.7083333
COC(=O)[C@@H]1C[C@H](OC(C)=O)C(=O)[C@H]2[C@@]1(C)CC[C@H]1C(=O)O[C@H](c3ccoc3C(F)(F)F)C[C@]21C,test,test,test,3,3,0.7972973,0.7972973,0.7972973
COC(=O)[C@@H]1C[C@H](OC(C)=O)C(=O)[C@H]2[C@@]1(C)CC[C@H]1C(=O)O[C@H](c3ccoc3CO)C[C@]21C,train,train,train,3,3,0.8194444,0.8194444,0.8088235
COC(=O)[C@@H]1C[C@H](OC(C)=O)C(=O)[C@H]2[C@@]1(C)CC[C@H]1C(=O)O[C@H](c3ccoc3C=O)C[C@]21C,train,train,train,3,3,0.86567163,0.86567163,0.86567163
COC(=O)[C@@H]1C[C@H](OC(C)=O)C(=O)[C@H]2[C@@]1(C)CC[C@H]1C(=O)O[C@H](c3ccoc3C#N)C[C@]21C,train,train,train,3,3,0.85507244,0.85507244,0.85507244
C[C@@]1(c2ccccc2O)O[C@@H]2N3[C@H](CO[C@H]31)O[C@]2(C)c1ccccc1O,train,train,train,1,1,0.29333332,0.29333332,0.29333332
C=CC(=O)O[C@H]1C[C@@H](C(=O)OC)[C@]2(C)CC[C@H]3C(=O)O[C@H](c4ccoc4)C[C@]3(C)[C@H]2C1=O,train,train,train,3,3,0.86567163,0.86567163,0.86567163
COC(=O)[C@@H]1C[C@H](OC(=O)C=C(C)C)C(=O)[C@H]2[C@@]1(C)CC[C@H]1C(=O)O[C@H](c3ccoc3)C[C@]21C,train,train,test,3,3,0.85294116,0.85294116,0.85294116
C=C(C)CC(=O)O[C@H]1C[C@@H](C(=O)OC)[C@]2(C)CC[C@H]3C(=O)O[C@H](c4ccoc4)C[C@]3(C)[C@H]2C1=O,train,train,train,3,3,0.86764705,0.86764705,0.86764705
C/C=C/C(=O)O[C@H]1C[C@@H](C(=O)OC)[C@]2(C)CC[C@H]3C(=O)O[C@H](c4ccoc4)C[C@]3(C)[C@H]2C1=O,train,train,train,3,3,0.90909094,0.90909094,0.90909094
C=CCC(=O)O[C@H]1C[C@@H](C(=O)OC)[C@]2(C)CC[C@H]3C(=O)O[C@H](c4ccoc4)C[C@]3(C)[C@H]2C1=O,train,train,test,3,3,0.8405797,0.8405797,0.8405797
C/C=C(\C)C(=O)O[C@H]1C[C@@H](C(=O)OC)[C@]2(C)CC[C@H]3C(=O)O[C@H](c4ccoc4)C[C@]3(C)[C@H]2C1=O,test,test,train,3,3,0.8484849,0.8484849,0.8484849
C=CC(C)C(=O)O[C@H]1C[C@@H](C(=O)OC)[C@]2(C)CC[C@H]3C(=O)O[C@H](c4ccoc4)C[C@]3(C)[C@H]2C1=O,train,train,test,3,3,0.8082192,0.8082192,0.8082192
COC(=O)[C@@H]1C[C@H](OC(=O)/C=C/c2ccccc2)C(=O)[C@H]2[C@@]1(C)CC[C@H]1C(=O)O[C@H](c3ccoc3)C[C@]21C,train,train,train,3,3,0.8450704,0.8450704,0.8783784
COC(=O)[C@@H]1C[C@H](OC(=O)/C=C/c2ccccc2OC)C(=O)[C@H]2[C@@]1(C)CC[C@H]1C(=O)O[C@H](c3ccoc3)C[C@]21C,test,test,train,3,3,0.84810126,0.84810126,0.84810126
COC(=O)[C@@H]1C[C@H](OC(=O)/C=C/c2ccc(OC)cc2)C(=O)[C@H]2[C@@]1(C)CC[C@H]1C(=O)O[C@H](c3ccoc3)C[C@]21C,test,test,train,3,3,0.8783784,0.8783784,0.8783784
COC(=O)[C@@H]1C[C@H](OC(=O)/C=C/c2cc(OC)ccc2OC)C(=O)[C@H]2[C@@]1(C)CC[C@H]1C(=O)O[C@H](c3ccoc3)C[C@]21C,train,train,train,3,3,0.8974359,0.8974359,0.8974359
COC(=O)[C@@H]1C[C@H](OC(=O)/C=C/c2ccc(OC)cc2OC)C(=O)[C@H]2[C@@]1(C)CC[C@H]1C(=O)O[C@H](c3ccoc3)C[C@]21C,train,train,train,3,3,0.8974359,0.8974359,0.8974359
COC(=O)[C@@H]1C[C@H](OC(=O)/C=C/c2cc(OC)c(OC)c(OC)c2)C(=O)[C@H]2[C@@]1(C)CC[C@H]1C(=O)O[C@H](c3ccoc3)C[C@]21C,train,train,train,3,3,0.82051283,0.82051283,0.8333333
COC(=O)[C@@H]1C[C@H](OC(=O)/C=C/c2ccc3c(c2)OCO3)C(=O)[C@H]2[C@@]1(C)CC[C@H]1C(=O)O[C@H](c3ccoc3)C[C@]21C,train,train,test,3,3,0.79012346,0.79012346,0.80246913
COC(=O)[C@@H]1C[C@H](OC(=O)/C=C/c2ccccc2[N+](=O)[O-])C(=O)[C@H]2[C@@]1(C)CC[C@H]1C(=O)O[C@H](c3ccoc3)C[C@]21C,train,train,train,3,3,0.80246913,0.80246913,0.81707317
COC(=O)[C@@H]1C[C@H](OC(=O)/C=C/c2ccc([N+](=O)[O-])cc2)C(=O)[C@H]2[C@@]1(C)CC[C@H]1C(=O)O[C@H](c3ccoc3)C[C@]21C,train,train,test,3,3,0.8333333,0.8333333,0.84615386
COC(=O)[C@@H]1C[C@H](OC(=O)/C=C/c2ccccc2C(F)(F)F)C(=O)[C@H]2[C@@]1(C)CC[C@H]1C(=O)O[C@H](c3ccoc3)C[C@]21C,train,train,train,3,3,0.8452381,0.8452381,0.8452381
COC(=O)[C@@H]1C[C@H](OC(=O)/C=C/c2ccc(C(F)(F)F)cc2)C(=O)[C@H]2[C@@]1(C)CC[C@H]1C(=O)O[C@H](c3ccoc3)C[C@]21C,train,train,test,3,3,0.8333333,0.8333333,0.84615386
COC(=O)[C@@H]1C[C@H](OC(=O)/C=C/c2cc(C(F)(F)F)ccc2C(F)(F)F)C(=O)[C@H]2[C@@]1(C)CC[C@H]1C(=O)O[C@H](c3ccoc3)C[C@]21C,train,train,train,3,3,0.8452381,0.8452381,0.8452381
COC(=O)[C@@H]1C[C@H](OC(=O)/C=C/c2cccnc2)C(=O)[C@H]2[C@@]1(C)CC[C@H]1C(=O)O[C@H](c3ccoc3)C[C@]21C,test,test,train,3,3,0.84615386,0.84615386,0.84615386
COC(=O)[C@@H]1C[C@H](OC(=O)/C=C/c2ccsc2)C(=O)[C@H]2[C@@]1(C)CC[C@H]1C(=O)O[C@H](c3ccoc3)C[C@]21C,train,train,train,3,3,0.82051283,0.82051283,0.82051283
O=C(NCc1ccccc1)C1=N[C@@]23CC[C@]1(O)C1Oc4c(O)ccc5c4C12CCN(CC1CC1)C3C5,test,test,train,1,1,0.8630137,0.8630137,0.8630137
O=C(NCCc1ccccc1)C1=N[C@@]23CC[C@]1(O)C1Oc4c(O)ccc5c4C12CCN(CC1CC1)C3C5,train,train,train,1,1,0.5,0.5,0.8630137
CS(=O)(=O)c1c[nH]c(C(=O)Nc2nc3cccnc3n2CCN2CCCC2)c1,train,train,train,2,2,0.7777778,0.7777778,0.7777778
O=C(Nc1nc2cccnc2n1CCN1CCCC1)c1ccc(Cl)cc1,train,train,train,2,2,0.63076925,0.63076925,0.63076925
O=C(Nc1nc2ccccc2n1CCN1CC[C@H](O)C1)c1ccc(Cl)cc1,test,test,train,2,2,0.61290324,0.61290324,0.61290324
O=C(Nc1nc2ccccc2n1CCN1CCCC1)c1cc2ccccc2[nH]1,train,train,train,2,2,0.7017544,0.7017544,0.7017544
CS(=O)(=O)c1c[nH]c(C(=O)Nc2nc3ccccc3n2CCN2CCCC2)c1,train,train,train,2,2,0.7777778,0.7777778,0.7777778
CSc1c[nH]c(C(=O)Nc2nc3ccccc3n2CCN2CCCC2)c1,train,train,train,2,2,0.73015875,0.73015875,0.73015875
Cn1cccc1C(=O)Nc1nc2ccccc2n1CCN1CCCC1,train,train,train,2,2,0.6909091,0.6909091,0.6909091
O=C(Nc1nc2ccccc2n1CCN1CCCC1)c1ccn[nH]1,train,train,train,2,2,0.72727275,0.72727275,0.72727275
O=C(Nc1nc2ccccc2n1CCN1CCCC1)c1ccc[nH]1,train,train,train,2,2,0.72727275,0.72727275,0.72727275
O=C(Nc1nc2ccccc2n1CCN1CCCC1)c1nc2ccccc2s1,test,test,test,2,2,0.71929824,0.71929824,0.71929824
O=C(Nc1nc2ccccc2n1CCN1CCCC1)c1cc2ccccc2s1,train,train,train,2,2,0.6393443,0.6393443,0.7017544
CC(=O)c1ccc(C(=O)Nc2nc3ccccc3n2CCN2CCCC2)s1,test,test,test,2,2,0.72727275,0.72727275,0.72727275
O=C(Nc1nc2ccccc2n1CCN1CCCC1)c1cccs1,test,test,train,2,2,0.7017544,0.7017544,0.7017544
Cc1ccc(C(=O)Nc2nc3ccccc3n2CCN2CCCC2)cn1,train,train,test,2,2,0.7924528,0.7924528,0.7924528
Cc1ccc(C(=O)Nc2nc3ccccc3n2CCN2CCCC2)nc1,train,train,test,2,2,0.7735849,0.7735849,0.7735849
O=C(Nc1nc2ccccc2n1CCN1CCCC1)c1cnccn1,train,train,train,2,2,0.73214287,0.73214287,0.6666667
O=C(Nc1nc2ccccc2n1CCN1CCCC1)c1ccc(Cl)c(Cl)c1,train,train,train,2,2,0.79310346,0.79310346,0.79310346
O=C(Nc1nc2ccccc2n1CCN1CCCC1)c1ccc(Cl)c(-n2cccn2)c1,train,train,test,2,2,0.76666665,0.76666665,0.76666665
NS(=O)(=O)c1cc(C(=O)Nc2nc3ccccc3n2CCN2CCCC2)ccc1Cl,train,train,train,2,2,0.79310346,0.79310346,0.79310346
O=C(Nc1nc2ccccc2n1CCN1CCCC1)c1cccc(-c2nnn[nH]2)c1,train,train,train,2,2,0.6825397,0.6825397,0.6825397
NS(=O)(=O)c1cccc(C(=O)Nc2nc3ccccc3n2CCN2CCCC2)c1,test,test,train,2,2,0.8214286,0.8214286,0.8214286
NS(=O)(=O)c1ccc(C(=O)Nc2nc3ccccc3n2CCN2CCCC2)cc1,train,train,train,2,2,0.74545455,0.74545455,0.8214286
O=C(Nc1nc2ccccc2n1CCN1CCCC1)c1ccc(F)cc1O,test,test,train,2,2,0.73214287,0.73214287,0.6229508
CS(=O)(=O)Oc1cccc(C(=O)Nc2nc3ccccc3n2CCN2CCCC2)c1,train,train,train,2,2,0.72131145,0.72131145,0.7258065
CC(=O)c1cccc(C(=O)Nc2nc3ccccc3n2CCN2CCCC2)c1,train,train,train,2,2,0.8269231,0.8269231,0.8269231
CC(=O)c1ccc(C(=O)Nc2nc3ccccc3n2CCN2CCCC2)cc1,train,train,train,2,2,0.84,0.84,0.84
COC(=O)c1cccc(C(=O)Nc2nc3ccccc3n2CCN2CCCC2)c1,test,test,train,2,2,0.8333333,0.8333333,0.8181818
COC(=O)c1ccc(C(=O)Nc2nc3ccccc3n2CCN2CCCC2)cc1,train,train,test,2,2,0.8076923,0.8076923,0.8333333
N#Cc1cccc(C(=O)Nc2nc3ccccc3n2CCN2CCCC2)c1,train,train,train,2,2,0.8035714,0.8035714,0.8035714
N#Cc1ccccc1C(=O)Nc1nc2ccccc2n1CCN1CCCC1,train,train,test,2,2,0.75,0.75,0.75
N#Cc1ccc(C(=O)Nc2nc3ccccc3n2CCN2CCCC2)cc1,train,train,train,2,2,0.8035714,0.8035714,0.8035714
O=C(Nc1nc2ccccc2n1CCN1CCCC1)c1ccccc1F,test,test,test,2,2,0.7358491,0.7358491,0.73214287
O=C(Nc1nc2ccccc2n1CCN1CCCC1)c1ccc(F)cc1,train,train,test,2,2,0.8039216,0.8039216,0.8039216
O=C(Cc1ccccc1)Nc1nc2ccccc2n1CCN1CCCC1,train,train,train,2,2,0.6481481,0.6481481,0.6481481
Cc1ccc(C(=O)Nc2nc3ccccc3n2CCCN2CCCC2)cc1,train,train,train,2,2,0.88,0.88,0.88
Cc1ccc(C(=O)Nc2nc3ccccc3[nH]2)cc1,train,train,train,2,2,0.44642857,0.44642857,0.44642857
Cc1ccc(C(=O)Nc2nc3ccccc3n2CCN2CCCC2)cc1,train,train,train,2,2,0.88,0.88,0.88
CN(C(=O)C(c1ccccc1)c1ccccc1)[C@H](CN1CC[C@H](O)C1)c1ccccc1,train,train,train,2,2,0.7058824,0.7058824,0.7058824
NC(=O)[C@@H]1CC(=O)NCCCC[C@@H](NC(=O)[C@@H](N)Cc2ccc(O)cc2)C(=O)N[C@@H](Cc2ccc(F)cc2F)C(=O)N[C@@H](Cc2ccccc2)C(=O)N1,train,train,test,4,4,0.8433735,0.8433735,1.0
NC(=O)[C@@H]1CC(=O)NCCCC[C@@H](NC(=O)[C@@H](N)Cc2ccc(O)cc2)C(=O)N[C@@H](Cc2ccccc2)C(=O)N[C@@H](Cc2ccc(F)cc2F)C(=O)N1,test,test,train,4,4,1.0,1.0,0.8513514
Cc1cc(O)cc(C)c1C[C@H](N)C(=O)N[C@@H]1CCCCNC(=O)C[C@@H](C(N)=O)NC(=O)[C@H](Cc2ccccc2)NC(=O)[C@H](Cc2ccc(F)cc2F)NC1=O,train,train,train,4,4,1.0,1.0,1.0
Cc1cc(O)cc(C)c1C[C@H](N)C(=O)N[C@@H]1CCCCNC(=O)C[C@@H](C(N)=O)NC(=O)[C@H](Cc2ccc(F)cc2F)NC(=O)[C@H](Cc2ccccc2)NC1=O,train,train,train,4,4,1.0,1.0,1.0
Cc1cc(O)cc(C)c1C[C@H](N)C(=O)N[C@@H]1CCCCNC(=O)C[C@@H](C(N)=O)NC(=O)[C@H](Cc2ccc(C(F)(F)F)cc2)NC(=O)[C@H](Cc2ccccc2)NC1=O,train,train,train,4,4,0.8313253,0.8313253,0.8313253
Cc1cc(O)cc(C)c1C[C@H](N)C(=O)N[C@@H]1CCNc2ccc(CC3CCCCC3)cc21,train,train,train,4,4,0.8153846,0.8153846,0.8153846
CC(=O)N1CC[C@@H](NC(=O)[C@@H](N)Cc2c(C)cc(O)cc2C)c2cc(CC3CCCCC3)ccc21,test,test,train,4,4,0.8235294,0.8235294,0.8235294
Cc1cc(O)cc(C)c1C[C@H](N)C(=O)N[C@@H]1CCCc2ccc(CC3CCCCC3)cc21,train,train,train,4,4,0.72307694,0.72307694,0.72307694
CC(=O)N1CC[C@@H](NC(=O)[C@@H](N)Cc2c(C)cc(O)cc2C)c2cc(CC3Cc4ccccc4C3)ccc21,train,train,train,4,4,0.79452056,0.79452056,0.8235294
Cc1cc(O)cc(C)c1C[C@H](N)C(=O)N[C@@H]1CCNc2ccc(CC3CCc4ccccc43)cc21,train,train,test,4,4,0.78571427,0.78571427,0.78571427
CC(=O)N1CC[C@@H](NC(=O)[C@@H](N)Cc2c(C)cc(O)cc2C)c2cc(CC3CCc4ccccc43)ccc21,train,train,train,4,4,0.79452056,0.79452056,0.79452056
NC(=O)[C@@H]1CC(=O)NCCCC[C@@H](NC(=O)[C@@H](N)Cc2ccc(O)cc2)C(=O)N[C@@H](Cc2ccccc2)C(=O)N[C@@H](Cc2ccccc2)C(=O)N1,test,test,train,4,4,0.8513514,0.8513514,0.8513514
Cc1cc(O)cc(C)c1C[C@H](N)C(=O)N[C@@H]1CCCCNC(=O)C[C@@H](C(N)=O)NC(=O)[C@H](Cc2ccccc2)NC(=O)[C@@H](Cc2cccc3ccccc23)NC1=O,train,train,train,4,4,0.8518519,0.8518519,0.8518519
Cc1cc(O)cc(C)c1C[C@H](N)C(=O)N[C@@H]1CCCCNC(=O)C[C@@H](C(N)=O)NC(=O)[C@H](Cc2ccccc2)NC(=O)[C@@H](Cc2ccc3ccccc3c2)NC1=O,test,test,train,4,4,1.0,1.0,1.0
Cc1cc(O)cc(C)c1C[C@H](N)C(=O)N[C@@H]1CCCCNC(=O)C[C@@H](C(N)=O)NC(=O)[C@@H](Cc2cccc3ccccc23)NC(=O)[C@H](Cc2ccccc2)NC1=O,test,test,test,4,4,1.0,1.0,1.0
Cc1cc(O)cc(C)c1C[C@H](N)C(=O)N[C@@H]1CCCCNC(=O)C[C@@H](C(N)=O)NC(=O)[C@@H](Cc2ccc3ccccc3c2)NC(=O)[C@H](Cc2ccccc2)NC1=O,train,train,train,4,4,0.8518519,0.8518519,1.0
NC(=O)[C@H]1CC(F)(F)CN1C(=O)[C@H](Cc1ccccc1)NC(=O)[C@@H]1CC(F)(F)CN1C(=O)[C@@H](N)Cc1ccc(O)cc1,train,train,train,4,4,0.3539823,0.3539823,0.38961038
Cc1cccc(C)c1C[C@H](N)C(=O)N[C@@H]1CCNc2ccc(Cc3ccccc3)cc21,train,train,train,4,4,0.75384617,0.75384617,0.8666667
N[C@@H](Cc1c(Cl)cc(O)cc1Cl)C(=O)N[C@@H]1CCNc2ccc(Cc3ccccc3)cc21,test,test,train,4,4,0.75,0.75,0.8095238
Cc1cc(C[C@H](N)C(=O)N[C@@H]2CCNc3ccc(Cc4ccccc4)cc32)c(C)cc1O,train,train,train,4,4,0.8153846,0.8153846,0.8153846
Cc1cc(O)ccc1C[C@H](N)C(=O)N[C@@H]1CCNc2ccc(Cc3ccccc3)cc21,train,train,train,4,4,0.8153846,0.8153846,0.8153846
O=C(Cc1ccc(Cl)c(Cl)c1)N1CCN(Cc2cccnc2)C2CCCC(N3CCCC3)C21,train,train,train,2,2,0.828125,0.828125,0.72307694
O=C(Cc1ccc(Cl)c(Cl)c1)N1CCN(Cc2cccnc2)C2CCCC(N3CCC(O)C3)C21,train,train,test,2,2,0.84126985,0.84126985,0.84126985
Oc1ccc2c(c1)[C@]13CCN(CC4CC4)[C@@H](C2)[C@]1(O)Cc1c([nH]c2ccccc12)C3,train,train,test,0,0,0.87096775,0.87096775,0.62857145
Oc1ccc2c(c1)[C@]13CCN(CC4CC4)[C@H](C2)[C@]1(O)CCc1c([nH]c2ccccc12)C3,train,train,test,0,0,0.87096775,0.87096775,0.6197183
Oc1ccc2c(c1)[C@]13CCN(CC4CC4)[C@H](C2)[C@]1(O)CCc1cc2ccccc2nc1C3,train,train,train,0,0,0.6197183,0.6197183,0.5882353
O=C1C[C@]23CCN(CC4CC4)[C@H](Cc4ccc(O)cc42)[C@]3(O)C/C1=C\c1ccccc1,train,train,train,0,0,0.6376812,0.6376812,0.6376812
C[C@H]1[C@H]2Cc3ccc(O)cc3[C@]1(C)CCN2CCC(=O)Nc1cccc2ccccc12,train,train,test,0,0,0.6031746,0.6031746,0.6031746
CN(C)C[C@H]1CCc2cc(-c3ccccc3)ccc2[C@]1(O)c1cccc(O)c1,train,train,test,1,1,0.32786885,0.32786885,0.32786885
Nc1ccnc(-c2cc(-c3ccon3)n(Cc3ccccc3F)n2)n1,train,train,train,2,2,0.22619048,0.22619048,0.22619048
CCC(=O)N1CC[C@@H](NC(=O)[C@@H](N)Cc2c(C)cc(O)cc2C)c2cc(Cc3ccccc3)ccc21,train,train,train,4,4,0.8636364,0.8636364,0.8636364
Cc1cc(O)cc(C)c1C[C@H](N)C(=O)N[C@@H]1CCN(C(=O)C2CC2)c2ccc(Cc3ccccc3)cc21,train,train,train,4,4,0.8636364,0.8636364,0.8636364
COC(=O)N1CC[C@@H](NC(=O)[C@@H](N)Cc2c(C)cc(O)cc2C)c2cc(Cc3ccccc3)ccc21,train,train,train,4,4,0.8358209,0.8358209,0.8358209
Cc1cc(O)cc(C)c1C[C@H](N)C(=O)N[C@@H]1CCN(C(=O)c2ccccc2)c2ccc(Cc3ccccc3)cc21,train,train,train,4,4,0.8358209,0.8358209,0.8358209
Cc1cc(O)cc(C)c1C[C@H](N)C(=O)N[C@@H]1CCN(CC(N)=O)c2ccc(Cc3ccccc3)cc21,train,train,train,4,4,0.7826087,0.7826087,0.7826087
Oc1ccc(CCN(CCc2ccccc2)CC2CCC2)cc1,train,train,train,4,4,0.7692308,0.7692308,0.8181818
O=C(O)c1nc2ccccc2n([C@@H]2C[C@@H]3CC[C@H](C2)N3C2CCCCCCCCCC2)c1=O,test,test,test,2,2,0.32876712,0.32876712,0.36764705
COc1ccc2c3c1O[C@@H]1[C@]34CCN(CC3CC3)[C@H](C2)[C@]42CC[C@@]1(OC)[C@@H]([C@](O)(CC(O)CO)c1ccccc1)C2,train,train,train,1,1,0.72289157,0.72289157,0.72289157
COc1ccc2c3c1O[C@@H]1[C@]34CCN(CC3CC3)[C@H](C2)[C@]42CC[C@@]1(OC)[C@@H](C(NCC(=O)O)c1ccccc1)C2,train,train,train,1,1,0.79761904,0.79761904,0.81707317
COc1ccc2c3c1O[C@@H]1[C@]34CCN(CC3CC3)[C@H](C2)[C@]42CC[C@@]1(OC)[C@@H](C(NC(C(=O)O)c1ccccc1)c1ccccc1)C2,test,test,train,1,1,0.9,0.9,0.9
COc1ccc2c3c1O[C@@H]1[C@]34CCN(CC3CC3)[C@H](C2)[C@]42CC[C@@]1(OC)[C@@H](C(N[C@@H](C(N)=O)c1ccccc1)c1ccccc1)C2,train,train,train,1,1,0.79761904,0.79761904,0.9
CO[C@]12CC[C@@]3(C[C@@H]1COCc1ccccc1C)[C@H]1Cc4ccc(OCCO)c5c4[C@@]3(CCN1C)[C@H]2O5,train,train,test,1,1,0.6707317,0.6707317,0.6707317
CO[C@]12CC[C@@]3(C[C@@H]1COCc1ccccc1)[C@H]1Cc4ccc(N)c5c4[C@@]3(CCN1C)[C@H]2O5,train,train,train,1,1,0.82608694,0.82608694,0.82608694
C=Cc1ccc2c3c1O[C@@H]1[C@]34CCN(C)[C@H](C2)[C@]42CC[C@@]1(OC)[C@@H](COCc1ccccc1)C2,train,train,train,1,1,0.7916667,0.7916667,0.7916667
CO[C@]12CC[C@@]3(C[C@@H]1COCc1ccccc1)[C@H]1Cc4ccc(F)c5c4[C@@]3(CCN1C)[C@H]2O5,train,train,train,1,1,0.82608694,0.82608694,0.82608694
COc1ccc2c3c1O[C@@H]1[C@]34CCN(CC3CC3)[C@H](C2)[C@]42CC[C@@]1(OC)[C@@H](COc1ccc(-n3ccnc3)cc1)C2,test,test,train,1,1,0.7093023,0.7093023,0.7093023
COc1ccc2c3c1O[C@@H]1[C@]34CCN(C)[C@H](C2)[C@]42CC[C@@]1(OC)[C@@H](CSc1nc3ccccc3s1)C2,test,test,train,1,1,0.825,0.825,0.725
COc1ccc2c3c1O[C@@H]1[C@]34CCN(CC3CC3)[C@H](C2)[C@]42CC[C@@]1(OC)[C@@H](CSc1nc3ccccc3s1)C2,train,train,test,1,1,0.75,0.75,0.825
CO[C@]12CC[C@@]3(C[C@@H]1COc1ccc(-n4ccnc4)cc1)[C@H]1Cc4ccc(O)c5c4[C@@]3(CCN1C)[C@H]2O5,train,train,train,1,1,0.56179774,0.56179774,0.7093023
COc1ccc2c3c1O[C@@H]1[C@]34CCN(CC3CC3)[C@H](C2)[C@]42CC[C@@]1(OC)[C@@H](CSc1nc(C)ns1)C2,train,train,train,1,1,0.7654321,0.7654321,0.7037037
COc1ccc2c3c1O[C@@H]1[C@]34CCN(CC3CC3)[C@H](C2)[C@]42CC[C@@]1(OC)[C@@H](COCc1ccccc1)C2,train,train,train,1,1,0.8513514,0.8513514,0.8611111
COc1ccc2c3c1O[C@@H]1[C@]34CCN(C)[C@H](C2)[C@]42CC[C@@]1(OC)[C@@H](CSc1nncs1)C2,train,train,train,1,1,0.81578946,0.81578946,0.725
COc1ccc2c3c1O[C@@H]1[C@]34CCN(CC3CC3)[C@H](C2)[C@]42CC[C@@]1(OC)[C@@H](CSc1nncs1)C2,train,train,test,1,1,0.81578946,0.81578946,0.81578946
CO[C@]12CC[C@@]3(C[C@@H]1COCc1ccccc1)[C@H]1Cc4ccc(F)c5c4[C@@]3(CCN1CC1CC1)[C@H]2O5,train,train,train,1,1,0.84931505,0.84931505,0.84931505
CO[C@]12CC[C@@]3(C[C@@H]1COCc1ccccc1)[C@H]1Cc4ccc(NS(C)(=O)=O)c5c4[C@@]3(CCN1C)[C@H]2O5,train,train,train,1,1,0.8051948,0.8051948,0.8051948
CO[C@]12CC[C@@]3(C[C@@H]1COCc1ccccc1)[C@H]1Cc4ccc(NC(C)=O)c5c4[C@@]3(CCN1C)[C@H]2O5,train,train,train,1,1,0.8108108,0.8108108,0.8108108
COc1ccc2c3c1O[C@@H]1[C@]34CCN[C@H](C2)[C@]42CC[C@@]1(OC)[C@@H](COCc1ccccc1)C2,train,train,train,1,1,0.8358209,0.8358209,0.69736844
CO[C@]12CC[C@@]3(C[C@@H]1COCc1ccccc1)[C@H]1Cc4ccc(Br)c5c4[C@@]3(CCN1CC1CC1)[C@H]2O5,test,test,train,1,1,0.8611111,0.8611111,0.8611111
CO[C@]12CC[C@@]3(C[C@@H]1COCc1ccccc1)[C@H]1Cc4ccc(C#N)c5c4[C@@]3(CCN1C)[C@H]2O5,train,train,train,1,1,0.8142857,0.8142857,0.8142857
CO[C@]12CC[C@@]3(C[C@@H]1COCc1ccccc1)[C@H]1Cc4ccc(C(N)=O)c5c4[C@@]3(CCN1C)[C@H]2O5,train,train,train,1,1,0.9,0.9,0.9
CO[C@]12CC[C@@]3(C[C@@H]1COCc1ccccc1)[C@H]1Cc4ccc(O)c5c4[C@@]3(CCN1)[C@H]2O5,train,train,test,1,1,0.8358209,0.8358209,0.8358209
CO[C@]12CC[C@@]3(C[C@@H]1COCc1ccccc1)[C@H]1Cc4ccc(C(=O)O)c5c4[C@@]3(CCN1C)[C@H]2O5,train,train,train,1,1,0.9,0.9,0.9
COc1ccc2c3c1O[C@@H]1[C@]34CCN(C)[C@H](C2)[C@]42CC[C@@]1(OC)[C@@H](COCc1c(C)noc1C)C2,test,test,test,1,1,0.8333333,0.8333333,0.8333333
CO[C@]12CC[C@@]3(C[C@@H]1COCc1cc4ccccc4s1)[C@H]1Cc4ccc(OCCO)c5c4[C@@]3(CCN1CC1CC1)[C@H]2O5,train,train,train,1,1,0.70652175,0.70652175,0.70652175
COc1ccc2c3c1O[C@@H]1[C@]34CCN(CC3CC3)[C@H](C2)[C@]42CC[C@@]1(OC)[C@@H](COCc1c(C)noc1C)C2,train,train,train,1,1,0.7721519,0.7721519,0.7721519
CO[C@]12CC[C@@]3(C[C@@H]1CNCc1ccccc1)[C@H]1Cc4ccc(O)c5c4[C@@]3(CCN1CC1CC1)[C@H]2O5,train,train,train,1,1,0.8630137,0.8630137,0.70886075
COc1ccc2c3c1O[C@@H]1[C@]34CCN(CC3CC3)[C@H](C2)[C@]42CC[C@@]1(OC)[C@@H](CNCc1ccccc1)C2,train,train,test,1,1,0.8630137,0.8630137,0.8630137
COc1ccc2c3c1O[C@@H]1[C@]34CCN(CC3CC3)[C@H](C2)[C@]42CC[C@@]1(OC)[C@@H](CN(Cc1ccccc1)S(C)(=O)=O)C2,train,train,train,1,1,0.78313255,0.78313255,0.775
COc1ccc2c3c1O[C@@H]1[C@]34CCN(CC3CC3)[C@H](C2)[C@]42CC[C@@]1(OC)[C@@H](CN(Cc1ccccc1)C(C)=O)C2,train,train,test,1,1,0.78313255,0.78313255,0.78313255
COc1ccc2c3c1O[C@@H]1[C@]34CCN(CC3CC3)[C@H](C2)[C@]42CC[C@@]1(OC)[C@@H](CSCc1ccccc1)C2,train,train,train,1,1,0.7972973,0.7972973,0.7972973
COc1ccc2c3c1O[C@@H]1[C@]34CCN(CC3CC3)[C@H](C2)[C@]42CC[C@@]1(OC)[C@@H](C[S+](O)Cc1ccccc1)C2,train,train,train,1,1,0.7866667,0.7866667,0.7866667
COCCOCCOCCOc1ccc2c3c1O[C@@H]1[C@]34CCN(CC3CC3)[C@H](C2)[C@]42CC[C@@]1(OC)[C@@H](COCc1ccccc1)C2,train,train,train,1,1,1.0,1.0,1.0
COCCOCCOCCOCCOCCOc1ccc2c3c1O[C@@H]1[C@]34CCN(CC3CC3)[C@H](C2)[C@]42CC[C@@]1(OC)[C@@H](COCc1ccccc1)C2,train,train,train,1,1,1.0,1.0,1.0
COCCOCCOCCOc1ccc(COC[C@H]2C[C@@]34CC[C@]2(OC)[C@@H]2Oc5c(OC)ccc6c5[C@@]23CCN(CC2CC2)[C@@H]4C6)cc1,train,train,train,1,1,0.85365856,0.85365856,0.85365856
COC(=O)COc1ccc(COC[C@H]2C[C@@]34CC[C@]2(OC)[C@@H]2Oc5c(OC)ccc6c5[C@@]23CCN(CC2CC2)[C@@H]4C6)cc1,train,train,train,1,1,0.902439,0.902439,0.902439
COc1ccc2c3c1O[C@@H]1[C@]34CCN(CC3CC3)[C@H](C2)[C@]42CC[C@@]1(OC)[C@@H](COCc1ccc(OCC(=O)O)cc1)C2,train,train,train,1,1,0.902439,0.902439,0.902439
COc1ccc2c3c1O[C@@H]1[C@]34CCN(CCC(N)=O)[C@H](C2)[C@]42CC[C@@]1(OC)[C@@H](COCc1ccccc1)C2,train,train,train,1,1,0.8933333,0.8933333,0.8684211
COc1ccc2c3c1O[C@@H]1[C@]34CCN(CC3CC3)[C@H](C2)[C@]42CC[C@@]1(OC)[C@@H](CNCC(=O)O)C2,train,train,train,1,1,0.89041096,0.89041096,0.89041096
COc1ccc2c3c1O[C@@H]1[C@]34CCN(CC3CC3)[C@H](C2)[C@]42CC[C@@]1(OC)[C@@H](CNCC(N)=O)C2,train,train,train,1,1,0.89041096,0.89041096,0.89041096
COc1ccc2c3c1O[C@@H]1[C@]34CCN(CC3CC3)[C@H](C2)[C@]42CC[C@@]1(OC)[C@@H](COCC(N)=O)C2,test,test,train,1,1,0.7922078,0.7922078,0.80246913
COc1ccc2c3c1O[C@@H]1[C@]34CCN(CC3CC3)[C@H](C2)[C@]42CC[C@@]1(OC)[C@@H](COCc1ccc(CC(=O)O)cc1)C2,train,train,train,1,1,0.886076,0.886076,0.886076
CO[C@]12CC[C@@]3(C[C@@H]1COCc1ccccc1)[C@H]1Cc4ccc(C(O)CO)c5c4[C@@]3(CCN1CC1CC1)[C@H]2O5,train,train,train,1,1,0.8072289,0.8072289,0.8072289
COc1ccc2c3c1O[C@@H]1[C@]34CCN(CC3CC3)[C@H](C2)[C@]42CC[C@@]1(OC)[C@@H](COCc1cccc(NC(N)=O)c1)C2,train,train,train,1,1,0.84090906,0.84090906,0.84090906
COc1ccc2c3c1O[C@@H]1[C@]34CCN(CC3CC3)[C@H](C2)[C@]42CC[C@@]1(OC)[C@@H](COC(=O)[C@@H](N)Cc1ccccc1)C2,test,test,train,1,1,0.886076,0.886076,0.84810126
COc1ccc2c3c1O[C@@H]1[C@]34CCN(CC3CC3)[C@H](C2)[C@]42CC[C@@]1(OC)[C@@H](COCc1cccc(NCC(=O)O)c1)C2,train,train,train,1,1,0.84090906,0.84090906,0.84090906
COc1ccc2c3c1O[C@H]1[C@@]4(c5ccccc5)CC[C@@]5(C[C@@H]4COCc4ccccc4)[C@@H](C2)N(CC2CC2)CC[C@]315,train,train,test,1,1,0.8356164,0.8356164,0.8356164
CCCc1cc(COC[C@H]2C[C@@]34CC[C@]2(OC)[C@@H]2Oc5c(OC)ccc6c5[C@@]23CCN(C)[C@@H]4C6)on1,train,train,train,1,1,0.63095236,0.63095236,0.63095236
COc1ccc2c3c1O[C@@H]1[C@]34CCN(CCC(=O)O)[C@H](C2)[C@]42CC[C@@]1(OC)[C@@H](COCc1ccccc1)C2,train,train,test,1,1,0.8933333,0.8933333,0.8933333
COc1ccc2c3c1O[C@@H]1[C@]34CCN(CC(=O)O)[C@H](C2)[C@]42CC[C@@]1(OC)[C@@H](COCc1ccccc1)C2,train,train,train,1,1,0.8767123,0.8767123,0.9027778
COc1ccc2c3c1O[C@@H]1[C@]34CCN(CC(N)=O)[C@H](C2)[C@]42CC[C@@]1(OC)[C@@H](COCc1ccccc1)C2,test,test,train,1,1,0.9027778,0.9027778,0.9027778
CO[C@]12CC[C@@]3(C[C@@H]1COCc1ccccc1)[C@H]1Cc4ccc(OCC(=O)O)c5c4[C@@]3(CCN1CC1CC1)[C@H]2O5,train,train,train,1,1,0.85365856,0.85365856,0.9
CO[C@]12CC[C@@]3(C[C@@H]1COCc1ccccc1)[C@H]1Cc4ccc(OCc5nn[nH]n5)c5c4[C@@]3(CCN1CC1CC1)[C@H]2O5,train,train,train,1,1,0.80246913,0.80246913,0.80246913
CO[C@]12CC[C@@]3(C[C@@H]1COCc1ccccc1)[C@H]1Cc4ccc(OCC(N)=O)c5c4[C@@]3(CCN1CC1CC1)[C@H]2O5,test,test,train,1,1,0.9,0.9,0.9
COc1ccc2c3c1O[C@@H]1[C@]34CCN(CC3CC3)[C@H](C2)[C@]42CC[C@@]1(OC)[C@@H](COCc1ccc(N(S(C)(=O)=O)S(C)(=O)=O)cc1)C2,test,test,train,1,1,0.82051283,0.82051283,0.82051283
CO[C@]12CC[C@@]3(C[C@@H]1COCc1ccccc1)[C@H]1Cc4ccc(CC(O)CO)c5c4[C@@]3(CCN1CC1CC1)[C@H]2O5,train,train,train,1,1,0.8072289,0.8072289,0.8072289
COc1ccc2c3c1O[C@@H]1[C@]34CCN(CC3CC3)[C@H](C2)[C@]42CC[C@@]1(OC)[C@@H](C(C)(C)OCc1ccccc1)C2,test,test,train,1,1,0.7532467,0.7532467,0.7532467
COc1ccc2c3c1O[C@@H]1[C@]34CCN(CC3CC3)[C@H](C2)[C@]42CC[C@@]1(OC)[C@@H](COCc1cccc(C(=N)N)c1)C2,train,train,test,1,1,0.8333333,0.8333333,0.8333333
COc1ccc2c3c1O[C@@H]1[C@]34CCN(CC3CC3)[C@H](C2)[C@]42CC[C@@]1(OC)[C@@H](CS(=O)(=O)Cc1ccccc1)C2,test,test,train,1,1,0.7866667,0.7866667,0.7866667
COc1ccc2c3c1O[C@@H]1[C@]34CCN(CC3CC3)[C@H](C2)[C@]42CC[C@@]1(OC)[C@@H](COCC(O)CO)C2,test,test,train,1,1,0.7804878,0.7804878,0.7804878
CO[C@]12CC[C@@]3(C[C@@H]1COCc1ccccc1)[C@H]1Cc4ccc(C#N)c5c4[C@@]3(CCN1CC1CC1)[C@H]2O5,train,train,test,1,1,0.8378378,0.8378378,0.8378378
CO[C@]12CC[C@@]3(C[C@@H]1COCc1ccccc1)[C@H]1Cc4ccc(-c5nn[nH]n5)c5c4[C@@]3(CCN1CC1CC1)[C@H]2O5,train,train,test,1,1,0.79310346,0.79310346,0.79310346
CO[C@]12CC[C@@]3(C[C@@H]1COCc1ccccc1)[C@H]1Cc4ccc(C(=O)O)c5c4[C@@]3(CCN1CC1CC1)[C@H]2O5,train,train,train,1,1,0.9066667,0.9066667,0.9066667
CO[C@]12CC[C@@]3(C[C@@H]1COCc1cccc(NC(C)=O)c1)[C@H]1Cc4ccc(O)c5c4[C@@]3(CCN1CC1CC1)[C@H]2O5,train,train,train,1,1,0.90361446,0.90361446,0.90361446
COC(=O)COc1cccc(COC[C@H]2C[C@@]34CC[C@]2(OC)[C@@H]2Oc5c(O)ccc6c5[C@@]23CCN(CC2CC2)[C@@H]4C6)c1,train,train,train,1,1,0.9047619,0.9047619,0.9047619
CO[C@]12CC[C@@]3(C[C@@H]1COCc1cccc(NC(=O)c4ccccc4)c1)[C@H]1Cc4ccc(O)c5c4[C@@]3(CCN1CC1CC1)[C@H]2O5,test,test,train,1,1,0.89285713,0.89285713,0.89285713
CO[C@]12CC[C@@]3(C[C@@H]1COCc1ccc(C(N)=O)cc1)[C@H]1Cc4ccc(O)c5c4[C@@]3(CCN1CC1CC1)[C@H]2O5,train,train,train,1,1,0.79268295,0.79268295,0.79268295
CO[C@]12CC[C@@]3(C[C@@H]1COCc1ccccc1)[C@H]1Cc4ccc(C(N)=O)c5c4[C@@]3(CCN1CC1CC1)[C@H]2O5,train,train,train,1,1,0.9066667,0.9066667,0.9066667
COc1ccc2c3c1O[C@@H]1[C@]34CCN(CC3CC3)[C@H](C2)[C@]42CC[C@@]1(OC)[C@@H](COC(=O)[C@H](C)N)C2,train,train,train,1,1,0.88,0.88,0.88
COc1ccc2c3c1O[C@@H]1[C@]34CCN(CC3CC3)[C@H](C2)[C@]42CC[C@@]1(OC)[C@@H](COC(=O)[C@@H](N)CO)C2,train,train,train,1,1,0.8701299,0.8701299,0.8701299
COc1ccc2c3c1O[C@@H]1[C@]34CCN(CC3CC3)[C@H](C2)[C@]42CC[C@@]1(OC)[C@@H](COC(=O)[C@@H](N)C(C)O)C2,train,train,train,1,1,0.8831169,0.8831169,0.8831169
CC[C@H](C)[C@H](N)C(=O)OC[C@H]1C[C@@]23CC[C@]1(OC)[C@@H]1Oc4c(OC)ccc5c4[C@@]12CCN(CC1CC1)[C@@H]3C5,train,train,train,1,1,0.8831169,0.8831169,0.8831169
COc1ccc2c3c1O[C@@H]1[C@]34CCN(CC3CC3)[C@H](C2)[C@]42CC[C@@]1(OC)[C@@H](CNC(=O)[C@H](C)N)C2,train,train,train,1,1,0.8076923,0.8076923,0.8076923
COc1ccc2c3c1O[C@@H]1[C@]34CCN(CC3CC3)[C@H](C2)[C@]42CC[C@@]1(OC)[C@@H](COC(=O)[C@@H](N)CC(C)C)C2,train,train,train,1,1,0.8701299,0.8701299,0.8701299
COc1ccc2c3c1O[C@@H]1[C@]34CCN(CC3CC3)[C@H](C2)[C@]42CC[C@@]1(OC)[C@@H](COC(=O)[C@@H](N)CCC(N)=O)C2,train,train,test,1,1,0.84810126,0.84810126,0.84810126
CO[C@]12CC[C@@]3(C[C@@H]1COC(=O)[C@@H](N)Cc1ccccc1)[C@H]1Cc4ccc(O)c5c4[C@@]3(CCN1CC1CC1)[C@H]2O5,train,train,test,1,1,0.82051283,0.82051283,0.886076
CC[C@H](C)[C@H](N)C(=O)OC[C@H]1C[C@@]23CC[C@]1(OC)[C@@H]1Oc4c(O)ccc5c4[C@@]12CCN(CC1CC1)[C@@H]3C5,train,train,train,1,1,0.8831169,0.8831169,0.8831169
CO[C@]12CC[C@@]3(C[C@@H]1COC(=O)[C@H](C)N)[C@H]1Cc4ccc(O)c5c4[C@@]3(CCN1CC1CC1)[C@H]2O5,train,train,train,1,1,0.8767123,0.8767123,0.8767123
CCOC(=O)CC[C@H]1[C@H](COCc2ccccc2)[C@]2(OC)CC[C@]13[C@H]1Cc4ccc(OC)c5c4[C@@]3(CCN1CC1CC1)[C@H]2O5,train,train,test,1,1,0.9506173,0.9506173,0.9506173
COc1ccc2c3c1O[C@@H]1[C@]34CCN(CC3CC3)[C@H](C2)[C@]42CC[C@@]1(OC)[C@@H](COCc1ccccc1)[C@@H]2CC#N,train,train,train,1,1,0.74712646,0.74712646,0.78313255
COc1ccc2c3c1O[C@@H]1[C@]34CCN(CC3CC3)[C@H](C2)[C@]42CC[C@@]1(OC)[C@@H](COCc1ccccc1)[C@@H]2CCC(=O)O,test,test,train,1,1,0.8780488,0.8780488,0.8333333
CO[C@]12CC[C@@]3(C[C@@H]1COCc1cccc(OCC(=O)O)c1)[C@H]1Cc4ccc(O)c5c4[C@@]3(CCN1CC1CC1)[C@H]2O5,train,train,train,1,1,0.9047619,0.9047619,0.9047619
CNC(=O)Nc1cccc(COC[C@H]2C[C@@]34CC[C@]2(OC)[C@@H]2Oc5c(O)ccc6c5[C@@]23CCN(CC2CC2)[C@@H]4C6)c1,train,train,train,1,1,0.90361446,0.90361446,0.90361446
CCOC(=O)CC[C@H]1[C@H](COCc2ccccc2)[C@@]23CC[C@]1(OC)[C@@H]1Oc4c(OC)ccc5c4[C@@]12CCN(CC1CC1)[C@@H]3C5,train,train,train,1,1,0.9506173,0.9506173,0.8333333
COc1ccc2c3c1O[C@@H]1[C@]34CCN(CC3CC3)[C@H](C2)[C@]42CC[C@@]1(OC)[C@@H](COCc1ccc(NC(C)=O)cc1)C2,test,test,train,1,1,0.85,0.85,0.85
COc1ccc2c3c1O[C@@H]1[C@]34CCN(Cc3nn[nH]n3)[C@H](C2)[C@]42CC[C@@]1(OC)[C@@H](COCc1ccccc1)C2,test,test,train,1,1,0.8,0.8,0.8
COc1ccc2c3c1O[C@@H]1[C@]34CCN(CC3CC3)[C@H](C2)[C@]42CC[C@@]1(OC)[C@@H](COCc1cccc(CC(=O)O)c1)C2,train,train,train,1,1,0.886076,0.886076,0.886076
COc1ccc2c3c1O[C@@H]1[C@]34CCN(CC3CC3)[C@H](C2)[C@]42CC[C@@]1(OC)[C@@H](COCc1ccc(C(O)CO)cc1)C2,train,train,train,1,1,0.8101266,0.8101266,0.8101266
COCCOCCOCCO[C@H]1CC[C@@]2(O)[C@H]3Cc4ccc(O)c5c4[C@@]2(CCN3CC2CCC2)C1O5,test,test,test,1,1,0.7794118,0.7794118,0.7794118
CO[C@H]1C=CC2C3Cc4ccc(O)c5c4[C@@]2(CCN3C)C1O5,train,train,train,1,1,0.754717,0.754717,0.6507937
COCCO[C@H]1CC[C@@]2(O)C3Cc4ccc(O)c5c4[C@@]2(CCN3C)[C@H]1O5,train,train,test,1,1,0.94736844,0.94736844,0.94736844
COCCOCCO[C@H]1CC[C@@]2(O)C3Cc4ccc(O)c5c4[C@@]2(CCN3C)[C@H]1O5,train,train,train,1,1,1.0,1.0,1.0
COCCOCCOCCO[C@H]1CC[C@@]2(O)C3Cc4ccc(O)c5c4[C@@]2(CCN3C)[C@H]1O5,train,train,train,1,1,1.0,1.0,1.0
COCCOCCO[C@H]1C=CC2C3Cc4ccc(OC)c5c4[C@@]2(CCN3C)C1O5,test,test,train,1,1,0.6507937,0.6507937,0.6507937
CC(C)(C)[C@@]1(C)OCO[C@]23CC[C@@]4(C[C@H]12)[C@H]1Cc2ccc(O)c5c2[C@@]4(CCN1CC1CC1)[C@H]3O5,train,train,train,1,1,0.79452056,0.79452056,0.8169014
CCC1O[C@](C)(C(C)(C)C)[C@H]2C[C@@]34CC[C@]2(O1)[C@@H]1Oc2c(O)ccc5c2[C@@]13CCN(CC1CC1)[C@@H]4C5,test,test,train,1,1,0.9142857,0.9142857,0.8169014
CCCC1O[C@](C)(C(C)(C)C)[C@H]2C[C@@]34CC[C@]2(O1)[C@@H]1Oc2c(O)ccc5c2[C@@]13CCN(CC1CC1)[C@@H]4C5,train,train,test,1,1,0.79452056,0.79452056,0.9142857
CC(C)(C)[C@@]1(C)OCO[C@]23C=C[C@@]4(C[C@H]12)[C@H]1Cc2ccc(O)c5c2[C@@]4(CCN1CC1CC1)[C@H]3O5,test,test,train,1,1,0.68,0.68,0.68
NC(=O)c1cc2c([nH]c1=O)C[C@@]13CCN(CC4CC4)C[C@@]1(Cc1ccc(O)cc13)C2,train,train,test,0,0,0.6142857,0.6142857,0.6142857
CNCCCC[C@@H](NC(=O)[C@@H](CC(C)C)NC(=O)[C@@H](Cc1ccccc1)NC(=O)[C@H](N)Cc1ccccc1)C(=O)N1CCCN(C(=N)N)CC1,test,test,train,4,4,0.875,0.875,0.875
CC(C)C[C@@H](NC(=O)[C@@H](Cc1ccccc1)NC(=O)[C@H](N)Cc1ccccc1)C(=O)N[C@H](CCCCN)C(=O)N1CCC(N)(C(=O)O)CC1,train,train,test,4,4,0.875,0.875,0.8484849
CNCCCC[C@@H](NC(=O)[C@@H](CC(C)C)NC(=O)[C@@H](Cc1ccccc1)NC(=O)[C@H](N)Cc1ccccc1)C(=O)N1CCC(N)(C(=O)O)CC1,train,train,test,4,4,0.8769231,0.8769231,0.8769231
CC(C)C[C@@H](NC(=O)[C@@H](Cc1ccccc1)NC(=O)[C@H](N)Cc1ccccc1)C(=O)N[C@H](CCCCN)C(=O)N1CCC(N2CCC[C@H]2C(=O)O)CC1,train,train,train,4,4,0.89855075,0.89855075,0.89855075
CC(C)C[C@@H](NC(=O)[C@@H](Cc1ccccc1)NC(=O)[C@H](N)Cc1ccccc1)C(=O)N[C@H](CCCCNC(=N)N)C(=O)N1CCC(N2CCC[C@H]2C(=O)O)CC1,train,train,train,4,4,0.91780823,0.91780823,0.91780823
CNCCCC[C@@H](NC(=O)[C@@H](CC(C)C)NC(=O)[C@@H](Cc1ccccc1)NC(=O)[C@H](N)Cc1ccccc1)C(=O)N1CCC(N2CCC[C@H]2C(=O)O)CC1,test,test,train,4,4,0.875,0.875,0.875
CC(C)C[C@@H](NC(=O)[C@@H](Cc1ccccc1)NC(=O)[C@H](N)Cc1ccccc1)C(=O)N[C@H](CCCNC(=N)N)C(=O)N1CCCNCC1,train,train,train,4,4,0.8382353,0.8382353,0.8382353
CC(C)C[C@@H](NC(=O)[C@@H](Cc1ccccc1)NC(=O)[C@H](N)Cc1ccccc1)C(=O)N[C@H](CCCCNC(=N)N)C(=O)N1CCC(N)(C(=O)O)CC1,train,train,train,4,4,0.90909094,0.90909094,0.82608694
CC(C)C[C@@H](NC(=O)[C@@H](Cc1ccccc1)NC(=O)[C@H](N)Cc1ccccc1)C(=O)N[C@H](CCCCNC(C)C)C(=O)N1CCC(N)(C(=O)O)CC1,train,train,train,4,4,0.8769231,0.8769231,0.82608694
CC(C)C[C@@H](NC(=O)[C@@H](Cc1ccccc1)NC(=O)[C@H](N)Cc1ccccc1)C(=O)N[C@H](CNC(=N)N)C(=O)N1CCC(N)(C(=O)O)CC1,train,train,test,4,4,0.8484849,0.8484849,0.8235294
CC(C)C[C@@H](NC(=O)[C@@H](Cc1ccccc1)NC(=O)[C@H](N)Cc1ccccc1)C(=O)N[C@H](CCNC(=N)N)C(=O)N1CCC(N)(C(=O)O)CC1,train,train,test,4,4,0.90909094,0.90909094,0.90909094
CC(C)C[C@@H](NC(=O)[C@@H](Cc1ccccc1)NC(=O)[C@H](N)Cc1ccccc1)C(=O)N[C@H](CCN)C(=O)N1CCC(N2CCC[C@H]2C(=O)O)CC1,train,train,train,4,4,0.89855075,0.89855075,0.89855075
CC(C)C[C@@H](NC(=O)[C@@H](Cc1ccccc1)NC(=O)[C@H](N)Cc1ccccc1)C(=O)N[C@H](CCNC(=N)N)C(=O)N1CCC(N2CCC[C@H]2C(=O)O)CC1,train,train,train,4,4,0.91780823,0.91780823,0.91780823
CC(C)C[C@@H](NC(=O)[C@@H](Cc1ccccc1)NC(=O)[C@H](N)Cc1ccccc1)C(=O)N[C@H](CNC(=N)N)C(=O)N1CCC(N2CCC[C@H]2C(=O)O)CC1,train,train,test,4,4,0.8630137,0.8630137,0.8630137
CC(C)C[C@@H](NC(=O)[C@@H](Cc1ccccc1)NC(=O)[C@H](N)Cc1ccccc1)C(=O)N[C@H](CCCCN)C(=O)N1CCCN(C(=N)N)CC1,train,train,train,4,4,0.859375,0.859375,0.90163934
CC(C)C[C@@H](NC(=O)[C@@H](Cc1ccccc1)NC(=O)[C@H](N)Cc1ccccc1)C(=O)N[C@H](CCCCNC(=N)N)C(=O)N1CCCN(C(=N)N)CC1,train,train,train,4,4,0.9677419,0.9677419,0.9677419
CC(C)C[C@@H](NC(=O)[C@@H](Cc1ccccc1)NC(=O)[C@H](N)Cc1ccccc1)C(=O)N[C@H](CCCCNC(C)C)C(=O)N1CCCN(C(=N)N)CC1,train,train,train,4,4,0.86153847,0.86153847,0.875
CC(C)C[C@@H](NC(=O)[C@@H](Cc1ccccc1)NC(=O)[C@H](N)Cc1ccccc1)C(=O)N[C@H](CNC(=N)N)C(=O)N1CCCN(C(=N)N)CC1,train,train,train,4,4,0.84375,0.84375,0.83076924
CC(C)C[C@@H](NC(=O)[C@@H](Cc1ccccc1)NC(=O)[C@H](N)Cc1ccccc1)C(=O)N[C@H](CNC(=N)N)C(=O)N1CCCNCC1,train,train,train,4,4,0.8382353,0.8382353,0.8382353
CCCC[C@@H](NC(=O)[C@@H](Cc1ccccc1)NC(=O)[C@H](N)Cc1ccccc1)C(=O)N[C@H](CNC(=N)N)C(=O)N1CCCNCC1,test,test,train,4,4,0.8235294,0.8235294,0.8235294
CC(C)C[C@@H](NC(=O)[C@@H](Cc1ccccc1)NC(=O)[C@H](N)Cc1ccccc1)C(=O)N[C@H](CCN)C(=O)N1CCCN(C(=N)N)CC1,test,test,train,4,4,0.90163934,0.90163934,0.90163934
CC(C)C[C@@H](NC(=O)[C@@H](Cc1ccccc1)NC(=O)[C@H](N)Cc1ccccc1)C(=O)N[C@H](CCNC(=N)N)C(=O)N1CCCN(C(=N)N)CC1,train,train,test,4,4,0.9206349,0.9206349,0.9206349
CC(C)C[C@@H](NC(=O)[C@@H](Cc1ccccc1)NC(=O)[C@H](N)Cc1ccccc1)C(=O)N[C@H](CCCNC(=N)N)C(=O)N1CCCN(C(=N)N)CC1,train,train,train,4,4,0.9677419,0.9677419,0.9677419
CC(C)C[C@@H](NC(=O)[C@@H](Cc1ccccc1)NC(=O)[C@H](N)Cc1ccccc1)C(=O)N[C@H](CCCCN)C(=O)N1CCC(C(=O)N2CCOCC2)CC1,train,train,train,4,4,0.69863015,0.69863015,0.69863015
CC(C)C[C@@H](NC(=O)[C@@H](Cc1ccccc1)NC(=O)[C@H](N)Cc1ccccc1)C(=O)N[C@H](CCCCN)C(=O)N1CCC(n2cc(-c3ccccc3)[nH]c2=O)CC1,train,train,test,4,4,0.69135803,0.69135803,0.69135803
CC(C)C[C@@H](NC(=O)[C@@H](Cc1ccccc1)NC(=O)[C@H](N)Cc1ccccc1)C(=O)N[C@H](CCCCN)C(=O)N1CCC2(CC1)C(=O)NCN2c1ccccc1,train,train,train,4,4,0.72,0.72,0.66233766
CC(C)C[C@@H](NC(=O)[C@@H](Cc1ccccc1)NC(=O)[C@H](N)Cc1ccccc1)C(=O)N[C@H](CCCCN)C(=O)NCc1cn2ccccc2n1,train,train,train,4,4,0.63235295,0.63235295,0.63235295
CCOC(=O)C[C@H]1C[C@@]2(O)[C@H]3Cc4ccc(OC)cc4[C@@]2(CCN3CC2CC2)CC1=O,train,train,train,0,0,0.8333333,0.8333333,0.8333333
COc1ccc2c(c1)[C@]13CCN(CC4CC4)[C@H](C2)[C@]1(O)C[C@H](CC(=O)O)C(=O)C3,train,train,train,0,0,0.8333333,0.8333333,0.8333333
O=C(O)C[C@H]1C[C@@]2(O)[C@H]3Cc4ccc(O)cc4[C@@]2(CCN3CC2CC2)CC1=O,train,train,train,0,0,0.8064516,0.8064516,0.8064516
C[C@H](NC(=O)C[C@H]1C[C@@]2(O)[C@H]3Cc4ccc(O)cc4[C@@]2(CCN3CC2CC2)CC1=O)C(=O)O,train,train,train,0,0,0.85915494,0.85915494,0.85915494
CC(C)C[C@H](NC(=O)C[C@H]1C[C@@]2(O)[C@H]3Cc4ccc(O)cc4[C@@]2(CCN3CC2CC2)CC1=O)C(=O)O,train,train,train,0,0,0.85915494,0.85915494,0.85915494
O=C1C[C@]23CCN(CC4CC4)[C@H](Cc4ccc(O)cc42)[C@]3(O)C[C@@H]1CCO,train,train,train,0,0,0.82258064,0.82258064,0.82258064
CC(C)CC[C@H]1C[C@@]2(O)[C@H]3Cc4ccc(O)cc4[C@@]2(CCN3CC2CC2)CC1=O,train,train,train,0,0,0.8548387,0.8548387,0.8548387
COc1ccc2c(c1)[C@]13CCN(CC4CC4)[C@H](C2)C1C[C@H](OCC(C)C)C(=O)C3,test,test,test,0,0,0.5769231,0.5769231,0.56578946
COc1ccc2c(c1)[C@]13CCN(CC4CC4)[C@H](C2)C1[C@@H](O)[C@H](OCc1ccccc1)C(=O)C3,train,train,test,0,0,0.4939759,0.4939759,0.4939759
COc1ccc2c(c1)[C@]13CCN(CC4CC4)[C@H](C2)[C@]1(O)C[C@H](O)C(=O)C3,train,train,train,0,0,0.7936508,0.7936508,0.7936508
COc1ccc2c(c1)[C@]13CCN(CC4CC4)[C@H](C2)[C@]1(O)C[C@H](NC(=O)C(C)C)C(=O)C3,train,train,train,0,0,0.8088235,0.8088235,0.8088235
CC(C)C(=O)N[C@H]1C[C@@]2(O)[C@H]3Cc4ccc(O)cc4[C@@]2(CCN3CC2CC2)CC1=O,train,train,train,0,0,0.890625,0.890625,0.828125
CC(=O)N[C@H]1C[C@@]2(O)[C@H]3Cc4ccc(O)cc4[C@@]2(CCN3CC2CC2)CC1=O,train,train,train,0,0,0.83076924,0.83076924,0.83076924
CCC(=O)N[C@H]1C[C@@]2(O)[C@H]3Cc4ccc(O)cc4[C@@]2(CCN3CC2CC2)CC1=O,test,test,test,0,0,0.84126985,0.84126985,0.84126985
CC(C)CCC(=O)N[C@H]1C[C@@]2(O)[C@H]3Cc4ccc(O)cc4[C@@]2(CCN3CC2CC2)CC1=O,train,train,train,0,0,0.92537314,0.92537314,0.92537314
CC(C)CCCC(=O)N[C@H]1C[C@@]2(O)[C@H]3Cc4ccc(O)cc4[C@@]2(CCN3CC2CC2)CC1=O,train,train,train,0,0,0.92537314,0.92537314,0.92537314
CC(C)(C)C(=O)N[C@H]1C[C@@]2(O)[C@H]3Cc4ccc(O)cc4[C@@]2(CCN3CC2CC2)CC1=O,train,train,train,0,0,0.828125,0.828125,0.828125
CC(C)CC(=O)N[C@H]1C[C@@]2(O)[C@H]3Cc4ccc(O)cc4[C@@]2(CCN3CC2CC2)CC1=O,train,train,train,0,0,0.86567163,0.86567163,0.86567163
O=C(N[C@H]1C[C@@]2(O)[C@H]3Cc4ccc(O)cc4[C@@]2(CCN3CC2CC2)CC1=O)C1CC1,test,test,train,0,0,0.91935486,0.91935486,0.93442625
O=C(N[C@H]1C[C@@]2(O)[C@H]3Cc4ccc(O)cc4[C@@]2(CCN3CC2CC2)CC1=O)C1CCCC1,test,test,train,0,0,0.9836066,0.9836066,0.93442625
O=C(N[C@H]1C[C@@]2(O)[C@H]3Cc4ccc(O)cc4[C@@]2(CCN3CC2CC2)CC1=O)c1ccccc1,train,train,train,0,0,0.8,0.8,0.8
CC[C@H](C)C(=O)N[C@H]1C[C@@]2(O)[C@H]3Cc4ccc(O)cc4[C@@]2(CCN3CC2CC2)CC1=O,train,train,test,0,0,0.890625,0.890625,0.890625
O=C(N[C@H]1C[C@@]2(O)[C@H]3Cc4ccc(O)cc4[C@@]2(CCN3CC2CC2)CC1=O)C1CCCCC1,train,train,test,0,0,0.7878788,0.7878788,0.9836066
COc1ccc2c(c1)[C@]13CCN(CC4CC4)[C@H](C2)[C@]1(O)C[C@H](CCO)C(=O)C3,test,test,train,0,0,0.859375,0.859375,0.859375
COCC[C@H]1C[C@@]2(O)[C@H]3Cc4ccc(OC)cc4[C@@]2(CCN3CC2CC2)CC1=O,train,train,train,0,0,0.8030303,0.8030303,0.859375
COc1ccc2c(c1)[C@]13CCN(C)[C@H](C2)[C@]1(O)C[C@H](CCOCc1ccccc1)C(=O)C3,train,train,train,1,1,0.72727275,0.72727275,0.65753424
O=C1C[C@]23CCN(CC4CC4)[C@H](Cc4ccc(OCc5ccccc5)cc42)[C@]3(O)C[C@@H]1CCO,train,train,train,0,0,0.75,0.75,0.7826087
COc1ccc2c(c1)[C@]13CCN(C)[C@H](C2)[C@]1(O)C[C@H](CC(=O)O)C(=O)C3,train,train,test,1,1,0.7777778,0.7777778,0.7777778
CN1CC[C@]23CC(=O)[C@@H](CC(=O)O)C[C@@]2(O)[C@H]1Cc1ccc(O)cc13,test,test,train,0,0,0.7758621,0.7758621,0.779661
COc1ccc2c(c1)[C@]13CCN(CC4CC4)[C@H](C2)[C@]1(O)C/C(=C\CC(C)C)C(=O)C3,train,train,train,0,0,0.6666667,0.6666667,0.6666667
O=C1C[C@]23CCN(CC4CC4)[C@H](Cc4ccc(O)cc42)[C@]3(O)C[C@@H]1CC1CCCC1,train,train,train,0,0,0.7903226,0.7903226,0.98245615
CCC(C)C[C@H]1C[C@@]2(O)[C@H]3Cc4ccc(O)cc4[C@@]2(CCN3CC2CC2)CC1=O,train,train,train,0,0,0.87096775,0.87096775,0.87096775
CCCC[C@H]1C[C@@]2(O)[C@H]3Cc4ccc(O)cc4[C@@]2(CCN3CC2CC2)CC1=O,train,train,train,0,0,0.82258064,0.82258064,0.82258064
CC(C)(C)C[C@H]1C[C@@]2(O)[C@H]3Cc4ccc(O)cc4[C@@]2(CCN3CC2CC2)CC1=O,train,train,train,0,0,0.7936508,0.7936508,0.7936508
CC(C)C[C@H]1C[C@@]2(O)[C@H]3Cc4ccc(O)cc4[C@@]2(CCN3CC2CC2)CC1=O,train,train,train,0,0,0.87096775,0.87096775,0.87096775
O=C1C[C@]23CCN(CC4CC4)[C@H](Cc4ccc(O)cc42)[C@]3(O)C[C@@H]1CC1CCCCC1,test,test,train,0,0,0.98245615,0.98245615,0.98245615
O=C1C[C@]23CCN(CC4CC4)[C@H](Cc4ccc(O)cc42)[C@]3(O)C[C@@H]1Cc1ccccc1,train,train,train,0,0,0.8064516,0.8064516,0.8064516
C[C@H](NC(=O)C[C@H]1C[C@@]2(O)[C@H]3Cc4ccc(O)cc4[C@@]2(CCN3C)CC1=O)C(=O)O,train,train,train,0,0,0.79710144,0.79710144,0.79710144
CN1CC[C@]23CC(=O)[C@@H](CC(=O)N4CCCCC4)C[C@@]2(O)[C@H]1Cc1ccc(O)cc13,test,test,train,0,0,0.8360656,0.8360656,0.779661
CN1CC[C@]23CC(=O)[C@@H](CC(=O)N4CCC(O)CC4)C[C@@]2(O)[C@H]1Cc1ccc(O)cc13,train,train,test,0,0,0.6571429,0.6571429,0.8360656
COC(=O)N1CCN(C(=O)Cc2ccc(Cl)c(Cl)c2)[C@@H]2[C@@H](N(C)C)CCC[C@@H]21,train,train,train,2,2,0.62903225,0.62903225,0.62903225
COC(=O)N1CCN(C(=O)Cc2ccc(F)c(Cl)c2)[C@@H]2[C@@H](N3CC[C@H](O)C3)CCC[C@@H]21,train,train,test,2,2,0.8833333,0.8833333,0.8833333
COC(=O)N1CCN(C(=O)Cc2ccc(Cl)c(F)c2)[C@@H]2[C@@H](N3CC[C@H](O)C3)CCC[C@@H]21,train,train,train,2,2,0.86885244,0.86885244,0.85
COC(=O)N1CCN(C(=O)Cc2ccc(F)c(F)c2)[C@@H]2[C@@H](N3CC[C@H](O)C3)CCC[C@@H]21,train,train,train,2,2,0.85,0.85,0.85
COC(=O)N1CCN(C(=O)Cc2ccc(Cl)cc2)[C@@H]2[C@@H](N3CC[C@H](O)C3)CCC[C@@H]21,test,test,train,2,2,0.8305085,0.8305085,0.8103448
COC(=O)N1CCN(C(=O)Cc2cccc(Cl)c2)[C@@H]2[C@@H](N3CC[C@H](O)C3)CCC[C@@H]21,train,train,train,2,2,0.7777778,0.7777778,0.7966102
COC(=O)N1CCN(C(=O)Cc2ccc(C(F)(F)F)c(Cl)c2)[C@@H]2[C@@H](N3CC[C@H](O)C3)CCC[C@@H]21,train,train,train,2,2,0.8,0.8,0.77272725
COC(=O)N1CCN(C(=O)Cc2ccc(F)c(Cl)c2)[C@@H]2[C@@H](N3CC[C@H](F)C3)CCC[C@@H]21,train,train,train,2,2,0.8833333,0.8833333,0.765625
COC(=O)CN1CCN(C(=O)Cc2ccc(Cl)c(Cl)c2)[C@@H]2[C@@H](N3CCCC3)CCC[C@@H]21,train,train,train,2,2,0.8596491,0.8596491,0.8596491
CCOC(=O)CN1CCN(C(=O)Cc2ccc(Cl)c(Cl)c2)[C@@H]2[C@@H](N3CCCC3)CCC[C@@H]21,train,train,train,2,2,0.8596491,0.8596491,0.8596491
CC(C)OC(=O)CN1CCN(C(=O)Cc2ccc(Cl)c(Cl)c2)[C@@H]2[C@@H](N3CCCC3)CCC[C@@H]21,test,test,test,2,2,0.8305085,0.8305085,0.8305085
CNC(=O)C(=O)N1CCN(C(=O)Cc2ccc(Cl)c(Cl)c2)[C@@H]2[C@@H](N3CCCC3)CCC[C@@H]21,test,test,train,2,2,0.76363635,0.76363635,0.75
CC(C)NC(=O)N1CCN(C(=O)Cc2ccc(Cl)c(Cl)c2)[C@@H]2[C@@H](N3CCCC3)CCC[C@@H]21,train,train,train,2,2,0.8113208,0.8113208,0.78571427
CS(=O)(=O)N1CCN(C(=O)Cc2ccc(Cl)c(Cl)c2)[C@@H]2[C@@H](N3CCCC3)CCC[C@@H]21,train,train,train,2,2,0.8103448,0.8103448,0.80701756
CN(C)S(=O)(=O)N1CCN(C(=O)Cc2ccc(Cl)c(Cl)c2)[C@@H]2[C@@H](N3CCCC3)CCC[C@@H]21,train,train,train,2,2,0.80701756,0.80701756,0.80701756
CS(=O)(=O)N1CCN(C(=O)Cc2ccc(Cl)c(Cl)c2)[C@@H]2[C@@H](N3CC[C@H](O)C3)CCC[C@@H]21,train,train,test,2,2,0.852459,0.852459,0.852459
CS(=O)(=O)N1CCN(C(=O)Cc2ccc(F)c(Cl)c2)[C@@H]2[C@@H](N3CC[C@H](O)C3)CCC[C@@H]21,train,train,train,2,2,0.852459,0.852459,0.87096775
CS(=O)(=O)N1CCN(C(=O)Cc2ccc(Cl)c(F)c2)[C@@H]2[C@@H](N3CC[C@H](O)C3)CCC[C@@H]21,test,test,train,2,2,0.87096775,0.87096775,0.87096775
O=C(Cc1ccc(Cl)cc1)N1CCN(S(=O)(=O)Cc2ccon2)[C@H]2CCC[C@H](N3CC[C@H](O)C3)[C@H]21,train,train,train,2,2,0.8333333,0.8333333,0.8333333
O=C(Cc1ccc(Cl)c(F)c1)N1CCN(S(=O)(=O)Cc2ccon2)[C@H]2CCC[C@H](N3CC[C@H](O)C3)[C@H]21,train,train,train,2,2,0.8333333,0.8333333,0.8333333
c1ccc(CCN(CCc2ccccc2)CC2CCC2)cc1,test,test,train,2,2,0.8181818,0.8181818,0.8181818
CN1CCC23c4cc(O)ccc4CC1C21CCC2C3[C@@H](CN2C(=O)c2ccccc2)O1,train,train,train,1,1,0.7826087,0.7826087,0.7826087
CC(C)CN1CCC23c4cc(O)ccc4CC1C21CCC2C3[C@@H](CN2C(=O)c2ccccc2)O1,train,train,train,0,0,0.8028169,0.8028169,0.8028169
O=C(c1ccccc1)N1C[C@H]2OC34CCC1C2C31CCN(CCc2ccccc2)C4Cc2ccc(O)cc21,train,train,train,0,0,0.8028169,0.8028169,0.8028169
Oc1ccc2c(c1)C13CCN(CC4CC4)C(C2)C12CCC1C3[C@@H](CN1c1cnccn1)C2,train,train,test,0,0,0.74285716,0.74285716,0.74285716
Oc1ccc2c(c1)C13CCN(CC4CC4)C(C2)C12CCC1C3[C@@H](CN1c1ccccc1)C2,train,train,train,0,0,0.75384617,0.75384617,0.75384617
O=C(Oc1ccccc1)N1C[C@H]2CC34CCC1C2C31CCN(CC2CC2)C4Cc2ccc(O)cc21,train,train,train,0,0,0.7285714,0.7285714,0.7285714
O=C(Nc1ccccc1)N1C[C@H]2CC34CCC1C2C31CCN(CC2CC2)C4Cc2ccc(O)cc21,test,test,test,0,0,0.7638889,0.7638889,0.7638889
Oc1ccc2c(c1)C13CCN(CC4CC4)C(C2)C12CCC1C3[C@@H](CN1CC1CCCCC1)C2,train,train,train,0,0,0.75384617,0.75384617,0.75384617
O=C(c1ccoc1)N1C[C@H]2CC34CCC1C2C31CCN(CC2CC2)C4Cc2ccc(O)cc21,train,train,train,0,0,0.70666665,0.70666665,0.70666665
Oc1ccc2c(c1)C13CCN(CC4CC4)C(C2)C12CCC1C3[C@@H](CN1Cc1ccccc1)C2,test,test,test,0,0,0.796875,0.796875,0.796875
Cc1cc(CSc2nnc(-c3ccccn3)n2Cc2ccco2)ccc1C(F)(F)F,test,test,train,2,2,0.7288136,0.7288136,0.7288136
CN(CCc1ccc(Cl)c(Cl)c1)[C@@H]1CCCC[C@H]1N1CCCC1,test,test,test,2,2,0.6530612,0.6530612,0.6530612
COC(=O)[C@H]1[C@](C)([C@@H](CC=O)C(=O)OC)CC[C@H]2C(=O)O[C@H](c3ccoc3)C[C@]12C,train,train,train,3,3,0.7761194,0.7761194,0.7878788
COC(=O)[C@@H]1C[C@]2(CCC(=O)O2)C(=O)[C@H]2[C@@]1(C)CC[C@H]1C(=O)O[C@H](c3ccoc3)C[C@]21C,train,train,test,3,3,0.734375,0.734375,0.734375
COC(=O)[C@H]1[C@](C)([C@@H](CCOC(C)=O)C(=O)OC)CC[C@H]2C(=O)O[C@H](c3ccoc3)C[C@]12C,train,train,test,3,3,0.7761194,0.7761194,0.7761194
COC(=O)[C@H]1[C@](C)([C@@H](CC(OC)OC)C(=O)OC)CC[C@H]2C(=O)O[C@H](c3ccoc3)C[C@]12C,test,test,train,3,3,0.7878788,0.7878788,0.7878788
CN(C(=O)/C=C/c1ccoc1)[C@@H]1CC[C@@]2(O)[C@H]3[C@@H](O)c4ccc(O)c5c4[C@@]2(CCN3CC2CC2)[C@H]1O5,train,train,train,1,1,0.82894737,0.82894737,0.8513514
CN(C(=O)CCc1ccccc1)[C@@H]1CC[C@@]2(O)[C@H]3[C@@H](O)c4ccc(O)c5c4[C@@]2(CCN3CC2CC2)[C@H]1O5,train,train,test,1,1,0.9130435,0.9130435,0.9130435
CN(C(=O)CCCc1ccccc1)[C@@H]1CC[C@@]2(O)[C@H]3[C@@H](O)c4ccc(O)c5c4[C@@]2(CCN3CC2CC2)[C@H]1O5,train,train,train,1,1,0.9130435,0.9130435,0.75
CN(C(=O)COc1ccccc1)[C@@H]1CC[C@@]2(O)[C@H]3[C@@H](O)c4ccc(O)c5c4[C@@]2(CCN3CC2CC2)[C@H]1O5,train,train,train,1,1,0.7702703,0.7702703,0.76
CN(C(=O)/C=C/c1ccccc1)[C@@H]1CC[C@@]2(O)[C@H]3[C@@H](O)c4ccc(O)c5c4[C@@]2(CCN3CC2CC2)[C@H]1O5,test,test,train,1,1,0.8888889,0.8888889,0.90140843
CN(C(=O)C#Cc1ccccc1)[C@@H]1CC[C@@]2(O)[C@H]3[C@@H](O)c4ccc(O)c5c4[C@@]2(CCN3CC2CC2)[C@H]1O5,train,train,train,1,1,0.76,0.76,0.76
Cc1ccc(/C=C/C(=O)N(C)[C@@H]2CC[C@@]3(O)[C@H]4[C@@H](O)c5ccc(O)c6c5[C@@]3(CCN4CC3CC3)[C@H]2O6)cc1,test,test,test,1,1,0.89041096,0.89041096,0.9027778
CN(C(=O)/C=C/c1ccc(Cl)cc1)[C@@H]1CC[C@@]2(O)[C@H]3[C@@H](O)c4ccc(O)c5c4[C@@]2(CCN3CC2CC2)[C@H]1O5,train,train,train,1,1,0.82894737,0.82894737,0.9027778
CN(C(=O)/C=C/c1ccc(O)cc1)[C@@H]1CC[C@@]2(O)[C@H]3[C@@H](O)c4ccc(O)c5c4[C@@]2(CCN3CC2CC2)[C@H]1O5,test,test,train,1,1,0.9027778,0.9027778,0.9027778
CN(C(=O)/C=C/c1ccncc1)[C@@H]1CC[C@@]2(O)[C@H]3[C@@H](O)c4ccc(O)c5c4[C@@]2(CCN3CC2CC2)[C@H]1O5,test,test,train,1,1,0.85333335,0.85333335,0.8767123
CN(C(=O)/C=C/c1cccnc1)[C@@H]1CC[C@@]2(O)[C@H]3[C@@H](O)c4ccc(O)c5c4[C@@]2(CCN3CC2CC2)[C@H]1O5,train,train,train,1,1,0.7875,0.7875,0.8552632
CN(C(=O)/C=C/c1ccccn1)[C@@H]1CC[C@@]2(O)[C@H]3[C@@H](O)c4ccc(O)c5c4[C@@]2(CCN3CC2CC2)[C@H]1O5,train,train,train,1,1,0.7804878,0.7804878,0.82894737
CN(C(=O)/C=C/c1ccsc1)[C@@H]1CC[C@@]2(O)[C@H]3[C@@H](O)c4ccc(O)c5c4[C@@]2(CCN3CC2CC2)[C@H]1O5,train,train,train,1,1,0.82894737,0.82894737,0.8648649
CN(C(=O)/C=C/c1ccco1)[C@@H]1CC[C@@]2(O)[C@H]3[C@@H](O)c4ccc(O)c5c4[C@@]2(CCN3CC2CC2)[C@H]1O5,train,train,test,1,1,0.7848101,0.7848101,0.81578946
N[C@@H](Cc1ccc(O)cc1)C(=O)N[C@@H]1CSSC[C@@H](NC(=O)[C@@H](N)Cc2ccc(O)cc2)C(=O)NCC(=O)N[C@@H](Cc2ccccc2)C(=O)N2CCN(CC2)C(=O)[C@H](Cc2ccccc2)NC(=O)CNC1=O,train,train,test,4,4,0.7916667,0.7916667,0.7916667
Cc1cc(O)cc(C)c1C[C@H](N)C(=O)N[C@@H]1CSSC[C@@H](NC(=O)[C@@H](N)Cc2c(C)cc(O)cc2C)C(=O)NCC(=O)N[C@@H](Cc2ccccc2)C(=O)N2CCN(CC2)C(=O)[C@H](Cc2ccccc2)NC(=O)CNC1=O,train,train,train,4,4,0.8,0.8,0.8
CC1(C)SSC(C)(C)[C@H](NC(=O)[C@@H](N)Cc2ccc(O)cc2)C(=O)NCC(=O)N[C@@H](Cc2ccccc2)C(=O)N2CCN(CC2)C(=O)[C@H](Cc2ccccc2)NC(=O)CNC(=O)[C@H]1NC(=O)[C@@H](N)Cc1ccc(O)cc1,train,train,train,4,4,0.739726,0.739726,0.6097561
N[C@@H](Cc1ccc(O)cc1)C(=O)N[C@@H]1CSSC[C@@H](NC(=O)[C@@H](N)Cc2ccc(O)cc2)C(=O)NCC(=O)N[C@@H](Cc2ccccc2)C(=O)NCCSSCCNC(=O)[C@H](Cc2ccccc2)NC(=O)CNC1=O,train,train,test,4,4,0.79452056,0.79452056,0.79452056
Cc1cc(O)cc(C)c1C[C@H](N)C(=O)N[C@@H]1CSSC[C@@H](NC(=O)[C@@H](N)Cc2c(C)cc(O)cc2C)C(=O)NCC(=O)N[C@@H](Cc2ccccc2)C(=O)NCCSSCCNC(=O)[C@H](Cc2ccccc2)NC(=O)CNC1=O,train,train,train,4,4,0.8,0.8,0.8
CN(C)[C@H](CNC(=O)Nc1ccc(C(N)=O)cc1)c1cccs1,train,train,train,2,2,0.25641027,0.25641027,0.25641027
CC(=O)O[C@@]12C=C[C@@H](OC1=O)[C@H]1[C@]3(C)C[C@H](c4ccoc4)OC(=O)[C@@H]3CC[C@]12C,train,train,train,3,3,0.75384617,0.75384617,0.75384617
C[C@@]12C[C@H](c3ccoc3)OC(=O)[C@@H]1CC[C@]1(C)[C@H]2[C@H]2CC[C@]1(O)C(=O)O2,train,train,train,3,3,0.6451613,0.6451613,0.5735294
COCO[C@@]12C=C[C@@H](OC1=O)[C@H]1[C@]3(C)C[C@H](c4ccoc4)OC(=O)[C@@H]3CC[C@]12C,train,train,train,3,3,0.75384617,0.75384617,0.75384617
C[C@@]12C[C@H](c3ccoc3)OC(=O)[C@@H]1CC[C@]1(C)[C@H]2[C@H]2C=C[C@]1(OC(=O)/C=C/c1ccccc1)C(=O)O2,train,train,train,3,3,0.74647886,0.74647886,0.74647886
C[C@@]12C[C@H](c3ccoc3)OC(=O)[C@@H]1CC[C@]1(C)[C@H]2[C@@H]2OC(=O)[C@@]1(O)[C@H](O)[C@@H]2O,train,train,test,3,3,0.6451613,0.6451613,0.6451613
C[C@H]1[C@H]2Cc3ccc(O)cc3[C@@]1(C)CC[N+]2(C)CC1CC1,train,train,train,0,0,0.7058824,0.7058824,0.51785713
C=CC[N+]1(C)CC[C@]2(C)c3cc(O)ccc3C[C@@H]1[C@@H]2C,train,train,test,0,0,0.7058824,0.7058824,0.7058824
COc1ccc2c3c1O[C@@H]1[C@]34CCN(CC3CC3)[C@H](C2)[C@]42C=C[C@@]1(OC)[C@@H](C(=O)c1ccccc1)C2,train,train,train,1,1,0.6219512,0.6219512,0.6219512
COc1ccc2c3c1O[C@@H]1[C@]34CCN(CC3CC3)[C@H](C2)[C@]42CC[C@@]1(OC)[C@@](C)(C(=O)c1ccc(C(F)(F)F)cc1)C2,train,train,test,1,1,0.8552632,0.8552632,0.84210527
COc1ccc2c3c1O[C@@H]1[C@]34CCN(CC3CC3)[C@H](C2)[C@]42CC[C@@]1(OC)[C@@](C)(C(=O)c1ccc(-c3ccccc3)cc1)C2,train,train,train,1,1,0.92957747,0.92957747,0.92957747
COc1ccc(C(=O)[C@@]2(C)C[C@@]34CC[C@]2(OC)[C@@H]2Oc5c(OC)ccc6c5[C@@]23CCN(CC2CC2)[C@@H]4C6)cc1,train,train,test,1,1,0.90140843,0.90140843,0.90140843
COc1ccc2c3c1O[C@@H]1[C@]34CCN(CC3CC3)[C@H](C2)[C@]42CC[C@@]1(OC)[C@@](C)(C(=O)c1ccccc1)C2,train,train,train,1,1,0.92957747,0.92957747,0.92957747
N#Cc1ccc2nnc(C(=O)N3CCC(c4ccccc4C(F)(F)F)CC3)n2c1,train,train,train,2,2,0.24390244,0.24390244,0.24390244
COc1ccc2c3c1O[C@@H]1[C@]34CCN(C)[C@H](C2)[C@]42C=C[C@@]1(OC)[C@@H](c1ccccc1)C2,train,train,train,1,1,0.5769231,0.5769231,0.5769231
COc1ccc2c3c1O[C@@H]1[C@]34CCN(CC3CC3)[C@H](C2)[C@]42CC[C@@]1(OC)[C@@H](c1ccc(N)cc1)C2,train,train,train,1,1,0.8028169,0.8028169,0.8028169
COc1ccc2c3c1O[C@@H]1[C@]34CCN(CC3CC3)[C@H](C2)[C@]42CC[C@@]1(OC)[C@@H](c1ccc(NC(C)=O)cc1)C2,train,train,train,1,1,0.8666667,0.8666667,0.8028169
COc1ccc2c3c1O[C@@H]1[C@]34CCN(CC3CC3)[C@H](C2)[C@]42CC[C@@]1(OC)[C@@H](c1ccc(NC(=O)c3ccccc3)cc1)C2,train,train,test,1,1,0.8666667,0.8666667,0.8666667
CC(C)C[C@H](NC(=O)[C@H](Cc1ccccc1)NC(=O)CNC(=O)CNC(=O)[C@@H](N)Cc1ccc(O)cc1)C(=O)O,test,test,train,4,4,0.53125,0.53125,0.53125
N=C(N)Nc1ccc2c3c([nH]c2c1)[C@@H]1Oc2c(O)ccc4c2[C@@]12CCN(CC1CC1)[C@H](C4)[C@]2(O)C3,train,train,train,1,1,0.7297297,0.7297297,0.7
COC(=O)[C@@H]1C[C@H](OC(=O)CSC#N)C(=O)[C@H]2[C@@]1(C)CC[C@H]1C(=O)O[C@H](c3ccoc3)C[C@]21C,test,test,train,3,3,0.8055556,0.8055556,0.8055556
Cc1ccc(NC(=O)[C@H]2CC=C[C@H]3CCN(Cc4ccccc4F)C(=O)[C@@H]23)cc1C(F)(F)F,train,train,train,2,2,0.25773194,0.25773194,0.25773194
CCN1CCN(C(=O)Cc2ccc(Cl)c(Cl)c2)[C@H]2[C@@H]1CCC[C@@H]2N1CCCC1,test,test,test,2,2,0.8490566,0.8490566,0.8490566
CCCN1CCN(C(=O)Cc2ccc(Cl)c(Cl)c2)[C@@H]2[C@@H](N3CCCC3)CCC[C@@H]21,train,train,train,2,2,0.8888889,0.8888889,0.8888889
COC(=O)[C@@H]1C[C@H](OC(=O)Cl)C(=O)[C@H]2[C@@]1(C)CC[C@H]1C(=O)O[C@H](c3ccoc3)C[C@]21C,train,train,test,3,3,0.8730159,0.8730159,0.8730159
CCC1(C)CC(CCNCc2ccccc2O)(c2ccccc2OC)CCO1,train,train,train,1,1,0.32,0.32,0.4
CC[C@@H]1CN2CC[C@]3(Nc4cccc(-c5ccccc5)c4C3=O)[C@@H]2C[C@@H]1/C(=C\OC)C(=O)OC,train,train,train,2,2,0.25,0.25,0.25
CC[C@@H]1CN2CC[C@]3(Nc4cccc(OC)c4C3=O)[C@@H]2C[C@@H]1/C(=C\OC)C(=O)OC,test,test,test,2,2,0.8028169,0.8028169,0.8028169
Oc1ccc2c3c1O[C@H]1c4ncc(-c5ccc(Cl)cc5)cc4C[C@@]4(OCCCc5ccccc5)[C@@H](C2)N(CC2CC2)CC[C@]314,test,test,test,1,1,0.8780488,0.8780488,0.8780488
Oc1ccc2c3c1O[C@H]1c4ncc(-c5ccc(Br)cc5)cc4C[C@@]4(OCCCc5ccccc5)[C@@H](C2)N(CC2CC2)CC[C@]314,train,train,train,1,1,0.85714287,0.85714287,0.8780488
Oc1ccc2c3c1O[C@H]1c4ncc(-c5ccc(F)cc5)cc4C[C@@]4(OCCCc5ccccc5)[C@@H](C2)N(CC2CC2)CC[C@]314,test,test,train,1,1,0.8780488,0.8780488,0.8780488
COc1ccc(-c2cnc3c(c2)C[C@@]2(OCCCc4ccccc4)[C@H]4Cc5ccc(O)c6c5[C@@]2(CCN4CC2CC2)[C@H]3O6)cc1,train,train,train,1,1,0.85714287,0.85714287,0.85714287
Oc1ccc2c3c1O[C@H]1c4ncc(-c5ccccc5)cc4C[C@@]4(OCCCC5CCCCC5)[C@@H](C2)N(CC2CC2)CC[C@]314,test,test,train,1,1,0.7647059,0.7647059,0.7647059
