smiles,split_shipped,split_R0_from_D0,split_R2_from_D2,cluster_D0,cluster_D2,nn_ecfp4_sim_to_train_shipped,nn_ecfp4_sim_to_train_R0,nn_ecfp4_sim_to_train_R2
Cn1c(C(=O)NN2CCCCC2)nc(-c2ccc(Cl)cc2)c1-c1ccc(Cl)cc1,train,train,train,2,2,0.78431374,0.78431374,0.6666667
Cn1c(C(=O)NC2CCCCC2)nc(-c2ccc(Cl)cc2)c1-c1ccc(Cl)cc1,train,train,train,3,3,0.78846157,0.78846157,0.78846157
Cn1c(C(=O)NN2CCCCC2)nc(-c2ccc(Cl)cc2Cl)c1-c1ccc(Cl)cc1,train,train,test,2,2,0.78431374,0.78431374,0.78431374
Cn1c(C(=O)NC2CCCCC2)nc(-c2ccc(Cl)cc2Cl)c1-c1ccc(Cl)cc1,train,train,train,2,2,0.78846157,0.78846157,0.78846157
N#Cc1cc(-c2ccc(Cl)cc2)c(-c2ccc(Cl)cc2Cl)nc1OCc1ccc(F)c(F)c1,train,train,test,3,3,0.7777778,0.7777778,0.7777778
CCNC(=O)c1cc(-c2ccc(Cl)cc2)c(-c2ccc(Cl)cc2Cl)nc1OCc1ccccc1,train,train,train,3,3,0.8032787,0.8032787,0.8032787
CCNC(=O)c1cc(-c2ccc(Cl)cc2)c(-c2ccc(Cl)cc2Cl)nc1OCc1ccc(F)c(F)c1,train,train,train,3,3,0.86885244,0.86885244,0.86885244
CCCNC(=O)c1cc(-c2ccc(Cl)cc2)c(-c2ccc(Cl)cc2Cl)nc1OCc1ccc(F)c(F)c1,train,train,train,3,3,0.86885244,0.86885244,0.86885244
N#Cc1cc(-c2ccc(Cl)cc2)c(-c2ccc(Cl)cc2Cl)nc1OCc1ccccc1,train,train,train,3,3,0.7777778,0.7777778,0.6031746
O=C1C(c2ccccc2)N(c2ccc(Cl)cc2)C(=O)N1c1ccc(Cl)cc1,train,train,train,3,3,0.8484849,0.8484849,0.8484849
O=C1C(c2ccccc2)N(c2cccc(I)c2)C(=S)N1c1cccc(I)c1,train,train,train,3,3,0.5777778,0.5777778,0.5777778
O=C1C(c2ccccc2)N(c2ccc(Br)cc2)C(=S)N1c1ccc(Br)cc1,train,train,train,3,3,0.74358976,0.74358976,0.74358976
O=C1C(c2ccccc2)N(c2ccc(Cl)cc2)C(=S)N1c1ccc(Cl)cc1,train,train,train,3,3,0.74358976,0.74358976,0.74358976
O=C1C(c2ccc(Br)cc2)N(c2ccc(Cl)cc2)C(=O)N1c1ccc(Cl)cc1,test,test,train,3,3,0.85294116,0.85294116,0.85294116
O=C1C(c2ccc(Cl)cc2)N(c2ccc(Cl)cc2)C(=O)N1c1ccc(Cl)cc1,train,train,train,3,3,0.8484849,0.8484849,0.85294116
O=C1C(c2ccccc2)N(c2ccc(Br)cc2)C(=O)N1c1ccc(Br)cc1,train,train,train,3,3,0.7368421,0.7368421,0.7368421
O=C1C(c2ccccc2)N(c2cccc(Cl)c2)C(=O)N1c1cccc(Cl)c1,train,train,train,3,3,0.6923077,0.6923077,0.6923077
C[C@H](NC(=O)C(C)(C)Oc1ccc(C(F)(F)F)cn1)[C@@H](Cc1ccc(Cl)cc1)c1cccc(C#N)c1,train,train,train,3,3,0.74666667,0.74666667,0.74666667
O=C(Nc1ccc(Cl)cc1)NC(c1ccc(Cl)cc1)c1ccc(Cl)cc1,train,train,train,4,4,0.84375,0.84375,0.84375
CCCCCCC(C)(C)c1cc(O)c2c(c1)OC(C)(C)[C@H]1CC=C(CO)C[C@H]21,train,train,train,0,0,0.75409836,0.75409836,0.75409836
S=C(Nc1ccc(Cl)cc1)NC(c1ccc(Br)cc1)c1ccc(Br)cc1,train,train,test,4,4,0.68421054,0.68421054,0.68421054
O=C(Nc1ccc(Br)cc1)NC(c1ccc(Br)cc1)c1ccc(Br)cc1,train,train,test,3,3,0.84375,0.84375,0.84375
O=C(Nc1ccc(Cl)cc1)NC(c1ccc(Br)cc1)c1ccc(Br)cc1,train,train,test,4,4,1.0,1.0,1.0
O=C(Nc1ccc(Br)cc1)NC(c1ccc(Cl)cc1)c1ccc(Cl)cc1,train,train,train,4,4,1.0,1.0,0.84375
CCCCC/C=C\C/C=C\C/C=C\C/C=C\CCCC(=O)OC(CO)CO,test,test,train,3,3,0.30357143,0.30357143,0.30357143
CCCCCOc1ccc(C(=O)c2cccc3ccccc23)c2ccccc12,test,test,train,3,3,0.53846157,0.53846157,0.53846157
Cc1ccc(C(=O)Oc2cccc3cccnc23)cc1S(=O)(=O)N1CCCCC1,train,train,train,0,0,0.82758623,0.82758623,0.82758623
O=C(Nc1ccc(Cl)c(S(=O)(=O)N2CCOCC2)c1)c1ccccc1,train,train,test,0,0,0.7037037,0.7037037,0.7037037
O=C(Nc1ccc(Cl)c(S(=O)(=O)N2CCOCC2)c1)c1cccc2ccccc12,train,train,train,3,3,0.7037037,0.7037037,0.4852941
Cc1ccc(NC(=O)c2cccc(C#N)c2)cc1S(=O)(=O)N1CCOCC1,test,test,train,0,0,0.5833333,0.5833333,0.52380955
O=C(Nc1ccccc1O)c1ccc(Cl)c(S(=O)(=O)N2CCCCCC2)c1,train,train,train,0,0,0.515625,0.515625,0.41538462
Cc1ccc(C(=O)Nc2cccc3cnccc23)cc1S(=O)(=O)N1CCCCC1,train,train,test,0,0,0.515625,0.515625,0.515625
Cc1ccc(C(=O)Oc2ccccc2Br)cc1S(=O)(=O)N1CCOCC1,train,train,train,0,0,0.7924528,0.7924528,0.7924528
COc1ccccc1OC(=O)c1ccc(C)c(S(=O)(=O)N2CCOCC2)c1,train,train,train,0,0,0.7924528,0.7924528,0.7924528
O=C(Oc1cccc2cccnc12)c1cccc(S(=O)(=O)N2CCCC2)c1,train,train,test,0,0,0.9787234,0.9787234,0.9787234
O=C(Oc1cccc2cccnc12)c1cccc(S(=O)(=O)N2CCCCCC2)c1,train,train,train,0,0,1.0,1.0,1.0
O=C(Oc1cccc2cccnc12)c1cccc(S(=O)(=O)N2CCCCC2)c1,train,train,train,0,0,1.0,1.0,1.0
COc1ccc(C(=O)Oc2cccc3cccnc23)cc1S(=O)(=O)N1CCOCC1,test,test,train,0,0,0.81666666,0.81666666,0.81666666
Cc1ccc(C(=O)Oc2cccc3cccnc23)cc1S(=O)(=O)N1CCOCC1,train,train,train,0,0,0.82758623,0.82758623,0.82758623
Cc1c(C(=O)NC2CCCc3ccccc32)oc2ccc(S(=O)(=O)N3CC(C)CC(C)C3)cc12,train,train,train,0,0,0.4189189,0.4189189,0.4189189
O=C(c1ccc2c(c1)OC(c1ccccc1)(c1ccccc1)O2)N1CCOCC1,train,train,train,0,0,0.6956522,0.6956522,0.58928573
O=C(c1ccc2c(c1)OC(c1ccc(F)cc1)(c1ccc(Cl)cc1Cl)O2)N1CCOCC1,train,train,train,0,0,0.6666667,0.6666667,0.6666667
O=C(c1cc2c(cc1F)OC(c1ccccc1)(c1ccccc1)O2)N1CCOCC1,train,train,test,3,3,0.79545456,0.79545456,0.79545456
O=C(c1cc2c(cc1F)OC(c1ccccc1)(c1ccccc1)O2)N1CCCCC1,train,train,train,0,0,0.81395346,0.81395346,0.6666667
O=S(=O)(c1cc2c(cc1F)OC(c1ccc(F)cc1F)(c1ccc(F)cc1F)O2)N1CCC(F)(F)CC1,train,train,train,0,0,0.7708333,0.7708333,0.7708333
O=S(=O)(c1cc2c(cc1F)OC(c1ccc(F)cc1F)(c1ccc(F)cc1F)O2)N1CCOCC1,train,train,train,0,0,0.7708333,0.7708333,0.7708333
O=S(=O)(c1cc2c(cc1F)OC(c1ccc(F)cc1)(c1ccc(Cl)cc1Cl)O2)N1CCOCC1,train,train,train,0,0,0.6851852,0.6851852,0.6851852
O=C(c1cc2c(cc1F)OC(c1ccccc1F)(c1ccc(Cl)cc1Cl)O2)N1CCOCC1,train,train,train,3,3,0.6727273,0.6727273,0.6727273
CO[C@H]1CCCN1C(=O)c1cc2c(cc1F)OC(c1ccc(F)cc1F)(c1ccc(F)cc1F)O2,train,train,test,0,0,0.5862069,0.5862069,0.625
O=C(c1cc2c(cc1F)OC(c1ccc(F)cc1F)(c1ccc(F)cc1F)O2)N1CCC(F)(F)CC1,train,train,train,0,0,0.7708333,0.7708333,0.78723407
O=C(c1cc2c(cc1F)OC(c1ccc(F)cc1F)(c1ccc(F)cc1F)O2)N1CCOCC1,train,train,train,0,0,0.7708333,0.7708333,0.8043478
O=C(c1cc2c(cc1F)OC(c1ccc(F)cc1)(c1ccc(Cl)cc1Cl)O2)N1CCCCC1,train,train,train,0,0,0.80701756,0.80701756,0.80701756
O=C(c1cc2c(cc1F)OC(c1ccc(F)cc1F)(c1ccc(F)cc1F)O2)N1CCCCC1,test,test,train,0,0,0.8043478,0.8043478,0.8043478
COc1ccc(C2(c3ccc(Cl)cc3Cl)Oc3cc(F)c(C(=O)N4CCCCC4)cc3O2)cc1,train,train,train,0,0,0.80701756,0.80701756,0.80701756
O=C(c1cc2c(cc1F)OC(c1ccc(F)cc1)(c1ccc(F)cc1)O2)N1CCCCC1,train,train,test,0,0,0.81395346,0.81395346,0.81395346
CC1(C)[C@H]2CC[C@](C)(C2)[C@@H]1NC(=O)c1ccc(Br)c(S(=O)(=O)N2CCOCC2)c1,train,train,test,0,0,0.84745765,0.84745765,0.84745765
Cc1ccc(C(=O)NC(C)C(C)(C)C)cc1S(=O)(=O)N1CCOCC1,test,test,train,0,0,0.81632656,0.81632656,0.81632656
Cc1ccc(C(=O)NC2C(C)CCCC2C)cc1S(=O)(=O)N1CCOCC1,train,train,train,0,0,0.61403507,0.61403507,0.7407407
Cc1ccc(C(=O)NC(C(C)(C)C)C(C)(C)C)cc1S(=O)(=O)N1CCOCC1,train,train,train,0,0,0.625,0.625,0.81632656
Cc1ccc(C(=O)NC23CC4CC(CC(C4)C2)C3)cc1S(=O)(=O)N1CCOCC1,train,train,train,0,0,0.75,0.75,0.75
Cc1ccc(C(=O)NCC23CC4CC(CC(C4)C2)C3)cc1S(=O)(=O)N1CCOCC1,train,train,train,0,0,0.75,0.75,0.75
Cc1ccc(C(=O)N[C@H]2CC3CC[C@@]2(C)C3(C)C)cc1S(=O)(=O)N1CCOCC1,train,train,train,0,0,0.609375,0.609375,0.62903225
Cc1ccc(C(=O)NC(C)C23CC4CC(CC(C4)C2)C3)cc1S(=O)(=O)N1CCOCC1,test,test,train,0,0,0.75,0.75,0.75
Cc1ccc(C(=O)NC2C3CC4CC(C3)CC2C4)cc1S(=O)(=O)N1CCOCC1,test,test,train,0,0,0.7407407,0.7407407,0.7407407
CC1(C)[C@H]2CC[C@](C)(C2)[C@@H]1NC(=O)c1ccc(Br)c(S(=O)(=O)N2CCCCC2)c1,train,train,train,0,0,0.9814815,0.9814815,0.9814815
CC1(C)[C@H]2CC[C@](C)(C2)[C@@H]1NC(=O)c1ccc(Br)c(S(=O)(=O)N2CCCC2)c1,train,train,train,0,0,0.9814815,0.9814815,0.9814815
CCCCCCN1C(=O)/C(=N\NC(=O)Cc2ccccc2)c2ccccc21,test,test,train,3,3,0.74509805,0.74509805,0.74509805
CCCCCCN1C(=O)/C(=N\NC(=O)c2ccccc2)c2ccccc21,train,train,train,3,3,0.8076923,0.8076923,0.97727275
O=C(Cc1ccccc1)N/N=C1\C(=O)N(CCC2CCCCC2)c2ccccc21,train,train,test,3,3,0.6101695,0.6101695,0.64912283
O=C(N/N=C1\C(=O)N(Cc2ccc(Cl)cc2)c2ccccc21)c1ccccc1,test,test,test,3,3,0.8666667,0.8666667,0.8666667
O=C(N/N=C1\C(=O)N(CC2CCCCC2)c2ccccc21)c1ccccc1,train,train,train,3,3,0.7413793,0.7413793,0.7413793
CCCCCN1C(=O)/C(=N\NC(=O)c2ccccc2)c2ccccc21,test,test,train,3,3,0.97727275,0.97727275,0.97727275
CCCCCCN1C(=O)/C(=N\NC(=O)c2ccc(OC)cc2)c2ccccc21,train,train,train,3,3,0.8076923,0.8076923,0.8076923
CCCCCCN1C(=O)/C(=N\NC(=O)OC(C)(C)C)c2ccccc21,train,train,train,3,3,0.6851852,0.6851852,0.6851852
Fc1ccc(-c2noc(CCCCc3ccc4ncccc4c3)n2)c(Cl)c1,train,train,train,3,3,0.7457627,0.7457627,0.7457627
Fc1ccc(-c2noc(CCCNc3ccc4ncccc4c3)n2)c(Cl)c1,train,train,train,3,3,0.79310346,0.79310346,0.79310346
Fc1ccc(-c2noc(CCCNc3nc4ccc(Cl)cc4s3)n2)c(Cl)c1,train,train,train,3,3,0.5970149,0.5970149,0.5970149
CC(C)(C)c1cc(NCCCc2nc(-c3ccc(F)cc3Cl)no2)no1,train,train,train,3,3,0.7413793,0.7413793,0.7413793
N#Cc1cc(NCCCc2nc(-c3ccc(F)cc3Cl)no2)cnc1OCC(F)(F)F,train,train,train,3,3,0.6086956,0.6086956,0.6086956
CC(C)(C)c1cc(NC(=O)CCc2nc(-c3ccc(F)cc3Cl)no2)no1,train,train,train,0,0,0.7413793,0.7413793,0.7413793
O=C(CCc1nc(-c2ccc(F)cc2Cl)no1)Nc1ccc(C(F)(F)F)nc1,train,train,train,3,3,0.6984127,0.6984127,0.6984127
CC(C)c1ccc(NC(=O)CCc2nc(-c3ccc(F)cc3Cl)no2)cc1,train,train,train,3,3,0.6984127,0.6984127,0.6984127
O=C(CCc1nc(-c2ccc(F)cc2Cl)no1)Nc1nnc(N2CCCCC2)s1,train,train,train,3,3,0.6,0.6,0.6
O=C(CCc1nc(-c2ccc(F)cc2Cl)no1)Nc1nc2ccc(OC(F)(F)F)cc2s1,train,train,train,3,3,0.5769231,0.5769231,0.5769231
O=C(CCc1nc(-c2ccc(F)cc2Cl)no1)Nc1cnc2ncc(Cl)cc2c1,train,train,test,3,3,0.6923077,0.6923077,0.6923077
CCn1c2ccccc2c2cc(NC(=O)CCc3nc(-c4ccc(F)cc4C#N)no3)ccc21,train,train,train,3,3,0.8115942,0.8115942,0.8115942
CCn1c2ccccc2c2cc(NC(=O)CCc3nc(-c4ccc(F)cc4C)no3)ccc21,train,train,train,3,3,0.8358209,0.8358209,0.8358209
CCn1c2ccccc2c2cc(NC(=O)CCc3nc(-c4ccc(F)cc4Cl)no3)ccc21,train,train,train,3,3,0.8358209,0.8358209,0.8358209
COc1ccc2c(c1)N(CC1CCCCC1)C(=O)/C2=N\NC(=O)c1ccccc1,train,train,train,3,3,0.7413793,0.7413793,0.7413793
CCCCCN1C(=O)/C(=N\NC(=O)c2ccccc2)c2ccc(OC)cc21,train,train,train,3,3,0.7719298,0.7719298,0.7719298
CCn1c2ccccc2c2cc(NC(=O)C3(S(=O)(=O)c4ccccc4)CC3)ccc21,train,train,train,3,3,0.45945945,0.45945945,0.45945945
Cc1ccccc1-c1nnc(NC(=O)C(C)(C)S(=O)(=O)c2ccc(Cl)cc2)s1,train,train,train,3,3,0.5081967,0.5081967,0.5081967
CC(C)(C)c1cc(NC(=O)C(C)(C)S(=O)(=O)c2ccc(Cl)cc2)no1,train,train,train,0,0,0.75,0.75,0.75
Cc1ccc(-c2cncc(NC(=O)C(C)(C)S(=O)(=O)c3ccc(Cl)cc3)c2)s1,train,train,test,2,2,0.5409836,0.5409836,0.5409836
CC(C)(C(=O)Nc1cnc2ccccc2c1)S(=O)(=O)c1ccc(Cl)cc1,train,train,train,3,3,0.81632656,0.81632656,0.6666667
CC(C)(C(=O)Nc1cnc2ccccc2c1)S(=O)(=O)c1ccc(F)cc1,train,train,test,3,3,0.81632656,0.81632656,0.81632656
CC(C)(C(=O)Nc1cnc2ccccc2c1)S(=O)(=O)c1ccc(C(F)(F)F)cc1Cl,train,train,train,3,3,0.6666667,0.6666667,0.6666667
CCc1c(C2=NC(=O)C(C)(C)N2C)nn(-c2ccc(Cl)cc2Cl)c1-c1ccc(Cl)cc1,test,test,test,2,2,0.7818182,0.7818182,0.7818182
Cc1c(C2=NC(=O)C(C)(C)N2C)nn(-c2ccc(Cl)cc2Cl)c1-c1ccc(C(F)(F)F)cc1,test,test,train,2,2,0.6557377,0.6557377,0.6557377
Cc1c(C2=NC(=S)C(C)(C)N2C)nn(-c2ccc(Cl)cc2Cl)c1-c1ccc(Cl)cc1,train,train,train,2,2,0.7777778,0.7777778,0.7777778
CCc1c(C2=NC(=S)C(C)(C)N2C)nn(-c2ccc(Cl)cc2Cl)c1-c1ccc(Cl)cc1,train,train,train,2,2,0.7777778,0.7777778,0.7777778
CCc1c(C2=NC(C)(C)C(=O)N2)nn(-c2ccc(Cl)cc2Cl)c1-c1ccc(Cl)cc1,train,train,train,2,2,0.7627119,0.7627119,0.7627119
CCc1c(C2=NC3(CCC3)C(=O)N2)nn(-c2ccc(Cl)cc2Cl)c1-c1ccc(Cl)cc1,train,train,train,2,2,0.7627119,0.7627119,0.7627119
CCc1c(C2=NC(C)(C)C(=O)N2C)nn(-c2ccc(Cl)cc2Cl)c1-c1ccc(Cl)cc1,train,train,train,2,2,0.69491524,0.69491524,0.69491524
Cc1c(C(=O)NN2CCCCC2)nn(-c2ccc(Cl)cc2Cl)c1-c1ccc(C#CCOc2ccccc2)s1,train,train,test,2,2,0.8356164,0.8356164,0.8356164
Cc1c(C(=O)NN2CCCCC2)nn(-c2ccc(Cl)cc2Cl)c1-c1ccc(C#CCN(C)C)s1,train,train,train,2,2,0.86567163,0.86567163,0.86567163
Cc1c(C(=O)NN2CCCCC2)nn(-c2ccc(Cl)cc2Cl)c1-c1ccc(C#CCNC(C)C)s1,train,train,train,2,2,0.8955224,0.8955224,0.8955224
Cc1c(C(=O)NN2CCCCC2)nn(-c2ccc(Cl)cc2Cl)c1-c1ccc(C#CCOC(C)C)s1,train,train,train,2,2,0.8472222,0.8472222,0.8472222
CCOCC#Cc1ccc(-c2c(C)c(C(=O)NN3CCCCC3)nn2-c2ccc(Cl)cc2Cl)s1,train,train,train,2,2,0.884058,0.884058,0.884058
COCC#Cc1ccc(-c2c(C)c(C(=O)NN3CCCCC3)nn2-c2ccc(Cl)cc2Cl)s1,train,train,train,2,2,0.884058,0.884058,0.884058
Cc1c(C(=O)NN2CCCCC2)nn(-c2ccc(Cl)cc2Cl)c1-c1ccc(C#CCCc2ccccc2)s1,train,train,train,2,2,0.82191783,0.82191783,0.82191783
Cc1c(C(=O)NN2CC3CCCC3C2)nn(-c2ccc(Cl)cc2Cl)c1-c1ccc(C#CC2CCCCC2)s1,train,train,train,2,2,0.98507464,0.98507464,0.98507464
Cc1c(C(=O)NN2CCCCC2)nn(-c2ccc(Cl)cc2Cl)c1-c1ccc(C#CC2CCCCC2)s1,train,train,test,2,2,1.0,1.0,1.0
Cc1c(C(=O)NN2CC3CCCC3C2)nn(-c2ccc(Cl)cc2Cl)c1-c1ccc(C#CC2CCCC2)s1,train,train,train,2,2,0.98507464,0.98507464,0.98507464
Cc1c(C(=O)NN2CCCCC2)nn(-c2ccc(Cl)cc2Cl)c1-c1ccc(C#CC2CCCC2)s1,train,train,train,2,2,1.0,1.0,0.8450704
Cc1c(C(=O)NN2CC3CCCC3C2)nn(-c2ccc(Cl)cc2Cl)c1-c1ccc(C#CC2CC2)s1,train,train,train,2,2,0.95522386,0.95522386,0.95522386
Cc1c(C(=O)NN2CCCCC2)nn(-c2ccc(Cl)cc2Cl)c1-c1ccc(C#CC2CC2)s1,train,train,test,2,2,0.95384616,0.95384616,0.95384616
Cc1c(C(=O)NN2CC3CCCC3C2)nn(-c2ccc(Cl)cc2Cl)c1-c1ccc(C#CC(C)(C)C)s1,train,train,train,2,2,0.8309859,0.8309859,0.8309859
Cc1c(C(=O)NN2CCCCC2)nn(-c2ccc(Cl)cc2Cl)c1-c1ccc(C#CC(C)(C)C)s1,train,train,train,2,2,0.8142857,0.8142857,0.8142857
CCCCC#Cc1ccc(-c2c(C)c(C(=O)NC3CCCCC3)nn2-c2ccc(Cl)cc2Cl)s1,train,train,train,2,2,0.7887324,0.7887324,0.7887324
CCCCC#Cc1ccc(-c2c(C)c(C(=O)NCCCCCC)nn2-c2ccc(Cl)cc2Cl)s1,test,test,train,2,2,0.93650794,0.93650794,0.93650794
CCCCC#Cc1ccc(-c2c(C)c(C(=O)NCCCC)nn2-c2ccc(Cl)cc2Cl)s1,train,train,train,2,2,0.7887324,0.7887324,0.93650794
CCCCC#Cc1ccc(-c2c(C)c(C(=O)NN3CCCCCC3)nn2-c2ccc(Cl)cc2Cl)s1,train,train,train,2,2,1.0,1.0,1.0
CCCCC#Cc1ccc(-c2c(C)c(C(=O)NN3CC4CCCC4C3)nn2-c2ccc(Cl)cc2Cl)s1,test,test,test,2,2,0.92957747,0.92957747,0.92957747
CCCCC#Cc1ccc(-c2c(C)c(C(=O)NN3CCCCC3)nn2-c2ccc(Cl)cc2Cl)s1,train,train,train,2,2,1.0,1.0,1.0
CCC#Cc1ccc(-c2c(C)c(C(=O)NN3CCCCCC3)nn2-c2ccc(Cl)cc2Cl)s1,train,train,test,2,2,1.0,1.0,1.0
CCC#Cc1ccc(-c2c(C)c(C(=O)NN3CC4CCCC4C3)nn2-c2ccc(Cl)cc2Cl)s1,test,test,test,2,2,0.9130435,0.9130435,0.9130435
CCC#Cc1ccc(-c2c(C)c(C(=O)NN3CCCCC3)nn2-c2ccc(Cl)cc2Cl)s1,train,train,train,2,2,1.0,1.0,0.8939394
CCCCCc1ccc(-c2c(C)c(C(=O)NN3CC4CCCC4C3)nn2-c2ccc(Cl)cc2Cl)s1,train,train,train,2,2,0.75714284,0.75714284,0.8028169
CCCCCc1ccc(-c2c(C)c(C(=O)NN3CCCCC3)nn2-c2ccc(Cl)cc2Cl)s1,test,test,train,2,2,0.8028169,0.8028169,0.8028169
CCC/C=C/c1ccc(-c2c(C)c(C(=O)NN3CC4CCCC4C3)nn2-c2ccc(Cl)cc2Cl)s1,train,train,train,2,2,0.8055556,0.8055556,0.8055556
CCC/C=C/c1ccc(-c2c(C)c(C(=O)NN3CCCCC3)nn2-c2ccc(Cl)cc2Cl)s1,train,train,train,2,2,0.8055556,0.8055556,0.8055556
CCc1c(C(=O)NN2CCCCC2)nn(-c2ccc(Cl)cc2Cl)c1-c1ccc(C#CCC(C)C)s1,test,test,test,2,2,0.8472222,0.8472222,0.8472222
CCCC#Cc1ccc(-c2c(CC)c(C(=O)NN3CCCCCC3)nn2-c2ccc(Cl)cc2Cl)s1,train,train,train,2,2,0.85714287,0.85714287,1.0
CCCC#Cc1ccc(-c2c(CC)c(C(=O)NN3CCCCC3)nn2-c2ccc(Cl)cc2Cl)s1,test,test,train,2,2,1.0,1.0,1.0
Cc1c(C(=O)NN2CCCCCC2)nn(-c2ccc(Cl)cc2Cl)c1-c1ccc(C#CCC(C)C)s1,test,test,test,2,2,1.0,1.0,1.0
Cc1c(C(=O)NN2CCCCC2)nn(-c2ccc(Cl)cc2Cl)c1-c1ccc(C#CCC(C)C)s1,train,train,train,2,2,0.8955224,0.8955224,0.8955224
CCCC#Cc1ccc(-c2c(C)c(C(=O)NN3CCCCCC3)nn2-c2ccc(Cl)cc2Cl)s1,train,train,train,2,2,1.0,1.0,1.0
CCCC#Cc1ccc(-c2c(C)c(C(=O)NN3CC4CCCC4C3)nn2-c2ccc(Cl)cc2Cl)s1,train,train,train,2,2,0.8194444,0.8194444,0.8194444
CCCC#Cc1ccc(-c2c(C)c(C(=O)NN3CCCCC3)nn2-c2ccc(Cl)cc2Cl)s1,train,train,train,2,2,1.0,1.0,1.0
Cc1c(C(=O)NN2CCCCCC2)nn(-c2ccc(Cl)cc2Cl)c1-c1ccc(Br)s1,test,test,train,2,2,0.8305085,0.8305085,0.8305085
O=C(C1CC1)N1CCN(S(=O)(=O)c2c(Cl)cc(Cl)cc2Cl)CC1,test,test,train,0,0,0.7631579,0.7631579,0.7631579
O=C(C1CC1)N1CCN(S(=O)(=O)c2cc(Cl)c(Cl)cc2Cl)CC1,train,train,train,0,0,0.73170733,0.73170733,0.73170733
O=C(C1CC1)N1CCN(S(=O)(=O)c2c(Cl)cccc2Cl)CC1,train,train,train,0,0,0.63414633,0.63414633,0.7631579
O=C(C1CCCCC1)N1C2CC1CN(S(=O)(=O)c1cccc3ccccc13)C2,train,train,test,0,0,0.8913044,0.8913044,0.8913044
O=C(C1CCCCC1)N1CCN(S(=O)(=O)c2cccc3ccccc23)CC1c1ccccc1,train,train,train,0,0,0.7592593,0.7592593,0.7592593
O=C(C1CCCCC1)N1C2CCC1CN(S(=O)(=O)c1cccc3ccccc13)C2,train,train,train,0,0,0.8913044,0.8913044,0.7755102
CC1CN(C(=O)C2CCCCC2)CCN1S(=O)(=O)c1cccc2ccccc12,train,train,train,0,0,0.6923077,0.6923077,0.6785714
O=C(C1CC1)N1CCN(S(=O)(=O)c2cc(Cl)ccc2Cl)CC1,train,train,train,0,0,0.73170733,0.73170733,0.73170733
O=C(Cc1ccccn1)N1CCN(S(=O)(=O)c2cc(Cl)cc(Cl)c2)CC1,train,train,train,0,0,0.6875,0.6875,0.6875
CC(C(=O)N1CCN(S(=O)(=O)c2cc(Cl)cc(Cl)c2)CC1)c1ccc(C(F)(F)F)cc1,train,train,train,0,0,0.6603774,0.6603774,0.6603774
C[C@H]1CN(S(=O)(=O)c2cccc3ccccc23)C[C@@H](C)N1C(=O)C1CCCCC1,train,train,train,0,0,0.7755102,0.7755102,0.7755102
CC1CN(S(=O)(=O)c2cccc3ccccc23)CCN1C(=O)C1CCCCC1,train,train,train,0,0,0.7592593,0.7592593,0.7592593
O=C(C1CCCCC1)N1CCN(S(=O)(=O)c2cccc(-c3ccccc3)c2)CC1,train,train,train,0,0,0.6122449,0.6122449,0.625
O=C(C1CC1)N1CCN(S(=O)(=O)c2cc(Cl)cc(Cl)c2)CC1,train,train,train,0,0,0.8684211,0.8684211,0.8684211
O=C(Cc1cccc(C(F)(F)F)c1)N1CCN(S(=O)(=O)c2cc(Cl)cc(Cl)c2)CC1,train,train,train,0,0,0.78,0.78,0.78
CC(C)(C(=O)N1CCN(S(=O)(=O)c2cc(Cl)cc(Cl)c2)CC1)c1ccccc1,train,train,test,0,0,0.6122449,0.6122449,0.6122449
O=C(C1CCCCC1)N1CCN(S(=O)(=O)c2cccc3ccccc23)CC1C(F)(F)F,train,train,train,0,0,0.73214287,0.73214287,0.73214287
O=C(Cc1ccccc1C(F)(F)F)N1CCN(S(=O)(=O)c2cc(Cl)cc(Cl)c2)CC1,train,train,test,0,0,0.67346936,0.67346936,0.67346936
O=C(Cc1ccccc1)N1CCN(S(=O)(=O)c2cc(Cl)cc(Cl)c2)CC1,train,train,train,0,0,0.7234042,0.7234042,0.7234042
Cc1cc(C)cc(S(=O)(=O)N2CCN(C(=O)C3CCCCC3)CC2)c1,test,test,train,0,0,0.7380952,0.7380952,0.7380952
O=C(Cc1ccc(C(F)(F)F)cc1)N1CCN(S(=O)(=O)c2cc(C3CC3)cc(C(F)(F)F)c2)CC1,train,train,test,0,0,0.7407407,0.7407407,0.79591835
COC(=O)c1cc(C(F)(F)F)cc(S(=O)(=O)N2CCN(C(=O)Cc3ccc(C(F)(F)F)cc3)CC2)c1,train,train,train,0,0,0.7090909,0.7090909,0.78
O=C(Cc1ccc(C(F)(F)F)cc1)N1CCN(S(=O)(=O)c2cc(Br)cc(C(F)(F)F)c2)CC1,train,train,test,0,0,0.7254902,0.7254902,0.84782606
O=C(Cc1ccc(C(F)(F)F)cc1)N1CCN(S(=O)(=O)c2cc(C(F)(F)F)cc(C(F)(F)F)c2)CC1,test,test,train,0,0,0.84782606,0.84782606,0.8043478
O=C(C1CCCCC1)N1CCN(S(=O)(=O)c2cc(C(F)(F)F)cc(C(F)(F)F)c2)CC1,train,train,train,0,0,0.67391306,0.67391306,0.6888889
CC1(C)CN(S(=O)(=O)c2cccc3ccccc23)CCN1C(=O)C1CCCCC1,test,test,test,0,0,0.6792453,0.6792453,0.63793105
O=C(C1CCCCC1)N1CCN(S(=O)(=O)c2cccc3ccccc23)CC1,train,train,test,0,0,0.7,0.7,0.6923077
O=C(CCc1ccc(C(F)(F)F)cc1)N1CCN(S(=O)(=O)c2cc(Cl)cc(Cl)c2)CC1,train,train,train,0,0,0.81632656,0.81632656,0.81632656
O=C(Cc1ccc(C(F)(F)F)cc1)N1CCN(S(=O)(=O)c2cc(Cl)cc(Cl)c2)CC1,train,train,train,0,0,0.81632656,0.81632656,0.81632656
N#Cc1ccc(CC(=O)N2CCN(S(=O)(=O)c3cc(Cl)cc(Cl)c3)CC2)cc1,train,train,train,0,0,0.7234042,0.7234042,0.7234042
O=C(C1CCCCC1)N1CCN(S(=O)(=O)c2cc(Cl)cc(Cl)c2)CC1,train,train,train,0,0,0.8684211,0.8684211,0.8684211
CC(C(=O)N1CCN(S(=O)(=O)c2cc(Cl)cc(Cl)c2)CC1)c1ccccc1,test,test,test,0,0,0.75510204,0.75510204,0.75510204
O=C([C@@H]1C[C@H]1c1ccc(C(F)(F)F)cc1)N1CCN(S(=O)(=O)c2cc(C3CC3)cc(C(F)(F)F)c2)CC1,train,train,train,0,0,0.71428573,0.71428573,0.71428573
O=C(c1ccc(C(F)(F)F)cc1)N1CCN(S(=O)(=O)c2cc(C3CC3)cc(C(F)(F)F)c2)CC1,train,train,train,0,0,0.7407407,0.7407407,0.71428573
O=C(Cn1nc(-c2ccc(Cl)cc2Cl)c(-c2ccc(Cl)cc2Cl)n1)N1CCCCC1,train,train,train,2,2,0.54901963,0.54901963,0.5471698
O=C(Cn1nc(-c2ccc(Cl)cc2Cl)c(-c2ccc(Cl)cc2Cl)n1)NCc1ccccc1,train,train,train,3,3,0.9130435,0.9130435,0.9130435
O=C(Cn1nc(-c2ccc(Cl)cc2)c(-c2ccc(Cl)cc2Cl)n1)NCc1ccccc1,train,train,train,3,3,0.9130435,0.9130435,0.9130435
O=C(Cn1nc(-c2ccc(Cl)cc2Cl)c(-c2ccc(Cl)cc2Cl)n1)NC1CCCCC1,test,test,test,2,2,0.60784316,0.60784316,0.60784316
O=C(Cn1nc(-c2ccc(Cl)cc2Cl)c(-c2ccc(Cl)cc2Cl)n1)NCc1ccccc1F,test,test,train,3,3,0.8333333,0.8333333,0.9183673
O=C(Cn1nc(-c2ccc(Cl)cc2)c(-c2ccc(Cl)cc2Cl)n1)NCc1ccccc1F,test,test,train,3,3,0.7692308,0.7692308,0.9183673
O=C(Cn1nc(-c2ccc(Cl)cc2Cl)c(-c2ccc(Cl)cc2Cl)n1)NCc1ccc(F)cc1,train,train,train,3,3,0.9166667,0.9166667,0.7916667
O=C(Cn1nc(-c2ccc(Cl)cc2)c(-c2ccc(Cl)cc2Cl)n1)NCc1ccc(F)cc1,train,train,test,3,3,0.9166667,0.9166667,0.9166667
O=C(Cn1nc(-c2ccc(Cl)cc2Cl)c(-c2ccc(Cl)cc2Cl)n1)NCc1cccc(F)c1,train,train,test,3,3,0.78431374,0.78431374,0.78431374
COc1ccc(CNC(=O)Cn2nc(-c3ccc(Cl)cc3Cl)c(-c3ccc(Cl)cc3Cl)n2)cc1,train,train,test,3,3,0.8125,0.8125,0.75
O=C(Cn1nc(-c2ccc(Cl)cc2Cl)c(-c2ccc(Cl)cc2Cl)n1)NCc1ccccc1Cl,train,train,train,3,3,0.7708333,0.7708333,0.8333333
O=C(Cn1nc(-c2ccc(Cl)cc2Cl)c(-c2ccc(Cl)cc2Cl)n1)NCc1ccc(Cl)cc1,train,train,test,3,3,0.8666667,0.8666667,0.8666667
O=C(Cn1nc(-c2ccc(Cl)cc2Cl)c(-c2ccc(Cl)cc2Cl)n1)NCc1cc(F)ccc1F,train,train,test,3,3,0.78,0.78,0.8
O=C(Cn1nc(-c2ccc(Cl)cc2Cl)c(-c2ccc(Cl)cc2Cl)n1)Nc1ccccc1,train,train,test,3,3,0.7083333,0.7083333,0.7083333
CCc1c(C(=O)NN2CCCCC2)nn(-c2ccc(Cl)cc2Cl)c1-c1ccc(Br)s1,test,test,train,2,2,0.8548387,0.8548387,0.8548387
CCc1c(C(=O)NN2CCCCC2)nn(-c2ccc(Cl)cc2Cl)c1-c1ccc(Cl)s1,train,train,train,2,2,0.78688526,0.78688526,0.8548387
Cc1c(C(=O)NN2CC3CCCC3C2)nn(-c2ccc(Cl)cc2Cl)c1-c1ccc(Cl)s1,train,train,train,2,2,0.78688526,0.78688526,0.78688526
Cc1c(C(=O)NN2CCOCC2)nn(-c2ccc(Cl)cc2Cl)c1-c1ccc(Cl)s1,train,train,train,2,2,0.8448276,0.8448276,0.8448276
Cc1c(C(=O)NN2CCCC2)nn(-c2ccc(Cl)cc2Cl)c1-c1ccc(Cl)s1,train,train,train,2,2,0.8448276,0.8448276,0.8448276
Cc1c(C(=O)NN2CCCCC2)nn(-c2ccc(Cl)cc2Cl)c1-c1ccc(I)s1,train,train,train,2,2,0.82758623,0.82758623,0.8305085
Cc1c(C(=O)NN2CCCCC2)nn(-c2ccc(Cl)cc2Cl)c1-c1cccs1,train,train,test,2,2,0.7580645,0.7580645,0.7580645
c1ccc2ncc(N3CCC(c4nc(C5CCCCC5)no4)CC3)cc2c1,train,train,train,0,0,0.6727273,0.6727273,0.6727273
Clc1ccc(-c2noc(C3CCN(c4cnc5ccccc5c4)CC3)n2)c(Cl)c1,test,test,train,0,0,0.8245614,0.8245614,0.8245614
Clc1ccc(-c2noc(C3CCN(c4cnc5ccccc5c4)CC3)n2)cc1,train,train,train,0,0,0.69491524,0.69491524,0.7818182
Clc1cnccc1-c1noc(C2CCN(c3cnc4ccccc4c3)CC2)n1,test,test,train,3,3,0.75,0.75,0.7758621
Fc1ccc(-c2noc(C3CCN(c4cnc5ccc(OC(F)(F)F)cc5c4)CC3)n2)c(Cl)c1,train,train,train,0,0,0.7692308,0.7692308,0.7692308
Fc1ccc(-c2noc(C3CCN(c4cnc5ccc(Cl)cc5c4)CC3)n2)c(Cl)c1,train,train,train,0,0,0.8135593,0.8135593,0.8135593
Fc1ccc(-c2noc(C3CCN(c4cnc5c(C(F)(F)F)cccc5c4)CC3)n2)c(Cl)c1,train,train,test,0,0,0.734375,0.734375,0.734375
CC1(C)CCCc2cc(N3CCC(c4nc(-c5ccc(F)cc5Cl)no4)CC3)cnc21,train,train,train,0,0,0.74242425,0.74242425,0.74242425
Fc1ccc(-c2noc(C3CCN(c4cnc5c(c4)CCCC5)CC3)n2)c(Cl)c1,train,train,train,0,0,0.74242425,0.74242425,0.74242425
Fc1ccc(-c2noc(C3CCN(c4cnc5ccccc5c4)CC3)n2)c(Cl)c1,train,train,train,3,3,0.8135593,0.8135593,0.8245614
Fc1ccc(-c2noc([C@@H]3CCC[C@H]3Nc3cnc4ccccc4c3)n2)c(Cl)c1,test,test,train,3,3,0.60294116,0.60294116,0.60294116
CC(C)(CCc1nc(-c2ccc(F)cc2Cl)no1)Nc1cnc2ccccc2c1,train,train,test,3,3,0.73770493,0.73770493,0.73770493
CC(CCc1nc(-c2ccc(F)cc2Cl)no1)Nc1cnc2ccccc2c1,test,test,train,3,3,0.7096774,0.7096774,0.7096774
Fc1ccc(-c2noc(CCCNc3cnc4ccccc4c3)n2)c(Cl)c1,train,train,train,3,3,0.79310346,0.79310346,0.79310346
CC(C)(C)c1cc(Nc2ccc(Cl)cc2Cl)ncc1C(=O)NCC1CCOCC1,test,test,test,0,0,0.36842105,0.36842105,0.36842105
COc1cccc(N2C(C(C)=O)=NN(c3ccc(Cl)cc3)C2c2ccc(N3CCOCC3)cc2)c1,test,test,train,3,3,0.2962963,0.2962963,0.29885057
O=C(Nc1ccccc1Oc1ccccc1)c1ccc(S(=O)(=O)N2CCc3ccccc32)cc1,train,train,train,3,3,0.33783785,0.33783785,0.33783785
COc1ccccc1NC(=O)C(C)Sc1nc(-c2ccc(C)cc2)nc2c1COC(C)(C)C2,train,train,train,3,3,0.23913044,0.23913044,0.23913044
CCOC(=O)N1CCN(C(=O)c2cc(-c3ccccc3Cl)nn2-c2ccc(C)cc2C)CC1,train,train,train,3,3,0.3218391,0.3218391,0.3218391
COc1ccc(C2c3cccn3-c3ccccc3N2C(=O)CN(C(=O)NC(C)(C)C)C(C)C)cc1,test,test,train,3,3,0.6086956,0.6086956,0.6086956
Cc1cc(C)c(OCC(=O)Nc2sc3c(c2C(=O)NC2CCS(=O)(=O)C2)CCCC3)c(C)c1,test,test,train,0,0,0.4054054,0.4054054,0.41095892
Cc1ccc(C2c3cccn3-c3ccccc3N2C(=O)CN(C(=O)C2CCCC2)C2CC2)cc1,test,test,train,3,3,0.4861111,0.4861111,0.4861111
CC1CC(C)CN(S(=O)(=O)c2ccc(F)c(C(=O)NC(c3ccccc3)c3ccccc3)c2)C1,train,train,train,0,0,0.3875,0.3875,0.3875
CC(C)CN(CC(=O)N1CCc2sccc2C1c1ccc(F)cc1)C(=O)c1ccco1,train,train,train,3,3,0.2840909,0.2840909,0.2840909
CC(C)N(CC(=O)N1c2ccccc2-n2cccc2C1c1ccc(F)cc1)C(=O)CC(C)(C)C,train,train,train,3,3,0.2840909,0.2840909,0.6086956
Cc1noc(C)c1S(=O)(=O)N1CCc2c(nc(C(C)(C)C)n2CC2CC2)C1,train,train,train,0,0,0.704918,0.704918,0.704918
Cc1nocc1S(=O)(=O)N1CCc2c(nc(C(C)(C)C)n2CC2CC2)C1,train,train,train,0,0,0.704918,0.704918,0.704918
COCCS(=O)(=O)N1CCc2c(nc(CC(C)(C)C)n2CC2CC2)C1,train,train,train,0,0,0.61904764,0.61904764,0.46376812
CC1(C)C(C(=O)c2cn(CCN3CCOCC3)c3ccccc23)C1(C)C,test,test,train,3,3,0.6981132,0.6981132,0.6862745
CC1(C)C(C(=O)c2cn(CC3CCOCC3)c3ccccc23)C1(C)C,train,train,train,3,3,0.5882353,0.5882353,0.6862745
CC1(C)C(C(=O)c2cn(CCN3CCOC3=O)c3ccccc23)C1(C)C,train,train,test,3,3,0.6037736,0.6037736,0.6981132
CC1(C)C(C(=O)c2cn(CCCCO)c3ccccc23)C1(C)C,train,train,train,3,3,0.6037736,0.6037736,0.6530612
N#Cc1cc(N2CCCCCC2)ncc1-c1cccc(Cl)c1Cl,train,train,train,3,3,0.390625,0.390625,0.6086956
Clc1cccc(-c2ccc(N3CCCCCC3)nc2)c1Cl,test,test,train,3,3,0.6086956,0.6086956,0.6086956
O=C(c1cc(-c2cccc(Cl)c2Cl)cnc1N1CCCCCC1)N1CCOCC1,train,train,train,3,3,0.390625,0.390625,0.5090909
C[C@H](NC(=O)C(C)(C)Nc1ccc(C(F)(F)F)cn1)[C@@H](Cc1ccc(Cl)cc1)c1cccc(C#N)c1,train,train,train,3,3,0.8309859,0.8309859,0.8309859
C[C@H](NC(=O)C(C)(C)Nc1cc(C(F)(F)F)ccn1)[C@@H](Cc1ccc(Cl)cc1)c1cccc(C#N)c1,train,train,train,3,3,0.8309859,0.8309859,0.8309859
C[C@H](NC(=O)C(C)(C)Nc1cc(C(C)(C)C)on1)[C@@H](Cc1ccc(Cl)cc1)c1cccc(C#N)c1,train,train,train,3,3,0.7123288,0.7123288,0.7123288
C[C@H](NC(=O)C(C)(C)Nc1cc2ccccc2cn1)[C@@H](Cc1ccc(Cl)cc1)c1cccc(C#N)c1,train,train,train,3,3,0.75342464,0.75342464,0.75342464
Cc1c[nH]c2c(Nc3cccc(Cl)c3)ncc(C(=O)N3CCCCC3)c12,train,train,test,3,3,0.8333333,0.8333333,0.8333333
Cc1c[nH]c2c(Nc3cccc(Cl)c3)ncc(C(=O)N3CCOCC3)c12,train,train,train,3,3,0.8333333,0.8333333,0.8064516
Cc1c[nH]c2c(Nc3cccc(Br)c3)ncc(C(=O)N3CCOCC3)c12,test,test,train,3,3,0.8064516,0.8064516,0.8064516
COc1cccc(Nc2ncc(C(=O)N3CCOCC3)c3c(C)c[nH]c23)c1,test,test,train,3,3,0.78125,0.78125,0.78125
Cc1c[nH]c2c(Nc3ccccc3Cl)ncc(C(=O)N3CCOCC3)c12,train,train,train,3,3,0.71875,0.71875,0.71875
Cc1cn(C)c2c(Nc3cccc(Cl)c3)ncc(C(=O)N3CCOCC3)c12,train,train,train,3,3,0.6969697,0.6969697,0.6969697
Cn1ccc2c(Nc3cccc(Cl)c3)ncc(C(=O)N3CCOCC3)c21,train,train,train,3,3,0.6923077,0.6923077,0.6923077
C[C@H]1CC[C@@H](C)N1c1ccc(-c2cccc(Cl)c2Cl)nn1,train,train,test,3,3,0.73170733,0.73170733,0.53061223
C[C@H]1C=C[C@@H](C)N1c1ccc(-c2cccc(Cl)c2Cl)nn1,train,train,test,3,3,0.73170733,0.73170733,0.37037036
c1ccc(COc2ccccc2-c2ccc(N3CCOCC3)nn2)cc1,train,train,train,3,3,0.28333333,0.28333333,0.26984128
C[C@H]1CC[C@@H](C)N1c1ccc(-c2cncc3ccccc23)nn1,train,train,train,3,3,0.73913044,0.73913044,0.26984128
C[C@H]1CC[C@@H](C)N1c1ccc(-c2cccc3cnccc23)nn1,train,train,test,3,3,0.73913044,0.73913044,0.73913044
Cc1ccc(C(c2ccc(Cl)cc2Cl)N2CCN(C(=O)NC3CCCCC3)CC2)cc1,train,train,train,0,0,0.38356164,0.38356164,0.38356164
Cc1cc(C(=O)N[C@@H]2CC(C)(C)Oc3nc(-c4ccc(Cl)cc4Cl)c(-c4ccc(Cl)cc4)cc32)n[nH]1,train,train,train,2,2,0.36144578,0.36144578,0.36144578
CCN1CCN(C(=O)c2cn3c4c(cccc24)CCC3C2CCCCC2)CC1,train,train,train,0,0,0.578125,0.578125,0.578125
CCN1CCN(C(=O)c2cn(CC3CCCCC3)c3c(OC)cccc23)CC1,train,train,train,3,3,0.7719298,0.7719298,0.7719298
CN1CCN(C(=O)c2cn3c4c(cccc24)OC[C@H]3C2CCCCC2)CC1,train,train,train,0,0,0.78571427,0.78571427,0.78571427
O=C(c1cn2c3c(cccc13)OC[C@H]2C1CCCCC1)N1CCNCC1,train,train,train,0,0,0.8103448,0.8103448,0.8103448
CCN1[C@@H](C)CN(C(=O)c2cn3c4c(cccc24)OC[C@H]3C2CCCCC2)C[C@H]1C,train,train,train,3,3,0.8095238,0.8095238,0.8360656
C[C@H]1CN(C(=O)c2cn3c4c(cccc24)OC[C@H]3C2CCCCC2)C[C@@H](C)N1C,test,test,train,3,3,0.8448276,0.8448276,0.8448276
C[C@H]1CN(C(=O)c2cn3c4c(cccc24)OC[C@H]3C2CCCCC2)C[C@@H](C)N1,train,train,train,3,3,0.8135593,0.8135593,0.8135593
CCN1[C@@H](C)CN(C(=O)c2cn(CC3CCCCC3)c3c(OC)cccc23)C[C@H]1C,test,test,train,3,3,0.82758623,0.82758623,0.82758623
COc1cccc2c(C(=O)N3C[C@H](C)N(C)[C@H](C)C3)cn(CC3CCCCC3)c12,train,train,train,3,3,0.8448276,0.8448276,0.8448276
COc1cccc2c(C(=O)N3CCN(C)[C@@H](C)C3)cn(CC3CCCCC3)c12,train,train,train,3,3,0.8448276,0.8448276,0.8448276
C[C@H]1CN(C(=O)c2cn3c4c(cccc24)OC[C@H]3C2CCCCC2)CCN1C,train,train,train,0,0,0.78125,0.78125,0.8448276
COCCN1[C@@H](C)CN(C(=O)c2cn3c4c(cccc24)OC[C@H]3C2CCCCC2)C[C@H]1C,train,train,test,3,3,0.8095238,0.8095238,0.84126985
C[C@H]1CN(C(=O)c2cn3c4c(cccc24)OC[C@H]3C2CCCCC2)C[C@@H](C)N1CCO,test,test,train,3,3,0.84126985,0.84126985,0.8360656
C[C@H]1CNC[C@@H](C)N1C(=O)c1cn2c3c(cccc13)OC[C@H]2C1CCCCC1,test,test,train,3,3,0.79310346,0.79310346,0.704918
C[C@H]1CN(C)C[C@@H](C)N1C(=O)c1cn2c3c(cccc13)OC[C@H]2C1CCCCC1,train,train,test,3,3,0.7288136,0.7288136,0.79310346
C[C@H]1CN(C(=O)c2cn3c4c(cccc24)OC[C@H]3C2CCCCC2)CCN1,train,train,train,0,0,0.8135593,0.8135593,0.8135593
CS(=O)(=O)NCCCn1c(C(=O)N2CCC(C(N)=O)(N3CCC(F)(F)CC3)CC2)cc(-c2ccc(Cl)cc2Cl)c1-c1ccc(Cl)cc1,test,test,train,3,3,0.3218391,0.3218391,0.3181818
CCCCCC1=NN(C(=O)Nc2cccc3ccccc23)CC1c1ccccc1,train,train,train,3,3,0.71428573,0.71428573,0.71428573
CCCCCC1=NN(C(=O)NCc2ccccc2)CC1c1ccccc1,test,test,test,3,3,0.7222222,0.7222222,0.7222222
CCCCCC1=NN(C(=O)NCC23CC4CC(CC(C4)C2)C3)CC1c1ccccc1,test,test,test,3,3,0.7719298,0.7719298,0.7719298
CCCCCC1=NN(C(=O)NC[C@@H]2CC[C@H]3C[C@@H]2C3(C)C)CC1c1ccccc1,train,train,train,3,3,0.6056338,0.6056338,0.6056338
CCCCCC1=NN(C(=O)NC2C3CC4CC(C3)CC2C4)CC1c1ccccc1,test,test,train,3,3,0.69491524,0.69491524,0.69491524
CCCCCC1=NN(C(=O)NC23CC4CC(CC(C4)C2)C3)CC1c1ccccc1,train,train,train,3,3,0.6333333,0.6333333,0.69491524
CCCCCC1=NN(C(=O)NC(C)(C)c2ccccc2)CC1c1ccccc1,train,train,train,3,3,0.7586207,0.7586207,0.93877554
CCCCCC1=NN(C(=O)N[C@H]2C[C@H]3CC[C@]2(C)C3(C)C)CC1c1ccccc1,train,train,train,3,3,0.6617647,0.6617647,0.6617647
CCCCC1=NN(C(=O)NC(C)(C)c2ccccc2)CC1c1ccccc1,test,test,train,3,3,0.93877554,0.93877554,0.93877554
CCCCC1=NN(C(=O)NC(C)(C)c2ccc(F)cc2)CC1c1cccc(F)c1,train,train,train,3,3,0.73015875,0.73015875,0.73015875
CCCCC1=NN(C(=O)NC(C)(C)c2ccc(F)cc2)CC1c1ccccc1F,train,train,train,3,3,0.73015875,0.73015875,0.73015875
CCCCC1=NN(C(=O)NC(C)(C)c2ccccc2)CC1c1ccsc1,train,train,train,3,3,0.7586207,0.7586207,0.8035714
CCCCCC1=NN(C(=O)c2cccc3ccccc23)CC1c1ccccc1,train,train,train,3,3,0.71428573,0.71428573,0.71428573
CCCCC1=NN(C(=O)NC(C)(C)c2ccccc2)C(C)(C)C1c1ccccc1,train,train,train,3,3,0.57575756,0.57575756,0.6101695
CCCCC1=NN(C(=O)N[C@H]2C[C@H]3CC[C@]2(C)C3(C)C)C(C)(C)C1c1ccccc1,train,train,train,3,3,0.6617647,0.6617647,0.6617647
CCCCCN1N=C(C(=O)NC2C3CC4CC(C3)CC2C4)CC1c1ccccc1,train,train,train,3,3,0.5967742,0.5967742,0.6451613
CCCCCN1N=C(C(=O)NC(C)(C)c2ccc(F)cc2)CC1c1ccccc1,train,train,train,3,3,0.5967742,0.5967742,0.5967742
CCCCCN1N=C(C(=O)N[C@H]2C[C@H]3CC[C@]2(C)C3(C)C)CC1c1ccccc1,test,test,train,3,3,0.78125,0.78125,0.78125
CCCCCN1N=C(C(=O)N[C@H]2C[C@H]3CC[C@]2(C)C3(C)C)CC1c1ccccc1F,train,train,train,3,3,0.49295774,0.49295774,0.78125
Cc1c(C(=O)NCCCCCCCCCNCCCCCCCCCNC(=O)c2nn(-c3ccc(Cl)cc3Cl)c(-c3ccc(Cl)cc3)c2C)nn(-c2ccc(Cl)cc2Cl)c1-c1ccc(Cl)cc1,train,train,train,2,2,1.0,1.0,1.0
Cc1c(C(=O)NCCCCCCCNCCCCCCCNC(=O)c2nn(-c3ccc(Cl)cc3Cl)c(-c3ccc(Cl)cc3)c2C)nn(-c2ccc(Cl)cc2Cl)c1-c1ccc(Cl)cc1,train,train,train,2,2,1.0,1.0,1.0
Cc1c(C(=O)NCCCCCNCCCCCNC(=O)c2nn(-c3ccc(Cl)cc3Cl)c(-c3ccc(Cl)cc3)c2C)nn(-c2ccc(Cl)cc2Cl)c1-c1ccc(Cl)cc1,train,train,train,2,2,1.0,1.0,1.0
Cc1c(C(=O)NCCCNCCCNC(=O)c2nn(-c3ccc(Cl)cc3Cl)c(-c3ccc(Cl)cc3)c2C)nn(-c2ccc(Cl)cc2Cl)c1-c1ccc(Cl)cc1,train,train,train,2,2,0.9591837,0.9591837,0.9591837
Cc1c(C(=O)NCCNCCNC(=O)c2nn(-c3ccc(Cl)cc3Cl)c(-c3ccc(Cl)cc3)c2C)nn(-c2ccc(Cl)cc2Cl)c1-c1ccc(Cl)cc1,train,train,train,2,2,0.8979592,0.8979592,0.8979592
Cc1c(C(=O)NCCCCCN(C)CCCCCNC(=O)c2nn(-c3ccc(Cl)cc3Cl)c(-c3ccc(Cl)cc3)c2C)nn(-c2ccc(Cl)cc2Cl)c1-c1ccc(Cl)cc1,test,test,train,2,2,1.0,1.0,1.0
Cc1c(C(=O)NCCCCCCCN(C)CCCCCCCNC(=O)c2nn(-c3ccc(Cl)cc3Cl)c(-c3ccc(Cl)cc3)c2C)nn(-c2ccc(Cl)cc2Cl)c1-c1ccc(Cl)cc1,train,train,train,2,2,1.0,1.0,1.0
Cc1c(C(=O)NCCCCCCCCCN(C)CCCCCCCCCNC(=O)c2nn(-c3ccc(Cl)cc3Cl)c(-c3ccc(Cl)cc3)c2C)nn(-c2ccc(Cl)cc2Cl)c1-c1ccc(Cl)cc1,train,train,train,2,2,1.0,1.0,1.0
COc1cccc2c(C(=O)N3CCN4CCCC[C@@H]4C3)cn(CC3CCCCC3)c12,train,train,train,3,3,0.734375,0.734375,0.734375
COc1cccc2c(C(=O)N3CCN4CCC[C@@H]4C3)cn(CC3CCCCC3)c12,test,test,test,3,3,0.9649123,0.9649123,0.9649123
COc1cccc2c(C(=O)N3C[C@@H]4CCCN4C[C@@H]3C)cn(CC3CCCCC3)c12,train,train,train,3,3,0.7794118,0.7794118,0.7794118
COc1cccc2c(C(=O)N3C[C@H]4CCCN4C[C@H]3CC(C)C)cn(CC3CCCCC3)c12,train,train,train,3,3,0.7794118,0.7794118,0.7794118
FC1CCN(Cc2cccc(-c3nc(-c4cccc(C(F)(F)F)c4)c[nH]3)c2)CC1,train,train,train,3,3,0.7407407,0.7407407,0.76363635
FC1(F)CCN(Cc2cccc(-c3nc(-c4cccc(C(F)(F)F)c4)c[nH]3)c2)CC1,test,test,train,3,3,0.76363635,0.76363635,0.76363635
Brc1cccc(-c2c[nH]c(-c3cccc(CN4CCOCC4)c3)n2)c1,test,test,train,3,3,0.61290324,0.61290324,0.61290324
CC1CN(Cc2cccc(-c3nc(-c4cccc(Cl)c4)c[nH]3)c2)CCO1,train,train,train,3,3,0.6666667,0.6666667,0.6666667
FC1CCN(Cc2cccc(-c3nc(-c4cccc(Cl)c4)c[nH]3)c2)CC1,train,train,train,3,3,0.8113208,0.8113208,0.78
FC1CCN(Cc2cccc(-c3nc(-c4cccc(Cl)c4Cl)c[nH]3)c2)CC1,train,train,train,3,3,0.78571427,0.78571427,0.8113208
FC1CCN(Cc2cccc(-c3nc(-c4ccc(Cl)cc4Cl)c[nH]3)c2)CC1,train,train,test,3,3,0.8113208,0.8113208,0.8113208
COc1ccc(-c2c[nH]c(-c3cccc(CN4CCC(F)(F)CC4)c3)n2)c(F)c1,train,train,train,3,3,0.703125,0.703125,0.8666667
COc1ccc(F)c(-c2c[nH]c(-c3cccc(CN4CCOCC4)c3)n2)c1,train,train,train,3,3,0.8305085,0.8305085,0.8305085
COc1ccc(F)c(-c2c[nH]c(-c3cccc(CN4CCC(F)(F)CC4)c3)n2)c1,test,test,train,3,3,0.8666667,0.8666667,0.8666667
COc1ccc(F)c(-c2c[nH]c(-c3cccc(CN4CCC(F)CC4)c3)n2)c1,test,test,test,3,3,0.8333333,0.8333333,0.8333333
Clc1cccc(-c2c[nH]c(-c3cccc(CN4CCCCC4)c3)n2)c1,train,train,train,3,3,0.8,0.8,0.8
Clc1cccc(-c2c[nH]c(-c3cccc(CN4CCCCC4)c3)n2)c1Cl,test,test,train,3,3,0.8113208,0.8113208,0.8113208
Clc1ccc(-c2c[nH]c(-c3cccc(CN4CCCCC4)c3)n2)c(Cl)c1,train,train,train,3,3,0.8,0.8,0.8
COc1ccc(F)c(-c2c[nH]c(-c3cccc(CN4CCCCC4)c3)n2)c1,train,train,train,3,3,0.8305085,0.8305085,0.8305085
CCOc1ccc(F)c(-c2c[nH]c(-c3cccc(CN4CCCCC4)c3)n2)c1,train,train,train,3,3,0.8305085,0.8305085,0.8305085
CCNC(=O)NCc1nc(-c2cn(CC3CCOCC3)c3c(Cl)cccc23)no1,train,train,train,3,3,0.78571427,0.78571427,0.78571427
CC(=O)N[C@@H]1CCN(Cc2nc(-c3cn(CC4CCOCC4)c4c(Cl)cccc34)ns2)C1,train,train,train,3,3,0.7051282,0.7051282,0.7222222
NC(=O)CNC(=O)[C@@H]1CCCN1Cc1nc(-c2cn(CC3CCOCC3)c3c(Cl)cccc23)ns1,train,train,train,3,3,0.80263156,0.80263156,0.80263156
CN(Cc1nc(-c2cn(CC3CCOCC3)c3c(Cl)cccc23)no1)[C@@H](CO)C(N)=O,train,train,train,3,3,0.7567568,0.7567568,0.7567568
COCCN(C)Cc1nc(-c2cn(CC3CCS(=O)(=O)CC3)c3c(Cl)cccc23)ns1,train,train,train,3,3,0.8142857,0.8142857,0.8142857
COCC(=O)NCc1nc(-c2cn(CC3CCOCC3)c3c(Cl)cccc23)no1,train,train,train,3,3,0.78571427,0.78571427,0.78571427
O=C(O)C1CCCN1Cc1nc(-c2cn(CC3CCOCC3)c3c(Cl)cccc23)ns1,train,train,train,3,3,0.80263156,0.80263156,0.80263156
O=C(NCCO)C1CCN(Cc2nc(-c3cn(CC4CCOCC4)c4c(Cl)cccc34)no2)CC1,train,train,train,3,3,0.84,0.84,0.75641024
Clc1cccc2c(-c3noc(CN4CCCC4)n3)cn(CC3CCOCC3)c12,train,train,train,3,3,0.8,0.8,0.8
COCCN(C)Cc1nc(-c2cn(CC3CCOCC3)c3c(Cl)cccc23)ns1,train,train,train,3,3,0.8235294,0.8235294,0.8194444
CN(CCO)Cc1nc(-c2cn(CC3CCOCC3)c3c(Cl)cccc23)ns1,train,train,test,3,3,0.8235294,0.8235294,0.8235294
COCCN(Cc1nc(-c2cn(CC3CCOCC3)c3c(Cl)cccc23)ns1)S(C)(=O)=O,test,test,train,3,3,0.8356164,0.8356164,0.8356164
CN(CC(=O)NCCO)Cc1nc(-c2cn(CC3CCOCC3)c3c(Cl)cccc23)no1,train,train,test,3,3,0.7837838,0.7837838,0.7837838
CN(CC(N)=O)Cc1nc(-c2cn(CC3CCOCC3)c3c(Cl)cccc23)no1,train,train,train,3,3,0.82857144,0.82857144,0.82857144
CN(C)S(=O)(=O)N(C)Cc1nc(-c2cn(CC3CCOCC3)c3c(Cl)cccc23)no1,train,train,train,3,3,0.7222222,0.7222222,0.7222222
Clc1cccc2c(-c3nsc(CN4CCCC4)n3)cn(CC3CCOCC3)c12,test,test,train,3,3,0.8448276,0.8448276,0.8448276
CS(=O)(=O)N(CCO)Cc1nc(-c2cn(CC3CCOCC3)c3c(Cl)cccc23)ns1,train,train,train,3,3,0.8142857,0.8142857,0.8356164
Clc1cccc2c(-c3nsc(CN4CCCC4)n3)cn(CC3CCCCC3)c12,train,train,train,3,3,0.68115944,0.68115944,0.8448276
OC[C@H]1CCCN1Cc1nc(-c2cn(CC3CCOCC3)c3c(Cl)cccc23)ns1,train,train,train,3,3,0.7887324,0.7887324,0.7887324
COc1ccc(S(=O)(=O)N2CCOCC2)cc1NC(=O)c1ccc(Cl)cc1,train,train,train,0,0,0.4852941,0.4852941,0.45454547
O=C(Nc1cc(S(=O)(=O)N2CCOCC2)ccc1Cl)c1cc2c(s1)CCCC2,train,train,test,0,0,0.4852941,0.4852941,0.4852941
CC(C)(C)c1ccc(NC(=O)N2CCCN(C(=O)CCC3CCCC3)CC2)cc1,train,train,test,0,0,0.5555556,0.5555556,0.7
CC(C)(C)c1ccc(NC(=O)N2CCCN(C(=O)c3ccc(Cl)cc3)CC2)cc1,train,train,train,0,0,0.5555556,0.5555556,0.7826087
CC(C)CCC(=O)N1CCCN(C(=O)Nc2ccc(C(C)(C)C)cc2)CC1,test,test,train,0,0,0.7,0.7,0.5660377
CC(C)(C)c1ccc(NC(=O)N2CCCN(C(=O)c3ccc(C(F)(F)F)cc3)CC2)cc1,test,test,train,0,0,0.7826087,0.7826087,0.7826087
CCc1cccc2c(-c3nsc(CN4CCCC4)n3)cn(CC3CCOCC3)c12,train,train,train,3,3,0.6805556,0.6805556,0.8064516
Fc1cccc2c(-c3nc(CN4CCCC4)cs3)cn(CC3CCOCC3)c12,train,train,train,3,3,0.75409836,0.75409836,0.75409836
CCN(CC)Cc1csc(-c2cn(CC3CCOCC3)c3c(F)cccc23)n1,train,train,train,3,3,0.7058824,0.7058824,0.7058824
CN(CCO)Cc1csc(-c2cn(CC3CCOCC3)c3c(Cl)cccc23)n1,train,train,train,3,3,0.8181818,0.8181818,0.8181818
CCN(CCO)Cc1csc(-c2cn(CC3CCOCC3)c3c(Cl)cccc23)n1,train,train,train,3,3,0.8181818,0.8181818,0.8181818
CC(C)N(CCO)Cc1csc(-c2cn(CC3CCOCC3)c3c(Cl)cccc23)n1,test,test,train,3,3,0.8181818,0.8181818,0.8181818
OC1CCN(Cc2csc(-c3cn(CC4CCOCC4)c4c(Cl)cccc34)n2)CC1,test,test,test,3,3,0.86440676,0.86440676,0.86440676
COC1CCN(Cc2csc(-c3cn(CC4CCOCC4)c4c(Cl)cccc34)n2)CC1,test,test,test,3,3,0.82258064,0.82258064,0.82258064
Clc1cccc2c(-c3nc(CN4CCOCC4)cs3)cn(CC3CCOCC3)c12,train,train,train,3,3,0.75409836,0.75409836,0.75409836
CCCCCn1cc(C(=O)c2cccc3ccccc23)c2ccccc21,train,train,train,3,3,0.7659575,0.7659575,0.7659575
CCCCCn1cc(C(=O)Nc2cccc3ccccc23)c2ccccc21,train,train,train,3,3,0.6666667,0.6666667,0.6666667
CCCCCn1cc(C(=O)c2cccc3ccccc23)c2cccnc21,train,train,train,3,3,0.6875,0.6875,0.6875
CCCCCn1cc(C(=O)c2cccc3ccccc23)c2ccncc21,test,test,train,3,3,0.8367347,0.8367347,0.8367347
CCCCCn1cc(C(=O)c2cccc3ccccc23)c2cnccc21,train,train,train,3,3,0.7659575,0.7659575,0.8367347
CCOc1cc(S(=O)(=O)c2ccc3c(c2)nc(C(C)(C)C)n3CC2CCOCC2)ccn1,train,train,train,0,0,0.84375,0.84375,0.84375
COCCCNc1cc(S(=O)(=O)c2ccc3c(c2)nc(C(C)(C)C)n3CC2CCOCC2)ccn1,train,train,test,0,0,0.7027027,0.7027027,0.7887324
COCCCOc1cc(S(=O)(=O)c2ccc3c(c2)nc(C(C)(C)C)n3CC2CCOCC2)ccn1,test,test,train,0,0,0.8636364,0.8636364,0.921875
COCCOc1cc(S(=O)(=O)c2ccc3c(c2)nc(C(C)(C)C)n3CC2CCOCC2)ccn1,test,test,train,0,0,0.8484849,0.8484849,0.921875
CC(C)(C)c1nc2cc(S(=O)(=O)c3ccnc(OCCCO)c3)ccc2n1CC1CCOCC1,train,train,train,0,0,0.84375,0.84375,0.8636364
CC(=O)NCCc1cc(S(=O)(=O)c2ccc3c(c2)nc(C(C)(C)C)n3CC2CCOCC2)ccn1,train,train,train,0,0,0.6712329,0.6712329,0.6712329
CC(C)(C)c1nc2cc(S(=O)(=O)CCCC(F)(F)F)ccc2n1CC1CCN(C=O)CC1,train,train,train,0,0,0.74603176,0.74603176,0.74603176
CC(C)(C)c1nc2cc(S(=O)(=O)CC3CC3)ccc2n1CC1CCN(C=O)CC1,train,train,train,0,0,0.74603176,0.74603176,0.74603176
CC(C)(C)c1nc2cc(S(=O)(=O)CC3CC3)ccc2n1CC1CCS(=O)(=O)CC1,train,train,test,0,0,0.7288136,0.7288136,0.7288136
CC(C)(C)c1nc2cc(S(=O)(=O)c3nccs3)ccc2n1CC1CCN(C=O)CC1,train,train,train,0,0,0.7878788,0.7878788,0.7878788
CC(=O)N1CCC(Cn2c(C(C)(C)C)nc3cc(S(=O)(=O)c4nccs4)ccc32)CC1,train,train,train,0,0,0.7878788,0.7878788,0.7878788
CC(C)(C)c1nc2cc(S(=O)(=O)CCCC(F)(F)F)ccc2n1CC1CCOCC1,test,test,test,0,0,0.765625,0.765625,0.765625
CCOc1ccc(Cc2nc3cc(N(C)S(=O)(=O)c4cccs4)ccc3n2CC2CCCCC2)nc1,train,train,test,0,0,0.35714287,0.35714287,0.33695653
C=CCn1c2c(c3cc(C(=O)N4CCC(C)CC4)ccc31)CN(CC1CC1)CC2,train,train,train,0,0,0.9322034,0.9322034,0.9322034
C=CCn1c2c(c3cc(C(=O)N4CCC(C)CC4)ccc31)CN(Cc1ccccc1)CC2,train,train,train,0,0,0.84375,0.84375,0.84375
C=CCn1c2c(c3cc(C(=O)N4CCC(C)CC4)ccc31)CN(CC1CCCC1)CC2,train,train,train,0,0,0.9322034,0.9322034,0.9322034
C=CCn1c2c(c3cc(C(=O)N4CCC(C)CC4)ccc31)CN(C1CCCC1)CC2,test,test,train,0,0,0.98214287,0.98214287,0.98214287
C=CCn1c2c(c3cc(C(=O)N4CCC(C)CC4)ccc31)CN(C1CCSC1)CC2,train,train,train,0,0,0.796875,0.796875,0.8095238
C=CCn1c2c(c3cc(C(=O)N4CCC(C)CC4)ccc31)CN(C1CCCCC1)CC2,train,train,train,0,0,0.83870965,0.83870965,0.98214287
C=CCn1c2c(c3cc(C(=O)N4CCC(C)CC4)ccc31)CN(C1CCOCC1)CC2,train,train,train,0,0,0.83870965,0.83870965,0.852459
C=CCn1c2c(c3cc(C(=O)N4CCC(C)CC4)ccc31)CN(Cc1ccccn1)CC2,train,train,train,0,0,0.7794118,0.7794118,0.7794118
C=CCn1c2c(c3cc(C(=O)N4CCC(C)CC4)ccc31)CN(Cc1ccncc1)CC2,train,train,train,0,0,0.84375,0.84375,0.84375
CCCn1c2c(c3cc(C(=O)N4CCC(C)CC4)ccc31)CN(C1CCCC1)CC2,test,test,test,0,0,0.85714287,0.85714287,0.85714287
CCCn1c2c(c3cc(C(=O)N4CCC(C)CC4)ccc31)CN(C1CCOCC1)CC2,test,test,test,0,0,0.78125,0.78125,0.78125
CC1CCN(C(=O)c2ccc3[nH]c4c(c3c2)CN(C2CCCC2)CC4)CC1,train,train,test,0,0,0.6333333,0.6333333,0.6333333
CC1CCN(C(=O)c2ccc3c(c2)c2c(n3C)CCN(C3CCCC3)C2)CC1,train,train,train,0,0,0.78571427,0.78571427,0.78571427
CCn1c2c(c3cc(C(=O)N4CCC(C)CC4)ccc31)CN(C1CCCC1)CC2,train,train,train,0,0,0.78571427,0.78571427,0.7966102
CCCS(=O)(=O)n1c2c(c3cc(C(=O)N4CCC(C)CC4)ccc31)CN(C1CCOCC1)CC2,test,test,train,0,0,0.88709676,0.88709676,0.88709676
CCCS(=O)(=O)n1c2c(c3cc(C(=O)N4CCC(C)CC4)ccc31)CN(C1CCCC1)CC2,train,train,train,0,0,0.87931037,0.87931037,0.87931037
CC1CCN(C(=O)c2ccc3c(c2)c2c(n3S(C)(=O)=O)CCN(C3CCCC3)C2)CC1,train,train,train,0,0,0.8596491,0.8596491,0.8596491
CC1CCN(C(=O)c2ccc3c(c2)c2c(n3S(C)(=O)=O)CCN(C3CCOCC3)C2)CC1,train,train,train,0,0,0.852459,0.852459,0.852459
CCS(=O)(=O)n1c2c(c3cc(C(=O)N4CCC(C)CC4)ccc31)CN(C1CCCC1)CC2,train,train,train,0,0,0.87931037,0.87931037,0.87931037
CCS(=O)(=O)n1c2c(c3cc(C(=O)N4CCC(C)CC4)ccc31)CN(C1CCOCC1)CC2,train,train,train,0,0,0.86440676,0.86440676,0.88709676
CC1CCN(C(=O)c2ccc3c(c2)c2c(n3S(=O)(=O)C(C)C)CCN(C3CCOCC3)C2)CC1,test,test,test,0,0,0.82539684,0.82539684,0.82539684
CC1CCN(C(=O)c2ccc3c(c2)c2c(n3S(=O)(=O)c3ccccc3)CCN(C3CCOCC3)C2)CC1,test,test,train,0,0,0.8125,0.8125,0.8125
CC1CCN(C(=O)c2ccc3c(c2)c2c(n3S(=O)(=O)N(C)C)CCN(C3CCCC3)C2)CC1,train,train,train,0,0,0.81666666,0.81666666,0.8548387
CC1CCN(C(=O)c2ccc3c(c2)c2c(n3S(=O)(=O)N(C)C)CCN(C3CCOCC3)C2)CC1,test,test,train,0,0,0.8548387,0.8548387,0.8548387
CCOc1ccc(Cn2c3c(c4cc(C(=O)N5CCC(C)CC5)ccc42)CN(C2CCOCC2)CC3)cc1,test,test,train,0,0,0.7183099,0.7183099,0.7183099
CCCC(=O)n1c2c(c3cc(C(=O)N4CCC(C)CC4)ccc31)CN(C1CCOCC1)CC2,test,test,test,0,0,0.72727275,0.72727275,0.72727275
CN(CC(N)=O)Cc1nc(-c2cn(CC3CCOCC3)c3c(Cl)cccc23)ns1,train,train,train,3,3,0.82857144,0.82857144,0.8169014
NC(=O)CN1CCN(Cc2nc(-c3cn(CC4CCOCC4)c4c(Cl)cccc34)ns2)CC1,train,train,train,3,3,0.8169014,0.8169014,0.8055556
O=C(NCCO)C1CCN(Cc2nc(-c3cn(CC4CCOCC4)c4c(Cl)cccc34)ns2)CC1,test,test,train,3,3,0.83116883,0.83116883,0.83116883
COc1cccc2c(-c3nsc(CN(C)CC(N)=O)n3)cn(CC3CCOCC3)c12,train,train,test,3,3,0.82857144,0.82857144,0.82857144
COc1cccc2c(-c3nsc(CN4CCN(CC(N)=O)CC4)n3)cn(CC3CCOCC3)c12,train,train,train,3,3,0.8055556,0.8055556,0.8055556
COc1cccc2c(-c3nsc(CN4CCC(C(=O)NCCO)CC4)n3)cn(CC3CCOCC3)c12,train,train,train,3,3,0.725,0.725,0.83116883
CN(CC(N)=O)Cc1nc(-c2cn(CC3CCS(=O)(=O)CC3)c3c(Cl)cccc23)ns1,train,train,train,3,3,0.8169014,0.8169014,0.8169014
NC(=O)CN1CCN(Cc2nc(-c3cn(CC4CCS(=O)(=O)CC4)c4c(Cl)cccc34)ns2)CC1,train,train,test,3,3,0.8169014,0.8169014,0.8169014
O=C(NCCO)[C@H]1CCCN(Cc2nc(-c3cn(CC4CCS(=O)(=O)CC4)c4c(Cl)cccc34)ns2)C1,train,train,train,3,3,0.67469877,0.67469877,0.70238096
NC(=O)CN1CCN(Cc2nc(-c3cn(CC4CCOCC4)c4c(Cl)cccc34)no2)CC1,train,train,train,3,3,0.82857144,0.82857144,0.82857144
COc1cccc2c(-c3noc(CN(C)CC(N)=O)n3)cn(CC3CCOCC3)c12,train,train,train,3,3,0.82608694,0.82608694,0.82608694
COc1cccc2c(-c3noc(CN4CCC(C(=O)NCCO)CC4)n3)cn(CC3CCOCC3)c12,test,test,test,3,3,0.82894737,0.82894737,0.82894737
CN(CC(N)=O)Cc1nc(-c2cn(CC3CCS(=O)(=O)CC3)c3c(Cl)cccc23)no1,train,train,train,3,3,0.82857144,0.82857144,0.82857144
NC(=O)CN1CCN(Cc2nc(-c3cn(CC4CCS(=O)(=O)CC4)c4c(Cl)cccc34)no2)CC1,train,train,train,3,3,0.82857144,0.82857144,0.82857144
O=C(NCCO)C1CCN(Cc2nc(-c3cn(CC4CCS(=O)(=O)CC4)c4c(Cl)cccc34)no2)CC1,train,train,test,3,3,0.84,0.84,0.84
CCN(CCCC(=O)NC1CC1)C(=O)c1ccc2c(c1)c1c(n2C)CCC(C2CCOCC2)C1,train,train,train,0,0,0.82608694,0.82608694,0.82608694
CN(CCCC(=O)NC1CC1)C(=O)c1ccc2c(c1)c1c(n2C)CCC(C2CCOCC2)C1,train,train,train,0,0,0.90909094,0.90909094,0.90909094
CCN(CC(=O)NCCF)C(=O)c1ccc2c(c1)c1c(n2C)CC[C@@H](C2CCOCC2)C1,train,train,train,0,0,0.7361111,0.7361111,0.7361111
CN(CCCC(=O)NCCF)C(=O)c1ccc2c(c1)c1c(n2C)CC[C@@H](C2CCOCC2)C1,train,train,train,0,0,0.86764705,0.86764705,0.86764705
CCN(CCCC(=O)NCCO)C(=O)c1ccc2c(c1)c1c(n2C)CC[C@@H](C2CCOCC2)C1,train,train,train,0,0,0.82857144,0.82857144,0.82857144
CN(CCCC(=O)NC1COC1)C(=O)c1ccc2c(c1)c1c(n2C)CC[C@@H](C2CCOCC2)C1,train,train,train,0,0,0.90909094,0.90909094,0.90909094
CN(C(=O)c1ccc2c(c1)c1c(n2C)CC[C@@H](C2CCOCC2)C1)[C@H](CO)CCC(=O)NCCF,train,train,train,0,0,0.85915494,0.85915494,0.85915494
CCNC(=O)CC[C@@H](CO)N(C)C(=O)c1ccc2c(c1)c1c(n2C)CC[C@@H](C2CCOCC2)C1,train,train,train,0,0,0.85915494,0.85915494,0.85915494
CNC(=O)CC[C@@H](CO)N(C)C(=O)c1ccc2c(c1)c1c(n2C)CC[C@@H](C2CCOCC2)C1,test,test,test,0,0,0.88235295,0.88235295,0.88235295
CN(CCCC(=O)NCCO)C(=O)c1ccc2c(c1)c1c(n2C)CC[C@@H](C2CCOCC2)C1,train,train,train,0,0,0.86764705,0.86764705,0.86764705
CN(CCCC(=O)NCC#N)C(=O)c1ccc2c(c1)c1c(n2C)CC[C@@H](C2CCOCC2)C1,train,train,test,0,0,0.8142857,0.8142857,0.8142857
CONC(=O)CCCN(C)C(=O)c1ccc2c(c1)c1c(n2C)CC[C@@H](C2CCOCC2)C1,train,train,train,0,0,0.8142857,0.8142857,0.8115942
CCN1CCN(c2nc(C)nc3sc(-c4ccccc4)cc23)CC1,train,train,train,3,3,0.7659575,0.7659575,0.7659575
Cc1nc(N2CCN(C)CC2)c2cc(-c3ccccc3)sc2n1,train,train,train,3,3,0.7659575,0.7659575,0.7659575
CCN1CCN(c2nc(C)nc3c2nc(-c2ccccc2Cl)n3C)CC1,train,train,train,3,3,0.71929824,0.71929824,0.71929824
CCN1CCN(c2nc(C)nc3[nH]c(-c4ccccc4Cl)nc23)CC1,train,train,train,3,3,0.6545454,0.6545454,0.6545454
Cc1nc(N2CCN(C)CC2)c2nc(-c3ccccc3Cl)n(CCO)c2n1,train,train,train,3,3,0.7368421,0.7368421,0.7368421
CCc1c(C(=O)NCCc2ccc(NC)cc2)[nH]c2ccc(Cl)cc12,train,train,train,3,3,0.546875,0.546875,0.546875
Cc1c(C(=O)NCCc2ccc(N3CCCCC3)cc2)[nH]c2ccc(Cl)cc12,train,train,train,3,3,0.6969697,0.6969697,0.6969697
O=C(NCCc1ccc(N2CCCCC2)cc1)c1cc2cc(Cl)ccc2[nH]1,test,test,train,3,3,0.6666667,0.6666667,0.6666667
CN(C)c1ccc(CCNC(=O)c2cc3cc(Cl)ccc3[nH]2)cc1,train,train,train,3,3,0.47619048,0.47619048,0.64912283
CCCCCn1cc(C(=O)NCc2ccc(Cl)c(Cl)c2)c(=O)c2ccc(Sc3ccccc3)cc21,test,test,train,3,3,0.3783784,0.3783784,0.3783784
CN(CCCCCCCOc1ccc(-c2oc3ccccc3c2C(=O)c2ccc(OCCN3CCOCC3)cc2)cc1)Cc1ccccc1,train,train,train,3,3,0.7761194,0.7761194,0.6329114
CCN(CC)CCOc1cccc(C(=O)c2c(-c3ccc(OCCCCCCCN(C)Cc4ccccc4)cc3)oc3ccccc23)c1,train,train,train,3,3,0.7846154,0.7846154,0.6329114
CN(CCCCCCCOc1ccc(-c2oc3ccccc3c2C(=O)c2ccc(-c3ccccc3)cc2)cc1)Cc1ccccc1,train,train,test,3,3,0.92727274,0.92727274,0.7761194
CN(CCCCCCCOc1ccc(-c2oc3ccccc3c2C(=O)c2ccccc2)cc1)Cc1ccccc1,train,train,test,3,3,0.92727274,0.92727274,0.7846154
CN(CCCCCCCOc1ccc(-c2cc3ccccc3o2)cc1)Cc1ccccc1,train,train,test,3,3,0.58064514,0.58064514,0.5068493
CCCCCc1cc(OC)c2cc(Cc3ccccc3OC)c(=O)oc2c1,train,train,test,3,3,0.7358491,0.7358491,0.3030303
CCCCCc1cc(OC)c2cc(Cc3cccc(OC)c3)c(=O)oc2c1,train,train,test,3,3,0.7358491,0.7358491,0.30985916
O=C(Nc1sc2c(c1C(=O)N1CC(F)(F)C1)CCC(F)(F)C2)c1ccccc1OC(F)(F)F,train,train,train,3,3,0.8064516,0.8064516,0.8064516
COCCNC(=O)c1c(NC(=O)c2ccccc2Cl)sc2c1CCC(F)(F)C2,test,test,train,3,3,0.6721311,0.6721311,0.6721311
O=C(Nc1sc2c(c1C(=O)N1CC(F)(F)C1)CCC(F)(F)C2)c1ccccc1Cl,train,train,train,3,3,0.73333335,0.73333335,0.73333335
CC1OCc2sc(NC(=O)CC(C)(C)C)c(C(=O)N3CC(F)(F)C3)c21,train,train,train,0,0,0.63793105,0.63793105,0.76363635
CC1OCc2sc(NC(=O)CC(C)(C)C)c(C(=O)N3CCCCC3)c21,test,test,train,0,0,0.76363635,0.76363635,0.76363635
COCCNC(=O)c1c(NC(=O)CC(C)(C)C)sc2c1C(C)(C)CC2,train,train,test,1,1,0.66071427,0.66071427,0.74545455
CC(C)(C)CC(=O)Nc1sc2c(c1C(=O)NCC1CC1)C(C)(C)CC2,test,test,train,1,1,0.74545455,0.74545455,0.6393443
CC1(C)CCc2sc(NC(=O)c3ccccc3Cl)c(C(=O)NCC3CC3)c21,train,train,train,3,3,0.47058824,0.47058824,0.6393443
O=C(CN1CCCCC1)Nc1sc2c(c1C(=O)N1CCC(F)(F)CC1)CCCC2,test,test,train,0,0,0.71428573,0.71428573,0.56666666
CC(C)(C)CC(=O)Nc1sc2c(c1C(=O)N1CCC(F)(F)CC1)CCCC2,train,train,test,0,0,0.8076923,0.8076923,0.8076923
CC(C)(C)CC(=O)Nc1sc2c(c1C(=O)N1CC(F)(F)C1)CCCC2,train,train,train,0,0,0.8076923,0.8076923,0.6785714
COC1CN(C(=O)c2c(NC(=O)CC(C)(C)C)sc3c2CCCC3)C1,test,test,train,0,0,0.6785714,0.6785714,0.6785714
COCCNC(=O)c1c(NC(=O)C2CCCC2)sc2c1CCCC2,test,test,train,0,0,0.6792453,0.6792453,0.6792453
COCCNC(=O)c1c(NC(=O)CC(C)(C)C)sc2c1CCCC2,train,train,train,0,0,0.66071427,0.66071427,0.6792453
O=C(Nc1sc2c(c1C(=O)N1CCC(F)(F)CC1)CCOC2)c1c(F)cccc1C(F)(F)F,train,train,train,0,0,0.8360656,0.8360656,0.8360656
O=C(Nc1sc2c(c1C(=O)N1CCC(F)(F)CC1)CCOC2)c1ccccc1OC(F)(F)F,train,train,train,0,0,0.84126985,0.84126985,0.84126985
O=C(Nc1sc2c(c1C(=O)N1CCC(F)(F)CC1)CCOC2)c1ccccc1C(F)(F)F,train,train,train,0,0,0.8305085,0.8305085,0.8305085
O=C(Nc1sc2c(c1C(=O)N1CC(F)(F)C1)CCOC2)c1c(F)cccc1C(F)(F)F,train,train,train,0,0,0.8360656,0.8360656,0.8360656
O=C(Nc1sc2c(c1C(=O)N1CC(F)(F)C1)CCOC2)c1ccccc1OC(F)(F)F,train,train,train,3,3,0.84126985,0.84126985,0.84126985
O=C(Nc1sc2c(c1C(=O)N1CC(F)(F)C1)CCOC2)c1ccccc1C(F)(F)F,train,train,train,3,3,0.8305085,0.8305085,0.8305085
COC1CN(C(=O)c2c(NC(=O)c3c(F)cccc3C(F)(F)F)sc3c2CCOC3)C1,train,train,train,0,0,0.7846154,0.7846154,0.7846154
COC1CN(C(=O)c2c(NC(=O)c3ccccc3OC(F)(F)F)sc3c2CCOC3)C1,train,train,train,3,3,0.8,0.8,0.8
COC1CN(C(=O)c2c(NC(=O)c3ccccc3C(F)(F)F)sc3c2CCOC3)C1,train,train,train,3,3,0.8,0.8,0.8
COCCNC(=O)c1c(NC(=O)c2c(F)cccc2C(F)(F)F)sc2c1CCOC2,test,test,train,3,3,0.7903226,0.7903226,0.7777778
COCCNC(=O)c1c(NC(=O)c2ccccc2C(F)(F)F)sc2c1CCOC2,train,train,test,3,3,0.67164177,0.67164177,0.7903226
O=C(Nc1sc2c(c1C(=O)NCC1CC1)CCOC2)c1c(F)cccc1C(F)(F)F,train,train,train,3,3,0.6769231,0.6769231,0.7777778
O=C(Nc1sc2c(c1C(=O)NCC1CC1)CCOC2)c1ccccc1OC(F)(F)F,test,test,train,3,3,0.6865672,0.6865672,0.6865672
O=C(Nc1sc2c(c1C(=O)N1CCCCC1)CCOC2)c1c(F)cccc1C(F)(F)F,train,train,train,0,0,0.877193,0.877193,0.877193
O=C(Nc1sc2c(c1C(=O)N1CCCCC1)CCOC2)c1ccccc1OC(F)(F)F,train,train,train,0,0,0.82539684,0.82539684,0.82539684
O=C(Nc1sc2c(c1C(=O)N1CCCCC1)CCOC2)c1ccccc1C(F)(F)F,train,train,train,0,0,0.8135593,0.8135593,0.8727273
O=C(Nc1sc2c(c1C(=O)N1CCOCC1)CCOC2)c1c(F)cccc1C(F)(F)F,train,train,train,0,0,0.877193,0.877193,0.877193
O=C(Nc1sc2c(c1C(=O)N1CCOCC1)CCOC2)c1ccccc1C(F)(F)F,test,test,train,0,0,0.8727273,0.8727273,0.8727273
CC(C)c1ccccc1C(=O)Nc1sc2c(c1C(=O)N1CCOCC1)CCOC2,train,train,train,3,3,0.8148148,0.8148148,0.8148148
Cc1ccccc1C(=O)Nc1sc2c(c1C(=O)N1CCOCC1)CCOC2,train,train,train,0,0,0.8148148,0.8148148,0.8148148
O=C(Nc1sc2c(c1C(=O)N1CCOCC1)CCOC2)c1c(Cl)cccc1Cl,train,train,test,0,0,0.8269231,0.8269231,0.8269231
O=C(Nc1sc2c(c1C(=O)N1CCOCC1)CCOC2)c1ccccc1Cl,train,train,train,3,3,0.8301887,0.8301887,0.8301887
O=C(Nc1sc2c(c1C(=O)N1CCOCC1)CCCC2)c1ccccc1Cl,train,train,train,0,0,0.8301887,0.8301887,0.8301887
C[S+](O)Cc1ccc(C(=O)Nc2ccc(OCCOCCO)nc2C(=O)NCC2CCC2)c2ccccc12,train,train,test,3,3,0.7027027,0.7027027,0.69014084
COc1ccc(NC(=O)c2ccc(C[S+](C)O)c3ccccc23)c(C(=O)NCC2CCOCC2)n1,train,train,train,3,3,0.67105263,0.67105263,0.70666665
O=C(NCC1CCOCC1)c1nc(OS(=O)(=O)CCC(F)(F)F)ccc1NC(=O)c1ccc(Cn2ccnn2)c2ccccc12,train,train,test,3,3,0.68292683,0.68292683,0.75609756
O=C(NCC1CCC1)c1nccnc1NC(=O)c1ccc(Cn2ccnn2)c2ccccc12,train,train,test,3,3,0.7,0.7,0.8125
O=C(NCC1CCOCC1)c1ncccc1NC(=O)c1ccc(Cn2ccnn2)c2ccccc12,train,train,train,3,3,0.7,0.7,0.859375
COc1ccc(NC(=O)c2ccc(Cn3ccnn3)c3ccccc23)c(C(=O)NCC2CCOCC2)n1,test,test,train,3,3,0.87142855,0.87142855,0.87142855
COc1ccc(NC(=O)c2ccc(Cn3ccnn3)c3ccccc23)c(C(=O)NCC2CCC2)n1,train,train,train,3,3,0.95454544,0.95454544,0.95454544
COc1ccc(NC(=O)c2ccc(Cn3ccnn3)c3ccccc23)c(C(=O)NCC2CCCCC2)n1,train,train,train,3,3,0.95454544,0.95454544,0.95454544
CS(=O)(=O)Cc1ccc(C(=O)Nc2cccnc2C(=O)NCC2CCC2)c2ccccc12,train,train,train,3,3,0.76666665,0.76666665,0.7419355
C[S+](O)Cc1ccc(C(=O)Nc2cccnc2C(=O)NCC2CCC2)c2ccccc12,train,train,train,3,3,0.76666665,0.76666665,0.7419355
O=C(NCC1CCC1)c1nc(OCCOCCO)ccc1NC(=O)c1ccnc2ccccc12,train,train,test,3,3,0.90163934,0.90163934,0.90163934
O=C(NCC1CCC1)c1nc(OCCO)ccc1NC(=O)c1ccnc2ccccc12,train,train,train,3,3,0.90163934,0.90163934,0.8032787
O=C(NCC1CCC1)c1ncccc1NC(=O)c1ccc(Cn2ccnn2)c2ccccc12,test,test,train,3,3,0.859375,0.859375,0.859375
O=C(NCC1CCC1)c1ncccc1NC(=O)c1ccc(Cn2cccn2)c2ccccc12,train,train,train,3,3,0.8333333,0.8333333,0.8333333
O=C(NCC1CCC1)c1ncccc1NC(=O)c1ccc(Cn2ccnc2)c2ccccc12,train,train,train,3,3,0.8360656,0.8360656,0.8360656
O=C(NCC1CCC1)c1ncccc1NC(=O)c1ccc(Cn2cccc2)c2ccccc12,train,train,train,3,3,0.8360656,0.8360656,0.8360656
CN(C)Cc1ccc(C(=O)Nc2cccnc2C(=O)NCC2CCC2)c2ccccc12,train,train,test,3,3,0.76666665,0.76666665,0.76666665
COCc1ccc(C(=O)Nc2cccnc2C(=O)NCC2CCC2)c2ccccc12,test,test,test,3,3,0.79310346,0.79310346,0.76666665
COc1ccc(NC(=O)c2ccnc3ccccc23)c(C(=O)NCC2CCC2)n1,train,train,train,3,3,0.8032787,0.8032787,0.8032787
O=C(NCC1CCC1)c1ncccc1NC(=O)c1ccnc2ccccc12,train,train,test,3,3,0.7413793,0.7413793,0.7413793
O=C(NCC1CCC1)c1ncccc1NC(=O)c1cccc2ccccc12,test,test,test,3,3,0.9361702,0.9361702,0.9361702
O=C(NCC1CCOCC1)c1ncccc1NC(=O)c1cccc2ccccc12,train,train,test,3,3,0.8076923,0.8076923,0.8076923
O=C(NCC1CCCCC1)c1nccnc1NC(=O)c1cccc2ccccc12,test,test,train,3,3,0.7692308,0.7692308,0.7692308
O=C(NCC1CCCCC1)c1ncccc1NC(=O)c1cccc2ccccc12,train,train,train,3,3,0.8076923,0.8076923,0.7692308
O=C(NCC1CCCCC1)c1cc(Cl)ccc1NC(=O)c1cccc2ccccc12,train,train,train,3,3,0.64912283,0.64912283,0.64912283
CCCc1ccc(O)c(-c2cc(CCC)ccc2O)c1,train,train,train,3,3,0.5,0.5,0.5
C=CCc1ccc(O)c(-c2cc(CC=C)ccc2O)c1,train,train,train,3,3,0.5,0.5,0.5
CC1(C)Oc2cc(C34CC5CC(CC(C5)C3)C4)cc(O)c2[C@@H]2CC(CO)=CC[C@H]21,train,train,train,0,0,0.754717,0.754717,0.578125
CC1=CC[C@@H]2[C@@H](C1)c1c(O)cc(C34CC5CC(CC(C5)C3)C4)cc1OC2(C)C,train,train,test,0,0,0.754717,0.754717,0.754717
CCCCCn1c2ccc(C(=O)N3CCCCC3)cc2c2ccc(OC)cc21,train,train,train,0,0,0.7307692,0.7307692,0.7307692
CCCCCn1c2ccccc2c2cc(C(=O)N3CCCCC3)ccc21,train,train,train,3,3,0.7307692,0.7307692,0.7307692
COCCOc1ncc(C(=O)N[C@@H]2CCCC[C@H]2O)cc1-c1ccc(Cl)cc1,test,test,train,3,3,0.34666666,0.34666666,0.7894737
O=C(N[C@@H]1CCCC[C@H]1O)c1cnc(OCC2CC2)c(-c2ccc(Cl)cc2)c1,test,test,train,1,1,0.34666666,0.34666666,0.7894737
CCn1c(C(=O)NCC(C)(C)C)nc2c(-c3ccccc3)cccc21,test,test,train,3,3,0.6727273,0.6727273,0.6727273
O=C(NC12CC3CC(CC(C3)C1)C2)c1nc2c(-c3ccccc3)cccc2[nH]1,test,test,train,3,3,0.48214287,0.48214287,0.48214287
CCn1c(C(=O)NCc2ccccc2Cl)nc2c(-c3ccccc3)cccc21,train,train,train,3,3,0.37878788,0.37878788,0.6727273
O=C(NC12CC3CC(CC(C3)C1)C2)c1nn(-c2ccc(Cl)c(Cl)c2)c2c1CCCC2,test,test,train,2,2,0.4125,0.4125,0.4125
CC(C)(C)NC(=O)c1nn(-c2ccc(F)cc2F)c2c1[C@H]1CC[C@@H]2C1,test,test,train,0,0,0.54545456,0.54545456,0.5294118
CCCCCCC(C)(C)c1cc(O)c2c(c1)OC(C)(C)[C@@H]1CC=C(C(=O)O)C[C@@H]21,train,train,train,0,0,0.75409836,0.75409836,0.75409836
O=C(NC1CCCC1)c1ccc2c(c1)N(S(=O)(=O)c1ccc(F)cc1)CCS2,train,train,train,0,0,0.32876712,0.32876712,0.32
O=C(Cc1ccccc1)N/N=C1\C(=O)N(CC2CCCCC2)c2cc(OCCN3CCOCC3)ccc21,test,test,train,3,3,0.5641026,0.5641026,0.5641026
O=C(N/N=C1\C(=O)N(Cc2ccccc2)c2ccccc21)c1ccccc1,train,train,train,3,3,0.68,0.68,0.6938776
CCN1CCN(C(=O)c2cn(CC3CCCCC3)c3c(C)cccc23)CC1,train,train,train,3,3,0.7719298,0.7719298,0.7719298
Cc1ccc2c(C(=O)N3CCN(C)CC3)cn(CC3CCCCC3)c2c1,train,train,train,0,0,0.75,0.75,0.75
Cc1ccc2c(c1)c(C(=O)N1CCN(C)CC1)cn2CC1CCCCC1,test,test,test,0,0,0.84313726,0.84313726,0.84313726
CN1CCN(C(=O)c2cn(CC3CCCCC3)c3ccccc23)CC1,train,train,train,3,3,0.75,0.75,0.75
O=C(NCc1ccccc1)c1cn(CC2CCCCC2)c2ccccc12,train,train,train,3,3,0.58181816,0.58181816,0.58181816
CN1CC(S(=O)(=O)c2ccc3c(c2)nc(CC(C)(C)C)n3CC2CC2)C1,train,train,test,0,0,0.76785713,0.76785713,0.72727275
CN(C)CCn1c(CC(C)(C)C)nc2cc(S(=O)(=O)C3CN(C)C3)ccc21,train,train,train,0,0,0.72727275,0.72727275,0.5070422
CC(C)(C)Cc1nc2cc(S(=O)(=O)C3CN(C(N)=O)C3)ccc2n1CC1(O)CCOCC1,train,train,train,0,0,0.6818182,0.6818182,0.5070422
CC(C)(C)Cc1nc2cc(S(=O)(=O)C3CN(C(N)=O)C3)ccc2n1CC1CC1,train,train,test,0,0,0.76785713,0.76785713,0.6818182
CC(C)(C)c1cc(NC(=O)[C@@H]2CCCN2c2ccc(Cl)cc2)no1,test,test,train,0,0,0.94,0.94,0.94
CC(C)(C)c1cc(NC(=O)[C@@H]2CCCCN2c2ccc(C(F)(F)F)cn2)no1,train,train,train,0,0,0.877193,0.877193,0.9464286
CC(C)(C)c1cc(NC(=O)[C@@H]2CCCN2c2ccc(C(F)(F)F)cn2)no1,test,test,train,0,0,0.9464286,0.9464286,0.9464286
CC(C)(C)c1cc(NC(=O)[C@@H]2CCN2c2ccc(C(F)(F)F)cn2)no1,train,train,train,0,0,0.877193,0.877193,0.89285713
CC(C)(C)c1cc(NC(=O)[C@@H]2CCCN2c2ccc(C(F)(F)F)cc2)no1,train,train,train,0,0,0.7368421,0.7368421,0.7818182
CC(C)(C)c1cc(NC(=O)[C@@H]2CCCN2C2CCCCC2)no1,test,test,train,0,0,0.97727275,0.97727275,0.93333334
CC(C)(C)c1cc(NC(=O)[C@@H]2CCCN2C2CCCC2)no1,train,train,test,0,0,0.95454544,0.95454544,0.97727275
CC(C)(C)c1cc(NC(=O)[C@@H]2CCCN2C2CCC2)no1,train,train,train,0,0,0.95454544,0.95454544,0.93333334
CC(C)(C)c1cc(NC(=O)[C@@H]2CCCN2CC2CC2)no1,train,train,train,0,0,0.9347826,0.9347826,0.9347826
CC(C)(C)c1cc(NC(=O)[C@@H]2CCCN2C2CCOCC2)no1,test,test,train,0,0,0.8541667,0.8541667,0.8541667
CC(C)(C)c1cc(NC(=O)[C@@H]2CCCN2CC2CCOCC2)no1,train,train,train,0,0,0.94,0.94,0.94
CC(C)(C)c1cc(NC(=O)[C@@H]2CCCN2C2CCOCC2)on1,train,train,train,0,0,0.57894737,0.57894737,0.6909091
O=C(Nc1nc2cc(Cl)ccc2s1)[C@@H]1CCCN1C1CCOCC1,train,train,test,0,0,0.4923077,0.4923077,0.52380955
CC(C)(C)c1cc(NC(=O)[C@@H]2C[C@@H](O)CN2C2CCCCC2)on1,test,test,train,0,0,0.6101695,0.6101695,0.6440678
CC(C)(C)c1cc(NC(=O)[C@@H]2C[C@@H](O)CN2c2ccc(Cl)cc2)on1,test,test,train,0,0,0.4848485,0.4848485,0.6440678
CC(C)(C)c1cc(NC(=O)[C@@H]2CCC(=O)N2c2ccc(C(F)(F)F)cn2)on1,train,train,train,0,0,0.73846155,0.73846155,0.73846155
CC(C)(C)c1cc(NC(=O)[C@@H]2CCC(=O)N2c2ccc(C#N)cn2)on1,train,train,train,0,0,0.73846155,0.73846155,0.73846155
COCC(C)(C)c1cc(NC(=O)[C@@H]2CCC(=O)N2c2ccc(C(F)(F)F)cc2)on1,train,train,train,0,0,0.82258064,0.82258064,0.82258064
CC(C)(CO)c1cc(NC(=O)[C@@H]2CCC(=O)N2c2ccc(C(F)(F)F)cc2)on1,train,train,train,0,0,0.82258064,0.82258064,0.82258064
CC(C)(C)c1cc(NC(=O)[C@@H]2CCCCN2C(=O)CC2CCOCC2)no1,test,test,train,0,0,0.75438595,0.75438595,0.75438595
CC(C)(C)c1cc(NC(=O)[C@@H]2CCCCN2C(=O)CN2CCS(=O)(=O)CC2)no1,train,train,test,0,0,0.65,0.65,0.6666667
CC(C)(C)c1cc(NC(=O)[C@@H]2CCCCN2C(=O)C2CCCCC2)no1,train,train,train,0,0,0.6964286,0.6964286,0.6964286
CC(C)(C)c1cc(NC(=O)[C@@H]2CCCCN2CC2CCOCC2)no1,train,train,train,0,0,0.94,0.94,0.94
CC(C)(C)c1cc(NC(=O)[C@@H]2CCCCN2C2CCCC2)no1,train,train,train,0,0,0.95454544,0.95454544,0.93333334
CC(C)CN1CCCC[C@H]1C(=O)Nc1cc(C(C)(C)C)on1,train,train,train,0,0,0.7692308,0.7692308,0.7692308
CC(C)(C)c1cc(NC(=O)[C@@H]2CCCCN2CC2CC2)no1,train,train,train,0,0,0.9347826,0.9347826,0.9347826
CC(C)(C)c1cc(NC(=O)[C@@H]2CCCCN2Cc2ccc(Cl)cc2)no1,train,train,train,0,0,0.7241379,0.7241379,0.7241379
CC(C)(C)c1cc(NC(=O)[C@@H]2CCCCN2c2ccc(Cl)cc2)no1,train,train,train,0,0,0.7368421,0.7368421,0.94
CC(C)(C)c1cc(NC(=O)[C@@H]2CCCCN2C(=O)N2CCSCC2)no1,train,train,train,0,0,0.6964286,0.6964286,0.6964286
N#Cc1ccccc1CSc1nnc2c(n1)[nH]c1cccc(Br)c12,train,train,train,3,3,0.45454547,0.45454547,0.45454547
N#Cc1ccccc1CSc1nnc2c3ccccc3n(Cc3ccccc3)c2n1,train,train,train,3,3,0.45454547,0.45454547,0.45454547
CC(C)(NC(=O)c1nn(CCN2CCOCC2)c2c1C[C@H]1C[C@@H]21)c1ccccc1,train,train,train,3,3,0.74603176,0.74603176,0.7903226
CC(C)(NC(=O)c1nn(CCC2CCOCC2)c2c1C[C@H]1C[C@@H]21)c1ccccc1,test,test,train,3,3,0.85,0.85,0.85
CC(C)(NC(=O)c1nn(CC2CCOCC2)c2c1C[C@H]1C[C@@H]21)c1ccccc1,train,train,train,3,3,0.74603176,0.74603176,0.85
CC(C)(C)Cn1nc(C(=O)NC(C)(C)c2ccccc2)c2c1[C@@H]1C[C@@H]1C2,train,train,test,3,3,0.7288136,0.7288136,0.7288136
CC(C)n1nc(C(=O)NC(C)(C)c2ccccc2)c2c1[C@@H]1C[C@@H]1C2,train,train,test,3,3,0.75,0.75,0.75
CC(C)(NC(=O)c1nn(C(C)(C)C)c2c1C[C@H]1C[C@@H]21)c1ccccc1,train,train,train,3,3,0.75,0.75,0.68421054
CC(C)(NC(=O)c1nn(Cc2ccc(F)cc2)c2c1C[C@H]1C[C@@H]21)c1ccccc1,train,train,train,3,3,0.7288136,0.7288136,0.6515151
CC(C)(NC(=O)c1nn(-c2ccc(F)cc2F)c2c1C[C@H]1C[C@@H]21)c1ccccc1,train,train,train,3,3,0.85,0.85,0.85
CC(C)(NC(=O)c1nn(-c2ccc(Cl)cc2Cl)c2c1C[C@H]1C[C@@H]21)c1ccccc1,train,train,train,2,2,0.74603176,0.74603176,0.74603176
CC(C)(NC(=O)c1nn(-c2ccccn2)c2c1C[C@H]1C[C@@H]21)c1ccccc1,train,train,train,3,3,0.7586207,0.7586207,0.704918
CC(C)(NC(=O)c1nn(-c2cccnc2)c2c1C[C@H]1C[C@@H]21)c1ccccc1,train,train,train,3,3,0.704918,0.704918,0.704918
CC(C)(NC(=O)c1nn(-c2ccc(F)cc2F)c2c1C[C@H]1C[C@@H]21)c1ccncc1,train,train,train,0,0,0.85,0.85,0.85
CC(C)(NC(=O)c1nn(-c2ccc(F)cc2F)c2c1C[C@H]1C[C@@H]21)c1ccccn1,train,train,train,3,3,0.78125,0.78125,0.78125
CC(C)(CF)NC(=O)c1nn(-c2ccc(F)cc2F)c2c1C[C@H]1C[C@@H]21,train,train,test,0,0,0.7419355,0.7419355,0.7419355
O=C(NC1(CO)CCC1)c1nn(-c2ccc(F)cc2F)c2c1C[C@H]1C[C@@H]21,train,train,train,2,2,0.96428573,0.96428573,0.96428573
O=C(NC1(CO)CCCC1)c1nn(-c2ccc(F)cc2F)c2c1C[C@H]1C[C@@H]21,train,train,train,2,2,0.96428573,0.96428573,0.96428573
CC1(C)[C@H]2CC[C@](C)(C2)[C@H]1NC(=O)c1nn(-c2ccc(F)cc2F)c2c1C[C@H]1C[C@@H]21,train,train,test,0,0,0.6111111,0.6111111,0.6111111
CC(C)(CO)NC(=O)c1nn(-c2ccccn2)c2c1C[C@H]1C[C@@H]21,train,train,test,3,3,0.7586207,0.7586207,0.7586207
CCN1CCN(c2nc(C)nc3c2nc(-c2ccccc2Cl)n3CCCOC)CC1,train,train,train,3,3,0.71929824,0.71929824,0.71929824
Cc1nc(N2CCN(C)CC2)c2nc(-c3ccccc3Cl)n(C(C)(C)CO)c2n1,train,train,test,3,3,0.71428573,0.71428573,0.71428573
CC(=O)NCCn1c(-c2ccccc2Cl)nc2c(N3CCN(C)CC3)nc(C)nc21,train,train,train,3,3,0.7368421,0.7368421,0.7368421
Cc1c(C(=O)NN2CCCCC2)nn(-c2ccc(Cl)cc2Cl)c1-c1ccc(I)cc1,test,test,train,2,2,0.73770493,0.73770493,0.73770493
Cc1c(C(=O)NCCCCN)nn(-c2ccc(Cl)cc2Cl)c1-c1ccc(Cl)cc1,train,train,train,2,2,0.8490566,0.8490566,0.8490566
Cc1c(C(=O)NCCCCCCCCN)nn(-c2ccc(Cl)cc2Cl)c1-c1ccc(Cl)cc1,test,test,test,2,2,0.98,0.98,0.98
Cc1c(C(=O)NCCCCCCCCNC(=O)c2cccc(C(=O)NCCCCCCCCNC(=O)c3nn(-c4ccc(Cl)cc4Cl)c(-c4ccc(Cl)cc4)c3C)c2)nn(-c2ccc(Cl)cc2Cl)c1-c1ccc(Cl)cc1,train,train,test,2,2,0.89285713,0.89285713,0.89285713
Cc1c(C(=O)NCCCCNC(=O)C23CC4CC(C2)CC(C(=O)NCCCCNC(=O)c2nn(-c5ccc(Cl)cc5Cl)c(-c5ccc(Cl)cc5)c2C)(C4)C3)nn(-c2ccc(Cl)cc2Cl)c1-c1ccc(Cl)cc1,train,train,train,2,2,0.983871,0.983871,0.983871
Cc1c(C(=O)NCCCCCCCCNC(=O)C23CC4CC(C2)CC(C(=O)NCCCCCCCCNC(=O)c2nn(-c5ccc(Cl)cc5Cl)c(-c5ccc(Cl)cc5)c2C)(C4)C3)nn(-c2ccc(Cl)cc2Cl)c1-c1ccc(Cl)cc1,train,train,train,2,2,0.983871,0.983871,0.983871
Cc1c(C(=O)NCCCCNCc2ccc(CNCCCCNC(=O)c3nn(-c4ccc(Cl)cc4Cl)c(-c4ccc(Cl)cc4)c3C)cc2)nn(-c2ccc(Cl)cc2Cl)c1-c1ccc(Cl)cc1,test,test,train,2,2,0.9122807,0.9122807,0.9298246
Cc1c(C(=O)NCCCCNC(=O)c2ccccc2)nn(-c2ccc(Cl)cc2Cl)c1-c1ccc(Cl)cc1,train,train,train,2,2,0.9811321,0.9811321,0.9811321
Cc1c(C(=O)NCCCCCCCCNC(=O)c2ccccc2)nn(-c2ccc(Cl)cc2Cl)c1-c1ccc(Cl)cc1,train,train,train,2,2,0.9811321,0.9811321,0.9811321
Cc1c(C(=O)NCCCCNC(=O)C2CCCCC2)nn(-c2ccc(Cl)cc2Cl)c1-c1ccc(Cl)cc1,train,train,train,2,2,0.98275864,0.98275864,0.98275864
Cc1c(C(=O)NCCCCCCCCNC(=O)C2CCCCC2)nn(-c2ccc(Cl)cc2Cl)c1-c1ccc(Cl)cc1,train,train,train,2,2,0.98275864,0.98275864,0.98275864
Cc1c(C(=O)NCCCCNCc2ccccc2)nn(-c2ccc(Cl)cc2Cl)c1-c1ccc(Cl)cc1,train,train,train,2,2,0.98245615,0.98245615,0.98245615
Cc1c(C(=O)NCCCCCCCCNCc2ccccc2)nn(-c2ccc(Cl)cc2Cl)c1-c1ccc(Cl)cc1,train,train,train,2,2,0.98245615,0.98245615,0.98245615
Cc1c(C(=O)NCCCCNCc2cccc(C(=O)NCCCCNC(=O)c3nn(-c4ccc(Cl)cc4Cl)c(-c4ccc(Cl)cc4)c3C)c2)nn(-c2ccc(Cl)cc2Cl)c1-c1ccc(Cl)cc1,train,train,train,2,2,0.84126985,0.84126985,0.84126985
Cc1c(C(=O)NCCCCNCc2ccc(C(=O)NCCCCNC(=O)c3nn(-c4ccc(Cl)cc4Cl)c(-c4ccc(Cl)cc4)c3C)cc2)nn(-c2ccc(Cl)cc2Cl)c1-c1ccc(Cl)cc1,test,test,train,2,2,0.852459,0.852459,0.9298246
CCOc1ccc(Cc2nc3cc(C(=O)N(CC)CC)ccc3n2CCCCCCCCCCN(C)C)cc1,test,test,train,3,3,0.9,0.9,0.9
CCOc1ccc(Cc2nc3cc(C(=O)N(CC)CC)ccc3n2CCCCCCCCCCN(C)CCCCCCCCCCn2c(Cc3ccc(OCC)cc3)nc3cc(C(=O)N(CC)CC)ccc32)cc1,train,train,train,3,3,0.94827586,0.94827586,0.94827586
CCOc1ccc(Cc2nc3cc(C(=O)N(CC)CC)ccc3n2CCCN(C)CCCn2c(Cc3ccc(OCC)cc3)nc3cc(C(=O)N(CC)CC)ccc32)cc1,train,train,train,3,3,0.94827586,0.94827586,0.94827586
CCOc1ccc(Cc2nc3cc(C(=O)NCCCCCCCCCCN(C)C)ccc3n2CCC(C)C)cc1,train,train,train,3,3,0.9117647,0.9117647,0.9117647
CCOc1ccc(Cc2nc3cc(C(=O)NCCCCCCCCCCN(C)CCCCCCCCCCNC(=O)c4ccc5c(c4)nc(Cc4ccc(OCC)cc4)n5CCC(C)C)ccc3n2CCC(C)C)cc1,train,train,train,3,3,0.93939394,0.93939394,0.93939394
CCOc1ccc(Cc2nc3cc(C(=O)NCCCN(C)CCCNC(=O)c4ccc5c(c4)nc(Cc4ccc(OCC)cc4)n5CCC(C)C)ccc3n2CCC(C)C)cc1,train,train,train,3,3,0.93939394,0.93939394,0.93939394
CCOc1ccc(Cc2nc3cc(C(=O)N(CC)CC)ccc3n2CCC(C)C)cc1,train,train,test,3,3,0.7619048,0.7619048,0.7619048
CCCCn1c(Cc2ccc(OCC)cc2)nc2cc(C(=O)N(CC)CC)ccc21,test,test,test,3,3,0.84745765,0.84745765,0.84745765
C=CCNC(=O)CCCCCCCOc1cc(O)cc(C(C)(C)CCCCCC)c1,train,train,train,3,3,0.5714286,0.5714286,0.3768116
CN(C)c1cccc(-c2cccc(NC(=O)Nc3ccc(Cl)cc3)c2)n1,train,train,train,3,3,0.6181818,0.6181818,0.6181818
CCCCNc1cccc(-c2cccc(NC(=O)Nc3ccc(Cl)cc3)c2)n1,train,train,train,3,3,0.6181818,0.6181818,0.6181818
O=C(Nc1ccc(F)cc1)Nc1cccc(-c2cccc(N3CCCC3)n2)c1,train,train,train,3,3,0.754717,0.754717,0.7407407
N#Cc1ccc(NC(=O)Nc2cccc(-c3cccc(N4CCCC4)n3)c2)cc1,train,train,test,3,3,0.754717,0.754717,0.754717
O=C(Nc1ccc(Cl)nc1)Nc1cccc(-c2cccc(N3CCCC3)n2)c1,train,train,train,3,3,0.7407407,0.7407407,0.7407407
CC(C)(C)c1cc(NC(=O)C(C)(C)S(=O)(=O)c2ccc(C(F)(F)F)cc2)no1,train,train,train,0,0,0.75,0.75,0.75
O=C(Nc1cc(C(F)(F)F)on1)N1CCCN(C(=O)c2ccc(C(F)(F)F)cc2)CC1,test,test,test,0,0,0.74545455,0.74545455,0.74545455
CC(C)(C)c1cc(NC(=O)[C@@H]2CCCN2c2ncc(C(F)(F)F)cc2Cl)no1,train,train,train,0,0,0.6825397,0.6825397,0.71875
CC(C)(C)c1cc(NC(=O)[C@]2(C)CCCN2c2ccc(C(F)(F)F)cc2)no1,test,test,test,0,0,0.78571427,0.78571427,0.78571427
CC(C)(C)c1cc(NC(=O)[C@]2(C)CCCN2c2ccc(Cl)cc2)no1,train,train,train,0,0,0.625,0.625,0.625
CC(C)(C)c1cc(NC(=O)[C@]2(C)CCCN2c2ccc(C(F)(F)F)cn2)no1,train,train,train,0,0,0.625,0.625,0.625
CC(C)(C)c1cc(NC(=O)C(C)(C)S(=O)(=O)c2ccc(C(F)(F)F)cn2)no1,test,test,train,0,0,0.7307692,0.7307692,0.7307692
O=C(Nc1cc(C(F)(F)F)on1)N1CCCN(C(=O)c2ccc(C(F)(F)F)cn2)CC1,train,train,train,0,0,0.45833334,0.45833334,0.4923077
CN(C)C1(c2nc(-c3cc(C(C)(C)C)c(O)c(C(C)(C)C)c3)cs2)CCSCC1,train,train,test,0,0,0.7659575,0.7659575,0.7659575
CN(C)C1(c2nc(-c3cc(C(C)(C)C)c(O)c(C(C)(C)C)c3)cs2)CCOCC1,train,train,train,0,0,0.81632656,0.81632656,0.81632656
CCN(CC)C1(c2nc(-c3cc(C(C)(C)C)c(O)c(C(C)(C)C)c3)cs2)CCOCC1,train,train,train,0,0,0.81632656,0.81632656,0.81632656
CC(C)(C)c1cc(-c2csc(C3(N4CCCCC4)CCOCC3)n2)cc(C(C)(C)C)c1O,test,test,test,0,0,0.6666667,0.6666667,0.6666667
CN(C)C1(c2nc(-c3cc(C(C)(C)C)c(O)c(C(C)(C)C)c3)co2)CCOCC1,train,train,test,0,0,0.68,0.68,0.68
CN1CCCCC1Cn1cc(C(=O)c2cc([N+](=O)[O-])ccc2I)c2ccccc21,train,train,test,3,3,0.44285715,0.44285715,0.44285715
CCCCN1C(=O)/C(=C/NC(C)(C)CC)C(=O)c2cccc(C)c21,train,train,train,3,3,0.86,0.86,0.86
CCCCN1C(=O)/C(=C/NC(C)(C)CO)C(=O)c2cccc(C)c21,train,train,train,3,3,0.86,0.86,0.86
O=C(c1ccc(Cl)cc1)c1cc(O)c(-c2cc(Cl)cc(Cl)c2)c(O)c1,train,train,train,3,3,0.7297297,0.7297297,0.2542373
COc1cc(C(=O)c2ccc(Cl)cc2)cc(O)c1-c1cc(Cl)cc(Cl)c1,train,train,test,3,3,0.7297297,0.7297297,0.7297297
O=C(Nc1ccc(C(=O)c2ccccc2)cc1)Nc1cccc(-c2cccc(N3CCCC3)n2)c1,train,train,test,3,3,0.754717,0.754717,0.754717
O=C(NCCc1ccc(N2CCCCC2)cc1)c1[nH]c2ccc(Cl)cc2c1CCN=C=S,train,train,train,3,3,0.6969697,0.6969697,0.6969697
CCCOC(=O)N1CCC(NC(=O)c2nn(-c3ccc(Cl)cc3Cl)c(-c3ccc(Cl)cc3)c2C)CC1,train,train,train,2,2,0.5882353,0.5882353,0.5882353
COc1ccccc1N1CCN(CCCNC(=O)Oc2cccc3ccccc23)CC1,train,train,train,3,3,0.5322581,0.5322581,0.53731346
O=C(NCCCCN1CCN(c2cccc(Cl)c2Cl)CC1)Oc1ccccc1,train,train,train,3,3,0.5322581,0.5322581,0.6721311
O=C(NCCCCN1CCN(c2cccc(Cl)c2Cl)CC1)Oc1cccc2[nH]ccc12,test,test,train,3,3,0.6721311,0.6721311,0.6721311
C[C@@H](NC(=O)c1nn(-c2ccc(Cl)cc2Cl)c2c1CCC/C2=C\c1ccc(Cl)cc1)c1ccccn1,train,train,train,2,2,0.9692308,0.9692308,0.9130435
O=C(NC1CCN(c2ccccn2)CC1)c1nn(-c2ccc(Cl)cc2Cl)c2c1CCC/C2=C\c1ccc(Cl)cc1,train,train,test,2,2,0.91780823,0.91780823,0.91780823
C[C@@H](NC(=O)c1nn(-c2ccc(Cl)cc2)c2c1CCC/C2=C\c1ccc(Cl)cc1)c1ccccn1,train,train,test,2,2,0.8636364,0.8636364,0.8923077
O=C(NC1(c2ccccn2)CC1)c1nn(-c2ccc(Cl)cc2)c2c1CCC/C2=C\c1ccc(Cl)cc1,train,train,train,2,2,0.75714284,0.75714284,0.75714284
C[C@@H](NC(=O)c1nn(-c2ccc(Cl)cc2Cl)c2c1CCC/C2=C\c1ccc(F)cc1)c1ccccn1,train,train,train,2,2,0.9130435,0.9130435,0.9130435
O=C(NC1CCN(c2ccccn2)CC1)c1nn(-c2ccc(Cl)cc2Cl)c2c1CCC/C2=C\c1ccc(F)cc1,train,train,train,2,2,0.9726027,0.9726027,0.6666667
C[C@@H](NC(=O)c1nn(-c2ccc(Cl)cc2)c2c1CCC/C2=C\c1ccc(Cl)cn1)c1ccccn1,train,train,train,2,2,0.8208955,0.8208955,0.7916667
C[C@@H](NC(=O)c1nn(-c2ccc(Cl)cc2Cl)c2c1CCC/C2=C\c1ccc(Cl)s1)c1ccccn1,train,train,train,2,2,0.9710145,0.9710145,0.83116883
C[C@@H](NC(=O)c1nn(-c2ccc(Cl)c(Cl)c2)c2c1CCC/C2=C\c1ccc(Cl)s1)c1ccccn1,test,test,train,2,2,0.7866667,0.7866667,0.7866667
C[C@@H](NC(=O)c1nn(-c2ccc(C(F)(F)F)cc2Cl)c2c1CCC/C2=C\c1ccc(Cl)s1)c1ccccn1,train,train,train,2,2,0.972973,0.972973,0.972973
O=C(NC1(c2ccccn2)CC1)c1nn(-c2ccc(C(F)(F)F)cc2Cl)c2c1CCC/C2=C\c1ccc(Cl)s1,test,test,train,2,2,0.9722222,0.9722222,0.9722222
C[C@@H](NC(=O)c1nn(-c2ccc(Cl)cc2Cl)c2c1CCCC/C2=C\c1ccc(Cl)cc1)c1ccccn1,train,train,test,2,2,0.9692308,0.9692308,0.9692308
C[C@@H](NC(=O)c1nn(-c2ccc(Cl)c(Cl)c2)c2c1CCCC/C2=C\c1ccc(Cl)cc1)c1ccccn1,train,train,train,2,2,0.884058,0.884058,0.884058
C[C@@H](NC(=O)c1nn(-c2ccc(Cl)cc2Cl)c2c1CCCC/C2=C\c1ccc(F)cc1)c1ccccc1,train,train,train,2,2,0.7837838,0.7837838,0.7837838
O=C(NC1CCN(c2ccccn2)CC1)c1nn(-c2ccc(Cl)cc2Cl)c2c1CCCC/C2=C\c1ccc(F)cc1,train,train,test,2,2,0.9726027,0.9726027,0.9726027
C[C@@H](NC(=O)c1nn(-c2ccc(Cl)c(Cl)c2)c2c1CCCC/C2=C\c1ccc(F)cc1)c1ccccn1,train,train,train,2,2,0.884058,0.884058,0.884058
O=C(NC1(c2ccccn2)CC1)c1nn(-c2ccc(Cl)c(Cl)c2)c2c1CCCC/C2=C\c1ccc(F)cc1,train,train,train,2,2,0.75714284,0.75714284,0.75714284
C[C@@H](NC(=O)c1nn(-c2ccc(Cl)cc2)c2c1CCCC/C2=C\c1ccc(F)cc1)c1ccccn1,test,test,train,2,2,0.8923077,0.8923077,0.85714287
C[C@@H](NC(=O)c1nn(-c2ccc(Cl)cc2Cl)c2c1CCCC/C2=C\c1ccc(Cl)cn1)c1ccccn1,train,train,train,2,2,0.8309859,0.8309859,0.8055556
C[C@@H](NC(=O)c1nn(-c2ccc(C(F)(F)F)cc2Cl)c2c1CCCC/C2=C\c1ccc(Cl)s1)c1ccccn1,train,train,train,2,2,0.972973,0.972973,0.972973
O=C(NC1(c2ccccn2)CC1)c1nn(-c2ccc(C(F)(F)F)cc2Cl)c2c1CCCC/C2=C\c1ccc(Cl)s1,train,train,train,2,2,0.73493975,0.73493975,0.9722222
C[C@@H](NC(=O)c1nn(-c2ccc(Cl)cc2Cl)c2c1CCCC/C2=C\c1ccc(Cl)s1)c1ccccn1,train,train,test,2,2,0.9710145,0.9710145,0.9710145
C[C@@H](NC(=O)c1nn(-c2ccc(Cl)c(Cl)c2)c2c1CCCC/C2=C\c1ccc(C(F)(F)F)cc1)c1ccccn1,train,train,train,2,2,0.84931505,0.84931505,0.84931505
COc1ccc(/C=C2\CN(C(=O)CC(=O)O)Cc3c(C(=O)N[C@H](C)c4ccccn4)nn(-c4ccc(Cl)cc4Cl)c32)cc1,train,train,test,2,2,0.7586207,0.7586207,0.84705883
COc1ccc(/C=C2\CN(C(=O)CS(N)(=O)=O)Cc3c(C(=O)N[C@H](C)c4ccccn4)nn(-c4ccc(Cl)cc4Cl)c32)cc1,test,test,train,2,2,0.84705883,0.84705883,0.89534885
COc1ccc(/C=C2\CN(C(=O)CCS(N)(=O)=O)Cc3c(C(=O)N[C@H](C)c4ccccn4)nn(-c4ccc(Cl)cc4Cl)c32)cc1,test,test,train,2,2,0.8181818,0.8181818,0.89534885
C[C@@H](NC(=O)c1nn(-c2ccc(Cl)cc2Cl)c2c1CN(C(=O)CC(N)=O)C/C2=C\c1ccc(F)cc1)c1ccccn1,train,train,test,2,2,0.90123457,0.90123457,0.90123457
C[C@@H](NC(=O)c1nn(-c2ccc(Cl)cc2Cl)c2c1CN(C(=O)CCC(N)=O)C/C2=C\c1ccc(F)cc1)c1ccccn1,train,train,train,2,2,0.90123457,0.90123457,0.8045977
C[C@@H](NC(=O)c1nn(-c2ccc(Cl)cc2Cl)c2c1CN(C(=O)CNS(C)(=O)=O)C/C2=C\c1ccc(Cl)cc1)c1ccccn1,train,train,train,2,2,0.79268295,0.79268295,0.79268295
C[C@@H](NC(=O)c1nn(-c2ccc(Cl)cc2)c2c1CN(C(=O)CNS(C)(=O)=O)C/C2=C\c1ccc(F)cc1)c1ccccn1,train,train,train,2,2,0.79268295,0.79268295,0.79268295
C[C@@H](NC(=O)c1nn(-c2ccc(Cl)cc2Cl)c2c1CN(C(=O)[C@@H](O)CO)C/C2=C\c1ccc(Cl)cc1)c1ccccn1,train,train,train,2,2,0.8227848,0.8227848,0.8227848
C[C@@H](NC(=O)c1nn(-c2ccc(Cl)c(Cl)c2)c2c1CN(C(=O)Cn1cncn1)C/C2=C\c1ccc(Cl)cc1)c1ccccn1,train,train,train,2,2,0.74157304,0.74157304,0.6987952
C[C@@H](NC(=O)c1nn(-c2ccc(Cl)c(Cl)c2)c2c1CN(C(=O)Cn1cnnn1)C/C2=C\c1ccc(F)cc1)c1ccccn1,train,train,test,2,2,0.74157304,0.74157304,0.8255814
C[C@@H](NC(=O)c1nn(-c2ccc(Cl)cc2Cl)c2c1CN(C(=O)Cn1cnnn1)C/C2=C\c1ccc(F)cc1)c1ccccn1,test,test,train,2,2,0.8333333,0.8333333,0.8045977
C[C@@H](NC(=O)c1nn(-c2ccc(Cl)cc2)c2c1CN(C(=O)c1nc[nH]n1)C/C2=C\c1ccc(Cl)cc1)c1ccccn1,train,train,test,2,2,0.82894737,0.82894737,0.82894737
COc1ccc(/C=C2\CN(C(=O)CN)Cc3c(C(=O)N[C@H](C)c4ccccc4)nn(-c4ccc(Cl)cc4Cl)c32)cc1,train,train,train,2,2,0.8292683,0.8292683,0.8292683
C[C@@H](NC(=O)c1nn(-c2ccc(Cl)cc2Cl)c2c1CN(C(=O)[C@@H](O)CO)C/C2=C\c1ccc(Cl)cc1)c1ccccc1,train,train,train,2,2,0.8227848,0.8227848,0.8227848
COc1ccc(/C=C2\CN(C(=O)Cn3ccnc3)Cc3c(C(=O)N[C@H](C)c4ccccc4)nn(-c4ccc(Cl)cc4Cl)c32)cc1,test,test,train,2,2,0.81609195,0.81609195,0.8095238
COc1ccc(/C=C2\CN(C(=O)Cn3ccnn3)Cc3c(C(=O)N[C@H](C)c4ccccc4)nn(-c4ccc(Cl)cc4Cl)c32)cc1,train,train,test,2,2,0.85714287,0.85714287,0.85714287
C[C@@H](NC(=O)c1nn(-c2ccc(Cl)cc2Cl)c2c1CN(C(=O)Cn1cnnn1)C/C2=C\c1ccc(F)cc1)c1ccccc1,train,train,test,2,2,0.85365856,0.85365856,0.85365856
COc1ccc(/C=C2\CN(C(=O)Cn3cnnn3)Cc3c(C(=O)N[C@H](C)c4ccccc4)nn(-c4ccc(Cl)cc4Cl)c32)cc1,train,train,train,2,2,0.85714287,0.85714287,0.8292683
COc1ccc(/C=C2\CN(C(=O)c3cc[nH]n3)Cc3c(C(=O)N[C@H](C)c4ccccc4)nn(-c4ccc(Cl)cc4Cl)c32)cc1,test,test,train,2,2,0.8235294,0.8235294,0.8235294
COc1ccc(/C=C2\CN(C(=O)c3nc[nH]n3)Cc3c(C(=O)N[C@H](C)c4ccccc4)nn(-c4ccc(Cl)cc4Cl)c32)cc1,train,train,train,2,2,0.8780488,0.8780488,0.8780488
C[C@@H](NC(=O)c1nn(-c2ccc(Cl)cc2Cl)c2c1CN(C(=O)c1nc[nH]n1)C/C2=C\c1ccc(F)cc1)c1ccccc1,train,train,train,2,2,0.8780488,0.8780488,0.8780488
C[C@@H](NC(=O)c1nn(-c2ccc(Cl)cc2)c2c1CN(C(=O)c1nc[nH]n1)C/C2=C\c1ccc(F)cc1)c1ccccc1,test,test,test,2,2,0.9444444,0.9444444,0.9444444
C[C@@H](NC(=O)c1nn(-c2ccc(Cl)cc2)c2c1CN(C(=O)c1nc[nH]n1)C/C2=C\c1ccc(Cl)cc1)c1ccccc1,train,train,train,2,2,0.82894737,0.82894737,0.7777778
O=c1cc(CCc2cccc(Cl)c2)c2cc(C(O)(c3ccc(Cl)cc3)c3nccs3)ccc2[nH]1,train,train,train,4,4,0.65217394,0.65217394,0.65217394
Cn1c(=O)cc(CCc2cccc(Cl)c2)c2cc(C(c3ccc(Cl)cc3)c3nccs3)ccc21,train,train,train,3,3,0.7121212,0.7121212,0.7121212
O=c1cc(CCc2cccc(Cl)c2)c2cc(C(c3ccc(Cl)cc3)c3nccs3)ccc2[nH]1,train,train,train,4,4,0.7121212,0.7121212,0.7121212
CC(C)(C)OC(=O)N1CC=C(c2cc(=O)[nH]c3ccc(C(c4ccc(Cl)cc4)c4ccc(Cl)cc4)cc23)CC1,test,test,train,4,4,0.73846155,0.73846155,0.73846155
O=C(N1CC=C(c2cc(=O)[nH]c3ccc(C(c4ccc(Cl)cc4)c4ccc(Cl)cc4)cc23)CC1)C(F)(F)F,train,train,train,4,4,0.71875,0.71875,0.73846155
O=c1cc(/C=C/c2cccc(F)c2)c2cc(C(c3ccc(Cl)cc3)c3ccc(Cl)cc3)ccc2[nH]1,train,train,train,4,4,0.94,0.94,0.94
O=c1cc(C2=CCN(S(=O)(=O)C(F)(F)F)CC2)c2cc(C(c3ccc(Cl)cc3)c3ccc(Cl)cc3)ccc2[nH]1,train,train,train,4,4,0.71875,0.71875,0.71875
O=c1cc(CCc2ccc(C(F)(F)F)cc2)c2cc(C(c3ccc(Cl)cc3)c3cccs3)ccc2[nH]1,test,test,train,4,4,0.6231884,0.6231884,0.6231884
O=c1cc(/C=C/c2ccccc2)c2cc(C(c3ccc(Cl)cc3)c3cccs3)ccc2[nH]1,train,train,train,4,4,0.83928573,0.83928573,0.83928573
O=c1cc(/C=C/c2ccccc2)c2cc(C(c3ccc(Cl)cc3)c3nccs3)ccc2[nH]1,test,test,train,4,4,0.82258064,0.82258064,0.73333335
O=c1cc(/C=C/c2cccc(C(F)(F)F)c2)c2cc(C(c3ccc(Cl)cc3)c3cccs3)ccc2[nH]1,train,train,train,4,4,0.7704918,0.7704918,0.7704918
Cc1ccc(/C=C/c2cc(=O)[nH]c3ccc(C(c4ccc(Cl)cc4)c4cccs4)cc23)cc1,train,train,train,4,4,0.83928573,0.83928573,0.83928573
O=c1cc(/C=C/c2ccc(C(F)(F)F)cc2)c2cc(C(c3ccc(Cl)cc3)c3nccs3)ccc2[nH]1,train,train,test,4,4,0.74626863,0.74626863,0.8064516
O=c1cc(/C=C/c2ccc(C(F)(F)F)cc2)c2cc(C(c3ccc(Cl)cc3)c3ccc(Cl)s3)ccc2[nH]1,test,test,train,4,4,0.78333336,0.78333336,0.75409836
O=c1cc(/C=C/c2cccc(F)c2)c2cc(C(c3ccc(Cl)cc3)c3ccc(Cl)s3)ccc2[nH]1,test,test,train,4,4,0.8135593,0.8135593,0.80701756
O=c1cc(/C=C/c2ccccc2)c2cc(C(c3ccc(Cl)cc3)c3ccc(Cl)s3)ccc2[nH]1,train,train,test,4,4,0.7719298,0.7719298,0.8135593
O=c1cc(/C=C/c2cccc(F)c2)c2cc(C(c3ccccc3)c3ccc(Cl)cc3)ccc2[nH]1,train,train,train,4,4,0.94,0.94,0.94
O=c1cc(/C=C/c2ccc(C(F)(F)F)cc2)c2cc(C(c3ccccc3)c3ccc(Cl)cc3)ccc2[nH]1,train,train,train,4,4,0.84313726,0.84313726,0.84313726
O=c1cc(/C=C/c2ccc(Cl)cc2)c2cc(C(c3ccccc3)c3ccc(Cl)cc3)ccc2[nH]1,train,train,train,4,4,0.84313726,0.84313726,0.84313726
O=c1cc(N2CCN(S(=O)(=O)C(F)(F)F)CC2)c2cc(C(c3ccc(Cl)cc3)c3nccs3)ccc2[nH]1,train,train,train,4,4,0.7714286,0.7714286,0.7361111
CCOC(=O)N1CCC(Nc2cc(=O)[nH]c3ccc(C(c4ccc(Cl)cc4)c4nccs4)cc23)CC1,test,test,train,4,4,0.7051282,0.7051282,0.7051282
O=c1cc(/C=C/c2cccc(F)c2)c2cc(C(c3ccc(Cl)cc3)c3nccs3)ccc2[nH]1,train,train,test,4,4,0.76666665,0.76666665,0.82258064
O=c1cc(NC2CCNCC2)c2cc(C(c3ccc(Cl)cc3)c3nccs3)ccc2[nH]1,train,train,train,4,4,0.7285714,0.7285714,0.7285714
CC(C)S(=O)(=O)N1CCC(Nc2cc(=O)[nH]c3ccc(C(c4ccc(Cl)cc4)c4nccs4)cc23)CC1,train,train,train,4,4,0.8055556,0.8055556,0.8055556
O=c1cc(NC2CCN(S(=O)(=O)C(F)(F)F)CC2)c2cc(C(c3ccc(Cl)cc3)c3nccs3)ccc2[nH]1,train,train,train,4,4,0.8055556,0.8055556,0.8055556
CC(C)(C)OC(=O)N1CC(CNc2cc(=O)[nH]c3ccc(C(c4ccc(Cl)cc4)c4nccs4)cc23)C1,train,train,train,4,4,0.575,0.575,0.64285713
O=c1cc(NC2CCN(S(=O)(=O)C(F)(F)F)CC2)c2cc(C(c3ccc(Cl)cc3)c3ccc(Cl)cc3)ccc2[nH]1,train,train,train,4,4,0.94736844,0.94736844,0.94736844
Cn1c(=O)cc(NC2CCN(S(=O)(=O)C(F)(F)F)CC2)c2cc(C(c3ccc(Cl)cc3)c3ccc(Cl)cc3)ccc21,train,train,train,4,4,0.8208955,0.8208955,0.8208955
O=c1cc(NC2CCN(S(=O)(=O)C(F)(F)F)CC2)c2cc(C(O)(c3ccc(F)cc3)c3ccc(Cl)cc3)ccc2[nH]1,train,train,train,4,4,0.94736844,0.94736844,0.94736844
COc1ccc(C(O)(c2ccc(Cl)cc2)c2ccc3[nH]c(=O)cc(NC4CCN(S(=O)(=O)C(F)(F)F)CC4)c3c2)cc1,train,train,train,4,4,0.87096775,0.87096775,0.87096775
O=c1cc(NC2CCN(S(=O)(=O)C(F)(F)F)CC2)c2cc(C(c3ccc(F)cc3)c3ccc(Cl)cc3)ccc2[nH]1,train,train,train,4,4,0.94736844,0.94736844,0.94736844
O=c1cc(NC2CCN(S(=O)(=O)C(F)(F)F)CC2)c2cc(C(c3ccc(Cl)cc3)c3ccc(Cl)c(Cl)c3)ccc2[nH]1,train,train,train,4,4,0.91525424,0.91525424,0.91525424
COc1ccc(C(c2ccc(Cl)cc2)c2ccc3[nH]c(=O)cc(NC4CCN(S(=O)(=O)C(F)(F)F)CC4)c3c2)cc1,train,train,train,4,4,0.87096775,0.87096775,0.87096775
O=c1cc(NC2CCN(S(=O)(=O)C(F)(F)F)CC2)c2cc(C(c3ccc(Cl)cc3)c3ccc4c(c3)OCO4)ccc2[nH]1,train,train,test,4,4,0.84375,0.84375,0.84375
CCS(=O)(=O)N1CCC(Nc2cc(=O)[nH]c3ccc(C(c4ccc(Cl)cc4)c4ccc(Cl)cc4)cc23)CC1,train,train,test,4,4,0.83928573,0.83928573,0.83928573
O=c1cc(NC2CCN(c3ncccn3)CC2)c2cc(C(c3ccc(Cl)cc3)c3ccc(Cl)cc3)ccc2[nH]1,train,train,test,4,4,0.81666666,0.81666666,0.81666666
O=c1cc(NCc2ccc(C(F)(F)F)cc2)c2cc(C(c3ccc(Cl)cc3)c3ccc(Cl)cc3)ccc2[nH]1,train,train,train,4,4,0.8035714,0.8035714,0.8035714
O=c1cc(Nc2ccc(C(F)(F)F)cc2)c2cc(C(c3ccc(Cl)cc3)c3ccc(Cl)cc3)ccc2[nH]1,train,train,train,4,4,0.74509805,0.74509805,0.78846157
O=c1cc(NC2CCN(c3ccccc3)CC2)c2cc(C(c3ccc(Cl)cc3)c3ccc(Cl)cc3)ccc2[nH]1,train,train,train,4,4,0.7627119,0.7627119,0.75409836
O=c1cc(NCc2cccc(C(F)(F)F)c2)c2cc(C(c3ccc(Cl)cc3)c3ccc(Cl)cc3)ccc2[nH]1,train,train,train,4,4,0.8035714,0.8035714,0.8035714
O=c1cc(NC2CCN(S(=O)(=O)C(F)(F)F)CC2)c2cc(C(c3ccc(Cl)cc3)c3ccc(C(F)(F)F)cc3)ccc2[nH]1,train,train,train,4,4,0.91525424,0.91525424,0.91525424
CS(=O)(=O)N1CCC(Nc2cc(=O)[nH]c3ccc(C(c4ccc(Cl)cc4)c4ccc(Cl)cc4)cc23)CC1,train,train,train,4,4,0.83928573,0.83928573,0.8214286
O=C(c1ccccc1)N1CCC(Nc2cc(=O)[nH]c3ccc(C(c4ccc(Cl)cc4)c4ccc(Cl)cc4)cc23)CC1,test,test,test,4,4,0.8965517,0.8965517,0.8965517
O=c1cc(NC2CCN(S(=O)(=O)C(F)(F)F)CC2)c2cc(C(c3ccc(Cl)cc3)c3nc4ccccc4s3)ccc2[nH]1,train,train,train,4,4,0.74647886,0.74647886,0.74647886
O=c1cc(NC2CCN(S(=O)(=O)C(F)(F)F)CC2)c2cc(C(c3ccc(O)cc3)c3ccc(Cl)cc3)ccc2[nH]1,train,train,train,4,4,0.9310345,0.9310345,0.9310345
O=c1cc(NC2CCN(S(=O)(=O)C3CC3)CC2)c2cc(C(c3ccc(Cl)cc3)c3ccc(Cl)cc3)ccc2[nH]1,train,train,train,4,4,0.8214286,0.8214286,0.8214286
O=c1cc(NC2CCN(c3ccccn3)CC2)c2cc(C(c3ccc(Cl)cc3)c3ccc(Cl)cc3)ccc2[nH]1,train,train,train,4,4,0.81666666,0.81666666,0.75409836
O=C(CC(F)(F)F)N1CCC(Nc2cc(=O)[nH]c3ccc(C(c4ccc(Cl)cc4)c4ccc(Cl)cc4)cc23)CC1,train,train,train,4,4,0.7777778,0.7777778,0.7903226
O=c1cc(NCc2ccc(C(F)(F)F)nc2)c2cc(C(c3ccc(Cl)cc3)c3ccc(Cl)cc3)ccc2[nH]1,test,test,train,4,4,0.7457627,0.7457627,0.7457627
O=c1cc(NC2CCCCC2)c2cc(C(c3ccc(Cl)cc3)c3ccc(Cl)cc3)ccc2[nH]1,test,test,train,4,4,0.71428573,0.71428573,0.72727275
O=c1cc(NC2CCN(S(=O)(=O)C(F)(F)F)CC2)c2cc(C(c3ccc(Cl)cc3)c3ccc(Cl)nc3)ccc2[nH]1,train,train,test,4,4,0.87096775,0.87096775,0.87096775
O=c1cc(NC2CCN(S(=O)(=O)C(F)(F)F)CC2)c2cc(C(O)(c3ccc(Cl)cc3)c3ccc(Cl)cc3)ccc2[nH]1,train,train,train,4,4,0.94736844,0.94736844,0.94736844
CC(Nc1cc(=O)[nH]c2ccc(C(c3ccc(Cl)cc3)c3ccc(Cl)cc3)cc12)c1cccc(C(F)(F)F)c1,train,train,train,4,4,0.67741936,0.67741936,0.7241379
O=c1cc(Nc2cccc(C(F)(F)F)c2)c2cc(C(c3ccc(Cl)cc3)c3ccc(Cl)cc3)ccc2[nH]1,test,test,train,4,4,0.78846157,0.78846157,0.78846157
O=c1cc(Nc2ccc(F)c(Cl)c2)c2cc(C(c3ccc(Cl)cc3)c3ccc(Cl)cc3)ccc2[nH]1,train,train,train,4,4,0.8541667,0.8541667,0.8541667
O=c1cc(NC2CCN(CC(F)(F)F)CC2)c2cc(C(c3ccc(Cl)cc3)c3ccc(Cl)cc3)ccc2[nH]1,train,train,train,4,4,0.74603176,0.74603176,0.74603176
O=c1cc(NCc2ccc(C(F)(F)F)cn2)c2cc(C(c3ccc(Cl)cc3)c3ccc(Cl)cc3)ccc2[nH]1,train,train,train,4,4,0.7586207,0.7586207,0.7586207
O=c1cc(NCc2cncc(C(F)(F)F)c2)c2cc(C(c3ccc(Cl)cc3)c3ccc(Cl)cc3)ccc2[nH]1,test,test,test,4,4,0.7758621,0.7758621,0.7758621
O=c1cc(NC2CCN(S(=O)(=O)c3ccccc3)CC2)c2cc(C(c3ccc(Cl)cc3)c3ccc(Cl)cc3)ccc2[nH]1,train,train,train,4,4,0.828125,0.828125,0.828125
O=c1cc(NC2CCN(S(=O)(=O)N3CCCC3)CC2)c2cc(C(c3ccc(Cl)cc3)c3ccc(Cl)cc3)ccc2[nH]1,test,test,train,4,4,0.80701756,0.80701756,0.80701756
O=c1cc(NC2CCN(S(=O)(=O)c3cccc(F)c3)CC2)c2cc(C(c3ccc(Cl)cc3)c3ccc(Cl)cc3)ccc2[nH]1,train,train,train,4,4,0.82539684,0.82539684,0.82539684
O=c1cc(Nc2ccc(Cl)c(F)c2)c2cc(C(c3ccc(Cl)cc3)c3ccc(Cl)cc3)ccc2[nH]1,train,train,train,4,4,0.8541667,0.8541667,0.8541667
O=C(O)c1cccc(S(=O)(=O)N2CCC(Nc3cc(=O)[nH]c4ccc(C(c5ccc(Cl)cc5)c5ccc(Cl)cc5)cc34)CC2)c1,train,train,train,4,4,0.828125,0.828125,0.828125
COC(=O)c1ccc(Nc2cc(=O)[nH]c3ccc(C(c4ccc(Cl)cc4)c4ccc(Cl)cc4)cc23)cc1,train,train,train,4,4,0.7777778,0.7777778,0.7777778
NC(=O)c1ccc(Nc2cc(=O)[nH]c3ccc(C(c4ccc(Cl)cc4)c4ccc(Cl)cc4)cc23)cc1,train,train,train,4,4,0.7777778,0.7777778,0.7777778
O=c1cc(NC2CCC(C(F)(F)F)CC2)c2cc(C(c3ccc(Cl)cc3)c3ccc(Cl)cc3)ccc2[nH]1,test,test,test,4,4,0.7413793,0.7413793,0.7647059
Cn1c(=O)cc(NC2CCN(S(=O)(=O)C(F)(F)F)CC2)c2cc(C(c3ccc(Cl)cc3)c3nccs3)ccc21,train,train,train,4,4,0.8208955,0.8208955,0.8208955
NC(=O)Cn1c(=O)cc(NC2CCN(S(=O)(=O)C(F)(F)F)CC2)c2cc(C(c3ccc(Cl)cc3)c3ccc(Cl)cc3)ccc21,train,train,test,4,4,0.75,0.75,0.7352941
O=c1cc(NC2CCN(S(=O)(=O)C(F)(F)F)CC2)c2cc(C(c3ccc(Cl)cc3)c3ccc(Cl)cc3)cc(Br)c2[nH]1,train,train,train,4,4,0.7777778,0.7777778,0.7777778
O=c1cc(Nc2ccc(CC(F)(F)F)cc2)c2cc(C(c3ccc(Cl)cc3)c3ccc(Cl)cc3)cc(Br)c2[nH]1,test,test,train,4,4,0.5483871,0.5483871,0.5555556
COCCOc1ccc(Nc2cc(=O)[nH]c3ccc(C(c4ccc(Cl)cc4)c4ccc(Cl)cc4)cc23)cc1,train,train,train,4,4,0.78333336,0.78333336,0.78333336
CCOC(=O)CC(=O)N1CCC(Nc2cc(=O)[nH]c3ccc(C(c4ccc(Cl)cc4)c4ccc(Cl)cc4)cc23)CC1,train,train,train,4,4,0.875,0.875,0.875
O=C(O)CC(=O)N1CCC(Nc2cc(=O)[nH]c3ccc(C(c4ccc(Cl)cc4)c4ccc(Cl)cc4)cc23)CC1,test,test,train,4,4,0.86440676,0.86440676,0.86440676
CCOC(=O)CCC(=O)N1CCC(Nc2cc(=O)[nH]c3ccc(C(c4ccc(Cl)cc4)c4ccc(Cl)cc4)cc23)CC1,train,train,train,4,4,0.875,0.875,0.875
O=C(O)CCC(=O)N1CCC(Nc2cc(=O)[nH]c3ccc(C(c4ccc(Cl)cc4)c4ccc(Cl)cc4)cc23)CC1,train,train,train,4,4,0.852459,0.852459,0.86440676
COCCNc1cc(C(c2ccc(Cl)cc2)c2ccc(Cl)cc2)cc2c(NC3CCN(S(=O)(=O)C(F)(F)F)CC3)cc(=O)[nH]c12,test,test,train,4,4,0.95714283,0.95714283,0.7972973
COCCNc1ccc(C(c2ccc(Cl)cc2)c2cc(NCCOC)c3[nH]c(=O)cc(NC4CCN(S(=O)(=O)C(F)(F)F)CC4)c3c2)cc1,train,train,test,4,4,0.76623374,0.76623374,0.95714283
CCOC(=O)CS(=O)(=O)N1CCC(Nc2cc(=O)[nH]c3ccc(C(c4ccc(Cl)cc4)c4ccc(Cl)cc4)cc23)CC1,train,train,train,4,4,0.8095238,0.8095238,0.7794118
CC(C)(C)OC(=O)CN1CCC(Nc2cc(=O)[nH]c3ccc(C(c4ccc(Cl)cc4)c4ccc(Cl)cc4)cc23)CC1,train,train,train,4,4,0.8484849,0.8484849,0.8484849
CCOC(=O)CCCNc1cc(C(c2ccc(Cl)cc2)c2ccc(Cl)cc2)cc2c(NC3CCN(S(=O)(=O)C(F)(F)F)CC3)cc(=O)[nH]c12,train,train,train,4,4,0.7948718,0.7948718,0.7948718
CC(C)(C)OC(=O)COc1ccc(Nc2cc(=O)[nH]c3ccc(C(c4ccc(Cl)cc4)c4ccc(Cl)cc4)cc23)cc1,train,train,train,4,4,0.78688526,0.78688526,0.78688526
NC(=O)CC(=O)N1CCC(Nc2cc(=O)[nH]c3ccc(C(c4ccc(Cl)cc4)c4ccc(Cl)cc4)cc23)CC1,train,train,train,4,4,0.8666667,0.8666667,0.8666667
O=C1CCCN1c1cc(C(c2ccc(Cl)cc2)c2ccc(Cl)cc2)cc2c(NC3CCN(S(=O)(=O)C(F)(F)F)CC3)cc(=O)[nH]c12,train,train,train,4,4,0.74285716,0.74285716,0.74285716
O=C(O)CCCNc1cc(C(c2ccc(Cl)cc2)c2ccc(Cl)cc2)cc2c(NC3CCN(S(=O)(=O)C(F)(F)F)CC3)cc(=O)[nH]c12,test,test,test,4,4,0.8356164,0.8356164,0.8356164
O=C(O)COc1ccc(Nc2cc(=O)[nH]c3ccc(C(c4ccc(Cl)cc4)c4ccc(Cl)cc4)cc23)cc1,train,train,train,4,4,0.84210527,0.84210527,0.84210527
COCCn1c(=O)cc(NC2CCN(S(=O)(=O)C(F)(F)F)CC2)c2cc(C(c3ccc(Cl)cc3)c3ccc(Cl)cc3)ccc21,train,train,test,4,4,0.7647059,0.7647059,0.7647059
NC(=O)COc1ccc(Nc2cc(=O)[nH]c3ccc(C(c4ccc(Cl)cc4)c4ccc(Cl)cc4)cc23)cc1,train,train,train,4,4,0.84210527,0.84210527,0.84210527
NC(=O)CCC(=O)N1CCC(Nc2cc(=O)[nH]c3ccc(C(c4ccc(Cl)cc4)c4ccc(Cl)cc4)cc23)CC1,train,train,train,4,4,0.8666667,0.8666667,0.8666667
COC(=O)c1ccc(C(=O)N2CCC(Nc3cc(=O)[nH]c4ccc(C(c5ccc(Cl)cc5)c5ccc(Cl)cc5)cc34)CC2)cc1,train,train,train,4,4,0.83870965,0.83870965,0.83870965
CC(C)(C)OC(=O)CCN1CCC(Nc2cc(=O)[nH]c3ccc(C(c4ccc(Cl)cc4)c4ccc(Cl)cc4)cc23)CC1,train,train,train,4,4,0.8484849,0.8484849,0.8484849
O=C(O)c1ccc(C(=O)N2CCC(Nc3cc(=O)[nH]c4ccc(C(c5ccc(Cl)cc5)c5ccc(Cl)cc5)cc34)CC2)cc1,train,train,train,4,4,0.83870965,0.83870965,0.83870965
O=C(O)CN1CCC(Nc2cc(=O)[nH]c3ccc(C(c4ccc(Cl)cc4)c4ccc(Cl)cc4)cc23)CC1,train,train,train,4,4,0.7741935,0.7741935,0.78333336
CC(C)(C)OC(=O)/N=C(/NC(=O)OC(C)(C)C)N1CCC(Nc2cc(=O)[nH]c3ccc(C(c4ccc(Cl)cc4)c4ccc(Cl)cc4)cc23)CC1,train,train,train,4,4,0.67105263,0.67105263,0.67105263
CCOC(=O)CCCOc1ccc(Nc2cc(=O)[nH]c3ccc(C(c4ccc(Cl)cc4)c4ccc(Cl)cc4)cc23)cc1,train,train,train,4,4,0.82539684,0.82539684,0.796875
O=C(O)CCCOc1ccc(Nc2cc(=O)[nH]c3ccc(C(c4ccc(Cl)cc4)c4ccc(Cl)cc4)cc23)cc1,train,train,train,4,4,0.86440676,0.86440676,0.8135593
O=C(O)c1ccc(S(=O)(=O)N2CCC(Nc3cc(=O)[nH]c4ccc(C(c5ccc(Cl)cc5)c5ccc(Cl)cc5)cc34)CC2)cc1,test,test,test,4,4,0.83870965,0.83870965,0.83870965
NC(=O)CCCOc1ccc(Nc2cc(=O)[nH]c3ccc(C(c4ccc(Cl)cc4)c4ccc(Cl)cc4)cc23)cc1,train,train,test,4,4,0.86440676,0.86440676,0.86440676
COC(=O)Cc1ccc(Nc2cc(=O)[nH]c3ccc(C(c4ccc(Cl)cc4)c4ccc(Cl)cc4)cc23)cc1,train,train,train,4,4,0.8035714,0.8035714,0.8035714
O=C(O)Cc1ccc(Nc2cc(=O)[nH]c3ccc(C(c4ccc(Cl)cc4)c4ccc(Cl)cc4)cc23)cc1,train,train,train,4,4,0.8333333,0.8333333,0.8035714
NC(=O)Cc1ccc(Nc2cc(=O)[nH]c3ccc(C(c4ccc(Cl)cc4)c4ccc(Cl)cc4)cc23)cc1,train,train,test,4,4,0.8333333,0.8333333,0.8333333
O=C(O)c1ccc(CN2CCC(Nc3cc(=O)[nH]c4ccc(C(c5ccc(Cl)cc5)c5ccc(Cl)cc5)cc34)CC2)cc1,train,train,train,4,4,0.7777778,0.7777778,0.7777778
O=C(O)c1ccc(CN2CCC(Nc3cc(=O)[nH]c4ccc(C(c5ccc(Cl)cc5)c5ccc(Cl)cc5)cc34)CC2)s1,train,train,test,4,4,0.74626863,0.74626863,0.74626863
O=C(O)c1cccc(CN2CCC(Nc3cc(=O)[nH]c4ccc(C(c5ccc(Cl)cc5)c5ccc(Cl)cc5)cc34)CC2)c1,test,test,test,4,4,0.84375,0.84375,0.84375
O=C(O)c1ccc(S(=O)(=O)N2CCC(Nc3cc(=O)[nH]c4ccc(C(c5ccc(Cl)cc5)c5ccc(Cl)cc5)cc34)CC2)s1,train,train,train,4,4,0.73134327,0.73134327,0.73134327
O=C(O)c1ccc(S(=O)(=O)N2CCC(Nc3cc(=O)[nH]c4ccc(C(c5ccc(Cl)cc5)c5ccc(Cl)cc5)cc34)CC2)o1,train,train,train,4,4,0.73134327,0.73134327,0.73134327
O=c1cc(Nc2ccc(Cc3ccccc3)cc2)c2cc(C(c3ccc(Cl)cc3)c3ccc(Cl)cc3)ccc2[nH]1,test,test,train,4,4,0.8039216,0.8039216,0.8039216
O=c1cc(Nc2ccc(-c3ccccc3)cc2)c2cc(C(c3ccc(Cl)cc3)c3ccc(Cl)cc3)ccc2[nH]1,train,train,train,4,4,0.7307692,0.7307692,0.8039216
Cc1ccc(Nc2cc(=O)[nH]c3ccc(C(c4ccc(Cl)cc4)c4ccc(Cl)cc4)cc23)cn1,train,train,train,4,4,0.6727273,0.6727273,0.6727273
O=c1cc(NC2CCN(S(=O)(=O)C(F)(F)F)CC2)c2cc(C(Cc3ccc(F)cc3)c3ccc(Cl)cc3)ccc2[nH]1,test,test,train,4,4,0.7910448,0.7910448,0.7910448
O=c1cc(NC2CCN(S(=O)(=O)C(F)(F)F)CC2)c2cc(C(Oc3ccc(Cl)cc3)c3ccc(Cl)cc3)ccc2[nH]1,train,train,train,4,4,0.7936508,0.7936508,0.7936508
O=c1cc(NC2CCN(S(=O)(=O)C(F)(F)F)CC2)c2cc(C(c3ccc(Cl)cc3)N3CCN(c4ccccc4)CC3)ccc2[nH]1,train,train,train,4,4,0.71428573,0.71428573,0.71428573
O=C(c1ccc(Nc2cc(=O)[nH]c3ccc(C(c4ccc(Cl)cc4)c4ccc(Cl)cc4)cc23)cc1F)N1CCCC1,train,train,train,4,4,0.6721311,0.6721311,0.6721311
COCCCc1cc(C(c2ccc(Cl)cc2)c2ccc(Cl)cc2)cc2c(NC3CCN(S(=O)(=O)C(F)(F)F)CC3)cc(=O)[nH]c12,test,test,train,4,4,0.75641024,0.75641024,0.7866667
NCCCCNc1cc(C(c2ccc(Cl)cc2)c2ccc(Cl)cc2)cc2c(NC3CCN(S(=O)(=O)C(F)(F)F)CC3)cc(=O)[nH]c12,train,train,train,4,4,0.7948718,0.7948718,0.7972973
COc1ccc(C(c2ccc3nccc(/C=C/c4ccccc4)c3c2)c2nccs2)cc1,train,train,test,3,3,0.5555556,0.5555556,0.5555556
Clc1ccc(C(c2ccsc2)c2ccc3nccc(/C=C/c4ccccc4)c3c2)cc1,train,train,train,4,4,0.74545455,0.74545455,0.74545455
CC(C)(C)OC(=O)N1CC=C(c2ccnc3ccc(C(c4ccc(Cl)cc4)c4nccs4)cc23)CC1,train,train,train,4,4,0.51111114,0.51111114,0.56962025
COc1ccc(C(c2ccc(Cl)cc2)c2ccc3[nH]c(=O)cc(/C=C/c4ccccc4)c3c2)cc1,train,train,test,4,4,0.78846157,0.78846157,0.78846157
O=c1cc(Cc2ccc(OC(F)(F)F)cc2)c2cc(C(c3ccc(Cl)cc3)c3nccs3)ccc2[nH]1,train,train,train,4,4,0.62666667,0.62666667,0.62666667
Clc1ccc(C(c2ccc3nccc(/C=C/c4ccccc4)c3c2)c2cscn2)cc1,train,train,train,4,4,0.74545455,0.74545455,0.74545455
FC(F)(F)c1ccc(/C=C/c2ccnc3ccc(C(c4ccc(Cl)cc4)c4ccc(Cl)cc4)cc23)cc1,train,train,train,4,4,0.625,0.625,0.625
O=S(=O)(N1CCC(Nc2ccnc3c(Br)cc(C(c4ccc(Cl)cc4)c4ccc(Cl)cc4)cc23)CC1)C(F)(F)F,train,train,test,4,4,0.73239434,0.73239434,0.7878788
COCCOc1cc(NC2CCN(S(=O)(=O)C(F)(F)F)CC2)c2cc(C(c3ccc(Cl)cc3)c3ccc(Cl)cc3)ccc2n1,train,train,train,4,4,0.8333333,0.8333333,0.8333333
O=C(O)COc1cc(NC2CCN(S(=O)(=O)C(F)(F)F)CC2)c2cc(C(c3ccc(Cl)cc3)c3ccc(Cl)cc3)ccc2n1,train,train,train,4,4,0.8309859,0.8309859,0.85714287
CNC(=O)COc1cc(NC2CCN(S(=O)(=O)C(F)(F)F)CC2)c2cc(C(c3ccc(Cl)cc3)c3ccc(Cl)cc3)ccc2n1,test,test,train,4,4,0.85714287,0.85714287,0.85714287
COC(=O)CCCCCOc1cc(NC2CCN(S(=O)(=O)C(C)(F)F)CC2)c2cc(C(c3ccc(Cl)cc3)c3ccc(Cl)cc3)ccc2n1,test,test,train,4,4,0.82894737,0.82894737,0.82894737
O=C(O)CCCCCOc1cc(NC2CCN(S(=O)(=O)C(F)(F)F)CC2)c2cc(C(c3ccc(Cl)cc3)c3ccc(Cl)cc3)ccc2n1,train,train,train,4,4,0.8333333,0.8333333,0.8333333
COc1cc(C(c2ccc(Cl)cc2)c2ccc(Cl)cc2)cc2c(NC3CCN(S(=O)(=O)C(F)(F)F)CC3)ccnc12,test,test,train,4,4,0.7887324,0.7887324,0.8
O=C(O)CCCCOc1cc(C(c2ccc(Cl)cc2)c2ccc(Cl)cc2)cc2c(NC3CCN(S(=O)(=O)C(F)(F)F)CC3)ccnc12,train,train,train,4,4,0.89041096,0.89041096,0.8666667
NC(=O)CCCCOc1cc(C(c2ccc(Cl)cc2)c2ccc(Cl)cc2)cc2c(NC3CCN(S(=O)(=O)C(F)(F)F)CC3)ccnc12,train,train,test,4,4,0.89041096,0.89041096,0.89041096
CC(C)(C)OC(=O)NCCCCOc1cc(C(c2ccc(Cl)cc2)c2ccc(Cl)cc2)cc2c(NC3CCN(S(=O)(=O)C(F)(F)F)CC3)ccnc12,test,test,train,4,4,0.8607595,0.8607595,0.7848101
CCOC(=O)CCCCOc1cc(C(c2ccc(Cl)cc2)c2ccc(Cl)cc2)cc2c(NC3CCN(S(=O)(=O)C(F)(F)F)CC3)ccnc12,train,train,test,4,4,0.85714287,0.85714287,0.84615386
NCCCCOc1cc(C(c2ccc(Cl)cc2)c2ccc(Cl)cc2)cc2c(NC3CCN(S(=O)(=O)C(F)(F)F)CC3)ccnc12,train,train,train,4,4,0.875,0.875,0.84931505
CC(=O)NCCCCOc1cc(C(c2ccc(Cl)cc2)c2ccc(Cl)cc2)cc2c(NC3CCN(S(=O)(=O)C(F)(F)F)CC3)ccnc12,train,train,test,4,4,0.81578946,0.81578946,0.8607595
CCOC(=O)COc1cc(C(c2ccc(Cl)cc2)c2ccc(Cl)cc2)cc2c(NC3CCN(S(=O)(=O)C(F)(F)F)CC3)cc(=O)[nH]c12,train,train,test,4,4,0.8378378,0.8378378,0.8378378
O=C(O)COc1cc(C(c2ccc(Cl)cc2)c2ccc(Cl)cc2)cc2c(NC3CCN(S(=O)(=O)C(F)(F)F)CC3)cc(=O)[nH]c12,train,train,train,4,4,0.8378378,0.8378378,0.7236842
COc1cc(NC2CCN(S(=O)(=O)C(F)(F)F)CC2)c2cc(C(c3ccc(Cl)cc3)c3ccc(Cl)cc3)cc(Br)c2n1,test,test,train,4,4,0.7702703,0.7702703,0.7702703
COC/C=C/c1cc(C(c2ccc(Cl)cc2)c2ccc(Cl)cc2)cc2c(NC3CCN(S(=O)(=O)C(F)(F)F)CC3)cc(OC)nc12,train,train,train,4,4,0.88,0.88,0.75
COCCCc1cc(C(c2ccc(Cl)cc2)c2ccc(Cl)cc2)cc2c(NC3CCN(S(=O)(=O)C(F)(F)F)CC3)cc(OC)nc12,train,train,test,4,4,0.8783784,0.8783784,0.8783784
COc1cc(NC2CCN(S(=O)(=O)C(F)(F)F)CC2)c2cc(C(c3ccc(Cl)cc3)c3ccc(Cl)cc3)cc(/C=C/CO)c2n1,train,train,test,4,4,0.88,0.88,0.88
COc1cc(NC2CCN(S(=O)(=O)C(F)(F)F)CC2)c2cc(C(c3ccc(Cl)cc3)c3ccc(Cl)cc3)cc(CCCO)c2n1,train,train,train,4,4,0.8783784,0.8783784,0.7702703
OC(c1ccc(Cl)cc1)(c1ccc(Cl)cc1)c1ccc2nccc(/C=C/c3ccccc3)c2c1,train,train,train,3,3,0.78431374,0.78431374,0.78431374
OC(c1ccc(Cl)cc1)(c1ccc2nccc(/C=C/c3ccccc3)c2c1)c1cccs1,train,train,train,3,3,0.78431374,0.78431374,0.78431374
CC(C)C[C@H](NC(=O)c1ccc(N2CCCC2C)c(OCC2CC2)n1)C(N)=O,train,train,train,1,1,0.70149255,0.70149255,0.70149255
CC(C)(NC(=O)c1ccc(C2CC2)c(OCC2CC2)n1)c1nccs1,train,train,test,1,1,0.92727274,0.92727274,0.92727274
Cc1nc(C(C)(C)NC(=O)c2ccc(C3CC3)c(OCC3CC3)n2)no1,train,train,train,1,1,0.9285714,0.9285714,0.9285714
Cc1ccc(C(=O)NC(C)(C)c2nccs2)nc1-c1cccc(Cl)c1,train,train,train,1,1,0.8518519,0.8518519,0.8518519
Cc1nc(C(C)(C)NC(=O)c2ccc(C3CCCC3)c(OCC3CC3)n2)no1,train,train,train,1,1,0.9285714,0.9285714,0.9285714
CC(C)(NC(=O)c1ccc(C2CCCC2)c(OCC2CC2)n1)c1nccs1,train,train,train,1,1,0.92727274,0.92727274,0.7258065
CC(C)(NC(=O)c1ccc(Cl)c(-c2cccc(Cl)c2)n1)c1nccs1,train,train,train,1,1,0.8518519,0.8518519,0.8518519
Cc1ccc(C(=O)NC(C)(C)c2nccs2)nc1OCC1CC1,train,train,test,1,1,0.7894737,0.7894737,0.7758621
Cc1ccc(C(=O)N[C@@H](CC(C)C)c2nccs2)nc1OCC1CC1,train,train,test,1,1,0.6,0.6,0.5072464
CC(C)(NC(=O)c1ccc(N2CC(F)(F)C2)c(OCC2CC2)n1)c1nccs1,train,train,train,1,1,0.703125,0.703125,0.6969697
CC(C)(NC(=O)c1ccc(C2CC2)c(OCC2CC2)n1)c1ncon1,train,train,train,1,1,0.75,0.75,0.75
CNC(=O)C(C)(C)NC(=O)c1ccc(N2CCC(F)(F)C2)c(OCC2CC2)n1,test,test,train,1,1,0.60273975,0.60273975,0.60273975
COc1ccc(C(=O)NC(C)(C)c2nccs2)nc1-c1cccc(Cl)c1,test,test,train,1,1,0.80701756,0.80701756,0.80701756
COc1ccc(C(=O)NC(C)(C)c2noc(C)n2)nc1-c1cccc(Cl)c1,train,train,train,1,1,0.73015875,0.73015875,0.73015875
Cc1nc(C(C)(C)NC(=O)c2ccc(C3CC3)c(-c3cccc(Cl)c3)n2)no1,train,train,train,1,1,0.73015875,0.73015875,0.765625
CC(C)C[C@H](NC(=O)c1ccc(C2CC2)c(OCC2CC2)n1)C(N)=O,train,train,test,1,1,0.8518519,0.8518519,0.8518519
NC(=O)[C@H](CC1CC1)NC(=O)c1ccc(C2CCCC2)c(OCC2CC2)n1,train,train,train,1,1,0.7368421,0.7368421,0.66101694
CC(C)C[C@H](NC(=O)c1ccc(C2CCOC2)c(OCC2CC2)n1)C(N)=O,train,train,train,1,1,0.8135593,0.8135593,0.73846155
CC(C)C[C@H](NC(=O)c1ccc(C2CCCO2)c(OCC2CC2)n1)C(N)=O,test,test,train,1,1,0.76666665,0.76666665,0.73846155
Cc1cccc(-c2nc(C(=O)NC(C)(C)c3nccs3)ccc2C2CC2)c1,test,test,train,1,1,0.640625,0.640625,0.640625
CC(C)C[C@H](NC(=O)c1ccc(C(F)(F)F)c(OCC2CC2)n1)C(N)=O,train,train,train,1,1,0.7288136,0.7288136,0.6875
CC(C)(NC(=O)c1ccc(C(F)(F)F)c(OCC2CC2)n1)c1nccs1,test,test,train,1,1,0.7758621,0.7758621,0.7258065
CC(C)C[C@H](NC(=O)c1ccc(N2CC(F)(F)C2)c(OCC2CC2)n1)C(N)=O,train,train,train,1,1,0.70149255,0.70149255,0.70149255
CC(C)C[C@H](NC(=O)c1ccc(NC2CC2)c(OCC2CC2)n1)C(N)=O,train,train,test,1,1,0.7288136,0.7288136,0.704918
Cc1nc(C(C)(C)NC(=O)c2ccc3c(n2)CC(C)(C)CC3)no1,train,train,train,1,1,0.5074627,0.5074627,0.5074627
CC(C)C[C@H](NC(=O)c1ccc(C2CC2)c(Cc2ccc(F)cc2)n1)C(N)=O,train,train,train,1,1,0.7758621,0.7758621,0.7758621
NC(=O)[C@H](CC1CC1)NC(=O)c1ccc(N(CC(F)(F)F)CC(F)(F)F)c(OCC2CC2)n1,train,train,train,1,1,0.63492066,0.63492066,0.63492066
CCC(CC)(NC(=O)c1ccc(N(CC(F)(F)F)CC(F)(F)F)c(OCC2CC2)n1)C(=O)NC,train,train,train,1,1,0.81666666,0.81666666,0.81666666
CNC(=O)[C@@H](NC(=O)c1ccc(C2CC2)c(OCC2CC2)n1)C(C)(C)C,test,test,test,1,1,0.875,0.875,0.875
CC(C)(C)C(NC(=O)c1ccc(C2CC2)c(OCC2CC2)n1)C(N)=O,train,train,train,1,1,0.8490566,0.8490566,0.8490566
CNC(=O)[C@H](CC(C)C)NC(=O)c1ccc(C2CC2)c(OCC2CC2)n1,train,train,train,1,1,0.8181818,0.8181818,0.8181818
CNC(=O)[C@@H](NC(=O)c1ccc(C2CC2)c(OCC2CCCO2)n1)C(C)(C)C,train,train,train,1,1,0.7936508,0.7936508,0.75
CC(C)C[C@H](NC(=O)c1ccc(C2CC2)c(OCC2CCCO2)n1)C(N)=O,train,train,train,1,1,0.75409836,0.75409836,0.73846155
CNC(=O)[C@@H](NC(=O)c1ccc(Br)c(OCC2CCCO2)n1)C(C)(C)C,train,train,test,1,1,0.7936508,0.7936508,0.7936508
CNC(=O)[C@@H](NC(=O)c1cccc(-c2cccc(Cl)c2)n1)C(C)(C)C,test,test,train,1,1,0.7735849,0.7735849,0.7708333
CNC(=O)[C@@H](NC(=O)c1ccc(C2CC2)c(OCC2CCOCC2)n1)C(C)(C)C,train,train,train,1,1,0.75,0.75,0.75
Cc1nc(C(C)(C)NC(=O)c2ccc(C3CC3)c(OCC3CCOCC3)n2)no1,train,train,train,1,1,0.8965517,0.8965517,0.8965517
CNC(=O)[C@H](CC(C)C)NC(=O)c1ccc(C2CC2)c(OCC2CCOCC2)n1,test,test,test,1,1,0.875,0.875,0.875
CNC(=O)[C@@H](NC(=O)c1cccc(-c2ccccc2)n1)C(C)(C)C,train,train,train,1,1,0.7708333,0.7708333,0.7708333
CNC(=O)[C@@H](NC(=O)c1cccc(-c2cccc(F)c2)n1)C(C)(C)C,train,train,train,1,1,0.78431374,0.78431374,0.78431374
CNC(=O)[C@@H](NC(=O)c1cccc(-c2cccc(C(F)(F)F)c2)n1)C(C)(C)C,train,train,train,1,1,0.78431374,0.78431374,0.78431374
CNC(=O)[C@@H](NC(=O)c1cccc(-c2ccc(F)c(Cl)c2)n1)C(C)(C)C,train,train,test,1,1,0.7407407,0.7407407,0.7735849
Cc1nc(C(NC(=O)c2ccc(C3CC3)c(OCC3CCOCC3)n2)C2CC2)no1,train,train,test,1,1,0.6666667,0.6666667,0.6666667
CCC(CC)(NC(=O)c1ccc(N(CC(F)(F)F)CC(F)(F)F)c(OCC2CC2)n1)C(=O)OC,train,train,train,1,1,0.81666666,0.81666666,0.81666666
Cc1nc(C(NC(=O)c2ccc(N3CC(F)(F)C3)c(OCC3CC3)n2)C2CC2)no1,train,train,test,1,1,0.6438356,0.6438356,0.6164383
O=C(NC(c1ccccn1)C(F)(F)F)c1ccc(C2CC2)c(OCC2CCOCC2)n1,train,train,train,1,1,0.63013697,0.63013697,0.63013697
O=C(NC(c1ccccn1)C(F)(F)F)c1ccc(N2CC(F)(F)C2)c(OCC2CC2)n1,train,train,train,1,1,0.7536232,0.7536232,0.63013697
CNC(=O)[C@H](CC(C)(C)C)NC(=O)c1ccc(C(F)(F)F)c(OCC2CCOCC2)n1,train,train,train,1,1,0.6231884,0.6231884,0.6231884
CC(C)C[C@H](NC(=O)c1ccc(C2CC2)c(OCC2CC2)n1)C(=O)N(C)C,train,train,train,1,1,0.7894737,0.7894737,0.7894737
CCC(CC)(NC(=O)c1ccc(C2CC2)c(OCC2CCCO2)n1)C(=O)OC,train,train,train,1,1,0.7457627,0.7457627,0.7457627
CCC(CC)(NC(=O)c1ccc(C(F)(F)F)c(OCC2CCOCC2)n1)C(=O)OC,train,train,train,1,1,0.64705884,0.64705884,0.64705884
COC(=O)[C@@H](NC(=O)c1ccc(C2CC2)c(OCC2CC2)n1)C(C)(C)C,train,train,train,1,1,0.8490566,0.8490566,0.8490566
Cc1nc([C@@H](CC(C)C)NC(=O)c2ccc(C3CC3)c(OCC3CC3)n2)no1,test,test,test,1,1,0.6911765,0.6911765,0.64615387
C[C@@H](C#N)NC(=O)c1ccc(C2CC2)c(OCC2CC2)n1,test,test,train,1,1,0.7017544,0.7017544,0.7017544
CCC(CC)(NC(=O)c1ccc(C2CC2)c(OCC2CC2)n1)C(=O)OC,train,train,train,1,1,0.8490566,0.8490566,0.8490566
CCOC(=O)C(CC)(CC)NC(=O)c1ccc(C(F)(F)F)c(OCC2CCCO2)n1,train,train,train,1,1,0.7846154,0.7846154,0.7846154
CCOC(=O)C(CC)(CC)NC(=O)c1ccc(C2CC2)c(OCC2CC2)n1,train,train,train,1,1,0.8490566,0.8490566,0.8490566
CCC(CC)(NC(=O)c1ccc(C(F)(F)F)c(OCC2CCCO2)n1)C(=O)N(C)C,train,train,train,1,1,0.7846154,0.7846154,0.7846154
CCOC(=O)C(CC)(CC)NC(=O)c1ccc(N2CC(F)(F)C2)c(OCC2CC2)n1,train,train,train,1,1,0.7903226,0.7903226,0.7903226
Cc1nc(C(C)(C)NC(=O)c2cccc(-c3ccc(F)c(Cl)c3)n2)no1,train,train,test,1,1,0.5588235,0.5588235,0.5588235
COC(=O)[C@H](CC(C)C)NC(=O)c1ccc(C2CC2)c(OCC2CC2)n1,train,train,train,1,1,0.8518519,0.8518519,0.8181818
CC(C)CC(C)(CO)NC(=O)c1ccc(C2CC(F)(F)C2)c(OCC2CC2)n1,train,train,test,1,1,0.5441176,0.5441176,0.5441176
CCC(CC)(NC(=O)c1ccc(C2CC2)c(OCC2CC2)n1)C(=O)N1CCC1,test,test,test,1,1,0.7413793,0.7413793,0.7413793
CC(C)C[C@H](NC(=O)c1cccc(Cc2ccc(F)cc2)n1)C(N)=O,train,train,train,1,1,0.67241377,0.67241377,0.67241377
O=C(N[C@H](c1ccccn1)C(F)(F)F)c1cccc(Cc2ccc(F)cc2)n1,train,train,train,1,1,0.6935484,0.6935484,0.6935484
CC1(COc2nc(C(=O)NC(C)(C)c3nccs3)ccc2Br)COC1,train,train,train,1,1,0.5441176,0.5441176,0.52112675
CC(C)(NC(=O)c1ccc(C2CC2)c(OCC2CC2)n1)c1ccccn1,train,train,train,1,1,0.6885246,0.6885246,0.66129035
CNC(=O)[C@H](CC(C)(C)C)NC(=O)c1cccc(Cc2ccc(F)cc2)n1,train,train,test,1,1,0.64285713,0.64285713,0.64285713
CCOC(=O)C(CC)(CC)NC(=O)c1ccc(N2CCCC2)c(OCC2CC2)n1,train,train,train,1,1,0.7903226,0.7903226,0.7903226
CNC(=O)[C@H](CC(C)(C)C)NC(=O)c1ccc(C2CC2)c(OCC(F)(F)C(F)(F)F)n1,train,train,train,1,1,0.59090906,0.59090906,0.59090906
CC(C)CC(NC(=O)c1ccc(N2CC(F)(F)C2)c(OCC2CC2)n1)c1ccccn1,train,train,test,1,1,0.7536232,0.7536232,0.7536232
Cc1nc([C@@](C)(NC(=O)c2ccc(C3CC3)c(OCC3CC3)n2)C2CC2)no1,train,train,train,1,1,0.8305085,0.8305085,0.8305085
NC(=O)[C@H](CC1CC1)NC(=O)c1ccc(C2CC2)c(Cc2ccc(F)cc2)n1,train,train,train,1,1,0.7758621,0.7758621,0.7758621
Cc1nc([C@H](CC2CC2)NC(=O)c2ccc(C3CC3)c(Cc3ccc(F)cc3)n2)no1,test,test,train,1,1,0.64179105,0.64179105,0.64179105
O=C(N[C@@H](c1ccccn1)C(F)(F)F)c1ccc(C2CC2)c(Cc2ccc(F)cc2)n1,train,train,train,1,1,0.6935484,0.6935484,0.6935484
CCC(CC)(NC(=O)c1ccc(C2CC2)c(Cc2ccc(F)cc2)n1)C(=O)O,train,train,train,1,1,0.59322035,0.59322035,0.59322035
CCC(CC)(NC(=O)c1ccc(C2CC2)c(OCC2CCOCC2)n1)C(=O)O,test,test,train,1,1,0.7241379,0.7241379,0.7241379
CCOC(=O)C(CC)(CC)NC(=O)c1ccc(C2CC2)c(S(=O)(=O)CC(C)C)n1,train,train,train,1,1,0.61904764,0.61904764,0.61904764
Cc1nc([C@](C)(NC(=O)c2ccc(C3CC3)c(S(=O)(=O)CC(C)C)n2)C2CC2)no1,train,train,train,1,1,0.64705884,0.64705884,0.64705884
CN(C(=O)c1ccc(C2CC2)c(Cc2ccc(F)cc2)n1)C(C)(C)C,train,train,train,1,1,0.59322035,0.59322035,0.59322035
CCN(C(=O)c1ccc(N2CC(F)(F)C2)c(OCC2CC2)n1)C(C)(C)C,train,train,train,1,1,0.6119403,0.6119403,0.6119403
CC1(C)COCN1C(=O)c1ccc(C2CC2)c(Cc2ccc(F)cc2)n1,train,train,train,1,1,0.5633803,0.5633803,0.5633803
NC(=O)[C@@H]1CC(F)(F)CN1C(=O)c1ccc(C2CC2)c(Cc2ccc(F)cc2)n1,train,train,train,1,1,0.56060606,0.56060606,0.56060606
CC(C)(C)OC(=O)N1CCC2(CCCN2C(=O)c2ccc(C3CC3)c(Cc3ccc(F)cc3)n2)CC1,train,train,train,1,1,0.5633803,0.5633803,0.5633803
CCCCCCC(C)(C)c1ccc(C2CC(O)CCC2CCCO)c(O)c1,train,train,train,0,0,0.92156863,0.92156863,0.92156863
Cc1nc(C(C)(C)NC(=O)c2cnc(C3CC3)c(-c3cccc(Cl)c3)n2)no1,test,test,train,1,1,0.765625,0.765625,0.765625
CC(C)(NC(=O)c1cnc(C2CC2)c(-c2cccc(Cl)c2)n1)c1nccs1,train,train,test,1,1,0.7096774,0.7096774,0.7096774
Cc1nc(C2(NC(=O)c3cnc(N4CC(F)(F)C4)c(OCC4CC4)n3)CCC2)no1,train,train,test,1,1,0.56,0.56,0.56
O=C(NC1(CO)CCC1)c1cnc(C2CC2)c(OCC2CC2)n1,train,train,train,1,1,0.55737704,0.55737704,0.55737704
CNC(=O)[C@@H](NC(=O)c1cnc(C2CC2)c(OCC2CC2)n1)C(C)(C)C,test,test,test,1,1,0.640625,0.640625,0.8148148
COC(=O)[C@@H](NC(=O)c1cnc(C2CC2)c(OCC2CC2)n1)C(C)(C)C,test,test,train,1,1,0.73214287,0.73214287,0.73214287
CC(C)C[C@H](NC(=O)c1cnc(C2CC2)c(OCC2CC2)n1)C(N)=O,train,train,train,1,1,0.7241379,0.7241379,0.71666664
CCC(CC)(NC(=O)c1cnc(C2CC2)c(OCC2CC2)n1)C(=O)OC,train,train,train,1,1,0.71428573,0.71428573,0.71428573
NC(=O)[C@H](Cc1ccccc1)NC(=O)c1cnc(C2CC2)c(OCC2CC2)n1,train,train,train,1,1,0.71666664,0.71666664,0.71666664
Cc1nc(C(C)(NC(=O)c2cnc(C3CC3)c(OCC3CC3)n2)C2CC2)no1,train,train,train,1,1,0.74603176,0.74603176,0.74603176
CC(C)(CC(N)=O)NC(=O)c1cnc(N2CC(F)(F)C2)c(OCC2CC2)n1,train,train,train,1,1,0.56,0.56,0.53424656
CC(C)[C@](C)(CO)NC(=O)c1cc(OCC2CC2)c(Cl)cn1,test,test,train,1,1,0.5151515,0.5151515,0.5151515
O=C(N[C@H](c1ccccn1)C(F)(F)F)c1cc(OCC2CC2)c(Cl)cn1,train,train,train,1,1,0.5694444,0.5694444,0.5694444
O=C(N[C@@H](c1cccnc1)C(F)(F)F)c1cc(OCc2ccc(F)cc2)c(Cl)cn1,train,train,test,3,3,0.78688526,0.78688526,0.78688526
O=C(N[C@@H](c1cccnc1)C(F)(F)F)c1cc(Cc2ccc(F)cc2)c(Cl)cn1,train,train,train,3,3,0.78688526,0.78688526,0.45714286
CNC(=O)[C@@H](NC(=O)c1cc(OCC(F)(F)F)c(C2CC2)cn1)C(C)(C)C,train,train,train,1,1,0.5285714,0.5285714,0.5138889
Cc1nc([C@](C)(CC2CC2)NC(=O)c2cc(OCC(F)(F)F)c(C3CC3)cn2)no1,train,train,train,1,1,0.84126985,0.84126985,0.9354839
Cc1nc(C(C)(NC(=O)c2cc(O[C@@H](C)C(F)(F)F)c(C3CC3)cn2)C2CC2)no1,train,train,train,1,1,0.7536232,0.7536232,0.7536232
Cc1nc(C(C)(NC(=O)c2cc(OCC(F)(F)F)c(N3CCC(F)(F)C3)cn2)C2CC2)no1,train,train,train,1,1,0.69736844,0.69736844,0.88235295
Cc1nc(C(C)(CS(C)(=O)=O)NC(=O)c2cc(O[C@@H](C)C(F)(F)F)c(Cl)cn2)no1,train,train,test,1,1,0.8088235,0.8088235,0.8088235
Cc1nc([C@@](C)(NC(=O)c2cc(OCC(F)(F)F)c(N3CC(F)(F)C3)cn2)C2CC2)no1,test,test,train,1,1,0.88235295,0.88235295,0.88235295
Cc1nc(C(C)(NC(=O)c2cc(O[C@@H](C)C(F)(F)F)c(N3CC(F)(F)C3)cn2)C2CC2)no1,train,train,train,1,1,0.7285714,0.7285714,0.78571427
Cc1nc(C(C)(CC2CC2)NC(=O)c2cc(O[C@@H](C)C(F)(F)F)c(C3CC3)cn2)no1,test,test,test,1,1,0.93846154,0.93846154,0.93846154
Cc1nc(C(C)(CS(C)(=O)=O)NC(=O)c2cc(O[C@@H](C)C(F)(F)F)c(C3CC3)cn2)no1,train,train,train,1,1,0.93939394,0.93939394,0.93939394
Cc1nc([C@](C)(CC(C)(C)C)NC(=O)c2cc(OCC(F)(F)F)c(C3CC3)cn2)no1,train,train,test,1,1,0.84126985,0.84126985,0.84126985
Cc1nc(C(C)(CC2CC2)NC(=O)c2cc(OCC(F)(F)F)c(C3CCC3)cn2)no1,test,test,train,1,1,0.9354839,0.9354839,0.9354839
Cc1nc(C(C)(CC2CC2)NC(=O)c2cc(O[C@@H](C)C(F)(F)F)c(C3CCC3)cn2)no1,train,train,train,1,1,0.8169014,0.8169014,0.8169014
Cc1nc(C(C)(CS(C)(=O)=O)NC(=O)c2cc(O[C@@H](C)C(F)(F)F)c(C3CCC3)cn2)no1,train,train,train,1,1,0.93939394,0.93939394,0.93939394
Cc1nc(C(C)(NC(=O)c2cc(OCC(F)(F)F)c(C3(F)CCC3)cn2)C2CC2)no1,train,train,train,1,1,0.6933333,0.6933333,0.7083333
CC(C)[C@H](NC(=O)c1nn(CCCCCF)c2ccccc12)C(N)=O,train,train,train,3,3,0.8076923,0.8076923,0.8076923
CCCCCn1nc(C(=O)N[C@H](C(N)=O)C(C)C)c2ccccc21,train,train,train,3,3,0.8076923,0.8076923,0.8076923
CC(C)[C@H](NC(=O)c1nn(Cc2ccc(F)cc2)c2ccccc12)C(N)=O,test,test,train,3,3,0.67241377,0.67241377,0.67241377
CC(C)[C@H](NC(=O)c1nn(CC2CCCCC2)c2ccccc12)C(N)=O,train,train,test,3,3,0.6551724,0.6551724,0.6551724
CCCCCn1cc(C(=O)c2ccccc2OC)c2ccccc21,train,train,train,3,3,0.95238096,0.95238096,0.95238096
CCCCn1cc(C(=O)c2ccccc2OC)c2ccccc21,train,train,train,3,3,0.95238096,0.95238096,0.95238096
O=C(O[C@H](CO)C(F)(F)F)N1C[C@H]2[C@@H](C1)[C@@H]2c1ccn(-c2ccc(F)cc2)n1,train,train,train,3,3,0.25333333,0.25333333,0.25333333
CCCCCn1cc(C(=O)NC23CC4CC(CC(C4)C2)C3)c2ccccc21,test,test,test,3,3,0.82,0.82,0.82
O=C(NC12CC3CC(CC(C3)C1)C2)c1cn(CCN2CCOCC2)c2ccccc12,train,train,train,3,3,0.7241379,0.7241379,0.73214287
Cc1cccc2c(C(=O)NC34CC5CC(CC(C5)C3)C4)cn(CCN3CCOCC3)c12,train,train,train,3,3,0.7241379,0.7241379,0.7241379
O=C(NC12CC3CC(CC(C3)C1)C2)c1cn(CC2CCOCC2)c2ccccc12,test,test,train,3,3,0.73214287,0.73214287,0.73214287
N#CCCCn1cc(C(=O)NC23CC4CC(CC(C4)C2)C3)c2ccccc21,train,train,test,3,3,0.7735849,0.7735849,0.7735849
O=C(NC12CC3CC(CC(C3)C1)C2)c1cn(CCCCO)c2ccccc12,train,train,train,3,3,0.9782609,0.9782609,0.9782609
O=C(NC12CC3CC(CC(C3)C1)C2)c1cn(CCCCCO)c2ccccc12,train,train,train,3,3,0.9782609,0.9782609,0.9782609
CCCCC(C)(C)c1ccc([C@@H]2C[C@H](O)CC[C@H]2CCCO)c(O)c1,train,train,train,0,0,0.92156863,0.92156863,0.92156863
CCCCNc1nnc(C(=O)NC2C3CC4CC(C3)CC2C4)cc1C(C)C,train,train,train,3,3,0.46153846,0.46153846,0.72727275
CC(C)c1cc(C(=O)NC2C3CC4CC(C3)CC2C4)nnc1NCC1CC1,test,test,train,1,1,0.72727275,0.72727275,0.72727275
CCCCNc1cc(C(C)C)c(C(=O)NC23CC4CC(CC(C4)C2)C3)nn1,train,train,train,3,3,0.46875,0.46875,0.46875
CCCc1cc(O)c2c(c1)OC(C)(C)c1ccc(C)cc1-2,test,test,test,3,3,0.8372093,0.8372093,0.8372093
CCCCCc1cc(O)c2c(c1)OC(C)(C)c1ccc(C)cc1-2,train,train,train,3,3,0.3809524,0.3809524,0.34285715
CC(C)(C)[C@@H](CF)NC(=O)c1nn(-c2c[n+]([O-])ccn2)c2c1C[C@@H]1C[C@H]21,train,train,train,1,1,0.8064516,0.8064516,0.8064516
CC(C)[C@@H](CF)NC(=O)c1nn(-c2c[n+]([O-])ccn2)c2c1C[C@@H]1C[C@H]21,train,train,train,1,1,0.8064516,0.8064516,0.8064516
CC/C=C\C/C=C\C/C=C\CC1OC1C/C=C\C/C=C\CCC(=O)NCCO,train,train,train,3,3,0.85714287,0.85714287,0.85714287
CC/C=C\C/C=C\C/C=C\CC1OC1C/C=C\C/C=C\CCC(=O)NCCCO,train,train,train,3,3,0.85714287,0.85714287,0.85714287
CC/C=C\C/C=C\C/C=C\CC1OC1C/C=C\C/C=C\CCC(=O)NC(C)CO,train,train,train,1,1,0.65957445,0.65957445,0.65957445
CC/C=C\C/C=C\C/C=C\CC1OC1C/C=C\C/C=C\CCC(=O)NC1CC1,train,train,train,0,0,0.6666667,0.6666667,0.6666667
Cc1ccn(Cc2ccc(F)cc2)c(=O)c1C(=O)NC1CCCCCC1,train,train,test,0,0,0.7090909,0.7090909,0.7090909
Cc1c(Br)cn(Cc2ccc(F)cc2)c(=O)c1C(=O)NC1CCCCCC1,train,train,train,0,0,0.7413793,0.7413793,0.7413793
Cc1c(-c2ccccc2)cn(Cc2ccc(F)cc2)c(=O)c1C(=O)NC1CCCCCC1,train,train,train,3,3,0.8032787,0.8032787,0.8032787
COc1ccc(-c2cn(Cc3ccc(F)cc3)c(=O)c(C(=O)NC3CCCCCC3)c2C)cc1,train,train,train,3,3,0.8032787,0.8032787,0.8032787
Cc1ccnc(OCc2ccc(F)cc2)c1C(=O)NC1CCCCCC1,train,train,train,1,1,0.5689655,0.5689655,0.7222222
Cc1c(Br)cnc(OCc2ccc(F)cc2)c1C(=O)NC1CCCCCC1,test,test,train,1,1,0.7222222,0.7222222,0.7222222
O=C(Nc1ccc(Cl)cc1)Nc1cccc(Nc2cccc(N3CCCC3)c2)c1,train,train,train,3,3,0.7777778,0.7777778,0.7777778
O=C(Nc1ccc(Cl)cc1)Nc1cccc(-c2cccc(N3CCCC3)c2)c1,train,train,train,3,3,0.7777778,0.7777778,0.7777778
O=C(Nc1ccc(Cl)cc1)Nc1cccc(Nc2cccc(N3CCCC3)n2)c1,test,test,test,3,3,0.6666667,0.6666667,0.6666667
Clc1ccc(-n2c(-c3ccccc3Cl)nc3c(N4CCN(Cc5ccccc5Cl)CC4)ncnc32)cc1,train,train,train,3,3,0.56164384,0.56164384,0.56164384
O=C(Nc1ccc(OC(F)F)nc1)N1CCN(c2ncnc3c2nc(-c2ccccc2Cl)n3-c2ccc(Cl)cc2)CC1,test,test,train,3,3,0.7777778,0.7777778,0.7777778
COc1ccc(C(=O)c2cn(CC3CCOCC3)c3ccc(O)cc23)cc1,train,train,test,3,3,0.7017544,0.7017544,0.7017544
COc1ccc(C(=O)c2cn(CC3CCOCC3)c3c(O)cccc23)cc1,train,train,train,3,3,0.7017544,0.7017544,0.46774194
O=c1cc(NN2CCN(S(=O)(=O)C(F)(F)F)CC2)c2cc(C(c3ccc(Cl)cc3)c3nccs3)ccc2[nH]1,train,train,test,4,4,0.7916667,0.7916667,0.7916667
O=c1cc(NC2CCN(S(=O)(=O)C(F)(F)F)CC2)c2cc(C(c3ccc(Cl)cc3)n3ccnc3)ccc2[nH]1,train,train,test,4,4,0.7246377,0.7246377,0.7246377
O=c1cc([C@@H]2C[C@@H]2c2ccccc2)c2cc(C(c3ccc(Cl)cc3)n3ccnc3)ccc2[nH]1,test,test,train,4,4,0.6142857,0.6142857,0.63235295
O=c1cc(Cc2ccc(OC(F)(F)F)cc2)c2cc(C(c3ccc(Cl)cc3)n3ccnc3)ccc2[nH]1,train,train,train,4,4,0.62666667,0.62666667,0.62666667
O=c1cc(OCc2ccccc2)c2cc(C(c3ccc(Cl)cc3)n3ccnc3)ccc2[nH]1,train,train,train,4,4,0.5810811,0.5810811,0.64179105
O=c1cc(/C=C/c2ccccc2)c2cc(C(c3ccc(Cl)cc3)n3ccnc3)ccc2[nH]1,test,test,train,4,4,0.64179105,0.64179105,0.64179105
O=c1cc(NC2CCN(S(=O)(=O)C(F)(F)F)CC2)c2cc(Cc3ccc(Cl)cc3)ccc2[nH]1,train,train,train,4,4,0.7419355,0.7419355,0.7419355
CCOC(=O)COc1cc(C(c2ccc(Cl)cc2)c2ccc(Cl)cc2)cc2c(NC3CCN(S(=O)(=O)C(F)(F)F)CC3)ccnc12,train,train,train,4,4,0.84615386,0.84615386,0.8243243
O=C(O)COc1cc(C(c2ccc(Cl)cc2)c2ccc(Cl)cc2)cc2c(NC3CCN(S(=O)(=O)C(F)(F)F)CC3)ccnc12,test,test,train,4,4,0.8356164,0.8356164,0.8356164
O=C(O)CCOCCOCCOCCOCCOCCOCCOCCOCCOCCOCCOCCOCCOc1cc(C(c2ccc(Cl)cc2)c2ccc(Cl)cc2)cc2c(NC3CCN(S(=O)(=O)C(F)(F)F)CC3)ccnc12,test,test,train,4,4,0.8666667,0.8666667,0.8666667
CCCCCn1cc(C(=O)NC23CC4CC(CC(C4)C2)C3)c2cccnc21,train,train,test,3,3,0.7241379,0.7241379,0.6666667
CCCCCn1cc(C(=O)N[C@H](C(=O)OC)C(C)C)c2cccnc21,test,test,train,3,3,0.7719298,0.7719298,0.7719298
CCCCCn1cc(C(=O)N[C@H](C(=O)OC)C(C)(C)C)c2cccnc21,train,train,train,3,3,0.83928573,0.83928573,0.83928573
COC(=O)[C@@H](NC(=O)c1cn(CCCCCO)c2ncccc12)C(C)(C)C,train,train,train,3,3,0.83928573,0.83928573,0.83928573
CCCCCn1cc(C(=O)N[C@H](C(N)=O)C(C)C)c2cccnc21,test,test,test,3,3,0.76785713,0.76785713,0.8333333
CCCCCn1cc(C(=O)N[C@H](C(N)=O)C(C)(C)C)c2cccnc21,train,train,train,3,3,0.8363636,0.8363636,0.8363636
CC(C)(C)[C@H](NC(=O)c1cn(CCCCCO)c2ncccc12)C(N)=O,train,train,train,3,3,0.83928573,0.83928573,0.83928573
CCCCCn1cc(C(=O)NC(C)(C)c2ccccc2)c2cccnc21,test,test,train,3,3,0.8301887,0.8301887,0.6333333
CC(C)(NC(=O)c1cn(CCCCCO)c2ncccc12)c1ccccc1,train,train,test,3,3,0.6393443,0.6393443,0.8301887
CCCCCn1nc(C(=O)NC23CC4CC(CC(C4)C2)C3)c2cccnc21,train,train,train,3,3,0.73214287,0.73214287,0.73214287
O=C(Nc1ccc(F)cc1F)NC1CCN(c2ncnc3c2nc(-c2ccccc2Cl)n3-c2ccc(Cl)cc2)CC1,train,train,train,3,3,0.7105263,0.7105263,0.6904762
O=C(Nc1ccc(OC(F)F)nc1)NC1CCN(c2ncnc3c2nc(-c2ccccc2Cl)n3-c2ccc(Cl)cc2)CC1,train,train,train,3,3,0.6904762,0.6904762,0.7777778
CCCCCn1/c(=N\C(=O)C23CC4CC(CC(C4)C2)C3)sc2ccccc21,test,test,test,3,3,0.41538462,0.41538462,0.5614035
CCCCCn1/c(=N/C(=O)c2cccc3ccccc23)sc2ccccc21,test,test,train,3,3,0.5185185,0.5185185,0.5185185
Cc1nc(C)c(C(=O)NC2CCCc3ccccc32)s1,train,train,train,3,3,0.4189189,0.4189189,0.4189189
O=[N+]([O-])CCc1c(-c2ccccc2)[nH]c2ccccc12,train,train,train,3,3,0.48979592,0.48979592,0.48979592
O=[N+]([O-])CC(c1ccccc1)c1c(C2CCCCC2)[nH]c2ccccc12,test,test,train,3,3,0.5769231,0.5769231,0.5769231
COc1ccc2c(c1)c(CCN1CCOCC1)c(C)n2C(=O)c1cccc(Cl)c1Cl,test,test,train,3,3,0.8032787,0.8032787,0.8032787
Cc1c(CCN2CCOCC2)c2cc(Cl)ccc2n1C(=O)c1cccc(Cl)c1Cl,train,train,train,3,3,0.8305085,0.8305085,0.8305085
Cc1c(CCN2CCOCC2)c2cc(F)ccc2n1C(=O)c1cccc(Cl)c1Cl,train,train,train,3,3,0.8305085,0.8305085,0.8305085
CCCCCn1nc(C(=O)NC23CC4CC(CC(C4)C2)C3)c2ccccc21,train,train,train,3,3,0.73214287,0.73214287,0.73214287
O=C(NC12CC3CC(CC(C3)C1)C2)c1n[nH]c2ccccc12,train,train,train,3,3,0.49122807,0.49122807,0.49122807
O=C(NC12CC3CC(CC(C3)C1)C2)c1nn(CCN2CCOCC2)c2ccccc12,train,train,train,3,3,0.7017544,0.7017544,0.7017544
CCCCCn1cc(C(=O)NC23CC4CC(CC(C4)C2)C3)c2ncccc21,train,train,test,3,3,0.7241379,0.7241379,0.6666667
CCCCCn1cc(C(=O)NC23CC4CC(CC(C4)C2)C3)c2cnccc21,train,train,train,3,3,0.6666667,0.6666667,0.6101695
O=C(NC12CC3CC(CC(C3)C1)C2)c1cc2cccnc2n1CCN1CCOCC1,test,test,train,3,3,0.5147059,0.5147059,0.5147059
O=[N+]([O-])CC(c1ccccc1)c1c(-c2ccccc2)[nH]c2cccnc12,train,train,test,3,3,0.71428573,0.71428573,0.71428573
O=[N+]([O-])CC(c1ccccc1)c1c(-c2ccccc2)[nH]c2ncccc12,train,train,train,3,3,0.71428573,0.71428573,0.7
O=[N+]([O-])CC(c1ccccc1)c1c(-c2cccnc2)[nH]c2ccccc12,train,train,train,3,3,0.87234044,0.87234044,0.87234044
O=[N+]([O-])CC(c1ccccc1)c1c(-c2ccc(F)cc2)[nH]c2ccccc12,train,train,train,3,3,0.9047619,0.9047619,0.9047619
O=[N+]([O-])CC(c1ccc(F)cc1)c1c(-c2ccccc2)[nH]c2ccccc12,train,train,train,3,3,0.9047619,0.9047619,0.9047619
O=[N+]([O-])CC(c1ccccn1)c1c(-c2ccccc2)[nH]c2ccccc12,train,train,train,3,3,0.65384614,0.65384614,0.65384614
O=[N+]([O-])CC(c1cccnc1)c1c(-c2ccccc2)[nH]c2ccccc12,train,train,train,3,3,0.87234044,0.87234044,0.87234044
O=[N+]([O-])CC(c1ccccc1)c1c(-c2ccccc2)[nH]c2cnccc12,test,test,train,3,3,0.7755102,0.7755102,0.7755102
O=C(NC1CCN(c2ncnc3c2nc(-c2ccccc2Cl)n3-c2ccc(Cl)cc2)CC1)c1ccccc1F,train,train,test,3,3,0.7105263,0.7105263,0.7105263
O=S(=O)(NC1CCN(c2ncnc3c2nc(-c2ccccc2Cl)n3-c2ccc(Cl)cc2)CC1)c1ccccc1F,train,train,train,3,3,0.69863015,0.69863015,0.64285713
O=S(=O)(NC1CCN(c2ncnc3c2nc(-c2ccccc2Cl)n3-c2ccc(OC(F)F)nc2)CC1)c1ccc(F)c(F)c1,train,train,train,0,0,0.64835167,0.64835167,0.64835167
CCCCCCC(C)(C)c1cc(O)c2c(c1)OC(C)(C)c1cn(CCO)nc1-2,test,test,train,3,3,0.5967742,0.5967742,0.43243244
CCCCCCC(C)(C)c1cc(OCc2ccccc2)c2c(c1)OC(C)(C)c1cn[nH]c1-2,train,train,train,3,3,0.46478873,0.46478873,0.4050633
CCCCCCC(C)(C)c1cc(O)c2c(c1)OC(C)(C)c1cnoc1-2,train,train,test,3,3,0.46478873,0.46478873,0.5967742
CCCCCn1cc(C(=O)c2cccc3ccccc23)c2cccc(F)c21,train,train,train,3,3,0.70212764,0.70212764,0.70212764
C1=C(CCN2CCOCC2)c2ccccc2/C1=C/c1cccc2ccccc12,train,train,train,3,3,0.71153843,0.71153843,0.71153843
COc1ccc(/C=C2\C=C(CCN3CCOCC3)c3ccccc32)c2ccccc12,test,test,test,3,3,0.72727275,0.72727275,0.72727275
CCc1ccc(/C=C2\C=C(CCN3CCOCC3)c3ccccc32)c2ccccc12,train,train,train,3,3,0.8627451,0.8627451,0.8627451
CCCc1ccc(/C=C2\C=C(CCN3CCOCC3)c3ccccc32)c2ccccc12,train,train,train,3,3,0.8627451,0.8627451,0.8627451
Cc1cc(S(=O)(=O)N2CCc3c(nc(C(C)(C)C)n3CC3CC3)C2)no1,test,test,test,0,0,0.779661,0.779661,0.704918
Cc1cc(S(=O)(=O)N2CCc3c(nc(CC(C)(C)C)n3CC3CC3)C2)no1,train,train,test,0,0,0.61904764,0.61904764,0.61904764
O=C(NN1CCCCC1)c1cn(-c2ccc(Cl)cc2Cl)c(-c2ccc(C#Cc3ccc(C(F)(F)F)cc3)s2)c1CNS(=O)(=O)N1CCCC1,train,train,train,2,2,0.49462366,0.49462366,0.49462366
CCCCCc1cc(OC)cc(OCCCCCCCCCCC(=O)NC2CC2)c1,train,train,train,3,3,0.71428573,0.71428573,0.3768116
CCCCCCC(C)(C)c1cc(OC)cc(OCCCCCCCC(=O)NC2CC2)c1,train,train,test,3,3,0.71428573,0.71428573,0.71428573
CCCCCc1cccc(OCCCCCCCCCCC(=O)NC2CC2)c1,test,test,test,3,3,0.7358491,0.7358491,0.7358491
