smiles,split_shipped,split_R0_from_D0,split_R2_from_D2,cluster_D0,cluster_D2,nn_ecfp4_sim_to_train_shipped,nn_ecfp4_sim_to_train_R0,nn_ecfp4_sim_to_train_R2
COc1ccccc1N1CCN(Cc2ccn(-c3ccccc3)c2)CC1,train,train,train,2,2,0.6744186,0.6744186,0.6744186
c1ccc(N2CCN(Cc3ccn(-c4ccccc4)c3)CC2)cc1,train,train,train,1,1,0.70731705,0.70731705,0.70731705
CC1Cc2cccc3c2N1C(=O)C(N1CCN(Cc2ccc(Cl)cc2)CC1)CC3,train,train,train,3,3,0.84615386,0.84615386,0.84615386
CC1(C)Cc2cccc3c2N1C(=O)C(N1CCN(Cc2ccc(Cl)cc2)CC1)CC3,test,test,test,3,3,0.8490566,0.8490566,0.8490566
Cc1ccc(CN2CCN(C3CCc4cccc5c4N(CC5)C3=O)CC2)cc1,train,train,train,3,3,0.81632656,0.81632656,0.81632656
O=C(NCCCN1CCN(c2cccc(Cl)c2Cl)CC1)c1cccc2c1-c1ccccc1C2=O,train,train,train,3,3,0.94545454,0.94545454,0.962963
Oc1nc2c(N3CCN(Cc4ccccc4)CC3)cccc2[nH]1,train,train,train,1,1,0.6938776,0.6938776,0.6938776
O=C(NCCCN1CCN(c2ccccc2)CC1)c1cccc2c1-c1ccccc1C2=O,train,train,train,3,3,0.7241379,0.7241379,0.7241379
O=C(NCCCN1CCN(c2cccc(Cl)c2Cl)CC1)c1cccc2c1Cc1ccccc1-2,train,train,train,3,3,0.7580645,0.7580645,0.7580645
CCN1C(=O)C(N2CCN(Cc3ccc(Cl)cc3)CC2)CCc2ccccc21,test,test,train,3,3,0.7692308,0.7692308,0.84313726
O=C1Cc2c(ccc(Cl)c2N2CCN(Cc3ccccc3)CC2)N1,test,test,test,1,1,0.68085104,0.68085104,0.68085104
Fc1ccc(C(OC2CC3CCC(C2)N3Cc2ccc(Cl)c(Cl)c2)c2ccc(F)cc2)cc1,train,train,train,0,0,0.7291667,0.7291667,0.7291667
O=C(NCCCCN1CCN(c2cccc(Cl)c2Cl)CC1)c1cccc2c1-c1ccccc1C2=O,test,test,train,3,3,0.9814815,0.9814815,0.962963
CCN1CCC[C@H]1CNC(=O)c1c(OC)ccc(Br)c1OC,train,train,train,3,3,0.76363635,0.76363635,0.76363635
O=C1C(N2CCN(Cc3ccc(Cl)cc3)CC2)CCc2cccc3c2N1CC3,train,train,train,3,3,0.81632656,0.81632656,0.81632656
CN1C2CCC1CC(OC(c1ccccc1)c1ccc(Cl)cc1)C2,train,train,train,4,4,0.5471698,0.5471698,0.5471698
O=C(NCCCN1CCN(c2ccccc2)CC1)c1ccc2c(c1)Cc1ccccc1-2,train,train,train,3,3,0.71666664,0.71666664,0.71666664
O=C(NCCCN1CCN(c2cccc(Cl)c2Cl)CC1)c1ccc2c(c1)Cc1ccccc1-2,train,train,train,3,3,0.96428573,0.96428573,0.96428573
O=C1Cc2c(cccc2N2CCN(Cc3ccccc3)CC2)N1,train,train,train,1,1,0.5217391,0.5217391,0.5217391
Cc1ccc(CN2CCN(C3CCc4cccc5c4N(C3=O)C(C)(C)C5)CC2)cc1,train,train,train,3,3,0.7096774,0.7096774,0.7096774
COc1cc(C)ccc1CN1CCN(C2CCc3cccc4c3N(C2=O)C(C)(C)C4)CC1,test,test,train,4,4,0.86885244,0.86885244,0.86885244
c1ccc(CN2CCN(c3cccc4[nH]cnc34)CC2)cc1,train,train,test,1,1,0.625,0.625,0.625
COc1ccc(Cl)cc1CN1CCN(C2CCc3cccc4c3N(C2=O)C(C)(C)C4)CC1,train,train,train,3,3,0.82539684,0.82539684,0.82539684
OC1(c2cccc(C(F)(F)F)c2)CCN(Cc2ccn(-c3ccccc3)c2)CC1,train,train,train,1,1,0.6363636,0.6363636,0.6363636
Fc1ccc(C(OCCN2C3CCC2CC(OC(c2ccc(F)cc2)c2ccc(F)cc2)C3)c2ccc(F)cc2)cc1,train,train,train,4,4,0.72727275,0.72727275,0.72727275
CCN1C(=O)C(N2CCN(Cc3ccc(Cl)cc3)CC2)Cc2ccccc21,test,test,test,3,3,0.76,0.76,0.8039216
O=C(CN1CCN(Cc2ccc(Cl)cc2)CC1)N1CCc2ccccc21,train,train,train,3,3,0.8636364,0.8636364,0.8636364
O=C(NCCCCN1CCN(c2cccc(Cl)c2Cl)CC1)C1c2ccccc2-c2ccccc21,train,train,train,3,3,0.96,0.96,0.96
O=C1c2ccccc2C(=O)N1CCCCCN1CCN(c2cccc(Cl)c2Cl)CC1,train,train,train,3,3,0.9756098,0.9756098,0.9756098
Cc1ccc(CN2CCN(C3CCc4cccc5c4N(C3=O)C(C)C5)CC2)cc1,train,train,train,3,3,0.84615386,0.84615386,0.84615386
O=C1c2ccccc2C(=O)N1CCCCN1CCN(c2cccc(Cl)c2Cl)CC1,train,train,train,3,3,0.9756098,0.9756098,0.9756098
O=C(NCCCN1CCN(c2ccccc2)CC1)C1c2ccccc2-c2ccccc21,test,test,train,3,3,0.6851852,0.6851852,0.6851852
c1ccc(CN2CCN(c3cccc4[nH]ccc34)CC2)cc1,test,test,train,1,1,0.64444447,0.64444447,0.64444447
c1ccc(C2CCN(Cc3ccn(-c4ccccc4)c3)CC2)cc1,test,test,train,0,0,0.65,0.65,0.65
Oc1nc2ccccc2n1C1CCN(Cc2ccn(-c3ccccc3)c2)CC1,train,train,train,1,1,0.5,0.5,0.5471698
C1=C(c2ccccc2)CCN(Cc2ccn(-c3ccccc3)c2)C1,train,train,train,1,1,0.61702126,0.61702126,0.61702126
CN1C2CCC1CC(OC1c3ccccc3Cc3ccccc31)C2,train,train,train,4,4,0.41666666,0.41666666,0.41666666
Fc1ccc(C(O[C@@H]2C[C@@H]3CC[C@H](C2)N3CCCCc2ccccc2)c2ccc(F)cc2)cc1,train,train,train,4,4,0.7291667,0.7291667,0.7291667
O=C(NCCCN1CCN(c2cccc(Cl)c2Cl)CC1)C1c2ccccc2-c2ccccc21,train,train,train,3,3,0.96,0.96,0.96
Brc1ccc(N2CCN(Cc3ccccc3)CC2)c2cc[nH]c12,train,train,train,1,1,0.50980395,0.50980395,0.6304348
FC(F)(F)c1nc2c(N3CCN(Cc4ccccc4)CC3)cccc2[nH]1,train,train,train,1,1,0.6938776,0.6938776,0.6938776
Clc1cccc(C(OC2CC3CCC(C2)N3CCCc2ccccc2)c2ccccc2)c1,train,train,train,4,4,0.6545454,0.6545454,0.6545454
COc1ccc(C)cc1CN1CCN(C2CCc3cccc4c3N(C2=O)C(C)(C)C4)CC1,train,train,train,4,4,0.82539684,0.82539684,0.86885244
c1ccc(-n2ccc(CN3CCN(c4ccccn4)CC3)c2)cc1,train,train,train,1,1,0.70731705,0.70731705,0.70731705
O=C(NCCCCCN1CCN(c2cccc(Cl)c2Cl)CC1)c1cccc2c1-c1ccccc1C2=O,train,train,test,3,3,0.94545454,0.94545454,0.9814815
Clc1ccc2[nH]ccc2c1N1CCN(Cc2ccccc2)CC1,train,train,train,1,1,0.50980395,0.50980395,0.64444447
O=C1NCN(c2ccccc2)C12CCN(Cc1ccn(-c3ccccc3)c1)CC2,train,train,train,1,1,0.5416667,0.5416667,0.5416667
OC1(c2ccc(Cl)cc2)CCN(Cc2ccn(-c3ccccc3)c2)CC1,train,train,train,1,1,0.6363636,0.6363636,0.6363636
O=C(NCCCN1CCN(c2ccccc2)CC1)c1cccc2c1Cc1ccccc1-2,train,train,test,3,3,0.7288136,0.7288136,0.7288136
Fc1ccc(C(OC2CC3CCC(C2)N3Cc2cccc3ccccc23)c2ccc(F)cc2)cc1,train,train,test,4,4,0.6938776,0.6938776,0.6938776
Fc1ccc(C(OC2CC3CCC(C2)N3Cc2cc3ccccc3[nH]2)c2ccc(F)cc2)cc1,train,train,test,4,4,0.68,0.68,0.68
Fc1ccc(C(OC2CC3CCC(C2)N3Cc2ccccc2)c2ccc(F)cc2)cc1,train,train,train,4,4,0.7291667,0.7291667,0.7291667
COc1cccc(C(=O)CCCN2CCN(c3ccc(Cl)cc3)CC2)c1,train,test,train,3,3,0.9583333,0.9583333,0.9583333
COc1cccc(CNCCN2CCN(c3ccc(Cl)cc3)CC2)c1,train,train,train,1,1,0.6923077,0.6923077,0.6923077
COc1ccccc1N1CCN(CNC(=O)c2ccc(Cl)cc2)CC1,test,test,train,2,2,0.82608694,0.82608694,0.82608694
COc1ccccc1N1CCN(CCCNC(=O)C2CCCc3cccc(OC)c32)CC1,test,test,train,2,2,0.671875,0.671875,0.671875
O=C(NCN1CCN(c2ccccc2Cl)CC1)c1ccccc1,train,train,train,3,3,0.8095238,0.8095238,0.85
COc1cccc(C(=O)CCCN2CCN(c3ccccc3OC)CC2)c1,test,test,train,2,2,0.9583333,0.9583333,0.9583333
COc1cccc(C(=O)NCCCCN2CCN(c3ccc(Cl)cc3)CC2)c1,train,train,train,3,3,0.9607843,0.98039216,0.98039216
COc1cccc(C(=O)NCCCN2CCN(c3ccc(Cl)cc3)CC2)c1,train,train,train,3,3,0.9607843,0.9607843,0.9607843
COc1cccc(C(=O)CCCCN2CCN(c3ccc(Cl)cc3)CC2)c1,train,train,train,3,3,0.9791667,0.9791667,0.9583333
COc1ccc2c(c1)C(NCCN1CCN(c3ccc(Cl)cc3)CC1)CCC2,train,train,train,1,1,0.7,0.7,0.7
Cc1ccc(C(=O)NCN2CCN(c3ccccc3C#N)CC2)cc1,train,train,train,3,3,0.78723407,0.78723407,0.8181818
N#Cc1ccccc1N1CCN(CNC(=O)c2ccc(Cl)cc2)CC1,train,train,train,3,3,0.78723407,0.78723407,0.8181818
Cc1cccc(C(=O)NCN2CCN(c3ccccc3C#N)CC2)c1,train,train,train,3,3,0.7755102,0.7755102,0.7755102
Cc1cccc(C(=O)NCN2CCN(c3ccccc3Cl)CC2)c1,train,train,train,3,3,0.78723407,0.78723407,0.78723407
C1=C(c2ccccc2)CCN(C[C@@H]2CCC=C(c3ccccc3)C2)C1,train,train,train,4,4,0.43396226,0.43396226,0.85714287
COc1cccc(NC(=O)CCN2CCN(c3ccc(Cl)cc3)CC2)c1,train,train,train,3,3,0.63793105,0.63793105,0.63793105
COc1ccc2c(c1)C(=O)N(CCN1CCN(c3ccc(Cl)cc3)CC1)CC2,train,train,train,1,1,0.62711865,0.62711865,0.62711865
COc1cccc(C(=O)CCCCCN2CCN(c3ccc(Cl)cc3)CC2)c1,train,train,test,3,3,0.9791667,0.9791667,0.9791667
Oc1ccc(C2=CCN(C[C@@H]3CCC=C(c4ccc(O)cc4)C3)CC2)cc1,test,test,train,4,4,0.7619048,0.7619048,0.9047619
COc1cccc2c1CCN(CCN1CCN(c3ccc(Cl)cc3)CC1)C2=O,train,train,train,1,1,0.62711865,0.62711865,0.62711865
N#Cc1ccccc1N1CCN(CNC(=O)c2ccccc2)CC1,test,test,train,3,3,0.8181818,0.8181818,0.8181818
COc1cccc(C(=O)CCCCN2CCN(c3ccccc3OC)CC2)c1,train,train,train,2,2,0.73214287,0.73214287,0.9583333
COc1cc(N)c(Cl)cc1C(=O)NCCN1CCN(c2ccccc2OC)CC1,train,train,train,2,2,0.61290324,0.61290324,0.61290324
COc1cccc(C(=O)NCCN2CCN(c3ccccc3OC)CC2)c1,train,train,train,2,2,0.88461536,0.88461536,0.88461536
COc1cccc(CCCCN2CCN(c3ccc(Cl)cc3)CC2)c1,train,train,train,1,1,0.6923077,0.6923077,0.6923077
Cc1ccc(C(=O)NCN2CCN(c3ccccc3Cl)CC2)cc1,train,train,train,3,3,0.8095238,0.8095238,0.81395346
COc1ccccc1N1CCN(CCNC(=O)C2CCCc3c(OC)cccc32)CC1,train,train,train,2,2,0.6825397,0.6825397,0.671875
COc1cccc(C(=O)N(C)CCN2CCN(c3ccc(Cl)cc3)CC2)c1,test,test,train,3,3,0.71428573,0.71428573,0.71428573
COc1ccccc1N1CCN(CNC(=O)c2ccc(C)cc2)CC1,train,train,train,2,2,0.84444445,0.84444445,0.84444445
COc1ccccc1N1CCN(CCCC2CCCc3c(OC)cccc32)CC1,train,train,train,2,2,0.94,0.94,0.94
COc1ccccc1N1CCN(CCC(=O)NC2CCCc3c(OC)cccc32)CC1,train,train,test,2,2,0.6825397,0.6825397,0.6825397
COc1cccc(C(=O)NCCCCCN2CCN(c3ccc(Cl)cc3)CC2)c1,test,train,train,3,3,0.98039216,0.98039216,0.98039216
COc1cccc2c1CCCC2CCCN1CCN(c2ccc(Cl)cc2)CC1,train,train,test,1,1,0.7368421,0.7368421,0.7368421
COc1cccc(C(=O)NCCN2CCN(c3ccc(Cl)cc3)CC2)c1,train,train,train,3,3,0.88461536,0.88461536,0.88461536
COc1ccccc1N1CCN(CNC(=O)c2cccc(C)c2)CC1,train,train,test,2,2,0.7916667,0.7916667,0.7916667
N#Cc1ccccc1N1CCN(CNC(=O)c2cccc(Cl)c2)CC1,train,train,train,3,3,0.7916667,0.7916667,0.7916667
O=C(NCN1CCN(c2ccccc2Cl)CC1)c1ccc(Cl)cc1,test,test,train,3,3,0.85,0.85,0.85
COc1ccccc1N1CCN(CCCCC2CCCc3c(OC)cccc32)CC1,train,train,train,2,2,0.94,0.94,0.94
COc1ccccc1N1CCN(CNC(=O)c2cccc(Cl)c2)CC1,train,train,train,2,2,0.78846157,0.78846157,0.78431374
O=C(NCN1CCN(c2ccccc2Cl)CC1)c1cccc(Cl)c1,train,train,train,3,3,0.7916667,0.7916667,0.7916667
COc1ccccc1N1CCN(Cc2cccc(-c3ccccc3)c2)CC1,train,train,train,2,2,0.64705884,0.64444447,0.64705884
Oc1ccc(C2=CCC[C@@H](CN3CC=C(c4ccccc4)CC3)C2)cc1,test,test,train,4,4,0.85714287,0.85714287,0.9047619
COc1ccc2c(c1)C(CCCN1CCN(c3ccc(Cl)cc3)CC1)CCC2,train,train,train,1,1,0.7,0.7,0.7
COc1ccccc1N1CCN(CNC(=O)c2ccccc2)CC1,train,train,train,2,2,0.84444445,0.84444445,0.84444445
Clc1ccc(N2CCN(Cc3cccn4nccc34)CC2)cc1,train,train,test,1,1,0.7173913,0.7173913,0.7173913
Clc1ccc(N2CCN(Cc3cnn4ccccc34)CC2)cc1,train,train,train,1,1,0.8095238,0.8095238,0.8095238
Clc1ccc(N2CCN(Cc3cccc4ccnn34)CC2)cc1,test,test,test,1,1,0.59183675,0.59183675,0.52272725
Clc1ccc(N2CCN(Cc3cc4ccccn4n3)CC2)cc1,train,train,train,1,1,0.72,0.72,0.72
Clc1ccc(N2CCN(Cc3ccc4ccnn4c3)CC2)cc1,train,train,test,1,1,0.5952381,0.5952381,0.5952381
CCOC(=O)c1cnn2cccc(CN3CCN(c4ccc(Cl)cc4)CC3)c12,test,test,train,1,1,0.6440678,0.6440678,0.62711865
OCc1cnn2cccc(CN3CCN(c4ccc(Cl)cc4)CC3)c12,train,train,test,1,1,0.9130435,0.9130435,0.9130435
Cc1ccc2c(c1)C(NC1CC3CCC(C1)N3Cc1ccccc1)=Nc1cccnc1N2,train,train,train,4,4,0.7777778,0.7777778,0.8196721
Cc1ccc2c(c1)C(NC1CCN(Cc3ccccc3)CC1)=Nc1cccnc1N2,train,train,train,4,4,0.8196721,0.8196721,0.8196721
Clc1ccc2c(c1)C(N1CCN(Cc3ccccc3)CC1)=Nc1cccnc1N2,train,train,train,1,1,0.8363636,0.8363636,0.8
Cc1ccc2c(c1)C(N1CCCN(C)CC1)=Nc1cccnc1N2,train,train,train,4,4,0.9166667,0.9166667,0.9166667
CN1CCCN(C2=Nc3cccnc3Nc3ccc(Cl)cc32)CC1,train,train,train,1,1,0.9183673,0.9183673,0.9183673
Cc1ccc2c(c1)C(N1CCN(CCc3ccccc3)CC1)=Nc1cccnc1N2,train,train,train,1,1,0.8214286,0.8214286,0.8214286
Cc1ccc2c(c1)C(N1CCN(Cc3ccccc3)CC1)=Nc1cccnc1N2,train,train,train,1,1,0.8214286,0.8214286,0.8214286
Clc1ccc2c(c1)C(NCCN1CCCC1)=Nc1cccnc1N2,train,train,test,1,1,0.6,0.6,0.6
Cc1ccc2c(c1)C(NC1CCN(C)CC1)=Nc1cccnc1N2,train,train,train,4,4,0.75,0.75,0.75
Clc1ccc2c(c1)C(N1CCN(CCc3ccccc3)CC1)=Nc1cccnc1N2,train,train,test,1,1,0.8363636,0.8363636,0.8363636
Cc1ccc2c(c1)C(N1CCN(C)CC1)=Nc1cccnc1N2,train,train,train,4,4,0.9166667,0.9166667,0.9166667
Clc1ccc2c(c1)C(N1CCN(C3CCCCC3)CC1)=Nc1cccnc1N2,test,test,train,1,1,0.78571427,0.78571427,0.78571427
CN1CCC(NC2=Nc3cccnc3Nc3ccc(Cl)cc32)CC1,test,test,test,4,4,0.8,0.8,0.8
Clc1ccc2c(c1)C(NC1CC3CCC(C1)N3Cc1ccccc1)=Nc1cccnc1N2,test,test,train,1,1,0.8196721,0.8196721,0.8196721
Clc1ccc2c(c1)C(NC1CCN(Cc3ccccc3)CC1)=Nc1cccnc1N2,train,train,train,1,1,0.8196721,0.8196721,0.8196721
CN1CCN(C2=Nc3cccnc3Nc3ccc(Cl)cc32)CC1,train,train,train,1,1,0.9183673,0.9183673,0.9183673
CCCN(CCC)[C@@H]1CCc2c(OC)cccc2[C@@H]1C,train,train,train,4,4,0.5625,0.5625,0.6666667
Cc1ccc2c(c1)C(N1CCN(C3CCCCC3)CC1)=Nc1cccnc1N2,train,train,train,4,4,0.7407407,0.7407407,0.78571427
CCCN[C@@H]1CCc2c(OC)cccc2[C@@H]1C,test,test,train,4,4,0.68,0.68,0.5833333
CCOc1ccccc1OCC1CN(Cc2ccc(Cl)cc2)CCCO1,train,train,train,0,0,0.7735849,0.7735849,0.875
CCOc1cc(Cl)ccc1OCC1CN(Cc2ccc(Cl)cc2)CCCO1,test,test,test,0,0,0.877551,0.877551,1.0
Cc1ccc(OCCCNCCOc2ccc(Cl)cc2)cc1,train,train,test,4,4,0.82758623,0.82758623,0.82758623
Cc1ccc(OCCNCCCOc2ccccc2)cc1Cl,train,train,train,4,4,0.7567568,0.7567568,0.6756757
COc1ccccc1OCC1CN(Cc2ccccc2)CCO1,test,test,train,0,0,0.84782606,0.84782606,0.84782606
COc1ccc(OCCNCCCOc2ccccc2)cc1,test,test,train,4,4,0.78571427,0.78571427,0.78571427
COc1cc(Cl)cc(OCC2CN(Cc3ccccc3)CCO2)c1,train,train,train,0,0,0.7358491,0.7358491,0.7358491
Clc1ccc(OCCNCCCOc2ccc(Br)cc2)cc1,train,train,test,4,4,0.72727275,0.72727275,0.72727275
COc1cc(Cl)ccc1OCC1CN(Cc2ccc(Br)cc2)CCCO1,train,train,train,0,0,0.72727275,0.72727275,0.75
CCOc1ccc(Cl)cc1OCC1CN(Cc2ccc(Cl)cc2)CCCO1,test,test,train,0,0,0.877551,0.877551,0.877551
CCOc1ccccc1OCC1CN(Cc2ccc([N+](=O)[O-])cc2)CCO1,train,train,train,0,0,0.7407407,0.7407407,0.7407407
Cc1ncccc1OCC1CN(Cc2ccc(Cl)cc2)CCCO1,test,test,train,0,0,0.72727275,0.72727275,0.72727275
COc1ccc(N)cc1OCC1CN(Cc2ccc(Cl)cc2)CCO1,test,test,train,0,0,0.84,0.84,0.84
COc1ccccc1OCC1CN(Cc2ccc(C(F)(F)F)cc2)CCO1,train,train,train,0,0,0.7692308,0.7692308,0.78
CC(C)Oc1ccccc1OCC1CN(Cc2ccc(Cl)cc2)CCO1,train,train,train,0,0,0.78431374,0.78431374,0.78431374
COc1cccc(OCC2CN(Cc3ccc(Cl)cc3)CCO2)c1OC,train,train,train,0,0,0.82,0.82,0.82
Oc1cc(Cl)ccc1NCC1CN(Cc2ccc(Cl)cc2)CCO1,train,train,train,0,0,0.51724136,0.51724136,0.6851852
c1ccc(CCCNCCCOc2ccccc2)cc1,test,test,test,4,4,0.7878788,0.7878788,0.7878788
CCOc1ccccc1OCC1CN(Cc2ccc(F)cc2)CCO1,train,train,train,0,0,0.7407407,0.7407407,0.8333333
COc1ccc(Cl)cc1OCC1CN(Cc2ccccc2)CCO1,train,train,train,0,0,0.875,0.875,0.875
Cc1ccccc1OCCNCCCOc1ccccc1,train,train,train,4,4,0.82857144,0.82857144,0.82857144
Cc1ccc(OCCNCCCOc2ccccc2)cc1,train,train,train,4,4,1.0,1.0,1.0
CCOc1ccc(Cl)cc1OCC1CN(Cc2ccc(Cl)cc2)CCO1,train,train,train,0,0,1.0,1.0,1.0
Fc1ccc(OCCCNCCOc2ccc(Cl)cc2)cc1,train,train,train,4,4,0.72727275,0.72727275,0.72727275
Cc1ccc(OCCNCCCOc2ccc(Br)cc2)cc1,train,train,train,4,4,0.82758623,0.82758623,0.82758623
Cc1ccc(SCCNCCCOc2ccccc2)cc1,train,train,train,4,4,0.7692308,0.7692308,0.7692308
CCOc1cc(I)ccc1OCC1CN(Cc2ccc(Cl)cc2)CCO1,train,train,test,0,0,0.84313726,0.84313726,0.84313726
Cc1ccc(OCCNCCCOc2ccc(F)cc2)cc1,train,train,test,4,4,0.82758623,0.82758623,0.82758623
CCCc1ccccc1OCC1CN(Cc2ccc(Cl)cc2)CCO1,train,train,train,0,0,0.7358491,0.7358491,0.7692308
Clc1ccc(OCCNCCCOc2ccccc2)cc1,train,train,train,4,4,0.78571427,0.78571427,0.78571427
COc1ccccc1OCC1CN(Cc2ccc(Cl)cc2)CCO1,train,train,train,0,0,0.8333333,0.8333333,0.84782606
CCOc1cc(C#N)ccc1OCC1CN(Cc2ccc(Cl)cc2)CCO1,test,test,train,0,0,0.8113208,0.8113208,0.8113208
Cc1ccc(OCCCNCCOc2ccccc2)cc1,train,train,train,4,4,1.0,1.0,1.0
COc1ccc([N+](=O)[O-])cc1OCC1CN(Cc2ccc(Cl)cc2)CCCO1,train,train,train,0,0,0.8947368,0.8947368,0.8947368
COc1ccc([N+](=O)[O-])cc1OCC1CN(Cc2ccc(Cl)cc2)CCO1,train,train,train,0,0,0.8947368,0.8947368,0.8947368
COc1cc(I)ccc1OCC1CN(Cc2ccccc2)CCO1,train,train,train,0,0,0.7407407,0.7407407,0.78
COCCOc1ccccc1OCC1CN(Cc2ccc(Cl)cc2)CCO1,train,train,train,0,0,0.82,0.82,0.82
Clc1cccc(OCCNCCCOc2ccccc2)c1,test,test,test,4,4,0.7352941,0.7352941,0.7352941
Cc1ccc(OCCCNCCOc2ccc(C)cc2)cc1,train,train,train,4,4,0.85714287,0.85714287,0.85714287
COc1ccc(F)cc1OCC1CN(Cc2ccc(Cl)cc2)CCO1,train,train,train,0,0,0.85714287,0.85714287,0.85714287
CC(=O)c1ccc(Cl)cc1OCC1CN(Cc2ccc(Cl)cc2)CCCO1,test,test,test,0,0,0.6557377,0.6557377,0.73214287
Clc1ccc(SCCNCCCOc2ccccc2)cc1,train,train,train,4,4,0.7692308,0.7692308,0.7692308
COc1ccc(Cl)cc1NCC1CN(Cc2ccc(Cl)cc2)CCO1,test,test,train,0,0,0.6851852,0.6851852,0.6851852
Cc1ccc(OCCNCCCOc2ccccc2)cc1C,train,train,test,4,4,0.7567568,0.7567568,0.7567568
COc1ccccc1/C=C/C1CN(Cc2ccc(Cl)cc2)CCO1,train,train,test,0,0,0.5964912,0.5964912,0.5964912
Cc1cccc(OCCNCCCOc2ccccc2)c1,test,test,test,4,4,0.85294116,0.85294116,0.7352941
Cc1ccc(OCCNCCCOc2ccccc2C)cc1,train,train,train,4,4,0.82857144,0.82857144,0.82857144
O=[N+]([O-])c1ccc(OCCNCCCOc2ccccc2)cc1,train,train,test,4,4,0.6666667,0.6666667,0.6666667
CCOc1ccccc1OCC1CN(Cc2ccc(Cl)cc2)CCO1,test,test,train,0,0,0.875,0.875,0.875
Cc1ccc(OCCNCCCOc2cccc(C)c2)cc1,train,train,test,4,4,0.7647059,0.7647059,0.7647059
CCCNC(=O)c1cc(C)c(OCC2CN(Cc3ccc(Cl)cc3)CCO2)cc1Cl,train,train,train,0,0,0.57575756,0.57575756,0.57575756
COc1ccccc1CCC1CN(Cc2ccc(Cl)cc2)CCO1,train,train,train,0,0,0.6981132,0.6981132,0.6981132
COc1ccccc1OCC1CN(Cc2ccc(Cl)c(Cl)c2)CCO1,train,train,train,0,0,0.82,0.82,0.82
CCOc1cc(Cl)ccc1OCC1CN(Cc2ccc(Cl)cc2)CCO1,train,train,train,0,0,1.0,1.0,1.0
Oc1ccc(OCCNCCCOc2ccccc2)cc1,train,train,test,4,4,0.78571427,0.78571427,0.78571427
Cc1ccc(CCCNCCCOc2ccccc2)cc1,train,train,train,4,4,0.7647059,0.7647059,0.7647059
CCOc1ccccc1OCC1CN(Cc2ccc(Cl)cc2Cl)CCO1,train,train,train,0,0,0.7090909,0.7090909,0.754717
COc1ccc(C(F)(F)F)cc1OCC1CN(Cc2ccc(Cl)cc2)CCO1,train,train,train,0,0,0.7924528,0.7924528,0.7924528
Clc1ccccc1OCCNCCCOc1ccccc1,train,train,train,4,4,0.7096774,0.7096774,0.7096774
Clc1ccc(OCCNCCCSc2ccccc2)cc1,train,train,train,4,4,0.7692308,0.7692308,0.7692308
COc1ccccc1OCC1CN(Cc2cccc(Cl)c2)CCO1,train,train,train,0,0,0.8076923,0.8076923,0.81632656
c1ccc(OCCCNCCOc2ccccc2)cc1,train,train,train,4,4,0.78571427,0.78571427,0.78571427
Cc1ccc(OCCNCCCSc2ccccc2)cc1,train,train,train,4,4,0.7692308,0.7692308,0.7692308
Clc1ccc(CN2CCOC(COc3ccc(Cl)c4cccnc34)C2)cc1,test,test,train,0,0,0.63793105,0.63793105,0.6393443
COc1ccccc1SCC1CN(Cc2ccc(Cl)cc2)CCO1,train,train,train,0,0,0.6851852,0.6851852,0.6851852
N#Cc1ccc2cc(CN3CCN(c4ccc(Cl)c(Cl)c4)CC3)[nH]c2c1,train,train,train,1,1,0.84,0.84,0.84
Nc1ccc(C#CCCN2CC=C(c3ccccc3)CC2)cc1,train,train,train,4,4,0.73913044,0.73913044,0.73913044
N#Cc1ccc2cc(CN3CCN(c4ccccc4Cl)CC3)[nH]c2c1,train,train,train,1,1,0.8367347,0.8367347,0.8367347
N#Cc1ccc2[nH]cc(CN3CCN(c4ccc(Cl)c(Cl)c4)CC3)c2c1,train,train,train,1,1,0.8039216,0.8039216,0.8039216
N#Cc1ccc2[nH]cc(CN3CCN(c4ccccc4Cl)CC3)c2c1,train,train,train,1,1,0.74509805,0.74509805,0.74509805
N#Cc1ccc2[nH]cc(CN3CCN(c4ccc(F)cc4)CC3)c2c1,train,train,train,1,1,0.81632656,0.81632656,0.81632656
Oc1ccc2[nH]cc(CCCCN3CC=C(c4ccccc4)CC3)c2c1,train,train,train,4,4,0.516129,0.516129,0.516129
N#Cc1ccc2[nH]cc(CN3CCN(c4ccccc4)CC3)c2c1,train,train,train,1,1,0.8125,0.8125,0.8125
N#Cc1ccc2[nH]cc(CN3CCN(c4ccc(Cl)cc4)CC3)c2c1,train,train,train,1,1,0.81632656,0.81632656,0.81632656
N#Cc1ccc2[nH]c(CN3CCN(c4ccc(F)cc4)CC3)cc2c1,train,train,train,1,1,0.80851066,0.80851066,0.80851066
NC(=O)C1CCC(CN2CCC(=C(c3ccccc3)c3ccc(F)cc3)CC2)O1,test,test,train,4,4,0.3432836,0.3432836,0.3432836
N#Cc1ccc2[nH]c(CN3CCN(c4ccccc4Cl)CC3)cc2c1,train,train,train,1,1,0.8367347,0.8367347,0.8367347
Nc1ccc(C#CCCN2CC=C(c3ccccc3)CC2)cn1,test,test,train,4,4,0.7346939,0.7346939,0.7346939
N#Cc1ccc2cc(CN3CCN(c4ccccc4)CC3)[nH]c2c1,train,train,train,1,1,0.82608694,0.82608694,0.82608694
N#Cc1ccc2[nH]c(CN3CCN(c4ccc(Cl)c(Cl)c4)CC3)cc2c1,train,train,train,1,1,0.84,0.84,0.84
N#Cc1ccc2[nH]c(CN3CCN(c4ccccc4)CC3)cc2c1,train,train,train,1,1,0.82608694,0.82608694,0.82608694
C(#Cc1cccnc1)CCN1CC=C(c2ccccc2)CC1,train,train,train,4,4,0.7659575,0.7659575,0.7659575
C(#Cc1ccncc1)CCN1CC=C(c2ccccc2)CC1,train,train,train,4,4,0.7659575,0.7659575,0.7659575
N#Cc1ccc2[nH]c(CN3CCN(c4ccc(Cl)cc4)CC3)cc2c1,test,test,test,1,1,0.8125,0.8125,0.8125
Nc1ccc(C#CCCN2CC=C(c3ccccc3)CC2)nc1,train,train,train,4,4,0.71428573,0.71428573,0.71428573
c1ccc(CNCCOc2cccc3[nH]cnc23)cc1,train,train,train,4,4,0.65957445,0.65957445,0.65957445
COc1ccc(N2CCN(CCC3NC(=O)c4ccccc43)CC2)cc1,train,train,train,1,1,0.78,0.78,0.78
Cc1ccc(C2CCN(CCC3NC(=O)c4ccccc43)CC2)cc1C,train,train,train,4,4,0.58928573,0.58928573,0.58928573
FC(F)(F)c1nc2c(OCCNCc3ccccc3)cc(Cl)cc2[nH]1,train,train,train,4,4,0.7358491,0.7358491,0.7358491
c1ccc(CNCCOc2cccc3[nH]ncc23)cc1,train,train,train,4,4,0.65217394,0.65217394,0.6041667
O=C1NC(CCN2CCN(c3ccc4ccccc4c3)CC2)c2ccccc21,train,train,train,1,1,0.75,0.75,0.75
Oc1nc2c(OCCNCc3ccccc3)cccc2[nH]1,train,train,train,4,4,0.76086956,0.76086956,0.76086956
c1ccc(CNCCOc2cccc3[nH]ccc23)cc1,train,train,test,4,4,0.65217394,0.65217394,0.65217394
COc1ccc(N2CCN(CCC3c4ccccc4C(=O)N3C)CC2)cc1,train,train,train,1,1,0.76,0.76,0.76
Clc1ccc(N2CCN(Cc3c[nH]c4ncccc34)CC2)cc1,train,train,train,1,1,0.9111111,0.9111111,0.7826087
FC(F)(F)c1nc2c(OCCNCc3ccccc3)cccc2[nH]1,train,train,train,4,4,0.7358491,0.7358491,0.7358491
O=C1NC(CCN2CCN(c3ccccc3)CC2)c2ccccc21,train,train,train,1,1,0.82222223,0.82222223,0.82222223
Cc1nc(N2CCN(CCC3NC(=O)c4ccccc43)CC2)sc1C,train,train,train,4,4,0.6545454,0.6545454,0.6545454
Cc1ccc(N2CCN(CCC3c4ccccc4C(=O)N3C)CC2)cc1C,train,train,train,1,1,0.7254902,0.7254902,0.7254902
Sc1nc2c(OCCNCc3ccccc3)cccc2[nH]1,train,train,train,4,4,0.76086956,0.76086956,0.76086956
Sc1nc2c(OCCNCc3ccccc3)cc(Cl)cc2[nH]1,train,train,train,4,4,0.7647059,0.7647059,0.7647059
Cc1ccnc(N2CCN(CCC3NC(=O)c4ccccc43)CC2)c1,train,train,train,4,4,0.7037037,0.7037037,0.7037037
CN1C(=O)c2ccccc2C1CCN1CCN(c2ccc(Cl)cc2)CC1,train,train,train,1,1,0.76,0.76,0.76
Oc1nc2c(OCCNCc3ccccc3)cc(Cl)cc2[nH]1,train,train,train,4,4,0.7647059,0.7647059,0.7647059
Cc1ccc(N2CCN(CCC3NC(=O)c4ccccc43)CC2)cc1,train,train,train,1,1,0.82222223,0.82222223,0.82222223
Cc1nc2c(OCCNCc3ccccc3)cccc2[nH]1,test,test,train,4,4,0.76086956,0.76086956,0.76086956
O=C(CCN1CCN(c2ccc(CO)c(Cl)c2)CC1)c1ccc(Cl)cc1,test,test,train,3,3,0.5660377,0.5660377,0.5263158
Oc1cccc(OCCNCc2ccccc2)c1,train,train,test,4,4,0.7058824,0.7058824,0.7058824
O=C1Cc2c(cccc2OCCNCc2ccccc2)N1,train,train,train,4,4,0.5217391,0.5217391,0.5217391
O=C1NC(CCN2CCN(c3ccc(Cl)cc3)CC2)c2ccccc21,train,train,train,1,1,0.82222223,0.82222223,0.82222223
CN1CCN(c2nc3ccccc3c(Cl)c2Sc2ccccc2)CC1,train,train,train,1,1,0.6,0.6,0.6
Cc1nc(Cl)c(Sc2ccc(Cl)cc2)c(NC2CCN(Cc3ccccc3)CC2)n1,test,test,train,0,0,0.47457626,0.47457626,0.4090909
O=C(CCCCCN1CCN(c2noc3ccccc23)CC1)c1ccccc1O,test,test,train,1,1,0.7777778,0.7777778,0.7777778
c1ccc(N2CCN(Cc3nc4ccccc4[nH]3)CC2)nc1,train,train,train,1,1,0.7234042,0.7234042,0.7234042
COc1ccc(N2CCN(Cc3nc4ccccc4[nH]3)CC2)cc1,train,train,test,1,1,0.80851066,0.80851066,0.76744187
COc1ccccc1C(=O)CCCCCN1CCN(c2noc3ccccc23)CC1,train,train,train,2,2,0.5652174,0.5652174,0.7777778
O=C1[C@H]2[C@@H]3CC[C@@H](C3)[C@H]2C(=O)N1CCCCN1CCN(c2ncccn2)CC1,train,train,train,1,1,0.45454547,0.45454547,0.45454547
Fc1ccc(N2CCN(Cc3nc4ccccc4[nH]3)CC2)cc1,train,train,train,1,1,0.825,0.825,0.825
Cc1nc(Cl)c(Sc2ccc(Cl)cc2)c(N2CCN(C)CC2)n1,train,train,test,1,1,0.6122449,0.6122449,0.6122449
c1cncc(N2CCN(Cc3nc4ccccc4[nH]3)CC2)c1,train,train,train,1,1,0.76744187,0.76744187,0.76744187
Clc1ccccc1N1CCN(Cc2nc3ccccc3[nH]2)CC1,train,train,test,1,1,0.72727275,0.72727275,0.72727275
CN(CCCCN1CCN(c2ncccn2)CC1)C1=Nc2ccccc2OC1,train,train,train,1,1,0.42647058,0.4262295,0.43283582
c1ccc(N2CCN(Cc3nc4ccccc4[nH]3)CC2)cc1,train,train,train,1,1,0.825,0.825,0.825
COc1ccccc1N1CCN(Cc2nc3ccccc3[nH]2)CC1,train,train,train,2,2,0.7083333,0.7083333,0.65217394
Clc1ccc(N2CCN(Cc3nc4ccccc4[nH]3)CC2)cc1,train,train,train,1,1,0.80487806,0.80487806,0.80487806
Clc1cccc(N2CCN(Cc3nc4ccccc4[nH]3)CC2)c1,train,train,test,1,1,0.76086956,0.76086956,0.76086956
Clc1ccccc1N1CCN(Cc2nc3ccc[nH]c-3n2)CC1,train,train,train,1,1,0.5,0.5,0.4509804
CNc1nc(Cl)c(Sc2ccccc2)c(N2CCN(C)CC2)n1,train,train,train,1,1,0.6122449,0.6122449,0.6
COc1cccc(N2CCN(Cc3nc4ccccc4[nH]3)CC2)c1,train,train,test,1,1,0.80851066,0.80851066,0.7173913
C#Cc1cccn1C1CCN(Cc2ccccc2)CC1,train,train,train,0,0,0.70731705,0.70731705,0.70731705
COc1ccc(Br)cc1-c1nc(CNC[C@@H]2CCN(Cc3ccccc3)C2)c[nH]1,test,test,train,0,0,0.55128205,0.55128205,0.55128205
c1ccc(CN2CCC(n3ccc(-c4cnco4)c3)CC2)cc1,train,train,train,0,0,0.65384614,0.65384614,0.65384614
c1ccc(-c2nc(CN3CCN(c4ccccc4)CC3)cs2)cc1,train,train,train,1,1,0.7631579,0.7631579,0.7631579
c1ccc(CN2CCN(Cc3csc(-c4ccccc4)n3)CC2)cc1,train,train,train,1,1,0.7631579,0.7631579,0.7631579
c1ccc(CN2CCC(NCc3csc(-c4ccccc4)n3)CC2)cc1,train,train,train,0,0,0.65909094,0.65909094,0.65909094
C(#Cc1cccn1C1CCN(Cc2ccccc2)CC1)c1ccccc1,train,train,train,0,0,0.70731705,0.70731705,0.70731705
c1ccc(-c2nc(CN3CCN(c4ccccc4)CC3)co2)cc1,test,test,train,1,1,0.627451,0.627451,0.75
COc1ccc(Br)cc1-c1nc(CNC2CCN(Cc3ccccc3)CC2)co1,train,train,train,0,0,0.75,0.75,0.75
c1ccc(CN2CCC(n3cccc3-c3cnco3)CC2)cc1,train,train,train,0,0,0.65384614,0.65384614,0.65384614
COc1ccc(Br)cc1-c1nc(CN(C)C[C@@H]2CCN(Cc3ccccc3)C2)co1,train,train,test,0,0,0.6666667,0.6666667,0.6666667
O=Cc1ccn(C2CCN(Cc3ccccc3)CC2)c1,train,train,train,0,0,0.6666667,0.6666667,0.6666667
COc1ccc(Br)cc1-c1nc(CN2CCN(c3ccccc3)CC2)co1,train,train,train,1,1,0.8148148,0.8148148,0.8148148
c1ccc(CN2CCC(n3cccc3)CC2)cc1,test,test,test,0,0,0.6388889,0.6388889,0.6388889
COc1ccc(Br)cc1-c1nc(CN2CCN(Cc3ccccc3)CC2)co1,train,train,train,0,0,0.8148148,0.8148148,0.8148148
Oc1ccc(Br)cc1-c1nc(CN2CCN(c3ccccc3)CC2)co1,train,train,train,1,1,0.73214287,0.73214287,0.73214287
O=Cc1cccn1C1CCN(Cc2ccccc2)CC1,test,test,train,0,0,0.6666667,0.6666667,0.6666667
C[Si](C)(C)C#Cc1cccn1C1CCN(Cc2ccccc2)CC1,train,train,train,0,0,0.70454544,0.70454544,0.70454544
COc1ccc(Br)cc1-c1nc(CNC2CCN(Cc3ccccc3)CC2)cs1,train,train,train,0,0,0.7413793,0.7413793,0.7413793
N#CC(C#N)=Cc1cccn1C1CCN(Cc2ccccc2)CC1,test,test,train,0,0,0.64705884,0.64705884,0.6666667
COc1c(-c2nc(CNC[C@@H]3CCN(Cc4ccccc4)C3)co2)cc(Br)c2ccccc12,train,train,train,0,0,0.5443038,0.5443038,0.55128205
Ic1cccn1C1CCN(Cc2ccccc2)CC1,train,train,train,0,0,0.6666667,0.6666667,0.6666667
COc1ccc(Br)cc1-c1nc(CN2CCN(c3ccccc3)CC2)cs1,train,train,test,1,1,0.8076923,0.8076923,0.8076923
c1ccc(CN2CCC(NCc3coc(-c4ccccc4)n3)CC2)cc1,train,train,train,0,0,0.64705884,0.64705884,0.67391306
c1ccc(N2CCN(CC[C@H]3CC[C@H](c4c[nH]c5ccccc54)CC3)CC2)nc1,train,train,test,1,1,0.41935483,0.41935483,0.41935483
N#CC(C#N)=Cc1ccn(C2CCN(Cc3ccccc3)CC2)c1,train,train,train,0,0,0.6666667,0.6666667,0.6666667
c1ccc(CN2CCN(Cc3coc(-c4ccccc4)n3)CC2)cc1,test,test,train,1,1,0.67391306,0.67391306,0.75
COc1ccc(Br)cc1-c1nc(CN2CCN(Cc3ccccc3)CC2)cs1,train,train,train,0,0,0.8076923,0.8076923,0.7413793
c1ccc(CN2CC[C@@H](CNCc3csc(-c4ccccc4)n3)C2)cc1,test,test,test,0,0,0.65384614,0.65384614,0.65384614
Cc1sc(C)c2c1CC(C)(C)Cc1c[nH]nc1-2,test,test,train,4,4,0.65789473,0.65789473,0.6097561
Cn1ncc2c1-c1c(Cl)sc(Cl)c1CCC2,train,train,train,4,4,0.6976744,0.6976744,0.6976744
CCn1ncc2c1-c1c(Cl)sc(Cl)c1CCC2,train,train,train,4,4,0.8095238,0.8095238,0.8095238
Cc1sc(C)c2c1CCCc1nncn1-2,test,test,train,4,4,0.5641026,0.5641026,0.6
O=C1Cc2cc(CCN3CCN(c4nsc5ccccc45)CC3)c(Cl)cc2N1,train,train,train,1,1,0.34210527,0.34210527,0.3372093
Cc1sc(C)c2c1CCc1cnn(C)c1-2,train,train,train,4,4,0.6315789,0.6315789,0.6315789
Cc1cc2c(s1)Nc1ccccc1N=C2N1CCN(C)CC1,train,train,train,4,4,0.4827586,0.4827586,0.65217394
Cc1sc(C)c2c1CCCc1cnn(C)c1-2,test,test,test,4,4,0.85294116,0.85294116,0.85294116
OCCOCCN1CCN(C2=Nc3ccccc3Sc3ccccc32)CC1,train,train,train,1,1,0.36923078,0.36923078,0.36923078
CC1NCCc2cc(O)c(O)cc21,train,train,train,4,4,0.5,0.5,0.5
CN1CCc2cc(O)c(O)cc2C1Cc1ccc(O)c(O)c1,train,train,train,4,4,0.5217391,0.5217391,0.5217391
Cc1sc(C)c2c1CCCc1c[nH]nc1-2,train,train,train,4,4,0.8484849,0.8484849,0.6315789
Cc1sc(C)c2c1SCc1cnn(C)c1-2,train,train,train,4,4,0.6315789,0.6315789,0.6315789
Cc1sc(C)c2c1CCc1cn(C)nc1-2,train,train,test,4,4,0.85294116,0.85294116,0.85294116
Cc1ccc(C)c2c1CCCc1c[nH]nc1-2,test,test,train,4,4,0.6315789,0.6315789,0.6315789
Cc1sc(C)c2c1CCCc1cnn(-c3ccccc3)c1-2,train,train,test,4,4,0.59574467,0.59574467,0.5714286
Cc1oc(C)c2c1CCCc1cnn(C)c1-2,train,train,train,4,4,0.55813956,0.55813956,0.55813956
Cc1oc(C)c2c1CCCc1c[nH]nc1-2,train,train,train,4,4,0.6,0.6,0.6315789
Cc1sc(C)c2c1CCCc1c(CN(C)C)n[nH]c1-2,train,train,train,4,4,0.41666666,0.41666666,0.41666666
CCCn1ncc2c1-c1c(Cl)sc(Cl)c1CCC2,train,train,train,4,4,0.8095238,0.8095238,0.8095238
Cc1sc(C)c2c1CCCc1cnn(C(C)C)c1-2,train,train,test,4,4,0.65909094,0.65909094,0.65909094
Cc1nc2n(c(=O)c1CCN1CCC(c3noc4cc(F)ccc34)CC1)CCCC2,train,train,test,4,4,0.47619048,0.47619048,0.45882353
Cc1sc(C)c2c1CCCc1ncn(C)c1-2,train,train,train,4,4,0.5116279,0.5116279,0.5116279
Cc1sc(C)c2c1CCCc1nccn1-2,test,test,train,4,4,0.525,0.525,0.6
CN(C)CCOC1=Cc2ccccc2Sc2ccc(Cl)cc21,train,train,train,4,4,0.42592594,0.42592594,0.29508197
Cc1sc(C)c2c1CCc1c[nH]nc1-2,train,train,test,4,4,0.8484849,0.8484849,0.8484849
Cn1cc2c(n1)-c1ccccc1CCC2,train,train,test,4,4,0.47619048,0.47619048,0.47619048
CC(C)(C)[C@@]1(O)CCN2C[C@@H]3c4ccccc4CCc4cccc(c43)[C@H]2C1,train,train,train,4,4,0.3220339,0.3220339,0.3220339
Oc1ccc(CC2NCCc3cc(O)c(O)cc32)cc1,test,test,train,4,4,0.7894737,0.7894737,0.7894737
Oc1ccc(CC2NCCc3cc(O)c(O)cc32)cc1O,train,train,train,4,4,0.53571427,0.53571427,0.7894737
CC(C)n1ncc2c1-c1c(Cl)sc(Cl)c1CCC2,train,train,train,4,4,0.6904762,0.6904762,0.6904762
Oc1ccc2c(c1)CCN2,test,test,test,4,4,0.42105263,0.42105263,0.42105263
Cc1sc(C)c2c1CCCc1nnc(C)n1-2,train,train,train,4,4,0.37777779,0.37777779,0.5641026
O=C1NCCN1CCN1CCC(c2cn(-c3ccc(F)cc3)c3ccc(Cl)cc23)CC1,train,train,train,3,3,0.7058824,0.7058824,0.7058824
CCn1ncc2c1-c1c(C)sc(C)c1CCC2,train,train,test,4,4,0.65909094,0.65909094,0.80487806
Clc1sc(Cl)c2c1CCCc1c[nH]nc1-2,train,train,train,4,4,0.6,0.6,0.6
CCCn1ncc2c1-c1c(C)sc(C)c1CCC2,test,test,train,4,4,0.80487806,0.80487806,0.67391306
Cc1sc(C)c2c1CCCc1cn(C)nc1-2,train,train,train,4,4,0.85294116,0.85294116,0.54761904
OC[C@H]1O[C@H](Oc2ccc(CC3NCCc4cc(O)c(O)cc43)cc2)[C@H](O)[C@H](O)[C@H]1O,train,train,train,4,4,0.53571427,0.53571427,0.56363636
C1=C(c2nc3ccccc3o2)CCN(Cc2ccccc2)C1,train,train,train,1,1,0.7708333,0.7708333,0.7708333
Clc1ccccc1CN1CC=C(c2nc3ccccc3s2)CC1,test,test,train,1,1,0.75510204,0.75510204,0.75510204
C1=C(c2nc3ccccc3[nH]2)CCN(Cc2ccccc2)C1,train,train,train,1,1,0.84444445,0.84444445,0.84444445
Clc1ccc(CN2CC=C(c3nc4ccccc4[nH]3)CC2)cc1,train,train,train,1,1,0.84444445,0.84444445,0.84444445
Clc1ccc2sc(C3=CCN(Cc4ccccc4)CC3)nc2c1,train,train,train,1,1,0.8695652,0.8695652,0.8695652
Clc1ccc(CN2CC=C(c3nc4cc(Cl)ccc4s3)CC2)cc1,train,train,train,1,1,0.8695652,0.8695652,0.8695652
Clc1ccc(CN2CC=C(c3nc4cc(Cl)ccc4[nH]3)CC2)cc1,train,train,test,1,1,0.87234044,0.87234044,0.87234044
Clc1cccc(CN2CC=C(c3nc4ccccc4s3)CC2)c1,test,test,train,1,1,0.82978725,0.82978725,0.79591835
Clc1ccc(CN2CC=C(c3nc4cc(Cl)ccc4o3)CC2)cc1,train,train,train,1,1,0.87234044,0.87234044,0.87234044
Clc1ccc2[nH]c(C3=CCN(Cc4ccccc4)CC3)nc2c1,train,train,train,1,1,0.87234044,0.87234044,0.7708333
C1=C(c2nc3ccccc3s2)CCN(Cc2ccccc2)C1,train,train,test,1,1,0.8636364,0.8636364,0.8636364
Clc1ccc2oc(C3=CCN(Cc4ccccc4)CC3)nc2c1,train,train,train,1,1,0.87234044,0.87234044,0.87234044
Clc1ccc(CN2CC=C(c3nc4ccccc4s3)CC2)cc1,train,train,train,1,1,0.8636364,0.8636364,0.79591835
CCCN(CCC)[C@@H]1CCc2c(ccc3ccoc23)[C@@H]1C,test,test,train,4,4,0.56,0.56,0.56
Cc1c(-c2ccccc2)nnn1C1CCN(Cc2ccccc2)CC1,train,train,train,0,0,0.6956522,0.6956522,0.6956522
COc1ccccc1N1CCN(CCCCCNC(=O)c2cnn3ccccc23)CC1,test,test,train,2,2,0.94736844,0.94736844,0.98214287
Cc1nn(C2CCN(Cc3ccccc3)CC2)cc1-c1ccccc1,train,train,train,0,0,0.82978725,0.82978725,0.82978725
COc1ccccc1N1CCN(CCCCNC(=O)c2ccc3ccccc3c2)CC1,train,train,test,2,2,0.8,0.8,0.8
COc1ccccc1N1CCN(CCCCNC(=O)c2cccn3nccc23)CC1,train,train,test,2,2,0.8032787,0.8032787,0.8333333
c1ccc(CN2CCC(c3cc(-c4ccccc4)[nH]n3)CC2)cc1,test,test,test,0,0,0.62222224,0.62222224,0.7380952
Cc1c(-c2ccccc2)cnn1C1CCN(Cc2ccccc2)CC1,train,train,test,0,0,0.82978725,0.82978725,0.82978725
COc1ccccc1N1CCN(CCCCCNC(=O)c2cc3ccccn3n2)CC1,train,train,train,2,2,0.98214287,0.98214287,0.98214287
Cc1cc(-c2ccccc2)n(C2CCN(Cc3ccccc3)CC2)n1,train,train,train,0,0,0.6304348,0.6304348,0.6304348
COc1ccccc1N1CCN(CCCCNC(=O)c2ccn3nccc3c2)CC1,test,test,train,2,2,0.7619048,0.7619048,0.7619048
Cc1nnn(C2CCN(Cc3ccccc3)CC2)c1-c1ccccc1,train,train,train,0,0,0.6956522,0.6956522,0.6956522
O=c1c(CO)coc2cc(OCCCN3CCC(c4noc5cc(F)ccc45)CC3)ccc12,train,train,train,4,4,0.45882353,0.45882353,0.29113925
Cc1c(C2CCN(Cc3ccccc3)CC2)n[nH]c1-c1ccccc1,train,train,test,0,0,0.8666667,0.8666667,0.8666667
COc1ccccc1N1CCN(CCCNC(=O)c2cc3ccccn3n2)CC1,test,test,test,2,2,0.96428573,0.96428573,0.96428573
COc1ccccc1N1CCN(CCCCNC(=O)c2ccc3ccnn3c2)CC1,train,train,train,2,2,0.70689654,0.70689654,0.7619048
c1ccc(CN2CCC(n3nnnc3-c3ccccc3)CC2)cc1,train,train,train,0,0,0.65217394,0.65217394,0.65217394
c1ccc(CN2CCC(n3nccc3-c3ccccc3)CC2)cc1,train,train,train,0,0,0.6304348,0.6304348,0.6304348
Cc1c(-c2ccccc2)cnn1C1CCN(Cc2cccc(Cl)c2)CC1,train,train,train,0,0,0.82978725,0.82978725,0.73214287
c1ccc(CN2CCC(n3cc(-c4ccccc4)nn3)CC2)cc1,train,train,test,0,0,0.6086956,0.6086956,0.5833333
c1ccc(CN2CCC(n3nnc(-c4ccccc4)n3)CC2)cc1,train,train,train,0,0,0.5744681,0.5744681,0.5744681
COc1ccccc1N1CCN(CCCNC(=O)c2cnn3ccccc23)CC1,train,train,train,2,2,0.8947368,0.8947368,0.96428573
Cc1nn(C2CCN(Cc3cccc(Cl)c3)CC2)cc1-c1ccccc1,train,train,train,0,0,0.82978725,0.82978725,0.82978725
c1ccc(CN2CCC(n3cnc(-c4ccccc4)c3)CC2)cc1,train,train,test,0,0,0.6086956,0.6086956,0.5833333
COc1ccccc1N1CCN(CCCCNC(=O)c2cnn3ccccc23)CC1,test,test,train,2,2,0.96428573,0.96428573,0.98214287
COc1ccccc1N1CCN(CCCCNC(=O)c2cc3ccccc3s2)CC1,test,test,train,2,2,0.9298246,0.9298246,0.9298246
COc1ccccc1N1CCN(CCCCNC(=O)c2cccc3ccnn23)CC1,train,train,test,2,2,0.6923077,0.6923077,0.6923077
Cc1nn(C2CCN(Cc3cccc(C#N)c3)CC2)cc1-c1ccccc1,train,train,test,0,0,0.74509805,0.74509805,0.74509805
Cc1c(-c2ccccc2)cnn1C1CCN(Cc2cccc(C#N)c2)CC1,train,train,train,0,0,0.74509805,0.74509805,0.73214287
C[C@H]1CC[C@H](C)N1CCCOc1ccc(-c2ccc(C(=O)N3CCOCC3)cc2)cc1,test,test,train,4,4,0.2835821,0.2857143,0.2857143
COc1ccccc1N1CCN(CCNC(=O)c2cc3ccccn3n2)CC1,train,train,train,2,2,0.8947368,0.8947368,0.8947368
COc1ccccc1N1CCN(CCNC(=O)c2cnn3ccccc23)CC1,train,train,train,2,2,0.8947368,0.8947368,0.8947368
COc1ccccc1N1CCN(CCCCNC(=O)c2cc3ccccn3n2)CC1,train,train,train,2,2,0.98214287,0.98214287,0.98214287
COc1ccccc1N1CCN(CCCCNC(=O)c2cc3ccccc3o2)CC1,train,train,test,2,2,0.9298246,0.78125,0.9298246
CCCN(CCC)C1CCC(=C(C#C[Si](C)(C)C)C#C[Si](C)(C)C)CC1,train,train,train,4,4,0.6315789,0.6315789,0.6315789
CCCN(CCC)C1CCC(=C(C#Cc2ccccc2)C#Cc2ccccc2)CC1,train,train,train,4,4,0.60465115,0.60465115,0.60465115
O=C1c2ccccc2CCCN1CCN1CCC(n2c(O)nc3cc(F)ccc32)CC1,test,test,train,4,4,0.47945204,0.47945204,0.47945204
CCCN(CCC)C1CC=C(C#Cc2ccccc2)CC1,test,test,train,4,4,0.6166667,0.6166667,0.63793105
C#CC(C#C)=C1CCC(N(CCC)CCC)CC1,train,train,train,4,4,0.6315789,0.6315789,0.6315789
CCN(CC)C(=O)[C@@H]1C=C2c3cccc4[nH]cc(c34)C[C@H]2N(C)C1,train,train,train,4,4,0.2923077,0.2923077,0.2923077
N#Cc1cc(CN2CCN(c3ccccc3)CC2)c[nH]1,test,test,train,1,1,0.6666667,0.6666667,0.6666667
COc1ccc(OC)c(CN2CCN(CC(=O)N3c4ccccc4C[C@H]3C)CC2)c1,train,train,train,2,2,0.72131145,0.8103448,0.8103448
C[C@@H]1Cc2ccccc2N1C(=O)CN1CCN(Cc2ccc3c(c2)OCO3)CC1,train,train,train,3,3,0.73214287,0.73214287,0.6964286
COC(=O)[C@@H]1Cc2ccccc2N1C(=O)CN1CCN(Cc2ccc(Cl)cc2)CC1,train,train,test,3,3,0.68421054,0.68421054,0.7735849
Cc1c(-c2ccc(F)cc2)nc(O)n1C1CCN(Cc2ccccc2)CC1,train,train,train,0,0,0.8541667,0.8541667,0.8541667
O=C(Nc1ccccc1)NC1CCN(Cc2ccccc2)CC1,train,train,train,3,3,0.6956522,0.71428573,0.71428573
C(#Cc1c[nH]c(CN2CCN(c3ccccc3)CC2)c1)c1ccccc1,train,train,train,1,1,0.7619048,0.7619048,0.7619048
C=C[C@@H]1Cc2ccccc2N1C(=O)CN1CCN(Cc2ccc(Cl)cc2)CC1,test,test,train,3,3,0.7037037,0.7037037,0.7037037
CC[C@@H]1Cc2ccccc2N1C(=O)CN1CCN(Cc2ccc(C)cc2)CC1,train,train,train,3,3,0.6851852,0.6851852,0.6851852
O=C(Nc1ccccn1)NC1CCN(Cc2ccccc2)CC1,train,train,train,0,0,0.6956522,0.6956522,0.6956522
Cc1c(-c2ccccc2)nc(O)n1C1CCN(Cc2cccc(Cl)c2)CC1,train,train,train,0,0,0.9019608,0.9019608,0.9019608
c1ccc(N2CCN(Cc3ccc[nH]3)CC2)cc1,train,train,train,1,1,0.6,0.6,0.6
C[C@@H]1Cc2ccccc2N1C(=O)CN1CCN(Cc2ccccc2F)CC1,train,train,train,3,3,0.78,0.78,0.78
CC(C)c1ccc(Cl)cc1CN1CCN(CC(=O)N2c3ccccc3C[C@H]2C)CC1,train,train,train,3,3,0.8035714,0.8035714,0.76666665
O=C(CN1CCN(Cc2ccc(Cl)cc2)CC1)N1c2ccccc2C[C@H]1CF,train,train,train,3,3,0.82,0.82,0.82
O=C(NCc1ccccc1)NC1CCN(Cc2ccccc2)CC1,test,train,train,3,3,0.71428573,0.71428573,0.71428573
Cc1c(-c2ccccc2)nc(O)n1C1CCN(CCc2ccccc2)CC1,train,train,test,4,4,0.78723407,0.78723407,0.87234044
C#Cc1c[nH]c(CN2CCN(c3ccccc3)CC2)c1,test,test,train,1,1,0.7619048,0.7619048,0.7619048
Cn1c(-c2ccccc2)cn(C2CCN(Cc3ccccc3)CC2)c1=O,train,train,train,0,0,0.5882353,0.5882353,0.5510204
Cc1c(-c2cccc(Cl)c2)nc(O)n1C1CCN(Cc2ccccc2)CC1,train,train,train,0,0,0.9019608,0.9019608,0.9019608
O=C(CN1CCN(Cc2ccc(Cl)cc2)CC1)N1c2ccccc2C[C@H]1CO,train,train,train,3,3,0.82,0.82,0.82
Cc1c(-c2ccccc2)n(C)c(=O)n1C1CCN(Cc2ccccc2)CC1,train,train,test,0,0,0.75,0.75,0.75
c1ccc(-c2c[nH]c(CN3CCN(c4ccccc4)CC3)c2)cc1,train,train,train,1,1,0.6511628,0.6511628,0.6511628
Cc1c(C2CCN(CCc3ccccc3)CC2)noc1-c1ccc(Cl)cc1,train,train,train,0,0,0.63793105,0.6785714,0.6785714
Cc1c(-c2ccccn2)nc(O)n1C1CCN(Cc2ccccc2)CC1,test,test,train,0,0,0.74,0.74,0.74
Cc1cccc(CN2CCC(n3c(O)nc(-c4ccccc4)c3C)CC2)c1,train,train,train,0,0,0.8333333,0.8333333,0.8333333
COc1cccc(CN2CCC(n3c(O)nc(-c4ccccc4)c3C)CC2)c1,train,train,train,0,0,0.8148148,0.8148148,0.8148148
Cc1nc(O)n(C2CCN(Cc3ccccc3)CC2)c1-c1ccccc1,train,train,train,0,0,0.7234042,0.7234042,0.7234042
CCc1c(-c2ccccc2)nc(O)n1C1CCN(Cc2ccccc2)CC1,train,train,train,0,0,0.75,0.75,0.75
COc1cc(Cl)ccc1CN1CCN(CC(=O)N2c3ccccc3C[C@H]2C)CC1,train,train,train,3,3,0.7719298,0.8596491,0.8596491
O=C(NC(=O)c1ccccc1)NC1CCN(Cc2ccccc2)CC1,train,train,test,3,3,0.6818182,0.6818182,0.6818182
Cc1c(-c2cccs2)nc(O)n1C1CCN(Cc2ccccc2)CC1,train,train,train,0,0,0.7254902,0.7254902,0.7254902
Cc1c(-c2ccccc2)nc(O)n1C1CCN(CC2CCCCC2)CC1,train,train,test,4,4,0.71428573,0.71428573,0.71428573
C[C@@H]1Cc2ccccc2N1C(=O)CN1CCN(Cc2ccc(Cl)c(Cl)c2)CC1,train,train,test,3,3,0.7924528,0.7924528,0.7735849
C[C@@H]1Cc2ccccc2N1C(=O)CN1CCN(Cc2cc(F)c(Cl)cc2F)CC1,train,train,train,3,3,0.76785713,0.76785713,0.74545455
Cc1c(-c2ccc(Cl)cc2)nc(O)n1C1CCN(Cc2ccccc2)CC1,train,train,test,0,0,0.9148936,0.9148936,0.9148936
COc1ccc(Cl)cc1CN1CCN(CC(=O)N2c3ccccc3C[C@H]2C)CC1,test,train,train,3,3,0.8596491,0.8596491,0.8596491
COc1ccc(-c2nc(O)n(C3CCN(Cc4ccccc4)CC3)c2C)cc1,train,train,train,0,0,0.8367347,0.8367347,0.8367347
C[C@@H]1Cc2ccccc2N1C(=O)CN1CCN(Cc2ccc(F)c(F)c2Cl)CC1,train,test,train,3,3,0.74545455,0.74545455,0.74545455
O=C(O)[C@@H]1Cc2ccccc2N1C(=O)CN1CCN(Cc2ccc(Cl)cc2)CC1,test,test,train,3,3,0.7735849,0.7735849,0.7307692
O=C(Nc1nccc2ccccc12)NC1CCN(Cc2ccccc2)CC1,train,train,test,3,3,0.6603774,0.6603774,0.6603774
Cc1c(-c2ccccc2)nc(O)n1C1CCN(Cc2ccccc2Cl)CC1,train,train,train,1,1,0.7916667,0.7916667,0.7916667
COC(=O)[C@@H]1Cc2ccccc2N1C(=O)CN1CCN(Cc2ccc(C)cc2)CC1,test,test,test,3,3,0.8490566,0.8490566,0.6964286
Cc1c(-c2ccccc2)nc(O)n1C1CCN(Cc2ccccc2)CC1,train,train,train,0,0,0.90909094,0.90909094,0.90909094
C[C@@H]1Cc2ccccc2N1C(=O)CN1CCN(Cc2cc(Cl)ccc2Cl)CC1,train,train,test,3,3,0.8235294,0.8235294,0.8235294
C[C@@H]1Cc2ccccc2N1C(=O)CN1CCN(Cc2ccccc2Cl)CC1,train,train,train,3,3,0.8235294,0.8235294,0.78
Cc1c(-c2ccccc2)nc(O)n1C1CCN(Cc2cccc(C#N)c2)CC1,test,test,test,0,0,0.76785713,0.76785713,0.76785713
C[C@@H]1Cc2ccccc2N1C(=O)CN1CCN(Cc2cccc(F)c2)CC1,train,train,test,3,3,0.86,0.86,0.86
Cc1c(-c2ccccc2)n(-c2ccccc2)c(=O)n1C1CCN(Cc2ccccc2)CC1,train,train,train,0,0,0.75,0.75,0.5660377
Cc1c(-c2ccccc2)nc(O)n1C1CCN(CCCc2ccccc2)CC1,test,test,train,4,4,0.87234044,0.87234044,0.75510204
Oc1nc(-c2ccccc2)cn1C1CCN(Cc2ccccc2)CC1,train,train,train,0,0,0.5833333,0.5833333,0.58
Cc1c(-c2ccccc2Cl)nc(O)n1C1CCN(Cc2ccccc2)CC1,train,train,train,0,0,0.75510204,0.75510204,0.75510204
N#Cc1c[nH]c(CN2CCN(c3ccccc3)CC2)c1,train,train,train,1,1,0.7619048,0.7619048,0.7619048
C[C@@H]1Cc2ccccc2N1C(=O)CN1CCN(Cc2cccc(Cl)c2)CC1,train,train,test,3,3,0.7924528,0.7924528,0.76785713
Cc1ccc(-c2nc(O)n(C3CCN(Cc4ccccc4)CC3)c2C)cc1,train,train,train,0,0,0.90909094,0.90909094,0.90909094
Cc1c(-c2ccccc2)nc(O)n1C1CCN(Cc2ccc(Cl)cc2)CC1,train,train,train,0,0,0.9148936,0.9148936,0.8695652
CCOc1ccc(Cl)cc1CN1CCN(CC(=O)N2c3ccccc3C[C@H]2C)CC1,train,train,test,3,3,0.7758621,0.8305085,0.8305085
Cc1ccc(CN2CCN(CC(=O)N3c4ccccc4C[C@H]3C)CC2)cc1F,train,train,test,3,3,0.7758621,0.7758621,0.7758621
CC1CCN(C2=Cc3cc(Cl)ccc3Cc3ccccc32)CC1,train,train,train,4,4,0.75555557,0.75555557,0.75555557
Cc1ccccc1N1CCN(Cc2ccc3oc(=O)ccc3c2)CC1,test,test,test,1,1,0.84782606,0.84782606,0.84782606
O=C(c1ccc(F)cc1)C1CCN(CCn2c(=O)[nH]c3ccccc3c2=O)CC1,train,train,train,4,4,0.5,0.5,0.5
O=c1ccc2ccc(CNCCNc3ccccc3)cc2o1,train,train,train,0,0,0.85365856,0.85365856,0.85365856
CN1CCN(C2=Nc3ccccc3Oc3ccc(Cl)cc32)CC1,train,train,test,1,1,0.8181818,0.8181818,0.8181818
CN1CCN(C2=Cc3ccccc3Oc3ccc(Cl)cc32)CC1,test,test,train,1,1,0.8372093,0.8372093,0.73170733
Clc1ccc(-c2cc(C3CCN(CCc4ccccc4)CC3)[nH]n2)cc1,test,test,train,3,3,0.89361703,0.80851066,0.89361703
O=c1ccc2ccc(CNCCCNc3ccccc3)cc2o1,train,train,train,0,0,0.85365856,0.85365856,0.85365856
c1ccc(N2CCN(Cc3c[nH]c4ncccc34)CC2)cc1,test,test,test,1,1,0.79545456,0.79545456,0.79545456
O=c1ccc2ccc(CN3CCC(c4ccccc4)CC3)cc2o1,train,train,test,0,0,0.7209302,0.7209302,0.7209302
Cc1ccc(NCCNCc2ccc3ccc(=O)oc3c2)cc1,test,test,train,0,0,0.79545456,0.79545456,0.79545456
CCN(CCNCc1ccc2ccc(=O)oc2c1)c1ccccc1,train,train,train,4,4,0.63265306,0.63265306,0.63265306
Cc1cccc(N2CCN(Cc3ccc4ccc(=O)oc4c3)CC2)c1,test,test,train,1,1,0.85106385,0.85106385,0.85106385
O=c1ccc2ccc(CNCCNc3ccc(Cl)cc3)cc2o1,train,train,train,3,3,0.76744187,0.76744187,0.77272725
COc1ccccc1N1CCC(CNCC2COc3ccc(Cl)cc3O2)CC1,train,train,test,2,2,0.421875,0.421875,0.421875
C=C1c2ccccc2C=C(N2CCN(C)CC2)c2ccccc21,train,train,train,4,4,0.65,0.65,0.65
O=c1ccc2ccc(CN3CCN(c4ccccc4)CC3)cc2o1,train,train,train,1,1,0.8333333,0.8333333,0.8333333
Cc1ccc(N2CCN(Cc3ccc4ccc(=O)oc4c3)CC2)cc1Cl,train,train,train,1,1,0.82608694,0.82608694,0.82608694
Clc1ccccc1CCN1CCN(c2[nH]nc3c2CCc2ccccc2-3)CC1,train,train,test,1,1,0.34210527,0.34210527,0.34210527
CN1CCN(C2=Nc3cc(Cl)ccc3Oc3ccccc32)CC1,train,train,train,1,1,0.8181818,0.8181818,0.6458333
Cc1cccc(N2CCN(Cc3ccc4oc(=O)ccc4c3)CC2)c1,train,train,train,1,1,0.7708333,0.7708333,0.85106385
O=c1ccc2ccc(CN3CC=C(c4ccccc4)CC3)cc2o1,train,train,train,0,0,0.67391306,0.67391306,0.67391306
NS(=O)(=O)c1ccc(N2CCN(CC[C@@H]3OCCc4ccccc43)CC2)cc1,train,train,train,1,1,0.7169811,0.7169811,0.7169811
CC1c2ccccc2C=C(N2CCN(C)CC2)c2ccccc21,train,train,train,4,4,0.58536583,0.58536583,0.58536583
CC(C)(C)c1ccc(N2CCN(Cc3ccc4ccc(=O)oc4c3)CC2)cc1,train,train,train,1,1,0.7826087,0.7826087,0.7826087
CCN(CCNc1ccccc1)Cc1ccc2ccc(=O)oc2c1,train,train,train,4,4,0.6,0.6,0.6
O=S1(=O)c2cccc3cccc(c23)N1CCCN1CCN(c2ccc(F)cc2)CC1,test,test,train,1,1,0.40983605,0.40983605,0.40983605
CN1CCC(C2=Cc3cc(Cl)ccc3Cc3ccccc32)CC1,train,train,test,4,4,0.65957445,0.65957445,0.65957445
O=c1ccc2cc(CNCCNc3ccccc3)ccc2o1,test,test,train,0,0,0.85365856,0.85365856,0.85365856
CN1CCN(C2=Cc3cc(Cl)ccc3Oc3ccccc32)CC1,train,train,test,1,1,0.75609756,0.75609756,0.8372093
Clc1ccc(CN2CCC(c3cc(-c4ccc(Cl)cc4)[nH]n3)CC2)cc1,test,test,train,0,0,0.6904762,0.6904762,0.6904762
CC(C)=C1c2ccc(Cl)cc2C=C(N2CCN(C)CC2)c2ccccc21,train,train,train,1,1,0.74418604,0.74418604,0.74418604
O=c1ccc2cc(CN3CCN(c4ccccc4)CC3)ccc2o1,train,train,train,1,1,0.8333333,0.8333333,0.8333333
Cc1ccc(NCCNCc2ccc3ccc(=O)oc3c2)cc1C,train,train,train,0,0,0.8043478,0.8043478,0.8043478
O=c1ccc2ccc(CNCCOc3ccccc3)cc2o1,train,train,train,0,0,0.65217394,0.65217394,0.65217394
CN1CCN(C2=Nc3ccccc3Nc3ccccc32)CC1,test,test,train,4,4,0.65217394,0.65217394,0.74418604
CN1CCN(C2=Cc3cc(Cl)ccc3Cc3ccccc32)CC1,train,train,train,1,1,0.8095238,0.8095238,0.8095238
CC(C)=C1c2ccccc2C=C(N2CCN(C)CC2)c2ccccc21,train,train,train,4,4,0.74418604,0.74418604,0.74418604
Cc1ccc(N2CCN(Cc3ccc4oc(=O)ccc4c3)CC2)cc1,train,train,train,1,1,0.84090906,0.84090906,0.84090906
O=c1ccc2ccc(CN3CCN(c4ccc(Cl)cc4)CC3)cc2o1,train,train,train,1,1,0.7777778,0.7777778,0.7777778
Cc1ccc(NCCNCc2ccc3ccc(=O)oc3c2)cc1Cl,train,train,train,0,0,0.8043478,0.8043478,0.8043478
C=C1c2ccccc2C=C(C2=CCN(C)CC2)c2ccccc21,train,train,train,4,4,0.6136364,0.6136364,0.6136364
c1ccc(-c2nc(CN3CCN(c4ncccn4)CC3)c[nH]2)cc1,train,train,train,1,1,0.7777778,0.7777778,0.7777778
CN1CCN(C2=Cc3ccccc3Cc3ccc(Cl)cc32)CC1,train,train,train,1,1,0.8095238,0.8095238,0.8095238
O=c1ccc2ccc(NCCNc3ccccc3)cc2o1,train,train,train,4,4,0.7,0.7,0.7
c1ccc(N2CCN(Cc3c[nH]c4ccccc34)CC2)cc1,train,train,train,1,1,0.8,0.8,0.8
CN1CCN(C2=Cc3ccccc3Oc3ccccc32)CC1,train,train,train,4,4,0.75609756,0.75609756,0.73170733
COc1ccc(N2CCN(Cc3ccc4ccc(=O)oc4c3)CC2)cc1,train,train,test,1,1,0.7826087,0.7826087,0.7826087
Cc1ccc(N2CCN(Cc3ccc4ccc(=O)oc4c3)CC2)cc1C,train,train,train,1,1,0.82608694,0.82608694,0.82608694
O=c1ccc2ccc(CN3CCN(c4ccc(F)cc4)CC3)cc2o1,train,train,train,1,1,0.7777778,0.7777778,0.7777778
CC1CCN(Cc2c[nH]c3ccccc23)CC1,train,train,train,1,1,0.61904764,0.61904764,0.70731705
C/C=C1/c2ccccc2C=C(N2CCN(C)CC2)c2ccccc21,train,train,train,4,4,0.65,0.65,0.65
CN1CCN(C2=Nc3cc(Cl)ccc3N(C)c3ccccc32)CC1,test,test,train,1,1,0.6458333,0.6458333,0.6458333
O=c1ccc2ccc(CN3CCN(Cc4ccccc4)CC3)cc2o1,train,train,train,0,0,0.8,0.8,0.8
CN1CCN(C2=Nc3ccccc3Nc3ccc(Cl)cc32)CC1,test,test,train,1,1,0.72,0.72,0.74418604
Cc1ccccc1N1CCN(Cc2ccc3ccc(=O)oc3c2)CC1,train,train,train,1,1,0.70212764,0.70212764,0.70212764
Cc1ccc(N2CCN(Cc3ccc4ccc(=O)oc4c3)CC2)cc1,train,train,train,1,1,0.84090906,0.84090906,0.84090906
c1ccc(C2CCN(Cc3c[nH]c4ccccc34)CC2)cc1,test,test,train,1,1,0.70731705,0.70731705,0.70731705
CN1CCN(Cc2cnn3ccccc23)CC1,train,train,train,1,1,0.70731705,0.70731705,0.70731705
Oc1ccc(OCCNCc2ccccc2)cc1,train,train,train,4,4,0.7741935,0.7741935,0.7741935
Ic1ccc(N2CCN(Cc3cnn4ccccc34)CC2)cc1,train,train,train,1,1,0.8095238,0.8095238,0.8095238
Clc1cccc(N2CCN(Cc3cnn4ccccc34)CC2)c1,train,train,train,1,1,0.7659575,0.7659575,0.7659575
Oc1ccccc1OCCNCc1ccccc1,train,train,train,4,4,0.6388889,0.6388889,0.6388889
CS(=O)(=O)Nc1cccc(OCCNCc2ccccc2)c1,train,train,test,4,4,0.5869565,0.5869565,0.58536583
O=C(c1cnn2ccccc12)N1CCN(c2ccc(Cl)cc2)CC1,train,train,train,1,1,0.5769231,0.5769231,0.5769231
COc1ccccc1N1CCN(CCCCNC(=O)c2ccc(Br)cc2)CC1,train,train,train,2,2,0.84,0.84,0.8269231
Clc1ccc(N2CCN(Cc3cnn4ccc5ccccc5c34)CC2)cc1,train,train,test,1,1,0.7058824,0.7058824,0.7058824
Oc1ccc2c(c1)O[C@@H](CNCc1ccccc1)CO2,train,train,train,4,4,0.6458333,0.6458333,0.6458333
Clc1ccc(N2CCN(Cc3cnc4ccccn34)CC2)cc1,train,train,train,1,1,0.6875,0.6875,0.6875
Oc1ccc(N2CCN(Cc3ccccc3)CC2)cc1,train,train,test,1,1,0.76666665,0.76666665,0.76666665
Clc1ccccc1N1CCN(Cc2cnn3ccccc23)CC1,test,test,train,1,1,0.7173913,0.7173913,0.7173913
Oc1ccc2c(c1)O[C@@H](CNCc1ccccc1)CC2,train,train,train,4,4,0.6458333,0.6458333,0.6458333
c1ccn2ncc(CN3CCN(C4CCCCC4)CC3)c2c1,train,train,train,1,1,0.64444447,0.64444447,0.64444447
CS(=O)(=O)Nc1cc(OCCNCc2cccs2)ccc1Cl,train,train,train,4,4,0.45762712,0.45762712,0.41379312
Clc1ccc(N2CCN(Cc3c[nH]c4ccccc34)CC2)cc1,train,train,train,1,1,0.8,0.8,0.8
c1ccc(CNCCOc2ccccc2)cc1,train,train,train,4,4,0.7741935,0.7741935,0.7741935
Clc1ccc(N2CCN(Cc3cnn4c3ccc3ccccc34)CC2)cc1,train,train,train,1,1,0.7446808,0.7446808,0.7446808
COc1ccccc1N1CCN(CCCCNC(=O)c2ccc(-c3ccc(C(C)=O)cc3)cc2)CC1,train,test,train,2,2,0.88461536,0.88461536,0.88461536
Clc1ccc(N2CCN(Cc3cnn4c3CCCC4)CC2)cc1,train,train,test,1,1,0.5686275,0.5686275,0.5686275
c1ccc(N2CCN(Cc3cnn4ccccc34)CC2)cc1,train,train,train,1,1,0.8095238,0.8095238,0.8095238
c1ccc(CN2CCN(c3ccccc3)CC2)cc1,train,train,train,1,1,0.79310346,0.79310346,0.79310346
Clc1ccc(N2CCN(Cc3cnc4ncccn34)CC2)cc1,train,train,train,1,1,0.6875,0.6875,0.6875
Nc1cc(OCCNCc2ccccc2)ccc1Cl,train,train,train,4,4,0.6052632,0.6052632,0.6052632
Ic1ccc(N2CCN(Cc3c[nH]c4ncccc34)CC2)cc1,test,test,train,1,1,0.7826087,0.7826087,0.7826087
CCCN1CCc2nn3ccccc3c2C1,train,train,test,4,4,0.3653846,0.3653846,0.5
CCCN(CCC)[C@H]1CCc2nn3ccccc3c2C1,test,test,train,4,4,0.5,0.5,0.42592594
Clc1ccc(CN2CCC(c3cc(-c4ccc(Cl)cc4)on3)CC2)cc1,train,train,train,0,0,0.67391306,0.67391306,0.61702126
Cc1c(-c2ccc(Cl)cc2)noc1C1CCN(CCc2ccccc2)CC1,test,train,train,3,3,0.6785714,0.6785714,0.6785714
COc1cc(NC(=O)c2ccccc2)c(Cl)cc1C(=O)N[C@H]1CCN(Cc2ccccc2)C1,train,train,train,0,0,0.8095238,0.8095238,0.796875
CN(C(=O)CN1CCN(Cc2ccc(Cl)cc2)CC1)c1ccccc1,train,test,test,3,3,0.53846157,0.53846157,0.53846157
COc1cc(NC(=O)C2CC2)c(Cl)cc1C(=O)N[C@H]1CCN(C2C3CCCC2CCC3)C1,train,train,train,3,3,0.8,0.8,0.84745765
CN1C(=O)C(N2CCN(Cc3ccc(Cl)cc3)CC2)CCc2ccccc21,train,train,train,3,3,0.79591835,0.79591835,0.8367347
COc1cc(NC(=O)C2CC2)c(Cl)cc1C(=O)N[C@H]1CCN(C2CCCCC2)C1,train,train,train,3,3,1.0,0.8,1.0
COc1cc(NC(=O)C(F)(F)F)c(Cl)cc1C(=O)N[C@H]1CCN(Cc2ccccc2)C1,train,train,train,0,0,0.796875,0.796875,0.796875
CN1C(=O)C(N2CCN(Cc3ccc(Cl)cc3)CC2)Cc2ccccc21,train,train,train,3,3,0.79591835,0.79591835,0.79591835
CCN1C(=O)C(CC)(N2CCN(Cc3ccc(Cl)cc3)CC2)c2ccccc21,train,train,train,3,3,0.46774194,0.46774194,0.5081967
C=CC(=O)Nc1cc(OC)c(C(=O)N[C@H]2CCN(Cc3ccccc3)C2)cc1Cl,train,train,train,0,0,0.796875,0.796875,0.796875
COc1cc(NC(=O)C2CC2)c(Cl)cc1C(=O)N[C@H]1CCNC1,test,train,train,3,3,0.6557377,0.6557377,0.6557377
CNc1cc(OC)c(C(=O)N[C@H]2CCN(Cc3ccccc3)C[C@@H]2C)cc1Cl,train,train,train,0,0,0.64705884,0.64705884,0.75409836
COc1cc(NC(=O)C2CC2)c(Cl)cc1C(=O)N[C@H]1CCN(C2C3CC4CC(C3)CC2C4)C1,test,test,train,3,3,0.84745765,0.84745765,0.84745765
COc1cc(NC(=O)C2CC2)c(Cl)cc1C(=O)N[C@H]1CCN(CCc2ccccc2)C1,train,train,train,3,3,0.8030303,0.8030303,0.8030303
COc1c(C(=O)N[C@@H]2CCN(Cc3ccccc3)C2)cc(Br)c2ccccc12,train,train,train,0,0,0.75,0.75,0.75
COc1c(C(=O)N[C@@H]2CCN(Cc3ccccc3)C2)cc(I)c2ccccc12,test,test,test,0,0,0.7894737,0.7894737,0.7894737
COc1cc(NC(=O)C(C)C)c(Cl)cc1C(=O)N[C@H]1CCN(Cc2ccccc2)C1,train,train,test,0,0,0.8095238,0.8095238,0.8095238
Fc1ccc2[nH]c(CN3CCN(c4ccccn4)CC3)cc2c1,train,train,train,1,1,0.5471698,0.5471698,0.5471698
C#Cc1cc(C(=O)N[C@@H]2CCN(Cc3ccccc3)C2)c(OC)c2ccccc12,train,train,train,0,0,0.75,0.75,0.75
O=C1Nc2ccccc2CC1N1CCN(Cc2ccc(Cl)cc2)CC1,train,train,train,3,3,0.6037736,0.6037736,0.6037736
Cc1ccc(CN2CCN(C3CCc4ccccc4N(C)C3=O)CC2)cc1,test,test,train,3,3,0.8367347,0.8367347,0.8367347
COc1cc(N)c(Cl)cc1C(=O)NC1CCN(Cc2ccccc2)CC1,train,train,train,0,0,0.6896552,0.6896552,0.7719298
CNc1cc(OC)c(C(=O)NC2CCN(Cc3ccccc3)CC2)cc1Cl,test,test,train,0,0,0.7719298,0.7719298,0.7719298
COc1cc(NC(=O)C2CCCCC2)c(Cl)cc1C(=O)N[C@H]1CCN(Cc2ccccc2)C1,train,train,train,0,0,0.8030303,0.8030303,0.8030303
CNc1cc(OC)c(C(=O)N[C@H]2CCN(C3C4CCCC3CCC4)C2)cc1Cl,test,test,train,3,3,0.79310346,0.79310346,0.79310346
CCC(=O)Nc1cc(OC)c(C(=O)N[C@H]2CCN(Cc3ccccc3)C2)cc1Cl,test,test,test,0,0,0.82258064,0.82258064,0.82258064
COc1cc(NC(=O)C2CC2)c(Cl)cc1C(=O)N[C@H]1CCN(C2CCCCCC2)C1,train,test,train,3,3,1.0,1.0,1.0
COc1cc(NC(=O)C2CC2)c(Cl)cc1C(=O)N[C@H]1CCN(CC2CCCCC2)C1,train,train,test,3,3,0.75757575,0.75757575,0.75757575
Cc1c(C2CCN(CCc3ccccc3)CC2)n[nH]c1-c1ccc(Cl)cc1,test,train,test,3,3,0.82,0.82,0.82
Clc1ccc(N2CCN(C[C@H]3C[C@@H]3c3ccccc3)CC2)c(Cl)c1,train,train,train,1,1,0.37254903,0.37254903,0.65957445
CCN1C(=O)C(N2CCN(Cc3ccc(C)cc3)CC2)CCc2ccccc21,test,test,train,3,3,0.64285713,0.64285713,0.84313726
Cc1ccc(N2CCN(Cc3nc4ccccc4[nH]3)CC2)cc1C,train,train,test,1,1,0.7111111,0.7111111,0.71428573
Cc1ccc(C)c(N2CCN(Cc3nc4ccccc4[nH]3)CC2)c1,test,test,train,1,1,0.71428573,0.71428573,0.63829786
Clc1ccc(CN2CCC(c3cc(-c4ccc(Cl)cc4)no3)CC2)cc1,train,train,test,0,0,0.67391306,0.67391306,0.67391306
CCCNC1CCc2c(cccc2OC)C1,train,train,train,4,4,0.8,0.8,0.7
CCCN(CCC)C1CCc2c(cccc2OC)C1,train,train,train,4,4,0.8,0.8,0.68292683
CCCN(CCc1cccs1)C1CCc2c(cccc2OC2CCCC2)C1,test,test,test,4,4,0.70689654,0.70689654,0.70689654
CCCN(CCc1ccccc1)C1CCc2ccc(O)cc2C1,train,train,test,4,4,0.6981132,0.6981132,0.6981132
CCNC1CCc2c(cccc2OC)C1,train,train,test,4,4,0.8,0.8,0.8
CCCN(CCc1ccsc1)C1CCc2c(O)cccc2C1,train,train,train,4,4,0.74509805,0.74509805,0.74509805
CCCN(C)C1CCc2ccc(O)cc2C1,train,train,test,4,4,0.7837838,0.7837838,0.7837838
CCCN(CCc1cccs1)C1CCc2ccc(O)cc2C1,train,train,train,4,4,0.6981132,0.6981132,0.6909091
CCCNC1CCc2c(O)cccc2C1,train,train,train,4,4,0.6904762,0.6904762,0.6904762
CCCN(CCc1ccccc1)C1CCc2c(O)cccc2C1,train,train,train,4,4,0.74509805,0.74509805,0.74509805
CCCNC1CCc2ccc(O)cc2C1,train,train,train,4,4,0.5813953,0.5813953,0.5813953
COc1cccc2c1CCC(N(C)C)C2,train,train,train,4,4,0.71794873,0.71794873,0.68292683
CN(C)C1CCc2ccc(O)cc2C1,train,train,train,4,4,0.74285716,0.74285716,0.74285716
CCN(C)C1CCc2ccc(O)cc2C1,train,train,train,4,4,0.7837838,0.7837838,0.74285716
CCN(CC)C1CCc2c(cccc2OC)C1,train,train,test,4,4,0.8,0.8,0.8
CCCN(CCc1cccs1)[C@H]1CCc2c(O)cccc2C1,train,train,train,4,4,0.6923077,0.6923077,0.6923077
CNC1CCc2c(cccc2OC)C1,train,train,train,4,4,0.7837838,0.7837838,0.7
CCCN1COC[C@@H]2c3cc(O)ccc3OC[C@H]21,train,train,test,4,4,0.2982456,0.2982456,0.29508197
CCCN(CCC)[C@@H]1CCc2c(OS(=O)(=O)C(F)(F)F)cccc2[C@@H]1C,test,test,train,4,4,0.6666667,0.6666667,0.6666667
Cc1nn2c(C#N)cccc2c1CN1CCN(c2ccc(Cl)cc2)CC1,train,train,train,1,1,0.8076923,0.8076923,0.67241377
COc1ccc2c3c(c(=O)oc2c1)CN(CCc1ccccc1)CC3,train,train,train,4,4,0.8113208,0.8113208,0.8113208
Cc1nn2c(-c3ccc(F)cc3)cccc2c1CN1CCN(c2ccc(Cl)cc2)CC1,train,train,train,1,1,0.67241377,0.67241377,0.67241377
Cc1ccc2c3c(c(=O)oc2c1)CN(Cc1ccccc1)CC3,train,train,train,0,0,0.81632656,0.81632656,0.81632656
COc1ccc2c3c(c(=O)oc2c1)CN(Cc1ccccc1Cl)CC3,test,test,train,0,0,0.7818182,0.7818182,0.7818182
Clc1ccc(-c2cc(C3CCCN(Cc4ccccc4)C3)[nH]n2)cc1,test,test,train,0,0,0.8695652,0.8695652,0.8695652
CC1(c2cc(-c3ccc(Cl)cc3)[nH]n2)CCN(Cc2ccccc2)CC1,train,train,train,1,1,0.5,0.5,0.509434
Cc1c(C2CCN(Cc3ccccc3)CC2)n[nH]c1-c1ccc(Cl)cc1,train,train,train,0,0,0.8666667,0.8666667,0.7647059
O=C(/C=C(\O)c1ccc(Cl)cc1)C1CCN(Cc2ccccc2)CC1,test,test,train,3,3,0.58,0.63265306,0.63265306
Cc1c(-c2ccccc2)n[nH]c1C1=CCN(CCc2ccccc2)CC1,test,test,train,4,4,0.45,0.45,0.45
Nc1nc(-c2ccc(Cl)cc2)cc(C2CCN(Cc3ccccc3)CC2)n1,train,train,train,0,0,0.627451,0.627451,0.627451
O=c1oc2cc(O)ccc2c2c1CN(Cc1ccc(Cl)cc1)CC2,test,test,train,3,3,0.7647059,0.7647059,0.7647059
Clc1ccc(N2CCN(Cc3cnn4c(N5CCN(Cc6ccccc6)CC5)cccc34)CC2)cc1,train,train,train,1,1,0.71153843,0.71153843,0.71153843
COc1ccc2c3c(c(=O)oc2c1)CN(Cc1ccc(C)cc1)CC3,train,train,train,0,0,0.8979592,0.8979592,0.8269231
c1ccc(CCN2CCC(c3cc(-c4ccncc4)[nH]n3)CC2)cc1,test,test,train,4,4,0.7755102,0.7755102,0.6862745
CCc1c(C2CCN(Cc3ccccc3)CC2)n[nH]c1-c1ccc(Cl)cc1,train,train,train,1,1,0.7647059,0.7647059,0.7647059
COc1ccc2c3c(c(=O)oc2c1)CN(Cc1ccc(F)cc1)CC3,train,train,test,0,0,0.88,0.88,0.8301887
CCCN[C@@H]1CCc2c(OS(=O)(=O)C(F)(F)F)cccc2[C@@H]1C,train,train,test,4,4,0.4,0.4,0.68
Clc1ccc(-c2cc(C3CCN(CC4CCCCC4)CC3)[nH]n2)cc1,train,train,train,1,1,0.66,0.66,0.66
Cc1cc(O)c2c3c(c(=O)oc2c1)CN(Cc1ccccc1)CC3,train,train,train,0,0,0.6851852,0.6851852,0.6851852
c1ccc(CCN2CCC3(CCc4c3n[nH]c4-c3ccccc3)CC2)cc1,train,train,train,4,4,0.46296296,0.46296296,0.46296296
Cc1c(-c2ccc(Cl)cc2)nc(N)nc1C1CCN(CCc2ccccc2)CC1,train,test,train,3,3,0.63793105,0.63793105,0.63793105
N#Cc1cccc2c(CN3CCN(c4ccc(Cl)cc4)CC3)cnn12,train,train,test,1,1,0.79591835,0.79591835,0.79591835
Clc1ccc(-c2cc(C3CCN(Cc4ccccc4)CC3)[nH]n2)cc1,train,train,train,0,0,0.8863636,0.8863636,0.8863636
OCc1cccn2ncc(CN3CCN(c4ccc(Cl)cc4)CC3)c12,train,train,train,1,1,0.9130435,0.9130435,0.74
OCc1ccc2c(CN3CCN(c4ccc(Cl)cc4)CC3)cnn2c1,train,train,train,1,1,0.64705884,0.64705884,0.64705884
Cc1ccc2c3c(c(=O)oc2c1)CN(Cc1ccc(Cl)cc1)CC3,train,train,train,3,3,0.82,0.82,0.81632656
COc1ccc2c3c(c(=O)oc2c1)CN(Cc1cccc(Cl)c1)CC3,train,train,train,0,0,0.8333333,0.8333333,0.8333333
C#Cc1cccc2c(CN3CCN(c4ccc(Cl)cc4)CC3)cnn12,train,train,train,1,1,0.79591835,0.79591835,0.71428573
COc1cc(Br)cc(C(=O)NCCN2CCc3ccccc3C2)c1OC,train,train,test,2,2,0.8301887,0.5507246,0.8301887
Cc1cccc2c(CN3CCN(c4ccc(Cl)cc4)CC3)cnn12,train,train,test,1,1,0.76086956,0.76086956,0.76086956
CN1CCC(c2cc(-c3ccc(Cl)cc3)[nH]n2)CC1,train,train,train,3,3,0.43396226,0.43396226,0.6904762
C#Cc1cccc2c(CN3CCN(c4ccc(Cl)cc4)CC3)c(C)nn12,train,train,test,1,1,0.8076923,0.8076923,0.8076923
Cc1cc(C2CCN(Cc3ccccc3)CC2)[nH]n1,train,train,train,0,0,0.70454544,0.70454544,0.70454544
c1ccc(CCN2CCC(c3cc(-c4ccccn4)[nH]n3)CC2)cc1,train,train,test,4,4,0.6730769,0.6730769,0.71428573
CC1(C(=O)/C=C(\O)c2ccc(Cl)cc2)CCN(Cc2ccccc2)CC1,test,train,train,3,3,0.47368422,0.47368422,0.63265306
COc1ccc2c3c(c(=O)oc2c1)CN(Cc1ccc(Cl)cc1)CC3,train,train,test,0,0,0.8979592,0.8979592,0.84615386
Clc1ccc(-c2cc(C3CCN(CCCc4ccccc4)CC3)[nH]n2)cc1,train,test,train,3,3,0.7916667,0.7916667,0.89361703
Cc1ccc2c3c(c(=O)oc2c1)CN(Cc1ccc(F)cc1)CC3,train,train,test,0,0,0.82,0.82,0.82
COc1ccc2c3c(c(=O)oc2c1)CN(Cc1ccc(Cl)c(Cl)c1)CC3,train,train,train,0,0,0.84615386,0.84615386,0.8
Cc1nn2c(N3CCN(Cc4ccccc4)CC3)cccc2c1CN1CCN(c2ccc(Cl)cc2)CC1,train,train,train,1,1,0.6666667,0.6666667,0.6666667
Clc1ccc(-c2cc(C3CCCCN3Cc3ccccc3)[nH]n2)cc1,train,train,train,1,1,0.63461536,0.63461536,0.63461536
Clc1ccc(-c2cc(C3CCN(Cc4ccccc4)C3)[nH]n2)cc1,train,train,train,0,0,0.8863636,0.8863636,0.8863636
COc1cc(Br)cc(C(=O)NCCCCN2CCN(c3cccc(Cl)c3Cl)CC2)c1OC,train,train,train,2,2,0.70149255,0.70149255,0.70149255
Clc1ccc(-c2cc(C3CCN(Cc4cccc(Cl)c4)CC3)[nH]n2)cc1,train,test,test,3,3,0.84782606,0.84782606,0.84782606
c1ccc(CCN2CCC(c3cc(C4CCCCC4)n[nH]3)CC2)cc1,train,train,train,4,4,0.627451,0.627451,0.63461536
c1ccc(CCN2CCC(c3cc(-c4cccs4)[nH]n3)CC2)cc1,train,train,train,4,4,0.65384614,0.65384614,0.6862745
COc1ccc2c3c(c(=O)oc2c1OC)CN(Cc1ccccc1)CC3,train,train,train,0,0,0.64912283,0.64912283,0.64912283
COc1cc2c(cc1OC)CN(CCNC(=O)c1cc(Br)cc(OC)c1OC)CC2,train,test,train,2,2,0.8301887,0.8301887,0.5625
Clc1ccc(N2CCN(Cc3cnn4c(-c5ccccc5)cccc34)CC2)cc1,train,train,train,1,1,0.82,0.82,0.82
C[Si](C)(C)c1cccc2c(CN3CCN(c4ccc(Cl)cc4)CC3)cnn12,test,test,test,1,1,0.7659575,0.7659575,0.7659575
COc1ccc2c3c(c(=O)oc2c1)CN(C(=O)c1ccccc1)CC3,train,train,train,4,4,0.64912283,0.64912283,0.64912283
Cc1nn2c(-c3ccccc3)cccc2c1CN1CCN(c2ccc(Cl)cc2)CC1,test,test,test,1,1,0.8301887,0.8301887,0.8301887
c1ccc(CCN2CCN(c3cc(-c4ccccc4)[nH]n3)CC2)cc1,train,train,train,1,1,0.5283019,0.5283019,0.56
CCCN[C@@H]1CCc2c(C(=O)OC)cccc2[C@@H]1C,test,test,test,4,4,0.6296296,0.6296296,0.6666667
O=Cc1cccc2c(CN3CCN(c4ccc(Cl)cc4)CC3)cnn12,train,train,train,1,1,0.71428573,0.71428573,0.71428573
COc1cc2oc(=O)c3c(c2cc1OC)CCN(Cc1ccc(Cl)cc1)C3,train,train,test,0,0,0.7592593,0.7592593,0.7037037
c1ccc(Cc2cc(C3CCN(Cc4ccccc4)CC3)[nH]n2)cc1,train,train,train,0,0,0.70454544,0.70454544,0.70454544
COc1ccc2c3c(c(=O)oc2c1)CN(Cc1ccccc1)CC3,train,train,train,0,0,0.877551,0.877551,0.8333333
COc1ccc(CN2CCc3c(c(=O)oc4cc(OC)ccc34)C2)cc1,train,train,test,0,0,0.8979592,0.8979592,0.8979592
COc1ccc2c3c(c(=O)oc2c1)CN(Cc1ccc([N+](=O)[O-])cc1)CC3,train,train,train,0,0,0.8148148,0.8148148,0.7719298
COc1ccc2c3c(c(=O)oc2c1)CN(Cc1ccncc1)CC3,test,test,train,0,0,0.84313726,0.84313726,0.8113208
c1ccc(CCN2CCC(c3cc(-c4cccnc4)[nH]n3)CC2)cc1,train,train,test,4,4,0.6730769,0.6730769,0.7755102
COc1ccc2c3c(c(=O)oc2c1)CN(Cc1ccc(C(F)(F)F)cc1)CC3,train,train,train,0,0,0.8301887,0.8301887,0.78571427
Cc1cccn2ncc(CN3CCN(c4ccc(Cl)cc4)CC3)c12,train,train,train,1,1,0.74,0.74,0.74
Clc1ccc(-c2cc(C3CCN(Cc4ccccc4Cl)CC3)[nH]n2)cc1,train,train,train,1,1,0.7708333,0.7708333,0.7708333
Fc1ccc(-c2cccc3c(CN4CCN(c5ccc(Cl)cc5)CC4)cnn23)cc1,train,train,train,1,1,0.82,0.82,0.82
COc1cccc(C(=O)NCCN2CCN(c3ccccn3)CC2)c1,train,train,train,2,2,0.7457627,0.7457627,0.7457627
COc1ccc(CC2CCN(CC(O)COc3cccc4ccccc34)CC2)cc1,train,train,train,0,0,0.8301887,0.8301887,0.8301887
COc1cccc(C(=O)NCCCN2CCN(c3ccccc3OC)CC2)c1,train,train,test,2,2,0.9607843,0.9607843,0.9607843
COc1cccc(C(=O)NCCCCN2CCN(c3nccc4ccccc34)CC2)c1,train,train,train,2,2,0.75409836,0.75409836,0.7121212
O=[N+]([O-])c1ccc(OCC(O)CN2CCC(Cc3ccccc3)CC2)cc1,train,train,train,4,4,0.7169811,0.7169811,0.75510204
c1ccc(CC2CCN(CCCOc3cccc4ccccc34)CC2)cc1,train,train,train,4,4,0.66,0.66,0.66
COc1cccc(C(=O)NCCCCN2CCN(c3ccccc3OC)CC2)c1,train,train,train,2,2,0.98039216,0.98039216,0.98039216
COc1cccc(C(=O)NCCCCN2CCN(c3cccc4ccccc34)CC2)c1,train,train,test,2,2,0.8867925,0.8867925,0.8035714
O=C(NCCCCN1CCN(c2cccc(Cl)c2Cl)CC1)c1ccnc2ccccc12,train,train,train,3,3,0.6769231,0.6769231,0.6769231
c1ccc(-c2nc(CN3CCN(c4cccnc4)CC3)c[nH]2)cc1,train,train,test,1,1,0.7058824,0.7058824,0.79545456
c1ccc(-c2nc(CN3CCN(c4ccncn4)CC3)c[nH]2)cc1,test,test,train,1,1,0.78723407,0.78723407,0.78723407
COc1cccc(C(=O)NCCCCN2CCN(c3cccc(Cl)c3Cl)CC2)c1,train,train,train,3,3,0.9811321,0.9811321,0.9811321
COc1cccc(C(=O)NCCN2CCN(c3ccc(Cl)cn3)CC2)c1,train,train,train,3,3,0.7457627,0.7457627,0.7457627
c1ccc(-c2nc(CN3CCN(c4cnccn4)CC3)c[nH]2)cc1,train,train,train,1,1,0.7708333,0.7708333,0.7708333
COc1cccc(C(=O)NCCN2CCN(c3cccc4ccccc34)CC2)c1,train,train,test,2,2,0.8867925,0.8867925,0.7962963
COc1cccc(C(=O)NCCN2CCN(c3ccc(C)cc3)CC2)c1,train,train,test,2,2,0.84,0.84,0.877551
COc1cccc(C(=O)NCCCCCN2CCN(c3cccc(Cl)c3Cl)CC2)c1,train,train,train,3,3,0.9811321,0.9811321,0.9811321
OC(COc1cccc2ccccc12)CN1CCC(Cc2ccc(F)cc2)CC1,train,train,train,4,4,0.85714287,0.85714287,0.85714287
OC(COc1cccc2ccccc12)CN1CCC(Sc2ccccc2)CC1,train,train,train,4,4,0.6792453,0.6792453,0.6792453
c1ccc(-c2nc(CN3CCN(c4ccccn4)CC3)c[nH]2)cc1,train,train,train,1,1,0.7777778,0.7777778,0.78723407
OC(COc1cccc2ccccc12)CN1CCC(Cc2ccc(Cl)cc2)CC1,train,train,train,0,0,0.84,0.84,0.84
COc1cccc(C(=O)NCCCCCN2CCN(c3ccccc3OC)CC2)c1,train,train,train,2,2,0.98039216,0.98039216,0.98039216
Cc1ccc(CC2CCN(CC(O)COc3cccc4ccccc34)CC2)cc1,train,train,train,4,4,0.84,0.84,0.84
OC(COc1cccc2ccccc12)CN1CCC(Cc2ccccc2)CC1,train,train,train,4,4,0.85714287,0.85714287,0.85714287
COc1cccc(C(=O)NCCN2CCN(c3cccc(Cl)c3)CC2)c1,train,train,train,3,3,0.84615386,0.84615386,0.84615386
COc1cccc(C(=O)NCCN2CCN(c3ccccc3Cl)CC2)c1,train,train,train,3,3,0.8113208,0.8113208,0.88461536
O=C(NCCCCN1CCN(c2cccc(Cl)c2Cl)CC1)c1ccc2ccccc2c1,train,train,test,3,3,0.88,0.88,0.88
OC(COc1cccc2ccccc12)CN1CCC(Oc2ccccc2)CC1,test,test,train,4,4,0.6923077,0.6923077,0.6923077
COc1cccc(C(=O)NCCN2CCN(c3ccccc3)CC2)c1,train,train,train,2,2,0.84,0.84,0.875
COc1c(C(=O)NCCCCN2CCN(c3cccc(Cl)c3Cl)CC2)ccc2ccccc12,train,train,train,3,3,0.7076923,0.7076923,0.7076923
OC(COc1ccccc1)CN1CCC(Cc2ccccc2)CC1,test,test,train,4,4,0.84090906,0.84090906,0.84090906
COc1ccc(OCC(O)CN2CCC(Cc3ccccc3)CC2)cc1,train,train,train,4,4,0.7358491,0.7358491,0.84090906
OC(COc1ccc(Cl)cc1)CN1CCC(Cc2ccccc2)CC1,test,test,train,0,0,0.7916667,0.7916667,0.84090906
Cc1[nH]c(-c2ccccc2)nc1CN1CCN(c2ncccn2)CC1,test,test,train,1,1,0.6,0.6,0.6
COc1ccc(N2CCN(CCNC(=O)c3cccc(OC)c3)CC2)cc1,test,test,train,2,2,0.877551,0.877551,0.875
COc1cccc(C(=O)NCCCCN2CCN(c3cccc(C)c3C)CC2)c1,train,train,train,2,2,0.7719298,0.7719298,0.7719298
COc1cccc(C(=O)NCCCCN2CCN(c3noc4ccccc34)CC2)c1,train,train,train,2,2,0.7121212,0.7121212,0.7121212
CC(COc1cccc2ccccc12)CN1CCC(Cc2ccccc2)CC1,train,train,train,4,4,0.76,0.76,0.7647059
c1ccc(-c2nc(CN3CCN(c4ccccc4)CC3)c[nH]2)cc1,test,test,train,1,1,0.79545456,0.79545456,0.74418604
COC(COc1cccc2ccccc12)CN1CCC(Cc2ccccc2)CC1,test,test,train,4,4,0.7647059,0.7647059,0.7647059
COc1cccc(C(=O)NCCCN2CCN(c3cccc(Cl)c3Cl)CC2)c1,train,train,train,3,3,0.9622642,0.9622642,0.9622642
COc1cccc2cc(C(=O)NCCCCN3CCN(c4cccc(Cl)c4Cl)CC3)oc12,test,train,train,2,2,0.68115944,0.68115944,0.68115944
COc1cccc(C(=O)NCCN2CCN(c3cccc(Cl)c3Cl)CC2)c1,test,test,train,3,3,0.8888889,0.8888889,0.8888889
O=C(NCCCCN1CCN(c2cccc(Cl)c2Cl)CC1)c1ccc(-c2ccccc2)cc1,train,train,train,3,3,0.877551,0.877551,0.8
COc1cccc(C(=O)NCCN2CCN(c3ccc(F)cc3)CC2)c1,train,train,train,2,2,0.8269231,0.8269231,0.86
N#CC(C#N)=Cc1cc(CN2CCN(c3ccc(Cl)cc3)CC2)c[nH]1,train,train,train,1,1,0.79591835,0.79591835,0.79591835
N#CC(C#N)=Cc1cc(CN2CCN(c3ccccc3)CC2)c[nH]1,train,train,train,1,1,0.79591835,0.79591835,0.79591835
N#CC(C#N)=Cc1ccc(CN2CCN(c3ccc(Cl)cc3)CC2)[nH]1,train,train,train,1,1,0.78723407,0.78723407,0.78723407
N#CC(C#N)=Cc1[nH]ccc1CN1CCN(c2ccccc2)CC1,train,train,test,1,1,0.7916667,0.7916667,0.7916667
c1ccc(CNC[C@H]2CCc3ccc4[nH]ccc4c3O2)cc1,test,test,test,4,4,0.59322035,0.59322035,0.59322035
FC(F)(F)c1nc2c3c(ccc2[nH]1)CCC(CNCc1ccccc1)O3,train,train,train,4,4,0.515625,0.515625,0.515625
O=C1Cc2c(ccc3c2O[C@@H](CNCc2ccccc2)CC3)N1,train,train,train,4,4,0.515625,0.515625,0.515625
N#CC(C#N)=Cc1[nH]ccc1CN1CCN(c2ccc(Cl)cc2)CC1,train,train,train,1,1,0.7916667,0.7916667,0.6181818
COc1ccc(N2CCN(CCC3OCCc4cc(C(N)=O)ccc43)CC2)cc1,train,train,train,2,2,0.69491524,0.69491524,0.69491524
COc1ccc(N2CCN(CCC3OCCc4ccccc43)CC2)cc1,train,train,train,1,1,0.74509805,0.74509805,0.74509805
N#CC(C#N)=Cc1ccc(CN2CCN(c3ccccc3)CC2)[nH]1,train,train,train,1,1,0.78723407,0.78723407,0.78723407
COc1c(C(=O)NCCN2CCN(c3cccc(Cl)c3Cl)CC2)cc(Br)c2ccccc12,train,train,train,3,3,0.7076923,0.7076923,0.7076923
CCCN(CCC)C1Cc2cc3nc(N)sc3cc2C1,test,test,train,4,4,0.33766234,0.33766234,0.33766234
CCOC(=O)c1[nH]c2ccccc2c1CCN(C)C,test,test,train,4,4,0.3015873,0.3015873,0.3015873
COc1ccccc1N1CCN(CCNC2=Nc3ccccc3OC2)CC1,test,test,train,2,2,0.5,0.5,0.5
CCC(C)(C)C(=O)NCCN1CCN(c2ccc(Cl)cc2)CC1,test,test,test,3,3,0.8636364,0.8636364,0.84444445
c1ccc(OC[C@@H]2CC[C@H]3CN(c4ccccc4)CCN3C2)cc1,train,train,train,4,4,0.73333335,0.73333335,0.73333335
CC(C)(C)c1ccc(OC[C@@H]2CC[C@H]3CN(c4ncccn4)CCN3C2)cc1,test,test,train,4,4,0.81632656,0.81632656,0.7647059
CC(=O)Nc1ccc(OC[C@@H]2CC[C@H]3CN(c4ncccn4)CCN3C2)cc1,train,train,train,4,4,0.7719298,0.7719298,0.7017544
c1ccc(OC[C@@H]2CC[C@H]3CN(c4ccccn4)CCN3C2)cc1,train,train,train,4,4,0.7234042,0.7234042,0.7234042
Fc1ccc(OC[C@@H]2CC[C@H]3CN(c4ncccn4)CCN3C2)cc1,train,train,train,4,4,0.8125,0.8125,0.7647059
COC(=O)c1ccc(OC[C@@H]2CC[C@H]3CN(c4ncccn4)CCN3C2)cc1,train,train,test,4,4,0.7719298,0.7719298,0.7719298
Fc1ccc(OC[C@@H]2CC[C@H]3CN(c4ccc(Cl)cn4)CCN3C2)cc1,test,test,train,1,1,0.6792453,0.6792453,0.6792453
Fc1ccc(OC[C@@H]2CC[C@H]3CN(c4ccc(F)cc4)CCN3C2)cc1,train,train,train,1,1,0.75,0.75,0.75
COc1ccc(OC[C@@H]2CC[C@H]3CN(c4ncccn4)CCN3C2)cc1,train,train,test,4,4,0.8125,0.8125,0.81632656
CC1CN(CCCCNC(=O)C(C)(C)C)CCN1c1ccc(Cl)cc1,train,train,test,3,3,0.7,0.7,0.7
CC(C)(C)C(=O)NCCCCN1CCN(c2ccccc2)CC1,test,test,train,3,3,0.7777778,0.7777778,0.7777778
CC1(C(=O)NCCCCN2CCN(c3ccc(Cl)cc3)CC2)CCCCC1,train,train,train,3,3,0.8695652,0.8695652,0.8695652
CCCCC(C)(C)C(=O)NCCN1CCN(c2ccc(Cl)cc2)CC1,train,train,test,3,3,0.87234044,0.87234044,0.87234044
CC(C)(C)C(=O)NCCCCN1CCN(c2ccc(F)cc2)CC1,train,train,train,3,3,0.7826087,0.7826087,0.7777778
CCCC(C)(C)C(=O)NCCCCN1CCN(c2ccc(Cl)cc2)CC1,train,train,train,3,3,0.87234044,0.87234044,0.87234044
CC1(C(=O)NCCN2CCN(c3ccc(Cl)cc3)CC2)CCCCC1,train,train,train,3,3,0.8695652,0.8695652,0.8695652
CC(C)(C)C(=O)NCCCCN1CCN(c2ccccc2Cl)CC1,train,train,train,3,3,0.7346939,0.7346939,0.7346939
CC(C)(C)C(=O)NCCN1CCN(c2ccc(Cl)cc2)CC1,train,train,train,3,3,0.85714287,0.85714287,0.85714287
COc1cc(Cl)ccc1N1CCN(CCCCNC(=O)C(C)(C)C)CC1,train,train,train,2,2,0.7358491,0.7358491,0.7358491
CC(C)C(=O)NCCCCN1CCN(c2ccc(Cl)cc2)CC1,train,train,train,3,3,0.76744187,0.7173913,0.7173913
CC(C)(C)C(=O)NCCCCN1CCN(c2ccc(Br)cc2)CC1,train,test,train,3,3,0.7777778,0.7777778,0.7777778
CCC(C)(C)C(=O)NCCCCN1CCN(c2ccc(Cl)cc2)CC1,train,train,test,3,3,0.85106385,0.85106385,0.85106385
CCCC(C)(C)C(=O)NCCN1CCN(c2ccc(Cl)cc2)CC1,train,train,train,3,3,0.87234044,0.87234044,0.87234044
O=C(NCCN1CCN(c2ccc(Cl)cc2)CC1)C12CC3CC(CC(C3)C1)C2,test,train,train,3,3,0.87234044,0.87234044,0.87234044
CC(C)(C)C(=O)NCCCN1CCN(c2ccc(Cl)cc2)CC1,train,train,train,3,3,0.9512195,0.9512195,0.9512195
CC(=O)NCCCCN1CCN(c2ccc(Cl)cc2)CC1,train,test,test,3,3,0.76744187,0.76744187,0.76744187
O=C(NCCCCN1CCN(c2ccc(Cl)cc2)CC1)C12CC3CC(CC(C3)C1)C2,train,train,train,3,3,0.6481481,0.87234044,0.87234044
CC(C)(C)C(=O)NCCCCN1CCN2c3ccc(Cl)cc3CCC2C1,train,train,train,3,3,0.59016395,0.59016395,0.5625
CC(C)(C)C(=O)NCCCCN1CCN(c2ccc(C(F)(F)F)cc2)CC1,train,train,test,3,3,0.7826087,0.7826087,0.7826087
O=C(NCCCCN1CCN(c2ccc(Cl)cc2)CC1)c1ccccc1,train,train,test,3,3,0.7291667,0.7291667,0.7291667
COc1ccc(N2CCN(CCCCNC(=O)C(C)(C)C)CC2)cc1,train,train,train,2,2,0.7446808,0.7446808,0.7446808
CC(C)(C)C(=O)NCCCCCN1CCN(c2ccc(Cl)cc2)CC1,train,train,train,3,3,0.9756098,0.9756098,0.9756098
CC(C)(C)C(=O)NCCCCN1CCN(c2cccc(Cl)c2)CC1,train,train,train,3,3,0.7826087,0.7826087,0.7826087
COc1ccccc1N1CCN(CCCCNC(=O)C(C)(C)C)CC1,train,train,train,2,2,0.7358491,0.7358491,0.7358491
CC(C)(C)C(=O)NCCCCN1CCN(c2ccc(Cl)cc2)CC1,train,train,train,3,3,0.9756098,0.9756098,0.9756098
COc1ccc(N2CCN(Cc3c[nH]c4ncccc34)CC2)cc1,train,train,test,1,1,0.7346939,0.7346939,0.82
c1c[nH]c2nc(CN3CCc4ccccc4C3)cc-2c1,train,train,test,4,4,0.5555556,0.5555556,0.5555556
c1ccc(CCC2CCN(Cc3cc4ccc[nH]c-4n3)CC2)cc1,train,train,train,4,4,0.5555556,0.5555556,0.48333332
COc1ccc(N2CCN(CCc3c[nH]c4ncccc34)CC2)cc1,test,test,train,1,1,0.82,0.82,0.6
C1=C(/C=C/c2ccccc2)CCN(CCc2c[nH]c3ncccc23)C1,train,train,train,4,4,0.6964286,0.6964286,0.6964286
Clc1ccc(N2CCN(CCc3cc4ccc[nH]c-4n3)CC2)cc1,train,train,train,1,1,0.4920635,0.4920635,0.4920635
c1ccc2c(c1)CCN(Cc1c[nH]c3ncccc13)C2,train,train,test,4,4,0.6086956,0.6086956,0.58
C1=C(/C=C/c2ccccc2)CCN(CCc2cc3ccc[nH]c-3n2)C1,train,train,train,4,4,0.5151515,0.5151515,0.5151515
C1=C(c2ccccc2)CCN(CCc2c[nH]c3ncccc23)C1,train,train,train,4,4,0.6964286,0.6964286,0.6964286
c1ccc(CCC2CCN(Cc3c[nH]c4ncccc34)CC2)cc1,test,test,train,1,1,0.5686275,0.5686275,0.51785713
O=C(CCCN1C2CCC1CC(O)(c1ccc(Cl)cc1)C2)c1ccc(F)cc1,train,train,train,3,3,0.8,0.8,0.8
CN1CCC(CCN2CCC(c3cn(-c4ccc(F)cc4)c4ccc(-c5ncn(C)n5)cc34)CC2)C1=O,test,test,train,4,4,0.7162162,0.7162162,0.7162162
COc1cc2nc(N3CCN(C(=O)c4ccco4)CC3)nc(N)c2cc1OC,train,train,train,2,2,0.31325302,0.31325302,0.31325302
Cn1cnc(-c2ccc3c(c2)c(C2CCN(CCC#N)CC2)cn3-c2ccc(F)cc2)n1,train,train,train,4,4,0.796875,0.796875,0.796875
C[C@H](CN1CCN(c2cc(F)c(F)cc2F)CC1)N1C(=O)CC2(CCCC2)CC1=O,test,test,train,1,1,0.278481,0.2875,0.2875
Cn1nnc(-c2ccc3c(c2)c(C2CCN(CCN4CCOC4=O)CC2)cn3-c2ccc(F)cc2)n1,train,train,train,4,4,0.8405797,0.8405797,0.8405797
Cn1cnc(-c2ccc3c(c2)c(C2CCN(CCN4CCNC4=O)CC2)cn3-c2ccc(F)cc2)n1,train,train,train,4,4,0.8405797,0.8405797,0.8405797
Cn1cnc(-c2ccc3c(c2)c(C2CCN(CCN4CCOC4=O)CC2)cn3-c2ccc(F)cc2)n1,train,train,train,4,4,0.8405797,0.8405797,0.8405797
CC1SC2(CCCC2)C(=O)N1CCCCN1CCN(c2csc3cc(F)ccc23)CC1,train,train,train,3,3,0.7903226,0.7903226,0.7903226
CC1SC(C)(C)C(=O)N1CCCCN1CCN(c2csc3cc(F)ccc23)CC1,train,train,train,3,3,0.7903226,0.7903226,0.7903226
O=C1OCCN1CCN1CCC(c2cn(-c3ccc(F)cc3)c3ccc(-c4ncccn4)cc23)CC1,test,test,train,4,4,0.8115942,0.8115942,0.8115942
Cn1nnc(-c2ccc3c(c2)c(C2CCN(CCN4CCNC4=O)CC2)cn3-c2ccc(F)cc2)n1,train,train,train,4,4,0.8405797,0.8405797,0.8405797
N#CCCN1CCC(c2cn(-c3ccc(F)cc3)c3ccc(-c4ncccn4)cc23)CC1,train,train,train,4,4,0.796875,0.796875,0.796875
Cn1ccc(-c2ccc3c(c2)c(C2CCN(CCN4CCNC4=O)CC2)cn3-c2ccc(F)cc2)n1,train,train,train,4,4,0.78571427,0.78571427,0.78571427
Cn1cnc(-c2ccc3c(c2)c(C2CCN(CCn4c(=O)[nH]c5ccccc5c4=O)CC2)cn3-c2ccc(F)cc2)n1,train,train,train,4,4,0.6923077,0.6923077,0.6923077
COc1cc2ccccc2cc1C(=O)CCC1CCN(Cc2ccccc2)CC1,train,train,train,0,0,0.7090909,0.7090909,0.7090909
O=C(OCC1CCN(Cc2ccccc2)CC1)c1ccc(Cl)cc1,train,train,train,3,3,0.58181816,0.58181816,0.58181816
COc1cc2ccccc2cc1COCC1CCN(Cc2ccccc2)CC1,train,train,train,0,0,0.6666667,0.6666667,0.625
COc1cc2ccccc2cc1C(=O)NCC1CCN(Cc2ccccc2)CC1,train,train,train,0,0,0.7090909,0.7090909,0.7090909
COc1cc2ccccc2cc1OCCC1CCN(Cc2ccccc2)CC1,train,train,test,0,0,0.6603774,0.6603774,0.6603774
COc1cc2ccccc2cc1C(=O)OCC1CCN(Cc2ccccc2)CC1,train,train,train,0,0,0.9,0.9,0.9
COc1cc2ccccc2cc1CC(=O)CC1CCN(Cc2ccccc2)CC1,train,train,test,0,0,0.7169811,0.7169811,0.7169811
COc1cc2ccccc2cc1OC(=O)CC1CCN(Cc2ccccc2)CC1,train,train,train,0,0,0.7169811,0.7169811,0.64285713
COc1cc2ccccc2cc1C(=O)NC1CCN(Cc2ccccc2)C1,train,train,train,0,0,0.704918,0.704918,0.704918
COc1cc2ccccc2cc1C(=O)OCC1CCN(Cc2ccccc2)C1,train,train,train,0,0,0.9,0.9,0.9
O=C(CN1CCN(Cc2ccc(Cl)cc2)CC1)N1CCc2c(Cl)cccc21,train,test,train,3,3,0.8043478,0.8043478,0.8043478
CC1Cc2ccccc2N1C(=O)CN1CCN(Cc2cccc(OC(F)(F)F)c2)CC1,train,train,train,3,3,0.7288136,0.8103448,0.8103448
CC(C)=C1c2ccccc2C=C(C2=CCN(C)CC2)c2cc(Cl)ccc21,train,train,train,4,4,0.56363636,0.56363636,0.56363636
CC1Cc2ccccc2N1C(=O)CC1CCN(Cc2cccc(F)c2)CC1,test,train,train,3,3,0.8035714,0.8,0.7894737
COc1cccc2c1CCN2C(=O)CN1CCN(Cc2ccc(Cl)cc2)CC1,test,test,train,3,3,0.74509805,0.74509805,0.74
O=C1COc2ccccc2N1CCN1CCN(Cc2ccc(Cl)cc2)CC1,train,train,train,3,3,0.6875,0.6875,0.5882353
Cc1ccc(N2CCN(Cc3ccc4c(c3)NC(=O)CO4)CC2)cc1C,test,test,train,1,1,0.8039216,0.8039216,0.86
COc1ccc(C2CCN(Cc3ccc4c(c3)OCC(=O)N4)CC2)cc1,train,train,test,0,0,0.8518519,0.8518519,0.7962963
CC1CCc2ccccc2N1C(=O)CN1CCN(Cc2ccc(Cl)cc2)CC1,train,train,train,3,3,0.7592593,0.66071427,0.7592593
C[C@@H]1CN(Cc2ccc(Cl)cc2)CC[N@@+]1(C)CC(=O)N1CCc2ccccc21,train,test,train,3,3,0.5862069,0.62903225,0.62903225
Cc1ccc(CN2CCC(CC(=O)N3c4ccccc4CC3C)CC2)cc1,train,train,test,3,3,0.8269231,0.84313726,0.84313726
Cc1ccc(C2CCN(Cc3ccc4c(c3)NC(=O)CO4)CC2)cc1C,test,test,train,0,0,0.8490566,0.8490566,0.8490566
O=C(CN1CCN(Cc2ccc(Cl)cc2)CC1)N1CCOc2ccccc21,train,train,train,3,3,0.66,0.66,0.66
CC1Cc2ccccc2N1C(=O)CC1CCN(Cc2ccc(F)cc2Cl)CC1,train,train,train,3,3,0.7894737,0.7894737,0.7894737
O=C1Cc2ccccc2N1CCN1CCN(Cc2ccc(Cl)cc2)CC1,train,train,test,3,3,0.6875,0.6875,0.6875
O=C1COc2ccc(CN3CCN(c4ccccc4)CC3)cc2N1,test,test,train,1,1,0.8666667,0.8666667,0.8666667
CC1Cc2ccccc2N1C(=O)CC1CCN(Cc2ccc(Cl)cc2)CC1,test,train,train,3,3,0.84313726,0.84313726,0.8148148
Cc1ccc(C2CCN(Cc3ccc4c(c3)OCC(=O)N4)CC2)cc1,train,train,train,0,0,0.84313726,0.84313726,0.84313726
CC(C)CC1Cc2ccccc2N1C(=O)CN1CCN(Cc2ccc(Cl)cc2)CC1,train,train,train,3,3,0.7735849,0.7735849,0.7735849
Cc1ccccc1CN1CCN(CC(=O)N2c3ccccc3CC2C)CC1,train,train,train,3,3,0.78,0.78,0.8039216
CC1Cc2ccccc2N1C(=O)CC1CCN(Cc2ccccc2F)CC1,train,train,train,3,3,0.7777778,0.7777778,0.7777778
Cc1ccc2c(c1)CCN2C(=O)CN1CCN(Cc2ccc(Cl)cc2)CC1,train,train,train,3,3,0.8333333,0.8333333,0.8333333
O=C(CN1CCN(Cc2ccc(Cl)cc2)CC1)N1CCCc2ccccc21,train,train,train,3,3,0.8636364,0.8636364,0.8636364
O=C(CN1CCc2ccccc21)N1CCN(Cc2ccc(Cl)cc2)CC1,train,train,train,3,3,0.67346936,0.67346936,0.67346936
CC1Cc2ccccc2N1C(=O)CC1CCN(Cc2ccccc2Cl)CC1,train,train,train,3,3,0.7894737,0.7894737,0.7894737
C[C@H]1CN(Cc2ccc(Cl)cc2)[C@H](C)CN1CC(=O)N1CCc2ccccc21,test,train,train,3,3,0.65384614,0.7924528,0.7924528
Cc1ccc(C)c(CN2CCN(CC(=O)N3c4ccccc4CC3C)CC2)c1,test,test,train,3,3,0.8039216,0.8039216,0.8039216
Cc1cccc2c1CCN2C(=O)CN1CCN(Cc2ccc(Cl)cc2)CC1,train,train,test,3,3,0.78723407,0.7708333,0.78723407
Cc1ccc2c(c1)N(C(=O)CN1CCN(Cc3ccc(Cl)cc3)CC1)CC2,train,train,train,3,3,0.8333333,0.8333333,0.8333333
O=C(CN1CCN(Cc2ccc(Cl)cc2)CC1)N1c2ccccc2[C@H]2CCCC[C@H]21,train,test,train,3,3,0.58928573,0.58928573,0.58928573
COc1ccc(CN2CCC(CC(=O)N3c4ccccc4CC3C)CC2)cc1,train,train,test,0,0,0.7962963,0.7962963,0.7962963
O=c1oc2ccccc2n1CCN1CCN(Cc2ccc(Cl)cc2)CC1,train,train,train,3,3,0.6122449,0.6122449,0.6122449
CC1Cc2ccccc2N1C(=O)CN1CCN(Cc2ccc(C(C)(C)C)cc2)CC1,train,train,train,3,3,0.754717,0.754717,0.754717
COc1ccccc1CN1CCN(CC(=O)N2c3ccccc3CC2C)CC1,test,train,train,3,3,0.8,0.8,0.8
Cc1cccc(CN2CCC(CC(=O)N3c4ccccc4CC3C)CC2)c1,train,test,test,3,3,0.8035714,0.8035714,0.8035714
CC1Cc2ccccc2N1C(=O)CN1CCN(c2ccc(Cl)cc2)CC1,train,train,train,3,3,0.7358491,0.7358491,0.7358491
CC(C)c1ccc(CN2CCN(CC(=O)N3c4ccccc4CC3C)CC2)cc1,train,train,train,3,3,0.7735849,0.7735849,0.754717
Cc1ccc(C2CCN(Cc3ccc4c(c3)OCC(=O)N4)CC2)cc1C,train,train,train,0,0,0.8113208,0.8113208,0.8490566
O=C(CN1CCN(Cc2ccc(Cl)cc2)CC1)N1CCc2c(F)cccc21,train,train,train,3,3,0.8043478,0.7708333,0.8043478
CC1(C)Cc2ccccc2N1C(=O)CN1CCN(Cc2ccc(Cl)cc2)CC1,train,train,train,3,3,0.7647059,0.7647059,0.7647059
Cc1ccc(CN2CCC(CC(=O)N3c4ccccc4CC3C)CC2)cc1F,train,train,train,3,3,0.83928573,0.83928573,0.83928573
COc1ccc(N2CCN(Cc3ccc4c(c3)OCC(=O)N4)CC2)cc1,train,train,train,1,1,0.8627451,0.8627451,0.8627451
CC1CN(C(=O)CN2CCN(Cc3ccc(Cl)cc3)CC2)c2ccccc21,train,train,train,3,3,0.6981132,0.6981132,0.6981132
CC1Cc2ccccc2N1C(=O)CN1CCN(CCc2ccc(Cl)cc2)CC1,train,train,train,3,3,0.7592593,0.7592593,0.7358491
CC1Cc2ccccc2N1C(=O)CN1CCN(Cc2cc(F)cc(F)c2)CC1,train,train,train,3,3,0.86,0.86,0.7307692
Cc1ccc(C2CCN(Cc3ccc4c(c3)NC(=O)CO4)CC2)cc1,train,train,train,0,0,0.84313726,0.84313726,0.84313726
CC1Cc2ccccc2N1C(=O)CN1CCC(Cc2ccc(Cl)cc2)CC1,train,train,test,3,3,0.7592593,0.7592593,0.7592593
CC1Cc2ccccc2N1C(=O)CC1CCN(Cc2cccc(Cl)c2)CC1,train,train,train,3,3,0.8035714,0.8148148,0.8148148
CN1CC=C(C2=Cc3ccccc3Oc3ccccc32)CC1,train,train,train,4,4,0.6136364,0.6136364,0.6136364
COc1ccc(N2CCN(Cc3ccc4c(c3)NC(=O)CO4)CC2)cc1,train,train,train,1,1,0.8627451,0.8627451,0.8627451
O=C(CN1CCN(Cc2ccc(Cl)cc2)CC1)N1CCc2ccc(Cl)cc21,train,train,train,3,3,0.82608694,0.82608694,0.82608694
CSc1ccc2c(c1)CCN2C(=O)CN1CCN(Cc2ccc(Cl)cc2)CC1,train,train,train,3,3,0.75,0.75,0.75
O=c1sc2ccccc2n1CCN1CCN(Cc2ccc(Cl)cc2)CC1,train,train,train,3,3,0.6122449,0.6122449,0.6122449
CC(c1ccc(Cl)cc1)N1CCN(CC(=O)N2c3ccccc3CC2C)CC1,train,train,train,3,3,0.72727275,0.72727275,0.72727275
O=C1COc2ccc(CN3CCN(c4ccc(Cl)cc4)CC3)cc2N1,train,train,train,1,1,0.8541667,0.8541667,0.8
CN(C)S(=O)(=O)c1ccc2c(c1)CCN2C(=O)CN1CCN(Cc2ccc(Cl)cc2)CC1,train,train,train,3,3,0.6964286,0.6964286,0.6964286
O=C1COc2cc(CN3CCN(c4ccccc4)CC3)ccc2N1,train,train,train,1,1,0.80851066,0.80851066,0.8666667
Cc1ccc(N2CCN(Cc3ccc4c(c3)OCC(=O)N4)CC2)cc1C,test,test,train,1,1,0.74,0.74,0.86
CC(C(=O)N1CCc2ccccc21)N1CCN(Cc2ccc(Cl)cc2)CC1,train,train,train,3,3,0.6666667,0.6666667,0.6666667
O=C(CN1CCN(Cc2ccc(Cl)cc2)CC1)N1CCc2cc([N+](=O)[O-])ccc21,test,train,train,3,3,0.7037037,0.7037037,0.7037037
O=C(CCN1CCN(Cc2ccc(Cl)cc2)CC1)N1CCc2ccccc21,train,train,train,3,3,0.7826087,0.7826087,0.7826087
COc1ccc(C2CCN(Cc3ccc4c(c3)NC(=O)CO4)CC2)cc1,train,train,test,0,0,0.8518519,0.8518519,0.7962963
Cc1ccc(N2CCN(Cc3ccc4c(c3)NC(=O)CO4)CC2)cc1,train,train,train,1,1,0.8,0.8,0.8039216
Cc1cccc2c1N(C(=O)CN1CCN(Cc3ccc(Cl)cc3)CC1)CC2,train,train,test,3,3,0.7058824,0.7058824,0.68
O=C(CN1CCN(Cc2ccc(Cl)cc2)CC1)N1c2ccccc2CC12CCCCC2,train,train,train,3,3,0.9782609,0.9782609,0.9782609
CC1CCc2cc(F)ccc2N1C(=O)CN1CCN(Cc2ccc(Cl)cc2)CC1,train,test,train,3,3,0.7592593,0.7592593,0.7592593
CC1Cc2ccccc2N1C(=O)CC1CCN(Cc2ccc(F)cc2)CC1,train,train,test,3,3,0.8269231,0.8269231,0.8269231
Cc1ccc(N2CCN(Cc3ccc4c(c3)OCC(=O)N4)CC2)cc1,test,test,test,1,1,0.8541667,0.8541667,0.8541667
CC(C)C1Cc2ccccc2N1C(=O)CN1CCN(Cc2ccc(Cl)cc2)CC1,train,train,test,3,3,0.74545455,0.74545455,0.74545455
CC1CC(C)(C)N(C(=O)CN2CCN(Cc3ccc(Cl)cc3)CC2)c2ccccc21,train,train,train,3,3,0.7777778,0.6981132,0.7777778
Cc1ccc(CN2CCC(CC(=O)N3c4ccccc4CC3C)CC2)cc1C,train,train,train,3,3,0.83928573,0.83928573,0.83928573
CC1Cc2ccccc2N1C(=O)CN1CCN(Cc2ccc(OC(F)(F)F)cc2)CC1,test,train,train,3,3,0.8103448,0.8103448,0.8103448
O=C1C(=O)N(CCN2CCN(Cc3ccc(Cl)cc3)CC2)c2ccccc21,test,test,train,3,3,0.625,0.625,0.5882353
Cc1ccc2c(c1)N(C(=O)CN1CCN(Cc3ccc(Cl)cc3)CC1)C(C)(C)CC2C,train,test,train,3,3,0.7777778,0.7777778,0.7777778
C[C@@H]1CN(Cc2ccc(Cl)cc2)CCN1CC(=O)N1CCc2ccccc21,test,train,train,3,3,0.71153843,0.7924528,0.7924528
O=C(CN1CCN(Cc2ccc(Cl)cc2)CC1)N1c2ccccc2CC12CCCC2,train,train,train,3,3,0.9782609,0.9782609,0.9782609
CC1N(C(=O)CN2CCN(Cc3ccc(Cl)cc3)CC2)c2ccccc2C1(C)C,test,test,train,3,3,0.61403507,0.61403507,0.61403507
O=C(CN1CCN(Cc2ccc(Cl)cc2)CC1)N1CCSc2ccccc21,train,train,train,3,3,0.66,0.66,0.87234044
O=S1(=O)Cc2ccccc2N1CCCN1CCN(Cc2ccc(Cl)cc2)CC1,train,test,train,3,3,0.8636364,0.8636364,0.5
O=C1COc2cc(CN3CCN(c4ccc(Cl)cc4)CC3)ccc2N1,train,train,test,1,1,0.8541667,0.8541667,0.8541667
CCC1(CC)Cc2ccccc2N1C(=O)CN1CCN(Cc2ccc(Cl)cc2)CC1,train,train,train,3,3,0.7647059,0.7647059,0.7647059
CC1Cc2ccccc2N1C(=O)CC1CCN(Cc2ccc([N+](=O)[O-])cc2)CC1,train,train,test,3,3,0.76785713,0.76785713,0.76785713
O=C(CN1CCN(Cc2ccc(Cl)cc2)CC1)N1CCc2ccc(F)cc21,test,test,train,3,3,0.82608694,0.82608694,0.82608694
O=C(CN1CCN(Cc2ccc(Cl)cc2)CC1)N1CCCC2CCCCC21,train,train,train,3,3,0.56363636,0.5185185,0.56363636
O=C(CN1CCN(Cc2ccc(Cl)cc2)CC1)N1CCCSc2ccccc21,test,test,train,3,3,0.87234044,0.87234044,0.87234044
O=S1(=O)Cc2ccccc2N1CCN1CCN(Cc2ccc(Cl)cc2)CC1,train,train,test,3,3,0.8636364,0.58,0.8636364
COc1cccc2c1CCC[C@H]2CN(C)CCc1ccc2ccoc2c1,train,train,train,4,4,0.37333333,0.37333333,0.37333333
O=C(CCCN1CCC2(CC1)C(=O)NCN2c1ccccc1)c1ccc(F)cc1,train,train,train,3,3,0.609375,0.609375,0.609375
O=C(NC/C=C/CN1CCN(c2cccc(Cl)c2Cl)CC1)c1ccc(-c2ccccn2)cc1,train,train,train,3,3,0.72727275,0.72727275,0.72727275
O=C(NC/C=C/CN1CCN(c2cccc(Cl)c2Cl)CC1)c1ccc(-c2cccnc2)cc1,train,train,train,3,3,0.72727275,0.72727275,0.72727275
O=C(NC/C=C/CN1CCN(c2cccc(Cl)c2Cl)CC1)c1cc2ccccc2s1,train,train,train,3,3,0.6769231,0.6769231,0.6666667
O=C(NC/C=C/CN1CCN(c2cccc(Cl)c2Cl)CC1)c1cc2ccccc2o1,train,train,test,3,3,0.6769231,0.6769231,0.6769231
O=C(NC/C=C/CN1CCN(c2cccc(Cl)c2Cl)CC1)c1ccc2c(c1)Cc1ccccc1-2,train,train,train,3,3,0.73846155,0.73846155,0.73846155
COc1ccccc1N1CCN(CCCCNC(=O)c2cc3cc(I)ccc3s2)CC1,train,train,train,2,2,0.796875,0.796875,0.85
O=C(NCCCCN1CCN(c2cccc(Cl)c2Cl)CC1)c1cc2cc(I)ccc2s1,train,train,train,3,3,0.7164179,0.7164179,0.7164179
COc1ccccc1N1CCN(CCCCNC(=O)c2ccc(I)s2)CC1,train,train,test,2,2,0.7457627,0.7457627,0.7457627
O=C(NCCCCN1CCN(c2cccc(Cl)c2Cl)CC1)c1ccc(I)s1,train,train,test,3,3,0.7096774,0.7096774,0.7096774
Cc1cccc(NC(=O)CN2CCN(c3ccccc3C#N)CC2)c1,train,train,train,3,3,0.7358491,0.7358491,0.7358491
COc1ccccc1N1CCN(CC(=O)Nc2cccc(C)c2)CC1,train,train,train,2,2,0.7358491,0.7358491,0.7358491
COc1cccc(N2CCN(CC(=O)Nc3cccc(C)c3)CC2)c1,train,train,train,2,2,0.8367347,0.8367347,0.8367347
COc1ccc(N2CCN(CC(=O)Nc3cccc(C)c3)CC2)cc1,train,train,train,2,2,0.8367347,0.8367347,0.8367347
Cc1cccc(NC(=O)CN2CCN(c3ccc(C(c4ccccc4)c4ccccc4)cc3)CC2)c1,train,train,train,3,3,0.7037037,0.7037037,0.7037037
O=C(NC1CCN(Cc2ccccc2)C1)c1ccc(-c2ccc(C(F)(F)F)cc2)cc1,train,train,train,3,3,0.82978725,0.8,0.82978725
Nc1cccc(-c2ccc(C(=O)NC3CCN(Cc4ccccc4)C3)cc2)c1,train,train,train,3,3,0.8333333,0.7962963,0.8333333
CSc1ccc(-c2ccc(C(=O)NC3CCN(Cc4ccccc4)C3)cc2)cc1,test,train,test,3,3,0.8125,0.78431374,0.8125
O=C(NC1CCN(Cc2ccccc2)C1)c1ccc(-c2ccccc2)cc1,train,test,train,3,3,0.8863636,0.8863636,0.8863636
O=C(NC1CCN(Cc2ccccc2)C1)c1cccc(-c2ccccc2)c1,train,train,train,3,3,0.8043478,0.78431374,0.8043478
O=C(NC1CCN(Cc2ccccc2)C1)c1ccc(-c2ccc(F)cc2)cc1,train,train,train,3,3,0.8666667,0.8235294,0.8666667
O=C(NC1CCN(Cc2ccccc2)C1)c1ccc(-c2cccc(F)c2)cc1,train,train,train,3,3,0.8235294,0.8235294,0.8235294
O=C(NC1CCN(Cc2ccccc2)C1)c1ccc(-c2ccc(Cl)cc2)cc1,train,train,train,3,3,0.8863636,0.8125,0.8863636
O=Cc1ccccc1-c1ccc(C(=O)NC2CCN(Cc3ccccc3)C2)cc1,train,train,train,3,3,0.7592593,0.7592593,0.7592593
O=Cc1ccc(-c2ccc(C(=O)NC3CCN(Cc4ccccc4)C3)cc2)cc1,train,train,train,3,3,0.82978725,0.78,0.82978725
O=C(N[C@H]1CCN(Cc2ccccc2)C1)c1cccc(-c2cccs2)c1,test,test,train,3,3,0.85714287,0.85714287,0.85714287
COc1ccc2c(c1)OCCN(C)CCc1ccccc1C2,train,train,train,4,4,0.70731705,0.70731705,0.70731705
CN1CCOc2cc(O)ccc2Cc2ccccc2CC1,train,train,test,4,4,0.6923077,0.6923077,0.6888889
CN(C)CCOc1ccccc1Cc1ccccc1,train,train,test,4,4,0.52380955,0.52380955,0.5365854
c1ccc(Cc2ccccc2OCCN2CCCC2)cc1,test,test,train,4,4,0.8611111,0.8611111,0.8611111
c1ccc(Cc2ccccc2OCCN2CCCCC2)cc1,test,test,test,4,4,0.8378378,0.8378378,0.9705882
c1ccc(Cc2ccccc2OCCN2CCOCC2)cc1,train,train,train,4,4,0.6666667,0.6666667,0.7692308
c1ccc(Cc2ccccc2OCCCN2CCCC2)cc1,train,train,train,4,4,0.6666667,0.6666667,0.8611111
O=C(NC/C=C/CN1CCN(c2cccc(Cl)c2Cl)CC1)c1cccc2c1-c1ccccc1C2,train,train,train,3,3,0.73846155,0.73846155,0.73846155
COc1ccccc1N1CCN(CCCCNC(=O)c2ccc(F)cc2)CC1,train,train,train,2,2,0.92156863,0.92156863,0.92156863
O=C(NCCCCN1CCN(c2cccc(Cl)c2Cl)CC1)c1ccc(F)cc1,test,train,train,3,3,0.7924528,0.7924528,0.7924528
COc1ccccc1N1CCN(CCCCNC(=O)c2ccc(F)nc2)CC1,train,train,train,2,2,0.78571427,0.78571427,0.86440676
O=C(NCCCCN1CCN(c2cccc(Cl)c2Cl)CC1)c1ccc(F)nc1,test,test,train,3,3,0.7,0.76785713,0.76785713
COc1ccccc1N1CCN(CCCCNC(=O)c2cccc(F)n2)CC1,train,train,train,2,2,0.74603176,0.70689654,0.70689654
O=C(NCCCCN1CCN(c2cccc(Cl)c2Cl)CC1)c1cccc(F)n1,train,test,train,3,3,0.7,0.7017544,0.7017544
COc1ccccc1N1CCN(CCCCNS(=O)(=O)c2ccc(F)cc2)CC1,train,train,train,2,2,0.6666667,0.68421054,0.6666667
O=S(=O)(NCCCCN1CCN(c2cccc(Cl)c2Cl)CC1)c1ccc(F)cc1,test,train,test,3,3,0.68421054,0.68421054,0.68421054
CCCNC1CCn2ncc(C(=O)OC)c2C1,train,train,train,4,4,0.36206895,0.36206895,0.36206895
CCCN(CCC)C1CCn2ncc(CO)c2C1,train,train,train,4,4,0.6304348,0.6304348,0.6304348
CCCN(CCC)C1CCn2ncc(C=O)c2C1,train,train,train,4,4,0.6304348,0.6304348,0.6304348
O=C(N[C@H]1CCN(Cc2ccc(C(F)(F)F)cc2)C1)c1ccc(-c2cccs2)cc1,test,test,test,3,3,0.877193,0.86206895,0.86206895
O=C(N[C@H]1CCN(Cc2ccc(C(F)(F)F)cc2)C1)c1cccc(-c2cccs2)c1,train,test,test,3,3,0.8305085,0.8305085,0.8305085
O=C(N[C@H]1CCN(Cc2ccc(OC(F)(F)F)cc2)C1)c1ccc(-c2cccs2)cc1,train,train,test,3,3,0.87096775,0.87096775,0.7704918
O=C(N[C@H]1CCN(Cc2ccc(OC(F)(F)F)cc2)C1)c1cccc(-c2cccs2)c1,train,train,test,3,3,0.87096775,0.87096775,0.7777778
O=C(N[C@H]1CCN(Cc2cccc(C(F)(F)F)c2)C1)c1ccc(-c2cccs2)cc1,train,train,train,3,3,0.7903226,0.74603176,0.74603176
Cc1ccc(CN2CC[C@H](NC(=O)c3cccc(-c4cccs4)c3)C2)cc1,train,train,train,3,3,0.8448276,0.8448276,0.8448276
O=C(N[C@H]1CCN(Cc2ccc(Cl)cc2)C1)c1cccc(-c2cccs2)c1,train,train,train,3,3,0.8448276,0.8448276,0.85714287
COc1cccc(CN2CC[C@H](NC(=O)c3ccc(-c4cccs4)cc3)C2)c1,train,train,train,0,0,0.72307694,0.72307694,0.72307694
O=C(N[C@H]1CCN(Cc2ccc3c(c2)OCO3)C1)c1ccc(-c2cccs2)cc1,train,train,train,3,3,0.734375,0.734375,0.734375
O=C(N[C@H]1CCN(Cc2ccc(F)cc2)C1)c1ccc(-c2cccs2)cc1,train,train,train,3,3,0.8103448,0.8103448,0.8103448
O=C(N[C@H]1CCN(Cc2ccccc2F)C1)c1ccc(-c2cccs2)cc1,test,test,train,3,3,0.7457627,0.7457627,0.7457627
O=C(N[C@H]1CCN(Cc2ccc(F)c(F)c2)C1)c1ccc(-c2cccs2)cc1,train,train,train,3,3,0.8103448,0.8103448,0.8103448
O=C(N[C@H]1CCN(Cc2ccc(Cl)c(Cl)c2)C1)c1ccc(-c2cccs2)cc1,train,train,train,3,3,0.779661,0.779661,0.779661
Cn1c(=O)cnn(CCCCN2CCN(c3cccc4ccc(O[11CH3])cc34)CC2)c1=O,train,train,train,2,2,0.57575756,0.6779661,0.57575756
CCN1CCc2ccccc2Cc2[nH]c3ccccc3c2CC1,train,train,train,4,4,0.75609756,0.75609756,0.75609756
COc1cc2c(cc1OC)Cc1ccccc1CCN(C)CC2,train,train,train,4,4,0.88235295,0.88235295,0.88235295
CN1CCc2ccccc2Cc2ccccc2CC1,train,train,train,4,4,0.6896552,0.6896552,0.6666667
CN1CCc2ccccc2Cc2ccn(C)c2CC1,train,train,test,4,4,0.6896552,0.6896552,0.6896552
CN1CCc2ccccc2Cc2ccc(O)c(Cl)c2CC1,train,train,train,4,4,0.61538464,0.61538464,0.5882353
COc1ccccc1N1CCN(CCCCNC(=O)c2cc3c4ccc(c3o2)CCc2ccc(cc2)CC4)CC1,train,train,train,2,2,0.7164179,0.7164179,0.7164179
O=C(NCCCCN1CCN(c2cccc(F)c2F)CC1)c1cc2ccc1CCc1ccc(cc1)CC2,train,train,train,3,3,0.76363635,0.76363635,0.76363635
COc1c(Cl)cccc1N1CCN(CCCCNC(=O)c2cc3ccc2CCc2ccc(cc2)CC3)CC1,test,train,test,3,3,0.7903226,0.75,0.7903226
O=C(NCCCCN1CCN(c2cccc(Cl)c2Cl)CC1)c1cc2ccc1CCc1ccc(cc1)CC2,train,test,train,3,3,0.75,0.7903226,0.75
COc1ccccc1N1CCN(CCCCNC(=O)c2cc3ccc2CCc2ccc(cc2)CC3)CC1,train,train,train,2,2,0.7368421,0.75,0.7368421
COc1nc(NCCCN2CCOCC2)nc(OC)c1NC(=O)c1ccc(Oc2cc3c(cc2C)CCC3(C)C)o1,train,train,train,4,4,0.3069307,0.3069307,0.3069307
c1ccc(N2CCN(Cc3cnn(-c4ccccn4)c3)CC2)cc1,train,train,train,1,1,0.7380952,0.7380952,0.7380952
C1=C(c2ccccc2)CCN(Cc2cn(-c3ccccc3)nn2)C1,test,test,test,1,1,0.63829786,0.63829786,0.63829786
c1ccc(N2CCN(Cc3ccc(-n4cccn4)cc3)CC2)cc1,train,train,train,1,1,0.6388889,0.6388889,0.6388889
C1=C(c2ccccc2)CCN(Cc2cnn(-c3ccccc3)c2)C1,train,train,train,1,1,0.61702126,0.61702126,0.61702126
COc1ccccc1N1CCN(Cc2cn(-c3ccccc3)nn2)CC1,train,train,train,2,2,0.74509805,0.74509805,0.74509805
c1ccc(N2CCN(Cc3cn(-c4ccccc4)nn3)CC2)cc1,train,train,train,1,1,0.6818182,0.6818182,0.6818182
Cc1c(CN2CCN(c3ccccc3)CC2)cnn1-c1ccccc1,train,train,test,1,1,0.6136364,0.6136364,0.6136364
c1ccc(-n2cc(CN3CCN(c4ncccn4)CC3)cn2)cc1,train,train,train,1,1,0.775,0.775,0.775
Cc1nn(-c2ccccc2)cc1CN1CCN(c2ccccc2)CC1,train,train,train,1,1,0.55813956,0.55813956,0.55813956
COc1ccccc1N1CCN(Cc2cnn(-c3ccccc3)c2)CC1,test,test,train,2,2,0.7307692,0.7307692,0.6938776
Fc1ccccc1N1CCN(Cc2cnn(-c3ccccc3)c2)CC1,train,train,train,1,1,0.7380952,0.7380952,0.7380952
Fc1ccc(N2CCN(Cc3cnn(-c4ccccc4)c3)CC2)cc1,train,train,train,1,1,0.84615386,0.84615386,0.84615386
Clc1ccc(N2CCN(Cc3cnn(-c4ccccc4)c3)CC2)cc1,train,train,train,1,1,1.0,1.0,0.84615386
c1ccc(N2CCN(Cc3cnn(-c4ccccc4)c3)CC2)cc1,train,train,train,1,1,0.84615386,0.84615386,0.84615386
COc1ccccc1N1CCN(Cc2cnn(-c3ccccn3)c2)CC1,train,train,test,2,2,0.6730769,0.6730769,0.7307692
COc1ccccc1N1CCN(Cc2cn3cc(C)cc(-c4ccccc4)c3n2)CC1,train,test,train,2,2,0.74545455,0.74545455,0.74545455
COc1ccccc1N1CCN(Cc2cn3c(-n4cccn4)cccc3n2)CC1,test,train,train,2,2,0.6785714,0.6785714,0.6785714
COc1ccccc1N1CCN(Cc2cn3cc(C)cc(-n4cccn4)c3n2)CC1,train,train,train,2,2,0.7368421,0.7368421,0.71929824
COc1ccccc1N1CCN(Cc2cn3cc(C)cc(N4CCOCC4)c3n2)CC1,train,train,test,2,2,0.7592593,0.7592593,0.7592593
COc1ccccc1N1CCN(Cc2cn3cc(C)cc(C#N)c3n2)CC1,train,train,test,2,2,0.73214287,0.73214287,0.73214287
Clc1ccc(N2CCN(Cc3cn4cc(Br)ccc4n3)CC2)cc1Cl,train,train,test,1,1,0.7,0.7,0.7
COc1ccccc1N1CCN(Cc2cn3cc(C)cc(I)c3n2)CC1,train,train,test,2,2,0.7735849,0.7735849,0.7735849
COc1ccccc1N1CCN(Cc2cn3cc(C)cc(Br)c3n2)CC1,train,train,train,2,2,0.7735849,0.7735849,0.74545455
COc1ccccc1N1CCN(Cc2cn3cc(I)ccc3n2)CC1,train,train,test,2,2,0.7755102,0.7755102,0.7755102
COc1ccccc1N1CCN(Cc2cn3cc(Br)ccc3n2)CC1,train,train,train,2,2,0.7647059,0.7647059,0.74
CN1CCN(c2ccc3nc(CN4CCN(c5ccc(Cl)c(Cl)c5)CC4)cn3n2)CC1,train,train,train,1,1,0.8269231,0.8269231,0.8269231
Clc1ccc(N2CCN(Cc3cn4nc(N5CCCCC5)ccc4n3)CC2)cc1Cl,train,train,train,1,1,0.8269231,0.8269231,0.8269231
Fc1ccc(N2CCN(Cc3cn4cccnc4n3)CC2)cc1,train,train,train,1,1,0.67346936,0.67346936,0.67346936
Fc1ccc(N2CCN(Cc3cn4ccncc4n3)CC2)cc1,train,train,train,1,1,0.7083333,0.7083333,0.7083333
Clc1ccc(N2CCN(Cc3cn4nc(Cl)ccc4n3)CC2)cc1,train,train,train,1,1,0.82222223,0.82222223,0.82222223
COc1ccccc1N1CCN(Cc2cn3nc(Cl)ccc3n2)CC1,train,train,test,2,2,0.6792453,0.6792453,0.6792453
Clc1ccc2nc(CN3CCN(c4ccc(Cl)c(Cl)c4)CC3)cn2n1,train,train,train,1,1,0.8,0.8,0.8
Fc1ccc(N2CCN(Cc3cn4nc(Cl)ccc4n3)CC2)cc1,train,train,train,1,1,0.82222223,0.82222223,0.82222223
Clc1ccc(N2CCN(Cc3cn4ccccc4n3)CC2)cc1,test,test,train,1,1,0.7826087,0.7826087,0.7826087
COc1ccccc1N1CCN(Cc2cn3ccccc3n2)CC1,train,train,train,2,2,0.7755102,0.7755102,0.74
Clc1ccc(N2CCN(Cc3cn4ccccc4n3)CC2)cc1Cl,train,train,train,1,1,0.7083333,0.7083333,0.7826087
Fc1ccc(N2CCN(Cc3cn4ccccc4n3)CC2)cc1,train,train,train,1,1,0.7083333,0.7083333,0.7777778
CO/N=C(\CCN1CCN(c2ccccn2)CC1)c1ccccc1,test,test,train,1,1,0.8541667,0.8541667,0.8541667
CCO/N=C(\CCN1CCN(c2ccccn2)CC1)c1ccccc1,train,train,train,1,1,0.754717,0.754717,0.79591835
N#CCO/N=C(\CCN1CCN(c2ccccn2)CC1)c1ccccc1,train,train,train,1,1,0.754717,0.754717,0.754717
CCO/N=C(\CCN1CCN(c2nccs2)CC1)c1ccccc1,train,train,train,1,1,0.6909091,0.6909091,0.6909091
CO/N=C(\CCN1CCN(c2ccccn2)CC1)c1ccccc1C,train,train,train,1,1,0.7358491,0.7358491,0.78
CO/N=C(\CCN1CCN(c2ccccn2)CC1)c1cccc(Cl)c1,train,train,train,1,1,0.8148148,0.8148148,0.8148148
CO/N=C(/CCN1CCN(c2ccccn2)CC1)c1cccc(C#N)c1,test,test,train,1,1,0.7457627,0.7457627,0.7457627
CO/N=C(\CCN1CCN(c2ccccn2)CC1)c1ccc(Cl)cc1,train,train,train,1,1,0.84313726,0.84313726,0.8541667
CO/N=C(\CCN1CCN(c2ccccn2)CC1)c1ccc(F)c(Cl)c1,train,train,train,1,1,0.8867925,0.8867925,0.8867925
CO/N=C(\CCN1CCN(c2ccccn2)CC1)c1ccc(Cl)c(Cl)c1,train,train,train,1,1,0.8867925,0.8867925,0.8867925
CO/N=C(/CCN1CCN(c2ccccn2)CC1)c1ccc(Cl)c(C)c1,train,train,train,1,1,0.8867925,0.8867925,0.8867925
CO/N=C(\CCN1CCN(c2ccccn2)CC1)c1ccc(C)c(C)c1,train,test,train,2,2,0.8363636,0.8363636,0.8363636
CO/N=C(/CCN1CCN(c2ccccn2)CC1)c1cccnc1,train,train,train,1,1,0.7407407,0.7407407,0.82
CO/N=C(\CCN1CCN(c2ccccn2)CC1C)c1ccc(Cl)cc1,test,test,train,1,1,0.71929824,0.71929824,0.71929824
CO/N=C(\CN1CCN(c2ccccn2)CC1)c1ccc(F)cc1,test,test,test,1,1,0.6545454,0.6545454,0.6603774
CO/N=C(/c1ccc(Cl)cc1)C(C)CN1CCN(c2ccccn2)CC1,train,train,train,1,1,0.73333335,0.73333335,0.6666667
CO/N=C(/c1ccc(Cl)cc1)C(CNOC)CN1CCN(c2ccccn2)CC1,train,train,test,1,1,0.73333335,0.73333335,0.73333335
O/N=C(\CCN1CCN(c2ccccn2)CC1)c1ccccc1,train,train,train,1,1,0.71428573,0.71428573,0.7446808
CN1CCN(C2=Nc3cc(Cl)ccc3N(NC(=O)c3ccccc3Cl)c3ccccc32)CC1,train,train,train,3,3,0.8196721,0.8196721,0.8196721
CN1CCN(C2=Nc3cc(Cl)ccc3N(NC(=O)c3cccc4ccccc34)c3ccccc32)CC1,train,train,train,3,3,0.8196721,0.8196721,0.8196721
Cc1cccc(N)c1C(=O)NN1c2ccc(Cl)cc2N=C(N2CCN(C)CC2)c2ccccc21,test,train,test,3,3,0.8852459,0.859375,0.8852459
Cc1cccc(C)c1C(=O)NN1c2ccc(Cl)cc2N=C(N2CCN(C)CC2)c2ccccc21,train,test,train,3,3,0.7704918,0.8852459,0.8064516
CN1CCN(C2=Nc3cc(Cl)ccc3N(NC(=O)c3c(N)cccc3Cl)c3ccccc32)CC1,test,train,train,3,3,0.78125,0.859375,0.78125
CN1CCN(C2=Nc3cc(Cl)ccc3N(NC(=O)c3c(F)cccc3C(F)(F)F)c3ccccc32)CC1,train,test,train,3,3,0.74626863,0.7246377,0.74626863
COc1cccc(OC)c1C(=O)NN1c2ccc(Cl)cc2N=C(N2CCN(C)CC2)c2ccccc21,test,train,train,2,2,0.8064516,0.75757575,0.8064516
CN1CCc2ccccc2Cc2[nH]c3ccccc3c2CC1,train,train,train,4,4,0.8684211,0.8684211,0.8684211
CN1CCCc2ccccc2Cc2[nH]c3ccccc3c2CC1,train,train,train,4,4,0.8974359,0.8974359,0.8974359
CN1CCCc2c([nH]c3ccccc23)Cc2ccccc2CC1,train,train,train,4,4,0.8974359,0.8974359,0.8974359
Oc1cc2c(cc1O)C1c3ccccc3CNC1CO2,train,train,test,4,4,0.3220339,0.3220339,0.3220339
CN1CCc2cccc3c2[C@H]1Cc1ccc(O)c(O)c1-3,train,train,train,4,4,0.35185185,0.35185185,0.35185185
Oc1ccc(N2CCN(Cc3nc4ccccc4[nH]3)CC2)nc1,train,train,train,1,1,0.7234042,0.7234042,0.7234042
Cc1cc(F)ccc1NC(=O)CN1CCC(c2cccc[n+]2[O-])CC1,train,train,train,3,3,0.6779661,0.6779661,0.6779661
Cc1cccc(NC(=O)CN2CCC(c3cccc[n+]3[O-])CC2)c1,train,train,train,3,3,0.6779661,0.6779661,0.6779661
Cc1cccc(C(=O)NCN2CCC(c3cccc[n+]3[O-])CC2)c1,train,train,train,3,3,0.66101694,0.66101694,0.66101694
COc1ccccc1C1CCN(CNC(=O)c2cccc(C)c2)CC1,train,train,train,3,3,0.6785714,0.6785714,0.64912283
Cc1cccc(C(=O)NCN2CCC(c3ccccn3)CC2)c1,train,train,train,3,3,0.64912283,0.64912283,0.64912283
COc1ccccc1N1CCN(CCCCNC(=O)c2ccc(-c3cccc([18F])n3)cc2)CC1,train,test,test,2,2,0.75,0.75,0.75
COc1ccccc1N1CCN(CCCCNC(=O)c2ccc(-c3ccc([18F])nc3)cc2)CC1,test,test,train,2,2,0.86440676,0.86440676,0.86440676
COc1ccccc1N1CCN(CCCCNC(=O)c2cc3cc(C#N)ccc3[nH]2)CC1,test,train,test,2,2,0.890625,0.890625,0.890625
O=C(NCCCCN1CCN(c2cccc(Cl)c2Cl)CC1)c1cc2ccccc2[nH]1,train,train,train,3,3,0.81666666,0.81666666,0.81666666
COc1ccccc1N1CCN(CCCCNC(=O)c2cc3cc(C#N)ccc3o2)CC1,train,train,train,2,2,0.78125,0.78125,0.7761194
O=C(NCCCCN1CCN(c2cccc(Cl)c2Cl)CC1)c1cc2cc(Br)ccc2o1,train,train,train,3,3,0.6764706,0.68115944,0.7164179
COc1ccccc1N1CCN(CCCCNC(=O)c2cc3cc(Br)ccc3o2)CC1,test,test,train,2,2,0.8196721,0.8196721,0.7761194
C#Cc1ccc2cc(C(=O)NCCCCN3CCN(c4ccccc4OC)CC3)sc2c1,train,train,train,2,2,0.875,0.875,0.875
COc1ccccc1N1CCN(CCCCNC(=O)c2cc3cc(C#N)ccc3s2)CC1,test,test,train,2,2,0.86153847,0.86153847,0.86153847
C#Cc1ccc2sc(C(=O)NCCCCN3CCN(c4ccccc4OC)CC3)cc2c1,train,train,train,2,2,0.875,0.875,0.875
O=C(NCCCCN1CCN(c2ccccc2Cl)CC1)c1ccc(-c2ccccc2)cc1,train,train,test,3,3,0.877551,0.877551,0.877551
COc1ccc(C(=O)NCCCCN2CCN(c3ccccc3Cl)CC2)cc1OC,train,train,train,2,2,0.72727275,0.72727275,0.72727275
O=C(NCCCCN1CCN(c2ccccc2Cl)CC1)c1ccc(Cl)cc1,train,train,train,3,3,0.82978725,0.82978725,0.7755102
O=C(NCCCCN1CCN(c2ccccc2Cl)CC1)c1ccc2ccccc2c1,train,train,train,3,3,0.88,0.88,0.7755102
O=C(NCCCCN1CCN(c2cccc(Cl)c2Cl)CC1)c1cc2cc(Br)ccc2[nH]1,train,train,test,3,3,0.8032787,0.8032787,0.8032787
COc1ccccc1N1CCN(CCCCNC(=O)c2cc3ccc(C#N)cc3[nH]2)CC1,train,train,train,2,2,0.78125,0.890625,0.7352941
COc1ccccc1N1CCN(CCCCNC(=O)c2cc3cc(Br)ccc3[nH]2)CC1,train,test,train,2,2,0.8333333,0.8333333,0.78125
Clc1ccc(N2CCN(Cc3cnn4c(I)cccc34)CC2)cc1,train,train,train,1,1,0.76086956,0.76086956,0.7446808
N#Cc1ccc2cc(C(=O)NCCCCN3CCN(c4cccc(Cl)c4Cl)CC3)[nH]c2c1,test,train,train,3,3,0.765625,0.765625,0.765625
CCCc1c(C(=O)NCCCCCN2CCN(c3ccccc3OC)CC2)nnn1Cc1ccccc1Br,test,test,train,2,2,0.7887324,0.8028169,0.9848485
CCCc1c(C(=O)NCCCCN2CCN(c3ccccc3OC)CC2)nnn1Cc1ccccc1Br,test,test,train,2,2,0.8,0.8,0.9848485
COc1ccccc1N1CCN(CCCCCNC(=O)c2nnn(Cc3ccccc3Br)c2C)CC1,test,train,train,2,2,0.983871,0.983871,0.8028169
COc1ccccc1N1CCN(CCCCNC(=O)c2nnn(Cc3ccccc3Br)c2C)CC1,train,train,test,2,2,0.7878788,0.983871,0.983871
CCCc1c(C(=O)NCCCCN2CCN(c3ccccc3OC)CC2)nnn1Cc1ccc(OC)cc1,train,train,train,2,2,0.8939394,0.79710144,0.8939394
COc1ccc(Cn2nnc(C(=O)NCCCCCN3CCN(c4ccccc4OC)CC3)c2C)cc1,train,train,train,2,2,0.9836066,0.9836066,0.9836066
COc1ccc(Cn2nnc(C(=O)NCCCCCN3CCN(c4cccc(Cl)c4Cl)CC3)c2C)cc1,test,train,train,2,2,0.8181818,0.8181818,0.8333333
COc1ccc(Cn2nnc(C(=O)NCCCCN3CCN(c4ccccc4OC)CC3)c2C)cc1,train,train,train,2,2,0.9836066,0.9836066,0.9836066
CCCc1c(C(=O)NCCCCN2CCN(c3ccccc3OC)CC2)nnn1Cc1ccccc1,train,test,train,2,2,0.8939394,0.8939394,0.8939394
CCCc1c(C(=O)NCCCCN2CCN(c3cccc(Cl)c3Cl)CC2)nnn1Cc1ccccc1,train,test,train,3,3,0.7878788,0.7878788,0.7878788
COc1ccccc1N1CCN(CCCCCNC(=O)c2nnn(Cc3ccccc3)c2C)CC1,test,train,train,2,2,0.98275864,0.98275864,0.98275864
Cc1c(C(=O)NCCCCCN2CCN(c3cccc(Cl)c3Cl)CC2)nnn1Cc1ccccc1,test,test,train,3,3,0.98275864,0.98275864,0.98275864
COc1ccccc1N1CCN(CCCCNC(=O)c2nnn(Cc3ccccc3)c2C)CC1,train,train,train,2,2,0.88709676,0.98275864,0.98275864
Cc1c(C(=O)NCCCCN2CCN(c3cccc(Cl)c3Cl)CC2)nnn1Cc1ccccc1,train,train,train,3,3,0.7878788,0.8181818,0.98275864
c1ccc(C2CCN(Cc3cn(-c4ccccc4)nn3)CC2)cc1,test,test,test,1,1,0.6585366,0.6585366,0.6585366
c1ccc(C2CCN(Cc3cnn(-c4ccccc4)c3)CC2)cc1,train,train,train,1,1,0.6666667,0.6666667,0.6666667
O=C(NC1CCN(Cc2ccccc2)CC1)c1cccc2ccccc12,train,test,train,3,3,0.84444445,0.84444445,0.84444445
O=C(NC1CCN(CCCCc2ccccc2)CC1)c1cccc2ccccc12,test,train,train,3,3,0.95555556,0.95555556,0.95555556
O=C(NC1CCN(CCCc2ccccc2)CC1)c1cccc2ccccc12,train,train,train,3,3,0.8695652,0.95555556,0.95555556
O=C(NC1CCN(CCc2ccccc2)CC1)c1cccc2ccccc12,train,test,train,3,3,0.8695652,0.8695652,0.8695652
O=C(c1ccc2ccccc2c1)N1CCC(NCCCc2ccccc2)CC1,test,train,train,3,3,0.8695652,0.8695652,0.8695652
O=C(c1ccc2ccccc2c1)N1CCC(NCCc2ccccc2)CC1,train,train,train,3,3,0.7826087,0.8695652,0.8695652
O=C(c1ccc2ccccc2c1)N1CCC(NCc2ccccc2)CC1,train,test,train,3,3,0.7826087,0.7826087,0.7826087
O=C(NC1CCN(CCCCc2ccccc2)CC1)c1ccc2ccccc2c1,train,train,train,3,3,0.95555556,0.95555556,0.95555556
O=C(NC1CCN(CCCc2ccccc2)CC1)c1ccc2ccccc2c1,train,train,train,3,3,0.95555556,0.95555556,0.95555556
CC(c1ccccc1)N1CCC(NC(=O)c2ccc3ccccc3c2)CC1,train,train,train,3,3,0.5849057,0.60784316,0.5849057
O=C(NC1CCN(CCc2ccccc2)CC1)c1ccc2ccccc2c1,train,train,train,3,3,0.8695652,0.8695652,0.8695652
O=C(NC1CCN(Cc2ccccc2)CC1)c1ccc2ccccc2c1,test,train,test,3,3,0.84444445,0.84444445,0.84444445
O=C(NC[C@H]1C[C@H]1CN1CCN(c2cccc(Cl)c2Cl)CC1)c1ccc(-c2ccccn2)cc1,test,train,train,3,3,0.68115944,0.68115944,0.68115944
COc1ccccc1N1CCN(CC(O)CCNC(=O)c2ccc3c(c2)Cc2ccccc2-3)CC1,train,train,train,2,2,0.75384617,0.83076924,0.83076924
COc1ccccc1N1CCN(CC(O)CCNC(=O)c2ccc(-c3ccccn3)cc2)CC1,train,train,test,2,2,0.7352941,0.7352941,0.7352941
COc1ccccc1N1CCN(CCCCNC(=O)c2ccc3c(c2)Cc2ccccc2-3)CC1,train,train,train,2,2,0.75384617,0.7692308,0.7692308
O=C(NCCC(O)CN1CCN(c2cccc(Cl)c2Cl)CC1)c1ccc(-c2ccccn2)cc1,train,train,train,3,3,0.83076924,0.83076924,0.83076924
CN1CCCc2cc(O)ccc2Cc2ccccc2CC1,train,train,test,4,4,1.0,1.0,1.0
COc1cc2c(cc1OC)Cc1ccccc1CCCN(C)CC2,train,train,train,4,4,0.88235295,0.88235295,0.88235295
CN1CCCc2ccccc2Cc2cc(O)ccc2CC1,test,test,train,4,4,0.9411765,0.9411765,0.9411765
COc1ccc2c(c1)Cc1ccccc1CCCN(C)CC2,train,train,train,4,4,0.9444444,0.9444444,0.9444444
Oc1ccc2c(c1)CCCNCCc1ccccc1C2,train,train,train,4,4,0.6315789,0.6315789,0.6315789
COc1ccc2c(c1)CCCN(C)CCCc1ccccc1C2,train,train,train,4,4,0.94285715,0.94285715,0.94285715
CN1CCCc2ccccc2Cc2ccc(O)cc2CCC1,train,train,train,4,4,0.93939394,0.93939394,0.93939394
COc1ccc2c(c1)CCN(C)CCCc1ccccc1C2,train,train,train,4,4,1.0,1.0,0.9444444
CN1CCCc2ccccc2Cc2ccc(O)cc2CC1,train,train,train,4,4,1.0,1.0,0.9411765
COc1ccc2c(c1)CCCN(C)CCc1ccccc1C2,train,train,test,4,4,1.0,1.0,1.0
O=C1c2ccccc2C(=O)N1CCCCN1CC=C(c2c[nH]c3ccc(F)cc23)CC1,train,train,test,4,4,0.47058824,0.47058824,0.47058824
CN(C)CCCN1c2ccccc2Sc2ccc(Cl)cc21,train,train,test,3,3,0.63829786,0.63829786,0.63829786
C[C@H]1Oc2c(cccc2N2CCN(CCCc3c[nH]c4ccc(F)cc34)CC2)NC1=O,train,train,train,2,2,0.3647059,0.3647059,0.3647059
Fc1ccc(-c2cncc(CN3CCN(c4cccc5c4OCCO5)CC3)c2)cc1,train,train,train,1,1,0.47457626,0.47457626,0.47457626
O=C(NC1CCN(Cc2cccnc2)CC1)c1ccc2ccccc2c1,train,train,train,3,3,0.6981132,0.7755102,0.6981132
O=C(NC1CCN(Cc2ccccn2)CC1)c1ccc2ccccc2c1,train,test,train,3,3,0.6727273,0.7,0.6727273
Cc1ccc(CN2CCC(NC(=O)c3ccc4ccccc4c3)CC2)cc1,train,test,train,3,3,0.81632656,0.82608694,0.81632656
Cc1cccc(CN2CCC(NC(=O)c3ccc4ccccc4c3)CC2)c1,train,train,train,3,3,0.8,0.7916667,0.8
Cc1ccccc1CN1CCC(NC(=O)c2ccc3ccccc3c2)CC1,train,train,train,3,3,0.7254902,0.71428573,0.7254902
COc1ccc(CN2CCC(NC(=O)c3ccc4ccccc4c3)CC2)cc1,train,train,train,0,0,0.8235294,0.8235294,0.8235294
COc1cccc(CN2CCC(NC(=O)c3ccc4ccccc4c3)CC2)c1,train,train,train,0,0,0.8235294,0.8235294,0.8235294
O=C(NC1CCN(Cc2ccc([N+](=O)[O-])cc2)CC1)c1ccc2ccccc2c1,train,train,train,3,3,0.75,0.76,0.75
O=C(NC1CCN(Cc2ccc(C(F)(F)F)cc2)CC1)c1ccc2ccccc2c1,train,train,train,3,3,0.8113208,0.8113208,0.7647059
O=C(NC1CCN(Cc2cccc(C(F)(F)F)c2)CC1)c1ccc2ccccc2c1,train,train,test,3,3,0.8113208,0.8113208,0.8113208
O=C(NC1CCN(Cc2ccc(Br)cc2)CC1)c1ccc2ccccc2c1,train,train,train,3,3,0.8125,0.82608694,0.8125
O=C(NC1CCN(Cc2cccc(Br)c2)CC1)c1ccc2ccccc2c1,train,train,test,3,3,0.8,0.8,0.8
O=C(NC1CCN(Cc2ccc(Cl)cc2)CC1)c1ccc2ccccc2c1,train,train,train,3,3,0.81632656,0.84444445,0.81632656
O=C(NC1CCN(Cc2cccc(Cl)c2)CC1)c1ccc2ccccc2c1,train,train,train,3,3,0.81632656,0.82978725,0.81632656
Cc1ccc(CN2CCC(NC(=O)c3cccc4ccccc34)CC2)cc1,train,train,train,3,3,0.82608694,0.8125,0.82608694
Cc1cccc(CN2CCC(NC(=O)c3cccc4ccccc34)CC2)c1,train,train,train,3,3,0.8,0.8,0.8
Cc1ccccc1CN1CCC(NC(=O)c2cccc3ccccc23)CC1,test,train,train,3,3,0.7755102,0.74,0.74
COc1ccc(CN2CCC(NC(=O)c3cccc4ccccc34)CC2)cc1,train,train,train,0,0,0.8269231,0.8269231,0.8269231
COc1cccc(CN2CCC(NC(=O)c3cccc4ccccc34)CC2)c1,train,train,train,0,0,0.8269231,0.8269231,0.8269231
O=C(NC1CCN(Cc2ccc(C(F)(F)F)cc2)CC1)c1cccc2ccccc12,test,train,train,3,3,0.7755102,0.7647059,0.8113208
O=C(NC1CCN(Cc2cccc(C(F)(F)F)c2)CC1)c1cccc2ccccc12,test,test,train,3,3,0.75,0.8113208,0.8113208
O=C(NC1CCN(Cc2ccc(Br)cc2)CC1)c1cccc2ccccc12,test,test,train,3,3,0.82608694,0.8125,0.82608694
O=C(NC1CCN(Cc2cccc(Br)c2)CC1)c1cccc2ccccc12,test,test,train,3,3,0.7916667,0.7692308,0.8
O=C(NC1CCN(Cc2ccc(Cl)cc2)CC1)c1cccc2ccccc12,train,train,train,3,3,0.84444445,0.8125,0.84444445
O=C(NC1CCN(Cc2cccc(Cl)c2)CC1)c1cccc2ccccc12,test,test,test,3,3,0.82978725,0.81632656,0.82978725
O=C(NC1CCN(Cc2ccccc2Cl)CC1)c1cccc2ccccc12,train,test,test,3,3,0.75,0.7755102,0.7755102
C#Cc1ccc(C(=O)NCCN2CCN(c3cccc(Cl)c3Cl)CC2)cc1,train,train,test,3,3,0.88235295,0.88235295,0.88235295
C#Cc1cccc(C(=O)NCCCCCN2CCN(c3cccc(Cl)c3Cl)CC2)c1,train,train,train,3,3,0.8703704,0.8703704,0.9807692
C#Cc1ccc(C(=O)NCCCCCN2CCN(c3cccc(Cl)c3Cl)CC2)cc1,train,test,train,3,3,0.98,0.98,0.98
COc1ccccc1N1CCN(CCCCCNC(=O)c2cccc(C#Cc3ccccc3)c2)CC1,train,train,test,2,2,0.9814815,0.9814815,0.9814815
O=C(NCCCCN1CCN(c2cccc(Cl)c2Cl)CC1)c1cccc(C#Cc2ccccc2)c1,train,train,train,3,3,0.8909091,0.8909091,0.8909091
C#Cc1cccc(C(=O)NCCCCN2CCN(c3cccc(Cl)c3Cl)CC2)c1,test,test,train,3,3,0.9807692,0.9807692,0.9807692
O=C(NCCCCN1CCN(c2cccc(Cl)c2Cl)CC1)c1ccc(C#Cc2ccccc2)cc1,test,test,train,3,3,0.8867925,0.8867925,0.8867925
C#Cc1ccc(C(=O)NCCCCN2CCN(c3cccc(Cl)c3Cl)CC2)cc1,train,train,train,3,3,0.98,0.88235295,0.98
COc1ccccc1N1CCN(CCCCNC(=O)c2cccc(C#Cc3ccccc3)c2)CC1,train,train,train,2,2,0.9814815,0.9814815,0.8596491
C#Cc1cccc(C(=O)NCCCCN2CCN(c3ccccc3OC)CC2)c1,train,train,train,2,2,0.8596491,0.8596491,0.8596491
COc1ccccc1N1CCN(CCCCNC(=O)c2ccc(C#Cc3ccccc3)cc2)CC1,train,train,train,2,2,0.85714287,0.85714287,0.85714287
C#Cc1ccc(C(=O)NCCCCN2CCN(c3ccccc3OC)CC2)cc1,train,test,train,2,2,0.8363636,0.8363636,0.8363636
O=C(NCCN1CCN(c2cccc(Cl)c2Cl)CC1)c1cccc(C#Cc2ccccc2)c1,train,train,train,3,3,0.8909091,0.8909091,0.8909091
C#Cc1cccc(C(=O)NCCN2CCN(c3cccc(Cl)c3Cl)CC2)c1,train,train,test,3,3,0.8703704,0.8703704,0.8867925
O=C(NCCN1CCN(c2cccc(Cl)c2Cl)CC1)c1ccc(C#Cc2ccccc2)cc1,train,train,train,3,3,0.8518519,0.8518519,0.8867925
OC1(c2ccccc2Cl)CCN(Cc2c[nH]c3ccccc23)CC1,train,train,train,1,1,0.85106385,0.85106385,0.85106385
COc1ccc2[nH]cc(CN3CCC(O)(c4ccc(SC)cc4)CC3)c2c1,test,test,train,1,1,0.68421054,0.68421054,0.8
CSc1ccc(C2(O)CCN(Cc3c[nH]c4ccccc34)CC2)cc1,test,test,test,1,1,0.74,0.74,0.7916667
CCCCCCn1cc(CN2CCC(O)(c3ccc(Cl)cc3)CC2)c2ccccc21,train,train,train,1,1,0.7090909,0.7090909,0.7090909
Cn1cc(CN2CCC(O)(c3ccc(Cl)cc3)CC2)c2ccccc21,train,train,train,1,1,0.7090909,0.7090909,0.7090909
CSc1ccc(C2(O)CCN(Cc3coc4ccccc34)CC2)cc1,train,train,test,1,1,0.4827586,0.4827586,0.7291667
OC1(c2ccc(Cl)cc2)CCN(Cc2coc3ccccc23)CC1,test,test,train,1,1,0.7291667,0.7291667,0.7659575
OC1(c2ccc(Cl)c(Cl)c2)CCN(Cc2coc3ccccc23)CC1,test,test,train,1,1,0.6603774,0.6603774,0.7659575
OC1(c2ccc(Cl)cc2)CCN(Cc2n[nH]c3ccccc23)CC1,test,test,train,1,1,0.79591835,0.79591835,0.79591835
OC1(c2ccc(Cl)c(Cl)c2)CCN(Cc2n[nH]c3ccccc23)CC1,train,train,train,1,1,0.6666667,0.6666667,0.79591835
Cc1[nH]c2ccccc2c1CN1CCC(O)(c2ccc(Cl)cc2)CC1,train,train,train,1,1,0.57894737,0.57894737,0.6111111
C=CCOC1(c2ccc(Cl)cc2)CCN(Cc2c[nH]c3ccccc23)CC1,test,test,train,1,1,0.7407407,0.7407407,0.7407407
COC1(c2ccc(Cl)cc2)CCN(Cc2c[nH]c3ccccc23)CC1,train,train,train,1,1,0.7755102,0.7755102,0.7755102
OCC1(c2ccc(Cl)cc2)CCN(Cc2c[nH]c3ccccc23)CC1,train,train,train,1,1,0.72727275,0.72727275,0.72727275
CC(=O)NCC1(c2ccc(Cl)cc2)CCN(Cc2c[nH]c3ccccc23)CC1,train,train,train,1,1,0.75438595,0.75438595,0.72727275
CCOC(=O)C1(c2ccc(Cl)cc2)CCN(Cc2c[nH]c3ccccc23)CC1,train,train,train,1,1,0.8214286,0.8214286,0.8214286
COC(=O)C1(c2ccc(Cl)cc2)CCN(Cc2c[nH]c3ccccc23)CC1,train,train,train,1,1,0.8214286,0.8214286,0.8214286
N#CC1(c2ccc(Cl)cc2)CCN(Cc2c[nH]c3ccccc23)CC1,train,train,test,1,1,0.7058824,0.7058824,0.7058824
FC1(c2ccc(Cl)cc2)CCN(Cc2c[nH]c3ccccc23)CC1,train,train,test,1,1,0.75,0.75,0.75
CC(=O)NC1(c2ccc(Cl)cc2)CCN(Cc2c[nH]c3ccccc23)CC1,train,train,test,1,1,0.75438595,0.75438595,0.75438595
NC1(c2ccc(Cl)cc2)CCN(Cc2c[nH]c3ccccc23)CC1,test,test,train,1,1,0.75,0.75,0.75
CC1(c2ccc(Cl)cc2)CCN(Cc2c[nH]c3ccccc23)CC1,train,train,train,1,1,0.7755102,0.7755102,0.7755102
OC1(c2ccc(Cl)cc2)CCCN(Cc2c[nH]c3ccccc23)C1,train,train,train,1,1,0.87234044,0.87234044,0.85714287
OC1(Cc2ccc(Cl)cc2)CCN(Cc2c[nH]c3ccccc23)CC1,train,train,train,1,1,0.6730769,0.6730769,0.6666667
OC1(c2ccc(Cl)cc2)CCCN(Cc2c[nH]c3ccccc23)CC1,train,train,train,1,1,0.85714287,0.85714287,0.85714287
OC1(c2ccc(-c3ccccc3)cc2)CCN(Cc2c[nH]c3ccccc23)CC1,train,train,test,1,1,0.74,0.74,0.8043478
CCCCCCOc1ccc(C2(O)CCN(Cc3c[nH]c4ccccc34)CC2)cc1,train,train,train,1,1,0.74545455,0.74545455,0.74545455
COc1ccc(C2(O)CCN(Cc3c[nH]c4ccccc34)CC2)cc1,train,train,train,1,1,0.74545455,0.74545455,0.75510204
Oc1ccc(C2(O)CCN(Cc3c[nH]c4ccccc34)CC2)cc1,test,test,train,1,1,0.8043478,0.8043478,0.82222223
OC1(c2ccc(F)cc2)CCN(Cc2c[nH]c3ccccc23)CC1,test,test,train,1,1,0.8043478,0.8043478,0.82222223
OC1(c2cccc(C(F)(F)F)c2)CCN(Cc2c[nH]c3ccccc23)CC1,train,train,train,1,1,0.7222222,0.7222222,0.7222222
OC1(c2ccc(Cl)c(Cl)c2)CCN(Cc2c[nH]c3ccccc23)CC1,train,train,test,1,1,0.7647059,0.7647059,0.7647059
OC1(c2cccc(Cl)c2)CCN(Cc2c[nH]c3ccccc23)CC1,train,train,train,1,1,0.7647059,0.7647059,0.7222222
OC1(c2cccc(Cl)c2Cl)CCN(Cc2c[nH]c3ccccc23)CC1,train,train,train,1,1,0.85106385,0.85106385,0.85106385
C=CCN1CCC[C@H]1CNC(=O)c1cc(CCCF)cc(OC)c1OC,train,train,train,3,3,0.796875,0.796875,0.796875
C=CCN1CCC[C@H]1CNC(=O)c1cc(Br)ccc1OC,train,train,train,3,3,0.7894737,0.7894737,0.7758621
C=CCN1CCC[C@H]1CNC(=O)c1cc(Br)cc(OC)c1OC,train,train,train,3,3,0.79310346,0.79310346,0.79310346
C=CCN1CCC[C@H]1CNC(=O)c1cc(I)ccc1OC,train,train,test,3,3,0.7894737,0.7894737,0.7894737
C=CCN1CCC[C@H]1CNC(=O)c1cc(I)cc(OC)c1OC,train,train,train,3,3,0.79310346,0.79310346,0.79310346
CCN1CCC[C@H]1CNC(=O)c1c(O)c(Br)cc(OC)c1OC,train,train,train,4,4,0.76363635,0.76363635,0.76363635
CCN1CCC[C@H]1CNC(=O)c1c(O)c(Cl)cc(Cl)c1OC,train,train,test,3,3,0.8490566,0.8490566,0.8490566
CCN1CCC[C@H]1CNC(=O)c1c(OC)ccc(I)c1O,train,train,train,3,3,0.6785714,0.6785714,0.6785714
C=CCN1CCC[C@H]1CNC(=O)c1cc(CCCF)ccc1OC,train,train,train,3,3,0.796875,0.796875,0.796875
COc1ccc(NS(=O)(=O)c2sc3ccc(Cl)cc3c2C)cc1N1CCNCC1,train,test,test,2,2,0.3382353,0.3382353,0.3382353
COc1cc(CN2CCN(c3ccccc3OC)CC2)ccc1OCCF,test,train,test,2,2,0.74509805,0.75510204,0.74509805
COc1cc(CN2CCN(c3ccc(Cl)cc3)CC2)c(OCCF)cc1OC,train,train,train,1,1,0.74509805,0.74509805,0.74509805
FCCOc1cccc(CN2CCN(c3ccc(Cl)cc3)CC2)c1,train,train,train,1,1,0.75555557,0.75555557,0.75555557
FCCOc1ccc(CN2CCN(c3ccc(Cl)cc3)CC2)cc1,train,train,train,1,1,0.75555557,0.75555557,0.75555557
COc1cc(CN2CCN(c3ccc(Cl)cc3)CC2)ccc1OCCF,train,train,train,1,1,0.74509805,0.74509805,0.74509805
COc1cc(CN2CCN(c3ccccc3OC)CC2)c(OCCF)cc1OC,train,train,test,2,2,0.6730769,0.74,0.6730769
COc1ccccc1N1CCN(Cc2cccc(OCCF)c2)CC1,train,test,train,2,2,0.6603774,0.7755102,0.64705884
COc1ccccc1N1CCN(Cc2ccc(OCCF)cc2)CC1,test,train,test,2,2,0.7755102,0.75510204,0.7755102
Clc1ccc(N2CCN(Cc3ccccc3)CC2)cc1,train,train,train,1,1,0.79310346,0.79310346,0.79310346
Nc1nc(-c2ccc(F)cc2)c([C@@H]2CCN(CCCC(=O)c3ccc(F)cc3)C2)s1,test,train,train,3,3,0.45714286,0.45714286,0.45714286
O[C@]1(c2ccc(Cl)cc2)C[C@@H]2CC[C@H](C1)N2Cc1coc2ccccc12,test,test,train,1,1,0.6481481,0.6481481,0.6481481
O[C@]1(c2ccc(Cl)cc2)C[C@@H]2CC[C@H](C1)N2Cc1csc2ccccc12,test,test,train,1,1,0.6363636,0.6363636,0.6481481
O[C@]1(c2ccc(Cl)c(Cl)c2)C[C@@H]2CC[C@H](C1)N2Cc1c[nH]c2ccccc12,train,train,test,1,1,0.78846157,0.78846157,0.78846157
CNC(=O)C(CCN1CCC(O)(c2ccc(Cl)cc2)CC1)(c1ccccc1)c1ccccc1,train,train,test,3,3,0.4516129,0.4516129,0.4516129
COc1c(OCCF)cccc1C(=O)C1CCN(CCc2ccc(F)cc2)CC1,test,test,train,4,4,0.58208954,0.58208954,0.58208954
COc1c(OCCF)cccc1C(O)C1CCN(CCc2ccc(C)cc2)CC1,train,train,train,4,4,0.4225352,0.4225352,0.58208954
COc1c(OCCF)cccc1C(=O)C1CCN(CCc2ccc(C)cc2)CC1,test,test,test,4,4,0.671875,0.671875,0.877193
COc1ccccc1N1CCN(CCC(O)CNC(=O)c2cc3ccccc3[nH]2)CC1,test,train,train,2,2,0.75384617,0.75384617,0.75384617
O=C(NCC(O)CCN1CCN(c2cccc(Cl)c2Cl)CC1)c1cc2ccccc2[nH]1,train,test,test,3,3,0.74603176,0.828125,0.828125
COc1ccccc1N1CCN(CC(O)CCNC(=O)c2cc3cc(I)ccc3o2)CC1,train,train,train,2,2,0.83076924,0.83076924,0.83076924
COc1ccccc1N1CCN(CC(O)CCNC(=O)c2cc3ccccc3o2)CC1,train,train,train,2,2,0.83076924,0.83076924,0.83076924
COc1ccc2[nH]c(C(=O)NCCC(O)CN3CCN(c4ccccc4OC)CC3)cc2c1,train,train,train,2,2,0.85714287,0.859375,0.859375
COc1ccccc1N1CCN(CC(O)CCNC(=O)c2cc3cc(I)ccc3[nH]2)CC1,train,test,train,2,2,0.84375,0.84615386,0.84615386
COc1ccccc1N1CCN(CC(O)CCNC(=O)c2cc3cc(F)ccc3[nH]2)CC1,test,train,train,2,2,0.87096775,0.87096775,0.87096775
COc1ccccc1N1CCN(CC(O)CCNC(=O)c2cc3ccccc3[nH]2)CC1,train,train,train,2,2,0.85714287,0.87096775,0.87096775
O=C(NC/C=C/CN1CCN(c2cccc(Cl)c2Cl)CC1)c1cc2ccccc2[nH]1,train,train,train,3,3,0.71428573,0.71428573,0.71428573
COc1ccccc1N1CCN(CCCCNC(=O)c2cc3ccccc3[nH]2)CC1,train,train,test,2,2,0.9298246,0.9298246,0.9298246
CCCN(CCCCNC(=O)c1ccc(-c2ccccc2)cc1)C1CC=C(C#C[Si](C)(C)C)CC1,train,train,train,4,4,0.65625,0.65625,0.8153846
CCCN(CCCCNC(=O)c1ccc(-c2ccccc2)cc1)C1CC=C(C#Cc2ccccc2)CC1,test,test,train,4,4,0.8153846,0.8153846,0.8153846
CCCN(CCCCn1cc(-c2ccc(-c3ccccc3)cc2)nn1)C1CC=C(C#C[Si](C)(C)C)CC1,train,train,test,4,4,0.8333333,0.8333333,0.8333333
CCCN(CCCCn1cc(-c2ccc(-c3ccccc3)cc2)nn1)C1CC=C(C#Cc2ccccc2)CC1,train,train,train,4,4,0.8333333,0.8333333,0.8153846
C#CC1=CCC(N(CCC)CCCCn2cc(-c3ccc(-c4ccccc4)cc3)nn2)CC1,train,train,train,4,4,0.8153846,0.8153846,0.8153846
CC#CC1=CCC(N(CCC)CCCCn2cc(C)nn2)CC1,train,train,train,4,4,0.6086956,0.6086956,0.6086956
CCCNCCCCNC(=O)c1ccc(-c2ccccc2)cc1,train,train,train,4,4,0.5686275,0.5686275,0.6904762
CCCN(CCC)CCCCNC(=O)c1ccc(-c2ccccc2)cc1,test,test,train,4,4,0.6904762,0.6904762,0.6904762
CCCN(CCCCNC(=O)c1ccc(-c2ccccc2)cc1)C1CCCCC1,train,train,train,4,4,0.6721311,0.6721311,0.67741936
O=C(CCCN1C2CCC1CN(c1ccc(Cl)cc1)CC2)c1ccc(F)cc1,train,train,train,3,3,0.6296296,0.6296296,0.62068963
O=C(CCCN1CCCN(c2ccc(Cl)cc2)CC1)c1ccc(F)cc1,test,train,train,3,3,0.90909094,0.90909094,0.59322035
O=C(CCCN1CCN(c2ncccn2)CC1)c1ccc(F)cc1,train,train,train,3,3,0.63265306,0.63265306,0.5849057
O=C(CCCN1CC2CC1CN2c1ccc(Cl)cc1)c1ccc(F)cc1,train,test,test,3,3,0.7222222,0.7222222,0.56666666
O=C(CCCN1CC2CCC(C1)N2c1ccccc1)c1ccc(F)cc1,train,train,train,4,4,0.56363636,0.56363636,0.5849057
O=C(CCCN1C2CCC1CC(c1ccccc1)C2)c1ccc(F)cc1,test,test,train,4,4,0.65384614,0.65384614,0.65384614
O=C(CCCN1C2CCC1CC(O)(c1ccccc1)C2)c1ccc(F)cc1,train,train,train,4,4,0.8,0.8,0.8
O=C(CCCN1CCN(c2ccc(Cl)cc2)CC1)c1ccc(F)cc1,train,train,test,3,3,0.66,0.90909094,0.90909094
O=C(CN1C2CCC1CC(O)(c1ccc(Cl)cc1)C2)c1ccc(F)cc1,test,test,train,3,3,0.76,0.76,0.76
OC1(c2ccc(Cl)cc2)CC2CCC(C1)N2Cc1ccc(F)cc1,train,train,train,3,3,0.627451,0.627451,0.68085104
OC1(c2ccc(Cl)cc2)CC2CCC(C1)N2Cc1c[nH]c2ncccc12,train,train,train,1,1,0.7222222,0.7222222,0.7222222
O[C@@]1(c2ccc(Cl)cc2)C[C@@H]2CC[C@H](C1)N2Cc1c[nH]c2ccccc12,train,train,train,1,1,0.8039216,0.8039216,0.7222222
OC1(c2ccc(Cl)cc2)CC2CCC(C1)N2CCc1c[nH]c2ccccc12,train,train,test,1,1,0.8039216,0.8039216,0.8039216
OC1(c2ccc(Cl)cc2)CCN(Cc2c[nH]c3ccccc23)C1,train,train,test,1,1,0.87234044,0.87234044,0.87234044
Clc1ccc(N2CCCN(Cc3c[nH]c4ncccc34)CC2)cc1,train,train,test,1,1,0.9111111,0.9111111,0.9111111
Clc1ccc(N2CCC3CCC(C2)N3Cc2c[nH]c3ncccc23)cc1,test,test,train,1,1,0.6363636,0.6363636,0.6363636
O=C(CCCN1CC2CC1N(c1ccc(Cl)cc1)C2)c1ccc(F)cc1,train,train,test,3,3,0.7222222,0.5535714,0.5322581
Clc1ccc(N2CC3CC2CN3Cc2c[nH]c3ncccc23)cc1,train,train,test,1,1,0.5714286,0.5714286,0.57377046
OC1(c2ccc(Cl)cc2)CCN(Cc2c[nH]c3ncccc23)C1,train,train,train,1,1,0.71153843,0.71153843,0.64912283
c1cnc(N2CCN(Cc3c[nH]c4ncccc34)CC2)nc1,train,train,test,1,1,0.7111111,0.7111111,0.7111111
CSc1ccccc1N1CCN(CCCNC(=O)c2cnn3ccccc23)CC1,train,train,train,2,2,0.74603176,0.74603176,0.74603176
COc1ccccc1N1CCN(Cc2cc3ccccn3n2)CC1,train,train,test,2,2,0.63461536,0.63461536,0.63461536
Clc1ccc(N2CCN(CCCCCc3cc4ccccn4n3)CC2)cc1,train,train,train,1,1,0.72,0.72,0.72
Cc1ccc2c3c(ccc2n1)OC[C@H](CN1CCN(c2ccc4cc(C#N)ccc4n2)CC1)O3,test,test,train,1,1,0.28915662,0.28915662,0.28915662
COc1ccccc1N1CCN(Cc2c(C)nc3cc(C)nc(C)n23)CC1,train,train,train,2,2,0.7090909,0.7090909,0.6909091
COc1ccc(N2CCN(Cc3c(C)nc4cc(C)nc(C)n34)CC2)cc1,train,train,train,1,1,0.7708333,0.7708333,0.7708333
COc1ccccc1N1CCN(Cc2c(C)nc3cc(C)ncn23)CC1,train,train,train,2,2,0.6909091,0.6909091,0.6909091
COc1ccc(N2CCN(Cc3c(C)nc4cc(C)ncn34)CC2)cc1,train,train,train,1,1,0.6851852,0.6851852,0.6851852
COc1ccccc1N1CCN(Cc2cc3c(=O)[nH]c(N(C)C)nc3[nH]2)CC1,train,train,test,2,2,0.5362319,0.5362319,0.5362319
Clc1nccc2c(CN3CCN(c4ccccc4)CC3)c[nH]c12,train,train,train,1,1,0.5833333,0.5833333,0.5833333
Cc1cc2nc(C)c(CN3CCN(c4ccccc4)CC3)n2c(C)n1,train,train,train,1,1,0.7826087,0.7826087,0.7826087
Cc1cc2nc(C)c(CN3CCN(c4ccc(Cl)cc4)CC3)n2c(C)n1,train,train,train,1,1,0.82608694,0.82608694,0.82608694
Cc1cc2nc(C)c(CN3CCN(c4ccc(Cl)c(Cl)c4)CC3)n2c(C)n1,train,train,train,1,1,0.82608694,0.82608694,0.82608694
Cc1cc2nc(C)c(CN3CCN(c4ccccn4)CC3)n2c(C)n1,train,train,train,1,1,0.71428573,0.71428573,0.71428573
Cc1cc2nc(C)c(CN3CCN(c4ccc(F)cc4)CC3)n2c(C)n1,test,test,test,1,1,0.78723407,0.78723407,0.78723407
COc1ccccc1N1CCN(Cc2cnc3cc(C)nc(C)n23)CC1,train,train,test,2,2,0.7090909,0.7090909,0.7090909
Cn1c(N2CCCC2)nc2c(CN3CCN(c4ccccc4)CC3)c[nH]c2c1=O,train,train,test,1,1,0.8518519,0.8518519,0.8333333
Cn1c(N2CCCC2)nc2c(CN3CCN(c4ccc(Cl)c(Cl)c4)CC3)c[nH]c2c1=O,train,train,train,1,1,0.7758621,0.7758621,0.7758621
Cn1c(N2CCCC2)nc2c(CN3CCN(c4ccccn4)CC3)c[nH]c2c1=O,test,test,train,1,1,0.7586207,0.7586207,0.6885246
Cn1c(N2CCCC2)nc2c(CN3CCN(c4ccc(F)cc4)CC3)c[nH]c2c1=O,train,train,train,1,1,0.8333333,0.8333333,0.7758621
Cn1c(N2CCOCC2)nc2c(CN3CCN(c4ccccc4)CC3)c[nH]c2c1=O,train,train,test,1,1,0.8518519,0.8518519,0.7118644
COc1ccccc1N1CCN(Cc2c(C)[nH]c3nc(N(C)C)ncc23)CC1,train,train,train,2,2,0.5362319,0.5362319,0.4920635
O=C1N(CCN2Cc3ccccc3C2)CCN1c1cccc(Cl)c1,train,train,train,3,3,0.44827586,0.44827586,0.44827586
COc1ccccc1N1CCN(CCNC(=O)c2cn(-c3ccc([N+](=O)[O-])cc3)nn2)CC1,train,train,train,2,2,0.6621622,0.6621622,0.6621622
O=C(NCCCCN1CCN(c2cccc(Cl)c2Cl)CC1)c1cn(-c2ccc([N+](=O)[O-])cc2)nn1,train,train,train,3,3,0.75714284,0.75714284,0.75342464
COc1ccc(-n2cc(C(=O)NCCCCN3CCN(c4cccc(Cl)c4Cl)CC3)nn2)cc1,train,train,test,2,2,0.75714284,0.75714284,0.75714284
O=C(CCCc1cn(-c2ccc([N+](=O)[O-])cc2)nn1)NCCCCN1CCN(c2cccc(Cl)c2Cl)CC1,train,train,train,3,3,0.7702703,0.7702703,0.7702703
COc1ccc(-n2cc(CCCC(=O)NCCCCN3CCN(c4cccc(Cl)c4Cl)CC3)nn2)cc1,train,train,train,2,2,0.7702703,0.7702703,0.7702703
COc1ccccc1N1CCN(CCCCNC(=O)c2cccc(-c3cn(Cc4ccc(-c5ccc(Cn6cc(-c7cccc(C(=O)NCCCCN8CCN(c9ccccc9OC)CC8)c7)nn6)cc5)cc4)nn3)c2)CC1,train,train,train,2,2,0.8695652,0.6571429,0.8695652
COc1ccccc1N1CCN(CCCCNC(=O)c2ccc(-c3cn(Cc4ccc(-c5ccc(Cn6cc(-c7ccc(C(=O)NCCCCN8CCN(c9ccccc9OC)CC8)cc7)nn6)cc5)cc4)nn3)cc2)CC1,train,test,train,2,2,0.8695652,0.8695652,0.8695652
COc1ccc2c(c1)CCN(C)CCc1ccccc1C2,train,train,train,4,4,0.8857143,0.8857143,0.8857143
CN1CCc2ccccc2Cc2ccc(O)cc2CC1,train,train,test,4,4,0.8787879,0.8787879,0.8787879
COc1cc2c(cc1O)[C@@H]1Cc3ccc(O)c(OC)c3CN1CC2,train,train,train,4,4,0.87234044,0.87234044,0.87234044
COc1ccc2c(c1)CCN1Cc3ccccc3CC21,train,train,train,4,4,0.6511628,0.6511628,0.6511628
Oc1ccc2c(c1)CCN1Cc3ccccc3CC21,train,train,train,4,4,0.6511628,0.6511628,0.6511628
COc1ccc2c(c1)CCN(C)C2Cc1ccccc1C,test,test,test,4,4,0.46296296,0.46296296,0.46296296
COc1cc2c3c(c1OC)-c1cc4c(cc1CC3N(C)CC2)OCO4,train,train,test,4,4,0.46031746,0.46031746,0.46031746
Cn1c(CN2CCC(c3ccccc3)CC2)nc2ccccc21,train,train,test,4,4,0.8181818,0.8181818,0.8181818
Cn1c(CN2CCC(c3ccc(Cl)cc3)CC2)nc2ccccc21,train,train,train,1,1,0.8181818,0.8181818,0.67346936
Cn1c(CN2CCC(c3cccc(C(F)(F)F)c3)CC2)nc2ccccc21,train,train,train,4,4,0.78846157,0.78846157,0.6363636
Cn1c(CN2CCC(c3ccc(C(F)(F)F)cc3)CC2)nc2ccccc21,train,train,test,4,4,0.78846157,0.78846157,0.78846157
Cn1c(CN2CCC(c3cccc(Cl)c3)CC2)nc2ccccc21,train,train,test,1,1,0.7755102,0.7755102,0.7755102
Cn1c(CN2CCC(c3nc4ccccc4s3)CC2)nc2ccccc21,train,train,train,4,4,0.67346936,0.67346936,0.6545454
Cn1c(CN2CCC(c3nsc4ccccc34)CC2)nc2ccccc21,train,train,train,4,4,0.6545454,0.6545454,0.6545454
Cn1c(CN2CCC(c3ncc(C(F)(F)F)cc3Cl)CC2)nc2ccccc21,test,test,test,1,1,0.704918,0.704918,0.704918
Cn1c(CN2CCN(c3ccc(Cl)cc3)CC2)nc2ccccc21,test,test,train,1,1,0.71428573,0.71428573,0.7291667
Cn1c(CN2CCN(c3ccccc3C(F)(F)F)CC2)nc2ccccc21,train,train,test,1,1,0.6415094,0.6415094,0.6862745
Cn1c(CN2CCN(c3ncc(C(F)(F)F)cc3Cl)CC2)nc2ccccc21,train,train,train,1,1,0.6896552,0.6896552,0.64912283
Cn1c(CN2CCN(c3ncc(Cl)cn3)CC2)nc2ccccc21,train,train,train,1,1,0.65384614,0.65384614,0.7083333
Cn1c(CN2CCN(c3ccc(Cl)cc3F)CC2)nc2ccccc21,train,train,train,1,1,0.65384614,0.65384614,0.71428573
Cn1c(CN2CCN(c3ccc(C(F)(F)F)cc3)CC2)nc2ccccc21,test,test,train,1,1,0.7307692,0.7307692,0.7291667
Cn1c(CN2CCN(c3nc4ccccc4s3)CC2)nc2ccccc21,train,train,train,1,1,0.65384614,0.65384614,0.65384614
Cn1c(CN2CCN(c3ccc(C(F)(F)F)cn3)CC2)nc2ccccc21,train,train,test,1,1,0.6896552,0.6896552,0.7307692
CN1CCc2cc(Cl)c(O)cc2[C@@H](c2ccc(CN(C)S(=O)(=O)c3ccccc3)cc2)C1,train,train,train,4,4,0.3943662,0.3943662,0.3943662
CN1CCc2cc(Cl)c(O)cc2[C@H]2c3ccccc3CC[C@@H]21,train,train,train,4,4,0.6909091,0.6909091,0.7708333
CN1CCc2cc(Cl)c(O)cc2[C@H]2c3cccc(Br)c3CC[C@@H]21,test,test,train,4,4,0.74545455,0.74545455,0.8367347
CN1CCc2cc(Cl)c(O)cc2[C@H]2c3cccc(C=O)c3CC[C@@H]21,train,train,train,4,4,0.8035714,0.8035714,0.8035714
CN1CCc2cc(Cl)c(O)cc2[C@H]2c3cccc(CO)c3CC[C@@H]21,train,train,train,4,4,0.71929824,0.71929824,0.8039216
CN1CCc2cc(Cl)c(O)cc2[C@H]2c3cccc(C#N)c3CC[C@@H]21,train,train,test,4,4,0.73770493,0.73770493,0.8039216
COC(=O)c1cccc2c1CC[C@H]1[C@H]2c2cc(O)c(Cl)cc2CCN1C,train,train,train,4,4,0.6885246,0.6885246,0.74545455
CN1CCc2cc(Cl)c(O)cc2[C@H]2c3cccc(O)c3CC[C@@H]21,test,test,train,4,4,0.8039216,0.8039216,0.8367347
CN1CCc2cc(Cl)c(O)cc2[C@H]2c3cccc(N4CCCC4=O)c3CC[C@@H]21,train,train,train,4,4,0.6935484,0.6935484,0.71929824
CN1CCc2cc(Cl)c(O)cc2[C@H]2c3cccc(/C=N/O)c3CC[C@@H]21,train,train,train,4,4,0.8103448,0.8103448,0.8103448
CO/N=C/c1cccc2c1CC[C@H]1[C@H]2c2cc(O)c(Cl)cc2CCN1C,train,train,train,4,4,0.8333333,0.8333333,0.8333333
CCO/N=C/c1cccc2c1CC[C@H]1[C@H]2c2cc(O)c(Cl)cc2CCN1C,train,train,train,4,4,0.8196721,0.8196721,0.8196721
CN1CCc2cc(Cl)c(O)cc2[C@H]2c3cccc(/C=N/OCc4ccccc4)c3CC[C@@H]21,test,test,test,4,4,0.84126985,0.84126985,0.84126985
CN1CCc2cc(Cl)c(O)cc2[C@H]2c3cccc(/C=N/Oc4ccccc4)c3CC[C@@H]21,train,train,train,4,4,0.8333333,0.8333333,0.8333333
CN1CCc2cc(Cl)c(O)cc2[C@H]2c3cccc(-c4cccc(C#N)c4)c3CC[C@@H]21,train,train,train,4,4,0.73770493,0.73770493,0.71875
CN1CCc2cc(Cl)c(O)cc2[C@H]2c3cccc(-c4cccc([N+](=O)[O-])c4)c3CC[C@@H]21,train,train,train,4,4,0.7058824,0.7058824,0.7058824
COc1ccc(-c2cccc3c2CC[C@H]2[C@H]3c3cc(O)c(Cl)cc3CCN2C)cc1,train,train,train,4,4,0.7704918,0.7704918,0.7704918
CN1CCc2cc(Cl)c(O)cc2[C@H]2c3cccc(-c4cccs4)c3CC[C@@H]21,train,train,train,4,4,0.7258065,0.7258065,0.73214287
CN1CCc2cc(Cl)c(O)cc2[C@H]2c3cccc(-c4ccncc4)c3CC[C@@H]21,train,train,train,4,4,0.7704918,0.7704918,0.7704918
CN1CCc2ccccc2Cc2c([nH]c3ccccc23)CC1,train,train,train,4,4,0.7894737,0.7894737,0.7894737
CN1CCc2ccccc2Cc2c[nH]c3cccc(c23)CC1,train,train,train,4,4,0.6060606,0.6060606,0.6060606
O=c1c(O)c(-c2ccc(O)c(O)c2)oc2cc(O)cc(O)c12,test,test,train,4,4,0.22727273,0.22727273,0.22727273
COc1ccc2[nH]cc(CN3CCC(O)(c4ccc(Br)cc4)CC3)c2c1,test,test,train,1,1,0.7222222,0.7222222,0.8
COc1cccc2[nH]cc(CN3CCC(O)(c4ccc(Br)cc4)CC3)c12,train,train,train,1,1,0.59322035,0.59322035,0.6545454
OC1(c2ccc(Br)cc2)CCN(Cc2c[nH]c3ccccc23)CC1,test,test,train,1,1,0.78723407,0.78723407,0.8043478
COc1cccc(F)c1OC1CN(Cc2cnn(-c3ccccc3)c2C)C1,train,train,train,0,0,0.4827586,0.4827586,0.32394367
CCCCC1CCN(CCCC(=O)c2ccccc2C)CC1,test,test,test,4,4,0.5,0.5,0.5
O=C(CCCN1CCC(O)(c2cc3ccc2CCc2ccc(cc2)CC3)CC1)c1ccc(F)cc1,train,train,test,3,3,0.63793105,0.7358491,0.7358491
Cc1ccc(C)c(C2(O)CCN(CCCC(=O)c3ccc(F)cc3)CC2)c1,train,train,train,3,3,0.7307692,0.6545454,0.7307692
O=C(CCCN1CCC(O)(c2ccc(Cl)cc2)CC1)c1cc2ccc1CCc1ccc(cc1)CC2,train,train,train,3,3,0.72727275,0.754717,0.754717
O=C(CCCN1CCC(O)(c2cc3ccc2CCc2ccc(cc2)CC3)CC1)c1cc2ccc1CCc1ccc(cc1)CC2,test,train,train,3,3,0.754717,0.754717,0.754717
Cc1ccc(C)c(C(=O)CCCN2CCC(O)(c3ccc(Cl)cc3)CC2)c1,train,train,train,3,3,0.7307692,0.62711865,0.7307692
Cc1ccc(C)c(C(=O)CCCN2CCC(O)(c3cc(C)ccc3C)CC2)c1,train,test,train,3,3,0.7307692,0.7307692,0.7307692
O=C(CCCN1CCN(c2cc3ccc2CCc2ccc(cc2)CC3)CC1)c1ccc(F)cc1,test,train,train,3,3,0.6909091,0.6909091,0.6181818
Cc1ccc(C)c(N2CCN(CCCC(=O)c3ccc(F)cc3)CC2)c1,test,train,train,3,3,0.6545454,0.6545454,0.6545454
O=C(CCCN1CCN(c2ccc(Cl)cc2)CC1)c1cc2ccc1CCc1ccc(cc1)CC2,train,train,train,3,3,0.72727275,0.72727275,0.72727275
Cc1ccc(C)c(C(=O)CCCN2CCC(c3ccc(Cl)cc3)CC2)c1,train,test,train,3,3,0.7254902,0.7254902,0.7254902
O=C(CCCN1CCC(c2cc3ccc2CCc2ccc(cc2)CC3)CC1)c1cc2ccc1CCc1ccc(cc1)CC2,test,train,train,3,3,0.60714287,0.6296296,0.6296296
Cc1ccc(C)c(C(=O)CCCN2CCC(c3cc(C)ccc3C)CC2)c1,train,train,train,3,3,0.7254902,0.5614035,0.7254902
O=C(NCCCCN1CCN(c2cc3ccc2CCc2ccc(cc2)CC3)CC1)c1cc2ccccc2s1,train,test,train,3,3,0.671875,0.671875,0.671875
Cc1ccc(C)c(N2CCN(CCCCNC(=O)c3cc4ccccc4s3)CC2)c1,train,train,train,3,3,0.6769231,0.6769231,0.72131145
COc1ccccc1N1CCN(CCCCNC(=O)c2cc(C)ccc2C)CC1,test,test,test,2,2,0.7358491,0.7358491,0.7358491
O=C(NCCCCN1CCN(c2cc3ccc2CCc2ccc(cc2)CC3)CC1)c1cc2ccc1CCc1ccc(cc1)CC2,train,train,train,3,3,0.76363635,0.76363635,0.76363635
Cc1ccc(C)c(C(=O)NCCCCN2CCN(c3cc(C)ccc3C)CC2)c1,train,train,train,3,3,0.64912283,0.64912283,0.64912283
Cc1ccc(CNCC2(F)CCN(C(=O)c3cc(Br)cs3)CC2)nc1,test,test,train,4,4,0.6567164,0.6567164,0.6567164
Cc1ccc(CNCC2(F)CCN(C(=O)c3csc4ccccc34)CC2)nc1,train,train,train,4,4,0.57746476,0.57746476,0.70149255
Cc1ccc(CNCC2(F)CCN(C(=O)c3coc4ccccc34)CC2)nc1,test,test,train,4,4,0.70149255,0.70149255,0.70149255
Cc1ccc(CNCC2(F)CCN(C(=O)c3ccc(F)c(Cl)c3)CC2)nc1,train,train,train,3,3,0.57746476,0.57746476,0.6268657
COc1ccccc1N1CCN(CCCCNC(=O)/C=C/c2ccc(F)cc2)CC1,test,train,train,2,2,0.70689654,0.70689654,0.70689654
N#[11C]c1cccc(N2CCN(CCN3CCC(C(F)(F)F)CC3)C2=O)c1,train,train,train,4,4,0.44827586,0.44827586,0.44827586
COc1ccccc1N1CCN(CCCCNC(=O)c2ccc(CCF)cc2)CC1,train,train,train,2,2,0.9285714,0.9285714,0.8
COc1ccccc1N1CCN(CCCCNC(=O)c2ccc(N(C)C)cc2)CC1,train,train,train,2,2,0.9259259,0.8076923,0.7962963
COc1ccccc1N1CCN(CCCCNC(=O)c2ccc(-c3ccccc3)cc2)CC1,train,train,train,2,2,0.88461536,0.877551,0.88461536
CCCN(CCCCNC(=O)c1ccc(-c2ccccc2)cc1)C1CCn2nccc2C1,train,train,train,4,4,0.7164179,0.7164179,0.6956522
CCCN(CCCCNC(=O)c1ccc(-c2ccccc2)cc1)C1CCn2ncc(Cl)c2C1,train,train,test,3,3,0.7910448,0.7910448,0.7910448
CCCN(CCCCNC(=O)c1ccc(-c2ccccc2)cc1)C1CCn2ncc(C=O)c2C1,train,train,train,4,4,0.7910448,0.7910448,0.6956522
CCCN(CCCCNC(=O)c1ccc(-c2ccccc2)cc1)C1Cc2cccn3ncc(c23)C1,train,train,train,4,4,0.63076925,0.63076925,0.63076925
COc1ccccc1N1CCN(CCCCN2CCc3ccccc3C2=O)CC1,train,test,train,2,2,0.88,0.88,0.88
COc1ccccc1N1CCN(CCCCN2CCCc3ccccc3C2=O)CC1,train,train,train,2,2,0.88,0.8035714,0.88
COc1ccc2c(c1)CCCN(CCCCN1CCN(c3ccccc3OC)CC1)C2=O,train,train,train,2,2,0.8035714,0.8035714,0.8035714
COc1ccccc1N1CCN(CCCCN2CCc3cc(F)ccc3C2=O)CC1,train,test,train,2,2,0.7962963,0.79310346,0.7962963
COc1ccccc1N1CCN(CCCCN2CCc3cc(-c4ccccc4)ccc3C2=O)CC1,test,train,train,2,2,0.86440676,0.86440676,0.79310346
COc1ccccc1N1CCN(CCCCN2CCc3c(cccc3-c3ccccc3)C2=O)CC1,train,train,train,2,2,0.73214287,0.704918,0.73214287
COc1ccccc1N1CCN(CCCCN2CCc3cc(-c4ccco4)ccc3C2=O)CC1,train,train,train,2,2,0.74242425,0.7903226,0.7903226
COc1ccccc1N1CCN(CCCCN2CCc3cc(-c4cccs4)ccc3C2=O)CC1,train,train,train,2,2,0.91935486,0.91935486,0.91935486
COc1ccccc1N1CCN(CCCCN2CCCc3cc(-c4cccs4)ccc3C2=O)CC1,train,train,train,2,2,0.91935486,0.91935486,0.91935486
COc1ccccc1N1CCN(CCCCN2CCc3cc(-c4ccncc4)ccc3C2=O)CC1,train,train,test,2,2,0.75757575,0.86440676,0.86440676
COc1ccccc1N1CCN(CCCCN2CCc3cc(C#N)ccc3C2=O)CC1,train,test,train,2,2,0.779661,0.86206895,0.86206895
C#Cc1ccc2c(c1)CCN(CCCCN1CCN(c3ccccc3OC)CC1)C2=O,test,train,train,2,2,0.86206895,0.75409836,0.86206895
O=C(N(CCN1CCN(c2ccccc2O)CC1)c1ccccn1)C12C3C4C1C1C2C3C41I,train,train,train,3,3,0.78688526,0.78688526,0.78688526
COc1ccccc1N1CCN(CCN(C(=O)C23C4C5C2C2C3C4C52I)c2ccccn2)CC1,train,train,train,2,2,0.8125,0.8125,0.8125
COc1ccccc1N1CCN(CCN(C(=O)C2CCCCC2)c2ccccn2)CC1,train,test,train,2,2,0.67164177,0.67164177,0.67164177
O=C(NCCC(F)CN1CCN(c2cccc(Cl)c2Cl)CC1)c1ccc(-c2ccccn2)cc1,train,train,train,3,3,0.83076924,0.83076924,0.83076924
O=C(NCCC(F)CN1CCN(c2cccc(Cl)c2Cl)CC1)c1cc2ccccc2o1,train,train,train,3,3,0.6911765,0.6911765,0.6911765
COc1ccccc1N1CCN(CC(F)CCNC(=O)c2cc3ccccc3[nH]2)CC1,test,test,train,2,2,0.83870965,0.83870965,0.83870965
O=C(NCCC(F)CN1CCN(c2cccc(Cl)c2Cl)CC1)c1cc2ccccc2[nH]1,train,train,train,3,3,0.7741935,0.7741935,0.7741935
COc1ccccc1N1CCN(CC(F)CCNC(=O)c2ccc3c(c2)Cc2ccccc2-3)CC1,test,train,train,2,2,0.83076924,0.83076924,0.83076924
O=C(CCCN1C2C3C4CC5C6C4C2C6C1(O)C53)c1ccc(F)cc1,train,train,train,3,3,0.4516129,0.4516129,0.4516129
COc1cc(CN2CCN(c3ccccc3OC)CC2)ccc1OCc1cn(CCCCCCCCn2cc(COc3ccc(CN4CCN(c5ccccc5OC)CC4)cc3OC)nn2)nn1,train,train,train,2,2,0.89830506,0.89830506,0.89830506
COc1cc(CN2CCN(c3ccccc3OC)CC2)ccc1OCCCc1cn(CCCCCCCCn2cc(CCCOc3ccc(CN4CCN(c5ccccc5OC)CC4)cc3OC)nn2)nn1,train,test,test,2,2,0.95,0.95,0.95
COc1cc(CN2CCN(c3ccccc3OC)CC2)ccc1OCCCc1cn(CCCCCCCCCCn2cc(CCCOc3ccc(CN4CCN(c5ccccc5OC)CC4)cc3OC)nn2)nn1,test,test,test,2,2,1.0,0.95,0.95
COc1cc(CN2CCN(c3ccccc3OC)CC2)ccc1OCCCCc1cn(CCCCCCCCCCn2cc(CCCCOc3ccc(CN4CCN(c5ccccc5OC)CC4)cc3OC)nn2)nn1,test,train,test,2,2,0.9491525,0.9032258,0.9032258
COc1cc(CN2CCN(c3ccccc3OC)CC2)ccc1OCc1cn(CCOCCOCCn2cc(COc3ccc(CN4CCN(c5ccccc5OC)CC4)cc3OC)nn2)nn1,train,train,train,2,2,0.90163934,0.90163934,0.90163934
COc1cc(CN2CCN(c3ccccc3OC)CC2)ccc1OCCCc1cn(CCOCCOCCn2cc(CCCOc3ccc(CN4CCN(c5ccccc5OC)CC4)cc3OC)nn2)nn1,train,train,train,2,2,1.0,1.0,0.9047619
COc1cc(CN2CCN(c3ccccc3OC)CC2)ccc1OCCCc1cn(CCOCCOCCOCCn2cc(CCCOc3ccc(CN4CCN(c5ccccc5OC)CC4)cc3OC)nn2)nn1,train,train,test,2,2,1.0,1.0,1.0
CCCCn1cc(COc2ccc(CN3CCN(c4ccccc4OC)CC3)cc2OC)nn1,train,train,train,2,2,0.89830506,0.89830506,0.89830506
CCCCn1cc(CCCOc2ccc(CN3CCN(c4ccccc4OC)CC3)cc2OC)nn1,train,train,train,2,2,0.9508197,0.9508197,0.9508197
CCCCn1cc(CCCCOc2ccc(CN3CCN(c4ccccc4OC)CC3)cc2OC)nn1,train,train,train,2,2,0.9508197,0.9508197,0.9508197
CCOCCn1cc(COc2ccc(CN3CCN(c4ccccc4OC)CC3)cc2OC)nn1,train,train,train,2,2,0.90163934,0.90163934,0.90163934
CCOCCn1cc(CCCOc2ccc(CN3CCN(c4ccccc4OC)CC3)cc2OC)nn1,train,test,train,2,2,0.9047619,0.9047619,0.9047619
CCCc1cn(CCCCCCCCn2cc(CCCOc3ccc(CN4CCN(c5ccccc5OC)CC4)cc3OC)nn2)nn1,test,train,train,2,2,0.93442625,0.9047619,0.9047619
COc1cc(CN2CCN(C)CC2)ccc1OCCCc1cn(CCCCCCCCn2cc(CCCOc3ccc(CN4CCN(c5ccccc5OC)CC4)cc3OC)nn2)nn1,train,train,train,2,2,0.95,0.9032258,0.890625
COc1cc(CN2CCN(c3ccccc3OC)CC2)ccc1OCCCc1cn(CCCCCCCCn2cc(CCCOc3ccc(CN4CCN(C5CCCCC5)CC4)cc3OC)nn2)nn1,train,train,train,2,2,0.8382353,0.8028169,0.8028169
COc1ccc(CCN2CCC(Nc3nc4ccccc4n3Cc3ccc(F)cc3)CC2)cc1,test,test,test,0,0,0.4027778,0.4027778,0.4027778
CCCCc1oc2ccccc2c1C(=O)c1cc(I)c(OCCN(CC)CC)c(I)c1,train,train,train,4,4,0.25,0.25,0.25
CC(C)(C)c1ccc(C(=O)CCCN2CCC(OC(c3ccccc3)c3ccccc3)CC2)cc1,train,train,train,4,4,0.40625,0.40625,0.40625
Clc1ccc(COC(Cn2ccnc2)c2ccc(Cl)cc2Cl)cc1,train,train,train,3,3,0.78723407,0.78723407,0.78723407
OCCN1CCN(CCCN2c3ccccc3Sc3ccc(C(F)(F)F)cc32)CC1,train,train,train,3,3,0.5740741,0.5740741,0.5740741
CCN(CC)C(=S)SSC(=S)N(CC)CC,train,train,train,4,4,0.18181819,0.18181819,0.18181819
Clc1ccccc1C(c1ccccc1)(c1ccccc1)n1ccnc1,train,train,train,1,1,0.23333333,0.23333333,0.23333333
CN1CCN(CCCN2c3ccccc3Sc3ccc(Cl)cc32)CC1,train,train,train,3,3,0.63829786,0.63829786,0.5740741
Clc1ccc(COC(Cn2ccnc2)c2ccc(Cl)cc2Cl)c(Cl)c1,train,train,train,3,3,0.78723407,0.78723407,0.78723407
CSc1ccc2c(c1)N(CCC1CCCCN1C)c1ccccc1S2,train,train,train,4,4,0.40983605,0.40983605,0.40983605
CC/C(=C(\c1ccccc1)c1ccc(OCCN(C)C)cc1)c1ccccc1,train,train,train,4,4,0.38297874,0.38297874,0.3125
COc1ccccc1N1CCN(CCN(C(=O)C23C4C5C2C2C3C4C52CF)c2ccccn2)CC1,train,train,train,2,2,0.8125,0.8125,0.8125
COc1ccccc1N1CCN(CCN(C(=O)C23CCC(CF)(CC2)CC3)c2ccccn2)CC1,train,test,train,2,2,0.7352941,0.91935486,0.91935486
COc1ccccc1N1CCN(CCN(C(=O)C23CCC(CF)(CC2)C3)c2ccccn2)CC1,test,train,train,2,2,0.91935486,0.7246377,0.91935486
CCCN(CCCCNC(=O)c1ccc(OCCCc2cn(CCCCCCCCn3cc(CCCOc4ccc(CN5CCN(c6ccccc6OC)CC5)cc4OC)nn3)nn2)c(OC)c1)C1Cc2ccccc2C1,train,train,train,2,2,0.9101124,0.9101124,0.9101124
CCCN(CCCCNC(=O)c1ccc(OCCCc2cn(CCCCCCCCn3cc(CCCOc4ccc(C(=O)NCCCCN5CCN(c6ccccc6OC)CC5)cc4OC)nn3)nn2)c(OC)c1)C1Cc2ccccc2C1,train,train,train,2,2,0.9101124,0.9101124,0.9101124
CCCCn1cc(CCCOc2ccc(C(=O)NCCCCN3CCN(c4ccccc4OC)CC3)cc2OC)nn1,train,train,train,2,2,0.9285714,0.9285714,0.9285714
CCCCn1cc(CCCOc2ccc(C(=O)NCCCCN(CCC)C3Cc4ccccc4C3)cc2OC)nn1,train,train,test,2,2,0.9589041,0.9589041,0.8235294
COc1cc(C(=O)NCCCCN2CCN(c3ccccc3OC)CC2)ccc1OCCCc1cn(CCCCCCCCn2cc(CCCOc3ccc(C(=O)NCCCCN4CCN(c5ccccc5OC)CC4)cc3OC)nn2)nn1,train,train,train,2,2,0.9285714,0.9285714,0.9285714
CCCN(CCCCNC(=O)c1ccc(OCCCc2cn(CCCCCCCCn3cc(CCCOc4ccc(C(=O)NCCCCN(CCC)C5Cc6ccccc6C5)cc4OC)nn3)nn2)c(OC)c1)C1Cc2ccccc2C1,train,train,test,2,2,0.9589041,0.9589041,0.85542166
Fc1ccc(CN2CCN(c3ccc4c(c3)OCCO4)CC2)cc1,train,train,train,1,1,0.7173913,0.7173913,0.7173913
COc1cc(CN2CCN(c3ccc4c(c3)OCCO4)CC2)ccc1F,train,train,train,1,1,0.7058824,0.7058824,0.7058824
Oc1cc(CN2CCN(c3ccc4c(c3)OCCO4)CC2)ccc1F,train,train,train,1,1,0.7173913,0.7173913,0.7173913
Fc1ccc(CN2CCN(c3ccc4c(c3)OCCO4)CC2)cn1,train,train,test,1,1,0.7173913,0.7173913,0.7173913
CCOCCOc1cccc(C(=O)NCCCN2CCN(c3ccccc3OC)CC2)c1,test,train,train,2,2,0.96666664,0.96666664,0.96666664
CCOCCOc1cccc(C(=O)NCCCCN2CCN(c3ccccc3OC)CC2)c1,train,train,train,2,2,0.9166667,0.96666664,0.96666664
COc1ccccc1N1CCN(CCCNC(=O)c2cccc(OCCOCCOCCOCCOc3cccc(C(=O)NCCCN4CCN(c5ccccc5OC)CC4)c3)c2)CC1,train,train,train,2,2,0.9649123,0.9649123,0.9649123
COc1ccccc1N1CCN(CCCCNC(=O)c2cccc(OCCOCCOCCOCCOc3cccc(C(=O)NCCCCN4CCN(c5ccccc5OC)CC4)c3)c2)CC1,train,train,train,2,2,0.9649123,0.9649123,0.9649123
CCOCCOCc1ccc(C(=O)NCCCN2CCN(c3ccccc3OC)CC2)cc1,train,test,train,2,2,0.9649123,0.78125,0.9649123
CCOCCOCc1ccc(C(=O)NCCCCN2CCN(c3ccccc3OC)CC2)cc1,train,test,train,2,2,0.9649123,0.8095238,0.9649123
CCOCCOc1ccn2ncc(C(=O)NCCCN3CCN(c4ccccc4OC)CC3)c2c1,test,train,train,2,2,0.92753625,0.9710145,0.9710145
CCOCCOc1ccn2ncc(C(=O)NCCCCN3CCN(c4ccccc4OC)CC3)c2c1,test,train,train,2,2,0.92753625,0.9710145,0.9710145
CCOCCOCc1ccn2ncc(C(=O)NCCCN3CCN(c4ccccc4OC)CC3)c2c1,train,train,train,2,2,0.9710145,0.9710145,0.9710145
CCOCCOCc1ccn2ncc(C(=O)NCCCCN3CCN(c4ccccc4OC)CC3)c2c1,train,train,train,2,2,0.9710145,0.9710145,0.9710145
COc1ccccc1N1CCN(CCCNC(=O)c2cnn3ccc(OCCOCCOCCOCCOc4ccn5ncc(C(=O)NCCCN6CCN(c7ccccc7OC)CC6)c5c4)cc23)CC1,train,train,test,2,2,0.969697,0.969697,0.969697
COc1ccccc1N1CCN(CCCCNC(=O)c2cnn3ccc(OCCOCCOCCOCCOc4ccn5ncc(C(=O)NCCCCN6CCN(c7ccccc7OC)CC6)c5c4)cc23)CC1,train,train,train,2,2,0.969697,0.969697,0.92753625
COc1ccccc1N1CCN(CCCNC(=O)c2cnn3ccc(COCCOCCOCCOCCOCc4ccn5ncc(C(=O)NCCCN6CCN(c7ccccc7OC)CC6)c5c4)cc23)CC1,train,train,train,2,2,0.969697,0.969697,0.92753625
COc1ccccc1N1CCN(CCCCNC(=O)c2cnn3ccc(COCCOCCOCCOCCOCc4ccn5ncc(C(=O)NCCCCN6CCN(c7ccccc7OC)CC6)c5c4)cc23)CC1,train,train,test,2,2,0.969697,0.969697,0.969697
CCOCCOCc1ccc(N2CCN(CCCCNC(=O)c3ccccc3)CC2)c(OC)c1,train,train,train,2,2,0.91525424,0.91525424,0.91525424
COc1cc(COCCOCCOCCOCCOCc2ccc(N3CCN(CCCCNC(=O)c4ccccc4)CC3)c(OC)c2)ccc1N1CCN(CCCCNC(=O)c2ccccc2)CC1,train,train,train,2,2,0.91525424,0.91525424,0.91525424
COc1ccccc1N1CCN(CCCCNC(=O)c2ccccc2)CC1,train,train,test,2,2,0.877551,0.877551,0.877551
C[C@H]1Cc2c([nH]c3ccccc23)Cc2ccccc2CCN1C,train,train,train,4,4,0.6818182,0.6818182,0.6818182
Clc1ccc2c(c1)N=C(N1CCN(Cc3ccccc3)CC1)c1cccnc1O2,train,train,train,1,1,0.8363636,0.8363636,0.66101694
Clc1ccc2c(c1)N=C(N1CCN(CCc3ccccc3)CC1)c1cccnc1O2,train,train,test,1,1,0.8363636,0.8363636,0.8363636
Clc1ccc2c(c1)N=C(N1CCN(C3CCCCC3)CC1)c1cccnc1O2,train,train,train,1,1,0.66101694,0.66101694,0.66101694
Clc1ccc2c(c1)C(N1CCNCC1)=Nc1ccccc1O2,train,train,train,1,1,0.73913044,0.73913044,0.6
O=C(c1cnc2ccccc2n1)N(CCN1CC=C(c2ccccc2)CC1)c1ccccn1,train,train,train,4,4,0.7096774,0.7096774,0.6875
O=C(c1cccc2ccccc12)N(CCN1CC=C(c2ccccc2)CC1)c1ccccn1,train,train,test,4,4,0.7096774,0.7627119,0.7627119
O=C(c1ccc2ccccc2c1)N(CCN1CC=C(c2ccccc2)CC1)c1ccccn1,test,train,train,4,4,0.7627119,0.7627119,0.6875
O=C(c1cnc2ccccc2n1)N(CCN1CCN(c2ccccc2)CC1)c1ccccn1,test,test,train,1,1,0.7419355,0.7419355,0.7419355
O=C(c1cccc2ccccc12)N(CCN1CCN(c2ccccc2)CC1)c1ccccn1,train,train,train,1,1,0.74545455,0.74545455,0.74545455
O=C(c1ccc2ccccc2c1)N(CCN1CCN(c2ccccc2)CC1)c1ccccn1,train,train,train,1,1,0.74545455,0.74545455,0.74545455
COc1ccccc1N1CCN(CCN(C(=O)c2cnc3ccccc3n2)c2ccccn2)CC1,train,train,train,2,2,0.72307694,0.72307694,0.7419355
COc1ccccc1N1CCN(CCN(C(=O)c2cccc3ccccc23)c2ccccn2)CC1,train,train,train,2,2,0.7619048,0.7619048,0.7288136
COc1ccccc1N1CCN(CCN(C(=O)c2ccc3ccccc3c2)c2ccccn2)CC1,train,train,test,2,2,0.7619048,0.7619048,0.7619048
O=C(CCCN1CC[Si](O)(c2ccc(Cl)cc2)CC1)c1ccc(F)cc1,train,train,test,3,3,0.66,0.66,0.6111111
COc1ccccc1N1CCN(Cc2ccc3cccccc2-3)CC1,train,train,train,2,2,0.7619048,0.7619048,0.7619048
COc1ccccc1N1CCN(Cc2cc(CN3CCN(c4ccc(Cl)cc4)CC3)c3cccccc2-3)CC1,train,train,train,1,1,0.79545456,0.79545456,0.79545456
COc1ccccc1N1CCN(Cc2cc(CN3CCN(c4ccccc4OC)CC3)c3cccccc2-3)CC1,train,train,train,2,2,0.8974359,0.8974359,0.875
COc1ccccc1N1CCN(Cc2cc(CN3CCN(C)CC3)c3cccccc2-3)CC1,train,train,test,2,2,0.8974359,0.8974359,0.8974359
COc1ccccc1N1CCN(Cc2cc(CN3CCOCC3)c3cccccc2-3)CC1,train,train,train,2,2,0.85365856,0.85365856,0.85365856
COc1ccccc1N1CCN(Cc2cc(CN3CCCCC3)c3cccccc2-3)CC1,train,train,test,2,2,0.8974359,0.8974359,0.8974359
COc1ccccc1N1CCN(Cc2cc(CN(C)C)c3cccccc2-3)CC1,train,train,train,2,2,0.8333333,0.8333333,0.8333333
COc1ccccc1N1CCN(Cc2cc(C#N)c3cccccc2-3)CC1,train,train,train,2,2,0.8125,0.79545456,0.8125
COc1ccccc1N1CCN(Cc2cc(CO)c3cccccc2-3)CC1,train,train,train,2,2,0.875,0.875,0.875
CCCC#Cc1cc(CN2CCN(c3ccccc3OC)CC2)c2cccccc1-2,train,test,test,2,2,0.7735849,0.7735849,0.7735849
COc1ccccc1N1CCN(Cc2cc(C#Cc3ccccc3)c3cccccc2-3)CC1,train,train,train,2,2,0.79591835,0.78,0.79591835
C#Cc1cc(CN2CCN(c3ccccc3OC)CC2)c2cccccc1-2,train,test,train,2,2,0.81395346,0.81395346,0.81395346
c1ccc(C[n+]2cc[n+](-c3cccc4[nH]cnc34)cc2)cc1,test,test,train,4,4,0.44230768,0.41509435,0.6
c1ccc(C[n+]2cc[n+](-c3cccc4[nH]ccc34)cc2)cc1,test,test,train,4,4,0.62222224,0.62222224,0.62222224
FC(F)(F)c1nc2c(-[n+]3cc[n+](Cc4ccccc4)cc3)cccc2[nH]1,test,test,train,4,4,0.46551725,0.46551725,0.58
Brc1ccc(-[n+]2cc[n+](Cc3ccccc3)cc2)c2cc[nH]c12,train,test,train,4,4,0.49019608,0.49019608,0.62222224
Clc1ccc2[nH]ccc2c1-[n+]1cc[n+](Cc2ccccc2)cc1,train,train,test,4,4,0.49019608,0.43396226,0.62222224
c1ccc(-n2cc(CN3CCN(c4cc5ccc4CCc4ccc(cc4)CC5)CC3)cn2)cc1,test,test,test,1,1,0.8367347,0.8367347,0.8367347
c1ccc(N2CCN(Cc3cnn(-c4cc5ccc4CCc4ccc(cc4)CC5)c3)CC2)cc1,train,train,train,1,1,0.65957445,0.65957445,0.65957445
Oc1ccc(N2CCN(Cc3cnn(-c4ccc(Cl)cc4)c3)CC2)cc1,test,test,train,1,1,0.79545456,0.79545456,0.79545456
Clc1ccc(-n2cc(CN3CCN(c4ccccc4)CC3)cn2)cc1,train,train,test,1,1,1.0,1.0,1.0
CNc1ccc(C(=O)NCCCCN2CCCN(c3ccccc3OC)CC2)cc1,test,train,train,2,2,0.8245614,0.8245614,0.8245614
COc1ccccc1N1CCCN(CCCCNC(=O)c2cccc(OC)c2OC)CC1,test,test,train,2,2,0.7580645,0.7580645,0.7580645
COc1ccccc1N1CCCN(CCCCNC(=O)c2ccc(Br)nc2)CC1,train,train,train,2,2,0.8095238,0.8095238,0.8095238
COc1ccccc1N1CCCN(CCCCNC(=O)c2ccc(Cl)nc2)CC1,train,train,train,2,2,0.8095238,0.8095238,0.8095238
COc1ccccc1N1CCCN(CCCCNC(=O)c2ccc(-c3ccc(F)cc3)s2)CC1,train,train,train,2,2,0.8852459,0.8852459,0.8852459
COc1ccccc1N1CCCN(CCCCNC(=O)c2ccc(Br)s2)CC1,test,train,train,2,2,0.8135593,0.8135593,0.8135593
COc1ccccc1N1CCCN(CCCCNC(=O)c2cccc3c2-c2ccccc2C3=O)CC1,train,train,train,2,2,0.6818182,0.6818182,0.7580645
COc1ccccc1N1CCCN(CCCCNC(=O)c2ccc(CCO)cc2)CC1,train,train,train,2,2,0.85,0.85,0.7966102
COc1ccccc1N1CCCN(CCCCNC(=O)c2ccc(-c3ccccc3)s2)CC1,train,train,train,2,2,0.8852459,0.8852459,0.8852459
COc1ccccc1N1CCCN(CCCCNC(=O)c2cc3ccccc3s2)CC1,train,train,train,2,2,0.796875,0.796875,0.9298246
COc1ccccc1N1CCCN(CCCCNC(=O)c2cc3ccccc3[nH]2)CC1,train,train,train,2,2,0.9298246,0.9298246,0.78125
COc1ccccc1N1CCCN(CCCCNC(=O)c2ccc(C)s2)CC1,train,train,train,2,2,0.78688526,0.8135593,0.8135593
COc1ccccc1N1CCCN(CCCCNC(=O)c2ccc(F)cc2)CC1,train,train,train,2,2,0.92156863,0.92156863,0.92156863
COc1ccccc1N1CCCN(CCCCNC(=O)c2ccc(Cl)cc2)CC1,train,train,test,2,2,0.83928573,0.83928573,0.83928573
C=Cc1ccc(C(=O)NCCCCN2CCCN(c3ccccc3OC)CC2)cc1,train,train,train,2,2,0.8103448,0.8103448,0.8103448
COc1ccccc1N1CCCN(CCCCNC(=O)c2ccc(CCF)cc2)CC1,train,train,test,2,2,0.9285714,0.9285714,0.9285714
COc1ccccc1N1CCCN(CCCCNC(=O)c2cc3ccccc3o2)CC1,train,test,train,2,2,0.9298246,0.9298246,0.7692308
COc1ccccc1N1CCCN(CCCCNC(=O)c2ccc(SC)cc2)CC1,train,train,test,2,2,0.85714287,0.85714287,0.85714287
COc1ccccc1N1CCCN(CCCCNC(=O)c2ccc(N(C)C)cc2)CC1,train,test,test,2,2,0.9259259,0.9259259,0.9259259
COc1ccccc1N1CCCN(CCCCNC(=O)c2ccc(-c3ccsc3)cc2)CC1,train,train,train,2,2,0.75409836,0.75409836,0.75409836
Clc1ccc(-n2cc(CCCCCN3CCN(c4ccccc4)CC3)cn2)cc1,train,train,train,1,1,0.9130435,0.9130435,0.9777778
Clc1ccc(-n2cc(CCCCN3CCN(c4ccccc4)CC3)cn2)cc1,test,test,train,1,1,0.9777778,0.9777778,0.9777778
Clc1ccc(-n2cc(CCCN3CCN(c4ccccc4)CC3)cn2)cc1,train,train,train,1,1,0.9130435,0.9130435,0.93333334
Clc1ccc(-n2cc(COCCCN3CCN(c4ccccc4)CC3)cn2)cc1,train,train,test,1,1,0.9183673,0.9183673,0.75
Clc1ccc(-n2cc(COCCN3CCN(c4ccccc4)CC3)cn2)cc1,train,train,test,1,1,0.9183673,0.9183673,0.74509805
COc1ccccc1N1CCN(CCCCn2ncc(=O)n(C)c2=O)CC1,test,train,test,2,2,0.76363635,0.6779661,0.76363635
Cn1c(=O)cnn(CCCCN2CCN(c3ccccc3OCCF)CC2)c1=O,train,test,train,2,2,0.57575756,0.76363635,0.57575756
Clc1cccc(N2CCN(Cc3c[nH]c4ccccc34)CC2)c1Cl,train,train,train,1,1,0.6458333,0.6458333,0.6458333
CCOc1ccccc1N1CCN(Cc2c[nH]c3ccccc23)CC1,train,train,test,1,1,0.6226415,0.7083333,0.7083333
Clc1cccc(N2CCN(Cc3ccccc3)CC2)c1Cl,train,train,train,1,1,0.725,0.725,0.725
CCOc1ccccc1N1CCN(Cc2ccccc2)CC1,train,train,train,2,2,0.65909094,0.74418604,0.74418604
Clc1cccc(N2CCN(Cc3csc4ccccc34)CC2)c1Cl,train,train,train,1,1,0.61538464,0.60784316,0.61538464
CCOc1ccccc1N1CCN(Cc2csc3ccccc23)CC1,train,test,train,2,2,0.6226415,0.67346936,0.67346936
Clc1cccc(N2CCN(Cc3cccc4ccccc34)CC2)c1Cl,test,test,test,1,1,0.7111111,0.7111111,0.7111111
CCOc1ccccc1N1CCN(Cc2cccc3ccccc23)CC1,test,train,train,2,2,0.7083333,0.7083333,0.67346936
Clc1cccc(N2CCN(Cc3cccnc3)CC2)c1Cl,train,train,train,1,1,0.725,0.725,0.725
CCOc1ccccc1N1CCN(Cc2cccnc2)CC1,test,train,train,2,2,0.74418604,0.74418604,0.74418604
Oc1ccc(N2CCN(Cc3cccs3)CC2)cc1,train,train,train,1,1,0.7368421,0.7368421,0.75
Clc1ccc(N2CCN(Cc3cccs3)CC2)cc1Cl,train,train,train,1,1,0.725,0.725,0.725
Clc1ccc(N2CCN(Cc3cccs3)CC2)cc1,train,train,train,1,1,0.7368421,0.7368421,0.75
Fc1ccc(N2CCN(Cc3cccs3)CC2)cc1,test,test,train,1,1,0.7368421,0.7368421,0.75
Oc1ccccc1N1CCN(Cc2cccs2)CC1,train,train,train,1,1,0.7368421,0.7368421,0.7368421
CCOc1ccccc1N1CCN(Cc2cccs2)CC1,train,train,train,2,2,0.65909094,0.65909094,0.65909094
Clc1cccc(N2CCN(Cc3cccs3)CC2)c1Cl,train,train,train,1,1,0.81578946,0.81578946,0.81578946
Clc1ccccc1N1CCN(Cc2cccs2)CC1,train,train,train,1,1,0.81578946,0.81578946,0.81578946
Fc1ccccc1N1CCN(Cc2cccs2)CC1,train,train,train,1,1,0.71794873,0.71794873,0.71794873
c1ccc(N2CCN(Cc3cccs3)CC2)cc1,test,test,train,1,1,0.75,0.75,0.75
COc1ccccc1N1CCN(CCCCn2cc(-c3ccc(-c4cnco4)cc3)nn2)CC1,train,train,train,2,2,0.7627119,0.7627119,0.7627119
COc1ccccc1N1CCN(CCCCn2cc(-c3cccnc3)nn2)CC1,train,train,train,2,2,0.75438595,0.75438595,0.78571427
COc1ccccc1N1CCN(CCCCn2cc(-c3ccc(N)cc3)nn2)CC1,train,train,train,2,2,0.86538464,0.86538464,0.86538464
COc1ccc(-c2cn(CCCCN3CCN(c4ccccc4OC)CC3)nn2)cc1,train,train,train,2,2,0.86538464,0.86538464,0.88235295
COc1ccccc1N1CCN(CCCCn2cc(-c3ccc(Br)cc3)nn2)CC1,train,train,test,2,2,0.8490566,0.8490566,0.8490566
COc1ccccc1N1CCN(Cc2cn(-c3ccc(OCCCOC4O[C@H](CO)[C@@H](O)[C@H](O)[C@H]4F)cc3)nn2)CC1,train,train,train,2,2,0.6621622,0.6621622,0.6621622
COc1ccccc1N1CCN(Cc2cn(-c3ccc(OCCCOCCF)cc3)nn2)CC1,train,train,train,2,2,0.91525424,0.91525424,0.91525424
COc1ccccc1N1CCN(Cc2cn(-c3ccc(OCCOCCOCCF)cc3)nn2)CC1,train,train,train,2,2,0.91525424,0.91525424,0.91525424
COc1ccccc1N1CCN(Cc2cn(-c3ccc(OCCCF)cc3)nn2)CC1,train,train,train,2,2,0.90909094,0.90909094,0.90909094
COc1ccccc1N1CCN(Cc2cn(-c3ccc(OCCF)cc3)nn2)CC1,train,train,train,2,2,0.90909094,0.90909094,0.90909094
COc1ccccc1N1CCN(Cc2cn([C@@H]3O[C@H](CF)[C@@H](O)[C@H](O)[C@H]3O)nn2)CC1,train,test,train,2,2,0.75757575,0.75757575,0.75757575
COc1ccccc1N1CCN(Cc2cn([C@@H]3O[C@H](CO)[C@@H](O)[C@H](O)[C@H]3F)nn2)CC1,train,train,train,2,2,0.75757575,0.65384614,0.75757575
COc1ccccc1N1CCN(Cc2cn(CCOCCOCCOCCF)nn2)CC1,train,train,train,2,2,0.98039216,1.0,1.0
COc1ccccc1N1CCN(Cc2cn(CCOCCOCCF)nn2)CC1,test,train,train,2,2,1.0,1.0,1.0
COc1ccccc1N1CCN(Cc2cn(CCOCCF)nn2)CC1,train,test,train,2,2,0.98039216,0.98039216,0.98039216
COc1ccccc1N1CCN(Cc2cn(CCCCCCF)nn2)CC1,test,train,train,2,2,0.76785713,0.75438595,0.76785713
CN1CCC2C(C1)c1cccc3c1N2c1ccccc1CS3,train,train,train,4,4,0.26923078,0.29333332,0.29333332
O=C(CCCN1CC[C@H]2[C@@H](C1)c1cccc3c1N2CCC3)c1ccc(F)cc1,test,train,train,3,3,0.71875,0.71875,0.71875
O=C(CCCN1CC[C@H]2[C@@H](C1)c1cccc3c1N2CCO3)c1ccc(F)cc1,train,train,train,3,3,0.46268657,0.71875,0.71875
CN(C)C(=O)N[C@H]1CC[C@H](CCN2CCN(c3cccc(Cl)c3Cl)CC2)CC1,train,test,test,3,3,0.45588234,0.45588234,0.45588234
Clc1cccc(N2CCN(CCCCOc3ccn4nccc4c3)CC2)c1Cl,train,train,test,2,2,0.7627119,0.7627119,0.7627119
Clc1cccc(N2CCN(CCCCOc3cccn4nccc34)CC2)c1Cl,train,train,test,2,2,0.66101694,0.7,0.7
Clc1cccc(N2CCN(CCCCOc3ccc4ccnn4c3)CC2)c1Cl,train,train,train,2,2,0.7368421,0.7368421,0.6896552
Clc1cccc(N2CCN(CCCCOc3cccc4ccnn34)CC2)c1Cl,test,test,test,1,1,0.67241377,0.67241377,0.67241377
Clc1cccc(N2CCN(CCCCOc3cc4ccccn4n3)CC2)c1Cl,train,train,train,2,2,0.6393443,0.6393443,0.625
CCOC(=O)c1cc2cc(OCCCCN3CCN(c4cccc(Cl)c4Cl)CC3)ccn2n1,train,test,train,2,2,0.7536232,0.7536232,0.7164179
OCc1cc2cc(OCCCCN3CCN(c4cccc(Cl)c4Cl)CC3)ccn2n1,train,train,train,2,2,0.7627119,0.7627119,0.74603176
O=Cc1cnn2ccc(OCCCCN3CCN(c4cccc(Cl)c4Cl)CC3)cc12,train,train,train,2,2,0.82539684,0.82539684,0.7619048
O=Cc1cnn2cccc(OCCCCN3CCN(c4cccc(Cl)c4Cl)CC3)c12,test,train,train,2,2,0.7,0.7,0.6923077
O=Cc1cnn2cc(OCCCCN3CCN(c4cccc(Cl)c4Cl)CC3)ccc12,train,train,train,2,2,0.7619048,0.7619048,0.7619048
O=Cc1cnn2c(OCCCCN3CCN(c4cccc(Cl)c4Cl)CC3)cccc12,train,train,train,3,3,0.6875,0.6875,0.6875
O=Cc1c(OCCCCN2CCN(c3cccc(Cl)c3Cl)CC2)nn2ccccc12,train,train,train,2,2,0.61538464,0.61538464,0.61538464
O=Cc1cc2cc(OCCCCN3CCN(c4cccc(Cl)c4Cl)CC3)ccn2n1,train,test,train,2,2,0.796875,0.796875,0.796875
O/N=C/c1cnn2ccc(OCCCCN3CCN(c4cccc(Cl)c4Cl)CC3)cc12,train,train,test,2,2,0.82539684,0.82539684,0.82539684
O/N=C/c1cc2cc(OCCCCN3CCN(c4cccc(Cl)c4Cl)CC3)ccn2n1,train,train,train,2,2,0.796875,0.73846155,0.796875
N#Cc1cnn2ccc(OCCCCN3CCN(c4cccc(Cl)c4Cl)CC3)cc12,test,train,train,2,2,0.75,0.75,0.75
N#Cc1cc2cc(OCCCCN3CCN(c4cccc(Cl)c4Cl)CC3)ccn2n1,train,train,train,2,2,0.74603176,0.74603176,0.74603176
O=S(=O)(NCCCCN1CCC(c2noc3cc(F)ccc23)CC1)c1cc2ccccc2s1,train,train,test,3,3,0.47619048,0.47619048,0.44827586
COc1ccccc1N1CCN(CCCCc2cn(-c3cccc4cnccc34)nn2)CC1,train,train,train,2,2,0.98275864,0.98275864,0.98275864
COc1ccccc1N1CCN(CCCCCc2cn(-c3cccc4cnccc34)nn2)CC1,train,train,train,2,2,0.98275864,0.98275864,0.98275864
COc1ccccc1N1CCN(CCCc2cn(-c3ccc(-c4ccsc4)cc3)nn2)CC1,train,test,test,2,2,0.93333334,0.9491525,0.9491525
COc1ccccc1N1CCN(CCCCc2cn(-c3ccc(-c4ccsc4)cc3)nn2)CC1,test,train,train,2,2,0.9830508,0.9830508,0.9830508
COc1ccccc1N1CCN(CCCCCc2cn(-c3ccc(-c4ccsc4)cc3)nn2)CC1,train,train,train,2,2,0.93333334,0.9830508,0.9830508
COc1ccccc1N1CCN(CCCCc2cn(-c3ccc(N(C)C)cc3)nn2)CC1,train,train,train,2,2,0.8333333,0.8333333,0.8333333
COc1ccccc1N1CCN(CCCCc2cn(-c3ccc(SC)cc3)nn2)CC1,train,train,train,2,2,0.9811321,0.8333333,0.9811321
COc1ccccc1N1CCN(CCCCCc2cn(-c3ccc(SC)cc3)nn2)CC1,train,test,train,2,2,0.9811321,0.9811321,0.9811321
O=C(CCC(=O)OC1(c2ccc(Cl)cc2)CCN(CCCC(=O)c2ccc(F)cc2)CC1)OC1(c2ccc(Cl)cc2)CCN(CCCC(=O)c2ccc(F)cc2)CC1,train,train,train,3,3,0.94,0.94,0.92156863
O=C(CCCC(=O)OC1(c2ccc(Cl)cc2)CCN(CCCC(=O)c2ccc(F)cc2)CC1)OC1(c2ccc(Cl)cc2)CCN(CCCC(=O)c2ccc(F)cc2)CC1,train,train,test,3,3,0.96,0.96,0.9411765
O=C(CCCCC(=O)OC1(c2ccc(Cl)cc2)CCN(CCCC(=O)c2ccc(F)cc2)CC1)OC1(c2ccc(Cl)cc2)CCN(CCCC(=O)c2ccc(F)cc2)CC1,train,train,test,3,3,0.98,0.98,0.98
O=C(CCCCCC(=O)OC1(c2ccc(Cl)cc2)CCN(CCCC(=O)c2ccc(F)cc2)CC1)OC1(c2ccc(Cl)cc2)CCN(CCCC(=O)c2ccc(F)cc2)CC1,train,train,train,3,3,1.0,1.0,1.0
O=C(CCCCCCC(=O)OC1(c2ccc(Cl)cc2)CCN(CCCC(=O)c2ccc(F)cc2)CC1)OC1(c2ccc(Cl)cc2)CCN(CCCC(=O)c2ccc(F)cc2)CC1,train,test,test,3,3,1.0,1.0,1.0
O=C(CCCCCCCC(=O)OC1(c2ccc(Cl)cc2)CCN(CCCC(=O)c2ccc(F)cc2)CC1)OC1(c2ccc(Cl)cc2)CCN(CCCC(=O)c2ccc(F)cc2)CC1,train,train,test,3,3,1.0,1.0,1.0
O=C(CCCCCCCCC(=O)OC1(c2ccc(Cl)cc2)CCN(CCCC(=O)c2ccc(F)cc2)CC1)OC1(c2ccc(Cl)cc2)CCN(CCCC(=O)c2ccc(F)cc2)CC1,train,train,train,3,3,1.0,1.0,1.0
Cc1ccc(C(=O)OC2(c3ccc(Cl)cc3)CCN(CCCC(=O)c3ccc(F)cc3)CC2)cc1,train,train,test,3,3,0.7719298,0.7894737,0.7894737
CC(=O)OC1(c2ccc(Cl)cc2)CCN(CCCC(=O)c2ccc(F)cc2)CC1,test,train,train,3,3,0.8301887,0.8301887,0.8301887
CCC(=O)OC1(c2ccc(Cl)cc2)CCN(CCCC(=O)c2ccc(F)cc2)CC1,train,train,train,3,3,0.8679245,0.8679245,0.8679245
CCCCCCCCCC(=O)OC1(c2ccc(Cl)cc2)CCN(CCCC(=O)c2ccc(F)cc2)CC1,test,test,test,3,3,0.90909094,0.90909094,0.90909094
O=C(CCN1CCN(CCC(=O)OC2(c3ccc(Cl)cc3)CCN(CCCC(=O)c3ccc(F)cc3)CC2)CC1)OC1(c2ccc(Cl)cc2)CCN(CCCC(=O)c2ccc(F)cc2)CC1,test,test,train,3,3,0.92156863,0.92156863,0.92156863
CN(CCC(=O)OC1(c2ccc(Cl)cc2)CCN(CCCC(=O)c2ccc(F)cc2)CC1)CCN(C)CCC(=O)OC1(c2ccc(Cl)cc2)CCN(CCCC(=O)c2ccc(F)cc2)CC1,train,train,test,3,3,0.8965517,0.83928573,0.8965517
CN(C)CCC(=O)OC1(c2ccc(Cl)cc2)CCN(CCCC(=O)c2ccc(F)cc2)CC1,train,test,train,3,3,0.8965517,0.8965517,0.83928573
O=C(CCc1cn(CCCCCCCCn2cc(CCC(=O)OC3(c4ccc(Cl)cc4)CCN(CCCC(=O)c4ccc(F)cc4)CC3)nn2)nn1)OC1(c2ccc(Cl)cc2)CCN(CCCC(=O)c2ccc(F)cc2)CC1,train,train,test,3,3,1.0,1.0,1.0
O=C(CCc1cn(CCCCCCCCCCn2cc(CCC(=O)OC3(c4ccc(Cl)cc4)CCN(CCCC(=O)c4ccc(F)cc4)CC3)nn2)nn1)OC1(c2ccc(Cl)cc2)CCN(CCCC(=O)c2ccc(F)cc2)CC1,train,train,train,3,3,1.0,1.0,0.73846155
O=C(CCC(=O)N1CCC(O)(c2ccc(Cl)cc2)CC1)c1ccc(F)cc1,train,train,train,3,3,0.54385966,0.54385966,0.54385966
Oc1ccc(CN2CCO[C@H](CCc3ccccc3)C2)cc1,train,train,train,0,0,0.77272725,0.77272725,0.84615386
COc1ccc(CN2CCOC(CCc3ccccc3)C2)cc1,train,train,test,0,0,0.7234042,0.7234042,0.78571427
Cc1ccccc1CN1CCOC(CCc2ccccc2)C1,train,train,train,0,0,0.65957445,0.65957445,0.75609756
FC(F)(F)Oc1cccc(CN2CCOC(CCc3ccccc3)C2)c1,test,test,train,0,0,0.6226415,0.6226415,0.6666667
Fc1ccc(CN2CCOC(CCc3ccccc3)C2)cc1,train,train,train,0,0,0.77272725,0.77272725,0.84615386
c1ccc(CCC2CN(Cc3ccccc3)CCO2)cc1,test,test,train,0,0,0.84615386,0.84615386,0.84615386
Fc1cccc(F)c1CN1CCOC(CCc2ccccc2)C1,train,train,train,0,0,0.7173913,0.7173913,0.7380952
NC(=O)c1ccccc1OCCCN1CCN(c2cccc3c2ccn3S(=O)(=O)c2ccccc2)CC1,train,test,train,2,2,0.37804878,0.37804878,0.39240506
CCCCn1cc(CCCOc2ccc(C(=O)NCCCCN(CCC)CCc3ccc(O)c4[nH]c(=O)ccc34)cc2OC)nn1,test,test,train,2,2,0.68367344,0.6666667,0.68367344
CCCN(CCC)CCc1cccc2c1CC(=O)N2,train,train,train,4,4,0.36363637,0.36363637,0.36363637
COc1ccccc1N1CCN(CCCCNC(=O)/N=N/c2ccc(F)cc2)CC1,test,train,train,2,2,0.8888889,0.8888889,0.9622642
COc1ccccc1N1CCN(CCCCNC(=O)/N=N/c2ccc(F)c(F)c2)CC1,test,test,train,2,2,0.85,0.85,0.85
COc1ccccc1N1CCN(CCCCNC(=O)/N=N/c2cc(F)c(F)c(F)c2)CC1,train,train,train,2,2,0.72131145,0.8135593,0.85
CCCN(CCCCNC(=O)/C=C/c1ccc(F)cc1)C1Cc2ccccc2C1,train,train,train,4,4,0.8679245,0.8679245,0.8679245
CCCN(CCCCNC(=O)/N=N/c1ccc(F)cc1)C1Cc2ccccc2C1,test,test,train,4,4,0.8103448,0.8103448,0.8679245
CCCN(CCCCNC(=O)/N=N/c1ccc(F)c(F)c1)C1Cc2ccccc2C1,train,train,train,4,4,0.875,0.875,0.875
CCCN(CCCCNC(=O)/N=N/c1cc(F)c(F)c(F)c1)C1Cc2ccccc2C1,train,train,train,4,4,0.8596491,0.8888889,0.8596491
CCCN(CCNC(=O)/C=C/c1ccc(F)cc1)C1Cc2ccccc2C1,train,train,train,4,4,0.8679245,0.8679245,0.8679245
CCCN(CCNC(=O)/N=N/c1ccc(F)cc1)C1Cc2ccccc2C1,test,test,train,4,4,0.8,0.8,0.8679245
CCCN(CCNC(=O)/N=N/c1ccc(F)c(F)c1)C1Cc2ccccc2C1,train,train,train,4,4,0.875,0.875,0.875
CCCN(CCNC(=O)/N=N/c1cc(F)c(F)c(F)c1)C1Cc2ccccc2C1,test,train,test,4,4,0.8888889,0.8888889,0.8888889
COc1ccccc1N1CCN(CCCCc2cn(-c3ccc4ccccc4c3)nn2)CC1,train,test,train,2,2,0.78571427,0.7903226,0.7903226
COc1ccccc1N1CCN(CCCCc2cn(-c3ccc4c(c3)Cc3ccccc3-4)nn2)CC1,test,test,train,2,2,0.734375,0.73134327,0.734375
COc1ccccc1N1CCN(CCCCc2cn(-c3ccc4[nH]ccc4c3)nn2)CC1,test,train,train,2,2,0.7903226,0.72131145,0.7903226
COc1ccccc1N1CCN(CCCCc2cn(-c3ccccc3)nn2)CC1,train,train,train,2,2,0.8333333,0.8333333,0.8333333
Clc1cccc(N2CCN(CCCCc3cn(-c4ccc5c(c4)Cc4ccccc4-5)nn3)CC2)c1Cl,train,train,train,1,1,0.6216216,0.6216216,0.73134327
Clc1cccc(N2CCN(CCCCc3cn(-c4ccc5[nH]ccc5c4)nn3)CC2)c1Cl,test,test,test,1,1,0.6571429,0.73134327,0.73134327
COc1ccccc1N1CCN(CCCCn2cc(-c3ccc4ccccc4c3)nn2)CC1,train,train,test,2,2,0.8518519,0.8518519,0.8518519
COc1ccccc1N1CCN(CCCCn2cc(-c3ccc4c(c3)Cc3ccccc3-4)nn2)CC1,test,test,train,2,2,0.73015875,0.73015875,0.72131145
COc1ccccc1N1CCN(CCCCn2cc(-c3ccc4[nH]ccc4c3)nn2)CC1,train,train,test,2,2,0.8,0.8,0.7627119
COc1ccccc1N1CCN(CCCCn2cc(-c3ccc4ncccc4c3)nn2)CC1,train,test,train,2,2,0.8032787,0.8032787,0.73770493
COc1ccccc1N1CCN(CCCCn2cc(-c3ccc(-c4ccccc4)cc3)nn2)CC1,test,test,train,2,2,0.88235295,0.88235295,0.88235295
O=C(NCCC(O)CN1CCN(c2cccc(Cl)c2Cl)CC1)c1ccc2c(c1)-c1ccccc1C2,test,test,train,3,3,0.70149255,0.70149255,0.70149255
COc1ccc2[nH]c(C(=O)NCCC(O)CN3CCN(c4cccc(Cl)c4Cl)CC3)cc2c1,train,train,test,3,3,0.79710144,0.79710144,0.79710144
O=C(NCCCCN1CCN(c2cccc(Cl)c2Cl)CC1)c1ccc2c(c1)Cc1ccccc1-2,train,train,train,3,3,0.96428573,0.96428573,0.96428573
Cc1ccc(Cl)c(N2CCN(CCCCNC(=O)c3ccc4oc(=O)[nH]c4c3)CC2)c1,train,train,train,3,3,0.5522388,0.5522388,0.5522388
Cc1ncoc1-c1nnc(SCCCN2C[C@@H]3C[C@]3(c3ccc(C(F)(F)F)cc3F)C2)n1C,train,test,train,4,4,0.26086956,0.40425533,0.40425533
COc1ccccc1N1CCN(CCCc2cn(-c3ccn4nccc4c3)nn2)CC1,test,train,train,2,2,0.7076923,0.7076923,0.7076923
O=Cc1cnn2ccc(-n3cc(CCCN4CCN(c5cccc(Cl)c5Cl)CC4)nn3)cc12,train,train,train,1,1,0.95238096,0.95238096,0.95238096
O=Cc1cnn2ccc(-n3cc(CCCCN4CCN(c5cccc(Cl)c5Cl)CC4)nn3)cc12,train,train,train,1,1,0.95238096,0.95238096,0.95238096
O=Cc1cnn2ccc(-n3cc(CCN4CCN(c5cccc(Cl)c5Cl)CC4)nn3)cc12,train,train,test,1,1,0.9047619,0.9047619,0.9047619
COc1ccccc1N1CCN(CCc2cn(-c3ccn4ncc(C=O)c4c3)nn2)CC1,train,train,train,2,2,0.7246377,0.7246377,0.65753424
Clc1cccc(N2CCN(CCc3cn(-c4ccn5nccc5c4)nn3)CC2)c1Cl,train,train,train,1,1,0.8947368,0.8947368,0.8947368
Clc1cccc(N2CCN(CCCc3cn(-c4ccn5nccc5c4)nn3)CC2)c1Cl,train,train,train,1,1,0.8947368,0.8947368,0.94736844
Clc1cccc(N2CCN(CCCCc3cn(-c4ccn5nccc5c4)nn3)CC2)c1Cl,test,test,train,1,1,0.94736844,0.94736844,0.94736844
CCCN(CCN1CCN(CCc2c[nH]c3ccccc23)CC1)c1ccc(Br)cc1,train,train,train,4,4,0.3898305,0.3898305,0.5964912
Brc1ccc(NCCN2CCN(CCc3c[nH]c4ccccc34)CC2)cc1,test,test,train,4,4,0.5964912,0.5964912,0.5964912
COc1ccc(CCN(CCCc2ccccc2)CCc2ccc3c(c2)OCO3)cc1OC,train,train,train,0,0,0.4032258,0.38157895,0.38157895
CN1CCc2ccccc2Cc2sccc2CC1,test,test,train,4,4,0.6551724,0.6551724,0.6551724
CN1CCc2ccccc2Cc2sc3ccccc3c2CC1,train,train,train,4,4,0.5588235,0.5588235,0.5641026
CN1C[C@@H]2c3ccccc3Oc3ccc(Cl)cc3[C@H]2C1,test,train,test,4,4,0.4509804,0.4509804,0.46
Cn1c(SCCCN2CC3CCN(c4ccc(C(F)(F)F)cc4)C3C2)nnc1-c1cc[nH]c(=O)c1,test,train,train,4,4,0.36458334,0.4456522,0.4456522
Clc1ccc(CN2CCO[C@H](COc3ccccc3)C2)cc1,test,test,train,0,0,0.82978725,0.82978725,0.8043478
Cc1ccc(CN2CCO[C@H](COc3ccccc3)C2)cc1C,test,test,train,0,0,0.78,0.78,0.78
COc1ccc(CN2CCO[C@H](COc3ccccc3)C2)cc1,test,test,train,0,0,0.82608694,0.82608694,0.9047619
c1ccc(OC[C@@H]2CN(Cc3ccc4ccccc4c3)CCO2)cc1,train,train,test,0,0,0.7708333,0.7708333,0.7708333
c1ccc(OC[C@@H]2CN(Cc3ccc4ccccc4n3)CCO2)cc1,train,train,train,0,0,0.6862745,0.6862745,0.64285713
Fc1ccc(CN2CCO[C@H](COc3ccccc3)C2)cc1Cl,train,train,test,0,0,0.8367347,0.8367347,0.86
Fc1cc(CN2CCO[C@H](COc3ccccc3)C2)ccc1Cl,test,test,train,0,0,0.86,0.86,0.8367347
Fc1ccc(CN2CCO[C@H](COc3ccccc3)C2)cc1F,train,train,train,0,0,0.8367347,0.8367347,0.82
Clc1ccc(CN2CCO[C@H](COc3ccccc3)C2)cc1Cl,train,train,train,0,0,0.81632656,0.81632656,0.8367347
Fc1cc(CN2CCO[C@H](COc3ccccc3)C2)ccc1C(F)(F)F,test,test,train,0,0,0.8490566,0.8490566,0.8490566
Fc1ccc(CN2CCO[C@H](COc3ccccc3)C2)cc1C(F)(F)F,train,train,train,0,0,0.78846157,0.78846157,0.8490566
COc1ccc(CN2CCO[C@H](COc3ccccc3)C2)cc1F,train,train,train,0,0,0.8490566,0.8490566,0.8490566
COc1cc(CN2CCO[C@H](COc3ccccc3)C2)ccc1F,train,train,train,0,0,0.8490566,0.8490566,0.8490566
COc1ccc(CN2CCO[C@H](COc3ccccc3)C2)cc1Cl,train,train,train,0,0,0.86538464,0.86538464,0.86538464
COc1cc(CN2CCO[C@H](COc3ccccc3)C2)ccc1Cl,train,train,train,0,0,0.86538464,0.86538464,0.86538464
FC(F)(F)Oc1ccc(CN2CCO[C@H](COc3ccccc3)C2)cc1,train,train,train,0,0,0.6923077,0.6923077,0.74
COc1ccc(CN2CCO[C@H](COc3ccccc3)C2)cc1OC,train,train,train,0,0,0.84313726,0.84313726,0.84313726
CSc1ccc(CN2CCO[C@H](COc3ccccc3)C2)cc1,train,train,train,0,0,0.7058824,0.7058824,0.75510204
c1ccc(OC[C@@H]2CN(Cc3cn4ccccc4n3)CCO2)cc1,train,train,train,0,0,0.64285713,0.64285713,0.64285713
c1ccc(OC[C@@H]2CN(Cc3ncn4ccccc34)CCO2)cc1,train,train,test,0,0,0.63793105,0.63793105,0.63793105
c1ccc(OC[C@@H]2CN(Cc3n[nH]c4ccccc34)CCO2)cc1,train,train,test,0,0,0.59322035,0.59322035,0.58181816
c1ccc(OC[C@@H]2CN(Cc3cccc4cc[nH]c34)CCO2)cc1,test,test,test,0,0,0.6440678,0.6440678,0.6440678
FC1(F)Oc2ccc(CN3CCO[C@H](COc4ccccc4)C3)cc2O1,train,train,train,0,0,0.6909091,0.6909091,0.6909091
Cn1ncc2cc(CN3CCO[C@H](COc4ccccc4)C3)ccc21,train,train,train,0,0,0.7222222,0.7222222,0.6785714
c1ccc(OC[C@@H]2CN(Cc3ccc4[nH]ccc4c3)CCO2)cc1,train,train,train,0,0,0.75,0.75,0.6727273
Clc1ccc2c(CN3CCO[C@H](COc4ccccc4)C3)c[nH]c2c1,train,train,train,0,0,0.7894737,0.7894737,0.8545455
COc1ccc2[nH]cc(CN3CCO[C@H](COc4ccccc4)C3)c2c1,train,train,train,0,0,0.6885246,0.6885246,0.7758621
Clc1ccc2[nH]cc(CN3CCO[C@H](COc4ccccc4)C3)c2c1,test,test,train,0,0,0.8545455,0.8545455,0.8545455
COc1ccc2c(CN3CCO[C@H](COc4ccccc4)C3)c[nH]c2c1,test,test,test,0,0,0.8727273,0.8727273,0.8727273
Fc1ccc2c(CN3CCO[C@H](COc4ccccc4)C3)c[nH]c2c1,train,train,train,0,0,0.7894737,0.7894737,0.7894737
Fc1cccc2[nH]cc(CN3CCO[C@H](COc4ccccc4)C3)c12,train,train,train,0,0,0.7,0.7,0.7
Clc1ccc(CN2CCO[C@H](COc3cccnc3)C2)cc1,train,train,test,0,0,0.6981132,0.6981132,0.8
COc1ccc(CN2CCO[C@H](COc3cccnc3)C2)cc1,test,test,train,0,0,0.8,0.8,0.79591835
Clc1ccc(CN2CCO[C@H](COc3ccccn3)C2)cc1,test,test,test,0,0,0.74509805,0.74509805,0.7169811
Fc1ccc(OC[C@@H]2CN(Cc3ccc(Cl)cc3)CCO2)cc1,train,train,train,0,0,0.80851066,0.80851066,0.80851066
COc1ccc(CN2CCO[C@H](COc3ccc(F)cc3)C2)cc1,train,train,train,0,0,0.80851066,0.80851066,0.88372093
COc1ccc(CN2CCO[C@H](COc3cccc(F)c3)C2)cc1Cl,train,train,train,0,0,0.875,0.875,0.875
COc1cc(CN2CCO[C@H](COc3cccc(F)c3)C2)ccc1Cl,train,train,train,0,0,0.875,0.875,0.875
COc1ccc(CN2CCO[C@H](COc3cccc(F)c3)C2)cc1,train,train,train,0,0,0.8,0.8,0.8
COc1ccc(OC[C@@H]2CN(Cc3ccc(Cl)cc3)CCO2)cc1,train,train,test,0,0,0.80851066,0.80851066,0.9047619
COc1ccc(CN2CCO[C@H](COc3ccc(OC)cc3)C2)cc1,test,test,train,0,0,0.9047619,0.9047619,0.9047619
COc1cccc(OC[C@@H]2CN(Cc3ccc(Cl)cc3)CCO2)c1,train,train,train,0,0,0.79591835,0.79591835,0.75510204
COc1cc(CN2CCO[C@H](COc3cccc(C#N)c3)C2)ccc1Cl,train,train,train,0,0,0.88135594,0.88135594,0.88135594
COc1ccc(CN2CCO[C@H](COc3cccc(C#N)c3)C2)cc1Cl,train,train,train,0,0,0.88135594,0.88135594,0.88135594
Fc1ccc2c(CN3CCO[C@H](COc4cccc(F)n4)C3)c[nH]c2c1,test,test,test,0,0,0.84126985,0.84126985,0.84126985
Fc1cccc(OC[C@@H]2CN(Cc3ccc(Cl)cc3)CCO2)n1,train,train,train,0,0,0.8039216,0.8039216,0.7586207
COc1ccc(CN2CCO[C@H](COc3cccc(F)n3)C2)cc1Cl,train,train,train,0,0,0.7586207,0.7586207,0.7586207
Fc1ccc2c(CN3CCO[C@H](COc4cccc(Cl)n4)C3)c[nH]c2c1,train,train,train,0,0,0.71875,0.71875,0.71875
Clc1ccc(CN2CCO[C@H](COc3cccc(Cl)n3)C2)cc1,train,train,test,0,0,0.8039216,0.8039216,0.8039216
Clc1ccc(CN2CCO[C@H](CSc3ccccc3)C2)cc1,train,train,train,0,0,0.6730769,0.6730769,0.6730769
Cc1ccc(CN2CCO[C@H](CSc3ccccc3)C2)cc1C,test,test,test,0,0,0.7291667,0.7291667,0.7291667
COc1cc(CCNCCc2ccc(O)c3[nH]c(=O)ccc23)ccc1OCCCc1ccccc1,train,train,train,4,4,0.6666667,0.6164383,0.6164383
COc1cc(CCNCCc2ccc(O)c(O)c2)ccc1OCCCc1ccccc1,train,test,test,4,4,0.7234042,0.7234042,0.7234042
COc1cc(CCNCCc2ccc(O)c3c2OCC(=O)N3)ccc1OCCCc1ccccc1,train,train,train,4,4,0.625,0.6164383,0.6164383
COc1ccccc1OCCNCCc1ccc(O)c(O)c1,train,train,train,4,4,0.7234042,0.484375,0.484375
CC(C)NCC(O)c1ccc(O)c(O)c1,train,train,train,4,4,0.24528302,0.24528302,0.24528302
O=C1NCN(c2ccccc2)C12CCN(CCCCc1nc3ccccc3s1)CC2,train,train,train,4,4,0.7258065,0.7258065,0.7258065
O=C(CCCCN1CCC2(CC1)C(=O)NCN2c1ccccc1)c1nc2ccccc2s1,train,train,train,4,4,0.7258065,0.7258065,0.7258065
O=C1NCN(c2ccccc2)C12CCN(CCCCc1nc3ccccc3o1)CC2,train,train,train,1,1,0.6507937,0.6507937,0.6507937
O=C1NCN(c2ccccc2)C12CCN(CCCCc1c[nH]c3ccccc13)CC2,test,test,train,1,1,0.5692308,0.5692308,0.5692308
O=c1[nH]c2cc(Cl)ccc2n1C1CCN(CCCCc2nc3ccccc3s2)CC1,test,train,train,3,3,0.7536232,0.7536232,0.7536232
O=C(CCCCN1CCC(n2c(=O)[nH]c3cc(Cl)ccc32)CC1)c1nc2ccccc2s1,train,train,train,3,3,0.6216216,0.7536232,0.7536232
O=c1[nH]c2cc(Cl)ccc2n1C1CCN(CCCCc2nc3ccccc3o2)CC1,train,test,train,3,3,0.62857145,0.6956522,0.6956522
O=c1[nH]c2cc(Cl)ccc2n1C1CCN(CCCCc2c[nH]c3ccccc23)CC1,train,train,train,3,3,0.62857145,0.6197183,0.62857145
Fc1ccc(C(c2ccc(F)cc2)N2CCN(CCCCc3nc4ccccc4s3)CC2)cc1,train,train,train,4,4,0.68421054,0.68421054,0.68421054
O=C(CCCCN1CCN(C(c2ccc(F)cc2)c2ccc(F)cc2)CC1)c1nc2ccccc2s1,train,train,train,4,4,0.68421054,0.68421054,0.68421054
OC1(c2ccc(Cl)cc2)CCN(CCCCc2nc3ccccc3s2)CC1,train,train,train,3,3,0.62711865,0.62711865,0.62711865
OC1(c2ccc(Cl)cc2)CCN(CCCCc2nc3ccccc3o2)CC1,train,train,train,1,1,0.62711865,0.62711865,0.62711865
O=C(CCCN1CCC(n2c(O)nc3ccccc32)CC1)c1ccc(F)cc1,train,train,train,4,4,0.5081967,0.5081967,0.5081967
Cn1c(SCCCN2CC[C@]3(C[C@@H]3c3ccc(C(F)(F)F)cc3)C2)nnc1-c1cccc(C(N)=O)c1,test,train,train,3,3,0.40425533,0.4456522,0.4456522
CCCCN1C2CCC1CC(OC(c1ccc(F)cc1)c1ccc(F)cc1)C2,train,train,train,4,4,0.72727275,0.72727275,0.72727275
Fc1ccc(C(SCCNCCCc2ccccc2)c2ccc(F)cc2)cc1,test,test,test,4,4,0.3877551,0.3877551,0.3877551
CC(O)CN1CCN(CCSC(c2ccc(F)cc2)c2ccc(F)cc2)CC1,train,train,train,4,4,0.6304348,0.6304348,0.6304348
CC(O)CN1CCN(CC[S+](O)C(c2ccc(F)cc2)c2ccc(F)cc2)CC1,train,train,train,4,4,0.67346936,0.67346936,0.67346936
OC(Cc1ccccc1)CN1CCN(CC[S+](O)C(c2ccc(F)cc2)c2ccc(F)cc2)CC1,train,train,train,4,4,0.67346936,0.67346936,0.67346936
CCc1cc(Cl)c(OC)c(C(=O)NC[C@@H]2CCCN2CC)c1O,train,train,train,3,3,0.8490566,0.8490566,0.6666667
O=C1CCc2ccc(OCCCCN3CCCN(c4cccc(Cl)c4Cl)CC3)nc2N1,train,test,test,3,3,0.49315068,0.49315068,0.49315068
COc1ccc2c(c1OC)CN1CCc3cc4c(cc3[C@@H]1C2)OCO4,train,train,train,4,4,0.78846157,0.78846157,0.6981132
COc1c(O)ccc2c1CN1CCc3cc4c(cc3[C@@H]1C2)OCO4,train,train,test,4,4,0.78846157,0.78846157,0.78846157
COc1cc2c(cc1O)[C@@H]1Cc3ccc(OC)c(OC)c3CN1CC2,train,train,train,4,4,0.87234044,0.87234044,0.87234044
O=C(CCCN1CCN(c2cccc(Cl)c2Cl)CC1)Nc1ccn2nccc2c1,train,train,train,3,3,0.72727275,0.72727275,0.7076923
COc1ccccc1N1CCN(CCCC(=O)Nc2ccn3nccc3c2)CC1,train,train,train,2,2,0.73134327,0.73134327,0.73134327
O=Cc1cnn2ccc(NC(=O)CCCN3CCN(c4cccc(Cl)c4Cl)CC3)cc12,train,train,test,3,3,0.86153847,0.86153847,0.86153847
COc1ccccc1N1CCN(CCCC(=O)Nc2ccn3ncc(C=O)c3c2)CC1,train,train,train,2,2,0.8636364,0.8636364,0.8636364
O=C(CCCN1CCN(c2cccc(Cl)c2Cl)CC1)Nc1ccn2ncc(/C=N\O)c2c1,train,train,train,3,3,0.86153847,0.86153847,0.75714284
COc1ccccc1N1CCN(CCCC(=O)Nc2ccn3ncc(/C=N\O)c3c2)CC1,train,train,train,2,2,0.8636364,0.8636364,0.8636364
N#Cc1cnn2ccc(NC(=O)CCCN3CCN(c4cccc(Cl)c4Cl)CC3)cc12,train,train,train,3,3,0.7910448,0.7910448,0.75714284
COc1ccccc1N1CCN(CCCC(=O)Nc2ccn3ncc(C#N)c3c2)CC1,train,train,train,2,2,0.7941176,0.7941176,0.7941176
COc1ccccc1N1CCN(CCCCOc2ccc3ccnn3c2)CC1,train,train,train,2,2,0.7368421,0.7368421,0.7368421
COc1ccccc1N1CCN(CCCCOc2ccn3nccc3c2)CC1,train,train,train,2,2,0.7627119,0.7627119,0.7627119
CCOC(=O)c1cc2cc(OCCCCN3CCN(c4ccccc4OC)CC3)ccn2n1,train,train,test,2,2,0.7536232,0.72727275,0.7536232
COc1ccccc1N1CCN(CCCCOc2ccn3nc(CO)cc3c2)CC1,train,train,train,2,2,0.7627119,0.7627119,0.7627119
COc1ccccc1N1CCN(CCCCOc2ccn3nc(C=O)cc3c2)CC1,train,train,train,2,2,0.796875,0.796875,0.796875
COc1ccccc1N1CCN(CCCCOc2ccn3nc(/C=N/O)cc3c2)CC1,train,train,train,2,2,0.796875,0.796875,0.796875
COc1ccccc1N1CCN(CCCCOc2ccn3nc(C#N)cc3c2)CC1,train,train,train,2,2,0.74603176,0.74603176,0.74603176
COc1ccccc1N1CCN(CCCCOc2ccc3c(C=O)cnn3c2)CC1,train,test,train,2,2,0.7619048,0.82258064,0.82258064
COc1ccccc1N1CCN(CCCCOc2ccn3ncc(C=O)c3c2)CC1,train,train,test,2,2,0.7619048,0.72307694,0.7619048
CCCN(CCCCOc1ccc2c(C=O)cnn2c1)[C@H]1CCc2c(O)cccc2C1,train,train,test,4,4,0.8450704,0.8450704,0.8450704
CCCN(CCCCOc1ccn2ncc(C=O)c2c1)[C@H]1CCc2c(O)cccc2C1,train,train,test,4,4,0.79452056,0.79452056,0.6708861
COc1ccccc1N1CCN(CCCCOc2ccc3c(/C=N/O)cnn3c2)CC1,test,train,train,2,2,0.82258064,0.64615387,0.82258064
COc1ccccc1N1CCN(CCCCOc2ccn3ncc(/C=N/O)c3c2)CC1,test,test,test,2,2,0.82539684,0.82539684,0.77272725
CCCN(CCCCOc1ccc2c(/C=N/O)cnn2c1)[C@H]1CCc2c(O)cccc2C1,train,train,train,4,4,0.8450704,0.8450704,0.47619048
CCCN(CCCCOc1ccn2ncc(/C=N\O)c2c1)[C@H]1CCc2c(O)cccc2C1,test,test,test,4,4,0.8472222,0.8472222,0.7972973
COc1ccccc1N1CCN(CCCCOc2ccn3ncc(C#N)c3c2)CC1,train,test,train,2,2,0.75,0.75,0.72307694
O=C1CCc2ccc(OCCCCN3CCN(c4ccc(O)c5[nH]c(=O)ccc45)CC3)cc2N1,test,test,train,4,4,0.9375,0.9375,0.9375
O=C1CCc2ccc(OCCCCN3CCN(c4ccc(O)c5oc(=O)ccc45)CC3)cc2N1,test,test,train,2,2,0.93650794,0.93650794,0.93650794
O=C1CCc2ccc(OCCCCN3CCN(c4ccc(O)c5c4OCC(=O)N5)CC3)cc2N1,test,train,train,2,2,0.8030303,0.93846154,0.93846154
O=C1CCc2ccc(OCCCCN3CCN(c4ccc(O)c5c4OCCO5)CC3)cc2N1,train,train,train,2,2,0.70422536,0.8030303,0.8030303
O=C1CCc2ccc(OCCCCN3CCN(c4ccc(O)c5ncccc45)CC3)cc2N1,test,train,train,2,2,0.6857143,0.6857143,0.7246377
O=C1CCc2ccc(OCCCCN3CCCN(c4ccc(O)c5[nH]c(=O)ccc45)CC3)cc2N1,train,train,train,4,4,0.7638889,0.7638889,0.9375
O=C1CCc2ccc(OCCCCN3CCCN(c4ccc(O)c5oc(=O)ccc45)CC3)cc2N1,train,train,train,2,2,0.7638889,0.7638889,0.93650794
O=C1CCc2ccc(OCCCCN3CCCN(c4ccc(O)c5c4OCC(=O)N5)CC3)cc2N1,test,train,train,2,2,0.75714284,0.93846154,0.93846154
O=c1ccc2c(N3CCN(CCCCOc4ccn5nccc5c4)CC3)ccc(O)c2[nH]1,train,train,train,2,2,0.9375,0.9375,0.7352941
O=c1ccc2c(N3CCN(CCCCOc4ccn5nccc5c4)CC3)ccc(O)c2o1,train,test,train,2,2,0.7352941,0.7352941,0.7352941
O=C1COc2c(N3CCN(CCCCOc4ccn5nccc5c4)CC3)ccc(O)c2N1,train,train,train,2,2,0.73134327,0.7432432,0.73134327
Oc1ccc(N2CCN(CCCCOc3ccn4nccc4c3)CC2)c2c1OCCO2,train,train,train,2,2,0.73134327,0.73134327,0.73134327
Oc1ccc(N2CCN(CCCCOc3ccn4nccc4c3)CC2)c2cccnc12,train,train,train,2,2,0.72307694,0.71428573,0.72307694
O=c1ccc2c(N3CCCN(CCCCOc4ccn5nccc5c4)CC3)ccc(O)c2[nH]1,train,train,test,2,2,0.9375,0.9375,0.9375
CCCCn1cc(CCCOc2ccc(C(=O)NCCCN3CCCN(c4ccc(O)c5[nH]c(=O)ccc45)CC3)cc2OC)nn1,train,train,test,2,2,0.9764706,0.6813187,0.9764706
CCCCn1cc(CCCOc2ccc(C(=O)NCCCCN3CCCN(c4ccc(O)c5[nH]c(=O)ccc45)CC3)cc2OC)nn1,train,test,train,2,2,0.9764706,0.9764706,0.7
Fc1ccc(N2CCN(CCC3OCCc4ccccc43)CC2)cc1,train,train,train,1,1,0.74509805,0.74509805,0.74509805
Cc1ccc(N2CCN(CCC3C(=O)Nc4ccccc43)CC2)cc1C,train,train,test,1,1,0.5964912,0.5964912,0.5964912
Clc1ccc(N2CCN(C[C@H]3C[C@@H]3c3ccccc3)CC2)cc1Cl,test,test,train,1,1,0.65957445,0.65957445,0.65957445
CC(C)Oc1cccnc1N(C)C1CCN(Cc2ccc(I)cc2)CC1,train,train,train,0,0,0.38235295,0.38235295,0.38235295
c1ccc(CCC2CN(Cc3c[nH]c4ccccc34)CCO2)cc1,train,train,train,0,0,0.64705884,0.64705884,0.65957445
c1ccc(OCC2CN(Cc3c[nH]c4ccccc34)CCO2)cc1,test,test,test,0,0,0.7777778,0.7777778,0.7777778
COc1ccc(Cl)cc1OC[C@@H]1CN(Cc2ccc(Cl)cc2)CCO1,train,train,train,0,0,0.875,0.875,0.875
CCOc1ccccc1CC1CN(Cc2ccc(Cl)cc2)CCCO1,train,train,train,0,0,0.7735849,0.7735849,0.7735849
COc1ccccc1OCCNCC1COCC(c2ccccc2)(c2ccccc2)O1,train,train,train,4,4,0.84,0.84,0.84
Oc1ccccc1OCCNCC1COCC(c2ccccc2)(c2ccccc2)O1,train,train,train,4,4,0.78,0.78,0.78
COCOc1ccccc1OCCNCC1COCC(c2ccccc2)(c2ccccc2)O1,train,train,train,4,4,0.84,0.84,0.84
O=Cc1cnn2ccc(OCCCCN3CCN(c4ccc(O)c5[nH]c(=O)ccc45)CC3)cc12,train,train,train,2,2,0.7222222,0.7222222,0.7222222
O=Cc1cnn2ccc(OCCCCN3CCN(c4ccc(O)c5c4OCC(=O)N5)CC3)cc12,test,train,test,2,2,0.7638889,0.8888889,0.8888889
O=Cc1cnn2ccc(OCCCCN3CCN(c4ccc(O)c5c4OCCO5)CC3)cc12,train,train,train,2,2,0.70149255,0.7638889,0.70149255
O=C1COc2c(N3CCN(CCCCOc4ccn5ncc(/C=N/O)c5c4)CC3)ccc(O)c2N1,test,train,train,2,2,0.7236842,0.8888889,0.7236842
O=c1ccc2c(N3CCNCC3)ccc(O)c2[nH]1,train,train,train,4,4,0.64444447,0.64444447,0.725
O=C1COc2c(N3CCNCC3)ccc(O)c2N1,train,train,train,1,1,0.68085104,0.68085104,0.74418604
CN1CCN(c2ccc(O)c3[nH]c(=O)ccc23)CC1,test,test,train,4,4,0.74418604,0.74418604,0.74418604
CN1CCN(c2ccc(O)c3c2OCC(=O)N3)CC1,test,test,train,4,4,0.9047619,0.9047619,0.9047619
CN1CCCN(c2ccc(O)c3c2OCC(=O)N3)CC1,train,train,train,4,4,0.74509805,0.74509805,0.9047619
CN1CCN(c2ccc(O)c3c2OCCO3)CC1,train,train,train,4,4,0.5319149,0.5319149,0.5813953
CCCN1CCN(c2ccc(O)c3[nH]c(=O)ccc23)CC1,train,train,train,1,1,0.64444447,0.64444447,0.74418604
CCCN1CCN(c2ccc(O)c3c2OCC(=O)N3)CC1,train,train,train,1,1,0.9148936,0.9148936,0.76086956
CCCN1CCCN(c2ccc(O)c3c2OCC(=O)N3)CC1,train,train,test,1,1,0.9148936,0.9148936,0.9148936
CCCCC1CCN(CCCN2C(=O)CCc3ccccc32)CC1,train,train,test,4,4,0.9347826,0.9347826,0.9347826
CC1CCN(CCCN2C(=O)CCc3ccccc32)CC1,train,train,train,4,4,0.73913044,0.73913044,0.7446808
CCCC1CCN(CCCN2C(=O)CCc3ccccc32)CC1,test,test,train,4,4,0.8913044,0.8913044,0.87234044
CCCCCC1CCN(CCCN2C(=O)CCc3ccccc32)CC1,train,train,train,4,4,0.9347826,0.9347826,0.87234044
O=C1CCc2ccccc2N1CCCN1CCC(CCCO)CC1,train,train,train,4,4,0.9148936,0.9148936,0.9148936
O=C1CCc2ccccc2N1CCCN1CCC(CCCCCO)CC1,train,train,train,4,4,1.0,1.0,1.0
O=C1CCc2ccccc2N1CCCN1CCC(CCCCCCCO)CC1,train,train,train,4,4,1.0,1.0,1.0
O=C1CCc2ccccc2N1CCCN1CCC(c2ccccc2)CC1,train,train,test,4,4,0.73913044,0.73913044,0.73913044
O=C1CCc2ccccc2N1CCCN1CCC(Cc2ccccc2)CC1,train,train,train,4,4,0.8125,0.8125,0.8125
O=C1CCc2ccccc2N1CCCN1CCC(CCc2ccccc2)CC1,train,train,train,4,4,0.8125,0.8125,0.8125
CCCCN1CCN(CCCN2C(=O)CCc3ccccc32)CC1,test,test,test,4,4,0.76086956,0.76086956,0.7446808
O=C1CCc2ccccc2N1CCCN1CCN(c2ccccc2)CC1,train,train,train,1,1,0.73333335,0.73333335,0.73333335
O=C1CCc2ccccc2N1CCCN1CCN(Cc2ccccc2)CC1,train,train,train,3,3,0.73333335,0.81395346,0.81395346
O=C1CCc2ccccc2N1CCCN1CCN(CCc2ccccc2)CC1,test,train,train,3,3,0.81395346,0.81395346,0.81395346
COc1cccc(CCC2=NCCN2CCc2ccccc2)c1,test,test,test,4,4,0.4,0.4,0.4
O=C(NCCCCN1CCN(c2ccccc2OCCF)CC1)c1cc2ccccn2n1,train,train,train,2,2,0.7936508,0.7936508,0.7936508
CC(C)(C)c1nc(N2CCN(CCCCNC(=O)c3cc4ccccn4n3)CC2)cc(C(F)(F)F)n1,train,train,train,3,3,0.5945946,0.5945946,0.5945946
c1ccc(CN2CCc3cc(N4CCOCC4)ccc3C2)cc1,test,test,train,1,1,0.49056605,0.49056605,0.47619048
COc1cccc(-c2ccc3c(c2)CN(Cc2ccccc2)C3)c1,train,train,test,0,0,0.81395346,0.81395346,0.43396226
COc1cccc(-c2ccc3c(c2)CCN(Cc2ccccc2)C3)c1,train,train,test,0,0,0.81395346,0.81395346,0.49056605
CCCCN1CCC(c2cccc(O)c2)C1,train,train,train,4,4,0.92105263,0.92105263,0.92105263
CCCCCN1CCC(c2cccc(O)c2)C1,train,train,train,4,4,0.9736842,0.9736842,0.9736842
CCCCCCN1CCC(c2cccc(O)c2)C1,test,test,test,4,4,1.0,1.0,1.0
CCCCCCCN1CCC(c2cccc(O)c2)C1,train,train,train,4,4,1.0,1.0,1.0
CCCCCCCCN1CCC(c2cccc(O)c2)C1,train,train,train,4,4,1.0,1.0,1.0
CCCCCCCCCN1CCC(c2cccc(O)c2)C1,train,train,train,4,4,1.0,1.0,1.0
CCCCCCCCCCN1CCC(c2cccc(O)c2)C1,train,train,train,4,4,1.0,1.0,1.0
OC1(c2ccc(Cl)c(C(F)(F)F)c2)CCN(CCCC=C(c2ccc(F)cc2)c2ccc(F)cc2)CC1,train,train,train,3,3,0.68333334,0.68333334,0.68333334
OC1(c2ccc(Cl)c(C(F)(F)F)c2)CCN(CCCCCc2ccc(F)cc2)CC1,train,train,train,3,3,0.7368421,0.7368421,0.7368421
OC1(c2ccc(Cl)c(C(F)(F)F)c2)CCN(CCCN(c2ccc(F)cc2)c2ccc(F)cc2)CC1,train,train,train,3,3,0.9607843,0.9607843,0.9607843
OC1(c2ccc(Cl)c(C(F)(F)F)c2)CCN(CCCCN(c2ccc(F)cc2)c2ccc(F)cc2)CC1,train,train,train,3,3,0.9607843,0.9607843,0.9607843
OC1(c2ccc(Cl)c(C(F)(F)F)c2)CCN(CCCCC(c2ccc(F)cc2)c2ccc(F)cc2)CC1,train,train,train,3,3,0.9423077,0.8,0.9423077
OC1(c2ccc(Cl)c(C(F)(F)F)c2)CCN(CCCC(c2ccccc2)c2ccccc2)CC1,test,train,train,3,3,0.8490566,0.8,0.8490566
COc1ccc(N(CCCCN2CCC(O)(c3ccc(Cl)c(C(F)(F)F)c3)CC2)c2ccc(OC)cc2)cc1,train,train,train,3,3,0.79310346,0.79310346,0.79310346
OC1(c2ccc(Cl)c(C(F)(F)F)c2)CCN(CCCC(c2ccc(F)cc2)c2ccc(F)cc2)CC1,train,test,train,3,3,0.9423077,0.9423077,0.9423077
COc1cc2c(cc1O)CN(CCCCNC(=O)c1ccc(-c3ccccc3)cc1)CC2,train,train,train,3,3,0.83928573,0.83928573,0.83928573
COc1cc2c(cc1O)CN(CCCCNC(=O)c1ccc3ccccc3c1)CC2,train,test,train,2,2,0.8135593,0.85714287,0.85714287
COc1cc2c(cc1O)CN(CCCCNC(=O)c1ccnc3ccccc13)CC2,train,train,test,2,2,0.6818182,0.6818182,0.6818182
COc1cc2c(cc1O)CN(CCCCNC(=O)c1ccncc1)CC2,train,train,train,2,2,0.8214286,0.8214286,0.8214286
COc1cc2c(cc1O)CN(CCCCNC(=O)c1ccc(O)cc1)CC2,train,train,train,3,3,0.8545455,0.8703704,0.8703704
COc1ccc(C(=O)NCCCCN2CCc3cc(OC)c(O)cc3C2)cc1,test,train,train,2,2,0.8703704,0.8703704,0.8703704
COc1cccc(C(=O)NCCCCN2CCc3cc(OC)c(O)cc3C2)c1,train,train,train,2,2,0.8135593,0.8103448,0.8135593
COc1cc2c(cc1O)CN(CCCCNC(=O)c1ccc(F)cc1)CC2,train,train,train,2,2,0.8545455,0.8545455,0.8545455
COc1cc2c(cc1O)CN(CCCCNC(=O)c1ccc(Cl)cc1)CC2,train,train,train,3,3,0.8545455,0.8545455,0.8545455
COc1cc2c(cc1O)CN(CCCCNC(=O)c1ccc(Br)cc1)CC2,train,train,train,3,3,0.8545455,0.8545455,0.8545455
COc1cc2c(cc1O)CN(CCCCNC(=O)c1ccc(I)cc1)CC2,train,train,train,3,3,0.8545455,0.8545455,0.8545455
CC[C@H]1c2ccccc2N(c2ccccc2)C[C@@]1(C)N,train,train,train,4,4,0.28125,0.28125,0.28125
COc1ccccc1N1CCN(CCNC(=O)/N=N/c2ccc(F)cc2)CC1,train,train,train,2,2,0.72131145,0.8888889,0.8888889
COc1ccccc1N1CCN(CCCNC(=O)/N=N/c2ccc(F)cc2)CC1,test,test,train,2,2,0.8888889,0.9622642,0.9622642
COc1ccccc1N1CCN(CCNC(=O)NN(Cc2ccccc2)c2ccc(F)cc2)CC1,train,test,train,2,2,0.9,0.9,0.852459
COc1ccccc1N1CCN(CCCNC(=O)NN(Cc2ccccc2)c2ccc(F)cc2)CC1,train,train,test,2,2,0.9661017,0.9491525,0.9491525
COc1ccccc1N1CCN(CCCCNC(=O)NN(Cc2ccccc2)c2ccc(F)cc2)CC1,train,test,test,2,2,0.9661017,0.9661017,0.9166667
COc1ccccc1N1CCN(CCCNC(=O)NN(Cc2ccccc2)c2ccccc2)CC1,test,test,train,2,2,0.89830506,0.89830506,0.89830506
COc1ccccc1N1CCN(CCCNC(=O)NN(Cc2ccc(F)cc2)c2ccccc2)CC1,test,train,train,2,2,0.9491525,0.9491525,0.9491525
COc1ccccc1N1CCN(CCCNC(=O)NN(Cc2ccccc2F)c2ccc(F)cc2)CC1,train,train,test,2,2,0.90625,0.90625,0.8923077
COc1ccccc1N1CCN(CCCNC(=O)NN(Cc2cccc(F)c2)c2ccc(F)cc2)CC1,train,train,train,2,2,0.92424244,0.92424244,0.92424244
COc1ccccc1N1CCN(CCCNC(=O)NN(Cc2ccc(F)cc2)c2ccc(F)cc2)CC1,train,train,train,2,2,0.9491525,0.9491525,0.9491525
COc1cccc(CN(NC(=O)NCCCN2CCN(c3ccccc3OC)CC2)c2ccc(F)cc2)c1,train,train,train,2,2,0.90909094,0.90909094,0.90909094
COc1ccccc1N1CCN(CCCNC(=O)NN(Cc2ccc(C#N)cc2)c2ccc(F)cc2)CC1,train,train,test,2,2,0.884058,0.884058,0.884058
COc1ccccc1N1CCN(CCCNC(=O)NN(Cc2ccc(-c3ccccc3)cc2)c2ccc(F)cc2)CC1,test,train,train,2,2,0.91935486,0.91935486,0.91935486
COc1ccccc1N1CCN(CCCNC(=O)NN(Cc2ccccc2)c2ccc(Cl)cc2)CC1,train,test,train,2,2,0.85714287,0.85714287,0.8833333
COc1ccccc1N1CCN(CCCNC(=O)NN(Cc2ccccc2F)c2ccc(Cl)cc2)CC1,train,train,test,2,2,0.90625,0.90625,0.86567163
COc1ccccc1N1CCN(CCCNC(=O)NN(Cc2ccccc2)c2ccc(Cl)cc2Cl)CC1,train,train,train,2,2,0.8472222,0.8472222,0.8472222
COc1ccccc1N1CCN(CCCNC(=O)NN(Cc2ccc(C#N)cc2)c2ccc(Cl)cc2Cl)CC1,train,train,train,2,2,0.8472222,0.8472222,0.8472222
COc1ccccc1N1CCN(CCCNC(=O)NN(Cc2ccccc2)c2ccc(Br)cc2)CC1,train,train,train,2,2,0.85714287,0.85714287,0.8833333
COc1ccccc1N1CCN(CCCNC(=O)NN(Cc2ccccc2F)c2ccc(Br)cc2)CC1,train,train,train,2,2,0.8923077,0.8923077,0.7941176
COc1ccc(N(Cc2ccccc2)NC(=O)NCCCN2CCN(c3ccccc3OC)CC2)cc1,train,train,train,2,2,0.8888889,0.8888889,0.89830506
COc1ccc(N(Cc2ccccc2F)NC(=O)NCCCN2CCN(c3ccccc3OC)CC2)cc1,train,train,test,2,2,0.90625,0.90625,0.86567163
COc1ccc(N(Cc2cccc(F)c2)NC(=O)NCCCN2CCN(c3ccccc3OC)CC2)cc1,train,train,train,2,2,0.92424244,0.92424244,0.92424244
COc1ccc(N(Cc2ccc(F)cc2)NC(=O)NCCCN2CCN(c3ccccc3OC)CC2)cc1,train,train,train,2,2,0.93442625,0.93442625,0.93442625
COc1ccc(N(Cc2cccc(OC)c2)NC(=O)NCCCN2CCN(c3ccccc3OC)CC2)cc1,train,train,train,2,2,0.90909094,0.90909094,0.90909094
COc1ccc(N(Cc2ccc(C#N)cc2)NC(=O)NCCCN2CCN(c3ccccc3OC)CC2)cc1,train,train,train,2,2,0.884058,0.884058,0.8358209
C=CCN(NC(=O)NCCCN1CCN(c2ccccc2OC)CC1)c1ccc(OC)cc1,test,test,train,2,2,0.8,0.8,0.8
C=C(C)CN(NC(=O)NCCCN1CCN(c2ccccc2OC)CC1)c1ccc(OC)cc1,train,train,train,2,2,0.7846154,0.7846154,0.8
O=C(NCCCN1CCN(c2ccc(Cl)cc2)CC1)NN(Cc1ccccc1)c1ccccc1,test,train,test,3,3,0.877193,0.877193,0.8214286
O=C(NCCCN1CCN(c2ccc(Br)cc2)CC1)NN(Cc1ccccc1)c1ccccc1,train,train,test,3,3,0.877193,0.8867925,0.8867925
O=C(NCCCN1CCN(c2ncccn2)CC1)NN(Cc1ccccc1)c1ccccc1,train,test,train,3,3,0.875,0.875,0.875
O=C(NCCCN1CCN(c2ccc(Cl)cc2)CC1)NN(Cc1ccc(F)cc1)c1ccccc1,train,train,test,3,3,0.8360656,0.877193,0.734375
O=C(NCCCN1CCN(c2ccc(Br)cc2)CC1)NN(Cc1ccc(F)cc1)c1ccccc1,train,train,test,3,3,0.877193,0.877193,0.779661
O=C(NCCCN1CCN(c2ncccn2)CC1)NN(Cc1ccc(F)cc1)c1ccccc1,train,train,train,3,3,0.875,0.734375,0.875
O=C(NCCN1CCN(c2ccc(Br)cc2)CC1)NN(Cc1ccccc1)c1ccccc1,test,train,train,3,3,0.8867925,0.8867925,0.7241379
O=C(NCCCN1CCN(c2ccc(I)cc2)CC1)NN(Cc1ccccc1)c1ccccc1,train,train,train,3,3,0.8867925,0.8214286,0.7241379
O=C(NCCN1CCN(c2ccc(I)cc2)CC1)NN(Cc1ccccc1)c1ccccc1,train,test,test,3,3,0.8867925,0.8867925,0.8867925
N#Cc1cccc(N2CCN(CCCCNC(=O)c3ccc(-c4ccsc4)cc3)CC2)c1,train,train,train,3,3,0.5675676,0.5675676,0.5675676
CCCN1CC(c2ccc(N)nc2)OC[C@@H]1C,train,train,test,4,4,0.54545456,0.54545456,0.54545456
C[C@H]1COC(c2ccc(N)nc2)CN1CCCCOc1ccc2c(c1)NC(=O)CC2,train,train,train,4,4,0.54545456,0.54545456,0.40697673
COc1cc2c(cc1OC)C(=O)N(CCCCN1CCN(c3ccccn3)CC1)CCC2,train,train,test,2,2,0.6060606,0.6060606,0.6060606
Cc1cccc2cc(CNCc3ccccc3)c(Cl)nc12,test,test,train,4,4,0.36666667,0.36666667,0.39285713
Cc1ccc(C(=O)C2CCN(CC(=O)NC3CCCC3)CC2)cc1,train,train,train,3,3,0.43103448,0.40350878,0.43103448
COc1ccccc1OCCNCC1OCCOC1(c1ccccc1)c1ccccc1,train,train,train,4,4,0.55172414,0.55172414,0.55172414
COc1ccccc1N1CCN(CC2COCC(c3ccccc3)(c3ccccc3)O2)CC1,train,train,train,2,2,0.5423729,0.5423729,0.55932206
COc1ccccc1N1CCN(C[C@H]2OCCOC2(c2ccccc2)c2ccccc2)CC1,test,test,train,2,2,0.55932206,0.55932206,0.55932206
Cc1cc(Oc2nccc3occc23)ccc1-c1c(C)ncc2nccn12,train,train,train,4,4,0.578125,0.578125,0.7719298
Cc1ncc2nccn2c1-c1ccc(Oc2nccc3occc23)cc1C(F)(F)F,test,test,train,4,4,0.7719298,0.7719298,0.7719298
FC(F)(F)c1cc(Oc2nccc3occc23)ccc1-c1cccc2nccn12,train,train,train,4,4,0.64615387,0.64615387,0.73770493
FC(F)(F)c1cc(Oc2nccc3ccsc23)ccc1-c1cccc2nccn12,train,train,test,4,4,0.64615387,0.64615387,0.64615387
Cc1ccc(C2CCN(CC(=O)Nc3cccc(C)c3)CC2)cc1,train,train,train,3,3,0.8695652,0.8695652,0.8695652
Cc1cccc(NC(=O)CN2CCC(c3ccc(Cl)cc3)CC2)c1,train,train,train,3,3,0.8695652,0.8695652,0.8695652
CCc1cccc(NC(=O)CN2CCC(c3ccccn3)CC2)c1,train,train,train,4,4,0.5555556,0.5555556,0.62711865
CCc1cccc(NC(=O)CN2CCN(c3ccc(Cl)cn3)CC2)c1,train,train,train,3,3,0.68421054,0.68421054,0.68421054
O=C(CN1CCN(c2ccccn2)CC1)Nc1cccnc1,train,train,train,1,1,0.74509805,0.74509805,0.74509805
O=C(CN1CCN(c2ccc(Cl)cn2)CC1)Nc1cccnc1,train,train,train,3,3,0.74509805,0.74509805,0.74509805
O=C(CN1CCN(c2ccccn2)CC1)Nc1cncnc1,test,test,test,1,1,0.82608694,0.82608694,0.82608694
Cc1cccc(NC(=O)CCN2CCC(c3ccccn3)CC2)c1,test,test,train,4,4,0.62711865,0.62711865,0.62711865
COc1ccccc1N1CCN(CCCSc2nnc(-c3ccccc3)n2C)CC1,test,train,train,2,2,0.5483871,0.5483871,0.57377046
CCCN(CC[C@]1(O)C[C@H](NC(=O)c2ccc3ccccc3c2)C1)[C@H]1CCc2nc(N)sc2C1,train,train,train,4,4,0.35,0.35897437,0.38961038
O=C1NC2CCCCN2C12CCN(CCCN1c3ccccc3CCc3ccc(Cl)cc31)CC2,train,train,train,3,3,0.43283582,0.43283582,0.43283582
CC1=NC2(CCN(C)CC2)C(=O)N(c2c(C)cccc2C)C1=O,train,train,train,4,4,0.265625,0.265625,0.24637681
CCc1cc(Cl)c(OC)c(N2CCNCC2)c1,train,train,train,2,2,0.725,0.725,0.725
CCc1cccc(N2CCNCC2)c1Cl,train,train,train,3,3,0.6097561,0.6097561,0.6944444
CCc1cc(Cl)c(OC)c(N2CCN(C)CC2)c1,train,train,train,2,2,0.725,0.725,0.725
CCc1cccc(N2CCN(C)CC2)c1Cl,test,test,train,3,3,0.7105263,0.7105263,0.7105263
CCCCN1CCN(c2cc(CC)cc(Cl)c2OC)CC1,test,test,test,2,2,0.7380952,0.7380952,0.7380952
CCCCN1CCN(c2cccc(CC)c2Cl)CC1,train,train,train,3,3,0.6097561,0.6097561,0.7105263
CCc1cc(Cl)c(OC)c(N2CCN(CCCCNC(=O)c3cc4ccccc4[nH]3)CC2)c1,train,test,test,3,3,0.7777778,0.7777778,0.7777778
CCc1cc(Cl)c(OC)c(N2CCN(CC(O)CCNC(=O)c3cc4ccccc4[nH]3)CC2)c1,train,train,train,3,3,0.7777778,0.7236842,0.7236842
CCc1cc(Cl)c(OC)c(N2CCN(CCCCNC(=O)c3cc4ccccc4o3)CC2)c1,train,train,test,3,3,0.7746479,0.7746479,0.7746479
CCc1cc(Cl)c(OC)c(N2CCN(CC(O)CCNC(=O)c3cc4ccccc4o3)CC2)c1,train,train,train,3,3,0.7746479,0.7746479,0.7236842
CCc1cccc(N2CCN(CCCCNC(=O)c3cc4ccccc4[nH]3)CC2)c1Cl,train,train,train,3,3,0.81666666,0.81666666,0.81666666
CCc1cccc(N2CCN(CC(O)CCNC(=O)c3cc4ccccc4[nH]3)CC2)c1Cl,train,train,train,3,3,0.75757575,0.7647059,0.7647059
CCc1cccc(N2CCN(CCCCNC(=O)c3cc4ccccc4o3)CC2)c1Cl,train,train,test,3,3,0.75757575,0.75757575,0.75757575
CCc1cccc(N2CCN(CC(O)CCNC(=O)c3cc4ccccc4o3)CC2)c1Cl,train,train,train,3,3,0.75757575,0.75757575,0.7205882
CCc1cccc(N2CCN(CCCCNC(=O)c3cn4ccccc4n3)CC2)c1Cl,train,train,train,3,3,0.6617647,0.6617647,0.6617647
CCc1cccc(N2CCN(CCCCNC(=O)c3nc4sccn4c3C)CC2)c1Cl,test,test,test,3,3,0.64705884,0.64705884,0.64705884
CCc1c[nH]c(C(=O)NCCCCN2CCN(c3cccc(CC)c3Cl)CC2)n1,train,train,train,3,3,0.8333333,0.8333333,0.8333333
CCc1cccc(N2CCN(CCCCNC(=O)c3nc(C)c[nH]3)CC2)c1Cl,train,train,train,3,3,0.8333333,0.8333333,0.8333333
CCc1cccc(N2CCN(CC(O)CCNC(=O)c3nc(C)c[nH]3)CC2)c1Cl,train,train,train,3,3,0.75384617,0.75384617,0.75384617
CCc1cccc(N2CCN(C/C=C/CNC(=O)c3nc(C)c[nH]3)CC2)c1Cl,test,test,test,3,3,0.72307694,0.72307694,0.72307694
CCc1cccc(N2CCN(CCC(O)CNC(=O)c3cc4ccccc4[nH]3)CC2)c1Cl,test,train,train,3,3,0.828125,0.7647059,0.7647059
CN1CCc2cccc3c2C1Cc1ccc2nc(N)sc2c1-3,test,test,test,4,4,0.56363636,0.56363636,0.56363636
CNc1cc(OC)c(C(=O)N[C@@H]2CCN(Cc3ccccc3)[C@@H]2C)cc1Cl,test,test,test,3,3,0.7741935,0.7741935,0.7741935
