smiles,split_shipped,split_R0_from_D0,split_R2_from_D2,cluster_D0,cluster_D2,nn_ecfp4_sim_to_train_shipped,nn_ecfp4_sim_to_train_R0,nn_ecfp4_sim_to_train_R2
CCC(Cc1ccc(OC)c(C(=O)NCCc2ccc(C(F)(F)F)cc2)c1)C(=O)O,train,train,train,4,4,0.7096774,0.7096774,0.7
CCC(Cc1ccc(OC)c(C(=O)NCc2ccc(OC(F)(F)F)cc2)c1)C(=O)O,train,train,test,4,4,0.8113208,0.8113208,0.8113208
CCC(Cc1ccc(OC)c(CCCc2ccc(C(F)(F)F)cc2)c1)C(=O)O,train,train,test,4,4,0.7090909,0.7090909,0.72727275
CCSC(Cc1ccc(OC)c(C(=O)NCc2ccc(C(F)(F)F)cc2)c1)C(=O)O,test,test,test,4,4,0.7368421,0.7368421,0.7368421
CCOC(Cc1ccc(OC)c(C(=O)NCc2ccc(C(F)(F)F)cc2)c1)C(=O)O,train,train,train,4,4,0.75,0.75,0.75
CCC(Cc1ccc(OC)c(C(=O)NCc2ccc(Oc3ccccc3)cc2)c1)C(=O)O,test,test,train,4,4,0.8518519,0.8518519,0.84313726
COc1ccc(CC(C)C(=O)O)cc1C(=O)NCc1ccc(C(F)(F)F)cc1,train,train,train,4,4,0.75,0.75,0.75
CCC(Cc1ccc(OC)c(CNCc2ccc(C(F)(F)F)cc2)c1)C(=O)O,test,test,train,4,4,0.72727275,0.72727275,0.6666667
CCCC(Cc1ccc(OC)c(C(=O)NCc2ccc(C(F)(F)F)cc2)c1)C(=O)O,train,train,train,4,4,0.75,0.75,0.75
CCC(Cc1ccc(OC)c(C(=O)NCc2ccc(OC)cc2)c1)C(=O)O,train,train,train,4,4,0.8113208,0.8113208,0.84313726
CCC(Cc1ccc(OC)c(OCCc2ccc(C(F)(F)F)cc2)c1)C(=O)O,train,train,train,4,4,0.7090909,0.7090909,0.66101694
CC(C)OC(Cc1ccc(OCCc2noc(-c3ccccc3C(F)(F)F)n2)cc1)C(=O)O,train,train,train,3,3,0.71014494,0.71014494,0.71014494
CC(C)OC(Cc1ccc(OCc2noc(-c3ccccc3)n2)cc1)C(=O)O,train,train,test,3,3,0.8518519,0.8518519,0.8679245
CC(C)OC(Cc1ccc(OCc2noc(-c3ccc(OC(F)(F)F)cc3)n2)cc1)C(=O)O,train,train,train,3,3,0.8333333,0.8333333,0.8333333
Cc1cccc(-c2nc(COc3ccc(CC(OC(C)C)C(=O)O)cc3)no2)c1,train,train,train,3,3,0.8245614,0.8245614,0.8103448
CC(C)OC(Cc1ccc(OCc2noc(-c3ccc(F)cc3)n2)cc1)C(=O)O,test,test,train,3,3,0.84210527,0.84210527,0.8545455
CC(C)OC(Cc1ccc(OCc2noc(-c3cc(F)cc(F)c3)n2)cc1)C(=O)O,train,train,train,3,3,0.84745765,0.84745765,0.84210527
CC(C)OC(Cc1ccc(OCCc2noc(-c3cccc(Cl)c3)n2)cc1)C(=O)O,test,test,train,3,3,0.82258064,0.82258064,0.77272725
Cc1ccc(-c2nc(COc3ccc(CC(OC(C)C)C(=O)O)cc3)no2)cc1,test,test,train,3,3,0.8703704,0.8703704,0.8703704
CC(C)OC(Cc1ccc(OCc2noc(-c3ccc(Cl)cc3)n2)cc1)C(=O)O,train,train,train,3,3,0.85714287,0.85714287,0.85714287
CC(C)OC(Cc1ccc(OCc2noc(-c3ccc(C(F)(F)F)cc3)n2)cc1)C(=O)O,train,train,train,3,3,0.86206895,0.86206895,0.86206895
CC(C)OC(Cc1ccc(OCc2noc(-c3ccc(C(C)C)cc3)n2)cc1)C(=O)O,train,train,train,3,3,0.85714287,0.85714287,0.85714287
CC(C)OC(Cc1ccc(OCc2noc(-c3cccc(F)c3)n2)cc1)C(=O)O,train,train,test,3,3,0.8666667,0.8666667,0.84745765
Cc1ccccc1-c1nc(COc2ccc(CC(OC(C)C)C(=O)O)cc2)no1,train,train,train,3,3,0.7894737,0.7894737,0.7457627
CC(C)OC(Cc1ccc(OCCc2noc(-c3cccc(C(F)(F)F)c3)n2)cc1)C(=O)O,train,train,train,3,3,0.8125,0.8125,0.77272725
CC(C)OC(Cc1ccc(OCCc2noc(-c3cccc(F)c3)n2)cc1)C(=O)O,train,train,test,3,3,0.8666667,0.8666667,0.82258064
CC(C)OC(Cc1ccc(OCc2noc(-c3ccc(Br)cc3)n2)cc1)C(=O)O,train,train,train,3,3,0.8518519,0.8518519,0.8703704
CC(C)OC(Cc1ccc(OCc2noc(-c3ccc(C(C)(C)C)cc3)n2)cc1)C(=O)O,train,train,train,3,3,0.86206895,0.86206895,0.86206895
Cc1oc(-c2ccccc2)nc1CCOc1ccc(C[C@@](C)(Oc2ccccc2)C(=O)O)cc1,train,train,train,3,3,0.5846154,0.5846154,0.5846154
CC(C)(Oc1cccc(CCCN(Cc2ccc(C(F)(F)F)cc2C(F)(F)F)C(=O)COc2ccc(Cl)c(Cl)c2)c1)C(=O)O,train,train,train,3,3,0.73239434,0.73239434,0.73239434
CC(C)(Oc1cccc(CCCN(C(=O)Cc2ccc(C(F)(F)F)cc2)c2cccc(-c3ncon3)c2C2CC2)c1)C(=O)O,train,train,test,3,3,0.77380955,0.77380955,0.77380955
CC(C)(Oc1cccc(CCCN(C(=O)COc2ccc(Cl)c(Cl)c2)c2cccc(-c3ncon3)c2C2CC2)c1)C(=O)O,train,train,train,3,3,0.7241379,0.7241379,0.6931818
CC(C)(Oc1cccc(CCCN(C(=O)c2ccc(C(F)(F)F)c(C(F)(F)F)c2)c2cccc(-c3ncon3)c2C2CC2)c1)C(=O)O,train,train,train,3,3,0.77380955,0.77380955,0.6931818
CC(C)(Oc1cccc(CCCN(Cc2ccc(C(F)(F)F)cc2C(F)(F)F)C(=O)Cc2ccc(C(F)(F)F)cc2)c1)C(=O)O,train,train,train,4,4,0.73239434,0.73239434,0.73239434
CC(C)(Oc1cccc(CCCN(CCOC(=O)c2ccc(N=C=O)cc2)Cc2ccc(C(F)(F)F)cc2C(F)(F)F)c1)C(=O)O,train,train,train,4,4,0.6282051,0.6282051,0.6282051
CCO[C@@H](Cc1ccc(OCC=C(c2ccc(-c3ccco3)cc2)c2ccc(-c3ccco3)cc2)cc1)C(=O)O,train,train,train,3,3,0.76785713,0.76785713,0.76785713
CCO[C@@H](Cc1ccc(OCC=C(c2ccc(-c3ccccc3)cc2)c2ccc(-c3ccccc3)cc2)cc1)C(=O)O,train,train,train,3,3,0.87234044,0.87234044,0.87234044
CCO[C@@H](Cc1ccc(OCC=C(c2ccccc2)c2ccccc2)cc1)C(=O)O,train,train,train,3,3,0.87234044,0.87234044,0.87234044
CCO[C@@H](Cc1ccc(OCC=C(c2ccc(Br)cc2)c2ccc(Br)cc2)cc1)C(=O)O,train,train,train,3,3,0.8125,0.8125,0.8125
CCO[C@@H](Cc1ccc(OCC=C(c2ccc(C)cc2)c2ccc(C)cc2)cc1)C(=O)O,test,test,test,3,3,0.8367347,0.8367347,0.8367347
CCO[C@@H](Cc1ccc(OCC=C(c2ccc(OC)cc2)c2ccc(OC)cc2)cc1)C(=O)O,test,test,test,3,3,0.82978725,0.82978725,0.82978725
CCCCCCCN(CCc1ccc(OC(C)(C)C(=O)O)cc1)C(=O)Nc1ccc(F)cc1,train,train,train,3,3,0.5205479,0.5205479,0.5205479
CCCc1cc(Oc2ccccc2)ccc1OCCCOc1ccc(C2SC(=O)NC2=O)cc1CCC,train,train,train,3,3,0.58208954,0.58208954,0.58208954
CC(C)(Oc1ccc(CCN(C(=O)Nc2ccc(F)cc2F)C2CCCCCC2)cc1)C(=O)O,train,train,train,3,3,0.47945204,0.47945204,0.47945204
CC(C)(Oc1ccc(CCCN(CCc2c(F)cccc2Cl)C(=O)Nc2cccc(Cl)c2Cl)cc1)C(=O)O,train,train,train,3,3,0.5205479,0.5205479,0.5205479
CCCc1c(OCCCSc2ccc(CC(=O)O)cc2Cl)ccc2c(-c3ccccc3)coc12,train,train,train,3,3,0.8181818,0.8181818,0.75
COc1ccc(CC2SC(=O)NC2=O)cc1C(=O)NCc1ccc(C(F)(F)F)cc1,train,train,train,4,4,0.5873016,0.5873016,0.5873016
Cc1oc(-c2ccccc2)nc1CCOc1ccc(C[C@@H](C(=O)O)n2cccc2)cc1,train,train,train,3,3,0.5846154,0.5846154,0.5846154
NC(=O)C(Cc1ccc(OCCOc2ccc3ccccc3c2)cc1)C(=O)O,test,test,train,3,3,0.77272725,0.77272725,0.77272725
CCCc1c(OCCCSc2ccc(CC(=O)O)cc2Cl)ccc2c(-c3ccccc3)noc12,train,train,train,3,3,0.78571427,0.78571427,0.7887324
O=C(O)C(Cc1ccc(OCCOc2ccc3c(c2)CCCC3)cc1)C(=O)O,test,test,train,3,3,0.81395346,0.81395346,0.81395346
CCCc1c(OCCCOc2ccc(/C=C/C(=O)O)cc2)ccc2c(-c3ccccc3)noc12,train,train,train,3,3,0.7580645,0.7580645,0.9655172
CCCc1c(OCCCCOc2ccc(/C=C/C(=O)O)cc2)ccc2c(-c3ccccc3)noc12,test,test,train,3,3,0.9655172,0.9655172,0.9655172
CCCc1c(OCCCOc2ccc(CCCC(=O)O)cc2)ccc2c(-c3ccccc3)noc12,train,train,test,3,3,0.8333333,0.8333333,0.8333333
COC(=O)C(Cc1ccc(OCCOc2ccc3ccccc3c2)cc1)C(=O)O,train,train,train,3,3,0.902439,0.902439,0.77272725
COC(=O)C(Cc1ccc(OCCOc2ccc3c(c2)NCCC3)cc1)C(=O)O,train,train,train,3,3,0.92,0.92,0.92
CCCc1c(OCCCOc2ccc(OC(C)C(=O)O)cc2)ccc2c(-c3ccccc3)noc12,test,test,test,3,3,0.78333336,0.78333336,0.78333336
CCCc1c(OCCCCOc2ccc(OC(C)(C)C(=O)O)cc2)ccc2c(-c3ccccc3)noc12,train,train,train,3,3,0.78125,0.78125,0.78125
NC(=O)C(Cc1ccc(OCCOc2ccc3c(c2)NCCC3)cc1)C(=O)O,train,train,train,3,3,0.8113208,0.8113208,0.8113208
CCCCCCCCCCCCCCC(Br)C(=O)O,train,train,train,3,3,0.29310346,0.29310346,0.29310346
CCCc1c(OCCCCOc2cccc(C(C)(C)C(=O)O)c2)ccc2c(-c3ccccc3)noc12,train,train,train,3,3,0.73134327,0.73134327,0.73134327
COC(=O)C(Cc1ccc(OCCOc2ccc3c(c2)NCCC3)cc1)C(=O)OC,train,train,train,3,3,0.92,0.92,0.92
CCCc1c(OCCCCOc2ccc(CC(C)(C)C(=O)O)cc2)ccc2c(-c3ccccc3)noc12,train,train,train,3,3,0.78125,0.78125,0.78125
CCCc1c(OCCCOc2ccc(OCC(=O)O)cc2)ccc2c(-c3ccccc3)noc12,train,train,train,3,3,0.82758623,0.82758623,0.82758623
COC(=O)C(Cc1ccc(OCCOc2ccc3c(c2)CCCC3)cc1)C(=O)OC,train,train,train,3,3,0.90697676,0.90697676,0.90697676
CCCc1c(OCCCCOc2cccc(CC(=O)O)c2)ccc2c(-c3ccccc3)noc12,train,train,train,3,3,0.7903226,0.7903226,0.7903226
COC(=O)C(Cc1ccc(OCCOc2ccc3ccccc3c2)cc1)C(=O)OC,train,train,test,3,3,0.902439,0.902439,0.902439
CCCc1c(OCCCOc2ccc(CC(=O)O)cc2)ccc2c(-c3ccccc3)noc12,train,train,train,3,3,0.8333333,0.8333333,0.82758623
COC(=O)C(Cc1ccc(OCCOc2ccc3c(c2)CCCC3)cc1)C(=O)O,train,train,train,3,3,0.90697676,0.90697676,0.90697676
CC(C)(Sc1ccc(CCN(CCCCC2CCCCC2)C(=O)NC2CCCCC2)cc1)C(=O)O,train,train,train,3,3,0.7627119,0.7627119,0.46666667
COc1ccc(NC(=O)N(CCc2ccc(SC(C)(C)C(=O)O)cc2)CCc2ccc(-c3ccccc3)cc2)c(OC)c1,train,train,train,3,3,0.6527778,0.6527778,0.46666667
CC(C)c1ccc(NC(=O)N(CCc2ccc(SC(C)(C)C(=O)O)cc2)CCc2ccc(-c3ccccc3)cc2)cc1,test,test,test,3,3,0.609375,0.609375,0.60294116
CC(C)(Sc1ccc(CCN(CCc2ccc(-c3ccccc3)cc2)C(=O)NC2CCCCC2)cc1)C(=O)O,train,train,test,3,3,0.7627119,0.7627119,0.7627119
COc1ccccc1NC(=O)N(CCCCC1CCCCC1)CCc1ccc(SC(C)(C)C(=O)O)cc1,train,train,test,3,3,0.6911765,0.6911765,0.6911765
CCCn1c(CCCc2ccc(OC(C)(C)C(=O)O)cc2)nn(Cc2ccc(C)cc2)c1=O,train,train,train,3,3,0.6969697,0.6969697,0.39473686
Cc1ccc(Cn2nc(CCCc3ccc(OC(C)(C)C(=O)O)cc3)n(C)c2=O)cc1C,train,train,test,3,3,0.7758621,0.7758621,0.64615387
Cn1c(CCCc2ccc(OC(C)(C)C(=O)O)cc2)nn(Cc2ccc(C(C)(C)C)cc2)c1=O,train,train,test,3,3,0.7758621,0.7758621,0.67741936
CCCn1c(CCCc2ccc(OC(C)(C)C(=O)O)cc2)nn(CC2CCCCC2)c1=O,train,train,test,3,3,0.6969697,0.6969697,0.6969697
CCO[C@@H](Cc1ccc(OC/C=C/C#Cc2cccc(C#C/C=C/COc3ccc(C[C@H](OCC)C(=O)O)cc3)c2)cc1)C(=O)O,train,train,train,3,3,0.6034483,0.6034483,0.7647059
CCCc1c(OCCCSc2ccc(CC(=O)O)cc2Cl)ccc(/C(CC)=N/O)c1O,train,train,train,3,3,0.8095238,0.8095238,0.83870965
CCCc1c(OCCCSc2ccc(CC(=O)O)cc2Cl)ccc2c(C(F)(F)F)noc12,test,test,train,3,3,0.79710144,0.79710144,0.79710144
CCCc1c(OCCCSc2ccc(CC(=O)O)cc2Cl)ccc2c(CC)coc12,train,train,test,3,3,0.8181818,0.8181818,0.8181818
CCCc1c(OCCCSc2ccc(CC(=O)O)cc2Cl)ccc2c(CC)noc12,train,train,train,3,3,0.78571427,0.78571427,0.79710144
CCCc1c(OCCCSc2ccc(CC(=O)O)cc2Cl)ccc(C(C)=O)c1O,train,train,train,3,3,0.8095238,0.8095238,0.86440676
CCCc1c(OCCCSc2ccc(CC(=O)O)cc2Cl)ccc(C(=O)CC)c1O,test,test,train,3,3,0.86440676,0.86440676,0.86440676
Cc1cc(OCc2sc(-c3ccc(C(F)(F)F)cc3)nc2C)ccc1/C=C/C(=O)O,train,train,test,0,0,0.6769231,0.6769231,0.6875
Cc1nc(-c2ccc(C(F)(F)F)cc2)oc1COc1ccc(OCC(=O)O)cc1,train,train,train,0,0,0.82,0.82,0.82
Cc1nc(-c2ccc(C(F)(F)F)cc2)oc1CSc1ccc(OCC(=O)O)cc1,test,test,test,0,0,0.779661,0.779661,0.76363635
Cc1cc(OCc2sc(-c3ccc(C(F)(F)F)cc3)nc2C)ccc1CCC(=O)O,train,train,test,0,0,0.7758621,0.7758621,0.7758621
Cc1cc(SCc2oc(-c3ccc(C(F)(F)F)cc3)nc2C)ccc1OCC(=O)O,train,train,test,0,0,0.7258065,0.7258065,0.7258065
Cc1nc(-c2ccc(C(F)(F)F)cc2)sc1COc1ccc(CCC(=O)O)cc1,train,train,train,0,0,0.8181818,0.8181818,0.8181818
Cc1nc(-c2ccc(C(F)(F)F)cc2)oc1COc1ccc(CCC(=O)O)cc1,test,test,train,3,3,0.7777778,0.7777778,0.7777778
Cc1nc(-c2ccc(C(F)(F)F)cc2)oc1COc1ccc(C(=O)O)cc1,train,train,train,0,0,0.82,0.82,0.82
Cc1cc(OCc2oc(-c3ccc(C(F)(F)F)cc3)nc2C)ccc1OCC(=O)O,train,train,train,0,0,0.8,0.8,0.8
Cc1nc(-c2ccc(C(F)(F)F)cc2)sc1COc1ccc(CC(=O)O)cc1,train,train,train,0,0,0.8113208,0.8113208,0.8113208
CCO[C@H](Cc1ccc(OC/C=C/C#CC#C/C=C/COc2ccc(C[C@@H](OCC)C(=O)O)cc2)cc1)C(=O)O,test,test,train,3,3,0.7647059,0.7647059,0.7647059
CCO[C@@H](Cc1ccc(OC/C=C(/C)C#Cc2ccccc2)cc1)C(=O)O,test,test,train,3,3,0.85714287,0.85714287,0.9130435
CCO[C@H](Cc1ccc(OC/C=C(\C)C#Cc2ccc(C#C/C(C)=C/COc3ccc(C[C@@H](OCC)C(=O)O)cc3)cc2)cc1)C(=O)O,test,test,train,3,3,0.9347826,0.9347826,0.9347826
CCO[C@H](Cc1ccc(OC/C=C(/C)C#Cc2ccc(-c3ccc(C#C/C(C)=C/COc4ccc(C[C@@H](OCC)C(=O)O)cc4)cc3)cc2)cc1)C(=O)O,train,train,train,3,3,0.6727273,0.6727273,0.9347826
CCO[C@H](Cc1ccc(OCC/C=C/c2ccccc2)cc1)C(=O)O,test,test,train,3,3,0.62711865,0.62711865,0.64285713
CCCCC[C@H](O)C/C=C/[C@@H]1C[C@@H](O)[C@H]2C/C(=C/CCCC(=O)O)C[C@H]21,test,test,train,3,3,0.26785713,0.26785713,0.26785713
CCCc1c(OCCOc2ccc3c(ccn3CC(=O)O)c2)ccc2c(C(F)(F)F)noc12,train,train,train,3,3,0.953125,0.953125,0.953125
CCCc1c(OCCCOc2cccc3c2ccn3CC(=O)O)ccc2c(C(F)(F)F)noc12,train,train,train,3,3,0.7910448,0.7910448,0.7910448
CCCc1c(OCCCOc2ccc3c(ccn3CC(=O)O)c2)ccc2c(C(F)(F)F)noc12,train,train,train,3,3,0.96875,0.96875,0.96875
CCCc1c(OCCCOc2ccc3ccn(CC(=O)O)c3c2)ccc2c(C(F)(F)F)noc12,test,test,train,3,3,0.880597,0.880597,0.880597
CCCc1c(OCCCCOc2ccc3c(ccn3CC(=O)O)c2)ccc2c(C(F)(F)F)noc12,train,train,train,3,3,0.96875,0.96875,0.96875
CCCc1c(OCCCOc2ccc3c(ccn3Cc3nn[nH]n3)c2)ccc2c(C(F)(F)F)noc12,train,train,test,3,3,0.72,0.72,0.72
CCCc1c(OCCCOc2cccc3c2ccn3CC(=O)O)ccc2c(-c3ccccc3)noc12,train,train,train,3,3,0.7910448,0.7910448,0.7910448
CCCc1c(OCCCOc2ccc3c(ccn3CC(=O)O)c2)ccc2c(-c3ccccc3)noc12,train,train,train,3,3,0.7887324,0.7887324,0.7887324
CCCc1c(OCCCOc2cccc3c2ccn3CC(=O)O)ccc2cc[nH]c12,train,train,train,3,3,0.65217394,0.65217394,0.7121212
CCCc1c(OCCCOc2ccc3c(ccn3CC(=O)O)c2)ccc2c(C#N)c[nH]c12,test,test,train,3,3,0.72602737,0.72602737,0.72602737
CCCc1c(OCCCOc2ccc3c(ccn3CC(=O)O)c2)ccc2c(C(=O)C(F)(F)F)c[nH]c12,train,train,train,3,3,0.64935064,0.64935064,0.72602737
CCCc1c(OCCCOc2cccc3c2ccn3CC(=O)O)ccc2cc(-c3ccccc3)[nH]c12,test,test,train,3,3,0.7121212,0.7121212,0.7121212
CCCc1c(OCCCOc2cccc3c2ccn3CC(=O)O)ccc2c(-c3ccccc3)coc12,train,train,train,3,3,0.75757575,0.75757575,0.75757575
CCCc1c(OCCCOc2cccc3c2ccn3CC(=O)O)ccc2cc(-c3ccccc3)oc12,train,train,train,3,3,0.73134327,0.73134327,0.73134327
CC[C@@H](Cc1ccc(OC)c(CNC(=O)c2ccc(C(F)(F)F)c(F)c2)c1)C(=O)O,train,train,train,4,4,0.86440676,0.86440676,0.86440676
CCC(Cc1ccc(OC)c(CNC(=O)c2ccc(F)c(C(F)(F)F)c2)c1)C(=O)O,train,train,train,4,4,0.86440676,0.86440676,0.86440676
CCC(Cc1ccc(OC)c(C(=O)NCc2ccc(C(F)(F)F)c(F)c2)c1)C(=O)O,test,test,train,4,4,0.71428573,0.71428573,0.71428573
CCC(Cc1ccc(OC)c(C(=O)NCc2ccc(C(F)(F)F)cc2F)c1)C(=O)O,train,train,test,4,4,0.72307694,0.72307694,0.72307694
O=C(O)Cn1ccc2ccc(OCCCOc3ccc(C(=O)c4ccc(F)cc4)cc3)cc21,train,train,test,3,3,0.7457627,0.7457627,0.7457627
CCCc1cc(C(=O)c2ccc(F)cc2)ccc1OCCCOc1cccc2c1ccn2CC(=O)O,train,train,train,3,3,0.72727275,0.72727275,0.72727275
CCCc1cc(C(=O)c2ccc(F)cc2)ccc1OCCCOc1ccc2c(ccn2CC(=O)O)c1,train,train,train,3,3,0.87096775,0.87096775,0.87096775
CCCc1cc(C(=O)c2ccc(F)cc2)ccc1OCCCOc1ccc2ccn(CC(=O)O)c2c1,train,train,train,3,3,0.87096775,0.87096775,0.87096775
O=C(O)Cn1ccc2cc(OCCCOc3ccc4cc(C(=O)c5ccccc5)ccc4c3)ccc21,train,train,train,3,3,0.73770493,0.73770493,0.73770493
CCCc1c(OCCCOc2ccc3c(ccn3CC(=O)O)c2)ccc2cc(C(=O)c3ccccc3)ccc12,train,train,train,3,3,0.9047619,0.9047619,0.9047619
CCCc1c(OCCCOc2ccc3ccn(CC(=O)O)c3c2)ccc2cc(C(=O)c3ccccc3)ccc12,train,train,train,3,3,0.9047619,0.9047619,0.9047619
CC(C)(Oc1cccc(OCCCOc2ccc(Oc3ccc(F)cc3)cc2Cl)c1)C(=O)O,train,train,test,3,3,0.44117647,0.44117647,0.44117647
O=C(O)COc1ccc(OCc2cc(-c3ccccc3)cc(-c3ccccc3)c2)cc1,train,train,test,3,3,0.71428573,0.71428573,0.71428573
Cc1cc(OCc2cc(-c3ccc(C(F)(F)F)cc3)nc(-c3ccc(C(F)(F)F)cc3)n2)ccc1OCC(=O)O,train,train,train,0,0,0.8181818,0.8181818,0.8181818
Cc1cc(OCc2cc(-c3ccc(OC(F)(F)F)cc3)nc(-c3ccc(OC(F)(F)F)cc3)n2)ccc1OCC(=O)O,train,train,train,0,0,0.8181818,0.8181818,0.8181818
COc1ccc(-c2cc(COc3ccc(OCC(=O)O)c(C)c3)nc(-c3ccc(OC)cc3)n2)cc1,train,train,train,0,0,0.7924528,0.7924528,0.7924528
Cc1cc(OCc2nc(-c3ccc(C(F)(F)F)cc3)cc(-c3ccc(C(F)(F)F)cc3)n2)ccc1OCC(=O)O,test,test,train,0,0,0.8113208,0.8113208,0.8113208
Cc1cc(OCc2nc(-c3ccc(OC(F)(F)F)cc3)cc(-c3ccc(OC(F)(F)F)cc3)n2)ccc1OCC(=O)O,train,train,train,0,0,0.7818182,0.7818182,0.8113208
COc1ccc(-c2cc(-c3ccc(OC)cc3)nc(COc3ccc(OCC(=O)O)c(C)c3)n2)cc1,test,test,train,0,0,0.78431374,0.78431374,0.78431374
Cc1cc(OCc2cc(-c3ccc(-c4ccccc4)cc3)cc(-c3ccc(C(F)(F)F)cc3)c2)ccc1OCC(=O)O,train,train,train,0,0,0.93877554,0.93877554,0.93877554
Cc1ccc(-c2cc(COc3ccc(OCC(=O)O)c(C)c3)cc(-c3ccc(C(F)(F)F)cc3)c2)cc1,train,train,train,0,0,0.9583333,0.9583333,0.9583333
COc1ccc(-c2cc(COc3ccc(OCC(=O)O)c(C)c3)cc(-c3ccc(C(F)(F)F)cc3)c2)cc1,train,train,train,0,0,0.92,0.92,0.92
Cc1cc(OCc2cc(-c3ccc(OC(F)(F)F)cc3)cc(-c3ccc(C(F)(F)F)cc3)c2)ccc1OCC(=O)O,train,train,train,0,0,0.9019608,0.9019608,0.9019608
Cc1cc(OCc2cc(-c3ccc(C(F)(F)F)cc3)cc(-c3cccc(C(F)(F)F)c3)c2)ccc1OCC(=O)O,train,train,train,0,0,0.8888889,0.8888889,0.8888889
Cc1cc(OCc2cc(-c3ccc(OC(F)(F)F)cc3)cc(-c3ccc(OC(F)(F)F)cc3)c2)ccc1OCC(=O)O,train,train,test,0,0,0.9019608,0.9019608,0.9019608
Cc1cc(OCc2cc(-c3ccc(Cl)cc3)cc(-c3ccc(Cl)cc3)c2)ccc1OCC(=O)O,train,train,train,0,0,0.80851066,0.80851066,0.80851066
Cc1cc(OCc2cc(-c3ccc(N(C)C)cc3)cc(-c3ccc(N(C)C)cc3)c2)ccc1OCC(=O)O,train,train,train,0,0,0.7755102,0.7755102,0.7755102
COc1ccc(-c2cc(COc3ccc(OCC(=O)O)c(C)c3)cc(-c3ccc(OC)cc3)c2)cc1,train,train,train,0,0,0.84,0.84,0.84
O=C(O)Cc1ccc(SCc2cc(-c3ccc(C(F)(F)F)cc3)cc(-c3ccc(C(F)(F)F)cc3)c2)c(Cl)c1,train,train,train,4,4,0.6296296,0.6296296,0.6296296
O=C(O)Cc1ccc(OCc2cc(-c3ccc(C(F)(F)F)cc3)cc(-c3ccc(C(F)(F)F)cc3)c2)c(Cl)c1,train,train,train,4,4,0.6296296,0.6296296,0.6296296
Cc1cc(SCc2cc(-c3ccc(C(F)(F)F)cc3)cc(-c3ccc(C(F)(F)F)cc3)c2)ccc1OCC(=O)O,train,train,test,0,0,0.69491524,0.69491524,0.69491524
Cc1cc(OCC(=O)O)ccc1OCc1cc(-c2ccc(C(F)(F)F)cc2)cc(-c2ccc(C(F)(F)F)cc2)c1,train,train,train,0,0,0.9166667,0.9166667,0.9166667
Cc1cc(OCc2cc(-c3ccc(C(F)(F)F)cc3)cc(-c3ccc(C(F)(F)F)cc3)c2)ccc1OCC(=O)O,train,train,train,0,0,0.9583333,0.9583333,0.9583333
Cc1cc(OCc2cc(-c3ccccc3)cc(-c3ccccc3)c2)ccc1OCC(=O)O,train,train,train,0,0,0.82222223,0.82222223,0.82222223
CC(C)(Oc1ccc(OCc2cc(-c3ccc(C(F)(F)F)cc3)cc(-c3ccc(C(F)(F)F)cc3)c2)cc1)C(=O)O,train,train,test,0,0,0.70212764,0.70212764,0.6034483
O=C(O)COc1ccc(OCc2cc(-c3ccc(C(F)(F)F)cc3)cc(-c3ccc(C(F)(F)F)cc3)c2)cc1,train,train,test,0,0,0.75,0.75,0.75
Cc1onc(-c2c(Cl)cccc2Cl)c1C(=O)OCCOc1ccc(C(F)(F)F)cc1[N+](=O)[O-],train,train,train,3,3,0.56626505,0.56626505,0.56626505
Cc1onc(-c2ccc(CC(=O)O)cc2Cl)c1COCCOc1ccc(C(F)(F)F)cc1[N+](=O)[O-],train,train,train,3,3,0.7468355,0.7468355,0.7468355
Cc1onc(-c2ccc(CC(=O)O)cc2Cl)c1C(=O)NCCOc1ccc(C(F)(F)F)cc1[N+](=O)[O-],train,train,train,4,4,0.7468355,0.7468355,0.8108108
Cc1onc(-c2ccc(CC(=O)O)cc2Cl)c1C(=O)NCCOc1ccc(C(F)(F)F)cc1C(F)(F)F,test,test,train,4,4,0.8108108,0.8108108,0.8108108
Cc1onc(-c2ccc(CC(=O)O)cc2Cl)c1C(=O)NCCOc1ccc(Cl)cc1Cl,test,test,test,3,3,0.828125,0.828125,0.828125
CCc1onc(-c2ccc(CC(=O)O)cc2Cl)c1C(=O)NCCOc1ccc(Cl)cc1Cl,train,train,train,3,3,0.7910448,0.7910448,0.7910448
CC(C)c1onc(-c2ccc(CC(=O)O)cc2Cl)c1C(=O)NCCOc1ccc(Cl)cc1Cl,train,train,train,3,3,0.7910448,0.7910448,0.7910448
CC(C)(C)c1onc(-c2ccc(CC(=O)O)cc2Cl)c1C(=O)NCCOc1ccc(Cl)cc1Cl,test,test,train,3,3,0.7910448,0.7910448,0.7910448
O=C(O)Cc1ccc(-c2noc(C3CC3)c2C(=O)NCCOc2ccc(Cl)cc2Cl)c(Cl)c1,train,train,train,3,3,0.7647059,0.7647059,0.7647059
O=C(O)Cc1ccc(-c2noc(-c3ccco3)c2C(=O)NCCOc2ccc(Cl)cc2Cl)c(Cl)c1,train,train,train,3,3,0.8169014,0.8169014,0.8169014
O=C(O)Cc1ccc(-c2noc(-c3ccccc3)c2C(=O)NCCOc2ccc(Cl)cc2Cl)c(Cl)c1,train,train,train,3,3,0.8507463,0.8507463,0.8507463
CN(CCOc1ccc(Cl)cc1Cl)C(=O)c1c(-c2ccc(CC(=O)O)cc2Cl)noc1-c1ccccc1,train,train,train,3,3,0.74285716,0.74285716,0.74285716
O=C(O)Cc1ccc(-c2noc(-c3ccccc3)c2COCCOc2ccc(Cl)cc2Cl)c(Cl)c1,test,test,test,3,3,0.7058824,0.7058824,0.7058824
O=C(O)Cc1ccc(-c2noc(-c3ccccc3)c2C(=O)CCCOc2ccc(Cl)cc2Cl)c(Cl)c1,train,train,train,3,3,0.76119405,0.76119405,0.76119405
CCOC(Cc1cccc2c1ccn2CCCc1nc(-c2ccccc2)oc1C)C(=O)O,train,train,train,3,3,0.6111111,0.6111111,0.6111111
CCOC(Cc1ccc2c(ccn2Cc2nc(-c3ccccc3C)oc2C)c1)C(=O)O,train,train,train,3,3,0.8484849,0.8484849,0.828125
CCOC(Cc1ccc2c(ccn2Cc2nc(-c3ccccc3Cl)oc2C)c1)C(=O)O,train,train,test,3,3,0.8484849,0.8484849,0.8484849
CCOC(Cc1ccc2c(ccn2Cc2nc(-c3cccc(Cl)c3)oc2C)c1)C(=O)O,train,train,train,3,3,0.8636364,0.8636364,0.8636364
CCOC(Cc1ccc2c(ccn2Cc2nc(-c3ccc(C(F)(F)F)cc3)oc2C)c1)C(=O)O,train,train,train,3,3,0.88235295,0.88235295,0.88235295
CCOC(Cc1ccc2c(ccn2Cc2nc(-c3ccc(CC)cc3)oc2C)c1)C(=O)O,train,train,test,3,3,0.84126985,0.84126985,0.8852459
CCOC(Cc1ccc2c(ccn2Cc2nc(-c3ccc(C(C)C)cc3)oc2C)c1)C(=O)O,test,test,test,3,3,0.859375,0.859375,0.84375
CCOC(Cc1ccc2c(ccn2Cc2nc(-c3cc(C)cc(C)c3)oc2C)c1)C(=O)O,train,train,train,3,3,0.84375,0.84375,0.8548387
CCOC(Cc1ccc2c(ccn2Cc2nc(-c3cc(Cl)cc(Cl)c3)oc2C)c1)C(=O)O,train,train,train,3,3,0.8636364,0.8636364,0.8636364
CCOC(Cc1ccc2c(ccn2Cc2nc(-c3cc(OC)cc(OC)c3)oc2C)c1)C(=O)O,train,train,train,3,3,0.84375,0.84375,0.84375
CCOC(Cc1ccc2c(ccn2Cc2nc(-c3ccc(F)c(C)c3)oc2C)c1)C(=O)O,train,train,train,3,3,0.80597013,0.80597013,0.7910448
CCCOC(Cc1ccc2c(ccn2Cc2nc(-c3ccc(C(F)(F)F)cc3)oc2C)c1)C(=O)O,train,train,train,3,3,0.88235295,0.88235295,0.88235295
Cc1oc(-c2ccc(C(F)(F)F)cc2)nc1Cn1ccc2cc(CC(OC(C)C)C(=O)O)ccc21,train,train,train,3,3,0.82608694,0.82608694,0.82608694
CCOC(Cc1ccc2c(c1)c(C)cn2Cc1nc(-c2ccc(C(F)(F)F)cc2)oc1C)C(=O)O,test,test,train,3,3,0.7777778,0.7777778,0.7777778
CCOC(Cc1ccc2c(ccn2Cc2nc(-c3ccccc3)oc2C)c1)C(=O)O,test,test,train,3,3,0.8852459,0.8852459,0.8548387
CCCc1cc(C(F)(F)F)ncc1OCCCOc1ccc(OCC(=O)O)c(C)c1,train,train,train,0,0,0.7413793,0.7413793,0.7413793
CCCc1cc(C(F)(F)F)ccc1OCCCOc1ccc(OCC(=O)O)c(C)c1,train,train,train,0,0,0.7413793,0.7413793,0.8181818
CCCc1cc(C(F)(F)F)ccc1OCCCOc1ccc(OCC(=O)OC)c(C)c1,test,test,train,0,0,0.8301887,0.8301887,0.8301887
CCCc1cc(C(F)(F)F)ccc1OCCCOc1ccc(OCC(=O)OC)cc1,train,train,train,4,4,0.6666667,0.6666667,0.8301887
CCCc1c(OCCCOc2ccc(OCC(=O)OC)cc2)cnc(C(C)=O)c1O,train,train,train,3,3,0.7037037,0.7037037,0.7037037
CC(=O)c1ccc(OCCCOc2ccc(OCC(=O)O)cc2)cc1O,train,train,train,3,3,0.45454547,0.45454547,0.48979592
CCCc1ccccc1OCCCOc1ccc(OCC(=O)OC)cc1,test,test,train,3,3,0.6666667,0.6666667,0.6666667
CCCc1c(OCCCOc2ccc(OCC(=O)OC)cc2)ccc(C(C)=O)c1O,train,train,train,3,3,0.7037037,0.7037037,0.7037037
CCc1ccc(OCCCOc2ccc(OC(C)(C)C(=O)O)cc2)c(C(=O)c2ccccc2)c1,train,train,train,3,3,0.4915254,0.4915254,0.7586207
CCc1cc(OCC[C@@H](C)Oc2ccc(Cl)cc2Oc2ccccc2)ccc1CCC(=O)O,test,test,train,3,3,0.84745765,0.84745765,0.8333333
C[C@H](CCOc1ccc(CCC(=O)O)c(F)c1)Oc1ccc(Cl)cc1Oc1ccccc1,train,train,test,3,3,0.82258064,0.82258064,0.84745765
C[C@H](CCOc1ccc(CCC(=O)O)c(C(F)(F)F)c1)Oc1ccc(Cl)cc1Oc1ccccc1,train,train,train,3,3,0.82258064,0.82258064,0.78125
Cc1cc(OCC[C@@H](C)Oc2ccc(C(F)(F)F)cc2Oc2ccccc2)ccc1CCC(=O)O,train,train,train,3,3,0.8125,0.8125,0.8125
Cc1cc(OCC[C@@H](C)Oc2ccc(OC(F)(F)F)cc2Oc2ccccc2)ccc1CCC(=O)O,train,train,train,3,3,0.8125,0.8125,0.8125
Cc1cc(OCC[C@@H](C)Oc2ccc(Cl)cc2Oc2ccccc2)ccc1CCC(=O)O,test,test,train,3,3,0.84745765,0.84745765,0.8333333
CCc1ccc(O[C@H](C)CCOc2ccc(CCC(=O)O)c(C)c2)c(Oc2ccccc2)c1,train,train,train,3,3,0.7903226,0.7903226,0.7903226
CCc1ccc(OC(C)CCOc2ccc(CCC(=O)O)c(C)c2)c(Cc2ccccc2)c1,train,train,test,3,3,0.7903226,0.7903226,0.7903226
CCCC(CCOc1ccc(CCC(=O)O)c(C)c1)Oc1ccc(CC)cc1C(=O)c1ccccc1,train,train,train,3,3,0.88709676,0.88709676,0.88709676
CCc1ccc(OC(CC)CCOc2ccc(CCC(=O)O)c(C)c2)c(C(=O)c2ccccc2)c1,train,train,train,3,3,0.88709676,0.88709676,0.88709676
CCc1ccc(OC(C)CCOc2ccc(OC(C)(C)C(=O)O)cc2)c(C(=O)c2ccccc2)c1,test,test,train,3,3,0.7586207,0.7586207,0.7586207
CCCc1c(OCCCn2ccc3ccc(OC(C)(C)C(=O)O)cc32)ccc2cc(C(=O)c3ccccc3)ccc12,train,train,train,3,3,0.7916667,0.7916667,0.78571427
CCCc1c(OCCCn2ccc3c(OC(C)(C)C(=O)O)cccc32)ccc2cc(C(=O)c3ccccc3)ccc12,train,train,test,3,3,0.7916667,0.7916667,0.7916667
CCCc1c(OCCCn2ccc3ccc(OCC(=O)O)cc32)ccc2cc(C(=O)c3ccccc3)ccc12,test,test,train,3,3,0.7910448,0.7910448,0.7910448
O=C(O)Cc1ccc(CNc2cccc(-c3c(Cc4ccccc4)cnc4c(C(F)(F)F)cccc34)c2)cc1,test,test,train,3,3,0.8032787,0.8032787,0.8032787
O=C(O)Cc1cccc(-c2noc(-c3ccccc3Cl)c2C(=O)NCCOc2ccc(Cl)cc2Cl)c1,train,train,train,3,3,0.8695652,0.8695652,0.8769231
Cc1ccccc1-c1onc(-c2cccc(CC(=O)O)c2)c1C(=O)NCCOc1ccc(Cl)cc1Cl,train,train,test,3,3,0.8695652,0.8695652,0.8695652
O=C(O)Cc1cccc(-c2noc(-c3ccco3)c2C(=O)NCCOc2ccc(Cl)cc2Cl)c1,train,train,train,3,3,0.8169014,0.8169014,0.8235294
CC(C)c1onc(-c2cccc(CC(=O)O)c2)c1C(=O)NCCOc1ccc(Cl)cc1Cl,test,test,train,3,3,0.7826087,0.7826087,0.7826087
COc1ccc(CC(=O)O)cc1-c1noc(-c2ccccc2)c1C(=O)NCCOc1ccc(Cl)cc1Cl,train,train,train,3,3,0.8507463,0.8507463,0.8507463
O=C(O)CCc1cccc(-c2noc(-c3ccccc3)c2C(=O)NCCOc2ccc(Cl)cc2Cl)c1,train,train,train,3,3,0.75,0.75,0.84615386
O=C(O)Cc1cccc(-c2noc(-c3ccccc3)c2C(=O)NCCOc2ccc(Cl)cc2Cl)c1,test,test,train,3,3,0.8769231,0.8769231,0.8769231
Cc1cc(-c2noc(-c3ccccc3)c2C(=O)NCCOc2ccc(Cl)cc2Cl)ccc1OCC(=O)O,train,train,train,0,0,0.73913044,0.73913044,0.73913044
O=C(O)Cc1ccc(-c2noc(-c3ccccc3)c2C(=O)NCCOc2ccc(Cl)cc2Cl)cc1,train,train,train,3,3,0.84375,0.84375,0.85714287
CCCOC(=O)N1CCc2c(OCCc3nc(-c4ccc(-c5ccccc5)cc4)oc3C)ccc(CCC(=O)O)c2C1,train,train,train,3,3,0.7972973,0.7972973,0.7972973
C#CCOC(=O)N1CCc2c(OCCc3nc(-c4ccccc4)oc3C)ccc(CCC(=O)O)c2C1,train,train,train,3,3,0.7972973,0.7972973,0.7972973
Cc1nc(-c2ccc(C(F)(F)F)cc2)sc1CCc1ccc(OC(C)(C)C(=O)O)cc1,train,train,train,0,0,0.7288136,0.7288136,0.78571427
Cc1cc(CCc2sc(-c3ccc(C(F)(F)F)cc3)nc2C)ccc1OCC(=O)O,train,train,test,0,0,0.6617647,0.6617647,0.75
CC(C)(Oc1ccc(CNC(=O)c2sc(-c3ccc(C(F)(F)F)cc3)nc2C(F)(F)F)cc1)C(=O)O,train,train,test,4,4,0.7288136,0.7288136,0.7288136
Cc1nc(C(=O)NCc2ccc(OC(C)(C)C(=O)O)cc2)c(C)s1,train,train,train,3,3,0.6034483,0.6034483,0.6034483
Cc1nc(-c2ccccc2C(F)(F)F)sc1C(=O)NCc1ccc(OC(C)(C)C(=O)O)cc1,train,train,train,3,3,0.73770493,0.73770493,0.73770493
Cc1nc(-c2ccc(Cl)cc2)sc1C(=O)NCc1ccc(OC(C)(C)C(=O)O)cc1,train,train,train,3,3,0.8363636,0.8363636,0.8363636
Cc1nc(-c2ccc(OC(F)(F)F)cc2)sc1C(=O)NCc1ccc(OC(C)(C)C(=O)O)cc1,train,train,train,3,3,0.8363636,0.8363636,0.8363636
Cc1nc(-c2ccc(C(F)(F)F)cc2)sc1CNC(=O)c1ccc(OC(C)(C)C(=O)O)cc1,train,train,test,4,4,0.7288136,0.7288136,0.79310346
Cc1nc(-c2ccc(C(F)(F)F)cc2)sc1CNCc1ccc(OC(C)(C)C(=O)O)cc1,test,test,train,4,4,0.8135593,0.8135593,0.8135593
CCOc1cc(C)ccc1OCCCOc1ccc2c(c1)CC[C@H]2CC(=O)O,train,train,train,2,2,0.7924528,0.7924528,0.8301887
COc1cc(C#N)ccc1OCCCOc1ccc2c(c1)CC[C@H]2CC(=O)O,train,train,test,2,2,0.7924528,0.7924528,0.7924528
CCc1ccc(OCCCOc2ccc3c(c2)CC[C@H]3CC(=O)O)c(OC)c1,test,test,test,2,2,0.8039216,0.8039216,0.8039216
COc1cc(C)ccc1OCCCOc1ccc2c(c1)CC[C@H]2CC(=O)O,test,test,train,2,2,0.8301887,0.8301887,0.8301887
CCCc1cc(Oc2ccccc2)ccc1OCCCOc1ccc2c(c1)CC[C@H]2CC(=O)O,train,train,train,2,2,0.8245614,0.8245614,0.8245614
CCCc1cc(C#N)ccc1OCCCOc1ccc2c(c1)CC[C@H]2CC(=O)O,train,train,train,2,2,0.76666665,0.76666665,0.76363635
CCCc1cc(C(F)(F)F)ccc1OCCCOc1ccc2c(c1)CC[C@H]2CC(=O)O,train,train,train,2,2,0.75,0.75,0.75
CCCc1ccccc1OCCCOc1ccc2c(c1)CC[C@H]2CC(=O)O,train,train,train,2,2,0.8245614,0.8245614,0.8245614
Cc1ccc(OCCCOc2ccc3c(c2)CC[C@H]3CC(=O)O)c(C)c1,train,train,train,2,2,0.7924528,0.7924528,0.8076923
COc1cccc(OCCCOc2ccc3c(c2)CC[C@H]3CC(=O)O)c1,train,train,train,2,2,0.8666667,0.8666667,0.8666667
Cc1ccc(OCCCOc2ccc3c(c2)CC[C@H]3CC(=O)O)cc1C,train,train,train,2,2,0.7708333,0.7708333,0.7708333
Cc1cccc(OCCCOc2ccc3c(c2)CC[C@H]3CC(=O)O)c1,train,train,train,2,2,0.7916667,0.7916667,0.7916667
O=C(O)C[C@@H]1CCc2cc(OCCCOc3ccc(-c4ccccc4)cc3)ccc21,train,train,train,2,2,0.8039216,0.8039216,0.8039216
N#Cc1ccc(OCCCOc2ccc3c(c2)CC[C@H]3CC(=O)O)cc1,train,train,train,2,2,0.7924528,0.7924528,0.76363635
CCOc1ccc(OCCCOc2ccc3c(c2)CC[C@H]3CC(=O)O)cc1,train,train,train,2,2,0.82608694,0.82608694,0.82608694
COc1ccc(OCCCOc2ccc3c(c2)CC[C@H]3CC(=O)O)cc1,train,train,train,2,2,0.8666667,0.8666667,0.8666667
O=C(O)C[C@@H]1CCc2cc(OCCCOc3ccc(OC(F)(F)F)cc3)ccc21,train,train,test,2,2,0.79591835,0.79591835,0.79591835
O=C(O)C[C@@H]1CCc2cc(OCCCOc3ccc(C(F)(F)F)cc3)ccc21,train,train,train,2,2,0.79591835,0.79591835,0.7818182
CCc1ccc(OCCCOc2ccc3c(c2)CC[C@H]3CC(=O)O)cc1,train,train,train,2,2,0.82608694,0.82608694,0.82608694
O=C(O)C[C@@H]1CCc2cc(OCCCOc3ccc(-c4ccc(C(F)(F)F)cn4)cc3)ccc21,train,train,train,2,2,0.7818182,0.7818182,0.7818182
Cc1cccc(-c2ccc(OCCCOc3ccc4c(c3)CC[C@H]4CC(=O)O)cc2)n1,train,train,train,2,2,0.7222222,0.7222222,0.7222222
COc1ncc(-c2ccc(OCCCOc3ccc4c(c3)CC[C@H]4CC(=O)O)cc2)c(OC)n1,train,train,train,2,2,0.7017544,0.7017544,0.7017544
O=C(O)C[C@@H]1CCc2cc(OCCCOc3ccc(-c4cncnc4)cc3)ccc21,train,train,test,2,2,0.8113208,0.8113208,0.8113208
COc1ccncc1-c1ccc(OCCCOc2ccc3c(c2)CC[C@H]3CC(=O)O)cc1,train,train,test,2,2,0.6935484,0.6935484,0.6935484
O=C(O)C[C@@H]1CCc2cc(OCCCOc3ccc(-c4cccnc4)cc3)ccc21,train,train,train,2,2,0.8113208,0.8113208,0.8039216
O=C(O)C[C@@H]1CCc2cc(OCCCOc3ccc(-c4ccc5cc[nH]c5c4)cc3)ccc21,train,train,train,2,2,0.8627451,0.8627451,0.7962963
O=C(O)C[C@@H]1CCc2cc(OCCCOc3ccc(-c4ccoc4)cc3)ccc21,train,train,train,2,2,0.7647059,0.7647059,0.7647059
O=C(O)C[C@@H]1CCc2cc(OCCCOc3ccc(-c4ccsc4)cc3)ccc21,test,test,train,2,2,0.7647059,0.7647059,0.7647059
Cc1cc(-c2nc(C(F)(F)F)ns2)ccc1OCCCOc1ccc2c(c1)CC[C@H]2CC(=O)O,train,train,test,2,2,0.6282051,0.6282051,0.6282051
O=C(O)C[C@@H]1CCc2cc(OCCCOc3ccc(-n4cnnc4)cc3Cl)ccc21,test,test,train,2,2,0.61538464,0.61538464,0.59375
CC(=O)Nc1cc(-n2ccnn2)ccc1OCCCOc1ccc2c(c1)CC[C@H]2CC(=O)O,test,test,test,2,2,0.5555556,0.5555556,0.5753425
O=C(O)C[C@@H]1CCc2cc(OCCCOc3ccc(-n4cncn4)cc3)ccc21,train,train,test,2,2,0.67241377,0.67241377,0.64285713
CCCc1cc(-c2nc3c(s2)CCC3)ccc1OCCCOc1ccc2c(c1)CC[C@H]2CC(=O)O,train,train,train,2,2,0.969697,0.969697,0.969697
O=C(O)C[C@@H]1CCc2cc(OCCCOc3ccc(-c4nc5c(s4)CCC5)cc3)ccc21,test,test,train,2,2,0.8153846,0.8153846,0.8153846
COc1cc(-c2nc(C)c(C)s2)ccc1OCCCOc1ccc2c(c1)CC[C@H]2CC(=O)O,train,train,train,2,2,0.8484849,0.8484849,0.86153847
Cc1nc(-c2ccc(OCCCOc3ccc4c(c3)CC[C@H]4CC(=O)O)cc2)sc1C,train,train,train,2,2,0.8448276,0.8448276,0.8448276
COc1cc(-c2nc(C(F)(F)F)cs2)ccc1OCCCOc1ccc2c(c1)CC[C@H]2CC(=O)O,train,train,train,2,2,0.8055556,0.8055556,0.8055556
CCCc1cc(-c2nc(C(F)(F)F)cs2)ccc1OCCCOc1ccc2c(c1)CC[C@H]2CC(=O)O,train,train,train,2,2,0.87142855,0.87142855,0.8142857
CCCc1cc(-c2nc(C(C)(C)C)cs2)ccc1OCCCOc1ccc2c(c1)CC[C@H]2CC(=O)O,train,train,test,2,2,0.87142855,0.87142855,0.87142855
CCc1csc(-c2ccc(OCCCOc3ccc4c(c3)CC[C@H]4CC(=O)O)c(OC)c2)n1,test,test,train,2,2,0.84615386,0.84615386,0.84615386
CCCc1cc(-c2nc(CC)cs2)ccc1OCCCOc1ccc2c(c1)CC[C@H]2CC(=O)O,test,test,train,2,2,0.8382353,0.8382353,0.921875
CCc1csc(-c2ccc(OCCCOc3ccc4c(c3)CC[C@H]4CC(=O)O)cc2)n1,train,train,train,2,2,0.8360656,0.8360656,0.8360656
COc1cc(-c2nc(C)cs2)ccc1OCCCOc1ccc2c(c1)CC[C@H]2CC(=O)O,test,test,train,2,2,0.84615386,0.84615386,0.84615386
COc1cc(-c2nccs2)ccc1OCCCOc1ccc2c(c1)CC[C@H]2CC(=O)O,train,train,train,2,2,0.7878788,0.7878788,0.7878788
CCCc1cc(-c2nccs2)ccc1OCCCOc1ccc2c(c1)CC[C@H]2CC(=O)O,train,train,train,2,2,0.7878788,0.7878788,0.7878788
Cc1nc(-c2ccc(OCCCOc3ccc4c(c3)CC[C@H]4CC(=O)O)cc2)sc1C(=O)O,train,train,train,2,2,0.8448276,0.8448276,0.87931037
COc1cc(-c2nc(C)c(C(=O)N(C)C)s2)ccc1OCCCOc1ccc2c(c1)CC[C@H]2CC(=O)O,test,test,train,2,2,0.8405797,0.8405797,0.85294116
CCCc1cc(-c2nc(C)c(C(=O)N(C)C)s2)ccc1OCCCOc1ccc2c(c1)CC[C@H]2CC(=O)O,train,train,test,2,2,0.8450704,0.8450704,0.8450704
COc1cc(-c2nc(C)c(C(C)=O)s2)ccc1OCCCOc1ccc2c(c1)CC[C@H]2CC(=O)O,train,train,train,2,2,0.8484849,0.8484849,0.8923077
CCCc1cc(-c2nc(C)c(C(C)=O)s2)ccc1OCCCOc1ccc2c(c1)CC[C@H]2CC(=O)O,train,train,train,2,2,0.8450704,0.8450704,0.8030303
CC(=O)c1sc(-c2ccc(OCCCOc3ccc4c(c3)CC[C@H]4CC(=O)O)cc2)nc1C,test,test,train,2,2,0.87931037,0.87931037,0.87931037
COc1cc(-c2nc3ccccc3s2)ccc1OCCCOc1ccc2c(c1)CC[C@H]2CC(=O)O,train,train,train,2,2,0.75714284,0.75714284,0.75714284
COc1cc(-c2nc3c(s2)CCCO3)ccc1OCCCOc1ccc2c(c1)CC[C@H]2CC(=O)O,train,train,train,2,2,0.7916667,0.7916667,0.7916667
CCCc1cc(C2=NC3OCCCC3S2)ccc1OCCCOc1ccc2c(c1)CC[C@H]2CC(=O)O,test,test,train,2,2,0.6455696,0.6455696,0.6455696
COc1cc(-c2nc3c(s2)CCCC3)ccc1OCCCOc1ccc2c(c1)CC[C@H]2CC(=O)O,train,train,train,2,2,0.96875,0.96875,0.96875
CCCc1cc(-c2nc3c(s2)CCCC3)ccc1OCCCOc1ccc2c(c1)CC[C@H]2CC(=O)O,train,train,train,2,2,0.969697,0.969697,0.969697
COc1cc(-c2nc3c(s2)CCC3)ccc1OCCCOc1ccc2c(c1)CC[C@H]2CC(=O)O,train,train,train,2,2,0.96875,0.96875,0.96875
CCOc1nc(-c2ccc(OCCCOc3ccc4c(c3)CC[C@H]4CC(=O)O)c(OC)c2)sc1CC,train,train,train,2,2,0.8428571,0.8428571,0.8428571
CCOc1nc(-c2ccc(OCCCOc3ccc4c(c3)CC[C@H]4CC(=O)O)c(OC)c2)sc1C,train,train,train,2,2,0.8428571,0.8428571,0.8428571
CCCc1cc(-c2nc(OCC)c(C)s2)ccc1OCCCOc1ccc2c(c1)CC[C@H]2CC(=O)O,train,train,train,2,2,0.82857144,0.82857144,0.82857144
COc1cc(-c2nc(OC(C)C)cs2)ccc1OCCCOc1ccc2c(c1)CC[C@H]2CC(=O)O,train,train,train,2,2,0.86567163,0.86567163,0.86567163
CCCc1cc(-c2nc(OC(C)C)cs2)ccc1OCCCOc1ccc2c(c1)CC[C@H]2CC(=O)O,test,test,train,2,2,0.8450704,0.8450704,0.8082192
CCOc1csc(-c2ccc(OCCCOc3ccc4c(c3)CC[C@H]4CC(=O)O)c(OC)c2)n1,train,train,test,2,2,0.8923077,0.8923077,0.8923077
CCCc1cc(-c2nc(OCC)cs2)ccc1OCCCOc1ccc2c(c1)CC[C@H]2CC(=O)O,train,train,test,2,2,0.8181818,0.8181818,0.8450704
CCOc1csc(-c2ccc(OCCCOc3ccc4c(c3)CC[C@H]4CC(=O)O)cc2)n1,train,train,train,2,2,0.85,0.85,0.85714287
COc1csc(-c2ccc(OCCCOc3ccc4c(c3)CC[C@H]4CC(=O)O)c(OC)c2)n1,train,train,train,2,2,0.8923077,0.8923077,0.86567163
COc1csc(-c2ccc(OCCCOc3ccc4c(c3)CC[C@H]4CC(=O)O)cc2)n1,train,train,train,2,2,0.8548387,0.8548387,0.8548387
CCCc1cc(-c2nc(CC(=O)O)cs2)ccc1OCCCOc1ccc2c(c1)CC[C@H]2CC(=O)O,test,test,train,2,2,0.82608694,0.82608694,0.921875
CCCc1cc(-c2nc(CO)c(C(=O)O)s2)ccc1OCCCOc1ccc2c(c1)CC[C@H]2CC(=O)O,train,train,train,2,2,0.7808219,0.7808219,0.7808219
COc1cc(-c2nc(C)c(C(=O)O)s2)ccc1OCCCOc1ccc2c(c1)CC[C@H]2CC(=O)O,test,test,train,2,2,0.8923077,0.8923077,0.8923077
CCCc1cc(-c2nc(C)c(C(=O)O)s2)ccc1OCCCOc1ccc2c(c1)CC[C@H]2CC(=O)O,test,test,test,2,2,0.8955224,0.8955224,0.8955224
CCCc1c(OCCCOc2ccc3c(c2)CC[C@H]3CC(=O)O)ccc2c(C(F)(F)F)noc12,train,train,train,2,2,0.6388889,0.6388889,0.8088235
O=C(O)C[C@@H]1CCc2cc(OCCCOc3ccc4c(c3)ONC4(O)C(F)(F)F)ccc21,train,train,test,2,2,0.61290324,0.61290324,0.61290324
O=C(O)C[C@@H]1CCc2cc(OCCCOc3ccc4cnoc4c3)ccc21,train,train,train,2,2,0.67241377,0.67241377,0.67241377
Cc1noc2cc(OCCCOc3ccc4c(c3)CC[C@H]4CC(=O)O)ccc12,train,train,train,2,2,0.76666665,0.76666665,0.76666665
Cc1noc2c(C)c(OCCCOc3ccc4c(c3)CC[C@H]4CC(=O)O)ccc12,train,train,train,2,2,0.76666665,0.76666665,0.796875
CCCc1c(OCCCOc2ccc3c(c2)CC[C@H]3CC(=O)O)ccc2c(C)noc12,test,test,train,2,2,0.8088235,0.8088235,0.8088235
Cc1c(OCCCOc2ccc3c(c2)CC[C@H]3CC(=O)O)ccc2[nH]ccc12,train,train,test,2,2,0.7741935,0.7741935,0.7741935
Cn1ccc2cc(OCCCOc3ccc4c(c3)CC[C@H]4CC(=O)O)ccc21,train,train,train,2,2,0.6984127,0.6984127,0.6984127
O=C(O)C[C@@H]1CCc2cc(OCCCOc3ccc4[nH]ccc4c3)ccc21,train,train,train,2,2,0.877551,0.877551,0.7962963
Cc1coc2cc(OCCCOc3ccc4c(c3)CC[C@H]4CC(=O)O)ccc12,train,train,train,2,2,0.7241379,0.7241379,0.7241379
O=C(O)C[C@@H]1CCc2cc(OCCCOc3ccc4ncoc4c3)ccc21,train,train,train,2,2,0.67241377,0.67241377,0.67241377
CCCc1c(OCCCOc2ccc3c(c2)CC[C@H]3CC(=O)O)ccc2[nH]ccc12,train,train,train,2,2,0.78125,0.78125,0.78125
O=C(O)C[C@@H]1CCc2cc(OCCCOc3ccc4cc[nH]c4c3)ccc21,train,train,test,2,2,0.877551,0.877551,0.877551
Cc1cc2cc(OCCCOc3ccc4c(c3)CC[C@H]4CC(=O)O)ccc2[nH]1,train,train,train,2,2,0.71428573,0.71428573,0.71428573
C=CCc1c(OCCCOc2ccc3c(c2)CC[C@H]3CC(=O)O)ccc2[nH]ccc12,train,train,train,2,2,0.78125,0.78125,0.78125
CCCc1c(OCCCOc2ccc3c(c2)CC[C@H]3CC(=O)O)ccc2c1ccn2C,train,train,train,2,2,0.6984127,0.6984127,0.6984127
O=C(O)CCc1ccc(OCC=C(c2ccc(Br)cc2)c2ccc(Br)cc2)cc1,test,test,train,3,3,0.7619048,0.7619048,0.7619048
Cc1cc(SCC=C(c2ccc(Br)cc2)c2ccc(Br)cc2)ccc1OCC(=O)O,train,train,train,0,0,0.76,0.76,0.76
O=C(O)COc1ccc(SCC=C(c2ccc(Br)cc2)c2ccc(Br)cc2)cc1Cl,train,train,train,0,0,0.76,0.76,0.76
O=C(O)Cc1ccc(OCC=C(c2ccc(Br)cc2)c2ccc(Br)cc2)c(Cl)c1,train,train,train,3,3,0.65957445,0.65957445,0.65957445
O=C(O)Cc1cccc(OCC=C(c2ccc(Br)cc2)c2ccc(Br)cc2)c1,train,train,test,3,3,0.7826087,0.7826087,0.72727275
O=C(O)Cc1ccc(OCC=C(c2ccc(Br)cc2)c2ccc(Br)cc2)cc1,train,train,train,3,3,0.72727275,0.72727275,0.7619048
O=C(O)CCc1cccc(OCC=C(c2ccc(Br)cc2)c2ccc(Br)cc2)c1,train,train,test,3,3,0.7826087,0.7826087,0.73913044
Cc1cccc2c(-c3cccc(NCc4ccc(CC(=O)O)cc4)c3)c(Cc3ccccc3)cnc12,train,train,train,3,3,0.82758623,0.82758623,0.82758623
O=C(O)Cc1ccc(CNc2cccc(-c3c(Cc4ccccc4)cnc4c(Cl)cccc34)c2)cc1,train,train,train,3,3,0.82758623,0.82758623,0.82758623
CCCCOc1ccc(CC(CCC)C(=O)O)cc1CNC(=O)c1ccc(C(F)(F)F)cc1F,train,train,test,4,4,0.828125,0.828125,0.828125
CCCCC(Cc1ccc(OC)c(CNC(=O)c2ccc(C(F)(F)F)cc2F)c1)C(=O)O,train,train,train,4,4,0.90163934,0.90163934,0.90163934
CCCC(Cc1ccc(OC)c(CNC(=O)c2ccc(C(F)(F)F)cc2F)c1)C(=O)O,train,train,train,4,4,0.90163934,0.90163934,0.90163934
CCCCC(Cc1ccc(OC)c(CNC(=O)c2ccc(C(F)(F)F)cc2)c1)C(=O)O,train,train,train,4,4,0.7936508,0.7936508,0.89285713
CCCC(Cc1ccc(OC)c(CNC(=O)c2ccc(C(F)(F)F)cc2)c1)C(=O)O,test,test,train,4,4,0.89285713,0.89285713,0.89285713
COc1ccc(CC(C)C(=O)O)cc1CNC(=O)c1ccc(C(F)(F)F)cc1,train,train,train,4,4,0.7288136,0.7288136,0.75438595
COc1ccc(CCC(=O)O)cc1CNC(=O)c1ccc(C(F)(F)F)cc1,train,train,test,4,4,0.7090909,0.7090909,0.7090909
CCCOc1ccc(CC(CC)C(=O)O)cc1CNC(=O)c1ccc(C(F)(F)F)cc1F,train,train,train,4,4,0.8153846,0.8153846,0.7903226
CCC(Cc1ccc(OCc2ccccc2)c(CNC(=O)c2ccc(C(F)(F)F)cc2)c1)C(=O)O,test,test,train,4,4,0.82758623,0.82758623,0.82758623
CCCCCCOc1ccc(CC(CC)C(=O)O)cc1CNC(=O)c1ccc(C(F)(F)F)cc1,train,train,train,4,4,0.9298246,0.9298246,0.9298246
CCCCOc1ccc(CC(CC)C(=O)O)cc1CNC(=O)c1ccc(C(F)(F)F)cc1,train,train,train,4,4,0.9298246,0.9298246,0.9298246
CCCOc1ccc(CC(CC)C(=O)O)cc1CNC(=O)c1ccc(C(F)(F)F)cc1,train,train,train,4,4,0.91071427,0.91071427,0.91071427
CCOc1ccc(CC(CC)C(=O)O)cc1CNC(=O)c1ccc(C(F)(F)F)cc1,train,train,train,4,4,0.85714287,0.85714287,0.85714287
Cc1cc(SCC(O)COc2ccc(C(F)(F)F)cc2)ccc1OCC(=O)O,train,train,train,0,0,0.78571427,0.78571427,0.8301887
Cc1cc(SCC(COc2ccc(C(F)(F)F)cc2)OCc2ccccc2)ccc1OCC(=O)O,train,train,train,0,0,0.7777778,0.7777778,0.8305085
CCOC(COc1ccc(C(F)(F)F)cc1)COc1ccc(OCC(=O)O)c(C)c1,train,train,train,0,0,0.6923077,0.6923077,0.7017544
CSCOC(CCc1ccc(C(F)(F)F)cc1)CSc1ccc(OCC(=O)O)c(C)c1,train,train,train,0,0,0.8333333,0.8333333,0.8333333
CCOC(CCc1ccc(C(F)(F)F)cc1)CSc1ccc(OCC(=O)O)c(C)c1,train,train,train,0,0,0.8333333,0.8333333,0.8333333
CCC(COc1ccc(C(F)(F)F)cc1)CSc1ccc(OCC(=O)O)c(C)c1,train,train,test,0,0,0.84210527,0.84210527,0.90384614
Cc1cc(SCC(C)COc2ccc(C(F)(F)F)cc2)ccc1OCC(=O)O,test,test,test,0,0,0.8148148,0.8148148,0.8301887
Cc1cc(SCC(COc2ccc(C(F)(F)F)cc2)COc2ccc(C(F)(F)F)cc2)ccc1OCC(=O)O,test,test,train,0,0,0.90384614,0.90384614,0.8888889
CCOCC(COc1ccc(C(F)(F)F)cc1)CSc1ccc(OCC(=O)O)c(C)c1,train,train,train,0,0,0.84210527,0.84210527,0.8888889
CCCC(=O)c1ccc(OC(COc2ccc(C(F)(F)F)cc2)CSc2ccc(OCC(=O)O)c(C)c2)cc1,train,train,train,0,0,0.796875,0.796875,0.796875
COc1ccc(OC(COc2ccc(C(F)(F)F)cc2)CSc2ccc(OCC(=O)O)c(C)c2)cc1,train,train,train,0,0,0.82758623,0.82758623,0.82758623
Cc1cc(SCC(COc2ccc(C(F)(F)F)cc2)OCC(=O)O)ccc1OCC(=O)O,test,test,train,0,0,0.8596491,0.8596491,0.8596491
C=CCOC(COc1ccc(C(F)(F)F)cc1)CSc1ccc(OCC(=O)O)c(C)c1,test,test,test,0,0,0.7903226,0.7903226,0.8448276
CCCCOC(COc1ccc(C(F)(F)F)cc1)CSc1ccc(OCC(=O)O)c(C)c1,train,train,train,0,0,0.9137931,0.9137931,0.9137931
CCCOC(COc1ccc(C(F)(F)F)cc1)CSc1ccc(OCC(=O)O)c(C)c1,train,train,train,0,0,0.9137931,0.9137931,0.9137931
COC(COc1ccc(C(F)(F)F)cc1)CSc1ccc(OCC(=O)O)c(C)c1,train,train,train,0,0,0.82758623,0.82758623,0.8545455
Cc1cc(SCc2nc(-c3ccc(C(F)(F)F)cc3)ns2)ccc1OCC(=O)O,train,train,train,0,0,0.7580645,0.7580645,0.7580645
Cc1cc(OCc2nc(-c3ccc(OC(F)(F)F)cc3)ns2)ccc1OC(C)(C)C(=O)O,test,test,train,0,0,0.84745765,0.84745765,0.84745765
Cc1cc(OCc2nc(-c3ccc(C(F)(F)F)cc3)ns2)ccc1OC(C)(C)C(=O)O,train,train,train,0,0,0.78333336,0.78333336,0.84745765
Cc1cc(SCc2nsc(-c3ccc(OC(F)(F)F)cc3)n2)ccc1OC(C)(C)C(=O)O,train,train,train,0,0,0.8333333,0.8333333,0.8333333
Cc1cc(SCc2nsc(-c3ccc(C(F)(F)F)cc3)n2)ccc1OC(C)(C)C(=O)O,train,train,train,0,0,0.8333333,0.8333333,0.8333333
Cc1cc(SCc2nc(-c3ccc(C(C)(C)C)cc3)ns2)ccc1OC(C)(C)C(=O)O,train,train,test,0,0,0.877193,0.877193,0.877193
Cc1cc(SCc2nc(-c3ccc(Cl)cc3)ns2)ccc1OC(C)(C)C(=O)O,test,test,train,0,0,0.8448276,0.8448276,0.8448276
Cc1cc(SCc2nc(-c3ccc(OC(F)(F)F)cc3)ns2)ccc1OC(C)(C)C(=O)O,train,train,train,0,0,0.8333333,0.8333333,0.8333333
Cc1cc(SCc2nc(-c3ccc(C(F)(F)F)cc3)ns2)ccc1OC(C)(C)C(=O)O,train,train,train,0,0,0.877193,0.877193,0.8360656
COc1cc(OCC(=O)O)c(C)cc1SCc1ccc(OCc2ccc(C(F)(F)F)cc2)cc1,train,train,train,0,0,0.7966102,0.7966102,0.7966102
O=C(O)COc1ccc(SCc2c(F)cccc2OCc2ccc(C(F)(F)F)cc2)c2c1CCC2,train,train,train,4,4,0.7777778,0.7777778,0.74242425
O=C(O)COc1ccc(SCc2ccccc2OCc2ccc(C(F)(F)F)cc2)c2c1CCC2,train,train,test,4,4,0.85,0.85,0.85
O=C(O)COc1ccc(SCc2cc(F)ccc2OCc2ccc(C(F)(F)F)cc2)c2c1CCC2,train,train,train,4,4,0.85,0.85,0.7580645
O=C(O)COc1ccc(SCc2ccc(OCc3ccc(F)cc3C(F)(F)F)cc2)c2c1CCC2,train,train,train,0,0,0.75409836,0.75409836,0.75409836
O=C(O)COc1ccc(SCc2ccc(OCc3ccc(F)cc3)cc2)c2c1CCC2,train,train,train,0,0,0.84615386,0.84615386,0.84615386
O=C(O)COc1ccc(SCc2ccc(OCc3cc(Cl)ccc3Cl)cc2)c2c1CCC2,train,train,train,0,0,0.79310346,0.79310346,0.79310346
O=C(O)COc1ccc(SCc2ccc(OCc3ccccc3)cc2)c2c1CCC2,train,train,train,0,0,0.84615386,0.84615386,0.84615386
CC(C)(C)c1ccc(COc2ccc(CSc3ccc(OCC(=O)O)c4c3CCC4)cc2)cc1,train,train,train,0,0,0.83928573,0.83928573,0.83928573
COc1ccc(COc2ccc(CSc3ccc(OCC(=O)O)c4c3CCC4)cc2)cc1,train,train,train,0,0,0.84615386,0.84615386,0.84615386
O=C(O)COc1ccc(SCc2ccc(OCc3ccc(Cl)cc3)cc2)c2c1CCC2,train,train,train,0,0,0.84615386,0.84615386,0.84615386
O=C(O)COc1ccc(SCc2ccc(OCc3ccc(C(F)(F)F)cc3)cc2)c2c1CCC2,train,train,train,0,0,0.83928573,0.83928573,0.83928573
O=C(O)COc1ccc(SCc2ccc(OCc3ccc(C(F)(F)F)cc3)cc2)c2c1CCCO2,train,train,test,0,0,0.7741935,0.7741935,0.7741935
Cc1cc(SCc2ccc(OCc3ccc(C(F)(F)F)cc3)cc2)c(Cl)cc1OCC(=O)O,train,train,train,0,0,0.7966102,0.7966102,0.7966102
Cc1cc(SCc2ccc(OCc3ccc(C(F)(F)F)cc3)cc2)ccc1OCC(=O)O,test,test,test,0,0,0.7288136,0.7288136,0.7288136
O=C(O)COc1ccc(SCc2ccc(OCc3ccc(OC(F)(F)F)cc3)cc2)c2c1CCC2,train,train,train,0,0,0.8245614,0.8245614,0.8245614
Cc1nc(-c2ccc(C(F)(F)F)cc2)sc1COc1ccc2c(CC(=O)O)csc2c1,train,train,train,0,0,0.71666664,0.71666664,0.74242425
Cc1nc(C(F)(F)F)sc1CSc1ccc2c(ccn2CC(=O)O)c1,train,train,train,0,0,0.6779661,0.6779661,0.6779661
O=C(O)Cn1ccc2cc(OCc3ccc(Oc4ccc(C(F)(F)F)cc4)cc3)ccc21,train,train,test,0,0,0.7924528,0.7924528,0.7924528
O=C(O)Cn1ccc2cc(OCc3cccc(COc4ccc(C(F)(F)F)cc4)c3)ccc21,train,train,train,0,0,0.7924528,0.7924528,0.7924528
O=C(O)Cn1ccc2cc(OCc3ccccc3COc3ccc(C(F)(F)F)cc3)ccc21,train,train,train,0,0,0.7924528,0.7924528,0.7924528
O=C(O)Cn1ccc2cc(OCc3cc(-c4ccc(C(F)(F)F)cc4)on3)ccc21,train,train,test,0,0,0.6451613,0.6451613,0.6451613
Cc1nc(C(F)(F)F)sc1COc1ccc2c(ccn2CC(=O)O)c1,train,train,train,0,0,0.6779661,0.6779661,0.6779661
O=C(O)Cc1coc2cc(OCc3ccc(COc4ccc(C(F)(F)F)cc4)cc3)ccc12,train,train,train,0,0,0.875,0.875,0.875
O=C(O)Cc1coc2cc(OCc3cccc(COc4ccc(C(F)(F)F)cc4)c3)ccc12,train,train,train,0,0,0.875,0.875,0.875
O=C(O)Cc1coc2cc(OCc3ccccc3COc3ccc(C(F)(F)F)cc3)ccc12,train,train,train,0,0,0.82,0.82,0.82
O=C(O)Cc1csc2cc(OCc3ccc(COc4ccc(C(F)(F)F)cc4)cc3)ccc12,train,train,test,0,0,0.81632656,0.81632656,0.85714287
O=C(O)Cc1csc2cc(OCc3cccc(COc4ccc(C(F)(F)F)cc4)c3)ccc12,test,test,train,0,0,0.85714287,0.85714287,0.8039216
Cc1cc2c(CC(=O)O)csc2cc1OCc1ccccc1COc1ccc(C(F)(F)F)cc1,test,test,test,0,0,0.74545455,0.74545455,0.74545455
O=C(O)Cc1csc2cc(OCc3ccccc3COc3ccc(C(F)(F)F)cc3)ccc12,train,train,train,0,0,0.81632656,0.81632656,0.8039216
O=C(O)Cc1csc2cc(OCc3cc(-c4ccc(C(F)(F)F)cc4)on3)cc(Cl)c12,train,train,train,0,0,0.8135593,0.8135593,0.8135593
Cc1cc(OCc2cc(-c3ccc(C(F)(F)F)cc3)on2)cc2scc(CC(=O)O)c12,train,train,train,0,0,0.8064516,0.8064516,0.8064516
O=C(O)Cc1csc2cc(OCc3cc(-c4ccc(Cl)cc4)on3)cc(Cl)c12,train,train,train,3,3,0.8245614,0.8245614,0.8245614
Cc1cc2c(CC(=O)O)csc2cc1OCc1cc(-c2ccc(Cl)cc2)on1,train,train,train,3,3,0.71666664,0.71666664,0.71666664
Cc1cc(OCc2cc(-c3ccc(Cl)cc3)on2)cc2scc(CC(=O)O)c12,train,train,train,3,3,0.8245614,0.8245614,0.8245614
Cc1nc(-c2ccc(C(F)(F)F)cc2)sc1COc1cc(Cl)c2c(CC(=O)O)csc2c1,test,test,train,0,0,0.74242425,0.74242425,0.74242425
O=C(O)Cc1coc2cc(OCc3cc(-c4ccc(C(F)(F)F)cc4)on3)ccc12,train,train,test,0,0,0.7096774,0.7096774,0.7758621
O=C(O)Cc1coc2cc(OCc3cc(-c4ccc(Cl)cc4)on3)ccc12,test,test,train,3,3,0.7758621,0.7758621,0.69491524
Cc1nc(-c2ccc(C(F)(F)F)cc2)sc1COc1ccc2c(CC(=O)O)coc2c1,train,train,train,0,0,0.7121212,0.7121212,0.7121212
O=C(O)Cc1csc2cc(OCc3cc(-c4ccc(C(F)(F)F)cc4)on3)ccc12,train,train,test,0,0,0.7758621,0.7758621,0.7758621
O=C(O)Cc1csc2cc(OCc3cc(-c4ccc(Cl)cc4)on3)ccc12,train,train,train,3,3,0.7758621,0.7758621,0.7413793
Cc1cc(SC/C=C\C(C#Cc2ccccc2)c2ccc(Br)cc2)ccc1OCC(=O)O,train,train,train,0,0,0.78688526,0.78688526,0.78688526
Cc1cc(SC/C=C/C#Cc2ccccc2)ccc1OCC(=O)O,train,train,train,0,0,0.6333333,0.6333333,0.6333333
Cc1cc(OC/C=C\C(C#Cc2ccccc2)c2cnc3ccccc3c2)ccc1OCC(=O)O,train,train,train,0,0,0.7164179,0.7164179,0.7164179
Cc1cc2cc(C(C#Cc3ccc(F)cc3)/C=C\COc3ccc(OCC(=O)O)c(C)c3)ccc2o1,train,train,train,0,0,0.7432432,0.7432432,0.7432432
Cc1cc2cc(C(C#Cc3ccc(C)s3)/C=C\COc3ccc(OCC(=O)O)c(C)c3)ccc2o1,train,train,train,0,0,0.74647886,0.74647886,0.7432432
Cc1ccc(-c2ccc(C(C#Cc3ccccc3)/C=C\COc3ccc(OCC(=O)O)c(C)c3)cc2)s1,train,train,train,0,0,0.74626863,0.74626863,0.74626863
CC1=Cc2cc(C#CC(/C=C\COc3ccc(OCC(=O)O)c(C)c3)c3ccc(Br)cc3)ccc2S1(=O)=O,train,train,train,0,0,0.74285716,0.74285716,0.74285716
Cc1cc(OC/C=C\C(C#CCN2CCOCC2)c2ccc(Br)cc2)ccc1OCC(=O)O,train,train,train,0,0,0.6619718,0.6619718,0.6619718
Cc1cc(OC/C=C\C(C#Cc2ccc(CO)cc2)c2ccc(Br)cc2)ccc1OCC(=O)O,test,test,train,0,0,0.83870965,0.83870965,0.83870965
Cc1ccc(C#CC(/C=C\COc2ccc(OCC(=O)O)c(C)c2)c2ccc(Br)cc2)s1,train,train,test,0,0,0.75384617,0.75384617,0.75384617
Cc1cc(C#CC(/C=C\COc2ccc(OCC(=O)O)c(C)c2)c2ccc(Br)cc2)ccc1F,test,test,train,0,0,0.85714287,0.85714287,0.85714287
Cc1cc(OC/C=C\C(C#Cc2ccc(Cl)cc2)c2ccc(Br)cc2)ccc1OCC(=O)O,train,train,train,0,0,0.852459,0.852459,0.85714287
Cc1cc(OC/C=C\C(C#Cc2ccc(C(F)(F)F)cc2)c2ccc(Br)cc2)ccc1OCC(=O)O,test,test,test,0,0,0.8125,0.8125,0.8125
Cc1cc(OC/C=C\C(C#Cc2ccccn2)c2ccc(Br)cc2)ccc1OCC(=O)O,train,train,train,0,0,0.796875,0.796875,0.796875
Cc1cc(OC/C=C\C(C#Cc2ccccc2)c2ccc(Br)cc2)ccc1OCC(=O)O,train,train,train,0,0,0.852459,0.852459,0.852459
COc1ccc(C#CC(/C=C\CSc2ccc(OCC(=O)O)c(C)c2)c2ccc(-c3ccccc3)cc2)cc1,test,test,train,0,0,0.73846155,0.73846155,0.73846155
Cc1cc(Oc2cccc(CNC(=O)c3ccc(C(F)(F)F)cc3)c2)ccc1OC(C)(C)C(=O)O,train,train,train,4,4,0.87931037,0.87931037,0.87931037
CCc1cc(Oc2cc(F)cc([C@@H](C)NC(=O)c3sc4ccc(Cl)cc4c3C)c2)ccc1CCC(=O)O,train,train,train,3,3,0.4021739,0.4021739,0.39130434
CCc1cc(Oc2cc(F)cc([C@@H](C)NC(=O)c3c(C)c4cc(Cl)ccc4n3C)c2)ccc1CCC(=O)O,test,test,test,3,3,0.74025977,0.74025977,0.74025977
Cc1cc(Oc2cccc(CNC(=O)c3c(C)c4cc(Cl)ccc4n3C)c2)ccc1CCC(=O)O,train,train,test,3,3,0.73239434,0.73239434,0.73239434
Cc1cc(Oc2cccc(CNC(=O)c3[nH]c4ccc(Cl)cc4c3C)c2)ccc1CCC(=O)O,train,train,train,3,3,0.70422536,0.70422536,0.7285714
Cc1cc(Oc2cccc(CNC(=O)c3cc4cc(Cl)ccc4n3C)c2)ccc1CCC(=O)O,train,train,train,3,3,0.73239434,0.73239434,0.6805556
Cc1cc(Oc2cccc(CNC(=O)c3cc4cc(Cl)c(Cl)cc4[nH]3)c2)ccc1CCC(=O)O,train,train,train,3,3,0.83076924,0.83076924,0.83076924
Cc1cc(Oc2cccc(CNC(=O)c3cc4cccc(Br)c4[nH]3)c2)ccc1CCC(=O)O,train,train,train,3,3,0.77272725,0.77272725,0.73134327
Cc1cc(Oc2cccc(CNC(=O)c3cc4cc(Br)ccc4[nH]3)c2)ccc1CCC(=O)O,train,train,test,3,3,0.7761194,0.7761194,0.8181818
Cc1cc(Oc2cccc(CNC(=O)c3cc4ccc(Cl)cc4[nH]3)c2)ccc1CCC(=O)O,train,train,train,3,3,0.83076924,0.83076924,0.875
Cc1cc(Oc2cccc(CNC(=O)c3cc4cc(Cl)ccc4[nH]3)c2)ccc1CCC(=O)O,test,test,train,3,3,0.875,0.875,0.875
Cc1cc(Oc2cccc(CNC(=O)c3cc4c(Cl)cccc4[nH]3)c2)ccc1CCC(=O)O,train,train,test,3,3,0.7878788,0.7878788,0.7878788
Cc1cc(Oc2cccc(CNC(=O)c3ccc(C(F)(F)F)cc3C)c2)ccc1CCC(=O)O,train,train,train,4,4,0.6923077,0.6923077,0.6923077
Cc1cc(Oc2ccc(F)c(CNC(=O)c3ccc(C(F)(F)F)cc3F)c2)ccc1OC(C)(C)C(=O)O,train,train,train,4,4,0.8,0.8,0.9
Cc1cc(Oc2cc(F)cc(CNC(=O)c3ccc(C(F)(F)F)cc3F)c2)ccc1OC(C)(C)C(=O)O,train,train,train,4,4,0.83076924,0.83076924,0.8
Cc1ccc(Oc2ccc(OC(C)(C)C(=O)O)c(C)c2)cc1CNC(=O)c1ccc(C(F)(F)F)cc1F,test,test,train,4,4,0.9,0.9,0.9
Cc1cc(CNC(=O)c2ccc(C(F)(F)F)cc2F)cc(Oc2ccc(OC(C)(C)C(=O)O)c(C)c2)c1,test,test,test,4,4,0.875,0.875,0.875
Cc1ccc(CNC(=O)c2ccc(C(F)(F)F)cc2F)cc1Oc1ccc(OC(C)(C)C(=O)O)c(C)c1,train,train,train,4,4,0.8153846,0.8153846,0.7846154
Cc1cc(Oc2cccc(CNC(=O)c3ccccc3C)c2)ccc1OC(C)(C)C(=O)O,train,train,train,4,4,0.79310346,0.79310346,0.8214286
COc1ccc(C(=O)NCc2cccc(Oc3ccc(OC(C)(C)C(=O)O)c(C)c3)c2)c(C)c1,test,test,train,4,4,0.82758623,0.82758623,0.85714287
Cc1cc(Oc2cccc(CNC(=O)c3ccc(OC(F)(F)F)cc3C)c2)ccc1OC(C)(C)C(=O)O,train,train,train,4,4,0.84745765,0.84745765,0.84745765
Cc1cc(Oc2cccc(CNC(=O)c3ccc(Cl)cc3C)c2)ccc1OC(C)(C)C(=O)O,test,test,train,4,4,0.8,0.8,0.82758623
Cc1ccc(C(=O)NCc2cccc(Oc3ccc(OC(C)(C)C(=O)O)c(C)c3)c2)c(C)c1,test,test,train,4,4,0.82758623,0.82758623,0.85714287
COc1cc(C(F)(F)F)ccc1C(=O)NCc1cccc(Oc2ccc(OC(C)(C)C(=O)O)c(C)c2)c1,train,train,train,4,4,0.8852459,0.8852459,0.8852459
Cc1cc(Oc2cccc(CNC(=O)c3ccc(C(F)(F)F)cc3Oc3ccccc3)c2)ccc1OC(C)(C)C(=O)O,train,train,train,4,4,0.8852459,0.8852459,0.8852459
Cc1cc(Oc2cccc(CNC(=O)c3ccc(C(F)(F)F)cc3C(F)(F)F)c2)ccc1OC(C)(C)C(=O)O,train,train,train,4,4,0.9,0.9,0.9
Cc1cc(Oc2cccc(CNC(=O)c3ccc(C(F)(F)F)cc3Br)c2)ccc1OC(C)(C)C(=O)O,train,train,test,4,4,0.8852459,0.8852459,0.8852459
Cc1cc(Oc2cccc(CNC(=O)c3ccc(C(F)(F)F)cc3F)c2)ccc1OC(C)(C)C(=O)O,train,train,test,4,4,0.9,0.9,0.9
Cc1cc(Oc2cccc(CNC(=O)c3ccc(C(F)(F)F)cc3Cl)c2)ccc1OC(C)(C)C(=O)O,train,train,train,4,4,0.8852459,0.8852459,0.8852459
CCc1cc(C(F)(F)F)ccc1C(=O)NCc1cccc(Oc2ccc(OC(C)(C)C(=O)O)c(C)c2)c1,train,train,train,4,4,0.8852459,0.8852459,0.8852459
Cc1cc(Oc2cccc(CNC(=O)c3ccc(C(F)(F)F)cc3C)c2)ccc1OC(C)(C)C(=O)O,train,train,train,4,4,0.9,0.9,0.9
CCc1cc(OCC[C@@H](C)Oc2ccc(C(F)(F)F)cc2-c2ccccn2)ccc1CCC(=O)O,train,train,train,3,3,0.85294116,0.85294116,0.85294116
CCc1ccc(O[C@H](C)CCOc2ccc(CCC(=O)O)c(CC)c2)c(-c2ccccn2)c1,train,train,train,3,3,0.875,0.875,0.875
Cc1cc(OCC[C@@H](C)Oc2ccc(C(F)(F)F)cc2-c2ccccn2)ccc1CCC(=O)O,train,train,train,0,0,0.85294116,0.85294116,0.85294116
Cc1cc(OCC[C@@H](C)Oc2ccc(Cl)cc2-c2ccccn2)ccc1CCC(=O)O,train,train,train,3,3,0.80597013,0.80597013,0.80597013
CCc1ccc(O[C@H](C)CCOc2ccc(CCC(=O)O)c(C)c2)c(-c2ncco2)c1,train,train,train,3,3,0.7647059,0.7647059,0.7647059
CCc1ccc(O[C@H](C)CCOc2ccc(CCC(=O)O)c(C)c2)c(-c2cocn2)c1,test,test,train,3,3,0.75714284,0.75714284,0.75714284
CCc1ccc(O[C@H](C)CCOc2ccc(CCC(=O)O)c(C)c2)c(-c2nccs2)c1,test,test,train,3,3,0.7826087,0.7826087,0.7647059
CCc1ccc(O[C@H](C)CCOc2ccc(CCC(=O)O)c(C)c2)c(-c2cscn2)c1,train,train,train,3,3,0.76811594,0.76811594,0.76811594
CCc1ccc(O[C@H](C)CCOc2ccc(CCC(=O)O)c(C)c2)c(-c2ccncc2)c1,train,train,train,3,3,0.852459,0.852459,0.852459
CCc1ccc(O[C@H](C)CCOc2ccc(CCC(=O)O)c(C)c2)c(-c2cccnc2)c1,train,train,train,3,3,0.84126985,0.84126985,0.84126985
CCc1ccc(O[C@H](C)CCOc2ccc(CCC(=O)O)c(C)c2)c(-c2ccccn2)c1,train,train,train,3,3,0.875,0.875,0.875
CCc1ccc(O[C@H](C)CCOc2ccc(CCC(=O)O)c(C)c2)c(-c2ccco2)c1,train,train,test,3,3,0.7846154,0.7846154,0.7846154
CCc1ccc(O[C@H](C)CCOc2ccc(CCC(=O)O)c(C)c2)c(-c2cccs2)c1,train,train,test,3,3,0.7846154,0.7846154,0.7846154
CCc1ccc(O[C@H](C)CCOc2ccc(CCC(=O)O)c(C)c2)c(-c2ccsc2)c1,train,train,train,3,3,0.796875,0.796875,0.796875
CCc1ccc(O[C@H](C)CCOc2ccc(CCC(=O)O)c(C)c2)c(-c2ccccc2)c1,train,train,train,3,3,0.852459,0.852459,0.852459
Cc1cnc(-c2ccccc2)nc1N(C)CCCOc1ccc2c(c1)CC[C@H]2CC(=O)O,test,test,train,2,2,0.8636364,0.8636364,0.890625
CCOc1csc(-c2ccc(OCCCOc3ccc4c(c3)CC[C@H]4CC(=O)O)nc2)n1,test,test,train,2,2,0.85714287,0.85714287,0.85714287
CC(=O)c1sc(-c2ccc(OCCCOc3ccc4c(c3)CC[C@H]4CC(=O)O)nc2)nc1C,train,train,test,2,2,0.84615386,0.84615386,0.84126985
Cc1nc(-c2ccc(OCCCOc3ccc4c(c3)CC[C@H]4CC(=O)O)nc2)sc1C,train,train,test,2,2,0.84615386,0.84615386,0.8360656
CCc1csc(-c2ccc(OCCCOc3ccc4c(c3)CC[C@H]4CC(=O)O)nc2)n1,train,train,train,2,2,0.8360656,0.8360656,0.84615386
CCc1ccc(-c2nc(C)cc(N(C)CCCOc3ccc4c(c3)CC[C@H]4CC(=O)O)n2)cc1,train,train,train,2,2,0.8235294,0.8235294,0.8235294
CCc1ccc(-c2ncc(CC)c(N(C)CCCOc3ccc4c(c3)CC[C@H]4CC(=O)O)n2)cc1,train,train,test,2,2,0.921875,0.921875,0.921875
CCc1ccc(-c2ncc(F)c(N(C)CCCOc3ccc4c(c3)CC[C@H]4CC(=O)O)n2)cc1,train,train,train,2,2,0.880597,0.880597,0.86764705
CCc1ccc(-c2nccc(N(C)CCCOc3ccc4c(c3)CC[C@H]4CC(=O)O)n2)cc1,train,train,train,2,2,0.8235294,0.8235294,0.8235294
Cc1cnc(-c2cccc(Cl)c2)nc1N(C)CCCOc1ccc2c(c1)CC[C@H]2CC(=O)O,train,train,train,2,2,0.85294116,0.85294116,0.8636364
CCOc1cccc(-c2ncc(C)c(N(C)CCCOc3ccc4c(c3)CC[C@H]4CC(=O)O)n2)c1,train,train,train,2,2,0.880597,0.880597,0.880597
Cc1cccc(-c2ncc(C)c(N(C)CCCOc3ccc4c(c3)CC[C@H]4CC(=O)O)n2)c1,test,test,train,2,2,0.85294116,0.85294116,0.890625
Cc1cnc(-c2ccc(Cl)cc2)nc1N(C)CCCOc1ccc2c(c1)CC[C@H]2CC(=O)O,train,train,train,2,2,0.85294116,0.85294116,0.8769231
Cc1cnc(-c2ccc(F)cc2)nc1N(C)CCCOc1ccc2c(c1)CC[C@H]2CC(=O)O,train,train,train,2,2,0.8507463,0.8507463,0.8769231
CC(=O)c1ccc(-c2ncc(C)c(N(C)CCCOc3ccc4c(c3)CC[C@H]4CC(=O)O)n2)cc1,train,train,test,2,2,0.8507463,0.8507463,0.8769231
COc1ccc(-c2ncc(C)c(N(C)CCCOc3ccc4c(c3)CC[C@H]4CC(=O)O)n2)cc1,test,test,train,2,2,0.8769231,0.8769231,0.8888889
CCOc1ccc(-c2ncc(C)c(N(C)CCCOc3ccc4c(c3)CC[C@H]4CC(=O)O)n2)cc1,train,train,train,2,2,0.880597,0.880597,0.880597
Cc1cnc(-c2ccc(C(C)(C)C)cc2)nc1N(C)CCCOc1ccc2c(c1)CC[C@H]2CC(=O)O,train,train,train,2,2,0.8382353,0.8382353,0.8636364
Cc1cnc(-c2ccc(C(C)C)cc2)nc1N(C)CCCOc1ccc2c(c1)CC[C@H]2CC(=O)O,train,train,test,2,2,0.85294116,0.85294116,0.85294116
CCc1ccc(-c2ncc(C)c(N(C)CCCOc3ccc4c(c3)CC[C@H]4CC(=O)O)n2)cc1,train,train,train,2,2,0.921875,0.921875,0.8787879
Cc1ccc(-c2ncc(C)c(N(C)CCCOc3ccc4c(c3)CC[C@H]4CC(=O)O)n2)cc1,test,test,test,2,2,0.890625,0.890625,0.91935486
CCO[C@@H](Cc1ccc(OC/C=C/c2cc(OC(=O)c3ccccc3)cc(OC(=O)c3ccccc3)c2)cc1)C(=O)O,train,train,train,3,3,0.76363635,0.76363635,0.76363635
CCO[C@@H](Cc1ccc(OC/C=C/c2cc(-c3ccccc3)cc(-c3ccccc3)c2)cc1)C(=O)O,test,test,train,3,3,0.754717,0.754717,0.754717
CCO[C@@H](Cc1ccc(OC/C=C/c2cc(OC(C)C)cc(OC(C)C)c2)cc1)C(=O)O,train,train,train,3,3,0.8235294,0.8235294,0.8235294
CCO[C@@H](Cc1ccc(OC/C=C/c2cc(OCC(F)(F)F)cc(OCC(F)(F)F)c2)cc1)C(=O)O,train,train,train,3,3,0.8113208,0.8113208,0.8113208
CCOc1cc(/C=C/COc2ccc(C[C@H](OCC)C(=O)O)cc2)cc(OCC)c1,train,train,train,3,3,0.8235294,0.8235294,0.85714287
CCO[C@@H](Cc1ccc(OC/C=C/c2cc(OC)cc(OC)c2)cc1)C(=O)O,test,test,train,3,3,0.85714287,0.85714287,0.85714287
CCO[C@@H](Cc1ccc(OC/C=C/c2cc(C(F)(F)F)cc(C(F)(F)F)c2)cc1)C(=O)O,train,train,train,3,3,0.78571427,0.78571427,0.78571427
CCO[C@@H](Cc1ccc(OC/C=C/c2cc(Br)cc(Br)c2)cc1)C(=O)O,train,train,train,3,3,0.78431374,0.78431374,0.78431374
CCO[C@@H](Cc1ccc(OC/C=C/c2cc(OC3CCCC3)cc(OC3CCCC3)c2)cc1)C(=O)O,train,train,train,3,3,0.75,0.75,0.75
O=C(O)CCc1ccc(OCCN(Cc2ccccc2)c2nc3ccccc3s2)cc1,train,train,train,3,3,0.9056604,0.9056604,0.8596491
Cc1cc(CCC(=O)O)ccc1OCCCN(Cc1cccs1)c1nc2ccc(Cl)cc2s1,train,train,train,3,3,0.5769231,0.5769231,0.5769231
CCc1cc(OCCN(Cc2ccccc2)c2nc3ccccc3s2)ccc1CCC(=O)O,train,train,test,3,3,0.83870965,0.83870965,0.75409836
Cc1cc(OCCN(Cc2ccccc2)c2nc3ccccc3s2)ccc1CCC(=O)O,train,train,test,3,3,0.83870965,0.83870965,0.75409836
O=C(O)CCc1ccc(OCCCN(Cc2ccccc2)c2nc3ccccc3s2)cc1,train,train,test,3,3,0.9056604,0.9056604,0.9056604
Cc1ccc2nc(N(CCOc3ccc(CCC(=O)O)cc3)Cc3ccccc3)sc2c1,train,train,test,3,3,0.8064516,0.8064516,0.7966102
O=C(O)CCc1ccc(OCCN(Cc2ccccc2)c2nc3ccc(Cl)cc3s2)cc1,train,train,test,3,3,0.8064516,0.8064516,0.7966102
O=C(O)CCc1ccc(OCCN(Cc2cccs2)c2nc3ccccc3s2)cc1,train,train,train,3,3,0.7966102,0.7966102,0.7966102
O=C(O)CCc1ccc(OCCN(Cc2ccc(C(F)(F)F)cc2)c2nc3ccccc3s2)cc1,train,train,train,3,3,0.852459,0.852459,0.852459
CC(C)(C)c1ccc(CN(CCOc2ccc(CCC(=O)O)cc2)c2nc3ccccc3s2)cc1,train,train,train,3,3,0.8596491,0.8596491,0.8596491
CC(C)(Oc1cccc(CCCN(CCOc2ccccc2)c2nc3ccccc3o2)c1)C(=O)O,train,train,train,3,3,0.6875,0.6875,0.8333333
CCC(Oc1cccc(CN(CCCOc2ccc(O)cc2)c2nc3ccccc3o2)c1)C(=O)O,train,train,train,3,3,0.890625,0.890625,0.890625
CCC(Oc1cccc(CN(CCCOc2ccc(F)c(F)c2)c2nc3ccccc3o2)c1)C(=O)O,train,train,train,3,3,0.8235294,0.8235294,0.8235294
CCC(Oc1cccc(CN(CCCOc2ccc(F)cc2F)c2nc3ccccc3o2)c1)C(=O)O,train,train,train,3,3,0.8,0.8,0.8
CCC(Oc1cccc(CN(CCCOc2ccc(C)c(C)c2)c2nc3ccccc3o2)c1)C(=O)O,train,train,train,3,3,0.8507463,0.8507463,0.8507463
CCC(Oc1cccc(CN(CCCOc2ccc(C)cc2C)c2nc3ccccc3o2)c1)C(=O)O,train,train,train,3,3,0.82608694,0.82608694,0.82608694
CCC(Oc1cccc(CN(CCCOc2ccc(C)cc2)c2nc3ccccc3o2)c1)C(=O)O,train,train,train,3,3,0.890625,0.890625,0.890625
CCC(Oc1cccc(CN(CCCOc2cccc([N+](=O)[O-])c2)c2nc3ccccc3o2)c1)C(=O)O,test,test,train,3,3,0.7746479,0.7746479,0.7746479
CCC(Oc1cccc(CN(CCCOc2ccc3c(c2)OCO3)c2nc3ccccc3o2)c1)C(=O)O,train,train,train,3,3,0.8,0.8,0.8
CCC(Oc1cccc(CN(CCCOc2ccccc2)c2nc3cc(O)ccc3o2)c1)C(=O)O,train,train,train,3,3,0.875,0.875,0.875
CCC(Oc1cccc(CN(CCCOc2ccccc2)c2nc3c(O)cccc3o2)c1)C(=O)O,train,train,train,3,3,0.7878788,0.7878788,0.7878788
CCC(Oc1cccc(CN(CCCOc2ccccc2)c2nc3cc4c(cc3o2)OCO4)c1)C(=O)O,test,test,test,3,3,0.8028169,0.8028169,0.8028169
CCC(Oc1cccc(CN(CCCOc2ccccc2)c2nc3cc(C)ccc3o2)c1)C(=O)O,train,train,train,3,3,0.86153847,0.86153847,0.86153847
CCC(Oc1cccc(CN(CCCOc2ccccc2)c2nc3cc(C(F)(F)F)ccc3o2)c1)C(=O)O,train,train,train,3,3,0.8115942,0.8115942,0.8115942
CCC(Oc1cccc(CN(CCCOc2ccccc2)c2nc3cccc(F)c3o2)c1)C(=O)O,train,train,train,3,3,0.7647059,0.7647059,0.7647059
CCC(Oc1cccc(CN(CCCOc2ccccc2)c2nc3ccc(F)cc3o2)c1)C(=O)O,train,train,train,3,3,0.890625,0.890625,0.890625
CCC(Oc1cccc(CN(CCCOc2ccccc2)c2nc3cc(F)ccc3o2)c1)C(=O)O,train,train,train,3,3,0.890625,0.890625,0.890625
CCC(Oc1cccc(CCN(CCCOc2ccccc2)c2nc3ccccc3o2)c1)C(=O)O,train,train,test,3,3,0.8305085,0.8305085,0.8305085
CC(Oc1cccc(CCN(CCCOc2ccccc2)c2nc3ccccc3o2)c1)C(=O)O,train,train,train,3,3,0.85714287,0.85714287,0.85714287
CC(Oc1cccc(CN(CCCOc2ccccc2)c2nc3ccccc3o2)c1)C(=O)O,train,train,train,3,3,0.85714287,0.85714287,0.85714287
CC(C)(Oc1cccc(CN(CCCOc2ccccc2)c2nc3ccccc3o2)c1)C(=O)O,test,test,train,3,3,0.8333333,0.8333333,0.8333333
Cc1cc(Sc2cc(C#CCN3CCOCC3)nc(C#Cc3ccc(C(F)(F)F)cc3)c2)ccc1OCC(=O)O,train,train,train,0,0,0.48,0.48,0.76623374
O=C(O)COc1ccc(Sc2cc(C#CCN3CCOCC3)nc(C#Cc3ccc(C(F)(F)F)cc3)c2)c2c1CCC2,test,test,train,0,0,0.76623374,0.76623374,0.76623374
CCN(C(=O)Nc1ccc(OC(F)(F)F)cc1)[C@@H]1Cc2ccc(SC(C)(C)C(=O)O)cc2C1,train,train,train,4,4,0.3493976,0.3493976,0.3493976
Cc1nc(-c2ccc(C(F)(F)F)cc2)sc1C(=O)NCc1ccc(NS(=O)(=O)C(F)(F)F)cc1,train,train,train,4,4,0.5538462,0.5538462,0.5538462
CCC(Cc1ccc(OC)c(CNC(=O)c2ccccc2)c1)C(=O)O,train,train,train,4,4,0.88,0.88,0.88
CCCCCCOc1ccc(CC(CC)C(=O)O)cc1CNC(=O)c1ccc(C23CC4CC(CC(C4)C2)C3)cc1,train,train,train,4,4,0.83076924,0.83076924,0.83076924
CCOc1ccc(CC(CC)C(=O)O)cc1CNC(=O)c1ccc(C23CC4CC(CC(C4)C2)C3)cc1,train,train,train,4,4,0.83076924,0.83076924,0.83076924
CCCC(Cc1ccc(OC)c(CNC(=O)c2ccc(C34CC5CC(CC(C5)C3)C4)cc2)c1)C(=O)O,train,train,test,4,4,0.74242425,0.74242425,0.74242425
CCC(Cc1ccc(OC)c(CNC(=O)c2ccc(C3CCCCC3)cc2)c1)C(=O)O,train,train,train,4,4,0.7368421,0.7368421,0.7368421
CCC(Cc1ccc(OC)c(CNC(=O)c2ccc(-c3ccccc3)cc2)c1)C(=O)O,train,train,train,4,4,0.88,0.88,0.88
CCC(Cc1ccc(OC)c(CNC(=O)c2ccc(C(C)(C)C)cc2)c1)C(=O)O,test,test,train,4,4,0.8235294,0.8235294,0.8235294
Cc1oc(-c2ccccc2)nc1CCCCCCOC(C)(C)C(=O)O,train,train,train,3,3,0.5645161,0.5645161,0.55737704
Cc1cc(SCc2cc(-c3ccc(C(F)(F)F)cc3)sn2)ccc1OCC(=O)O,train,train,train,0,0,0.73333335,0.73333335,0.7096774
CC(Oc1ccc(SCc2nc(-c3ccc(C(F)(F)F)cc3)ns2)cc1)C(=O)O,test,test,train,0,0,0.63076925,0.63076925,0.63076925
Cc1ccc(-c2nsc(COc3ccc(OC(C)(C)C(=O)O)c(C)c3)n2)cc1Cl,test,test,test,0,0,0.9122807,0.9122807,0.8448276
Cc1ccc(-c2nsc(COc3ccc(OC(C)(C)C(=O)O)c(C)c3)n2)cc1C,train,train,train,0,0,0.82758623,0.82758623,0.7966102
Cc1cc(OCc2nc(-c3ccc(Cl)c(Cl)c3)ns2)ccc1OC(C)(C)C(=O)O,train,train,test,0,0,0.852459,0.852459,0.852459
Cc1cc(OCc2nc(-c3ccc(OC(F)(F)F)c(Cl)c3)ns2)ccc1OC(C)(C)C(=O)O,train,train,train,0,0,0.852459,0.852459,0.82258064
Cc1cc(OCc2nc(-c3ccc(C(F)(F)F)c(F)c3)ns2)ccc1OC(C)(C)C(=O)O,train,train,train,0,0,0.78125,0.78125,0.78125
Cc1cc(SCCc2nc(-c3ccc(Cl)c(Cl)c3)ns2)ccc1OC(C)(C)C(=O)O,test,test,train,0,0,0.8333333,0.8333333,0.8333333
Cc1cc(SCCc2nc(-c3ccc(C(F)(F)F)cc3)ns2)ccc1OC(C)(C)C(=O)O,train,train,train,0,0,0.8360656,0.8360656,0.8360656
Cc1cc(SCc2nsc(-c3ccc(Cl)c(Cl)c3)n2)ccc1OC(C)(C)C(=O)O,train,train,train,0,0,0.8448276,0.8448276,0.7580645
Cc1cc(SCc2nsc(-c3ccc(Cl)cc3)n2)ccc1OC(C)(C)C(=O)O,train,train,test,0,0,0.8448276,0.8448276,0.8448276
Cc1ccc(-c2nsc(CSc3ccc(OC(C)(C)C(=O)O)c(C)c3)n2)cc1Cl,train,train,train,0,0,0.9122807,0.9122807,0.9122807
Cc1ccc(-c2nsc(CSc3ccc(OC(C)(C)C(=O)O)c(C)c3)n2)cc1C,train,train,train,0,0,0.8448276,0.8448276,0.8448276
Cc1cc(SCc2nc(-c3ccc(Cl)cc3Cl)ns2)ccc1OC(C)(C)C(=O)O,train,train,train,0,0,0.74603176,0.74603176,0.78688526
Cc1cc(SCc2nc(-c3ccc(Cl)c(Cl)c3)ns2)ccc1OC(C)(C)C(=O)O,train,train,train,0,0,0.9122807,0.9122807,0.9122807
Cc1cc(SCc2nc(-c3ccc(OC(F)(F)F)c(Cl)c3)ns2)ccc1OC(C)(C)C(=O)O,train,train,train,0,0,0.8666667,0.8666667,0.8666667
Cc1cc(SCc2nc(-c3ccc(C(F)(F)F)c(F)c3)ns2)ccc1OC(C)(C)C(=O)O,train,train,train,0,0,0.78125,0.78125,0.78125
Cc1cc(SCc2cc(-c3ccc(C(F)(F)F)cc3)on2)ccc1OCC(=O)O,train,train,train,0,0,0.73333335,0.73333335,0.73333335
Cc1cc(SCc2cc(-c3ccc(C(F)(F)F)cc3)no2)ccc1OCC(=O)O,train,train,train,0,0,0.73333335,0.73333335,0.73333335
Cc1cc(SCc2csnc2-c2ccc(C(F)(F)F)cc2)ccc1OCC(=O)O,train,train,test,0,0,0.71666664,0.71666664,0.6935484
Cc1cc(SCc2cc(-c3ccc(C(F)(F)F)cc3)ns2)ccc1OCC(=O)O,train,train,test,0,0,0.73333335,0.73333335,0.73333335
CCOc1cc(F)c(CC(CC)C(=O)O)cc1CNC(=O)c1ccc(C23CC4CC(CC(C4)C2)C3)cc1F,train,train,train,4,4,0.8153846,0.8153846,0.8153846
CCCOc1cc(F)c(CC(CC)C(=O)O)cc1CNC(=O)c1ccc(C23CC4CC(CC(C4)C2)C3)cc1,test,test,train,4,4,0.8730159,0.8730159,0.8730159
CCOc1cc(F)c(CC(CC)C(=O)O)cc1CNC(=O)c1ccc(C23CC4CC(CC(C4)C2)C3)cc1,train,train,train,4,4,0.8153846,0.8153846,0.8730159
CCC(Cc1cc(CNC(=O)c2ccc(C34CC5CC(CC(C5)C3)C4)cc2)c(OC)cc1F)C(=O)O,test,test,train,4,4,0.8548387,0.8548387,0.8548387
CCC(Cc1cc(F)c(OC)c(CNC(=O)c2ccc(C34CC5CC(CC(C5)C3)C4)cc2)c1)C(=O)O,train,train,train,4,4,0.6969697,0.6969697,0.74626863
CCC(Cc1ccc(OC)c(CNC(=O)c2ccc(C34CC5CC(CC(C5)C3)C4)cc2F)c1)C(=O)O,train,train,train,4,4,0.7285714,0.7285714,0.7285714
CCC(Cc1cc(CNC(=O)c2ccc(C(F)(F)F)cc2)c(OC)cc1F)C(=O)O,train,train,train,4,4,0.7,0.7,0.6984127
CCC(Cc1cc(F)c(OC)c(CNC(=O)c2ccc(C(F)(F)F)cc2)c1)C(=O)O,train,train,test,4,4,0.7,0.7,0.7
O=C(Nc1ccccc1C(=O)O)c1cccc(S(=O)(=O)N2CCc3ccccc3C2)c1,train,train,train,1,1,0.8181818,0.8181818,0.8181818
Cc1ccc(NC(=O)c2cccc(S(=O)(=O)N3CCc4ccccc4C3)c2)c(C(=O)O)c1,train,train,train,1,1,0.8035714,0.8035714,0.8035714
O=C(Nc1ccc(Cl)cc1C(=O)O)c1cccc(S(=O)(=O)N2CCc3ccccc3C2)c1,train,train,train,1,1,0.89285713,0.89285713,0.89285713
O=C(Nc1ccc(Br)cc1C(=O)O)c1cccc(S(=O)(=O)N2CCc3ccccc3C2)c1,train,train,train,1,1,0.875,0.875,0.875
O=C(Nc1ccc(F)cc1C(=O)O)c1cccc(S(=O)(=O)N2CCc3ccccc3C2)c1,train,train,train,1,1,0.8035714,0.8035714,0.8035714
O=C(Nc1ccc(C(F)(F)F)cc1C(=O)O)c1cccc(S(=O)(=O)N2CCc3ccccc3C2)c1,train,train,train,1,1,0.78688526,0.78688526,0.78688526
O=C(Nc1cc(Br)ccc1C(=O)O)c1cccc(S(=O)(=O)N2CCc3ccccc3C2)c1,train,train,train,1,1,0.875,0.875,0.875
COc1cccc2c1CCN(S(=O)(=O)c1cccc(C(=O)Nc3ccc(Cl)cc3C(=O)O)c1)C2,train,train,train,1,1,0.8095238,0.8095238,0.8095238
O=C(Nc1ccc(Cl)cc1C(=O)O)c1cccc(S(=O)(=O)N2CCc3c(O)cccc3C2)c1,train,train,train,1,1,0.87931037,0.87931037,0.87931037
O=C(Nc1ccc(Cl)cc1C(=O)O)c1cccc(S(=O)(=O)N2CCc3c(cccc3C(=O)O)C2)c1,train,train,train,1,1,0.87931037,0.87931037,0.87931037
COc1ccc2c(c1)CCN(S(=O)(=O)c1cccc(C(=O)Nc3ccc(Cl)cc3C(=O)O)c1)C2,test,test,train,1,1,0.7936508,0.7936508,0.7936508
O=C(Nc1ccc(Cl)cc1C(=O)O)c1cccc(S(=O)(=O)N2CCc3ccc(F)cc3C2)c1,train,train,train,1,1,0.88135594,0.88135594,0.88135594
O=C(Nc1ccc(Cl)cc1C(=O)O)c1cccc(S(=O)(=O)N2CCc3ccc(Cl)cc3C2)c1,train,train,train,1,1,0.89285713,0.89285713,0.89285713
Cc1c(Cl)ccc2c1CN(S(=O)(=O)c1cccc(C(=O)Nc3ccc(Cl)cc3C(=O)O)c1)CC2,test,test,test,1,1,0.8032787,0.8032787,0.8032787
Cc1ccc(NC(=O)c2cccc(S(=O)(=O)n3ccc4c(C)cccc43)c2)c(C(=O)O)c1,train,train,train,1,1,0.8305085,0.8305085,0.8305085
Cc1ccc(NC(=O)c2cccc(S(=O)(=O)n3ccc4c(Br)cccc43)c2)c(C(=O)O)c1,train,train,train,1,1,0.8305085,0.8305085,0.8305085
COc1cccc2c1ccn2S(=O)(=O)c1cccc(C(=O)Nc2ccc(C)cc2C(=O)O)c1,train,train,train,1,1,0.8548387,0.8548387,0.82539684
Cc1ccc(NC(=O)c2cccc(S(=O)(=O)n3ccc4cc(C)ccc43)c2)c(C(=O)O)c1,train,train,test,1,1,0.877193,0.877193,0.877193
Cc1ccc(NC(=O)c2cccc(S(=O)(=O)n3ccc4cc(Cl)ccc43)c2)c(C(=O)O)c1,train,train,train,1,1,0.877193,0.877193,0.8666667
COc1ccc2c(ccn2S(=O)(=O)c2cccc(C(=O)Nc3ccc(C)cc3C(=O)O)c2)c1,train,train,test,1,1,0.87096775,0.87096775,0.87096775
Cc1ccc(NC(=O)c2cccc(S(=O)(=O)n3ccc4ccc(C)cc43)c2)c(C(=O)O)c1,test,test,train,1,1,0.8545455,0.8545455,0.877193
Cc1ccc(NC(=O)c2cccc(S(=O)(=O)n3ccc4ccc(Cl)cc43)c2)c(C(=O)O)c1,test,test,train,1,1,0.8666667,0.8666667,0.877193
COc1ccc2ccn(S(=O)(=O)c3cccc(C(=O)Nc4ccc(C)cc4C(=O)O)c3)c2c1,train,train,train,1,1,0.87096775,0.87096775,0.84745765
Cc1ccc(NC(=O)c2cccc(S(=O)(=O)n3ccc4cccc(C)c43)c2)c(C(=O)O)c1,train,train,train,1,1,0.8448276,0.8448276,0.8448276
Cc1ccc(NC(=O)c2cccc(S(=O)(=O)n3ccc4cccc(Cl)c43)c2)c(C(=O)O)c1,train,train,train,1,1,0.8448276,0.8448276,0.8448276
COc1cccc2ccn(S(=O)(=O)c3cccc(C(=O)Nc4ccc(C)cc4C(=O)O)c3)c12,test,test,test,1,1,0.8032787,0.8032787,0.8032787
COc1ccc2c(ccn2S(=O)(=O)c2cccc(C(=O)Nc3ccc(C)cc3C(=O)O)c2)c1C,train,train,test,1,1,0.8548387,0.8548387,0.8548387
COc1cccc2c1ccn2S(=O)(=O)c1cccc(C(=O)Nc2ccc(Cl)cc2C(=O)O)c1,train,train,train,1,1,0.84375,0.84375,0.82539684
COc1ccc2c(ccn2S(=O)(=O)c2cccc(C(=O)Nc3ccc(Cl)cc3C(=O)O)c2)c1,test,test,train,1,1,0.828125,0.828125,0.8730159
COc1ccc2ccn(S(=O)(=O)c3cccc(C(=O)Nc4ccc(Cl)cc4C(=O)O)c3)c2c1,test,test,train,1,1,0.828125,0.828125,0.8730159
COc1ccc2c(ccn2S(=O)(=O)c2cccc(C(=O)Nc3ccc(Cl)cc3C(=O)O)c2)c1C,train,train,test,1,1,0.84375,0.84375,0.84375
CCCc1cc(C(=O)c2ccccc2)ccc1OCCCn1ccc2cc(OC(C)(C)C(=O)O)ccc21,train,train,train,3,3,0.9206349,0.9206349,0.9206349
CCCc1cc(C(=O)c2ccc(OC)cc2)ccc1OCCCn1ccc2cc(OC(C)(C)C(=O)O)ccc21,train,train,train,3,3,0.9206349,0.9206349,0.9206349
CCCCCCC[C@H]1C(=O)C=C(I)[C@@H]1OCCCCCC(=O)O,train,train,test,3,3,0.6923077,0.6923077,0.6923077
CCCCCCC#CC1=CC(=O)[C@H](CCCCCCC)[C@H]1OCCCCCC(=O)O,train,train,train,3,3,0.6923077,0.6923077,0.25
CCCCCCC[C@H]1C(=O)C=C[C@H]1OCCCCCC(=O)O,train,train,test,3,3,0.60784316,0.60784316,0.56363636
CO[C@@H](Cc1ccc(OCCc2nc(-c3ccccc3)oc2C)c2sccc12)C(=O)O,test,test,train,3,3,0.73913044,0.73913044,0.73913044
CCO[C@@H](Cc1ccc(OCCc2nc(-c3ccccc3)oc2C)c2ccsc12)C(=O)O,train,train,train,3,3,0.7846154,0.7846154,0.8923077
CCCO[C@@H](Cc1ccc(OCCc2nc(-c3ccccc3)oc2C)c2ccsc12)C(=O)O,test,test,train,3,3,0.8923077,0.8923077,0.8923077
COc1cc(OC)cc(-c2nc(CCOc3ccc(C[C@H](OC)C(=O)O)c4sccc34)c(C)o2)c1,train,train,test,3,3,0.69863015,0.69863015,0.7183099
CCO[C@@H](Cc1ccc(OCCc2nc(-c3ccccc3)oc2C)c2ccccc12)C(=O)O,train,train,train,3,3,0.7846154,0.7846154,0.7846154
Cc1nc(-c2ccc(C(C)(C)C)cc2)sc1C(=O)NCc1ccc(OC(C)(C)C(=O)O)cc1,train,train,train,3,3,0.8363636,0.8363636,0.8363636
Cn1nc(-c2ccc(C(C)(C)C)cc2)cc1C(=O)NCc1ccc(OC(C)(C)C(=O)O)cc1,test,test,train,4,4,0.7627119,0.7627119,0.7627119
Cc1cc(CNC(=O)c2cc(-c3ccc(C(C)(C)C)cc3)nn2C)ccc1OC(C)(C)C(=O)O,train,train,train,4,4,0.8333333,0.8333333,0.8333333
Cc1cc(CNC(=O)c2cc(-c3ccc(C(C)C)cc3)nn2C)ccc1OC(C)(C)C(=O)O,train,train,test,4,4,0.83870965,0.83870965,0.83870965
Cc1cc(CNC(=O)c2cc(-c3ccc(C(C)C)cc3)n(C)n2)ccc1OC(C)(C)C(=O)O,train,train,train,4,4,0.84126985,0.84126985,0.84126985
Cc1cc(CNC(=O)c2cc(-c3ccc(CC(C)C)cc3)nn2C)ccc1OC(C)(C)C(=O)O,train,train,train,4,4,0.83870965,0.83870965,0.8196721
Cc1cc(CNC(=O)c2cc(-c3ccc(CC(C)C)cc3)n(C)n2)ccc1OC(C)(C)C(=O)O,train,train,train,4,4,0.84126985,0.84126985,0.84126985
CCn1nc(-c2ccc(C(C)(C)C)cc2)cc1C(=O)NCc1ccc(OC(C)(C)C(=O)O)c(C)c1,train,train,train,4,4,0.8333333,0.8333333,0.8333333
C=CCn1nc(-c2ccc(C(C)(C)C)cc2)cc1C(=O)NCc1ccc(OC(C)(C)C(=O)O)c(C)c1,train,train,train,4,4,0.8125,0.8125,0.8125
COCCn1nc(-c2ccc(C(C)(C)C)cc2)cc1C(=O)NCc1ccc(OC(C)(C)C(=O)O)c(C)c1,train,train,train,4,4,0.82539684,0.82539684,0.82539684
Cc1cc(CNC(=O)c2cc(-c3ccc(C(C)(C)C)cc3)n(Cc3ccccc3)n2)ccc1OC(C)(C)C(=O)O,train,train,train,4,4,0.64788735,0.64788735,0.72727275
Cc1cc(CNC(=O)c2cc(-c3ccc(-c4ccccc4)cc3)n(C)n2)ccc1OC(C)(C)C(=O)O,test,test,train,4,4,0.82539684,0.82539684,0.82539684
Cc1cc(CNC(=O)c2cc(-c3ccc(-c4ccoc4)cc3)n(C)n2)ccc1OC(C)(C)C(=O)O,train,train,train,4,4,0.76119405,0.76119405,0.82539684
Cc1cc(CNC(=O)c2cc(-c3ccc(N4CCOCC4)cc3)n(C)n2)ccc1OC(C)(C)C(=O)O,test,test,train,4,4,0.8787879,0.8787879,0.76119405
Cc1cc(CNC(=O)c2cc(-c3ccc(N4CCCC4)cc3)n(C)n2)ccc1OC(C)(C)C(=O)O,train,train,test,4,4,0.75,0.75,0.8787879
C=C(COc1ccccc1)CSc1ccc(OCC(=O)O)c(C)c1,train,train,test,0,0,0.82978725,0.82978725,0.82978725
C=C(COc1ccc(Cl)cc1)CSc1ccc(OCC(=O)O)c(C)c1,test,test,train,0,0,0.81632656,0.81632656,0.81632656
C=C(COc1ccc(Cl)c(Cl)c1)CSc1ccc(OCC(=O)O)c(C)c1,test,test,train,0,0,0.75,0.75,0.8039216
C=C(COc1ccc(C(F)(F)F)cc1)CSc1ccc(OCC(=O)O)c(C)c1,train,train,train,0,0,0.877551,0.877551,0.877551
C=C(COc1ccc(OC)cc1)CSc1ccc(OCC(=O)O)c(C)c1,train,train,train,0,0,0.82978725,0.82978725,0.81632656
C=C(COc1ccc(N(C)C)cc1)CSc1ccc(OCC(=O)O)c(C)c1,train,train,test,0,0,0.78431374,0.78431374,0.78431374
C=C(COc1ccc(Cl)cc1Cl)CSc1ccc(OCC(=O)O)c(C)c1,train,train,train,0,0,0.7058824,0.7058824,0.8
C=C(COc1ccc(OC(F)(F)F)cc1)CSc1ccc(OCC(=O)O)c(C)c1,train,train,train,0,0,0.8269231,0.8269231,0.8269231
C=C(CSc1ccc(C(F)(F)F)cc1)CSc1ccc(OCC(=O)O)c(C)c1,train,train,train,0,0,0.877551,0.877551,0.877551
C=C(CCc1ccc(C(F)(F)F)cc1)CSc1ccc(OCC(=O)O)c(C)c1,train,train,train,0,0,0.8076923,0.8076923,0.8076923
C=C(COc1ccc(C(F)(F)F)cc1)CSc1ccc(OCC(=O)O)c(Cl)c1,train,train,train,0,0,0.7777778,0.7777778,0.7777778
C=C(COc1ccc(C(F)(F)F)cc1)COc1ccc(OCC(=O)O)c(C)c1,train,train,train,0,0,0.7647059,0.7647059,0.7647059
CCCC(CCC)(COc1ccc(C(F)(F)F)cc1)CSc1ccc(OCC(=O)O)c(C)c1,train,train,train,0,0,0.76785713,0.76785713,0.6393443
Cc1cc(SCC2(COc3ccc(C(F)(F)F)cc3)CC2)ccc1OCC(=O)O,train,train,test,0,0,0.75409836,0.75409836,0.75409836
CC(C)=C(COc1ccc(C(F)(F)F)cc1)CSc1ccc(OCC(=O)O)c(C)c1,train,train,train,0,0,0.8490566,0.8490566,0.8490566
Cc1cc(SCC2(COc3ccc(C(F)(F)F)cc3)OCCCO2)ccc1OCC(=O)O,train,train,train,0,0,0.75409836,0.75409836,0.625
Cc1cc(SCC(F)(F)COc2ccc(C(F)(F)F)cc2)ccc1OCC(=O)O,train,train,test,0,0,0.76785713,0.76785713,0.76785713
Cc1cc(SC/C(=C/C#N)COc2ccc(C(F)(F)F)cc2)ccc1OCC(=O)O,train,train,test,0,0,0.7,0.7,0.7419355
Cc1cc(SC/C(=C/c2ccccc2)COc2ccc(C(F)(F)F)cc2)ccc1OCC(=O)O,test,test,train,0,0,0.7419355,0.7419355,0.7
Cc1cc(SCC(COc2ccc(C(F)(F)F)cc2)=C(F)F)ccc1OCC(=O)O,train,train,train,0,0,0.8490566,0.8490566,0.8490566
CCC#CCOc1cc(COCC2CC2)ccc1Sc1ccc(OCC(=O)O)c2c1CCCC2,train,train,test,0,0,0.71428573,0.71428573,0.71428573
CCC#CCOc1cc(COC2CCCC2)ccc1Sc1ccc(OCC(=O)O)c2c1CCCC2,test,test,test,0,0,0.7878788,0.7878788,0.7352941
CCC#CCOc1cc(CNc2ccc(C(F)(F)F)cc2)ccc1Sc1ccc(OCC(=O)O)c2c1CCCC2,train,train,train,4,4,0.78571427,0.78571427,0.78571427
CCC#CCOc1cc(COc2ccc(C(F)(F)F)cn2)ccc1Sc1ccc(OCC(=O)O)c2c1CCCC2,test,test,train,0,0,0.8028169,0.8028169,0.8028169
CCC#CCOc1cc(COc2ccc(Cl)cc2C)ccc1Sc1ccc(OCC(=O)O)c2c1CCCC2,train,train,train,0,0,0.8333333,0.8333333,0.8333333
COCCCOc1cc(COc2ccc(C(F)(F)F)cc2)ccc1Sc1ccc(OCC(=O)O)c(C)c1C,train,train,train,0,0,0.9298246,0.9298246,0.9298246
C#CCOc1cc(COc2ccc(C(F)(F)F)cc2)ccc1Sc1ccc(OCC(=O)O)c(C)c1C,train,train,train,0,0,0.8360656,0.8360656,0.8360656
COCCOc1cc(COc2ccc(C(F)(F)F)cc2)ccc1Sc1ccc(OCC(=O)O)c(C)c1C,train,train,train,0,0,0.9298246,0.9298246,0.9298246
Cc1c(OCC(=O)O)ccc(Sc2ccc(COc3ccc(C(F)(F)F)cc3)cc2OCC#N)c1C,train,train,train,0,0,0.8360656,0.8360656,0.8360656
Cc1cc(COc2cc(COc3ccc(C(F)(F)F)cc3)ccc2Sc2ccc(OCC(=O)O)c(C)c2C)no1,train,train,train,0,0,0.7692308,0.7692308,0.7692308
Cc1c(OCC(=O)O)ccc(Sc2ccc(COc3ccc(C(F)(F)F)cc3)cc2OCc2cccnc2)c1C,train,train,train,0,0,0.82539684,0.82539684,0.82539684
Cc1c(OCC(=O)O)ccc(Sc2ccc(COc3ccc(C(F)(F)F)cc3)cc2OCc2ccncc2)c1C,train,train,train,0,0,0.82539684,0.82539684,0.82539684
Cc1c(OCC(=O)O)ccc(Sc2ccc(COc3ccc(C(F)(F)F)cc3)cc2OCC2CCCO2)c1C,train,train,train,0,0,0.69863015,0.69863015,0.69863015
C#CCOc1cc(COc2ccc(C(F)(F)F)cc2)ccc1Sc1ccc(OCC(=O)O)c2c1CCCC2,train,train,train,0,0,0.83076924,0.83076924,0.83076924
CC#CCOc1cc(COc2ccc(C(F)(F)F)cc2)ccc1Sc1ccc(OCC(=O)O)c2c1CCCC2,train,train,train,0,0,0.8636364,0.8636364,0.8636364
CCC#CCOc1cc(COc2ccc(C(F)(F)F)cc2)ccc1Sc1ccc(OCC(=O)O)c2c1CCCC2,train,train,train,0,0,0.8787879,0.8787879,0.8787879
CC(C)(O)C#CCOc1cc(COc2ccc(C(F)(F)F)cc2)ccc1Sc1ccc(OCC(=O)O)c2c1CCCC2,test,test,train,0,0,0.8507463,0.8507463,0.8507463
O=C(O)COc1ccc(Sc2ccc(COc3ccc(C(F)(F)F)cc3)cc2OCC#CCO)c2c1CCCC2,train,train,train,0,0,0.8923077,0.8923077,0.8769231
O=C(O)COc1ccc(Sc2ccc(COc3ccc(C(F)(F)F)cc3)cc2OCC#CCCO)c2c1CCCC2,train,train,test,0,0,0.8923077,0.8923077,0.8923077
C[C@H](O)C#CCOc1cc(COc2ccc(C(F)(F)F)cc2)ccc1Sc1ccc(OCC(=O)O)c2c1CCCC2,train,train,train,0,0,0.85294116,0.85294116,0.85294116
COCC#CCOc1cc(COc2ccc(C(F)(F)F)cc2)ccc1Sc1ccc(OCC(=O)O)c2c1CCCC2,train,train,train,0,0,0.88235295,0.88235295,0.88235295
COCCC#CCOc1cc(COc2ccc(C(F)(F)F)cc2)ccc1Sc1ccc(OCC(=O)O)c2c1CCCC2,train,train,train,0,0,0.88235295,0.88235295,0.88235295
O=C(O)COc1ccc(Sc2ccc(COc3ccc(C(F)(F)F)cc3)cc2OCC#Cc2cccnc2)c2c1CCCC2,train,train,test,0,0,0.7567568,0.7567568,0.7567568
CCC#CCOc1cc(COc2cccc(C(F)(F)F)c2)ccc1Sc1ccc(OCC(=O)O)c2c1CCCC2,train,train,train,0,0,0.8405797,0.8405797,0.8405797
CCC#CCOc1cc(COc2ccccc2C(F)(F)F)ccc1Sc1ccc(OCC(=O)O)c2c1CCCC2,train,train,train,0,0,0.7714286,0.7714286,0.7714286
CCC#CCOc1cc(COc2ccc(Cl)cc2)ccc1Sc1ccc(OCC(=O)O)c2c1CCCC2,train,train,train,0,0,0.8333333,0.8333333,0.8333333
O=C(O)COc1ccc(Sc2ccc(COc3ccc(C(F)(F)F)cc3)cc2Cl)c2c1CCCC2,test,test,train,0,0,0.73846155,0.73846155,0.73846155
Cc1cccc(OCCCOc2ccc(SCC(=O)O)cc2)c1C,train,train,train,3,3,0.6458333,0.6458333,0.6458333
Cc1cccc(OCCCOc2ccc(CCC(=O)O)cc2)c1C,train,train,train,3,3,0.6458333,0.6458333,0.6458333
Cc1cc(OCc2nc(-c3ccc(-c4ccccc4)cc3)c(-c3ccc(-c4ccccc4)cc3)s2)ccc1OCC(=O)O,train,train,train,0,0,0.96153843,0.96153843,0.96153843
Cc1cc(OCc2nc(-c3ccccc3)c(-c3ccc(Cl)cc3)s2)ccc1OCC(=O)O,train,train,train,0,0,1.0,1.0,1.0
COc1ccc(-c2nc(COc3ccc(OCC(=O)O)c(C)c3)sc2-c2ccccc2)cc1,train,train,train,0,0,1.0,1.0,1.0
Cc1ccc(-c2sc(COc3ccc(OCC(=O)O)c(C)c3)nc2-c2cccnc2)cc1,train,train,train,0,0,0.7966102,0.7966102,0.84375
Cc1cc(OCc2nc(C)c(-c3ccc(Cl)cc3)s2)ccc1OCC(=O)O,test,test,train,0,0,0.79310346,0.79310346,0.86538464
Cc1cc(OCc2nc(-c3ccc(-c4ccccc4)cc3)cs2)ccc1OCC(=O)O,train,train,test,0,0,0.78571427,0.78571427,0.8627451
Cc1cc(OCc2nc(-c3ccc(C(F)(F)F)cc3)c(-c3ccc(C(F)(F)F)cc3)s2)ccc1OCC(=O)O,train,train,train,0,0,0.96428573,0.96428573,0.96428573
Cc1cc(OCc2nc(-c3ccc(Cl)cc3)c(-c3ccc(Cl)cc3)s2)ccc1OCC(=O)O,test,test,train,0,0,0.9444444,0.9444444,0.9444444
Cc1cc(OCc2nc(-c3ccc(C(F)(F)F)cc3)cs2)ccc1OCC(=O)O,train,train,test,0,0,0.78571427,0.78571427,0.8
Cc1cc(OCc2nc(-c3ccc(C(F)(F)F)cc3)c(C)s2)ccc1OCC(=O)O,train,train,train,0,0,0.8448276,0.8448276,0.8448276
COc1ccc(-c2sc(COc3ccc(OCC(=O)O)c(C)c3)nc2-c2ccccc2)cc1,train,train,train,0,0,1.0,1.0,1.0
COc1ccc(-c2csc(COc3ccc(OCC(=O)O)c(C)c3)n2)cc1,test,test,train,0,0,0.8627451,0.8627451,0.84615386
Cc1cc(OCc2nc(-c3ccc(Cl)cc3)cs2)ccc1OCC(=O)O,test,test,train,0,0,0.8301887,0.8301887,0.84615386
Cc1cc(OCc2nc(-c3ccc(Cl)cc3)c(-c3ccccc3)s2)ccc1OCC(=O)O,train,train,train,0,0,1.0,1.0,1.0
Cc1ccc(-c2sc(COc3ccc(OCC(=O)O)c(C)c3)nc2C)cc1,test,test,train,0,0,0.7592593,0.7592593,0.86538464
COc1ccc(-c2nc(COc3ccc(OCC(=O)O)c(C)c3)oc2-c2ccc(C(F)(F)F)cc2)cc1,train,train,train,0,0,0.8596491,0.8596491,0.84375
COc1ccc(-c2nc(COc3ccc(OCC(=O)O)c(C)c3)oc2-c2ccc(OC(F)(F)F)cc2)cc1,train,train,train,0,0,0.88709676,0.88709676,0.88709676
COc1ccc(-c2nc(COc3ccc(OCC(=O)O)c(C)c3)sc2-c2ccc(-c3ccccc3)cc2)cc1,train,train,train,0,0,0.9807692,0.9807692,0.9807692
CCCc1ccc(-c2oc(COc3ccc(OCC(=O)O)c(C)c3)nc2-c2ccc(OC)cc2)cc1,train,train,train,0,0,0.88709676,0.88709676,0.88709676
COc1ccc(-c2nc(COc3ccc(OCC(=O)O)c(C)c3)oc2-c2ccc(-c3ccccc3)cc2)cc1,test,test,train,0,0,0.9245283,0.9245283,0.81666666
COc1ccc(-c2nc(COc3ccc(OCC(=O)O)c(C)c3)sc2-c2ccc(OC(F)(F)F)cc2)cc1,train,train,train,0,0,0.9,0.9,0.9
COc1ccc(-c2nc(COc3ccc(OCC(=O)O)c(C)c3)sc2-c2ccc3ccccc3c2)cc1,train,train,train,0,0,0.875,0.875,0.875
COc1ccc(-c2nc(COc3ccc(OCC(=O)O)c(C)c3)sc2-c2ccc(C(F)(F)F)cc2)cc1,train,train,train,0,0,0.96428573,0.96428573,0.96428573
COc1ccc(-c2nc(COc3ccc(OCC(=O)O)c(C)c3)oc2-c2ccc(Cl)cc2)cc1,test,test,test,0,0,0.9074074,0.9074074,0.86206895
COc1ccc(-c2nc(COc3ccc(OCC(=O)O)c(C)c3)sc2-c2cc3ccccc3o2)cc1,train,train,train,0,0,0.7777778,0.7777778,0.7777778
COc1ccc(-c2nc(COc3ccc(OCC(=O)O)c(C)c3)sc2-c2ccc(Cl)cc2)cc1,test,test,test,0,0,0.91071427,0.91071427,0.9622642
COc1ccc(-c2nc(COc3ccc(OCC(=O)O)c(C)c3)sc2-c2cccc(C(F)(F)F)c2)cc1,train,train,train,0,0,0.84126985,0.84126985,0.84126985
COc1ccc(-c2nc(COc3ccc(OCC(=O)O)c(C)c3)oc2-c2ccc(Cl)c(Cl)c2)cc1,train,train,train,0,0,0.8727273,0.8727273,0.8135593
COc1ccc(-c2nc(COc3ccc(OCC(=O)O)c(C)c3)sc2-c2cnc3ccccc3c2)cc1,train,train,train,0,0,0.8360656,0.8360656,0.8360656
COc1ccc(-c2nc(COc3ccc(OCC(=O)O)c(C)c3)sc2/C=C/c2ccccc2)cc1,train,train,test,0,0,0.75409836,0.75409836,0.75409836
COc1ccc(-c2nc(COc3ccc(OCC(=O)O)c(C)c3)oc2-c2cnc3ccccc3c2)cc1,test,test,train,0,0,0.78688526,0.78688526,0.7936508
COc1ccc(-c2nc(COc3ccc(OCC(=O)O)c(C)c3)sc2-c2ccc(OC)c(Cl)c2)cc1,train,train,train,0,0,0.83928573,0.83928573,0.83928573
COc1ccc(-c2nc(COc3ccc(OCC(=O)O)c(C)c3)sc2-c2ccc(SC(F)(F)F)cc2)cc1,train,train,train,0,0,0.8135593,0.8135593,0.8135593
COc1ccc(-c2nc(COc3ccc(OCC(=O)O)c(C)c3)sc2-c2ccc(-c3ccccc3)c(C(F)(F)F)c2)cc1,test,test,test,0,0,0.7826087,0.7826087,0.7826087
CCCc1ccc(-c2sc(COc3ccc(OCC(=O)O)c(C)c3)nc2-c2ccc(OC)cc2)cc1,train,train,train,0,0,0.85714287,0.85714287,0.85714287
COc1ccc(-c2nc(COc3ccc(OCC(=O)O)c(C)c3)oc2-c2cccc(C(F)(F)F)c2)cc1,train,train,train,0,0,0.84375,0.84375,0.84375
COc1ccc(-c2nc(COc3ccc(OCC(=O)O)c(C)c3)sc2-c2ccc(C(C)(C)C)cc2)cc1,train,train,train,0,0,0.8888889,0.8888889,0.8888889
COc1ccc(-c2nc(COc3ccc(OCC(=O)O)c(C)c3)sc2-c2ccc(Cl)nc2)cc1,train,train,train,0,0,0.8245614,0.8245614,0.8245614
Cc1cc(OCc2nc(-c3ccc(C(=O)N(C)C(C)C)cc3)c(-c3ccc(OC(F)(F)F)cc3)o2)ccc1OCC(=O)O,test,test,train,0,0,0.79710144,0.79710144,0.79710144
Cc1cc(OCc2nc(-c3ccc(C(=O)N(C)C(C)C)cc3)c(-c3ccc(OC(F)(F)F)cc3)s2)ccc1OCC(=O)O,test,test,train,0,0,0.85714287,0.85714287,0.85714287
Cc1cc(OCc2nc(-c3ccc(OC(C)C)cc3)c(-c3ccc(OC(F)(F)F)cc3)o2)ccc1OCC(=O)O,test,test,train,0,0,0.86567163,0.86567163,0.86567163
Cc1cc(OCc2nc(-c3ccc(OC4CCCC4)cc3)c(-c3ccc(OC(F)(F)F)cc3)o2)ccc1OCC(=O)O,test,test,train,0,0,0.7941176,0.7941176,0.7941176
Cc1cc(OCc2nc(-c3ccc(C(=O)N4CCCCC4)cc3)c(-c3ccc(OC(F)(F)F)cc3)s2)ccc1OCC(=O)O,train,train,train,0,0,0.8108108,0.8108108,0.8108108
Cc1cc(OCc2nc(-c3ccc(OC(C)C)cc3)c(-c3ccc(OC(F)(F)F)cc3)s2)ccc1OCC(=O)O,train,train,test,0,0,0.86764705,0.86764705,0.86764705
Cc1cc(OCc2nc(-c3ccc(OC4CCCC4)cc3)c(-c3ccc(OC(F)(F)F)cc3)s2)ccc1OCC(=O)O,test,test,train,0,0,0.80597013,0.80597013,0.80597013
Cc1cc(OCc2nc(-c3ccc4c(c3)OCCCO4)c(-c3ccc(OC(F)(F)F)cc3)s2)ccc1OCC(=O)O,train,train,train,0,0,0.9411765,0.9411765,0.9411765
Cc1cc(OCc2nc(-c3ccc4c(c3)OCCO4)c(-c3ccc(OC(F)(F)F)cc3)s2)ccc1OCC(=O)O,train,train,train,0,0,0.9411765,0.9411765,0.9411765
CCC(C)Oc1ccc(-c2nc(COc3ccc(OCC(=O)O)c(C)c3)sc2-c2ccc(OC(F)(F)F)cc2)cc1,test,test,train,0,0,0.86567163,0.86567163,0.8181818
Cc1cc(OCc2nc(-c3ccc(C(=O)N4CCCCC4)cc3)c(-c3ccc(OC(F)(F)F)cc3)o2)ccc1OCC(=O)O,train,train,train,0,0,0.7605634,0.7605634,0.7605634
Cc1cc(OCc2nc(-c3ccc(C(=O)N(C)C)cc3)c(-c3ccc(OC(F)(F)F)cc3)s2)ccc1OCC(=O)O,train,train,train,0,0,0.83076924,0.83076924,0.85714287
CCCCOc1ccc(-c2nc(COc3ccc(OCC(=O)O)c(C)c3)sc2-c2ccc(OC(F)(F)F)cc2)cc1,train,train,train,0,0,0.93650794,0.93650794,0.93650794
CCN(CC)c1ccc(-c2nc(COc3ccc(OCC(=O)O)c(C)c3)sc2-c2ccc(OC(F)(F)F)cc2)cc1,train,train,train,0,0,0.83076924,0.83076924,0.83076924
Cc1cc(OCc2nc(-c3ccc4c(c3)OCO4)c(-c3ccc(OC(F)(F)F)cc3)s2)ccc1OCC(=O)O,train,train,train,0,0,0.9117647,0.9117647,0.9117647
CCOc1ccc(-c2nc(COc3ccc(OCC(=O)O)c(C)c3)sc2-c2ccc(OC(F)(F)F)cc2)cc1,train,train,train,0,0,0.8852459,0.8852459,0.8852459
CCCOc1ccc(-c2nc(COc3ccc(OCC(=O)O)c(C)c3)sc2-c2ccc(OC(F)(F)F)cc2)cc1,train,train,train,0,0,0.93650794,0.93650794,0.93650794
Cc1cc(OCc2nc(-c3ccc(N4CCOCC4)cc3)c(-c3ccc(OC(F)(F)F)cc3)s2)ccc1OCC(=O)O,train,train,train,0,0,0.8857143,0.8857143,0.8857143
Cc1cc(OCc2nc(-c3ccc(N4CCCCC4)cc3)c(-c3ccc(OC(F)(F)F)cc3)s2)ccc1OCC(=O)O,train,train,train,0,0,0.9848485,0.9848485,0.9848485
COc1ccc(-c2nc(COc3ccc(OCC(=O)O)c(C)c3)sc2-c2ccc(OC(F)(F)F)cc2)cc1F,train,train,train,0,0,0.8730159,0.8730159,0.8730159
Cc1cc(OCc2nc(-c3ccc(OCC(C)C)cc3)c(-c3ccc(OC(F)(F)F)cc3)s2)ccc1OCC(=O)O,train,train,train,0,0,0.84375,0.84375,0.84375
COc1cccc(-c2nc(COc3ccc(OCC(=O)O)c(C)c3)sc2-c2ccc(OC(F)(F)F)cc2)c1,train,train,train,0,0,0.8730159,0.8730159,0.8730159
Cc1cc(OCc2nc(-c3ccc(-c4ccccc4)cc3)c(-c3ccc(OC(F)(F)F)cc3)s2)ccc1OCC(=O)O,train,train,train,0,0,0.9,0.9,0.9
Cc1cc(OCc2nc(-c3ccc(C(F)(F)F)cc3)c(-c3ccc(OC(F)(F)F)cc3)s2)ccc1OCC(=O)O,train,train,train,0,0,0.91525424,0.91525424,0.91525424
Cc1cc(OCc2nc(-c3ccc(N4CCCC4)cc3)c(-c3ccc(OC(F)(F)F)cc3)s2)ccc1OCC(=O)O,train,train,train,0,0,0.9848485,0.9848485,0.9848485
Cc1cc(OCc2nc(-c3ccc4[nH]c(=O)oc4c3)c(-c3ccc(OC(F)(F)F)cc3)s2)ccc1OCC(=O)O,train,train,train,0,0,0.7361111,0.7361111,0.7361111
Cc1cc(OCc2nc(-c3ccc(NS(C)(=O)=O)cc3)c(-c3ccc(OC(F)(F)F)cc3)s2)ccc1OCC(=O)O,train,train,test,0,0,0.80597013,0.80597013,0.80597013
Cc1cc(OCc2nc(-c3cnc(OC(C)C)nc3)c(-c3ccc(OC(F)(F)F)cc3)o2)ccc1OCC(=O)O,train,train,train,0,0,0.8507463,0.8507463,0.86567163
Cc1cc(OCc2nc(-c3cnc(N4CCOCC4)nc3)c(-c3ccc(OC(F)(F)F)cc3)o2)ccc1OCC(=O)O,test,test,train,0,0,0.8767123,0.8767123,0.8767123
Cc1cc(OCc2nc(-c3ccc(N4CCOCC4)nc3)c(-c3ccc(OC(F)(F)F)cc3)o2)ccc1OCC(=O)O,train,train,train,0,0,0.7432432,0.7432432,0.8767123
Cc1cc(OCc2nc(-c3cnc(N4CCOCC4)nc3)c(-c3ccc(OC(F)(F)F)cc3)s2)ccc1OCC(=O)O,train,train,train,0,0,0.8783784,0.8783784,0.8783784
Cc1cc(OCc2nc(-c3cnc(OC(C)C)nc3)c(-c3ccc(OC(F)(F)F)cc3)s2)ccc1OCC(=O)O,test,test,test,0,0,0.85714287,0.85714287,0.85714287
Cc1cc(OCc2nc(-c3cccnc3)c(-c3ccc(OC(F)(F)F)cc3)o2)ccc1OCC(=O)O,train,train,test,0,0,0.875,0.875,0.84375
Cc1cc(OCc2nc(-c3ccc(OC(C)C)nc3)c(-c3ccc(OC(F)(F)F)cc3)s2)ccc1OCC(=O)O,train,train,train,0,0,0.85294116,0.85294116,0.8405797
COc1ccc(-c2nc(COc3ccc(OCC(=O)O)c(C)c3)oc2-c2ccc(OC(F)(F)F)cc2)cn1,train,train,train,0,0,0.8769231,0.8769231,0.8769231
COc1ncc(-c2nc(COc3ccc(OCC(=O)O)c(C)c3)oc2-c2ccc(OC(F)(F)F)cc2)cn1,train,train,train,0,0,0.88709676,0.88709676,0.88709676
COc1ccc(-c2nc(COc3ccc(OCC(=O)O)c(C)c3)sc2-c2ccc(OC(F)(F)F)cc2)cn1,test,test,train,0,0,0.8730159,0.8730159,0.8730159
Cc1cc(OCc2nc(-c3ccc(N4CCOCC4)nc3)c(-c3ccc(OC(F)(F)F)cc3)s2)ccc1OCC(=O)O,train,train,train,0,0,0.8783784,0.8783784,0.8783784
COc1ncc(-c2nc(COc3ccc(OCC(=O)O)c(C)c3)sc2-c2ccc(OC(F)(F)F)cc2)cn1,train,train,train,0,0,0.88709676,0.88709676,0.88709676
Cc1cc(OCc2nc(-c3cncnc3)c(-c3ccc(OC(F)(F)F)cc3)o2)ccc1OCC(=O)O,train,train,test,0,0,0.875,0.875,0.8548387
Cc1cc(OCc2nc(-c3cncnc3)c(-c3ccc(OC(F)(F)F)cc3)s2)ccc1OCC(=O)O,train,train,test,0,0,0.8548387,0.8548387,0.86153847
Cc1cc(OCc2nc(-c3cccnc3)c(-c3ccc(OC(F)(F)F)cc3)s2)ccc1OCC(=O)O,test,test,train,0,0,0.86153847,0.86153847,0.84615386
CCCc1cc(OCc2nc(-c3ccc(OC)cc3)c(-c3ccc(C(F)(F)F)cc3)s2)ccc1OCC(=O)O,train,train,train,0,0,0.7846154,0.7846154,0.7846154
COc1ccc(-c2nc(CSc3ccc(CC(=O)O)cc3Cl)sc2-c2ccc(C(F)(F)F)cc2)cc1,train,train,test,0,0,0.7205882,0.7205882,0.7205882
COc1ccc(-c2nc(COc3ccc(CCC(=O)O)c(C)c3)sc2-c2ccc(C(F)(F)F)cc2)cc1,train,train,train,0,0,0.86440676,0.86440676,0.86440676
COc1ccc(-c2nc(COc3ccc(CC(=O)O)c(C)c3)sc2-c2ccc(C(F)(F)F)cc2)cc1,train,train,train,0,0,0.86440676,0.86440676,0.86440676
COc1ccc(-c2nc(CSc3ccc(OCC(=O)O)c(C)c3)sc2-c2ccc(C(F)(F)F)cc2)cc1,train,train,train,0,0,0.86206895,0.86206895,0.86206895
COc1ccc(-c2nc(COc3ccc4c(ccn4CC(=O)O)c3)sc2-c2ccc(C(F)(F)F)cc2)cc1,train,train,test,0,0,0.6825397,0.6825397,0.6825397
COc1ccc(-c2nc(COc3ccc(CCC(=O)O)c(C(F)(F)F)c3)sc2-c2ccc(C(F)(F)F)cc2)cc1,test,test,train,0,0,0.83870965,0.83870965,0.83870965
COc1ccc(-c2nc(COc3ccc4c(c3)CC(C(=O)O)O4)sc2-c2ccc(C(F)(F)F)cc2)cc1,train,train,train,0,0,0.62857145,0.62857145,0.62857145
COc1ccc(-c2nc(COc3ccc(CC(=O)O)cc3Cl)sc2-c2ccc(C(F)(F)F)cc2)cc1,train,train,train,0,0,0.7205882,0.7205882,0.7704918
COc1ccc(-c2nc(COc3ccc4c(CC(=O)O)cccc4c3)sc2-c2ccc(C(F)(F)F)cc2)cc1,train,train,train,0,0,0.74603176,0.74603176,0.74603176
COc1ccc(-c2nc(COc3ccc(OCC(=O)O)cc3)sc2-c2ccc(C(F)(F)F)cc2)cc1,train,train,train,0,0,0.79310346,0.79310346,0.8148148
COc1ccc(-c2nc(COc3ccc(OC(C)(C)C(=O)O)cc3)sc2-c2ccc(C(F)(F)F)cc2)cc1,test,test,test,0,0,0.76785713,0.76785713,0.76785713
COc1ccc(-c2nc(COc3ccc(CC(=O)O)cc3)sc2-c2ccc(C(F)(F)F)cc2)cc1,test,test,train,0,0,0.8148148,0.8148148,0.8148148
CCOC(Cc1ccc(OCc2nc(-c3ccc(OC)cc3)c(-c3ccc(C(F)(F)F)cc3)s2)cc1)C(=O)O,test,test,train,3,3,0.6825397,0.6825397,0.71428573
COc1ccc(-c2nc(COc3ccc(OCC(=O)O)cc3C)sc2-c2ccc(C(F)(F)F)cc2)cc1,train,train,train,0,0,0.9310345,0.9310345,0.9310345
COc1ccc(-c2nc(COc3ccc(OCC(=O)O)c4ccccc34)sc2-c2ccc(C(F)(F)F)cc2)cc1,train,train,train,0,0,0.7758621,0.7758621,0.7758621
Cc1cc(OCc2nc(-c3cccnc3)c(-c3ccc(-c4ccccc4)cc3)o2)ccc1OCC(=O)O,train,train,train,0,0,0.84375,0.84375,0.81666666
Cc1cc(OCc2nc(-c3ccc(OC(C)C)cc3)c(-c3ccc(-c4ccccc4)cc3)s2)ccc1OCC(=O)O,train,train,test,0,0,0.877193,0.877193,0.877193
CCCc1ccc(-c2oc(COc3ccc(OCC(=O)O)c(C)c3)nc2-c2cnc(OC)nc2)cc1,train,train,train,0,0,0.88709676,0.88709676,0.88709676
CCCc1ccc(-c2sc(COc3ccc(OCC(=O)O)c(C)c3)nc2-c2ccc(OC(C)C)cc2)cc1,train,train,test,0,0,0.85714287,0.85714287,0.85714287
Cc1cc(OCc2nc(-c3ccc(N4CCOCC4)cc3)c(-c3ccc(-c4ccccc4)cc3)s2)ccc1OCC(=O)O,train,train,train,0,0,0.8309859,0.8309859,0.8309859
Cc1cc(OCc2nc(-c3ccc(OC(C)C)cc3)c(-c3ccc(C(F)(F)F)cc3)s2)ccc1OCC(=O)O,test,test,train,0,0,0.8852459,0.8852459,0.8852459
Cc1cc(OCc2nc(-c3ccc(OC(C)C)cc3)c(-c3cccc(OC(F)(F)F)c3)s2)ccc1OCC(=O)O,train,train,train,0,0,0.86764705,0.86764705,0.7777778
COc1ccc(-c2nc(CSc3ccc(OCC(=O)O)cc3Cl)sc2-c2ccc(OC)cc2)cc1,train,train,train,0,0,0.7241379,0.7241379,0.7241379
COc1ccc(-c2nc(COc3ccc(OCC(=O)O)c(C)c3)sc2-c2ccc(OC)cc2)cc1,train,train,train,0,0,0.9411765,0.9411765,0.9411765
COc1ccc(-c2nc(COc3ccc(OCC(=O)O)c(C)c3)oc2-c2ccc(OC)cc2)cc1,train,train,test,0,0,0.8727273,0.8727273,0.9245283
COc1ccc(-c2nc(CSc3ccc(OCC(=O)O)cc3Cl)oc2-c2ccc(OC)cc2)cc1,train,train,train,0,0,0.6721311,0.6721311,0.6721311
COc1ccc(-c2nc(CSc3ccc(OCC(=O)O)c(C)c3)sc2-c2ccc(OC)cc2)cc1,train,train,train,0,0,0.86206895,0.86206895,0.86206895
COc1ccc(-c2nc(CSc3ccc(OCC(=O)O)c(C)c3)oc2-c2ccc(OC)cc2)cc1,test,test,test,0,0,0.75438595,0.75438595,0.704918
COc1ccc(-c2nc(COc3ccc(OCC(=O)O)cc3Cl)sc2-c2ccc(OC)cc2)cc1,test,test,test,0,0,0.73333335,0.73333335,0.73333335
COc1ccc(-c2nc(Sc3ccc(OCC(=O)O)c(C)c3)sc2-c2ccc(OC)cc2)cc1,train,train,train,0,0,0.75438595,0.75438595,0.75438595
COc1ccc(-c2nc(SCc3ccc(OCC(=O)O)cc3Cl)sc2-c2ccc(OC)cc2)cc1,test,test,train,0,0,0.7241379,0.7241379,0.7241379
COc1ccc(-c2nc(SCc3ccc(OCC(=O)O)c(C)c3)sc2-c2ccc(OC)cc2)cc1,train,train,train,0,0,0.7288136,0.7288136,0.7288136
COc1ccc(-c2nc(Sc3ccc(OCC(=O)O)cc3Cl)sc2-c2ccc(OC)cc2)cc1,train,train,train,0,0,0.7241379,0.7241379,0.7241379
Cc1cc(CN(CC(=O)Nc2ccc(Cl)cc2Cl)C2CCCCC2)ccc1OCC(=O)O,test,test,train,0,0,0.5810811,0.5810811,0.5810811
Cc1cc(OC/C=C(\C#Cc2ccc(C(F)(F)F)cc2)c2ccc(Br)cc2)ccc1OCC(=O)O,train,train,train,0,0,0.5714286,0.5714286,0.5714286
O=C(O)Cc1cccc(-c2noc(-c3ccccc3)c2C(=O)NCCOc2cc(Cl)cc(Cl)c2)c1,train,train,train,3,3,0.6760563,0.6760563,0.7692308
COc1ccc(-c2nc(Sc3cccc(C(C)C(=O)O)c3)sc2-c2ccc(OC)cc2)cc1,train,train,train,3,3,0.5555556,0.5555556,0.5555556
CCCCOc1ccc(-c2ccc(C(=O)O)c(C)c2)cc1CNC(=O)c1ccc(C(F)(F)F)cc1F,train,train,test,4,4,0.8666667,0.8666667,0.8852459
CCCCOc1ccc(-c2cccc(C(=O)O)c2C)cc1CNC(=O)c1ccc(C(F)(F)F)cc1F,train,train,train,4,4,0.7761194,0.7761194,0.7647059
CCCCOc1ccc(-c2ccc(C)c(C(=O)O)c2)cc1CNC(=O)c1ccc(C(F)(F)F)cc1F,test,test,train,4,4,0.8852459,0.8852459,0.8030303
CCCCOc1ccc(-c2cc(C(=O)O)ccc2C)cc1CNC(=O)c1ccc(C(F)(F)F)cc1F,train,train,train,4,4,0.8769231,0.8769231,0.8769231
CCCCOc1ccc(-c2ccc(C(=O)O)cc2)cc1CNC(=O)c1ccc(C(F)(F)F)cc1F,train,train,test,4,4,0.8666667,0.8666667,0.83870965
CCCCOc1ccc(-c2cccc(C(=O)O)c2)cc1CNC(=O)c1ccc(C(F)(F)F)cc1F,test,test,test,4,4,0.852459,0.852459,0.8030303
CCCCOc1ccc(-c2ccc(C(=O)O)nc2)cc1CNC(=O)c1ccc(C(F)(F)F)cc1F,train,train,train,4,4,0.8,0.8,0.7878788
CCCCOc1ccc(-c2ccc(C(=O)O)cc2F)cc1CNC(=O)c1ccc(C(F)(F)F)cc1F,train,train,train,4,4,0.875,0.875,0.875
CCCCOc1ccc(-c2ccc(C(=O)O)cc2C)cc1CNC(=O)c1ccc(C(F)(F)F)cc1F,train,train,train,4,4,0.8769231,0.8769231,0.8769231
Cc1ccc(NC(=O)CN(Cc2ccc(OC(C)(C)C(=O)O)cc2)Cc2ccco2)c(C)c1,train,train,train,3,3,0.3472222,0.3472222,0.3625
CCCCOc1ccc(-c2cncc(C(=O)O)c2)cc1CNC(=O)c1ccc(C(F)(F)F)cc1F,train,train,train,4,4,0.8125,0.8125,0.7794118
CCCCOc1ccc(-c2c(F)ccc(C(=O)O)c2F)cc1CNC(=O)c1ccc(C(F)(F)F)cc1F,train,train,train,4,4,0.8125,0.8125,0.80597013
CCCCOc1ccc(-c2c(C)ncc(C(=O)O)c2C)cc1CNC(=O)c1ccc(C(F)(F)F)cc1F,test,test,train,4,4,0.80597013,0.80597013,0.80597013
Cc1cc(CN2CCCC2C(=O)Nc2ccc(Cl)cc2Cl)ccc1OCC(=O)O,train,train,train,0,0,0.6760563,0.6760563,0.7058824
Cc1cc(CN2CCC(C(=O)Nc3ccc(Cl)cc3Cl)C2)ccc1OCC(=O)O,test,test,train,0,0,0.7058824,0.7058824,0.7058824
Cc1cc(CN2Cc3ccccc3C2C(=O)Nc2ccc(Cl)cc2Cl)ccc1OCC(=O)O,train,train,train,0,0,0.8769231,0.8769231,0.8030303
Cc1cc(CN2Cc3ccccc3C2C(=O)Nc2cc(Cl)ccc2Cl)ccc1OCC(=O)O,train,train,test,0,0,0.8769231,0.8769231,0.8769231
Cc1cc(CN2Cc3ccccc3C2C(=O)Nc2ccc(Cl)cc2)ccc1OCC(=O)O,train,train,train,0,0,0.8030303,0.8030303,0.8030303
Cc1cc(CN2Cc3ncccc3CC2C(=O)Nc2ccc(Cl)cc2Cl)ccc1OCC(=O)O,train,train,train,0,0,0.6756757,0.6756757,0.8857143
Cc1cc(CN2Cc3cccnc3CC2C(=O)Nc2ccc(Cl)cc2Cl)ccc1OCC(=O)O,test,test,train,0,0,0.8857143,0.8857143,0.8857143
C/C(=N\OCc1sc(-c2ccc(C(F)(F)F)cc2)nc1C)c1ccc(OCC(=O)O)c(C)c1,test,test,train,0,0,0.8181818,0.8181818,0.75
CC/C(=N\OCc1sc(-c2ccc(C(F)(F)F)cc2)nc1C)c1ccc(OCC(=O)O)c(C)c1,train,train,test,0,0,0.6617647,0.6617647,0.8181818
Cc1cc(/C(=N/OCc2sc(-c3ccc(C(F)(F)F)cc3)nc2C)C2CCCCC2)ccc1OCC(=O)O,test,test,train,0,0,0.7297297,0.7297297,0.75
C/C(=N\OCc1nc(-c2ccccc2)oc1C)c1ccc(OCC(=O)O)c(C)c1,train,train,train,0,0,0.8947368,0.8947368,0.8947368
C/C(=N\OCc1nc(-c2ccc(C)cc2)oc1C)c1ccc(OCC(=O)O)c(C)c1,train,train,train,0,0,0.8947368,0.8947368,0.8947368
Cc1cc2c(CCc3nc(-c4ccc(Cl)cc4Cl)oc3C(C)C)noc2cc1OCC(=O)O,test,test,train,3,3,0.5185185,0.5185185,0.6315789
Cc1cc(S(=O)(=O)N(CCC(C)C)c2cccc(-c3ccc(C(F)(F)F)cc3)c2)ccc1OCC(=O)O,train,train,train,0,0,0.527027,0.527027,0.527027
CCCCN(c1cccc(-c2ccc(Cl)cc2)c1C)S(=O)(=O)c1ccc(OCC(=O)O)c(C)c1C,train,train,train,3,3,0.7692308,0.7692308,0.7692308
CCCCN(c1cccc(-c2ccc(Cl)cc2)c1C)S(=O)(=O)c1ccc(OC(CC)C(=O)O)c(C)c1C,train,train,train,3,3,0.7692308,0.7692308,0.8125
CCCCN(c1cccc(-c2ccc(Cl)cc2)c1C)S(=O)(=O)c1ccc(OC(C)C(=O)O)c(C2CCCCC2)c1,train,train,train,3,3,0.6883117,0.6883117,0.6883117
CCCCN(c1cccc(-c2ccc(Cl)cc2)c1C)S(=O)(=O)c1ccc(OC(C)C(=O)O)c(Cl)c1Cl,train,train,train,3,3,0.7846154,0.7846154,0.8636364
CCCCN(c1cccc(-c2ccc(Cl)cc2)c1C)S(=O)(=O)c1ccc(OC(C)C(=O)O)c(OC)c1Cl,test,test,train,3,3,0.8636364,0.8636364,0.8636364
CCCCN(c1cccc(-c2ccc(Cl)cc2)c1C)S(=O)(=O)c1ccc(OC(C)C(=O)O)c(F)c1Cl,test,test,test,3,3,0.8636364,0.8636364,0.8939394
CCCCN(c1cccc(-c2ccc(Cl)cc2)c1C)S(=O)(=O)c1ccc(OC(C)C(=O)O)c(F)c1OC,train,train,train,3,3,0.8142857,0.8142857,0.85507244
CCCCN(c1cccc(-c2ccc(Cl)cc2)c1C)S(=O)(=O)c1ccc(OC(C)C(=O)O)c(F)c1F,test,test,train,3,3,0.85507244,0.85507244,0.85507244
CCCN(c1cccc(-c2ccc(Cl)cc2)c1C)S(=O)(=O)c1ccc(OC(C)C(=O)O)c(C)c1C,train,train,train,3,3,0.83870965,0.83870965,0.9
CCCCCN(c1cccc(-c2ccc(Cl)cc2)c1C)S(=O)(=O)c1ccc(OC(C)C(=O)O)c(C)c1C,test,test,train,3,3,0.9,0.9,0.9
Cc1c(-c2ccc(Cl)cc2)cccc1N(CC1CCC1)S(=O)(=O)c1ccc(OC(C)C(=O)O)c(C)c1C,train,train,train,3,3,0.93650794,0.93650794,0.93650794
Cc1c(-c2ccc(Cl)cc2)cccc1N(CC1CC1)S(=O)(=O)c1ccc(OC(C)C(=O)O)c(C)c1C,train,train,train,3,3,0.93650794,0.93650794,0.93650794
COCCN(c1cccc(-c2ccc(Cl)cc2)c1C)S(=O)(=O)c1ccc(OC(C)C(=O)O)c(C)c1C,train,train,train,3,3,0.83870965,0.83870965,0.83870965
Cc1c(-c2ccc(Cl)cc2)cccc1N(CCCC(F)(F)F)S(=O)(=O)c1ccc(OC(C)C(=O)O)c(C)c1C,train,train,test,3,3,0.7878788,0.7878788,0.8181818
CCCCN(c1cccc(-c2ccc(Cl)cc2)c1Cl)S(=O)(=O)c1ccc(OC(C)C(=O)O)c(C)c1C,test,test,test,3,3,0.84615386,0.84615386,0.85714287
CCCCN(c1cccc(-c2ccc(Cl)cc2)c1OC)S(=O)(=O)c1ccc(OC(C)C(=O)O)c(C)c1C,train,train,train,3,3,0.8142857,0.8142857,0.859375
CCCCN(c1cc(-c2ccc(Cl)cc2)cc(C(F)(F)F)c1)S(=O)(=O)c1ccc(OC(C)C(=O)O)c(C)c1C,test,test,train,3,3,0.72602737,0.72602737,0.72602737
CCCCN(c1ccc(F)c(-c2ccc(Cl)cc2)c1)S(=O)(=O)c1ccc(OC(C)C(=O)O)c(C)c1C,train,train,train,3,3,0.8888889,0.8888889,0.8888889
CCCCN(c1ccc(C)c(-c2ccc(Cl)cc2)c1)S(=O)(=O)c1ccc(OC(C)C(=O)O)c(C)c1C,train,train,train,3,3,0.8888889,0.8888889,0.8888889
CCCCN(c1cc(-c2ccc(Cl)cc2)ccc1OC(F)(F)F)S(=O)(=O)c1ccc(OC(C)C(=O)O)c(C)c1C,train,train,train,3,3,0.8030303,0.8030303,0.72602737
CCCCN(c1cc(-c2ccc(Cl)cc2)ccc1C)S(=O)(=O)c1ccc(OC(C)C(=O)O)c(C)c1C,train,train,test,3,3,0.8030303,0.8030303,0.8030303
CCCCN(c1cc(-c2ccc(Cl)cc2)c(F)cc1F)S(=O)(=O)c1ccc(OC(C)C(=O)O)c(C)c1C,train,train,train,3,3,0.9047619,0.9047619,0.8181818
CCCCN(c1cc(-c2ccc(Cl)cc2)c(F)cc1C)S(=O)(=O)c1ccc(OC(C)C(=O)O)c(C)c1C,train,train,test,3,3,0.9047619,0.9047619,0.9047619
CCCCN(c1cccc(-c2cccc(Cl)c2)c1C)S(=O)(=O)c1ccc(OC(C)C(=O)O)c(C)c1C,train,train,train,3,3,0.796875,0.796875,0.8333333
CCCCN(c1cccc(-c2ccc(Cl)c(Cl)c2)c1C)S(=O)(=O)c1ccc(OC(C)C(=O)O)c(C)c1C,test,test,train,3,3,0.8333333,0.8333333,0.8333333
CCCCN(c1cccc(-c2ccccc2Cl)c1C)S(=O)(=O)c1ccc(OC(C)C(=O)O)c(C)c1C,train,train,train,3,3,0.7777778,0.7777778,0.7878788
CCCCN(c1cccc(-c2ccc(C(F)(F)F)cc2)c1C)S(=O)(=O)c1ccc(OC(C)C(=O)O)c(C)c1C,train,train,train,3,3,0.86567163,0.86567163,0.84126985
CCCCN(c1cccc(-c2ccc(OC(F)(F)F)cc2)c1C)S(=O)(=O)c1ccc(OC(C)C(=O)O)c(C)c1C,train,train,train,3,3,0.8695652,0.8695652,0.8695652
CCCCN(c1cccc(-c2ccc(C)cc2)c1C)S(=O)(=O)c1ccc(OC(C)C(=O)O)c(C)c1C,train,train,train,3,3,0.86885244,0.86885244,0.86885244
CCCCN(c1cccc(-c2ccc(OC)cc2)c1C)S(=O)(=O)c1ccc(OC(C)C(=O)O)c(C)c1C,train,train,train,3,3,0.86885244,0.86885244,0.86885244
CCCCN(c1cccc(-c2ccc(OC(F)(F)F)cc2)c1Cl)S(=O)(=O)c1ccc(OC(C)C(=O)O)c(C)c1C,train,train,train,3,3,0.8695652,0.8695652,0.8695652
CCCCN(c1cccc(-c2ccc(C(F)(F)F)cc2)c1Cl)S(=O)(=O)c1ccc(OC(C)C(=O)O)c(C)c1C,train,train,test,3,3,0.86567163,0.86567163,0.86567163
CCC(Cc1ccc(OC)c(CNC(=O)c2ccc(OC(F)(F)F)cc2)c1)C(=O)O,train,train,test,4,4,0.76666665,0.76666665,0.7719298
CCC(Cc1ccc(OC)c(CNC(=O)c2ccc(Oc3ccccc3)cc2)c1)C(=O)O,train,train,train,4,4,0.85714287,0.85714287,0.85714287
CC[C@@H](Cc1ccc(OC)c(CNC(=O)c2ccc(Oc3ccc(F)cc3)cc2)c1)C(=O)O,train,train,train,4,4,0.85714287,0.85714287,0.85714287
CC[C@@H](Cc1ccc(OC)c(CNC(=O)c2ccc(Oc3ccc(Cl)cc3)cc2)c1)C(=O)O,test,test,train,4,4,0.85714287,0.85714287,0.85714287
CC[C@@H](Cc1ccc(OC)c(CNC(=O)c2ccc(Oc3ccc(Br)cc3)cc2)c1)C(=O)O,train,train,train,4,4,0.85714287,0.85714287,0.85714287
CCC(Cc1ccc(OC)c(CNC(=O)c2ccc(OCc3ccccc3)cc2)c1)C(=O)O,train,train,train,4,4,0.8333333,0.8333333,0.8333333
CCC(Cc1ccc(OC)c(CNC(=O)c2ccc(OCCc3ccccc3)cc2)c1)C(=O)O,train,train,train,4,4,0.8333333,0.8333333,0.8333333
CCC(Cc1ccc(OC)c(CNC(=O)c2cccc(-c3ccccc3)c2)c1)C(=O)O,train,train,test,4,4,0.8518519,0.8518519,0.8518519
CCC(Cc1ccc(OC)c(CNC(=O)c2cccc(Oc3ccccc3)c2)c1)C(=O)O,train,train,train,4,4,0.85714287,0.85714287,0.85714287
Cc1oc(-c2ccccc2)nc1CCc1noc2cc(OC(C)(C)C(=O)O)ccc12,train,train,test,3,3,0.8,0.8,0.8
CCc1oc(-c2ccccc2)nc1CCc1noc2cc(OC(C)(C)C(=O)O)ccc12,train,train,train,3,3,0.88135594,0.88135594,0.88135594
CCCc1oc(-c2ccccc2)nc1CCc1noc2cc(OC(C)(C)C(=O)O)ccc12,train,train,train,3,3,0.88135594,0.88135594,0.88135594
CCCc1oc(-c2ccccc2Cl)nc1CCc1noc2cc(OC(C)(C)C(=O)O)ccc12,train,train,train,3,3,0.880597,0.880597,0.8
CC(C)c1oc(-c2ccccc2Cl)nc1CCc1noc2cc(OC(C)(C)C(=O)O)ccc12,train,train,train,3,3,0.76811594,0.76811594,0.84615386
CCCCCCc1oc(-c2ccccc2Cl)nc1CCc1noc2cc(OC(C)(C)C(=O)O)ccc12,train,train,test,3,3,0.880597,0.880597,0.880597
CC(C)c1oc(-c2ccccc2O)nc1CCc1noc2cc(OC(C)(C)C(=O)O)ccc12,test,test,train,3,3,0.84615386,0.84615386,0.84615386
CC(C)c1oc(-c2ccc(C(C)(C)C)cc2)nc1CCc1noc2cc(OC(C)(C)C(=O)O)ccc12,train,train,train,3,3,0.80597013,0.80597013,0.74626863
CCCCc1ccc(-c2nc(CCc3noc4cc(OC(C)(C)C(=O)O)ccc34)c(C(C)C)o2)cc1,train,train,test,3,3,0.80597013,0.80597013,0.80597013
CC(C)c1oc(-c2ccc(Cl)cc2Cl)nc1CCc1noc2cc(OC(C)(C)C(=O)O)ccc12,test,test,train,3,3,0.8358209,0.8358209,0.8358209
CC(C)c1nc(-c2ccc(C(F)(F)F)cc2)sc1CCc1noc2cc(OC(C)(C)C(=O)O)ccc12,test,test,train,3,3,0.7916667,0.7916667,0.6052632
Cc1cc2c(CCc3sc(-c4ccc(C(F)(F)F)cc4)nc3C(C)C)noc2cc1OC(C)(C)C(=O)O,train,train,test,0,0,0.5,0.5,0.7916667
CCCCOc1cc(N2C(=O)c3ccccc3C2=O)ccc1CCc1ccc(CC(CC)C(=O)O)cc1,train,train,train,3,3,0.71666664,0.71666664,0.71666664
CCC(Cc1ccc(CCc2ccc(N3C(=O)c4ccccc4C3=O)cc2O)cc1)C(=O)O,train,train,train,3,3,0.7755102,0.7755102,0.71666664
CCC(Cc1ccc(CCc2ccc(N3C(=O)c4ccccc4C3=O)cc2)cc1)C(=O)O,train,train,test,3,3,0.7755102,0.7755102,0.7755102
O=C(O)COc1ccc(CCc2ccc(N3C(=O)c4ccccc4C3=O)cc2)cc1,test,test,test,3,3,0.5510204,0.5510204,0.68292683
O=C(O)CCc1ccc(CCc2ccc(N3C(=O)c4ccccc4C3=O)cc2)cc1,test,test,train,3,3,0.6511628,0.6511628,0.509434
Cc1cc(SCc2sc(-c3ccc(C(F)(F)F)cc3)nc2C)ccc1OC(F)C(=O)O,test,test,train,0,0,0.83870965,0.83870965,0.83870965
CCc1cc(SCc2sc(-c3ccc(C(F)(F)F)cc3)nc2C)ccc1OC(F)C(=O)O,train,train,train,0,0,0.8,0.8,0.83870965
Cc1nc(-c2ccc(C(F)(F)F)cc2)sc1CSc1ccc(OC(F)C(=O)O)c(C(C)C)c1,train,train,train,0,0,0.8,0.8,0.82539684
CC[C@@H](Cc1ccc(OC)c(C(=O)NCc2ccc(Oc3ccc(F)cc3)cc2)c1)C(=O)O,train,train,test,4,4,0.8113208,0.8113208,0.8518519
COc1ccc(-c2cccc(C(=O)O)c2)cc1CNC(=O)c1ccc(Oc2ccccc2)cc1,train,train,test,4,4,0.5967742,0.5967742,0.5967742
Cc1nc(-c2ccccc2)sc1C(=O)N[C@H]1CCCN(c2cccc(C(=O)O)c2)C1,test,test,train,3,3,0.87096775,0.87096775,0.87096775
Cc1nc(-c2cccc(Cl)c2)sc1C(=O)N[C@H]1CCCN(c2cccc(C(=O)O)c2)C1,test,test,train,3,3,0.7794118,0.7794118,0.85714287
Cc1nc(-c2ccccc2Cl)sc1C(=O)N[C@H]1CCCN(c2cccc(C(=O)O)c2)C1,test,test,train,3,3,0.7285714,0.7285714,0.8
Cc1nc(-c2ccc(F)cc2)sc1C(=O)N[C@H]1CCCN(c2cccc(C(=O)O)c2)C1,train,train,train,0,0,0.84615386,0.84615386,0.87096775
COc1ccc(-c2nc(C)c(C(=O)N[C@H]3CCCN(c4cccc(C(=O)O)c4)C3)s2)cc1,train,train,test,3,3,0.84615386,0.84615386,0.87096775
CC[C@@H](Cc1ccc(OC)c(CNC(=O)c2ccc3ccc4cccc5ccc2c3c45)c1)C(=O)O,test,test,test,4,4,0.6666667,0.6666667,0.6666667
COc1cc([C@H]2OC[C@@H]3[C@H](c4ccc5c(c4)OCO5)OC[C@H]23)cc(OC)c1O,train,train,test,3,3,0.7,0.7,0.7
COc1cc([C@H]2OC[C@@H]3[C@H](c4ccc(O)c(OC)c4)OC[C@H]23)ccc1O,train,train,train,3,3,0.7058824,0.7058824,0.7058824
CC(C)(O)C1=C[C@@H](O)[C@@](C)(O)CC1,train,train,train,3,3,0.1641791,0.1641791,0.1641791
C=CCc1ccc(OC)c(OC)c1,train,train,train,4,4,0.35897437,0.35897437,0.2857143
COc1ccc([C@@H](O)[C@H](O)CO)cc1OC,train,train,test,3,3,0.35897437,0.35897437,0.35897437
C/C=C\CC/C=C/C=C/C(=O)NCC(C)C,train,train,train,3,3,0.87096775,0.87096775,0.1590909
CC=C/C=C\CC/C=C/C=C/C(=O)NCC(C)C,train,train,test,3,3,0.87096775,0.87096775,0.87096775
CCCC(Sc1ccc(OCC(=O)O)c(C)c1)c1sc(-c2ccc(C(F)(F)F)cc2)nc1C,train,train,train,0,0,0.90625,0.90625,0.84375
Cc1cc(SC(CC(C)C)c2sc(-c3ccc(C(F)(F)F)cc3)nc2C)ccc1OCC(=O)O,train,train,train,0,0,0.84375,0.84375,0.84375
Cc1cc(SC(CC2CC2)c2sc(-c3ccc(C(F)(F)F)cc3)nc2C)ccc1OCC(=O)O,train,train,train,0,0,0.8333333,0.8333333,0.80597013
Cc1cc(SC(Cc2c(F)cccc2Cl)c2sc(-c3ccc(C(F)(F)F)cc3)nc2C)ccc1OCC(=O)O,train,train,train,0,0,0.9142857,0.9142857,0.9142857
Cc1cc(SC(Cc2c(F)cccc2C(F)(F)F)c2sc(-c3ccc(C(F)(F)F)cc3)nc2C)ccc1OCC(=O)O,test,test,test,0,0,0.9130435,0.9130435,0.9130435
Cc1cc(SC(Cc2ccccc2)c2sc(-c3ccc(C(F)(F)F)cc3)nc2C)ccc1OCC(=O)O,train,train,test,0,0,0.93650794,0.93650794,0.93650794
CCC(Sc1ccc(OCC(=O)O)c(C)c1)c1sc(-c2ccc(C(F)(F)F)cc2)nc1C,train,train,test,0,0,0.8730159,0.8730159,0.8730159
Cc1cc(SC(Cc2c(F)cccc2F)c2sc(-c3ccc(C(F)(F)F)cc3)nc2C)ccc1OCC(=O)O,train,train,train,0,0,0.9,0.9,0.9
CCCCC(Sc1ccc(OCC(=O)O)c(C)c1)c1sc(-c2ccc(C(F)(F)F)cc2)nc1C,train,train,test,0,0,0.90625,0.90625,0.90625
Cc1cc(SC(CCc2ccccc2)c2sc(-c3ccc(C(F)(F)F)cc3)nc2C)ccc1OCC(=O)O,train,train,train,0,0,0.9104478,0.9104478,0.89705884
Cc1cc(SC(Cc2c(Cl)cccc2Cl)c2sc(-c3ccc(C(F)(F)F)cc3)nc2C)ccc1OCC(=O)O,train,train,train,0,0,0.9142857,0.9142857,0.9142857
Cc1cc(SC(Cc2ccc(-c3ccccc3)cc2)c2sc(-c3ccc(C(F)(F)F)cc3)nc2C)ccc1OCC(=O)O,train,train,train,0,0,0.93650794,0.93650794,0.9354839
Cc1cc(SC(Cc2ccc(F)cc2F)c2sc(-c3ccc(C(F)(F)F)cc3)nc2C)ccc1OCC(=O)O,test,test,train,0,0,0.8857143,0.8857143,0.8857143
COc1ccc(CC(Sc2ccc(OCC(=O)O)c(C)c2)c2sc(-c3ccc(C(F)(F)F)cc3)nc2C)cc1,train,train,train,0,0,0.9206349,0.9206349,0.9206349
Cc1cc(SC(CCCc2ccccc2)c2sc(-c3ccc(C(F)(F)F)cc3)nc2C)ccc1OCC(=O)O,train,train,test,0,0,0.95522386,0.95522386,0.95522386
Cc1cc(SC(Cc2cc(F)c(F)c(F)c2)c2sc(-c3ccc(C(F)(F)F)cc3)nc2C)ccc1OCC(=O)O,test,test,train,0,0,0.875,0.875,0.875
Cc1cc(SC(Cc2c(F)c(F)c(F)c(F)c2F)c2sc(-c3ccc(C(F)(F)F)cc3)nc2C)ccc1OCC(=O)O,train,train,train,0,0,0.85294116,0.85294116,0.85294116
Cc1cc(SC(Cc2ccc(C(F)(F)F)cc2)c2sc(-c3ccc(C(F)(F)F)cc3)nc2C)ccc1OCC(=O)O,train,train,train,0,0,0.9354839,0.9354839,0.9354839
Cc1cc(SC(CCCCCc2ccccc2)c2sc(-c3ccc(C(F)(F)F)cc3)nc2C)ccc1OCC(=O)O,test,test,train,0,0,1.0,1.0,1.0
Cc1cc(SC(Cc2cc(F)ccc2F)c2sc(-c3ccc(C(F)(F)F)cc3)nc2C)ccc1OCC(=O)O,train,train,train,0,0,0.79710144,0.79710144,0.8857143
Cc1cc(SC(CCCCc2ccccc2)c2sc(-c3ccc(C(F)(F)F)cc3)nc2C)ccc1OCC(=O)O,train,train,train,0,0,0.98507464,0.98507464,0.98507464
Cc1cc(SC(CCCCCCCc2ccccc2)c2sc(-c3ccc(C(F)(F)F)cc3)nc2C)ccc1OCC(=O)O,train,train,test,0,0,1.0,1.0,1.0
Cc1cc(SC(Cc2ccc([N+](=O)[O-])cc2)c2sc(-c3ccc(C(F)(F)F)cc3)nc2C)ccc1OCC(=O)O,test,test,train,0,0,0.86567163,0.86567163,0.86567163
Cc1cc(SC(CCCCCCCCCCc2ccccc2)c2sc(-c3ccc(C(F)(F)F)cc3)nc2C)ccc1OCC(=O)O,train,train,train,0,0,1.0,1.0,1.0
Cc1cc(SC(Cc2cccc3ccccc23)c2sc(-c3ccc(C(F)(F)F)cc3)nc2C)ccc1OCC(=O)O,train,train,test,0,0,0.82608694,0.82608694,0.8028169
Cc1cc(SC(c2sc(-c3ccc(C(F)(F)F)cc3)nc2C)C(c2ccccc2)c2ccccc2)ccc1OCC(=O)O,train,train,train,0,0,0.7826087,0.7826087,0.7605634
O=C(Nn1cc([N+](=O)[O-])cn1)c1cccc(COc2ccc(Br)cc2)c1,train,train,train,3,3,0.30985916,0.30985916,0.2948718
CCOC(=O)c1sc(N2C(=O)C(O)=C(C(=O)c3cccs3)C2c2ccc(C)o2)nc1C,train,train,train,3,3,0.22340426,0.22340426,0.22340426
OC[C@H]1O[C@@H](O[C@H](CCc2ccc(O)c(O)c2)C[C@H](O)CCc2ccc(O)c(O)c2)[C@H](O)[C@@H](O)[C@@H]1O,test,test,test,3,3,0.92156863,0.92156863,0.92156863
OC[C@H]1O[C@@H](O[C@H](CCc2ccc(O)c(O)c2)C[C@H](O)CCc2ccc(O)cc2)[C@H](O)[C@@H](O)[C@@H]1O,train,train,train,3,3,0.5555556,0.5555556,0.8627451
OC[C@H]1O[C@@H](O[C@H](CCc2ccc(O)cc2)C[C@H](O)CCc2ccc(O)cc2)[C@H](O)[C@@H](O)[C@@H]1O,test,test,train,3,3,0.8627451,0.8627451,0.8627451
OC[C@H]1O[C@@H](O[C@@H]2C[C@H](CCc3ccc(O)c(O)c3)O[C@H](c3ccc(O)c(O)c3)C2)[C@H](O)[C@@H](O)[C@@H]1O,train,train,train,3,3,0.45070422,0.45070422,0.45070422
OC[C@H]1O[C@@H](Oc2ccc(CCCC[C@H](O)CCc3ccc(O[C@@H]4O[C@H](CO)[C@@H](O)[C@H](O)[C@H]4O)c(O)c3)cc2O)[C@H](O)[C@@H](O)[C@@H]1O,train,train,train,3,3,0.6785714,0.6785714,0.6785714
O=C(CCCCc1ccc(O[C@@H]2O[C@H](CO)[C@@H](O)[C@H](O)[C@H]2O)c(O)c1)CCc1ccc(O[C@@H]2O[C@H](CO)[C@@H](O)[C@H](O)[C@H]2O)c(O)c1,train,train,train,3,3,0.6785714,0.6785714,0.6785714
CCCCCCCN(CCc1ccc(OC(C)(C)C(=O)O)cc1)c1nc2ccccc2o1,test,test,train,3,3,0.61764705,0.61764705,0.61764705
COc1cccc(-c2coc3cc(O)ccc3c2=O)c1,train,train,train,3,3,0.7906977,0.7906977,0.7906977
O=c1c(-c2ccc(F)cc2)coc2cc(O)ccc12,train,train,train,3,3,0.62222224,0.62222224,0.62222224
O=c1c(-c2ccc3c(c2)OCO3)coc2cc(O)ccc12,train,train,train,3,3,0.62222224,0.62222224,0.62222224
COc1cc(OC)cc(-c2coc3cc(O)ccc3c2=O)c1,train,train,train,3,3,0.7906977,0.7906977,0.7906977
COC(c1ccccc1OC(F)(F)F)C1CC1c1cc(C)c(OC(C)(C)C(=O)O)c(C)c1,test,test,train,4,4,0.6721311,0.6721311,0.66101694
CCOC(c1ccc(OC(F)(F)F)cc1)C1CC1c1cc(C)c(OC(C)(C)C(=O)O)c(C)c1,train,train,train,3,3,0.7692308,0.7692308,0.7692308
Cc1cc(C2CC2C(OCCC2CCCCC2)c2ccc(OC(F)(F)F)cc2)cc(C)c1OC(C)(C)C(=O)O,train,train,train,3,3,0.7692308,0.7692308,0.7692308
COC(c1ccc(C(F)(F)F)cc1)C1CC1c1cc(C)c(OC(C)(C)C(=O)O)c(C)c1,train,train,test,4,4,0.8113208,0.8113208,0.8113208
COC(c1ccc(C)cc1)C1CC1c1cc(C)c(OC(C)(C)C(=O)O)c(C)c1,train,train,train,3,3,0.84313726,0.84313726,0.84313726
COC(c1ccc(Br)cc1)C1CC1c1cc(C)c(OC(C)(C)C(=O)O)c(C)c1,train,train,train,3,3,0.84313726,0.84313726,0.84313726
Cc1nc(-c2cccc(C(F)(F)F)c2)sc1CNCc1ccc(OC(C)(C)C(=O)O)cc1,train,train,train,4,4,0.6515151,0.6515151,0.8135593
COc1ccc(C(=O)Nc2cccc(C(=O)O)c2)c(NC(=O)c2ccc(C(C)(C)C)cc2)c1,train,train,train,4,4,0.5964912,0.5964912,0.5964912
O=C(O)c1cccc(NC(=O)c2ccccc2NC(=O)c2ccc3ccccc3c2)c1,train,train,train,1,1,0.7234042,0.7234042,0.7234042
O=C(O)c1cccc(NC(=O)c2ccccc2NC(=O)c2ccc(C(F)(F)F)c(F)c2)c1,test,test,test,1,1,0.74,0.74,0.74
O=C(O)c1cccc(NC(=O)c2ccccc2NC(=O)c2ccc(C(F)(F)F)cc2)c1,train,train,train,1,1,0.76086956,0.76086956,0.76086956
O=C(O)c1cccc(NC(=O)c2ccccc2NC(=O)c2ccc(Br)cc2)c1,train,train,train,1,1,0.76086956,0.76086956,0.76086956
CC(C)(C)c1ccc(C(=O)Nc2ccccc2C(=O)Nc2cccc(CC(=O)O)c2)cc1,test,test,train,4,4,0.82,0.82,0.82
O=C(O)c1cccc(NC(=O)c2cc(Cl)ccc2NC(=O)c2ccc(C(F)(F)F)cc2)c1,train,train,train,1,1,0.8367347,0.8367347,0.8367347
O=C(O)c1cccc(NC(=O)c2ccc(Cl)cc2NC(=O)c2ccc(C(F)(F)F)cc2)c1,train,train,train,1,1,0.8367347,0.8367347,0.8367347
O=C(O)Cc1cccc(NC(=O)c2ccccc2NC(=O)c2ccc(C(F)(F)F)cc2)c1,train,train,train,4,4,0.8076923,0.8076923,0.82
O=C(O)CCc1cccc(NC(=O)c2ccccc2NC(=O)c2ccc(C(F)(F)F)cc2)c1,train,train,train,4,4,0.8076923,0.8076923,0.8076923
O=C(O)Cc1cccc(NC(=O)c2ccccc2NC(=O)c2ccc(-c3ccccc3)cc2)c1,test,test,train,3,3,0.78,0.78,0.79591835
CSc1ccc(C(=O)Nc2ccccc2C(=O)Nc2cccc(CC(=O)O)c2)cc1,train,train,train,4,4,0.76363635,0.76363635,0.7692308
O=C(O)Cc1cccc(NC(=O)c2ccccc2NC(=O)c2ccc(SC(F)(F)F)cc2)c1,train,train,train,4,4,0.7777778,0.7777778,0.7777778
COc1ccc(C(=O)Nc2ccccc2C(=O)Nc2cccc(CC(=O)O)c2)cc1,train,train,train,3,3,0.7692308,0.7692308,0.7692308
O=C(O)Cc1cccc(NC(=O)c2ccccc2NC(=O)c2ccc3ccccc3c2)c1,train,train,train,1,1,0.7692308,0.7692308,0.7692308
COc1ccc(COc2cccc(OCCOc3ccc4c(c3)c(CC(=O)O)cn4Cc3ccccc3)c2)cc1,train,train,test,3,3,0.79310346,0.79310346,0.6984127
Cc1ccc(COc2cccc(OCCCOc3ccc4[nH]cc(CC(=O)O)c4c3)c2)cc1,test,test,train,3,3,0.578125,0.578125,0.578125
O=C(O)Cc1cn(Cc2ccccc2)c2ccc(OCCCOc3cccc(OCc4ccc(Cl)cc4)c3)cc12,train,train,test,3,3,0.877193,0.877193,0.877193
Cc1ccc(COc2cccc(OCCCOc3ccc4c(CC(=O)O)cn(Cc5ccccc5)c4c3)c2)cc1,train,train,train,3,3,0.72131145,0.72131145,0.6363636
O=C(O)Cc1cn(Cc2ccc(F)cc2)c2ccc(OCCCOc3cccc(OCc4ccc(Cl)cc4)c3)cc12,train,train,train,3,3,0.877193,0.877193,0.6363636
O=P(O)(CCO)OCCC#CC#CCCCCCC/C=C/I,train,train,train,3,3,0.3488372,0.3488372,0.3488372
C[C@H]1CN(c2ccc(OC(F)(F)F)cc2)C[C@@H](C)N1S(=O)(=O)c1cccc2c1C[C@@H](C(=O)O)C2,train,train,train,0,0,0.31111112,0.31111112,0.31111112
Cc1cc(SCc2cnc(-c3ccc(C(F)(F)F)cc3)s2)ccc1OCC(=O)O,train,train,train,0,0,0.7741935,0.7741935,0.7741935
Cc1cc(SCc2cnc(-c3ccc(C(F)(F)F)c(F)c3)s2)ccc1OCC(=O)O,train,train,train,0,0,0.7741935,0.7741935,0.7741935
CCOP(=O)(CCO)OCC,train,train,train,3,3,0.625,0.625,0.625
CCOP(=O)(O)CCO,train,train,train,3,3,0.625,0.625,0.625
COc1cc([C@H]2OC[C@@H]3[C@@H](c4cc(OC)c(O)c(OC)c4)OC[C@H]23)cc(OC)c1O,train,train,train,3,3,0.7058824,0.7058824,0.7058824
C/C(=C\COc1ccc(C)cc1CN(C)C(=O)c1ccc(-c2ccco2)cc1)CCC(=O)O,train,train,train,3,3,0.6805556,0.6805556,0.6805556
C/C(=C\COc1ccccc1CN(C)C(=O)c1ccc(-c2ccco2)c(Cl)c1)CCC(=O)O,train,train,train,3,3,0.8235294,0.8235294,0.8235294
C/C(=C\COc1ccccc1CN(C)C(=O)c1ccc(-c2ccco2)c(F)c1)CCC(=O)O,train,train,train,3,3,0.8235294,0.8235294,0.8235294
CC(=O)NC(C)c1nc(-c2ccc(Oc3ccc(O)cc3)cc2)no1,train,train,test,3,3,0.7755102,0.7755102,0.84444445
COc1ccc(Oc2ccc(-c3noc(C(C)NC(C)=O)n3)cc2)cc1,test,test,train,3,3,0.84444445,0.84444445,0.7916667
CCOc1ccc(Oc2ccc(-c3noc(C(C)NC(C)=O)n3)cc2)cc1,train,train,train,3,3,0.7755102,0.7755102,0.7916667
CCc1cc(OCCc2nc(-c3ccc(F)cc3)oc2C)ccc1CCC(=O)O,train,train,test,3,3,0.8867925,0.8867925,0.8245614
CCc1cc(OCCc2nc(-c3ccc(C(C)(C)C)cc3)oc2C)ccc1CCC(=O)O,train,train,train,3,3,0.8545455,0.8545455,0.5797101
CCc1cc(OCCc2nc(-c3ccc(C)cc3)oc2C)ccc1CCC(=O)O,train,train,test,3,3,0.8867925,0.8867925,0.8545455
CCc1cc(OCCc2nc(-c3ccc(-c4nnn[nH]4)cc3)oc2C)ccc1CCC(=O)O,train,train,test,3,3,0.7966102,0.7966102,0.74603176
CCc1cc(OCCc2nc(-c3ccc([N+](=O)[O-])cc3)oc2C)ncc1CCC(=O)O,train,train,train,3,3,0.765625,0.765625,0.765625
CCc1cc(OCCc2nc(-c3ccc(C#N)cc3)oc2C)ncc1CCC(=O)O,train,train,train,3,3,0.765625,0.765625,0.765625
CCc1cc(OCCc2nc(-c3ccc(C(N)=O)cc3)oc2C)ncc1CCC(=O)O,train,train,test,3,3,0.7619048,0.7619048,0.7619048
CCOC(Cc1ccc(Oc2ccc(OCc3ccccc3)cc2)cc1)C(=O)O,train,train,train,3,3,0.62,0.62,0.62
CC(=O)NC(C)c1nc(-c2ccc(OCCCOc3ccc(Oc4ccccc4)cc3)cc2)no1,train,train,train,3,3,0.7735849,0.7735849,0.7735849
CC(=O)NC(C)c1nc(-c2ccc(OCCN3c4ccccc4Oc4ccccc43)cc2)no1,test,test,test,3,3,0.6666667,0.6666667,0.6666667
CC(=O)NC(C)c1nc(-c2ccc(OCC=C(c3ccc(Br)cc3)c3ccc(Br)cc3)cc2)no1,train,train,train,3,3,0.6333333,0.6333333,0.6333333
O=C(O)CCc1cc2cc(Cl)ccc2n1S(=O)(=O)c1ccccc1,test,test,train,1,1,0.8666667,0.8666667,0.71153843
O=C(O)CCCc1cc2cc(Cl)ccc2n1S(=O)(=O)c1ccccc1,train,train,test,1,1,0.82,0.82,0.8666667
COc1cccc(S(=O)(=O)n2c(CCCC(=O)O)cc3cc(C(F)(F)F)ccc32)c1,train,train,test,3,3,0.82758623,0.82758623,0.8333333
COc1ccc(S(=O)(=O)n2c(CCCC(=O)O)cc3cc(C(F)(F)F)ccc32)cc1,train,train,test,0,0,0.82758623,0.82758623,0.7096774
O=C(O)CCCc1cc2cc(C(F)(F)F)ccc2n1S(=O)(=O)c1cccc(Cl)c1,train,train,train,1,1,0.8035714,0.8035714,0.75409836
O=C(O)CCCc1cc2cc(C(F)(F)F)ccc2n1S(=O)(=O)c1ccc(Cl)cc1,train,train,test,0,0,0.8035714,0.8035714,0.8035714
O=C(O)CCCc1cc2cc(C(F)(F)F)ccc2n1S(=O)(=O)c1cccc(OC(F)(F)F)c1,test,test,train,0,0,0.8333333,0.8333333,0.75409836
O=C(O)CCCc1cc2cc(C(F)(F)F)ccc2n1S(=O)(=O)c1ccc(OC(F)(F)F)cc1,test,test,test,0,0,0.83928573,0.83928573,0.8135593
COc1cccc(S(=O)(=O)n2c(CCCC(=O)O)cc3cc(Cl)ccc32)c1,train,train,train,1,1,0.78571427,0.78571427,0.78571427
Cc1cccc(S(=O)(=O)n2c(CCCC(=O)O)cc3cc(Cl)ccc32)c1,train,train,train,1,1,0.82,0.82,0.8076923
Cc1ccc(S(=O)(=O)n2c(CCCC(=O)O)cc3cc(Cl)ccc32)cc1,train,train,train,1,1,0.81632656,0.81632656,0.8076923
CN1CCOc2ccc(S(=O)(=O)n3c(CCCC(=O)O)cc4cc(Cl)ccc43)cc21,train,train,train,1,1,0.71875,0.71875,0.6507937
O=C(O)CCCc1cc2cc(Cl)ccc2n1S(=O)(=O)c1ccc2c(c1)OCO2,train,train,test,1,1,0.71875,0.71875,0.71875
O=C(O)CCCc1cc2cc(Cl)ccc2n1S(=O)(=O)c1ccc2ncsc2c1,train,train,train,3,3,0.734375,0.734375,0.734375
Cc1nc2ccc(S(=O)(=O)n3c(CCCC(=O)O)cc4cc(Cl)ccc43)cc2s1,train,train,train,1,1,0.8666667,0.8666667,0.8666667
Cc1nc2cc(S(=O)(=O)n3c(CCCC(=O)O)cc4cc(Cl)ccc43)ccc2s1,train,train,train,1,1,0.8666667,0.8666667,0.8666667
Nc1nc2ccc(S(=O)(=O)n3c(CCCC(=O)O)cc4cc(Cl)ccc43)cc2s1,test,test,test,1,1,0.8064516,0.8064516,0.8064516
Nc1nc2ccc(S(=O)(=O)n3c(CCCC(=O)O)cc4cc(Cl)ccc43)cc2o1,train,train,train,1,1,0.6567164,0.6567164,0.6567164
O=C(O)CCCc1cc2cc(C(F)(F)F)ccc2n1S(=O)(=O)c1ccc2scnc2c1,train,train,train,0,0,0.671875,0.671875,0.6617647
O=C(O)CCCCCOc1ccccc1CN(C(=O)c1ccc(-c2ccco2)cc1)C1CC1,train,train,train,3,3,0.5633803,0.5633803,0.5714286
C/C(=C\C(=O)O)CCCOc1ccccc1CN(C)C(=O)c1ccc(-c2ccco2)cc1,train,train,train,3,3,0.734375,0.734375,0.734375
C/C(=C\CCCOc1ccccc1CN(C)C(=O)c1ccc(-c2ccco2)cc1)C(=O)O,test,test,test,3,3,0.7619048,0.7619048,0.7619048
CN(Cc1ccccc1OCCC/C=C/C(=O)O)C(=O)c1ccc(-c2ccco2)cc1,train,train,train,3,3,0.734375,0.734375,0.734375
CN(Cc1ccccc1OCCCCC(C)(C)C(=O)O)C(=O)c1ccc(-c2ccco2)cc1,test,test,train,3,3,0.6923077,0.6923077,0.6923077
COc1cccc(-c2nc(C)c(COc3ccc(CCC(=O)O)cc3)o2)c1,train,train,train,3,3,0.83928573,0.83928573,0.83928573
COc1cccc(-c2nc(C)c(COc3ccc(CC(=O)O)cc3)o2)c1,train,train,train,3,3,0.8181818,0.8181818,0.8181818
COc1cccc(-c2nc(C)c(COc3ccc(C(=O)O)cc3)o2)c1,train,train,train,3,3,0.7777778,0.7777778,0.7777778
COc1ccccc1-c1nc(C)c(COc2ccc(CCC(=O)O)cc2)o1,train,train,train,3,3,0.8148148,0.8148148,0.8148148
COc1ccccc1-c1nc(C)c(COc2ccc(CC(=O)O)cc2)o1,train,train,train,3,3,0.8148148,0.8148148,0.8148148
COc1ccccc1-c1nc(C)c(COc2ccc(C(=O)O)cc2)o1,train,train,train,3,3,0.7924528,0.7924528,0.7735849
COc1ccccc1-c1nc(C)c(COc2cccc(C(=O)O)c2)o1,train,train,test,3,3,0.7924528,0.7924528,0.7924528
COC(=O)CCc1ccc(OCc2oc(-c3cccc(OC)c3)nc2C)cc1,train,train,train,3,3,0.83928573,0.83928573,0.83928573
COc1ccc(COc2ccc(CNc3cccc(OC(C)(C)C(=O)O)c3)cc2)cc1,train,train,test,3,3,0.7818182,0.7818182,0.7818182
COc1ccc(COc2ccc(CNc3cccc(OC(C)(C)C(=O)O)c3)c(OCc3ccc(OC)cc3)c2)cc1,train,train,train,3,3,0.7818182,0.7818182,0.43076923
Cc1cc(SC(Cc2c(Cl)cccc2Cl)c2ccc(-c3cc(F)c(F)c(F)c3)cc2)ccc1OCC(=O)O,train,train,train,0,0,0.9491525,0.9491525,0.86440676
Cc1cc(SC(Cc2c(F)cccc2F)c2ccc(-c3cc(F)c(F)c(F)c3)cc2)ccc1OCC(=O)O,train,train,train,0,0,0.8833333,0.8833333,0.86440676
Cc1cc(SC(Cc2c(F)cccc2Cl)c2ccc(-c3cc(F)c(F)c(F)c3)cc2)ccc1OCC(=O)O,train,train,test,0,0,0.9491525,0.9491525,0.9491525
Cc1cc(SC(Cc2ccccc2)c2ccc(-c3cc(F)c(F)c(F)c3)cc2)ccc1OCC(=O)O,train,train,train,0,0,0.875,0.875,0.875
Cc1cc(SC(Cc2c(F)cccc2C(F)(F)F)c2ccc(-c3ccccc3)cc2)ccc1OCC(=O)O,train,train,train,0,0,0.91803277,0.91803277,0.91803277
Cc1cc(SC(Cc2c(F)cccc2Cl)c2ccc(-c3ccccc3)cc2)ccc1OCC(=O)O,train,train,train,0,0,0.91525424,0.91525424,0.84615386
Cc1cc(SC(Cc2cc(F)c(F)c(F)c2)c2ccc(-c3ccccc3)cc2)ccc1OCC(=O)O,train,train,train,0,0,0.8909091,0.8909091,0.8909091
Cc1cc(SC(Cc2c(F)cccc2F)c2ccc(-c3ccc(F)cc3)cc2)ccc1OCC(=O)O,train,train,train,0,0,0.87931037,0.87931037,0.8596491
Cc1cc(SC(Cc2ccccc2)c2ccc(-c3ccc(F)cc3)cc2)ccc1OCC(=O)O,test,test,train,0,0,0.83928573,0.83928573,0.83928573
Cc1cc(SC(Cc2c(F)cccc2Cl)c2ccc(-c3ccc(F)cc3)cc2)ccc1OCC(=O)O,train,train,test,0,0,0.91525424,0.91525424,0.91525424
Cc1cc(SC(Cc2c(F)cccc2C(F)(F)F)c2ccc(-c3ccc(F)cc3)cc2)ccc1OCC(=O)O,train,train,train,0,0,0.91803277,0.91803277,0.91803277
Cc1cc(SC(Cc2cc(F)c(F)c(F)c2)c2ccc(-c3ccc(F)cc3)cc2)ccc1OCC(=O)O,train,train,train,0,0,0.8909091,0.8909091,0.8909091
Cc1cc(SC(Cc2c(F)cccc2Cl)c2ccc(-c3cccc(C(F)(F)F)c3)cc2)ccc1OCC(=O)O,train,train,train,0,0,0.8923077,0.8923077,0.8923077
Cc1cc(SC(Cc2c(F)cccc2C(F)(F)F)c2ccc(-c3cccc(C(F)(F)F)c3)cc2)ccc1OCC(=O)O,train,train,train,0,0,0.90625,0.90625,0.90625
Cc1cc(SC(Cc2c(F)cccc2F)c2ccc(-c3cccc(C(F)(F)F)c3)cc2)ccc1OCC(=O)O,train,train,train,0,0,0.90625,0.90625,0.90625
Cc1cc(SC(Cc2cc(F)c(F)c(F)c2)c2ccc(-c3cccc(C(F)(F)F)c3)cc2)ccc1OCC(=O)O,train,train,train,0,0,0.84375,0.84375,0.84375
Cc1cc(SC(Cc2ccccc2)c2ccc(-c3cccc(C(F)(F)F)c3)cc2)ccc1OCC(=O)O,train,train,train,0,0,0.84375,0.84375,0.84375
Cc1cc(SC(Cc2cc(F)c(F)c(F)c2)c2ccc(-c3ccc(C(F)(F)F)cc3)nc2)ccc1OCC(=O)O,test,test,train,0,0,0.83076924,0.83076924,0.74285716
Cc1cc(SC(Cc2ccccc2)c2ccc(-c3ccc(C(F)(F)F)cc3)nc2)ccc1OCC(=O)O,train,train,test,0,0,0.74242425,0.74242425,0.83076924
[2H]C([2H])(Cc1ccc(OCCCOc2cccc(Cl)c2)cc1)C(=O)O,test,test,train,3,3,0.58,0.58,0.58
O=C(O)COc1ccc(OCCCOc2cccc(Cl)c2)cc1F,train,train,train,0,0,0.73913044,0.73913044,0.73913044
Cc1cc(OCCCOc2ccc(-c3ccccc3)cc2)ccc1OCC(=O)O,test,test,train,0,0,0.6956522,0.6956522,0.6956522
Cc1cc(OCCCOc2cccc(Cl)c2)ccc1OCC(=O)O,train,train,train,0,0,0.73913044,0.73913044,0.73913044
O=C(O)CC1COc2cc(OCCCOc3ccc(-c4ccccc4)cc3)ccc21,train,train,train,2,2,0.8888889,0.8888889,0.8888889
O=C(O)CC1COc2cc(OCCCOc3cccc(-c4ccccc4)c3)ccc21,test,test,test,2,2,0.89361703,0.89361703,0.89361703
CC(C)(C)c1cccc(OCCOc2ccc3c(c2)OCC3CC(=O)O)c1,train,train,train,2,2,0.9375,0.9375,0.7916667
CC(C)(C)c1cccc(OCCCOc2ccc3c(c2)OCC3CC(=O)O)c1,train,train,test,2,2,0.9375,0.9375,0.9375
O=C(O)CC1COc2cc(OCCCOc3cccc(Br)c3)ccc21,train,train,train,2,2,0.82978725,0.82978725,0.82978725
O=C(O)CC1COc2cc(OCCCOc3ccccc3F)ccc21,train,train,train,2,2,0.78,0.78,0.78
Cc1ccc(OCCCOc2ccc3c(c2)OCC3CC(=O)O)cc1,test,test,test,2,2,0.8333333,0.8333333,0.8333333
Cc1cccc(OCCCOc2ccc3c(c2)OCC3CC(=O)O)c1,train,train,train,2,2,0.82978725,0.82978725,0.82978725
Cc1ccccc1OCCCOc1ccc2c(c1)OCC2CC(=O)O,test,test,train,2,2,0.78,0.78,0.78
O=C(O)CC1COc2cc(OCCCOc3ccccc3)ccc21,train,train,train,2,2,0.9285714,0.9285714,0.9285714
O=C(O)CC1COc2cc(OCCOc3ccccc3)ccc21,train,train,train,2,2,0.9285714,0.9285714,0.9285714
Cc1cc(CCc2cc(-c3ccc(Br)cc3)on2)cc(C)c1OC(C)(C)C(=O)O,train,train,train,3,3,0.8301887,0.8301887,0.8301887
Cc1cc(Cc2cc(-c3ccc(Br)cc3)on2)cc(C)c1OC(C)(C)C(=O)O,train,train,train,3,3,0.8301887,0.8301887,0.8301887
CC(C)(Oc1ccc(OCc2nn(-c3ccc(C(F)(F)F)cc3)c(=O)n2-c2ccccc2F)cc1)C(=O)O,train,train,train,0,0,0.5,0.5,0.4225352
CCCCCCC(Sc1nc2ccc(NC(=O)c3ccc(C(C)(C)C)cc3)cc2s1)C(=O)O,train,train,test,4,4,0.86440676,0.86440676,0.86440676
CCCCCCC(Sc1nc2ccc(NC(=O)c3ccccc3)cc2s1)C(=O)O,train,train,train,3,3,0.86440676,0.86440676,0.75409836
CCCCCCC(Sc1nc2ccc(NCc3ccccc3)cc2s1)C(=O)O,train,train,train,3,3,0.852459,0.852459,0.852459
CCCCCCC(Sc1nc2ccc(NCc3cc(Cl)cc(Cl)c3)cc2s1)C(=O)O,test,test,train,3,3,0.8196721,0.8196721,0.8196721
CCCCCCC(Sc1nc2ccc(NCc3ccc4ccccc4c3)cc2s1)C(=O)O,train,train,train,3,3,0.852459,0.852459,0.852459
CCCCCCC(Sc1nc2ccc(NS(=O)(=O)c3ccc(Cl)cc3)cc2s1)C(=O)O,train,train,train,3,3,0.64705884,0.64705884,0.68115944
Cc1cccc(Nc2cc(Br)nc(SCC(=O)O)n2)c1C,train,train,train,3,3,0.6181818,0.6181818,0.6181818
Cc1cccc(Nc2cc(C(F)(F)F)nc(SCC(=O)O)n2)c1C,test,test,test,0,0,0.7307692,0.7307692,0.7307692
Cc1cccc(Nc2cc(Cl)nc(OCCC(=O)O)n2)c1C,train,train,train,3,3,0.64285713,0.64285713,0.64285713
Cc1cccc(Nc2cc(Cl)nc(SCCC(=O)O)n2)c1C,train,train,train,3,3,0.64285713,0.64285713,0.64285713
Cc1ccccc1Nc1cc(Cl)nc(SCC(=O)O)n1,test,test,test,3,3,0.6666667,0.6666667,0.6666667
Cc1cccc(Nc2cc(Cl)nc(SCC(=O)O)n2)c1,test,test,test,3,3,0.5689655,0.5689655,0.5689655
O=C(O)CSc1nc(Cl)cc(Nc2cccc3c2CCCC3)n1,train,train,train,3,3,0.7222222,0.7222222,0.7222222
O=C(O)CSc1nc(Cl)cc(Nc2ccc(Cl)c3c2CCC3)n1,train,train,train,0,0,0.7222222,0.7222222,0.7222222
Cc1cccc(N(c2cc(Cl)nc(SCC(=O)O)n2)C(C)C)c1C,train,train,train,3,3,0.453125,0.453125,0.453125
Cc1nc(-c2ccc(Cl)cc2)sc1COc1ccc2c(c1)OCC2CC(=O)O,train,train,train,3,3,0.88135594,0.88135594,0.88135594
Cc1ccc(-c2nc(C)c(COc3ccc4c(c3)OCC4CC(=O)O)s2)cc1,train,train,train,2,2,0.9122807,0.9122807,0.9122807
COc1ccc(-c2nc(C)c(COc3ccc4c(c3)OCC4CC(=O)O)s2)cc1,train,train,train,2,2,0.9122807,0.9122807,0.9122807
Cc1nc(-c2ccc(F)cc2)sc1COc1ccc2c(c1)OCC2CC(=O)O,train,train,train,0,0,0.88135594,0.88135594,0.88135594
Cc1nc(-c2ccccc2)sc1COc1ccc2c(c1)OCC2CC(=O)O,train,train,test,3,3,0.8947368,0.8947368,0.8947368
[2H]C([2H])(Cc1ccc(OCc2sc(-c3ccc(C(F)(F)F)cc3)nc2C)cc1)C(=O)O,train,train,train,0,0,0.8181818,0.8181818,0.8181818
[2H]C([2H])(Cc1ccc(OCc2sc(-c3ccc(F)cc3)nc2C)cc1)C(=O)O,train,train,train,3,3,0.8148148,0.8148148,0.84
[2H]C([2H])(Cc1ccc(OCc2sc(-c3ccccc3)nc2C)cc1)C(=O)O,test,test,train,3,3,0.84,0.84,0.84
Cc1nc(-c2ccccc2)oc1COc1ccc(OCC(=O)O)c(F)c1,train,train,test,0,0,0.6721311,0.6721311,0.6721311
Cc1cccc(-c2nc(C)c(COc3ccc(OCC(=O)O)c(F)c3)s2)c1,test,test,train,0,0,0.8596491,0.8596491,0.8545455
Cc1ccc(-c2nc(C)c(COc3ccc(OCC(=O)O)c(F)c3)s2)cc1,train,train,train,0,0,0.90384614,0.90384614,0.90384614
Cc1nc(-c2cccc(F)c2)sc1COc1ccc(OCC(=O)O)c(F)c1,train,train,test,0,0,0.80701756,0.80701756,0.8596491
Cc1nc(-c2ccc(F)cc2)sc1COc1ccc(OCC(=O)O)c(F)c1,train,train,train,0,0,0.90384614,0.90384614,0.90384614
Cc1nc(-c2ccc(C(F)(F)F)cc2)sc1COc1ccc(OCC(=O)O)c(F)c1,train,train,train,0,0,0.83928573,0.83928573,0.8448276
Cc1cc(OCc2sc(-c3ccc(C(F)(F)F)cc3)nc2C)ccc1OCC(=O)O,test,test,train,0,0,0.8448276,0.8448276,0.8448276
Cc1nc(-c2ccccc2)sc1COc1ccc(OCC(=O)O)c(F)c1,test,test,train,0,0,0.88461536,0.88461536,0.88461536
Cc1cc(OCc2sc(-c3ccccc3)nc2C)ccc1OCC(=O)O,train,train,train,0,0,0.71428573,0.71428573,0.8113208
CC(NC(=O)C(F)(F)F)c1nc(-c2ccc(Oc3ccc(OCc4ccccc4)cc3)cc2)no1,test,test,train,3,3,0.779661,0.779661,0.779661
COC(=O)NC(C)c1nc(-c2ccc(Oc3ccc(OCc4ccccc4)cc3)cc2)no1,train,train,train,3,3,0.6885246,0.6885246,0.779661
CCC(NC(C)=O)c1nc(-c2ccc(Oc3ccc(OCc4ccccc4)cc3)cc2)no1,train,train,test,3,3,0.6885246,0.6885246,0.6885246
CCCCCCCC/C=C\CCCCCCCC(=O)NCCO,train,train,test,3,3,0.275,0.275,0.275
CC(C)(Oc1ccc(OCCc2ccc(/N=N/c3ccc(Br)cc3)cc2)cc1)C(=O)O,train,train,train,3,3,1.0,1.0,1.0
CC(C)(Oc1ccc(OCCc2ccc(/N=N/c3ccc(Cl)cc3)cc2)cc1)C(=O)O,test,test,train,3,3,1.0,1.0,1.0
CC(C)(Oc1ccc(OCCc2ccc(/N=N/c3ccccc3)cc2)cc1)C(=O)O,train,train,train,3,3,1.0,1.0,1.0
COc1ccc(/N=N/c2ccc(OCCc3ccc(OC(C)(C)C(=O)O)cc3)cc2)cc1,train,train,train,3,3,0.84090906,0.84090906,0.84090906
CC(C)(Oc1ccc(CCOc2ccc(/N=N/c3ccc([N+](=O)[O-])cc3)cc2)cc1)C(=O)O,train,train,test,3,3,1.0,1.0,1.0
CC(C)(Oc1ccc(CCOc2ccc(/N=N/c3ccc(C#N)cc3)cc2)cc1)C(=O)O,train,train,train,3,3,1.0,1.0,1.0
CC(C)(Oc1ccc(CCOc2ccc(/N=N/c3ccc(C(F)(F)F)cc3)cc2)cc1)C(=O)O,test,test,train,3,3,0.78723407,0.78723407,0.78723407
CC(C)(Oc1ccc(CCOc2ccc(/N=N/c3ccc(Br)cc3)cc2)cc1)C(=O)O,train,train,train,3,3,1.0,1.0,1.0
CC(C)(Oc1ccc(CCOc2ccc(/N=N/c3ccc(Cl)cc3)cc2)cc1)C(=O)O,train,train,train,3,3,0.82222223,0.82222223,1.0
CC(C)(Oc1ccc(CCOc2ccc(/N=N/c3ccccc3)cc2)cc1)C(=O)O,train,train,train,3,3,1.0,1.0,1.0
CC(C)(Oc1ccc(OCCc2ccc(/N=N/c3ccc(C#N)cc3)cc2)cc1)C(=O)O,train,train,train,3,3,1.0,1.0,1.0
CC(C)(Oc1ccc(OCCc2ccc(/N=N/c3ccc([N+](=O)[O-])cc3)cc2)cc1)C(=O)O,train,train,train,3,3,1.0,1.0,0.75510204
C/C(=C\COc1ccccc1Cc1sc(C)nc1-c1ccc2oc(C)cc2c1)CCC(=O)O,train,train,train,3,3,0.4875,0.4875,0.4875
Cc1nc(-c2cc(F)c(-c3ccco3)c(F)c2)c(Cc2ccccc2OCCC[C@@H](C)CC(=O)O)s1,train,train,train,3,3,0.5232558,0.5232558,0.5232558
C/C(=C\COc1ccccc1Cc1c(C)cnn1-c1ccc(C(F)(F)F)cc1)CCC(=O)O,train,train,test,0,0,0.41860464,0.41860464,0.41860464
Cc1cc2cc(-c3ncc(C)n3Cc3ccccc3OCCCCCC(=O)O)ccc2o1,train,train,train,3,3,0.49333334,0.49333334,0.49333334
Cc1cnc(-c2ccc(C#N)cc2)n1Cc1ccccc1OCCC[C@@H](C)CC(=O)O,train,train,train,3,3,0.8153846,0.8153846,0.71014494
C[C@H](CCCOc1ccccc1Cn1c(C(F)(F)F)cnc1-c1ccc(OC(F)(F)F)cc1)CC(=O)O,train,train,train,3,3,0.7826087,0.7826087,0.83076924
C[C@H](CCCOc1ccccc1Cn1c(C(F)(F)F)cnc1-c1ccc(C(F)(F)F)cc1)CC(=O)O,test,test,train,0,0,0.83076924,0.83076924,0.85714287
C[C@H](CCCOc1ccccc1Cn1c(C#N)cnc1-c1ccc(C(F)(F)F)cc1)CC(=O)O,train,train,train,0,0,0.74647886,0.74647886,0.7910448
C[C@H](CCCOc1ccccc1Cn1c(Cl)cnc1-c1ccc(C(F)(F)F)cc1)CC(=O)O,test,test,test,0,0,0.7794118,0.7794118,0.828125
C[C@H](CCCOc1ccccc1Cn1c(C(F)(F)F)cnc1-c1ccc(C#N)cc1)CC(=O)O,train,train,test,3,3,0.8153846,0.8153846,0.8181818
C[C@H](CCCOc1ccccc1Cn1c(C(F)(F)F)cnc1-c1ccc(Cl)cc1)CC(=O)O,test,test,train,3,3,0.8181818,0.8181818,0.85714287
C[C@H](CCCOc1ccccc1Cn1c(C(F)(F)F)cnc1-c1ccc(-c2ccco2)cc1)CC(=O)O,train,train,train,3,3,0.7605634,0.7605634,0.7941176
Cc1cccc(OCCNC(=O)COc2ccc(CC(=O)O)cc2)c1,train,train,train,3,3,0.43548387,0.43548387,0.4375
COc1ccc(CNCc2ccc(Oc3cccnc3)c(F)c2)cc1O,test,test,test,3,3,0.2972973,0.2972973,0.30555555
Cc1cc(SC[C@@H]2N=C(c3ccc(C(F)(F)F)cc3)S[C@@H]2C)ccc1OCC(=O)O,train,train,train,0,0,0.63076925,0.63076925,0.6119403
CC(C)c1onc(-c2ccccc2)c1COc1ccc(CCCC(=O)O)cc1,train,train,train,3,3,0.84615386,0.84615386,0.7719298
CC(C)c1onc(-c2ccccc2)c1COc1ccc(COc2ccc(CC(=O)O)cc2)cc1,train,train,train,3,3,0.8076923,0.8076923,0.74545455
CC(C)c1onc(-c2ccccc2)c1COc1ccc(COc2ccc(CCC(=O)O)cc2)cc1,train,train,test,3,3,0.84615386,0.84615386,0.84615386
CC(C)c1onc(-c2ccccc2Cl)c1COc1ccc(CCCC(=O)O)cc1,train,train,train,3,3,0.8103448,0.8103448,0.8103448
CC(C)c1onc(-c2c(Cl)cccc2Cl)c1COc1ccc(CCCC(=O)O)cc1,train,train,train,3,3,0.8103448,0.8103448,0.8103448
CC(C)c1onc(-c2ccccc2Cl)c1COc1ccc(COc2ccc(CC(=O)O)cc2)cc1,train,train,test,3,3,0.8035714,0.8035714,0.8545455
CC(C)c1onc(-c2ccccc2Cl)c1COc1ccc(COc2ccc(OCC(=O)O)cc2)cc1,test,test,train,3,3,0.8545455,0.8545455,0.7627119
CC(C)c1onc(-c2c(Cl)cccc2Cl)c1COc1ccc(COc2ccc(CC(=O)O)cc2)cc1,train,train,train,3,3,0.8135593,0.8135593,0.84210527
CC(C)c1onc(-c2c(Cl)cccc2Cl)c1COc1ccc(CNc2ccc(CC(=O)O)cc2)cc1,train,train,train,3,3,0.83076924,0.83076924,0.8135593
Cc1cc(NCc2ccc(OCc3c(-c4c(Cl)cccc4Cl)noc3C(C)C)cc2)ccc1CC(=O)O,train,train,test,3,3,0.83076924,0.83076924,0.83076924
CC(C)c1onc(-c2c(Cl)cccc2Cl)c1COc1ccc(COc2ccc(CC(=O)O)cc2)c(Cl)c1,test,test,train,3,3,0.84210527,0.84210527,0.84210527
CC(C)c1onc(-c2c(Cl)cccc2Cl)c1COc1ccc(CNc2ccc(CC(=O)O)cc2)c(Cl)c1,test,test,test,3,3,0.84375,0.84375,0.84375
