smiles,split_shipped,split_R0_from_D0,split_R2_from_D2,cluster_D0,cluster_D2,nn_ecfp4_sim_to_train_shipped,nn_ecfp4_sim_to_train_R0,nn_ecfp4_sim_to_train_R2
FC(F)(F)c1cccc(-c2nnc3ccc(NC4CCCCC4)cn23)c1,train,train,train,1,1,0.66071427,0.66071427,0.66071427
Cc1ccc2[nH]c(=O)c(CC(=O)O)c(-c3ccccc3)c2c1,test,test,test,1,1,0.46938777,0.46938777,0.34920636
O=C(O)c1cccc(Nc2nc(-c3ccc(O)cc3O)cs2)c1,train,train,train,1,1,0.38709676,0.38709676,0.38709676
O=C(O)c1cccc2c(-c3ccccc3)c(-c3ccccc3)[nH]c12,train,train,train,1,1,0.28,0.28,0.27450982
CCc1ccc(C2C(C(C)=O)=C(O)C(=O)N2CCc2c[nH]c3ccccc23)cc1,train,train,test,1,1,0.8333333,0.8333333,0.8333333
CC(=O)C1=C(O)C(=O)N(CCc2c[nH]c3ccccc23)C1c1ccc(O)cc1,train,train,train,1,1,0.8333333,0.8333333,0.7894737
CCOc1ccc(C2C(C(C)=O)=C(O)C(=O)N2CCc2c[nH]c3ccccc23)cc1,train,train,train,1,1,0.7894737,0.7894737,0.7894737
COc1cc(C2C(C(C)=O)=C(O)C(=O)N2CCc2c[nH]c3ccccc23)ccc1O,train,train,train,1,1,0.7457627,0.7457627,0.7457627
CCn1c2cc(Cl)c(F)cc2c(=O)c2c(=O)o[nH]c21,train,train,train,1,1,0.7916667,0.7916667,0.7916667
CC(C)n1c2cc(Cl)c(F)cc2c(=O)c2c(=O)o[nH]c21,train,train,train,1,1,0.67346936,0.67346936,0.67346936
CCCCn1c2cc(Cl)c(F)cc2c(=O)c2c(=O)o[nH]c21,train,train,train,1,1,0.7916667,0.7916667,0.7916667
O=c1o[nH]c2c1c(=O)c1cc(F)c(Cl)cc1n2Cc1ccccc1,train,train,train,1,1,0.72,0.72,0.72
CCn1c2cc(Cl)c(F)cc2c(=O)c2c(=O)on(Cc3ccccc3)c21,train,train,train,1,1,0.8181818,0.8181818,0.7222222
CCn1c2cc(Cl)c(F)cc2c(=O)c2c(=O)on(Cc3cccc(O)c3)c21,train,train,test,1,1,0.8181818,0.8181818,0.8181818
CCn1c2cc(Cl)c(F)cc2c(=O)c2c(=O)on(CCOCc3ccccc3)c21,train,train,test,1,1,0.7758621,0.7758621,0.7758621
CCn1c2cc(Cl)c(F)cc2c(=O)c2c(=O)on(CCO)c21,test,test,train,1,1,0.7222222,0.7222222,0.7222222
CCn1c2cc(Cl)c(OC)cc2c(=O)c2c(=O)o[nH]c21,train,train,train,1,1,0.71428573,0.71428573,0.71428573
CCn1c2cc(Cl)c(O)cc2c(=O)c2c(=O)o[nH]c21,train,train,train,1,1,0.7446808,0.7446808,0.7446808
CN1CCC(N(C)c2ccc3nnc(-c4cccc(C(F)(F)F)c4)n3n2)CC1,test,test,train,1,1,0.84313726,0.84313726,0.84313726
CN(c1ccc2nnc(-c3cccc(C(F)(F)F)c3)n2n1)C1CCCCC1,train,train,train,1,1,0.6315789,0.6315789,0.84313726
CN1CCC(Nc2ccc3nnc(-c4cccc(C(F)(F)F)c4)n3n2)CC1,train,train,test,1,1,0.85714287,0.85714287,0.85714287
FC(F)(F)c1cccc(-c2nnc3ccc(NC4CCNCC4)nn23)c1,train,train,test,1,1,0.85714287,0.85714287,0.85714287
FC(F)(F)c1cccc(-c2nnc3ccc(NC4CCCNC4)nn23)c1,test,test,train,1,1,0.8113208,0.8113208,0.8113208
FC(F)(F)c1cccc(-c2nnc3ccc(NC4CCOCC4)nn23)c1,train,train,train,1,1,0.85714287,0.85714287,0.85714287
FC(F)(F)c1cccc(-c2nnc3ccc(NC4CCCCC4)nn23)c1,train,train,train,1,1,0.9361702,0.9361702,0.9361702
FC(F)(F)c1cccc(-c2nnc3ccc(NC4CCC4)nn23)c1,train,train,train,1,1,0.9361702,0.9361702,0.9361702
FC(F)(F)c1cccc(-c2nnc3ccc(NCC4CC4)nn23)c1,test,test,train,1,1,0.7254902,0.7254902,0.7254902
COc1ccc(-c2nnc3ccc(NC4CC4)nn23)cc1,test,test,train,1,1,0.7446808,0.7446808,0.7446808
COc1cccc(-c2nnc3ccc(NC4CC4)nn23)c1,train,train,train,1,1,0.6938776,0.6938776,0.7446808
Fc1ccc(-c2nnc3ccc(NC4CC4)nn23)cc1,train,train,test,1,1,0.75,0.75,0.75
Fc1cccc(-c2nnc3ccc(NC4CC4)nn23)c1,train,train,train,1,1,0.7291667,0.7291667,0.7291667
FC(F)(F)c1cccc(-c2nnc3ccc(NC4CC4)nn23)c1,train,train,train,1,1,0.9130435,0.9130435,0.9130435
c1ccc(-c2nnc3ccc(NC4CC4)nn23)cc1,train,train,train,1,1,0.75,0.75,0.7209302
Cc1nc2c(sc3ccc(Cl)cc32)c(=O)[nH]1,test,test,train,1,1,0.67391306,0.67391306,0.65957445
CN(C)Cc1nc2c(sc3ccc(Cl)cc32)c(=O)[nH]1,train,train,test,1,1,0.80851066,0.80851066,0.80851066
O=c1[nH]c(CN2CCCCC2)nc2c1sc1ccc(Cl)cc12,train,train,train,1,1,0.8113208,0.8113208,0.8113208
O=c1[nH]c(CN2CCCNC2)nc2c1sc1ccc(Cl)cc12,train,train,train,1,1,0.8113208,0.8113208,0.8113208
O=c1[nH]c(CN2CCOCC2)nc2c1sc1ccc(Cl)cc12,train,train,train,1,1,0.8076923,0.8076923,0.8076923
O=c1[nH]c(CN2CCCC(O)C2)nc2c1sc1ccc(Cl)cc12,train,train,train,1,1,0.79310346,0.79310346,0.75438595
O=c1[nH]c(CN2CCC(O)CC2)nc2c1sc1ccc(Cl)cc12,train,train,test,1,1,0.79310346,0.79310346,0.79310346
CNCc1nc2c(sc3ccc(Cl)cc32)c(=O)[nH]1,train,train,train,1,1,0.7291667,0.7291667,0.7254902
CN(C)CCc1nc2c(sc3ccc(Cl)cc32)c(=O)[nH]1,train,train,train,1,1,0.80851066,0.80851066,0.875
CN(C)CCCc1nc2c(sc3ccc(Cl)cc32)c(=O)[nH]1,test,test,train,1,1,0.875,0.875,0.875
O=c1[nH]c(CNc2ccccc2)nc2c1sc1ccc(Cl)cc12,train,train,train,1,1,0.7962963,0.7962963,0.7735849
O=c1[nH]c(CNc2ccccc2O)nc2c1sc1ccc(Cl)cc12,train,train,train,1,1,0.7592593,0.7592593,0.8214286
O=c1[nH]c(CNc2cccc(O)c2)nc2c1sc1ccc(Cl)cc12,train,train,test,1,1,0.8333333,0.8333333,0.8333333
O=c1[nH]c(CNc2ccc(O)cc2)nc2c1sc1ccc(Cl)cc12,test,test,test,1,1,0.84615386,0.84615386,0.84615386
COc1cccc(NCc2nc3c(sc4ccc(Cl)cc43)c(=O)[nH]2)c1,train,train,test,1,1,0.75438595,0.75438595,0.75438595
O=c1[nH]c(CNc2cc(O)cc(O)c2)nc2c1sc1ccc(Cl)cc12,train,train,train,1,1,0.8333333,0.8333333,0.7735849
Cc1c(O)cccc1NCc1nc2c(sc3ccc(Cl)cc32)c(=O)[nH]1,test,test,train,1,1,0.8214286,0.8214286,0.8214286
Cc1ccc(NCc2nc3c(sc4ccc(Cl)cc43)c(=O)[nH]2)cc1O,train,train,train,1,1,0.7413793,0.7413793,0.7413793
O=c1[nH]c(CNCCc2cccc(O)c2)nc2c1sc1ccc(Cl)cc12,test,test,train,1,1,0.7096774,0.7096774,0.640625
O=c1[nH]c(COc2cccc(O)c2)nc2c1sc1ccc(Cl)cc12,train,train,train,1,1,0.7118644,0.7118644,0.640625
CN(C)Cc1nc2c(sc3ccc(Br)cc32)c(=O)[nH]1,train,train,train,1,1,0.76086956,0.76086956,0.76086956
CN(C)Cc1nc2c(sc3ccccc32)c(=O)[nH]1,train,train,test,1,1,0.7234042,0.7234042,0.7234042
Cc1ccc2sc3c(=O)[nH]c(CN(C)C)nc3c2c1,train,train,train,1,1,0.76086956,0.76086956,0.76086956
CN(C)Cc1nc2c(sc3ccc(C(F)(F)F)cc32)c(=O)[nH]1,train,train,train,1,1,0.71428573,0.71428573,0.71428573
CCc1ccc2sc3c(=O)[nH]c(CN(C)C)nc3c2c1,test,test,train,1,1,0.8333333,0.8333333,0.8333333
CC(C)c1ccc2sc3c(=O)[nH]c(CN(C)C)nc3c2c1,train,train,train,1,1,0.7291667,0.7291667,0.78431374
C=Cc1ccc2sc3c(=O)[nH]c(CN(C)C)nc3c2c1,train,train,test,1,1,0.71428573,0.71428573,0.71428573
CN(C)Cc1nc2c(sc3ccc(/C=C/C4CC4)cc32)c(=O)[nH]1,train,train,train,1,1,0.7090909,0.7090909,0.6615385
C#Cc1ccc2sc3c(=O)[nH]c(CN(C)C)nc3c2c1,train,train,train,1,1,0.75,0.75,0.75
CN(C)CC#Cc1ccc2sc3c(=O)[nH]c(CN(C)C)nc3c2c1,train,train,train,1,1,0.75,0.75,0.75
CN(C)Cc1nc2c(sc3ccc(C#CCCCCN4CCCCC4)cc32)c(=O)[nH]1,train,train,train,1,1,0.671875,0.671875,0.671875
CN(C)Cc1nc2c(sc3ccc(-c4ccccc4)cc32)c(=O)[nH]1,train,train,train,1,1,0.82,0.82,0.82
CC(c1ccccc1)c1ccc2sc3c(=O)[nH]c(CN(C)C)nc3c2c1,test,test,train,1,1,0.78431374,0.78431374,0.78431374
CN(C)Cc1nc2c(sc3ccc(-c4cccc(F)c4)cc32)c(=O)[nH]1,train,train,test,1,1,0.8039216,0.8039216,0.8039216
CN(C)Cc1nc2c(sc3ccc(-c4cccc(Cl)c4)cc32)c(=O)[nH]1,train,train,train,1,1,0.8039216,0.8039216,0.84313726
CN(C)Cc1nc2c(sc3ccc(-c4cccc(OC(F)(F)F)c4)cc32)c(=O)[nH]1,train,train,train,1,1,0.84210527,0.84210527,0.84210527
CN(C)Cc1nc2c(sc3ccc(-c4cccc(O)c4)cc32)c(=O)[nH]1,train,train,train,1,1,0.84,0.84,0.84
Cc1ccccc1-c1ccc2sc3c(=O)[nH]c(CN(C)C)nc3c2c1,test,test,test,1,1,0.7692308,0.7692308,0.7692308
CCc1ccc(-c2ccc3sc4c(=O)[nH]c(CN(C)C)nc4c3c2)cc1,train,train,train,1,1,0.8,0.8,0.8333333
CN(C)Cc1nc2c(sc3ccc(-c4ccc(C#N)cc4)cc32)c(=O)[nH]1,train,train,test,1,1,0.7692308,0.7692308,0.7692308
CN(C)Cc1nc2c(sc3ccc(-c4ccc(O)cc4)cc32)c(=O)[nH]1,train,train,train,1,1,0.84,0.84,0.84
CN(C)Cc1nc2c(sc3ccc(-c4ccc(N)cc4)cc32)c(=O)[nH]1,train,train,train,1,1,0.81632656,0.81632656,0.81632656
CN(C)Cc1nc2c(sc3ccc(-c4ccc(OC(F)(F)F)cc4)cc32)c(=O)[nH]1,train,train,train,1,1,0.84210527,0.84210527,0.84210527
CN(C)Cc1nc2c(sc3ccc(-c4ccc(O)c(F)c4)cc32)c(=O)[nH]1,test,test,train,1,1,0.7818182,0.7818182,0.7818182
CN(C)Cc1nc2c(sc3ccc(-c4ccc(N(C)C)cc4)cc32)c(=O)[nH]1,train,train,train,1,1,0.81632656,0.81632656,0.81632656
CN(C)Cc1nc2c(sc3ccc(-c4ccc(Cl)c(F)c4)cc32)c(=O)[nH]1,train,train,train,1,1,0.73214287,0.73214287,0.7818182
CN(C)Cc1nc2c(sc3ccc(-c4cc(F)cc(Cl)c4)cc32)c(=O)[nH]1,test,test,test,1,1,0.76785713,0.76785713,0.86538464
CN(C)Cc1nc2c(sc3ccc(-c4cc(Cl)cc(Cl)c4)cc32)c(=O)[nH]1,test,test,train,1,1,0.84313726,0.84313726,0.84313726
CN(C)Cc1nc2c(sc3ccc(-c4ccsc4)cc32)c(=O)[nH]1,train,train,train,1,1,0.78431374,0.78431374,0.78431374
CN(C)Cc1nc2c(sc3ccc(-c4ccc[nH]4)cc32)c(=O)[nH]1,train,train,train,1,1,0.7358491,0.7358491,0.7358491
CN(C)Cc1nc2c(sc3ccc(-c4ccoc4)cc32)c(=O)[nH]1,train,train,test,1,1,0.754717,0.754717,0.754717
Cc1cscc1-c1ccc2sc3c(=O)[nH]c(CN(C)C)nc3c2c1,train,train,train,1,1,0.72727275,0.72727275,0.72727275
CN(C)Cc1nc2c(sc3ccc(-c4cccnc4)cc32)c(=O)[nH]1,train,train,train,1,1,0.78846157,0.78846157,0.7924528
CN(C)Cc1nc2c(sc3ccc(-c4cncnc4)cc32)c(=O)[nH]1,test,test,train,1,1,0.7924528,0.7924528,0.7924528
CN(C)Cc1nc2c(sc3ccc(N4CCCC4)cc32)c(=O)[nH]1,train,train,train,1,1,0.9791667,0.9791667,0.9791667
CN(C)Cc1nc2c(sc3ccc(N4CCCCC4)cc32)c(=O)[nH]1,train,train,train,1,1,0.9791667,0.9791667,0.9791667
CN(C)Cc1nc2c(sc3ccc(-c4ccc(OCC(O)CO)cc4)cc32)c(=O)[nH]1,test,test,train,1,1,0.703125,0.703125,0.703125
CN(C)Cc1nc2c(sc3ccc(-c4ccc(OCCCN)cc4)cc32)c(=O)[nH]1,train,train,train,1,1,0.71929824,0.71929824,0.71929824
O=c1[nH]c(CNc2cccc(O)c2)nc2c1sc1ccc(Br)cc12,train,train,test,1,1,0.7894737,0.7894737,0.7627119
O=c1[nH]c(CNc2cccc(O)c2)nc2c1sc1ccc(-c3ccsc3)cc12,train,train,train,1,1,0.8305085,0.8305085,0.8305085
O=c1[nH]c(CNc2cccc(O)c2)nc2c1sc1ccc(-c3ccccc3)cc12,train,train,train,1,1,0.8305085,0.8305085,0.8305085
O=c1[nH]c(CN2CC[C@H](O)C2)nc2c1sc1ccc(-c3ccsc3)cc12,train,train,train,1,1,0.8360656,0.8360656,0.8064516
O=c1[nH]c(CN2CC[C@H](O)C2)nc2c1sc1ccc(-c3ccccc3)cc12,train,train,train,1,1,0.86440676,0.86440676,0.8095238
O=c1[nH]c(CN2CC[C@H](O)C2)nc2c1sc1ccc(-c3ccc(O)cc3)cc12,train,train,test,1,1,0.86440676,0.86440676,0.86440676
N#Cc1ccc(-c2ccc3sc4c(=O)[nH]c(CN5CC[C@H](O)C5)nc4c3c2)cc1,test,test,train,1,1,0.8095238,0.8095238,0.8095238
O=c1[nH]c(CN2CC[C@H](O)C2)nc2c1sc1ccc(/C=C/C3CC3)cc12,train,train,train,1,1,0.6865672,0.6865672,0.6865672
O=c1[nH]cnc2c1sc1c(Cl)ccc(Cl)c12,train,train,train,1,1,0.46666667,0.46666667,0.46666667
O=c1[nH]c(CNCCc2ccccc2)nc2c1sc1ccc(Br)cc12,train,train,train,1,1,0.6031746,0.6031746,0.640625
CCCc1cn(-c2ccc3[nH]ncc3c2)nn1,train,train,train,1,1,0.59183675,0.59183675,0.6666667
c1cc2[nH]ncc2cc1-c1c[nH]nn1,train,train,train,1,1,0.55,0.55,0.5365854
Clc1ccccc1Cn1cc(-c2ccc3[nH]ncc3c2)nn1,train,train,test,1,1,0.84,0.84,0.78431374
Clc1ccc(Cn2cc(-c3ccc4[nH]ncc4c3)nn2)cc1,train,train,train,1,1,0.84782606,0.84782606,0.84782606
Fc1ccccc1Cn1cc(-c2ccc3[nH]ncc3c2)nn1,train,train,train,1,1,0.7647059,0.7647059,0.6851852
Fc1cccc(Cn2cc(-c3ccc4[nH]ncc4c3)nn2)c1,test,test,train,1,1,0.6923077,0.6923077,0.6923077
Clc1cccc(Cn2cc(-c3ccc4[nH]ncc4c3)nn2)c1Cl,train,train,test,1,1,0.84,0.84,0.7222222
Clc1ccc(Cl)c(Cn2cc(-c3ccc4[nH]ncc4c3)nn2)c1,train,train,train,1,1,0.78431374,0.78431374,0.76
Clc1cc(Cl)cc(Cn2cc(-c3ccc4[nH]ncc4c3)nn2)c1,train,train,train,1,1,0.84782606,0.84782606,0.84782606
Nc1n[nH]c2ccc(-c3cc(Cc4ccccc4)no3)cc12,train,train,train,1,1,0.46551725,0.46551725,0.46551725
CNC(=O)c1cc(-c2ccc3[nH]ncc3c2)on1,train,train,train,1,1,0.5833333,0.5833333,0.5833333
c1ccc(-c2c(-c3ccc4[nH]ncc4c3)nc3ncccn23)cc1,train,train,train,1,1,0.5272727,0.5272727,0.5272727
Cc1nc(-c2ccc3[nH]ncc3c2)cs1,test,test,train,1,1,0.7105263,0.7105263,0.5365854
Nc1nc(-c2ccc3[nH]ncc3c2)cs1,train,train,test,1,1,0.627907,0.627907,0.7105263
CCNc1nc(-c2ccc3[nH]ncc3c2)cs1,train,train,test,1,1,0.627907,0.627907,0.6904762
c1ccn2c(NC3CCCCC3)c(-c3ccc4[nH]ncc4c3)nc2c1,train,train,train,1,1,0.7777778,0.7777778,0.7777778
c1cn2c(NC3CCCCC3)c(-c3ccc4[nH]ncc4c3)nc2cn1,train,train,train,0,0,0.7777778,0.7777778,0.7777778
c1cn2c(NC3CCCCC3)c(-c3ccc4[nH]ncc4c3)nc2s1,test,test,train,1,1,0.68421054,0.68421054,0.68421054
CSc1nc(Nc2cccc(Cl)c2)c2cnn(CCc3ccccc3)c2n1,train,train,test,1,1,0.72131145,0.72131145,0.72131145
CSc1nc(Nc2ccccc2)c2cnn(CC(C)c3ccccc3)c2n1,train,train,train,1,1,0.8148148,0.8148148,0.8148148
CSc1nc(Nc2cccc(Cl)c2)c2cnn(CC(C)c3ccccc3)c2n1,train,train,train,1,1,0.8148148,0.8148148,0.8148148
NC(COc1cc(C=Cc2ccncc2)cnc1Cl)Cc1c[nH]c2ccccc12,train,train,test,1,1,0.7586207,0.7586207,0.5441176
Cc1cccc(NC(=O)Nc2ccc(-c3csc4c(C#CC(C)(C)N)cnc(N)c34)cc2)c1,train,train,test,1,1,0.84126985,0.84126985,0.84126985
OCCNc1cc(-c2c[nH]c3ncccc23)cc(Cl)n1,train,train,train,1,1,0.85714287,0.85714287,0.85714287
Cn1cc(C(CN)c2cncc(C=Cc3ccncc3)c2)c2ccccc21,test,test,train,1,1,0.4107143,0.4107143,0.4262295
CCCCOc1ncnc2[nH]cc(-c3ccccc3)c12,test,test,train,1,1,0.3559322,0.3559322,0.4528302
C=CCNc1cc(-c2c[nH]c3ncccc23)cc(Cl)n1,test,test,train,1,1,0.71153843,0.71153843,0.71153843
COc1ccc(-c2ccc(NC(=O)Nc3cccc(Br)c3)cc2)c2c(N)noc12,train,train,train,1,1,0.704918,0.704918,0.704918
N#Cc1ccc(C(=O)Nc2n[nH]c3ccc(-c4cn(Cc5ccccc5)nn4)cc23)cc1,test,test,train,1,1,0.8333333,0.8333333,0.8333333
O=C(O)c1cc2c(-c3ccccc3)cncc2s1,train,train,train,1,1,0.59090906,0.59090906,0.7894737
CCNC(=O)NC1CCC(Nc2nc(Cl)cc(-c3c[nH]c4ncccc34)n2)CC1,train,train,train,1,1,0.8360656,0.8360656,0.7692308
O=C(Nc1n[nH]c2ccc(-c3cn(Cc4ccccc4)nn3)cc12)c1ccccc1,train,train,train,1,1,0.89285713,0.89285713,0.89285713
O=c1[nH]sc2c1c(=O)c1cc(F)c(NCc3ccccc3)c(F)c1n2C1CC1,train,train,train,1,1,0.3026316,0.3026316,0.3026316
O=c1[nH]c2sccc2c2nc(-c3ccncc3)nn12,test,test,train,1,1,0.59615386,0.59615386,0.6
Clc1ccc(CNc2ccc3nnc(-c4ccccc4)n3n2)cc1,test,test,train,1,1,0.5416667,0.5416667,0.79545456
COc1cccc(CNC(=O)c2cc3c(-c4ccccc4)n[nH]c3s2)c1,train,train,train,1,1,0.58064514,0.58064514,0.58064514
Cc1n[nH]c2ccc(-c3cncc(OCC(N)Cc4ccccc4)c3)cc12,test,test,train,1,1,0.8035714,0.8035714,0.8035714
Nc1nnc(-c2cc3c(Oc4ccc(Cl)cc4)cncc3s2)o1,train,train,train,1,1,0.63265306,0.63265306,0.63265306
COCCOC1CCC(n2nc(-c3ccc(Nc4nc5cc(C)cc(Cl)c5o4)cc3)c3c(N)ncnc32)CC1,train,train,train,1,1,0.8701299,0.8701299,0.8701299
O=C1NCCc2[nH]c(-c3ccnc(-c4cnc5ccccc5c4)c3)cc21,train,train,test,1,1,0.6363636,0.6363636,0.6363636
Nc1cc(=O)[nH]n1-c1ccccn1,train,train,train,1,1,0.2881356,0.2881356,0.33333334
NCCCNS(=O)(=O)c1cccc(C(=O)Nc2ccc(-c3n[nH]c(=O)c4ccccc34)cc2)c1,train,train,train,1,1,0.89830506,0.89830506,0.3409091
CC(=NNC(=N)N)c1cc(NC(=O)NCCCCCCNC(=O)Nc2cc(C(C)=NNC(=N)N)cc(C(C)=NNC(=N)N)c2)cc(C(C)=NNC(=N)N)c1,train,train,train,1,1,0.8043478,0.8043478,0.61702126
CN(C)CC1CCn2cc(c3ccccc32)C2=C(C(=O)NC2=O)c2cn(c3ccccc23)CCO1,train,train,train,1,1,0.28,0.28,0.29069766
O=C(Nc1n[nH]c2ccc(-c3cn(Cc4ccccc4)nn3)cc12)c1cc(F)ccc1F,train,train,train,1,1,0.8095238,0.8095238,0.8095238
NC(=O)c1cc2c(-c3ccc(F)cc3F)cncc2s1,train,train,train,1,1,0.6956522,0.6956522,0.74418604
COc1cc(C=C(C#N)c2n[nH]c(N)c2C#N)ccc1O,train,train,test,1,1,0.37096775,0.37096775,0.3898305
CNC(=O)c1cc(-c2ccccc2)[nH]n1,train,train,train,1,1,0.37254903,0.37254903,0.37254903
CC(C)(CN)CNc1nc(Cl)cc(-c2c[nH]c3ncccc23)n1,train,train,test,1,1,0.6785714,0.6785714,0.6785714
CN(C)C(=O)Nc1ccc2nc(-c3ccco3)c(-c3ccco3)nc2c1,train,train,train,1,1,0.76086956,0.76086956,0.34375
COc1ccc(-c2ccc(N)cc2)c2cnoc12,test,test,train,1,1,0.34920636,0.34920636,0.34920636
O=C(O)c1ccccc1Nc1ccnc(NCc2cccc(O)c2)n1,train,train,train,1,1,0.71153843,0.71153843,0.71153843
COc1cc2ncnc(Nc3ccc(F)c(Cl)c3)c2cc1OCCCN1CCOCC1,train,train,test,1,1,0.26136363,0.26136363,0.26136363
OCCC(Nc1nc2ccc(-c3ccncc3)cc2s1)c1ccccc1,train,train,train,1,1,0.26153848,0.26153848,0.296875
CCCCCCCCCCCCOc1ccc(NC(=N)N)cc1NC(=N)N,train,train,train,1,1,0.31034482,0.31034482,0.31034482
O=C1Cc2c([nH]c3ccc(Br)cc23)-c2ccccc2N1,train,train,train,1,1,0.67346936,0.67346936,0.67346936
COc1ccccc1NC(=O)c1cnn2c(-c3ccccc3)ccnc12,train,train,test,1,1,0.7037037,0.7037037,0.8148148
N#Cc1c(O)[nH]c(=O)c2c(=N)oc3ccc(Cl)cc3c12,train,train,train,1,1,0.3508772,0.3508772,0.3508772
O=C(C=Cc1ccc(Br)cc1)Nc1cccc2cnccc12,test,test,train,1,1,0.3220339,0.3220339,0.3220339
CCOC(=O)c1c(C)n(-c2ccc(I)cc2)c2c1cc(O)c1ccccc12,train,train,train,1,1,0.28,0.28,0.27941176
CN(C)CC(=O)Nc1n[nH]c2ccc(-c3cn(Cc4ccccc4)nn3)cc12,test,test,train,1,1,0.8,0.8,0.8
Cc1ccccc1NC(=O)Nc1ccc(NC(=O)c2csc3ncnc(N)c23)cc1,train,train,train,1,1,0.78,0.78,0.78
N=C(N)Cc1cccc(-c2nc3ccccc3[nH]2)c1,train,train,train,1,1,0.35555556,0.35555556,0.34920636
Nc1nccc2scc(-c3ccc(NC(=O)Nc4cccc(F)c4)cc3)c12,train,train,train,1,1,0.7777778,0.7777778,0.7924528
CSc1nn(-c2ccccn2)c(N)c1C(N)=O,test,test,train,1,1,0.33333334,0.33333334,0.33333334
Cc1cccc(-c2[nH]c(-c3ccnc(N)n3)cc2C(N)=O)c1C,train,train,train,1,1,0.6481481,0.6481481,0.6481481
COc1ccc(OC)c(Nc2ccc3nnc(-c4ccccc4)n3n2)c1,train,train,train,1,1,0.7169811,0.7169811,0.7169811
O=c1[nH]cnc2c(-c3ccccc3)c(C(F)(F)F)sc12,train,train,train,1,1,0.42553192,0.42553192,0.42553192
c1ccc(Nc2ccnc(Nc3ccccc3)n2)cc1,test,test,train,1,1,0.51111114,0.51111114,0.51111114
CC(=O)Nc1c(C(N)=O)sc2ccc(Cl)c(Cl)c12,train,train,train,1,1,0.72727275,0.72727275,0.72727275
NC1CCCCC1Nc1nccc(-c2c[nH]c3ncccc23)n1,train,train,train,1,1,0.74545455,0.74545455,0.74545455
NC(COCc1ccccc1)COc1cncc(C=Cc2ccncc2)c1,train,train,train,1,1,0.57377046,0.57377046,0.7916667
c1ccc(Cn2cc(-c3ccc4[nH]nc(-c5cn(Cc6ccccc6)nn5)c4c3)nn2)cc1,test,test,test,0,0,0.90697676,0.90697676,0.90697676
O=C(O)c1ccccc1Nc1ccnc(Nc2ccc3cn[nH]c3c2)n1,train,train,train,1,1,0.8490566,0.8490566,0.8490566
Nc1ncnn2ccc(C(=O)Nc3ccc(NC(=O)Nc4cccc(F)c4)cc3)c12,test,test,train,1,1,0.4477612,0.4477612,0.4477612
OC1CCC(Nc2nc(Cl)cc(-c3c[nH]c4ncccc34)n2)CC1,train,train,train,1,1,0.8269231,0.8269231,0.7924528
c1ccc(Nc2ncnc3ccccc23)cc1,train,train,train,1,1,0.3265306,0.3265306,0.45
Cc1nc2ccc(NS(=O)(=O)c3ccc(N)cc3)cc2nc1C,train,train,test,1,1,0.37288135,0.37288135,0.37288135
OC(COc1cncc(C=Cc2ccncc2)c1)Cc1c[nH]c2ccccc12,train,train,test,1,1,0.7894737,0.7894737,0.59090906
CC(C)(CNc1cc(-c2c[nH]c3ncccc23)cc(Cl)n1)CNS(C)(=O)=O,train,train,train,1,1,0.7758621,0.7758621,0.7758621
COc1ccccc1C(=O)Nc1n[nH]c2ccc(-c3cn(Cc4ccccc4)nn3)cc12,train,train,train,1,1,0.74603176,0.74603176,0.74603176
CN1c2ccc(N)cc2C(c2ccccc2)c2cc(N)ccc21,train,train,train,1,1,0.22916667,0.22916667,0.22916667
OCCNc1cc2cc(-c3cccnc3)ccc2cn1,train,train,test,1,1,0.625,0.625,0.38333333
NS(=O)(=O)c1cccc(Nc2ncc3ccn(-c4ccccc4)c3n2)c1,train,train,test,1,1,0.3283582,0.3283582,0.3283582
CCOC(=O)Cc1nc2c3cc(Br)ccc3[nH]c(=O)n2n1,train,train,train,1,1,0.32258064,0.32258064,0.32258064
Nc1ncnc2c1C(=O)Nc1ccccc1N2,train,train,train,1,1,0.33333334,0.33333334,0.33333334
O=C1CCCc2oc3cc(C(F)(F)F)ccc3c(=O)c21,train,train,train,1,1,0.2631579,0.2631579,0.2631579
Clc1cc2nn[nH]c2cc1Cl,train,train,train,1,1,0.21428572,0.21428572,0.21428572
CCc1nc2c(c3cc(OC)c(OC)cc13)C(=O)NC2=O,train,train,test,1,1,0.5813953,0.5813953,0.5813953
COc1ccc2c(c1)C(=Cc1c[nH]cn1)C(=O)N2,train,train,train,1,1,0.27941176,0.27941176,0.31578946
c1ccc2c(c1)Cc1c[nH]nc1-2,train,train,train,1,1,0.3809524,0.3809524,0.3809524
O=CN(O)C(CS(=O)(=O)c1ccc(-c2ccc(C(F)(F)F)cc2)cc1)c1ccc(O)cc1,test,test,train,1,1,0.22058824,0.22058824,0.22058824
Cn1cc(-c2cc3nc(Br)cnc3[nH]2)c2cc(C#N)ccc21,train,train,train,1,1,0.71153843,0.71153843,0.6851852
CCCCNc1n[s+](O)nc1Nc1ccc(F)cc1,train,train,train,1,1,0.27868852,0.27868852,0.27868852
NC(=O)c1cc2c(-c3ccc(Br)cc3)cncc2s1,train,train,train,1,1,0.6956522,0.6956522,0.7619048
Nc1ccc(-c2cncc(OCC(N)Cc3c[nH]c4ccccc34)c2)cc1C(=O)c1ccccc1F,test,test,train,1,1,0.7076923,0.7076923,0.7076923
O=c1cc(-c2ccc(F)cc2)[nH]c2c(-c3ccc(F)cc3)cnn12,test,test,train,1,1,0.80487806,0.80487806,0.80487806
COc1cc(C=C2SC(=O)NC2=O)ccc1O,test,test,train,1,1,0.78571427,0.78571427,0.78571427
NCCOc1cncc(C=Cc2ccncc2)c1,train,train,train,1,1,0.5294118,0.5294118,0.5744681
CC(C)Oc1ccc(-c2noc(-c3ccc(NC4CCC(C(=O)O)C4)cc3)n2)cc1C(F)(F)F,train,train,train,1,1,0.23076923,0.23076923,0.23076923
CCCCNc1cc(-c2c[nH]c3ncccc23)ncn1,train,train,train,1,1,0.6938776,0.6938776,0.6938776
O=C(O)c1cc(-c2cccs2)n2nccc2n1,test,test,train,1,1,0.8095238,0.8095238,0.8095238
Nc1n[nH]c2ccc(-c3nnn(Cc4ccccc4)c3I)cc12,test,test,test,1,1,0.76,0.76,0.76
Cc1cc(C)c2c(n1)sc1c(N)ncnc12,train,train,train,1,1,0.5675676,0.5675676,0.5675676
CN(C)CCCOc1cc2c(c(-c3ccc(Nc4nc5ccccc5o4)cc3)c1)CNC2=O,train,train,train,1,1,0.8,0.8,0.8
CC(=O)Nc1cccc(CNc2c(Nc3ccc4[nH]ncc4c3)c(=O)c2=O)c1,train,train,train,1,1,0.4032258,0.4032258,0.4032258
Cc1ccc(NC(=O)Nc2ccc(-c3cccc4c3CNC4=O)cc2)cc1C,train,train,train,1,1,0.7916667,0.7916667,0.7916667
O=C1NC(=O)C(c2cnc3ccccn23)=C1c1cn2c3c(cccc13)CN(C(=O)N1CCOCC1)CC2,test,test,train,1,1,0.7105263,0.7105263,0.7105263
NC(COc1cncc(-c2ccc3[nH]c(=O)oc3c2)c1)Cc1c[nH]c2ccccc12,train,train,train,1,1,0.6875,0.6875,0.6875
Cc1cccc(CNC(=O)c2cnn3c(-c4ccccc4)ccnc23)c1C,train,train,train,1,1,0.62711865,0.62711865,0.62711865
CN(C)C1CCCC(Nc2nc(Cl)cc(-c3c[nH]c4ncccc34)n2)C1,train,train,train,1,1,0.73015875,0.73015875,0.8245614
COCCN(C)C(=O)c1c(-c2ccc3[nH]ncc3c2)nnn1Cc1ccccc1,train,train,test,1,1,0.734375,0.734375,0.734375
CC(C)(C)Oc1cc(-c2ccncc2)cc2[nH]nc(N)c12,train,train,train,1,1,0.67391306,0.67391306,0.67391306
O=c1cc(-c2ccncc2)nc(NC2CCCCC2)[nH]1,train,train,test,1,1,0.50980395,0.50980395,0.50980395
CCN(CC)CCOc1ccc(-c2nc3c(C(N)=O)cccc3[nH]2)cc1,train,train,train,1,1,0.5555556,0.5555556,0.66101694
O=C1CC(c2ccc(Cl)cc2Cl)Cc2nc3cc(Cl)ccc3c(O)c21,train,train,test,1,1,0.3442623,0.3442623,0.3442623
COc1ccc(C(=O)Nc2ccccc2C(=O)O)cc1OC,train,train,train,1,1,0.3898305,0.3898305,0.3968254
CCOc1ccccc1C=NNC(=O)c1nnn(-c2nonc2N)c1N1CCCC1,train,train,train,1,1,0.2948718,0.2948718,0.3409091
CC(C)CNC1CCC(Nc2nc(Cl)cc(-c3c[nH]c4ncccc34)n2)CC1,train,train,train,1,1,0.75438595,0.75438595,0.75438595
Cc1cccc(NC(=O)Nc2ccc(-c3csc4c(C#CCN5CCCC5)cnc(N)c34)cc2)c1,train,train,train,1,1,0.7222222,0.7222222,0.7941176
COCCNc1cc(-c2c[nH]c3ncccc23)cc(Cl)n1,train,train,train,1,1,0.7647059,0.7647059,0.7647059
c1cc2cc(-c3ccc4cn[nH]c4c3)cnc2[nH]1,train,train,train,1,1,0.42592594,0.42592594,0.42592594
Cc1ccc(C(=O)Nc2c(C(N)=O)sc3ccc(Cl)c(Cl)c23)cc1,train,train,train,1,1,0.72727275,0.72727275,0.82222223
O=C(O)c1cc2c(-c3cccc(F)c3)cncc2s1,test,test,train,1,1,0.79545456,0.79545456,0.75609756
CC(C)(CO)CCCNc1cc(-c2c[nH]c3ncccc23)cc(Cl)n1,train,train,test,1,1,0.76785713,0.76785713,0.76785713
Oc1ccc(Nc2ncnc3scc(Cl)c23)cc1,test,test,test,1,1,0.7209302,0.7209302,0.7631579
Nc1noc2cccc(-c3cccc(O)c3)c12,train,train,train,1,1,0.6923077,0.6923077,0.30769232
Cc1ccc(Nc2nccc(Nc3ccccc3C(=O)O)n2)cc1F,test,test,train,1,1,0.7169811,0.7169811,0.7169811
NC(=O)c1ccccc1Nc1nc(Nc2ccccc2)ncc1C(F)(F)F,train,train,train,1,1,0.52459013,0.52459013,0.52459013
CN(C)c1cc2sncc2cc1NC(=O)C(=O)O,train,train,test,1,1,0.22950819,0.22950819,0.22950819
NC(=O)c1sc2c(Br)ccc(Cl)c2c1N,train,train,test,1,1,0.40816328,0.40816328,0.40816328
O=c1c(NCc2ccc(Cl)c(Cl)c2)c(Nc2ccncc2)c1=O,train,train,train,1,1,0.5319149,0.5319149,0.5319149
COc1cc(C=C2SC(=S)NC2=O)ccc1O,train,train,train,1,1,0.63461536,0.63461536,0.78571427
CNC(=O)C=Cc1cnc(N)c2c(-c3cc(F)c4[nH]c(C)cc4c3)csc12,train,train,train,1,1,0.37755102,0.37755102,0.43023255
O=C(Nc1cnc2[nH]cc(-c3ccccc3)c2c1)c1c(F)cccc1F,train,train,train,1,1,0.5272727,0.5272727,0.42592594
NC(=O)c1cccc2[nH]c(-c3ccc(C4CCCNC4)cc3F)nc12,train,train,train,1,1,0.78333336,0.78333336,0.78333336
O=c1[nH]c2cc(Br)cnc2[nH]1,test,test,train,1,1,0.5882353,0.5882353,0.5882353
CC(CCC(=O)O)(c1ccc(O)c(N)c1)c1ccc(O)c(N)c1,test,test,train,1,1,0.21428572,0.21428572,0.21666667
COCC(C)Nc1cc(-c2c[nH]c3ncccc23)cc(Cl)n1,train,train,test,1,1,0.7090909,0.7090909,0.7090909
CC(C)c1ccc2c(c1)c(SC(C)(C)C)c(CC(C)(C)CNCCCO)n2Cc1ccc(Cl)cc1,train,train,train,1,1,0.21428572,0.21428572,0.21428572
CC(=NNC(=N)N)c1cc(NC(=O)NCCCN(C)CCCNC(=O)Nc2cc(C(C)=NNC(=N)N)cc(C(C)=NNC(=N)N)c2)cc(C(C)=NNC(=N)N)c1,train,train,test,1,1,0.8043478,0.8043478,0.8043478
c1ccc(-c2n[nH]cc2-c2ccncc2)cc1,test,test,test,1,1,0.42857143,0.42857143,0.42857143
Cc1cccc(NC(=O)Nc2ccc(-c3csc4c(C#CCCCCCCCCN)cnc(N)c34)cc2)c1,train,train,train,1,1,0.73239434,0.73239434,0.8333333
COc1cc(-c2ccc3c(c2)Nc2ccc(C(=O)NCc4cccc(F)c4)cc2NC3=O)ccc1O,train,train,train,1,1,0.6911765,0.6911765,0.6911765
Cc1cccc(NC(=O)Nc2ccc(-c3csc4c(-c5cnn(C)c5)cnc(N)c34)cc2)c1,train,train,train,1,1,0.65217394,0.65217394,0.65217394
Cc1nn(C)c2c1c(=O)c1cc(Cl)ccc1n2OCC(C)C,train,train,train,1,1,0.45,0.45,0.7647059
Cc1nc2ccccn2c1-c1csc(Nc2ccc(O)cc2)n1,train,train,train,1,1,0.38709676,0.38709676,0.38709676
OCc1cc(-c2ccc3[nH]ncc3c2)on1,train,train,train,1,1,0.7209302,0.7209302,0.7209302
NC(=O)c1cc(-c2ccnc(N)n2)[nH]c1-c1ccc(Cl)cc1Cl,train,train,train,1,1,0.6481481,0.6481481,0.6481481
O=C1NS(=O)(=O)c2ccc(Cl)cc21,test,test,train,1,1,0.29166666,0.29166666,0.29166666
CNC1CC2OC(C)(C1OC)n1c3ccccc3c3c4c(c5c6ccccc6n2c5c31)C(=O)NC4,test,test,train,1,1,0.43421054,0.43421054,0.43421054
CCN(CC)CCNC(=O)C=Cc1cnc(N)c2c(-c3ccc(NC(=O)Nc4cccc(C)c4)cc3)csc12,test,test,train,1,1,0.5949367,0.5949367,0.6
O=C(Cc1cccs1)Nc1nc2ccccc2s1,test,test,train,1,1,0.32051283,0.32051283,0.32051283
Nc1ncnc2c1sc1ncnc(N)c12,train,train,train,1,1,0.5675676,0.5675676,0.5675676
O=C1NCc2c1cccc2-c1ccc(Nc2nc3ccccc3o2)cc1,train,train,test,1,1,0.6721311,0.6721311,0.6721311
CCN(CC)CCNc1ccc(O)c2ccccc12,train,train,train,1,1,0.25925925,0.25925925,0.25925925
NC(COc1cncc(-c2ccc(F)cc2)c1)Cc1c[nH]c2ccccc12,train,train,train,1,1,0.7457627,0.7457627,0.7457627
O=c1[nH]cnc2c(Cl)cccc12,train,train,train,1,1,0.45,0.45,0.45
CC1=NN(c2ccccc2)C(=O)C1=Cc1c(C)c(C#N)c2nc3ccccc3n2c1O,train,train,train,1,1,0.828125,0.828125,0.828125
NC(=O)c1cc2c(Oc3ccc(Br)cc3)cncc2s1,train,train,train,1,1,0.66,0.66,0.66
Cc1cccc(CNc2cc(-c3c[nH]c4ncccc34)ncn2)c1,train,train,train,1,1,0.7755102,0.7755102,0.7755102
CC(C)(c1cc(Br)c(O)c(I)c1)c1cc(Br)c(O)c(I)c1,train,train,train,1,1,0.2,0.2,0.19148937
O=C(Nc1cnccn1)Nc1ccnc2ccccc12,test,test,train,1,1,0.65909094,0.65909094,0.65909094
Cc1n[nH]c2ccc(-c3cncc(OCCNS(C)(=O)=O)c3)cc12,train,train,train,1,1,0.75,0.75,0.75
CC(N)COc1cnc(Cl)c(C=Cc2ccncc2)c1,train,train,train,1,1,0.43333334,0.43333334,0.4642857
COc1ccc(Nc2nccc(Nc3c(NC(C)C(C)(C)C)c(=O)c3=O)n2)cc1OC,train,train,test,1,1,0.6896552,0.6896552,0.6896552
Clc1cc(-c2c[nH]c3ncccc23)nc(NC2CCOCC2)n1,test,test,train,1,1,0.7924528,0.7924528,0.7924528
Oc1ccc(Cl)cc1C1=NNC(c2ccc3c(c2)OCCO3)C1,train,train,test,1,1,0.34848484,0.34848484,0.34848484
COc1cc(C=C2SC(=Nc3ccccc3)NC2=O)ccc1O,train,train,train,1,1,0.84,0.84,0.84
CNCC(=O)NC1CCC(Nc2nc(Cl)cc(-c3c[nH]c4ncccc34)n2)CC1,train,train,train,1,1,0.7936508,0.7936508,0.7692308
CN(Cc1ccccc1)c1cc(-c2c[nH]c3ncccc23)cc(Cl)n1,train,train,train,1,1,0.6315789,0.6315789,0.6315789
CCOC(=O)C1=C(N)n2c(sc(=Cc3cccs3)c2=O)=C(C(N)=O)C1c1cccs1,train,train,train,1,1,0.38666666,0.38666666,0.38666666
Cc1n[nH]c2ccc(-c3cncc(OCC(N)Cc4cccc(OC(F)(F)F)c4)c3)cc12,train,train,train,1,1,0.6923077,0.6923077,0.75409836
O=C(Nc1ccc(-c2ccc3cn[nH]c3c2)cc1)Nc1cccc(F)c1,train,train,train,1,1,0.44444445,0.44444445,0.44444445
Nc1ncnc2sc3c(c12)-c1ccc(NC(=O)Nc2ccccc2)cc1CC3,train,train,train,1,1,0.8245614,0.8245614,0.8245614
O=C(NNC(=S)Nc1ccc(F)cc1)C(O)(c1ccccc1)c1ccccc1,train,train,train,1,1,0.75609756,0.75609756,0.54
O=C(O)c1ccccc1Nc1ncnc(Nc2ccc(F)cc2)n1,train,train,test,1,1,0.75555557,0.75555557,0.75555557
OCCNc1cc2cc(-c3ccsc3)ccc2cn1,train,train,test,1,1,0.625,0.625,0.32394367
CCCCNc1cc(-c2ccncc2)cc2[nH]nc(N)c12,test,test,train,1,1,0.62,0.62,0.62
O=c1[nH]cc(I)c2nc(-c3cccc(Cl)c3)cn12,train,train,test,1,1,0.75609756,0.75609756,0.75609756
CN(C)CCOc1cccc(-c2nc3c(C(N)=O)cccc3[nH]2)c1,test,test,train,1,1,0.66101694,0.66101694,0.66101694
CNCCONC(=O)c1ccc(F)c(F)c1Nc1ccc(I)cc1F,train,train,train,1,1,0.22826087,0.22826087,0.22826087
O=c1[nH][nH]c2ccc(Br)cc12,train,train,train,1,1,0.42857143,0.42857143,0.42857143
CN1CCN(c2nc(C3=C(c4c[nH]c5ccccc45)C(=O)NC3=O)c3ccccc3n2)CC1,train,train,train,1,1,0.28767124,0.28767124,0.7962963
NC(=O)c1cc2c(-c3ccc(Nc4nc5ccccc5o4)cc3)cnc(N)c2s1,train,train,train,1,1,0.42857143,0.42857143,0.4177215
CC1CSc2c(C(=O)O)c(=O)c3cc(F)c(N4CCC(N)C4)cc3n21,train,train,train,1,1,0.26966292,0.26966292,0.26966292
O=C1CC(c2ccccc2)Cc2[nH]c3cc(Cl)ccc3c(=O)c21,train,train,train,1,1,0.8604651,0.8604651,0.8604651
CCCCOc1cc(-c2ccncc2)cc2[nH]nc(N)c12,train,train,train,1,1,0.7826087,0.7826087,0.67391306
Cc1cccc(NC(=O)Nc2ccc(-c3coc4ncnc(N)c34)cc2)c1,test,test,train,1,1,0.5833333,0.5833333,0.5833333
Oc1ccc(-c2n[nH]c(Nc3cccc(Cl)c3)c2-c2ccc(O)cc2)cc1,test,test,train,1,1,0.28333333,0.28333333,0.28787878
NC(COc1cncc(-c2ccc3cnccc3c2)c1)Cc1c[nH]c2ccccc12,train,train,train,1,1,0.7457627,0.7457627,0.7457627
COc1ccc(C=C2C(=O)ON=C2c2ccc(Br)cc2)cc1OC,train,train,train,1,1,0.7234042,0.7234042,0.61538464
NC(=O)c1cn(-c2ccc(O)cc2Cl)c2cc(-c3ccncc3)ccc2c1=O,train,train,train,1,1,0.49253732,0.49253732,0.31428573
CN(C)C1CCC(Nc2nc(Cl)cc(-c3c[nH]c4ncccc34)n2)CC1,test,test,train,1,1,0.8245614,0.8245614,0.8245614
O=C1CC(c2ccc(F)cc2)Cc2[nH]c3cc(Cl)ccc3c(=O)c21,train,train,test,1,1,0.9047619,0.9047619,0.9047619
CCN(CC)C(=O)Nc1ccc2nc(-c3ccco3)c(-c3ccco3)nc2c1,train,train,test,1,1,0.76086956,0.76086956,0.76086956
COCCOC1CCC(n2nc(-c3ccc(Nc4nc5cc(C)cc(C)c5o4)cc3)c3c(N)ncnc32)CC1,train,train,train,1,1,0.8701299,0.8701299,0.8701299
NC1CCCC(Nc2nc(Cl)cc(-c3c[nH]c4ncccc34)n2)C1,test,test,train,1,1,0.8,0.8,0.7627119
CCn1c(-c2nonc2N)nc2cncc(C(=O)N3CCC(N)C3)c21,train,train,test,1,1,0.33663365,0.33663365,0.33663365
CS(=O)(=O)c1cccc(-c2cnn3c(C(N)=O)cc(-c4ccccc4)nc23)c1,train,train,train,1,1,0.30882353,0.30882353,0.30882353
Cc1ccc(C)c(NC(=O)c2cc(-c3ccco3)nc3ccccc23)c1,train,train,train,1,1,0.34375,0.34375,0.34375
ON=C(c1nc2ccccc2[nH]1)c1nc2ccccc2[nH]1,train,train,test,1,1,0.35555556,0.35555556,0.35555556
Cc1n[nH]c2ccc(-c3cncc(OCCN)c3)cc12,train,train,train,1,1,0.75,0.75,0.75
Nc1nc(=O)[nH]c2sccc12,train,train,train,1,1,0.35135135,0.35135135,0.38297874
Fc1cccc(-c2c[nH]c3ncccc23)c1,test,test,train,1,1,0.5217391,0.5217391,0.5217391
O=C(O)c1ccccc1Nc1ccnc(Nc2cccc(F)c2)n1,train,train,train,1,1,0.7755102,0.7755102,0.7755102
O=C(Nc1ccccc1)Nc1ccccn1,test,test,train,1,1,0.5405405,0.5405405,0.5405405
NCC(NC(=O)c1ccc(-c2ccncc2)cc1)c1ccccc1,test,test,test,1,1,0.41379312,0.41379312,0.41379312
Fc1ccc2c(c1)-c1n[nH]cc1CS2,train,train,train,1,1,0.3809524,0.3809524,0.3809524
O=c1cc(-c2ccncc2)nc(NCc2cc(F)cc(F)c2)[nH]1,train,train,train,1,1,0.50980395,0.50980395,0.36666667
Cc1cc(Cl)ccc1NC(=S)NNC(=O)C(O)(c1ccccc1)c1ccccc1,test,test,train,1,1,0.67391306,0.67391306,0.54
N#CC1=C(N)n2c(sc(=Cc3ccco3)c2=O)=C(C(N)=O)C1c1ccco1,train,train,train,1,1,0.38666666,0.38666666,0.38666666
CCC(N)(C#Cc1cnc(N)c2c(-c3ccc(NC(=O)Nc4cccc(C)c4)cc3)csc12)CC,train,train,train,1,1,0.84126985,0.84126985,0.8125
NC(=O)c1cc2c(-c3cc(C(F)(F)F)cc(C(F)(F)F)c3)cncc2s1,test,test,test,1,1,0.61702126,0.61702126,0.65217394
COCCN(CCOC)c1cc(-c2c[nH]c3ncccc23)cc(Cl)n1,train,train,train,1,1,0.6785714,0.6785714,0.6785714
Nc1ncc2cccc(-c3ccccc3)n12,train,train,train,1,1,0.31111112,0.31111112,0.31111112
Cc1ccc(F)c(-c2ccc3nnc(N)n3c2)c1,train,train,train,1,1,0.5,0.5,0.32258064
CNCCOc1cncc(-c2ccc3[nH]nc(C)c3c2)c1,train,train,train,1,1,0.75,0.75,0.75
CC(C)(C)c1nc2c3ccc(F)cc3c3c(=O)[nH]ccc3c2[nH]1,train,train,train,1,1,0.25373134,0.25373134,0.23636363
CCN1CCN(CCCC(=O)Nc2n[nH]c3nnc(-c4cccc(F)c4F)cc23)CC1,train,train,train,1,1,0.5072464,0.5072464,0.5072464
NC(=O)c1ccc2c(ccn2-c2cccc(Cl)c2)c1,train,train,test,1,1,0.30769232,0.30769232,0.30769232
COc1cc(-c2csc3c(C=CC(=O)NCCN(C)C)cnc(N)c23)ccc1NC(=O)c1cc2ccccc2n1C,train,train,train,1,1,0.37755102,0.37755102,0.47474748
Nc1n[nH]c2ccc(-c3nnn(Cc4ccccc4)c3C3CC3)cc12,train,train,train,0,0,0.7037037,0.7037037,0.7037037
CCOC(=O)c1cccc2[nH]c(-c3ccc(N4CCC(N)C4)cc3)nc12,train,train,train,1,1,0.43661973,0.43661973,0.43661973
NC(=O)Cn1cc(-c2cc(-c3cc4ccccc4s3)c3[nH]ncc3c2)c2nc(N)ncc21,train,train,train,1,1,0.8125,0.8125,0.8125
COc1cccc(NC(=O)N2CCC(c3nc4c(C(N)=O)cccc4[nH]3)CC2)c1,train,train,train,1,1,0.38271606,0.38271606,0.39473686
N#Cc1ncc2nc1OCCCCCOc1cc(OCCO)c(Cl)cc1NC(=O)N2,test,test,train,1,1,0.80597013,0.80597013,0.80597013
O=c1nc(-c2cc3c(Oc4ccc(I)cc4)cncc3s2)[nH]o1,train,train,train,1,1,0.4375,0.4375,0.4375
COc1cccc(OC)c1CNc1nc(NC2CCCCC2)nc2ccc(Cl)cc12,train,train,train,1,1,0.29268292,0.29268292,0.2804878
COc1cc(-c2ccc3c(c2)Nc2ccc(C(=O)NCCCN(C)C)cc2NC3=O)ccc1O,train,train,train,1,1,0.7903226,0.7903226,0.7903226
NC(=O)c1ccc(Nc2ncnc3[nH]cc(-c4ccccc4)c23)cc1,test,test,train,1,1,0.5192308,0.5192308,0.5192308
NC(=O)c1ccc(-c2c[nH]c3nccc(Cl)c23)cc1,train,train,train,1,1,0.4,0.4,0.5192308
Nc1cc(S(=O)(=O)NC(=O)c2ccc(-c3ccc(F)cc3)cc2)ccc1NC1CCCCC1,train,train,train,1,1,0.26086956,0.26086956,0.25301206
COc1cc(C=C(C#N)c2nc3ccccc3[nH]2)c(Br)cc1O,test,test,train,1,1,0.34545454,0.34545454,0.78571427
CCN(CC)CC#Cc1ccc2c(c1)-c1[nH]nc(-c3ccc(C#N)nc3)c1C2,train,train,test,1,1,0.3152174,0.3152174,0.3152174
O=C1Cc2c([nH]c3ccc([N+](=O)[O-])cc23)-c2ccccc2N1,train,train,train,1,1,0.67346936,0.67346936,0.67346936
NC(=O)c1ccc(NC2CCCCC2N)nc1Nc1cccc(Cl)c1,train,train,train,1,1,0.578125,0.578125,0.578125
COc1ccc(NC(=O)Nc2ccc(-c3csc4c(-c5cnn(CC(O)CO)c5)cnc(N)c34)cc2)cc1,train,train,train,1,1,0.6849315,0.6849315,0.6849315
O=c1cc(-c2cccc(F)c2)[nH]c2c(-c3ccc(F)cc3)cnn12,train,train,train,1,1,0.33333334,0.33333334,0.80487806
Nc1c(-c2ccccc2)c2cc(Cl)ccc2[nH]c1=O,train,train,test,1,1,0.54901963,0.54901963,0.54901963
CC(Nc1c(Nc2ccncc2)c(=O)c1=O)C1CCCCC1,train,train,train,1,1,0.5681818,0.5681818,0.3773585
CCOC(=O)c1cn(-c2ccc(O)cc2C)c2cc(-c3ccccc3)ccc2c1=O,train,train,test,1,1,0.49253732,0.49253732,0.49253732
O=c1[nH]c2sc3c(c2c2nc(-c4ccccc4)nn12)CCCC3,train,train,train,1,1,0.81632656,0.81632656,0.81632656
OC1CCCC(Nc2cc(Cl)nc(-c3c[nH]c4ncccc34)n2)C1,train,train,train,1,1,0.8113208,0.8113208,0.8113208
c1ccc(Cn2cc(-c3ccc4[nH]nc(-c5ccccc5)c4c3)nn2)cc1,train,train,train,0,0,0.64285713,0.64285713,0.64285713
COc1cccc(C(C)NC(=O)N2CC=C(c3c[nH]c4ncccc34)CC2)c1,train,train,train,1,1,0.64285713,0.64285713,0.64285713
NC(=O)c1ccc(-c2ccncc2)cc1NCc1cccc(F)c1,train,train,train,1,1,0.36666667,0.36666667,0.36666667
c1ccc2c(c1)[nH]c1cnccc12,train,train,test,1,1,0.30232558,0.30232558,0.30232558
Cc1c(C=O)c(O)n2c(nc3ccccc32)c1C#N,train,train,train,1,1,0.62711865,0.62711865,0.62711865
NC(COc1cncc(C=Cc2ccncc2)c1)Cc1ccccc1,test,test,train,1,1,0.7916667,0.7916667,0.7916667
c1ccc(Cn2nnc(-c3ccc4[nH]ncc4c3)c2C2CC2)cc1,train,train,train,1,1,0.6923077,0.6923077,0.6923077
O=c1[nH]c2ccc(Cl)cc2c(-c2ccccc2)c1C1=NNC(c2ccccc2)C1,train,train,train,1,1,0.54901963,0.54901963,0.3809524
N#Cc1ncc2nc1OCCCCCOc1cc(OCC(O)CO)c(Cl)cc1NC(=O)N2,train,train,train,1,1,0.23529412,0.23529412,0.80597013
Cn1cc(C=C2C(=O)Nc3cccnc32)c2ccccc21,train,train,train,1,1,0.30882353,0.30882353,0.30882353
Cc1c(Cl)c(N2CCC(CN)C2)nc2[nH]cc(C(=O)O)c(=O)c12,test,test,train,1,1,0.3068182,0.3068182,0.3068182
Cc1c(O)ccc2c1CCCC2=NNC(=O)Cc1cccc2ccccc12,train,train,train,1,1,0.24050634,0.24050634,0.24050634
OC1CCN(c2ncnc3[nH]cc(-c4ccccc4)c23)CC1,test,test,train,1,1,0.33898306,0.33898306,0.4528302
O=c1[nH]c2cnc(-n3cnc4ccc(F)cc43)nc2n1C1CCOc2c(F)cccc21,train,train,train,1,1,0.25263157,0.25263157,0.25263157
NC(=O)c1cccc2[nH]c(-c3ccc(C4CCCCN4)cc3F)nc12,train,train,test,1,1,0.7096774,0.7096774,0.7096774
Cc1cc(=O)n2[nH]cc(C(=O)NCc3ccccc3)c2n1,train,train,train,1,1,0.6909091,0.6909091,0.41269842
Cc1cccc(NC(=O)Nc2ccc3c(c2)CCc2sc4ncnc(N)c4c2-3)c1,train,train,train,1,1,0.8245614,0.8245614,0.8596491
CCNNc1cc(C)c(C#N)c2nc3ccccc3n12,train,train,train,1,1,0.44827586,0.44827586,0.44827586
N#CC(=Cc1ccc(O)c(O)c1)C(=O)NCc1ccccc1,train,train,train,1,1,0.27272728,0.27272728,0.29166666
Nc1ncnc(Nc2cc(CNC(=O)C(F)(F)F)c(O)c(-c3ccc(Cl)cc3)c2)n1,train,train,train,1,1,0.28235295,0.28235295,0.28235295
O=C(NN=Cc1ccc(O)cc1O)Nc1cccc2nsnc12,train,train,train,1,1,0.32786885,0.32786885,0.2857143
NCCNS(=O)(=O)c1cccc(C(=O)Nc2ccc(-c3n[nH]c(=O)c4ccccc34)cc2)c1,train,train,test,1,1,0.89830506,0.89830506,0.89830506
CNCc1ccc(-c2[nH]c3cc(F)cc4c3c2CCNC4=O)cc1,train,train,train,1,1,0.3283582,0.3283582,0.3283582
CN(C)CC(=O)NC1CCC(Nc2nc(Cl)cc(-c3c[nH]c4ncccc34)n2)CC1,test,test,test,1,1,0.8,0.8,0.86153847
O=C1NC(=O)C(Nc2ccccc2)=C1Cl,train,train,train,1,1,0.275,0.275,0.31578946
Cc1sc2[nH]c(=O)n3nc(-c4ccncc4)nc3c2c1C,test,test,train,1,1,0.6415094,0.6415094,0.6415094
Cc1nc2c(sc3c(Br)ccc(Cl)c32)c(=O)o1,train,train,train,1,1,0.40816328,0.40816328,0.36
COc1cc2ncn(-c3cc(OCc4ccccc4C(F)(F)F)c(C(=O)O)s3)c2cc1OC,train,train,test,1,1,0.6666667,0.6666667,0.2739726
c1cc2c(s1)CCc1cn[nH]c1-2,test,test,train,1,1,0.24390244,0.24390244,0.22222222
Cc1cc(-c2ncnc3[nH]ccc23)ccc1F,train,train,test,1,1,0.54347825,0.54347825,0.54347825
O=C(Nc1ccccc1)Nc1nccs1,train,train,train,1,1,0.42,0.42,0.5405405
COc1cc(-c2ccc3c(c2)Nc2c(O)cccc2NC3=O)ccc1O,train,train,train,1,1,0.6111111,0.6111111,0.6111111
O=[N+]([O-])c1cccc(-c2nnc3ccc(N4CCCCC4)nn23)c1,train,train,train,1,1,0.37878788,0.37878788,0.37878788
O=C(O)c1ccccc1Nc1ncnc(Nc2ccc3cn[nH]c3c2)n1,train,train,train,1,1,0.7592593,0.7592593,0.7592593
CCOc1ccc(C=C2SC(=N)NC2=O)c(O)c1,train,train,train,1,1,0.35,0.35,0.36842105
NC(=O)c1cc2c(-c3ccccc3)cncc2s1,test,test,train,1,1,0.7894737,0.7894737,0.7894737
O=c1oc2ccccc2c2[nH]c(-c3ccccc3)nc12,train,train,train,1,1,0.2857143,0.2857143,0.2857143
NCCC(C(=O)Nc1ccc2[nH]ncc2c1)c1ccc(Cl)c(Cl)c1,train,train,train,1,1,0.3943662,0.3943662,0.3943662
c1ccc(C2Cc3cn[nH]c3C2)cc1,test,test,test,1,1,0.32692307,0.32692307,0.32692307
Nc1cc2c(Oc3ccc(Cl)cc3)cncc2s1,train,train,train,1,1,0.63265306,0.63265306,0.63265306
Cc1ccc(C(=O)Nc2c(C#N)sc3ccc(Cl)c(Cl)c23)cc1,test,test,train,1,1,0.6666667,0.6666667,0.6666667
NC(=O)c1ccc2nc(-c3ccc([N+](=O)[O-])o3)cn2c1,train,train,train,1,1,0.23728813,0.23728813,0.23728813
COc1cc(-c2ccc3c(c2)Nc2ccc([N+](=O)[O-])cc2NC3=O)ccc1O,train,train,train,1,1,0.6111111,0.6111111,0.6111111
CN1CCN(c2ccc(Nc3ncc(Cl)c(Nc4ccc5[nH]ncc5c4)n3)cc2)CC1,train,train,train,1,1,0.3888889,0.3888889,0.3888889
COc1cc(C=C(C#N)c2nc3cc(C)ccc3[nH]2)c(Br)cc1O,test,test,train,1,1,0.32876712,0.32876712,0.78571427
O=C(NN=Cc1cc(Br)c(O)c(Br)c1)Nc1ccccc1,train,train,test,1,1,0.32786885,0.32786885,0.34042552
Cc1ccc(CNc2ccc3nnc(-c4ccccc4)n3n2)cc1,test,test,train,1,1,0.5531915,0.5531915,0.79545456
Cn1c2ccccc2c2c3c(c4c5ccccc5n(CCC#N)c4c21)CNC3=O,train,train,train,1,1,0.2638889,0.2638889,0.43421054
Cc1n[nH]c2ccc(-c3cncc(OCC(N)Cc4ccc(Cl)c(Cl)c4)c3)cc12,train,train,train,1,1,0.6923077,0.6923077,0.7719298
O=C(Nc1ccc([N+](=O)[O-])cc1)N1CCc2[nH]c3c(Cl)cc(Cl)cc3c2C1,train,train,train,1,1,0.25641027,0.25641027,0.25641027
CS(=O)(=O)NC1CCCC(Nc2nc(Cl)cc(-c3c[nH]c4ncccc34)n2)C1,train,train,train,1,1,0.75,0.75,0.75
O=C1Cc2cc(-c3ccccc3)cnc2N1,train,train,train,1,1,0.4390244,0.4390244,0.4390244
COc1ccc(-c2ccc(NC(=O)Nc3ccc(F)c(C)c3)cc2)c2c(N)noc12,train,train,train,1,1,0.704918,0.704918,0.704918
O=C1Cc2c([nH]c3ccc(Br)cc23)-c2ncccc2N1,train,train,train,1,1,0.67346936,0.67346936,0.67346936
Nc1ncc(-c2ccncc2)c2scc(-c3ccc(NC(=O)Nc4cc(C(F)(F)F)ccc4F)cc3)c12,train,train,test,1,1,0.72307694,0.72307694,0.72307694
CCCC(=O)Nc1n[nH]c2ccc(-c3cn(Cc4ccccc4)nn3)cc12,train,train,train,1,1,0.7627119,0.7627119,0.8
Cc1cc(-c2ccc3c(c2)CNC3=O)ccc1F,train,train,train,1,1,0.33333334,0.33333334,0.33333334
CC(C)Cn1c(N)nc2c(F)cc(-c3c(-c4ccc(F)cc4)nc4sccn34)cc21,train,train,train,1,1,0.76666665,0.76666665,0.76666665
O=C(Nc1cnccn1)Nc1ccnc2ccc(C(F)(F)F)cc12,train,train,train,1,1,0.53846157,0.53846157,0.6530612
O=c1c(NCc2ccccc2F)c(Nc2ccncc2)c1=O,train,train,train,1,1,0.5319149,0.5319149,0.5319149
NC(COc1cncc(-c2cc3ccncc3s2)c1)Cc1c[nH]c2ccccc12,train,train,test,1,1,0.8852459,0.8852459,0.8852459
O=c1[nH]c2sc3c(c2c2nc(-c4cccnc4)nn12)CCCC3,test,test,train,1,1,0.78846157,0.78846157,0.78846157
O=C(Nc1cnccn1)Nc1cccc2c(O)cccc12,train,train,train,1,1,0.53846157,0.53846157,0.65909094
Cc1n[nH]c2ccc(-c3cccnc3)cc12,train,train,train,0,0,0.6315789,0.6315789,0.6315789
OCCCCNc1cc(-c2c[nH]c3ncccc23)cc(Cl)n1,train,train,train,1,1,0.85714287,0.85714287,0.85714287
CCN(CCN)C(=O)c1cccc(-n2nc(C(C)(C)C)cc2NC(=O)Nc2cccc3ccccc23)c1,train,train,train,1,1,0.28395063,0.28395063,0.28395063
CC(C)(C)NC(=O)c1ccc2nc3[nH]c4ccccc4c3nc2c1,train,train,train,1,1,0.25333333,0.25333333,0.25333333
CN1CCN(CCCNc2cccc(-c3nc4c(C(N)=O)cccc4[nH]3)n2)CC1,train,train,test,1,1,0.671875,0.671875,0.76666665
CNC(=O)NC1CCC(Nc2nc(Cl)cc(-c3c[nH]c4ncccc34)n2)CC1,train,train,test,1,1,0.8360656,0.8360656,0.8360656
CC(C)OC1=NNC(=O)C1=Cc1c[nH]c2ccccc12,train,train,train,1,1,0.30769232,0.30769232,0.30769232
CSc1ccccc1CNc1ncc([N+](=O)[O-])c(NCC2CCC(CN)CC2)n1,test,test,train,1,1,0.779661,0.779661,0.779661
CN(C)c1ccc(-c2cc(-c3ccc([N+](=O)[O-])cc3)nc(NS(=O)(=O)c3ccc(N)cc3)n2)cc1,train,train,train,1,1,0.37288135,0.37288135,0.2638889
COc1ccc(CNc2cc(-c3c[nH]c4ncccc34)cc(F)n2)cc1,train,train,train,1,1,0.6440678,0.6440678,0.63793105
CC(C)(C)OC(=O)n1cc(-c2cncn2C2CCCCC2)c2ccccc21,train,train,train,1,1,0.24050634,0.24050634,0.24050634
CN1CCN(C2CCC(n3cc(-c4ccc(Oc5ccccc5)cc4)c4c(N)ncnc43)CC2)CC1,train,train,test,1,1,0.45333335,0.45333335,0.45333335
O=C1ON=C(c2ccc(Br)cc2)C1=Cc1ccc2c(c1)OCO2,train,train,train,1,1,0.61538464,0.61538464,0.61538464
COc1ccc2c(NC(=O)Nc3cccc(Br)n3)ccnc2c1,test,test,test,1,1,0.4,0.4,0.44827586
O=C(Nc1nc2ccccc2s1)c1cccc2c1CN(c1nc(C(=O)O)c(-c3ccc(CO)cc3)s1)CC2,train,train,train,1,1,0.26136363,0.26136363,0.32051283
Cc1ccc(NCc2ccc(-c3ccc(F)cc3)nc2)cc1,train,train,test,1,1,0.2923077,0.2923077,0.30357143
O=C(O)c1ccccc1Nc1ccnc(Nc2cccc(O)c2)n1,train,train,train,1,1,0.7755102,0.7755102,0.7755102
O=c1cc(C(F)(F)F)c2c(-c3cccc(C(F)(F)F)c3)n[nH]c2[nH]1,train,train,test,1,1,0.44642857,0.44642857,0.29310346
NC(=O)c1sc(-n2cnc3ccccc32)cc1OCc1ccccc1C(F)(F)F,train,train,test,1,1,0.6666667,0.6666667,0.24358974
NC(COc1cncc(-c2ccc3c(c2)C(=Cc2ccc[nH]2)C(=O)N3)c1)Cc1ccccc1,test,test,train,1,1,0.42682928,0.42682928,0.52112675
NC1CCC(Nc2nccc(-c3c[nH]c4ncccc34)n2)CC1,test,test,train,1,1,0.80851066,0.80851066,0.80851066
CC1(C)CC2=Nc3cc(Cl)ccc3SC2=C(O)C1,train,train,train,1,1,0.21212122,0.21212122,0.19672132
O=C1NC(=O)C(c2cnc3ccccn23)=C1c1cn2c3c(cc(F)cc13)CN(C(=O)N1CCCCC1)CC2,train,train,train,1,1,0.25555557,0.25555557,0.7105263
CN(C)CCCOc1cc(-c2ccncc2)cc2[nH]nc(N)c12,train,train,test,1,1,0.7826087,0.7826087,0.7826087
CCn1c(C)c(-c2ccnc(Nc3cccc(OC)c3)n2)sc1=O,train,train,train,1,1,0.33333334,0.33333334,0.3243243
O=C(O)C1CN(Cc2ccc(OCc3cccc(C(F)(F)F)c3)cc2Cl)C1,train,train,train,1,1,0.24691358,0.24691358,0.2755102
CNC(=O)c1cc2c(-c3ccccc3F)n[nH]c2s1,test,test,train,1,1,0.45901638,0.45901638,0.45901638
Cc1cc(O)ccc1-n1c2cc(Cl)ccc2c(=O)c2c(N)nc(N)nc21,train,train,test,1,1,0.34246576,0.34246576,0.31506848
O=C(Nc1cccc(Cl)c1)Nc1nc(CCNc2ncnc3ccsc23)cs1,test,test,train,1,1,0.33333334,0.33333334,0.36363637
O=c1[nH]cnc2c1oc1ccc(Cl)cc12,train,train,train,1,1,0.41860464,0.41860464,0.41860464
NC1CCC(Nc2cc(Cl)nc(-c3c[nH]c4ncccc34)n2)CC1,train,train,train,1,1,0.8235294,0.8235294,0.8235294
O=C1NC(=O)C(c2c[nH]c3ccccc23)=C1c1nc(N2CCNCC2)nc2ccccc12,test,test,train,1,1,0.7962963,0.7962963,0.7962963
CS(=O)(=O)NCCNc1cc(-c2c[nH]c3ncccc23)cc(Cl)n1,train,train,train,1,1,0.7758621,0.7758621,0.7758621
CCCn1c(C2CCNCC2)nc(-c2ccc(Cl)c(Cl)c2)c1-c1ccnc(NC2CCCCC2)n1,test,test,test,1,1,0.34210527,0.34210527,0.34210527
O=C1NCCc2[nH]c(-c3ccnc(C=Cc4ccccc4)c3)cc21,train,train,train,1,1,0.6,0.6,0.6
NC(=O)c1cc(Cl)cc2[nH]c(-c3ccc(C4CCCNC4)cc3F)nc12,train,train,train,1,1,0.78333336,0.78333336,0.78333336
O=C(O)c1csc2c1NCCNC2=O,train,train,train,1,1,0.21666667,0.21666667,0.21666667
COc1ccc(C=C2SC(=Nc3ccccc3)NC2=O)cc1OC,train,train,train,1,1,0.81632656,0.81632656,0.81632656
NC(COc1cncc(-c2cc3cnccc3s2)c1)Cc1c[nH]c2ccccc12,train,train,train,1,1,0.8852459,0.8852459,0.734375
O=c1[nH]cc(I)c2nc(-c3ccccc3)cn12,train,train,train,1,1,0.75609756,0.75609756,0.34615386
Nc1ncnc2scc(-c3ccc(NC(=O)Nc4cc(C(F)(F)F)ccc4F)cc3)c12,train,train,train,1,1,0.72307694,0.72307694,0.46153846
CC(C)(CN)CNc1cc(-c2c[nH]c3ncccc23)cc(F)n1,train,train,test,1,1,0.7735849,0.7735849,0.7735849
COCOc1cccc(OCOC)c1-c1ccc(NS(C)(=O)=O)cc1C(=O)OC,train,train,train,1,1,0.25757575,0.25757575,0.25757575
O=C1c2cc([N+](=O)[O-])ccc2-n2c1nc1cccc(Br)c1c2=O,train,train,train,1,1,0.2535211,0.2535211,0.2535211
COc1cc2c(cc1Nc1nc(Nc3cccc(F)c3C(N)=O)c3cc[nH]c3n1)N(C(=O)CN(C)C)CC2,test,test,train,1,1,0.29,0.29,0.29
COC(=O)c1c(-c2ccc(NC(=O)Nc3ccccc3)cc2)c2c(N)ncnn2c1C,train,train,train,1,1,0.37878788,0.37878788,0.3943662
NC(=O)c1cccc2c1Nc1nnc(Cl)cc1C(=O)N2,train,train,test,1,1,0.3114754,0.3114754,0.3114754
CC(C)(CN)CNc1cc(-c2c[nH]c3ncccc23)cc(Cl)n1,train,train,train,1,1,0.82,0.82,0.82
CCc1cc(-c2[nH]nc(C)c2-c2ccc3c(c2)OCCO3)c(O)cc1O,train,train,train,1,1,0.33802816,0.33802816,0.28125
COc1cccc(NC(=O)c2cnn3c(-c4ccccc4)ccnc23)c1,test,test,train,1,1,0.71428573,0.71428573,0.7288136
O=c1[nH]c2cc(Cl)cc(Cl)c2c(-c2cc(Cl)ccc2O)c1O,train,train,train,1,1,0.3529412,0.3529412,0.3448276
O=C1NCc2c(Br)cccc21,train,train,train,1,1,0.44680852,0.44680852,0.44680852
CC1=NN(c2cccc(Br)c2)C(=O)C1=Cc1c(C)c(C#N)c2nc3ccccc3n2c1O,train,train,train,1,1,0.828125,0.828125,0.828125
O=c1[nH]c2cc(-c3ccccc3)cnc2[nH]1,train,train,train,1,1,0.4390244,0.4390244,0.5882353
O=C(Nc1cccc(C(F)(F)F)n1)Nc1ccnc2c(F)cccc12,train,train,train,1,1,0.3968254,0.3968254,0.3968254
N#Cc1cnc(NC(=O)Nc2ccc3cc(C(=O)O)ccc3c2)cn1,train,train,test,1,1,0.2835821,0.2835821,0.3207547
CCCOn1c2ccc(Cl)cc2c(=O)c2c(C)nn(C)c21,test,test,train,1,1,0.7647059,0.7647059,0.7647059
Cc1c(-c2cccc(OCc3ccccc3)c2)c2c(N)ncnc2n1C1CCC(N2CCCC2)CC1,train,train,train,1,1,0.45333335,0.45333335,0.3131313
CC(C)(Nc1nccc(-c2c[nH]c3ncccc23)n1)c1ccccc1,train,train,train,1,1,0.57894737,0.57894737,0.57894737
Nc1n[nH]c2ccc(-c3nnn(Cc4ccccc4)c3-c3ccccc3)cc12,train,train,train,1,1,0.7037037,0.7037037,0.7037037
CC(C)N(C)C(=O)c1c(-c2ccc3[nH]ncc3c2)nnn1Cc1ccccc1,train,train,train,1,1,0.734375,0.734375,0.6101695
Cc1ccc(F)c(NC(=O)Nc2ccc(-c3coc4c(C#CCN5CCOCC5)cnc(N)c34)cc2)c1,test,test,train,1,1,0.5168539,0.5168539,0.5168539
Cc1cc(C)cc(NC(=O)Nc2ccc3c(c2)CCc2sc4ncnc(N)c4c2-3)c1,test,test,train,1,1,0.8596491,0.8596491,0.8596491
NC(=O)c1cc2c(-c3ccc(Br)c(F)c3F)cncc2s1,train,train,test,1,1,0.67391306,0.67391306,0.67391306
COc1ccc(C(=O)N2c3ccccc3Sc3c(Cl)cncc32)cc1,train,train,train,1,1,0.24324325,0.24324325,0.24324325
CC(=O)NC1CCCC(Nc2nc(Cl)cc(-c3c[nH]c4ncccc34)n2)C1,train,train,train,1,1,0.75,0.75,0.7878788
O=C1C(=NNc2cccc3c(=O)[nH][nH]c(=O)c23)C(c2ccccc2)=NN1c1ccccc1,train,train,train,1,1,0.25,0.25,0.25
O=c1[nH]n2ccccc2c1Br,train,train,train,1,1,0.23076923,0.23076923,0.23076923
NC(=O)c1cc2ccncc2s1,train,train,train,1,1,0.47826087,0.47826087,0.4883721
O=C(O)c1ccccc1Nc1ccnc(Nc2ccc([N+](=O)[O-])cc2)n1,train,train,train,1,1,0.6296296,0.6296296,0.6296296
NCCCOc1cc2c(c(-c3ccc(Nc4nc5ccc(Cl)cc5o4)cc3)c1)CNC2=O,train,train,train,1,1,0.8125,0.8125,0.8125
CCOC(=O)c1c[nH]n2c(=O)cc(-c3ccncc3)nc12,test,test,train,1,1,0.59322035,0.59322035,0.41269842
Oc1cccc(Nc2ncnc3scc(Cl)c23)c1,train,train,train,1,1,0.3559322,0.3559322,0.73170733
CCN(CC)CCCNc1cccc(-c2nc3c(C(N)=O)cccc3[nH]2)n1,train,train,train,1,1,0.671875,0.671875,0.63492066
NC(=O)c1cccc2[nH]c(-c3cccc(NCCN4CCCC4)n3)nc12,test,test,train,1,1,0.76666665,0.76666665,0.63492066
COc1cc(Nc2ncnc(N3CCCc4cc(C)ccc43)n2)cc(OC)c1OC,train,train,train,1,1,0.30864197,0.30864197,0.30864197
NCCNc1cc(-c2c[nH]c3ncccc23)cc(Cl)n1,train,train,train,1,1,0.79591835,0.79591835,0.79591835
NC(=O)c1cc2c(Oc3cccc(F)c3)cncc2s1,train,train,train,1,1,0.66,0.66,0.66
Cn1cc(Nc2ncc(Cl)c(Nc3ccccc3C(N)=O)n2)cn1,train,train,train,1,1,0.7818182,0.7818182,0.7818182
NC(COc1cncc(-c2ccc3c(c2)CC(=O)N3)c1)Cc1c[nH]c2ccccc12,test,test,train,1,1,0.703125,0.703125,0.703125
COc1cc2cnc3c(c2cc1OC)C(=O)NC3=O,train,train,train,1,1,0.5813953,0.5813953,0.25454545
CCCC(=O)Nc1n[nH]c2ccc(-c3cccc(F)c3F)cc12,train,train,train,1,1,0.53846157,0.53846157,0.53846157
Cn1nc(C(F)(F)F)c2c(=O)c3cc(Cl)ccc3n(O)c21,train,train,test,1,1,0.45,0.45,0.47457626
S=c1[nH]nc2c3c4c(sc3n3c(=S)[nH]nc3n12)CCC4,train,train,test,1,1,0.265625,0.265625,0.265625
COc1cccc(-c2cc3c(=O)[nH]c4ccccc4n3c2)c1,train,train,train,1,1,0.31746033,0.31746033,0.31746033
COc1ccc(C(=O)Nc2nc3ccc(Cl)cc3s2)c(OC)c1,train,train,train,1,1,0.31578946,0.31578946,0.30666667
Cc1n[nH]c2ccc(-c3nnn(Cc4ccccc4)c3-c3ccc(F)cc3)cc12,train,train,test,1,1,0.76363635,0.76363635,0.76363635
NC(=O)c1cc(-c2cccc(N)c2)cc2cccnc12,train,train,test,1,1,0.33333334,0.33333334,0.33333334
COc1ccc(C=C2C(=O)ON=C2c2ccc(Br)cc2)cc1,train,train,test,1,1,0.7234042,0.7234042,0.7234042
O=C(NNC(=S)Nc1ccc(Cl)cc1)C(O)(c1ccccc1)c1ccccc1,train,train,test,1,1,0.75609756,0.75609756,0.75609756
Cc1cc(=O)n2ccc(CN(C)C)c(O)c2n1,train,train,test,1,1,0.30645162,0.30645162,0.30645162
COc1cc(-c2ccc3c(c2)Nc2ccc(C(=O)NCCNC(C)=O)cc2NC3=O)ccc1O,train,train,train,1,1,0.7903226,0.7903226,0.7903226
Cc1cccc(NC(=O)Nc2ccc(-c3csc4ccnc(N)c34)cc2)c1,train,train,train,1,1,0.7777778,0.7777778,0.7924528
Cc1cccc(NC(=O)Nc2ccc(-c3csc4c(C#CCN)cnc(N)c34)cc2)c1,test,test,train,1,1,0.8333333,0.8333333,0.84375
O=C1CC(c2ccc(Cl)cc2)Cc2[nH]c3cc(Cl)ccc3c(=O)c21,train,train,train,1,1,0.9047619,0.9047619,0.8604651
CN1CCC(c2c(O)cc(O)c3c(=O)cc(-c4ccccc4Cl)oc23)C(O)C1,train,train,test,1,1,0.25333333,0.25333333,0.25333333
C(=Cc1cncc(OC2CCNC2)c1)c1ccncc1,train,train,train,1,1,0.46938777,0.46938777,0.46938777
Cn1cc(-c2ccccc2)c2nc(-c3ccncc3)cc(=O)n21,train,train,train,1,1,0.43333334,0.43333334,0.3898305
Cn1cc(Nc2ncc(Br)c(Nc3ccccc3C(N)=O)n2)cn1,train,train,train,1,1,0.7818182,0.7818182,0.7818182
NC(=O)c1cc2c(-c3ccc(F)cc3)cncc2s1,test,test,train,1,1,0.7619048,0.7619048,0.7619048
NC(=O)c1cccc(-c2cnc3[nH]cc(-c4ccccc4)c3c2)c1,train,train,test,1,1,0.5272727,0.5272727,0.5272727
Oc1c2ccccc2c2c3c(cccc13)N=N2,test,test,test,1,1,0.21428572,0.21428572,0.21428572
c1ccc(CNc2cc(-c3c[nH]c4ncccc34)ncn2)cc1,train,train,train,1,1,0.7755102,0.7755102,0.7755102
Clc1ccc(OCC2CN(Cc3c[nH]c4ncccc34)CCO2)cc1,train,train,train,1,1,0.31506848,0.31506848,0.31578946
CC1=NN(c2ccc(C(=O)O)cc2)C(=O)C1=Cc1c(C)c(C#N)c2nc3ccccc3n2c1O,test,test,test,1,1,0.8852459,0.8852459,0.8852459
COCCn1c(C)c(C)sc1=NC(=O)c1cc(SC)ccc1Cl,test,test,test,1,1,0.21649484,0.21649484,0.22222222
NC1CCCCC1Nc1nccc(Nc2ccccc2C(=O)O)n1,train,train,test,1,1,0.5254237,0.5254237,0.5254237
NC(=O)c1sc2ccc(Cl)c(Cl)c2c1NC(=O)c1ccc(Cl)cc1,test,test,train,1,1,0.82222223,0.82222223,0.82222223
Cc1cc2nnc(SCc3cn4ccccc4n3)n2c2ccccc12,train,train,train,1,1,0.25,0.25,0.25
O=c1[nH]c2sc3c(c2c2nc(-c4ccncc4)nn12)CCCC3,train,train,train,1,1,0.81632656,0.81632656,0.81632656
Nc1cc2nc(-c3ccccc3)cn2cn1,train,train,train,1,1,0.3181818,0.3181818,0.31111112
CCn1c(-c2nonc2N)nc2cnc(Oc3cccc(NC(=O)c4ccc(OCCN5CCOCC5)cc4)c3)cc21,train,train,train,1,1,0.33663365,0.33663365,0.27192983
CCC(=O)Nc1ccc(C(=O)N2CCNCC2)c(O)c1,test,test,train,1,1,0.28985506,0.28985506,0.28985506
FC(F)(F)c1cccc(CNc2cc(-c3c[nH]c4ncccc34)ncn2)c1,train,train,train,1,1,0.7307692,0.7307692,0.7307692
CSc1cnc2c(ccc3cnccc32)c1O,train,train,test,1,1,0.27272728,0.27272728,0.27118644
COCC#Cc1cccc2c1Cc1c(-c3cccs3)n[nH]c1-2,train,train,train,1,1,0.3255814,0.3255814,0.3255814
C=CCc1cccc2c(=NO)cc(-c3ccccc3)oc12,train,train,train,1,1,0.22580644,0.22580644,0.22580644
CC(=NNC(=N)N)c1cc(NC(=O)c2cccc(C(=O)Nc3cc(C(C)=NNC(=N)N)cc(C(C)=NNC(=N)N)c3)c2)cc(C(C)=NNC(=N)N)c1,test,test,train,1,1,0.61702126,0.61702126,0.61702126
NC1CCCCC1Nc1nc(Cl)cc(-c2c[nH]c3ncccc23)n1,train,train,train,1,1,0.74545455,0.74545455,0.74545455
Cc1cccc(-c2cccc3onc(N)c23)c1,train,train,test,1,1,0.6923077,0.6923077,0.6923077
CN(Cc1cc(Cl)c(O)c2ncccc12)C1CCCCC1,test,test,train,1,1,0.31506848,0.31506848,0.31506848
O=C1NN=Cc2c[nH]c3cc(NC(=O)C4CC4c4ccccc4)cc1c23,test,test,test,1,1,0.23880596,0.23880596,0.23880596
CNC1CCN(c2nc3[nH]cc(C(=O)O)c(=O)c3c(C)c2Br)C1,test,test,test,1,1,0.24731183,0.24731183,0.578125
Cc1n[nH]c2ccc(-c3cncc(OCC(CN)Cc4ccccc4)c3)cc12,train,train,train,1,1,0.6363636,0.6363636,0.8035714
O=c1[nH]cnc2ccc(Br)cc12,train,train,train,1,1,0.5,0.5,0.5
O=C(NCCc1cccs1)N1CC=C(c2c[nH]c3ncccc23)CC1,train,train,train,1,1,0.57746476,0.57746476,0.57746476
NC(=O)c1cc(-c2cccs2)n2nccc2n1,train,train,train,1,1,0.26415095,0.26415095,0.8095238
CN(C)c1cccc2c(S(=O)(=O)N(CCN)c3cncc(-c4ccc5cnccc5c4)c3)cccc12,train,train,train,1,1,0.35365853,0.35365853,0.38356164
O=c1[nH]c2ccc(Cl)cc2c2ncnn12,train,train,train,1,1,0.36734694,0.36734694,0.33333334
Cn1cc(-c2cc3nc(Br)cnc3[nH]2)c2cc(F)ccc21,train,train,test,1,1,0.7254902,0.7254902,0.7254902
Nc1nc(Cl)cc(-c2c[nH]c3ncccc23)n1,train,train,train,1,1,0.6511628,0.6511628,0.6511628
CS(=O)(=O)NCCOc1cncc(-c2ccc3cnccc3c2)c1,test,test,train,1,1,0.61403507,0.61403507,0.61403507
Cc1cccc(NC(=O)Nc2ccc(NC(=O)c3csc4ncnc(N)c34)cc2)c1,train,train,train,1,1,0.78,0.78,0.78
COc1ccc(C=C2SC(=Nc3ccccc3)NC2=O)cc1O,train,train,train,1,1,0.84,0.84,0.84
Nc1nccc(-c2c(-c3ccc(F)cc3)ncn2C2CCNCC2)n1,train,train,train,1,1,0.2837838,0.2837838,0.2837838
O=C(NCc1ccccc1)c1c[nH]n2c(=O)cc(-c3ccncc3)nc12,train,train,test,1,1,0.6909091,0.6909091,0.6909091
NCCCOc1cc2c(c(-c3ccc(Nc4nc5ccccc5o4)cc3)c1)CNC2=O,train,train,train,1,1,0.8125,0.8125,0.8125
NC(Cc1cccc2ccccc12)C(=O)Nc1cncc(C=Cc2ccncc2)c1,train,train,test,1,1,0.4084507,0.4084507,0.7457627
Clc1csc2ncnc(Nc3ccccc3)c12,test,test,train,1,1,0.73170733,0.73170733,0.73170733
CN(C)c1cc(-c2ccncc2)cc2[nH]nc(N)c12,train,train,train,1,1,0.5833333,0.5833333,0.5777778
Cc1cccc(NC(=O)Nc2ccc(-c3csc4c(C#CCN(C)C)cnc(N)c34)cc2)c1,test,test,train,1,1,0.7647059,0.7647059,0.84375
Cc1cccc(CNc2cc(-c3c[nH]c4ncccc34)cc(Cl)n2)c1C,test,test,test,1,1,0.68421054,0.68421054,0.68421054
Cc1n[nH]c2ccc(-c3cncc(OCCN(C)S(C)(=O)=O)c3)cc12,train,train,train,1,1,0.71428573,0.71428573,0.71428573
CC(Nc1c(Nc2ccncc2)c(=O)c1=O)C(C)(C)C,train,train,test,1,1,0.5681818,0.5681818,0.5681818
Cc1cccc(Nc2nc(NC3CCCCC3N)cnc2C(N)=O)c1,train,train,train,1,1,0.578125,0.578125,0.578125
O=C(Nc1n[nH]c2ccc(-c3cn(Cc4ccccc4)nn3)cc12)c1ccc(F)cc1,train,train,train,1,1,0.89285713,0.89285713,0.89285713
CC(C)Cn1c(N)nc2ccc(-c3c(-c4ccc(F)cc4)nc4sccn34)cc21,train,train,train,1,1,0.76666665,0.76666665,0.76666665
NC(Cc1c[nH]c2ccccc12)C(=O)Nc1cncc(C=Cc2ccncc2)c1,test,test,train,1,1,0.7457627,0.7457627,0.3846154
c1ccc(Cn2nnc(-c3ccc4[nH]ncc4c3)c2-c2ccccc2)cc1,train,train,train,1,1,0.6923077,0.6923077,0.6923077
FC(F)(F)c1ccccc1CNc1nccc(-c2c[nH]c3ncccc23)n1,train,train,train,1,1,0.57894737,0.57894737,0.57894737
O=C1NC(=S)SC1=C1C(=O)Nc2ccc(Br)cc21,train,train,test,1,1,0.27586207,0.27586207,0.27586207
CC(Nc1cncc(-n2cnc3ccc(C#N)cc32)n1)c1ccccc1F,train,train,train,1,1,0.278481,0.278481,0.278481
COc1cc(Nc2ncc([N+](=O)[O-])c(Nc3ccccc3C(N)=O)n2)cc(OC)c1OC,train,train,train,1,1,0.47761193,0.47761193,0.47761193
NCCCOc1cncc(C=Cc2ccncc2)c1,test,test,test,1,1,0.8611111,0.8611111,0.8611111
c1nc(-c2ccc3c(c2)OCO3)c2cc[nH]c2n1,train,train,train,1,1,0.54347825,0.54347825,0.3846154
O=C1Nc2cc(-c3ccc(O)cc3)ccc2C1=Cc1ccc[nH]1,train,train,train,1,1,0.3559322,0.3559322,0.42028984
O=C(Nc1cccc(C2Nc3ccc4ccccc4c3C3C=CCC32)c1)c1ccc(F)cc1,train,train,train,1,1,0.26966292,0.26966292,0.26966292
CCN(CC)CCNC(=O)c1cccc(-n2nc(C(C)(C)C)cc2NC(=O)Nc2cccc3ccccc23)c1,test,test,test,1,1,0.7536232,0.7536232,0.7536232
COc1cccc(C(C)NC(=O)c2cc(C)c(-c3ccc4[nH]nc(C)c4c3)s2)c1,train,train,train,1,1,0.37209302,0.37209302,0.37209302
COCc1nnn(-c2nonc2N)c1C(=O)NN=C(C)c1ccc(O)cc1O,test,test,train,1,1,0.3409091,0.3409091,0.3409091
Cc1ccccc1-c1c(-c2ccc3[nH]nc(C)c3c2)nnn1Cc1ccccc1,train,train,train,1,1,0.76363635,0.76363635,0.6315789
Cc1c(O)cccc1NC(=O)c1cnn2c(-c3ccccc3)ccnc12,train,train,train,1,1,0.7037037,0.7037037,0.6333333
CN1CCN(Cc2ccc3c(c2)Cc2c(-c4csc(C#CCOCC5CC5)c4)n[nH]c2-3)CC1,train,train,train,1,1,0.3255814,0.3255814,0.3255814
NCC1CCC(CNc2nc(NCc3ccccc3Cl)ncc2[N+](=O)[O-])CC1,train,train,train,1,1,0.35897437,0.35897437,0.779661
COc1ccc2c(c1)c(-c1cc3nc(Br)cnc3[nH]1)cn2C,train,train,train,1,1,0.7254902,0.7254902,0.6851852
O=C1Nc2ccc3ncsc3c2C1=CNc1ccc(S(=O)(=O)Nc2ccccn2)cc1,train,train,test,1,1,0.2638889,0.2638889,0.25316456
CN(C)CC(=O)NC1CCCC(Nc2nc(Cl)cc(-c3c[nH]c4ncccc34)n2)C1,test,test,train,1,1,0.7878788,0.7878788,0.7878788
CC(C)S(=O)(=O)n1c(N)nc2ccc(-c3c(-c4ccc(F)cc4)nc4sccn34)cc21,train,train,train,1,1,0.6825397,0.6825397,0.6825397
Cc1ccc2c(=O)[nH]cnc2c1,train,train,train,1,1,0.5,0.5,0.5
OC1CCC(Nc2cc(Cl)nc(-c3c[nH]c4ncccc34)n2)CC1,train,train,train,1,1,0.8235294,0.8235294,0.8235294
Nc1ncnc2c1N=C(c1ccccc1)CCN2,train,train,train,1,1,0.33333334,0.33333334,0.33333334
Oc1cc(O)cc(C=Cc2ccc(O)c(O)c2)c1,test,test,train,1,1,0.29166666,0.29166666,0.29166666
CCNC(=O)c1n[nH]c(-c2cc(Cl)c(O)cc2O)c1-c1ccc(OC)cc1,train,train,test,1,1,0.33802816,0.33802816,0.33802816
O=C(O)c1ccccc1Nc1ncnc(Nc2cccc(F)c2)n1,train,train,train,1,1,0.75555557,0.75555557,0.7346939
Nc1ncc(-c2ccoc2)c2scc(-c3ccc(NC(=O)Nc4ccccc4F)cc3)c12,train,train,test,1,1,0.6142857,0.6142857,0.5135135
COc1c(-c2nc3ccccc3[nH]2)c(O)cc2oc(C)cc(=O)c12,train,train,train,1,1,0.30769232,0.30769232,0.30769232
CC(C)(O)c1cn(-c2ccc3[nH]ncc3c2)nn1,train,train,test,1,1,0.59183675,0.59183675,0.59183675
Cc1ccc(-c2cc(-c3cc(Br)ccc3O)[nH]c(=O)c2C#N)s1,train,train,train,1,1,0.26666668,0.26666668,0.26666668
CC(C)(O)CNc1cc(-c2c[nH]c3ncccc23)cc(Cl)n1,train,train,train,1,1,0.82,0.82,0.82
CS(=O)(=O)c1ccc(-c2cncc3sc(C(N)=O)cc23)cc1,train,train,train,1,1,0.78723407,0.78723407,0.78723407
Clc1cc(-c2c[nH]c3ncccc23)ncn1,train,train,train,1,1,0.6511628,0.6511628,0.6511628
COc1ccc(OC)c(NC(=O)c2cnn3c(-c4ccccc4)ccnc23)c1,test,test,train,1,1,0.8148148,0.8148148,0.7288136
NC(=O)c1cccc2[nH]c(-c3ccc(NC(=O)c4cccc(S(=O)(=O)N5CCOCC5)c4)cc3)nc12,train,train,train,1,1,0.45454547,0.45454547,0.45454547
NC(=O)c1cc2c(-c3cccc(F)c3)cncc2s1,train,train,test,1,1,0.6956522,0.6956522,0.79545456
NC(=O)c1cccc2[nH]c(-c3ccncc3)nc12,train,train,train,1,1,0.5555556,0.5555556,0.5555556
Nc1cc(-c2c[nH]c3ncccc23)cc(Cl)n1,train,train,train,1,1,0.6530612,0.6530612,0.6530612
O=C(NCC1CCCCC1)c1cc2c(-c3ccccc3)n[nH]c2s1,train,train,train,1,1,0.58064514,0.58064514,0.58064514
CCS(=O)(=O)c1ccc(-c2cncc3sc(C(N)=O)cc23)cc1,train,train,train,1,1,0.78723407,0.78723407,0.78723407
CC1=NN(c2ccc(Cl)c(Cl)c2)C(=O)C1=Cc1c(C)c(C#N)c2nc3ccccc3n2c1O,train,train,train,1,1,0.8125,0.8125,0.8125
NC(COc1cncc(C=Cc2ccncc2)c1)Cc1c[nH]c2ccccc12,train,train,test,1,1,0.7894737,0.7894737,0.6727273
CS(=O)(=O)NC1CCC(Nc2cc(Cl)nc(-c3c[nH]c4ncccc34)n2)CC1,train,train,test,1,1,0.75,0.75,0.75
O=C(NC(CO)c1ccccc1)N1CC=C(c2c[nH]c3ncccc23)CC1,train,train,train,1,1,0.64285713,0.64285713,0.64285713
NCCn1cc(-c2cc(-c3cc4ccccc4s3)c3[nH]ncc3c2)c2nc(N)ncc21,train,train,train,1,1,0.8125,0.8125,0.8125
CC(=O)c1ccccc1-c1ncnc2[nH]ccc12,train,train,train,1,1,0.42,0.42,0.3846154
CN1CCN(Cc2ccc3c(c2)-c2n[nH]c(=O)c4cccc(c24)O3)CC1,test,test,train,1,1,0.3068182,0.3068182,0.3068182
CC(=O)N(c1ccncc1)c1c(NC(C)C(C)(C)C)c(=O)c1=O,train,train,test,1,1,0.5652174,0.5652174,0.35384616
CN1CCC1COc1cncc(CCc2ccncc2)c1,test,test,test,1,1,0.2982456,0.2982456,0.2982456
Cc1n[nH]c2ccc(-c3cncc(OCC(N)Cc4cccc(Cl)c4)c3)cc12,test,test,test,1,1,0.7966102,0.7966102,0.80701756
CCCc1cc(-c2ccc3[nH]ncc3c2)on1,train,train,train,1,1,0.7209302,0.7209302,0.7209302
Cc1n[nH]c2ccc(-c3cncc(OCC(N)Cc4c[nH]c5ccccc45)c3)cc12,train,train,test,1,1,0.72131145,0.72131145,0.75
Nc1ncc(-c2cnn(CCO)c2)c2scc(-c3ccc(NC(=O)Nc4ccc(OC(F)F)cc4)cc3)c12,train,train,train,1,1,0.6849315,0.6849315,0.6849315
NC1CCC(Nc2nc(Cl)cc(-c3c[nH]c4ncccc34)n2)CC1,train,train,test,1,1,0.8269231,0.8269231,0.8269231
Cc1cccc(Nc2nccc(Nc3c(NC(C)C(C)(C)C)c(=O)c3=O)n2)c1,train,train,train,1,1,0.6896552,0.6896552,0.46774194
O=c1nc(-c2ccc3[nH]ncc3c2)cc(-c2ccccc2)[nH]1,test,test,train,1,1,0.47826087,0.47826087,0.47826087
O=C1NCc2c1cccc2-c1ccc(Nc2nc3ccccc3[nH]2)cc1,train,train,train,1,1,0.6181818,0.6181818,0.45
Cc1nn(C)c2sc3c(=O)[nH]cnc3c12,train,train,train,1,1,0.46666667,0.46666667,0.46666667
CC(=O)Nc1ccc(-n2nc3ccc(N)nc3n2)cc1,train,train,train,1,1,0.25396827,0.25396827,0.24590164
Nc1nnc2ccc(-c3ccccc3)cn12,train,train,test,1,1,0.5,0.5,0.5
CCOC(=O)c1ccc2[nH]c3c(c2c1)CCNC3=O,train,train,train,1,1,0.3283582,0.3283582,0.3283582
Cc1cccc(NC(=O)Nc2ccc(-c3cccc4c3CNC4=O)cc2)c1,train,train,train,1,1,0.7916667,0.7916667,0.7916667
CN1CCC(NC(=O)c2cc3c(-c4ccccc4)n[nH]c3s2)CC1,test,test,test,1,1,0.5833333,0.5833333,0.5833333
O=S(=O)(Nc1ccc2c(c1)C(=NO)c1ccccc1-2)c1cccc(Br)c1,train,train,train,1,1,0.27118644,0.27118644,0.25757575
Clc1cc(-c2c[nH]c3ncccc23)cc(NCc2ccccc2)n1,train,train,train,1,1,0.71153843,0.71153843,0.71153843
COc1cc(OC)c(Nc2ccc3nnc(-c4ccccc4)n3n2)cc1Cl,train,train,train,1,1,0.7169811,0.7169811,0.7169811
Nc1ncnc2sccc12,train,train,test,1,1,0.4117647,0.4117647,0.4117647
c1ccc(Cc2cn(-c3ccc4[nH]ncc4c3)nn2)cc1,test,test,train,1,1,0.6666667,0.6666667,0.6666667
COc1cccc(C=C2SC(=Nc3ccccc3)NC2=O)c1,test,test,train,1,1,0.72,0.72,0.72
Cc1ccc2c(Nc3cc(OCc4ccccc4Br)ccc3Sc3ccc(O)cc3)ncnc2n1,train,train,train,1,1,0.2345679,0.2345679,0.2345679
Nc1ncnc2scc(C(=O)Nc3ccc(NC(=O)Nc4ccccc4)cc3)c12,train,train,train,1,1,0.78,0.78,0.78
Cc1n[nH]c2ncc(C#N)c(-c3ccccc3)c12,test,test,train,1,1,0.30612245,0.30612245,0.30612245
CSc1ccc2nc3c(c(Cl)c2c1)CCNC3=O,train,train,train,1,1,0.28125,0.28125,0.28125
CN(C)CC(=O)NC(COc1cncc(-c2ccc3cnccc3c2)c1)Cc1c[nH]c2ccccc12,train,train,train,1,1,0.65753424,0.65753424,0.65753424
O=C(O)c1ccccc1Nc1ccnc(Nc2ccc3[nH]ncc3c2)n1,train,train,train,1,1,0.8490566,0.8490566,0.8490566
N#CC1=C(c2ccccc2)CC(c2ccc(Cl)cc2)C(C(=O)c2ccccc2)C1=O,train,train,train,1,1,0.24657534,0.24657534,0.24657534
c1cnc2[nH]cc(-c3ccnc(NC4CCCCC4)n3)c2c1,train,train,train,1,1,0.74,0.74,0.80851066
Nc1nccc2scc(-c3ccc(NC(=O)Nc4cccc(Cl)c4)cc3)c12,test,test,train,1,1,0.7924528,0.7924528,0.7924528
O=C1NCCc2[nH]c(-c3ccnc(-c4ccccc4F)c3)cc21,train,train,train,1,1,0.6363636,0.6363636,0.6
O=C1NC(=O)c2c1c(-c1ccccc1Cl)cc1[nH]c3ccc(O)cc3c21,train,train,train,1,1,0.3448276,0.3448276,0.3448276
Cc1nnc(-c2cc3c(Oc4ccc(C(F)(F)F)cc4)cncc3s2)o1,train,train,train,1,1,0.6034483,0.6034483,0.6034483
FC(F)(F)c1ccc(-c2nnc3ccc(NC4CCCCC4)nn23)cc1,train,train,train,1,1,0.7755102,0.7755102,0.7755102
CN1CCCN(C(=O)c2cccc(-c3ccc(/C=C4/C(=O)Nc5ccc(Cl)cc54)o3)c2)CC1,train,train,train,1,1,0.2682927,0.2682927,0.2682927
O=C1NC(=O)/C(=C/c2cccc(C(F)(F)F)c2)S1,train,train,train,1,1,0.37037036,0.37037036,0.47916666
CC(C)(C)Nc1c(Nc2ccnc(Nc3ccc(-c4ccncc4)cc3)n2)c(=O)c1=O,train,train,train,1,1,0.47619048,0.47619048,0.46774194
O=C(Nc1c[nH]c2ncccc12)c1cnn2ccc(NCC3(F)CCNCC3)nc12,train,train,train,1,1,0.72602737,0.72602737,0.72602737
O=C(Nc1c[nH]c2ncc(-c3c(F)cccc3F)cc12)c1cnn2ccc(OCC3CCNCC3)nc12,train,train,train,1,1,0.78205127,0.78205127,0.78205127
O=C(Nc1c[nH]c2ncc(-c3c(F)cccc3F)cc12)c1cnn2ccc(CCC3CCNCC3)nc12,train,train,train,1,1,0.78205127,0.78205127,0.78205127
O=C(Nc1c[nH]c2ccc(-c3c(F)cccc3F)nc12)c1cnn2ccc(NCC3CCNCC3)nc12,train,train,train,1,1,0.6296296,0.6296296,0.7721519
O=C(Nc1c[nH]c2ccc(-c3c(F)cccc3F)cc12)c1cnn2ccc(NCC3CCNCC3)nc12,test,test,train,1,1,0.7721519,0.7721519,0.7721519
O=C(Nc1c[nH]c2ncccc12)c1cnn2ccc(NCC3CCNCC3)nc12,train,train,train,1,1,0.72602737,0.72602737,0.72602737
O=C(Nc1c[nH]c2ncccc12)c1cnn2ccc(NCCc3ccccc3)nc12,test,test,train,1,1,0.69014084,0.69014084,0.69014084
N#Cc1ccc(Cc2cc(O)n3ncc(C(=O)Nc4c[nH]c5ncccc45)c3n2)cc1,train,train,train,1,1,0.64285713,0.64285713,0.4814815
N#Cc1ccc(Cc2cc(O)n3ncc(C(=O)Nc4ccc(F)cc4)c3n2)cc1,train,train,test,1,1,0.64285713,0.64285713,0.64285713
O=C(Nc1ccc(F)cc1)c1cnn2c(O)cc(C3CCNCC3)nc12,train,train,train,1,1,0.5692308,0.5692308,0.35632184
Nc1ccc(-c2ccccc2C(F)(F)F)nc1C(=O)Nc1cnccc1N1CCC[C@H](N)C1,train,train,train,4,4,0.8088235,0.8088235,0.5857143
Nc1nccc(-c2ccc(N)c(C(=O)Nc3cnccc3N3CCC[C@H](N)C3)n2)n1,train,train,test,4,4,0.7205882,0.7205882,0.69014084
Nc1ccc(Oc2ccccc2)nc1C(=O)Nc1cnccc1N1CCC[C@H](N)C1,train,train,test,4,4,0.6857143,0.6857143,0.65753424
N[C@@H]1CCCN(c2c(/C=C3\SC(=O)NC3=O)cccc2-c2ccccc2)C1,train,train,test,1,1,0.32941177,0.32941177,0.32941177
CN1CCC(CNc2ccc3ncc(-c4cccc(OC(F)(F)F)c4)n3n2)CC1,train,train,train,1,1,0.53521127,0.53521127,0.53521127
Nc1cccnc1C(=O)Nc1cnccc1N1CCC[C@H](N)C1,test,test,test,4,4,0.71428573,0.71428573,0.7818182
Nc1nccnc1C(=O)Nc1cnccc1N1CCC[C@H](N)C1,test,test,train,4,4,0.8181818,0.8181818,0.8181818
NCC1CCCN(c2ccncc2NC(=O)c2nccnc2N)C1,train,train,train,4,4,0.7090909,0.7090909,0.8181818
NCCC(=O)N1CCN(c2ccncc2NC(=O)c2nccnc2N)CC1,train,train,train,4,4,0.8490566,0.8490566,0.8490566
NCC(=O)N1CCN(c2ccncc2NC(=O)c2nccnc2N)CC1,train,train,train,4,4,0.8490566,0.8490566,0.8490566
Nc1nccnc1C(=O)Nc1cnccc1N1CCNCC1,train,train,train,4,4,0.7916667,0.7916667,0.7090909
Nc1nccnc1C(=O)Nc1cnccc1N1CCCCC1,train,train,test,4,4,0.7916667,0.7916667,0.7916667
CC(=O)Nc1nc(C(=O)Nc2cnc(N)cc2N2CCCCC2)cs1,train,train,train,1,1,0.6964286,0.6964286,0.7037037
CC(=O)Nc1nc(C(=O)Nc2cnccc2N2CCCCC2)cs1,train,train,train,1,1,0.84313726,0.84313726,0.84313726
CC(=O)Nc1nc(C(=O)Nc2ccncc2N2CCCCC2)cs1,train,train,train,1,1,0.84313726,0.84313726,0.84313726
Nc1cccc(C(=O)Nc2ccccc2N2CCCCC2)n1,train,train,train,4,4,0.6122449,0.6122449,0.6122449
O=C(Nc1ccccc1N1CCCCC1)c1ncccc1O,test,test,train,4,4,0.79545456,0.79545456,0.73333335
Nc1cccnc1C(=O)Nc1ccccc1N1CCCCC1,train,train,test,4,4,0.58,0.58,0.79545456
Nc1nccnc1C(=O)Nc1ccccc1N1CCCCC1,test,test,train,4,4,0.76086956,0.76086956,0.73333335
CC(=O)Nc1nc(C(=O)Nc2ccccc2N2CCCCC2)cs1,test,test,train,1,1,0.75,0.75,0.75
O=C(Nc1ccccc1N1CCCCC1)c1cscn1,train,train,train,1,1,0.6122449,0.6122449,0.61538464
c1cncc(-c2cc3cn[nH]c3cn2)c1,test,test,test,0,0,0.61538464,0.61538464,0.61538464
O=C(Nc1cn[nH]c1)c1cccnc1,train,train,train,1,1,0.3653846,0.3653846,0.3653846
Cc1n[nH]c2cnc(-c3cccnc3)cc12,test,test,test,0,0,0.7777778,0.7777778,0.7777778
Cc1c[nH]c2cnc(-c3cccnc3)cc12,train,train,train,0,0,0.6097561,0.6097561,0.6097561
Cc1n[nH]c2cnc(-c3cn[nH]c3)cc12,train,train,train,0,0,0.6756757,0.6756757,0.6756757
Cc1n[nH]c2ccc(-c3cn[nH]c3)cc12,train,train,train,1,1,0.6756757,0.6756757,0.6756757
c1ccc(-c2n[nH]c3cnc(-c4cccnc4)cc23)cc1,train,train,train,0,0,0.88235295,0.88235295,0.88235295
c1ccc(-c2n[nH]c3cnc(-c4cccnc4)cc23)nc1,train,train,train,0,0,0.7948718,0.7948718,0.7948718
Cc1n[nH]c2cnc(-c3cncc(N4CCC(N)CC4)n3)cc12,test,test,test,0,0,0.7222222,0.7222222,0.7222222
NC1CCN(c2cncc(-c3cc4c(-c5ccccc5F)n[nH]c4cn3)n2)CC1,train,train,train,0,0,0.7258065,0.7258065,0.7258065
NCCNc1cccc(-c2n[nH]c3cnc(-c4cccnc4)cc23)n1,train,train,train,0,0,0.8867925,0.8867925,0.8867925
c1cncc(-c2cc3c(-c4cccc(N5CCNCC5)n4)n[nH]c3cn2)c1,test,test,train,0,0,0.9245283,0.9245283,0.9245283
Cc1cncc(-c2cc3c(-c4cccc(N5CCNCC5)n4)n[nH]c3cn2)c1,train,train,test,0,0,0.78333336,0.78333336,0.78333336
Cc1cncc(-c2cc3c(-c4cccc(N5CCNCC5)n4)n[nH]c3cn2)n1,train,train,train,0,0,0.7586207,0.7586207,0.7413793
CCn1cncc(-c2cc3c(-c4cccc(N5CCNCC5)n4)n[nH]c3cn2)c1=O,test,test,test,0,0,0.63380283,0.63380283,0.6363636
Cn1cc(-c2cc3c(-c4cccc(N5CCNCC5)n4)n[nH]c3cn2)cn1,train,train,train,0,0,0.92727274,0.92727274,0.92727274
N#CCn1cc(-c2cc3c(-c4cccc(N5CCNCC5)n4)n[nH]c3cn2)cn1,train,train,train,0,0,0.7936508,0.7936508,0.7936508
c1cc(-c2n[nH]c3cnc(-c4cnn(CC5CC5)c4)cc23)nc(N2CCNCC2)c1,train,train,train,0,0,0.859375,0.859375,0.7936508
c1cc(-c2n[nH]c3cnc(-n4ccnc4)cc23)nc(N2CCNCC2)c1,train,train,train,0,0,0.8333333,0.8333333,0.8333333
NC(=O)Cc1cc2c(-c3cccc(N4CCNCC4)n3)n[nH]c2cn1,train,train,train,0,0,0.704918,0.704918,0.704918
NC(=O)Nc1cc2c(-c3cccc(N4CCNCC4)n3)n[nH]c2cn1,train,train,train,0,0,0.704918,0.704918,0.71875
CN1C(=O)CN(c2cc3c(-c4cccc(N5CCNCC5)n4)n[nH]c3cn2)C1=O,train,train,train,0,0,0.7627119,0.7627119,0.7627119
c1cc(-c2n[nH]c3cnc(C4CCCO4)cc23)nc(N2CCNCC2)c1,train,train,train,0,0,0.76666665,0.76666665,0.76666665
c1cc(-c2n[nH]c3cnc(C4CCCOC4)cc23)nc(N2CCNCC2)c1,train,train,train,0,0,0.8947368,0.8947368,0.8947368
O=C1CN(c2cc3c(-c4cccc(N5CCNCC5)n4)n[nH]c3cn2)CCN1,train,train,train,0,0,0.7627119,0.7627119,0.7627119
c1cc(-c2n[nH]c3cnc(N4CCOCC4)cc23)nc(N2CCNCC2)c1,train,train,train,0,0,0.73214287,0.73214287,0.73214287
Cn1cc(-c2cc3c(-c4ccccn4)n[nH]c3cn2)cn1,train,train,train,0,0,0.79545456,0.79545456,0.79545456
Cn1cc(-c2cc3c(-c4cccc(N5CCCNCC5)n4)n[nH]c3cn2)cn1,train,train,train,0,0,0.92727274,0.92727274,0.92727274
Cn1cc(-c2cc3c(-c4cccc(C5CCNCC5)n4)n[nH]c3cn2)cn1,test,test,test,0,0,0.78571427,0.78571427,0.78431374
Cn1cc(-c2cc3c(-c4cccc(O[C@@H]5CCCNC5)n4)n[nH]c3cn2)cn1,train,train,train,0,0,0.6231884,0.6231884,0.65
Cn1cc(-c2cc3c(-c4cccc(N5CC[C@@H](N)C5)n4)n[nH]c3cn2)cn1,test,test,test,0,0,0.8965517,0.8965517,0.8965517
Cn1cc(-c2cc3c(-c4cccc(N5CCC[C@@H](N)C5)c4)n[nH]c3cn2)cn1,test,test,test,0,0,0.7164179,0.7164179,0.7164179
Cc1ccc(-c2n[nH]c3cnc(-c4cnn(C)c4)cc23)nc1N1CCC[C@H](N)C1,train,train,train,0,0,0.7941176,0.7941176,0.8181818
CCn1cc(-c2cc3c(-c4cccc(N5CCNCC5)n4)n[nH]c3cn2)cn1,train,train,train,0,0,0.9322034,0.9322034,0.9322034
Cn1ncc(NC(=O)c2nc(-c3c(F)cccc3F)sc2N)c1C1CCC(N)CC1,test,test,train,4,4,0.85,0.85,0.8360656
Cn1ncc(NC(=O)c2nc(-c3c(F)cccc3F)sc2N)c1OC1CCNCC1,train,train,train,4,4,0.78571427,0.78571427,0.78571427
CCn1ncc(NC(=O)c2nc(-c3ccccc3F)sc2N)c1N1CCC[C@@H](N)CC1,train,train,train,4,4,0.8309859,0.8309859,0.8309859
Cn1ncc(NC(=O)c2nc(-c3ccccc3F)ccc2N)c1N1CCC[C@@H](N)C1,train,train,train,4,4,0.90625,0.90625,0.90625
Nc1sc(-c2c(F)cccc2F)nc1C(=O)Nc1cnn(CCF)c1,train,train,train,4,4,0.75,0.75,0.53424656
Cn1ncc(NC(=O)c2nc(-c3ccccc3F)cnc2N)c1N1CCC(N)CC1,train,train,train,4,4,0.875,0.875,0.8333333
Cn1ncc(NC(=O)c2ccc(F)c(-c3c(F)cccc3F)n2)c1N1CCC[C@@H](N)CC1,train,train,train,4,4,0.6666667,0.6666667,0.6184211
CN1CCC(c2c(NC(=O)c3nc(-c4c(F)cccc4F)sc3N)cnn2C)CC1,test,test,train,4,4,0.85,0.85,0.8360656
Cn1ncc(NC(=O)c2nc(-c3c(F)cccc3F)sc2N)c1NCC1CCNCC1,train,train,test,4,4,0.7638889,0.7638889,0.7638889
Cn1ncc(NC(=O)c2nc(-c3ccccc3F)ccc2N)c1N1CC[C@@H](N)C1,train,train,train,4,4,0.90625,0.90625,0.90625
Cn1ncc(NC(=O)c2nc(-c3c(F)cccc3F)sc2N)c1OCC1CCNCC1,train,train,train,4,4,0.78571427,0.78571427,0.78571427
Cn1ncc(NC(=O)c2nc(-c3ccccc3F)cnc2N)c1N1CCC[C@H](N)C1,train,train,train,4,4,0.8333333,0.8333333,0.8333333
CN[C@H]1CCCN(c2c(NC(=O)c3nc(-c4c(F)cccc4F)sc3N)cnn2C)CC1,train,train,train,4,4,0.8428571,0.8428571,0.8507463
Nc1sc(-c2c(F)cccc2F)nc1C(=O)Nc1cn[nH]c1N1CCC[C@H](N)C1,train,train,test,4,4,0.7285714,0.7285714,0.7285714
Cn1ncc(NC(=O)c2nc(-c3c(F)cccc3F)sc2N)c1C1CCNCC1,train,train,train,4,4,0.8360656,0.8360656,0.82258064
Cn1ncc(NC(=O)c2nc(Cl)cnc2N)c1N1CCC[C@H](N)C1,train,train,train,4,4,0.6956522,0.6956522,0.8135593
Cn1ncc(NC(=O)c2cncc(-c3ccccc3F)n2)c1N1CCC[C@H](N)CC1,train,train,test,4,4,0.7,0.7,0.7
Cn1cc(NC(=O)c2nc(-c3c(F)cccc3F)sc2N)cn1,train,train,test,4,4,0.75,0.75,0.75
Cn1ncc(NC(=O)c2nc(Br)cnc2N)c1N1CCC[C@H](N)C1,test,test,train,4,4,0.8135593,0.8135593,0.8135593
Cn1ncc(NC(=O)c2nc(-c3ccccc3F)ccc2N)c1OC1CCNCC1,train,train,test,4,4,0.6712329,0.6712329,0.6712329
Cn1ncc(NC(=O)c2nc(-c3c(F)cccc3F)sc2N)c1N1CC[C@H](CN)C1,train,train,train,4,4,0.8,0.8,0.8
Cn1ncc(NC(=O)c2nc(-c3ccccc3F)sc2N)c1N1CCC[C@H](N)C1,train,train,train,4,4,0.7714286,0.7714286,0.7714286
Cn1ncc(NC(=O)c2nc(-c3ccccc3)ccc2N)c1N1CCC(N)CC1,train,train,train,4,4,0.7121212,0.7121212,0.7121212
Cn1ncc(NC(=O)c2nc(-c3ccccc3F)ccc2N)c1N1CCC[C@H](CN)C1,train,train,train,4,4,0.8405797,0.8405797,0.8405797
Nc1ccc(C2CCCCC2)nc1C(=O)Nc1cnccc1[C@@H]1CCC[C@H](N)C1,train,train,train,4,4,0.47297296,0.47297296,0.4375
Nc1ccc(-c2ccccc2F)nc1C(=O)Nc1cnccc1-c1ccncc1,train,train,test,4,4,0.76785713,0.76785713,0.8181818
Nc1ccc(-c2ccncc2NC(=O)c2nc(-c3ccccc3F)ccc2N)cn1,test,test,train,4,4,0.8181818,0.8181818,0.7457627
Nc1ccc(-c2c(F)cccc2F)nc1C(=O)Nc1cnccc1-c1cccnc1N,test,test,train,4,4,0.73333335,0.73333335,0.73333335
Nc1cncc(-c2ccncc2NC(=O)c2nc(-c3ccccc3F)ccc2N)n1,train,train,train,4,4,0.76785713,0.76785713,0.7627119
Nc1cc(-c2ccncc2NC(=O)c2nc(-c3c(F)cccc3F)ccc2N)ccn1,train,train,test,4,4,0.73770493,0.73770493,0.7704918
Nc1cc(-c2ccncc2NC(=O)c2nc(-c3c(F)cccc3F)ccc2N)ncn1,test,test,train,4,4,0.7704918,0.7704918,0.73770493
Nc1nccc(-c2ccncc2NC(=O)c2nc(-c3c(F)cccc3F)ccc2N)n1,train,train,train,4,4,0.73770493,0.73770493,0.73770493
Nc1cc(-c2ccncc2NC(=O)c2nc(-c3ccccc3F)ccc2N)nc(N)n1,train,train,train,4,4,0.7627119,0.7627119,0.7627119
CNCC1CCN(c2c(NC(=O)c3nc(-c4c(F)cccc4F)sc3N)cnn2C)CC1,train,train,train,4,4,0.8,0.8,0.8
Cc1ccc(F)c(-c2nc(C(=O)Nc3cnn(C)c3N3CCNCC(F)(F)C3)c(N)s2)c1,train,train,test,4,4,0.7,0.7,0.8767123
Cn1ncc(NC(=O)c2nc(-c3cc(F)ccc3F)sc2N)c1N1CCNCC(F)(F)C1,test,test,train,4,4,0.8767123,0.8767123,0.70886075
CN[C@@H]1CCCN(c2c(NC(=O)c3nc(-c4c(F)cccc4F)sc3N)cnn2CC(F)F)CC1,train,train,train,4,4,0.7916667,0.7916667,0.8472222
CN[C@@H]1CCCN(c2c(NC(=O)c3nc(-c4cc(F)ccc4F)sc3N)cnn2CC(F)F)CC1,train,train,train,4,4,0.85333335,0.85333335,0.85333335
Nc1sc(-c2c(F)cccc2F)nc1C(=O)Nc1cnn(CC(F)F)c1N1CCCC(O)CC1,test,test,train,4,4,0.8472222,0.8472222,0.8472222
Cc1ccc(F)c(-c2nc(C(=O)Nc3cnn(CC(F)F)c3N3CCCC(O)CC3)c(N)s2)c1,train,train,train,4,4,0.7625,0.7625,0.77922076
CC[C@H]1CNCCN1c1c(NC(=O)c2nc(-c3c(F)cccc3F)sc2N)cnn1C,train,train,train,4,4,0.71794873,0.71794873,0.71794873
CC[C@@H]1CNCCN1/C(=N/C)C(C=N)NC(=O)c1nc(-c2c(F)cccc2F)sc1N,train,train,train,4,4,0.60714287,0.60714287,0.60714287
Cn1ncc(NC(=O)c2nc(-c3c(F)ccc(C4CC4)c3F)sc2N)c1N1CCC[C@@H](N)CC1,train,train,train,4,4,0.85915494,0.85915494,0.85915494
Cc1ccc(F)c(-c2nc(C(=O)Nc3cnn(C)c3N3CCC[C@@H](N)CC3)c(N)s2)c1F,train,train,train,4,4,0.85915494,0.85915494,0.85915494
N=CC(NC(=O)c1nc(-c2cc(F)ccc2F)sc1N)/C(=N\CC(F)F)N1CCCC(O)CC1,train,train,train,4,4,0.50537634,0.50537634,0.55813956
Cn1ncc(NC(=O)c2nc(-c3c(F)cccc3F)sc2N)c1N1CCC2(CCNC2)CC1,train,train,train,4,4,0.8955224,0.8955224,0.85507244
Nc1sc(-c2cc(F)ccc2F)nc1C(=O)Nc1cnn(CC(F)F)c1N1CCC[C@@H](N)CC1,train,train,train,4,4,0.85333335,0.85333335,0.85333335
Cn1ncc(NC(=O)c2nc(-c3ccccn3)sc2N)c1N1CCNCC(F)(F)C1,train,train,train,4,4,0.7,0.7,0.70886075
C/N=C(\C(C=N)NC(=O)c1nc(-c2ccccc2F)sc1N)N1CC[C@@H](N)[C@H](F)CC1,test,test,train,4,4,0.55813956,0.55813956,0.55813956
Cn1ncc(NC(=O)c2nc(-c3ccccc3F)cnc2N)c1N1CCC(N)C(F)CC1,train,train,test,4,4,0.875,0.875,0.875
Cn1ncc(NC(=O)c2nc(-c3ccccc3F)ccc2N)c1N1CCC(N)C(F)CC1,train,train,train,4,4,0.8235294,0.8235294,0.8208955
Cn1ncc(NC(=O)c2nc(-c3c(F)cccc3F)sc2N)c1N1CCC(N)CC(C)(O)C1,train,train,train,4,4,0.80263156,0.80263156,0.80263156
Cn1ncc(NC(=O)c2nc(-c3c(F)cccc3F)sc2N)c1N1CCC(O)CC(F)C1,train,train,train,4,4,0.7714286,0.7714286,0.7887324
Cn1ncc(NC(=O)c2nc(-c3ccccc3F)sc2N)c1N1CC[C@H](N)CC(F)(F)C1,train,train,train,4,4,0.7631579,0.7631579,0.7631579
C[C@H]1CN(c2c(NC(=O)c3nc(-c4c(F)cccc4F)sc3N)cnn2CC(F)(F)F)CCN1,test,test,train,4,4,0.7532467,0.7532467,0.7532467
Nc1sc(-c2c(F)cccc2F)nc1C(=O)Nc1cnn(CC(F)(F)F)c1N1CCCCC(N)C1,train,train,train,4,4,0.64102566,0.64102566,0.7532467
Cn1ncc(NC(=O)c2nc(-c3c(F)cccc3F)sc2N)c1N1CCNCC2(CC2)C1,train,train,train,4,4,0.8695652,0.8695652,0.8955224
COC1CC(N)CCN(c2c(NC(=O)c3nc(-c4c(F)cccc4F)sc3N)cnn2C)C1,train,train,train,4,4,0.75,0.75,0.75
Cn1ncc(NC(=O)c2nc(-c3c(F)cccc3F)sc2N)c1N1CCCCCC1=O,train,train,test,4,4,0.80597013,0.80597013,0.7941176
Cn1ncc(NC(=O)c2nc(-c3c(F)cccc3F)sc2N)c1N1CCNCCC1=O,train,train,test,4,4,0.80597013,0.80597013,0.7826087
COC1CCN(c2c(NC(=O)c3nc(-c4ccccn4)sc3N)cnn2C)CCC1N,test,test,test,4,4,0.7012987,0.7012987,0.7777778
COC1CCN(c2c(NC(=O)c3nc(-c4ncccc4F)sc3N)cnn2C)CCC1N,test,test,train,4,4,0.74025977,0.74025977,0.8194444
COC1CCN(c2c(NC(=O)c3nc(-c4ccccc4F)sc3N)cnn2C)CCC1N,test,test,train,4,4,0.8450704,0.8450704,0.8450704
COC1CCN(c2c(NC(=O)c3nc(-c4cc(C)ccc4F)sc3N)cnn2C)CCC1N,train,train,train,4,4,0.875,0.875,0.875
COC1CCN(c2c(NC(=O)c3nc(-c4cc(F)ccc4F)sc3N)cnn2C)CCC1N,train,train,train,4,4,0.875,0.875,0.875
Cc1ccc(F)c(-c2nc(C(=O)Nc3cnn(C4CC4)c3N3CCC(N)C(F)CC3)c(N)s2)c1,train,train,train,4,4,0.85714287,0.85714287,0.85714287
Nc1sc(-c2c(F)cccc2F)nc1C(=O)Nc1cnn(C2CC2)c1N1CCC(N)C(F)CC1,train,train,train,4,4,0.7746479,0.7746479,0.7746479
Cn1ncc(NC(=O)c2nc(-c3c(F)cccc3F)sc2N)c1N1CCC[C@H](NCC2(C)COC2)CC1,train,train,test,4,4,0.7948718,0.7948718,0.7948718
Cn1ncc(NC(=O)c2nc(-c3c(F)cccc3F)sc2N)c1N1CCC[C@H](NCCO)CC1,train,train,train,4,4,0.84931505,0.84931505,0.84931505
Cn1ncc(NC(=O)c2nc(-c3c(F)cccc3F)sc2N)c1N1CCC[C@H](N(CCO)CCO)CC1,train,train,train,4,4,0.79746836,0.79746836,0.79746836
Nc1sc(-c2cc(F)ccc2F)nc1C(=O)Nc1cnn(C2CC2)c1N1CCC(N)C(F)CC1,train,train,train,4,4,0.85714287,0.85714287,0.85714287
Cn1ncc(NC(=O)c2nc(-c3c(F)cccc3F)sc2N)c1N1CCOCCC1=O,test,test,train,4,4,0.7941176,0.7941176,0.6712329
Cn1ncc(NC(=O)c2nc(-c3c(F)cccc3F)sc2N)c1N1CC2CCC(C1)O2,train,train,train,4,4,0.8636364,0.8636364,0.8636364
Cn1ncc(NC(=O)c2nc(-c3c(F)cccc3F)sc2N)c1N1CCC[C@H](NCC2COC2)CC1,train,train,train,4,4,0.82894737,0.82894737,0.82894737
Cn1ncc(NC(=O)c2nc(-c3c(F)cccc3F)sc2N)c1N1CCC[C@H](N(CC2COC2)CC2COC2)CC1,train,train,train,4,4,0.79746836,0.79746836,0.79746836
Nc1sc(-c2c(F)cccc2F)nc1C(=O)Nc1cnn(C2CC2)c1N1CC[C@H](N)CC(F)(F)C1,test,test,train,4,4,0.74647886,0.74647886,0.74647886
Cn1ncc(NC(=O)c2nc(-c3c(F)cccc3F)sc2N)c1N1CC2CCC(C2)C1,train,train,train,4,4,0.8030303,0.8030303,0.8030303
Cn1ncc(NC(=O)c2nc(-c3c(F)cccc3F)sc2N)c1N1CCCS(=O)(=O)CC1,train,train,train,4,4,0.76811594,0.76811594,0.76811594
Cn1ncc(NC(=O)c2nc(-c3c(F)cccc3F)sc2N)c1N1CCCC2(CCCN2)CC1,test,test,train,4,4,0.7887324,0.7887324,0.7887324
COC1(C)CC(N)CCN(c2c(NC(=O)c3nc(-c4c(F)cccc4F)sc3N)cnn2C)C1,test,test,test,4,4,0.8783784,0.8783784,0.8783784
Cn1ncc(NC(=O)c2nc(-c3c(F)cccc3F)sc2N)c1N1CC2CNCC(C1)O2,train,train,train,4,4,0.8636364,0.8636364,0.8636364
Cn1ncc(NC(=O)c2nc(-c3c(F)cccc3F)sc2N)c1N1CCNCC(CO)C1,train,train,train,4,4,0.77922076,0.77922076,0.77922076
Cn1ncc(NC(=O)c2nc(-c3c(F)cccc3F)sc2N)c1N1CCC2(CNC2)C1,test,test,train,4,4,0.93939394,0.93939394,0.93939394
Cn1ncc(NC(=O)c2nc(-c3c(F)cccc3F)sc2N)c1N1CCC2(CCNC2=O)CC1,train,train,test,4,4,0.7638889,0.7638889,0.7638889
Cn1ncc(NC(=O)c2nc(-c3c(F)cccc3F)sc2N)c1N1CC2(CCNC2)C1,train,train,test,4,4,0.8955224,0.8955224,0.8955224
Cn1ncc(NC(=O)c2nc(-c3c(F)cccc3F)sc2N)c1N1CCCN(C2CNC2)CC1,train,train,train,4,4,0.73333335,0.73333335,0.7777778
Cn1ncc(NC(=O)c2nc(-c3c(F)cccc3F)sc2N)c1C1CCCCC(F)(F)C1,test,test,train,4,4,0.8153846,0.8153846,0.73913044
Cn1ncc(NC(=O)c2nc(-c3c(F)cccc3F)sc2N)c1N1CCC(O)CC(F)(F)C1,train,train,train,4,4,0.8472222,0.8472222,0.8472222
CCn1ncc(NC(=O)c2nc(-c3ccccc3F)sc2N)c1N1CCC(N)C(F)CC1,train,train,train,4,4,0.8333333,0.8333333,0.8309859
CC(=O)NC1(C)CCCN(c2c(NC(=O)c3nc(-c4c(F)cccc4F)sc3N)cnn2C)CC1,train,train,train,4,4,0.8356164,0.8356164,0.8356164
Cn1ncc(NC(=O)c2nc(-c3c(F)cccc3F)sc2N)c1N1CCNCC(C#N)C1,train,train,train,4,4,0.77922076,0.77922076,0.77922076
Cn1ncc(NC(=O)c2nc(-c3c(F)cccc3F)sc2N)c1C1CCCCCC1,train,train,test,4,4,0.8360656,0.8360656,0.85
CC(=O)NC1(C)CCCN(c2c(NC(=O)c3nc(-c4ncccc4F)sc3N)cnn2C)CC1,train,train,train,4,4,0.8356164,0.8356164,0.8356164
CCOC1CCN(c2c(NC(=O)c3nc(-c4c(F)cccc4F)sc3N)cnn2C)CCC1N,train,train,train,4,4,0.7808219,0.7808219,0.7808219
CCn1ncc(NC(=O)c2nc(-c3ccccc3F)sc2N)c1N1CCC(N)C(OC)CC1,train,train,test,4,4,0.8333333,0.8333333,0.8333333
Cn1ncc(NC(=O)c2nc(-c3cccc(=O)[nH]3)sc2N)c1N1CCC[C@H](N)CC1,train,train,train,4,4,0.7083333,0.7083333,0.7083333
Cn1ncc(NC(=O)c2nc(-c3c(F)cccc3F)sc2N)c1N1CCCN(C(=O)CN)CC1,train,train,train,4,4,0.8028169,0.8028169,0.8028169
Cn1ncc(NC(=O)c2nc(-c3c(F)cccc3F)sc2N)c1N1CCCN(CCN)CC1,train,train,train,4,4,0.8028169,0.8028169,0.8028169
Cn1ncc(NC(=O)c2nc(-c3c(F)cccc3F)sc2N)c1N1CCC2NCCOC2CC1,train,train,train,4,4,0.6923077,0.6923077,0.6923077
Cn1ncc(NC(=O)c2nc(-c3c(F)cccc3F)sc2N)c1N1CCCC(O)(C(F)(F)F)CC1,train,train,train,4,4,0.8,0.8,0.8
CNC1CCN(c2c(NC(=O)c3nc(-c4c(F)cccc4F)sc3N)cnn2C)CC(F)(F)C1,train,train,train,4,4,0.8472222,0.8472222,0.8472222
CO[C@H]1CC=C(c2c(NC(=O)c3nc(-c4c(F)cccc4F)sc3N)cnn2C)CC[C@@H]1N,train,train,train,4,4,0.67105263,0.67105263,0.67105263
Cn1ncc(NC(=O)c2nc(-c3c(F)cccc3F)sc2N)c1N1CCCC(C)(N)CC1,train,train,train,4,4,0.8636364,0.8636364,0.82608694
Cn1ncc(NC(=O)c2nc(-c3ccccc3F)sc2N)c1N1CCCC(C)(N)CC1,train,train,test,4,4,0.8636364,0.8636364,0.8636364
Cn1ncc(NC(=O)c2nc(-c3ccnc(F)c3)sc2N)c1N1CCC[C@H](N)CC1,test,test,train,4,4,0.7777778,0.7777778,0.7777778
COc1ncccc1-c1nc(C(=O)Nc2cnn(C)c2N2CCC[C@H](N)CC2)c(N)s1,train,train,train,4,4,0.7866667,0.7866667,0.7866667
Cn1cc(-c2nc(C(=O)Nc3cnn(C)c3N3CCC[C@H](N)CC3)c(N)s2)cn1,train,train,train,4,4,0.75714284,0.75714284,0.75714284
Cn1ncc(NC(=O)c2nc(-c3cncc(F)c3)sc2N)c1N1CCC[C@H](N)CC1,train,train,train,4,4,0.75714284,0.75714284,0.7777778
Cc1noc(C)c1-c1nc(C(=O)Nc2cnn(C)c2N2CCC[C@H](N)CC2)c(N)s1,train,train,train,4,4,0.739726,0.739726,0.739726
Cn1ncc(NC(=O)c2nc(-c3ccncc3F)sc2N)c1N1CC[C@H](N)[C@@H](F)CC1,test,test,train,4,4,0.7808219,0.7808219,0.8309859
COC1CCC2(c3c(NC(=O)c4nc(-c5ccccc5F)sc4N)cnn3C)CCC1N2,train,train,test,4,4,0.6419753,0.6419753,0.6923077
Cn1ncc(NC(=O)c2nc(-c3c(F)cccc3F)sc2N)c1N1CC[C@H](O)[C@@](C)(N)CC1,train,train,train,4,4,0.85507244,0.85507244,0.85507244
Cc1cnc(F)c(-c2nc(C(=O)Nc3cnn(C)c3N3CCC[C@H](N)CC3)c(N)s2)c1,train,train,train,4,4,0.7432432,0.7432432,0.7432432
COc1nccc(C)c1-c1nc(C(=O)Nc2cnn(C)c2N2CCC[C@H](N)CC2)c(N)s1,train,train,train,4,4,0.7866667,0.7866667,0.7866667
Cc1ccncc1-c1nc(C(=O)Nc2cnn(C)c2N2CC[C@@H](N)[C@H](F)CC2)c(N)s1,test,test,train,4,4,0.78571427,0.78571427,0.8309859
Cc1c(-c2nc(C(=O)Nc3cnn(C)c3N3CC[C@@H](N)[C@H](F)CC3)c(N)s2)cnn1C,train,train,train,4,4,0.79710144,0.79710144,0.79710144
Cc1ncccc1-c1nc(C(=O)Nc2cnn(C)c2N2CC[C@@H](N)[C@H](F)CC2)c(N)s1,train,train,train,4,4,0.7916667,0.7916667,0.7916667
Cc1cc(-c2nc(C(=O)Nc3cnn(C)c3N3CC[C@@H](N)[C@H](F)CC3)c(N)s2)ccn1,train,train,train,4,4,0.86567163,0.86567163,0.7361111
Cn1ncc(NC(=O)c2nc(-c3cccc(C#N)n3)sc2N)c1N1CC[C@@H](N)[C@H](F)CC1,train,train,train,4,4,0.7692308,0.7692308,0.7692308
Cc1nn(C)cc1-c1nc(C(=O)Nc2cnn(C)c2N2CC[C@@H](N)[C@H](F)CC2)c(N)s1,train,train,train,4,4,0.79710144,0.79710144,0.79710144
COC1(C)CC(N)CCN(c2c(NC(=O)c3nc(-c4c(F)cncc4F)sc3N)cnn2C)C1,train,train,train,4,4,0.82051283,0.82051283,0.82051283
COC1(C)CC(N)CCN(c2c(NC(=O)c3nc(-c4ccncc4F)sc3N)cnn2C)C1,train,train,train,4,4,0.82051283,0.82051283,0.82051283
Cn1ncc(NC(=O)c2nc(-c3cc(C#N)ccc3F)sc2N)c1N1CC[C@@H](N)[C@H](F)CC1,train,train,train,4,4,0.7468355,0.7468355,0.7532467
Cc1cc(-c2nc(C(=O)Nc3cnn(C)c3N3CC[C@@H](N)[C@H](F)CC3)c(N)s2)cc(C)n1,train,train,test,4,4,0.86567163,0.86567163,0.86567163
Cn1ncc(NC(=O)c2nc(-c3cncc(C#N)c3)sc2N)c1N1CC[C@@H](N)[C@H](F)CC1,train,train,test,4,4,0.7777778,0.7777778,0.7468355
Cc1cnc(C)c(-c2nc(C(=O)Nc3cnn(C)c3N3CC[C@@H](N)[C@H](F)CC3)c(N)s2)c1,train,train,train,4,4,0.79710144,0.79710144,0.79710144
Cn1ncc(NC(=O)c2nc(-c3c(F)cccc3F)sc2N)c1N1CCC(N)CC2(CCO2)C1,train,train,train,4,4,0.80263156,0.80263156,0.80263156
C=C1C[C@@H](N)CCN(c2c(NC(=O)c3nc(-c4c(F)cccc4F)sc3N)cnn2C)C1,train,train,train,4,4,0.76,0.76,0.76
CC1CC(N)CCN(c2c(NC(=O)c3nc(-c4c(F)cccc4F)sc3N)cnn2C)C1,test,test,test,4,4,0.82191783,0.82191783,0.82191783
Cn1ncc(NC(=O)c2nc(-c3c(F)cncc3F)sc2N)c1N1CC[C@H](N)CC(F)(F)C1,test,test,test,4,4,0.8108108,0.8108108,0.8108108
Cn1ncc(NC(=O)c2nc(-c3c(F)cccc3F)sc2N)c1C1CCC(N)CC(C)(O)C1,test,test,train,4,4,0.7605634,0.7605634,0.83076924
COC1(CN)CCN(c2c(NC(=O)c3nc(-c4c(F)cccc4F)sc3N)cnn2C)CC1,train,train,train,4,4,0.9402985,0.9402985,0.9402985
Cn1ncc(NC(=O)c2nc(-c3cccc(C#N)n3)sc2N)c1N1CC[C@@H](N)CC(F)(F)C1,train,train,train,4,4,0.7692308,0.7692308,0.7692308
Cc1nn(C)cc1-c1nc(C(=O)Nc2cnn(C)c2N2CC[C@@H](N)CC(F)(F)C2)c(N)s1,train,train,train,4,4,0.7631579,0.7631579,0.7631579
Cc1cc(-c2nc(C(=O)Nc3cnn(C)c3N3CC[C@@H](N)CC(F)(F)C3)c(N)s2)ccn1,train,train,test,4,4,0.7763158,0.7763158,0.7763158
Cn1ncc(NC(=O)c2nc(-c3c(F)cccc3F)sc2N)c1N1CCC(O)(CN)CC1,train,train,train,4,4,0.8235294,0.8235294,0.8235294
Cn1ncc(NC(=O)c2nc(-c3c(F)cccc3F)sc2N)c1N1CCC2(CC1)CNCCO2,train,train,test,4,4,0.79452056,0.79452056,0.79452056
COC1(C)CCN(c2c(NC(=O)c3nc(-c4c(F)cccc4F)sc3N)cnn2C)CCC1N,train,train,train,4,4,0.8055556,0.8055556,0.8055556
CC[C@H]1CN(c2c(NC(=O)c3nc(-c4c(F)cccc4F)sc3N)cnn2C)CC[C@@]1(CN)OC,test,test,train,4,4,0.7866667,0.7866667,0.7866667
Cn1ncc(NC(=O)c2nc(-c3c(F)cccc3F)sc2N)c1N1CCC(N)C2(CCO2)CC1,train,train,train,4,4,0.8055556,0.8055556,0.8055556
Cn1ncc(NC(=O)c2nc(-c3c(F)cccc3F)sc2N)c1N1C[C@H]2C[C@H](N)[C@@H](C1)O2,train,train,train,4,4,0.8,0.8,0.8
Cn1ncc(NC(=O)c2nc(-c3c(F)cccc3F)sc2N)c1N1CCC(N)C(O)(CCO)CC1,train,train,train,4,4,0.79452056,0.79452056,0.79452056
Cn1ncc(NC(=O)c2nc(-c3c(F)cccc3F)sc2N)c1N1CCCC2(CNC2)C1,train,train,train,4,4,0.8450704,0.8450704,0.93939394
Cn1ncc(NC(=O)c2nc(-c3c(F)cccc3F)sc2N)c1N1CC[C@@H]2OC(=O)N[C@]2(C)CC1,train,train,train,4,4,0.74025977,0.74025977,0.74025977
Cn1ncc(NC(=O)c2nc(-c3c(F)cccc3F)sc2N)c1N1CCC(N)C(C(F)F)CC1,train,train,train,4,4,0.7808219,0.7808219,0.7808219
Cn1ncc(NC(=O)c2nc(-c3c(F)cccc3F)sc2N)c1N1CCC(N)C(CO)CC1,test,test,test,4,4,0.8169014,0.8169014,0.8169014
CO[C@@H]1CCN(c2c(NC(=O)c3nc(-c4c(F)cccc4F)sc3N)cnn2C)CC2(CC2)[C@@H]1N,train,train,train,4,4,0.76623374,0.76623374,0.76623374
Cn1ncc(NC(=O)c2nc(-c3c(F)cccc3F)sc2N)c1N1CCC(F)C(C)(N)CC1,train,train,train,4,4,0.85507244,0.85507244,0.85507244
Cn1ncc(NC(=O)c2nc(-c3c(F)cccc3F)sc2N)c1N1CCCC(F)(CN)CC1,train,train,train,4,4,0.8082192,0.8082192,0.8082192
COC1(CN)CCCN(c2c(NC(=O)c3nc(-c4c(F)cccc4F)sc3N)cnn2C)CC1,train,train,train,4,4,0.9402985,0.9402985,0.9402985
Cc1n[nH]c2cnc(-c3ccn[nH]3)cc12,train,train,train,0,0,0.57894737,0.57894737,0.6216216
NC1CCN(Cc2n[nH]c3cnc(-c4cccnc4)cc23)CC1,train,train,train,0,0,0.6909091,0.6909091,0.6909091
NC1CCN(Cc2n[nH]c3cnc(-c4cn[nH]c4)cc23)CC1,train,train,train,0,0,0.6909091,0.6909091,0.6909091
c1cncc(-c2cc3c(CNC4CCNCC4)n[nH]c3cn2)c1,train,train,train,0,0,0.6551724,0.6551724,0.75
c1cncc(-c2cc3c(CNCC4CCNCC4)n[nH]c3cn2)c1,test,test,train,0,0,0.75,0.75,0.75
Cc1n[nH]c2cnc(-c3cnn(C4COC4)c3)cc12,train,train,train,0,0,0.65217394,0.65217394,0.5106383
Cc1n[nH]c2cnc(-c3cncnc3)cc12,train,train,train,0,0,0.6756757,0.6756757,0.6756757
Fc1ccccc1-c1n[nH]c2cnc(-c3cccnc3)cc12,test,test,train,0,0,0.79545456,0.79545456,0.79545456
Cc1n[nH]c2cnc(-c3cnccn3)cc12,test,test,train,0,0,0.6315789,0.6315789,0.6315789
Cc1n[nH]c2cnc(-c3cccc(F)c3)cc12,train,train,train,0,0,0.7,0.7,0.7
Cc1n[nH]c2cnc(-c3cncc(F)c3)cc12,train,train,train,0,0,0.7,0.7,0.7
NC(=O)c1cccc(-c2n[nH]c3cnc(-c4cccnc4)cc23)c1,test,test,test,0,0,0.82978725,0.82978725,0.82978725
FC(F)(F)c1cccc(-c2n[nH]c3cnc(-c4cccnc4)cc23)c1,train,train,test,0,0,0.71428573,0.71428573,0.71428573
Cc1n[nH]c2cnc(-c3cnn(C)c3)cc12,train,train,test,0,0,0.7631579,0.7631579,0.7631579
NC1CCN(c2ccncc2-c2cc3c(-c4ccccc4F)n[nH]c3cn2)CC1,train,train,train,0,0,0.9285714,0.9285714,0.8
Cn1cc(-c2cc3c(-c4ccccc4F)n[nH]c3cn2)cn1,test,test,train,0,0,0.7647059,0.7647059,0.7647059
NC[C@@H]1CCN(c2ccncc2-c2cc3c(-c4ccccc4F)n[nH]c3cn2)C1,train,train,train,0,0,0.8,0.8,0.9
Fc1cccc(-c2n[nH]c3cnc(-c4cccnc4)cc23)n1,train,train,test,0,0,0.71428573,0.71428573,0.71428573
O=c1cccc(-c2n[nH]c3cnc(-c4cccnc4)cc23)[nH]1,train,train,train,0,0,0.71428573,0.71428573,0.71428573
Cn1cc(-c2cc3c(-c4ccccc4)n[nH]c3cn2)cn1,train,train,train,0,0,0.82051283,0.82051283,0.82051283
N#CCc1n[nH]c2cnc(-c3cccnc3)cc12,train,train,train,0,0,0.6511628,0.6511628,0.6511628
Cn1cc(-c2cc3c(CC#N)n[nH]c3cn2)cn1,train,train,test,0,0,0.65909094,0.65909094,0.65909094
Fc1ccccc1-c1n[nH]c2cnc(-c3cn[nH]c3)cc12,test,test,train,0,0,0.70212764,0.70212764,0.72727275
c1ccc(-c2n[nH]c3cnc(-c4cn[nH]c4)cc23)cc1,test,test,train,0,0,0.7380952,0.7380952,0.7380952
Fc1ccccc1-c1n[nH]c2cnc(-c3cncnc3)cc12,train,train,train,0,0,0.71428573,0.71428573,0.79545456
NC1CCCN(c2ccncc2-c2cc3c(-c4ccccc4F)n[nH]c3cn2)CC1,train,train,test,0,0,0.9285714,0.9285714,0.9285714
NC[C@@H]1CCCN(c2ccncc2-c2cc3c(-c4ccccc4F)n[nH]c3cn2)C1,test,test,train,0,0,0.9,0.9,0.9
c1ccc(-c2n[nH]c3cnc(-n4cncn4)cc23)cc1,train,train,test,0,0,0.63829786,0.63829786,0.63829786
NC1CCN(c2cccc(-c3n[nH]c4cnc(-c5cccnc5)cc34)n2)CC1,train,train,train,0,0,0.8245614,0.8245614,0.8245614
N#CCc1n[nH]c2cnc(-c3cn[nH]c3)cc12,test,test,test,0,0,0.625,0.625,0.625
c1ccc(-c2n[nH]c3cnc(-n4ccnc4)cc23)cc1,train,train,train,0,0,0.63829786,0.63829786,0.6111111
c1ccc(-c2n[nH]c3cnc(-c4cncnc4)cc23)cc1,train,train,test,0,0,0.7837838,0.7837838,0.7837838
Fc1ccccc1-c1n[nH]c2cnc(-c3cnccc3OCC3CCNCC3)cc12,test,test,train,0,0,0.8360656,0.8360656,0.8360656
c1cncc(-c2cc3c(-c4cn[nH]c4)n[nH]c3cn2)c1,train,train,train,0,0,0.7692308,0.7692308,0.7692308
NC1CCN(c2cncc(-c3cc4c(-c5ccccc5F)n[nH]c4cn3)c2)CC1,train,train,train,0,0,0.9310345,0.9310345,0.9310345
NC1CCN(c2cncc(-c3n[nH]c4cnc(-c5cccnc5)cc34)c2)CC1,train,train,train,0,0,0.9245283,0.9245283,0.9245283
NCCNc1cc(-c2n[nH]c3cnc(-c4cccnc4)cc23)ccn1,test,test,train,0,0,0.7407407,0.7407407,0.7407407
NC1CCN(c2cc(-c3n[nH]c4cnc(-c5cccnc5)cc34)ccn2)CC1,train,train,train,0,0,0.8035714,0.8035714,0.8035714
Cn1cc(-c2cc3c(-c4cnn(C)c4)n[nH]c3cn2)cn1,train,train,train,0,0,0.82051283,0.82051283,0.82051283
NC[C@H]1CCN(c2cncc(-c3cc4c(-c5ccccc5F)n[nH]c4cn3)c2)C1,test,test,train,0,0,0.9166667,0.9166667,0.9166667
NCC1CCN(c2cncc(-c3n[nH]c4cnc(-c5cccnc5)cc34)c2)CC1,train,train,test,0,0,0.90909094,0.90909094,0.90909094
NC1CCCN(c2cncc(-c3cc4c(-c5ccccc5F)n[nH]c4cn3)c2)CC1,train,train,train,0,0,0.9310345,0.9310345,0.9310345
NCC1CCN(c2cncc(-c3cc4c(-c5ccccc5F)n[nH]c4cn3)c2)CC1,train,train,train,0,0,0.85,0.85,0.9166667
NC[C@H]1CCN(c2cncc(-c3n[nH]c4cnc(-c5cccnc5)cc34)c2)C1,train,train,train,0,0,0.90909094,0.90909094,0.7894737
NC1CCCN(c2cncc(-c3n[nH]c4cnc(-c5cccnc5)cc34)c2)CC1,train,train,train,0,0,0.9245283,0.9245283,0.9245283
c1cncc(-c2cc3c(-c4cncc(NC5CCNCC5)c4)n[nH]c3cn2)c1,train,train,train,0,0,0.7118644,0.7118644,0.7118644
Fc1ccccc1-c1n[nH]c2cnc(-c3cncc(NC4CCNCC4)c3)cc12,train,train,train,0,0,0.7118644,0.7118644,0.7118644
COc1ccc(F)c(-c2n[nH]c3cnc(-c4cnn(C)c4)cc23)c1,train,train,test,0,0,0.7592593,0.7592593,0.7592593
Cn1cc(-c2cc3c(-c4cccc(N5CCC(N)CC5)n4)n[nH]c3cn2)cn1,train,train,train,0,0,0.85,0.85,0.85
c1cncc(-c2cc3c(-c4cnn(C5CCNCC5)c4)n[nH]c3cn2)c1,train,train,train,0,0,0.7368421,0.7368421,0.7368421
c1cncc(-c2cc3c(-c4cccnc4)n[nH]c3cn2)c1,train,train,train,0,0,0.88235295,0.88235295,0.88235295
NC(=O)Cn1cc(-c2cc3c(-c4cccc(F)n4)n[nH]c3cn2)cn1,train,train,train,0,0,0.59322035,0.59322035,0.5555556
N[C@H]1CCCN(c2cncc(-c3cc4c(-c5ccccc5F)n[nH]c4cn3)c2)C1,test,test,train,0,0,0.87096775,0.87096775,0.87096775
Cn1cc(-c2cc3c(-c4cccc(N5CCC(CN)CC5)n4)n[nH]c3cn2)cn1,train,train,train,0,0,0.85,0.85,0.85
Cn1cc(-c2cc3c(-c4cccc(NCC5CCNCC5)n4)n[nH]c3cn2)cn1,train,train,train,0,0,0.7777778,0.7777778,0.6969697
Cn1cc(-c2cc3c(-c4cccc(-c5cnn(C)c5)n4)n[nH]c3cn2)cn1,test,test,train,0,0,0.7826087,0.7826087,0.7826087
c1ccc(-c2n[nH]c3cnc(-c4ccoc4)cc23)cc1,test,test,train,0,0,0.64285713,0.64285713,0.64285713
c1cncc(-c2cc3c(-c4cnn(CC5CCNCC5)c4)n[nH]c3cn2)c1,train,train,train,0,0,0.7118644,0.7118644,0.7118644
c1cncc(-c2cc3c(-c4cccc(N5CCCNCC5)n4)n[nH]c3cn2)c1,train,train,train,0,0,0.8363636,0.8363636,0.9245283
c1cncc(-c2cc3c(-c4cc[nH]n4)n[nH]c3cn2)c1,train,train,test,0,0,0.7692308,0.7692308,0.7692308
c1cncc(-c2cc3c(-c4ccncc4)n[nH]c3cn2)c1,train,train,test,0,0,0.8611111,0.8611111,0.8611111
Fc1ccccc1-c1n[nH]c2cnc(-c3cnccc3OC3CCNCC3)cc12,train,train,train,0,0,0.8214286,0.8214286,0.8214286
Fc1ccccc1-c1n[nH]c2cnc(-c3cnccc3OC3CNC3)cc12,train,train,train,0,0,0.8214286,0.8214286,0.8214286
Fc1ccccc1-c1n[nH]c2cnc(-c3cnccc3OCC3CCCNC3)cc12,train,train,train,0,0,0.7058824,0.7058824,0.8095238
Cn1cc(-c2cc3c(-c4cccc(NC5CCNCC5)n4)n[nH]c3cn2)cn1,train,train,test,0,0,0.81666666,0.81666666,0.81666666
Cc1ccc(F)c(-c2n[nH]c3cnc(-c4cnn(C)c4)cc23)c1,train,train,train,0,0,0.7592593,0.7592593,0.7647059
Fc1ccccc1-c1n[nH]c2cnc(-c3cnccc3NCC3CCNCC3)cc12,train,train,train,0,0,0.7121212,0.7121212,0.734375
Fc1cncc(-c2cc3c(-c4cccc(N5CCNCC5)n4)n[nH]c3cn2)c1,test,test,test,0,0,0.79310346,0.79310346,0.78333336
c1cc(-c2n[nH]c3cnc(C4CCOC4)cc23)nc(N2CCNCC2)c1,train,train,train,0,0,0.8947368,0.8947368,0.8947368
c1ccc(-c2n[nH]c3cnc(-c4cnccn4)cc23)cc1,train,train,train,0,0,0.7368421,0.7368421,0.7368421
c1cncc(-c2cc3c(-c4ccn(C5CCNCC5)n4)n[nH]c3cn2)c1,train,train,train,0,0,0.7368421,0.7368421,0.7368421
Cn1cc(-c2cc3c(-c4cccc(N5C[C@@H]6C[C@H]5CN6)n4)n[nH]c3cn2)cn1,train,train,train,0,0,0.64615387,0.64615387,0.67241377
Cn1cc(-c2cc3c(-c4cccc(NCCc5c[nH]cn5)n4)n[nH]c3cn2)cn1,train,train,train,0,0,0.72307694,0.72307694,0.72307694
Fc1ccccc1-c1n[nH]c2cnc(-c3cnc[nH]3)cc12,train,train,train,0,0,0.68085104,0.68085104,0.6666667
Fc1ccccc1-c1n[nH]c2cnc(-c3cnccn3)cc12,train,train,test,0,0,0.7111111,0.7111111,0.73333335
Fc1ccccc1-c1n[nH]c2cnc(-c3cnccc3OCCC3CCNCC3)cc12,train,train,train,0,0,0.7580645,0.7580645,0.8360656
Cn1cc(-c2n[nH]c3cnc(-c4cncc(N5CCC(N)CC5)n4)cc23)cn1,train,train,train,0,0,0.72131145,0.72131145,0.7457627
CN1CCN(c2cc3c(-c4cccc(N5CCNCC5)n4)n[nH]c3cn2)CC1=O,train,train,train,0,0,0.7627119,0.7627119,0.7627119
C1=C(c2n[nH]c3cnc(-c4cccnc4)cc23)CCC1,train,train,train,0,0,0.6976744,0.6976744,0.7058824
Cn1cc(-c2cc3c(-c4cccc(N5CCCCC(N)C5)n4)n[nH]c3cn2)cn1,train,train,train,0,0,0.8208955,0.8208955,0.7936508
c1cncc(-c2cc3c(C4CCCC4)n[nH]c3cn2)c1,train,train,train,0,0,0.6511628,0.6511628,0.6511628
NC(=O)C1(N)CCN(c2cccc(-c3n[nH]c4cnc(-c5cccnc5)cc34)n2)CC1,train,train,train,0,0,0.8153846,0.8153846,0.8153846
Cn1ccc(-c2n[nH]c3cnc(-c4cccnc4)cc23)n1,train,train,train,0,0,0.71428573,0.71428573,0.71428573
Cn1ccc(-c2n[nH]c3cnc(-c4cncc(N5CCC(N)CC5)n4)cc23)n1,test,test,train,0,0,0.7457627,0.7457627,0.7457627
N#CCc1cc2c(-c3cccc(N4CCNCC4)n3)n[nH]c2cn1,train,train,train,0,0,0.74545455,0.74545455,0.74545455
CNC(=O)C1(N)CCN(c2cccc(-c3n[nH]c4cnc(-c5cccnc5)cc34)n2)CC1,train,train,train,0,0,0.8153846,0.8153846,0.8153846
Nc1ncccc1-c1cc2c(-c3cccc(N4CCNCC4)n3)n[nH]c2cn1,train,train,train,0,0,0.6557377,0.6557377,0.69491524
N#Cc1cc(-c2n[nH]c3cnc(-c4cccnc4)cc23)cc(N2CCNCC2)c1,train,train,train,0,0,0.59090906,0.59090906,0.62903225
NC1CCN(c2nc(-c3n[nH]c4cnc(-c5cccnc5)cc34)ccc2Cl)CC1,train,train,train,0,0,0.8032787,0.8032787,0.8032787
Cc1ccc(-c2n[nH]c3cnc(-c4cccnc4)cc23)nc1N1CCC(N)CC1,train,train,train,0,0,0.8333333,0.8333333,0.8333333
Cn1cc(-c2cc3c(-c4cnn(CC(C)(C)O)c4)n[nH]c3cn2)cn1,train,train,train,0,0,0.7173913,0.7173913,0.7173913
Cn1cc(-c2cc3c(-c4cccc(N[C@H]5CC[C@@H](N)CC5)n4)n[nH]c3cn2)cn1,train,train,train,0,0,0.81666666,0.81666666,0.703125
c1cncc(-c2cc3c(N4CCCC4)n[nH]c3cn2)c1,train,train,train,0,0,0.72,0.72,0.72
CN1CCN(c2n[nH]c3cnc(-c4cccnc4)cc23)C1=O,train,train,train,0,0,0.6862745,0.6862745,0.6862745
CN1CCN(c2nc(-c3n[nH]c4cnc(-c5cccnc5)cc34)ccc2Cl)CC1,train,train,test,0,0,0.8103448,0.8103448,0.7704918
c1ccc(-c2cc3c(-c4ccccn4)n[nH]c3cn2)nc1,test,test,train,0,0,0.71794873,0.71794873,0.71794873
Cc1ccc(-c2n[nH]c3cnc(-c4cccnc4)cc23)nc1N1CCN(C)CC1,train,train,test,0,0,0.8103448,0.8103448,0.78333336
O=C1CCCN1c1n[nH]c2cnc(-c3cccnc3)cc12,train,train,train,0,0,0.9361702,0.9361702,0.9361702
CN1CC(c2cc3c(-c4ccccc4)n[nH]c3cn2)=CC1=O,train,train,train,0,0,0.6122449,0.6122449,0.6122449
O=C1CCCCN1c1n[nH]c2cnc(-c3cccnc3)cc12,train,train,train,0,0,0.9361702,0.9361702,0.9361702
c1cncc(-c2cc3c(-c4cccc(N5CCCCC5)n4)n[nH]c3cn2)c1,train,train,train,0,0,0.8363636,0.8363636,0.8363636
CN1CC(c2cc3c(-c4ccccc4)n[nH]c3cn2)CC1=O,train,train,train,0,0,0.6037736,0.6037736,0.6037736
c1cncc(-c2cc3c(-c4cccc(N5CCOCC5)n4)n[nH]c3cn2)c1,train,train,train,0,0,0.8148148,0.8148148,0.8148148
O[C@@H]1CCCN(c2cccc(-c3n[nH]c4cnc(-c5cccnc5)cc34)n2)C1,test,test,test,0,0,0.8,0.8,0.8
OC1CCN(c2cccc(-c3n[nH]c4cnc(-c5cccnc5)cc34)n2)CC1,train,train,train,0,0,0.8245614,0.8245614,0.8245614
c1cncc(-c2cc3c(-c4cccc(N5CCC(C6CCNCC6)CC5)n4)n[nH]c3cn2)c1,train,train,train,0,0,0.78333336,0.78333336,0.8245614
Cc1ccc(-c2n[nH]c3cnc(-c4cccnc4)cc23)nc1F,test,test,train,0,0,0.7,0.7,0.6938776
Cc1ccc(-c2n[nH]c3cnc(-c4cccnc4)cc23)nc1,train,train,train,0,0,0.75,0.75,0.75
NCC1CCN(c2cccc(-c3n[nH]c4cnc(-c5cccnc5)cc34)n2)CC1,test,test,test,0,0,0.8448276,0.8448276,0.8448276
O=C1CN(c2cccc(-c3n[nH]c4cnc(-c5cccnc5)cc34)n2)CCN1,train,train,train,0,0,0.8947368,0.8947368,0.7894737
C1=C(c2n[nH]c3cnc(-c4cccnc4)cc23)CCCO1,test,test,train,0,0,0.87234044,0.87234044,0.87234044
OCCN1CCN(c2cccc(-c3n[nH]c4cnc(-c5cccnc5)cc34)n2)CC1,test,test,train,0,0,0.9310345,0.9310345,0.9310345
NCCCCNc1cccc(-c2n[nH]c3cnc(-c4cccnc4)cc23)n1,train,train,train,0,0,0.8867925,0.8867925,0.8867925
C1=C(c2n[nH]c3cnc(-c4cccnc4)cc23)CCO1,train,train,train,0,0,0.6818182,0.6818182,0.87234044
Cn1cc(-c2cc3c(-c4cccc(N5CCC(N)(C(F)(F)F)C5)n4)n[nH]c3cn2)cn1,train,train,train,0,0,0.67164177,0.67164177,0.67164177
N[C@@H]1CCN(c2nc(-c3n[nH]c4cnc(-c5cccnc5)cc34)ccc2Br)C1,train,train,train,0,0,0.7777778,0.7777778,0.75757575
Cc1ccc(-c2n[nH]c3cnc(-c4cccnc4)cc23)nc1N1CCC(O)CC1,train,train,train,0,0,0.8333333,0.8333333,0.8333333
O[C@@H]1CCCN(c2nc(-c3n[nH]c4cnc(-c5cccnc5)cc34)ccc2Br)C1,train,train,train,0,0,0.8153846,0.8153846,0.8153846
OC1CCN(c2nc(-c3n[nH]c4cnc(-c5cccnc5)cc34)ccc2Br)CC1,train,train,test,0,0,0.8095238,0.8095238,0.8095238
Cn1cc(-c2cc3c(-c4cccc(N5CCC(O)CC5)n4)n[nH]c3cn2)cn1,train,train,train,0,0,0.8305085,0.8305085,0.8305085
O=C1N(c2n[nH]c3cnc(-c4cccnc4)cc23)CCC12CCNCC2,train,train,train,0,0,0.62711865,0.62711865,0.62711865
O=C1N(CC2CCNCC2)CCN1c1n[nH]c2cnc(-c3cccnc3)cc12,train,train,test,0,0,0.9,0.9,0.9
Cn1cc(-c2cc3c(-c4cccc(NCC(C)(C)O)n4)n[nH]c3cn2)cn1,train,train,train,0,0,0.72307694,0.72307694,0.72307694
NC(=O)Nc1cc2c(-c3cccc(N4CCC[C@H](N)C4)n3)n[nH]c2cn1,test,test,train,0,0,0.71875,0.71875,0.71875
N[C@H]1CCC[C@@H](Oc2cccc(-c3n[nH]c4cnc(-c5cccnc5)cc34)n2)C1,test,test,train,0,0,0.640625,0.640625,0.640625
N[C@@H]1CCCN(c2nccc(-c3n[nH]c4cnc(-c5cccnc5)cc34)n2)C1,train,train,test,0,0,0.75757575,0.75757575,0.75757575
O=C1CNCCN1c1cccc(-c2n[nH]c3cnc(-c4cccnc4)cc23)n1,train,train,train,0,0,0.7096774,0.7096774,0.7586207
NC(=O)c1ccnc(-c2n[nH]c3cnc(-c4cccnc4)cc23)c1,train,train,train,0,0,0.6666667,0.6666667,0.6666667
O=C1N(CC2CCNC2)CCN1c1n[nH]c2cnc(-c3cccnc3)cc12,train,train,train,0,0,0.9,0.9,0.625
N[C@H]1CCN(c2cccc(-c3n[nH]c4cnc(-c5cccnc5)cc34)n2)C1=O,train,train,train,0,0,0.73770493,0.73770493,0.73770493
C=Cc1ccc(-c2n[nH]c3cnc(-c4cccnc4)cc23)nc1N1CCC[C@H](N)C1,train,train,test,0,0,0.7794118,0.7794118,0.76811594
C=C(C)c1ccc(-c2n[nH]c3cnc(-c4cccnc4)cc23)nc1N1CCC[C@H](N)C1,train,train,train,0,0,0.7941176,0.7941176,0.7746479
Cc1ccc(-c2n[nH]c3cnc(-c4cccnc4)cc23)nc1N1CCC[C@@H](O)C1,train,train,train,0,0,0.8153846,0.8153846,0.8153846
Cc1ccc(-c2n[nH]c3cnc(-c4cccnc4)cc23)nc1N1CCC[C@@H](N)C1,train,train,test,0,0,0.83076924,0.83076924,0.8181818
c1cncc(-c2cc3c(N4CCC(N5CCNCC5)C4)n[nH]c3cn2)c1,train,train,train,0,0,0.64285713,0.64285713,0.64285713
N[C@H]1C[C@@H](F)CN(c2cccc(-c3n[nH]c4cnc(-c5cccnc5)cc34)n2)C1,train,train,train,0,0,0.7580645,0.7580645,0.7580645
O=C1CN(c2cccc(-c3n[nH]c4cnc(-c5cccnc5)cc34)n2)CCCN1,train,train,test,0,0,0.8947368,0.8947368,0.8947368
c1ccc(-c2n[nH]c3cnc(-c4cncs4)cc23)cc1,train,train,test,0,0,0.7173913,0.7173913,0.76744187
NCC1CCCCN1c1cccc(-c2n[nH]c3cnc(-c4cccnc4)cc23)n1,train,train,test,0,0,0.6935484,0.6935484,0.6935484
NC1CCN(C(=O)C2CCN(c3n[nH]c4cnc(-c5cccnc5)cc34)C2=O)CC1,train,train,train,0,0,0.6142857,0.6142857,0.6142857
NCCNC(=O)c1cccc(-c2n[nH]c3cnc(-c4cccnc4)cc23)n1,train,train,train,0,0,0.73770493,0.73770493,0.73770493
CCc1ccc(-c2n[nH]c3cnc(-c4cccnc4)cc23)nc1N1CCC[C@H](N)C1,train,train,test,0,0,0.880597,0.880597,0.80597013
CC(C)c1ccc(-c2n[nH]c3cnc(-c4cccnc4)cc23)nc1N1CCC[C@H](N)C1,test,test,train,0,0,0.8181818,0.8181818,0.7794118
O=C(NC1CNC1)c1cccc(-c2n[nH]c3cnc(-c4cccnc4)cc23)n1,train,train,train,0,0,0.8333333,0.8333333,0.8333333
CN1CCN(c2cc3c(-c4ccccc4)n[nH]c3cn2)CC1=O,train,train,train,0,0,0.82,0.82,0.82
CN1CCN(c2cc3c(-c4cnn(C)c4)n[nH]c3cn2)CC1=O,train,train,train,0,0,0.75,0.75,0.75
NCCC1CCN(c2cccc(-c3n[nH]c4cnc(-c5cccnc5)cc34)n2)C1,train,train,train,0,0,0.7619048,0.7619048,0.7619048
N[C@H]1CCN(c2ccc(-c3n[nH]c4cnc(-c5cccnc5)cc34)nc2)C1=O,train,train,train,0,0,0.73770493,0.73770493,0.73770493
NC1CCN(C(=O)c2cccc(-c3n[nH]c4cnc(-c5cccnc5)cc34)n2)CC1,train,train,train,0,0,0.71428573,0.71428573,0.71428573
O=C(NC1CCNCC1)c1cccc(-c2n[nH]c3cnc(-c4cccnc4)cc23)n1,train,train,train,0,0,0.8333333,0.8333333,0.8333333
c1ccc(-c2n[nH]c3cnc(-c4cncs4)cc23)nc1,test,test,train,0,0,0.76744187,0.76744187,0.6875
CN1CCN(c2cc3c(-c4ccccc4F)n[nH]c3cn2)CC1=O,test,test,train,0,0,0.7592593,0.7592593,0.7592593
C#Cc1ccc(-c2n[nH]c3cnc(-c4cccnc4)cc23)nc1N1CCC[C@H](N)C1,train,train,train,0,0,0.7910448,0.7910448,0.7794118
NC(=O)[C@@H]1CCCN1c1ccc(-c2n[nH]c3cnc(-c4cccnc4)cc23)nc1,train,train,test,0,0,0.6363636,0.6363636,0.6363636
N[C@H]1CCCN(c2cccc(-c3n[nH]c4cnc(N5CCNC(=O)C5)cc34)n2)C1,train,train,train,0,0,0.73015875,0.73015875,0.73015875
O=C1CNCCN1c1cc2c(-c3cccc(N4CCNCC4)n3)n[nH]c2cn1,train,train,train,0,0,0.7627119,0.7627119,0.7627119
Fc1ccccc1-c1n[nH]c2cnc(-c3cncs3)cc12,train,train,train,0,0,0.7173913,0.7173913,0.6875
CN1CCN(c2cc3c(-c4ccccn4)n[nH]c3cn2)CC1=O,train,train,train,0,0,0.82,0.82,0.82
[O-][n+]1cc(C(F)(F)F)ccc1-c1n[nH]c2cnc(-c3cccnc3)cc12,train,train,train,0,0,0.6666667,0.6666667,0.6
CN1C(=O)CN(c2cc3c(-c4ccccc4)n[nH]c3cn2)C1=O,train,train,train,0,0,0.6603774,0.6603774,0.6603774
OCCN1CCCN(c2cccc(-c3n[nH]c4cnc(-c5cccnc5)cc34)n2)CC1,train,train,train,0,0,0.76666665,0.76666665,0.9310345
c1cc(-c2n[nH]c3cnc(-c4cncs4)cc23)nc(N2CCCCC2)c1,train,train,train,0,0,0.6896552,0.6896552,0.8363636
c1cc(-c2n[nH]c3cnc(-c4cncs4)cc23)nc(N2CCNCC2)c1,test,test,train,0,0,0.8363636,0.8363636,0.8363636
Cn1cc(-c2cc3c(-c4ccnc(N5CCCCC5)n4)n[nH]c3cn2)cn1,test,test,train,0,0,0.6507937,0.6507937,0.6666667
CCCCc1ccc(-c2n[nH]c3cnc(-c4cccnc4)cc23)nc1N1CCC[C@H](N)C1,train,train,test,0,0,0.880597,0.880597,0.739726
c1cc(-c2n[nH]c3cnc(-n4ccnc4)cc23)nc(N2CCCCC2)c1,train,train,train,0,0,0.8333333,0.8333333,0.8333333
Cn1ccc(-c2cc3c(-c4cccc(N5CCNCC5)n4)n[nH]c3cn2)cc1=O,train,train,train,0,0,0.7096774,0.7096774,0.7096774
Cc1ccc(-c2cc3c(-c4cccc(N5CCNCC5)n4)n[nH]c3cn2)cn1,test,test,train,0,0,0.7894737,0.7894737,0.78571427
CCn1cc(-c2cc3c(-c4cccc(N5CCN(C)CC5)n4)n[nH]c3cn2)cn1,train,train,train,0,0,0.8333333,0.8333333,0.8333333
O=C1OCCN1c1cc2c(-c3cccc(N4CCCCC4)n3)n[nH]c2cn1,test,test,train,0,0,0.84210527,0.84210527,0.62903225
CCCn1cc(-c2cc3c(-c4cccc(N5CCNCC5)n4)n[nH]c3cn2)cn1,train,train,train,0,0,0.8666667,0.8666667,0.8666667
Fc1ccc(-c2cc3c(-c4cccc(N5CCNCC5)n4)n[nH]c3cn2)cn1,train,train,test,0,0,0.704918,0.704918,0.7894737
CC(C)(CN)Cn1cc(-c2n[nH]c3cnc(-c4cccnc4)cc23)ccc1=O,train,train,train,0,0,0.5555556,0.5555556,0.5555556
CC(C)Cn1cc(-c2cc3c(-c4cccc(N5CCNCC5)n4)n[nH]c3cn2)cn1,train,train,train,0,0,0.82258064,0.82258064,0.82258064
COCCn1cc(-c2cc3c(-c4cccc(N5CCNCC5)n4)n[nH]c3cn2)cn1,train,train,train,0,0,0.828125,0.828125,0.828125
CCn1cc(-c2cc3c(-c4cccc(N5C[C@@H](N)C[C@@H](F)C5)n4)n[nH]c3cn2)cn1,test,test,train,0,0,0.7638889,0.7638889,0.7638889
N[C@H]1CCCN(c2nc(-c3n[nH]c4cnc(-c5cccnc5)cc34)ccc2C(F)(F)F)C1,train,train,train,0,0,0.7910448,0.7910448,0.7794118
Cn1cc(-c2cc3c(-c4ccc(Br)c(N5CC(N6CCS(=O)(=O)CC6)C5)n4)n[nH]c3cn2)cn1,train,train,train,0,0,0.8382353,0.8382353,0.75342464
CC(C)(O)Cn1cc(-c2cc3c(-c4cccc(N5CCNCC5)n4)n[nH]c3cn2)cn1,test,test,test,0,0,0.8153846,0.8153846,0.8153846
CC(C)n1cc(-c2cc3c(-c4cccc(N5CCNCC5)n4)n[nH]c3cn2)cn1,test,test,test,0,0,0.7966102,0.7966102,0.7966102
c1cc(-c2n[nH]c3cnc(-c4cnn(C5CCC5)c4)cc23)nc(N2CCNCC2)c1,test,test,train,0,0,0.9310345,0.9310345,0.9310345
FCCn1cc(-c2cc3c(-c4cccc(N5CCNCC5)n4)n[nH]c3cn2)cn1,train,train,train,0,0,0.93333334,0.93333334,0.93333334
Cn1cc(-c2cc3c(-c4ccc(Br)c(N5CCC(N)CC5)n4)n[nH]c3cn2)cn1,train,train,train,0,0,0.8,0.8,0.8
CCn1cc(-c2cc3c(-c4cccc(N5C[C@@H]6CNC[C@@H]6C5)n4)n[nH]c3cn2)cn1,train,train,train,0,0,0.7777778,0.7777778,0.82258064
N#Cc1cc2c(-c3cccc(N4CCNCC4)n3)n[nH]c2cn1,train,train,train,0,0,0.74545455,0.74545455,0.74545455
CN1CCN(c2nc(-c3n[nH]c4cnc(-c5cnn(C)c5)cc34)ccc2Br)CC1,train,train,train,0,0,0.82758623,0.82758623,0.82758623
CCn1cc(-c2cc3c(-c4ccc(Br)c(N5CCC[C@H](N)C5)n4)n[nH]c3cn2)cn1,train,train,train,0,0,0.82857144,0.82857144,0.8405797
CCn1cc(-c2cc3c(-c4ccc(Br)c(N5CCNCC5)n4)n[nH]c3cn2)cn1,train,train,train,0,0,0.82258064,0.82258064,0.7285714
Cn1cc(-c2cc3c(-c4ccc(Br)c(N5CC(N6CCNC(=O)C6)C5)n4)n[nH]c3cn2)cn1,train,train,train,0,0,0.8428571,0.8428571,0.8428571
Cn1cc(-c2cc3c(-c4ccc(Br)c(N5CCN(CCS(C)(=O)=O)C(C)(C)C5)n4)n[nH]c3cn2)cn1,train,train,train,0,0,0.84931505,0.84931505,0.69014084
CCn1cc(-c2cc3c(-c4cccc(N5CCCNCC5)n4)n[nH]c3cn2)cn1,train,train,train,0,0,0.9322034,0.9322034,0.9322034
C=Cc1ccc(-c2n[nH]c3cnc(-c4cnn(C)c4)cc23)nc1N1CCC[C@H](N)C1,train,train,train,0,0,0.7941176,0.7941176,0.8309859
Cc1ccc(-c2n[nH]c3cnc(-c4cnn(C)c4)cc23)nc1N1CC(N2CCS(=O)(=O)CC2)C1,train,train,test,0,0,0.8382353,0.8382353,0.8382353
C=C(C)c1ccc(-c2n[nH]c3cnc(-c4cnn(C)c4)cc23)nc1N1CCC[C@H](N)C1,test,test,train,0,0,0.8309859,0.8309859,0.7941176
O=C1OCCN1c1cc2c(-c3cccc(N4CCNCC4)n3)n[nH]c2cn1,train,train,test,0,0,0.7457627,0.7457627,0.84210527
c1cc(-c2n[nH]c3cnc(-c4cnn(CC5COC5)c4)cc23)nc(N2CCNCC2)c1,train,train,test,0,0,0.859375,0.859375,0.859375
Cc1ccc(-c2n[nH]c3cnc(-c4cnn(C)c4)cc23)nc1N1CCNCC1,test,test,train,0,0,0.83928573,0.83928573,0.83928573
Cc1ccc(-c2n[nH]c3cnc(-c4cnn(C)c4)cc23)nc1N1CCOCC1,train,train,test,0,0,0.8245614,0.8245614,0.8245614
Cn1cc(-c2cc3c(-c4cccc(N5CCOCC5)n4)n[nH]c3cn2)cn1,train,train,train,0,0,0.80701756,0.80701756,0.80701756
FC1(c2cccc(-c3n[nH]c4cnc(-c5cccnc5)cc34)n2)CCNCC1,train,train,train,0,0,0.7894737,0.7894737,0.6393443
OC1(c2cccc(-c3n[nH]c4cnc(-c5cccnc5)cc34)n2)CCNCC1,train,train,test,0,0,0.7894737,0.7894737,0.7894737
Cc1ccc(-c2n[nH]c3cnc(-c4cnn(C)c4)cc23)nc1N1CC(N2CCNC(=O)C2)C1,train,train,train,0,0,0.8428571,0.8428571,0.8428571
Cc1ccc(-c2n[nH]c3cnc(-c4cccnc4)cc23)nc1N1CC(N2CCNC(=O)C2)C1,train,train,train,0,0,0.7887324,0.7887324,0.7887324
C=C(C)c1ccc(-c2n[nH]c3cnc(-c4cnn(CC)c4)cc23)nc1N1CCC[C@H](N)C1,train,train,test,0,0,0.79452056,0.79452056,0.8309859
Cc1ccc(-c2n[nH]c3cnc(-c4cnn(C)c4)cc23)nc1N1CCN(CCS(C)(=O)=O)C(C)(C)C1,train,train,test,0,0,0.84931505,0.84931505,0.84931505
CCc1ccc(-c2n[nH]c3cnc(-c4cnn(C)c4)cc23)nc1N1CCC[C@H](N)C1,test,test,train,0,0,0.8181818,0.8181818,0.8507463
C=Cc1ccc(-c2n[nH]c3cnc(-c4cnn(CC)c4)cc23)nc1N1CCC[C@H](N)C1,test,test,train,0,0,0.8309859,0.8309859,0.8309859
CCn1cc(-c2cc3c(-c4ccc(C)c(N5CCNCC5)n4)n[nH]c3cn2)cn1,train,train,test,0,0,0.82258064,0.82258064,0.82258064
OC1CN(c2cccc(-c3n[nH]c4cnc(-c5cccnc5)cc34)n2)CCC1F,train,train,train,0,0,0.83870965,0.83870965,0.83870965
COc1cncc(-c2cc3c(-c4cccc(N5CCNCC5)n4)n[nH]c3cn2)c1,train,train,train,0,0,0.78333336,0.78333336,0.734375
CNc1cccc(-c2n[nH]c3cnc(-c4cccnc4)cc23)n1,train,train,train,0,0,0.75,0.75,0.75
Cn1cc(-c2cc3c(-c4ccnc(C5CCNCC5)n4)n[nH]c3cn2)cn1,train,train,test,0,0,0.67741936,0.67741936,0.6557377
Cc1ccc(-c2n[nH]c3cnc(-c4cnn(C)c4)cc23)nc1N1CCN(C)CC1,train,train,train,0,0,0.8245614,0.8245614,0.83928573
CCn1cc(-c2cc3c(-c4cccc(N5C[C@H](C)N[C@H](C)C5)n4)n[nH]c3cn2)cn1,test,test,train,0,0,0.82258064,0.82258064,0.82258064
CCn1cc(-c2cc3c(-c4cccc(N5CCNC(C)(C)C5)n4)n[nH]c3cn2)cn1,test,test,test,0,0,0.7846154,0.7846154,0.78571427
CCn1cc(-c2cc3c(-c4cccc(N5CCNCC(F)(F)C5)n4)n[nH]c3cn2)cn1,test,test,train,0,0,0.8030303,0.8030303,0.8030303
CC(C)(C)n1cc(-c2cc3c(-c4cccc(N5CCNCC5)n4)n[nH]c3cn2)cn1,train,train,train,0,0,0.7966102,0.7966102,0.7966102
Cn1cc(-c2cc3c(-c4ccc(Br)c(N5CCOCC5)n4)n[nH]c3cn2)cn1,train,train,train,0,0,0.82758623,0.82758623,0.82758623
CCn1cc(-c2cc3c(-c4cccc(N5CCOCC5)n4)n[nH]c3cn2)cn1,train,train,train,0,0,0.8196721,0.8196721,0.8196721
NC1CN(c2cccc(-c3n[nH]c4cnc(-c5cccnc5)cc34)n2)CCC1F,train,train,train,0,0,0.83870965,0.83870965,0.83870965
Cn1cc(-c2cc3c(-c4ccc(Br)c(N5C[C@@H](N)C[C@@H](F)C5)n4)n[nH]c3cn2)cn1,train,train,train,0,0,0.7846154,0.7846154,0.84615386
CCn1cc(-c2cc3c(-c4cc(C)cc(N5CCCNCC5)n4)n[nH]c3cn2)cn1,train,train,train,0,0,0.8,0.8,0.8181818
CCn1cc(-c2cc3c(-c4cccc(NC5CCCC(N)C5)n4)n[nH]c3cn2)cn1,train,train,train,0,0,0.6956522,0.6956522,0.7714286
CCn1cc(-c2cc3c(-c4cccc(N5CCC(F)C(N)C5)n4)n[nH]c3cn2)cn1,train,train,train,0,0,0.7638889,0.7638889,0.739726
CCn1cc(-c2cc3c(-c4cccc(N5CCNC(CO)C5)n4)n[nH]c3cn2)cn1,train,train,train,0,0,0.7916667,0.7916667,0.7916667
CCn1cc(-c2cc3c(-c4nc(N5CCC[C@H](N)C5)ccc4Cl)n[nH]c3cn2)cn1,test,test,test,0,0,0.739726,0.739726,0.6933333
FC(F)(F)c1cncc(-c2cc3c(-c4cccc(N5CCNCC5)n4)n[nH]c3cn2)c1,train,train,train,0,0,0.78333336,0.78333336,0.734375
CCn1cc(-c2cc3c(-c4cccc(N5CCNC(C(F)(F)F)C5)n4)n[nH]c3cn2)cn1,test,test,test,0,0,0.87142855,0.87142855,0.87142855
CCn1cc(-c2cc3c(-c4cc(C(F)(F)F)ccn4)n[nH]c3cn2)cn1,train,train,train,0,0,0.754717,0.754717,0.754717
CS(=O)(=O)c1cncc(-c2cc3c(-c4cccc(N5CCNCC5)n4)n[nH]c3cn2)c1,train,train,train,0,0,0.7580645,0.7580645,0.73770493
CCn1cc(-c2cc3c(-c4cccc(N5CCN(C(C)=O)CC5)n4)n[nH]c3cn2)cn1,train,train,train,0,0,0.8095238,0.8095238,0.8095238
CCn1cc(-c2cc3c(-c4ccc(=O)n(CC5(C(N)=O)CC5)c4)n[nH]c3cn2)cn1,test,test,test,0,0,0.93650794,0.93650794,0.93650794
CCn1cc(-c2cc3c(-c4ccc(=O)n(CC5(C(N)=O)CCC5)c4)n[nH]c3cn2)cn1,train,train,train,0,0,0.5277778,0.5277778,0.5277778
CCn1cc(-c2cc3c(-c4cc(OC)ccn4)n[nH]c3cn2)cn1,test,test,train,0,0,0.7692308,0.7692308,0.7692308
CCc1ccc(-c2n[nH]c3cnc(-c4cnn(CC)c4)cc23)nc1N1CCC[C@H](N)C1,test,test,train,0,0,0.8405797,0.8405797,0.8507463
CCn1cc(-c2cc3c(-c4ccc(C(C)C)c(N5CCC[C@H](N)C5)n4)n[nH]c3cn2)cn1,train,train,train,0,0,0.8169014,0.8169014,0.82857144
CCn1cc(-c2cc3c(-c4cncc(N5CCNCC5)n4)n[nH]c3cn2)cn1,train,train,test,0,0,0.8135593,0.8135593,0.8135593
CCn1cc(-c2cc3c(-c4cccc(N5CCN(C6COC6)CC5)n4)n[nH]c3cn2)cn1,train,train,train,0,0,0.7878788,0.7878788,0.7878788
CC(O)c1cncc(-c2cc3c(-c4cccc(N5CCNCC5)n4)n[nH]c3cn2)c1,train,train,train,0,0,0.7704918,0.7704918,0.734375
CCn1cc(-c2cc3c(-c4cc(C5CC5)ccn4)n[nH]c3cn2)cn1,train,train,train,0,0,0.7407407,0.7407407,0.7407407
N[C@H]1CCCN(c2nc(-c3n[nH]c4cnc(-c5cccnc5)cc34)ccc2C2CC2)C1,train,train,train,0,0,0.8030303,0.8030303,0.7794118
c1cc(-c2n[nH]c3cnc(-c4cnn(C5CC5)c4)cc23)nc(N2CCNCC2)c1,train,train,train,0,0,0.76666665,0.76666665,0.9310345
FC(F)(F)Cn1cc(-c2cc3c(-c4cccc(N5CCNCC5)n4)n[nH]c3cn2)cn1,train,train,train,0,0,0.8095238,0.8095238,0.8095238
FCCn1cc(-c2cc3c(-c4cccc(N5CCCNCC5)n4)n[nH]c3cn2)cn1,train,train,train,0,0,0.93333334,0.93333334,0.93333334
CCn1cc(-c2cc3c(-c4cc(C#N)cc(N5CCCNCC5)n4)n[nH]c3cn2)cn1,test,test,train,0,0,0.8181818,0.8181818,0.8181818
CCn1cc(-c2cc3c(-c4cccc(N5CCNC(C(F)(F)F)CC5)n4)n[nH]c3cn2)cn1,train,train,train,0,0,0.7536232,0.7536232,0.7536232
CCn1cc(-c2cc3c(-c4cc(C)ccn4)n[nH]c3cn2)cn1,train,train,train,0,0,0.8,0.8,0.8
CCc1ccnc(-c2n[nH]c3cnc(-c4cnn(CC)c4)cc23)c1,train,train,train,0,0,0.84313726,0.84313726,0.84313726
OCCn1cc(-c2cc3c(-c4cccc(N5CCNCC5)n4)n[nH]c3cn2)cn1,train,train,train,0,0,0.852459,0.852459,0.852459
CCn1cc(-c2cc3c(-c4cc(CO)ccn4)n[nH]c3cn2)cn1,train,train,train,0,0,0.84313726,0.84313726,0.84313726
CCn1cc(-c2cc3c(-c4cccc(N5CCNCC(C#N)C5)n4)n[nH]c3cn2)cn1,train,train,train,0,0,0.79452056,0.79452056,0.79452056
C=C(C)c1ccnc(-c2n[nH]c3cnc(-c4cnn(CC)c4)cc23)c1,train,train,train,0,0,0.754717,0.754717,0.754717
CCn1cc(-c2cc3c(-c4cccc(N5CCNCC(F)C5)n4)n[nH]c3cn2)cn1,train,train,train,0,0,0.8055556,0.8055556,0.8055556
CCn1cc(-c2cc3c(-c4ccc(C5CC5)c(N5CCC[C@H](N)C5)n4)n[nH]c3cn2)cn1,train,train,train,0,0,0.82857144,0.82857144,0.8405797
CCn1cc(-c2cc3c(-c4cc(C(C)C)ccn4)n[nH]c3cn2)cn1,train,train,train,0,0,0.7692308,0.7692308,0.7692308
CCn1cc(-c2cc3c(-c4ccccn4)n[nH]c3cn2)cn1,train,train,test,0,0,0.76,0.76,0.76
Cc1ccc(-c2n[nH]c3cnc(-c4cnn(C)c4)cc23)nc1N1C[C@@H](N)C[C@@H](F)C1,test,test,train,0,0,0.84615386,0.84615386,0.84615386
CCn1cc(-c2cc3c(-c4ccc(C)c(N5C[C@@H](N)C[C@@H](F)C5)n4)n[nH]c3cn2)cn1,train,train,train,0,0,0.69863015,0.69863015,0.8235294
CCn1cc(-c2cc3c(-c4cccc(N5CCNCC(CO)C5)n4)n[nH]c3cn2)cn1,train,train,train,0,0,0.80597013,0.80597013,0.80597013
CCn1cc(-c2cc3c(-c4cccc(NC5CCCCNC5)n4)n[nH]c3cn2)cn1,test,test,train,0,0,0.7714286,0.7714286,0.7714286
CCn1cc(-c2cc3c(-c4cccc(N5CCCCC(N)C5)n4)n[nH]c3cn2)cn1,train,train,test,0,0,0.8208955,0.8208955,0.8208955
Cc1cncc(-c2cc3c(-c4cccc(N5CCCNCC5)n4)n[nH]c3cn2)n1,test,test,test,0,0,0.9259259,0.9259259,0.9259259
Cn1ncc(NC(=O)c2nc(-c3c(F)cccc3F)sc2N)c1C1=CCOCC1,train,train,train,4,4,0.7285714,0.7285714,0.7285714
Cn1ncc(NC(=O)c2nc(-c3c(F)cccc3F)sc2N)c1C1=CCCCO1,train,train,train,4,4,0.7285714,0.7285714,0.7285714
COC1(c2c(NC(=O)c3nc(-c4c(F)cccc4F)sc3N)cnn2C)CCCCO1,test,test,test,4,4,0.6933333,0.6933333,0.6933333
Cn1ncc(NC(=O)c2nc(-c3c(F)cccc3F)sc2N)c1C1CCCCO1,train,train,train,4,4,0.8333333,0.8333333,0.8333333
COC1(c2c(NC(=O)c3nc(-c4ncccc4F)sc3N)cnn2C)CCCCO1,test,test,test,4,4,0.6707317,0.6707317,0.6707317
C[C@@H]1CC(O)CC[C@H](c2c(NC(=O)c3nc(-c4c(F)cccc4F)sc3N)cnn2C)O1,train,train,train,4,4,0.78571427,0.78571427,0.78571427
Cn1ncc(NC(=O)c2nc(-c3c(F)cccc3F)sc2N)c1C1CC[C@@H](O)[C@@H](O)CO1,train,train,train,4,4,0.8333333,0.8333333,0.8333333
Cn1ncc(NC(=O)c2nc(-c3c(F)cccc3F)sc2N)c1C1CC(F)(F)CC(N)CO1,train,train,train,4,4,0.72602737,0.72602737,0.72602737
Cn1ncc(NC(=O)c2nc(-c3c(F)cccc3F)sc2N)c1[C@]12CC[C@H](O1)[C@H](N)CC2,test,test,train,4,4,0.6933333,0.6933333,0.7702703
CO[C@H]1CCC(c2c(NC(=O)c3nc(-c4c(F)cccc4F)sc3N)cnn2C)OC[C@@H]1N,test,test,train,4,4,0.8472222,0.8472222,0.8472222
Cn1ncc(NC(=O)c2nc(-c3c(F)cccc3F)sc2N)c1C1CCC(O)CCO1,train,train,train,4,4,0.8636364,0.8636364,0.8636364
Cn1ncc(NC(=O)c2nc(-c3ccccc3F)sc2N)c1C12CCC(CN)(CC1)O2,train,train,train,4,4,0.6447368,0.6447368,0.6103896
CC1C(c2c(NC(=O)c3nc(-c4c(F)cccc4F)sc3N)cnn2C)OCC(C)(O)C1N,train,train,train,4,4,0.68,0.68,0.68
Cn1ncc(NC(=O)c2nc(-c3c(F)cccc3F)sc2N)c1C1CCC(N)CCO1,train,train,train,4,4,0.8636364,0.8636364,0.8636364
Cn1ncc(NC(=O)c2nc(-c3c(F)cccc3F)sc2N)c1C1CCC(N)COC1,train,train,test,4,4,0.74626863,0.74626863,0.84375
Cn1ncc(NC(=O)c2nc(-c3ccncc3F)sc2N)c1[C@@]12CC[C@@H](N)[C@@H](CC1)O2,test,test,train,4,4,0.65822786,0.65822786,0.7702703
Cn1ncc(NC(=O)c2nc(-c3c(F)cccc3F)sc2N)c1C1OCC(CO)CO1,train,train,train,4,4,0.8769231,0.8769231,0.8769231
Cn1ncc(NC(=O)c2nc(-c3c(F)cccc3F)sc2N)c1[C@H]1OC[C@@](C)(CO)CO1,train,train,train,4,4,0.8,0.8,0.8
Cn1ncc(NC(=O)c2nc(-c3c(F)cccc3F)sc2N)c1[C@H]1OC[C@H](CN)CO1,train,train,train,4,4,0.8769231,0.8769231,0.8769231
CC[C@]1(CN)CO[C@H](c2c(NC(=O)c3nc(-c4c(F)cccc4F)sc3N)cnn2C)OC1,train,train,train,4,4,0.8,0.8,0.8
Cn1ncc(NC(=O)c2nc(-c3ccncc3F)sc2N)c1[C@@H]1CC[C@@H](N)[C@@H](F)CO1,train,train,train,2,2,0.8028169,0.8028169,0.8028169
CO[C@H]1CO[C@H](c2c(NC(=O)c3nc(-c4ccccc4F)sc3N)cnn2C)CC[C@H]1N,train,train,test,4,4,0.9,0.9,0.8356164
COCCOc1cc(F)c(-c2nc(C(=O)Nc3cnn(C)c3[C@@H]3CC[C@@H](N)[C@H](O)CO3)ccc2F)c(F)c1,train,train,train,2,2,0.7368421,0.7368421,0.7368421
Cn1ncc(NC(=O)c2ccc(F)c(-c3c(F)cc(C4(O)COC4)cc3F)n2)c1[C@@H]1CC[C@@H](N)[C@H](F)CO1,train,train,test,2,2,0.8611111,0.8611111,0.82608694
Cn1ncc(NC(=O)c2ccc(F)c(-c3c(F)cc(C4(F)COC4)cc3F)n2)c1[C@@H]1CC[C@@H](N)[C@H](F)CO1,train,train,test,2,2,0.8767123,0.8767123,0.8767123
Cn1ncc(NC(=O)c2ccc(F)c(-c3c(F)cccc3F)n2)c1[C@@H]1CC[C@@H](N)[C@H](F)CO1,test,test,train,2,2,0.875,0.875,0.8730159
COCc1cc(F)c(-c2nc(C(=O)Nc3cnn(C)c3[C@@H]3CC[C@@H](N)[C@H](F)CO3)ccc2F)c(F)c1,train,train,train,2,2,0.8028169,0.8028169,0.82857144
CCC(=O)c1cc(F)c(-c2nc(C(=O)Nc3cnn(C)c3[C@@H]3CC[C@@H](N)[C@H](F)CO3)ccc2F)c(F)c1,train,train,train,2,2,0.82608694,0.82608694,0.8507463
Cn1ncc(NC(=O)c2ccc(F)c(-c3c(F)cc(C4(F)CCOCC4)cc3F)n2)c1[C@@H]1CC[C@@H](N)[C@H](F)CO1,train,train,train,2,2,0.8767123,0.8767123,0.7916667
Cn1ncc(NC(=O)c2ccc(F)c(-c3c(F)cc(O)cc3F)n2)c1[C@@H]1CC[C@@H](N)[C@H](F)CO1,test,test,train,2,2,0.8769231,0.8769231,0.9047619
COC(C)c1cc(F)c(-c2nc(C(=O)Nc3cnn(C)c3[C@@H]3CC[C@@H](N)[C@@H](F)CO3)ccc2F)c(F)c1,train,train,train,2,2,0.8513514,0.8513514,0.8513514
Cn1ncc(NC(=O)c2ccc(F)c(-c3c(F)cc(C(O)(CO)CO)cc3F)n2)c1[C@@H]1CC[C@@H](N)[C@@H](F)CO1,train,train,train,2,2,0.7916667,0.7916667,0.8142857
COC(c1cc(F)c(-c2nc(C(=O)Nc3cnn(C)c3[C@@H]3CC[C@@H](N)[C@H](F)CO3)ccc2F)c(F)c1)C1CC1,train,train,train,2,2,0.8513514,0.8513514,0.8513514
Cn1ncc(NC(=O)c2ccc(F)c(-c3c(F)cc(C(CO)CO)cc3F)n2)c1[C@@H]1CC[C@@H](N)[C@H](F)CO1,test,test,train,2,2,0.82191783,0.82191783,0.8382353
Cn1ncc(NC(=O)c2csc(-c3c(F)cc(C4CCOC4)cc3F)n2)c1[C@@H]1CC[C@@H](N)[C@H](F)CO1,train,train,train,2,2,0.8028169,0.8028169,0.8028169
CO[C@H]1CO[C@H](c2c(NC(=O)c3nc(-c4cccc(F)c4F)sc3N)cnn2C)CC[C@H]1N,train,train,test,4,4,0.9,0.9,0.8333333
CO[C@H]1CO[C@H](c2c(NC(=O)c3nc(-c4ccccc4C(F)(F)F)sc3N)cnn2C)CC[C@H]1N,test,test,train,4,4,0.8356164,0.8356164,0.7468355
Cn1ncc(NC(=O)c2ccc(F)c(-c3cc(F)ccc3F)n2)c1[C@@H]1CC[C@@H](N)[C@H](F)CO1,train,train,train,2,2,0.7941176,0.7941176,0.80597013
Cn1ncc(NC(=O)c2ccc(F)c(-c3cccc(F)c3F)n2)c1[C@@H]1CC[C@@H](N)[C@H](F)CO1,train,train,test,2,2,0.7941176,0.7941176,0.8923077
Cn1ncc(NC(=O)c2csc(-c3c(F)cc(C4(O)COC4)cc3F)n2)c1[C@@H]1CC[C@@H](N)[C@H](F)CO1,test,test,train,2,2,0.9,0.9,0.9
Cn1ncc(NC(=O)c2csc(-c3c(F)cc(C4(O)CC4)cc3F)n2)c1[C@@H]1CC[C@@H](N)[C@H](F)CO1,train,train,train,2,2,0.942029,0.942029,0.942029
COc1ccc(-c2nc(C(=O)Nc3cnn(C)c3[C@@H]3CC[C@@H](N)[C@H](F)CO3)ccc2F)c(F)c1,train,train,train,2,2,0.7746479,0.7746479,0.7746479
Cn1ncc(NC(=O)c2ccc(F)c(-c3cccc(F)c3Cl)n2)c1[C@@H]1CC[C@@H](N)[C@H](F)CO1,test,test,train,2,2,0.8923077,0.8923077,0.84615386
Cn1ncc(NC(=O)c2csc(-c3cnn(CC(C)(C)O)c3)n2)c1[C@@H]1CC[C@@H](N)[C@H](F)CO1,train,train,train,2,2,0.75,0.75,0.73239434
Cc1cccnc1-c1nc(C(=O)Nc2cnn(C)c2[C@@H]2CC[C@@H](N)[C@H](F)CO2)cs1,test,test,test,2,2,0.85507244,0.85507244,0.85507244
COc1ncccc1-c1nc(C(=O)Nc2cnn(C)c2[C@@H]2CC[C@@H](N)[C@H](F)CO2)cs1,train,train,test,2,2,0.7567568,0.7567568,0.8611111
Cn1ncc(NC(=O)c2csc(-c3ccc[nH]c3=O)n2)c1[C@@H]1CC[C@@H](N)[C@H](F)CO1,test,test,train,2,2,0.7605634,0.7605634,0.7605634
Cn1ncc(NC(=O)c2csc(-c3cnn(C4CC4)c3)n2)c1[C@@H]1CC[C@@H](N)[C@H](F)CO1,train,train,test,2,2,0.75,0.75,0.7761194
Cn1ncc(NC(=O)c2csc(-c3cc(F)cc(F)c3F)n2)c1[C@@H]1CC[C@@H](N)[C@H](F)CO1,train,train,train,2,2,0.8484849,0.8484849,0.8484849
Cn1ncc(NC(=O)c2csc(-c3ncccc3F)n2)c1[C@@H]1CC[C@@H](N)[C@H](F)CO1,train,train,train,2,2,0.7746479,0.7746479,0.7746479
Cc1ccc(F)c(-c2nc(C(=O)Nc3cnn(C)c3[C@@H]3CC[C@@H](N)[C@H](F)CO3)cs2)c1,train,train,train,2,2,0.8787879,0.8787879,0.8787879
Cn1ncc(NC(=O)c2csc(-c3ccncc3F)n2)c1[C@@H]1CC[C@@H](N)[C@H](F)CO1,train,train,train,2,2,0.8088235,0.8088235,0.8088235
Cc1nn(C)cc1-c1nc(C(=O)Nc2cnn(C)c2[C@@H]2CC[C@@H](N)[C@H](F)CO2)cs1,train,train,train,2,2,0.8115942,0.8115942,0.8235294
Cc1c(-c2nc(C(=O)Nc3cnn(C)c3[C@@H]3CC[C@@H](N)[C@H](F)CO3)cs2)cnn1C,train,train,test,2,2,0.7878788,0.7878788,0.8
Cn1ncc(NC(=O)c2csc(-c3c(F)cncc3F)n2)c1[C@@H]1CC[C@@H](N)[C@@H](F)CO1,test,test,train,2,2,0.90625,0.90625,0.90625
Cn1ncc(NC(=O)c2csc(-c3cccc(-c4cccc(Cl)c4F)c3F)n2)c1[C@@H]1CC[C@@H](N)[C@@H](F)CO1,test,test,train,2,2,0.85294116,0.85294116,0.85294116
Cn1ncc(NC(=O)c2csc(-c3cccc(F)c3-c3cccc(F)c3Cl)n2)c1[C@@H]1CC[C@@H](N)[C@@H](F)CO1,train,train,test,2,2,0.8428571,0.8428571,0.8428571
Cn1cc(-c2nc(C(=O)Nc3cnn(C)c3[C@@H]3CC[C@@H](N)[C@@H](F)CO3)cs2)c(C(F)(F)F)n1,train,train,train,2,2,0.8115942,0.8115942,0.8115942
Cn1cc(-c2nc(C(=O)Nc3cnn(C)c3[C@@H]3CC[C@@H](N)[C@@H](F)CO3)cs2)c(C2CC2)n1,test,test,train,2,2,0.8235294,0.8235294,0.8235294
Cc1nn(C)cc1-c1nc(C(=O)Nc2cnn(C)c2[C@@H]2CC[C@@H](N)[C@@H](F)CO2)c(N)s1,train,train,train,2,2,0.7605634,0.7605634,0.7941176
CC(C)n1cc(-c2nc(C(=O)Nc3cnn(C)c3[C@@H]3CC[C@@H](N)[C@@H](F)CO3)c(N)s2)cn1,train,train,train,2,2,0.7794118,0.7794118,0.7794118
Cc1c(-c2nc(C(=O)Nc3cnn(C)c3[C@@H]3CC[C@@H](N)[C@H](F)CO3)c(N)s2)cnn1C,test,test,train,2,2,0.80597013,0.80597013,0.80597013
CO[C@H]1CO[C@H](c2c(NC(=O)c3csc(-c4c(F)ccc(F)c4F)n3)cnn2C)CC[C@H]1N,train,train,train,2,2,0.9,0.9,0.8428571
Cn1ncc(NC(=O)c2nc(-c3ccc(C(F)(F)F)cc3F)sc2N)c1[C@@H]1CC[C@@H](N)[C@@H](F)CO1,test,test,train,2,2,0.7837838,0.7837838,0.7837838
Cn1ncc(NC(=O)c2nc(-c3cc(F)cc(F)c3F)sc2N)c1[C@@H]1CC[C@@H](N)[C@@H](F)CO1,train,train,train,2,2,0.8333333,0.8333333,0.8028169
CO[C@H]1CO[C@H](c2c(NC(=O)c3nc(-c4c(F)ccc(F)c4F)sc3N)cnn2C)CC[C@H]1N,train,train,train,4,4,0.85915494,0.85915494,0.85915494
CO[C@H]1CO[C@H](c2c(NC(=O)c3nc(-c4cc(F)cc(F)c4F)sc3N)cnn2C)CC[C@H]1N,train,train,test,2,2,0.8333333,0.8333333,0.8333333
CO[C@H]1CO[C@H](c2c(NC(=O)c3nc(-c4cc(C)ccc4F)sc3N)cnn2C)CC[C@H]1N,train,train,train,4,4,0.8356164,0.8356164,0.8108108
COc1cc(F)c(-c2nc(C(=O)Nc3cnn(C)c3[C@@H]3CC[C@@H](N)[C@@H](OC)CO3)cs2)c(F)c1,train,train,train,2,2,0.87142855,0.87142855,0.87142855
CO[C@H]1CO[C@H](c2c(NC(=O)c3nc(-c4c(C)cccc4F)sc3N)cnn2C)CC[C@H]1N,train,train,train,4,4,0.8767123,0.8767123,0.8767123
Cn1ncc(NC(=O)c2nc(-c3c(F)cc(C(O)C4CC4)cc3F)sc2N)c1[C@@H]1CC[C@@H](N)[C@H](F)CO1,train,train,train,2,2,0.73333335,0.73333335,0.73333335
COC(c1cc(F)c(-c2nc(C(=O)Nc3cnn(C)c3[C@@H]3CC[C@@H](N)[C@H](F)CO3)cs2)c(F)c1)C1CC1,train,train,train,2,2,0.7808219,0.7808219,0.7808219
COc1ccc(F)c(F)c1-c1nc(C(=O)Nc2cnn(C)c2[C@@H]2CC[C@@H](N)[C@@H](F)CO2)c(N)s1,train,train,train,2,2,0.76,0.76,0.76
CO[C@H]1CO[C@H](c2c(NC(=O)c3nc(-c4c(F)cccc4C(F)(F)F)sc3N)cnn2C)CC[C@H]1N,train,train,test,4,4,0.85333335,0.85333335,0.85333335
CO[C@H]1CO[C@H](c2c(NC(=O)c3nc(-c4c(F)cccc4Cl)sc3N)cnn2C)CC[C@H]1N,train,train,train,4,4,0.8767123,0.8767123,0.8767123
Cn1ncc(NC(=O)c2nc(-c3cnn(C)c3C(F)(F)F)sc2N)c1[C@@H]1CC[C@@H](N)[C@H](F)CO1,train,train,train,2,2,0.7605634,0.7605634,0.80597013
Cn1ncc(NC(=O)c2csc(-c3cnn(C)c3C(F)(F)F)n2)c1[C@@H]1CC[C@@H](N)[C@@H](F)CO1,test,test,train,2,2,0.8,0.8,0.79710144
Cn1ncc(NC(=O)c2csc(-c3c(F)cccc3Cl)n2)c1[C@@H]1CC[C@@H](N)[C@H](F)CO1,train,train,train,2,2,0.880597,0.880597,0.8194444
Cn1ncc(NC(=O)c2nc(-c3cc(Cl)ccc3F)sc2N)c1[C@@H]1CC[C@@H](N)[C@H](F)CO1,train,train,train,2,2,0.82857144,0.82857144,0.8028169
Cn1ncc(NC(=O)c2csc(-c3c(F)cc(C4(O)CCC4)cc3F)n2)c1[C@@H]1CC[C@@H](N)[C@H](F)CO1,train,train,train,2,2,0.942029,0.942029,0.942029
Cn1ncc(NC(=O)c2csc(-c3c(F)cc(C(C)(C)O)cc3F)n2)c1[C@@H]1CC[C@@H](N)[C@H](F)CO1,train,train,train,2,2,0.884058,0.884058,0.884058
Cn1ncc(NC(=O)c2csc(-c3ccccc3C(F)F)n2)c1[C@@H]1CC[C@@H](N)[C@H](F)CO1,train,train,train,2,2,0.7746479,0.7746479,0.7794118
Cn1ncc(NC(=O)c2csc(-c3cc(Br)ccc3F)n2)c1[C@@H]1CC[C@@H](N)[C@H](F)CO1,train,train,train,2,2,0.86567163,0.86567163,0.86567163
Cn1ncc(NC(=O)c2csc(-c3cc(F)ccc3F)n2)c1[C@@H]1CC[C@@H](N)[C@H](F)CO1,train,train,train,2,2,0.9076923,0.9076923,0.9076923
Cn1ncc(NC(=O)c2csc(-c3cc(Cl)ccc3F)n2)c1[C@@H]1CC[C@@H](N)[C@H](F)CO1,train,train,train,2,2,0.8923077,0.8923077,0.8923077
Cc1ccc(F)c(-c2nc(C(=O)Nc3cnn(C)c3[C@@H]3CC[C@@H](N)[C@H](F)CO3)cs2)c1F,train,train,train,2,2,0.85507244,0.85507244,0.8428571
CCc1ccc(F)c(-c2nc(C(=O)Nc3cnn(C)c3[C@@H]3CC[C@@H](N)[C@H](F)CO3)cs2)c1,train,train,test,2,2,0.8405797,0.8405797,0.8405797
Cn1ncc(NC(=O)c2csc(-c3cc(C4CC4)ccc3F)n2)c1[C@@H]1CC[C@@H](N)[C@H](F)CO1,train,train,test,2,2,0.85294116,0.85294116,0.85294116
Cn1ncc(NC(=O)c2csc(-c3ccccc3C(F)(F)F)n2)c1[C@@H]1CC[C@@H](N)[C@H](F)CO1,train,train,train,2,2,0.78571427,0.78571427,0.78571427
Cn1ncc(NC(=O)c2csc(-c3cccc(C(F)(F)F)n3)n2)c1[C@@H]1CC[C@@H](N)[C@H](F)CO1,train,train,train,2,2,0.7638889,0.7638889,0.7638889
Cc1cccc(F)c1-c1nc(C(=O)Nc2cnn(C)c2[C@@H]2CC[C@@H](N)[C@H](F)CO2)cs1,train,train,test,2,2,0.880597,0.880597,0.880597
Cn1ncc(NC(=O)c2nc(-c3ccccc3)sc2N)c1[C@@H]1CC[C@@H](N)[C@H](F)CO1,train,train,train,2,2,0.7794118,0.7794118,0.7794118
Cn1ncc(NC(=O)c2nc(-c3cccc(F)c3F)sc2N)c1[C@@H]1CC[C@@H](N)[C@H](F)CO1,train,train,train,2,2,0.88235295,0.88235295,0.8142857
Cn1ncc(NC(=O)c2csc(-c3ccc(F)cc3F)n2)c1[C@@H]1CC[C@@H](N)[C@H](F)CO1,train,train,train,2,2,0.9076923,0.9076923,0.9076923
Cn1ncc(NC(=O)c2csc(-c3ccccn3)n2)c1[C@@H]1CC[C@@H](N)[C@H](F)CO1,train,train,train,2,2,0.7746479,0.7746479,0.7910448
Cn1ncc(NC(=O)c2csc(-c3ccccc3)n2)c1[C@@H]1CC[C@@H](N)[C@H](F)CO1,test,test,train,2,2,0.7910448,0.7910448,0.79710144
Cn1ncc(NC(=O)c2nc(-c3c(F)cccc3Cl)sc2N)c1[C@@H]1CC[C@@H](N)[C@H](F)CO1,test,test,train,2,2,0.8695652,0.8695652,0.8695652
Cn1ncc(NC(=O)c2nc(-c3c(Cl)cccc3C(F)(F)F)sc2N)c1[C@@H]1CC[C@@H](N)[C@H](F)CO1,train,train,train,2,2,0.7368421,0.7368421,0.8243243
Cc1cccc(F)c1-c1nc(C(=O)Nc2cnn(C)c2[C@@H]2CC[C@@H](N)[C@H](F)CO2)c(N)s1,train,train,train,2,2,0.86567163,0.86567163,0.8695652
Cn1ncc(NC(=O)c2nc(-c3ccccc3C(F)F)sc2N)c1[C@@H]1CC[C@@H](N)[C@H](F)CO1,train,train,train,2,2,0.7714286,0.7714286,0.7714286
Cn1ncc(NC(=O)c2nc(-c3cccc(F)c3Cl)sc2N)c1[C@@H]1CC[C@@H](N)[C@H](F)CO1,train,train,test,2,2,0.88235295,0.88235295,0.88235295
COC1(c2cc(F)c(-c3nc(C(=O)Nc4cnn(C)c4[C@@H]4CC[C@@H](N)[C@H](F)CO4)cs3)c(F)c2)COC1,train,train,train,2,2,0.82666665,0.82666665,0.82666665
Cn1ncc(NC(=O)c2csc(-c3c(F)cc(C4(F)COC4)cc3F)n2)c1[C@@H]1CC[C@@H](N)[C@H](F)CO1,train,train,train,2,2,0.82666665,0.82666665,0.8611111
C[C@@H]1O[C@@H](c2c(NC(=O)c3csc(-c4c(F)cccc4F)n3)cnn2C)C[C@H](N)[C@@]1(C)O,train,train,test,2,2,0.6282051,0.6282051,0.6125
CO[C@@H]1CO[C@H](c2c(NC(=O)c3csc(-c4ncccc4C)n3)cnn2C)CC[C@H]1N,test,test,train,2,2,0.73333335,0.73333335,0.73333335
Cn1ncc(NC(=O)c2csc(-c3c(F)cncc3Cl)n2)c1[C@@H]1CC[C@@H](N)[C@H](F)CO1,train,train,train,2,2,0.8142857,0.8142857,0.90625
CN(C)C(=O)c1cc(F)c(-c2nc(C(=O)Nc3cnn(C)c3[C@@H]3CC[C@@H](N)[C@H](F)CO3)cs2)c(F)c1,train,train,train,2,2,0.8382353,0.8382353,0.8382353
CO[C@@H]1CO[C@H](c2c(NC(=O)c3csc(-c4c(F)cc(C)cc4F)n3)cnn2C)CC[C@H]1N,train,train,train,2,2,0.87142855,0.87142855,0.87142855
COc1ccc(F)c(-c2nc(C(=O)Nc3cnn(C)c3[C@@H]3CC[C@@H](N)[C@H](F)CO3)cs2)c1,train,train,train,2,2,0.8405797,0.8405797,0.8405797
COc1cccc(-c2nc(C(=O)Nc3cnn(C)c3[C@@H]3CC[C@@H](N)[C@H](F)CO3)cs2)c1,test,test,train,2,2,0.7837838,0.7837838,0.8051948
Cn1ncc(NC(=O)c2csc(-c3c(F)ccc(S(C)(=O)=O)c3F)n2)c1[C@@H]1CC[C@@H](N)[C@H](F)CO1,train,train,train,2,2,0.8309859,0.8309859,0.8309859
Cc1cccc(-c2nc(C(=O)Nc3cnn(C)c3[C@@H]3CC[C@@H](N)[C@H](F)CO3)cs2)c1F,train,train,train,2,2,0.8507463,0.8507463,0.85294116
COc1cccc(-c2nc(C(=O)Nc3cnn(C)c3[C@@H]3CC[C@@H](N)[C@H](F)CO3)cs2)c1F,test,test,train,2,2,0.82857144,0.82857144,0.82857144
Cn1ncc(NC(=O)c2csc(-c3c(F)ccc(C4CC4)c3F)n2)c1[C@@H]1CC[C@@H](N)[C@H](F)CO1,train,train,test,2,2,0.85507244,0.85507244,0.85507244
Cn1ncc(NC(=O)c2csc(-c3c(F)cc(F)cc3F)n2)c1[C@@H]1CC[C@@H](N)[C@H](F)CO1,train,train,train,2,2,0.8484849,0.8484849,0.859375
CC(C)C(=O)c1cc(F)c(-c2nc(C(=O)Nc3cnn(C)c3[C@@H]3CC[C@@H](N)[C@H](F)CO3)cs2)c(F)c1,test,test,train,2,2,0.8382353,0.8382353,0.8382353
COc1ccc(F)c(-c2nc(C(=O)Nc3cnn(C)c3[C@@H]3CC[C@@H](N)[C@H](OC)CO3)cs2)c1F,train,train,test,2,2,0.9,0.9,0.9
Cc1cccc(F)c1-c1nc(C(=O)Nc2cnn(C)c2[C@@H]2CC[C@@H](N)[C@H](F)CO2)c(C)s1,train,train,train,2,2,0.93650794,0.93650794,0.93650794
Cc1sc(-c2c(F)cccc2F)nc1C(=O)Nc1cnn(C)c1[C@@H]1CC[C@@H](N)[C@H](F)CO1,train,train,train,2,2,0.93650794,0.93650794,0.93650794
Cc1[nH]nc(-c2nc(C(=O)Nc3cnn(C)c3[C@@H]3CC[C@@H](N)[C@H](F)CO3)cs2)c1C,train,train,train,2,2,0.7777778,0.7777778,0.7777778
Cn1ncc(NC(=O)c2csc(-c3n[nH]c4c3CCCC4)n2)c1[C@@H]1CC[C@@H](N)[C@H](F)CO1,train,train,train,2,2,0.7777778,0.7777778,0.7777778
Cn1ncc(NC(=O)c2ccc(F)c(-c3c(F)cc(Cl)cc3F)n2)c1[C@@H]1CC[C@@H](N)[C@H](F)CO1,test,test,train,2,2,0.9047619,0.9047619,0.9047619
CN(C)C(=O)c1ccc(F)c(-c2nc(C(=O)Nc3cnn(C)c3[C@@H]3CC[C@@H](N)[C@H](F)CO3)cs2)c1F,test,test,train,2,2,0.8194444,0.8194444,0.8194444
Cn1ncc(NC(=O)c2csc(-c3c(F)ccc(C(F)F)c3F)n2)c1[C@@H]1CC[C@@H](N)[C@H](F)CO1,train,train,train,2,2,0.8428571,0.8428571,0.8428571
COc1ccc(C(F)F)c(F)c1-c1nc(C(=O)Nc2cnn(C)c2[C@@H]2CC[C@@H](N)[C@H](F)CO2)cs1,train,train,train,2,2,0.84,0.84,0.84
Cn1ncc(NC(=O)c2csc(-c3cc[nH]n3)n2)c1[C@@H]1CC[C@@H](N)[C@H](F)CO1,train,train,train,2,2,0.75714284,0.75714284,0.75714284
Cn1ncc(NC(=O)c2csc(-c3n[nH]c4ccccc34)n2)c1[C@@H]1CC[C@@H](N)[C@H](F)CO1,train,train,test,2,2,0.7671233,0.7671233,0.7671233
Cn1ncc(NC(=O)c2csc(-c3c(F)cccc3CO)n2)c1[C@@H]1CC[C@@H](N)[C@H](F)CO1,train,train,train,2,2,0.8428571,0.8428571,0.8194444
Cn1ncc(NC(=O)c2csc(-c3cccnc3)n2)c1[C@@H]1CC[C@@H](N)[C@H](F)CO1,test,test,test,2,2,0.7714286,0.7714286,0.84615386
CC(C)Oc1ncccc1-c1nc(C(=O)Nc2cnn(C)c2[C@@H]2CC[C@@H](N)[C@H](F)CO2)cs1,test,test,train,2,2,0.8611111,0.8611111,0.7567568
CN(C)c1ccc(-c2nc(C(=O)Nc3cnn(C)c3[C@@H]3CC[C@@H](N)[C@H](F)CO3)cs2)cn1,train,train,train,2,2,0.7916667,0.7916667,0.75714284
CC(=O)Nc1ccc(-c2nc(C(=O)Nc3cnn(C)c3[C@@H]3CC[C@@H](N)[C@H](F)CO3)cs2)cn1,train,train,test,2,2,0.7916667,0.7916667,0.7916667
Cn1ncc(NC(=O)c2csc(-c3cc(=O)n(C)cc3F)n2)c1[C@@H]1CC[C@@H](N)[C@H](F)CO1,train,train,test,2,2,0.78571427,0.78571427,0.78571427
Cn1ncc(NC(=O)c2csc(-n3cccn3)n2)c1[C@@H]1CC[C@@H](N)[C@H](F)CO1,train,train,train,2,2,0.7222222,0.7222222,0.7222222
Cn1ncc(NC(=O)c2csc(-n3ncc4c3CCCC4)n2)c1[C@@H]1CC[C@@H](N)[C@H](F)CO1,train,train,test,2,2,0.7297297,0.7297297,0.7297297
Cn1ncc(NC(=O)c2csc(-n3cc4c(n3)CCCC4)n2)c1[C@@H]1CC[C@@H](N)[C@H](F)CO1,train,train,train,2,2,0.7297297,0.7297297,0.7222222
Cn1ncc(NC(=O)c2csc(-c3c(F)cc4c(c3F)OCC4)n2)c1[C@@H]1CC[C@@H](N)[C@H](F)CO1,train,train,test,2,2,0.7567568,0.7567568,0.7567568
Cc1cc(F)c(-c2nc(C(=O)Nc3cnn(C)c3[C@@H]3CC[C@@H](N)[C@H](F)CO3)ccc2F)c(F)c1,train,train,test,2,2,0.82608694,0.82608694,0.9047619
Cn1ncc(NC(=O)c2csc(-c3c(F)cc(C(C)(F)F)cc3F)n2)c1[C@@H]1CC[C@@H](N)[C@H](F)CO1,train,train,train,2,2,0.884058,0.884058,0.884058
Cn1ncc(NC(=O)c2csc(-n3ncc4ccccc43)n2)c1[C@@H]1CC[C@@H](N)[C@H](F)CO1,train,train,train,2,2,0.72602737,0.72602737,0.7183099
Cn1ncc(NC(=O)c2csc(-c3cnc4cccnc4c3)n2)c1[C@@H]1CC[C@@H](N)[C@H](F)CO1,train,train,train,2,2,0.7368421,0.7368421,0.75
Cn1ncc(NC(=O)c2csc(-c3c(F)ccc4[nH]ccc34)n2)c1[C@@H]1CC[C@@H](N)[C@H](F)CO1,train,train,train,2,2,0.7702703,0.7702703,0.7702703
Cn1ncc(NC(=O)c2csc(-c3cccc(OCc4ccccc4)c3)n2)c1[C@@H]1CC[C@@H](N)[C@H](F)CO1,test,test,train,2,2,0.6666667,0.6666667,0.8051948
Cn1ncc(NC(=O)c2csc(-c3cccc4c3cnn4C)n2)c1[C@@H]1CC[C@@H](N)[C@H](F)CO1,train,train,train,2,2,0.78571427,0.78571427,0.78571427
Cn1ncc(NC(=O)c2csc(-c3cccc4cnn(C)c34)n2)c1[C@@H]1CC[C@@H](N)[C@H](F)CO1,train,train,test,2,2,0.79710144,0.79710144,0.79710144
CCn1cc(-c2cc3c(cn2)cnn3-c2cccc(N3CCNCC3)n2)cn1,train,train,train,3,3,0.9285714,0.9285714,0.9285714
Cn1cc(-c2cc3c(cn2)cnn3-c2cccc(N3CCNCC3)n2)cn1,test,test,test,3,3,0.9230769,0.9230769,0.9230769
CC(C)c1cncc(-c2cc3c(cn2)cnn3-c2cccc(N3CCCNCC3)n2)c1,train,train,train,3,3,0.9298246,0.9298246,0.9298246
CCc1cncc(-c2cc3c(cn2)cnn3-c2cccc(N3CCNCC3)n2)c1,train,train,test,3,3,0.73770493,0.73770493,0.73770493
CC(C)c1cncc(-c2cc3c(cn2)cnn3-c2cccc(N3CCNCC3)n2)c1,train,train,train,3,3,0.9298246,0.9298246,0.9298246
c1cc(N2CCNCC2)nc(-n2ncc3cnc(-c4cncs4)cc32)c1,train,train,test,3,3,0.70689654,0.70689654,0.70689654
N[C@@H]1CCCN(c2cccc(-n3ncc4cnc(-c5cncs5)cc43)n2)C1,train,train,train,3,3,0.734375,0.734375,0.71428573
c1cc(N2CCNCC2)nc(-n2ncc3cnc(-c4cncc(C5CC5)c4)cc32)c1,train,train,test,3,3,0.84745765,0.84745765,0.9298246
c1cc(N2CCCNCC2)nc(-n2ncc3cnc(-c4cncc(C5CC5)c4)cc32)c1,test,test,train,3,3,0.9298246,0.9298246,0.85714287
C[C@H]1CN(c2cccc(-n3ncc4cnc(-c5cncc(C6COC6)c5)cc43)n2)CCN1,train,train,train,3,3,0.8125,0.8125,0.8125
c1cc(N2CCNCC2)nc(-n2ncc3cnc(-c4cncc(C5COC5)c4)cc32)c1,train,train,train,3,3,0.84745765,0.84745765,0.93333334
OC1CNCCN(c2cccc(-n3ncc4cnc(-c5cncc(C6CC6)c5)cc43)n2)C1,train,train,train,3,3,0.8636364,0.8636364,0.8636364
OC1CNCCN(c2cccc(-n3ncc4cnc(-c5cncc(C6COC6)c5)cc43)n2)C1,train,train,train,3,3,0.8636364,0.8636364,0.8636364
CCc1cncc(-c2cc3c(cn2)cnn3-c2ccc(Cl)c(N3CCC[C@H](N)C3)n2)c1,test,test,train,3,3,0.8142857,0.8142857,0.8142857
c1cc(N2CCCNCC2)nc(-n2ncc3cnc(-c4cncc(C5COC5)c4)cc32)c1,test,test,train,3,3,0.93333334,0.93333334,0.93333334
Cc1cc(-c2cc3c(cn2)cnn3-c2cccc(N3CCNCC3)n2)sn1,train,train,train,3,3,0.9259259,0.9259259,0.9259259
Cc1cc(-c2cc3c(cn2)cnn3-c2cccc(N3CCCNCC3)n2)sn1,train,train,train,3,3,0.9259259,0.9259259,0.9259259
Cc1cncc(-c2cc3c(cn2)cnn3-c2cccc(N3CCNCC3)n2)n1,test,test,train,3,3,0.92156863,0.92156863,0.92156863
Cc1cc(-c2cc3c(cn2)cnn3-c2cccc(N3CCC[C@H](N)C3)n2)sn1,train,train,test,3,3,0.7580645,0.7580645,0.7580645
CCn1cc(-c2cc3c(cn2)cnn3-c2cccc(N3CCCNCC3)n2)cn1,train,train,train,3,3,0.9285714,0.9285714,0.9285714
CCn1cc(-c2cc3c(cn2)cnn3-c2cccc(N3CCN[C@@H](C)C3)n2)cn1,test,test,train,3,3,0.86885244,0.86885244,0.86885244
CCn1cc(-c2cc3c(cn2)cnn3-c2cccc(N3CCC(O)CC3)n2)cn1,test,test,train,3,3,0.8305085,0.8305085,0.8305085
COc1cncc(-c2cc3c(cn2)cnn3-c2cccc(N3CCNCC3)n2)n1,train,train,train,3,3,0.75409836,0.75409836,0.7818182
CCn1cc(-c2cc3c(cn2)cnn3-c2cccc(N3CCNC(C)(C)C3)n2)cn1,train,train,train,3,3,0.7741935,0.7741935,0.7741935
CCn1cc(-c2cc3c(cn2)cnn3-c2cccc(N3CCC(N)CC3)n2)cn1,train,train,train,3,3,0.9310345,0.9310345,0.9310345
Cc1cncc(-c2cc3c(cn2)cnn3-c2cccc(N3CCC[C@H](N)C3)n2)n1,train,train,train,3,3,0.94545454,0.94545454,0.8035714
Cc1cncc(-c2cc3c(cn2)cnn3-c2cccc(N3CCCNCC3)n2)n1,train,train,train,3,3,0.80701756,0.80701756,0.92156863
CCc1cncc(-c2cc3c(cn2)cnn3-c2ccc(C3CC3)c(N3CCC[C@H](N)C3)n2)c1,train,train,train,3,3,0.74285716,0.74285716,0.8142857
CCn1cc(-c2cc3c(cn2)cnn3-c2cccc(N3CCCC(N)CC3)n2)cn1,train,train,train,3,3,0.9310345,0.9310345,0.9310345
Cc1cncc(-c2cc3c(cn2)cnn3-c2cccc(N3CCCNCC3)n2)c1,train,train,train,3,3,0.79310346,0.79310346,0.79310346
CC[C@@H]1CN(c2cccc(-n3ncc4cnc(-c5cnn(CC)c5)cc43)n2)CCN1,train,train,train,3,3,0.7741935,0.7741935,0.86885244
CCn1cc(-c2cc3c(cn2)cnn3-c2cccc(NC3CCCCNC3)n2)cn1,train,train,train,3,3,0.64788735,0.64788735,0.64788735
c1cc(N2CCNCC2)nc(-n2ncc3cnc(-c4cnccn4)cc32)c1,train,train,train,3,3,0.7407407,0.7407407,0.754717
CC(C)(C)n1cc(-c2cc3c(cn2)cnn3-c2cccc(N3CCCNCC3)n2)cn1,train,train,train,3,3,0.8,0.8,0.8
CC(C)n1cc(-c2cc3c(cn2)cnn3-c2cccc(N3CCCNCC3)n2)cn1,train,train,train,3,3,0.8,0.8,0.8
c1cc(N2CCCNCC2)nc(-n2ncc3cnc(-c4cnn(C5CCC5)c4)cc32)c1,train,train,train,3,3,0.7580645,0.7580645,0.94827586
Cn1ncc(-c2cc3c(cn2)cnn3-c2cccc(N3CCCNCC3)n2)cc1=O,train,train,test,3,3,0.78333336,0.78333336,0.78333336
CCc1cncc(-c2cc3c(cn2)cnn3-c2cccc(N3CCNCC3)n2)n1,train,train,test,3,3,0.92727274,0.92727274,0.8214286
CCc1cncc(-c2cc3c(cn2)cnn3-c2cccc(N3CCCNCC3)n2)n1,train,train,test,3,3,0.92727274,0.92727274,0.7966102
CCn1cncc(-c2cc3c(cn2)cnn3-c2cccc(N3CCNCC3)n2)c1=O,train,train,train,3,3,0.6363636,0.6363636,0.6268657
OCCn1cc(-c2cc3c(cn2)cnn3-c2cccc(N3CCCNCC3)n2)cn1,train,train,train,3,3,0.84126985,0.84126985,0.84126985
FCCn1cc(-c2cc3c(cn2)cnn3-c2cccc(N3CCCNCC3)n2)cn1,train,train,train,3,3,0.84126985,0.84126985,0.84126985
FC(F)(F)Cn1cc(-c2cc3c(cn2)cnn3-c2cccc(N3CCCNCC3)n2)cn1,train,train,train,3,3,0.8125,0.8125,0.82539684
N#CCn1cc(-c2cc3c(cn2)cnn3-c2cccc(N3CCCNCC3)n2)cn1,train,train,train,3,3,0.796875,0.796875,0.796875
CCc1cncc(-c2cc3c(cn2)cnn3-c2cccc(N3CCC[C@H](N)C3)n2)n1,train,train,train,3,3,0.8032787,0.8032787,0.8032787
CS(=O)(=O)CCn1cc(-c2cc3c(cn2)cnn3-c2cccc(N3CCCNCC3)n2)cn1,train,train,train,3,3,0.7794118,0.7794118,0.7794118
c1cc(N2CCCNCC2)nc(-n2ncc3cnc(-c4cnn(CC5COC5)c4)cc32)c1,train,train,train,3,3,0.76119405,0.76119405,0.86153847
NC(=O)Cn1cc(-c2cc3c(cn2)cnn3-c2cccc(N3CCCNCC3)n2)cn1,train,train,train,3,3,0.7761194,0.7761194,0.7761194
Cc1cncc(-c2cc3c(cn2)cnn3-c2cccc(C3=CCNCC3)n2)n1,train,train,test,3,3,0.6557377,0.6557377,0.6779661
c1cc(N2CCCNCC2)nc(-n2ncc3cnc(-c4cnn(CC5CC5)c4)cc32)c1,test,test,train,3,3,0.86153847,0.86153847,0.86153847
FC(F)Cn1cc(-c2cc3c(cn2)cnn3-c2cccc(N3CCCNCC3)n2)cn1,train,train,train,3,3,0.8,0.8,0.8
CCn1cc(-c2cc3c(cn2)cnn3-c2cncc(N3CCCNCC3)n2)cn1,test,test,test,3,3,0.8333333,0.8333333,0.8333333
Cc1cnc(O)c(-c2cc3c(cn2)cnn3-c2cncc(N3CCCNCC3)n2)c1,train,train,train,3,3,0.6515151,0.6515151,0.6515151
c1cc(N2CCNCC2)nc(-n2ncc3cnc(-c4cncc(C5CC5)n4)cc32)c1,test,test,train,3,3,0.75,0.75,0.76363635
Cc1cncc(-c2cc3c(cn2)cnn3-c2cccc(C3CCNCC3)n2)n1,train,train,train,3,3,0.7457627,0.7457627,0.7457627
Cc1cncc(-c2cc3c(cn2)cnn3-c2cccc(N3CCNC(C)C3)n2)n1,test,test,test,3,3,0.85714287,0.85714287,0.85714287
CC(C)(C)c1cncc(-c2cc3c(cn2)cnn3-c2cccc(N3CCNCC3)n2)n1,train,train,train,3,3,0.75,0.75,0.7962963
Cc1cncc(-c2cc3c(cn2)cnn3-c2cccc(N3CC(N)CCC3C)n2)n1,train,train,train,3,3,0.73770493,0.73770493,0.7413793
CCc1cncc(-c2cc3c(cn2)cnn3-c2cccc(N3CCNCC(O)C3)n2)n1,test,test,train,3,3,0.7903226,0.7903226,0.7121212
FC(F)n1cc(-c2cc3c(cn2)cnn3-c2cccc(N3CCCNCC3)n2)cn1,test,test,test,3,3,0.8360656,0.8360656,0.8360656
c1cc(N2CCCNCC2)nc(-n2ncc3cnc(-c4cnn(C5CC5)c4)cc32)c1,test,test,train,3,3,0.94827586,0.94827586,0.94827586
c1cc(N2CCCNCC2)nc(-n2ncc3cnc(-c4cncnc4)cc32)c1,train,train,train,3,3,0.79310346,0.79310346,0.79310346
Cc1cncc(-c2cc3c(cn2)cnn3-c2ccc(Cl)c(N3CCC[C@H](N)C3)n2)n1,train,train,train,3,3,0.8360656,0.8360656,0.8360656
N#Cc1cncc(-c2cc3c(cn2)cnn3-c2cccc(N3CCNCC3)n2)n1,train,train,train,3,3,0.8214286,0.8214286,0.8214286
FC(F)(F)Cn1cc(-c2cc3c(cn2)cnn3-c2cncc(N3CCCNCC3)n2)cn1,test,test,train,3,3,0.82539684,0.82539684,0.82539684
FC(F)(F)Cn1cc(-c2cc3c(cn2)cnn3-c2ccnc(N3CCCNCC3)n2)cn1,train,train,train,3,3,0.8,0.8,0.8
c1cc(N2CCCNCC2)nc(-n2ncc3cnc(-c4cn[nH]c4)cc32)c1,train,train,train,3,3,0.7586207,0.7586207,0.7586207
Cc1cncc(-c2cc3c(cn2)cnn3-c2ccc(C3CC3)c(N3CCC[C@H](N)C3)n2)n1,train,train,train,3,3,0.82258064,0.82258064,0.82258064
Cc1cncc(-c2cc3c(cn2)cnn3-c2cccc(N3CCNC(C)CC3)n2)n1,train,train,train,3,3,0.73333335,0.73333335,0.78571427
COc1ccc(-n2ncc3cnc(-c4cncc(C)n4)cc32)nc1N1CCC[C@H](N)C1,train,train,test,3,3,0.82258064,0.82258064,0.82258064
Cc1cncc(-c2cc3c(cn2)cnn3-c2cccc(N3CCCCC(N)C3)n2)n1,train,train,test,3,3,0.94545454,0.94545454,0.94545454
Cc1cncc(-c2cc3c(cn2)cnn3-c2cccc(NC3CCNCC3)n2)n1,train,train,train,3,3,0.7457627,0.7457627,0.7457627
Cc1cncc(-c2cc3c(cn2)cnn3-c2cccc(N3CCC(N)CC3)n2)n1,test,test,train,3,3,0.8035714,0.8035714,0.8035714
Cc1cncc(-c2cc3c(cn2)cnn3-c2cccc(N3CCCC(N)C3C)n2)n1,train,train,test,3,3,0.7096774,0.7096774,0.7118644
Cc1cncc(-c2cc3c(cn2)cnn3-c2ccc(C3CC3)c(N3CCCNCC3)n2)n1,test,test,train,3,3,0.73134327,0.73134327,0.73134327
Cc1cncc(-c2cc3c(cn2)cnn3-c2cccc(N3CCC4(CCNCC4)C3)n2)n1,train,train,train,3,3,0.8333333,0.8333333,0.84745765
Cc1cncc(-c2cc3c(cn2)cnn3-c2cccc(N3CCC4(CCNC4)CC3)n2)n1,train,train,train,3,3,0.86440676,0.86440676,0.86440676
Cc1cncc(-c2cc3c(cn2)cnn3-c2ccc(C#N)c(N3CCC[C@H](N)C3)n2)n1,train,train,train,3,3,0.8095238,0.8095238,0.8095238
Cc1cncc(-c2cc3c(cn2)cnn3-c2cccc(N3C[C@@H](N)CCC3=O)n2)n1,train,train,train,3,3,0.73015875,0.73015875,0.73015875
Cc1cncc(-c2cc3c(cn2)cnn3-c2ccc(C)c(N3CCC[C@H](N)C3)n2)n1,train,train,train,3,3,0.8360656,0.8360656,0.8360656
Cc1cncc(-c2cc3c(cn2)cnn3-c2cccc(N3CCNCCC3=O)n2)n1,train,train,test,3,3,0.7457627,0.7457627,0.76785713
COc1ccc(-n2ncc3cnc(-c4cncc(C)n4)cc32)nc1N1CCNCC(O)C1,train,train,train,3,3,0.7826087,0.7826087,0.7826087
Cc1nc(-c2cc3c(cn2)cnn3-c2cccc(N3CCCNCC3)n2)cnc1N,train,train,train,3,3,0.75,0.75,0.75
Cc1nc(-c2cc3c(cn2)cnn3-c2cccc(N3CCC[C@H](N)C3)n2)cnc1N,train,train,train,3,3,0.7704918,0.7704918,0.7704918
Cc1cncc(-c2cc3c(cn2)cnn3-c2cccc(C3CCCC(N)C3)n2)n1,train,train,train,3,3,0.73770493,0.73770493,0.7413793
Cc1cncc(-c2cc3c(cn2)cnn3-c2cccc(N3CCC4(CNC4)C3)n2)n1,test,test,train,3,3,0.84745765,0.84745765,0.8965517
Cc1cncc(-c2cc3c(cn2)cnn3-c2ccc(F)c(N3CCC[C@H](N)C3)n2)n1,train,train,test,3,3,0.8360656,0.8360656,0.8360656
Cc1cncc(-c2cc3c(cn2)cnn3-c2cccc(N3CCC4(CCCN4)CC3)n2)n1,train,train,train,3,3,0.71875,0.71875,0.7288136
Cc1cncc(-c2cc3c(cn2)cnn3-c2cccc(N3CC4(CCNC4)C3)n2)n1,train,train,train,3,3,0.86440676,0.86440676,0.86440676
Cc1cncc(-c2cc3c(cn2)cnn3-c2ccc(CO)c(N3CCC[C@H](N)C3)n2)n1,train,train,test,3,3,0.796875,0.796875,0.796875
Cc1cncc(-c2cc3c(cn2)cnn3-c2ccc(C(F)(F)F)c(N3CCNCC(O)C3)n2)n1,train,train,train,3,3,0.7826087,0.7826087,0.7826087
Cc1cncc(-c2cc3c(cn2)cnn3-c2ccc(C(F)(F)F)c(N3CCC[C@H](N)C3)n2)n1,test,test,train,3,3,0.8125,0.8125,0.8095238
Cc1cncc(-c2cc3c(cn2)cnn3-c2ccc(C)c(N3C[C@@H](N)CCC3=O)n2)n1,test,test,test,3,3,0.78125,0.78125,0.78125
COc1ncc(-n2ncc3cnc(-c4cncc(C)n4)cc32)nc1N1CCC[C@H](N)C1,train,train,train,3,3,0.8064516,0.8064516,0.8064516
Cc1cncc(-c2cc3c(cn2)cnn3-c2cnc(O)c(N3CCC[C@H](N)C3)n2)n1,test,test,train,3,3,0.8333333,0.8333333,0.8333333
Cn1cc(-c2cc3c(cn2)cnn3-c2cccc(N3CCCNCC3)n2)cn1,train,train,train,3,3,0.8,0.8,0.8
Cc1cncc(-c2cc3c(cn2)cnn3-c2cccc(N3CCC[C@H](N)C3=O)n2)n1,train,train,train,3,3,0.7777778,0.7777778,0.7777778
Cc1cncc(-c2cc3c(cn2)cnn3-c2cnc(Cl)c(N3CCC[C@H](N)C3)n2)n1,train,train,test,3,3,0.8333333,0.8333333,0.8333333
Cc1cncc(-c2cc3c(cn2)cnn3-c2ccc(C(F)F)c(N3CCC[C@H](N)C3)n2)n1,train,train,test,3,3,0.828125,0.828125,0.796875
Cc1cncc(-c2cc3c(cn2)cnn3-c2cnc(C)c(N3CCC[C@H](N)C3)n2)n1,train,train,train,3,3,0.8333333,0.8333333,0.8333333
Cn1cc(-c2cc3c(cn2)cnn3-c2cccc(N3CCNCC(O)C3)n2)cn1,train,train,train,3,3,0.779661,0.779661,0.779661
Cn1cc(-c2cc3c(cn2)cnn3-c2cccc(C3(O)CCCNCC3)n2)cn1,train,train,train,3,3,0.78125,0.78125,0.6769231
Cc1cncc(-c2cc3c(cn2)cnn3-c2cccc(N3CC(O)C(O)C3)n2)n1,train,train,test,3,3,0.88461536,0.88461536,0.88461536
Cc1cncc(-c2cc3c(cn2)cnn3-c2cc(N3CCC[C@H](N)C3)c(=O)n(C)c2)n1,train,train,train,3,3,0.75757575,0.75757575,0.75757575
Cn1cc(-c2cc3c(cn2)cnn3-c2cccc(C3CCCNCC3)n2)cn1,train,train,train,3,3,0.6935484,0.6935484,0.6935484
Cn1cc(-c2cc3c(cn2)cnn3-c2cccc(C3(F)CCCNCC3)n2)cn1,train,train,test,3,3,0.78125,0.78125,0.78125
Cc1cncc(-c2cc3c(cn2)cnn3-c2cnc(C3CC3)c(N3CCC[C@H](N)C3)n2)n1,train,train,train,3,3,0.8196721,0.8196721,0.8196721
Cc1cncc(-c2cc3c(cn2)cnn3-c2cccc(N3CCCN(C4COC4)CC3)n2)n1,train,train,train,3,3,0.6615385,0.6615385,0.6666667
Cc1cncc(-c2cc3c(cn2)cnn3-c2cn(C)c(=O)c(N3CCC[C@H](N)C3)n2)n1,train,train,train,3,3,0.75757575,0.75757575,0.75757575
Cc1cncc(-c2cc3c(cn2)cnn3-c2ccc(C)c(N3CCC[C@H](N)C3=O)n2)n1,train,train,train,3,3,0.7777778,0.7777778,0.7777778
Nc1cncc(-c2cc3c(cn2)cnn3-c2cccc(N3CCCNCC3)n2)n1,train,train,train,3,3,0.80701756,0.80701756,0.80701756
Cc1cncc(-c2cc3c(cn2)cnn3-c2cc(C3COC3)cc(N3CCC[C@H](N)C3)n2)n1,test,test,train,3,3,0.72307694,0.72307694,0.72307694
COc1ccc(-n2ncc3cnc(-c4cncc(C)n4)cc32)nc1N1CCCNC1=O,train,train,train,3,3,0.7258065,0.7258065,0.7258065
Cc1cncc(-c2cc3c(cn2)cnn3-c2cccc(N3CCCNC3=O)n2)n1,train,train,train,3,3,0.7457627,0.7457627,0.7258065
Cn1cc(-c2cc3c(cn2)cnn3-c2cccc(N3CC(O)C3)n2)cn1,train,train,train,3,3,0.8113208,0.8113208,0.8113208
Cn1cc(-c2cc3c(cn2)cnn3-c2cn(C)c(=O)c(N3CCNCC(O)C3)n2)cn1,test,test,train,3,3,0.7205882,0.7205882,0.7205882
OC1CN(c2cccc(-n3ncc4cnc(-c5cnn(CC(F)(F)F)c5)cc43)n2)C1,train,train,train,3,3,0.7288136,0.7288136,0.8305085
Cn1cc(-c2cc3c(cn2)cnn3-c2cccc(N3CC(CN)C3)n2)cn1,train,train,test,3,3,0.8333333,0.8333333,0.8333333
Cn1cc(-c2cc3c(cn2)cnn3-c2cccc(N3CC(N)C3)n2)cn1,train,train,train,3,3,0.8333333,0.8333333,0.8113208
NC1CN(c2cccc(-n3ncc4cnc(-c5cnn(CC(F)(F)F)c5)cc43)n2)C1,test,test,train,3,3,0.8305085,0.8305085,0.86440676
NCC1CN(c2cccc(-n3ncc4cnc(-c5cnn(CC(F)(F)F)c5)cc43)n2)C1,test,test,train,3,3,0.8032787,0.8032787,0.86440676
Cc1cncc(-c2cc3c(cn2)cnn3-c2cccc(C3CNCCC3O)n2)n1,test,test,train,3,3,0.7457627,0.7457627,0.7457627
Cn1cc(-c2cc3c(cn2)cnn3-c2cccc(N3CC4(CCCCN4)C3)n2)cn1,train,train,test,3,3,0.76119405,0.76119405,0.76119405
FC(F)(F)Cn1cc(-c2cc3c(cn2)cnn3-c2cccc(N3CC4(CNC4)C3)n2)cn1,train,train,train,3,3,0.7419355,0.7419355,0.7419355
Cn1cc(-c2cc3c(cn2)cnn3-c2cccc(N3CC4(CNC4)C3)n2)cn1,train,train,train,3,3,0.7419355,0.7419355,0.7419355
FC(F)(F)Cn1cc(-c2cc3c(cn2)cnn3-c2cccc(N3CC4(CCCCN4)C3)n2)cn1,train,train,train,3,3,0.76119405,0.76119405,0.7246377
Cn1cc(-c2cc3c(cn2)cnn3-c2cccc(N3CC(O)(CN)C3)n2)cn1,train,train,train,3,3,0.704918,0.704918,0.704918
OCc1cncc(-c2cc3c(cn2)cnn3-c2cccc(N3CCNCC3)n2)n1,train,train,train,3,3,0.82758623,0.82758623,0.75
C=Cc1cncc(-c2cc3c(cn2)cnn3-c2cccc(N3CCNCC3)n2)n1,train,train,test,3,3,0.7368421,0.7368421,0.75
Clc1cncc(-c2cc3c(cn2)cnn3-c2cccc(N3CCNCC3)n2)n1,train,train,train,3,3,0.7777778,0.7777778,0.7924528
c1ccc(COc2cncc(-c3cc4c(cn3)cnn4-c3cccc(N4CCNCC4)n3)n2)cc1,train,train,train,3,3,0.75409836,0.75409836,0.7619048
OCC(O)c1cncc(-c2cc3c(cn2)cnn3-c2cccc(N3CCNCC3)n2)n1,test,test,train,3,3,0.7966102,0.7966102,0.7966102
OCCOc1cncc(-c2cc3c(cn2)cnn3-c2cccc(N3CCNCC3)n2)n1,test,test,test,3,3,0.76666665,0.76666665,0.8333333
FC(F)c1cncc(-c2cc3c(cn2)cnn3-c2cccc(N3CCNCC3)n2)n1,train,train,train,3,3,0.7368421,0.7368421,0.7966102
OC[C@@H]1CCCN1c1cncc(-c2cc3c(cn2)cnn3-c2cccc(N3CCNCC3)n2)n1,train,train,train,3,3,0.7258065,0.7258065,0.7258065
OC1CN(c2cncc(-c3cc4c(cn3)cnn4-c3cccc(N4CCNCC4)n3)n2)C1,train,train,train,3,3,0.8035714,0.8035714,0.8035714
OCCNc1cncc(-c2cc3c(cn2)cnn3-c2cccc(N3CCNCC3)n2)n1,train,train,train,3,3,0.8032787,0.8032787,0.7258065
O[C@H]1CCC[C@@H]1Nc1cncc(-c2cc3c(cn2)cnn3-c2cccc(N3CCNCC3)n2)n1,train,train,train,3,3,0.68115944,0.68115944,0.6923077
c1cc(N2CCNCC2)nc(-n2ncc3cnc(-c4cncc(N5CCC5)n4)cc32)c1,train,train,train,3,3,0.8035714,0.8035714,0.8035714
CCNc1cncc(-c2cc3c(cn2)cnn3-c2cccc(N3CCNCC3)n2)n1,train,train,test,3,3,0.8032787,0.8032787,0.8032787
NCCOc1cncc(-c2cc3c(cn2)cnn3-c2cccc(N3CCNCC3)n2)n1,test,test,train,3,3,0.76666665,0.76666665,0.76666665
O=c1cncc(-c2cc3c(cn2)cnn3-c2cccc(N3CCNCC3)n2)[nH]1,train,train,train,3,3,0.7118644,0.7118644,0.7118644
Cc1cncc(-c2cc3c(cn2)cnn3-c2cccc(C3(O)CCCNC3)n2)n1,train,train,train,3,3,0.78125,0.78125,0.78125
Cc1cncc(-c2cc3c(cn2)cnn3-c2ccc(=O)n([C@H]3CCCNC3)n2)n1,train,train,train,3,3,0.5507246,0.5507246,0.5555556
Cc1cncc(-c2cc3c(cn2)cnn3-c2cccc(N3CCCC4(CN(C=O)C4)C3)n2)n1,train,train,train,3,3,0.6865672,0.6865672,0.78125
Cc1cncc(-c2cc3c(cn2)cnn3-c2ccc3c(n2)CC(CN)CO3)n1,test,test,test,3,3,0.5263158,0.5263158,0.5522388
Cc1cncc(-c2cc3c(cn2)cnn3-c2cccc(N3CCCC4(CNC4)C3)n2)n1,test,test,train,3,3,0.7903226,0.7903226,0.8965517
Cc1cncc(-c2cc3c(cn2)cnn3-c2cccc(C3(F)CCCNC3)n2)n1,train,train,train,3,3,0.78125,0.78125,0.78125
COC1(c2cccc(-n3ncc4cnc(-c5cncc(C)n5)cc43)n2)CCCNC1,train,train,test,3,3,0.75757575,0.75757575,0.75757575
Cc1cncc(-c2cc3c(cn2)cnn3-c2cccc(N(C)C)n2)n1,train,train,train,3,3,0.6923077,0.6923077,0.6923077
CNc1cccc(-n2ncc3cnc(-c4cncc(C)n4)cc32)n1,train,train,train,3,3,0.6923077,0.6923077,0.6923077
OCC#Cc1cncc(-c2cc3c(cn2)cnn3-c2cccc(N3CCNCC3)n2)n1,train,train,train,3,3,0.8,0.8,0.8
OCCCc1cncc(-c2cc3c(cn2)cnn3-c2cccc(N3CCNCC3)n2)n1,train,train,test,3,3,0.82758623,0.82758623,0.82758623
N[C@H]1CCC[C@@H]1Oc1cncc(-c2cc3c(cn2)cnn3-c2ccccn2)n1,test,test,train,3,3,0.6666667,0.6666667,0.6666667
Cc1cncc(-c2cc3c(cn2)cnn3-c2cccc(OC3CCCC(N)C3)n2)n1,test,test,test,3,3,0.734375,0.734375,0.734375
FC1CCNCC1c1cccc(-n2ncc3cnc(-c4cnn(CC(F)(F)F)c4)cc32)n1,train,train,train,3,3,0.64788735,0.64788735,0.64788735
N[C@H]1CCC[C@@H]1Nc1cncc(-c2cc3c(cn2)cnn3-c2ccccn2)n1,train,train,train,3,3,0.6935484,0.6935484,0.6666667
c1ccc(-n2ncc3cnc(-c4cncc(NC5CNC5)n4)cc32)nc1,train,train,test,3,3,0.6935484,0.6935484,0.6935484
Cn1ncc(-c2cc3c(cn2)cnn3-c2ccccc2F)c1Cl,train,train,train,3,3,0.6440678,0.6440678,0.6440678
Cc1cncc(-c2cc3c(cn2)cnn3-c2cccc(N3CCC(O)C(O)C3)n2)n1,train,train,train,3,3,0.88461536,0.88461536,0.76785713
Cc1cncc(-c2cc3c(cnn3-c3cccc(N4CCNCC4)n3)nn2)n1,train,train,train,3,3,0.7118644,0.7118644,0.9259259
Cn1ncc(-c2cc3c(cn2)cnn3-c2ccccc2F)c1C1=CCNCC1,train,train,train,3,3,0.6440678,0.6440678,0.6440678
C#Cc1cncc(-c2cc3c(cn2)cnn3-c2cccc(N3CCNCC3)n2)n1,train,train,train,3,3,0.8214286,0.8214286,0.8214286
Cn1ncc(-c2cc3c(cn2)cnn3-c2ccccc2F)c1N1CCC(N)CC1,train,train,train,3,3,0.6440678,0.6440678,0.6440678
CC#Cc1cncc(-c2cc3c(cn2)cnn3-c2cccc(N3CCNCC3)n2)n1,train,train,train,3,3,0.8,0.8,0.8
Cn1nc(-c2cccc(N3CCC[C@H](N)C3)n2)c2cc(-c3cccnc3)ncc21,train,train,train,0,0,0.77272725,0.77272725,0.5633803
Cn1cc(-c2cc3c(-c4cccc(N5CCC[C@H](N)C5)n4)nn(C)c3cn2)cn1,train,train,test,0,0,0.77272725,0.77272725,0.77272725
Cc1cncc(-c2cc3c(cnn3-c3cccc(N4CCCNCC4)n3)nn2)n1,test,test,train,3,3,0.9259259,0.9259259,0.9259259
Cc1cncc(-c2ccc3cnn(-c4cccc(N5CCCNCC5)n4)c3c2)n1,train,train,train,3,3,0.7966102,0.7966102,0.7966102
Cc1cncc(-c2cc3c(ccn3-c3cccc(N4CCCNCC4)n3)cn2)n1,train,train,train,3,3,0.7457627,0.7457627,0.7457627
Cc1cncc(-c2cnc3cnn(-c4cccc(N5CCCNCC5)n4)c3c2)n1,train,train,train,3,3,0.7966102,0.7966102,0.7966102
Cc1cncc(-c2cn3c(-c4cccc(N5CCCNCC5)n4)ncc3cn2)n1,test,test,test,3,3,0.6119403,0.6119403,0.6119403
Cc1cncc(-c2cc3c(-c4cccc(N5CCCNCC5)n4)nsc3cn2)n1,train,train,train,3,3,0.65625,0.65625,0.65625
Cc1cncc(-c2cc(F)c3cnn(-c4cccc(N5CCCNCC5)n4)c3c2)n1,train,train,test,3,3,0.7704918,0.7704918,0.7704918
Cn1ncc(NC(=O)c2nc(-c3c(F)cccc3F)sc2N)c1N1CC[C@@H](N)C(F)(F)CC1,train,train,train,4,4,0.8055556,0.8055556,0.8055556
Cn1ncc(NC(=O)c2nc(-c3c(F)cccc3F)sc2N)c1N1CCC[C@H](NCC(F)F)CC1,train,train,train,4,4,0.8378378,0.8378378,0.8378378
Cn1ncc(NC(=O)c2nc(-c3c(F)cccc3F)sc2N)c1N1CCC[C@H](NCC(F)(F)F)CC1,train,train,train,4,4,0.84931505,0.84931505,0.84931505
Cn1ncc(NC(=O)c2csc(-c3c(F)cccc3F)n2)c1N1CCC[C@H](N)CC1,test,test,test,4,4,0.73913044,0.73913044,0.73913044
Cn1ncc(NC(=O)c2nc(-c3c(F)cccc3F)sc2N)c1N1CCCC(O)CC1,test,test,train,4,4,0.8507463,0.8507463,0.8507463
Cn1ncc(NC(=O)c2nc(-c3c(F)cccc3F)sc2N)c1N1CCCNCC1,test,test,train,4,4,0.7777778,0.7777778,0.7777778
Nc1sc(-c2c(F)cccc2F)nc1C(=O)Nc1cnccc1N1CCC[C@H](N)C1,train,train,train,4,4,0.7285714,0.7285714,0.64102566
Nc1ccc(-c2ccccc2F)nc1C(=O)Nc1cnccc1N1CCC[C@H](N)C1,train,train,test,4,4,0.8088235,0.8088235,0.8088235
CC(C)(O)[C@H]1CC[C@H](Nc2ccc3ncc(-c4cccc(C(F)(F)F)c4)n3n2)CC1,train,train,train,1,1,0.62711865,0.62711865,0.62711865
O=C1NC(=O)/C(=C/c2ccnc(N3CCC(CNCc4ccc5ccccc5n4)CC3)n2)S1,train,train,train,1,1,0.32941177,0.32941177,0.27272728
NC(=O)c1cc(Cl)c2c(Cl)c(C#CCO)n([C@H]3CCCNC3)c2n1,test,test,train,1,1,0.8666667,0.8666667,0.8666667
CC(O)C#Cc1c(Cl)c2c(Cl)cc(C(N)=O)nc2n1[C@H]1CCCNC1,test,test,test,1,1,0.8125,0.8125,0.75
NC(=O)c1cc(Cl)c2c(Cl)c(C#CCCO)n([C@H]3CCCNC3)c2n1,train,train,train,1,1,0.8153846,0.8153846,0.8666667
CC(O)CC#Cc1c(Cl)c2c(Cl)cc(C(N)=O)nc2n1[C@H]1CCCNC1,train,train,test,1,1,0.7846154,0.7846154,0.8095238
COCCC#Cc1c(Cl)c2c(Cl)cc(C(N)=O)nc2n1[C@H]1CCCNC1,train,train,train,1,1,0.8153846,0.8153846,0.8153846
NC(=O)c1cc(Cl)c2c(Cl)c(C#CC3CCCO3)n([C@H]3CCCNC3)c2n1,train,train,train,1,1,0.875,0.875,0.875
CC1(C#Cc2c(Cl)c3c(Cl)cc(C(N)=O)nc3n2[C@H]2CCCNC2)COC1,test,test,test,1,1,0.71428573,0.71428573,0.7058824
CN1CC(C#Cc2c(Cl)c3c(Cl)cc(C(N)=O)nc3n2[C@H]2CCCNC2)CC1=O,train,train,train,1,1,0.71428573,0.71428573,0.71428573
NC(=O)c1cc(Cl)c2c(Cl)c(C#CC3CNCCO3)n([C@H]3CCCNC3)c2n1,train,train,train,1,1,0.875,0.875,0.875
