smiles,split_shipped,split_R0_from_D0,split_R2_from_D2,cluster_D0,cluster_D2,nn_ecfp4_sim_to_train_shipped,nn_ecfp4_sim_to_train_R0,nn_ecfp4_sim_to_train_R2
CCC(Cc1ccc(OC)c(C(=O)NCc2ccc(OCCc3ccccc3)cc2)c1)C(=O)O,train,train,train,4,4,0.8363636,0.8363636,0.82758623
CC[C@@H](Cc1ccc(OC)c(C(=O)NCc2ccc(Oc3ccc(F)cc3)cc2)c1)C(=O)O,train,train,train,4,4,0.8518519,0.8518519,0.8113208
CCCCC(Cc1ccc(OC)c(C(=O)NCc2ccc(C(F)(F)F)cc2)c1)C(=O)O,test,test,train,4,4,0.8214286,0.8214286,0.8214286
CCC(Cc1ccc(OC)c(C(=O)NCCc2ccc(C(F)(F)F)cc2)c1)C(=O)O,train,train,train,4,4,0.8181818,0.8181818,0.8181818
CCC(Cc1ccc(OC)c(C(=O)NCc2ccc(OC(F)(F)F)cc2)c1)C(=O)O,train,train,train,4,4,0.8113208,0.8113208,0.8113208
CCCc1cc(Oc2ccc(Cl)cc2)ccc1OCCCOc1cccc(C2SC(=O)NC2=O)c1,test,test,train,2,2,0.88135594,0.88135594,0.88135594
CCC(Cc1ccc(OC)c(CCCc2ccc(C(F)(F)F)cc2)c1)C(=O)O,train,train,train,4,4,0.6964286,0.7017544,0.7017544
CCC(Cc1ccc(OC)c(C(=O)NCc2ccc(OCc3ccccc3)cc2)c1)C(=O)O,train,train,train,4,4,0.82758623,0.82758623,0.82758623
COc1ccc(CCC(=O)O)cc1C(=O)NCc1ccc(C(F)(F)F)cc1,train,train,train,4,4,0.877551,0.877551,0.877551
CCC(Cc1ccc(OC)c(C(=O)NCc2cccc(OC)c2)c1)C(=O)O,test,test,train,4,4,0.8703704,0.8703704,0.8703704
CCC(CC)(Cc1ccc(OC)c(C(=O)NCc2ccc(C(F)(F)F)cc2)c1)C(=O)O,train,train,train,4,4,0.8039216,0.8039216,0.7169811
CCCc1cc(Oc2ccc(Cl)c(C)c2)ccc1OCCCOc1cccc(C2SC(=O)NC2=O)c1,test,test,train,2,2,0.8181818,0.8181818,0.8730159
CCSC(Cc1ccc(OC)c(C(=O)NCc2ccc(C(F)(F)F)cc2)c1)C(=O)O,train,train,test,4,4,0.7413793,0.7413793,0.7413793
CCOC(Cc1ccc(OC)c(C(=O)NCc2ccc(C(F)(F)F)cc2)c1)C(=O)O,train,train,train,4,4,0.75438595,0.75438595,0.8333333
COc1ccc(CC(OC)C(=O)O)cc1C(=O)NCc1ccc(C(F)(F)F)cc1,test,test,train,4,4,0.8333333,0.8333333,0.8333333
CCC(Cc1ccc(OC)c(C(=O)NCc2cccc(Oc3ccccc3)c2)c1)C(=O)O,train,train,train,4,4,0.8703704,0.8703704,0.8703704
CCC(Cc1ccc(OC)c(C(=O)NCc2ccc(Oc3ccccc3)cc2)c1)C(=O)O,train,train,test,4,4,0.8703704,0.8703704,0.8703704
COc1ccc(CC(C)C(=O)O)cc1C(=O)NCc1ccc(C(F)(F)F)cc1,train,train,train,4,4,0.8269231,0.8269231,0.8269231
COc1ccc(CC(C)(C)C(=O)O)cc1C(=O)NCc1ccc(C(F)(F)F)cc1,train,train,test,4,4,0.8039216,0.8039216,0.8039216
CCC(Cc1ccc(OC)c(C(=O)NCc2ccccc2)c1)C(=O)O,test,test,test,4,4,0.9361702,0.9361702,0.8541667
CCCc1cc(Oc2ccc(F)c(C)c2)ccc1OCCCOc1cccc(C2SC(=O)NC2=O)c1,train,train,train,2,2,0.84126985,0.84126985,0.84126985
CCC(Cc1ccc(OC)c(CNCc2ccc(C(F)(F)F)cc2)c1)C(=O)O,test,test,test,4,4,0.72727275,0.75,0.75
CCC(Cc1ccc(OC)c(C(=O)Nc2ccc(C(F)(F)F)cc2)c1)C(=O)O,train,train,train,4,4,0.7818182,0.7818182,0.7818182
CCCc1cc(Oc2ccc(F)cc2)ccc1OCCCOc1cccc(C2SC(=O)NC2=O)c1,train,train,train,2,2,0.8965517,0.8965517,0.8965517
CCC(Cc1ccc(OC)c(CC(=O)Nc2ccc(C(F)(F)F)cc2)c1)C(=O)O,test,train,train,4,4,0.7368421,0.7368421,0.75
CCCC(Cc1ccc(OC)c(C(=O)NCc2ccc(C(F)(F)F)cc2)c1)C(=O)O,test,test,test,4,4,0.8518519,0.8518519,0.8909091
CCCc1cc(Oc2ccc(Cl)c(Cl)c2)ccc1OCCCOc1cccc(C2SC(=O)NC2=O)c1,test,test,train,2,2,0.8360656,0.8360656,0.8730159
COc1ccc(CC(C(=O)O)C(C)C)cc1C(=O)NCc1ccc(C(F)(F)F)cc1,train,train,train,4,4,0.8269231,0.8269231,0.8269231
CCC(Cc1ccc(OC)c(C(=O)NCc2ccc(OC)cc2)c1)C(=O)O,train,train,train,4,4,0.84313726,0.84313726,0.82
CCC(Cc1ccc(OC)c(C(=O)NCc2ccc(-c3ccccc3)cc2)c1)C(=O)O,train,train,test,4,4,0.84313726,0.84313726,0.8039216
CCCc1cc(Oc2ccccc2)ccc1OCCCOc1cccc(C2SC(=O)NC2=O)c1,train,train,train,2,2,0.8965517,0.8965517,0.8965517
CCC(Cc1ccc(OC)c(C(=O)NCc2cccc(C(F)(F)F)c2)c1)C(=O)O,train,train,test,4,4,0.8214286,0.8214286,0.8214286
COc1ccc(CCCC(=O)O)cc1C(=O)NCc1ccc(C(F)(F)F)cc1,train,train,train,4,4,0.877551,0.877551,0.877551
CCC(Cc1ccc(OC)c(C(=O)NCc2ccc(Cl)cc2)c1)C(=O)O,train,train,train,4,4,0.82,0.82,0.82
CCC(Cc1ccc(OC)c(NC(=O)Cc2ccc(C(F)(F)F)cc2)c1)C(=O)O,test,test,train,4,4,0.67241377,0.75,0.75
CCC(Cc1ccc(OC)c(C(=O)NCc2ccccc2OC)c1)C(=O)O,train,train,train,4,4,0.7735849,0.7735849,0.7358491
CCC(Cc1ccc(OC)c(C(=O)NCc2ccc(CCc3ccccc3)cc2)c1)C(=O)O,train,train,test,4,4,0.84313726,0.84313726,0.8363636
CCC(Cc1ccc(OC)c(C(=O)NCc2ccc(C(F)(F)F)cc2)c1)C(=O)O,train,train,train,4,4,0.8214286,0.8214286,0.8214286
CCC(Cc1ccc(OC)c(C(=O)CCc2ccc(C(F)(F)F)cc2)c1)C(=O)O,train,train,train,4,4,0.7368421,0.7368421,0.7368421
CC(C)OC(Cc1ccc(OCCc2noc(-c3ccccc3C(F)(F)F)n2)cc1)C(=O)O,train,train,train,3,3,0.7419355,0.7419355,0.7419355
CC(C)OC(Cc1ccc(OCc2noc(-c3ccccc3)n2)cc1)C(=O)O,test,test,train,3,3,0.8679245,0.8679245,0.8518519
CC(C)OC(Cc1ccc(OCc2noc(-c3ccc(OC(F)(F)F)cc3)n2)cc1)C(=O)O,test,test,train,3,3,0.8333333,0.8333333,0.8333333
Cc1cccc(-c2nc(COc3ccc(CC(OC(C)C)C(=O)O)cc3)no2)c1,train,train,train,3,3,0.8196721,0.8196721,0.8245614
CC(C)OC(Cc1ccc(OCc2noc(-c3ccc(F)cc3)n2)cc1)C(=O)O,train,train,train,3,3,0.8545455,0.8545455,0.85714287
CC(C)OC(Cc1ccc(OCc2noc(-c3cc(F)cc(F)c3)n2)cc1)C(=O)O,train,train,train,3,3,0.84745765,0.84745765,0.84745765
CC(C)OC(Cc1ccc(OCCc2noc(-c3ccccc3)n2)cc1)C(=O)O,train,train,train,3,3,0.83928573,0.83928573,0.8545455
CC(C)OC(Cc1ccc(OCCc2noc(-c3cc(C(F)(F)F)cc(C(F)(F)F)c3)n2)cc1)C(=O)O,train,train,train,3,3,0.85714287,0.85714287,0.7580645
CC(C)OC(Cc1ccc(OCCc2noc(-c3cccc(Cl)c3)n2)cc1)C(=O)O,train,train,train,3,3,0.82258064,0.82258064,0.82258064
Cc1ccc(-c2nc(COc3ccc(CC(OC(C)C)C(=O)O)cc3)no2)cc1,train,train,test,3,3,0.8545455,0.8545455,0.8703704
CC(C)OC(Cc1ccc(OCc2noc(-c3ccc(Cl)cc3)n2)cc1)C(=O)O,train,train,test,3,3,0.8545455,0.8545455,0.84210527
CC(C)OC(Cc1ccc(OCc2noc(-c3ccc(C(F)(F)F)cc3)n2)cc1)C(=O)O,train,train,train,3,3,0.86206895,0.86206895,0.8333333
CC(C)OC(Cc1ccc(OCCc2noc(-c3ccc(F)cc3)n2)cc1)C(=O)O,test,test,train,3,3,0.85714287,0.85714287,0.85714287
CC(C)OC(Cc1ccc(OCCc2noc(-c3ccc(Cl)cc3)n2)cc1)C(=O)O,train,train,train,3,3,0.84210527,0.84210527,0.84210527
CC(C)OC(Cc1ccc(OCc2noc(-c3cccc(F)c3)n2)cc1)C(=O)O,train,train,train,3,3,0.8666667,0.8666667,0.8666667
Cc1ccccc1-c1nc(COc2ccc(CC(OC(C)C)C(=O)O)cc2)no1,train,train,test,3,3,0.7457627,0.7457627,0.7894737
CC(C)OC(Cc1ccc(OCCc2noc(-c3cccc(C(F)(F)F)c3)n2)cc1)C(=O)O,train,train,test,3,3,0.85714287,0.85714287,0.85714287
CC(C)OC(Cc1ccc(OCCc2noc(-c3cccc(F)c3)n2)cc1)C(=O)O,train,train,train,3,3,0.8666667,0.8666667,0.8666667
CC(C)OC(Cc1ccc(OCc2noc(-c3ccc(Br)cc3)n2)cc1)C(=O)O,test,test,train,3,3,0.8703704,0.8703704,0.8518519
CC(C)OC(Cc1ccc(OCc2noc(-c3ccc(C(C)(C)C)cc3)n2)cc1)C(=O)O,train,train,test,3,3,0.86206895,0.86206895,0.86206895
CC(C)OC(Cc1ccc(OCc2noc(C3CCCCC3)n2)cc1)C(=O)O,train,train,train,3,3,0.63492066,0.63492066,0.6451613
Cc1oc(-c2ccccc2)nc1CCOc1ccc(CC(Oc2ccccc2)C(=O)O)cc1,train,train,train,1,1,0.7407407,0.7407407,0.7407407
Cc1oc(-c2ccc(-c3ccccc3)cc2)nc1CCOc1ccc(CC(C)(Oc2ccccc2)C(=O)O)cc1,train,train,train,1,1,0.94545454,0.94545454,0.94545454
CCCCC(Cc1ccc(OCCc2nc(-c3ccccc3)oc2C)cc1)(Oc1ccccc1)C(=O)O,train,train,test,1,1,0.8305085,0.8305085,0.8305085
Cc1oc(-c2ccccc2)nc1CCOc1ccc(OC(C)(Cc2ccccc2)C(=O)O)cc1,test,test,train,1,1,0.9074074,0.9074074,0.9074074
CCC(Cc1ccc(OCCc2nc(-c3ccccc3)oc2C)cc1)(Oc1ccccc1)C(=O)O,train,train,train,1,1,0.8305085,0.8305085,0.75
Cc1oc(-c2cccc(-c3ccccc3)c2)nc1CCOc1ccc(CC(C)(Oc2ccccc2)C(=O)O)cc1,train,train,train,1,1,0.9322034,0.9322034,0.9322034
CN(CCOc1ccc(C[C@H](Nc2ccccc2C(=O)c2ccccc2)C(=O)O)cc1)c1nc2ccccc2o1,train,train,train,3,3,0.69014084,0.69014084,0.69014084
CC(C)(Oc1cccc(CCCN(Cc2ccc(C(F)(F)F)cc2C(F)(F)F)C(=O)COc2ccc(Cl)c(Cl)c2)c1)C(=O)O,train,train,train,0,0,0.73239434,0.73239434,0.73239434
CC(C)(Oc1cccc(CCCN(C(=O)Cc2ccc(C(F)(F)F)cc2)c2cccc(-c3ncon3)c2C2CC2)c1)C(=O)O,test,test,test,0,0,0.77380955,0.77380955,0.7241379
CC(C)(Oc1cccc(CCCN(C(=O)COc2ccc(Cl)c(Cl)c2)c2cccc(-c3ncon3)c2C2CC2)c1)C(=O)O,train,train,train,0,0,0.6931818,0.6931818,0.516129
CC(C)(Oc1cccc(CCCN(C(=O)c2ccc(C(F)(F)F)c(C(F)(F)F)c2)c2cccc(-c3ncon3)c2C2CC2)c1)C(=O)O,train,train,test,0,0,0.6931818,0.6931818,0.6931818
CC(C)(Oc1cccc(CCCN(Cc2ccc(C(F)(F)F)cc2C(F)(F)F)C(=O)Cc2ccc(C(F)(F)F)cc2)c1)C(=O)O,train,train,train,0,0,0.73239434,0.73239434,0.73239434
CC(C)(Oc1cccc(CCCN(CCOC(=O)c2ccc(N=C=O)cc2)Cc2ccc(C(F)(F)F)cc2C(F)(F)F)c1)C(=O)O,train,train,train,0,0,0.6282051,0.6282051,0.6282051
CCO[C@@H](Cc1ccc(OCC=C(c2ccc(-c3ccco3)cc2)c2ccc(-c3ccco3)cc2)cc1)C(=O)O,train,train,test,3,3,0.76785713,0.76785713,0.73214287
CCO[C@@H](Cc1ccc(OCC=C(c2ccc(-c3ccccc3)cc2)c2ccc(-c3ccccc3)cc2)cc1)C(=O)O,train,train,test,3,3,0.8367347,0.8367347,0.8367347
CCO[C@@H](Cc1ccc(OCCn2c3ccccc3c3ccccc32)cc1)C(=O)O,train,train,train,3,3,0.8490566,0.8490566,0.8490566
CCO[C@@H](Cc1ccc(OCC=C(c2ccc(Br)cc2)c2ccc(Br)cc2)cc1)C(=O)O,train,train,train,3,3,0.81632656,0.81632656,0.81632656
CCO[C@@H](Cc1ccc(OC/C=C(\c2ccccc2)c2ccc(F)cc2)cc1)C(=O)O,test,test,train,3,3,0.8076923,0.8076923,0.7692308
CCO[C@@H](Cc1ccc(OCC=C(c2ccc(C)cc2)c2ccc(C)cc2)cc1)C(=O)O,train,train,train,3,3,0.8367347,0.8367347,0.8333333
CCO[C@@H](Cc1ccc(OCC=C(c2ccc(OC)cc2)c2ccc(OC)cc2)cc1)C(=O)O,train,train,train,3,3,0.8333333,0.8333333,0.8333333
CCCc1cc(Oc2ccc(Cl)cc2)ccc1OCCCOc1ccc(C2SC(=O)NC2=O)cc1,train,train,train,2,2,0.7258065,0.7258065,0.8333333
CCCCCCCN(CCc1ccc(OC(C)(C)C(=O)O)cc1)C(=O)Nc1ccc(F)cc1,train,train,train,0,0,0.7741935,0.7741935,0.7741935
CCCCCCCN(CCc1ccc(OC(C)(C)C(=O)O)cc1)C(=O)Nc1ccc(F)cc1F,train,train,train,0,0,0.7704918,0.7704918,0.7704918
CC(C)(Oc1ccc(CCN(C(=O)Nc2ccc(F)cc2F)C2CCCCCC2)cc1)C(=O)O,train,train,train,0,0,0.64705884,0.64705884,0.64705884
CC(C)(Oc1ccc(CCN(CCCCCC2CCCCC2)C(=O)Nc2ccc(F)cc2)cc1)C(=O)O,train,train,train,0,0,0.7741935,0.7741935,0.7741935
Cc1oc(-c2ccccc2)nc1CCOc1ccc(C[C@@H](C(=O)O)N2CCOCC2)cc1,train,train,test,1,1,0.83870965,0.75,0.83870965
CC(C)(Oc1ccc(CCCN(CCc2c(F)cccc2Cl)C(=O)Nc2cccc(Cl)c2Cl)cc1)C(=O)O,train,train,train,0,0,0.5540541,0.5540541,0.5540541
CCCN[C@@H](Cc1ccc(OCCc2nc(-c3ccccc3)oc2C)cc1)C(=O)O,train,train,test,1,1,0.6923077,0.6923077,0.6923077
COC(=O)c1ccccc1N[C@@H](Cc1ccc(OCCc2nc(-c3ccccc3)oc2C)cc1)C(=O)O,train,train,train,1,1,0.8548387,0.8548387,0.8548387
Cc1oc(-c2ccccc2)nc1CCOc1ccc(CC2C(=O)NOC2=O)cc1,test,test,train,1,1,0.6721311,0.6721311,0.6721311
CCOC(=O)C(C)(C)Oc1ccc(Cl)cc1,train,train,train,0,0,0.4716981,0.5121951,0.5121951
CCCc1c(OCCCSc2ccc(CC(=O)O)cc2Cl)ccc2c(-c3ccccc3)coc12,train,train,train,2,2,0.8181818,0.8181818,0.8181818
CCOC(Cc1ccc(OCCN(C)c2nc3ccccc3o2)cc1)C(=O)O,train,train,train,3,3,0.625,0.625,0.625
NC(=O)C(Cc1ccc(OCCOc2ccc3ccccc3c2)cc1)C(=O)O,train,train,train,3,3,0.77272725,0.77272725,0.77272725
CCCc1ccccc1OCCCOc1cccc(C2OC(=O)NC2=O)c1,train,train,test,2,2,0.7894737,0.7894737,0.7894737
CCCc1cc(C=C2CCCCC2)ccc1OCCCOc1cccc(C2SC(=O)NC2=O)c1,train,train,train,2,2,0.71428573,0.71428573,0.71428573
CCCc1c(OCCCSc2ccc(CC(=O)O)cc2Cl)ccc2c(-c3ccccc3)noc12,train,train,train,2,2,0.7887324,0.7887324,0.7887324
CCCc1c(OCCCCOc2cccc(OCC(=O)O)c2)ccc2c(-c3ccccc3)noc12,train,train,train,2,2,0.8305085,0.8305085,0.8448276
CCCc1c(OCCCCOc2ccc(C(C)(C)CC(=O)O)cc2)ccc2c(-c3ccccc3)noc12,train,train,train,2,2,0.8095238,0.8095238,0.8095238
CCCc1cc(OC2CCCCC2)ccc1OCCCOc1cccc(C2SC(=O)NC2=O)c1,train,train,test,2,2,0.76119405,0.76119405,0.76119405
CCCc1c(OCCCCOc2ccc(/C=C/C(=O)O)cc2)ccc2c(-c3ccccc3)noc12,train,train,train,2,2,0.73846155,0.73846155,0.73846155
CCCc1c(OCCCOc2ccc(CCCC(=O)O)cc2)ccc2c(-c3ccccc3)noc12,train,train,train,2,2,0.9649123,0.9649123,0.9649123
COC(=O)C(Cc1ccc(OCCOc2ccc3ccccc3c2)cc1)C(=O)O,train,train,train,3,3,0.902439,0.902439,0.902439
CCCc1c(OCCOc2ccc(CCCC(=O)O)cc2)ccc2c(-c3ccccc3)noc12,train,train,train,2,2,0.9649123,0.9649123,0.9649123
COC(=O)C(Cc1ccc(OCCOc2ccc3c(c2)NCCC3)cc1)C(=O)O,test,test,train,3,3,0.92,0.92,0.92
CCCc1c(OCCCCOc2ccc(CC(=O)O)cc2)ccc2c(-c3ccccc3)noc12,test,test,test,2,2,0.96363634,0.96363634,0.84745765
CCCc1c(OCCCOc2ccc(OC(C)C(=O)O)cc2)ccc2c(-c3ccccc3)noc12,train,train,train,2,2,0.96428573,0.96428573,0.96428573
CCCc1c(OCCCCOc2ccc(OC(C)(C)C(=O)O)cc2)ccc2c(-c3ccccc3)noc12,test,test,train,0,0,0.8548387,0.8548387,0.8548387
NC(=O)C(Cc1ccc(OCCOc2ccc3c(c2)NCCC3)cc1)C(=O)O,test,test,train,3,3,0.7735849,0.7735849,0.8113208
CCCc1c(OCCCCOc2cccc(C(=O)O)c2)ccc2c(-c3ccccc3)noc12,train,train,train,2,2,0.8305085,0.8305085,0.8305085
CCCc1cc(-c2ccccc2)ccc1OCCCOc1cccc(C2OC(=O)NC2=O)c1,train,train,train,2,2,0.7894737,0.7894737,0.7076923
CCCc1c(OCCCCOc2ccc(CCC(=O)O)cc2)ccc2c(-c3ccccc3)noc12,train,train,train,2,2,0.88135594,0.88135594,0.88135594
CCCc1c(OCCCCOc2cccc(C(C)(C)C(=O)O)c2)ccc2c(-c3ccccc3)noc12,train,train,test,2,2,0.82539684,0.82539684,0.82539684
COC(=O)C(Cc1ccc(OCCOc2ccc3c(c2)NCCC3)cc1)C(=O)OC,train,train,train,3,3,0.74,0.74,0.92
CCCc1cc(C2CCCCCC2)ccc1OCCCOc1cccc(C2OC(=O)NC2=O)c1,train,train,train,2,2,1.0,1.0,1.0
CCCc1c(OCCCCOc2ccc(CC(C)(C)C(=O)O)cc2)ccc2c(-c3ccccc3)noc12,test,test,test,0,0,0.78125,0.78125,0.78125
CCCc1c(OCCCOc2ccc(OCC(=O)O)cc2)ccc2c(-c3ccccc3)noc12,test,test,train,2,2,0.8448276,0.8448276,0.8448276
CCCc1c(OCCCCOc2ccc(OC(C)C(=O)O)cc2)ccc2c(-c3ccccc3)noc12,train,train,train,2,2,0.96428573,0.96428573,0.96428573
COC(=O)C(Cc1ccc(OCCOc2ccc3c(c2)CCCC3)cc1)C(=O)OC,train,train,train,3,3,0.74,0.74,0.74
CCCc1c(OCCCCOc2cccc(CC(=O)O)c2)ccc2c(-c3ccccc3)noc12,train,train,train,2,2,0.8064516,0.8064516,0.8064516
CCCc1cc(C2CCCCC2)ccc1OCCCOc1cccc(C2OC(=O)NC2=O)c1,train,train,train,2,2,1.0,1.0,1.0
COC(=O)C(Cc1ccc(OCCOc2ccc3ccccc3c2)cc1)C(=O)OC,train,train,train,3,3,0.902439,0.902439,0.902439
CCCc1c(OCCCOc2ccc(CC(=O)O)cc2)ccc2c(-c3ccccc3)noc12,train,train,test,2,2,0.8333333,0.8333333,0.8333333
CCCc1c(OCCCCOc2cccc(OC(C)(C)C(=O)O)c2)ccc2c(-c3ccccc3)noc12,train,train,train,0,0,0.8064516,0.8064516,0.8548387
CCCc1cc(C(=O)C2CCCCC2)ccc1OCCCOc1cccc(C2SC(=O)NC2=O)c1,train,train,test,2,2,0.75,0.75,0.7285714
CCCc1cc(CC2CCCCC2)ccc1OCCCOc1cccc(C2SC(=O)NC2=O)c1,train,train,train,2,2,0.76119405,0.76119405,0.71428573
CCCc1c(OCCCCOc2ccc(C(C)(C)C(=O)O)cc2)ccc2c(-c3ccccc3)noc12,train,train,train,0,0,0.82539684,0.82539684,0.8095238
COc1ccc(C)cc1NC(=O)N(CCc1ccc(SC(C)(C)C(=O)O)cc1)CCc1ccc(-c2ccccc2)cc1,train,train,train,0,0,0.75384617,0.75384617,0.75384617
CC(C)(Sc1ccc(CCN(CCCCC2CCCCC2)C(=O)Nc2cc(Cl)cc(Cl)c2)cc1)C(=O)O,train,train,train,0,0,0.73239434,0.73239434,0.73239434
CC(C)c1ccc(NC(=O)N(CCc2ccc(SC(C)(C)C(=O)O)cc2)CCc2ccc(-c3ccccc3)cc2)cc1,test,test,train,0,0,0.7457627,0.7457627,0.7457627
COc1ccc(NC(=O)N(CCc2ccc(SC(C)(C)C(=O)O)cc2)CCc2ccc(-c3ccccc3)cc2)c(OC)c1,train,train,train,0,0,0.75384617,0.75384617,0.75384617
Cc1ccc(NC(=O)N(CCCCC2CCCCC2)CCc2ccc(SC(C)(C)C(=O)O)cc2)cc1[N+](=O)[O-],train,train,test,0,0,0.7027027,0.7027027,0.7027027
Cc1cc(C)c(NC(=O)N(CCc2ccc(SC(C)(C)C(=O)O)cc2)CCc2ccc(-c3ccccc3)cc2)cc1C,train,train,test,0,0,0.7419355,0.7419355,0.7419355
CC(C)(Sc1ccc(CCN(CCCCC2CCCCC2)C(=O)Nc2cccc(C#N)c2)cc1)C(=O)O,train,train,train,0,0,0.73239434,0.73239434,0.73239434
CC(C)(Sc1ccc(CCN(CCc2ccc(-c3ccccc3)cc2)C(=O)Nc2cc(Cl)cc(Cl)c2)cc1)C(=O)O,train,train,train,0,0,0.7,0.7,0.7457627
CC(C)(Sc1ccc(CCN(CCc2ccc(-c3ccccc3)cc2)C(=O)NC2CCCCC2)cc1)C(=O)O,test,test,train,0,0,0.61904764,0.61904764,0.61904764
COc1ccccc1NC(=O)N(CCCCC1CCCCC1)CCc1ccc(SC(C)(C)C(=O)O)cc1,test,test,train,0,0,0.6805556,0.6805556,0.6805556
CCCn1c(CCCc2ccc(OC(C)(C)C(=O)O)cc2)nn(Cc2ccc(C)cc2)c1=O,train,train,train,0,0,0.89285713,0.89285713,0.89285713
CCCCCCn1c(CCc2ccc(OC(C)(C)C(=O)O)cc2)nn(Cc2cccc(OC)c2)c1=O,train,train,train,0,0,0.8333333,0.8333333,0.8333333
Cc1ccc(Cn2nc(CCCc3ccc(OC(C)(C)C(=O)O)cc3)n(C)c2=O)cc1C,test,test,train,0,0,0.7758621,0.7758621,0.7758621
Cc1ccc(Cn2nc(CCCc3ccc(OC(C)(C)C(=O)O)cc3)nc2O)cc1,train,train,train,0,0,0.62903225,0.62903225,0.62903225
Cc1ccc(Cn2nc(CCCc3ccc(OC(C)(C)C(=O)O)cc3)n(CC(=O)O)c2=O)cc1,train,train,train,0,0,0.8135593,0.8135593,0.8135593
CCCn1c(CCCc2ccc(OC(C)(C)C(=O)O)cc2)nn(Cc2cccc(OC)c2)c1=O,train,train,train,0,0,0.8333333,0.8333333,0.8333333
Cc1ccc(Cn2nc(CCCc3ccc(OC(C)(C)C(=O)O)cc3)n(CCO)c2=O)cc1,test,test,train,0,0,0.86206895,0.86206895,0.86206895
CCCn1c(CCc2ccc(OC(C)(C)C(=O)O)cc2)nn(Cc2ccc(C)cc2)c1=O,train,train,train,0,0,0.89285713,0.89285713,0.89285713
Cn1c(CCCc2ccc(OC(C)(C)C(=O)O)cc2)nn(Cc2ccc(C(C)(C)C)cc2)c1=O,train,train,train,0,0,0.67741936,0.67741936,0.7758621
CCCn1c(CCCc2ccc(OC(C)(C)C(=O)O)cc2)nn(C(C)c2ccccc2)c1=O,train,train,train,0,0,0.64179105,0.64179105,0.64179105
CCCn1c(CCCc2ccc(OC(C)(C)C(=O)O)cc2)nn(CC2CCCCC2)c1=O,train,train,test,0,0,0.6969697,0.6969697,0.6969697
CCO[C@@H](Cc1ccc(OCCn2c3ccccc3c3cc(Br)ccc32)cc1)C(=O)O,train,train,train,3,3,0.9056604,0.9056604,0.9056604
CCOC(Cc1ccc(OCCN2c3ccccc3C=Cc3ccccc32)cc1)C(=O)O,train,train,train,3,3,0.66101694,0.66101694,0.66101694
CCOC(Cc1ccc(OCC/C=C2/c3ccccc3COc3ccccc32)cc1)C(=O)O,train,train,train,3,3,0.5409836,0.5409836,0.60655737
CCOC(Cc1ccc(OCCC2Sc3ccccc3Oc3ccccc32)cc1)C(=O)O,train,train,train,3,3,0.7413793,0.7413793,0.7413793
Cc1ccsc1-c1nc(CCOc2ccc(C[C@H](Nc3ccccc3C(=O)c3ccccc3)C(=O)O)cc2)c(C)o1,train,train,train,1,1,0.76,0.76,0.76
Cc1sc(N2CCN(C)CC2)nc1CCOc1ccc(C[C@H](Nc2ccccc2C(=O)c2ccccc2)C(=O)O)cc1,train,train,train,3,3,0.7361111,0.7361111,0.7361111
CCOC(Cc1ccc(OCC=C2c3ccccc3-c3ccccc32)cc1)C(=O)O,test,test,train,3,3,0.6181818,0.6181818,0.6666667
Cc1cc(-c2nc(CCOc3ccc(C[C@H](Nc4ccccc4C(=O)c4ccccc4)C(=O)O)cc3)c(C)s2)no1,train,train,train,3,3,0.8115942,0.8115942,0.8115942
CCOC(Cc1ccc(OCCCN2c3ccccc3OCOc3ccccc32)cc1)C(=O)O,train,train,train,3,3,0.66101694,0.66101694,0.66101694
Cc1ccc(-c2nc(CCOc3ccc(C[C@H](Nc4ccccc4C(=O)c4ccccc4)C(=O)O)cc3)c(C)o2)s1,train,train,train,1,1,0.7777778,0.7777778,0.7777778
CCO[C@@H](Cc1ccc(OCCn2c3ccc(Br)cc3c3cc(Br)ccc32)cc1)C(=O)O,train,train,train,3,3,0.9056604,0.9056604,0.9056604
Cc1sc(-c2ccccc2)nc1CCOc1ccc(C[C@H](Nc2ccccc2C(=O)c2ccccc2)C(=O)O)cc1,train,train,train,3,3,0.8115942,0.8115942,0.8115942
CCOC(Cc1ccc(OCCC2c3ccccc3Oc3ccccc32)cc1)C(=O)O,train,train,train,3,3,0.7413793,0.7413793,0.82
CCc1ccc(CCOc2ccc(CC3SC(=O)NC3=O)cc2)nc1,train,train,train,2,2,0.5471698,0.5471698,0.5471698
Cc1cc(-c2ccccc2)nn1CCOc1ccc(C[C@H](Nc2ccccc2C(=O)c2ccccc2)C(=O)O)cc1,train,train,train,3,3,0.63380283,0.63380283,0.63380283
COc1ccc(-c2nc(CCOc3ccc(C[C@H](Nc4ccccc4C(=O)c4ccccc4)C(=O)O)cc3)c(C)o2)cc1,train,train,train,1,1,0.90909094,0.90909094,0.90909094
CCOC(Cc1ccc(OCCC2c3ccccc3-c3ccccc32)cc1)C(=O)O,test,test,train,3,3,0.82,0.82,0.82
CCOC(Cc1ccc(OCCNC2=Nc3ccccc3Sc3ccccc32)cc1)C(=O)O,train,train,train,3,3,0.52380955,0.52380955,0.530303
Cc1oc(-c2ccc(F)cc2)nc1CCOc1ccc(C[C@H](Nc2ccccc2C(=O)c2ccccc2)C(=O)O)cc1,train,train,train,1,1,0.90909094,0.90909094,0.90909094
CCCc1cc(Oc2ccc(F)cc2)ccc1OCCCOc1ccc2c(c1)OC(CC)(C(=O)O)CC2,train,train,train,2,2,0.8730159,0.8730159,0.8730159
CCCc1cc(Oc2ccc(OC)cc2)ccc1OCCCOc1ccc2c(c1)OC(CC)(C(=O)O)CC2,train,train,train,2,2,0.88709676,0.88709676,0.88709676
CCCc1cc(Oc2ccc(Cl)cc2)ccc1OCCCOc1ccc2c(c1)OC(CC)(C(=O)O)CC2,train,train,train,2,2,0.8730159,0.8730159,0.8730159
Cc1oc(-c2ccc(-c3ccccc3)cc2)nc1CCOc1ccc(OC(C)(C)C(=O)O)cc1,train,train,train,1,1,0.76785713,0.76785713,0.8269231
CCCc1cc(Oc2ccccc2)ccc1OCCCOc1ccc2c(c1)OC(C)(C(=O)O)CC2,train,train,train,2,2,0.9655172,0.9655172,0.9655172
CCC1(C(=O)O)CCc2ccc(OCCCOc3ccc(Oc4ccccc4)cc3F)cc2O1,train,train,train,2,2,0.80701756,0.80701756,0.80701756
CCCc1cc(Oc2ccccc2)ccc1OCCCCOc1ccc2c(c1)OC(C)(C(=O)O)CC2,train,train,train,2,2,0.9655172,0.9655172,0.9655172
CCCc1cc(Oc2ccccc2)ccc1OCCCOc1ccc2c(c1)OC(CC)(C(=O)O)CC2,train,train,train,2,2,0.88709676,0.88709676,0.88709676
CCCc1cc(Oc2ccccc2)ccc1OCCCCOc1ccc2c(c1)OC(C(=O)O)CC2,train,train,train,2,2,0.70149255,0.70149255,0.9655172
CCCc1cc(Oc2ccccc2)ccc1OCCCOc1ccc2c(c1)OC(CCC)(C(=O)O)CC2,train,train,train,2,2,0.88709676,0.88709676,0.88709676
CCCc1cc(Oc2ccccc2)ccc1OCCCOc1ccc2c(c1)OC(C(=O)O)CC2,test,test,train,2,2,0.9655172,0.9655172,0.9655172
CCC1(C(=O)O)CCc2ccc(OCCCOc3ccc(Oc4ccccc4)cc3Cl)cc2O1,train,train,train,2,2,0.80701756,0.80701756,0.80701756
CCC1(C(=O)O)CCc2ccc(OCCCOc3ccc(Oc4ccccc4)cc3)cc2O1,train,train,train,2,2,0.80701756,0.80701756,0.80701756
Cc1oc(-c2ccccc2)nc1CCOc1ccc(OCC(=O)O)cc1,train,train,train,1,1,0.7346939,0.7346939,0.7346939
Cc1oc(-c2ccccc2)nc1CCOc1ccc(CC2SC(=O)NC2=O)cc1,train,train,train,1,1,0.640625,0.640625,0.6721311
Cc1oc(-c2ccc(Br)cc2)nc1CCOc1ccc(OC(C)(C)C(=O)O)cc1,test,test,train,1,1,0.8269231,0.8269231,0.8269231
Cc1oc(-c2ccccc2)nc1CCOc1ccc(OC(C)C(=O)O)cc1,train,train,train,1,1,0.7407407,0.7407407,0.7407407
CCO[C@@H](Cc1ccc(OC/C=C/C#Cc2ccccc2)cc1)C(=O)O,test,test,train,3,3,0.9148936,0.9148936,0.9148936
CCO[C@@H](Cc1ccc(OC/C=C/C#Cc2ccc(C#C/C=C/COc3ccc(C[C@H](OCC)C(=O)O)cc3)cc2)cc1)C(=O)O,train,train,train,3,3,0.84,0.84,0.9148936
CCO[C@@H](Cc1ccc(OC/C=C/C#Cc2cccc(C#C/C=C/COc3ccc(C[C@H](OCC)C(=O)O)cc3)c2)cc1)C(=O)O,train,train,train,3,3,0.84,0.84,0.88
CCO[C@@H](Cc1ccc(OC/C=C(\C)c2ccc(-c3ccccc3)cc2)cc1)C(=O)O,train,train,train,3,3,0.8235294,0.8235294,0.9361702
CCO[C@@H](Cc1ccc(OC/C=C(\C)c2ccc(-c3ccc(/C(C)=C/COc4ccc(C[C@H](OCC)C(=O)O)cc4)cc3)cc2)cc1)C(=O)O,test,test,train,3,3,0.9361702,0.9361702,0.9361702
Cc1ccc(NC(=O)c2ccc(Cl)cc2Cl)c(C(=O)O)c1,train,train,train,4,4,0.4107143,0.4107143,0.4107143
CCCc1c(OCCCSc2ccc(CC(=O)O)cc2Cl)ccc(/C(CC)=N/O)c1O,train,train,train,2,2,0.8095238,0.8095238,0.83870965
CCCc1c(OCCCSc2ccc(CC(=O)O)cc2Cl)ccc2c(C(F)(F)F)noc12,train,train,train,2,2,0.7887324,0.7887324,0.7887324
CCCc1c(OCCCSc2ccc(CC(=O)O)cc2Cl)ccc2c(CC)coc12,train,train,train,2,2,0.8181818,0.8181818,0.8181818
CCCc1c(OCCCSc2ccc(CC(=O)O)cc2Cl)ccc(C(C)=O)c1O,train,train,train,2,2,0.8095238,0.8095238,0.86440676
CCCc1c(OCCCSc2ccc(CC(=O)O)cc2Cl)ccc(C(=O)CC)c1O,test,test,train,2,2,0.86440676,0.86440676,0.86440676
Cc1cc(OCc2sc(-c3ccc(C(F)(F)F)cc3)nc2C)ccc1/C=C/C(=O)O,train,train,train,0,0,0.6769231,0.6769231,0.6769231
Cc1cc(OCc2sc(-c3ccc(C(F)(F)F)cc3)nc2C)ccc1CCC(=O)O,train,train,train,4,4,0.7758621,0.7758621,0.7758621
Cc1cc(SCc2oc(-c3ccc(C(F)(F)F)cc3)nc2C)ccc1OCC(=O)O,train,train,train,4,4,0.7258065,0.7258065,0.7258065
Cc1nc(-c2ccc(C(F)(F)F)cc2)sc1COc1ccc(CCC(=O)O)cc1,train,train,train,0,0,0.8113208,0.8113208,0.8113208
Cc1nc(-c2ccc(C(F)(F)F)cc2)oc1COc1ccc(CCC(=O)O)cc1,train,train,train,1,1,0.66129035,0.66129035,0.66129035
Cc1cc(OCc2oc(-c3ccc(C(F)(F)F)cc3)nc2C)ccc1OCC(=O)O,train,train,train,1,1,0.7258065,0.7258065,0.7258065
Cc1nc(-c2ccc(C(F)(F)F)cc2)sc1COc1ccc(CC(=O)O)cc1,train,train,train,4,4,0.8113208,0.8113208,0.8113208
CC[C@]1(C(=O)O)CCc2ccc(OCCCOc3ccc(CC(C)C)cc3Cl)cc2O1,train,train,train,2,2,0.78125,0.78125,0.78125
CC[C@]1(C(=O)O)CCc2ccc(OCCCOc3ccc(C4CCCCC4)cc3Cl)cc2O1,train,train,train,2,2,0.859375,0.859375,0.8730159
CC[C@]1(C(=O)O)CCc2ccc(OCCCOc3ccc(Cl)cc3Cl)cc2O1,train,train,train,2,2,0.8135593,0.8135593,0.8135593
CC[C@]1(C(=O)O)CCc2ccc(OCCCOc3ccc(C(C)C)cc3Cl)cc2O1,train,train,train,2,2,0.8,0.8,0.8
CC[C@]1(C(=O)O)CCc2ccc(OCCCOc3ccc(OC(F)(F)F)cc3Cl)cc2O1,train,train,train,2,2,0.852459,0.852459,0.852459
CC[C@]1(C(=O)O)CCc2ccc(OCCCOc3ccc(C4CCOCC4)cc3Cl)cc2O1,train,train,train,2,2,0.859375,0.859375,0.859375
CC[C@]1(C(=O)O)CCc2ccc(OCCCOc3ccc(C4CCC5(CC4)CC5)cc3Cl)cc2O1,test,test,train,2,2,0.859375,0.859375,0.8888889
CC[C@]1(C(=O)O)CCc2ccc(OCCCOc3ccc(C(F)(F)F)cc3Cl)cc2O1,train,train,train,2,2,0.8666667,0.8666667,0.8666667
CC[C@]1(C(=O)O)CCc2ccc(OCCCOc3ccc(OCC(F)(F)F)cc3Cl)cc2O1,train,train,train,2,2,0.83870965,0.83870965,0.83870965
CC[C@]1(C(=O)O)CCc2ccc(OCCCOc3ccc(C(C)(C)C)cc3Cl)cc2O1,train,train,train,2,2,0.8666667,0.8666667,0.8666667
C[C@]1(C(=O)O)CCc2ccc(OCCCOc3ccc(OC(F)(F)F)cc3Cl)cc2O1,train,train,train,2,2,0.8333333,0.8333333,0.7966102
C[C@]1(C(=O)O)CCc2ccc(OCCCOc3ccc(OCC(F)(F)F)cc3Cl)cc2O1,train,train,test,2,2,0.8333333,0.8333333,0.8333333
CCOc1ccc(OCCCOc2ccc3c(c2)O[C@@](C)(C(=O)O)CC3)c(Cl)c1,train,train,train,2,2,0.8103448,0.8103448,0.8103448
C[C@]1(C(=O)O)CCc2ccc(OCCCOc3ccc(OCC4CCC4)cc3Cl)cc2O1,train,train,test,2,2,0.9298246,0.9298246,0.9298246
CC[C@]1(C(=O)O)CCc2ccc(OCCCOc3ccc(C4CCC(C)(C)CC4)cc3Cl)cc2O1,test,test,train,2,2,0.8730159,0.8730159,0.8888889
CC(C)(C)c1ccc(OCCCOc2ccc3c(c2)O[C@@](C)(C(=O)O)CC3)c(Cl)c1,train,train,test,2,2,0.86440676,0.86440676,0.86440676
CC(C)c1ccc(OCCCOc2ccc3c(c2)O[C@@](C)(C(=O)O)CC3)c(Cl)c1,test,test,train,2,2,0.779661,0.779661,0.779661
CC(C)Cc1ccc(OCCCOc2ccc3c(c2)O[C@@](C)(C(=O)O)CC3)c(Cl)c1,train,train,test,2,2,0.78125,0.78125,0.78125
C[C@]1(C(=O)O)CCc2ccc(OCCCOc3ccc(C4CCCC4)cc3Cl)cc2O1,train,train,train,2,2,0.98245615,0.98245615,0.98245615
C[C@]1(C(=O)O)CCc2ccc(OCCCOc3ccc(C4CCCCC4)cc3Cl)cc2O1,train,train,train,2,2,0.98245615,0.98245615,0.98245615
C[C@]1(C(=O)O)CCc2ccc(OCCCOc3ccc(OCC4CC4)cc3Cl)cc2O1,train,train,train,2,2,0.9298246,0.9298246,0.8103448
CC(C)Oc1ccc(OCCCOc2ccc3c(c2)O[C@@](C)(C(=O)O)CC3)c(Cl)c1,test,test,test,2,2,0.8245614,0.8245614,0.8245614
C[C@]1(C(=O)O)CCc2ccc(OCCCOc3ccc(C4CCC5(CC4)CC5)cc3Cl)cc2O1,train,train,test,2,2,0.9,0.9,0.86885244
C[C@]1(C(=O)O)CCc2ccc(OCCCOc3ccc(Oc4ccc(F)cc4)cc3Cl)cc2O1,train,train,train,2,2,0.78333336,0.78333336,0.78333336
CCC(C)(C)c1ccc(OCCCOc2ccc3c(c2)O[C@@](C)(C(=O)O)CC3)c(Cl)c1,train,train,train,2,2,0.86440676,0.86440676,0.7704918
O=C(O)C1CCc2ccc(OCCCOc3ccc(OCC(F)(F)F)cc3Cl)cc2O1,train,train,train,2,2,0.6818182,0.6818182,0.6818182
CC1(C)CCC(c2ccc(OCCCOc3ccc4c(c3)O[C@@](C)(C(=O)O)CC4)c(Cl)c2)CC1,train,train,test,2,2,0.9,0.9,0.89830506
CCO[C@@H](Cc1ccc(O/C=C\Oc2ccc(C[C@@H](OCC)C(=O)O)cc2)cc1)C(=O)O,train,train,train,3,3,0.6,0.6,0.59574467
CCO[C@@H](Cc1ccc(OCCCOc2ccc(Oc3ccccc3)cc2)cc1)C(=O)O,train,train,test,3,3,0.77272725,0.77272725,0.76744187
COc1cc(C[C@H](OC)C(=O)O)ccc1OCCCOc1ccc(Oc2ccccc2)cc1,train,train,train,3,3,0.7659575,0.7659575,0.7659575
CO[C@@H](Cc1ccc(OCCCOc2ccc(C(=O)c3ccccc3)cc2)c(Cl)c1)C(=O)O,train,train,train,3,3,0.76,0.76,0.63793105
CO[C@@H](Cc1ccc(C#CCCOc2ccc(Oc3ccccc3)cc2)cc1)C(=O)O,train,train,train,3,3,0.8958333,0.8958333,0.8958333
CO[C@@H](Cc1ccc(C#CCCCOc2ccc(Oc3ccccc3)cc2)cc1)C(=O)O,train,train,train,3,3,0.8958333,0.8958333,0.8958333
CO[C@@H](Cc1ccc(OCCCOc2ccc(-c3ccccc3)cc2)cc1)C(=O)O,test,test,train,3,3,0.80487806,0.80487806,0.80487806
CO[C@@H](Cc1ccc(OCCCOc2ccc(Oc3ccccc3)cc2)cc1)C(=O)O,train,train,train,3,3,0.76744187,0.76744187,0.80487806
CO[C@@H](Cc1ccc(OCCCOc2ccc(C(=O)c3ccccc3)cc2)cc1)C(=O)O,train,train,test,3,3,0.76744187,0.76744187,0.76744187
C/C(=C/C(=O)c1ccccc1)N[C@@H](Cc1ccc(OCCc2nc(-c3ccccc3)oc2C)cc1)C(=O)O,train,train,test,1,1,0.67164177,0.67164177,0.6571429
Cc1ccc(OC(C)(Cc2ccc(OCCc3nc(-c4ccc(-c5ccccc5)cc4)oc3C)cc2)C(=O)O)cc1,train,train,train,1,1,0.9814815,0.9814815,0.9814815
Cc1oc(-c2ccccc2)nc1CCOc1ccc(CC(C)(Oc2ccc(C(C)(C)C)cc2)C(=O)O)cc1,train,train,train,1,1,0.96428573,0.96428573,0.96428573
Cc1ccc(OC(C)(Cc2ccc(OCCc3nc(-c4cccc(-c5ccccc5)c4)oc3C)cc2)C(=O)O)cc1,train,train,train,1,1,0.9322034,0.9322034,0.9322034
Cc1oc(-c2cccc(-c3ccccc3)c2)nc1CCOc1ccc(CC(C)(Oc2ccc(C(C)(C)C)cc2)C(=O)O)cc1,train,train,train,1,1,0.9166667,0.9166667,0.9166667
Cc1oc(-c2ccc(-c3ccccc3)cc2)nc1CCOc1ccc(CC(C)(Oc2ccc(C(C)(C)C)cc2)C(=O)O)cc1,train,train,train,1,1,0.96428573,0.96428573,0.96428573
Cc1ccc(OC(C)(Cc2ccc(OCCc3nc(-c4ccccc4)oc3C)cc2)C(=O)O)cc1,train,train,train,1,1,0.9814815,0.9814815,0.9814815
CCCc1cc(C(=O)CC)cc(CCC)c1O[C@H](C(=O)O)c1ccc(C(F)(F)F)cc1,train,train,train,4,4,0.75,0.75,0.75
CCCc1cc2c(oc(=O)n2CC)c(CCC)c1O[C@H](C(=O)O)c1ccc(C(C)C)cc1,train,train,train,3,3,0.8196721,0.8196721,0.8196721
CCCc1cc2c(oc(=O)n2C(C)C)c(CCC)c1O[C@H](C(=O)O)c1ccc(C(C)C)cc1,train,train,test,3,3,0.7966102,0.7966102,0.7966102
CCCc1cc2c(oc(=O)n2CC(F)(F)F)c(CCC)c1O[C@H](C(=O)O)c1ccc(C(C)C)cc1,train,train,train,3,3,0.8196721,0.8196721,0.8196721
CCCc1cc2c(=O)n(C)oc2c(CCC)c1O[C@H](C(=O)O)c1ccccc1,train,train,test,3,3,0.8518519,0.8518519,0.8518519
CCCc1cc2c(=O)n(C)oc2c(CCC)c1O[C@H](C(=O)O)c1ccc(C(C)C)cc1,train,train,train,3,3,0.8518519,0.8518519,0.6507937
CCCc1cc2c(=O)n(C(C)C)oc2c(CCC)c1O[C@H](C(=O)O)c1ccc(C(C)C)cc1,train,train,test,3,3,0.80701756,0.80701756,0.80701756
CCCc1cc(C(=O)CC)cc(CCC)c1OC(C(=O)O)c1ccccc1,train,train,train,3,3,0.81395346,0.81395346,0.81395346
CCCc1cc(C(=O)C(C)C)cc(CCC)c1OC(C(=O)O)c1ccccc1,train,train,train,3,3,0.7906977,0.7906977,0.7906977
CCCc1cc(C(=O)C(C)(C)C)cc(CCC)c1OC(C(=O)O)c1ccccc1,test,test,train,3,3,0.75555557,0.75555557,0.75555557
CCCc1cc(C(=O)CC)cc(C)c1OC(C(=O)O)c1ccc(C(C)C)cc1,train,train,test,3,3,0.8666667,0.8666667,0.8666667
CCCc1cc(C(=O)CC)cc(Cl)c1O[C@H](C(=O)O)c1ccc(C(C)C)cc1,test,test,test,3,3,0.8863636,0.8863636,0.8863636
CCCc1cc(C(=O)CC)cc(CCC)c1O[C@H](C(=O)O)c1ccc(CC)cc1,train,train,train,3,3,0.8,0.8,0.80851066
CCCc1cc(C(=O)CC)cc(CCC)c1O[C@H](C(=O)O)c1ccc(CC(C)C)cc1,test,test,train,3,3,0.80851066,0.80851066,0.80851066
CCCc1cc(C(=O)CC)cc(CCC)c1O[C@H](C(=O)O)c1ccc(C(C)C)cc1,train,train,train,3,3,0.8666667,0.8666667,0.81395346
CCCc1cc(C(=O)CC)cc(CCC)c1O[C@H](C(=O)O)c1ccc(OC(C)C)cc1,test,test,test,3,3,0.8043478,0.8043478,0.8043478
CCc1ccc(O[C@@H](Cc2ccccc2)C(=O)O)cc1,train,train,train,3,3,0.7105263,0.7105263,0.75
O=C(O)[C@H](Cc1ccccc1)Oc1ccc(-c2cccs2)cc1,train,train,train,3,3,0.6511628,0.6511628,0.6511628
O=C(O)[C@H](Cc1ccccc1)Oc1ccc2ccccc2c1,train,train,train,3,3,0.68421054,0.68421054,0.7222222
CCC[C@@H](Oc1ccc2ccccc2c1)C(=O)O,test,test,train,3,3,0.65789473,0.65789473,0.65789473
O=C(O)[C@@H](Cc1ccccc1)Oc1ccc(Cl)cc1,train,train,train,3,3,0.9117647,0.9117647,0.875
O=C(O)[C@H](Cc1ccccc1)Oc1ccc(C(F)(F)F)cc1,train,train,train,3,3,0.75,0.75,0.7105263
COc1ccc(O[C@@H](Cc2ccccc2)C(=O)O)cc1,test,test,train,3,3,0.75,0.75,0.75
CC(=O)c1ccc(O[C@@H](Cc2ccccc2)C(=O)O)cc1,train,train,test,3,3,0.7105263,0.7105263,0.7297297
CC(C)[C@@]1(C(=O)O)Cc2cc(OCCCOc3ccc(OC(F)(F)F)cc3Cl)ccc2O1,train,train,train,2,2,0.67164177,0.67164177,0.67164177
CC[C@@]1(C(=O)O)Cc2cc(OCCCOc3ccc(CCC(F)(F)F)cc3Cl)ccc2O1,test,test,train,2,2,0.6571429,0.6571429,0.6571429
CCC1(C(=O)O)Cc2ccc(OCCCOc3ccc(OC(F)(F)F)cc3Cl)cc2O1,train,train,train,2,2,0.852459,0.852459,0.852459
CCCc1cc2c(OC)noc2c(CCC)c1OC(C)(C)C(=O)O,train,train,train,0,0,0.5964912,0.5964912,0.5964912
CCCc1cc2c(C(F)(F)F)noc2c(CCC)c1OC(C)C(=O)O,train,train,train,4,4,0.66071427,0.66071427,0.66071427
CCCc1cc2c(C(F)(F)F)noc2c(CCC)c1OC(C)(CC)C(=O)O,train,train,train,0,0,0.66071427,0.66071427,0.66071427
CCCc1cc(C(=O)CC)cc(CCC)c1OC(C)(C)C(=O)O,train,train,train,0,0,0.5652174,0.5652174,0.5652174
CCCCCOc1cc2ccccc2cc1C(O)CC#CCCCC(=O)OC,train,train,test,3,3,0.7924528,0.7924528,0.7924528
CCCCCOc1nc2ccccc2cc1C(O)CC#CCCCC(=O)OC,train,train,train,3,3,0.7288136,0.7288136,0.7
CCCCCOc1cc2ccccc2cc1C(O)C/C=C/CCCC(=O)OC,train,train,train,2,2,0.7413793,0.7413793,0.7413793
CCCCCOc1nc2ccccc2cc1C(O)C/C=C\CCCC(=O)OC,train,train,train,3,3,0.7413793,0.7413793,0.7413793
CCCCCOc1cc2ccccc2cc1C(O)CCCCCCCC(=O)OC,train,train,train,2,2,0.7222222,0.7222222,0.7222222
CCCCCOc1ccccc1C(O)CC#CCCCC(=O)OC,train,train,train,3,3,0.7924528,0.7924528,0.72727275
CCCCCOc1ncccc1C(O)CC#CCCCC(=O)OC,test,test,train,3,3,0.72727275,0.72727275,0.72727275
CCCc1c(OCCOc2ccc3c(ccn3CC(=O)O)c2)ccc2c(C(F)(F)F)noc12,test,test,train,2,2,0.953125,0.953125,0.953125
CCCc1c(OCCCOc2cccc3c2ccn3CC(=O)O)ccc2c(C(F)(F)F)noc12,test,test,train,2,2,0.7910448,0.7910448,0.7910448
CCCc1c(OCCCOc2ccc3c(ccn3CC(=O)O)c2)ccc2c(C(F)(F)F)noc12,train,train,train,2,2,0.96875,0.96875,0.96875
CCCc1c(OCCCOc2ccc3ccn(CC(=O)O)c3c2)ccc2c(C(F)(F)F)noc12,train,train,train,2,2,0.880597,0.880597,0.880597
CCCc1c(OCCCCOc2ccc3c(ccn3CC(=O)O)c2)ccc2c(C(F)(F)F)noc12,train,train,train,2,2,0.96875,0.96875,0.96875
CCCc1c(OCCCOc2ccc3c(ccn3Cc3nn[nH]n3)c2)ccc2c(C(F)(F)F)noc12,train,train,test,2,2,0.72,0.72,0.72
CCCc1c(OCCCOc2cccc3c2ccn3CC(=O)O)ccc2c(-c3ccccc3)noc12,train,train,train,2,2,0.75757575,0.75757575,0.7910448
CCCc1c(OCCCOc2ccc3c(ccn3CC(=O)O)c2)ccc2c(-c3ccccc3)noc12,train,train,test,2,2,0.7887324,0.7887324,0.7887324
CCCc1c(OCCCOc2cccc3c2ccn3CC(=O)O)ccc2cc[nH]c12,train,train,train,2,2,0.6617647,0.6617647,0.7121212
CCCc1c(OCCCOc2ccc3c(ccn3CC(=O)O)c2)ccc2c(C#N)c[nH]c12,train,train,train,2,2,0.72602737,0.72602737,0.72602737
CCCc1c(OCCCOc2ccc3c(ccn3CC(=O)O)c2)ccc2c(C(=O)C(F)(F)F)c[nH]c12,train,train,train,2,2,0.72602737,0.72602737,0.72602737
CCCc1c(OCCCOc2cccc3c2ccn3CC(=O)O)ccc2cc(-c3ccccc3)[nH]c12,test,test,train,2,2,0.7121212,0.7121212,0.7121212
CCCc1c(OCCCOc2cccc3c2ccn3CC(=O)O)ccc2c(-c3ccccc3)coc12,train,train,train,2,2,0.75757575,0.75757575,0.75757575
CCC(C(=O)O)C1CCc2cc(OCCc3nc(-c4cc(C)on4)oc3C)ccc21,train,train,train,1,1,0.7761194,0.7761194,0.7761194
CCC(C(=O)O)C1CCc2cc(OCCc3nc(-c4cc5ccccc5s4)oc3C)ccc21,train,train,train,1,1,0.75342464,0.75342464,0.75342464
CCC(C(=O)O)C1CCc2cc(OCCc3nc(-c4ccc5c(c4)OCC5)oc3C)ccc21,train,train,train,1,1,0.8194444,0.8194444,0.7887324
CCC(C(=O)O)C1CCc2cc(OCCc3nc(-c4ccco4)oc3C)ccc21,train,train,train,1,1,0.79710144,0.79710144,0.79710144
CCC(C(=O)O)C1CCc2cc(OCCc3nc(-c4ccc5ccccc5c4)oc3C)ccc21,train,train,train,1,1,0.8769231,0.8769231,0.8358209
CCC(C(=O)O)C1CCc2cc(OCCc3nc(-c4cccc5ccccc45)oc3C)ccc21,train,train,train,1,1,0.8636364,0.8636364,0.8636364
CCC(C(=O)O)C1CCc2cc(OCCc3nc(-c4ccc(-c5ccccc5)cc4)oc3C)ccc21,train,train,test,1,1,0.8888889,0.8888889,0.8888889
CCC(C(=O)O)C1CCc2cc(OCCc3nc(-c4ccc(Cl)cc4Cl)oc3C)ccc21,train,train,train,1,1,0.8115942,0.8115942,0.8115942
CCC(C(=O)O)C1CCc2cc(OCCc3nc(-c4c(F)cccc4F)oc3C)ccc21,train,train,train,1,1,0.8636364,0.8636364,0.8636364
CCC(C(=O)O)C1CCc2cc(OCCc3nc(-c4ccc5c(c4)OCO5)oc3C)ccc21,train,train,test,1,1,0.8194444,0.8194444,0.8194444
CCC(C(=O)O)C1CCc2cc(OCCc3nc(-c4ccc(OC)c(OC)c4)oc3C)ccc21,train,train,test,1,1,0.8636364,0.8636364,0.8636364
CCC(C(=O)O)C1CCc2cc(OCCc3nc(-c4ccc(F)c(C)c4)oc3C)ccc21,train,train,train,1,1,0.86567163,0.86567163,0.8955224
CCC(C(=O)O)C1CCc2cc(OCCc3nc(-c4ccc(C)c(F)c4)oc3C)ccc21,test,test,train,1,1,0.8955224,0.8955224,0.8955224
CCC(C(=O)O)C1CCc2cc(OCCc3nc(-c4cc(C(F)(F)F)cc(C(F)(F)F)c4)oc3C)ccc21,test,test,train,1,1,0.8,0.8,0.884058
CCC(C(=O)O)C1CCc2cc(OCCc3nc(-c4ccc(C)c(C)c4)oc3C)ccc21,train,train,train,1,1,0.86567163,0.86567163,0.8787879
CCC(C(=O)O)C1CCc2cc(OCCc3nc(-c4ccc(C(F)(F)F)cc4)oc3C)ccc21,test,test,test,1,1,0.880597,0.880597,0.88235295
CCC(C(=O)O)C1CCc2cc(OCCc3nc(-c4cccc(C(F)(F)F)c4)oc3C)ccc21,test,test,train,1,1,0.8405797,0.8405797,0.884058
CCC(C(=O)O)C1CCc2cc(OCCc3nc(-c4ccc(Cl)cc4)oc3C)ccc21,train,train,train,1,1,0.875,0.875,0.875
CCC(C(=O)O)C1CCc2cc(OCCc3nc(-c4cccc(F)c4)oc3C)ccc21,train,train,train,1,1,0.8636364,0.8636364,0.8636364
CCC(C(=O)O)C1CCc2cc(OCCc3nc(-c4ccccc4F)oc3C)ccc21,train,train,train,1,1,0.8636364,0.8636364,0.8636364
CCC(C(=O)O)C1CCc2cc(OCCc3nc(-c4ccc(OC)cc4)oc3C)ccc21,train,train,train,1,1,0.8888889,0.8888889,0.8769231
CCC(C(=O)O)C1CCc2cc(OCCc3nc(-c4cccc(OC)c4)oc3C)ccc21,train,train,train,1,1,0.8769231,0.8769231,0.8769231
CCC(C(=O)O)C1CCc2cc(OCCc3nc(-c4ccc(C(C)(C)C)cc4)oc3C)ccc21,train,train,train,1,1,0.86153847,0.86153847,0.86153847
CCCCc1ccc(-c2nc(CCOc3ccc4c(c3)CCC4C(CC)C(=O)O)c(C)o2)cc1,train,train,train,1,1,0.86567163,0.86567163,0.8358209
CCC(C(=O)O)C1CCc2cc(OCCc3nc(-c4ccc(C(C)C)cc4)oc3C)ccc21,train,train,train,1,1,0.8636364,0.8636364,0.8636364
CCc1ccc(-c2nc(CCOc3ccc4c(c3)CCC4C(CC)C(=O)O)c(C)o2)cc1,train,train,test,1,1,0.875,0.875,0.875
CCC(C(=O)O)C1CCc2cc(OCCc3nc(-c4cccc(C)c4)oc3C)ccc21,train,train,train,1,1,0.8636364,0.8636364,0.8636364
CCC(C(=O)O)C1CCc2cc(OCCc3nc(-c4ccccc4C)oc3C)ccc21,train,train,train,1,1,0.8636364,0.8636364,0.8636364
CCC(C(=O)O)C1CCc2cc(OCCc3nc(C4CCCCC4)oc3C)ccc21,train,train,test,2,2,0.71014494,0.71014494,0.9830508
CCC(C(=O)O)C1CCc2cc(OCCc3nc(C4CCCC4)oc3C)ccc21,test,test,train,2,2,0.9830508,0.9830508,0.7205882
CCC(C(=O)O)C1CCc2cc(OCCc3nc(COc4ccc(Cl)cc4)oc3C)ccc21,train,train,train,2,2,0.8769231,0.8769231,0.8769231
CCC(C(=O)O)C1CCc2cc(OCCc3nc(COc4ccccc4)oc3C)ccc21,train,train,train,1,1,0.8769231,0.8769231,0.8769231
CCC(C(=O)O)C1CCc2cc(OCCc3nc(Cc4ccc(F)cc4)oc3C)ccc21,train,train,train,1,1,0.74285716,0.74285716,0.8769231
CCC(C(=O)O)C1CCc2cc(OCCc3nc(Cc4ccccc4)oc3C)ccc21,test,test,train,1,1,0.8769231,0.8769231,0.8769231
CCC(C(=O)O)C1CCc2cc(OCCc3nc(-c4ccccc4)oc3C)c(-c3ccc(OC)cc3)cc21,test,test,train,1,1,0.90909094,0.90909094,0.90909094
CCC(C(=O)O)C1CCc2cc(OCCc3nc(-c4ccccc4)oc3C)c(-c3ccc(Cl)cc3)cc21,test,test,train,1,1,0.90909094,0.90909094,0.90909094
CCC(C(=O)O)C1CCc2cc(OCCc3nc(-c4ccccc4)oc3C)c(-c3ccccc3)cc21,train,train,train,1,1,0.8333333,0.8333333,0.90909094
CCC(C(=O)O)C1CCc2cc(OCCc3nc(-c4ccccc4)oc3C)c(C(C)=O)cc21,train,train,test,1,1,0.8333333,0.8333333,0.8333333
CCC(C(=O)O)C1CCc2cc(OCCc3nc(-c4ccccc4)oc3C)c(Br)cc21,train,train,train,1,1,0.8333333,0.8333333,0.8333333
CCC(C(=O)O)C1CCc2cc(OCCc3nc(-c4ccccc4)oc3C)c(Cl)cc21,train,train,train,1,1,0.8333333,0.8333333,0.8333333
CCc1oc(-c2ccccc2)nc1CCOc1ccc2c(c1)CCC2C(CC)C(=O)O,train,train,train,1,1,0.8030303,0.8030303,0.74626863
CCC(C(=O)O)C1CCc2cc(OCCc3coc(-c4ccccc4)n3)ccc21,train,train,train,2,2,0.75757575,0.75757575,0.75757575
CCC(C(=O)O)C1CCc2cc(OCCCc3nc(-c4ccccc4)oc3C(F)(F)F)ccc21,train,train,train,1,1,0.8382353,0.8382353,0.73239434
CCC(C(=O)O)C1CCc2cc(OCc3cc(-c4ccccc4)on3)ccc21,train,train,train,2,2,0.6818182,0.6818182,0.67164177
CCC(C(=O)O)C1CCc2cc(OCc3nc(-c4ccccc4)oc3C(F)(F)F)ccc21,train,train,test,1,1,0.8382353,0.8382353,0.8382353
CCC(C(=O)O)C1CCc2cc(OCc3nc(-c4ccccc4)oc3C)ccc21,train,train,test,1,1,0.828125,0.828125,0.76119405
CCC(C(=O)O)C1CCc2cc(OCCn3nc(-c4ccccc4)cc3C)ccc21,train,train,test,2,2,0.64285713,0.64285713,0.64285713
CCC(C(=O)O)C1CCc2cc(OCCc3noc(-c4ccccc4)n3)ccc21,train,train,train,2,2,0.75757575,0.75757575,0.75757575
CCC(C(=O)O)C1CCc2cc(OCCc3nc(-c4ccccc4)sc3C)ccc21,train,train,train,2,2,0.70149255,0.70149255,0.72307694
CCOC(C(=O)O)C1CCc2cc(OCCc3nc(-c4ccccc4)oc3C)ccc21,train,train,test,1,1,0.7941176,0.7941176,0.84615386
COC(C(=O)O)C1CCc2cc(OCCc3nc(-c4ccccc4)oc3C)ccc21,test,test,train,1,1,0.84615386,0.84615386,0.7878788
CCOC(=O)C(C(=O)O)C1CCc2cc(OCCc3nc(-c4ccccc4)oc3C)ccc21,train,train,test,1,1,0.7941176,0.7941176,0.7647059
Cc1oc(-c2ccccc2)nc1CCOc1ccc2c(c1)CCC2C(C(=O)O)c1ccccc1,train,train,test,1,1,0.8,0.8,0.8
CCCC(C(=O)O)C1CCc2cc(OCCc3nc(-c4ccccc4)oc3C)ccc21,train,train,test,1,1,0.86153847,0.86153847,0.8235294
Cc1oc(-c2ccccc2)nc1CCOc1ccc2c(c1)CCC2C(C(=O)O)C1CC1,train,train,train,1,1,0.8,0.8,0.7878788
Cc1oc(-c2ccccc2)nc1CCOc1ccc2c(c1)CCC2C(CC(F)(F)F)C(=O)O,train,train,train,1,1,0.8235294,0.8235294,0.7671233
Cc1oc(-c2ccccc2)nc1CCOc1ccc2c(c1)CCC2C(C)(C)C(=O)O,train,train,train,1,1,0.7121212,0.7121212,0.7121212
CC[C@@H](Cc1ccc(OC)c(CNC(=O)c2ccc(C(F)(F)F)c(F)c2)c1)C(=O)O,train,train,train,4,4,0.86440676,0.86440676,0.86440676
CCC(Cc1ccc(OC)c(CNC(=O)c2ccc(F)c(C(F)(F)F)c2)c1)C(=O)O,train,train,train,4,4,0.86440676,0.86440676,0.86440676
CCC(Cc1ccc(OC)c(C(=O)NCc2ccc(C(F)(F)F)c(F)c2)c1)C(=O)O,train,train,train,4,4,0.7586207,0.7586207,0.7586207
CCC(Cc1ccc(OC)c(C(=O)NCc2ccc(C(F)(F)F)cc2F)c1)C(=O)O,train,test,train,4,4,0.79310346,0.79310346,0.79310346
O=C(O)Cn1ccc2ccc(OCCCOc3ccc(C(=O)c4ccc(F)cc4)cc3)cc21,test,test,train,2,2,0.6666667,0.6666667,0.6666667
CCCc1cc(C(=O)c2ccc(F)cc2)ccc1OCCCOc1cccc2c1ccn2CC(=O)O,train,train,test,2,2,0.72727275,0.72727275,0.72727275
CCCc1cc(C(=O)c2ccc(F)cc2)ccc1OCCCOc1ccc2c(ccn2CC(=O)O)c1,train,train,train,2,2,0.72727275,0.72727275,0.70422536
O=C(O)Cn1ccc2cc(OCCCOc3ccc4cc(C(=O)c5ccccc5)ccc4c3)ccc21,train,train,train,2,2,0.73770493,0.73770493,0.73770493
CCCc1c(OCCCOc2cccc3c2ccn3CC(=O)O)ccc2cc(C(=O)c3ccccc3)ccc12,train,train,train,2,2,0.80597013,0.80597013,0.80597013
CCCc1c(OCCCOc2ccc3c(ccn3CC(=O)O)c2)ccc2cc(C(=O)c3ccccc3)ccc12,train,train,train,2,2,0.9047619,0.9047619,0.9047619
CCCc1c(OCCCOc2ccc3ccn(CC(=O)O)c3c2)ccc2cc(C(=O)c3ccccc3)ccc12,train,train,train,2,2,0.9047619,0.9047619,0.9047619
CC(C)(Oc1cccc(OCCCOc2ccc(Oc3ccc(F)cc3)cc2Cl)c1)C(=O)O,train,train,train,0,0,0.84615386,0.84615386,0.84615386
CC(C)(Oc1ccc(OCCCOc2ccc(Oc3ccc(F)cc3)cc2Cl)cc1)C(=O)O,train,train,train,0,0,0.84615386,0.84615386,0.84615386
CCCC(Cc1ccc(OCCCOc2ccc(Oc3ccc(F)cc3)cc2Cl)cc1)C(=O)O,train,train,train,3,3,0.6666667,0.6666667,0.6666667
CC[C@@](C)(Cc1ccc(OCCCOc2ccc3c(c2)OC(C)(C)C=C3c2cccc(C(F)(F)F)c2)cc1)C(=O)O,train,train,test,2,2,0.527027,0.527027,0.527027
CC1(C)C=C(C(F)(F)F)c2cc(Cl)c(OCCCOc3ccc(CC(C)(C)C(=O)O)cc3)cc2O1,train,train,train,0,0,0.5,0.5,0.5
CC[C@@](C)(Cc1ccc(OCCCOc2ccc3c(C(F)(F)F)cc(=O)oc3c2C)cc1)C(=O)O,train,train,train,0,0,0.6956522,0.6956522,0.5735294
CC[C@@](C)(Cc1ccc(OCCCOc2cc3oc(=O)cc(C(F)(F)F)c3cc2Cl)cc1)C(=O)O,train,train,test,0,0,0.6956522,0.6956522,0.6956522
CC[C@@](C)(Cc1ccc(OCCCOc2ccc(C3CCC(C)(C)CC3)cc2Cl)cc1)C(=O)O,train,test,test,2,2,0.8333333,0.8333333,0.6507937
CC[C@@](C)(Cc1ccc(OCCCOc2ccc(C3CCCCC3)cc2Cl)cc1)C(=O)O,train,train,test,2,2,0.8333333,0.6721311,0.6721311
CC[C@@](C)(Cc1ccc(OCCCOc2ccc(C(F)(F)F)cc2Cl)cc1)C(=O)O,train,train,train,0,0,0.8,0.8,0.7962963
CC[C@@](C)(Cc1ccc(OCCCOc2ccc(OS(C)(=O)=O)cc2Cl)cc1)C(=O)O,train,train,train,2,2,0.75,0.75,0.75
CC[C@@](C)(Cc1ccc(OCCCOc2ccc(OCC(F)(F)F)cc2Cl)cc1)C(=O)O,train,train,test,2,2,0.8148148,0.8148148,0.8148148
CC[C@@](C)(Cc1ccc(OCCCOc2ccc(OC(F)(F)F)cc2Cl)cc1)C(=O)O,train,train,train,0,0,0.8148148,0.8148148,0.7962963
CC[C@@](C)(Cc1ccc(OCCCOc2ccccc2Cl)cc1)C(=O)O,train,train,train,0,0,0.7169811,0.7169811,0.7169811
O=C(O)C(Cc1ccc(OCCCOc2ccc(Oc3ccc(F)cc3)cc2Cl)cc1)C1CCC1,train,train,train,2,2,0.65625,0.65625,0.65625
CCC(CC)(Cc1ccc(OCCCOc2ccc(Oc3ccc(F)cc3)cc2Cl)cc1)C(=O)O,train,train,train,2,2,0.7090909,0.7090909,0.7090909
Cc1cc(OCc2cc(-c3ccc(C(F)(F)F)cc3)cc(-c3ccc(C(F)(F)F)cc3)c2)ccc1OCC(=O)O,train,train,train,4,4,0.75,0.75,0.65
CC(C)(Oc1ccc(OCc2cc(-c3ccc(C(F)(F)F)cc3)cc(-c3ccc(C(F)(F)F)cc3)c2)cc1)C(=O)O,train,train,train,0,0,0.70212764,0.70212764,0.6
O=C(O)COc1ccc(OCc2cc(-c3ccc(C(F)(F)F)cc3)cc(-c3ccc(C(F)(F)F)cc3)c2)cc1,train,train,test,0,0,0.75,0.75,0.75
CCC(Oc1ccc(C2(c3ccc(OC(CC)C(=O)O)c(C)c3)CCCCC2)cc1C)C(=O)O,train,train,train,3,3,0.42592594,0.42592594,0.42592594
Cc1onc(-c2ccc(CC(=O)O)cc2Cl)c1C(=O)NCCOc1ccc(C(F)(F)F)cc1[N+](=O)[O-],train,train,train,4,4,0.7468355,0.5595238,0.7468355
CC(C)c1onc(-c2ccc(CC(=O)O)cc2Cl)c1C(=O)NCCOc1ccc(Cl)cc1Cl,test,train,train,4,4,0.74285716,0.74285716,0.74285716
O=C(O)Cc1ccc(-c2noc(C3CC3)c2C(=O)NCCOc2ccc(Cl)cc2Cl)c(Cl)c1,train,train,train,2,2,0.5411765,0.74285716,0.74285716
Cc1onc(-c2ccc(CC(=O)O)cc2Cl)c1COCCOc1ccc(C(F)(F)F)cc1[N+](=O)[O-],train,test,train,4,4,0.7468355,0.7468355,0.7468355
CCOC(Cc1cccc2c1ccn2CCCc1nc(-c2ccccc2)oc1C)C(=O)O,train,train,train,1,1,0.6111111,0.6111111,0.6111111
CCOC(Cc1ccc2c(ccn2Cc2nc(-c3ccccc3F)oc2C)c1)C(=O)O,test,test,train,3,3,0.8484849,0.8484849,0.8484849
CCOC(Cc1ccc2c(ccn2Cc2nc(-c3ccccc3C)oc2C)c1)C(=O)O,train,train,train,3,3,0.8484849,0.8484849,0.8484849
CCOC(Cc1ccc2c(ccn2Cc2nc(-c3ccccc3Cl)oc2C)c1)C(=O)O,train,train,train,3,3,0.8484849,0.8484849,0.8484849
CCOC(Cc1ccc2c(ccn2Cc2nc(-c3ccccc3OC)oc2C)c1)C(=O)O,train,train,train,3,3,0.8484849,0.8484849,0.8484849
CCOC(Cc1ccc2c(ccn2Cc2nc(-c3cccc(Cl)c3)oc2C)c1)C(=O)O,train,train,test,1,1,0.8636364,0.8636364,0.8636364
CCOC(Cc1ccc2c(ccn2Cc2nc(-c3ccc(F)cc3)oc2C)c1)C(=O)O,train,train,train,1,1,0.8730159,0.8730159,0.8730159
CCOC(Cc1ccc2c(ccn2Cc2nc(-c3ccc(C(F)(F)F)cc3)oc2C)c1)C(=O)O,train,train,train,1,1,0.88235295,0.88235295,0.88235295
CCOC(Cc1ccc2c(ccn2Cc2nc(-c3ccc(CC)cc3)oc2C)c1)C(=O)O,train,train,train,1,1,0.8730159,0.8730159,0.8852459
COC(Cc1ccc2c(ccn2Cc2nc(-c3ccccc3)oc2C)c1)C(=O)O,train,train,train,1,1,0.73846155,0.73846155,0.8360656
CCOC(Cc1ccc2c(ccn2Cc2nc(-c3ccc(C(C)C)cc3)oc2C)c1)C(=O)O,train,train,train,1,1,0.859375,0.859375,0.859375
CCOC(Cc1ccc2c(ccn2Cc2nc(-c3ccc(C(C)(C)C)cc3)oc2C)c1)C(=O)O,train,train,train,1,1,0.8787879,0.8787879,0.8787879
CCOC(Cc1ccc2c(ccn2Cc2nc(-c3cc(C)cc(C)c3)oc2C)c1)C(=O)O,train,train,train,1,1,0.84375,0.84375,0.8548387
CCOC(Cc1ccc2c(ccn2Cc2nc(-c3cc(Cl)cc(Cl)c3)oc2C)c1)C(=O)O,train,train,train,1,1,0.8636364,0.8636364,0.84375
CCOC(Cc1ccc2c(ccn2Cc2nc(-c3cc(OC)cc(OC)c3)oc2C)c1)C(=O)O,test,test,train,1,1,0.84375,0.84375,0.84375
CCOC(Cc1ccc2c(ccn2Cc2nc(-c3ccc(F)c(C)c3)oc2C)c1)C(=O)O,test,test,train,1,1,0.8358209,0.8358209,0.8358209
CCCOC(Cc1ccc2c(ccn2Cc2nc(-c3ccc(C(F)(F)F)cc3)oc2C)c1)C(=O)O,train,train,train,1,1,0.88235295,0.88235295,0.88235295
Cc1oc(-c2ccc(C(F)(F)F)cc2)nc1Cn1ccc2cc(CC(OC(C)C)C(=O)O)ccc21,train,train,train,1,1,0.82608694,0.82608694,0.82608694
CCOC(Cc1ccc2c(c1)c(C)cn2Cc1nc(-c2ccc(C(F)(F)F)cc2)oc1C)C(=O)O,train,train,test,1,1,0.7777778,0.7777778,0.7777778
CCOC(Cc1ccc2c(ccn2Cc2nc(-c3ccccc3)oc2C)c1)C(=O)O,test,test,train,1,1,0.8852459,0.8852459,0.8852459
CCCc1cc(C(F)(F)F)ncc1OCCCOc1ccc(OCC(=O)O)c(C)c1,train,train,train,2,2,0.7413793,0.7413793,0.7413793
CCCc1cc(C(F)(F)F)ccc1OCCCOc1ccc(OCC(=O)O)c(C)c1,train,train,train,2,2,0.8181818,0.8181818,0.8181818
CCCc1cc(C(F)(F)F)ccc1OCCCOc1ccc(OCC(=O)OC)c(C)c1,train,train,train,2,2,0.8301887,0.8301887,0.8301887
CCCc1cc(C(F)(F)F)ccc1OCCCOc1ccc(OCC(=O)OC)cc1,train,train,train,2,2,0.8301887,0.8301887,0.8301887
CCCc1c(OCCCOc2ccc(OCC(=O)OC)cc2)cnc(C(C)=O)c1O,train,train,train,2,2,0.7037037,0.7037037,0.7037037
CCCc1c(OCCCOc2ccc(OCC(=O)OC)cc2)ccc(C(C)=O)c1O,train,train,train,2,2,0.7037037,0.7037037,0.7037037
CCc1ccc(OCCCOc2ccc(OC(C)(C)C(=O)O)cc2)c(C(=O)c2ccccc2)c1,train,test,test,0,0,0.5084746,0.7586207,0.5084746
CCc1cc(OCC[C@@H](C)Oc2ccc(Cl)cc2Oc2ccccc2)ccc1CCC(=O)O,test,test,test,2,2,0.84745765,0.84745765,0.84745765
C[C@H](CCOc1ccc(CCC(=O)O)c(F)c1)Oc1ccc(Cl)cc1Oc1ccccc1,train,train,train,2,2,0.84745765,0.84745765,0.84745765
C[C@H](CCOc1ccc(CCC(=O)O)c(C(F)(F)F)c1)Oc1ccc(Cl)cc1Oc1ccccc1,test,test,train,2,2,0.82258064,0.82258064,0.82258064
Cc1cc(OCC[C@@H](C)Oc2ccc(C(F)(F)F)cc2Oc2ccccc2)ccc1CCC(=O)O,train,train,test,2,2,0.765625,0.765625,0.8125
Cc1cc(OCC[C@@H](C)Oc2ccc(OC(F)(F)F)cc2Oc2ccccc2)ccc1CCC(=O)O,test,test,train,2,2,0.8125,0.8125,0.78125
Cc1cc(OCC[C@@H](C)Oc2ccc(Cl)cc2Oc2ccccc2)ccc1CCC(=O)O,train,train,train,2,2,0.84745765,0.84745765,0.84745765
CCc1ccc(O[C@H](C)CCOc2ccc(CCC(=O)O)c(C)c2)c(Oc2ccccc2)c1,test,test,train,2,2,0.7903226,0.7903226,0.7903226
CCc1ccc(OC(C)CCOc2ccc(CCC(=O)O)c(C)c2)c(Cc2ccccc2)c1,train,train,test,2,2,0.7903226,0.7903226,0.7903226
CCc1ccc(OC(CC)CCOc2ccc(CCC(=O)O)c(C)c2)c(C(=O)c2ccccc2)c1,train,train,test,2,2,0.6764706,0.6764706,0.6617647
CCc1ccc(OC(C)CCOc2ccc(OC(C)(C)C(=O)O)cc2)c(C(=O)c2ccccc2)c1,test,train,test,0,0,0.7586207,0.5555556,0.49315068
CCCc1c(OCCCn2ccc3c(OCC(=O)O)cccc32)ccc2cc(C(=O)c3ccccc3)ccc12,train,train,train,2,2,0.80597013,0.80597013,0.80597013
CCCc1c(OCCCn2ccc3ccc(OC(C)(C)C(=O)O)cc32)ccc2cc(C(=O)c3ccccc3)ccc12,train,train,train,0,0,0.9117647,0.9117647,0.8428571
CCCc1c(OCCCn2ccc3cc(OC(C)(C)C(=O)O)ccc32)ccc2cc(C(=O)c3ccccc3)ccc12,train,train,test,0,0,0.9264706,0.9264706,0.9264706
CCCc1c(OCCCn2ccc3c(OC(C)(C)C(=O)O)cccc32)ccc2cc(C(=O)c3ccccc3)ccc12,train,train,test,0,0,0.7916667,0.7916667,0.7916667
CCCc1c(OCCCn2ccc3ccc(OCC(=O)O)cc32)ccc2cc(C(=O)c3ccccc3)ccc12,train,train,test,2,2,0.9076923,0.9076923,0.9076923
CCCc1c(OCCCn2ccc3cc(OCC(=O)O)ccc32)ccc2cc(C(=O)c3ccccc3)ccc12,train,train,train,2,2,0.9076923,0.9076923,0.79710144
O=C(O)Cc1ccc(COc2cccc(-c3c(Cc4ccccc4)cnc4c(C(F)(F)F)cccc34)c2)cc1,train,train,test,0,0,0.7121212,0.7121212,0.7121212
O=C(O)Cc1ccc(CNc2cccc(-c3c(Cc4ccccc4)cnc4c(C(F)(F)F)cccc34)c2)cc1,train,train,train,4,4,0.8032787,0.7741935,0.8032787
CCCCCCCCC/C=C\CCCCCCCNS(N)(=O)=O,test,test,train,2,2,0.22580644,0.22580644,0.22580644
CCCCCCCC/C=C\CCCCCCCCNS(=O)(=O)NCCC,test,test,test,2,2,0.24590164,0.24590164,0.6875
Cc1oc(-c2ccc(C(F)(F)F)cc2)nc1CCOc1ccc(CC2(C(=O)O)CCCO2)cn1,train,train,train,1,1,0.8484849,0.8484849,0.8484849
Cc1oc(-c2ccc(Cl)cc2)nc1CCOc1ccc(CC2(C(=O)O)CCCO2)cn1,train,train,train,1,1,0.8888889,0.8888889,0.8888889
Cc1ccc(-c2nc(CCOc3ccc(CC4(C(=O)O)CCCO4)cn3)c(C)o2)cc1,train,train,train,1,1,0.8888889,0.8888889,0.8888889
Cc1oc(-c2ccccc2)nc1CCOc1ccc(CC2(C(=O)O)CC2)cn1,train,train,train,1,1,0.91071427,0.91071427,0.91071427
CCOC(Cc1ccc(OCCc2nc(-c3ccccc3)oc2C)nc1)C(=O)O,train,train,test,1,1,0.7258065,0.7258065,0.7258065
Cc1oc(-c2ccccc2)nc1CCCOc1ccc(CC2(C(=O)O)CCCO2)cn1,train,train,train,1,1,0.84375,0.84375,0.84375
Cc1oc(-c2ccccc2)nc1CCOc1ccc(CC2(C(=O)O)CCCCC2)cn1,train,train,train,1,1,0.91071427,0.91071427,0.91071427
Cc1oc(-c2ccccc2)nc1CCOc1ccc(CC(C(=O)O)C(C)(C)C)cn1,train,train,train,1,1,0.7258065,0.7258065,0.6666667
COC(Cc1ccc(OCCc2nc(-c3ccccc3)oc2C)cn1)C(=O)O,train,train,test,1,1,0.8245614,0.8245614,0.8245614
Cc1oc(-c2ccccc2)nc1CCOc1cnc(CC2(C(=O)O)CCCO2)cn1,train,train,train,1,1,0.7352941,0.7352941,0.7352941
Cc1cccc(-c2nc(CCOc3ccc(CC4(C(=O)O)CCCO4)nc3)c(C)o2)c1,test,test,train,1,1,0.85507244,0.85507244,0.85507244
COc1cccc(-c2nc(CCOc3ccc(CC4(C(=O)O)CCCO4)nc3)c(C)o2)c1,train,train,train,1,1,0.8507463,0.8507463,0.85507244
Cc1oc(-c2ccc(Cl)cc2)nc1CCOc1ccc(CC2(C(=O)O)CCCO2)nc1,train,train,train,1,1,0.875,0.875,0.875
COc1ccc(-c2nc(CCOc3ccc(CC4(C(=O)O)CCCO4)nc3)c(C)o2)cc1,train,train,train,1,1,0.875,0.875,0.875
CCOC(Cc1ccc(OCCCc2nc(-c3ccccc3)oc2C)cn1)C(=O)O,test,test,train,1,1,0.9285714,0.9285714,0.9285714
COC(C)(Cc1ccc(OCCc2nc(-c3ccccc3)oc2C)cn1)C(=O)O,train,train,train,1,1,0.67741936,0.67741936,0.66129035
CCOC(Cc1ccc(OCCc2nc(-c3ccccc3)oc2C)cn1)C(=O)O,train,train,train,1,1,0.8245614,0.8245614,0.9285714
Cc1oc(-c2ccc(-c3ccccc3)cc2)nc1CCOc1ccc(CCC(=O)O)c(CNC(=O)OC(C)C)c1,train,train,train,1,1,0.9677419,0.9677419,0.86764705
Cc1oc(-c2ccccc2)nc1CCOc1ccc(CCC(=O)O)c2c1CCN(C(=O)OCC(C)C)C2,train,train,test,1,1,0.8082192,0.8082192,0.8309859
C#CCOC(=O)N1CCc2c(OCCc3nc(-c4ccccc4)oc3C)ccc(CCC(=O)O)c2C1,test,test,test,1,1,0.7972973,0.7972973,0.8194444
CCCOC(=O)N1CCc2c(OCCc3nc(-c4ccc(-c5ccccc5)cc4)oc3C)ccc(CCC(=O)O)c2C1,train,train,train,1,1,0.8082192,0.8082192,0.969697
CCCOC(=O)N1CCc2c(OCCc3nc(-c4ccccc4)oc3C)ccc(CCC(=O)O)c2C1,test,test,train,1,1,0.969697,0.969697,0.969697
Cc1oc(-c2ccccc2)nc1CCOc1ccc(CCC(=O)O)c(CNC(=O)OCc2ccccc2)c1,train,train,test,1,1,0.7910448,0.7910448,0.7910448
Cc1sc(N2CCOCC2)nc1CCOc1ccc(CCC(=O)O)c(CNC(=O)OC(C)C)c1,train,train,train,1,1,0.61538464,0.61538464,0.6
Cc1oc(-c2ccc(-c3ccccc3)cc2)nc1CCOc1ccc(CCC(=O)O)c(CNC(=O)Oc2cnccn2)c1,train,train,train,1,1,0.9701493,0.9701493,0.9701493
Cc1oc(-c2ccccc2)nc1CCOc1ccc(CCC(=O)O)c(CNC(=O)Oc2cnccn2)c1,train,train,train,1,1,0.9701493,0.9701493,0.9701493
Cc1oc(-c2ccc(-c3ncccn3)cc2)nc1CCOc1ccc(CCC(=O)O)c(CNC(=O)OC(C)C)c1,train,train,train,1,1,0.86764705,0.86764705,0.86764705
Cc1oc(-c2ccc(Oc3ccccc3)cc2)nc1CCOc1ccc(CCC(=O)O)c(CNC(=O)OC(C)C)c1,train,train,test,1,1,0.90909094,0.90909094,0.90909094
Cc1oc(-c2ccccc2)nc1CCOc1ccc(CCC(=O)O)c(CNC(=O)OC(C)C)c1,train,train,test,1,1,0.9677419,0.9677419,0.9677419
Cc1oc(-c2ccccc2)nc1CCOc1ccc(CCC(=O)O)c(CNS(=O)(=O)Cc2ccccc2)c1,test,test,train,1,1,0.75,0.75,0.75
Cc1oc(-c2ccccc2)nc1CCOc1ccc(CCC(=O)O)c(CNC(=O)CCc2ccccc2)c1,train,train,train,1,1,0.7910448,0.7910448,0.75
Cc1nc(-c2ccc(C(F)(F)F)cc2)sc1C(=O)Nc1ccc(OC(C)(C)C(=O)O)cc1,test,test,train,0,0,0.7627119,0.7627119,0.7627119
Cc1cc(CCc2sc(-c3ccc(C(F)(F)F)cc3)nc2C)ccc1OCC(=O)O,train,train,train,4,4,0.6818182,0.6818182,0.6818182
Cc1nc(-c2ccc(C(F)(F)F)cc2)sc1CCc1ccc(OC(C)(C)C(=O)O)cc1,train,train,train,0,0,0.78571427,0.78571427,0.78571427
CC(C)(Oc1ccc(CNC(=O)c2sc(-c3ccc(C(F)(F)F)cc3)nc2C(F)(F)F)cc1)C(=O)O,train,train,train,0,0,0.84210527,0.84210527,0.84210527
Cc1nc(C(=O)NCc2ccc(OC(C)(C)C(=O)O)cc2)c(C)s1,train,train,test,0,0,0.625,0.625,0.625
Cc1nc(-c2ccc(N)cc2)sc1C(=O)NCc1ccc(OC(C)(C)C(=O)O)cc1,train,train,train,0,0,0.8679245,0.8679245,0.8679245
Cc1nc(-c2ccccc2C(F)(F)F)sc1C(=O)NCc1ccc(OC(C)(C)C(=O)O)cc1,train,train,train,0,0,0.7419355,0.7419355,0.7419355
Cc1nc(-c2cccc(C(F)(F)F)c2)sc1C(=O)NCc1ccc(OC(C)(C)C(=O)O)cc1,train,train,train,0,0,0.8196721,0.8196721,0.8196721
CC(C)(Oc1ccc(CNC(=O)c2cnc(-c3ccccc3)s2)cc1)C(=O)O,train,train,train,0,0,0.59322035,0.59322035,0.59322035
Cc1nc(-c2ccc(F)cc2)sc1C(=O)NCc1ccc(OC(C)(C)C(=O)O)cc1,train,train,test,0,0,0.8679245,0.8679245,0.8679245
COc1ccc(-c2nc(C)c(C(=O)NCc3ccc(OC(C)(C)C(=O)O)cc3)s2)cc1,train,train,train,0,0,0.88461536,0.88461536,0.88461536
Cc1nc(-c2ccc([N+](=O)[O-])cc2)sc1C(=O)NCc1ccc(OC(C)(C)C(=O)O)cc1,train,train,train,0,0,0.80701756,0.80701756,0.80701756
Cc1nc(-c2ccc(Cl)cc2)sc1C(=O)NCc1ccc(OC(C)(C)C(=O)O)cc1,train,train,train,0,0,0.8679245,0.8679245,0.8679245
Cc1nc(-c2ccc(OC(F)(F)F)cc2)sc1C(=O)NCc1ccc(OC(C)(C)C(=O)O)cc1,test,test,train,0,0,0.8679245,0.8679245,0.8679245
Cc1nc(-c2ccc(C(C)(C)C)cc2)sc1C(=O)NCc1ccc(OC(C)(C)C(=O)O)cc1,train,train,train,0,0,0.88461536,0.88461536,0.88461536
Cc1nc(-c2ccc(C(F)(F)F)cc2)sc1C(=O)NCCc1ccc(OC(C)(C)C(=O)O)cc1,train,train,train,0,0,0.8305085,0.8305085,0.8305085
Cc1nc(-c2ccc(C(F)(F)F)cc2)sc1CNC(=O)c1ccc(OC(C)(C)C(=O)O)cc1,train,train,train,0,0,0.79310346,0.79310346,0.79310346
Cc1nc(-c2ccc(C(F)(F)F)cc2)sc1C(=O)N(C)Cc1ccc(OC(C)(C)C(=O)O)cc1,train,train,train,0,0,0.73770493,0.73770493,0.73770493
Cc1nc(-c2ccc(C(F)(F)F)cc2)sc1C(=O)NCc1ccc(OC(C)(C)C(=O)O)cc1,train,train,train,0,0,0.8727273,0.8727273,0.8727273
Cc1nc(-c2ccc(C(F)(F)F)cc2)sc1CNCc1ccc(OC(C)(C)C(=O)O)cc1,train,train,train,0,0,0.8135593,0.79310346,0.79310346
CCc1ccc(OCCCOc2ccc3c(c2)CC[C@H]3CC(=O)O)cc1,train,train,train,2,2,0.8039216,0.8039216,0.8039216
COc1cc(C#N)ccc1OCCCOc1ccc2c(c1)CC[C@H]2CC(=O)O,train,train,train,2,2,0.7924528,0.7924528,0.7924528
CCc1ccc(OCCCOc2ccc3c(c2)CC[C@H]3CC(=O)O)c(OC)c1,train,train,train,2,2,0.8039216,0.8039216,0.8039216
CCCc1cc(C#N)ccc1OCCCOc1ccc2c(c1)CC[C@H]2CC(=O)O,test,test,test,2,2,0.76666665,0.76666665,0.76666665
CCCc1cc(C(F)(F)F)ccc1OCCCOc1ccc2c(c1)CC[C@H]2CC(=O)O,train,train,train,2,2,0.7368421,0.7368421,0.7368421
Cc1ccc(OCCCOc2ccc3c(c2)CC[C@H]3CC(=O)O)c(C)c1,train,train,train,2,2,0.6792453,0.6792453,0.6792453
N#Cc1ccc(OCCCOc2ccc3c(c2)CC[C@H]3CC(=O)O)cc1,train,train,train,2,2,0.7924528,0.7924528,0.7924528
O=C(O)C[C@@H]1CCc2cc(OCCCOc3ccc(OC(F)(F)F)cc3)ccc21,train,train,train,2,2,0.79591835,0.79591835,0.79591835
O=C(O)C[C@@H]1CCc2cc(OCCCOc3ccc(C(F)(F)F)cc3)ccc21,train,train,train,2,2,0.79591835,0.79591835,0.79591835
CC(=O)Nc1cc(-n2ccnn2)ccc1OCCCOc1ccc2c(c1)CC[C@H]2CC(=O)O,test,test,train,2,2,0.5753425,0.5753425,0.5753425
O=C(O)C[C@@H]1CCc2cc(OCCCOc3ccc(-c4ccc(C(F)(F)F)cn4)cc3)ccc21,train,train,train,2,2,0.7818182,0.7818182,0.7818182
Cc1cccc(-c2ccc(OCCCOc3ccc4c(c3)CC[C@H]4CC(=O)O)cc2)n1,train,train,train,2,2,0.67241377,0.67241377,0.67741936
O=C(O)C[C@@H]1CCc2cc(OCCCOc3ccc(-c4cncnc4)cc3)ccc21,train,train,train,2,2,0.8113208,0.8113208,0.8113208
O=C(O)C[C@@H]1CCc2cc(OCCCOc3ccc(-c4cccnc4)cc3)ccc21,train,train,train,2,2,0.8113208,0.8113208,0.8113208
O=C(O)C[C@@H]1CCc2cc(OCCCOc3ccc(-c4ccc5cc[nH]c5c4)cc3)ccc21,train,train,train,2,2,0.68421054,0.68421054,0.68421054
O=C(O)C[C@@H]1CCc2cc(OCCCOc3ccc(-c4ccoc4)cc3)ccc21,train,train,test,2,2,0.7090909,0.7090909,0.7090909
Cc1cc(-c2nc(C(F)(F)F)ns2)ccc1OCCCOc1ccc2c(c1)CC[C@H]2CC(=O)O,train,train,train,2,2,0.6282051,0.6282051,0.6282051
O=C(O)C[C@@H]1CCc2cc(OCCCOc3ccc(-n4cnnc4)cc3Cl)ccc21,train,train,train,2,2,0.5873016,0.5873016,0.5873016
COc1cc(-c2nc(C)c(C)s2)ccc1OCCCOc1ccc2c(c1)CC[C@H]2CC(=O)O,train,train,train,2,2,0.8484849,0.8484849,0.8235294
Cc1nc(-c2ccc(OCCCOc3ccc4c(c3)CC[C@H]4CC(=O)O)cc2)sc1C,test,test,train,2,2,0.8360656,0.8360656,0.8360656
COc1cc(-c2nc(C(F)(F)F)cs2)ccc1OCCCOc1ccc2c(c1)CC[C@H]2CC(=O)O,train,train,train,2,2,0.8055556,0.8055556,0.8055556
CCCc1cc(-c2nc(C(F)(F)F)cs2)ccc1OCCCOc1ccc2c(c1)CC[C@H]2CC(=O)O,train,train,train,2,2,0.8142857,0.8142857,0.87142855
CCCc1cc(-c2nc(C(C)(C)C)cs2)ccc1OCCCOc1ccc2c(c1)CC[C@H]2CC(=O)O,test,test,train,2,2,0.87142855,0.87142855,0.87142855
CCc1csc(-c2ccc(OCCCOc3ccc4c(c3)CC[C@H]4CC(=O)O)c(OC)c2)n1,train,train,train,2,2,0.84615386,0.84615386,0.84615386
CCCc1cc(-c2nc(CC)cs2)ccc1OCCCOc1ccc2c(c1)CC[C@H]2CC(=O)O,train,train,train,2,2,0.921875,0.921875,0.921875
CCc1csc(-c2ccc(OCCCOc3ccc4c(c3)CC[C@H]4CC(=O)O)cc2)n1,test,test,train,2,2,0.8360656,0.8360656,0.8360656
COc1cc(-c2nc(C)cs2)ccc1OCCCOc1ccc2c(c1)CC[C@H]2CC(=O)O,train,train,test,2,2,0.84615386,0.84615386,0.84615386
COc1cc(-c2nccs2)ccc1OCCCOc1ccc2c(c1)CC[C@H]2CC(=O)O,test,test,test,2,2,0.7878788,0.7878788,0.76119405
CCCc1cc(-c2nccs2)ccc1OCCCOc1ccc2c(c1)CC[C@H]2CC(=O)O,train,train,test,2,2,0.7794118,0.7794118,0.7794118
COc1cc(-c2nc(C)c(C(=O)N(C)C)s2)ccc1OCCCOc1ccc2c(c1)CC[C@H]2CC(=O)O,train,train,train,2,2,0.8405797,0.8405797,0.8115942
CCCc1cc(-c2nc(C)c(C(=O)N(C)C)s2)ccc1OCCCOc1ccc2c(c1)CC[C@H]2CC(=O)O,train,train,train,2,2,0.85714287,0.85714287,0.85714287
COc1cc(-c2nc(C)c(C(C)=O)s2)ccc1OCCCOc1ccc2c(c1)CC[C@H]2CC(=O)O,train,train,test,2,2,0.8484849,0.8484849,0.8484849
CCCc1cc(-c2nc(C)c(C(C)=O)s2)ccc1OCCCOc1ccc2c(c1)CC[C@H]2CC(=O)O,train,train,train,2,2,0.8955224,0.8955224,0.8955224
CC(=O)c1sc(-c2ccc(OCCCOc3ccc4c(c3)CC[C@H]4CC(=O)O)cc2)nc1C,train,train,train,2,2,0.828125,0.828125,0.8305085
COc1cc(-c2nc3ccccc3s2)ccc1OCCCOc1ccc2c(c1)CC[C@H]2CC(=O)O,train,train,test,2,2,0.75714284,0.75714284,0.75714284
COc1cc(-c2nc3c(s2)CCCO3)ccc1OCCCOc1ccc2c(c1)CC[C@H]2CC(=O)O,train,train,train,2,2,0.7916667,0.7916667,0.7916667
CCCc1cc(C2=NC3OCCCC3S2)ccc1OCCCOc1ccc2c(c1)CC[C@H]2CC(=O)O,train,train,train,2,2,0.6455696,0.6455696,0.6375
COc1cc(-c2nc3c(s2)CCCC3)ccc1OCCCOc1ccc2c(c1)CC[C@H]2CC(=O)O,train,train,test,2,2,0.96875,0.96875,0.96875
COc1cc(-c2nc3c(s2)CCC3)ccc1OCCCOc1ccc2c(c1)CC[C@H]2CC(=O)O,train,train,train,2,2,0.96875,0.96875,0.8153846
CCCc1cc(-c2nc3c(s2)CCC3)ccc1OCCCOc1ccc2c(c1)CC[C@H]2CC(=O)O,train,train,train,2,2,0.8028169,0.8028169,0.8028169
O=C(O)C[C@@H]1CCc2cc(OCCCOc3ccc(-c4nc5c(s4)CCC5)cc3)ccc21,test,test,train,2,2,0.8153846,0.8153846,0.8153846
CCOc1nc(-c2ccc(OCCCOc3ccc4c(c3)CC[C@H]4CC(=O)O)c(OC)c2)sc1CC,train,train,train,2,2,0.8428571,0.8428571,0.8428571
CCOc1nc(-c2ccc(OCCCOc3ccc4c(c3)CC[C@H]4CC(=O)O)c(OC)c2)sc1C,train,train,train,2,2,0.8428571,0.8428571,0.8428571
CCCc1cc(-c2nc(OCC)c(C)s2)ccc1OCCCOc1ccc2c(c1)CC[C@H]2CC(=O)O,train,train,train,2,2,0.82857144,0.82857144,0.82857144
COc1cc(-c2nc(OC(C)C)cs2)ccc1OCCCOc1ccc2c(c1)CC[C@H]2CC(=O)O,test,test,train,2,2,0.86567163,0.86567163,0.86567163
CCCc1cc(-c2nc(OC(C)C)cs2)ccc1OCCCOc1ccc2c(c1)CC[C@H]2CC(=O)O,train,train,test,2,2,0.8450704,0.8450704,0.8082192
CCOc1csc(-c2ccc(OCCCOc3ccc4c(c3)CC[C@H]4CC(=O)O)c(OC)c2)n1,train,train,train,2,2,0.8923077,0.8923077,0.8923077
CCCc1cc(-c2nc(OCC)cs2)ccc1OCCCOc1ccc2c(c1)CC[C@H]2CC(=O)O,train,train,test,2,2,0.8450704,0.8450704,0.8382353
CCOc1csc(-c2ccc(OCCCOc3ccc4c(c3)CC[C@H]4CC(=O)O)cc2)n1,test,test,train,2,2,0.85,0.85,0.85714287
COc1csc(-c2ccc(OCCCOc3ccc4c(c3)CC[C@H]4CC(=O)O)c(OC)c2)n1,train,train,train,2,2,0.8923077,0.8923077,0.8923077
COc1csc(-c2ccc(OCCCOc3ccc4c(c3)CC[C@H]4CC(=O)O)cc2)n1,train,train,train,2,2,0.8548387,0.8548387,0.8548387
CCCc1cc(-c2nc(CC(=O)O)cs2)ccc1OCCCOc1ccc2c(c1)CC[C@H]2CC(=O)O,train,train,train,2,2,0.921875,0.921875,0.921875
CCCc1cc(-c2nc(CO)c(C(=O)O)s2)ccc1OCCCOc1ccc2c(c1)CC[C@H]2CC(=O)O,train,train,train,2,2,0.8428571,0.8428571,0.8428571
CCCc1cc(-c2nc(C)c(C(=O)O)s2)ccc1OCCCOc1ccc2c(c1)CC[C@H]2CC(=O)O,train,train,train,2,2,0.8955224,0.8955224,0.8955224
CCCc1c(OCCCOc2ccc3c(c2)CC[C@H]3CC(=O)O)ccc2c(C(F)(F)F)noc12,train,train,train,2,2,0.6388889,0.6388889,0.6388889
Cn1ccc2cc(OCCCOc3ccc4c(c3)CC[C@H]4CC(=O)O)ccc21,train,train,test,2,2,0.64285713,0.64285713,0.64285713
Cc1cccc2c(-c3cccc(NCc4ccc(CC(=O)O)cc4)c3)c(Cc3ccccc3)cnc12,train,test,train,0,0,0.8032787,0.82758623,0.82758623
O=C(O)Cc1ccc(CNc2cccc(-c3c(Cc4ccccc4)cnc4c(Cl)cccc34)c2)cc1,test,train,train,0,0,0.82758623,0.7741935,0.82758623
CCCCOc1ccc(CC(CCC)C(=O)O)cc1CNC(=O)c1ccc(C(F)(F)F)cc1F,train,train,train,4,4,0.8153846,0.828125,0.828125
CCCCC(Cc1ccc(OC)c(CNC(=O)c2ccc(C(F)(F)F)cc2F)c1)C(=O)O,train,train,train,4,4,0.8030303,0.90163934,0.90163934
CCCC(Cc1ccc(OC)c(CNC(=O)c2ccc(C(F)(F)F)cc2F)c1)C(=O)O,test,train,train,4,4,0.90163934,0.90163934,0.90163934
CCCCC(Cc1ccc(OC)c(CNC(=O)c2ccc(C(F)(F)F)cc2)c1)C(=O)O,train,train,train,4,4,0.7936508,0.7936508,0.89285713
CCCC(Cc1ccc(OC)c(CNC(=O)c2ccc(C(F)(F)F)cc2)c1)C(=O)O,test,test,train,4,4,0.89285713,0.89285713,0.89285713
COc1ccc(CC(C)C(=O)O)cc1CNC(=O)c1ccc(C(F)(F)F)cc1,train,train,test,4,4,0.7288136,0.7288136,0.75438595
COc1ccc(CCC(=O)O)cc1CNC(=O)c1ccc(C(F)(F)F)cc1,train,train,train,4,4,0.7169811,0.7169811,0.7169811
CCCOc1ccc(CC(CC)C(=O)O)cc1CNC(=O)c1ccc(C(F)(F)F)cc1F,train,train,test,4,4,0.8153846,0.8153846,0.8153846
CCCCCCOc1ccc(CC(CC)C(=O)O)cc1CNC(=O)c1ccc(C(F)(F)F)cc1,train,train,train,4,4,0.9298246,0.9298246,0.9298246
CCCCOc1ccc(CC(CC)C(=O)O)cc1CNC(=O)c1ccc(C(F)(F)F)cc1,train,train,train,4,4,0.9298246,0.9298246,0.9298246
CCCOc1ccc(CC(CC)C(=O)O)cc1CNC(=O)c1ccc(C(F)(F)F)cc1,train,train,test,4,4,0.91071427,0.91071427,0.91071427
CCOc1ccc(CC(CC)C(=O)O)cc1CNC(=O)c1ccc(C(F)(F)F)cc1,train,train,test,4,4,0.85714287,0.85714287,0.84210527
CO/N=C(\C)C(Cc1ccc(OCCc2nc(-c3ccccc3)oc2C)cc1)C(=O)O,train,train,train,1,1,0.8333333,0.8333333,0.8333333
CCCO/N=C(\C)C(Cc1ccc(OCCc2nc(C(C)C)oc2C)cc1)C(=O)O,train,train,train,1,1,0.87931037,0.87931037,0.87931037
CCO/N=C(\C)C(Cc1ccc(OCCc2nc(C(C)C)oc2C)cc1)C(=O)O,train,train,test,1,1,0.87931037,0.87931037,0.87931037
CCCO/N=C(\C)C(Cc1ccc(OCc2nc(C(C)C)oc2C)cc1)C(=O)O,test,test,train,3,3,0.87931037,0.87931037,0.87931037
CCO/N=C(\C)C(Cc1ccc(OCc2nc(C(C)C)oc2C)cc1)C(=O)O,train,train,test,3,3,0.8596491,0.8596491,0.8596491
C/C(=N\OCCF)C(Cc1ccc(OCCc2nc(-c3ccc(F)cc3)oc2C)cc1)C(=O)O,train,train,train,1,1,0.9032258,0.9032258,0.9032258
CCCO/N=C(\C)C(Cc1ccc(OCCc2nc(-c3ccc(F)cc3)oc2C)cc1)C(=O)O,test,test,train,1,1,0.9032258,0.9032258,0.9032258
CCO/N=C(\C)C(Cc1ccc(OCCc2nc(-c3ccc(F)cc3)oc2C)cc1)C(=O)O,test,test,test,1,1,0.86885244,0.86885244,0.88709676
C/C(=N\OCCF)C(Cc1ccc(OCc2nc(-c3ccc(F)cc3)oc2C)cc1)C(=O)O,train,train,train,1,1,0.9032258,0.9032258,0.9032258
CCCO/N=C(\C)C(Cc1ccc(OCc2nc(-c3ccc(F)cc3)oc2C)cc1)C(=O)O,train,train,train,1,1,0.8730159,0.8730159,0.9032258
CCO/N=C(\C)C(Cc1ccc(OCc2nc(-c3ccc(F)cc3)oc2C)cc1)C(=O)O,test,test,test,1,1,0.87096775,0.87096775,0.87096775
CCCO/N=C(\C)C(Cc1ccc(OCc2nc(-c3ccccc3)oc2C)cc1)C(=O)O,train,train,test,1,1,0.8833333,0.8833333,0.8833333
CCO/N=C(\C)C(Cc1ccc(OCc2nc(-c3ccccc3)oc2C)cc1)C(=O)O,train,train,train,1,1,0.86440676,0.86440676,0.86440676
CCO/N=C(\CC)C(Cc1ccc(OCCc2nc(-c3ccccc3)oc2C)cc1)C(=O)O,train,train,test,1,1,0.82258064,0.82258064,0.82258064
CC/C(=N\OC)C(Cc1ccc(OCCc2nc(-c3ccccc3)oc2C)cc1)C(=O)O,test,test,test,1,1,0.852459,0.852459,0.8032787
C/C(=N\OCC1CC1)C(Cc1ccc(OCCc2nc(-c3ccccc3)oc2C)cc1)C(=O)O,train,train,train,1,1,0.8,0.8,0.8
CCCCO/N=C(\C)C(Cc1ccc(OCCc2nc(-c3ccccc3)oc2C)cc1)C(=O)O,train,train,train,1,1,0.9166667,0.9166667,0.9166667
C/C(=N\OCC(C)C)C(Cc1ccc(OCCc2nc(-c3ccccc3)oc2C)cc1)C(=O)O,train,train,train,1,1,0.83870965,0.83870965,0.83870965
CCCO/N=C(\C)C(Cc1ccc(OCCc2nc(-c3ccccc3)oc2C)cc1)C(=O)O,train,train,train,1,1,0.9166667,0.9166667,0.9166667
CCO/N=C(\C)C(Cc1ccc(OCCc2nc(-c3ccccc3)oc2C)cc1)C(=O)O,train,train,train,1,1,0.8833333,0.8833333,0.8833333
Cc1cc(SCc2nc(-c3ccc(C(F)(F)F)cc3)ns2)ccc1OCC(=O)O,train,train,train,4,4,0.72131145,0.7580645,0.7580645
Cc1cc(SCc2nc(-c3ccc(OC(F)(F)F)cc3)ns2)ccc1OC1(C(=O)O)CCCC1,train,test,test,0,0,0.7058824,0.7058824,0.7058824
Cc1cc(OCc2nc(-c3ccc(OC(F)(F)F)cc3)ns2)ccc1OC(C)(C)C(=O)O,test,train,train,0,0,0.84745765,0.82258064,0.84745765
Cc1cc(OCc2nc(-c3ccc(C(F)(F)F)cc3)ns2)ccc1OC(C)(C)C(=O)O,train,test,train,0,0,0.78333336,0.84745765,0.84745765
Cc1cc(SCc2nsc(-c3ccc(OC(F)(F)F)cc3)n2)ccc1OC(C)(C)C(=O)O,train,train,train,0,0,0.71875,0.71875,0.8333333
Cc1cc(SCc2nsc(-c3ccc(C(F)(F)F)cc3)n2)ccc1OC(C)(C)C(=O)O,test,test,train,0,0,0.8333333,0.8333333,0.8333333
Cc1cc(SCc2nc(-c3ccc(C(C)(C)C)cc3)ns2)ccc1OC(C)(C)C(=O)O,test,train,train,0,0,0.84210527,0.877193,0.877193
Cc1cc(SCc2nc(-c3ccc(Cl)cc3)ns2)ccc1OC(C)(C)C(=O)O,train,test,train,0,0,0.8305085,0.8448276,0.8448276
Cc1cc(SCc2nc(-c3ccc(OC(F)(F)F)cc3)ns2)ccc1OC(C)(C)C(=O)O,train,train,train,0,0,0.8,0.8333333,0.8333333
Cc1cc(SCc2nc(-c3ccc(C(F)(F)F)cc3)ns2)ccc1OC(C)(C)C(=O)O,test,train,train,0,0,0.8333333,0.877193,0.877193
CCO[C@@H](Cc1ccc(OCC(OC(=S)NCc2ccccc2)c2ccccc2)cc1)C(=O)O,train,train,test,3,3,0.6451613,0.6451613,0.6393443
CCO[C@@H](Cc1ccc(CCCOC(=S)NCc2ccccc2)cc1)C(=O)O,train,train,train,3,3,0.6229508,0.6229508,0.6101695
CCO[C@@H](Cc1ccc(CCC(OC(=O)NCc2ccccc2)c2ccccc2)cc1)C(=O)O,train,train,train,3,3,0.6896552,0.6896552,0.71428573
CCO[C@@H](Cc1ccc(CCC(O)c2ccccc2)cc1)C(=O)O,train,train,train,3,3,0.6226415,0.6226415,0.6226415
CCO[C@@H](Cc1ccc(CCC(OC(=S)NCC2CCCCC2)c2ccccc2)cc1)C(=O)O,test,test,test,3,3,0.73770493,0.73770493,0.7627119
CCCCNC(=S)OC(CCc1ccc(C[C@H](OCC)C(=O)O)cc1)c1ccccc1,train,train,test,3,3,0.9056604,0.9056604,0.8333333
CCCNC(=S)OC(CCc1ccc(C[C@H](OCC)C(=O)O)cc1)c1ccccc1,train,train,test,3,3,0.9056604,0.9056604,0.8490566
CCNC(=S)OC(CCc1ccc(C[C@H](OCC)C(=O)O)cc1)c1ccccc1,test,test,train,3,3,0.8490566,0.8490566,0.71428573
CCO[C@@H](Cc1ccc(CCC(OC(=S)Nc2ccccc2)c2ccccc2)cc1)C(=O)O,train,train,test,3,3,0.76785713,0.76785713,0.7962963
Cc1cc(SC/C=C/C#Cc2ccccc2)ccc1OCC(=O)O,train,train,train,0,0,0.42647058,0.4642857,0.46478873
Cc1cc(OC/C=C\C(C#Cc2ccccc2)c2cnc3ccccc3c2)ccc1OCC(=O)O,test,test,train,2,2,0.46478873,0.46478873,0.46478873
Cc1cc2cc(C(C#Cc3ccc(C)s3)/C=C\COc3ccc(OCC(=O)O)c(C)c3)ccc2o1,test,test,test,2,2,0.38271606,0.38271606,0.54320985
Cc1cc(Oc2cccc(CNC(=O)c3ccc(C(F)(F)F)cc3)c2)ccc1OC(C)(C)C(=O)O,train,test,train,0,0,0.87931037,0.87931037,0.87931037
CCc1cc(Oc2cc(F)cc([C@@H](C)NC(=O)c3c(C)c4cc(Cl)ccc4n3C)c2)ccc1CCC(=O)O,train,train,test,4,4,0.55421686,0.4065934,0.55421686
Cc1cc(Oc2cccc(CNC(=O)c3c(C)c4cc(Cl)ccc4n3C)c2)ccc1CCC(=O)O,train,test,train,0,0,0.62666667,0.73239434,0.73239434
Cc1cc(Oc2cccc(CNC(=O)c3[nH]c4ccc(Cl)cc4c3C)c2)ccc1CCC(=O)O,test,train,train,4,4,0.7285714,0.7285714,0.7285714
Cc1cc(Oc2cccc(CNC(=O)c3cc4cc(Cl)ccc4n3C)c2)ccc1CCC(=O)O,test,train,train,4,4,0.73239434,0.6805556,0.73239434
Cc1cc(Oc2cccc(CNC(=O)c3cc4cc(Cl)c(Cl)cc4[nH]3)c2)ccc1CCC(=O)O,train,test,train,4,4,0.83076924,0.83076924,0.83076924
Cc1cc(Oc2cccc(CNC(=O)c3cc4cccc(Br)c4[nH]3)c2)ccc1CCC(=O)O,train,test,test,4,4,0.77272725,0.77272725,0.73134327
Cc1cc(Oc2cccc(CNC(=O)c3cc4cc(Br)ccc4[nH]3)c2)ccc1CCC(=O)O,train,train,test,4,4,0.8181818,0.8181818,0.8181818
Cc1cc(Oc2cccc(CNC(=O)c3cc4ccc(Cl)cc4[nH]3)c2)ccc1CCC(=O)O,train,train,train,4,4,0.875,0.875,0.875
Cc1cc(Oc2cccc(CNC(=O)c3cc4cc(Cl)ccc4[nH]3)c2)ccc1CCC(=O)O,train,train,train,4,4,0.875,0.875,0.875
Cc1cc(Oc2cccc(CNC(=O)c3cc4c(Cl)cccc4[nH]3)c2)ccc1CCC(=O)O,train,train,train,4,4,0.7878788,0.75,0.7878788
Cc1cc(Oc2cccc(CNC(=O)c3ccc(C(F)(F)F)cc3C)c2)ccc1CCC(=O)O,train,train,test,4,4,0.6923077,0.6923077,0.6923077
Cc1cc(Oc2ccc(F)c(CNC(=O)c3ccc(C(F)(F)F)cc3F)c2)ccc1OC(C)(C)C(=O)O,train,train,test,0,0,0.8,0.9,0.9
Cc1cc(Oc2cc(F)cc(CNC(=O)c3ccc(C(F)(F)F)cc3F)c2)ccc1OC(C)(C)C(=O)O,test,train,train,0,0,0.875,0.875,0.875
Cc1ccc(Oc2ccc(OC(C)(C)C(=O)O)c(C)c2)cc1CNC(=O)c1ccc(C(F)(F)F)cc1F,test,train,train,0,0,0.9,0.9,0.8
Cc1cc(CNC(=O)c2ccc(C(F)(F)F)cc2F)cc(Oc2ccc(OC(C)(C)C(=O)O)c(C)c2)c1,train,train,train,0,0,0.83076924,0.875,0.875
Cc1ccc(CNC(=O)c2ccc(C(F)(F)F)cc2F)cc1Oc1ccc(OC(C)(C)C(=O)O)c(C)c1,train,test,train,0,0,0.8153846,0.8153846,0.8153846
Cc1cc(Oc2cccc(CNC(=O)c3ccccc3C)c2)ccc1OC(C)(C)C(=O)O,train,train,train,0,0,0.8214286,0.8214286,0.8214286
COc1ccc(C(=O)NCc2cccc(Oc3ccc(OC(C)(C)C(=O)O)c(C)c3)c2)c(C)c1,train,train,train,0,0,0.85714287,0.85714287,0.85714287
Cc1cc(Oc2cccc(CNC(=O)c3ccc(OC(F)(F)F)cc3C)c2)ccc1OC(C)(C)C(=O)O,test,train,test,0,0,0.84745765,0.84745765,0.84745765
Cc1cc(Oc2cccc(CNC(=O)c3ccc(Cl)cc3C)c2)ccc1OC(C)(C)C(=O)O,train,train,test,0,0,0.82758623,0.82758623,0.82758623
Cc1ccc(C(=O)NCc2cccc(Oc3ccc(OC(C)(C)C(=O)O)c(C)c3)c2)c(C)c1,train,train,train,0,0,0.85714287,0.85714287,0.85714287
COc1cc(C(F)(F)F)ccc1C(=O)NCc1cccc(Oc2ccc(OC(C)(C)C(=O)O)c(C)c2)c1,train,train,train,0,0,0.8852459,0.8852459,0.8852459
Cc1cc(Oc2cccc(CNC(=O)c3ccc(C(F)(F)F)cc3Oc3ccccc3)c2)ccc1OC(C)(C)C(=O)O,train,train,test,0,0,0.8852459,0.8852459,0.8852459
Cc1cc(Oc2cccc(CNC(=O)c3ccc(C(F)(F)F)cc3Br)c2)ccc1OC(C)(C)C(=O)O,train,test,train,0,0,0.8852459,0.8852459,0.8852459
Cc1cc(Oc2cccc(CNC(=O)c3ccc(C(F)(F)F)cc3F)c2)ccc1OC(C)(C)C(=O)O,train,train,train,0,0,0.9,0.9,0.9
Cc1cc(Oc2cccc(CNC(=O)c3ccc(C(F)(F)F)cc3Cl)c2)ccc1OC(C)(C)C(=O)O,train,train,test,0,0,0.8852459,0.8852459,0.8852459
CCc1cc(C(F)(F)F)ccc1C(=O)NCc1cccc(Oc2ccc(OC(C)(C)C(=O)O)c(C)c2)c1,test,test,train,0,0,0.8852459,0.8852459,0.8852459
Cc1cc(Oc2cccc(CNC(=O)c3ccc(C(F)(F)F)cc3C)c2)ccc1OC(C)(C)C(=O)O,train,train,train,0,0,0.9,0.9,0.9
CCc1ccc(O[C@H](C)CCOc2ccc(CCC(=O)O)c(C)c2)c(-c2cscn2)c1,train,train,train,2,2,0.75714284,0.75714284,0.74647886
CCc1ccc(O[C@H](C)CCOc2ccc(CCC(=O)O)c(C)c2)c(-c2cocn2)c1,train,train,train,2,2,0.75714284,0.75714284,0.74647886
CCc1ccc(O[C@H](C)CCOc2ccc(CCC(=O)O)c(C)c2)c(-c2ncco2)c1,train,train,train,2,2,0.75714284,0.75714284,0.75714284
Cc1cc(OCC[C@@H](C)Oc2ccc(Cl)cc2-c2ccccn2)ccc1CCC(=O)O,test,test,train,2,2,0.80597013,0.80597013,0.7826087
Cc1cc(OCC[C@@H](C)Oc2ccc(C(F)(F)F)cc2-c2ccccn2)ccc1CCC(=O)O,train,train,train,2,2,0.85294116,0.85294116,0.85294116
CCc1ccc(O[C@H](C)CCOc2ccc(CCC(=O)O)c(CC)c2)c(-c2ccccn2)c1,train,train,train,2,2,0.875,0.875,0.7941176
CCc1cc(OCC[C@@H](C)Oc2ccc(C(F)(F)F)cc2-c2ccccn2)ccc1CCC(=O)O,train,train,train,2,2,0.85294116,0.85294116,0.85294116
CCc1ccc(O[C@H](C)CCOc2ccc(CCC(=O)O)c(C)c2)c(-c2cccnc2)c1,train,train,train,2,2,0.84126985,0.84126985,0.84126985
CCc1ccc(O[C@H](C)CCOc2ccc(CCC(=O)O)c(C)c2)c(-c2ccccn2)c1,train,train,test,2,2,0.875,0.875,0.875
CCc1ccc(O[C@H](C)CCOc2ccc(CCC(=O)O)c(C)c2)c(-c2ccco2)c1,train,train,train,2,2,0.7846154,0.7846154,0.7846154
CCc1ccc(O[C@H](C)CCOc2ccc(CCC(=O)O)c(C)c2)c(-c2cccs2)c1,test,test,train,2,2,0.7846154,0.7846154,0.7846154
CCc1ccc(O[C@H](C)CCOc2ccc(CCC(=O)O)c(C)c2)c(-c2ccccc2)c1,train,train,train,2,2,0.84126985,0.84126985,0.84126985
Cc1cnc(-c2ccccc2)nc1N(C)CCCOc1ccc2c(c1)CC[C@H]2CC(=O)O,train,train,train,2,2,0.9032258,0.9032258,0.9032258
CCOc1csc(-c2ccc(OCCCOc3ccc4c(c3)CC[C@H]4CC(=O)O)nc2)n1,test,test,train,2,2,0.84615386,0.84615386,0.85714287
CC(=O)c1sc(-c2ccc(OCCCOc3ccc4c(c3)CC[C@H]4CC(=O)O)nc2)nc1C,test,test,test,2,2,0.84615386,0.84615386,0.84615386
Cc1nc(-c2ccc(OCCCOc3ccc4c(c3)CC[C@H]4CC(=O)O)nc2)sc1C,train,train,train,2,2,0.7761194,0.7761194,0.8360656
CCc1csc(-c2ccc(OCCCOc3ccc4c(c3)CC[C@H]4CC(=O)O)nc2)n1,train,train,train,2,2,0.7761194,0.7761194,0.84615386
CCc1ccc(-c2nc(C)cc(N(C)CCCOc3ccc4c(c3)CC[C@H]4CC(=O)O)n2)cc1,train,train,train,2,2,0.7605634,0.7605634,0.8235294
CCc1ccc(-c2ncc(CC)c(N(C)CCCOc3ccc4c(c3)CC[C@H]4CC(=O)O)n2)cc1,train,train,test,2,2,0.921875,0.921875,0.921875
CCc1ccc(-c2ncc(F)c(N(C)CCCOc3ccc4c(c3)CC[C@H]4CC(=O)O)n2)cc1,train,train,train,2,2,0.880597,0.880597,0.86764705
CCc1ccc(-c2nccc(N(C)CCCOc3ccc4c(c3)CC[C@H]4CC(=O)O)n2)cc1,test,test,train,2,2,0.8235294,0.8235294,0.8235294
Cc1cnc(-c2cccc(Cl)c2)nc1N(C)CCCOc1ccc2c(c1)CC[C@H]2CC(=O)O,test,test,train,2,2,0.8636364,0.8636364,0.8636364
CCOc1cccc(-c2ncc(C)c(N(C)CCCOc3ccc4c(c3)CC[C@H]4CC(=O)O)n2)c1,train,train,train,2,2,0.880597,0.880597,0.880597
Cc1cccc(-c2ncc(C)c(N(C)CCCOc3ccc4c(c3)CC[C@H]4CC(=O)O)n2)c1,train,train,test,2,2,0.890625,0.890625,0.890625
Cc1cnc(-c2ccc(Cl)cc2)nc1N(C)CCCOc1ccc2c(c1)CC[C@H]2CC(=O)O,train,train,train,2,2,0.890625,0.890625,0.890625
Cc1cnc(-c2ccc(F)cc2)nc1N(C)CCCOc1ccc2c(c1)CC[C@H]2CC(=O)O,train,train,train,2,2,0.890625,0.890625,0.890625
CC(=O)c1ccc(-c2ncc(C)c(N(C)CCCOc3ccc4c(c3)CC[C@H]4CC(=O)O)n2)cc1,train,train,train,2,2,0.890625,0.890625,0.890625
COc1ccc(-c2ncc(C)c(N(C)CCCOc3ccc4c(c3)CC[C@H]4CC(=O)O)n2)cc1,test,test,train,2,2,0.91935486,0.91935486,0.91935486
CCOc1ccc(-c2ncc(C)c(N(C)CCCOc3ccc4c(c3)CC[C@H]4CC(=O)O)n2)cc1,train,train,train,2,2,0.890625,0.890625,0.890625
Cc1cnc(-c2ccc(C(C)(C)C)cc2)nc1N(C)CCCOc1ccc2c(c1)CC[C@H]2CC(=O)O,train,train,train,2,2,0.8769231,0.8769231,0.8769231
Cc1cnc(-c2ccc(C(C)C)cc2)nc1N(C)CCCOc1ccc2c(c1)CC[C@H]2CC(=O)O,train,train,train,2,2,0.8636364,0.8636364,0.8636364
CCc1ccc(-c2ncc(C)c(N(C)CCCOc3ccc4c(c3)CC[C@H]4CC(=O)O)n2)cc1,train,train,train,2,2,0.921875,0.921875,0.890625
Cc1ccc(-c2ncc(C)c(N(C)CCCOc3ccc4c(c3)CC[C@H]4CC(=O)O)n2)cc1,train,train,train,2,2,0.9032258,0.9032258,0.91935486
Cc1oc(-c2ccccc2)nc1CCOc1cccc(CN(CC(=O)O)Cc2ccccc2)c1,train,train,train,1,1,0.91071427,0.91071427,0.9122807
Cc1oc(-c2ccccc2)nc1CCOc1ccc(CN(CC(=O)O)Cc2ccc(-c3ccccc3Cl)o2)cc1,train,train,train,1,1,0.7058824,0.7058824,0.7058824
Cc1oc(-c2ccccc2)nc1CCOc1ccc(CN(CC(=O)O)Cc2ccccn2)cc1,train,train,train,1,1,0.8,0.8,0.8
Cc1oc(-c2ccccc2)nc1CCOc1ccc(CN(CC(=O)O)Cc2ccc3ccccc3c2)cc1,test,test,train,1,1,0.86440676,0.86440676,0.86440676
Cc1oc(-c2ccccc2)nc1CCOc1ccc(CN(CC(=O)O)Cc2cccc3ccccc23)cc1,train,train,train,1,1,0.84126985,0.84126985,0.7903226
Cc1oc(-c2ccccc2)nc1CCOc1ccc(CN(CC(=O)O)Cc2ccc(OCc3ccccc3)cc2)cc1,train,train,train,1,1,0.84210527,0.84210527,0.84210527
Cc1oc(-c2ccccc2)nc1CCOc1ccc(CN(CC(=O)O)Cc2ccc(Oc3ccccc3)cc2)cc1,train,train,train,1,1,0.8965517,0.8965517,0.8965517
Cc1oc(-c2ccccc2)nc1CCOc1ccc(CN(CC(=O)O)Cc2cccc(Oc3ccccc3)c2)cc1,train,train,train,1,1,0.91525424,0.91525424,0.9491525
Cc1oc(-c2ccccc2)nc1CCOc1ccc(CN(CC(=O)O)Cc2ccc3c(c2)OCO3)cc1,train,train,train,1,1,0.7619048,0.7619048,0.7936508
Cc1oc(-c2ccccc2)nc1CCOc1ccc(CN(CCOCc2ccccc2)CC(=O)O)cc1,train,train,train,1,1,0.8333333,0.8333333,0.8333333
CCCCCCCN(CC(=O)O)Cc1ccc(OCCc2nc(-c3ccccc3)oc2C)cc1,test,test,train,1,1,0.7704918,0.7704918,0.7704918
Cc1oc(-c2ccccc2)nc1CCOc1cccc(CN(CC(=O)O)Cc2cc3ccccc3[nH]2)c1,train,train,train,1,1,0.828125,0.828125,0.828125
Cc1oc(-c2ccccc2)nc1CCOc1cccc(CN(CC(=O)O)Cc2ccc3ccccc3c2)c1,train,train,train,1,1,0.8947368,0.8947368,0.8947368
Cc1oc(-c2ccccc2)nc1CCOc1cccc(CN(CC(=O)O)Cc2cccc3ccccc23)c1,train,train,test,1,1,0.85,0.85,0.85
Cc1oc(-c2ccccc2)nc1CCOc1cccc(CN(CC(=O)O)Cc2ccc(OCc3ccccc3)cc2)c1,test,test,test,1,1,0.89830506,0.89830506,0.89830506
Cc1oc(-c2ccccc2)nc1CCOc1cccc(CN(CC(=O)O)Cc2cccc(Oc3ccccc3)c2)c1,train,train,train,1,1,0.91525424,0.91525424,0.9310345
Cc1oc(-c2ccccc2)nc1CCOc1cccc(CN(CCCc2ccccc2)CC(=O)O)c1,train,train,train,1,1,0.89830506,0.89830506,0.89830506
Cc1oc(-c2ccccc2)nc1CCOc1cccc(CN(CCc2ccccc2)CC(=O)O)c1,train,train,train,1,1,0.89830506,0.89830506,0.89830506
Cc1oc(-c2ccccc2)nc1CCOc1cccc(CN(CC(=O)O)Cc2ccc(Oc3ccccc3)cc2)c1,test,test,train,1,1,0.9491525,0.9491525,0.9491525
CCO[C@@H](Cc1ccc(OC/C=C/c2cc(-c3ccc(C(C)(C)C)cc3)cc(-c3ccc(C(C)(C)C)cc3)c2)cc1)C(=O)O,train,train,train,3,3,0.8181818,0.8181818,0.8181818
CCO[C@@H](Cc1ccc(OC/C=C/c2cc(CCc3ccccc3)cc(CCc3ccccc3)c2)cc1)C(=O)O,train,train,train,3,3,0.7924528,0.7924528,0.7924528
CCO[C@@H](Cc1ccc(OC/C=C/c2cc(/C=C/c3ccccc3)cc(/C=C/c3ccccc3)c2)cc1)C(=O)O,train,train,train,3,3,0.8076923,0.8076923,0.9130435
CCO[C@@H](Cc1ccc(OC/C=C/c2cc(C#Cc3ccccc3)cc(C#Cc3ccccc3)c2)cc1)C(=O)O,train,train,train,3,3,0.7777778,0.7777778,0.7777778
CCO[C@@H](Cc1ccc(OC/C=C/c2cc(OC(=O)c3ccccc3)cc(OC(=O)c3ccccc3)c2)cc1)C(=O)O,train,train,train,3,3,0.76363635,0.76363635,0.76363635
CCO[C@@H](Cc1ccc(OC/C=C/c2cc(-c3ccccc3)cc(-c3ccccc3)c2)cc1)C(=O)O,train,train,train,3,3,0.8181818,0.8181818,0.8181818
CCO[C@@H](Cc1ccc(OC/C=C/c2cc(OC(C)C)cc(OC(C)C)c2)cc1)C(=O)O,train,train,train,3,3,0.8235294,0.8235294,0.8235294
CCO[C@@H](Cc1ccc(OC/C=C/c2cc(OCC(F)(F)F)cc(OCC(F)(F)F)c2)cc1)C(=O)O,train,train,train,3,3,0.8113208,0.8113208,0.8113208
CCOc1cc(/C=C/COc2ccc(C[C@H](OCC)C(=O)O)cc2)cc(OCC)c1,train,train,train,3,3,0.85714287,0.85714287,0.85714287
CCO[C@@H](Cc1ccc(OC/C=C/c2cc(OC)cc(OC)c2)cc1)C(=O)O,train,train,train,3,3,0.85714287,0.85714287,0.85714287
CCO[C@@H](Cc1ccc(OC/C=C/c2cc(C(F)(F)F)cc(C(F)(F)F)c2)cc1)C(=O)O,train,train,test,3,3,0.78571427,0.78571427,0.78571427
CCO[C@@H](Cc1ccc(OC/C=C/c2cc(Br)cc(Br)c2)cc1)C(=O)O,train,train,train,3,3,0.78431374,0.78431374,0.78431374
CCO[C@@H](Cc1ccc(OC/C=C/c2ccccc2)cc1)C(=O)O,test,test,train,3,3,0.9130435,0.9130435,0.9130435
CCO[C@@H](Cc1ccc(OC/C=C/c2cc(OC3CCCC3)cc(OC3CCCC3)c2)cc1)C(=O)O,train,train,train,3,3,0.75,0.75,0.75
O=C(O)CCc1ccc(OCCN(Cc2ccc(C(F)(F)F)cc2)c2nc3ccccc3s2)cc1,train,train,train,0,0,0.4722222,0.4722222,0.4722222
CC(C)(Oc1cccc(CN(CCOc2ccccc2)c2nc3ccccc3o2)c1)C(=O)O,test,test,train,0,0,0.9464286,0.9464286,0.86440676
CCC(Oc1cccc(CN(CCCOc2ccc(O)cc2)c2nc3ccccc3o2)c1)C(=O)O,test,test,train,3,3,0.890625,0.890625,0.890625
CCC(Oc1cccc(CN(CCCOc2ccc(F)c(F)c2)c2nc3ccccc3o2)c1)C(=O)O,train,train,test,3,3,0.8142857,0.8142857,0.8235294
CCC(Oc1cccc(CN(CCCOc2ccc(F)cc2F)c2nc3ccccc3o2)c1)C(=O)O,test,test,train,3,3,0.7887324,0.7887324,0.8
CCC(Oc1cccc(CN(CCCOc2ccc(C)c(C)c2)c2nc3ccccc3o2)c1)C(=O)O,train,train,train,3,3,0.8507463,0.8507463,0.8507463
CCC(Oc1cccc(CN(CCCOc2ccc(C)cc2C)c2nc3ccccc3o2)c1)C(=O)O,train,train,test,3,3,0.82608694,0.82608694,0.82608694
CCC(Oc1cccc(CN(CCCOc2ccc(C)cc2)c2nc3ccccc3o2)c1)C(=O)O,train,train,train,3,3,0.86153847,0.86153847,0.890625
CCC(Oc1cccc(CN(CCCOc2ccc(S(=O)(=O)OC)cc2)c2nc3ccccc3o2)c1)C(=O)O,train,train,train,3,3,0.8142857,0.8142857,0.82608694
CCC(Oc1cccc(CN(CCCOc2cccc([N+](=O)[O-])c2)c2nc3ccccc3o2)c1)C(=O)O,train,train,train,3,3,0.7671233,0.7671233,0.7746479
CCC(Oc1cccc(CN(CCCOc2ccc3c(c2)OCO3)c2nc3ccccc3o2)c1)C(=O)O,test,test,test,3,3,0.7916667,0.7916667,0.8
CCC(Oc1cccc(CN(CCCOc2ccccc2)c2nc3cc(O)ccc3o2)c1)C(=O)O,train,train,train,3,3,0.84615386,0.84615386,0.875
CCC(Oc1cccc(CN(CCCOc2ccccc2)c2nc3c(O)cccc3o2)c1)C(=O)O,train,train,train,3,3,0.76119405,0.76119405,0.7878788
CCC(Oc1cccc(CN(CCCOc2ccccc2)c2nc3cc4c(cc3o2)OCO4)c1)C(=O)O,test,test,test,3,3,0.76811594,0.76811594,0.76811594
CCC(Oc1cccc(CN(CCCOc2ccccc2)c2nc3cc(C)ccc3o2)c1)C(=O)O,train,train,test,3,3,0.86153847,0.86153847,0.86153847
CCC(Oc1cccc(CN(CCCOc2ccccc2)c2nc3cc(C(F)(F)F)ccc3o2)c1)C(=O)O,train,train,train,3,3,0.8115942,0.8115942,0.8115942
CCC(Oc1cccc(CN(CCCOc2ccccc2)c2nc3cccc(F)c3o2)c1)C(=O)O,train,train,train,3,3,0.7536232,0.7536232,0.7647059
CCC(Oc1cccc(CN(CCCOc2ccccc2)c2nc3ccc(F)cc3o2)c1)C(=O)O,test,test,train,3,3,0.890625,0.890625,0.890625
CCC(Oc1cccc(CN(CCCOc2ccccc2)c2nc3cc(F)ccc3o2)c1)C(=O)O,train,train,train,3,3,0.8333333,0.8333333,0.890625
CCC(Oc1cccc(CCN(CCCOc2ccccc2)c2nc3ccccc3o2)c1)C(=O)O,test,test,train,3,3,0.8305085,0.8305085,0.8125
CC(Oc1cccc(CCN(CCCOc2ccccc2)c2nc3ccccc3o2)c1)C(=O)O,train,train,test,3,3,0.85714287,0.85714287,0.85714287
CC(Oc1cccc(CN(CCCOc2ccccc2)c2nc3ccccc3o2)c1)C(=O)O,train,train,train,3,3,0.85714287,0.85714287,0.7777778
O=C(O)COc1cccc(CN(CCCOc2ccccc2)c2nc3ccccc3o2)c1,train,train,train,2,2,0.7758621,0.7758621,0.7758621
CC(C)(Oc1cccc(CN(CCCOc2ccccc2)c2nc3ccccc3o2)c1)C(=O)O,train,train,test,0,0,0.81666666,0.8333333,0.9464286
CC(C)(Oc1cccc(CCCN(CCOc2ccccc2)c2nc3ccccc3o2)c1)C(=O)O,test,train,train,0,0,0.9137931,0.9137931,0.9137931
CC(C)(Oc1cccc(CCN(CCOc2ccccc2)c2nc3ccccc3o2)c1)C(=O)O,train,train,train,0,0,0.81666666,0.9137931,0.9137931
Cc1cc(Sc2cc(C#CCN3CCOCC3)nc(C#Cc3ccc(C(F)(F)F)cc3)c2)ccc1OCC(=O)O,train,train,train,4,4,0.46341464,0.46341464,0.45783132
O=C(O)C[C@@H]1CCc2cc(OCCc3nc(-c4ccccc4)oc3CCc3ccccc3)ccc21,train,train,train,2,2,0.83870965,0.83870965,0.83870965
CCCc1oc(-c2ccccc2)nc1CCOc1ccc2c(c1)CC[C@H]2CC(=O)O,train,train,train,2,2,0.83870965,0.83870965,0.83870965
CCc1ccc(-c2nc(CCOc3ccc4c(c3)CC[C@H]4CC(=O)O)c(CC)o2)cc1,train,train,test,2,2,0.8852459,0.8852459,0.84126985
CCc1oc(-c2ccc(C)cc2)nc1CCOc1ccc2c(c1)CC[C@H]2CC(=O)O,train,train,test,2,2,0.8852459,0.8852459,0.8196721
CCc1oc(-c2ccccc2)nc1CCOc1ccc2c(c1)CC[C@H]2CC(=O)O,test,test,test,2,2,0.8833333,0.8833333,0.8833333
Cc1c(CCOc2ccc3c(c2)CC[C@H]3CC(=O)O)nc(-c2ccccc2)n1C,test,test,train,2,2,0.96428573,0.96428573,0.96428573
Cc1nc(-c2ccccc2)n(C)c1CCOc1ccc2c(c1)CC[C@H]2CC(=O)O,train,train,test,2,2,0.88135594,0.88135594,0.9649123
COc1ccc(-c2nc(CCOc3ccc4c(c3)CC[C@H]4CC(=O)O)c(C)n2C)cc1,train,train,train,2,2,0.88135594,0.88135594,0.88135594
COc1ccc(-c2nc(C)c(CCOc3ccc4c(c3)CC[C@H]4CC(=O)O)n2C)cc1,train,train,train,2,2,0.88135594,0.88135594,0.8833333
CCc1ccc(-c2nc(CCOc3ccc4c(c3)CC[C@H]4CC(=O)O)c(C)n2C)cc1,train,train,train,2,2,0.852459,0.852459,0.852459
CCc1ccc(-c2nc(C)c(CCOc3ccc4c(c3)CC[C@H]4CC(=O)O)n2C)cc1,train,train,train,2,2,0.8548387,0.8548387,0.8548387
Cc1c(CCOc2ccc3c(c2)CC[C@H]3CC(=O)O)nc(-c2ccc(-c3ccccc3)cc2)n1C,train,train,train,2,2,0.88135594,0.88135594,0.96428573
Cc1nc(-c2ccc(-c3ccccc3)cc2)n(C)c1CCOc1ccc2c(c1)CC[C@H]2CC(=O)O,test,test,train,2,2,0.9649123,0.9649123,0.8833333
Cc1sc(-c2ccc(-c3ccccc3)cc2)nc1CCOc1ccc2c(c1)CC[C@H]2CC(=O)O,train,train,train,2,2,0.88135594,0.88135594,0.96428573
Cc1sc(-c2ccc(OC(F)(F)F)cc2)nc1CCOc1ccc2c(c1)CC[C@H]2CC(=O)O,train,train,train,2,2,0.84126985,0.84126985,0.84126985
Cc1sc(-c2cccc(C(F)(F)F)c2)nc1CCOc1ccc2c(c1)CC[C@H]2CC(=O)O,train,train,train,2,2,0.83076924,0.83076924,0.83076924
Cc1cccc(-c2nc(CCOc3ccc4c(c3)CC[C@H]4CC(=O)O)c(C)s2)c1,train,train,train,2,2,0.8548387,0.8548387,0.88135594
CCOc1ccc(-c2nc(CCOc3ccc4c(c3)CC[C@H]4CC(=O)O)c(C)s2)cc1,train,train,train,2,2,0.8666667,0.8666667,0.852459
Cc1sc(-c2ccc(Cl)cc2)nc1CCOc1ccc2c(c1)CC[C@H]2CC(=O)O,train,train,train,2,2,0.8666667,0.8666667,0.852459
Cc1sc(-c2ccccc2F)nc1CCOc1ccc2c(c1)CC[C@H]2CC(=O)O,train,train,train,2,2,0.7846154,0.7846154,0.8064516
Cc1sc(-c2cccc(F)c2)nc1CCOc1ccc2c(c1)CC[C@H]2CC(=O)O,train,train,train,2,2,0.86885244,0.86885244,0.86885244
Cc1sc(-c2ccc(F)cc2)nc1CCOc1ccc2c(c1)CC[C@H]2CC(=O)O,train,train,train,2,2,0.88135594,0.88135594,0.86885244
Cc1sc(-c2ccc(C(C)C)cc2)nc1CCOc1ccc2c(c1)CC[C@H]2CC(=O)O,train,train,train,2,2,0.84126985,0.84126985,0.84126985
COc1cccc(-c2nc(CCOc3ccc4c(c3)CC[C@H]4CC(=O)O)c(C)s2)c1,train,train,test,2,2,0.86885244,0.86885244,0.852459
COc1ccc(-c2nc(CCOc3ccc4c(c3)CC[C@H]4CC(=O)O)c(C)s2)cc1,train,train,test,2,2,0.88135594,0.88135594,0.88135594
Cc1sc(-c2ccc3c(c2)OCO3)nc1CCOc1ccc2c(c1)CC[C@H]2CC(=O)O,train,train,train,2,2,0.7846154,0.7846154,0.77272725
Cc1ccc(-c2nc(CCOc3ccc4c(c3)CC[C@H]4CC(=O)O)c(C)s2)cc1,test,test,test,2,2,0.9122807,0.9122807,0.8965517
Cc1sc(-c2ccccc2)nc1CCOc1ccc2c(c1)CC[C@H]2CC(=O)O,test,test,train,2,2,0.96428573,0.96428573,0.96428573
Cc1oc(-c2ccc(Cl)cc2)nc1CCOc1ccc2c(c1)CC[C@H]2CC(=O)O,train,train,train,1,1,0.88135594,0.88135594,0.88135594
Cc1oc(-c2cccc(Cl)c2)nc1CCOc1ccc2c(c1)CC[C@H]2CC(=O)O,train,train,train,1,1,0.84126985,0.84126985,0.84126985
Cc1oc(-c2cccc(C#N)c2)nc1CCOc1ccc2c(c1)CC[C@H]2CC(=O)O,train,train,train,1,1,0.8484849,0.8484849,0.8484849
Cc1oc(-c2ccc(C#N)cc2)nc1CCOc1ccc2c(c1)CC[C@H]2CC(=O)O,train,train,train,1,1,0.8484849,0.8484849,0.8484849
Cc1cccc(-c2nc(CCOc3ccc4c(c3)CC[C@H]4CC(=O)O)c(C)o2)c1,train,train,train,1,1,0.8548387,0.8548387,0.852459
Cc1ccc(-c2nc(CCOc3ccc4c(c3)CC[C@H]4CC(=O)O)c(C)o2)cc1,train,train,train,1,1,0.9122807,0.9122807,0.9122807
Cc1oc(-c2ccc(-c3ccccc3)cc2)nc1CCOc1ccc2c(c1)CC[C@H]2CC(=O)O,train,train,train,1,1,0.8965517,0.8965517,0.8965517
Cc1oc(-c2ccc(F)cc2)nc1CCOc1ccc2c(c1)CC[C@H]2CC(=O)O,test,test,train,1,1,0.8965517,0.8965517,0.8965517
Cc1oc(-c2cccc(F)c2)nc1CCOc1ccc2c(c1)CC[C@H]2CC(=O)O,train,train,test,1,1,0.8548387,0.8548387,0.86885244
Cc1oc(-c2ccc(C(C)C)cc2)nc1CCOc1ccc2c(c1)CC[C@H]2CC(=O)O,train,train,test,1,1,0.852459,0.852459,0.852459
Cc1oc(-c2ccc(C(C)(C)C)cc2)nc1CCOc1ccc2c(c1)CC[C@H]2CC(=O)O,test,test,train,1,1,0.8666667,0.8666667,0.8666667
CCc1ccc(-c2nc(CCOc3ccc4c(c3)CC[C@H]4CC(=O)O)c(C)o2)cc1,train,train,train,1,1,0.8666667,0.8666667,0.8666667
COc1cccc(-c2nc(CCOc3ccc4c(c3)CC[C@H]4CC(=O)O)c(C)o2)c1,train,train,test,1,1,0.86885244,0.86885244,0.86885244
COc1ccc(-c2nc(CCOc3ccc4c(c3)CC[C@H]4CC(=O)O)c(C)o2)cc1,train,train,train,1,1,0.9122807,0.9122807,0.9122807
Cc1oc(-c2ccccc2)nc1CCOc1ccc2c(c1)C(C)(C)CC2CC(=O)O,train,train,test,1,1,0.6969697,0.6969697,0.71875
Cc1oc(-c2ccccc2)nc1CCOc1ccc2c(c1)CC(C)C2CC(=O)O,train,train,train,1,1,0.7076923,0.7076923,0.7076923
Cc1oc(-c2ccccc2)nc1CCOc1ccc2c(c1)OCC2CC(=O)O,test,test,train,1,1,0.71875,0.71875,0.71875
Cc1oc(-c2ccccc2)nc1CCOc1ccc2c(c1)CCC[C@H]2CC(=O)O,train,train,train,1,1,0.8833333,0.8833333,0.8833333
CCN(C(=O)Nc1ccc(OC(F)(F)F)cc1)[C@@H]1Cc2ccc(SC(C)(C)C(=O)O)cc2C1,train,train,test,0,0,0.3529412,0.3529412,0.3529412
Cc1nc(-c2ccc(C(F)(F)F)cc2)sc1C(=O)NCc1ccc(NC(=O)C(F)(F)F)cc1,train,train,train,4,4,0.7413793,0.7413793,0.7413793
Cc1nc(-c2ccc(C(F)(F)F)cc2)sc1C(=O)NCc1ccc(NS(=O)(=O)C(C)C)cc1,train,train,train,4,4,0.8103448,0.8103448,0.8103448
Cc1ccc(S(=O)(=O)Nc2ccc(CNC(=O)c3sc(-c4ccc(C(F)(F)F)cc4)nc3C)cc2)cc1,train,train,train,4,4,0.7966102,0.7966102,0.7966102
Cc1nc(-c2ccc(C(F)(F)F)cc2)sc1C(=O)NCc1ccc(NS(C)(=O)=O)cc1,train,train,train,4,4,0.8545455,0.8545455,0.8545455
Cc1nc(-c2ccc(C(F)(F)F)cc2)sc1C(=O)NCc1ccc(CNS(=O)(=O)C(F)(F)F)cc1,train,train,train,4,4,0.8333333,0.8333333,0.8333333
Cc1nc(-c2ccc(C(F)(F)F)cc2)sc1C(=O)NCc1ccc(NS(=O)(=O)CC(F)(F)F)cc1,train,train,train,4,4,0.8103448,0.8103448,0.8103448
Cc1nc(-c2ccc(C(F)(F)F)cc2)sc1C(=O)NCc1ccc(NS(=O)(=O)C(F)(F)F)cc1,train,train,train,4,4,0.8545455,0.8545455,0.8545455
CCCCS(=O)(=O)Nc1ccc(CNC(=O)c2sc(-c3ccc(C(F)(F)F)cc3)nc2C)cc1,train,train,test,4,4,0.7903226,0.7903226,0.7903226
CC(C)(Oc1ccc(CNC(=O)Cc2ccc(-c3ccc(Cl)cc3)cc2)cc1)C(=O)O,train,train,train,0,0,0.8043478,0.8043478,0.8043478
COc1ccc2sc(C(=O)NCc3ccc(NS(=O)(=O)C(F)(F)F)cc3)cc2c1,train,train,test,4,4,0.65,0.65,0.65
COc1ccc2sc(C(=O)NCc3ccc(OC(C)(C)C(=O)O)cc3)cc2c1,train,train,train,0,0,0.65,0.65,0.6
O=C(Cc1ccc(-c2ccc(Cl)cc2)cc1)NCc1ccc(NS(=O)(=O)C(F)(F)F)cc1,train,train,train,4,4,0.8,0.8,0.8
COCc1nc(-c2ccc(C(=O)NCc3ccc(OC(C)(C)C(=O)O)cc3)cc2)no1,train,train,test,0,0,0.65,0.65,0.65
COCc1nc(-c2ccc(C(=O)NCc3ccc(NS(=O)(=O)C(F)(F)F)cc3)cc2)no1,train,train,train,4,4,0.6393443,0.6393443,0.6393443
CC(C)(Oc1ccc(CNC(=O)c2ccc(-c3ccc(C#N)cc3)cc2)cc1)C(=O)O,train,train,test,0,0,0.74,0.74,0.74
N#Cc1ccc(-c2ccc(C(=O)NCc3ccc(NS(=O)(=O)C(F)(F)F)cc3)cc2)cc1,test,train,train,4,4,0.7346939,0.7346939,0.7346939
CC(C)(Oc1ccc(CNC(=O)c2ccc(-c3ccc(Cl)cc3)cc2)cc1)C(=O)O,train,train,train,0,0,0.8043478,0.8043478,0.8043478
O=C(NCc1ccc(NS(=O)(=O)C(F)(F)F)cc1)c1ccc(-c2ccc(Cl)cc2)cc1,train,train,train,4,4,0.8,0.8,0.8
Cc1csc(-c2ccc(C(=O)NCc3ccc(OC(C)(C)C(=O)O)cc3)cc2)n1,train,train,train,0,0,0.6666667,0.6666667,0.6666667
Cc1csc(-c2ccc(C(=O)NCc3ccc(NS(=O)(=O)C(F)(F)F)cc3)cc2)n1,train,train,train,4,4,0.6481481,0.6481481,0.6481481
COC(=O)C(Cc1ccc(OCCN2CCC(C)(C)c3cc(/C(=N\O)c4ccccc4)ccc32)cc1)C(=O)OC,train,train,train,3,3,0.8235294,0.8235294,0.8235294
COC(=O)C(Cc1ccc(OCCN2CCC(C)(C)c3cc(C(=O)c4ccccc4)ccc32)cc1)C(=O)OC,train,train,train,3,3,0.8235294,0.8235294,0.8235294
Cc1ccc(-c2nc(CCCC[C@H]3CO[C@@](C)(C(=O)O)OC3)c(C)o2)c(C)c1,train,train,train,1,1,0.73333335,0.73333335,0.7894737
Cc1ccc(-c2nc(CCCC[C@H]3CO[C@@](C)(C(=O)O)OC3)c(C)o2)cc1C,train,train,train,1,1,0.7758621,0.7758621,0.84210527
Cc1ccccc1-c1nc(CCCC[C@H]2CO[C@@](C)(C(=O)O)OC2)c(C)o1,test,test,train,1,1,0.7894737,0.7894737,0.7894737
Cc1cccc(-c2nc(CCCC[C@H]3CO[C@@](C)(C(=O)O)OC3)c(C)o2)c1,train,train,train,1,1,0.8181818,0.8181818,0.8181818
Cc1ccc(-c2nc(CCCC[C@H]3CO[C@@](C)(C(=O)O)OC3)c(C)o2)cc1F,test,test,train,1,1,0.84210527,0.84210527,0.84210527
CCc1ccc(-c2nc(CCCC[C@H]3CO[C@@](C)(C(=O)O)OC3)c(C)o2)cc1,train,train,train,1,1,0.8035714,0.8035714,0.8035714
COc1ccc(-c2nc(CCCC[C@H]3CO[C@@](C)(C(=O)O)OC3)c(C)o2)cc1,train,train,train,1,1,0.8035714,0.8035714,0.8035714
Cc1oc(-c2ccc(C(F)(F)F)cc2)nc1CCCC[C@H]1CO[C@@](C)(C(=O)O)OC1,train,train,test,1,1,0.7758621,0.7758621,0.7758621
Cc1oc(-c2ccc(Cl)cc2)nc1CCCC[C@H]1CO[C@@](C)(C(=O)O)OC1,train,train,train,1,1,0.8148148,0.8148148,0.8148148
Cc1ccc(-c2nc(CCCC[C@H]3CO[C@@](C)(C(=O)O)OC3)c(C)s2)cc1,train,train,train,1,1,0.6440678,0.6440678,0.6393443
Cc1ccc(-c2nc(CCCC[C@H]3CO[C@@](C)(C(=O)O)OC3)c(C(F)(F)F)o2)cc1,train,train,train,1,1,0.75,0.75,0.6721311
CCc1oc(-c2ccc(C)cc2)nc1CCCC[C@H]1CO[C@@](C)(C(=O)O)OC1,train,train,test,1,1,0.75438595,0.75438595,0.75438595
CCC(Cc1ccc(OC)c(CNC(=O)c2ccccc2)c1)C(=O)O,train,train,train,4,4,0.84615386,0.84615386,0.88
CCCCCCOc1ccc(CC(CC)C(=O)O)cc1CNC(=O)c1ccc(C23CC4CC(CC(C4)C2)C3)cc1,train,train,train,4,4,0.83076924,0.83076924,0.83076924
CCOc1ccc(CC(CC)C(=O)O)cc1CNC(=O)c1ccc(C23CC4CC(CC(C4)C2)C3)cc1,train,train,train,4,4,0.83076924,0.83076924,0.83076924
CCCC(Cc1ccc(OC)c(CNC(=O)c2ccc(C34CC5CC(CC(C5)C3)C4)cc2)c1)C(=O)O,train,test,train,4,4,0.7777778,0.7777778,0.7777778
COc1ccc(CC(C)C(=O)O)cc1CNC(=O)c1ccc(C23CC4CC(CC(C4)C2)C3)cc1,train,train,train,4,4,0.7777778,0.6818182,0.7777778
CCC(Cc1ccc(OC)c(CNC(=O)c2ccc(C3CCCCC3)cc2)c1)C(=O)O,train,train,test,4,4,0.7368421,0.7368421,0.7413793
CCC(Cc1ccc(OC)c(CNC(=O)c2ccc(-c3ccccc3)cc2)c1)C(=O)O,test,test,train,4,4,0.88,0.88,0.88
CCC(Cc1ccc(OC)c(CNC(=O)c2ccc(C(C)(C)C)cc2)c1)C(=O)O,train,train,train,4,4,0.8235294,0.8235294,0.8269231
CCC(Cc1ccc(OC)c(CNC(=O)c2ccc(C)cc2)c1)C(=O)O,test,test,train,4,4,0.84,0.84,0.84615386
Cc1oc(-c2ccccc2)nc1CCCCCCOC(C)(C)C(=O)O,train,train,train,1,1,0.6545454,0.6545454,0.6545454
Cc1oc(-c2ccccc2)nc1CCCC[C@H]1CO[C@@](CC(C)C)(C(=O)O)OC1,train,train,test,1,1,0.8035714,0.8035714,0.8035714
CC[C@]1(C(=O)O)OC[C@@H](CCCCc2nc(-c3ccccc3)oc2C)CO1,train,train,train,1,1,0.8035714,0.8035714,0.76363635
Cc1oc(-c2ccccc2)nc1Cc1ccc(C[C@H]2CO[C@@](C)(C(=O)O)OC2)cc1,train,train,train,1,1,0.8333333,0.8333333,0.8333333
Cc1oc(-c2ccccc2)nc1Cc1cccc(C[C@H]2CO[C@@](C)(C(=O)O)OC2)c1,train,train,train,1,1,0.8333333,0.8333333,0.8333333
Cc1oc(-c2ccccc2)nc1Cc1cccc([C@H]2CO[C@@](C)(C(=O)O)OC2)c1,test,test,train,1,1,0.7758621,0.7758621,0.7758621
Cc1oc(-c2ccccc2)nc1CCCCC[C@H]1CO[C@@](C)(C(=O)O)OC1,train,train,train,1,1,0.8181818,0.8181818,0.8181818
COc1ccc(N2C(=O)C(Cc3cccc(OCCc4nc(-c5ccccc5)oc4C)c3)C2C(=O)O)cn1,train,train,train,1,1,0.79452056,0.79452056,0.79452056
Cc1oc(-c2ccccc2)nc1CCOc1cccc(CC2C(=O)N(c3ccc(Cl)cc3)C2C(=O)O)c1,train,train,train,1,1,0.86764705,0.86764705,0.87323946
Cc1oc(-c2ccccc2)nc1CCOc1cccc(CC2C(=O)N(c3ccc(F)cc3)C2C(=O)O)c1,train,train,train,1,1,0.86764705,0.86764705,0.86764705
Cc1oc(-c2ccc(Cl)cc2)nc1CCOc1cccc(C[C@@H]2C(=O)N(c3ccc(C(C)(C)C)cc3)[C@@H]2C(=O)O)c1,test,test,train,1,1,0.8783784,0.8783784,0.8767123
COc1ccc(-c2nc(CCOc3cccc(C[C@@H]4C(=O)N(c5ccc(C(C)(C)C)cc5)[C@@H]4C(=O)O)c3)c(C)o2)cc1,train,train,train,1,1,0.81578946,0.81578946,0.8767123
Cc1oc(-c2cccc(Cl)c2)nc1CCOc1cccc(C[C@@H]2C(=O)N(c3ccc(C(C)(C)C)cc3)[C@@H]2C(=O)O)c1,train,train,test,1,1,0.81578946,0.81578946,0.8783784
COc1cccc(-c2nc(CCOc3cccc(C[C@@H]4C(=O)N(c5ccc(C(C)(C)C)cc5)[C@@H]4C(=O)O)c3)c(C)o2)c1,test,test,test,1,1,0.9027778,0.9027778,0.9027778
COc1ccc(N2C(=O)[C@@H](Cc3ccc(OCCc4nc(-c5ccccc5)oc4C)cc3)[C@H]2C(=O)O)cc1,test,test,train,1,1,0.74285716,0.74285716,0.74285716
Cc1cc(SCc2cc(-c3ccc(C(F)(F)F)cc3)ns2)ccc1OCC(=O)O,train,train,train,4,4,0.72131145,0.72131145,0.72131145
CC(Oc1ccc(SCc2nc(-c3ccc(C(F)(F)F)cc3)ns2)cc1)C(=O)O,train,train,test,4,4,0.63076925,0.63076925,0.63076925
Cc1ccc(-c2nsc(COc3ccc(OC(C)(C)C(=O)O)c(C)c3)n2)cc1Cl,train,train,train,0,0,0.9122807,0.9122807,0.9122807
Cc1ccc(-c2nsc(COc3ccc(OC(C)(C)C(=O)O)c(C)c3)n2)cc1C,train,train,train,0,0,0.8448276,0.8448276,0.8448276
Cc1cc(OCc2nc(-c3ccc(Cl)c(Cl)c3)ns2)ccc1OC(C)(C)C(=O)O,train,train,train,0,0,0.9122807,0.9122807,0.9122807
Cc1cc(OCc2nc(-c3ccc(OC(F)(F)F)c(Cl)c3)ns2)ccc1OC(C)(C)C(=O)O,train,train,train,0,0,0.852459,0.852459,0.852459
Cc1cc(OCc2nc(-c3ccc(C(F)(F)F)c(F)c3)ns2)ccc1OC(C)(C)C(=O)O,train,train,train,0,0,0.78125,0.765625,0.78125
Cc1cc(SCCc2nc(-c3ccc(Cl)c(Cl)c3)ns2)ccc1OC(C)(C)C(=O)O,train,test,train,0,0,0.7619048,0.8333333,0.8333333
Cc1cc(SCCc2nc(-c3ccc(C(F)(F)F)cc3)ns2)ccc1OC(C)(C)C(=O)O,test,test,train,0,0,0.765625,0.8360656,0.8360656
Cc1ccc(-c2nsc(CSc3ccc(OC(C)(C)C(=O)O)c(C)c3)n2)cc1Cl,train,test,train,0,0,0.8448276,0.9122807,0.9122807
Cc1ccc(-c2nsc(CSc3ccc(OC(C)(C)C(=O)O)c(C)c3)n2)cc1C,train,train,train,0,0,0.8448276,0.82758623,0.8448276
Cc1cc(SCc2nc(-c3ccc(Cl)cc3Cl)ns2)ccc1OC(C)(C)C(=O)O,test,train,train,0,0,0.78688526,0.74603176,0.78688526
Cc1cc(SCc2nc(-c3ccc(Cl)c(Cl)c3)ns2)ccc1OC(C)(C)C(=O)O,test,train,train,0,0,0.9122807,0.82758623,0.9122807
Cc1cc(SCc2nc(-c3ccc(OC(F)(F)F)c(Cl)c3)ns2)ccc1OC(C)(C)C(=O)O,test,test,train,0,0,0.852459,0.8666667,0.8666667
Cc1cc(SCc2nc(-c3ccc(C(F)(F)F)c(F)c3)ns2)ccc1OC(C)(C)C(=O)O,train,train,train,0,0,0.7619048,0.78125,0.78125
Cc1cc(SCc2cc(-c3ccc(C(F)(F)F)cc3)on2)ccc1OCC(=O)O,train,train,test,4,4,0.704918,0.704918,0.704918
Cc1oc(-c2ccccc2)nc1CCOc1ccc(CN(CC(=O)O)C(=O)Oc2ccc(O)cc2)cc1,test,test,test,1,1,0.9,0.9,0.9
COc1ccc(OC(=O)N(CC(=O)O)Cc2ccc(OCCc3nc(-c4ccc(O)cc4)oc3C)cc2)cc1,train,train,train,1,1,0.8095238,0.8095238,0.8095238
COc1ccc(OC(=O)N(CC(=O)O)Cc2ccc(OCCc3nc(-c4ccccc4)oc3CO)cc2)cc1,train,train,test,1,1,0.8833333,0.8833333,0.8833333
O=C(O)CN(Cc1ccc(OCCc2nc(-c3ccccc3)oc2CO)cc1)C(=O)Oc1ccc(O)cc1,train,train,train,1,1,0.8833333,0.8833333,0.75384617
Cc1oc(-c2ccccc2)nc1CCOc1cccc(CC2=CN(c3nccc(C(F)(F)F)n3)CCC2C(=O)O)c1,test,test,test,1,1,0.6744186,0.6744186,0.7058824
CCCOC(=O)N1C=C(Cc2cccc(OCCc3nc(-c4ccccc4)oc3C)c2)C(C(=O)O)CC1,train,train,train,1,1,0.875,0.875,0.875
Cc1oc(-c2ccccc2)nc1CCOc1cccc(CC2=CN(C(=O)OCc3ccccc3)CCC2C(=O)O)c1,train,train,train,1,1,0.875,0.875,0.875
Cc1oc(-c2ccccc2)nc1CCOc1cccc(CC2=CN(C(=O)OCC(C)C)CCC2C(=O)O)c1,train,train,test,1,1,0.8513514,0.8513514,0.8513514
CCCOC(=O)N1CCC(C(=O)O)=C(Cc2cccc(OCCc3nc(-c4ccccc4)oc3C)c2)C1,train,train,test,1,1,0.8356164,0.8356164,0.8356164
Cc1oc(-c2ccccc2)nc1CCOc1cccc(C2CN(C(=O)Oc3ccccc3)CCC2CC(=O)O)c1,train,train,train,1,1,0.82666665,0.82666665,0.82666665
Cc1oc(-c2ccccc2)nc1CCOc1cccc(C2CN(C(=O)OCC(C)C)CCC2CC(=O)O)c1,train,train,train,1,1,0.82666665,0.82666665,0.82666665
Cc1oc(-c2ccccc2)nc1CCOc1cccc(C2=C(CC(=O)O)CCN(C(=O)Oc3ccccc3)C2)c1,test,test,train,1,1,0.5949367,0.5974026,0.8194444
Cc1oc(-c2ccccc2)nc1CCOc1cccc(C2=C(CC(=O)O)CCN(C(=O)OCC(C)C)C2)c1,test,test,train,1,1,0.721519,0.721519,0.8194444
Cc1oc(-c2ccccc2)nc1CCOc1cccc(CC2CN(C(=O)OCC(C)C)CCC2C(=O)O)c1,test,test,train,1,1,0.8513514,0.8513514,0.8513514
Cc1oc(-c2ccccc2)nc1CCOc1ccc(CCC2CN(C(=O)OCC(C)C)CCC2C(=O)O)cc1,test,test,test,1,1,0.8873239,0.8873239,0.8873239
Cc1oc(-c2ccccc2)nc1CCOc1ccc(CC2CN(C(=O)OCC(C)C)CCC2C(=O)O)cc1,train,train,train,1,1,0.7638889,0.7638889,0.8513514
Cc1oc(-c2ccccc2)nc1CCOc1cccc(CC2=C(C(=O)O)CCN(C(=O)OCC(C)C)C2)c1,train,train,train,1,1,0.8472222,0.8472222,0.7866667
Cc1oc(-c2ccccc2)nc1CCOc1ccc(CCC2=C(C(=O)O)CCN(C(=O)OCC(C)C)C2)cc1,test,test,train,1,1,0.89855075,0.89855075,0.7916667
Cc1oc(-c2ccccc2)nc1CCOc1ccc(CC2=C(C(=O)O)CCN(C(=O)OCC(C)C)C2)cc1,train,train,test,1,1,0.8472222,0.8472222,0.89855075
Cc1oc(-c2ccccc2)nc1CCOc1ccc(C2=C(C(=O)O)CCN(C(=O)OCC(C)C)C2)cc1,train,train,train,1,1,0.8028169,0.8028169,0.7916667
Cc1oc(-c2ccccc2)nc1CCOc1cccc(CC2=C(C(=O)O)CCN(c3nccc(C(F)(F)F)n3)C2)c1,test,test,train,1,1,0.68235296,0.68235296,0.627907
Cc1oc(-c2ccccc2)nc1CN(C)Cc1ccc(C[C@@H](C(=O)O)n2cccc2)cc1,train,train,train,1,1,0.6885246,0.6885246,0.6885246
Cc1oc(-c2ccccc2)nc1CCNc1ccc(C[C@@H](C(=O)O)n2cccc2)cc1,train,train,train,1,1,0.72131145,0.72131145,0.72131145
CN(CCCc1ccc(C[C@@H](C(=O)O)n2cccc2)cc1)c1ccccn1,test,test,train,3,3,0.6785714,0.6785714,0.6785714
Cc1oc(-c2ccccc2)nc1CCCc1ccc(CC(C(=O)O)c2ccccc2)cc1,train,train,train,1,1,0.86538464,0.86538464,0.86538464
Cc1oc(-c2ccccc2)nc1CCCc1ccc(CC(C(=O)O)c2cccc(-c3ccccc3)c2)cc1,train,train,test,1,1,0.86538464,0.86538464,0.86538464
Cc1oc(-c2ccccc2)nc1CCCc1ccc(CC(C(=O)O)c2cccnc2)cc1,train,train,train,1,1,0.86538464,0.86538464,0.86538464
CN(C/C=C/c1ccc(C[C@@H](C(=O)O)n2cccc2)cc1)c1ccccn1,train,train,train,3,3,0.47761193,0.47761193,0.6785714
Cc1oc(-c2ccccc2)nc1CC#Cc1ccc(CC(C(=O)O)c2cccc(-c3ccccc3)c2)cc1,train,train,train,1,1,0.84210527,0.84210527,0.84210527
Cc1oc(-c2ccccc2)nc1CC#Cc1ccc(CC(C(=O)O)c2ccc(-c3ccccc3)cc2)cc1,train,train,train,1,1,0.84210527,0.84210527,0.84210527
Cc1oc(-c2ccccc2)nc1CC#Cc1ccc(CC(C(=O)O)c2cccnc2)cc1,train,train,train,1,1,0.7966102,0.7966102,0.7966102
Cc1oc(-c2ccccc2)nc1CC#Cc1ccc(C[C@@H](C(=O)O)n2cccc2)cc1,train,train,train,1,1,0.73333335,0.73333335,0.73333335
CCOc1cc(F)c(CC(CC)C(=O)O)cc1CNC(=O)c1ccc(C23CC4CC(CC(C4)C2)C3)cc1F,train,train,test,4,4,0.8153846,0.8153846,0.7285714
CCCOc1cc(F)c(CC(CC)C(=O)O)cc1CNC(=O)c1ccc(C23CC4CC(CC(C4)C2)C3)cc1,train,train,train,4,4,0.8730159,0.8730159,0.828125
CCOc1cc(F)c(CC(CC)C(=O)O)cc1CNC(=O)c1ccc(C23CC4CC(CC(C4)C2)C3)cc1,train,train,test,4,4,0.8730159,0.8730159,0.8730159
CCC(Cc1cc(CNC(=O)c2ccc(C34CC5CC(CC(C5)C3)C4)cc2)c(OC)cc1F)C(=O)O,test,train,train,4,4,0.8548387,0.8548387,0.828125
CCC(Cc1cc(F)c(OC)c(CNC(=O)c2ccc(C34CC5CC(CC(C5)C3)C4)cc2)c1)C(=O)O,train,train,train,4,4,0.6956522,0.74626863,0.74626863
CCC(Cc1ccc(OC)c(CNC(=O)c2ccc(C34CC5CC(CC(C5)C3)C4)cc2F)c1)C(=O)O,test,train,train,4,4,0.7285714,0.7285714,0.6760563
CCC(Cc1cc(CNC(=O)c2ccc(C(F)(F)F)cc2)c(OC)cc1F)C(=O)O,train,test,train,4,4,0.6557377,0.7,0.7
CCC(Cc1cc(F)c(OC)c(CNC(=O)c2ccc(C(F)(F)F)cc2)c1)C(=O)O,test,train,train,4,4,0.7,0.6969697,0.7
CS(=O)(=O)Oc1ccc(CCCC[C@H]2CO[C@@](C)(C(=O)O)OC2)cc1,train,train,train,2,2,0.9777778,0.9777778,0.9777778
CS(=O)(=O)Oc1ccc(CCCCCC[C@H]2CO[C@@](C)(C(=O)O)OC2)cc1,train,train,train,2,2,1.0,1.0,1.0
CS(=O)(=O)Oc1ccc(CCCCC[C@H]2CO[C@@](C)(C(=O)O)OC2)cc1,train,train,train,2,2,1.0,1.0,1.0
Cc1oc(-c2ccccc2)nc1CCOc1cccc(Cc2cn(C)cc2C(=O)O)c1,test,test,train,1,1,0.8333333,0.8333333,0.8333333
Cc1oc(-c2ccccc2)nc1CCOc1cccc(Cc2cn(-c3ccccc3)cc2C(=O)O)c1,train,train,train,1,1,0.8135593,0.8135593,0.8333333
Cc1oc(-c2ccccc2)nc1CCOc1ccc(Cc2cn(-c3ccccc3)cc2C(=O)O)cc1,train,train,train,1,1,0.8135593,0.8135593,0.8135593
Cc1oc(-c2ccccc2)nc1CCOc1cccc(Cc2nn(-c3ccccc3)cc2C(=O)O)c1,train,train,test,1,1,0.8360656,0.8360656,0.8360656
Cc1oc(-c2ccccc2)nc1CCOc1cccc(Cc2c(C(=O)O)cnn2-c2ccccc2)c1,train,train,train,1,1,0.73134327,0.73134327,0.72727275
Cc1oc(-c2ccccc2)nc1CCOc1cccc(Cc2cn(-c3ccccc3)nc2C(=O)O)c1,train,train,train,1,1,0.7846154,0.7846154,0.78125
Cc1oc(-c2ccccc2)nc1CCOc1ccc(Cc2nn(-c3ccccc3)cc2C(=O)O)cc1,train,train,train,1,1,0.8360656,0.8360656,0.75409836
Cc1oc(-c2ccccc2)nc1CCOc1cccc(Cc2nn(-c3ccccc3)nc2C(=O)O)c1,train,train,test,1,1,0.82258064,0.82258064,0.82258064
Cc1oc(-c2ccccc2)nc1CCOc1ccc(Cc2nn(-c3ccccc3)nc2C(=O)O)cc1,train,train,train,1,1,0.82258064,0.82258064,0.8032787
Cc1oc(-c2ccccc2)nc1CCOc1cccc(-c2nn(-c3ccccc3)nc2C(=O)O)c1,test,test,train,1,1,0.7903226,0.7903226,0.7903226
Cc1oc(-c2ccccc2)nc1CCOc1cccc(-c2nn(-c3ccccc3)nc2CC(=O)O)c1,train,train,train,1,1,0.78125,0.78125,0.8333333
Cc1oc(-c2ccccc2)nc1CCOc1cccc(Cc2nn(-c3ccccc3)nc2CC(=O)O)c1,train,train,train,1,1,0.82258064,0.82258064,0.82258064
Cc1oc(-c2ccccc2)nc1CCOc1ccc(-c2nn(-c3ccccc3)nc2CC(=O)O)cc1,test,test,train,1,1,0.8333333,0.8333333,0.8333333
Cc1oc(-c2ccccc2)nc1CCOc1ccc(Cc2nn(-c3ccccc3)nc2CC(=O)O)cc1,train,train,train,1,1,0.82258064,0.82258064,0.82258064
CCCc1c(OCCCn2ccc3cc(OC(C)(C)C(=O)O)ccc32)ccc2c(C(=O)c3ccccc3)cccc12,train,test,test,0,0,0.7972973,0.7972973,0.7368421
CCCc1c(OCCCn2ccc3cc(OC(C)(C)C(=O)O)ccc32)ccc2cc(C(=O)c3ccoc3)ccc12,train,train,train,0,0,0.84931505,0.84931505,0.84931505
CCCc1c(OCCCn2ccc3cc(OC(C)(C)C(=O)O)ccc32)ccc2cc(C(=O)c3ccc(OC)cc3)ccc12,train,train,train,0,0,0.9264706,0.9264706,0.84931505
CCCc1cc(C(=O)c2ccc3ccccc3c2)ccc1OCCCn1ccc2cc(OC(C)(C)C(=O)O)ccc21,test,test,train,0,0,0.9076923,0.9076923,0.9076923
CCCc1cc(C(=O)c2ccc3ccccc3c2)ccc1OCCCn1ccc2c(OC(C)(C)C(=O)O)cccc21,train,train,train,0,0,0.8787879,0.8787879,0.8787879
CCCc1cc(C(=O)c2ccc(-c3ccccc3)cc2)ccc1OCCCn1ccc2cc(OC(C)(C)C(=O)O)ccc21,train,train,train,0,0,0.9230769,0.9230769,0.9230769
CCCc1cc(C(=O)c2ccc(-c3ccccc3)cc2)ccc1OCCCn1ccc2c(OC(C)(C)C(=O)O)cccc21,train,train,train,0,0,0.921875,0.921875,0.921875
CCCc1cc(C(=O)c2ccccc2)ccc1OCCCn1ccc2cc(OC(C)(C)C(=O)O)ccc21,train,train,train,0,0,0.9230769,0.9230769,0.9230769
CCCc1cc(C(=O)c2ccccc2)ccc1OCCCn1ccc2c(OC(C)(C)C(=O)O)cccc21,train,train,train,0,0,0.921875,0.921875,0.921875
CCCc1cc(C(=O)c2ccc(F)cc2)ccc1OCCCn1ccc2cc(OC(C)(C)C(=O)O)ccc21,test,train,train,0,0,0.8923077,0.8923077,0.8923077
CCCc1cc(C(=O)c2ccc(OC)cc2)ccc1OCCCn1ccc2cc(OC(C)(C)C(=O)O)ccc21,train,train,train,0,0,0.9206349,0.9206349,0.9206349
CCCc1c(OCCCN2CCCc3c(OC(C)(C)C(=O)O)cccc32)ccc2cc(C(=O)c3ccccc3)ccc12,train,train,train,0,0,0.76623374,0.76623374,0.76623374
CCCc1c(OCCCN2CCCc3cc(OC(C)(C)C(=O)O)ccc32)ccc2cc(C(=O)c3ccccc3)ccc12,train,train,train,0,0,0.76623374,0.76623374,0.76623374
CCCc1cc(C(=O)c2ccc(-c3ccccc3)cc2)ccc1OCCCN1CCCc2c(OC(C)(C)C(=O)O)cccc21,test,test,test,0,0,0.7368421,0.7368421,0.7368421
CCO[C@@H](Cc1cccc(/C(C)=N/OCc2ccccc2)c1)C(=O)O,train,train,train,3,3,0.8958333,0.8958333,0.8958333
CCO[C@@H](Cc1cccc(C2=NOC(Cc3ccccc3)C2)c1)C(=O)O,train,train,train,3,3,0.6721311,0.6721311,0.75
CCO[C@@H](Cc1cccc(/C(C)=N/OCc2ccccc2Cl)c1)C(=O)O,train,train,train,3,3,0.7924528,0.7924528,0.7924528
CCO[C@@H](Cc1cccc(/C(C)=N/OCc2cccc(Cl)c2)c1)C(=O)O,train,train,train,3,3,0.86538464,0.86538464,0.86538464
CCO[C@@H](Cc1cccc(C2=NOC(c3ccc(C(C)(C)C)cc3)C2)c1)C(=O)O,train,train,train,3,3,0.8135593,0.8135593,0.83928573
CCO[C@@H](Cc1cccc(C2=NOC(c3ccc(OC)cc3)C2)c1)C(=O)O,train,train,test,3,3,0.8135593,0.8135593,0.83928573
CCO[C@@H](Cc1cccc(C2=NOC(c3ccc(OS(C)(=O)=O)cc3)C2)c1)C(=O)O,train,train,train,3,3,0.8064516,0.8064516,0.78333336
CCO[C@@H](Cc1cccc(C2=NOC(c3ccc(I)cc3)C2)c1)C(=O)O,test,test,train,3,3,0.82758623,0.82758623,0.8545455
CCO[C@@H](Cc1cccc(C2=NOC(c3ccc(Br)cc3)C2)c1)C(=O)O,train,train,train,3,3,0.82758623,0.82758623,0.8545455
CCO[C@@H](Cc1cccc(C2=NOC(c3ccc(Cl)cc3)C2)c1)C(=O)O,train,train,train,3,3,0.82758623,0.82758623,0.8545455
CCO[C@@H](Cc1cccc(C2=NOC(c3ccc(F)cc3)C2)c1)C(=O)O,test,test,train,3,3,0.82758623,0.82758623,0.8545455
CCO[C@@H](Cc1cccc(/C(C)=N/OCc2ccc(C(C)(C)C)cc2)c1)C(=O)O,test,test,train,3,3,0.8545455,0.8545455,0.84313726
CCO[C@@H](Cc1cccc(/C(C)=N/OCc2ccc(OC)cc2)c1)C(=O)O,test,test,train,3,3,0.84313726,0.84313726,0.84313726
CCO[C@@H](Cc1cccc(/C(C)=N/OCc2ccc(OS(C)(=O)=O)cc2)c1)C(=O)O,train,train,test,3,3,0.7818182,0.7818182,0.79310346
CCO[C@@H](Cc1cccc(/C(C)=N/OCc2ccc(O)cc2)c1)C(=O)O,train,train,train,3,3,0.8958333,0.8958333,0.8958333
CCO[C@@H](Cc1cccc(/C(C)=N/OCc2ccc(C(F)(F)F)cc2)c1)C(=O)O,train,train,test,3,3,0.8113208,0.8113208,0.8545455
CCO[C@@H](Cc1cccc(/C(C)=N/OCc2ccc(I)cc2)c1)C(=O)O,train,train,train,3,3,0.86,0.86,0.86
CCO[C@@H](Cc1cccc(/C(C)=N/OCc2ccc(Br)cc2)c1)C(=O)O,train,train,test,3,3,0.86,0.86,0.86
CCO[C@@H](Cc1cccc(/C(C)=N/OCc2ccc(Cl)cc2)c1)C(=O)O,train,train,train,3,3,0.86538464,0.86538464,0.86538464
CCO[C@@H](Cc1cccc(/C(C)=N/OCc2ccc(F)cc2)c1)C(=O)O,test,test,test,3,3,0.86,0.86,0.86
CCO[C@@H](Cc1cccc(C2=NOC(c3ccccc3)C2)c1)C(=O)O,test,test,train,3,3,0.8545455,0.8545455,0.8545455
O=C(O)C(Cc1ccccc1)Oc1ccc(Cl)cc1Cl,train,train,train,3,3,0.775,0.775,0.775
O=C(O)C(Cc1ccccc1)Oc1ccc(Cl)cc1Br,train,train,test,3,3,0.75609756,0.75609756,0.75609756
O=C(O)C(Cc1ccccc1)Oc1ccc(Cl)c(Cl)c1,train,train,train,3,3,0.7692308,0.7692308,0.7692308
O=C(O)C(Cc1ccccc1Cl)Oc1ccc(Cl)cc1,train,train,train,3,3,0.7692308,0.7692308,0.7692308
O=C(O)C(Cc1ccccc1Br)Oc1ccc(Cl)cc1,train,train,train,3,3,0.75,0.75,0.75
Cc1ccccc1CC(Oc1ccc(Cl)cc1)C(=O)O,train,train,train,3,3,0.75,0.75,0.75
CCCc1ccccc1CC(Oc1ccc(Cl)cc1)C(=O)O,train,train,train,3,3,0.7209302,0.7209302,0.7209302
O=C(O)C(Cc1ccccc1C(F)(F)F)Oc1ccc(Cl)cc1,train,train,train,3,3,0.7209302,0.7209302,0.7209302
O=C(O)C(Cc1ccccc1Oc1ccccc1)Oc1ccc(Cl)cc1,test,test,train,3,3,0.73170733,0.73170733,0.73170733
O=C(O)C(Cc1ccc(Cl)cc1)Oc1ccc(Cl)cc1,train,train,train,3,3,0.875,0.875,0.875
O=C(O)C(Cc1ccc(Br)cc1)Oc1ccc(Cl)cc1,train,train,train,3,3,0.85294116,0.85294116,0.85294116
Cc1ccc(CC(Oc2ccc(Cl)cc2)C(=O)O)cc1,train,train,train,3,3,0.85294116,0.85294116,0.85294116
CCCc1ccc(CC(Oc2ccc(Cl)cc2)C(=O)O)cc1,train,train,train,3,3,0.8055556,0.8055556,0.8095238
CCCCCCc1ccc(CC(Oc2ccc(Cl)cc2)C(=O)O)cc1,test,test,train,3,3,0.8095238,0.8095238,0.8095238
O=C(O)C(Cc1cccc(Oc2ccccc2)c1)Oc1ccc(Cl)cc1,train,train,train,3,3,0.75,0.75,0.75
CCCCCCC[C@H]1C(=O)C=C(I)[C@@H]1OCCCCCC(=O)O,test,test,train,2,2,0.3275862,0.3275862,0.2857143
CCCCCCC[C@H]1C(=O)C=C[C@@H]1OCCCCCC(=O)O,test,test,test,2,2,0.36363637,0.36363637,0.60784316
CCOC(Cc1ccc(OCCN2CC=C(c3ccccc3)CC2)cc1)C(=O)O,train,train,train,3,3,0.8909091,0.8909091,0.8909091
CCOC(Cc1ccc(OCCN2CC=C(c3cccc(Cl)c3)CC2)cc1)C(=O)O,train,train,test,3,3,0.8360656,0.8360656,0.85714287
CCOC(Cc1ccc(OCCN2CC=C(c3ccccc3Cl)CC2)cc1)C(=O)O,train,train,train,3,3,0.8153846,0.8153846,0.8153846
CCOC(Cc1ccc(OCCN2CC=C(c3ccc(C(F)(F)F)cc3)CC2)cc1)C(=O)O,train,train,test,3,3,0.91803277,0.91803277,0.8333333
CCOC(Cc1ccc(OCCN2CC=C(c3cccc(C(F)(F)F)c3)CC2)cc1)C(=O)O,train,train,train,3,3,0.8333333,0.8333333,0.796875
CCOC(Cc1ccc(OCCN2CC=C(c3ccccc3C(F)(F)F)CC2)cc1)C(=O)O,train,train,train,3,3,0.7761194,0.7761194,0.7761194
CCOC(Cc1ccc(OCCN2CC=C(c3ccc(F)cc3)CC2)cc1)C(=O)O,train,train,train,3,3,0.877193,0.877193,0.877193
CCOC(Cc1ccc(OCCN2CC=C(c3ccc(OC)cc3)CC2)cc1)C(=O)O,train,train,train,3,3,0.89285713,0.89285713,0.89285713
CCOC(Cc1ccc(OCCN2CC=C(c3cccc(OC)c3)CC2)cc1)C(=O)O,train,train,train,3,3,0.83870965,0.83870965,0.83870965
CCOC(Cc1ccc(OCCN2CC=C(c3ccccc3OC)CC2)cc1)C(=O)O,train,train,train,3,3,0.8,0.8,0.8
CCOC(Cc1ccc(OCCN2CC=C(c3ccc(CC)cc3)CC2)cc1)C(=O)O,train,train,train,3,3,0.89285713,0.89285713,0.89285713
CCCc1ccc(C2=CCN(CCOc3ccc(CC(OCC)C(=O)O)cc3)CC2)cc1,test,test,train,3,3,0.877193,0.877193,0.877193
CCOC(Cc1ccc(OCCN2CC=C(c3cccc(Cl)c3Cl)CC2)cc1)C(=O)O,test,test,test,3,3,0.8730159,0.8730159,0.8730159
CCOC(Cc1ccc(OCCN2CC=C(c3ccc(Cl)cc3Cl)CC2)cc1)C(=O)O,train,train,train,3,3,0.875,0.875,0.875
CCOC(Cc1ccc(OCCN2CC=C(c3cc(Cl)ccc3Cl)CC2)cc1)C(=O)O,train,train,train,3,3,0.875,0.875,0.875
CCOC(Cc1ccc(OCCN2CC=C(c3cc(Cl)cc(Cl)c3)CC2)cc1)C(=O)O,test,test,train,3,3,0.85714287,0.85714287,0.81666666
CCOC(Cc1ccc(OCCN2CC=C(c3ccccn3)CC2)cc1)C(=O)O,train,train,train,3,3,0.82258064,0.82258064,0.82258064
CCOC(Cc1ccc(OCCN2CC=C(c3cccs3)CC2)cc1)C(=O)O,train,train,train,3,3,0.7741935,0.7741935,0.7741935
CCOC(Cc1ccc(OCCN2CC=C(c3cnccn3)CC2)cc1)C(=O)O,train,train,test,3,3,0.8,0.8,0.8
CCOC(Cc1ccc(OCCN2CC=C(c3ncccn3)CC2)cc1)C(=O)O,train,train,train,3,3,0.82258064,0.82258064,0.82258064
CCOC(Cc1ccc(OCCCN2CC=C(c3ccc(Cl)cc3)CC2)cc1)C(=O)O,train,train,train,3,3,0.84126985,0.84126985,0.84126985
CCOC(Cc1ccc(OCCCN2CC=C(c3ccc(C(F)(F)F)cc3)CC2)cc1)C(=O)O,train,train,test,3,3,0.91803277,0.91803277,0.796875
CCOC(Cc1ccc(OCCCN2CC=C(c3ccc(Cl)c(Cl)c3)CC2)cc1)C(=O)O,train,train,train,3,3,0.84126985,0.84126985,0.84126985
CCC(Cc1ccc(OCCN2CC=C(c3ccc(Cl)cc3)CC2)cc1)C(=O)O,test,test,train,3,3,0.703125,0.703125,0.703125
CC(Cc1ccc(OCCN2CC=C(c3ccc(Cl)cc3)CC2)cc1)(Oc1ccccc1)C(=O)O,train,test,train,0,0,0.73770493,0.73770493,0.73770493
CC(C)(Oc1ccc(OCCN2CC=C(c3ccc(Cl)cc3)CC2)cc1)C(=O)O,train,train,train,0,0,0.73770493,0.5671642,0.73770493
CC(C)(Oc1cccc(OCCN2CC=C(c3ccc(Cl)cc3)CC2)c1)C(=O)O,test,test,test,0,0,0.8214286,0.8214286,0.8214286
COc1ccc(OC(=O)N(CCCCCc2coc(-c3ccc(C)cc3)n2)CC(=O)O)cc1,train,train,train,1,1,0.71666664,0.71666664,0.71666664
COc1ccc(OC(=O)N(CCCCCCc2nc(-c3ccc(C)cc3)oc2C)CC(=O)O)cc1,train,train,train,1,1,0.71666664,0.71666664,0.71666664
Cc1ccc(-c2nc(CCCCCO/N=C(/CCC(=O)O)c3ccccc3)c(C)o2)cc1,train,train,test,1,1,1.0,1.0,0.59322035
Cc1ccc(-c2nc(CCCCCCO/N=C(/CCC(=O)O)c3ccccc3)c(C)o2)cc1,train,train,test,1,1,1.0,1.0,0.59322035
Cc1ccc(-c2nc(COc3ccc(C[C@H]4CO[C@@](C)(C(=O)O)OC4)cc3)c(C)o2)cc1,train,train,test,1,1,0.89285713,0.89285713,0.89285713
Cc1oc(-c2ccccc2)nc1COc1ccc(CO/N=C(\CCC(=O)O)c2ccccc2)cc1,train,train,test,1,1,0.5970149,0.5970149,0.5882353
Cc1oc(-c2ccccc2)nc1CCOc1ccc(CC(OCC(C)C)C(=O)O)c2sccc12,test,test,test,1,1,0.8028169,0.8028169,0.8382353
CCCCCCOC(Cc1ccc(OCCc2nc(-c3ccccc3)oc2C)c2ccsc12)C(=O)O,train,train,train,1,1,0.7837838,0.7837838,0.8169014
COc1ccccc1-c1nc(CCOc2ccc(CC(OC)C(=O)O)c3sccc23)c(C)o1,train,train,train,1,1,0.74647886,0.74647886,0.75
CCCOC(Cc1ccc(OCCc2nc(-c3ccccc3)oc2C)c2ccccc12)C(=O)O,test,test,train,1,1,0.88135594,0.88135594,0.88135594
COC(Cc1ccc(OCCc2nc(-c3ccccc3C)oc2C)c2ccccc12)C(=O)O,test,test,train,1,1,0.6818182,0.6818182,0.6818182
CO[C@@H](Cc1ccc(OCCc2nc(-c3ccc(C(F)(F)F)cc3)oc2C)c2ccsc12)C(=O)O,train,train,train,1,1,0.85915494,0.85915494,0.8028169
CO[C@@H](Cc1ccc(OCCc2nc(-c3cc(C)cc(C)c3)oc2C)c2ccsc12)C(=O)O,train,train,train,1,1,0.8,0.8,0.8507463
CO[C@@H](Cc1ccc(OCCc2nc(-c3ccc(C(C)C)cc3)oc2C)c2ccsc12)C(=O)O,train,train,train,1,1,0.8028169,0.8028169,0.8028169
COc1cc(OC)cc(-c2nc(CCOc3ccc(C[C@H](OC)C(=O)O)c4sccc34)c(C)o2)c1,test,test,train,1,1,0.8507463,0.8507463,0.8507463
Cc1oc(-c2ccccc2)nc1CCOc1ccc(C[C@H](OCC(F)(F)F)C(=O)O)c2sccc12,test,test,train,1,1,0.7837838,0.7837838,0.8028169
CCO[C@@H](Cc1ccc(OCCc2nc(-c3ccc(C(F)(F)F)cc3)oc2C)c2ccsc12)C(=O)O,train,train,test,1,1,0.85915494,0.85915494,0.85915494
Cc1oc(-c2ccccc2)nc1CCOc1ccc(C[C@H](OCC2CC2)C(=O)O)c2sccc12,train,train,train,1,1,0.8630137,0.8630137,0.8630137
CCO[C@@H](Cc1ccc(OCCc2nc(-c3ccc(-c4ccccc4)cc3)oc2C)c2ccsc12)C(=O)O,test,test,train,1,1,0.8507463,0.8507463,0.8507463
Cc1oc(-c2ccc(C(C)C)cc2)nc1CCOc1ccc(C[C@H](OCC2CC2)C(=O)O)c2sccc12,train,train,train,1,1,0.8630137,0.8630137,0.8630137
CCO[C@@H](Cc1ccc(OCCc2nc(-c3ccccc3)oc2C)c2ccccc12)C(=O)O,train,train,train,1,1,0.84375,0.84375,0.88135594
CCO[C@@H](Cc1ccc(OCCc2nc(-c3ccc(C(F)(F)F)cc3)oc2C)c2ccccc12)C(=O)O,train,train,train,1,1,0.84375,0.84375,0.84375
Cc1oc(-c2ccc(-c3ccccc3)cc2)nc1CCOc1ccc(C[C@H](OCC(F)(F)F)C(=O)O)c2ccccc12,train,train,test,1,1,0.79710144,0.79710144,0.79710144
CO[C@@H](Cc1ccc(OCCc2nc(-c3ccccc3)oc2C)c2sccc12)C(=O)O,train,train,train,1,1,0.84615386,0.84615386,0.84615386
CCO[C@@H](Cc1ccc(OCCc2nc(-c3ccccc3)oc2C)c2sccc12)C(=O)O,train,train,train,1,1,0.84615386,0.84615386,0.8507463
CC(=O)c1ccccc1N[C@@H](Cc1ccc(OCCc2nc(-c3ccccc3)oc2C)cc1)C(=O)O,train,train,train,1,1,0.8548387,0.8548387,0.8548387
CCCC(Sc1nc(Cl)cc(Nc2cccc(C)c2C)n1)C(=O)O,train,test,train,4,4,0.8888889,0.8888889,0.8888889
Cc1oc(-c2ccccc2)nc1COc1ccc(C[C@H]2CO[C@@](C)(C(=O)O)OC2)cc1,train,train,train,1,1,0.89285713,0.89285713,0.7719298
Cc1oc(C(C)(C)C)nc1CCOc1ccc(C[C@H]2CO[C@@](C)(C(=O)O)OC2)cc1,train,train,train,1,1,0.7258065,0.7258065,0.7258065
Cc1ccc(-c2nc(CCOc3ccc(C[C@H]4CO[C@@](C)(C(=O)O)OC4)cc3)c(C)o2)s1,test,test,train,1,1,0.852459,0.852459,0.852459
Cc1ccc(-c2nc(COc3ccc(C[C@H]4CO[C@@](C)(C(=O)O)OC4)cc3)c(C)o2)s1,train,train,train,1,1,0.7580645,0.7580645,0.852459
Cc1ccc(-c2nc(CCOc3ccc(C[C@H]4CO[C@@](C)(C(=O)O)OC4)cc3)c(C)o2)cc1,train,train,train,1,1,0.8947368,0.8947368,0.7619048
Cc1oc(-c2ccccc2)nc1CCOc1ccc(C[C@H]2CO[C@@](C)(C(=O)O)OC2)cc1,train,train,test,1,1,0.8947368,0.8947368,0.8947368
Cn1nc(-c2ccc(C(C)(C)C)cc2)cc1C(=O)NCc1ccc(OC(C)(C)C(=O)O)cc1,train,train,train,0,0,0.7627119,0.7627119,0.7627119
Cc1cc(CNC(=O)c2cc(-c3ccc(C(C)(C)C)cc3)[nH]n2)ccc1OC(C)(C)C(=O)O,train,train,train,0,0,0.6984127,0.6984127,0.6984127
Cc1cc(CNC(=O)c2cc(-c3ccc(C(C)(C)C)cc3)nn2C)ccc1OC(C)(C)C(=O)O,train,train,train,0,0,0.8333333,0.8333333,0.8333333
Cc1cc(CNC(=O)c2cc(-c3ccc(C(C)(C)C)cc3)n(C)n2)ccc1OC(C)(C)C(=O)O,train,train,train,0,0,0.86440676,0.86440676,0.8360656
Cc1cc(CNC(=O)c2cc(-c3ccc(C(C)C)cc3)nn2C)ccc1OC(C)(C)C(=O)O,train,train,test,0,0,0.83870965,0.83870965,0.83870965
Cc1cc(CNC(=O)c2cc(-c3ccc(C(C)C)cc3)n(C)n2)ccc1OC(C)(C)C(=O)O,train,train,train,0,0,0.82258064,0.82258064,0.84126985
Cc1cc(CNC(=O)c2cc(-c3ccc(CC(C)C)cc3)nn2C)ccc1OC(C)(C)C(=O)O,train,train,train,0,0,0.83870965,0.83870965,0.8196721
Cc1cc(CNC(=O)c2cc(-c3ccc(CC(C)C)cc3)n(C)n2)ccc1OC(C)(C)C(=O)O,test,test,train,0,0,0.84126985,0.84126985,0.84126985
CCn1nc(-c2ccc(C(C)(C)C)cc2)cc1C(=O)NCc1ccc(OC(C)(C)C(=O)O)c(C)c1,train,train,train,0,0,0.8333333,0.8333333,0.8333333
CCn1nc(C(=O)NCc2ccc(OC(C)(C)C(=O)O)c(C)c2)cc1-c1ccc(C(C)(C)C)cc1,train,train,train,0,0,0.82539684,0.82539684,0.82539684
C=CCn1nc(-c2ccc(C(C)(C)C)cc2)cc1C(=O)NCc1ccc(OC(C)(C)C(=O)O)c(C)c1,test,test,train,0,0,0.8125,0.8125,0.8125
C=CCn1nc(C(=O)NCc2ccc(OC(C)(C)C(=O)O)c(C)c2)cc1-c1ccc(C(C)(C)C)cc1,train,test,train,0,0,0.8125,0.8125,0.8125
COCCn1nc(-c2ccc(C(C)(C)C)cc2)cc1C(=O)NCc1ccc(OC(C)(C)C(=O)O)c(C)c1,train,train,train,0,0,0.82539684,0.82539684,0.82539684
COCCn1nc(C(=O)NCc2ccc(OC(C)(C)C(=O)O)c(C)c2)cc1-c1ccc(C(C)(C)C)cc1,test,train,train,0,0,0.82539684,0.82539684,0.82539684
Cc1cc(CNC(=O)c2cc(-c3ccc(C(C)(C)C)cc3)n(CCN3CCOCC3)n2)ccc1OC(C)(C)C(=O)O,test,test,train,0,0,0.7536232,0.7714286,0.7714286
Cc1cc(CNC(=O)c2cc(-c3ccc(C(C)(C)C)cc3)n(Cc3ccccc3)n2)ccc1OC(C)(C)C(=O)O,train,test,test,0,0,0.82539684,0.82539684,0.82539684
C=CCOc1ccc(-c2cc(C(=O)NCc3ccc(OC(C)(C)C(=O)O)c(C)c3)nn2C)cc1,train,train,train,0,0,0.8,0.8,0.7761194
Cc1cc(CNC(=O)c2cc(-c3ccc(-c4ccccc4)cc3)n(C)n2)ccc1OC(C)(C)C(=O)O,train,train,test,0,0,0.8666667,0.8666667,0.86885244
Cc1cc(CNC(=O)c2cc(-c3ccc(-c4ccccc4C)cc3)n(C)n2)ccc1OC(C)(C)C(=O)O,test,test,train,0,0,0.86885244,0.86885244,0.8095238
Cc1cc(CNC(=O)c2cc(-c3ccc(-c4ccoc4)cc3)n(C)n2)ccc1OC(C)(C)C(=O)O,train,train,train,0,0,0.82539684,0.82539684,0.8
Cc1cc(CNC(=O)c2cc(-c3ccc(-c4ccncc4)cc3)n(C)n2)ccc1OC(C)(C)C(=O)O,train,train,train,0,0,0.8666667,0.8666667,0.8360656
Cc1cc(CNC(=O)c2cc(-c3ccc(N4CCOCC4)cc3)n(C)n2)ccc1OC(C)(C)C(=O)O,train,train,train,0,0,0.8787879,0.8787879,0.8787879
Cc1cc(CNC(=O)c2cc(-c3ccc(N4CCCC4)cc3)n(C)n2)ccc1OC(C)(C)C(=O)O,train,train,train,0,0,0.8787879,0.8787879,0.8787879
COC(=O)c1cc2ccc(OCCc3nc(-c4ccc(-c5ccccc5)cc4)oc3C)cc2oc1=O,train,train,train,1,1,0.87931037,0.87931037,0.87931037
COC(=O)C1Cc2ccc(OCCc3nc(-c4ccc(-c5ccccc5)cc4)oc3C)cc2OC1=O,test,test,train,1,1,0.96666664,0.96666664,0.96666664
COC(=O)c1cc2ccc(OCCc3nc(-c4ccc(OC)cc4)oc3C)cc2oc1=O,train,train,train,1,1,0.92727274,0.92727274,0.92727274
COC(=O)C1Cc2ccc(OCCc3nc(-c4ccc(OC)cc4)oc3C)cc2OC1=O,train,train,test,1,1,0.9322034,0.9322034,0.9322034
COC(=O)c1cc2ccc(OCCc3nc(-c4cccc(OC)c4)oc3C)cc2oc1=O,train,train,test,1,1,0.85,0.85,0.85
COC(=O)C1Cc2ccc(OCCc3nc(-c4cccc(OC)c4)oc3C)cc2OC1=O,test,test,train,1,1,0.8636364,0.8636364,0.8636364
COC(=O)c1cc2ccc(OCCc3nc(-c4ccc(C(C)(C)C)cc4)oc3C)cc2oc1=O,train,train,train,1,1,0.86440676,0.86440676,0.86440676
COC(=O)C1Cc2ccc(OCCc3nc(-c4ccc(C(C)(C)C)cc4)oc3C)cc2OC1=O,train,train,train,1,1,0.88709676,0.88709676,0.88709676
COC(=O)c1cc2ccc(OCCc3nc(-c4ccc(C)cc4)oc3C)cc2oc1=O,train,train,train,1,1,0.92727274,0.92727274,0.92727274
COC(=O)C1Cc2ccc(OCCc3nc(-c4ccc(C)cc4)oc3C)cc2OC1=O,train,train,train,1,1,0.9322034,0.9322034,0.90163934
COC(=O)C1Cc2ccc(OCCc3nc(-c4cccc(C)c4)oc3C)cc2OC1=O,train,train,train,1,1,0.8636364,0.8636364,0.8636364
COC(=O)c1cc2ccc(OCCc3nc(-c4cccc(C(F)(F)F)c4)oc3C)cc2oc1=O,test,test,test,1,1,0.7910448,0.7910448,0.8181818
COC(=O)C1Cc2ccc(OCCc3nc(-c4cccc(C(F)(F)F)c4)oc3C)cc2OC1=O,train,train,train,1,1,0.8405797,0.8405797,0.8405797
COC(=O)c1cc2ccc(OCCc3nc(-c4ccc(F)cc4)oc3C)cc2oc1=O,train,train,train,1,1,0.8947368,0.8947368,0.8947368
COC(=O)C1Cc2ccc(OCCc3nc(-c4ccc(F)cc4)oc3C)cc2OC1=O,train,train,train,1,1,0.90163934,0.90163934,0.90163934
COC(=O)c1cc2ccc(OCCc3nc(-c4cccc(F)c4)oc3C)cc2oc1=O,test,test,train,1,1,0.852459,0.852459,0.852459
COC(=O)C1Cc2ccc(OCCc3nc(-c4cccc(F)c4)oc3C)cc2OC1=O,train,train,train,1,1,0.8636364,0.8636364,0.8636364
COC(=O)C1Cc2ccc(OCCc3nc(-c4ccccc4)oc3C)cc2OC1=O,train,train,train,1,1,0.8852459,0.8852459,0.96666664
C#CCOc1cc(COc2ccc(C(F)(F)F)cc2)ccc1Sc1ccc(OCC(=O)O)c(C)c1C,test,train,train,4,4,0.796875,0.5,0.5
C#CCOc1cc(COc2ccc(C(F)(F)F)cc2)ccc1Sc1ccc(OCC(=O)O)c2c1CCCC2,train,test,test,4,4,0.45833334,0.796875,0.796875
Cc1c(C(=O)c2ccc(Cl)cc2)c2ccc(OC(F)(F)F)cc2n1Cc1cccc(OC2(C(=O)O)CCC2)c1,test,train,train,0,0,0.6753247,0.6753247,0.6753247
CCC[C@@H](Oc1cccc(Cn2c(C)c(C(=O)c3ccc(Cl)cc3)c3ccc(OC(F)(F)F)cc32)c1)C(=O)O,train,train,train,3,3,0.3918919,0.6753247,0.6753247
CO/N=C(\c1ccccc1)c1ccc2c(c1)C(C)(C)CCN2CCOc1ccc(C[C@H](Nc2ccccc2C(=O)c2ccccc2)C(=O)O)cc1,train,train,train,3,3,0.6896552,0.6896552,0.63529414
CO/N=C(\c1ccccc1)c1ccc2c(c1)C(C)(C)CCN2CCOc1ccc(C[C@H](OCC(F)(F)F)C(=O)O)cc1,train,train,test,3,3,0.72289157,0.72289157,0.72289157
CCO[C@@H](Cc1ccc(OCCN2CCC(C)(C)c3cc(/C(=N/OCC4CC4)c4ccccc4)ccc32)cc1)C(=O)O,train,train,train,3,3,0.835443,0.835443,0.835443
CCO[C@@H](Cc1ccc(OCCN2CCC(C)(C)c3cc(/C(=N/OCc4ccccc4)c4ccccc4)ccc32)cc1)C(=O)O,train,train,train,3,3,0.84615386,0.84615386,0.84615386
C=CCO/N=C(\c1ccccc1)c1ccc2c(c1)C(C)(C)CCN2CCOc1ccc(C[C@H](OCC)C(=O)O)cc1,train,train,train,3,3,0.84615386,0.84615386,0.84615386
CCCCC(Sc1ccc(OCCCOc2ccccc2)cc1)C(=O)O,train,train,train,3,3,0.88095236,0.88095236,0.88095236
CCCCC(Sc1ccc(OCCCOc2ccccc2C)cc1)C(=O)O,train,train,train,3,3,0.8043478,0.8043478,0.8043478
CCCCC(Sc1ccc(OCCCOc2cccc(C)c2)cc1)C(=O)O,test,test,train,2,2,0.8043478,0.8043478,0.8043478
CCCCC(Sc1ccc(OCCCOc2ccc(C)cc2)cc1)C(=O)O,train,train,train,3,3,0.8333333,0.8333333,0.8333333
CCCCC(Sc1ccc(OCCCOc2ccc(C)c(C)c2)cc1)C(=O)O,train,train,train,2,2,0.7826087,0.7826087,0.7826087
CCCCC(Sc1ccc(OCCCOc2cccc3c2CCCC3)cc1)C(=O)O,train,train,train,2,2,0.7017544,0.7017544,0.7017544
CCCCC(Sc1ccc(OCCCOc2ccccc2OC)cc1)C(=O)O,train,train,train,3,3,0.8043478,0.8043478,0.8043478
CCCCC(Sc1ccc(OCCCOc2cccc(OC)c2)cc1)C(=O)O,train,train,test,2,2,0.8043478,0.8043478,0.8043478
CCCCC(Sc1ccc(OCCCOc2ccccc2C(C)C)cc1)C(=O)O,train,train,train,3,3,0.7708333,0.7708333,0.7708333
CCCCC(Sc1ccc(OCCCOc2cccc(C(C)C)c2)cc1)C(=O)O,train,train,test,2,2,0.7708333,0.7708333,0.7708333
CCCCC(Sc1ccc(OCCCOc2cccc(C(F)(F)F)c2)cc1)C(=O)O,test,test,train,2,2,0.7407407,0.7407407,0.7407407
CCCCC(Sc1ccc(OCCCOc2ccc(Cl)c(C(F)(F)F)c2)cc1)C(=O)O,test,test,train,2,2,0.66071427,0.66071427,0.70689654
CCCCC(Sc1ccc(OCCCOc2ccc(-c3ccccc3)cc2)cc1)C(=O)O,train,train,train,3,3,0.88095236,0.88095236,0.88095236
CCCCC(Sc1ccc(OCCCOc2ccc3ncccc3c2)cc1)C(=O)O,train,train,train,2,2,0.6923077,0.6923077,0.6923077
Cc1cccc(OCCCOc2ccc(SCC(=O)O)cc2)c1C,test,test,train,2,2,0.6458333,0.6458333,0.6458333
Cc1cccc(OCCCOc2ccc(CCC(=O)O)cc2)c1C,train,train,train,2,2,0.63461536,0.63461536,0.6458333
CCCCC(Cc1ccc(OCCCOc2cccc(C)c2C)cc1)C(=O)O,train,train,train,3,3,0.63461536,0.63461536,0.63461536
O=C(O)C(Cc1ccccc1)Oc1ccc(OCc2ccccc2)cc1,train,train,train,3,3,0.9411765,0.9411765,0.9411765
O=C(O)C(Cc1ccccc1)Oc1ccc(CSc2ccccc2)cc1,train,train,train,3,3,0.9189189,0.9189189,0.9189189
O=C(O)C(Cc1ccccc1)Oc1ccc(SCc2ccccc2)cc1,train,train,train,3,3,0.9189189,0.9189189,0.9189189
O=C(O)C(Cc1ccccc1)Oc1ccc(COc2ccccc2)cc1,train,train,train,3,3,0.9411765,0.9411765,0.9411765
O=C(O)C(Cc1ccccc1)Oc1ccc(CCCc2ccccc2)cc1,test,test,test,3,3,0.7297297,0.7297297,0.7297297
O=C(O)C(Cc1ccccc1)Oc1ccc(C#Cc2ccccc2)cc1,train,train,train,3,3,0.7105263,0.7105263,0.7105263
O=C(O)C(Cc1ccccc1)Oc1ccc(CNc2ccccc2)cc1,train,train,train,3,3,0.9189189,0.9189189,0.9189189
O=C(O)C(Cc1ccccc1)Oc1ccc(/C=C/c2ccccc2)cc1,train,train,train,3,3,0.68421054,0.68421054,0.68421054
O=C(O)C(Cc1ccccc1)Oc1ccc(NCc2ccccc2)cc1,train,train,train,3,3,0.9189189,0.9189189,0.9189189
CC(C)(Sc1ccc(Cl)s1)C(=O)O,test,train,test,0,0,0.44444445,0.44444445,0.38297874
CC(C)(Sc1nc2cc(Br)ccc2s1)C(=O)O,train,train,train,0,0,0.80487806,0.80487806,0.80487806
CC(Sc1nc2cc(Br)ccc2s1)C(=O)O,train,train,train,4,4,0.80487806,0.80487806,0.80487806
CCCC(Sc1nc2cc(Cl)ccc2s1)C(=O)O,test,test,train,4,4,0.6037736,0.62,0.5967742
CCCC(Sc1nc2ccc(OCC)cc2s1)C(=O)O,train,train,test,3,3,0.6226415,0.6226415,0.75510204
O=C(O)C(Sc1nc2cc(Cl)ccc2s1)c1ccccc1,test,train,test,4,4,0.54,0.54,0.62
CCOc1ccc2nc(SC(C)C(=O)O)sc2c1,test,test,train,2,2,0.75510204,0.75510204,0.7169811
CC(C)(Sc1nc2ccc(Cl)cc2s1)C(=O)O,train,train,test,0,0,0.80487806,0.80487806,0.7209302
CC(C)(Sc1nc2cc(Cl)ccc2s1)C(=O)O,train,train,test,0,0,0.80487806,0.80487806,0.7209302
CC(C)(Sc1nc2ccc(C(F)(F)F)cc2s1)C(=O)O,train,train,train,0,0,0.6888889,0.6888889,0.6888889
CC(C)(Sc1nc2cc(C#N)ccc2s1)C(=O)O,train,train,test,0,0,0.67391306,0.67391306,0.67391306
COc1ccc2sc(SC(C)(C)C(=O)O)nc2c1,train,train,train,0,0,0.6888889,0.6888889,0.6888889
CC(C)(Sc1nc2ccc(Br)cc2s1)C(=O)O,train,train,train,0,0,0.80487806,0.80487806,0.80487806
CCOc1ccc2nc(SC(C)(C)C(=O)O)sc2c1,train,train,train,0,0,0.6458333,0.6458333,0.64705884
CC(Sc1nc2ccc(Br)cc2s1)C(=O)O,train,train,train,4,4,0.80487806,0.80487806,0.80487806
COc1cc(OC)cc(-c2coc3cc(O)ccc3c2=O)c1,train,train,train,0,0,0.7906977,0.7906977,0.7906977
O=c1c(-c2ccc3c(c2)OCO3)coc2cc(O)ccc12,train,test,train,4,4,0.62222224,0.5510204,0.62222224
O=c1c(-c2ccc(F)cc2)coc2cc(O)ccc12,train,test,train,4,4,0.62222224,0.6136364,0.62222224
COc1cccc(-c2coc3cc(O)ccc3c2=O)c1,train,train,train,0,0,0.7906977,0.7906977,0.7906977
CCCc1nc2c(C)cccc2n1CCOc1ccc(CC(C)(Oc2ccccc2)C(=O)OCC)cc1,train,test,train,0,0,0.42168674,0.42168674,0.42168674
Cc1oc(-c2ccccc2)nc1CCCc1ccc(CC(C(=O)O)c2ccsc2)cc1,train,train,train,1,1,0.8,0.8,0.8
Cc1cc(C(Cc2ccc(CCCc3nc(-c4ccccc4)oc3C)cc2)C(=O)O)no1,train,train,train,1,1,0.7368421,0.75,0.75
Cc1cc(C(Cc2ccc(CCCc3nc(-c4ccccc4)oc3C)cc2)C(=O)O)on1,test,train,train,1,1,0.75,0.75,0.75
CCC(C(=O)Nc1ccc2c(c1)c(C)c(C)n2Cc1ccc(-c2ccccc2C(=O)O)cc1)c1ccccc1,train,train,test,4,4,0.29411766,0.5,0.26041666
CCC(NC(=O)c1ccc2c(c1)cc(C)n2Cc1ccc(-c2ccccc2C(=O)O)cc1)c1ccccc1,test,train,test,4,4,0.5,0.5,0.2888889
C/C(=N\OCCCCO/N=C(/CCC(=O)O)c1ccccc1)c1ccccc1,test,test,train,2,2,0.8780488,0.8780488,0.8780488
C/C(=N\OCCCCO/N=C(/CCC(=O)O)c1ccccc1)c1ccc(F)cc1,train,train,train,2,2,0.8043478,0.8043478,0.85714287
C/C(=N\OCCCCO/N=C(/CCC(=O)O)c1ccccc1)c1ccc(C)cc1,train,train,train,0,0,0.8043478,0.8043478,0.8780488
COc1ccc(/C(C)=N/OCCCCO/N=C(/CCC(=O)O)c2ccccc2)cc1,train,train,train,2,2,0.78723407,0.78723407,0.8372093
C/C(=N\OCCCCO/N=C(/CCC(=O)O)c1ccccc1)c1ccc(C(F)(F)F)cc1,train,train,train,4,4,0.7755102,0.7755102,0.8
C/C(=N\OCCCCO/N=C(/CCC(=O)O)c1ccccc1)c1ccc(S(C)(=O)=O)cc1,train,train,train,2,2,0.75510204,0.75510204,0.8
CCCCc1cccc(/C(C)=N/OCCCCO/N=C(/CCC(=O)O)c2ccccc2)c1,train,train,test,2,2,0.7169811,0.7169811,0.7169811
C/C(=N\OCCCCO/N=C(/CCC(=O)O)c1ccccc1)c1cccc(-c2ccccc2)c1,train,train,train,2,2,0.74,0.74,0.79545456
C/C(=N\OCCCCO/N=C(/CCC(=O)O)c1ccccc1)c1ccc2ccccc2c1,train,train,train,2,2,0.7755102,0.7755102,0.7777778
C/C(=N\OCCCCO/N=C(/CCC(=O)O)c1ccccc1)c1ccc2c(c1)CCCC2,train,train,train,2,2,0.75,0.75,0.75
COc1ccc(/C(C)=N/OCCCCO/N=C(/CCC(=O)O)c2ccccc2)cc1OC,train,train,train,2,2,0.8269231,0.8269231,0.86
C/C(=N\OCCCCO/N=C(/CCC(=O)O)c1ccccc1)c1ccc(C)c(C)c1,test,test,train,2,2,0.78723407,0.78723407,0.8367347
COc1cc(/C(C)=N/OCCCCO/N=C(/CCC(=O)O)c2ccccc2)ccc1C,test,test,train,2,2,0.86,0.86,0.86
COc1cc(/C(C)=N/OCCCCO/N=C(/CCC(=O)O)c2ccccc2)ccc1F,train,train,train,2,2,0.8269231,0.8269231,0.8269231
Cc1cc(OCc2nc(-c3ccc(-c4ccccc4)cc3)cs2)ccc1OCC(=O)O,train,train,train,2,2,0.8627451,0.8627451,0.6226415
COc1ccc(-c2csc(COc3ccc(OCC(=O)O)c(C)c3)n2)cc1,train,train,test,2,2,0.8627451,0.8627451,0.8627451
Cc1cc(OCc2nc(-c3ccc(C(=O)N(C)C(C)C)cc3)c(-c3ccc(OC(F)(F)F)cc3)s2)ccc1OCC(=O)O,train,train,train,0,0,0.71794873,0.71794873,0.71794873
Cc1cc(OCc2nc(-c3ccc(C(=O)N(C)C(C)C)cc3)c(-c3ccc(OC(F)(F)F)cc3)o2)ccc1OCC(=O)O,train,train,train,0,0,0.7777778,0.7777778,0.7236842
Cc1cc(OCc2nc(-c3ccc(OC4CCCC4)cc3)c(-c3ccc(OC(F)(F)F)cc3)o2)ccc1OCC(=O)O,train,train,train,2,2,0.75,0.75,0.69736844
Cc1cc(OCc2nc(-c3ccc(C(=O)N4CCCCC4)cc3)c(-c3ccc(OC(F)(F)F)cc3)o2)ccc1OCC(=O)O,test,train,test,0,0,0.72727275,0.72727275,0.72727275
Cc1cc(OCc2nc(-c3ccc(C(=O)N4CCCCC4)cc3)c(-c3ccc(OC(F)(F)F)cc3)s2)ccc1OCC(=O)O,train,train,test,0,0,0.8108108,0.8108108,0.8108108
Cc1cc(OCc2nc(-c3ccc(OC(C)C)cc3)c(-c3ccc(OC(F)(F)F)cc3)o2)ccc1OCC(=O)O,train,train,test,0,0,0.86567163,0.86567163,0.86567163
Cc1cc(OCc2nc(-c3ccc(N4CCCCC4)cc3)c(-c3ccc(OC(F)(F)F)cc3)s2)ccc1OCC(=O)O,train,train,train,0,0,0.8108108,0.8108108,0.7532467
Cc1cc(OCc2nc(-c3cnc(OC(C)C)nc3)c(-c3ccc(OC(F)(F)F)cc3)o2)ccc1OCC(=O)O,train,train,train,0,0,0.8695652,0.86567163,0.8695652
Cc1cc(OCc2nc(-c3cnc(N4CCOCC4)nc3)c(-c3ccc(OC(F)(F)F)cc3)o2)ccc1OCC(=O)O,train,train,test,0,0,0.8767123,0.8767123,0.8767123
Cc1cc(OCc2nc(-c3ccc(OC(C)C)nc3)c(-c3ccc(OC(F)(F)F)cc3)o2)ccc1OCC(=O)O,train,test,train,0,0,0.8695652,0.8695652,0.8695652
Cc1cc(OCc2nc(-c3ccc(N4CCOCC4)nc3)c(-c3ccc(OC(F)(F)F)cc3)o2)ccc1OCC(=O)O,train,train,train,0,0,0.8767123,0.8767123,0.7051282
Cc1cc(OCc2nc(-c3cnc(N4CCOCC4)nc3)c(-c3ccc(OC(F)(F)F)cc3)s2)ccc1OCC(=O)O,train,train,train,0,0,0.7532467,0.7532467,0.7532467
CCOC(Cc1ccc(OCc2nc(-c3ccc(OC)cc3)c(-c3ccc(C(F)(F)F)cc3)s2)cc1)C(=O)O,test,test,test,3,3,0.5070422,0.5070422,0.5
COc1ccc(-c2nc(SCCCCOc3ccc(OCC(=O)O)cc3Cl)sc2-c2ccc(OC)cc2)cc1,train,train,train,2,2,0.9464286,0.9464286,0.9464286
COc1ccc(-c2nc(SCCCOc3ccc(OCC(=O)O)cc3Cl)sc2-c2ccc(OC)cc2)cc1,train,train,train,2,2,0.9464286,0.9464286,0.9464286
COc1ccc(-c2nc(SCCOc3ccc(OCC(=O)O)cc3Cl)sc2-c2ccc(OC)cc2)cc1,train,train,train,2,2,0.91071427,0.91071427,0.91071427
COc1ccc(-c2nc(SCCCCOc3ccc(OCC(=O)O)c(C)c3)sc2-c2ccc(OC)cc2)cc1,train,train,train,2,2,0.94545454,0.94545454,0.94545454
COc1ccc(-c2nc(SCCCOc3ccc(OCC(=O)O)c(C)c3)sc2-c2ccc(OC)cc2)cc1,train,train,train,2,2,0.94545454,0.94545454,0.94545454
COc1ccc(-c2nc(SCCOc3ccc(OCC(=O)O)c(C)c3)sc2-c2ccc(OC)cc2)cc1,train,train,test,2,2,0.90909094,0.90909094,0.90909094
COc1ccc(-c2nc(Sc3cccc(C(C)C(=O)O)c3)sc2-c2ccc(OC)cc2)cc1,train,train,train,4,4,0.44927537,0.44927537,0.44285715
CCCCOc1ccc(-c2ccc(C(=O)O)c(C)c2)cc1CNC(=O)c1ccc(C(F)(F)F)cc1F,train,train,test,4,4,0.8852459,0.8852459,0.8852459
CCCCOc1ccc(-c2cccc(C(=O)O)c2C)cc1CNC(=O)c1ccc(C(F)(F)F)cc1F,test,test,train,4,4,0.7761194,0.7761194,0.7647059
CCCCOc1ccc(-c2ccc(C)c(C(=O)O)c2)cc1CNC(=O)c1ccc(C(F)(F)F)cc1F,train,train,train,4,4,0.8852459,0.8852459,0.8030303
CCCCOc1ccc(-c2cc(C(=O)O)ccc2C)cc1CNC(=O)c1ccc(C(F)(F)F)cc1F,train,test,train,4,4,0.8153846,0.8153846,0.8030303
CCCCOc1ccc(-c2cccc(C(=O)O)c2)cc1CNC(=O)c1ccc(C(F)(F)F)cc1F,train,train,train,4,4,0.8030303,0.8030303,0.8030303
Cc1ccc(OC(=O)N(CC(=O)O)Cc2ccc(OCCc3nc(-c4ccc(Cl)cc4)oc3C)cc2)cc1,train,train,train,1,1,0.83076924,0.83076924,0.852459
Cc1ccc(OC(=O)N(CC(=O)O)Cc2ccc(OCc3nc(-c4ccc(Cl)cc4)oc3C)cc2)cc1,test,test,train,1,1,0.852459,0.852459,0.852459
Cc1ccc(OC(=O)N(CC(=O)O)Cc2cccc(OCCc3nc(-c4ccc(Cl)cc4)oc3C)c2)cc1,train,train,train,1,1,0.8636364,0.8636364,0.8636364
Cc1ccc(OC(=O)N(CC(=O)O)Cc2cccc(OCc3nc(-c4ccc(Cl)cc4)oc3C)c2)cc1,train,train,train,1,1,0.93442625,0.93442625,0.93442625
Cc1ccc(OC(=O)N(CC(=O)O)Cc2cccc(OCc3oc(-c4ccc(Cl)cc4)nc3C)c2)cc1,test,test,train,1,1,0.7941176,0.7941176,0.7941176
Cc1ccc(OC(=O)N(CC(=O)O)Cc2cccc(OCc3sc(-c4ccc(Cl)cc4)nc3C)c2)cc1,train,train,test,0,0,0.7910448,0.7910448,0.7910448
Cc1ccc(OC(=O)N(CC(=O)O)Cc2cccc(OCc3nc(-c4ccc(Cl)cc4)sc3C)c2)cc1,train,train,train,1,1,0.7910448,0.7910448,0.7285714
Cc1ccc(OC(=O)N(CC(=O)O)Cc2cccc(OCc3nc(-c4ccccc4Cl)oc3C)c2)cc1,train,train,train,1,1,0.8208955,0.8208955,0.8208955
Cc1ccc(OC(=O)N(CC(=O)O)Cc2cccc(OCc3nc(-c4cccc(Cl)c4)oc3C)c2)cc1,train,train,train,1,1,0.8787879,0.8787879,0.8787879
Cc1ccc(OC(=O)N(CC(=O)O)Cc2cccc(OCc3nc(-c4ccccc4)oc3C)c2)cc1,train,train,train,1,1,0.98333335,0.98333335,0.98333335
Cc1ccc(OC(=O)N(CC(=O)O)Cc2cccc(OCc3nc(-c4ccc(F)cc4)oc3C)c2)cc1,test,test,train,1,1,0.91935486,0.91935486,0.91935486
Cc1ccc(OC(=O)N(CC(=O)O)Cc2cccc(OCc3nc(-c4ccc(C(C)(C)C)cc4)oc3C)c2)cc1,train,train,train,1,1,0.9047619,0.9047619,0.9047619
Cc1ccc(OC(=O)N(CC(=O)O)Cc2cccc(OCc3nc(-c4ccc(-c5ccccc5)cc4)oc3C)c2)cc1,train,train,train,1,1,0.98333335,0.98333335,0.98333335
Cc1ccc(OC(=O)N(CC(=O)O)Cc2cccc(OCc3nc(-c4ccc(N5CCOCC5)cc4)oc3C)c2)cc1,train,train,train,1,1,0.8382353,0.8382353,0.8382353
Cc1ccc(OC(=O)N(CC(=O)O)Cc2cccc(OCc3nc(-c4ccc(C#N)cc4)oc3C)c2)cc1,train,train,train,1,1,0.8769231,0.8769231,0.8769231
COc1ccc(-c2nc(COc3cccc(CN(CC(=O)O)C(=O)Oc4ccc(C)cc4)c3)c(C)o2)cc1,train,train,train,1,1,0.9661017,0.9661017,0.9661017
Cc1ccc(OC(=O)N(CC(=O)O)Cc2cccc(OCc3nc(-c4ccc(C)cc4)oc3C)c2)cc1,train,train,train,1,1,0.9661017,0.9661017,0.9661017
Cc1ccc(OC(=O)N(CC(=O)O)Cc2cccc(OCc3nc(-c4ccc(C(C)C)cc4)oc3C)c2)cc1,train,train,train,1,1,0.9047619,0.9047619,0.9047619
Cc1ccc(OC(=O)N(CC(=O)O)Cc2cccc(OCc3nc(-c4ccc(C(F)(F)F)cc4)oc3C)c2)cc1,train,train,test,1,1,0.88235295,0.88235295,0.88235295
Cc1oc(-c2ccc(Cl)cc2)nc1COc1cccc(CN(CC(=O)O)C(=O)OC2CCCCC2)c1,train,train,train,1,1,0.95454544,0.95454544,0.9846154
Cc1oc(-c2ccc(Cl)cc2)nc1COc1cccc(CN(CC(=O)O)C(=O)OC2CCCC2)c1,test,test,train,1,1,0.9846154,0.9846154,0.9846154
Cc1oc(-c2ccc(Cl)cc2)nc1COc1cccc(CN(CC(=O)O)C(=O)OC2CCC2)c1,train,train,train,1,1,0.95454544,0.95454544,0.9692308
Cc1oc(-c2ccc(Cl)cc2)nc1COc1cccc(CN(CC(=O)O)C(=O)OCC2CC2)c1,train,train,train,1,1,0.7916667,0.7916667,0.7916667
CCCOC(=O)N(CC(=O)O)Cc1cccc(OCc2nc(-c3ccc(Cl)cc3)oc2C)c1,test,test,train,1,1,0.8181818,0.8181818,0.8181818
COC(=O)N(CC(=O)O)Cc1cccc(OCc2nc(-c3ccc(Cl)cc3)oc2C)c1,train,train,train,1,1,0.83076924,0.83076924,0.83076924
Cc1cccc(N2CCN([C@@H](Cc3ccc(OCCc4nc(-c5ccccc5)oc4C)cc3)C(=O)O)CC2)c1,train,train,train,1,1,0.890625,0.75,0.890625
Cc1oc(-c2ccccc2)nc1CCOc1ccc(C[C@@H](C(=O)O)N2CCN(c3ccccc3)CC2)cc1,train,test,train,1,1,0.890625,0.890625,0.890625
Cc1oc(-c2ccccc2)nc1CCOc1ccc(C[C@@H](C(=O)O)N2CCN(S(=O)(=O)c3ccccc3[N+](=O)[O-])CC2)cc1,train,train,train,1,1,0.75641024,0.81578946,0.75641024
Cc1oc(-c2ccccc2)nc1CCOc1ccc(C[C@@H](C(=O)O)N2CCN(S(=O)(=O)c3ccccc3F)CC2)cc1,test,train,test,1,1,0.82191783,0.82191783,0.82191783
Cc1oc(-c2ccccc2)nc1CCOc1ccc(C[C@@H](C(=O)O)N2CCN(S(=O)(=O)c3ccc(F)cc3)CC2)cc1,train,train,train,1,1,0.75641024,0.82191783,0.75641024
COC(=O)N(CC(=O)O)Cc1cccc(OCc2coc(-c3ccc(Cl)cc3)n2)c1,train,train,test,1,1,0.88135594,0.88135594,0.8833333
COC(=O)N(CC(=O)O)Cc1cccc(OCc2coc(-c3ccc(C(F)(F)F)cc3)n2)c1,train,train,train,4,4,0.82539684,0.82539684,0.83076924
COC(=O)N(CC(=O)O)Cc1cccc(OCc2coc(-c3ccc(C)cc3)n2)c1,test,test,train,1,1,0.8965517,0.8965517,0.8965517
COC(=O)N(CC(=O)O)Cc1cccc(OCc2coc(-c3ccc(F)cc3)n2)c1,test,test,train,1,1,0.8666667,0.8666667,0.86885244
COC(=O)N(CC(=O)O)Cc1cccc(OCc2coc(-c3ccccc3)n2)c1,train,train,train,1,1,0.88135594,0.88135594,0.8965517
COC(=O)N(CC(=O)O)Cc1cccc(OCc2coc(-c3cccc(C)c3)n2)c1,test,test,train,1,1,0.8666667,0.8666667,0.86885244
COC(=O)N(CC(=O)O)Cc1cccc(OCc2coc(-c3ccc(F)cc3F)n2)c1,train,train,train,1,1,0.74242425,0.74242425,0.8030303
COC(=O)N(CC(=O)O)Cc1cccc(OCc2coc(-c3ccc(F)c(Cl)c3)n2)c1,train,test,test,1,1,0.859375,0.859375,0.8181818
COC(=O)N(CC(=O)O)[C@@H](C)c1cccc(OCc2coc(-c3ccc(Cl)cc3)n2)c1,test,test,train,1,1,0.86153847,0.8730159,0.8730159
COC(=O)N(CC(=O)O)[C@@H](C)c1cccc(OCc2coc(-c3ccc(C)cc3)n2)c1,test,train,train,1,1,0.75714284,0.7638889,0.8730159
COC(=O)N(CC(=O)O)Cc1cccc(OCc2csc(-c3ccc(Cl)cc3)n2)c1,train,train,train,0,0,0.88135594,0.88135594,0.87931037
COC(=O)N(CC(=O)O)Cc1cccc(OCc2csc(-c3ccc(C(F)(F)F)cc3)n2)c1,train,train,train,4,4,0.82539684,0.82539684,0.82258064
COC(=O)N(CC(=O)O)Cc1cccc(OCc2csc(-c3ccc(C)cc3)n2)c1,train,train,test,1,1,0.8947368,0.8947368,0.8947368
COC(=O)N(CC(=O)O)Cc1cccc(OCc2csc(-c3ccccc3)n2)c1,train,train,train,1,1,0.8947368,0.8947368,0.88135594
COC(=O)N(CC(=O)O)Cc1cccc(OCc2csc(-c3cccc(Cl)c3)n2)c1,train,train,train,1,1,0.88135594,0.88135594,0.88135594
C[C@@H](c1cccc(OCc2coc(-c3ccc(Cl)cc3)n2)c1)N(CC(=O)O)C(=O)Oc1ccccc1,train,train,train,1,1,0.9230769,0.9230769,0.9230769
Cc1cccc(OC(=O)N(CC(=O)O)[C@@H](C)c2cccc(OCc3coc(-c4ccc(Cl)cc4)n3)c2)c1,train,train,train,1,1,0.880597,0.880597,0.880597
COc1cccc(OC(=O)N(CC(=O)O)[C@@H](C)c2cccc(OCc3coc(-c4ccc(Cl)cc4)n3)c2)c1,train,train,test,1,1,0.92537314,0.92537314,0.92537314
COc1ccc(OC(=O)N(CC(=O)O)[C@@H](C)c2cccc(OCc3coc(-c4ccc(Cl)cc4)n3)c2)cc1,train,train,train,1,1,0.92537314,0.92537314,0.9230769
Cc1ccc(F)c(OC(=O)N(CC(=O)O)[C@@H](C)c2cccc(OCc3coc(-c4ccc(Cl)cc4)n3)c2)c1,test,train,train,1,1,0.8356164,0.8356164,0.8356164
COc1cc(OC(=O)N(CC(=O)O)[C@@H](C)c2cccc(OCc3coc(-c4ccc(Cl)cc4)n3)c2)ccc1F,train,train,train,1,1,0.8611111,0.8611111,0.8611111
Cc1ccc(NC(=O)CN(Cc2ccc(OC(C)(C)C(=O)O)cc2)Cc2ccco2)c(C)c1,train,train,train,0,0,0.86885244,0.86885244,0.86885244
Cc1ccc(NC(=O)CN(Cc2ccccc2)Cc2ccc(OC(C)(C)C(=O)O)cc2)c(C)c1,train,train,train,0,0,0.8703704,0.8703704,0.8363636
Cc1ccc(NC(=O)CN(Cc2ccc(OC(C)(C)C(=O)O)cc2)Cc2cccs2)c(C)c1,train,train,train,0,0,0.8,0.8,0.8
COc1ccc(CN(CC(=O)Nc2ccc(C)cc2C)Cc2ccc(OC(C)(C)C(=O)O)cc2)cc1,train,train,test,0,0,0.8703704,0.8703704,0.8703704
CCCN(CC(=O)Nc1ccc(C)cc1C)Cc1ccc(OC(C)(C)C(=O)O)cc1,test,train,train,0,0,0.8909091,0.8909091,0.8909091
CCCCN(CC(=O)Nc1ccc(C)cc1C)Cc1ccc(OC(C)(C)C(=O)O)cc1,train,train,train,0,0,0.80701756,0.8909091,0.8909091
Cc1ccccc1NC(=O)CN(Cc1ccc(OC(C)(C)C(=O)O)cc1)Cc1ccco1,train,train,test,0,0,0.8196721,0.8196721,0.8196721
Cc1ccc(C)c(NC(=O)CN(Cc2ccc(OC(C)(C)C(=O)O)cc2)Cc2ccco2)c1,train,train,train,0,0,0.86885244,0.86885244,0.86885244
COc1ccc(OC)c(NC(=O)CN(Cc2ccc(OC(C)(C)C(=O)O)cc2)Cc2ccco2)c1,train,train,train,0,0,0.78125,0.72307694,0.78125
COc1cccc(NC(=O)CN(Cc2ccc(OC(C)(C)C(=O)O)cc2)Cc2ccco2)c1,train,test,train,0,0,0.78125,0.78125,0.78125
CC(C)(Oc1ccc(CN(CC(=O)Nc2ccc(F)cc2F)Cc2ccco2)cc1)C(=O)O,train,train,train,0,0,0.74242425,0.74242425,0.74242425
CC(C)(Oc1ccc(CN(CC(=O)NCc2ccccc2)Cc2ccco2)cc1)C(=O)O,train,test,train,0,0,0.8,0.8,0.671875
CC(C)(Oc1ccc(CN(CC(=O)NCc2ccccc2Cl)Cc2ccco2)cc1)C(=O)O,train,train,test,0,0,0.8,0.6567164,0.8
CCCCOc1ccc(-c2cncc(C(=O)O)c2)cc1CNC(=O)c1ccc(C(F)(F)F)cc1F,train,train,train,4,4,0.8030303,0.8030303,0.8030303
CCCCOc1ccc(-c2c(C)ncc(C(=O)O)c2C)cc1CNC(=O)c1ccc(C(F)(F)F)cc1F,train,train,train,4,4,0.7761194,0.7761194,0.7647059
COc1ccc(C(=O)c2cccn2C/C=C/c2cccc(CC(=O)O)c2)cc1,train,train,train,3,3,0.7457627,0.7457627,0.7457627
COc1ccc(C(=O)c2cccn2C/C=C/c2cccc(OCC(=O)O)c2)cc1,train,train,train,2,2,0.83928573,0.83928573,0.83928573
Cc1ccc(C(=O)c2cccn2C/C=C/c2cccc(OCC(=O)O)c2)cc1,train,train,train,2,2,0.83928573,0.83928573,0.83928573
Cc1cc(CN2CCc3ccccc3C2C(=O)Nc2ccc(Cl)cc2Cl)ccc1OCC(=O)O,test,test,test,2,2,0.39240506,0.39240506,0.39240506
C/C(=N\OCc1sc(-c2ccc(C(F)(F)F)cc2)nc1C)c1ccc(OCC(=O)O)c(C)c1,train,train,train,4,4,0.8181818,0.8181818,0.8181818
CC/C(=N\OCc1sc(-c2ccc(C(F)(F)F)cc2)nc1C)c1ccc(OCC(=O)O)c(C)c1,train,train,train,4,4,0.8181818,0.8181818,0.8181818
Cc1cc(/C(=N/OCc2sc(-c3ccc(C(F)(F)F)cc3)nc2C)C2CCCCC2)ccc1OCC(=O)O,train,train,test,4,4,0.75,0.75,0.75
C/C(=N\OCc1nc(-c2ccccc2)oc1C)c1ccc(OCC(=O)O)c(C)c1,train,train,train,1,1,0.8947368,0.8947368,0.8947368
C/C(=N\OCc1nc(-c2ccc(C)cc2)oc1C)c1ccc(OCC(=O)O)c(C)c1,train,train,train,1,1,0.8947368,0.8947368,0.8947368
Cc1cc2c(CCc3nc(-c4ccc(Cl)cc4Cl)oc3C(C)C)noc2cc1OCC(=O)O,train,train,train,1,1,0.6315789,0.6315789,0.5185185
Cc1ccc(C(=O)c2nccn2C/C=C/c2cccc(OC(C)(C)C(=O)O)c2)cc1,test,train,train,0,0,0.6865672,0.6969697,0.6969697
Cc1ccc(C(=O)c2nc(C)c(C)n2C/C=C/c2cccc(OC(C)(C)C(=O)O)c2)cc1,test,train,train,0,0,0.7936508,0.7936508,0.7936508
Cc1ccc(C(=O)c2nc3c(n2C/C=C/c2cccc(OC(C)(C)C(=O)O)c2)CCCC3)cc1,train,train,train,0,0,0.7246377,0.7352941,0.7352941
Cc1ccc(C(=O)c2nc3ccccc3n2C/C=C/c2cccc(OC(C)(C)C(=O)O)c2)cc1,train,train,train,0,0,0.7777778,0.7936508,0.7936508
Cc1ccc(C(=O)c2nc3ccccc3n2/C=C/c2cccc(OC(C)(C)C(=O)O)c2)cc1,train,train,train,0,0,0.7777778,0.7777778,0.7777778
CC[C@@H](Cc1ccc(OC)c(CNC(=O)c2ccc(Oc3ccc(F)cc3)cc2)c1)C(=O)O,train,train,train,4,4,0.85714287,0.85714287,0.85714287
CCC(Cc1ccc(OC)c(CNC(=O)c2ccc(Oc3ccccc3)cc2)c1)C(=O)O,train,train,train,4,4,0.85714287,0.85714287,0.85714287
CCC(Cc1ccc(OC)c(CNC(=O)c2ccc(OC(F)(F)F)cc2)c1)C(=O)O,train,train,train,4,4,0.7719298,0.7719298,0.7719298
CC[C@@H](Cc1ccc(OC)c(CNC(=O)c2ccc(Oc3ccc(Cl)cc3)cc2)c1)C(=O)O,test,train,train,4,4,0.85714287,0.85714287,0.85714287
CC[C@@H](Cc1ccc(OC)c(CNC(=O)c2ccc(Oc3ccc(Br)cc3)cc2)c1)C(=O)O,train,train,train,4,4,0.85714287,0.85714287,0.85714287
CCC(Cc1ccc(OC)c(CNC(=O)c2cccc(Oc3ccccc3)c2)c1)C(=O)O,train,train,train,4,4,0.85714287,0.85714287,0.85714287
CCC(Cc1ccc(OC)c(CNC(=O)c2ccc(OCc3ccccc3)cc2)c1)C(=O)O,test,test,train,4,4,0.8103448,0.8103448,0.8333333
CCC(Cc1ccc(OC)c(CNC(=O)c2ccc(OCCc3ccccc3)cc2)c1)C(=O)O,test,test,train,4,4,0.78333336,0.78333336,0.8333333
CCC(Cc1ccc(OC)c(CNC(=O)c2cccc(-c3ccccc3)c2)c1)C(=O)O,test,test,test,4,4,0.84615386,0.84615386,0.8518519
CCC(Cc1ccc(OC)c(CNC(=O)c2ccccc2Oc2ccccc2)c1)C(=O)O,test,test,test,4,4,0.7758621,0.7758621,0.7758621
CCC(Cc1ccc(OC)c(CNC(=O)c2ccccc2-c2ccccc2)c1)C(=O)O,train,train,test,4,4,0.74545455,0.74545455,0.75438595
Cc1oc(-c2ccccc2)nc1CCc1noc2cc(OC(C)(C)C(=O)O)ccc12,train,train,train,0,0,0.8,0.8,0.8
CCc1oc(-c2ccccc2)nc1CCc1noc2cc(OC(C)(C)C(=O)O)ccc12,train,train,train,0,0,0.88135594,0.88135594,0.88135594
CCCc1oc(-c2ccccc2)nc1CCc1noc2cc(OC(C)(C)C(=O)O)ccc12,train,train,train,0,0,0.88135594,0.88135594,0.88135594
CCCc1oc(-c2ccccc2Cl)nc1CCc1noc2cc(OC(C)(C)C(=O)O)ccc12,train,train,train,0,0,0.8,0.880597,0.880597
CC(C)c1oc(-c2ccccc2Cl)nc1CCc1noc2cc(OC(C)(C)C(=O)O)ccc12,train,test,train,0,0,0.84615386,0.84615386,0.84615386
CCCCCCc1oc(-c2ccccc2Cl)nc1CCc1noc2cc(OC(C)(C)C(=O)O)ccc12,test,train,train,0,0,0.880597,0.880597,0.880597
CC(C)c1oc(-c2ccccc2O)nc1CCc1noc2cc(OC(C)(C)C(=O)O)ccc12,train,train,train,0,0,0.84615386,0.7536232,0.84615386
CC(C)c1oc(-c2ccc(C(C)(C)C)cc2)nc1CCc1noc2cc(OC(C)(C)C(=O)O)ccc12,train,train,test,0,0,0.80597013,0.80597013,0.74626863
CCCCc1ccc(-c2nc(CCc3noc4cc(OC(C)(C)C(=O)O)ccc34)c(C(C)C)o2)cc1,train,train,test,0,0,0.80597013,0.80597013,0.6944444
CC(C)c1oc(-c2ccc(Cl)cc2Cl)nc1CCc1noc2cc(OC(C)(C)C(=O)O)ccc12,train,train,test,0,0,0.8358209,0.7536232,0.8358209
CC(C)c1nc(-c2ccc(C(F)(F)F)cc2)sc1CCc1noc2cc(OC(C)(C)C(=O)O)ccc12,train,train,test,0,0,0.7916667,0.7916667,0.5479452
Cc1cc2c(CCc3sc(-c4ccc(C(F)(F)F)cc4)nc3C(C)C)noc2cc1OC(C)(C)C(=O)O,train,train,test,0,0,0.7916667,0.7916667,0.5
CCCCCCC(Sc1nc2cc(Cl)ccc2s1)C(=O)NS(=O)(=O)c1ccccc1,train,train,train,4,4,0.60273975,0.55263156,0.5967742
CCO[C@@H](Cc1ccc(OCc2nc(-c3cccs3)oc2C)cc1)C(=O)O,test,test,train,3,3,0.85,0.85,0.75
CCO[C@@H](Cc1ccc(OCc2nc(-c3ccsc3)oc2C)cc1)C(=O)O,train,train,train,3,3,0.86440676,0.7076923,0.86440676
CCO[C@@H](Cc1ccc(OCc2nc(-c3ccc(-c4ccccc4)s3)oc2C)cc1)C(=O)O,train,train,train,3,3,0.8548387,0.8548387,0.8548387
CCO[C@@H](Cc1ccc(OCCc2nc(-c3cccs3)oc2C)cc1)C(=O)O,train,train,test,3,3,0.75384617,0.75384617,0.85
CCO[C@@H](Cc1ccc(OCCc2nc(-c3ccsc3)oc2C)cc1)C(=O)O,train,test,train,1,1,0.86440676,0.86440676,0.86440676
CCO[C@@H](Cc1ccc(OCCc2nc(-c3ccc(-c4ccccc4)s3)oc2C)cc1)C(=O)O,train,train,train,1,1,0.8548387,0.8548387,0.8548387
CCCCOc1cc(N2C(=O)c3ccccc3C2=O)ccc1CCc1ccc(CC(CC)C(=O)O)cc1,train,train,test,3,3,0.71666664,0.71666664,0.71666664
CCC(Cc1ccc(CCc2ccc(N3C(=O)c4ccccc4C3=O)cc2O)cc1)C(=O)O,train,train,train,3,3,0.7755102,0.7755102,0.7755102
CCC(Cc1ccc(CCc2ccc(N3C(=O)c4ccccc4C3=O)cc2)cc1)C(=O)O,train,train,train,3,3,0.7755102,0.7755102,0.7755102
O=C(O)COc1ccc(CCc2ccc(N3C(=O)c4ccccc4C3=O)cc2)cc1,train,train,train,3,3,0.68292683,0.68292683,0.68292683
O=C(O)CCc1ccc(CCc2ccc(N3C(=O)c4ccccc4C3=O)cc2)cc1,train,train,train,3,3,0.7297297,0.7297297,0.7297297
O=C(O)c1ccc(CCc2ccc(N3C(=O)c4ccccc4C3=O)cc2)cc1,train,train,train,0,0,0.7297297,0.7297297,0.7297297
C=CCc1ccc(OCCCCC(=O)O)c(OC)c1,train,test,test,2,2,0.6875,0.6875,0.6875
C=CCc1ccc(OCCCC(C)(C)C(=O)O)c(OC)c1,train,train,train,0,0,0.6875,0.55813956,0.55813956
O=C(O)CCCCOc1ccc(/C=C/c2ccccc2)cc1,test,test,train,3,3,0.6097561,0.6097561,0.6486486
CC(C)(CCCOc1ccc(/C=C/c2ccccc2)cc1)C(=O)O,train,train,train,0,0,0.82051283,0.82051283,0.82051283
CC(C)(CCCOc1ccc(C(=O)/C=C/c2ccccc2)cc1)C(=O)O,train,test,train,0,0,0.78571427,0.78571427,0.78571427
O=C(O)CCCCOc1ccc(C(=O)c2ccccc2)cc1,test,test,train,2,2,0.61538464,0.61538464,0.6486486
CC(C)(CCCOc1ccc(C(=O)c2ccccc2)cc1)C(=O)O,train,train,train,0,0,0.7368421,0.68292683,0.7368421
CC(C)(CCCOc1ccc(Oc2ccccc2)cc1)C(=O)O,train,test,train,0,0,0.7368421,0.7368421,0.7368421
O=C(O)CCCCOc1ccc(NC(=O)Nc2ccccc2)cc1,train,train,train,3,3,0.3846154,0.3846154,0.61538464
CC(C)(CCCOc1ccc(/N=N/c2ccccc2)cc1)C(=O)O,train,train,train,0,0,0.71794873,0.68292683,0.71794873
Cc1ccc(C)c(OCCCC(C)(C)C(=O)O)c1,test,train,train,0,0,0.6666667,0.6666667,0.6666667
C[C@@H]1[C@H]2C3=CC[C@@H]4[C@@]5(C)CC[C@H](O)C(C)(C)[C@@H]5CC[C@@]4(C)[C@]3(C)CC[C@@]2(C(=O)O)CC[C@H]1C,train,train,train,2,2,0.17857143,0.17857143,0.17857143
Cc1cc(SCc2sc(-c3ccc(C(F)(F)F)cc3)nc2C)ccc1OC(F)C(=O)O,train,test,train,4,4,0.83870965,0.83870965,0.82539684
CCc1cc(SCc2sc(-c3ccc(C(F)(F)F)cc3)nc2C)ccc1OC(F)C(=O)O,train,train,test,4,4,0.83870965,0.8,0.83870965
Cc1nc(-c2ccc(C(F)(F)F)cc2)sc1CSc1ccc(OC(F)C(=O)O)c(C(C)C)c1,train,train,train,4,4,0.82539684,0.8,0.82539684
CC/C=C\C/C=C\C/C=C\C/C=C\CC/C=C/C=C/C(=O)O,train,train,test,3,3,0.34146342,0.34146342,0.34146342
COc1ccc(-c2cccc(C(=O)O)c2)cc1CNC(=O)c1ccc(Oc2ccccc2)cc1,train,train,train,4,4,0.5967742,0.5967742,0.5967742
O=C(O)c1cccc(N2CCCC(CNC(=O)c3ccc(Oc4ccc(F)cc4)cc3)C2)c1,train,train,train,4,4,0.5394737,0.5394737,0.5394737
Cc1nc(-c2ccc(Cl)cc2)sc1C(=O)NCC1CCCN(c2cccc(C(=O)O)c2)C1,train,train,train,4,4,0.95384616,0.95384616,0.95384616
Cc1nc(-c2ccc(Cl)cc2)sc1C(=O)NCC1CCN(c2cccc(C(=O)O)c2)C1,train,train,train,4,4,0.9076923,0.9076923,0.9076923
Cc1nc(-c2ccc(Cl)cc2)sc1C(=O)NCC1CCCCN(c2cccc(C(=O)O)c2)C1,train,train,train,4,4,0.95384616,0.95384616,0.95384616
Cc1nc(-c2ccc(Cl)cc2)sc1C(=O)NCC1CN(c2cccc(C(=O)O)c2)CCO1,train,train,train,4,4,0.7605634,0.7605634,0.7605634
Cc1nc(-c2ccc(Cl)cc2)sc1NC(=O)C1CCCN(c2cccc(C(=O)O)c2)C1,train,train,train,4,4,0.6619718,0.6619718,0.6857143
Cc1nc(-c2ccc(Cl)cc2)sc1C(=O)N(C)C1CCCN(c2cccc(C(=O)O)c2)C1,train,train,train,4,4,0.69863015,0.69863015,0.69863015
Cc1nc(-c2ccc(Cl)cc2)sc1CNC1CCCN(c2cccc(C(=O)O)c2)C1,test,test,train,4,4,0.73913044,0.75,0.75
Cc1nc(-c2ccc(Cl)cc2)sc1COC1CCCN(c2cccc(C(=O)O)c2)C1,train,train,train,4,4,0.6438356,0.7285714,0.73913044
Cc1nc(-c2ccc(Cl)cc2)sc1/C=C/C1CCCN(c2cccc(C(=O)O)c2)C1,train,train,train,4,4,0.69014084,0.69014084,0.69014084
Cc1nc(-c2ccc(Cl)cc2)sc1CCC1CCCN(c2cccc(C(=O)O)c2)C1,test,train,train,4,4,0.7285714,0.7285714,0.75
Cc1nc(-c2ccc(Cl)cc2)sc1C(=O)NC1CCCN(c2ccc(C(=O)O)cc2)C1,test,test,train,4,4,0.7121212,0.6969697,0.7121212
Cc1nc(-c2ccc(Cl)cc2)oc1C(=O)N[C@H]1CCCN(c2cccc(C(=O)O)c2)C1,train,train,train,1,1,0.63013697,0.63013697,0.63013697
Cc1nc(-c2ccccc2)sc1C(=O)N[C@H]1CCCN(c2cccc(C(=O)O)c2)C1,train,train,train,4,4,0.91525424,0.87096775,0.91525424
Cc1nc(-c2cccc(Cl)c2)sc1C(=O)N[C@H]1CCCN(c2cccc(C(=O)O)c2)C1,train,train,train,4,4,0.85714287,0.85714287,0.85714287
Cc1nc(-c2ccccc2Cl)sc1C(=O)N[C@H]1CCCN(c2cccc(C(=O)O)c2)C1,test,train,train,4,4,0.8,0.8,0.8
Cc1nc(-c2ccc(F)cc2)sc1C(=O)N[C@H]1CCCN(c2cccc(C(=O)O)c2)C1,train,train,train,4,4,0.88709676,0.87096775,0.88709676
Cc1ccc(-c2nc(C)c(C(=O)N[C@H]3CCCN(c4cccc(C(=O)O)c4)C3)s2)cc1,train,test,train,4,4,0.91525424,0.91525424,0.91525424
COc1ccc(-c2nc(C)c(C(=O)N[C@H]3CCCN(c4cccc(C(=O)O)c4)C3)s2)cc1,train,train,train,4,4,0.88709676,0.87096775,0.88709676
Cc1nc(-c2ccc([N+](=O)[O-])cc2)sc1C(=O)N[C@H]1CCCN(c2cccc(C(=O)O)c2)C1,train,train,train,4,4,0.8333333,0.8181818,0.8333333
O=C(O)C(Oc1ccc(Cl)cc1F)c1ccc(Cl)cc1,train,test,test,4,4,0.54545456,0.54545456,0.85714287
O=C(O)C(Oc1ccc(Cl)cc1F)c1ccccc1,test,test,train,3,3,0.85714287,0.60465115,0.60465115
O=C(O)C(Cc1cccc(F)c1)Oc1ccc(Cl)cc1F,train,train,train,3,3,0.8095238,0.8095238,0.8095238
O=C(O)C(Cc1ccc(F)cc1)Oc1ccc(Cl)cc1,train,train,train,3,3,0.85294116,0.85294116,0.85294116
O=C(O)C(Cc1cccc(F)c1)Oc1ccc(Cl)cc1,train,train,train,3,3,0.73333335,0.73333335,0.73333335
O=C(O)C(Cc1ccccc1F)Oc1ccc(Cl)cc1,train,train,train,3,3,0.7692308,0.7692308,0.7692308
O=C(O)C(Cc1ccccc1)Oc1ccc(Cl)c(C(F)(F)F)c1,train,train,train,3,3,0.71428573,0.71428573,0.71428573
O=C(O)C(Cc1ccccc1)Oc1ccc(Cl)c(F)c1,train,train,train,3,3,0.7692308,0.7692308,0.7692308
O=C(O)[C@H](Cc1ccccc1)Oc1ccc(Cl)cc1F,train,train,train,3,3,0.8095238,0.8095238,0.8095238
O=C(O)[C@H](Cc1ccccc1)Oc1cccc(C(F)(F)F)c1,train,train,test,3,3,0.75,0.75,0.75
O=C(O)C(Cc1ccccc1)Oc1ccccc1F,train,train,train,3,3,0.71794873,0.71794873,0.71794873
O=C(O)C(Cc1ccccc1)Oc1cccc(F)c1,train,train,train,3,3,0.7297297,0.7297297,0.7297297
O=C(O)[C@H](Cc1ccccc1)Oc1ccc(F)cc1,train,train,train,3,3,0.7567568,0.7567568,0.7567568
CC[C@@H](Cc1ccc(OC)c(CNC(=O)c2ccc3ccc4cccc5ccc2c3c45)c1)C(=O)O,train,test,train,4,4,0.6666667,0.6666667,0.6666667
CC=C/C=C\CC/C=C/C=C/C(=O)NCC(C)C,test,train,train,4,4,0.87096775,0.87096775,0.16666667
COc1cc([C@@H]2OC[C@@H]3[C@H]2CO[C@H]3c2ccc3c(c2)OCO3)ccc1O,test,train,test,4,4,0.2580645,0.23188406,0.2580645
CC(C)(O)C1=C[C@@H](O)[C@@](C)(O)CC1,train,train,train,2,2,0.18,0.18,0.18
C=CCc1ccc(OC)c(OC)c1,train,train,train,4,4,0.6,0.55813956,0.55813956
COc1ccc([C@@H](O)[C@H](O)CO)cc1OC,train,train,train,4,4,0.35897437,0.35897437,0.35897437
C/C=C\CC/C=C/C=C/C(=O)NCC(C)C,train,train,test,4,4,0.34146342,0.87096775,0.87096775
CC(C)(Oc1ccc(C2CC2(Cl)Cl)cc1)C(=O)O,train,train,train,0,0,0.51282054,0.4878049,0.51282054
Cc1c(C(=O)Nc2ccc(O)cc2)nn(-c2ccc(Cl)cc2Cl)c1-c1ccc(Cl)cc1,train,test,train,4,4,0.36065573,0.6875,0.6875
CCOC(=O)C(C)(C)Oc1ccc(NC(=O)c2nn(-c3ccc(Cl)cc3Cl)c(-c3ccc(Cl)cc3)c2C)cc1,test,train,train,0,0,0.6875,0.4918033,0.6875
CC(C)=CCC/C(C)=C/Cc1c(O)cc(/C=C/c2ccccc2)cc1O,test,test,train,3,3,0.80487806,0.80487806,0.76744187
COc1ccc(/C=C/c2cc(O)c(C/C=C(\C)CCC=C(C)C)c(O)c2)cc1,train,train,train,2,2,0.77272725,0.77272725,0.73913044
CC(C)=CCC/C(C)=C/Cc1c(O)cc(/C=C/c2cccc(C(F)(F)F)c2)cc1O,train,train,train,4,4,0.67346936,0.67346936,0.73913044
CC(C)=CCC/C(C)=C/Cc1c(O)cc(/C=C/c2ccc(C#N)cc2)cc1O,train,train,train,0,0,0.75555557,0.75555557,0.7234042
CC(C)=CCC/C(C)=C/Cc1c(O)cc(/C=C/c2ccc(F)cc2)cc1O,train,train,train,4,4,0.8095238,0.8095238,0.76744187
CC(C)=CCC/C(C)=C/Cc1c(O)cc(/C=C/c2ccc(O)cc2)cc1O,train,train,test,0,0,0.8095238,0.8095238,0.8095238
CC(C)=CCC/C(C)=C/Cc1c(O)cc(/C=C/c2ccoc2)cc1O,train,test,train,0,0,0.6956522,0.6956522,0.6956522
CC(C)=CCC/C(C)=C/Cc1c(O)cc(/C=C/c2ccsc2)cc1O,train,train,train,0,0,0.73333335,0.73333335,0.6956522
Cc1cc(SC(CC2CC2)c2sc(-c3ccc(C(F)(F)F)cc3)nc2C)ccc1OCC(=O)O,train,train,train,4,4,0.7826087,0.8333333,0.8333333
CCCC(Sc1ccc(OCC(=O)O)c(C)c1)c1sc(-c2ccc(C(F)(F)F)cc2)nc1C,train,test,train,4,4,0.90625,0.90625,0.90625
CCC(Sc1ccc(OCC(=O)O)c(C)c1)c1sc(-c2ccc(C(F)(F)F)cc2)nc1C,test,train,train,4,4,0.8730159,0.84615386,0.8730159
CCCCC(Sc1ccc(OCC(=O)O)c(C)c1)c1sc(-c2ccc(C(F)(F)F)cc2)nc1C,train,train,train,4,4,0.90625,0.84615386,0.90625
Cc1cc(SC(CC(C)C)c2sc(-c3ccc(C(F)(F)F)cc3)nc2C)ccc1OCC(=O)O,train,train,train,4,4,0.8181818,0.84375,0.84375
O=C(Nn1cc([N+](=O)[O-])cn1)c1cccc(COc2ccc(Br)cc2)c1,train,train,train,0,0,0.3970588,0.3970588,0.3970588
CN(CCOc1ccc(C[C@H](Nc2ccccc2C(=O)c2ccccc2)C(=O)O)cc1)c1ccccn1,train,train,train,3,3,0.69014084,0.69014084,0.69014084
CC(C)(Oc1ccc(CCOc2ccc(/C=C/C(=O)c3cc(Cl)ccc3O)cc2)cc1)C(=O)O,train,test,test,0,0,0.62068963,0.6393443,0.6393443
CCOc1ccc2nc(SC(C)C(=O)NS(C)(=O)=O)sc2c1,train,train,train,2,2,0.6034483,0.6034483,0.7169811
CC(C)(Oc1ccc(Cl)cc1)C(=O)NS(C)(=O)=O,test,train,train,0,0,0.5121951,0.5121951,0.5121951
Cc1ccc(C)c(OCCCC(C)(C)C(=O)NS(C)(=O)=O)c1,train,train,train,0,0,0.375,0.6666667,0.6666667
OC[C@H]1O[C@@H](O[C@H](CCc2ccc(O)c(O)c2)C[C@H](O)CCc2ccc(O)cc2)[C@H](O)[C@@H](O)[C@@H]1O,train,train,train,3,3,0.2027027,0.42028984,0.2027027
O=C(CCCCc1ccc(O[C@@H]2O[C@H](CO)[C@@H](O)[C@H](O)[C@H]2O)c(O)c1)CCc1ccc(O[C@@H]2O[C@H](CO)[C@@H](O)[C@H](O)[C@H]2O)c(O)c1,test,train,test,2,2,0.42028984,0.42028984,0.42028984
O=C(NCc1ccc(Cn2cccc2C(=O)O)cc1)Nc1ccc(OC(F)(F)F)cc1,train,train,train,0,0,0.7818182,0.8363636,0.8363636
O=C(NCc1cccc(Cn2cccc2C(=O)O)c1)Nc1ccc(OC(F)(F)F)cc1,test,train,train,0,0,0.8363636,0.8363636,0.8363636
O=C(NCc1ccccc1Cn1cccc1C(=O)O)Nc1ccc(OC(F)(F)F)cc1,train,train,train,0,0,0.7818182,0.7818182,0.7818182
CCCCCCCN(CCc1ccc(OC(C)(C)C(=O)O)cc1)c1nc2ccccc2o1,train,train,train,0,0,0.6515151,0.6515151,0.6515151
COc1cc(OC(C)(C)C(=O)O)ccc1CN(Cc1ccco1)Cc1nc(-c2ccccc2)oc1C,train,train,train,0,0,0.8142857,0.8142857,0.8142857
Cc1oc(-c2ccccc2)nc1CN(Cc1ccco1)Cc1ccc(OC(C)(C)C(=O)O)cc1Cl,train,train,train,0,0,0.8142857,0.8142857,0.8142857
Cc1cc(CN(Cc2ccco2)Cc2nc(-c3ccccc3)oc2C)cc(C)c1OC(C)(C)C(=O)O,train,test,test,0,0,0.8181818,0.8181818,0.8181818
Cc1cc(CN(Cc2ccco2)Cc2nc(-c3ccccc3)oc2C)ccc1OC(C)(C)C(=O)O,train,train,train,0,0,0.8636364,0.8636364,0.8636364
COc1cc(CN(Cc2ccco2)Cc2nc(-c3ccccc3)oc2C)ccc1OC(C)(C)C(=O)O,train,train,train,1,1,0.8507463,0.8507463,0.8507463
Cc1oc(-c2ccccc2)nc1CN(Cc1ccc(OC(C)(C)C(=O)O)c(Cl)c1)Cc1ccco1,train,train,train,0,0,0.8636364,0.8636364,0.8636364
Cc1oc(-c2ccccc2)nc1CN(Cc1ccc(OC(C)(C)C(=O)O)cc1)Cc1ccco1,train,train,test,0,0,0.7878788,0.8333333,0.8333333
Cc1oc(-c2cccc(Br)c2)nc1CN(Cc1ccc(OC(C)(C)C(=O)O)cc1)Cc1ccco1,test,train,train,0,0,0.8333333,0.8333333,0.8208955
COc1ccc(CN(Cc2ccc(OC(C)(C)C(=O)O)cc2)Cc2nc(-c3cccc(Br)c3)oc2C)cc1,train,test,train,0,0,0.9166667,0.9166667,0.8208955
Cc1oc(-c2cccc(Br)c2)nc1CN(Cc1ccccc1)Cc1ccc(OC(C)(C)C(=O)O)cc1,train,train,test,0,0,0.9166667,0.8333333,0.9166667
CCCCN(Cc1ccc(OC(C)(C)C(=O)O)cc1)Cc1nc(-c2cccc(Br)c2)oc1C,train,train,train,0,0,0.83076924,0.83076924,0.8181818
Cc1oc(-c2cccc(Br)c2)nc1CNCc1ccc(OC(C)(C)C(=O)O)cc1,train,train,train,0,0,0.80701756,0.80701756,0.80701756
Cc1oc(-c2ccccc2)nc1CNCc1ccc(OC(C)(C)C(=O)O)cc1,train,train,train,0,0,0.80701756,0.80701756,0.80701756
Cc1oc(-c2ccccc2)nc1CNc1ccc(OC(C)(C)C(=O)O)cc1,train,train,train,0,0,0.7735849,0.7735849,0.8076923
Cc1oc(-c2ccccc2)nc1CCNc1ccc(OC(C)(C)C(=O)O)cc1,test,test,train,1,1,0.8076923,0.8076923,0.8076923
Cc1oc(-c2cccc(Br)c2)nc1CCOc1ccc(OC(C)(C)C(=O)O)cc1,train,train,train,1,1,0.76785713,0.76785713,0.78571427
CC(C)(Oc1ccc(CCCO)cc1)C(=O)O,train,train,train,0,0,0.7058824,0.8181818,0.8181818
CC(C)(Oc1ccc(CCO)cc1)C(=O)O,test,train,train,0,0,0.8181818,0.8181818,0.8181818
CC(C)(Oc1ccc(CO)cc1)C(=O)O,train,test,train,0,0,0.7058824,0.75,0.75
CC(C)(Oc1ccc(CCCOc2nc3ccccc3s2)cc1)C(=O)O,train,train,test,0,0,0.8979592,0.8979592,0.8979592
CC(C)(Oc1ccc(CCOc2nc3ccccc3s2)cc1)C(=O)O,train,train,train,0,0,0.8979592,0.8979592,0.8
CC(C)(Oc1ccc(COc2nc3ccccc3s2)cc1)C(=O)O,train,train,train,0,0,0.8,0.8,0.8
CC(C)(Oc1ccc(CCCOc2ccc(/N=N/c3ccccc3)cc2)cc1)C(=O)O,train,test,train,0,0,0.7446808,0.88372093,0.75555557
CC(C)(Oc1ccc(COc2ccc(/N=N/c3ccccc3)cc2)cc1)C(=O)O,test,test,train,0,0,0.75555557,0.77272725,0.75555557
CC(C)(Oc1ccc(CCCOc2ccc(/C=C/c3ccccc3)cc2)cc1)C(=O)O,test,train,train,0,0,0.88372093,0.75555557,0.88372093
CC(C)(Oc1ccc(CCOc2ccc(/C=C/c3ccccc3)cc2)cc1)C(=O)O,train,test,train,0,0,0.62068963,0.88372093,0.88372093
CC(C)(Oc1ccc(COc2ccc(/C=C/c3ccccc3)cc2)cc1)C(=O)O,test,train,train,0,0,0.77272725,0.75555557,0.77272725
CC(C)(Oc1ccc(CCOc2ccc(C(=O)/C=C/c3ccccc3)cc2)cc1)C(=O)O,test,train,train,0,0,0.7916667,0.7058824,0.7916667
Cc1oc(-c2ccccc2)nc1CCOc1ccc(C[C@H](C(=O)O)n2cccc2)cc1,train,train,train,1,1,0.7419355,0.7419355,0.72131145
Cc1oc(-c2cccc[s+]2)nc1CCOc1ccc(C[C@@](C)(Oc2ccccc2)C(=O)O)cc1,train,train,train,1,1,0.7741935,0.7741935,0.7741935
Cc1oc(C2CCCCC2)nc1CCOc1ccc(C[C@H](Oc2ccccc2)C(=O)O)cc1,train,train,train,3,3,0.6825397,0.6825397,0.6825397
Cc1oc(-c2ccccc2)nc1CCOc1ccc(C[C@@]2(C(=O)O)CCOCCO2)cc1,train,train,train,1,1,0.625,0.625,0.625
Cc1oc(-c2ccccc2)nc1CCOc1ccc(C[C@]2(C(=O)O)C=CC=CO2)cc1,train,train,train,1,1,0.6,0.6,0.6
Cc1sc(N2CCN(C)CC2)nc1CCOc1ccc(C[C@@](O)(C(=O)O)c2ccccc2C(=O)c2ccccc2)cc1,train,train,train,0,0,0.7183099,0.7183099,0.7183099
Cc1sc(-c2ccccc2)nc1CCOc1ccc(C[C@@](O)(C(=O)O)c2ccccc2C(=O)c2ccccc2)cc1,train,train,train,0,0,0.7183099,0.7183099,0.7183099
Cc1oc(-c2ccccc2)nc1CCOc1ccc(C[C@@](O)(C(=O)O)c2ccccc2C(=O)c2ccccc2)cc1,train,train,train,1,1,0.7164179,0.7164179,0.7164179
O=C(O)C(Cc1ccccc1)Oc1ccc(-c2ccccc2CCc2ccccc2)cc1,train,train,test,3,3,0.7659575,0.7659575,0.8181818
CCCCCc1ccccc1-c1ccc(OC(Cc2ccccc2)C(=O)O)cc1,train,train,train,3,3,0.7659575,0.7659575,0.84782606
CCCc1ccccc1-c1ccc(OC(Cc2ccccc2)C(=O)O)cc1,test,test,train,3,3,0.84782606,0.84782606,0.84782606
CCc1ccccc1-c1ccc(O[C@@H](Cc2ccccc2)C(=O)O)cc1,test,test,test,3,3,0.7906977,0.7906977,0.8372093
COc1ccccc1-c1ccc(O[C@@H](Cc2ccccc2)C(=O)O)cc1,train,train,train,3,3,0.75609756,0.75609756,0.75609756
O=C(O)[C@H](Cc1ccccc1)Oc1ccc(-c2ccccc2-c2ccccc2)cc1,train,train,train,3,3,0.7948718,0.7948718,0.7948718
O=C(O)[C@H](Cc1ccccc1)Oc1ccc(-c2ccccc2C(F)(F)F)cc1,train,train,train,3,3,0.7380952,0.7380952,0.7380952
O=C(O)[C@H](Cc1ccccc1)Oc1ccc(-c2ccccc2F)cc1,train,train,train,3,3,0.7948718,0.7948718,0.7948718
Cc1ccccc1-c1ccc(O[C@@H](Cc2ccccc2)C(=O)O)cc1C,train,train,train,3,3,0.80487806,0.80487806,0.80487806
Cc1ccccc1-c1ccc(O[C@@H](Cc2ccccc2)C(=O)O)cc1,test,test,train,3,3,0.7948718,0.7948718,0.7948718
Cc1cccc(-c2ccc(OC(Cc3ccccc3)C(=O)O)cc2)c1,train,train,train,3,3,0.8,0.8,0.8
Cc1ccc(-c2ccc(O[C@@H](Cc3ccccc3)C(=O)O)cc2)cc1,train,train,train,3,3,0.8,0.8,0.8
Cc1cccc(C)c1-c1ccc(O[C@@H](Cc2ccccc2)C(=O)O)cc1,train,train,train,3,3,0.75,0.75,0.7619048
Cc1cc(OC(Cc2ccccc2)C(=O)O)cc(C)c1-c1ccccc1,train,train,train,3,3,0.7380952,0.7380952,0.7380952
Cc1cc(-c2ccccc2)cc(C)c1O[C@@H](Cc1ccccc1)C(=O)O,train,train,train,3,3,0.71428573,0.71428573,0.71428573
Cc1cc(O[C@@H](Cc2ccccc2)C(=O)O)ccc1-c1ccccc1,train,train,train,3,3,0.80487806,0.80487806,0.80487806
Cc1cc(-c2ccccc2)ccc1O[C@@H](Cc1ccccc1)C(=O)O,train,train,train,3,3,0.71428573,0.71428573,0.71428573
O=C(O)[C@H](Cc1ccccc1)Oc1ccc(-c2ccc(Cl)cc2)cc1,train,train,test,3,3,0.9117647,0.9117647,0.9117647
O=C(O)[C@H](CCOc1ccccc1)Oc1ccc(Cl)cc1,train,train,test,3,3,0.7368421,0.7368421,0.7368421
O=C(O)[C@H](COc1ccccc1)Oc1ccc(Cl)cc1,train,train,train,3,3,0.7368421,0.7368421,0.65789473
O=C(O)[C@H](CCCc1ccc(Cl)cc1)Oc1ccc(Cl)cc1,test,test,train,3,3,0.8888889,0.8888889,0.8888889
O=C(O)[C@H](CCCc1ccccc1)Oc1ccc(Cl)cc1,train,train,train,3,3,0.6923077,0.6923077,0.8888889
O=C(O)[C@H](CCc1ccccc1)Oc1ccc(Cl)cc1,test,test,train,3,3,0.8378378,0.8378378,0.8378378
COC(c1ccccc1OC(F)(F)F)C1CC1c1cc(C)c(OC(C)(C)C(=O)O)c(C)c1,train,train,test,0,0,0.6721311,0.66101694,0.6721311
CCOC(c1ccc(OC(F)(F)F)cc1)C1CC1c1cc(C)c(OC(C)(C)C(=O)O)c(C)c1,train,test,train,0,0,0.7692308,0.6393443,0.7692308
Cc1cc(C2CC2C(OCCC2CCCCC2)c2ccc(OC(F)(F)F)cc2)cc(C)c1OC(C)(C)C(=O)O,train,test,train,0,0,0.7692308,0.5735294,0.7692308
COC(c1ccc(C(F)(F)F)cc1)C1CC1c1cc(C)c(OC(C)(C)C(=O)O)c(C)c1,train,test,train,0,0,0.8113208,0.8113208,0.8113208
COC(c1ccc(C)cc1)C1CC1c1cc(C)c(OC(C)(C)C(=O)O)c(C)c1,train,train,train,0,0,0.8113208,0.66101694,0.8113208
CCn1c(CCCc2ccc(-c3ccc(NS(=O)(=O)c4ccccc4)cn3)cc2)nn(Cc2ccc(C(C)(C)C)cc2)c1=O,test,test,train,0,0,0.4074074,0.4074074,0.4074074
N[C@@H](Cc1c[nH]c2ccccc12)C(=O)N[C@@H](CCC(=O)O)C(=O)O,test,test,train,3,3,0.2658228,0.2658228,0.2658228
Cc1c(C(=O)O)cccc1-c1ccc(/C=C2/SC(=O)N(CC(=O)Nc3ccc(F)cc3)C2=O)o1,train,train,test,4,4,0.25,0.25301206,0.25510204
CCCCCOC(=O)c1ccc(NC(=O)c2cccc(NC(=O)c3ccccc3C(=O)O)c2)cc1,test,test,train,4,4,0.48333332,0.48333332,0.48333332
CCOC(=O)C1=C(Nc2ccc(OCC)cc2)S/C(=C/c2ccc(OCC(=O)O)c(OC)c2)C1=O,train,test,train,2,2,0.31034482,0.31034482,0.30952382
Cc1nc(-c2cccc(C(F)(F)F)c2)sc1CNCc1ccc(OC(C)(C)C(=O)O)cc1,train,test,test,0,0,0.8135593,0.8135593,0.8135593
CCCCCCC(Sc1nc(Cl)cc(Nc2nc(-c3ccc(Cl)cc3)cs2)n1)C(=O)O,test,train,train,4,4,0.93333334,0.93333334,0.93333334
CCCCC(Sc1nc(Cl)cc(Nc2nc(-c3ccc(Cl)cc3)cs2)n1)C(=O)O,train,train,train,4,4,0.8333333,0.93333334,0.93333334
CCC(Sc1nc(Cl)cc(Nc2nc(-c3ccc(Cl)cc3)cs2)n1)C(=O)O,train,test,train,4,4,0.8333333,0.8333333,0.8333333
CCCCCCC(Sc1nc(Cl)cc(Nc2nc(-c3ccc(C)cc3)cs2)n1)C(=O)O,test,test,train,4,4,0.84126985,0.9032258,0.9032258
CCCCCCC(Sc1nc(Cl)cc(Nc2nc(-c3ccc(F)c(F)c3)cs2)n1)C(=O)O,test,train,test,4,4,0.8181818,0.8769231,0.8769231
CCCCCCC(Sc1nc(Cl)cc(Nc2nc(-c3ccc([N+](=O)[O-])cc3)cs2)n1)C(=O)O,train,train,train,4,4,0.76811594,0.8235294,0.8235294
CCCCCCC(Sc1nc(Cl)cc(Nc2nc(-c3ccc(Br)cc3)c(C)s2)n1)C(=O)O,train,test,train,4,4,0.61728394,0.6438356,0.6666667
CCCCCCC(Sc1nc(Cl)cc(Nc2nc3c(s2)CCc2cc(OC)ccc2-3)n1)C(=O)O,train,test,test,4,4,0.61728394,0.55421686,0.61728394
CCCCC(Sc1nc(Cl)cc(Nc2cccc(C)c2C)n1)C(=O)O,train,train,train,4,4,0.92727274,0.92727274,0.92727274
CCCCCCC(Sc1nc(Cl)cc(Nc2cccc(C)c2C)n1)C(=O)O,train,train,train,4,4,0.92727274,0.92727274,0.92727274
O=C(O)CSc1nc(Cl)cc(Nc2ccc(Nc3ccccc3)cc2)n1,train,train,train,4,4,0.7446808,0.7446808,0.94871795
CCCCC(Sc1nc(Cl)cc(Nc2ccc(Nc3ccccc3)cc2)n1)C(=O)O,train,train,train,4,4,0.70689654,0.70689654,0.70689654
O=C(O)c1cccc(NC(=O)c2ccccc2NC(=O)c2ccc3ccccc3c2)c1,train,train,test,4,4,0.7234042,0.7234042,0.7234042
O=C(O)CCCNC(=O)c1ccccc1NC(=O)c1cccc(-c2ccccc2)c1,test,train,train,4,4,0.64705884,0.64705884,0.64705884
CCc1ccc(C(=O)Nc2ccccc2C(=O)NCCCC(=O)O)cc1,train,train,train,4,4,0.48333332,0.64705884,0.64705884
O=C(O)c1cccc(NC(=O)c2ccccc2NC(=O)c2ccc3c(c2)OCO3)c1,train,train,train,4,4,0.7058824,0.7058824,0.65384614
O=C(O)c1cccc(NC(=O)c2ccccc2NC(=O)c2ccc(C(F)(F)F)c(F)c2)c1,train,test,train,4,4,0.6730769,0.74,0.74
CC(C)(C)c1ccc(C(=O)Nc2ccccc2C(=O)Nc2cccc(C(=O)O)c2)cc1,train,train,train,4,4,0.7777778,0.8,0.8
O=C(O)c1cccc(NC(=O)c2ccccc2NC(=O)c2ccc(C(F)(F)F)cc2)c1,test,train,train,4,4,0.8,0.8,0.8
O=C(O)c1cccc(NC(=O)c2ccccc2NC(=O)c2ccc(Br)cc2)c1,train,train,train,4,4,0.7777778,0.7777778,0.7777778
CC(C)(C)c1ccc(C(=O)Nc2ccccc2C(=O)Nc2cccc(CC(=O)O)c2)cc1,train,train,train,4,4,0.82,0.82,0.8039216
CC(C)(C)c1ccc(C(=O)Nc2ccccc2C(=O)Nc2cccc(CCC(=O)O)c2)cc1,train,test,train,4,4,0.8039216,0.8269231,0.8039216
Cc1ccc(NC(=O)c2ccccc2NC(=O)c2ccc(C(C)(C)C)cc2)cc1C(=O)O,test,train,train,4,4,0.7916667,0.7916667,0.7916667
COc1ccc(NC(=O)c2ccccc2NC(=O)c2ccc(C(C)(C)C)cc2)cc1C(=O)O,train,train,train,4,4,0.7647059,0.7647059,0.7647059
CC(C)(C)c1ccc(C(=O)Nc2ccccc2C(=O)Nc2ccc(Cl)c(C(=O)O)c2)cc1,train,train,train,4,4,0.7755102,0.7916667,0.7916667
CC(C)(C)c1ccc(C(=O)Nc2ccccc2C(=O)Nc2ccc(Br)c(C(=O)O)c2)cc1,train,train,train,4,4,0.7755102,0.7755102,0.7755102
COc1ccc(C(=O)O)cc1NC(=O)c1ccccc1NC(=O)c1ccc(C(C)(C)C)cc1,train,train,train,4,4,0.76,0.76,0.76
O=C(O)c1cccc(NC(=O)c2ccc(Cl)cc2NC(=O)c2ccc(C(F)(F)F)cc2)c1,train,train,train,4,4,0.625,0.75510204,0.75510204
O=C(O)Cc1cccc(NC(=O)c2ccccc2NC(=O)c2ccc(C(F)(F)F)cc2)c1,train,train,test,4,4,0.82,0.82,0.82
O=C(O)CCc1cccc(NC(=O)c2ccccc2NC(=O)c2ccc(C(F)(F)F)cc2)c1,test,train,test,4,4,0.8269231,0.8076923,0.8269231
O=C(O)Cc1cccc(NC(=O)c2ccccc2NC(=O)c2ccc(-c3ccccc3)cc2)c1,test,train,test,4,4,0.79591835,0.79591835,0.79591835
CSc1ccc(C(=O)Nc2ccccc2C(=O)Nc2cccc(CC(=O)O)c2)cc1,train,train,train,4,4,0.7692308,0.7692308,0.7692308
O=C(O)Cc1cccc(NC(=O)c2ccccc2NC(=O)c2ccc(SC(F)(F)F)cc2)c1,train,test,test,4,4,0.7777778,0.7777778,0.76363635
O=C(O)Cc1cccc(NC(=O)c2ccccc2NC(=O)c2ccc3ccccc3c2)c1,train,test,train,4,4,0.7307692,0.76,0.7307692
O=C(O)C(Cc1ccccc1)Oc1ccc(/C(=N/O)c2ccccc2)cc1,test,test,train,3,3,0.7,0.7,0.65
C/C(=N\O)c1ccc(OC(Cc2ccccc2)C(=O)O)cc1,test,test,test,3,3,0.75,0.75,0.75609756
O=C(O)C(Cc1ccccc1)Oc1ccc(/C=N/OCCCc2ccccc2)cc1,test,test,train,3,3,0.8333333,0.8333333,0.8333333
O=C(O)C(Cc1ccccc1)Oc1ccc(/C=N/OCc2ccccc2)cc1,train,train,train,3,3,0.75,0.75,0.75
CCCCO/N=C/c1ccc(OC(Cc2ccccc2)C(=O)O)cc1,train,train,train,3,3,0.75,0.75,0.8333333
CCOC(=O)N1C[C@H](C(=O)O)[C@H](c2cccc(OCCc3nc(-c4ccccc4)oc3C)c2)C1,train,train,train,1,1,0.74647886,0.875,0.7352941
Cc1oc(-c2ccccc2)nc1CCOc1cccc([C@@H]2CN(C(=O)Oc3ccccc3)C[C@@H]2C(=O)O)c1,test,train,test,1,1,0.875,0.875,0.875
Cc1oc(-c2ccccc2)nc1CCOc1ccc([C@H]2CN(C(=O)Oc3ccccc3)C[C@@H]2C(=O)O)cc1,train,test,train,1,1,0.7761194,0.84375,0.7761194
CCOC(=O)N1C[C@@H](Cc2ccc(OCCc3nc(-c4ccccc4)oc3C)cc2)[C@@H](C(=O)O)C1,train,train,train,1,1,0.86153847,0.86153847,0.86153847
Cc1oc(-c2ccccc2)nc1CCOc1ccc(C[C@@H]2CN(C(=O)Oc3ccccc3)C[C@@H]2C(=O)O)cc1,train,train,train,1,1,0.86153847,0.86153847,0.86153847
Cc1oc(-c2ccccc2)nc1CCOc1cccc(C[C@H]2CN(c3ccccc3)C[C@H]2C(=O)O)c1,train,train,train,1,1,0.74666667,0.74666667,0.6883117
Cc1oc(-c2ccccc2)nc1CCOc1cccc(C[C@@H]2CN(c3nccc(C(F)(F)F)n3)C[C@@H]2C(=O)O)c1,train,train,test,1,1,0.74666667,0.74666667,0.74666667
Cc1oc(-c2ccccc2)nc1CCOc1ccc(C[C@@H]2CN(c3ncccn3)C[C@@H]2C(=O)O)cc1,test,train,test,1,1,0.8769231,0.8769231,0.8769231
Cc1ccnc(N2C[C@@H](Cc3ccc(OCCc4nc(-c5ccccc5)oc4C)cc3)[C@@H](C(=O)O)C2)n1,train,train,train,1,1,0.7162162,0.8769231,0.7083333
Cc1oc(-c2ccccc2)nc1CCOc1ccc(C[C@@H]2CN(c3nc4ccccc4o3)C[C@@H]2C(=O)O)cc1,train,test,test,1,1,0.7162162,0.75714284,0.7236842
Cc1oc(-c2ccccc2)nc1CCOc1ccc(C[C@@H]2CN(c3nc(C(F)(F)F)co3)C[C@@H]2C(=O)O)cc1,test,test,train,1,1,0.7236842,0.72602737,0.70666665
CCOC(=O)N1C[C@@H](CCc2cccc(OCCc3nc(-c4ccccc4)oc3C)c2)[C@@H](C(=O)O)C1,train,train,test,1,1,0.74647886,0.74647886,0.74647886
Cc1oc(-c2ccccc2)nc1CCOc1cccc(C[C@H]2CN(C(=O)Oc3ccccc3)C[C@@H]2CC(=O)O)c1,train,train,train,1,1,0.69863015,0.69863015,0.69863015
COc1ccc(COc2cccc(OCCOc3ccc4c(c3)c(CC(=O)O)cn4Cc3ccccc3)c2)cc1,train,train,train,2,2,0.79310346,0.79310346,0.79310346
Cc1ccc(COc2cccc(OCCCOc3ccc4[nH]cc(CC(=O)O)c4c3)c2)cc1,train,train,test,2,2,0.578125,0.578125,0.49253732
O=C(O)Cc1cn(Cc2ccccc2)c2ccc(OCCCOc3cccc(OCc4ccc(Cl)cc4)c3)cc12,train,train,train,2,2,0.79310346,0.79310346,0.79310346
Cc1ccc(COc2cccc(OCCCOc3ccc4c(CC(=O)O)cn(Cc5ccccc5)c4c3)c2)cc1,train,train,test,2,2,0.72131145,0.72131145,0.72131145
CCCCCC(=O)Nc1ccc(C(=O)Nc2cccc(C[C@H](C)C(=O)O)c2)cc1,test,train,train,4,4,0.68421054,0.68421054,0.68421054
C[C@@H](Cc1cccc(NC(=O)c2ccc(NC(=O)Cc3ccc(C(C)(C)C)cc3)cc2)c1)C(=O)O,train,train,train,4,4,0.65217394,0.68421054,0.68421054
CCCCCC(=O)Nc1ccc(C(=O)Nc2cccc(C[C@H](C)C(=O)N3C(=O)OC[C@H]3Cc3ccccc3)c2)cc1,train,train,train,4,4,0.76,0.65217394,0.76
C[C@@H](Cc1cccc(NC(=O)c2ccc(NC(=O)Cc3ccc(C(C)(C)C)cc3)cc2)c1)C(=O)N1C(=O)OC[C@H]1Cc1ccccc1,train,test,train,4,4,0.76,0.76,0.76
O=C(Nc1ccc(C(=O)NC2CC2)cc1)c1cccc(CN2C(=O)OC[C@H]2Cc2ccccc2)c1,train,train,train,4,4,0.74626863,0.74626863,0.74626863
CCCCCCCCCCCCNC(=O)c1ccc(NC(=O)c2cccc(CN3C(=O)OC[C@H]3Cc3ccccc3)c2)cc1,train,train,train,4,4,0.983871,0.983871,0.983871
CCCCCNC(=O)c1ccc(NC(=O)c2cccc(CN3C(=O)OC[C@H]3Cc3ccccc3)c2)cc1,train,train,train,4,4,0.983871,0.983871,0.983871
Cc1cc(-n2nc3ccccc3n2)cc(C)c1OC(C)(C)C(=O)O,test,train,train,0,0,0.4642857,0.4642857,0.4642857
CC(C)(CCCOc1ccc(/C=C/c2ccc(Cl)cc2)cc1)C(=O)O,test,train,test,0,0,0.8,0.8,0.8
Cc1ccc(/C=C/c2ccc(OCCCC(C)(C)C(=O)O)cc2)cc1,train,train,train,0,0,0.82051283,0.82051283,0.82051283
CC(C)(CCCOc1ccc(/C=C/c2ccc(C(F)(F)F)cc2)cc1)C(=O)O,test,train,train,0,0,0.7619048,0.7619048,0.7619048
COc1ccc(/C=C/c2ccc(OCCCC(C)(C)C(=O)O)cc2)cc1,train,train,train,0,0,0.82051283,0.82051283,0.82051283
CC(C)(CCCOc1ccc(/C=C/c2ccc3ccccc3c2)cc1)C(=O)O,train,train,train,0,0,0.8095238,0.8095238,0.8095238
CC(C)(CCCOc1ccc(/C=C/c2ccsc2)cc1)C(=O)O,test,train,test,0,0,0.72727275,0.72727275,0.72727275
O=C1NC(=O)C(Cc2ccc(OCc3cccc(Br)c3)cc2)S1,train,train,train,3,3,0.76086956,0.76086956,0.76086956
O=C1NC(=O)C(Cc2ccc(OCc3ccc(Br)cc3)cc2)S1,train,train,train,3,3,0.76086956,0.76086956,0.76086956
O=C1NC(=O)C(Cc2ccc(OCc3nc4ccccc4n3Cc3ccccc3)cc2)S1,train,train,train,3,3,0.78333336,0.78333336,0.78333336
CC(C)Cn1c(COc2ccc(CC3SC(=O)NC3=O)cc2)nc2ccccc21,train,train,train,3,3,0.78333336,0.78333336,0.78333336
C=CCn1c(COc2ccc(CC3SC(=O)NC3=O)cc2)nc2ccccc21,train,train,test,3,3,0.7704918,0.7704918,0.7704918
CC(C)n1c(COc2ccc(CC3SC(=O)NC3=O)cc2)nc2ccccc21,train,train,train,3,3,0.78333336,0.78333336,0.78333336
CCC(Cc1ccc(C(=O)NCc2ccc(C(F)(F)F)cc2)cc1)C(=O)O,train,train,train,4,4,0.75,0.75,0.75
CCOC(=O)C(CC)Cc1ccc(C(=O)NCc2ccc(OC(F)(F)F)cc2)cc1,train,train,train,4,4,0.8,0.8,0.8
CCC(Cc1ccc(C(=O)NCc2ccc(OC(F)(F)F)cc2)cc1)C(=O)O,train,train,train,4,4,0.8,0.8,0.8
CCOC(=O)C(CC)Cc1ccc(C(=O)NCc2ccc(Oc3ccccc3)cc2)cc1,train,train,train,4,4,0.8125,0.8125,0.8125
CCC(Cc1ccc(C(=O)NCc2ccc(Oc3ccccc3)cc2)cc1)C(=O)O,train,train,train,4,4,0.8125,0.8125,0.8125
CCCCCCC(Sc1nc(Cl)cc(NCCCC(=O)NCc2ccccc2C(F)(F)F)n1)C(=O)O,train,train,train,4,4,0.52,0.52,0.52
COc1ccc(OC(=O)N(CC(=O)O)Cc2cc(OCc3nc(-c4ccc(Cl)cc4)oc3C)ccc2F)cc1,test,test,train,1,1,0.93442625,0.93442625,0.93442625
Cc1ccc(OC(=O)N(CC(=O)O)Cc2cc(OCc3nc(-c4ccc(Cl)cc4)oc3C)ccc2F)cc1,train,train,train,1,1,0.84126985,0.84126985,0.93442625
Cc1oc(-c2ccc(Cl)cc2)nc1COc1ccc(F)c(CN(CC(=O)O)C(=O)OCC(C)C)c1,train,train,train,1,1,0.84615386,0.84615386,0.84615386
CCCCOC(=O)N(CC(=O)O)Cc1cc(OCc2nc(-c3ccc(Cl)cc3)oc2C)ccc1F,train,train,train,1,1,0.921875,0.921875,0.921875
Cc1oc(-c2ccc(Cl)cc2)nc1COc1ccc(F)c(CN(CC(=O)O)C(=O)OCCCF)c1,train,train,train,1,1,0.8939394,0.8939394,0.8939394
CCCOC(=O)N(CC(=O)O)Cc1cc(OCc2nc(-c3ccc(Cl)cc3)oc2C)ccc1F,train,train,train,1,1,0.921875,0.921875,0.921875
CCOC(=O)N(CC(=O)O)Cc1cc(OCc2nc(-c3ccc(Cl)cc3)oc2C)ccc1F,train,train,train,1,1,0.8888889,0.8888889,0.8888889
COC(=O)N(CC(=O)O)Cc1cc(OCc2nc(-c3ccc(C(C)(C)C)cc3)oc2C)ccc1F,test,test,train,1,1,0.8923077,0.8923077,0.8923077
COC(=O)N(CC(=O)O)Cc1cc(OCc2nc(-c3ccc(OC(F)(F)F)cc3)oc2C)ccc1F,train,train,test,1,1,0.859375,0.859375,0.8507463
COC(=O)N(CC(=O)O)Cc1cc(OCc2nc(-c3ccc(C(F)(F)F)cc3)oc2C)ccc1F,train,train,train,1,1,0.859375,0.859375,0.8923077
COC(=O)N(CC(=O)O)Cc1cc(OCc2nc(-c3ccccc3)oc2C)ccc1F,train,train,train,1,1,0.9,0.9,0.8852459
COC(=O)N(CC(=O)O)Cc1cc(OCc2nc(-c3ccc(F)cc3)oc2C)ccc1F,train,train,train,1,1,0.9166667,0.9166667,0.8852459
COC(=O)N(CC(=O)O)Cc1cc(OCc2nc(-c3ccc(C)cc3)oc2C)ccc1F,train,train,test,1,1,0.9322034,0.9322034,0.9166667
COC(=O)N(CC(=O)O)[C@@H](C)c1cccc(OCc2nc(-c3ccc(Cl)cc3)oc2C)c1,train,train,train,1,1,0.7,0.7,0.7285714
COC(=O)N(CC(=O)O)Cc1ccc(F)c(OCc2nc(-c3ccc(Cl)cc3)oc2C)c1,test,test,train,1,1,0.75757575,0.75757575,0.77272725
COC(=O)N(CC(=O)O)Cc1cc(F)cc(OCc2nc(-c3ccc(Cl)cc3)oc2C)c1,test,test,train,1,1,0.8,0.8,0.8
COC(=O)N(CC(=O)O)Cc1cc(OCc2nc(-c3ccc(Cl)cc3)oc2C)ccc1F,train,train,test,1,1,0.9322034,0.9322034,0.9166667
CC(=O)NC(C)c1nc(-c2ccc(Oc3ccc(O)cc3)cc2)no1,train,train,train,0,0,0.84444445,0.84444445,0.84444445
COc1ccc(Oc2ccc(-c3noc(C(C)NC(C)=O)n3)cc2)cc1,train,train,train,0,0,0.84444445,0.84444445,0.84444445
CCOc1ccc(Oc2ccc(-c3noc(C(C)NC(C)=O)n3)cc2)cc1,train,train,train,3,3,0.7916667,0.7916667,0.7916667
CS(=O)(=O)Oc1ccc(C(=O)OCc2ccc(CC(SCCc3ccc(F)cc3)C(=O)O)cc2)cc1,train,train,test,3,3,1.0,1.0,1.0
CS(=O)(=O)Oc1ccc(CC(=O)OCc2ccc(CC(SCCc3ccc(F)cc3)C(=O)O)cc2)cc1,train,train,train,3,3,0.8596491,0.8596491,0.8596491
O=C(Cc1ccc(CC(SCCc2ccc(F)cc2)C(=O)O)cc1)OCc1ccc(C(F)(F)F)cc1,train,train,train,4,4,0.75,0.75,0.75
CS(=O)(=O)Cc1ccc(COC(=O)Cc2ccc(CC(SCCc3ccc(F)cc3)C(=O)O)cc2)cc1,test,test,train,3,3,0.8214286,0.8214286,0.8214286
CS(=O)(=O)Oc1ccc(CC(=O)OCCc2ccc(CC(SCCc3ccc(F)cc3)C(=O)O)cc2)cc1,train,train,train,3,3,0.8947368,0.8947368,0.8596491
CS(=O)(=O)Oc1ccc(CC(=O)OCCCc2ccc(CC(SCCc3ccc(F)cc3)C(=O)O)cc2)cc1,train,train,test,3,3,0.8947368,0.8947368,0.8947368
CC(C(=O)OCc1ccc(CC(SCCc2ccc(F)cc2)C(=O)O)cc1)c1ccccc1,test,test,train,3,3,0.8627451,0.8627451,0.62711865
COc1ccc(CC(=O)OCc2ccc(CC(SCCc3ccc(F)cc3)C(=O)O)cc2)cc1,train,train,train,3,3,0.7894737,0.7894737,0.7894737
CC(C)Cc1ccc(C(C)C(=O)OCc2ccc(CC(SCCc3ccc(F)cc3)C(=O)O)cc2)cc1,train,train,test,3,3,0.6166667,0.6166667,0.8627451
O=C(Cc1ccccn1)OCc1ccc(CC(SCCc2ccc(F)cc2)C(=O)O)cc1,train,train,test,3,3,0.6557377,0.6557377,0.6557377
CN1CCN(CC(=O)OCc2ccc(CC(SCCc3ccc(F)cc3)C(=O)O)cc2)CC1,train,train,train,3,3,0.6393443,0.6393443,0.6393443
O=C(OCc1ccc(CC(SCCc2ccc(F)cc2)C(=O)O)cc1)c1nc(-c2ccccc2)oc1C(F)(F)F,train,train,train,1,1,0.5652174,0.5652174,0.5652174
CS(=O)(=O)Oc1ccc(COC(=O)c2ccc(CC(SCCc3ccc(F)cc3)C(=O)O)cc2)cc1,train,train,train,3,3,1.0,1.0,0.8103448
O=C(Cc1ccc(CC(C(=O)O)S(=O)(=O)CCc2ccc(F)cc2)cc1)OCc1ccc(C(F)(F)F)cc1,train,train,test,4,4,0.66101694,0.66101694,0.66101694
CS(=O)(=O)Oc1ccc(CCSC(=O)c2ccc(CC(SCCc3ccc(F)cc3)C(=O)O)cc2)cc1,train,train,test,3,3,0.7758621,0.7758621,0.7758621
CCO[C@@H](Cc1ccc(OC(=O)Cc2ccc(NC(=O)OC(C)(C)C)cc2)cc1)C(=O)O,train,train,test,3,3,0.4909091,0.4909091,0.4909091
O=C(Cc1cccc(SCc2ccccc2C(=O)O)c1)OCc1ccc(C(F)(F)F)cc1,test,train,train,4,4,0.8214286,0.8214286,0.8214286
O=C(Cc1ccc(C(F)(F)F)cc1)OCc1ccc(SCc2ccccc2C(=O)O)cc1,train,train,train,4,4,1.0,1.0,1.0
O=C(Cc1ccc(SCc2ccccc2C(=O)O)cc1)OCc1ccc(C(F)(F)F)cc1,train,train,train,4,4,1.0,1.0,1.0
CC(OC(=O)Cc1cccc(SCc2ccccc2C(=O)O)c1)c1ccc(C(F)(F)F)cc1,test,train,train,4,4,0.6935484,0.71666664,0.71666664
O=C(Cc1cccc(SCc2ccccc2C(=O)O)c1)OCCc1ccc(C(F)(F)F)cc1,train,train,train,4,4,0.7758621,0.8214286,0.8214286
Cc1cccc(C)c1COC(=O)Cc1ccc(SCc2ccccc2C(=O)O)cc1,train,train,train,4,4,0.8039216,0.8039216,0.6545454
C=CCC(OC(=O)Cc1ccc(SCc2ccccc2C(=O)O)cc1)c1ccccc1,train,train,test,3,3,0.6101695,0.6101695,0.6101695
COC(=O)C(Cc1ccccc1)OC(=O)Cc1cccc(SCc2ccccc2C(=O)O)c1,test,test,train,3,3,0.8148148,0.8148148,0.8148148
COc1ccc(CCOC(=O)Cc2ccc(SCc3ccccc3C(=O)O)cc2)cc1OC,train,test,test,4,4,0.8545455,0.8545455,0.8545455
COC(=O)C(Cc1ccccc1)OC(=O)Cc1ccc(SCc2ccccc2C(=O)O)cc1,train,train,train,3,3,0.6101695,0.6101695,0.8148148
O=C(Cc1cccc(SCc2ccccc2C(=O)O)c1)OCCc1ccccc1C(F)(F)F,train,train,train,4,4,0.8,0.8,0.8
COC(=O)C(c1ccccc1)(c1ccc(SCc2ccccc2C(=O)O)cc1)c1ncco1,train,test,train,4,4,0.44117647,0.44117647,0.44117647
O=C(Cc1ccc(SCc2ccccc2C(=O)O)cc1)OCCc1ccccc1C(F)(F)F,train,train,train,4,4,0.8,0.8,0.8
Cc1cccc(C)c1COC(=O)Cc1cccc(SCc2ccccc2C(=O)O)c1,train,train,test,4,4,0.8039216,0.8039216,0.8039216
O=C(Cc1cccc(SCc2ccccc2C(=O)O)c1)OCc1ccc(-n2cccn2)cc1,train,train,test,4,4,0.61904764,0.82758623,0.82758623
O=C(Cc1ccc(SCc2ccccc2C(=O)O)cc1)OCc1ccc(-n2cccn2)cc1,test,train,train,4,4,0.82758623,0.82758623,0.6440678
COc1ccc(CCOC(=O)Cc2cccc(SCc3ccccc3C(=O)O)c2)cc1OC,train,train,train,4,4,0.8545455,0.704918,0.704918
CCc1cc(OCCc2nc(-c3ccc(F)cc3)oc2C)ccc1CCC(=O)O,train,train,train,1,1,0.82758623,0.82758623,0.82758623
CCc1cc(OCCc2coc(-c3ccc(C(F)(F)F)cc3)n2)ccc1CCC(=O)O,train,train,test,1,1,0.73015875,0.73015875,0.73015875
CCc1cc(OCCc2nc(-c3ccc(C(F)(F)F)cc3)oc2C)ccc1CCC(=O)O,train,train,train,1,1,0.86206895,0.86206895,0.86206895
CCc1cc(OCCc2nc(-c3ccc(C(C)(C)C)cc3)oc2C)ccc1CCC(=O)O,train,train,train,1,1,0.86206895,0.86206895,0.86206895
CCc1cc(OCCc2nc(-c3ccc(C)cc3)oc2C)ccc1CCC(=O)O,test,test,test,1,1,0.8867925,0.8867925,0.8867925
CCc1cc(OCCc2nc(-c3ccc(-c4nnn[nH]4)cc3)oc2C)ccc1CCC(=O)O,train,train,train,1,1,0.7704918,0.7704918,0.7704918
CCc1cc(OCCc2nc(-c3ccc([N+](=O)[O-])cc3)oc2C)ncc1CCC(=O)O,test,test,train,1,1,0.765625,0.765625,0.765625
CCc1cc(OCCc2nc(-c3ccc(C#N)cc3)oc2C)ncc1CCC(=O)O,train,train,train,1,1,0.7619048,0.7619048,0.765625
CCc1cc(OCCc2nc(-c3ccc(C(N)=O)cc3)oc2C)ncc1CCC(=O)O,train,train,test,1,1,0.7619048,0.7619048,0.7619048
Cc1oc(-c2ccccc2)nc1COc1ccc(Cc2ccc(OC(C)C(=O)O)cc2)cc1,test,test,test,1,1,0.7358491,0.7358491,0.7358491
CC(=O)NC(C)c1nc(-c2ccc(OCC=C(c3ccc(Br)cc3)c3ccc(Br)cc3)cc2)no1,train,train,train,0,0,0.6333333,0.6333333,0.6333333
CC(=O)NC(C)c1nc(-c2ccc(OCCN3c4ccccc4Oc4ccccc43)cc2)no1,train,train,train,3,3,0.6666667,0.6666667,0.6666667
CC(=O)NC(C)c1nc(-c2ccc(OCCCOc3ccc(Oc4ccccc4)cc3)cc2)no1,train,train,train,2,2,0.7735849,0.7735849,0.7735849
CCOC(Cc1ccc(Oc2ccc(OCc3ccccc3)cc2)cc1)C(=O)O,train,train,test,3,3,0.77272725,0.77272725,0.65909094
O=C(O)CCCc1cc2cc(Cl)ccc2n1S(=O)(=O)c1ccc2ncsc2c1,train,train,train,2,2,0.734375,0.734375,0.734375
O=C(O)CCCc1cc2cc(Cl)ccc2n1S(=O)(=O)c1ccc2c(c1)OCO2,train,train,train,2,2,0.6666667,0.6964286,0.71875
CN1CCOc2ccc(S(=O)(=O)n3c(CCCC(=O)O)cc4cc(Cl)ccc43)cc21,test,test,train,2,2,0.71875,0.71875,0.71875
Cc1cccc(S(=O)(=O)n2c(CCCC(=O)O)cc3cc(Cl)ccc32)c1,test,train,train,2,2,0.78571427,0.82,0.82
COc1ccc(S(=O)(=O)n2c(CCCC(=O)O)cc3cc(Cl)ccc32)cc1,train,train,test,2,2,0.8181818,0.8181818,0.8181818
COc1cccc(S(=O)(=O)n2c(CCCC(=O)O)cc3cc(Cl)ccc32)c1,train,train,train,2,2,0.8181818,0.8181818,0.78571427
O=C(O)CCCc1cc2cc(C(F)(F)F)ccc2n1S(=O)(=O)c1ccc(OC(F)(F)F)cc1,test,train,train,0,0,0.83928573,0.83928573,0.83928573
O=C(O)CCCc1cc2cc(C(F)(F)F)ccc2n1S(=O)(=O)c1cccc(OC(F)(F)F)c1,test,test,test,0,0,0.8333333,0.8333333,0.8333333
O=C(O)CCCc1cc2cc(C(F)(F)F)ccc2n1S(=O)(=O)c1ccc(Cl)cc1,train,train,train,4,4,0.8269231,0.78571427,0.8269231
O=C(O)CCCc1cc2cc(C(F)(F)F)ccc2n1S(=O)(=O)c1cccc(Cl)c1,test,test,train,4,4,0.8148148,0.8035714,0.8148148
COc1ccc(S(=O)(=O)n2c(CCCC(=O)O)cc3cc(C(F)(F)F)ccc32)cc1,train,train,train,4,4,0.82758623,0.83928573,0.83928573
COc1cccc(S(=O)(=O)n2c(CCCC(=O)O)cc3cc(C(F)(F)F)ccc32)c1,train,train,train,4,4,0.82758623,0.82758623,0.82758623
Cc1ccc2c(c1)cc(CCCC(=O)O)n2S(=O)(=O)c1ccccc1,train,test,train,0,0,0.71153843,0.75510204,0.75510204
O=C(O)CCCc1cc2cc(C(F)(F)F)ccc2n1S(=O)(=O)c1ccccc1,train,test,train,4,4,0.8269231,0.8269231,0.8269231
CC(C)(CCc1cc2cc(Cl)ccc2n1S(=O)(=O)c1ccccc1)C(=O)O,train,test,train,0,0,0.7058824,0.6792453,0.7058824
O=C(O)CCCc1cc2cc(Cl)ccc2n1S(=O)(=O)c1ccccc1,test,train,train,2,2,0.8666667,0.82,0.8666667
O=C(O)CCc1cc2cc(Cl)ccc2n1S(=O)(=O)c1ccccc1,train,test,train,0,0,0.7058824,0.8666667,0.8666667
O=C(O)CCCc1cc2cc(Cl)ccc2n1S(=O)(=O)c1cccc2ccccc12,train,train,train,0,0,0.6481481,0.75,0.75
Cc1nc2cc(S(=O)(=O)n3c(CCCC(=O)O)cc4cc(Cl)ccc43)ccc2s1,train,test,train,2,2,0.6969697,0.6969697,0.6969697
Nc1nc2ccc(S(=O)(=O)n3c(CCCC(=O)O)cc4cc(Cl)ccc43)cc2s1,train,train,train,2,2,0.734375,0.734375,0.734375
O=C(O)CCCc1cc2cc(C(F)(F)F)ccc2n1S(=O)(=O)c1ccc2scnc2c1,train,train,train,4,4,0.67741936,0.671875,0.67741936
COc1cc(/C=C/C(=O)c2ccc3c(c2)sc(=O)n3CCOc2ccc(CC(OCC(F)(F)F)C(=O)O)cc2)cc(OC)c1,train,train,train,3,3,0.85897434,0.85897434,0.85897434
CCOC(Cc1ccc(OCCn2c(=O)sc3cc(C(=O)/C=C/c4cc(OC)cc(OC)c4)ccc32)cc1)C(=O)O,test,test,train,3,3,0.875,0.875,0.84
CCOC(=O)C(Cc1ccc(OCCn2c(=O)sc3cc(C(=O)/C=C/c4cc(O)cc(O)c4)ccc32)cc1)OCC(F)(F)F,test,test,train,3,3,0.88461536,0.88461536,0.88461536
CCOC(=O)C(Cc1ccc(OCCn2c(=O)sc3cc(C(=O)/C=C/c4cc(O)cc(O)c4)ccc32)cc1)OCC,train,train,train,3,3,0.875,0.875,0.8666667
CCOC(=O)C(Cc1ccc(OCCn2c(=O)sc3cc(C(=O)/C=C/c4cc(OC)cc(OC)c4)ccc32)cc1)OCC(F)(F)F,train,train,train,3,3,0.8684211,0.8684211,0.88461536
CCOC(=O)C(Cc1ccc(OCCn2c(=O)sc3cc(C(=O)/C=C/c4cc(OC)cc(OC)c4)ccc32)cc1)OCC,train,train,test,3,3,0.875,0.875,0.875
CCOC(Cc1ccc(OCCn2c(=O)sc3cc(/C=C/c4cc(OC)cc(OC)c4)ccc32)cc1)C(=O)NC,train,train,train,3,3,0.8405797,0.8405797,0.8405797
CCOC(Cc1ccc(OCCn2c(=O)sc3cc(/C=C/c4cc(OC)cc(OC)c4)ccc32)cc1)C(N)=O,train,train,train,3,3,0.880597,0.880597,0.880597
O=C(O)C(Cc1ccc(OCCn2c(=O)sc3cc(/C=C/c4cc(O)cc(O)c4)ccc32)cc1)OCC(F)(F)F,train,train,test,3,3,0.8333333,0.8333333,0.85714287
CCOC(Cc1ccc(OCCn2c(=O)sc3cc(/C=C/c4cc(O)cc(O)c4)ccc32)cc1)C(=O)O,test,test,train,3,3,0.8636364,0.8636364,0.8636364
COc1cc(/C=C/c2ccc3c(c2)sc(=O)n3CCOc2ccc(CC(OCC(F)(F)F)C(=O)O)cc2)cc(OC)c1,test,test,train,3,3,0.85714287,0.85714287,0.84931505
CCOC(Cc1ccc(OCCn2c(=O)sc3cc(/C=C/c4cc(OC)cc(OC)c4)ccc32)cc1)C(=O)O,train,train,train,3,3,0.86567163,0.86567163,0.86567163
CCOC(=O)C(Cc1ccc(OCCn2c(=O)sc3cc(/C=C/c4cc(O)cc(O)c4)ccc32)cc1)OCC(F)(F)F,train,train,test,3,3,0.85714287,0.85714287,0.8767123
CCOC(=O)C(Cc1ccc(OCCn2c(=O)sc3cc(/C=C/c4cc(O)cc(O)c4)ccc32)cc1)OCC,train,train,train,3,3,0.86567163,0.86567163,0.86567163
CCOC(=O)C(Cc1ccc(OCCn2c(=O)sc3cc(/C=C/c4cc(OC)cc(OC)c4)ccc32)cc1)OCC(F)(F)F,test,test,train,3,3,0.8767123,0.8767123,0.85915494
CCOC(=O)C(Cc1ccc(OCCn2c(=O)sc3cc(/C=C/c4cc(OC)cc(OC)c4)ccc32)cc1)OCC,train,train,train,3,3,0.880597,0.880597,0.880597
C/C(=C\COc1ccccc1CN(C)C(=O)c1ccc(-c2ccco2)cc1)CCC(=O)O,test,train,test,0,0,0.37974682,0.37974682,0.2857143
CC(C)(Oc1ccc(C(=O)c2cc3ccccc3oc2=O)cc1)C(=O)O,test,train,train,0,0,0.75,0.53125,0.75
CCOC(=O)C(C)(C)Oc1ccc(C(=O)c2cc3cc([N+](=O)[O-])ccc3oc2=O)cc1,train,train,train,0,0,0.71666664,0.53125,0.71666664
CCOC(=O)C(C)(C)Oc1ccc(C(=O)c2cc3ccccc3oc2=O)cc1,train,test,train,0,0,0.71666664,0.75,0.75
COc1ccc(COc2ccc(CNc3cccc(OC(C)(C)C(=O)O)c3)c(OCc3ccc(OC)cc3)c2)cc1,train,train,train,0,0,0.7818182,0.7818182,0.7818182
COc1ccc(COc2ccc(CNc3cccc(C(=O)O)c3)c(OCc3ccc(OC)cc3)c2)cc1,train,train,train,0,0,0.8113208,0.8113208,0.8113208
COc1ccc(COc2ccc(CNc3cccc(OC(C)(C)C(=O)O)c3)cc2)cc1,train,train,train,0,0,0.7818182,0.7818182,0.7818182
O=C(O)CC1COc2cc(OCCCOc3ccc(-c4ccccc4)cc3)ccc21,train,train,train,2,2,0.5409836,0.5409836,0.66101694
Cc1cc(OCCCOc2ccc(-c3ccccc3)cc2)ccc1OCC(=O)O,test,train,train,2,2,0.6226415,0.6226415,0.6226415
Cc1cc(Cc2onc3c2CCOc2cc(Br)ccc2-3)cc(C)c1OC(C)(C)C(=O)O,train,test,test,0,0,0.5441176,0.74242425,0.74242425
Cc1cc(Cc2noc3c2CCOc2cc(Br)ccc2-3)cc(C)c1OC(C)(C)C(=O)O,test,train,train,0,0,0.74242425,0.5362319,0.5362319
Cc1cc(Cc2cnoc2-c2ccc(Br)cc2)cc(C)c1OC(C)(C)C(=O)O,train,train,train,0,0,0.6440678,0.6440678,0.6440678
Cc1cc(CCc2cc(-c3ccc(Br)cc3)on2)cc(C)c1OC(C)(C)C(=O)O,train,train,test,0,0,0.8301887,0.8301887,0.8301887
Cc1cc(Cc2cc(-c3ccc(Br)cc3)on2)cc(C)c1OC(C)(C)C(=O)O,train,train,train,0,0,0.8301887,0.8301887,0.8235294
Cc1cc(Cc2cc(-c3ccccc3)on2)cc(C)c1OC(C)(C)C(=O)O,train,train,train,0,0,0.8235294,0.8235294,0.8235294
Cc1cc(-c2cc(-c3ccc(Br)cc3)on2)cc(C)c1OC(C)(C)C(=O)O,train,train,test,0,0,0.7169811,0.7169811,0.7169811
CC(C)(Oc1ccc(OCc2nn(-c3ccc(C(F)(F)F)cc3)c(=O)n2-c2ccccc2F)cc1)C(=O)O,train,test,train,0,0,0.5,0.5,0.5
C/C(=C\CC[C@]1(C)CCc2cc(O)cc(C)c2O1)CC/C=C(\C)C(=O)O,train,test,test,2,2,0.7758621,0.7758621,0.7758621
COc1cc(C)c2c(c1)CC[C@@](C)(CC/C=C(\C)CC/C=C(\C)C(=O)O)O2,train,train,train,2,2,0.7758621,0.8032787,0.8032787
CCCOc1cc(C)c2c(c1)CC[C@@](C)(CC/C=C(\C)CC/C=C(\C)C(=O)O)O2,test,train,train,2,2,0.8032787,0.8032787,0.8032787
COC(=O)C(OC(=O)/C(C)=C/CC/C(C)=C/CC[C@]1(C)CCc2cc(OC)cc(C)c2O1)C(=O)OC,test,test,train,2,2,0.78125,0.78125,0.78125
CCO[C@H](COc1ccc(C(F)(F)F)cc1)CSc1ccc(OCC(=O)O)c(C)c1,train,train,test,4,4,0.5362319,0.5362319,0.5294118
O=C(O)c1cccc(NCc2ccc(OCc3ccc(F)cc3)cc2)c1,train,train,train,0,0,0.82978725,0.82978725,0.7916667
O=C(O)c1cccc(NCc2ccc(OCc3ccc(Cl)cc3)cc2)c1,test,train,train,0,0,0.7916667,0.7916667,0.7916667
O=C(O)c1cccc(NCc2ccc(OCc3ccc(Br)cc3)cc2)c1,train,train,train,0,0,0.78723407,0.78723407,0.78723407
O=C(O)c1cccc(NCc2ccc(OCc3ccc(I)cc3)cc2)c1,train,train,train,0,0,0.78723407,0.78723407,0.78723407
O=C(O)c1cccc(NCc2ccc(OCc3ccc(C(F)(F)F)cc3)cc2)c1,train,train,test,0,0,0.7916667,0.7916667,0.7916667
O=C(O)c1cccc(NCc2ccc(OCc3cccc(F)c3)cc2)c1,train,train,test,0,0,0.82978725,0.82978725,0.82978725
O=C(O)c1cccc(NCc2ccc(OCc3ccc(F)cc3F)cc2)c1,train,train,train,0,0,0.78,0.78,0.78
O=C(O)c1cccc(NCc2ccc(OCc3ccc(F)c(F)c3)cc2)c1,train,train,train,0,0,0.79591835,0.79591835,0.7916667
O=C(O)c1cc(NCc2ccc(OCc3ccc(F)cc3)cc2)ccc1F,train,test,train,0,0,0.6938776,0.6938776,0.6938776
O=C(O)c1cc(F)cc(NCc2ccc(OCc3ccc(F)cc3)cc2)c1,train,train,train,0,0,0.80851066,0.80851066,0.80851066
O=C(O)c1cc(Br)cc(NCc2ccc(OCc3ccc(F)cc3)cc2)c1,train,train,train,0,0,0.80851066,0.80851066,0.80851066
Cc1cc(OCc2ccc(F)cc2)ccc1CNc1cccc(C(=O)O)c1,train,train,train,0,0,0.7962963,0.7962963,0.7962963
CN(Cc1ccc(OCc2ccc(F)cc2)cc1)c1cccc(C(=O)O)c1,train,train,train,0,0,0.5925926,0.7358491,0.7358491
C[C@@H](Oc1ccc(CNc2cccc(C(=O)O)c2)cc1)c1ccc(F)cc1,test,train,train,0,0,0.6851852,0.6851852,0.6851852
CC(C)(Oc1ccc(CNc2cccc(C(=O)O)c2)cc1)c1ccc(F)cc1,train,train,train,0,0,0.72,0.72,0.72
Cc1cc(CNc2cccc(C(=O)O)c2)ccc1OCc1ccc(Cl)cc1,train,train,train,0,0,0.8113208,0.8076923,0.8113208
Cc1cc(CNc2cccc(C(=O)O)c2)ccc1OCc1ccc(Br)cc1,test,test,train,0,0,0.8076923,0.8076923,0.8076923
Cc1cc(CNc2cccc(C(=O)O)c2)ccc1OCc1ccc(I)cc1,train,train,train,0,0,0.8076923,0.8076923,0.8076923
Cc1cc(CNc2cccc(C(=O)O)c2)ccc1OCc1ccc(F)cc1F,train,train,train,4,4,0.7413793,0.7368421,0.7413793
Cc1cc(CNc2cccc(C(=O)O)c2)ccc1OCc1ccc(F)c(F)c1,train,test,train,0,0,0.8113208,0.8113208,0.8113208
O=C(O)c1cccc(NCc2ccc(OCc3ccc(F)cc3)c(OCc3ccc(F)cc3)c2)c1,train,train,train,4,4,0.75510204,0.75510204,0.75510204
O=C(O)c1cccc(NCc2ccc(OCc3ccc(F)cc3)cc2OCc2ccc(F)cc2)c1,train,train,train,0,0,0.8113208,0.8113208,0.8113208
Cc1cc(CN(C)c2cccc(C(=O)O)c2)ccc1OCc1ccc(F)cc1,test,train,train,0,0,0.7358491,0.7358491,0.7358491
Cc1cc(CNc2cc(F)cc(C(=O)O)c2)ccc1OCc1ccc(F)cc1,train,train,test,0,0,0.7692308,0.7058824,0.7692308
O=C(O)c1cc(F)cc(NCc2ccc(OCc3ccc(F)cc3)c(Cl)c2)c1,train,test,train,0,0,0.7692308,0.7692308,0.7058824
Cc1cc(CNc2cccc(OC(C)(C)C(=O)O)c2)ccc1OCc1ccc(F)cc1,train,train,test,0,0,0.6440678,0.6440678,0.6440678
CCCCCCC(Sc1nc2ccc(NC(=O)c3ccc(C(C)(C)C)cc3)cc2s1)C(=O)O,test,train,train,4,4,0.9310345,0.9310345,0.9310345
CCCCCCC(Sc1nc2ccc(NC(=O)c3ccccc3)cc2s1)C(=O)O,train,train,train,4,4,0.8,0.86440676,0.86440676
CCCCC(Sc1nc2ccc(NC(=O)c3ccc(C(C)(C)C)cc3)cc2s1)C(=O)O,train,train,train,4,4,0.8,0.9310345,0.9310345
CCCCCCC(Sc1nc2ccc(NCc3ccc(C(C)(C)C)cc3)cc2s1)C(=O)O,train,train,train,4,4,0.90163934,0.90163934,0.90163934
CCCCCCC(Sc1nc2ccc(NCc3ccccc3)cc2s1)C(=O)O,train,test,test,4,4,0.89830506,0.89830506,0.89830506
CCCCCCC(Sc1nc2ccc(NCc3ccc(Cl)cc3)cc2s1)C(=O)O,test,train,train,4,4,0.8548387,0.83870965,0.8548387
CCCCCCC(Sc1nc2ccc(NCc3ccc(C(F)(F)F)cc3)cc2s1)C(=O)O,train,train,train,4,4,0.90163934,0.90163934,0.90163934
CCCCCCC(Sc1nc2ccc(NCc3ccc(-c4ccccc4)cc3)cc2s1)C(=O)O,train,train,train,4,4,0.89830506,0.828125,0.828125
CCCCCCC(Sc1nc2ccc(NCc3cccc(Cl)c3)cc2s1)C(=O)O,test,train,train,4,4,0.83870965,0.828125,0.828125
CCCCCCC(Sc1nc2ccc(NCc3ccc(Cl)c(Cl)c3)cc2s1)C(=O)O,train,test,train,4,4,0.8064516,0.8548387,0.8548387
CCCCCCC(Sc1nc2ccc(NCc3cc(Cl)cc(Cl)c3)cc2s1)C(=O)O,test,test,test,4,4,0.82539684,0.86885244,0.86885244
CCCCCCC(Sc1nc2ccc(NCc3ccc4ccccc4c3)cc2s1)C(=O)O,train,train,train,4,4,0.852459,0.828125,0.828125
CCCCCCC(Sc1nc2ccc(NS(=O)(=O)c3ccc(C(C)(C)C)cc3)cc2s1)C(=O)O,train,train,train,4,4,0.83076924,0.8181818,0.74626863
CCCCCCC(Sc1nc2ccc(NS(=O)(=O)c3ccc(-c4ccccc4)cc3)cc2s1)C(=O)O,train,train,test,4,4,0.83076924,0.8181818,0.8181818
CCCCCCC(Sc1nc2ccc(NS(=O)(=O)c3ccc(Cl)cc3)cc2s1)C(=O)O,train,test,test,4,4,0.83076924,0.83076924,0.83076924
Cc1cc(C(=O)O)c2c(C(C)C)nn(-c3ccc(Cl)cc3)c2n1,train,train,train,4,4,0.8,0.7916667,0.7916667
CCc1cc(C(=O)O)c2c(C(C)C)nn(-c3ccc(Cl)cc3)c2n1,train,train,train,4,4,0.8,0.8,0.82
CCc1cc(C(=O)O)c2c(C(C)C)nn(-c3ccc(Br)cc3)c2n1,train,train,train,4,4,0.8,0.8,0.8
CC(C)c1nn(-c2ccc(Br)cc2)c2nc(C3CC3)cc(C(=O)O)c12,test,train,train,4,4,0.7037037,0.7037037,0.7037037
Cc1cc(C(=O)O)c2c(C(C)C)nn(-c3ccc(I)cc3)c2n1,test,test,train,4,4,0.7916667,0.7916667,0.7916667
CCc1cc(C(=O)O)c2c(C(C)C)nn(-c3ccc(I)cc3)c2n1,train,train,train,4,4,0.8,0.8,0.8
Cc1cc(C(=O)O)c2c(C(C)C)nn(-c3ccc(F)cc3)c2n1,train,train,test,4,4,0.7916667,0.7916667,0.7916667
CC(C)c1nn(-c2ccc(Cl)cc2)c2nc(-c3ccccc3)cc(C(=O)O)c12,train,train,train,4,4,0.7307692,0.7307692,0.7307692
CCC(C)c1nn(-c2ccc(Cl)cc2)c2nc(C)cc(C(=O)O)c12,train,test,test,4,4,0.8,0.8,0.8
CCC(C)c1nn(-c2ccc(Cl)cc2)c2nc(C3CC3)cc(C(=O)O)c12,train,train,train,4,4,0.75,0.66101694,0.66101694
CCC(CC)c1nn(-c2ccc(F)cc2)c2nc(C)cc(C(=O)O)c12,train,train,train,4,4,0.8039216,0.8039216,0.64285713
CCc1cc(C(=O)O)c2c(C(CC)CC)nn(-c3ccc(F)cc3)c2n1,train,train,test,4,4,0.8039216,0.8039216,0.8039216
CCc1cc(C(=O)O)c2c(C(CC)CC)nn(-c3ccc(Cl)cc3)c2n1,test,test,train,4,4,0.82,0.82,0.82
CCCCCCCc1cc(CCCCCC(=O)O)no1,train,train,test,2,2,0.296875,0.296875,0.3275862
Cc1cccc(Nc2cc(Cl)nc(SC(C)C(=O)O)n2)c1C,train,train,train,4,4,0.754717,0.754717,0.754717
Cc1cccc(Nc2cc(Cl)nc(SC(C)(C)C(=O)O)n2)c1C,train,train,train,0,0,0.6666667,0.6666667,0.6666667
CCC(Sc1nc(Cl)cc(Nc2cccc(C)c2C)n1)C(=O)O,train,train,train,4,4,0.8490566,0.8181818,0.8490566
Cc1cccc(Nc2cc(Cl)nc(SC(C(=O)O)c3ccccc3)n2)c1C,train,train,train,4,4,0.754717,0.754717,0.754717
Cc1cccc(Nc2ccnc(SCC(=O)O)n2)c1C,train,train,train,0,0,0.6481481,0.7,0.71428573
Cc1cccc(Nc2cc(Br)nc(SCC(=O)O)n2)c1C,test,train,test,4,4,0.7307692,0.7307692,0.80851066
Cc1cc(Nc2cccc(C)c2C)nc(SCC(=O)O)n1,test,test,train,4,4,0.74509805,0.80851066,0.74509805
Cc1cccc(Nc2cc(C(F)(F)F)nc(SCC(=O)O)n2)c1C,train,train,train,4,4,0.6481481,0.7307692,0.74509805
Cc1cccc(Nc2cc(Cl)nc(OCCC(=O)O)n2)c1C,train,train,train,4,4,0.64285713,0.64285713,0.64285713
Cc1cccc(Nc2cc(Cl)nc(SCCC(=O)O)n2)c1C,train,train,train,4,4,0.6785714,0.6785714,0.6785714
O=C(O)CSc1nc(Cl)cc(Nc2ccccc2)n1,test,test,train,4,4,0.94871795,0.94871795,0.94871795
Cc1ccccc1Nc1cc(Cl)nc(SCC(=O)O)n1,train,train,train,4,4,0.7,0.7,0.7173913
Cc1cccc(Nc2cc(Cl)nc(SCC(=O)O)n2)c1,train,train,test,4,4,0.7446808,0.7446808,0.7777778
O=C(O)CSc1nc(Cl)cc(Nc2cccc3c2CCC3)n1,train,train,train,4,4,0.9591837,0.754717,0.9591837
O=C(O)CSc1nc(Cl)cc(Nc2cccc3c2CCCC3)n1,train,test,train,4,4,0.9591837,0.9591837,0.9591837
Cc1c(Cl)ccc(Nc2cc(Cl)nc(SCC(=O)O)n2)c1C,train,train,test,4,4,0.7,0.7,0.8125
Cc1c(Br)ccc(Nc2cc(Cl)nc(SCC(=O)O)n2)c1C,test,test,train,4,4,0.8125,0.8125,0.6862745
O=C(O)CSc1nc(Cl)cc(Nc2ccc(Cl)c3c2CCC3)n1,train,train,train,4,4,0.754717,0.754717,0.754717
Cc1cccc(Oc2cc(Cl)nc(SCC(=O)O)n2)c1C,train,train,train,4,4,0.54545456,0.54545456,0.54545456
Cc1cccc(N(c2cc(Cl)nc(SCC(=O)O)n2)C(C)C)c1C,test,test,test,4,4,0.57894737,0.57894737,0.57894737
O=C(O)CCOc1nc(Nc2cccc3c2CCC3)cc(C(F)(F)F)n1,test,test,test,2,2,0.5,0.5,0.5
CC(NC(=O)C(F)(F)F)c1nc(-c2ccc(Oc3ccc(OCc4ccccc4)cc3)cc2)no1,test,test,train,0,0,0.779661,0.779661,0.779661
COC(=O)NC(C)c1nc(-c2ccc(Oc3ccc(OCc4ccccc4)cc3)cc2)no1,train,train,train,3,3,0.6666667,0.6666667,0.779661
CCC(NC(C)=O)c1nc(-c2ccc(Oc3ccc(OCc4ccccc4)cc3)cc2)no1,test,test,test,3,3,0.6885246,0.6885246,0.6885246
CC(C)(Oc1ccc(OCCc2ccc(/N=N/c3ccc(C#N)cc3)cc2)cc1)C(=O)O,train,train,train,0,0,1.0,1.0,1.0
CC(C)(Oc1ccc(OCCc2ccc(/N=N/c3ccc(C(F)(F)F)cc3)cc2)cc1)C(=O)O,train,train,train,0,0,0.7708333,0.78723407,1.0
CC(C)(Oc1ccc(OCCc2ccc(/N=N/c3ccc(Br)cc3)cc2)cc1)C(=O)O,train,train,train,0,0,1.0,1.0,0.8043478
CC(C)(Oc1ccc(OCCc2ccc(/N=N/c3ccc(Cl)cc3)cc2)cc1)C(=O)O,test,test,test,0,0,1.0,1.0,0.8043478
CC(C)(Oc1ccc(OCCc2ccc(/N=N/c3ccccc3)cc2)cc1)C(=O)O,test,train,test,0,0,0.88372093,0.84090906,0.88372093
COc1ccc(/N=N/c2ccc(OCCc3ccc(OC(C)(C)C(=O)O)cc3)cc2)cc1,train,train,train,0,0,0.8043478,0.84090906,0.8043478
CC(C)(Oc1ccc(CCOc2ccc(/N=N/c3ccc(C#N)cc3)cc2)cc1)C(=O)O,train,train,train,0,0,1.0,1.0,1.0
CC(C)(Oc1ccc(CCOc2ccc(/N=N/c3ccc(C(F)(F)F)cc3)cc2)cc1)C(=O)O,test,test,train,0,0,1.0,1.0,1.0
CC(C)(Oc1ccc(CCOc2ccc(/N=N/c3ccc(Br)cc3)cc2)cc1)C(=O)O,train,train,test,0,0,1.0,1.0,1.0
CC(C)(Oc1ccc(CCOc2ccc(/N=N/c3ccc(Cl)cc3)cc2)cc1)C(=O)O,train,train,test,0,0,0.8043478,0.82222223,0.8043478
