smiles,split_shipped,split_R0_from_D0,split_R2_from_D2,cluster_D0,cluster_D2,nn_ecfp4_sim_to_train_shipped,nn_ecfp4_sim_to_train_R0,nn_ecfp4_sim_to_train_R2
CN1C2CCC1CC(OC(c1ccc(F)cc1)c1ccc(F)cc1)C2,train,train,train,2,2,0.7222222,0.7222222,0.7222222
O=C(NCCCN1CCN(c2cccc(Cl)c2Cl)CC1)c1cccc2c1-c1ccccc1C2=O,test,test,test,1,1,0.962963,0.962963,0.962963
c1ccc(N2CCN(CCCn3c4ccccc4c4ccccc43)CC2)cc1,train,train,train,4,4,0.625,0.625,0.48979592
Oc1nc2c(N3CCN(Cc4ccccc4)CC3)cccc2[nH]1,train,train,test,4,4,0.6938776,0.6938776,0.6938776
O=C(NCCCN1CCN(c2ccccc2)CC1)c1cccc2c1-c1ccccc1C2=O,train,train,train,1,1,0.69491524,0.69491524,0.69491524
O=C(NCCCCN1CCN(c2cccc(Cl)c2Cl)CC1)c1ccc2c(c1)-c1ccccc1-2,train,train,test,1,1,0.8103448,0.8909091,0.8909091
O=C(NCCCN1CCN(c2cccc(Cl)c2Cl)CC1)c1cccc2c1Cc1ccccc1-2,train,train,train,1,1,0.7580645,0.7580645,0.7580645
O=C(NCCCCN1CCN(c2cccc(Cl)c2Cl)CC1)c1ccc2c(c1)-c1ccccc1C2,train,train,train,1,1,0.9298246,0.9298246,0.9298246
O=C1Cc2c(ccc(Cl)c2N2CCN(Cc3ccccc3)CC2)N1,train,train,test,4,4,0.68085104,0.68085104,0.68085104
Fc1ccc(C(OC2CC3CCC(C2)N3Cc2ccc(Cl)c(Cl)c2)c2ccc(F)cc2)cc1,test,test,train,4,4,0.62,0.62,0.62
COc1ccc(NS(=O)(=O)c2ccc(Br)cc2)cc1N1CCN(C)CC1,test,test,test,1,1,0.546875,0.546875,0.546875
O=C(NCCCCN1CCN(c2cccc(Cl)c2Cl)CC1)c1cccc2c1-c1ccccc1C2=O,train,train,train,1,1,0.73770493,0.73770493,0.9814815
COc1ccc(NS(=O)(=O)c2sc3ccc(Cl)cc3c2C)cc1N1CCN(C)CC1,train,train,train,1,1,0.71428573,0.71428573,0.71428573
CN1C2CCC1CC(OC(c1ccccc1)c1ccc(Cl)cc1)C2,train,train,train,4,4,0.8857143,0.8857143,0.8857143
O=C(NCCCN1CCN(c2ccccc2)CC1)c1ccc2c(c1)Cc1ccccc1-2,train,train,train,1,1,0.71666664,0.71666664,0.71666664
O=C(NCCCN1CCN(c2cccc(Cl)c2Cl)CC1)c1ccc2c(c1)Cc1ccccc1-2,train,train,train,1,1,0.96428573,0.96428573,0.96428573
O=C1Cc2c(cccc2N2CCN(Cc3ccccc3)CC2)N1,train,train,train,4,4,0.68085104,0.68085104,0.5217391
OC1CCc2c(c3ccccc3n2CCCN2CCN(c3ccccc3)CC2)C1,train,train,test,4,4,0.625,0.625,0.625
CN1[C@H]2CC[C@@H]1C[C@H](OC(c1ccc(Cl)cc1)c1ccc(Cl)cc1)C2,train,train,train,4,4,0.8857143,0.8857143,0.8857143
c1ccc(CN2CCN(c3cccc4[nH]cnc34)CC2)cc1,train,train,test,4,4,0.625,0.625,0.6086956
Fc1ccc(C(OCCN2C3CCC2CC(OC(c2ccc(F)cc2)c2ccc(F)cc2)C3)c2ccc(F)cc2)cc1,train,train,train,4,4,0.72727275,0.72727275,0.7
O=C(NCCCCN1CCN(c2cccc(Cl)c2Cl)CC1)C1c2ccccc2-c2ccccc21,train,train,train,1,1,0.96,0.96,0.96
O=C1c2ccccc2C(=O)N1CCCCCN1CCN(c2cccc(Cl)c2Cl)CC1,train,train,train,1,1,0.9756098,0.9756098,0.9756098
Fc1ccc(C(OCCOC2CC3CCC(C2)N3)c2ccc(F)cc2)cc1,test,test,test,2,2,0.5,0.5,0.5
O=C1c2ccccc2C(=O)N1CCCCN1CCN(c2cccc(Cl)c2Cl)CC1,train,train,train,1,1,0.9756098,0.9756098,0.9756098
O=C(NCCCN1CCN(c2ccccc2)CC1)C1c2ccccc2-c2ccccc21,train,train,train,1,1,0.6851852,0.6851852,0.6851852
Oc1cccc(N2CCN(Cc3ccccc3)CC2)c1,train,train,train,4,4,0.5116279,0.5116279,0.52272725
c1ccc(CN2CCN(c3cccc4[nH]ccc34)CC2)cc1,train,train,train,4,4,0.64444447,0.64444447,0.64444447
CN1C2CCC1CC(OC1c3ccccc3Cc3ccccc31)C2,train,train,train,2,2,0.47619048,0.47619048,0.47619048
CCN(CC)CCOCCOC1(c2ccccc2)CCCC1,train,train,train,2,2,0.36,0.36,0.36
Fc1ccc(C(O[C@@H]2C[C@@H]3CC[C@H](C2)N3CCCCc2ccccc2)c2ccc(F)cc2)cc1,train,train,train,4,4,0.6938776,0.6938776,0.6545454
C=CCN1C2CCC1CC(OC(c1ccc(F)cc1)c1ccc(F)cc1)C2,train,train,test,2,2,0.6818182,0.6818182,0.6818182
O=C(NCCCN1CCN(c2cccc(Cl)c2Cl)CC1)C1c2ccccc2-c2ccccc21,train,train,train,1,1,0.96,0.96,0.96
Brc1ccc(N2CCN(Cc3ccccc3)CC2)c2cc[nH]c12,train,train,train,4,4,0.6304348,0.6304348,0.6304348
FC(F)(F)c1nc2c(N3CCN(Cc4ccccc4)CC3)cccc2[nH]1,train,train,train,4,4,0.6938776,0.6938776,0.5192308
Clc1cccc(C(OC2CC3CCC(C2)N3CCCc2ccccc2)c2ccccc2)c1,train,train,train,4,4,0.6545454,0.6545454,0.6545454
O=C(NCCCCCN1CCN(c2cccc(Cl)c2Cl)CC1)c1cccc2c1-c1ccccc1C2=O,test,test,train,1,1,0.9814815,0.9814815,0.9814815
Clc1ccc2[nH]ccc2c1N1CCN(Cc2ccccc2)CC1,train,train,train,4,4,0.64444447,0.64444447,0.64444447
O=C(NCCCN1CCN(c2ccccc2)CC1)c1cccc2c1Cc1ccccc1-2,train,train,test,1,1,0.7288136,0.7288136,0.7288136
Fc1ccc(C(OC2CC3CCC(C2)N3Cc2cccc3ccccc23)c2ccc(F)cc2)cc1,train,train,test,4,4,0.6792453,0.6792453,0.62
Fc1ccc(C(OC2CC3CCC(C2)N3Cc2cc3ccccc3[nH]2)c2ccc(F)cc2)cc1,train,train,test,4,4,0.6792453,0.6792453,0.60784316
Fc1ccc(C(OC2CC3CCC(C2)N3Cc2ccccc2)c2ccc(F)cc2)cc1,test,test,test,4,4,0.7291667,0.7291667,0.7291667
CCCN1CCC[C@@H](c2cccc(OS(=O)(=O)c3ccc(C)cc3)c2)C1,train,train,train,2,2,0.7358491,0.7358491,0.7358491
CCCN1CCC[C@@H](c2cccc(S(C)(=O)=O)c2)C1,train,train,train,2,2,0.6938776,0.6938776,0.6938776
COc1ccccc1N1CCN(CNC(=O)c2ccc(Cl)cc2)CC1,train,train,test,1,1,0.82608694,0.82608694,0.82608694
N#Cc1cccc([C@@H]2CCCN(CC3CC3)C2)c1,train,train,train,4,4,0.74418604,0.74418604,0.74418604
O=C(NCN1CCN(c2ccccc2Cl)CC1)c1ccccc1,train,train,train,1,1,0.85,0.85,0.85
CCCN1CCC[C@@H](c2cccc(Br)c2)C1,train,train,train,2,2,0.73170733,0.73170733,0.73170733
CCCN1CCC[C@@H](c2cccc(CC#N)c2)C1,train,train,train,2,2,0.7173913,0.7173913,0.7173913
CCN1CCC[C@@H](c2cccc(C#N)c2)C1,train,train,train,2,2,0.74418604,0.74418604,0.74418604
O=S(=O)(Oc1cccc([C@@H]2CCCN(CCc3ccccc3)C2)c1)C(F)(F)F,train,train,train,2,2,0.7735849,0.7735849,0.7735849
CCc1sccc1N1CCC[C@@H](c2cccc(C#N)c2)C1,train,train,train,2,2,0.61538464,0.61538464,0.61538464
Cc1ccc(C(=O)NCN2CCN(c3ccccc3C#N)CC2)cc1,train,train,train,1,1,0.78723407,0.78723407,0.78723407
N#Cc1ccccc1N1CCN(CNC(=O)c2ccc(Cl)cc2)CC1,train,train,train,1,1,0.78723407,0.78723407,0.78723407
CCCN1CCC[C@@H](c2ccccc2)C1,train,train,train,2,2,0.7105263,0.7105263,0.7105263
CCCc1cccc([C@@H]2CCCN(CCC)C2)c1,test,test,test,2,2,0.78571427,0.78571427,0.78571427
CCCN1CCC[C@@H](c2cccc(SC)c2)C1,train,train,train,2,2,0.71428573,0.71428573,0.71428573
CCCN1CCC[C@@H](c2cccc(S(=O)(=O)N(C)C)c2)C1,test,test,test,2,2,0.7659575,0.7659575,0.7659575
Cc1cccc(C(=O)NCN2CCN(c3ccccc3Cl)CC2)c1,test,test,train,1,1,0.78723407,0.78723407,0.78723407
CC(C)N1CCC[C@@H](c2cccc(C#N)c2)C1,train,train,train,2,2,0.7777778,0.7777778,0.7777778
C1=C(c2ccccc2)CCN(C[C@@H]2CCC=C(c3ccccc3)C2)C1,train,train,train,4,4,0.85714287,0.85714287,0.85714287
CCCN1CCC[C@@H](c2cccc(-c3ccsc3)c2)C1,train,train,train,2,2,0.6458333,0.6458333,0.625
CCCN1CCC[C@@H](c2ccc(OS(=O)(=O)C(F)(F)F)cc2)C1,train,train,train,2,2,0.76,0.76,0.76
CCCN1CCC2c3cccc(OS(=O)(=O)C(F)(F)F)c3CCC21,train,train,train,2,2,0.57377046,0.57377046,0.5833333
N#Cc1cccc([C@@H]2CCCN(CCCc3ccccc3)C2)c1,train,train,train,4,4,0.8695652,0.8695652,0.8695652
Oc1ccc(C2=CCN(C[C@@H]3CCC=C(c4ccc(O)cc4)C3)CC2)cc1,train,train,train,2,2,0.9047619,0.9047619,0.9047619
CCCN1CCC[C@@H](c2cccc(C)c2)C1,train,train,train,2,2,0.73170733,0.73170733,0.73170733
CCCN1CCC[C@@H](c2cccc(CO)c2)C1,train,train,train,2,2,0.7209302,0.7209302,0.7173913
N#Cc1cccc([C@@H]2CCCNC2)c1,train,train,test,2,2,0.5681818,0.5681818,0.5714286
Cc1ccc(C(=O)NCN2CCN(c3ccccc3Cl)CC2)cc1,test,test,train,1,1,0.81395346,0.81395346,0.81395346
C=CCN1CCC[C@@H](c2cccc(C#N)c2)C1,train,train,train,4,4,0.7111111,0.7111111,0.7111111
CCCN1CCC[C@@H](c2ccc(OS(=O)(=O)C(F)(F)F)c(OS(=O)(=O)C(F)(F)F)c2)C1,test,test,test,2,2,0.7755102,0.7755102,0.7755102
CN1CCC[C@@H](c2cccc(C#N)c2)C1,test,test,train,2,2,0.71428573,0.71428573,0.71428573
COc1ccccc1N1CCN(CNC(=O)c2ccc(C)cc2)CC1,test,test,test,1,1,0.84444445,0.84444445,0.84444445
CCCN1CCC[C@@H](c2cccc(OS(C)(=O)=O)c2)C1,train,train,train,2,2,0.78,0.78,0.78
N#Cc1cccc([C@@H]2CCCN(CCc3ccccc3)C2)c1,train,train,train,4,4,0.8695652,0.8695652,0.8695652
CCCN1CCC[C@@H](c2cccc(OS(=O)(=O)C(F)(F)F)c2)C1,train,train,train,2,2,0.78,0.78,0.78
CCCN1CCC[C@@H](c2cccc(OCC(F)(F)F)c2)C1,train,train,train,2,2,0.6981132,0.6981132,0.6981132
Oc1ccc(C2=CCN(C[C@@H]3CCC=C(c4ccccc4)C3)CC2)cc1,train,train,train,4,4,1.0,1.0,0.9047619
COc1ccccc1N1CCN(CNC(=O)c2cccc(C)c2)CC1,train,train,test,1,1,0.7916667,0.7916667,0.7916667
N#Cc1ccccc1N1CCN(CNC(=O)c2cccc(Cl)c2)CC1,train,train,train,1,1,0.7916667,0.7916667,0.7916667
O=C(NCN1CCN(c2ccccc2Cl)CC1)c1ccc(Cl)cc1,train,train,train,1,1,0.85,0.85,0.85
CCCN1CCC[C@@H](c2cccc(C(C)=O)c2)C1,train,train,train,2,2,0.6888889,0.6888889,0.6666667
CCCN1CCC[C@@H](c2ccccc2OS(=O)(=O)C(F)(F)F)C1,train,train,test,2,2,0.6730769,0.6730769,0.6730769
CCC(C)N1CCC[C@@H](c2cccc(C#N)c2)C1,train,train,train,2,2,0.7777778,0.7777778,0.7777778
COc1ccccc1N1CCN(CNC(=O)c2cccc(Cl)c2)CC1,train,train,train,1,1,0.78846157,0.78846157,0.7755102
O=C(NCN1CCN(c2ccccc2Cl)CC1)c1cccc(Cl)c1,train,train,train,1,1,0.7916667,0.7916667,0.7916667
C#Cc1cccc([C@@H]2CCCN(CCC)C2)c1,train,train,train,2,2,0.6818182,0.6818182,0.6818182
Oc1ccc(C2=CCC[C@@H](CN3CC=C(c4ccccc4)CC3)C2)cc1,train,train,test,4,4,1.0,1.0,1.0
CCCN1CCC[C@@H](c2cccc(C=O)c2)C1,train,train,train,2,2,0.6818182,0.6818182,0.6818182
COc1ccccc1N1CCN(CNC(=O)c2ccccc2)CC1,train,train,train,1,1,0.82608694,0.82608694,0.7755102
Clc1ccc(N2CCN(Cc3cccn4nccc34)CC2)cc1,train,train,train,4,4,0.60784316,0.60784316,0.627451
Clc1ccc(N2CCN(Cc3cccc4ccnn34)CC2)cc1,train,train,test,4,4,0.59183675,0.59183675,0.59183675
Clc1ccc(N2CCN(Cc3ccc4ccnn4c3)CC2)cc1,train,train,train,4,4,0.59183675,0.59183675,0.56
CN[C@@H]1Cc2cccc3ncn(c23)C1,train,train,train,2,2,0.63414633,0.63414633,0.3529412
CCCN1C[C@H](CSC)C[C@@H]2c3cccc4[nH]cc(c34)C[C@H]21,train,train,train,2,2,0.369863,0.369863,0.369863
CCOC(=O)c1cnn2cccc(CN3CCN(c4ccc(Cl)cc4)CC3)c12,test,test,test,4,4,0.62711865,0.62711865,0.6440678
CN(C)[C@@H]1Cc2cccc3ncn(c23)C1,train,train,test,2,2,0.63414633,0.63414633,0.63414633
CN(C)[C@@H]1Cc2cccc3nc(O)n(c23)C1,train,train,train,2,2,0.7111111,0.7111111,0.7111111
OCc1cnn2cccc(CN3CCN(c4ccc(Cl)cc4)CC3)c12,test,test,train,4,4,0.7058824,0.7058824,0.7058824
CCCN[C@@H]1Cc2cccc3nc(O)n(c23)C1,train,train,test,2,2,0.60784316,0.60784316,0.60784316
CCCN1CCCC(c2cccc(O)c2)C1,train,train,test,2,2,0.73170733,0.73170733,0.84210527
CCCN(CCC)[C@@H]1CCc2c(OC)cccc2[C@@H]1C,train,train,train,2,2,0.6666667,0.6666667,0.6666667
CCCN[C@@H]1CCc2c(OC)cccc2[C@@H]1C,train,train,train,2,2,0.5833333,0.5833333,0.68
Cc1ccc(OCCCNCCOc2ccc(Cl)cc2)cc1,train,train,train,2,2,0.82758623,0.82758623,0.82758623
Cc1ccc(OCCNCCCOc2ccccc2)cc1Cl,train,train,train,2,2,0.7567568,0.7567568,0.7567568
COc1ccc(N2CCN(CCNC(=O)c3cc(Br)c4ccccc4c3OC)CC2)cc1,train,train,train,1,1,0.8703704,0.8703704,0.8703704
COc1ccc(OCCNCCCOc2ccccc2)cc1,train,train,train,2,2,0.78571427,0.78571427,0.78571427
COc1c(C(=O)NCCN2CCN(c3ccccc3)CC2)cc(Cl)c2ccccc12,train,train,test,1,1,0.7818182,0.7818182,0.7818182
CCOc1c(C(=O)NCCN2CCN(c3ccccc3)CC2)cc(Br)c2ccccc12,train,train,test,1,1,0.8181818,0.8181818,0.8181818
COc1c(C(=O)NCCN2CCN(c3ccccc3)CC2)cc(C#N)c2ccccc12,train,train,train,1,1,0.7413793,0.7413793,0.7413793
COc1c(C(=O)NCCN2CCN(c3cccc(Cl)c3)CC2)cc(Br)c2ccccc12,train,train,train,1,1,0.8448276,0.8448276,0.8448276
c1ccc(CCCNCCCOc2ccccc2)cc1,test,test,test,2,2,0.7878788,0.7878788,0.7878788
COc1c(C(=O)NCCN2CCN(c3ccccc3)CC2)ccc2ccccc12,train,train,train,1,1,0.73214287,0.73214287,0.73214287
Cc1ccc(OCCNCCCOc2ccccc2)cc1,test,test,train,2,2,1.0,1.0,1.0
COc1c(C(=O)NCCN2CCN(c3ccccc3)CC2)cc(Br)c2ccccc12,train,train,train,1,1,0.8703704,0.8703704,0.8703704
Fc1ccc(OCCCNCCOc2ccc(Cl)cc2)cc1,train,train,train,4,4,0.7058824,0.7058824,0.72727275
Cc1ccc(OCCNCCCOc2ccc(Br)cc2)cc1,train,train,test,2,2,0.82758623,0.82758623,0.82758623
Cc1ccc(OCCNCCCOc2ccc(F)cc2)cc1,test,test,train,2,2,0.82758623,0.82758623,0.82758623
Clc1ccc(OCCNCCCOc2ccccc2)cc1,test,test,train,4,4,0.78571427,0.78571427,0.78571427
Cc1ccc(OCCCNCCOc2ccccc2)cc1,train,train,train,2,2,0.85714287,0.85714287,1.0
COc1c(C(=O)NCCN2CCN(c3ccc(Cl)cc3)CC2)cc(Br)c2ccccc12,test,test,train,1,1,0.8545455,0.8545455,0.8545455
COc1c(C(=O)NCCN2CCN(c3ccccc3C)CC2)cc(Br)c2ccccc12,train,train,test,1,1,0.8245614,0.8245614,0.8245614
COc1c(C(=O)NCCN2CCN(c3ccc(C)cc3)CC2)cc(Br)c2ccccc12,train,train,train,1,1,0.8703704,0.8703704,0.8703704
COc1ccccc1N1CCN(CCNC(=O)c2cc(Br)c3ccccc3c2OC)CC1,test,test,test,1,1,0.86206895,0.86206895,0.8245614
Cc1ccc(OCCCNCCOc2ccc(C)cc2)cc1,train,train,train,2,2,0.85714287,0.85714287,0.85714287
Cc1ccc(OCCNCCCOc2ccccc2)cc1C,train,train,train,2,2,0.7567568,0.7567568,0.7567568
COc1c(C(=O)NCCN2CCN(c3cccc(C)c3C)CC2)cc(Br)c2ccccc12,test,test,test,1,1,0.877193,0.877193,0.8360656
Cc1ccc(OCCNCCCOc2ccccc2C)cc1,train,train,train,2,2,0.74285716,0.74285716,0.74285716
O=[N+]([O-])c1ccc(OCCNCCCOc2ccccc2)cc1,train,train,train,2,2,0.6666667,0.6666667,0.6666667
COc1c(C(=O)NCCN2CCN(c3cccc([N+](=O)[O-])c3)CC2)cc(Br)c2ccccc12,train,train,train,1,1,0.8548387,0.8548387,0.8548387
Cc1ccc(OCCNCCCOc2cccc(C)c2)cc1,train,train,test,2,2,0.7647059,0.7647059,0.7647059
COc1cccc(N2CCN(CCNC(=O)c3cc(Br)c4ccccc4c3OC)CC2)c1,train,train,train,1,1,0.8545455,0.8545455,0.8545455
COc1c(C(=O)NCCN2CCN(c3ccccc3[N+](=O)[O-])CC2)cc(Br)c2ccccc12,train,train,train,1,1,0.7580645,0.7580645,0.7580645
COc1c(C(=O)NCCN2CCN(c3ccc([N+](=O)[O-])cc3)CC2)cc(Br)c2ccccc12,train,train,train,1,1,0.8548387,0.8548387,0.8548387
Oc1ccc(OCCNCCCOc2ccccc2)cc1,test,test,train,2,2,0.78571427,0.78571427,0.78571427
Cc1ccc(CCCNCCCOc2ccccc2)cc1,train,train,train,2,2,0.7647059,0.7647059,0.7647059
Clc1ccccc1OCCNCCCOc1ccccc1,test,test,test,4,4,0.7096774,0.7096774,0.7096774
Clc1ccc(OCCNCCCSc2ccccc2)cc1,train,train,train,4,4,0.6,0.6,0.75
COc1c(C(=O)NCCN2CCN(c3cccc(Cl)c3Cl)CC2)cc(Br)c2ccccc12,train,train,test,1,1,0.8947368,0.8947368,0.8947368
c1ccc(OCCCNCCOc2ccccc2)cc1,train,train,train,2,2,0.78571427,0.78571427,0.78571427
COc1c(C(=O)NCCN2CCN(c3ccccc3Cl)CC2)cc(Br)c2ccccc12,train,train,train,1,1,0.8947368,0.8947368,0.87931037
Cc1ccc(OCCNCCCSc2ccccc2)cc1,test,test,train,2,2,0.75,0.75,0.75
COc1ccc(NS(=O)(=O)c2sc3ccc(Cl)cc3c2C)cc1N1CCN2CCCCC2C1,train,train,train,2,2,0.71428573,0.71428573,0.71428573
N#Cc1ccc2c(c1)CN(CC[C@H]1CC[C@H](NC(=O)c3cc4ccccc4[nH]3)CC1)C2,train,train,train,0,0,0.8730159,0.8730159,0.828125
N#Cc1ccc2cc(CN3CCN(c4ccc(Cl)c(Cl)c4)CC3)[nH]c2c1,train,train,train,4,4,0.84,0.84,0.84
O=C(NCCCCN1CC[C@H]2c3ccc(O)cc3CC[C@@H]21)c1ccc(-c2ccccc2)cc1,train,train,test,2,2,0.89830506,0.89830506,0.89830506
Nc1ccc(C#CCCN2CC=C(c3ccccc3)CC2)cc1,train,train,train,4,4,0.7659575,0.7659575,0.7659575
N#Cc1ccc2cc(CN3CCN(c4ccccc4Cl)CC3)[nH]c2c1,train,train,train,4,4,0.8367347,0.8367347,0.7169811
N#Cc1ccc2[nH]cc(CN3CCN(c4ccc(Cl)c(Cl)c4)CC3)c2c1,train,train,train,4,4,0.8039216,0.8039216,0.7307692
N#Cc1ccc2[nH]cc(CN3CCN(c4ccccc4Cl)CC3)c2c1,train,train,test,4,4,0.74509805,0.74509805,0.74509805
N#Cc1ccc2[nH]cc(CN3CCN(c4ccc(F)cc4)CC3)c2c1,train,train,test,4,4,0.81632656,0.81632656,0.8125
COc1cccc2c1CC[C@H]1[C@H]2CCN1CCCCNC(=O)c1ccc(-c2ccccc2)cc1,train,train,train,1,1,0.78688526,0.78688526,0.8153846
COc1ccc2c(c1)CN(CC[C@H]1CC[C@H](NC(=O)/C=C/c3ccc(F)cc3)CC1)C2,test,test,test,0,0,0.828125,0.828125,0.828125
N#Cc1ccc2c(c1)CCN(CC[C@H]1CC[C@H](NC(=O)c3ccnc4ccccc34)CC1)C2,train,train,train,0,0,0.9230769,0.9230769,0.9230769
CS(=O)(=O)Oc1cccc2c1CC[C@H]1[C@H]2CCN1CCCCNC(=O)c1ccc(-c2ccccc2)cc1,test,test,train,2,2,0.8153846,0.8153846,0.8153846
COc1cccc(/C=C/C(=O)N[C@H]2CC[C@H](CCN3Cc4ccc(C#N)cc4C3)CC2)c1,train,train,train,0,0,0.82857144,0.82857144,0.71428573
Oc1ccc2[nH]cc(CCCCN3CC=C(c4ccccc4)CC3)c2c1,train,train,train,4,4,0.5,0.5,0.516129
N#Cc1ccc2[nH]cc(CN3CCN(c4ccccc4)CC3)c2c1,train,train,train,4,4,0.8125,0.8125,0.7307692
Nc1cccc(C#CCCN2CC=C(c3ccccc3)CC2)c1,train,train,train,4,4,0.7659575,0.7659575,0.7659575
CS(=O)(=O)Oc1ccc2c(c1)CC[C@H]1[C@H]2CCN1CCCCNC(=O)c1ccc(-c2ccccc2)cc1,test,test,train,2,2,0.90909094,0.90909094,0.90909094
N#Cc1ccc2[nH]cc(CN3CCN(c4ccc(Cl)cc4)CC3)c2c1,train,train,test,4,4,0.81632656,0.81632656,0.8039216
N#Cc1ccc2[nH]c(CN3CCN(c4ccc(F)cc4)CC3)cc2c1,train,train,train,4,4,0.80851066,0.80851066,0.8125
O=C(NCCCCN1CCC[C@H]2c3ccc(O)cc3CC[C@@H]21)c1ccc(-c2ccccc2)cc1,train,train,train,2,2,0.89830506,0.89830506,0.7536232
N#Cc1ccc2[nH]c(CN3CCN(c4ccccc4Cl)CC3)cc2c1,train,train,test,4,4,0.8367347,0.8367347,0.8367347
O=C(/C=C/c1ccc(F)cc1)N[C@H]1CC[C@H](CCN2Cc3ccc(C(F)(F)F)cc3C2)CC1,train,train,train,0,0,0.78688526,0.78688526,0.78688526
Nc1ccc(C#CCCN2CC=C(c3ccccc3)CC2)cn1,test,test,test,4,4,0.7346939,0.7346939,0.7346939
N#Cc1ccc2cc(CN3CCN(c4ccccc4)CC3)[nH]c2c1,train,train,test,4,4,0.82608694,0.82608694,0.82608694
N#Cc1ccc2[nH]c(CN3CCN(c4ccc(Cl)c(Cl)c4)CC3)cc2c1,train,train,train,4,4,0.84,0.84,0.84
N#Cc1ccc2[nH]c(CN3CCN(c4ccccc4)CC3)cc2c1,train,train,train,4,4,0.82608694,0.82608694,0.80851066
N#Cc1ccc2c(c1)CN(CC[C@H]1CC[C@H](NC(=O)/C=C/c3ccc(F)cc3)CC1)C2,train,train,train,0,0,0.8125,0.8125,0.8125
C(#Cc1cccnc1)CCN1CC=C(c2ccccc2)CC1,train,train,train,4,4,0.7659575,0.7659575,0.66
C(#Cc1ccncc1)CCN1CC=C(c2ccccc2)CC1,train,train,test,4,4,0.7659575,0.7659575,0.7659575
O=C(NCCCCN1CC[C@H]2c3cccc(O)c3CC[C@@H]21)c1ccc(-c2ccccc2)cc1,train,train,train,1,1,0.78688526,0.78688526,0.78688526
N#Cc1ccc2[nH]c(CN3CCN(c4ccc(Cl)cc4)CC3)cc2c1,test,test,train,4,4,0.8125,0.8125,0.8125
CS(=O)(=O)Oc1ccc2c(c1)CC[C@H]1[C@H]2CCCN1CCCCNC(=O)c1ccc(-c2ccccc2)cc1,train,train,train,2,2,0.7536232,0.7536232,0.90909094
Nc1ccc(C#CCCN2CC=C(c3ccccc3)CC2)nc1,test,test,train,4,4,0.71428573,0.71428573,0.71428573
N#Cc1ccc2c(c1)CN(CC[C@H]1CC[C@H](NC(=O)c3ccnc4ccccc34)CC1)C2,train,train,train,0,0,0.8769231,0.8769231,0.8769231
CS(=O)(=O)Oc1ccc2c(c1)CN(CC[C@H]1CC[C@H](NC(=O)/C=C/c3ccc(F)cc3)CC1)C2,train,train,train,0,0,0.72727275,0.72727275,0.72727275
O=C(/C=C/c1ccc(F)cc1)N[C@H]1CC[C@H](CCN2Cc3ccc(Br)cc3C2)CC1,train,train,train,0,0,0.78688526,0.78688526,0.78688526
c1ccc(CNCCOc2cccc3[nH]cnc23)cc1,train,train,train,2,2,0.65957445,0.65957445,0.6458333
FC(F)(F)c1nc2c(OCCNCc3ccccc3)cc(Cl)cc2[nH]1,train,train,train,4,4,0.7358491,0.7358491,0.7358491
c1ccc(CNCCOc2cccc3[nH]ncc23)cc1,train,train,test,4,4,0.6041667,0.6041667,0.6041667
C#CCN(CCCCN1CCN(c2ccccc2)CC1)C1CCc2ccc(O)cc2C1,train,train,train,1,1,0.78125,0.78125,0.877193
CCCN(CCC)[C@@H]1CCc2c(ccc(CCc3ccc(C(F)(F)F)cc3)c2OC)C1,train,train,test,2,2,0.7818182,0.7818182,0.7777778
CCCN(CCC)C1CCc2cc(CN(C(N)=O)c3ccc(OC)cc3)ccc2C1,train,train,train,2,2,0.82758623,0.82758623,0.82758623
O=C(NCCN(CCCN1CCN(c2ccccc2)CC1)C1CCc2ccc(O)cc2C1)c1ccccc1,test,test,test,1,1,0.9206349,0.9206349,0.9206349
Oc1nc2c(OCCNCc3ccccc3)cccc2[nH]1,test,test,train,2,2,0.76086956,0.76086956,0.7446808
CCCN(CCC)C1CCc2cc(CSc3ccc(OC)cc3)ccc2C1,train,train,train,2,2,0.7083333,0.7083333,0.76
CCCN(CCC)[C@@H]1CCc2c(ccc(C(O)Cc3ccc(Cl)c(Cl)c3)c2OC)C1,test,test,train,2,2,0.7457627,0.7457627,0.7627119
c1ccc(CNCCOc2cccc3[nH]ccc23)cc1,test,test,test,2,2,0.65217394,0.65217394,0.6304348
CCCN(CCC)[C@@H]1CCc2c(ccc(CCc3ccc(NS(C)(=O)=O)cc3)c2OC)C1,train,train,train,2,2,0.7288136,0.7288136,0.7241379
CCCN(CCC)C1CCc2cc(CN(C(C)=O)c3ccc(OC)cc3)ccc2C1,test,test,test,2,2,0.84210527,0.84210527,0.84210527
C#CCN(CCN1CCN(c2ccccc2)CC1)C1CCc2ccc(O)cc2C1,test,test,train,4,4,0.877193,0.877193,0.877193
FC(F)(F)c1nc2c(OCCNCc3ccccc3)cccc2[nH]1,train,train,train,2,2,0.7358491,0.7358491,0.7358491
CCCN(CCC)[C@@H]1CCc2c(ccc(C(O)Cc3ccc(OC)cc3)c2OC)C1,test,test,train,2,2,0.8333333,0.8333333,0.7627119
CCCN(CCC)[C@@H]1CCc2cc(CS(=O)(=O)c3ccc(I)cc3)ccc2C1,test,test,train,2,2,0.6545454,0.6545454,0.6545454
CCCN(CCC)[C@@H]1CCc2c(ccc(C(O)Cc3ccc(Cl)cc3)c2OC)[C@@H]1C,train,train,train,2,2,0.5538462,0.5538462,0.54545456
CCCN(CCC)C1CCc2cc(CCc3ccc(C(=O)OCC)cc3)ccc2C1,test,test,train,2,2,0.78846157,0.78846157,0.78846157
CCCN(CCC)C1CCc2cc(CCc3ccc(C(N)=O)cc3)ccc2C1,train,train,train,2,2,0.81632656,0.81632656,0.81632656
O=C1NC(CCN2CCN(c3ccccc3)CC2)c2ccccc21,train,train,train,4,4,0.7346939,0.7346939,0.7346939
CCCN(CCC)[C@@H]1CCc2c(ccc(C(O)Cc3ccccc3)c2OC)C1,train,train,test,2,2,0.6666667,0.6666667,0.8333333
Sc1nc2c(OCCNCc3ccccc3)cccc2[nH]1,train,train,test,2,2,0.76086956,0.76086956,0.76086956
Sc1nc2c(OCCNCc3ccccc3)cc(Cl)cc2[nH]1,train,train,train,4,4,0.7647059,0.7647059,0.7647059
CCCN(CCC)C1CCc2cc(CCc3ccc(C(=O)O)cc3)ccc2C1,train,train,train,2,2,0.81632656,0.81632656,0.81632656
N#CCCCN(CCCN1CCN(c2ccccc2)CC1)C1CCc2ccc(O)cc2C1,train,train,train,2,2,0.78333336,0.78333336,0.78333336
CCCN(CCC)C1CCc2cc(CCc3ccc(OC)cc3)ccc2C1,test,test,train,2,2,0.77272725,0.77272725,0.77272725
CCCN(CCC)C1CCc2cc(CCc3ccc(O)cc3)ccc2C1,train,train,train,2,2,0.79545456,0.79545456,0.79545456
Cc1ccc(N2CCN(CCC3NC(=O)c4ccccc43)CC2)cc1C,train,train,train,4,4,0.7346939,0.7346939,0.7346939
CCCN(CCCCN1CCN(c2ccccc2)CC1)C1CCc2ccc(O)cc2C1,train,train,train,2,2,0.9444444,0.9444444,0.9444444
O=C(NCCCCN(CCCN1CCN(c2ccccc2)CC1)C1CCc2ccc(O)cc2C1)c1ccccc1,train,train,train,1,1,0.72727275,0.72727275,0.72727275
C#CCN(CCCCN1CCN(c2cccc(Cl)c2Cl)CC1)C1CCc2ccc(O)cc2C1,train,train,train,1,1,0.8,0.8,0.8
Oc1nc2c(OCCNCc3ccccc3)cc(Cl)cc2[nH]1,train,train,train,4,4,0.7647059,0.7647059,0.7647059
Cc1nc2c(OCCNCc3ccccc3)cccc2[nH]1,train,train,train,2,2,0.76086956,0.76086956,0.7446808
Oc1cccc(OCCNCc2ccccc2)c1,train,train,train,2,2,0.5897436,0.5897436,0.5869565
CCCN(CCC)C1CCc2cc(CCc3ccc(S(C)(=O)=O)cc3)ccc2C1,train,train,train,2,2,0.7291667,0.7291667,0.7291667
CCCN(CCN1CCN(c2cccc(Cl)c2Cl)CC1)C1CCc2ccc(O)cc2C1,train,train,train,2,2,0.89830506,0.89830506,0.89830506
CCCN(CCC)[C@@H]1CCc2c(ccc(CCc3ccc(Cl)cc3)c2OC)C1,train,train,test,2,2,0.8076923,0.8076923,0.8076923
CCCN(CCC)[C@@H]1CCc2c(ccc(CCc3ccccc3)c2OC)C1,train,train,train,2,2,0.8076923,0.8076923,0.7241379
CCCN(CCC)C1CCc2cc(CCc3ccccc3)ccc2C1,train,train,train,2,2,0.79545456,0.79545456,0.79545456
CCCN(CCCCN1CCN(c2cccc(Cl)c2Cl)CC1)C1CCc2ccc(O)cc2C1,train,train,train,2,2,0.89830506,0.89830506,0.89830506
O=C1Cc2c(cccc2OCCNCc2ccccc2)N1,train,train,train,2,2,0.5217391,0.5217391,0.49056605
CCCN(CCC)C1CCc2cc(CN(C(=O)OC)c3ccc(OC)cc3)ccc2C1,train,train,train,2,2,0.82758623,0.82758623,0.82758623
O=c1cc(-c2ccc(O)c(-c3c(O)cc(O)c4c(=O)cc(-c5ccc(O)cc5)oc34)c2)oc2cc(O)cc(O)c12,train,train,test,2,2,0.19642857,0.19642857,0.19642857
C#Cc1cccn1C1CCN(Cc2ccccc2)CC1,train,train,train,4,4,0.70731705,0.70731705,0.6666667
COc1ccc(Br)cc1-c1nc(CNC[C@@H]2CCN(Cc3ccccc3)C2)c[nH]1,train,train,train,2,2,0.55128205,0.55128205,0.55128205
c1ccc(CN2CCC(n3ccc(-c4cnco4)c3)CC2)cc1,train,train,train,4,4,0.65384614,0.65384614,0.65384614
Clc1cccc(N2CCN(CCCOc3ccc(-c4nc5ccccc5[nH]4)cc3)CC2)c1,train,train,train,4,4,0.8103448,0.8103448,0.8103448
COc1ccccc1N1CCN(CCCOc2ccc(-c3nc4ccccc4[nH]3)cc2)CC1,train,train,train,1,1,0.7758621,0.7758621,0.7758621
c1ccc(-c2nc(CN3CCN(c4ccccc4)CC3)cs2)cc1,train,train,test,4,4,0.7631579,0.7631579,0.7631579
c1ccc(CN2CCN(Cc3csc(-c4ccccc4)n3)CC2)cc1,train,train,train,4,4,0.7631579,0.7631579,0.65909094
CCN1CCC[C@H]1CNC(=O)c1cc(S(N)(=O)=O)ccc1OC,train,train,test,2,2,0.8333333,0.8333333,0.8333333
c1ccc(CN2CCC(NCc3csc(-c4ccccc4)n3)CC2)cc1,train,train,train,4,4,0.65909094,0.65909094,0.65909094
C(#Cc1cccn1C1CCN(Cc2ccccc2)CC1)c1ccccc1,train,train,test,4,4,0.70731705,0.70731705,0.70731705
COc1ccc(N2CCN(CCCOc3ccc(-c4nc5ccccc5[nH]4)cc3)CC2)cc1,train,train,train,1,1,0.86538464,0.86538464,0.86538464
c1ccc(-c2nc(CN3CCN(c4ccccc4)CC3)co2)cc1,train,train,train,4,4,0.75,0.75,0.75
COc1cccc(C(=O)NC2CCN(Cc3ccc(F)cc3)CC2)c1OC,test,test,train,2,2,0.69491524,0.69491524,0.76785713
COc1ccc(Br)cc1-c1nc(CNC2CCN(Cc3ccccc3)CC2)co1,test,test,train,4,4,0.72307694,0.72307694,0.75
c1ccc(CN2CCC(n3cccc3-c3cnco3)CC2)cc1,train,train,train,4,4,0.65384614,0.65384614,0.65384614
Clc1ccc(N2CCN(CCCOc3ccc(-c4nc5ccccc5[nH]4)cc3)CC2)cc1,train,train,train,4,4,0.8490566,0.8490566,0.8490566
CCCSc1ccccc1N1CCN(CCCOc2ccc(-c3nc4ccccc4[nH]3)cc2)CC1,test,test,train,1,1,0.71428573,0.71428573,0.71428573
Fc1cccc2c1CC[C@@H](NCc1ccccc1)C2,test,test,train,2,2,0.6511628,0.6511628,0.62222224
c1ccc(N2CCN(CCCOc3ccc(-c4nc5ccccc5[nH]4)cc3)CC2)cc1,train,train,train,4,4,0.86538464,0.86538464,0.86538464
CCN1CCC[C@H]1CNC(=O)c1c(O)c(I)cc(OC)c1OC,train,train,train,2,2,0.8181818,0.8181818,0.8181818
COc1ccc(Br)cc1-c1nc(CN(C)C[C@@H]2CCN(Cc3ccccc3)C2)co1,train,train,test,2,2,0.5443038,0.5443038,0.6666667
COc1cccc(C(=O)NC2CC3CCCC(C2)N3Cc2ccc(F)cc2)c1OC,train,train,train,2,2,0.38666666,0.38666666,0.69491524
O=Cc1ccn(C2CCN(Cc3ccccc3)CC2)c1,train,train,train,4,4,0.6136364,0.6136364,0.6666667
c1cnc(N2CCN(CCCOc3ccc(-c4nc5ccccc5[nH]4)cc3)CC2)nc1,train,train,train,4,4,0.8148148,0.8148148,0.7924528
COc1ccc(Br)cc1-c1nc(CN2CCN(c3ccccc3)CC2)co1,test,test,test,4,4,0.73214287,0.73214287,0.8148148
CCCN(CCC)[C@@H]1CCc2c(F)cccc2C1,train,train,train,2,2,0.7906977,0.7906977,0.8974359
CCCN[C@@H]1CCc2c(F)cccc2C1,train,train,test,2,2,0.84615386,0.84615386,0.84615386
O=C1CC2(CCCC2)CC(=O)N1CCCCN[C@@H]1CCc2c(F)cccc2C1,train,train,train,2,2,0.6268657,0.6268657,0.5614035
c1ccc(CN2CCC(n3cccc3)CC2)cc1,test,test,train,4,4,0.625,0.625,0.6388889
CN1CCN(CCCOc2ccc(-c3nc4ccccc4[nH]3)cc2)CC1,test,test,train,4,4,0.78431374,0.78431374,0.78431374
COc1ccc(Br)cc1-c1nc(CN2CCN(Cc3ccccc3)CC2)co1,test,test,train,4,4,0.6785714,0.6785714,0.75
CCCN(CCCCN1C(=O)CC2(CCCC2)CC1=O)[C@@H]1CCc2c(F)cccc2C1,train,train,test,2,2,0.6268657,0.6268657,0.62711865
Oc1ccc(Br)cc1-c1nc(CN2CCN(c3ccccc3)CC2)co1,train,train,train,4,4,0.627451,0.627451,0.627451
O=Cc1cccn1C1CCN(Cc2ccccc2)CC1,train,train,train,4,4,0.6666667,0.6666667,0.6666667
C[Si](C)(C)C#Cc1cccn1C1CCN(Cc2ccccc2)CC1,train,train,train,4,4,0.70454544,0.70454544,0.65909094
CCCN(C(C)C)[C@@H]1CCc2c(F)cccc2C1,train,train,train,2,2,0.7209302,0.7209302,0.7209302
COc1ccc(Br)cc1-c1nc(CNC2CCN(Cc3ccccc3)CC2)cs1,train,train,train,4,4,0.7413793,0.7413793,0.7413793
N[C@@H]1CCc2c(F)cccc2C1,train,train,train,2,2,0.65625,0.65625,0.5121951
N#CC(C#N)=Cc1cccn1C1CCN(Cc2ccccc2)CC1,train,train,test,4,4,0.6666667,0.6666667,0.6666667
CCCN(Cc1ccccc1)[C@@H]1CCc2c(F)cccc2C1,train,train,test,2,2,0.7906977,0.7906977,0.7906977
CC(C)N[C@@H]1CCc2c(F)cccc2C1,train,train,test,2,2,0.61904764,0.61904764,0.59090906
COc1c(-c2nc(CNC[C@@H]3CCN(Cc4ccccc4)C3)co2)cc(Br)c2ccccc12,train,train,train,4,4,0.55128205,0.55128205,0.55128205
Ic1cccn1C1CCN(Cc2ccccc2)CC1,test,test,train,4,4,0.6666667,0.6666667,0.6666667
COc1cc(Br)cc(C(=O)NC2CCN(Cc3ccc(F)cc3)CC2)c1OC,test,test,train,2,2,0.53731346,0.53731346,0.76785713
COc1ccc(Br)cc1-c1nc(CN2CCN(c3ccccc3)CC2)cs1,test,test,train,4,4,0.8076923,0.8076923,0.8076923
CCCCN(CCC)[C@@H]1CCc2c(F)cccc2C1,test,test,train,2,2,0.8974359,0.8974359,0.8974359
c1ccc(CN2CCC(NCc3coc(-c4ccccc4)n3)CC2)cc1,train,train,train,4,4,0.67391306,0.67391306,0.67391306
O=C(CCCN1CCC2(CC1)C(=O)NCN2c1ccccc1)c1ccc(F)cc1,test,test,test,4,4,0.73214287,0.73214287,0.73214287
CCCCN[C@@H]1CCc2c(F)cccc2C1,train,train,train,2,2,0.84615386,0.84615386,0.6888889
c1ccc(N2CCN(CC[C@H]3CC[C@H](c4c[nH]c5ccccc54)CC3)CC2)nc1,train,train,train,4,4,0.47826087,0.47826087,0.625
c1ccc(N2CCN(CCCOc3ccc(-c4nc5ccccc5[nH]4)cc3)CC2)nc1,train,train,test,4,4,0.8148148,0.8148148,0.8148148
N#CC(C#N)=Cc1ccn(C2CCN(Cc3ccccc3)CC2)c1,test,test,train,4,4,0.6666667,0.6666667,0.6666667
Clc1ccccc1N1CCN(CCCOc2ccc(-c3nc4ccccc4[nH]3)cc2)CC1,train,train,train,4,4,0.7758621,0.7758621,0.7758621
c1ccc(CN2CCN(Cc3coc(-c4ccccc4)n3)CC2)cc1,train,train,train,4,4,0.75,0.75,0.75
COc1ccc(Br)cc1-c1nc(CN2CCN(Cc3ccccc3)CC2)cs1,train,train,train,4,4,0.7413793,0.7413793,0.8076923
O=C1Cc2cc(CCN3CCN(c4nsc5ccccc45)CC3)c(Cl)cc2N1,test,test,train,4,4,0.4477612,0.4477612,0.4477612
Cc1nc2n(c(=O)c1CCN1CCC(c3noc4cc(F)ccc34)CC1)CCCC2,test,test,train,4,4,0.47619048,0.4642857,0.5
CN(C)CCOC1=Cc2ccccc2Sc2ccc(Cl)cc21,train,train,test,2,2,0.42592594,0.42592594,0.49019608
O=C1NCCN1CCN1CCC(c2cn(-c3ccc(F)cc3)c3ccc(Cl)cc23)CC1,train,train,train,4,4,0.7058824,0.7058824,0.7058824
COc1cc(NC(=O)C2CC2)c(Cl)cc1C(=O)NC1CCN(Cc2ccccc2)C1,train,train,train,2,2,0.71428573,0.71428573,0.71428573
CCCCN1CCCC1CNC(=O)c1cc(C#N)c2ccccc2c1OC,test,test,train,2,2,0.54285717,0.54285717,0.54285717
C1=C(c2nc3ccccc3o2)CCN(Cc2ccccc2)C1,train,train,test,4,4,0.7708333,0.7708333,0.5686275
Clc1ccccc1CN1CC=C(c2nc3ccccc3s2)CC1,train,train,train,4,4,0.75,0.75,0.75
O=C(N[C@H]1CC[C@H](CCN2CCN(c3cccc(Cl)c3Cl)CC2)CC1)C1CCCCC1,train,train,train,0,0,1.0,1.0,1.0
Cc1ccc(N2CCN(CC[C@H]3CC[C@H](NC(=O)c4cccs4)CC3)CC2)cc1,train,train,train,0,0,0.8214286,0.8214286,0.8214286
Fc1ccc(N2CCN(CC[C@H]3CC[C@H](Nc4ncccn4)CC3)CC2)cc1,train,train,train,0,0,0.7916667,0.7916667,0.7916667
O=C(N[C@H]1CC[C@H](CCN2CCN(c3ccc(Cl)cc3)CC2)CC1)c1cccs1,train,train,train,0,0,0.8245614,0.8245614,0.8245614
Cc1ccsc1C(=O)N[C@H]1CC[C@H](CCN2CCN(c3cccc(Cl)c3Cl)CC2)CC1,train,train,test,0,0,0.72307694,0.72307694,0.73846155
O=C(N[C@H]1CC[C@H](CCN2CCN(c3cccc(Cl)c3)CC2)CC1)C1CCCCC1,test,test,test,0,0,0.7962963,0.7962963,0.7962963
CCCN(C(=O)C1CCCCC1)[C@H]1CC[C@H](CCN2CCN(c3cccc(Cl)c3Cl)CC2)CC1,train,train,test,1,1,0.640625,0.640625,0.640625
c1cnc(N[C@H]2CC[C@H](CCN3CCN(c4cccnc4)CC3)CC2)nc1,train,train,train,0,0,0.7916667,0.7916667,0.7916667
C1=C(c2nc3ccccc3[nH]2)CCN(Cc2ccccc2)C1,test,test,train,4,4,0.84444445,0.84444445,0.84444445
Clc1ccc(CN2CC=C(c3nc4ccccc4[nH]3)CC2)cc1,train,train,train,4,4,0.7916667,0.7916667,0.84444445
c1ccc(N2CCN(C[C@H]3CC[C@H](Nc4ncccn4)CC3)CC2)cc1,train,train,train,4,4,0.7446808,0.7446808,0.7446808
Cc1ccc(C(=O)N[C@H]2CC[C@H](CCN3CCN(c4cccc(Cl)c4Cl)CC3)CC2)s1,train,train,train,0,0,0.72307694,0.72307694,0.7903226
O=C(N[C@H]1CC[C@H](CCN2CCN(c3ccc(Cl)cc3)CC2)CC1)C1CCCCC1,train,train,train,0,0,0.7407407,0.7407407,0.7407407
c1ccc(N2CCN(CC[C@H]3CC[C@H](Nc4ncccn4)CC3)CC2)nc1,test,test,train,0,0,0.71428573,0.71428573,0.75510204
Clc1ccc2sc(C3=CCN(Cc4ccccc4)CC3)nc2c1,train,train,train,4,4,0.8695652,0.8695652,0.8695652
CCCN1CC[C@H]2c3c(ccc4ccoc34)CC[C@H]21,train,train,test,2,2,0.42105263,0.42105263,0.42105263
CCCN(CCC)C1CCc2c(ccc3ccoc23)C1,train,train,test,2,2,0.81395346,0.81395346,0.81395346
c1cnc(N[C@H]2CC[C@H](CCN3CCc4ccccc4C3)CC2)nc1,train,train,train,0,0,0.65384614,0.65384614,0.627451
Clc1ccc(CN2CC=C(c3nc4cc(Cl)ccc4s3)CC2)cc1,train,train,train,4,4,0.8695652,0.8695652,0.8695652
COc1ccccc1N1CCN(CC[C@H]2CC[C@H](Nc3ncccn3)CC2)CC1,train,train,train,1,1,0.6964286,0.6964286,0.6964286
COc1ccc(N2CCN(CC[C@H]3CC[C@H](Nc4ncccn4)CC3)CC2)cc1,train,train,train,0,0,0.75,0.75,0.75
c1cnc(N[C@H]2CC[C@H](CCN3CCN(c4ncccn4)CC3)CC2)nc1,test,test,test,0,0,0.73913044,0.73913044,0.73913044
Clc1cccc(N2CCN(CC[C@H]3CC[C@H](Nc4ncccn4)CC3)CC2)c1Cl,train,train,train,0,0,0.6666667,0.6666667,0.6666667
O=C(N[C@H]1CC[C@H](CCN2CCN(c3cccc(Cl)c3Cl)CC2)CC1)c1ccsc1,train,train,train,0,0,0.6969697,0.6969697,0.7076923
Cc1cccc(N2CCN(CC[C@H]3CC[C@H](NC(=O)c4cccs4)CC3)CC2)c1,test,test,test,0,0,0.8135593,0.8135593,0.8135593
Cc1ccc(N2CCN(CC[C@H]3CC[C@H](NC(=O)C4CCCCC4)CC3)CC2)cc1C,train,train,test,0,0,0.73214287,0.73214287,0.73214287
CN(C(=O)c1cccs1)[C@H]1CC[C@H](CCN2CCN(c3cccc(Cl)c3Cl)CC2)CC1,train,train,train,1,1,0.5970149,0.5970149,0.5970149
CCCN(CCC)C1CCc2ccc3occc3c2C1,train,train,train,2,2,0.65957445,0.65957445,0.65957445
Clc1ccc(CN2CC=C(c3nc4cc(Cl)ccc4[nH]3)CC2)cc1,train,train,train,4,4,0.87234044,0.87234044,0.87234044
Cc1csc(C(=O)N[C@H]2CC[C@H](CCN3CCN(c4cccc(Cl)c4Cl)CC3)CC2)c1,test,test,train,0,0,0.7903226,0.7903226,0.7903226
Clc1cccc(CN2CC=C(c3nc4ccccc4s3)CC2)c1,train,train,train,4,4,0.82978725,0.82978725,0.82978725
c1cnc(N[C@H]2CC[C@H](CCN3CCN(c4ccncc4)CC3)CC2)nc1,train,train,train,0,0,0.7916667,0.7916667,0.7916667
O=C(N[C@H]1CC[C@H](CCN2CCN(c3ccccc3Cl)CC2)CC1)C1CCCCC1,train,train,train,0,0,0.86538464,0.86538464,0.86538464
FC(F)(F)c1cccc(N2CCN(CC[C@H]3CC[C@H](Nc4ncccn4)CC3)CC2)c1,train,train,train,0,0,0.6909091,0.6909091,0.6909091
CC(=O)N[C@H]1CC[C@H](CCN2CCN(c3ccccc3)CC2)CC1,train,train,train,0,0,0.5862069,0.5862069,0.64285713
C1=C(c2ccccc2)CCN(CC[C@H]2CC[C@H](Nc3ncccn3)CC2)C1,train,train,test,0,0,0.65384614,0.65384614,0.65384614
O=C(N[C@H]1CC[C@H](CCN2CCN(c3ccccn3)CC2)CC1)c1cccs1,train,train,train,0,0,0.704918,0.704918,0.704918
O=C(N[C@H]1CC[C@H](CCN2CCN(c3cccc(Cl)c3Cl)CC2)CC1)c1ccco1,train,train,train,0,0,0.6885246,0.6885246,0.6885246
c1ccc(N2CCN(CC[C@H]3CC[C@H](Nc4ncnc5ccccc45)CC3)CC2)cc1,train,train,train,0,0,0.5689655,0.5689655,0.5689655
CCCN(CCC)C1CCc2ccc3ccoc3c2C1,train,train,train,2,2,0.81395346,0.81395346,0.65957445
Clc1ccc2[nH]c(C3=CCN(Cc4ccccc4)CC3)nc2c1,train,train,train,4,4,0.87234044,0.87234044,0.87234044
COc1cccc(N2CCN(CC[C@H]3CC[C@H](NC(=O)c4cccs4)CC3)CC2)c1,train,train,train,0,0,0.8333333,0.8333333,0.8333333
O=C(N[C@H]1CC[C@H](CCN2CCN(c3ccccc3Cl)CC2)CC1)c1cccs1,train,train,train,0,0,0.80701756,0.80701756,0.779661
O=C(N[C@H]1CC[C@H](CCN2CCN(c3cccc(Cl)c3Cl)CC2)CC1)C1CCCC1,train,train,train,0,0,0.98,0.98,0.98
O=C(N[C@H]1CC[C@H](CCN2CCN(c3cccc(Cl)c3Cl)CC2)CC1)C1CCCCCC1,train,train,train,0,0,1.0,1.0,1.0
c1cnc(N[C@H]2CC[C@H](CCN3CCN(c4cnccn4)CC3)CC2)nc1,test,test,train,0,0,0.7254902,0.7254902,0.75510204
C1=C(c2nc3ccccc3s2)CCN(Cc2ccccc2)C1,train,train,train,4,4,0.82978725,0.82978725,0.82978725
COc1ccc(N2CCN(CC[C@H]3CC[C@H](NC(=O)c4cccs4)CC3)CC2)cc1,train,train,train,0,0,0.8333333,0.8333333,0.8333333
c1ccc(N2CCN(CCC[C@H]3CC[C@H](Nc4ncccn4)CC3)CC2)cc1,train,train,train,4,4,0.7446808,0.7446808,0.7446808
Cc1ccccc1N1CCN(CC[C@H]2CC[C@H](NC(=O)c3cccs3)CC2)CC1,train,train,test,0,0,0.80701756,0.80701756,0.80701756
Clc1ccc2oc(C3=CCN(Cc4ccccc4)CC3)nc2c1,train,train,test,4,4,0.7708333,0.7708333,0.6181818
CN(c1ncccn1)[C@H]1CC[C@H](CCN2CCN(c3ccccc3)CC2)CC1,train,train,train,4,4,0.5555556,0.5555556,0.5555556
O=C(N[C@H]1CC[C@H](CCN2CCN(c3cccc(Cl)c3Cl)CC2)CC1)C12CC3CC(CC(C3)C1)C2,train,train,train,0,0,0.6885246,0.6885246,0.6885246
COc1ccccc1N1CCN(CC[C@H]2CC[C@H](NC(=O)c3cccs3)CC2)CC1,train,train,train,1,1,0.7966102,0.7966102,0.779661
O=C(N[C@H]1CC[C@H](CCN2CCN(c3cccc(Cl)c3)CC2)CC1)c1cccs1,train,train,train,0,0,0.8245614,0.8245614,0.8245614
CCCN(CCC)CC[C@H]1CC[C@H](Nc2ncccn2)CC1,train,train,train,2,2,0.48076922,0.48076922,0.48076922
CCCN(CCC)[C@@H]1CCc2c(ccc3ccoc23)[C@@H]1C,train,train,train,2,2,0.58,0.58,0.56
Cc1c(-c2ccccc2)nnn1C1CCN(Cc2ccccc2)CC1,train,train,train,4,4,0.6956522,0.6956522,0.6956522
COc1ccccc1N1CCN(CCCCCNC(=O)c2cnn3ccccc23)CC1,train,train,train,1,1,0.98214287,0.98214287,0.98214287
Cc1nn(C2CCN(Cc3ccccc3)CC2)cc1-c1ccccc1,train,train,train,4,4,0.82978725,0.82978725,0.82978725
O=C(NCCCCN1CCN(c2cccc(Cl)c2Cl)CC1)c1cc2ccccc2s1,train,train,test,1,1,0.8333333,0.8333333,0.7894737
COc1ccccc1N1CCN(CCCCNC(=O)c2ccc3ccccc3c2)CC1,train,train,train,1,1,0.7777778,0.7777778,0.7777778
COc1ccccc1N1CCN(CCCCNC(=O)c2cccn3nccc23)CC1,train,train,train,1,1,0.8333333,0.8333333,0.8333333
O=C(NCCCCN1CCN(c2cccc(Cl)c2Cl)CC1)c1cc2ccccc2o1,train,train,test,1,1,0.8032787,0.8032787,0.81666666
c1ccc(CN2CCC(c3cc(-c4ccccc4)[nH]n3)CC2)cc1,train,train,train,4,4,0.7380952,0.7380952,0.7380952
Cc1c(-c2ccccc2)cnn1C1CCN(Cc2ccccc2)CC1,train,train,train,4,4,0.74509805,0.74509805,0.74509805
COc1ccccc1N1CCN(CCCCCNC(=O)c2cc3ccccn3n2)CC1,train,train,train,1,1,0.94736844,0.94736844,0.94736844
Cc1cc(-c2ccccc2)n(C2CCN(Cc3ccccc3)CC2)n1,train,train,train,4,4,0.6304348,0.6304348,0.6304348
COc1ccccc1N1CCN(CCCCNC(=O)c2ccn3nccc3c2)CC1,train,train,train,1,1,0.7619048,0.7619048,0.7619048
Cc1nnn(C2CCN(Cc3ccccc3)CC2)c1-c1ccccc1,train,train,train,4,4,0.6956522,0.6956522,0.6956522
O=c1c(CO)coc2cc(OCCCN3CCC(c4noc5cc(F)ccc45)CC3)ccc12,train,train,train,4,4,0.47674417,0.47674417,0.49367088
Cc1c(C2CCN(Cc3ccccc3)CC2)n[nH]c1-c1ccccc1,train,train,train,4,4,0.8666667,0.8666667,0.8666667
COc1ccccc1N1CCN(CCCNC(=O)c2cc3ccccn3n2)CC1,train,train,train,1,1,0.94736844,0.94736844,0.94736844
COc1ccccc1N1CCN(CCCCNC(=O)c2ccc3ccnn3c2)CC1,train,train,train,1,1,0.7619048,0.7619048,0.7619048
c1ccc(CN2CCC(n3nccc3-c3ccccc3)CC2)cc1,train,train,train,4,4,0.6304348,0.6304348,0.6304348
Cc1c(-c2ccccc2)cnn1C1CCN(Cc2cccc(Cl)c2)CC1,test,test,test,4,4,0.82978725,0.82978725,0.82978725
c1ccc(CN2CCC(n3cc(-c4ccccc4)nn3)CC2)cc1,train,train,train,4,4,0.6086956,0.6086956,0.5833333
c1ccc(CN2CCC(n3nnc(-c4ccccc4)n3)CC2)cc1,train,train,train,4,4,0.5744681,0.5744681,0.5744681
Cc1nn(C2CCN(Cc3cccc(Cl)c3)CC2)cc1-c1ccccc1,train,train,train,4,4,0.82978725,0.82978725,0.82978725
c1ccc(CN2CCC(n3cnc(-c4ccccc4)c3)CC2)cc1,train,train,test,4,4,0.6086956,0.6086956,0.6086956
COc1ccccc1N1CCN(CCCCNC(=O)c2cnn3ccccc23)CC1,train,train,train,1,1,0.98214287,0.98214287,0.98214287
COc1ccccc1N1CCN(CCCCNC(=O)c2cc3ccccc3s2)CC1,train,train,train,1,1,0.85,0.9298246,0.9298246
COc1ccccc1N1CCN(CCCCNC(=O)c2cccc3ccnn23)CC1,test,test,train,1,1,0.6923077,0.6923077,0.6923077
Cc1nn(C2CCN(Cc3cccc(C#N)c3)CC2)cc1-c1ccccc1,train,train,train,4,4,0.74509805,0.74509805,0.74509805
Cc1c(-c2ccccc2)cnn1C1CCN(Cc2cccc(C#N)c2)CC1,train,train,train,4,4,0.74509805,0.74509805,0.74509805
COc1ccccc1N1CCN(CCNC(=O)c2cc3ccccn3n2)CC1,test,test,train,1,1,0.8947368,0.8947368,0.8947368
COc1ccccc1N1CCN(CCNC(=O)c2cnn3ccccc23)CC1,train,train,train,1,1,0.8947368,0.8947368,0.8947368
COc1ccccc1N1CCN(CCCCNC(=O)c2cc3ccccc3o2)CC1,train,train,train,1,1,0.9298246,0.9298246,0.9298246
N#Cc1ccc2c(c1)C1CN(Cc3ccccc3)CC1CC2,train,train,train,4,4,0.6037736,0.6037736,0.6037736
COc1ccccc1N1CCN(CCCCNC(=O)c2ccc(C(C)=O)cc2)CC1,test,test,train,1,1,0.94,0.94,0.94
COc1ccc(/C=C/C(=O)NCCCCN2CCN(c3ccccc3OC)CC2)cc1,train,train,train,1,1,0.9230769,0.9230769,0.9230769
N#Cc1ccc2c(c1)OCC1CN(Cc3ccccc3)CC21,train,train,train,4,4,0.67391306,0.67391306,0.65384614
c1ccc(CN2CC3COc4ccccc4C3C2)cc1,train,train,test,4,4,0.7380952,0.7380952,0.7209302
COc1ccccc1N1CCN(CCCCNC(=O)/C=C/c2ccc(Oc3ccccc3)cc2)CC1,train,train,test,1,1,0.877193,0.877193,0.877193
COc1ccccc1N1CCN(CCCCNC(=O)/C=C/c2cccc(I)c2)CC1,train,train,train,1,1,0.8103448,0.8103448,0.81666666
CCCN(CCC)C1CCC(=C(C#C[Si](C)(C)C)C#C[Si](C)(C)C)CC1,test,test,train,2,2,0.6315789,0.6315789,0.6315789
CCCN(CCC)C1CCC(=C(C#Cc2ccccc2)C#Cc2ccccc2)CC1,test,test,train,2,2,0.5869565,0.5869565,0.60465115
O=C1c2ccccc2CCCN1CCN1CCC(n2c(O)nc3cc(F)ccc32)CC1,test,test,train,4,4,0.43055555,0.43055555,0.47945204
COc1ccccc1N1CCN(CCCCNC(=O)c2ccccc2I)CC1,train,train,test,1,1,0.74545455,0.74545455,0.71929824
COc1ccccc1N1CCN(CCCCNC(=O)/C=C/c2ccc(I)cc2)CC1,test,test,train,1,1,0.9056604,0.9056604,0.9056604
COc1ccccc1N1CCN(CCCCNC(=O)/C=C/c2ccc(C(F)(F)F)cc2)CC1,train,train,train,1,1,0.85714287,0.85714287,0.85714287
COc1ccccc1/C=C/C(=O)NCCCCN1CCN(c2ccccc2OC)CC1,train,train,train,1,1,0.8545455,0.8545455,0.8545455
Fc1ccc2c(c1)C1CN(Cc3ccccc3)CC1CO2,train,train,train,4,4,0.75555557,0.75555557,0.6938776
CS(=O)(=O)Nc1ccc(CCN2CC3COc4ccc(C#N)cc4C3C2)cc1,train,train,train,2,2,0.6911765,0.6911765,0.6911765
N#Cc1ccc2c(c1)[C@H]1CN(CCCCNC(=O)c3ccc(-c4ccc(N)cc4)cc3)C[C@@H]1CO2,test,test,train,1,1,0.5714286,0.5714286,0.5714286
CCCN(CCC)C1CCC(=CC#N)CC1,train,train,train,2,2,0.5675676,0.5675676,0.5675676
CCCN(CCC)C1CC=C(C#N)CC1,test,test,train,2,2,0.61904764,0.61904764,0.61904764
COc1ccccc1N1CCN(CCCCNC(=O)/C=C/c2ccc(-c3ccccc3)cc2)CC1,train,train,train,1,1,0.9056604,0.9056604,0.9056604
COc1ccccc1N1CCN(CCCCNC(=O)/C=C/c2cccc3c2OCO3)CC1,train,train,test,1,1,0.7704918,0.7704918,0.7704918
CCCN1CC2COc3ccc(C#N)cc3C2C1,train,train,train,2,2,0.63793105,0.63793105,0.63793105
COc1ccccc1N1CCN(CCCCNC(=O)c2sc3ccccc3c2Cl)CC1,train,train,train,1,1,0.6615385,0.6615385,0.6615385
Clc1ccc2c(c1)C1CN(Cc3ccccc3)CC1CO2,train,train,test,4,4,0.75555557,0.75555557,0.75555557
COc1ccc2c(c1)OCC1CN(Cc3ccccc3)CC21,train,train,train,2,2,0.82978725,0.82978725,0.82978725
COc1ccccc1N1CCN(CCCCNC(=O)/C=C/c2ccc(F)cc2)CC1,train,train,train,1,1,0.9230769,0.9230769,0.9230769
COc1ccccc1N1CCN(CCCCNC(=O)/C=C/c2ccc3c(c2)OCO3)CC1,train,train,test,1,1,0.7966102,0.7966102,0.7966102
COc1ccccc1N1CCN(CCCCN2C(=O)c3cc4ccccc4cc3C2=O)CC1,train,train,train,1,1,0.6415094,0.6415094,0.8
COc1ccc2c(c1)C1CN(Cc3ccccc3)CC1CO2,train,train,train,2,2,0.82978725,0.82978725,0.82978725
COc1ccccc1N1CCN(CCCCNC(=O)c2ccc(I)cc2)CC1,train,train,test,1,1,0.9591837,0.9591837,0.9591837
COc1ccccc1N1CCN(CCCCNC(=O)/C=C/c2ccsc2)CC1,train,train,train,1,1,0.80701756,0.80701756,0.80701756
CCCN(CCC)C1CCC(=C(C#N)C#N)CC1,train,train,train,2,2,0.75757575,0.75757575,0.75757575
COc1ccccc1N1CCN(CCCCNC(=O)/C=C/c2ccc(OCc3ccccc3)cc2)CC1,train,train,train,1,1,0.8196721,0.8196721,0.8196721
COc1ccccc1N1CCN(CCCCNC(=O)/C=C/c2ccc(/C=C/C(=O)NCCCCN3CCN(c4ccccc4OC)CC3)cc2)CC1,train,train,train,1,1,0.94,0.94,0.94
COc1ccccc1N1CCN(CCCCNC(=O)/C=C/C=C/c2ccccc2)CC1,train,train,train,1,1,0.8703704,0.8703704,0.8703704
COc1ccccc1N1CCN(CCCCN2C(=O)c3cccc4cccc(c34)C2=O)CC1,test,test,train,1,1,0.8,0.8,0.8
COc1ccccc1N1CCN(CCCCNC(=O)c2ccc(C(C)(C)C)cc2)CC1,train,train,train,1,1,0.8269231,0.8269231,0.8269231
COc1ccccc1N1CCN(CCCCNC(=O)/C=C/c2ccccc2I)CC1,train,train,train,1,1,0.8545455,0.8545455,0.8545455
COc1ccccc1N1CCN(CCCCNC(=O)/C=C/c2ccc3ccccc3c2)CC1,train,train,train,1,1,0.8448276,0.8448276,0.8448276
CC(=O)c1ccc(C(=O)Nc2ccc(CCN3CC4COc5ccc(C#N)cc5C4C3)cc2)cc1,train,train,train,2,2,0.6911765,0.6911765,0.6911765
CCCN(CCC)C1CC=C(C#Cc2ccccc2)CC1,train,train,train,2,2,0.63793105,0.63793105,0.63793105
COc1ccccc1N1CCN(Cc2ccccc2CNC(=O)/C=C/c2ccccc2)CC1,train,train,train,1,1,0.70689654,0.70689654,0.70689654
C#CC(C#C)=C1CCC(N(CCC)CCC)CC1,train,train,train,2,2,0.75757575,0.75757575,0.75757575
COc1ccccc1N1CCN(CCCNC(=O)c2ccc(I)cc2)CC1,train,train,train,1,1,0.9591837,0.9591837,0.7924528
COc1ccccc1N1CCN(CCCCNC(=O)c2cccc3c2-c2ccccc2C3=O)CC1,train,train,train,1,1,0.9298246,0.9298246,0.9298246
CCS(=O)(=O)c1ccc(OC)c(-c2ccc(CN3CCc4ccccc4C3)[nH]2)c1,train,train,test,2,2,0.72727275,0.72727275,0.72727275
CCN(Cc1ccc(-c2cc(S(=O)(=O)CC)ccc2OC)[nH]1)Cc1ccccc1Cl,train,train,train,2,2,0.8363636,0.8363636,0.8363636
CCS(=O)(=O)c1ccc(OC)c(-c2ccc(CN3CCCCCC3c3ccc(C)cc3)[nH]2)c1,train,train,train,2,2,0.87096775,0.87096775,0.8548387
CCS(=O)(=O)c1ccc(OC)c(-c2ccc(CN3CCCCCC3c3ccc(OC)cc3)[nH]2)c1,train,train,test,2,2,0.87096775,0.87096775,0.87096775
CCN(Cc1ccccc1)Cc1ccc(-c2cc(S(=O)(=O)CC)ccc2OC)[nH]1,train,train,train,2,2,0.8333333,0.8333333,0.8333333
CCS(=O)(=O)c1ccc(OC)c(-c2ccc(CN3CCCCCC3c3ccccc3C)[nH]2)c1,train,train,train,2,2,0.8125,0.8125,0.8125
CCN(Cc1ccc2c(c1)OCO2)Cc1ccc(-c2cc(S(=O)(=O)CC)ccc2OC)[nH]1,test,test,train,2,2,0.7758621,0.7758621,0.73333335
CCN(Cc1ccc(Cl)cc1)Cc1ccc(-c2cc(S(=O)(=O)CC)ccc2OC)[nH]1,train,train,train,2,2,0.8333333,0.8333333,0.8333333
CCS(=O)(=O)c1ccc(OC)c(-c2ccc(CN3CCCCCC3c3cccc(OC)c3)[nH]2)c1,train,train,train,2,2,0.84375,0.84375,0.84375
CCN(Cc1cccc(Cl)c1)Cc1ccc(-c2cc(S(=O)(=O)CC)ccc2OC)[nH]1,train,train,test,2,2,0.8245614,0.8245614,0.8245614
CCN(Cc1ccc(OC)cc1)Cc1ccc(-c2cc(S(=O)(=O)CC)ccc2OC)[nH]1,train,train,train,2,2,0.8490566,0.8490566,0.8490566
CCN(Cc1ccc(OC)c(OC)c1)Cc1ccc(-c2cc(S(=O)(=O)CC)ccc2OC)[nH]1,train,train,test,2,2,0.8301887,0.8301887,0.8301887
CCN(Cc1cccc(OC)c1)Cc1ccc(-c2cc(S(=O)(=O)CC)ccc2OC)[nH]1,train,train,train,2,2,0.8333333,0.8333333,0.8333333
CCN(CC)C(=O)[C@@H]1C=C2c3cccc4[nH]cc(c34)C[C@H]2N(C)C1,train,train,train,2,2,0.65625,0.65625,0.65625
CCN(Cc1ccc(C)cc1)Cc1ccc(-c2cc(S(=O)(=O)CC)ccc2OC)[nH]1,train,train,train,2,2,0.8490566,0.8490566,0.8490566
CCS(=O)(=O)c1ccc(OC)c(-c2ccc(C3CCCN3Cc3ccccc3)[nH]2)c1,train,train,test,2,2,0.79310346,0.79310346,0.75
CCN(Cc1ccc(-c2cc(S(=O)(=O)CC)ccc2OC)[nH]1)C1CCCc2ccccc21,test,test,train,2,2,0.9166667,0.9166667,0.9166667
CCN(Cc1ccc(-c2cc(S(=O)(=O)CC)ccc2OC)[nH]1)C1CCc2ccccc21,train,train,train,2,2,0.60655737,0.60655737,0.9166667
CCN(Cc1ccc(-c2cc(S(=O)(=O)CC)ccc2OC)[nH]1)Cc1ccccc1OC,train,train,train,2,2,0.8363636,0.8363636,0.8518519
CCN(Cc1cccc(C)c1)Cc1ccc(-c2cc(S(=O)(=O)CC)ccc2OC)[nH]1,test,test,test,2,2,0.83928573,0.83928573,0.83928573
CCN(Cc1ccc(-c2cc(S(=O)(=O)CC)ccc2OC)[nH]1)Cc1ccccc1C,test,test,train,2,2,0.8518519,0.8518519,0.8518519
N#Cc1cc(CN2CCN(c3ccccc3)CC2)c[nH]1,train,train,test,4,4,0.6666667,0.6666667,0.6666667
Cc1c(-c2ccc(F)cc2)nc(O)n1C1CCN(Cc2ccccc2)CC1,train,train,train,4,4,0.8541667,0.8541667,0.8541667
CCCN(CCC)CC1CCc2ccsc2C1,train,train,train,2,2,0.8108108,0.8108108,0.8108108
O=C(Nc1ccccc1)NC1CCN(Cc2ccccc2)CC1,train,train,train,4,4,0.6956522,0.6956522,0.6956522
CCCN(CCc1ccsc1)CCc1cccs1,train,train,train,2,2,0.74285716,0.74285716,0.74285716
C(#Cc1c[nH]c(CN2CCN(c3ccccc3)CC2)c1)c1ccccc1,train,train,test,4,4,0.55813956,0.55813956,0.7619048
O=C(Nc1ccccn1)NC1CCN(Cc2ccccc2)CC1,train,train,train,4,4,0.6956522,0.6956522,0.6956522
Oc1ccc2c(c1)C1OCCN(CCc3ccccc3)C1CC2,train,train,train,2,2,0.71153843,0.71153843,0.71153843
c1ccc(N2CCN(Cc3ccc[nH]3)CC2)cc1,train,train,train,4,4,0.55813956,0.55813956,0.55813956
CCCN(CCc1ccsc1)CCc1ccsc1,train,train,train,2,2,0.74285716,0.74285716,0.74285716
CCCN1CC(c2ccccc2)OC2c3cc(O)ccc3CCC21,train,train,train,2,2,0.5084746,0.5084746,0.5084746
C#Cc1c[nH]c(CN2CCN(c3ccccc3)CC2)c1,test,test,train,4,4,0.7619048,0.7619048,0.7619048
Cn1c(-c2ccccc2)cn(C2CCN(Cc3ccccc3)CC2)c1=O,test,test,test,4,4,0.5882353,0.5882353,0.5882353
Cc1c(-c2cccc(Cl)c2)nc(O)n1C1CCN(Cc2ccccc2)CC1,train,train,test,4,4,0.81632656,0.81632656,0.81632656
Cc1c(-c2ccccc2)n(C)c(=O)n1C1CCN(Cc2ccccc2)CC1,train,train,train,4,4,0.75,0.75,0.75
Cc1c(C2CCN(CCc3ccccc3)CC2)noc1-c1ccc(Cl)cc1,test,test,train,4,4,0.6785714,0.6785714,0.6785714
c1cc2c(s1)CCC1NCCOC21,train,train,train,2,2,0.47826087,0.47826087,0.47826087
Cc1c(-c2ccccn2)nc(O)n1C1CCN(Cc2ccccc2)CC1,train,train,train,4,4,0.74,0.74,0.74
Cc1cccc(CN2CCC(n3c(O)nc(-c4ccccc4)c3C)CC2)c1,train,train,train,4,4,0.8333333,0.8333333,0.8333333
CCCN(CCc1cccs1)[C@H]1CCc2c(O)cccc2C1,train,train,train,2,2,0.70689654,0.70689654,0.70689654
Cc1nc(O)n(C2CCN(Cc3ccccc3)CC2)c1-c1ccccc1,train,train,train,4,4,0.7234042,0.7234042,0.7234042
CCc1c(-c2ccccc2)nc(O)n1C1CCN(Cc2ccccc2)CC1,train,train,train,4,4,0.75,0.75,0.75
CCCN(CCC)C1CCc2sccc2C1,train,train,train,2,2,0.7777778,0.7777778,0.7777778
Cc1c(-c2cccs2)nc(O)n1C1CCN(Cc2ccccc2)CC1,train,train,train,4,4,0.7254902,0.7254902,0.7254902
Cc1c(-c2ccccc2)nc(O)n1C1CCN(CC2CCCCC2)CC1,train,train,train,4,4,0.71428573,0.71428573,0.71428573
Cc1c(-c2ccc(Cl)cc2)nc(O)n1C1CCN(Cc2ccccc2)CC1,train,train,train,4,4,0.9148936,0.9148936,0.87234044
COc1ccc(-c2nc(O)n(C3CCN(Cc4ccccc4)CC3)c2C)cc1,train,train,train,4,4,0.8367347,0.8367347,0.8367347
O=C(Nc1nccc2ccccc12)NC1CCN(Cc2ccccc2)CC1,train,train,train,4,4,0.6603774,0.6603774,0.6603774
Cc1c(-c2ccccc2)nc(O)n1C1CCN(Cc2ccccc2)CC1,train,train,train,4,4,0.90909094,0.90909094,0.90909094
CCCN(CCC)C1CCc2ccsc2C1,train,train,train,2,2,0.7777778,0.7777778,0.7777778
CCCN1CCOC2c3ccsc3CCC21,train,train,train,2,2,0.5576923,0.5576923,0.5576923
Cc1c(-c2ccccc2)n(-c2ccccc2)c(=O)n1C1CCN(Cc2ccccc2)CC1,train,train,train,4,4,0.75,0.75,0.75
Cc1c(-c2ccccc2)nc(O)n1C1CCN(CCCc2ccccc2)CC1,train,train,train,4,4,0.75510204,0.75510204,0.75510204
Oc1ccc2c(c1)C1OCCN(CCc3cccs3)C1CC2,train,train,train,2,2,0.71153843,0.71153843,0.71153843
Oc1nc(-c2ccccc2)cn1C1CCN(Cc2ccccc2)CC1,test,test,train,4,4,0.5833333,0.5833333,0.5833333
Cc1c(-c2ccccc2Cl)nc(O)n1C1CCN(Cc2ccccc2)CC1,train,train,train,4,4,0.75510204,0.75510204,0.75510204
CCCN(CCC)CC1CCc2sccc2C1,train,train,train,2,2,0.8108108,0.8108108,0.8108108
CCCN(CCC)[C@@H]1Cc2cccc(O)c2C[C@H]1C,train,train,train,2,2,0.49019608,0.49019608,0.5813953
N#Cc1c[nH]c(CN2CCN(c3ccccc3)CC2)c1,test,test,train,4,4,0.7619048,0.7619048,0.7619048
Cc1ccc(-c2nc(O)n(C3CCN(Cc4ccccc4)CC3)c2C)cc1,train,train,train,4,4,0.90909094,0.90909094,0.90909094
Cc1c(-c2ccccc2)nc(O)n1C1CCN(Cc2ccc(Cl)cc2)CC1,train,train,test,4,4,0.9148936,0.9148936,0.9148936
CCc1cc(Cl)c(OC)c(C(=O)NC[C@@H]2CCCN2CC)c1O,train,train,train,2,2,0.8490566,0.8490566,0.8490566
CCC(=O)OC1(c2ccccc2)CCN(CCCC(=O)c2ccccc2)CC1,test,test,test,1,1,0.6964286,0.6964286,0.6964286
O=c1ccc2ccc(CNCCNc3ccccc3)cc2o1,train,train,train,2,2,0.3442623,0.3442623,0.30508474
CN(C)C(=O)C1(c2ccc(Cl)cc2)CCN(CCCC(=O)c2ccc(F)cc2)CC1,test,test,train,4,4,0.66101694,0.66101694,0.66101694
CC(=O)NCC1(c2ccccc2)CCN(CCCC(=O)c2ccc(F)cc2)CC1,train,train,train,1,1,0.5555556,0.5555556,0.5555556
CCN1CCC[C@H]1CNC(=O)c1c(O)c(Cl)cc(Cl)c1OC,train,train,train,2,2,0.8490566,0.8490566,0.8490566
Cc1ccc2c(c1)Sc1c(ccc3ccccc13)N2CCCN(C)C,train,train,train,2,2,0.54347825,0.54347825,0.627451
CN1CCc2cccc3c2[C@H]1Cc1ccc(O)c(O)c1-3,test,test,train,2,2,0.7291667,0.7291667,0.7291667
CCCN(CCC)CCC(O)c1cc2c(c3ccccc13)CCCC2,train,train,train,2,2,0.32352942,0.32352942,0.30136988
CCC(=O)OC1(c2ccccc2)CCN(CCC(=O)c2ccccc2)CC1C,train,train,train,2,2,0.42028984,0.42028984,0.42028984
COc1ccccc1N1CCC(CNCC2COc3ccc(Cl)cc3O2)CC1,train,train,train,2,2,0.41428572,0.41428572,0.421875
CC1CCN(CC[C@H]2CCCN2S(=O)(=O)c2cccc(O)c2)CC1,train,train,test,2,2,0.79591835,0.79591835,0.7647059
Cc1ccc(C)c2c1Sc1c(ccc3ccccc13)N2CCCN(C)C,test,test,train,2,2,0.627451,0.627451,0.627451
OC(CCCN1CCN2CCc3[nH]c4ccccc4c3C2C1)c1ccc(F)cc1,train,train,train,4,4,0.59016395,0.59016395,0.59016395
O=c1[nH]c2ccccc2n1CCCN1CCN(C(c2ccccc2)c2ccccc2)CC1,train,train,train,4,4,0.5294118,0.5294118,0.5294118
O=C(CCCN1CCN2Cc3[nH]c4ccccc4c3CC2C1)c1ccc(F)cc1,train,train,train,1,1,0.52238804,0.52238804,0.52238804
O=C(CCCN1CCN2c3ccccc3CCC2C1)c1ccc(F)cc1,train,train,train,1,1,0.88,0.88,0.88
CCOc1ccc(NC(=O)C2CCCN(CCc3ccccc3)C2)cc1,train,train,train,2,2,0.42028984,0.42028984,0.42028984
c1ccc2c3c([nH]c2c1)CCN1CCN(CCc2ccncc2)CC31,train,train,train,4,4,0.59016395,0.59016395,0.59016395
CC1CCN(CC[C@H]2CCCN2S(=O)(=O)c2cccc3ccccc23)CC1,test,test,train,4,4,0.9347826,0.9347826,0.9347826
O=c1[nH]c2ccccc2n1CCCN1CCC(n2c(=O)[nH]c3cc(Cl)ccc32)CC1,test,test,train,4,4,0.6727273,0.6727273,0.6727273
CCCCCN1CCN(C(CC(=O)c2ccccc2)C(=O)c2ccccc2)CC1,train,train,train,1,1,0.38181818,0.38181818,0.38181818
O=C(OC1(c2nccc3ccccc23)CCN(CCc2ccccc2)CC1)c1ccccc1,train,train,test,4,4,0.3939394,0.3939394,0.35714287
CCOc1ccccc1OCCN[C@H](C)Cc1ccc(OC)c(S(N)(=O)=O)c1,train,train,test,2,2,0.3809524,0.3809524,0.3809524
CCCCN(CCCC)Cc1c(C)nc2cc(OC)ccc2c1O,train,train,test,2,2,0.35714287,0.35714287,0.35714287
Cc1cccc(S(=O)(=O)N2CCC[C@@H]2CCN2CCC(C)CC2)c1,train,train,test,2,2,0.79591835,0.79591835,0.79591835
O=C(CCCCN1CCN2c3ccccc3CCC2C1)c1ccccc1,train,train,train,1,1,0.8039216,0.8039216,0.8039216
CCCCN(CC)CC(C(C)=O)C1=C(O)OC2C=CC=CC2C1=O,train,train,train,2,2,0.22727273,0.22727273,0.22727273
CC1CCN(CC[C@H]2CCCCN2S(=O)(=O)c2cccc3ccccc23)CC1,train,train,train,4,4,0.6,0.6,0.9347826
CCCCN1C/C(=C\c2ccc(Br)cc2)C(=O)/C(=C/c2ccc(Br)cc2)C1,train,train,train,2,2,0.33333334,0.33333334,0.33333334
Oc1ccc2c(c1)O[C@@H](CNCc1ccccc1)CC2,train,train,train,2,2,0.5272727,0.5272727,0.6458333
CC(C)Oc1ccccc1N1CCN(C[C@@H](O)CNC(=O)c2ccc3c(c2)C(=O)N(c2ccc(N(C)C)cc2)C3=O)CC1,train,train,train,1,1,0.47674417,0.47674417,0.47674417
CC1CCN(CC[C@H]2CCCN2S(=O)(=O)c2ccc(Cl)c(Cl)c2)CC1,train,train,test,4,4,0.7058824,0.7058824,0.6792453
CCN(CC)CCCN(C)Cc1c(-c2ccccc2)oc(-c2ccccc2)c1Cl,train,train,train,2,2,0.3,0.3,0.3
CCCCCCCN1CCC(C(=O)CC)(c2cccc(O)c2)CC1,train,train,train,2,2,0.509434,0.509434,0.509434
CCCCN1CN(CCCC)CN(C(=S)c2c(Cl)cccc2Cl)C1,train,train,train,4,4,0.45652175,0.45652175,0.45652175
CCCN(CCC)CN1C(=O)c2ccccc2C1=O,test,test,test,2,2,0.7941176,0.7941176,0.7941176
O=C(CCN1CCN2c3ccccc3CCC2C1)c1ccc(F)cc1,train,train,train,4,4,0.88,0.88,0.88
CCCN(CCC#N)CN1C(=O)c2ccccc2C1=O,train,train,train,2,2,0.6122449,0.6122449,0.6122449
CCn1c2ccccc2c2cc(NCCCN(C)C)ccc21,train,train,train,2,2,0.29032257,0.29032257,0.29508197
N#CCCN(CCCN1CCOCC1)CN1C(=O)c2ccccc2C1=O,train,train,train,4,4,0.6122449,0.6122449,0.6122449
CC1CCN(CC[C@H]2CCCN2S(=O)(=O)c2cccc(Br)c2)CC1,train,train,train,2,2,0.79591835,0.79591835,0.6181818
CN(C)CCCN1c2ccccc2Sc2ccc(Cl)cc21,train,train,test,4,4,0.7837838,0.7837838,0.6304348
CCCCN1CSC(=S)N(Cc2ccccc2)C1,train,train,train,4,4,0.37254903,0.37254903,0.37254903
CCCN(CCC)C1CCc2cc3c(cc2C1)OCC3,test,test,test,2,2,0.5319149,0.5319149,0.5319149
CN1CCN(Cc2cnn3ccccc23)CC1,train,train,train,4,4,0.70731705,0.70731705,0.65909094
CC(=O)c1ccc(-c2ccc(C(=O)NCCCCN3CCc4ccc(OS(=O)(=O)C(F)(F)F)cc4C3)cc2)cc1,train,train,train,1,1,0.88135594,0.88135594,0.88135594
O=C(/C=C/c1ccc2[nH]ccc2c1)NCCCCN1CCc2ccc(OS(=O)(=O)C(F)(F)F)cc2C1,test,test,train,1,1,0.8115942,0.8115942,0.8115942
O=C(/C=C/c1ccc(Cl)c(Cl)c1)NCCCCCN1CCC(c2c[nH]c3ccc(O)cc23)CC1,test,test,test,1,1,0.5875,0.5875,0.5875
COc1ccccc1N1CCN(CCCCNC(=O)c2ccc(-c3ccc(N)cc3)cc2)CC1,train,train,train,1,1,0.8518519,0.8518519,0.8518519
COc1ccc(/C=C/C(=O)NCCCCN2CCc3ccc(OS(=O)(=O)C(F)(F)F)cc3C2)cc1,train,train,train,2,2,0.8484849,0.8484849,0.8484849
O=C(/C=C/c1ccc2ccccc2c1)NCCCCN1CCc2ccc(OS(=O)(=O)C(F)(F)F)cc2C1,train,train,train,1,1,0.83076924,0.83076924,0.83076924
O=C(/C=C/c1cnc2ccccc2c1)NCCCCN1CCc2ccc(OS(=O)(=O)C(F)(F)F)cc2C1,train,train,train,1,1,0.85915494,0.85915494,0.85915494
O=C(NCCCCN1CCc2ccccc2C1)c1ccc(-c2ccccc2)cc1,train,train,train,1,1,0.6964286,0.6964286,0.6964286
O=C(NCCCCN1CCc2ccc(OS(=O)(=O)C(F)(F)F)cc2C1)c1cccc(-c2ccccc2)c1,train,train,train,1,1,0.87931037,0.87931037,0.87931037
Ic1ccc(N2CCN(Cc3cnn4ccccc34)CC2)cc1,train,train,test,4,4,0.8095238,0.8095238,0.7777778
Cc1ccccc1-c1ccc(C(=O)NCCCCN2CCc3ccc(OS(=O)(=O)C(F)(F)F)cc3C2)cc1,test,test,test,1,1,0.82539684,0.82539684,0.8484849
CCCN(CCCCNC(=O)c1ccc(-c2ccccc2)cc1)C1CCc2c(cccc2OS(=O)(=O)C(F)(F)F)C1,train,train,train,2,2,0.85507244,0.85507244,0.79710144
Clc1cccc(N2CCN(Cc3cnn4ccccc34)CC2)c1,train,train,train,4,4,0.75555557,0.75555557,0.67346936
COc1ccc(OC)c(N2CCN(CCCCNC(=O)c3ccc(Br)cc3)CC2)c1,train,train,test,1,1,0.76785713,0.76785713,0.76785713
Oc1ccccc1OCCNCc1ccccc1,train,train,test,2,2,0.5897436,0.5897436,0.59090906
CS(=O)(=O)Nc1cccc(OCCNCc2ccccc2)c1,train,train,train,2,2,0.67346936,0.67346936,0.67346936
CN(C)c1ccc(/C=C/C(=O)NCCCCN2CCc3ccc(OS(=O)(=O)C(F)(F)F)cc3C2)cc1,train,train,train,2,2,0.8333333,0.8333333,0.8333333
O=C(c1cnn2ccccc12)N1CCN(c2ccc(Cl)cc2)CC1,train,train,train,4,4,0.46551725,0.46551725,0.46551725
COc1ccccc1N1CCN(CCCCNC(=O)c2ccc(Br)cc2)CC1,train,train,train,1,1,0.8269231,0.8269231,0.8269231
Cc1nnc(-c2ccc(-c3ccc(C(=O)NCCCCN4CCc5ccc(OS(=O)(=O)C(F)(F)F)cc5C4)cc3)cc2)o1,test,test,train,1,1,0.7647059,0.7647059,0.7647059
O=C(/C=C/c1ccc2ccccc2n1)NCCCCN1CCc2ccc(OS(=O)(=O)C(F)(F)F)cc2C1,train,train,test,1,1,0.7777778,0.7777778,0.7777778
O=C(/C=C/c1ccc2ncccc2c1)NCCCCN1CCc2ccc(OS(=O)(=O)C(F)(F)F)cc2C1,train,train,train,1,1,0.85915494,0.85915494,0.85915494
Clc1ccc(N2CCN(Cc3cnn4ccc5ccccc5c34)CC2)cc1,train,train,test,4,4,0.6862745,0.6862745,0.6862745
CC(=O)c1ccc(/C=C/C(=O)NCCCCN2CCc3ccc(OS(=O)(=O)C(F)(F)F)cc3C2)cc1,train,train,train,2,2,0.8507463,0.8507463,0.8507463
CC(=O)c1cccc(/C=C/C(=O)NCCCCN2CCc3ccc(OS(=O)(=O)C(F)(F)F)cc3C2)c1,train,train,train,2,2,0.8507463,0.8507463,0.8507463
CNC(=O)c1ccc(-c2ccc(C(=O)NCCCCN3CCc4ccc(OS(=O)(=O)C(F)(F)F)cc4C3)cc2)cc1,train,train,train,1,1,0.9047619,0.9047619,0.88135594
O=C(NCCCCN1CCc2ccc(OS(=O)(=O)C(F)(F)F)cc2C1)c1ccc(-c2ccc(N3CCCC3=O)cc2)cc1,train,train,train,1,1,0.8,0.8,0.8
Oc1ccc2c(c1)O[C@@H](CNCc1ccccc1)CO2,test,test,train,2,2,0.6458333,0.6458333,0.6458333
O=C(NCCCCN1CCN(c2ccccc2)CC1)c1ccc(Br)cc1,test,test,train,1,1,0.6792453,0.6792453,0.6792453
CNC(=O)c1cccc(-c2ccc(C(=O)NCCCCN3CCc4ccc(OS(=O)(=O)C(F)(F)F)cc4C3)cc2)c1,train,train,test,1,1,0.9047619,0.9047619,0.9047619
Clc1ccc(N2CCN(Cc3cnc4ccccn34)CC2)cc1,train,train,train,4,4,0.6875,0.6875,0.6875
Clc1ccccc1N1CCN(Cc2cnn3ccccc23)CC1,train,train,train,4,4,0.70454544,0.70454544,0.77272725
c1ccn2ncc(CN3CCN(C4CCCCC4)CC3)c2c1,train,train,train,4,4,0.64444447,0.64444447,0.64444447
CS(=O)(=O)Nc1cc(OCCNCc2cccs2)ccc1Cl,train,train,train,2,2,0.6923077,0.6923077,0.6923077
Cc1cc(C(=O)NCCCCN2CCc3ccc(OS(=O)(=O)C(F)(F)F)cc3C2)ccc1-c1ccccc1,test,test,train,1,1,0.796875,0.796875,0.796875
O=C(NCCCCN1CCc2ccc(OS(=O)(=O)C(F)(F)F)cc2C1)c1ccc(-c2ccccc2)cc1,train,train,train,1,1,0.88135594,0.88135594,0.88135594
O=C(/C=C/c1ccc(Cl)c(Cl)c1)N[C@H]1CC[C@@H](CN2[C@H]3CC[C@@H]2C[C@@H](c2c[nH]c4ccc(O)cc24)C3)CC1,train,train,train,0,0,0.33707866,0.33707866,0.33707866
O=C(/C=C/c1ccc2nc(O)ccc2c1)NCCCCN1CCc2ccc(OS(=O)(=O)C(F)(F)F)cc2C1,train,train,train,2,2,0.8142857,0.8142857,0.8142857
Clc1ccc(N2CCN(Cc3cnn4c3ccc3ccccc34)CC2)cc1,train,train,test,4,4,0.65384614,0.65384614,0.7446808
CS(=O)(=O)Nc1cc(OCCNCc2ccccc2)ccc1Cl,train,train,train,2,2,0.6923077,0.6923077,0.6923077
COc1ccccc1N1CCN(CCCCNC(=O)c2ccc(-c3ccc(C(C)=O)cc3)cc2)CC1,train,train,train,1,1,0.8518519,0.8518519,0.94
CCCN(CCCCNC(=O)c1ccc(-c2ccccc2)cc1)C1CCc2c(Cl)cccc2C1,train,train,train,2,2,0.8360656,0.8360656,0.8095238
Clc1ccc(N2CCN(Cc3cnn4c3CCCC4)CC2)cc1,train,train,train,4,4,0.5272727,0.5272727,0.5686275
COc1cccc(/C=C/C(=O)NCCCCN2CCc3ccc(OS(=O)(=O)C(F)(F)F)cc3C2)c1,train,train,train,2,2,0.8484849,0.8484849,0.8484849
O=C(/C=C/c1c[nH]c2ccccc12)NCCCCN1CCc2ccc(OS(=O)(=O)C(F)(F)F)cc2C1,train,train,train,1,1,0.69863015,0.69863015,0.69863015
c1ccc(N2CCN(Cc3cnn4ccccc34)CC2)cc1,train,train,test,4,4,0.8095238,0.8095238,0.8095238
COc1ccccc1N1CCN(CCCCNC(=O)c2ccc(-c3ccc(S(C)(=O)=O)cc3)cc2)CC1,train,train,train,1,1,0.79310346,0.79310346,0.79310346
Cn1c(=O)ccc2cc(/C=C/C(=O)NCCCCN3CCc4ccc(OS(=O)(=O)C(F)(F)F)cc4C3)ccc21,train,train,test,1,1,0.8142857,0.8142857,0.8142857
Clc1ccc(N2CCN(Cc3cnc4ncccn34)CC2)cc1,train,train,train,4,4,0.6875,0.6875,0.6875
O=C(CCCN1CCN(c2ccccn2)CC1)c1ccc(F)cc1,train,train,train,1,1,0.7659575,0.7659575,0.7659575
CCCN1CCc2nn3ccccc3c2C1,train,train,train,4,4,0.5,0.5,0.5
c1ccc(C2CCN(Cc3c[nH]c4ccccc34)CC2)cc1,train,train,train,4,4,0.70731705,0.70731705,0.70731705
c1ccc(N2CCN(Cc3c[nH]c4ccccc34)CC2)cc1,train,train,train,4,4,0.67391306,0.67391306,0.67391306
CCCN(CCC)[C@H]1CCc2nn3ccccc3c2C1,train,train,train,2,2,0.52,0.52,0.52
CC1CCN(Cc2c[nH]c3ccccc23)CC1,train,train,train,4,4,0.70731705,0.70731705,0.70731705
Clc1ccc(CN2CCC(c3cc(-c4ccc(Cl)cc4)on3)CC2)cc1,test,test,test,4,4,0.67391306,0.67391306,0.61702126
Cc1c(-c2ccc(Cl)cc2)noc1C1CCN(CCc2ccccc2)CC1,train,train,train,4,4,0.63793105,0.63793105,0.6785714
CCN1CCCCCC1c1ccc(-c2cc(S(=O)(=O)CC)ccc2OC)[nH]1,train,train,train,2,2,0.98039216,0.98039216,0.98039216
CCN1CCCC1CNC(=O)c1cc(S(=O)(=O)CC)ccc1OC,train,train,train,2,2,0.8333333,0.8333333,0.69491524
CCS(=O)(=O)c1ccc(OC)c(-c2ccc(CN3CCCCC3)[nH]2)c1,train,train,test,2,2,1.0,1.0,0.9777778
Clc1ccc(CN2CCC(c3cc(-c4ccc(Cl)cc4)[nH]n3)CC2)cc1,train,train,train,4,4,0.7380952,0.7380952,0.7380952
CCS(=O)(=O)c1ccc(OC)c(-c2ccc(CN3CCCC3)[nH]2)c1,train,train,train,2,2,0.9777778,0.9777778,0.82
CCN1CCCCC1c1ccc(-c2cc(S(=O)(=O)CC)ccc2OC)[nH]1,train,train,train,2,2,0.98039216,0.98039216,0.98039216
COc1c(C(=O)N[C@@H]2CCN(Cc3ccccc3)C2)cc(I)c2ccccc12,train,train,train,2,2,0.75,0.75,0.73770493
CCS(=O)(=O)c1ccc(OC)c(-c2ccc(CN3CCCC3c3ccccc3)[nH]2)c1,train,train,test,2,2,0.94736844,0.94736844,0.94736844
CCS(=O)(=O)c1ccc(OC)c(-c2ccc(CN3CCCCC3c3ccccc3)[nH]2)c1,train,train,train,2,2,0.98245615,0.98245615,0.98245615
Fc1ccc2[nH]c(CN3CCN(c4ccccn4)CC3)cc2c1,train,train,train,4,4,0.53571427,0.53571427,0.53571427
C#Cc1cc(C(=O)N[C@@H]2CCN(Cc3ccccc3)C2)c(OC)c2ccccc12,train,train,test,2,2,0.81666666,0.81666666,0.81666666
CCS(=O)(=O)c1ccc(OC)c(-c2ccc(CN3CCCCCCC3c3ccccc3)[nH]2)c1,train,train,train,2,2,0.98245615,0.98245615,0.98245615
COc1c(C(=O)N[C@@H]2CCN(Cc3ccccc3)C2)cc(C#Cc2ccccc2)c2ccccc12,train,train,train,2,2,0.81666666,0.81666666,0.73770493
CCS(=O)(=O)c1ccc(OC)c(-c2ccc(CN3CCOCC3)[nH]2)c1,train,train,train,2,2,0.82,0.82,0.82
CCS(=O)(=O)c1ccc(OC)c(-c2ccc(C(C)N3CCCCCC3)[nH]2)c1,train,train,test,2,2,1.0,1.0,1.0
CNc1cc(OC)c(C(=O)NC2CCN(Cc3ccccc3)CC2)cc1Cl,train,train,train,2,2,0.71428573,0.71428573,0.71428573
CCN1CCCC1c1ccc(-c2cc(S(=O)(=O)CC)ccc2OC)[nH]1,train,train,test,2,2,0.9411765,0.9411765,0.9411765
CCS(=O)(=O)c1ccc(OC)c(-c2ccc(C(C)N3CCCC3)[nH]2)c1,train,train,train,2,2,0.9787234,0.9787234,0.9787234
CCS(=O)(=O)c1ccc(OC)c(-c2ccc(C(C)N3CCCCC3)[nH]2)c1,train,train,train,2,2,1.0,1.0,0.9787234
CCN(CC)Cc1ccc(-c2cc(S(=O)(=O)CC)ccc2OC)[nH]1,train,train,train,2,2,0.81632656,0.81632656,0.81632656
CCCN1CCOC2c3cc(O)ccc3[S+](O)CC21,train,train,train,2,2,0.50877196,0.50877196,0.50877196
CCS(=O)(=O)c1ccc(OC)c(-c2ccc(CN3CCCCCC3)[nH]2)c1,train,train,test,2,2,1.0,1.0,0.9777778
Cc1c(C2CCN(CCc3ccccc3)CC2)n[nH]c1-c1ccc(Cl)cc1,test,test,train,4,4,0.82,0.82,0.82
Clc1ccc(CN2CCC(c3cc(-c4ccc(Cl)cc4)no3)CC2)cc1,train,train,test,4,4,0.59574467,0.59574467,0.59574467
CN(C)CCCOc1ccc(-c2nc3ccccc3n2C/C=C/Cn2c(-c3ccc(OCCCN(C)C)cc3)nc3ccccc32)cc1,test,test,train,2,2,0.78431374,0.78431374,0.78431374
C(=C/Cn1c(-c2ccc(OCCCN3CCN(c4ccccc4)CC3)cc2)nc2ccccc21)\Cn1c(-c2ccc(OCCCN3CCN(c4ccccc4)CC3)cc2)nc2ccccc21,train,train,train,4,4,0.8360656,0.8360656,0.8360656
CCCNC1CCc2c(cccc2OC)C1,train,train,train,2,2,0.85365856,0.85365856,0.85365856
CCCN(CCC)C1CCc2c(cccc2OC)C1,test,test,train,2,2,0.8,0.8,0.8
CCCN(CCc1cccs1)C1CCc2c(cccc2OC2CCCC2)C1,train,train,train,2,2,0.70689654,0.70689654,0.70689654
COc1c(C(=O)NCCN2CCN(c3ccccc3)CC2)cc2ccccc2c1Br,train,train,train,1,1,0.75438595,0.75438595,0.75438595
COc1ccccc1N1CCN(CC2CN=C3c4ccccc4NC(=O)N32)CC1,train,train,test,1,1,0.6507937,0.6507937,0.6507937
CCOc1c(C(=O)NCCN2CCN(c3ccccc3OC)CC2)cc(Br)c2ccccc12,train,train,test,1,1,0.75409836,0.75409836,0.71428573
CCCN(CCc1ccccc1)C1CCc2ccc(O)cc2C1,train,train,train,2,2,0.67346936,0.67346936,0.6981132
CCNC1CCc2c(cccc2OC)C1,train,train,test,2,2,0.8,0.8,0.8
NC1CCc2c(O)cccc2C1,train,train,test,2,2,0.65625,0.65625,0.65625
COc1ccc(Br)cc1C(=O)NCCN1CCN(c2ccccc2)CC1,test,test,train,1,1,0.7090909,0.7090909,0.7090909
CCCN(CCc1ccsc1)C1CCc2c(O)cccc2C1,test,test,train,2,2,0.74509805,0.74509805,0.74509805
NC1CCc2ccc(O)cc2C1,test,test,train,2,2,0.5714286,0.5714286,0.5714286
CCN(CC)CCCOc1ccc(-c2nc3ccccc3n2CCCCCCn2c(-c3ccc(OCCCN(CC)CC)cc3)nc3ccccc32)cc1,train,train,train,2,2,0.9777778,0.9777778,0.78431374
CCN(CC)CCCOc1ccc(-c2nc3ccccc3n2C/C=C/Cn2c(-c3ccc(OC)cc3)nc3ccccc32)cc1,train,train,test,2,2,0.9019608,0.9019608,0.9019608
COc1c(C(=O)NCCN2CCN(c3ccccc3C#N)CC2)cc(Br)c2ccccc12,train,train,train,1,1,0.78333336,0.78333336,0.78333336
c1ccc(C2=N[C@@H](CN3CCN(c4ccccc4)CC3)CS2)cc1,train,train,test,4,4,0.44,0.44,0.43396226
CCc1cc(Cl)c(O)c(C(=O)NCCN2CCN(c3ccccc3)CC2)c1OC,train,train,test,1,1,0.8363636,0.8363636,0.625
COc1c(C(=O)NCCN2CCN(c3cccc(Cl)c3C)CC2)cc(Br)c2ccccc12,train,train,train,1,1,0.87931037,0.87931037,0.87931037
COc1c(C(=O)NCCN2CCC(c3ccccc3)CC2)cc(Br)c2ccccc12,train,train,train,1,1,0.7241379,0.7241379,0.7241379
CCN(CC)CCCOc1ccc(-c2nc3ccccc3n2C/C=C/Cn2c(-c3ccc(OCCCN4CCN(c5ccccc5)CC4)cc3)nc3ccccc32)cc1,train,train,train,4,4,0.8360656,0.8360656,0.8360656
COc1c(C(=O)NCCN2CCN(c3ccc(Cl)c(Cl)c3)CC2)cc(Br)c2ccccc12,train,train,test,1,1,0.81666666,0.81666666,0.8305085
CCCN(C)C1CCc2ccc(O)cc2C1,train,train,test,2,2,0.7837838,0.7837838,0.7837838
COc1c(Cl)cc(Cl)c(O)c1C(=O)NCCN1CCN(c2ccccc2)CC1,train,train,test,1,1,0.8363636,0.8363636,0.7413793
COc1c(C(=O)NCCN2CCN(c3cccc(Cl)c3Cl)CC2)cc(Cl)c2ccccc12,train,train,train,1,1,0.84745765,0.84745765,0.75
CCN(CC)CCCOc1ccc(-c2nc3ccccc3n2Cc2ccc(Cn3c(-c4ccc(OCCCN(CC)CC)cc4)nc4ccccc43)cc2)cc1,train,train,train,2,2,0.8,0.8,0.78431374
CCN(CC)CCCOc1ccc(-c2nc3ccccc3n2C/C=C/Cn2c(-c3ccccc3)nc3ccccc32)cc1,train,train,train,2,2,0.9019608,0.9019608,0.88461536
CCCN(CCc1cccs1)C1CCc2ccc(O)cc2C1,test,test,train,2,2,0.6981132,0.6981132,0.6981132
COc1ccccc1N1CCN(CC2CN3C(=O)Nc4ccccc4C3=N2)CC1,train,train,train,1,1,0.6507937,0.6507937,0.45
CCCCN(CCCC)CCCOc1ccc(-c2nc3ccccc3n2C/C=C/Cn2c(-c3ccc(OCCCN(CCCC)CCCC)cc3)nc3ccccc32)cc1,train,train,train,2,2,0.9183673,0.9183673,0.9183673
CCCNC1CCc2c(O)cccc2C1,train,train,test,2,2,0.725,0.725,0.6904762
CCCN(CCc1ccccc1)C1CCc2c(O)cccc2C1,train,train,train,2,2,0.6923077,0.6923077,0.74509805
CCOc1c(C(=O)NCCN2CCN(c3ccccn3)CC2)cc(Br)c2ccccc12,train,train,train,1,1,0.84745765,0.84745765,0.84745765
COc1c(C(=O)NCCN2CCN(c3cccc(C(F)(F)F)c3)CC2)cc(Br)c2ccccc12,test,test,train,1,1,0.84126985,0.84126985,0.84126985
CCN(CC)CCCOc1ccc(-c2nc3ccccc3n2C/C=C/Cn2c(C)nc3ccccc32)cc1,train,train,train,2,2,0.88461536,0.88461536,0.88461536
CCCNC1CCc2ccc(O)cc2C1,train,train,train,2,2,0.6136364,0.6136364,0.6136364
COc1c(C(=O)NCCN2CCN(c3ccc4ccccc4n3)CC2)cc(Br)c2ccccc12,test,test,train,1,1,0.734375,0.734375,0.734375
COc1cccc2c1CCC(N)C2,train,train,test,2,2,0.6486486,0.6486486,0.6486486
C(=C/Cn1c(-c2ccc(OCCCN3CCCC3)cc2)nc2ccccc21)\Cn1c(-c2ccc(OCCCN3CCCC3)cc2)nc2ccccc21,train,train,train,4,4,0.9787234,0.9787234,0.7962963
CCOc1c(C(=O)NCCN2CCN(c3cccc(C(F)(F)F)c3)CC2)cc(Br)c2ccccc12,train,train,train,1,1,0.8032787,0.8032787,0.84126985
COc1cccc2c1CCC(N(C)C)C2,train,train,train,2,2,0.71794873,0.71794873,0.71794873
COc1c(C(=O)NCCN2CCN(c3ccc(F)cc3F)CC2)cc(Br)c2ccccc12,train,train,train,1,1,0.7619048,0.7619048,0.7619048
COc1c(C(=O)NCCN2CC=C(c3ccccc3)CC2)cc(Br)c2ccccc12,test,test,train,1,1,0.68333334,0.68333334,0.68333334
CCN(CC)CCCOc1ccc(-c2nc3ccccc3n2CCCCn2c(-c3ccc(OCCCN(CC)CC)cc3)nc3ccccc32)cc1,train,train,test,2,2,0.9777778,0.9777778,0.9777778
CN(C)C1CCc2ccc(O)cc2C1,test,test,test,2,2,0.74285716,0.74285716,0.74285716
C(=C/Cn1c(-c2ccc(OCCCN3CCCCC3)cc2)nc2ccccc21)\Cn1c(-c2ccc(OCCCN3CCCCC3)cc2)nc2ccccc21,train,train,test,4,4,0.9787234,0.9787234,0.9787234
CCN(C)C1CCc2ccc(O)cc2C1,train,train,train,2,2,0.7837838,0.7837838,0.5744681
COc1c(C(=O)NCCN2CCN(c3ccccn3)CC2)cc(Br)c2ccccc12,train,train,train,1,1,0.84745765,0.84745765,0.84745765
COc1ccc2c(c1)CC(N)CC2,train,train,train,2,2,0.51282054,0.51282054,0.5714286
COc1c(Cl)cc(Cl)c(O)c1C(=O)NCCN1CCN(c2cccc(Cl)c2Cl)CC1,train,train,train,1,1,0.7413793,0.7413793,0.72131145
CCN(CC)C1CCc2c(cccc2OC)C1,train,train,train,2,2,0.71794873,0.71794873,0.8
COc1ccc(Br)c(O)c1C(=O)NCCN1CCN(c2ccccc2)CC1,train,train,train,1,1,0.63793105,0.63793105,0.7090909
CCCN(CCC)CCCOc1ccc(-c2nc3ccccc3n2C/C=C/Cn2c(-c3ccc(OCCCN(CCC)CCC)cc3)nc3ccccc32)cc1,train,train,train,2,2,0.9183673,0.9183673,0.9183673
CCN(CC)CCCOc1ccc(-c2nc3ccccc3n2C/C=C/Cn2c(-c3ccc(OCCCC4CCCCC4)cc3)nc3ccccc32)cc1,train,train,train,2,2,0.76666665,0.76666665,0.76666665
CNC1CCc2c(cccc2OC)C1,train,train,train,2,2,0.7837838,0.7837838,0.7
COc1ccccc1N1CCN(CCn2c(=O)[nH]c3ccccc3c2=O)CC1,train,train,train,1,1,0.5192308,0.5192308,0.5192308
COc1c(C(=O)NCCN2CCN(c3ccc(Cl)cc3Cl)CC2)cc(Br)c2ccccc12,train,train,train,1,1,0.8448276,0.8448276,0.8448276
CCCCNC1CCc2c(cccc2OC)C1,train,train,train,2,2,0.85365856,0.85365856,0.85365856
CCCN(CCC)[C@@H]1CCc2c(OS(=O)(=O)C(F)(F)F)cccc2[C@@H]1C,train,train,train,2,2,0.6666667,0.6666667,0.6666667
Cc1nn2c(C#N)cccc2c1CN1CCN(c2ccc(Cl)cc2)CC1,train,train,train,4,4,0.8076923,0.8076923,0.7090909
COc1ccc2c3c(c(=O)oc2c1)CN(CCc1ccccc1)CC3,train,train,train,2,2,0.68333334,0.68333334,0.8113208
Cc1nn2c(-c3ccc(F)cc3)cccc2c1CN1CCN(c2ccc(Cl)cc2)CC1,train,train,train,4,4,0.8301887,0.8301887,0.8301887
Oc1ccc2c(c1)CC(NC/C=C/I)CC2,train,train,train,2,2,0.6136364,0.6136364,0.6136364
CCCN(C/C=C/I)C1CCc2cc(O)ccc2C1,train,train,train,2,2,0.90909094,0.90909094,0.90909094
Cc1ccc2c3c(c(=O)oc2c1)CN(Cc1ccccc1)CC3,train,train,train,4,4,0.8,0.8,0.8
COc1ccc2c3c(c(=O)oc2c1)CN(Cc1ccccc1Cl)CC3,train,train,train,4,4,0.7368421,0.7368421,0.7818182
Clc1ccc(-c2cc(C3CCCN(Cc4ccccc4)C3)[nH]n2)cc1,train,train,train,4,4,0.8695652,0.8695652,0.8695652
CC1(c2cc(-c3ccc(Cl)cc3)[nH]n2)CCN(Cc2ccccc2)CC1,train,train,train,4,4,0.509434,0.509434,0.509434
Cc1c(C2CCN(Cc3ccccc3)CC2)n[nH]c1-c1ccc(Cl)cc1,train,train,train,4,4,0.8666667,0.8666667,0.8666667
O=C(/C=C(\O)c1ccc(Cl)cc1)C1CCN(Cc2ccccc2)CC1,test,test,train,4,4,0.63265306,0.63265306,0.63265306
CCCN(C/C=C/I)C1COc2ccc(O)cc2C1,train,train,train,2,2,0.6666667,0.6666667,0.6666667
Cc1c(-c2ccccc2)n[nH]c1C1=CCN(CCc2ccccc2)CC1,train,train,train,4,4,0.45,0.45,0.44444445
Nc1nc(-c2ccc(Cl)cc2)cc(C2CCN(Cc3ccccc3)CC2)n1,train,train,train,4,4,0.5849057,0.5849057,0.627451
O=c1oc2cc(O)ccc2c2c1CN(Cc1ccc(Cl)cc1)CC2,train,train,test,4,4,0.7222222,0.7222222,0.625
CCCN(C/C=C/I)C1COc2c(O)cccc2C1,train,train,train,2,2,0.65384614,0.65384614,0.65384614
Clc1ccc(N2CCN(Cc3cnn4c(N5CCN(Cc6ccccc6)CC5)cccc34)CC2)cc1,test,test,train,4,4,0.6730769,0.6730769,0.7
COc1ccc2c3c(c(=O)oc2c1)CN(Cc1ccc(C)cc1)CC3,train,train,train,2,2,0.84615386,0.84615386,0.8269231
CCc1c(C2CCN(Cc3ccccc3)CC2)n[nH]c1-c1ccc(Cl)cc1,train,train,train,4,4,0.7647059,0.7647059,0.7647059
COc1ccc2c3c(c(=O)oc2c1)CN(Cc1ccc(F)cc1)CC3,train,train,test,2,2,0.8301887,0.8301887,0.8301887
CCCN[C@@H]1CCc2c(OS(=O)(=O)C(F)(F)F)cccc2[C@@H]1C,test,test,train,2,2,0.68,0.68,0.68
Clc1ccc(-c2cc(C3CCN(CC4CCCCC4)CC3)[nH]n2)cc1,train,train,train,4,4,0.6226415,0.6226415,0.66
c1ccc(CCN2CCC3(CCc4c3n[nH]c4-c3ccccc3)CC2)cc1,train,train,test,4,4,0.46296296,0.46296296,0.46296296
Cc1c(-c2ccc(Cl)cc2)nc(N)nc1C1CCN(CCc2ccccc2)CC1,train,train,test,4,4,0.63793105,0.63793105,0.63793105
O=S(=O)(Nc1ccc2nccc(N3CCNCC3)c2c1)c1ccc2c(Cl)cccc2c1,train,train,train,4,4,0.3442623,0.3442623,0.3442623
N#Cc1cccc2c(CN3CCN(c4ccc(Cl)cc4)CC3)cnn12,train,train,train,4,4,0.6923077,0.6923077,0.71428573
CCCN(C/C=C/I)C1CCc2ccc(O)cc2C1,train,train,train,2,2,0.90909094,0.90909094,0.90909094
Cc1cccc(S(=O)(=O)N(C)[C@H](C)CCN2CCC(C)CC2)c1,train,train,train,2,2,0.54385966,0.54385966,0.42857143
Clc1ccc(-c2cc(C3CCN(Cc4ccccc4)CC3)[nH]n2)cc1,test,test,train,4,4,0.8863636,0.8863636,0.8863636
COc1ccc2c3c(c(=O)oc2c1)CN(Cc1cccc(Cl)c1)CC3,train,train,train,4,4,0.8181818,0.8181818,0.8333333
C#Cc1cccc2c(CN3CCN(c4ccc(Cl)cc4)CC3)c(C)nn12,train,train,test,4,4,0.8076923,0.8076923,0.8076923
Cc1cc(C2CCN(Cc3ccccc3)CC2)[nH]n1,train,train,train,4,4,0.70454544,0.70454544,0.70454544
c1ccc(CCN2CCC(c3cc(-c4ccccn4)[nH]n3)CC2)cc1,train,train,train,4,4,0.65384614,0.65384614,0.65384614
CC1(C(=O)/C=C(\O)c2ccc(Cl)cc2)CCN(Cc2ccccc2)CC1,train,train,train,4,4,0.47368422,0.47368422,0.63265306
COc1ccc2c3c(c(=O)oc2c1)CN(Cc1ccc(Cl)cc1)CC3,train,train,test,4,4,0.84615386,0.84615386,0.84615386
Clc1ccc(-c2cc(C3CCN(CCCc4ccccc4)CC3)[nH]n2)cc1,train,train,train,4,4,0.74,0.74,0.7916667
Cc1ccc2c3c(c(=O)oc2c1)CN(Cc1ccc(F)cc1)CC3,train,train,train,4,4,0.8,0.8,0.8
Cc1nn2c(N3CCN(Cc4ccccc4)CC3)cccc2c1CN1CCN(c2ccc(Cl)cc2)CC1,train,train,train,4,4,0.72727275,0.72727275,0.72727275
Clc1ccc(-c2cc(C3CCCCN3Cc3ccccc3)[nH]n2)cc1,train,train,train,4,4,0.6296296,0.6296296,0.63461536
Clc1ccc(-c2cc(C3CCN(Cc4ccccc4)C3)[nH]n2)cc1,train,train,train,4,4,0.8695652,0.8695652,0.8863636
Clc1ccc(-c2cc(C3CCN(Cc4cccc(Cl)c4)CC3)[nH]n2)cc1,train,train,train,4,4,0.75510204,0.75510204,0.84782606
c1ccc(CCN2CCC(c3cc(C4CCCCC4)n[nH]3)CC2)cc1,train,train,train,4,4,0.627451,0.627451,0.627451
c1ccc(CCN2CCC(c3cc(-c4cccs4)[nH]n3)CC2)cc1,train,train,train,4,4,0.65384614,0.65384614,0.65384614
COc1ccc2c3c(c(=O)oc2c1OC)CN(Cc1ccccc1)CC3,train,train,train,2,2,0.5964912,0.5964912,0.64912283
Clc1ccc(N2CCN(Cc3cnn4c(-c5ccccc5)cccc34)CC2)cc1,test,test,test,4,4,0.82,0.82,0.82
C[Si](C)(C)c1cccc2c(CN3CCN(c4ccc(Cl)cc4)CC3)cnn12,test,test,train,4,4,0.7,0.7,0.7659575
Cc1nn2c(-c3ccccc3)cccc2c1CN1CCN(c2ccc(Cl)cc2)CC1,train,train,train,4,4,0.8301887,0.8301887,0.8301887
c1ccc(CCN2CCN(c3cc(-c4ccccc4)[nH]n3)CC2)cc1,train,train,train,4,4,0.4716981,0.4716981,0.4716981
CCCN[C@@H]1CCc2c(C(=O)OC)cccc2[C@@H]1C,test,test,train,2,2,0.6666667,0.6666667,0.6666667
O=Cc1cccc2c(CN3CCN(c4ccc(Cl)cc4)CC3)cnn12,train,train,train,4,4,0.6923077,0.6923077,0.71428573
c1ccc(Cc2cc(C3CCN(Cc4ccccc4)CC3)[nH]n2)cc1,train,train,train,4,4,0.70454544,0.70454544,0.70454544
COc1ccc2c3c(c(=O)oc2c1)CN(Cc1ccccc1)CC3,test,test,train,2,2,0.8333333,0.8333333,0.8333333
CCCN(C/C=C/I)C1CCc2c(O)cccc2C1,test,test,train,2,2,0.64705884,0.64705884,0.64705884
COc1ccc2c3c(c(=O)oc2c1)CN(Cc1ccc(C(F)(F)F)cc1)CC3,test,test,train,2,2,0.8035714,0.8035714,0.78571427
Cc1cccn2ncc(CN3CCN(c4ccc(Cl)cc4)CC3)c12,train,train,train,4,4,0.6862745,0.6862745,0.7058824
Clc1ccc(-c2cc(C3CCN(Cc4ccccc4Cl)CC3)[nH]n2)cc1,train,train,train,4,4,0.6923077,0.6923077,0.7708333
Fc1ccc(-c2cccc3c(CN4CCN(c5ccc(Cl)cc5)CC4)cnn23)cc1,train,train,train,4,4,0.67241377,0.67241377,0.6730769
CCCN(CCC)C1CCc2ncccc2C1,train,train,train,2,2,0.6136364,0.6136364,0.5681818
c1ccc(-c2nc(CN3CCN(c4cccnc4)CC3)c[nH]2)cc1,test,test,train,4,4,0.64705884,0.64705884,0.79545456
CCCN(CCC)C1CCc2nc(N)sc2C1,train,train,train,2,2,0.59322035,0.59322035,0.6034483
CCCN(CCC)C1CCc2cc(OC)ccc2C1,train,train,train,2,2,0.7083333,0.7083333,0.77272725
c1ccc(-c2nc(CN3CCN(c4ccccn4)CC3)c[nH]2)cc1,train,train,train,4,4,0.5,0.5,0.7111111
CCCN(CCC)C1CCc2nc(OC)ccc2C1,test,test,test,2,2,0.6818182,0.6818182,0.5869565
Cc1[nH]c(-c2ccccc2)nc1CN1CCN(c2ncccn2)CC1,train,train,train,4,4,0.4642857,0.4642857,0.4642857
CCCN(CCC)C1CCc2nc(N)ccc2C1,train,train,test,2,2,0.6136364,0.6136364,0.6136364
CCCN(CCC)C1CCc2n[nH]cc2C1,train,train,train,2,2,0.5762712,0.5762712,0.5762712
c1ccc(-c2nc(CN3CCN(c4ccccc4)CC3)c[nH]2)cc1,test,test,train,4,4,0.7111111,0.7111111,0.79545456
N#CC(C#N)=Cc1cc(CN2CCN(c3ccc(Cl)cc3)CC2)c[nH]1,train,train,train,4,4,0.79591835,0.79591835,0.79591835
N#CC(C#N)=Cc1cc(CN2CCN(c3ccccc3)CC2)c[nH]1,train,train,train,4,4,0.79591835,0.79591835,0.79591835
CCCN(CCCCNC(=O)c1ccc(-c2ccccc2)cc1)C1CCc2c(cccc2OS(C)(=O)=O)C1,train,train,test,2,2,0.85507244,0.85507244,0.85507244
CCCN(CCCCNC(=O)c1ccc(-c2ccccc2)cc1)C1CCc2c(O)cccc2C1,train,train,test,2,2,0.8360656,0.8360656,0.8360656
N#CC(C#N)=Cc1ccc(CN2CCN(c3ccc(Cl)cc3)CC2)[nH]1,train,train,test,4,4,0.6603774,0.6603774,0.78723407
CCCN(CCCCNC(=O)c1ccc(-c2ccccc2)cc1)C1CCc2c(C#N)cccc2C1,train,train,train,2,2,0.8095238,0.8095238,0.7846154
N#CC(C#N)=Cc1[nH]ccc1CN1CCN(c2ccccc2)CC1,train,train,train,4,4,0.6037736,0.6037736,0.6037736
c1ccc(CNC[C@H]2CCc3ccc4[nH]ccc4c3O2)cc1,train,train,train,2,2,0.59322035,0.59322035,0.59322035
FC(F)(F)c1nc2c3c(ccc2[nH]1)CCC(CNCc1ccccc1)O3,train,train,train,2,2,0.59322035,0.59322035,0.59322035
CN(CCCCNC(=O)c1ccc(-c2ccccc2)cc1)C1CCc2c(O)cccc2C1,train,train,train,2,2,0.7966102,0.7966102,0.6615385
CCCN(CCCCNC(=O)c1ccc(-c2ccccc2)cc1)C1CCc2c(cccc2OCC2CC2)C1,train,train,train,2,2,0.8208955,0.8208955,0.8208955
O=C1Cc2c(ccc3c2O[C@@H](CNCc2ccccc2)CC3)N1,train,train,train,2,2,0.5689655,0.5689655,0.5689655
N#CC(C#N)=Cc1[nH]ccc1CN1CCN(c2ccc(Cl)cc2)CC1,test,test,test,4,4,0.7916667,0.7916667,0.7916667
CCCN(CCCCNC(=O)c1ccc(-c2ccccc2)cc1)C1CCc2c(cccc2OC)C1,train,train,train,2,2,0.8208955,0.8208955,0.8208955
COc1cccc2c1CCC(N(C)CCCCNC(=O)c1ccc(-c3ccccc3)cc1)C2,train,train,test,2,2,0.8095238,0.8095238,0.8095238
CCCN(CCCCNC(=O)c1ccc(-c2ccccc2)cc1)C1CCc2c(cccc2C(N)=O)C1,test,test,test,2,2,0.8095238,0.8095238,0.7846154
CCCN(CCCCNC(=O)c1ccc(-c2ccccc2)cc1)C1CCc2c(Br)cccc2C1,train,train,train,2,2,0.8360656,0.8360656,0.8095238
CCCN(CCCCNC(=O)c1ccc(-c2ccccc2)cc1)C1CCc2ccccc2C1,train,train,train,2,2,0.82758623,0.82758623,0.8032787
N#CC(C#N)=Cc1ccc(CN2CCN(c3ccccc3)CC2)[nH]1,test,test,train,4,4,0.78723407,0.78723407,0.64705884
N#Cc1ccc2c(c1)CCN(CC[C@H]1CC[C@H](NC(=O)c3cc4ccccc4[nH]3)CC1)CC2,train,train,train,0,0,0.9206349,0.9206349,0.828125
CCCN(CCC)C1Cc2ccc3nc(N)sc3c2C1,train,train,train,2,2,0.6041667,0.6041667,0.6938776
CN(C)CCc1cccc2c1ccn2S(=O)(=O)c1ccccc1,train,train,train,2,2,0.70454544,0.70454544,0.72727275
N#Cc1ccc2c(c1)CCN(CC[C@H]1CC[C@H](NC(=O)c3cccc4ncccc34)CC1)CC2,test,test,train,0,0,0.8939394,0.8939394,0.8939394
CC(=O)Nc1cccc(/C=C/C(=O)N[C@H]2CC[C@H](CCN3CCc4ccc(C#N)cc4CC3)CC2)c1F,train,train,train,0,0,0.7671233,0.7671233,0.7671233
N#Cc1ccc2c(c1)CCN(CC[C@H]1CC[C@H](NC(=O)/C=C/c3ccc(F)cc3)CC1)CC2,train,train,train,0,0,0.8333333,0.8333333,0.8125
COc1ccc2c(c1)c(CCN(C)C)cn2S(=O)(=O)c1ccccc1,train,train,train,2,2,0.5555556,0.5555556,0.7083333
N#Cc1ccc2c(c1)CCN(CC[C@H]1CC[C@H](NC(=O)c3ccc4c(c3)NC(=O)CO4)CC1)CC2,train,train,train,0,0,0.6712329,0.6712329,0.6282051
N#Cc1ccc2c(c1)CCN(CC[C@H]1CC[C@H](NC(=O)/C=C/c3cccc(F)c3)CC1)CC2,train,train,test,0,0,0.8333333,0.8333333,0.8333333
N#Cc1ccc2c(c1)CCN(CC[C@H]1CC[C@H](NC(=O)/C=C/c3ccccc3F)CC1)CC2,train,train,train,0,0,0.7671233,0.7671233,0.7671233
N#Cc1ccc2c(c1)CCN(CC[C@H]1CC[C@H](NC(=O)c3ccnc4ccccc34)CC1)CC2,train,train,train,0,0,0.9230769,0.9230769,0.9230769
CC(=O)c1cccc(/C=C/C(=O)N[C@H]2CC[C@H](CCN3CCc4ccc(C#N)cc4CC3)CC2)c1,train,train,train,0,0,0.8115942,0.8115942,0.74285716
CN(C)CCc1cccc2c1cc(C(=O)c1ccccc1)n2S(=O)(=O)c1ccccc1,train,train,train,2,2,0.56363636,0.56363636,0.56363636
NCCc1cccc2c1ccn2S(=O)(=O)c1ccccc1,train,train,test,4,4,0.70454544,0.70454544,0.70454544
CCCN(CCC)C1Cc2cc3nc(N)sc3cc2C1,train,train,train,2,2,0.6041667,0.6041667,0.6041667
CCOC(=O)c1[nH]c2ccccc2c1CCN(C)C,test,test,train,2,2,0.3015873,0.3015873,0.3015873
N#Cc1ccc2c(c1)CCN(CC[C@H]1CC[C@H](NC(=O)c3ccc4ccccc4c3)CC1)CC2,train,train,test,0,0,0.77272725,0.77272725,0.77272725
Cc1ccc(S(=O)(=O)n2cc3c4c(cccc42)[C@H](O)[C@@H](N(C)C)C3)cc1,train,train,train,2,2,0.2835821,0.2835821,0.3125
CCCN(CCC)C1COc2ccc3nc(N)sc3c2C1,test,test,train,2,2,0.6938776,0.6938776,0.6938776
COc1cccc(/C=C/C(=O)N[C@H]2CC[C@H](CCN3CCc4ccc(C#N)cc4CC3)CC2)c1,train,train,test,0,0,0.82857144,0.82857144,0.82857144
CN(C)CCc1cn(S(=O)(=O)c2ccccc2)c2ccccc12,test,test,train,2,2,0.72727275,0.72727275,0.72727275
O=C(NCCCCN1CCN(c2cccc(Cl)c2Cl)CC1)c1ccc2c(c1)Cc1ccccc1-2,train,train,train,1,1,0.96428573,0.96428573,0.96428573
CCCN(CCC)C1COc2c(ccc3sc(N)nc23)C1,train,train,train,2,2,0.5283019,0.5283019,0.5283019
N#Cc1ccc2c(c1)CCN(CC[C@H]1CC[C@H](NC(=O)c3cccc4ccccc34)CC1)CC2,train,train,test,0,0,0.7761194,0.7761194,0.7910448
CC(=O)Nc1cccc(/C=C/C(=O)N[C@H]2CC[C@H](CCN3CCc4ccc(C#N)cc4CC3)CC2)c1,test,test,test,0,0,0.85294116,0.85294116,0.85294116
N#Cc1ccc2c(c1)CCN(CC[C@H]1CC[C@H](NC(=O)c3ccc4ccc(O)nc4c3)CC1)CC2,train,train,train,0,0,0.77272725,0.77272725,0.6282051
CCCN(CCC)[C@@H]1CCn2ccc(C=O)c2C1,train,train,train,2,2,0.6304348,0.6304348,0.6304348
CCCN(CCC)[C@H]1CCn2c(CO)ccc2C1,train,train,train,2,2,0.6136364,0.6136364,0.675
CCCN(CCC)[C@@H]1CCn2c(C=O)ccc2C1,train,train,train,2,2,0.6136364,0.6136364,0.6585366
CCCN(CCC)[C@@H]1CCn2cc(CO)cc2C1,train,train,train,2,2,0.54545456,0.54545456,0.54545456
CCCN(CCC)[C@@H]1CCn2ccc(CO)c2C1,train,train,train,2,2,0.62222224,0.62222224,0.62222224
CCCN(CCC)[C@H]1CCn2c(C)ccc2C1,test,test,train,2,2,0.675,0.675,0.675
COc1ccc(S(=O)(=O)N2CCc3ccc(I)cc32)cc1N1CCNCC1,train,train,train,2,2,0.51724136,0.51724136,0.51724136
CCCN(CCCCNC(=O)c1ccc(-c2ccccc2)cc1)C1CCc2nc(N)ncc2C1,test,test,test,2,2,0.8181818,0.8181818,0.8358209
CCCN(CCCCNC(=O)c1ccc(-c2ccccc2)cc1)C1CCc2nc(NC)ncc2C1,test,test,test,2,2,0.8,0.8,0.8235294
CCCN(CCCCNC(=O)c1ccc(-c2ccccc2)cc1)C1CCc2nc(C)ncc2C1,test,test,train,2,2,0.8235294,0.8235294,0.8235294
CCCN(CCCCNC(=O)c1ccc(-c2ccccc2)cc1)C1CCc2ncnc(OC)c2C1,train,train,train,2,2,0.73913044,0.73913044,0.73913044
CCCN(CCCCNC(=O)c1ccc(-c2ccccc2)cc1)C1CCc2nc(SC)ncc2C1,train,train,train,2,2,0.7794118,0.7794118,0.8235294
CCCNC1CCc2nc(N)sc2C1,train,train,test,2,2,0.5555556,0.5555556,0.5555556
CCCN(CCCCNC(=O)c1ccc(-c2ccccc2)cc1)C1CCc2nc(N(C)C)ncc2C1,test,test,test,2,2,0.80597013,0.80597013,0.8235294
CCCN(CCCCNC(=O)c1ccc(-c2ccccc2)cc1)C1CCc2nc(N)sc2C1,train,train,train,2,2,0.6760563,0.6760563,0.6760563
CCCN(CCCCNC(=O)c1ccc(-c2ccccc2)cc1)C1CCc2nc(C(C)(C)C)ncc2C1,test,test,train,2,2,0.7887324,0.7887324,0.8115942
CCCN(CCCCNC(=O)c1ccc(-c2ccccc2)cc1)C1CCc2n[nH]cc2C1,train,train,train,2,2,0.74626863,0.74626863,0.74626863
CC(C)Oc1ccccc1N1CCN(Cc2cccc(C(=O)N3CCCCC3)c2)CC1,test,test,train,1,1,0.44067797,0.44067797,0.43283582
CCCN(CCCCNC(=O)c1ccc(-c2ccccc2)cc1)C1CCc2ncncc2C1,train,train,train,2,2,0.7794118,0.7794118,0.8030303
CN(CCCCNC(=O)c1ccc(-c2ccccc2)cc1)C1CCc2nc(N)ncc2C1,train,train,test,2,2,0.65753424,0.65753424,0.6760563
CCCN1CCO[C@@H]2c3cc4c(cc3CC[C@H]21)CCO4,train,train,train,2,2,0.74,0.74,0.7346939
CCCN1CCC[C@@H]2c3cc4c(cc3CC[C@H]21)CCO4,train,train,train,2,2,0.7,0.7,0.7
COc1ccc(N2CCN(Cc3c[nH]c4ncccc34)CC2)cc1,test,test,train,4,4,0.82,0.82,0.82
c1c[nH]c2nc(CN3CCc4ccccc4C3)cc-2c1,train,train,train,4,4,0.5555556,0.5555556,0.5555556
c1c2c(cc3c1CC[C@H]1NCCO[C@H]31)OCC2,train,train,train,2,2,0.50980395,0.50980395,0.50980395
CC(C)CN1CCO[C@@H]2c3cc4c(cc3CC[C@H]21)CCO4,test,test,train,2,2,0.7346939,0.7346939,0.7346939
c1ccc(CCC2CCN(Cc3cc4ccc[nH]c-4n3)CC2)cc1,train,train,train,4,4,0.5555556,0.5555556,0.5555556
COc1ccc(N2CCN(CCc3c[nH]c4ncccc34)CC2)cc1,train,train,train,4,4,0.55932206,0.55932206,0.82
C1=C(/C=C/c2ccccc2)CCN(CCc2c[nH]c3ncccc23)C1,train,train,train,4,4,0.5151515,0.5151515,0.6964286
Clc1ccc(N2CCN(CCc3cc4ccc[nH]c-4n3)CC2)cc1,train,train,train,4,4,0.4920635,0.4920635,0.4920635
CN1CCO[C@@H]2c3cc4c(cc3CC[C@H]21)CCO4,test,test,test,2,2,0.73333335,0.73333335,0.73333335
CCCN(CCC)[C@@H]1CCc2cccc(O)c2C1,test,test,train,2,2,0.65217394,0.65217394,0.65217394
CCCN(CCC)C1CCc2cccc(OS(=O)(=O)C(F)(F)F)c2C1,train,train,train,2,2,0.64285713,0.64285713,0.64285713
CCCNC1CCc2cccc(OS(=O)(=O)C(F)(F)F)c2C1,train,train,train,2,2,0.64285713,0.64285713,0.64285713
c1ccc2c(c1)CCN(Cc1c[nH]c3ncccc13)C2,test,test,train,4,4,0.5471698,0.5471698,0.6086956
CCCN1CCO[C@@H]2c3cc4c(cc3OC[C@H]21)CCO4,test,test,train,2,2,0.71428573,0.71428573,0.71428573
C1=C(/C=C/c2ccccc2)CCN(CCc2cc3ccc[nH]c-3n2)C1,train,train,train,4,4,0.5151515,0.5151515,0.5151515
c1c2c(cc3c1CC[C@@H]1[C@@H]3OCCN1CC1CC1)OCC2,train,train,train,2,2,0.7291667,0.7291667,0.7291667
C1=C(c2ccccc2)CCN(CCc2c[nH]c3ncccc23)C1,test,test,train,4,4,0.6964286,0.6964286,0.6964286
c1ccc(CCC2CCN(Cc3c[nH]c4ncccc34)CC2)cc1,train,train,train,4,4,0.48333332,0.48333332,0.5686275
O=C(CCCN1C2CCC1CC(O)(c1ccc(Cl)cc1)C2)c1ccc(F)cc1,train,train,train,4,4,0.627451,0.627451,0.6545454
Cn1cnc(-c2ccc3c(c2)c(C2CCN(CCC#N)CC2)cn3-c2ccc(F)cc2)n1,test,test,test,4,4,0.796875,0.796875,0.74285716
C[C@H](CN1CCN(c2cc(F)c(F)cc2F)CC1)N1C(=O)CC2(CCCC2)CC1=O,train,train,train,1,1,0.2875,0.28,0.2875
Cn1nnc(-c2ccc3c(c2)c(C2CCN(CCN4CCOC4=O)CC2)cn3-c2ccc(F)cc2)n1,train,train,test,4,4,0.8028169,0.8028169,0.8028169
Cn1cnc(-c2ccc3c(c2)c(C2CCN(CCN4CCNC4=O)CC2)cn3-c2ccc(F)cc2)n1,train,train,train,4,4,0.8405797,0.8405797,0.8405797
Cn1cnc(-c2ccc3c(c2)c(C2CCN(CCN4CCOC4=O)CC2)cn3-c2ccc(F)cc2)n1,train,train,train,4,4,0.8405797,0.8405797,0.8405797
O=C1OCCN1CCN1CCC(c2cn(-c3ccc(F)cc3)c3ccc(-c4ncccn4)cc23)CC1,train,train,train,4,4,0.8115942,0.8115942,0.8115942
Cn1nnc(-c2ccc3c(c2)c(C2CCN(CCN4CCNC4=O)CC2)cn3-c2ccc(F)cc2)n1,test,test,test,4,4,0.8405797,0.8405797,0.8
N#CCCN1CCC(c2cn(-c3ccc(F)cc3)c3ccc(-c4ncccn4)cc23)CC1,train,train,test,4,4,0.7205882,0.7205882,0.7205882
Cn1ccc(-c2ccc3c(c2)c(C2CCN(CCN4CCNC4=O)CC2)cn3-c2ccc(F)cc2)n1,train,train,train,4,4,0.78571427,0.78571427,0.78571427
Cn1cnc(-c2ccc3c(c2)c(C2CCN(CCn4c(=O)[nH]c5ccccc5c4=O)CC2)cn3-c2ccc(F)cc2)n1,train,train,train,4,4,0.6923077,0.6923077,0.6923077
COc1ccc(S(N)(=O)=O)cc1-c1ccc(CN2CCCCCC2c2ccccc2)[nH]1,train,train,train,2,2,0.83870965,0.83870965,0.83870965
COc1ccc(S(=O)(=O)Oc2ccccc2)cc1-c1ccc(CN2CCCCCC2c2ccccc2)[nH]1,train,train,train,2,2,0.8,0.8,0.8
COc1ccc(S(=O)(=O)N2CCOCC2)cc1-c1ccc(CN2CCCCCC2c2ccccc2)[nH]1,test,test,train,2,2,0.7777778,0.7777778,0.7647059
Cc1cc2ccc(OCCCN3CCN(c4ccccc4)CC3)cc2oc1=O,train,train,train,1,1,0.7407407,0.7407407,0.73214287
Cc1c(C)c2ccc(OCCCN3CCN(c4ccccc4)CC3)cc2oc1=O,train,train,train,4,4,0.73214287,0.73214287,0.73214287
CCN(Cc1ccccc1)S(=O)(=O)c1ccc(OC)c(-c2ccc(CN3CCCCCC3c3ccccc3)[nH]2)c1,train,train,train,2,2,0.8088235,0.8088235,0.8088235
COc1ccc(S(=O)(=O)Nc2ccccc2)cc1-c1ccc(CN2CCCCCC2c2ccccc2)[nH]1,train,train,train,2,2,0.8,0.8,0.8
COc1ccc(S(=O)(=O)N2CCCc3ccccc32)cc1-c1ccc(CN2CCCCCC2c2ccccc2)[nH]1,train,train,train,2,2,0.76,0.76,0.7222222
COc1ccc(S(=O)(=O)Cc2ccccc2)cc1-c1ccc(CN2CCCCCC2c2ccccc2)[nH]1,train,train,train,2,2,0.85714287,0.85714287,0.85714287
O=c1ccc2ccc(OCCCN3CCN(c4ccccc4)CC3)cc2o1,train,train,test,1,1,0.7407407,0.7407407,0.7407407
COc1ccc(S(=O)(=O)C(C)C)cc1-c1ccc(CN2CCCCCC2c2ccccc2)[nH]1,train,train,train,2,2,0.8125,0.8125,0.8125
COc1ccc(S(=O)(=O)N(C)C)cc1-c1ccc(CN2CCCCCC2c2ccccc2)[nH]1,train,train,train,2,2,0.82539684,0.82539684,0.82539684
COc1ccc(S(=O)(=O)N2CCc3ccccc3C2)cc1-c1ccc(CN2CCCCCC2c2ccccc2)[nH]1,train,train,test,2,2,0.76,0.76,0.7777778
Cc1ccc(N2CCN(Cc3ccc4c(c3)NC(=O)CO4)CC2)cc1C,test,test,train,4,4,0.86,0.86,0.86
COc1ccc(C2CCN(Cc3ccc4c(c3)OCC(=O)N4)CC2)cc1,train,train,train,2,2,0.7962963,0.7962963,0.7962963
O=C1COc2ccc(CN3CCN(c4ccccc4)CC3)cc2N1,train,train,train,4,4,0.8666667,0.8666667,0.79591835
Cc1ccc(C2CCN(Cc3ccc4c(c3)OCC(=O)N4)CC2)cc1,train,train,train,4,4,0.8113208,0.8113208,0.8113208
Cc1ccc(C2CCN(Cc3ccc4c(c3)OCC(=O)N4)CC2)cc1C,train,train,train,4,4,0.8113208,0.8113208,0.8113208
COc1ccc(N2CCN(Cc3ccc4c(c3)OCC(=O)N4)CC2)cc1,test,test,train,4,4,0.78431374,0.78431374,0.78431374
O=C1COc2cc(CN3CCN(c4ccccc4)CC3)ccc2N1,train,train,test,4,4,0.8666667,0.8666667,0.8666667
Cc1ccc(N2CCN(Cc3ccc4c(c3)OCC(=O)N4)CC2)cc1C,train,train,train,4,4,0.8,0.8,0.86
Cc1ccc(N2CCN(Cc3ccc4c(c3)NC(=O)CO4)CC2)cc1,train,train,train,4,4,0.8541667,0.8541667,0.8541667
Cc1ccc(N2CCN(Cc3ccc4c(c3)OCC(=O)N4)CC2)cc1,train,train,train,4,4,0.8541667,0.8541667,0.8541667
O=C1COc2cc(CN3CCN(c4ccc(Cl)cc4)CC3)ccc2N1,train,train,train,4,4,0.80851066,0.80851066,0.79591835
COc1cc2c(cc1OC)C1=NO[C@@H](CN3CCN(C/C(C)=C/c4ccccc4)CC3)[C@@H]1CO2,train,train,train,2,2,0.84375,0.84375,0.72727275
COc1cc2c(cc1OC)C1=NO[C@@H](CN3CCN(C/C=C(\C)c4ccccc4)CC3)[C@@H]1CO2,train,train,train,2,2,0.73846155,0.73846155,0.73846155
COc1cc2c(cc1OC)C1=NO[C@@H](CN3CCN(Cc4ccc5ccccc5c4)CC3)[C@@H]1CO2,train,train,train,2,2,0.67164177,0.67164177,0.67164177
COc1cc2c(cc1OC)C1=NO[C@@H](CN3CCN(C/C=C/c4ccccc4)CC3)[C@@H]1CO2,train,train,train,2,2,0.73846155,0.73846155,0.73846155
O=C(NC/C=C/CN1CCN(c2cccc(Cl)c2Cl)CC1)c1cccnc1,test,test,train,1,1,0.8035714,0.8035714,0.8035714
O=C(NC/C=C/CN1CCN(c2cccc(Cl)c2Cl)CC1)c1ccncc1,train,train,train,1,1,0.8888889,0.8888889,0.8888889
O=C(NC/C=C/CN1CCN(c2cccc(Cl)c2Cl)CC1)c1ccc(-c2ccccn2)cc1,train,train,train,1,1,0.8333333,0.8333333,0.8333333
O=C(NC/C=C/CN1CCN(c2cccc(Cl)c2Cl)CC1)c1ccc(-c2cccnc2)cc1,test,test,test,1,1,0.8333333,0.8333333,0.8333333
O=C(NC/C=C/CN1CCN(c2cccc(Cl)c2Cl)CC1)c1ccc(-c2ccncc2)cc1,train,train,train,1,1,0.8888889,0.8888889,0.8888889
O=C(NC/C=C/CN1CCN(c2cccc(Cl)c2Cl)CC1)c1ccc(-c2ncccn2)cc1,train,train,train,1,1,0.8333333,0.8333333,0.8333333
O=C(NC/C=C/CN1CCN(c2cccc(Cl)c2Cl)CC1)c1ccc(-c2ncc[nH]2)cc1,train,train,train,1,1,0.7777778,0.7777778,0.7777778
O=C(NC/C=C/CN1CCN(c2cccc(Cl)c2Cl)CC1)c1cnc2ccccc2n1,test,test,train,1,1,0.6885246,0.6885246,0.75
O=C(NC/C=C/CN1CCN(c2cccc(Cl)c2Cl)CC1)c1cc2ccccc2s1,train,train,test,1,1,0.71875,0.71875,0.71875
O=C(NC/C=C/CN1CCN(c2cccc(Cl)c2Cl)CC1)c1cc2ccccc2o1,train,train,test,1,1,0.7258065,0.7258065,0.71428573
O=C(NC/C=C/CN1CCN(c2cccc(Cl)c2Cl)CC1)c1ccc2c(c1)Cc1ccccc1-2,train,train,test,1,1,0.72307694,0.72727275,0.72727275
O=C(NCCCCN1CCN(c2cccc(Cl)c2Cl)CC1)c1ccc(I)cc1,train,train,train,1,1,0.82,0.82,0.82
O=C(NCCCCN1CCN(c2cccc(Cl)c2Cl)CC1)c1cnc2ccccc2n1,test,test,train,1,1,0.76666665,0.73770493,0.76666665
O=C(NCCCCN1CCN(c2cccc(Cl)c2Cl)CC1)c1ccc(-c2ccccn2)cc1,train,train,train,1,1,0.7758621,0.7758621,0.7758621
O=C(NCCCCN1CCN(c2cccc(Cl)c2Cl)CC1)c1ccc(-c2cccnc2)cc1,train,train,test,1,1,0.80701756,0.80701756,0.80701756
O=C(NC/C=C/CN1CCN(c2cccc(Cl)c2Cl)CC1)c1ccccc1F,train,train,train,1,1,0.8148148,0.8148148,0.8148148
O=C(NC/C=C/CN1CCN(c2cccc(Cl)c2Cl)CC1)c1cccc(F)c1,train,train,test,1,1,0.8181818,0.8181818,0.8181818
O=C(NC/C=C/CN1CCN(c2cccc(Cl)c2Cl)CC1)c1ccc(F)cc1,train,train,train,1,1,0.84615386,0.84615386,0.84615386
O=C(NC/C=C/CN1CCN(c2cccc(Cl)c2Cl)CC1)c1ccccc1Cl,test,test,test,1,1,0.8979592,0.8979592,0.8979592
O=C(NC/C=C/CN1CCN(c2cccc(Cl)c2Cl)CC1)c1cccc(Cl)c1,train,train,train,1,1,0.8181818,0.8181818,0.8181818
O=C(NC/C=C/CN1CCN(c2cccc(Cl)c2Cl)CC1)c1ccc(Cl)cc1,train,train,train,1,1,0.8627451,0.8627451,0.8627451
O=C(NC/C=C/CN1CCN(c2cccc(Cl)c2Cl)CC1)c1ccccc1I,test,test,train,1,1,0.8148148,0.8148148,0.8148148
O=C(NC/C=C/CN1CCN(c2cccc(Cl)c2Cl)CC1)c1cccc(I)c1,train,train,test,1,1,0.8181818,0.8181818,0.8181818
O=C(NC/C=C/CN1CCN(c2cccc(Cl)c2Cl)CC1)c1ccc(I)cc1,train,train,train,1,1,0.84615386,0.84615386,0.84615386
COc1ccccc1C(=O)NC/C=C/CN1CCN(c2cccc(Cl)c2Cl)CC1,test,test,train,1,1,0.7719298,0.7719298,0.7719298
COc1cccc(C(=O)NC/C=C/CN2CCN(c3cccc(Cl)c3Cl)CC2)c1,train,train,train,1,1,0.82758623,0.82758623,0.82758623
O=C(NC/C=C/CN1CCN(c2cccc(Cl)c2Cl)CC1)c1ccccn1,test,test,train,1,1,0.75409836,0.75409836,0.75409836
CN1CCN(C2=Cn3cccc3Sc3sccc32)CC1,train,train,train,4,4,0.3272727,0.3272727,0.6666667
CN1CCN(C2=Cc3ccccc3Cn3cccc32)CC1,train,train,train,4,4,0.70454544,0.70454544,0.70454544
CN1CCN(C2=Cc3cc(Cl)ccc3Cn3cccc32)CC1,train,train,train,4,4,0.70454544,0.70454544,0.70454544
Cc1ccc2n1Cc1ccccc1C=C2N1CCN(C)CC1,train,train,test,4,4,0.6136364,0.6136364,0.6136364
O=S(=O)(c1ccccc1Cl)n1cc(C2=CCNCC2)c2ccccc21,train,train,train,4,4,0.75510204,0.75510204,0.53846157
O=S(=O)(c1ccccc1F)n1cc(C2=CCNCC2)c2ccccc21,train,train,test,4,4,0.75510204,0.75510204,0.75510204
COc1ccccc1N1CCN(CCCCNC(=O)c2cc3cc(I)ccc3o2)CC1,train,train,test,1,1,0.8196721,0.8196721,0.8196721
O=C(NCCCCN1CCN(c2cccc(Cl)c2Cl)CC1)c1cc2cc(I)ccc2o1,train,train,train,1,1,0.8032787,0.8032787,0.76119405
COc1ccccc1N1CCN(CCCCNC(=O)c2cc3cc(I)ccc3s2)CC1,train,train,train,1,1,0.85,0.85,0.85
O=C(NCCCCN1CCN(c2cccc(Cl)c2Cl)CC1)c1cc2cc(I)ccc2s1,train,train,test,1,1,0.8333333,0.8333333,0.7164179
COc1ccccc1N1CCN(CCCCNC(=O)c2ccc(I)s2)CC1,train,train,train,1,1,0.7457627,0.7457627,0.7457627
O=C(NCCCCN1CCN(c2cccc(Cl)c2Cl)CC1)c1ccc(I)s1,train,train,train,1,1,0.71428573,0.71428573,0.71428573
CN1CCCC[C@@H]1CCN1c2ccccc2Sc2ccc([S+](C)O)cc21,train,train,test,4,4,0.7090909,0.7090909,0.43283582
COc1ccc2c(c1)OCCN(C)CCc1ccccc1C2,train,train,test,2,2,0.70731705,0.70731705,0.70731705
CN1CCOc2cc(O)ccc2Cc2ccccc2CC1,test,test,train,2,2,0.6923077,0.6923077,0.6923077
O=C(c1ccccc1)c1ccccc1OCCN1CCCC1,train,train,train,1,1,0.5681818,0.5681818,0.5681818
CCN(CC)CCOc1ccccc1Cc1ccccc1,train,train,train,2,2,0.5116279,0.5116279,0.5116279
c1ccc(Cc2ccccc2OCCN2CCCC2)cc1,train,train,train,4,4,0.9705882,0.9705882,0.9705882
c1ccc(Cc2ccccc2OCCN2CCCCC2)cc1,train,train,train,4,4,0.9705882,0.9705882,0.9705882
c1ccc(Cc2ccccc2OCCN2CCN(c3ccccc3)CC2)cc1,test,test,train,4,4,0.75,0.75,0.75
c1ccc(Cc2ccccc2OCCCN2CCCC2)cc1,train,train,train,4,4,0.8611111,0.8611111,0.8611111
c1ccc(Cc2ccccc2NCCN2CCCC2)cc1,test,test,train,4,4,0.53488374,0.53488374,0.53488374
CCCN(CCC)[C@H]1CCn2cccc2C1,train,train,train,2,2,0.54545456,0.54545456,0.5609756
Oc1ccc2c(c1O)-c1cccc3c1[C@@H](C2)NCC3,train,train,test,2,2,0.5,0.5,0.5510204
Cc1ccc2c(OCCN3CCN(Cc4cccc5cccnc45)CC3)cccc2n1,test,test,train,4,4,0.46153846,0.46153846,0.46153846
Cc1nc(-c2cccc(C(=O)N[C@H]3CC[C@H](CCN4CCc5ccc(S(C)(=O)=O)cc5CC4)CC3)c2)no1,test,test,test,0,0,0.8472222,0.8472222,0.62352943
COc1ccc(C(=O)NC/C=C/CN2CCN(c3cccc(Cl)c3Cl)CC2)cc1,train,train,train,1,1,0.82758623,0.82758623,0.82758623
O=C(NC/C=C/CN1CCN(c2cccc(Cl)c2Cl)CC1)c1ccc([N+](=O)[O-])cc1,train,train,train,1,1,0.8305085,0.8305085,0.8305085
O=C(NC/C=C/CN1CCN(c2cccc(Cl)c2Cl)CC1)c1ccc(O)cc1,train,train,train,1,1,0.8627451,0.8627451,0.8627451
CN1CCC[C@@H]1Cc1c[nH]c2ccc(NS(=O)(=O)c3cccc(Cl)c3)cc12,test,test,train,4,4,0.34666666,0.34666666,0.3611111
O=C(NC/C=C/CN1CCN(c2cccc(Cl)c2Cl)CC1)c1ccccc1O,train,train,train,1,1,0.8148148,0.8148148,0.8148148
O=C(NC/C=C/CN1CCN(c2cccc(Cl)c2Cl)CC1)c1ccccc1[N+](=O)[O-],train,train,train,1,1,0.7586207,0.7586207,0.7586207
O=C(NC/C=C/CN1CCN(c2cccc(Cl)c2Cl)CC1)c1cccc([N+](=O)[O-])c1,train,train,train,1,1,0.8305085,0.8305085,0.8305085
Nc1ccccc1C(=O)NC/C=C/CN1CCN(c2cccc(Cl)c2Cl)CC1,train,train,train,1,1,0.8148148,0.8148148,0.8148148
Nc1cccc(C(=O)NC/C=C/CN2CCN(c3cccc(Cl)c3Cl)CC2)c1,train,train,train,1,1,0.8181818,0.8181818,0.8181818
CN1CCN(C2=Cn3cccc3Sc3ccccc32)CC1,test,test,train,4,4,0.6666667,0.6666667,0.6666667
CN(C)C[C@H]1C[C@@H]2c3ccccc3Cc3ccccc3[C@H]2O1,train,train,train,2,2,0.5744681,0.5744681,0.5744681
CN1CCN2c3ncccc3Cc3ccccc3C2C1,train,train,train,4,4,0.64285713,0.64285713,0.64285713
CN1CCN2c3ccccc3Cc3ccccc3C2C1,train,train,train,2,2,0.64285713,0.64285713,0.64285713
CN(C)C[C@H]1CC2c3ccccc3Oc3ccc(Br)cc3[C@H]2O1,train,train,train,2,2,0.5744681,0.5744681,0.5744681
COc1ccccc1N1CCN(CCCCNC(=O)c2ccc(F)cc2)CC1,train,train,train,1,1,0.92156863,0.8269231,0.92156863
O=C(NCCCCN1CCN(c2cccc(Cl)c2Cl)CC1)c1ccc(F)cc1,train,train,train,1,1,0.82,0.82,0.82
COc1ccccc1N1CCN(CCCCNC(=O)c2ccc(F)nc2)CC1,test,test,test,1,1,0.78571427,0.78571427,0.86440676
O=C(NCCCCN1CCN(c2cccc(Cl)c2Cl)CC1)c1ccc(F)nc1,train,train,train,1,1,0.76785713,0.76785713,0.76785713
COc1ccccc1N1CCN(CCCCNC(=O)c2cccc(F)n2)CC1,train,train,train,1,1,0.74603176,0.74603176,0.73333335
O=C(NCCCCN1CCN(c2cccc(Cl)c2Cl)CC1)c1cccc(F)n1,train,train,train,1,1,0.7017544,0.7017544,0.7017544
COc1ccccc1N1CCN(CCCCNS(=O)(=O)c2ccc(F)cc2)CC1,train,train,train,1,1,0.68421054,0.68421054,0.6666667
O=S(=O)(NCCCCN1CCN(c2cccc(Cl)c2Cl)CC1)c1ccc(F)cc1,train,train,test,1,1,0.68421054,0.68421054,0.68421054
CCCNC1CCn2ncc(C(=O)OC)c2C1,test,test,train,2,2,0.64705884,0.64705884,0.64705884
CCCN(CCC)C1CCn2ncc(C(=O)OC)c2C1,train,train,train,2,2,0.6,0.6,0.64705884
CCCN(CCC)C1CCn2ncc(C=O)c2C1,train,train,train,2,2,0.6304348,0.6304348,0.6304348
COc1ccccc1N1CCN(CCCCNC(=O)c2ccc3c(c2)Cc2ccccc2-3)CC1,train,train,train,1,1,0.7692308,0.7692308,0.7692308
O=C(NCCCCN1CCN(c2cccc(Cl)c2Cl)CC1)c1ccc2ccccc2c1,train,train,train,1,1,0.8,0.8,0.88
O=C(NCCCCN1CCN(c2cccc(Cl)c2Cl)CC1)c1ccc(-c2ccccc2)cc1,train,train,train,1,1,0.877551,0.877551,0.877551
O=C(NCCCCN1CCN(c2cccc(Cl)c2Cl)CC1)c1ccccc1,train,train,train,1,1,0.877551,0.877551,0.877551
O=C(NCCCCN1CCN(c2cccc(Cl)c2Cl)CC1)c1cccc2ccccc12,train,train,train,1,1,0.80701756,0.7413793,0.80701756
COc1ccccc1N1CCN(CCCCNC(=O)c2cccc3ccccc23)CC1,test,test,test,1,1,0.8035714,0.8035714,0.7288136
CN1CCc2c(sc3ncn(CCN4CCN(c5cncc6ccccc56)CC4)c(=O)c23)C1,train,train,test,1,1,0.34666666,0.34666666,0.36708862
CN1CCc2c(sc3ncn(CCN4CCN(c5ccnc6ccccc56)CC4)c(=O)c23)C1,test,test,test,1,1,0.75,0.75,0.42666668
COc1cccc2cc(C(=O)NCCCCN3CCN(c4cccc(Cl)c4Cl)CC3)oc12,train,train,train,1,1,0.82258064,0.82258064,0.82258064
Cn1c(=O)cnn(CCCCN2CCN(c3cccc4ccc(O[11CH3])cc34)CC2)c1=O,train,train,train,1,1,0.57575756,0.57575756,0.57575756
COc1ccccc1N1CCN(CCCCNC(=O)c2cc(-c3ccco3)[nH]n2)CC1,train,train,train,1,1,0.6621622,0.6621622,0.6621622
COc1ccccc1N1CCN(CCCCNC(=O)c2ccc(-n3ccnc3)cc2)CC1,train,train,test,1,1,0.9655172,0.9655172,0.9655172
COc1ccccc1N1CCN(CCCCNC(=O)c2ccc(N3CCOCC3)cc2)CC1,train,train,train,1,1,0.76785713,0.76785713,0.76785713
COc1ccccc1N1CCN(CCCCNC(=O)c2ccc3c(c2)OCO3)CC1,train,train,train,1,1,0.7586207,0.7586207,0.7586207
COc1ccccc1N1CCN(CCCCNC(=O)c2ccc3nccnc3c2)CC1,train,train,train,1,1,0.7457627,0.7457627,0.7457627
COc1ccc2onc(N3CCN(CCCCNC(=O)c4cccc(-n5ccnc5)c4)CC3)c2c1,train,train,train,1,1,0.7631579,0.7631579,0.84931505
COc1ccc2onc(N3CCN(CCCCNC(=O)c4cccc(N5CCOCC5)c4)CC3)c2c1,train,train,train,1,1,0.85294116,0.85294116,0.7631579
COc1ccc2onc(N3CCN(CCCCNC(=O)c4cccc(-c5noc(C)n5)c4)CC3)c2c1,train,train,train,1,1,0.8428571,0.8428571,0.8428571
COc1ccc2onc(N3CCN(CCCCNC(=O)c4cccc(-c5ncccn5)c4)CC3)c2c1,train,train,train,1,1,0.8428571,0.8428571,0.8428571
COc1ccc2onc(N3CCN(CCCCNC(=O)c4cc(-c5ccco5)[nH]n4)CC3)c2c1,train,train,train,1,1,0.6621622,0.6621622,0.6621622
COc1ccc2onc(N3CCN(CCCCNC(=O)c4ccc(-n5ccnc5)cc4)CC3)c2c1,test,test,train,1,1,0.84931505,0.84931505,0.84931505
COc1ccc2onc(N3CCN(CCCCNC(=O)c4ccc(N5CCOCC5)cc4)CC3)c2c1,train,train,test,1,1,0.85294116,0.85294116,0.85294116
COc1ccc2onc(N3CCN(CCCCNC(=O)c4ccc5nonc5c4)CC3)c2c1,train,train,test,1,1,0.8358209,0.8358209,0.8358209
COc1ccc2onc(N3CCN(CCCCNC(=O)c4ccc5c(c4)OCO5)CC3)c2c1,train,train,train,1,1,0.75714284,0.75714284,0.74647886
COc1ccc2onc(N3CCN(CCCCNC(=O)c4ccc5nccnc5c4)CC3)c2c1,train,train,train,1,1,0.8358209,0.8358209,0.78571427
COc1ccccc1N1CCN(CCCCNC(=O)c2cc3cccc(OC)c3o2)CC1,train,train,train,1,1,0.82258064,0.82258064,0.82258064
COc1ccc2ccnc(N3CCN(CCCCNC(=O)c4cc5cccc(OC)c5o4)CC3)c2c1,train,train,train,1,1,0.7808219,0.7808219,0.7808219
COc1cccc2cc(C(=O)NCCCCN3CCN(c4cccc5nccnc45)CC3)oc12,train,train,test,1,1,0.8125,0.8125,0.8125
COc1cccc2cc(C(=O)NCCCCN3CCN(c4[nH]nc5ccccc45)CC3)oc12,train,train,train,1,1,0.7205882,0.7205882,0.7205882
COc1ccc2onc(N3CCN(CCCCNC(=O)c4cc5cccc(OC)c5o4)CC3)c2c1,train,train,train,1,1,0.7808219,0.7808219,0.7808219
CN1CCc2ccccc2Cc2ccccc2CC1,train,train,train,2,2,0.6896552,0.6896552,0.6896552
CC(C)(C)c1nc(N2CCN(CCCCn3cccnc3=O)CC2)cc(C(F)(F)F)n1,train,train,test,1,1,0.7586207,0.7586207,0.7457627
Cc1cn(CCCCN2CCN(c3cc(C(F)(F)F)nc(C(C)(C)C)n3)CC2)c(=O)n(C)c1=O,test,test,train,1,1,0.73333335,0.73333335,0.73770493
Cn1c(=O)ccn(CCCCN2CCN(c3cc(C(F)(F)F)nc(C(C)(C)C)n3)CC2)c1=O,train,train,train,1,1,0.7627119,0.7627119,0.7627119
CC(C)(C)c1nc(N2CCN(CCCCn3cc(C#N)c(=O)[nH]c3=O)CC2)cc(C(F)(F)F)n1,test,test,train,1,1,0.7903226,0.7903226,0.7903226
CC(C)(C)c1nc(N2CCN(CCCCn3cc(C(F)(F)F)c(=O)[nH]c3=O)CC2)cc(C(F)(F)F)n1,train,train,train,1,1,0.8305085,0.8305085,0.8305085
CC(C)(C)c1nc(N2CCN(CCCCn3cc(Cl)c(=O)[nH]c3=O)CC2)cc(C(F)(F)F)n1,train,train,train,1,1,0.81666666,0.81666666,0.81666666
CC(C)(C)c1nc(N2CCN(CCCCn3cc(F)c(=O)[nH]c3=O)CC2)cc(C(F)(F)F)n1,train,train,train,1,1,0.8305085,0.8305085,0.8305085
CCc1cn(CCCCN2CCN(c3cc(C(F)(F)F)nc(C(C)(C)C)n3)CC2)c(=O)[nH]c1=O,train,train,train,1,1,0.81666666,0.81666666,0.81666666
Cc1cn(CCCCN2CCN(c3cc(C(F)(F)F)nc(C(C)(C)C)n3)CC2)c(=O)[nH]c1=O,test,test,train,1,1,0.8305085,0.8305085,0.8305085
CC(C)(C)c1nc(N2CCN(CCCSc3nccc(O)n3)CC2)cc(C(F)(F)F)n1,train,train,train,3,3,0.58208954,0.58208954,0.5882353
CC(C)(C)c1nc(N2CCN(CCCCn3ccc(N4CCCCC4)nc3=O)CC2)cc(C(F)(F)F)n1,train,train,train,1,1,0.94545454,0.94545454,0.94545454
CC(C)(C)c1nc(N2CCN(CCCCn3ccc(N4CCC4)nc3=O)CC2)cc(C(F)(F)F)n1,train,train,train,1,1,0.94545454,0.94545454,0.94545454
CC(C)(C)c1nc(N2CCN(CCCCn3ccc(-c4ccccc4)nc3=O)CC2)cc(C(F)(F)F)n1,test,test,train,1,1,0.78333336,0.78333336,0.7704918
CC(C)(C)c1nc(N2CCN(CCCCn3ccc(C4CCCCC4)nc3=O)CC2)cc(C(F)(F)F)n1,train,train,train,1,1,0.95,0.95,0.95
CC(C)(C)c1nc(N2CCN(CCCCn3ccc(C4CCC4)nc3=O)CC2)cc(C(F)(F)F)n1,train,train,train,1,1,0.95,0.95,0.95
CC(C)(C)c1nc(N2CCN(CCCCn3ccc(C4CC4)nc3=O)CC2)cc(C(F)(F)F)n1,train,train,train,1,1,0.9322034,0.9322034,0.9322034
CC(C)(C)c1ccn(CCCCN2CCN(c3cc(C(F)(F)F)nc(C(C)(C)C)n3)CC2)c(=O)n1,train,train,train,1,1,0.9423077,0.9423077,0.83928573
Cc1ccn(CCCCN2CCN(c3cc(C(F)(F)F)nc(C(C)(C)C)n3)CC2)c(=O)n1,train,train,train,1,1,0.8545455,0.8545455,0.83928573
CCOc1ccn(CCCCN2CCN(c3cc(C(F)(F)F)nc(C(C)(C)C)n3)CC2)c(=O)n1,train,train,test,1,1,0.78333336,0.78333336,0.7704918
CC(C)(C)c1nc(N2CCN(CCCCn3ccc(=O)[nH]c3=O)CC2)cc(C(F)(F)F)n1,train,train,train,1,1,0.75,0.75,0.75
CC(C)(C)c1nc(N2CCN(CCCN3C(=O)CCc4ccccc43)CC2)cc(C(F)(F)F)n1,test,test,train,1,1,0.96428573,0.96428573,0.94736844
CC(C)(C)c1nc(N2CCN(CCCCN3C(=O)CCC(=O)c4ccccc43)CC2)cc(C(F)(F)F)n1,train,train,test,1,1,0.852459,0.852459,0.852459
CC(C)(C)c1nc(N2CCN(CCCCN3CCC(=O)CCC3=O)CC2)cc(C(F)(F)F)n1,train,train,train,1,1,0.67741936,0.67741936,0.67741936
COc1cc2c(cc1OC)N(CCCCN1CCN(c3cc(C(F)(F)F)nc(C(C)(C)C)n3)CC1)C(=O)CCC2=O,train,train,test,1,1,0.76119405,0.76119405,0.6891892
CC(C)(C)c1nc(N2CCN(CCCCN3C(=O)CCCc4c(O)cccc43)CC2)cc(C(F)(F)F)n1,train,train,train,1,1,0.8115942,0.8115942,0.8115942
COc1cccc2c1CCCC(=O)N2CCCCN1CCN(c2cc(C(F)(F)F)nc(C(C)(C)C)n2)CC1,train,train,train,1,1,0.8115942,0.8115942,0.8115942
CC(C)(C)c1nc(N2CCN(CCCCN3C(=O)CCSc4ccccc43)CC2)cc(C(F)(F)F)n1,train,train,train,1,1,0.7692308,0.7692308,0.75757575
CC(C)(C)c1nc(N2CCN(CCCCN3C(=O)CCCc4ccccc43)CC2)cc(C(F)(F)F)n1,train,train,train,1,1,0.89830506,0.89830506,0.8833333
CC(C)(C)c1nc(N2CCN(CCCCN3C(=O)CC(=O)c4ccccc43)CC2)cc(C(F)(F)F)n1,train,train,train,1,1,0.852459,0.852459,0.75
CC(C)(C)c1nc(N2CCN(CCCCN3Cc4ccccc4CC3=O)CC2)cc(C(F)(F)F)n1,train,train,train,1,1,0.67741936,0.67741936,0.67741936
CC(C)(C)c1nc(N2CCN(CCCCn3c(=O)ccc4ccccc43)CC2)cc(C(F)(F)F)n1,train,train,train,1,1,0.73770493,0.73770493,0.73770493
CC(C)(C)c1nc(N2CCN(CCCCN3C(=O)COc4ccccc43)CC2)cc(C(F)(F)F)n1,train,train,test,1,1,0.765625,0.765625,0.75384617
C[C@@H](CCCN1C(=O)CCc2ccccc21)N1CCN(c2cc(C(F)(F)F)nc(C(C)(C)C)n2)CC1,train,train,train,1,1,0.7692308,0.7692308,0.7692308
C[C@H](CCN1CCN(c2cc(C(F)(F)F)nc(C(C)(C)C)n2)CC1)CN1C(=O)CCc2ccccc21,train,train,train,1,1,0.7692308,0.7692308,0.7692308
C/C(=C\CN1CCN(c2cc(C(F)(F)F)nc(C(C)(C)C)n2)CC1)CN1C(=O)CCc2ccccc21,train,train,train,1,1,0.8125,0.8125,0.8125
CC(C)(C)c1nc(N2CCN(C/C=C/CN3C(=O)CCc4ccccc43)CC2)cc(C(F)(F)F)n1,train,train,train,1,1,0.8125,0.8125,0.8125
CC(C)(C)c1nc(N2CCN(CCCCCN3C(=O)CCc4ccccc43)CC2)cc(C(F)(F)F)n1,test,test,train,1,1,0.98214287,0.98214287,0.94736844
CC(C)(C)c1nc(N2CCN(CCCCN3C(=O)CCc4ccccc43)CC2)cc(C(F)(F)F)n1,train,train,test,1,1,0.89830506,0.89830506,0.98214287
CN1CCc2cc(O)ccc2Cc2ccc(O)cc2CC1,train,train,train,2,2,0.86206895,0.86206895,0.86206895
COc1cccc2c1Cc1ccccc1CCN(C)CC2,train,train,train,2,2,0.6388889,0.6388889,0.6388889
CN1CCc2ccccc2Cc2c(O)cccc2CC1,train,train,train,2,2,0.6944444,0.6944444,0.6944444
CN1CCc2ccccc2Cc2cc(O)c(Cl)cc2CC1,test,test,train,2,2,0.6756757,0.6756757,0.6756757
COc1c(Cl)cc2c(c1Cl)Cc1ccccc1CCN(C)CC2,train,train,train,2,2,0.5555556,0.5555556,0.5555556
COc1ccc2c(c1)Cc1ccccc1CCN(C)CC2,train,train,train,2,2,0.9375,0.9375,0.9375
CN1CCc2ccccc2Cc2cc(O)ccc2CC1,test,test,train,2,2,0.93333334,0.93333334,0.93333334
CN1CCc2ccccc2Cc2ccc(O)c(Cl)c2CC1,train,train,test,2,2,0.8108108,0.8108108,0.8108108
COc1ccc2c(c1)CCN(C)CCc1ccccc1C2,train,train,train,2,2,0.9375,0.9375,0.9375
CN1CCc2ccccc2Cc2ccc(O)cc2CC1,train,train,train,2,2,0.8787879,0.8787879,0.93333334
CN1CCc2ccccc2Cc2c(ccc(O)c2Cl)CC1,train,train,train,2,2,0.8108108,0.8108108,0.6944444
COc1ccc2c(c1)CCN(C)CCc1cc(OC)ccc1C2,train,train,train,2,2,0.87096775,0.87096775,0.87096775
CC(C)(C)c1nc(N2CCN(CCCCNC(=O)CCc3ccccc3)CC2)cc(C(F)(F)F)n1,train,train,train,1,1,0.82539684,0.82539684,0.82539684
CC(C)(C)c1nc(N2CCN(CCCCCC(=O)NCc3ccccc3)CC2)cc(C(F)(F)F)n1,train,train,test,1,1,0.78125,0.78125,0.7692308
CCN(Cc1ccccc1)C(=O)NCCCCN1CCN(c2cc(C(F)(F)F)nc(C(C)(C)C)n2)CC1,train,train,test,1,1,0.82539684,0.82539684,0.82539684
CCN(CC)C(=O)NCCCCN1CCN(c2cc(C(F)(F)F)nc(C(C)(C)C)n2)CC1,train,train,train,1,1,0.82539684,0.82539684,0.73333335
CC(C)(C)c1nc(N2CCN(CCCCNC(=O)NCC3CCCCC3)CC2)cc(C(F)(F)F)n1,train,train,train,1,1,0.7419355,0.7419355,0.7580645
CC(C)(C)c1nc(N2CCN(CCCCNC(=O)NCCc3ccccc3)CC2)cc(C(F)(F)F)n1,train,train,train,1,1,0.86885244,0.86885244,0.82539684
CC(C)(C)c1nc(N2CCN(CCCCNC(=O)NCc3ccccc3)CC2)cc(C(F)(F)F)n1,train,train,test,1,1,0.86885244,0.86885244,0.86885244
CC(C)(C)c1nc(N2CCN(CCCCNC(=O)Nc3ccccc3)CC2)cc(C(F)(F)F)n1,test,test,test,1,1,0.7936508,0.7936508,0.7936508
CC(C)(C)CNC(=O)NCCCCN1CCN(c2cc(C(F)(F)F)nc(C(C)(C)C)n2)CC1,test,test,train,1,1,0.80701756,0.80701756,0.80701756
CC(C)(C)NC(=O)NCCCCN1CCN(c2cc(C(F)(F)F)nc(C(C)(C)C)n2)CC1,train,train,train,1,1,0.7419355,0.7419355,0.80701756
Cc1cccc(=O)n1CCCCN1CCN(c2cc(C(F)(F)F)nc(C(C)(C)C)n2)CC1,train,train,train,1,1,0.73770493,0.73770493,0.73770493
CC(C)(C)c1nc(N2CCN(CCCCn3cc(Cl)ccc3=O)CC2)cc(C(F)(F)F)n1,test,test,train,1,1,0.80701756,0.80701756,0.80701756
CC(C)(C)c1nc(N2CCN(CCCCn3cc(C(F)(F)F)ccc3=O)CC2)cc(C(F)(F)F)n1,train,train,train,1,1,0.7758621,0.7758621,0.80701756
CC(C)(C)c1nc(N2CCN(CCCCn3cccc(C(F)(F)F)c3=O)CC2)cc(C(F)(F)F)n1,test,test,train,1,1,0.72131145,0.72131145,0.82758623
Cc1cccn(CCCCN2CCN(c3cc(C(F)(F)F)nc(C(C)(C)C)n3)CC2)c1=O,test,test,train,1,1,0.72131145,0.72131145,0.82758623
COc1cccn(CCCCN2CCN(c3cc(C(F)(F)F)nc(C(C)(C)C)n3)CC2)c1=O,test,test,test,1,1,0.7096774,0.7096774,0.78688526
CC(C)(C)c1nc(N2CCN(CCCCn3ccc(-c4ccccc4)cc3=O)CC2)cc(C(F)(F)F)n1,train,train,train,1,1,0.7704918,0.7704918,0.7704918
CC(C)(C)c1nc(N2CCN(CCCCn3ccc(C(F)(F)F)cc3=O)CC2)cc(C(F)(F)F)n1,train,train,test,1,1,0.7758621,0.7758621,0.8245614
CC(C)(C)c1nc(N2CCN(CCCCn3ccc(C(F)(F)F)nc3=O)CC2)cc(C(F)(F)F)n1,train,train,test,1,1,0.9423077,0.9423077,0.9423077
CC(C)(C)c1nc(N2CCN(CCCCn3ccc(O)cc3=O)CC2)cc(C(F)(F)F)n1,test,test,train,1,1,0.8103448,0.8103448,0.8103448
Cc1ccn(CCCCN2CCN(c3cc(C(F)(F)F)nc(C(C)(C)C)n3)CC2)c(=O)c1,test,test,train,1,1,0.8245614,0.8245614,0.8103448
COc1ccccc1N1CCN(CCCCNC(=O)c2cc3c4ccc(c3o2)CCc2ccc(cc2)CC4)CC1,train,train,train,1,1,0.7164179,0.7164179,0.7164179
O=C(NCCCCN1CCN(c2cccc(F)c2F)CC1)c1cc2ccc1CCc1ccc(cc1)CC2,train,train,train,1,1,0.76363635,0.76363635,0.76363635
COc1c(Cl)cccc1N1CCN(CCCCNC(=O)c2cc3ccc2CCc2ccc(cc2)CC3)CC1,train,train,train,1,1,0.7903226,0.7903226,0.7903226
O=C(NCCCCN1CCN(c2cccc(Cl)c2Cl)CC1)c1cc2ccc1CCc1ccc(cc1)CC2,train,train,train,1,1,0.7903226,0.7903226,0.7903226
COc1ccccc1N1CCN(CCCCNC(=O)c2cc3ccc2CCc2ccc(cc2)CC3)CC1,train,train,train,1,1,0.75,0.75,0.75
COc1nc(NCCCN2CCOCC2)nc(OC)c1NC(=O)c1ccc(Oc2cc3c(cc2C)CCC3(C)C)o1,train,train,train,1,1,0.32673267,0.32673267,0.32673267
c1ccc(N2CCN(Cc3cnn(-c4ccccn4)c3)CC2)cc1,test,test,test,4,4,0.7380952,0.7380952,0.7380952
C1=C(c2ccccc2)CCN(Cc2cn(-c3ccccc3)nn2)C1,test,test,train,4,4,0.63829786,0.63829786,0.63829786
c1ccc(N2CCN(Cc3ccc(-n4cccn4)cc3)CC2)cc1,test,test,train,4,4,0.61904764,0.61904764,0.61904764
C1=C(c2ccccc2)CCN(Cc2cnn(-c3ccccc3)c2)C1,train,train,train,4,4,0.6,0.6,0.63829786
COc1ccccc1N1CCN(Cc2cn(-c3ccccc3)nn2)CC1,train,train,train,1,1,0.76,0.76,0.76
c1ccc(N2CCN(Cc3cn(-c4ccccc4)nn3)CC2)cc1,train,train,train,4,4,0.6818182,0.6818182,0.6818182
Cc1c(CN2CCN(c3ccccc3)CC2)cnn1-c1ccccc1,train,train,train,4,4,0.6136364,0.6136364,0.5555556
c1ccc(-n2cc(CN3CCN(c4ncccn4)CC3)cn2)cc1,train,train,train,4,4,0.775,0.775,0.775
Cc1nn(-c2ccccc2)cc1CN1CCN(c2ccccc2)CC1,train,train,train,4,4,0.55813956,0.55813956,0.55813956
COc1ccccc1N1CCN(Cc2cnn(-c3ccccc3)c2)CC1,train,train,train,1,1,0.7307692,0.7307692,0.7307692
Fc1ccccc1N1CCN(Cc2cnn(-c3ccccc3)c2)CC1,train,train,train,4,4,0.7380952,0.7380952,0.7380952
Fc1ccc(N2CCN(Cc3cnn(-c4ccccc4)c3)CC2)cc1,train,train,train,4,4,0.84615386,0.84615386,0.84615386
Clc1ccc(N2CCN(Cc3cnn(-c4ccccc4)c3)CC2)cc1,train,train,train,4,4,0.84615386,0.84615386,0.84615386
c1ccc(N2CCN(Cc3cnn(-c4ccccc4)c3)CC2)cc1,train,train,train,4,4,0.84615386,0.84615386,0.84615386
COc1ccccc1N1CCN(Cc2cnn(-c3ccccn3)c2)CC1,train,train,train,1,1,0.7307692,0.7307692,0.7307692
COc1ccccc1N1CCN(Cc2cn3cc(C)cc(-c4ccccc4)c3n2)CC1,train,train,train,1,1,0.74545455,0.74545455,0.74545455
COc1ccccc1N1CCN(Cc2cn3c(-n4cccn4)cccc3n2)CC1,train,train,test,1,1,0.6785714,0.6785714,0.6785714
COc1ccccc1N1CCN(Cc2cn3cc(C)cc(-n4cccn4)c3n2)CC1,train,train,train,1,1,0.7368421,0.7368421,0.7368421
COc1ccccc1N1CCN(Cc2cn3cc(C)cc(N4CCOCC4)c3n2)CC1,train,train,train,1,1,0.7592593,0.7592593,0.7592593
COc1ccccc1N1CCN(Cc2cn3cc(C)cc(C#N)c3n2)CC1,train,train,train,1,1,0.73214287,0.73214287,0.73214287
Clc1ccc(N2CCN(Cc3cn4cc(Br)ccc4n3)CC2)cc1Cl,train,train,train,4,4,0.7,0.7,0.64705884
COc1ccccc1N1CCN(Cc2cn3cc(C)cc(I)c3n2)CC1,train,train,train,1,1,0.7735849,0.7735849,0.7735849
COc1ccccc1N1CCN(Cc2cn3cc(C)cc(Br)c3n2)CC1,train,train,train,1,1,0.7735849,0.7735849,0.7735849
COc1ccccc1N1CCN(Cc2cn3cc(I)ccc3n2)CC1,train,train,train,1,1,0.7755102,0.7755102,0.7755102
COc1ccccc1N1CCN(Cc2cn3cc(Br)ccc3n2)CC1,train,train,train,1,1,0.7647059,0.7647059,0.7647059
CN1CCN(c2ccc3nc(CN4CCN(c5ccc(Cl)c(Cl)c5)CC4)cn3n2)CC1,train,train,test,4,4,0.8269231,0.8269231,0.8269231
Clc1ccc(N2CCN(Cc3cn4nc(N5CCCCC5)ccc4n3)CC2)cc1Cl,train,train,train,4,4,0.8269231,0.8269231,0.76
Fc1ccc(N2CCN(Cc3cn4cccnc4n3)CC2)cc1,train,train,train,4,4,0.67346936,0.67346936,0.67346936
Fc1ccc(N2CCN(Cc3cn4ccncc4n3)CC2)cc1,train,train,train,4,4,0.7083333,0.7083333,0.7083333
Clc1ccc(N2CCN(Cc3cn4nc(Cl)ccc4n3)CC2)cc1,train,train,train,4,4,0.8,0.8,0.82222223
COc1ccccc1N1CCN(Cc2cn3nc(Cl)ccc3n2)CC1,train,train,train,1,1,0.6792453,0.6792453,0.6792453
Clc1ccc2nc(CN3CCN(c4ccc(Cl)c(Cl)c4)CC3)cn2n1,train,train,train,4,4,0.8,0.8,0.8
Fc1ccc(N2CCN(Cc3cn4nc(Cl)ccc4n3)CC2)cc1,test,test,train,4,4,0.82222223,0.82222223,0.82222223
Clc1ccc(N2CCN(Cc3cn4ccccc4n3)CC2)cc1,train,train,train,4,4,0.7826087,0.7826087,0.7777778
COc1ccccc1N1CCN(Cc2cn3ccccc3n2)CC1,train,train,train,1,1,0.7755102,0.7755102,0.7755102
Clc1ccc(N2CCN(Cc3cn4ccccc4n3)CC2)cc1Cl,train,train,test,4,4,0.7826087,0.7826087,0.7826087
Fc1ccc(N2CCN(Cc3cn4ccccc4n3)CC2)cc1,train,train,train,4,4,0.7777778,0.7777778,0.7777778
COc1ccc(N2CC=C(c3ccc(Cl)c(Cl)c3)C2=O)cc1OCCN1CCCCC1,train,train,train,4,4,0.34285715,0.34285715,0.34285715
CN1CCc2ccccc2Cc2[nH]c3ccccc3c2CC1,train,train,train,2,2,0.8684211,0.8684211,0.8684211
CN1CCCc2ccccc2Cc2[nH]c3ccccc3c2CC1,train,train,train,2,2,0.8974359,0.8974359,0.8684211
CN1CCCc2c([nH]c3ccccc23)Cc2ccccc2CC1,train,train,test,2,2,0.8974359,0.8974359,0.8974359
Oc1cc2c(cc1O)C1c3ccccc3CNC1CO2,train,train,train,2,2,0.39215687,0.39215687,0.39215687
COc1ccccc1N1CCN(CCCCNC(=O)c2ccc(-c3cccc([18F])n3)cc2)CC1,train,train,test,1,1,0.75,0.765625,0.75
COc1ccccc1N1CCN(CCCCNC(=O)c2ccc(-c3ccc([18F])nc3)cc2)CC1,test,test,train,1,1,0.7627119,0.7627119,0.7627119
O=C(NCCCCN1CCN(c2cccc(Cl)c2Cl)CC1)c1cc2cc(Br)ccc2[nH]1,train,test,test,1,1,0.82258064,0.82258064,0.8032787
COc1ccccc1N1CCN(CCCCNC(=O)c2cc3ccc(C#N)cc3[nH]2)CC1,test,train,train,1,1,0.78125,0.890625,0.78125
COc1ccccc1N1CCN(CCCCNC(=O)c2cc3cc(Br)ccc3[nH]2)CC1,train,train,train,1,1,0.8333333,0.8333333,0.8333333
COc1ccccc1N1CCN(CCCCNC(=O)c2cc3cc(C#N)ccc3[nH]2)CC1,test,train,test,1,1,0.7936508,0.890625,0.890625
O=C(NCCCCN1CCN(c2cccc(Cl)c2Cl)CC1)c1cc2ccccc2[nH]1,train,train,train,1,1,0.81666666,0.81666666,0.7903226
COc1ccccc1N1CCN(CCCCNC(=O)c2cc3cc(C#N)ccc3o2)CC1,train,train,train,1,1,0.78125,0.78125,0.78125
O=C(NCCCCN1CCN(c2cccc(Cl)c2Cl)CC1)c1cc2cc(Br)ccc2o1,test,test,test,1,1,0.8095238,0.8095238,0.8095238
COc1ccccc1N1CCN(CCCCNC(=O)c2cc3cc(Br)ccc3o2)CC1,test,test,train,1,1,0.8196721,0.8196721,0.8196721
C#Cc1ccc2cc(C(=O)NCCCCN3CCN(c4ccccc4OC)CC3)sc2c1,train,test,train,1,1,0.7936508,0.875,0.875
COc1ccccc1N1CCN(CCCCNC(=O)c2cc3cc(C#N)ccc3s2)CC1,train,test,train,1,1,0.8095238,0.86153847,0.86153847
C#Cc1ccc2sc(C(=O)NCCCCN3CCN(c4ccccc4OC)CC3)cc2c1,test,train,train,1,1,0.875,0.82258064,0.875
O=C(NCCCCN1CCN(c2ccccc2Cl)CC1)c1ccc(-c2ccccc2)cc1,train,train,train,1,1,0.877551,0.877551,0.877551
COc1ccc(C(=O)NCCCCN2CCN(c3ccccc3Cl)CC2)cc1OC,train,train,train,1,1,0.70689654,0.70689654,0.72727275
O=C(NCCCCN1CCN(c2ccccc2Cl)CC1)c1ccc(Cl)cc1,train,test,train,1,1,0.82978725,0.82978725,0.82978725
O=C(NCCCCN1CCN(c2ccccc2Cl)CC1)c1ccc2ccccc2c1,test,test,train,1,1,0.88,0.88,0.88
Clc1ccc(N2CCN(Cc3cnn4c(I)cccc34)CC2)cc1,test,test,train,4,4,0.7446808,0.7446808,0.7659575
N#Cc1ccc2cc(C(=O)NCCCCN3CCN(c4cccc(Cl)c4Cl)CC3)[nH]c2c1,train,train,train,1,1,0.765625,0.765625,0.765625
CCCc1c(C(=O)NCCCCCN2CCN(c3ccccc3OC)CC2)nnn1Cc1ccccc1Br,train,train,train,1,1,0.9848485,0.9848485,0.9848485
CCCc1c(C(=O)NCCCCN2CCN(c3ccccc3OC)CC2)nnn1Cc1ccccc1Br,train,train,train,1,1,0.9848485,0.9848485,0.9848485
COc1ccccc1N1CCN(CCCCCNC(=O)c2nnn(Cc3ccccc3Br)c2C)CC1,train,train,test,1,1,0.983871,0.983871,0.8028169
COc1ccccc1N1CCN(CCCCNC(=O)c2nnn(Cc3ccccc3Br)c2C)CC1,train,train,test,1,1,0.983871,0.983871,0.8
CCCc1c(C(=O)NCCCCN2CCN(c3ccccc3OC)CC2)nnn1Cc1ccc(OC)cc1,train,train,train,1,1,0.8939394,0.8939394,0.8939394
COc1ccc(Cn2nnc(C(=O)NCCCCCN3CCN(c4ccccc4OC)CC3)c2C)cc1,train,train,train,1,1,0.9836066,0.8888889,0.9836066
COc1ccc(Cn2nnc(C(=O)NCCCCCN3CCN(c4cccc(Cl)c4Cl)CC3)c2C)cc1,test,train,train,1,1,0.8333333,0.79710144,0.8333333
COc1ccc(Cn2nnc(C(=O)NCCCCN3CCN(c4ccccc4OC)CC3)c2C)cc1,train,test,train,1,1,0.9836066,0.9836066,0.9836066
CCCc1c(C(=O)NCCCCN2CCN(c3ccccc3OC)CC2)nnn1Cc1ccccc1,train,train,train,1,1,0.8939394,0.8939394,0.8939394
CCCc1c(C(=O)NCCCCN2CCN(c3cccc(Cl)c3Cl)CC2)nnn1Cc1ccccc1,train,train,train,1,1,0.7878788,0.76811594,0.7878788
COc1ccccc1N1CCN(CCCCCNC(=O)c2nnn(Cc3ccccc3)c2C)CC1,test,train,train,1,1,0.8888889,0.98275864,0.98275864
Cc1c(C(=O)NCCCCCN2CCN(c3cccc(Cl)c3Cl)CC2)nnn1Cc1ccccc1,train,test,train,1,1,0.98275864,0.8333333,0.98275864
COc1ccccc1N1CCN(CCCCNC(=O)c2nnn(Cc3ccccc3)c2C)CC1,test,train,train,1,1,0.88709676,0.98275864,0.98275864
Cc1c(C(=O)NCCCCN2CCN(c3cccc(Cl)c3Cl)CC2)nnn1Cc1ccccc1,train,test,train,1,1,0.98275864,0.8181818,0.98275864
O=C1CCc2ccc(OCCCCN3CCN(c4cccc(Cl)c4Cl)CC3)cc2N1,train,train,train,1,1,0.9310345,0.8196721,0.9310345
c1ccc(C2CCN(Cc3cn(-c4ccccc4)nn3)CC2)cc1,train,train,test,4,4,0.6585366,0.6585366,0.6585366
c1ccc(C2CCN(Cc3cnn(-c4ccccc4)c3)CC2)cc1,train,train,train,4,4,0.6666667,0.6666667,0.6666667
COc1cc2c(cc1OC)C1=NO[C@@H](CN3CCN(C/C(C)=C/c4ccc(F)cc4)CC3)[C@@H]1CO2,train,train,test,2,2,0.84375,0.84375,0.84375
CCCCc1ccc(S(=O)(=O)Nc2ccc3c(c2)CNC3)cc1,train,train,train,2,2,0.84782606,0.84782606,0.84782606
CC(C)Nc1cc2c(cc1NS(=O)(=O)c1ccc(-c3ccc(Cl)cc3)cc1)CCN(C)CC2,test,test,train,2,2,0.7916667,0.7916667,0.7916667
CC(C)Oc1cc2c(cc1NS(=O)(=O)c1ccc(-c3ccc(Cl)cc3)cc1)CCN(C)CC2,test,test,train,2,2,0.78431374,0.78431374,0.78431374
COc1cc2c(cc1NS(=O)(=O)c1ccc(-c3ccc(Cl)cc3)cc1)CCN(C)CC2,train,train,train,2,2,0.75,0.75,0.78431374
CN1CCc2cc(Cl)c(NS(=O)(=O)c3ccc(-c4ccc(Cl)cc4)cc3)cc2CC1,train,train,train,2,2,0.8,0.8,0.8
CN1CCc2cc(Br)c(NS(=O)(=O)c3ccc(-c4ccc(Cl)cc4)cc3)cc2CC1,train,train,train,2,2,0.7826087,0.7826087,0.7826087
CC(C)c1cc2c(cc1NS(=O)(=O)c1ccc(-c3ccc(Cl)cc3)cc1)CCN(C)CC2,train,train,train,2,2,0.7659575,0.7659575,0.7916667
Cc1cc2c(cc1NS(=O)(=O)c1ccc(-c3ccc(Cl)cc3)cc1)CCN(C)CC2,train,train,train,2,2,0.8,0.8,0.8
Cc1noc(C)c1-c1ccc(S(=O)(=O)Nc2ccc3c(c2)CCN(C)CC3)cc1,train,train,train,2,2,0.5964912,0.5964912,0.6315789
Cc1ccc(-c2ccc(S(=O)(=O)Nc3ccc4c(c3)CCN(C)CC4)cc2)s1,test,test,train,2,2,0.6545454,0.6545454,0.6545454
CN1CCc2ccc(NS(=O)(=O)c3ccc(-c4ccc(Cl)cc4)s3)cc2CC1,train,train,train,2,2,0.6034483,0.6034483,0.6545454
Cc1cc(S(=O)(=O)Nc2ccc3c(c2)CCN(C)CC3)ccc1-c1ccc(Cl)cc1,train,train,train,2,2,0.6034483,0.6034483,0.66071427
CN1CCc2ccc(NS(=O)(=O)c3ccc(-c4ccc(C#N)cc4)cc3)cc2CC1,train,train,train,2,2,0.5964912,0.5964912,0.6481481
CN1CCc2ccc(NS(=O)(=O)c3ccc(-c4ccc(F)c(Cl)c4)cc3)cc2CC1,test,test,train,2,2,0.66071427,0.66071427,0.66071427
CN1CCc2ccc(NS(=O)(=O)c3ccc(-c4ccc(Cl)cc4)cc3)cc2CC1,test,test,test,2,2,0.7755102,0.7755102,0.82978725
CCCCc1ccc(S(=O)(=O)Nc2ccc3c(c2)CCN(C)CC3)cc1,train,train,test,2,2,0.9130435,0.9130435,0.7708333
CCCCc1ccc(S(=O)(=O)Nc2ccc3c(c2)CCNCC3)cc1,train,train,train,2,2,0.8695652,0.8695652,0.8695652
CCCCc1ccc(S(=O)(=O)Nc2ccc3c(c2)CN(C)CC3)cc1,train,train,test,2,2,0.9130435,0.9130435,0.85106385
CCCCc1ccc(S(=O)(=O)Nc2ccc3c(c2)CNCC3)cc1,train,train,train,2,2,0.8695652,0.8695652,0.8695652
CCCCc1ccc(S(=O)(=O)Nc2ccc3c(c2)CN(C)C3)cc1,train,train,train,2,2,0.85106385,0.85106385,0.6938776
Cc1ccc2c(-c3nnc(SCCCN4CCc5ccc(-c6cc(C)nn6C)cc5CC4)n3C)cccc2n1,train,train,train,3,3,0.90909094,0.90909094,0.90909094
Cc1cc(-c2ccc3c(c2)CCN(CCCSc2nnc(-c4ccc(F)c(F)c4)n2C)CC3)n(C)n1,test,test,train,3,3,0.9,0.9,0.9
Cc1cc(-c2ccc3c(c2)CCN(CCCSc2nnc(-c4ccc(C(F)(F)F)cc4)n2C)CC3)n(C)n1,train,train,train,3,3,0.71014494,0.71014494,0.7846154
Cc1cc(-c2ccc3c(c2)CCN(CCCSc2nnc(-c4ocnc4C)n2C)CC3)n(C)n1,train,train,train,3,3,0.7222222,0.7222222,0.7222222
Cc1ccc2c(-c3nnc(SCCN4CCc5ccc(-c6cc(C)nn6C)cc5CC4)n3C)cccc2n1,train,train,train,3,3,0.90909094,0.90909094,0.90909094
Cc1cnc(-c2nnc(SCCN3CCc4ccc(-c5cc(C)nn5C)cc4CC3)n2C)cn1,train,train,train,3,3,0.72307694,0.72307694,0.72307694
Cc1cc(-c2ccc3c(c2)CCN(CCSc2nnc(-c4ccc(F)c(F)c4)n2C)CC3)n(C)n1,train,train,train,3,3,0.72307694,0.72307694,0.9
Cc1ccc2c(-c3nnc(SCCC(C)N4CCc5ccc(-c6cc(C)nn6C)cc5CC4)n3C)cccc2n1,train,train,train,3,3,0.8028169,0.8028169,0.8028169
COc1ccccc1N1CCN(CCC(O)CNC(=O)c2ccc3c(c2)Cc2ccccc2-3)CC1,train,train,train,1,1,0.75384617,0.76119405,0.76119405
O=C(NCC(O)CCN1CCN(c2cccc(Cl)c2Cl)CC1)c1ccc2c(c1)Cc1ccccc1-2,test,train,train,1,1,0.75384617,0.75384617,0.75384617
O=C(NCC(O)CCN1CCN(c2cccc(Cl)c2Cl)CC1)c1ccc(-c2ccccn2)cc1,train,train,train,1,1,0.76119405,0.75384617,0.76119405
CC(=O)OC(CCNC(=O)c1ccc(-c2ccccn2)cc1)CN1CCN(c2cccc(Cl)c2Cl)CC1,train,train,train,1,1,0.7826087,0.7,0.7826087
COc1ccccc1N1CCN(CC(O)CCNC(=O)c2ccc3c(c2)Cc2ccccc2-3)CC1,test,train,train,1,1,0.83076924,0.83076924,0.83076924
COc1ccccc1N1CCN(CC(O)CCNC(=O)c2ccc(-c3ccccn3)cc2)CC1,train,test,test,1,1,0.83076924,0.83076924,0.83076924
O=C(NCCC(O)CN1CCN(c2cccc(Cl)c2Cl)CC1)c1ccc2c(c1)Cc1ccccc1-2,test,test,test,1,1,0.93442625,0.93442625,0.93442625
O=C(NCCC(O)CN1CCN(c2cccc(Cl)c2Cl)CC1)c1ccc(-c2ccccn2)cc1,train,test,train,1,1,0.83076924,0.7826087,0.83076924
COc1ccccc1N1CCN(C/C=C/CNC(=O)c2ccc3c(c2)Cc2ccccc2-3)CC1,test,train,train,1,1,0.72727275,0.72727275,0.72307694
COc1ccccc1N1CCN(C/C=C/CNC(=O)c2ccc(-c3ccccn3)cc2)CC1,train,test,test,1,1,0.72727275,0.72727275,0.72727275
O=C(NC/C=C/C[N+]1([O-])CCN(c2cccc(Cl)c2Cl)CC1)c1ccc(-c2ccccn2)cc1,test,train,train,1,1,0.7352941,0.7352941,0.7352941
O=C(NC/C=C/CN1CCN(c2cccc(Cl)c2Cl)CC1)c1ccc(-c2cccc[n+]2[O-])cc1,train,test,test,1,1,0.7096774,0.7096774,0.7096774
Cc1cccnc1-c1ccc(C(=O)NC/C=C/CN2CCN(c3cccc(Cl)c3Cl)CC2)cc1,test,train,train,1,1,0.7936508,0.7936508,0.7936508
Cc1cccc(-c2ccc(C(=O)NC/C=C/CN3CCN(c4cccc(Cl)c4Cl)CC3)cc2)n1,test,test,train,1,1,0.7692308,0.7692308,0.7692308
O=C(NC/C=C/CN1CCN(c2cccc(Cl)c2Cl)CC1)c1ccc(-c2cccc(=O)[nH]2)cc1,train,test,test,1,1,0.74603176,0.74603176,0.74603176
COc1ccccc1N1CCN(CCCCNC(=O)c2ccc(-c3ccccn3)cc2)CC1,test,train,test,1,1,0.7692308,0.7692308,0.7692308
Cc1ccc2nc(-c3ccc(OCCCCN4CCN(c5cccc(Cl)c5Cl)CC4)cc3)cn2c1,train,train,train,1,1,0.94827586,0.94827586,0.94827586
Cc1cccn2cc(-c3ccc(OCCCCN4CCN(c5cccc(Cl)c5Cl)CC4)cc3)nc12,train,train,train,1,1,0.95,0.95,0.95
COc1ccccc1N1CCN(CCCCOc2ccc(-c3cn4cccc(C)c4n3)cc2)CC1,train,train,train,1,1,0.9491525,0.9491525,0.9491525
COc1ccccc1N1CCN(CCCCOc2ccc(-c3cn4ccc(C)cc4n3)cc2)CC1,train,train,train,1,1,0.8095238,0.95,0.8095238
Cc1ccn2cc(-c3ccc(OCCCCN4CCN(c5cccc(Cl)c5Cl)CC4)cc3)nc2c1,train,train,train,1,1,0.95,0.8125,0.95
COc1ccccc1N1CCN(CCCCOc2ccc(-c3cn4cc(C)ccc4n3)cc2)CC1,train,train,train,1,1,0.94736844,0.94736844,0.94736844
COc1ccccc1N1CCN(CCCOc2ccc(-c3cn4ccccc4n3)cc2)CC1,train,train,train,1,1,0.9464286,0.9464286,0.9464286
Clc1cccc(N2CCN(CCCCOc3ccc(-c4cn5ccccc5n4)cc3)CC2)c1Cl,train,train,train,1,1,0.94736844,0.796875,0.796875
COc1ccccc1N1CCN(CCCCOc2ccc(-c3cn4ccccc4n3)cc2)CC1,train,train,train,1,1,0.9464286,0.9464286,0.9464286
Cc1cccn2cc(-c3ccc(OCCCN4CCN(c5cccc(Cl)c5Cl)CC4)cc3)nc12,train,train,train,1,1,0.95,0.95,0.95
COc1ccccc1N1CCN(CCCOc2ccc(-c3cn4cccc(C)c4n3)cc2)CC1,train,train,train,1,1,0.9491525,0.9491525,0.9491525
Cc1ccn2cc(-c3ccc(OCCCN4CCN(c5cccc(Cl)c5Cl)CC4)cc3)nc2c1,train,test,train,1,1,0.95,0.95,0.95
COc1ccccc1N1CCN(CCCOc2ccc(-c3cn4ccc(C)cc4n3)cc2)CC1,test,train,test,1,1,0.95,0.95,0.95
Cc1ccc2nc(-c3ccc(OCCCN4CCN(c5cccc(Cl)c5Cl)CC4)cc3)cn2c1,train,train,train,1,1,0.94827586,0.94827586,0.94827586
COc1ccccc1N1CCN(CCCOc2ccc(-c3cn4cc(C)ccc4n3)cc2)CC1,train,train,train,1,1,0.94736844,0.94736844,0.94736844
Clc1cccc(N2CCN(CCCOc3ccc(-c4cn5ccccc5n4)cc3)CC2)c1Cl,train,test,test,1,1,0.94736844,0.94736844,0.94736844
CN1CCCc2cc(O)ccc2Cc2ccccc2CC1,train,train,train,2,2,1.0,1.0,1.0
COc1cc2c(cc1OC)Cc1ccccc1CCCN(C)CC2,train,train,train,2,2,0.725,0.725,0.725
CN1CCCc2ccccc2Cc2cc(O)ccc2CC1,test,test,train,2,2,0.9411765,0.9411765,0.9411765
COc1ccc2c(c1)Cc1ccccc1CCCN(C)CC2,train,train,test,2,2,0.9444444,0.9444444,0.9444444
Oc1ccc2c(c1)CCCNCCc1ccccc1C2,train,train,train,2,2,0.6,0.6,0.6
COc1ccc2c(c1)CCCN(C)CCCc1ccccc1C2,train,train,train,2,2,0.94285715,0.94285715,0.94285715
CN1CCCc2ccccc2Cc2ccc(O)cc2CCC1,test,test,test,2,2,0.93939394,0.93939394,0.93939394
COc1ccc2c(c1)CCN(C)CCCc1ccccc1C2,train,train,train,2,2,0.9444444,0.9444444,1.0
CN1CCCc2ccccc2Cc2ccc(O)cc2CC1,train,train,train,2,2,1.0,1.0,1.0
COc1ccc2c(c1)CCCN(C)CCc1ccccc1C2,test,test,train,2,2,1.0,1.0,1.0
O=C1c2ccccc2C(=O)N1CCCCN1CC=C(c2c[nH]c3ccc(F)cc23)CC1,train,train,train,4,4,0.47058824,0.47058824,0.47058824
CCN1CCCC1CNC(=O)c1cc(S(=O)(=O)CC)c(N)cc1OC,test,test,train,2,2,0.69491524,0.69491524,0.69491524
C[C@H]1Oc2c(cccc2N2CCN(CCCc3c[nH]c4ccc(F)cc34)CC2)NC1=O,train,train,train,1,1,0.36144578,0.36144578,0.36144578
Fc1ccc(-c2cncc(CN3CCN(c4cccc5c4OCCO5)CC3)c2)cc1,test,test,test,4,4,0.47457626,0.47457626,0.47457626
COc1ccc(-c2nnc(SCCCN3CCc4ccc(-c5cc(C)on5)cc4CC3)n2C)cn1,train,train,train,3,3,0.80597013,0.80597013,0.75
COc1ccc(-c2nnc(SCCCN3CCc4ccc(-c5cc(C)on5)cc4CC3)n2C)cc1,train,train,test,3,3,0.8666667,0.8666667,0.86153847
COc1cccc(-c2nnc(SCCCN3CCc4ccc(-c5cc(C)on5)cc4CC3)n2C)c1,train,train,train,3,3,0.86153847,0.86153847,0.8030303
COc1ccccc1-c1nnc(SCCCN2CCc3ccc(-c4cc(C)on4)cc3CC2)n1C,train,train,train,3,3,0.7941176,0.7941176,0.7941176
Cc1cc(-c2ccc3c(c2)CCN(CCCSc2nnc(C4CCOCC4)n2C)CC3)no1,test,test,train,3,3,0.875,0.875,0.875
Cc1cc(-c2ccc3c(c2)CCN(CCCSc2nnc(C4CCC(C)CC4)n2C)CC3)no1,train,train,train,3,3,0.875,0.875,0.875
Cc1cc(-c2ccc3c(c2)CCN(CCCSc2nnc(C4CCCC4)n2C)CC3)no1,train,train,train,3,3,0.875,0.875,0.875
Cc1cc(-c2ccc3c(c2)CCN(CCCSc2nnc(C(C)(C)C)n2C)CC3)no1,train,train,train,3,3,0.8,0.8,0.8
Cc1cc(-c2ccc3c(c2)CCN(CCCSc2nnc(C(C)C)n2C)CC3)no1,train,train,test,3,3,0.8,0.8,0.8
Cc1cc(-c2ccc3c(c2)CCN(CCCSc2nnc(C(F)(F)F)n2C)CC3)no1,test,test,test,3,3,0.852459,0.852459,0.852459
Cc1cc(-c2ccc3c(c2)CCN(CCCSc2nnc(C)n2C)CC3)no1,train,train,train,3,3,0.82758623,0.82758623,0.8
Cc1cc(-c2ccc3c(c2)CCN(CCCSc2nnc(-c4cccc(F)c4)n2C)CC3)no1,train,train,train,3,3,0.8208955,0.8208955,0.828125
Cc1cc(-c2ccc3c(c2)CCN(CCCSc2nnc(-c4ccc(Cl)c(Cl)c4)n2C)CC3)no1,train,train,test,3,3,0.8548387,0.8548387,0.8548387
Cc1cc(-c2ccc3c(c2)CCN(CCCSc2nnc(-c4ccc(Cl)cc4)n2C)CC3)no1,train,train,train,3,3,0.88135594,0.88135594,0.852459
Cc1cc(-c2ccc3c(c2)CCN(CCCSc2nnc(-c4cccc(Cl)c4)n2C)CC3)no1,train,train,train,3,3,0.84375,0.84375,0.84375
Cc1cc(-c2ccc3c(c2)CCN(CCCSc2nnc(-c4ccccc4Cl)n2C)CC3)no1,train,train,train,3,3,0.8153846,0.8153846,0.8125
Cc1cc(-c2ccc3c(c2)CCN(CCCSc2nnc(-c4cccn4C)n2C)CC3)no1,train,train,train,3,3,0.7936508,0.7936508,0.796875
Cc1cc(-c2ccc3c(c2)CCN(CCCSc2nnc(-c4cccs4)n2C)CC3)no1,train,train,train,3,3,0.7692308,0.7692308,0.77272725
Cc1cc(-c2ccc3c(c2)CCN(CCCSc2nnc(-c4ccncc4)n2C)CC3)no1,train,train,train,3,3,0.88135594,0.88135594,0.852459
Cc1cc(-c2ccc3c(c2)CCN(CCCSc2nnc(-c4ccccn4)n2C)CC3)no1,train,train,test,3,3,0.78125,0.78125,0.8125
Cc1ccc(-c2nnc(SCCCN3CCc4ccc(-c5cc(C)on5)cc4CC3)n2C)cc1,train,train,test,3,3,0.88135594,0.88135594,0.8965517
Cc1cc(-c2ccc3c(c2)CCN(CCCSc2nnc(-c4ccc(C(F)(F)F)cc4)n2C)CC3)no1,train,train,train,3,3,0.852459,0.852459,0.84126985
Cc1cc(-c2ccc3c(c2)CCN(CCCSc2nnc(-c4ccc(C#N)cc4)n2C)CC3)no1,test,test,train,3,3,0.83870965,0.83870965,0.8125
Cc1cc(-c2ccc3c(c2)CCN(CCCSc2nnc(-c4ccccc4)n2C)CC3)no1,test,test,train,3,3,0.8965517,0.8965517,0.852459
Cc1cc(-c2ccc3c(c2)CCN(CCCSc2nnc(-c4ccc5nc(C)c(C)nc5c4)n2C)CC3)no1,test,test,train,3,3,0.8095238,0.8095238,0.8088235
Cc1ccc2cc(-c3nnc(SCCCN4CCc5ccc(-c6cc(C)on6)cc5CC4)n3C)ccc2n1,train,train,train,3,3,0.77272725,0.77272725,0.8088235
Cc1ccc2c(-c3nnc(SCCCN4CCc5ccc(-c6cc(C)on6)cc5CC4)n3C)cccc2n1,train,train,train,3,3,0.7671233,0.7671233,0.7671233
Cc1cnc(-c2ccc3c(c2)CCN(CCCSc2nnc(-c4cccn4C)n2C)CC3)o1,train,train,train,3,3,0.74285716,0.74285716,0.74285716
Cc1cnc(-c2ccc3c(c2)CCN(CCCSc2nnc(-c4ccc5[nH]ccc5c4)n2C)CC3)o1,train,train,train,3,3,0.73333335,0.73333335,0.73333335
Cc1cnc(-c2ccc3c(c2)CCN(CCCSc2nnc(-c4cc5ccccc5[nH]4)n2C)CC3)o1,train,train,train,3,3,0.73333335,0.73333335,0.73333335
Cc1cnc(-c2ccc3c(c2)CCN(CCCSc2nnc(-c4cccs4)n2C)CC3)o1,train,train,train,3,3,0.74285716,0.74285716,0.74285716
Cc1ccc2c(-c3nnc(SCCCN4CCc5ccc(-c6ncc(C)o6)cc5CC4)n3C)cccc2n1,train,train,train,3,3,0.75,0.75,0.75
O=C1c2ccccc2S(=O)(=O)N1CCCCN1CCN(c2ccccc2)CC1,train,train,test,4,4,0.82222223,0.82222223,0.82222223
COc1ccccc1N1CCN(CCCCN2Cc3ccccc3C2=O)CC1,test,train,train,1,1,0.82,0.8039216,0.82
O=C1c2ccccc2CN1CCCCN1CCN(c2cccc(C(F)(F)F)c2)CC1,train,test,train,1,1,0.7962963,0.7962963,0.7962963
O=C1c2ccccc2CN1CCCCN1CCN(c2ccc(Cl)cc2)CC1,train,train,train,4,4,0.8181818,0.8181818,0.6363636
O=C1c2ccccc2CN1CCCCN1CCN(c2ccccc2)CC1,train,train,test,4,4,0.8181818,0.8181818,0.8181818
COc1ccccc1N1CCN(CCCCN2C(=O)Cc3ccccc32)CC1,train,train,train,1,1,0.6875,0.6415094,0.6875
O=C1Cc2ccccc2N1CCCCN1CCN(c2cccc(C(F)(F)F)c2)CC1,test,train,test,1,1,0.72,0.6363636,0.72
O=C1Cc2ccccc2N1CCCCN1CCN(c2ccc(Cl)cc2)CC1,train,train,train,4,4,0.8181818,0.6363636,0.8181818
O=C1Cc2ccccc2N1CCCCN1CCN(c2ccccc2)CC1,train,test,train,1,1,0.8181818,0.8181818,0.8181818
COc1ccccc1N1CCN(CCCCn2cnc3ccccc3c2=O)CC1,test,test,train,1,1,0.6792453,0.6792453,0.6792453
O=c1c2ccccc2ncn1CCCCN1CCN(c2cccc(C(F)(F)F)c2)CC1,train,train,train,4,4,0.7358491,0.7358491,0.7358491
O=c1c2ccccc2ncn1CCCCN1CCN(c2ccc(Cl)cc2)CC1,train,train,train,4,4,0.82978725,0.82978725,0.82978725
O=c1c2ccccc2ncn1CCCCN1CCN(c2ccccc2)CC1,train,train,train,4,4,0.82978725,0.82978725,0.82978725
COc1ccccc1N1CCN(CCCCN2C(=O)c3ccccc3S2(=O)=O)CC1,train,train,train,1,1,0.6666667,0.6666667,0.6545454
O=C1c2ccccc2S(=O)(=O)N1CCCCN1CCN(c2cccc(C(F)(F)F)c2)CC1,train,train,train,1,1,0.7254902,0.7254902,0.67241377
O=C1c2ccccc2S(=O)(=O)N1CCCCN1CCN(c2ccc(Cl)cc2)CC1,train,train,train,4,4,0.82222223,0.82222223,0.64285713
O=C1c2ccccc2C(=O)N1CCCCN1CCN(C(c2ccccc2)c2ccccc2)CC1,train,train,train,4,4,0.85714287,0.85714287,0.9
O=C(/C=C/c1ccccc1)NCCCCN1CCc2ccccc2C1,train,train,train,1,1,0.6226415,0.6031746,0.6226415
COc1ccccc1NC1CCN(CCCCNC(=O)/C=C/c2ccccc2)CC1,test,train,train,1,1,0.67741936,0.6721311,0.67741936
COc1ccccc1NC1CCN(CCCCNC(=O)c2ccc3ccccc3c2)CC1,train,test,train,1,1,0.67741936,0.67741936,0.67741936
COc1ccccc1N(C(C)=O)C1CCN(CCCCNC(=O)c2ccc3ccccc3c2)CC1,train,train,train,1,1,0.6769231,0.64615387,0.6769231
O=C(NCCCCN1CCC(N(Cc2ccccc2)c2ccccc2)CC1)c1cc2ccccc2s1,test,train,train,1,1,0.7096774,0.7096774,0.7096774
O=C(NCCCCN1CCC(N(Cc2ccccc2)c2ccccc2)CC1)c1ccc2ccccc2c1,train,train,train,1,1,0.5873016,0.7096774,0.7096774
O=C(NCCCCN1CCC(=C2c3ccc(Cl)cc3CCc3cccnc32)CC1)c1cc2ccccc2s1,test,train,train,1,1,0.7567568,0.50617284,0.7567568
O=C(NCCCCN1CCC(=C2c3ccc(Cl)cc3CCc3cccnc32)CC1)c1ccc2ccccc2c1,train,test,train,1,1,0.55,0.7567568,0.7567568
O=C(NCCCCN1CCC(=C2c3ccccc3CC(=O)c3sccc32)CC1)c1ccc2ccccc2c1,train,train,train,1,1,0.64179105,0.64179105,0.64179105
O=C1Cc2ccccc2C(=C2CCN(CCCCN3C(=O)c4ccccc4C3=O)CC2)c2ccsc21,train,train,train,1,1,0.6923077,0.6923077,0.6923077
O=C(NCCCCN1CCN2c3ccccc3Cc3ccccc3C2C1)c1cccs1,train,train,train,1,1,0.64615387,0.64615387,0.58064514
O=C(/C=C/c1ccccc1)NCCCCN1CCN2c3ccccc3Cc3ccccc3C2C1,train,train,test,1,1,0.64615387,0.64615387,0.64615387
O=C1c2ccccc2C(=O)N1CCCCN1CCN2c3ccccc3Cc3ccccc3C2C1,test,test,train,4,4,0.58064514,0.58064514,0.58064514
COc1ccccc1C(c1ccccc1OC)N1CCN(CCCCNC(=O)c2cc3ccccc3s2)CC1,test,train,train,1,1,0.89830506,0.89830506,0.89830506
COc1ccccc1C(c1ccccc1OC)N1CCN(CCCCNC(=O)/C=C/c2ccccc2)CC1,train,test,train,1,1,0.72727275,0.7241379,0.72727275
COc1ccccc1C(c1ccccc1OC)N1CCN(CCCCNC(=O)c2ccc3ccccc3c2)CC1,train,train,train,1,1,0.7241379,0.7241379,0.7241379
COc1ccccc1C(c1ccccc1)N1CCN(CCCCNC(=O)c2cc3ccccc3s2)CC1,train,train,train,1,1,0.7966102,0.89830506,0.89830506
O=C(NCCCCN1CCCN(C(c2ccccc2)c2ccccc2)CC1)c1cccs1,train,test,train,1,1,0.9166667,0.9166667,0.9166667
O=C(NCCCCN1CCCN(C(c2ccccc2)c2ccccc2)CC1)c1cc2ccccc2s1,test,test,test,1,1,0.9230769,0.74603176,0.9230769
O=C(/C=C/c1ccccc1)NCCCCN1CCCN(C(c2ccccc2)c2ccccc2)CC1,test,train,train,1,1,0.9166667,0.8148148,0.9166667
O=C(NCCCCN1CCCN(C(c2ccccc2)c2ccccc2)CC1)c1ccc2ccccc2c1,train,train,test,1,1,0.8181818,0.9183673,0.9183673
O=C(NCCCCN1CCN(C(c2ccccc2)c2ccc(Cl)cc2)CC1)C1CCCCC1,train,train,train,1,1,0.88,0.88,0.88
O=C(NCCCCN1CCN(C(c2ccccc2)c2ccc(Cl)cc2)CC1)c1cccs1,test,train,train,1,1,0.88,0.88,0.88
O=C(NCCCCN1CCN(C(c2ccccc2)c2ccc(Cl)cc2)CC1)c1cc2ccccc2s1,train,test,train,1,1,0.8888889,0.73333335,0.8888889
O=C(/C=C/c1ccccc1)NCCCCN1CCN(C(c2ccccc2)c2ccc(Cl)cc2)CC1,test,train,train,1,1,0.88,0.8148148,0.88
O=C(NCCCCN1CCN(C(c2ccccc2)c2ccc(Cl)cc2)CC1)c1ccc2ccccc2c1,train,train,train,1,1,0.8181818,0.88235295,0.88235295
O=C(NCCCCN1CCN(C(c2ccccc2)c2ccccc2)CC1)C1CCCCC1,train,train,train,1,1,0.88,0.88,0.88
O=C(NCCCCN1CCN(C(c2ccccc2)c2ccccc2)CC1)c1cccs1,train,train,train,1,1,0.9166667,0.88,0.9166667
O=C(NCCCCN1CCN(C(c2ccccc2)c2ccccc2)CC1)c1cc2ccccc2s1,train,test,train,1,1,0.8888889,0.7966102,0.8888889
O=C(/C=C/c1ccccc1)NCCCCN1CCN(C(c2ccccc2)c2ccccc2)CC1,train,test,train,1,1,0.72727275,0.9166667,0.9166667
O=C(NCCCCN1CCN(C(c2ccccc2)c2ccccc2)CC1)c1ccc2ccccc2c1,test,train,train,1,1,0.9183673,0.9183673,0.88235295
O=C1c2ccccc2C(=O)N1CCCCN1CCCN(C(c2ccccc2)c2ccc(Cl)cc2)CC1,train,train,train,4,4,0.9130435,0.9130435,0.8695652
O=C1c2ccccc2C(=O)N1CCCCN1CCCN(C(c2ccccc2)c2ccccc2)CC1,test,test,train,4,4,0.9,0.9,0.9
O=C1c2ccccc2C(=O)N1CCCCN1CCN(C(c2ccccc2)c2ccc(Cl)cc2)CC1,train,train,test,4,4,0.9130435,0.9130435,0.9130435
C#Cc1ccc(C(=O)NCCN2CCN(c3cccc(Cl)c3Cl)CC2)cc1,train,train,train,1,1,0.88235295,0.8113208,0.86538464
C#Cc1cccc(C(=O)NCCCCCN2CCN(c3cccc(Cl)c3Cl)CC2)c1,train,train,train,1,1,0.9807692,0.9807692,0.9807692
C#Cc1ccc(C(=O)NCCCCCN2CCN(c3cccc(Cl)c3Cl)CC2)cc1,train,test,train,1,1,0.98,0.86538464,0.86538464
COc1ccccc1N1CCN(CCCCCNC(=O)c2cccc(C#Cc3ccccc3)c2)CC1,test,train,train,1,1,0.84210527,0.8448276,0.9814815
O=C(NCCCCN1CCN(c2cccc(Cl)c2Cl)CC1)c1cccc(C#Cc2ccccc2)c1,test,train,train,1,1,0.8909091,0.85714287,0.8909091
C#Cc1cccc(C(=O)NCCCCN2CCN(c3cccc(Cl)c3Cl)CC2)c1,train,train,train,1,1,0.9807692,0.9807692,0.9807692
O=C(NCCCCN1CCN(c2cccc(Cl)c2Cl)CC1)c1ccc(C#Cc2ccccc2)cc1,train,train,train,1,1,0.8867925,0.8867925,0.8867925
C#Cc1ccc(C(=O)NCCCCN2CCN(c3cccc(Cl)c3Cl)CC2)cc1,train,test,test,1,1,0.98,0.88235295,0.98
COc1ccccc1N1CCN(CCCCNC(=O)c2cccc(C#Cc3ccccc3)c2)CC1,test,test,train,1,1,0.85714287,0.9814815,0.9814815
C#Cc1cccc(C(=O)NCCCCN2CCN(c3ccccc3OC)CC2)c1,test,train,train,1,1,0.80701756,0.8448276,0.8596491
COc1ccccc1N1CCN(CCCCNC(=O)c2ccc(C#Cc3ccccc3)cc2)CC1,train,train,train,1,1,0.8363636,0.84210527,0.85714287
C#Cc1ccc(C(=O)NCCCCN2CCN(c3ccccc3OC)CC2)cc1,train,test,train,1,1,0.8363636,0.8363636,0.8363636
O=C(NCCN1CCN(c2cccc(Cl)c2Cl)CC1)c1cccc(C#Cc2ccccc2)c1,train,test,train,1,1,0.8518519,0.8909091,0.8909091
C#Cc1cccc(C(=O)NCCN2CCN(c3cccc(Cl)c3Cl)CC2)c1,test,train,test,1,1,0.8867925,0.8867925,0.8867925
O=C(NCCN1CCN(c2cccc(Cl)c2Cl)CC1)c1ccc(C#Cc2ccccc2)cc1,train,train,train,1,1,0.8867925,0.8867925,0.8867925
OC1(c2ccccc2Cl)CCN(Cc2c[nH]c3ccccc23)CC1,train,train,test,4,4,0.85106385,0.85106385,0.85106385
COc1ccc2[nH]cc(CN3CCC(O)(c4ccc(SC)cc4)CC3)c2c1,test,test,train,4,4,0.8,0.8,0.8
CSc1ccc(C2(O)CCN(Cc3c[nH]c4ccccc34)CC2)cc1,train,train,train,4,4,0.7916667,0.7916667,0.7916667
CCCCCCn1cc(CN2CCC(O)(c3ccc(Cl)cc3)CC2)c2ccccc21,train,train,train,4,4,0.7090909,0.7090909,0.7090909
Cn1cc(CN2CCC(O)(c3ccc(Cl)cc3)CC2)c2ccccc21,train,train,train,4,4,0.7090909,0.7090909,0.7090909
CSc1ccc(C2(O)CCN(Cc3coc4ccccc34)CC2)cc1,train,train,train,4,4,0.7291667,0.7291667,0.7291667
OC1(c2ccc(Cl)cc2)CCN(Cc2coc3ccccc23)CC1,train,train,train,4,4,0.7659575,0.7659575,0.7659575
OC1(c2ccc(Cl)c(Cl)c2)CCN(Cc2coc3ccccc23)CC1,train,train,train,4,4,0.7659575,0.7659575,0.7659575
OC1(c2ccc(Cl)cc2)CCN(Cc2n[nH]c3ccccc23)CC1,train,train,train,4,4,0.79591835,0.79591835,0.79591835
OC1(c2ccc(Cl)c(Cl)c2)CCN(Cc2n[nH]c3ccccc23)CC1,train,train,train,4,4,0.79591835,0.79591835,0.79591835
Cc1[nH]c2ccccc2c1CN1CCC(O)(c2ccc(Cl)cc2)CC1,train,train,train,4,4,0.6111111,0.6111111,0.6111111
C=CCOC1(c2ccc(Cl)cc2)CCN(Cc2c[nH]c3ccccc23)CC1,train,train,train,4,4,0.7407407,0.7407407,0.7407407
COC1(c2ccc(Cl)cc2)CCN(Cc2c[nH]c3ccccc23)CC1,train,train,train,4,4,0.7755102,0.7755102,0.7755102
OCC1(c2ccc(Cl)cc2)CCN(Cc2c[nH]c3ccccc23)CC1,train,train,train,4,4,0.72,0.72,0.72727275
CC(=O)NCC1(c2ccc(Cl)cc2)CCN(Cc2c[nH]c3ccccc23)CC1,test,test,train,4,4,0.75438595,0.75438595,0.75438595
CCOC(=O)C1(c2ccc(Cl)cc2)CCN(Cc2c[nH]c3ccccc23)CC1,train,train,train,4,4,0.8214286,0.8214286,0.8214286
COC(=O)C1(c2ccc(Cl)cc2)CCN(Cc2c[nH]c3ccccc23)CC1,train,train,train,4,4,0.8214286,0.8214286,0.8214286
N#CC1(c2ccc(Cl)cc2)CCN(Cc2c[nH]c3ccccc23)CC1,train,train,train,4,4,0.7058824,0.7058824,0.7058824
FC1(c2ccc(Cl)cc2)CCN(Cc2c[nH]c3ccccc23)CC1,train,train,train,4,4,0.75,0.75,0.75
CC(=O)NC1(c2ccc(Cl)cc2)CCN(Cc2c[nH]c3ccccc23)CC1,train,train,train,4,4,0.70689654,0.70689654,0.75438595
NC1(c2ccc(Cl)cc2)CCN(Cc2c[nH]c3ccccc23)CC1,train,train,train,4,4,0.75,0.75,0.75
CC1(c2ccc(Cl)cc2)CCN(Cc2c[nH]c3ccccc23)CC1,train,train,train,4,4,0.7755102,0.7755102,0.7755102
OC1(c2ccc(Cl)cc2)CCCN(Cc2c[nH]c3ccccc23)C1,train,train,train,4,4,0.87234044,0.87234044,0.7169811
OC1(Cc2ccc(Cl)cc2)CCN(Cc2c[nH]c3ccccc23)CC1,train,train,test,4,4,0.6730769,0.6730769,0.6603774
OC1(c2ccc(Cl)cc2)CCCN(Cc2c[nH]c3ccccc23)CC1,train,train,test,4,4,0.85714287,0.85714287,0.85714287
OC1(c2ccc(-c3ccccc3)cc2)CCN(Cc2c[nH]c3ccccc23)CC1,train,train,test,4,4,0.8043478,0.8043478,0.8043478
CCCCCCOc1ccc(C2(O)CCN(Cc3c[nH]c4ccccc34)CC2)cc1,train,train,train,4,4,0.74545455,0.74545455,0.74545455
COc1ccc(C2(O)CCN(Cc3c[nH]c4ccccc34)CC2)cc1,train,train,train,4,4,0.75510204,0.75510204,0.75510204
Oc1ccc(C2(O)CCN(Cc3c[nH]c4ccccc34)CC2)cc1,train,train,train,4,4,0.82222223,0.82222223,0.82222223
OC1(c2ccc(F)cc2)CCN(Cc2c[nH]c3ccccc23)CC1,train,train,train,4,4,0.82222223,0.82222223,0.82222223
OC1(c2cccc(C(F)(F)F)c2)CCN(Cc2c[nH]c3ccccc23)CC1,train,train,train,4,4,0.6792453,0.6792453,0.7222222
OC1(c2ccc(Cl)c(Cl)c2)CCN(Cc2c[nH]c3ccccc23)CC1,train,train,test,4,4,0.72,0.72,0.7647059
OC1(c2cccc(Cl)c2)CCN(Cc2c[nH]c3ccccc23)CC1,test,test,train,4,4,0.7647059,0.7647059,0.7222222
OC1(c2cccc(Cl)c2Cl)CCN(Cc2c[nH]c3ccccc23)CC1,train,train,train,4,4,0.85106385,0.85106385,0.6727273
Cc1ccc2c(OCCN3CCC(Cc4ccc5c(c4F)NC(=O)CO5)CC3)cc(F)cc2n1,train,train,test,2,2,0.8857143,0.8857143,0.8857143
Cc1ccc2c(OCCN3CCC(Cc4cc(F)c5c(c4)NC(=O)CO5)CC3)cc(Cl)cc2n1,train,train,test,4,4,0.8873239,0.8873239,0.8873239
Cc1ccc2c(OCCN3CCC(Cc4cc(F)c5c(c4)NC(=O)CO5)CC3)cc(F)cc2n1,train,train,train,4,4,0.8873239,0.8873239,0.75342464
Cc1ccc2c(OCCN3CCC(Cc4cc5c(cc4F)OCC(=O)N5)CC3)cc(Cl)cc2n1,train,train,train,4,4,0.884058,0.884058,0.884058
Cc1ccc2c(OCCN3CCC(Cc4cc5c(cc4F)OCC(=O)N5)CC3)cc(F)cc2n1,train,train,train,4,4,0.884058,0.884058,0.884058
Cc1ccc2c(OCCN3CCC(Cc4ccc5c(c4F)NC(=O)CO5)CC3)cc(Cl)cc2n1,train,train,train,4,4,0.8857143,0.8857143,0.7763158
Cc1ccc2c(OCCN3CCC(Cc4ccc5c(c4)NC(=O)CO5)CC3)cccc2n1,train,train,train,2,2,0.67105263,0.67105263,0.67105263
COc1ccc2c(c1)c1c(n2C)Cc2ccccc2CCN(C)CC1,test,test,test,2,2,0.6,0.6,0.6
CN1CCc2cc(O)ccc2Cc2[nH]c3ccccc3c2CC1,train,train,train,2,2,0.74418604,0.74418604,0.76086956
COc1ccc2c(c1)CCN(C)CCc1c([nH]c3ccccc13)C2,train,train,train,2,2,0.7708333,0.7708333,0.71428573
CN1CCc2ccccc2Cc2[nH]c3ccc(O)cc3c2CC1,test,test,train,2,2,0.76086956,0.76086956,0.76086956
COc1ccc2[nH]c3c(c2c1)CCN(C)CCc1ccccc1C3,train,train,test,2,2,0.7708333,0.7708333,0.7708333
C=CCN1CCC[C@H]1CNC(=O)c1cc(CCCF)cc(OC)c1OC,test,test,train,2,2,0.796875,0.796875,0.796875
C=CCN1CCC[C@H]1CNC(=O)c1cc(Br)ccc1OC,train,train,test,2,2,0.7758621,0.7758621,0.7894737
C=CCN1CCC[C@H]1CNC(=O)c1cc(Br)cc(OC)c1OC,train,train,train,2,2,0.8,0.8,0.8
C=CCN1CCC[C@H]1CNC(=O)c1cc(I)ccc1OC,test,test,train,2,2,0.7894737,0.7894737,0.7758621
C=CCN1CCC[C@H]1CNC(=O)c1cc(I)cc(OC)c1OC,train,train,train,2,2,0.79310346,0.79310346,0.79310346
CCN1CCC[C@H]1CNC(=O)c1c(O)c(Br)cc(OC)c1OC,train,train,train,2,2,0.8181818,0.8181818,0.8181818
CCN1CCC[C@H]1CNC(=O)c1c(OC)ccc(I)c1O,train,train,train,2,2,0.76363635,0.76363635,0.76363635
C=CCN1CCC[C@H]1CNC(=O)c1cc(CCCF)ccc1OC,train,train,train,2,2,0.71428573,0.71428573,0.796875
CCCN(CCN1CCN(c2cccc(Cl)c2Cl)CC1)C1CCc2c(O)cccc2C1,test,test,train,2,2,0.76666665,0.76666665,0.76666665
CCCN(CCN1CCN(c2ccccc2OC)CC1)C1CCc2c(O)cccc2C1,train,train,train,2,2,0.6875,0.6875,0.72131145
CCCN(CCN1CCN(c2ccccc2)CC1)C1CCc2ccc3c(c2C1)CC(=O)N3,train,train,train,2,2,0.6212121,0.6212121,0.6212121
CCCN(CCN1CCN(c2ccccc2)CC1)C1CCc2ccc(N)cc2C1,train,train,test,2,2,0.75438595,0.75438595,0.75438595
CCCN(CCCCN1CCN(c2ccccc2)CC1)C1CCc2cc(O)c(O)cc2C1,train,train,train,2,2,0.8703704,0.8703704,0.8703704
CCCN(CCN1CCN(c2ccccc2)CC1)C1CCc2cc(O)c(O)cc2C1,train,train,train,2,2,0.8703704,0.8703704,0.8703704
Oc1ccc2c(c1)CC(N(CCc1cccs1)CCN1CCN(c3ccccc3)CC1)CC2,train,train,train,2,2,0.671875,0.671875,0.67741936
CCCN(CCCN1CCN(c2ccccc2)CC1)C1CCc2ccc(O)cc2C1,train,train,train,2,2,0.9444444,0.9444444,0.9444444
CCCN(CCN1CCN(c2ccccc2)CC1)C1CCc2cc(O)ccc2C1,train,train,train,2,2,0.8333333,0.8333333,0.8333333
COc1cc(CN2CCN(c3ccccc3OC)CC2)ccc1OCCF,train,train,train,1,1,0.75510204,0.75510204,0.75510204
COc1cc(CN2CCN(c3ccc(Cl)cc3)CC2)c(OCCF)cc1OC,test,test,train,4,4,0.74509805,0.74509805,0.74509805
FCCOc1cccc(CN2CCN(c3ccc(Cl)cc3)CC2)c1,test,test,train,4,4,0.75555557,0.75555557,0.75555557
FCCOc1ccc(CN2CCN(c3ccc(Cl)cc3)CC2)cc1,train,train,train,4,4,0.67346936,0.67346936,0.75555557
COc1cc(CN2CCN(c3ccc(Cl)cc3)CC2)ccc1OCCF,train,train,train,4,4,0.6792453,0.6792453,0.74509805
COc1cc(CN2CCN(c3ccccc3OC)CC2)c(OCCF)cc1OC,train,train,test,1,1,0.74,0.74,0.74
COc1ccccc1N1CCN(Cc2cccc(OCCF)c2)CC1,train,train,train,1,1,0.7755102,0.7755102,0.7755102
COc1ccccc1N1CCN(Cc2ccc(OCCF)cc2)CC1,train,train,train,1,1,0.7755102,0.7755102,0.7755102
Cc1cc(-c2nc3c4c(ccc3o2)CCN(CCCSc2nnc(-c3ocnc3C)n2C)CC4)n(C)n1,train,train,train,3,3,0.7837838,0.7837838,0.7837838
Cc1ccc2c(-c3nnc(SCCCN4CCc5ccc6oc(-c7cc(C)nn7C)nc6c5CC4)n3C)cccc2n1,train,train,train,3,3,0.8076923,0.8076923,0.8076923
Cc1ccc2c(-c3nnc(SCCCN4CCc5c(Cl)cc6oc(C)nc6c5CC4)n3C)cccc2n1,train,train,train,3,3,0.7808219,0.7808219,0.7808219
Cc1nc(C)c(-c2nnc(SCCCN3CCc4ccc5oc(C(F)(F)F)nc5c4CC3)n2C)s1,train,train,train,3,3,0.75,0.75,0.75
Cn1c(SCCCN2CCc3ccc4oc(C(F)(F)F)nc4c3CC2)nnc1-c1ccccc1,train,train,train,3,3,0.8,0.8,0.8
Cc1ncccc1-c1nnc(SCCCN2CCc3ccc4oc(C(F)(F)F)nc4c3CC2)n1C,train,train,test,3,3,0.7746479,0.7746479,0.7746479
Cc1ccc(-c2nnc(SCCCN3CCc4ccc5oc(C(F)(F)F)nc5c4CC3)n2C)cn1,train,train,train,3,3,0.8169014,0.8169014,0.8169014
Cc1cnc(-c2nnc(SCCCN3CCc4ccc5oc(C(F)(F)F)nc5c4CC3)n2C)cn1,train,train,train,3,3,0.8169014,0.8169014,0.8169014
Cc1ncoc1-c1nnc(SCCCN2CCc3ccc4oc(C(F)(F)C(F)(F)F)nc4c3CC2)n1C,train,train,train,3,3,0.884058,0.884058,0.884058
Cc1ccc2c(-c3nnc(SCCCN4CCc5ccc6oc(C(F)(F)C(F)(F)F)nc6c5CC4)n3C)cccc2n1,train,train,train,3,3,0.8918919,0.8918919,0.8918919
Cc1ncoc1-c1nnc(SCCCN2CCc3ccc4oc(C(C)(F)F)nc4c3CC2)n1C,train,train,train,3,3,0.89705884,0.89705884,0.89705884
Cc1ncoc1-c1nnc(SCCCN2CCc3ccc4oc(C(F)(F)F)nc4c3CC2)n1C,train,train,train,3,3,0.89705884,0.89705884,0.89705884
Cc1ccc2c(-c3nnc(SCCCN4CCc5ccc6oc(C(F)(F)F)nc6c5CC4)n3C)cccc2n1,train,train,train,3,3,0.8918919,0.8918919,0.8918919
CCc1nc2c3c(ccc2o1)CCN(CCCSc1nnc(-c2ocnc2C)n1C)CC3,train,train,train,3,3,0.8333333,0.8333333,0.8333333
CCc1nc2c3c(ccc2o1)CCN(CCCSc1nnc(-c2cccc4nc(C)ccc24)n1C)CC3,train,train,train,3,3,0.8450704,0.8450704,0.8450704
Cc1nc2c3c(ccc2o1)CCN(CCCSc1nnc(-c2ocnc2C)n1C)CC3,train,train,train,3,3,0.8333333,0.8333333,0.8333333
Cc1ccc2c(-c3nnc(SCCCN4CCc5ccc6oc(C)nc6c5CC4)n3C)cccc2n1,train,train,train,3,3,0.8450704,0.8450704,0.8450704
Cc1ncoc1-c1nnc(SCCCN2CCc3nc4ccc(C(F)(F)F)cn4c3CC2)n1C,train,train,train,3,3,0.79710144,0.79710144,0.79710144
Cc1ccc2c(-c3nnc(SCCCN4CCc5nc6ccc(C(F)(F)F)cn6c5CC4)n3C)cccc2n1,train,train,train,3,3,0.6933333,0.6933333,0.8108108
Cc1ncoc1-c1nnc(SCCCN2CCc3nc4cc(C(F)(F)F)ccn4c3CC2)n1C,train,train,train,3,3,0.79710144,0.79710144,0.79710144
Cc1ccc2c(-c3nnc(SCCCN4CCc5nc6cc(C(F)(F)F)ccn6c5CC4)n3C)cccc2n1,test,test,train,3,3,0.8108108,0.8108108,0.8194444
Cc1ccn2c3c(nc2c1)CCN(CCCSc1nnc(-c2cccc4nc(C)ccc24)n1C)CC3,test,test,train,3,3,0.72,0.72,0.8194444
CCc1nc2ccc3c(c2s1)CCN(CCCSc1nnc(-c2ocnc2C)n1C)CC3,train,train,train,3,3,0.74285716,0.74285716,0.69736844
CCc1nc2ccc3c(c2s1)CCN(CCCSc1nnc(-c2cccc4nc(C)ccc24)n1C)CC3,test,test,train,3,3,0.85507244,0.85507244,0.7567568
Cc1ccc2c(-c3nnc(SCCCN4CCc5ccc6nc(C)sc6c5CC4)n3C)cccc2n1,train,train,test,3,3,0.74285716,0.74285716,0.85507244
Cc1cnc(-c2nnc(SCCCN3CCc4ccc5c(C)noc5c4CC3)n2C)cn1,train,train,train,3,3,0.62666667,0.62666667,0.62666667
Cc1ncoc1-c1nnc(SCCCN2CCc3ccc4nc(C(C)(F)F)oc4c3CC2)n1C,test,test,test,3,3,0.89705884,0.89705884,0.7808219
Cc1ccc2c(-c3nnc(SCCCN4CCc5ccc6nc(C(C)(F)F)oc6c5CC4)n3C)cccc2n1,train,train,train,3,3,0.9027778,0.9027778,0.9027778
Cc1ncoc1-c1nnc(SCCCN2CCc3ccc4nc(C(F)(F)F)oc4c3CC2)n1C,train,train,test,3,3,0.7777778,0.7777778,0.7777778
Cc1ccc2c(-c3nnc(SCCCN4CCc5ccc6nc(C(F)(F)F)oc6c5CC4)n3C)cccc2n1,train,train,train,3,3,0.9027778,0.9027778,0.9027778
Cc1ccc2c(-c3nnc(SCCCN4CCc5cc6c(cc5CC4)OCC(=O)N6)n3C)cccc2n1,train,train,train,3,3,0.76,0.76,0.76
Cc1ccc2c(-c3nnc(SCCCN4CCc5cc6c(cc5CC4)OCCN6)n3C)cccc2n1,train,train,train,3,3,0.76,0.76,0.76
CC(=O)N1CCOc2cc3c(cc21)CCN(CCCSc1nnc(-c2cccc4nc(C)ccc24)n1C)CC3,train,train,train,3,3,0.7692308,0.7692308,0.7307692
Cc1ccc2c(-c3nnc(SCCCN4CCc5cc6c(cc5CC4)N(S(C)(=O)=O)CCO6)n3C)cccc2n1,train,train,test,3,3,0.7692308,0.7692308,0.7692308
Cc1ncoc1-c1nnc(SCCCN2CCc3cc4c(cc3CC2)N(C)C(=O)CO4)n1C,train,train,train,3,3,0.7285714,0.7285714,0.68
Cc1ccc2c(-c3nnc(SCCCN4CCc5cc6c(cc5CC4)N(C)C(=O)CO6)n3C)cccc2n1,train,train,train,3,3,0.75,0.75,0.75
Cc1ncoc1-c1nnc(SCCCN2CCc3cc4c(cc3CC2)OCC(=O)N4)n1C,train,train,test,3,3,0.7285714,0.7285714,0.7285714
Cc1noc2cc3c(cc12)CCN(CCCSc1nnc(-c2ccc(C(F)(F)F)cc2)n1C)CC3,train,train,test,3,3,0.72727275,0.72727275,0.72727275
CCc1noc2cc3c(cc12)CCN(CCCSc1nnc(-c2cccc4nc(C)ccc24)n1C)CC3,train,train,test,3,3,0.8923077,0.8923077,0.8923077
Cc1ncoc1-c1nnc(SCCCN2CCc3cc4onc(C)c4cc3CC2)n1C,train,train,test,3,3,0.79310346,0.79310346,0.79310346
Cc1ccc2c(-c3nnc(SCCCN4CCc5cc6onc(C)c6cc5CC4)n3C)cccc2n1,train,train,train,3,3,0.8923077,0.8923077,0.7910448
Cc1cc(-c2nc3cc4c(cc3o2)CCN(CCCSc2nnc(-c3ocnc3C)n2C)CC4)n(C)n1,train,train,train,3,3,0.7837838,0.7837838,0.7837838
Cc1ccc2c(-c3nnc(SCCCN4CCc5cc6nc(-c7cc(C)nn7C)oc6cc5CC4)n3C)cccc2n1,train,train,train,3,3,0.8076923,0.8076923,0.8076923
Cc1ncoc1-c1nnc(SCCCN2CCc3cc4nc(C(F)(F)C(F)(F)F)oc4cc3CC2)n1C,train,train,test,3,3,0.8636364,0.8636364,0.8636364
Cc1ccc2c(-c3nnc(SCCCN4CCc5cc6nc(C(F)(F)C(F)(F)F)oc6cc5CC4)n3C)cccc2n1,train,train,train,3,3,0.8873239,0.8873239,0.875
Cc1ccc2c(-c3nnc(SCCCN4CCc5cc6nc(N(C)C)oc6cc5CC4)n3C)cccc2n1,test,test,train,3,3,0.86567163,0.86567163,0.86567163
Cc1ccc2c(-c3nnc(SCCCN4CCc5cc6nc(N7CCCCC7)oc6cc5CC4)n3C)cccc2n1,train,train,train,3,3,0.8142857,0.8142857,0.8142857
Cc1ncoc1-c1nnc(SCCCN2CCc3cc4nc(CC5CC5)oc4cc3CC2)n1C,test,test,train,3,3,0.83076924,0.83076924,0.83076924
Cc1ccc2c(-c3nnc(SCCCN4CCc5cc6nc(CC7CC7)oc6cc5CC4)n3C)cccc2n1,train,train,train,3,3,0.8450704,0.8450704,0.8450704
COCc1nc2cc3c(cc2o1)CCN(CCCSc1nnc(-c2cccc4nc(C)ccc24)n1C)CC3,train,train,train,3,3,0.8450704,0.8450704,0.8450704
Cc1ncoc1-c1nnc(SCCCN2CCc3cc4nc(C(C)(F)F)oc4cc3CC2)n1C,train,train,train,3,3,0.8636364,0.8636364,0.7846154
Cc1ccc2c(-c3nnc(SCCCN4CCc5cc6nc(C(C)(F)F)oc6cc5CC4)n3C)cccc2n1,test,test,train,3,3,0.9,0.9,0.875
Cc1ccc2c(-c3nnc(SCCCN4CCc5cc6nc(CC(F)(F)F)oc6cc5CC4)n3C)cccc2n1,train,train,train,3,3,0.8333333,0.8333333,0.8333333
Cc1ccc2c(-c3nnc(SCCCN4CCc5cc6nc(C(F)(F)F)oc6cc5CC4)n3C)cccc2n1,train,train,test,3,3,0.8873239,0.8873239,0.9
CCc1nc2cc3c(cc2o1)CCN(CCCSc1nnc(-c2ccc(F)c(F)c2)n1C)CC3,train,train,test,3,3,0.73239434,0.73239434,0.83076924
CCc1nc2cc3c(cc2o1)CCN(CCCSc1nnc(-c2ccc(C(F)(F)F)cc2)n1C)CC3,test,test,test,3,3,0.83076924,0.83076924,0.83076924
CCc1nc2cc3c(cc2o1)CCN(CCCSc1nnc(-c2cccnc2)n1C)CC3,train,train,train,3,3,0.73239434,0.73239434,0.8333333
Cc1nc2cc3c(cc2o1)CCN(CCCSc1nnc(C2CCOCC2)n1C)CC3,train,train,train,3,3,0.64705884,0.64705884,0.64705884
Cc1nc2cc3c(cc2o1)CCN(CCCSc1nnc(-c2ccc(F)c(F)c2)n1C)CC3,test,test,train,3,3,0.83076924,0.83076924,0.7846154
Cc1nc2cc3c(cc2o1)CCN(CCCSc1nnc(-c2ccc(C(F)(F)F)cc2)n1C)CC3,train,train,train,3,3,0.72727275,0.72727275,0.7846154
Cc1nc2cc3c(cc2o1)CCN(CCCSc1nnc(-c2cccnc2)n1C)CC3,test,test,train,3,3,0.8333333,0.8333333,0.8333333
Cc1ccc2c(-c3nnc(SCCCN4CCc5cc6nc(C(C)(C)C)oc6cc5CC4)n3C)cccc2n1,train,train,test,3,3,0.87142855,0.87142855,0.8857143
Cc1ncoc1-c1nnc(SCCCN2CCc3cc4nc(C5CC5)oc4cc3CC2)n1C,train,train,train,3,3,0.796875,0.796875,0.796875
Cc1ccc2c(-c3nnc(SCCCN4CCc5cc6nc(C7CC7)oc6cc5CC4)n3C)cccc2n1,train,train,train,3,3,0.8142857,0.8142857,0.8142857
Cc1ncoc1-c1nnc(SCCCN2CCc3cc4nc(C(C)C)oc4cc3CC2)n1C,test,test,train,3,3,0.8095238,0.8095238,0.8095238
Cc1ccc2c(-c3nnc(SCCCN4CCc5cc6nc(C(C)C)oc6cc5CC4)n3C)cccc2n1,test,test,train,3,3,0.82608694,0.82608694,0.82608694
CCCc1nc2cc3c(cc2o1)CCN(CCCSc1nnc(-c2cccc4nc(C)ccc24)n1C)CC3,train,train,train,3,3,0.884058,0.884058,0.884058
CCc1nc2cc3c(cc2o1)CCN(CCCSc1nnc(-c2ocnc2C)n1C)CC3,train,train,train,3,3,0.82258064,0.82258064,0.83076924
CCc1nc2cc3c(cc2o1)CCN(CCCSc1nnc(-c2cccc4nc(C)ccc24)n1C)CC3,train,train,train,3,3,0.884058,0.884058,0.884058
Cc1ccc2c(-c3nnc(SCCCN4CCc5cc6ncoc6cc5CC4)n3C)cccc2n1,train,train,train,3,3,0.80597013,0.80597013,0.80597013
Cc1ncoc1-c1nnc(SCCCN2CCc3cc4ncoc4cc3CC2)n1C,train,train,train,3,3,0.7966102,0.7966102,0.7966102
Cc1nc2cc3c(cc2o1)CCN(CCCSc1nnc(-c2ocnc2C)n1C)CC3,train,train,train,3,3,0.9649123,0.9649123,0.9649123
Cc1ccc2c(-c3nnc(SCCCN4CCc5cc6nc(C)oc6cc5CC4)n3C)cccc2n1,train,train,train,3,3,0.9047619,0.9047619,0.9047619
Cc1ccc2c(-c3nnc(SCCCN4CCc5cc6nc(C)oc6c(Br)c5CC4)n3C)cccc2n1,test,test,train,3,3,0.95652175,0.95652175,0.95652175
Cc1ccc2c(-c3nnc(SCCC(C)N4CCc5cc6nc(C(F)(F)F)oc6c(Br)c5CC4)n3C)cccc2n1,train,train,train,3,3,0.8717949,0.8717949,0.8333333
CCc1nc2cc3c(c(Br)c2o1)CCN(C(C)CCSc1nnc(-c2cccc4nc(C)ccc24)n1C)CC3,test,test,train,3,3,0.8684211,0.8684211,0.8552632
Cc1ccc2c(-c3nnc(SCCC(C)N4CCc5cc6nc(C)oc6c(Br)c5CC4)n3C)cccc2n1,test,test,train,3,3,0.8630137,0.8630137,0.8552632
Cc1ccc2c(-c3nnc(SCCC(C)N4CCc5cc6nc(C(F)(F)F)oc6c(C)c5CC4)n3C)cccc2n1,train,train,test,3,3,0.8717949,0.8717949,0.8717949
CCc1nc2cc3c(c(C)c2o1)CCN(C(C)CCSc1nnc(-c2cccc4nc(C)ccc24)n1C)CC3,train,train,test,3,3,0.8513514,0.8513514,0.8684211
Cc1ccc2c(-c3nnc(SCCC(C)N4CCc5cc6nc(C)oc6c(C)c5CC4)n3C)cccc2n1,train,train,test,3,3,0.8513514,0.8513514,0.8630137
Cc1ccc2c(-c3nnc(SCCN4CCc5cc6nc(C(F)(F)F)oc6c(C)c5CC4)n3C)cccc2n1,train,train,train,3,3,0.9041096,0.9041096,0.9041096
CCc1nc2cc3c(c(C)c2o1)CCN(CCSc1nnc(-c2cccc4nc(C)ccc24)n1C)CC3,test,test,train,3,3,0.90140843,0.90140843,0.9142857
Cc1ccc2c(-c3nnc(SCCN4CCc5cc6nc(C)oc6c(C)c5CC4)n3C)cccc2n1,train,train,train,3,3,0.9104478,0.9104478,0.9104478
Cc1ccc2c(-c3nnc(SCCN4CCc5cc6nc(C(F)(F)F)oc6c(Br)c5CC4)n3C)cccc2n1,train,train,test,3,3,0.9066667,0.9066667,0.8648649
CCc1nc2cc3c(c(Br)c2o1)CCN(CCSc1nnc(-c2cccc4nc(C)ccc24)n1C)CC3,train,train,train,3,3,0.9041096,0.9041096,0.9041096
Cc1ccc2c(-c3nnc(SCCN4CCc5cc6nc(C)oc6c(Br)c5CC4)n3C)cccc2n1,train,train,train,3,3,0.9,0.9,0.9130435
Cc1ccc2c(-c3nnc(SCCN4CCc5cc6nc(C)oc6cc5CC4)n3C)cccc2n1,train,train,train,3,3,0.9047619,0.9047619,0.9047619
Cc1ccc2c(-c3nnc(SCCCCN4CCc5cc6nc(C(F)(F)F)oc6c(C)c5CC4)n3C)cccc2n1,train,train,train,3,3,0.9041096,0.9041096,0.9041096
CCc1nc2cc3c(c(C)c2o1)CCN(CCCCSc1nnc(-c2cccc4nc(C)ccc24)n1C)CC3,train,train,train,3,3,0.8666667,0.8666667,0.95714283
Cc1ccc2c(-c3nnc(SCCCCN4CCc5cc6nc(C)oc6c(C)c5CC4)n3C)cccc2n1,train,train,test,3,3,0.95522386,0.95522386,0.95522386
Cc1ccc2c(-c3nnc(SCCCCN4CCc5cc6nc(C(F)(F)F)oc6c(Br)c5CC4)n3C)cccc2n1,train,train,test,3,3,0.9066667,0.9066667,0.8701299
CCc1nc2cc3c(c(Br)c2o1)CCN(CCCCSc1nnc(-c2cccc4nc(C)ccc24)n1C)CC3,train,train,train,3,3,0.9041096,0.9041096,0.9041096
Cc1ccc2c(-c3nnc(SCCCCN4CCc5cc6nc(C)oc6c(Br)c5CC4)n3C)cccc2n1,train,train,train,3,3,0.9,0.9,0.95652175
Cc1nc2cc3c(cc2o1)CCN(CCCCSc1nnc(-c2ocnc2C)n1C)CC3,train,train,train,3,3,0.9649123,0.9649123,0.9649123
Cc1ccc2c(-c3nnc(SCCCN4CCc5cc6nc(C(C)(C)C)oc6c(C)c5CC4)n3C)cccc2n1,train,train,test,3,3,0.8648649,0.8648649,0.8648649
CCc1nc2cc3c(c(C)c2o1)CCN(CCCSc1nnc(-c2cccc4nc(C)ccc24)n1C)CC3,test,test,train,3,3,0.95714283,0.95714283,0.95714283
Cc1ccc2c(-c3nnc(SCCCN4CCc5cc6nc(C)oc6c(C)c5CC4)n3C)cccc2n1,train,train,train,3,3,0.95522386,0.95522386,0.9104478
Cc1ccc2c(-c3nnc(SCCCN4CCc5cc6nc(C(C)(C)C)oc6c(Br)c5CC4)n3C)cccc2n1,train,train,train,3,3,0.8648649,0.8648649,0.8513514
CCc1nc2cc3c(cc2s1)CCN(CCCSc1nnc(-c2ocnc2C)n1C)CC3,train,train,test,3,3,0.83870965,0.83870965,0.74285716
CCc1nc2cc3c(cc2s1)CCN(CCCSc1nnc(-c2cccc4nc(C)ccc24)n1C)CC3,train,train,train,3,3,0.8507463,0.8507463,0.8507463
Cc1nc2cc3c(cc2s1)CCN(CCCSc1nnc(-c2ocnc2C)n1C)CC3,train,train,test,3,3,0.83870965,0.83870965,0.73770493
Cc1ccc2c(-c3nnc(SCCCN4CCc5cc6nc(C)sc6cc5CC4)n3C)cccc2n1,train,train,train,3,3,0.8507463,0.8507463,0.8507463
CCc1nn(C)c2cc3c(cc12)CCN(CCCSc1nnc(-c2cccc4nc(C)ccc24)n1C)CC3,test,test,train,3,3,0.7605634,0.7605634,0.7183099
Cc1ccc2c(-c3nnc(SCCC(C)N4CCc5cc6c(cc5CC4)C(=O)N(C(C)C)C6)n3C)cccc2n1,train,train,train,3,3,0.8082192,0.8082192,0.8082192
Cc1ccc2c(-c3nnc(SCCCCN4CCc5cc6c(cc5CC4)C(=O)N(C(C)C)C6)n3C)cccc2n1,train,train,test,3,3,0.9558824,0.9558824,0.9558824
Cc1ccc2c(-c3nnc(SCCCCN4CCc5cc6c(cc5CC4)C(=O)N(C)C6)n3C)cccc2n1,train,train,test,3,3,0.953125,0.953125,0.953125
Cc1ccc2c(-c3nnc(SCCCN4CCc5cc6c(cc5CC4)C(=O)N(C(C)C)C6)n3C)cccc2n1,train,train,train,3,3,0.9558824,0.9558824,0.82857144
Cc1ccc2c(-c3nnc(SCCCN4CCc5cc6c(cc5CC4)C(=O)N(C)C6)n3C)cccc2n1,train,train,train,3,3,0.953125,0.953125,0.82857144
Cc1cc2c(-c3nnc(SCCCN4CCc5ccc(-c6cc(C)nn6C)cc5CC4)n3C)cccc2cn1,train,train,train,3,3,0.7671233,0.7671233,0.7671233
Fc1cccc(N2CCN(Cc3cnn4ccccc34)CC2)n1,train,train,train,4,4,0.75510204,0.75510204,0.75510204
Oc1ccc(N2CCN(Cc3cnn4ccccc34)CC2)cc1,train,train,train,4,4,0.8095238,0.8095238,0.7173913
Oc1ccccc1N1CCN(Cc2cnn3ccccc23)CC1,test,test,train,4,4,0.77272725,0.77272725,0.77272725
FCCOc1ccc(N2CCN(Cc3cc4ccccn4n3)CC2)cc1,train,train,test,4,4,0.62068963,0.62068963,0.7090909
FCCOc1ccccc1N1CCN(Cc2cc3ccccn3n2)CC1,test,test,train,4,4,0.7090909,0.7090909,0.62068963
FCCOc1ccc(N2CCN(Cc3cnn4ccccc34)CC2)cc1,train,train,train,4,4,0.7090909,0.7090909,0.7090909
FCCOc1ccccc1N1CCN(Cc2cnn3ccccc23)CC1,train,train,train,4,4,0.7090909,0.7090909,0.7090909
Brc1cccc(N2CCN(Cc3cc4ccccn4n3)CC2)n1,train,train,train,4,4,0.75510204,0.75510204,0.75510204
Fc1cccc(N2CCN(Cc3cc4ccccn4n3)CC2)n1,train,train,train,4,4,0.75510204,0.75510204,0.75510204
Brc1cccc(N2CCN(Cc3cnn4ccccc34)CC2)n1,train,train,train,4,4,0.75510204,0.75510204,0.75510204
O=C(NCCCCN1CCN(c2ccc(Cl)cc2Cl)CC1)c1cc2cc(Cl)ccc2[nH]1,train,train,train,1,1,0.6825397,0.6825397,0.66129035
COc1cccc2cc3n(c12)CCN(CCCCN1CCn2c(cc4ccccc42)C1=O)C3,train,train,train,1,1,0.5441176,0.5441176,0.5441176
Clc1cccc(N2CCN(CCCCCOc3cc4ccccc4cn3)CC2)c1Cl,train,train,train,1,1,0.9791667,0.9791667,0.6333333
Clc1cccc(N2CCN(CCCCOc3cc4ccccc4cn3)CC2)c1Cl,train,train,test,1,1,0.9791667,0.9791667,0.9791667
Clc1cccc(N2CCN(CCCCOc3ccc4cccnc4c3)CC2)c1Cl,train,train,train,1,1,0.6440678,0.6440678,0.6333333
Cc1cccc(N2CCN(CCCCNC(=O)c3cc4ccccc4o3)CC2)c1,train,train,train,1,1,0.8148148,0.7966102,0.8148148
O=C1c2cc3ccccc3n2CCN1CCCCN1CCN(c2cccc(Cl)c2Cl)CC1,train,train,train,1,1,0.63492066,0.63492066,0.63492066
O=C1c2cc3ccccc3n2CCN1CCCCN1CCN(c2ccc(Cl)cc2Cl)CC1,test,test,test,4,4,0.7719298,0.7719298,0.7719298
N#Cc1cccc(N2CCN(CCCCN3CCn4c(cc5ccccc54)C3=O)CC2)c1,train,train,train,4,4,0.63492066,0.63492066,0.63492066
N#Cc1cccc(N2CCN(CCCCNC(=O)c3cc4ccccc4o3)CC2)c1,train,test,train,1,1,0.7719298,0.75409836,0.7719298
O=C(NCCCCN1CCN(c2cccc(Cl)c2Cl)CC1)c1cc2ccccc2cn1,test,train,train,1,1,0.7457627,0.7457627,0.7457627
O=C(NCCCCN1CCN(c2cccc(Cl)c2)CC1)c1cc2ccccc2cn1,train,train,train,1,1,0.8214286,0.84615386,0.84615386
COc1cccc2cc3n(c12)CCN(CCCCNC(=O)C1=Cc2ccccc2CN1)C3,test,train,train,1,1,0.5194805,0.5194805,0.5194805
COc1cccc2c1C1CCN(CCCCNC(=O)C3=Cc4ccccc4CN3)CC1=N2,test,test,test,1,1,0.4117647,0.60493827,0.60493827
O[C@@]1(c2ccc(Cl)cc2)C[C@@H]2CC[C@H](C1)N2Cc1c[nH]c2ccccc12,train,train,train,4,4,0.81632656,0.81632656,0.8039216
O[C@]1(c2ccc(Cl)c(Cl)c2)C[C@@H]2CC[C@H](C1)N2Cc1coc2ccc(F)cc12,train,train,train,4,4,0.8148148,0.8148148,0.8148148
O[C@]1(c2ccc(Cl)cc2)C[C@@H]2CC[C@H](C1)N2Cc1coc2c1ccc1ccccc12,train,train,train,4,4,0.7358491,0.7358491,0.7358491
O[C@]1(c2ccc(Cl)cc2)C[C@@H]2CC[C@H](C1)N2Cc1coc2ccc3ccccc3c12,train,train,train,4,4,0.754717,0.754717,0.754717
O[C@]1(c2ccc(Cl)cc2)C[C@@H]2CC[C@H](C1)N2Cc1coc2ccc(F)cc12,train,train,train,4,4,0.8148148,0.8148148,0.8148148
COc1ccc2occ(CN3[C@H]4CC[C@@H]3C[C@@](O)(c3ccc(Cl)cc3)C4)c2c1,train,train,train,4,4,0.7368421,0.7368421,0.7368421
O[C@]1(c2ccc(Br)cc2)C[C@@H]2CC[C@H](C1)N2Cc1coc2ccccc12,train,train,train,4,4,0.79591835,0.79591835,0.79591835
O[C@]1(c2ccc(F)cc2)C[C@@H]2CC[C@H](C1)N2Cc1coc2ccccc12,train,train,train,4,4,0.79591835,0.79591835,0.79591835
O[C@]1(c2cccc(Cl)c2Cl)C[C@@H]2CC[C@H](C1)N2Cc1coc2ccccc12,train,train,train,4,4,0.7169811,0.7169811,0.7169811
O[C@@]1(c2ccc(Cl)c(Cl)c2)C[C@@H]2CC[C@H](C1)N2Cc1coc2ccccc12,train,train,train,4,4,0.78431374,0.78431374,0.78431374
O[C@]1(c2ccc(Cl)cc2)C[C@@H]2CC[C@H](C1)N2Cc1coc2ccccc12,train,train,train,4,4,0.79591835,0.79591835,0.79591835
O[C@]1(c2cccc(Cl)c2Cl)C[C@@H]2CC[C@H](C1)N2Cc1csc2ccccc12,train,train,test,4,4,0.7037037,0.7037037,0.7037037
O[C@]1(c2ccc(Cl)c(Cl)c2)C[C@@H]2CC[C@H](C1)N2Cc1csc2ccccc12,test,test,train,4,4,0.78846157,0.78846157,0.78846157
O[C@]1(c2ccc(Cl)cc2)C[C@@H]2CC[C@H](C1)N2Cc1csc2ccccc12,train,train,train,4,4,0.7037037,0.7037037,0.78846157
COc1ccc2[nH]cc(CN3[C@H]4CC[C@@H]3C[C@@](O)(c3ccc(SC)cc3)C4)c2c1,train,train,train,2,2,0.7966102,0.7966102,0.7966102
COc1ccc2[nH]cc(CN3[C@H]4CC[C@@H]3C[C@@](O)(c3ccc(Cl)cc3)C4)c2c1,train,train,train,4,4,0.7966102,0.7966102,0.7966102
O[C@]1(c2ccc(Cl)cc2)C[C@@H]2CC[C@H](C1)N2Cc1n[nH]c2ccccc12,train,train,test,4,4,0.6545454,0.6545454,0.6545454
CSc1ccc([C@@]2(O)C[C@@H]3CC[C@H](C2)N3Cc2c[nH]c3ccccc23)cc1,test,test,train,4,4,0.8039216,0.8039216,0.754717
COc1ccccc1[C@@]1(O)C[C@@H]2CC[C@H](C1)N2Cc1c[nH]c2ccccc12,train,train,train,2,2,0.6964286,0.6964286,0.6964286
O[C@]1(c2ccc3ccccc3c2)C[C@@H]2CC[C@H](C1)N2Cc1c[nH]c2ccccc12,test,test,train,4,4,0.7592593,0.7592593,0.7592593
O[C@]1(c2ccc(F)cc2)C[C@@H]2CC[C@H](C1)N2Cc1c[nH]c2ccccc12,train,train,test,4,4,0.81632656,0.81632656,0.81632656
O[C@]1(c2cccc(Cl)c2Cl)C[C@@H]2CC[C@H](C1)N2Cc1c[nH]c2ccccc12,train,train,train,4,4,0.7037037,0.7037037,0.7037037
O[C@]1(c2ccc(Cl)c(Cl)c2)C[C@@H]2CC[C@H](C1)N2Cc1c[nH]c2ccccc12,train,train,train,4,4,0.78846157,0.78846157,0.78846157
COc1ccccc1N1CCN(CCCCOc2ccc(C3CN4C=CSC4=N3)cc2)CC1,train,train,train,1,1,0.54285717,0.54285717,0.54285717
COc1c(C(=O)NCCCCN2CCN(c3cccc(Cl)c3Cl)CC2)ccc2ccccc12,train,test,train,1,1,0.80701756,0.80701756,0.80701756
COc1ccccc1N1CCN(CCCNC(=O)c2ccc(-n3ccnc3)cc2)CC1,train,train,train,1,1,0.9655172,0.9655172,0.76119405
COc1cccc(N2CCN(CCCCNC(=O)c3ccc(-n4ccnc4)cc3)CC2)c1,train,train,test,1,1,0.8333333,0.8333333,0.8333333
COc1cccc(N2CCN(CCCCNC(=O)c3ccc4nonc4c3)CC2)c1,train,train,test,1,1,0.8305085,0.8305085,0.63235295
COc1ccc(N2CCN(CCCCNC(=O)c3ccc(-n4ccnc4)cc3)CC2)cc1,train,train,train,1,1,0.8333333,0.8333333,0.8196721
COc1ccc(N2CCN(CCCCNC(=O)c3ccc4nonc4c3)CC2)cc1,train,train,test,1,1,0.8305085,0.8305085,0.63076925
O=C(NCCCCN1CCN(c2ccccc2OCCF)CC1)c1ccc(-n2ccnc2)cc1,train,train,train,1,1,0.7878788,0.7878788,0.76119405
O=C(NCCCCN1CCN(c2ccccc2OCCF)CC1)c1ccc2nonc2c1,train,train,train,1,1,0.7352941,0.7352941,0.6438356
O=C(NCCCCN1CCN(c2cccc(OCCF)c2)CC1)c1ccc(-n2ccnc2)cc1,train,train,train,1,1,0.7878788,0.7878788,0.74285716
O=C(NCCCCN1CCN(c2cccc(OCCF)c2)CC1)c1ccc2nonc2c1,train,train,test,1,1,0.78125,0.78125,0.7352941
COc1cc(F)cc(N2CCN(CCCCNC(=O)c3ccc(-n4ccnc4)cc3)CC2)c1,train,train,train,1,1,0.8196721,0.8196721,0.8196721
COc1cc(F)cc(N2CCN(CCCCNC(=O)c3ccc4nonc4c3)CC2)c1,train,train,test,1,1,0.81666666,0.81666666,0.65217394
COc1ccccc1N1CCN(CCCN2CCc3ccccc3C2=O)CC1,train,train,train,1,1,0.9574468,0.9375,0.9574468
COc1ccc(N2CCN(CCCN3CCc4ccccc4C3=O)CC2)cc1,train,train,train,1,1,0.88,0.9574468,0.9574468
O=C1c2ccccc2CCN1CCCN1CCN(c2ccccn2)CC1,train,train,train,4,4,0.95454544,0.95454544,0.95454544
O=C1c2ccccc2CCN1CCCN1CCN(c2ncccn2)CC1,train,train,test,4,4,0.95348835,0.8695652,0.8695652
O=C1c2ccccc2CCN1CCCN1CCN(c2cccc(C(F)(F)F)c2)CC1,train,train,train,4,4,0.90384614,0.90384614,0.90384614
O=C1c2ccccc2CCN1CCCN1CCN(c2cccc(Cl)c2Cl)CC1,train,test,train,1,1,0.8333333,0.9574468,0.9574468
COc1ccccc1N1CCN(CCCN2CCCc3ccccc3C2=O)CC1,test,train,test,1,1,0.9591837,0.9591837,0.9591837
COc1ccc(N2CCN(CCCN3CCCc4ccccc4C3=O)CC2)cc1,train,test,test,1,1,0.9591837,0.9591837,0.9591837
O=C1c2ccccc2CCCN1CCCN1CCN(c2ccccn2)CC1,train,train,train,4,4,0.95652175,0.95652175,0.95652175
O=C1c2ccccc2CCCN1CCCN1CCN(c2ncccn2)CC1,train,train,train,4,4,0.95555556,0.8695652,0.81632656
O=C1c2ccccc2CCCN1CCCN1CCN(c2cccc(C(F)(F)F)c2)CC1,train,train,train,4,4,0.90384614,0.90384614,0.90384614
O=C1c2ccccc2CCCN1CCCN1CCN(c2cccc(Cl)c2Cl)CC1,test,train,train,1,1,0.88,0.9591837,0.9591837
COc1ccc(N2CCN(CCCN3CCCCc4ccccc4C3=O)CC2)cc1,train,train,train,1,1,0.94,0.9019608,0.9019608
COc1ccccc1N1CCN(CCCCN2CCc3ccccc3C2=O)CC1,train,test,train,1,1,0.9787234,0.9787234,0.9787234
COc1ccc(N2CCN(CCCCN3CCc4ccccc4C3=O)CC2)cc1,test,train,train,1,1,0.9574468,0.9574468,0.9574468
O=C1c2ccccc2CCN1CCCCN1CCN(c2ccccn2)CC1,train,train,train,1,1,0.95454544,0.95454544,0.95454544
O=C1c2ccccc2CCN1CCCCN1CCN(c2ncccn2)CC1,train,test,test,1,1,0.95348835,0.95348835,0.82978725
O=C1c2ccccc2CCN1CCCCN1CCN(c2cccc(Cl)c2Cl)CC1,test,train,train,1,1,0.9574468,0.88,0.9574468
O=C1c2ccccc2CCN1CCCCN1CCN(c2ccccc2Cl)CC1,train,train,test,1,1,0.8333333,0.87234044,0.87234044
COc1cccc(N2CCN(CCCCN3CCc4ccccc4C3=O)CC2)c1,train,train,train,1,1,0.7735849,0.8076923,0.8076923
COc1ccccc1N1CCN(CCCCN2CCCc3ccccc3C2=O)CC1,train,train,train,1,1,0.88,0.9591837,0.88
COc1ccc(N2CCN(CCCCN3CCCc4ccccc4C3=O)CC2)cc1,train,train,train,1,1,0.9591837,0.9019608,0.9019608
O=C1c2ccccc2CCCN1CCCCN1CCN(c2ccccn2)CC1,train,train,train,1,1,0.95652175,0.95652175,0.95652175
O=C1c2ccccc2CCCN1CCCCN1CCN(c2ncccn2)CC1,train,test,test,1,1,0.95555556,0.95555556,0.95555556
O=C1c2ccccc2CCCN1CCCCN1CCN(c2cccc(Cl)c2Cl)CC1,test,train,train,1,1,0.84313726,0.9591837,0.9591837
COc1ccccc1N1CCN(CCCCCN2CCc3ccccc3C2=O)CC1,train,train,train,1,1,0.9787234,0.9375,0.9787234
COc1ccccc1N1CCN(CCC(O)CNC(=O)c2cc3ccccc3[nH]2)CC1,train,test,train,1,1,0.75384617,0.75384617,0.75384617
O=C(NCC(O)CCN1CCN(c2cccc(Cl)c2Cl)CC1)c1cc2ccccc2[nH]1,test,train,train,1,1,0.828125,0.828125,0.828125
COc1ccccc1N1CCN(CC(O)CCNC(=O)c2cc3ccccc3s2)CC1,train,test,train,1,1,0.82539684,0.82539684,0.82539684
COc1ccccc1N1CCN(CC(O)CCNC(=O)c2cc3cc(I)ccc3o2)CC1,test,train,train,1,1,0.8484849,0.8484849,0.8484849
O=C(NCCC(O)CN1CCN(c2cccc(Cl)c2Cl)CC1)c1cc2cc(I)ccc2o1,train,train,train,1,1,0.8333333,0.8333333,0.8333333
COc1ccccc1N1CCN(CC(O)CCNC(=O)c2cc3ccccc3o2)CC1,train,train,train,1,1,0.85714287,0.85714287,0.85714287
O=C(NCCC(O)CN1CCN(c2cccc(Cl)c2Cl)CC1)c1cc2ccccc2o1,train,train,train,1,1,0.828125,0.828125,0.828125
COc1ccc2[nH]c(C(=O)NCCC(O)CN3CCN(c4ccccc4OC)CC3)cc2c1,train,train,train,1,1,0.859375,0.85714287,0.859375
COc1ccc2[nH]c(C(=O)NCCC(O)CN3CCN(c4cccc(Cl)c4Cl)CC3)cc2c1,test,train,train,1,1,0.79710144,0.8428571,0.8428571
COc1ccccc1N1CCN(CC(O)CCNC(=O)c2cc3cc(I)ccc3[nH]2)CC1,train,train,train,1,1,0.84615386,0.84375,0.84615386
O=C(NCCC(O)CN1CCN(c2cccc(Cl)c2Cl)CC1)c1cc2cc(I)ccc2[nH]1,train,train,train,1,1,0.74285716,0.78571427,0.8333333
COc1ccccc1N1CCN(CC(O)CCNC(=O)c2cc3cc(F)ccc3[nH]2)CC1,train,test,train,1,1,0.87096775,0.87096775,0.87096775
O=C(NCCC(O)CN1CCN(c2cccc(Cl)c2Cl)CC1)c1cc2cc(F)ccc2[nH]1,test,test,train,1,1,0.8333333,0.8333333,0.8333333
CCCOc1ccccc1N1CCN(CC(O)CCNC(=O)c2cc3ccccc3[nH]2)CC1,test,train,train,1,1,0.8153846,0.8153846,0.8153846
COc1ccccc1N1CCN(CC(O)CCNC(=O)c2cc3ccccc3[nH]2)CC1,train,train,train,1,1,0.87096775,0.85714287,0.87096775
COc1ccccc1N1CCN(C/C=C/CNC(=O)c2cc3ccccc3s2)CC1,train,train,train,1,1,0.71875,0.71875,0.71428573
COc1ccccc1N1CCN(C/C=C/CNC(=O)c2cc3ccccc3o2)CC1,train,train,train,1,1,0.7258065,0.7258065,0.7258065
O=C(NC/C=C/CN1CCN(c2cccc(Cl)c2Cl)CC1)c1cc2ccccc2[nH]1,train,train,train,1,1,0.71428573,0.71428573,0.71428573
COc1ccccc1N1CCN(CCCCNC(=O)c2cc3ccccc3[nH]2)CC1,train,train,train,1,1,0.9298246,0.9298246,0.9298246
O=C(NCCCCN1CCN(c2cccc(Cl)c2Cl)CC1)c1cc2cc(F)ccc2[nH]1,train,train,test,1,1,0.82258064,0.81666666,0.81666666
CCN1CCC[C@H]1CNC(=O)c1cc(Br)cc(OC)c1OC,train,train,train,2,2,0.8,0.8,0.8
CCCN(CCCCNC(=O)c1ccc(-c2ccccc2)cc1)C1CC=C(C#C[Si](C)(C)C)CC1,train,train,train,2,2,0.8153846,0.8153846,0.8153846
CCCN(CCCCNC(=O)c1ccc(-c2ccccc2)cc1)C1CC=C(C#Cc2ccccc2)CC1,train,train,train,2,2,0.8153846,0.8153846,0.8153846
CCCN(CCCCn1cc(-c2ccc(-c3ccccc3)cc2)nn1)C1CC=C(C#C[Si](C)(C)C)CC1,train,train,train,2,2,0.8333333,0.8333333,0.8333333
CCCN(CCCCn1cc(-c2ccc(-c3ccccc3)cc2)nn1)C1CC=C(C#Cc2ccccc2)CC1,train,train,train,2,2,0.8333333,0.8333333,0.8333333
CC#CC1=CCC(N(CCC)CCCCn2cc(C)nn2)CC1,train,train,train,2,2,0.6086956,0.6086956,0.6086956
CCCNCCCCNC(=O)c1ccc(-c2ccccc2)cc1,train,train,test,2,2,0.6904762,0.6904762,0.6904762
CCCN(CCC)CCCCNC(=O)c1ccc(-c2ccccc2)cc1,train,train,train,2,2,0.6904762,0.6904762,0.66
CCCN(CCCCNC(=O)c1ccc(-c2ccccc2)cc1)C1CCCCC1,train,train,train,2,2,0.76363635,0.76363635,0.76363635
O=C(Nc1cccc(Cn2ncc(N3CCNCC3)c(Cl)c2=O)c1)c1ccc(-c2ccccc2)cc1,train,train,train,4,4,0.75714284,0.6944444,0.75714284
Cc1ccc(Cn2ncc(N3CCNCC3)c(Cl)c2=O)cc1NC(=O)c1ccc(-c2ccccc2)cc1,train,test,train,1,1,0.75714284,0.75714284,0.75714284
Cc1c(Cn2ncc(N3CCNCC3)c(Cl)c2=O)cccc1NC(=O)c1ccc(-c2ccccc2)cc1,train,train,train,1,1,0.7361111,0.6944444,0.7361111
CCCN1CCO[C@@H]2c3cc(C(C)=O)ccc3CC[C@H]21,test,test,train,2,2,0.85106385,0.85106385,0.85106385
CCCN1CCO[C@@H]2c3cc4c(cc3CC[C@H]21)CN(C)C4=O,test,test,train,2,2,0.7307692,0.7307692,0.7307692
CCCN1CCO[C@@H]2c3cc4c(cc3CC[C@H]21)CCOC4=O,train,train,test,2,2,0.8367347,0.8367347,0.8367347
CCCN1CCO[C@@H]2c3cc4c(cc3CC[C@H]21)CCNC4=O,train,train,train,2,2,0.7222222,0.7222222,0.6909091
CCCN1CCO[C@@H]2c3cc(C#N)ccc3CC[C@H]21,train,train,train,2,2,0.6730769,0.6730769,0.6730769
CCCN1CCO[C@@H]2c3cc4c(=O)[nH]ccc4cc3CC[C@H]21,test,test,test,2,2,0.5833333,0.5833333,0.5833333
CCCN1CCO[C@@H]2c3cc4c(cc3CC[C@H]21)COC4=O,train,train,train,2,2,0.8367347,0.8367347,0.7307692
CCCN1CCO[C@@H]2c3cc(C(=O)O)ccc3CC[C@H]21,train,train,train,2,2,0.78431374,0.78431374,0.85106385
CCCN1CCO[C@@H]2c3cc(C(=O)Nc4ccc(OC)cc4)ccc3CC[C@H]21,train,train,train,2,2,0.6779661,0.6779661,0.6779661
CCCN1CCO[C@@H]2c3cc(C(=O)OCC)ccc3CC[C@H]21,train,train,train,2,2,0.78431374,0.78431374,0.78431374
O=C(CCCN1C2CCC1CN(c1ccc(Cl)cc1)CC2)c1ccc(F)cc1,train,train,train,4,4,0.6296296,0.6296296,0.6296296
O=C(CCCN1CCCN(c2ccc(Cl)cc2)CC1)c1ccc(F)cc1,train,train,train,4,4,0.90909094,0.90909094,0.90909094
O=C(CCCN1CCN(c2ncccn2)CC1)c1ccc(F)cc1,train,train,train,1,1,0.7659575,0.7659575,0.7659575
O=C(CCCN1CC2CC1CN2c1ccc(Cl)cc1)c1ccc(F)cc1,train,train,train,4,4,0.56666666,0.56666666,0.7222222
O=C(CCCN1CC2CCC(C1)N2c1ccccc1)c1ccc(F)cc1,test,test,train,4,4,0.57894737,0.57894737,0.57894737
CN(CCC=C1c2ccccc2CCc2ccccc21)C(=O)Cc1ccc(OCCCN2CCCCC2)cc1,train,train,train,2,2,0.78125,0.78125,0.78125
CN(CCC=C1c2ccccc2CCc2ccccc21)C(=O)c1ccc(OCCCN2CCCCC2)cc1,train,train,train,2,2,0.78125,0.78125,0.78125
CN(CCC=C1c2ccccc2CCc2ccccc21)Cc1ccc(OCCCN2CCCCC2)cc1,test,test,train,2,2,0.7741935,0.7741935,0.7741935
CN(CCCC12CCC(c3ccccc31)c1ccccc12)Cc1ccc(OCCCN2CCCCC2)cc1,train,train,test,2,2,0.4935065,0.4935065,0.5138889
CN(CCCN1c2ccccc2Sc2ccc(Cl)cc21)Cc1ccc(OCCCN2CCCCC2)cc1,train,train,test,4,4,0.55737704,0.55737704,0.6760563
CN(C)CC/C=C1/c2ccccc2Sc2ccc(Cl)cc21,test,test,train,4,4,0.49019608,0.49019608,0.515625
CN(CC/C=C1\c2ccccc2Sc2ccc(Cl)cc21)Cc1ccc(OCCCN2CCCCC2)cc1,test,test,train,4,4,0.6760563,0.6760563,0.7121212
Clc1ccc2c(c1)N=C(N1CCN(Cc3ccc(OCCCN4CCCCC4)cc3)CC1)c1ccccc1N2,train,train,train,4,4,0.4871795,0.4871795,0.4512195
OCCN1CCN(CCCN2c3ccccc3Sc3ccc(C(F)(F)F)cc32)CC1,train,train,train,1,1,0.6212121,0.6212121,0.6212121
O=C(OCCN1CCN(CCCN2c3ccccc3Sc3ccc(C(F)(F)F)cc32)CC1)c1ccc(OCCCN2CCCCC2)cc1,train,train,train,1,1,0.6212121,0.6212121,0.6212121
OC1(c2ccc(Cl)cc2)CC2CCC(C1)N2Cc1ccc(F)cc1,train,train,train,4,4,0.63461536,0.63461536,0.64
OC1(c2ccc(Cl)cc2)CC2CCC(C1)N2Cc1c[nH]c2ncccc12,train,train,train,4,4,0.7222222,0.7222222,0.7222222
OC1(c2ccc(Cl)cc2)CC2CCC(C1)N2CCc1c[nH]c2ccccc12,train,train,train,4,4,0.8039216,0.8039216,0.8039216
OC1(c2ccc(Cl)cc2)CCN(Cc2c[nH]c3ccccc23)C1,train,train,test,4,4,0.87234044,0.87234044,0.87234044
OC1(c2ccc(Cl)cc2)CCN(CCc2c[nH]c3ccccc23)C1,train,train,train,4,4,0.81632656,0.81632656,0.7169811
Clc1ccc(N2CCCN(Cc3c[nH]c4ncccc34)CC2)cc1,train,train,train,4,4,0.59322035,0.59322035,0.6792453
Clc1ccc(N2CCC3CCC(C2)N3Cc2c[nH]c3ncccc23)cc1,train,train,test,4,4,0.6166667,0.6166667,0.6166667
O=C(CCCN1CC2CC1N(c1ccc(Cl)cc1)C2)c1ccc(F)cc1,test,test,train,4,4,0.7222222,0.7222222,0.7222222
Clc1ccc(N2CC3CC2CN3Cc2c[nH]c3ncccc23)cc1,test,test,train,4,4,0.57377046,0.57377046,0.53333336
c1cnc(N2CCN(Cc3c[nH]c4ncccc34)CC2)nc1,test,test,train,4,4,0.6530612,0.6530612,0.6666667
Cc1ccc2c3c(ccc2n1)OC[C@H](CN1CCN(c2ccc4cc(C#N)ccc4n2)CC1)O3,train,train,train,4,4,0.3263158,0.3263158,0.3263158
O=C1N(CCN2Cc3ccccc3C2)CCN1c1cccc(Cl)c1,train,train,train,4,4,0.8,0.8,0.8
O=C1N(CCN2Cc3ccccc3C2)CCN1c1cccc(C(F)(F)F)c1,train,train,train,4,4,0.76086956,0.76086956,0.76086956
CC(C)c1cccc(N2CCN(CCN3Cc4ccccc4C3)C2=O)c1,train,train,train,4,4,0.71428573,0.71428573,0.71428573
O=C1N(CCN2Cc3ccccc3C2)CCN1c1cc(Cl)cc(Cl)c1,train,train,train,4,4,0.85,0.85,0.85
N#Cc1cc(N2CCN(CCN3Cc4ccccc4C3)C2=O)ccc1F,train,train,train,4,4,0.7,0.7,0.7
O=C1N(CCN2Cc3ccccc3C2)CCN1c1ccc(Cl)c(Cl)c1,test,test,train,4,4,0.79545456,0.79545456,0.79545456
O=C1N(CCN2Cc3ccccc3C2)CCN1c1cccc(OC(F)(F)F)c1,test,test,train,4,4,0.71428573,0.71428573,0.71428573
O=C1N(CCN2Cc3ccccc3C2)CCN1c1ccc(F)c(Cl)c1,train,train,train,4,4,0.73913044,0.73913044,0.79545456
CC(C)Oc1cccc(N2CCN(CCN3Cc4ccccc4C3)C2=O)c1,train,train,train,4,4,0.71428573,0.71428573,0.71428573
N#Cc1cccc(N2CCN(CCN3Cc4ccccc4C3)C2=O)c1,train,train,train,4,4,0.6956522,0.6956522,0.6956522
O=C1N(CCN2Cc3ccccc3C2)CCN1c1cc(F)cc(Cl)c1,train,train,train,4,4,0.85,0.85,0.85
O=C1N(CCN2Cc3ccccc3C2)CCN1c1cc(Cl)ccc1F,train,train,test,4,4,0.7173913,0.7173913,0.7173913
CC(C)(C)c1ccc(N2CCN(CCN3Cc4ccccc4C3)C2=O)cc1,test,test,train,4,4,0.63829786,0.63829786,0.63829786
O=C1N(CCN2Cc3ccccc3C2)CCN1c1ccc2sccc2c1,train,train,train,4,4,0.6481481,0.6481481,0.6530612
Cc1nc2cc(N3CCN(CCN4Cc5ccccc5C4)C3=O)ccc2s1,train,train,train,4,4,0.6481481,0.6481481,0.6481481
Cc1ccc(N2CCN(CCN3Cc4ccccc4C3)C2=O)s1,test,test,train,4,4,0.56,0.56,0.5625
O=C1N(CCN2Cc3ccccc3C2)CCN1c1csc2ccccc12,train,train,train,4,4,0.5471698,0.5471698,0.5471698
O=C1N(CCN2Cc3ccccc3C2)CCN1c1ccc2occc2c1,train,train,train,4,4,0.6226415,0.6226415,0.6226415
CC(=O)n1ccc2cc(N3CCN(CCN4Cc5ccccc5C4)C3=O)ccc21,train,train,test,4,4,0.5964912,0.5964912,0.5964912
Cc1ccc(N2CCN(CCN3Cc4ccccc4C3)C2=O)cn1,train,train,train,4,4,0.59574467,0.59574467,0.63829786
O=C1N(CCN2Cc3ccccc3C2)CCN1c1cscc1-c1ccccn1,train,train,test,4,4,0.5272727,0.5272727,0.5272727
O=C1N(CCN2Cc3ccccc3C2)CCN1Cc1ccccc1,train,train,train,4,4,0.775,0.775,0.775
O=C1N(CCN2Cc3ccccc3C2)CCN1Cc1cccc(Cl)c1,train,train,train,4,4,0.775,0.775,0.775
O=C1N(CCN2Cc3ccccc3C2)CCN1Cc1cccc(C(F)(F)F)c1,train,train,train,4,4,0.6938776,0.6938776,0.6938776
O=C1N(CCN2Cc3ccccc3C2)CCN1Cc1ccc(Cl)c(Cl)c1,test,test,test,4,4,0.73333335,0.73333335,0.73333335
O=C1N(CCN2Cc3ccccc3C2)CCN1Cc1cc(Cl)ccc1Cl,train,train,train,4,4,0.7619048,0.7619048,0.7619048
O=C1N(CCN2Cc3ccccc3C2)CCN1Cc1ccc(Cl)cc1,test,test,test,4,4,0.8108108,0.8108108,0.8108108
O=C1N(CCN2Cc3ccccc3C2)CCN1Cc1ccccc1Cl,train,train,train,4,4,0.7619048,0.7619048,0.7619048
CC(c1cccc(C(F)(F)F)c1)N1CCN(CCN2Cc3ccccc3C2)C1=O,train,train,train,4,4,0.6296296,0.6296296,0.6296296
CC1CCCN(CCN2CCN(c3cccc(Cl)c3)C2=O)C1,train,train,train,4,4,0.75,0.75,0.75
CC1CCCCN1CCN1CCN(c2cccc(Cl)c2)C1=O,train,train,train,4,4,0.66,0.66,0.6666667
CC1CCN(CCN2CCN(c3cccc(Cl)c3)C2=O)CC1,train,train,train,4,4,0.75,0.75,0.75
O=C1N(CCN2CCC(C(F)(F)F)CC2)CCN1c1cccc(O)c1,train,train,train,4,4,0.7916667,0.7916667,0.7916667
O=C1N(CCN2CCC(C(F)(F)F)CC2)CCN1c1cccc(I)c1,test,test,train,4,4,0.7755102,0.7755102,0.7755102
O=C1N(CCN2CCC(C(F)(F)F)CC2)CCN1c1cccc(Cl)c1,train,train,train,4,4,0.7916667,0.7916667,0.7916667
O=C1N(CCN2CCC(C(F)(F)F)CC2)CCN1c1cccc(OC(F)(F)F)c1,train,train,train,4,4,0.8039216,0.8039216,0.8039216
N#Cc1cc(N2CCN(CCN3CCC(C(F)(F)F)CC3)C2=O)ccc1F,train,train,train,4,4,0.6851852,0.6851852,0.6851852
COc1cccc(N2CCN(CCN3CCC(C(F)(F)F)CC3)C2=O)c1,train,train,train,4,4,0.8039216,0.8039216,0.8039216
O=C1N(CCN2CCC(C(F)(F)F)CC2)CCN1c1cccc(Cl)c1F,train,train,train,4,4,0.6603774,0.6603774,0.6603774
CC(C)N1CCN(CCN2CCN(c3cccc(C#N)c3)C2=O)CC1,train,train,train,4,4,0.72,0.72,0.72
CC(C)N1CCN(CCN2CCN(c3cccc(OC(F)(F)F)c3)C2=O)CC1,train,train,train,4,4,0.7647059,0.7647059,0.7647059
CC(C)N1CCN(CCN2CCN(c3ccc(F)c(C#N)c3)C2=O)CC1,train,train,train,4,4,0.6851852,0.6851852,0.6851852
CC(C)N1CCN(CCN2CCN(c3cccc(Cl)c3F)C2=O)CC1,test,test,train,4,4,0.6481481,0.6481481,0.6481481
COc1cccc(N2CCN(CCN3CCN(C(C)C)CC3)C2=O)c1,train,train,train,4,4,0.7647059,0.7647059,0.7647059
CC(C)N1CCN(CCN2CCN(c3cccc(Cl)c3)C2=O)CC1,train,train,train,4,4,0.77272725,0.77272725,0.75
CN1CCN(CCN2CCN(c3cccc(Cl)c3)C2=O)CC1,train,train,test,4,4,0.7804878,0.7804878,0.7804878
COc1ccccc1N1CCN(Cc2c(C)[nH]c3nc(N(C)C)ncc23)CC1,train,train,train,1,1,0.5362319,0.5362319,0.4852941
COc1ccccc1N1CCN(Cc2c(C)nc3cc(C)nc(C)n23)CC1,train,train,train,1,1,0.7090909,0.7090909,0.7090909
COc1ccc(N2CCN(Cc3c(C)nc4cc(C)nc(C)n34)CC2)cc1,train,train,train,4,4,0.7708333,0.7708333,0.7708333
COc1ccccc1N1CCN(Cc2c(C)nc3cc(C)ncn23)CC1,train,train,train,1,1,0.6909091,0.6909091,0.6909091
COc1ccc(N2CCN(Cc3c(C)nc4cc(C)ncn34)CC2)cc1,train,train,train,4,4,0.6851852,0.6851852,0.6851852
COc1ccccc1N1CCN(Cc2cc3c(=O)[nH]c(N(C)C)nc3[nH]2)CC1,train,train,test,1,1,0.5362319,0.5362319,0.5362319
Clc1nccc2c(CN3CCN(c4ccccc4)CC3)c[nH]c12,train,train,train,4,4,0.5833333,0.5833333,0.5833333
Cc1cc2nc(C)c(CN3CCN(c4ccccc4)CC3)n2c(C)n1,train,train,train,4,4,0.7826087,0.7826087,0.7826087
Cc1cc2nc(C)c(CN3CCN(c4ccc(Cl)cc4)CC3)n2c(C)n1,test,test,train,4,4,0.82608694,0.82608694,0.78723407
Cc1cc2nc(C)c(CN3CCN(c4ccc(Cl)c(Cl)c4)CC3)n2c(C)n1,train,train,test,4,4,0.75,0.75,0.82608694
Cc1cc2nc(C)c(CN3CCN(c4ccccn4)CC3)n2c(C)n1,train,train,train,4,4,0.71428573,0.71428573,0.71428573
Cc1cc2nc(C)c(CN3CCN(c4ccc(F)cc4)CC3)n2c(C)n1,train,train,train,4,4,0.7826087,0.7826087,0.78723407
COc1ccccc1N1CCN(Cc2cnc3cc(C)nc(C)n23)CC1,train,train,train,1,1,0.7090909,0.7090909,0.7090909
Cn1c(N2CCCC2)nc2c(CN3CCN(c4ccccc4)CC3)c[nH]c2c1=O,test,test,train,4,4,0.8518519,0.8518519,0.8518519
Cn1c(N2CCCC2)nc2c(CN3CCN(c4ccc(Cl)c(Cl)c4)CC3)c[nH]c2c1=O,train,train,train,4,4,0.7758621,0.7758621,0.7586207
Cn1c(N2CCCC2)nc2c(CN3CCN(c4ccccn4)CC3)c[nH]c2c1=O,train,train,train,4,4,0.6885246,0.6885246,0.7586207
Cn1c(N2CCCC2)nc2c(CN3CCN(c4ccc(F)cc4)CC3)c[nH]c2c1=O,train,train,test,4,4,0.7758621,0.7758621,0.8333333
Cn1c(N2CCOCC2)nc2c(CN3CCN(c4ccccc4)CC3)c[nH]c2c1=O,train,train,train,4,4,0.7118644,0.7118644,0.8518519
CCN(CC)CCN1CCN(c2cccc(Cl)c2)C1=O,train,train,train,4,4,0.6304348,0.6304348,0.6086956
COC[C@@H]1CCCN1N1CCN(c2cccc(Cl)c2)C1=O,train,train,train,4,4,0.52459013,0.52459013,0.5263158
CC1(C)C[C@@H]2C[C@@](C)(CN2CCN2CCN(c3cccc(Cl)c3)C2=O)C1,train,train,train,4,4,0.7118644,0.7118644,0.5689655
O=C1N(CCN2C[C@H]3CC[C@@H]2C3)CCN1c1cccc(Cl)c1,test,test,train,4,4,0.6111111,0.6111111,0.754717
COCC1[C@@H]2CC[C@H]1CN(CCN1CCN(c3cccc(Cl)c3)C1=O)C2,train,train,test,4,4,0.6603774,0.6603774,0.6730769
C[C@@]12CC(c3ccccc3)C[C@@H](C1)N(CCN1CCN(c3cccc(Cl)c3)C1=O)C2,train,train,test,4,4,0.7118644,0.7118644,0.7118644
O=C1N(CCN2C[C@H]3CC[C@H](CC3)C2)CCN1c1cccc(Cl)c1,test,test,train,4,4,0.7173913,0.7173913,0.7173913
CC1(C)[C@H]2CC[C@]1(C)CN(CCN1CCN(c3cccc(Cl)c3)C1=O)C2,train,train,train,4,4,0.60714287,0.60714287,0.6181818
O=C1N(CCN2C[C@@H]3CC[C@H]2Cc2ccccc2C3)CCN1c1cccc(Cl)c1,test,test,train,4,4,0.5925926,0.5925926,0.754717
O=C1N(CCN2[C@H]3CCC[C@@H]2CC3)CCN1c1cccc(Cl)c1,test,test,train,4,4,0.65217394,0.65217394,0.65217394
COc1cccc(C2CCCN(CCN3CCN(c4cccc(Cl)c4)C3=O)C2)c1,train,train,train,4,4,0.67241377,0.67241377,0.67241377
O=C1N(CCN2CCCC(OCc3ccccc3)C2)CCN1c1cccc(Cl)c1,train,train,train,4,4,0.6551724,0.6551724,0.6551724
O=C1N(CCN2CCC(c3ccc(Cl)cc3)CC2)CCN1c1cccc(Cl)c1,test,test,train,4,4,0.7291667,0.7291667,0.7291667
COc1cccc(CCN(C)CCN2CCN(c3cccc(Cl)c3)C2=O)c1,train,train,test,2,2,0.58181816,0.58181816,0.76785713
COc1ccc(CCN(C)CCN2CCN(c3cccc(Cl)c3)C2=O)cc1OC,test,test,train,2,2,0.76785713,0.76785713,0.5714286
O=C1N(CCN2CCC(c3nnc(-c4ccccc4)o3)CC2)CCN1c1cccc(Cl)c1,train,train,test,4,4,0.59322035,0.59322035,0.6166667
CN(CCN1CCN(c2cccc(Cl)c2)C1=O)Cc1cc2ccccc2s1,train,train,train,4,4,0.5714286,0.5714286,0.5714286
Cc1cc(CN(C)CCN2CCN(c3cccc(Cl)c3)C2=O)on1,test,test,test,4,4,0.5967742,0.5967742,0.5967742
O=C1N(CCN2CCCc3sccc3C2)CCN1c1cccc(Cl)c1,train,train,train,4,4,0.6666667,0.6666667,0.6666667
CC1(C)[C@@H]2CC[C@]13CCN(CCN1CCN(c4cccc(Cl)c4)C1=O)C3C2,test,test,test,4,4,0.6031746,0.6031746,0.6031746
CN(CCN1CCN(c2cccc(Cl)c2)C1=O)C[C@]12CC[C@H](CC1)C2(C)C,train,train,train,4,4,0.8214286,0.8214286,0.8214286
CN(CCN1CCN(c2cccc(C(F)(F)F)c2)C1=O)C[C@]12CC[C@H](CC1)C2(C)C,train,train,train,2,2,0.76666665,0.76666665,0.76666665
Cc1ccc(N2CCN(CCN(C)C[C@]34CC[C@H](CC3)C4(C)C)C2=O)cc1,train,train,train,2,2,0.7818182,0.7818182,0.8269231
COc1cccc(N2CCN(CCN(C)C[C@]34CC[C@H](CC3)C4(C)C)C2=O)c1,test,test,train,2,2,0.79310346,0.79310346,0.79310346
Cc1cccc(N2CCN(CCN(C)C[C@]34CC[C@H](CC3)C4(C)C)C2=O)c1,train,train,train,2,2,0.8214286,0.8214286,0.8214286
CN(CCN1CCN(c2ccccc2)C1=O)C[C@]12CC[C@H](CC1)C2(C)C,test,test,test,2,2,0.8235294,0.8235294,0.8235294
CN(CCN1CCN(c2ccc(F)cc2)C1=O)C[C@]12CC[C@H](CC1)C2(C)C,test,test,train,2,2,0.8269231,0.8269231,0.8269231
CN(CCN1CCN(c2ccc3c(c2)OCO3)C1=O)C[C@]12CC[C@H](CC1)C2(C)C,train,train,test,2,2,0.7241379,0.7241379,0.7241379
COc1ccccc1N1CCN(CCNC(=O)c2cn(-c3ccc([N+](=O)[O-])cc3)nn2)CC1,test,train,train,1,1,0.6621622,0.527027,0.6621622
O=C(NCCCCN1CCN(c2cccc(Cl)c2Cl)CC1)c1cn(-c2ccc([N+](=O)[O-])cc2)nn1,train,test,train,1,1,0.75342464,0.6621622,0.75714284
COc1ccc(-n2cc(C(=O)NCCCCN3CCN(c4cccc(Cl)c4Cl)CC3)nn2)cc1,test,test,train,1,1,0.75714284,0.75,0.75714284
O=C(CCCc1cn(-c2ccc([N+](=O)[O-])cc2)nn1)NCCCCN1CCN(c2cccc(Cl)c2Cl)CC1,train,test,train,1,1,0.7702703,0.7702703,0.7702703
COc1ccc(-n2cc(CCCC(=O)NCCCCN3CCN(c4cccc(Cl)c4Cl)CC3)nn2)cc1,train,train,train,1,1,0.7702703,0.6164383,0.7702703
O=C1CC(CN2CCC(c3noc4cc(F)ccc34)CC2)Cc2ncncc21,train,train,test,4,4,0.75,0.75,0.73913044
CSc1ncc2c(n1)CC(CN1CCC(c3noc4cc(F)ccc34)CC1)CC2=O,train,train,test,4,4,0.75,0.75,0.78571427
CNc1ncc2c(n1)CC(CN1CCC(c3noc4cc(F)ccc34)CC1)CC2=O,test,test,train,4,4,0.78571427,0.78571427,0.475
COc1ccccc1N1CCN(CCCCNC(=O)c2cccc(-c3cn(Cc4ccc(-c5ccc(Cn6cc(-c7cccc(C(=O)NCCCCN8CCN(c9ccccc9OC)CC8)c7)nn6)cc5)cc4)nn3)c2)CC1,test,train,test,1,1,0.8695652,0.62857145,0.8695652
COc1ccccc1N1CCN(CCCCNC(=O)c2ccc(-c3cn(Cc4ccc(-c5ccc(Cn6cc(-c7ccc(C(=O)NCCCCN8CCN(c9ccccc9OC)CC8)cc7)nn6)cc5)cc4)nn3)cc2)CC1,train,test,train,1,1,0.6865672,0.8695652,0.6865672
CCCN(CCN1CCN(c2ccc(-c3ccncc3)cc2)CC1)[C@H]1CCc2nc(N)sc2C1,train,train,train,2,2,0.6666667,0.6666667,0.85714287
CCCN(CCN1CCN(c2ccnc3ccccc23)CC1)C1CCc2ccc(O)cc2C1,train,train,test,2,2,0.9032258,0.9032258,0.84375
CCCN(CCN1CCN(c2nccc3ccccc23)CC1)[C@H]1CCc2nc(N)sc2C1,test,test,train,2,2,0.7941176,0.7941176,0.75714284
CCCN(CCN1CCN(c2cccc3ncccc23)CC1)C1CCc2ccc(O)cc2C1,train,train,test,2,2,0.9032258,0.9032258,0.7936508
CCCN(CCN1CCN(c2ccc(-c3ccccc3)cc2)CC1)[C@H]1CCc2nc(N)sc2C1,test,test,train,2,2,0.85714287,0.85714287,0.85714287
CCCN(CCN1CCN(c2ccc3ccccc3c2)CC1)C1CCc2ccc(O)cc2C1,train,train,train,2,2,0.7741935,0.7741935,0.7741935
CCCN(CCN1CCN(c2ccnc3ccccc23)CC1)[C@H]1CCc2nc(N)sc2C1,train,train,test,2,2,0.6666667,0.6666667,0.921875
CCCN(CCN1CCN(c2cccc3ncccc23)CC1)[C@H]1CCc2nc(N)sc2C1,test,test,train,2,2,0.921875,0.921875,0.75714284
CCCN(CCN1CCN(c2cccc3ccccc23)CC1)C1CCc2ccc(O)cc2C1,train,train,train,2,2,0.7936508,0.7936508,0.78125
CCCN(CCN1CCN(c2nccc3ccccc23)CC1)C1CCc2ccc(O)cc2C1,train,train,train,2,2,0.78125,0.78125,0.78125
CCCN(CCN1CCN(C(=O)c2cc3ccccc3[nH]2)CC1)[C@H]1CCc2c(O)cccc2C1,train,train,train,2,2,0.56164384,0.56164384,0.56164384
CC1=NC2C=C3CCN(CCCSc4nnc(-c5cccc6nc(C)ccc56)n4C)CCC3=CC2O1,test,test,train,3,3,0.6315789,0.6315789,0.6315789
CN(CCN1CCN(C2COOC2)C1=O)C[C@]12CC[C@H](CC1)C2(C)C,train,train,test,2,2,0.6034483,0.6034483,0.6034483
COc1ccc2c(c1)CCN1Cc3ccccc3CC21,train,train,train,2,2,0.47826087,0.47826087,0.6511628
Oc1ccc2c(c1)CCN1Cc3ccccc3CC21,test,test,train,2,2,0.6511628,0.6511628,0.6511628
COc1cc2c3c(c1OC)-c1cc4c(cc1CC3N(C)CC2)OCO4,train,train,train,2,2,0.4,0.4,0.4090909
Cn1c(CN2CCC(c3ccccc3)CC2)nc2ccccc21,train,train,train,4,4,0.8181818,0.8181818,0.8181818
Cn1c(CN2CCC(c3ccccc3F)CC2)nc2ccccc21,train,train,train,4,4,0.74,0.74,0.70212764
Cn1c(CN2CCC(c3ccc(Cl)cc3)CC2)nc2ccccc21,train,train,train,4,4,0.8181818,0.8181818,0.8181818
Cn1c(CN2CCC(c3ccccc3C(F)(F)F)CC2)nc2ccccc21,train,train,test,4,4,0.74,0.74,0.74
Cn1c(CN2CCC(c3cccc(Cl)c3)CC2)nc2ccccc21,train,train,train,4,4,0.7755102,0.7755102,0.7755102
Cn1c(CN2CCC(c3nsc4ccccc34)CC2)nc2ccccc21,train,train,train,4,4,0.63461536,0.63461536,0.63461536
Cn1c(CN2CCC(c3ncc(C(F)(F)F)cc3Cl)CC2)nc2ccccc21,train,train,train,4,4,0.704918,0.704918,0.5833333
Cn1c(CN2CCN(c3ncc(C(F)(F)F)cc3Cl)CC2)nc2ccccc21,train,train,test,4,4,0.704918,0.704918,0.704918
CCCN(CCN1CCN(c2ccnc3ccccc23)CC1)[C@H]1CCc2c(O)cccc2C1,train,train,test,2,2,0.8360656,0.8360656,0.8360656
CCCN(CCN1CCN(c2ccc(O)c3ncccc23)CC1)C1CCc2ccc(O)cc2C1,train,train,test,2,2,0.9047619,0.9047619,0.9047619
CCCN(CCN1CCN(c2ccnc3c(O)cccc23)CC1)C1CCc2c(O)cccc2C1,train,train,train,2,2,0.8360656,0.8360656,0.89830506
CCCN(CCN1CCN(c2ccnc3c(O)cccc23)CC1)C1CCc2ccc(O)cc2C1,train,train,train,2,2,0.9047619,0.9047619,0.78125
CCCN(CCN1CCN(c2ccc(O)c3ncccc23)CC1)C1CCc2c(O)cccc2C1,test,test,train,2,2,0.89830506,0.89830506,0.89830506
O=C1N(CCN2CCCCCC2)CCN1c1cccc(Cl)c1,train,train,train,4,4,0.7804878,0.7804878,0.74358976
CN1CCCCC1CN1CCN(c2cccc(Cl)c2)C1=O,test,test,train,4,4,0.6666667,0.6666667,0.6666667
O=C1N(CCN2CCCCCC2)CCN1c1ccc(Cl)cc1,train,train,train,4,4,0.7567568,0.7567568,0.7567568
O=C1N(CCN2CCCCCC2)CCN1c1cc(Cl)cc(Cl)c1,train,train,train,4,4,0.7567568,0.7567568,0.7567568
Cc1cccc(N2CCN(CCN3CCCCCC3)C2=O)c1,train,train,train,4,4,0.7380952,0.7380952,0.7380952
Cc1ccc(N2CCN(CCN3CCCCCC3)C2=O)cc1,test,test,train,4,4,0.7368421,0.7368421,0.7368421
COc1cccc(N2CCN(CCN3CCCCCC3)C2=O)c1,train,train,test,4,4,0.7446808,0.7446808,0.7446808
O=C1N(CCN2CCCCCC2)CCN1c1cccc(C(F)(F)F)c1,train,train,train,4,4,0.76086956,0.76086956,0.76086956
O=C1N(CCN2CCCCCC2)CCN1c1ccccc1,train,train,train,4,4,0.7297297,0.7297297,0.7297297
O=C1N(CCN2CCCCCC2)CCN1c1cccc(F)c1,train,train,train,4,4,0.7380952,0.7380952,0.7380952
O=C1N(CCN2CCCCCC2)CCN1c1ccc(F)cc1,test,test,train,4,4,0.7368421,0.7368421,0.7368421
O=C1N(CCN2CCCCCC2)CCN1c1ccc(F)c(Cl)c1,train,train,train,4,4,0.75609756,0.75609756,0.75609756
O=C1N(CCN2CCCCCC2)CCN1c1cccnc1,train,train,train,4,4,0.7,0.7,0.7
O=S1(=O)N(CCN2CCCCCC2)CCN1c1cccc(Cl)c1,train,train,test,4,4,0.5416667,0.5416667,0.5416667
O=c1n(CCCN2CCCCCC2)ccn1-c1cccc(Cl)c1,test,test,train,4,4,0.52,0.52,0.52
O=C1N(CC2CCCCN2)CCN1c1cccc(Cl)c1,train,train,train,4,4,0.5740741,0.5740741,0.7254902
O=C1N(CC2CCCCN2)CCN1c1cccc(C(F)(F)F)c1,test,test,train,4,4,0.7254902,0.7254902,0.7254902
CN1CCc2ccccc2Cc2c([nH]c3ccccc23)CC1,train,train,train,2,2,0.7894737,0.7894737,0.7894737
CN1CCc2ccccc2Cc2c[nH]c3cccc(c23)CC1,train,train,train,2,2,0.6060606,0.6060606,0.6060606
Cc1ncoc1-c1nnc(SCCCN2CC3CC3(c3ccc(Cl)cc3)C2)n1C,train,train,train,3,3,0.84375,0.84375,0.83870965
Cc1ncoc1-c1nnc(SCCCN2CC3CC3(c3ccc(F)cc3)C2)n1C,train,train,train,3,3,0.84375,0.84375,0.84375
Cc1ncoc1-c1nnc(SCCCN2CC3CC3(c3ccc(Br)cc3)C2)n1C,train,train,train,3,3,0.83870965,0.83870965,0.83870965
Cc1ncoc1-c1nnc(SCCCN2CC3CC3(c3cccc(F)c3)C2)n1C,train,train,train,3,3,0.84375,0.84375,0.84375
Cc1ncoc1-c1nnc(SCCCN2CC3CC3(c3ccc(Cl)cc3F)C2)n1C,train,train,train,3,3,0.7910448,0.7910448,0.7910448
COc1cccc(C23CC2CN(CCCSc2nnc(-c4ocnc4C)n2C)C3)c1,train,train,train,3,3,0.8405797,0.8405797,0.8405797
Cc1ncoc1-c1nnc(SCCCN2CC3CC3(c3ccc(C(F)(F)F)c(F)c3)C2)n1C,train,train,train,3,3,0.884058,0.884058,0.884058
COc1ccc(C23CC2CN(CCCSc2nnc(-c4ocnc4C)n2C)C3)cc1C(F)(F)F,train,train,train,3,3,0.82191783,0.82191783,0.82191783
COc1ccc(C23CC2CN(CCCSc2nnc(-c4ocnc4C)n2C)C3)cc1Cl,train,train,train,3,3,0.7972973,0.7972973,0.7972973
Cc1ncoc1-c1nnc(SCCCN2CC3CC3(c3cc(C(F)(F)F)ccc3F)C2)n1C,test,test,train,3,3,0.86764705,0.86764705,0.7916667
Cc1cc(C(F)(F)F)ccc1C12CC1CN(CCCSc1nnc(-c3ocnc3C)n1C)C2,train,train,test,3,3,0.82608694,0.82608694,0.86764705
Cc1ncoc1-c1nnc(SCCCN2CC3CC3(c3ccc(F)c(C(F)(F)F)c3)C2)n1C,train,train,train,3,3,0.884058,0.884058,0.884058
Cc1ncoc1-c1nnc(SCCCN2CC3CC3(c3cccc(C(F)(F)F)c3F)C2)n1C,train,train,train,3,3,0.88235295,0.88235295,0.88235295
Cc1ncoc1-c1nnc(SCCCN2CC3CC3(c3ccc(OC(F)(F)F)cc3)C2)n1C,test,test,train,3,3,0.86764705,0.86764705,0.86764705
Cc1ncoc1-c1nnc(SCCCN2CC3CC3(c3cccc(OC(F)(F)F)c3)C2)n1C,train,train,train,3,3,0.8405797,0.8405797,0.86764705
Cc1ccc2c(-c3nnc(SCCCN4CC5CC5(c5ccc(C#N)cc5)C4)n3C)cccc2n1,train,train,train,3,3,0.5584416,0.5584416,0.8142857
Cc1ncoc1-c1nnc(SCCCN2CC3CC3(c3ccccc3C(F)(F)F)C2)n1C,train,train,train,3,3,0.88235295,0.88235295,0.88235295
Cc1ccc2c(-c3nnc(SCCCN4CC5CC5(c5ccc(C(C)(C)C)cc5)C4)n3C)cccc2n1,test,test,train,3,3,0.8142857,0.8142857,0.8142857
Cc1ncoc1-c1nnc(SCCCN2CC3CC3(c3cccc(C(F)(F)F)c3)C2)n1C,train,train,train,3,3,0.85714287,0.85714287,0.85714287
Cc1ncoc1-c1nnc(SCCCN2CC3CC3(c3ccccc3)C2)n1C,test,test,test,3,3,0.852459,0.852459,0.852459
Cc1ncoc1-c1nnc(SCCCN2CC3CC3(c3cccc(Cl)c3)C2)n1C,train,train,test,3,3,0.84375,0.84375,0.84375
Cn1c(SCCCN2C[C@@H]3C[C@]3(c3ccc(C(F)(F)F)cc3)C2)nnc1-c1cncnc1,train,train,train,3,3,0.82258064,0.82258064,0.8196721
Cc1ncccc1-c1nnc(SCCCN2C[C@@H]3C[C@]3(c3ccc(C(F)(F)F)cc3)C2)n1C,train,train,train,3,3,0.75384617,0.75384617,0.75384617
Cn1c(SCCCN2C[C@@H]3C[C@]3(c3ccc(C(F)(F)F)cc3)C2)nnc1-c1ccnnc1,train,train,test,3,3,0.82258064,0.82258064,0.82258064
Cc1ccc(-c2nnc(SCCCN3C[C@@H]4C[C@]4(c4ccc(C(F)(F)F)cc4)C3)n2C)cn1,train,train,train,3,3,0.8125,0.8125,0.8125
Cc1ncoc1-c1nnc(SCCCN2CC3CC3(c3cc(F)cc(C(F)(F)F)c3)C2)n1C,train,train,train,3,3,0.82857144,0.82857144,0.82857144
Cn1c(SCCCN2C[C@@H]3C[C@]3(c3ccc(C(F)(F)F)cc3)C2)nnc1-c1ccccc1,train,train,train,3,3,0.8196721,0.8196721,0.8196721
Cc1cnc(-c2nnc(SCCCN3C[C@@H]4C[C@]4(c4ccc(C(F)(F)F)cc4)C3)n2C)cn1,train,train,train,3,3,0.8125,0.8125,0.8125
Cc1ccoc1-c1nnc(SCCCN2C[C@@H]3C[C@]3(c3ccc(C(F)(F)F)cc3)C2)n1C,train,train,train,3,3,0.73846155,0.73846155,0.73846155
Cc1nc(C)c(-c2nnc(SCCCN3C[C@@H]4C[C@]4(c4ccc(C(F)(F)F)cc4)C3)n2C)s1,train,train,train,3,3,0.73134327,0.73134327,0.75714284
CCCCc1ccc(S(=O)(=O)Nc2ccc3c(c2)CCN(Cc2cc[nH]n2)CC3)cc1,train,train,test,2,2,0.703125,0.703125,0.7096774
O=S(=O)(Nc1ccc2c(c1)CCN(Cc1cc[nH]n1)CC2)c1ccc(N2CCOCC2)nc1,train,train,train,4,4,0.6231884,0.6231884,0.64179105
O=S(=O)(Nc1ccc2c(c1)CCN(Cc1cc[nH]n1)CC2)c1ccc(-c2ccccn2)s1,train,train,train,4,4,0.57746476,0.57746476,0.6268657
CN1CCOc2cc(S(=O)(=O)Nc3ccc4c(c3)CCN(Cc3cc[nH]n3)CC4)ccc21,train,train,train,2,2,0.6617647,0.6617647,0.63235295
CC(C)Oc1ccc(S(=O)(=O)Nc2ccc3c(c2)CCN(Cc2cc[nH]n2)CC3)cc1,train,train,train,2,2,0.703125,0.703125,0.72131145
O=S(=O)(Nc1ccc2c(c1)CCN(Cc1cc[nH]n1)CC2)c1ccc(-c2ccccc2)cc1,test,test,train,4,4,0.72131145,0.72131145,0.72131145
Cc1ccc(S(=O)(=O)Nc2ccc3c(c2)CCN(Cc2cc[nH]n2)CC3)cc1Cl,train,train,test,4,4,0.6984127,0.6984127,0.704918
Cc1cc(O)c2c(=O)c3c(O)cc(O)c4c5c(O)cc(O)c6c(=O)c7c(O)cc(C)c8c1c2c(c34)c(c78)c65,train,train,train,2,2,0.19642857,0.19642857,0.17073171
COc1ccc2[nH]cc(CN3CCC(O)(c4ccc(Br)cc4)CC3)c2c1,train,train,train,4,4,0.7222222,0.7222222,0.8301887
COc1cccc2[nH]cc(CN3CCC(O)(c4ccc(Br)cc4)CC3)c12,train,train,train,4,4,0.8148148,0.8148148,0.8148148
OC1(c2ccc(Br)cc2)CCN(Cc2c[nH]c3ccccc23)CC1,train,train,train,4,4,0.8043478,0.8043478,0.8043478
COc1ccc2[nH]cc(CN3CCC(O)(c4ccc(Cl)cc4)CC3)c2c1,test,test,train,4,4,0.8301887,0.8301887,0.8301887
COc1cccc2[nH]cc(CN3CCC(O)(c4ccc(Cl)cc4)CC3)c12,test,test,train,4,4,0.8148148,0.8148148,0.8148148
Cc1ncoc1-c1nnc(SCCCN2CC3CC3(c3ccc(S(F)(F)(F)(F)F)cc3)C2)n1C,train,train,train,3,3,0.8507463,0.8507463,0.8507463
Cc1ncoc1-c1nnc(SCCCN2CC3CC3(c3cccc(S(F)(F)(F)(F)F)c3)C2)n1C,train,train,train,3,3,0.8507463,0.8507463,0.8507463
CCN1C[C@H]2C[C@@]2(c2ccc(NS(=O)(=O)c3ccc(C(C)C)cc3)cc2)C1,train,train,train,2,2,0.78571427,0.78571427,0.78571427
C=CCN1C[C@H]2C[C@@]2(c2ccc(NS(=O)(=O)c3ccc(C(C)C)cc3)cc2)C1,train,train,train,2,2,0.78571427,0.78571427,0.78571427
COc1cc([C@]23CNC[C@H]2C3)ccc1NS(=O)(=O)c1ccc(C(C)C)cc1,test,test,train,2,2,0.7090909,0.7090909,0.7090909
O=S(=O)(Nc1ccc([C@]23CNC[C@H]2C3)cc1)c1ccc(C(F)(F)F)cc1,train,train,test,2,2,0.7358491,0.7358491,0.75
O=S(=O)(Nc1ccc([C@]23CNC[C@H]2C3)cc1)c1ccc(OC(F)(F)F)cc1,test,test,train,2,2,0.75,0.75,0.6545454
CC(C)c1ccc(S(=O)(=O)Cc2ccc([C@]34CNC[C@H]3C4)cc2)cc1,train,train,train,2,2,1.0,1.0,1.0
CN(c1ccc([C@]23CNC[C@H]2C3)cc1)S(=O)(=O)c1ccccc1,train,train,train,2,2,0.46551725,0.46551725,0.46551725
CC(C)c1ccc(CS(=O)(=O)c2ccc([C@]34CNC[C@H]3C4)cc2)cc1,train,train,train,2,2,1.0,1.0,1.0
CCCCc1ccc(S(=O)(=O)Nc2ccc([C@]34CNC[C@H]3C4)cc2)cc1,train,train,test,2,2,0.68421054,0.68421054,0.68421054
CCC(C)(C)c1ccc(S(=O)(=O)Nc2ccc([C@]34CNC[C@H]3C4)cc2)cc1,train,train,train,2,2,0.7358491,0.7358491,0.6727273
COc1ccccc1N1CCN(CCCCNc2ccccn2)CC1,train,train,train,1,1,0.74,0.74,0.74
Clc1cccc(N2CCN(CCCCNc3ccccn3)CC2)c1Cl,test,train,train,1,1,0.7592593,0.7592593,0.7592593
FC(F)(F)c1cccc(N2CCN(CCCCNc3ccccn3)CC2)c1,test,test,train,1,1,0.7818182,0.7818182,0.7818182
Fc1ccccc1N1CCN(CCCCNc2ccccn2)CC1,train,test,train,1,1,0.75,0.75,0.75
Cc1ccccc1N1CCN(CCCCNc2ccccn2)CC1,train,train,train,1,1,0.75,0.85106385,0.75
Cc1cccc(N2CCN(CCCCNc3ccccn3)CC2)c1C,test,train,test,1,1,0.85106385,0.85106385,0.85106385
COc1ccccc1N1CCN(CCCCNc2ccc3ccccc3n2)CC1,train,test,test,1,1,0.69491524,0.69491524,0.69491524
FC(F)(F)c1cccc(N2CCN(CCCCNc3ccc4ccccc4n3)CC2)c1,test,train,train,1,1,0.67741936,0.67741936,0.71929824
Clc1cccc(N2CCN(CCCCNc3nccc4ccccc34)CC2)c1Cl,train,train,train,1,1,0.65,0.6785714,0.6785714
Fc1ccccc1N1CCN(CCCCNc2ccc(-c3ccccc3)cn2)CC1,train,train,train,1,1,0.7407407,0.7407407,0.7407407
Clc1cccc(N2CCN(CCCCNc3ccc(-c4ccccc4)cn3)CC2)c1Cl,train,train,train,1,1,0.75438595,0.75438595,0.75438595
FC(F)(F)c1cccc(N2CCN(CCCCNc3ccc(-c4ccccc4)cn3)CC2)c1,train,train,test,1,1,0.79310346,0.79310346,0.79310346
Fc1ccccc1N1CCN(CCCCNc2cc(-c3ccccc3)ccn2)CC1,train,train,train,1,1,0.74509805,0.7407407,0.74509805
Clc1cccc(N2CCN(CCCCNc3cc(-c4ccccc4)ccn3)CC2)c1Cl,train,train,train,1,1,0.75438595,0.7592593,0.7592593
FC(F)(F)c1cccc(N2CCN(CCCCNc3cc(-c4ccccc4)ccn3)CC2)c1,train,train,train,1,1,0.79310346,0.79310346,0.7818182
FC(F)(F)c1cccc(N2CCN(CCCCNc3ncc(-c4ccccc4)o3)CC2)c1,train,train,train,1,1,0.6984127,0.6984127,0.6935484
FC(F)(F)c1cccc(N2CCN(CCCCNc3nc(-c4ccccc4)cs3)CC2)c1,train,train,train,1,1,0.6825397,0.6825397,0.6825397
CC(C)c1ccc(S(=O)(=O)Nc2ccc([C@]34CNC[C@H]3C4)cc2)cc1,train,train,train,2,2,0.6923077,0.6923077,0.7090909
CC(C)c1ccc(S(=O)(=O)Nc2ccc([C@@]34C[C@@H]3CN(C)C4)cc2)cc1,test,test,train,2,2,0.754717,0.754717,0.754717
Cc1ncoc1-c1nnc(SCCCNC2CC3CC3(c3ccccc3)C2)n1C,train,train,train,3,3,0.6619718,0.6619718,0.6619718
Cc1ncoc1-c1nnc(SCCCN2CCC3CC3(c3ccccc3)C2)n1C,train,train,train,3,3,0.83076924,0.83076924,0.83076924
Cc1ncoc1-c1nnc(SCCCN2CCC3(c4ccccc4)CC3C2)n1C,train,train,train,3,3,0.75757575,0.75757575,0.83076924
Cc1ncoc1-c1nnc(SCCCN2CCC3CC3(c3ccc(C(F)(F)F)cc3)C2)n1C,train,train,train,3,3,0.86764705,0.86764705,0.86764705
Cc1ncoc1-c1nnc(SCCCN2CCC3(c4ccc(C(F)(F)F)cc4)CC3C2)n1C,test,test,train,3,3,0.83076924,0.83076924,0.8636364
Cc1ncoc1-c1nnc(SCCCN2CCC3CC3(c3cccc(C(F)(F)F)c3)C2)n1C,train,train,train,3,3,0.86764705,0.86764705,0.86764705
Cc1ncoc1-c1nnc(SCCCN2CCC3(c4cccc(C(F)(F)F)c4)CC3C2)n1C,test,test,test,3,3,0.85714287,0.85714287,0.86764705
Cc1ncoc1-c1nnc(SCCCN2CCC3CC3(c3ccc(C(F)(F)F)cc3)CC2)n1C,test,test,train,3,3,0.8636364,0.8636364,0.8636364
Cc1nc(C)c(-c2nnc(SCCCN3CCC4CC4(c4ccc(C(F)(F)F)cc4)CC3)n2C)o1,train,train,test,3,3,0.7083333,0.7083333,0.79710144
Cc1nc(C)c(-c2nnc(SCCCN3CCC4CC4(c4ccc(C(F)(F)F)cc4)CC3)n2C)s1,test,test,train,3,3,0.75714284,0.75714284,0.75714284
Cn1c(SCCCN2CCC3CC3(c3ccc(C(F)(F)F)cc3)CC2)nnc1-c1ccnnc1,train,train,train,3,3,0.76119405,0.76119405,0.7083333
Cc1ncoc1-c1nnc(SCCCN[C@H]2CC[C@]3(c4ccc(C(F)(F)F)cc4)CC23)n1C,train,train,train,3,3,0.8055556,0.8055556,0.8055556
Cc1ncoc1-c1nnc(SCCCN[C@@H]2CC[C@]3(c4ccc(C(F)(F)F)cc4F)CC23)n1C,train,train,train,3,3,0.8055556,0.8055556,0.8055556
Cc1ncoc1-c1nnc(SCCCN2CCC3(CCCc4cc(Br)ccc43)C2)n1C,train,train,test,3,3,0.9375,0.9375,0.9375
Cc1ncoc1-c1nnc(SCCCN2CCC3(CCCc4ccc(Br)cc43)C2)n1C,train,train,train,3,3,0.93650794,0.93650794,0.93650794
COc1ccc2c(c1)CCCC21CCN(CCCSc2nnc(-c3ocnc3C)n2C)C1,test,test,train,3,3,0.8955224,0.8955224,0.8955224
COc1cccc2c1CCCC21CCN(CCCSc2nnc(-c3ocnc3C)n2C)C1,train,train,train,3,3,0.739726,0.739726,0.739726
COc1ccc2c(c1)C1(CCC2)CCN(CCCSc2nnc(-c3ocnc3C)n2C)C1,train,train,train,3,3,0.8115942,0.8115942,0.8955224
Cc1ncoc1-c1nnc(SCCCN2CCC3(CCOc4ccccc43)C2)n1C,train,train,test,3,3,0.6756757,0.6756757,0.70422536
Cc1ncoc1-c1nnc(SCCCN2CCC3(CCc4cc(Br)ccc43)C2)n1C,train,train,train,3,3,0.9375,0.9375,0.890625
Cc1ncoc1-c1nnc(SCCCN2CCC3(CCc4c(Br)cccc43)C2)n1C,test,test,train,3,3,0.7536232,0.7536232,0.7536232
Cc1ncoc1-c1nnc(SCCCN2CCC3(CCc4ccc(Br)cc43)C2)n1C,train,train,train,3,3,0.93650794,0.93650794,0.93650794
Cc1nc(C)c(-c2nnc(SCCCN3CCC4(CCc5ccc(Cl)cc54)C3)n2C)s1,train,train,train,3,3,0.8923077,0.8923077,0.8923077
Cc1nc(C)c(-c2nnc(SCCCN3CCC4(CCc5cc(Cl)ccc54)C3)n2C)s1,train,train,train,3,3,0.8923077,0.8923077,0.8923077
Cc1ncoc1-c1nnc(SCCCN2CCC3(CCc4cc(F)ccc43)C2)n1C,train,train,train,3,3,0.8208955,0.8208955,0.8208955
Cc1nc(C)c(-c2nnc(SCCCN3CCC4(CCc5ccc(F)cc54)C3)n2C)s1,train,train,train,3,3,0.8208955,0.8208955,0.8208955
Cc1ncoc1-c1nnc(SCCCN2[C@H]3CC[C@@H]2C[C@H](c2ccc(C(C)(C)C)cc2)C3)n1C,train,train,train,3,3,0.8666667,0.8666667,0.8666667
Cc1ncoc1-c1nnc(SCCCN2[C@H]3CC[C@@H]2C[C@H](c2ccc(C(F)(F)F)cc2)C3)n1C,train,train,train,3,3,0.8666667,0.8666667,0.8666667
Cc1ncoc1-c1nnc(SCCCN2[C@H]3CC[C@@H]2C[C@H](c2cccc(C(F)(F)F)c2)C3)n1C,test,test,test,3,3,0.84375,0.84375,0.84375
Cc1ncoc1-c1nnc(SCCCN2[C@H]3CC[C@@H]2C[C@H](c2ccc(C(F)(F)F)cc2F)C3)n1C,test,test,train,3,3,0.7878788,0.7878788,0.7878788
O=C(CCCN1CCC(O)(c2cc3ccc2CCc2ccc(cc2)CC3)CC1)c1ccc(F)cc1,train,train,train,1,1,0.7358491,0.7358491,0.7358491
Cc1ccc(C)c(C2(O)CCN(CCCC(=O)c3ccc(F)cc3)CC2)c1,train,train,test,1,1,0.6545454,0.7307692,0.63793105
O=C(CCCN1CCC(O)(c2ccc(Cl)cc2)CC1)c1cc2ccc1CCc1ccc(cc1)CC2,train,train,train,4,4,0.754717,0.754717,0.754717
O=C(CCCN1CCC(O)(c2cc3ccc2CCc2ccc(cc2)CC3)CC1)c1cc2ccc1CCc1ccc(cc1)CC2,train,train,train,1,1,0.754717,0.754717,0.754717
Cc1ccc(C)c(C(=O)CCCN2CCC(O)(c3ccc(Cl)cc3)CC2)c1,test,test,train,4,4,0.66071427,0.7307692,0.62711865
Cc1ccc(C)c(C(=O)CCCN2CCC(O)(c3cc(C)ccc3C)CC2)c1,test,train,test,1,1,0.7307692,0.7307692,0.7307692
O=C(CCCN1CCN(c2ccc(Cl)cc2)CC1)c1ccc(F)cc1,train,train,train,4,4,0.90909094,0.90909094,0.90909094
O=C(CCCN1CCN(c2cc3ccc2CCc2ccc(cc2)CC3)CC1)c1ccc(F)cc1,train,test,train,1,1,0.6909091,0.6909091,0.6909091
Cc1ccc(C)c(N2CCN(CCCC(=O)c3ccc(F)cc3)CC2)c1,train,train,test,1,1,0.6545454,0.6545454,0.6181818
O=C(CCCN1CCN(c2ccc(Cl)cc2)CC1)c1cc2ccc1CCc1ccc(cc1)CC2,train,train,train,4,4,0.72727275,0.72727275,0.72727275
Cc1ccc(C)c(C(=O)CCCN2CCC(c3ccc(Cl)cc3)CC2)c1,train,train,test,4,4,0.7254902,0.7254902,0.7254902
O=C(CCCN1CCC(c2cc3ccc2CCc2ccc(cc2)CC3)CC1)c1cc2ccc1CCc1ccc(cc1)CC2,train,train,train,2,2,0.6296296,0.6296296,0.6296296
Cc1ccc(C)c(C(=O)CCCN2CCC(c3cc(C)ccc3C)CC2)c1,train,train,train,2,2,0.7254902,0.7254902,0.5614035
O=C(NCCCCN1CCN(c2cc3ccc2CCc2ccc(cc2)CC3)CC1)c1cc2ccccc2s1,train,train,train,1,1,0.704918,0.704918,0.704918
Cc1ccc(C)c(N2CCN(CCCCNC(=O)c3cc4ccccc4s3)CC2)c1,train,train,test,1,1,0.7413793,0.7413793,0.7413793
COc1ccccc1N1CCN(CCCCNC(=O)c2cc(C)ccc2C)CC1,train,train,test,1,1,0.7358491,0.7358491,0.7358491
O=C(NCCCCN1CCN(c2cc3ccc2CCc2ccc(cc2)CC3)CC1)c1cc2ccc1CCc1ccc(cc1)CC2,train,train,train,1,1,0.76363635,0.76363635,0.76363635
Cc1ccc(C)c(C(=O)NCCCCN2CCN(c3cc(C)ccc3C)CC2)c1,train,train,train,1,1,0.7358491,0.7358491,0.5714286
Cc1ccc(CNCC2(F)CCN(C(=O)c3cc(Br)cs3)CC2)nc1,test,test,train,2,2,0.6567164,0.6567164,0.6567164
Cc1ccc(CNCC2(F)CCN(C(=O)c3csc4ccccc34)CC2)nc1,train,train,train,4,4,0.70149255,0.70149255,0.70149255
Cc1ccc(CNCC2(F)CCN(C(=O)c3coc4ccccc34)CC2)nc1,train,train,train,4,4,0.70149255,0.70149255,0.70149255
Cc1ccc(CNCC2(F)CCN(C(=O)c3ccc(F)c(Cl)c3)CC2)nc1,test,test,train,4,4,0.6,0.6,0.6268657
COc1ccccc1N1CCN(CCCCNC(=O)/C=C/c2ccc(Cl)cc2)CC1,train,train,test,1,1,0.9056604,0.9056604,0.9056604
COc1ccccc1N1CCN(CCCCNC(=O)/C=C/c2ccccc2)CC1,train,train,train,1,1,0.94,0.94,0.94
Cc1ccc2c(N3CCN(CCc4cccc(NC(=O)Nc5ccccc5)c4)CC3)cccc2n1,test,train,train,1,1,0.86440676,0.86440676,0.86440676
Cc1ccc2c(N3CCN(CCc4cccc(-n5cccn5)c4)CC3)cccc2n1,train,train,train,4,4,0.7258065,0.7258065,0.7258065
Cc1ccc2c(N3CCN(CCc4cccc(NC(=O)c5cnccn5)c4)CC3)cccc2n1,train,test,train,1,1,0.75,0.75,0.75
COC(=O)Nc1cccc(CCN2CCN(c3cccc4nc(C)ccc34)CC2)c1,train,train,test,1,1,0.7903226,0.8448276,0.8448276
Cc1ccc2c(N3CCN(CCc4cccc(NC(=O)c5ccccc5)c4)CC3)cccc2n1,train,train,train,1,1,0.7903226,0.8333333,0.8333333
CCNC(=O)Nc1cccc(CCN2CCN(c3cccc4nc(C)ccc34)CC2)c1,train,train,train,1,1,0.7903226,0.86440676,0.86440676
CC(=O)Nc1cccc(CCN2CCN(c3cccc4nc(C)ccc34)CC2)c1,test,train,train,1,1,0.8448276,0.8596491,0.8596491
Cc1ccc2c(N3CCN(CCc4cccc(N5CCOC5=O)c4)CC3)cccc2n1,train,train,train,4,4,0.734375,0.734375,0.734375
Cc1ccc2c(N3CCN(CCc4cccc(N5CCNC5=O)c4)CC3)cccc2n1,train,train,train,4,4,0.734375,0.734375,0.734375
Cc1ccc2c(N3CCN(CCc4cccc(NS(C)(=O)=O)c4)CC3)cccc2n1,train,test,test,1,1,0.71428573,0.75,0.75
Fc1cccc(CCN[C@H]2C3C4CC5C6C4CC3C6C52)c1,train,train,train,2,2,0.75609756,0.75609756,0.75609756
Fc1cccc(CN[C@H]2C3C4CC5C6C4CC3C6C52)c1,train,train,train,2,2,0.75609756,0.75609756,0.75609756
CN1CCc2cc(OCCF)cc3c2[C@H]1Cc1cccc(O)c1-3,train,train,test,2,2,0.62903225,0.62903225,0.62903225
CCCN1CCc2cccc3c2[C@H]1Cc1ccc(O)c(O)c1-3,train,train,train,2,2,0.7307692,0.7307692,0.7307692
CCCN1CCc2cc(OC)cc3c2[C@H]1Cc1ccc(O)c(O)c1-3,train,train,train,2,2,0.7924528,0.7924528,0.7924528
CCCN1CCc2cc(F)cc3c2[C@H]1Cc1ccc(O)c(O)c1-3,train,train,train,2,2,0.7407407,0.7407407,0.7407407
CCCN1CCc2cc(OC)cc3c2[C@H]1Cc1cccc(O)c1-3,train,train,train,2,2,0.7924528,0.7924528,0.7924528
CCN1CCc2cc(OCCCF)cc3c2[C@H]1Cc1ccc(O)c(O)c1-3,train,train,train,2,2,0.90909094,0.90909094,0.90909094
CCN1CCc2cc(OCCF)cc3c2[C@H]1Cc1ccc(O)c(O)c1-3,train,train,train,2,2,0.90909094,0.90909094,0.90909094
CCCN1CCc2cccc3c2C1Cc1cccc(OCCCn2cc(CCCCN4CCN(c5ccccc5OC)CC4)nn2)c1-3,train,train,train,1,1,0.9605263,0.9605263,0.9605263
CCCN1CCc2cccc3c2C1Cc1cccc(OCCCn2cc(CCCN4CCN(c5ccccc5OC)CC4)nn2)c1-3,train,train,train,1,1,0.9605263,0.9605263,0.9605263
CCCN1CCc2cccc3c2C1Cc1cccc(OCc2cn(CCCN4CCN(c5ccccc5OC)CC4)nn2)c1-3,train,test,train,1,1,0.85897434,0.91780823,0.91780823
CCCN1CCc2cccc3c2C1Cc1cccc(OCc2cn(CCCN4CCN(c5cccc(Cl)c5Cl)CC4)nn2)c1-3,train,train,train,1,1,0.8227848,0.79746836,0.8227848
CCCN1CCc2cccc3c2C1Cc1cccc(OCc2cn(CCN4CCN(c5ccccc5OC)CC4)nn2)c1-3,test,train,train,1,1,0.91780823,0.8101266,0.91780823
CCCN1CCc2cccc3c2C1Cc1cccc(OCCCN(CCCN2CCN(c4ccccc4OC)CC2)S(C)(=O)=O)c1-3,test,train,test,1,1,0.6666667,0.6666667,0.6666667
CCCN1CCc2cccc3c2C1Cc1cccc(OCc2cn(CCCN4CCN(c5ccccc5)CC4)nn2)c1-3,train,train,train,1,1,0.84210527,0.84,0.84210527
CCCN1CCc2cccc3c2C1Cc1cccc(OCCCn2cc(CN4CCN(c5ccccc5OC)CC4)nn2)c1-3,train,train,train,1,1,0.8717949,0.8717949,0.8717949
CCCN1CCc2cccc3c2C1Cc1cccc(OCc2cn(CCCN4CCN(c5ncccn5)CC4)nn2)c1-3,train,train,train,1,1,0.84,0.84,0.84
C#CCOc1cccc2c1-c1cccc3c1C(C2)N(CCC)CC3,test,test,train,2,2,0.6507937,0.6507937,0.6034483
CCCN1CCc2cccc3c2C1Cc1cccc(OCCCNCCCO)c1-3,train,train,test,2,2,0.5714286,0.5714286,0.6507937
COc1ccccc1N1CCN(CCCCNC(=O)c2ccc(CCF)cc2)CC1,train,train,train,1,1,0.9285714,0.9285714,0.9285714
COc1ccccc1N1CCN(CCCCNC(=O)c2ccc(N(C)C)cc2)CC1,train,test,train,1,1,0.9259259,0.9259259,0.9259259
CN1c2ccccc2Sc2cc(N)ccc21,train,train,train,4,4,0.3902439,0.3902439,0.35714287
CCCN(CCCCNC(=O)c1ccc(-c2ccccc2)cc1)C1CCn2nccc2C1,train,train,test,2,2,0.7164179,0.7164179,0.7164179
CCCN(CCCCNC(=O)c1ccc(-c2ccccc2)cc1)C1CCn2ncc(Cl)c2C1,train,train,train,2,2,0.7164179,0.7164179,0.7910448
CCCN(CCCCNC(=O)c1ccc(-c2ccccc2)cc1)C1CCn2ncc(C=O)c2C1,test,test,train,2,2,0.7910448,0.7910448,0.7910448
CCCN(CCCCNC(=O)c1ccc(-c2ccccc2)cc1)C1Cc2cccn3ncc(c23)C1,test,test,train,2,2,0.6567164,0.6567164,0.6567164
COc1ccc2c(c1)CCCN(CCCCN1CCN(c3ccccc3OC)CC1)C2=O,train,train,train,1,1,0.8035714,0.8035714,0.8035714
COc1ccccc1N1CCN(CCCCN2CCc3cc(F)ccc3C2=O)CC1,train,train,train,1,1,0.7962963,0.79310346,0.7962963
COc1ccccc1N1CCN(CCCCN2CCc3cc(-c4ccccc4)ccc3C2=O)CC1,train,train,train,1,1,0.86440676,0.86440676,0.86440676
COc1ccccc1N1CCN(CCCCN2CCc3c(cccc3-c3ccccc3)C2=O)CC1,train,train,test,1,1,0.73214287,0.71929824,0.73214287
COc1ccccc1N1CCN(CCCCN2CCc3cc(-c4ccco4)ccc3C2=O)CC1,test,train,train,1,1,0.7903226,0.7903226,0.7903226
COc1ccccc1N1CCN(CCCCN2CCc3cc(-c4cccs4)ccc3C2=O)CC1,test,test,train,1,1,0.91935486,0.7777778,0.91935486
COc1ccccc1N1CCN(CCCCN2CCCc3cc(-c4cccs4)ccc3C2=O)CC1,train,test,train,1,1,0.7419355,0.7419355,0.91935486
COc1ccccc1N1CCN(CCCCN2CCc3cc(-c4ccncc4)ccc3C2=O)CC1,train,train,train,1,1,0.86440676,0.86440676,0.86440676
COc1ccccc1N1CCN(CCCCN2CCc3cc(C#N)ccc3C2=O)CC1,train,train,test,1,1,0.779661,0.86206895,0.86206895
C#Cc1ccc2c(c1)CCN(CCCCN1CCN(c3ccccc3OC)CC1)C2=O,test,train,train,1,1,0.86206895,0.86206895,0.779661
Cc1nc(-c2ccc(C(=O)N[C@H]3CC[C@H](CCN4CCc5ccc(S(C)(=O)=O)cc5CC4)CC3)cc2)no1,train,train,test,0,0,0.5903614,0.5903614,0.5903614
Cc1nc(C)c(-c2nnc(SCCCN3CCC4(c5ccc(C(F)(F)F)cc5)CC34)n2C)s1,train,train,train,3,3,0.7,0.7,0.74285716
COc1ccccc1N1CCN(CC(F)CCNC(=O)c2ccc(-c3ccccn3)cc2)CC1,train,train,train,1,1,0.83076924,0.7692308,0.73913044
O=C(NCCC(F)CN1CCN(c2cccc(Cl)c2Cl)CC1)c1ccc(-c2ccccn2)cc1,train,test,train,1,1,0.83076924,0.7714286,0.83076924
COc1ccccc1N1CCN(CC(F)CCNC(=O)c2cc3ccccc3o2)CC1,test,train,train,1,1,0.84615386,0.82539684,0.84615386
COc1ccc2oc(C(=O)NCCC(F)CN3CCN(c4ccccc4OC)CC3)cc2c1,train,test,train,1,1,0.8358209,0.84615386,0.84615386
COc1ccc2oc(C(=O)NCCC(F)CN3CCN(c4cccc(Cl)c4Cl)CC3)cc2c1,train,test,train,1,1,0.8428571,0.8428571,0.8428571
COc1ccccc1N1CCN(CC(F)CCNC(=O)c2cc3ccccc3[nH]2)CC1,test,train,train,1,1,0.8730159,0.8730159,0.83870965
O=C(NCCC(F)CN1CCN(c2cccc(Cl)c2Cl)CC1)c1cc2ccccc2[nH]1,train,train,train,1,1,0.7741935,0.7941176,0.7941176
COc1ccccc1N1CCN(CC(F)CCNC(=O)c2ccc3c(c2)Cc2ccccc2-3)CC1,train,train,train,1,1,0.7692308,0.83076924,0.83076924
O=C(NCCC(F)CN1CCN(c2cccc(Cl)c2Cl)CC1)c1ccc2c(c1)Cc1ccccc1-2,train,train,train,1,1,0.7761194,0.7761194,0.7761194
COc1ccccc1N1CCN(CC(F)CCNC(=O)c2cc3ccccc3s2)CC1,train,train,train,1,1,0.82539684,0.7619048,0.82539684
O=C(NCCC(F)CN1CCN(c2cccc(Cl)c2Cl)CC1)c1cc2ccccc2s1,train,train,train,1,1,0.7619048,0.7619048,0.73134327
COc1ccc2[nH]c(C(=O)NCCC(F)CN3CCN(c4ccccc4OC)CC3)cc2c1,train,train,test,1,1,0.8333333,0.8730159,0.8730159
COc1ccc2[nH]c(C(=O)NCCC(F)CN3CCN(c4cccc(Cl)c4Cl)CC3)cc2c1,test,train,train,1,1,0.8,0.8428571,0.8428571
O=C(NCCC(F)CN1CCN(c2cccc(Cl)c2Cl)CC1)c1ccc2ccccc2c1,train,train,train,1,1,0.75384617,0.75384617,0.75384617
CCCN(CCCCN1CCN(c2ccccc2OC)CC1)Cc1csc2ccccc12,train,test,train,1,1,0.734375,0.734375,0.734375
CCCN(CCCCN1CCN(c2cccc(Cl)c2Cl)CC1)Cc1csc2ccccc12,train,train,train,1,1,0.734375,0.6268657,0.734375
CCCN(CCCCN1CCN(c2ccccc2OC)CC1)Cc1ccc2c(c1)Cc1ccccc1-2,train,train,train,1,1,0.74242425,0.74242425,0.74242425
CCCN(CCCCN1CCN(c2cccc(Cl)c2Cl)CC1)Cc1ccc2c(c1)Cc1ccccc1-2,train,train,train,1,1,0.74242425,0.74242425,0.74242425
CCCN(CCCCN1CCN(c2ccccc2OC)CC1)Cc1ccc2ccccc2c1,train,train,train,1,1,0.73015875,0.73015875,0.73015875
CCCN(CCCCN1CCN(c2cccc(Cl)c2Cl)CC1)Cc1ccc2ccccc2c1,train,train,test,1,1,0.734375,0.734375,0.734375
OC(CCNCc1ccc2c(c1)Cc1ccccc1-2)CN1CCN(c2cccc(Cl)c2Cl)CC1,train,train,test,4,4,0.82258064,0.82258064,0.82258064
FC(CCNCc1ccc2c(c1)Cc1ccccc1-2)CN1CCN(c2cccc(Cl)c2Cl)CC1,train,train,train,4,4,0.82258064,0.82258064,0.72727275
CN(CCC(O)CN1CCN(c2cccc(Cl)c2Cl)CC1)Cc1ccc2c(c1)Cc1ccccc1-2,train,train,train,4,4,0.8125,0.8125,0.8125
CN(CCC(F)CN1CCN(c2cccc(Cl)c2Cl)CC1)Cc1ccc2c(c1)Cc1ccccc1-2,train,train,train,4,4,0.8125,0.8125,0.8125
O=C(NCCCCN1CCN(c2cccc(Cl)c2Cl)CC1)c1csc2ccccc12,train,train,train,1,1,0.7413793,0.7413793,0.7413793
O=C(CCCN1C2C3C4CC5C6C4C2C6C1(O)C53)c1ccc(F)cc1,train,train,train,1,1,0.46875,0.46875,0.46875
COc1cc2c(cc1OC)CN(CCNC(=O)c1cc(C)ccc1OC)CC2,train,train,train,2,2,0.6,0.55737704,0.6
COc1cc(CN2CCN(c3ccccc3OC)CC2)ccc1OCc1cn(CCCCCCCCn2cc(COc3ccc(CN4CCN(c5ccccc5OC)CC4)cc3OC)nn2)nn1,train,train,train,1,1,0.89830506,0.89830506,0.89830506
COc1cc(CN2CCN(c3ccccc3OC)CC2)ccc1OCCCc1cn(CCCCCCCCn2cc(CCCOc3ccc(CN4CCN(c5ccccc5OC)CC4)cc3OC)nn2)nn1,train,train,train,1,1,1.0,1.0,1.0
COc1cc(CN2CCN(c3ccccc3OC)CC2)ccc1OCCCc1cn(CCCCCCCCCCn2cc(CCCOc3ccc(CN4CCN(c5ccccc5OC)CC4)cc3OC)nn2)nn1,train,train,train,1,1,1.0,1.0,1.0
COc1cc(CN2CCN(c3ccccc3OC)CC2)ccc1OCCCCc1cn(CCCCCCCCCCn2cc(CCCCOc3ccc(CN4CCN(c5ccccc5OC)CC4)cc3OC)nn2)nn1,train,train,train,1,1,0.9491525,0.9491525,0.9491525
COc1cc(CN2CCN(c3ccccc3OC)CC2)ccc1OCc1cn(CCOCCOCCn2cc(COc3ccc(CN4CCN(c5ccccc5OC)CC4)cc3OC)nn2)nn1,train,train,test,1,1,0.90163934,0.90163934,0.90163934
COc1cc(CN2CCN(c3ccccc3OC)CC2)ccc1OCCCc1cn(CCOCCOCCn2cc(CCCOc3ccc(CN4CCN(c5ccccc5OC)CC4)cc3OC)nn2)nn1,test,train,train,1,1,1.0,0.87096775,1.0
COc1cc(CN2CCN(c3ccccc3OC)CC2)ccc1OCCCc1cn(CCOCCOCCOCCn2cc(CCCOc3ccc(CN4CCN(c5ccccc5OC)CC4)cc3OC)nn2)nn1,train,test,train,1,1,0.9047619,1.0,1.0
CCCCn1cc(COc2ccc(CN3CCN(c4ccccc4OC)CC3)cc2OC)nn1,train,train,train,1,1,0.89830506,0.89830506,0.89830506
CCCCn1cc(CCCOc2ccc(CN3CCN(c4ccccc4OC)CC3)cc2OC)nn1,train,train,train,1,1,0.9047619,0.9508197,0.9508197
CCCCn1cc(CCCCOc2ccc(CN3CCN(c4ccccc4OC)CC3)cc2OC)nn1,test,train,train,1,1,0.9508197,0.9508197,0.9508197
CCOCCn1cc(COc2ccc(CN3CCN(c4ccccc4OC)CC3)cc2OC)nn1,train,train,train,1,1,0.90163934,0.90163934,0.84615386
CCOCCn1cc(CCCOc2ccc(CN3CCN(c4ccccc4OC)CC3)cc2OC)nn1,train,test,train,1,1,0.9047619,0.9047619,0.9047619
CCCc1cn(CCCCCCCCn2cc(CCCOc3ccc(CN4CCN(c5ccccc5OC)CC4)cc3OC)nn2)nn1,train,train,train,1,1,0.93442625,0.93442625,0.93442625
COc1cc(CN2CCN(C)CC2)ccc1OCCCc1cn(CCCCCCCCn2cc(CCCOc3ccc(CN4CCN(c5ccccc5OC)CC4)cc3OC)nn2)nn1,train,train,train,1,1,0.95,0.95,0.95
COc1cc(CN2CCN(c3ccccc3OC)CC2)ccc1OCCCc1cn(CCCCCCCCn2cc(CCCOc3ccc(CN4CCN(C5CCCCC5)CC4)cc3OC)nn2)nn1,train,train,train,1,1,0.8382353,0.8382353,0.8382353
COc1cc2c(cc1OC)CN(CCCCn1cc(-c3ccc(F)cc3)c3ccccc31)CC2,train,train,train,2,2,0.5147059,0.5147059,0.46478873
CC(C)(C)c1ccc(S(=O)(=O)/C=C/C#N)cc1,train,train,train,2,2,0.21428572,0.21428572,0.20634921
Oc1c(Cl)cc(Cl)cc1Sc1cc(Cl)cc(Cl)c1O,train,train,train,4,4,0.1923077,0.1923077,0.20454545
c1ccc2sc(SSc3nc4ccccc4s3)nc2c1,train,train,train,4,4,0.31914893,0.31914893,0.31914893
CN1[C@H]2CC[C@@H]1C[C@H](OC(c1ccccc1)c1ccccc1)C2,train,train,train,2,2,0.82857144,0.82857144,0.82857144
COc1ccc(CCN2CCC(Nc3nc4ccccc4n3Cc3ccc(F)cc3)CC2)cc1,test,test,train,4,4,0.36619717,0.36619717,0.37333333
Clc1ccc2c(c1)C(N1CCNCC1)=Nc1ccccc1O2,train,train,train,4,4,0.3243243,0.3243243,0.3243243
NCCCNCCSP(=O)(O)O,train,train,train,1,1,0.22916667,0.22916667,0.2
CCCCc1oc2ccccc2c1C(=O)c1cc(I)c(OCCN(CC)CC)c(I)c1,test,test,train,2,2,0.31343284,0.31343284,0.31343284
CC(C)C[C@H]1C(=O)N2CCC[C@H]2[C@]2(O)O[C@](NC(=O)[C@@H]3C=C4c5cccc6[nH]cc(c56)C[C@H]4N(C)C3)(C(C)C)C(=O)N12,train,train,train,2,2,0.85057473,0.85057473,0.85057473
Clc1cc(Cl)c(OCC#CI)cc1Cl,train,train,train,2,2,0.18,0.18,0.18
CC(C)(C)c1ccc(C(=O)CCCN2CCC(OC(c3ccccc3)c3ccccc3)CC2)cc1,train,train,train,1,1,0.4,0.4,0.44444445
Clc1ccc(COC(Cn2ccnc2)c2ccc(Cl)cc2Cl)cc1,train,train,train,4,4,0.78723407,0.78723407,0.61538464
CC(C)[C@H]1C(=O)N2CCC[C@H]2[C@]2(O)O[C@](NC(=O)[C@@H]3C=C4c5cccc6[nH]cc(c56)C[C@H]4N(C)C3)(C(C)C)C(=O)N12,train,train,train,2,2,0.85057473,0.85057473,0.85057473
Fc1ccc(C(c2ccc(F)cc2)N2CCN(C/C=C/c3ccccc3)CC2)cc1,train,train,train,4,4,0.81578946,0.81578946,0.81578946
C[C@@H](CO)NC(=O)[C@@H]1C=C2c3cccc4[nH]cc(c34)C[C@H]2N(C)C1,train,train,train,2,2,0.65625,0.65625,0.65625
CN1C[C@H](C(=O)N[C@]2(C)O[C@@]3(O)[C@@H]4CCCN4C(=O)[C@H](Cc4ccccc4)N3C2=O)C=C2c3cccc4[nH]cc(c34)C[C@H]21,train,train,train,2,2,0.7157895,0.7157895,0.7157895
O=C(CCCN1CC=C(n2c(=O)[nH]c3ccccc32)CC1)c1ccc(F)cc1,test,test,train,4,4,0.5344828,0.5344828,0.45833334
CC(C)OC(=O)C(C)(C)Oc1ccc(C(=O)c2ccc(Cl)cc2)cc1,train,train,train,2,2,0.24590164,0.24590164,0.24590164
CN1CCC[C@@H]1CCO[C@](C)(c1ccccc1)c1ccc(Cl)cc1,train,train,train,4,4,0.34848484,0.34848484,0.33870968
OC(CCCN1CCCCC1)(c1ccccc1)c1ccccc1,train,train,train,4,4,0.39130434,0.39130434,0.39130434
COc1cc(N)c(Cl)cc1C(=O)NC1CCN(CCCOc2ccc(F)cc2)CC1OC,train,train,train,1,1,0.40697673,0.40697673,0.40697673
CC1(COc2ccc(CC3SC(=O)NC3=O)cc2)CCCCC1,train,train,train,2,2,0.26923078,0.26923078,0.25609756
CCN(CC)CCOC(=O)C1(C2CCCCC2)CCCCC1,train,train,train,2,2,0.3207547,0.3207547,0.3207547
CN(C)CCC=C1c2ccccc2COc2ccccc21,test,test,train,2,2,0.4318182,0.4318182,0.45833334
CN1CCN(C(c2ccccc2)c2ccccc2)CC1,test,test,train,4,4,0.4864865,0.4864865,0.4864865
CCN(CC)C(=S)SSC(=S)N(CC)CC,train,train,train,2,2,0.15,0.15,0.18181819
Clc1ccccc1C(c1ccccc1)(c1ccccc1)n1ccnc1,train,train,train,4,4,0.23333333,0.23333333,0.23333333
CN1C[C@H](C(=O)N[C@]2(C)O[C@@]3(O)[C@@H]4CCCN4C(=O)[C@H](Cc4ccccc4)N3C2=O)C[C@@H]2c3cccc4[nH]cc(c34)C[C@H]21,train,train,train,2,2,0.70526314,0.70526314,0.70526314
Clc1ccc2c(c1)CCc1cccnc1C2=C1CCNCC1,train,train,train,4,4,0.4852941,0.45833334,0.4852941
CC(CCc1ccc(O)cc1)NCCc1ccc(O)c(O)c1,train,train,test,2,2,0.4117647,0.4117647,0.4117647
CC/C(=C(/CC)c1ccc(O)cc1)c1ccc(O)cc1,test,test,test,2,2,0.325,0.325,0.25
C(=C/c1ccccc1)\CN1CCN(C(c2ccccc2)c2ccccc2)CC1,train,train,train,4,4,0.81578946,0.81578946,0.81578946
CCN(CC)CCOc1ccc(/C(=C(/Cl)c2ccccc2)c2ccccc2)cc1,train,train,train,2,2,0.54347825,0.54347825,0.41666666
CN(C)CCCN1c2ccccc2CCc2ccc(Cl)cc21,train,train,train,2,2,0.6304348,0.6304348,0.3888889
CN1CCC(=C2c3ccccc3C=Cc3ccccc32)CC1,train,train,train,2,2,0.46666667,0.46666667,0.46666667
C#C[C@]1(O)CC[C@H]2[C@@H]3CCC4=Cc5oncc5C[C@]4(C)[C@H]3CC[C@@]21C,test,test,test,2,2,0.15384616,0.15384616,0.15384616
COc1ccccc1OCCNCC(O)COc1cccc2[nH]c3ccccc3c12,train,train,test,2,2,0.38709676,0.38709676,0.38709676
N=C(N)c1ccc(OCCCCCOc2ccc(C(=N)N)cc2)cc1,train,train,test,2,2,0.34285715,0.34285715,0.34285715
CN(C)CCCN1c2ccccc2Sc2ccccc21,train,train,test,2,2,0.7837838,0.7837838,0.54347825
CC(CN1c2ccccc2Sc2ccccc21)N(C)C,train,train,train,2,2,0.5263158,0.5263158,0.39534885
NC(=O)C1CCN(CCCN2c3ccccc3Sc3ccc(Cl)cc32)CC1,train,train,train,4,4,0.7413793,0.7413793,0.7413793
Clc1ccc(CO/N=C(\Cn2ccnc2)c2ccc(Cl)cc2Cl)c(Cl)c1,train,train,train,4,4,0.51785713,0.51785713,0.41666666
CNCCC=C1c2ccccc2CCc2ccccc21,train,train,train,2,2,0.37096775,0.37096775,0.4318182
CCN(CC)CC#CCOC(=O)C(O)(c1ccccc1)C1CCCCC1,test,test,train,2,2,0.31666666,0.31666666,0.31666666
CN1CCN(CCCN2c3ccccc3Sc3ccc(Cl)cc32)CC1,test,test,test,4,4,0.6603774,0.6603774,0.6603774
CCN(CC)CCCC(C)Nc1c2ccc(Cl)cc2nc2ccc(OC)cc12,train,train,train,2,2,0.35714287,0.35714287,0.30952382
CC[C@@H](CO)NC(=O)[C@@H]1C=C2c3cccc4c3c(cn4C)C[C@H]2N(C)C1,train,train,test,2,2,0.5714286,0.5714286,0.5714286
CN1CCC(=C2c3ccccc3CC(=O)c3sccc32)CC1,train,train,train,2,2,0.6923077,0.6923077,0.6923077
Clc1ccc(COC(Cn2ccnc2)c2ccc(Cl)cc2Cl)c(Cl)c1,train,train,test,4,4,0.78723407,0.78723407,0.78723407
CN1C[C@H](CNC(=O)OCc2ccccc2)C[C@@H]2c3cccc4c3c(cn4C)C[C@H]21,train,train,train,2,2,0.33333334,0.33333334,0.31730768
CC[C@H](C)[C@@H](CO[C@@H](Cc1ccccc1)C(=O)N[C@@H](CCS(C)(=O)=O)C(=O)OC(C)C)NC[C@@H](N)CS,train,train,train,2,2,0.20879121,0.20879121,0.23214285
CC(C)(O)c1ccccc1CC[C@@H](SCC1(CC(=O)O)CC1)c1cccc(/C=C/c2ccc3ccc(Cl)cc3n2)c1,train,train,train,4,4,0.23529412,0.24489796,0.24489796
CO[C@H]1C[C@@H](O[C@H]2C[C@H]([C@H]3O[C@](C)(O)[C@H](C)C[C@@H]3C)O[C@H]2[C@]2(C)CC[C@H]([C@]3(C)CC[C@]4(C[C@H](O)[C@@H](C)[C@@H]([C@@H](C)[C@@H]5O[C@](O)(CC(=O)O)[C@@H](C)[C@H](OC)[C@H]5OC)O4)O3)O2)O[C@@H](C)[C@@H]1OC,train,train,train,2,2,0.1496063,0.1496063,0.1496063
CN1CCCC(CN2c3ccccc3Sc3ccccc32)C1,train,train,train,4,4,0.45454547,0.45454547,0.40677965
CC[C@@H](CO)NC(=O)[C@@H]1C=C2c3cccc4[nH]cc(c34)C[C@H]2N(C)C1,test,test,test,2,2,0.8064516,0.8064516,0.8064516
CCOC(=O)C1=C(C)NC(C)=C(C(=O)OCC)C1c1ccccc1/C=C/C(=O)OC(C)(C)C,train,train,train,2,2,0.25675675,0.25675675,0.28125
CN(C)C(=O)C(CCN1CCC(O)(c2ccc(Cl)cc2)CC1)(c1ccccc1)c1ccccc1,train,train,test,4,4,0.4516129,0.4516129,0.4516129
Cc1c(C)c2c(c(C)c1O)CCC(C)(CN1CCN(c3cc(N4CCCC4)nc(N4CCCC4)n3)CC1)O2,train,train,test,4,4,0.24444444,0.24444444,0.24444444
O=c1n(CCCN2CCN(c3cccc(Cl)c3)CC2)nc2ccccn12,train,train,test,4,4,0.47540984,0.47540984,0.47540984
COc1ccc(CCN(C)CCCC(C#N)(c2ccc(OC)c(OC)c2)C(C)C)cc1OC,train,train,train,2,2,0.33846155,0.33846155,0.36619717
CSc1ccc2c(c1)N(CCC1CCCCN1C)c1ccccc1S2,train,train,test,4,4,0.7090909,0.7090909,0.42105263
CC/C(=C(\c1ccccc1)c1ccc(OCCN(C)C)cc1)c1ccccc1,train,train,test,2,2,0.54347825,0.54347825,0.54347825
Clc1ccc(CSC(Cn2ccnc2)c2ccc(Cl)cc2Cl)cc1,train,train,train,4,4,0.61538464,0.61538464,0.61538464
CCN(CC)CCNC(=O)c1cc(S(C)(=O)=O)ccc1OC,train,train,test,2,2,0.44444445,0.44444445,0.44444445
CCCCCCCCN[C@H](C)[C@@H](O)c1ccc(SC(C)C)cc1,train,train,test,2,2,0.25490198,0.25490198,0.25490198
CC(C)(C)NC(=O)[C@@H]1C[C@@H]2CCCC[C@@H]2CN1C[C@@H](O)[C@H](Cc1ccccc1)NC(=O)[C@H](CC(N)=O)NC(=O)c1ccc2ccccc2n1,test,test,train,2,2,0.30392158,0.30392158,0.30392158
CC(C)N1CCN(c2ccc(OC[C@H]3CO[C@](Cn4cncn4)(c4ccc(Cl)cc4Cl)O3)cc2)CC1,train,train,train,4,4,0.3,0.3,0.3
COCCCOc1ccnc(C[S+](O)c2nc3ccccc3[nH]2)c1C,train,train,train,2,2,0.29113925,0.29113925,0.29166666
CC(C)(C)c1ccc(C(O)CCCN2CCC(C(O)(c3ccccc3)c3ccccc3)CC2)cc1,test,test,train,4,4,0.44444445,0.44444445,0.44444445
O=C(c1ccc(OCCN2CCCCC2)cc1)c1c(-c2ccc(O)cc2)sc2cc(O)ccc12,test,train,train,1,1,0.3809524,0.3809524,0.3809524
CCCN(CCCCNC(=O)c1ccc(OCCCc2cn(CCCCCCCCn3cc(CCCOc4ccc(CN5CCN(c6ccccc6OC)CC5)cc4OC)nn3)nn2)c(OC)c1)C1Cc2ccccc2C1,train,test,test,1,1,0.81609195,0.9101124,0.81609195
CCCN(CCCCNC(=O)c1ccc(OCCCc2cn(CCCCCCCCn3cc(CCCOc4ccc(C(=O)NCCCCN5CCN(c6ccccc6OC)CC5)cc4OC)nn3)nn2)c(OC)c1)C1Cc2ccccc2C1,test,train,test,1,1,0.9101124,0.85542166,0.85542166
CCCCn1cc(CCCOc2ccc(C(=O)NCCCCN3CCN(c4ccccc4OC)CC3)cc2OC)nn1,train,test,train,1,1,0.9285714,0.9285714,0.9285714
CCCCn1cc(CCCOc2ccc(C(=O)NCCCCN(CCC)C3Cc4ccccc4C3)cc2OC)nn1,test,test,train,2,2,0.9589041,0.9589041,0.9589041
COc1cc(C(=O)NCCCCN2CCN(c3ccccc3OC)CC2)ccc1OCCCc1cn(CCCCCCCCn2cc(CCCOc3ccc(C(=O)NCCCCN4CCN(c5ccccc5OC)CC4)cc3OC)nn2)nn1,train,train,train,1,1,0.9285714,0.79518074,0.9285714
CCCN(CCCCNC(=O)c1ccc(OCCCc2cn(CCCCCCCCn3cc(CCCOc4ccc(C(=O)NCCCCN(CCC)C5Cc6ccccc6C5)cc4OC)nn3)nn2)c(OC)c1)C1Cc2ccccc2C1,train,train,train,2,2,0.81609195,0.85542166,0.9589041
Fc1ccc(CN2CCN(c3ccc4c(c3)OCCO4)CC2)cc1,train,train,train,4,4,0.7173913,0.7173913,0.7173913
COc1cc(CN2CCN(c3ccc4c(c3)OCCO4)CC2)ccc1F,train,train,test,4,4,0.7058824,0.7058824,0.7058824
Oc1cc(CN2CCN(c3ccc4c(c3)OCCO4)CC2)ccc1F,train,train,train,4,4,0.7173913,0.7173913,0.7173913
Fc1ccc(CN2CCN(c3ccc4c(c3)OCCO4)CC2)cn1,train,train,train,4,4,0.7173913,0.7173913,0.7173913
CCOCCOc1cccc(C(=O)NCCCN2CCN(c3ccccc3OC)CC2)c1,train,train,train,1,1,0.96666664,0.96666664,0.96666664
CCOCCOc1cccc(C(=O)NCCCCN2CCN(c3ccccc3OC)CC2)c1,train,train,train,1,1,0.96666664,0.96666664,0.96666664
COc1ccccc1N1CCN(CCCNC(=O)c2cccc(OCCOCCOCCOCCOc3cccc(C(=O)NCCCN4CCN(c5ccccc5OC)CC4)c3)c2)CC1,train,train,train,1,1,0.9649123,0.9166667,0.9649123
COc1ccccc1N1CCN(CCCCNC(=O)c2cccc(OCCOCCOCCOCCOc3cccc(C(=O)NCCCCN4CCN(c5ccccc5OC)CC4)c3)c2)CC1,train,test,train,1,1,0.9649123,0.9649123,0.9649123
CCOCCOCc1ccc(C(=O)NCCCN2CCN(c3ccccc3OC)CC2)cc1,test,train,train,1,1,0.9649123,0.9649123,0.9649123
CCOCCOCc1ccc(C(=O)NCCCCN2CCN(c3ccccc3OC)CC2)cc1,train,train,train,1,1,0.8095238,0.9649123,0.9649123
CCOCCOc1ccn2ncc(C(=O)NCCCN3CCN(c4ccccc4OC)CC3)c2c1,train,train,train,1,1,0.9710145,0.9710145,0.9710145
CCOCCOc1ccn2ncc(C(=O)NCCCCN3CCN(c4ccccc4OC)CC3)c2c1,train,train,train,1,1,0.9710145,0.9710145,0.9710145
CCOCCOCc1ccn2ncc(C(=O)NCCCN3CCN(c4ccccc4OC)CC3)c2c1,train,train,test,1,1,0.9710145,0.9710145,0.9710145
CCOCCOCc1ccn2ncc(C(=O)NCCCCN3CCN(c4ccccc4OC)CC3)c2c1,train,train,train,1,1,0.9710145,0.9710145,0.92753625
COc1ccccc1N1CCN(CCCNC(=O)c2cnn3ccc(OCCOCCOCCOCCOc4ccn5ncc(C(=O)NCCCN6CCN(c7ccccc7OC)CC6)c5c4)cc23)CC1,train,train,train,1,1,0.969697,0.969697,0.92753625
COc1ccccc1N1CCN(CCCCNC(=O)c2cnn3ccc(OCCOCCOCCOCCOc4ccn5ncc(C(=O)NCCCCN6CCN(c7ccccc7OC)CC6)c5c4)cc23)CC1,train,train,test,1,1,0.969697,0.969697,0.969697
COc1ccccc1N1CCN(CCCNC(=O)c2cnn3ccc(COCCOCCOCCOCCOCc4ccn5ncc(C(=O)NCCCN6CCN(c7ccccc7OC)CC6)c5c4)cc23)CC1,train,test,test,1,1,0.92753625,0.969697,0.969697
COc1ccccc1N1CCN(CCCCNC(=O)c2cnn3ccc(COCCOCCOCCOCCOCc4ccn5ncc(C(=O)NCCCCN6CCN(c7ccccc7OC)CC6)c5c4)cc23)CC1,test,train,train,1,1,0.969697,0.92753625,0.92753625
CCOCCOCc1ccc(N2CCN(CCCCNC(=O)c3ccccc3)CC2)c(OC)c1,train,train,test,1,1,0.8095238,0.91525424,0.8095238
COc1cc(COCCOCCOCCOCCOCc2ccc(N3CCN(CCCCNC(=O)c4ccccc4)CC3)c(OC)c2)ccc1N1CCN(CCCCNC(=O)c2ccccc2)CC1,test,train,test,1,1,0.91525424,0.91525424,0.734375
OC1(c2ccc(Cl)cc2)CCN(CCCCc2ccc(F)cc2)CC1,test,test,train,4,4,0.6,0.6,0.6
Fc1ccc(SCCCN2CCC(c3ccc(Cl)cc3)CC2)cc1,train,train,train,4,4,0.68085104,0.68085104,0.68085104
Fc1ccc(OCCCN2CCC(c3ccc(Cl)cc3)CC2)cc1,train,train,train,4,4,0.68085104,0.68085104,0.68085104
O[S+](CCCN1CCC(c2ccc(Cl)cc2)CC1)c1ccc(F)cc1,test,test,test,4,4,0.62,0.62,0.67346936
Fc1ccc(CCCCN2CCN(c3ccc(Cl)cc3)CC2)cc1,test,test,test,4,4,0.9,0.9,0.9
Fc1ccc(SCCCN2CCN(c3ccc(Cl)cc3)CC2)cc1,train,train,train,4,4,0.9047619,0.9047619,0.6666667
Fc1ccc(SCCCN2CCN(c3ccc(C(F)(F)F)cc3)CC2)cc1,test,test,test,1,1,0.75,0.75,0.75
Fc1ccc(OCCCN2CCN(c3ccc(Cl)cc3)CC2)cc1,test,test,train,4,4,0.902439,0.902439,0.902439
Fc1ccc(OCCCN2CCN(c3ccccc3)CC2)cc1,test,test,train,4,4,0.8055556,0.8055556,0.75609756
Clc1ccc(N2CCN(CCCOc3ccccc3)CC2)cc1,train,train,train,4,4,0.8055556,0.8055556,0.75609756
c1ccc(OCCCN2CCN(c3ccccc3)CC2)cc1,train,train,test,4,4,0.8055556,0.8055556,0.8055556
Fc1ccc(CCCCN2CCN(c3ncccn3)CC2)cc1,test,test,test,4,4,0.65217394,0.6744186,0.74418604
Fc1ccc(SCCCN2CCN(c3ncccn3)CC2)cc1,train,test,train,1,1,0.75555557,0.75555557,0.75555557
Fc1ccc(OCCCN2CCN(c3ncccn3)CC2)cc1,test,train,train,1,1,0.74418604,0.74418604,0.6904762
Fc1ccc(CCCCN2CCN(c3ccccn3)CC2)cc1,test,test,train,4,4,0.6956522,0.6956522,0.67346936
Fc1ccc(SCCCN2CCN(c3ccccn3)CC2)cc1,train,train,train,1,1,0.75555557,0.70212764,0.75555557
Fc1ccc(OCCCN2CCN(c3ccccn3)CC2)cc1,train,train,test,4,4,0.76086956,0.76086956,0.74418604
O=C1c2ccc(F)cc2CC1CCN1CCCN(c2ccc(Cl)cc2)CC1,train,train,test,4,4,0.60714287,0.60714287,0.60714287
Fc1ccc(SCCCN2CCCN(c3ccc(Cl)cc3)CC2)cc1,train,train,test,4,4,0.9047619,0.9047619,0.9047619
Fc1ccc(OCCCN2CCCN(c3ccc(Cl)cc3)CC2)cc1,train,train,train,4,4,0.6938776,0.6938776,0.902439
Fc1ccc(CCCCN2CCCN(c3ccc(Cl)cc3)CC2)cc1,train,train,train,4,4,0.6875,0.6875,0.6875
Clc1ccc(N2CCCN(CCCCc3nc4ccccc4s3)CC2)cc1,train,train,test,4,4,0.93877554,0.93877554,0.93877554
Clc1ccc(N2CCCN(CCCc3nc4ccccc4s3)CC2)cc1,train,train,train,4,4,0.93877554,0.93877554,0.9148936
O=C(CCCCN1CCCN(c2ccc(Cl)cc2)CC1)c1nc2ccccc2s1,train,train,train,4,4,0.9622642,0.9622642,0.9622642
O=C(CCCN1CCCN(c2ccc(Cl)cc2)CC1)c1nc2ccccc2s1,train,train,train,4,4,0.9622642,0.9622642,0.9622642
O=C(CCCCN1[C@H]2CC[C@@H]1CC(O)(c1ccc(Cl)cc1)C2)c1nc2ccccc2s1,train,train,train,4,4,0.71666664,0.71666664,0.71666664
OC1(c2ccc(Cl)cc2)C[C@@H]2CC[C@H](C1)N2CCCCc1nc2ccccc2s1,train,train,train,4,4,0.71666664,0.71666664,0.71666664
C[C@H]1Cc2c([nH]c3ccccc23)Cc2ccccc2CCN1C,test,test,train,2,2,0.6818182,0.6818182,0.6818182
O=c1[nH]c2ccccc2n1C1CCN(CCCOc2ccc(F)cc2)CC1,train,train,train,4,4,0.4827586,0.4827586,0.5645161
Oc1ccc2c(c1O)C[C@@H](c1ccccc1)[C@@H]1CCNC[C@@H]21,train,train,train,2,2,0.2962963,0.2962963,0.265625
CCCCNC(=O)c1cc2ccccc2[nH]1,train,train,train,2,2,0.5555556,0.5555556,0.5555556
CCC(=O)NCCCCN1CCN(c2ccccc2OC)CC1,test,test,test,1,1,0.78,0.78,0.78
CCC(=O)NCCCCN1CCN(c2cccc(Cl)c2Cl)CC1,train,test,train,1,1,0.7058824,0.7058824,0.7058824
CCCCN1CCN(c2ccccc2OC)CC1,train,train,train,1,1,0.775,0.775,0.775
CCCCN1CCN(c2cccc(Cl)c2Cl)CC1,train,train,train,1,1,0.82857144,0.82857144,0.82857144
CCCN1CCN(c2cccc(Cl)c2Cl)CC1,train,train,train,4,4,0.82857144,0.82857144,0.82857144
OCCN1CCN(c2cccc(Cl)c2Cl)CC1,train,train,test,4,4,0.7222222,0.7222222,0.7222222
COc1ccccc1N1CCN(C)CC1,train,train,train,1,1,0.6666667,0.6666667,0.6666667
CN1CCN(c2cccc(Cl)c2Cl)CC1,train,train,train,4,4,0.6764706,0.6764706,0.6764706
COc1ccccc1N1CCNCC1,train,train,test,1,1,0.65625,0.65625,0.65625
Clc1cccc(N2CCNCC2)c1Cl,train,train,train,4,4,0.62857145,0.62857145,0.62857145
CCCCCCN(CCc1ccccc1)CCc1cccc(O)c1,train,train,test,2,2,0.9714286,0.9714286,0.9714286
CCCCN(CCc1ccccc1)CCc1cccc(O)c1,train,train,train,2,2,0.9142857,0.9142857,0.9142857
Oc1cccc(CCN(CCc2ccccc2)CC2CCC2)c1,train,train,train,2,2,0.8918919,0.8918919,0.8918919
Oc1cccc(CCN(CCc2ccccc2)CC2CC2)c1,train,train,train,2,2,0.8918919,0.8918919,0.8918919
CCCCCN(CCc1ccccc1)CCc1cccc(O)c1,train,train,train,2,2,0.9714286,0.9714286,0.9142857
CCCN(CCc1ccccc1)CCc1cccc(O)c1,train,train,test,2,2,0.82857144,0.82857144,0.82857144
Cc1c(C(=O)N(CCCN2CCCCC2)c2ccccc2)oc2ccccc12,test,train,train,1,1,0.37313432,0.37313432,0.37313432
O=C(CCCN1CC[Si](O)(c2ccc(Cl)cc2)CC1)c1ccc(F)cc1,train,train,train,4,4,0.66,0.66,0.66
CCCN1CCC(n2c(=O)[nH]c3cc(Cl)ccc32)CC1,train,train,train,4,4,0.60655737,0.60655737,0.6727273
COc1cccc(CCN2C3C4C5CC6C7C5C3C7C2(O)C64)c1OC,train,train,train,2,2,0.46875,0.46875,0.46875
COc1ccccc1N1CCN(Cc2ccc3cccccc2-3)CC1,train,test,train,1,1,0.7619048,0.7619048,0.7619048
COc1ccccc1N1CCN(Cc2cc(CN3CCN(c4ccc(Cl)cc4)CC3)c3cccccc2-3)CC1,test,test,test,4,4,0.79545456,0.79545456,0.79545456
COc1ccccc1N1CCN(Cc2cc(CN3CCN(c4ccccc4OC)CC3)c3cccccc2-3)CC1,train,train,train,1,1,0.8974359,0.8974359,0.8974359
COc1ccccc1N1CCN(Cc2cc(CN3CCN(C)CC3)c3cccccc2-3)CC1,train,train,train,1,1,0.8974359,0.8974359,0.8974359
COc1ccccc1N1CCN(Cc2cc(CN3CCOCC3)c3cccccc2-3)CC1,train,train,train,1,1,0.85365856,0.85365856,0.85365856
COc1ccccc1N1CCN(Cc2cc(CN3CCCCC3)c3cccccc2-3)CC1,train,train,train,1,1,0.8974359,0.8974359,0.8974359
COc1ccccc1N1CCN(Cc2cc(CN(C)C)c3cccccc2-3)CC1,train,train,test,1,1,0.8333333,0.8333333,0.8333333
COc1ccccc1N1CCN(Cc2cc(C#N)c3cccccc2-3)CC1,train,train,train,1,1,0.8125,0.8125,0.8125
COc1ccccc1N1CCN(Cc2cc(CO)c3cccccc2-3)CC1,train,train,train,1,1,0.875,0.875,0.875
CCCC#Cc1cc(CN2CCN(c3ccccc3OC)CC2)c2cccccc1-2,train,train,train,1,1,0.7735849,0.7735849,0.7735849
COc1ccccc1N1CCN(Cc2cc(C#Cc3ccccc3)c3cccccc2-3)CC1,train,train,train,1,1,0.79591835,0.79591835,0.79591835
C#Cc1cc(CN2CCN(c3ccccc3OC)CC2)c2cccccc1-2,train,train,train,1,1,0.81395346,0.81395346,0.81395346
c1ccc(C[n+]2cc[n+](-c3cccc4[nH]cnc34)cc2)cc1,test,test,test,4,4,0.58,0.58,0.6
Clc1ccc2[nH]ccc2c1-[n+]1cc[n+](Cc2ccccc2)cc1,test,test,test,4,4,0.49019608,0.49019608,0.62222224
Brc1ccc(-[n+]2cc[n+](Cc3ccccc3)cc2)c2cc[nH]c12,train,train,train,4,4,0.42592594,0.42592594,0.62222224
c1ccc(C[n+]2cc[n+](-c3cccc4[nH]ccc34)cc2)cc1,test,test,train,4,4,0.62222224,0.62222224,0.62222224
FC(F)(F)c1nc2c(-[n+]3cc[n+](Cc4ccccc4)cc3)cccc2[nH]1,train,train,test,4,4,0.46551725,0.46551725,0.50980395
CC1=CC(C)=[N+]2C1=C(c1ccc(OCCCN3CCCCC3)cc1)c1c(C)cc(C)n1[B-]2(F)F,train,train,test,2,2,0.37333333,0.37333333,0.36
c1ccc(-n2cc(CN3CCN(c4cc5ccc4CCc4ccc(cc4)CC5)CC3)cn2)cc1,train,train,test,4,4,0.8367347,0.8367347,0.8367347
c1ccc(N2CCN(Cc3cnn(-c4cc5ccc4CCc4ccc(cc4)CC5)c3)CC2)cc1,train,train,train,4,4,0.8367347,0.8367347,0.65957445
CNc1ccc(C(=O)NCCCCN2CCCN(c3ccccc3OC)CC2)cc1,train,test,train,1,1,0.8245614,0.8135593,0.8245614
COc1ccccc1N1CCCN(CCCCNC(=O)c2cccc(OC)c2OC)CC1,train,train,test,1,1,0.7580645,0.7580645,0.7580645
COc1ccccc1N1CCCN(CCCCNC(=O)c2ccc(Br)nc2)CC1,test,train,test,1,1,0.8095238,0.8095238,0.8095238
COc1ccccc1N1CCCN(CCCCNC(=O)c2ccc(Cl)nc2)CC1,train,train,train,1,1,0.7419355,0.8095238,0.78688526
COc1ccccc1N1CCCN(CCCCNC(=O)c2ccc(-c3ccc(F)cc3)s2)CC1,train,train,test,1,1,0.8852459,0.75,0.8852459
COc1ccccc1N1CCCN(CCCCNC(=O)c2ccc(Br)s2)CC1,train,train,test,1,1,0.8135593,0.8135593,0.8135593
COc1ccccc1N1CCCN(CCCCNC(=O)c2cccc3c2-c2ccccc2C3=O)CC1,train,train,train,1,1,0.9298246,0.9298246,0.9298246
COc1ccccc1N1CCCN(CCCCNC(=O)c2ccc(CCO)cc2)CC1,train,train,train,1,1,0.85,0.85,0.85
COc1ccccc1N1CCCN(CCCCNC(=O)c2ccc(-c3ccccc3)s2)CC1,train,test,train,1,1,0.8852459,0.8852459,0.78688526
COc1ccccc1N1CCCN(CCCCNC(=O)c2cc3ccccc3s2)CC1,test,train,train,1,1,0.9298246,0.9298246,0.9298246
COc1ccccc1N1CCCN(CCCCNC(=O)c2cc3ccccc3[nH]2)CC1,train,train,train,1,1,0.9298246,0.9298246,0.9298246
COc1ccccc1N1CCCN(CCCCNC(=O)c2ccc(C)s2)CC1,train,train,train,1,1,0.8135593,0.8135593,0.78688526
COc1ccccc1N1CCCN(CCCCNC(=O)c2ccc(F)cc2)CC1,train,test,train,1,1,0.92156863,0.92156863,0.92156863
COc1ccccc1N1CCCN(CCCCNC(=O)c2ccc(Cl)cc2)CC1,test,train,train,1,1,0.83928573,0.8103448,0.83928573
C=Cc1ccc(C(=O)NCCCCN2CCCN(c3ccccc3OC)CC2)cc1,train,train,train,1,1,0.8103448,0.7966102,0.8103448
COc1ccccc1N1CCCN(CCCCNC(=O)c2ccc(CCF)cc2)CC1,train,train,train,1,1,0.9285714,0.9285714,0.9285714
COc1ccccc1N1CCCN(CCCCNC(=O)c2cc3ccccc3o2)CC1,train,train,train,1,1,0.9298246,0.9298246,0.9298246
COc1ccccc1N1CCCN(CCCCNC(=O)c2ccc(SC)cc2)CC1,train,train,train,1,1,0.85714287,0.8103448,0.85714287
COc1ccccc1N1CCCN(CCCCNC(=O)c2ccc(N(C)C)cc2)CC1,train,train,train,1,1,0.9259259,0.7966102,0.9259259
COc1ccccc1N1CCCN(CCCCNC(=O)c2ccc(-c3ccsc3)cc2)CC1,train,test,test,1,1,0.9322034,0.9322034,0.9322034
COc1cc(Br)cc(C(=O)NCCCCN2CCN(c3cccc(Cl)c3Cl)CC2)c1OC,train,train,train,1,1,0.70149255,0.70149255,0.6865672
O=C(NCCCCN1CCN(c2cccc(Cl)c2Cl)CC1)c1ccc2c(c1)C(=O)c1ccccc1-2,test,train,train,1,1,0.8909091,0.8909091,0.7580645
C=CCN(CC=C)CCc1c[nH]c2ccc(OC)cc12,train,train,test,2,2,0.6888889,0.6888889,0.7111111
O=C(OCCN1CCCC1)N1c2ccccc2Sc2ccccc21,train,train,test,1,1,0.5510204,0.5510204,0.5510204
CCN(CC)CCCOC(=O)N1c2ccccc2Sc2ccccc21,train,train,train,2,2,0.5510204,0.5510204,0.42857143
CC(C(=O)N1c2ccccc2Sc2ccccc21)c1ccccc1,train,train,train,4,4,0.42857143,0.42857143,0.42857143
Cn1c(=O)cnn(CCCCN2CCN(c3ccccc3OCCF)CC2)c1=O,train,train,train,1,1,0.6181818,0.6181818,0.6181818
Clc1cccc(N2CCN(Cc3c[nH]c4ccccc34)CC2)c1Cl,train,train,train,4,4,0.6304348,0.6304348,0.7111111
CCOc1ccccc1N1CCN(Cc2c[nH]c3ccccc23)CC1,train,train,train,4,4,0.7083333,0.7083333,0.6226415
Clc1cccc(N2CCN(Cc3ccccc3)CC2)c1Cl,train,train,train,4,4,0.725,0.725,0.725
CCOc1ccccc1N1CCN(Cc2ccccc2)CC1,train,train,test,4,4,0.74418604,0.74418604,0.65909094
Clc1cccc(N2CCN(Cc3csc4ccccc34)CC2)c1Cl,train,train,train,4,4,0.6166667,0.6166667,0.67391306
CCOc1ccccc1N1CCN(Cc2csc3ccccc23)CC1,train,train,train,4,4,0.67346936,0.67346936,0.6226415
Clc1cccc(N2CCN(Cc3cccc4ccccc34)CC2)c1Cl,test,test,train,4,4,0.7111111,0.7111111,0.7111111
CCOc1ccccc1N1CCN(Cc2cccc3ccccc23)CC1,train,train,test,4,4,0.7083333,0.7083333,0.7083333
Clc1cccc(N2CCN(Cc3cccnc3)CC2)c1Cl,train,train,train,4,4,0.725,0.725,0.725
CCOc1ccccc1N1CCN(Cc2cccnc2)CC1,train,train,test,4,4,0.74418604,0.74418604,0.58
Oc1ccc(N2CCN(Cc3cccs3)CC2)cc1,train,train,train,4,4,0.75,0.75,0.64285713
Clc1ccc(N2CCN(Cc3cccs3)CC2)cc1Cl,train,train,train,4,4,0.65,0.65,0.64285713
CCOc1ccccc1N1CCN(Cc2cccs2)CC1,train,train,train,1,1,0.65909094,0.65909094,0.62222224
Clc1cccc(N2CCN(Cc3cccs3)CC2)c1Cl,test,test,train,4,4,0.81578946,0.81578946,0.63414633
Clc1ccccc1N1CCN(Cc2cccs2)CC1,train,train,test,4,4,0.71794873,0.71794873,0.81578946
Fc1ccccc1N1CCN(Cc2cccs2)CC1,train,train,train,4,4,0.71794873,0.71794873,0.627907
c1ccc(N2CCN(Cc3cccs3)CC2)cc1,train,train,test,4,4,0.75,0.75,0.75
COc1ccccc1N1CCN(CCCCn2cc(-c3ccc(-c4cnco4)cc3)nn2)CC1,train,train,train,1,1,0.7627119,0.7627119,0.7627119
COc1ccccc1N1CCN(CCCCn2cc(-c3cccnc3)nn2)CC1,train,train,test,1,1,0.78571427,0.78571427,0.75438595
COc1ccccc1N1CCN(CCCCn2cc(-c3ccc(N)cc3)nn2)CC1,train,train,train,1,1,0.86538464,0.86538464,0.86538464
COc1ccc(-c2cn(CCCCN3CCN(c4ccccc4OC)CC3)nn2)cc1,train,train,train,1,1,0.88235295,0.88235295,0.86538464
COc1ccccc1N1CCN(CCCCn2cc(-c3ccc(Br)cc3)nn2)CC1,train,train,train,1,1,0.8490566,0.8490566,0.8490566
C1C2C3CC4C2C2C1C3[C@H](NCC13C5C6C7C5C1C7C63)C42,train,train,train,2,2,0.37777779,0.37777779,0.41463414
c1cc2c(cc1CN[C@H]1C3C4CC5C6C4CC3C6C51)OCO2,train,train,train,2,2,0.5652174,0.5652174,0.5652174
COc1cc(CN[C@H]2C3C4CC5C6C4CC3C6C52)cc(OC)c1OC,train,train,train,2,2,0.5106383,0.5106383,0.5106383
c1ccc(CCN[C@H]2C3C4CC5C6C4CC3C6C52)cc1,test,test,train,2,2,0.7,0.7,0.7
COc1ccccc1N1CCN(Cc2cn(-c3ccc(OCCCOC4O[C@H](CO)[C@@H](O)[C@H](O)[C@H]4F)cc3)nn2)CC1,train,train,train,1,1,0.6621622,0.6621622,0.6621622
COc1ccccc1N1CCN(Cc2cn(-c3ccc(OCCCOCCF)cc3)nn2)CC1,train,train,train,1,1,0.91525424,0.91525424,0.91525424
COc1ccccc1N1CCN(Cc2cn(-c3ccc(OCCOCCOCCF)cc3)nn2)CC1,train,train,train,1,1,0.91525424,0.91525424,0.91525424
COc1ccccc1N1CCN(Cc2cn(-c3ccc(OCCCF)cc3)nn2)CC1,train,train,train,1,1,0.86440676,0.90909094,0.90909094
COc1ccccc1N1CCN(Cc2cn(-c3ccc(OCCF)cc3)nn2)CC1,test,train,train,1,1,0.90909094,0.90909094,0.90909094
COc1ccccc1N1CCN(Cc2cn([C@@H]3O[C@H](CF)[C@@H](O)[C@H](O)[C@H]3O)nn2)CC1,train,test,test,1,1,0.75757575,0.75757575,0.75757575
COc1ccccc1N1CCN(Cc2cn([C@@H]3O[C@H](CO)[C@@H](O)[C@H](O)[C@H]3F)nn2)CC1,train,train,train,1,1,0.75757575,0.65384614,0.65384614
COc1ccccc1N1CCN(Cc2cn(CCOCCOCCOCCF)nn2)CC1,train,train,test,1,1,1.0,1.0,0.98039216
COc1ccccc1N1CCN(Cc2cn(CCOCCOCCF)nn2)CC1,train,train,test,1,1,1.0,1.0,0.98039216
COc1ccccc1N1CCN(Cc2cn(CCOCCF)nn2)CC1,train,train,train,1,1,0.98039216,0.98039216,0.76785713
COc1ccccc1N1CCN(Cc2cn(CCCCCCF)nn2)CC1,test,train,train,1,1,0.76785713,0.76785713,0.76785713
COc1ccc(CNC(=O)c2cc(-c3cc(Cl)cc(Cl)c3)cnc2-c2cccnc2)cc1OC,train,train,test,2,2,0.29268292,0.29268292,0.29268292
C[C@@H]1NCCc2cc(O)c(O)cc21,train,train,train,2,2,0.32,0.32,0.32
CN1CCC2C(C1)c1cccc3c1N2c1ccccc1CS3,train,train,train,2,2,0.36363637,0.36363637,0.36363637
O=C1CC(CN2CCC(c3noc4cc(F)ccc34)CC2)Cc2[nH]ncc21,train,train,test,4,4,0.70149255,0.70149255,0.6438356
Cc1nc2c(o1)CC(CN1CCC(c3c[nH]c4cc(F)ccc34)CC1)CC2=O,train,train,train,4,4,0.6,0.6,0.6
O=C1CC(CN2CCC(c3c[nH]c4cc(F)ccc34)CC2)Cc2nc(N3CCCC3)sc21,train,train,train,4,4,0.6,0.6,0.6
COc1cc2c(cc1OC)CN(CCCCNC(=O)c1cc(Br)cc(OC)c1OC)CC2,train,test,train,1,1,0.63492066,0.63492066,0.6
COc1cccc2[nH]cc(CN3CCC(O)(c4ccc(I)cc4)CC3)c12,train,train,train,4,4,0.8148148,0.8148148,0.8148148
Fc1ccc(CN2CCC(Nc3ccc(C(F)(F)F)nn3)CC2)cc1F,train,train,train,4,4,0.32258064,0.32258064,0.32258064
CCN1C(=O)c2ccccc2[S+](O)c2ccc(C(=O)NCc3ccc(OC)cc3)cc21,test,test,train,2,2,0.8,0.8,0.8
CCN1C(=O)c2ccccc2[S@@+](O)c2ccc(C(=O)NCc3ccc(F)cc3)cc21,train,train,train,1,1,0.8,0.8,0.8
CCN1C(=O)c2ccccc2[S@@+](O)c2ccc(C(=O)NCc3ccc(C#N)cc3)cc21,train,train,train,2,2,0.8,0.8,0.8
CCN1C(=O)c2ccccc2[S@@+](O)c2ccc(C(=O)N[C@H](C)c3ccc(Br)cc3)cc21,train,train,train,2,2,0.7903226,0.7903226,0.7903226
CCN1C(=O)c2ccccc2[S@@+](O)c2ccc(C(=O)N[C@H](C)c3ccc4ccccc4c3)cc21,train,train,train,1,1,0.7903226,0.7903226,0.7903226
CN1C(=O)c2ccccc2[S@@+](O)c2ccc(C(=O)NCc3ccc(Br)cc3)cc21,train,train,test,1,1,0.73333335,0.67741936,0.73333335
CN1C(=O)c2ccccc2[S@@+](O)c2ccc(C(=O)NCc3cccnc3)cc21,train,test,train,1,1,0.73333335,0.73333335,0.625
CN1C(=O)c2ccccc2[S@@+](O)c2ccc(C(=O)NCCN3CCCC3)cc21,train,train,train,1,1,0.6451613,0.6451613,0.625
CN1CN(c2ccccc2)C2(CCN(CCCC(=O)c3ccc(F)cc3)CC2)C1=O,train,train,train,1,1,0.5555556,0.5555556,0.5555556
CCCN(CC[C@]1(O)C[C@@H](NC(=O)c2ccc3ccccc3c2)C1)[C@H]1C[C@@H]1c1cccc(Cl)c1,train,train,test,2,2,0.7647059,0.7647059,0.7647059
CCCN(CC[C@]1(O)C[C@@H](NC(=O)c2ccc3ccccc3c2)C1)[C@H]1C[C@@H]1c1ccccc1Cl,train,train,train,2,2,0.7647059,0.7647059,0.33333334
O[S+](CCCN1CCN(c2ccc(Cl)cc2)CC1)c1ccc(F)cc1,test,test,train,4,4,0.6,0.6,0.6041667
Fc1ccc2c(c1)CC(CCN1CCN(c3ccc(Cl)cc3)CC1)C2,train,train,train,4,4,0.60714287,0.60714287,0.5192308
FC(F)(F)c1ccc(OCCCN2CCN(c3ccccn3)CC2)cc1,train,train,test,1,1,0.76086956,0.76086956,0.5660377
Cc1ccc(N2CCN(CCCOc3ccc(F)cc3)CC2)nc1,test,train,train,1,1,0.7083333,0.6666667,0.6041667
Cc1ccc(N2CCN(CCCSc3ccc(F)cc3)CC2)nc1,test,test,test,1,1,0.68,0.71428573,0.71428573
Cc1ccc(N2CCN(CCCCc3ccc(F)cc3)CC2)nc1,train,test,test,1,1,0.5,0.7083333,0.7083333
Clc1ccc(N2CCN(CCCCc3nc4ccccc4s3)CC2)cc1,train,train,train,4,4,0.9166667,0.9166667,0.93333334
Clc1ccc(N2CCN(CCCc3nc4ccccc4s3)CC2)cc1,test,test,train,4,4,0.93333334,0.93333334,0.93333334
Clc1ccc(N2CCN(CCCCCc3nc4ccccc4o3)CC2)cc1,train,train,train,4,4,0.9777778,0.9777778,0.9130435
Clc1ccc(N2CCN(CCCCc3nc4ccccc4o3)CC2)cc1,train,train,test,4,4,0.9777778,0.9777778,0.9777778
Clc1ccc(N2CCN(CCCc3nc4ccccc4o3)CC2)cc1,train,train,train,4,4,0.93333334,0.93333334,0.9130435
Clc1ccc(N2CCN(CCc3nc4ccccc4o3)CC2)cc1,test,test,train,4,4,0.8666667,0.8666667,0.8666667
Clc1ccc(N2CCN(CCCc3cc4ccccc4o3)CC2)cc1,train,train,test,4,4,0.9130435,0.9130435,0.9130435
Clc1ccc(N2C[C@H]3C[C@@H]2CN3CCCc2cc3ccccc3o2)cc1,train,train,train,4,4,0.57894737,0.57894737,0.5409836
Clc1ccc(N2CCCN(CCCc3cc4ccccc4o3)CC2)cc1,train,train,train,4,4,0.9130435,0.9130435,0.58928573
c1cnc(N2CCN(CCCCc3nc4ccccc4s3)CC2)nc1,test,test,test,4,4,0.6862745,0.6862745,0.6862745
CN(C)C(=O)N[C@H]1CC[C@H](CCN2CCN(c3cccc(Cl)c3Cl)CC2)CC1,test,test,test,0,0,0.7368421,0.7368421,0.7368421
Clc1cccc(N2CCN(CCCCOc3ccn4nccc4c3)CC2)c1Cl,test,train,test,1,1,0.7627119,0.7627119,0.7627119
Clc1cccc(N2CCN(CCCCOc3cccn4nccc34)CC2)c1Cl,train,train,train,1,1,0.6440678,0.7,0.7
Clc1cccc(N2CCN(CCCCOc3ccc4ccnn4c3)CC2)c1Cl,train,train,train,1,1,0.6896552,0.7368421,0.6896552
Clc1cccc(N2CCN(CCCCOc3cccc4ccnn34)CC2)c1Cl,train,train,train,1,1,0.67241377,0.67241377,0.67241377
Clc1cccc(N2CCN(CCCCOc3cc4ccccn4n3)CC2)c1Cl,train,test,train,1,1,0.6440678,0.6440678,0.6333333
CCOC(=O)c1cc2cc(OCCCCN3CCN(c4cccc(Cl)c4Cl)CC3)ccn2n1,train,train,test,1,1,0.7164179,0.7164179,0.7536232
OCc1cc2cc(OCCCCN3CCN(c4cccc(Cl)c4Cl)CC3)ccn2n1,train,train,train,1,1,0.73846155,0.7627119,0.74603176
O=Cc1cnn2ccc(OCCCCN3CCN(c4cccc(Cl)c4Cl)CC3)cc12,test,train,test,1,1,0.82539684,0.82539684,0.82539684
O=Cc1cnn2cccc(OCCCCN3CCN(c4cccc(Cl)c4Cl)CC3)c12,test,train,train,1,1,0.7,0.7,0.7
O=Cc1cnn2cc(OCCCCN3CCN(c4cccc(Cl)c4Cl)CC3)ccc12,train,test,train,1,1,0.71875,0.7619048,0.71875
O=Cc1cnn2c(OCCCCN3CCN(c4cccc(Cl)c4Cl)CC3)cccc12,test,train,train,1,1,0.6875,0.6769231,0.6875
O=Cc1c(OCCCCN2CCN(c3cccc(Cl)c3Cl)CC2)nn2ccccc12,train,test,train,1,1,0.61538464,0.60294116,0.61538464
O=Cc1cc2cc(OCCCCN3CCN(c4cccc(Cl)c4Cl)CC3)ccn2n1,test,train,train,1,1,0.796875,0.74603176,0.796875
O/N=C/c1cnn2ccc(OCCCCN3CCN(c4cccc(Cl)c4Cl)CC3)cc12,train,train,train,1,1,0.7352941,0.82539684,0.7352941
O/N=C/c1cc2cc(OCCCCN3CCN(c4cccc(Cl)c4Cl)CC3)ccn2n1,train,test,train,1,1,0.73846155,0.796875,0.796875
N#Cc1cnn2ccc(OCCCCN3CCN(c4cccc(Cl)c4Cl)CC3)cc12,train,train,train,1,1,0.72307694,0.75,0.72307694
N#Cc1cc2cc(OCCCCN3CCN(c4cccc(Cl)c4Cl)CC3)ccn2n1,test,train,train,1,1,0.74603176,0.74603176,0.74603176
O=C(NCCC(CF)N1CCN(c2cccc(Cl)c2Cl)CC1)c1cc2ccccc2o1,train,test,test,1,1,0.75384617,0.75384617,0.75384617
O=S(=O)(NCCCCN1CCC(c2noc3cc(F)ccc23)CC1)c1cc2ccccc2s1,train,test,train,1,1,0.5119048,0.5119048,0.5119048
COc1ccccc1N1CCN(CCCc2cn(-c3ccc(-c4ccsc4)cc3)nn2)CC1,test,train,train,1,1,0.9491525,0.9491525,0.9491525
COc1ccccc1N1CCN(CCCCCc2cn(-c3cccc4cnccc34)nn2)CC1,train,test,test,1,1,0.98275864,0.98275864,0.98275864
COc1ccccc1N1CCN(CCCCc2cn(-c3cccc4cnccc34)nn2)CC1,train,train,train,1,1,0.98275864,0.94827586,0.94827586
COc1ccccc1N1CCN(CCCc2cn(-c3cccc4cnccc34)nn2)CC1,test,train,train,1,1,0.94827586,0.94827586,0.94827586
COc1ccccc1N1CCN(CCCCCc2cn(-c3ccccc3)nn2)CC1,train,train,train,1,1,0.9791667,0.9791667,0.9791667
COc1ccccc1N1CCN(CCCCc2cn(-c3ccccc3)nn2)CC1,train,train,train,1,1,0.9791667,0.9791667,0.9791667
COc1ccccc1N1CCN(CCCc2cn(-c3ccccc3)nn2)CC1,train,train,train,1,1,0.9375,0.9375,0.9375
COc1ccccc1N1CCN(CCCCc2cn(-c3ccc(-c4ccsc4)cc3)nn2)CC1,train,train,train,1,1,0.9830508,0.9830508,0.9830508
COc1ccccc1N1CCN(CCCCCc2cn(-c3ccc(-c4ccsc4)cc3)nn2)CC1,train,train,train,1,1,0.9830508,0.9830508,0.9830508
COc1ccccc1N1CCN(CCCc2cn(-c3ccc(F)cc3)nn2)CC1,train,train,train,1,1,0.9411765,0.9411765,0.9411765
COc1ccccc1N1CCN(CCCCc2cn(-c3ccc(F)cc3)nn2)CC1,train,train,train,1,1,0.98039216,0.98039216,0.98039216
COc1ccccc1N1CCN(CCCCCc2cn(-c3ccc(F)cc3)nn2)CC1,train,train,train,1,1,0.98039216,0.98039216,0.98039216
COc1ccccc1N1CCN(CCCc2cn(-c3ccccc3OC)nn2)CC1,train,train,test,1,1,0.93333334,0.93333334,0.93333334
COc1ccccc1N1CCN(CCCCc2cn(-c3ccccc3OC)nn2)CC1,train,train,train,1,1,0.9777778,0.9777778,0.9777778
COc1ccccc1N1CCN(CCCCCc2cn(-c3ccccc3OC)nn2)CC1,train,train,train,1,1,0.9777778,0.9777778,0.9777778
COc1ccccc1N1CCN(CCCc2cn(-c3ccc(N(C)C)cc3)nn2)CC1,train,train,train,1,1,0.9433962,0.9433962,0.9433962
COc1ccccc1N1CCN(CCCCc2cn(-c3ccc(N(C)C)cc3)nn2)CC1,train,train,train,1,1,0.9811321,0.9811321,0.9811321
COc1ccccc1N1CCN(CCCCCc2cn(-c3ccc(N(C)C)cc3)nn2)CC1,train,train,train,1,1,0.9811321,0.9811321,0.9811321
COc1ccccc1N1CCN(CCCc2cn(-c3ccc(SC)cc3)nn2)CC1,train,train,train,1,1,0.9433962,0.9433962,0.9433962
COc1ccccc1N1CCN(CCCCc2cn(-c3ccc(SC)cc3)nn2)CC1,train,train,train,1,1,0.9811321,0.9433962,0.9811321
COc1ccccc1N1CCN(CCCCCc2cn(-c3ccc(SC)cc3)nn2)CC1,train,test,train,1,1,0.9811321,0.9811321,0.9811321
COc1ccccc1N1CCN(CCCc2cn(-c3ccccc3O)nn2)CC1,test,train,train,1,1,0.93877554,0.93877554,0.93877554
COc1ccccc1N1CCN(CCCCc2cn(-c3ccccc3O)nn2)CC1,train,train,train,1,1,0.877551,0.93877554,0.93877554
CC(C)(C)c1nc(N2CCN(CCCCNC(=O)[C@H]3CC[C@H](c4ccccc4)CC3)CC2)cc(C(F)(F)F)n1,train,train,train,1,1,0.78571427,0.8088235,0.8088235
CC(C)(C)c1nc(N2CCN(CCCCNC(=O)C3CCN(Cc4ccccc4)CC3)CC2)cc(C(F)(F)F)n1,train,train,train,1,1,0.78571427,0.8235294,0.8235294
CC(C)(C)c1nc(N2CCN(CCCCNC(=O)C3CCN(c4ccccc4)CC3)CC2)cc(C(F)(F)F)n1,test,train,train,1,1,0.8235294,0.8235294,0.8235294
CC(C)(C)c1nc(N2CCN(CCCCNC(=O)c3cn4c(CO)cccc4n3)CC2)cc(C(F)(F)F)n1,train,test,train,1,1,0.72,0.72,0.72
CN(C)Cc1c(C(=O)NCCCCN2CCN(c3cc(C(F)(F)F)nc(C(C)(C)C)n3)CC2)nc2ccccn12,train,test,train,1,1,0.6666667,0.6666667,0.6666667
CN(C)Cc1c(C(=O)NCCCCN2CCN(c3cc(C(F)(F)F)nc(C(C)(C)C)n3)CC2)[nH]c2ccccc12,train,train,train,1,1,0.67948717,0.6883117,0.6883117
CC(C)(C)c1nc(N2CCN(CCCCNC(=O)c3sc4ncccc4c3N)CC2)cc(C(F)(F)F)n1,test,test,train,1,1,0.64935064,0.7567568,0.7567568
CC(C)(C)c1nc(N2CCN(CCCCNC(=O)c3cn4nc(Cl)ccc4n3)CC2)cc(C(F)(F)F)n1,train,train,train,1,1,0.72,0.68421054,0.72
CC(C)(C)c1nc(N2CCN(CCCCNC(=O)c3cn4ccncc4n3)CC2)cc(C(F)(F)F)n1,test,train,train,1,1,0.7297297,0.69863015,0.7297297
CC(C)(C)c1nc(N2CCN(CCCCNC(=O)c3cn4cccnc4n3)CC2)cc(C(F)(F)F)n1,train,test,train,1,1,0.6756757,0.7297297,0.7297297
CC(C)(C)c1nc(N2CCN(CCCCNC(=O)c3cc4cccnc4s3)CC2)cc(C(F)(F)F)n1,test,train,train,1,1,0.7826087,0.7826087,0.7567568
CC(C)(C)c1nc(N2CCN(CCCCNC(=O)c3nc4ccccc4[nH]3)CC2)cc(C(F)(F)F)n1,train,test,test,1,1,0.67948717,0.75714284,0.75714284
CC(C)(C)c1nc(N2CCN(CCCCNC(=O)c3cc4ccccc4[nH]3)CC2)cc(C(F)(F)F)n1,test,train,train,1,1,0.75714284,0.70422536,0.6883117
CC(C)(C)c1nc(C2CC2)cc(N2CCN(CCCCNC(=O)c3cn4ccccc4n3)CC2)n1,train,train,test,1,1,0.79710144,0.79710144,0.79710144
CC(C)(C)c1cc(N2CCN(CCCCNC(=O)c3cn4ccccc4n3)CC2)nc(C(C)(C)C)n1,train,train,train,1,1,0.84615386,0.84615386,0.84615386
Cc1cc(N2CCN(CCCCNC(=O)c3cn4ccccc4n3)CC2)nc(C(C)(C)C)n1,train,train,train,1,1,0.84615386,0.86153847,0.84615386
Cc1nc(N2CCN(CCCCNC(=O)c3cn4ccccc4n3)CC2)cc(C(C)(C)C)n1,train,test,train,1,1,0.86153847,0.86153847,0.84615386
Cc1cc(N2CCN(CCCCNC(=O)c3cn4ccccc4n3)CC2)nc(C(F)(F)F)n1,test,train,test,1,1,0.86153847,0.86153847,0.86153847
Cc1nc(N2CCN(CCCCNC(=O)c3cn4ccccc4n3)CC2)cc(C(F)(F)F)n1,train,train,test,1,1,0.86153847,0.76811594,0.86153847
CC(C)(C)c1nc(N2CCN(CCCCNC(=O)c3cn4ccccc4n3)CC2)c2ccccc2n1,train,train,test,1,1,0.74626863,0.74626863,0.74626863
O=C(NCCCCN1CCN(c2ncnc3ccccc23)CC1)c1cn2ccccc2n1,train,train,train,1,1,0.75384617,0.75384617,0.75384617
O=C(NCCCCN1CCN(c2ccc3ccccc3n2)CC1)c1cn2ccccc2n1,train,train,train,1,1,0.6818182,0.7288136,0.7288136
O=C(NCCCCN1CCN(c2ccnc3cc(Cl)ccc23)CC1)c1cn2ccccc2n1,train,train,train,1,1,0.8181818,0.8181818,0.8181818
O=C(NCCCCN1CCN(c2ccnc3cc(C(F)(F)F)ccc23)CC1)c1cn2ccccc2n1,train,train,train,1,1,0.7916667,0.7916667,0.7916667
O=C(NCCCCN1CCN(c2cc(C(F)(F)F)nc3ccccc23)CC1)c1cn2ccccc2n1,train,train,train,1,1,0.7246377,0.7246377,0.7246377
O=C(NCCCCN1CCN(c2ccnc3ccccc23)CC1)c1cn2ccccc2n1,train,train,train,1,1,0.8181818,0.8181818,0.8181818
CC(C)(C)c1cc(N2CCN(CCCCNC(=O)c3cn4ccccc4n3)CC2)cc(C(C)(C)C)c1,train,train,train,1,1,0.765625,0.7758621,0.7758621
N#Cc1cc(N2CCN(CCCCNC(=O)c3cn4ccccc4n3)CC2)cc(C(F)(F)F)c1,train,train,train,1,1,0.76811594,0.76811594,0.76811594
O=C(NCCCCN1CCN(c2cccc(C(F)(F)F)c2)CC1)c1cn2ccccc2n1,train,train,train,1,1,0.76811594,0.76811594,0.76811594
O=C(NCCCCN1CCN(c2cccc(Cl)c2Cl)CC1)c1cn2ccccc2n1,train,test,train,1,1,0.82258064,0.82258064,0.82258064
COc1ccccc1N1CCN(CCCCNC(=O)c2cn3ccccc3n2)CC1,test,test,train,1,1,0.71875,0.71666664,0.71875
O=C(NCCCCN1CCN(c2ccccc2)CC1)c1cn2ccccc2n1,test,train,train,1,1,0.7758621,0.7758621,0.7758621
O=C(CCC(=O)OC1(c2ccc(Cl)cc2)CCN(CCCC(=O)c2ccc(F)cc2)CC1)OC1(c2ccc(Cl)cc2)CCN(CCCC(=O)c2ccc(F)cc2)CC1,train,train,train,4,4,0.94,0.94,0.94
O=C(CCCC(=O)OC1(c2ccc(Cl)cc2)CCN(CCCC(=O)c2ccc(F)cc2)CC1)OC1(c2ccc(Cl)cc2)CCN(CCCC(=O)c2ccc(F)cc2)CC1,train,train,train,4,4,0.96,0.96,0.96
O=C(CCCCC(=O)OC1(c2ccc(Cl)cc2)CCN(CCCC(=O)c2ccc(F)cc2)CC1)OC1(c2ccc(Cl)cc2)CCN(CCCC(=O)c2ccc(F)cc2)CC1,train,train,train,4,4,0.98,0.98,0.98
O=C(CCCCCC(=O)OC1(c2ccc(Cl)cc2)CCN(CCCC(=O)c2ccc(F)cc2)CC1)OC1(c2ccc(Cl)cc2)CCN(CCCC(=O)c2ccc(F)cc2)CC1,train,train,train,4,4,1.0,1.0,1.0
O=C(CCCCCCC(=O)OC1(c2ccc(Cl)cc2)CCN(CCCC(=O)c2ccc(F)cc2)CC1)OC1(c2ccc(Cl)cc2)CCN(CCCC(=O)c2ccc(F)cc2)CC1,test,test,train,4,4,1.0,1.0,1.0
O=C(CCCCCCCC(=O)OC1(c2ccc(Cl)cc2)CCN(CCCC(=O)c2ccc(F)cc2)CC1)OC1(c2ccc(Cl)cc2)CCN(CCCC(=O)c2ccc(F)cc2)CC1,train,train,test,4,4,1.0,1.0,1.0
O=C(CCCCCCCCC(=O)OC1(c2ccc(Cl)cc2)CCN(CCCC(=O)c2ccc(F)cc2)CC1)OC1(c2ccc(Cl)cc2)CCN(CCCC(=O)c2ccc(F)cc2)CC1,train,train,train,4,4,1.0,1.0,1.0
Cc1ccc(C(=O)OC2(c3ccc(Cl)cc3)CCN(CCCC(=O)c3ccc(F)cc3)CC2)cc1,train,train,test,4,4,0.7894737,0.7894737,0.7894737
CC(=O)OC1(c2ccc(Cl)cc2)CCN(CCCC(=O)c2ccc(F)cc2)CC1,train,train,train,4,4,0.8301887,0.8301887,0.8301887
CCC(=O)OC1(c2ccc(Cl)cc2)CCN(CCCC(=O)c2ccc(F)cc2)CC1,train,train,train,4,4,0.8679245,0.8679245,0.8679245
CCCCCCCCCC(=O)OC1(c2ccc(Cl)cc2)CCN(CCCC(=O)c2ccc(F)cc2)CC1,test,test,test,4,4,0.90909094,0.90909094,0.90909094
O=C(CCN1CCN(CCC(=O)OC2(c3ccc(Cl)cc3)CCN(CCCC(=O)c3ccc(F)cc3)CC2)CC1)OC1(c2ccc(Cl)cc2)CCN(CCCC(=O)c2ccc(F)cc2)CC1,train,train,train,4,4,0.92156863,0.92156863,0.92156863
CN(CCC(=O)OC1(c2ccc(Cl)cc2)CCN(CCCC(=O)c2ccc(F)cc2)CC1)CCN(C)CCC(=O)OC1(c2ccc(Cl)cc2)CCN(CCCC(=O)c2ccc(F)cc2)CC1,train,train,train,4,4,0.8965517,0.8965517,0.8965517
CN(C)CCC(=O)OC1(c2ccc(Cl)cc2)CCN(CCCC(=O)c2ccc(F)cc2)CC1,train,train,train,4,4,0.8965517,0.8965517,0.8965517
O=C(CCc1cn(CCCCCCCCn2cc(CCC(=O)OC3(c4ccc(Cl)cc4)CCN(CCCC(=O)c4ccc(F)cc4)CC3)nn2)nn1)OC1(c2ccc(Cl)cc2)CCN(CCCC(=O)c2ccc(F)cc2)CC1,test,test,train,4,4,1.0,1.0,0.73846155
O=C(CCc1cn(CCCCCCCCCCn2cc(CCC(=O)OC3(c4ccc(Cl)cc4)CCN(CCCC(=O)c4ccc(F)cc4)CC3)nn2)nn1)OC1(c2ccc(Cl)cc2)CCN(CCCC(=O)c2ccc(F)cc2)CC1,train,train,test,4,4,0.73846155,0.73846155,1.0
O=C(CCC(=O)N1CCC(O)(c2ccc(Cl)cc2)CC1)c1ccc(F)cc1,test,test,train,4,4,0.54385966,0.54385966,0.54385966
CC(C)Cc1ccc(CCNC[C@H](O)c2ccc(O)c3[nH]c(=O)sc23)cc1,train,train,test,2,2,0.7118644,0.7118644,0.8076923
CCCCc1cccc(CCNC[C@H](O)c2ccc(O)c3[nH]c(=O)sc23)c1,test,test,train,2,2,0.8888889,0.8888889,0.8032787
CCCCOc1ccc(CCNC[C@H](O)c2ccc(O)c3[nH]c(=O)sc23)cc1,train,train,train,2,2,0.8196721,0.8196721,0.8196721
CCCCOc1cccc(CCNC[C@H](O)c2ccc(O)c3[nH]c(=O)sc23)c1,train,train,train,2,2,0.8196721,0.8196721,0.8196721
CCCc1cccc(CCNC[C@H](O)c2ccc(O)c3[nH]c(=O)sc23)c1,train,train,test,2,2,0.7704918,0.7704918,0.8888889
CCCc1ccc(CCNC[C@H](O)c2ccc(O)c3[nH]c(=O)sc23)cc1,test,test,train,2,2,0.84615386,0.84615386,0.8
CCc1cccc([C@H]2CCC[C@H]2NC[C@H](O)c2ccc(O)c3[nH]c(=O)sc23)c1,train,train,test,2,2,0.8153846,0.8153846,0.8153846
Cc1ccc([C@H]2CCC[C@H]2NC[C@H](O)c2ccc(O)c3[nH]c(=O)sc23)cc1,train,train,train,2,2,0.82758623,0.82758623,0.82758623
Cc1cccc([C@H]2CCC[C@H]2NC[C@H](O)c2ccc(O)c3[nH]c(=O)sc23)c1,train,train,train,2,2,0.8153846,0.8153846,0.8064516
Cc1ccccc1[C@H]1CCC[C@H]1NC[C@H](O)c1ccc(O)c2[nH]c(=O)sc12,train,train,train,2,2,0.7704918,0.7704918,0.7704918
O=c1[nH]c2c(O)ccc([C@@H](O)CN[C@@H]3CCC[C@@H]3c3ccccc3)c2s1,train,train,train,2,2,0.82758623,0.82758623,0.82758623
O=c1[nH]c2c(O)ccc([C@@H](O)CN[C@@H]3CCC[C@@H]3CCc3ccccc3)c2s1,test,test,train,2,2,0.71428573,0.71428573,0.71428573
CC(C)[C@H]1CCC[C@H]1NC[C@H](O)c1ccc(O)c2[nH]c(=O)sc12,train,train,train,2,2,0.71666664,0.71666664,0.71666664
O=c1[nH]c2c(O)ccc([C@@H](O)CN[C@H]3CCC[C@@H]3OCc3ccccc3)c2s1,train,train,train,2,2,0.703125,0.703125,0.7121212
OCc1cc(C(O)CNCCCCCCOCCCCc2ccccc2)ccc1O,train,train,train,2,2,0.325,0.325,0.3382353
COc1ccc(CC(C)NCC(O)c2ccc(O)c(NC=O)c2)cc1,train,train,train,2,2,0.4074074,0.4074074,0.4074074
CCc1cc2c(cc1CC)CC(NC[C@H](O)c1ccc(O)c3[nH]c(=O)ccc13)C2,train,train,test,2,2,0.4117647,0.4117647,0.41379312
OC1(c2ccc(Cl)cc2)CC2CCC(C1)N2CCCSc1ccc(F)cc1,test,test,train,4,4,0.7735849,0.7735849,0.7735849
OC1(c2ccc(Cl)cc2)CC2CCC(C1)N2CCCSc1cccc(F)c1,train,train,train,4,4,0.6964286,0.6964286,0.7735849
OC1(c2ccc(Cl)cc2)CC2CCC(C1)N2CCCSc1ccccc1F,train,train,train,4,4,0.6964286,0.6964286,0.7169811
CCCCc1cc2c(s1)C[C@H]1c3cc(O)c(OC)cc3CCN1C2,train,train,train,2,2,0.7368421,0.7368421,0.7368421
COc1cc2c(cc1O)[C@@H]1Cc3sc(CC(C)C)cc3CN1CC2,train,train,train,2,2,0.7368421,0.7368421,0.7368421
Cc1cccc(N2CCN(CCCCNC(=O)c3cc4ccccc4o3)CC2)c1C,train,train,test,1,1,0.7894737,0.7894737,0.7894737
O=C(NCCCCN1CCN(c2ccccc2)CC1)c1cc2ccccc2o1,train,test,train,1,1,0.8148148,0.8148148,0.8148148
COc1cccc(N2CCN(CCCCNC(=O)c3cc4ccccc4o3)CC2)c1,test,train,train,1,1,0.7966102,0.7966102,0.7966102
Cc1cccc(N2CCN(CCCCNC(=O)c3cc4ccccc4o3)CC2)n1,train,train,train,1,1,0.72131145,0.72131145,0.72131145
O=C(NCCCCN1CCN(Cc2ccccc2)CC1)c1cc2ccccc2o1,train,train,train,1,1,0.8,0.7222222,0.8
O=C(NCCCCN1CCN(c2ccccc2F)CC1)c1cc2ccccc2o1,train,train,test,1,1,0.8148148,0.8148148,0.8148148
O=C(NCCCCN1CCN(c2cccc(C(F)(F)F)c2)CC1)c1cc2ccccc2[nH]1,train,train,train,1,1,0.7096774,0.7096774,0.7096774
COc1cccc(N2CCN(CCCCNC(=O)c3c[nH]c4ccccc34)CC2)c1,test,train,test,1,1,0.6825397,0.6825397,0.6825397
COc1cccc(N2CCN(CCCCNC(=O)c3cc4ccccc4n3C)CC2)c1,train,test,train,1,1,0.7096774,0.671875,0.671875
O=C(NCCCCN1CCN(c2ccccc2)CC1)c1cc2ccccc2cn1,test,train,train,1,1,0.8627451,0.8627451,0.8627451
Cc1cccc(N2CCN(CCCCNC(=O)c3cc4ccccc4cn3)CC2)c1,train,train,train,1,1,0.8214286,0.8214286,0.8214286
COc1cccc(N2CCN(CCCCNC(=O)c3cc4ccccc4cn3)CC2)c1,train,test,test,1,1,0.8103448,0.8103448,0.8103448
O=C(NCCCCN1CCN(c2ccccn2)CC1)c1cc2ccccc2cn1,test,test,train,1,1,0.71929824,0.8113208,0.8113208
Cc1cccc(N2CCN(CCCCNC(=O)c3cc4ccccc4cn3)CC2)n1,test,test,train,1,1,0.73333335,0.73333335,0.7719298
O=C(NCCCCN1CCN(c2ncccn2)CC1)c1cc2ccccc2cn1,test,train,train,1,1,0.74545455,0.78846157,0.8113208
O=C(NCCCCN1CCN(c2cnc3ccccc3c2)CC1)c1cc2ccccc2cn1,train,train,train,1,1,0.78571427,0.7962963,0.7962963
O=C(NCCCCN1CCN(c2cccc(F)c2)CC1)c1cc2ccccc2cn1,train,train,test,1,1,0.8214286,0.8214286,0.8214286
O=C(NCCCCN1CCN(c2ccc(F)cc2)CC1)c1cc2ccccc2cn1,train,train,train,1,1,0.8333333,0.84615386,0.84615386
O=C(NCCCCN1CCN(c2ccc(O)cc2)CC1)c1cc2ccccc2cn1,train,train,train,1,1,0.8333333,0.8627451,0.8627451
O=C(NCCCCN1CCN(c2ccccc2)CC1)c1ccc2ccccc2n1,train,train,train,1,1,0.7962963,0.7962963,0.7962963
Cc1cccc(N2CCN(CCCCNC(=O)c3ccc4ccccc4n3)CC2)c1,train,train,train,1,1,0.7966102,0.7966102,0.7966102
COc1cccc(N2CCN(CCCCNC(=O)c3ccc4ccccc4n3)CC2)c1,train,train,train,1,1,0.7966102,0.7966102,0.7966102
O=C(NCCCCN1CCN(c2ccccn2)CC1)c1ccc2ccccc2n1,train,train,train,1,1,0.7407407,0.7407407,0.7407407
O=C(NCCCCN1CCN(c2ccccc2)CC1)c1ccc2ncccc2c1,train,train,train,1,1,0.73214287,0.73214287,0.73214287
Cc1cccc(N2CCN(CCCCNC(=O)c3ccccc3)CC2)n1,train,test,train,1,1,0.6896552,0.754717,0.754717
COc1cccc(N2CCN(CCCCNC(=O)c3ccccc3)CC2)n1,test,train,train,1,1,0.754717,0.75438595,0.754717
O=C(NCCCCN1CCN(c2cccc3ccccc23)CC1)c1ccccc1,train,test,train,1,1,0.75,0.75,0.72
O=C(NCCCCN1CCN(c2cnc3ccccc3c2)CC1)c1ccccc1,train,train,train,1,1,0.76785713,0.76785713,0.76785713
O=C(NCCCCN1CCN(c2ccccc2)CC1)c1ccccn1,train,train,train,1,1,0.754717,0.754717,0.754717
COc1cccc(N2CCN(CCCCNC(=O)c3ccccn3)CC2)c1,train,train,train,1,1,0.7627119,0.7586207,0.7586207
COc1cccc(N2CCN(CCCCNC(=O)c3ccccn3)CC2)n1,train,train,train,1,1,0.6885246,0.75438595,0.75438595
COc1cccc(N2CCN(CCCCNC(=O)c3cccc(C)n3)CC2)c1,train,train,train,1,1,0.779661,0.779661,0.779661
O=C(NCCCCN1CCN(c2ccccc2)CC1)c1cccnc1,test,train,test,1,1,0.6909091,0.6909091,0.6909091
N#Cc1cc(N2CCN(CC[C@H]3CC[C@H](NC(N)=O)CC3)CC2)cc(C(F)(F)F)c1,train,train,train,0,0,0.75,0.75,0.8448276
N#Cc1cc(N2CCN(CC[C@H]3CC[C@H](NC(=O)CN)CC3)CC2)cc(C(F)(F)F)c1,test,test,train,0,0,0.8448276,0.8448276,0.8448276
N#Cc1cc(N2CCN(CC[C@H]3CC[C@H](NS(N)(=O)=O)CC3)CC2)cc(C(F)(F)F)c1,train,train,train,0,0,0.75,0.75,0.75
COc1ccc(CN2CCOC(CCc3ccccc3)C2)cc1,train,train,train,4,4,0.7234042,0.7234042,0.7234042
Oc1ccc(CN2CCO[C@H](CCc3ccccc3)C2)cc1,train,train,train,4,4,0.7234042,0.7234042,0.7234042
NC(=O)c1ccccc1OCCCN1CCN(c2cccc3c2ccn3S(=O)(=O)c2ccccc2)CC1,train,test,train,1,1,0.40298507,0.40298507,0.3783784
CCCCn1cc(CCCOc2ccc(C(=O)NCCCCN(CCC)CCc3ccc(O)c4[nH]c(=O)ccc34)cc2OC)nn1,test,test,train,2,2,0.68367344,0.68367344,0.68367344
COc1ccccc1N1CCN(CCCCNC(=O)/N=N/c2ccc(F)cc2)CC1,train,train,test,1,1,0.9622642,0.9622642,0.8888889
COc1ccccc1N1CCN(CCCCNC(=O)/N=N/c2ccc(F)c(F)c2)CC1,train,test,test,1,1,0.85,0.85,0.73770493
COc1ccccc1N1CCN(CCCCNC(=O)/N=N/c2cc(F)c(F)c(F)c2)CC1,train,train,test,1,1,0.85,0.8135593,0.72131145
CCCN(CCCCNC(=O)/C=C/c1ccc(F)cc1)C1Cc2ccccc2C1,train,train,train,2,2,0.8679245,0.8679245,0.6451613
CCCN(CCCCNC(=O)/N=N/c1ccc(F)cc1)C1Cc2ccccc2C1,train,train,train,2,2,0.8679245,0.8679245,0.8679245
CCCN(CCCCNC(=O)/N=N/c1ccc(F)c(F)c1)C1Cc2ccccc2C1,train,train,test,2,2,0.875,0.875,0.875
CCCN(CCCCNC(=O)/N=N/c1cc(F)c(F)c(F)c1)C1Cc2ccccc2C1,test,test,train,2,2,0.8596491,0.8596491,0.8888889
CCCN(CCNC(=O)/C=C/c1ccc(F)cc1)C1Cc2ccccc2C1,train,train,test,2,2,0.8679245,0.8679245,0.8679245
CCCN(CCNC(=O)/N=N/c1ccc(F)cc1)C1Cc2ccccc2C1,train,train,train,2,2,0.8679245,0.8679245,0.8679245
CCCN(CCNC(=O)/N=N/c1ccc(F)c(F)c1)C1Cc2ccccc2C1,train,train,train,2,2,0.875,0.875,0.8363636
CCCN(CCNC(=O)/N=N/c1cc(F)c(F)c(F)c1)C1Cc2ccccc2C1,test,test,train,2,2,0.8363636,0.8363636,0.8888889
COc1ccccc1N1CCN(CCCCc2cn(-c3ccc4ccccc4c3)nn2)CC1,test,train,train,1,1,0.8360656,0.8360656,0.8360656
COc1ccccc1N1CCN(CCCCc2cn(-c3ccc4c(c3)Cc3ccccc3-4)nn2)CC1,train,test,train,1,1,0.73134327,0.734375,0.734375
COc1ccccc1N1CCN(CCCCc2cn(-c3ccc4[nH]ccc4c3)nn2)CC1,test,train,train,1,1,0.7580645,0.7903226,0.7903226
COc1ccccc1N1CCN(CCCCc2cn(-c3ccc4cnccc4c3)nn2)CC1,train,train,train,1,1,0.73134327,0.8360656,0.8360656
Clc1cccc(N2CCN(CCCCc3cn(-c4ccc5ccccc5c4)nn3)CC2)c1Cl,train,train,test,1,1,0.7619048,0.7619048,0.7619048
Clc1cccc(N2CCN(CCCCc3cn(-c4ccc5c(c4)Cc4ccccc4-5)nn3)CC2)c1Cl,train,train,train,1,1,0.734375,0.734375,0.73134327
Clc1cccc(N2CCN(CCCCc3cn(-c4ccc5[nH]ccc5c4)nn3)CC2)c1Cl,train,train,train,1,1,0.7619048,0.7619048,0.73134327
COc1ccccc1N1CCN(CCCCn2cc(-c3ccc4ccccc4c3)nn2)CC1,train,test,train,1,1,0.8518519,0.8518519,0.8518519
COc1ccccc1N1CCN(CCCCn2cc(-c3ccc4c(c3)Cc3ccccc3-4)nn2)CC1,train,train,train,1,1,0.7647059,0.7647059,0.73015875
COc1ccccc1N1CCN(CCCCn2cc(-c3ccc4[nH]ccc4c3)nn2)CC1,test,test,train,1,1,0.8,0.7627119,0.8
COc1ccccc1N1CCN(CCCCn2cc(-c3ccc4ncccc4c3)nn2)CC1,test,train,test,1,1,0.8032787,0.76811594,0.8032787
COc1ccccc1N1CCN(CCCCn2cc(-c3ccc(-c4ccccc4)cc3)nn2)CC1,train,train,test,1,1,0.88235295,0.88235295,0.88235295
Clc1cccc(N2CCN(CCCCn3cc(-c4ccc5ccccc5c4)nn3)CC2)c1Cl,train,train,train,1,1,0.78688526,0.78688526,0.78571427
Clc1cccc(N2CCN(CCCCn3cc(-c4ccc5c(c4)Cc4ccccc4-5)nn3)CC2)c1Cl,test,train,test,1,1,0.73015875,0.73015875,0.73015875
Clc1cccc(N2CCN(CCCCn3cc(-c4ccc5[nH]ccc5c4)nn3)CC2)c1Cl,train,train,train,1,1,0.7704918,0.7704918,0.7704918
Clc1cccc(N2CCN(CCCCn3cc(-c4ccc5ncccc5c4)nn3)CC2)c1Cl,train,train,test,1,1,0.78688526,0.78688526,0.78688526
Clc1cccc(N2CCN(CCCCn3cc(-c4ccc(-c5ccccc5)cc4)nn3)CC2)c1Cl,train,train,train,1,1,0.78571427,0.78571427,0.78571427
COc1ccccc1N1CCN(CC(O)CCn2cc(-c3ccc4ccccc4c3)nn2)CC1,train,train,test,1,1,0.8208955,0.8208955,0.8181818
COc1ccccc1N1CCN(CC(O)CCn2cc(-c3ccc(-c4ccccc4)cc3)nn2)CC1,train,test,test,1,1,0.962963,0.962963,0.75757575
COc1ccccc1N1CCN(CC(O)CCn2cc(-c3ccccc3)nn2)CC1,train,train,test,1,1,0.962963,0.8245614,0.75384617
COc1ccccc1-c1cn(CCC(O)CN2CCN(c3ccccc3OC)CC2)nn1,train,train,test,1,1,0.8245614,0.8245614,0.70149255
COc1ccccc1N1CCN(CC(O)CCn2cc(-c3ccc4c(c3)Cc3ccccc3-4)nn2)CC1,train,train,test,1,1,0.7692308,0.7692308,0.7647059
COc1ccccc1N1CCN(CC(O)CCn2cc(-c3ccc4ncccc4c3)nn2)CC1,train,train,test,1,1,0.8208955,0.8208955,0.75
OC(CCn1cc(-c2ccc3ccccc3c2)nn1)CN1CCN(c2cccc(Cl)c2Cl)CC1,train,train,train,4,4,0.8064516,0.8064516,0.8064516
OC(CCn1cc(-c2ccc(-c3ccccc3)cc2)nn1)CN1CCN(c2cccc(Cl)c2Cl)CC1,train,train,train,4,4,0.8064516,0.8064516,0.8064516
COc1ccccc1N1CCN(CC(O)CCn2cc(-c3ccc4[nH]ccc4c3)nn2)CC1,train,train,train,1,1,0.8181818,0.8181818,0.76119405
OC(CCn1cc(-c2ccc3[nH]ccc3c2)nn1)CN1CCN(c2cccc(Cl)c2Cl)CC1,train,train,train,4,4,0.7910448,0.7910448,0.7910448
OC(CCn1cc(-c2ccc3ncccc3c2)nn1)CN1CCN(c2cccc(Cl)c2Cl)CC1,train,train,train,4,4,0.80597013,0.80597013,0.80597013
O=C(NCCC(O)CN1CCN(c2cccc(Cl)c2Cl)CC1)c1ccc2c(c1)-c1ccccc1C2,train,train,train,1,1,0.7761194,0.7761194,0.7761194
Cc1ccc(Cl)c(N2CCN(CCCCNC(=O)c3ccc4oc(=O)[nH]c4c3)CC2)c1,train,train,train,1,1,0.53521127,0.53521127,0.5522388
COc1c(Cl)cccc1N1CCN(CCCCNC(=O)c2cc3ccccc3[nH]2)CC1,train,train,train,1,1,0.7910448,0.7910448,0.7910448
COc1c(Cl)cccc1N1CCN(CCCCNC(=O)c2cc3ccccc3o2)CC1,train,train,train,1,1,0.8030303,0.8030303,0.8030303
O=C(NCCCCN1CCN(c2cccc3ccccc23)CC1)c1cc2ccccc2[nH]1,train,train,train,1,1,0.7894737,0.7894737,0.7894737
COc1ccc2[nH]c(C(=O)NCCCCN3CCN(c4cccc5ccccc45)CC3)cc2c1,train,train,train,1,1,0.78333336,0.78333336,0.78333336
O=C(NCCCCN1CCN(c2cccc3ccccc23)CC1)c1cc2ccccc2o1,train,train,train,1,1,0.8148148,0.8148148,0.78333336
O=C(NCCCCN1CCN(c2cccc3ccccc23)CC1)c1cc2ccccc2s1,train,train,train,1,1,0.7894737,0.7894737,0.7586207
COc1ccccc1N1CCN(CCCCNC(=O)c2ccc3ccccc3n2)CC1,train,train,train,1,1,0.8305085,0.8305085,0.7419355
COc1ccccc1N1CCN(CC(O)CCNC(=O)c2ccc3ccccc3n2)CC1,train,train,train,1,1,0.84126985,0.84126985,0.84126985
COc1ccccc1N1CCN(CCCCNC(=O)c2ccc3cc(F)ccc3n2)CC1,train,train,test,1,1,0.8305085,0.8305085,0.8305085
COc1ccccc1N1CCN(CC(O)CCNC(=O)c2ccc3cc(F)ccc3n2)CC1,train,train,train,1,1,0.84126985,0.84126985,0.84126985
COc1ccccc1N1CCN(CC(O)CCNC(=O)c2cnc3ccccc3c2)CC1,train,train,train,1,1,0.8548387,0.84126985,0.84126985
COc1ccccc1N1CCN(CCCCNC(=O)c2cnc3ccc(F)cc3c2)CC1,train,train,test,1,1,0.7692308,0.75,0.7457627
COc1ccccc1N1CCN(CC(O)CCNC(=O)c2cnc3ccc(F)cc3c2)CC1,train,test,test,1,1,0.859375,0.859375,0.859375
COc1ccccc1N1CCN(CC(O)CCNC(=O)c2cnc3ccc(C)cc3c2)CC1,test,train,train,1,1,0.859375,0.84615386,0.84615386
COc1ccc2ncc(C(=O)NCCC(O)CN3CCN(c4ccccc4OC)CC3)cc2c1,train,train,train,1,1,0.859375,0.84615386,0.84615386
COc1ccccc1N1CCN(CC(O)CCNC(=O)c2ccc3cccnc3c2)CC1,train,train,train,1,1,0.77272725,0.77272725,0.77272725
O=C(NCCCCN1CCN(c2cccc3ccccc23)CC1)c1cnc2ccccc2c1,train,train,test,1,1,0.7894737,0.7413793,0.7894737
O=C(NCCC(O)CN1CCN(c2cccc3ccccc23)CC1)c1cnc2ccccc2c1,train,train,train,1,1,0.7704918,0.7936508,0.7936508
COc1c(Cl)cccc1N1CCN(CCCCNC(=O)c2cnc3ccccc3c2)CC1,train,test,train,1,1,0.7903226,0.78333336,0.7903226
COc1c(Cl)cccc1N1CCN(CC(O)CCNC(=O)c2cnc3ccccc3c2)CC1,test,train,train,1,1,0.7936508,0.7936508,0.7936508
O=C(NCCCCN1CCN(c2cccc(Cl)c2Cl)CC1)c1cnc2ccc(F)cc2c1,train,train,train,1,1,0.81666666,0.7692308,0.81666666
O=C(NCCC(O)CN1CCN(c2cccc(Cl)c2Cl)CC1)c1cnc2ccc(F)cc2c1,train,train,train,1,1,0.7692308,0.7692308,0.7692308
O=C(CCCCN1CCN(c2ccccc2F)CC1)Nc1nc2ccccc2s1,train,test,train,1,1,0.53521127,0.53521127,0.53521127
COc1ccc2nc(NC(=O)CCCCN3CCN(c4ccc(Cl)cc4)CC3)sc2c1,train,train,train,1,1,0.53521127,0.4864865,0.53521127
OCCN1CCN(c2nc(Nc3ccc(Br)cc3)c3ccccc3n2)CC1,train,train,train,4,4,0.6481481,0.6481481,0.7592593
CC(C)c1ccc(Nc2nc(N3CCN(CCO)CC3)nc3ccccc23)cc1,test,test,train,4,4,0.7592593,0.7592593,0.7592593
OCCN1CCN(c2nc(NCc3ccccc3)c3ccccc3n2)CC1,train,train,train,4,4,0.6481481,0.6481481,0.6481481
COc1ccccc1N1CCN(CCCc2cn(-c3ccn4nccc4c3)nn2)CC1,test,test,train,1,1,0.7288136,0.7288136,0.7288136
O=Cc1cnn2ccc(-n3cc(CCCN4CCN(c5cccc(Cl)c5Cl)CC4)nn3)cc12,train,train,train,1,1,0.9047619,0.95238096,0.95238096
O=Cc1cnn2ccc(-n3cc(CCCCN4CCN(c5cccc(Cl)c5Cl)CC4)nn3)cc12,test,train,train,1,1,0.95238096,0.95238096,0.95238096
O=Cc1cnn2ccc(-n3cc(CCN4CCN(c5cccc(Cl)c5Cl)CC4)nn3)cc12,train,train,test,4,4,0.9047619,0.9047619,0.9047619
COc1ccccc1N1CCN(CCc2cn(-c3ccn4ncc(C=O)c4c3)nn2)CC1,train,test,train,1,1,0.7246377,0.7246377,0.65753424
Clc1cccc(N2CCN(CCc3cn(-c4ccn5nccc5c4)nn3)CC2)c1Cl,train,train,train,4,4,0.8947368,0.8947368,0.8947368
Clc1cccc(N2CCN(CCCc3cn(-c4ccn5nccc5c4)nn3)CC2)c1Cl,train,train,train,4,4,0.8947368,0.8947368,0.94736844
Clc1cccc(N2CCN(CCCCc3cn(-c4ccn5nccc5c4)nn3)CC2)c1Cl,test,test,train,1,1,0.94736844,0.94736844,0.94736844
CCCN(CCN1CCN(Cc2cc3ccccc3[nH]2)CC1)Cc1ccc(OC)cc1,test,test,train,2,2,0.7241379,0.7241379,0.8035714
Brc1ccc(CNCCN2CCN(Cc3cc4ccccc4[nH]3)CC2)cc1,test,test,test,4,4,0.7254902,0.7254902,0.7692308
COc1ccc(CNCCN2CCN(Cc3cc4ccccc4[nH]3)CC2)cc1,test,test,train,4,4,0.7358491,0.7358491,0.7358491
CCCN(CCN1CCN(CCc2c[nH]c3ccccc23)CC1)c1ccc(Br)cc1,train,train,train,4,4,0.7818182,0.7818182,0.7818182
CCCN(CCN1CCN(CCc2c[nH]c3ccccc23)CC1)c1ccc(OC)cc1,train,train,train,2,2,0.7818182,0.7818182,0.7818182
Brc1ccc(NCCN2CCN(CCc3c[nH]c4ccccc34)CC2)cc1,train,train,train,4,4,0.74509805,0.74509805,0.74509805
COc1ccc(NCCN2CCN(CCc3c[nH]c4ccccc34)CC2)cc1,train,train,train,4,4,0.74509805,0.74509805,0.74509805
CCCN(CCN1CCN(Cc2cc3ccccc3[nH]2)CC1)c1ccc(Br)cc1,test,test,test,4,4,0.7962963,0.7962963,0.7962963
CCCN(CCN1CCN(Cc2cc3ccccc3[nH]2)CC1)c1ccc(OC)cc1,train,train,train,2,2,0.62068963,0.62068963,0.7241379
Brc1ccc(NCCN2CCN(Cc3cc4ccccc4[nH]3)CC2)cc1,train,train,train,4,4,0.76,0.76,0.76
COc1ccc(NCCN2CCN(Cc3cc4ccccc4[nH]3)CC2)cc1,train,train,train,4,4,0.76,0.76,0.76
CCCN(CCN1CCN(Cc2cc3ccccc3[nH]2)CC1)Cc1ccc(Br)cc1,test,test,train,4,4,0.5762712,0.5762712,0.8035714
O=C(Nc1ccc(Cl)cc1)N[C@H]1CC[C@H](CCN2CCC(c3cccc4c3OCO4)CC2)CC1,train,train,train,0,0,0.796875,0.796875,0.796875
CC(C)(C)c1ccc(S(=O)(=O)N[C@H]2CC[C@H](CCN3CCC(c4coc5ccccc45)CC3)CC2)cc1,train,train,test,0,0,0.852459,0.852459,0.852459
O=C(N[C@H]1CC[C@H](CCN2CCN(c3cccc4c3OCO4)CC2)CC1)N1CCc2ccccc21,train,train,train,0,0,0.72307694,0.72307694,0.7878788
O=C(N[C@H]1CC[C@H](CCN2CCC(c3coc4ccccc34)CC2)CC1)c1ccc(N2CCOCC2)nc1,train,train,train,0,0,0.8082192,0.8082192,0.8082192
O=C(N[C@H]1CC[C@H](CCN2CCC(c3cccc4c3OCO4)CC2)CC1)C1CCCO1,train,train,train,0,0,0.8032787,0.8032787,0.8032787
CS(=O)(=O)CC(=O)N[C@H]1CC[C@H](CCN2CCC(c3cccc4c3OCO4)CC2)CC1,test,test,train,0,0,0.8032787,0.8032787,0.78688526
O=C(N[C@H]1CC[C@H](CCN2CCN(c3cccc4c3OCO4)CC2)CC1)C(F)(F)F,train,train,train,0,0,0.82758623,0.82758623,0.82758623
Cc1cc(C(=O)N[C@H]2CC[C@H](CCN3CCN(c4nccc5c4CCO5)CC3)CC2)on1,train,train,train,0,0,0.8,0.8,0.8
O=C(CC1CC1)N[C@H]1CC[C@H](CCN2CCN(c3cccc4c3OCO4)CC2)CC1,train,train,train,0,0,0.9122807,0.9122807,0.9122807
O=C(CC1CCOCC1)N[C@H]1CC[C@H](CCN2CCC(c3coc4ccccc34)CC2)CC1,train,train,test,0,0,0.91071427,0.91071427,0.91071427
O=C(N[C@H]1CC[C@H](CCN2CCC(c3coc4ccccc34)CC2)CC1)c1ccc(C(F)(F)F)cc1,train,train,train,0,0,0.852459,0.852459,0.852459
CN(C)C(=O)CCC(=O)N[C@H]1CC[C@H](CCN2CCC(c3coc4ccccc34)CC2)CC1,train,train,train,0,0,0.8196721,0.8196721,0.8196721
Cc1cc(CC(=O)N[C@H]2CC[C@H](CCN3CCC(c4coc5ccccc45)CC3)CC2)on1,train,train,train,0,0,0.7826087,0.7826087,0.7826087
O=C(N[C@H]1CC[C@H](CCN2CCN(c3cccc4c3OCO4)CC2)CC1)C1CC(Cl)C1,train,train,train,0,0,0.86206895,0.86206895,0.86206895
O=C(N[C@H]1CC[C@H](CCN2CCN(c3nccc4occc34)CC2)CC1)C1CCOCC1,test,test,test,0,0,0.8947368,0.8947368,0.8947368
CC(C)(C)Oc1ccc(C(=O)N[C@H]2CC[C@H](CCN3CCN(c4nccc5c4CCO5)CC3)CC2)cc1,train,train,test,0,0,0.7794118,0.7794118,0.8333333
CN(C)S(=O)(=O)N[C@H]1CC[C@H](CCN2CCC(c3coc4ccccc34)CC2)CC1,train,train,train,0,0,0.79310346,0.79310346,0.80701756
CCCCC(=O)N[C@H]1CC[C@H](CCN2CCC(c3coc4ccccc34)CC2)CC1,train,train,test,0,0,0.9122807,0.9122807,0.9122807
O=C(N[C@H]1CC[C@H](CCN2CCC(c3cccc4c3OCO4)CC2)CC1)C1CCOC1,train,train,train,0,0,0.9,0.9,0.9
O=C(N[C@H]1CC[C@H](CCN2CCC(c3coc4ccccc34)CC2)CC1)c1ccc(Cl)cc1Cl,test,test,train,0,0,0.7846154,0.7846154,0.7846154
O=C(N[C@H]1CC[C@H](CCN2CCC(c3coc4ccccc34)CC2)CC1)c1ccc(N2CCS(=O)(=O)CC2)cc1,train,train,train,0,0,0.8507463,0.8507463,0.8507463
O=C(N[C@H]1CC[C@H](CCN2CCC(c3coc4ccccc34)CC2)CC1)C1CC1,test,test,train,0,0,0.9259259,0.9259259,0.89285713
Cc1cnc(N2CCN(CC[C@H]3CC[C@H](NC(=O)CC4CCOCC4)CC3)CC2)c2c1OCC2,train,train,train,0,0,0.8030303,0.8030303,0.8030303
O=C(N[C@H]1CC[C@H](CCN2CCN(c3nccc4c3CCO4)CC2)CC1)C(O)C(F)(F)F,train,train,train,0,0,0.8196721,0.8196721,0.8196721
CCC(=O)N[C@H]1CC[C@H](CCN2CCC(c3coc4ccccc34)CC2)CC1,train,train,train,0,0,0.875,0.875,0.875
O=C(N[C@H]1CC[C@H](CCN2CCN(c3cccc4c3OCO4)CC2)CC1)C1(O)CCCC1,train,train,train,0,0,0.98245615,0.98245615,0.98245615
Cc1cc2c(c(N3CCN(CC[C@H]4CC[C@H](NC(=O)CC5CCOCC5)CC4)CC3)n1)CCO2,train,train,train,0,0,0.80597013,0.80597013,0.80597013
O=C(N[C@H]1CC[C@H](CCN2CCC(c3cccc4c3OCO4)CC2)CC1)c1ccc(F)cc1,train,train,train,0,0,0.85,0.85,0.85
O=C(N[C@H]1CC[C@H](CCN2CCC(c3coc4ccccc34)CC2)CC1)C1CCCOC1,train,train,test,0,0,0.90163934,0.90163934,0.90163934
O=C(N[C@H]1CC[C@H](CCN2CCC(c3cccc4c3CCO4)CC2)CC1)c1ccc2c(c1)OCO2,test,test,train,0,0,0.8181818,0.8181818,0.8181818
O=C(N[C@H]1CC[C@H](CCN2CCN(c3nccc4occc34)CC2)CC1)c1ccnc2ccccc12,train,train,train,0,0,0.73239434,0.73239434,0.73239434
O=C(N[C@H]1CC[C@H](CCN2CCN(c3cccc4c3OCO4)CC2)CC1)C1(O)CCCCC1,train,train,train,0,0,0.98245615,0.98245615,0.98245615
Cc1cc2c(c(N3CCN(CC[C@H]4CC[C@H](NC(=O)C5CCOCC5)CC4)CC3)n1)CCO2,train,train,train,0,0,0.8095238,0.8095238,0.80597013
CC(C)(O)CC(=O)N[C@H]1CC[C@H](CCN2CCC(c3cccc4c3CCO4)CC2)CC1,test,test,test,0,0,0.8833333,0.8833333,0.8833333
O=C(CC1CCOCC1)N[C@H]1CC[C@H](CCN2CCN(c3nccc4occc34)CC2)CC1,train,train,train,0,0,0.852459,0.852459,0.852459
CS(=O)(=O)CC(=O)N[C@H]1CC[C@H](CCN2CCC(c3cccc4occc34)CC2)CC1,train,train,train,0,0,0.7936508,0.7936508,0.8032787
O=C(CC1CCOCC1)N[C@H]1CC[C@H](CCN2CCN(c3nccc4sccc34)CC2)CC1,test,test,train,0,0,0.84126985,0.84126985,0.84126985
O=C(N[C@H]1CC[C@H](CCN2CCC(c3cccc4c3OCO4)CC2)CC1)C1CCC1,train,train,train,0,0,0.87931037,0.87931037,0.87931037
O=C(CC(F)(F)F)N[C@H]1CC[C@H](CCN2CCC(c3coc4ccccc34)CC2)CC1,test,test,train,0,0,0.84745765,0.84745765,0.84745765
O=C(CC1CCOCC1)N[C@H]1CC[C@H](CCN2CCN(c3nccc4c3CCO4)CC2)CC1,test,test,train,0,0,0.9310345,0.9310345,0.9
O=C(N[C@H]1CC[C@H](CCN2CCC(c3cccc4c3CCO4)CC2)CC1)c1ccnc2ccccc12,train,train,train,0,0,0.7671233,0.7671233,0.7671233
CN(C)C(=O)N[C@H]1CC[C@H](CCN2CCC(c3cccc4c3OCO4)CC2)CC1,test,test,train,0,0,0.8245614,0.8245614,0.8245614
O=C(N[C@H]1CC[C@H](CCN2CCN(c3cccc4c3OCO4)CC2)CC1)C1CCC1,train,train,train,0,0,0.87931037,0.87931037,0.87931037
Cc1cc(CC(=O)N[C@H]2CC[C@H](CCN3CCC(c4cccc5c4OCO5)CC3)CC2)on1,train,train,test,0,0,0.7746479,0.7746479,0.7746479
O=C(N[C@H]1CC[C@H](CCN2CCC(c3coc4ccccc34)CC2)CC1)c1ccc(N2CCCCC2)cc1,train,train,test,0,0,0.875,0.875,0.875
O=C(CO)N[C@H]1CC[C@H](CCN2CCN(c3cccc4c3OCO4)CC2)CC1,train,train,test,0,0,0.85714287,0.85714287,0.85714287
O=C(C[C@H]1CC[C@H](O)CC1)N[C@H]1CC[C@H](CCN2CCN(c3nccc4sccc34)CC2)CC1,train,train,train,0,0,0.8153846,0.8153846,0.84126985
COCCC(=O)N[C@H]1CC[C@H](CCN2CCN(c3ncc(C)c4c3CCO4)CC2)CC1,train,train,train,0,0,0.7692308,0.7692308,0.7692308
COC(C)CC(=O)N[C@H]1CC[C@H](CCN2CCN(c3cccc4c3OCO4)CC2)CC1,train,train,train,0,0,0.84126985,0.84126985,0.84126985
O=C(N[C@H]1CC[C@H](CCN2CCC(c3cccc4c3OCO4)CC2)CC1)c1ccc(Cl)cc1,train,train,train,0,0,0.85,0.85,0.85
O=C(N[C@H]1CC[C@H](CCN2CCN(c3cccc4c3OCO4)CC2)CC1)c1ccc2c(c1)OCCO2,train,train,train,0,0,0.7936508,0.7936508,0.7936508
O=C(N[C@H]1CC[C@H](CCN2CCC(c3cccc4c3CCO4)CC2)CC1)c1ccc(N2CCCCC2)cc1,train,train,test,0,0,0.9047619,0.9047619,0.9047619
CC(C)(C)c1ccc(C(=O)N[C@H]2CC[C@H](CCN3CCC(c4cccc5c4CCO5)CC3)CC2)cc1,train,train,train,0,0,0.8548387,0.8548387,0.8548387
O=C(N[C@H]1CC[C@H](CCN2CCC(c3coc4ccccc34)CC2)CC1)c1ccc(C2CCCCC2)cc1,train,train,train,0,0,0.9166667,0.9166667,0.9166667
O=S(=O)(N[C@H]1CC[C@H](CCN2CCN(c3nccc4c3CCO4)CC2)CC1)c1ccccc1,test,test,train,0,0,0.84126985,0.84126985,0.84126985
CC(C)CCC(=O)N[C@H]1CC[C@H](CCN2CCN(c3nccc4c3CCO4)CC2)CC1,train,train,train,0,0,0.85714287,0.85714287,0.85714287
O=C(Cc1ccc2c(c1)OCO2)N[C@H]1CC[C@H](CCN2CCC(c3coc4ccccc34)CC2)CC1,test,test,test,0,0,0.80597013,0.80597013,0.734375
O=C(N[C@H]1CC[C@H](CCN2CCC(c3cccc4c3OCO4)CC2)CC1)C1COc2ccccc2C1,test,test,train,0,0,0.78125,0.78125,0.78125
CN(C)C(=O)N[C@H]1CC[C@H](CCN2CCN(c3nccc4c3CCO4)CC2)CC1,train,train,train,0,0,0.8305085,0.8305085,0.8305085
O=C(N[C@H]1CC[C@H](CCN2CCC(c3cccc4c3CCO4)CC2)CC1)c1ccc(N2CCOCC2)cc1,train,train,train,0,0,0.9047619,0.9047619,0.8769231
O=C(N[C@H]1CC[C@H](CCN2CCC(c3cccc4c3OCO4)CC2)CC1)C1CC1(F)F,train,train,test,0,0,0.8032787,0.8032787,0.8032787
O=C(CCO)N[C@H]1CC[C@H](CCN2CCN(c3nccc4c3CCO4)CC2)CC1,test,test,test,0,0,0.86440676,0.86440676,0.86440676
O=C(N[C@H]1CC[C@H](CCN2CCN(c3nccc4c3CCO4)CC2)CC1)c1ccnc2ccccc12,train,train,train,0,0,0.7761194,0.7761194,0.7761194
O=C(CO)N[C@H]1CC[C@H](CCN2CCN(c3nccc4occc34)CC2)CC1,train,train,train,0,0,0.8596491,0.8596491,0.8596491
CCc1ccc(C(=O)N[C@H]2CC[C@H](CCN3CCC(c4coc5ccccc45)CC3)CC2)cc1,train,train,train,0,0,0.8333333,0.8333333,0.8333333
N#CCC(=O)N[C@H]1CC[C@H](CCN2CCC(c3cccc4c3OCO4)CC2)CC1,train,train,test,0,0,0.8135593,0.8135593,0.8135593
CC(C)CC(=O)N[C@H]1CC[C@H](CCN2CCN(c3nccc4c3CCO4)CC2)CC1,train,train,train,0,0,0.85714287,0.85714287,0.85714287
O=C(N[C@H]1CC[C@H](CCN2CCC(c3cccc4c3CCO4)CC2)CC1)C1CC1(F)F,test,test,train,0,0,0.8196721,0.8196721,0.8196721
O=C(N[C@H]1CC[C@H](CCN2CCN(c3cccc4c3OCO4)CC2)CC1)C1CC1(F)F,train,train,train,0,0,0.8032787,0.8032787,0.8032787
CC(C)(O)C(=O)N[C@H]1CC[C@H](CCN2CCC(c3coc4ccccc34)CC2)CC1,train,train,test,0,0,0.8909091,0.8909091,0.8214286
O=C(Cc1ccc2c(c1)OCO2)N[C@H]1CC[C@H](CCN2CCC(c3cccc4c3CCO4)CC2)CC1,train,train,train,0,0,0.7846154,0.7846154,0.8181818
CC(C)(O)C(=O)N[C@H]1CC[C@H](CCN2CCN(c3nccc4c3CCO4)CC2)CC1,test,test,train,0,0,0.8947368,0.8947368,0.8947368
O=C(N[C@H]1CC[C@H](CCN2CCC(c3coc4ccccc34)CC2)CC1)C1CCOC1,train,train,train,0,0,0.90163934,0.90163934,0.89830506
Cc1cc(C(=O)N[C@H]2CC[C@H](CCN3CCC(c4coc5ccccc45)CC3)CC2)on1,train,train,train,0,0,0.7826087,0.7826087,0.7826087
O=C(N[C@H]1CC[C@H](CCN2CCN(c3nccc4c3CCO4)CC2)CC1)c1ccc(-c2ccccc2)cc1,train,train,train,0,0,0.90163934,0.90163934,0.90163934
O=C(N[C@H]1CC[C@H](CCN2CCC(c3coc4ccccc34)CC2)CC1)c1ccc2c(c1)OCO2,train,train,test,0,0,0.765625,0.765625,0.765625
O=C(CC(F)(F)F)N[C@H]1CC[C@H](CCN2CCC(c3cccc4c3OCO4)CC2)CC1,train,train,test,0,0,0.85,0.85,0.85
CC(C)(O)CC(=O)N[C@H]1CC[C@H](CCN2CCN(c3nccc4c3CCO4)CC2)CC1,train,train,test,0,0,0.82539684,0.82539684,0.8852459
O=C(CC1COC1)N[C@H]1CC[C@H](CCN2CCN(c3cccc4c3OCO4)CC2)CC1,train,train,train,0,0,0.8947368,0.8947368,0.8947368
CC(C)(O)CC(=O)N[C@H]1CC[C@H](CCN2CCC(c3coc4ccccc34)CC2)CC1,train,train,train,0,0,0.87931037,0.87931037,0.81666666
CCC(=O)N[C@H]1CC[C@H](CCN2CCN(c3nccc4c3CCO4)CC2)CC1,train,train,train,0,0,0.8666667,0.8666667,0.8666667
O=C(N[C@H]1CC[C@H](CCN2CCC(c3cccc4c3OCO4)CC2)CC1)C1(O)CC1,train,train,test,0,0,0.91525424,0.91525424,0.8064516
O=C(N[C@H]1CC[C@H](CCN2CCN(c3nccc4c3CCO4)CC2)CC1)C1CCCO1,train,train,test,0,0,0.8095238,0.8095238,0.8095238
COCCC(=O)N[C@H]1CC[C@H](CCN2CCN(c3nc(C)cc4occc34)CC2)CC1,test,test,train,0,0,0.8030303,0.8030303,0.8030303
O=C(N[C@H]1CC[C@H](CCN2CCN(c3nccc4c3CCO4)CC2)CC1)C1(O)CCC1,train,train,train,0,0,0.7878788,0.7878788,0.9322034
COCC(=O)N[C@H]1CC[C@H](CCN2CCC(c3cccc4occc34)CC2)CC1,train,train,test,0,0,0.83870965,0.83870965,0.81666666
CC(C)C(=O)N[C@H]1CC[C@H](CCN2CCC(c3cccc4c3CCO4)CC2)CC1,train,train,train,0,0,0.86440676,0.86440676,0.86440676
O=C(N[C@H]1CC[C@H](CCN2CCN(c3cccc4c3OCO4)CC2)CC1)C1CCOCC1,train,train,train,0,0,0.87931037,0.87931037,0.87931037
CN(C)C(=O)CCC(=O)N[C@H]1CC[C@H](CCN2CCN(c3nccc4c3CCO4)CC2)CC1,train,train,train,0,0,0.828125,0.828125,0.828125
COCCC(=O)N[C@H]1CC[C@H](CCN2CCN(c3nccc4c3CCO4)CC2)CC1,train,train,train,0,0,0.84375,0.84375,0.84375
O=C(N[C@H]1CC[C@H](CCN2CCN(c3cccc4c3OCO4)CC2)CC1)c1cccnc1,test,test,train,0,0,0.8095238,0.8095238,0.8095238
O=C(CC(F)(F)F)N[C@H]1CC[C@H](CCN2CCN(c3nccc4c3CCO4)CC2)CC1,train,train,test,0,0,0.8548387,0.8548387,0.8548387
COC(C)(C)C(=O)N[C@H]1CC[C@H](CCN2CCN(c3cccc4c3OCO4)CC2)CC1,train,train,train,0,0,0.8333333,0.8333333,0.8333333
O=C(Cc1noc2ccccc12)N[C@H]1CC[C@H](CCN2CCC(c3coc4ccccc34)CC2)CC1,train,train,train,0,0,0.78688526,0.78688526,0.78688526
COCC(=O)N[C@H]1CC[C@H](CCN2CCN(c3nccc4sccc34)CC2)CC1,train,train,train,0,0,0.84126985,0.84126985,0.8196721
CN1CCN(CC(=O)N[C@H]2CC[C@H](CCN3CCN(c4cccc5c4OCO5)CC3)CC2)CC1,train,train,train,0,0,0.81666666,0.81666666,0.81666666
O=C(CO)N[C@H]1CC[C@H](CCN2CCN(c3nccc4c3CCO4)CC2)CC1,train,train,train,0,0,0.86206895,0.86206895,0.84745765
O=C(CF)N[C@H]1CC[C@H](CCN2CCC(c3cccc4c3OCO4)CC2)CC1,train,train,train,0,0,0.84210527,0.84210527,0.84210527
O=C(Cc1ccc2c(c1)OCO2)N[C@H]1CC[C@H](CCN2CCN(c3nccc4c3CCO4)CC2)CC1,train,train,train,0,0,0.8208955,0.8208955,0.8208955
CCC(C)C(=O)N[C@H]1CC[C@H](CCN2CCC(c3cccc4c3CCO4)CC2)CC1,train,train,train,0,0,0.86440676,0.86440676,0.86440676
CC(C)(C)C(=O)N[C@H]1CC[C@H](CCN2CCN(c3nccc4c3CCO4)CC2)CC1,train,train,train,0,0,0.8448276,0.8448276,0.8947368
COC(C)CC(=O)N[C@H]1CC[C@H](CCN2CCC(c3cccc4c3OCO4)CC2)CC1,train,train,train,0,0,0.7846154,0.7846154,0.84126985
COC(C)CC(=O)N[C@H]1CC[C@H](CCN2CCN(c3nccc4c3CCO4)CC2)CC1,train,train,train,0,0,0.8636364,0.8636364,0.8636364
O=S(=O)(N[C@H]1CC[C@H](CCN2CCN(c3cccc4c3OCO4)CC2)CC1)N1CCOCC1,train,train,train,0,0,0.7741935,0.7741935,0.7741935
COCC(=O)N[C@H]1CC[C@H](CCN2CCN(c3cccc4c3OCO4)CC2)CC1,train,train,train,0,0,0.83870965,0.83870965,0.83870965
O=C(N[C@H]1CC[C@H](CCN2CCN(c3nccc4c3CCO4)CC2)CC1)C1CC1,train,train,train,0,0,0.9298246,0.9298246,0.9298246
O=C(CC1COC1)N[C@H]1CC[C@H](CCN2CCC(c3cccc4c3CCO4)CC2)CC1,train,train,test,0,0,0.9122807,0.9122807,0.9122807
CC(C)c1ccc(C(=O)N[C@H]2CC[C@H](CCN3CCC(c4coc5ccccc45)CC3)CC2)cc1,train,train,train,0,0,0.82539684,0.82539684,0.82539684
CCCCC(=O)N[C@H]1CC[C@H](CCN2CCN(c3nccc4c3CCO4)CC2)CC1,train,train,train,0,0,0.90163934,0.90163934,0.90163934
O=C(N[C@H]1CC[C@H](CCN2CCN(c3cccc4c3OCO4)CC2)CC1)C1CCCO1,train,train,train,0,0,0.7903226,0.7903226,0.7903226
CC(C)(O)C(=O)N[C@H]1CC[C@H](CCN2CCC(c3cccc4c3CCO4)CC2)CC1,train,train,train,0,0,0.89285713,0.89285713,0.89285713
O=C(Cc1noc2ccccc12)N[C@H]1CC[C@H](CCN2CCC(c3cccc4c3CCO4)CC2)CC1,train,train,train,0,0,0.7352941,0.7352941,0.7352941
COCCC(=O)N[C@H]1CC[C@H](CCN2CCC(c3cccc4c3OCO4)CC2)CC1,train,train,train,0,0,0.84375,0.84375,0.84375
C[C@@H](O)C(=O)N[C@H]1CC[C@H](CCN2CCN(c3cccc4c3OCO4)CC2)CC1,train,train,train,0,0,0.89285713,0.89285713,0.89285713
COC(=O)N[C@H]1CC[C@H](CCN2CCC(c3cccc4c3OCO4)CC2)CC1,train,train,train,0,0,0.8245614,0.8245614,0.8245614
CS(=O)(=O)N[C@H]1CC[C@H](CCN2CCN(c3cccc4c3OCO4)CC2)CC1,test,test,train,0,0,0.8245614,0.8245614,0.8245614
O=C(CO)N[C@H]1CC[C@H](CCN2CCC(c3coc4ccccc34)CC2)CC1,train,train,train,0,0,0.85714287,0.85714287,0.85714287
O=C(N[C@H]1CC[C@H](CCN2CCC(c3cccc4c3CCO4)CC2)CC1)C1(O)CCC1,test,test,train,0,0,0.9322034,0.9322034,0.9322034
O=C(CC1CCCO1)N[C@H]1CC[C@H](CCN2CCN(c3cccc4c3OCO4)CC2)CC1,train,train,train,0,0,0.8064516,0.8064516,0.8064516
COCCC(=O)N[C@H]1CC[C@H](CCN2CCN(c3cccc4c3OCO4)CC2)CC1,train,train,train,0,0,0.83870965,0.83870965,0.83870965
CN(C)S(=O)(=O)N[C@H]1CC[C@H](CCN2CCN(c3cccc4c3OCO4)CC2)CC1,train,train,train,0,0,0.75409836,0.75409836,0.8245614
O=C(N[C@H]1CC[C@H](CCN2CCN(c3cccc4c3OCO4)CC2)CC1)c1ccnc2ccccc12,train,train,train,0,0,0.7777778,0.7777778,0.7777778
O=C(NC1CCC(CCN2CCC(c3cccc4c3CCO4)CC2)CC1)c1ccc2ncccc2c1,train,train,train,0,0,0.75342464,0.75342464,0.75
O=C(N[C@H]1CC[C@H](CCN2CCC(c3cccc4c3CCO4)CC2)CC1)c1ccc(Cl)cc1,train,train,train,0,0,0.85,0.85,0.85
CC(=O)N[C@H]1CC[C@H](CCN2CCN(c3nc(C)cc4occc34)CC2)CC1,test,test,train,0,0,0.80701756,0.80701756,0.7936508
CC(C)(O)C(=O)N[C@H]1CC[C@H](CCN2CCN(c3cccc4c3OCO4)CC2)CC1,train,train,train,0,0,0.8333333,0.8333333,0.8333333
O=C(N[C@H]1CC[C@H](CCN2CCN(c3nccc4c3CCO4)CC2)CC1)c1ccc(-n2cccc2)cc1,train,train,train,0,0,0.8208955,0.8208955,0.8208955
O=C(N[C@H]1CC[C@H](CCN2CCN(c3nccc4c3CCO4)CC2)CC1)c1ccc(N2CCS(=O)(=O)CC2)cc1,train,train,test,0,0,0.86567163,0.86567163,0.86567163
O=C(N[C@H]1CC[C@H](CCN2CCC(c3coc4ccccc34)CC2)CC1)C1CCCO1,train,train,train,0,0,0.78688526,0.78688526,0.78333336
O=CN[C@H]1CC[C@H](CCN2CCN(c3nccc4c3CCO4)CC2)CC1,test,test,train,0,0,0.75,0.75,0.73333335
O=C(N[C@H]1CC[C@H](CCN2CCC(c3cccc4c3OCO4)CC2)CC1)C1CCS(=O)(=O)C1,test,test,train,0,0,0.7936508,0.7936508,0.7936508
COCCC(=O)N[C@H]1CC[C@H](CCN2CCN(c3nccc4sccc34)CC2)CC1,train,train,test,0,0,0.84126985,0.84126985,0.84126985
CC(=O)N[C@H]1CC[C@H](CCN2CCN(c3nc(C)cc4c3CCO4)CC2)CC1,train,train,test,0,0,0.8095238,0.8095238,0.8095238
O=C(CCC(F)(F)F)N[C@H]1CC[C@H](CCN2CCN(c3nccc4c3CCO4)CC2)CC1,train,train,train,0,0,0.8548387,0.8548387,0.82539684
CC(=O)N[C@H]1CC[C@H](CCN2CCC(c3cccc4occc34)CC2)CC1,train,train,train,0,0,0.78333336,0.78333336,0.8245614
CN(C)S(=O)(=O)N[C@H]1CC[C@H](CCN2CCC(c3cccc4c3OCO4)CC2)CC1,train,train,test,0,0,0.8245614,0.8245614,0.75409836
CC(C)=CC(=O)N[C@H]1CC[C@H](CCN2CCC(c3coc4ccccc34)CC2)CC1,train,train,test,0,0,0.8103448,0.8103448,0.8103448
CN(C)C(=O)CCC(=O)N[C@H]1CC[C@H](CCN2CCC(c3cccc4c3CCO4)CC2)CC1,test,test,train,0,0,0.82539684,0.82539684,0.82539684
O=C(CC1CCOCC1)N[C@H]1CC[C@H](CCN2CCC(c3cccc4c3OCO4)CC2)CC1,train,train,train,0,0,0.9122807,0.9122807,0.9122807
CC(C)CC(=O)N[C@H]1CC[C@H](CCN2CCC(c3cccc4c3CCO4)CC2)CC1,test,test,train,0,0,0.8548387,0.8548387,0.8548387
O=C(N[C@H]1CC[C@H](CCN2CCC(c3coc4ccccc34)CC2)CC1)C1CCC(C(F)(F)F)CC1,test,test,train,0,0,0.84126985,0.84126985,0.87931037
O=C(CC1CCOCC1)N[C@H]1CC[C@H](CCN2CCC(c3cccc4c3CCO4)CC2)CC1,train,train,train,0,0,0.9298246,0.9298246,0.9298246
CO[C@H]1CC[C@H](CC(=O)N[C@H]2CC[C@H](CCN3CCN(c4nccc5sccc45)CC3)CC2)CC1,train,train,test,0,0,0.8153846,0.8153846,0.8153846
O=C(N[C@H]1CC[C@H](CCN2CCC(c3cccc4c3CCO4)CC2)CC1)c1ccc(F)cc1,test,test,train,0,0,0.8548387,0.8548387,0.8548387
CS(=O)(=O)N[C@H]1CC[C@H](CCN2CCN(c3nccc4occc34)CC2)CC1,train,train,train,0,0,0.7288136,0.7288136,0.83928573
O=C(N[C@H]1CC[C@H](CCN2CCC(c3cccc4c3CCO4)CC2)CC1)C(O)C(F)(F)F,train,train,train,0,0,0.81666666,0.81666666,0.81666666
O=C(N[C@H]1CC[C@H](CCN2CCC(c3cccc4c3OCO4)CC2)CC1)C1CCOCC1,train,train,train,0,0,0.9,0.9,0.9
N#Cc1ccc(C(=O)N[C@H]2CC[C@H](CCN3CCN(c4nccc5c4CCO5)CC3)CC2)cc1,train,train,train,0,0,0.8030303,0.8030303,0.8030303
O=C(N[C@H]1CC[C@H](CCN2CCN(c3nccc4c3CCO4)CC2)CC1)c1ccc(-n2cccn2)cc1,test,test,test,0,0,0.82608694,0.82608694,0.82608694
N#CCC(=O)N[C@H]1CC[C@H](CCN2CCN(c3nccc4c3CCO4)CC2)CC1,train,train,train,0,0,0.8196721,0.8196721,0.8196721
COC1(C(=O)N[C@H]2CC[C@H](CCN3CCN(c4cccc5c4OCO5)CC3)CC2)CC1,train,train,train,0,0,0.9354839,0.9354839,0.9354839
O=C(N[C@H]1CC[C@H](CCN2CCN(c3nccc4c3CCO4)CC2)CC1)C1CCOC1,train,train,train,0,0,0.9047619,0.9047619,0.9047619
O=C(N[C@H]1CC[C@H](CCN2CCN(c3nccc4c3CCO4)CC2)CC1)c1ccc(Cl)cc1Cl,train,train,train,0,0,0.80597013,0.80597013,0.80597013
O=C(N[C@H]1CC[C@H](CCN2CCC(c3cccc4c3CCO4)CC2)CC1)c1ccc(-c2ccccc2)cc1,train,train,train,0,0,0.89830506,0.89830506,0.89830506
O=C(N[C@H]1CC[C@H](CCN2CCC(c3coc4ccccc34)CC2)CC1)c1ccc(-n2cccc2)cc1,train,train,train,0,0,0.8333333,0.8333333,0.8333333
O=C(N[C@H]1CC[C@H](CCN2CCC(c3cccc4c3OCO4)CC2)CC1)C1CC(Cl)C1,train,train,train,0,0,0.86206895,0.86206895,0.86206895
CC#CC(=O)N[C@H]1CC[C@H](CCN2CCC(c3cccc4c3CCO4)CC2)CC1,train,train,train,0,0,0.7741935,0.7741935,0.78688526
COCCC(=O)N[C@H]1CC[C@H](CCN2CCN(c3nccc4occc34)CC2)CC1,train,train,train,0,0,0.8064516,0.8064516,0.83870965
O=C(N[C@H]1CC[C@H](CCN2CCN(c3nccc4c3CCO4)CC2)CC1)c1ccc(N2CCOCC2)cc1,train,train,train,0,0,0.9047619,0.9047619,0.9047619
Cc1cc2occc2c(N2CCN(CC[C@H]3CC[C@H](NC(=O)CC4CCOCC4)CC3)CC2)n1,train,train,train,0,0,0.80597013,0.80597013,0.7936508
CC(=O)N[C@H]1CC[C@H](CCN2CCN(c3ncc(C)c4c3CCO4)CC2)CC1,train,train,train,0,0,0.7936508,0.7936508,0.7936508
CC(C)(C)CC(=O)N[C@H]1CC[C@H](CCN2CCN(c3nccc4c3CCO4)CC2)CC1,test,test,train,0,0,0.8852459,0.8852459,0.8360656
COCCC(=O)N[C@H]1CC[C@H](CCN2CCN(c3ncc(C)c4occc34)CC2)CC1,test,test,train,0,0,0.75,0.75,0.75
CO[C@@H]1CC[C@@H](CC(=O)N[C@H]2CC[C@H](CCN3CCN(c4cccc5c4OCO5)CC3)CC2)C1,train,train,train,0,0,0.9206349,0.9206349,0.9206349
O=C(CC1CCCO1)N[C@H]1CC[C@H](CCN2CCC(c3coc4ccccc34)CC2)CC1,test,test,train,0,0,0.81666666,0.81666666,0.81666666
CS(=O)(=O)N[C@H]1CC[C@H](CCN2CCN(c3nccc4c3CCO4)CC2)CC1,train,train,test,0,0,0.8448276,0.8448276,0.8305085
CC#CC(=O)N[C@H]1CC[C@H](CCN2CCC(c3coc4ccccc34)CC2)CC1,train,train,train,0,0,0.779661,0.779661,0.779661
CO[C@@H]1CC[C@@H](CC(=O)N[C@H]2CC[C@H](CCN3CCC(c4cccc5c4OCO5)CC3)CC2)C1,test,test,train,0,0,0.82258064,0.82258064,0.9206349
CN(C)C(=O)N[C@H]1CC[C@H](CCN2CCN(c3cccc4c3OCO4)CC2)CC1,train,train,test,0,0,0.8103448,0.8103448,0.8103448
O=C(CCC(F)(F)F)N[C@H]1CC[C@H](CCN2CCC(c3cccc4c3CCO4)CC2)CC1,train,train,train,0,0,0.852459,0.852459,0.852459
CCOCC(=O)N[C@H]1CC[C@H](CCN2CCN(c3nccc4occc34)CC2)CC1,test,test,train,0,0,0.8196721,0.8196721,0.83870965
O=C(N[C@H]1CC[C@H](CCN2CCN(c3nccc4c3CCO4)CC2)CC1)c1ccccc1,train,train,train,0,0,0.90163934,0.90163934,0.90163934
CC(C)(C)C(=O)N[C@H]1CC[C@H](CCN2CCC(c3cccc4c3CCO4)CC2)CC1,train,train,train,0,0,0.89285713,0.89285713,0.89285713
COCC(=O)N[C@H]1CC[C@H](CCN2CCC(c3coc4ccccc34)CC2)CC1,train,train,train,0,0,0.8360656,0.8360656,0.8360656
COCC(=O)N[C@H]1CC[C@H](CCN2CCN(c3nccc4c3CCO4)CC2)CC1,train,train,train,0,0,0.84375,0.84375,0.84375
O=C(CC1CC1)N[C@H]1CC[C@H](CCN2CCC(c3cccc4c3OCO4)CC2)CC1,train,train,train,0,0,0.9122807,0.9122807,0.9122807
CCC(=O)N[C@H]1CC[C@H](CCN2CCC(c3cccc4c3CCO4)CC2)CC1,test,test,train,0,0,0.86440676,0.86440676,0.86440676
CC1(C(=O)N[C@H]2CC[C@H](CCN3CCN(c4cccc5c4OCO5)CC3)CC2)COC1,train,train,train,0,0,0.7777778,0.7777778,0.75757575
CC(C)(O)CC(=O)N[C@H]1CC[C@H](CCN2CCN(c3cccc4c3OCO4)CC2)CC1,train,train,train,0,0,0.8196721,0.8196721,0.8196721
CC(C)CC(=O)N[C@H]1CC[C@H](CCN2CCC(c3coc4ccccc34)CC2)CC1,test,test,train,0,0,0.85,0.85,0.85
CCCC(=O)N[C@H]1CC[C@H](CCN2CCN(c3cccc4c3OCO4)CC2)CC1,train,train,train,0,0,0.86206895,0.86206895,0.86206895
O=C(Cc1noc2ccccc12)N[C@H]1CC[C@H](CCN2CCN(c3nccc4c3CCO4)CC2)CC1,test,test,test,0,0,0.73913044,0.73913044,0.7236842
O=C(CC1(O)CCCCC1)N[C@H]1CC[C@H](CCN2CCN(c3cccc4c3OCO4)CC2)CC1,train,train,train,0,0,0.8,0.8,0.9508197
CCC(=O)N[C@H]1CC[C@H](CCN2CCC(c3cccc4occc34)CC2)CC1,test,test,train,0,0,0.8245614,0.8245614,0.8245614
Cc1cc(CC(=O)N[C@H]2CC[C@H](CCN3CCN(c4cccc5c4OCO5)CC3)CC2)on1,train,train,test,0,0,0.7714286,0.7714286,0.74242425
N#Cc1ccc(C(=O)N[C@H]2CC[C@H](CCN3CCC(c4cccc5c4CCO5)CC3)CC2)cc1,train,train,train,0,0,0.8095238,0.8095238,0.8095238
COC1(C(=O)N[C@H]2CC[C@H](CCN3CCC(c4cccc5c4OCO5)CC3)CC2)CCCCC1,test,test,train,0,0,0.83076924,0.83076924,0.76811594
O=C(CC1(O)CCCCC1)N[C@H]1CC[C@H](CCN2CCC(c3cccc4c3OCO4)CC2)CC1,test,test,train,0,0,0.9508197,0.9508197,0.86153847
C/C=C/CC(=O)N[C@H]1CC[C@H](CCN2CCC(c3coc4ccccc34)CC2)CC1,train,train,test,0,0,0.8032787,0.8032787,0.8032787
CCS(=O)(=O)N[C@H]1CC[C@H](CCN2CCN(c3nccc4occc34)CC2)CC1,test,test,train,0,0,0.83928573,0.83928573,0.83928573
COCCC(=O)N[C@H]1CC[C@H](CCN2CCC(c3ccc(F)c4occc34)CC2)CC1,train,train,train,0,0,0.765625,0.765625,0.765625
O=C(CO)N[C@H]1CC[C@H](CCN2CCC(c3cccc4c3CCO4)CC2)CC1,train,train,test,0,0,0.86206895,0.86206895,0.86206895
COCCC(=O)N[C@H]1CC[C@H](CCN2CCC(c3cccc4c3CCO4)CC2)CC1,train,train,train,0,0,0.82539684,0.82539684,0.84126985
O=C(N[C@H]1CC[C@H](CCN2CCN(c3nccc4c3CCO4)CC2)CC1)c1ccc(N2CCCCC2)cc1,train,train,train,0,0,0.9047619,0.9047619,0.9047619
O=S(=O)(N[C@H]1CC[C@H](CCN2CCC(c3cccc4c3OCO4)CC2)CC1)c1ccccc1,test,test,train,0,0,0.85,0.85,0.85
O=C(Nc1ccc(Cl)cc1)N[C@H]1CC[C@H](CCN2CCN(c3cccc4c3OCO4)CC2)CC1,test,test,train,0,0,0.75757575,0.75757575,0.75757575
CC(=O)N[C@H]1CC[C@H](CCN2CCN(c3cccc4c3OCO4)CC2)CC1,test,test,test,0,0,0.83928573,0.83928573,0.83928573
CCC(=O)N[C@H]1CC[C@H](CCN2CCN(c3cccc4c3OCO4)CC2)CC1,train,train,train,0,0,0.86206895,0.86206895,0.86206895
O=C(N[C@H]1CC[C@H](CCN2CCC(c3cccc4c3CCO4)CC2)CC1)c1ccc(-n2cccn2)cc1,train,train,test,0,0,0.79710144,0.79710144,0.79710144
O=C(N[C@H]1CC[C@H](CCN2CCC(c3coc4ccccc34)CC2)CC1)c1ccc(-c2ccccc2)cc1,train,train,train,0,0,0.8947368,0.8947368,0.8947368
Cc1ccc(S(=O)(=O)N[C@H]2CC[C@H](CCN3CCC(c4coc5ccccc45)CC3)CC2)cc1,train,train,train,0,0,0.852459,0.852459,0.76666665
O=C(CC1CCOCC1)N[C@H]1CC[C@H](CCN2CCC(c3cccc4occc34)CC2)CC1,test,test,train,0,0,0.7936508,0.7936508,0.7936508
CS(=O)(=O)CC(=O)N[C@H]1CC[C@H](CCN2CCC(c3coc4ccccc34)CC2)CC1,train,train,train,0,0,0.8,0.8,0.8
CCCC(=O)N[C@H]1CC[C@H](CCN2CCC(c3cccc4c3OCO4)CC2)CC1,test,test,train,0,0,0.86206895,0.86206895,0.82539684
O=C(N[C@H]1CC[C@H](CCN2CCC(c3cccc4c3OCO4)CC2)CC1)C1(C(F)(F)F)CC1,train,train,train,0,0,0.8064516,0.8064516,0.7741935
O=C(CCC(F)(F)F)N[C@H]1CC[C@H](CCN2CCC(c3coc4ccccc34)CC2)CC1,train,train,train,0,0,0.8305085,0.8305085,0.84745765
O=C(N[C@H]1CC[C@H](CCN2CCN(c3cccc4c3OCO4)CC2)CC1)c1ccc(F)cc1,test,test,train,0,0,0.85,0.85,0.85
CS(=O)(=O)CC(=O)N[C@H]1CC[C@H](CCN2CCC(c3cccc4c3CCO4)CC2)CC1,train,train,train,0,0,0.8032787,0.8032787,0.8196721
O=C(CC1(O)CCC1)N[C@H]1CC[C@H](CCN2CCN(c3cccc4c3OCO4)CC2)CC1,test,test,train,0,0,0.9508197,0.9508197,0.9508197
O=C(CC1CC1)N[C@H]1CC[C@H](CCN2CCN(c3nccc4c3CCO4)CC2)CC1,train,train,test,0,0,0.96428573,0.96428573,0.96428573
O=C(N[C@H]1CC[C@H](CCN2CCC(c3coc4ccccc34)CC2)CC1)c1ccccc1,train,train,train,0,0,0.8947368,0.8947368,0.8947368
Cc1ccc(C(=O)N[C@H]2CC[C@H](CCN3CCC(c4cccc5c4OCO5)CC3)CC2)cn1,train,train,train,0,0,0.7714286,0.7714286,0.7714286
O=C(C[C@@H](O)C(F)(F)F)N[C@H]1CC[C@H](CCN2CCC(c3cccc4c3CCO4)CC2)CC1,train,train,train,0,0,0.8181818,0.8181818,0.8181818
CC(C)CC(=O)N[C@H]1CC[C@H](CCN2CCN(c3cccc4c3OCO4)CC2)CC1,train,train,train,0,0,0.84126985,0.84126985,0.84126985
CC(C)C(=O)N[C@H]1CC[C@H](CCN2CCC(c3coc4ccccc34)CC2)CC1,train,train,train,0,0,0.8596491,0.8596491,0.8214286
O=C(N[C@H]1CC[C@H](CCN2CCC(c3coc4ccccc34)CC2)CC1)c1ccc(-n2cccn2)cc1,train,train,test,0,0,0.80597013,0.80597013,0.80597013
O=C(CC1C[C@H](O)CO1)N[C@H]1CC[C@H](CCN2CCN(c3nccc4c3CCO4)CC2)CC1,train,train,train,0,0,0.7878788,0.7878788,0.7647059
N#CCC(=O)N[C@H]1CC[C@H](CCN2CCC(c3cccc4c3CCO4)CC2)CC1,test,test,train,0,0,0.81666666,0.81666666,0.81666666
CS(=O)(=O)N[C@H]1CC[C@H](CCN2CCC(c3cccc4c3OCO4)CC2)CC1,train,train,test,0,0,0.8245614,0.8245614,0.779661
CCS(=O)(=O)N[C@H]1CC[C@H](CCN2CCC(c3coc4ccccc34)CC2)CC1,train,train,train,0,0,0.79310346,0.79310346,0.8363636
Cc1cc(C(=O)N[C@H]2CC[C@H](CCN3CCC(c4cccc5c4CCO5)CC3)CC2)on1,train,train,train,0,0,0.7887324,0.7887324,0.7887324
O=S(=O)(N[C@H]1CC[C@H](CCN2CCN(c3cccc4c3OCO4)CC2)CC1)c1ccc(F)cc1,train,train,test,0,0,0.85,0.85,0.85
O=C(N[C@H]1CC[C@H](CCN2CCN(c3cccc4c3OCO4)CC2)CC1)C1COc2ccccc2C1,train,train,test,0,0,0.7936508,0.7936508,0.7936508
O=C(N[C@H]1CC[C@H](CCN2CCC(c3cccc4c3CCO4)CC2)CC1)C1CCCOC1,train,train,test,0,0,0.9032258,0.9032258,0.9032258
O=C(N[C@H]1CC[C@H](CCN2CCC(c3coc4ccccc34)CC2)CC1)c1cnc(N2CCOCC2)cn1,train,train,train,0,0,0.8082192,0.8082192,0.8082192
O=C(N[C@H]1CC[C@H](CCN2CCC(c3coc4ccccc34)CC2)CC1)c1ccnc2ccccc12,test,test,train,0,0,0.72307694,0.72307694,0.72307694
CCC(O)C(=O)N[C@H]1CC[C@H](CCN2CCN(c3cccc4c3OCO4)CC2)CC1,train,train,test,0,0,0.8333333,0.8333333,0.8333333
CC(C)C(=O)N[C@H]1CC[C@H](CCN2CCN(c3nccc4c3CCO4)CC2)CC1,test,test,train,0,0,0.8666667,0.8666667,0.8666667
CC(=O)N[C@H]1CC[C@H](CCN2CCN(c3nccc4sccc34)CC2)CC1,train,train,train,0,0,0.82758623,0.82758623,0.82758623
CC(C)C(=O)N[C@H]1CC[C@H](CCN2CCN(c3cccc4c3OCO4)CC2)CC1,train,train,train,0,0,0.89285713,0.89285713,0.89285713
COCCC(=O)N[C@H]1CC[C@H](CCN2CCC(c3cccc4occc34)CC2)CC1,train,train,test,0,0,0.83870965,0.83870965,0.796875
CS(=O)(=O)CC(=O)N[C@H]1CC[C@H](CCN2CCN(c3cccc4c3OCO4)CC2)CC1,train,train,train,0,0,0.8032787,0.8032787,0.8032787
CC(C)CCC(=O)N[C@H]1CC[C@H](CCN2CCC(c3cccc4c3CCO4)CC2)CC1,train,train,train,0,0,0.83870965,0.83870965,0.8548387
CC#CC(=O)N[C@H]1CC[C@H](CCN2CCN(c3nccc4c3CCO4)CC2)CC1,train,train,train,0,0,0.7903226,0.7903226,0.7903226
CCC(=O)N[C@H]1CC[C@H](CCN2CCC(c3cccc4c3OCO4)CC2)CC1,train,train,test,0,0,0.84210527,0.84210527,0.86206895
CN1CCC(C(=O)N[C@H]2CC[C@H](CCN3CCC(c4cccc5c4OCO5)CC3)CC2)CC1,train,train,train,0,0,0.87931037,0.87931037,0.87931037
N#Cc1ccc(C(=O)N[C@H]2CC[C@H](CCN3CCN(c4cccc5c4OCO5)CC3)CC2)cc1,train,train,train,0,0,0.8095238,0.8095238,0.8095238
O=C(N[C@H]1CC[C@H](CCN2CCN(c3nccc4c3CCO4)CC2)CC1)C(F)(F)F,train,train,train,0,0,0.8305085,0.8305085,0.8305085
CCCC(=O)N[C@H]1CC[C@H](CCN2CCC(c3coc4ccccc34)CC2)CC1,train,train,train,0,0,0.9122807,0.9122807,0.875
O=C(N[C@H]1CC[C@H](CCN2CCN(c3nccc4c3CCO4)CC2)CC1)c1ccc(Cl)cc1,train,train,train,0,0,0.84126985,0.84126985,0.84126985
O=C(CC1(O)CCOCC1)N[C@H]1CC[C@H](CCN2CCC(c3cccc4c3OCO4)CC2)CC1,train,train,train,0,0,0.875,0.875,0.86153847
C/C=C/CC(=O)N[C@H]1CC[C@H](CCN2CCC(c3cccc4c3CCO4)CC2)CC1,train,train,train,0,0,0.796875,0.796875,0.8
CC(C)=CC(=O)N[C@H]1CC[C@H](CCN2CCC(c3cccc4c3CCO4)CC2)CC1,train,train,train,0,0,0.7741935,0.7741935,0.81666666
O=C(N[C@H]1CC[C@H](CCN2CCC(c3cccc4c3CCO4)CC2)CC1)C1CCOC1,train,train,train,0,0,0.9032258,0.9032258,0.9
N#Cc1ccc(C(=O)N[C@H]2CC[C@H](CCN3CCC(c4cccc5c4OCO5)CC3)CC2)cc1,train,train,train,0,0,0.8095238,0.8095238,0.8095238
O=C(CCO)N[C@H]1CC[C@H](CCN2CCC(c3cccc4c3CCO4)CC2)CC1,train,train,train,0,0,0.86206895,0.86206895,0.85
O=C(CO)N[C@H]1CC[C@H](CCN2CCC(c3cccc4c3OCO4)CC2)CC1,test,test,train,0,0,0.85714287,0.85714287,0.85714287
O=C(CCC(F)(F)F)N[C@H]1CC[C@H](CCN2CCC(c3cccc4c3OCO4)CC2)CC1,train,train,train,0,0,0.85,0.85,0.8196721
CS(=O)(=O)N[C@H]1CC[C@H](CCN2CCC(c3cccc4c3CCO4)CC2)CC1,test,test,train,0,0,0.84210527,0.84210527,0.84210527
O=C(N[C@H]1CC[C@H](CCN2CCN(c3cccc4c3OCO4)CC2)CC1)c1ccccc1,train,train,train,0,0,0.8095238,0.8095238,0.85
CS(=O)(=O)CC(=O)N[C@H]1CC[C@H](CCN2CCN(c3nccc4c3CCO4)CC2)CC1,test,test,train,0,0,0.82258064,0.82258064,0.82258064
CC(C)(C)c1ccc(C(=O)N[C@H]2CC[C@H](CCN3CCC(c4coc5ccccc45)CC3)CC2)cc1,test,test,test,0,0,0.86206895,0.86206895,0.86206895
O=C(N[C@H]1CC[C@H](CCN2CCN(c3nccc4c3CCO4)CC2)CC1)C1CCC1,train,train,train,0,0,0.9298246,0.9298246,0.9298246
O=C(C[C@@H](O)C(F)(F)F)N[C@H]1CC[C@H](CCN2CCN(c3nccc4c3CCO4)CC2)CC1,train,train,train,0,0,0.8153846,0.8153846,0.8153846
COC1(C(=O)N[C@H]2CC[C@H](CCN3CCN(c4cccc5c4OCO5)CC3)CC2)CCCCC1,train,train,train,0,0,0.9354839,0.9354839,0.9354839
O=C(CC1COC1)N[C@H]1CC[C@H](CCN2CCC(c3cccc4c3OCO4)CC2)CC1,train,train,test,0,0,0.8947368,0.8947368,0.8947368
O=C(N[C@H]1CC[C@H](CCN2CCC(c3cccc4c3CCO4)CC2)CC1)c1ccc(Cl)cc1Cl,train,train,train,0,0,0.8030303,0.8030303,0.8030303
Cc1cc2occc2c(N2CCN(CC[C@H]3CC[C@H](NC(=O)C4CCOCC4)CC3)CC2)n1,train,train,test,0,0,0.80597013,0.80597013,0.8064516
O=C(N[C@H]1CC[C@H](CCN2CCC(c3coc4ccccc34)CC2)CC1)C(F)(F)F,train,train,test,0,0,0.8245614,0.8245614,0.8103448
CN1CCN(c2ccc(C(=O)N[C@H]3CC[C@H](CCN4CCC(c5coc6ccccc56)CC4)CC3)cc2)CC1,train,train,train,0,0,0.86153847,0.86153847,0.86153847
C/C=C/CC(=O)N[C@H]1CC[C@H](CCN2CCN(c3nccc4c3CCO4)CC2)CC1,train,train,test,0,0,0.8030303,0.8030303,0.8030303
O=C(Cc1ccc2c(c1)OCO2)N[C@H]1CC[C@H](CCN2CCC(c3cccc4c3OCO4)CC2)CC1,train,train,train,0,0,0.8,0.8,0.8
CN(C)S(=O)(=O)N[C@H]1CC[C@H](CCN2CCC(c3cccc4c3CCO4)CC2)CC1,test,test,train,0,0,0.8135593,0.8135593,0.82758623
CS(=O)(=O)c1ccc(C(=O)N[C@H]2CC[C@H](CCN3CCN(c4nccc5c4CCO5)CC3)CC2)s1,test,test,train,0,0,0.7012987,0.7012987,0.7222222
CN(C)S(=O)(=O)N[C@H]1CC[C@H](CCN2CCN(c3nccc4c3CCO4)CC2)CC1,train,train,train,0,0,0.8305085,0.8305085,0.75
Cc1cnc(N2CCN(CC[C@H]3CC[C@H](NC(=O)CC4CCOCC4)CC3)CC2)c2ccoc12,train,train,train,0,0,0.80597013,0.80597013,0.74285716
CC(C)C(=O)N[C@H]1CC[C@H](CCN2CCC(c3cccc4c3OCO4)CC2)CC1,train,train,test,0,0,0.89285713,0.89285713,0.89285713
O=C(CCO)N[C@H]1CC[C@H](CCN2CCN(c3nccc4occc34)CC2)CC1,train,train,train,0,0,0.8596491,0.8596491,0.8596491
CC(C)(C)C(=O)N[C@H]1CC[C@H](CCN2CCC(c3coc4ccccc34)CC2)CC1,train,train,test,0,0,0.8909091,0.8909091,0.8214286
O=C(CC1(O)CCC1)N[C@H]1CC[C@H](CCN2CCN(c3nccc4c3CCO4)CC2)CC1,train,train,train,0,0,0.8125,0.8125,0.8125
CCC(C)C(=O)N[C@H]1CC[C@H](CCN2CCC(c3cccc4c3OCO4)CC2)CC1,train,train,train,0,0,0.877193,0.877193,0.84745765
CCC(=O)N[C@H]1CC[C@H](CCN2CCN(c3nccc4sccc34)CC2)CC1,train,train,train,0,0,0.8448276,0.8448276,0.82758623
CC(C)CCC(=O)N[C@H]1CC[C@H](CCN2CCC(c3coc4ccccc34)CC2)CC1,train,train,train,0,0,0.84745765,0.84745765,0.85
CN1CCC(C(=O)N[C@H]2CC[C@H](CCN3CCN(c4cccc5c4OCO5)CC3)CC2)CC1,train,train,train,0,0,0.87931037,0.87931037,0.87931037
O=C(N[C@H]1CC[C@H](CCN2CCC(c3cccc4c3CCO4)CC2)CC1)c1ccccc1,train,train,train,0,0,0.89830506,0.89830506,0.89830506
CCC(C)C(=O)N[C@H]1CC[C@H](CCN2CCC(c3coc4ccccc34)CC2)CC1,train,train,test,0,0,0.8596491,0.8596491,0.8596491
O=C(N[C@H]1CC[C@H](CCN2CCN(c3cccc4c3OCO4)CC2)CC1)C1(O)CC1,train,train,test,0,0,0.9298246,0.9298246,0.9298246
COCC(=O)N[C@H]1CC[C@H](CCN2CCC(c3cccc4c3CCO4)CC2)CC1,test,test,train,0,0,0.84126985,0.84126985,0.84126985
O=C(N[C@H]1CC[C@H](CCN2CCC(c3cccc4c3CCO4)CC2)CC1)C1CCOCC1,train,train,train,0,0,0.9122807,0.9122807,0.9122807
O=C(N[C@H]1CC[C@H](CCN2CCN(c3nccc4sccc34)CC2)CC1)C1CCOCC1,train,train,train,0,0,0.74603176,0.74603176,0.8
O=C(CC1(O)CCC1)N[C@H]1CC[C@H](CCN2CCC(c3cccc4c3OCO4)CC2)CC1,train,train,test,0,0,0.875,0.875,0.9508197
CC(C)(C)CC(=O)N[C@H]1CC[C@H](CCN2CCC(c3cccc4c3CCO4)CC2)CC1,train,train,train,0,0,0.8360656,0.8360656,0.8360656
N#CCC(=O)N[C@H]1CC[C@H](CCN2CCC(c3coc4ccccc34)CC2)CC1,train,train,train,0,0,0.7966102,0.7966102,0.7966102
O=C(N[C@H]1CC[C@H](CCN2CCC(c3cccc4c3CCO4)CC2)CC1)C(F)(F)F,train,train,train,0,0,0.82758623,0.82758623,0.82758623
O=C(CC1CCC1)N[C@H]1CC[C@H](CCN2CCC(c3cccc4c3CCO4)CC2)CC1,train,train,train,0,0,0.9464286,0.9464286,0.9464286
COC(CC(=O)N[C@H]1CC[C@H](CCN2CCC(c3coc4ccccc34)CC2)CC1)OC,train,train,train,0,0,0.7936508,0.7936508,0.82258064
O=C(CF)N[C@H]1CC[C@H](CCN2CCN(c3cccc4c3OCO4)CC2)CC1,train,train,test,0,0,0.84210527,0.84210527,0.84210527
O=C(N[C@H]1CC[C@H](CCN2CCC(c3cccc4c3CCO4)CC2)CC1)C1(O)CC1,train,train,train,0,0,0.7580645,0.7580645,0.9322034
Cc1ccc(C(=O)N[C@H]2CC[C@H](CCN3CCN(c4nccc5c4CCO5)CC3)CC2)cn1,train,train,train,0,0,0.7936508,0.7936508,0.8153846
CC(C)(C)Oc1ccc(C(=O)N[C@H]2CC[C@H](CCN3CCC(c4cccc5c4CCO5)CC3)CC2)cc1,train,train,test,0,0,0.83076924,0.83076924,0.83076924
O=C(CO)N[C@H]1CC[C@H](CCN2CCN(c3nccc4sccc34)CC2)CC1,train,train,test,0,0,0.8448276,0.8448276,0.8448276
O=C(N[C@H]1CC[C@H](CCN2CCC(c3cccc4c3CCO4)CC2)CC1)c1ccc(C(F)(F)F)cc1,train,train,train,0,0,0.8548387,0.8548387,0.8548387
CN(C)C(=O)N[C@H]1CC[C@H](CCN2CCC(c3cccc4c3CCO4)CC2)CC1,train,train,train,0,0,0.8135593,0.8135593,0.82758623
O=C(N[C@H]1CC[C@H](CCN2CCC(c3coc4ccccc34)CC2)CC1)C1CC1(F)F,train,train,train,0,0,0.78688526,0.78688526,0.8135593
CN1CCN(c2ccc(C(=O)N[C@H]3CC[C@H](CCN4CCC(c5cccc6c5CCO6)CC4)CC3)cc2)CC1,train,train,train,0,0,0.8769231,0.8769231,0.8769231
COCCC(=O)N[C@H]1CC[C@H](CCN2CCC(c3coc4ccccc34)CC2)CC1,train,train,train,0,0,0.8360656,0.8360656,0.8360656
O=C(CC1COC1)N[C@H]1CC[C@H](CCN2CCN(c3nccc4c3CCO4)CC2)CC1,train,train,test,0,0,0.89830506,0.89830506,0.87096775
O=C(N[C@H]1CC[C@H](CCN2CCC(c3cccc4c3OCO4)CC2)CC1)c1ccc(N2CCOCC2)cc1,train,train,train,0,0,0.796875,0.796875,0.796875
CCC(C)C(=O)N[C@H]1CC[C@H](CCN2CCN(c3nccc4c3CCO4)CC2)CC1,train,train,train,0,0,0.8064516,0.8064516,0.8666667
O=CN[C@H]1CC[C@H](CCN2CCC(c3coc4ccccc34)CC2)CC1,train,train,train,0,0,0.7368421,0.7368421,0.7368421
O=C(N[C@H]1CC[C@H](CCN2CCN(c3nccc4occc34)CC2)CC1)C1CC1,train,train,train,0,0,0.8103448,0.8103448,0.8103448
O=C(CC1COCCO1)N[C@H]1CC[C@H](CCN2CCC(c3coc4ccccc34)CC2)CC1,test,test,train,0,0,0.796875,0.796875,0.8153846
O=S(=O)(N[C@H]1CC[C@H](CCN2CCC(c3cccc4c3CCO4)CC2)CC1)c1ccccc1,test,test,train,0,0,0.852459,0.852459,0.852459
CC(=O)N[C@H]1CC[C@H](CCN2CCN(c3nccc4c3CCO4)CC2)CC1,train,train,train,0,0,0.8448276,0.8448276,0.8448276
CO[C@H]1CC[C@H](CC(=O)N[C@H]2CC[C@H](CCN3CCN(c4nccc5c4CCO5)CC3)CC2)C1,train,train,train,0,0,0.9230769,0.9230769,0.9230769
O=C(N[C@H]1CC[C@H](CCN2CCN(c3nccc4c3CCO4)CC2)CC1)c1ccc(N2CCOCC2)nc1,train,train,train,0,0,0.8358209,0.8358209,0.8358209
O=C(N[C@H]1CC[C@H](CCN2CCC(c3cccc4c3OCO4)CC2)CC1)C1(O)CCCCC1,train,train,test,0,0,0.91525424,0.91525424,0.83076924
CS(=O)(=O)c1ccc(C(=O)N[C@H]2CC[C@H](CCN3CCC(c4coc5ccccc45)CC3)CC2)s1,train,train,train,0,0,0.74285716,0.74285716,0.74285716
COCC(=O)N[C@H]1CC[C@H](CCN2CCN(c3nccc4occc34)CC2)CC1,test,test,train,0,0,0.83870965,0.83870965,0.83870965
O=C(N[C@H]1CC[C@H](CCN2CCN(c3nccc4c3CCO4)CC2)CC1)C1CCCOC1,train,train,train,0,0,0.9047619,0.9047619,0.9047619
CS(=O)(=O)c1ccc(C(=O)N[C@H]2CC[C@H](CCN3CCC(c4cccc5c4CCO5)CC3)CC2)s1,train,train,train,0,0,0.7183099,0.7183099,0.75
O=C(N[C@H]1CC[C@H](CCN2CCC(c3cccc4c3OCO4)CC2)CC1)C(F)(F)F,train,train,train,0,0,0.82758623,0.82758623,0.82758623
CS(=O)(=O)N[C@H]1CC[C@H](CCN2CCN(c3nccc4sccc34)CC2)CC1,test,test,train,0,0,0.73333335,0.73333335,0.73333335
O=C(CC1CCOCC1)N[C@H]1CC[C@H](CCN2CCC(c3ccc(F)c4occc34)CC2)CC1,train,train,train,0,0,0.8,0.8,0.8
CC(C)=CC(=O)N[C@H]1CC[C@H](CCN2CCN(c3nccc4c3CCO4)CC2)CC1,train,train,test,0,0,0.8196721,0.8196721,0.8196721
Cc1nc(-c2ccc(C(=O)N[C@H]3CC[C@H](CCN4CCC(c5coc6ccccc56)CC4)CC3)cc2)no1,train,train,train,0,0,0.76811594,0.76811594,0.76811594
O=C(N[C@H]1CC[C@H](CCN2CCC(c3cccc4c3CCO4)CC2)CC1)c1ccc(-c2cccnc2)cc1,train,train,train,0,0,0.8358209,0.8358209,0.8358209
CC(C)Cc1ccc(C(=O)N[C@H]2CC[C@H](CCN3CCC(c4coc5ccccc45)CC3)CC2)cc1,train,train,train,0,0,0.83076924,0.83076924,0.83076924
O=C(N[C@H]1CC[C@H](CCN2CCN(c3nccc4c3CCO4)CC2)CC1)c1ccc(F)cc1,train,train,train,0,0,0.85714287,0.85714287,0.85714287
O=C(N[C@H]1CC[C@H](CCN2CCC(c3coc4ccccc34)CC2)CC1)c1ccc(C2CC2)cc1,train,train,train,0,0,0.9166667,0.9166667,0.9166667
CC(C)(C)c1ccc(C(=O)N[C@H]2CC[C@H](CCN3CCN(c4nccc5c4CCO5)CC3)CC2)cc1,test,test,train,0,0,0.85714287,0.85714287,0.85714287
Cn1cnc(S(=O)(=O)N[C@H]2CC[C@H](CCN3CCC(c4cccc5c4OCO5)CC3)CC2)c1,train,train,train,0,0,0.76811594,0.76811594,0.76811594
Cc1ccc(C(=O)N[C@H]2CC[C@H](CCN3CCC(c4coc5ccccc45)CC3)CC2)cn1,train,train,train,0,0,0.765625,0.765625,0.765625
O=C(N[C@H]1CC[C@H](CCN2CCC(c3coc4ccccc34)CC2)CC1)C12CC3CC(CC(C3)C1)C2,test,test,train,0,0,0.7619048,0.7619048,0.7419355
O=C(NC1CCC(CCN2CCC(c3coc4ccccc34)CC2)CC1)c1ccc2ncccc2c1,train,train,train,0,0,0.75757575,0.75757575,0.75757575
CC(=O)N[C@H]1CC[C@H](CCN2CCC(c3coc4ccccc34)CC2)CC1,train,train,train,0,0,0.8214286,0.8214286,0.8214286
O=C(N[C@H]1CC[C@H](CCN2CCC(c3cccc4c3CCO4)CC2)CC1)C1CC1,train,train,train,0,0,0.9285714,0.9285714,0.9122807
O=C(N[C@H]1CC[C@H](CCN2CCC(c3cccc4c3CCO4)CC2)CC1)C1CCCO1,train,train,train,0,0,0.8196721,0.8196721,0.81666666
CO[C@H]1CC[C@H](CC(=O)N[C@H]2CC[C@H](CCN3CCC(c4cccc5c4OCO5)CC3)CC2)CC1,test,test,train,0,0,0.8666667,0.8666667,0.9206349
O=C(N[C@H]1CC[C@H](CCN2CCN(c3nccc4c3CCO4)CC2)CC1)C1CC1(F)F,train,train,train,0,0,0.82258064,0.82258064,0.82258064
O=C(N[C@H]1CC[C@H](CCN2CCC(c3cccc4c3OCO4)CC2)CC1)c1ccc2c(c1)OCCO2,train,train,train,0,0,0.78125,0.78125,0.8181818
O=C(CCO)N[C@H]1CC[C@H](CCN2CCC(c3coc4ccccc34)CC2)CC1,train,train,train,0,0,0.8596491,0.8596491,0.8596491
CCC(=O)N[C@H]1CC[C@H](CCN2CCN(c3nccc4occc34)CC2)CC1,train,train,train,0,0,0.84210527,0.84210527,0.84210527
Cc1nc(-c2cccc(C(=O)N[C@H]3CC[C@H](CCN4CCN(c5nccc6c5CCO6)CC4)CC3)c2)no1,train,train,train,0,0,0.72727275,0.72727275,0.72602737
O=S(=O)(N[C@H]1CC[C@H](CCN2CCN(c3cccc4c3OCO4)CC2)CC1)c1ccccc1,train,train,train,0,0,0.85,0.85,0.779661
O=C(Cc1ccc2c(c1)OCO2)N[C@H]1CC[C@H](CCN2CCN(c3cccc4c3OCO4)CC2)CC1,train,train,train,0,0,0.8135593,0.8135593,0.8135593
COC(=O)N[C@H]1CC[C@H](CCN2CCN(c3cccc4c3OCO4)CC2)CC1,train,train,train,0,0,0.81666666,0.81666666,0.81666666
CO[C@H]1CC[C@H](CC(=O)N[C@H]2CC[C@H](CCN3CCC(c4coc5ccccc45)CC3)CC2)CC1,train,train,train,0,0,0.86440676,0.86440676,0.86440676
CC(=O)N[C@H]1CC[C@H](CCN2CCN(c3nccc4occc34)CC2)CC1,train,train,test,0,0,0.8245614,0.8245614,0.8245614
CS(=O)(=O)c1ccc(C(=O)N[C@H]2CC[C@H](CCN3CCC(c4coc5ccccc45)CC3)CC2)cc1,train,train,train,0,0,0.8064516,0.8064516,0.8064516
CC(=O)N[C@H]1CC[C@H](CCN2CCC(c3ccc(F)c4occc34)CC2)CC1,train,train,train,0,0,0.765625,0.765625,0.765625
O=C(N[C@H]1CC[C@H](CCN2CCC(c3cccc4c3CCO4)CC2)CC1)c1ccc(N2CCS(=O)(=O)CC2)cc1,test,test,test,0,0,0.85294116,0.85294116,0.85294116
CC(C)(C)CC(=O)N[C@H]1CC[C@H](CCN2CCC(c3coc4ccccc34)CC2)CC1,train,train,test,0,0,0.87931037,0.87931037,0.87931037
CC(C)(C)C1CCC(C(=O)N[C@H]2CC[C@H](CCN3CCC(c4coc5ccccc45)CC3)CC2)CC1,train,train,test,0,0,0.8196721,0.8196721,0.87931037
N#CCC(=O)N[C@H]1CC[C@H](CCN2CCN(c3cccc4c3OCO4)CC2)CC1,train,train,test,0,0,0.8135593,0.8135593,0.8135593
CCCCC(=O)N[C@H]1CC[C@H](CCN2CCC(c3cccc4c3CCO4)CC2)CC1,test,test,train,0,0,0.9,0.9,0.9
CCS(=O)(=O)N[C@H]1CC[C@H](CCN2CCN(c3nccc4c3CCO4)CC2)CC1,train,train,test,0,0,0.8448276,0.8448276,0.81666666
O=C(N[C@H]1CC[C@H](CCN2CCC(c3cccc4c3CCO4)CC2)CC1)C1CCC1,train,train,test,0,0,0.9285714,0.9285714,0.9285714
COCCC(=O)N[C@H]1CC[C@H](CCN2CCN(c3nc(C)cc4c3CCO4)CC2)CC1,test,test,test,0,0,0.7846154,0.7846154,0.76811594
CCS(=O)(=O)N[C@H]1CC[C@H](CCN2CCN(c3nccc4sccc34)CC2)CC1,test,test,test,0,0,0.7258065,0.7258065,0.84210527
COC(CCC(=O)N[C@H]1CC[C@H](CCN2CCN(c3nccc4c3CCO4)CC2)CC1)OC,train,train,train,0,0,0.8507463,0.8507463,0.8507463
O=C(CC1CCC1)N[C@H]1CC[C@H](CCN2CCC(c3coc4ccccc34)CC2)CC1,train,train,train,0,0,0.9444444,0.9444444,0.9444444
O=C(CC1COC1)N[C@H]1CC[C@H](CCN2CCC(c3coc4ccccc34)CC2)CC1,train,train,train,0,0,0.89285713,0.89285713,0.89285713
O=S(=O)(N[C@H]1CC[C@H](CCN2CCC(c3cccc4c3OCO4)CC2)CC1)c1ccc(F)cc1,train,train,train,0,0,0.75384617,0.75384617,0.85
O=C(CC1CCOCC1)N[C@H]1CC[C@H](CCN2CCN(c3cccc4c3OCO4)CC2)CC1,train,train,train,0,0,0.9122807,0.9122807,0.9122807
O=S(=O)(N[C@H]1CC[C@H](CCN2CCN(c3nccc4c3CCO4)CC2)CC1)c1ccc(F)cc1,train,train,train,0,0,0.75,0.75,0.84126985
CO[C@H]1CC[C@H](CC(=O)N[C@H]2CC[C@H](CCN3CCN(c4cccc5c4OCO5)CC3)CC2)CC1,train,train,train,0,0,0.9206349,0.9206349,0.9206349
C[C@@H](O)C(=O)N[C@H]1CC[C@H](CCN2CCC(c3cccc4c3OCO4)CC2)CC1,train,train,train,0,0,0.89285713,0.89285713,0.84745765
O=C(CC1CCC1)N[C@H]1CC[C@H](CCN2CCN(c3nccc4c3CCO4)CC2)CC1,train,train,train,0,0,0.96428573,0.96428573,0.9
O=S(=O)(N[C@H]1CC[C@H](CCN2CCC(c3cccc4c3CCO4)CC2)CC1)c1ccc(F)cc1,train,train,train,0,0,0.74242425,0.74242425,0.852459
O=C(N[C@H]1CC[C@H](CCN2CCN(c3nccc4c3CCO4)CC2)CC1)C1(O)CC1,test,test,train,0,0,0.9322034,0.9322034,0.9322034
O=C(N[C@H]1CC[C@H](CCN2CCN(c3cccc4c3OCO4)CC2)CC1)C1(O)CCC1,test,test,train,0,0,0.9649123,0.9649123,0.9649123
O=C(N[C@H]1CC[C@H](CCN2CCC(c3coc4ccccc34)CC2)CC1)C1(O)CC1,train,train,test,0,0,0.7627119,0.7627119,0.7627119
O=C(N[C@H]1CC[C@H](CCN2CCN(c3nccc4c3CCO4)CC2)CC1)c1ccc2ncccc2c1,train,train,test,0,0,0.8030303,0.8030303,0.8030303
CN(C)S(=O)(=O)N[C@H]1CC[C@H](CCN2CCN(c3nccc4occc34)CC2)CC1,test,test,train,0,0,0.8103448,0.8103448,0.8103448
O=C(N[C@H]1CC[C@H](CCN2CCN(c3nccc4c3CCO4)CC2)CC1)c1ccc(C(F)(F)F)cc1,train,train,train,0,0,0.85714287,0.85714287,0.85714287
O=C(N[C@H]1CC[C@H](CCN2CCC(c3coc4ccccc34)CC2)CC1)c1ccc(-c2cccnc2)cc1,train,train,train,0,0,0.84615386,0.84615386,0.84615386
CCCC(=O)N[C@H]1CC[C@H](CCN2CCC(c3cccc4c3CCO4)CC2)CC1,train,train,train,0,0,0.85,0.85,0.9
Cc1cc(CC(=O)N[C@H]2CC[C@H](CCN3CCN(c4nccc5c4CCO5)CC3)CC2)on1,train,train,train,0,0,0.8,0.8,0.8
CC(C)(O)C(=O)N[C@H]1CC[C@H](CCN2CCC(c3cccc4c3OCO4)CC2)CC1,train,train,train,0,0,0.82758623,0.82758623,0.82758623
O=C(CC(F)(F)F)N[C@H]1CC[C@H](CCN2CCN(c3cccc4c3OCO4)CC2)CC1,train,train,train,0,0,0.8448276,0.8448276,0.8196721
O=C(N[C@H]1CC[C@H](CCN2CCC(c3cccc4occc34)CC2)CC1)C1CCOCC1,train,train,train,0,0,0.7903226,0.7903226,0.7936508
O=C(CC(F)(F)F)N[C@H]1CC[C@H](CCN2CCC(c3cccc4c3CCO4)CC2)CC1,train,train,train,0,0,0.852459,0.852459,0.852459
O=C(N[C@H]1CC[C@H](CCN2CCC(c3coc4ccccc34)CC2)CC1)C1CCOCC1,train,train,train,0,0,0.89830506,0.89830506,0.89830506
O=C(N[C@H]1CC[C@H](CCN2CCN(c3cccc4c3OCO4)CC2)CC1)C1CCS(=O)(=O)C1,train,train,train,0,0,0.7936508,0.7936508,0.7936508
O=C(N[C@H]1CC[C@H](CCN2CCC(c3cccc4c3OCO4)CC2)CC1)c1ccnc2ccccc12,train,train,train,0,0,0.7777778,0.7777778,0.7777778
O=C(CC1CC1)N[C@H]1CC[C@H](CCN2CCC(c3coc4ccccc34)CC2)CC1,train,train,train,0,0,0.9444444,0.9444444,0.9444444
CS(=O)(=O)c1ccc(C(=O)N[C@H]2CC[C@H](CCN3CCC(c4cccc5c4CCO5)CC3)CC2)cc1,test,test,train,0,0,0.8153846,0.8153846,0.8153846
O=C(N[C@H]1CC[C@H](CCN2CCN(c3nccc4c3CCO4)CC2)CC1)c1ccc(-c2cccnc2)cc1,train,train,test,0,0,0.86567163,0.86567163,0.86567163
CC1(C(=O)N[C@H]2CC[C@H](CCN3CCC(c4cccc5c4OCO5)CC3)CC2)COC1,train,train,train,0,0,0.7692308,0.7692308,0.7692308
O=C(N[C@H]1CC[C@H](CCN2CCC(c3cccc4c3CCO4)CC2)CC1)c1ccc(N2CCOCC2)nc1,train,train,train,0,0,0.8,0.8,0.8
O=C(N[C@H]1CC[C@H](CCN2CCN(c3nccc4c3CCO4)CC2)CC1)c1cnc(N2CCOCC2)cn1,train,train,test,0,0,0.82857144,0.82857144,0.82857144
Cc1cnc(N2CCN(CC[C@H]3CC[C@H](NC(=O)C4CCOCC4)CC3)CC2)c2ccoc12,train,train,test,0,0,0.80597013,0.80597013,0.80597013
N#Cc1ccc(C(=O)N[C@H]2CC[C@H](CCN3CCC(c4coc5ccccc45)CC3)CC2)cc1,train,train,train,0,0,0.8196721,0.8196721,0.8196721
O=S(=O)(CC(F)(F)F)N[C@H]1CC[C@H](CCN2CCN(c3cccc4c3OCO4)CC2)CC1,test,test,train,0,0,0.7419355,0.7419355,0.76666665
O=C(N[C@H]1CC[C@H](CCN2CCC(c3cccc4c3CCO4)CC2)CC1)c1ccc(-n2cccc2)cc1,train,train,train,0,0,0.8181818,0.8181818,0.8181818
Cc1cc(CC(=O)N[C@H]2CC[C@H](CCN3CCC(c4cccc5c4CCO5)CC3)CC2)on1,train,train,train,0,0,0.7887324,0.7887324,0.7887324
CC(C)CC(=O)N[C@H]1CC[C@H](CCN2CCC(c3cccc4c3OCO4)CC2)CC1,test,test,train,0,0,0.84126985,0.84126985,0.84126985
COC(CC(=O)N[C@H]1CC[C@H](CCN2CCC(c3cccc4c3CCO4)CC2)CC1)OC,train,train,test,0,0,0.7910448,0.7910448,0.828125
CO[C@H]1CC[C@H](CC(=O)N[C@H]2CC[C@H](CCN3CCN(c4nccc5c4CCO5)CC3)CC2)CC1,train,train,train,0,0,0.9230769,0.9230769,0.9230769
O=C(C[C@@H](O)C(F)(F)F)N[C@H]1CC[C@H](CCN2CCC(c3coc4ccccc34)CC2)CC1,train,train,train,0,0,0.8196721,0.8196721,0.8196721
CCOCCC(=O)N[C@H]1CC[C@H](CCN2CCC(c3cccc4c3OCO4)CC2)CC1,train,train,train,0,0,0.84375,0.84375,0.84375
CCCC(=O)N[C@H]1CC[C@H](CCN2CCN(c3nccc4c3CCO4)CC2)CC1,train,train,train,0,0,0.90163934,0.90163934,0.90163934
O=C(N[C@H]1CC[C@H](CCN2CCC(c3coc4ccccc34)CC2)CC1)c1ccc(F)cc1,train,train,train,0,0,0.86206895,0.86206895,0.86206895
O=C(CC1CC1)N[C@H]1CC[C@H](CCN2CCC(c3cccc4c3CCO4)CC2)CC1,train,train,train,0,0,0.9464286,0.9464286,0.9464286
CO[C@@H]1CC[C@@H](CC(=O)N[C@H]2CC[C@H](CCN3CCN(c4nccc5occc45)CC3)CC2)C1,train,train,train,0,0,0.9206349,0.9206349,0.9206349
CC(=O)N[C@H]1CC[C@H](CCN2CCC(c3cccc4c3OCO4)CC2)CC1,train,train,train,0,0,0.83928573,0.83928573,0.8245614
O=C(N[C@H]1CC[C@H](CCN2CCC(c3cccc4c3OCO4)CC2)CC1)N1CCc2ccccc21,test,test,train,0,0,0.7878788,0.7878788,0.7878788
Cc1nc(-c2ccc(C(=O)N[C@H]3CC[C@H](CCN4CCC(c5cccc6c5CCO6)CC4)CC3)cc2)no1,train,train,train,0,0,0.7605634,0.7605634,0.7605634
O=S(=O)(N[C@H]1CC[C@H](CCN2CCC(c3cccc4c3OCO4)CC2)CC1)N1CCOCC1,test,test,test,0,0,0.75409836,0.75409836,0.7741935
O=C(N[C@H]1CC[C@H](CCN2CCC(c3coc4ccccc34)CC2)CC1)c1ccc(N2CCOCC2)cc1,train,train,train,0,0,0.875,0.875,0.86153847
Cc1cnc(N2CCN(CC[C@H]3CC[C@H](NC(=O)C4CCOCC4)CC3)CC2)c2c1OCC2,train,train,train,0,0,0.8030303,0.8030303,0.8030303
O=C(N[C@H]1CC[C@H](CCN2CCN(c3cccc4c3OCO4)CC2)CC1)c1ccc(N2CCOCC2)cc1,train,train,train,0,0,0.8095238,0.8095238,0.8095238
O=C(N[C@H]1CC[C@H](CCN2CCC(c3coc4ccccc34)CC2)CC1)C1CCC1,train,train,test,0,0,0.86206895,0.86206895,0.9259259
O=C(C[C@H]1CC[C@H](O)CC1)N[C@H]1CC[C@H](CCN2CCN(c3nccc4occc34)CC2)CC1,train,train,train,0,0,0.852459,0.852459,0.852459
CN1CCN(c2ccc(C(=O)N[C@H]3CC[C@H](CCN4CCN(c5nccc6c5CCO6)CC4)CC3)cc2)CC1,train,train,train,0,0,0.890625,0.890625,0.890625
O=C(N[C@H]1CC[C@H](CCN2CCN(c3nccc4c3CCO4)CC2)CC1)C1CCOCC1,train,train,train,0,0,0.9137931,0.9137931,0.9137931
O=C(C[C@H]1C[C@H](CO)C1)N[C@H]1CC[C@H](CCN2CCN(c3cccc4c3OCO4)CC2)CC1,train,train,test,0,0,0.86440676,0.86440676,0.86440676
CC(C)(O)CC(=O)N[C@H]1CC[C@H](CCN2CCC(c3cccc4c3OCO4)CC2)CC1,train,train,train,0,0,0.8196721,0.8196721,0.81666666
COC(CC(=O)N[C@H]1CC[C@H](CCN2CCN(c3nccc4c3CCO4)CC2)CC1)OC,train,train,train,0,0,0.8636364,0.8636364,0.8636364
Cn1cnc(S(=O)(=O)N[C@H]2CC[C@H](CCN3CCN(c4cccc5c4OCO5)CC3)CC2)c1,train,train,train,0,0,0.76811594,0.76811594,0.76811594
CC(=O)N[C@H]1CC[C@H](CCN2CCN(c3ncc(C)c4occc34)CC2)CC1,test,test,test,0,0,0.78125,0.78125,0.7692308
CC(=O)N[C@H]1CC[C@H](CCN2CCC(c3cccc4c3CCO4)CC2)CC1,test,test,train,0,0,0.84210527,0.84210527,0.84210527
O=CN[C@H]1CC[C@H](CCN2CCC(c3cccc4c3CCO4)CC2)CC1,train,train,train,0,0,0.7457627,0.7457627,0.7457627
CS(=O)(=O)N[C@H]1CC[C@H](CCN2CCC(c3coc4ccccc34)CC2)CC1,test,test,train,0,0,0.8363636,0.8363636,0.8363636
CC[C@@H](O)CC(=O)N[C@H]1CC[C@H](CCN2CCC(c3cccc4c3CCO4)CC2)CC1,train,train,train,0,0,0.8181818,0.8181818,0.828125
COCC(=O)N[C@H]1CC[C@H](CCN2CCC(c3cccc4c3OCO4)CC2)CC1,train,train,train,0,0,0.83870965,0.83870965,0.83870965
Cc1ccc(C(=O)N[C@H]2CC[C@H](CCN3CCC(c4cccc5c4CCO5)CC3)CC2)cn1,train,train,train,0,0,0.7777778,0.7777778,0.7777778
O=C(N[C@H]1CC[C@H](CCN2CCC(c3cccc4c3OCO4)CC2)CC1)c1ccccc1,train,train,train,0,0,0.85,0.85,0.85
CO[C@H]1CC[C@H](CC(=O)N[C@H]2CC[C@H](CCN3CCN(c4nccc5occc45)CC3)CC2)CC1,train,train,train,0,0,0.9206349,0.9206349,0.9206349
CN1CCN(CC(=O)N[C@H]2CC[C@H](CCN3CCC(c4cccc5c4OCO5)CC3)CC2)CC1,train,train,train,0,0,0.8032787,0.8032787,0.78688526
O=C(CC1COCCO1)N[C@H]1CC[C@H](CCN2CCC(c3cccc4occc34)CC2)CC1,test,test,train,0,0,0.7,0.7,0.80597013
O=C(N[C@H]1CC[C@H](CCN2CCC(c3coc4ccccc34)CC2)CC1)C(O)C(F)(F)F,train,train,train,0,0,0.8196721,0.8196721,0.8196721
CCS(=O)(=O)N[C@H]1CC[C@H](CCN2CCC(c3cccc4c3CCO4)CC2)CC1,train,train,train,0,0,0.734375,0.734375,0.84210527
O=C(N[C@H]1CC[C@H](CCN2CCN(c3nccc4c3CCO4)CC2)CC1)c1ccc2c(c1)OCO2,train,train,train,0,0,0.8208955,0.8208955,0.8208955
O=C(N[C@H]1CC[C@H](CCN2CCC(c3coc4ccccc34)CC2)CC1)c1ccc(Cl)cc1,train,train,train,0,0,0.86206895,0.86206895,0.86206895
CC(C)(C)Oc1ccc(C(=O)N[C@H]2CC[C@H](CCN3CCC(c4coc5ccccc45)CC3)CC2)cc1,train,train,test,0,0,0.7936508,0.7936508,0.7936508
O=C(N[C@H]1CC[C@H](CCN2CCC(c3ccc(F)c4occc34)CC2)CC1)C1CCOCC1,train,train,train,0,0,0.8,0.8,0.8
COc1ccc(CCN(CCCc2ccccc2)CCc2ccc3c(c2)OCO3)cc1OC,train,train,train,2,2,0.4,0.4,0.4032258
Clc1ccc(N2CCN(CCCCNc3noc(-c4ccccc4)n3)CC2)c(Cl)c1,train,train,train,1,1,0.47826087,0.47826087,0.47826087
C=CCN(CC=C)CCc1c[nH]c2ccccc12,train,train,test,4,4,0.68292683,0.68292683,0.68292683
C=CCN(CC=C)CCc1c[nH]c2ccc(F)cc12,train,train,train,2,2,0.7380952,0.7380952,0.7380952
C=CCN(CC=C)CCc1c[nH]c2ccc(C)cc12,test,test,train,2,2,0.7380952,0.7380952,0.7380952
C=CCN(CC=C)CCc1c[nH]c2ccc(Cl)cc12,train,train,test,4,4,0.7380952,0.7380952,0.7380952
C=CCN(CC=C)CCc1c[nH]c2ccc(Br)cc12,train,train,train,2,2,0.7380952,0.7380952,0.7380952
CN1CCc2ccccc2Cc2sccc2CC1,train,train,train,2,2,0.78125,0.78125,0.78125
CN1CCc2ccccc2Cc2ccsc2CC1,train,train,train,2,2,0.78125,0.78125,0.78125
CN1CCc2ccccc2Cc2sc3ccccc3c2CC1,train,train,train,2,2,0.5641026,0.5641026,0.5641026
CN1C[C@@H]2c3ccccc3Oc3ccc(Cl)cc3[C@H]2C1,test,test,test,4,4,0.43137255,0.43137255,0.37037036
O=C(NCCCCN1CCN(c2ccccc2F)CC1)c1ccc2ccccc2c1,train,train,train,1,1,0.81632656,0.81632656,0.81632656
O=C(NCCCCN1CCN(c2ccccc2O)CC1)c1ccc2ccccc2c1,train,train,train,1,1,0.81632656,0.81632656,0.81632656
Cc1ccccc1N1CCN(CCCCNC(=O)c2ccc3ccccc3c2)CC1,train,train,train,1,1,0.8627451,0.8627451,0.8627451
O=C(NCCCCN1CCN(c2cccc(Cl)c2)CC1)c1ccc2ccccc2c1,train,test,test,1,1,0.8235294,0.84,0.84
O=C(NCCCCN1CCN(c2ccc(Cl)cc2)CC1)c1ccc2ccccc2c1,test,train,train,1,1,0.84,0.754717,0.75
Cc1cccc(N2CCN(CCCCNC(=O)c3ccc4ccccc4c3)CC2)c1C,train,train,train,1,1,0.8627451,0.8627451,0.8627451
O=C(NCCCCN1CCN(c2cccc(C(F)(F)F)c2)CC1)c1ccc2ccccc2c1,train,train,train,1,1,0.76363635,0.75,0.7096774
O=C(NCCCCN1CCN(c2cccc(O)c2)CC1)c1ccc2ccccc2c1,train,train,test,1,1,0.8235294,0.754717,0.754717
O=C(NCCCCN1CCN(c2cccc3[nH]ccc23)CC1)c1ccc2ccccc2c1,train,train,train,1,1,0.7258065,0.7258065,0.7258065
O=C1Cc2c(cccc2N2CCN(CCCCNC(=O)c3ccc4ccccc4c3)CC2)N1,train,train,test,1,1,0.7017544,0.7017544,0.7017544
O=C(NCCCCN1CCN(c2cccc3[nH]c(=O)[nH]c23)CC1)c1ccc2ccccc2c1,train,train,train,1,1,0.7258065,0.7258065,0.7258065
CS(=O)(=O)Nc1cccc(N2CCN(CCCCNC(=O)c3ccc4ccccc4c3)CC2)c1,train,train,train,1,1,0.7241379,0.7118644,0.7076923
CCOC(=O)Nc1cccc(N2CCN(CCCCNC(=O)c3ccc4ccccc4c3)CC2)c1,test,train,train,1,1,0.7076923,0.7076923,0.7076923
COc1ccccc1N1CCN(CCCCNC(=O)Nc2cccc(Cl)c2)CC1,train,train,train,1,1,0.61904764,0.625,0.625
COc1ccccc1N1CCN(CCCCNC(=O)N(C)c2ccccc2)CC1,train,train,train,1,1,0.6896552,0.64912283,0.6896552
COc1ccccc1N1CCN(CCCCNC(=O)N2CCOCC2)CC1,train,train,train,1,1,0.7241379,0.7241379,0.7241379
COc1ccccc1N1CCN(CCCCNC(=O)C2CCCCC2)CC1,train,train,test,1,1,0.76363635,0.64912283,0.76363635
COc1ccccc1N1CCN(CCCCNC(=O)CC2CCCCC2)CC1,train,test,train,1,1,0.76363635,0.76363635,0.6964286
COc1ccccc1N1CCN(CCCCNC(=O)CC(C)C)CC1,train,train,train,1,1,0.6964286,0.66071427,0.6964286
COc1ccccc1N1CCN(CCCCCOc2ccc3ccccc3c2)CC1,train,test,train,1,1,0.6666667,0.6666667,0.66101694
Cc1ncoc1-c1nnc(SCCCN2CCOC(c3ccc(C(F)(F)F)cc3)C2)n1C,train,train,test,3,3,0.7083333,0.7083333,0.9672131
Cc1ncoc1-c1nnc(SCCCCN2CCOC(c3ccc(C(F)(F)F)cc3)C2)n1C,test,test,train,3,3,0.9672131,0.9672131,0.69863015
Cn1c(SCCCN2CCOC(c3ccc(C(F)(F)F)cc3)C2)nnc1C1CCCCC1,train,train,train,3,3,0.6666667,0.6666667,0.64788735
Cn1c(SCCCN2CCOC(c3ccc(C(F)(F)F)cc3)C2)nnc1-c1ccc(C(N)=O)nc1,train,train,train,3,3,0.73333335,0.73333335,0.8028169
Cn1c(SCCCN2CCOC(c3ccc(C(F)(F)F)cc3)C2)nnc1-c1ccc(C(N)=O)cc1,test,test,train,3,3,0.8028169,0.8028169,0.8028169
CC(=O)c1ccc(-c2nnc(SCCCN3CCOC(c4ccc(C(F)(F)F)cc4)C3)n2C)cc1,test,test,test,3,3,0.75342464,0.75342464,0.8787879
Cn1c(SCCCN2CCOC(c3ccc(C(F)(F)F)cc3F)C2)nnc1-c1ccc(C(N)=O)cc1,train,train,train,3,3,0.6419753,0.6419753,0.7916667
Cn1c(SCCCN2CCOC(c3ccc(C(F)(F)F)cc3)C2)nnc1-c1ccc(-c2ncco2)cc1,train,train,train,3,3,0.73333335,0.73333335,0.7887324
Cn1c(SCCCN2CCOC(c3ccc(C(F)(F)F)cc3)C2)nnc1-c1ccc(-c2nnco2)cc1,test,test,train,3,3,0.7887324,0.7887324,0.7887324
Cc1nc(-c2ccc(-c3nnc(SCCCN4CCOC(c5ccc(C(F)(F)F)cc5)C4)n3C)cc2)no1,test,test,train,3,3,0.86153847,0.86153847,0.86153847
Cc1ccc(C2CN(CCCSc3nnc(-c4ccc(-c5noc(C)n5)cc4)n3C)CCO2)cc1,train,train,train,3,3,0.6052632,0.6052632,0.86153847
Cc1ncoc1-c1nnc(SCCCN2CC3CCN(c4ccc(C(F)(F)F)cc4F)C3C2)n1C,train,train,train,3,3,0.7916667,0.7916667,0.7916667
Cc1ncoc1-c1nnc(SCCCN2CC3CCN(c4ccccc4)C3C2)n1C,test,test,train,3,3,0.8333333,0.8333333,0.84375
Cc1ncoc1-c1nnc(SCCCN2CC3OCCN(c4ccc(C(F)(F)F)cc4)C3C2)n1C,train,train,train,3,3,0.78571427,0.78571427,0.78571427
Cc1ncoc1-c1nnc(SCCCN2CC3CCCN(c4ccc(C(F)(F)F)cc4)C3C2)n1C,train,train,train,3,3,0.90909094,0.90909094,0.90909094
Cc1ncoc1-c1nnc(SCCCN2CC3CN(c4ccc(C(F)(F)F)cc4)C3C2)n1C,train,train,train,3,3,0.86153847,0.86153847,0.86153847
Cn1c(SCCCN2CC3CCN(c4ccc(F)cc4)C3C2)nnc1C1CCCCC1,test,test,train,3,3,0.852459,0.852459,0.852459
Cn1c(SCCCN2CC3CCN(c4ccc(C(F)(F)F)cc4)C3C2)nnc1C1CCCC1,train,train,train,3,3,0.73846155,0.73846155,0.8333333
Cn1c(SCCCN2CC3CCN(c4ccc(F)cc4)C3C2)nnc1C1CCOCC1,train,train,train,3,3,0.83870965,0.83870965,0.852459
Cn1c(SCCCN2CC3CCN(c4ccccc4)C3C2)nnc1C1CCOCC1,train,train,train,3,3,0.83870965,0.83870965,0.83870965
Cn1c(SCCCN2CC3CCN(c4ccc(C(F)(F)F)cc4)C3C2)nnc1N1CCOCC1,train,train,train,3,3,0.72727275,0.72727275,0.72727275
Cn1c(SCCCN2CC3CCN(c4c(F)cc(F)cc4F)C3C2)nnc1-c1ccn(C)c(=O)c1,train,train,train,3,3,0.82608694,0.82608694,0.82608694
Cn1c(SCCCN2CC3CCN(c4ccc(F)cc4)C3C2)nnc1-c1ccn(C)c(=O)c1,train,train,train,3,3,0.82608694,0.82608694,0.82608694
Cn1c(SCCCN2CC3CCN(c4ccc(F)cc4)C3C2)nnc1-c1cc[nH]c(=O)c1,train,train,train,3,3,0.8695652,0.8695652,0.7746479
Cn1c(SCCCN2CC3CCN(c4ccc(C(F)(F)F)cc4)C3C2)nnc1-c1ccc(=O)n(C)c1,train,train,train,3,3,0.7910448,0.7910448,0.7826087
Cn1c(SCCCN2CC3CCN(c4ccc(C(F)(F)F)cc4)C3C2)nnc1-c1ccc(=O)[nH]c1,train,train,test,3,3,0.8055556,0.8055556,0.7746479
Cn1c(SCCCN2CC3CCN(c4ccc(C(F)(F)F)cc4)C3C2)nnc1-c1cc[nH]c(=O)c1,train,train,test,3,3,0.8695652,0.8695652,0.8695652
Cn1c(SCCCN2CC3CCN(c4ccccc4C(F)(F)F)C3C2)nnc1-c1ccccn1,test,test,test,3,3,0.8428571,0.8428571,0.8428571
Cn1c(SCCCN2CC3CCN(c4ccccc4C(F)(F)F)C3C2)nnc1-c1ccncc1,train,train,train,3,3,0.7777778,0.7777778,0.7777778
Cn1c(SCCCN2CC3CCN(c4ccc(C(F)(F)F)cc4)C3C2)nnc1-c1ccccn1,train,train,train,3,3,0.8115942,0.8115942,0.8235294
Cn1c(SCCCN2CC3CCN(c4ccc(C(F)(F)F)cc4)C3C2)nnc1-c1ccncc1,train,train,test,3,3,0.85714287,0.85714287,0.859375
Cn1c(SCCCN2CC3CCN(c4ccc(C(F)(F)F)cc4)C3C2)nnc1-c1cccnc1,test,test,train,3,3,0.8484849,0.8484849,0.8484849
Cc1cc(-c2nnc(SCCCN3CC4CCN(c5ccc(C(F)(F)F)cc5)C4C3)n2C)on1,train,train,test,3,3,0.75,0.75,0.73913044
Cn1c(SCCCN2CC3CCN(c4ccc(C(F)(F)F)cc4)C3C2)nnc1-c1nccs1,test,test,train,3,3,0.7794118,0.7794118,0.74647886
Cn1cc(-c2nnc(SCCCN3CC4CCN(c5ccc(C(F)(F)F)cc5)C4C3)n2C)cn1,train,train,train,3,3,0.8181818,0.8181818,0.8181818
Cn1c(SCCCN2CC3CCN(c4ccc(C(F)(F)F)cc4)C3C2)nnc1-c1cccnn1,test,test,train,3,3,0.8235294,0.8235294,0.8235294
Cn1c(SCCCN2CC3CCN(c4ccc(C(F)(F)F)cc4)C3C2)nnc1-c1ccnnc1,test,test,train,3,3,0.859375,0.859375,0.8235294
Cn1c(SCCCN2CC3CCN(c4ccc(C(F)(F)F)cc4)C3C2)nnc1-c1ccncn1,train,train,train,3,3,0.8115942,0.8115942,0.8115942
Cn1c(SCCCN2CC3CCN(c4ccc(C(F)(F)F)cc4)C3C2)nnc1-c1cncnc1,train,train,train,3,3,0.85714287,0.85714287,0.8484849
Cn1c(SCCCN2CC3CCN(c4c(F)cc(F)cc4F)C3C2)nnc1-c1cnccn1,train,train,train,3,3,0.82608694,0.82608694,0.8769231
Cn1c(SCCCN2CC3CCN(c4c(F)cccc4F)C3C2)nnc1-c1cnccn1,test,test,train,3,3,0.8769231,0.8769231,0.8769231
Cn1c(SCCCN2CC3CCN(c4c(F)cccc4C(F)(F)F)C3C2)nnc1-c1cnccn1,train,train,train,3,3,0.8108108,0.8108108,0.8695652
Cn1c(SCCCN2CC3CCN(c4ccc(F)cc4C(F)(F)F)C3C2)nnc1-c1cnccn1,test,test,train,3,3,0.8356164,0.8356164,0.8356164
COc1cc(N2CCC3CN(CCCSc4nnc(-c5cnccn5)n4C)CC32)ccc1F,train,train,train,3,3,0.7866667,0.7866667,0.7866667
Cn1c(SCCCN2CC3CCN(c4ccc(F)cc4F)C3C2)nnc1-c1cnccn1,train,train,train,3,3,0.82608694,0.82608694,0.8405797
Cn1c(SCCCN2CC3CCN(c4ccccc4C#N)C3C2)nnc1-c1cnccn1,train,train,train,3,3,0.8142857,0.8142857,0.8142857
Cn1c(SCCCN2CC3CCN(c4cccc(C#N)c4)C3C2)nnc1-c1cnccn1,train,train,train,3,3,0.7972973,0.7972973,0.8333333
Cn1c(SCCCN2CC3CCN(c4ccc(C#N)cc4)C3C2)nnc1-c1cnccn1,test,test,train,3,3,0.8484849,0.8484849,0.8333333
Cn1c(SCCCN2CC3CCN(c4ccccc4OC(F)(F)F)C3C2)nnc1-c1cnccn1,train,train,train,3,3,0.8356164,0.8356164,0.8356164
Cn1c(SCCCN2CC3CCN(c4cccc(OC(F)(F)F)c4)C3C2)nnc1-c1cnccn1,train,train,test,3,3,0.8630137,0.8630137,0.8630137
Cn1c(SCCCN2CC3CCN(c4ccc(OC(F)(F)F)cc4)C3C2)nnc1-c1cnccn1,train,train,train,3,3,0.8630137,0.8630137,0.8309859
COc1ccccc1N1CCC2CN(CCCSc3nnc(-c4cnccn4)n3C)CC21,train,train,train,3,3,0.8356164,0.8356164,0.8356164
COc1cccc(N2CCC3CN(CCCSc4nnc(-c5cnccn5)n4C)CC32)c1,train,train,train,3,3,0.85507244,0.85507244,0.85507244
COc1ccc(N2CCC3CN(CCCSc4nnc(-c5cnccn5)n4C)CC32)cc1,train,train,test,3,3,0.86153847,0.86153847,0.85507244
Cc1ccccc1N1CCC2CN(CCCSc3nnc(-c4cnccn4)n3C)CC21,train,train,train,3,3,0.82608694,0.82608694,0.8636364
Cc1cccc(N2CCC3CN(CCCSc4nnc(-c5cnccn5)n4C)CC32)c1,test,test,train,3,3,0.85507244,0.85507244,0.85507244
Cc1ccc(N2CCC3CN(CCCSc4nnc(-c5cnccn5)n4C)CC32)cc1,train,train,test,3,3,0.8888889,0.8888889,0.8888889
Cn1c(SCCCN2CC3CCN(c4ccccc4F)C3C2)nnc1-c1cnccn1,test,test,train,3,3,0.8636364,0.8636364,0.8636364
Cn1c(SCCCN2CC3CCN(c4cccc(F)c4)C3C2)nnc1-c1cnccn1,train,train,train,3,3,0.8309859,0.8309859,0.85507244
Cn1c(SCCCN2CC3CCN(c4ccc(F)cc4)C3C2)nnc1-c1cnccn1,train,train,train,3,3,0.8888889,0.8888889,0.8507463
Cn1c(SCCCN2CC3CCN(c4ccccc4C(F)(F)F)C3C2)nnc1-c1cnccn1,train,train,train,3,3,0.8142857,0.8142857,0.82857144
Cn1c(SCCCN2CC3CCN(c4cccc(C(F)(F)F)c4)C3C2)nnc1-c1cnccn1,train,train,test,3,3,0.8450704,0.8450704,0.8450704
Cn1c(SCCCN2CC3CCN(c4ccc(C(F)(F)F)cc4)C3C2)nnc1-c1cnccn1,train,train,train,3,3,0.86153847,0.86153847,0.8507463
Cc1ncoc1-c1nnc(SCCCN2CC3CCN(c4ccccc4OC(F)(F)F)C3C2)n1C,train,train,train,3,3,0.7631579,0.7631579,0.7631579
Cc1ncoc1-c1nnc(SCCCN2CC3CCN(c4c(F)cccc4F)C3C2)n1C,train,train,train,3,3,0.7941176,0.7941176,0.8030303
Cc1ncoc1-c1nnc(SCCCN2CC3CCN(c4ccc(Cl)cc4Cl)C3C2)n1C,train,train,train,3,3,0.7714286,0.7714286,0.74666667
Cc1ncoc1-c1nnc(SCCCN2CC3CCN(c4cc(Cl)cc(Cl)c4)C3C2)n1C,train,train,test,3,3,0.7714286,0.7714286,0.7878788
Cc1ncoc1-c1nnc(SCCCN2CC3CCN(c4cccc(C#N)c4)C3C2)n1C,train,train,test,3,3,0.7916667,0.7916667,0.79710144
Cc1ncoc1-c1nnc(SCCCN2CC3CCN(c4cccc(F)c4)C3C2)n1C,train,train,train,3,3,0.7941176,0.7941176,0.8358209
Cc1ncoc1-c1nnc(SCCCN2CC3CCN(c4ccc(OC(F)(F)F)cc4)C3C2)n1C,train,train,train,3,3,0.82857144,0.82857144,0.82857144
Cc1ncoc1-c1nnc(SCCCN2CC3CCN(c4ccc(F)cc4)C3C2)n1C,test,test,train,3,3,0.8484849,0.8484849,0.8484849
Cc1ncoc1-c1nnc(SCCCN2CC3CCN(c4ccc(C(F)(F)F)cc4)C3C2)n1C,train,train,train,3,3,0.90909094,0.90909094,0.90909094
CCN(CCc1ccc(O)c(OC)c1)Cc1cccc(O)c1OC,train,train,train,2,2,0.7446808,0.7446808,0.7446808
COc1cc(CCN(C)Cc2cccc(O)c2OC)ccc1O,train,train,train,2,2,0.7446808,0.7446808,0.7446808
COc1cc2c(cc1O)C(C)N(Cc1cccc(O)c1OC)CC2,train,train,train,2,2,0.44615385,0.44615385,0.453125
COc1cc2c(cc1O)C1Cc3ccc(OCC4CC4)c(OC)c3CN1CC2,test,test,test,2,2,0.8363636,0.8363636,0.7758621
COc1cc2c(cc1O)C1Cc3ccc(OCCCO)c(OC)c3CN1CC2,train,train,train,2,2,0.85714287,0.85714287,0.85714287
CCCCCCOc1ccc2c(c1OC)CN1CCc3cc(OC)c(O)cc3C1C2,test,test,train,2,2,0.9814815,0.9814815,0.9814815
CCCCCOc1ccc2c(c1OC)CN1CCc3cc(OC)c(O)cc3C1C2,train,train,train,2,2,0.9444444,0.9444444,0.9814815
CCCCOc1ccc2c(c1OC)CN1CCc3cc(OC)c(O)cc3C1C2,train,train,train,2,2,0.9444444,0.9444444,0.9444444
CCCOc1ccc2c(c1OC)CN1CCc3cc(OC)c(O)cc3C1C2,train,train,train,2,2,0.9074074,0.9074074,0.9074074
CCOc1ccc2c(c1OC)CN1CCc3cc(OC)c(O)cc3C1C2,train,train,test,2,2,0.8518519,0.8518519,0.8518519
CCCN(CCC)[C@@H]1Cc2cccc3c2n(c(=O)n3CCC)C1,train,train,train,2,2,0.5942029,0.5942029,0.6142857
CCCN(CCC)[C@@H]1Cc2cccc3nc(O)n(c23)C1,train,train,train,2,2,0.7111111,0.7111111,0.7111111
CN[C@@H]1Cc2cc(C#N)cc3[nH]c(=O)n(c23)C1,train,train,train,2,2,0.30357143,0.30357143,0.30357143
COc1cc(CCNCCc2ccc(O)c3[nH]c(=O)ccc23)ccc1OCCCc1ccccc1,test,test,train,2,2,0.6164383,0.6164383,0.6666667
COc1cc(CCNCCc2ccc(O)c(O)c2)ccc1OCCCc1ccccc1,test,test,train,2,2,0.7234042,0.7234042,0.7234042
COc1cc(CCNCCc2ccc(O)c3c2OCC(=O)N3)ccc1OCCCc1ccccc1,train,train,train,2,2,0.45588234,0.45588234,0.625
COc1ccccc1OCCNCCc1ccc(O)c(O)c1,train,train,train,2,2,0.45652175,0.45652175,0.7234042
CC(C)NCC(O)c1ccc(O)c(O)c1,train,train,train,2,2,0.4074074,0.4074074,0.4074074
O=C1c2ccccc2C(=O)N1CCCCN1CCc2ccccc2C1,train,train,test,4,4,0.53333336,0.53333336,0.53333336
O=C1c2ccccc2C(=O)N1CCCCN1CCC2CCCCC2C1,train,train,train,4,4,0.5217391,0.5217391,0.4909091
c1ccc2c(c1)CCN(CCCCc1c[nH]c3ccccc13)C2,train,train,test,4,4,0.51724136,0.51724136,0.51724136
O=C(CCCN1CCc2ccccc2C1)c1ccc(F)cc1,train,train,test,1,1,0.78571427,0.78571427,0.78571427
O=C(CCCN1CCc2ccccc2C1)c1ccccc1,test,test,test,2,2,0.82051283,0.82051283,0.82051283
N#Cc1ccc(C(=O)CCCN2CCc3ccccc3C2)cc1,train,train,train,1,1,0.75,0.75,0.75
NC(=O)c1ccc(C(=O)CCCN2CCc3ccccc3C2)cc1,train,train,train,1,1,0.78571427,0.78571427,0.78571427
COc1ccc(C(=O)CCCN2CCc3ccccc3C2)cc1,test,test,train,2,2,0.73333335,0.73333335,0.73333335
O=C(CCCN1CCc2ccccc2C1)c1ccc(O)cc1,train,train,train,2,2,0.78571427,0.78571427,0.78571427
O=C(CCCN1CCc2ccccc2C1)c1ccc(Cl)cc1,train,train,test,4,4,0.78571427,0.78571427,0.78571427
O=C1NCN(c2ccccc2)C12CCN(CCCCc1nc3cc(Cl)ccc3s1)CC2,test,test,test,4,4,0.8032787,0.8032787,0.8032787
O=C(CCCCN1CCC2(CC1)C(=O)NCN2c1ccccc1)c1nc2ccccc2s1,test,test,train,4,4,0.7258065,0.7258065,0.7258065
O=C1NCN(c2ccccc2)C12CCN(CCCCc1nc3ccccc3o1)CC2,test,test,train,4,4,0.6507937,0.6507937,0.6507937
O=C1NCN(c2ccccc2)C12CCN(CCCCc1c[nH]c3ccccc13)CC2,train,train,train,4,4,0.5692308,0.5692308,0.5692308
O=c1[nH]c2cc(Cl)ccc2n1C1CCN(CCCCc2nc3ccccc3s2)CC1,train,train,train,4,4,0.7536232,0.7536232,0.7536232
O=C(CCCCN1CCC(n2c(=O)[nH]c3cc(Cl)ccc32)CC1)c1nc2ccccc2s1,train,train,train,4,4,0.7536232,0.7536232,0.7536232
O=c1[nH]c2cc(Cl)ccc2n1C1CCN(CCCCc2nc3ccccc3o2)CC1,train,train,train,4,4,0.6956522,0.6956522,0.6956522
O=c1[nH]c2cc(Cl)ccc2n1C1CCN(CCCCc2c[nH]c3ccccc23)CC1,train,train,train,4,4,0.62857145,0.62857145,0.65625
Fc1ccc(C(c2ccc(F)cc2)N2CCN(CCCCc3nc4ccccc4s3)CC2)cc1,train,train,train,4,4,0.57894737,0.68421054,0.68421054
O=C(CCCCN1CCN(C(c2ccc(F)cc2)c2ccc(F)cc2)CC1)c1nc2ccccc2s1,test,train,train,1,1,0.68421054,0.68421054,0.68421054
OC1(c2ccc(Cl)cc2)CCN(CCCCc2nc3ccccc3s2)CC1,train,train,train,4,4,0.7037037,0.7037037,0.7037037
OC1(c2ccc(Cl)cc2)CCN(CCCCc2nc3ccccc3o2)CC1,train,train,train,4,4,0.7037037,0.7037037,0.6909091
O=C1NCN(c2ccccc2)C12CCN(CCCCc1nc3ccccc3s1)CC2,train,train,train,4,4,0.5692308,0.5692308,0.7258065
O=C(CCCN1CCC(n2c(O)nc3ccccc32)CC1)c1ccc(F)cc1,test,test,train,4,4,0.52459013,0.52459013,0.52459013
Cc1nc(C(N)=O)ccc1-c1nnc(SCCCN2CC[C@]3(C[C@@H]3c3ccc(C(F)(F)F)cc3)C2)n1C,train,train,train,3,3,0.9117647,0.9117647,0.9117647
Cc1ncoc1-c1nnc(SCCN2CC[C@@]3(C[C@@H]3c3ccc(C(F)(F)F)cc3)C2)n1C,train,train,train,3,3,0.7746479,0.7746479,0.7746479
Cc1ncoc1-c1nnc(SCC(O)CN2CC[C@@]3(C[C@H]3c3ccc(C(F)(F)F)cc3)C2)n1C,train,train,train,3,3,0.7746479,0.7746479,0.7746479
Cn1c(SCCCN2CC[C@]3(C[C@@H]3c3ccc(C(F)(F)F)cc3)C2)nnc1-c1cccs1,train,train,train,3,3,0.7536232,0.7536232,0.7536232
Cn1c(SCCCN2CC[C@]3(C[C@@H]3c3ccc(C(F)(F)F)cc3)C2)nnc1-c1ccsc1,train,train,train,3,3,0.75714284,0.75714284,0.75714284
Cn1c(SCCCN2CC[C@]3(C[C@@H]3c3ccc(C(F)(F)F)cc3)C2)nnc1-c1ccco1,test,test,test,3,3,0.7647059,0.7647059,0.7647059
Cn1c(SCCCN2CC[C@]3(C[C@@H]3c3ccc(C(F)(F)F)cc3)C2)nnc1-c1ccoc1,train,train,train,3,3,0.7647059,0.7647059,0.7647059
Cn1cc(-c2nnc(SCCCN3CC[C@]4(C[C@@H]4c4ccc(C(F)(F)F)cc4)C3)n2C)cn1,train,train,train,3,3,0.76811594,0.76811594,0.76811594
Cn1nccc1-c1nnc(SCCCN2CC[C@]3(C[C@@H]3c3ccc(C(F)(F)F)cc3)C2)n1C,train,train,test,3,3,0.73913044,0.73913044,0.73913044
Cc1cc(-c2nnc(SCCCN3CC[C@]4(C[C@@H]4c4ccc(C(F)(F)F)cc4)C3)n2C)on1,train,train,train,3,3,0.73913044,0.73913044,0.73913044
Cn1c(SCCCN2CC[C@]3(C[C@@H]3c3ccc(C(F)(F)F)cc3)C2)nnc1-c1ccc(C(N)=O)cc1,test,test,train,3,3,0.880597,0.880597,0.880597
Cn1c(SCCCN2CC[C@]3(C[C@@H]3c3ccc(C(F)(F)F)cc3)C2)nnc1-c1cccc(C(N)=O)c1,train,train,test,3,3,0.7567568,0.7567568,0.8309859
Cn1c(SCCCN2CC[C@]3(C[C@@H]3c3ccc(C(F)(F)F)cc3)C2)nnc1-c1ccccc1C(N)=O,train,train,train,3,3,0.7671233,0.7671233,0.7671233
Cn1c(SCCCN2CC[C@]3(C[C@@H]3c3ccc(C(F)(F)F)cc3)C2)nnc1-c1ccc(S(N)(=O)=O)cc1,train,train,train,3,3,0.7638889,0.7638889,0.7887324
CC(=O)c1ccc(-c2nnc(SCCCN3CC[C@]4(C[C@@H]4c4ccc(C(F)(F)F)cc4)C3)n2C)cc1,train,train,train,3,3,0.7638889,0.7638889,0.880597
Cn1c(SCCCN2CC[C@]3(C[C@@H]3c3ccc(C(F)(F)F)cc3)C2)nnc1-c1ccc(C#N)cc1,train,train,train,3,3,0.8028169,0.8028169,0.7605634
Cn1c(SCCCN2CC[C@]3(C[C@@H]3c3ccc(C(F)(F)F)cc3)C2)nnc1-c1ccc(CC(N)=O)cc1,test,test,train,3,3,0.8028169,0.8028169,0.82857144
Cn1c(SCCCN2CC[C@]3(C[C@@H]3c3ccc(C(F)(F)F)cc3)C2)nnc1-c1ccc(-c2ncco2)cc1,test,test,test,3,3,0.7638889,0.7638889,0.875
Cn1c(SCCCN2CC[C@]3(C[C@@H]3c3ccc(C(F)(F)F)cc3)C2)nnc1-c1cccc(-c2ncco2)c1,test,test,train,3,3,0.7125,0.7125,0.7105263
Cn1c(SCCCN2CC[C@]3(C[C@@H]3c3ccc(C(F)(F)F)cc3F)C2)nnc1-c1cccnc1,train,train,train,3,3,0.8450704,0.8450704,0.8450704
Cn1c(SCCCN2CC[C@]3(C[C@@H]3c3ccccc3)C2)nnc1-c1cccnc1,train,train,train,3,3,0.85714287,0.85714287,0.85714287
Cn1c(SCCCN2CC[C@]3(C[C@@H]3c3ccc(F)cc3F)C2)nnc1-c1cccnc1,train,train,train,3,3,0.8450704,0.8450704,0.8450704
Cn1c(SCCCN2CC[C@]3(C[C@@H]3c3ccc(F)cc3)C2)nnc1-c1cccnc1,train,train,train,3,3,0.85714287,0.85714287,0.85714287
Cc1ncccc1-c1nnc(SCCCN2CC[C@]3(C[C@@H]3c3ccc(C(F)(F)F)cc3)C2)n1C,train,train,test,3,3,0.8382353,0.8382353,0.8769231
Cn1c(SCCCN2CC[C@]3(C[C@@H]3c3ccc(C(F)(F)F)cc3)C2)nnc1-c1cccnc1C(F)(F)F,test,test,train,3,3,0.8769231,0.8769231,0.8382353
COc1ncccc1-c1nnc(SCCCN2CC[C@]3(C[C@@H]3c3ccc(C(F)(F)F)cc3)C2)n1C,train,train,train,3,3,0.8382353,0.8382353,0.8382353
Cn1c(SCCCN2CC[C@]3(C[C@@H]3c3ccc(C(F)(F)F)cc3)C2)nnc1-c1ccc(C#N)nc1,train,train,test,3,3,0.8028169,0.8028169,0.8028169
Cn1c(SCCCN2CC[C@]3(C[C@@H]3c3ccc(C(F)(F)F)cc3)C2)nnc1-c1ccc(C(N)=O)nc1,train,train,test,3,3,0.7837838,0.7837838,0.8055556
Cc1ccc(-c2nnc(SCCCN3CC[C@]4(C[C@@H]4c4ccc(C(F)(F)F)cc4)C3)n2C)c(C)n1,train,train,test,3,3,0.8115942,0.8115942,0.8115942
Cc1nc(C(=O)O)ccc1-c1nnc(SCCCN2CC[C@]3(C[C@@H]3c3ccc(C(F)(F)F)cc3)C2)n1C,train,train,train,3,3,0.9117647,0.9117647,0.9117647
Cn1c(SCCCN2CC[C@]3(C[C@@H]3c3ccc(C(F)(F)F)cc3)C2)nnc1-c1ccn(C)c(=O)c1,test,test,train,3,3,0.8,0.8,0.8
Cn1c(SCCCN2CC[C@]3(C[C@@H]3c3ccc(C(F)(F)F)cc3)C2)nnc1C1CCN(C(N)=O)CC1,train,train,train,3,3,0.7910448,0.7910448,0.7910448
Cn1c(SCCCN2CC[C@]3(C[C@@H]3c3ccc(C(F)(F)F)cc3)C2)nnc1C1CCOCC1,train,train,train,3,3,0.84126985,0.84126985,0.84126985
Cn1c(SCCCN2CC[C@]3(C[C@@H]3c3ccc(C(F)(F)F)cc3)C2)nnc1C1CC2CCC(C1)O2,test,test,train,3,3,0.7910448,0.7910448,0.7910448
Cn1c(SCCCN2CC[C@]3(C[C@@H]3c3ccc(C(F)(F)F)cc3)C2)nnc1C1CCCCC1,train,train,train,3,3,0.84126985,0.84126985,0.84126985
Cn1c(SCCCN2CC[C@]3(C[C@@H]3c3ccc(C(F)(F)F)cc3)C2)nnc1C1=CCC(=O)N=C1,test,test,train,3,3,0.7105263,0.7105263,0.7105263
Cn1c(SCCCN2CC[C@]3(C[C@@H]3c3ccc(C(F)(F)F)cc3)C2)nnc1C1=CC=NC(=O)C1,train,train,train,3,3,0.72602737,0.72602737,0.72602737
CC(=O)NC1CCC(c2nnc(SCCCN3CC[C@]4(C[C@@H]4c4ccc(C(F)(F)F)cc4)C3)n2C)CC1,train,train,train,3,3,0.7671233,0.7671233,0.7671233
Cn1c(SCCCN2CC[C@]3(C[C@@H]3c3ccc(C(F)(F)F)cc3)C2)nnc1-c1ccc(=O)n(C)c1,train,train,train,3,3,0.76811594,0.76811594,0.8
Cn1c(SCCCN2CC[C@]3(C[C@@H]3c3ccc(C(F)(F)F)cc3)C2)nnc1C1CCNC(=O)C1,train,train,train,3,3,0.74285716,0.74285716,0.8
CN1CCC(c2nnc(SCCCN3CC[C@]4(C[C@@H]4c4ccc(C(F)(F)F)cc4)C3)n2C)CC1=O,test,test,train,3,3,0.8,0.8,0.8
C1=C(CCN2CCc3ccccc3C2)Cc2ccccc21,test,test,train,4,4,0.4883721,0.4883721,0.8
C1=C(CCN2CCc3ccccc3C2)CCc2ccccc21,test,test,train,4,4,0.47727272,0.47727272,0.8
O=C1Cc2cc(C(=O)CCCN3CCc4ccccc4C3)ccc2N1,train,train,train,1,1,0.66,0.66,0.64
O=C1c2ccc(F)cc2CC1CCN1CCc2ccccc2C1,train,train,test,2,2,0.55932206,0.55932206,0.4
CCCCN1C2CCC1CC(OC(c1ccc(F)cc1)c1ccc(F)cc1)C2,train,train,test,2,2,0.72727275,0.72727275,0.72727275
Fc1ccc(C(SCCNCCCc2ccccc2)c2ccc(F)cc2)cc1,train,train,test,2,2,0.3877551,0.3877551,0.3877551
CC(O)CN1CCN(CCSC(c2ccc(F)cc2)c2ccc(F)cc2)CC1,train,train,train,4,4,0.6304348,0.6304348,0.6304348
CC(O)CN1CCN(CC[S+](O)C(c2ccc(F)cc2)c2ccc(F)cc2)CC1,train,train,train,4,4,0.67346936,0.67346936,0.67346936
OC(Cc1ccccc1)CN1CCN(CC[S+](O)C(c2ccc(F)cc2)c2ccc(F)cc2)CC1,train,train,train,4,4,0.67346936,0.67346936,0.67346936
NC(=O)C[S@+](O)C(c1ccccc1)c1ccccc1,train,train,test,2,2,0.2962963,0.2962963,0.2962963
CNCC1Cc2ccc3c(ccn3S(=O)(=O)c3cccc4ccccc34)c21,train,train,test,2,2,0.68421054,0.68421054,0.7307692
CNCC1Cc2ccc3c(ccn3S(=O)(=O)c3ccccc3)c21,test,test,train,2,2,0.7307692,0.7307692,0.49122807
CC(=O)Nc1ccc(CCN(C)CC2Cc3ccc4c(ccn4S(=O)(=O)c4ccccc4)c32)cc1,train,train,test,2,2,0.43243244,0.43243244,0.5692308
CN[C@H]1c2c(ccc3c2ccn3S(=O)(=O)c2ccccc2)[C@@H]1CCO,train,train,test,2,2,0.84313726,0.84313726,0.5254237
CN[C@H]1c2ccc3c(ccn3S(=O)(=O)c3ccccc3)c2[C@@H]1CCO,train,train,test,2,2,0.84313726,0.84313726,0.5254237
O=S(=O)(c1ccccc1)n1ccc2c3c(ccc21)[C@H]1CCNCC[C@@H]31,train,train,train,2,2,0.6530612,0.6530612,0.6530612
CNCC1Cc2cc3ccn(S(=O)(=O)c4cccc5ccccc45)c3cc21,train,train,train,2,2,0.68421054,0.68421054,0.48387095
O=S(=O)(c1ccccc1)n1ccc2cc3c(cc21)[C@H]1CCNCC[C@@H]31,train,train,train,2,2,0.6530612,0.6530612,0.6530612
Nc1ccc2c(N3CCN(CC[C@H]4CC[C@H](NC(=O)c5ccco5)CC4)CC3)nsc2c1,train,train,train,0,0,0.6197183,0.6197183,0.8169014
O=C(N[C@H]1CC[C@H](CCN2CCN(c3nsc4cc([N+](=O)[O-])ccc34)CC2)CC1)c1ccco1,test,test,train,0,0,0.8169014,0.8169014,0.8169014
O=C(NC[C@H]1CC[C@H](CN2CCN(c3nsc4cc(Cl)ccc34)CC2)CC1)c1ccco1,train,train,train,4,4,0.8,0.8,0.8
O=C(NC[C@H]1CC[C@H](CN2CCN(c3nsc4ccccc34)CC2)CC1)c1ccco1,train,train,train,1,1,0.8,0.8,0.8
CCOC(=O)N1CCC(CCN2CCN(c3nsc4ccccc34)CC2)CC1,test,test,test,0,0,0.6935484,0.6935484,0.6935484
O=C(c1ccco1)N1CCC(CCN2CCN(c3nsc4ccccc34)CC2)CC1,test,test,train,0,0,0.6166667,0.6166667,0.6166667
O=C(N[C@H]1CC[C@H](CCN2CCN(c3nsc4ccccc34)CC2)CC1)c1cc2ccccc2[nH]1,train,train,train,0,0,0.73913044,0.73913044,0.73913044
O=S(=O)(N[C@H]1CC[C@H](CCN2CCN(c3nsc4ccccc34)CC2)CC1)c1cccnc1,train,train,train,0,0,0.75757575,0.75757575,0.75757575
CN([C@H]1CC[C@H](CCN2CCN(c3nsc4ccccc34)CC2)CC1)S(=O)(=O)c1cccs1,train,train,train,0,0,0.73846155,0.73846155,0.73846155
O=S(=O)(N[C@H]1CC[C@H](CCN2CCN(c3nsc4ccccc34)CC2)CC1)c1cccs1,train,train,train,0,0,0.7419355,0.7419355,0.73846155
O=C(N[C@H]1CC[C@H](CCN2CCN(c3nsc4ccccc34)CC2)CC1)c1cccnc1,train,train,train,0,0,0.8360656,0.8360656,0.8360656
O=C(N[C@H]1CC[C@H](CCN2CCN(c3nsc4ccccc34)CC2)CC1)c1ccc[nH]1,train,train,train,0,0,0.7619048,0.7619048,0.7619048
O=C(N[C@H]1CC[C@H](CCN2CCN(c3nsc4ccccc34)CC2)CC1)c1cccs1,train,train,test,0,0,0.7741935,0.7741935,0.7741935
Cc1ccc(S(=O)(=O)N[C@H]2CC[C@H](CCN3CCN(c4nsc5ccccc45)CC3)CC2)cc1,train,train,train,0,0,0.7704918,0.7704918,0.75757575
O=C(N[C@H]1CC[C@H](CCN2CCN(c3nsc4ccccc34)CC2)CC1)c1ccccc1,train,train,train,0,0,0.8360656,0.8360656,0.8360656
O=C(N[C@H]1CC[C@H](CCN2CCN(c3nsc4ccccc34)CC2)CC1)C1CC1,test,test,train,0,0,0.91071427,0.91071427,0.91071427
O=C(N[C@H]1CC[C@H](CCN2CCN(c3nsc4ccccc34)CC2)CC1)C1CCCCC1,train,train,train,0,0,0.7419355,0.7419355,0.91071427
CCCS(=O)(=O)N[C@H]1CC[C@H](CCN2CCN(c3nsc4ccccc34)CC2)CC1,train,train,train,0,0,0.8245614,0.8245614,0.74603176
CS(=O)(=O)N[C@H]1CC[C@H](CCN2CCN(c3nsc4ccccc34)CC2)CC1,train,train,test,0,0,0.8245614,0.8245614,0.8245614
O=C(N[C@H]1CC[C@H](CCN2CCN(c3nsc4ccccc34)CC2)CC1)C(F)(F)F,train,train,train,0,0,0.76666665,0.76666665,0.79310346
CCCC(=O)N[C@H]1CC[C@H](CCN2CCN(c3nsc4ccccc34)CC2)CC1,test,test,train,0,0,0.877193,0.877193,0.877193
CCC(=O)N[C@H]1CC[C@H](CCN2CCN(c3nsc4ccccc34)CC2)CC1,train,train,train,0,0,0.7741935,0.7741935,0.877193
CC(=O)N[C@H]1CC[C@H](CCN2CCN(c3nsc4ccccc34)CC2)CC1,test,test,train,0,0,0.8245614,0.8245614,0.8245614
COCC(=O)N[C@H]1CC[C@H](CCN2CCN(c3nsc4ccccc34)CC2)CC1,test,test,train,0,0,0.81666666,0.81666666,0.81666666
CN(C(=O)N[C@H]1CC[C@H](CCN2CCN(c3nsc4ccccc34)CC2)CC1)c1ccccc1,train,train,train,0,0,0.796875,0.796875,0.8360656
O=C(Nc1cccnc1)N[C@H]1CC[C@H](CCN2CCN(c3nsc4ccccc34)CC2)CC1,train,train,train,0,0,0.83870965,0.83870965,0.7761194
O=C(Nc1ccccc1)N[C@H]1CC[C@H](CCN2CCN(c3nsc4ccccc34)CC2)CC1,train,train,test,0,0,0.83870965,0.83870965,0.83870965
O=C(NCc1ccccc1)N[C@H]1CC[C@H](CCN2CCN(c3nsc4ccccc34)CC2)CC1,test,test,train,0,0,0.8032787,0.8032787,0.7580645
O=C(N[C@H]1CC[C@H](CCN2CCN(c3nsc4ccccc34)CC2)CC1)N1CCOCC1,train,train,train,0,0,0.71875,0.71875,0.7419355
CCN(C)C(=O)N[C@H]1CC[C@H](CCN2CCN(c3nsc4ccccc34)CC2)CC1,train,train,train,0,0,0.796875,0.796875,0.85
CC(C)N(C(=O)N[C@H]1CC[C@H](CCN2CCN(c3nsc4ccccc34)CC2)CC1)C(C)C,train,train,test,0,0,0.7936508,0.7936508,0.8333333
CN(C)C(=O)N[C@H]1CC[C@H](CCN2CCN(c3nsc4ccccc34)CC2)CC1,test,test,train,0,0,0.85,0.85,0.85
N[C@H]1CC[C@H](CCN2CCN(c3nsc4ccccc34)CC2)CC1,train,train,train,0,0,0.6909091,0.6909091,0.6909091
CCOc1c(O)cc(Br)c2c1CN1CCc3cc(OC)c(O)cc3[C@@H]1C2,train,train,train,2,2,0.8545455,0.8545455,0.8545455
CCCOc1c(O)cc(Br)c2c1CN1CCc3cc(OC)c(O)cc3[C@@H]1C2,train,train,train,2,2,0.877193,0.877193,0.89285713
CCCCCOc1c(O)cc(Br)c2c1CN1CCc3cc(OC)c(O)cc3[C@@H]1C2,test,test,train,2,2,0.9818182,0.9818182,0.9818182
CCCCCCOc1c(O)cc(Br)c2c1CN1CCc3cc(OC)c(O)cc3[C@@H]1C2,train,train,train,2,2,0.877193,0.877193,0.9818182
CCC(C)Oc1c(O)cc(Br)c2c1CN1CCc3cc(OC)c(O)cc3[C@@H]1C2,train,train,train,2,2,0.7758621,0.7758621,0.7758621
COCCOc1c(O)cc(Br)c2c1CN1CCc3cc(OC)c(O)cc3[C@@H]1C2,train,train,train,2,2,0.85714287,0.85714287,0.85714287
CCOc1c(O)ccc2c1CN1CCc3cc(OC)c(O)cc3[C@@H]1C2,test,test,train,2,2,0.8490566,0.8490566,0.8490566
CCCOc1c(O)ccc2c1CN1CCc3cc(OC)c(O)cc3[C@@H]1C2,train,train,train,2,2,0.9056604,0.9056604,0.9056604
CCCCOc1c(O)ccc2c1CN1CCc3cc(OC)c(O)cc3[C@@H]1C2,train,train,train,2,2,0.9433962,0.9433962,0.9433962
CCCCCOc1c(O)ccc2c1CN1CCc3cc(OC)c(O)cc3[C@@H]1C2,train,train,train,2,2,0.9811321,0.9811321,0.9811321
CCCCCCOc1c(O)ccc2c1CN1CCc3cc(OC)c(O)cc3[C@@H]1C2,train,train,train,2,2,0.9811321,0.9811321,0.9811321
CCC(C)Oc1c(O)ccc2c1CN1CCc3cc(OC)c(O)cc3[C@@H]1C2,test,test,train,2,2,0.75,0.75,0.75438595
COCCOc1c(O)ccc2c1CN1CCc3cc(OC)c(O)cc3[C@@H]1C2,train,train,train,2,2,0.8518519,0.8518519,0.8518519
O=C(NCCC(O)CN1CCN(c2cccc(Cl)c2Cl)CC1)c1cc2cc(F)ccc2o1,train,train,train,1,1,0.8333333,0.8333333,0.8333333
COc1ccccc1N1CCN(CC(O)CCNC(=O)c2cc3cc(F)ccc3o2)CC1,train,train,train,1,1,0.86153847,0.86153847,0.86153847
COc1ccc2oc(C(=O)NCCC(O)CN3CCN(c4cccc(Cl)c4Cl)CC3)cc2c1,train,train,train,1,1,0.8428571,0.79710144,0.8428571
COc1ccc2oc(C(=O)NCCC(O)CN3CCN(c4ccccc4OC)CC3)cc2c1,train,train,train,1,1,0.86153847,0.86153847,0.86153847
CS(=O)(=O)c1ccc2c(c1)N(CCCN1CCC(C(N)=O)CC1)c1ccccc1S2,train,train,train,1,1,0.7413793,0.7413793,0.7413793
CC(=O)N[C@H]1CC[C@H](CCN2CCC(c3noc4cc(F)ccc34)CC2)CC1,test,test,train,0,0,0.86440676,0.86440676,0.86440676
O=C(N[C@H]1CC[C@H](CCN2CCC(c3noc4cc(F)ccc34)CC2)CC1)C1CCOCC1,train,train,train,0,0,0.7361111,0.7361111,0.8153846
COCCC(=O)N[C@H]1CC[C@H](CCN2CCC(c3noc4cc(F)ccc34)CC2)CC1,train,train,train,0,0,0.8787879,0.8787879,0.8208955
O=C(N[C@H]1CC[C@H](CCN2CCC(c3noc4cc(F)ccc34)CC2)CC1)c1ccc(N2CCOCC2)cc1,train,train,train,0,0,0.884058,0.884058,0.884058
O=C(N[C@H]1CC[C@H](CCN2CCC(c3noc4cc(F)ccc34)CC2)CC1)c1ccc(N2CCOCC2)nc1,train,train,train,0,0,0.84,0.84,0.8243243
O=C(N[C@H]1CC[C@H](CCN2CCC(c3noc4cc(F)ccc34)CC2)CC1)c1cnc(N2CCOCC2)cn1,train,train,test,0,0,0.8181818,0.8181818,0.8181818
O=C(N[C@H]1CC[C@H](CCN2CCC(c3noc4cc(F)ccc34)CC2)CC1)c1ccc(N2CCOCC2)nn1,train,train,train,0,0,0.81578946,0.81578946,0.7922078
O=C(N[C@H]1CC[C@H](CCN2CCC(c3noc4cc(F)ccc34)CC2)CC1)c1cnc(N2CCOCC2)nc1,train,train,test,0,0,0.84,0.84,0.84
O=C(N[C@H]1CC[C@H](CCN2CCC(c3noc4cc(F)ccc34)CC2)CC1)c1ccc(N2CCOCC2)c(F)c1,train,train,train,0,0,0.8356164,0.8356164,0.8356164
CN(C)c1ccc(C(=O)N[C@H]2CC[C@H](CCN3CCC(c4noc5cc(F)ccc45)CC3)CC2)cc1,train,train,train,0,0,0.8115942,0.8115942,0.8115942
O=C(Cc1ccc2c(c1)OCO2)N[C@H]1CC[C@H](CCN2CCC(c3noc4cc(F)ccc34)CC2)CC1,train,train,train,0,0,0.8169014,0.8169014,0.8169014
COc1ccc(C(=O)N[C@H]2CC[C@H](CCN3CCC(c4noc5cc(F)ccc45)CC3)CC2)cc1,test,test,train,0,0,0.8115942,0.8115942,0.85714287
CC(C)(C)Oc1ccc(C(=O)N[C@H]2CC[C@H](CCN3CCC(c4noc5cc(F)ccc45)CC3)CC2)cc1,test,test,train,0,0,0.7887324,0.7887324,0.85714287
O=C(N[C@H]1CC[C@H](CCN2CCC(c3noc4cc(F)ccc34)CC2)CC1)c1ccc(Cl)cc1,train,train,train,0,0,0.8115942,0.8115942,0.8115942
O=C(N[C@H]1CC[C@H](CCN2CCC(c3noc4cc(F)ccc34)CC2)CC1)c1ccc(N2CCS(=O)(=O)CC2)cc1,train,train,train,0,0,0.8888889,0.8888889,0.8888889
O=C(N[C@H]1CC[C@H](CCN2CCC(c3noc4cc(F)ccc34)CC2)CC1)c1ccnc(N2CCOCC2)c1,test,test,train,0,0,0.8181818,0.8181818,0.8181818
COc1cc(C(=O)N[C@H]2CC[C@H](CCN3CCC(c4noc5cc(F)ccc45)CC3)CC2)ccn1,test,test,test,0,0,0.7368421,0.7368421,0.7837838
O=C(N[C@H]1CC[C@H](CCN2CCC(c3noc4cc(F)ccc34)CC2)CC1)c1ccc(N2CCCCC2)cc1,train,train,train,0,0,0.884058,0.884058,0.884058
O=C(N[C@H]1CC[C@H](CCN2CCC(c3noc4cc(F)ccc34)CC2)CC1)C1COc2ccccc2O1,test,test,train,0,0,0.7027027,0.7027027,0.70422536
Cc1ccn(CC(=O)N[C@H]2CC[C@H](CCN3CCC(c4noc5cc(F)ccc45)CC3)CC2)n1,test,test,train,0,0,0.7222222,0.7222222,0.7536232
O=C(N[C@H]1CC[C@H](CCN2CCC(c3noc4cc(F)ccc34)CC2)CC1)c1ccc(-n2cccc2)cc1,train,train,train,0,0,0.8055556,0.8055556,0.8055556
O=C(N[C@H]1CC[C@H](CCN2CCC(c3noc4cc(F)ccc34)CC2)CC1)C1(O)CC1,test,test,train,0,0,0.7941176,0.7941176,0.78125
O=C(N[C@H]1CC[C@H](CCN2CCC(c3noc4cc(F)ccc34)CC2)CC1)C1(C(F)(F)F)CCC1,train,train,test,0,0,0.7536232,0.7536232,0.7941176
O=C(CC(F)(F)F)N[C@H]1CC[C@H](CCN2CCC(c3noc4cc(F)ccc34)CC2)CC1,train,train,train,0,0,0.7647059,0.7647059,0.7936508
COc1cc(CC(=O)N[C@H]2CC[C@H](CCN3CCC(c4noc5cc(F)ccc45)CC3)CC2)cc(OC)c1,train,train,train,0,0,0.7746479,0.7746479,0.7777778
CC1CN(c2ccc(C(=O)N[C@H]3CC[C@H](CCN4CCC(c5noc6cc(F)ccc56)CC4)CC3)cc2)CC(C)O1,test,test,train,0,0,0.89041096,0.89041096,0.89041096
O=C(N[C@H]1CC[C@H](CCN2CCC(c3noc4cc(F)ccc34)CC2)CC1)c1ccc2c(c1)OCO2,train,train,train,0,0,0.884058,0.884058,0.884058
CC(=O)N[C@H]1CC[C@H](CCN2CCC(c3noc4ccc(F)cc34)CC2)CC1,train,train,train,0,0,0.8,0.8,0.86440676
O=C(N[C@H]1CC[C@H](CCN2CCC(c3noc4ccc(F)cc34)CC2)CC1)c1ccc(N2CCOCC2)cc1,train,train,test,0,0,0.884058,0.884058,0.884058
COCCC(=O)N[C@H]1CC[C@H](CCN2CCC(c3noc4ccc(F)cc34)CC2)CC1,train,train,test,0,0,0.8787879,0.8787879,0.8787879
O=C(N[C@H]1CC[C@H](CCN2CCC(c3noc4ccc(F)cc34)CC2)CC1)c1ccc(N2CCCCC2)cc1,train,train,train,0,0,0.884058,0.884058,0.884058
CC1CN(c2ccc(C(=O)N[C@H]3CC[C@H](CCN4CCC(c5noc6ccc(F)cc56)CC4)CC3)cc2)CC(C)O1,train,train,train,0,0,0.8108108,0.8108108,0.89041096
O=C(N[C@H]1CC[C@H](CCN2CCC(c3noc4ccc(F)cc34)CC2)CC1)c1ccc(N2CCS(=O)(=O)CC2)cc1,train,train,train,0,0,0.8888889,0.8888889,0.8888889
O=C(N[C@H]1CC[C@H](CCN2CCC(c3noc4ccc(F)cc34)CC2)CC1)c1ccc2c(c1)OCO2,train,train,train,0,0,0.884058,0.884058,0.884058
COCCC(=O)N[C@H]1CC[C@H](CCN2CCC(c3noc4cc(Cl)ccc34)CC2)CC1,train,train,test,0,0,0.8235294,0.8235294,0.8235294
O=C(N[C@H]1CC[C@H](CCN2CCC(c3noc4cc(Cl)ccc34)CC2)CC1)C(O)C(F)(F)F,train,train,test,0,0,0.78125,0.78125,0.78125
CO[C@@H]1CC[C@@H](CC(=O)N[C@H]2CC[C@H](CCN3CCC(c4noc5cc(Cl)ccc45)CC3)CC2)OC1,test,test,test,0,0,0.8356164,0.8356164,0.7605634
O=C(CC1CCC2(CC1)OCCO2)N[C@H]1CC[C@H](CCN2CCC(c3noc4cc(Cl)ccc34)CC2)CC1,train,train,train,0,0,0.8484849,0.8484849,0.8484849
COC(CC(=O)N[C@H]1CC[C@H](CCN2CCC(c3noc4cc(Cl)ccc34)CC2)CC1)OC,train,train,train,0,0,0.8235294,0.8235294,0.8235294
C[C@@H](O)CC(=O)N[C@H]1CC[C@H](CCN2CCC(c3noc4cc(Cl)ccc34)CC2)CC1,train,train,train,0,0,0.8235294,0.8235294,0.8235294
CC1(C)OC[C@H](CC(=O)N[C@H]2CC[C@H](CCN3CCC(c4noc5cc(Cl)ccc45)CC3)CC2)O1,train,train,train,0,0,0.7826087,0.7826087,0.7826087
CO[C@H]1CC[C@H](CC(=O)N[C@H]2CC[C@H](CCN3CCC(c4noc5cc(Cl)ccc45)CC3)CC2)C1,train,train,test,0,0,0.8333333,0.8333333,0.8333333
COC[C@H]1CC[C@H](CC(=O)N[C@H]2CC[C@H](CCN3CCC(c4noc5cc(Cl)ccc45)CC3)CC2)CC1,train,train,train,0,0,0.8888889,0.8888889,0.8888889
CC1(O)CCC(CC(=O)N[C@H]2CC[C@H](CCN3CCC(c4noc5cc(Cl)ccc45)CC3)CC2)CC1,train,train,train,0,0,0.86153847,0.86153847,0.86153847
CC(=O)N[C@H]1CC[C@H](CCN2CCC(c3noc4cc(Cl)ccc34)CC2)CC1,train,train,train,0,0,0.8196721,0.8196721,0.8196721
CCS(=O)(=O)N[C@H]1CC[C@H](CCN2CCC(c3noc4cc(F)ccc34)CC2)CC1,test,test,train,0,0,0.74626863,0.74626863,0.73913044
O=S(=O)(N[C@H]1CC[C@H](CCN2CCC(c3noc4cc(F)ccc34)CC2)CC1)c1ccc(Cl)cc1,train,train,test,0,0,0.7605634,0.7605634,0.8115942
COc1ccc(S(=O)(=O)N[C@H]2CC[C@H](CCN3CCC(c4noc5cc(F)ccc45)CC3)CC2)cc1,test,test,train,0,0,0.8115942,0.8115942,0.73913044
O=S(=O)(N[C@H]1CC[C@H](CCN2CCC(c3noc4cc(F)ccc34)CC2)CC1)c1cccnc1,train,train,train,0,0,0.7605634,0.7605634,0.7297297
N#CCCC(=O)N[C@H]1CC[C@H](CCN2CCC(c3noc4cc(Cl)ccc34)CC2)CC1,train,train,train,0,0,0.8484849,0.8484849,0.8484849
N#CCC(=O)N[C@H]1CC[C@H](CCN2CCC(c3noc4cc(Cl)ccc34)CC2)CC1,train,train,train,0,0,0.8484849,0.8484849,0.8484849
O=C(CC1CC1)N[C@H]1CC[C@H](CCN2CCC(c3noc4cc(Cl)ccc34)CC2)CC1,train,train,train,0,0,0.8888889,0.8888889,0.8888889
O=C(CO)N[C@H]1CC[C@H](CCN2CCC(c3noc4cc(Cl)ccc34)CC2)CC1,train,train,train,0,0,0.8666667,0.8666667,0.8666667
CS(=O)(=O)CC(=O)N[C@H]1CC[C@H](CCN2CCC(c3noc4cc(Cl)ccc34)CC2)CC1,train,train,train,0,0,0.8,0.8,0.8
O=C(CC1OCCCO1)N[C@H]1CC[C@H](CCN2CCC(c3noc4cc(Cl)ccc34)CC2)CC1,train,train,train,0,0,0.87096775,0.87096775,0.87096775
CO[C@H]1CC[C@H](CC(=O)N[C@H]2CC[C@H](CCN3CCC(c4noc5ccc(Cl)cc45)CC3)CC2)CC1,test,test,train,0,0,0.8169014,0.8169014,0.8
CS(=O)(=O)N[C@H]1CC[C@H](CCN2CCC(c3noc4ccc(F)cc34)CC2)CC1,test,test,train,0,0,0.74603176,0.74603176,0.74603176
COCCC(=O)N[C@H]1CC[C@H](CCN2CCC(c3noc4cc(Cl)c(F)cc34)CC2)CC1,train,train,train,0,0,0.8787879,0.8787879,0.8787879
O=C(CC1CCCO1)N[C@H]1CC[C@H](CCN2CCC(c3noc4cc(Cl)c(F)cc34)CC2)CC1,train,train,train,0,0,0.75714284,0.75714284,0.75714284
COCC(=O)N[C@H]1CC[C@H](CCN2CCC(c3noc4cc(F)c(F)cc34)CC2)CC1,train,train,train,0,0,0.84375,0.84375,0.84375
CO[C@@H]1CC[C@@H](CC(=O)N[C@H]2CC[C@H](CCN3CCC(c4noc5cc(F)c(F)cc45)CC3)CC2)C1,train,train,test,0,0,0.8208955,0.8208955,0.9230769
CO[C@H]1CC[C@H](CC(=O)N[C@H]2CC[C@H](CCN3CCC(c4noc5cc(F)c(F)cc45)CC3)CC2)CC1,test,test,train,0,0,0.9230769,0.9230769,0.83076924
COCCC(=O)N[C@H]1CC[C@H](CCN2CCC(c3noc4cc(F)c(F)cc34)CC2)CC1,train,train,train,0,0,0.8787879,0.8787879,0.8787879
CC(=O)N[C@H]1CC[C@H](CCN2CCC(c3noc4cc(F)c(F)cc34)CC2)CC1,train,train,train,0,0,0.8,0.8,0.8135593
O=C(CO)N[C@H]1CC[C@H](CCN2CCC(c3noc4cc(F)c(F)cc34)CC2)CC1,test,test,train,0,0,0.86440676,0.86440676,0.86440676
O=C(CCO)N[C@H]1CC[C@H](CCN2CCC(c3noc4cc(F)c(F)cc34)CC2)CC1,train,train,train,0,0,0.8125,0.8125,0.86440676
O=C(C[C@H]1CC[C@H](O)CC1)N[C@H]1CC[C@H](CCN2CCC(c3noc4cc(F)c(F)cc34)CC2)CC1,train,train,train,0,0,0.90163934,0.90163934,0.83076924
O=C(C[C@@H]1CC[C@@H](O)C1)N[C@H]1CC[C@H](CCN2CCC(c3noc4cc(F)c(F)cc34)CC2)CC1,train,train,test,0,0,0.90163934,0.90163934,0.90163934
O=C(N[C@H]1CC[C@H](CCN2CCC(c3noc4cc(F)c(F)cc34)CC2)CC1)C1CCOCC1,test,test,train,0,0,0.8153846,0.8153846,0.8153846
O=C(CC1OCCCO1)N[C@H]1CC[C@H](CCN2CCC(c3noc4cc(F)c(F)cc34)CC2)CC1,train,train,train,0,0,0.8125,0.8125,0.8125
CC(=O)N[C@H]1CC[C@H](CCN2CCC(c3noc4cc(C)ccc34)CC2)CC1,test,test,train,0,0,0.81666666,0.81666666,0.81666666
O=C1CCc2ccc(OCCCCN3CCCN(c4cccc(Cl)c4Cl)CC3)nc2N1,test,train,train,1,1,0.6956522,0.6376812,0.6956522
O=C1CCc2ccc(OCCCCN3CCCN(c4cccc(Cl)c4Cl)CC3)cc2N1,train,test,train,1,1,0.9310345,0.9310345,0.9310345
COc1c(O)ccc2c1CN1CCc3cc4c(cc3[C@@H]1C2)OCO4,test,test,train,2,2,0.7307692,0.7307692,0.7307692
COc1ccc2c(c1OC)CN1CCc3cc4c(cc3[C@@H]1C2)OCO4,test,test,test,2,2,0.75510204,0.75510204,0.78846157
COc1cc2c(cc1OC)[C@@H]1Cc3ccc(O)c(OC)c3CN1CC2,train,train,train,2,2,0.8043478,0.8043478,0.8043478
COc1cc2c(cc1O)CCN1Cc3c(ccc(OC)c3OC)C[C@@H]21,train,train,test,2,2,0.82608694,0.82608694,0.82608694
COc1cc2c(cc1OC)[C@@H]1Cc3ccc(OC)c(OC)c3CN1CC2,train,train,train,2,2,0.82608694,0.82608694,0.8043478
O=C(CCCN1CCN(c2cccc(Cl)c2Cl)CC1)Nc1ccn2nccc2c1,train,train,train,1,1,0.72727275,0.72727275,0.7076923
COc1ccccc1N1CCN(CCCC(=O)Nc2ccn3nccc3c2)CC1,train,train,train,1,1,0.73134327,0.73134327,0.73134327
O=Cc1cnn2ccc(NC(=O)CCCN3CCN(c4cccc(Cl)c4Cl)CC3)cc12,train,train,test,1,1,0.86153847,0.86153847,0.7910448
COc1ccccc1N1CCN(CCCC(=O)Nc2ccn3ncc(C=O)c3c2)CC1,train,train,train,1,1,0.8636364,0.8636364,0.8636364
O=C(CCCN1CCN(c2cccc(Cl)c2Cl)CC1)Nc1ccn2ncc(/C=N\O)c2c1,train,train,test,1,1,0.86153847,0.86153847,0.75714284
COc1ccccc1N1CCN(CCCC(=O)Nc2ccn3ncc(/C=N\O)c3c2)CC1,train,train,train,1,1,0.8636364,0.8636364,0.8636364
N#Cc1cnn2ccc(NC(=O)CCCN3CCN(c4cccc(Cl)c4Cl)CC3)cc12,train,train,train,1,1,0.7910448,0.7910448,0.73239434
COc1ccccc1N1CCN(CCCC(=O)Nc2ccn3ncc(C#N)c3c2)CC1,train,train,train,1,1,0.7941176,0.7941176,0.7941176
COc1ccccc1N1CCN(CCCCOc2ccc3ccnn3c2)CC1,train,train,train,1,1,0.6896552,0.7368421,0.7368421
COc1ccccc1N1CCN(CCCCOc2ccn3nccc3c2)CC1,test,train,train,1,1,0.7627119,0.7368421,0.7627119
CCOC(=O)c1cc2cc(OCCCCN3CCN(c4ccccc4OC)CC3)ccn2n1,test,test,train,1,1,0.7536232,0.7536232,0.72727275
COc1ccccc1N1CCN(CCCCOc2ccn3nc(CO)cc3c2)CC1,train,test,train,1,1,0.74603176,0.7627119,0.7627119
COc1ccccc1N1CCN(CCCCOc2ccn3nc(C=O)cc3c2)CC1,train,train,train,1,1,0.74603176,0.796875,0.796875
COc1ccccc1N1CCN(CCCCOc2ccn3nc(/C=N/O)cc3c2)CC1,test,train,train,1,1,0.796875,0.796875,0.796875
COc1ccccc1N1CCN(CCCCOc2ccn3nc(C#N)cc3c2)CC1,test,test,train,1,1,0.74603176,0.72307694,0.74603176
COc1ccccc1N1CCN(CCCCOc2ccc3c(C=O)cnn3c2)CC1,train,test,train,1,1,0.82258064,0.7619048,0.82258064
COc1ccccc1N1CCN(CCCCOc2ccn3ncc(C=O)c3c2)CC1,test,train,train,1,1,0.82539684,0.82539684,0.82539684
CCCN(CCCCOc1ccc2c(C=O)cnn2c1)[C@H]1CCc2c(O)cccc2C1,train,train,train,2,2,0.8450704,0.8450704,0.8450704
CCCN(CCCCOc1ccn2ncc(C=O)c2c1)[C@H]1CCc2c(O)cccc2C1,train,train,train,2,2,0.8472222,0.8472222,0.8472222
COc1ccccc1N1CCN(CCCCOc2ccc3c(/C=N/O)cnn3c2)CC1,train,test,train,1,1,0.82258064,0.77272725,0.82258064
COc1ccccc1N1CCN(CCCCOc2ccn3ncc(/C=N/O)c3c2)CC1,train,train,train,1,1,0.77272725,0.82539684,0.82539684
CCCN(CCCCOc1ccc2c(/C=N/O)cnn2c1)[C@H]1CCc2c(O)cccc2C1,train,train,train,2,2,0.8450704,0.8450704,0.8450704
CCCN(CCCCOc1ccn2ncc(/C=N\O)c2c1)[C@H]1CCc2c(O)cccc2C1,train,train,train,2,2,0.8472222,0.8472222,0.8472222
COc1ccccc1N1CCN(CCCCOc2ccn3ncc(C#N)c3c2)CC1,train,train,train,1,1,0.72307694,0.75,0.75
CN(CCCCOc1ccc2c(c1)NC(=O)CC2)[C@@H]1Cc2cccc3[nH]c(=O)n(c23)C1,train,train,train,2,2,0.5375,0.5375,0.5375
CCCn1c(=O)n2c3c(cccc31)C[C@@H](N(C)CCCCNC(=O)c1cc3ccccc3[nH]1)C2,test,test,train,2,2,0.8243243,0.8243243,0.8648649
CCCN(CCCCNC(=O)c1cc2ccccc2[nH]1)[C@@H]1Cc2cccc3c2n(c(=O)n3CCC)C1,test,test,train,2,2,0.92957747,0.92957747,0.92957747
CN[C@@H]1Cc2cccc3c2n(c(=O)n3CCOCCOCCOCCOc2ccc3c(c2)NC(=O)CC3)C1,train,train,train,2,2,0.8636364,0.8636364,0.8636364
CN[C@@H]1Cc2cccc3c2n(c(=O)n3CCOCCOCCOCCCCc2ccccc2)C1,train,train,test,2,2,1.0,1.0,1.0
CN[C@@H]1Cc2cccc3c2n(c(=O)n3CCOCCOCCCCc2ccccc2)C1,train,train,train,2,2,1.0,1.0,0.90909094
CCCN(CCC)[C@@H]1Cc2cccc3c2n(c(=O)n3CCCCNC(=O)c2cc3ccccc3[nH]2)C1,train,train,train,2,2,0.5942029,0.5942029,0.92957747
CCCN[C@@H]1Cc2cccc3c2n(c(=O)n3CCCCNC(=O)c2cc3ccccc3[nH]2)C1,test,test,train,2,2,0.76,0.76,0.76
CN[C@@H]1Cc2cccc3c2n(c(=O)n3CCCCCCCCCCCCOc2ccc3c(c2)NC(=O)CC3)C1,train,train,train,2,2,0.983871,0.983871,0.983871
CN[C@@H]1Cc2cccc3c2n(c(=O)n3CCCCOc2ccc3c(c2)NC(=O)CC3)C1,train,train,train,2,2,0.983871,0.983871,0.983871
CN[C@@H]1Cc2cccc3c2n(c(=O)n3CCCCCCCCOCCCCc2ccccc2)C1,test,test,train,2,2,1.0,1.0,1.0
CN[C@@H]1Cc2cccc3c2n(c(=O)n3CCCCCCOCCCCc2ccccc2)C1,train,train,train,2,2,0.9811321,0.9811321,1.0
CCCN[C@@H]1Cc2cccc3c2n(c(=O)n3CCCCCCOCCCCc2ccccc2)C1,train,train,train,2,2,0.8196721,0.8196721,0.8196721
CN[C@@H]1Cc2cccc3c2n(c(=O)n3CCCCOCCCCc2ccccc2)C1,train,train,train,2,2,0.9811321,0.9811321,0.9811321
CCCN[C@@H]1Cc2cccc3c2n(c(=O)n3CCCCOCCCCc2ccccc2)C1,test,test,test,2,2,0.98275864,0.98275864,0.98275864
O=C1CCc2ccc(OCCCCN3CCN(c4ccc(O)c5[nH]c(=O)ccc45)CC3)cc2N1,test,test,train,1,1,0.71428573,0.75,0.9375
O=C1CCc2ccc(OCCCCN3CCN(c4ccc(O)c5oc(=O)ccc45)CC3)cc2N1,test,train,train,1,1,0.93650794,0.93650794,0.93650794
O=C1CCc2ccc(OCCCCN3CCN(c4ccc(O)c5c4OCC(=O)N5)CC3)cc2N1,test,test,train,1,1,0.93846154,0.93846154,0.93846154
O=C1CCc2ccc(OCCCCN3CCN(c4ccc(O)c5c4OCCO5)CC3)cc2N1,train,train,train,1,1,0.75714284,0.75714284,0.8030303
O=C1CCc2ccc(OCCCCN3CCN(c4ccc(O)c5ncccc45)CC3)cc2N1,train,train,train,1,1,0.6857143,0.7246377,0.7246377
O=C1CCc2ccc(OCCCCN3CCCN(c4ccc(O)c5[nH]c(=O)ccc45)CC3)cc2N1,test,test,train,1,1,0.7638889,0.7638889,0.9375
O=C1CCc2ccc(OCCCCN3CCCN(c4ccc(O)c5oc(=O)ccc45)CC3)cc2N1,train,train,train,1,1,0.70666665,0.93650794,0.93650794
O=C1CCc2ccc(OCCCCN3CCCN(c4ccc(O)c5c4OCC(=O)N5)CC3)cc2N1,train,train,train,1,1,0.75714284,0.75714284,0.93846154
O=c1ccc2c(N3CCN(CCCCOc4ccn5nccc5c4)CC3)ccc(O)c2[nH]1,train,train,test,1,1,0.9375,0.9375,0.9375
O=c1ccc2c(N3CCN(CCCCOc4ccn5nccc5c4)CC3)ccc(O)c2o1,train,test,train,1,1,0.7352941,0.7352941,0.72307694
O=C1COc2c(N3CCN(CCCCOc4ccn5nccc5c4)CC3)ccc(O)c2N1,test,test,train,1,1,0.7432432,0.7432432,0.7432432
Oc1ccc(N2CCN(CCCCOc3ccn4nccc4c3)CC2)c2c1OCCO2,test,train,train,1,1,0.71428573,0.70149255,0.73134327
Oc1ccc(N2CCN(CCCCOc3ccn4nccc4c3)CC2)c2cccnc12,train,test,train,1,1,0.72307694,0.71428573,0.72307694
O=c1ccc2c(N3CCCN(CCCCOc4ccn5nccc5c4)CC3)ccc(O)c2[nH]1,train,train,train,1,1,0.9375,0.9375,0.6944444
CCCCn1cc(CCCOc2ccc(C(=O)NCCCN3CCCN(c4ccc(O)c5[nH]c(=O)ccc45)CC3)cc2OC)nn1,train,train,train,1,1,0.9764706,0.9764706,0.9764706
CCCCn1cc(CCCOc2ccc(C(=O)NCCCCN3CCCN(c4ccc(O)c5[nH]c(=O)ccc45)CC3)cc2OC)nn1,train,train,train,1,1,0.9764706,0.9764706,0.9764706
COc1ccccc1N1CCN(CCCSc2nnc(-c3ccccc3)n2C)CC1,test,test,train,1,1,0.8214286,0.8214286,0.8703704
Cn1c(SCCCN2CCC3(CC2)CCN(c2cccc(Cl)c2Cl)CC3)nnc1-c1ccccc1,train,train,test,3,3,0.79310346,0.79310346,0.79310346
Cn1c(SCCCN2CCC3(CC2)CCN(c2cccc(C#N)c2)CC3)nnc1-c1ccccc1,train,train,test,3,3,0.6875,0.6875,0.6875
Cn1c(SCCCN2CCC3(CC2)CCN(c2ccccn2)CC3)nnc1-c1ccccc1,train,train,train,3,3,0.7118644,0.7118644,0.7118644
Cn1c(SCCCN2CCC3(CC2)CCN(c2ccc(F)cc2)CC3)nnc1-c1ccccc1,train,train,train,3,3,0.79310346,0.79310346,0.79310346
COc1ccc(N2CCC3(CCN(CCCSc4nnc(-c5ccccc5)n4C)CC3)CC2)cc1,train,train,train,3,3,0.79310346,0.79310346,0.79310346
COc1ccccc1N1CCC2(CCN(CCCSc3nnc(-c4ccccc4)n3C)CC2)CC1,test,test,train,3,3,0.94545454,0.94545454,0.94545454
COc1ccccc1N1CCC2(CCN(CCCSc3nnc(-c4ccccc4)n3C)CC2)C1,train,train,train,3,3,0.9137931,0.9137931,0.9122807
COc1ccccc1N1CCC12CCN(CCCSc1nnc(-c3ccccc3)n1C)CC2,train,train,train,3,3,0.89285713,0.89285713,0.89285713
COc1ccccc1N1CC2(CCN(CCCSc3nnc(-c4ccccc4)n3C)CC2)C1,train,train,train,3,3,0.9122807,0.9122807,0.9122807
COc1ccccc1N1CCC2(CCN(CCCSc3nnc(-c4ccccc4)n3C)C2)C1,train,train,test,3,3,0.9137931,0.9137931,0.9137931
COc1ccccc1N1CCC2(CN(CCCSc3nnc(-c4ccccc4)n3C)C2)C1,train,train,test,3,3,0.9137931,0.9137931,0.8965517
COc1ccccc1N1CCC12CN(CCCSc1nnc(-c3ccccc3)n1C)C2,train,train,train,3,3,0.89285713,0.89285713,0.89285713
COc1ccccc1N1CC2(CN(CCCSc3nnc(-c4ccccc4)n3C)C2)C1,train,train,test,3,3,0.877193,0.877193,0.8596491
c1ccc2c(c1)CC(CN1CCN(c3ccc4c(c3)OCCO4)CC1)C2,train,train,train,4,4,0.52,0.52,0.52
Fc1ccc(N2CCN(CCC3OCCc4ccccc43)CC2)cc1,test,test,train,4,4,0.4262295,0.4262295,0.4262295
Cc1ccc(N2CCN(CCC3C(=O)Nc4ccccc43)CC2)cc1C,train,train,train,4,4,0.6727273,0.6727273,0.6727273
CC(C)Oc1cccnc1N(C)C1CCN(Cc2ccc(I)cc2)CC1,train,train,test,4,4,0.33333334,0.33333334,0.3283582
c1ccc(CCC2CN(Cc3c[nH]c4ccccc34)CCO2)cc1,train,train,train,4,4,0.6981132,0.6981132,0.6981132
c1ccc(OCC2CN(Cc3c[nH]c4ccccc34)CCO2)cc1,train,train,train,4,4,0.6981132,0.6981132,0.6981132
COc1ccccc1OCCNCC1COCC(c2ccccc2)(c2ccccc2)O1,train,train,train,2,2,0.84,0.84,0.84
Oc1ccccc1OCCNCC1COCC(c2ccccc2)(c2ccccc2)O1,train,train,train,2,2,0.78,0.78,0.78
COCOc1ccccc1OCCNCC1COCC(c2ccccc2)(c2ccccc2)O1,train,train,train,2,2,0.84,0.84,0.84
COc1cc2c(cc1OC)C(C)=C(C(=O)NCCCCN1CCN(c3ccccc3F)CC1)C2,train,train,train,1,1,0.57746476,0.57746476,0.57746476
O=C(NCCCCN1CCN(c2cccc(Cl)c2Cl)CC1)c1cncc(Br)c1,train,train,train,1,1,0.71428573,0.71428573,0.71428573
O=Cc1cnn2ccc(OCCCCN3CCN(c4ccc(O)c5[nH]c(=O)ccc45)CC3)cc12,train,train,train,1,1,0.884058,0.884058,0.884058
O=Cc1cnn2ccc(OCCCCN3CCN(c4ccc(O)c5c4OCC(=O)N5)CC3)cc12,train,train,train,1,1,0.7638889,0.7638889,0.8888889
O=Cc1cnn2ccc(OCCCCN3CCN(c4ccc(O)c5c4OCCO5)CC3)cc12,train,train,train,1,1,0.7638889,0.7638889,0.7638889
O=c1ccc2c(N3CCN(CCCCOc4ccn5ncc(/C=N/O)c5c4)CC3)ccc(O)c2[nH]1,train,train,train,1,1,0.884058,0.884058,0.884058
O=C1COc2c(N3CCN(CCCCOc4ccn5ncc(/C=N/O)c5c4)CC3)ccc(O)c2N1,test,test,train,1,1,0.8888889,0.8888889,0.8888889
O/N=C/c1cnn2ccc(OCCCCN3CCN(c4ccc(O)c5c4OCCO5)CC3)cc12,test,test,test,1,1,0.86153847,0.86153847,0.86153847
O=c1ccc2c(N3CCNCC3)ccc(O)c2[nH]1,test,test,train,4,4,0.64444447,0.45454547,0.725
O=C1COc2c(N3CCNCC3)ccc(O)c2N1,train,train,train,4,4,0.902439,0.902439,0.902439
O=C1COc2c(N3CCCNCC3)ccc(O)c2N1,train,train,train,4,4,0.902439,0.902439,0.902439
Oc1ccc(N2CCNCC2)c2c1OCCO2,train,train,test,4,4,0.6666667,0.5952381,0.5952381
CN1CCN(c2ccc(O)c3[nH]c(=O)ccc23)CC1,test,test,train,1,1,0.74418604,0.484375,0.74418604
CN1CCN(c2ccc(O)c3c2OCC(=O)N3)CC1,train,train,train,1,1,0.9047619,0.9047619,0.9047619
CN1CCCN(c2ccc(O)c3c2OCC(=O)N3)CC1,train,train,train,1,1,0.9047619,0.9047619,0.9047619
CN1CCN(c2ccc(O)c3c2OCCO3)CC1,train,test,test,1,1,0.7105263,0.7105263,0.7105263
CCCN1CCN(c2ccc(O)c3[nH]c(=O)ccc23)CC1,train,test,train,1,1,0.53846157,0.53846157,0.74418604
CCCN1CCN(c2ccc(O)c3c2OCC(=O)N3)CC1,test,train,train,1,1,0.9148936,0.9148936,0.76086956
CCCN1CCCN(c2ccc(O)c3c2OCC(=O)N3)CC1,train,train,test,1,1,0.74509805,0.9148936,0.9148936
CCCN1CCN(c2ccc(O)c3c2OCCO3)CC1,train,train,train,1,1,0.7105263,0.625,0.625
CCCCC1CCN(CCCN2C(=O)CCc3ccccc32)CC1,train,train,train,2,2,0.9347826,0.9347826,0.8913044
CC1CCN(CCCN2C(=O)CCc3ccccc32)CC1,train,train,train,2,2,0.7446808,0.7446808,0.7446808
CCCC1CCN(CCCN2C(=O)CCc3ccccc32)CC1,train,train,train,2,2,0.8913044,0.8913044,0.8913044
CCCCCC1CCN(CCCN2C(=O)CCc3ccccc32)CC1,train,train,test,2,2,0.9347826,0.9347826,0.9347826
O=C1CCc2ccccc2N1CCCN1CCC(CCCO)CC1,train,train,train,1,1,0.9148936,0.9148936,0.79591835
O=C1CCc2ccccc2N1CCCN1CCC(CCCCCO)CC1,train,train,test,1,1,1.0,1.0,0.9148936
O=C1CCc2ccccc2N1CCCN1CCC(CCCCCCCO)CC1,train,train,test,1,1,1.0,1.0,0.9148936
O=C1CCc2ccccc2N1CCCN1CCC(c2ccccc2)CC1,train,train,train,4,4,0.73913044,0.73913044,0.73913044
O=C1CCc2ccccc2N1CCCN1CCC(Cc2ccccc2)CC1,train,train,train,4,4,0.8125,0.8125,0.8125
O=C1CCc2ccccc2N1CCCN1CCC(CCc2ccccc2)CC1,train,train,train,4,4,0.8125,0.8125,0.8125
CCCCN1CCN(CCCN2C(=O)CCc3ccccc32)CC1,train,train,train,1,1,0.76086956,0.76086956,0.76086956
O=C1CCc2ccccc2N1CCCN1CCN(c2ccccc2)CC1,train,train,train,4,4,0.75,0.73333335,0.75
O=C1CCc2ccccc2N1CCCN1CCN(Cc2ccccc2)CC1,test,test,train,4,4,0.81395346,0.81395346,0.81395346
O=C1CCc2ccccc2N1CCCN1CCN(CCc2ccccc2)CC1,train,train,train,4,4,0.75,0.75,0.81395346
O=C(NCCCCN1CCN(c2cccc(Cl)c2Cl)CC1)c1cnc2ccccc2c1,train,test,train,1,1,0.81666666,0.81666666,0.81666666
N#Cc1cccc(N2CCNCC2)c1,train,train,train,4,4,0.42857143,0.42857143,0.5609756
N#Cc1ccc2c(c1)CCNC2,test,test,train,2,2,0.8518519,0.8518519,0.8518519
N#Cc1ccc2c(c1)CNCC2,train,train,train,2,2,0.41860464,0.41860464,0.8518519
CCCCN1CCN(c2cccc(C#N)c2)CC1,test,test,train,4,4,0.5609756,0.5609756,0.5609756
CCCCN1CCc2cc(C#N)ccc2C1,train,train,train,2,2,0.8947368,0.8947368,0.8947368
CCCCN1CCc2ccc(C#N)cc2C1,train,train,train,2,2,0.8947368,0.8947368,0.8947368
N#Cc1ccc2c(c1)CN(CC[C@H]1CC[C@H](NC(=O)c3cc4ccccc4[nH]3)CC1)CC2,train,train,test,0,0,0.9206349,0.9206349,0.9206349
O=C(NC[C@@H]1C[C@H]1CN1CCN(c2cccc(Cl)c2Cl)CC1)c1cc2ccccc2[nH]1,train,train,test,1,1,0.6923077,0.6923077,0.6923077
O=C(NC[C@@H]1C[C@H]1CN1CCN(c2cccc(Cl)c2Cl)CC1)c1ccnc2ccccc12,test,train,train,1,1,0.5972222,0.6527778,0.6527778
N#Cc1cccc(N2CCN(C[C@@H]3C[C@H]3CNC(=O)c3ccnc4ccccc34)CC2)c1,test,train,train,1,1,0.6944444,0.6944444,0.6944444
N#Cc1ccc2c(c1)CCN(C[C@@H]1C[C@H]1CNC(=O)c1ccnc3ccccc13)C2,train,train,train,2,2,0.93650794,0.93650794,0.93650794
N#Cc1ccc2c(c1)CN(C[C@@H]1C[C@H]1CNC(=O)c1ccnc3ccccc13)CC2,train,train,train,2,2,0.93650794,0.93650794,0.93650794
N#Cc1ccc2c(c1)CN(C[C@@H]1C[C@H]1CNC(=O)c1cc3ccccc3[nH]1)CC2,train,train,train,2,2,0.859375,0.859375,0.859375
N#Cc1ccc2c(c1)CN(C[C@@H]1C[C@H]1CCNC(=O)c1cc3ccccc3[nH]1)CC2,train,train,train,2,2,0.859375,0.859375,0.859375
N#Cc1ccc2c(c1)CN(C[C@@H]1C[C@H]1CCNC(=O)c1cc3cccnc3[nH]1)CC2,train,train,test,2,2,0.8235294,0.8235294,0.8235294
N#Cc1ccc2c(c1)CN(CC[C@@H]1C[C@H]1CNC(=O)c1cc3ccccc3[nH]1)CC2,test,test,test,2,2,0.84615386,0.84615386,0.84615386
N#Cc1ccc2c(c1)CN(CC[C@@H]1C[C@H]1CNC(=O)c1cc3cccnc3[nH]1)CC2,train,train,train,2,2,0.7777778,0.7777778,0.6849315
CC(C)(C)c1nc(N2CCN(CCCCNC(=O)c3cc4ccccn4n3)CC2)cc(C(F)(F)F)n1,train,train,train,1,1,0.67105263,0.67105263,0.67105263
CC(C)(C)c1nc(N2CCN(CCCCNC(=O)c3cc4ccccc4s3)CC2)cc(C(F)(F)F)n1,train,train,test,1,1,0.67142856,0.7826087,0.7826087
COc1cccc(-c2ccc3c(c2)CCN(Cc2ccccc2)C3)c1,train,train,train,2,2,0.42465752,0.42465752,0.46666667
C=C(C)CN1CCN(c2ccc3c(c2)CN(C(=O)OCc2ccccc2)CC3)CC1,train,train,train,4,4,0.7,0.7,0.7
O=C(OCc1ccccc1)N1CCc2ccc(N3CCN(C4CCCC4)CC3)cc2C1,train,train,train,2,2,0.7,0.7,0.7
NCCCCCCn1cc(CCCCN2CCC(c3ccc(-c4cc(C(=O)O)cc5cc(-c6ccc(C(F)(F)F)cc6)ccc45)cc3)CC2)nn1,test,test,train,1,1,0.53246754,0.53246754,0.53246754
CCCN[C@H]1CCC2N=C(N)SC2C1,test,test,train,2,2,0.40816328,0.40816328,0.28301886
CCCN1CCC(c2cccc(O)c2)C1,test,test,train,2,2,0.84210527,0.84210527,0.84210527
CCCCN1CCC(c2cccc(O)c2)C1,test,test,train,2,2,0.8974359,0.8974359,0.92105263
CCCCCN1CCC(c2cccc(O)c2)C1,test,test,train,2,2,0.9736842,0.9736842,0.9736842
CCCCCCN1CCC(c2cccc(O)c2)C1,train,train,train,2,2,1.0,1.0,1.0
CCCCCCCN1CCC(c2cccc(O)c2)C1,test,test,test,2,2,1.0,1.0,1.0
CCCCCCCCN1CCC(c2cccc(O)c2)C1,test,test,train,2,2,1.0,1.0,1.0
CCCCCCCCCN1CCC(c2cccc(O)c2)C1,test,test,train,2,2,1.0,1.0,1.0
CCCCCCCCCCN1CCC(c2cccc(O)c2)C1,train,train,train,2,2,1.0,1.0,1.0
CN(C)c1ccc(C(=O)NCCCCN2CCC(c3cccc(O)c3)C2)cc1,train,test,train,1,1,0.57894737,0.57894737,0.58928573
O=C1c2ccccc2C(=O)N1CCCCN1CCN(c2cccc(F)c2F)CC1,train,train,train,1,1,0.6666667,0.6666667,0.6666667
OC1(c2ccc(Cl)c(C(F)(F)F)c2)CCN(CCCC=C(c2ccc(F)cc2)c2ccc(F)cc2)CC1,test,test,train,4,4,0.6721311,0.6721311,0.6721311
OC1(c2ccc(Cl)c(C(F)(F)F)c2)CCN(CCCN(c2ccc(F)cc2)c2ccc(F)cc2)CC1,train,train,train,4,4,0.9607843,0.9607843,0.9607843
OC1(c2ccc(Cl)c(C(F)(F)F)c2)CCN(CCCCN(c2ccc(F)cc2)c2ccc(F)cc2)CC1,train,train,train,4,4,0.9607843,0.9607843,0.9607843
OC1(c2ccc(Cl)c(C(F)(F)F)c2)CCN(CCCCC(c2ccc(F)cc2)c2ccc(F)cc2)CC1,train,train,train,4,4,0.9423077,0.9423077,0.9423077
OC1(c2ccc(Cl)c(C(F)(F)F)c2)CCN(CCCC(c2ccccc2)c2ccccc2)CC1,train,train,train,4,4,0.8490566,0.8490566,0.8490566
COc1ccc(N(CCCCN2CCC(O)(c3ccc(Cl)c(C(F)(F)F)c3)CC2)c2ccc(OC)cc2)cc1,train,train,test,1,1,0.79310346,0.79310346,0.79310346
OC1(c2ccc(Cl)c(C(F)(F)F)c2)CCN(CCCC(c2ccc(F)cc2)c2ccc(F)cc2)CC1,train,train,train,4,4,0.9423077,0.9423077,0.9423077
COc1cc2c(cc1O)CN(CCCCNC(=O)c1ccc(C#N)cc1)CC2,train,test,train,1,1,0.89285713,0.8103448,0.89285713
COc1cc2c(cc1O)CN(CCCCNC(=O)c1ccc(C(N)=O)cc1)CC2,train,train,test,1,1,0.8545455,0.8545455,0.8545455
COc1cc2c(cc1O)CN(CCCCNC(=O)c1ccc(I)cc1)CC2,test,train,train,1,1,0.8545455,0.8545455,0.8545455
COc1cc2c(cc1O)CN(CCCCNC(=O)c1ccc(Br)cc1)CC2,train,train,test,1,1,0.8545455,0.8545455,0.8545455
COc1cc2c(cc1O)CN(CCCCNC(=O)c1ccc(Cl)cc1)CC2,train,train,train,1,1,0.8545455,0.8545455,0.8545455
COc1cc2c(cc1O)CN(CCCCNC(=O)c1ccc(F)cc1)CC2,train,train,test,1,1,0.8545455,0.8545455,0.8545455
COc1cccc(C(=O)NCCCCN2CCc3cc(OC)c(O)cc3C2)c1,test,test,train,1,1,0.8135593,0.8135593,0.8135593
COc1ccc(C(=O)NCCCCN2CCc3cc(OC)c(O)cc3C2)cc1,train,train,train,1,1,0.8703704,0.8703704,0.8703704
COc1cc2c(cc1O)CN(CCCCNC(=O)c1ccc(O)cc1)CC2,train,train,train,1,1,0.8703704,0.8703704,0.8703704
COc1cc2c(cc1O)CN(CCCCNC(=O)c1ccncc1)CC2,test,train,train,1,1,0.8214286,0.8214286,0.8214286
COc1cc2c(cc1O)CN(CCCCNC(=O)c1ccnc3ccccc13)CC2,train,test,train,1,1,0.6769231,0.6818182,0.6818182
COc1cc2c(cc1O)CN(CCCCNC(=O)c1ccc3ccccc3c1)CC2,train,train,train,1,1,0.85714287,0.85714287,0.85714287
COc1cc2c(cc1O)CN(CCCCNC(=O)c1ccc(-c3ccccc3)cc1)CC2,train,train,train,1,1,0.83928573,0.83928573,0.83928573
COc1cc2c(cc1OC)CN(CCCCNC(=O)c1ccc(C#N)cc1)CC2,train,test,train,1,1,0.89285713,0.7118644,0.89285713
CCCCCCCCCCC[C@@H]1CCN[C@H](C(=O)NCC(O)CO)C1,train,train,train,2,2,0.20895523,0.20895523,0.203125
COc1ccccc1N1CCN(CCNC(=O)/N=N/c2ccc(F)cc2)CC1,test,train,train,1,1,0.8888889,0.8888889,0.6166667
COc1ccccc1N1CCN(CCCNC(=O)/N=N/c2ccc(F)cc2)CC1,train,train,test,1,1,0.9622642,0.9622642,0.8888889
COc1ccccc1N1CCN(CCNC(=O)NN(Cc2ccccc2)c2ccc(F)cc2)CC1,train,train,train,1,1,0.9,0.9,0.9
COc1ccccc1N1CCN(CCCNC(=O)NN(Cc2ccccc2)c2ccc(F)cc2)CC1,train,train,train,1,1,0.9661017,0.9661017,0.9661017
COc1ccccc1N1CCN(CCCCNC(=O)NN(Cc2ccccc2)c2ccc(F)cc2)CC1,train,train,train,1,1,0.9661017,0.9661017,0.9661017
COc1ccccc1N1CCN(CCCNC(=O)NN(Cc2ccccc2)c2ccccc2)CC1,train,train,train,1,1,0.89830506,0.89830506,0.89830506
COc1ccccc1N1CCN(CCCNC(=O)NN(Cc2ccc(F)cc2)c2ccccc2)CC1,train,train,test,1,1,0.9491525,0.9491525,0.9491525
COc1ccccc1N1CCN(CCCNC(=O)NN(Cc2ccccc2F)c2ccc(F)cc2)CC1,train,train,train,1,1,0.90625,0.90625,0.90625
COc1ccccc1N1CCN(CCCNC(=O)NN(Cc2cccc(F)c2)c2ccc(F)cc2)CC1,train,train,test,1,1,0.880597,0.880597,0.92424244
COc1ccccc1N1CCN(CCCNC(=O)NN(Cc2ccc(F)cc2)c2ccc(F)cc2)CC1,train,train,train,1,1,0.9491525,0.9491525,0.9491525
COc1cccc(CN(NC(=O)NCCCN2CCN(c3ccccc3OC)CC2)c2ccc(F)cc2)c1,train,train,test,1,1,0.880597,0.880597,0.90909094
COc1ccccc1N1CCN(CCCNC(=O)NN(Cc2ccc(C#N)cc2)c2ccc(F)cc2)CC1,train,train,train,1,1,0.884058,0.8769231,0.884058
COc1ccccc1N1CCN(CCCNC(=O)NN(Cc2ccc(-c3ccccc3)cc2)c2ccc(F)cc2)CC1,train,train,train,1,1,0.91935486,0.91935486,0.91935486
COc1ccccc1N1CCN(CCCNC(=O)NN(Cc2ccccc2)c2ccc(Cl)cc2)CC1,train,train,train,1,1,0.8833333,0.8833333,0.8833333
COc1ccccc1N1CCN(CCCNC(=O)NN(Cc2ccccc2F)c2ccc(Cl)cc2)CC1,train,train,train,1,1,0.90625,0.90625,0.90625
COc1ccccc1N1CCN(CCCNC(=O)NN(Cc2ccccc2)c2ccc(Cl)cc2Cl)CC1,train,train,test,1,1,0.8208955,0.8472222,0.8472222
COc1ccccc1N1CCN(CCCNC(=O)NN(Cc2ccc(C#N)cc2)c2ccc(Cl)cc2Cl)CC1,test,train,train,1,1,0.8472222,0.8472222,0.7307692
COc1ccccc1N1CCN(CCCNC(=O)NN(Cc2ccccc2)c2ccc(Br)cc2)CC1,train,test,train,1,1,0.8833333,0.8833333,0.8833333
COc1ccccc1N1CCN(CCCNC(=O)NN(Cc2ccccc2F)c2ccc(Br)cc2)CC1,train,train,train,1,1,0.8923077,0.8923077,0.8923077
COc1ccc(N(Cc2ccccc2)NC(=O)NCCCN2CCN(c3ccccc3OC)CC2)cc1,train,train,train,1,1,0.89830506,0.89830506,0.89830506
COc1ccc(N(Cc2ccccc2F)NC(=O)NCCCN2CCN(c3ccccc3OC)CC2)cc1,test,train,test,1,1,0.90625,0.90625,0.90625
COc1ccc(N(Cc2cccc(F)c2)NC(=O)NCCCN2CCN(c3ccccc3OC)CC2)cc1,test,test,train,1,1,0.92424244,0.92424244,0.86764705
COc1ccc(N(Cc2ccc(F)cc2)NC(=O)NCCCN2CCN(c3ccccc3OC)CC2)cc1,test,test,train,1,1,0.93442625,0.93442625,0.93442625
COc1ccc(N(Cc2cccc(OC)c2)NC(=O)NCCCN2CCN(c3ccccc3OC)CC2)cc1,test,test,train,1,1,0.90909094,0.90909094,0.875
COc1ccc(N(Cc2ccc(C#N)cc2)NC(=O)NCCCN2CCN(c3ccccc3OC)CC2)cc1,train,test,train,1,1,0.884058,0.884058,0.884058
C=CCN(NC(=O)NCCCN1CCN(c2ccccc2OC)CC1)c1ccc(OC)cc1,train,train,train,1,1,0.8,0.8,0.8
C=C(C)CN(NC(=O)NCCCN1CCN(c2ccccc2OC)CC1)c1ccc(OC)cc1,train,train,train,1,1,0.8,0.8,0.8
O=C(NCCCN1CCN(c2ccc(Cl)cc2)CC1)NN(Cc1ccccc1)c1ccccc1,test,test,test,1,1,0.877193,0.877193,0.877193
O=C(NCCCN1CCN(c2ccc(Br)cc2)CC1)NN(Cc1ccccc1)c1ccccc1,train,train,train,1,1,0.877193,0.877193,0.8867925
O=C(NCCCN1CCN(c2ncccn2)CC1)NN(Cc1ccccc1)c1ccccc1,train,train,train,1,1,0.875,0.875,0.875
O=C(NCCCN1CCN(c2ccc(Cl)cc2)CC1)NN(Cc1ccc(F)cc1)c1ccccc1,train,train,train,1,1,0.8360656,0.8360656,0.8360656
O=C(NCCCN1CCN(c2ccc(Br)cc2)CC1)NN(Cc1ccc(F)cc1)c1ccccc1,train,train,train,1,1,0.877193,0.877193,0.877193
O=C(NCCCN1CCN(c2ncccn2)CC1)NN(Cc1ccc(F)cc1)c1ccccc1,train,train,train,1,1,0.875,0.875,0.875
O=C(NCCN1CCN(c2ccc(Br)cc2)CC1)NN(Cc1ccccc1)c1ccccc1,test,test,train,1,1,0.8867925,0.8867925,0.8867925
O=C(NCCCN1CCN(c2ccc(I)cc2)CC1)NN(Cc1ccccc1)c1ccccc1,train,train,test,1,1,0.8867925,0.8867925,0.8214286
O=C(NCCN1CCN(c2ccc(I)cc2)CC1)NN(Cc1ccccc1)c1ccccc1,train,train,test,1,1,0.8867925,0.8867925,0.8148148
COc1ccccc1N1CCN(CCCCOc2ccc3scnc3c2)CC1,train,train,test,1,1,0.72131145,0.72131145,0.72131145
COc1ccccc1N1CCN(CCCCOc2ccc3sc(N)nc3c2)CC1,train,train,train,1,1,0.72131145,0.72131145,0.66101694
C=CCN1CCc2nc(N)sc2CC1,train,train,train,4,4,0.5,0.5,0.5
Nc1nc2c(s1)CCN(CCCCN1CCN(c3cccc(Cl)c3Cl)CC1)CC2,train,train,train,1,1,0.6666667,0.6666667,0.6666667
Nc1nc2c(s1)CCN(CCCCN1CCN(c3ncccn3)CC1)CC2,train,train,train,1,1,0.63829786,0.63829786,0.63829786
Clc1cccc(N2CCN(CCCCN3CCc4ncsc4CC3)CC2)c1Cl,train,train,train,1,1,0.6666667,0.6666667,0.6666667
c1cnc(N2CCN(CCCCN3CCc4ncsc4CC3)CC2)nc1,train,train,train,1,1,0.7297297,0.7297297,0.7297297
O=C(c1ccccc1)N1CCN(CCN2CCc3ncsc3CC2)CC1,train,train,test,1,1,0.60465115,0.60465115,0.60465115
COc1ccccc1N1CCN(CCN2CCc3ncsc3CC2)CC1,test,test,train,1,1,0.93333334,0.93333334,0.93333334
COc1ccccc1N1CCN(CCCN2CCc3ncsc3CC2)CC1,train,train,train,1,1,0.95555556,0.95555556,0.95555556
COc1ccccc1N1CCN(CCCCN2CCc3ncsc3CC2)CC1,train,train,train,1,1,0.95555556,0.95555556,0.95555556
c1nc2c(s1)CCN(CCCCN1CCc3ncsc3CC1)CC2,train,train,train,1,1,0.7297297,0.7297297,0.7297297
O=C(NCCCCN1CCc2ncsc2CC1)C12CC3CC(CC(C3)C1)C2,train,train,test,1,1,0.5869565,0.5869565,0.5869565
COc1ccccc1N1CCN(CCCN2CCCc3ncsc3C2)CC1,train,train,train,1,1,0.78846157,0.78846157,0.78846157
CN1CCc2cc(O)c(O)c3c2C1Cc1ccccc1-3,train,train,test,2,2,0.5,0.5,0.63829786
CN1CCc2cc(O)c(O)cc2C1Cc1ccccc1Br,train,train,train,2,2,0.36842105,0.36842105,0.34920636
COc1ccc(N2CCN(CCCCNC(=O)c3ccc(-c4ccsc4)cc3)CC2)cc1,train,test,test,1,1,0.8214286,0.8214286,0.8214286
O=C(NCCCCN1CCN(c2ccccc2OCCF)CC1)c1ccc(-c2ccsc2)cc1,test,train,train,1,1,0.78125,0.78125,0.78125
CCCCN1CCN(c2ccccc2OCCF)CC1,train,train,train,1,1,0.6904762,0.6904762,0.6904762
O=C(NCCCCN1CCN(c2ccccc2)CC1)c1ccc(-c2ccsc2)cc1,train,train,test,1,1,0.8518519,0.8518519,0.8518519
O=C(NCCCCN1CCN(c2ccccc2Cl)CC1)c1ccc(-c2ccsc2)cc1,train,train,train,1,1,0.875,0.875,0.875
O=C(NCCCCN1CCN(c2cccc(Cl)c2)CC1)c1ccc(-c2ccsc2)cc1,train,train,train,1,1,0.85714287,0.85714287,0.85714287
O=C(NCCCCN1CCN(c2ccc(Cl)cc2)CC1)c1ccc(-c2ccsc2)cc1,train,train,train,1,1,0.8518519,0.8518519,0.8518519
O=C(NCCCCN1CCN(c2cccc(Cl)c2Cl)CC1)c1ccc(-c2ccsc2)cc1,train,train,train,1,1,0.875,0.875,0.875
O=C(NCCCCN1CCN(c2ccc(Cl)cc2Cl)CC1)c1ccc(-c2ccsc2)cc1,train,train,train,1,1,0.79310346,0.79310346,0.79310346
O=C(NCCCCN1CCN(c2cc(Cl)cc(Cl)c2)CC1)c1ccc(-c2ccsc2)cc1,train,train,train,1,1,0.8545455,0.8545455,0.8545455
COc1ccccc1N1CCN(CCCCNC(=O)c2ccc(-c3ccsc3)cc2)CC1,train,train,train,1,1,0.9322034,0.8548387,0.8548387
COc1cccc(N2CCN(CCCCNC(=O)c3ccc(-c4ccsc4)cc3)CC2)c1,train,train,train,1,1,0.81666666,0.8032787,0.8032787
O=C(NCCCCN1CCN(c2ccccc2O)CC1)c1ccc(-c2ccsc2)cc1,train,train,train,1,1,0.8363636,0.8363636,0.8363636
O=C(NCCCCN1CCN(c2cccc(O)c2)CC1)c1ccc(-c2ccsc2)cc1,train,train,train,1,1,0.85714287,0.85714287,0.85714287
O=C(NCCCCN1CCN(c2ccc(O)cc2)CC1)c1ccc(-c2ccsc2)cc1,train,train,test,1,1,0.86538464,0.86538464,0.86538464
Cc1ccccc1N1CCN(CCCCNC(=O)c2ccc(-c3ccsc3)cc2)CC1,train,train,train,1,1,0.8214286,0.8214286,0.8214286
Cc1cccc(N2CCN(CCCCNC(=O)c3ccc(-c4ccsc4)cc3)CC2)c1,train,train,train,1,1,0.82758623,0.82758623,0.82758623
Cc1ccc(N2CCN(CCCCNC(=O)c3ccc(-c4ccsc4)cc3)CC2)cc1,train,train,train,1,1,0.86538464,0.86538464,0.8333333
N#Cc1ccccc1N1CCN(CCCCNC(=O)c2ccc(-c3ccsc3)cc2)CC1,train,train,test,1,1,0.80701756,0.80701756,0.80701756
N#Cc1cccc(N2CCN(CCCCNC(=O)c3ccc(-c4ccsc4)cc3)CC2)c1,train,train,train,1,1,0.78688526,0.78688526,0.8032787
N#Cc1ccc(N2CCN(CCCCNC(=O)c3ccc(-c4ccsc4)cc3)CC2)cc1,test,test,train,1,1,0.8035714,0.8035714,0.8032787
O=C(NCCCCN1CCN(c2ccccc2C(F)(F)F)CC1)c1ccc(-c2ccsc2)cc1,train,train,train,1,1,0.779661,0.779661,0.779661
O=C(NCCCCN1CCN(c2cccc(C(F)(F)F)c2)CC1)c1ccc(-c2ccsc2)cc1,train,train,train,1,1,0.81666666,0.81666666,0.81666666
O=C(NCCCCN1CCN(c2ccc(C(F)(F)F)cc2)CC1)c1ccc(-c2ccsc2)cc1,train,train,train,1,1,0.8181818,0.8181818,0.81666666
CCCN1CCO[C@@H]2c3cc(OCCCCN4C(=O)c5ccccc5C4=O)ccc3OC[C@H]21,train,train,train,2,2,0.6619718,0.6619718,0.6619718
CCCN1CCO[C@@H]2c3cc(OCCCCNC(=O)c4ccc5c(c4)Cc4ccccc4-5)ccc3OC[C@H]21,train,train,train,2,2,0.70238096,0.70238096,0.70238096
CCCN1CCO[C@@H]2c3cc(OCCCCNC(=O)c4cc5ccccc5[nH]4)ccc3OC[C@H]21,train,train,train,2,2,0.73417723,0.73417723,0.8181818
CCCN1CCO[C@@H]2c3cc(OCCCCNC(=O)c4cc5ccccc5o4)ccc3OC[C@H]21,train,train,test,2,2,0.73417723,0.73417723,0.73417723
CCCN1CCO[C@@H]2c3cc(OCCCCNC(=O)c4nc5ccccc5s4)ccc3OC[C@H]21,train,train,train,2,2,0.70238096,0.70238096,0.70238096
CCCN1CCO[C@@H]2c3cc(OCCCCNC(=O)c4ccc5scnc5c4)ccc3OC[C@H]21,train,train,train,2,2,0.70238096,0.70238096,0.70238096
CCCN1CCO[C@@H]2c3cc(OCCCCNC(=O)c4cc5cccnc5[nH]4)ccc3OC[C@H]21,test,test,train,2,2,0.8181818,0.8181818,0.8181818
CCCN1CCO[C@@H]2c3cc(OCCCCOc4ccc5c(c4)NC(=O)CC5)ccc3OC[C@H]21,train,train,train,2,2,0.6619718,0.6619718,0.79710144
Oc1ccc2c(c1)[C@H]1OCCN[C@@H]1CO2,train,train,train,2,2,0.4489796,0.4489796,0.4489796
O=C1CCc2ccc(OCCCCN3CCO[C@@H]4c5cc(O)ccc5OC[C@H]43)cc2N1,test,test,train,2,2,0.79710144,0.79710144,0.79710144
CCc1cc(Cl)c(OC)c(N2CCN(CCCCOc3ccc4c(c3)NC(=O)CC4)CC2)c1,test,test,test,1,1,0.6857143,0.6857143,0.6857143
CCc1cccc(N2CCN(CCCCOc3ccc4c(c3)NC(=O)CC4)CC2)c1Cl,train,train,train,1,1,0.8196721,0.8196721,0.8196721
CCCN1CC(c2ccc(N)nc2)OC[C@@H]1C,train,train,train,2,2,0.67346936,0.67346936,0.67346936
CCCN(CCC)c1ccc(C2CN(CCC)[C@@H](C)CO2)cn1,train,train,train,2,2,0.67346936,0.67346936,0.67346936
C[C@H]1CO[C@H](c2ccc(N)nc2)CN1CCCCNC(=O)c1cc2ccccc2[nH]1,train,train,train,1,1,0.8055556,0.8055556,0.8055556
C[C@H]1CO[C@@H](c2ccc(N)nc2)CN1C[C@H]1C[C@@H]1CCNC(=O)c1cc2ccccc2[nH]1,train,train,train,2,2,0.8055556,0.8055556,0.8055556
COc1ccc2[nH]cc(C3=CCN(Cc4cc(=O)[nH]c5ccccc45)CC3)c2c1,train,train,train,4,4,0.45945945,0.45945945,0.45945945
COc1cc2c(cc1OC)C(=O)N(CCCCN1CCN(c3ccccn3)CC1)CCC2,train,train,train,1,1,0.71929824,0.71929824,0.71929824
Cc1cccc2cc(CNCc3ccccc3)c(Cl)nc12,test,test,train,4,4,0.39285713,0.39285713,0.39285713
Cc1ccc(C(=O)C2CCN(CC(=O)NC3CCCC3)CC2)cc1,test,test,test,0,0,0.40350878,0.40350878,0.40350878
COc1ccccc1OCCNCC1OCCOC1(c1ccccc1)c1ccccc1,train,train,train,2,2,0.55172414,0.55172414,0.55172414
COc1ccccc1N1CCN(CC2COCC(c3ccccc3)(c3ccccc3)O2)CC1,test,train,train,1,1,0.55932206,0.55932206,0.55932206
COc1ccccc1N1CCN(C[C@H]2OCCOC2(c2ccccc2)c2ccccc2)CC1,train,train,train,1,1,0.5423729,0.55932206,0.55932206
Cc1cc(Oc2nccc3occc23)ccc1-c1c(C)ncc2nccn12,train,train,train,4,4,0.7719298,0.7719298,0.7719298
Cc1ncc2nccn2c1-c1ccc(Oc2nccc3occc23)cc1C(F)(F)F,train,train,train,4,4,0.7719298,0.7719298,0.7719298
FC(F)(F)c1cc(Oc2nccc3ccsc23)ccc1-c1cccc2nccn12,test,test,train,2,2,0.46575344,0.46575344,0.46575344
Cc1ccc(C2CCN(CC(=O)Nc3cccc(C)c3)CC2)cc1,train,train,train,2,2,0.8695652,0.8695652,0.8695652
Cc1cccc(NC(=O)CN2CCC(c3ccc(Cl)cc3)CC2)c1,train,train,train,4,4,0.8695652,0.8695652,0.8695652
CCc1cccc(NC(=O)CN2CCC(c3ccccn3)CC2)c1,train,train,train,2,2,0.6964286,0.6964286,0.6964286
Cc1cccc(NC(=O)CN2CCN(c3ccccn3)CC2)c1,test,train,test,1,1,0.7755102,0.7755102,0.7755102
Cc1cccc(NC(=O)CN2CCN(c3ncccn3)CC2)c1,train,train,train,1,1,0.59615386,0.7755102,0.59615386
CCc1cccc(NC(=O)CN2CCN(c3ccccn3)CC2)c1,train,train,train,1,1,0.6964286,0.7692308,0.6964286
COc1ccccc1N1CCC2(CCN(CCCSc3nnc(-c4ccc(N(C)C)cc4)n3C)CC2)CC1,train,train,train,3,3,0.83870965,0.83870965,0.85
COc1ccccc1-c1nnc(SCCCN2CCC3(CC2)CCN(c2ccccc2OC)CC3)n1C,test,test,test,3,3,0.87931037,0.87931037,0.87931037
COc1ccccc1N1CCC2(CCN(CCCSc3nnc(-c4cccnc4)n3C)CC2)CC1,test,test,train,3,3,0.8095238,0.8095238,0.852459
COc1ccccc1N1CCC2(CCN(CCCSc3nnc(-c4ccc(-c5ccsc5)cc4)n3C)CC2)CC1,train,train,train,3,3,0.7878788,0.7878788,0.796875
COc1ccccc1N1CCC2(CCN(CCCSc3nnc(-c4ccc(-c5ncco5)cc4)n3C)CC2)CC1,train,train,train,3,3,0.7647059,0.7647059,0.77272725
COc1ccccc1N1CCC2(CCN(CCCSc3nnc(-c4ccccc4F)n3C)CC2)CC1,train,train,train,3,3,0.8360656,0.8360656,0.8360656
COc1ccccc1N1CCC2(CCN(CCCSc3nnc(-c4ccc(F)cc4)n3C)CC2)CC1,train,train,train,3,3,0.83870965,0.83870965,0.87931037
COc1ccccc1N1CCC2(CCN(CCCSc3nnc(C4CCCCC4)n3C)CC2)CC1,train,train,train,1,1,0.6764706,0.6764706,0.7076923
CCn1c(SCCCN2CCC3(CC2)CCN(c2ccccc2OC)CC3)nnc1-c1ccccc1,train,train,train,1,1,0.7903226,0.7903226,0.81666666
COc1ccccc1N1CCC2(CCN(CCCSc3nnc(-c4ccccc4)n3N)CC2)CC1,train,train,train,1,1,0.7903226,0.7903226,0.8305085
COc1ccccc1N1CCC2(CCN(CCCSc3nnc(-c4ccccc4)[nH]3)CC2)CC1,train,train,test,1,1,0.6769231,0.6769231,0.73015875
COc1ccccc1N1CCC2(CCN(CCCSc3ncc(-c4ccccc4)[nH]3)CC2)CC1,test,test,train,1,1,0.73015875,0.73015875,0.6923077
COc1ccccc1N1CCC2(CCN(CCCSc3ncc(-c4ccccc4)n3C)CC2)CC1,train,train,train,1,1,0.703125,0.703125,0.7419355
COc1ccccc1N1CCC2(CCN(CCSc3nnc(-c4ccccc4)n3C)CC2)CC1,train,train,test,1,1,0.875,0.875,0.8909091
COc1ccccc1N1CCC2(CCN(CCCCSc3nnc(-c4ccccc4)n3C)CC2)CC1,train,train,train,1,1,0.875,0.875,0.94545454
CCOc1ccccc1N1CCC2(CCN(CCCSc3nnc(-c4ccccc4)n3C)CC2)CC1,test,test,train,3,3,0.8360656,0.8360656,0.8448276
Cn1c(SCCCN2CCC3(CC2)CCN(c2ccccc2O)CC3)nnc1-c1ccccc1,train,train,train,3,3,0.8181818,0.8181818,0.7758621
Cn1c(SCCCN2CCC3(CC2)CCN(c2ccccc2OCCF)CC3)nnc1-c1ccccc1,train,train,train,3,3,0.75,0.75,0.8360656
COc1ccc(N2CCC3(CCN(CCCSc4nnc(-c5ccccc5)n4C)CC3)CC2)c(OC)c1,train,train,train,3,3,0.828125,0.828125,0.828125
Cn1c(SCCCN2CCC3(CC2)CCN(c2ccccc2F)CC3)nnc1-c1ccccc1,train,train,test,3,3,0.8181818,0.8181818,0.8181818
Cn1c(SCCCN2CCC3(CC2)CCN(c2ccc(C(F)(F)F)cc2F)CC3)nnc1-c1ccccc1,test,test,train,3,3,0.8,0.8,0.6956522
COc1cc(F)ccc1N1CCC2(CCN(CCCSc3nnc(-c4ccccc4)n3C)CC2)CC1,train,train,train,3,3,0.828125,0.828125,0.8360656
COc1ccccc1N1C=CC2(CCN(CCCSc3nnc(-c4ccccc4)n3C)CC2)CC1,train,train,test,3,3,0.734375,0.734375,0.734375
COc1ccccc1N1CCC2(CCN(CCCSc3nnc(-c4ccccc4)n3C)C2)CC1,train,train,train,3,3,0.9137931,0.9137931,0.8965517
COc1ccccc1N1CCC2(CCN(CCCCNC(=O)c3ccc(-c4ccsc4)cc3)CC2)CC1,train,train,train,1,1,0.8548387,0.8548387,0.8548387
COc1ccccc1N1CCC2(CCN(CCCCNC(=O)c3ccc(N(C)C)cc3)CC2)CC1,train,train,train,1,1,0.84210527,0.78688526,0.84210527
COc1ccccc1N1CCC2(CCN(CCCOc3ccc4c(c3)NC(=O)CC4)CC2)CC1,train,train,train,1,1,0.5857143,0.5857143,0.5857143
CCCCN1CCC2(CC1)CCN(c1ccccc1OC)CC2,train,train,train,1,1,0.85714287,0.85714287,0.85714287
CCCCN1CCC2(CC1)CCN(c1ccccc1OC)C2,train,train,train,1,1,0.88372093,0.88372093,0.88372093
CCCCN1CCC2(CCN(c3ccccc3OC)C2)C1,train,train,train,1,1,0.88372093,0.88372093,0.88372093
Cn1c(SCCCN2CCCCC2)nnc1-c1ccccc1,test,test,train,3,3,0.7777778,0.7777778,0.6730769
Cn1c(SCCCN2CCC(C)(C)CC2)nnc1-c1ccccc1,train,train,test,3,3,0.7291667,0.7291667,0.76086956
Cn1c(SCCCN2CCC3(CCNCC3)CC2)nnc1-c1ccccc1,test,test,test,3,3,0.8125,0.8125,0.73214287
Cn1c(SCCCN2CCNCC2)nnc1-c1ccccc1,train,train,test,3,3,0.7291667,0.7291667,0.7777778
NC(=O)c1ccn(-c2cccc(OC(=O)NCCN3CCN(c4ccccc4)CC3)c2)c1,train,train,train,1,1,0.6363636,0.6363636,0.8947368
Cc1cc(C(N)=O)c(-c2cccc(OC(=O)NCCN3CCN(c4ccccc4)CC3)c2)o1,train,train,train,1,1,0.9032258,0.9032258,0.9032258
Cc1cc(C(N)=O)c(-c2cccc(OC(=O)NCCN3CCN(c4ccccc4)CC3)c2)s1,test,test,train,1,1,0.7058824,0.7058824,0.7058824
Cn1c(C(N)=O)ccc1-c1cccc(OC(=O)NCCN2CCN(c3ccccc3)CC2)c1,train,train,train,1,1,0.6865672,0.6865672,0.6865672
NC(=O)c1ccn(-c2cccc(OC(=O)NCCCN3CCN(c4ccccc4)CC3)c2)c1,test,test,train,1,1,0.8947368,0.8947368,0.8947368
Cc1cc(C(N)=O)c(-c2cccc(OC(=O)NCCCN3CCN(c4ccccc4)CC3)c2)o1,train,train,train,1,1,0.9032258,0.9032258,0.9032258
CCc1cc(Cl)c(OC)c(N2CCN(CC(F)CCNC(=O)c3cc4ccccc4o3)CC2)c1,train,train,train,1,1,0.7887324,0.7887324,0.8450704
CCc1cccc(N2CCN(CC(F)CCNC(=O)c3cc4ccccc4o3)CC2)c1Cl,train,train,train,1,1,0.8333333,0.8333333,0.8333333
CCc1cc(Cl)c(OC)c(N2CCN(CC(O)CCNC(=O)c3ccc4c(c3)OCO4)CC2)c1,train,train,train,1,1,0.7083333,0.7083333,0.6666667
CCc1cccc(N2CCN(CC(O)CCNC(=O)c3ccc4c(c3)OCO4)CC2)c1Cl,train,train,test,1,1,0.7083333,0.7083333,0.7083333
CCc1cc2c(cc1N1CCN(CC(O)CCNC(=O)c3cc4ccccc4[nH]3)CC1)OCO2,train,train,train,1,1,0.70422536,0.70422536,0.70422536
CCc1cc2c(cc1N1CCN(CC(O)CCNC(=O)c3cc4ccccc4o3)CC1)OCO2,train,train,train,1,1,0.73913044,0.73913044,0.73913044
COc1ccc2c(c1)c(C1=CCNCC1)cn2S(=O)(=O)c1ccc2cccnc2c1,train,train,train,2,2,0.63380283,0.63380283,0.63380283
COc1ccc2c(c1)c(C1=CCNCC1)cn2S(=O)(=O)c1cncc2ccccc12,train,train,train,2,2,0.63380283,0.63380283,0.63380283
CCc1cc(Cl)c(OC)c(N2CCNCC2)c1,test,test,test,4,4,0.64444447,0.64444447,0.64444447
CCc1cccc(N2CCNCC2)c1Cl,train,train,train,4,4,0.62857145,0.62857145,0.62857145
CCc1cc(Cl)c(OC)c(N2CCN(C)CC2)c1,test,test,test,1,1,0.7380952,0.7380952,0.7380952
CCc1cccc(N2CCN(C)CC2)c1Cl,test,test,test,4,4,0.7105263,0.7105263,0.7105263
CCCCN1CCN(c2cc(CC)cc(Cl)c2OC)CC1,train,train,train,1,1,0.5625,0.5625,0.5625
CCCCN1CCN(c2cccc(CC)c2Cl)CC1,train,train,train,1,1,0.74358976,0.74358976,0.74358976
CCc1cc(Cl)c(OC)c(N2CCN(CCCCNC(=O)c3cc4ccccc4[nH]3)CC2)c1,train,train,train,1,1,0.7910448,0.7910448,0.7910448
CCc1cc(Cl)c(OC)c(N2CCN(CCCCNC(=O)c3cc4ccccc4o3)CC2)c1,train,train,train,1,1,0.8030303,0.8030303,0.8030303
CCc1cc(Cl)c(OC)c(N2CCN(CC(O)CCNC(=O)c3cc4ccccc4o3)CC2)c1,test,test,train,1,1,0.8450704,0.8450704,0.8450704
CCc1cccc(N2CCN(CCCCNC(=O)c3cc4ccccc4[nH]3)CC2)c1Cl,test,test,test,1,1,0.81666666,0.81666666,0.81666666
CCc1cccc(N2CCN(CCCCNC(=O)c3cc4ccccc4o3)CC2)c1Cl,test,test,train,1,1,0.81666666,0.81666666,0.77272725
CCc1cccc(N2CCN(CC(O)CCNC(=O)c3cc4ccccc4o3)CC2)c1Cl,train,train,train,1,1,0.8333333,0.8333333,0.8333333
CCc1cccc(N2CCN(CCCCNC(=O)c3cn4ccccc4n3)CC2)c1Cl,train,train,train,1,1,0.82258064,0.6825397,0.82258064
CCc1cccc(N2CCN(CC(O)CCNC(=O)c3cn4ccccc4n3)CC2)c1Cl,test,test,train,1,1,0.7647059,0.7647059,0.7647059
CCc1cccc(N2CCN(CCCCNC(=O)c3nc4sccn4c3C)CC2)c1Cl,train,train,test,1,1,0.64705884,0.64705884,0.64705884
CCc1c[nH]c(C(=O)NCCCCN2CCN(c3cccc(CC)c3Cl)CC2)n1,test,test,train,1,1,0.8333333,0.8333333,0.8333333
CCc1cccc(N2CCN(CCCCNC(=O)c3nc(C)c[nH]3)CC2)c1Cl,train,train,train,1,1,0.72307694,0.72307694,0.8333333
CCc1cccc(N2CCN(CC(O)CCNC(=O)c3nc(C)c[nH]3)CC2)c1Cl,test,test,train,1,1,0.75384617,0.75384617,0.75384617
CCc1cccc(N2CCN(C/C=C/CNC(=O)c3nc(C)c[nH]3)CC2)c1Cl,train,train,test,1,1,0.72307694,0.72307694,0.72307694
CCc1cccc(N2CCN(CCC(O)CNC(=O)c3cc4ccccc4[nH]3)CC2)c1Cl,train,train,train,1,1,0.7205882,0.828125,0.828125
O=S(=O)(c1ccccc1)N1CCc2ccc(N3CCNCC3)cc21,train,train,train,4,4,0.75555557,0.75555557,0.8181818
CN1CCN(c2ccc3c(c2)N(S(=O)(=O)c2ccccc2)CC3)CC1,train,train,train,4,4,0.81395346,0.81395346,0.81395346
CCN1CCN(c2ccc3c(c2)N(S(=O)(=O)c2ccccc2)CC3)CC1,test,test,train,4,4,0.8333333,0.8333333,0.8333333
CCCN1CCN(c2ccc3c(c2)N(S(=O)(=O)c2ccccc2)CC3)CC1,train,train,train,4,4,0.78723407,0.78723407,0.8367347
O=S(=O)(c1ccccc1)N1CCc2ccc(N3CCN(C4CCC4)CC3)cc21,train,train,train,4,4,0.8367347,0.8367347,0.8367347
CCN1CCC(c2cccc3c2CN(S(=O)(=O)c2ccccc2)C3)CC1,train,train,train,2,2,0.8367347,0.8367347,0.8367347
CCCN1CCC(c2cccc3c2CN(S(=O)(=O)c2ccccc2)C3)CC1,train,train,train,2,2,0.8367347,0.8367347,0.8367347
O=S(=O)(c1ccccc1)N1Cc2cccc(N3CCNCC3)c2C1,test,test,train,4,4,0.75,0.75,0.75
CN1CCN(c2cccc3c2CN(S(=O)(=O)c2ccccc2)C3)CC1,train,train,train,2,2,0.7826087,0.7826087,0.7826087
CCN1CCN(c2cccc3c2CN(S(=O)(=O)c2ccccc2)C3)CC1,train,train,train,4,4,0.82978725,0.82978725,0.82978725
CCCN1CCN(c2cccc3c2CN(S(=O)(=O)c2ccccc2)C3)CC1,train,train,train,1,1,0.82978725,0.82978725,0.82978725
O=S(=O)(c1ccccc1)N1Cc2cccc(N3CCN(C4CCC4)CC3)c2C1,test,test,test,2,2,0.7083333,0.7083333,0.7083333
CCCN1CCC(c2ccc3c(c2)CN(S(=O)(=O)c2ccccc2)C3)CC1,train,train,train,2,2,0.6727273,0.6727273,0.6727273
CCN1CCN(c2ccc3c(c2)CN(S(=O)(=O)c2ccccc2)C3)CC1,train,train,train,4,4,0.82608694,0.82608694,0.64705884
CCCN1CCN(c2ccc3c(c2)CN(S(=O)(=O)c2ccccc2)C3)CC1,train,train,test,4,4,0.82608694,0.82608694,0.82608694
CCN1CCC(c2cccc3c2CCN3S(=O)(=O)c2ccccc2)CC1,train,train,test,2,2,0.68,0.68,0.8367347
CCCN1CCC(c2cccc3c2CCN3S(=O)(=O)c2ccccc2)CC1,test,test,train,2,2,0.8367347,0.8367347,0.64285713
CN1CCN(c2cccc3c2CCN3S(=O)(=O)c2ccccc2)CC1,train,train,train,2,2,0.75555557,0.75555557,0.68085104
CCN1CCN(c2cccc3c2CCN3S(=O)(=O)c2ccccc2)CC1,train,train,test,4,4,0.82222223,0.82222223,0.75
CCCN1CCN(c2cccc3c2CCN3S(=O)(=O)c2ccccc2)CC1,train,train,test,1,1,0.82222223,0.82222223,0.75555557
O=S(=O)(c1ccccc1)N1CCc2c(N3CCN(C4CCC4)CC3)cccc21,test,test,train,4,4,0.68085104,0.68085104,0.68085104
CN1CCC(c2ccc3c(c2)CCN3S(=O)(=O)c2ccccc2)CC1,train,train,train,2,2,0.82222223,0.82222223,0.82222223
CCN1CCC(c2ccc3c(c2)CCN3S(=O)(=O)c2ccccc2)CC1,train,train,train,2,2,0.84,0.84,0.84
CCCN1CCC(c2ccc3c(c2)CCN3S(=O)(=O)c2ccccc2)CC1,train,train,train,2,2,0.84,0.84,0.84313726
O=S(=O)(c1ccccc1)N1CCc2cc(C3CCN(C4CCC4)CC3)ccc21,train,train,train,2,2,0.8367347,0.8367347,0.75510204
O=S(=O)(c1ccccc1)N1CCc2cc(N3CCNCC3)ccc21,test,test,train,4,4,0.8181818,0.8181818,0.8181818
CN1CCN(c2ccc3c(c2)CCN3S(=O)(=O)c2ccccc2)CC1,train,train,train,4,4,0.81395346,0.81395346,0.81395346
CCN1CCN(c2ccc3c(c2)CCN3S(=O)(=O)c2ccccc2)CC1,train,train,test,4,4,0.7826087,0.7826087,0.8333333
CCCN1CCN(c2ccc3c(c2)CCN3S(=O)(=O)c2ccccc2)CC1,test,test,train,4,4,0.8367347,0.8367347,0.8367347
O=S(=O)(c1ccccc1)N1CCc2cc(N3CCN(C4CCC4)CC3)ccc21,train,train,train,4,4,0.8367347,0.8367347,0.8367347
O=S(=O)(c1ccccc1)N1CCc2ccc(C3CCNCC3)cc21,train,train,test,2,2,0.7659575,0.7659575,0.7659575
CN1CCC(c2ccc3c(c2)N(S(=O)(=O)c2ccccc2)CC3)CC1,train,train,train,2,2,0.82222223,0.82222223,0.82222223
CCN1CCC(c2ccc3c(c2)N(S(=O)(=O)c2ccccc2)CC3)CC1,train,train,train,2,2,0.8367347,0.8367347,0.84
CCCN1CCC(c2ccc3c(c2)N(S(=O)(=O)c2ccccc2)CC3)CC1,test,test,train,2,2,0.84313726,0.84313726,0.84313726
O=S(=O)(c1ccccc1)N1CCc2ccc(C3CCN(C4CCC4)CC3)cc21,train,train,test,2,2,0.8367347,0.8367347,0.8367347
CC(=O)N1CCC(c2ccc(-c3cc(C(=O)O)cc4cc(-c5ccc(C(F)(F)F)cc5)ccc34)cc2)CC1,test,test,test,2,2,0.74545455,0.74545455,0.74545455
O=C(O)c1cc(-c2ccc(C3CCNCC3)cc2)c2ccc(-c3ccc(C(F)(F)F)cc3)cc2c1,train,train,train,2,2,0.28985506,0.28985506,0.53246754
CN1CCc2cccc3c2C1Cc1ccc(NC(N)=O)cc1-3,train,train,train,2,2,0.45614034,0.45614034,0.5272727
CN1CCc2cccc3c2C1Cc1ccc2nc(N)sc2c1-3,test,test,test,2,2,0.5,0.5,0.56363636
CCCN1CCc2cccc3c2C1Cc1cc2sc(N)nc2cc1-3,train,train,train,2,2,0.5,0.5,0.5
CNc1cc(OC)c(C(=O)N[C@@H]2CCN(Cc3ccccc3)[C@@H]2C)cc1Cl,train,train,train,2,2,0.6935484,0.6935484,0.6935484
