smiles,split_shipped,split_R0_from_D0,split_R2_from_D2,cluster_D0,cluster_D2,nn_ecfp4_sim_to_train_shipped,nn_ecfp4_sim_to_train_R0,nn_ecfp4_sim_to_train_R2
CC(=O)c1ccc(OCCCc2c[nH]cn2)cc1,test,test,train,3,3,0.8918919,0.8918919,0.8918919
c1ccc(COCCCc2c[nH]cn2)cc1,train,train,train,3,3,0.74358976,0.74358976,0.74358976
CC(=O)c1ccc(SCCc2c[nH]cn2)cc1,train,train,train,3,3,0.6666667,0.6666667,0.6666667
c1ccc(OCCCc2c[nH]cn2)cc1,train,train,train,3,3,0.71428573,0.71428573,0.6904762
CC(=O)c1ccc(SCCCc2c[nH]cn2)cc1,test,test,test,3,3,0.85,0.85,0.85
Ic1ccc(COCCCc2c[nH]cn2)cc1,train,train,train,3,3,0.74358976,0.74358976,0.74358976
c1ccc(CCCCc2c[nH]cn2)cc1,train,train,test,3,3,0.6666667,0.6666667,0.6666667
N=C(NCc1ccc(Cl)cc1)SCCCc1c[nH]cn1,test,test,train,3,3,0.66,0.66,0.9302326
CC(=O)c1ccc(OCCCCc2c[nH]cn2)cc1,test,test,test,3,3,0.8684211,0.8684211,0.92105263
COc1ccc(OCCCc2c[nH]cn2)cc1,train,train,test,3,3,0.71428573,0.71428573,0.71428573
CC(=O)c1ccc(OCCc2c[nH]cn2)cc1,train,train,train,3,3,0.6666667,0.6666667,0.8918919
NCCCCCCc1c[nH]cn1,test,test,train,3,3,1.0,1.0,1.0
C=C(c1c[nH]cn1)C1CCNCC1,test,test,train,3,3,0.64705884,0.64705884,0.64705884
c1nc(CCC2CCNCC2)c[nH]1,train,train,train,3,3,0.8181818,0.8181818,0.8181818
c1nc(CCCC2CCCNC2)c[nH]1,train,train,train,3,3,0.8378378,0.8378378,0.8378378
c1nc(CCCC2CCCCN2)c[nH]1,train,train,test,3,3,0.8333333,0.8333333,0.8333333
NCCCc1c[nH]cn1,test,test,train,3,3,0.88,0.88,0.88
NCCc1c[nH]cn1,test,test,train,3,3,0.7307692,0.7307692,0.76
C(=C1CCNCC1)c1c[nH]cn1,train,train,train,3,3,0.5833333,0.5833333,0.5833333
NCCCCc1c[nH]cn1,train,train,train,3,3,0.96,0.96,0.96
O=C(c1c[nH]cn1)C1CCNCC1,train,train,train,3,3,0.4864865,0.4864865,0.64705884
NCCCCCc1c[nH]cn1,train,train,train,3,3,0.96,0.96,1.0
c1nc(CC2CCCCN2)c[nH]1,train,train,train,3,3,0.7222222,0.7222222,0.7222222
C1=C(c2c[nH]cn2)CCNC1,train,train,train,3,3,0.3888889,0.3888889,0.3888889
c1nc(C2CCNCC2)c[nH]1,train,train,train,3,3,0.5,0.5,0.5
c1nc(CC2CCCNC2)c[nH]1,train,train,train,3,3,0.7297297,0.7297297,0.7297297
c1nc(CCC2CCCNC2)c[nH]1,train,train,train,3,3,0.8378378,0.8378378,0.8378378
c1nc(CCC2CCCCN2)c[nH]1,train,train,train,3,3,0.8333333,0.8333333,0.7222222
c1nc(CC2CCNCC2)c[nH]1,train,train,train,3,3,0.6969697,0.6969697,0.6969697
NCC1CC1c1c[nH]cn1,train,train,train,3,3,0.7419355,0.7419355,0.7419355
c1nc(CCCC2CCNCC2)c[nH]1,train,train,train,3,3,0.8181818,0.8181818,0.8181818
CC1CCCC(C)N1CCCOc1ccc(-c2ccc(C#N)cc2)cc1,train,train,train,0,0,0.73333335,0.73333335,0.8974359
Cc1cccn2cc(-c3ccc(OCCCN4CCOCC4)cc3)nc12,train,train,test,0,0,0.8113208,0.8113208,0.6551724
N#Cc1ccc(-c2ccc(OCCCN3CCCC(O)C3)cc2)cc1,train,train,train,0,0,0.73913044,0.73913044,0.75
Cc1ccn2cc(-c3ccc(OCCCN4CCCCC4)cc3C)nc2c1,train,train,test,0,0,1.0,1.0,0.76363635
N#Cc1ccc(-c2ccc(OCCCN3CCOCC3)cc2)cc1,train,train,train,0,0,0.7692308,0.7692308,0.6818182
CC1CCCCN1CCCOc1ccc(-c2ccc(C#N)cc2)cc1,test,test,train,4,4,0.9285714,0.9285714,0.9285714
CCCCN(CCCC)CCCOc1ccc(-c2cn3cc(Br)ccc3n2)cc1,test,test,train,0,0,0.7169811,0.7169811,0.7916667
CCCCN(CCCC)CCCOc1ccc(-c2cn3cccc(O)c3n2)cc1,train,train,train,0,0,0.7692308,0.7692308,0.7692308
Cc1cccn2cc(-c3ccc(OCCCN(C)C)cc3)nc12,train,train,train,0,0,0.78,0.78,0.78
N#Cc1ccc(-c2ccc(OCCCN3CC4CNCC4C3)cc2)cc1,train,train,test,0,0,0.6363636,0.6363636,0.625
CCOC(=O)N1CCN(CCCOc2ccc(-c3ccc(C#N)cc3)cc2)CC1,train,train,train,0,0,0.71153843,0.71153843,0.71153843
CC1CCN(CCCOc2ccc(-c3ccc(C#N)cc3)cc2)CC1,train,train,train,0,0,0.76744187,0.76744187,0.76744187
CCCCN(CCCC)CCCOc1ccc(-c2cn3cccc([N+](=O)[O-])c3n2)cc1,train,train,train,0,0,0.71929824,0.71929824,0.71929824
CCCN(CCC)CCCOc1ccc(-c2cn3cccc(C)c3n2)cc1,train,train,train,0,0,0.9166667,0.9166667,0.9166667
Cc1ccn2cc(-c3ccc(OCCCN4CCCCC4)cc3)nc2c1,train,train,train,0,0,1.0,1.0,0.9787234
Cc1ccn2cc(-c3ccc(CCCCN4CCCCC4)cc3)nc2c1,train,train,train,0,0,0.7358491,0.7358491,0.7358491
Cc1cccn2cc(-c3ccc(OCCCN4CCCCC4)cc3)nc12,train,train,test,0,0,0.8113208,0.8113208,0.6964286
CC1CCCN(CCCOc2ccc(-c3ccc(C#N)cc3)cc2)C1,test,test,train,0,0,0.75,0.75,0.75
CCCCN(CCCC)CCCOc1ccc(-c2cn3cccc(C)c3n2)cc1OC,train,train,train,4,4,0.8363636,0.8363636,0.8363636
CN[C@@H]1CCN(CCCOc2ccc(-c3ccc(C#N)cc3)cc2)C1,train,train,train,0,0,0.71428573,0.71428573,0.71428573
CCCCN(CCCC)CCCOc1c(OC)cc(-c2cn3cccc(C)c3n2)cc1OC,train,train,test,4,4,0.80701756,0.80701756,0.80701756
Cc1ccn2cc(-c3ccc(/C=C/CCN4CCCCC4)cc3)nc2c1,test,test,train,0,0,0.66071427,0.66071427,0.66071427
c1ccn2cc(-c3ccc(OCCCN4CCCCC4)cc3)nc2c1,train,train,train,0,0,0.7169811,0.7169811,0.7169811
CCCCN(CCCC)CCCOc1ccc(-c2nc3c(C)cccn3c2C)cc1,train,train,train,0,0,0.61403507,0.61403507,0.61403507
COc1cc(-c2cn3ccc(C)cc3n2)ccc1OCCCN1CCCCC1,train,train,train,0,0,0.7368421,0.7368421,0.7368421
Cc1ccn2cc(-c3ccc(C#CCCN4CCCCC4)cc3)nc2c1,train,train,train,0,0,0.6666667,0.6666667,0.6666667
N#Cc1ccc(-c2ccc(OCCCN3CCCNCC3)cc2)cc1,train,train,train,0,0,0.8,0.8,0.70731705
CCCCN(CCCC)CCCOc1ccc(-c2cn3c(C)cc(C)cc3n2)cc1,train,train,test,0,0,0.6111111,0.6111111,0.71153843
Cc1cccn2cc(-c3ccc(OCCCNCc4ccccc4)cc3)nc12,train,train,test,0,0,0.6545454,0.6545454,0.6545454
Cc1cccn2cc(-c3ccc(OCCCN(C(C)c4ccccc4)C(C)c4ccccc4)cc3)nc12,train,train,test,0,0,0.7090909,0.7090909,0.7090909
Cc1cccn2cc(-c3ccc(OCCCn4ccnc4)cc3)nc12,train,train,train,0,0,0.6785714,0.6785714,0.6666667
Cc1cc(-c2cn3ccccc3n2)ccc1OCCCN1CCCCC1,train,train,train,0,0,0.7090909,0.7090909,0.7090909
N#Cc1ccc(-c2ccc(OCCCN3CCNCC3)cc2)cc1,test,test,test,0,0,0.8974359,0.8974359,0.8974359
N#Cc1ccc(-c2ccc(OCCCN3CCC(O)CC3)cc2)cc1,train,train,train,0,0,0.76744187,0.76744187,0.76744187
C[C@@]1(O)CCN(CCCOc2ccc(-c3ccc(C#N)cc3)cc2)C1,train,train,train,0,0,0.6304348,0.6304348,0.6
CCCCN(CCCC)CCCOc1ccc(-c2cn3cccc(C)c3n2)c(C)c1,train,train,train,0,0,0.7407407,0.7407407,0.7407407
CCCCN(CCCC)CCCOc1ccc(-c2cn3cc(C)ccc3n2)cc1,test,test,train,0,0,0.7346939,0.7346939,0.7916667
Cc1cccn2cc(-c3ccc(NS(=O)(=O)CCCN4CCCCC4)cc3)nc12,train,train,test,0,0,0.7413793,0.7413793,0.7413793
N#Cc1ccc(-c2ccc(OCCCN3CC[C@@H](N)C3)cc2)cc1,train,train,test,0,0,0.85714287,0.85714287,0.85714287
CCCCN(CCCC)CCCOc1ccc(-c2cn3ccccc3n2)cc1,train,train,train,0,0,0.71153843,0.71153843,0.7346939
Cc1cccn2cc(-c3ccc(NCCCN4CCCCC4)cc3)nc12,train,train,train,0,0,0.7413793,0.7413793,0.6779661
CCOC(=O)N1CCN(CCCOc2ccc(-c3cc[nH]c3)cc2)CC1,train,train,train,0,0,0.71153843,0.71153843,0.71153843
CCCCCN(CCCCC)CCCOc1ccc(-c2cn3cccc(C)c3n2)cc1,train,train,train,0,0,0.9166667,0.9166667,0.9166667
N#Cc1ccc(-c2ccc(OCCCN3CCC(N)CC3)cc2)cc1,train,train,train,0,0,0.85714287,0.85714287,0.76744187
CCCCN(CCCC)CCCOc1ccc(-c2cn3ccc(C)cc3n2)cc1,test,test,train,0,0,0.7254902,0.7254902,0.74
Cc1ccn2cc(-c3ccc(OCCCN4CCCCC4)cc3F)nc2c1,train,train,test,0,0,0.8363636,0.8363636,0.75
Cc1cccn2cc(-c3ccc(NC(=O)CCN4CCCCC4)cc3)nc12,train,train,train,0,0,0.6779661,0.6779661,0.6779661
CCCCN(CCCC)CCCOc1ccc(-c2cn3cc(Br)cc(Br)c3n2)cc1,train,train,train,0,0,0.6315789,0.6315789,0.7169811
CCCCN(CCCC)CCCOc1ccc(-c2cn3cccc(OCc4ccccc4)c3n2)cc1,train,train,train,0,0,0.71929824,0.71929824,0.71929824
Cc1ccn2cc(-c3ccc(OCCCN4CCCCCC4)cc3)nc2c1,train,train,test,0,0,1.0,1.0,1.0
CN(C)[C@@H]1CCN(CCCOc2ccc(-c3ccc(C#N)cc3)cc2)C1,train,train,train,0,0,0.71428573,0.71428573,0.71428573
C[C@@H]1CC[C@@H](C)N1CCCOc1ccc(-c2ccc(C#N)cc2)cc1,test,test,train,0,0,0.8974359,0.8974359,0.8974359
CCCCN(CCCC)CCCOc1ccc(-c2cn3cccc(C)c3n2)cc1C,train,train,train,4,4,0.8363636,0.92156863,0.92156863
Cc1ccn2cc(-c3ccc(OCCCN4CCCC4)cc3)nc2c1,test,test,train,0,0,0.9787234,0.9787234,0.9787234
N#Cc1ccc(-c2ccc(OCCCN3CCCC3)cc2)cc1,train,train,test,0,0,0.88235295,0.88235295,0.88235295
CCN(CC)CCCOc1ccc(CN2CCCCC2)cc1,train,train,train,0,0,0.75,0.75,0.8684211
c1ccc(CC2CCN(Cc3ccc(OCCCN4CCCCC4)cc3)CC2)cc1,train,train,train,0,0,0.7446808,0.7446808,0.72727275
c1ccc(NCc2ccc(OCCCN3CCCCC3)cc2)cc1,train,train,train,0,0,0.63414633,0.63414633,0.63414633
CN1CCN(Cc2ccc(OCCCN3CCCCC3)cc2)CC1,train,train,train,0,0,0.85714287,0.85714287,1.0
c1ccc2c(c1)CCC2NCc1ccc(OCCCN2CCCCC2)cc1,train,train,test,0,0,0.64705884,0.64705884,0.59322035
c1cc(OCCCN2CCOCC2)ccc1CN1CCCCC1,train,train,train,0,0,1.0,1.0,1.0
c1cc(OCCCC2CCCCC2)ccc1CN1CCCCC1,test,test,train,0,0,0.6666667,0.6666667,0.6666667
c1ccc2c(c1)CCN(Cc1ccc(OCCCN3CCCCC3)cc1)C2,train,train,train,0,0,0.70731705,0.70731705,0.70731705
NC(=O)C1CCN(Cc2ccc(OCCCN3CCCCC3)cc2)CC1,test,test,train,0,0,0.8043478,0.8043478,0.8043478
CN1CCN(CCCOc2ccc(CN3CCCCC3)cc2)CC1,test,test,train,0,0,1.0,1.0,1.0
c1cc(OCCCN2CCCCC2)ccc1CNC1CCCCC1,train,train,test,0,0,0.6904762,0.6904762,0.6904762
c1cc(OCCN2CCCCC2)ccc1CN1CCCCC1,test,test,test,0,0,0.84375,0.84375,0.84375
CN(C)CCOc1ccc(CN2CCCCC2)cc1,train,train,train,0,0,0.8611111,0.8611111,0.8611111
CN(C)Cc1ccc(OCCCN2CCCCC2)cc1,train,train,train,0,0,0.75,0.75,0.7027027
CCN(CC)CCOc1ccc(CN2CCCCC2)cc1,test,test,train,0,0,0.8684211,0.8684211,0.8684211
c1cc(OCCCN2CCCCC2)ccc1CN1CCOCC1,train,train,train,0,0,1.0,1.0,1.0
OC1CCN(Cc2ccc(OCCCN3CCCCC3)cc2)CC1,train,train,train,0,0,0.80487806,0.80487806,0.7894737
c1cc(OCCCN2CCCCC2)ccc1CC1CCCCC1,train,train,train,0,0,0.8,0.8,0.8
c1cc(OCCCN2CCCCC2)ccc1CN1CCCCC1,train,train,train,0,0,0.90909094,0.90909094,0.90909094
CCc1nc(-c2ccc(OCCCN3CCCN(C(=O)[C@@H](C)NC(=O)c4ccco4)CC3)cc2F)no1,train,train,train,1,1,0.9,0.9,0.9
CC(C)c1nc(-c2ccc(OCCCN3CCCN(C(=O)[C@@H](C)NC(=O)c4ccco4)CC3)cc2F)no1,train,train,test,1,1,0.8888889,0.8888889,0.8625
CC(C)CC(=O)N[C@H](C)C(=O)N1CCN(CCCOc2ccc(-c3noc(-c4ccccc4)n3)c(F)c2)CC1,test,test,train,1,1,0.85333335,0.85333335,0.85333335
COc1ccc(C(=O)N[C@H](C)C(=O)N2CCCN(CCCOc3ccc(-c4noc(CC5CCCC5)n4)c(F)c3)CC2)cc1,train,train,train,1,1,0.96,0.96,0.96
CC(C)C(=O)N[C@H](C)C(=O)N1CCN(CCCOc2ccc(-c3noc(-c4ccccc4)n3)c(F)c2)CC1,train,train,test,1,1,0.82666665,0.82666665,0.87323946
C[C@@H](NC(=O)c1ccco1)C(=O)N1CCCN(CCCOc2ccc(-c3noc(C4CCCCC4)n3)c(F)c2)CC1,train,train,test,1,1,1.0,1.0,1.0
CC(=O)N[C@H](C)C(=O)N1CCCN(CCCOc2ccc(-c3noc(CC4CCCC4)n3)c(F)c2)CC1,train,train,train,1,1,0.9583333,0.9583333,0.9583333
CCCCC(=O)N[C@H](C)C(=O)N1CCCN(CCCOc2ccc(-c3noc(CC4CCCC4)n3)c(F)c2)CC1,train,train,train,1,1,0.96103895,0.96103895,0.8888889
C[C@@H](NC(=O)c1ccco1)C(=O)N1CCCN(CCCOc2ccc(-c3noc(CCc4ccccc4)n3)c(F)c2)CC1,train,train,train,1,1,0.8915663,0.8915663,0.8915663
C[C@@H](NC(=O)c1cccc(C#N)c1)C(=O)N1CCN(CCCOc2ccc(-c3noc(CC4CCCC4)n3)c(F)c2)CC1,train,train,train,1,1,0.8915663,0.8915663,0.85882354
C[C@@H](NC(=O)c1ccc(Cl)cc1)C(=O)N1CCCN(CCCOc2ccc(-c3noc(CC4CCCC4)n3)c(F)c2)CC1,train,train,train,1,1,0.9605263,0.9605263,0.9605263
C[C@@H](NC(=O)c1ccco1)C(=O)N1CCCN(CCCOc2ccc(-c3noc(-c4ccsc4)n3)c(F)c2)CC1,test,test,train,1,1,0.85057473,0.85057473,0.85057473
C[C@@H](NC(=O)c1ccc(F)cc1)C(=O)N1CCCN(CCCOc2ccc(-c3noc(CC4CCCC4)n3)c(F)c2)CC1,train,train,train,1,1,0.96,0.96,0.96
C[C@@H](NC(=O)c1ccco1)C(=O)N1CCCN(CCCOc2ccc(-c3noc(C4CCCC4)n3)c(F)c2)CC1,test,test,test,1,1,0.9875,0.9875,0.9875
C[C@@H](NC(=O)c1cccs1)C(=O)N1CCN(CCCOc2ccc(-c3noc(-c4ccccc4)n3)c(F)c2)CC1,train,train,test,1,1,0.7848101,0.7848101,0.84210527
C[C@@H](NC(=O)c1ccc(Cl)c(Cl)c1)C(=O)N1CCN(CCCOc2ccc(-c3noc(CC4CCCC4)n3)c(F)c2)CC1,train,train,train,1,1,0.96202534,0.96202534,0.9102564
C[C@@H](NC(=O)c1ccc(O)cc1)C(=O)N1CCN(CCCOc2ccc(-c3noc(CC4CCCC4)n3)c(F)c2)CC1,test,test,train,1,1,0.90789473,0.90789473,0.90789473
C[C@@H](NC(=O)c1ccc(C#N)cc1)C(=O)N1CCCN(CCCOc2ccc(-c3noc(CC4CCCC4)n3)c(F)c2)CC1,test,test,test,1,1,0.9625,0.9625,0.8674699
C[C@@H](NC(=O)c1cccnc1)C(=O)N1CCN(CCCOc2ccc(-c3noc(-c4ccccc4)n3)c(F)c2)CC1,train,train,train,1,1,0.83950615,0.83950615,0.8918919
CCCCC(=O)N[C@H](C)C(=O)N1CCN(CCCOc2ccc(-c3noc(CC4CCCC4)n3)c(F)c2)CC1,train,train,test,1,1,0.96103895,0.96103895,0.96103895
C[C@@H](NC(=O)c1ccccc1Cl)C(=O)N1CCN(CCCOc2ccc(-c3noc(CC4CCCC4)n3)c(F)c2)CC1,train,train,train,1,1,0.9,0.9,0.9
C[C@@H](NC(=O)c1ccco1)C(=O)N1CCCN(CCCOc2ccc(-c3noc(-c4cccnc4)n3)c(F)c2)CC1,train,train,test,1,1,0.872093,0.872093,0.872093
C[C@@H](NC(=O)c1ccsc1)C(=O)N1CCN(CCCOc2ccc(-c3noc(-c4ccccc4)n3)c(F)c2)CC1,test,test,train,1,1,0.80487806,0.80487806,0.8666667
C[C@@H](NC(=O)c1cccc(C(F)(F)F)c1)C(=O)N1CCN(CCCOc2ccc(-c3noc(CC4CCCC4)n3)c(F)c2)CC1,train,train,train,1,1,0.85714287,0.85714287,0.84705883
CC(C)C(=O)N[C@H](C)C(=O)N1CCCN(CCCOc2ccc(-c3noc(CC4CCCC4)n3)c(F)c2)CC1,train,train,train,1,1,0.9066667,0.9066667,0.9577465
CCC(=O)N[C@H](C)C(=O)N1CCN(CCCOc2ccc(-c3noc(CC4CCCC4)n3)c(F)c2)CC1,train,train,train,1,1,0.9589041,0.9589041,0.8933333
C[C@@H](NC(=O)c1ccco1)C(=O)N1CCCN(CCCOc2ccc(-c3noc(C4CC4)n3)c(F)c2)CC1,train,train,train,1,1,0.9506173,0.9506173,0.9506173
C[C@@H](NC(=O)c1ccco1)C(=O)N1CCCN(CCCOc2ccc(-c3noc(C4CCCO4)n3)c(F)c2)CC1,train,train,train,1,1,0.8604651,0.8604651,0.8604651
C[C@@H](NC(=O)c1ccc(C#N)cc1)C(=O)N1CCN(CCCOc2ccc(-c3noc(-c4ccccc4)n3)c(F)c2)CC1,train,train,train,1,1,0.7848101,0.7848101,0.8666667
Cc1cccc(C(=O)N[C@H](C)C(=O)N2CCN(CCCOc3ccc(-c4noc(CC5CCCC5)n4)c(F)c3)CC2)c1,train,train,train,1,1,0.8888889,0.8888889,0.8674699
C[C@@H](NC(=O)C1CCCC1)C(=O)N1CCN(CCCOc2ccc(-c3noc(-c4ccccc4)n3)c(F)c2)CC1,test,test,test,1,1,0.98630136,0.98630136,0.825
COc1ccccc1C(=O)N[C@H](C)C(=O)N1CCN(CCCOc2ccc(-c3noc(CC4CCCC4)n3)c(F)c2)CC1,test,test,test,1,1,0.8780488,0.8780488,0.8780488
COc1ccc(C(=O)N[C@H](C)C(=O)N2CCN(CCCOc3ccc(-c4noc(CC5CCCC5)n4)c(F)c3)CC2)cc1OC,train,train,train,1,1,0.9102564,0.9102564,0.9102564
C[C@@H](NC(=O)C1CCCCC1)C(=O)N1CCN(CCCOc2ccc(-c3noc(-c4ccccc4)n3)c(F)c2)CC1,train,train,test,1,1,0.7948718,0.7948718,0.8148148
C[C@@H](NC(=O)c1ccccc1)C(=O)N1CCN(CCCOc2ccc(-c3noc(-c4ccccc4)n3)c(F)c2)CC1,test,test,train,1,1,0.8918919,0.8918919,0.8918919
C[C@@H](N)C(=O)N1CCN(CCCOc2ccc(C(=O)C3CC3)cc2)CC1,train,train,train,0,0,0.67346936,0.67346936,0.67346936
C[C@@H](NC(=O)c1ccco1)C(=O)N1CCCN(CCCOc2ccc(-c3noc(-c4cccs4)n3)c(F)c2)CC1,train,train,train,1,1,0.8426966,0.8426966,0.8452381
C[C@@H](NC(=O)C(C)(C)C)C(=O)N1CCCN(CCCOc2ccc(-c3noc(CC4CCCC4)n3)c(F)c2)CC1,train,train,train,1,1,0.8717949,0.8717949,0.96
C[C@@H](NC(=O)c1ccco1)C(=O)N1CCCN(CCCOc2ccc(-c3noc(CC4CCCCC4)n3)c(F)c2)CC1,train,train,train,1,1,0.9876543,0.9876543,0.84705883
C[C@@H](NC(=O)c1cnccn1)C(=O)N1CCN(CCCOc2ccc(-c3noc(-c4ccccc4)n3)c(F)c2)CC1,train,train,train,1,1,0.83950615,0.83950615,0.83950615
CC(=O)N[C@H](C)C(=O)N1CCN(CCCOc2ccc(-c3noc(CC4CCCC4)n3)c(F)c2)CC1,train,train,train,1,1,0.9583333,0.9583333,0.9583333
C[C@@H](NC(=O)c1ccc(F)cc1)C(=O)N1CCN(CCCOc2ccc(-c3noc(CC4CCCC4)n3)c(F)c2)CC1,train,train,train,1,1,0.96,0.96,0.96
C[C@@H](NC(=O)c1ccc(Cl)c(Cl)c1)C(=O)N1CCCN(CCCOc2ccc(-c3noc(CC4CCCC4)n3)c(F)c2)CC1,train,train,test,1,1,0.96202534,0.96202534,0.96202534
C[C@@H](NC(=O)c1ccco1)C(=O)N1CCN(CCCOc2ccc(-c3noc(C4CC4)n3)c(F)c2)CC1,train,train,train,1,1,0.94871795,0.94871795,0.94871795
Cc1ccc(C)c(C(=O)N[C@H](C)C(=O)N2CCN(CCCOc3ccc(-c4noc(CC5CCCC5)n4)c(F)c3)CC2)c1,train,train,train,1,1,0.8674699,0.8674699,0.8717949
C[C@@H](NC(=O)CC(C)(C)C)C(=O)N1CCCN(CCCOc2ccc(-c3noc(CC4CCCC4)n3)c(F)c2)CC1,test,test,train,1,1,0.96103895,0.96103895,0.96103895
Cc1ccc(C(=O)N[C@H](C)C(=O)N2CCCN(CCCOc3ccc(-c4noc(CC5CCCC5)n4)c(F)c3)CC2)cc1,test,test,train,1,1,0.9113924,0.9113924,0.9113924
CCC(CC)c1nc(-c2ccc(OCCCN3CCCN(C(=O)[C@@H](C)NC(=O)c4ccco4)CC3)cc2F)no1,train,train,test,1,1,0.8888889,0.8888889,0.8333333
CC(C)C(NC(=O)OC(C)(C)C)c1nc(-c2ccc(OCCCN3CCCN(C(=O)[C@@H](C)NC(=O)c4ccco4)CC3)cc2F)no1,train,train,train,1,1,0.8372093,0.8372093,0.7977528
C[C@@H](NC(=O)c1ccco1)C(=O)N1CCCN(CCCOc2ccc(-c3noc(-c4ccco4)n3)c(F)c2)CC1,test,test,train,1,1,0.8875,0.8875,0.8875
C[C@@H](NC(=O)CCN1CCOCC1)C(=O)N1CCN(CCCOc2ccc(-c3noc(CC4CCCC4)n3)c(F)c2)CC1,train,train,test,1,1,0.96202534,0.96202534,0.96202534
C[C@@H](NC(=O)c1ccco1)C(=O)N1CCCN(CCCOc2ccc(-c3noc(CC4CCCC4)n3)c(F)c2)CC1,train,train,test,1,1,0.9876543,0.9876543,0.9876543
C[C@@H](NC(=O)CCN1CCOCC1)C(=O)N1CCN(CCCOc2ccc(-c3noc(-c4ccccc4)n3)c(F)c2)CC1,train,train,train,1,1,0.8961039,0.8961039,0.82051283
CC(C)CC(=O)N[C@H](C)C(=O)N1CCN(CCCOc2ccc(-c3noc(CC4CCCC4)n3)c(F)c2)CC1,train,train,train,1,1,0.96,0.96,0.96
C[C@@H](NC(=O)c1ccc(N(C)C)cc1)C(=O)N1CCN(CCCOc2ccc(-c3noc(CC4CCCC4)n3)c(F)c2)CC1,train,train,train,1,1,0.8795181,0.8795181,0.8795181
C[C@@H](NC(=O)c1ccco1)C(=O)N1CCCN(CCCOc2ccc(-c3noc(CC(C)(C)C)n3)c(F)c2)CC1,train,train,train,1,1,0.8674699,0.8674699,0.8674699
C[C@@H](NC(=O)CN1CCOCC1)C(=O)N1CCN(CCCOc2ccc(-c3noc(-c4ccccc4)n3)c(F)c2)CC1,train,train,test,1,1,0.8961039,0.8961039,0.8961039
COc1cccc(C(=O)N[C@H](C)C(=O)N2CCN(CCCOc3ccc(-c4noc(CC5CCCC5)n4)c(F)c3)CC2)c1,train,train,train,1,1,0.89873415,0.89873415,0.89873415
C[C@@H](N)C(=O)N1CCN(CCCOc2ccc(-c3noc(C4CC4)n3)c(F)c2)CC1,train,train,train,1,1,0.93939394,0.93939394,0.93939394
C[C@@H](NC(=O)c1ccco1)C(=O)N1CCCN(CCCOc2ccc(-c3noc(-c4ccncc4)n3)c(F)c2)CC1,train,train,train,1,1,0.902439,0.902439,0.902439
C[C@@H](NC(=O)c1ccno1)C(=O)N1CCN(CCCOc2ccc(-c3noc(-c4ccccc4)n3)c(F)c2)CC1,train,train,train,1,1,0.8051948,0.8051948,0.8648649
Cc1ccccc1C(=O)N[C@H](C)C(=O)N1CCN(CCCOc2ccc(-c3noc(CC4CCCC4)n3)c(F)c2)CC1,train,train,train,1,1,0.9,0.9,0.9
CC(C)CCC(=O)N[C@H](C)C(=O)N1CCCN(CCCOc2ccc(-c3noc(CC4CCCC4)n3)c(F)c2)CC1,train,train,train,1,1,0.8888889,0.8888889,0.9605263
C[C@@H](NC(=O)c1ccco1)C(=O)N1CCCN(CCCOc2ccc(-c3noc(-c4ccoc4)n3)c(F)c2)CC1,test,test,train,1,1,0.8795181,0.8795181,0.8795181
CC(C)CCC(=O)N[C@H](C)C(=O)N1CCN(CCCOc2ccc(-c3noc(-c4ccccc4)n3)c(F)c2)CC1,test,test,test,1,1,0.85714287,0.85714287,0.8783784
CC(C)Cc1nc(-c2ccc(OCCCN3CCCN(C(=O)[C@@H](C)NC(=O)c4ccco4)CC3)cc2F)no1,train,train,train,1,1,0.9,0.9,0.9
C[C@@H](NC(=O)c1ccco1)C(=O)N1CCCN(CCCOc2ccc(-c3noc(C4CCCCCC4)n3)c(F)c2)CC1,train,train,train,1,1,1.0,1.0,0.9506173
C[C@@H](NC(=O)c1ccco1)C(=O)N1CCCN(CCCOc2ccc(-c3noc(Cc4ccccc4)n3)c(F)c2)CC1,train,train,train,1,1,0.8915663,0.8915663,0.8915663
C[C@@H](NC(=O)CC(C)(C)C)C(=O)N1CCN(CCCOc2ccc(-c3noc(CC4CCCC4)n3)c(F)c2)CC1,train,train,train,1,1,0.8701299,0.8701299,0.96103895
CC(C)CC(=O)N[C@H](C)C(=O)N1CCCN(CCCOc2ccc(-c3noc(CC4CCCC4)n3)c(F)c2)CC1,train,train,train,1,1,0.96,0.96,0.96
CC(C)OCc1nc(-c2ccc(OCCCN3CCCN(C(=O)[C@@H](C)NC(=O)c4ccco4)CC3)cc2F)no1,train,train,train,1,1,0.8780488,0.8780488,0.8780488
C[C@@H](NC(=O)c1cccc(OC(F)(F)F)c1)C(=O)N1CCN(CCCOc2ccc(-c3noc(CC4CCCC4)n3)c(F)c2)CC1,train,train,test,1,1,0.87058824,0.87058824,0.87058824
C[C@@H](NC(=O)c1ccccc1F)C(=O)N1CCN(CCCOc2ccc(-c3noc(CC4CCCC4)n3)c(F)c2)CC1,train,train,train,1,1,0.9,0.9,0.9
C[C@@H](NC(=O)c1cccnc1)C(=O)N1CCN(CCCOc2ccc(-c3noc(CC4CCCC4)n3)c(F)c2)CC1,train,train,train,1,1,0.8352941,0.8352941,0.8352941
C[C@@H](NC(=O)c1ccc(Br)cc1)C(=O)N1CCN(CCCOc2ccc(-c3noc(CC4CCCC4)n3)c(F)c2)CC1,train,train,train,1,1,0.8961039,0.8961039,0.8961039
C[C@@H](NC(=O)c1ccco1)C(=O)N1CCN(CCCOc2ccc(C(=O)C3CC3)c(F)c2)CC1,train,train,train,1,1,0.7714286,0.7714286,0.7714286
CC(C)CCC(=O)N[C@H](C)C(=O)N1CCN(CCCOc2ccc(-c3noc(CC4CCCC4)n3)c(F)c2)CC1,test,test,train,1,1,0.9605263,0.9605263,0.9605263
CCC(=O)N[C@H](C)C(=O)N1CCCN(CCCOc2ccc(-c3noc(CC4CCCC4)n3)c(F)c2)CC1,train,train,test,1,1,0.9589041,0.9589041,0.9589041
C[C@@H](NC(=O)CCN1CCOCC1)C(=O)N1CCCN(CCCOc2ccc(-c3noc(CC4CCCC4)n3)c(F)c2)CC1,train,train,train,1,1,0.96202534,0.96202534,0.8674699
C[C@@H](NC(=O)c1ccco1)C(=O)N1CCCN(CCCOc2ccc(-c3noc(C(C)(C)C)n3)c(F)c2)CC1,test,test,train,1,1,0.8352941,0.8352941,0.8414634
C[C@@H](NC(=O)CC1CCCC1)C(=O)N1CCN(CCCOc2ccc(-c3noc(-c4ccccc4)n3)c(F)c2)CC1,test,test,train,1,1,0.8148148,0.8148148,0.8101266
CC(C)C(=O)N[C@H](C)C(=O)N1CCN(CCCOc2ccc(-c3noc(CC4CCCC4)n3)c(F)c2)CC1,test,test,train,1,1,0.9577465,0.9577465,0.9577465
C[C@@H](NC(=O)c1cccc(F)c1)C(=O)N1CCN(CCCOc2ccc(-c3noc(CC4CCCC4)n3)c(F)c2)CC1,train,train,test,1,1,0.8888889,0.8888889,0.8888889
C[C@@H](NC(=O)c1cccc(N(C)C)c1)C(=O)N1CCN(CCCOc2ccc(-c3noc(CC4CCCC4)n3)c(F)c2)CC1,train,train,train,1,1,0.8795181,0.8795181,0.8795181
C[C@@H](NC(=O)c1ccc(C#N)cc1)C(=O)N1CCN(CCCOc2ccc(-c3noc(CC4CCCC4)n3)c(F)c2)CC1,train,train,test,1,1,0.8915663,0.8915663,0.8915663
CC(C)CCc1nc(-c2ccc(OCCCN3CCCN(C(=O)[C@@H](C)NC(=O)c4ccco4)CC3)cc2F)no1,test,test,train,1,1,0.8902439,0.8902439,0.8902439
C[C@@H](NC(=O)c1ccco1)C(=O)N1CCCN(CCCOc2ccc(-c3noc(-c4ccccc4)n3)c(F)c2)CC1,train,train,train,1,1,0.902439,0.902439,0.902439
C[C@@H](NC(=O)c1ccco1)C(=O)N1CCCN(CCCOc2ccc(-c3noc(-c4cncs4)n3)c(F)c2)CC1,train,train,train,1,1,0.8426966,0.8426966,0.8426966
C[C@@H](NC(=O)c1cccc(Cl)c1)C(=O)N1CCN(CCCOc2ccc(-c3noc(CC4CCCC4)n3)c(F)c2)CC1,train,train,train,1,1,0.8875,0.8875,0.8875
C[C@@H](N)C(=O)N1CCCN(CCCOc2ccc(-c3noc(C4CC4)n3)c(F)c2)CC1,train,train,train,1,1,0.93939394,0.93939394,0.93939394
CCOCC(=O)N[C@H](C)C(=O)N1CCN(CCCOc2ccc(-c3noc(-c4ccccc4)n3)c(F)c2)CC1,train,train,train,1,1,0.82666665,0.82666665,0.85333335
C[C@@H](NC(=O)C(C)(C)C)C(=O)N1CCN(CCCOc2ccc(-c3noc(CC4CCCC4)n3)c(F)c2)CC1,test,test,train,1,1,0.96,0.96,0.96
COc1ccc(C(=O)N[C@H](C)C(=O)N2CCN(CCCOc3ccc(-c4noc(CC5CCCC5)n4)c(F)c3)CC2)cc1,train,train,train,1,1,0.96,0.96,0.96
C[C@@H](NC(=O)c1ccc(Cl)cc1)C(=O)N1CCN(CCCOc2ccc(-c3noc(CC4CCCC4)n3)c(F)c2)CC1,train,train,train,1,1,0.9605263,0.9605263,0.9605263
CC(=O)c1ccc(COCCCc2c[nH]cn2)cc1,train,train,train,3,3,0.6666667,0.6666667,0.72727275
O=[N+]([O-])c1ccc(OCCCCCN2CCCC2)cc1,train,train,train,0,0,0.63414633,0.63414633,0.63414633
C/C(=N\O)c1ccc(OCc2ccc(CN3CCCCC3)cc2)cc1,train,train,test,0,0,0.5510204,0.5510204,0.6923077
CC(C)(C)C(NC(=O)OCCCc1c[nH]cn1)C(C)(C)C,train,train,train,3,3,0.68085104,0.68085104,0.68085104
CC(C)(C)CCCOCCCc1c[nH]cn1,train,train,train,3,3,0.5952381,0.5952381,0.88235295
CC(CC(C)(C)C)OCCCc1c[nH]cn1,train,train,train,3,3,0.5952381,0.5952381,0.5952381
CC(NC(=O)OCCCc1c[nH]cn1)C1CC1,train,train,train,3,3,0.7826087,0.7826087,0.7826087
CC(C)(C)CCCCOCCCc1c[nH]cn1,test,test,test,3,3,0.93939394,0.93939394,0.93939394
CC(NC(=O)OCCCc1c[nH]cn1)C1(C)CC1,train,train,test,3,3,0.6666667,0.6666667,0.6666667
CC(C)(C)CCOCCCc1c[nH]cn1,test,test,train,3,3,0.88235295,0.88235295,0.88235295
O=C(NC(C1CC1)C1CC1)OCCCc1c[nH]cn1,train,train,train,3,3,0.7826087,0.7826087,0.7826087
CCN(CC)C(=O)c1ccc(-c2ccc(OCCCN3[C@@H](C)CC[C@@H]3C)cc2)cc1,train,train,train,0,0,0.7254902,0.7254902,0.7254902
CC1CCN(CCCOc2ccc(-c3ccc(C(=O)N4CCCC4C)cc3)cc2)CC1,train,train,train,0,0,0.7962963,0.7962963,0.8113208
CCN(CC)C(=O)c1ccc(-c2ccc(OCCCN3CC[C@H](O)C3)cc2)cc1,train,train,train,0,0,0.7692308,0.7692308,0.7692308
CC(C)NCCCOc1ccc(-c2ccc(C(=O)N3[C@@H](C)CC[C@@H]3C)cc2)cc1,test,test,test,1,1,0.68,0.7307692,0.75
CN(C)[C@@H]1CCN(CCCOc2ccc(-c3ccc(C(=O)N4CCCC4)cc3)cc2)C1,train,train,train,0,0,0.8490566,0.8490566,0.8490566
CC(C)NC(=O)c1ccc(-c2ccc(OCCCN3[C@@H](C)CC[C@@H]3C)cc2)cc1,test,test,train,1,1,0.7254902,0.7254902,0.7254902
CCN(CC)C(=O)c1ccc(-c2ccc(OCCCN3CCC(C)CC3)cc2)cc1,train,train,train,0,0,0.7692308,0.7692308,0.7692308
CC(C)NCCCOc1ccc(-c2ccc(C(=O)N3CCCC3C)cc2)cc1,test,test,train,1,1,0.7037037,0.7222222,0.7037037
C[C@H]1CC[C@H](C)N1CCCOc1ccc(-c2ccc(C(=O)N3CCCC3)cc2)cc1,train,train,train,1,1,0.7659575,0.7659575,0.85106385
CCN(CC)CCCOc1ccc(-c2ccc(C(=O)NC(C)C)cc2)cc1,train,train,train,1,1,0.63265306,0.63265306,0.63265306
CCN(CC)CCCOc1ccc(-c2ccc(C(=O)N3CCC(C)CC3)cc2)cc1,train,train,train,1,1,0.7916667,0.7916667,0.7916667
C[C@H]1CC[C@H](C)N1CCCOc1ccc(-c2ccc(C(=O)N3[C@@H](C)CC[C@@H]3C)cc2)cc1,train,train,train,1,1,0.7659575,0.7659575,0.7659575
C[C@H]1CC[C@H](C)N1C(=O)c1ccc(-c2ccc(OCCCN3CCOCC3)cc2)cc1,train,train,train,0,0,0.754717,0.8,0.7592593
CC1CCN(CCCOc2ccc(-c3ccc(C(=O)N4CCC(C)CC4)cc3)cc2)CC1,train,train,test,0,0,0.9111111,0.9111111,0.8541667
CC1CCN(C(=O)c2ccc(-c3ccc(OCCCN4[C@@H](C)CC[C@@H]4C)cc3)cc2)CC1,test,test,train,1,1,0.85106385,0.85106385,0.85106385
CC1CCCN1C(=O)c1ccc(-c2ccc(OCCCN3CCOCC3)cc2)cc1,test,test,train,0,0,0.8113208,0.8113208,0.8113208
CC(C)N(C)C(=O)c1ccc(-c2ccc(OCCCN3CC[C@H](O)C3)cc2)cc1,train,train,train,0,0,0.74545455,0.74545455,0.74545455
O=C(c1ccc(-c2ccc(OCCCN3CCCC3)cc2)cc1)N1CCCC1,train,train,train,0,0,0.8372093,0.8372093,0.8372093
CC1CCN(C(=O)c2ccc(-c3ccc(OCCCN4CC[C@H](O)C4)cc3)cc2)CC1,train,train,train,0,0,0.8367347,0.8367347,0.8235294
CCN(CC)CCCOc1ccc(-c2ccc(C(=O)N3CCCC3C)cc2)cc1,test,test,train,4,4,0.7307692,0.7307692,0.7037037
CC1CCN(C(=O)c2ccc(-c3ccc(OCCCN4CC[C@@H](N(C)C)C4)cc3)cc2)CC1,train,train,train,1,1,0.8490566,0.8490566,0.8490566
CCN(CC)C(=O)c1ccc(-c2ccc(OCCCN3CCOCC3)cc2)cc1,train,train,train,0,0,0.74509805,0.74509805,0.74509805
CC1CCN(CCCOc2ccc(-c3ccc(C(=O)N4CCCC4)cc3)cc2)CC1,train,train,test,0,0,0.9111111,0.9111111,0.82
CC(C)NC(=O)c1ccc(-c2ccc(OCCCN3CCOCC3)cc2)cc1,train,train,train,0,0,0.74509805,0.74509805,0.74509805
CCN(CC)CCCOc1ccc(-c2ccc(C(=O)N3[C@@H](C)CC[C@@H]3C)cc2)cc1,train,train,test,1,1,0.7254902,0.7254902,0.7307692
CCN(CC)C(=O)c1ccc(-c2ccc(OCCCNC(C)C)cc2)cc1,train,train,train,1,1,0.5740741,0.5740741,0.5660377
CCN(CC)CCCOc1ccc(-c2ccc(C(=O)N3CCOCC3)cc2)cc1,train,train,train,1,1,0.80851066,0.80851066,0.80851066
CC1CCCN1C(=O)c1ccc(-c2ccc(OCCCN3CC[C@H](O)C3)cc2)cc1,train,train,train,0,0,0.7962963,0.7962963,0.7962963
CN(C)[C@@H]1CCN(CCCOc2ccc(-c3ccc(C(=O)N4CCOCC4)cc3)cc2)C1,train,train,train,1,1,0.8333333,0.8333333,0.8333333
CCN(CC)CCCOc1ccc(-c2ccc(C(=O)N3CCCC3)cc2)cc1,train,train,train,1,1,0.80851066,0.80851066,0.80851066
CC1CCN(CCCOc2ccc(-c3ccc(C(=O)NC(C)C)cc3)cc2)CC1,train,train,train,0,0,0.74509805,0.74509805,0.74509805
CC(C)NCCCOc1ccc(-c2ccc(C(=O)N3CCOCC3)cc2)cc1,train,train,test,1,1,0.6666667,0.75,0.6666667
O=C(c1ccc(-c2ccc(OCCCN3CC[C@H](O)C3)cc2)cc1)N1CCOCC1,train,train,train,1,1,0.8235294,0.7777778,0.8235294
C[C@H]1CC[C@H](C)N1C(=O)c1ccc(-c2ccc(OCCCN3CC[C@H](O)C3)cc2)cc1,test,train,train,0,0,0.7777778,0.78431374,0.7777778
O=C(c1ccc(-c2ccc(OCCCN3CC[C@H](O)C3)cc2)cc1)N1CCCC1,train,test,train,0,0,0.8235294,0.8235294,0.8235294
CC1CCCN1C(=O)c1ccc(-c2ccc(OCCCN3CC[C@H](N(C)C)C3)cc2)cc1,train,train,test,0,0,0.7894737,0.7894737,0.7894737
CC1CCCN1C(=O)c1ccc(-c2ccc(OCCCN3[C@@H](C)CC[C@@H]3C)cc2)cc1,train,train,train,0,0,0.7692308,0.7692308,0.7692308
C[C@H]1CC[C@H](C)N1C(=O)c1ccc(-c2ccc(OCCCN3CC[C@H](N(C)C)C3)cc2)cc1,train,train,train,0,0,0.7719298,0.7777778,0.7777778
CC1CCN(CCCOc2ccc(-c3ccc(C(=O)N4[C@@H](C)CC[C@@H]4C)cc3)cc2)CC1,test,train,test,0,0,0.8,0.8,0.8
CCN(CC)C(=O)c1ccc(-c2ccc(OCCCN3CC[C@H](N(C)C)C3)cc2)cc1,test,test,test,0,0,0.7924528,0.7924528,0.7924528
O=C(c1ccc(-c2ccc(OCCCN3CCOCC3)cc2)cc1)N1CCCC1,train,train,train,0,0,0.90697676,0.90697676,0.90697676
O=C(c1ccc(-c2ccc(OCCCN3CCOCC3)cc2)cc1)N1CCOCC1,train,train,train,0,0,0.90697676,0.90697676,0.90697676
CC1CCN(C(=O)c2ccc(-c3ccc(OCCCNC(C)C)cc3)cc2)CC1,test,train,test,1,1,0.75,0.75,0.7222222
CC1CCN(CCCOc2ccc(-c3ccc(C(=O)N4CCOCC4)cc3)cc2)CC1,test,test,train,0,0,0.9183673,0.8541667,0.8125
CC1CCN(C(=O)c2ccc(-c3ccc(OCCCN4CCOCC4)cc3)cc2)CC1,train,test,test,0,0,0.8541667,0.8541667,0.9183673
CC1CCCCN1CCc1cc2cc(-c3ccc(C(=O)N4CCOCC4)cc3)ccc2o1,train,train,train,4,4,0.94736844,0.94736844,0.94736844
CN(C)CCCCNc1c2c(nc3ccccc13)CCCCC2,test,train,train,0,0,0.9318182,0.9318182,0.9318182
CN(C)CCC#Cc1c2c(nc3ccccc13)CCCCC2,train,train,train,4,4,0.6730769,0.6730769,0.6730769
N#Cc1ccc(-c2ccc3oc(CCN4CCCCC4)cc3c2)cc1,train,train,train,4,4,1.0,1.0,1.0
N#Cc1ccc(-c2ccc3oc(CCN4CC=CCC4)cc3c2)cc1,train,train,test,4,4,0.74,0.74,0.7254902
O=C(c1ccc(-c2ccc3oc(CCN4CC[C@@H](O)C4)cc3c2)cc1)N1CCOCC1,train,train,train,4,4,0.8095238,0.8095238,0.8095238
N#Cc1ccc(-c2ccc3oc(CCn4ccnc4)cc3c2)cc1,train,train,train,4,4,0.6226415,0.6226415,0.6111111
N#Cc1ccc(-c2ccc3oc(CCN4CCCCCC4)cc3c2)cc1,train,train,train,4,4,1.0,1.0,1.0
CC(C)(C)OC(=O)N[C@H]1[C@@H]2CN(CCCNc3c4c(nc5ccccc35)CCCCC4)C[C@@H]21,test,test,train,0,0,0.61538464,0.61538464,0.6769231
CN1CCN(CCCNc2c3c(nc4ccccc24)CCCCC3)CC1,train,train,train,0,0,0.87234044,0.87234044,0.87234044
C[C@@H]1CCCN1CCc1cc2cc(-c3ccc(C(=O)N4CCOCC4)cc3)ccc2o1,train,train,train,4,4,0.94736844,0.94736844,0.94736844
C(=C\c1c2c(nc3ccccc13)CCCCC2)\CCN1CCCCC1,train,train,train,0,0,0.627451,0.627451,0.6226415
O=C(c1ccc(-c2ccc3oc(CCN4CCCCC4)cc3c2)nc1)N1CCOCC1,test,test,train,4,4,1.0,1.0,1.0
O=C(c1ccc(-c2ccc3oc(CCN4CCC[C@@H]4CO)cc3c2)nc1)N1CCOCC1,train,train,train,4,4,0.8115942,0.8115942,0.8115942
C[C@@H]1CC[C@@H](C)N1CCc1cc2cc(-c3ccc(C(=O)N4CCOCC4)cn3)ccc2o1,train,train,train,4,4,0.93442625,0.93442625,0.93442625
O=C(c1ccc(-c2ccc3oc(CCN4CCCC4)cc3c2)nc1)N1CCOCC1,train,train,train,4,4,0.98214287,0.98214287,0.98214287
O=C(c1ccc(-c2ccc3oc(CCN4CCOCC4)cc3c2)nc1)N1CCOCC1,test,test,train,4,4,0.9285714,0.9285714,0.9285714
N#Cc1ccc(-c2ccc3oc(CCN4CCC[C@@H]4CC(=O)O)cc3c2)cc1,train,train,train,4,4,0.66129035,0.66129035,0.6
N#Cc1ccc(-c2ccc3oc(CCN4CCC(O)C4)cc3c2)cc1,train,train,train,4,4,0.71153843,0.71153843,0.7407407
C[C@@H]1CC[C@@H](C)N1CCc1cc2cc(-c3ccc(C(=O)N4CCOCC4)cc3)ccc2o1,train,train,train,4,4,0.9259259,0.9259259,0.9259259
O=C(c1ccc(-c2ccc3oc(CCN4CCCCCC4)cc3c2)cc1)N1CCOCC1,test,test,train,4,4,1.0,1.0,1.0
C(#Cc1c2c(nc3ccccc13)CCCCC2)CCN1CCCC1,test,test,train,0,0,1.0,1.0,0.87234044
O=C(c1ccc(-c2ccc3oc(CCN4CCCCC4)cc3c2)cc1)N1CCOCC1,train,train,train,4,4,0.7894737,0.7894737,1.0
CC1CCN(CCc2cc3cc(-c4ccc(C(=O)N5CCOCC5)cn4)ccc3o2)CC1,train,train,train,4,4,0.82539684,0.82539684,0.852459
C(#Cc1c2c(nc3ccccc13)CCCCC2)CCN1CCCCCC1,test,test,test,0,0,1.0,1.0,1.0
N#Cc1ccc(-c2ccc3oc(CCN4CCCC4)cc3c2)cc1,train,train,test,4,4,0.97619045,0.97619045,0.97619045
C[C@H]1CCC[C@@H](C)N1CCc1cc2cc(-c3ccc(C(=O)N4CCOCC4)cc3)ccc2o1,train,train,train,4,4,0.9259259,0.9259259,0.9259259
C[C@@H]1CCCN1CCc1cc2cc(-c3ccc(C(=O)N4CCOCC4)cn3)ccc2o1,train,train,train,4,4,0.8484849,0.8484849,0.8484849
CN(C)CCCNc1c2c(nc3ccccc13)CCCCC2,train,train,train,0,0,0.8636364,0.9318182,0.9318182
C(#Cc1c2c(nc3ccccc13)CCCCCC2)CCN1CCCCC1,train,train,test,0,0,0.87234044,0.87234044,1.0
C[C@@H]1CC[C@@H](C)N1CCc1cc2cc(-c3ccc(C#N)cc3)ccc2o1,train,train,test,4,4,0.7358491,0.7358491,0.9130435
C[C@H]1CCC[C@@H](C)N1CCc1cc2cc(-c3ccc(C#N)cc3)ccc2o1,test,test,train,4,4,0.9130435,0.9130435,0.7169811
c1ccc2c(NCCCN3CCCC3)c3c(nc2c1)CCCCC3,train,train,train,0,0,1.0,1.0,1.0
N[C@H]1[C@@H]2CN(CCCNc3c4c(nc5ccccc35)CCCCC4)C[C@H]12,test,test,train,0,0,0.7358491,0.7358491,0.7358491
c1ccc2c(NCCCN3CCOCC3)c3c(nc2c1)CCCCC3,test,test,train,0,0,0.8541667,0.8541667,0.8541667
CC1CCN(CCc2cc3cc(-c4ccc(C(=O)N5CCOCC5)cc4)ccc3o2)CC1,train,train,train,4,4,0.7936508,0.7936508,0.8333333
O=C(c1ccc(-c2ccc3oc(CCN4CCCCCC4)cc3c2)nc1)N1CCOCC1,train,train,train,4,4,0.98214287,0.98214287,1.0
CC(=O)N(CCCN(C)C)c1c2c(nc3ccccc13)CCCCC2,train,test,train,1,1,0.5714286,0.5714286,0.5714286
CN(C)CCCNc1c2c(nc3c1CCCC3)CCCCC2,train,train,test,0,0,0.6818182,0.6818182,0.6818182
C[C@H]1CCC[C@@H](C)N1CCc1cc2cc(-c3ccc(C(=O)N4CCOCC4)cn3)ccc2o1,train,train,train,4,4,0.93442625,0.93442625,0.93442625
CN(C)CCCNc1c2c(nc3ccccc13)CCSC2,train,train,train,4,4,0.7058824,0.7058824,0.7058824
O=C(c1ccc(-c2ccc3oc(CCN4CCC[C@H]4CO)cc3c2)cc1)N1CCOCC1,test,test,train,4,4,0.8030303,0.8030303,0.8030303
O=C(c1ccc(-c2ccc3oc(CCN4CC=CCC4)cc3c2)cc1)N1CCOCC1,test,test,test,4,4,0.7586207,0.7586207,0.8
O=C(c1ccc(-c2ccc3oc(CCN4CCC(O)C4)cc3c2)nc1)N1CCOCC1,train,train,train,4,4,0.8181818,0.8181818,0.82258064
CC1CCCCN1CCc1cc2cc(-c3ccc(C#N)cc3)ccc2o1,train,train,test,4,4,0.78571427,0.78571427,0.78846157
CN(C)CCNc1c2c(nc3ccccc13)CCCCC2,train,train,test,4,4,0.8636364,0.8636364,0.8636364
CN1CCN(CCC#Cc2c3c(nc4ccccc24)CCCCC3)CC1,train,train,train,0,0,0.87234044,0.87234044,0.87234044
O=C(c1ccc(-c2ccc3oc(CCN4CCOCC4)cc3c2)cc1)N1CCOCC1,test,test,train,4,4,0.9,0.9,0.9
CC1CCN(CCc2cc3cc(-c4ccc(C#N)cc4)ccc3o2)CC1,test,test,train,4,4,0.7755102,0.7755102,0.76
Cc1ccc2cc(-c3ccc(OCCCN4CCCCC4)cc3)cn2c1,train,train,train,0,0,0.7,0.7,0.74
c1ccn2cc(-c3ccc(OCCCN4CCCCC4)cc3)cc2c1,train,train,test,0,0,0.7916667,0.7916667,0.7916667
Cc1c(-c2ccc(OCCCN3CCCCC3)cc2)cc2ccccn12,train,test,train,0,0,0.7692308,0.7692308,0.7692308
c1ccc(CCc2c(-c3ccc(OCCCN4CCCCC4)cc3)cn3ccccc23)cc1,train,train,train,0,0,0.7777778,0.7777778,0.7777778
CCc1c(-c2ccc(OCCCN3CCCCC3)cc2)cc2ccccn12,train,train,train,0,0,0.7692308,0.59322035,0.7692308
Cc1ccn2cc(-c3ccc(OCCCN4CCCCC4)cc3)cc2c1,test,test,train,0,0,0.74,0.74,0.74
Cc1cccn2cc(-c3ccc(OCCCN4CCCCC4)cc3)cc12,train,train,train,0,0,0.6730769,0.6730769,0.6481481
c1ccc(-c2cc3ccccn3c2)c(OCCCN2CCCCC2)c1,test,train,test,0,0,0.71428573,0.71428573,0.6981132
c1ccc(-c2c(-c3ccc(OCCCN4CCCCC4)cc3)cn3ccccc23)cc1,train,test,train,0,0,0.7407407,0.7407407,0.81632656
C/N=C(\S)NCCCCc1c[nH]cn1,train,train,train,3,3,0.54761904,0.54761904,0.5609756
c1cc(OCCCN2CCCCC2)cc(-c2cc3ccccn3c2)c1,train,train,train,0,0,0.7916667,0.7916667,0.7037037
CCc1c(-c2ccc(OCCCN3CCCCC3)cc2)cn2ccccc12,train,train,train,0,0,0.7777778,0.7777778,0.78431374
Cc1[nH]cnc1CSCCNC(=N)NCCCc1c[nH]cn1,train,train,train,3,3,0.5,0.5,0.44262296
Cc1cc(OCCCN2CCCCC2)ccc1-c1cc2ccccn2c1,train,train,train,0,0,0.7307692,0.7307692,0.7037037
c1ccn2nc(-c3ccc(OCCCN4CCCCC4)cc3)cc2c1,train,train,train,0,0,0.6296296,0.6296296,0.6296296
c1ccc2[nH]c(-c3ccc(OCCCN4CCCCC4)cc3)cc2c1,train,train,train,0,0,0.60465115,0.60465115,0.60465115
CS(=O)(=O)n1c(-c2ccc(OCCCN3CCCCC3)cc2)cc2ccccc21,train,train,train,0,0,0.53061223,0.53061223,0.53061223
Cc1cccc2cc(-c3ccc(OCCCN4CCCCC4)cc3)cn12,train,train,train,0,0,0.65384614,0.65384614,0.6415094
Cc1cc(OCCCN2CCCCC2)ccc1-c1cn2ccccc2c1C,train,train,train,0,0,0.68421054,0.68421054,0.7692308
Cc1c(-c2ccc(OCCCN3CCCCC3)cc2)cn2ccccc12,test,test,train,0,0,0.81632656,0.78431374,0.81632656
N#Cc1ccc(OCCCN2CCCCC2)cc1,train,train,train,0,0,0.88235295,0.88235295,0.85294116
c1ccc(CCc2c[nH]cn2)nc1,train,train,train,3,3,0.86206895,0.86206895,0.86206895
c1cc(CCCc2c[nH]cn2)ccn1,train,train,train,3,3,0.8,0.8,0.8
c1cncc(CCCc2c[nH]cn2)c1,test,test,test,3,3,0.6666667,0.6666667,0.8235294
c1ccc(CCCc2c[nH]cn2)nc1,train,train,train,3,3,0.86206895,0.86206895,0.86206895
c1cncc(CCc2c[nH]cn2)c1,test,test,train,3,3,0.64705884,0.64705884,0.64705884
c1cc(Cc2cnc[nH]2)ccn1,train,train,train,3,3,0.35135135,0.35135135,0.45454547
c1cc(CCc2c[nH]cn2)ccn1,train,train,train,3,3,0.8,0.8,0.8
NC[C@@H]1CC[C@@H](c2c[nH]cn2)O1,train,train,train,3,3,0.5,0.5,0.5
O/N=C1\c2ccccc2-c2ccc(OCCN3CCOCC3)cc21,train,train,train,0,0,0.8,0.8,0.8
CN(C)CCOc1ccc2c(c1)/C(=N/O)c1ccccc1-2,train,train,test,0,0,0.8717949,0.59574467,0.59574467
CN1CCCCC(Oc2ccc3c(c2)/C(=N/O)c2ccccc2-3)C1,test,train,train,1,1,0.6603774,0.6603774,0.6603774
CN1CCCC1CCOc1ccc2c(c1)/C(=N/O)c1ccccc1-2,train,train,train,0,0,0.66,0.66,0.66
CN1CCCC(COc2ccc3c(c2)/C(=N/O)c2ccccc2-3)C1,train,train,train,0,0,0.6481481,0.6603774,0.6603774
CN(C)C1c2ccccc2-c2ccc(OCCN3CCCCC3)cc21,train,train,train,0,0,0.6938776,0.6938776,0.6938776
O/N=C1\c2ccccc2-c2ccc(OCCN3CCCC3)cc21,train,train,train,0,0,0.8,0.8,0.8
OC1c2ccccc2-c2ccc(OCCN3CCCCC3)cc21,train,train,train,0,0,0.6938776,0.76086956,0.76086956
OCC1c2ccccc2-c2ccc(OCCN3CCCCC3)cc21,test,train,train,0,0,0.76086956,0.76086956,0.76086956
CN(C)CCCOc1ccc2c(c1)/C(=N/O)c1ccccc1-2,train,test,test,0,0,0.8717949,0.8717949,0.5833333
Clc1ccc2c(NCCCCCCCN3CCCCC3)ccnc2c1,train,train,test,0,0,1.0,1.0,1.0
c1ccc2c(NCCc3ccc(OCCCN4CCCCC4)cc3)c3c(nc2c1)CCCC3,train,train,train,0,0,0.9122807,0.9122807,0.9122807
Clc1ccc2c(NCCCCCCCCN3CCCCC3)ccnc2c1,train,train,train,0,0,1.0,1.0,1.0
CN(CCCN1CCCCC1)c1ccnc2ccccc12,train,train,train,0,0,0.85714287,0.85714287,0.85714287
Clc1ccc2c(NCCCCCCN3CCCCC3)ccnc2c1,train,train,train,0,0,1.0,1.0,1.0
CN(CCN1CCCCC1)c1c2c(nc3ccccc13)CCCC2,train,train,train,0,0,0.87234044,0.87234044,0.87234044
c1ccc2c(NCCCCN3CCCCC3)ccnc2c1,train,train,test,0,0,0.975,0.975,0.975
Cc1cnc2ccccc2c1NCCCCCCN1CCCCC1,test,test,train,0,0,0.6296296,0.6296296,0.90909094
Clc1ccc2c(NCCc3ccc(OCCCN4CCCCC4)cc3)ccnc2c1,test,test,train,0,0,0.7586207,0.7586207,0.7586207
c1ccc2c(NCCCc3ccc(OCCCN4CCCCC4)cc3)ccnc2c1,train,train,train,0,0,0.9423077,0.9423077,0.9423077
c1ccc2c(NCCCN3CCCCC3)c3c(nc2c1)CCCC3,train,train,train,0,0,1.0,1.0,1.0
c1ccc2c(NCCCCCCN3CCCCC3)ccnc2c1,train,train,train,0,0,0.975,0.975,1.0
c1ccc2c(NCCCCc3ccc(OCCCN4CCCCC4)cc3)c3c(nc2c1)CCCC3,train,train,train,0,0,0.94736844,0.94736844,0.94736844
Clc1ccc2c(NCCCN3CCCCC3)ccnc2c1,train,train,train,0,0,0.9111111,0.9111111,0.9318182
Clc1ccc2c(NCCCCCN3CCCCC3)ccnc2c1,train,train,train,0,0,1.0,1.0,1.0
CN(CCN1CCCCC1)c1ccnc2ccccc12,train,train,train,0,0,0.85714287,0.85714287,0.85714287
c1ccc2c(NCCCN3CCCCC3)c3ccccc3nc2c1,train,train,train,0,0,0.77272725,0.77272725,0.77272725
c1ccc2c(NCCCCCN3CCCCC3)ccnc2c1,test,test,train,0,0,1.0,1.0,1.0
c1ccc2c(NCCc3ccc(OCCCN4CCCCC4)cc3)ccnc2c1,train,train,train,0,0,0.90384614,0.90384614,0.90384614
c1ccc2c(NCCN3CCCCC3)c3c(nc2c1)CCCC3,train,train,test,0,0,0.8863636,0.8863636,0.8863636
CN(CCCN1CCCCC1)c1c2c(nc3ccccc13)CCCC2,train,train,train,0,0,0.87234044,0.87234044,0.87234044
CCN(CCCN1CCCCC1)c1ccnc2ccccc12,train,train,test,0,0,0.76086956,0.76086956,0.76086956
c1ccc2c(NCCCCc3ccc(OCCCN4CCCCC4)cc3)ccnc2c1,train,train,train,0,0,0.9423077,0.9423077,0.9423077
c1ccc2c(NCCCc3ccc(OCCCN4CCCCC4)cc3)c3c(nc2c1)CCCC3,train,train,train,0,0,0.94736844,0.94736844,0.94736844
c1ccc2c(NCCCN3CCCCC3)ccnc2c1,test,test,train,0,0,0.925,0.925,0.902439
c1ccc2c(Nc3ccc(OCCCN4CCCCC4)cc3)ccnc2c1,train,train,train,0,0,0.7407407,0.7407407,0.7407407
Clc1ccc2c(Nc3ccc(OCCCN4CCCCC4)cc3)ccnc2c1,train,train,train,0,0,0.7407407,0.7407407,0.7407407
c1ccc2c(NCCN3CCCCC3)ccnc2c1,train,train,train,0,0,0.8292683,0.8292683,0.85
Clc1ccc2c(NCCCCN3CCCCC3)ccnc2c1,test,test,train,0,0,0.97727275,0.97727275,0.97727275
c1ccc2c(NCCCCCCN3CCCCC3)c3c(nc2c1)CCCC3,train,train,train,0,0,0.9130435,0.9130435,0.9130435
Cc1cnc2ccccc2c1NCCCN1CCCCC1,test,test,train,0,0,0.6888889,0.6888889,0.90909094
C(=C1CCN(CCc2ccccc2)CC1)c1c[nH]cn1,train,train,test,3,3,0.78571427,0.78571427,0.53061223
c1ccc(CCCN2CCC(Cc3c[nH]cn3)CC2)cc1,train,train,train,3,3,0.85365856,0.85365856,0.85365856
CN1CCC(Cc2c[nH]cn2)CC1,train,train,test,3,3,0.74285716,0.74285716,0.74285716
CN1CCC(CCc2c[nH]cn2)CC1,train,train,train,3,3,0.7567568,0.7567568,0.6666667
CN1CCC(=Cc2c[nH]cn2)CC1,test,test,test,3,3,0.71428573,0.71428573,0.71428573
CCN1CCC(Cc2c[nH]cn2)CC1,train,train,train,3,3,0.74285716,0.74285716,0.6666667
CCN1CCC(CCc2c[nH]cn2)CC1,train,train,test,3,3,0.7567568,0.7567568,0.7567568
CCN1CCC(=Cc2c[nH]cn2)CC1,train,train,test,3,3,0.64285713,0.64285713,0.64102566
CC(C)N1CCC(Cc2c[nH]cn2)CC1,test,test,train,3,3,0.7222222,0.7222222,0.6666667
CC(C)N1CCC(CCc2c[nH]cn2)CC1,test,test,test,3,3,0.7368421,0.7368421,0.74358976
CC(C)N1CCC(=Cc2c[nH]cn2)CC1,train,train,train,3,3,0.64102566,0.64102566,0.5833333
c1nc(CC2CCN(C3CCCCC3)CC2)c[nH]1,train,train,train,3,3,0.75,0.75,0.6097561
c1nc(CCC2CCN(C3CCCCC3)CC2)c[nH]1,train,train,test,3,3,0.75,0.75,0.75
C(=C1CCN(C2CCCCC2)CC1)c1c[nH]cn1,train,train,train,2,2,0.55813956,0.55813956,0.55813956
c1ccc(CN2CCC(Cc3c[nH]cn3)CC2)cc1,train,train,train,3,3,0.80487806,0.80487806,0.80487806
c1ccc(CN2CCC(CCc3c[nH]cn3)CC2)cc1,train,train,train,3,3,0.8333333,0.8333333,0.8333333
C(=C1CCN(Cc2ccccc2)CC1)c1c[nH]cn1,train,train,test,3,3,0.78571427,0.78571427,0.53333336
c1ccc(CCN2CCC(Cc3c[nH]cn3)CC2)cc1,train,train,train,3,3,0.85365856,0.85365856,0.85365856
c1ccc(CCN2CCC(CCc3c[nH]cn3)CC2)cc1,train,train,train,3,3,0.8333333,0.8333333,0.8333333
C[C@@H]1CCCN1CCc1cc2cc(C(=O)c3ccc(N(C)C)cc3)ccc2o1,test,test,train,4,4,0.8148148,0.8148148,0.8148148
Cc1cc(C(=O)c2ccc3oc(CCN4CCC[C@H]4C)cc3c2)ccc1F,train,train,train,4,4,0.8035714,0.8035714,0.8035714
CN1CCN(c2ccc3ccccc3n2)CC1,train,train,train,4,4,0.6857143,0.6857143,0.6857143
CCN1CCN(c2ccc3ccccc3n2)CC1,train,train,train,4,4,0.6857143,0.6857143,0.6857143
CC(C)N1CCN(c2ccc3ccccc3n2)CC1,train,train,test,1,1,0.7105263,0.7105263,0.7105263
CCC(CC)N1CCN(c2ccc3ccccc3n2)CC1,train,train,train,4,4,0.7105263,0.7105263,0.6666667
c1ccc2nc(N3CCN(C4CC4)CC3)ccc2c1,train,train,train,2,2,0.88235295,0.7,0.88235295
c1ccc2nc(N3CCN(C4CCCC4)CC3)ccc2c1,train,test,train,2,2,0.88235295,0.88235295,0.88235295
c1ccc2nc(N3CCN4CCCC[C@@H]4C3)ccc2c1,train,train,train,2,2,0.7948718,0.7,0.7948718
Clc1ccc2nc(N3CCN(C4CC4)CC3)ccc2c1,test,test,test,2,2,0.81578946,0.81578946,0.81578946
Clc1ccc2ccc(N3CCN(C4CC4)CC3)nc2c1,train,train,train,2,2,0.6904762,0.6904762,0.6904762
Clc1cc(Cl)c2ccc(N3CCN(C4CC4)CC3)nc2c1,train,train,train,2,2,0.6904762,0.6904762,0.6904762
COc1ccc2nc(N3CCN(C4CC4)CC3)ccc2c1,test,test,test,2,2,0.61702126,0.61702126,0.61702126
FC(F)(F)c1ccc2nc(N3CCN(C4CC4)CC3)ccc2c1,test,test,test,2,2,0.61702126,0.61702126,0.61702126
N#Cc1ccc2nc(N3CCN(C4CC4)CC3)ccc2c1,train,train,train,2,2,0.625,0.625,0.60465115
c1cc2nc(N3CCN(C4CC4)CC3)ccc2cc1C1CCCCC1,test,train,test,2,2,0.6041667,0.6041667,0.6041667
c1cnn(-c2ccc3nc(N4CCN(C5CC5)CC4)ccc3c2)c1,train,train,train,2,2,0.5869565,0.5869565,0.5869565
O=C(c1ccc(F)cc1)c1ccc2nc(N3CCN(C4CC4)CC3)ccc2c1,train,train,train,1,1,0.6938776,0.6938776,0.5576923
O=C(c1ccc2nc(N3CCN(C4CC4)CC3)ccc2c1)C1CC1,train,train,test,1,1,0.6938776,0.6938776,0.6938776
CCC(CC)N1CCN(C(=O)CCC(=O)c2ccc(OC)c(OC)c2)CC1,train,train,train,1,1,0.6530612,0.6530612,0.35714287
CN1CCN(C2=Nc3cc(Cl)ccc3Nc3ccccc32)CC1,train,train,train,4,4,0.5967742,0.5967742,0.5967742
C[C@@H]1CCCN1CCc1cc2cc(C(=O)c3ccccc3F)ccc2o1,train,train,train,4,4,0.78571427,0.78571427,0.78571427
C[C@@H]1CCCN1CCc1cc2cc(C(=O)c3cccc(F)c3)ccc2o1,train,train,train,4,4,0.8703704,0.8703704,0.8703704
C[C@@H]1CCCN1CCc1cc2cc(C(=O)c3ccc(F)cc3)ccc2o1,train,train,train,4,4,0.8679245,0.8679245,0.8679245
C[C@@H]1CCCN1CCc1cc2cc(C(=O)c3ccc(Cl)cc3)ccc2o1,train,train,train,4,4,0.8518519,0.8518519,0.8518519
Cc1cc(C(=O)c2ccc3oc(CCN4CCC[C@H]4C)cc3c2)ccc1Cl,train,train,train,4,4,0.8035714,0.8035714,0.8035714
C[C@@H]1CCCN1CCc1cc2cc(C(=O)c3cccc(Cl)c3)ccc2o1,train,train,train,4,4,0.8518519,0.8518519,0.8518519
C[C@@H]1CCCN1CCc1cc2cc(C(=O)c3cc(F)cc(F)c3)ccc2o1,train,train,train,4,4,0.8703704,0.8703704,0.8703704
C[C@@H]1CCCN1CCc1cc2cc(C(=O)c3ccccc3)ccc2o1,train,train,train,4,4,0.8627451,0.8627451,0.84615386
CC(=O)c1cccc(-c2ccc3oc(CCN4CCC[C@H]4C)cc3c2)c1,train,train,test,4,4,0.8245614,0.8245614,0.8245614
C[C@@H]1CCCN1CCc1cc2cc(-c3cccc(C(C)(C)O)c3)ccc2o1,train,train,train,4,4,0.7288136,0.7288136,0.7288136
CC(O)c1cccc(-c2ccc3oc(CCN4CCC[C@H]4C)cc3c2)c1,test,test,train,4,4,0.7288136,0.7288136,0.7288136
C[C@@H]1CCCN1CCc1cc2cc(-c3cccc(CO)c3)ccc2o1,train,train,train,4,4,0.8301887,0.8301887,0.8301887
CCC(=O)c1cccc(-c2ccc3oc(CCN4CCC[C@H]4C)cc3c2)c1,train,train,train,4,4,0.82758623,0.82758623,0.82758623
C[C@@H]1CCCN1CCc1cc2cc(-c3cccc(C(=O)C4CC4)c3)ccc2o1,train,train,train,4,4,0.85714287,0.85714287,0.85714287
C[C@@H]1CCCN1CCc1cc2cc(-c3ccc(CO)cc3)ccc2o1,train,train,train,4,4,0.8301887,0.8301887,0.8301887
C[C@@H]1CCCN1CCc1cc2cc(-c3cccc(C#N)c3)ccc2o1,train,train,train,4,4,0.78571427,0.78571427,0.7924528
C[C@@H]1CCCN1CCc1cc2cc(-c3ccc(C(=O)C4CC4)cc3)ccc2o1,train,train,train,4,4,0.85714287,0.85714287,0.85714287
C[C@@H](NC(=O)c1ccco1)C(=O)N1CCN(CCCOc2ccc(C(=O)C3CC3)cc2)CC1,train,train,train,1,1,0.7714286,0.7714286,0.7714286
Cc1ccc(C(=O)c2ccc3oc(CCN4CCC[C@H]4C)cc3c2)cc1,train,train,test,4,4,0.8627451,0.8627451,0.8627451
COc1ccc(C(=O)c2ccc3oc(CCN4CCC[C@H]4C)cc3c2)cc1,train,train,train,4,4,0.8301887,0.8301887,0.8301887
CN(C)CCNC(=O)c1nc2cc(Cl)ccc2[nH]1,train,train,train,1,1,0.31746033,0.63265306,0.63265306
CN1CCN(C(=O)c2cc3cc(Br)ccc3[nH]2)CC1,train,test,test,1,1,0.7209302,0.7209302,0.7209302
CN1CCN(C(=O)c2cc3cc(I)ccc3[nH]2)CC1,train,train,train,1,1,0.7209302,0.5319149,0.5319149
CN(C)CCNC(=O)c1cc2cc(Cl)ccc2[nH]1,test,train,train,1,1,0.63265306,0.63265306,0.63265306
O=C(c1cc2cc(Cl)ccc2[nH]1)N1CCCCC1,train,train,train,1,1,0.6304348,0.5744681,0.537037
CN1CCC(C(O)c2cc3cc(Cl)ccc3[nH]2)CC1,train,train,train,1,1,0.5714286,0.5714286,0.40384614
CN1CCC(C(=O)c2cc3cc(Cl)ccc3[nH]2)CC1,train,train,test,1,1,0.58,0.5744681,0.5744681
N#Cc1ccc(OCCCCCN2CCCC2)cc1,train,train,train,0,0,0.85294116,0.85294116,0.85294116
c1cc(CN2CCCCC2)ccc1COc1ccc(CN2CCCCC2)cc1,test,test,train,0,0,0.7297297,0.7297297,0.7297297
C[C@@H]1CCCN1CCc1cc2cc(C#N)ccc2o1,test,test,train,4,4,0.7924528,0.7924528,0.7924528
CCC(CC)N1CCN(C(=O)CCC(=O)c2ccc(Cl)cc2)CC1,train,train,test,1,1,0.6530612,0.6530612,0.6530612
CN1CCC(Oc2ccc(C#N)cc2)CC1,train,train,train,1,1,0.7222222,0.7222222,0.7222222
CCN1CCC(Oc2ccc(C#N)cc2)CC1,train,train,train,1,1,0.8108108,0.8108108,0.8108108
CCCN1CCC(Oc2ccc(C#N)cc2)CC1,train,train,train,0,0,0.8108108,0.8108108,0.8108108
CC(C)N1CCC(Oc2ccc(C#N)cc2)CC1,test,test,test,1,1,0.75,0.75,0.75
CC(CO)N1CCC(Oc2ccc(C#N)cc2)CC1,test,test,test,1,1,0.78571427,0.78571427,0.78571427
CCC(C)N1CCC(Oc2ccc(C#N)cc2)CC1,train,train,train,1,1,0.68292683,0.68292683,0.68292683
CC(C)CN1CCC(Oc2ccc(C#N)cc2)CC1,train,train,test,1,1,0.74358976,0.74358976,0.74358976
N#Cc1ccc(OC2CCN(C3CCCC3)CC2)cc1,train,train,train,1,1,0.9705882,0.9705882,0.9705882
N#Cc1ccc(OC2CCN(C3CCCCC3)CC2)cc1,train,train,train,1,1,0.9705882,0.9705882,0.9705882
N#Cc1ccc(OC2CCN(Cc3ccccc3)CC2)cc1,train,train,train,1,1,0.68292683,0.68292683,0.68292683
CC(C)N1CCC(Oc2ccc(CN(C)C)cc2)CC1,train,train,test,1,1,0.75609756,0.75609756,0.78571427
CCN(CC)Cc1ccc(OC2CCN(C(C)C)CC2)cc1,train,train,test,1,1,0.75609756,0.75609756,0.68085104
CCCCN(C)Cc1ccc(OC2CCN(C(C)C)CC2)cc1,train,test,train,1,1,0.7111111,0.7111111,0.7826087
CC(C)N1CCC(Oc2ccc(CN3CCCC3)cc2)CC1,test,test,train,1,1,0.972973,0.972973,0.972973
CC(C)N1CCC(Oc2ccc(CN3CCCCC3)cc2)CC1,train,train,train,1,1,1.0,1.0,0.972973
CC(C)N1CCC(Oc2ccc(CN3CCCCCC3)cc2)CC1,train,train,test,1,1,1.0,1.0,1.0
CC(C)N1CCC(Oc2ccc(CN3CCOCC3)cc2)CC1,train,train,train,1,1,0.76744187,0.76744187,0.78571427
CC(C)N1CCC(Oc2ccc(CN3CCC(O)CC3)cc2)CC1,test,train,train,1,1,0.7777778,0.7777778,0.78571427
CC(C)N1CCC(Oc2ccc(CN3CCC(CO)CC3)cc2)CC1,train,train,test,1,1,0.73333335,0.7777778,0.7777778
CC(C)N1CCC(Oc2ccc(CN3CCC(Cc4ccccc4)CC3)cc2)CC1,test,test,train,1,1,0.82222223,0.82222223,0.82222223
CC(C)N1CCC(Oc2ccc(CNC3CC3)cc2)CC1,train,train,train,1,1,0.6744186,0.6744186,0.67391306
CC(C)N1CCC(Oc2ccc(CNc3ccccc3)cc2)CC1,train,train,train,1,1,0.7,0.7,0.7
CC(C)N1CCC(Oc2ccc(CNc3ccccn3)cc2)CC1,train,train,train,1,1,0.7,0.7,0.7
CC(C)N1CCC(Oc2ccc(CN3CCN(C)CC3)cc2)CC1,train,train,train,1,1,0.9047619,0.8095238,0.9047619
CC(C)N1CCC(Oc2ccc(CN3CCN(c4ccccc4)CC3)cc2)CC1,train,train,train,1,1,0.84090906,0.84090906,0.84090906
CC(C)N1CCC(Oc2ccc(CN3CCN(Cc4ccccc4)CC3)cc2)CC1,train,train,train,1,1,0.84090906,0.84090906,0.84090906
CC(C)N1CCC(Oc2ccc(CN3CCCN(C)CC3)cc2)CC1,train,test,train,1,1,0.9047619,0.9047619,0.9047619
CC(C)N1CCC(Oc2ccc(CN(C)CCN(C)C)cc2)CC1,test,test,train,1,1,0.78571427,0.78571427,0.7826087
C[C@@H]1CCCN1CCc1cc2cc(CNc3ccccc3[N+](=O)[O-])ccc2o1,train,train,train,4,4,0.75757575,0.75757575,0.75757575
C[C@@H]1CCCN1CCc1cc2cc(CNc3ccc([N+](=O)[O-])cc3)ccc2o1,test,test,train,4,4,0.7761194,0.7761194,0.7761194
C[C@@H]1CCCN1CCc1cc2cc(CNc3ccc(C(=O)C(F)(F)F)cc3)ccc2o1,train,train,test,4,4,0.67164177,0.67164177,0.7058824
C[C@@H]1CCCN1CCc1cc2cc(CNc3cccc(C#N)c3)ccc2o1,train,train,test,4,4,0.7777778,0.7777778,0.7777778
C[C@@H]1CCCN1CCc1cc2cc(CNc3ccc(Cl)nn3)ccc2o1,train,train,test,4,4,0.7096774,0.7096774,0.7096774
C[C@@H]1CCCN1CCc1cc2cc(CNc3nccnc3C#N)ccc2o1,test,test,train,4,4,0.7910448,0.7910448,0.7910448
C[C@@H]1CCCN1CCc1cc2cc(CNc3cnccn3)ccc2o1,test,test,test,4,4,0.75409836,0.75409836,0.75409836
C[C@@H]1CCCN1CCc1cc2cc(CNc3ncc(Br)cn3)ccc2o1,test,test,test,4,4,0.8103448,0.8103448,0.8305085
C[C@@H]1CCCN1CCc1cc2cc(CNc3cncnc3)ccc2o1,train,train,test,4,4,0.7457627,0.7457627,0.7457627
CCc1cnc(NCc2ccc3oc(CCN4CCC[C@H]4C)cc3c2)nc1,test,test,train,4,4,0.8103448,0.8103448,0.8103448
C[C@@H]1CCCN1CCc1cc2cc(CNc3ncccn3)ccc2o1,train,train,train,4,4,0.75,0.75,0.8103448
C[C@@H]1CCCN1CCc1cc2cc(CNc3ncc([N+](=O)[O-])s3)ccc2o1,test,test,train,4,4,0.7123288,0.7123288,0.7123288
C[C@@H]1CCCN1CCc1cc2cc(CNc3ncccc3[N+](=O)[O-])ccc2o1,test,test,test,4,4,0.7887324,0.7887324,0.7887324
C[C@@H]1CCCN1CCc1cc2cc(CNc3ncc([N+](=O)[O-])cc3[N+](=O)[O-])ccc2o1,train,train,train,4,4,0.7746479,0.7746479,0.7746479
C[C@@H]1CCCN1CCc1cc2cc(CNc3cc(C#N)nc(C#N)c3)ccc2o1,train,train,train,4,4,0.75384617,0.75384617,0.7164179
C[C@@H]1CCCN1CCc1cc2cc(CNc3ncccc3C#N)ccc2o1,train,train,train,4,4,0.75,0.75,0.7910448
C[C@@H]1CCCN1CCc1cc2cc(CNc3ccc(C#N)cn3)ccc2o1,test,test,train,4,4,0.74285716,0.74285716,0.74285716
C[C@@H]1CCCN1CCc1cc2cc(CNc3ccc([N+](=O)[O-])cn3)ccc2o1,train,train,train,4,4,0.7746479,0.7746479,0.7761194
C[C@@H]1CCCN1CCc1cc2cc(Nc3ccccc3[N+](=O)[O-])ccc2o1,train,train,train,4,4,0.77272725,0.77272725,0.77272725
C[C@@H]1CCCN1CCc1cc2cc(Nc3ccc(C#N)cc3)ccc2o1,train,train,train,4,4,0.84210527,0.84210527,0.84210527
C[C@@H]1CCCN1CCc1cc2cc(Nc3cccc(C#N)c3)ccc2o1,train,train,train,4,4,0.84210527,0.84210527,0.84210527
CCc1cnc(Nc2ccc3oc(CCN4CCC[C@H]4C)cc3c2)nc1,train,train,train,4,4,0.79310346,0.79310346,0.79310346
C[C@@H]1CCCN1CCc1cc2cc(Nc3ncccn3)ccc2o1,train,train,train,4,4,0.79310346,0.79310346,0.79310346
C[C@@H]1CCCN1CCc1cc2cc(Nc3cncnc3)ccc2o1,train,train,train,4,4,0.7457627,0.7457627,0.73333335
C[C@@H]1CCCN1CCc1cc2cc(Nc3cnccn3)ccc2o1,train,train,train,4,4,0.7627119,0.7627119,0.7627119
C[C@@H]1CCCN1CCc1cc2cc(Nc3ccc([N+](=O)[O-])cn3)ccc2o1,train,train,test,4,4,0.76811594,0.76811594,0.76811594
C[C@@H]1CCCN1CCc1cc2cc(Nc3ncccc3[N+](=O)[O-])ccc2o1,train,train,train,4,4,0.77272725,0.77272725,0.77272725
Cc1ccc(C#N)c(Nc2ccc3oc(CCN4CCC[C@H]4C)cc3c2)n1,train,train,train,4,4,0.71428573,0.71428573,0.71428573
C[C@@H]1CCCN1CCc1cc2cc(Nc3ccc(C(F)(F)F)cn3)ccc2o1,train,train,train,4,4,0.71014494,0.71014494,0.6969697
CN(CCCCc1c[nH]cn1)CCC(c1ccc(Cl)cc1)c1ccccn1,train,train,test,3,3,0.4528302,0.4528302,0.4528302
O=C(c1cc2ccccc2[nH]1)N1CCNCC1,train,train,train,1,1,0.51111114,0.51111114,0.51111114
O=C(CCN1CCC(Cc2c[nH]cn2)CC1)Nc1ccc(Cl)cc1,train,train,train,3,3,0.7818182,0.7818182,0.7818182
O=C(CCN1CCC(Cc2c[nH]cn2)CC1)Nc1cccc(Cl)c1,train,train,train,3,3,0.7894737,0.7894737,0.7894737
O=C(CCN1CCC(Cc2c[nH]cn2)CC1)Nc1cccc(F)c1,train,train,train,3,3,0.7894737,0.7894737,0.7894737
CN(C)CCCOc1ccc(CN2CCCCC2)cc1,train,train,train,0,0,0.8611111,0.8611111,0.8611111
Brc1cc(CN2CCCCC2)cc(Br)c1OCCCN1CCCCC1,test,train,train,0,0,0.61538464,0.61538464,0.61538464
CN(C)CCCOc1ccc(CN(C)C)cc1,train,test,test,0,0,0.73333335,0.73333335,0.73333335
CN(C)CCCOc1c(Br)cc(CN(C)C)cc1Br,train,train,test,0,0,0.75757575,0.75757575,0.41025642
CN(C)CCc1ccc(OCCCN2CCCCC2)cc1,train,train,test,0,0,0.7567568,0.7567568,0.8684211
CN(C)CCc1ccc(OCCN2CCCCC2)cc1,test,test,train,0,0,0.8684211,0.8684211,0.6585366
CN(C)CCOc1ccc(CCN(C)C)cc1,train,train,test,0,0,0.8214286,0.8214286,0.8214286
CN(C)CCCOc1ccc(CCN(C)C)cc1,train,train,train,0,0,0.8214286,0.8214286,0.6052632
CN(C)CCCOc1c(Br)cc(CCN(C)C)cc1Br,train,train,test,0,0,0.75757575,0.75757575,0.5277778
c1nc(CCCCNC2CCCC2)c[nH]1,train,train,train,3,3,0.969697,0.969697,0.969697
c1nc(CCCCN2CCCCCC2)c[nH]1,train,train,test,3,3,1.0,1.0,1.0
c1nc(CCCCN2CCCCC2)c[nH]1,train,train,train,3,3,1.0,1.0,0.9677419
c1nc(CCCCN2CCCC2)c[nH]1,train,train,test,3,3,0.96666664,0.96666664,0.96666664
CN(C)CCCCc1c[nH]cn1,train,train,train,3,3,0.61290324,0.61290324,0.96428573
CCCCNCCCCc1c[nH]cn1,train,train,train,3,3,0.9677419,0.9677419,0.9677419
CCCNCCCCc1c[nH]cn1,train,train,test,3,3,0.9677419,0.9677419,0.9677419
CCNCCCCc1c[nH]cn1,test,test,train,3,3,0.96666664,0.96666664,0.7878788
CC(C)NCCCCc1c[nH]cn1,train,train,train,3,3,0.9677419,0.9677419,0.9677419
CC(C)CNCCCCc1c[nH]cn1,train,train,train,3,3,0.969697,0.969697,0.969697
CC(C)(C)NCCCCc1c[nH]cn1,train,train,train,3,3,0.9677419,0.9677419,0.9677419
CCN(CC)CCCCc1c[nH]cn1,test,test,train,3,3,0.6969697,0.6969697,0.96666664
c1nc(CCCCNC2CCCCCC2)c[nH]1,train,train,train,3,3,0.9705882,0.9705882,1.0
c1nc(CCCCNC2CCCCC2)c[nH]1,test,test,train,3,3,1.0,1.0,1.0
Clc1ccc(CNCCCCc2c[nH]cn2)cc1,train,train,train,3,3,0.972973,0.972973,0.972973
c1nc(CCCCCN2CCCCCC2)c[nH]1,test,test,train,3,3,1.0,1.0,1.0
c1nc(CCCCCN2CCCCC2)c[nH]1,train,train,train,3,3,0.9677419,0.9677419,1.0
c1nc(CCCCCN2CCCC2)c[nH]1,train,train,train,3,3,0.9677419,0.9677419,0.9677419
CN(C)CCCCCc1c[nH]cn1,test,test,train,3,3,0.96428573,0.96428573,0.96428573
CC(C)CNCCCCCc1c[nH]cn1,train,train,train,3,3,0.969697,0.969697,0.969697
CCCCNCCCCCc1c[nH]cn1,train,train,train,3,3,0.9677419,0.9677419,0.9677419
CCCNCCCCCc1c[nH]cn1,train,train,train,3,3,0.9677419,0.9677419,0.8787879
CCNCCCCCc1c[nH]cn1,train,train,test,3,3,0.7941176,0.7941176,0.96666664
CC(C)NCCCCCc1c[nH]cn1,train,train,train,3,3,0.9677419,0.9677419,0.9677419
Clc1ccc(CNCCCCCc2c[nH]cn2)cc1,train,train,train,3,3,0.972973,0.972973,0.972973
c1nc(CCCCCNC2CCCCCC2)c[nH]1,train,train,train,3,3,1.0,1.0,1.0
c1nc(CCCCCNC2CCCCC2)c[nH]1,train,train,train,3,3,1.0,1.0,1.0
CCN(CC)CCCCCc1c[nH]cn1,test,test,train,3,3,0.6764706,0.6764706,0.96666664
c1nc(CCCCCNC2CCCC2)c[nH]1,test,test,train,3,3,0.9705882,0.9705882,0.9705882
CC(C)(C)NCCCCCc1c[nH]cn1,train,train,train,3,3,0.9677419,0.9677419,0.9677419
N#Cc1c2ccccc2cn1CCCN1CCCCC1,test,test,train,0,0,0.94736844,0.94736844,0.94736844
O=[N+]([O-])c1ccc(NCCCCCN2CCCCC2)c2nonc12,train,train,train,0,0,0.9782609,0.9782609,0.9782609
O=[N+]([O-])c1ccc(NCCCCN2CCCCC2)c2nonc12,train,train,train,0,0,0.9782609,0.9782609,0.9782609
N#Cc1c2ccccc2cn1CCCCCCN1CCCCC1,train,train,train,0,0,1.0,1.0,1.0
N#Cc1c2ccccc2cn1CCCCCN1CCCCC1,train,train,train,0,0,1.0,1.0,1.0
N#Cc1c2ccccc2cn1CCCCN1CCCCC1,train,train,train,0,0,0.9736842,0.9736842,0.9736842
O=C(c1cc2ccccc2s1)N1CCC[C@H]1CN1CCCC1,train,train,train,1,1,0.6226415,0.6226415,0.5283019
CCOc1cccc2cc(C(=O)N3CCC[C@H]3CN3CCCC3)oc12,train,train,train,1,1,0.5555556,0.5555556,0.530303
CCN(CC)C[C@@H]1CCCN1C(=O)c1cc2ccc(C(F)(F)F)cc2o1,train,train,train,4,4,0.8727273,0.8727273,0.8727273
O=C(c1cc2ccc(C(F)(F)F)cc2o1)N1CCC[C@H]1CN1CCCCC1,train,test,train,1,1,0.8333333,0.98,0.98
O=C(c1cc2ccc(C(F)(F)F)cc2o1)N1CCC[C@H]1CN1CCCC1,test,train,train,1,1,0.98,0.8490566,0.98
N#Cc1ccc2oc(C(=O)N3CCC[C@H]3CN3CCCC3)cc2c1,train,train,train,4,4,0.72727275,0.72727275,0.6896552
O=C(c1cc2cc(OC(F)(F)F)ccc2o1)N1CCC[C@H]1CN1CCCC1,train,train,train,1,1,0.7413793,0.7413793,0.7413793
CCN(CC)C[C@@H]1CCCN1C(=O)c1cc2cc(C(F)(F)F)ccc2o1,train,train,train,4,4,0.8727273,0.8727273,0.8727273
O=C(c1cc2cc(C(F)(F)F)ccc2o1)N1CCC[C@H]1CN1CCCCC1,test,test,train,4,4,0.98,0.98,0.98
O=C(c1cc2cc(C(F)(F)F)ccc2o1)N1CCC[C@H]1CN1CCCC1,train,train,train,4,4,0.8333333,0.8490566,0.98
O=C(c1cc2cc(Cl)ccc2o1)N1CCC[C@H]1CN1CCCC1,train,train,test,4,4,0.72727275,0.72727275,0.72727275
O=C(c1sc2ccccc2c1Cl)N1CCC[C@H]1CN1CCCC1,train,train,test,1,1,0.6226415,0.6226415,0.6226415
CN1CCN(C2=Nc3ccc(Cl)cc3Oc3ccccc32)CC1,train,train,train,1,1,0.5769231,0.5769231,0.5769231
CC(=O)N1CCc2ccc(OCCCN3CCCCC3)cc2CC1,test,test,train,0,0,0.8888889,0.8888889,0.71153843
CS(=O)(=O)N1CCc2ccc(OCCCN3CCCCC3)cc2CC1,test,train,train,0,0,0.8666667,0.7173913,0.8666667
CC(C)NC(=O)N1CCc2ccc(OCCCN3CCCCC3)cc2CC1,test,test,test,0,0,0.88,0.88,0.88
CC(C)N1CCc2ccc(OCCCN3CCCCC3)cc2CC1,train,train,train,0,0,0.8636364,0.8636364,0.7659575
c1cc2c(cc1OCCCN1CCCCC1)CCN(CC1CCCCC1)CC2,train,train,train,0,0,0.9302326,0.9302326,0.9302326
CCN1CCc2ccc(OCCCN3CCCCC3)cc2CC1,train,train,test,0,0,0.85714287,0.85714287,0.85714287
CS(=O)(=O)N1CCCc2cc(OCCCN3CCCCC3)ccc2C1,train,test,train,0,0,0.8125,0.7708333,0.8125
CC(C)NC(=O)N1CCCc2cc(OCCCN3CCCCC3)ccc2C1,train,train,train,0,0,0.8490566,0.8490566,0.8490566
CC(C)N1CCCc2cc(OCCCN3CCCCC3)ccc2C1,test,train,train,0,0,0.80851066,0.80851066,0.7659575
c1ccc(CN2CCCc3cc(OCCCN4CCCCC4)ccc3C2)cc1,test,test,train,0,0,0.7291667,0.7291667,0.7291667
CCN1CCCc2cc(OCCCN3CCCCC3)ccc2C1,train,train,train,0,0,0.9047619,0.9047619,0.8181818
CC(=O)N1CCc2ccc(OCCCN3CCCCC3)cc2C1,train,train,test,0,0,0.7692308,0.7692308,0.8888889
CS(=O)(=O)N1CCc2ccc(OCCCN3CCCCC3)cc2C1,train,test,train,0,0,0.8125,0.8666667,0.8666667
CC(C)NC(=O)N1CCc2ccc(OCCCN3CCCCC3)cc2C1,train,train,train,0,0,0.8490566,0.8490566,0.8490566
CC(C)N1CCc2ccc(OCCCN3CCCCC3)cc2C1,train,train,test,0,0,0.8636364,0.8636364,0.8636364
O=C(c1cccs1)N1CCCc2ccc(OCCCN3CCCCC3)cc21,train,train,train,0,0,0.67741936,0.67741936,0.67741936
O=S(=O)(c1ccccc1)N1CCCc2ccc(OCCCN3CCCCC3)cc21,test,test,train,0,0,0.8627451,0.8627451,0.8627451
c1cc2c(cc1OCCCN1CCCCC1)N(CC1CCCCC1)CCC2,test,test,train,0,0,0.8367347,0.8367347,0.8367347
CCN1CCCc2ccc(OCCCN3CCCCC3)cc21,train,train,train,0,0,0.82222223,0.82222223,0.82222223
c1cc2c(cc1OCCCN1CCCCC1)NCCC2,train,train,train,0,0,0.81395346,0.81395346,0.81395346
O=S(=O)(c1ccccc1)N1CCCc2cc(OCCCN3CCCCC3)ccc21,train,train,train,0,0,0.64912283,0.64912283,0.8627451
c1cc2c(cc1OCCCN1CCCCC1)CCCN2CC1CCCCC1,train,train,train,0,0,0.72,0.72,0.8367347
CCN1CCCc2cc(OCCCN3CCCCC3)ccc21,train,train,train,0,0,0.82222223,0.82222223,0.82222223
c1cc2c(cc1OCCCN1CCCCC1)CCCN2,train,train,train,0,0,0.8780488,0.8780488,0.8780488
c1cc(OCCCN2CCCCC2)c2c(c1)N(CC1CCCCC1)CCC2,train,train,test,0,0,0.72,0.72,0.6363636
c1cc2c(c(OCCCN3CCCCC3)c1)CN(CC1CCCCC1)CC2,train,train,train,0,0,0.72,0.8367347,0.8367347
CCN1CCc2cccc(OCCCN3CCCCC3)c2C1,train,train,train,0,0,0.82222223,0.72,0.72
c1cc2c(c(OCCCN3CCCCC3)c1)CNCC2,test,test,train,0,0,0.63265306,0.63265306,0.63265306
O=C(c1cccs1)N1CCc2ccc(OCCCN3CCCCC3)cc2C1,train,train,train,0,0,0.9259259,0.9259259,0.9259259
O=S(=O)(c1ccccc1)N1CCc2ccc(OCCCN3CCCCC3)cc2C1,train,train,train,0,0,0.9183673,0.9183673,0.9183673
c1cc2c(cc1OCCCN1CCCCC1)CN(CC1CCCCC1)CC2,train,train,train,0,0,0.9130435,0.9130435,0.9130435
CCN1CCc2ccc(OCCCN3CCCCC3)cc2C1,train,train,train,0,0,0.9047619,0.9047619,0.8181818
c1cc2c(cc1OCCCN1CCCCC1)CNCC2,train,train,train,0,0,0.9,0.9,0.85
O=C(c1cccs1)N1CCc2cc(OCCCN3CCCCC3)ccc2C1,train,train,train,0,0,0.9259259,0.9259259,0.9259259
O=S(=O)(c1ccccc1)N1CCc2cc(OCCCN3CCCCC3)ccc2C1,train,train,train,0,0,0.9183673,0.9183673,0.9183673
c1cc2c(cc1OCCCN1CCCCC1)CCN(CC1CCCCC1)C2,train,train,train,0,0,0.9130435,0.9130435,0.9130435
CCN1CCc2cc(OCCCN3CCCCC3)ccc2C1,train,train,test,0,0,0.9047619,0.9047619,0.9047619
c1cc2c(c(OCCCN3CCCCC3)c1)CCN(CC1CCCCC1)C2,test,train,train,0,0,0.8367347,0.8367347,0.8367347
CCN1CCc2c(cccc2OCCCN2CCCCC2)C1,train,test,test,0,0,0.82222223,0.82222223,0.82222223
CN(C)Cc1ccc(-c2ccc(CN(C)C)cc2)cc1,train,train,train,4,4,0.5862069,0.5862069,0.5862069
CCCCCNCc1ccc(-c2ccc(CNCCCCC)cc2)cc1,train,train,train,4,4,0.375,0.375,0.375
c1cc(-c2ccc(CN3CCCCC3)cc2)ccc1CN1CCCCC1,train,train,train,0,0,0.85714287,0.85714287,0.85714287
CC1CCN(Cc2ccc(-c3ccc(CN4CCC(C)CC4)cc3)cc2)CC1,train,train,train,4,4,0.86206895,0.86206895,0.86206895
CC1CC(C)CN(Cc2ccc(-c3ccc(CN4CC(C)CC(C)C4)cc3)cc2)C1,train,train,train,4,4,0.8064516,0.8064516,0.8064516
CC(=O)N1CCN(Cc2ccc(-c3ccc(CN4CCN(C(C)=O)CC4)cc3)cc2)CC1,train,train,train,4,4,0.5483871,0.87096775,0.87096775
c1cc(-c2ccc(CN3CCOCC3)cc2)ccc1CN1CCOCC1,train,train,train,4,4,0.8518519,0.8518519,0.8518519
c1cc(-c2ccc(CNC3CCCCC3)cc2)ccc1CNC1CCCCC1,train,train,test,4,4,0.72727275,0.72727275,0.4848485
CN(Cc1ccc(-c2ccc(CN(C)C3CCCCC3)cc2)cc1)C1CCCCC1,test,test,train,4,4,0.7352941,0.7352941,0.7352941
O=C1CCCCN1Cc1ccc(-c2ccc(CN3CCCCC3)cc2)cc1,train,train,train,0,0,0.67741936,0.67741936,0.67741936
CC(=O)N1CCN(Cc2ccc(-c3ccc(CN4CCCCC4)cc3)cc2)CC1,test,train,train,0,0,0.87096775,0.87096775,0.87096775
c1cc(-c2ccc(CN3CCCCC3)cc2)ccc1CNC1CCCCC1,train,train,test,4,4,0.72727275,0.72727275,0.6363636
c1cc(-c2ccc(CCN3CCCCC3)cc2)ccc1CCN1CCCCC1,train,train,train,0,0,0.8518519,0.8518519,0.8518519
c1cc(CN2CCCCC2)ccc1CN1CCCCC1,train,train,train,0,0,0.85714287,0.85714287,0.85714287
NCc1ccc(-c2ccc(CN)cc2)cc1,train,train,test,4,4,0.4090909,0.4090909,0.4090909
O=C(/C=C/c1ccc(C(F)(F)F)cc1)N1CCC[C@H]1CN1CCCC1,train,train,test,1,1,0.75,0.75,0.75
O=C(NCc1ccc(-c2ccccc2)cc1)N1CCC[C@H]1CN1CCCC1,train,train,train,4,4,0.8636364,0.8636364,0.8636364
O=C(NCc1ccc(OC(F)(F)F)cc1)N1CCC[C@H]1CN1CCCC1,train,train,train,1,1,0.75,0.75,0.75
O=C(NCc1ccc(Cl)cc1)N1CCC[C@H]1CN1CCCC1,train,train,train,1,1,0.7826087,0.7826087,0.7777778
O=C(NCc1ccc(C(F)(F)F)cc1)N1CCC[C@H]1CN1CCCC1,train,train,train,1,1,0.75,0.7692308,0.75
O=C(/C=C/c1ccc(-c2ccccc2)cc1)N1CCC[C@H]1CN1CCCC1,train,train,train,4,4,0.7058824,0.7058824,0.75
O=C(/C=C/c1ccc(OC(F)(F)F)cc1)N1CCC[C@H]1CN1CCCC1,train,train,train,1,1,0.75,0.75,0.6923077
O=C(/C=C/c1ccc(Cl)cc1)N1CCC[C@H]1CN1CCCC1,test,test,train,1,1,0.75,0.75,0.75
O=C(NCc1ccccc1)N1CCC[C@H]1CN1CCCC1,train,train,train,1,1,0.8636364,0.8636364,0.8636364
O=C(NC1Cc2ccccc2C1)N1CCC[C@H]1CN1CCCC1,train,train,train,1,1,0.6122449,0.6122449,0.6122449
O=C(NCCc1ccccc1)N1CCC[C@H]1CN1CCCC1,train,test,train,1,1,0.7777778,0.7777778,0.7777778
O=C(NCC1CCCCC1)N1CCC[C@H]1CN1CCCC1,train,train,train,1,1,0.5744681,0.5744681,0.5744681
O=C(NCc1ccc(Cl)c(Cl)c1)N1CCC[C@H]1CN1CCCC1,test,train,train,1,1,0.7708333,0.7708333,0.7708333
O=C(NCc1ccc(Oc2ccccc2)cc1)N1CCC[C@H]1CN1CCCC1,train,train,train,1,1,0.84444445,0.84444445,0.84444445
NCc1ccc(CNC(=O)N2CCC[C@H]2CN2CCCC2)cc1,train,train,test,1,1,0.82978725,0.7826087,0.82978725
NCc1cccc(CNC(=O)N2CCC[C@H]2CN2CCCC2)c1,train,test,train,1,1,0.82978725,0.82978725,0.75
O=C(NCc1cccc(C(F)(F)F)c1)N1CCC[C@H]1CN1CCCC1,test,train,test,1,1,0.7692308,0.7692308,0.7692308
COc1cccc(CNC(=O)N2CCC[C@H]2CN2CCCC2)c1,train,train,train,1,1,0.78431374,0.72,0.78431374
COc1ccc(CNC(=O)N2CCC[C@H]2CN2CCCC2)cc1,train,test,train,1,1,0.79591835,0.79591835,0.79591835
CC(C)N1CCN(C(=O)NCc2ccc(Cl)c(Cl)c2)CC1,test,test,train,1,1,0.6,0.63265306,0.6
O=C(NCc1ccc(Cl)c(Cl)c1)N1CCN(C2CCCC2)CC1,test,train,test,1,1,0.67391306,0.67391306,0.67391306
CC(C)N1CCN(C(=O)NCc2ccc(Oc3ccccc3)cc2)CC1,train,train,train,1,1,0.64705884,0.64705884,0.64705884
O=C(NCc1ccc(Oc2ccccc2)cc1)N1CCN(C2CCCC2)CC1,train,train,train,1,1,0.79545456,0.79545456,0.79545456
CCN1CCN(C(=O)N[C@@H]2C[C@H]2c2ccccc2)CC1,train,train,train,1,1,0.5869565,0.5869565,0.3773585
CCN1CCN(C(=O)NC2Cc3ccccc3C2)CC1,train,train,test,1,1,0.6666667,0.6666667,0.6666667
CC(C)N1CCN(C(=O)NC2Cc3ccccc3C2)CC1,train,train,train,1,1,0.6666667,0.6666667,0.6136364
O=C(NC1Cc2ccccc2C1)N1CCN(C2CCCC2)CC1,train,train,train,1,1,0.6136364,0.6136364,0.6136364
O=C(NCc1ccccc1)N1CCN(C2CCCC2)CC1,train,train,train,1,1,0.79545456,0.79545456,0.79545456
CC(C)N1CCN(C(=O)N2CC=C(c3ccccc3)CC2)CC1,train,train,train,1,1,0.5777778,0.5777778,0.5777778
CC(C)N1CCN(C(=O)N2CCC(c3ccccc3)CC2)CC1,train,train,train,1,1,0.6511628,0.6511628,0.6511628
COc1cc2c(cc1OC)CN(C(=O)N1CCN(C(C)C)CC1)CC2,train,train,train,1,1,0.6363636,0.6363636,0.6363636
CC(C)N1CCN(C(=O)N2CCc3ccccc3C2)CC1,train,train,train,1,1,0.82857144,0.82857144,0.82857144
CC(C)N1CCN(C(=O)N2CCC(C(C)(C)C)CC2)CC1,train,train,train,1,1,0.61538464,0.61538464,0.61538464
CC(C)N1CCN(C(=O)N2CCC(Cc3ccccc3)CC2)CC1,train,train,train,1,1,0.6511628,0.6511628,0.6511628
CC(C)N1CCN(C(=O)N2CCC(C(=O)OC(C)(C)C)CC2)CC1,train,train,train,1,1,0.61538464,0.61538464,0.61538464
CC(C)N1CCN(C(=O)N2CCC(C(=O)N3CC4CCC(CC4)C3)CC2)CC1,train,test,train,1,1,0.5714286,0.5714286,0.5714286
CC(C)N1CCN(C(=O)N2CCC(NC(=O)C3CCCC3)CC2)CC1,test,train,train,1,1,0.52380955,0.52380955,0.52380955
O=C(N1CCN(C2CCCC2)CC1)N1Cc2ccccc2C1,train,train,train,1,1,0.8787879,0.8787879,0.8787879
O=C(N1CCN(C2CC2)CC1)N1Cc2ccccc2C1,train,train,train,1,1,0.8787879,0.8787879,0.8787879
CC(C)N1CCN(C(=O)N2Cc3ccccc3C2)CC1,train,train,train,1,1,0.82857144,0.82857144,0.82857144
O=C(N1Cc2ccccc2C1)N1CCC[C@H]1CN1CCCC1,train,train,train,1,1,0.6041667,0.6041667,0.6041667
CC(C)N1CCN(C(=O)N(C)Cc2ccc(-c3ccccc3)cc2)CC1,train,train,train,1,1,0.75,0.5531915,0.5531915
CN(Cc1ccc(-c2ccccc2)cc1)C(=O)N1CCC[C@H]1CN1CCCC1,test,test,train,4,4,0.6296296,0.6296296,0.6296296
CN(C)CCCOc1ccc(Nc2ncnc3ccccc23)c(CN(C)C)c1,train,test,train,0,0,0.7368421,0.50877196,0.56666666
COc1ccccc1COc1ccc(OCCCN2CCCCC2)cc1C(=O)N(C)C,test,test,train,0,0,0.8333333,0.8333333,0.8333333
COc1ccccc1COc1ccc(OCCCN2CCOCC2)cc1C(=O)N(C)C,train,train,train,0,0,0.8064516,0.8064516,0.8333333
CN(C)C(=O)c1cc(OCCC2CCCN2C)ccc1OCc1ccccc1Cl,test,test,train,1,1,0.71875,0.71875,0.71875
CN(C)C(=O)c1cc(OCCCN2CCOCC2)ccc1OCc1ccccc1Cl,train,train,train,0,0,0.84745765,0.84745765,0.84745765
CN(C)C(=O)c1cc(OCCCN2CCCCC2)ccc1OCc1ccccc1Cl,train,train,train,0,0,0.84745765,0.84745765,0.84745765
CN(C)Cc1cc(OCCCN2CCCCC2)ccc1OCc1ccccc1Cl,train,train,test,0,0,0.74,0.74,0.74
CN(C)CCCOc1ccc(OCc2ccccc2Cl)c(CN(C)C)c1,train,train,train,0,0,0.74,0.74,0.60714287
CC(C)N1CCC(Oc2ccc(OCc3ccccc3Cl)c(CN(C)C)c2)C1,train,train,train,1,1,0.5714286,0.59375,0.59375
CN(C)Cc1cc(OCC2CCCN(C)C2)ccc1OCc1ccccc1Cl,test,train,train,0,0,0.6440678,0.6440678,0.60714287
CN(C)CCCOc1ccc(Oc2ncnc3ccccc23)c(C(=O)N(C)C)c1,test,test,train,0,0,0.56666666,0.46376812,0.56666666
CN(C)Cc1cc(OCCCN2CCCCC2)ccc1Nc1ncnc2ccccc12,train,test,test,0,0,0.7368421,0.5625,0.7368421
CNCCC(Oc1ccc(C(F)(F)F)cc1)c1ccccc1,train,test,test,1,1,0.6904762,0.42372882,0.6904762
COc1ccc(C2CN(C)Cc3cc(OCCCN4CCN(C(=O)c5ccncc5)CC4)ccc32)cc1,train,train,train,0,0,0.7936508,0.7936508,0.7936508
COc1ccc(C2CN(C)Cc3cc(OCCCN4CCN(C(=O)c5cccn5C)CC4)ccc32)cc1,train,train,train,0,0,0.7692308,0.7692308,0.7692308
COc1ccc(C2CN(C)Cc3cc(OCCCN4CCN(C(=O)C(C)C)CC4)ccc32)cc1,train,train,train,0,0,0.8333333,0.8333333,0.8333333
COc1ccc(C2CN(C)Cc3cc(OCCCN4CCN(C(C)=O)CC4)ccc32)cc1,train,train,train,0,0,0.8333333,0.8333333,0.8333333
COc1ccc(C2CN(C)Cc3cc(OCCCN4CCN(c5ccc(C(F)(F)F)cc5)CC4)ccc32)cc1,train,train,train,0,0,0.796875,0.796875,0.796875
COc1ccc(C2CN(C)Cc3cc(OCCCN4CCN(c5ccncc5)CC4)ccc32)cc1,train,train,train,0,0,0.796875,0.796875,0.796875
COc1ccc(C2CN(C)Cc3cc(OCCCN4CCN(c5nccs5)CC4)ccc32)cc1,train,train,train,0,0,0.74242425,0.74242425,0.74242425
COc1ccc(C2CN(C)Cc3cc(OCCCN4CCN(c5ccc(C#N)cc5)CC4)ccc32)cc1,test,test,train,0,0,0.7692308,0.7692308,0.7692308
COc1ccc(C2CN(C)Cc3cc(OCCCN4CCN(c5ccccc5O)CC4)ccc32)cc1,train,train,train,0,0,0.73770493,0.73770493,0.73770493
COc1ccc(C2CN(C)Cc3cc(OCCCN4CCN(C5CC5)CC4)ccc32)cc1,train,train,train,0,0,0.8035714,0.8035714,0.8035714
COc1ccc(C2CN(C)Cc3cc(OCCCN4CCN(C(C)C)CC4)ccc32)cc1,train,train,train,0,0,0.8035714,0.8035714,0.8035714
CCN1CCN(CCCOc2ccc3c(c2)CN(C)CC3c2ccc(OC)cc2)CC1,train,train,train,0,0,0.8301887,0.8301887,0.84615386
COc1ccc(C2CN(C)Cc3cc(OCCCN(C4CC4)C4CC4)ccc32)cc1,train,train,train,0,0,0.7777778,0.7777778,0.7777778
COc1ccc(C2CN(C)Cc3cc(OCCCNC4CC4)ccc32)cc1,train,train,train,0,0,0.76363635,0.76363635,0.76363635
CCN(CC)CCCOc1ccc2c(c1)CN(C)CC2c1ccc(OC)cc1,train,train,train,0,0,0.78571427,0.78571427,0.78571427
CCNCCCOc1ccc2c(c1)CN(C)CC2c1ccc(OC)cc1,train,train,train,0,0,0.76363635,0.76363635,0.76363635
COc1ccc(C2CN(C)Cc3cc(OCCCN4CCC(F)(F)C4)ccc32)cc1,train,train,train,0,0,0.8965517,0.8965517,0.8965517
COc1ccc(C2CN(C)Cc3cc(OCCCN4CC(F)(F)C4)ccc32)cc1,train,train,train,0,0,0.85714287,0.85714287,0.85714287
COc1ccc(C2CN(C)Cc3cc(OCCCN4CCC4)ccc32)cc1,test,test,train,0,0,0.93877554,0.93877554,0.84615386
COc1ccc(C2CN(C)Cc3cc(OCCCN4CCS(=O)(=O)CC4)ccc32)cc1,test,test,train,0,0,0.8,0.8,0.8148148
COc1ccc(C2CN(C)Cc3cc(OCCCN4CCC(C(F)(F)F)CC4)ccc32)cc1,train,train,train,0,0,0.779661,0.779661,0.779661
COc1ccc(C2CN(C)Cc3cc(OCCCN4CCC(C#N)CC4)ccc32)cc1,train,train,test,0,0,0.779661,0.779661,0.779661
COc1ccc(C2CN(C)Cc3cc(OCCCN4CCC(CO)CC4)ccc32)cc1,train,train,train,0,0,0.8245614,0.8245614,0.8245614
COc1ccc(C2CN(C)Cc3cc(OCCCN4CCC(O)CC4)ccc32)cc1,train,train,train,0,0,0.8245614,0.8245614,0.8245614
COc1ccc(C2CN(C)Cc3cc(OCCCN4CCCC(F)(F)C4)ccc32)cc1,train,train,train,0,0,0.8965517,0.8965517,0.8965517
COc1ccc(C2CN(C)Cc3cc(OCCCN4CCC(F)(F)CC4)ccc32)cc1,train,train,train,0,0,0.89285713,0.89285713,0.89285713
COc1ccc(C2CN(C)Cc3cc(OCCCN4CCOCC4)ccc32)cc1,train,train,train,0,0,0.8148148,0.8148148,0.8301887
COc1ccc(C2CN(C)Cc3cc(OCCCN4CCCCC4)ccc32)cc1,train,train,test,0,0,0.8301887,0.8301887,0.93877554
CNCc1cc(C#CCCN2CCCCC2)ccc1Oc1ccc(SC)cc1,train,train,train,0,0,0.84210527,0.84210527,0.84210527
CNCc1cc(C#CCCN2CCCN(C(C)C)CC2)ccc1Oc1ccc(SC)cc1,train,train,train,1,1,0.93333334,0.93333334,0.8064516
CNCc1cc(C#CCCN2CCN(C(C)C)C(=O)C2)ccc1Oc1ccc(SC)cc1,test,test,train,1,1,0.77272725,0.77272725,0.7285714
CNCc1cc(C#CCCN2CCNC(=O)C2)ccc1Oc1ccc(SC)cc1,train,train,test,1,1,0.72307694,0.72307694,0.7536232
CNCc1cc(C#CCCN(C)C2CC2)ccc1Oc1ccc(Cl)c(Cl)c1,test,train,test,1,1,0.7457627,0.7118644,0.7118644
CNCc1cc(C#CCCN(C)C2CC2)ccc1Oc1ccc(SC)cc1,train,test,test,1,1,0.71666664,0.7457627,0.71666664
CNCc1cc(C#CCCNC2CC2)ccc1Oc1ccc(Cl)c(Cl)c1,test,train,train,1,1,0.7413793,0.7413793,0.7413793
CNCc1cc(C#CCCNC2CC2)ccc1Oc1ccc(SC)cc1,train,train,train,1,1,0.71666664,0.7413793,0.7413793
CNCc1cc(C#CCCN2CCN(C3CC3)CC2)ccc1Oc1ccc(SC)cc1,train,train,train,1,1,0.8064516,0.8064516,0.8064516
CNCc1cc(C#CCCN2CCC(F)CC2)ccc1Oc1ccc(Cl)c(Cl)c1,train,train,train,1,1,0.82758623,0.82758623,0.78333336
CNCc1cc(C#CCCN2CCC(F)CC2)ccc1Oc1ccc(SC)cc1,train,train,train,1,1,0.8305085,0.8305085,0.8305085
CNCc1cc(C#CCCN2CCN(C(C)C)CC2)ccc1Oc1ccc(SC)cc1,train,train,test,1,1,0.93333334,0.93333334,0.93333334
CNCc1cc(C#CCCN2CCSCC2)ccc1Oc1ccc(Cl)c(Cl)c1,train,train,train,0,0,0.8103448,0.8103448,0.78333336
CNCc1cc(C#CCCN2CCSCC2)ccc1Oc1ccc(SC)cc1,train,train,train,0,0,0.82758623,0.82758623,0.82758623
CNCc1cc(C#CCCN2CCOCC2)ccc1Oc1ccc(F)cc1Cl,train,train,train,1,1,0.7419355,0.73770493,0.7419355
CNCc1cc(C#CCCN2CCOCC2)ccc1Oc1cccc(F)c1,train,test,train,1,1,0.80701756,0.80701756,0.80701756
CNCc1cc(C#CCCN2CCOCC2)ccc1Oc1ccc(Cl)c(C(F)(F)F)c1,train,train,train,1,1,0.8196721,0.8196721,0.765625
CNCc1cc(C#CCCN2CCOCC2)ccc1Oc1ccc(C(F)(F)F)cc1,train,train,train,0,0,0.779661,0.779661,0.779661
CNCc1cc(C#CCCN2CCOCC2)ccc1Oc1ccccc1,train,train,train,0,0,0.8181818,0.8181818,0.8181818
CNCc1cc(C#CCCN2CCOCC2)ccc1Oc1ccc(Cl)cc1,train,train,train,0,0,0.83928573,0.83928573,0.8181818
CNCc1cc(C#CCCN2CCOCC2)ccc1Oc1ccc(SC)c(C)c1,test,train,test,1,1,0.7741935,0.7741935,0.7741935
CNCc1cc(C#CCCN2CCOCC2)ccc1Oc1ccc(Cl)c(Cl)c1,train,train,test,0,0,0.83928573,0.83928573,0.83928573
CNCc1cc(C#CCCN2CCOCC2)ccc1Oc1ccc(SC)cc1,train,train,train,0,0,0.84210527,0.84210527,0.84210527
CNCc1cc(C#CCCN2CCOCC2)ccc1Oc1cccc(Cl)c1,train,train,train,0,0,0.8103448,0.8103448,0.8103448
CCN(CC)CCCOc1cc2c(cn1)C(c1ccc(Cl)c(Cl)c1)CN(C)C2,test,train,train,0,0,0.7719298,0.7719298,0.7719298
C(#Cc1cccc(CN2CCOCC2)c1)CCN1CCCCC1,test,test,train,0,0,0.85365856,0.85365856,1.0
CNCc1cc(CCCCN2CCN(C3CC3)CC2)ccc1Oc1ccc(SC)cc1,train,train,train,1,1,0.7580645,0.7580645,0.7580645
CNCc1cc(CCCCN2CCN(C(C)C)CC2)ccc1Oc1ccc(SC)cc1,train,train,train,1,1,0.76666665,0.76666665,0.7580645
CNCc1cc(CCCCN2CCSCC2)ccc1Oc1ccc(SC)cc1,train,train,test,0,0,0.76666665,0.76666665,0.76666665
CNCc1ccc(C#CCCN2CCOCC2)cc1Oc1ccc(SC)cc1,test,test,test,0,0,0.875,0.875,0.875
CNCc1cc(Br)ccc1Oc1ccc(SC)cc1,train,train,train,1,1,0.5263158,0.5263158,0.5263158
Cc1nc2ncccc2cc1-c1ccc2cc(CCN3CCC[C@H]3C)ccc2n1,train,train,train,4,4,0.7118644,0.7118644,0.7118644
Cc1nn(C)cc1-c1ccc2cc(CCN3CCC[C@H]3C)ccc2n1,train,train,test,4,4,0.74545455,0.74545455,0.74545455
Cc1cc2ncc(-c3ccc4cc(CCN5CCC[C@H]5C)ccc4n3)c(C)n2n1,train,train,train,4,4,0.6666667,0.6666667,0.6935484
Cc1nc(N2CCCC2)ncc1-c1ccc2cc(CCN3CCC[C@H]3C)ccc2n1,train,train,train,4,4,0.7719298,0.7719298,0.7719298
Cc1c(-c2ccc3cc(CCN4CCC[C@H]4C)ccc3n2)cnn1-c1ccccn1,train,train,train,4,4,0.74285716,0.74285716,0.74285716
CCOc1ccc(-n2ncc(-c3ccc4cc(CCN5CCC[C@H]5C)ccc4n3)c2C)nn1,train,train,train,4,4,0.7605634,0.7605634,0.7605634
O=C(c1ccc(F)cc1F)N1CCN(c2ccc(OCCCN3CCCC3)cc2)C(=O)C1,train,test,train,0,0,0.7627119,0.7627119,0.7627119
O=C(c1cc(F)cc(F)c1)N1CCN(c2ccc(OCCCN3CCCC3)cc2)C(=O)C1,train,train,train,0,0,0.8363636,0.8363636,0.8363636
CS(=O)(=O)c1ccc(C(=O)N2CCN(c3ccc(OCCCN4CCCCC4)cc3)C(=O)C2)cc1,train,train,train,0,0,0.76666665,0.76666665,0.76666665
O=C(c1ccc(F)cc1)N1CCN(c2ccc(OCCCN3CCCCC3)cc2)C(=O)C1,train,train,train,0,0,0.8363636,0.8363636,0.8363636
CN1Cc2cc(OCCCN3CCC(F)CC3)ccc2C(c2ccc(OC(F)F)cc2)C1,train,train,test,0,0,0.80701756,0.80701756,0.80701756
CN1Cc2cc(OCCCN3CCC(F)CC3)ccc2C(c2ccc(S(C)(=O)=O)cc2)C1,train,train,train,0,0,0.79310346,0.79310346,0.79310346
CN1Cc2cc(OCCCN3CCC(F)CC3)ccc2C(c2ccc(SC(F)(F)F)cc2)C1,train,train,train,0,0,0.81666666,0.81666666,0.81666666
Cc1ccc(C2CN(C)Cc3cc(OCCCN4CCC(F)CC4)ccc32)cc1,test,train,train,0,0,0.8518519,0.8518519,0.8518519
CN1Cc2cc(OCCCN3CCC(F)CC3)ccc2C(c2ccc(C#N)cc2)C1,train,train,train,0,0,0.8245614,0.8245614,0.8245614
CSc1ccc(C2CN(C)Cc3cc(OCCCN4CCC(F)CC4)ccc32)cc1,train,train,train,0,0,0.81666666,0.81666666,0.81666666
CN1Cc2cc(OCCCN3CCC(F)CC3)ccc2C(c2cccc(C(F)(F)F)c2)C1,train,train,train,0,0,0.8305085,0.79310346,0.79310346
CN1Cc2cc(OCCCN3CCC(F)CC3)ccc2C(c2ccc(C(F)(F)F)cc2)C1,train,test,test,0,0,0.8305085,0.8305085,0.8305085
CN1Cc2cc(OCCCN3CCC(F)CC3)ccc2C(c2ccccc2)C1,train,train,train,0,0,0.8333333,0.8333333,0.8333333
CN1Cc2cc(OCCCN3CCC(F)CC3)ccc2C(c2cc(Cl)ccc2Cl)C1,test,train,train,0,0,0.8103448,0.8103448,0.8103448
CN1Cc2cc(OCCCN3CCC(F)CC3)ccc2C(c2ccc(Cl)c(Cl)c2)C1,train,train,train,0,0,0.8333333,0.8333333,0.8333333
CN1Cc2cc(OCCCN3CCC(F)CC3)ccc2C(c2ccccc2Cl)C1,train,train,train,0,0,0.7719298,0.8103448,0.8103448
CN1Cc2cc(OCCCN3CCC(F)CC3)ccc2C(c2cccc(Cl)c2)C1,train,train,train,0,0,0.8245614,0.8214286,0.8245614
CN1Cc2cc(OCCCN3CCC(F)CC3)ccc2C(c2ccc(Cl)cc2)C1,train,test,train,0,0,0.8363636,0.8363636,0.8363636
COc1ccc(C2CN(C)Cc3cc(OCCCN4CCC(F)CC4)ccc32)cc1Cl,train,train,train,0,0,0.8333333,0.8333333,0.8333333
CCOc1ccc(C2CN(C)Cc3cc(OCCCN4CCC(F)CC4)ccc32)cc1,train,train,train,0,0,0.8363636,0.8518519,0.8518519
COc1cccc(C2CN(C)Cc3cc(OCCCN4CCC(F)CC4)ccc32)c1,train,train,train,0,0,0.8214286,0.8214286,0.8214286
C[C@@H]1CCCN1CCCOc1ccc(-c2ccc(C#N)cc2)cc1,train,train,train,4,4,0.73333335,0.73333335,0.9285714
C(#Cc1ccc(CN2CCCCC2)cc1)CCN1CCCCC1,train,train,test,0,0,0.8611111,0.8611111,0.8611111
CC[C@@H]1CCCN1CCc1ccc2cc(-c3ccc(C#N)cc3)ccc2c1,train,train,test,4,4,0.8039216,0.8039216,0.7924528
N#Cc1ccc(-c2ccc3cc(CCC4CCNC4)ccc3c2)cc1,test,test,train,4,4,0.5625,0.5625,0.5625
N#Cc1ccc(-c2ccc3cc(CCN4CCCC4)ccc3c2)cc1,train,train,train,4,4,0.67346936,0.67346936,0.6875
C[C@@H]1CCCCN1CCc1ccc2cc(-c3ccc(C#N)cc3)ccc2c1,train,train,train,4,4,0.7169811,0.7169811,0.7169811
N#Cc1ccc(-c2ccc3cc(CCN4CC[C@@H](O)C4)ccc3c2)cc1,test,test,train,4,4,0.7307692,0.7307692,0.6875
CN(C)[C@@H]1CCN(CCc2ccc3cc(-c4ccc(C#N)cc4)ccc3c2)C1,train,train,test,4,4,0.66,0.66,0.7307692
N#Cc1ccc(-c2ccc3cc(CCN4CCC[C@H]4CF)ccc3c2)cc1,train,train,test,4,4,0.8039216,0.8039216,0.7592593
CC(C)CC1CCCN1CCc1ccc2cc(-c3ccc(C#N)cc3)ccc2c1,train,train,train,4,4,0.7924528,0.7924528,0.7592593
CC(C)C1CCCN1CCc1ccc2cc(-c3ccc(C#N)cc3)ccc2c1,test,test,train,4,4,0.7592593,0.7592593,0.7592593
CNC(O)Cc1ccc2cc(-c3ccc(C#N)cc3)ccc2c1,train,train,test,4,4,0.54347825,0.54347825,0.54347825
CCN(CCc1ccc2cc(-c3ccc(C#N)cc3)ccc2c1)C(C)C,test,test,train,4,4,0.72727275,0.72727275,0.6818182
CN(CCc1ccc2cc(-c3ccc(C#N)cc3)ccc2c1)C(C)(C)C,train,train,train,4,4,0.75609756,0.75609756,0.75609756
CCCN(C)CCc1ccc2cc(-c3ccc(C#N)cc3)ccc2c1,train,train,test,4,4,0.75609756,0.75609756,0.75609756
CCN(CC)CCc1ccc2cc(-c3ccc(C#N)cc3)ccc2c1,train,train,test,4,4,0.75,0.75,0.75
CN(C)CCc1ccc2cc(-c3ccc(C#N)cc3)ccc2c1,train,train,train,4,4,0.75609756,0.75609756,0.75609756
Clc1ccc(C2CNCc3cc(OCCCN4CCCCC4)ncc32)cc1Cl,train,train,train,0,0,0.83928573,0.83928573,0.83928573
COc1ccc(C2CN(C)Cc3cc(OCC4CCN(C(C)C)CC4)ncc32)cc1,train,train,train,1,1,0.7741935,0.7741935,0.7741935
COc1ccc(C2CNCc3cc(OCC4CCN(C(C)C)CC4)ncc32)cc1,train,train,train,1,1,0.7741935,0.7741935,0.7741935
CC(C)N1CCC(COc2cc3c(cn2)C(c2ccc(Cl)c(Cl)c2)CN(C)C3)CC1,train,train,train,1,1,0.7741935,0.7741935,0.7741935
CC(C)N1CCC(COc2cc3c(cn2)C(c2ccc(Cl)c(Cl)c2)CNC3)CC1,train,train,train,1,1,0.7741935,0.7741935,0.7741935
c1ccc(C2CNCc3cc(OCCCN4CCOCC4)ncc32)cc1,train,train,train,0,0,0.8181818,0.8181818,0.8181818
COc1ccc(C2CN(C)Cc3cc(OCCCN4CCOCC4)ncc32)cc1,train,train,train,0,0,0.82758623,0.82758623,0.79310346
COc1ccc(C2CNCc3cc(OCCCN4CCOCC4)ncc32)cc1,train,train,train,0,0,0.8305085,0.8305085,0.8305085
CCN(CC)CCCOc1cc2c(cn1)C(c1ccccc1)CN(C)C2,train,train,train,0,0,0.8035714,0.8035714,0.8035714
CCN(CC)CCCOc1cc2c(cn1)C(c1ccc(OC)cc1)CN(C)C2,train,train,train,0,0,0.8035714,0.8035714,0.8035714
CCN(CC)CCCOc1cc2c(cn1)C(c1ccc(OC)cc1)CNC2,train,train,train,0,0,0.7586207,0.7586207,0.7586207
CCN(CC)CCCOc1cc2c(cn1)C(c1ccc(Cl)c(Cl)c1)CNC2,train,train,train,0,0,0.7586207,0.7586207,0.7586207
CN1Cc2cc(OCCCN3CCCCC3)ncc2C(c2ccccc2F)C1,train,train,train,0,0,0.7719298,0.7719298,0.7457627
c1ccc(C2CNCc3cc(OCCCN4CCCCC4)ncc32)cc1,train,train,train,0,0,0.8181818,0.8181818,0.8181818
CN1Cc2cc(OCCCN3CCCCC3)ncc2C(c2ccccc2)C1,train,train,test,0,0,0.8214286,0.8214286,0.8214286
CN1Cc2cc(OCCCN3CCCCC3)ncc2C(c2ccc(F)cc2)C1,train,train,train,0,0,0.8214286,0.8214286,0.8214286
COc1ccc(C2CN(C)Cc3cc(OCCCN4CCCCC4)ncc32)cc1,train,train,test,0,0,0.82758623,0.82758623,0.82758623
COc1ccc(C2CNCc3cc(OCCCN4CCCCC4)ncc32)cc1,train,train,train,0,0,0.8305085,0.8305085,0.8305085
COc1cccc(C2CN(C)Cc3cc(OCCCN4CCCCC4)ncc32)c1,train,train,train,0,0,0.82758623,0.82758623,0.78333336
CN1Cc2cc(OCCCN3CCCCC3)ncc2C(c2ccc(Cl)c(F)c2)C1,train,train,test,0,0,0.86206895,0.86206895,0.86206895
CN1Cc2cc(OCCCN3CCCCC3)ncc2C(c2cccc(Cl)c2)C1,train,train,train,0,0,0.8245614,0.8245614,0.8245614
Clc1ccccc1C1CNCc2cc(OCCCN3CCCCC3)ncc21,train,train,train,0,0,0.78571427,0.78571427,0.78571427
CN1Cc2cc(OCCCN3CCCCC3)ncc2C(c2ccc(Cl)cc2)C1,train,train,train,0,0,0.83928573,0.83928573,0.83928573
Clc1ccc(C2CNCc3cc(OCCCN4CCCCC4)ncc32)cc1,train,train,train,0,0,0.83928573,0.83928573,0.83928573
CN1Cc2cc(OCCCN3CCCCC3)ncc2C(c2ccc(Cl)c(Cl)c2)C1,train,train,train,0,0,0.86206895,0.86206895,0.83928573
c1ccc(C2CN3CCCC3c3cc(OCCCN4CCCCC4)ccc32)cc1,train,train,train,0,0,0.8214286,0.8214286,0.8214286
CN(C)c1ccc(C2CN3CCCC3c3cc(OCCCN4CCCCC4)ccc32)cc1,train,train,train,0,0,0.8103448,0.8103448,0.8103448
Oc1cccc(C2CN3CCCC3c3cc(OCCCN4CCCCC4)ccc32)c1,train,train,train,0,0,0.8214286,0.8214286,0.8214286
COc1cccc(C2CN3CCCC3c3cc(OCCCN4CCCCC4)ccc32)c1,train,train,test,0,0,0.80701756,0.80701756,0.80701756
CSc1ccc(C2CN3CCCC3c3cc(OCCCN4CCCCC4)ccc32)cc1,train,train,test,0,0,0.8245614,0.8245614,0.8245614
FC(F)(F)Oc1ccc(C2CN3CCCC3c3cc(OCCCN4CCCCC4)ccc32)cc1,train,train,train,0,0,0.779661,0.8103448,0.8103448
O=[N+]([O-])c1ccc(C2CN3CCCC3c3cc(OCCCN4CCCCC4)ccc32)cc1,test,train,train,0,0,0.76666665,0.76666665,0.76666665
Fc1ccc(C2CN3CCCC3c3cc(OCCCN4CCCCC4)ccc32)cc1,test,train,train,0,0,0.8245614,0.8245614,0.8214286
Clc1ccccc1C1CN2CCCC2c2cc(OCCCN3CCCCC3)ccc21,train,test,test,0,0,0.8,0.8,0.8
Clc1cccc(C2CN3CCCC3c3cc(OCCCN4CCCCC4)ccc32)c1,train,test,train,0,0,0.8245614,0.8245614,0.8245614
Clc1ccc(C2CN3CCCC3c3cc(OCCCN4CCCCC4)ccc32)cc1,train,train,train,0,0,0.8245614,0.8214286,0.8245614
C#Cc1cccc(C2CN3CCCC3c3cc(OCCCN4CCCCC4)ccc32)c1,train,train,train,0,0,0.80701756,0.8448276,0.8448276
C#Cc1ccc(C2CN3CCCC3c3cc(OCCCN4CCCCC4)ccc32)cc1,test,train,train,0,0,0.8448276,0.8448276,0.8448276
Cc1ccc(C2CN3CCCC3c3cc(OCCCN4CCCCC4)ccc32)cc1,train,train,train,0,0,0.8245614,0.8245614,0.8214286
CN(C)CCC(Oc1ccc(C(F)(F)F)cc1)c1ccccc1,train,test,train,0,0,0.6904762,0.6037736,0.5614035
CN(C)CCC(Oc1cccc(OCCCN2CCCCC2)c1)c1ccccc1,test,train,train,0,0,0.9,0.82,0.7962963
CN(C)CCC(Oc1ccc(OCCCN2CCCCC2)cc1)c1ccccc1,train,train,test,0,0,0.9347826,0.9347826,0.82
CN(C)CCC(Oc1ccccc1)c1cccc(OCCCN2CCCCC2)c1,train,test,test,0,0,0.84,0.9,0.9
CN(C)CCC(Oc1ccccc1)c1ccc(OCCCN2CCCCC2)cc1,train,train,test,0,0,0.9347826,0.9347826,0.8367347
CN(C)CCC(Oc1ccc(C(F)(F)F)cc1)c1ccc(OCCCN2CCCCC2)cc1,train,train,test,0,0,0.7924528,0.7924528,0.7924528
CN(C)CCC(Oc1ccc(C#N)cc1)c1ccc(OCCCN2CCCCC2)cc1,test,train,test,0,0,0.78846157,0.78846157,0.78846157
CN(C)CCC(Oc1ccc([N+](=O)[O-])cc1)c1ccc(OCCCN2CCCCC2)cc1,train,train,train,0,0,0.74545455,0.74545455,0.74545455
CN(C)CCC(Oc1cccc(Br)c1)c1ccc(OCCCN2CCCCC2)cc1,train,test,train,0,0,0.8035714,0.8035714,0.8035714
CN(C)CCC(Oc1ccc(Br)cc1)c1ccc(OCCCN2CCCCC2)cc1,train,train,train,0,0,0.82,0.82,0.82
CN(C)CCC(Oc1ccc(Cl)c(Cl)c1)c1ccc(OCCCN2CCCCC2)cc1,train,train,train,0,0,0.7924528,0.7924528,0.7924528
CN(C)CCC(Oc1cccc(Cl)c1)c1ccc(OCCCN2CCCCC2)cc1,train,train,train,0,0,0.8035714,0.8035714,0.8035714
CN(C)CCC(Oc1ccc(Cl)cc1)c1ccc(OCCCN2CCCCC2)cc1,train,train,train,0,0,0.82,0.82,0.82
CN(C)CCC(Oc1ccc(F)cc1)c1ccc(OCCCN2CCCCC2)cc1,train,train,train,0,0,0.82,0.82,0.82
COc1cccc(OC(CCN(C)C)c2ccc(OCCCN3CCCCC3)cc2)c1,train,train,train,0,0,0.8269231,0.8269231,0.8035714
COc1ccc(OC(CCN(C)C)c2ccc(OCCCN3CCCCC3)cc2)cc1,train,train,test,0,0,0.8367347,0.8367347,0.8367347
Cc1ccc(OC(CCN(C)C)c2ccc(OCCCN3CCCCC3)cc2)cc1,train,train,train,0,0,0.8367347,0.8367347,0.82
CSc1ccc(OC(CCN(C)C)c2ccc(OCCCN3CCCCC3)cc2)cc1,train,train,train,0,0,0.8076923,0.8076923,0.8076923
CN(C)CCC(Oc1ccccc1)c1ccc(C#CCCN2CCCCC2)cc1,train,train,train,0,0,0.7090909,0.7758621,0.6
CN(C)CCC(Oc1ccc(C(F)(F)F)cc1)c1ccc(C#CCCN2CCCCC2)cc1,test,train,test,0,0,0.7758621,0.7758621,0.7758621
CC(C)N1CCN(C(=O)c2ccc(C(CCN(C)C)Oc3ccccc3)cc2)CC1,train,train,train,1,1,0.7719298,0.7719298,0.7719298
CC(C)N1CCN(C(=O)c2ccc(C(CCN(C)C)Oc3ccc(C(F)(F)F)cc3)cc2)CC1,train,train,train,1,1,0.7719298,0.7719298,0.7719298
CC(C)N1CCC(Oc2ccc(C(CCN(C)C)Oc3ccccc3)cc2)CC1,train,train,train,1,1,0.62068963,0.62068963,0.62068963
c1cnn(-c2ccc([C@@H]3CN4CCC[C@@H]4c4cc(OCCCN5CCOCC5)ccc43)cc2)c1,train,train,train,0,0,0.7605634,0.71428573,0.7605634
c1ccn2c([C@@H]3CN4CCC[C@@H]4c4cc(OCCCN5CCOCC5)ccc43)cnc2c1,test,test,train,0,0,0.7164179,0.7164179,0.67142856
c1cc([C@@H]2CN3CCC[C@@H]3c3cc(OCCCN4CCOCC4)ccc32)[nH]n1,test,train,train,0,0,0.734375,0.734375,0.7121212
c1csc([C@@H]2CN3CCC[C@@H]3c3cc(OCCCN4CCOCC4)ccc32)n1,test,test,train,0,0,0.74603176,0.74603176,0.734375
c1ncc([C@@H]2CN3CCC[C@@H]3c3cc(OCCCN4CCOCC4)ccc32)s1,train,test,train,0,0,0.7936508,0.7936508,0.7936508
c1cc([C@@H]2CN3CCC[C@@H]3c3cc(OCCCN4CCOCC4)ccc32)cs1,train,test,train,0,0,0.84210527,0.84210527,0.84210527
c1cc([C@@H]2CN3CCC[C@@H]3c3cc(OCCCN4CCCCC4)ccc32)cs1,train,train,train,0,0,0.84210527,0.78571427,0.84210527
c1csc([C@@H]2CN3CCC[C@@H]3c3cc(OCCCN4CCOCC4)ccc32)c1,train,train,train,0,0,0.8448276,0.8448276,0.8448276
c1csc([C@@H]2CN3CCC[C@@H]3c3cc(OCCCN4CCCCC4)ccc32)c1,train,train,train,0,0,0.8448276,0.8448276,0.8448276
c1cnc([C@@H]2CN3CCC[C@@H]3c3cc(OCCCN4CCOCC4)ccc32)cn1,train,train,train,0,0,0.8032787,0.8032787,0.72727275
c1ccc([C@@H]2CN3CCC[C@@H]3c3cc(OCCCN4CCOCC4)ccc32)nc1,train,train,test,0,0,0.84210527,0.84210527,0.84210527
c1ccc([C@@H]2CN3CCC[C@@H]3c3cc(OCCCN4CCCCC4)ccc32)nc1,train,train,train,0,0,0.84210527,0.84210527,0.78571427
c1cncc([C@@H]2CN3CCC[C@@H]3c3cc(OCCCN4CCOCC4)ccc32)c1,train,train,test,0,0,0.78125,0.852459,0.852459
c1cncc([C@@H]2CN3CCC[C@@H]3c3cc(OCCCN4CCCCC4)ccc32)c1,test,train,train,0,0,0.852459,0.852459,0.7966102
c1cc([C@@H]2CN3CCC[C@@H]3c3cc(OCCCN4CCCCC4)ccc32)ccn1,train,train,train,0,0,0.8181818,0.8181818,0.8181818
c1cn(-c2ccc([C@@H]3CN4CCC[C@@H]4c4cc(OCCCN5CCOCC5)ccc43)cc2)cn1,train,test,train,0,0,0.7605634,0.7605634,0.7605634
CC1CCCN1CCN1CCN(CCN2CCCCC2)C1=C(C#N)C#N,train,train,train,4,4,0.6923077,0.6923077,0.6923077
N#CC(C#N)=C1N(CCCN2CCCCC2)CCN1CCCN1CCCCC1,test,test,test,0,0,0.96666664,0.96666664,0.96666664
N#CC(C#N)=C1N(CCCCN2CCCCC2)CCN1CCN1CCCCC1,train,train,train,0,0,0.9354839,0.9375,0.9375
N#CC(C#N)=C1N(CCCN2CCCCC2)CCN1CCN1CCCCC1,test,train,train,0,0,0.9375,0.9375,0.9375
N#CC(C#N)=C1N(CCN2CCCCC2)CCN1CCN1CCCCC1,train,train,train,0,0,0.87096775,0.87096775,0.87096775
N#CC(C#N)=C1N(CCCN2CCCCC2)CCN1Cc1cccc2ccccc12,test,test,train,0,0,0.6304348,0.6304348,0.6304348
CCN(CCCN(C)C)CCN1CCN(Cc2cccc3ccccc23)C1=C(C#N)C#N,train,train,train,4,4,0.32786885,0.32786885,0.59016395
CNCc1cc(C(=O)N2CCCN(C3CC3)CC2)ccc1Oc1ccc(SC(F)(F)F)cc1,train,train,train,1,1,0.8153846,0.8153846,0.8153846
CNCc1cc(C(=O)N2CCCN(C3CC3)CC2)ccc1Oc1ccc(C#N)cc1,test,test,train,1,1,0.828125,0.828125,0.828125
CNCc1cc(C(=O)N2CCCN(C3CC3)CC2)ccc1Oc1ccccc1OC(F)(F)F,train,train,train,1,1,0.8153846,0.796875,0.8153846
CNCc1cc(C(=O)N2CCN(C(C)C)CC2)ccc1Oc1ccc(SC)cc1,train,train,train,1,1,0.9285714,0.9285714,0.9285714
CNCc1cc(C(=O)N2CCN(C3CC3)CC2)ccc1Oc1ccc(C(F)(F)F)cc1,train,train,train,1,1,0.9310345,0.9310345,0.9310345
CNCc1cc(C(=O)N2CCN(C3CC3)CC2)ccc1Oc1cccc(F)c1,train,train,train,1,1,0.9310345,0.9310345,0.80701756
CNCc1cc(C(=O)N2CCN(C3CC3)CC2)ccc1Oc1ccccc1,train,train,train,1,1,0.9245283,0.9245283,0.8181818
CNCc1cc(C(=O)N2CCN(C3CC3)CC2)ccc1Oc1cccc(Cl)c1,train,train,test,1,1,0.9310345,0.9310345,0.9310345
CNCc1cc(C(=O)N2CCN(C(C)C)CC2)ccc1Oc1cccc(OC)c1,train,train,train,1,1,0.7580645,0.7580645,0.7580645
CNCc1cc(C(=O)N2CCN(C3CCCC3)CC2)ccc1Oc1ccc(Cl)cc1,train,train,train,1,1,0.962963,0.962963,0.9259259
CNCc1cc(C(=O)N2CCN(C3CCC3)CC2)ccc1Oc1ccc(Cl)cc1,train,train,test,1,1,0.962963,0.962963,0.962963
CNCc1cc(C(=O)N2CCN(C3CC3)CC2)ccc1Oc1ccc(Cl)cc1,train,train,train,1,1,0.9259259,0.9259259,0.92727274
CNCc1cc(C(=O)N2CCN(C(C)C)CC2)ccc1Oc1ccc(Cl)cc1,train,train,test,1,1,0.8214286,0.8214286,0.9259259
CNCc1cc(C(=O)N2CCN(C3CCCC3)CC2)ccc1Oc1ccc(Cl)c(Cl)c1,train,train,train,1,1,0.96428573,0.96428573,0.96428573
CNCc1cc(C(=O)N2CCN(C3CCC3)CC2)ccc1Oc1ccc(Cl)c(Cl)c1,train,train,train,1,1,0.96428573,0.96428573,0.96428573
CNCc1cc(C(=O)N2CCN(C3CC3)CC2)ccc1Oc1ccc(Cl)c(Cl)c1,train,train,test,1,1,0.9285714,0.9285714,0.9285714
CNCc1cc(C(=O)N2CCN(C(C)C)CC2)ccc1Oc1ccc(Cl)c(Cl)c1,train,train,test,1,1,0.9285714,0.9285714,0.9285714
CNCc1cc(C(=O)N2CCN(C3CC3)CC2)ccc1Oc1ccc(SC)c(C)c1,train,train,train,1,1,0.93333334,0.93333334,0.93333334
CNCc1cc(C(=O)N2CCN(C(C)C)CC2)ccc1Oc1ccc(SC)c(C)c1,train,train,train,1,1,0.7966102,0.7966102,0.7966102
CNCc1cc(C(=O)N2CCN(C3CC3)CC2)ccc1Oc1ccc(SC)cc1,train,train,train,1,1,0.9298246,0.9298246,0.9298246
CNCc1cc(C(=O)N2CCCN(C(C)C)CC2)ccc1Oc1cccc(Cl)c1,train,train,train,1,1,0.7936508,0.7936508,0.8196721
CNCc1cc(C(=O)N2CCCN(C(C)C)CC2)ccc1Oc1ccc(Cl)cc1,test,test,train,1,1,0.9259259,0.9259259,0.8333333
CNCc1cc(C(=O)N2CCCN(C(C)C)CC2)ccc1Oc1ccc(Cl)c(Cl)c1,train,train,train,1,1,0.9285714,0.9285714,0.8333333
CNCc1cc(C(=O)N2CCCN(C(C)C)CC2)ccc1Oc1ccc(SC)cc1,train,train,train,1,1,0.9285714,0.9285714,0.9285714
CNCc1cc(C(=O)N2CCCN(C3CC3)CC2)ccc1Oc1ccc(Cl)cc1,test,test,train,1,1,0.92727274,0.92727274,0.92727274
CNCc1cc(C(=O)N2CCCN(C3CC3)CC2)ccc1Oc1ccc(Cl)c(Cl)c1,test,test,test,1,1,0.9298246,0.9298246,0.89830506
CNCc1cc(C(=O)N2CCCN(C3CC3)CC2)ccc1Oc1ccc(SC)c(C)c1,train,train,train,1,1,0.93333334,0.93333334,0.93333334
CNCc1cc(C(=O)N2CCCN(C3CC3)CC2)ccc1Oc1ccc(SC)cc1,train,train,train,1,1,0.9298246,0.9298246,0.9298246
CNCc1cc(C(=O)N2CCCN(C3CC3)CC2)ccc1Oc1ccccc1C#N,train,train,test,1,1,0.7936508,0.7936508,0.7936508
CNCc1cc(C(=O)N2CCCN(C3CC3)CC2)ccc1Oc1ccc(Cl)cc1F,train,train,test,1,1,0.82258064,0.82258064,0.82258064
CNCc1cc(C(=O)N2CCCN(C3CC3)CC2)ccc1Oc1ccc(F)c(Cl)c1,train,train,train,1,1,0.8,0.8,0.8548387
CNCc1cc(C(=O)N2CCCN(C3CC3)CC2)ccc1Oc1ccc(C(F)(F)F)cc1,train,train,train,1,1,0.9310345,0.9310345,0.9310345
CNCc1cc(C(=O)N2CCCN(C3CC3)CC2)ccc1Oc1ccccc1C(F)(F)F,train,test,train,1,1,0.8153846,0.8153846,0.8153846
CNCc1cc(C(=O)N2CCCN(C3CC3)CC2)ccc1Oc1ccc(F)cc1,train,train,train,1,1,0.8360656,0.8360656,0.8360656
CNCc1cc(C(=O)N2CCCN(C3CC3)CC2)ccc1Oc1cccc(F)c1,train,train,test,1,1,0.9310345,0.9310345,0.9310345
CNCc1cc(C(=O)N2CCCN(C3CC3)CC2)ccc1Oc1ccccc1F,train,train,train,1,1,0.82258064,0.82258064,0.796875
CNCc1cc(C(=O)N2CCCN(C3CC3)CC2)ccc1Oc1ccccc1,train,train,test,1,1,0.9245283,0.9245283,0.9245283
CNCc1cc(C(=O)N2CCCN(C3CC3)CC2)ccc1Oc1cccc(Cl)c1,train,train,train,1,1,0.9310345,0.9310345,0.82258064
CNCc1cc(C(=O)N2CCCN(C3CC3)CC2)ccc1Oc1cccc(OC)c1,test,test,test,1,1,0.8333333,0.8333333,0.82539684
CNCc1cc(C(=O)N2CCCN(C3CC3)CC2)ccc1Oc1cccc(C#N)c1,train,train,train,1,1,0.7936508,0.7936508,0.828125
c1ccc(COc2ccc(CCN3CCCC3)cc2)cc1,train,train,train,0,0,0.5945946,0.5945946,0.5945946
c1ccc2cc(CCN3CCCC3)ccc2c1,train,train,test,0,0,0.58536583,0.58536583,0.58536583
Cc1oc(-c2ccccc2)nc1CCN1CCCC1,train,train,test,0,0,0.44230768,0.44230768,0.44230768
COc1ccc2[nH]c(CCN3CCCC3)cc2c1,train,train,test,0,0,0.61904764,0.5609756,0.61904764
c1ccc2[nH]c(CCN3CCCC3)cc2c1,train,test,train,0,0,0.61904764,0.61904764,0.48979592
COc1ccc(CCN2CCCC2)cc1,train,train,test,0,0,0.6571429,0.6571429,0.6571429
COc1cccc(CCN2CCCC2)c1,train,train,train,0,0,0.6571429,0.6571429,0.6388889
COc1ccccc1CCN1CCCC1,test,train,test,0,0,0.5882353,0.5135135,0.5882353
Cc1ccc(CCN2CCCC2)cc1,train,train,train,0,0,0.7407407,0.7407407,0.7407407
Cc1cccc(CCN2CCCC2)c1,test,test,train,0,0,0.6388889,0.6388889,0.6388889
Cc1cc(C)c(CCN2CCCC2)c(C)c1,train,train,train,0,0,0.53125,0.53125,0.53125
Oc1ccccc1CCN1CCCC1,train,test,train,0,0,0.4722222,0.5882353,0.45454547
O=[N+]([O-])c1ccc(CCN2CCCC2)cc1,test,train,train,0,0,0.57575756,0.57575756,0.57575756
c1cc(CCN2CCCC2)sn1,test,test,train,0,0,0.5,0.5,0.42857143
CCc1ccc(CCN2CCCC2)nc1,train,train,train,0,0,0.4864865,0.4864865,0.4864865
c1cc(CCN2CCCC2)ccn1,train,train,test,0,0,0.62068963,0.62068963,0.62068963
C[C@@H]1CCCN1CCc1cccnc1,train,train,train,4,4,0.61538464,0.61538464,0.59574467
C[C@H]1[C@H]2CC[C@H]3[C@@H]4CC=C5C[C@@H](N(C)C)CC[C@]5(C)[C@H]4CC[C@]23CN1C,train,train,test,4,4,0.7962963,0.7962963,0.7962963
C[C@H]1[C@H]2CC[C@H]3[C@@H]4CC=C5C[C@@H](N(C)C(=O)OCC(Cl)(Cl)Cl)CC[C@]5(C)[C@H]4CC[C@]23CN1C,test,train,train,1,1,0.73846155,0.7846154,0.73846155
CN1C[C@]23CC[C@H]4[C@@H](CC=C5C[C@@H](N(C)C)CC[C@@]54C)[C@@H]2CC[C@@H]3C1=O,train,train,test,4,4,0.72727275,0.72727275,0.72727275
CN[C@H]1CC[C@@]2(C)C(=CC[C@@H]3[C@@H]2CC[C@]24CN(C)C(=O)[C@H]2CC[C@@H]34)C1,train,train,train,1,1,0.72727275,0.72727275,0.46268657
CC(=O)N[C@@H](Cc1ccccc1)C(=O)N(C)[C@H]1CC[C@@]2(C)C(=CC[C@@H]3[C@@H]2CC[C@]24CN(C)[C@@H](C)[C@H]2CC[C@@H]34)C1,train,test,train,1,1,0.8108108,0.6891892,0.8108108
CC(=O)N[C@@H](CC(C)C)C(=O)N(C)[C@H]1CC[C@@]2(C)C(=CC[C@@H]3[C@@H]2CC[C@]24CN(C)[C@@H](C)[C@H]2CC[C@@H]34)C1,train,test,train,1,1,0.8108108,0.7162162,0.8108108
CN[C@@H](C(=O)N(C)[C@H]1CC[C@@]2(C)C(=CC[C@@H]3[C@@H]2CC[C@]24CN(C)[C@@H](C)[C@H]2CC[C@@H]34)C1)C(C)C,test,train,train,1,1,0.73846155,0.73134327,0.73846155
C[C@H]1[C@H]2CC[C@H]3[C@@H]4CC=C5C[C@@H](N(C)S(=O)(=O)c6ccc(C#N)cc6)CC[C@]5(C)[C@H]4CC[C@]23CN1C,train,train,train,4,4,0.7878788,0.7878788,0.8125
C[C@H]1[C@H]2CC[C@H]3[C@@H]4CC=C5C[C@@H](N(C)S(=O)(=O)c6ccccc6)CC[C@]5(C)[C@H]4CC[C@]23CN1C,test,test,train,4,4,0.8125,0.8125,0.8125
CCS(=O)(=O)N(C)[C@H]1CC[C@@]2(C)C(=CC[C@@H]3[C@@H]2CC[C@]24CN(C)[C@@H](C)[C@H]2CC[C@@H]34)C1,train,train,train,4,4,0.80701756,0.80701756,0.80701756
C[C@H]1[C@H]2CC[C@H]3[C@@H]4CC=C5C[C@@H](N(C)S(=O)(=O)N(C)C)CC[C@]5(C)[C@H]4CC[C@]23CN1C,train,train,train,4,4,0.80701756,0.80701756,0.80701756
C[C@H]1[C@H]2CC[C@H]3[C@@H]4CC=C5C[C@@H](N(C)C(=O)N(C)C)CC[C@]5(C)[C@H]4CC[C@]23CN1C,train,train,train,1,1,0.84210527,0.8135593,0.84210527
COC(=O)N(C)[C@H]1CC[C@@]2(C)C(=CC[C@@H]3[C@@H]2CC[C@]24CN(C)[C@@H](C)[C@H]2CC[C@@H]34)C1,test,train,test,1,1,0.8135593,0.8,0.8135593
C[C@H]1[C@H]2CC[C@H]3[C@@H]4CC=C5C[C@@H](N(C)c6ccc(C#N)cc6)CC[C@]5(C)[C@H]4CC[C@]23CN1C,train,train,train,4,4,0.7878788,0.7878788,0.7878788
C[C@H]1[C@H]2CC[C@H]3[C@@H]4CC=C5C[C@@H](N(C)C(=O)Cc6cccs6)CC[C@]5(C)[C@H]4CC[C@]23CN1C,train,train,train,1,1,0.6956522,0.6944444,0.6956522
C[C@H]1[C@H]2CC[C@H]3[C@@H]4CC=C5C[C@@H](N(C)C(=O)c6ccncc6)CC[C@]5(C)[C@H]4CC[C@]23CN1C,train,train,test,1,1,0.85714287,0.85714287,0.85714287
C[C@H]1[C@H]2CC[C@H]3[C@@H]4CC=C5C[C@@H](N(C)C(=O)c6ccc(C#N)cc6)CC[C@]5(C)[C@H]4CC[C@]23CN1C,train,train,test,1,1,0.8181818,0.8181818,0.8181818
C[C@H]1[C@H]2CC[C@H]3[C@@H]4CC=C5C[C@@H](N(C)C(=O)c6ccccc6)CC[C@]5(C)[C@H]4CC[C@]23CN1C,train,train,train,1,1,0.85714287,0.85714287,0.78688526
C[C@H]1[C@H]2CC[C@H]3[C@@H]4CC=C5C[C@@H](N(C)C(=O)C6CC6)CC[C@]5(C)[C@H]4CC[C@]23CN1C,train,train,train,1,1,0.82758623,0.8135593,0.82758623
CC(=O)N(C)[C@H]1CC[C@@]2(C)C(=CC[C@@H]3[C@@H]2CC[C@]24CN(C)[C@@H](C)[C@H]2CC[C@@H]34)C1,train,test,train,1,1,0.84210527,0.84210527,0.84210527
CCN1CCOC(COc2ccc(CN3CCOCC3)cc2)C1,test,test,train,0,0,0.7826087,0.7826087,0.7826087
c1cc(OCC2CN(C3CC3)CCO2)ccc1CN1CCOCC1,train,train,train,1,1,0.9130435,0.9130435,0.9130435
CN1CCOC(COc2ccc(CN3CCOCC3)cc2)C1,train,train,train,0,0,0.75,0.75,0.7826087
CC(C)N1CCOC(COc2ccc(CN3CCOCC3)cc2)C1,train,train,train,1,1,0.75,0.7647059,0.7647059
c1cc(OCC2CN(C3CCC3)CCO2)ccc1CN1CCOCC1,train,train,train,1,1,0.9130435,0.9130435,0.9130435
c1cc(CN2CCOCC2)cc(OCC2CN(C3CC3)CCO2)c1,train,train,train,1,1,0.92,0.92,0.7647059
CC(C)N1CCOC(COc2cccc(CN3CCOCC3)c2)C1,test,train,train,1,1,0.7647059,0.7647059,0.7647059
c1cc(CN2CCOCC2)cc(OCC2CN(C3CCC3)CCO2)c1,train,train,test,1,1,0.92,0.92,0.92
CC(C)N1CCOC(COc2ccccc2)C1,train,train,train,1,1,0.6976744,0.6976744,0.6976744
CCOc1ccccc1OCC1CN(C(C)C)CCO1,train,train,train,1,1,0.6976744,0.6976744,0.6976744
CCOc1ccccc1OCC1CN(C2CCC2)CCO1,train,train,train,1,1,0.95238096,0.95238096,0.95238096
CCOc1ccccc1OCC1CN(C2CCCC2)CCO1,train,train,train,1,1,0.95238096,0.95238096,0.95238096
c1cc(OCC2CN(C3CCCC3)CCO2)ccc1CN1CCCC1,train,train,train,0,0,0.8333333,0.8333333,0.97727275
c1cc(OCC2CN(C3CCCC3)CCO2)ccc1CN1CCCCC1,test,test,train,0,0,0.97727275,0.97727275,0.97727275
Fc1ccc2c(c1)nc(-c1ccccn1)n2-c1ccc(OCCCN2CCCCC2)cc1,test,test,train,0,0,1.0,1.0,0.8548387
CC1CC(C)CN(CCCOc2ccc(-n3c(-c4ccccn4)nc4cc(F)ccc43)cc2)C1,train,test,train,0,0,0.7692308,0.7692308,0.7692308
Fc1ccc2c(c1)nc(-c1ccccn1)n2-c1ccc(OCCCN2CCOCC2)cc1,train,train,train,0,0,0.8360656,0.8360656,0.8360656
Fc1ccc2c(c1)nc(-c1ccccn1)n2-c1ccc(OCCCN2CCC(Cc3ccccc3)CC2)cc1,train,train,train,0,0,0.8181818,0.8181818,0.77272725
CN1CCN(CCCOc2ccc(-n3c(-c4ccccn4)nc4cc(F)ccc43)cc2)CC1,train,train,train,0,0,0.93333334,0.93333334,0.93333334
Fc1ccc2c(c1)nc(-c1ccccn1)n2-c1ccc(OCCCN2CCCC2)cc1,test,test,test,0,0,0.9818182,0.9818182,0.9818182
C[C@@H]1CC[C@@H](C)N1CCCOc1ccc(-n2c(-c3ccccn3)nc3cc(F)ccc32)cc1,train,train,train,0,0,0.75757575,0.74242425,0.75757575
CC(C)[C@@H]1CCN(CCCOc2ccc(-n3c(-c4ccccn4)nc4cc(F)ccc43)cc2)C1,train,train,test,0,0,0.76811594,0.76811594,0.73913044
Fc1ccc2c(c1)nc(-c1ccccn1)n2-c1ccc(OCCCN2CCSC2)cc1,train,train,train,0,0,0.78125,0.78125,0.78125
Fc1ccc2c(c1)nc(-c1ccccn1)n2-c1ccc(OCCCN2CCCCCC2)cc1,train,train,test,0,0,0.8548387,0.8548387,1.0
CN1CCCN(CCCOc2ccc(-n3c(-c4ccccn4)nc4cc(F)ccc43)cc2)CC1,train,train,train,0,0,0.93333334,0.93333334,0.93333334
Fc1ccc2c(c1)nc(-c1ccccn1)n2-c1ccc(OCCCN2CCc3ccccc3C2)cc1,test,test,train,0,0,0.8095238,0.8095238,0.8095238
Fc1ccc2c(c1)nc(-c1ccccn1)n2-c1ccc(OCCCN2Cc3cccc4cccc(c34)C2)cc1,train,train,test,0,0,0.7692308,0.7692308,0.8
OC1CCN(CCCOc2ccc(-n3c(-c4ccccn4)nc4cc(F)ccc43)cc2)CC1,train,train,test,0,0,0.82258064,0.82258064,0.82258064
COC(=O)C1CCN(CCCOc2ccc(-n3c(-c4ccccn4)nc4cc(F)ccc43)cc2)CC1,train,train,train,0,0,0.8309859,0.8309859,0.8309859
NC(=O)C1CCN(CCCOc2ccc(-n3c(-c4ccccn4)nc4cc(F)ccc43)cc2)CC1,train,train,train,0,0,0.8333333,0.8333333,0.8309859
NC(=O)C1CCCN(CCCOc2ccc(-n3c(-c4ccccn4)nc4cc(F)ccc43)cc2)C1,train,train,test,0,0,0.8333333,0.8333333,0.8333333
CNCCCOc1ccc(-n2c(-c3ccccn3)nc3cc(F)ccc32)cc1,train,train,train,0,0,0.7258065,0.7258065,0.7258065
O=c1[nH]c2cc(F)ccc2n1-c1ccc(OCCCN2CCCCC2)cc1,train,train,train,0,0,0.7777778,0.7777778,0.7777778
Fc1ccc2c(c1)[nH]c(=S)n2-c1ccc(OCCCN2CCCCC2)cc1,train,train,train,0,0,0.7777778,0.7777778,0.7777778
CCSC1Nc2cc(F)ccc2N1c1ccc(OCCCN2CCCCC2)cc1,train,train,train,0,0,0.7258065,0.7258065,0.7258065
CCOC1Nc2cc(F)ccc2N1c1ccc(OCCCN2CCCCC2)cc1,train,train,train,0,0,0.7258065,0.7258065,0.7258065
CCCCc1c[nH]cn1,train,train,train,3,3,0.7096774,0.7096774,0.7096774
CC1(C)COC(c2cccc(Cc3c[nH]cn3)c2)=N1,train,train,train,3,3,0.74,0.74,0.74
Nc1ccc(Cc2c[nH]cn2)cc1,train,train,test,3,3,0.7,0.7,0.7
CC(C)(C)C#Cc1ccc(Cc2c[nH]cn2)cc1,train,train,train,3,3,0.71428573,0.71428573,0.71428573
Brc1ccc(Cc2c[nH]cn2)cc1,train,train,train,3,3,0.7,0.7,0.6896552
N#Cc1ccc(Cc2c[nH]cn2)cc1,train,train,train,3,3,0.6756757,0.6756757,0.6756757
CC1(C)COC(c2ccc(Cc3c[nH]cn3)cc2)=N1,train,train,train,3,3,0.73913044,0.73913044,0.73913044
CCCC#Cc1cccc(Cc2c[nH]cn2)c1,train,train,train,3,3,0.6976744,0.6976744,0.67391306
C(#Cc1cccc2ccccc12)c1cccc(Cc2c[nH]cn2)c1,train,train,train,3,3,0.78571427,0.78571427,0.6122449
C(#Cc1cccc(Cc2c[nH]cn2)c1)c1ccccc1,train,train,test,3,3,0.78571427,0.78571427,0.78571427
CC(C)(C)C#Cc1cccc(Cc2c[nH]cn2)c1,train,train,train,3,3,0.71428573,0.71428573,0.71428573
CC(C)(C)CC(=O)c1cccc(Cc2c[nH]cn2)c1,train,train,train,3,3,0.5294118,0.5294118,0.5294118
c1cc(Cc2c[nH]cn2)cc(-c2ccncc2)c1,test,test,train,3,3,0.8055556,0.8055556,0.8055556
c1ccc(-c2cccc(Cc3c[nH]cn3)c2)nc1,train,train,train,3,3,0.71794873,0.71794873,0.71794873
c1ccc(-c2cccc(Cc3c[nH]cn3)c2)cc1,train,train,train,3,3,0.71875,0.71875,0.8055556
c1ccc(Cc2c[nH]cn2)cc1,train,train,train,3,3,0.71875,0.71875,0.71875
N#Cc1cccc(Cc2c[nH]cn2)c1,train,train,train,3,3,0.71794873,0.71794873,0.6756757
CC1(C)CN=C(c2cccc(Cc3c[nH]cn3)c2)OC1,train,train,train,3,3,0.74,0.74,0.74
c1ccc(C[C@@H]2COC(c3cccc(Cc4c[nH]cn4)c3)=N2)cc1,train,train,train,3,3,0.71428573,0.71428573,0.71428573
c1cc(Cc2c[nH]cn2)cc(C2=NC(CC3CCCCC3)CO2)c1,train,train,train,3,3,0.71428573,0.71428573,0.71428573
c1cc(Cc2c[nH]cn2)cc(C2=NCC3(CCCCC3)O2)c1,train,train,test,3,3,0.625,0.625,0.625
c1cc(Cc2c[nH]cn2)cc(C2=NC3(CCCC3)CO2)c1,test,test,test,3,3,0.72,0.72,0.72
CC1CC(C)(C)N=C(c2cccc(Cc3c[nH]cn3)c2)O1,train,train,train,3,3,0.71153843,0.71153843,0.71153843
CNC(=O)C(CCN1CCC(O)(c2ccc(Cl)cc2)CC1)(c1ccccc1)c1ccccc1,train,train,train,1,1,0.3015873,0.3015873,0.3015873
CN1CCN(c2cc(-c3ccc(C#N)cc3)nc(N)n2)CC1,test,test,train,4,4,0.75,0.75,0.75
N#Cc1ccc(-c2cc(N3CCNCC3)nc(N)n2)cc1,train,train,train,4,4,0.46666667,0.5,0.75
Nc1nc2c(c(N3CCNCC3)n1)CCC1=C2[C@@H]2CCCC[C@@H]2O1,train,train,train,2,2,0.45901638,0.45901638,0.37704918
Clc1ccc(CCCOCCCN2CCCCC2)cc1,train,train,test,0,0,0.61538464,0.61538464,0.7297297
FCc1ccc(OCCCN2CCCCC2)cc1,train,train,train,0,0,0.7777778,0.7777778,0.7777778
FCCc1ccc(OCCCN2CCCCC2)cc1,train,train,train,0,0,0.8235294,0.8235294,0.8235294
FC1CCN(Cc2ccc(OCCCN3CCCCC3)cc2)CC1,test,test,test,0,0,0.972973,0.972973,0.972973
FC1CCN(Cc2ccc(OCCCN3CCCC3)cc2)CC1,train,train,train,0,0,1.0,1.0,0.85
F[C@@H]1CCN(Cc2ccc(OCCCN3CCCC3)cc2)C1,test,train,train,0,0,0.85,0.85,0.85
FC1CCN(CCCOc2ccc(CN3CCCC3)cc2)CC1,train,train,test,0,0,1.0,1.0,1.0
FC1(F)CCN(Cc2ccc(OCCCN3CCCCC3)cc2)CC1,test,train,train,0,0,0.7894737,0.7894737,0.7894737
BrC1CCN(Cc2ccc(OCCCN3CCCCC3)cc2)CC1,train,train,test,0,0,0.80487806,0.80487806,0.7894737
ClC1CCN(Cc2ccc(OCCCN3CCCCC3)cc2)CC1,train,train,test,0,0,0.8333333,0.8333333,0.8333333
CS(=O)(=O)OC1CCN(Cc2ccc(OCCCN3CCCCC3)cc2)CC1,train,test,train,0,0,0.6938776,0.6938776,0.6938776
COc1cccc(OCCOCCCN2CCCCCC2)c1,train,test,train,0,0,0.625,0.625,0.625
COc1c(OCCF)cccc1C(=O)C1CCN(CCc2ccc(C)cc2)CC1,train,train,test,0,0,0.3939394,0.3939394,0.3939394
C1=C(c2ccc(CCN3CCCC3)cc2)[C@@H]2CN(CC3CC3)C[C@@H]2C1,train,train,train,4,4,0.46666667,0.46666667,0.47058824
C[C@@H]1CCCN1CCc1ccc(C2=CC[C@H]3CN(C(=O)C4CCOCC4)C[C@@H]23)cc1,test,test,train,4,4,0.52238804,0.52238804,0.47058824
Cc1nc2cccc(F)c2c(=O)n1-c1ccc(OC2CCN(C3CCC3)CC2)cc1,train,train,train,1,1,0.8181818,0.8181818,0.779661
Cc1cccc2nc(C)n(-c3ccc(OC4CCN(C5CCC5)CC4)cc3)c(=O)c12,train,train,test,1,1,0.8181818,0.8181818,0.8181818
Cc1nc2cccc(C(F)(F)F)c2c(=O)n1-c1ccc(OC2CCN(C3CCC3)CC2)cc1,train,train,train,1,1,0.779661,0.779661,0.779661
CCN(CC)Cc1ccc(-c2ccc(CN(CC)CC)cc2)cc1,test,test,train,4,4,0.6666667,0.6666667,0.61290324
CCCN(CCC)Cc1ccc(-c2ccc(CN(CCC)CCC)cc2)cc1,train,train,test,4,4,0.6363636,0.6363636,0.6666667
CN(Cc1ccc(-c2ccc(CN3CCCCC3)cc2)cc1)C1CCCCC1,train,train,train,4,4,0.7027027,0.7027027,0.7352941
CC1CC(C)CN(Cc2ccc(-c3ccc(CN4CCCCC4)cc3)cc2)C1,train,train,train,4,4,0.8064516,0.8064516,0.8064516
c1cc(-c2ccc(CN3CCOCC3)cc2)ccc1CN1CCCCC1,train,train,train,0,0,0.8518519,0.8518519,0.8518519
N#Cc1ccc(OCc2ccc(-c3ccc(CN4CCCCC4)cc3)cc2)cc1,train,train,train,0,0,0.63461536,0.63461536,0.7297297
CN(C)Cc1ccc(-c2ccc(CN3CCCCC3)cc2)cc1,train,train,train,4,4,0.7241379,0.7241379,0.7241379
CCN(CC)Cc1ccc(-c2ccc(CN3CCCCC3)cc2)cc1,train,train,train,4,4,0.7777778,0.7777778,0.7777778
CCCN(CCC)Cc1ccc(-c2ccc(CN3CCCCC3)cc2)cc1,train,train,train,4,4,0.7777778,0.7777778,0.7777778
CC1CCN(Cc2ccc(-c3ccc(CN4CCCCC4)cc3)cc2)CC1,train,train,train,4,4,0.86206895,0.86206895,0.86206895
CN(Cc1ccccc1)Cc1ccc(-c2ccc(CN3CCCCC3)cc2)cc1,test,train,train,0,0,0.7222222,0.7222222,0.7222222
CN(C)CCc1ccc(-c2ccc(CCN(C)C)cc2)cc1,train,train,train,4,4,0.5714286,0.5714286,0.5652174
CC1CCN(CCc2ccc(-c3ccc(CCN4CCC(C)CC4)cc3)cc2)CC1,train,train,train,4,4,0.67741936,0.67741936,0.67741936
c1cc(-c2ccc(CN3CCCCC3)cc2)ccc1CCN1CCCCC1,train,train,train,0,0,0.8518519,0.8518519,0.8518519
CCCN(CCC)Cc1ccc(-c2ccc(CC(=O)N3CCCCC3)cc2)cc1,train,train,test,4,4,0.6136364,0.6136364,0.6136364
CCCN(CCC)C(=O)Cc1ccc(-c2ccc(CN3CCCCC3)cc2)cc1,train,train,train,4,4,0.6136364,0.6136364,0.6136364
CCCN(CCC)Cc1ccc(-c2ccc(CCN3CCCCC3)cc2)cc1,train,train,train,4,4,0.74358976,0.74358976,0.74358976
C(CCCCN1CCCCC1)CCCCN1CCCCC1,train,train,train,0,0,0.48387095,0.48387095,0.48387095
c1cc(Sc2ccc([C@H]3CC[C@H]4CCCCN43)cc2)ccn1,train,train,train,2,2,0.2857143,0.2857143,0.2857143
CN(C)CCCSc1ncc(C(=O)c2ccc(Cl)cc2)n1C,train,train,train,1,1,0.74509805,0.74509805,0.74509805
CN(C)CCCSc1ncc(/C(=N\O)c2ccc(Cl)cc2)n1C,train,train,train,1,1,0.74509805,0.74509805,0.74509805
CN(C)CCCSc1ncc(C(O)c2ccc(Cl)cc2)n1C,train,train,test,0,0,0.627451,0.627451,0.627451
CN(C)CCCSc1ncc(Cc2ccc(Cl)cc2)n1C,train,train,train,4,4,0.8604651,0.8604651,0.6037736
Cn1c(C(=O)c2ccc(Cl)cc2)cnc1SCCCN1CCCCC1,test,test,train,0,0,0.9583333,0.9583333,0.9583333
CC(C)N1CCC(Sc2ncc(C(=O)c3ccc(Cl)cc3)n2C)CC1,train,train,train,1,1,0.6785714,0.6785714,0.6785714
CN(C)CCSc1ncc(Cc2ccc(Cl)cc2)n1C,train,train,test,4,4,0.8604651,0.8604651,0.8604651
Cn1c(C(=O)c2ccc(Cl)cc2)cnc1SCCCCN1CCCCC1,train,train,train,0,0,0.6851852,0.6851852,0.9583333
Cn1c(C(=O)c2ccc(Cl)cc2)cnc1OCCCN1CCCCC1,train,test,test,0,0,0.71153843,0.71153843,0.71153843
Cn1c(C(=O)c2ccc(Cl)cc2)cnc1NCCCN1CCCCC1,train,train,train,0,0,0.6851852,0.6851852,0.6851852
Cn1c(C(=O)c2ccc(Cl)cc2)cnc1CCCCN1CCCCC1,train,train,train,0,0,0.71153843,0.6851852,0.6851852
CC(C)N1CCC(Oc2ncc(C(=O)c3ccc(Cl)cc3)n2C)CC1,train,train,train,1,1,0.74545455,0.74545455,0.74545455
CC(C)N1CCC(COc2ncc(C(=O)c3ccc(Cl)cc3)n2C)CC1,train,train,train,1,1,0.8490566,0.8490566,0.8490566
CC(C)N1CCC(CCOc2ncc(C(=O)c3ccc(Cl)cc3)n2C)CC1,train,train,train,1,1,0.8181818,0.8181818,0.8181818
CC(C)N1CCC(COc2ncc(C(=O)c3ccccc3)n2C)CC1,train,train,train,1,1,0.8113208,0.8113208,0.8113208
CC(C)N1CCC(COc2ncc(C(=O)c3ccccc3Cl)n2C)CC1,train,train,train,1,1,0.76363635,0.76363635,0.76363635
CC(C)N1CCC(COc2ncc(C(=O)c3cccc(Cl)c3)n2C)CC1,test,test,test,1,1,0.8214286,0.8214286,0.7894737
CC(C)N1CCC(COc2ncc(C(=O)c3cc(Cl)cc(Cl)c3)n2C)CC1,train,train,test,1,1,0.8148148,0.8148148,0.8148148
CC(C)N1CCC(COc2ncc(C(=O)c3ccc(Br)cc3)n2C)CC1,train,train,test,1,1,0.8148148,0.8148148,0.8148148
CC(C)N1CCC(COc2ncc(C(=O)c3ccc(C(F)(F)F)cc3)n2C)CC1,train,train,test,1,1,0.8035714,0.8035714,0.8035714
CC(C)N1CCC(COc2ncc(C(=O)c3ccc([N+](=O)[O-])cc3)n2C)CC1,train,train,train,1,1,0.7586207,0.7586207,0.7586207
CC(C)N1CCC(COc2ncc(C(=O)c3ccc(F)cc3)n2C)CC1,train,train,train,1,1,0.8148148,0.8148148,0.8148148
CC(C)c1ccc(C(=O)c2cnc(OCC3CCN(C(C)C)CC3)n2C)cc1,train,train,train,1,1,0.8490566,0.8490566,0.8490566
Cc1nc2cccc(C(F)(F)F)c2c(=O)n1-c1ccc(OCCCN2CCCC2)cc1,train,train,train,0,0,0.78333336,0.7758621,0.7758621
CC(C)N1CCC(Oc2ccc3cc(C(=O)NC4CCCCC4)ccc3c2)CC1,train,train,train,1,1,0.7346939,0.6727273,0.7346939
CC(C)N1CCC(Oc2ccc3cc(C(=O)N4CCCC4)ccc3c2)CC1,train,test,train,1,1,0.82978725,0.82978725,0.82978725
O=C(c1ccc2cc(OCCCN3CCCCC3)ccc2c1)N1CCCC1,train,train,train,0,0,0.7755102,0.7916667,0.80851066
c1ccc(CCCOCCCN2CCCCC2)cc1,test,test,train,0,0,0.7297297,0.7297297,0.7105263
CCCC1CCN(CCCOCCCc2ccccc2)CC1,train,train,train,0,0,0.8780488,0.8780488,0.8780488
CCCCC1CCN(CCCOCCCc2ccccc2)CC1,train,train,train,0,0,0.8780488,0.8780488,0.8780488
c1ccc(CCCOCCCN2CCC(Cc3ccccc3)CC2)cc1,train,train,train,0,0,0.75609756,0.75609756,0.75609756
c1ccc(CCCOCCCN2CCC3CCCCC3C2)cc1,train,train,test,0,0,0.6363636,0.6363636,0.64285713
c1ccc(CCCOCCCN2CCc3ccccc3C2)cc1,train,train,train,0,0,0.60465115,0.60465115,0.65
Clc1cccc(OCCN2CCC(N3CCCCC3)CC2)c1,train,train,train,0,0,0.75555557,0.75555557,0.75555557
COc1cccc(OCCN2CCC(N3CCCCC3)CC2)c1,train,train,train,0,0,0.75555557,0.75555557,0.75555557
FC(F)(F)c1cccc(OCCN2CCC(N3CCCCC3)CC2)c1,test,train,train,0,0,0.7083333,0.7083333,0.7083333
Cc1ccc(OCCN2CCC(N3CCCCC3)CC2)cc1,test,train,train,0,0,0.75609756,0.6666667,0.75609756
Clc1ccc(OCCN2CCC(N3CCCCC3)CC2)cc1,train,test,train,0,0,0.8717949,0.8717949,0.8717949
Clc1ccc(OCCCN2CCC(N3CCCCC3)CC2)cc1,train,train,train,0,0,0.8717949,0.72727275,0.8717949
CC(C)(C)c1ccc(OCCCN2CCC(N3CCCCC3)CC2)cc1,train,train,train,0,0,0.72727275,0.72727275,0.72727275
CN(CCC=C1c2ccccc2CCc2ccccc21)C(=O)Cc1ccc(OCCCN2CCCCC2)cc1,train,train,train,0,0,0.78125,0.78125,0.78125
CN(CCC=C1c2ccccc2CCc2ccccc21)C(=O)c1ccc(OCCCN2CCCCC2)cc1,train,train,train,0,0,0.78125,0.78125,0.78125
CN(CCC=C1c2ccccc2CCc2ccccc21)Cc1ccc(OCCCN2CCCCC2)cc1,test,test,train,0,0,0.7741935,0.7741935,0.7741935
CN(CCCC12CCC(c3ccccc31)c1ccccc12)Cc1ccc(OCCCN2CCCCC2)cc1,train,test,test,0,0,0.51666665,0.51666665,0.51666665
CN(CCCN1c2ccccc2Sc2ccc(Cl)cc21)Cc1ccc(OCCCN2CCCCC2)cc1,train,train,train,0,0,0.6760563,0.6760563,0.6760563
CN(CC/C=C1\c2ccccc2Sc2ccc(Cl)cc21)Cc1ccc(OCCCN2CCCCC2)cc1,train,train,train,0,0,0.6760563,0.6760563,0.7121212
Clc1ccc2c(c1)N=C(N1CCN(Cc3ccc(OCCCN4CCCCC4)cc3)CC1)c1ccccc1N2,train,train,train,0,0,0.5967742,0.5967742,0.5967742
O=C(OCCN1CCN(CCCN2c3ccccc3Sc3ccc(C(F)(F)F)cc32)CC1)c1ccc(OCCCN2CCCCC2)cc1,train,train,train,0,0,0.51898736,0.51898736,0.51898736
CN(C)[C@@H]1CCN(CCCOc2c(F)cc(-c3ccc(C#N)cc3)cc2F)C1,test,test,test,0,0,0.7647059,0.7647059,0.7647059
CNC(=O)c1ccc(Oc2ccc3c(c2)CCN(C2CCC2)CC3)nc1,train,train,train,1,1,0.96153843,0.96153843,0.96153843
O=C(c1cc2cc(OCCCN3CCCCC3)ccc2[nH]1)N1CCOCC1,train,train,train,0,0,0.58928573,0.58928573,0.58928573
O=C(c1cc2cc(OC3CCN(C4CC4)CC3)ccc2[nH]1)N1CCOCC1,test,test,train,1,1,0.75,0.75,0.75
CC(C)(C)N1CCC(Oc2ccc3[nH]c(C(=O)N4CCOCC4)cc3c2)CC1,train,train,test,1,1,0.75438595,0.75438595,0.75438595
CC(C)N1CCC(Oc2ccc3[nH]c(C(=O)N4CCOCC4)cc3c2)CC1,train,train,train,1,1,0.8518519,0.8518519,0.8518519
CC(C)N1CCC(Oc2ccc3[nH]c(C(=O)N4CCCCCC4)cc3c2)CC1,train,train,train,1,1,0.8301887,0.8301887,0.8301887
COC1CCN(C(=O)c2cc3cc(OC4CCN(C(C)C)CC4)ccc3[nH]2)CC1,train,train,train,1,1,0.8301887,0.8301887,0.8301887
CC(C)N1CCC(Oc2ccc3[nH]c(C(=O)N4CCC(O)C4)cc3c2)CC1,train,test,test,1,1,0.78571427,0.78571427,0.78571427
CC(C)N1CCC(Oc2ccc3[nH]c(C(=O)N4CCCC(F)(F)C4)cc3c2)CC1,test,test,train,1,1,0.7758621,0.7966102,0.7966102
CC(C)N1CCC(Oc2ccc3[nH]c(C(=O)N4CCC(F)(F)CC4)cc3c2)CC1,test,train,train,1,1,0.8,0.8,0.8
CC(C)N1CCC(Oc2ccc3[nH]c(C(=O)N4CCS(=O)(=O)CC4)cc3c2)CC1,test,train,train,1,1,0.8,0.8,0.8
CC(C)N1CCC(Oc2ccc3cc(C(=O)N4CCOCC4)[nH]c3c2)CC1,train,train,train,1,1,0.8518519,0.8518519,0.8518519
CC(C)N1CCC(Oc2ccc3c(c2)cc(C(=O)N2CCOCC2)n3CC(F)(F)F)CC1,train,train,train,1,1,0.8125,0.8125,0.8125
CC(C)N1CCC(Oc2ccc3c(c2)cc(C(=O)N2CCC(F)(F)CC2)n3CC(F)(F)F)CC1,train,train,train,1,1,0.8125,0.8125,0.8125
CC(C)N1CCC(Oc2ccc3c(c2)cc(C(=O)N2CCC(F)(F)CC2)n3C(C)C)CC1,train,train,train,1,1,0.82758623,0.82758623,0.82758623
CC(=O)n1c(C(=O)N2CCC(F)(F)CC2)cc2cc(OC3CCN(C(C)C)CC3)ccc21,train,train,train,1,1,0.82758623,0.82758623,0.82758623
CC(C)N1CCC(Oc2ccc3c(c2)cc(C(=O)N2CCC(F)(F)CC2)n3S(C)(=O)=O)CC1,train,train,train,1,1,0.7878788,0.7878788,0.7878788
CC(C)N1CCC(Oc2ccc3c(c2)cc(C(=O)N2CCC(F)(F)CC2)n3S(=O)(=O)c2ccc(F)cc2)CC1,train,train,train,1,1,0.7878788,0.7878788,0.7878788
CC(C)N1CCC(Oc2ccc3c(c2)cc(C(=O)N2CCC(F)(F)CC2)n3CC#N)CC1,train,test,train,1,1,0.77272725,0.77272725,0.77272725
CC(C)N1CCC(Oc2ccc3c(c2)cc(C(=O)N2CCC(F)(F)CC2)n3-c2ccc(Cl)c(Cl)c2)CC1,train,train,train,1,1,0.7121212,0.7121212,0.7121212
CC(C)N1CCC(Oc2ccc3c(c2)cc(C(=O)N2CCS(=O)(=O)CC2)n3CC(F)(F)F)CC1,test,train,train,1,1,0.8,0.8,0.8
O=C(c1cc2cc(OC3CCN(C4CCC4)CC3)ccc2n1CC(F)(F)F)N1CCOCC1,train,train,train,1,1,0.94827586,0.94827586,0.94827586
O=C(c1cc2cc(OC3CCN(C4COC4)CC3)ccc2n1CC(F)(F)F)N1CCOCC1,train,train,train,1,1,0.9,0.9,0.9
O=C(c1cc2cc(OC3CCN(C4CC4)CC3)ccc2n1CC(F)(F)F)N1CCOCC1,train,train,train,1,1,0.94827586,0.94827586,0.94827586
CC(C)N1CCC(Nc2ccc3[nH]c(C(=O)N4CCOCC4)cc3c2)CC1,test,train,train,1,1,0.69491524,0.69491524,0.69491524
CCOC(=O)c1cc2cc(C(=O)O)ccc2[nH]1,train,train,train,1,1,0.3846154,0.3846154,0.3846154
O=C(c1ccc2c(c1)cc(C(=O)N1CCOCC1)n2CC(F)(F)F)N1CCN(C2CCC2)CC1,train,test,train,1,1,0.74603176,0.74603176,0.74603176
Cc1[nH]c2ccc(OC3CCN(C(C)C)CC3)cc2c1C(=O)N1CCOCC1,train,train,train,1,1,0.6721311,0.6721311,0.6721311
CC(C)N1CCC(Oc2cc3[nH]c(C(=O)N4CCOCC4)cc3cc2F)CC1,test,test,test,1,1,0.7288136,0.7288136,0.7288136
CN1C[C@H]2CC[C@@H]3c4ccc(-c5ccc(C#N)cc5)cc4CC[C@]23C1,train,train,train,4,4,0.3970588,0.3970588,0.375
N#Cc1ccc(-c2ccc(N3CC[C@@H]4CNC[C@@H]43)cc2)cc1,train,train,train,4,4,0.5869565,0.5869565,0.5869565
CCN1C[C@H]2CCN(c3ccc(-c4ccc(C#N)cc4)cc3)[C@H]2C1,train,train,train,4,4,0.8,0.8,0.8372093
CC(C)N1C[C@H]2CCN(c3ccc(-c4ccc(C#N)cc4)cc3)[C@H]2C1,train,train,train,4,4,0.6875,0.6875,0.6875
N#Cc1ccc(-c2ccc(N3CC[C@@H]4CN(CC5CC5)C[C@@H]43)cc2)cc1,train,train,train,4,4,0.77272725,0.77272725,0.77272725
CCCN1C[C@H]2CCN(c3ccc(-c4ccc(C#N)cc4)cc3)[C@H]2C1,test,test,train,4,4,0.8666667,0.8666667,0.8666667
CC(C)CN1C[C@H]2CCN(c3ccc(-c4ccc(C#N)cc4)cc3)[C@H]2C1,train,train,train,4,4,0.7777778,0.7777778,0.7777778
CCCCN1C[C@H]2CCN(c3ccc(-c4ccc(C#N)cc4)cc3)[C@H]2C1,train,train,train,4,4,0.8,0.8,0.8666667
CN1C[C@@H]2CN(c3ccc(-c4ccc(C#N)cc4)cc3)C[C@@H]21,train,train,train,4,4,0.46938777,0.46938777,0.47058824
CN1C[C@H]2CCN(c3ccc(Br)cc3)[C@H]2C1,train,train,train,4,4,0.93939394,0.93939394,0.74358976
CN1C[C@H]2CCN(c3ccc(-c4ccccc4)cc3)[C@H]2C1,test,test,train,4,4,0.7894737,0.7894737,0.7894737
CN1C[C@H]2CCN(c3cccc(-c4ccccc4)c3)[C@H]2C1,train,train,train,4,4,0.61702126,0.61702126,0.7894737
CN1C[C@H]2CCN(c3ccc(Cc4ccccc4)cc3)[C@H]2C1,train,train,train,4,4,0.6904762,0.6904762,0.7631579
CN1C[C@H]2CCN(c3ccc(Oc4ccccc4)cc3)[C@H]2C1,train,train,test,1,1,0.6904762,0.6904762,0.74358976
CC(=O)c1ccc(-c2ccc(N3CC[C@@H]4CN(C)C[C@@H]43)cc2)cc1,test,test,train,1,1,0.6666667,0.6666667,0.7777778
CC(=O)c1cccc(-c2ccc(N3CC[C@@H]4CN(C)C[C@@H]43)cc2)c1,test,test,train,4,4,0.6458333,0.6458333,0.7777778
CN1C[C@H]2CCN(c3ccc(-c4cccc(C#N)c4)cc3)[C@H]2C1,test,test,test,4,4,0.7,0.7,0.7
CN1C[C@H]2CCN(c3ccc(-c4ccc(F)cc4)cc3)[C@H]2C1,train,train,train,4,4,0.7804878,0.7804878,0.7804878
CN1C[C@H]2CCN(c3ccc(-c4ccc(Br)cc4)cc3)[C@H]2C1,train,train,test,4,4,0.93939394,0.93939394,0.93939394
COc1ccc(-c2ccc(N3CC[C@@H]4CN(C)C[C@@H]43)cc2)cc1,train,train,train,4,4,0.7,0.7,0.71794873
CN1C[C@H]2CCN(c3ccc4cc(Br)ccc4c3)[C@H]2C1,train,train,train,4,4,0.74358976,0.74358976,0.74358976
CN1C[C@H]2CCN(c3ccc4cc(-c5ccc(C#N)cc5)ccc4c3)[C@H]2C1,train,train,train,4,4,0.7291667,0.7291667,0.7291667
CN1C[C@H]2CCN(c3ccc4cc(-c5ccc(F)cc5)ccc4c3)[C@H]2C1,train,train,train,4,4,0.7804878,0.7804878,0.7804878
CN(C)CCCOc1ccc(CCNC(=O)c2cc(Br)c[nH]2)cc1Br,train,train,train,1,1,0.76785713,0.9230769,0.76785713
CN(C)CCOc1ccc(CCNC(=O)c2cc(Br)c[nH]2)cc1Br,test,train,test,1,1,0.9230769,0.9230769,0.9230769
O=C(NCCc1ccc(OCCN2CCCC2)c(Br)c1)c1cc(Br)c[nH]1,train,train,test,0,0,0.84745765,0.84745765,0.84745765
O=C(NCCc1ccc(OCCN2CCOCC2)c(Br)c1)c1cc(Br)c[nH]1,train,train,train,1,1,0.84745765,0.84745765,0.7258065
CN1CCCC(COc2ccc(CCNC(=O)c3cc(Br)c[nH]3)cc2Br)C1,train,train,train,1,1,0.8,0.8,0.8
CN(C)CCCOc1ccc(CCNC(=O)c2ccc[nH]2)cc1Br,train,train,train,1,1,0.92156863,0.76785713,0.76785713
CN(C)CCOc1ccc(CCNC(=O)c2ccc[nH]2)cc1Br,train,test,test,1,1,0.92156863,0.92156863,0.92156863
O=C(NCCc1ccc(OCCN2CCCC2)c(Br)c1)c1ccc[nH]1,test,test,train,0,0,0.779661,0.779661,0.704918
O=C(NCCc1ccc(OCCN2CCOCC2)c(Br)c1)c1ccc[nH]1,test,test,test,1,1,0.7903226,0.7903226,0.8448276
CN1CCCC(COc2ccc(CCNC(=O)c3ccc[nH]3)cc2Br)C1,train,train,train,1,1,0.8,0.8,0.8
CN(C)CCCOc1ccc(CCNC(=O)c2cccn2C)cc1Br,test,test,train,1,1,0.9245283,0.9245283,0.9245283
CN(C)CCOc1ccc(CCNC(=O)c2cccn2C)cc1Br,train,train,train,4,4,0.73333335,0.73333335,0.9245283
Cn1cccc1C(=O)NCCc1ccc(OCCN2CCCC2)c(Br)c1,train,train,train,0,0,0.84745765,0.84745765,0.84745765
Cn1cccc1C(=O)NCCc1ccc(OCCN2CCOCC2)c(Br)c1,train,train,train,1,1,0.84745765,0.84745765,0.84745765
CN1CCCC(COc2ccc(CCNC(=O)c3cccn3C)cc2Br)C1,train,train,train,4,4,0.73134327,0.73134327,0.73134327
CN(C)CCCOc1ccc(CCNC(=O)c2cc(Br)cs2)cc1Br,train,train,train,1,1,0.68421054,0.68333334,0.92156863
CN(C)CCOc1ccc(CCNC(=O)c2cc(Br)cs2)cc1Br,test,test,train,1,1,0.92156863,0.92156863,0.92156863
O=C(NCCc1ccc(OCCN2CCCC2)c(Br)c1)c1cc(Br)cs1,train,train,train,0,0,0.8448276,0.8448276,0.8448276
O=C(NCCc1ccc(OCCN2CCOCC2)c(Br)c1)c1cc(Br)cs1,train,train,train,1,1,0.8448276,0.8448276,0.8448276
CN1CCCC(COc2ccc(CCNC(=O)c3cc(Br)cs3)cc2Br)C1,test,test,train,4,4,0.7205882,0.72727275,0.72727275
CN(C)CCCOc1ccc(CCNC(=O)c2ccc(Br)o2)cc1Br,train,test,train,1,1,0.68421054,0.9183673,0.9183673
CN(C)CCOc1ccc(CCNC(=O)c2ccc(Br)o2)cc1Br,test,train,train,1,1,0.9183673,0.68421054,0.9183673
O=C(NCCc1ccc(OCCN2CCCC2)c(Br)c1)c1ccc(Br)o1,train,train,test,0,0,0.8518519,0.8518519,0.8518519
O=C(NCCc1ccc(OCCN2CCOCC2)c(Br)c1)c1ccc(Br)o1,train,train,train,1,1,0.8518519,0.8518519,0.73770493
CN1CCCC(COc2ccc(CCNC(=O)c3ccc(Br)o3)cc2Br)C1,test,train,train,1,1,0.72727275,0.72727275,0.72727275
O=C(NCCc1ccc(OCCN2CCCC2)c(Br)c1)c1cccc(C(F)(F)F)n1,train,test,test,0,0,0.6666667,0.74242425,0.74242425
O=C(NCCc1ccc(OCCN2CCCC2)c(Br)c1)c1cnco1,train,train,train,0,0,0.7457627,0.7457627,0.703125
O=C(NCCc1ccc(OCCN2CCCC2)c(Br)c1)c1nnc[nH]1,train,train,train,0,0,0.6875,0.6875,0.6984127
O=C(NCCc1ccc(OCCN2CCCC2)c(Br)c1)c1nccs1,test,test,test,0,0,0.7096774,0.7096774,0.7096774
O=C(NCCc1ccc(OCCN2CCCC2)c(Br)c1)c1cncs1,test,test,train,0,0,0.75409836,0.75409836,0.75409836
O=C(NCCc1ccc(OCCN2CCCC2)c(Br)c1)c1cccc(Cl)c1,train,train,train,0,0,0.82758623,0.82758623,0.82758623
O=C(NCCc1ccc(OCCN2CCCC2)c(Br)c1)c1cccc(Br)c1,train,train,train,0,0,0.82758623,0.82758623,0.82758623
O=C(NCCc1ccc(OCCN2CCCC2)c(Br)c1)c1cccc(C(F)(F)F)c1,test,train,train,0,0,0.78688526,0.78688526,0.78688526
N=C(N)SCCCc1c[nH]cn1,test,test,test,3,3,0.8125,0.8125,0.8125
N=C(NCCCc1c[nH]cn1)NCc1ccccc1,train,train,test,3,3,0.62,0.62,0.63265306
N=C(NCCc1ccc(Br)cc1)SCCCc1c[nH]cn1,train,train,train,3,3,0.7,0.7,0.7
N=C(NC=C(c1ccccc1)c1ccccc1)NCCCc1c[nH]cn1,test,test,train,3,3,0.63265306,0.63265306,0.51785713
N=C(NCCCCc1ccccc1)SCCCc1c[nH]cn1,train,train,train,3,3,0.7,0.7,0.7
N=C(N)SCCc1c[nH]cn1,train,train,train,3,3,0.4857143,0.4857143,0.58064514
Cn1c(-c2ccc(OCCCN3CCCC3)cc2)nc2ccccc2c1=O,train,train,train,0,0,0.7777778,0.7777778,0.9787234
CCNS(=O)(=O)c1ccc(-c2ccc(CCN3CCC[C@H]3C)cc2)cc1,train,train,train,4,4,0.7647059,0.8333333,0.79591835
C[C@@H]1CCCN1CCc1ccc(-c2ccc(S(=O)(=O)NC3CCOCC3)cc2)cc1,train,train,test,4,4,0.6909091,0.84,0.84
C[C@@H]1CCCN1CCc1ccc(-c2ccc(S(=O)(=O)N3CCOCC3)cc2)cc1,train,train,test,4,4,0.8125,0.7647059,0.7358491
CC1CCN(C(=O)c2ccc3cc(OCCCN4CCCCC4)ccc3c2)CC1,test,test,train,0,0,0.80851066,0.80851066,0.80851066
CC(C)CN1CCC(Oc2ccc3cc(C(=O)N4CCC(C)CC4)ccc3c2)CC1,train,train,train,1,1,0.75,0.75,0.75
CC1CCN(C(=O)c2ccc3cc(OCCC4CCCN4C)ccc3c2)CC1,train,train,train,1,1,0.55737704,0.55737704,0.6909091
CC1CCN(C(=O)c2ccc3cc(OC4CCN(C(C)C)C4)ccc3c2)CC1,train,train,train,1,1,0.875,0.875,0.875
CC1CCN(C(=O)c2ccc3cc(OC4CCN(C(C)C)CC4)ccc3c2)CC1,train,train,train,1,1,0.875,0.875,0.875
CC1CCN(C(=O)c2ccc3cc(OCCCN4CCOCC4)ccc3c2)CC1,test,test,train,1,1,0.7924528,0.6666667,0.8076923
O=C(c1ccc2cc(OCCCN3CCCCC3)ccc2c1)N1CCC(CO)CC1,test,train,train,0,0,0.7924528,0.7924528,0.7924528
COC1CCN(C(=O)c2ccc3cc(OCCCN4CCCCC4)ccc3c2)CC1,train,train,train,0,0,0.7755102,0.7924528,0.8076923
CC(C)N1CCC(Oc2ccc3cc(C(=O)N4CCCC4C)ccc3c2)CC1,train,train,test,1,1,0.7254902,0.6981132,0.7254902
CC(C)N1CCC(Oc2ccc3cc(C(=O)N4CCC(CO)CC4)ccc3c2)CC1,train,train,train,1,1,0.82,0.82,0.82
COC1CCN(C(=O)c2ccc3cc(OC4CCN(C(C)C)CC4)ccc3c2)CC1,train,train,train,1,1,0.8333333,0.8333333,0.8333333
CC(C)N1CCC(Oc2ccc3cc(C(=O)N4CCOCC4)ccc3c2)CC1,train,train,train,1,1,0.8125,0.78,0.8125
CC1CCN(C(=O)c2ccc3cc(OCCCN4CCCCC4)ccc3n2)CC1,train,train,train,0,0,0.8148148,0.8148148,0.8148148
COC1CCN(C(=O)c2ccc3cc(OC4CCN(C(C)C)CC4)ccc3n2)CC1,test,test,test,1,1,0.8490566,0.8490566,0.8490566
CC(C)N1CCC(Oc2ccc3nc(C(=O)N4CCOCC4)ccc3c2)CC1,test,test,train,1,1,0.8333333,0.8333333,0.8333333
O=C(c1ccc2cc(OCCCN3CCCCC3)ccc2n1)N1CCC1,train,train,train,0,0,0.8148148,0.8148148,0.8148148
CC(C)N1CCC(Oc2ccc3nc(C(=O)N4CCC4)ccc3c2)CC1,train,train,train,1,1,0.71666664,0.71666664,0.8333333
CC(C)N1CCC(Oc2ccc3nc(C(=O)N4CCC[C@H]4C#N)ccc3c2)CC1,train,train,train,1,1,0.71666664,0.71666664,0.71666664
CC(C)N1[C@H]2CCC(Oc3ccc4nc(C(=O)N5CCOCC5)ccc4c3)C[C@@H]1C2,train,train,train,1,1,0.61538464,0.61538464,0.7419355
C(#Cc1ccccc1)CCN1CCCCC1,train,train,train,0,0,0.7297297,0.7297297,0.7297297
C(#Cc1ccccc1N1CCCCC1)CCN1CCCCC1,train,train,test,0,0,0.6052632,0.6052632,0.6052632
C(#Cc1cccc(CN2CCCC2)c1)CCN1CCCCC1,test,test,train,0,0,1.0,1.0,1.0
NC(=O)C1CCN(Cc2cccc(C#CCCN3CCCCC3)c2)CC1,train,test,train,0,0,0.7647059,0.7647059,0.7647059
CN1CCN(Cc2cccc(C#CCCN3CCCCC3)c2)CC1,train,test,train,0,0,0.875,0.875,0.875
C(#Cc1cccc(CN2CCCCC2)c1)CCN1CCCCC1,train,train,train,0,0,0.875,0.6923077,1.0
OC1CCN(Cc2ccc(C#CCCN3CCCCC3)cc2)CC1,train,train,train,0,0,0.7948718,0.7948718,0.7446808
NC(=O)C1CCN(Cc2ccc(C#CCCN3CCCCC3)cc2)CC1,train,train,train,0,0,0.7647059,0.7446808,0.7647059
C(#Cc1ccc(CN2CCC(Cc3ccccc3)CC2)cc1)CCN1CCCCC1,train,train,test,0,0,0.79545456,0.79545456,0.79545456
C(#Cc1ccc(CN2CCN(Cc3ccccc3)CC2)cc1)CCN1CCCCC1,train,train,train,0,0,0.8611111,0.8611111,0.8
CC(C)N1CCN(Cc2ccc(C#CCCN3CCCCC3)cc2)CC1,train,train,train,0,0,0.775,0.775,0.76744187
CN1CCN(Cc2ccc(C#CCCN3CCCCC3)cc2)CC1,train,train,train,0,0,1.0,1.0,1.0
C(#Cc1ccc(CN2CCOCC2)cc1)CCN1CCCCC1,train,train,test,0,0,1.0,1.0,1.0
CCN(CC)Cc1ccc(C#CCCN2CCCCC2)cc1,train,train,train,0,0,0.75609756,0.75609756,0.75609756
CN(C)Cc1ccc(C#CCCN2CCCCC2)cc1,train,train,train,0,0,0.75609756,0.75609756,0.75609756
C(#Cc1cccc(CN2CCCCC2)c1)CCN1CCOCC1,test,test,train,0,0,0.85365856,0.85365856,1.0
CN1CCN(CCC#Cc2ccc(CN3CCCCC3)cc2)CC1,train,train,train,0,0,1.0,1.0,1.0
C(#Cc1ccc(CN2CCCCC2)cc1)CCN1CCOCC1,train,train,train,0,0,1.0,1.0,0.7380952
C(#Cc1ccc(CN2CCCCC2)cc1)CCN1CCSCC1,train,train,test,0,0,0.8378378,0.8378378,0.7380952
CCN(CC)CCC#Cc1ccc(CN2CCCCC2)cc1,train,train,train,0,0,0.6585366,0.6585366,0.64444447
Clc1ccc2nc(N3CCC(N4CCCCC4)CC3)sc2n1,train,train,train,2,2,0.63265306,0.63265306,0.63265306
c1cnc2nc(N3CCC(N4CCCCC4)CC3)sc2c1,train,train,train,2,2,0.6545454,0.6545454,0.6545454
Nc1cnc2nc(N3CCC(N4CCCCC4)CC3)sc2c1,train,train,train,2,2,0.7446808,0.7446808,0.7446808
N#Cc1cnc2nc(N3CCC(N4CCCCC4)CC3)sc2c1,test,test,train,2,2,0.7924528,0.7924528,0.7924528
Clc1cnc2nc(N3CCC(N4CCCCC4)CC3)sc2c1,train,train,test,2,2,0.7446808,0.7446808,0.7446808
CC(=O)Nc1cnc2nc(N3CCC(N4CCCCC4)CC3)sc2c1,train,train,train,2,2,0.71666664,0.71666664,0.71666664
c1cc2sc(N3CCC(N4CCCCC4)CC3)nc2cn1,train,train,train,2,2,0.64705884,0.64705884,0.64705884
Nc1cc2sc(N3CCC(N4CCCCC4)CC3)nc2cn1,train,train,train,2,2,0.84782606,0.84782606,0.84782606
N#Cc1cc2sc(N3CCC(N4CCCCC4)CC3)nc2cn1,train,train,train,2,2,0.71428573,0.71428573,0.71428573
Clc1cc2sc(N3CCC(N4CCCCC4)CC3)nc2cn1,train,train,train,2,2,0.76086956,0.76086956,0.76086956
CC(=O)Nc1cc2sc(N3CCC(N4CCCCC4)CC3)nc2cn1,train,train,train,2,2,0.80701756,0.80701756,0.80701756
N#Cc1ccc(-c2cnc3nc(N4CCC(N5CCCCC5)CC4)sc3c2)cc1,train,train,train,2,2,0.8035714,0.8035714,0.8035714
N#Cc1cc(-c2cnc3nc(N4CCC(N5CCCCC5)CC4)sc3c2)ccc1F,train,train,train,2,2,0.75,0.75,0.75
CC(=O)c1cccc(-c2cnc3nc(N4CCC(N5CCCCC5)CC4)sc3c2)c1,train,train,train,2,2,0.73015875,0.73015875,0.73015875
COc1cccc(-c2cnc3nc(N4CCC(N5CCCCC5)CC4)sc3c2)c1,train,train,train,2,2,0.75,0.75,0.75
Oc1ccc(-c2cnc3nc(N4CCC(N5CCCCC5)CC4)sc3c2)cc1,test,test,train,2,2,0.76363635,0.8269231,0.76363635
N#Cc1ccc(-c2cc3sc(N4CCC(N5CCCCC5)CC4)nc3cn2)cc1,train,train,train,2,2,0.7894737,0.7894737,0.7894737
N#Cc1cc(-c2cc3sc(N4CCC(N5CCCCC5)CC4)nc3cn2)ccc1F,train,train,train,2,2,0.75,0.75,0.75
CC(=O)c1cccc(-c2cc3sc(N4CCC(N5CCCCC5)CC4)nc3cn2)c1,train,train,train,2,2,0.73015875,0.73015875,0.73015875
COc1cccc(-c2cc3sc(N4CCC(N5CCCCC5)CC4)nc3cn2)c1,train,train,train,2,2,0.7258065,0.7258065,0.7258065
Oc1ccc(-c2cc3sc(N4CCC(N5CCCCC5)CC4)nc3cn2)cc1,train,train,test,2,2,0.8113208,0.8113208,0.8113208
Fc1ccc(-c2cnc3nc(N4CCC(N5CCCCC5)CC4)sc3c2)cn1,test,test,train,2,2,0.7818182,0.7818182,0.7818182
Fc1cc(-c2cnc3nc(N4CCC(N5CCCCC5)CC4)sc3c2)ccn1,train,train,train,2,2,0.7586207,0.7586207,0.7818182
Fc1ncccc1-c1cnc2nc(N3CCC(N4CCCCC4)CC3)sc2c1,train,train,train,2,2,0.7,0.7,0.7
N#Cc1cncc(-c2cnc3nc(N4CCC(N5CCCCC5)CC4)sc3c2)c1,train,train,train,2,2,0.8035714,0.8035714,0.8035714
COc1ccc(-c2cnc3nc(N4CCC(N5CCCCC5)CC4)sc3c2)cn1,train,train,train,2,2,0.7894737,0.7894737,0.7894737
COc1cc(-c2cnc3nc(N4CCC(N5CCCCC5)CC4)sc3c2)ccn1,train,train,train,2,2,0.7894737,0.7894737,0.7894737
Cc1ccc(-c2cnc3nc(N4CCC(N5CCCCC5)CC4)sc3c2)cn1,test,test,test,2,2,0.7962963,0.7962963,0.7962963
Oc1ccc(-c2cnc3nc(N4CCC(N5CCCCC5)CC4)sc3c2)cn1,test,train,test,2,2,0.75,0.75,0.8269231
Nc1ccc(-c2cnc3nc(N4CCC(N5CCCCC5)CC4)sc3c2)cn1,test,test,train,2,2,0.76363635,0.7777778,0.7777778
CC(=O)Nc1ccc(-c2cnc3nc(N4CCC(N5CCCCC5)CC4)sc3c2)cn1,train,train,train,2,2,0.74603176,0.74603176,0.74603176
c1ncc(-c2cnc3nc(N4CCC(N5CCCCC5)CC4)sc3c2)cn1,test,test,train,2,2,0.74545455,0.74545455,0.74545455
Nc1cnc(-c2cnc3nc(N4CCC(N5CCCCC5)CC4)sc3c2)cn1,train,train,train,2,2,0.7090909,0.7090909,0.76363635
Fc1ccc(-c2cc3sc(N4CCC(N5CCCCC5)CC4)nc3cn2)cn1,train,train,train,2,2,0.7962963,0.7962963,0.7818182
Fc1cc(-c2cc3sc(N4CCC(N5CCCCC5)CC4)nc3cn2)ccn1,train,train,train,2,2,0.76785713,0.76785713,0.76785713
Fc1ncccc1-c1cc2sc(N3CCC(N4CCCCC4)CC3)nc2cn1,train,train,train,2,2,0.6885246,0.6885246,0.6885246
N#Cc1cncc(-c2cc3sc(N4CCC(N5CCCCC5)CC4)nc3cn2)c1,train,train,train,2,2,0.7894737,0.7894737,0.7894737
COc1ccc(-c2cc3sc(N4CCC(N5CCCCC5)CC4)nc3cn2)cn1,train,train,test,2,2,0.78571427,0.78571427,0.7413793
COc1cc(-c2cc3sc(N4CCC(N5CCCCC5)CC4)nc3cn2)ccn1,test,test,test,2,2,0.779661,0.779661,0.7457627
Cc1ccc(-c2cc3sc(N4CCC(N5CCCCC5)CC4)nc3cn2)cn1,train,train,test,2,2,0.7962963,0.7962963,0.7962963
Oc1ccc(-c2cc3sc(N4CCC(N5CCCCC5)CC4)nc3cn2)cn1,train,train,train,2,2,0.8113208,0.8113208,0.7818182
Nc1ccc(-c2cc3sc(N4CCC(N5CCCCC5)CC4)nc3cn2)cn1,test,test,test,2,2,0.7962963,0.7962963,0.7818182
CC(=O)Nc1ccc(-c2cc3sc(N4CCC(N5CCCCC5)CC4)nc3cn2)cn1,train,train,train,2,2,0.80701756,0.80701756,0.80701756
c1ncc(-c2cc3sc(N4CCC(N5CCCCC5)CC4)nc3cn2)cn1,train,train,train,2,2,0.76363635,0.76363635,0.76363635
Nc1cnc(-c2cc3sc(N4CCC(N5CCCCC5)CC4)nc3cn2)cn1,train,train,train,2,2,0.84782606,0.84782606,0.84782606
Brc1cnc2nc(N3CCC(N4CCCCC4)CC3)sc2c1,train,test,train,2,2,0.7446808,0.7446808,0.7446808
CN1CCN(c2cc(NCc3ccccc3Cl)nc(N)n2)CC1,test,train,train,0,0,0.6226415,0.7916667,0.7916667
Cc1ccccc1CNc1cc(N2CCN(C)CC2)nc(N)n1,test,test,train,4,4,0.63461536,0.7755102,0.7755102
CN1CCN(c2cc(NCc3ccc(F)cc3)nc(N)n2)CC1,train,train,train,4,4,0.5,0.64705884,0.64705884
CN1CCN(c2cc(NCc3c(Cl)cccc3Cl)nc(N)n2)CC1,test,train,train,0,0,0.64705884,0.7916667,0.7916667
CCN(C)C1CCN(C(=O)c2ccc(Cn3c(-c4ccccc4)nc4ccccc43)cc2)C1,test,test,train,1,1,0.8360656,0.8360656,0.8360656
O=C(c1ccc(Cn2c(-c3ccccc3)nc3ccccc32)cc1)N1CCC(N2CCCC2)C1,train,train,test,1,1,0.6818182,0.6818182,0.703125
CN(CCO)C1CCN(C(=O)c2ccc(Cn3c(-c4ccccc4)nc4ccccc43)cc2)C1,train,train,train,1,1,0.6818182,0.6818182,0.8360656
CN(C)C1CCN(C(=O)c2ccc(Cn3c(-c4ccccn4)nc4ccccc43)cc2)C1,train,train,train,1,1,0.75409836,0.75409836,0.75409836
CN(C)C1CCN(C(=O)c2ccc(Cn3cnc4ccccc43)cc2)C1,train,train,train,1,1,0.6779661,0.6779661,0.6779661
Cc1nc2ccccc2n1Cc1ccc(C(=O)N2CCC(N(C)C)C2)cc1,train,train,train,1,1,0.75409836,0.75409836,0.75409836
O=C(c1cccc(Cn2cnc3ccccc32)c1)N1CCC(N2CCCC2)C1,train,train,train,1,1,0.6885246,0.6885246,0.6885246
O=C(c1ccccc1Cn1cnc2ccccc21)N1CCC(N2CCCC2)C1,train,train,train,1,1,0.6885246,0.6885246,0.6885246
O=C(c1ccc(Cn2ccc3ccccc32)cc1)N1CC[C@H](N2CCCC2)C1,train,train,train,1,1,0.76785713,0.76785713,0.76785713
O=C(c1ccc(Cn2ccc3cccc(Cl)c32)cc1)N1CC[C@H](N2CCCC2)C1,train,train,train,1,1,0.76363635,0.76363635,0.76363635
O=C(c1ccc(Cn2ccc3ccc(Cl)cc32)cc1)N1CC[C@H](N2CCCC2)C1,train,train,train,1,1,0.8545455,0.8545455,0.8545455
O=C(c1ccc(Cn2ccc3cc(Cl)ccc32)cc1)N1CC[C@H](N2CCCC2)C1,train,train,train,1,1,0.8545455,0.8545455,0.8545455
NCC[C@@H]1C[C@@H]1c1c[nH]cn1,train,train,train,3,3,0.7419355,0.7419355,0.7419355
Cc1[nH]cnc1[C@@H]1C[C@H]1CCNCc1ccc(Cl)cc1,train,train,train,4,4,0.3859649,0.3859649,0.3859649
Nc1nc2c(c(N3CCNCC3)n1)CCCCC2c1ccccc1,train,train,test,2,2,0.49122807,0.49122807,0.45901638
Nc1nc(N2CC[C@@H](N)C2)c2c(n1)C1(CCCC1)CCC2,test,test,test,2,2,0.7234042,0.7234042,0.7234042
CN[C@@H]1CCN(c2nc(N)nc3c2CCCC(c2ccccc2)C3)C1,train,train,train,1,1,0.5254237,0.5254237,0.5254237
CN[C@@H]1CCN(c2nc(N)nc3c2CCCC32CCCC2)C1,train,train,train,2,2,0.8181818,0.8181818,0.5254237
CNC1CN(c2nc(N)nc3c2CCCC32CCCC2)C1,train,train,test,2,2,0.8181818,0.8181818,0.8181818
O=C(O)c1cn(C2CC2)c2cc(N3CCN(Cc4ccc(OCCCN5CCCCC5)cc4)CC3)c(F)cc2c1=O,train,test,train,0,0,0.5362319,0.5362319,0.5362319
c1cc(C2=NCCN2)ccc1OCCCN1CCCCC1,train,train,train,0,0,0.65,0.65,0.65
O=C(O)C1CSC(c2ccc(OCCCN3CCCCC3)cc2)N1,train,test,test,0,0,0.53061223,0.53061223,0.53061223
O=C1NC(=O)/C(=C/c2ccc(OCCCN3CCCCC3)cc2)S1,test,train,train,0,0,0.82978725,0.82978725,0.82978725
O=C1NC(=S)S/C1=C\c1ccc(OCCCN2CCCCC2)cc1,train,train,train,0,0,0.51666665,0.82978725,0.82978725
O=C1NC(=O)C(Cc2ccc(OCCCN3CCCCC3)cc2)S1,train,test,train,0,0,0.5869565,0.5869565,0.5869565
N#C/N=C(/NCCCCc1c[nH]cn1)NCCSc1ccccc1,train,train,train,3,3,0.5081967,0.5081967,0.5081967
CC[C@H](C)CNC(=O)OCCCc1c[nH]cn1,train,train,train,3,3,0.82608694,0.82608694,0.82608694
CCCC(C)CNC(=O)OCCCc1c[nH]cn1,train,train,train,3,3,0.82608694,0.82608694,0.82608694
CC(C)CCCNC(=O)OCCCc1c[nH]cn1,train,train,test,3,3,0.7446808,0.7446808,0.7446808
CC(C)CCC(C)NC(=O)OCCCc1c[nH]cn1,train,train,train,3,3,0.88372093,0.88372093,0.88372093
CC(C)CCCC(C)NC(=O)OCCCc1c[nH]cn1,train,train,train,3,3,0.88372093,0.88372093,0.88372093
CCCCC(CC)CNC(=O)OCCCc1c[nH]cn1,train,train,train,3,3,0.7254902,0.7254902,0.7254902
O=C(NCc1cc(Cl)cc(Cl)c1)N(c1ccc(Br)cc1)C1CCN(C2CCCC2)CC1,train,test,train,1,1,0.78571427,0.78571427,0.7592593
O=C(NCc1ccc(Cl)c(Cl)c1)N(c1ccc(Br)cc1)C1CCN(C2CCCC2)CC1,train,train,test,1,1,0.78571427,0.7413793,0.78571427
COc1ccc(CNC(=O)N(c2ccc(Br)cc2)C2CCN(C3CCCC3)CC2)cc1,test,train,train,1,1,0.76785713,0.76363635,0.76785713
O=C(NCc1ccccc1)N(c1ccc(Br)cc1)C1CCN(C2CCCC2)CC1,train,train,train,1,1,0.8076923,0.76363635,0.8076923
O=C(Nc1ccccc1)N(c1ccc(Br)cc1)C1CCN(C2CCCC2)CC1,train,train,train,1,1,0.71153843,0.71153843,0.71153843
O=C(NCc1ccc(F)cc1)N(c1ccc(Br)cc1)C1CCN(C2CCCC2)CC1,train,test,train,1,1,0.8076923,0.8076923,0.8076923
CCN1CCC(N(C(=O)NCc2ccc(Cl)c(Cl)c2)c2ccc(Br)cc2)CC1,train,train,test,1,1,0.7413793,0.7413793,0.6440678
CCN1CCC(N(C(=O)NCc2ccc(F)cc2)c2ccc(Cl)cc2)CC1,test,test,train,1,1,0.89361703,0.89361703,0.89361703
CCN1CCC(N(C(=O)NCc2ccc(F)cc2)c2ccc(Cl)cn2)CC1,test,test,train,1,1,0.6785714,0.6785714,0.7368421
CCN1CCC(N(C(=O)NCc2ccc(F)cc2)c2ccc(F)cc2)CC1,train,train,train,1,1,0.9130435,0.9130435,0.89361703
CCN1CCC(N(C(=O)NCc2ccc(F)cc2)c2ccc(CO)cc2)CC1,train,train,test,1,1,0.9130435,0.9130435,0.9130435
CS(=O)(=O)N1CCC(N(C(=O)NCc2ccc(F)cc2)c2ccc(Cl)cc2)CC1,test,test,train,1,1,0.71428573,0.71428573,0.74545455
O=C(NCc1ccc(F)cc1)N(c1ccc(Cl)cc1)C1CCN(CCO)CC1,train,train,test,1,1,0.75,0.8076923,0.8076923
O=C(NCc1ccc(F)cc1)N(c1ccc(Br)cc1)C1CCN(CCO)CC1,test,train,train,1,1,0.8076923,0.8076923,0.72727275
O=C(NCc1ccc(F)cc1)N(c1ccc(Cl)cc1)C1CCN(Cc2ccncc2)CC1,train,train,train,1,1,0.84210527,0.84210527,0.8
O=C(NCc1ccc(F)cc1)N(c1ccc(Cl)cc1)C1CCN(Cc2ccnc(O)c2)CC1,train,train,train,1,1,0.82539684,0.82539684,0.8
Nc1cc(CN2CCC(N(C(=O)NCc3ccc(F)cc3)c3ccc(Cl)cc3)CC2)ccn1,train,train,test,1,1,0.82539684,0.82539684,0.82539684
O=C(NCc1ccc(F)cc1)N(c1ccc(Cl)cc1)C1CCN(Cc2ccnnc2)CC1,train,train,test,1,1,0.84210527,0.84210527,0.84210527
O=C(NCc1ccccc1)N(c1ccc(Br)cc1)C1CCN(Cc2ccncc2)CC1,train,train,train,1,1,0.8214286,0.8214286,0.8214286
O=C(NCc1ccccc1)N(c1ccc(Br)cc1)C1CCN(Cc2ccnnc2)CC1,train,train,train,1,1,0.8214286,0.8214286,0.8214286
O=C([C@H]1C[C@H](Oc2ccccc2)CN1)N1CCCN(C2CCC2)CC1,train,train,train,1,1,0.8113208,0.8113208,0.8113208
Cc1ccccc1O[C@@H]1CN[C@@H](C(=O)N2CCCN(C3CCC3)CC2)C1,train,train,train,1,1,0.75,0.75,0.75
Cc1cccc(O[C@@H]2CN[C@@H](C(=O)N3CCCN(C4CCC4)CC3)C2)c1,train,train,train,1,1,0.82758623,0.82758623,0.82758623
Cc1ccc(O[C@@H]2CN[C@@H](C(=O)N3CCCN(C4CCC4)CC3)C2)cc1,train,train,train,1,1,0.8113208,0.8113208,0.8113208
Cc1cc(O[C@@H]2CN[C@@H](C(=O)N3CCCN(C4CCC4)CC3)C2)ccc1Cl,test,test,train,1,1,0.7627119,0.7627119,0.7627119
COc1cccc(O[C@@H]2CN[C@@H](C(=O)N3CCCN(C4CCC4)CC3)C2)c1,train,train,train,1,1,0.82758623,0.82758623,0.82758623
O=C([C@H]1C[C@H](Oc2ccc(C(F)(F)F)cc2)CN1)N1CCCN(C2CCC2)CC1,train,train,test,1,1,0.7719298,0.7719298,0.7719298
N#Cc1ccc(O[C@@H]2CN[C@@H](C(=O)N3CCCN(C4CC4)CC3)C2)cc1,train,train,train,1,1,0.7241379,0.7241379,0.7241379
CN1C[C@@H](Oc2ccc(F)cc2)C[C@@H]1C(=O)N1CCCN(C2CCC2)CC1,train,train,train,1,1,0.8,0.7758621,0.8
CC(C)N1C[C@@H](Oc2ccc(F)cc2)C[C@@H]1C(=O)N1CCCN(C2CCC2)CC1,train,test,train,1,1,0.7758621,0.7758621,0.7758621
O=C([C@H]1C[C@H](Oc2ccc(F)cc2)CN1C1CCC1)N1CCCN(C2CCC2)CC1,train,test,train,1,1,0.8,0.8,0.8
CC(=O)N1C[C@@H](Oc2ccc(F)cc2)C[C@@H]1C(=O)N1CCCN(C2CCC2)CC1,test,test,train,1,1,0.84210527,0.84210527,0.84210527
CS(=O)(=O)N1C[C@@H](Oc2ccc(F)cc2)C[C@@H]1C(=O)N1CCCN(C2CCC2)CC1,train,train,train,1,1,0.7758621,0.7758621,0.7758621
CC(=O)N1C[C@@H](Oc2cccc(F)c2)C[C@@H]1C(=O)N1CCCNCC1,train,train,train,1,1,0.71428573,0.71428573,0.75
CC(=O)N1C[C@@H](Oc2cccc(F)c2)C[C@@H]1C(=O)N1CCCN(C)CC1,test,test,train,1,1,0.78333336,0.78333336,0.78333336
CC(=O)N1C[C@@H](Oc2cccc(F)c2)C[C@@H]1C(=O)N1CCCN(C(C)C)CC1,train,train,train,1,1,0.734375,0.734375,0.78333336
CC(=O)N1C[C@@H](Oc2cccc(F)c2)C[C@@H]1C(=O)N1CCCN(CC(C)C)CC1,test,test,train,1,1,0.7777778,0.7777778,0.7846154
CCOC(=O)N1C[C@@H](Oc2cccc(F)c2)C[C@@H]1C(=O)N1CCCN(C2CCC2)CC1,train,train,test,1,1,0.85714287,0.85714287,0.85714287
O=C([C@H]1C[C@H](Oc2cccc(F)c2)CN1C(=O)C1CC1)N1CCCN(C2CCC2)CC1,test,train,train,1,1,0.82258064,0.82258064,0.82258064
O=C([C@H]1C[C@H](Oc2cccc(F)c2)CN1CC1CC1)N1CCCN(C2CCC2)CC1,test,train,train,1,1,0.7352941,0.7352941,0.72727275
CC(=O)N1C[C@@H](Oc2cccc(F)c2)C[C@@H]1C(=O)N1CCCN(C2CCCC2)CC1,train,train,train,1,1,0.82258064,0.82258064,0.82258064
CC(=O)N1C[C@@H](Oc2cccc(F)c2)C[C@@H]1C(=O)N1CCCN(C2CCCCO2)CC1,train,train,test,1,1,0.8,0.8,0.8
CC(=O)N1C[C@@H](Oc2cccc(F)c2)C[C@@H]1C(=O)N1CCCN(Cc2ccccc2)CC1,test,test,train,1,1,0.70149255,0.70149255,0.7846154
CSc1ccc(O[C@H]2C[C@@H](C(=O)N3CCCN(C4CCC4)CC3)N(C(C)=O)C2)cc1,train,train,train,1,1,0.71428573,0.71428573,0.82758623
O=C([C@H]1C[C@H](Oc2ccsc2)CN1)N1CCCN(C2CCC2)CC1,train,train,train,1,1,0.75,0.75,0.75
O=C([C@H]1C[C@H](Oc2ccccn2)CN1)N1CCCN(C2CCC2)CC1,train,train,test,1,1,0.7368421,0.7368421,0.7368421
O=C([C@H]1C[C@H](Oc2cccnc2)CN1)N1CCCN(C2CCC2)CC1,test,test,test,1,1,0.8148148,0.8148148,0.8148148
CC(=O)N1C[C@@H](Oc2cccs2)C[C@@H]1C(=O)N1CCCN(C2CCC2)CC1,train,train,train,1,1,0.7419355,0.7419355,0.7419355
CC(=O)N1C[C@@H](Oc2ccsc2)C[C@@H]1C(=O)N1CCCN(C2CCC2)CC1,train,train,train,1,1,0.7419355,0.7419355,0.7419355
CC(=O)N1C[C@@H](Oc2ccccn2)C[C@@H]1C(=O)N1CCCN(C2CCC2)CC1,train,train,train,1,1,0.73015875,0.73015875,0.6769231
CC(=O)N1C[C@@H](Oc2cccnc2)C[C@@H]1C(=O)N1CCCN(C2CCC2)CC1,train,train,test,1,1,0.73015875,0.73015875,0.73770493
O=C(N1CCCN(C2CCC2)CC1)[C@@]1(Cc2ccc(F)cc2)CCCN1,train,train,train,1,1,0.8148148,0.8235294,0.8235294
O=C(N1CCCN(C2CCC2)CC1)[C@@]1(Cc2cccc(F)c2)CCCN1,train,test,test,1,1,0.8,0.8,0.8
O=C(N1CCCN(C2CCC2)CC1)[C@@]1(Cc2ccc(C(F)(F)F)cc2)CCCN1,train,train,train,1,1,0.8148148,0.8148148,0.8148148
O=C(N1CCCN(C2CCC2)CC1)[C@@]1(Cc2ccccc2)CCCN1,test,train,train,1,1,0.8235294,0.8235294,0.8235294
O=C([C@H]1C[C@H](Cc2ccccc2)CN1)N1CCCN(C2CCC2)CC1,train,train,train,1,1,0.8269231,0.8269231,0.78571427
O=C([C@H]1C[C@H](Cc2cccc(F)c2)CN1)N1CCCN(C2CCC2)CC1,test,test,train,1,1,0.8035714,0.8035714,0.78571427
O=C([C@H]1C[C@H](Cc2ccc(F)cc2)CN1)N1CCCN(C2CCC2)CC1,train,train,test,1,1,0.8269231,0.8269231,0.8269231
COc1ccc(SCCc2c[nH]cn2)cc1,train,train,train,3,3,0.675,0.675,0.675
FC(F)(F)c1ccc(SCCc2c[nH]cn2)cc1,train,train,train,3,3,0.7631579,0.7631579,0.7631579
CC(C)(C)c1ccc(SCCc2c[nH]cn2)cc1,train,train,train,3,3,0.7631579,0.7631579,0.7631579
c1nc(CCNc2ccc(C3CCCCC3)cc2)c[nH]1,train,train,train,3,3,0.60465115,0.60465115,0.60465115
CC(C)(C)c1cccc(NCCc2c[nH]cn2)c1,train,train,train,3,3,0.6666667,0.6666667,0.7
CC(C)(C)c1ccc(NCCc2c[nH]cn2)cc1,test,test,train,3,3,0.75,0.75,0.75
Cc1ccc(NCCc2c[nH]cn2)cc1C,test,test,train,3,3,0.7297297,0.7297297,0.7297297
Cc1ccc(NCCc2c[nH]cn2)cc1,train,train,train,3,3,0.71428573,0.71428573,0.75
c1ccc(NCCc2c[nH]cn2)cc1,train,train,train,3,3,0.71428573,0.71428573,0.71428573
c1nc(CCNC2CCCCC2)c[nH]1,train,train,train,3,3,0.8,0.8,0.8
C[C@@H]1CCCN1CCc1ccc2nc(-c3ccc(C#N)cc3)ccc2c1,train,train,train,4,4,0.7407407,0.7407407,0.7407407
C[C@@H]1CCCN1CCc1ccc2ncccc2c1,train,train,train,4,4,0.72,0.72,0.72
Cc1ccc2cc(CCN3CCC[C@H]3C)ccc2n1,train,train,train,4,4,0.7916667,0.7916667,0.7916667
C[C@@H]1CCCN1CCc1ccc2nc(C3CC3)ccc2c1,test,test,train,4,4,0.73913044,0.73913044,0.73913044
C[C@@H]1CCCN1CCc1ccc2nc(C(C)(C)C)ccc2c1,train,train,train,4,4,0.7234042,0.7234042,0.7234042
C[C@@H]1CCCN1CCc1ccc2nc(-c3nccs3)ccc2c1,test,test,train,4,4,0.6964286,0.6964286,0.6964286
C[C@@H]1CCCN1CCc1ccc2nc(C3=NCCS3)ccc2c1,train,train,train,4,4,0.67241377,0.67241377,0.67241377
Cc1nc(C)c(-c2ccc3cc(CCN4CCC[C@H]4C)ccc3n2)s1,train,train,test,4,4,0.73770493,0.73770493,0.7627119
C[C@@H]1CCCN1CCc1ccc2nc(-c3cccnc3)ccc2c1,train,train,test,4,4,0.7924528,0.7924528,0.7924528
C[C@@H]1CCCN1CCc1ccc2nc(-c3ccncc3)ccc2c1,train,train,train,4,4,0.78431374,0.78431374,0.78431374
C[C@@H]1CCCN1CCc1ccc2nc(-c3ccc(Cl)nc3)ccc2c1,train,train,train,4,4,0.8148148,0.8148148,0.8148148
Cc1ccc(-c2ccc3cc(CCN4CCC[C@H]4C)ccc3n2)cn1,train,train,train,4,4,0.8148148,0.8148148,0.8148148
Cc1ccc(-c2ccc3cc(CCN4CCC[C@H]4C)ccc3n2)c(C)n1,train,train,train,4,4,0.7916667,0.7916667,0.7916667
C[C@@H]1CCCN1CCc1ccc2nc(-c3c(O)ccnc3C(F)(F)F)ccc2c1,train,train,train,4,4,0.61904764,0.61904764,0.61904764
C[C@@H]1CCCN1CCc1ccc2nc(-c3cnccn3)ccc2c1,train,train,train,4,4,0.754717,0.754717,0.754717
C[C@@H]1CCCN1CCc1ccc2nc(-c3csc(-c4cc(Cl)nc(Cl)c4)n3)ccc2c1,train,train,test,4,4,0.84210527,0.84210527,0.84210527
C[C@@H]1CCCN1CCc1ccc2nc(-c3csc(-c4ccccc4)n3)ccc2c1,train,train,train,4,4,0.84210527,0.84210527,0.79310346
C[C@@H]1CCCN1CCc1ccc2nc(-c3csc(-c4ccc(OCC(F)(F)F)nc4)n3)ccc2c1,train,train,train,4,4,0.6956522,0.6956522,0.6956522
Cc1ccc(-c2ccc(-c3ccc4cc(CCN5CCC[C@H]5C)ccc4n3)s2)s1,train,train,train,4,4,0.7368421,0.7368421,0.7368421
Cc1c(-c2ccc3cc(CCN4CCC[C@H]4C)ccc3n2)cnn1-c1ccc(Cl)c(Cl)c1,train,train,train,4,4,0.7205882,0.7205882,0.7258065
Cc1cc(C(F)(F)F)cc(-n2ncc(-c3ccc4cc(CCN5CCC[C@H]5C)ccc4n3)c2C)n1,train,train,train,4,4,0.7183099,0.7183099,0.7183099
Cc1c(-c2ccc3cc(CCN4CCC[C@H]4C)ccc3n2)cnn1-c1ccc(N(C)C)nn1,train,train,train,4,4,0.7605634,0.7605634,0.7605634
Cc1nc(C)c(-c2ccc3cc(CCN4CCC[C@H]4C)ccc3n2)o1,train,train,test,4,4,0.68421054,0.68421054,0.68421054
C[C@@H]1CCCN1CCc1ccc2nc(-c3cc(Br)no3)ccc2c1,train,train,train,4,4,0.704918,0.704918,0.704918
CCOC(=O)c1c(C)noc1-c1ccc2cc(CCN3CCC[C@H]3C)ccc2n1,train,train,train,4,4,0.859375,0.859375,0.859375
CCOC(=O)c1cc(-c2ccc3cc(CCN4CCC[C@H]4C)ccc3n2)on1,train,train,train,4,4,0.8360656,0.8360656,0.8360656
C[C@@H]1CCCN1CCc1ccc2nc(-c3ccn[nH]3)ccc2c1,train,train,train,4,4,0.7222222,0.7222222,0.7222222
C[C@@H]1CCCN1CCc1ccc2nc(-c3cn[nH]c3)ccc2c1,test,test,train,4,4,0.7368421,0.7368421,0.72727275
Cc1n[nH]cc1-c1ccc2cc(CCN3CCC[C@H]3C)ccc2n1,train,train,train,4,4,0.74545455,0.74545455,0.74545455
Cc1c(-c2ccc3cc(CCN4CCC[C@H]4C)ccc3n2)cnn1C,test,test,train,4,4,0.7419355,0.7419355,0.7419355
Cc1n[nH]c(C)c1-c1ccc2cc(CCN3CCC[C@H]3C)ccc2n1,train,train,train,4,4,0.71929824,0.71929824,0.6896552
C[C@@H]1CCCN1CCc1ccc2nc(-c3cncnc3)ccc2c1,train,train,train,4,4,0.7924528,0.7924528,0.78431374
COc1ncc(-c2ccc3cc(CCN4CCC[C@H]4C)ccc3n2)cn1,train,train,test,4,4,0.74545455,0.74545455,0.74545455
Cc1cc(-c2ccc3cc(CCN4CCC[C@H]4C)ccc3n2)nc(-c2ccccc2)n1,train,train,train,4,4,0.71666664,0.71666664,0.71666664
CC1CCN(c2ccc3cc(CCN4CCC[C@H]4C)ccc3n2)CC1,train,train,train,4,4,0.7291667,0.7291667,0.7291667
C[C@@H]1CCCN1CCc1ccc2nc(-c3ccc(N4CCCCC4)cc3)ccc2c1,train,train,train,4,4,0.75438595,0.75438595,0.7407407
C[C@@H]1CCCN1CCc1ccc2nc(-c3ccc(-n4ccc(=O)cc4)cc3)ccc2c1,train,train,test,4,4,0.75438595,0.75438595,0.75438595
C[C@@H]1CCCN1CCc1ccc2nc(-c3cnc(-c4ccccc4)s3)ccc2c1,train,train,train,4,4,0.73333335,0.73333335,0.73333335
Cc1nc(-c2cccs2)sc1-c1ccc2cc(CCN3CCC[C@H]3C)ccc2n1,train,train,train,4,4,0.74242425,0.74242425,0.765625
Cc1nc(-c2cnccn2)sc1-c1ccc2cc(CCN3CCC[C@H]3C)ccc2n1,train,train,train,4,4,0.796875,0.796875,0.796875
Cc1nc(N2CCOCC2)sc1-c1ccc2cc(CCN3CCC[C@H]3C)ccc2n1,train,train,train,4,4,0.73770493,0.73770493,0.67164177
Cc1nc(-c2ccccn2)sc1-c1ccc2cc(CCN3CCC[C@H]3C)ccc2n1,train,train,train,4,4,0.796875,0.796875,0.796875
Cc1nc(-c2cccnc2)sc1-c1ccc2cc(CCN3CCC[C@H]3C)ccc2n1,train,train,test,4,4,0.7878788,0.7878788,0.82539684
Cc1c(-c2ccc3cc(CCN4CCC[C@H]4C)ccc3n2)nnn1-c1ccc(F)cc1F,test,test,test,4,4,0.55714285,0.55714285,0.55714285
Cc1c(-c2ccc(Cl)cc2)noc1-c1ccc2cc(CCN3CCC[C@H]3C)ccc2n1,train,train,test,4,4,0.7846154,0.7846154,0.65217394
Cc1onc(-c2ccc(Cl)cc2)c1-c1ccc2cc(CCN3CCC[C@H]3C)ccc2n1,train,train,test,4,4,0.83870965,0.83870965,0.83870965
C[C@@H]1CCCN1CCc1ccc2nc(-c3c(-c4ccccc4)nn(C)c3Cl)ccc2c1,test,test,test,4,4,0.6969697,0.6969697,0.6969697
Cc1onc(-c2ccccc2)c1-c1ccc2cc(CCN3CCC[C@H]3C)ccc2n1,train,train,train,4,4,0.83870965,0.83870965,0.6875
C[C@@H]1CCCN1CCc1ccc2nc(-c3nc4ccccc4s3)ccc2c1,train,train,test,4,4,0.6885246,0.6885246,0.6885246
Cc1c(-c2ccc3cc(CCN4CCC[C@H]4C)ccc3n2)sc2nc3ccccc3n12,train,train,train,4,4,0.6764706,0.6764706,0.6764706
Cc1c(-c2ccc3cc(CCN4CCC[C@H]4C)ccc3n2)sc2ncnn12,train,train,train,4,4,0.6764706,0.6764706,0.6764706
C[C@@H]1CCCN1CCc1ccc2nc(-c3cn4c(n3)SCC4)ccc2c1,train,train,train,4,4,0.6557377,0.6557377,0.6557377
Cc1nc2ccccn2c1-c1ccc2cc(CCN3CCC[C@H]3C)ccc2n1,test,test,train,4,4,0.65625,0.65625,0.65625
C[C@@H]1CCCN1CCc1ccc2nc(-c3ccc4nccnc4c3)ccc2c1,train,train,train,4,4,0.754717,0.754717,0.754717
C[C@@H]1CCCN1CCc1ccc2nc(-c3ccc4c(c3)COCO4)ccc2c1,train,train,train,4,4,0.6984127,0.6984127,0.66129035
C[C@@H]1CCCN1CCc1ccc2nc(-c3ccc(C#N)s3)ccc2c1,train,train,train,4,4,0.7368421,0.7368421,0.7368421
CCOC(=N)c1ccc(-c2ccc3cc(CCN4CCC[C@H]4C)ccc3n2)s1,train,train,train,4,4,0.71666664,0.71666664,0.71666664
C[C@@H]1CCCN1CCc1ccc2nc(-c3ccccn3)ccc2c1,train,train,train,4,4,0.754717,0.754717,0.754717
Cc1nc(-c2ccncc2)sc1-c1ccc2cc(CCN3CCC[C@H]3C)ccc2n1,test,test,train,4,4,0.82539684,0.82539684,0.7936508
Cc1nc(-c2nc(-c3ccc4cc(CCN5CCC[C@H]5C)ccc4n3)cs2)cs1,train,train,train,4,4,0.8,0.8,0.8
Cc1cc(-c2nc(-c3ccc4cc(CCN5CCC[C@H]5C)ccc4n3)cs2)no1,train,train,train,4,4,0.8,0.8,0.8
C[C@@H]1CCCN1CCc1ccc2nc(-c3cnc4c(c3)OCO4)ccc2c1,train,train,test,4,4,0.7118644,0.7118644,0.7118644
C[C@@H]1CCCN1CCc1ccc2nc(-c3ccn4ncnc4n3)ccc2c1,train,train,train,4,4,0.67241377,0.67241377,0.67241377
O=C(c1cc(Oc2ccc(F)cc2)ccn1)N1CCCN(C2CCC2)CC1,test,test,train,1,1,0.8113208,0.8113208,0.8113208
O=C(c1cc(Oc2ccccc2)ccn1)N1CCCN(C2CCC2)CC1,train,train,train,1,1,0.6229508,0.6229508,0.8113208
O=C(c1cncc(Oc2ccc(F)cc2)c1)N1CCCN(C2CCC2)CC1,train,train,test,1,1,0.71929824,0.71929824,0.8113208
O=C(c1cncc(Oc2ccccc2)c1)N1CCCN(C2CCC2)CC1,test,test,train,1,1,0.8113208,0.8113208,0.7090909
O=C(c1cccc(Oc2ccc(Cl)c(Cl)c2)n1)N1CCCN(C2CCC2)CC1,test,test,train,1,1,0.9423077,0.9423077,0.9423077
O=C(c1cccc(Oc2ccc(Cl)c(Cl)c2)n1)N1CCCN(C2CC2)CC1,train,train,train,1,1,0.69491524,0.69491524,0.9423077
CC(C)N1CCCN(C(=O)c2cccc(Oc3ccc(Cl)c(Cl)c3)n2)CC1,train,train,train,1,1,0.69491524,0.69491524,0.69491524
O=C(c1ccc(Sc2ccc(F)cc2)nc1)N1CCCN(C2CCC2)CC1,test,test,train,1,1,0.8113208,0.8113208,0.68421054
O=C(c1ccc(Sc2ccccc2)nc1)N1CCCN(C2CCC2)CC1,train,train,test,1,1,0.66071427,0.66071427,0.8113208
O=C(c1ccc(Sc2ccc(F)cc2)cn1)N1CCCN(C2CCC2)CC1,train,test,train,1,1,0.8235294,0.8235294,0.8235294
O=C(c1ccc(Sc2ccccc2)cn1)N1CCCN(C2CCC2)CC1,train,train,train,1,1,0.8235294,0.66071427,0.8235294
O=C(c1ccc(Oc2ccccc2F)cn1)N1CCCN(C2CCC2)CC1,train,train,test,1,1,0.7818182,0.7818182,0.7818182
O=C(c1ccc(Oc2cccc(F)c2)cn1)N1CCCN(C2CCC2)CC1,test,test,test,1,1,0.8,0.8,0.8
O=C(c1ccc(Oc2ccc(F)cc2)cn1)N1CCCN(C2CCC2)CC1,train,train,train,1,1,0.8076923,0.8076923,0.8076923
O=C(c1ccc(Oc2cccc(Cl)c2)cn1)N1CCCN(C2CCC2)CC1,train,train,train,1,1,0.8,0.8,0.8
O=C(c1ccc(Oc2ccc(Cl)cc2)cn1)N1CCCN(C2CCC2)CC1,train,train,train,1,1,0.8076923,0.8076923,0.8076923
O=C(c1ccc(Oc2ccc(Cl)c(Cl)c2)cn1)N1CCCN(C2CC2)CC1,train,train,train,1,1,0.7592593,0.7592593,0.7592593
CC(C)N1CCCN(C(=O)c2ccc(Oc3ccc(Cl)c(Cl)c3)cn2)CC1,train,train,train,1,1,0.6896552,0.6896552,0.6896552
O=C(c1ccc(Oc2ccccc2Cl)nc1)N1CCCN(C2CCC2)CC1,train,test,test,1,1,0.7288136,0.90384614,0.90384614
O=C(c1ccc(Oc2ccc(Cl)cc2)nc1)N1CCCN(C2CCC2)CC1,train,train,train,1,1,0.94,0.94,0.94
O=C(c1ccc(Oc2ccc(Cl)cc2)nc1)N1CCCN(C2CC2)CC1,train,train,train,1,1,0.94,0.94,0.94
O=C(c1ccc(Oc2cccc(Cl)c2)nc1)N1CCCN(C2CCC2)CC1,train,train,train,1,1,0.9444444,0.9444444,0.9444444
O=C(c1ccc(Oc2cccc(Cl)c2)nc1)N1CCCN(C2CC2)CC1,train,train,train,1,1,0.9444444,0.9444444,0.9444444
O=C(c1ccc(Oc2ccc(Cl)c(Cl)c2)nc1)N1CCCN(C2CCC2)CC1,train,train,train,1,1,0.8181818,0.8181818,0.8181818
CC(C)N1CCCN(C(=O)c2ccc(Oc3ccc(Cl)c(Cl)c3)nc2)CC1,train,train,train,1,1,0.92,0.92,0.92
O=C(c1ccc(Oc2ccccc2)nc1)N1CCCN(C2CCC2)CC1,test,test,train,1,1,0.9375,0.9375,0.9375
O=C(c1ccc(Oc2ccccc2)nc1)N1CCCN(C2CC2)CC1,train,train,train,1,1,0.8076923,0.8076923,0.9375
N#Cc1cccc(Oc2ccc(C(=O)N3CCCN(C4CCC4)CC3)cn2)c1,train,test,train,1,1,0.7580645,0.94736844,0.94736844
N#Cc1cccc(Oc2ccc(C(=O)N3CCCN(C4CC4)CC3)cn2)c1,test,train,train,1,1,0.94736844,0.75409836,0.94736844
O=C(c1ccc(Oc2ccc(F)cc2)nc1)N1CCCN(C2CCC2)CC1,train,train,train,1,1,0.94,0.94,0.94
O=C(c1ccc(Oc2cccc(F)c2)nc1)N1CCCN(C2CCC2)CC1,train,train,train,1,1,0.9444444,0.9444444,0.9444444
O=C(c1ccc(Oc2cccc(F)c2)nc1)N1CCCN(C2CC2)CC1,train,train,train,1,1,0.9444444,0.9444444,0.9444444
O=C(c1ccc(Oc2ccc(F)cc2)nc1)N1CCCN(C2CC2)CC1,train,train,train,1,1,0.94,0.94,0.94
CCN1CCCN(C(=O)c2ccc(Oc3ccc(F)cc3)nc2)CC1,train,train,train,1,1,0.754717,0.754717,0.754717
CN1CCCN(C(=O)c2ccc(Oc3ccc(F)cc3)nc2)CC1,train,train,train,1,1,0.754717,0.754717,0.754717
O=C(c1ccc(Oc2ccc(F)cc2)nc1)N1CCCNCC1,train,train,test,1,1,0.71153843,0.71153843,0.71153843
O=C(c1ccc(Oc2ccccc2Cl)nc1)N1CCN(C2CCCC2)CC1,test,train,train,1,1,0.90384614,0.6785714,0.6785714
CC(C)N1CCN(C(=O)c2ccc(Oc3ccccc3Cl)nc2)CC1,train,train,train,1,1,0.7254902,0.7254902,0.7037037
CC(C)N1CCN(C(=O)c2ccc(Oc3cccc(Cl)c3)nc2)CC1,train,train,train,1,1,0.7735849,0.7735849,0.7735849
CC(C)N1CCN(C(=O)c2ccc(Oc3ccc(Cl)cc3)nc2)CC1,test,test,train,1,1,0.8,0.8,0.8
O=C(c1ccc(Oc2ccc(F)cc2)nc1)N1CCN(C2CC2)CC1,train,train,train,1,1,0.9166667,0.9166667,0.9166667
CC(C)N1CCN(C(=O)c2ccc(Oc3ccc(F)cc3)nc2)CC1,test,test,train,1,1,0.8,0.7916667,0.8
CC(C)N1CCN(C(=O)c2ccc(Oc3cccc(C#N)c3)nc2)CC1,train,test,train,1,1,0.7368421,0.7368421,0.7368421
CC(C)N1CCN(C(=O)c2ccc(Oc3ccccc3)nc2)CC1,train,train,test,1,1,0.7647059,0.7647059,0.7916667
CSc1ccc(Oc2ccc(C(=O)N3CCN(C(C)C)CC3)cn2)cc1,train,test,train,1,1,0.76,0.76,0.8
CC(C)N1CCN(C(=O)c2ccc(Oc3ccc(Cl)c(Cl)c3)nc2)CC1,train,train,train,1,1,0.92,0.92,0.92
c1ccc(N2CCC(Cc3c[nH]cn3)CC2)cc1,train,train,train,3,3,0.775,0.775,0.8717949
Fc1ccc(N2CCC(Cc3c[nH]cn3)CC2)cc1,train,train,test,3,3,0.775,0.775,0.775
O=[N+]([O-])c1ccc(N2CCC(Cc3c[nH]cn3)CC2)cc1,train,train,train,3,3,0.6956522,0.6956522,0.67391306
FC(F)(F)c1ccc(N2CCC(Cc3c[nH]cn3)CC2)cc1,train,train,train,3,3,0.79545456,0.79545456,0.79545456
FC(F)(F)c1cccc(N2CCC(Cc3c[nH]cn3)CC2)c1,train,train,train,3,3,0.75,0.75,0.75
CC(C)c1ccc(N2CCC(Cc3c[nH]cn3)CC2)cc1,train,train,test,3,3,0.75,0.75,0.75
CC(C)c1cccc(N2CCC(Cc3c[nH]cn3)CC2)c1,train,train,train,3,3,0.75,0.75,0.68085104
COc1ccc(N2CCC(Cc3c[nH]cn3)CC2)cc1,train,train,train,3,3,0.72727275,0.72727275,0.7173913
CC(C)(C)c1ccc(N2CCC(Cc3c[nH]cn3)CC2)cc1,train,train,train,3,3,0.79545456,0.79545456,0.79545456
CNc1ccc(N2CCC(Cc3c[nH]cn3)CC2)cc1,train,train,train,3,3,0.73913044,0.73913044,0.73913044
CN(C)c1ccc(N2CCC(Cc3c[nH]cn3)CC2)cc1,train,train,train,3,3,0.73913044,0.73913044,0.73913044
c1ccc2cc(N3CCC(Cc4c[nH]cn4)CC3)ccc2c1,train,train,train,3,3,0.72727275,0.72727275,0.72727275
c1ccc(-c2ccc(N3CCC(Cc4c[nH]cn4)CC3)cc2)cc1,test,test,train,3,3,0.8717949,0.8717949,0.8717949
c1cncc(N2CCC(Cc3c[nH]cn3)CC2)c1,train,train,train,3,3,0.74418604,0.74418604,0.74418604
CC(C)(C)c1ccc(SCC(c2c[nH]cn2)C2CCNCC2)cc1,train,train,train,3,3,0.5555556,0.5555556,0.5555556
FC(F)(F)c1ccc(SCC(c2ccccn2)c2c[nH]cn2)cc1,test,test,train,3,3,0.7291667,0.7291667,0.80851066
CC(C)(C)c1ccc(SCC(c2ccccn2)c2c[nH]cn2)cc1,test,test,train,3,3,0.7083333,0.7083333,0.80851066
FC(F)(F)c1ccc(SCC(c2cccnc2)c2c[nH]cn2)cc1,test,test,train,3,3,0.81632656,0.81632656,0.6923077
CC(C)(C)c1ccc(SCC(c2cccnc2)c2c[nH]cn2)cc1,train,train,test,3,3,0.75,0.75,0.81632656
FC(F)(F)c1ccc(SCC(c2ccncc2)c2c[nH]cn2)cc1,train,train,test,3,3,0.8181818,0.8181818,0.8181818
CC(C)(C)c1ccc(SCC(c2ccncc2)c2c[nH]cn2)cc1,train,train,train,3,3,0.8181818,0.8181818,0.7083333
CN(C)CCCOc1nc2c(s1)CCN(C)C2,test,train,train,0,0,0.68085104,0.5294118,0.68085104
CN(C)CCCOc1nc2c(s1)CCCC2=O,train,train,train,0,0,0.37037036,0.50980395,0.50980395
CN1CCc2sc(OCCCN3CCCCC3)nc2C1,train,test,train,0,0,0.7826087,0.79545456,0.72727275
CCN1CCc2sc(OCCCN3CCCCC3)nc2C1,train,train,test,0,0,0.7826087,0.84090906,0.7826087
c1ccc(CN2CCc3sc(OCCCN4CCCCC4)nc3C2)cc1,test,test,train,0,0,0.7254902,0.7708333,0.6862745
C1CCN(CCCOc2nc3c(s2)CCN(CCCN2CCCCC2)C3)CC1,test,train,test,0,0,0.84090906,0.84090906,0.8333333
C1CCN(CCCOc2nc3c(s2)CCCC3)CC1,train,train,train,0,0,0.7619048,0.7619048,0.7619048
C1CCN(CCCOc2nc3c(s2)CCOC3)CC1,train,train,train,0,0,0.7111111,0.7111111,0.7111111
Brc1nc(OCCCN2CCCCC2)sc1-c1ccccc1,train,train,train,0,0,0.7777778,0.7777778,0.7777778
Cc1nc(OCCCN2CCCCC2)sc1-c1ccccc1,train,train,test,0,0,0.76086956,0.76086956,0.76086956
c1ccc(-c2nc(OCCCN3CCCCC3)sc2-c2ccccc2)cc1,train,train,train,0,0,0.7777778,0.7777778,0.7777778
CC(=O)c1nc(OCCCN2CCCCC2)sc1C,train,train,test,0,0,0.5283019,0.5283019,0.52
CC(C)N1CCC(Oc2cc3cc4n(c3cc2Br)[C@@H](C)CN(CC2CC2)C4=O)CC1,test,train,train,1,1,0.5217391,0.6507937,0.6507937
CC(C)N1CCC(Oc2cc3cc4n(c3cc2Br)[C@@H](C)CNC4=O)CC1,test,train,train,1,1,0.46875,0.6507937,0.6507937
CC(C)N1CCC(Oc2ccc3c(c2)cc2n3CCN(Cc3cccnc3)C2=O)CC1,train,test,train,1,1,0.8095238,0.8095238,0.8095238
CC(C)N1CCC(Oc2ccc3c(c2)cc2n3CCN(Cc3ccncc3)C2=O)CC1,train,train,train,1,1,0.8095238,0.8032787,0.8095238
CC(C)N1CCC(Oc2ccc3c(c2)cc2n3C[C@@H](C)N(CC3CC3)C2=O)CC1,test,train,train,1,1,0.71666664,0.6935484,0.71666664
CC(C)N1CCC(Oc2ccc3c(c2)cc2n3CCN(Cc3ccccc3F)C2=O)CC1,train,test,train,1,1,0.74242425,0.75,0.75
CC(C)N1CCC(Oc2ccc3c(c2)cc2n3CCN(Cc3ccccn3)C2=O)CC1,train,train,train,1,1,0.73846155,0.73846155,0.73846155
CC(C)N1CCC(Oc2ccc3c(c2)cc2n3CCN(Cc3ccc(F)cc3)C2=O)CC1,test,train,train,1,1,0.82258064,0.82258064,0.8032787
CC(C)N1CCC(Oc2ccc3c(c2)cc2n3CCN(CC3CC3)C2=O)CC1,train,test,train,1,1,0.8888889,0.8888889,0.8888889
C[C@H]1CC[C@H](C)N1CCCOc1ccc2c(c1)cc1n2CCNC1=O,train,train,train,0,0,0.6909091,0.6909091,0.6909091
CC(C)N1CCC(Oc2ccc3c(c2)cc2n3CCN(Cc3cccc(F)c3)C2=O)CC1,train,train,test,1,1,0.74626863,0.82258064,0.82258064
CC(C)N1CCC(Oc2ccc3c(c2)cc2n3CCCNC2=O)CC1,test,train,train,1,1,0.877551,0.877551,0.877551
CC(C)N1CCC(Oc2ccc3c(c2)cc2n3CCCN(CC3CC3)C2=O)CC1,train,train,train,1,1,0.8888889,0.6935484,0.8888889
O=C1NCCn2c1cc1cc(OCCCN3CCCCC3)ccc12,train,train,train,0,0,0.6909091,0.6909091,0.6909091
COCCN1CCn2c(cc3cc(OC4CCN(C(C)C)CC4)ccc32)C1=O,train,train,train,1,1,0.8214286,0.8214286,0.8214286
CC(C)N1CCC(Oc2ccc3c(c2)cc2n3CCNC2=O)CC1,train,train,train,1,1,0.7037037,0.877551,0.877551
CC(C)N1CCC(Oc2ccc3c(c2)cc2n3CCN(C(C)C)C2=O)CC1,train,train,train,1,1,0.8,0.8,0.72727275
CC(C)N1CCC(Oc2ccc3c(c2)cc2n3CCN(C)C2=O)CC1,train,train,test,1,1,0.8,0.8,0.8
CC(C)N1CCC(Oc2ccc3c(c2)cc2n3CCN(CC(F)(F)F)C2=O)CC1,train,train,train,1,1,0.7586207,0.7457627,0.7586207
CC(C)N1CCC(Oc2ccc3c(c2)cc2n3CCN(CCO)C2=O)CC1,train,train,train,1,1,0.8214286,0.8214286,0.8214286
O=C1NCCn2c1cc1cc(OC3CCN(CC4CC4)CC3)ccc12,train,train,train,1,1,0.7037037,0.7037037,0.7037037
c1ccc(-c2cnc(CCCCN3CCCCC3)o2)cc1,train,train,train,0,0,0.509434,0.509434,0.509434
c1cncc(-c2noc(CCCCN3CCCCC3)n2)c1,train,train,train,0,0,0.509434,0.509434,0.509434
c1ccc(-c2nc(SCCCN3CCCCC3)sc2-c2ccccc2)cc1,train,train,train,0,0,0.6666667,0.6666667,0.6666667
c1ccc(-c2nc(SCCCN3CCCCC3)oc2-c2ccccc2)cc1,train,train,train,0,0,0.5882353,0.5882353,0.5882353
c1cc(-c2nnc(SCCCN3CCCCC3)o2)ccn1,train,train,test,0,0,0.509434,0.509434,0.509434
C1CCN(CCCOc2nc3c(s2)CN(CCCN2CCCCC2)CC3)CC1,train,train,train,0,0,0.7619048,0.8333333,0.7619048
CC(C)N1CCN(C(=O)c2cccc3[nH]cc(CN4CCOCC4)c23)CC1,train,train,train,1,1,0.7241379,0.7241379,0.7241379
CC(C)N1CCN(C(=O)c2ccc3[nH]cc(CN4CCCCC4)c3c2)CC1,train,train,train,1,1,0.84615386,0.84615386,0.84615386
CC(C)N1CCN(C(=O)c2ccc3[nH]cc(CN4CCOCC4)c3c2)CC1,test,test,test,1,1,0.8148148,0.8148148,0.8518519
CC(C)N1CCN(C(=O)c2ccc3c(CN4CCCCC4)c[nH]c3c2)CC1,train,train,train,1,1,0.84615386,0.84615386,0.92
CC(C)N1CCN(C(=O)c2ccc3c(CN4CCOCC4)c[nH]c3c2)CC1,test,test,train,1,1,0.8148148,0.8148148,0.8148148
CC(C)N1CCN(C(=O)c2cccc3c(CN4CCCCC4)c[nH]c23)CC1,train,train,test,1,1,0.8148148,0.8148148,0.8148148
CC(C)N1CCN(C(=O)c2cccc3c(CN4CCOCC4)c[nH]c23)CC1,train,train,train,1,1,0.8148148,0.8148148,0.74545455
CC(C)N1CCN(C(=O)c2ccc3c(CN4CCCCC4)cn(S(C)(=O)=O)c3c2)CC1,train,train,train,1,1,0.61904764,0.61904764,0.61904764
CC(C)N1CCN(Cc2c[nH]c3cc(C(=O)N4CCCCC4)ccc23)CC1,test,test,train,1,1,0.92,0.92,0.92
O=C(c1ccc2c(CN3CCN(C4CCC4)CC3)c[nH]c2c1)N1CCOCC1,train,train,train,1,1,0.9259259,0.9259259,0.9259259
O=C(c1ccc2c(CN3CCOCC3)c[nH]c2c1)N1CCN(C2CC2)CC1,train,train,train,1,1,0.9245283,0.9245283,0.9245283
O=C(c1ccc2c(CN3CCOCC3)c[nH]c2c1)N1CCN(C2CCC2)CC1,train,train,train,1,1,0.9259259,0.9259259,0.9259259
CC(C)N1CCCN(C(=O)c2ccc3c(CN4CCOCC4)cn(C)c3c2)CC1,train,test,train,1,1,0.9259259,0.9259259,0.9259259
CC(C)N1CCN(C(=O)c2ccc3c(CN4CCOCC4)cn(C)c3c2)CC1,train,train,train,1,1,0.9259259,0.61904764,0.9259259
O=C(c1cccc2c(CN3CCCCC3)c[nH]c12)N1CCN(C2CCC2)CC1,train,train,train,1,1,0.8363636,0.7017544,0.92156863
O=C(c1cccc2c(CN3CCOCC3)c[nH]c12)N1CCN(C2CCC2)CC1,train,test,train,1,1,0.8363636,0.8363636,0.8363636
O=C(c1cccc2c(CN3CCOCC3)c[nH]c12)N1CCNCC1,train,train,train,1,1,0.74545455,0.74545455,0.74545455
O=C(c1cccc2c(CN3CCN(C4CCC4)CC3)c[nH]c12)N1CCCCC1,test,test,train,1,1,0.92156863,0.92156863,0.92156863
CC(C)N1CCN(C(=O)c2ccc3scc(CN4CCCCC4)c3c2)CC1,train,train,test,1,1,0.71428573,0.71428573,0.71428573
O=C(c1ccc2scc(CN3CCCCC3)c2c1)N1CCN(C2CCC2)CC1,train,train,train,1,1,0.71428573,0.71428573,0.7090909
CC(C)N1CCN(C(=O)c2ccc3scc(C(=O)N4CCCCC4)c3c2)CC1,test,test,test,1,1,0.6981132,0.6981132,0.6923077
O=C(c1ccc2scc(C(=O)N3CCCCC3)c2c1)N1CCN(C2CCC2)CC1,train,train,train,1,1,0.7090909,0.7090909,0.7090909
COc1ccc(-c2ccc(CNC(=O)NC3CCN(Cc4ccc(C)cc4)CC3)cc2)cc1,test,train,test,1,1,0.6,0.6,0.6
Cc1ccc(CN2CCC(NC(=O)N(CC(=O)C(C)(C)O)Cc3ccc(-c4ccc(F)cc4)cc3)CC2)cc1,train,train,train,4,4,0.8064516,0.8064516,0.8064516
COc1ccc(-c2ccc(CN(CC(=O)C(C)(C)O)C(=O)NC3CCN(Cc4ccc(C)cc4)CC3)cc2)cc1,train,train,train,4,4,0.8064516,0.8064516,0.8064516
COc1ccccc1-c1ccc(CN(CC(=O)C(C)(C)O)C(=O)NC2CCN(Cc3ccc(C)cc3)CC2)cc1,train,train,train,4,4,0.7878788,0.7878788,0.7878788
Cc1ccc(CN2CCC(NC(=O)N(CC(=O)C(C)(C)O)Cc3ccc(-c4cccc(C#N)c4)cc3)CC2)cc1,test,test,test,4,4,0.7246377,0.7246377,0.7246377
COc1ccc(-c2ccc(CN(CCC3CCN(Cc4ccc(C)cc4)CC3)C(=O)NC(C)C)cc2)cc1,train,train,train,1,1,0.75384617,0.75,0.75384617
Cc1ccc(CN2CCC(CCN(Cc3ccc(-c4cccc(C#N)c4)cc3)C(=O)NC(C)C)CC2)cc1,train,train,train,4,4,0.7746479,0.7746479,0.7777778
CC(=O)OCC(C)(C)NC(=O)N(CCC1CCN(Cc2ccc(C)cc2)CC1)Cc1ccc(-c2ccc(F)cc2)cc1,train,train,test,1,1,0.859375,0.859375,0.859375
COc1ccc(-c2ccc(CN(CCC3CCN(Cc4ccc(C)cc4)CC3)C(=O)NC(C)(C)COC(C)=O)cc2)cc1,train,test,test,1,1,0.84615386,0.84615386,0.84615386
COc1ccccc1-c1ccc(CN(CCC2CCN(Cc3ccc(C)cc3)CC2)C(=O)NC(C)(C)COC(C)=O)cc1,train,train,test,4,4,0.8382353,0.8382353,0.8382353
CC(=O)OCC(C)(C)NC(=O)N(CCC1CCN(Cc2ccc(C)cc2)CC1)Cc1ccc(-c2cccc(C#N)c2)cc1,train,train,train,4,4,0.84210527,0.84210527,0.84210527
CC(=O)OCC(C)(C)NC(=O)N(CCC1CCN(Cc2ccc(C)cc2)CC1)Cc1ccc(-c2ccccc2)cc1,train,train,train,4,4,0.859375,0.859375,0.8028169
CCC(COC(C)=O)(COC(C)=O)NC(=O)N(CCC1CCN(Cc2ccc(C)cc2)CC1)Cc1ccc(-c2ccc(F)cc2)cc1,train,train,train,4,4,0.8636364,0.8636364,0.8382353
CCC(COC(C)=O)(COC(C)=O)NC(=O)N(CCC1CCN(Cc2ccc(C)cc2)CC1)Cc1ccc(-c2ccc(OC)cc2)cc1,train,train,train,4,4,0.8507463,0.8507463,0.8382353
CCC(COC(C)=O)(COC(C)=O)NC(=O)N(CCC1CCN(Cc2ccc(C)cc2)CC1)Cc1ccc(-c2ccccc2OC)cc1,train,train,test,4,4,0.8333333,0.8333333,0.8428571
CCC(COC(C)=O)(COC(C)=O)NC(=O)N(CCC1CCN(Cc2ccc(C)cc2)CC1)Cc1ccc(-c2cccc(C#N)c2)cc1,train,train,train,4,4,0.84210527,0.84210527,0.84210527
CCC(COC(C)=O)(COC(C)=O)NC(=O)N(CCC1CCN(Cc2ccc(C)cc2)CC1)Cc1ccc(-c2ccccc2)cc1,train,train,test,4,4,0.8636364,0.8636364,0.8636364
COc1ccc(-c2ccc(CN(CCC3CCN(Cc4ccc(C)cc4)CC3)C(=O)NC(C)(C)CO)cc2)cc1,train,train,train,4,4,0.8153846,0.8,0.8125
COc1ccccc1-c1ccc(CN(CCC2CCN(Cc3ccc(C)cc3)CC2)C(=O)NC(C)(C)CO)cc1,train,train,train,4,4,0.8382353,0.8382353,0.8208955
Cc1ccc(CN2CCC(CCN(Cc3ccc(-c4cccc(C#N)c4)cc3)C(=O)NC(C)(C)CO)CC2)cc1,train,train,test,4,4,0.82191783,0.82191783,0.8309859
CCC(CO)(CO)NC(=O)N(CCC1CCN(Cc2ccc(C)cc2)CC1)Cc1ccc(-c2ccc(OC)cc2)cc1,train,test,train,4,4,0.8208955,0.8208955,0.8208955
CCC(CO)(CO)NC(=O)N(CCC1CCN(Cc2ccc(C)cc2)CC1)Cc1ccc(-c2ccccc2OC)cc1,test,test,train,4,4,0.8428571,0.8428571,0.8208955
CCC(CO)(CO)NC(=O)N(CCC1CCN(Cc2ccc(C)cc2)CC1)Cc1ccc(-c2cccc(C#N)c2)cc1,test,test,train,4,4,0.8309859,0.8309859,0.82666665
CNCCC(c1ccccc1)c1ccc(O)c2ccc(OCCN3CCCC3)cc12,train,train,train,0,0,0.6481481,0.6481481,0.6481481
CNCCN(c1ccccc1)c1ccc(OCCN2CCCC2)cc1,train,train,train,0,0,0.625,0.8636364,0.8636364
CNCCCN(c1ccccc1)c1ccc(OCCN2CCCC2)cc1,test,train,train,0,0,0.8636364,0.8636364,0.8636364
CNCCC(c1ccccc1)c1ccc(OCCN2CCCC2)cc1,train,train,train,0,0,0.6481481,0.6481481,0.88095236
CNCCCC(c1ccccc1)c1ccc(OCCN2CCCC2)cc1,test,test,train,0,0,0.88095236,0.88095236,0.88095236
CN1CCC(/C(=N/O)c2cc3ccccc3[nH]2)CC1,test,train,train,1,1,0.48076922,0.48076922,0.4489796
CNCCc1cnc[nH]1,test,test,train,3,3,0.45454547,0.45454547,0.45454547
N=C(NCc1ccc(Cl)cc1)SCCCCc1c[nH]cn1,test,test,train,3,3,0.625,0.625,0.9302326
Cc1nc[nH]c1CCN,train,train,train,3,3,0.31428573,0.31428573,0.375
O=C(Nc1nnc(N2CCC(N3CCCCC3)CC2)s1)NC1CCCC1,train,train,train,2,2,0.49056605,0.49056605,0.49056605
c1ccc(-c2nnc(N3CCC(N4CCCCC4)CC3)s2)cc1,test,test,test,2,2,0.78571427,0.78571427,0.78571427
COc1cccc(-c2nnc(N3CCC(N4CCCCC4)CC3)s2)c1,train,train,train,2,2,0.79591835,0.79591835,0.7755102
N#Cc1cccc(-c2nnc(N3CCC(N4CCCCC4)CC3)s2)c1,train,train,train,2,2,0.79591835,0.79591835,0.79591835
Fc1cccc(-c2nnc(N3CCC(N4CCCCC4)CC3)s2)c1,train,train,train,2,2,0.75510204,0.75510204,0.7826087
Clc1cccc(-c2nnc(N3CCC(N4CCCCC4)CC3)s2)c1,train,train,train,2,2,0.7826087,0.7826087,0.7826087
Cc1cccc(-c2nnc(N3CCC(N4CCCCC4)CC3)s2)c1,train,train,train,2,2,0.76086956,0.76086956,0.76086956
CC(=O)c1cccc(-c2nnc(N3CCC(N4CCCCC4)CC3)s2)c1,train,train,test,2,2,0.8,0.7818182,0.8
Clc1cc(Cl)cc(-c2nnc(N3CCC(N4CCCCC4)CC3)s2)c1,train,train,train,2,2,0.81395346,0.81395346,0.81395346
COc1cc(OC)cc(-c2nnc(N3CCC(N4CCCCC4)CC3)s2)c1,train,train,test,2,2,0.8541667,0.8541667,0.8541667
COc1cc(Cl)cc(-c2nnc(N3CCC(N4CCCCC4)CC3)s2)c1,test,test,train,2,2,0.8541667,0.8541667,0.7916667
COc1cc(C#N)cc(-c2nnc(N3CCC(N4CCCCC4)CC3)s2)c1,test,test,train,2,2,0.84,0.84,0.8039216
COc1cc(F)cc(-c2nnc(N3CCC(N4CCCCC4)CC3)s2)c1,train,train,train,2,2,0.8541667,0.8541667,0.7916667
Fc1cc(F)cc(-c2nnc(N3CCC(N4CCCCC4)CC3)s2)c1,test,test,train,2,2,0.81395346,0.81395346,0.81395346
N#Cc1cc(C#N)cc(-c2nnc(N3CCC(N4CCCCC4)CC3)s2)c1,train,train,train,2,2,0.82608694,0.79591835,0.82608694
c1ccc(-c2nnc(N3CCC(N4CCCCC4)CC3)s2)nc1,train,train,train,2,2,0.75,0.75,0.6792453
COc1cccc(-c2nnc(N3CCC(N4CCCCC4)CC3)s2)n1,train,train,train,2,2,0.74509805,0.74509805,0.6730769
Cc1cccc(-c2nnc(N3CCC(N4CCCCC4)CC3)s2)n1,train,train,test,2,2,0.74509805,0.74509805,0.74509805
c1cnc(-c2nnc(N3CCC(N4CCCCC4)CC3)s2)nc1,train,train,test,2,2,0.75,0.75,0.75
c1n[nH]cc1-c1nnc(N2CCC(N3CCCCC3)CC2)s1,train,train,train,2,2,0.6666667,0.6666667,0.6666667
COc1ncc(-c2nnc(N3CCC(N4CCCCC4)CC3)s2)s1,train,train,train,2,2,0.66,0.66,0.66
COc1ccc(-c2nnc(N3CCC(N4CCCCC4)CC3)s2)cc1,train,train,train,2,2,0.9756098,0.9756098,0.9756098
CCN1CCN(c2nnc(-c3ccc(OC)cc3)s2)CC1,train,train,train,0,0,0.6041667,0.6041667,0.63829786
COc1ccc(-c2nnc(N3CCN(C4CCCC4)CC3)s2)cc1,test,test,train,2,2,0.8181818,0.8181818,0.8181818
COc1ccc(-c2nnc(N3CCN4CCCC4C3)s2)cc1,test,train,train,2,2,0.7291667,0.7291667,0.8043478
COc1ccc(-c2nnc(N3CCC(N4CCCC4)CC3)s2)cc1,train,train,train,2,2,0.9756098,0.9756098,0.9756098
COc1ccccc1-c1nnc(N2CCC(N3CCCCC3)CC2)s1,train,train,train,2,2,0.7346939,0.7346939,0.7346939
Fc1ccccc1-c1nnc(N2CCC(N3CCCCC3)CC2)s1,train,train,train,2,2,0.7777778,0.7777778,0.76086956
Clc1ccccc1-c1nnc(N2CCC(N3CCCCC3)CC2)s1,train,train,test,2,2,0.7777778,0.7777778,0.7777778
Cc1ccccc1-c1nnc(N2CCC(N3CCCCC3)CC2)s1,train,train,train,2,2,0.76086956,0.76086956,0.76086956
CC(=O)c1ccccc1-c1nnc(N2CCC(N3CCCCC3)CC2)s1,test,test,train,2,2,0.72,0.72,0.72
N#Cc1ccc(-c2nnc(N3CCC(N4CCCCC4)CC3)s2)cc1,train,test,train,2,2,0.82608694,0.82608694,0.82608694
Fc1ccc(-c2nnc(N3CCC(N4CCCCC4)CC3)s2)cc1,train,train,train,2,2,0.7906977,0.7906977,0.81395346
Clc1ccc(-c2nnc(N3CCC(N4CCCCC4)CC3)s2)cc1,train,train,train,2,2,0.81395346,0.81395346,0.81395346
Cc1ccc(-c2nnc(N3CCC(N4CCCCC4)CC3)s2)cc1,train,train,train,2,2,0.79545456,0.79545456,0.79545456
CC(=O)c1ccc(-c2nnc(N3CCC(N4CCCCC4)CC3)s2)cc1,train,train,train,2,2,0.7692308,0.7692308,0.7446808
c1ccc(Cc2cn(CCc3c[nH]cn3)nn2)cc1,train,train,test,3,3,0.85365856,0.85365856,0.85365856
c1ccc(Cc2cn(CCCc3c[nH]cn3)nn2)cc1,train,train,train,3,3,0.9268293,0.9268293,0.9268293
c1ccc(Cc2cn(CCCCc3c[nH]cn3)nn2)cc1,train,train,train,3,3,0.9268293,0.9268293,0.9268293
c1nc(CCCn2cc(CN3CCCCC3)nn2)c[nH]1,test,test,train,3,3,0.8,0.8,0.6530612
CN1CCN(Cc2cn(CCCc3c[nH]cn3)nn2)CC1,train,train,test,3,3,0.63829786,0.63829786,0.8
CC(C)(C)c1cn(CCCc2c[nH]cn2)nn1,train,train,test,3,3,0.6363636,0.6363636,0.6363636
CCCCCc1cn(CCCc2c[nH]cn2)nn1,train,train,train,3,3,0.972973,0.972973,0.972973
c1nc(CCCn2cc(CC3CCCCC3)nn2)c[nH]1,train,train,train,3,3,0.9756098,0.9756098,1.0
c1nc(CCn2cc(CC3CCCCC3)nn2)c[nH]1,train,train,train,3,3,0.974359,0.974359,0.974359
c1nc(CCCCn2cc(CC3CCCCC3)nn2)c[nH]1,train,train,train,3,3,0.9302326,0.9302326,0.9302326
c1nc(CCCn2cc(C3CCCCC3)nn2)c[nH]1,train,train,train,3,3,0.7083333,0.7083333,0.7083333
c1nc(CCCn2cc(CCC3CCCCC3)nn2)c[nH]1,train,train,train,3,3,0.8043478,0.8043478,0.8043478
CCCCCCCc1cn(CCCc2c[nH]cn2)nn1,train,train,train,3,3,0.972973,0.972973,0.972973
CC(c1cn(CCCc2c[nH]cn2)nn1)C1CCCCC1,train,train,train,3,3,0.87234044,0.87234044,0.63461536
c1nc(CCCn2cc(CC3CCCCCC3)nn2)c[nH]1,test,test,train,3,3,1.0,1.0,1.0
c1nc(CCCn2cc(CC3CCCC3)nn2)c[nH]1,train,train,train,3,3,0.9756098,0.9756098,0.9756098
c1nc(CCn2cc(CC3CCCC3)nn2)c[nH]1,train,train,train,3,3,0.974359,0.974359,0.974359
CC(c1cn(CCc2c[nH]cn2)nn1)C1CCCCC1,train,train,test,3,3,0.87234044,0.87234044,0.87234044
c1cn(CCCn2cc(CC3CCCCC3)nn2)cn1,test,test,test,0,0,0.65217394,0.65217394,0.65217394
CN1CCN(CCCn2cc(CC3CCCCC3)nn2)CC1,train,test,train,0,0,0.825,0.825,0.825
c1c(CC2CCCCC2)nnn1CCCN1CCCCC1,train,train,train,0,0,0.825,0.61702126,0.825
COc1cccc(Cc2nn(C[C@H]3CCCN3C)c(=O)c3ccccc23)c1,test,test,train,4,4,0.8301887,0.8301887,0.8301887
CCOc1ccc(Cc2nn(C[C@H]3CCCN3C)c(=O)c3ccccc23)cc1,test,test,train,4,4,0.8148148,0.8148148,0.8148148
Cc1cccc(Cc2nn(C[C@H]3CCCN3C)c(=O)c3ccccc23)c1,test,train,train,4,4,0.7924528,0.7924528,0.7924528
CN1CCC[C@@H]1Cn1nc(Cc2ccc(O)cc2)c2ccccc2c1=O,train,train,train,4,4,0.7735849,0.7735849,0.7735849
CN1CCC[C@@H]1Cn1nc(Cc2cccc(F)c2)c2ccccc2c1=O,train,train,train,4,4,0.7090909,0.7924528,0.7924528
CN1CCC[C@@H]1Cn1nc(CC2CCCCC2)c2ccccc2c1=O,train,train,train,4,4,0.6545454,0.6545454,0.6545454
CN1CCCC(n2nc(Cc3ccc(Cl)cc3)c3ccccc3c2=O)CC1,train,train,train,4,4,0.9166667,0.9166667,0.9166667
CN1CCC(n2nc(Cc3ccc(Cl)cc3)c3ccccc3c2=O)CC1,train,train,train,4,4,0.9166667,0.9166667,0.9166667
CN(C)CCCn1nc(Cc2ccc(Cl)cc2)c2ccccc2c1=O,train,train,train,4,4,0.5964912,0.5964912,0.5964912
CN1CCCC1CCn1nc(Cc2ccc(Cl)cc2)c2ccccc2c1=O,train,train,train,4,4,0.70689654,0.70689654,0.70689654
COc1ccc(Cc2nn(C[C@H]3CCCN3C)c(=O)c3ccccc23)cc1,train,train,train,4,4,0.7735849,0.7735849,0.8301887
O=c1c2ccccc2c(Cc2ccc(Cl)cc2)nn1C1CCCN(CCc2ccc(OCCCN3CCCCCC3)cc2)CC1,train,train,train,0,0,0.93846154,0.93846154,0.93846154
CN(CCCCc1ccc(OCCCN2CCCCCC2)cc1)CCn1nc(Cc2ccc(Cl)cc2)c2ccccc2c1=O,train,train,test,0,0,0.7638889,0.7638889,0.7638889
O=c1c2ccccc2c(Cc2ccc(Cl)cc2)nn1C1CCCN(Cc2ccc(OCCCN3CCCCCC3)cc2)CC1,train,train,test,0,0,0.8939394,0.8939394,0.8939394
O=c1c2ccccc2c(Cc2ccc(Cl)cc2)nn1C1CCCN(CCCCc2ccc(OCCCN3CCCCCC3)cc2)CC1,train,train,train,0,0,0.95384616,0.95384616,0.95384616
O=c1c2ccccc2c(Cc2ccc(Cl)cc2)nn1C[C@H]1CCCN1CCCCCc1ccc(OCCCN2CCCCCC2)cc1,train,train,train,0,0,0.84931505,0.84931505,0.84931505
O=c1c2ccccc2c(Cc2ccc(Cl)cc2)nn1CCNCCCCc1ccc(OCCCN2CCCCCC2)cc1,train,train,train,0,0,0.7638889,0.7638889,0.7105263
COc1ccc(Cc2nn(C[C@H]3CCCN3CCCCc3ccc(OCCCN4CCCCCC4)cc3)c(=O)c3ccccc23)cc1,test,train,train,0,0,0.8611111,0.8611111,0.8611111
O=c1c2ccccc2c(Cc2ccc(O)cc2)nn1C[C@H]1CCCN1CCCCc1ccc(OCCCN2CCCCCC2)cc1,train,train,train,0,0,0.84931505,0.8611111,0.8611111
O=c1c2ccccc2c(Cc2ccc(Cl)cc2)nn1C1CCCN(CCCc2ccc(OCCCN3CCCCCC3)cc2)CC1,train,train,train,0,0,0.95384616,0.95384616,0.95384616
CC(C)N1CCN(C(=O)c2cc(CN3CCOCC3)cn2C)CC1,test,test,train,1,1,0.78723407,0.78723407,0.78723407
CC(C)N1CCN(C(=O)c2cc(CN3CCCCC3)cn2C)CC1,train,train,train,1,1,0.625,0.625,0.78723407
COCCNCc1ccc(C(=O)N2CCN(C(C)C)CC2)s1,train,train,train,1,1,0.6363636,0.6363636,0.6363636
CC(C)N1CCN(C(=O)c2ccc(CN3CCOCC3)s2)CC1,train,train,train,1,1,0.64,0.64,0.60784316
CC(C)N1CCN(C(=O)c2ccc(CN3CCCCC3)s2)CC1,test,test,test,1,1,0.8,0.8,0.8
COCCNCc1ccc(C(=O)N2CCN(C(C)C)CC2)o1,train,train,train,1,1,0.6363636,0.6363636,0.6363636
CC(C)N1CCN(C(=O)c2ccc(CN3CCOCC3)o2)CC1,train,train,train,1,1,0.8,0.8,0.8
CC(C)N1CCN(C(=O)c2ccc(CN3CCCCC3)o2)CC1,train,train,train,1,1,0.8,0.8,0.8
CC(C)N1CCN(C(=O)c2csc(CN3CCOCC3)c2)CC1,train,train,test,1,1,0.8,0.8,0.8
CC(C)N1CCN(C(=O)c2csc(CN3CCCCC3)c2)CC1,train,train,train,1,1,0.8,0.8,0.63829786
COCCNCc1nc(C(=O)N2CCN(C(C)C)CC2)cs1,train,train,train,1,1,0.64912283,0.64912283,0.58928573
CC(C)N1CCN(C(=O)c2csc(CN3CCOCC3)n2)CC1,train,train,train,1,1,0.7916667,0.7916667,0.7916667
CC(C)N1CCN(C(=O)c2csc(CN3CCCCC3)n2)CC1,train,train,train,1,1,0.7916667,0.7916667,0.7916667
COCCNCc1nc(C(=O)N2CCN(C(C)C)CC2)co1,train,train,test,1,1,0.64912283,0.64912283,0.64912283
CC(C)N1CCN(C(=O)c2coc(CN3CCOCC3)n2)CC1,train,train,train,1,1,0.80851066,0.80851066,0.80851066
CC(C)N1CCN(C(=O)c2coc(CN3CCCCC3)n2)CC1,train,train,train,1,1,0.80851066,0.80851066,0.80851066
CC(C)N1CCN(C(=O)c2ccc(CN3CCCCC3)cn2)CC1,train,train,train,1,1,0.6938776,0.6938776,0.6938776
CC(C)N1CCN(C(=S)c2ccc(CN3CCCCC3)nc2)CC1,train,train,train,1,1,0.7659575,0.7659575,0.5769231
CC(C)N1CCN(C(=O)c2cnc(CN3CCOCC3)cn2)CC1,test,test,train,1,1,0.78723407,0.78723407,0.78723407
CC(C)N1CCN(C(=O)c2cnc(CN3CCCCC3)cn2)CC1,train,train,train,1,1,0.6938776,0.6938776,0.78723407
CC(C)N1CCN(C(=O)c2ccc(CN3CCOCC3)nc2)CC1,train,train,test,1,1,0.7916667,0.7916667,0.7058824
CC(C)N1CCN(C(=O)c2ccc(CN3CCCCC3)nc2)CC1,train,train,test,1,1,0.7916667,0.7916667,0.7659575
COCCNCc1cc(OCCCN2CCCCC2)no1,train,test,train,0,0,0.6458333,0.6458333,0.6458333
c1c(OCCCN2CCCCC2)noc1CN1CCOCC1,train,train,train,0,0,0.875,0.875,0.875
c1c(OCCCN2CCCCC2)noc1CN1CCCCC1,train,train,train,0,0,0.875,0.875,0.875
c1cc(OCCCN2CCCCC2)ncc1CN1CCCCC1,train,train,train,0,0,0.64102566,0.64102566,0.64102566
c1cc(CN2CCOCC2)ncc1OCCCN1CCCCC1,train,train,train,0,0,0.8717949,0.8717949,0.8717949
c1cc(CN2CCCCC2)ncc1OCCCN1CCCCC1,train,train,train,0,0,0.8717949,0.8717949,0.8717949
CC(C)N1CCN(C(=O)c2ccc(CN3CCCCC3)cc2)CC1,train,train,train,1,1,1.0,0.972973,1.0
CNC(=O)c1cnc(Oc2ccc3c(c2)CCN(C2CCC2)CC3)cn1,train,train,train,1,1,0.78571427,0.78571427,0.7586207
O=C(CCC(=O)N1CCN(C2CCCC2)CC1)c1ccc(Cl)cc1,train,test,test,1,1,0.5833333,0.5833333,0.46774194
O=c1ccc(-c2ccc(OCCCN3CCCC3)cc2)n[nH]1,train,train,train,0,0,0.975,0.975,0.975
O=c1ccc(-c2ccc(OCCCN3CCCCC3)cc2)n[nH]1,train,train,train,0,0,0.975,0.975,0.975
O=c1ccc(-c2ccc(OCCCN3CCOCC3)cc2)n[nH]1,test,test,test,0,0,0.8,0.8,0.8
C[C@@H]1CCCN1CCCOc1ccc(-c2ccc(=O)n(C)n2)cc1,train,train,train,4,4,0.7924528,0.7924528,0.7924528
CCn1nc(-c2ccc(OCCCN3CCC[C@H]3C)cc2)ccc1=O,train,test,train,4,4,0.8181818,0.8181818,0.8181818
CC(C)n1nc(-c2ccc(OCCCN3CCC[C@H]3C)cc2)ccc1=O,test,train,train,4,4,0.7924528,0.7924528,0.7924528
C[C@@H]1CCCN1CCCOc1ccc(-c2ccc(=O)n(-c3ccccc3)n2)cc1,train,train,test,4,4,0.7894737,0.7894737,0.779661
C[C@@H]1CCCN1CCCOc1ccc(-c2ccc(=O)n(Cc3ccccc3)n2)cc1,train,train,test,4,4,0.7758621,0.75,0.7758621
Cn1nc(-c2ccc(OCCCN3CCCCC3)cc2)ccc1=O,test,train,test,0,0,0.6875,0.6875,0.6875
C[C@@H]1CCCN1CCCOc1ccc(-c2cn[nH]c(=O)c2)cc1,train,train,train,4,4,0.6896552,0.6896552,0.6727273
C[C@@H]1CCCN1CCCOc1ccc(-n2ncccc2=O)cc1,train,test,train,4,4,0.66101694,0.66101694,0.62711865
Cn1nc(-c2ccc(OC3CCN(C4CCC4)CC3)cc2)ccc1=O,train,train,train,1,1,0.9767442,0.9767442,0.9767442
Cn1nc(-c2ccc(OC3CCN(C4CCCC4)CC3)cc2)ccc1=O,train,train,train,1,1,0.9767442,0.9767442,0.9767442
Cn1nc(-c2ccc(N3CCN(C4CCCC4)CC3)cc2)ccc1=O,train,train,train,2,2,0.68,0.8043478,0.68
CC(C)N1CCN(c2ccc(-c3ccc(=O)n(C)n3)cc2)CC1,train,train,train,1,1,0.65217394,0.65217394,0.65217394
Cn1nc(-c2ccc(N3CCN4CCC[C@H]4C3)cc2)ccc1=O,test,train,test,1,1,0.8043478,0.8043478,0.8043478
Cn1nc(-c2ccc(C(=O)N3CCN(C4CCCC4)CC3)cc2)ccc1=O,train,train,train,1,1,0.68,0.68,0.68
CC(C)N1CCN(C(=O)c2ccc(-c3ccc(=O)n(C)n3)cc2)CC1,train,train,train,1,1,0.68,0.68,0.68
Cn1nc(-c2ccc(C(=O)N3CCC[C@H]3CN3CCCC3)cc2)ccc1=O,test,train,train,4,4,0.7118644,0.7118644,0.7118644
O=C(c1ccc(-c2ccc(=O)n(-c3ccc(F)cc3)n2)cc1)N1CCC[C@H]1CN1CCCC1,train,train,train,1,1,0.65,0.7118644,0.7118644
O=C(c1ccc(-c2ccc(=O)[nH]n2)cc1)N1CCC[C@H]1CN1CCCC1,train,train,train,1,1,0.65,0.7090909,0.7090909
c1ccc(-c2ccc(OCCCN3CCCCC3)cc2)cc1,test,test,test,0,0,0.87096775,0.87096775,0.87096775
C=C(N(C)Cc1ccc(-c2ccccc2)cc1)N1CCN(C(C)C)CC1,train,test,test,1,1,0.75,0.75,0.75
COc1nccc2c(=O)n(C)c(-c3ccc(OC4CCN(C5CCC5)CC4)cc3)nc12,test,test,train,1,1,0.704918,0.7258065,0.7258065
Cn1c(-c2ccc(OC3CCN(C4CCC4)CC3)cc2)nc2c(F)cccc2c1=O,test,train,train,1,1,0.8214286,0.7966102,0.8214286
Cn1c(-c2ccc(OC3CCN(C4CCC4)CC3)cc2)nc2c(C(F)(F)F)cccc2c1=O,train,train,train,1,1,0.79310346,0.7966102,0.7966102
Cn1c(-c2ccc(OC3CCN(C4CCC4)CC3)cc2)nc2c(Cl)cccc2c1=O,train,train,train,1,1,0.8214286,0.79310346,0.8214286
Cc1cccc2c(=O)n(C)c(-c3ccc(OC4CCN(C5CCC5)CC4)cc3)nc12,train,test,train,1,1,0.8214286,0.8214286,0.8214286
COc1cccc2c(=O)n(C)c(-c3ccc(OC4CCN(C5CCC5)CC4)cc3)nc12,test,train,train,1,1,0.80701756,0.779661,0.80701756
COc1ccc2c(=O)n(C)c(-c3ccc(OC4CCN(C5CCC5)CC4)cc3)nc2c1,train,test,test,1,1,0.76785713,0.8545455,0.8545455
COc1ccc2nc(-c3ccc(OC4CCN(C5CCC5)CC4)cc3)n(C)c(=O)c2c1,test,train,train,1,1,0.8545455,0.76785713,0.76785713
COc1cccc2nc(-c3ccc(OC4CCN(C5CCC5)CC4)cc3)n(C)c(=O)c12,train,train,train,1,1,0.7241379,0.75,0.75
Cn1c(-c2ccc(OC3CCN(C4CCCC4)CC3)cc2)nc2ccccc2c1=O,train,train,train,1,1,0.97959185,0.97959185,0.97959185
Cn1c(-c2ccc(OC3CCN(C4CCC4)CC3)cc2)nc2ccccc2c1=O,train,train,train,1,1,0.97959185,0.97959185,0.97959185
O=c1c2ccccc2nc(-c2ccc(OCCCN3CCCCC3)cc2)n1Cc1ccccc1,train,train,train,0,0,0.8035714,0.8035714,0.8035714
O=c1c2ccccc2nc(-c2ccc(OCCCN3CCCCC3)cc2)n1-c1ccccc1,test,test,train,0,0,0.9019608,0.9019608,0.7777778
CC(C)n1c(-c2ccc(OCCCN3CCCCC3)cc2)nc2ccccc2c1=O,test,train,train,0,0,0.76363635,0.76363635,0.7818182
CCCn1c(-c2ccc(OCCCN3CCCCC3)cc2)nc2ccccc2c1=O,train,train,train,0,0,0.8703704,0.8703704,0.8703704
CCn1c(-c2ccc(OCCCN3CCCCC3)cc2)nc2ccccc2c1=O,train,train,train,0,0,0.8703704,0.8703704,0.8703704
Cn1c(-c2ccc(OCCCN3CCCCC3)cc2)nc2ccccc2c1=O,test,test,train,0,0,0.9787234,0.9787234,0.9787234
Cc1nc2c(C(F)(F)F)cccc2c(=O)n1-c1ccc(OCCCN2CCCC2)cc1,train,test,test,0,0,0.79310346,0.79310346,0.79310346
Cc1nc2cc(C(F)(F)F)ccc2c(=O)n1-c1ccc(OCCCN2CCCC2)cc1,train,train,train,0,0,0.7758621,0.779661,0.779661
Cc1nc2cccc(Cl)c2c(=O)n1-c1ccc(OCCCN2CCCC2)cc1,train,test,train,0,0,0.8333333,0.8333333,0.8333333
Cc1nc2c(F)cccc2c(=O)n1-c1ccc(OCCCN2CCCC2)cc1,train,train,train,0,0,0.8181818,0.8181818,0.8181818
Cc1nc2cc(F)ccc2c(=O)n1-c1ccc(OCCCN2CCCC2)cc1,test,train,train,0,0,0.8545455,0.8545455,0.8545455
Cc1nc2ccc(F)cc2c(=O)n1-c1ccc(OCCCN2CCCC2)cc1,train,train,train,0,0,0.8181818,0.8545455,0.8545455
Cc1nc2cccc(F)c2c(=O)n1-c1ccc(OCCCN2CCCC2)cc1,test,test,test,0,0,0.8181818,0.8181818,0.8181818
COc1cccc2nc(C)n(-c3ccc(OCCCN4CCCC4)cc3)c(=O)c12,train,train,test,0,0,0.8035714,0.8035714,0.8035714
COc1ccc2nc(C)n(-c3ccc(OCCCN4CCCC4)cc3)c(=O)c2c1,train,test,train,0,0,0.8518519,0.8518519,0.8518519
COc1ccc2c(=O)n(-c3ccc(OCCCN4CCCC4)cc3)c(C)nc2c1,train,train,train,0,0,0.8518519,0.8035714,0.8518519
COc1cccc2c(=O)n(-c3ccc(OCCCN4CCCC4)cc3)c(C)nc12,test,train,train,0,0,0.8035714,0.8035714,0.8035714
Cc1cccc2c(=O)n(-c3ccc(OCCCN4CCCC4)cc3)c(C)nc12,train,train,train,0,0,0.8181818,0.8181818,0.8181818
Cc1ccc2c(=O)n(-c3ccc(OCCCN4CCCC4)cc3)c(C)nc2c1,train,test,train,0,0,0.8490566,0.8490566,0.8333333
Cc1ccc2nc(C)n(-c3ccc(OCCCN4CCCC4)cc3)c(=O)c2c1,train,train,test,0,0,0.8490566,0.8181818,0.8490566
Cc1cccc2nc(C)n(-c3ccc(OCCCN4CCCC4)cc3)c(=O)c12,train,train,train,0,0,0.8333333,0.8035714,0.8333333
O=c1c2ccccc2nc(-c2ccccc2)n1-c1ccc(OCCCN2CCCC2)cc1,train,train,test,0,0,0.76363635,0.7924528,0.9019608
CC(C)c1nc2ccccc2c(=O)n1-c1ccc(OCCCN2CCCC2)cc1,train,train,train,0,0,0.7368421,0.76363635,0.7368421
CCCc1nc2ccccc2c(=O)n1-c1ccc(OCCCN2CCCC2)cc1,train,train,test,0,0,0.8518519,0.8518519,0.8518519
CCc1nc2ccccc2c(=O)n1-c1ccc(OCCCN2CCCC2)cc1,train,train,train,0,0,0.8518519,0.8518519,0.7368421
Cc1nc2ccccc2c(=O)n1-c1ccc(OCCCN2CCCC2)cc1,test,train,test,0,0,0.8113208,0.8113208,0.8113208
O=c1c2ccccc2ncn1-c1ccc(OCCCN2CCCC2)cc1,train,train,train,0,0,0.6666667,0.6666667,0.6666667
COc1cccc2c1OC(c1ccc(OC3CCN(C4CCC4)CC3)cc1)C(C)S2(=O)=O,train,train,test,1,1,0.5846154,0.5846154,0.5846154
COc1cccc2c1OC(c1ccc(OCCCN3CCC[C@H](C)C3)cc1)C(C)S2(=O)=O,test,test,train,0,0,0.81666666,0.81666666,0.81666666
COc1cccc2c1OC(c1ccc(OCCCN3CCCCC3)cc1)C(C)S2(=O)=O,train,train,train,0,0,0.73333335,0.73333335,0.81666666
COc1ccc2c(c1)OC(c1ccc(OCCCN3CCCC3)cc1)C(C)S2(=O)=O,train,test,train,0,0,0.8679245,0.8679245,0.8679245
COc1ccc2c(c1)S(=O)(=O)C(C)C(c1ccc(OCCCN3CCCC3)cc1)O2,train,train,train,0,0,0.8679245,0.7924528,0.8679245
COc1cccc2c1S(=O)(=O)C(C)C(c1ccc(OCCCN3CCCC3)cc1)O2,train,train,test,0,0,0.75,0.75,0.75
CC1=C(c2ccc(OCCCN3CCCC3)cc2)Oc2ccccc2S1(=O)=O,train,train,train,0,0,0.5762712,0.61403507,0.61403507
C[C@H]1[C@H](c2ccc(OCCCN3CCCC3)cc2)Oc2ccccc2S1(=O)=O,train,train,train,0,0,0.8113208,0.7924528,0.8113208
CC1=C(c2ccc(OCCCN3CCCC3)cc2)Oc2ccccc2S1,test,train,train,0,0,0.61403507,0.61403507,0.61403507
c1ccc([C@@H]2Sc3ccccc3O[C@@H]2c2ccc(OCCCN3CCCC3)cc2)cc1,train,train,test,0,0,0.5762712,0.5762712,0.72727275
CC[C@@H]1Sc2ccccc2O[C@@H]1c1ccc(OCCCN2CCCC2)cc1,test,test,train,0,0,0.72727275,0.72727275,0.59322035
COCC1CCCN1S(=O)(=O)c1ccc(-c2ccc(CCN3CCC[C@H]3C)cc2)cc1,train,train,train,4,4,0.68421054,0.68421054,0.68421054
C[C@@H]1CCCN1CCc1ccc(-c2ccc(S(=O)(=O)N3CCC(O)C3)cc2)cc1,train,train,test,4,4,0.74509805,0.7090909,0.7090909
COC1CCN(S(=O)(=O)c2ccc(-c3ccc(CCN4CCC[C@H]4C)cc3)cc2)CC1,train,train,train,4,4,0.78,0.7358491,0.68421054
C[C@@H]1CCCN1CCc1ccc(-c2ccc(S(=O)(=O)N3CCS(=O)(=O)CC3)cc2)cc1,train,train,test,4,4,0.8125,0.7647059,0.7358491
CC1COCC(C)N1S(=O)(=O)c1ccc(-c2ccc(CCN3CCC[C@H]3C)cc2)cc1,train,train,train,4,4,0.7307692,0.7307692,0.68
C[C@@H]1CCCN1CCc1ccc(-c2ccc(S(=O)(=O)NCc3ccncc3)cc2)cc1,test,test,test,4,4,0.8113208,0.7358491,0.8113208
C[C@@H]1CCCN1CCc1ccc(-c2ccc(S(=O)(=O)NCc3ccccc3)cc2)cc1,train,test,train,4,4,0.7692308,0.7692308,0.7692308
C[C@@H]1CCCN1CCc1ccc(-c2ccc(S(=O)(=O)Nc3ccccc3)cc2)cc1,train,train,train,4,4,0.7692308,0.7254902,0.7692308
C[C@@H]1CCCN1CCc1ccc(-c2ccc(S(=O)(=O)NC3CCC3)cc2)cc1,test,train,train,4,4,0.84,0.84,0.74
C[C@@H]1CCCN1CCc1ccc(-c2ccc(S(=O)(=O)NCC3CC3)cc2)cc1,test,test,train,4,4,0.79591835,0.79591835,0.79591835
COCCNS(=O)(=O)c1ccc(-c2ccc(CCN3CCC[C@H]3C)cc2)cc1,train,test,train,4,4,0.75,0.78846157,0.754717
CCC(CO)NS(=O)(=O)c1ccc(-c2ccc(CCN3CCC[C@H]3C)cc2)cc1,test,train,train,4,4,0.6909091,0.6909091,0.6909091
C[C@@H]1CCCN1CCc1ccc(-c2ccc(S(N)(=O)=O)cc2)cc1,train,train,train,4,4,0.7234042,0.7083333,0.7083333
C[C@@H]1CCCN1CCc1ccc(-c2ccc(S(=O)(=O)N3CCCCC3)cc2)cc1,train,test,test,4,4,0.8125,0.8125,0.78
CCCNS(=O)(=O)c1ccc(-c2ccc(CCN3CCC[C@H]3C)cc2)cc1,test,train,test,4,4,0.8333333,0.8333333,0.8333333
COC(=O)N1CC(Oc2ccc(F)cc2)CC1C(=O)N1CCCN(C2CCC2)CC1,train,train,train,1,1,0.8032787,0.8032787,0.84210527
COC(=O)N1CC(Oc2cccc(F)c2)CC1C(=O)N1CCCN(C2CCC2)CC1,train,train,train,1,1,0.85714287,0.85714287,0.82258064
COC(=O)c1cc(-c2ccc3cc(CCN4CCC[C@H]4C)ccc3n2)on1,train,train,train,4,4,0.8360656,0.8360656,0.8360656
COC(=O)c1c(C)noc1-c1ccc2cc(CCN3CCC[C@H]3C)ccc2n1,train,train,train,4,4,0.859375,0.859375,0.859375
CCOC(=O)c1ccc(-c2ccc(OCCCN3CCCCC3)cc2)cc1,train,train,train,0,0,0.6666667,0.6666667,0.6666667
O=C(c1ccccc1-c1ccc(OCCCN2CCCCC2)cc1)N1CCCCC1,train,train,train,0,0,0.6666667,0.6666667,0.6666667
COc1ccccc1-c1ccc(OCCCN2CCCCC2)cc1,train,test,train,0,0,0.67391306,0.67391306,0.67391306
c1cc(-c2ccc3c(c2)OCO3)ccc1OCCCN1CCCCC1,train,train,train,0,0,0.6923077,0.6923077,0.6923077
c1cc(C2CCOCC2)ccc1OCCCN1CCCCC1,train,train,train,0,0,0.7948718,0.7948718,0.7948718
c1cc(C2CCCCO2)ccc1OCCCN1CCCCC1,test,test,train,0,0,0.925,0.925,0.925
c1cc(N2CCCCC2)ccc1OCCCN1CCCCC1,train,train,train,0,0,0.7631579,0.7631579,0.7631579
c1cc(C2CCCCC2)ccc1OCCCN1CCCCC1,train,train,train,0,0,0.7948718,0.7948718,0.7948718
C1=C(c2ccc(OCCCN3CCCCC3)cc2)CCC1,train,train,train,0,0,0.7222222,0.7222222,0.7222222
c1cc(C2=NCCO2)ccc1OCCCN1CCCCC1,test,test,train,0,0,0.65,0.65,0.65
c1ncc(-c2ccc(OCCCN3CCCCC3)cc2)o1,train,train,test,0,0,0.675,0.675,0.675
Cn1nccc1-c1ccc(OCCCN2CCCCC2)cc1,train,train,train,0,0,0.6666667,0.6666667,0.6666667
c1c[nH]c(-c2ccc(OCCCN3CCCCC3)cc2)n1,test,test,train,0,0,0.6666667,0.6666667,0.6666667
c1cc(C2CCCO2)ccc1OCCCN1CCCCC1,train,train,train,0,0,0.6666667,0.6666667,0.925
c1coc(-c2ccc(OCCCN3CCCCC3)cc2)c1,train,train,train,0,0,0.7027027,0.7027027,0.7027027
c1csc(-c2ccc(OCCCN3CCCCC3)cc2)c1,train,train,test,0,0,0.68421054,0.68421054,0.68421054
CN([C@H]1CC[C@H](c2ccc(OCCCN3CCCCC3)cc2)CC1)S(=O)(=O)c1ccccc1,test,train,test,0,0,0.59615386,0.59615386,0.59615386
CN[C@H]1CC[C@H](c2ccc(OCCCN3CCCCC3)cc2)CC1,train,train,train,0,0,0.75609756,0.75609756,0.75609756
CC1CCN([C@H]2CC[C@@H](c3ccc(OCCCN4CCCCC4)cc3)CC2)CC1,test,test,train,0,0,0.84090906,0.84090906,0.6888889
c1cc([C@H]2CC[C@H](N3CCCCC3)CC2)ccc1OCCCN1CCCCC1,train,train,test,0,0,0.775,0.775,0.84090906
O=C1CCC(c2ccc(OCCCN3CCCCC3)cc2)CC1,test,test,train,0,0,0.775,0.775,0.775
C[C@@H]1CCCN1CCCOc1ccc(-c2cc(-c3ccccn3)c(=O)[nH]n2)cc1,train,train,train,4,4,0.7741935,0.7741935,0.73333335
C[C@@H]1CCCN1CCCOc1ccc(-c2ccc(=O)n(CCO)n2)cc1,train,train,train,4,4,0.8214286,0.8214286,0.8214286
C[C@@H]1CCCN1CCCOc1ccc(-c2ccc(=O)n(-c3ncccn3)n2)cc1,train,train,test,4,4,0.8103448,0.8103448,0.8103448
Cc1cc(-c2ccc(OCCCN3CCC[C@H]3C)cc2)n[nH]c1=O,train,train,train,4,4,0.73333335,0.73333335,0.73333335
Cc1cc(=O)[nH]nc1-c1ccc(OCCCN2CCC[C@H]2C)cc1,train,train,test,4,4,0.75,0.75,0.70689654
C[C@@H]1CCCN1CCCOc1ccc(-c2ccc(=O)n(CCF)n2)cc1,train,train,train,4,4,0.8214286,0.8214286,0.8214286
C[C@@H]1CCCN1CCCOc1ccc(-c2ccc(=O)n(C)n2)cc1Cl,train,train,train,4,4,0.79310346,0.79310346,0.71929824
C[C@@H]1CCCN1CCCOc1ccc(-c2ccc(=O)n(CC(F)(F)F)n2)cc1,train,train,train,4,4,0.79310346,0.79310346,0.79310346
C[C@@H]1CCCN1CCCOc1ccc(-c2n[nH]c(=O)cc2-c2ccccn2)cc1,train,train,test,4,4,0.7741935,0.7741935,0.7741935
C[C@@H]1CCCN1CCCOc1ccc(-c2ccc(=O)n(C)n2)cc1F,train,train,test,4,4,0.79310346,0.79310346,0.79310346
C[C@@H]1CCCN1CCCOc1c(F)cc(-c2ccc(=O)[nH]n2)cc1F,train,train,train,4,4,0.75438595,0.75438595,0.75438595
C[C@@H]1CCCN1CCCOc1ccc(-c2ccc(=O)n(-c3ccccn3)n2)cc1,train,train,train,4,4,0.8103448,0.8103448,0.75
C[C@@H]1CCCN1CCCOc1ccc(-c2ccc(=O)[nH]n2)c(F)c1,train,train,train,4,4,0.779661,0.7,0.779661
C[C@@H]1CCCN1CCCOc1c(F)cc(-c2ccc(=O)n(C)n2)cc1F,train,train,train,4,4,0.7894737,0.7894737,0.75438595
C[C@@H]1CCCN1CCCOc1ccc(-c2ccc(=O)[nH]n2)cc1C#N,train,train,test,4,4,0.6885246,0.6885246,0.640625
C[C@@H]1CCCN1CCCOc1ccc(-c2ccc(=O)[nH]n2)cn1,train,train,test,4,4,0.6896552,0.6896552,0.6896552
COc1cc(OCCCN2CCC[C@H]2C)ccc1-c1ccc(=O)[nH]n1,train,test,train,4,4,0.779661,0.779661,0.779661
Cc1nc2ccccc2n1-c1ccc(C(=O)N(C)[C@@H]2CCN(C)C2)cc1,train,train,train,1,1,0.78571427,0.78571427,0.78571427
CCN1CC[C@@H](N(C)C(=O)c2ccc(-n3c(C)nc4ccccc43)cc2)C1,train,train,train,1,1,0.8545455,0.8545455,0.8545455
CCCN1CC[C@@H](N(C)C(=O)c2ccc(-n3c(C)nc4ccccc43)cc2)C1,train,train,train,1,1,0.8545455,0.8545455,0.8545455
Cc1nc2ccccc2n1-c1ccc(C(=O)N(C)[C@@H]2CCN(C3CCCCCC3)C2)cc1,train,train,train,1,1,0.75438595,0.779661,0.779661
Cc1nc2ccccc2n1-c1ccc(C(=O)N[C@@H]2CCN(C(C)C)C2)cc1,train,train,train,1,1,0.640625,0.640625,0.7288136
CCN(C(=O)c1ccc(-n2c(C)nc3ccccc32)cc1)[C@@H]1CCN(C(C)C)C1,train,train,train,1,1,0.75409836,0.75409836,0.75409836
CCN(C(=O)c1ccc(-n2c(C)nc3ccccc32)cc1)[C@@H]1CCN(C2CCC2)C1,train,test,test,1,1,0.75409836,0.962963,0.962963
Cc1nc2ccccc2n1-c1ccc(C(=O)N[C@@H]2CCN(C3CCCC3)C2)cc1,test,test,train,1,1,0.7288136,0.7288136,0.7288136
CCN(C(=O)c1ccc(-n2c(C)nc3ccccc32)cc1)[C@@H]1CCN(C2CCCC2)C1,test,train,train,1,1,0.962963,0.779661,0.779661
Cc1nc2ccccc2n1Cc1ccc(C(=O)N(C)[C@@H]2CCN(C(C)C)C2)cc1,train,train,train,1,1,0.73015875,0.73015875,0.73015875
Cc1nc2ccccc2n1Cc1ccc(C(=O)N(C)[C@@H]2CCN(C3CCC3)C2)cc1,train,train,train,1,1,0.73015875,0.73015875,0.96428573
Cc1nc2ccccc2n1Cc1ccc(C(=O)N(C)[C@@H]2CCN(C3CCCC3)C2)cc1,test,test,train,1,1,0.96428573,0.96428573,0.96428573
CC(C)N1CC[C@@H](N(C)C(=O)c2ccc(Cn3cnc4ccccc43)cc2)C1,train,train,train,1,1,0.7258065,0.7258065,0.7258065
CN(C(=O)c1ccc(Cn2cnc3ccccc32)cc1)[C@@H]1CCN(C2CCC2)C1,train,train,train,1,1,0.96363634,0.7258065,0.7258065
CN(C(=O)c1ccc(Cn2cnc3ccccc32)cc1)[C@@H]1CCN(C2CCCC2)C1,train,test,test,1,1,0.96363634,0.96363634,0.96363634
CC(C)N1CC[C@@H](N(C)C(=O)c2ccc(-n3cccn3)cc2)C1,train,train,train,1,1,0.6909091,0.6909091,0.6909091
CN(C(=O)c1ccc(-n2cccn2)cc1)[C@@H]1CCN(C2CCC2)C1,train,train,train,1,1,0.9574468,0.9574468,0.9574468
CN(C(=O)c1ccc(-n2cccn2)cc1)[C@@H]1CCN(C2CCCC2)C1,train,train,train,1,1,0.9574468,0.9574468,0.9574468
CC(C)N1CC[C@@H](N(C)C(=O)c2ccc(Cn3cccn3)cc2)C1,train,train,train,1,1,0.7017544,0.7017544,0.7017544
CN(C(=O)c1ccc(Cn2cccn2)cc1)[C@@H]1CCN(C2CCC2)C1,test,test,train,1,1,0.96,0.96,0.96
CN(C(=O)c1ccc(Cn2cccn2)cc1)[C@@H]1CCN(C2CCCC2)C1,train,train,train,1,1,0.7017544,0.7017544,0.96
Cc1nc2ccccc2n1-c1ccc(C(=O)N2CC[C@H](N3CCCC3)C2)cc1,test,train,train,1,1,0.61904764,0.61904764,0.5967742
Cn1nc(-c2ccc(OCCCN3CCCCC3)cc2)c2c(c1=O)CCCC2,train,train,train,0,0,0.95652175,0.95652175,0.6981132
C[C@@H]1CCCN1CCCOc1ccc(-c2nn(C)c(=O)c3c2CCCC3)cc1,test,train,train,4,4,0.9607843,0.9607843,0.9607843
CN1N=C(c2ccc(OCCCN3CCCCC3)cc2)C2CCCC2C1=O,train,train,train,0,0,0.72727275,0.72727275,0.5689655
C[C@@H]1CCCN1CCCOc1ccc(C2=NN(C)C(=O)C3CCCC23)cc1,train,train,test,4,4,0.72727275,0.72727275,0.72727275
Cn1nc(-c2ccc(OCCCN3CCCCC3)cc2)c2c(c1=O)CCC2,train,train,test,0,0,0.95652175,0.95652175,0.95652175
C[C@@H]1CCCN1CCCOc1ccc(-c2nn(C)c(=O)c3c2CCC3)cc1,train,train,train,4,4,0.7241379,0.9607843,0.9607843
O=c1c2ccsc2c(-c2ccc(OCCCN3CCCCC3)cc2)nn1Cc1ccc(Cl)cc1,test,train,train,0,0,0.74603176,0.74603176,0.74603176
C[C@@H]1CCCN1CCCOc1ccc(-c2nn(Cc3ccc(Cl)cc3)c(=O)c3ccsc23)cc1,train,train,train,4,4,0.7794118,0.7794118,0.76811594
CCCn1nc(-c2ccc(OCCCN3CCC(C)CC3)cc2)c2sccc2c1=O,test,test,train,0,0,0.75384617,0.75384617,0.6142857
CCCn1nc(-c2ccc(OCCCN3CCC[C@H]3C)cc2)c2sccc2c1=O,train,train,test,4,4,0.7794118,0.7794118,0.7794118
CC(C)n1nc(-c2ccc(OCCCN3CCCC3)cc2)c2sccc2c1=O,train,test,train,0,0,0.9811321,0.9811321,0.9811321
CCN(CC)CCCOc1ccc(-c2nn(C(C)C)c(=O)c3ccsc23)cc1,train,test,train,0,0,0.7,0.6885246,0.7
CC(C)n1nc(-c2ccc(OCCCN3CCCCC3)cc2)c2sccc2c1=O,train,train,train,0,0,0.9811321,0.6666667,0.9811321
CC(C)n1nc(-c2ccc(OCCCN3CCC[C@H]3C)cc2)c2sccc2c1=O,train,test,train,4,4,0.75757575,0.75757575,0.74603176
O=c1c2ccccc2c(-c2ccc(OCCCN3CCCCC3)cc2)nn1Cc1ccc(Cl)cc1,train,train,train,0,0,0.6896552,0.74603176,0.74603176
C[C@@H]1CCCN1CCCOc1ccc(-c2nn(Cc3ccc(Cl)cc3)c(=O)c3ccccc23)cc1,test,train,train,4,4,0.76811594,0.76811594,0.76811594
Cn1nc(-c2ccc(OCCCN3CCCCCC3)cc2)c2ccccc2c1=O,train,train,train,0,0,1.0,1.0,0.9777778
Cn1nc(-c2ccc(OCCCN3CCCC3)cc2)c2ccccc2c1=O,train,train,train,0,0,0.9777778,0.9777778,0.9777778
Cn1nc(-c2ccc(OCCCN3CCCCC3)cc2)c2ccccc2c1=O,train,train,test,0,0,1.0,1.0,1.0
Cn1nc(-c2ccc(OCCN3CCCCC3)cc2)c2ccccc2c1=O,train,train,test,0,0,0.89361703,0.89361703,0.89361703
C[C@@H]1CCCN1CCCOc1ccc(-c2nn(C)c(=O)c3ccccc23)cc1,train,test,train,4,4,0.7241379,0.73015875,0.73015875
COc1cccc(C(O)(COc2ccccc2C)CN2CCN(C)CC2)c1,test,train,test,0,0,0.36507937,0.36507937,0.36507937
CN1CCN(c2cc(NCC(C)(C)C)ncn2)CC1,train,train,train,0,0,0.75,0.6086956,0.75
CN(C)[C@@H]1CCN(c2cc(NCC(C)(C)C)ncn2)C1,test,train,train,4,4,0.6086956,0.6086956,0.6086956
CN1CCN(c2cc(NCCC(C)(C)C)ncn2)CC1,train,test,train,0,0,0.75,0.75,0.75
C[C@@H]1CCCN1CCc1ccc(-c2ccc(=O)n(C)n2)cc1,train,train,train,4,4,0.74509805,0.74509805,0.74509805
C[C@@H]1CCCN1CCc1ccc(-c2ccc(=O)[nH]n2)cc1,train,train,train,4,4,0.71428573,0.71428573,0.71428573
Cn1nc(-c2ccc(CCN3CCCC3)cc2)ccc1=O,train,train,train,4,4,0.65957445,0.65957445,0.65957445
C[C@@H]1CCCN1CCc1ccc(-c2ccc(=O)n(-c3ccccc3)n2)cc1,train,train,train,4,4,0.8113208,0.8113208,0.8113208
C[C@@H]1CCCN1CCc1ccc(-c2ccc(=O)n(-c3ccc(F)cc3)n2)cc1,train,train,train,4,4,0.8148148,0.8148148,0.8148148
C[C@@H]1CCCN1CCc1ccc(-c2ccc(=O)n(-c3ccc(Cl)cc3)n2)cc1,train,train,train,4,4,0.8148148,0.8148148,0.8148148
C[C@@H]1CCCN1CCc1ccc(-c2ccc(=O)n(Cc3ccccc3)n2)cc1,train,train,train,4,4,0.7457627,0.7457627,0.74545455
C[C@@H]1CCCN1CCc1ccc(-c2ccc(=O)n(-c3ccccn3)n2)cc1,train,train,train,4,4,0.75,0.75,0.75
c1ccc2c(c1)nc1n(CCN3CCCCC3)cnn21,train,train,train,0,0,0.4117647,0.4117647,0.4117647
c1ccc2c(N3CCN(C4CCCC4)CC3)ncnc2c1,train,train,train,2,2,0.51111114,0.44,0.51111114
C[C@@H]1CCCN1CCCOc1ccc(-c2ccc(=O)[nH]c2)cc1,train,train,train,4,4,0.6730769,0.6730769,0.6730769
C[C@@H]1CCCN1CCCOc1ccc(-c2ccc(=O)n(C)c2)cc1,train,train,train,4,4,0.7254902,0.78431374,0.78431374
C[C@@H]1CCCN1CCCOc1ccc(-c2ccn(C)c(=O)c2)cc1,train,test,train,4,4,0.7254902,0.7254902,0.7254902
C[C@@H]1CCCN1CCCOc1ccc(-c2cccc(=O)n2C)cc1,test,test,train,4,4,0.6603774,0.6666667,0.6785714
C[C@@H]1CCCN1CCCOc1ccc(-c2cccn(C)c2=O)cc1,test,train,test,4,4,0.7222222,0.71428573,0.7222222
C[C@@H]1CCCN1CCCOc1ccc(-c2ccc(=O)n(-c3ccccc3)c2)cc1,test,test,train,4,4,0.8181818,0.8181818,0.7358491
C[C@@H]1CCCN1CCCOc1ccc(-c2ccc(=O)n(-c3ccc(F)cc3)c2)cc1,train,train,test,4,4,0.7090909,0.7090909,0.8181818
C[C@@H]1CCCN1CCCOc1ccc(-c2ccc(=O)n(Cc3ccccc3)c2)cc1,train,test,train,4,4,0.7090909,0.7090909,0.7241379
C[C@@H]1CCCN1CCCOc1ccc(-c2cc(C#N)c(=O)n(C)c2)cc1,train,train,train,4,4,0.7,0.7,0.7
C[C@@H]1CCCN1CCCOc1ccc(-c2cc(-c3ccccc3)c(=O)n(C)c2)cc1,train,train,train,4,4,0.7368421,0.71428573,0.7368421
C[C@@H]1CCCN1CCCOc1ccc(-c2cn(C)c(=O)c3ccccc23)cc1,train,test,train,4,4,0.7368421,0.7368421,0.7368421
C[C@@H]1CCCN1CCCOc1cccc(-c2ccc(=O)n(C)c2)c1,test,train,train,4,4,0.78431374,0.78431374,0.78431374
Clc1ccc(CN/C(=N\C2CCCCC2)SCCCc2c[nH]cn2)cc1,test,test,train,3,3,0.48333332,0.48333332,0.64912283
OCCOc1ccc2c(c1)CCC1(CCN(C3CCC3)CC1)O2,train,train,train,1,1,0.78,0.78,0.78
CC(O)COc1ccc2c(c1)CCC1(CCN(C3CCC3)CC1)O2,train,train,train,1,1,0.7169811,0.7169811,0.7169811
CC(C)(O)COc1ccc2c(c1)CCC1(CCN(C3CCC3)CC1)O2,train,train,train,1,1,0.7169811,0.7169811,0.7169811
COCCOc1ccc2c(c1)CCC1(CCN(C3CCC3)CC1)O2,train,train,train,1,1,0.8,0.8,0.8
CSCCOc1ccc2c(c1)CCC1(CCN(C3CCC3)CC1)O2,train,train,train,1,1,0.8958333,0.8,0.8958333
CSCCCOc1ccc2c(c1)CCC1(CCN(C3CCC3)CC1)O2,train,test,train,1,1,0.8958333,0.8958333,0.8958333
CS(=O)(=O)CCOc1ccc2c(c1)CCC1(CCN(C3CCC3)CC1)O2,test,train,train,1,1,0.9019608,0.754717,0.9019608
CS(=O)(=O)CCCOc1ccc2c(c1)CCC1(CCN(C3CCC3)CC1)O2,train,test,train,1,1,0.7592593,0.9019608,0.9019608
c1cc2c(cc1OC1CCSC1)CCC1(CCN(C3CCC3)CC1)O2,test,train,train,1,1,0.7307692,0.7169811,0.7169811
c1cc2c(cc1OCC1CCOC1)CCC1(CCN(C3CCC3)CC1)O2,train,train,train,1,1,0.70689654,0.70689654,0.73214287
c1cc2c(cc1OCC1CCCO1)CCC1(CCN(C3CCC3)CC1)O2,train,train,train,1,1,0.7017544,0.7017544,0.7017544
c1cc2c(cc1OC1CCOCC1)CCC1(CCN(C3CCC3)CC1)O2,train,test,test,1,1,0.75,0.7755102,0.7755102
c1cc2c(cc1OC1CCSCC1)CCC1(CCN(C3CCC3)CC1)O2,test,test,test,1,1,0.7755102,0.8958333,0.8958333
c1cc2c(cc1OCC1CCSCC1)CCC1(CCN(C3CCC3)CC1)O2,test,test,train,1,1,0.75,0.75,0.73214287
O=S1(=O)CCC(Oc2ccc3c(c2)CCC2(CCN(C4CCC4)CC2)O3)C1,test,train,train,1,1,0.9,0.9,0.6909091
O=S1(=O)CCC(Oc2ccc3c(c2)CCC2(CCN(C4CCC4)CC2)O3)CC1,train,train,test,1,1,0.74545455,0.9,0.9
O=S1(=O)CCC(COc2ccc3c(c2)CCC2(CCN(C4CCC4)CC2)O3)CC1,train,train,test,1,1,0.74545455,0.74545455,0.75
CN1CCN(c2nc(N)nc3cc(-c4ccoc4)ccc23)CC1,test,train,train,4,4,0.68,0.7,0.68
CN1CCN(c2nc(N)nc3cc(-c4ccsc4)ccc23)CC1,train,test,train,4,4,0.4827586,0.68,0.68
CN1CCN(c2nc(N)nc3cc(-c4ccco4)ccc23)CC1,test,train,test,4,4,0.7755102,0.7,0.7755102
Nc1nc(N2CCNCC2)c2ccc(-c3ccco3)cc2n1,train,test,train,4,4,0.5882353,0.7755102,0.5882353
CCCCC(c1ccc(-c2ccc(C)cc2)cc1)N1CCCCC1,train,train,train,0,0,0.73170733,0.73170733,0.45833334
CCCCCc1ccc(-c2ccc(CN3CCCCC3)cc2)cc1,train,train,train,4,4,0.67741936,0.67741936,0.67741936
CCCCC(c1ccc(-c2ccc(CN3CCCCC3)cc2)cc1)N1CCCCC1,train,train,test,0,0,0.73170733,0.73170733,0.73170733
C[C@@H]1CCCN1Cc1ccc(-c2ccc(C(Cc3ccccc3)N3CCCCC3)cc2)cc1,train,train,train,4,4,0.6875,0.4909091,0.6875
CN(C)C(Cc1ccccc1)c1ccc(-c2ccc(CN3CCCCC3)cc2)cc1,train,train,test,4,4,0.65217394,0.6363636,0.65217394
c1ccc(CC(c2ccc(-c3ccc(CN4CCCCC4)cc3)cc2)N2CCCCC2)cc1,train,test,train,4,4,0.6875,0.6875,0.6875
COCCCS(=O)(=O)c1ccc(-c2ccc(CCN3CCC[C@H]3C)cc2)cc1,test,test,test,4,4,0.72727275,0.65384614,0.72727275
O=C1CCC(c2ccc(OCCCN3CCCC3)cc2)=NN1,train,train,test,0,0,0.6666667,0.6666667,0.6666667
C[C@@H]1CCCN1CCCOc1ccc(C2=NN(C)C(=O)CC2)cc1,test,train,test,4,4,0.7818182,0.7818182,0.7818182
CC(C)N1N=C(c2ccc(OCCCN3CCC[C@H]3C)cc2)CCC1=O,train,train,train,4,4,0.704918,0.7818182,0.704918
C[C@@H]1CCCN1CCCOc1ccc(C2=NN(CC(F)(F)F)C(=O)CC2)cc1,train,train,train,4,4,0.73015875,0.7413793,0.7
O=C1CCC(c2ccc(OCCCN3CCCCC3)cc2)=NN1CC(F)(F)F,train,train,train,0,0,0.7,0.7,0.7
C[C@@H]1CCCN1CCCOc1ccc(C2=NN(c3ccccc3)C(=O)CC2)cc1,train,train,train,4,4,0.7419355,0.75438595,0.8
C[C@@H]1CCCN1CCCOc1ccc(C2=NN(Cc3ccccc3)C(=O)CC2)cc1,train,test,test,4,4,0.7419355,0.7419355,0.7419355
C[C@@H]1CCCN1CCCOc1ccc(C2=NN(c3ccccn3)C(=O)CC2)cc1,test,test,train,4,4,0.8,0.8,0.8
CC1CC(c2ccc(OCCCN3CCC[C@H]3C)cc2)=NNC1=O,test,train,test,4,4,0.7457627,0.7457627,0.72727275
CC1CC(=O)NN=C1c1ccc(OCCCN2CCC[C@H]2C)cc1,train,train,train,4,4,0.7358491,0.7358491,0.7358491
CC1CC(=O)NN=C1c1ccc(OCCCN2CCCC2)cc1,train,train,train,0,0,0.9777778,0.9777778,0.9777778
CC1CC(=O)NN=C1c1ccc(OCCCN2CCCCC2)cc1,train,train,train,0,0,0.9777778,0.9777778,0.9777778
C[C@@H]1CCCN1CCCOc1ccc(C2=NNC(=O)C(C)(C)C2)cc1,train,test,train,4,4,0.6229508,0.71929824,0.7
C[C@@H]1CCCN1CCCOc1ccc(C2=NNC(=O)CC2(C)C)cc1,test,train,train,4,4,0.7,0.6779661,0.7
C[C@@H]1CCCN1CCCOc1ccc(C2=NNC(=O)C(c3ccccn3)C2)cc1,train,train,test,4,4,0.75,0.7457627,0.75
C[C@@H]1CCCN1CCCOc1ccc(C2=NNC(=O)CC2c2ccccn2)cc1,train,test,train,4,4,0.75,0.75,0.73333335
CN1CCN(C(=O)c2cn3cc(Cl)ccc3n2)CC1,train,train,train,1,1,0.36363637,0.3653846,0.3653846
CN1CCN(C(=O)c2cc3cccnc3[nH]2)CC1,train,train,test,1,1,0.53061223,0.53061223,0.53061223
CN1C[C@H]2CN(C(=O)c3cc4cc(Cl)ccc4[nH]3)C[C@H]2C1,train,test,test,1,1,0.6304348,0.6304348,0.6304348
CN1C[C@H]2CN(C(=O)c3nc4cc(F)ccc4[nH]3)C[C@H]2C1,train,train,test,1,1,0.75,0.75,0.75
CN1C[C@H]2CN(C(=O)c3nc4cc(F)c(F)cc4[nH]3)C[C@H]2C1,train,train,train,1,1,0.7446808,0.7446808,0.73913044
CN1C[C@H]2CN(C(=N)c3nc4cc(F)c(F)cc4[nH]3)C[C@H]2C1,test,train,train,1,1,0.7446808,0.7446808,0.7446808
CN1C[C@H]2CN(C(=N)c3nc4cc(F)ccc4[nH]3)C[C@H]2C1,train,train,train,1,1,0.75,0.75,0.7446808
CN1C[C@H]2CN(C(=N)c3nc4ccccc4[nH]3)C[C@H]2C1,train,train,train,1,1,0.70212764,0.70212764,0.70212764
O=c1cc(-c2ccc(OC3CCN(C4CCC4)CC3)nc2)cn[nH]1,train,train,train,1,1,0.6923077,0.6923077,0.74
Cc1nn(-c2ccsc2)c(=O)cc1-c1ccc(OC2CCN(C3CCC3)CC2)cc1,train,train,test,1,1,0.6779661,0.6779661,0.6779661
Cc1cccnc1-n1nc(C)c(-c2ccc(OC3CCN(C4CCC4)CC3)cc2)cc1=O,train,train,train,1,1,0.7580645,0.7580645,0.7580645
Cc1cccc(-n2nc(C)c(-c3ccc(OC4CCN(C5CCC5)CC4)cc3)cc2=O)n1,train,train,train,1,1,0.78333336,0.78333336,0.78333336
Cc1nn(-c2ccccn2)c(=O)cc1-c1ccc(OC2CCN(C3CCC3)CC2)cc1,train,train,train,1,1,0.78333336,0.78333336,0.78333336
Cc1nn(C)c(=O)cc1-c1ccc(OC2CCN(C3CCC3)CC2)cc1,train,train,train,1,1,0.6896552,0.6981132,0.6981132
CC1=NNC(=O)CC1c1ccc(OC2CCN(C3CCC3)CC2)cc1,train,test,test,1,1,0.58181816,0.58181816,0.58181816
Cc1n[nH]c(=O)cc1-c1ccc(OC2CCN(C3CCC3)CC2)cc1,test,train,train,1,1,0.7307692,0.7307692,0.6981132
O=c1cc(-c2ccc(OC3CCN(C4CCC4)CC3)cc2)cn[nH]1,test,test,train,1,1,0.74,0.74,0.74
C[C@@H]1CCCN1CCCOc1ccc(-c2cnn(-c3ccccn3)c(=O)c2)cc1,test,train,train,4,4,0.71875,0.71875,0.71875
Cc1cc(=O)[nH]nc1-c1ccc(OC2CCN(C3CCC3)CC2)cc1,train,train,test,1,1,0.6666667,0.7307692,0.7307692
O=c1ccc(-c2ccc(OC3CCN(C4CCC4)CC3)cc2)nn1-c1ccccn1,train,train,test,1,1,0.78571427,0.78571427,0.78571427
CC(C)N1CCC(Oc2ccc(-c3ccc(=O)n(C)n3)cc2)CC1,train,train,test,1,1,0.7291667,0.7291667,0.7291667
Cn1nc(-c2ccc(OC3CCNCC3)cc2)ccc1=O,train,train,train,1,1,0.70212764,0.70212764,0.6875
O=c1ccc(-c2ccc(OC3CCN(C4CCCC4)CC3)cc2)n[nH]1,train,train,train,1,1,0.9756098,0.9756098,0.9756098
O=c1ccc(-c2ccc(OC3CCN(C4CCC4)CC3)cc2)n[nH]1,train,train,train,1,1,0.9756098,0.9756098,0.9756098
CC1(C)CC(c2ccc(OC3CCN(C4CCC4)CC3)c(F)c2)=NNC1=O,train,train,train,1,1,0.6721311,0.71929824,0.71929824
CC1(C)CC(c2ccc(OC3CCN(C4CCC4)CC3)nc2)=NNC1=O,train,test,train,1,1,0.6721311,0.74545455,0.74545455
CC1(C)CC(c2ccc(OC3CCN(C4CCC4)CC3)cc2)=NNC1=O,test,train,train,1,1,0.74545455,0.71929824,0.74545455
O=C1CCC(c2ccc(OC3CCN(C4CCC4)CC3)cc2)=NN1,train,train,train,1,1,0.58181816,0.6603774,0.6603774
O=c1ccc(-c2ccc(OC3CCN(C4CCC4)CC3)nc2)nn1-c1ccccn1,train,train,train,1,1,0.78571427,0.78571427,0.68421054
CC(C)n1nc(-c2ccc(OC3CCN(C4CCC4)CC3)nc2)ccc1=O,train,train,test,1,1,0.754717,0.754717,0.7692308
Cn1nc(-c2ccc(OC3CCN(C4CCCC4)CC3)nc2)ccc1=O,train,train,train,1,1,0.754717,0.754717,0.9782609
Cn1nc(-c2ccc(OC3CCN(C4CCC4)CC3)nc2)ccc1=O,test,test,train,1,1,0.9782609,0.9782609,0.9782609
O=c1ccc(-c2ccc(OC3CCN(C4CCCC4)CC3)nc2)n[nH]1,test,test,train,1,1,0.97727275,0.97727275,0.97727275
O=c1ccc(-c2ccc(OC3CCN(C4CCC4)CC3)nc2)n[nH]1,train,train,train,1,1,0.7346939,0.7291667,0.97727275
CC(C)N1CCC(Oc2ccc(-c3ccc(=O)[nH]n3)cn2)CC1,train,test,train,1,1,0.7346939,0.7346939,0.7346939
O=C(CN1CCCCC1)c1ccc(OCCCN2CCCC2)cc1,test,train,train,0,0,0.85365856,0.8292683,0.85365856
O=C(CN1CCOCC1)c1ccc(OCCCN2CCCC2)cc1,train,train,train,0,0,0.9756098,0.8292683,0.9756098
O=C(CN1CCOCC1)c1ccc(OCCCN2CCCCC2)cc1,train,test,train,0,0,0.9756098,0.9756098,0.9756098
COC[C@H]1CCCN1CCCOc1ccc(C(=O)CN2CCOCC2)cc1,train,train,train,0,0,0.64285713,0.64285713,0.64285713
CC(C(=O)c1ccc(OCCCN2CCC[C@H]2C)cc1)N1CCOCC1,train,train,train,4,4,0.70689654,0.70689654,0.70689654
C[C@@H]1CCCN1CCCOc1ccc(C(=O)C(C)(C)N2CCOCC2)cc1,train,train,train,4,4,0.70689654,0.70689654,0.70689654
C[C@H]1CN(CC(=O)c2ccc(OCCCN3CCC[C@H]3C)cc2)C[C@@H](C)O1,train,train,train,4,4,0.70689654,0.73214287,0.69491524
Cc1cc(OCCCN2CCC[C@H]2C)ccc1C(=O)CN1CCOCC1,train,train,train,4,4,0.59375,0.6031746,0.59375
C=Cc1cnc2nc(N3CCC(N4CCCCC4)CC3)oc2c1,train,train,train,2,2,0.6938776,0.6938776,0.6938776
CC(=O)Nc1cnc2nc(N3CCC(N4CCCCC4)CC3)oc2c1,test,test,train,2,2,0.78571427,0.6885246,0.6885246
C[C@@H]1CCCN1c1cnc2nc(N3CCC(N4CCCCC4)CC3)oc2c1,test,train,train,2,2,0.6785714,0.6785714,0.6415094
c1ccc2c(c1)CN(c1cnc3nc(N4CCC(N5CCCCC5)CC4)oc3c1)C2,train,train,test,2,2,0.6415094,0.6785714,0.6785714
c1cnc(N2CCC(c3cnc4nc(N5CCC(N6CCCCC6)CC5)oc4c3)CC2)nc1,train,train,train,2,2,0.6315789,0.6315789,0.6315789
OCc1cccc(-c2cnc3nc(N4CCC(N5CCCCC5)CC4)oc3c2)c1,train,train,train,2,2,0.704918,0.704918,0.704918
CC(C)C(O)c1cccc(-c2cnc3nc(N4CCC(N5CCCCC5)CC4)oc3c2)c1,train,train,train,2,2,0.6984127,0.6984127,0.6984127
CC(=O)Nc1ccc(-c2cnc3nc(N4CCC(N5CCCCC5)CC4)oc3c2)cc1,train,test,test,2,2,0.7580645,0.7580645,0.78571427
CC(=O)Nc1ccccc1-c1cnc2nc(N3CCC(N4CCCCC4)CC3)oc2c1,train,train,train,2,2,0.7580645,0.6617647,0.6885246
NC(=O)c1ccc(-c2cnc3nc(N4CCC(N5CCCCC5)CC4)oc3c2)cc1,train,train,train,2,2,0.73333335,0.71428573,0.71428573
FC(F)(F)c1ccc(-c2cnc3nc(N4CCC(N5CCCCC5)CC4)oc3c2)cc1,train,train,train,2,2,0.7735849,0.7735849,0.7735849
O=Cc1cccc(-c2cnc3nc(N4CCC(N5CCCCC5)CC4)oc3c2)c1,train,train,train,2,2,0.704918,0.704918,0.704918
N#Cc1cc(-c2cnc3nc(N4CCC(N5CCCCC5)CC4)oc3c2)ccc1F,train,train,train,2,2,0.7241379,0.7241379,0.7586207
N#Cc1ccc(-c2cnc3nc(N4CCC(N5CCCCC5)CC4)oc3c2)cc1,test,test,train,2,2,0.8,0.8,0.7586207
c1cncc(-c2cnc3nc(N4CCC(N5CCCCC5)CC4)oc3c2)c1,train,train,train,2,2,0.78846157,0.78846157,0.78846157
c1cc(-c2cnc3nc(N4CCC(N5CCCCC5)CC4)oc3c2)ccn1,train,train,train,2,2,0.78846157,0.78846157,0.78846157
c1ccc(-c2cnc3nc(N4CCC(N5CCCCC5)CC4)oc3c2)nc1,train,train,train,2,2,0.75,0.75,0.75
N#Cc1cncc(-c2cnc3nc(N4CCC(N5CCCCC5)CC4)oc3c2)c1,train,train,test,2,2,0.6964286,0.6964286,0.8
Nc1ccc(-c2cnc3nc(N4CCC(N5CCCCC5)CC4)oc3c2)cn1,test,test,test,2,2,0.7735849,0.7735849,0.7735849
Fc1ccc(-c2cnc3nc(N4CCC(N5CCCCC5)CC4)oc3c2)cn1,train,train,train,2,2,0.74545455,0.74545455,0.74545455
Cc1cc(-c2cnc3nc(N4CCC(N5CCCCC5)CC4)oc3c2)ccn1,train,train,train,2,2,0.7735849,0.7735849,0.8
COc1cc(-c2cnc3nc(N4CCC(N5CCCCC5)CC4)oc3c2)ccn1,test,test,train,2,2,0.8,0.8,0.8
COc1cccc(-c2cnc3nc(N4CCC(N5CCCCC5)CC4)oc3c2)n1,train,train,train,2,2,0.7894737,0.7894737,0.7894737
Clc1cccc(-c2cnc3nc(N4CCC(N5CCCCC5)CC4)oc3c2)n1,train,train,train,2,2,0.78571427,0.78571427,0.78571427
Cc1cccc(-c2cnc3nc(N4CCC(N5CCCCC5)CC4)oc3c2)n1,train,train,train,2,2,0.7894737,0.7894737,0.7894737
Cc1cccnc1-c1cnc2nc(N3CCC(N4CCCCC4)CC3)oc2c1,train,train,train,2,2,0.70689654,0.70689654,0.70689654
FC(F)(F)c1cccc(-c2cnc3nc(N4CCC(N5CCCCC5)CC4)oc3c2)n1,test,test,train,2,2,0.7457627,0.7457627,0.7457627
CCc1cccc(-c2cnc3nc(N4CCC(N5CCCCC5)CC4)oc3c2)n1,test,test,train,2,2,0.7758621,0.7758621,0.7758621
c1cc2c(c(-c3cnc4nc(N5CCC(N6CCCCC6)CC5)oc4c3)c1)OCCO2,train,train,train,2,2,0.6825397,0.6825397,0.6825397
O=C1Cc2cc(-c3cnc4nc(N5CCC(N6CCCCC6)CC5)oc4c3)ccc2N1,train,train,test,2,2,0.6557377,0.6557377,0.6557377
O=c1nc[nH]c2cc(-c3cnc4nc(N5CCC(N6CCCCC6)CC5)oc4c3)ccc12,train,train,test,2,2,0.6507937,0.6507937,0.6507937
COc1ccnc2c(-c3cnc4nc(N5CCC(N6CCCCC6)CC5)oc4c3)cccc12,train,train,train,2,2,0.72307694,0.72307694,0.72307694
c1cnc2c(-c3cnc4nc(N5CCC(N6CCCCC6)CC5)oc4c3)cccc2c1,train,train,train,2,2,0.72307694,0.72307694,0.72307694
Cc1nnc2ccc(-c3cnc4nc(N5CCC(N6CCCCC6)CC5)oc4c3)cn12,train,train,train,2,2,0.7076923,0.7076923,0.7076923
O=c1ccnc2ccc(-c3cnc4nc(N5CCC(N6CCCCC6)CC5)oc4c3)cn12,train,train,train,2,2,0.7076923,0.7076923,0.7076923
O=c1ccnc2c(-c3cnc4nc(N5CCC(N6CCCCC6)CC5)oc4c3)cccn12,train,train,train,2,2,0.6865672,0.6865672,0.6865672
c1cc(-c2cnc3nc(N4CCC(N5CCCCC5)CC4)oc3c2)n2nccc2c1,train,train,train,2,2,0.6964286,0.6964286,0.6964286
c1cn2c(-c3cnc4nc(N5CCC(N6CCCCC6)CC5)oc4c3)cnc2cn1,train,train,train,2,2,0.67241377,0.67241377,0.67241377
c1cnc2nc(N3CCC(N4CCCCC4)CC3)oc2c1,train,train,train,2,2,0.65384614,0.65384614,0.65384614
Brc1cnc2nc(N3CCC(N4CCCCC4)CC3)oc2c1,train,train,train,2,2,0.6938776,0.6938776,0.6938776
CC(C)(C)OC(=O)N1CCC(Oc2ccc3c(c2)CCC2(CCN(C4CCC4)CC2)O3)CC1,train,train,test,1,1,0.7894737,0.7894737,0.7894737
c1cc2c(cc1OC1CCNCC1)CCC1(CCN(C3CCC3)CC1)O2,test,train,train,1,1,0.7755102,0.7307692,0.7169811
CS(=O)(=O)N1CCC(Oc2ccc3c(c2)CCC2(CCN(C4CCC4)CC2)O3)CC1,train,train,test,1,1,0.84615386,0.84615386,0.8269231
CCS(=O)(=O)N1CCC(Oc2ccc3c(c2)CCC2(CCN(C4CCC4)CC2)O3)CC1,train,train,test,1,1,0.84615386,0.84615386,0.7962963
CC(C)S(=O)(=O)N1CCC(Oc2ccc3c(c2)CCC2(CCN(C4CCC4)CC2)O3)CC1,train,train,train,1,1,0.8148148,0.8148148,0.76785713
O=S(=O)(C1CC1)N1CCC(Oc2ccc3c(c2)CCC2(CCN(C4CCC4)CC2)O3)CC1,train,train,train,1,1,0.8269231,0.8269231,0.76785713
CC(=O)N1CCC(Oc2ccc3c(c2)CCC2(CCN(C4CCC4)CC2)O3)CC1,train,train,train,1,1,0.8148148,0.7894737,0.8181818
CC(C)C(=O)N1CCC(Oc2ccc3c(c2)CCC2(CCN(C4CCC4)CC2)O3)CC1,test,test,train,1,1,0.8181818,0.8181818,0.8181818
O=C(C1CC1)N1CCC(Oc2ccc3c(c2)CCC2(CCN(C4CCC4)CC2)O3)CC1,train,test,train,1,1,0.8148148,0.8148148,0.8148148
CC(O)c1cccc(-c2nnc(N3CCC(N4CCCCC4)CC3)s2)c1,train,train,train,2,2,0.7169811,0.7169811,0.7169811
Cc1nnc(-c2cccc(-c3nnc(N4CCC(N5CCCCC5)CC4)s3)c2)o1,train,train,train,2,2,0.7222222,0.7222222,0.7222222
c1cc(-c2nnc(N3CCC(N4CCCCC4)CC3)s2)c2ccncc2c1,train,train,train,2,2,0.6909091,0.6909091,0.6909091
Cc1nnc2ccc(-c3nnc(N4CCC(N5CCCCC5)CC4)s3)cn12,train,train,train,2,2,0.71428573,0.71428573,0.71428573
Cc1nc2cc(-c3nnc(N4CCC(N5CCCCC5)CC4)s3)ccc2o1,train,train,test,2,2,0.6603774,0.6603774,0.6721311
c1cc(-c2nnc(N3CCC(N4CCCCC4)CC3)s2)n2nccc2c1,test,test,test,2,2,0.63265306,0.63265306,0.6037736
c1cnc2c(-c3nnc(N4CCC(N5CCCCC5)CC4)s3)cccc2c1,train,train,train,2,2,0.6909091,0.6909091,0.6909091
CN(C)C(=O)c1cccc(-c2nnc(N3CCC(N4CCCCC4)CC3)s2)c1,train,test,train,2,2,0.8,0.8,0.68333334
O=C(c1cccc(-c2nnc(N3CCC(N4CCCCC4)CC3)s2)c1)N1CCC1,train,train,test,2,2,0.7818182,0.7818182,0.7413793
O=C(c1cccc(-c2nnc(N3CCC(N4CCCCC4)CC3)s2)n1)N1CCC1,train,train,train,2,2,0.6666667,0.6666667,0.62711865
CC(=O)Nc1cccc(-c2nnc(N3CCC(N4CCCCC4)CC3)s2)c1,train,train,train,2,2,0.7818182,0.7818182,0.6909091
O=c1cccnn1-c1cccc(-c2nnc(N3CCC(N4CCCCC4)CC3)s2)c1,test,test,train,2,2,0.62711865,0.62711865,0.62711865
O=C1Cc2cc(-c3nnc(N4CCC(N5CCCCC5)CC4)s3)ccc2N1,train,train,train,2,2,0.6885246,0.6885246,0.6333333
O=C1COc2ccc(-c3nnc(N4CCC(N5CCCCC5)CC4)s3)cc2N1,train,train,test,2,2,0.6885246,0.6885246,0.6885246
O=c1ccc2cc(-c3nnc(N4CCC(N5CCCCC5)CC4)s3)ccc2[nH]1,train,train,train,2,2,0.88461536,0.88461536,0.88461536
O=c1ccc2ccc(-c3nnc(N4CCC(N5CCCCC5)CC4)s3)cc2[nH]1,train,train,train,2,2,0.88461536,0.88461536,0.88461536
O=c1ccc2c(-c3nnc(N4CCC(N5CCCCC5)CC4)s3)cccc2[nH]1,train,train,train,2,2,0.66101694,0.66101694,0.66101694
O=c1ccoc2ccc(-c3nnc(N4CCC(N5CCCCC5)CC4)s3)cc12,test,test,train,2,2,0.60714287,0.60714287,0.7457627
Cc1cc(=O)c2cc(-c3nnc(N4CCC(N5CCCCC5)CC4)s3)ccc2o1,test,test,train,2,2,0.6721311,0.6721311,0.7457627
O=c1ccnc2ccc(-c3nnc(N4CCC(N5CCCCC5)CC4)s3)cn12,train,train,train,2,2,0.6666667,0.6666667,0.6666667
O=c1ccnc2c(-c3nnc(N4CCC(N5CCCCC5)CC4)s3)cccn12,train,train,train,2,2,0.6393443,0.6393443,0.6393443
C[C@@H]1CCCN1CCc1cc2cc(C(=O)c3ccc([N+](=O)[O-])cc3)ccc2o1,train,train,train,4,4,0.78571427,0.78571427,0.78571427
O=C1c2ccc(-c3ccccc3)cc2CCN1CCN1CCCC1,test,train,train,0,0,0.7826087,0.79545456,0.79545456
O=C1c2ccc(-c3ccccc3F)cc2CCN1CCN1CCCC1,train,train,test,0,0,0.78723407,0.78723407,0.78723407
O=C1c2ccc(-c3cccc(F)c3)cc2CCN1CCN1CCCC1,train,test,train,0,0,0.84444445,0.84444445,0.84444445
O=C1c2ccc(-c3ccc(F)cc3)cc2CCN1CCN1CCCC1,test,train,train,0,0,0.9756098,0.9756098,0.9756098
N#Cc1cccc(-c2ccc3c(c2)CCN(CCN2CCCC2)C3=O)c1,train,train,test,0,0,0.81632656,0.75,0.81632656
N#Cc1ccc(-c2ccc3c(c2)CCN(CCN2CCCC2)C3=O)cc1,train,test,train,0,0,0.87234044,0.87234044,0.87234044
O=C1c2ccc(-c3cccc(C(F)(F)F)c3)cc2CCN1CCN1CCCC1,train,train,train,0,0,0.81632656,0.81632656,0.81632656
O=C1c2ccc(-c3ccc(C(F)(F)F)cc3)cc2CCN1CCN1CCCC1,train,train,train,0,0,0.81632656,0.81632656,0.81632656
O=C1c2ccc(-c3cccc(OC(F)(F)F)c3)cc2CCN1CCN1CCCC1,train,train,train,0,0,0.72727275,0.8269231,0.72727275
O=C1c2ccc(-c3ccc(OC(F)(F)F)cc3)cc2CCN1CCN1CCCC1,test,train,test,0,0,0.8269231,0.8269231,0.8269231
O=C1c2ccc(-c3ccc(F)cc3F)cc2CCN1CCN1CCCC1,train,train,train,0,0,0.8043478,0.82222223,0.82222223
O=C1c2ccc(-c3ccc(F)c(F)c3)cc2CCN1CCN1CCCC1,train,test,train,0,0,0.8,0.8,0.8
O=C1c2ccc(-c3cc(F)cc(F)c3)cc2CCN1CCN1CCCC1,train,train,train,0,0,0.84444445,0.8604651,0.8604651
N#Cc1ccc(-c2ccc3c(c2)CCN(CCCN2CCCC2)C3=O)cc1,train,train,train,0,0,0.9782609,0.9782609,0.9782609
N#Cc1ccc(-c2ccc3c(c2)CCN(CCCN2CCCCC2)C3=O)cc1,train,train,train,0,0,0.9782609,0.9782609,0.9782609
O=C1c2ccc(-c3ccc(F)cc3)cc2CCN1CCN1CCCCC1,train,train,train,0,0,1.0,1.0,1.0
O=C1c2ccc(-c3ccc(F)cc3)cc2CCN1CCN1CCCCCC1,train,train,train,0,0,1.0,1.0,1.0
C[C@@H]1CCCN1CCN1CCc2c(cccc2-c2ccc(C#N)cc2)C1=O,train,train,train,4,4,0.8333333,0.8333333,0.8333333
C[C@@H]1CCCN1CCN1CCc2ccc(-c3ccc(C#N)cc3)cc2C1=O,train,train,test,4,4,0.7241379,0.7241379,0.7241379
C[C@@H]1CCCN1CCN1Cc2c(cccc2-c2ccc(C#N)cc2)C1=O,train,train,train,4,4,0.8333333,0.8333333,0.8333333
C[C@@H]1CCCN1CCN1CCc2cc(Oc3ccc(C#N)cc3)ccc2C1=O,train,train,test,4,4,0.7936508,0.7936508,0.7936508
C[C@@H]1CCCN1CCN1CCc2cc(Oc3ccc(C#N)cn3)ccc2C1=O,train,train,train,4,4,0.7936508,0.7936508,0.75757575
C[C@@H]1CCCN1CCN1CCc2cc(Oc3ccc(C#N)nc3)ccc2C1=O,train,train,train,4,4,0.78688526,0.78688526,0.75757575
O=C1c2ccc(-c3ccncc3)cc2CCN1CCN1CCCC1,train,train,train,0,0,0.75,0.7777778,0.7777778
O=C(c1ccc(-c2ccc3c(c2)CCN(CCN2CCCC2)C3=O)cc1)C1CC1,test,train,test,1,1,0.7647059,0.7647059,0.7647059
NC(=O)c1ccc(-c2ccc3c(c2)CCN(CCN2CCCC2)C3=O)cc1,train,train,train,0,0,0.79591835,0.7647059,0.79591835
CNC(=O)c1ccc(-c2ccc3c(c2)CCN(CCN2CCCC2)C3=O)cc1,train,train,train,1,1,0.8113208,0.8148148,0.8113208
CCNC(=O)c1ccc(-c2ccc3c(c2)CCN(CCN2CCCC2)C3=O)cc1,train,train,train,1,1,0.8113208,0.8113208,0.8113208
CC(C)NC(=O)c1ccc(-c2ccc3c(c2)CCN(CCN2CCCC2)C3=O)cc1,train,train,train,1,1,0.8113208,0.8113208,0.8113208
O=C(NC1CC1)c1ccc(-c2ccc3c(c2)CCN(CCN2CCCC2)C3=O)cc1,train,train,test,1,1,0.9423077,0.9423077,0.9423077
O=C(NC1CCC1)c1ccc(-c2ccc3c(c2)CCN(CCN2CCCC2)C3=O)cc1,train,test,train,1,1,0.9423077,0.96153843,0.75
O=C(NC1CCCC1)c1ccc(-c2ccc3c(c2)CCN(CCN2CCCC2)C3=O)cc1,test,train,test,1,1,0.96153843,0.9423077,0.96153843
CN(C)C(=O)c1ccc(-c2ccc3c(c2)CCN(CCN2CCCC2)C3=O)cc1,train,train,train,0,0,0.8148148,0.8148148,0.8148148
O=C(c1ccc(-c2ccc3c(c2)CCN(CCN2CCCC2)C3=O)cc1)N1CCCC1,train,test,train,1,1,0.79591835,0.8039216,0.8039216
O=C(c1ccc(-c2ccc3c(c2)CCN(CCN2CCCC2)C3=O)c(F)c1)N1CCCC1,test,train,train,1,1,0.8039216,0.76785713,0.8039216
O=C(c1ccc(-c2ccc3c(c2)CCN(CCN2CCCC2)C3=O)cc1F)N1CCCC1,train,test,train,1,1,0.7777778,0.7777778,0.7777778
O=C(c1ccc(-c2ccc3c(c2)CCN(CCN2CCCC2)C3=O)cc1Cl)N1CCCC1,train,train,train,0,0,0.7777778,0.6551724,0.7777778
CNC(=O)c1ccc(-c2ccc3c(c2)CCN(CCN2CCCC2)C3=O)c(F)c1,test,train,test,1,1,0.8148148,0.8148148,0.8148148
CN(C)C(=O)c1ccc(-c2ccc3c(c2)CCN(CCN2CCCC2)C3=O)c(F)c1,train,train,train,1,1,0.8148148,0.8148148,0.8148148
CNC(=O)c1ccc(-c2ccc3c(c2)CCN(CCN2CCC[C@H]2C)C3=O)cc1,train,train,train,4,4,0.8305085,0.8305085,0.8305085
CCNC(=O)c1ccc(-c2ccc3c(c2)CCN(CCN2CCC[C@H]2C)C3=O)cc1,train,train,train,4,4,0.8305085,0.8305085,0.8305085
C[C@@H]1CCCN1CCN1CCc2cc(-c3ccc(C(=O)N4CCCC4)cc3)ccc2C1=O,train,train,train,4,4,0.779661,0.779661,0.779661
O=C1c2ccc(-n3cnc4ccccc43)cc2CCN1CCN1CCCC1,train,train,train,0,0,0.5423729,0.5714286,0.5714286
c1ccc(CCN2C3CCC2CC3)cc1,train,train,train,4,4,0.42857143,0.42857143,0.42857143
C[C@@H]1CCCN1CCCOc1ccc2c(c1)CCc1cc(=O)n(C)nc1-2,train,test,train,4,4,0.7741935,0.8,0.8
CC(C)n1nc2c(cc1=O)CCc1cc(OCCCN3CCC[C@H]3C)ccc1-2,test,train,train,4,4,0.8,0.6769231,0.8
C[C@@H]1CCCN1CCCOc1ccc2c(c1)CCc1cc(=O)n(-c3ccccc3)nc1-2,train,test,test,4,4,0.7741935,0.72727275,0.7741935
O=c1cc2c(nn1Cc1ccccc1)-c1ccc(OCCCN3CCCCC3)cc1CC2,test,train,test,0,0,0.5964912,0.5964912,0.5964912
C[C@@H]1CCCN1CCCOc1ccc2c(c1)CCc1cc(=O)[nH]nc1-2,test,train,train,4,4,0.78333336,0.78333336,0.78333336
C[C@@H]1CCCN1CCCOc1ccc2c(c1)CCC1CC(=O)NN=C21,train,train,train,4,4,0.63492066,0.63492066,0.63492066
C[C@@H]1CCCN1CCCOc1ccc2c(c1)CCc1n[nH]c(=O)cc1-2,train,train,train,4,4,0.65625,0.78333336,0.78333336
O=C1CC2CCc3cc(OC4CCN(C5CCC5)CC4)ccc3C2=NN1,train,train,test,1,1,0.5671642,0.5671642,0.5671642
C[C@@H]1CCCN1CCCOc1ccc(C(=O)CN2CCC(C#N)CC2)cc1,train,train,test,4,4,0.7288136,0.7368421,0.7288136
C[C@@H]1CCCN1CCCOc1ccc(C(=O)CN2CCC(C(F)(F)F)CC2)cc1,train,train,test,4,4,0.7627119,0.7627119,0.7627119
C[C@@H]1CCCN1CCCOc1ccc(C(=O)CN2CCC(F)(F)CC2)cc1,train,train,test,4,4,0.8888889,0.80701756,0.8888889
C[C@@H]1CCCN1CCCOc1ccc(C(=O)CN2CCCC(F)(F)C2)cc1,train,train,train,4,4,0.90909094,0.80701756,0.90909094
C[C@@H]1CCCN1CCCOc1ccc(C(=O)CN2CCC(F)(F)C2)cc1,train,test,train,4,4,0.90909094,0.90909094,0.90909094
CC(=O)N1CCN(CC(=O)c2ccc(OCCCN3CCC[C@H]3C)cc2)CC1,test,train,test,4,4,0.8333333,0.8333333,0.8333333
C[C@@H]1CCCN1CCCOc1ccc(C(=O)CN2CCN(C(=O)C(F)(F)F)CC2)cc1,train,train,train,4,4,0.7627119,0.8035714,0.7627119
C[C@@H]1CCCN1CCCOc1ccc(C(=O)CN2CCN(S(C)(=O)=O)CC2)cc1,train,test,test,4,4,0.7288136,0.76785713,0.7288136
C[C@@H]1CCCN1CCCOc1ccc(C(=O)CN2CCN(C(=O)c3ccccc3)CC2)cc1,test,train,train,4,4,0.8448276,0.8448276,0.8448276
C[C@@H]1CCCN1CCCOc1ccc(C(=O)CN2CCN(C(=O)c3ccc(F)cc3)CC2)cc1,train,train,train,1,1,0.8333333,0.8448276,0.8448276
C[C@@H]1CCCN1CCCOc1ccc(C(=O)CN2CCN(C(=O)c3cccs3)CC2)cc1,train,train,train,1,1,0.72307694,0.7619048,0.7619048
C[C@@H]1CCCN1CCCOc1ccc(C(=O)CN2CCN(C(=O)c3ccco3)CC2)cc1,train,test,train,4,4,0.72307694,0.7619048,0.7619048
C[C@@H]1CCCN1CCCOc1ccc(C(=O)CN2CCN(C(=O)c3cccn3C)CC2)cc1,test,test,train,4,4,0.74603176,0.78688526,0.78688526
C[C@@H]1CCCN1CCCOc1ccc(C(=O)CN2CCN(C(=O)c3cc4ccccc4s3)CC2)cc1,test,train,train,4,4,0.7285714,0.73134327,0.73134327
COC(=O)N1CCN(CC(=O)c2ccc(OCCCN3CCC[C@H]3C)cc2)CC1,train,train,train,4,4,0.83928573,0.83928573,0.83928573
CCOC(=O)N1CCN(CC(=O)c2ccc(OCCCN3CCC[C@H]3C)cc2)CC1,train,train,train,4,4,0.83928573,0.83928573,0.83928573
CC(C)COC(=O)N1CCN(CC(=O)c2ccc(OCCCN3CCC[C@H]3C)cc2)CC1,train,test,train,4,4,0.8305085,0.8305085,0.8305085
C[C@@H]1CCCN1CCCOc1ccc(C(=O)CN2CCN(C(=O)Oc3ccccc3)CC2)cc1,test,train,train,4,4,0.85,0.85,0.85
C[C@@H]1CCCN1CCCOc1ccc(C(=O)CN2CCN(C(=O)Oc3ccc(F)cc3)CC2)cc1,train,train,train,1,1,0.8333333,0.85,0.85
COCn1ncc(-c2ccc(OCCCN3CCC[C@H]3C)cc2)cc1=O,train,test,test,4,4,0.6984127,0.73770493,0.73770493
COCn1ncc(-c2ccc(OCCCN3CCC[C@H]3C)cc2)c(OC)c1=O,test,train,train,4,4,0.7580645,0.7580645,0.7580645
COCn1ncc(OC)c(-c2ccc(OCCCN3CCC[C@H]3C)cc2)c1=O,train,train,train,4,4,0.6984127,0.7580645,0.7580645
COc1cn[nH]c(=O)c1-c1ccc(OCCCN2CCC[C@H]2C)cc1,train,train,train,4,4,0.671875,0.671875,0.671875
c1cnc(C2CN(c3nnc(N4CCC(N5CCCCC5)CC4)s3)CCO2)cn1,train,train,train,2,2,0.5084746,0.5084746,0.5084746
OC1(c2ncccn2)CCCN(c2nnc(N3CCC(N4CCCCC4)CC3)s2)C1,train,train,train,2,2,0.7924528,0.7924528,0.7924528
FC1(c2ccccn2)CCCN(c2nnc(N3CCC(N4CCCCC4)CC3)s2)C1,train,train,train,2,2,0.76363635,0.76363635,0.76363635
OC1(c2ccccn2)CCCN(c2nnc(N3CCC(N4CCCCC4)CC3)s2)C1,train,train,train,2,2,0.7924528,0.7924528,0.7924528
COC1(c2ccccn2)CCCN(c2nnc(N3CCC(N4CCCCC4)CC3)s2)C1,train,train,train,2,2,0.7241379,0.7241379,0.7241379
C1=C(c2ccccn2)CCCN1c1nnc(N2CCC(N3CCCCC3)CC2)s1,train,train,test,2,2,0.68421054,0.68421054,0.68421054
C1=C(c2ncccn2)CN(c2nnc(N3CCC(N4CCCCC4)CC3)s2)CC1,train,train,train,2,2,0.78431374,0.78431374,0.78431374
C1=C(c2ccccn2)CN(c2nnc(N3CCC(N4CCCCC4)CC3)s2)CC1,train,train,train,2,2,0.78431374,0.78431374,0.78431374
CC1CN(c2nnc(N3CCC(N4CCCCC4)CC3)s2)CC(C)O1,train,train,train,2,2,0.6,0.6,0.6
FC1CCCN(c2nnc(N3CCC(N4CCCCC4)CC3)s2)C1,train,train,train,2,2,0.71428573,0.71428573,0.71428573
OC1CCCN(c2nnc(N3CCC(N4CCCCC4)CC3)s2)C1,train,train,train,2,2,0.71428573,0.71428573,0.71428573
COC1CCCN(c2nnc(N3CCC(N4CCCCC4)CC3)s2)C1,train,train,test,2,2,0.6666667,0.6666667,0.6666667
c1ccc(C2CCCN(c3nnc(N4CCC(N5CCCCC5)CC4)s3)C2)cc1,train,train,train,2,2,0.625,0.625,0.625
FC1(F)CCN(c2nnc(N3CCC(N4CCCCC4)CC3)s2)CC1,train,train,test,2,2,0.8684211,0.8684211,0.8684211
FC1(F)CCN(c2nnc(N3CCC(N4CCCCC4)CC3)s2)C1,train,train,train,2,2,0.8684211,0.8684211,0.6037736
O=C1CCCCN1c1nnc(N2CCC(N3CCCCC3)CC2)s1,train,train,train,2,2,0.63829786,0.63829786,0.63829786
O=C1N(c2ccccc2)CCCN1c1nnc(N2CCC(N3CCCCC3)CC2)s1,test,test,test,2,2,0.62,0.62,0.62
O=C1N(c2nnc(N3CCC(N4CCCCC4)CC3)s2)CCN1C1CCCC1,train,train,train,2,2,0.63829786,0.63829786,0.63829786
CCCCN1CCC[C@@H]1Cn1nc(Cc2ccc(Cl)cc2)c2ncccc2c1=O,train,test,test,4,4,0.8064516,0.8730159,0.8730159
COCCN1CCC[C@@H]1Cn1nc(Cc2ccc(Cl)cc2)c2ncccc2c1=O,test,train,train,4,4,0.875,0.8095238,0.875
CN1CCC[C@@H]1Cn1nc(Cc2ccc(Cl)cc2)c2nccnc2c1=O,train,train,train,4,4,0.8035714,0.8035714,0.8035714
O=c1c2ccncc2c(Cc2ccc(Cl)cc2)nn1C[C@H]1CCCN1CCCCc1ccc(OCCCN2CCCCCC2)cc1,train,train,train,0,0,0.82894737,0.82894737,0.82894737
CCCCN1CCC[C@@H]1Cn1nc(Cc2ccc(Cl)cc2)c2ccccc2c1=O,train,train,test,4,4,0.8064516,0.8064516,0.8064516
COCCN1CCC[C@@H]1Cn1nc(Cc2ccc(Cl)cc2)c2ccccc2c1=O,train,train,train,4,4,0.8095238,0.8095238,0.8095238
CN1CCC[C@@H]1Cn1nc(Cc2ccc(Cl)cc2)c2ccncc2c1=O,train,train,train,4,4,0.9423077,0.9423077,0.9423077
CN1CCC[C@@H]1Cn1nc(Cc2ccc(Cl)cc2)c2cnccc2c1=O,train,train,train,4,4,0.9423077,0.9423077,0.9423077
CCCCN1CCC[C@@H]1Cn1nc(Cc2ccc(Cl)cc2)c2cnccc2c1=O,train,train,train,4,4,0.8032787,0.8032787,0.796875
COCCN1CCC[C@@H]1Cn1nc(Cc2ccc(Cl)cc2)c2cnccc2c1=O,train,train,train,4,4,0.8064516,0.8064516,0.8064516
CN1CCC[C@@H]1Cn1nc(Cc2ccc(Cl)cc2)c2cccnc2c1=O,train,test,test,4,4,0.8064516,0.85714287,0.85714287
CCCCN1CCC[C@@H]1Cn1nc(Cc2ccc(Cl)cc2)c2cccnc2c1=O,test,train,train,4,4,0.8730159,0.8064516,0.8030303
COCCN1CCC[C@@H]1Cn1nc(Cc2ccc(Cl)cc2)c2cccnc2c1=O,train,test,train,4,4,0.8095238,0.875,0.875
CN1CCC[C@@H]1Cn1nc(Cc2ccc(Cl)cc2)c2ncccc2c1=O,test,train,train,4,4,0.85714287,0.8064516,0.8064516
N#Cc1ccc(-c2ccc(OCCCN3CCCN(C(=O)[C@@H](Cc4cscn4)NC(=O)c4ccco4)CC3)cc2)cc1,test,test,train,0,0,0.51724136,0.51724136,0.51724136
C[C@@H]1CCCN1CCc1cc2cc(-c3cn[nH]c3)ccc2o1,train,train,train,4,4,0.67241377,0.67241377,0.67241377
C[C@@H]1CCCN1CCc1ccc2cc(-n3ncccc3=O)ccc2c1,train,train,train,4,4,0.62711865,0.58928573,0.62711865
CS(=O)(=O)c1ccc(C(=O)N2CCN(c3ccc(OC4CCN(C5CCC5)CC4)cc3)CC2)cc1,train,train,train,1,1,0.47619048,0.50769234,0.47619048
CC1(C)CCCN(CCCOc2ccc(C3CCN(C(=O)c4ccc(CCC(=O)O)c5ccccc45)CC3)cc2)C1,train,train,train,0,0,0.42857143,0.43037975,0.42857143
CC(C)N1CCCN(C(=O)C2CCN(c3ccc(C(F)(F)F)nc3)CC2)CC1,train,train,train,1,1,0.46969697,0.46969697,0.46969697
CC(C)CNC(=O)[C@H]1C[C@@](F)(c2ccc(CN3CCCC3)c(F)c2)C1,train,train,train,1,1,0.7924528,0.7924528,0.7924528
CCNC(=O)[C@H]1C[C@@](F)(c2ccc(CN3CCCC3)c(F)c2)C1,train,train,train,1,1,0.7924528,0.7924528,0.7924528
CCN(C)C(=O)[C@H]1C[C@@H](c2ccc(CN3CCCC3)c(F)c2)C1,train,train,train,1,1,0.51666665,0.51666665,0.51666665
CC(=O)N(C)C[C@H]1C[C@H](c2ccc(CN3CCCC3)c(Cl)c2)C1,train,train,train,1,1,0.51666665,0.51666665,0.51666665
c1cnc(OC[C@H]2C[C@H](c3ccc(CN4CCCC4)cc3)C2)nc1,test,test,train,0,0,0.53061223,0.53061223,0.53061223
c1cc([C@H]2C[C@@H](CN3CCOCC3)C2)ccc1CN1CCCC1,train,train,train,4,4,0.575,0.575,0.575
COc1ccccc1N1CCN(Cc2cc(CN3CCN(C)CC3)c3cccccc2-3)CC1,train,train,train,0,0,0.3939394,0.3939394,0.3939394
Nc1nc(N2CCNCC2)c2cc(-c3ccc(F)cc3)[nH]c2n1,train,train,train,4,4,0.50980395,0.49056605,0.50980395
CN1CCN(c2cc(N)nc(N)n2)CC1,train,train,train,4,4,0.5714286,0.5714286,0.5714286
CC1=CC(C)=[N+]2C1=C(c1ccc(OCCCN3CCCCC3)cc1)c1c(C)cc(C)n1[B-]2(F)F,train,test,test,0,0,0.45614034,0.45614034,0.45614034
CN[C@@H]1CCN(c2nc(N)nc3cc(C(C)C)cnc23)C1,train,train,train,1,1,0.82608694,0.75510204,0.75510204
CN[C@@H]1CCN(c2nc(N)nc3cc(C4CC4)cnc23)C1,train,train,train,2,2,0.78723407,0.78723407,0.8636364
CNC1CN(c2nc(N)nc3cc(C(C)C)cnc23)C1,train,test,test,1,1,0.82608694,0.82608694,0.82608694
CNC1CN(c2nc(N)nc3cc(C4CC4)cnc23)C1,test,test,train,2,2,0.90697676,0.90697676,0.90697676
CNC1CN(c2nc(N)nc3cc(C4CCCC4)cnc23)C1,train,train,train,2,2,0.78723407,0.78723407,0.90697676
CNC1CN(c2nc(N)nc3cc(C#N)cnc23)C1,train,train,train,4,4,0.6666667,0.6666667,0.6666667
CCc1cnc2c(N3CC[C@@H](NC)C3)nc(N)nc2c1,train,train,train,4,4,0.82608694,0.82608694,0.82608694
CCc1cnc2c(N3CC(NC)C3)nc(N)nc2c1,train,train,train,4,4,0.82608694,0.82608694,0.82608694
CCc1cnc2c(N3CCN(C)CC3)nc(N)nc2c1,train,train,train,4,4,0.68085104,0.68085104,0.68085104
CN[C@@H]1CCN(c2cc(NCC3CC3)nc(N)n2)C1,test,test,train,4,4,0.48,0.625,0.625
CN[C@@H]1CCN(c2nc(N)nc3cc(C4CC4)ccc23)C1,train,train,train,2,2,0.8636364,0.8636364,0.8636364
CCc1ccc2c(N3CC[C@@H](NC)C3)nc(N)nc2c1,train,train,train,4,4,0.7254902,0.7254902,0.82608694
CCc1ccc2c(N3CC(NC)C3)nc(N)nc2c1,test,test,train,4,4,0.82608694,0.82608694,0.82608694
CCc1ccc2c(N3CCNCC3)nc(N)nc2c1,test,train,test,4,4,0.6888889,0.627451,0.6888889
CNC1CN(c2nc(N)nc3cc(C4CC4)ccc23)C1,train,train,train,4,4,0.90697676,0.90697676,0.90697676
Nc1nc(N2CCNCC2)c2ccc(C3CC3)cc2n1,test,test,train,2,2,0.9047619,0.9047619,0.6530612
CNC1CN(c2nc(N)nc3cc(C(C)(C)C)ccc23)C1,train,test,test,4,4,0.6956522,0.6956522,0.6956522
CC(C)(C)c1ccc2c(N3CCNCC3)nc(N)nc2c1,train,test,train,4,4,0.6304348,0.6888889,0.65217394
CNC1CN(c2nc(N)nc3cc(C4CCCC4)ccc23)C1,train,train,train,2,2,0.90697676,0.90697676,0.90697676
Nc1nc(N2CCNCC2)c2ccc(C3CCCC3)cc2n1,train,train,test,2,2,0.66,0.66,0.9047619
OCCc1ccc(OCCCN2CCCCC2)cc1,train,train,test,0,0,0.8235294,0.8235294,0.8235294
OCc1ccc(OCCCN2CCCCC2)cc1,train,train,train,0,0,0.7777778,0.7777778,0.7647059
OCCC#Cc1ccc(OCCCN2CCCCC2)cc1,train,train,train,0,0,0.82051283,0.82051283,0.82051283
OC1(c2ccc(OCCCN3CCCCC3)cc2)CCC1,train,train,train,0,0,0.9444444,0.9444444,0.9444444
OCC#Cc1ccc(OCCCN2CCCCC2)cc1,train,train,train,0,0,0.82051283,0.82051283,0.82051283
OC(c1ccc(OCCCN2CCCCC2)cc1)C1CCOCC1,train,train,test,0,0,0.8181818,0.8181818,0.8181818
C=CC(O)c1ccc(OCCCN2CCCCC2)cc1,train,train,test,0,0,0.72727275,0.72727275,0.72727275
C=CCC(O)c1ccc(OCCCN2CCCCC2)cc1,train,train,train,0,0,0.72727275,0.72727275,0.63829786
CC(C)(O)c1ccc(OCCCN2CCCCC2)cc1,train,train,test,0,0,0.725,0.71794873,0.75
OC1(c2ccc(OCCCN3CCCCC3)cc2)CCOCC1,train,train,train,0,0,0.80487806,0.80487806,0.80487806
CC(C)(O)CCc1ccc(OCCCN2CCCCC2)cc1,train,train,test,0,0,0.7368421,0.7368421,0.7368421
OC1(c2ccc(OCCCN3CCCCC3)cc2)CCCCC1,train,train,train,0,0,1.0,1.0,1.0
CC(O)CCc1ccc(OCCCN2CCCCC2)cc1,train,train,train,0,0,0.71794873,0.71794873,0.71794873
OC(c1ccc(OCCCN2CCCCC2)cc1)C1CCCCC1,train,train,train,0,0,0.8181818,0.8181818,0.63829786
O[C@H]1CC[C@H](c2ccc(OCCCN3CCCCC3)cc2)CC1,train,train,train,0,0,0.7948718,0.7948718,0.7948718
OC1CCC(Cc2ccc(OCCCN3CCCCC3)cc2)CC1,train,train,train,0,0,0.8,0.8,0.8
CCC(O)(CC)c1ccc(OCCCN2CCCCC2)cc1,test,test,train,0,0,0.75,0.80487806,0.80487806
OC1(c2ccc(OCCCN3CCCCC3)cc2)CCCC1,train,train,train,0,0,1.0,1.0,1.0
CCCC(O)(CCC)c1ccc(OCCCN2CCCCC2)cc1,test,train,train,0,0,0.71428573,0.71428573,0.80487806
C=CCC(O)(CC=C)c1ccc(OCCCN2CCCCC2)cc1,train,train,test,0,0,0.65909094,0.67391306,0.70454544
CCN(CC)CCOc1ccc(NC(=S)Nc2ccc(OCC(C)C)cc2)cc1,train,train,train,1,1,0.4181818,0.4181818,0.4181818
O=C(Nc1ccc(OCCCN2CCCCC2)cc1)Nc1ccc(F)cc1F,train,test,train,0,0,0.62068963,0.62068963,0.62068963
Cc1c(Cl)cc(NC(=O)Nc2ccc(OCCCN3CCCCC3)cc2)cc1Cl,train,train,train,0,0,0.62068963,0.50980395,0.62068963
Cc1cc(N2CCC(N3CCCC3C)C2)ccc1NC(=O)c1ccccc1F,train,train,train,1,1,0.6666667,0.6666667,0.6666667
O=C(OCCN1CCCC1)N1c2ccccc2Sc2ccccc21,train,train,train,0,0,0.5510204,0.5510204,0.5510204
CCN(CC)CCCOC(=O)N1c2ccccc2Sc2ccccc21,train,train,train,1,1,0.5510204,0.5510204,0.5510204
c1cc(OCCCN2CCCCC2)ccc1CCCc1ccc(OCCCN2CCCCC2)cc1,train,train,train,0,0,0.9032258,0.9032258,0.9032258
O=C(CCc1ccc(OCCCN2CCCCC2)cc1)c1ccc(OCCCN2CCCCC2)cc1,train,train,train,0,0,0.7,0.7209302,0.7209302
c1cc(CN2CCCCC2)cc(-c2ccc(OCCCN3CCCCC3)cc2)c1,train,train,train,0,0,0.75609756,0.75609756,0.75609756
c1ccc(-c2ccc(OCCCN3CCCCC3)cc2)c(CN2CCCCC2)c1,train,train,train,0,0,0.67391306,0.6666667,0.67391306
c1cc(-c2ccc(OCCCN3CCCCC3)cc2)ccc1CCCN1CCCCC1,train,train,test,0,0,0.85294116,0.85294116,0.85294116
C(#Cc1ccc(-c2ccc(OCCCN3CCCCC3)cc2)cc1)CN1CCCCC1,train,train,train,0,0,0.73170733,0.73170733,0.73170733
CN1CCN(c2ccc(-c3ccc(OCCCN4CCCCC4)cc3)cc2)CC1,train,train,train,0,0,0.7631579,0.7631579,0.7631579
c1cc(-c2ccc(OCCCN3CCCCC3)cc2)ccc1CN1CCCCC1,train,train,train,0,0,0.90909094,0.90909094,0.90909094
FC1(F)CCN(CCCOc2ccc(-c3ccc(OCCCN4CCCCC4)cc3)cc2)CC1,train,train,test,0,0,0.7714286,0.7804878,0.7804878
c1cc(-c2ccc(OCCN3CCCCC3)cc2)ccc1OCCCN1CCCCC1,train,train,train,0,0,0.9310345,0.9310345,0.9310345
c1cc(-c2ccc(OCCCN3CCCCC3)cc2)ccc1OCCCCN1CCCCC1,train,train,train,0,0,0.9310345,0.9310345,0.9310345
O=C(/C=C/c1ccc(OCCCN2CCCCC2)cc1)c1ccc(OCCCN2CCCCC2)cc1,test,test,train,0,0,0.61702126,0.6304348,0.6304348
c1cc(OCCCN2CCCCC2)ccc1CCc1ccc(OCCCN2CCCCC2)cc1,train,train,train,0,0,0.9032258,0.9032258,0.9032258
c1cc(OCCCN2CCCCC2)ccc1Cc1ccc(OCCCN2CCCCC2)cc1,train,train,train,0,0,0.8125,0.8125,0.8125
c1cc(-c2ccc(OCCCN3CCCCC3)cc2)ccc1OCCCN1CCCCC1,train,train,train,0,0,0.9310345,0.9310345,0.9310345
CCN1CCCc2cccc(OCCCN3CCCCC3)c21,train,train,train,0,0,0.67346936,0.67346936,0.60784316
CCN1CCCc2c(OCCCN3CCCCC3)cccc21,train,train,test,0,0,0.72,0.72,0.67346936
N#CC(C#N)=C1N(CCCCN2CCCCC2)CCN1CCCCN1CCCCC1,train,train,train,0,0,0.96666664,0.96666664,0.96666664
N#CC(C#N)=C1N(CCCCN2CCCCC2)CCN1CCCN1CCCCC1,train,train,train,0,0,0.96666664,0.96666664,0.96666664
O=C(NCCOc1ccccc1Cl)OCCCc1c[nH]cn1,test,test,train,3,3,0.6923077,0.6923077,0.6923077
O=C(NCCCCOc1ccccc1)OCCCc1c[nH]cn1,train,train,train,3,3,0.9318182,0.9318182,0.9318182
O=C(NCCCOc1ccccc1)OCCCc1c[nH]cn1,train,train,train,3,3,0.9318182,0.9318182,0.9318182
O=C(NCCc1ccc(Cl)cc1)OCCCc1c[nH]cn1,test,test,train,3,3,0.63461536,0.63461536,0.65384614
O=C(NCCCCC1CCCCC1)OCCCc1c[nH]cn1,train,train,test,3,3,0.9361702,0.9361702,0.9361702
O=C(NCCCC1CCCCC1)OCCCc1c[nH]cn1,train,train,train,3,3,0.9361702,0.9361702,0.89361703
O=C(NCCC1CCCCC1)OCCCc1c[nH]cn1,train,train,train,3,3,0.89361703,0.89361703,0.89361703
CC/C=C/CCNC(=O)OCCCc1c[nH]cn1,train,train,train,3,3,0.72,0.72,0.72
CCC/C=C/CNC(=O)OCCCc1c[nH]cn1,train,train,train,3,3,0.72,0.72,0.72
C=CCCCNC(=O)OCCCc1c[nH]cn1,test,test,train,3,3,0.68,0.68,0.68
C=CCCNC(=O)OCCCc1c[nH]cn1,test,test,test,3,3,0.7291667,0.7291667,0.88372093
O=C(NCCC1CC1)OCCCc1c[nH]cn1,train,train,train,3,3,0.8888889,0.8888889,0.8888889
c1ccc2c(CCNc3ccc(CN4CCOCC4)cc3)c[nH]c2c1,train,test,train,4,4,0.41666666,0.41666666,0.41666666
CN(CCCc1cccc(F)c1)[C@H]1C2C3CC4C2C(=O)C2C4C3C21,test,train,train,4,4,0.27027026,0.27027026,0.27027026
Nc1cc(CN2CCC(F)(C(=O)N3CCC(N4Cc5ccccc5C4)CC3)CC2)ccn1,train,train,train,1,1,0.9310345,0.9310345,0.9137931
Nc1cc(CN2CCC(F)(C(=O)N3CCC(N4Cc5ccc(F)cc5C4)CC3)CC2)ccn1,train,train,test,1,1,0.8360656,0.8360656,0.8360656
Nc1cc(CN2CCC(F)(C(=O)N3CCC(N4Cc5cccnc5C4)CC3)CC2)ccn1,train,train,train,1,1,0.852459,0.852459,0.852459
Cn1c2c(c3ccccc31)CCN(C1CCN(C(=O)C3(F)CCN(Cc4ccnc(N)c4)CC3)CC1)CC2,train,train,train,1,1,0.7183099,0.7183099,0.7183099
Nc1cc(CN2CCC(F)(C(=O)N3CCC(N4CCCc5ccccc5C4)CC3)CC2)ccn1,train,train,train,1,1,0.91935486,0.91935486,0.8852459
COc1ccc2c(c1)CN(C1CCN(C(=O)C3(F)CCN(Cc4ccnc(N)c4)CC3)CC1)CCC2,train,train,train,1,1,0.7916667,0.94285715,0.94285715
COc1ccc2c(c1)CCCN(C1CCN(C(=O)C3(F)CCN(Cc4ccnc(N)c4)CC3)CC1)C2,test,train,train,1,1,0.94285715,0.94285715,0.94285715
Nc1cc(CN2CCC(F)(C(=O)N3CCC(N4CCNc5ccccc5C4)CC3)CC2)ccn1,test,train,train,1,1,0.84126985,0.84126985,0.84126985
Nc1cc(CN2CCC(F)(C(=O)N3CCC(N4CCc5ccccc5C4)CC3)CC2)ccn1,train,train,test,1,1,0.9310345,0.9310345,0.9310345
N#Cc1ccc2c(c1)CN(C1CCN(C(=O)C3(F)CCN(Cc4ccnc(N)c4)CC3)CC1)CC2,train,test,train,1,1,0.7826087,0.7826087,0.73913044
Nc1cc(CN2CCC(F)(C(=O)N3CCC(N4Cc5ccccc5Cc5ccccc54)CC3)CC2)ccn1,train,train,train,1,1,0.8095238,0.8095238,0.8095238
Nc1cc(CN2CCC(F)(C(=O)N3CCC(N4c5ccccc5Sc5ccccc54)CC3)CC2)ccn1,train,train,train,1,1,0.890625,0.86567163,0.890625
Nc1cc(CN2CCC(F)(C(=O)N3CCC(N4c5ccccc5Sc5ccc(C(F)(F)F)cc54)CC3)CC2)ccn1,test,train,train,1,1,0.86567163,0.86567163,0.86567163
Nc1cc(CN2CCC(F)(C(=O)N3CCC(N4c5ccccc5Sc5cccnc54)CC3)CC2)ccn1,train,test,train,1,1,0.890625,0.890625,0.890625
Cc1nnc2n1-c1sccc1CN(C1CCN(C(=O)C3(F)CCN(Cc4ccnc(N)c4)CC3)CC1)C2,train,train,train,1,1,0.78205127,0.78205127,0.78205127
Cc1nnc2n1-c1sccc1C(=O)N(C1CCN(C(=O)C3(F)CCN(Cc4ccnc(N)c4)CC3)CC1)C2,train,train,train,1,1,0.78205127,0.78205127,0.78205127
Nc1cc(CN2CCC(F)(C(=O)N3CCC(N4CCc5ccccc5CC4)CC3)CC2)ccn1,train,train,train,1,1,0.91525424,0.91525424,0.87931037
Nc1cc(CN2CCC(F)(C(=O)N3CCC(N4Cc5ccccc5-c5ccccc5C4)CC3)CC2)ccn1,train,train,train,1,1,0.9137931,0.9137931,0.9137931
COc1cc2c(NC3CCN(C(C)C)CC3)nc(N3CCC(F)(F)CC3)nc2cc1OCCCN1CCCC1,train,train,test,0,0,0.34615386,0.34615386,0.34615386
Cc1cc(N2CC[C@H](N3CCC[C@@H]3C)C2)ccc1NC(=O)C1CCOCC1,train,train,train,1,1,0.6515151,0.6515151,0.6515151
Cc1cc(N2CC[C@H](N3CCC[C@@H]3C)C2)ccc1NC(=O)c1c(C)noc1C,train,train,train,1,1,0.6666667,0.6666667,0.6666667
Cc1cc(C(=O)N2CCC(Oc3ccc4c(c3)CCN(C3CCC3)CC4)CC2)no1,train,train,train,1,1,0.6440678,0.65,0.6440678
O=C(c1ccc(Cl)cc1)N1CCC(Oc2ccc3c(c2)CCN(C2CCC2)CC3)CC1,test,train,test,1,1,0.65,0.65,0.65
O=C(N1CCOCC1)N1CCC(Oc2ccc3c(c2)CCN(C2CCC2)CC3)CC1,train,test,train,1,1,0.6440678,0.64912283,0.6440678
CS(=O)(=O)N1CCC(Oc2ccc3c(c2)CCN(C2CCC2)CC3)CC1,train,train,train,1,1,0.67391306,0.67391306,0.67391306
c1cc2c(cc1OC1CCNCC1)CCN(C1CCC1)CC2,train,train,train,1,1,0.6956522,0.6956522,0.6956522
c1cc2c(cc1OCC1CCNCC1)CCN(C1CCC1)CC2,train,train,train,1,1,0.6956522,0.6956522,0.6956522
Cn1c(=O)ccc2cc(COc3ccc4c(c3)CCN(C3CCC3)CC4)ccc21,train,train,train,1,1,0.5964912,0.5964912,0.5964912
c1ccc(COc2ccc3c(c2)CCN(C2CCCCC2)CC3)cc1,train,train,train,2,2,0.975,0.975,0.9268293
c1ccc(COc2ccc3c(c2)CCN(C2CCCC2)CC3)cc1,train,train,test,1,1,0.975,0.975,0.975
c1ccc(COc2ccc3c(c2)CCN(C2CCC2)CC3)cc1,train,train,train,1,1,0.95,0.95,0.9268293
c1ccc(COc2ccc3c(c2)CCN(C2CC2)CC3)cc1,train,train,train,1,1,0.9,0.9,0.9
CC(C)N1CCc2ccc(OCc3ccccc3)cc2CC1,train,train,train,1,1,0.75,0.75,0.75
CC(C)CN1CCc2ccc(OCc3ccccc3)cc2CC1,train,train,test,0,0,0.72727275,0.72727275,0.72727275
CN1CCc2ccc(OCc3ccccc3)cc2CC1,train,train,train,0,0,0.75,0.75,0.75
c1ccc(COc2ccc3c(c2)CCN(CC2CC2)CC3)cc1,train,train,test,0,0,0.6888889,0.6888889,0.6888889
c1cc2c(cc1OCCN1CCCCC1)CCN(CC1CC1)CC2,train,train,train,0,0,0.88372093,0.88372093,0.88372093
c1cc2c(cc1OCCCN1CCCCC1)CCN(CC1CCCO1)CC2,train,train,train,0,0,0.7254902,0.7254902,0.7254902
c1cc2c(cc1OCCCN1CCCCC1)CCN(CC1CC1)CC2,train,train,train,0,0,0.9302326,0.9302326,0.9302326
c1ccc(N2CCc3ccc(OCCCN4CCCCC4)cc3CC2)cc1,train,train,train,0,0,0.68085104,0.68085104,0.67391306
CC(C)N1CCC(Oc2ccc3c(c2)CCNCC3)CC1,train,train,train,1,1,0.5744681,0.5744681,0.5744681
c1cc2c(cc1OCCN1CCCCC1)CCNCC2,train,train,train,0,0,0.8684211,0.8684211,0.8684211
c1cc2c(cc1OCCCN1CCOCC1)CCNCC2,train,train,train,0,0,0.7619048,0.7619048,0.7619048
CN(C)CCCOc1ccc2c(c1)CCNCC2,train,train,train,0,0,0.5681818,0.5681818,0.5681818
c1cc2c(cc1OCCCN1CCCCC1)CCNCC2,train,train,train,0,0,0.8684211,0.8684211,0.8684211
c1cc2c(cc1OCCCN1CCCCC1)CCNC2,train,train,test,0,0,0.9,0.9,0.9
c1cc2c(cc1OCCCN1CCCCC1)CCN2,train,train,train,0,0,0.8780488,0.8780488,0.8780488
O=C(N[C@H]1CCN(Cc2ccc(OCCCN3CCCCC3)cc2)C1)c1ccc2c(c1)OCO2,test,train,train,0,0,0.530303,0.530303,0.530303
c1cnc(Oc2ccc3c(c2)CCN(C2CCC2)CC3)cn1,train,test,train,2,2,0.7291667,0.7291667,0.7291667
c1cnc(Oc2ccc3c(c2)CCN(C2CCC2)CC3)nc1,test,test,train,2,2,0.75555557,0.75555557,0.75555557
c1cncc(Oc2ccc3c(c2)CCN(C2CCC2)CC3)c1,train,train,train,2,2,0.74418604,0.74418604,0.74418604
c1ccc(Oc2ccc3c(c2)CCN(C2CCC2)CC3)cc1,train,train,train,1,1,0.74418604,0.74418604,0.74418604
O=C1CCCN1c1ccc(Oc2ccc3c(c2)CCN(C2CCC2)CC3)nc1,train,train,test,1,1,0.96,0.96,0.96
O=C1CCCN1c1ccc(Oc2ccc3c(c2)CCN(C2CCCC2)CC3)nc1,train,train,train,1,1,0.96,0.96,0.90384614
O=C1CCCCN1c1ccc(Oc2ccc3c(c2)CCN(C2CCC2)CC3)nc1,train,train,train,2,2,0.9411765,0.9411765,0.90384614
O=C1CCN1c1ccc(Oc2ccc3c(c2)CCN(C2CCC2)CC3)nc1,test,train,train,1,1,0.9019608,0.9019608,0.88461536
CC1CCC(=O)N1c1ccc(Oc2ccc3c(c2)CCN(C2CCC2)CC3)nc1,train,test,train,1,1,0.7288136,0.7413793,0.7413793
O=C1C[C@@H](O)CN1c1ccc(Oc2ccc3c(c2)CCN(C2CCC2)CC3)nc1,train,train,train,1,1,0.7758621,0.7894737,0.7894737
CN1CCN(c2ccc(Oc3ccc4c(c3)CCN(C3CCC3)CC4)nc2)C1=O,test,train,train,1,1,0.7586207,0.7719298,0.7719298
O=C1OCCN1c1ccc(Oc2ccc3c(c2)CCN(C2CCC2)CC3)nc1,train,test,train,1,1,0.7586207,0.7719298,0.7719298
c1cc(-c2ccc(Oc3ccc4c(c3)CCN(C3CCC3)CC4)nc2)[nH]n1,train,train,train,2,2,0.6451613,0.6451613,0.6451613
c1cnn(-c2ccc(Oc3ccc4c(c3)CCN(C3CCC3)CC4)nc2)c1,train,train,test,2,2,0.6779661,0.6896552,0.6896552
Cc1noc(C)c1-c1ccc(Oc2ccc3c(c2)CCN(C2CCC2)CC3)nc1,train,train,test,1,1,0.6935484,0.6935484,0.6935484
Cc1nnc(-c2ccc(Oc3ccc4c(c3)CCN(C3CCC3)CC4)nc2)o1,train,train,train,2,2,0.6935484,0.6935484,0.6451613
CNC(=O)c1ccc(Oc2ccc3c(c2)CCN(C2CCCC2)CC3)nc1,train,train,train,1,1,0.96153843,0.96153843,0.96153843
CCNC(=O)c1ccc(Oc2ccc3c(c2)CCN(C2CCC2)CC3)cn1,test,train,test,1,1,0.8035714,0.8035714,0.75
CNC(=O)c1ccc(Oc2ccc3c(c2)CCN(C2CCC2)CC3)cn1,train,train,test,1,1,0.7924528,0.8035714,0.7924528
CNC(=O)c1ccc(Oc2ccc3c(c2)CCN(C2CCC2)CC3)nn1,train,train,train,1,1,0.7413793,0.7413793,0.7413793
CNC(=O)c1ccc(Oc2ccc3c(c2)CCN(C2CCC2)CC3)cc1,train,test,train,1,1,0.7592593,0.7592593,0.7592593
CC(=O)c1ccc(Oc2ccc3c(c2)CCN(C2CCC2)CC3)cn1,train,train,train,1,1,0.7924528,0.7924528,0.6440678
CC(=O)Nc1ccc(Oc2ccc3c(c2)CCN(C2CCC2)CC3)nc1,train,train,test,1,1,0.7118644,0.7118644,0.7118644
CC(C)NC(=O)c1ccc(Oc2ccc3c(c2)CCN(C2CCC2)CC3)nc1,train,train,test,1,1,0.83928573,0.83928573,0.83928573
CCN(C)C(=O)c1ccc(Oc2ccc3c(c2)CCN(C2CCC2)CC3)nc1,train,train,test,1,1,0.71666664,0.71666664,0.7096774
O=C(c1ccc(Oc2ccc3c(c2)CCN(C2CCC2)CC3)nc1)N1CCCC1,train,train,test,1,1,0.7818182,0.7818182,0.7413793
NC(=O)c1ccc(Oc2ccc3c(c2)CCN(C2CCC2)CC3)nc1,train,train,test,1,1,0.7818182,0.7818182,0.76785713
Cc1nc(Oc2ccc3c(c2)CCN(C2CCC2)CC3)ccc1C#N,test,train,test,1,1,0.5625,0.5625,0.5625
c1ccc(Oc2ccc3c(c2)CCN(C2CCC2)CC3)nc1,train,train,train,2,2,0.7291667,0.6888889,0.75555557
CN1N=C(c2ccc(OC3CCN(C4CCCC4)CC3)cc2)C2CC2C1=O,train,train,test,1,1,0.9782609,0.9782609,0.754717
O=C1NN=C(c2ccc(OC3CCN(C4CCCC4)CC3)cc2)C2CC12,test,test,train,1,1,0.6981132,0.6981132,0.6981132
CC(C)N1CCC(Oc2ccc(C3=NN(C)C(=O)C4CC34)cc2)CC1,train,train,train,1,1,0.7307692,0.7307692,0.6666667
CC(C)N1CCC(Oc2ccc(C3=NNC(=O)C4CC34)cc2)CC1,train,train,train,1,1,0.7307692,0.7307692,0.7307692
CCN1CCC(Oc2ccc(C3=NNC(=O)C4CC34)cc2)CC1,train,train,train,1,1,0.7307692,0.7307692,0.7307692
O=C1C2CC2C(c2ccc(OC3CCN(C4CCC4)CC3)cc2)=NN1c1ccc(F)cc1,train,test,train,1,1,0.68421054,0.68421054,0.66101694
CC(C)N1N=C(c2ccc(OC3CCN(C4CCC4)CC3)cc2)C2CC2C1=O,train,train,train,1,1,0.7692308,0.7692308,0.66101694
CCN1N=C(c2ccc(OC3CCN(C4CCC4)CC3)cc2)C2CC2C1=O,train,train,test,1,1,0.754717,0.754717,0.72727275
CN1N=C(c2ccc(OC3CCN(C4CCC4)CC3)cc2)C2CC2C1=O,train,train,test,1,1,0.9782609,0.9782609,0.7692308
CC(C)N1CCN(C(=O)N2CC3(CCN(C4CCOCC4)CC3)C2)CC1,train,train,test,1,1,0.6875,0.6875,0.6875
CC(C)N1CCN(C(=O)C2CC3(CCN(C4CCOCC4)CC3)C2)CC1,train,train,train,1,1,0.6875,0.6875,0.53061223
O=C(C1CC12CCN(c1ccncc1)CC2)N1CCN(C2CCCCC2)CC1,train,train,train,2,2,0.79591835,0.79591835,0.79591835
O=C(C1CC12CCN(CCc1ccccc1)CC2)N1CCN(C2CCCCC2)CC1,train,train,train,1,1,0.8076923,0.8076923,0.8076923
O=C(C1CC12CCN(Cc1ccccc1)CC2)N1CCN(C2CCCCC2)CC1,train,train,train,1,1,0.8076923,0.8076923,0.8076923
O=C(C1CC12CCN(c1ccccc1)CC2)N1CCN(C2CCCCC2)CC1,train,train,train,1,1,0.79591835,0.79591835,0.79591835
CC(C)N1CCC2(CC1)CC2C(=O)N1CCN(C2CCCCC2)CC1,train,train,train,1,1,0.775,0.775,0.775
O=C(C1CC12CCN(C1CCCCC1)CC2)N1CCN(C2CCCCC2)CC1,train,train,train,2,2,0.8648649,0.8648649,0.8648649
O=C(C1CC12CCNCC2)N1CCN(C2CCCCC2)CC1,train,train,train,2,2,0.7894737,0.7894737,0.7894737
O=C(C1CC12CCN(C1CCC1)CC2)N1CCN(C2CCOCC2)CC1,train,train,train,1,1,1.0,1.0,1.0
O=C(C1CC12CCN(C1CCOCC1)CC2)N1CCN(c2ccncc2)CC1,train,train,train,1,1,0.7647059,0.7647059,0.7647059
O=C(C1CC12CCN(C1CCOCC1)CC2)N1CCCN(C2CCC2)CC1,train,train,train,1,1,0.9230769,0.9230769,0.9230769
O=C(C1CC12CCN(C1CCOCC1)CC2)N1CCN(C2CCCCCC2)CC1,train,train,train,1,1,1.0,1.0,1.0
O=C(C1CC12CCN(C1CCOCC1)CC2)N1CCN(C2CCCCC2)CC1,train,train,train,1,1,1.0,1.0,1.0
O=C(C1CC12CCN(C1CCOCC1)CC2)N1CCN(C2CCCC2)CC1,train,train,train,1,1,0.972973,0.972973,0.972973
O=C(C1CC12CCN(C1CCOCC1)CC2)N1CCN(C2CCC2)CC1,train,train,train,1,1,1.0,1.0,1.0
O=C(C1CC12CCN(C1CCOCC1)CC2)N1CCN(C2CC2)CC1,train,train,train,1,1,0.8918919,0.8918919,0.8918919
CN1CCN(C(=O)C2CC23CCN(C2CCOCC2)CC3)CC1,train,train,train,1,1,0.82051283,0.82051283,0.82051283
CC1(C)COC(c2ccc(OCCCN3CCCCC3)cc2)=N1,train,train,train,0,0,0.7291667,0.61904764,0.7291667
CC1(C)COC(c2ccc(O[C@H]3C[C@H](N4CCCCC4)C3)cc2)=N1,train,test,train,2,2,0.5471698,0.5471698,0.5471698
c1cc(C2=NC3(CCCCC3)CO2)ccc1OCCCN1CCCCC1,train,test,train,0,0,0.7291667,0.7291667,0.7291667
c1cc(-c2nc(CN3CCCCC3)co2)ccc1OCCCN1CCCCC1,train,train,train,0,0,0.6111111,0.6111111,0.6111111
c1cc(-c2nc(CN3CCCCC3)co2)ccc1O[C@H]1C[C@H](N2CCCCC2)C1,train,train,train,0,0,0.6111111,0.6111111,0.6111111
COC(=O)c1oc(-c2ccc(O[C@H]3C[C@H](N4CCCCC4)C3)cc2)nc1C,train,train,train,1,1,0.5,0.5,0.5
CC(C)N1CCC(Oc2ccc(C3(C(N)=O)CCOCC3)cc2)CC1,test,train,train,1,1,0.5272727,0.5272727,0.5272727
Nc1nc(C2CCCC2)cc(N2CCNCC2)n1,test,train,test,2,2,0.5,0.5,0.5
CCc1cc(N2CC[C@@H](NC)C2)nc(N)n1,test,train,train,4,4,0.7948718,0.7948718,0.7948718
CC(C)c1cc(N2CC[C@@H](N)C2)nc(N)n1,test,train,train,1,1,0.8055556,0.63414633,0.8055556
Cc1nnc(C)n1-c1ccc(OCCCN2CCCCC2)cc1,train,train,test,0,0,0.7,0.7,0.7
Cc1nnc(-c2cccnc2)n1-c1ccc(OCCCN2CCCCC2)cc1,train,train,train,0,0,0.7,0.7,0.50877196
C[C@H](NCc1ccc(OCCCN2CCCCC2)cc1)C(N)=O,test,train,train,0,0,0.5769231,0.5769231,0.5769231
O=C1NC(c2ccccc2)(c2ccccc2)C(=O)N1CCCN1CCCCC1,train,train,train,0,0,0.6666667,0.4181818,0.6666667
O=C1NC(c2ccccc2)(c2ccccc2)C(=O)N1Cc1ccc(OCCCN2CCCCC2)cc1,train,test,train,0,0,0.6666667,0.6666667,0.6666667
CCNC(=O)C1CCN(Cc2ccc(OCCCN3CCCCC3)cc2)CC1,train,train,train,0,0,0.8113208,0.8113208,0.74509805
C#CCNC(=O)C1CCN(Cc2ccc(OCCCN3CCCCC3)cc2)CC1,train,train,test,0,0,0.8113208,0.8113208,0.8113208
O=C(O)C1CCN(Cc2ccc(OCCCN3CCCCC3)cc2)CC1,train,train,train,0,0,0.7906977,0.7906977,0.8043478
Cc1nnc(C2CCN(Cc3ccc(OCCCN4CCCCC4)cc3)CC2)o1,train,train,train,0,0,0.63461536,0.63461536,0.61538464
CCOC(=O)C1CCN(Cc2ccc(OCCCN3CCCCC3)cc2)CC1,train,train,train,0,0,0.74,0.74,0.76
c1cc(OCCCN2CCCCC2)ccc1CN1CCC2(CC1)OCCO2,train,train,test,0,0,0.75,0.75,0.75
OCC1CCN(Cc2ccc(OCCCN3CCCCC3)cc2)CC1,train,train,test,0,0,0.77272725,0.77272725,0.77272725
O=C1CCN(Cc2ccc(OCCCN3CCCCC3)cc2)CC1,train,train,train,0,0,0.8108108,0.8108108,0.8108108
CN1CCN(c2nc(N)nc(-c3ccc(Cl)cc3)n2)CC1,test,test,train,4,4,0.7692308,0.7692308,0.7692308
CN1CCN(c2nc(N)nc(-c3ccc(Br)cc3)n2)CC1,train,train,train,4,4,0.4117647,0.4090909,0.7692308
c1cc2c(cc1OCCCN1CCCCC1)CN1CCCC1=N2,train,train,train,0,0,0.5576923,0.5576923,0.5576923
Cc1c[nH]c(=O)n(Cc2ccc(OCCCN3CCCCC3)cc2)c1=O,train,train,train,0,0,0.64285713,0.6923077,0.6923077
O=c1cc[nH]c(=O)n1Cc1ccc(OCCCN2CCCCC2)cc1,test,train,train,0,0,0.6923077,0.6923077,0.6923077
Cc1c(C)n(Cc2ccc(OCCCN3CCCCC3)cc2)c(=O)[nH]c1=O,train,train,train,0,0,0.6851852,0.6603774,0.6851852
Cc1cn(Cc2ccc(OCCCN3CCCCC3)cc2)c(=O)[nH]c1=O,train,test,train,0,0,0.6851852,0.6851852,0.6851852
O=c1ccn(Cc2ccc(OCCCN3CCCCC3)cc2)c(=O)[nH]1,test,train,test,0,0,0.6730769,0.64444447,0.6730769
O=c1ccn(CCCN2CCCCC2)c(=O)[nH]1,train,train,train,0,0,0.46,0.64444447,0.46
Cc1c(C)n(C(=O)OC(C)(C)C)c(=O)n(Cc2ccc(OCCCN3CCCCC3)cc2)c1=O,train,test,train,0,0,0.7704918,0.7704918,0.7704918
Cc1cn(C(=O)OC(C)(C)C)c(=O)n(Cc2ccc(OCCCN3CCCCC3)cc2)c1=O,train,train,train,0,0,0.7704918,0.75,0.7704918
CC(C)(C)OC(=O)n1ccc(=O)n(Cc2ccc(OCCCN3CCCCC3)cc2)c1=O,train,train,test,0,0,0.75,0.75,0.75
Cc1c(C)n(Cc2ccc(OCCCN3CCCCC3)cc2)c(=O)n(C(=O)c2ccccc2)c1=O,test,train,train,0,0,0.71875,0.71875,0.64615387
Cc1cn(Cc2ccc(OCCCN3CCCCC3)cc2)c(=O)n(C(=O)c2ccccc2)c1=O,train,train,test,0,0,0.7258065,0.71875,0.7258065
O=C(c1ccccc1)n1c(=O)ccn(Cc2ccc(OCCCN3CCCCC3)cc2)c1=O,train,test,train,0,0,0.7258065,0.7258065,0.6909091
O=C(c1ccccc1)n1c(=O)ccn(CCCN2CCCCC2)c1=O,train,train,train,0,0,0.6909091,0.5,0.6909091
Cc1cc(OCCCN2CCCCC2)ccc1C1=NNC(=O)C2CC12,train,train,train,0,0,0.7037037,0.7037037,0.53571427
O=C1NN=C(c2ccc(OCCCN3CCCCC3)cc2)C2CC12,train,train,test,0,0,0.7037037,0.7037037,0.7037037
C[C@H](COc1ccc(C2=NNC(=O)C3CC23)cc1)CN1CCC[C@H]1C,train,train,train,4,4,0.5538462,0.5538462,0.5538462
O=C(c1ccc(CN2CCC(F)CC2)cc1)N1CCN(C2CC2)CC1,train,train,train,1,1,0.902439,0.902439,0.902439
O=C(c1ccc(CN2CCC(F)CC2)cc1)N1CCN(C2CCC2)CC1,train,train,train,1,1,0.902439,0.902439,0.902439
CC(C)N1CCN(C(=O)c2ccc(CN3CCC(F)CC3)cc2)CC1,train,train,train,1,1,0.76744187,0.76744187,0.76744187
O=C(c1ccc(CN2CCOCC2)cc1)N1CCN(C2CCC2)CC1,train,test,train,1,1,0.9047619,0.8,0.9047619
CC(C)N1CCN(C(=O)c2ccc(CN3CCCCCC3)cc2)CC1,train,test,train,1,1,1.0,1.0,1.0
CC(C)N1CCN(C(=O)c2ccc(CN3CCCC3)cc2)CC1,train,train,train,1,1,0.972973,0.972973,0.972973
CCN(CC)Cc1ccc(C(=O)N2CCN(C(C)C)CC2)cc1,train,test,train,1,1,0.62222224,0.75609756,0.75609756
CC(C)N1CCN(C(=O)c2ccc(CN(C)C)cc2)CC1,test,train,train,1,1,0.75609756,0.6511628,0.75609756
CN1CCN(C(=O)c2ccc(CN3CCOCC3)cc2)CC1,train,train,test,1,1,0.70454544,0.75,0.75
CN1CCN(C(=O)c2ccc(CN3CCCCC3)cc2)CC1,test,train,train,1,1,0.75,0.75,0.73170733
Nc1nccc(NC2CCNCC2)n1,train,train,train,1,1,0.4390244,0.71428573,0.71428573
Nc1nccc(NC2CCN(Cc3ccccc3)CC2)n1,test,train,train,4,4,0.5510204,0.5510204,0.5510204
Nc1nccc(N2CCC3(CC2)CNC3)n1,train,train,test,2,2,0.6486486,0.6486486,0.6486486
CCC(N)CCNc1ccnc(N)n1,train,train,train,4,4,0.575,0.575,0.575
CN(CCCN)c1ccnc(N)n1,train,train,train,0,0,0.72727275,0.72727275,0.72727275
Nc1nccc(NC2CNC2)n1,test,train,train,1,1,0.71428573,0.71428573,0.71428573
CNCCCNc1ccnc(N)n1,train,train,test,0,0,0.7058824,0.7058824,0.6216216
Nc1nccc(N2CCC(N)CC2)n1,test,train,train,2,2,0.62857145,0.62857145,0.62857145
CN(C)CCN(C)c1ccnc(N)n1,train,train,train,4,4,0.72727275,0.72727275,0.72727275
CN(C)CCNc1ccnc(N)n1,train,train,train,4,4,0.6216216,0.6216216,0.575
CN1CCN(c2ccnc(N)n2)CC1,train,train,train,0,0,0.64705884,0.64705884,0.64705884
Nc1nccc(N2C[C@@H]3CN(Cc4ccccc4)C[C@@H]3C2)n1,test,train,train,0,0,0.65909094,0.65909094,0.65909094
NCCCNc1ccnc(N)n1,train,train,test,3,3,0.7058824,0.7058824,0.6111111
Nc1nccc(N2CCCN(Cc3ccccc3)CCC2)n1,train,train,train,0,0,0.52380955,0.65909094,0.65909094
Nc1nccc(N2CCNCC2)n1,train,train,train,2,2,0.6486486,0.6486486,0.64705884
CN1CCN(c2nc(N)nc3c2CCc2ccccc2-3)CC1,train,test,train,1,1,0.62,0.62,0.62
CN1CCN(c2nc(NCc3ccccc3)nc3c2CCc2ccccc2-3)CC1,train,train,train,4,4,0.62,0.5090909,0.62
CN1CCN(c2cc(-c3ccccc3)nc(NCc3ccccc3)n2)CC1,train,train,train,4,4,0.5090909,0.5090909,0.5090909
CC(C)N1CCC(NC(=O)c2ccc(OC3CCOCC3)cc2)C1,test,test,train,1,1,0.7407407,0.8333333,0.8333333
CC(C)N1CCC(Oc2ccc(C(=O)NC3CCN(C4CCC4)C3)cc2)CC1,train,train,train,1,1,0.88235295,0.88235295,0.88235295
CC(C)N1CCC(NC(=O)c2ccc(OC3CCN(C(C)C)CC3)cc2)CC1,train,test,train,1,1,0.84782606,0.88372093,0.88372093
CC(C)N1CCC(NC(=O)c2ccc(OC3CCN(C4CCC4)CC3)cc2)CC1,train,train,train,1,1,0.88,0.88,0.88
CC(C)N1CCC(Oc2ccc(C(=O)NC3CCN(C4CCC4)C3)cc2F)CC1,train,train,test,1,1,0.8135593,0.8135593,0.8135593
CC(C)N1CCC(Oc2ccc(C(=O)NC3CCN(C4CCC4)CC3)c(F)c2)CC1,train,train,test,1,1,0.8909091,0.8627451,0.8909091
CC(C)N1CCC(NC(=O)c2ccc(OC3CCN(C(C)C)CC3)cc2F)CC1,train,train,train,1,1,0.8627451,0.8627451,0.7962963
CC(C)N1CCC(Oc2ccc(C(=O)NC3CCN(C4CCC4)C3)c(Cl)c2)CC1,train,train,test,1,1,0.8135593,0.89285713,0.8135593
CC(C)N1CCC(NC(=O)c2ccc(OC3CCN(C4CCC4)CC3)cc2Cl)CC1,test,train,test,1,1,0.89285713,0.89285713,0.84615386
O=C(NC1CCN(C2CCC2)CC1)c1ccc(OC2CCN(C3CCC3)CC2)cc1Cl,train,test,train,1,1,0.75,0.84615386,0.59016395
CC(C)N1CCC(Oc2ccc(C(=O)NC3CCN(C4CCC4)C3)c(F)c2)CC1,train,test,train,1,1,0.8909091,0.8909091,0.82758623
Cc1cc(OC2CCN(C(C)C)CC2)ccc1C(=O)NC1CCN(C2CCC2)C1,test,train,train,1,1,0.82758623,0.8135593,0.82758623
Cc1cc(C(=O)NC2CCN(C(C)C)C2)ccc1OC1CCN(C(C)C)CC1,train,train,train,1,1,0.8181818,0.8181818,0.8181818
Cc1cc(C(=O)NC2CCN(C3CCC3)C2)ccc1OC1CCN(C(C)C)CC1,train,train,train,1,1,0.8181818,0.8181818,0.8181818
CC(C)N1CCC(Oc2ccc3c(c2)CCN(C2CCN(C4CCC4)C2)C3=O)CC1,train,train,test,1,1,0.8888889,0.8888889,0.8888889
CC(C)N1CCC(Oc2ccc3c(c2)CCN(C2CCN(C4CCC4)CC2)C3=O)CC1,train,train,train,1,1,0.8888889,0.8888889,0.7962963
O=C1c2ccc(OC3CCN(C4CCC4)CC3)cc2CCN1C1CCN(C2CCC2)CC1,train,train,test,1,1,0.84,0.84,0.84
CC(C)N1CCC(Oc2ccc(C(=O)NC3CCN(C(C)C)C3)cc2)CC1,test,train,train,1,1,0.88372093,0.8367347,0.88372093
CC(C)N1CCC(NC(=O)c2ccc(OC3CCN(C4CCC4)CC3)cc2)C1,train,train,train,1,1,0.88235295,0.97959185,0.97959185
CC(C)N1CCC(NC(=O)c2ccc(OC3CCN(C4CCCC4)CC3)cc2)C1,test,train,train,1,1,0.97959185,0.97959185,0.97959185
CC(C)CN1CCC(NC(=O)c2ccc(OC3CCN(C(C)C)CC3)cc2)C1,train,train,train,1,1,0.76,0.78431374,0.78431374
CC(C)N1CCC(Oc2ccc3c(c2)CCN(C2CCN(C(C)C)C2)C3=O)CC1,test,test,train,1,1,0.8333333,0.8333333,0.7962963
O=C(c1ccc(CN2CCOCC2)cc1)N1CCN(C2CC2)CC1,train,test,train,1,1,0.9047619,0.7906977,0.9047619
C=CCN(CC=C)CCc1c[nH]c2ccc(OC)cc12,train,test,train,1,1,0.6888889,0.6888889,0.6888889
C=CCN(CC=C)CCc1c[nH]c2ccc(Cl)cc12,train,train,train,4,4,0.7380952,0.7380952,0.7380952
C=CCN(CC=C)CCc1c[nH]c2ccc(Br)cc12,train,train,train,3,3,0.7380952,0.7380952,0.7380952
C=CCN(CC=C)CCc1c[nH]c2ccc(F)cc12,train,train,train,1,1,0.7380952,0.7380952,0.7380952
CNCCN1CCC(OCc2ccccc2)CC1,test,test,train,0,0,0.39583334,0.39583334,0.39583334
Cn1cnc(CCN)c1,train,train,train,3,3,0.31428573,0.31428573,0.41935483
c1ccc(C(OCCCc2c[nH]cn2)c2ccccc2)cc1,train,train,test,3,3,0.85,0.85,0.85
c1ccc(C(OCCCc2c[nH]cn2)c2nc3ccccc3s2)cc1,test,test,train,3,3,0.70212764,0.70212764,0.6226415
CN1CC[C@H]2CC(=O)[C@H](Cc3ccccc3)[C@H]3CCC[C@@H]1[C@H]23,train,train,train,4,4,0.375,0.375,0.375
c1cnc2c(N3CCN(CCc4ccc(OCCCN5CCCCCC5)cc4)CC3)cccc2c1,train,train,train,0,0,0.92156863,0.90384614,0.92156863
c1cnc2c(N3CCN(CCCc4ccc(OCCCN5CCCCCC5)cc4)CC3)cccc2c1,train,test,train,0,0,0.9411765,0.9411765,0.9411765
c1cnc2c(N3CCN(CCCCc4ccc(OCCCN5CCCCCC5)cc4)CC3)cccc2c1,train,train,train,0,0,0.9411765,0.90384614,0.9411765
O=C(O)c1ccc2cccc(N3CCN(CCc4ccc(OCCCN5CCCCCC5)cc4)CC3)c2n1,train,train,train,0,0,0.78125,0.75757575,0.78125
O=C(O)c1cnc2c(N3CCN(CCc4ccc(OCCCN5CCCCCC5)cc4)CC3)cccc2c1,train,train,train,0,0,0.8125,0.8125,0.8125
O=C(O)c1ccnc2c(N3CCN(CCc4ccc(OCCCN5CCCCCC5)cc4)CC3)cccc12,train,train,train,0,0,0.6935484,0.6935484,0.6935484
N#Cc1ccc(N2CCN(CCc3ccc(OCCCN4CCCCCC4)cc3)CC2)c2ncccc12,train,train,test,0,0,0.6935484,0.6935484,0.6935484
O=C(O)c1cc(N2CCN(CCc3ccc(OCCCN4CCCCCC4)cc3)CC2)c2ncccc2c1,train,train,train,0,0,0.7777778,0.7777778,0.7777778
O=C(O)c1ccc2cccnc2c1N1CCN(CCc2ccc(OCCCN3CCCCCC3)cc2)CC1,test,train,train,0,0,0.6969697,0.6969697,0.6969697
O=C(O)/C=C/c1ccc2cccc(N3CCN(CCc4ccc(OCCCN5CCCCCC5)cc4)CC3)c2n1,train,train,train,0,0,0.75757575,0.75757575,0.75757575
O=C(O)CCc1ccc2cccc(N3CCN(CCc4ccc(OCCCN5CCCCCC5)cc4)CC3)c2n1,train,test,train,0,0,0.7826087,0.78125,0.7826087
O=C(O)CCc1cnc2c(N3CCN(CCc4ccc(OCCCN5CCCCCC5)cc4)CC3)cccc2c1,train,train,train,0,0,0.8125,0.8125,0.8125
CCc1cc(N2CCN(CCc3ccc(OCCCN4CCCCCC4)cc3)CC2)c2nc(CCC(=O)O)ccc2c1,test,train,train,0,0,0.8405797,0.88235295,0.88235295
CCCCc1cc(N2CCN(CCc3ccc(OCCCN4CCCCCC4)cc3)CC2)c2nc(CCC(=O)O)ccc2c1,test,train,train,0,0,0.8169014,0.88235295,0.88235295
O=C(O)CCc1ccc2cc(Cc3ccccc3)cc(N3CCN(CCc4ccc(OCCCN5CCCCCC5)cc4)CC3)c2n1,train,test,train,0,0,0.7826087,0.8405797,0.8405797
c1cc2nc(N3CCN(C4CC4)CC3)sc2cc1CN1CCCC1,train,test,train,2,2,0.48214287,0.6730769,0.6730769
c1cc2nc(N3CCN(C4CC4)CC3)sc2cc1CNC1CC1,test,train,train,2,2,0.6730769,0.42372882,0.6730769
CC(C)N1CCN(C(=O)OC2CCN(c3ccc(=O)[nH]n3)CC2)CC1,train,train,train,1,1,0.6545454,0.6545454,0.6315789
CC(C)N1CCN(C(=O)OC2CCN(c3ccn(C)c(=O)c3)CC2)CC1,train,train,train,1,1,0.7037037,0.7037037,0.7037037
CC(C)N1CCN(C(=O)OC2CCN(c3cc[nH]c(=O)c3)CC2)CC1,train,train,train,1,1,0.7169811,0.7169811,0.7037037
CC(C)N1CCN(C(=O)OC2CCN(c3ccc(=O)[nH]c3)CC2)CC1,train,train,test,1,1,0.7169811,0.7169811,0.7169811
CC(C)N1CCN(C(=O)OC2CCN(c3ccc(C(=O)N(C)C)cn3)CC2)CC1,test,train,train,1,1,0.7017544,0.7017544,0.7017544
CC(C)N1CCN(C(=O)OC2CCN(c3ccc(C(F)(F)F)cn3)CC2)CC1,train,train,train,1,1,0.8148148,0.8148148,0.8148148
O=C(OC1CCN(c2ccccn2)CC1)N1CCN(C2CCC2)CC1,train,train,test,1,1,0.7254902,0.7254902,0.7254902
COC(=O)c1cccnc1N1CCC(OC(=O)N2CCN(C(C)C)CC2)CC1,train,test,train,1,1,0.6333333,0.6333333,0.6333333
CC(C)N1CCN(C(=O)OC2CCN(c3cc(F)ccn3)CC2)CC1,train,train,test,1,1,0.6363636,0.6363636,0.6363636
O=C(OC1CCN(c2ccc(F)cn2)CC1)N1CCN(C2CCC2)CC1,train,train,train,1,1,0.7692308,0.7407407,0.7692308
COC(=O)c1ccc(N2CCC(OC(=O)N3CCN(C4CCC4)CC3)CC2)nc1,train,train,train,1,1,0.75,0.7407407,0.75
COc1ccc(N2CCC(OC(=O)N3CCN(C(C)C)CC3)CC2)nc1,train,train,train,1,1,0.72727275,0.71428573,0.72727275
COc1ccc(N2CCC(OC(=O)N3CCN(C4CCC4)CC3)CC2)nc1,train,test,train,1,1,0.7692308,0.7692308,0.7692308
CC(C)N1CCN(C(=O)OC2CCN(c3ccc(C(C)(C)O)cn3)CC2)CC1,train,train,train,1,1,0.8148148,0.8148148,0.8148148
O=C(OC1CCN(c2ccc(N3CCCC3=O)cn2)CC1)N1CCN(C2CCC2)CC1,train,train,train,1,1,0.7017544,0.7017544,0.7017544
CC(CO)N1CCN(C(=O)OC2CCN(c3ccc(C(N)=O)cn3)CC2)CC1,train,train,train,1,1,0.6229508,0.6451613,0.7118644
NC(=O)c1ccc(N2CCC(OC(=O)N3CCN(CCO)CC3)CC2)nc1,test,test,train,1,1,0.7118644,0.7118644,0.7118644
CC(C)N1CCN(C(=O)OC2CCN(c3ccc(-c4nccs4)cn3)CC2)CC1,test,train,test,1,1,0.66101694,0.66101694,0.66101694
CC(C)N1CCN(C(=O)OC2CCN(c3cccc(C(F)(F)F)n3)CC2)CC1,train,train,train,1,1,0.71428573,0.7017544,0.71428573
[C-]#[N+]c1cccc(N2CCC(OC(=O)N3CCN(C4CCC4)CC3)CC2)n1,test,train,train,1,1,0.71929824,0.71929824,0.71929824
COC(=O)c1cccc(N2CCC(OC(=O)N3CCN(C(C)C)CC3)CC2)n1,train,train,train,1,1,0.74545455,0.7017544,0.74545455
COC(=O)c1cccc(N2CCC(OC(=O)N3CCN(C4CCC4)CC3)CC2)n1,test,test,train,1,1,0.7368421,0.7368421,0.7368421
COCc1cccc(N2CCC(OC(=O)N3CCN(C4CCC4)CC3)CC2)n1,test,test,test,1,1,0.6721311,0.6721311,0.7118644
CC(C)N1CCN(C(=O)OC2CCN(c3cccc(CO)n3)CC2)CC1,train,train,train,1,1,0.73214287,0.73214287,0.73214287
COc1cccc(N2CCC(OC(=O)N3CCN(C(C)C)CC3)CC2)n1,train,test,train,1,1,0.74545455,0.74545455,0.74545455
[C-]#[N+]c1cccc(N2CCC(OC(=O)N3CCN(C(C)C)CC3)CC2)n1,train,train,train,1,1,0.73214287,0.73214287,0.73214287
CC(C)N1CCN(C(=O)OC2CCN(c3ccc(C(N)=O)nc3)CC2)CC1,train,train,train,1,1,0.92,0.92,0.92
COC(=O)c1ccc(N2CCC(OC(=O)N3CCN(C(C)C)CC3)CC2)cn1,train,train,train,1,1,0.7962963,0.7962963,0.7962963
COC(=O)c1ccc(N2CCC(OC(=O)N3CCN(C4CCC4)CC3)CC2)cn1,test,train,train,1,1,0.7818182,0.7818182,0.7818182
CC(C)N1CCN(C(=O)OC2CCN(c3ccc(CO)nc3)CC2)CC1,train,train,train,1,1,0.8148148,0.8148148,0.8148148
O=C(OC1CCN(c2ccc(CO)nc2)CC1)N1CCN(C2CCC2)CC1,train,train,train,1,1,0.8,0.8,0.74545455
COCc1ccc(N2CCC(OC(=O)N3CCN(C4CCC4)CC3)CC2)cn1,train,train,test,1,1,0.8,0.8,0.8
COCc1ccc(N2CCC(OC(=O)N3CCN(C(C)C)CC3)CC2)cn1,train,train,train,1,1,0.8148148,0.8148148,0.8148148
NC(=O)c1ccc(N2CCC(OC(=O)N3CCN(C4CCC4)CC3)CC2)cn1,train,train,train,1,1,0.74545455,0.7818182,0.7818182
CC(C)N1CCN(C(=O)OC2CCN(c3ccncc3)CC2)CC1,train,train,train,1,1,0.67346936,0.67346936,0.67346936
O=C(OC1CCN(c2ccncc2)CC1)N1CCN(C2CCC2)CC1,train,train,train,1,1,0.71428573,0.67346936,0.71428573
COc1ccc(N2CCC(OC(=O)N3CCN(C4CCC4)CC3)CC2)nn1,train,train,train,1,1,0.7090909,0.6666667,0.7090909
COc1cncc(N2CCC(OC(=O)N3CCN(C(C)C)CC3)CC2)n1,test,train,train,1,1,0.7407407,0.64912283,0.7407407
COc1cncc(N2CCC(OC(=O)N3CCN(C4CCC4)CC3)CC2)n1,test,test,train,1,1,0.7090909,0.72727275,0.72727275
CC(C)N1CCN(C(=O)OC2CCN(c3ccn4ccnc4c3)CC2)CC1,train,train,train,1,1,0.7288136,0.7288136,0.7288136
O=C(OC1CCN(c2ccn3ccnc3c2)CC1)N1CCN(C2CCC2)CC1,train,train,train,1,1,0.7241379,0.7241379,0.7241379
Cc1cn2ccc(N3CCC(OC(=O)N4CCN(C(C)C)CC4)CC3)cc2n1,train,train,train,1,1,0.7288136,0.7288136,0.7288136
NC(=O)c1ccc(N2CCC(OC(=O)N3CCN(C4CCC4)CC3)CC2)cc1,train,test,train,1,1,0.7169811,0.7169811,0.7169811
CC(C)N1CCN(C(=O)OC2CCN(c3cscn3)CC2)CC1,train,train,train,1,1,0.6415094,0.6415094,0.6415094
O=C(OC1CCN(c2cncs2)CC1)N1CCN(C2CCC2)CC1,train,train,train,1,1,0.63461536,0.63461536,0.63461536
CC(C)N1CCN(C(=O)OC2CCN(c3nccs3)CC2)CC1,train,train,train,1,1,0.6792453,0.6792453,0.6792453
Cc1csc(N2CCC(OC(=O)N3CCN(C(C)C)CC3)CC2)n1,train,train,train,1,1,0.6792453,0.7169811,0.7169811
Cc1csc(N2CCC(OC(=O)N3CCN(C4CCC4)CC3)CC2)n1,test,train,train,1,1,0.7169811,0.7169811,0.7169811
CC(C)N1CCN(C(=O)OC2CCN(c3ccc(C(N)=O)nc3)C2)CC1,train,train,train,1,1,0.92,0.92,0.92
C[C@H]1CCCN1C1CC[C@H](c2ccc(N3CCC4(CCOCC4)C3=O)cc2)C1,train,test,train,4,4,0.8269231,0.8301887,0.8301887
C[C@H]1CCCN1C1CC[C@H](c2ccc(N3CCC4(CCCCC4)C3=O)cc2)C1,train,train,train,4,4,0.8958333,0.8958333,0.8958333
CC1CCCN1C1CC[C@H](c2ccc(N3CCCC4(CCN(C(=O)OC(C)(C)C)CC4)C3=O)cc2)C1,train,test,test,1,1,0.7457627,0.9322034,0.9322034
CC1CCCN1C1CC[C@H](c2ccc(N3CCC4(CCC(O)CC4)C3=O)cc2)C1,train,test,test,4,4,0.86,0.86,0.86
COC(=O)C1CCC2(CC1)CCN(c1ccc([C@H]3CCC(N4CCCC4C)C3)cc1)C2=O,train,train,train,1,1,0.7719298,0.75438595,0.75438595
CC1CCCN1C1CC[C@H](c2ccc(N3CCC4(CCN(C(=O)OC(C)(C)C)CC4)C3=O)cc2)C1,test,train,train,1,1,0.9322034,0.7288136,0.7288136
CC1CCCN1C1CC[C@H](c2ccc(N3CCCC4(CCCC4)C3=O)cc2)C1,train,train,train,4,4,0.8958333,0.8958333,0.8958333
CC1CCCN1C1CC[C@H](c2ccc(N3CCCC4(CCNCC4)C3=O)cc2)C1,test,train,train,4,4,0.8627451,0.8627451,0.8627451
O=C1N(c2ccc([C@H]3CC[C@H](N4CCCC4)CC3)cc2)CCC12CCOCC2,train,train,train,2,2,0.6545454,0.7307692,0.7307692
C[C@H]1CCCCN1[C@H]1CC[C@H](c2ccc(N3CCC4(CCOCC4)C3=O)cc2)CC1,test,train,train,4,4,0.8301887,0.7307692,0.8301887
CC(C)(C)OC(=O)N1CCC2(CC1)CCN(c1ccc([C@H]3CC[C@H](N4CCCC4)CC3)cc1F)C2=O,test,train,train,1,1,0.68333334,0.68333334,0.96363634
CC(C)(C)OC(=O)N1CCC2(CC1)CCN(c1ccc([C@H]3CC[C@H](N4CCC4)CC3)cc1F)C2=O,test,test,train,1,1,0.68333334,0.96363634,0.96363634
O=C1N(c2ccc([C@H]3CC[C@H](N4CCC4)CC3)cc2F)CCC12CCNCC2,train,train,test,2,2,0.9583333,0.9583333,0.9583333
O=C1N(c2ccc([C@H]3CC[C@H](N4CCCC4)CC3)cc2F)CCC12CCNCC2,train,train,train,2,2,0.9583333,0.9583333,0.68333334
C[C@H]1CCCN1C1CC=C(c2ccc(NC(=O)OCc3ccccc3)c(F)c2)CC1,train,test,train,4,4,0.3902439,0.3902439,0.3902439
CC(=O)N1CCC(C(=O)Nc2ccc([C@H]3CCC(N4CCC[C@@H]4C)C3)cc2)CC1,train,test,train,1,1,0.7777778,0.7777778,0.7777778
C[C@H]1CCCN1C1CC[C@H](c2ccc(NC(=O)c3cccs3)cc2)C1,train,train,train,4,4,0.71428573,0.71428573,0.71428573
C[C@H]1CCCN1C1CC[C@H](c2ccc(NS(=O)(=O)c3ccc(F)cc3)cc2)C1,train,train,train,4,4,0.7962963,0.6981132,0.7962963
Cc1ccc(F)cc1ONc1ccc([C@H]2CCC(N3CCC[C@@H]3C)C2)cc1,test,train,train,4,4,0.58064514,0.58064514,0.58064514
Cc1noc(C)c1C(=O)Nc1ccc([C@H]2CCC(N3CCC[C@@H]3C)C2)cc1,train,train,test,4,4,0.65,0.6666667,0.65
C[C@H]1CCCN1C1CC[C@H](c2ccc(NS(=O)(=O)C3CC3)cc2)C1,train,train,train,4,4,0.6981132,0.6981132,0.6981132
C[C@H]1CCCN1C1CC[C@H](c2ccc(NC(=O)C3CCOCC3)cc2)C1,train,train,train,4,4,0.7777778,0.64912283,0.7777778
C[C@H]1CCCN1C1CC[C@H](c2ccc(NC(=O)c3ccccc3)cc2)C1,train,train,train,4,4,0.8076923,0.8235294,0.8076923
C[C@H]1CCCN1C1CC[C@H](c2ccc(NS(=O)(=O)c3ccc(F)c(F)c3)cc2)C1,train,test,train,4,4,0.7962963,0.7962963,0.7962963
C[C@H]1CCCN1C1CC[C@H](c2ccc(NC(=O)c3ccc(F)cc3)cc2)C1,test,test,train,1,1,0.8113208,0.8269231,0.8113208
C[C@H]1CCCN1C1CC[C@H](c2ccc(NC(=O)c3ccc(Cl)cc3)cc2)C1,train,train,train,1,1,0.8076923,0.8269231,0.8113208
Cc1ccccc1C(=O)Nc1ccc([C@H]2CCC(N3CCC[C@@H]3C)C2)cc1,test,test,train,4,4,0.7592593,0.7592593,0.7592593
Cc1ccc(C(=O)Nc2ccc([C@H]3CCC(N4CCC[C@@H]4C)C3)cc2)cc1,test,train,test,4,4,0.8269231,0.8269231,0.8269231
C[C@H]1CCCN1C1CC[C@H](c2ccc(NC(=O)c3ccccc3OC(F)(F)F)cc2)C1,train,train,train,1,1,0.6721311,0.71875,0.72131145
C[C@H]1CCCN1C1CC[C@H](c2ccc(NC(=O)c3ccc(OC(F)(F)F)cc3)cc2)C1,test,train,train,1,1,0.7288136,0.7413793,0.7586207
C[C@H]1CCCN1C1CC[C@H](c2ccc(NC(=O)Cc3ccccc3)cc2)C1,train,train,test,4,4,0.7407407,0.7407407,0.7407407
CCN1CCN(c2cc(C)c3cc(NC(=O)/C=C/c4ccc(OC)cc4)ccc3n2)CC1,train,train,train,1,1,0.33802816,0.33802816,0.33802816
COc1cc(-n2cnc3cc(-c4ccc(Cl)cc4)sc3c2=O)ccc1OCCN1CCCC1,train,test,train,0,0,0.4027778,0.4027778,0.4027778
O=c1cc(OCc2ccc(F)cc2)ccn1-c1ccc(OCCN2CCCC2)cc1,train,test,train,0,0,0.48076922,0.48076922,0.48076922
O=C(NC(c1ccc(Cl)cc1)c1ccc(Cl)cc1)OCCCc1c[nH]cn1,test,test,train,3,3,0.60784316,0.60784316,0.65384614
O=[N+]([O-])c1cccc(C(OCCCc2c[nH]cn2)c2ccccc2)c1,train,train,train,3,3,0.7083333,0.7083333,0.6296296
Ic1ccc(C(OCCCc2c[nH]cn2)c2ccccc2)cc1,train,train,train,3,3,0.85,0.85,0.6296296
Brc1ccc(C(OCCCc2c[nH]cn2)c2ccc3ccccc3c2)cc1,train,train,test,3,3,0.68085104,0.68085104,0.63461536
Nc1ccc(NCCc2ccc(OCCCN3CCCCC3)cc2)nc1,test,test,train,0,0,0.59574467,0.59574467,0.59574467
O=C(/C=C/c1ccccc1)c1ccc(OCCCc2c[nH]cn2)cc1,train,train,test,3,3,0.6086956,0.6086956,0.62
O=C(CCCc1ccc(I)cc1)OCCCc1c[nH]cn1,test,test,train,3,3,0.6041667,0.6041667,0.6041667
c1ccc(-c2ccc(CCCOCCCc3c[nH]cn3)cc2)cc1,train,train,test,3,3,0.68292683,0.68292683,0.68292683
CC(=O)c1ccc(OCc2ccc(CN3CCCC(C)C3)cc2)cc1,train,test,test,1,1,0.537037,0.537037,0.5106383
c1ccc2c(OCCCCCCN3CCCCCC3)cccc2c1,train,train,train,0,0,1.0,1.0,1.0
CC1CCCN(CCCCCCOc2cccc3ccccc23)C1,test,train,train,0,0,1.0,0.73913044,1.0
c1ccc2c(OCCCCCCN3CCCCC3)cccc2c1,test,test,train,0,0,1.0,1.0,1.0
CC1CCN(CCCCCCOc2cccc3ccccc23)CC1,train,train,train,0,0,0.73913044,0.73913044,1.0
c1ccc2c(OCCCCCN3CCCCCC3)cccc2c1,train,train,train,0,0,1.0,1.0,1.0
CC1CCCN(CCCCCOc2cccc3ccccc23)C1,train,test,train,0,0,0.73913044,1.0,1.0
c1ccc2c(OCCCCCN3CCCCC3)cccc2c1,train,train,train,0,0,1.0,1.0,1.0
CC1CCN(CCCCCOc2cccc3ccccc23)CC1,test,test,train,0,0,1.0,1.0,1.0
c1ccc2cc(OCCCCCCN3CCCCCC3)ccc2c1,test,test,test,0,0,1.0,1.0,1.0
CC1CCCN(CCCCCCOc2ccc3ccccc3c2)C1,test,train,test,0,0,1.0,1.0,1.0
c1ccc2cc(OCCCCCCN3CCCCC3)ccc2c1,train,train,train,0,0,1.0,1.0,1.0
CC1CCN(CCCCCCOc2ccc3ccccc3c2)CC1,train,test,train,0,0,1.0,1.0,1.0
c1ccc2cc(OCCCCCN3CCCCCC3)ccc2c1,train,train,train,0,0,1.0,1.0,1.0
CC1CCCN(CCCCCOc2ccc3ccccc3c2)C1,train,train,train,0,0,0.73913044,1.0,0.73913044
c1ccc2cc(OCCCCCN3CCCCC3)ccc2c1,train,train,test,0,0,1.0,1.0,1.0
CC1CCN(CCCCCOc2ccc3ccccc3c2)CC1,train,train,train,0,0,1.0,0.73913044,1.0
C#CCN(C)Cc1cc2cc(OCCCN3CCCCC3)ccc2n1C,train,train,train,0,0,0.6515151,0.6515151,0.48214287
CN1CCN(c2ccc3c(c2)CN(C(=O)OCc2ccccc2)C3)CC1,train,test,test,1,1,0.75,0.78431374,0.78431374
C=C(C)CN1CCN(c2ccc3c(c2)CN(C(=O)OCc2ccccc2)C3)CC1,test,train,train,1,1,0.8679245,0.8679245,0.8679245
C=C(C)CN1CCN(c2ccc3c(c2)CN(C(=O)OCc2ccccc2)CC3)CC1,train,train,train,1,1,0.7,0.8679245,0.8679245
O=C(OCc1ccccc1)N1Cc2ccc(N3CCN(C4CCCC4)CC3)cc2C1,train,train,test,1,1,0.8679245,0.8679245,0.8679245
O=C(OCc1ccccc1)N1CCc2ccc(N3CCN(C4CCCC4)CC3)cc2C1,train,train,train,1,1,0.8679245,0.8679245,0.7
CCOC(=O)CCN1CCN(c2ccc3c(c2)CN(C(=O)OCc2ccccc2)C3)CC1,train,train,test,1,1,0.74545455,0.7118644,0.7118644
CC(C)(C)c1ccc(OCCCN2CCN(c3ncccn3)CC2)cc1,train,train,train,0,0,0.925,0.925,0.925
CC(C)(C)c1ccc(OCCCN2CCN(c3ccncc3)CC2)cc1,train,train,train,0,0,0.9268293,0.9268293,0.9268293
CC(C)(C)c1ccc(OCCCN2CCN(c3cccnc3)CC2)cc1,train,train,train,0,0,0.93333334,0.93333334,0.93333334
CC(C)(C)c1ccc(OCCCN2CCN(c3cnccn3)CC2)cc1,train,train,train,0,0,0.9318182,0.9318182,0.9318182
CC(C)(C)c1ccc(OCCCCN2CCN(c3ccccn3)CC2)cc1,train,train,train,0,0,0.8333333,0.8333333,0.8333333
CC(C)(C)c1ccc(OCCCCN2CCN(c3cccnc3)CC2)cc1,train,train,train,0,0,0.93333334,0.93333334,0.93333334
CC(C)(C)c1ccc(OCCCCN2CCN(c3ccncc3)CC2)cc1,train,train,train,0,0,0.9268293,0.9268293,0.9268293
CC(C)(C)c1ccc(OCCCCN2CCN(c3ncccn3)CC2)cc1,train,train,train,0,0,0.925,0.925,0.925
CC(C)(C)c1ccc(OCCCCN2CCN(c3cnccn3)CC2)cc1,train,train,train,0,0,0.9318182,0.9318182,0.9318182
CCC(C)(C)c1ccc(OCCCN2CCN(c3ccccn3)CC2)cc1,test,test,train,0,0,0.9361702,0.9361702,0.9361702
CCC(C)(C)c1ccc(OCCCN2CCN(c3cccnc3)CC2)cc1,train,train,train,0,0,0.8367347,0.8367347,0.8367347
CCC(C)(C)c1ccc(OCCCN2CCN(c3ccncc3)CC2)cc1,test,test,train,0,0,0.82222223,0.82222223,0.93333334
CCC(C)(C)c1ccc(OCCCN2CCN(c3ncccn3)CC2)cc1,train,train,train,0,0,0.9318182,0.9318182,0.8181818
CCC(C)(C)c1ccc(OCCCN2CCN(c3cnccn3)CC2)cc1,train,train,train,0,0,0.9375,0.9375,0.9375
CCC(C)(C)c1ccc(OCCCCN2CCN(c3ccccn3)CC2)cc1,train,train,train,0,0,0.8333333,0.8333333,0.9361702
CCC(C)(C)c1ccc(OCCCCN2CCN(c3ccncc3)CC2)cc1,test,test,train,0,0,0.82608694,0.82608694,0.93333334
CCC(C)(C)c1ccc(OCCCCN2CCN(c3ncccn3)CC2)cc1,train,train,test,0,0,0.9318182,0.9318182,0.9318182
CCC(C)(C)c1ccc(OCCCCN2CCN(c3cnccn3)CC2)cc1,train,train,train,0,0,0.9375,0.9375,0.9375
CC(C)(C)OC(=O)NCCCCCCn1cc(CCCCN2CCC(c3ccc(-c4cc(C(=O)O)cc5cc(-c6ccc(C(F)(F)F)cc6)ccc45)cc3)CC2)nn1,train,train,train,1,1,0.31304348,0.31304348,0.31304348
O=C1/C(=C/c2ccc(OCCCN3CCCCC3)cc2)Cc2cc(OCc3ccc(Br)cc3)ccc21,train,train,train,0,0,0.91525424,0.72131145,0.91525424
O=C1/C(=C/c2ccc(OCCCN3CCCCC3)cc2)Cc2ccc(OCc3ccc(Br)cc3)cc21,train,test,train,0,0,0.91525424,0.91525424,0.91525424
O=C1/C(=C/c2ccc(OCCCN3CCCCC3)cc2)Cc2cc(F)ccc21,test,train,train,0,0,0.76363635,0.8,0.8
COc1ccc2c(c1)C/C(=C\c1ccc(OCCCN3CCCCC3)cc1)C2=O,test,train,train,0,0,0.90384614,0.8,0.8
COc1ccc2c(c1)C(=O)/C(=C/c1ccc(OCCCN3CCCCC3)cc1)C2,train,test,test,0,0,0.7818182,0.90384614,0.90384614
O=C1/C(=C/c2ccc(OCCCN3CCCCC3)cc2)Cc2ccccc21,train,test,train,0,0,0.78846157,0.78846157,0.78846157
O=C1/C(=C/c2ccccc2)Cc2cc(OCCCN3CCCCC3)ccc21,train,train,train,0,0,0.9,0.9,0.9
O=C1/C(=C/c2ccccc2)Cc2ccc(OCCCN3CCCCC3)cc21,train,train,train,0,0,0.9,0.9,0.9
O=C1/C(=C/c2ccccc2)Cc2ccc(OCCN3CCCCC3)cc21,train,train,train,0,0,0.9,0.9,0.9
O=C1CCc2cc(OCCCN3CCCCC3)ccc21,train,train,train,0,0,0.8717949,0.8717949,0.8717949
O=C1CCc2cc(OCCN3CCCCC3)ccc21,train,train,train,0,0,0.8717949,0.8717949,1.0
O=C1CCc2cc(OCCN3CCCC3)ccc21,test,test,train,0,0,1.0,1.0,1.0
O=C1CCc2ccc(OCCCN3CCCCC3)cc21,test,test,train,0,0,0.80487806,0.80487806,0.8717949
O=C1CCc2ccc(OCCN3CCCC3)cc21,test,test,train,0,0,0.8,0.8,0.8717949
O=C(c1ccc(OCCCN2CCCCC2)cc1)C1CC1,train,train,train,0,0,0.7173913,0.7173913,0.7173913
c1ccc(Nc2nnc(CCN3CCCCC3)o2)cc1,test,test,train,0,0,0.85365856,0.85365856,0.85365856
c1ccc(Nc2nnc(CCCN3CCCCC3)o2)cc1,train,train,train,0,0,0.65957445,0.65957445,0.85365856
CN(C)CCCc1nnc(Nc2ccc(Cl)cc2)o1,test,train,train,4,4,0.5510204,0.5510204,0.5510204
Clc1ccc(Nc2nnc(CCN3CCCCC3)o2)cc1,train,train,train,0,0,0.7234042,0.7234042,0.76744187
COc1ccc(Nc2nnc(CCN3CCCCC3)o2)cc1,train,train,train,0,0,0.78723407,0.78723407,0.78723407
FC(F)(F)Oc1ccc(Nc2nnc(CCN3CCCCC3)o2)cc1,train,train,train,0,0,0.74,0.74,0.74
COc1cc(Nc2nnc(CCN3CCCCC3)o2)cc(OC)c1,train,train,train,0,0,0.78723407,0.78723407,0.78723407
Cc1sc(-c2ccccc2)nc1OCCCN(C)C,train,train,train,0,0,0.7619048,0.7804878,0.7804878
Cc1sc(-c2ccccc2)nc1OCCN1CCCC1,train,train,train,0,0,0.975,0.975,0.88095236
Cc1sc(-c2ccccc2)nc1OCCN1CCCCC1,train,train,test,0,0,0.975,0.975,0.975
Cc1sc(-c2ccccc2)nc1OCCCN1CCCC1,test,test,train,0,0,0.9756098,0.9756098,0.88095236
Cc1sc(-c2ccccc2)nc1OCCCN1CCCCC1,train,train,test,0,0,0.88372093,0.88372093,0.9756098
Cc1sc(-c2ccccc2)nc1OCC1CCN(C)CC1,train,train,train,4,4,0.6,0.6,0.6
Cc1sc(-c2ccccc2)nc1OC(=O)N1CCN(C)CC1,train,train,train,1,1,0.6792453,0.6792453,0.5471698
Cc1sc(-c2ccccc2)nc1OC(=O)N1CCC(N2CCCCC2)CC1,train,train,test,2,2,0.8148148,0.8148148,0.8148148
Cc1sc(-c2ccc(Cl)cc2)nc1OCCCN(C)C,train,train,train,4,4,0.7619048,0.7619048,0.7619048
Cc1sc(-c2ccc(Cl)cc2)nc1OCCN1CCCC1,train,train,train,0,0,0.97619045,0.97619045,0.97619045
Cc1sc(-c2ccc(Cl)cc2)nc1OCCN1CCCCC1,train,train,train,0,0,0.97619045,0.97619045,0.97619045
Cc1sc(-c2ccc(Cl)cc2)nc1OCCCN1CCCC1,train,train,train,0,0,0.9767442,0.9767442,0.9767442
Cc1sc(-c2ccc(Cl)cc2)nc1OCCCN1CCCCC1,train,train,train,0,0,0.9767442,0.9767442,0.9767442
Cc1sc(-c2ccc(Cl)cc2)nc1OC(=O)N1CCC(N2CCCCC2)CC1,train,train,train,2,2,0.8148148,0.8148148,0.79310346
Cc1sc(-c2ccc(C#N)cc2)nc1OCCN1CCCC1,train,train,train,0,0,0.7346939,0.7346939,0.875
Cc1sc(-c2ccc(C#N)cc2)nc1OCCCN1CCCCC1,test,test,train,0,0,0.875,0.875,0.875
Cc1sc(-c2ccc(C#N)cc2)nc1OC(=O)N1CCC(N2CCCCC2)CC1,train,train,train,2,2,0.7758621,0.7758621,0.7758621
Cc1sc(-c2cccc(Cl)c2)nc1OCCN1CCCCC1,train,train,test,0,0,0.8979592,0.8979592,0.877551
Cc1sc(-c2cccc(Cl)c2)nc1OCCCN1CCCC1,train,train,train,0,0,0.9787234,0.9787234,0.76
Cc1sc(-c2cccc(Cl)c2)nc1OCCCN1CCCCC1,train,train,test,0,0,0.9787234,0.9787234,0.9787234
Cc1sc(-c2cccc(Cl)c2)nc1OC(=O)N1CCC(N2CCCCC2)CC1,test,train,train,2,2,0.79310346,0.79310346,0.79310346
Cc1sc(-c2ccncc2)nc1OCCCN(C)C,test,train,train,4,4,0.7804878,0.7804878,0.7804878
Cc1sc(-c2ccncc2)nc1OCCN1CCCC1,train,test,train,0,0,0.9756098,0.9756098,0.88372093
Cc1sc(-c2ccncc2)nc1OCCN1CCCCC1,train,train,test,0,0,0.9756098,0.8863636,0.9756098
Cc1sc(-c2ccncc2)nc1OCCCN1CCCC1,train,train,train,0,0,0.97619045,0.97619045,0.97619045
Cc1sc(-c2ccncc2)nc1OCCCN1CCCCC1,train,train,train,0,0,0.97619045,0.97619045,0.97619045
Cc1sc(-c2cnccn2)nc1OCCCN(C)C,train,train,train,0,0,0.627451,0.65217394,0.65217394
Cc1sc(-c2cnccn2)nc1OCCN1CCCC1,test,train,test,0,0,0.8695652,0.6792453,0.8695652
Cc1sc(-c2cnccn2)nc1OCCCN1CCCCC1,train,test,train,0,0,0.6862745,0.8695652,0.6862745
Cc1sc(-c2ccc3c(c2)COC3=O)nc1OCCCN1CCCCC1,train,train,test,0,0,0.63793105,0.63793105,0.62068963
Cc1sc(-c2ccc(C#N)cc2)nc1OCc1ccc(CN2CCCCC2)cc1,train,train,train,4,4,0.9791667,0.9791667,0.9791667
Cc1sc(-c2ccc(C#N)cc2)nc1OCc1ccc(CN2CCCC2)cc1,train,train,train,4,4,0.9791667,0.9791667,0.9791667
Cc1sc(-c2cnccn2)nc1OCc1ccc(CN2CCCCC2)cc1,train,train,train,0,0,0.9791667,0.9791667,0.9791667
Cc1sc(-c2cnccn2)nc1OCc1ccc(CN2CCCC2)cc1,train,train,train,4,4,0.9791667,0.9791667,0.9791667
CCc1sc(-c2ccccc2)nc1OCCCN1CCCCC1,train,train,train,0,0,0.7755102,0.75,0.79591835
CCc1sc(-c2ccc(Cl)cc2)nc1OCCCN1CCCC1,train,test,test,0,0,0.7755102,0.7755102,0.9777778
CCc1sc(-c2ccc(Cl)cc2)nc1OCCCN1CCCCC1,test,test,train,0,0,0.9777778,0.79591835,0.79591835
Cc1nc(-c2ccc(OCCCN3CCC[C@H]3C)cc2)sc1C(=O)N1CCOCC1,train,train,train,4,4,0.5507246,0.5507246,0.5507246
CCCN1CCN(c2ncc(CCN(C)CCCc3ccccc3)s2)CC1,test,test,test,0,0,0.34375,0.34375,0.34375
Clc1nc(N2CCC(N3CCCCC3)CC2)c2ccn(Cc3ccc4ccccc4c3)c2n1,test,train,train,2,2,0.78571427,0.8181818,0.8181818
Clc1nc(N2CCC(N3CCCCC3)CC2)c2ccn(Cc3cccc4ccccc34)c2n1,train,test,train,2,2,0.76785713,0.7818182,0.7818182
Clc1nc(N2CCC(N3CCOCC3)CC2)c2ccn(Cc3ccccc3)c2n1,train,test,test,2,2,0.74545455,0.8113208,0.8113208
Clc1nc(N2CCC(N3CCCCC3)CC2)c2ccn(Cc3ccccc3)c2n1,test,train,train,2,2,0.84313726,0.84313726,0.8181818
CC[C@H]1c2ccccc2N(c2ccccc2)C[C@@]1(C)N,train,train,train,4,4,0.25396827,0.23404256,0.23404256
Cc1nn(CCOCCOCCNC(=O)OC(C)(C)C)cc1-c1ccc2cc(CCN3CCC[C@H]3C)ccc2n1,train,train,train,4,4,0.8,0.8,0.8
Cc1nn(CCOCCOCCN)cc1-c1ccc2cc(CCN3CCC[C@H]3C)ccc2n1,train,train,train,4,4,0.74666667,0.74666667,0.74666667
Cc1nn(CCOCCOCCNC(=O)CCCCCC2(C)C(/C=C/C=C/C=C3/N(CCCS(=O)(=O)O)c4ccc(S(=O)(=O)O)cc4C3(C)C)=[N+](CCCS(=O)(=O)O)c3ccc(S(=O)(=O)O)cc32)cc1-c1ccc2cc(CCN3CCC[C@H]3C)ccc2n1,train,train,train,4,4,0.5609756,0.52,0.5609756
Cc1nn(CCOCCOCCNC(=O)CS(=O)(=O)O)cc1-c1ccc2cc(CCN3CCC[C@H]3C)ccc2n1,train,test,train,4,4,0.8,0.8,0.8
Cc1nn(CCOCCOCCNC(=O)C2C(C(=O)O)C(C(=O)O)C2C(=O)O)cc1-c1ccc2cc(CCN3CCC[C@H]3C)ccc2n1,train,train,train,4,4,0.8,0.8,0.8
c1ccc2[nH]c(CNCC[C@@H]3C[C@H]3c3c[nH]cn3)nc2c1,train,train,train,3,3,0.6938776,0.6938776,0.46
c1ccc2[nH]c(C[C@@H]3C[C@H]3c3c[nH]cn3)nc2c1,train,train,test,3,3,0.6938776,0.6938776,0.6938776
CCC(C)(C)c1ccc(OCCCN2CCCC2)cc1,test,train,train,0,0,0.9714286,0.75609756,0.9714286
CCC(C)(C)c1ccc(OCCCN2CCCCC2C)cc1,test,test,train,0,0,0.65217394,0.7173913,0.7173913
CCC(C)(C)c1ccc(OCCCN2C(C)CCCC2C)cc1,test,train,train,0,0,0.65217394,0.65217394,0.7173913
CCC(C)(C)c1ccc(OCCCN2CCCC(C)C2)cc1,test,train,test,0,0,0.73913044,0.73913044,0.73913044
CCC(C)(C)c1ccc(OCCCN2CC(C)CC(C)C2)cc1,train,test,train,0,0,0.72727275,0.73913044,0.72727275
CCC(C)(C)c1ccc(OCCCN2CCC(C)CC2)cc1,train,train,train,0,0,0.7380952,0.75609756,0.75609756
CCC(C)(C)c1ccc(OCCCN2CCCCCC2)cc1,train,test,train,0,0,0.7380952,0.9714286,0.9714286
Clc1ccc(OCCCCCCCN2CCCCC2)cc1,train,train,train,0,0,1.0,1.0,1.0
O=c1c2cc(OCCCN3CCCCC3)ccc2nc2n1CCC2,train,train,train,0,0,0.5483871,0.5322581,0.5483871
C#CCN(C)Cc1cc2cc(OCCCC3CCN(Cc4ccccc4)CC3)ccc2n1C,train,train,test,0,0,0.6515151,0.6515151,0.6515151
Clc1nc(N2CCC(N3CCOCC3)CC2)c2ccn(CCN3CCOCC3)c2n1,train,train,train,2,2,0.9019608,0.7037037,0.9019608
c1nc(N2CCC(N3CCOCC3)CC2)c2ccn(CCN3CCOCC3)c2n1,train,train,train,2,2,0.7037037,0.8979592,0.7037037
Nc1nc(N2CCC(N3CCOCC3)CC2)c2ccn(CCN3CCOCC3)c2n1,test,test,train,2,2,0.9019608,0.9019608,0.7735849
Clc1nc(N2CCC(N3CCCCC3)CC2)c2ccn(CCN3CCOCC3)c2n1,train,test,train,2,2,0.9019608,0.9019608,0.9019608
c1nc(N2CCC(N3CCCCC3)CC2)c2ccn(CCN3CCOCC3)c2n1,test,train,test,2,2,0.8979592,0.8979592,0.8979592
Nc1nc(N2CCC(N3CCCCC3)CC2)c2ccn(CCN3CCOCC3)c2n1,train,train,test,2,2,0.78571427,0.71929824,0.9019608
Clc1ccc(Cn2ccc3c(N4CCC(N5CCCCC5)CC4)nc(Cl)nc32)cc1,train,train,test,2,2,0.8148148,0.84313726,0.84615386
Clc1ccc(Cn2ccc3c(N4CCC(N5CCCCC5)CC4)ncnc32)cc1,test,test,train,2,2,0.8269231,0.8269231,0.8269231
Fc1ccc(Cn2ccc3c(N4CCC(N5CCCCC5)CC4)nc(Cl)nc32)cc1,test,test,train,2,2,0.84615386,0.84615386,0.8113208
Fc1ccc(Cn2ccc3c(N4CCC(N5CCCCC5)CC4)ncnc32)cc1,train,train,train,2,2,0.76785713,0.76785713,0.8269231
N#Cc1ccc(Cn2ccc3c(N4CCC(N5CCCCC5)CC4)nc(Cl)nc32)cc1,train,train,test,2,2,0.8148148,0.8148148,0.78571427
N#Cc1ccc(Cn2ccc3c(N4CCC(N5CCCCC5)CC4)ncnc32)cc1,train,train,train,2,2,0.76785713,0.76785713,0.7818182
Clc1nc(N2CCC(N3CCCCC3)CC2)c2ccn(Cc3c(Cl)cccc3Cl)c2n1,train,train,train,2,2,0.76785713,0.7924528,0.7924528
Clc1cccc(Cl)c1Cn1ccc2c(N3CCC(N4CCCCC4)CC3)ncnc21,train,test,train,2,2,0.74545455,0.74545455,0.7592593
Cc1cc(N2CC(N(C)C)C2)nc(N)n1,train,train,test,4,4,0.6857143,0.6857143,0.6666667
CCNC1CN(c2cc(C)nc(N)n2)C1,train,train,train,4,4,0.70731705,0.6486486,0.74358976
Cc1cc(N2CC(N)C2)nc(N)n1,train,train,test,4,4,0.6857143,0.6857143,0.6486486
CCc1cc(N2CC(N(C)C)C2)nc(N)n1,train,train,train,4,4,0.7105263,0.7105263,0.7105263
CCNC1CN(c2cc(CC)nc(N)n2)C1,test,test,train,4,4,0.7894737,0.7894737,0.7894737
CCc1cc(N2CC(NC)C2)nc(N)n1,train,train,train,4,4,0.7297297,0.7948718,0.7948718
CCc1cc(N2CC(N)C2)nc(N)n1,train,train,train,4,4,0.7297297,0.7297297,0.7297297
CC(C)c1cc(N2CC(N(C)C)C2)nc(N)n1,train,train,test,4,4,0.7105263,0.675,0.7105263
CCNC1CN(c2cc(C(C)C)nc(N)n2)C1,train,test,train,4,4,0.75,0.75,0.75
CNC1CN(c2cc(C(C)C)nc(N)n2)C1,train,train,train,1,1,0.75,0.675,0.75
CC(C)c1cc(N2CC(N)C2)nc(N)n1,train,test,train,1,1,0.7297297,0.8055556,0.8055556
CCCCC(=O)O[C@@H]1C[C@H](C)N2C[C@]3(NC)C[C@]4(C(=O)Nc5c(C(=O)[C@H]6OC6(C)C)cccc54)[C@](C)(C=O)[C@H]3C[C@H]2C1,test,train,train,1,1,0.20472442,0.20472442,0.2
COC(=O)c1ncn([C@H]2[C@H](O)[C@H](O)[C@]3(CO)C[C@H]23)n1,train,train,train,1,1,0.2361111,0.25,0.25
O=C(NCCN1CCCC1)c1ccc(OC2CCN(C3CCCC3)CC2)cc1,train,train,train,1,1,0.9777778,0.9777778,0.9777778
O=C(NCCN1CCOCC1)c1ccc(OC2CCN(C3CCC3)CC2)cc1,train,test,train,1,1,0.84,0.84,0.84
CC(C)N1CCC(Oc2ccc(C(=O)NCCN3CCCCC3)cc2)CC1,train,train,train,1,1,0.9787234,0.9787234,0.9787234
O=C(NCCN1CCCC1)c1ccc(OC2CCN(C3CCC3)CC2)cc1,train,train,train,1,1,0.9777778,0.9777778,0.9777778
CC(C)N1CCC(Oc2ccc(C(=O)NCCN3CCCC3)cc2)CC1,train,train,train,1,1,0.9787234,0.9787234,0.9787234
CN(C)CC(=O)Nc1ccc(OC2CCN(C3CCC3)CC2)cc1,train,train,train,1,1,0.79591835,0.79591835,0.79591835
CCN(CC)CC(=O)Nc1ccc(OC2CCN(C3CCC3)CC2)cc1,train,train,train,1,1,0.79591835,0.79591835,0.79591835
C[C@@H]1CCCN1CC(=O)Nc1ccc(OC2CCN(C3CCC3)CC2)cc1,train,train,train,1,1,0.7368421,0.7368421,0.7368421
O=C(CN1CCC(F)(F)CC1)Nc1ccc(OC2CCN(C3CCC3)CC2)cc1,train,train,train,1,1,0.78431374,0.78431374,0.78431374
O=C(CN1CCCC1)Nc1ccc(OC2CCN(C3CCCC3)CC2)cc1,train,train,train,1,1,0.8367347,0.8367347,0.8
Cc1cc(OC2CCN(C3CCC3)CC2)ccc1NC(=O)CN1CCC[C@H]1C,train,train,train,1,1,0.7368421,0.7368421,0.7368421
O=C(CN1CCCCC1)Nc1ccc(OC2CCN(C3CCC3)CC2)cc1C(F)(F)F,train,train,train,1,1,0.89285713,0.89285713,0.8448276
O=C(CN1CCCN(C2CCC2)CC1)Nc1ccc(OC2CCN(C3CCC3)CC2)cc1C(F)(F)F,train,train,test,1,1,0.89285713,0.89285713,0.89285713
CC(C)N1CCCN(CC(=O)Nc2ccc(OC3CCN(C4CCC4)CC3)cc2C(F)(F)F)CC1,train,test,train,1,1,0.82539684,0.82539684,0.7936508
CC(=O)N1CCN(CC(=O)Nc2ccc(OC3CCN(C4CCC4)CC3)cc2)CC1,test,train,train,1,1,0.8,0.8,0.8
O=C(Cc1cccnc1)Nc1ccc(OC2CCN(C3CCC3)CC2)cc1,train,train,train,1,1,0.61403507,0.61403507,0.61403507
O=C(CN1CCOC(CO)C1)Nc1ccc(OC2CCN(C3CCC3)CC2)cc1,train,test,train,1,1,0.7241379,0.7241379,0.68421054
O=C(CN1CCOCC1)Nc1ccc(OC2CCN(C3CCCC3)CC2)cc1,train,train,test,1,1,0.8367347,0.8367347,0.8367347
O=C(CN1CCOCC1)Nc1ccc(OC2CCN(C3CCC3)CC2)cc1F,test,test,train,1,1,0.78333336,0.79310346,0.79310346
Cc1cc(OC2CCN(C3CCC3)CC2)ccc1NC(=O)CN1CCOCC1,test,train,train,1,1,0.8103448,0.70689654,0.79310346
O=C(CN1CCOCC1)Nc1ccc(OC2CCN(C3CCC3)CC2)cc1C(F)(F)F,train,test,train,1,1,0.8448276,0.8448276,0.8448276
COc1cc(OC2CCN(C3CCC3)CC2)ccc1NC(=O)CN1CCOCC1,train,test,test,1,1,0.7419355,0.8103448,0.8103448
O=C(CN1CCOCC1)Nc1ccc(OC2CCN(C3CCC3)CC2)c(F)c1,test,train,test,1,1,0.70689654,0.70689654,0.7
C[C@@H]1CCCN1CC(=O)Nc1ccc(N2CCOCC2)cc1,train,train,test,4,4,0.74,0.74,0.74
C[C@@H]1CCCN1CC(=O)Nc1ccc(CN2CCOCC2)cc1,train,train,train,4,4,0.8367347,0.8367347,0.8367347
O=C(CN1CCOCC1)Nc1ccc(CN2CCCC2)cc1,test,test,train,4,4,0.67346936,0.67346936,0.67346936
C[C@@H]1CCCN1Cc1ccc(NC(=O)CN2CCOCC2)cc1,train,train,train,4,4,0.8367347,0.8367347,0.8367347
O=C(CN1CCOCC1)Nc1ccc(N2CCN(C3CCC3)CC2)cc1,train,train,train,1,1,0.6981132,0.6981132,0.6034483
CN(C(=O)CN1CCOCC1)c1ccc(OC2CCN(C3CCC3)CC2)cc1,train,train,train,1,1,0.7818182,0.7818182,0.7818182
CCN(C(=O)CN1CCOCC1)c1ccc(OC2CCN(C3CCC3)CC2)cc1,train,train,train,1,1,0.7818182,0.7818182,0.7818182
O=C(CN1CCOCC1)Nc1cccc(OC2CCN(C3CCC3)CC2)c1,train,train,train,1,1,0.76363635,0.76363635,0.7
Cc1ccc2oc(-c3ccc(OCCCCCCN4CCCCCC4)cc3)cc(=O)c2c1,test,train,train,0,0,1.0,1.0,1.0
Cc1ccc2oc(-c3ccc(OCCCCCCN4CCCC(C)C4)cc3)cc(=O)c2c1,train,train,train,0,0,0.78333336,0.78333336,0.78333336
CC1CCCN(CCCCCCOc2ccc3c(c2)C(=O)CC(c2ccccc2)O3)C1,train,train,train,0,0,0.6166667,0.6166667,0.6166667
Cc1ccc2oc(-c3ccc(OCCCCCCN4CCCCC4)cc3)cc(=O)c2c1,train,train,train,0,0,0.78333336,1.0,1.0
CCc1ccc(OCCCCCCN2CCCCCC2)cc1,train,train,train,0,0,0.725,0.725,0.725
CCc1ccc(OCCCCCCN2CCC(C)CC2)cc1,train,train,train,0,0,0.73170733,0.73170733,0.73170733
O=C(c1ccc(OCCCN2CCN(C/C=C/c3ccccc3)CC2)cc1)C1CC1,train,train,train,0,0,0.6851852,0.6851852,0.6851852
C(=C/c1ccccc1)\CN1CCN(CCCOCCCc2ccccc2)CC1,train,train,test,0,0,0.5869565,0.5869565,0.627907
O=C(c1ccc(OCCCN2CCN(c3ccccc3)CC2)cc1)C1CC1,train,train,train,0,0,0.7173913,0.7173913,0.7173913
CCOC(=O)C1=C(C)NC(C)=C(C(=O)OCC)C1c1ccc(OCCCN2CCCC2)cc1,test,train,train,0,0,0.9782609,0.95652175,0.9782609
CCOC(=O)C1=C(C)NC(C)=C(C(=O)OCC)C1c1ccc(OCCCN2CCCCC2)cc1,train,test,train,0,0,0.9361702,0.9782609,0.9782609
CCOC(=O)C1=C(C)NC(C)=C(C(=O)OCC)C1c1ccc(OCCCN2CCCCC2)c(OCC)c1,train,train,test,0,0,0.73214287,0.71428573,0.73214287
CCOC(=O)C1=C(C)NC(C)=C(C(=O)OCC)C1c1ccc(OCCCCN2CCCC2)cc1,train,train,train,0,0,0.9782609,0.9782609,0.9574468
CCOC(=O)C1=C(C)NC(C)=C(C(=O)OCC)C1c1ccc(OCCCCCN2CCCC2)cc1,train,train,test,0,0,0.9782609,0.9787234,0.9787234
CCOC(=O)C1=C(C)NC(C)=C(C(=O)OCC)C1c1ccc(OCCCCCN2CCCCC2)cc1,test,train,train,0,0,0.9787234,0.9787234,0.9574468
COc1ccc2[nH]cc(CCNC(C)=O)c2c1,train,train,train,1,1,0.5192308,0.31578946,0.5192308
CCC(=O)c1ccc(OCCCCN2CCN(c3cnccn3)CC2)cc1,test,test,train,0,0,0.9583333,0.78431374,0.78431374
CCC(=O)c1ccc(OCCCCN2CCN(c3ncccn3)CC2)cc1,train,test,train,0,0,0.95454544,0.95454544,0.95454544
CCC(=O)c1ccc(OCCCCN2CCN(c3ccncc3)CC2)cc1,train,train,train,0,0,0.75510204,0.95555556,0.95555556
CCC(=O)c1ccc(OCCCCN2CCN(c3cccnc3)CC2)cc1,test,train,train,0,0,0.8076923,0.7735849,0.7735849
CCC(=O)c1ccc(OCCCCN2CCN(c3ccccn3)CC2)cc1,train,train,train,0,0,0.9574468,0.9574468,0.9574468
CCC(=O)c1ccc(OCCCN2CCN(C3CCCO3)CC2)cc1,test,train,train,0,0,0.58928573,0.58928573,0.8
CCC(=O)c1ccc(OCCCN2CCN(c3cnccn3)CC2)cc1,train,test,test,0,0,0.82,0.82,0.9583333
CCC(=O)c1ccc(OCCCN2CCN(c3ncccn3)CC2)cc1,train,train,train,0,0,0.95454544,0.78723407,0.95454544
CCC(=O)c1ccc(OCCCN2CCN(c3ccncc3)CC2)cc1,test,train,train,0,0,0.95555556,0.95555556,0.95555556
CCC(=O)c1ccc(OCCCN2CCN(c3cccnc3)CC2)cc1,test,test,test,0,0,0.8076923,0.9591837,0.9591837
CCC(=O)c1ccc(OCCCN2CCN(c3ccccn3)CC2)cc1,train,train,train,0,0,0.9574468,0.9574468,0.9574468
CC(=O)c1ccc(OCCCCN2CCN(c3cnccn3)CC2)cc1,train,test,test,0,0,0.95555556,0.95555556,0.95555556
CC(=O)c1ccc(OCCCCN2CCN(c3ncccn3)CC2)cc1,train,train,train,0,0,0.95238096,0.95238096,0.95238096
CC(=O)c1ccc(OCCCCN2CCN(c3ccncc3)CC2)cc1,test,train,train,0,0,0.95348835,0.95348835,0.95348835
CC(=O)c1ccc(OCCCCN2CCN(c3cccnc3)CC2)cc1,train,test,test,0,0,0.9574468,0.9574468,0.9574468
CC(=O)c1ccc(OCCCCN2CCN(c3ccccn3)CC2)cc1,train,train,test,0,0,0.95555556,0.95555556,0.8
CC(=O)c1ccc(OCCCN2CCN(C3CCCO3)CC2)cc1,test,test,train,0,0,0.5740741,0.8,0.8
CC(=O)c1ccc(OCCCN2CCN(c3cnccn3)CC2)cc1,train,train,train,0,0,0.95555556,0.76,0.78431374
CC(=O)c1ccc(OCCCN2CCN(c3ncccn3)CC2)cc1,train,train,train,0,0,0.95238096,0.95238096,0.95238096
CC(=O)c1ccc(OCCCN2CCN(c3ccncc3)CC2)cc1,train,train,train,0,0,0.76,0.95348835,0.95348835
CC(=O)c1ccc(OCCCN2CCN(c3cccnc3)CC2)cc1,train,train,train,0,0,0.9574468,0.7735849,0.7735849
CC(=O)c1ccc(OCCCN2CCN(c3ccccn3)CC2)cc1,train,train,test,0,0,0.95555556,0.95555556,0.8
Cc1ccc(C2(O)CCN(c3nc(C)nc4ccsc34)CC2)nc1,train,train,train,1,1,0.27027026,0.27027026,0.27027026
c1ccc(CNc2ccnc(Nc3ccc(OCCN4CCCCC4)cc3)n2)cc1,train,train,train,0,0,0.5535714,0.5535714,0.5535714
COc1ccccc1N1CCC2(CCN(CCCSc3nnc(-c4ccccc4)n3C)CC2)CC1,train,train,train,0,0,0.3939394,0.3939394,0.3939394
C#CCNC1CCc2ccc(OCCCN3CCCCC3)cc21,train,test,train,0,0,0.59322035,0.84313726,0.84313726
C#CCNC1CCc2cc(OCCCN3CCCCC3)ccc21,test,train,train,0,0,0.84313726,0.59322035,0.84313726
C[C@]12CC[C@@H]3c4ccc(OCCCN5CCCC5)cc4CC[C@H]3[C@@H]1CC[C@@H]2N1CCCC1,train,train,train,0,0,0.58441556,0.58441556,0.7878788
C[C@]12CC[C@@H]3c4ccc(OCCCN5CCCC5=O)cc4CC[C@H]3[C@@H]1CC[C@@H]2N1CCCC1,test,test,train,0,0,0.7878788,0.7878788,0.7878788
C[C@@H]1CCCN1CCCOc1ccc2c(c1)CC[C@@H]1[C@@H]2CC[C@]2(C)[C@@H](C(=O)N3CCCC3)CC[C@@H]12,train,train,train,4,4,0.71428573,0.71428573,0.6117647
CC(=O)N[C@@H]1CC(=O)[C@@]2(C)CC[C@@H]3c4ccc(OCCCN5CCC[C@H]5C)cc4CC[C@H]3[C@H]12,train,train,test,4,4,0.75,0.75,0.7307692
CCNC(=O)[C@H]1CC[C@@]2(C)CC[C@@H]3c4ccc(OCCCN5CCC[C@H]5C)cc4CC[C@H]3[C@H]12,train,train,train,4,4,0.8630137,0.8630137,0.875
C[C@@H]1CCCN1CCCOc1ccc2c(c1)CC[C@@H]1[C@@H]2CC[C@]2(C)CC[C@H](C(=O)NCC3CC3)[C@@H]12,test,test,train,4,4,0.95714283,0.95714283,0.875
C[C@@H]1CCCN1CCCOc1ccc2c(c1)CC[C@@H]1[C@@H]2CC[C@]2(C)CC[C@H](C(=O)NCC3CCC3)[C@@H]12,train,train,test,4,4,0.8630137,0.8630137,0.95714283
CCNC(=O)[C@H]1C[C@H](OC)[C@@]2(C)CC[C@@H]3c4ccc(OCCCN5CCC[C@H]5C)cc4CC[C@H]3[C@H]12,train,train,train,4,4,0.7922078,0.7922078,0.7922078
CCNC(=O)[C@H]1CC(=O)[C@@]2(C)CC[C@@H]3c4ccc(OCCCN5CC[C@@H](F)C5)cc4CC[C@H]3[C@H]12,train,test,train,0,0,0.8243243,0.9142857,0.9142857
CCNC(=O)[C@H]1CC(=O)[C@@]2(C)CC[C@@H]3c4ccc(OCCCN5CCC(F)CC5)cc4CC[C@H]3[C@H]12,test,train,train,0,0,0.9142857,0.87323946,0.9142857
CCNC(=O)[C@H]1CC(=O)[C@@]2(C)CC[C@@H]3c4ccc(OCCCN5CCC(F)(F)CC5)cc4CC[C@H]3[C@H]12,train,train,train,0,0,0.8243243,0.87323946,0.87323946
CCNC(=O)[C@@H]1CC(=O)[C@@]2(C)CC[C@@H]3c4ccc(OCCCCN5CCC[C@@H]5C)cc4CC[C@H]3[C@H]12,train,train,train,4,4,0.8,0.8,0.9285714
CCNC(=O)[C@@H]1CC(=O)[C@@]2(C)CC[C@@H]3c4ccc(OCCN5CCC[C@@H]5C)cc4CC[C@H]3[C@H]12,test,test,train,4,4,0.9285714,0.9285714,0.9285714
C[C@H]1CCCN1CCCOc1ccc2c(c1)CC[C@@H]1[C@@H]2CC[C@]2(C)C(=O)C[C@@H](C(=O)N3CCCC3)[C@@H]12,train,train,test,4,4,0.7631579,0.7631579,0.7866667
CCN(CC)C(=O)[C@@H]1CC(=O)[C@@]2(C)CC[C@@H]3c4ccc(OCCCN5CCC[C@@H]5C)cc4CC[C@H]3[C@H]12,test,test,train,4,4,0.7866667,0.7866667,0.76623374
CCCN(CC[C@]1(O)C[C@H](NC(=O)c2ccc3ccccc3c2)C1)[C@H]1CCc2nc(N)sc2C1,train,test,train,1,1,0.25842696,0.25842696,0.25842696
CCCN(CCC)CCCOc1ccc(-c2cn3cccc(C)c3n2)cc1C,test,train,train,4,4,0.92156863,0.92156863,0.92156863
Cc1ccn2cc(-c3ccc(OCCCN4CCCCCC4)cc3C)nc2c1,train,train,test,0,0,1.0,1.0,0.76363635
c1cc(-c2cn3c(n2)CCCC3)ccc1OCCCN1CCCCC1,train,train,train,0,0,0.60465115,0.60465115,0.60465115
Clc1ccc(OCCCCCN2CCCCC2)cc1,train,train,train,0,0,1.0,1.0,1.0
Clc1ccc(OCCCCCCN2CCCCC2)cc1,train,train,train,0,0,1.0,1.0,1.0
CC1CCCN(CCCCCOc2ccc(Cl)cc2)C1,train,train,train,0,0,1.0,1.0,1.0
CC1CCCN(CCCCCCOc2ccc(Cl)cc2)C1,test,train,train,0,0,1.0,1.0,1.0
CC1CCCN(CCCCCCCOc2ccc(Cl)cc2)C1,train,train,test,0,0,1.0,1.0,1.0
CC1CCN(CCCCCOc2ccc(Cl)cc2)CC1,train,train,train,0,0,1.0,1.0,1.0
CC1CCN(CCCCCCOc2ccc(Cl)cc2)CC1,test,test,test,0,0,1.0,1.0,1.0
CC1CCN(CCCCCCCOc2ccc(Cl)cc2)CC1,train,train,train,0,0,1.0,1.0,1.0
Clc1ccc(OCCCCCN2CCCCCC2)cc1,train,train,train,0,0,1.0,1.0,1.0
Clc1ccc(OCCCCCCN2CCCCCC2)cc1,train,train,train,0,0,1.0,1.0,1.0
Clc1ccc(OCCCCCCCN2CCCCCC2)cc1,train,train,test,0,0,1.0,1.0,1.0
Clc1cccc(OCCCCCCN2CCCCC2)c1,train,train,train,0,0,1.0,1.0,1.0
Clc1cccc(OCCCCCCCN2CCCCC2)c1,train,train,train,0,0,1.0,1.0,1.0
CC1CCCN(CCCCCCOc2cccc(Cl)c2)C1,train,train,train,0,0,1.0,1.0,1.0
CC1CCCN(CCCCCCCOc2cccc(Cl)c2)C1,train,train,train,0,0,1.0,1.0,1.0
CC1CCN(CCCCCCOc2cccc(Cl)c2)CC1,test,test,train,0,0,1.0,1.0,1.0
CC1CCN(CCCCCCCOc2cccc(Cl)c2)CC1,train,train,train,0,0,0.76086956,0.76086956,1.0
Clc1cccc(OCCCCCCN2CCCCCC2)c1,train,train,train,0,0,1.0,1.0,1.0
CN1C[C@H]2CCN(c3ccc(-c4ccc(-n5ncccc5=O)cc4)cc3)[C@H]2C1,train,train,train,4,4,0.5833333,0.5833333,0.6304348
C[C@@H]1CCCN1[C@H]1C[C@H](c2ccc(-c3ccc(C#N)cc3)cc2)C1,test,test,test,4,4,0.4716981,0.4716981,0.4716981
CCN1CCC(c2ccc3c(c2)CN(S(=O)(=O)c2ccccc2)C3)CC1,test,train,train,1,1,0.64705884,0.64705884,0.64705884
CCN1CCN(c2ccc3c(c2)CN(S(=O)(=O)c2ccccc2)C3)CC1,train,train,train,1,1,0.47272727,0.64705884,0.64705884
O=S(=O)(c1ccccc1)N1Cc2ccc(N3CCN(C4CCC4)CC3)cc2C1,test,train,train,2,2,0.64705884,0.64705884,0.64705884
CCN1CCC(c2cccc3c2CCN3S(=O)(=O)c2ccccc2)CC1,train,test,test,1,1,0.68,0.6923077,0.6923077
O=S(=O)(c1ccccc1)N1CCc2c(C3CCN(C4CCC4)CC3)cccc21,test,train,train,2,2,0.72,0.72,0.47368422
CCN1CCN(c2cccc3c2CCN3S(=O)(=O)c2ccccc2)CC1,train,train,train,1,1,0.68,0.64,0.47368422
O=S(=O)(c1ccccc1)N1CCc2c(N3CCN(C4CCC4)CC3)cccc21,train,train,test,2,2,0.64,0.72,0.72
CN1CCC(c2ccc3c(c2)CCN3S(=O)(=O)c2ccccc2)CC1,train,train,train,1,1,0.46551725,0.5,0.5
CCN1CCC(c2ccc3c(c2)CCN3S(=O)(=O)c2ccccc2)CC1,test,test,test,1,1,0.7916667,0.7916667,0.7916667
CCN1CCN(c2ccc3c(c2)CCN3S(=O)(=O)c2ccccc2)CC1,test,test,test,0,0,0.64705884,0.64705884,0.64705884
N=C(N)N(CCCCN1CCN(CCCCCCCOc2ccccc2)CC1)Cc1ccc(Cl)cc1,train,train,train,0,0,0.85714287,0.85714287,0.85714287
N=C(N)N(CCCCN1CCN(CCCCCCCOc2ccccc2)CC1)Cc1ccccc1,train,train,train,0,0,0.85714287,0.85714287,0.85714287
N=C(N)N(CCCCN1CCN(CCCCCCCOc2ccccc2)CC1)Cc1ccc([N+](=O)[O-])cc1,test,test,test,0,0,0.7777778,0.7777778,0.7777778
CC(C)(C)CNc1nccc(N2CCc3nc[nH]c3C2)n1,train,train,train,0,0,0.31666666,0.31666666,0.31666666
Cc1cc(OCCCNC(=O)CCCCCN2/C(=C\C=C\C=C\C3=[N+](CCCCS(=O)(=O)O)c4ccccc4C3(C)C)C(C)(C)c3ccccc32)ccc1-c1nc2c(C)c(F)ccc2[nH]1,train,train,train,1,1,0.4225352,0.4225352,0.4225352
Cc1cc(OCCCNC(=O)CCCCCNC(=O)COc2ccc(/C=C/C3=[N+]4C(=Cc5ccc(-c6ccc[nH]6)n5[B-]4(F)F)C=C3)cc2)ccc1-c1nc2c(C)c(F)ccc2[nH]1,train,train,train,1,1,0.4225352,0.4225352,0.4225352
Fc1ccc(OCCCCCCN2CCCCCC2)cc1,train,train,train,0,0,0.7222222,0.7222222,0.7222222
O=C(c1ccccc1)c1cccc(OCCCCCCN2CCCCCC2)c1,train,train,train,0,0,0.6304348,0.6304348,0.6304348
CC(C)(C)c1ccc(OCCCCCCN2CCCCCC2)cc1,train,train,train,0,0,0.71794873,0.71794873,0.7
