smiles,split_shipped,split_R0_from_D0,split_R2_from_D2,cluster_D0,cluster_D2,nn_ecfp4_sim_to_train_shipped,nn_ecfp4_sim_to_train_R0,nn_ecfp4_sim_to_train_R2
CC(/C=C/C(F)=C(/C)c1cc(C(C)(C)C)cc(C(C)(C)C)c1OCC(F)(F)F)=C\C(=O)O,train,train,train,4,4,0.3888889,0.3888889,0.3888889
CCCOc1c(/C(C)=C\C=C\C(C)=C\C(=O)O)cc(C(C)C)cc1C(F)(F)C(F)(F)F,train,train,train,1,1,0.3888889,0.3888889,0.3888889
C/C(=C/C=C/C(C)=C/C(=O)O)c1cc(-c2cccs2)cc(C(C)C)c1OCC(F)F,test,test,test,4,4,0.42857143,0.42857143,0.42857143
CCC(Cc1ccc(OC)c(C(=O)NCc2ccc(OCCc3ccccc3)cc2)c1)C(=O)O,train,train,train,2,2,0.8363636,0.8363636,0.8363636
CCCCC(Cc1ccc(OC)c(C(=O)NCc2ccc(C(F)(F)F)cc2)c1)C(=O)O,train,train,train,4,4,0.75,0.75,0.75409836
CCCc1cc(Oc2ccc(C(C)C)cc2)ccc1OCCCOc1cccc(C2SC(=O)NC2=O)c1,test,test,test,1,1,0.852459,0.852459,0.852459
CCCc1cc(Oc2ccc(Cl)cc2)ccc1OCCCOc1cccc(C2SC(=O)NC2=O)c1,train,train,train,1,1,0.88135594,0.88135594,0.88135594
CCCc1cc(Oc2ccccc2)ccc1OCCCOc1ccc(C2SC(=O)NC2=O)cc1,train,train,train,1,1,0.9259259,0.9259259,0.9259259
CCCc1cc(Oc2ccc(Cl)c(C)c2)ccc1OCCCOc1cccc(C2SC(=O)NC2=O)c1,train,train,train,1,1,0.8730159,0.8730159,0.8730159
CCSC(Cc1ccc(OC)c(C(=O)NCc2ccc(C(F)(F)F)cc2)c1)C(=O)O,train,train,train,4,4,0.72131145,0.72131145,0.72131145
CCOC(Cc1ccc(OC)c(C(=O)NCc2ccc(C(F)(F)F)cc2)c1)C(=O)O,train,train,test,2,2,0.71666664,0.71666664,0.71666664
CCC(Cc1ccc(OC)c(C(=O)NCc2cccc(Oc3ccccc3)c2)c1)C(=O)O,train,train,train,2,2,0.8703704,0.8703704,0.8703704
CCC(Cc1ccc(OC)c(C(=O)NCc2ccc(Oc3ccccc3)cc2)c1)C(=O)O,train,train,train,2,2,0.8703704,0.8703704,0.8703704
CCCc1cc(Oc2ccc(O)cc2)ccc1OCCCOc1cccc(C2SC(=O)NC2=O)c1,train,train,train,1,1,0.9122807,0.9122807,0.9122807
CCC(Cc1ccc(OC)c(C(=O)NCc2ccccc2)c1)C(=O)O,train,train,train,2,2,0.9361702,0.9361702,0.9361702
CCCc1cc(Oc2ccc(C3CCCC3)cc2)ccc1OCCCOc1cccc(C2SC(=O)NC2=O)c1,train,train,train,1,1,0.852459,0.852459,0.852459
CCCc1cc(Oc2ccc(-c3ccccc3)cc2)ccc1OCCCOc1cccc(C2SC(=O)NC2=O)c1,train,train,test,1,1,0.9310345,0.9310345,0.9310345
CCCc1cc(Oc2ccc(F)c(C)c2)ccc1OCCCOc1cccc(C2SC(=O)NC2=O)c1,train,train,train,1,1,0.84126985,0.84126985,0.84126985
CCCc1cc(Oc2ccc(F)cc2)ccc1OCCCOc1cccc(C2SC(=O)NC2=O)c1,train,train,train,1,1,0.8965517,0.8965517,0.8965517
CCCc1cc(Oc2ccc(OC)cc2)ccc1OCCCOc1cccc(C2SC(=O)NC2=O)c1,train,train,train,1,1,0.8965517,0.8965517,0.8965517
CCCc1cc(Oc2ccc(Cl)c(Cl)c2)ccc1OCCCOc1cccc(C2SC(=O)NC2=O)c1,train,train,train,1,1,0.8730159,0.8730159,0.8730159
CCC(Cc1ccc(OC)c(C(=O)NCc2ccc(-c3ccccc3)cc2)c1)C(=O)O,train,train,train,2,2,0.8958333,0.8958333,0.8958333
CCCc1cc(Oc2ccccc2)ccc1OCCCOc1cccc(C2SC(=O)NC2=O)c1,train,train,train,1,1,0.9310345,0.9310345,0.9122807
COc1ccc(CCCC(=O)O)cc1C(=O)NCc1ccc(C(F)(F)F)cc1,train,train,test,4,4,0.6393443,0.6393443,0.6393443
CCC(Cc1ccc(OC)c(C(=O)NCc2ccc(CCc3ccccc3)cc2)c1)C(=O)O,train,train,train,2,2,0.9361702,0.9361702,0.9361702
CCC(Cc1ccc(OC)c(C(=O)CCc2ccc(C(F)(F)F)cc2)c1)C(=O)O,train,train,train,2,2,0.609375,0.609375,0.60655737
CC(C)OC(Cc1ccc(OCc2noc(-c3ccccc3)n2)cc1)C(=O)O,train,train,train,2,2,0.8679245,0.8679245,0.8679245
CC(C)OC(Cc1ccc(OCc2noc(-c3ccc(OC(F)(F)F)cc3)n2)cc1)C(=O)O,train,train,train,2,2,0.8135593,0.8135593,0.8333333
Cc1cccc(-c2nc(COc3ccc(CC(OC(C)C)C(=O)O)cc3)no2)c1,train,train,train,2,2,0.8245614,0.8245614,0.8245614
CC(C)OC(Cc1ccc(OCc2noc(-c3ccc(F)cc3)n2)cc1)C(=O)O,train,train,train,2,2,0.85714287,0.85714287,0.85714287
CC(C)OC(Cc1ccc(OCc2noc(-c3cc(F)cc(F)c3)n2)cc1)C(=O)O,train,train,train,2,2,0.84745765,0.84745765,0.84745765
CC(C)OC(Cc1ccc(OCCc2noc(-c3ccccc3)n2)cc1)C(=O)O,test,test,train,2,2,0.8545455,0.8545455,0.8545455
CC(C)OC(Cc1ccc(OCCc2noc(-c3cc(C(F)(F)F)cc(C(F)(F)F)c3)n2)cc1)C(=O)O,train,train,train,2,2,0.85714287,0.85714287,0.85714287
CC(C)OC(Cc1ccc(OCCc2noc(-c3cccc(Cl)c3)n2)cc1)C(=O)O,train,train,train,2,2,0.82258064,0.82258064,0.82258064
Cc1ccc(-c2nc(COc3ccc(CC(OC(C)C)C(=O)O)cc3)no2)cc1,train,train,train,2,2,0.8703704,0.8703704,0.8703704
CC(C)OC(Cc1ccc(OCc2noc(-c3ccc(Cl)cc3)n2)cc1)C(=O)O,test,test,test,2,2,0.8545455,0.8545455,0.8545455
CC(C)OC(Cc1ccc(OCc2noc(-c3ccc(C(F)(F)F)cc3)n2)cc1)C(=O)O,test,test,train,2,2,0.86206895,0.86206895,0.8333333
CC(C)OC(Cc1ccc(OCCc2noc(-c3ccc(F)cc3)n2)cc1)C(=O)O,train,train,train,2,2,0.85714287,0.85714287,0.85714287
CC(C)OC(Cc1ccc(OCCc2noc(-c3ccc(Cl)cc3)n2)cc1)C(=O)O,train,train,train,2,2,0.84210527,0.84210527,0.84210527
CC(C)OC(Cc1ccc(OCc2noc(-c3cccc(F)c3)n2)cc1)C(=O)O,train,train,train,2,2,0.8666667,0.8666667,0.8666667
Cc1ccccc1-c1nc(COc2ccc(CC(OC(C)C)C(=O)O)cc2)no1,train,train,train,2,2,0.7894737,0.7894737,0.7894737
CC(C)OC(Cc1ccc(OCCc2noc(-c3cccc(C(F)(F)F)c3)n2)cc1)C(=O)O,train,train,train,2,2,0.85714287,0.85714287,0.85714287
CC(C)OC(Cc1ccc(OCCc2noc(-c3cccc(F)c3)n2)cc1)C(=O)O,train,train,train,2,2,0.8666667,0.8666667,0.8666667
CC(C)OC(Cc1ccc(OCc2noc(-c3ccc(Br)cc3)n2)cc1)C(=O)O,train,train,train,2,2,0.8703704,0.8703704,0.8703704
CC(C)OC(Cc1ccc(OCc2noc(-c3ccc(C(C)(C)C)cc3)n2)cc1)C(=O)O,train,train,test,2,2,0.83928573,0.83928573,0.86206895
CC(C)OC(Cc1ccc(OCc2noc(C3CCCCC3)n2)cc1)C(=O)O,train,train,test,2,2,0.6451613,0.6451613,0.6451613
Cc1oc(-c2ccccc2)nc1CCOc1ccc(CC(Oc2ccccc2)C(=O)O)cc1,train,train,train,0,0,0.7407407,0.7407407,0.7407407
Cc1oc(-c2ccc(-c3ccccc3)cc2)nc1CCOc1ccc(CC(C)(Oc2ccccc2)C(=O)O)cc1,test,test,train,0,0,0.9074074,0.9074074,0.9074074
CCCCC(Cc1ccc(OCCc2nc(-c3ccccc3)oc2C)cc1)(Oc1ccccc1)C(=O)O,train,train,train,0,0,0.6825397,0.6825397,0.703125
Cc1oc(-c2ccccc2)nc1CCOc1ccc(OC(C)(Cc2ccccc2)C(=O)O)cc1,train,train,train,0,0,0.82758623,0.82758623,0.9074074
CCC(Cc1ccc(OCCc2nc(-c3ccccc3)oc2C)cc1)(Oc1ccccc1)C(=O)O,test,test,test,0,0,0.8305085,0.8305085,0.8305085
Cc1oc(-c2cccc(-c3ccccc3)c2)nc1CCOc1ccc(CC(C)(Oc2ccccc2)C(=O)O)cc1,train,train,train,0,0,0.82758623,0.82758623,0.87931037
CC(/C=C(\O)c1ccccc1)=N\[C@@H](Cc1ccc(OCc2ccccc2)cc1)C(N)=O,train,train,train,2,2,0.8269231,0.8269231,0.8269231
N[C@@H](Cc1ccc(OCc2ccccc2)cc1)C(=O)O,train,train,train,2,2,0.65,0.65,0.64102566
O=C(O)[C@H](Cc1ccc(OCc2ccccc2)cc1)/N=C1\CCCC\C1=C(/O)c1ccccc1,train,train,train,2,2,0.5,0.5,0.5
Cc1oc(-c2ccccc2)nc1CCOc1ccc(C[C@H](Nc2ccccc2C(=O)c2ccccc2)C(=O)O)cc1,train,train,train,0,0,0.93650794,0.93650794,0.93650794
CN(CCOc1ccc(CC(Nc2ccccc2C(=O)Cc2ccccc2)C(=O)O)cc1)c1nc2ccccc2o1,test,test,train,2,2,0.8028169,0.8028169,0.8028169
CN(CCOc1ccc(CC2SC(=O)NC2=O)cc1)c1nc2ccccc2o1,train,train,test,1,1,0.6935484,0.6935484,0.6935484
COC(=O)[C@H](Cc1ccc(OCc2ccccc2)cc1)/N=C(C)/C=C(\O)c1ccccc1,train,train,train,2,2,0.8269231,0.8269231,0.8269231
CN(CCOc1ccc(CC(Nc2cccc3c2C(=O)c2ccccc2C3=O)C(=O)O)cc1)c1nc2ccccc2o1,train,train,train,2,2,0.7297297,0.7297297,0.7297297
Cc1oc(-c2ccccc2)nc1CCOc1ccc(CC2SC(=O)NC2=O)cc1,train,train,train,0,0,0.6721311,0.6721311,0.6721311
CC(C)(Oc1cccc(CCCN(Cc2ccc(C(F)(F)F)cc2C(F)(F)F)C(=O)COc2ccc(Cl)c(Cl)c2)c1)C(=O)O,train,train,train,4,4,0.73239434,0.73239434,0.73239434
CC(C)(Oc1cccc(CCCN(C(=O)Cc2ccc(C(F)(F)F)cc2)c2cccc(-c3ncon3)c2C2CC2)c1)C(=O)O,train,train,train,4,4,0.77380955,0.77380955,0.77380955
CC(C)(Oc1cccc(CCCN(C(=O)COc2ccc(Cl)c(Cl)c2)c2cccc(-c3ncon3)c2C2CC2)c1)C(=O)O,train,train,train,1,1,0.7241379,0.7241379,0.7241379
CC(C)(Oc1cccc(CCCN(C(=O)c2ccc(C(F)(F)F)c(C(F)(F)F)c2)c2cccc(-c3ncon3)c2C2CC2)c1)C(=O)O,train,train,train,4,4,0.77380955,0.77380955,0.77380955
CC(C)(Oc1cccc(CCCN(Cc2ccc(C(F)(F)F)cc2C(F)(F)F)C(=O)Cc2ccc(C(F)(F)F)cc2)c1)C(=O)O,train,train,train,4,4,0.73239434,0.73239434,0.73239434
CC(C)(Oc1cccc(CCCN(CCOC(=O)c2ccc(N=C=O)cc2)Cc2ccc(C(F)(F)F)cc2C(F)(F)F)c1)C(=O)O,train,train,train,4,4,0.6282051,0.6282051,0.6282051
CCO[C@@H](Cc1ccc(OCC=C(c2ccc(-c3ccco3)cc2)c2ccc(-c3ccco3)cc2)cc1)C(=O)O,train,train,train,2,2,0.73214287,0.73214287,0.76785713
CCO[C@@H](Cc1ccc(OCC=C(c2ccc(-c3ccccc3)cc2)c2ccc(-c3ccccc3)cc2)cc1)C(=O)O,test,test,train,2,2,0.87234044,0.87234044,0.87234044
CCO[C@@H](Cc1ccc(OCCn2c3ccccc3c3ccccc32)cc1)C(=O)O,test,test,test,2,2,0.8490566,0.8490566,0.8490566
CCO[C@@H](Cc1ccc(OCC=C(c2ccccc2)c2ccccc2)cc1)C(=O)O,train,train,train,2,2,0.82978725,0.82978725,0.87234044
CCO[C@@H](Cc1ccc(OCC=C(c2ccc(Br)cc2)c2ccc(Br)cc2)cc1)C(=O)O,train,train,train,2,2,0.81632656,0.81632656,0.81632656
CCO[C@@H](Cc1ccc(OCCN(c2ccccc2)c2ccccc2)cc1)C(=O)O,test,test,train,2,2,0.6875,0.6875,0.6875
CCO[C@@H](Cc1ccc(OCC=C(c2ccc(C)cc2)c2ccc(C)cc2)cc1)C(=O)O,test,test,train,2,2,0.8333333,0.8333333,0.8367347
CCO[C@@H](Cc1ccc(OCC=C(c2ccc(OC)cc2)c2ccc(OC)cc2)cc1)C(=O)O,train,train,train,2,2,0.82978725,0.82978725,0.8333333
Cc1oc(-c2ccccc2)nc1CCOc1ccc(C[C@H](Nc2ccccc2C(=O)C2CCCCC2)C(=O)O)cc1,train,train,train,0,0,0.8030303,0.8030303,0.8030303
Cc1ccc(C(=O)c2ccccc2NC(Cc2ccc(OCCN(C)c3nc4ccccc4o3)cc2)C(=O)O)cc1,train,train,test,2,2,0.8513514,0.8513514,0.8513514
CN(CCOc1ccc(CC(Nc2ccccc2C(=O)c2cccc(C(F)(F)F)c2)C(=O)O)cc1)c1nc2ccccc2o1,train,train,train,2,2,0.8333333,0.8333333,0.8333333
CSc1nc(NC(Cc2ccc(OCCN(C)c3nc4ccccc4o3)cc2)C(=O)O)c(C(=O)c2ccccc2)s1,train,train,train,2,2,0.73417723,0.73417723,0.73417723
Cc1oc(-c2ccccc2)nc1CCOc1ccc(CC(Nc2ccccc2C(=O)O)C(=O)O)cc1,train,train,train,0,0,0.89830506,0.89830506,0.89830506
CN(CCOc1ccc(C[C@H](Nc2ccccc2C(=O)C2CCCCC2)C(=O)O)cc1)c1nc2ccccc2o1,train,train,train,2,2,0.9852941,0.9852941,0.9852941
Cc1cccc(C(=O)c2ccccc2NC(Cc2ccc(OCCN(C)c3nc4ccccc4o3)cc2)C(=O)O)c1,train,train,train,2,2,0.8513514,0.8513514,0.8333333
CN(CCOc1ccc(CC(Nc2ccccc2C(=O)C2CCCC2)C(=O)O)cc1)c1nc2ccccc2o1,train,train,train,2,2,0.9852941,0.9852941,0.9852941
Cc1oc(-c2ccccc2)nc1CCOc1ccc(CC(Nc2ccccc2C(=O)c2cccnc2)C(=O)O)cc1,train,train,train,0,0,0.86567163,0.86567163,0.86567163
Cc1oc(-c2ccccc2)nc1CCOc1ccc(CC(Nc2ccccc2C(=O)c2ccc(C(=O)O)cc2)C(=O)O)cc1,train,train,train,0,0,0.9206349,0.9206349,0.9206349
CCCOC(=O)c1ccccc1NC(Cc1ccc(OCCc2nc(-c3ccccc3)oc2C)cc1)C(=O)O,train,train,train,0,0,0.90625,0.90625,0.90625
Cc1ccccc1C(=O)c1ccccc1NC(Cc1ccc(OCCN(C)c2nc3ccccc3o2)cc1)C(=O)O,train,train,train,2,2,0.8450704,0.8450704,0.8108108
CN(CCOc1ccc(CC(Nc2cscc2C(=O)c2ccccc2)C(=O)O)cc1)c1nc2ccccc2o1,test,test,train,2,2,0.7837838,0.7837838,0.7894737
CN(CCOc1ccc(CC(Nc2ccsc2C(=O)c2ccccc2)C(=O)O)cc1)c1nc2ccccc2o1,train,train,train,2,2,0.73417723,0.73417723,0.7837838
CN(CCOc1ccc(CC(Nc2ccccc2C(=O)c2ccsc2)C(=O)O)cc1)c1nc2ccccc2o1,test,test,train,2,2,0.80263156,0.80263156,0.7894737
Cc1oc(-c2ccccc2)nc1CCOc1ccc(CC(Nc2ccccc2C(=O)N(C)C)C(=O)O)cc1,train,train,train,0,0,0.8548387,0.8548387,0.8548387
COC(=O)c1ccccc1N[C@@H](Cc1ccc(OCCc2nc(-c3ccccc3)oc2C)cc1)C(=O)O,train,train,train,0,0,0.8833333,0.8833333,0.8833333
CCOC(=O)c1ccccc1NC(Cc1ccc(OCCc2nc(-c3ccccc3)oc2C)cc1)C(=O)O,train,train,train,0,0,0.90625,0.90625,0.90625
Cc1oc(-c2ccccc2)nc1CCOc1ccc(CC(Nc2ccccc2C(=O)OC(C)C)C(=O)O)cc1,train,train,train,0,0,0.859375,0.859375,0.859375
CCCc1cc(Oc2ccccc2)ccc1OCCCOc1ccc(C2SC(=O)NC2=O)cc1F,train,train,train,1,1,0.87931037,0.87931037,0.87931037
CCCc1cc(Oc2ccccc2)ccc1OCCCOc1ccc(C2SC(=O)NC2=O)cc1C,train,train,train,1,1,0.8947368,0.8947368,0.8947368
CCCc1cc(Oc2ccc(Cl)cc2)ccc1OCCCOc1ccc(C2SC(=O)NC2=O)cc1,train,train,train,1,1,0.85714287,0.85714287,0.85714287
CCCc1cc(Oc2ccc(-c3ccccc3)cc2)ccc1OCCCOc1ccc(C2SC(=O)NC2=O)cc1,test,test,train,1,1,0.91071427,0.91071427,0.91071427
CCCc1cc(Oc2ccc(OC)cc2)ccc1OCCCOc1ccc(C2SC(=O)NC2=O)cc1,train,train,test,1,1,0.8727273,0.8727273,0.8727273
CCCc1cc(Oc2ccccc2)ccc1OCCCOc1ccc(C2SC(=O)NC2=O)cc1Cl,train,train,train,1,1,0.87931037,0.87931037,0.87931037
CCCc1cc(Oc2ccccc2)ccc1OCCCOc1ccc(C2SC(=O)NC2=O)cc1OC,train,train,train,1,1,0.87931037,0.87931037,0.87931037
CCCc1cc(Oc2ccc(NS(=O)(=O)c3ccc(C)cc3)cc2)ccc1OCCCOc1ccc(C2SC(=O)NC2=O)cc1,train,train,train,1,1,0.7647059,0.7647059,0.7647059
CCCCCCCN(CCc1ccc(OC(C)(C)C(=O)O)cc1)C(=O)Nc1ccc(F)cc1,train,train,train,4,4,0.7704918,0.7704918,0.7704918
CCCCCCCN(CCc1ccc(OC(C)(C)C(=O)O)cc1)C(=O)Nc1ccc(F)cc1F,train,train,train,4,4,0.7704918,0.7704918,0.7704918
CCCc1cc(Oc2ccccc2)ccc1OCCCOc1ccc(C2SC(=O)NC2=O)cc1CCC,train,train,train,1,1,0.9259259,0.9259259,0.9259259
CCCc1cc(Oc2ccc(CC(C)C)cc2)ccc1OCCCOc1ccc(C2SC(=O)NC2=O)cc1,test,test,train,1,1,0.8064516,0.8064516,0.8064516
CC(C)(Oc1ccc(CCN(C(=O)Nc2ccc(F)cc2F)C2CCCCCC2)cc1)C(=O)O,train,train,train,4,4,0.64705884,0.64705884,0.64705884
CCCc1cc(Oc2ccc(S(C)(=O)=O)cc2)ccc1OCCCOc1ccc(C2SC(=O)NC2=O)cc1,train,train,train,1,1,0.8135593,0.8135593,0.8135593
CCCc1cc(Oc2ccc(F)cc2)ccc1OCCCOc1ccc(C2SC(=O)NC2=O)cc1,train,train,test,1,1,0.8727273,0.8727273,0.8727273
CC(C)(Oc1ccc(CCN(CCCCCC2CCCCC2)C(=O)Nc2ccc(F)cc2)cc1)C(=O)O,test,test,test,4,4,0.7741935,0.7741935,0.7741935
Cc1oc(-c2ccccc2)nc1CCOc1ccc(C[C@@H](C(=O)O)N2CCOCC2)cc1,train,train,train,0,0,0.86440676,0.86440676,0.86440676
O=C(O)Cc1ccc2[nH]c(-c3ccc(F)cc3)c(CCc3ccc(F)cc3)c2c1,train,train,test,4,4,0.7906977,0.7906977,0.7906977
Cc1oc(-c2ccccc2)nc1CCOc1ccc(C[C@H](NS(C)(=O)=O)C(=O)O)cc1,train,train,train,0,0,0.7894737,0.7894737,0.7894737
CC(C)(Oc1ccc(CCCN(CCc2c(F)cccc2Cl)C(=O)Nc2cccc(Cl)c2Cl)cc1)C(=O)O,train,train,train,4,4,0.5540541,0.5540541,0.5540541
CN[C@@H](Cc1ccc(OCCc2nc(-c3ccccc3)oc2C)cc1)C(=O)O,train,train,train,0,0,0.8181818,0.8181818,0.8181818
Cc1oc(-c2ccccc2)nc1CCOc1ccc(C[C@@H](C(=O)O)N2CCCCC2)cc1,train,train,train,0,0,0.9818182,0.9818182,0.9818182
CCCN[C@@H](Cc1ccc(OCCc2nc(-c3ccccc3)oc2C)cc1)C(=O)O,train,train,train,0,0,0.7894737,0.7894737,0.7894737
CC(=O)N[C@@H](Cc1ccc(OCCc2nc(-c3ccccc3)oc2C)cc1)C(=O)O,train,train,train,0,0,0.8181818,0.8181818,0.8181818
Cc1oc(-c2ccccc2)nc1CCOc1ccc(CC2C(=O)NOC2=O)cc1,train,train,train,0,0,0.6721311,0.6721311,0.6721311
Cc1oc(-c2ccccc2)nc1CCOc1ccc(C[C@H](Nc2ncccn2)C(=O)O)cc1,train,train,train,0,0,0.8035714,0.8035714,0.8035714
CCCc1c(OCCCSc2ccc(CC(=O)O)cc2Cl)ccc2c(-c3ccccc3)coc12,train,train,test,1,1,0.8181818,0.8181818,0.8181818
Cc1oc(-c2ccccc2)nc1CCOc1ccc(C[C@@H](C(=O)O)N2CCCC2)cc1,train,train,train,0,0,0.9818182,0.9818182,0.9818182
Cc1oc(-c2ccccc2)nc1CCOc1ccc(C[C@@H](C(=O)O)n2c(C)ccc2C)cc1,train,train,train,0,0,0.76666665,0.76666665,0.76666665
O=C(O)CCc1ccc2[nH]c(-c3ccccc3)c(CCc3ccccc3)c2c1,train,train,train,2,2,0.7906977,0.7906977,0.7906977
Cc1oc(-c2ccccc2)nc1CCOc1ccc(C[C@@H](C(=O)O)N(C)C)cc1,train,train,test,0,0,0.7368421,0.7368421,0.7368421
COc1ccc(CCc2c(-c3ccccc3)[nH]c3ccc(CC(=O)O)cc23)cc1,train,train,train,4,4,0.8043478,0.8043478,0.8043478
Cn1c(-c2ccccc2)c(CCc2ccccc2)c2cc(CC(=O)O)ccc21,train,train,train,4,4,0.54901963,0.54901963,0.54901963
CCCc1c(-c2ccccc2)[nH]c2ccc(CC(=O)O)cc12,train,train,train,1,1,0.81395346,0.81395346,0.81395346
O=C(O)Cc1ccc2[nH]c(-c3ccccc3)c(CCc3ccccc3)c2c1,train,train,train,4,4,0.81395346,0.81395346,0.81395346
CCOC(Cc1ccc(OCCN(C)c2nc3ccccc3o2)cc1)C(=O)O,train,train,train,2,2,0.8064516,0.8064516,0.8064516
NC(=O)C(Cc1ccc(OCCOc2ccc3ccccc3c2)cc1)C(=O)O,train,train,test,2,2,0.77272725,0.77272725,0.77272725
CCCc1ccccc1OCCCOc1cccc(C2OC(=O)NC2=O)c1,train,train,train,1,1,0.7894737,0.7894737,0.7894737
CCCc1cc(C=C2CCCCC2)ccc1OCCCOc1cccc(C2SC(=O)NC2=O)c1,train,train,train,1,1,0.71428573,0.71428573,0.71014494
CCCc1cc(C2CCC(C)(C)CC2)ccc1OCCCOc1cccc(C2OC(=O)NC2=O)c1,train,train,train,1,1,0.8548387,0.8548387,0.8548387
CCCc1c(OCCCSc2ccc(CC(=O)O)cc2Cl)ccc2c(-c3ccccc3)noc12,test,test,train,1,1,0.7887324,0.7887324,0.7887324
COC(=O)C(Cc1ccc(OCCOc2ccc3c(c2)C(C)(C)CCC3(C)C)cc1)C(N)=O,train,train,train,2,2,0.8913044,0.8913044,0.75
O=C(O)C(Cc1ccc(OCCOc2ccc3c(c2)CCCC3)cc1)C(=O)O,test,test,train,2,2,0.81395346,0.81395346,0.76744187
CCCc1c(OCCCCOc2cccc(OCC(=O)O)c2)ccc2c(-c3ccccc3)noc12,train,train,train,1,1,0.8448276,0.8448276,0.8448276
CCCc1c(OCCCOc2ccc(/C=C/C(=O)O)cc2)ccc2c(-c3ccccc3)noc12,train,train,train,1,1,0.9655172,0.9655172,0.9655172
CCCc1c(OCCCCOc2ccc(C(C)(C)CC(=O)O)cc2)ccc2c(-c3ccccc3)noc12,train,train,train,1,1,0.8095238,0.8095238,0.75384617
CCCc1cc(OC2CCCCC2)ccc1OCCCOc1cccc(C2SC(=O)NC2=O)c1,train,train,train,1,1,0.77272725,0.77272725,0.77272725
CCCc1c(OCCCCOc2ccc(/C=C/C(=O)O)cc2)ccc2c(-c3ccccc3)noc12,train,train,train,1,1,0.9655172,0.9655172,0.9655172
CCCc1c(OCCCOc2ccc(CCCC(=O)O)cc2)ccc2c(-c3ccccc3)noc12,test,test,train,1,1,0.88135594,0.88135594,0.88135594
COC(=O)C(Cc1ccc(OCCOc2ccc3ccccc3c2)cc1)C(=O)O,train,train,train,2,2,0.902439,0.902439,0.6
COC(=O)C(Cc1ccc(OCCOc2ccc3c(c2)NCCC3)cc1)C(=O)O,train,train,train,2,2,0.92,0.92,0.6792453
CCCc1c(OCCCCOc2ccc(CC(=O)O)cc2)ccc2c(-c3ccccc3)noc12,train,train,train,1,1,0.96363634,0.96363634,0.96363634
CCCc1c(OCCCOc2ccc(OC(C)C(=O)O)cc2)ccc2c(-c3ccccc3)noc12,train,train,train,1,1,0.96428573,0.96428573,0.96428573
CCCc1c(OCCCCOc2ccc(OC(C)(C)C(=O)O)cc2)ccc2c(-c3ccccc3)noc12,train,train,train,1,1,0.8064516,0.8064516,0.8548387
NC(=O)C(Cc1ccc(OCCOc2ccc3c(c2)NCCC3)cc1)C(=O)O,train,train,test,2,2,0.8113208,0.8113208,0.8113208
CCCc1c(OCCCCOc2cccc(C(=O)O)c2)ccc2c(-c3ccccc3)noc12,train,train,test,1,1,0.8305085,0.8305085,0.8305085
CCCc1cc(-c2ccccc2)ccc1OCCCOc1cccc(C2OC(=O)NC2=O)c1,train,train,train,1,1,0.7894737,0.7894737,0.7894737
COC(=O)C(Cc1ccc(OCCOc2ccc3c(c2)C(C)(C)CCC3(C)C)cc1)C(=O)O,train,train,test,2,2,0.9111111,0.9111111,0.8541667
CCCc1c(OCCCCOc2ccc(CCC(=O)O)cc2)ccc2c(-c3ccccc3)noc12,train,train,train,1,1,0.84745765,0.84745765,0.88135594
CCCc1c(OCCCCOc2cccc(C(C)(C)C(=O)O)c2)ccc2c(-c3ccccc3)noc12,train,train,train,1,1,0.82539684,0.82539684,0.7878788
COC(=O)C(Cc1ccc(OCCOc2ccc3c(c2)NCCC3)cc1)C(=O)OC,train,train,test,2,2,0.92,0.92,0.92
CCCc1cc(C(=O)c2ccc(Cl)cc2)ccc1OCCCOc1cccc(C2SC(=O)NC2=O)c1,test,test,train,1,1,0.87096775,0.87096775,0.7846154
CC1(C)CCC(C)(C)c2cc(OCCOc3ccc(CC(C(=O)O)C(=O)O)cc3)ccc21,train,train,train,2,2,0.84444445,0.84444445,0.75
CCCc1cc(C2CCCCCC2)ccc1OCCCOc1cccc(C2OC(=O)NC2=O)c1,test,test,train,1,1,1.0,1.0,1.0
CCCc1c(OCCCCOc2ccc(CC(C)(C)C(=O)O)cc2)ccc2c(-c3ccccc3)noc12,train,train,train,1,1,0.78125,0.78125,0.78125
CCCc1c(OCCCOc2ccc(OCC(=O)O)cc2)ccc2c(-c3ccccc3)noc12,train,train,train,1,1,0.8448276,0.8448276,0.8448276
CCCc1c(OCCCCOc2ccc(OC(C)C(=O)O)cc2)ccc2c(-c3ccccc3)noc12,train,train,train,1,1,0.96428573,0.96428573,0.96428573
COC(=O)C(Cc1ccc(OCCOc2ccc3c(c2)CCCC3)cc1)C(=O)OC,train,train,train,1,1,0.90697676,0.90697676,0.8863636
CCCc1c(OCCCCOc2cccc(CC(=O)O)c2)ccc2c(-c3ccccc3)noc12,train,train,test,1,1,0.8196721,0.8196721,0.8196721
CCCc1cc(C2CCCCC2)ccc1OCCCOc1cccc(C2OC(=O)NC2=O)c1,train,train,train,1,1,0.8548387,0.8548387,1.0
COC(=O)C(Cc1ccc(OCCOc2ccc3ccccc3c2)cc1)C(=O)OC,train,train,test,2,2,0.902439,0.902439,0.902439
COC(=O)C(Cc1ccc(OCCOc2ccc3c(c2)C(C)(C)CCC3(C)C)cc1)C(=O)OC,train,train,test,2,2,0.9111111,0.9111111,0.8913044
CCCc1c(OCCCOc2ccc(CC(=O)O)cc2)ccc2c(-c3ccccc3)noc12,train,train,train,1,1,0.96363634,0.96363634,0.96363634
CCCc1c(OCCCCOc2cccc(OC(C)(C)C(=O)O)c2)ccc2c(-c3ccccc3)noc12,test,test,train,1,1,0.8548387,0.8548387,0.8548387
CCCc1cc(C(=O)C2CCCCC2)ccc1OCCCOc1cccc(C2SC(=O)NC2=O)c1,train,train,train,1,1,0.75,0.75,0.75
CCCc1cc(C(=O)c2ccccc2)ccc1OCCCOc1cccc(C2SC(=O)NC2=O)c1,train,train,test,1,1,0.7619048,0.7619048,0.87096775
COC(=O)C(Cc1ccc(OCCOc2ccc3c(c2)CCCC3)cc1)C(=O)O,train,train,test,2,2,0.90697676,0.90697676,0.90697676
CCCc1cc(CC2CCCCC2)ccc1OCCCOc1cccc(C2SC(=O)NC2=O)c1,train,train,test,1,1,0.76119405,0.76119405,0.76119405
CCCc1c(OCCCCOc2ccc(C(C)(C)C(=O)O)cc2)ccc2c(-c3ccccc3)noc12,train,train,test,1,1,0.82539684,0.82539684,0.82539684
COC(=O)C(Cc1ccc(OCCOc2ccc3c(c2)CCCC3)cc1)C(N)=O,train,train,train,1,1,0.8863636,0.8863636,0.8863636
COc1ccc(C)cc1NC(=O)N(CCc1ccc(SC(C)(C)C(=O)O)cc1)CCc1ccc(-c2ccccc2)cc1,train,train,train,4,4,0.7419355,0.7419355,0.7419355
CC(C)(Sc1ccc(CCN(CCCCC2CCCCC2)C(=O)Nc2cc(Cl)cc(Cl)c2)cc1)C(=O)O,test,test,test,4,4,0.73239434,0.73239434,0.73239434
CC(C)(Sc1ccc(CCN(CCCCC2CCCCC2)C(=O)NC2CCCCC2)cc1)C(=O)O,train,train,test,1,1,0.7627119,0.7627119,0.7627119
COc1ccc(NC(=O)N(CCc2ccc(SC(C)(C)C(=O)O)cc2)CCc2ccc(-c3ccccc3)cc2)c(OC)c1,test,test,test,4,4,0.75384617,0.75384617,0.75384617
Cc1ccc(NC(=O)N(CCCCC2CCCCC2)CCc2ccc(SC(C)(C)C(=O)O)cc2)cc1[N+](=O)[O-],train,train,train,4,4,0.67948717,0.67948717,0.67948717
Cc1cc(C)c(NC(=O)N(CCc2ccc(SC(C)(C)C(=O)O)cc2)CCc2ccc(-c3ccccc3)cc2)cc1C,train,train,train,4,4,0.7419355,0.7419355,0.7419355
CC(C)(Sc1ccc(CCN(CCCCC2CCCCC2)C(=O)Nc2cccc(C#N)c2)cc1)C(=O)O,train,train,train,4,4,0.67948717,0.67948717,0.67948717
CC(C)(Sc1ccc(CCN(CCc2ccc(-c3ccccc3)cc2)C(=O)Nc2cc(Cl)cc(Cl)c2)cc1)C(=O)O,train,train,train,4,4,0.7,0.7,0.7
CC(C)(Sc1ccc(CCN(CCc2ccc(-c3ccccc3)cc2)C(=O)NC2CCCCC2)cc1)C(=O)O,train,train,train,4,4,0.7627119,0.7627119,0.61904764
COc1ccccc1NC(=O)N(CCCCC1CCCCC1)CCc1ccc(SC(C)(C)C(=O)O)cc1,train,train,test,4,4,0.6911765,0.6911765,0.65789473
CC(F)(F)CCCCCN1C(=O)C(CCOc2ccccc2CC(=O)O)Oc2ccccc21,train,train,test,1,1,0.84745765,0.84745765,0.84745765
CC(C)(O)CCCCN1C(=O)C(CCOc2ccccc2CC(=O)O)Oc2ccccc21,train,train,test,1,1,0.877193,0.877193,0.877193
CCCCCCCN1C(=O)C(CCOc2ccccc2CC(=O)O)Oc2ccccc21,train,train,train,1,1,1.0,1.0,1.0
CC(C)(C#N)CCCCN1C(=O)C(CCOc2ccccc2CC(=O)O)Oc2ccccc21,train,train,train,1,1,0.8196721,0.8196721,0.8196721
C=CCCCCN1C(=O)C(CCOc2ccccc2CC(=O)O)Oc2ccccc21,train,train,train,1,1,0.7758621,0.7758621,0.7758621
C/C(CCCCN1C(=O)C(CCOc2ccccc2CC(=O)O)Oc2ccccc21)=N\O,train,train,test,1,1,0.8305085,0.8305085,0.8305085
O=C(O)Cc1ccccc1OCCC1Oc2ccccc2N(CCC2CCCCC2)C1=O,test,test,train,1,1,0.877193,0.877193,0.877193
CCCCCCCCCCN1C(=O)C(CCOc2ccccc2CC(=O)O)Oc2ccccc21,train,train,train,1,1,1.0,1.0,1.0
CC(C)(CCCCN1C(=O)C(CCOc2ccccc2CC(=O)O)Oc2ccccc21)C(=O)O,train,train,train,1,1,0.877193,0.877193,0.877193
CC(=O)CCCCN1C(=O)C(CCOc2ccccc2CC(=O)O)Oc2ccccc21,train,train,train,1,1,0.9811321,0.9811321,0.9811321
CC(O)CCCCN1C(=O)C(CCOc2ccccc2CC(=O)O)Oc2ccccc21,test,test,train,1,1,0.89285713,0.89285713,0.89285713
CC(C)(C)CCCCN1C(=O)C(CCOc2ccccc2CC(=O)O)Oc2ccccc21,train,train,train,1,1,0.877193,0.877193,0.877193
O=C(O)Cc1ccccc1OCCC1Oc2ccccc2N(CCCC2CCCC2)C1=O,train,train,train,1,1,0.7627119,0.7627119,0.877193
O=C(O)Cc1ccccc1OCCC1Oc2ccccc2N(CCCCCO)C1=O,train,train,train,1,1,1.0,1.0,1.0
O=C(O)Cc1ccccc1OCCC1Oc2ccccc2N(CCCCCCO)C1=O,train,train,train,1,1,1.0,1.0,1.0
CC(C)CCCCN1C(=O)C(CCOc2ccccc2CC(=O)O)Oc2ccccc21,train,train,train,1,1,0.80701756,0.80701756,0.89285713
CC(=O)CCCCCN1C(=O)C(CCOc2ccccc2CC(=O)O)Oc2ccccc21,train,train,train,1,1,0.9811321,0.9811321,0.9811321
CCCCCCCCN1C(=O)C(CCOc2ccccc2CC(=O)O)Oc2ccccc21,train,train,train,1,1,1.0,1.0,1.0
CCCCCN1C(=O)C(CCOc2ccccc2CC(=O)O)Oc2ccccc21,train,train,train,1,1,0.98039216,0.98039216,0.98039216
O=C(O)Cc1ccccc1OCCC1Oc2ccccc2N(CCCCCCCF)C1=O,train,train,train,1,1,0.8363636,0.8363636,0.8363636
O=C(O)Cc1ccccc1OCCC1Oc2ccccc2N(CCCCCCCO)C1=O,train,train,test,1,1,1.0,1.0,1.0
CCCSCCN1C(=O)C(CCOc2ccccc2CC(=O)O)Oc2ccccc21,train,train,train,1,1,0.80701756,0.80701756,0.80701756
CCCn1c(CCCc2ccc(OC(C)(C)C(=O)O)cc2)nn(Cc2ccc(C)cc2)c1=O,train,train,train,4,4,0.89285713,0.89285713,0.89285713
CCCCCCn1c(CCc2ccc(OC(C)(C)C(=O)O)cc2)nn(Cc2cccc(OC)c2)c1=O,train,train,train,4,4,0.6617647,0.6617647,0.6617647
Cc1ccc(Cn2nc(CCCc3ccc(OC(C)(C)C(=O)O)cc3)n(C)c2=O)cc1C,train,train,train,4,4,0.7758621,0.7758621,0.64615387
CCCn1c(CCc2ccc(OC(C)(C)C(=O)O)cc2)nn(Cc2ccc(C)cc2)c1=O,train,train,train,4,4,0.89285713,0.89285713,0.89285713
Cn1c(CCCc2ccc(OC(C)(C)C(=O)O)cc2)nn(Cc2ccc(C(C)(C)C)cc2)c1=O,train,train,test,4,4,0.7758621,0.7758621,0.7758621
CCCn1c(CCCc2ccc(OC(C)(C)C(=O)O)cc2)nn(CC2CCCCC2)c1=O,test,test,train,1,1,0.6969697,0.6969697,0.6969697
CCO[C@@H](Cc1ccc(OCCn2c3ccccc3c3cc(Br)ccc32)cc1)C(=O)O,train,train,train,2,2,0.5625,0.5625,0.9056604
CCOC(Cc1ccc(OCCN2c3ccccc3C=Cc3ccccc32)cc1)C(=O)O,train,train,train,2,2,0.7735849,0.7735849,0.7735849
CCOC(Cc1ccc(OCC/C=C2/c3ccccc3COc3ccccc32)cc1)C(=O)O,train,train,train,2,2,0.8103448,0.8103448,0.8103448
CCOC(Cc1ccc(OCCN(C)C2c3ccccc3CCc3ccccc32)cc1)C(=O)O,train,train,train,2,2,0.6333333,0.6333333,0.6333333
CCOC(Cc1ccc(OCCCN2c3ccccc3CCc3ccccc32)cc1)C(=O)O,train,train,test,2,2,0.9,0.9,0.9
CCOC(Cc1ccc(OCC=C2c3ccccc3CCc3ccccc32)cc1)C(=O)O,train,train,test,2,2,0.8148148,0.8148148,0.82
CCOC(Cc1ccc(OCCC2Sc3ccccc3Oc3ccccc32)cc1)C(=O)O,train,train,train,2,2,0.7413793,0.7413793,0.7413793
Cc1cc(CCOc2ccc(C[C@H](Nc3ccccc3C(=O)c3ccccc3)C(=O)O)cc2)nn1-c1ccccc1,train,train,test,2,2,0.6760563,0.6760563,0.63013697
Cc1ccsc1-c1nc(CCOc2ccc(C[C@H](Nc3ccccc3C(=O)c3ccccc3)C(=O)O)cc2)c(C)o1,train,train,train,0,0,0.8,0.8,0.8
Cc1sc(N2CCN(C)CC2)nc1CCOc1ccc(C[C@H](Nc2ccccc2C(=O)c2ccccc2)C(=O)O)cc1,test,test,test,2,2,0.84931505,0.84931505,0.84931505
CCOC(Cc1ccc(OCC=C2c3ccccc3-c3ccccc32)cc1)C(=O)O,test,test,train,2,2,0.82,0.82,0.78846157
Cc1oc(-c2ccncc2)nc1CCOc1ccc(C[C@H](Nc2ccccc2C(=O)c2ccccc2)C(=O)O)cc1,train,train,train,0,0,0.921875,0.921875,0.921875
Cc1cc(-c2nc(CCOc3ccc(C[C@H](Nc4ccccc4C(=O)c4ccccc4)C(=O)O)cc3)c(C)s2)no1,train,train,train,2,2,0.8115942,0.8115942,0.8115942
CCOC(Cc1ccc(OCCCN2c3ccccc3OCOc3ccccc32)cc1)C(=O)O,test,test,train,2,2,0.76785713,0.76785713,0.6896552
Cc1ccc(-c2nc(CCOc3ccc(C[C@H](Nc4ccccc4C(=O)c4ccccc4)C(=O)O)cc3)c(C)o2)s1,train,train,train,0,0,0.8235294,0.8235294,0.8235294
CCO[C@@H](Cc1ccc(OCCn2c3ccc(Br)cc3c3cc(Br)ccc32)cc1)C(=O)O,test,test,train,2,2,0.9056604,0.9056604,0.9056604
Cc1sc(-c2ccncc2)nc1CCOc1ccc(C[C@H](Nc2ccccc2C(=O)c2ccccc2)C(=O)O)cc1,train,train,test,2,2,0.9206349,0.9206349,0.9206349
Cc1sc(-c2ccccc2)nc1CCOc1ccc(C[C@H](Nc2ccccc2C(=O)c2ccccc2)C(=O)O)cc1,train,train,train,2,2,0.9206349,0.9206349,0.8115942
Cn1cc(-c2ccccc2)nc1CCOc1ccc(C[C@H](Nc2ccccc2C(=O)c2ccccc2)C(=O)O)cc1,test,test,test,2,2,0.6857143,0.6857143,0.6619718
CCOC(Cc1ccc(OCCC2c3ccccc3Oc3ccccc32)cc1)C(=O)O,train,train,train,2,2,0.82,0.82,0.7413793
CCOC(Cc1ccc(OCC=C2c3ccccc3OCOc3ccccc32)cc1)C(=O)O,train,train,train,2,2,0.75,0.75,0.78846157
Cc1cc(-c2ccccc2)nn1CCOc1ccc(C[C@H](Nc2ccccc2C(=O)c2ccccc2)C(=O)O)cc1,train,train,test,2,2,0.6760563,0.6760563,0.63380283
Cc1sc(N2CCOCC2)nc1CCOc1ccc(C[C@H](Nc2ccccc2C(=O)c2ccccc2)C(=O)O)cc1,train,train,train,0,0,0.72602737,0.72602737,0.72602737
CCOC(Cc1ccc(OCCC=C2c3ccccc3CCc3ccccc32)cc1)C(=O)O,train,train,train,2,2,0.8148148,0.8148148,0.8103448
COc1ccc(-c2nc(CCOc3ccc(C[C@H](Nc4ccccc4C(=O)c4ccccc4)C(=O)O)cc3)c(C)o2)cc1,test,test,train,0,0,0.93650794,0.93650794,0.93650794
CCOC(Cc1ccc(OCCC2c3ccccc3-c3ccccc32)cc1)C(=O)O,train,train,test,2,2,0.82,0.82,0.82
CCOC(Cc1ccc(OCCNC2=Nc3ccccc3Sc3ccccc32)cc1)C(=O)O,test,test,train,2,2,0.530303,0.530303,0.52380955
CCOC(Cc1ccc(OCCN2c3ccccc3CCc3ccccc32)cc1)C(=O)O,train,train,train,2,2,0.9,0.9,0.7735849
Cc1oc(-c2ccc(F)cc2)nc1CCOc1ccc(C[C@H](Nc2ccccc2C(=O)c2ccccc2)C(=O)O)cc1,train,train,train,0,0,0.93650794,0.93650794,0.93650794
CCCc1cc(Oc2ccc(F)cc2)ccc1OCCCOc1ccc2c(c1)OC(CC)(C(=O)O)CC2,train,train,train,1,1,0.8730159,0.8730159,0.8730159
CCCc1cc(Oc2ccc(OC)cc2)ccc1OCCCOc1ccc2c(c1)OC(CC)(C(=O)O)CC2,train,train,train,1,1,0.88709676,0.88709676,0.88709676
CCCc1cc(Oc2ccc(Cl)cc2)ccc1OCCCOc1ccc2c(c1)OC(CC)(C(=O)O)CC2,train,train,train,1,1,0.8730159,0.8730159,0.8730159
CCCc1cc(Oc2ccccc2)ccc1OCCCCOc1ccc2c(c1)CCC(C)(C(=O)O)O2,train,train,train,1,1,0.6666667,0.6666667,0.9655172
Cc1oc(-c2ccc(-c3ccccc3)cc2)nc1CCOc1ccc(OC(C)(C)C(=O)O)cc1,train,train,test,0,0,0.9574468,0.9574468,0.9574468
CCCc1cc(Oc2ccccc2)ccc1OCCCOc1ccc2c(c1)OC(C)(C(=O)O)CC2,test,test,train,1,1,0.83870965,0.83870965,0.86885244
CCC1(C(=O)O)CCc2ccc(OCCCOc3ccc(Oc4ccccc4)cc3F)cc2O1,test,test,train,1,1,0.80701756,0.80701756,0.80701756
CCCc1cc(Oc2ccccc2)ccc1OCCCCOc1ccc2c(c1)OC(C)(C(=O)O)CC2,test,test,test,1,1,0.86885244,0.86885244,0.9655172
CCCc1cc(Oc2ccccc2)ccc1OCCCOc1ccc2c(c1)OC(CC)(C(=O)O)CC2,train,train,train,1,1,0.88709676,0.88709676,0.88709676
CCCc1cc(Oc2ccccc2)ccc1OCCCCOc1ccc2c(c1)OC(C(=O)O)CC2,test,test,train,1,1,0.9655172,0.9655172,0.86885244
CCCc1cc(Oc2ccccc2)ccc1OCCCOc1ccc2c(c1)CCC(C(=O)O)O2,test,test,train,1,1,0.86885244,0.86885244,0.9655172
CCCc1cc(Oc2ccccc2)ccc1OCCCCOc1ccc2c(c1)CCC(C(=O)O)O2,test,test,train,1,1,0.83870965,0.83870965,0.9655172
CCCc1cc(Oc2ccccc2)ccc1OCCCOc1ccc2c(c1)OC(CCC)(C(=O)O)CC2,train,train,train,1,1,0.88709676,0.88709676,0.88709676
CCCc1cc(Oc2ccc(S(C)(=O)=O)cc2)ccc1OCCCOc1ccc2c(c1)OC(CC)(C(=O)O)CC2,train,train,train,1,1,0.8333333,0.8333333,0.8333333
CCCc1cc(Oc2ccccc2)ccc1OCCCOc1ccc2c(c1)OC(C(=O)O)CC2,train,train,test,1,1,0.7164179,0.7164179,0.9655172
CCC1(C(=O)O)CCc2ccc(OCCCOc3ccc(Oc4ccccc4)cc3Cl)cc2O1,test,test,test,1,1,0.80701756,0.80701756,0.80701756
CCC1(C(=O)O)CCc2ccc(OCCCOc3ccc(Oc4ccccc4)cc3)cc2O1,train,train,train,1,1,0.779661,0.779661,0.80701756
CCCc1cc(Oc2ccccc2)ccc1OCCCOc1ccc2c(c1)CCC(C)(C(=O)O)O2,test,test,train,1,1,0.9655172,0.9655172,0.9655172
Cc1oc(-c2ccc(Br)cc2)nc1CCOc1ccc(OC(C)(C)C(=O)O)cc1,train,train,train,0,0,0.8269231,0.8269231,0.8235294
Cc1oc(-c2ccccc2)nc1CCOc1ccc(OC(C)C(=O)O)cc1,train,train,train,0,0,0.7407407,0.7407407,0.7407407
Cc1oc(-c2ccccc2)nc1CCOc1ccc(OC(C)(C)C(=O)O)cc1,train,train,train,0,0,0.9574468,0.9574468,0.8235294
CCO[C@@H](Cc1ccc(OC/C=C/C#Cc2ccccc2)cc1)C(=O)O,train,train,train,2,2,0.9148936,0.9148936,0.9148936
CCO[C@@H](Cc1ccc(OC/C=C/C#Cc2ccc(C#C/C=C/COc3ccc(C[C@H](OCC)C(=O)O)cc3)cc2)cc1)C(=O)O,train,train,train,2,2,0.9148936,0.9148936,0.9148936
CCO[C@@H](Cc1ccc(OC/C=C/C#Cc2cccc(C#C/C=C/COc3ccc(C[C@H](OCC)C(=O)O)cc3)c2)cc1)C(=O)O,train,train,train,2,2,0.88,0.88,0.88
CCO[C@@H](Cc1ccc(OC/C=C(\C)c2ccc(-c3ccc(/C(C)=C/COc4ccc(C[C@H](OCC)C(=O)O)cc4)cc3)cc2)cc1)C(=O)O,test,test,train,2,2,0.6923077,0.6923077,0.7647059
CCCCC[C@H](O)/C=C/[C@@H]1[C@H]2C/C(=C\CCCC(=O)O)C[C@H]2C[C@H]1O,train,train,test,1,1,0.26153848,0.26153848,0.26153848
Cc1ccc(NC(=O)c2ccc(Cl)cc2Cl)c(C(=O)O)c1,train,train,train,4,4,0.5882353,0.5882353,0.45454547
CCCc1c(OCCCSc2ccc(CC(=O)O)cc2Cl)ccc(/C(CC)=N/O)c1O,train,train,train,1,1,0.83870965,0.83870965,0.83870965
CCCc1c(OCCCSc2ccc(CC(=O)O)cc2Cl)ccc2c(C(F)(F)F)noc12,train,train,train,1,1,0.70422536,0.70422536,0.7887324
CCCc1c(OCCCSc2ccc(CC(=O)O)cc2Cl)ccc2c(CC)coc12,train,train,train,1,1,0.8181818,0.8181818,0.70422536
CCCc1c(OCCCSc2ccc(CC(=O)O)cc2Cl)ccc(C(C)=O)c1O,train,train,train,1,1,0.86440676,0.86440676,0.86440676
CCCc1c(OCCCSc2ccc(CC(=O)O)cc2Cl)ccc(C(=O)CC)c1O,train,train,train,1,1,0.86440676,0.86440676,0.86440676
Cc1cc(OCc2sc(-c3ccc(C(F)(F)F)cc3)nc2C)ccc1/C=C/C(=O)O,test,test,test,4,4,0.6769231,0.6769231,0.6451613
Cc1nc(-c2ccc(C(F)(F)F)cc2)oc1COc1ccc(OCC(=O)O)cc1,train,train,train,0,0,0.7777778,0.7777778,0.61290324
Cc1nc(-c2ccc(C(F)(F)F)cc2)oc1CSc1ccc(OCC(=O)O)cc1,train,train,test,0,0,0.779661,0.779661,0.779661
C/C(=N\OCCOc1ccc(CC2SC(=O)NC2=O)cc1)c1cccnc1,train,train,train,1,1,0.8196721,0.8196721,0.7894737
C/C(=N\OCCOc1ccc(CC2SC(=O)NC2=O)cc1)c1ccc(-c2ccccc2)nc1,train,train,train,1,1,0.8,0.8,0.8
Cc1cc(OCc2sc(-c3ccc(C(F)(F)F)cc3)nc2C)ccc1CCC(=O)O,train,train,test,4,4,0.7758621,0.7758621,0.7758621
Cc1cc(SCc2oc(-c3ccc(C(F)(F)F)cc3)nc2C)ccc1OCC(=O)O,train,train,train,4,4,0.779661,0.779661,0.61290324
C/C(=N\OCCOc1ccc(CC2SC(=O)NC2=O)cc1)c1ccc(-c2ccccn2)cc1,train,train,test,1,1,0.8,0.8,0.8
C/C(=N\OCCOc1ccc(CC2SC(=O)NC2=O)cc1)c1ccc(-c2ccccc2)cn1,train,train,train,1,1,0.78333336,0.78333336,0.78333336
C/C(=N\OCCOc1ccc(CC2SC(=O)NC2=O)cc1)c1ccncc1,train,train,train,1,1,0.8113208,0.8113208,0.7894737
C/C(=N\OCCOc1ccc(CC2SC(=O)NC2=O)cc1)c1ccc(-c2cccnc2)cc1,train,train,test,1,1,0.8196721,0.8196721,0.8196721
Cc1nc(-c2ccc(C(F)(F)F)cc2)sc1COc1ccc(CCC(=O)O)cc1,train,train,train,4,4,0.8113208,0.8113208,0.8113208
Cc1nc(-c2ccc(C(F)(F)F)cc2)oc1COc1ccc(CCC(=O)O)cc1,train,train,test,0,0,0.7777778,0.7777778,0.7777778
Cc1cc(SCc2sc(-c3ccc(C(F)(F)F)c(F)c3)nc2C)ccc1OCC(=O)O,train,train,train,4,4,0.53424656,0.53424656,0.5714286
C/C(=N\OCCOc1ccc(CC2SC(=O)NC2=O)cc1)c1ccc(-c2ccccc2)cc1,train,train,train,1,1,0.88461536,0.88461536,0.84210527
CC/C(=N\OCCOc1ccc(CC2SC(=O)NC2=O)cc1)c1ccc(-c2ccccc2)cc1,train,train,train,1,1,0.79310346,0.79310346,0.79310346
C/C(=N\OCCOc1ccc(CC2SC(=O)NC2=O)cc1)c1ccc(-c2ccncc2)cc1,test,test,test,1,1,0.8888889,0.8888889,0.8888889
C/C(=N\OCCOc1ccc(CC2SC(=O)NC2=O)cc1)c1ccccc1,train,train,test,1,1,0.88461536,0.88461536,0.88461536
Cc1nc(-c2ccc(C(F)(F)F)cc2)sc1COc1ccc(CC(=O)O)cc1,train,train,train,4,4,0.8113208,0.8113208,0.8113208
C/C(=N\OCCOc1ccc(CC2SC(=O)NC2=O)cc1)c1ccccn1,train,train,train,1,1,0.75409836,0.75409836,0.75409836
C/C(=N\OCCOc1ccc(CC2SC(=O)NC2=O)cc1)c1cccc(-c2ccccc2)c1,train,train,train,1,1,0.84210527,0.84210527,0.84210527
CC[C@]1(C(=O)O)CCc2ccc(OCCCOc3ccc(C4CCCCC4)cc3Cl)cc2O1,train,train,train,1,1,0.859375,0.859375,0.859375
CC[C@]1(C(=O)O)CCc2ccc(OCCCOc3ccc(CC(C)C)cc3Cl)cc2O1,train,train,train,1,1,0.78125,0.78125,0.78125
CC[C@]1(C(=O)O)CCc2ccc(OCCCOc3ccc(C(C)C)cc3Cl)cc2O1,train,train,train,1,1,0.8,0.8,0.8
CC[C@]1(C(=O)O)CCc2ccc(OCCCOc3ccc(Cl)cc3Cl)cc2O1,train,train,train,1,1,0.8135593,0.8135593,0.82758623
CC[C@]1(C(=O)O)CCc2ccc(OCCCOc3ccc(OC(F)(F)F)cc3Cl)cc2O1,train,train,train,1,1,0.83870965,0.83870965,0.83870965
CC[C@]1(C(=O)O)CCc2ccc(OCCCOc3ccc(F)cc3Cl)cc2O1,test,test,train,1,1,0.82758623,0.82758623,0.82758623
CC[C@]1(C(=O)O)CCc2ccc(OCCCOc3ccc(C4CCC5(CC4)CC5)cc3Cl)cc2O1,train,train,train,1,1,0.859375,0.859375,0.859375
CC[C@]1(C(=O)O)CCc2ccc(OCCCOc3ccc(C(F)(F)F)cc3Cl)cc2O1,train,train,train,1,1,0.8666667,0.8666667,0.8666667
CC[C@]1(C(=O)O)CCc2ccc(OCCCOc3ccc(OCC(F)(F)F)cc3Cl)cc2O1,train,train,train,1,1,0.83870965,0.83870965,0.83870965
CC[C@]1(C(=O)O)CCc2ccc(OCCCOc3ccc(C(C)(C)C)cc3Cl)cc2O1,train,train,train,1,1,0.8666667,0.8666667,0.8666667
C[C@]1(C(=O)O)CCc2ccc(OCCCOc3ccc(OCC(F)(F)F)cc3Cl)cc2O1,train,train,train,1,1,0.7777778,0.7777778,0.7777778
C[C@]1(C(=O)O)CCc2ccc(OCCCOc3ccc(OCC4CCC4)cc3Cl)cc2O1,train,train,train,1,1,0.75,0.75,0.75
CC[C@]1(C(=O)O)CCc2ccc(OCCCOc3ccc(C4CCC(C)(C)CC4)cc3Cl)cc2O1,test,test,test,1,1,0.8888889,0.8888889,0.8888889
CC(C)c1ccc(OCCCOc2ccc3c(c2)O[C@@](C)(C(=O)O)CC3)c(Cl)c1,test,test,train,1,1,0.7741935,0.7741935,0.7741935
CC(C)Cc1ccc(OCCCOc2ccc3c(c2)O[C@@](C)(C(=O)O)CC3)c(Cl)c1,train,train,train,1,1,0.78125,0.78125,0.78125
COc1ccc2c(c1)c(Cc1ccccc1OC(C)C(=O)O)c(C)n2C(=O)c1ccc(Cl)cc1,train,train,test,4,4,0.7846154,0.7846154,0.7846154
COc1ccc2c(c1)c(Cc1cccc(OC(C)C(=O)O)c1)c(C)n2C(=O)c1ccc(Cl)cc1,train,train,train,4,4,0.796875,0.796875,0.796875
COc1ccc2c(c1)c(Cc1ccccc1OC(C)(C)C(=O)O)c(C)n2C(=O)c1ccc(Cl)cc1,train,train,train,4,4,0.8030303,0.8030303,0.8030303
COc1ccc2c(c1)c(Cc1cccc(OC(C)(C)C(=O)O)c1)c(C)n2C(=O)c1ccc(Cl)cc1,train,train,train,4,4,0.8153846,0.8153846,0.8153846
CCC(Oc1ccccc1Cc1c(C)n(C(=O)c2ccc(OC)cc2)c2ccc(OC(F)(F)F)cc12)C(=O)O,train,train,train,4,4,0.7638889,0.7638889,0.7638889
COc1ccc(C(=O)n2c(C)c(Cc3ccccc3OC(C)(C)C(=O)O)c3cc(OC(F)(F)F)ccc32)cc1,train,train,train,4,4,0.8030303,0.8030303,0.8030303
C[C@]1(C(=O)O)CCc2ccc(OCCCOc3ccc(C4CCCC4)cc3Cl)cc2O1,train,train,train,1,1,0.89830506,0.89830506,0.98245615
CCC(Oc1cccc(Cc2c(C)n(C(=O)c3ccc(OC)cc3)c3ccc(OC(F)(F)F)cc23)c1)C(=O)O,train,train,train,4,4,0.76811594,0.76811594,0.76811594
CCCC(Oc1cccc(Cc2c(C)n(C(=O)c3ccc(OC)cc3)c3ccc(OC(F)(F)F)cc23)c1)C(=O)O,test,test,test,4,4,0.88235295,0.88235295,0.88235295
COc1ccc(C(=O)n2c(C)c(Cc3cccc(OC(C)(C)C(=O)O)c3)c3cc(OC(F)(F)F)ccc32)cc1,train,train,train,4,4,0.8153846,0.8153846,0.8153846
C[C@]1(C(=O)O)CCc2ccc(OCCCOc3ccc(C4CCCCC4)cc3Cl)cc2O1,test,test,train,1,1,0.98245615,0.98245615,0.98245615
C[C@]1(C(=O)O)CCc2ccc(OCCCOc3ccc(C4CCC5(CC4)CC5)cc3Cl)cc2O1,train,train,train,1,1,0.9,0.9,0.9
C[C@]1(C(=O)O)CCc2ccc(OCCCOc3ccc(Oc4ccc(F)cc4)cc3Cl)cc2O1,train,train,train,1,1,0.7619048,0.7619048,0.7619048
O=C(O)C1CCc2ccc(OCCCOc3ccc(OCC(F)(F)F)cc3Cl)cc2O1,train,train,train,1,1,0.6818182,0.6818182,0.6818182
CC1(C)CCC(c2ccc(OCCCOc3ccc4c(c3)O[C@@](C)(C(=O)O)CC4)c(Cl)c2)CC1,train,train,train,1,1,0.9,0.9,0.9
COc1ccc2c(c1)c(Cc1cccc(C(=O)O)c1)c(C)n2C(=O)c1ccc(Cl)cc1,train,train,train,4,4,0.7777778,0.7777778,0.7777778
COc1ccc2c(c1)c(Cc1ccccc1OCC(=O)O)c(C)n2C(=O)c1ccc(Cl)cc1,train,train,train,4,4,0.7846154,0.7846154,0.75757575
COc1ccc2c(c1)c(Cc1cccc(OCC(=O)O)c1)c(C)n2C(=O)c1ccc(Cl)cc1,train,train,train,4,4,0.8153846,0.8153846,0.8153846
CCO[C@@H](Cc1ccc(OCCCOc2ccc(Oc3ccccc3)cc2)cc1)C(=O)O,train,train,train,2,2,0.77272725,0.77272725,0.77272725
COc1cc(C[C@H](OC)C(=O)O)ccc1OCCCOc1ccc(Oc2ccccc2)cc1,test,test,train,2,2,0.63793105,0.63793105,0.63793105
CO[C@@H](Cc1ccc(OCCCOc2ccc(C(=O)c3ccccc3)cc2)c(Cl)c1)C(=O)O,train,train,train,2,2,0.76,0.76,0.63793105
CO[C@@H](Cc1ccc(C#CCCOc2ccc(Oc3ccccc3)cc2)cc1)C(=O)O,test,test,train,2,2,0.8958333,0.8958333,0.8958333
CO[C@@H](Cc1ccc(C#CCCCOc2ccc(Oc3ccccc3)cc2)cc1)C(=O)O,train,train,train,2,2,0.627451,0.627451,0.8958333
CO[C@@H](Cc1ccc(OCCCOc2ccc(-c3ccccc3)cc2)cc1)C(=O)O,train,train,train,2,2,0.76744187,0.76744187,0.63414633
CO[C@@H](Cc1ccc(OCCCOc2ccc(C(=O)c3ccccc3)cc2)cc1)C(=O)O,train,train,test,2,2,0.76744187,0.76744187,0.76744187
CCc1ccc(CCOc2ccc(CC3SC(=O)NC3=O)cc2)cc1,train,train,test,1,1,0.5740741,0.5740741,0.63461536
C/C(=C/C(=O)c1ccccc1)N[C@@H](Cc1ccc(OCCc2nc(-c3ccccc3)oc2C)cc1)C(=O)O,test,test,train,0,0,0.7741935,0.7741935,0.7741935
CCCc1cc2c(oc(=O)n2C)c(CCC)c1O[C@H](C(=O)O)c1ccc(C(C)C)cc1,train,train,train,1,1,0.8245614,0.8245614,0.85714287
CCCc1cc2c(oc(=O)n2CC)c(CCC)c1O[C@H](C(=O)O)c1ccc(C(C)C)cc1,train,train,train,1,1,0.82758623,0.82758623,0.89285713
CCCc1cc2c(oc(=O)n2CCC)c(CCC)c1O[C@H](C(=O)O)c1ccc(C(C)C)cc1,test,test,train,1,1,0.89285713,0.89285713,0.89285713
CCCc1cc2c(oc(=O)n2C(C)C)c(CCC)c1O[C@H](C(=O)O)c1ccc(C(C)C)cc1,train,train,test,1,1,0.8245614,0.8245614,0.8245614
CCCc1cc2c(oc(=O)n2CC2CC2)c(CCC)c1O[C@H](C(=O)O)c1ccc(C(C)C)cc1,train,train,train,1,1,0.8064516,0.8064516,0.8064516
CCCc1cc2c(oc(=O)n2CC(F)(F)F)c(CCC)c1O[C@H](C(=O)O)c1ccc(C(C)C)cc1,test,test,train,1,1,0.8196721,0.8196721,0.8196721
CCCc1c(O[C@H](C(=O)O)c2ccc(C(C)C)cc2)c(Cl)cc2c1oc(=O)n2CC,train,train,train,1,1,0.82758623,0.82758623,0.82758623
CCCc1cc2c(=O)n(C)oc2c(CCC)c1O[C@H](C(=O)O)c1ccccc1,train,train,train,1,1,0.5873016,0.5873016,0.8518519
CCCc1cc2c(=O)n(C)oc2c(CCC)c1O[C@H](C(=O)O)c1ccc(C(C)C)cc1,test,test,train,1,1,0.8518519,0.8518519,0.8518519
CCCc1cc2c(=O)n(C(C)C)oc2c(CCC)c1O[C@H](C(=O)O)c1ccc(C(C)C)cc1,test,test,train,1,1,0.68333334,0.68333334,0.8305085
CCCc1cc2c(=O)n(C(C)C)oc2c(CCC)c1O[C@H](C(=O)O)c1ccc(CC(C)C)cc1,test,test,train,2,2,0.640625,0.640625,0.8305085
CCCc1cc(C(=O)CC)cc(C)c1OC(C(=O)O)c1ccc(C(C)C)cc1,train,train,train,1,1,0.8666667,0.8666667,0.8666667
CCCc1cc(C(=O)CC)cc(Cl)c1O[C@H](C(=O)O)c1ccc(C(C)C)cc1,train,train,train,1,1,0.8863636,0.8863636,0.8863636
CCCc1cc(C(=O)CC)cc(CCC)c1O[C@H](C(=O)O)c1ccc(CC)cc1,test,test,train,2,2,0.80851066,0.80851066,0.80851066
CCCc1cc(C(=O)CC)cc(CCC)c1O[C@H](C(=O)O)c1ccc(CC(C)C)cc1,train,train,train,2,2,0.78723407,0.78723407,0.80851066
CCCc1cc(C(=O)CC)cc(CCC)c1O[C@H](C(=O)O)c1ccc(C(C)C)cc1,train,train,train,1,1,0.8863636,0.8863636,0.8863636
O=C(O)[C@H](Cc1ccccc1)Oc1ccc(CO)cc1,train,train,train,2,2,0.75,0.75,0.75
O=C(O)[C@H](Cc1ccccc1)Oc1ccc(-c2cccs2)cc1,train,train,train,2,2,0.7,0.7,0.7
O=C(O)[C@H](Cc1ccccc1)Oc1ccc2ccccc2c1,train,train,train,2,2,0.6944444,0.6944444,0.6944444
CCC[C@@H](Oc1ccc2ccccc2c1)C(=O)O,train,train,train,2,2,0.65789473,0.65789473,0.65789473
O=C(O)[C@@H](Cc1ccccc1)Oc1ccc(Cl)cc1,train,train,train,2,2,0.9117647,0.9117647,0.9117647
O=C(O)[C@H](Cc1ccccc1)Oc1ccc(C(F)(F)F)cc1,train,train,test,2,2,0.75,0.75,0.7105263
COc1ccc(-n2c(C)c(Cc3cccc(O[C@@H](C)C(=O)O)c3)c3cc(OC(F)(F)F)ccc32)cc1,train,train,test,4,4,0.8028169,0.8028169,0.8028169
COc1ccc2ncc(-n3c(C)c(Cc4cccc(O[C@@H](C)C(=O)O)c4)c4cc(OC(F)(F)F)ccc43)cc2c1,train,train,train,4,4,0.8028169,0.8028169,0.5714286
Cc1c(Oc2cccc(O[C@@H](C)C(=O)O)c2)c2cc(OC(F)(F)F)ccc2n1-c1noc2cc(Cl)ccc12,train,train,train,4,4,0.8857143,0.8857143,0.8857143
Cc1c(Oc2cc(O[C@@H](C)C(=O)O)ccc2Cl)c2cc(OC(F)(F)F)ccc2n1-c1noc2cc(Cl)ccc12,test,test,train,4,4,0.9142857,0.9142857,0.8333333
Cc1c(Oc2cc(Cl)cc(O[C@@H](C)C(=O)O)c2)c2cc(OC(F)(F)F)ccc2n1-c1noc2cc(Cl)ccc12,train,train,train,4,4,0.8857143,0.8857143,0.8857143
CCCc1ccc(Oc2c(C)n(-c3noc4cc(Cl)ccc34)c3ccc(OC(F)(F)F)cc23)cc1O[C@@H](C)C(=O)O,test,test,train,4,4,0.82051283,0.82051283,0.7721519
Cc1c(Oc2ccc(Cl)c(O[C@@H](C)C(=O)O)c2)c2cc(OC(F)(F)F)ccc2n1-c1noc2cc(Cl)ccc12,train,train,test,4,4,0.8356164,0.8356164,0.9142857
COc1ccc2c(-n3c(C)c(Cc4cc(O[C@H](C)C(=O)O)ccc4Cl)c4cc(OC(F)(F)F)ccc43)noc2c1,train,train,train,4,4,0.65882355,0.65882355,0.6707317
COc1ccc(C(=O)n2c(C)c(Cc3cccc(OCC#N)c3)c3cc(OC(F)(F)F)ccc32)cc1,test,test,train,4,4,0.7536232,0.7536232,0.8507463
C#CCOc1cccc(Cc2c(C)n(C(=O)c3ccc(OC)cc3)c3ccc(OC(F)(F)F)cc23)c1,test,test,train,4,4,0.7536232,0.7536232,0.8507463
CCCc1cc2c(OC)noc2c(CCC)c1OC(C)(C)C(=O)O,train,train,test,4,4,0.42857143,0.42857143,0.5
CCCc1cc(C(=O)CC)cc(CCC)c1OC(C)(C)C(=O)O,test,test,train,4,4,0.5416667,0.5416667,0.5416667
CCCCCOc1ccccc1C(O)C/C=C\CCCC(=O)OC,train,train,test,1,1,0.6896552,0.6896552,0.6896552
CCCCCOc1nc2ccccc2cc1C(O)CC#CCCCC(=O)OC,train,train,train,1,1,0.7,0.7,0.7
CCCCCOc1nc2ccccc2cc1C(O)C/C=C\CCCC(=O)OC,train,train,train,1,1,0.6935484,0.6935484,0.6935484
CCCCCOc1cc2ccccc2cc1C(O)CCCCCCCC(=O)OC,train,train,train,1,1,0.55172414,0.55172414,0.55172414
CCCCCOc1ccccc1C(O)CC#CCCCC(=O)OC,train,train,train,1,1,0.72727275,0.72727275,0.72727275
CCCCCOc1ncccc1C(O)CC#CCCCC(=O)OC,train,train,train,1,1,0.72727275,0.72727275,0.72727275
O=C(O)c1c(Sc2ccccc2)c2cc(Cl)ccc2n1Cc1ccc(Cl)cc1,test,test,test,4,4,0.35714287,0.35714287,0.35714287
CC(C)(C)c1ccc(-n2c(C(=O)O)c(Oc3cccc(C(F)(F)F)c3)c3ccccc32)cc1,test,test,train,4,4,0.8301887,0.8301887,0.8301887
CCOc1cccc(Oc2c(C(=O)O)n(-c3ccc(C(C)(C)C)cc3)c3ccccc23)c1,test,test,train,4,4,0.7735849,0.7735849,0.7735849
CC(C)(C)c1ccc(-n2c(C(=O)O)c(Oc3cccc(O)c3)c3ccccc32)cc1,train,train,train,4,4,0.64912283,0.64912283,0.78846157
COc1ccc(-n2c(C(=O)O)c(Oc3cccc(C(F)(F)F)c3)c3ccccc32)cc1,train,train,train,4,4,0.6557377,0.6557377,0.8301887
CC(C)(C)c1ccc(-n2c(C(=O)O)c(Oc3ccc(Cl)cc3)c3ccc(OC(F)(F)F)cc32)cc1,train,train,train,4,4,0.59375,0.59375,0.6721311
CC(C)(C)c1ccc(-n2c(C(=O)O)c(Oc3cccc(C(F)(F)F)c3)c3ccc(Cl)cc32)cc1,test,test,train,4,4,0.85714287,0.85714287,0.85714287
CC(C)(C)c1ccc(-n2c(C(=O)O)c(Oc3cccc(C(F)(F)F)c3)c3cc(Cl)ccc32)cc1,train,train,train,4,4,0.765625,0.765625,0.85714287
CCOc1ccc2c(c1)c(Oc1cccc(C(F)(F)F)c1)c(C(=O)O)n2-c1ccc(C(C)(C)C)cc1,train,train,test,4,4,0.82258064,0.82258064,0.82258064
CC(C)COc1ccc2c(c1)c(Oc1cccc(C(F)(F)F)c1)c(C(=O)O)n2-c1ccc(C(C)(C)C)cc1,train,train,train,4,4,0.82258064,0.82258064,0.71875
CC(C)(C)c1ccc(-n2c(C(=O)O)c(Oc3cccc(C(F)(F)F)c3)c3cc(Oc4ccc[nH]4)ccc32)cc1,train,train,train,4,4,0.8125,0.8125,0.8125
CC(C)(C)c1ccc(-n2c(C(=O)O)c(Oc3cccc(C(F)(F)F)c3)c3cc(Oc4cc(C(F)(F)F)c[nH]4)ccc32)cc1,train,train,train,4,4,0.859375,0.859375,0.859375
CC(C)(C)c1ccc(-n2c(C(=O)O)c(Oc3cccc(C(F)(F)F)c3)c3cc(Oc4cc(Cl)c[nH]4)ccc32)cc1,train,train,train,4,4,0.859375,0.859375,0.859375
CC(C)(C)c1ccc(-n2c(C(=O)O)c(Oc3cccc(C(F)(F)F)c3)c3cccnc32)cc1,train,train,train,4,4,0.73770493,0.73770493,0.73770493
CC(C)(C)c1ccc(-n2c(C(=O)O)c(Oc3ccc(-c4cc(C(F)(F)F)c[nH]4)cc3)c3cccnc32)cc1,train,train,train,4,4,0.6969697,0.6969697,0.6969697
CC(C)(C)c1ccc(-n2c(C(=O)O)c(Oc3cccc(C(F)(F)F)c3)c3ccc(Cl)nc32)cc1,train,train,train,4,4,0.7966102,0.7966102,0.7966102
COc1ccc2c(Oc3cccc(C(F)(F)F)c3)c(C(=O)O)n(-c3ccc(C(C)(C)C)cc3)c2n1,train,train,train,4,4,0.78688526,0.78688526,0.78688526
COc1cccc(Oc2c(C(=O)O)n(-c3ccc(C(C)(C)C)cc3)c3nc(Cl)ccc23)c1,train,train,train,4,4,0.7966102,0.7966102,0.7966102
CC(C)(C)c1ccc(-n2c(C(=O)O)c(Oc3cccc(-c4cc(C(F)(F)F)c[nH]4)c3)c3ccc(Cl)nc32)cc1,train,train,train,4,4,0.76119405,0.76119405,0.76119405
CCCc1c(OCCOc2ccc3c(ccn3CC(=O)O)c2)ccc2c(C(F)(F)F)noc12,train,train,train,1,1,0.953125,0.953125,0.953125
CCCc1c(OCCCOc2cccc3c2ccn3CC(=O)O)ccc2c(C(F)(F)F)noc12,test,test,train,1,1,0.9672131,0.9672131,0.8484849
CCCc1c(OCCCOc2ccc3c(ccn3CC(=O)O)c2)ccc2c(C(F)(F)F)noc12,train,train,test,1,1,0.95384616,0.95384616,0.96875
CCCc1c(OCCCOc2ccc3ccn(CC(=O)O)c3c2)ccc2c(C(F)(F)F)noc12,train,train,train,1,1,0.880597,0.880597,0.85294116
CCCc1c(OCCCCOc2cccc3c2ccn3CC(=O)O)ccc2c(C(F)(F)F)noc12,train,train,test,1,1,0.8358209,0.8358209,0.9672131
CCCc1c(OCCCCOc2ccc3c(ccn3CC(=O)O)c2)ccc2c(C(F)(F)F)noc12,test,test,train,1,1,0.984375,0.984375,0.984375
CCCc1c(OCCCCCOc2ccc3c(ccn3CC(=O)O)c2)ccc2c(C(F)(F)F)noc12,train,train,train,1,1,0.95384616,0.95384616,0.984375
CCCc1c(OCC(C)COc2cccc3c2ccn3CC(=O)O)ccc2c(C(F)(F)F)noc12,train,train,train,1,1,0.8358209,0.8358209,0.8358209
CCCc1c(OCCCOc2cccc3c2ccn3CCC(=O)O)ccc2c(C(F)(F)F)noc12,train,train,train,1,1,0.8208955,0.8208955,0.8484849
CCCc1c(OCCCOc2ccc3c(ccn3CCC(=O)O)c2)ccc2c(C(F)(F)F)noc12,train,train,train,1,1,0.85507244,0.85507244,0.82857144
CCCc1c(OCCCOc2ccc3c(ccn3C(CC)C(=O)O)c2)ccc2c(C(F)(F)F)noc12,test,test,train,1,1,0.7638889,0.7638889,0.7432432
CCCc1c(OCCCOc2ccc3c(ccn3Cc3nn[nH]n3)c2)ccc2c(C(F)(F)F)noc12,train,train,train,1,1,0.72,0.72,0.7012987
CCCc1c(OCCCOc2cccc3c2ccn3CC(=O)O)ccc2c(-c3ccccc3)noc12,test,test,train,1,1,0.7647059,0.7647059,0.7910448
CCCc1c(OCCCOc2ccc3c(ccn3CC(=O)O)c2)ccc2c(-c3ccccc3)noc12,train,train,test,1,1,0.7887324,0.7887324,0.7638889
CCCc1c(OCCCOc2cccc3c2ccn3CC(=O)O)ccc2cc[nH]c12,train,train,test,1,1,0.7121212,0.7121212,0.7121212
CCCc1c(OCCCOc2ccc3c(ccn3CC(=O)O)c2)ccc2c(C#N)c[nH]c12,train,train,train,1,1,0.61538464,0.61538464,0.5822785
CCCc1c(OCCCOc2cccc3c2ccn3CC(=O)O)ccc2cc(-c3ccccc3)[nH]c12,train,train,train,1,1,0.7121212,0.7121212,0.6666667
CCCc1c(OCCCOc2cccc3c2ccn3CC(=O)O)ccc2c(-c3ccccc3)coc12,train,train,train,1,1,0.68115944,0.68115944,0.75757575
Cc1oc(-c2ccccc2)nc1CCOc1ccc2c(c1)CCC2C(C)C(=O)O,train,train,train,0,0,0.8666667,0.8666667,0.8666667
CC[C@H](C(=O)O)[C@@H]1CCc2cc(OCCc3nc(-c4ccc(F)cc4)oc3C)ccc21,train,train,train,0,0,0.8888889,0.8888889,0.8888889
CCC(C(=O)O)C1CCc2cc(OCCc3nc(-c4cc(C)on4)oc3C)ccc21,train,train,train,0,0,0.7761194,0.7761194,0.7761194
CCC(C(=O)O)C1CCc2cc(OCCc3nc(-c4cc5ccccc5s4)oc3C)ccc21,train,train,train,0,0,0.75342464,0.75342464,0.75342464
CCC(C(=O)O)C1CCc2cc(OCCc3nc(-c4ccc5c(c4)OCC5)oc3C)ccc21,train,train,train,0,0,0.8194444,0.8194444,0.7887324
CCC(C(=O)O)C1CCc2cc(OCCc3nc(-c4ccco4)oc3C)ccc21,train,train,train,0,0,0.79710144,0.79710144,0.79710144
CCC(C(=O)O)C1CCc2cc(OCCc3nc(-c4ccc5ccccc5c4)oc3C)ccc21,train,train,test,0,0,0.8769231,0.8769231,0.8769231
CCC(C(=O)O)C1CCc2cc(OCCc3nc(-c4cccc5ccccc45)oc3C)ccc21,train,train,train,0,0,0.8636364,0.8636364,0.8382353
CCC(C(=O)O)C1CCc2cc(OCCc3nc(-c4ccc(-c5ccccc5)cc4)oc3C)ccc21,train,train,train,0,0,0.8888889,0.8888889,0.8888889
CCC(C(=O)O)C1CCc2cc(OCCc3nc(-c4ccc(Cl)cc4Cl)oc3C)ccc21,train,train,train,0,0,0.8115942,0.8115942,0.8115942
CCC(C(=O)O)C1CCc2cc(OCCc3nc(-c4c(F)cccc4F)oc3C)ccc21,train,train,train,0,0,0.8636364,0.8636364,0.8636364
CCC(C(=O)O)C1CCc2cc(OCCc3nc(-c4ccc5c(c4)OCO5)oc3C)ccc21,train,train,test,0,0,0.8194444,0.8194444,0.8194444
CCC(C(=O)O)C1CCc2cc(OCCc3nc(-c4ccc(OC)c(OC)c4)oc3C)ccc21,train,train,train,0,0,0.8636364,0.8636364,0.8636364
CCC(C(=O)O)C1CCc2cc(OCCc3nc(-c4ccc(F)c(C)c4)oc3C)ccc21,test,test,train,0,0,0.8955224,0.8955224,0.8955224
CCC(C(=O)O)C1CCc2cc(OCCc3nc(-c4ccc(C)c(F)c4)oc3C)ccc21,train,train,train,0,0,0.8787879,0.8787879,0.8955224
CCC(C(=O)O)C1CCc2cc(OCCc3nc(-c4cc(C(F)(F)F)cc(C(F)(F)F)c4)oc3C)ccc21,train,train,test,0,0,0.884058,0.884058,0.88235295
CCC(C(=O)O)C1CCc2cc(OCCc3nc(-c4ccc(C)c(C)c4)oc3C)ccc21,train,train,train,0,0,0.8787879,0.8787879,0.8787879
CCC(C(=O)O)C1CCc2cc(OCCc3nc(-c4ccc(C(F)(F)F)cc4)oc3C)ccc21,train,train,train,0,0,0.88235295,0.88235295,0.880597
CCC(C(=O)O)C1CCc2cc(OCCc3nc(-c4cccc(C(F)(F)F)c4)oc3C)ccc21,train,train,test,0,0,0.884058,0.884058,0.85714287
CCC(C(=O)O)C1CCc2cc(OCCc3nc(-c4ccc(Cl)cc4)oc3C)ccc21,train,train,train,0,0,0.875,0.875,0.875
CCC(C(=O)O)C1CCc2cc(OCCc3nc(-c4cccc(F)c4)oc3C)ccc21,train,train,train,0,0,0.8769231,0.8769231,0.8769231
CCC(C(=O)O)C1CCc2cc(OCCc3nc(-c4ccccc4F)oc3C)ccc21,train,train,train,0,0,0.8636364,0.8636364,0.8636364
CCC(C(=O)O)C1CCc2cc(OCCc3nc(-c4ccc(OC)cc4)oc3C)ccc21,train,train,train,0,0,0.8888889,0.8888889,0.8888889
CCC(C(=O)O)C1CCc2cc(OCCc3nc(-c4cccc(OC)c4)oc3C)ccc21,train,train,train,0,0,0.8769231,0.8769231,0.8769231
CCC(C(=O)O)C1CCc2cc(OCCc3nc(-c4ccc(C(C)(C)C)cc4)oc3C)ccc21,train,train,train,0,0,0.880597,0.880597,0.880597
CCCCc1ccc(-c2nc(CCOc3ccc4c(c3)CCC4C(CC)C(=O)O)c(C)o2)cc1,train,train,train,0,0,0.8358209,0.8358209,0.86567163
CCC(C(=O)O)C1CCc2cc(OCCc3nc(-c4ccc(C(C)C)cc4)oc3C)ccc21,train,train,train,0,0,0.8636364,0.8636364,0.8636364
CCc1ccc(-c2nc(CCOc3ccc4c(c3)CCC4C(CC)C(=O)O)c(C)o2)cc1,test,test,train,0,0,0.875,0.875,0.875
CCC(C(=O)O)C1CCc2cc(OCCc3nc(-c4cccc(C)c4)oc3C)ccc21,train,train,train,0,0,0.8636364,0.8636364,0.8636364
CCC(C(=O)O)C1CCc2cc(OCCc3nc(-c4ccccc4C)oc3C)ccc21,train,train,test,0,0,0.8636364,0.8636364,0.8636364
CCC(C(=O)O)C1CCc2cc(OCCc3nc(C4CCCCC4)oc3C)ccc21,test,test,train,0,0,0.71014494,0.71014494,0.9830508
CCC(C(=O)O)C1CCc2cc(OCCc3nc(C4CCCC4)oc3C)ccc21,test,test,train,0,0,0.7205882,0.7205882,0.9830508
CCC(C(=O)O)C1CCc2cc(OCCc3nc(COc4ccc(Cl)cc4)oc3C)ccc21,train,train,train,0,0,0.7826087,0.7826087,0.8769231
CCC(C(=O)O)C1CCc2cc(OCCc3nc(COc4ccccc4)oc3C)ccc21,test,test,train,0,0,0.8769231,0.8769231,0.8769231
CCC(C(=O)O)C1CCc2cc(OCCc3nc(Cc4ccc(F)cc4)oc3C)ccc21,test,test,train,0,0,0.8769231,0.8769231,0.76811594
CCC(C(=O)O)C1CCc2cc(OCCc3nc(Cc4ccccc4)oc3C)ccc21,train,train,test,0,0,0.74285716,0.74285716,0.8769231
CCC(C(=O)O)C1CCc2cc(OCCc3nc(-c4ccccc4)oc3C)c(-c3ccc(OC)cc3)cc21,train,train,test,0,0,0.90909094,0.90909094,0.90909094
CCC(C(=O)O)C1CCc2cc(OCCc3nc(-c4ccccc4)oc3C)c(-c3ccc(Cl)cc3)cc21,train,train,test,0,0,0.90909094,0.90909094,0.90909094
CCC(C(=O)O)C1CCc2cc(OCCc3nc(-c4ccccc4)oc3C)c(-c3ccccc3)cc21,train,train,train,0,0,0.90909094,0.90909094,0.73913044
CCC(C(=O)O)C1CCc2cc(OCCc3nc(-c4ccccc4)oc3C)c(Cl)cc21,train,train,test,0,0,0.8333333,0.8333333,0.8333333
CCC(C(=O)O)C1CCc2cc(OCCc3nc(-c4ccccc4)oc3-c3ccccc3)ccc21,train,train,test,0,0,0.84126985,0.84126985,0.84126985
CCC(C(=O)O)C1CCc2cc(OCCc3nc(-c4ccccc4)oc3C(C)C)ccc21,train,train,test,0,0,0.828125,0.828125,0.8030303
CCc1oc(-c2ccccc2)nc1CCOc1ccc2c(c1)CCC2C(CC)C(=O)O,train,train,train,0,0,0.84126985,0.84126985,0.8030303
CCC(C(=O)O)C1CCc2cc(OCCc3coc(-c4ccccc4)n3)ccc21,train,train,train,0,0,0.7692308,0.7692308,0.74626863
CCC(C(=O)O)C1CCc2cc(OCc3nc(-c4ccccc4)oc3C)ccc21,train,train,train,0,0,0.828125,0.828125,0.828125
CCC(C(=O)O)C1CCc2cc(OCCn3nc(-c4ccccc4)cc3C)ccc21,test,test,train,1,1,0.62857145,0.62857145,0.64285713
CCC(C(=O)O)C1CCc2cc(OCCc3nc(-c4ccccc4)sc3C)ccc21,test,test,train,1,1,0.72307694,0.72307694,0.70149255
CCOC(C(=O)O)C1CCc2cc(OCCc3nc(-c4ccccc4)oc3C)ccc21,train,train,test,0,0,0.8,0.8,0.8
CCOC(=O)C(C(=O)O)C1CCc2cc(OCCc3nc(-c4ccccc4)oc3C)ccc21,train,train,train,0,0,0.88709676,0.88709676,0.88709676
Cc1oc(-c2ccccc2)nc1CCOc1ccc2c(c1)CCC2C(C(=O)O)C(=O)O,train,train,train,0,0,0.88709676,0.88709676,0.88709676
Cc1oc(-c2ccccc2)nc1CCOc1ccc2c(c1)CCC2C(C(=O)O)c1ccccc1,train,train,train,0,0,0.83870965,0.83870965,0.83870965
Cc1oc(-c2ccccc2)nc1CCOc1ccc2c(c1)CCC2C(CCCc1ccccc1)C(=O)O,train,train,train,0,0,0.8382353,0.8382353,0.8382353
CCCC(C(=O)O)C1CCc2cc(OCCc3nc(-c4ccccc4)oc3C)ccc21,train,train,train,0,0,0.86153847,0.86153847,0.86153847
Cc1oc(-c2ccccc2)nc1CCOc1ccc2c(c1)CCC2C(C(=O)O)C1CC1,train,train,train,0,0,0.82539684,0.82539684,0.82539684
Cc1oc(-c2ccccc2)nc1CCOc1ccc2c(c1)CCC2C(CC(F)(F)F)C(=O)O,train,train,train,0,0,0.8235294,0.8235294,0.8235294
Cc1oc(-c2ccccc2)nc1CCOc1ccc2c(c1)CCC2C(C)(C)C(=O)O,train,train,train,0,0,0.7121212,0.7121212,0.7121212
CC[C@@H](Cc1ccc(OC)c(CNC(=O)c2ccc(C(F)(F)F)c(F)c2)c1)C(=O)O,train,train,train,2,2,0.779661,0.779661,0.779661
CC[C@@H](Cc1ccc(OC)c(CNC(=O)c2ccc(C(F)(F)F)cc2F)c1)C(=O)O,train,train,train,4,4,0.8666667,0.8666667,0.8666667
CCC(Cc1ccc(OC)c(CNC(=O)c2ccc(C(F)(F)F)cc2)c1)C(=O)O,train,train,train,2,2,0.8545455,0.8545455,0.8545455
CCC(Cc1ccc(OC)c(C(=O)NCc2ccc(C(F)(F)F)c(F)c2)c1)C(=O)O,train,train,train,2,2,0.71428573,0.71428573,0.71428573
CCC(Cc1ccc(OC)c(C(=O)NCc2ccc(C(F)(F)F)cc2F)c1)C(=O)O,train,train,test,4,4,0.8333333,0.8333333,0.8333333
O=C(O)Cn1ccc2cc(OCCCOc3ccc(C(=O)c4ccc(F)cc4)cc3)ccc21,train,train,test,1,1,0.7647059,0.7647059,0.7457627
CCCc1cc(C(=O)c2ccc(F)cc2)ccc1OCCCOc1ccc2c(ccn2CC(=O)O)c1,train,train,train,1,1,0.87096775,0.87096775,0.87096775
CCCc1cc(C(=O)c2ccc(F)cc2)ccc1OCCCOc1ccc2ccn(CC(=O)O)c2c1,train,train,train,1,1,0.87096775,0.87096775,0.87096775
O=C(O)Cn1ccc2cc(OCCCOc3ccc4cc(C(=O)c5ccccc5)ccc4c3)ccc21,train,train,test,1,1,0.7647059,0.7647059,0.6507937
CCCc1c(OCCCOc2cccc3c2ccn3CC(=O)O)ccc2cc(C(=O)c3ccccc3)ccc12,train,train,train,1,1,0.80597013,0.80597013,0.80597013
CCCc1c(OCCCOc2ccc3c(ccn3CC(=O)O)c2)ccc2cc(C(=O)c3ccccc3)ccc12,test,test,test,1,1,0.9047619,0.9047619,0.9047619
CCCc1c(OCCCOc2ccc3ccn(CC(=O)O)c3c2)ccc2cc(C(=O)c3ccccc3)ccc12,train,train,train,1,1,0.7910448,0.7910448,0.7910448
CC(C)(Oc1ccc(OCCCCOc2ccc(Oc3ccc(F)cc3)cc2Cl)cc1)C(=O)O,train,train,train,1,1,0.54545456,0.54545456,0.6964286
CCCc1cc(Oc2ccc(F)cc2)ccc1OCCCOc1ccc(OC(C)(C)C(=O)O)cc1,test,test,train,1,1,0.6964286,0.6964286,0.6964286
O=S(=O)(Nc1cc(-c2cccs2)nn1-c1ccc(F)cc1)c1cc(C(F)(F)F)cc(C(F)(F)F)c1,train,train,train,4,4,0.74545455,0.74545455,0.74545455
O=S(=O)(Nc1cc(-c2cccs2)nn1-c1ccc(F)cc1)c1cccc(F)c1,train,train,train,4,4,0.74545455,0.74545455,0.74545455
O=C(O)COc1ccc(OCc2cc(-c3ccccc3)cc(-c3ccccc3)c2)cc1,train,train,train,2,2,0.71428573,0.71428573,0.71428573
Cc1cc(OCc2cc(-c3ccccc3)cc(-c3ccccc3)c2)ccc1OCC(=O)O,train,train,train,4,4,0.71428573,0.71428573,0.71428573
CC(C)(Oc1ccc(OCc2cc(-c3ccc(C(F)(F)F)cc3)cc(-c3ccc(C(F)(F)F)cc3)c2)cc1)C(=O)O,train,train,train,4,4,0.54,0.54,0.54
CCOC(=O)C1=C(c2ccccc2)c2ccc(OCCCc3ccccc3)cc2C1=O,train,train,train,1,1,0.9183673,0.9183673,0.8039216
CCOC(=O)C1=C(c2ccccc2)c2ccc(OCCc3ccccc3)cc2C1=O,train,train,test,1,1,0.9183673,0.9183673,0.9183673
CCOC(=O)C1=C(c2ccccc2)c2ccc(OCc3ccccc3)cc2C1=O,train,train,train,1,1,0.8039216,0.8039216,0.8039216
CCOC(=O)CC1=C(c2ccccc2)c2ccc(OC)cc2C1=O,train,train,train,2,2,0.68,0.68,0.68
CCOC(=O)C1=C(C23CC4CC(CC(C4)C2)C3)c2ccc(OC)cc2C1=O,test,test,train,1,1,0.5535714,0.5535714,0.5535714
CCOC(=O)C1=C(c2ccoc2)c2ccc(OC)cc2C1=O,train,train,train,1,1,0.72,0.72,0.72
CCOC(=O)C1=C(c2ccccc2)c2ccc(OC)cc2C1=O,train,train,train,1,1,0.75510204,0.75510204,0.75510204
CC(=O)SCCC(CCCCC(=O)N(C)CCOc1ccc(CC2SC(=O)NC2=O)cc1)SC(C)=O,train,train,train,1,1,0.6857143,0.6857143,0.6857143
CN(CCOc1ccc(CC2SC(=O)NC2=O)cc1)C(=O)CCCCC(S)CCS,train,train,train,1,1,0.6857143,0.6857143,0.6857143
CN(CCCOc1ccc(CC(=O)O)cc1Cl)C(=O)CCCCC1CCSS1,train,train,train,1,1,0.84126985,0.84126985,0.84126985
COC(=O)Cc1ccc(OCCCN(C)C(=O)CCCCC2CCSS2)c(Cl)c1,train,train,train,1,1,0.84126985,0.84126985,0.84126985
CN(CCCCC1CCSS1)CCOc1ccc(CC2SC(=O)NC2=O)cc1,train,train,train,1,1,0.7936508,0.7936508,0.7936508
O=C(CCCCC1CCSS1)NCCOc1ccc(CC2SC(=O)NC2=O)cc1,train,train,train,1,1,0.7164179,0.7164179,0.7164179
CN(CCOc1ccc(CC2SC(=O)NC2=O)cc1)C(=O)CCCCC1CCSS1,train,train,train,1,1,0.7936508,0.7936508,0.7936508
Cc1onc(-c2ccc(CC(=O)O)cc2Cl)c1C(=O)NCCOc1ccc(C(F)(F)F)cc1[N+](=O)[O-],train,train,test,4,4,0.5411765,0.5411765,0.5411765
O=C(O)Cc1ccc(-c2noc(C3CC3)c2C(=O)NCCOc2ccc(Cl)cc2Cl)c(Cl)c1,train,train,train,1,1,0.5411765,0.5411765,0.37209302
CCOC(Cc1cccc2c1ccn2CCCc1nc(-c2ccccc2)oc1C)C(=O)O,train,train,test,0,0,0.6111111,0.6111111,0.5733333
CCOC(Cc1ccc2c(ccn2Cc2nc(-c3ccccc3F)oc2C)c1)C(=O)O,train,train,train,2,2,0.8484849,0.8484849,0.8235294
CCOC(Cc1ccc2c(ccn2Cc2nc(-c3ccccc3C)oc2C)c1)C(=O)O,train,train,test,2,2,0.8484849,0.8484849,0.8484849
CCOC(Cc1ccc2c(ccn2Cc2nc(-c3ccccc3Cl)oc2C)c1)C(=O)O,test,test,test,2,2,0.8484849,0.8484849,0.8235294
CCOC(Cc1ccc2c(ccn2Cc2nc(-c3ccccc3OC)oc2C)c1)C(=O)O,train,train,train,2,2,0.8484849,0.8484849,0.8235294
CCOC(Cc1ccc2c(ccn2Cc2nc(-c3cccc(Cl)c3)oc2C)c1)C(=O)O,train,train,train,0,0,0.8636364,0.8636364,0.84615386
CCOC(Cc1ccc2c(ccn2Cc2nc(-c3ccc(F)cc3)oc2C)c1)C(=O)O,test,test,train,0,0,0.8358209,0.8358209,0.85714287
CCOC(Cc1ccc2c(ccn2Cc2nc(-c3ccc(C(F)(F)F)cc3)oc2C)c1)C(=O)O,train,train,train,0,0,0.88235295,0.88235295,0.88235295
CCOC(Cc1ccc2c(ccn2Cc2nc(-c3ccc(CC)cc3)oc2C)c1)C(=O)O,test,test,test,0,0,0.859375,0.859375,0.8852459
CCOC(Cc1ccc2c(ccn2Cc2nc(-c3ccc(C(C)C)cc3)oc2C)c1)C(=O)O,train,train,train,0,0,0.80597013,0.80597013,0.84375
CCOC(Cc1ccc2c(ccn2Cc2nc(-c3ccc(C(C)(C)C)cc3)oc2C)c1)C(=O)O,test,test,train,0,0,0.8787879,0.8787879,0.8787879
CCOC(Cc1ccc2c(ccn2Cc2nc(-c3cc(C)cc(C)c3)oc2C)c1)C(=O)O,train,train,train,0,0,0.84375,0.84375,0.8548387
CCOC(Cc1ccc2c(ccn2Cc2nc(-c3cc(Cl)cc(Cl)c3)oc2C)c1)C(=O)O,train,train,test,0,0,0.8636364,0.8636364,0.8636364
CCOC(Cc1ccc2c(ccn2Cc2nc(-c3cc(OC)cc(OC)c3)oc2C)c1)C(=O)O,train,train,train,0,0,0.84375,0.84375,0.84375
CCOC(Cc1ccc2c(ccn2Cc2nc(-c3ccc(F)c(C)c3)oc2C)c1)C(=O)O,train,train,train,0,0,0.7826087,0.7826087,0.8358209
COC(Cc1ccc2c(ccn2Cc2nc(-c3ccccc3)oc2C)c1)C(=O)O,train,train,train,0,0,0.7164179,0.7164179,0.8360656
CCCOC(Cc1ccc2c(ccn2Cc2nc(-c3ccc(C(F)(F)F)cc3)oc2C)c1)C(=O)O,train,train,train,0,0,0.88235295,0.88235295,0.88235295
Cc1oc(-c2ccc(C(F)(F)F)cc2)nc1Cn1ccc2cc(CC(OC(C)C)C(=O)O)ccc21,train,train,train,0,0,0.82608694,0.82608694,0.82608694
CCOC(Cc1ccc2c(c1)c(C)cn2Cc1nc(-c2ccc(C(F)(F)F)cc2)oc1C)C(=O)O,train,train,train,0,0,0.7777778,0.7777778,0.7777778
CCOC(Cc1ccc2c(ccn2Cc2nc(-c3ccccc3)oc2C)c1)C(=O)O,test,test,train,0,0,0.8548387,0.8548387,0.85714287
CCCc1cc(C(F)(F)F)ncc1OCCCOc1ccc(OCC(=O)O)c(C)c1,test,test,train,1,1,0.7413793,0.7413793,0.7413793
CCCc1cc(C(F)(F)F)ccc1OCCCOc1ccc(OCC(=O)O)c(C)c1,train,train,train,1,1,0.8181818,0.8181818,0.7413793
CCCc1cc(C(F)(F)F)ccc1OCCCOc1ccc(OCC(=O)OC)c(C)c1,train,train,test,1,1,0.8301887,0.8301887,0.8181818
CCCc1cc(C(F)(F)F)ccc1OCCCOc1ccc(OCC(=O)OC)cc1,train,train,test,1,1,0.8301887,0.8301887,0.6666667
CCCc1c(OCCCOc2ccc(OCC(=O)OC)cc2)cnc(C(C)=O)c1O,train,train,test,1,1,0.7037037,0.7037037,0.3943662
CCCc1c(OCCCOc2ccc(OCC(=O)OC)cc2)ccc(C(C)=O)c1O,train,train,test,1,1,0.7037037,0.7037037,0.47058824
CCc1ccc(OCCCOc2ccc(OC(C)(C)C(=O)O)cc2)c(C(=O)c2ccccc2)c1,train,train,test,1,1,0.7586207,0.7586207,0.7586207
CCc1cc(OCC[C@@H](C)Oc2ccc(Cl)cc2Oc2ccccc2)ccc1CCC(=O)O,test,test,train,1,1,0.84745765,0.84745765,0.84745765
C[C@H](CCOc1ccc(CCC(=O)O)c(F)c1)Oc1ccc(Cl)cc1Oc1ccccc1,train,train,train,1,1,0.84745765,0.84745765,0.84745765
C[C@H](CCOc1ccc(CCC(=O)O)c(C(F)(F)F)c1)Oc1ccc(Cl)cc1Oc1ccccc1,test,test,train,1,1,0.82258064,0.82258064,0.82258064
Cc1cc(OCC[C@@H](C)Oc2ccc(C(F)(F)F)cc2Oc2ccccc2)ccc1CCC(=O)O,test,test,train,1,1,0.8125,0.8125,0.8125
Cc1cc(OCC[C@@H](C)Oc2ccc(OC(F)(F)F)cc2Oc2ccccc2)ccc1CCC(=O)O,train,train,train,1,1,0.765625,0.765625,0.8125
Cc1cc(OCC[C@@H](C)Oc2ccc(Cl)cc2Oc2ccccc2)ccc1CCC(=O)O,train,train,train,1,1,0.84745765,0.84745765,0.84745765
CCc1ccc(O[C@H](C)CCOc2ccc(CCC(=O)O)c(C)c2)c(Oc2ccccc2)c1,test,test,train,1,1,0.7903226,0.7903226,0.7903226
CCc1ccc(OC(C)CCOc2ccc(CCC(=O)O)c(C)c2)c(Cc2ccccc2)c1,test,test,train,1,1,0.7903226,0.7903226,0.7903226
CCCC(CCOc1ccc(CCC(=O)O)c(C)c1)Oc1ccc(CC)cc1C(=O)c1ccccc1,train,train,train,1,1,0.88709676,0.88709676,0.88709676
CCc1ccc(OC(CC)CCOc2ccc(CCC(=O)O)c(C)c2)c(C(=O)c2ccccc2)c1,train,train,train,1,1,0.88709676,0.88709676,0.88709676
CCc1ccc(OC(C)CCOc2ccc(OC(C)(C)C(=O)O)cc2)c(C(=O)c2ccccc2)c1,train,train,train,2,2,0.7586207,0.7586207,0.5555556
CCCc1c(OCCCn2ccc3c(OCC(=O)O)cccc32)ccc2cc(C(=O)c3ccccc3)ccc12,train,train,train,1,1,0.80597013,0.80597013,0.80597013
CCCc1c(OCCCn2ccc3ccc(OC(C)(C)C(=O)O)cc32)ccc2cc(C(=O)c3ccccc3)ccc12,train,train,test,1,1,0.9117647,0.9117647,0.9117647
CCCc1c(OCCCn2ccc3cc(OC(C)(C)C(=O)O)ccc32)ccc2cc(C(=O)c3ccccc3)ccc12,train,train,train,1,1,0.9264706,0.9264706,0.875
CCCc1c(OCCCn2ccc3c(OC(C)(C)C(=O)O)cccc32)ccc2cc(C(=O)c3ccccc3)ccc12,train,train,train,1,1,0.7916667,0.7916667,0.7887324
CCCc1c(OCCCn2ccc3ccc(OCC(=O)O)cc32)ccc2cc(C(=O)c3ccccc3)ccc12,train,train,train,1,1,0.9076923,0.9076923,0.7910448
CCCc1c(OCCCn2ccc3cc(OCC(=O)O)ccc32)ccc2cc(C(=O)c3ccccc3)ccc12,train,train,test,1,1,0.9076923,0.9076923,0.9076923
O=C(O)Cc1ccc(COc2cccc(-c3c(Cc4ccccc4)cnc4c(C(F)(F)F)cccc34)c2)cc1,test,test,train,4,4,0.7121212,0.7121212,0.63013697
O=C(O)Cc1ccc(CNc2cccc(-c3c(Cc4ccccc4)cnc4c(C(F)(F)F)cccc34)c2)cc1,train,train,test,4,4,0.8032787,0.8032787,0.7741935
COC(Cc1ccc(OCCc2ccc(Oc3cccc(Cl)c3)cc2C)nc1)C(=O)O,train,train,test,2,2,0.42666668,0.42666668,0.5068493
Cc1oc(-c2ccc(C#N)cc2)nc1CCOc1ccc(CC2(C(=O)O)CCCO2)cn1,train,train,train,0,0,0.8115942,0.8115942,0.8484849
COc1cccc(-c2nc(CCOc3ccc(CC4(C(=O)O)CCCO4)cn3)c(C)o2)c1,train,train,train,0,0,0.8428571,0.8428571,0.8428571
COc1ccc(-c2nc(CCOc3ccc(CC4(C(=O)O)CCCO4)cn3)c(C)o2)cc1,train,train,train,0,0,0.8484849,0.8484849,0.8888889
Cc1oc(-c2ccc(C(F)(F)F)cc2)nc1CCOc1ccc(CC2(C(=O)O)CCCO2)cn1,train,train,test,0,0,0.8115942,0.8115942,0.8484849
Cc1oc(-c2cccc(Cl)c2)nc1CCOc1ccc(CC2(C(=O)O)CCCO2)cn1,train,train,train,0,0,0.85507244,0.85507244,0.85507244
Cc1oc(-c2ccc(Cl)cc2)nc1CCOc1ccc(CC2(C(=O)O)CCCO2)cn1,train,train,train,0,0,0.8484849,0.8484849,0.8888889
Cc1cccc(-c2nc(CCOc3ccc(CC4(C(=O)O)CCCO4)cn3)c(C)o2)c1,train,train,train,0,0,0.85507244,0.85507244,0.85507244
Cc1ccc(-c2nc(CCOc3ccc(CC4(C(=O)O)CCCO4)cn3)c(C)o2)cc1,test,test,train,0,0,0.8888889,0.8888889,0.8888889
Cc1oc(-c2ccccc2)nc1CCOc1ccc(CC2(C(=O)O)CCCCO2)cn1,train,train,train,0,0,0.8208955,0.8208955,0.85714287
Cc1oc(-c2ccccc2)nc1CCOc1ccc(CC2(C(=O)O)CCC2)cn1,train,train,train,0,0,0.92727274,0.92727274,0.92727274
Cc1oc(-c2ccccc2)nc1CCOc1ccc(CC2(C(=O)O)CC2)cn1,train,train,train,0,0,0.92727274,0.92727274,0.92727274
CCOC(CC)(Cc1ccc(OCCc2nc(-c3ccccc3)oc2C)nc1)C(=O)O,train,train,train,0,0,0.75,0.75,0.75
CCOC(Cc1ccc(OCCc2nc(-c3ccccc3)oc2C)nc1)C(=O)O,train,train,train,0,0,0.7758621,0.7758621,0.82758623
COC(Cc1ccc(OCCc2nc(-c3ccccc3)oc2C)nc1)C(=O)O,test,test,train,0,0,0.82758623,0.82758623,0.82758623
Cc1oc(-c2ccccc2)nc1CCOc1ccc(CC(C)(C)C(=O)O)cn1,train,train,train,0,0,0.75,0.75,0.75
Cc1oc(-c2ccccc2)nc1CCOc1ccc(CC(CC(C)C)C(=O)O)cn1,train,train,train,0,0,0.82758623,0.82758623,0.82758623
Cc1oc(-c2ccccc2)nc1CCOc1ccc(CC(C(=O)O)C(C)C)cn1,train,train,train,0,0,0.8363636,0.8363636,0.8363636
CCCC(Cc1ccc(OCCc2nc(-c3ccccc3)oc2C)nc1)C(=O)O,train,train,train,0,0,0.8596491,0.8596491,0.8596491
CCC(Cc1ccc(OCCc2nc(-c3ccccc3)oc2C)nc1)C(=O)O,train,train,train,0,0,0.8596491,0.8596491,0.8596491
Cc1oc(-c2ccccc2)nc1CCOc1ccc(CC(C)C(=O)O)cn1,train,train,train,0,0,0.8363636,0.8363636,0.8363636
COC(Cc1ccc(OCCc2nc(-c3ccccc3)oc2C)cn1)C(=O)O,train,train,test,0,0,0.76666665,0.76666665,0.8245614
Cc1oc(-c2ccccc2)nc1CCOc1ncc(CC2(C(=O)O)CCCO2)cn1,train,train,test,0,0,0.7692308,0.7692308,0.7692308
Cc1oc(-c2ccccc2)nc1CCOc1cnc(CC2(C(=O)O)CCCO2)cn1,train,train,train,0,0,0.74626863,0.74626863,0.74626863
Cc1cccc(-c2nc(CCOc3ccc(CC4(C(=O)O)CCCO4)nc3)c(C)o2)c1,test,test,train,0,0,0.7941176,0.7941176,0.7941176
COc1cccc(-c2nc(CCOc3ccc(CC4(C(=O)O)CCCO4)nc3)c(C)o2)c1,test,test,test,0,0,0.8507463,0.8507463,0.85507244
Cc1oc(-c2ccc(Cl)cc2)nc1CCOc1ccc(CC2(C(=O)O)CCCO2)nc1,test,test,test,0,0,0.875,0.875,0.875
COc1ccc(-c2nc(CCOc3ccc(CC4(C(=O)O)CCCO4)nc3)c(C)o2)cc1,train,train,train,0,0,0.73913044,0.73913044,0.7941176
CCOC(Cc1ccc(OCCCc2nc(-c3ccccc3)oc2C)cn1)C(=O)O,train,train,train,0,0,0.76666665,0.76666665,0.9285714
COC(C)(Cc1ccc(OCCc2nc(-c3ccccc3)oc2C)cn1)C(=O)O,train,train,train,0,0,0.67741936,0.67741936,0.66129035
CCOC(Cc1ccc(OCCc2nc(-c3ccccc3)oc2C)cn1)C(=O)O,test,test,train,0,0,0.9285714,0.9285714,0.9285714
Cc1oc(-c2ccc(-c3ccccc3)cc2)nc1CCOc1ccc(CCC(=O)O)c(CNC(=O)OC(C)C)c1,train,train,train,0,0,0.90909094,0.90909094,0.9677419
Cc1oc(-c2ccc(-c3ccccc3)cc2)nc1CCOc1ccc(CCC(=O)O)c2c1CCN(C(=O)OCC(C)(C)C)C2,train,train,test,0,0,0.8356164,0.8356164,0.8082192
Cc1oc(-c2ccccc2)nc1CCOc1ccc(CCC(=O)O)c2c1CCN(C(=O)OCC(C)C)C2,train,train,train,0,0,0.8309859,0.8309859,0.8309859
C#CCOC(=O)N1CCc2c(OCCc3nc(-c4ccccc4)oc3C)ccc(CCC(=O)O)c2C1,train,train,train,0,0,0.8194444,0.8194444,0.8194444
CCCOC(=O)N1CCc2c(OCCc3nc(-c4ccc(-c5ccccc5)cc4)oc3C)ccc(CCC(=O)O)c2C1,train,train,test,0,0,0.969697,0.969697,0.969697
CCCOC(=O)N1CCc2c(OCCc3nc(-c4ccccc4)oc3C)ccc(CCC(=O)O)c2C1,train,train,train,0,0,0.969697,0.969697,0.8309859
Cc1oc(-c2ccccc2)nc1CCOc1ccc(CCC(=O)O)c(CNC(=O)OCc2ccccc2)c1,train,train,train,0,0,0.8030303,0.8030303,0.8030303
Cc1sc(N2CCOCC2)nc1CCOc1ccc(CCC(=O)O)c(CNC(=O)OC(C)C)c1,train,train,train,1,1,0.6,0.6,0.61538464
Cc1oc(-c2ccc(-c3ccccc3)cc2)nc1CCOc1ccc(CCC(=O)O)c(CNC(=O)Oc2cnccn2)c1,train,train,train,0,0,0.9701493,0.9701493,0.9701493
Cc1oc(-c2ccccc2)nc1CCOc1ccc(CCC(=O)O)c(CNC(=O)Oc2cnccn2)c1,train,train,train,0,0,0.9701493,0.9701493,0.9701493
Cc1oc(-c2ccc(-c3ncccn3)cc2)nc1CCOc1ccc(CCC(=O)O)c(CNC(=O)OC(C)C)c1,train,train,train,0,0,0.86764705,0.86764705,0.86764705
Cc1oc(-c2ccc(Oc3ccccc3)cc2)nc1CCOc1ccc(CCC(=O)O)c(CNC(=O)OC(C)C)c1,train,train,train,0,0,0.90909094,0.90909094,0.90909094
Cc1oc(-c2ccccc2)nc1CCOc1ccc(CCC(=O)O)c(CNC(=O)OC(C)C)c1,test,test,train,0,0,0.9677419,0.9677419,0.9677419
Cc1oc(-c2ccccc2)nc1CCOc1ccc(CCC(=O)O)c(CNS(=O)(=O)Cc2ccccc2)c1,train,train,test,0,0,0.76119405,0.76119405,0.76119405
Cc1oc(-c2ccccc2)nc1CCOc1ccc(CCC(=O)O)c(CNC(=O)CCc2ccccc2)c1,train,train,train,0,0,0.828125,0.828125,0.828125
Cc1oc(-c2ccccc2)nc1CCOc1ccc(CCC(=O)O)c(CNC(=O)NCc2ccccc2)c1,train,train,train,0,0,0.828125,0.828125,0.828125
Cc1nc(-c2ccc(C(F)(F)F)cc2)sc1CCc1ccc(OC(C)(C)C(=O)O)cc1,train,train,train,4,4,0.6721311,0.6721311,0.6721311
Cc1cc(CCc2sc(-c3ccc(C(F)(F)F)cc3)nc2C)ccc1OCC(=O)O,test,test,train,4,4,0.6818182,0.6818182,0.6617647
CC(C)(Oc1ccc(CNC(=O)c2sc(-c3ccc(C(F)(F)F)cc3)nc2C(F)(F)F)cc1)C(=O)O,train,train,train,4,4,0.84210527,0.84210527,0.84210527
Cc1cccc2c(-c3cccc(NCc4ccc(CC(=O)O)cc4)c3)c(Cc3ccccc3)cnc12,train,train,test,4,4,0.82758623,0.82758623,0.82758623
O=C(O)Cc1ccc(CNc2cccc(-c3c(Cc4ccccc4)cnc4c(Cl)cccc34)c2)cc1,train,train,train,4,4,0.82758623,0.82758623,0.53521127
CCCCOc1ccc(CC(CCC)C(=O)O)cc1CNC(=O)c1ccc(C(F)(F)F)cc1F,test,test,train,2,2,0.828125,0.828125,0.828125
CCCCC(Cc1ccc(OC)c(CNC(=O)c2ccc(C(F)(F)F)cc2F)c1)C(=O)O,train,train,train,4,4,0.90163934,0.90163934,0.90163934
CCCC(Cc1ccc(OC)c(CNC(=O)c2ccc(C(F)(F)F)cc2F)c1)C(=O)O,train,train,train,4,4,0.90163934,0.90163934,0.90163934
CCCCC(Cc1ccc(OC)c(CNC(=O)c2ccc(C(F)(F)F)cc2)c1)C(=O)O,test,test,train,2,2,0.89285713,0.89285713,0.89285713
CCCC(Cc1ccc(OC)c(CNC(=O)c2ccc(C(F)(F)F)cc2)c1)C(=O)O,train,train,train,2,2,0.8545455,0.8545455,0.89285713
CCCOc1ccc(CC(CC)C(=O)O)cc1CNC(=O)c1ccc(C(F)(F)F)cc1F,train,train,train,2,2,0.82258064,0.82258064,0.82258064
CCC(Cc1ccc(OCc2ccccc2)c(CNC(=O)c2ccc(C(F)(F)F)cc2)c1)C(=O)O,train,train,train,2,2,0.82758623,0.82758623,0.82758623
CCCCCCOc1ccc(CC(CC)C(=O)O)cc1CNC(=O)c1ccc(C(F)(F)F)cc1,train,train,train,2,2,0.9298246,0.9298246,0.9298246
CCCCOc1ccc(CC(CC)C(=O)O)cc1CNC(=O)c1ccc(C(F)(F)F)cc1,train,train,train,2,2,0.9298246,0.9298246,0.9298246
CCCOc1ccc(CC(CC)C(=O)O)cc1CNC(=O)c1ccc(C(F)(F)F)cc1,train,train,test,2,2,0.91071427,0.91071427,0.91071427
CCOc1ccc(CC(CC)C(=O)O)cc1CNC(=O)c1ccc(C(F)(F)F)cc1,train,train,train,2,2,0.85714287,0.85714287,0.84210527
CO/N=C(\C)C(Cc1ccc(OCCc2nc(-c3ccccc3)oc2C)cc1)C(=O)O,train,train,train,0,0,0.8333333,0.8333333,0.8333333
CCCO/N=C(\C)C(Cc1ccc(OCCc2nc(C(C)C)oc2C)cc1)C(=O)O,test,test,test,0,0,0.87931037,0.87931037,0.87931037
CCO/N=C(\C)C(Cc1ccc(OCCc2nc(C(C)C)oc2C)cc1)C(=O)O,train,train,train,0,0,0.8596491,0.8596491,0.7704918
CCCO/N=C(\C)C(Cc1ccc(OCc2nc(C(C)C)oc2C)cc1)C(=O)O,test,test,train,2,2,0.8596491,0.8596491,0.7704918
CCO/N=C(\C)C(Cc1ccc(OCc2nc(C(C)C)oc2C)cc1)C(=O)O,train,train,test,2,2,0.8596491,0.8596491,0.8596491
C/C(=N\OCCF)C(Cc1ccc(OCCc2nc(-c3ccc(F)cc3)oc2C)cc1)C(=O)O,test,test,train,0,0,0.9032258,0.9032258,0.8730159
CCCO/N=C(\C)C(Cc1ccc(OCCc2nc(-c3ccc(F)cc3)oc2C)cc1)C(=O)O,train,train,train,0,0,0.9032258,0.9032258,0.8730159
CCO/N=C(\C)C(Cc1ccc(OCCc2nc(-c3ccc(F)cc3)oc2C)cc1)C(=O)O,train,train,test,0,0,0.88709676,0.88709676,0.88709676
C/C(=N\OCCF)C(Cc1ccc(OCc2nc(-c3ccc(F)cc3)oc2C)cc1)C(=O)O,train,train,test,0,0,0.8730159,0.8730159,0.9032258
CCCO/N=C(\C)C(Cc1ccc(OCc2nc(-c3ccc(F)cc3)oc2C)cc1)C(=O)O,train,train,test,0,0,0.9032258,0.9032258,0.9032258
CCO/N=C(\C)C(Cc1ccc(OCc2nc(-c3ccc(F)cc3)oc2C)cc1)C(=O)O,train,train,train,0,0,0.8852459,0.8852459,0.85
CCCO/N=C(\C)C(Cc1ccc(OCc2nc(-c3ccccc3)oc2C)cc1)C(=O)O,test,test,train,0,0,0.8833333,0.8833333,0.8833333
CCO/N=C(\C)C(Cc1ccc(OCc2nc(-c3ccccc3)oc2C)cc1)C(=O)O,train,train,train,0,0,0.86440676,0.86440676,0.86440676
CCO/N=C(\CC)C(Cc1ccc(OCCc2nc(-c3ccccc3)oc2C)cc1)C(=O)O,train,train,train,0,0,0.82258064,0.82258064,0.852459
CC/C(=N\OC)C(Cc1ccc(OCCc2nc(-c3ccccc3)oc2C)cc1)C(=O)O,test,test,train,0,0,0.852459,0.852459,0.852459
C/C(=N\OCC1CC1)C(Cc1ccc(OCCc2nc(-c3ccccc3)oc2C)cc1)C(=O)O,train,train,train,0,0,0.8,0.8,0.8
CCCCO/N=C(\C)C(Cc1ccc(OCCc2nc(-c3ccccc3)oc2C)cc1)C(=O)O,test,test,train,0,0,0.9166667,0.9166667,0.9166667
C/C(=N\OCC(C)C)C(Cc1ccc(OCCc2nc(-c3ccccc3)oc2C)cc1)C(=O)O,train,train,train,0,0,0.83870965,0.83870965,0.83870965
CCCO/N=C(\C)C(Cc1ccc(OCCc2nc(-c3ccccc3)oc2C)cc1)C(=O)O,train,train,train,0,0,0.8833333,0.8833333,0.9166667
CCO/N=C(\C)C(Cc1ccc(OCCc2nc(-c3ccccc3)oc2C)cc1)C(=O)O,train,train,train,0,0,0.8833333,0.8833333,0.8833333
CC(=O)NC[C@H](Cc1ccc(OCCc2nc(-c3ccccc3)oc2C)cc1)Nc1ccccc1C(=O)c1ccccc1,test,test,train,0,0,0.8356164,0.8356164,0.8356164
CCCC(=O)NC[C@H](Cc1ccc(OCCc2nc(-c3ccccc3)oc2C)cc1)Nc1ccccc1C(=O)c1ccccc1,test,test,train,0,0,0.7922078,0.7922078,0.8356164
Cc1oc(-c2ccccc2)nc1CCOc1ccc(C[C@@H](CNC(=O)C2CC2)Nc2ccccc2C(=O)c2ccccc2)cc1,train,train,train,0,0,0.7297297,0.7297297,0.8356164
Cc1cc(SCc2nc(-c3ccc(C(F)(F)F)cc3)ns2)ccc1OC(C)(C)C(=O)O,train,train,test,4,4,0.8360656,0.8360656,0.8360656
CCO[C@@H](Cc1ccc(OCC(OC(=S)NCc2ccccc2)c2ccccc2)cc1)C(=O)O,train,train,train,2,2,0.61290324,0.61290324,0.6451613
CCO[C@@H](Cc1ccc(CCCOC(=S)NCc2ccccc2)cc1)C(=O)O,test,test,train,2,2,0.6229508,0.6229508,0.6229508
CCO[C@@H](Cc1ccc(CCC(OC(=O)NCc2ccccc2)c2ccccc2)cc1)C(=O)O,train,train,test,2,2,0.67241377,0.67241377,0.71428573
CCO[C@@H](Cc1ccc(CCC(O)c2ccccc2)cc1)C(=O)O,train,train,test,2,2,0.6226415,0.6226415,0.6226415
CCO[C@@H](Cc1ccc(CCC(OC(=S)NCC2CCCCC2)c2ccccc2)cc1)C(=O)O,train,train,train,2,2,0.6935484,0.6935484,0.7627119
CCCCNC(=S)OC(CCc1ccc(C[C@H](OCC)C(=O)O)cc1)c1ccccc1,test,test,train,2,2,0.75438595,0.75438595,0.9056604
CCCNC(=S)OC(CCc1ccc(C[C@H](OCC)C(=O)O)cc1)c1ccccc1,test,test,train,2,2,0.76785713,0.76785713,0.9056604
CCNC(=S)OC(CCc1ccc(C[C@H](OCC)C(=O)O)cc1)c1ccccc1,test,test,train,2,2,0.7962963,0.7962963,0.8490566
CCO[C@@H](Cc1ccc(CCC(OC(=S)Nc2ccccc2)c2ccccc2)cc1)C(=O)O,train,train,train,2,2,0.6935484,0.6935484,0.7962963
Cc1cc(OC/C=C\C(C#Cc2ccccc2)c2cnc3ccccc3c2)ccc1OCC(=O)O,train,train,train,4,4,0.44117647,0.44117647,0.44117647
Cc1cc(Oc2cccc(CNC(=O)c3ccc(C(F)(F)F)cc3)c2)ccc1OC(C)(C)C(=O)O,test,test,train,4,4,0.87931037,0.87931037,0.87931037
CCc1cc(Oc2cc(F)cc([C@@H](C)NC(=O)c3sc4ccc(Cl)cc4c3C)c2)ccc1CCC(=O)O,train,train,test,4,4,0.74025977,0.74025977,0.4021739
CCc1cc(Oc2cc(F)cc([C@@H](C)NC(=O)c3c(C)c4cc(Cl)ccc4n3C)c2)ccc1CCC(=O)O,train,train,test,4,4,0.74025977,0.74025977,0.55421686
Cc1cc(Oc2cccc(CNC(=O)c3c(C)c4cc(Cl)ccc4n3C)c2)ccc1CCC(=O)O,train,train,train,4,4,0.73239434,0.73239434,0.6849315
Cc1cc(Oc2cccc(CNC(=O)c3[nH]c4ccc(Cl)cc4c3C)c2)ccc1CCC(=O)O,train,train,train,4,4,0.7285714,0.7285714,0.7285714
Cc1cc(Oc2cccc(CNC(=O)c3cc4cc(Cl)ccc4n3C)c2)ccc1CCC(=O)O,train,train,test,4,4,0.73239434,0.73239434,0.73239434
Cc1cc(Oc2cccc(CNC(=O)c3cc4cc(Cl)c(Cl)cc4[nH]3)c2)ccc1CCC(=O)O,train,train,train,4,4,0.83076924,0.83076924,0.83076924
Cc1cc(Oc2cccc(CNC(=O)c3cc4cccc(Br)c4[nH]3)c2)ccc1CCC(=O)O,test,test,train,4,4,0.77272725,0.77272725,0.77272725
Cc1cc(Oc2cccc(CNC(=O)c3cc4cc(Br)ccc4[nH]3)c2)ccc1CCC(=O)O,train,train,train,4,4,0.8181818,0.8181818,0.8181818
Cc1cc(Oc2cccc(CNC(=O)c3cc4ccc(Cl)cc4[nH]3)c2)ccc1CCC(=O)O,train,train,test,4,4,0.875,0.875,0.875
Cc1cc(Oc2cccc(CNC(=O)c3cc4cc(Cl)ccc4[nH]3)c2)ccc1CCC(=O)O,train,train,train,4,4,0.875,0.875,0.83076924
Cc1cc(Oc2cccc(CNC(=O)c3cc4c(Cl)cccc4[nH]3)c2)ccc1CCC(=O)O,train,train,test,4,4,0.7878788,0.7878788,0.7878788
Cc1cc(Oc2cccc(CNC(=O)c3ccc(C(F)(F)F)cc3C)c2)ccc1CCC(=O)O,train,train,test,4,4,0.6923077,0.6923077,0.6923077
Cc1cc(Oc2ccc(F)c(CNC(=O)c3ccc(C(F)(F)F)cc3F)c2)ccc1OC(C)(C)C(=O)O,test,test,train,4,4,0.9,0.9,0.9
Cc1cc(Oc2cc(F)cc(CNC(=O)c3ccc(C(F)(F)F)cc3F)c2)ccc1OC(C)(C)C(=O)O,train,train,train,4,4,0.83076924,0.83076924,0.875
Cc1ccc(Oc2ccc(OC(C)(C)C(=O)O)c(C)c2)cc1CNC(=O)c1ccc(C(F)(F)F)cc1F,train,train,train,4,4,0.8,0.8,0.9
Cc1cc(CNC(=O)c2ccc(C(F)(F)F)cc2F)cc(Oc2ccc(OC(C)(C)C(=O)O)c(C)c2)c1,test,test,train,4,4,0.875,0.875,0.875
Cc1ccc(CNC(=O)c2ccc(C(F)(F)F)cc2F)cc1Oc1ccc(OC(C)(C)C(=O)O)c(C)c1,train,train,train,4,4,0.8153846,0.8153846,0.8153846
Cc1cc(Oc2cccc(CNC(=O)c3ccccc3C)c2)ccc1OC(C)(C)C(=O)O,train,train,train,4,4,0.8214286,0.8214286,0.8214286
COc1ccc(C(=O)NCc2cccc(Oc3ccc(OC(C)(C)C(=O)O)c(C)c3)c2)c(C)c1,train,train,train,4,4,0.85714287,0.85714287,0.85714287
Cc1cc(Oc2cccc(CNC(=O)c3ccc(OC(F)(F)F)cc3C)c2)ccc1OC(C)(C)C(=O)O,train,train,train,4,4,0.84745765,0.84745765,0.84745765
Cc1cc(Oc2cccc(CNC(=O)c3ccc(Cl)cc3C)c2)ccc1OC(C)(C)C(=O)O,train,train,train,4,4,0.82758623,0.82758623,0.82758623
Cc1ccc(C(=O)NCc2cccc(Oc3ccc(OC(C)(C)C(=O)O)c(C)c3)c2)c(C)c1,train,train,train,4,4,0.85714287,0.85714287,0.85714287
COc1cc(C(F)(F)F)ccc1C(=O)NCc1cccc(Oc2ccc(OC(C)(C)C(=O)O)c(C)c2)c1,train,train,train,4,4,0.8852459,0.8852459,0.8852459
Cc1cc(Oc2cccc(CNC(=O)c3ccc(C(F)(F)F)cc3Oc3ccccc3)c2)ccc1OC(C)(C)C(=O)O,test,test,train,4,4,0.8852459,0.8852459,0.8852459
Cc1cc(Oc2cccc(CNC(=O)c3ccc(C(F)(F)F)cc3C(F)(F)F)c2)ccc1OC(C)(C)C(=O)O,train,train,train,4,4,0.9,0.9,0.9
Cc1cc(Oc2cccc(CNC(=O)c3ccc(C(F)(F)F)cc3Br)c2)ccc1OC(C)(C)C(=O)O,train,train,train,4,4,0.8852459,0.8852459,0.8852459
Cc1cc(Oc2cccc(CNC(=O)c3ccc(C(F)(F)F)cc3F)c2)ccc1OC(C)(C)C(=O)O,train,train,train,4,4,0.9,0.9,0.9
Cc1cc(Oc2cccc(CNC(=O)c3ccc(C(F)(F)F)cc3Cl)c2)ccc1OC(C)(C)C(=O)O,test,test,test,4,4,0.8852459,0.8852459,0.8852459
CCc1cc(C(F)(F)F)ccc1C(=O)NCc1cccc(Oc2ccc(OC(C)(C)C(=O)O)c(C)c2)c1,train,train,train,4,4,0.8852459,0.8852459,0.8852459
Cc1cc(Oc2cccc(CNC(=O)c3ccc(C(F)(F)F)cc3C)c2)ccc1OC(C)(C)C(=O)O,train,train,train,4,4,0.9,0.9,0.9
CCc1cc(OCC[C@@H](C)Oc2ccc(C(F)(F)F)cc2-c2ccccn2)ccc1CCC(=O)O,train,train,test,1,1,0.69863015,0.69863015,0.85294116
CCc1ccc(O[C@H](C)CCOc2ccc(CCC(=O)O)c(CC)c2)c(-c2ccccn2)c1,test,test,train,1,1,0.875,0.875,0.875
Cc1cc(OCC[C@@H](C)Oc2ccc(C(F)(F)F)cc2-c2ccccn2)ccc1CCC(=O)O,test,test,train,4,4,0.85294116,0.85294116,0.7826087
Cc1cc(OCC[C@@H](C)Oc2ccc(Cl)cc2-c2ccccn2)ccc1CCC(=O)O,test,test,train,1,1,0.80597013,0.80597013,0.80597013
CCc1ccc(O[C@H](C)CCOc2ccc(CCC(=O)O)c(C)c2)c(-c2ncco2)c1,train,train,train,1,1,0.7647059,0.7647059,0.75714284
CCc1ccc(O[C@H](C)CCOc2ccc(CCC(=O)O)c(C)c2)c(-c2cocn2)c1,train,train,test,1,1,0.75714284,0.75714284,0.75714284
CCc1ccc(O[C@H](C)CCOc2ccc(CCC(=O)O)c(C)c2)c(-c2nccs2)c1,train,train,train,1,1,0.7826087,0.7826087,0.7826087
CCc1ccc(O[C@H](C)CCOc2ccc(CCC(=O)O)c(C)c2)c(-c2cscn2)c1,train,train,train,1,1,0.76811594,0.76811594,0.76811594
CCc1ccc(O[C@H](C)CCOc2ccc(CCC(=O)O)c(C)c2)c(-c2ccncc2)c1,train,train,test,1,1,0.852459,0.852459,0.852459
CCc1ccc(O[C@H](C)CCOc2ccc(CCC(=O)O)c(C)c2)c(-c2cccnc2)c1,train,train,train,1,1,0.84126985,0.84126985,0.84126985
CCc1ccc(O[C@H](C)CCOc2ccc(CCC(=O)O)c(C)c2)c(-c2ccccn2)c1,train,train,train,1,1,0.8125,0.8125,0.875
CCc1ccc(O[C@H](C)CCOc2ccc(CCC(=O)O)c(C)c2)c(-c2ccco2)c1,train,train,test,1,1,0.7846154,0.7846154,0.7846154
CCc1ccc(O[C@H](C)CCOc2ccc(CCC(=O)O)c(C)c2)c(-c2cccs2)c1,train,train,train,1,1,0.7846154,0.7846154,0.7846154
CCc1ccc(O[C@H](C)CCOc2ccc(CCC(=O)O)c(C)c2)c(-c2ccsc2)c1,train,train,train,1,1,0.796875,0.796875,0.796875
CCc1ccc(O[C@H](C)CCOc2ccc(CCC(=O)O)c(C)c2)c(-c2ccccc2)c1,train,train,train,1,1,0.852459,0.852459,0.84126985
Cc1oc(-c2ccccc2)nc1CCOc1cccc(CN(CC(=O)O)Cc2ccccc2)c1,train,train,train,0,0,0.91071427,0.91071427,0.9122807
Cc1oc(-c2ccccc2)nc1CCOc1ccc(CN(CC(=O)O)Cc2ccc(-c3ccccc3Cl)o2)cc1,train,train,test,0,0,0.7058824,0.7058824,0.7058824
Cc1oc(-c2ccccc2)nc1CCOc1ccc(CN(CC(=O)O)Cc2ccccn2)cc1,train,train,train,0,0,0.8,0.8,0.8
Cc1oc(-c2ccccc2)nc1CCOc1ccc(CN(CC(=O)O)Cc2ccc3ccccc3c2)cc1,train,train,train,0,0,0.86440676,0.86440676,0.86440676
Cc1oc(-c2ccccc2)nc1CCOc1ccc(CN(CC(=O)O)Cc2cccc3ccccc23)cc1,train,train,train,0,0,0.84126985,0.84126985,0.7903226
Cc1oc(-c2ccccc2)nc1CCOc1ccc(CN(CC(=O)O)Cc2ccc(OCc3ccccc3)cc2)cc1,train,train,train,0,0,0.89830506,0.89830506,0.89830506
Cc1oc(-c2ccccc2)nc1CCOc1ccc(CN(CC(=O)O)Cc2ccc(Oc3ccccc3)cc2)cc1,train,train,train,0,0,0.84210527,0.84210527,0.8965517
Cc1oc(-c2ccccc2)nc1CCOc1ccc(CN(CC(=O)O)Cc2cccc(Oc3ccccc3)c2)cc1,test,test,train,0,0,0.91525424,0.91525424,0.9491525
Cc1oc(-c2ccccc2)nc1CCOc1ccc(CN(CC(=O)O)Cc2ccc3c(c2)OCO3)cc1,test,test,train,0,0,0.7936508,0.7936508,0.7936508
Cc1oc(-c2ccccc2)nc1CCOc1ccc(CN(CCOCc2ccccc2)CC(=O)O)cc1,test,test,train,0,0,0.8333333,0.8333333,0.8333333
CCC(CC)CN(CC(=O)O)Cc1ccc(OCCc2nc(-c3ccccc3)oc2C)cc1,train,train,test,0,0,0.78333336,0.78333336,0.78333336
CCCCCCCN(CC(=O)O)Cc1ccc(OCCc2nc(-c3ccccc3)oc2C)cc1,test,test,train,0,0,0.7704918,0.7704918,0.7704918
Cc1oc(-c2ccccc2)nc1CCOc1cccc(CN(CC(=O)O)Cc2cc3ccccc3[nH]2)c1,train,train,train,0,0,0.828125,0.828125,0.828125
Cc1oc(-c2ccccc2)nc1CCOc1cccc(CN(CC(=O)O)Cc2ccc3ccccc3c2)c1,train,train,train,0,0,0.8947368,0.8947368,0.8947368
Cc1oc(-c2ccccc2)nc1CCOc1cccc(CN(CC(=O)O)Cc2cccc3ccccc23)c1,train,train,test,0,0,0.85,0.85,0.85
Cc1oc(-c2ccccc2)nc1CCOc1cccc(CN(CC(=O)O)Cc2ccc(OCc3ccccc3)cc2)c1,train,train,train,0,0,0.89830506,0.89830506,0.89830506
Cc1oc(-c2ccccc2)nc1CCOc1cccc(CN(CC(=O)O)Cc2cccc(Oc3ccccc3)c2)c1,train,train,train,0,0,0.91071427,0.91071427,0.9310345
Cc1oc(-c2ccccc2)nc1CCOc1cccc(CN(CC(=O)O)Cc2ccc(Oc3ccccc3)cc2)c1,test,test,train,0,0,0.9310345,0.9310345,0.9491525
Cc1oc(-c2ccccc2)nc1CCOc1cccc(CN(CCCc2ccccc2)CC(=O)O)c1,train,train,train,0,0,0.84745765,0.84745765,0.89830506
Cc1oc(-c2ccccc2)nc1CCOc1cccc(CN(CCc2ccccc2)CC(=O)O)c1,test,test,train,0,0,0.89830506,0.89830506,0.89830506
CCO[C@@H](Cc1ccc(OC/C=C/c2cc(-c3ccc(C(C)(C)C)cc3)cc(-c3ccc(C(C)(C)C)cc3)c2)cc1)C(=O)O,test,test,train,2,2,0.8181818,0.8181818,0.8181818
CCO[C@@H](Cc1ccc(OC/C=C/c2cc(CCc3ccccc3)cc(CCc3ccccc3)c2)cc1)C(=O)O,train,train,train,2,2,0.7924528,0.7924528,0.7924528
CCO[C@@H](Cc1ccc(OC/C=C/c2cc(/C=C/c3ccccc3)cc(/C=C/c3ccccc3)c2)cc1)C(=O)O,train,train,train,2,2,0.9130435,0.9130435,0.9130435
CCO[C@@H](Cc1ccc(OC/C=C/c2cc(C#Cc3ccccc3)cc(C#Cc3ccccc3)c2)cc1)C(=O)O,test,test,train,2,2,0.7777778,0.7777778,0.7777778
CCO[C@@H](Cc1ccc(OC/C=C/c2cc(OC(=O)c3ccccc3)cc(OC(=O)c3ccccc3)c2)cc1)C(=O)O,train,train,train,2,2,0.76363635,0.76363635,0.76363635
CCO[C@@H](Cc1ccc(OC/C=C/c2cc(-c3ccccc3)cc(-c3ccccc3)c2)cc1)C(=O)O,train,train,train,2,2,0.8076923,0.8076923,0.8181818
CCO[C@@H](Cc1ccc(OC/C=C/c2cc(OC(C)C)cc(OC(C)C)c2)cc1)C(=O)O,train,train,train,2,2,0.8235294,0.8235294,0.8235294
CCO[C@@H](Cc1ccc(OC/C=C/c2cc(OCC(F)(F)F)cc(OCC(F)(F)F)c2)cc1)C(=O)O,train,train,train,2,2,0.8113208,0.8113208,0.8113208
CCOc1cc(/C=C/COc2ccc(C[C@H](OCC)C(=O)O)cc2)cc(OCC)c1,train,train,train,2,2,0.85714287,0.85714287,0.8235294
CCO[C@@H](Cc1ccc(OC/C=C/c2cc(OC)cc(OC)c2)cc1)C(=O)O,train,train,test,2,2,0.85714287,0.85714287,0.85714287
CCO[C@@H](Cc1ccc(OC/C=C/c2cc(C(F)(F)F)cc(C(F)(F)F)c2)cc1)C(=O)O,train,train,train,2,2,0.78571427,0.78571427,0.78571427
CCO[C@@H](Cc1ccc(OC/C=C/c2cc(Br)cc(Br)c2)cc1)C(=O)O,test,test,train,2,2,0.78431374,0.78431374,0.78431374
CCO[C@@H](Cc1ccc(OC/C=C/c2ccccc2)cc1)C(=O)O,train,train,train,2,2,0.9130435,0.9130435,0.9130435
CCO[C@@H](Cc1ccc(OC/C=C/c2cc(OC3CCCC3)cc(OC3CCCC3)c2)cc1)C(=O)O,train,train,train,2,2,0.75,0.75,0.75
CC(C)(C)c1ccc(CN(CCOc2ccc(CCC(=O)O)cc2)c2nc3ccccc3s2)cc1,test,test,test,1,1,0.852459,0.852459,0.852459
O=C(O)CCc1ccc(OCCN(Cc2ccc(C(F)(F)F)cc2)c2nc3ccccc3s2)cc1,train,train,train,4,4,0.47368422,0.47368422,0.4722222
CC(C)(Oc1cccc(CN(CCOc2ccccc2)c2nc3ccccc3o2)c1)C(=O)O,train,train,train,4,4,0.9464286,0.9464286,0.9464286
CC[C@H](Oc1cccc(CN(CCCOc2ccc(OC)cc2)c2nc3ccccc3o2)c1)C(=O)O,test,test,train,2,2,0.9047619,0.9047619,0.9047619
CCC(Oc1cccc(CN(CCCOc2ccc(O)cc2)c2nc3ccccc3o2)c1)C(=O)O,train,train,train,2,2,0.890625,0.890625,0.9047619
CCC(Oc1cccc(CN(CCCOc2ccc(F)c(F)c2)c2nc3ccccc3o2)c1)C(=O)O,train,train,train,1,1,0.8235294,0.8235294,0.8235294
CCC(Oc1cccc(CN(CCCOc2ccc(F)cc2F)c2nc3ccccc3o2)c1)C(=O)O,train,train,test,1,1,0.7887324,0.7887324,0.8
CCC(Oc1cccc(CN(CCCOc2ccc(C)c(C)c2)c2nc3ccccc3o2)c1)C(=O)O,train,train,train,1,1,0.8507463,0.8507463,0.8507463
CCC(Oc1cccc(CN(CCCOc2ccc(C)cc2C)c2nc3ccccc3o2)c1)C(=O)O,train,train,train,1,1,0.82608694,0.82608694,0.82608694
CCC(Oc1cccc(CN(CCCOc2ccc(C)cc2)c2nc3ccccc3o2)c1)C(=O)O,train,train,train,2,2,0.890625,0.890625,0.890625
CCC(Oc1cccc(CN(CCCOc2ccc3c(c2)OCO3)c2nc3ccccc3o2)c1)C(=O)O,train,train,test,1,1,0.8028169,0.8028169,0.8028169
CCC(Oc1cccc(CN(CCCOc2ccccc2)c2nc3c(O)cccc3o2)c1)C(=O)O,train,train,train,2,2,0.7878788,0.7878788,0.7878788
CCC(Oc1cccc(CN(CCCOc2ccccc2)c2nc3cc4c(cc3o2)OCO4)c1)C(=O)O,train,train,train,1,1,0.8028169,0.8028169,0.76811594
CCC(Oc1cccc(CN(CCCOc2ccccc2)c2nc3cc(C(F)(F)F)ccc3o2)c1)C(=O)O,train,train,test,2,2,0.8115942,0.8115942,0.8115942
CCC(Oc1cccc(CN(CCCOc2ccccc2)c2nc3cccc(F)c3o2)c1)C(=O)O,train,train,train,2,2,0.7536232,0.7536232,0.7647059
CCC(Oc1cccc(CN(CCCOc2ccccc2)c2nc3ccc(F)cc3o2)c1)C(=O)O,test,test,train,2,2,0.890625,0.890625,0.890625
CCC(Oc1cccc(CN(CCCOc2ccccc2)c2nc3cc(F)ccc3o2)c1)C(=O)O,train,train,train,2,2,0.8115942,0.8115942,0.890625
CCC(Oc1cccc(CCN(CCCOc2ccccc2)c2nc3ccccc3o2)c1)C(=O)O,train,train,train,1,1,0.8125,0.8125,0.8305085
CC(Oc1cccc(CCN(CCCOc2ccccc2)c2nc3ccccc3o2)c1)C(=O)O,test,test,train,1,1,0.85714287,0.85714287,0.85714287
CC(Oc1cccc(CN(CCCOc2ccccc2)c2nc3ccccc3o2)c1)C(=O)O,train,train,train,1,1,0.7777778,0.7777778,0.85714287
CC(C)(Oc1cccc(CN(CCCOc2ccccc2)c2nc3ccccc3o2)c1)C(=O)O,train,train,train,4,4,0.9464286,0.9464286,0.9464286
CC(C)(Oc1cccc(CCCN(CCOc2ccccc2)c2nc3ccccc3o2)c1)C(=O)O,train,train,test,4,4,0.9137931,0.9137931,0.9137931
CC(C)(Oc1cccc(CCN(CCOc2ccccc2)c2nc3ccccc3o2)c1)C(=O)O,train,train,train,4,4,0.9137931,0.9137931,0.86440676
Cc1cc(Sc2cc(C#CCN3CCOCC3)nc(C#Cc3ccc(C(F)(F)F)cc3)c2)ccc1OCC(=O)O,test,test,train,4,4,0.45783132,0.45783132,0.45783132
O=C(O)C[C@@H]1CCc2cc(OCCc3nc(-c4ccccc4)oc3CCc3ccccc3)ccc21,train,train,train,0,0,0.83870965,0.83870965,0.83870965
CCCc1oc(-c2ccccc2)nc1CCOc1ccc2c(c1)CC[C@H]2CC(=O)O,train,train,train,0,0,0.8833333,0.8833333,0.8833333
CCc1ccc(-c2nc(CCOc3ccc4c(c3)CC[C@H]4CC(=O)O)c(CC)o2)cc1,train,train,train,0,0,0.8852459,0.8852459,0.8852459
CCc1oc(-c2ccc(C)cc2)nc1CCOc1ccc2c(c1)CC[C@H]2CC(=O)O,train,train,train,0,0,0.8852459,0.8852459,0.8852459
CCc1oc(-c2ccccc2)nc1CCOc1ccc2c(c1)CC[C@H]2CC(=O)O,train,train,train,0,0,0.8833333,0.8833333,0.8833333
Cc1c(CCOc2ccc3c(c2)CC[C@H]3CC(=O)O)nc(-c2ccccc2)n1C,train,train,train,1,1,0.96428573,0.96428573,0.96428573
Cc1nc(-c2ccccc2)n(C)c1CCOc1ccc2c(c1)CC[C@H]2CC(=O)O,train,train,train,1,1,0.9649123,0.9649123,0.9649123
COc1ccc(-c2nc(CCOc3ccc4c(c3)CC[C@H]4CC(=O)O)c(C)n2C)cc1,train,train,train,1,1,0.88135594,0.88135594,0.88135594
CCc1ccc(-c2nc(CCOc3ccc4c(c3)CC[C@H]4CC(=O)O)c(C)n2C)cc1,train,train,train,1,1,0.852459,0.852459,0.852459
CCc1ccc(-c2nc(C)c(CCOc3ccc4c(c3)CC[C@H]4CC(=O)O)n2C)cc1,test,test,train,1,1,0.8548387,0.8548387,0.8548387
Cc1c(CCOc2ccc3c(c2)CC[C@H]3CC(=O)O)nc(-c2ccc(-c3ccccc3)cc2)n1C,train,train,train,1,1,0.96428573,0.96428573,0.96428573
Cc1nc(-c2ccc(-c3ccccc3)cc2)n(C)c1CCOc1ccc2c(c1)CC[C@H]2CC(=O)O,train,train,train,1,1,0.9649123,0.9649123,0.9649123
Cc1sc(-c2ccc(-c3ccccc3)cc2)nc1CCOc1ccc2c(c1)CC[C@H]2CC(=O)O,test,test,train,1,1,0.96428573,0.96428573,0.8965517
Cc1sc(-c2ccc(OC(F)(F)F)cc2)nc1CCOc1ccc2c(c1)CC[C@H]2CC(=O)O,train,train,train,1,1,0.84126985,0.84126985,0.84126985
Cc1sc(-c2cccc(C(F)(F)F)c2)nc1CCOc1ccc2c(c1)CC[C@H]2CC(=O)O,train,train,train,1,1,0.83076924,0.83076924,0.83076924
Cc1cccc(-c2nc(CCOc3ccc4c(c3)CC[C@H]4CC(=O)O)c(C)s2)c1,train,train,train,1,1,0.88135594,0.88135594,0.8548387
CCOc1ccc(-c2nc(CCOc3ccc4c(c3)CC[C@H]4CC(=O)O)c(C)s2)cc1,train,train,train,1,1,0.88135594,0.88135594,0.88135594
Cc1sc(-c2ccc(Cl)cc2)nc1CCOc1ccc2c(c1)CC[C@H]2CC(=O)O,test,test,train,1,1,0.88135594,0.88135594,0.88135594
Cc1sc(-c2ccccc2F)nc1CCOc1ccc2c(c1)CC[C@H]2CC(=O)O,test,test,train,1,1,0.8064516,0.8064516,0.7846154
Cc1sc(-c2cccc(F)c2)nc1CCOc1ccc2c(c1)CC[C@H]2CC(=O)O,train,train,train,1,1,0.86885244,0.86885244,0.86885244
Cc1sc(-c2ccc(F)cc2)nc1CCOc1ccc2c(c1)CC[C@H]2CC(=O)O,train,train,train,1,1,0.8965517,0.8965517,0.8965517
Cc1sc(-c2ccc(C(C)C)cc2)nc1CCOc1ccc2c(c1)CC[C@H]2CC(=O)O,train,train,train,1,1,0.852459,0.852459,0.852459
COc1cccc(-c2nc(CCOc3ccc4c(c3)CC[C@H]4CC(=O)O)c(C)s2)c1,test,test,train,1,1,0.86885244,0.86885244,0.86885244
COc1ccc(-c2nc(CCOc3ccc4c(c3)CC[C@H]4CC(=O)O)c(C)s2)cc1,train,train,train,1,1,0.9122807,0.9122807,0.9122807
Cc1sc(-c2ccc3c(c2)OCO3)nc1CCOc1ccc2c(c1)CC[C@H]2CC(=O)O,test,test,test,1,1,0.796875,0.796875,0.796875
Cc1ccc(-c2nc(CCOc3ccc4c(c3)CC[C@H]4CC(=O)O)c(C)s2)cc1,train,train,train,1,1,0.9122807,0.9122807,0.9122807
Cc1sc(-c2ccccc2)nc1CCOc1ccc2c(c1)CC[C@H]2CC(=O)O,train,train,test,1,1,0.8947368,0.8947368,0.96428573
Cc1oc(-c2ccc(Cl)cc2)nc1CCOc1ccc2c(c1)CC[C@H]2CC(=O)O,train,train,train,0,0,0.88135594,0.88135594,0.88135594
Cc1oc(-c2cccc(Cl)c2)nc1CCOc1ccc2c(c1)CC[C@H]2CC(=O)O,train,train,train,0,0,0.84126985,0.84126985,0.84126985
Cc1oc(-c2cccc(C#N)c2)nc1CCOc1ccc2c(c1)CC[C@H]2CC(=O)O,train,train,train,0,0,0.8484849,0.8484849,0.8030303
Cc1oc(-c2ccc(C#N)cc2)nc1CCOc1ccc2c(c1)CC[C@H]2CC(=O)O,train,train,test,0,0,0.8484849,0.8484849,0.8484849
Cc1cccc(-c2nc(CCOc3ccc4c(c3)CC[C@H]4CC(=O)O)c(C)o2)c1,test,test,train,0,0,0.8548387,0.8548387,0.8548387
Cc1ccc(-c2nc(CCOc3ccc4c(c3)CC[C@H]4CC(=O)O)c(C)o2)cc1,train,train,train,0,0,0.9122807,0.9122807,0.9122807
Cc1oc(-c2ccc(-c3ccccc3)cc2)nc1CCOc1ccc2c(c1)CC[C@H]2CC(=O)O,train,train,train,0,0,0.8965517,0.8965517,0.8965517
Cc1oc(-c2ccc(F)cc2)nc1CCOc1ccc2c(c1)CC[C@H]2CC(=O)O,train,train,test,0,0,0.8965517,0.8965517,0.8965517
Cc1oc(-c2cccc(F)c2)nc1CCOc1ccc2c(c1)CC[C@H]2CC(=O)O,train,train,train,0,0,0.86885244,0.86885244,0.8548387
Cc1oc(-c2ccc(C(C)C)cc2)nc1CCOc1ccc2c(c1)CC[C@H]2CC(=O)O,test,test,train,0,0,0.852459,0.852459,0.852459
Cc1oc(-c2ccc(C(C)(C)C)cc2)nc1CCOc1ccc2c(c1)CC[C@H]2CC(=O)O,test,test,test,0,0,0.8666667,0.8666667,0.8666667
CCc1ccc(-c2nc(CCOc3ccc4c(c3)CC[C@H]4CC(=O)O)c(C)o2)cc1,train,train,test,0,0,0.8666667,0.8666667,0.8666667
COc1cccc(-c2nc(CCOc3ccc4c(c3)CC[C@H]4CC(=O)O)c(C)o2)c1,test,test,train,0,0,0.86885244,0.86885244,0.86885244
COc1ccc(-c2nc(CCOc3ccc4c(c3)CC[C@H]4CC(=O)O)c(C)o2)cc1,train,train,train,0,0,0.9122807,0.9122807,0.9122807
Cc1oc(-c2ccccc2)nc1CCOc1ccc2c(c1)CC(C)C2CC(=O)O,train,train,train,0,0,0.7076923,0.7076923,0.7076923
Cc1oc(-c2ccccc2)nc1CCOc1ccc2c(c1)OCC2CC(=O)O,train,train,train,0,0,0.71875,0.71875,0.71875
Cc1oc(-c2ccccc2)nc1CCOc1ccc2c(c1)CCC[C@H]2CC(=O)O,train,train,test,0,0,0.8833333,0.8833333,0.8833333
Cc1oc(-c2ccccc2)nc1CCOc1ccc2c(c1)C(C)(C)CC2CC(=O)O,train,train,train,0,0,0.71875,0.71875,0.71875
COc1ccc(-c2nc(C)c(CCOc3ccc4c(c3)CC[C@H]4CC(=O)O)n2C)cc1,train,train,train,1,1,0.8833333,0.8833333,0.8833333
C/[N+]([O-])=C1\C=C(c2ccccc2)c2ccc(OCCN3CCOCC3)cc21,train,train,train,1,1,0.6,0.6,0.6
C/[N+]([O-])=C1\C(C(=O)NC2CC2)=C(c2ccccc2)c2ccc(OCCN3CCOCC3)cc21,train,train,train,1,1,0.7910448,0.7910448,0.7910448
CC(C)NC(=O)C1=C(c2ccccc2)c2ccc(OCCN3CCOCC3)cc2/C1=[N+](/C)[O-],train,train,train,1,1,0.796875,0.796875,0.796875
CC(C)OC(=O)C1=C(c2ccccc2)c2ccc(OCCN3CCOCC3)cc2/C1=[N+](/C)[O-],test,test,test,1,1,0.82539684,0.82539684,0.82539684
COC(=O)C1=C(c2ccccc2)c2ccc(OCCN3CCOCC3)cc2/C1=[N+](/C)[O-],train,train,train,1,1,0.796875,0.796875,0.796875
CCOC(=O)C1=C(c2ccccc2)c2ccc(OCCc3ccccn3)cc2/C1=[N+](/C)[O-],train,train,test,1,1,0.84745765,0.84745765,0.84745765
CCOC(=O)C1=C(c2ccccc2)c2ccc(OCc3ccccn3)cc2/C1=[N+](/C)[O-],train,train,train,1,1,0.84745765,0.84745765,0.71929824
CCOC(=O)C1=C(c2ccccc2)c2ccc(OCCN3CCN(C)CC3)cc2/C1=[N+](/C)[O-],train,train,train,1,1,0.71428573,0.71428573,0.71428573
CCOC(=O)C1=C(c2ccccc2)c2ccc(OCCN(C)C3CCCCC3)cc2/C1=[N+](/C)[O-],train,train,train,1,1,0.67164177,0.67164177,0.67164177
CCOC(=O)C1=C(c2ccc(Cl)cc2)c2ccc(OCCCc3ccccc3)cc2/C1=[N+](/C)[O-],train,train,train,1,1,0.88135594,0.88135594,0.88135594
CCOC(=O)C1=C(c2ccc3c(c2)OCO3)c2ccc(OCCCc3ccccc3)cc2/C1=[N+](/C)[O-],train,train,train,1,1,0.77272725,0.77272725,0.77272725
CCOC(=O)C1=C(c2cccc(C)c2)c2ccc(OCCCc3ccccc3)cc2/C1=[N+](/C)[O-],train,train,train,1,1,0.87931037,0.87931037,0.87931037
CCOC(=O)C1=C(c2ccc(C)cc2)c2ccc(OCCCc3ccccc3)cc2/C1=[N+](/C)[O-],train,train,train,1,1,0.92727274,0.92727274,0.92727274
CCOC(=O)C1=C(c2ccoc2)c2ccc(OCCCc3ccccc3)cc2/C1=[N+](/C)[O-],test,test,train,1,1,0.8196721,0.8196721,0.8196721
CCOC(=O)C1=C(c2ccsc2)c2ccc(OCCCc3ccccc3)cc2/C1=[N+](/C)[O-],train,train,test,1,1,0.8333333,0.8333333,0.8333333
CCOC(=O)C1=C(C(CC)CC)c2ccc(OCCCc3ccccc3)cc2/C1=[N+](/C)[O-],train,train,test,1,1,0.7627119,0.7627119,0.7627119
CCOC(=O)C1=C(CC)c2ccc(OCCCc3ccccc3)cc2/C1=[N+](/C)[O-],train,train,train,1,1,0.7894737,0.7894737,0.7894737
CCOC(=O)C1=C(c2ccccc2)c2ccc(OCCCCc3ccccc3)cc2/C1=[N+](/C)[O-],train,train,train,1,1,0.9622642,0.9622642,0.9622642
CCOC(=O)C1=C(c2ccccc2)c2ccc(OC/C=C/c3ccccc3)cc2/C1=[N+](/C)[O-],train,train,train,1,1,0.6825397,0.6825397,0.70689654
CCOC(=O)C1=C(c2ccccc2)c2ccc(OCCCc3ccccc3)cc2/C1=[N+](/C)[O-],train,train,train,1,1,0.9622642,0.9622642,0.9622642
CCOC(=O)C1=C(c2ccccc2)c2ccc(OCCC34CC5CC(CC(C5)C3)C4)cc2/C1=[N+](/C)[O-],test,test,train,1,1,0.6818182,0.6818182,0.6818182
CCOC(=O)C1=C(c2ccccc2)c2ccc(OCCc3ccccc3)cc2/C1=[N+](/C)[O-],test,test,test,1,1,0.9074074,0.9074074,0.9074074
CCOC(=O)C1=C(c2ccccc2)c2ccc(OC)cc2/C1=[N+](/C)[O-],test,test,train,1,1,0.73214287,0.73214287,0.73214287
CCOC(=O)C1=C(c2ccccc2)c2ccc(OC)cc2/C1=N\OC,train,train,test,2,2,0.72,0.72,0.72
CCc1c(C(=O)OC)cc2c(c1O)C(=O)c1c(O)cc3cc(C)c(Cl)c(OC)c3c1C2=O,test,test,test,4,4,0.6969697,0.6969697,0.6969697
COc1c(Cl)c(C)cc2cc(O)c3c(c12)C(=O)c1cc2c(c(O)c1C3=O)C(C)OC2=O,train,train,train,4,4,0.5492958,0.5492958,0.5492958
COC(=O)c1cc2c(c(O)c1C(C)OC(=O)CO)C(=O)c1c(O)cc3cc(C)c(Cl)c(OC)c3c1C2=O,train,train,test,4,4,0.83076924,0.83076924,0.83076924
COC(=O)c1cc2c(c(O)c1C(C)OC(C)=O)C(=O)c1c(O)cc3cc(C)c(Cl)c(OC)c3c1C2=O,train,train,train,4,4,0.83076924,0.83076924,0.5492958
O=C(O)Cc1cccc2c(NCc3cccc(-c4ccnc5c(C(F)(F)F)cccc45)c3)cccc12,train,train,train,4,4,0.73015875,0.73015875,0.73015875
Cc1cnc2c(C(F)(F)F)cccc2c1-c1cccc(CNc2cccc3c(CC(=O)O)cccc23)c1,train,train,train,4,4,0.83870965,0.83870965,0.73015875
O=C(O)Cc1cccc2c(NCc3cccc(-c4c(Cc5ccccc5)cnc5c(C(F)(F)F)cccc45)c3)cccc12,train,train,test,4,4,0.83870965,0.83870965,0.83870965
Cc1nc(-c2ccc(C(F)(F)F)cc2)sc1C(=O)NCc1ccc(OC(C)(C)C(=O)O)cc1,train,train,train,4,4,0.84210527,0.84210527,0.84210527
Cc1nc(-c2ccc(C(F)(F)F)cc2)sc1C(=O)NCc1ccc(NS(=O)(=O)CC(F)(F)F)cc1,train,train,train,4,4,0.8103448,0.8103448,0.8103448
Cc1nc(-c2ccc(C(F)(F)F)cc2)sc1C(=O)NCc1ccc(NS(=O)(=O)C(F)(F)F)cc1,train,train,train,4,4,0.8103448,0.8103448,0.8103448
CCCCS(=O)(=O)Nc1ccc(CNC(=O)c2sc(-c3ccc(C(F)(F)F)cc3)nc2C)cc1,train,train,test,4,4,0.7903226,0.7903226,0.7903226
O=C(NCc1ccc(NS(=O)(=O)C(F)(F)F)cc1)c1ccc(-c2ccc(Cl)cc2)cc1,train,train,train,4,4,0.53333336,0.53333336,0.53333336
CCc1ccc(-c2nc(CCCC[C@H]3CO[C@@](C)(C(=O)O)OC3)c(C)o2)cc1,train,train,train,0,0,0.8,0.8,0.8
CC(C)(Oc1ccc(C(=O)c2ccc(Cl)cc2)cc1)C(=O)O,train,train,train,4,4,0.5952381,0.5952381,0.5952381
Cc1ccc(-c2nc(CCCC[C@H]3CO[C@@](C)(C(=O)O)OC3)c(C(F)(F)F)o2)cc1,test,test,train,0,0,0.6666667,0.6666667,0.7413793
CCc1oc(-c2ccc(C)cc2)nc1CCCC[C@H]1CO[C@@](C)(C(=O)O)OC1,test,test,train,0,0,0.75438595,0.75438595,0.75438595
c1ccc(CNCCOc2ccc3ccccc3c2)cc1,test,test,test,1,1,0.52380955,0.52380955,0.52380955
CCOC(=O)CN(CCCOc1ccc2ccccc2c1)c1ccc(OC)cc1,test,test,train,1,1,0.44444445,0.44444445,0.44444445
COc1ccc(NCCCOc2ccc3ccccc3c2)cc1,train,train,train,1,1,0.4489796,0.4489796,0.44444445
CCCCCCOc1ccc(CC(CC)C(=O)O)cc1CNC(=O)c1ccc(C23CC4CC(CC(C4)C2)C3)cc1,train,train,train,2,2,0.83076924,0.83076924,0.83076924
CCOc1ccc(CC(CC)C(=O)O)cc1CNC(=O)c1ccc(C23CC4CC(CC(C4)C2)C3)cc1,train,train,train,2,2,0.83076924,0.83076924,0.852459
CCCC(Cc1ccc(OC)c(CNC(=O)c2ccc(C34CC5CC(CC(C5)C3)C4)cc2)c1)C(=O)O,train,train,train,2,2,0.7777778,0.7777778,0.86885244
COc1ccc(CC(C)C(=O)O)cc1CNC(=O)c1ccc(C23CC4CC(CC(C4)C2)C3)cc1,train,train,train,2,2,0.7777778,0.7777778,0.8032787
CCC(Cc1ccc(OC)c(CNC(=O)c2ccc(C34CC5CC(CC(C5)C3)C4)cc2)c1)C(=O)O,test,test,train,2,2,0.86885244,0.86885244,0.86885244
CCC(Cc1ccc(OC)c(CNC(=O)c2ccc(C3CCCCC3)cc2)c1)C(=O)O,train,train,train,2,2,0.7288136,0.7288136,0.7288136
CCC(Cc1ccc(OC)c(CNC(=O)c2ccc(C(C)(C)C)cc2)c1)C(=O)O,train,train,train,2,2,0.8490566,0.8490566,0.8490566
Cc1oc(-c2ccccc2)nc1CCCCCCOC(C)(C)C(=O)O,train,train,train,0,0,0.6792453,0.6792453,0.6792453
Cc1oc(-c2ccccc2)nc1CCCC[C@H]1CO[C@@](CC(C)C)(C(=O)O)OC1,train,train,train,0,0,0.7241379,0.7241379,0.7241379
CC[C@]1(C(=O)O)OC[C@@H](CCCCc2nc(-c3ccccc3)oc2C)CO1,test,test,test,0,0,0.8035714,0.8035714,0.8035714
Cc1oc(-c2ccccc2)nc1Cc1ccc(C[C@H]2CO[C@@](C)(C(=O)O)OC2)cc1,train,train,test,0,0,0.8333333,0.8333333,0.8333333
Cc1oc(-c2ccccc2)nc1Cc1cccc(C[C@H]2CO[C@@](C)(C(=O)O)OC2)c1,train,train,train,0,0,0.8333333,0.8333333,0.67741936
Cc1oc(-c2ccccc2)nc1CCCCC[C@H]1CO[C@@](C)(C(=O)O)OC1,train,train,train,0,0,0.8,0.8,0.8
COc1ccc(N2C(=O)C(Cc3cccc(OCCc4nc(-c5ccccc5)oc4C)c3)C2C(=O)O)cn1,train,train,train,0,0,0.79452056,0.79452056,0.7837838
Cc1oc(-c2ccccc2)nc1CCOc1cccc(CC2C(=O)N(c3ccc(Cl)cc3)C2C(=O)O)c1,train,train,train,0,0,0.87323946,0.87323946,0.87323946
Cc1oc(-c2ccccc2)nc1CCOc1cccc(CC2C(=O)N(c3ccc(F)cc3)C2C(=O)O)c1,train,train,test,0,0,0.86764705,0.86764705,0.86764705
Cc1oc(-c2ccc(Cl)cc2)nc1CCOc1cccc(C[C@@H]2C(=O)N(c3ccc(C(C)(C)C)cc3)[C@@H]2C(=O)O)c1,train,train,train,0,0,0.8783784,0.8783784,0.8767123
COc1ccc(-c2nc(CCOc3cccc(C[C@@H]4C(=O)N(c5ccc(C(C)(C)C)cc5)[C@@H]4C(=O)O)c3)c(C)o2)cc1,train,train,train,0,0,0.9027778,0.9027778,0.9027778
Cc1oc(-c2cccc(Cl)c2)nc1CCOc1cccc(C[C@@H]2C(=O)N(c3ccc(C(C)(C)C)cc3)[C@@H]2C(=O)O)c1,train,train,test,0,0,0.8783784,0.8783784,0.8783784
COc1cccc(-c2nc(CCOc3cccc(C[C@@H]4C(=O)N(c5ccc(C(C)(C)C)cc5)[C@@H]4C(=O)O)c3)c(C)o2)c1,train,train,train,0,0,0.9027778,0.9027778,0.9027778
COc1ccc(N2C(=O)[C@@H](Cc3ccc(OCCc4nc(-c5ccccc5)oc4C)cc3)[C@H]2C(=O)O)cc1,train,train,train,0,0,0.74285716,0.74285716,0.739726
Cc1cc(SCCc2nc(-c3ccc(Cl)c(Cl)c3)ns2)ccc1OC(C)(C)C(=O)O,train,train,train,4,4,0.765625,0.765625,0.765625
Cc1cc(SCCc2nc(-c3ccc(C(F)(F)F)cc3)ns2)ccc1OC(C)(C)C(=O)O,train,train,train,4,4,0.8360656,0.8360656,0.765625
Cc1ccc(-c2nsc(CSc3ccc(OC(C)(C)C(=O)O)c(C)c3)n2)cc1Cl,test,test,train,4,4,0.7619048,0.7619048,0.7619048
Cc1cc(SCc2nc(-c3ccc(C(F)(F)F)c(F)c3)ns2)ccc1OC(C)(C)C(=O)O,train,train,train,4,4,0.78125,0.78125,0.72727275
Cc1oc(-c2ccccc2)nc1CCOc1ccc(CCC2=C(C(=O)O)CCN(C(=O)OCC(C)C)C2)cc1,train,train,train,0,0,0.89855075,0.89855075,0.89855075
CCCOC(=O)N1C=C(Cc2cccc(OCCc3nc(-c4ccccc4)oc3C)c2)C(C(=O)O)CC1,train,train,train,0,0,0.875,0.875,0.84
Cc1oc(-c2ccccc2)nc1CCOc1cccc(CC2=CN(C(=O)OCc3ccccc3)CCC2C(=O)O)c1,train,train,test,0,0,0.875,0.875,0.875
Cc1oc(-c2ccccc2)nc1CCOc1cccc(CC2=CN(c3nccc(C(F)(F)F)n3)CCC2C(=O)O)c1,train,train,train,0,0,0.7058824,0.7058824,0.7058824
Cc1oc(-c2ccccc2)nc1CCOc1cccc(CC2=CN(C(=O)OCC(C)C)CCC2C(=O)O)c1,train,train,train,0,0,0.8513514,0.8513514,0.84
CCCOC(=O)N1CCC(C(=O)O)=C(Cc2cccc(OCCc3nc(-c4ccccc4)oc3C)c2)C1,train,train,test,0,0,0.8356164,0.8356164,0.884058
Cc1oc(-c2ccccc2)nc1CCOc1cccc(CC2=C(C(=O)O)CCN(C(=O)OCc3ccccc3)C2)c1,test,test,train,0,0,0.884058,0.884058,0.85915494
Cc1oc(-c2ccccc2)nc1CCOc1cccc(CC2=C(C(=O)O)CCN(c3nccc(C(F)(F)F)n3)C2)c1,train,train,train,0,0,0.7058824,0.7058824,0.7058824
Cc1oc(-c2ccccc2)nc1CCOc1cccc(C2CN(C(=O)Oc3ccccc3)CCC2CC(=O)O)c1,train,train,train,0,0,0.82666665,0.82666665,0.82666665
Cc1oc(-c2ccccc2)nc1CCOc1cccc(C2CN(C(=O)OCC(C)C)CCC2CC(=O)O)c1,train,train,train,0,0,0.82666665,0.82666665,0.82666665
Cc1oc(-c2ccccc2)nc1CCOc1cccc(C2=C(CC(=O)O)CCN(C(=O)Oc3ccccc3)C2)c1,train,train,train,0,0,0.8194444,0.8194444,0.8194444
Cc1oc(-c2ccccc2)nc1CCOc1cccc(C2=C(CC(=O)O)CCN(C(=O)OCC(C)C)C2)c1,train,train,train,0,0,0.8194444,0.8194444,0.8194444
Cc1oc(-c2ccccc2)nc1CCOc1cccc(CC2CN(C(=O)OCC(C)C)CCC2C(=O)O)c1,train,train,train,0,0,0.8513514,0.8513514,0.8513514
Cc1oc(-c2ccccc2)nc1CCOc1cccc(C2CN(C(=O)OCC(C)C)CCC2C(=O)O)c1,train,train,train,0,0,0.8181818,0.8181818,0.8181818
Cc1oc(-c2ccccc2)nc1CCOc1ccc(CCC2CN(C(=O)OCC(C)C)CCC2C(=O)O)cc1,train,train,train,0,0,0.8873239,0.8873239,0.8873239
Cc1oc(-c2ccccc2)nc1CCOc1ccc(CC2CN(C(=O)OCC(C)C)CCC2C(=O)O)cc1,train,train,train,0,0,0.8873239,0.8873239,0.8873239
Cc1oc(-c2ccccc2)nc1CCOc1cccc(CC2=C(C(=O)O)CCN(C(=O)OCC(C)C)C2)c1,train,train,train,0,0,0.8472222,0.8472222,0.85915494
Cc1oc(-c2ccccc2)nc1CCOc1ccc(CC2=C(C(=O)O)CCN(C(=O)OCC(C)C)C2)cc1,train,train,train,0,0,0.89855075,0.89855075,0.89855075
Cc1oc(-c2ccccc2)nc1CCOc1ccc(C2=C(C(=O)O)CCN(C(=O)OCC(C)C)C2)cc1,test,test,train,0,0,0.8028169,0.8028169,0.8028169
CCCCCCCN(CCc1ccc(O[C@@](C)(CC)C(=O)O)cc1)c1nc2ccccc2o1,train,train,train,1,1,0.84745765,0.84745765,0.5492958
CCCCCCCN(CCc1ccc(OC(C)(C)C(=O)O)cc1)c1nc2ccccc2o1,train,train,test,1,1,0.84745765,0.84745765,0.84745765
C/C(=C/CC/C(C)=C/CC/C(C)=C/Cc1occc1C)C(=O)O,train,train,train,4,4,0.44262296,0.44262296,0.44262296
Cc1oc(-c2ccccc2)nc1CN(C)Cc1ccc(C[C@@H](C(=O)O)n2cccc2)cc1,train,train,train,0,0,0.7118644,0.7118644,0.7118644
Cc1oc(-c2ccccc2)nc1CNCc1ccc(C[C@@H](C(=O)O)n2cccc2)cc1,train,train,train,0,0,0.71666664,0.71666664,0.71666664
Cc1oc(-c2ccccc2)nc1CCNc1ccc(C[C@@H](C(=O)O)n2cccc2)cc1,train,train,train,0,0,0.71666664,0.71666664,0.71666664
CN(CCCc1ccc(C[C@@H](C(=O)O)n2cccc2)cc1)c1ccccc1,train,train,train,2,2,0.7346939,0.7346939,0.7346939
CN(CCCc1ccc(C[C@@H](C(=O)O)n2cccc2)cc1)c1ccccn1,train,train,train,2,2,0.7346939,0.7346939,0.7346939
Cc1oc(-c2ccccc2)nc1CCCc1ccc(CC(C(=O)O)c2ccccc2)cc1,train,train,train,0,0,0.9183673,0.9183673,0.9183673
Cc1oc(-c2ccccc2)nc1CCCc1ccc(CC(C(=O)O)c2cccc(-c3ccccc3)c2)cc1,train,train,train,0,0,0.86538464,0.86538464,0.86538464
Cc1oc(-c2ccccc2)nc1CCCc1ccc(CC(C(=O)O)c2ccc(-c3ccccc3)cc2)cc1,train,train,train,0,0,0.9183673,0.9183673,0.9183673
Cc1oc(-c2ccccc2)nc1CCCc1ccc(CC(C(=O)O)c2cccnc2)cc1,train,train,train,0,0,0.86538464,0.86538464,0.86538464
CN(C/C=C/c1ccc(C[C@@H](C(=O)O)n2cccc2)cc1)c1ccccc1,train,train,train,2,2,0.7307692,0.7307692,0.7307692
CN(C/C=C/c1ccc(C[C@@H](C(=O)O)n2cccc2)cc1)c1ccccn1,train,train,train,2,2,0.7307692,0.7307692,0.7307692
CN(CC#Cc1ccc(C[C@@H](C(=O)O)n2cccc2)cc1)c1ccccc1,train,train,train,2,2,0.64,0.64,0.7358491
CN(CC#Cc1ccc(CC(C(=O)O)n2cccc2)cc1)c1ccccn1,test,test,train,2,2,0.7358491,0.7358491,0.7358491
Cc1oc(-c2ccccc2)nc1CC#Cc1ccc(CC(C(=O)O)c2cccc(-c3ccccc3)c2)cc1,test,test,train,0,0,0.84210527,0.84210527,0.84210527
Cc1oc(-c2ccccc2)nc1CC#Cc1ccc(CC(C(=O)O)c2ccc(-c3ccccc3)cc2)cc1,train,train,train,0,0,0.7966102,0.7966102,0.84210527
Cc1oc(-c2ccccc2)nc1CC#Cc1ccc(CC(C(=O)O)c2cccnc2)cc1,train,train,train,0,0,0.7966102,0.7966102,0.7966102
Cc1oc(-c2ccccc2)nc1CC#Cc1ccc(C[C@@H](C(=O)O)n2cccc2)cc1,test,test,test,0,0,0.73333335,0.73333335,0.73333335
CCOc1cc(F)c(CC(CC)C(=O)O)cc1CNC(=O)c1ccc(C23CC4CC(CC(C4)C2)C3)cc1F,train,train,train,2,2,0.7285714,0.7285714,0.8153846
CCCOc1cc(F)c(CC(CC)C(=O)O)cc1CNC(=O)c1ccc(C23CC4CC(CC(C4)C2)C3)cc1,train,train,train,2,2,0.828125,0.828125,0.8730159
CCOc1cc(F)c(CC(CC)C(=O)O)cc1CNC(=O)c1ccc(C23CC4CC(CC(C4)C2)C3)cc1,test,test,train,2,2,0.8730159,0.8730159,0.8730159
CCC(Cc1cc(CNC(=O)c2ccc(C34CC5CC(CC(C5)C3)C4)cc2)c(OC)cc1F)C(=O)O,train,train,test,2,2,0.828125,0.828125,0.8548387
CCC(Cc1cc(F)c(OC)c(CNC(=O)c2ccc(C34CC5CC(CC(C5)C3)C4)cc2)c1)C(=O)O,train,train,train,2,2,0.74626863,0.74626863,0.75757575
CCC(Cc1ccc(OC)c(CNC(=O)c2ccc(C34CC5CC(CC(C5)C3)C4)cc2F)c1)C(=O)O,train,train,test,2,2,0.7285714,0.7285714,0.77272725
CCC(Cc1cc(CNC(=O)c2ccc(C(F)(F)F)cc2)c(OC)cc1F)C(=O)O,train,train,train,4,4,0.75438595,0.75438595,0.75438595
CSc1ccc(/C=C2/C(C)=C(CC(=O)O)c3cc(F)ccc32)cc1,train,train,train,4,4,0.627451,0.627451,0.627451
O=C(O)CC1=C/C(=C\c2ccc(-c3ccc(F)cc3F)cc2)c2ccc(F)cc21,train,train,train,4,4,0.8,0.8,0.8
CSc1ccc(-c2ccc(/C=C3\C=C(CC(=O)O)c4cc(F)ccc43)cc2)cc1,train,train,train,4,4,0.9318182,0.9318182,0.9318182
O=C(O)CC1=C/C(=C\c2ccc(-c3ccccc3)cc2)c2ccc(F)cc21,train,train,train,4,4,0.8,0.8,0.8
O=C(O)CC1=C/C(=C\c2cccc3cccnc23)c2ccc(F)cc21,train,train,train,4,4,0.5535714,0.5535714,0.6181818
O=C(O)CC1=C/C(=C\c2ccc(F)c3ccccc23)c2ccc(F)cc21,test,test,train,4,4,0.64,0.64,0.64
O=C(O)CC1=C/C(=C\c2cccc3ccccc23)c2ccc(F)cc21,test,test,test,4,4,0.7254902,0.7254902,0.7659575
O=C(O)CC1=C/C(=C\c2ccc3ccccc3c2)c2ccc(F)cc21,test,test,train,4,4,0.7446808,0.7446808,0.7446808
O=C(O)CC1=C/C(=C\c2ccc(SC(F)(F)F)cc2)c2ccc(F)cc21,train,train,train,4,4,0.7708333,0.7708333,0.7708333
CC(C)(C)Oc1ccc(/C=C2\C=C(CC(=O)O)c3cc(F)ccc32)cc1,train,train,train,4,4,0.7291667,0.7291667,0.7916667
COc1ccc(/C=C2\C=C(CC(=O)O)c3cc(F)ccc32)cc1,test,test,train,4,4,0.7916667,0.7916667,0.7916667
[N-]=[N+]=NCc1ccc(/C=C2\C=C(CC(=O)O)c3cc(F)ccc32)cc1,train,train,test,4,4,0.6862745,0.6862745,0.6481481
C#Cc1ccc(/C=C2\C=C(CC(=O)O)c3cc(F)ccc32)cc1,train,train,train,4,4,0.7234042,0.7234042,0.7083333
O=C(O)CC1=C/C(=C\c2ccc(C(F)(F)F)cc2)c2ccc(F)cc21,train,train,train,4,4,0.73913044,0.73913044,0.7346939
Cc1ccc(/C=C2\C=C(CC(=O)O)c3cc(F)ccc32)cc1,train,train,test,4,4,0.79545456,0.79545456,0.79545456
O=C(O)CC1=C/C(=C\c2ccccc2)c2ccc(F)cc21,test,test,test,4,4,0.85365856,0.85365856,0.85365856
O=C(O)CC1=C/C(=C\c2ccc(Br)cc2)c2ccc(F)cc21,train,train,test,4,4,0.77272725,0.77272725,0.75555557
CSc1ccc(/C=C2\C=C(CC(=O)O)c3cc(F)ccc32)cc1,train,train,train,4,4,0.9318182,0.9318182,0.9318182
CS(=O)(=O)Oc1ccc(CCCCCC[C@H]2CO[C@@](C)(C(=O)O)OC2)cc1,train,train,test,1,1,0.47692308,0.47692308,0.47692308
Cc1oc(-c2ccccc2)nc1CCOc1cccc(Cc2cn(C)cc2C(=O)O)c1,train,train,train,0,0,0.8135593,0.8135593,0.8135593
Cc1oc(-c2ccccc2)nc1CCOc1cccc(Cc2cn(-c3ccccc3)cc2C(=O)O)c1,test,test,test,0,0,0.8333333,0.8333333,0.8333333
Cc1oc(-c2ccccc2)nc1CCOc1ccc(Cc2cn(C)cc2C(=O)O)cc1,train,train,train,0,0,0.8245614,0.8245614,0.8245614
Cc1oc(-c2ccccc2)nc1CCOc1ccc(Cc2cn(-c3ccccc3)cc2C(=O)O)cc1,train,train,train,0,0,0.8245614,0.8245614,0.8245614
Cc1oc(-c2ccccc2)nc1CCOc1cccc(Cc2nn(-c3ccccc3)cc2C(=O)O)c1,train,train,test,0,0,0.8360656,0.8360656,0.8360656
Cc1oc(-c2ccccc2)nc1CCOc1cccc(Cc2c(C(=O)O)cnn2-c2ccccc2)c1,test,test,train,0,0,0.82539684,0.82539684,0.82539684
Cc1oc(-c2ccccc2)nc1CCOc1cccc(Cc2cn(-c3ccccc3)nc2C(=O)O)c1,train,train,train,0,0,0.7846154,0.7846154,0.74626863
Cc1oc(-c2ccccc2)nc1CCOc1ccc(Cc2nn(-c3ccccc3)cc2C(=O)O)cc1,train,train,train,0,0,0.8360656,0.8360656,0.75409836
Cc1oc(-c2ccccc2)nc1CCOc1ccc(Cc2c(C(=O)O)cnn2-c2ccccc2)cc1,train,train,train,0,0,0.73846155,0.73846155,0.82539684
Cc1oc(-c2ccccc2)nc1CCOc1cccc(Cc2nn(-c3ccccc3)nc2C(=O)O)c1,train,train,train,0,0,0.82258064,0.82258064,0.82258064
Cc1oc(-c2ccccc2)nc1CCOc1cccc(Cc2c(C(=O)O)nnn2-c2ccccc2)c1,train,train,train,0,0,0.828125,0.828125,0.7761194
Cc1oc(-c2ccccc2)nc1CCOc1cccc(Cc2nnn(-c3ccccc3)c2C(=O)O)c1,train,train,train,0,0,0.82539684,0.82539684,0.7761194
Cc1oc(-c2ccccc2)nc1CCOc1ccc(Cc2nn(-c3ccccc3)nc2C(=O)O)cc1,train,train,train,0,0,0.82258064,0.82258064,0.82258064
Cc1oc(-c2ccccc2)nc1CCOc1ccc(Cc2c(C(=O)O)nnn2-c2ccccc2)cc1,train,train,test,0,0,0.828125,0.828125,0.828125
Cc1oc(-c2ccccc2)nc1CCOc1ccc(Cc2nnn(-c3ccccc3)c2C(=O)O)cc1,train,train,test,0,0,0.82539684,0.82539684,0.82539684
Cc1oc(-c2ccccc2)nc1CCOc1cccc(-c2nn(-c3ccccc3)nc2C(=O)O)c1,train,train,test,0,0,0.8305085,0.8305085,0.765625
Cc1oc(-c2ccccc2)nc1CCOc1cccc(-c2nn(-c3ccccc3)nc2CC(=O)O)c1,test,test,test,0,0,0.7903226,0.7903226,0.8333333
Cc1oc(-c2ccccc2)nc1CCOc1cccc(Cc2nn(-c3ccccc3)nc2CC(=O)O)c1,train,train,test,0,0,0.82258064,0.82258064,0.82258064
Cc1oc(-c2ccccc2)nc1CCOc1ccc(-c2nn(-c3ccccc3)nc2C(=O)O)cc1,train,train,test,0,0,0.8305085,0.8305085,0.78333336
Cc1oc(-c2ccccc2)nc1CCOc1ccc(-c2nn(-c3ccccc3)nc2CC(=O)O)cc1,test,test,train,0,0,0.78688526,0.78688526,0.78688526
Cc1oc(-c2ccccc2)nc1CCOc1ccc(Cc2nn(-c3ccccc3)nc2CC(=O)O)cc1,train,train,train,0,0,0.82258064,0.82258064,0.8032787
CCCc1c(OCCCn2ccc3cc(OC(C)(C)C(=O)O)ccc32)ccc2c(C(=O)c3ccccc3)cccc12,train,train,train,1,1,0.7972973,0.7972973,0.7972973
CCCc1c(OCCCn2ccc3cc(OC(C)(C)C(=O)O)ccc32)ccc2cc(C(C)=O)ccc12,train,train,train,1,1,0.86764705,0.86764705,0.85507244
CCCc1c(OCCCn2ccc3cc(OC(C)(C)C(=O)O)ccc32)ccc2cc(C(=O)c3ccncc3)ccc12,train,train,train,1,1,0.8873239,0.8873239,0.875
CCCc1c(OCCCn2ccc3cc(OC(C)(C)C(=O)O)ccc32)ccc2cc(C(=O)c3ccoc3)ccc12,train,train,train,1,1,0.84931505,0.84931505,0.8378378
CCCc1c(OCCCn2ccc3cc(OC(C)(C)C(=O)O)ccc32)ccc2cc(C(=O)c3ccc(F)cc3)ccc12,train,train,test,1,1,0.9,0.9,0.8873239
CCCc1c(OCCCn2ccc3cc(OC(C)(C)C(=O)O)ccc32)ccc2cc(C(=O)c3ccc(OC)cc3)ccc12,train,train,test,1,1,0.9264706,0.9264706,0.9264706
CCCc1cc(C(=O)c2ccc3ccccc3c2)ccc1OCCCn1ccc2cc(OC(C)(C)C(=O)O)ccc21,train,train,train,1,1,0.9076923,0.9076923,0.9076923
CCCc1cc(C(=O)c2ccc3ccccc3c2)ccc1OCCCn1ccc2c(OC(C)(C)C(=O)O)cccc21,train,train,train,1,1,0.7671233,0.7671233,0.7671233
CCCc1cc(C(=O)c2ccc(-c3ccccc3)cc2)ccc1OCCCn1ccc2cc(OC(C)(C)C(=O)O)ccc21,train,train,train,1,1,0.9230769,0.9230769,0.9230769
CCCc1cc(C(=O)c2ccc(-c3ccccc3)cc2)ccc1OCCCn1ccc2c(OC(C)(C)C(=O)O)cccc21,test,test,test,1,1,0.8405797,0.8405797,0.8405797
CCCc1cc(C(=O)c2ccccc2)ccc1OCCCn1ccc2cc(OC(C)(C)C(=O)O)ccc21,train,train,train,1,1,0.9230769,0.9230769,0.9230769
CCCc1cc(C(=O)c2ccc(F)cc2)ccc1OCCCn1ccc2cc(OC(C)(C)C(=O)O)ccc21,train,train,train,1,1,0.8923077,0.8923077,0.8787879
CCCc1cc(C(=O)c2ccc(OC)cc2)ccc1OCCCn1ccc2cc(OC(C)(C)C(=O)O)ccc21,train,train,test,1,1,0.9206349,0.9206349,0.9206349
CCCc1c(OCCCN2CCCc3c(OC(C)(C)C(=O)O)cccc32)ccc2cc(C(=O)c3ccccc3)ccc12,test,test,train,1,1,0.76623374,0.76623374,0.76623374
CCCc1c(OCCCN2CCCc3cc(OC(C)(C)C(=O)O)ccc32)ccc2cc(C(=O)c3ccccc3)ccc12,train,train,train,1,1,0.72727275,0.72727275,0.76623374
CCCc1cc(C(=O)c2ccc(-c3ccccc3)cc2)ccc1OCCCN1CCCc2c(OC(C)(C)C(=O)O)cccc21,train,train,train,1,1,0.5925926,0.5925926,0.76
CCCc1cc(C(=O)c2ccc(-c3ccccc3)cc2)ccc1OCCCN1CCCc2cc(OC(C)(C)C(=O)O)ccc21,test,test,train,1,1,0.76,0.76,0.76
CCO[C@@H](Cc1cccc(/C(C)=N/OCc2ccccc2Cl)c1)C(=O)O,train,train,train,2,2,0.76785713,0.76785713,0.76785713
CCO[C@@H](Cc1cccc(/C(C)=N/OCc2cccc(Cl)c2)c1)C(=O)O,train,train,train,2,2,0.86538464,0.86538464,0.86538464
CCO[C@@H](Cc1cccc(C2=NOC(c3ccc(C(C)(C)C)cc3)C2)c1)C(=O)O,train,train,train,2,2,0.82758623,0.82758623,0.82758623
CCO[C@@H](Cc1cccc(C2=NOC(c3ccc(OC)cc3)C2)c1)C(=O)O,train,train,train,2,2,0.82758623,0.82758623,0.82758623
CCO[C@@H](Cc1cccc(C2=NOC(c3ccc(OS(C)(=O)=O)cc3)C2)c1)C(=O)O,train,train,train,2,2,0.8064516,0.8064516,0.8064516
CCO[C@@H](Cc1cccc(C2=NOC(c3ccc(O)cc3)C2)c1)C(=O)O,train,train,train,2,2,0.84210527,0.84210527,0.84210527
CCO[C@@H](Cc1cccc(C2=NOC(c3ccc(I)cc3)C2)c1)C(=O)O,test,test,test,2,2,0.84210527,0.84210527,0.84210527
CCO[C@@H](Cc1cccc(C2=NOC(c3ccc(Br)cc3)C2)c1)C(=O)O,test,test,train,2,2,0.84210527,0.84210527,0.84210527
CCO[C@@H](Cc1cccc(C2=NOC(c3ccc(Cl)cc3)C2)c1)C(=O)O,train,train,train,2,2,0.84210527,0.84210527,0.84210527
CCO[C@@H](Cc1cccc(C2=NOC(c3ccc(F)cc3)C2)c1)C(=O)O,train,train,train,2,2,0.84210527,0.84210527,0.84210527
CCO[C@@H](Cc1cccc(/C(C)=N/OCc2ccc(C(C)(C)C)cc2)c1)C(=O)O,test,test,train,2,2,0.8545455,0.8545455,0.8
CCO[C@@H](Cc1cccc(/C(C)=N/OCc2ccc(OC)cc2)c1)C(=O)O,train,train,train,2,2,0.8301887,0.8301887,0.8
CCO[C@@H](Cc1cccc(/C(C)=N/OCc2ccc(OS(C)(=O)=O)cc2)c1)C(=O)O,train,train,train,2,2,0.79310346,0.79310346,0.79310346
CCO[C@@H](Cc1cccc(/C(C)=N/OCc2ccc(O)cc2)c1)C(=O)O,train,train,test,2,2,0.84615386,0.84615386,0.84615386
CCO[C@@H](Cc1cccc(/C(C)=N/OCc2ccc(C(F)(F)F)cc2)c1)C(=O)O,train,train,test,2,2,0.8035714,0.8035714,0.8545455
CCO[C@@H](Cc1cccc(/C(C)=N/OCc2ccc(I)cc2)c1)C(=O)O,train,train,train,2,2,0.84615386,0.84615386,0.8148148
CCO[C@@H](Cc1cccc(/C(C)=N/OCc2ccc(Br)cc2)c1)C(=O)O,train,train,train,2,2,0.84615386,0.84615386,0.8148148
CCO[C@@H](Cc1cccc(/C(C)=N/OCc2ccc(Cl)cc2)c1)C(=O)O,train,train,train,2,2,0.86538464,0.86538464,0.86538464
CCO[C@@H](Cc1cccc(/C(C)=N/OCc2ccc(F)cc2)c1)C(=O)O,train,train,train,2,2,0.84615386,0.84615386,0.8148148
Cc1c(Oc2ccc(Cl)cc2)c2ccc(C(F)(F)F)nc2n1Cc1ccc(Cl)c(O[C@@H](C)C(=O)O)c1,train,train,train,4,4,0.8030303,0.8030303,0.8030303
Cc1c(Oc2ccc(Cl)cc2)c2ccc(Cl)nc2n1Cc1ccc(Cl)c(O[C@@H](C)C(=O)O)c1,train,train,train,4,4,0.8030303,0.8030303,0.8030303
Cc1c(Oc2ccc(Cl)cc2)c2ccc(F)nc2n1Cc1ccc(F)c(O[C@@H](C)C(=O)O)c1,train,train,train,4,4,0.796875,0.796875,0.75384617
Cc1c(Oc2ccc(Cl)cc2)c2ccc(F)nc2n1Cc1ccc(Cl)c(O[C@@H](C)C(=O)O)c1,test,test,test,4,4,0.90163934,0.90163934,0.90163934
Cc1c(Oc2ccc(Cl)cc2)c2ccc(F)nc2n1Cc1cc(O[C@@H](C)C(=O)O)ccc1Cl,test,test,train,4,4,0.7619048,0.7619048,0.7619048
COc1ccc(C(=O)c2c(C)n(Cc3ccc(Cl)c(O[C@@H](C)C(=O)O)c3)c3nc(OC)ccc23)cc1,train,train,train,4,4,0.8181818,0.8181818,0.77272725
COc1ccc(C(=O)c2c(C)n(Cc3cc(O[C@@H](C)C(=O)O)ccc3Cl)c3nc(OC)ccc23)cc1,train,train,train,4,4,0.8095238,0.8095238,0.8095238
COc1ccc(C(=O)c2c(C)n(Cc3ccc(F)c(O[C@@H](C)C(=O)O)c3)c3nc(OC)ccc23)cc1,train,train,test,4,4,0.8181818,0.8181818,0.8181818
COc1ccc(C(=O)c2c(C)n(Cc3cc(O[C@@H](C)C(=O)O)ccc3F)c3nc(OC)ccc23)cc1,train,train,train,4,4,0.852459,0.852459,0.852459
COc1ccc(C(=O)c2c(C)n(Cc3cc(O[C@@H](C)C(=O)O)ccc3F)c3nc(C)ccc23)cc1,train,train,train,4,4,0.852459,0.852459,0.852459
COc1ccc(C(=O)c2c(C)n(Cc3cccc(O[C@@H](C)C(=O)O)c3)c3nc(C)ccc23)cc1,train,train,train,4,4,0.74603176,0.74603176,0.74603176
Cc1c(Oc2ccc(Cl)cc2)c2cccnc2n1Cc1ccc(F)c(O[C@@H](C)C(=O)O)c1,train,train,test,4,4,0.796875,0.796875,0.796875
Cc1c(Oc2ccc(Cl)cc2)c2cccnc2n1Cc1cc(O[C@@H](C)C(=O)O)ccc1F,test,test,train,4,4,0.86440676,0.86440676,0.86440676
Cc1c(Oc2ccc(Cl)cc2)c2cccnc2n1Cc1cc(O[C@@H](C)C(=O)O)ccc1Cl,train,train,train,4,4,0.7121212,0.7121212,0.86440676
COc1ccc(C(=O)c2c(C)n(Cc3ccc(F)c(O[C@@H](C)C(=O)O)c3)c3ncccc23)cc1,train,train,train,4,4,0.80597013,0.80597013,0.7761194
COc1ccc(C(=O)c2c(C)n(Cc3cc(O[C@@H](C)C(=O)O)ccc3F)c3ncccc23)cc1,train,train,train,4,4,0.8095238,0.8095238,0.8095238
O=C(O)C(Cc1ccccc1)Oc1ccc(Cl)c(Cl)c1,train,train,test,2,2,0.7692308,0.7692308,0.7692308
O=C(O)C(Cc1ccccc1Cl)Oc1ccc(Cl)cc1,train,train,train,2,2,0.7692308,0.7692308,0.75
O=C(O)C(Cc1ccccc1Br)Oc1ccc(Cl)cc1,train,train,train,2,2,0.75,0.75,0.75
Cc1ccccc1CC(Oc1ccc(Cl)cc1)C(=O)O,train,train,train,2,2,0.75,0.75,0.75
CCCc1ccccc1CC(Oc1ccc(Cl)cc1)C(=O)O,train,train,train,2,2,0.7209302,0.7209302,0.7209302
O=C(O)C(Cc1ccccc1C(F)(F)F)Oc1ccc(Cl)cc1,test,test,test,2,2,0.7209302,0.7209302,0.6976744
O=C(O)C(Cc1ccc(Cl)cc1)Oc1ccc(Cl)cc1,test,test,train,2,2,0.875,0.875,0.875
O=C(O)C(Cc1ccc(Br)cc1)Oc1ccc(Cl)cc1,test,test,train,2,2,0.7567568,0.7567568,0.85294116
Cc1ccc(CC(Oc2ccc(Cl)cc2)C(=O)O)cc1,train,train,test,2,2,0.7567568,0.7567568,0.85294116
CCCc1ccc(CC(Oc2ccc(Cl)cc2)C(=O)O)cc1,train,train,train,2,2,0.75,0.75,0.8055556
O=C(O)C(Cc1cccc(Oc2ccccc2)c1)Oc1ccc(Cl)cc1,test,test,train,2,2,0.75,0.75,0.75
CCOC(Cc1ccc(OCCN2CC=C(c3ccccc3)CC2)cc1)C(=O)O,train,train,train,2,2,0.8909091,0.8909091,0.8909091
CCOC(Cc1ccc(OCCN2CC=C(c3cccc(Cl)c3)CC2)cc1)C(=O)O,train,train,train,2,2,0.85714287,0.85714287,0.8360656
CCOC(Cc1ccc(OCCN2CC=C(c3ccccc3Cl)CC2)cc1)C(=O)O,train,train,test,2,2,0.8730159,0.8730159,0.8730159
CCOC(Cc1ccc(OCCN2CC=C(c3ccc(C(F)(F)F)cc3)CC2)cc1)C(=O)O,train,train,train,2,2,0.91803277,0.91803277,0.91803277
CCOC(Cc1ccc(OCCN2CC=C(c3cccc(C(F)(F)F)c3)CC2)cc1)C(=O)O,train,train,train,2,2,0.8333333,0.8333333,0.8333333
CCOC(Cc1ccc(OCCN2CC=C(c3ccccc3C(F)(F)F)CC2)cc1)C(=O)O,train,train,train,2,2,0.7761194,0.7761194,0.765625
CCOC(Cc1ccc(OCCN2CC=C(c3ccc(F)cc3)CC2)cc1)C(=O)O,train,train,train,2,2,0.877193,0.877193,0.877193
CCOC(Cc1ccc(OCCN2CC=C(c3ccc(OC)cc3)CC2)cc1)C(=O)O,train,train,train,2,2,0.89285713,0.89285713,0.89285713
CCOC(Cc1ccc(OCCN2CC=C(c3cccc(OC)c3)CC2)cc1)C(=O)O,train,train,train,2,2,0.83870965,0.83870965,0.83870965
CCOC(Cc1ccc(OCCN2CC=C(c3ccccc3OC)CC2)cc1)C(=O)O,train,train,train,2,2,0.8,0.8,0.7903226
CCOC(Cc1ccc(OCCN2CC=C(c3ccc(CC)cc3)CC2)cc1)C(=O)O,train,train,train,2,2,0.89285713,0.89285713,0.89285713
CCCc1ccc(C2=CCN(CCOc3ccc(CC(OCC)C(=O)O)cc3)CC2)cc1,train,train,train,2,2,0.877193,0.877193,0.877193
CCOC(Cc1ccc(OCCN2CC=C(c3cccc(Cl)c3Cl)CC2)cc1)C(=O)O,train,train,train,2,2,0.8730159,0.8730159,0.7647059
CCOC(Cc1ccc(OCCN2CC=C(c3ccc(Cl)cc3Cl)CC2)cc1)C(=O)O,train,train,train,2,2,0.875,0.875,0.875
CCOC(Cc1ccc(OCCN2CC=C(c3cc(Cl)ccc3Cl)CC2)cc1)C(=O)O,train,train,train,2,2,0.875,0.875,0.875
CCOC(Cc1ccc(OCCN2CC=C(c3cc(Cl)cc(Cl)c3)CC2)cc1)C(=O)O,train,train,test,2,2,0.85714287,0.85714287,0.85714287
CCOC(Cc1ccc(OCCN2CC=C(c3ccccn3)CC2)cc1)C(=O)O,train,train,test,2,2,0.82258064,0.82258064,0.8032787
CCOC(Cc1ccc(OCCN2CC=C(c3cccs3)CC2)cc1)C(=O)O,train,train,test,2,2,0.7741935,0.7741935,0.7741935
CCOC(Cc1ccc(OCCN2CC=C(c3cnccn3)CC2)cc1)C(=O)O,test,test,test,2,2,0.8,0.8,0.734375
CCOC(Cc1ccc(OCCN2CC=C(c3ncccn3)CC2)cc1)C(=O)O,train,train,test,2,2,0.82258064,0.82258064,0.8135593
CCOC(Cc1ccc(OCCCN2CC=C(c3ccc(Cl)cc3)CC2)cc1)C(=O)O,test,test,train,2,2,0.84126985,0.84126985,0.84126985
CCOC(Cc1ccc(OCCCN2CC=C(c3ccc(C(F)(F)F)cc3)CC2)cc1)C(=O)O,train,train,train,2,2,0.91803277,0.91803277,0.91803277
CCOC(Cc1ccc(OCCCN2CC=C(c3ccc(Cl)c(Cl)c3)CC2)cc1)C(=O)O,train,train,train,2,2,0.75,0.75,0.84126985
CCC(Cc1ccc(OCCN2CC=C(c3ccc(Cl)cc3)CC2)cc1)C(=O)O,train,train,train,2,2,0.6666667,0.6666667,0.703125
CC(Cc1ccc(OCCN2CC=C(c3ccc(Cl)cc3)CC2)cc1)(Oc1ccccc1)C(=O)O,train,train,train,4,4,0.73770493,0.73770493,0.73770493
CC(C)(Oc1ccc(OCCN2CC=C(c3ccc(Cl)cc3)CC2)cc1)C(=O)O,train,train,train,4,4,0.8214286,0.8214286,0.8214286
CC(C)(Oc1cccc(OCCN2CC=C(c3ccc(Cl)cc3)CC2)c1)C(=O)O,train,train,train,4,4,0.8214286,0.8214286,0.8214286
COc1ccc(OC(=O)N(CCCCCc2coc(-c3ccc(C)cc3)n2)CC(=O)O)cc1,test,test,train,0,0,0.5070422,0.5070422,0.71666664
COc1ccc(OC(=O)N(CCCCCCc2nc(-c3ccc(C)cc3)oc2C)CC(=O)O)cc1,test,test,train,0,0,0.6268657,0.6268657,0.71666664
Cc1ccc(-c2nc(CCCCO/N=C(\CCC(=O)O)c3ccccc3)c(C)o2)cc1,test,test,train,0,0,0.9811321,0.9811321,0.9811321
Cc1ccc(-c2nc(CCCCCO/N=C(/CCC(=O)O)c3ccccc3)c(C)o2)cc1,train,train,test,0,0,1.0,1.0,1.0
Cc1ccc(-c2nc(CCCCCCO/N=C(/CCC(=O)O)c3ccccc3)c(C)o2)cc1,train,train,train,0,0,1.0,1.0,0.9811321
Cc1ccc(-c2nc(COc3ccc(C[C@H]4CO[C@@](C)(C(=O)O)OC4)cc3)c(C)o2)cc1,train,train,train,0,0,0.89285713,0.89285713,0.89285713
Cc1oc(-c2ccccc2)nc1COc1ccc(CO/N=C(\CCC(=O)O)c2ccccc2)cc1,train,train,train,0,0,0.5970149,0.5970149,0.6060606
Cc1oc(-c2ccccc2)nc1CCOc1ccc(CC(OCC(C)C)C(=O)O)c2sccc12,train,train,train,0,0,0.8382353,0.8382353,0.8382353
CCCCCCOC(Cc1ccc(OCCc2nc(-c3ccccc3)oc2C)c2ccsc12)C(=O)O,test,test,train,0,0,0.8169014,0.8169014,0.8169014
COc1ccccc1-c1nc(CCOc2ccc(CC(OC)C(=O)O)c3sccc23)c(C)o1,train,train,test,0,0,0.75,0.75,0.72602737
CCCOC(Cc1ccc(OCCc2nc(-c3ccccc3)oc2C)c2ccccc12)C(=O)O,train,train,train,0,0,0.88135594,0.88135594,0.77272725
COC(Cc1ccc(OCCc2nc(-c3ccccc3C)oc2C)c2ccccc12)C(=O)O,train,train,train,0,0,0.6818182,0.6818182,0.67164177
CO[C@@H](Cc1ccc(OCCc2nc(-c3ccc(C(F)(F)F)cc3)oc2C)c2ccsc12)C(=O)O,train,train,train,0,0,0.8028169,0.8028169,0.85915494
CO[C@@H](Cc1ccc(OCCc2nc(-c3cc(C)cc(C)c3)oc2C)c2ccsc12)C(=O)O,train,train,test,0,0,0.8507463,0.8507463,0.8
CO[C@@H](Cc1ccc(OCCc2nc(-c3ccc(C(C)C)cc3)oc2C)c2ccsc12)C(=O)O,train,train,train,0,0,0.8028169,0.8028169,0.8028169
COc1cc(OC)cc(-c2nc(CCOc3ccc(C[C@H](OC)C(=O)O)c4sccc34)c(C)o2)c1,train,train,test,0,0,0.8507463,0.8507463,0.7746479
Cc1oc(-c2ccccc2)nc1CCOc1ccc(C[C@H](OCC(F)(F)F)C(=O)O)c2sccc12,train,train,train,0,0,0.8142857,0.8142857,0.8142857
CCO[C@@H](Cc1ccc(OCCc2nc(-c3ccc(C(F)(F)F)cc3)oc2C)c2ccsc12)C(=O)O,test,test,train,0,0,0.85915494,0.85915494,0.85915494
Cc1oc(-c2ccccc2)nc1CCOc1ccc(C[C@H](OCC2CC2)C(=O)O)c2sccc12,train,train,train,0,0,0.8630137,0.8630137,0.8630137
CCO[C@@H](Cc1ccc(OCCc2nc(-c3ccc(-c4ccccc4)cc3)oc2C)c2ccsc12)C(=O)O,train,train,train,0,0,0.8507463,0.8507463,0.8507463
Cc1oc(-c2ccc(C(C)C)cc2)nc1CCOc1ccc(C[C@H](OCC2CC2)C(=O)O)c2sccc12,train,train,train,0,0,0.8630137,0.8630137,0.8630137
CCO[C@@H](Cc1ccc(OCCc2nc(-c3ccccc3)oc2C)c2ccccc12)C(=O)O,train,train,test,0,0,0.88135594,0.88135594,0.88135594
CCO[C@@H](Cc1ccc(OCCc2nc(-c3ccc(C(F)(F)F)cc3)oc2C)c2ccccc12)C(=O)O,test,test,test,0,0,0.84375,0.84375,0.79710144
Cc1oc(-c2ccc(-c3ccccc3)cc2)nc1CCOc1ccc(C[C@H](OCC(F)(F)F)C(=O)O)c2ccccc12,test,test,train,0,0,0.7846154,0.7846154,0.7746479
CO[C@@H](Cc1ccc(OCCc2nc(-c3ccccc3)oc2C)c2sccc12)C(=O)O,train,train,test,0,0,0.84615386,0.84615386,0.84615386
CCO[C@@H](Cc1ccc(OCCc2nc(-c3ccccc3)oc2C)c2sccc12)C(=O)O,train,train,train,0,0,0.8507463,0.8507463,0.8507463
CC(=O)c1ccccc1N[C@@H](Cc1ccc(OCCc2nc(-c3ccccc3)oc2C)cc1)C(=O)O,train,train,train,0,0,0.89830506,0.89830506,0.89830506
COc1ccc2c(c1)c(CC(=O)O)c(C)n2C(=O)c1ccc(Cl)cc1,train,train,train,4,4,0.7,0.7,0.7
O=C(NCCSSCCNC(=O)/C(Cc1ccc(O)c(Br)c1)=N/O)/C(Cc1ccc(O)c(Br)c1)=N/O,test,test,train,4,4,0.23728813,0.23728813,0.23728813
Cc1oc(-c2ccccc2)nc1COc1ccc(C[C@H]2CO[C@@](C)(C(=O)O)OC2)cc1,train,train,train,0,0,0.89285713,0.89285713,0.89285713
Cc1oc(C(C)(C)C)nc1CCOc1ccc(C[C@H]2CO[C@@](C)(C(=O)O)OC2)cc1,train,train,train,0,0,0.7258065,0.7258065,0.7258065
Cc1ccc(-c2nc(CCOc3ccc(C[C@H]4CO[C@@](C)(C(=O)O)OC4)cc3)c(C)o2)s1,train,train,test,0,0,0.7619048,0.7619048,0.852459
Cc1ccc(-c2nc(COc3ccc(C[C@H]4CO[C@@](C)(C(=O)O)OC4)cc3)c(C)o2)s1,test,test,train,0,0,0.852459,0.852459,0.7580645
Cc1ccc(-c2nc(CCOc3ccc(C[C@H]4CO[C@@](C)(C(=O)O)OC4)cc3)c(C)o2)cc1,train,train,train,0,0,0.8947368,0.8947368,0.8947368
Cc1oc(-c2ccccc2)nc1CCOc1ccc(C[C@H]2CO[C@@](C)(C(=O)O)OC2)cc1,train,train,train,0,0,0.8947368,0.8947368,0.8947368
Cn1nc(-c2ccc(C(C)(C)C)cc2)cc1C(=O)NCc1ccc(OC(C)(C)C(=O)O)cc1,train,train,train,4,4,0.7627119,0.7627119,0.7627119
Cc1cc(CNC(=O)c2cc(-c3ccc(C(C)(C)C)cc3)[nH]n2)ccc1OC(C)(C)C(=O)O,train,train,train,4,4,0.6984127,0.6984127,0.6984127
Cc1cc(CNC(=O)c2cc(-c3ccc(C(C)(C)C)cc3)nn2C)ccc1OC(C)(C)C(=O)O,train,train,train,4,4,0.8333333,0.8333333,0.8333333
Cc1cc(CNC(=O)c2cc(-c3ccc(C(C)(C)C)cc3)n(C)n2)ccc1OC(C)(C)C(=O)O,train,train,train,4,4,0.86440676,0.86440676,0.86440676
Cc1cc(CNC(=O)c2cc(-c3ccc(C(C)C)cc3)nn2C)ccc1OC(C)(C)C(=O)O,test,test,train,4,4,0.83870965,0.83870965,0.83870965
Cc1cc(CNC(=O)c2cc(-c3ccc(C(C)C)cc3)n(C)n2)ccc1OC(C)(C)C(=O)O,train,train,train,4,4,0.84126985,0.84126985,0.82258064
Cc1cc(CNC(=O)c2cc(-c3ccc(CC(C)C)cc3)nn2C)ccc1OC(C)(C)C(=O)O,train,train,train,4,4,0.8196721,0.8196721,0.83870965
Cc1cc(CNC(=O)c2cc(-c3ccc(CC(C)C)cc3)n(C)n2)ccc1OC(C)(C)C(=O)O,train,train,test,4,4,0.84126985,0.84126985,0.84126985
CCn1nc(-c2ccc(C(C)(C)C)cc2)cc1C(=O)NCc1ccc(OC(C)(C)C(=O)O)c(C)c1,train,train,train,4,4,0.8333333,0.8333333,0.8333333
CCn1nc(C(=O)NCc2ccc(OC(C)(C)C(=O)O)c(C)c2)cc1-c1ccc(C(C)(C)C)cc1,train,train,test,4,4,0.82539684,0.82539684,0.8360656
C=CCn1nc(-c2ccc(C(C)(C)C)cc2)cc1C(=O)NCc1ccc(OC(C)(C)C(=O)O)c(C)c1,train,train,train,4,4,0.8125,0.8125,0.8125
C=CCn1nc(C(=O)NCc2ccc(OC(C)(C)C(=O)O)c(C)c2)cc1-c1ccc(C(C)(C)C)cc1,train,train,test,4,4,0.8125,0.8125,0.7761194
COCCn1nc(-c2ccc(C(C)(C)C)cc2)cc1C(=O)NCc1ccc(OC(C)(C)C(=O)O)c(C)c1,train,train,train,4,4,0.82539684,0.82539684,0.82539684
COCCn1nc(C(=O)NCc2ccc(OC(C)(C)C(=O)O)c(C)c2)cc1-c1ccc(C(C)(C)C)cc1,train,train,train,4,4,0.82539684,0.82539684,0.8095238
Cc1cc(CNC(=O)c2cc(-c3ccc(C(C)(C)C)cc3)n(Cc3ccccc3)n2)ccc1OC(C)(C)C(=O)O,train,train,train,4,4,0.82539684,0.82539684,0.7878788
CCn1nc(C(=O)NCc2ccc(OC(C)(C)C(=O)O)c(OC)c2)cc1-c1ccc(C(C)(C)C)cc1,test,test,train,4,4,0.8360656,0.8360656,0.8196721
COc1cc(CNC(=O)c2cc(-c3ccc(C(C)(C)C)cc3)n(C)n2)ccc1OC(C)(C)C(=O)O,train,train,train,4,4,0.8333333,0.8333333,0.8333333
COc1cc(CNC(=O)c2cc(-c3ccc(CC(C)C)cc3)n(C)n2)ccc1OC(C)(C)C(=O)O,train,train,train,4,4,0.84126985,0.84126985,0.82258064
C=CCOc1ccc(-c2cc(C(=O)NCc3ccc(OC(C)(C)C(=O)O)c(C)c3)nn2C)cc1,train,train,train,4,4,0.8,0.8,0.8
Cc1cc(CNC(=O)c2cc(-c3ccc(OCc4ccccc4)cc3)n(C)n2)ccc1OC(C)(C)C(=O)O,train,train,train,4,4,0.828125,0.828125,0.828125
Cc1cc(CNC(=O)c2cc(-c3ccc(-c4ccccc4)cc3)n(C)n2)ccc1OC(C)(C)C(=O)O,train,train,train,4,4,0.86885244,0.86885244,0.8666667
Cc1cc(CNC(=O)c2cc(-c3ccc(-c4ccccc4C)cc3)n(C)n2)ccc1OC(C)(C)C(=O)O,train,train,test,4,4,0.86885244,0.86885244,0.86885244
Cc1cc(CNC(=O)c2cc(-c3ccc(-c4ccoc4)cc3)n(C)n2)ccc1OC(C)(C)C(=O)O,train,train,train,4,4,0.82539684,0.82539684,0.82539684
Cc1cc(CNC(=O)c2cc(-c3ccc(-c4ccncc4)cc3)n(C)n2)ccc1OC(C)(C)C(=O)O,train,train,train,4,4,0.8666667,0.8666667,0.8666667
Cc1cc(CNC(=O)c2cc(-c3ccc(N4CCOCC4)cc3)n(C)n2)ccc1OC(C)(C)C(=O)O,train,train,test,4,4,0.8787879,0.8787879,0.8787879
Cc1cc(CNC(=O)c2cc(-c3ccc(N4CCCC4)cc3)n(C)n2)ccc1OC(C)(C)C(=O)O,train,train,train,4,4,0.8787879,0.8787879,0.7846154
O=C(O)[C@@H](Cc1ccccc1)Oc1ccc(-c2ccccc2)cc1,train,train,train,2,2,0.85294116,0.85294116,0.9354839
COC(=O)c1cc2ccc(OCCc3nc(-c4ccc(-c5ccccc5)cc4)oc3C)cc2oc1=O,test,test,train,0,0,0.87931037,0.87931037,0.87931037
COC(=O)C1Cc2ccc(OCCc3nc(-c4ccc(-c5ccccc5)cc4)oc3C)cc2OC1=O,test,test,train,0,0,0.88709676,0.88709676,0.96666664
COC(=O)c1cc2ccc(OCCc3nc(-c4ccc(OC)cc4)oc3C)cc2oc1=O,train,train,train,0,0,0.92727274,0.92727274,0.92727274
COC(=O)C1Cc2ccc(OCCc3nc(-c4ccc(OC)cc4)oc3C)cc2OC1=O,test,test,train,0,0,0.9322034,0.9322034,0.9322034
COC(=O)c1cc2ccc(OCCc3nc(-c4cccc(OC)c4)oc3C)cc2oc1=O,train,train,train,0,0,0.8548387,0.8548387,0.85
COC(=O)C1Cc2ccc(OCCc3nc(-c4cccc(OC)c4)oc3C)cc2OC1=O,test,test,train,0,0,0.8507463,0.8507463,0.8636364
COC(=O)c1cc2ccc(OCCc3nc(-c4ccc(C(C)(C)C)cc4)oc3C)cc2oc1=O,train,train,train,0,0,0.86440676,0.86440676,0.86440676
COC(=O)C1Cc2ccc(OCCc3nc(-c4ccc(C(C)(C)C)cc4)oc3C)cc2OC1=O,train,train,train,0,0,0.88709676,0.88709676,0.88709676
COC(=O)c1cc2ccc(OCCc3nc(-c4ccc(C)cc4)oc3C)cc2oc1=O,train,train,train,0,0,0.92727274,0.92727274,0.92727274
COC(=O)C1Cc2ccc(OCCc3nc(-c4ccc(C)cc4)oc3C)cc2OC1=O,train,train,train,0,0,0.90163934,0.90163934,0.9322034
COC(=O)c1cc2ccc(OCCc3nc(-c4cccc(C)c4)oc3C)cc2oc1=O,train,train,test,0,0,0.8548387,0.8548387,0.8548387
COC(=O)C1Cc2ccc(OCCc3nc(-c4cccc(C)c4)oc3C)cc2OC1=O,test,test,train,0,0,0.8636364,0.8636364,0.8636364
COC(=O)c1cc2ccc(OCCc3nc(-c4cccc(C(F)(F)F)c4)oc3C)cc2oc1=O,train,train,train,0,0,0.83076924,0.83076924,0.8181818
COC(=O)C1Cc2ccc(OCCc3nc(-c4cccc(C(F)(F)F)c4)oc3C)cc2OC1=O,train,train,train,0,0,0.82857144,0.82857144,0.8405797
COC(=O)c1cc2ccc(OCCc3nc(-c4ccc(F)cc4)oc3C)cc2oc1=O,test,test,test,0,0,0.8947368,0.8947368,0.8947368
COC(=O)C1Cc2ccc(OCCc3nc(-c4ccc(F)cc4)oc3C)cc2OC1=O,train,train,train,0,0,0.90163934,0.90163934,0.90163934
COC(=O)c1cc2ccc(OCCc3nc(-c4cccc(F)c4)oc3C)cc2oc1=O,train,train,train,0,0,0.8548387,0.8548387,0.84126985
COC(=O)C1Cc2ccc(OCCc3nc(-c4cccc(F)c4)oc3C)cc2OC1=O,train,train,train,0,0,0.86153847,0.86153847,0.8636364
COC(=O)c1cc2ccc(OCCc3nc(-c4cccc([N+](=O)[O-])c4)oc3C)cc2oc1=O,train,train,train,0,0,0.80597013,0.80597013,0.80597013
COC(=O)C1Cc2ccc(OCCc3nc(-c4ccccc4)oc3C)cc2OC1=O,test,test,train,0,0,0.8852459,0.8852459,0.96666664
CCCNC(=O)c1cccc(Oc2cccc(-c3c(Cc4ccccc4)cnc4c(C(F)(F)F)cccc34)c2)c1,train,train,train,4,4,0.5584416,0.5584416,0.63013697
CCC#CCOc1cc(COCC2CC2)ccc1Sc1ccc(OCC(=O)O)c2c1CCCC2,train,train,train,1,1,0.7878788,0.7878788,0.7878788
CCC#CCOc1cc(COC2CCCC2)ccc1Sc1ccc(OCC(=O)O)c2c1CCCC2,train,train,train,1,1,0.875,0.875,0.875
CCC#CCOc1cc(COC2CCOCC2)ccc1Sc1ccc(OCC(=O)O)c2c1CCCC2,train,train,train,1,1,0.875,0.875,0.875
CCC#CCOc1cc(COc2ccc(C(F)(F)F)cn2)ccc1Sc1ccc(OCC(=O)O)c2c1CCCC2,train,train,train,4,4,0.8028169,0.8028169,0.8028169
CCC#CCOc1cc(COc2ccc(Cl)cc2C)ccc1Sc1ccc(OCC(=O)O)c2c1CCCC2,train,train,train,4,4,0.8333333,0.8333333,0.8333333
C#CCOc1cc(COc2ccc(C(F)(F)F)cc2)ccc1Sc1ccc(OCC(=O)O)c(C)c1C,train,train,train,4,4,0.796875,0.796875,0.796875
C#CCOc1cc(COc2ccc(C(F)(F)F)cc2)ccc1Sc1ccc(OCC(=O)O)c2c1CCCC2,train,train,train,4,4,0.83076924,0.83076924,0.80597013
CC#CCOc1cc(COc2ccc(C(F)(F)F)cc2)ccc1Sc1ccc(OCC(=O)O)c2c1CCCC2,test,test,test,4,4,0.8636364,0.8636364,0.8636364
CCC#CCOc1cc(COc2ccc(C(F)(F)F)cc2)ccc1Sc1ccc(OCC(=O)O)c2c1CCCC2,train,train,train,4,4,0.8787879,0.8787879,0.8787879
CC(C)(O)C#CCOc1cc(COc2ccc(C(F)(F)F)cc2)ccc1Sc1ccc(OCC(=O)O)c2c1CCCC2,train,train,test,4,4,0.8382353,0.8382353,0.8382353
O=C(O)COc1ccc(Sc2ccc(COc3ccc(C(F)(F)F)cc3)cc2OCC#CCO)c2c1CCCC2,train,train,test,4,4,0.8769231,0.8769231,0.8769231
C[C@H](O)C#CCOc1cc(COc2ccc(C(F)(F)F)cc2)ccc1Sc1ccc(OCC(=O)O)c2c1CCCC2,test,test,train,4,4,0.85294116,0.85294116,0.85294116
COCC#CCOc1cc(COc2ccc(C(F)(F)F)cc2)ccc1Sc1ccc(OCC(=O)O)c2c1CCCC2,train,train,train,4,4,0.88235295,0.88235295,0.88235295
COCCC#CCOc1cc(COc2ccc(C(F)(F)F)cc2)ccc1Sc1ccc(OCC(=O)O)c2c1CCCC2,train,train,train,4,4,0.88235295,0.88235295,0.88235295
O=C(O)COc1ccc(Sc2ccc(COc3ccc(C(F)(F)F)cc3)cc2OCC#Cc2cccnc2)c2c1CCCC2,train,train,train,4,4,0.7567568,0.7567568,0.7368421
CCC#CCOc1cc(COc2cccc(C(F)(F)F)c2)ccc1Sc1ccc(OCC(=O)O)c2c1CCCC2,train,train,train,4,4,0.8405797,0.8405797,0.8405797
CCC#CCOc1cc(COc2ccccc2C(F)(F)F)ccc1Sc1ccc(OCC(=O)O)c2c1CCCC2,train,train,train,4,4,0.7714286,0.7714286,0.7714286
CCC#CCOc1cc(COc2ccc(Cl)cc2)ccc1Sc1ccc(OCC(=O)O)c2c1CCCC2,train,train,train,1,1,0.8333333,0.8333333,0.8333333
COc1ccc(C(=O)c2c(C)n(Cc3cccc(O[C@@H](C)C(=O)O)c3)c3cc(OC(F)(F)F)ccc23)cc1,train,train,train,4,4,0.72307694,0.72307694,0.72307694
COc1ccc2c(-c3c(C)n(Cc4cc(O[C@@H](C)C(=O)O)ccc4Cl)c4cc(OC(F)(F)F)ccc34)noc2c1,test,test,train,4,4,0.6707317,0.6707317,0.6707317
Cc1c(Oc2ccc(Cl)cc2)c2ccc(OC(F)(F)F)cc2n1Cc1ccc(Cl)c(O[C@@H](C)C(=O)O)c1,test,test,test,4,4,0.7083333,0.7083333,0.7083333
CC[C@@H](Oc1cccc(-n2c(C)c(C(=O)c3ccc(OC)cc3)c3ccc(OC(F)(F)F)cc32)c1)C(=O)O,train,train,train,4,4,0.6111111,0.6111111,0.6111111
Cc1c(C(=O)c2ccc(Cl)cc2)c2ccc(OC(F)(F)F)cc2n1Cc1cccc(OC2(C(=O)O)CCC2)c1,train,train,test,4,4,0.7222222,0.7222222,0.7222222
CC[C@@](C)(Oc1cccc(Cn2c(C)c(C(=O)c3ccc(Cl)cc3)c3ccc(OC(F)(F)F)cc32)c1)C(=O)O,test,test,test,4,4,0.7761194,0.7761194,0.7761194
Cc1c(C(=O)c2ccc(Cl)cc2)c2ccc(OC(F)(F)F)cc2n1Cc1cccc(OCC(=O)O)c1,train,train,train,4,4,0.7222222,0.7222222,0.6956522
Cc1c(Cc2cccc(OCC(=O)O)c2)c2cc(OC(F)(F)F)ccc2n1C(=O)c1ccc(Cl)cc1,train,train,train,4,4,0.8153846,0.8153846,0.8153846
CCOC(=O)CN(Cc1ccc(OCCN2CCC(C)(C)c3cc(/C(=N/O)c4ccccc4)ccc32)cc1)C(=O)O,test,test,train,1,1,0.5730337,0.5730337,0.59302324
CO/N=C(\c1ccccc1)c1ccc2c(c1)C(C)(C)CCN2CCOc1ccc(C[C@H](Nc2ccccc2C(=O)c2ccccc2)C(=O)O)cc1,train,train,train,2,2,0.6896552,0.6896552,0.70238096
CO/N=C(\c1ccccc1)c1ccc2c(c1)C(C)(C)CCN2CCOc1ccc(C[C@H](OCC(F)(F)F)C(=O)O)cc1,train,train,train,2,2,0.72289157,0.72289157,0.84210527
CCO[C@@H](Cc1ccc(OCCN2CCC(C)(C)c3cc(/C(=N/OCC4CC4)c4ccccc4)ccc32)cc1)C(=O)O,train,train,train,2,2,0.835443,0.835443,0.835443
CCO[C@@H](Cc1ccc(OCCN2CCC(C)(C)c3cc(/C(=N/OCc4ccccc4)c4ccccc4)ccc32)cc1)C(=O)O,train,train,train,2,2,0.84615386,0.84615386,0.85333335
C=CCO/N=C(\c1ccccc1)c1ccc2c(c1)C(C)(C)CCN2CCOc1ccc(C[C@H](OCC)C(=O)O)cc1,train,train,test,2,2,0.84615386,0.84615386,0.84615386
CCO[C@@H](Cc1ccc(OCCN2CCC(C)(C)c3cc(/C(=N/OC)c4ccccc4)ccc32)cc1)C(=O)O,test,test,train,2,2,0.85333335,0.85333335,0.85333335
CCCCC/C(=C\CCCCCCCCCCC(=O)O)[N+](=O)[O-],train,train,train,1,1,0.3617021,0.3617021,0.3617021
CC(Cc1ccc(Oc2cc(N3CCN(CC4CCCCC4)CC3)nc(N)n2)cc1)(Oc1ccccc1)C(=O)O,train,train,train,4,4,0.7910448,0.7910448,0.7910448
CC(Cc1ccc(Oc2cc(N3CCN(Cc4ccccc4)CC3)nc(N)n2)cc1)(Oc1ccccc1)C(=O)O,train,train,train,4,4,0.91935486,0.91935486,0.91935486
CC(Cc1ccc(Oc2cc(N3CCN(Cc4cccc5ccccc45)CC3)nc(N)n2)cc1)(Oc1ccccc1)C(=O)O,test,test,train,4,4,0.8208955,0.8208955,0.8208955
CC(Cc1ccc(Oc2cc(N3CCN(Cc4ccc(C(C)(C)C)cc4)CC3)nc(N)n2)cc1)(Oc1ccccc1)C(=O)O,train,train,train,4,4,0.91935486,0.91935486,0.91935486
Cc1cccc(CN2CCN(c3cc(Oc4ccc(CC(C)(Oc5ccccc5)C(=O)O)cc4)nc(N)n3)CC2)c1,train,train,train,4,4,0.8769231,0.8769231,0.8769231
CC(Cc1ccc(Oc2cc(N3CCN(Cc4cccc(C(F)(F)F)c4)CC3)nc(N)n2)cc1)(Oc1ccccc1)C(=O)O,train,train,train,4,4,0.8382353,0.8382353,0.8382353
CC(Cc1ccc(Oc2cc(N3CCN(Cc4ccco4)CC3)nc(N)n2)cc1)(Oc1ccccc1)C(=O)O,train,train,train,4,4,0.8088235,0.8088235,0.8088235
CC(Cc1ccc(Oc2cc(N3CCN(c4ccccc4)CC3)nc(N)n2)cc1)(Oc1ccccc1)C(=O)O,train,train,train,4,4,0.8852459,0.8852459,0.8852459
CC(Cc1ccc(Oc2cc(N3CCN(c4cccc(Cl)c4)CC3)nc(N)n2)cc1)(Oc1ccccc1)C(=O)O,train,train,train,4,4,0.8852459,0.8852459,0.8852459
CC(Cc1ccc(Oc2cc(N3CCN(c4ncccn4)CC3)nc(N)n2)cc1)(Oc1ccccc1)C(=O)O,train,train,train,4,4,0.82258064,0.82258064,0.82258064
CCCCC(Sc1ccc(OCCCOc2ccccc2)cc1)C(=O)O,test,test,train,1,1,0.88095236,0.88095236,0.88095236
CCCCC(Sc1ccc(OCCCOc2ccccc2C)cc1)C(=O)O,train,train,train,1,1,0.8,0.8,0.8043478
CCCCC(Sc1ccc(OCCCOc2cccc(C)c2)cc1)C(=O)O,train,train,train,1,1,0.8,0.8,0.8043478
CCCCC(Sc1ccc(OCCCOc2ccc(C)cc2)cc1)C(=O)O,test,test,train,1,1,0.8181818,0.8181818,0.8333333
CCCCC(Sc1ccc(OCCCOc2ccc(C)c(C)c2)cc1)C(=O)O,train,train,train,1,1,0.76,0.76,0.7826087
CCCCC(Sc1ccc(OCCCOc2cccc3c2CCCC3)cc1)C(=O)O,train,train,train,1,1,0.7017544,0.7017544,0.7017544
CCCCC(Sc1ccc(OCCCOc2ccccc2OC)cc1)C(=O)O,train,train,train,1,1,0.8,0.8,0.8043478
CCCCC(Sc1ccc(OCCCOc2cccc(OC)c2)cc1)C(=O)O,train,train,test,1,1,0.8,0.8,0.8043478
CCCCC(Sc1ccc(OCCCOc2ccccc2C(C)C)cc1)C(=O)O,train,train,train,1,1,0.7692308,0.7692308,0.7708333
CCCCC(Sc1ccc(OCCCOc2cccc(C(C)C)c2)cc1)C(=O)O,train,train,test,1,1,0.7692308,0.7692308,0.7708333
CCCCC(Sc1ccc(OCCCOc2cccc(C(F)(F)F)c2)cc1)C(=O)O,train,train,train,1,1,0.7407407,0.7407407,0.7407407
CCCCC(Sc1ccc(OCCCOc2ccc(Cl)c(C(F)(F)F)c2)cc1)C(=O)O,train,train,train,1,1,0.70689654,0.70689654,0.70689654
CCCCC(Sc1ccc(OCCCOc2ccc(-c3ccccc3)cc2)cc1)C(=O)O,train,train,train,1,1,0.75510204,0.75510204,0.88095236
CCCCC(Sc1ccc(OCCCOc2ccc3ncccc3c2)cc1)C(=O)O,train,train,train,1,1,0.6666667,0.6666667,0.6923077
Cc1cccc(OCCCOc2ccc(SCC(=O)O)cc2)c1C,train,train,train,1,1,0.6458333,0.6458333,0.6458333
Cc1cccc(OCCCOc2ccc(CCC(=O)O)cc2)c1C,train,train,train,1,1,0.6458333,0.6458333,0.6458333
CCCCC(Cc1ccc(OCCCOc2cccc(C)c2C)cc1)C(=O)O,train,train,train,2,2,0.63461536,0.63461536,0.63461536
O=C(O)C(Cc1ccccc1)Oc1ccc(CSc2ccccc2)cc1,train,train,train,2,2,0.9189189,0.9189189,0.675
O=C(O)C(Cc1ccccc1)Oc1ccc(C#Cc2ccccc2)cc1,train,train,train,2,2,0.7105263,0.7105263,0.7105263
O=C(O)C(Cc1ccccc1)Oc1ccc(/C=C/c2ccccc2)cc1,train,train,train,2,2,0.7027027,0.7027027,0.7027027
O=C(O)C(Cc1ccccc1)Oc1ccc(CCCc2ccccc2)cc1,train,train,train,2,2,0.75,0.75,0.75
O=C(O)C(Cc1ccccc1)Oc1ccc(SCc2ccccc2)cc1,train,train,test,2,2,0.9189189,0.9189189,0.9189189
O=C(O)C(Cc1ccccc1)Oc1ccc(OCc2ccccc2)cc1,train,train,train,2,2,0.9411765,0.9411765,0.7222222
O=C(O)C(Cc1ccccc1)Oc1ccc(COc2ccccc2)cc1,train,train,test,2,2,0.9411765,0.9411765,0.9411765
O=C(O)C(Cc1ccccc1)Oc1ccc(CNc2ccccc2)cc1,train,train,train,2,2,0.9189189,0.9189189,0.675
O=C(O)C(Cc1ccccc1)Oc1ccc(NCc2ccccc2)cc1,train,train,test,2,2,0.9189189,0.9189189,0.9189189
COc1cc(OC)cc(-c2coc3cc(O)ccc3c2=O)c1,train,train,test,4,4,0.7906977,0.7906977,0.7906977
O=c1c(-c2ccc3c(c2)OCO3)coc2cc(O)ccc12,train,train,train,1,1,0.62222224,0.62222224,0.62222224
O=c1c(-c2ccc(F)cc2)coc2cc(O)ccc12,train,train,train,4,4,0.62222224,0.62222224,0.62222224
COc1cccc(-c2coc3cc(O)ccc3c2=O)c1,train,train,train,4,4,0.7906977,0.7906977,0.5744681
Cc1oc(-c2ccccc2)nc1CCCc1ccc(CC(C(=O)O)c2ccsc2)cc1,train,train,train,0,0,0.8,0.8,0.8
Cc1cc(C(Cc2ccc(CCCc3nc(-c4ccccc4)oc3C)cc2)C(=O)O)no1,train,train,train,0,0,0.75,0.75,0.75
Cc1cc(C(Cc2ccc(CCCc3nc(-c4ccccc4)oc3C)cc2)C(=O)O)on1,train,train,train,0,0,0.75,0.75,0.75
C/C(=N\OCCCCO/N=C(/CCC(=O)O)c1ccccc1)c1ccc(S(C)(=O)=O)cc1,train,train,train,4,4,0.75510204,0.75510204,0.74
CCCCc1cccc(/C(C)=N/OCCCCO/N=C(/CCC(=O)O)c2ccccc2)c1,train,train,test,1,1,0.7169811,0.7169811,0.7169811
C/C(=N\OCCCCO/N=C(/CCC(=O)O)c1ccccc1)c1cccc(-c2ccccc2)c1,train,train,train,4,4,0.75510204,0.75510204,0.75510204
C/C(=N\OCCCCO/N=C(/CCC(=O)O)c1ccccc1)c1ccc2ccccc2c1,test,test,train,4,4,0.7755102,0.7755102,0.7755102
C/C(=N\OCCCCO/N=C(/CCC(=O)O)c1ccccc1)c1ccc2c(c1)CCCC2,train,train,train,1,1,0.7307692,0.7307692,0.75
COc1ccc(/C(C)=N/OCCCCO/N=C(/CCC(=O)O)c2ccccc2)cc1OC,train,train,train,1,1,0.78,0.78,0.86
C/C(=N\OCCCCO/N=C(/CCC(=O)O)c1ccccc1)c1ccc(C)c(C)c1,train,train,train,4,4,0.78723407,0.78723407,0.8367347
COc1cc(/C(C)=N/OCCCCO/N=C(/CCC(=O)O)c2ccccc2)ccc1C,test,test,train,4,4,0.86,0.86,0.86
COc1cc(/C(C)=N/OCCCCO/N=C(/CCC(=O)O)c2ccccc2)ccc1F,test,test,train,4,4,0.8269231,0.8269231,0.8269231
CCCc1nc2ccc(C(=O)NC(CC)c3ccccc3)cc2n1Cc1ccc(-c2ccccc2C(=O)O)cc1,test,test,train,3,3,0.880597,0.880597,0.880597
CCC(C(=O)Nc1ccc2c(c1)c(C)c(C)n2Cc1ccc(-c2ccccc2C(=O)O)cc1)c1ccccc1,train,train,test,3,3,0.7123288,0.7123288,0.69014084
CCCc1c(SC)c2ccc(NC(=O)C(CC)c3ccccc3)cc2n1Cc1ccc(-c2ccccc2C(=O)O)cc1,test,test,train,3,3,0.8857143,0.8857143,0.67105263
CCC(NC(=O)c1ccc2cc(C)n(Cc3ccc(-c4ccccc4C(=O)O)cc3)c2c1)c1ccccc1,train,train,train,3,3,0.6805556,0.6805556,0.87096775
Cc1c(C)n(Cc2ccc(-c3ccccc3C(=O)O)cc2)c2ccc(C(=O)NCCCc3ccccc3)cc12,train,train,train,3,3,0.7777778,0.7777778,0.7777778
CCC(NC(=O)c1ccc2c(c1)cc(C)n2Cc1ccc(-c2ccccc2C(=O)O)cc1)c1ccccc1,test,test,train,3,3,0.87096775,0.87096775,0.87096775
CCCc1c(SC)c2cc(NC(=O)C(CC)c3ccccc3)ccc2n1Cc1ccc(-c2ccccc2C(=O)O)cc1,train,train,test,3,3,0.7123288,0.7123288,0.8857143
CCCc1cc2cc(NC(=O)C(CC)c3ccccc3)ccc2n1Cc1ccc(-c2ccccc2C(=O)O)cc1,test,test,train,3,3,0.6933333,0.6933333,0.67105263
CCC(NC(=O)c1ccc2c(c1)c(SC)c(C)n2Cc1ccc(-c2ccccc2C(=O)O)cc1)c1ccccc1,train,train,train,3,3,0.7297297,0.7297297,0.7297297
C/C(=N\OCCCCO/N=C(/CCC(=O)O)c1ccccc1)c1ccc(F)cc1,test,test,train,4,4,0.8043478,0.8043478,0.74
C/C(=N\OCCCCO/N=C(/CCC(=O)O)c1ccccc1)c1ccc(C)cc1,train,train,test,4,4,0.78723407,0.78723407,0.8043478
COc1ccc(/C(C)=N/OCCCCO/N=C(/CCC(=O)O)c2ccccc2)cc1,train,train,test,1,1,0.78723407,0.78723407,0.7755102
C/C(=N\OCCCCO/N=C(/CCC(=O)O)c1ccccc1)c1ccc(C(F)(F)F)cc1,train,train,test,4,4,0.75510204,0.75510204,0.7755102
Cc1cc(OCc2nc(-c3ccc(C(=O)N(C)C(C)C)cc3)c(-c3ccc(OC(F)(F)F)cc3)o2)ccc1OCC(=O)O,train,train,test,4,4,0.71794873,0.71794873,0.71428573
Cc1cc(OCc2nc(-c3ccc(C(=O)N(C)C(C)C)cc3)c(-c3ccc(OC(F)(F)F)cc3)s2)ccc1OCC(=O)O,train,train,test,4,4,0.71794873,0.71794873,0.70886075
Cc1cc(OCc2nc(-c3ccc(C(=O)N4CCCCC4)cc3)c(-c3ccc(OC(F)(F)F)cc3)s2)ccc1OCC(=O)O,train,train,train,4,4,0.70886075,0.70886075,0.4945055
Cc1cc(OCc2nc(-c3cnc(OC(C)C)nc3)c(-c3ccc(OC(F)(F)F)cc3)o2)ccc1OCC(=O)O,test,test,test,4,4,0.8695652,0.8695652,0.8695652
Cc1cc(OCc2nc(-c3cnc(N4CCOCC4)nc3)c(-c3ccc(OC(F)(F)F)cc3)o2)ccc1OCC(=O)O,train,train,train,4,4,0.8767123,0.8767123,0.8767123
Cc1cc(OCc2nc(-c3ccc(N4CCOCC4)nc3)c(-c3ccc(OC(F)(F)F)cc3)o2)ccc1OCC(=O)O,train,train,train,4,4,0.8767123,0.8767123,0.8767123
Cc1cc(OCc2nc(-c3ccc(OC(C)C)nc3)c(-c3ccc(OC(F)(F)F)cc3)o2)ccc1OCC(=O)O,train,train,train,4,4,0.71428573,0.71428573,0.7051282
CCOC(Cc1ccc(OCc2nc(-c3ccc(OC)cc3)c(-c3ccc(C(F)(F)F)cc3)s2)cc1)C(=O)O,train,train,train,2,2,0.5070422,0.5070422,0.5070422
COc1ccc(-c2nc(SCCCCOc3ccc(OCC(=O)O)cc3Cl)sc2-c2ccc(OC)cc2)cc1,test,test,train,1,1,0.8947368,0.8947368,0.8947368
COc1ccc(-c2nc(SCCCOc3ccc(OCC(=O)O)cc3Cl)sc2-c2ccc(OC)cc2)cc1,test,test,test,1,1,0.91071427,0.91071427,0.9464286
COc1ccc(-c2nc(SCCOc3ccc(OCC(=O)O)c(C)c3)sc2-c2ccc(OC)cc2)cc1,train,train,test,1,1,0.90909094,0.90909094,0.90909094
COc1ccc(-c2nc(SCCOc3ccc(OCC(=O)O)cc3Cl)sc2-c2ccc(OC)cc2)cc1,train,train,train,1,1,0.75,0.75,0.8947368
COc1ccc(-c2nc(SCCCCOc3ccc(OCC(=O)O)c(C)c3)sc2-c2ccc(OC)cc2)cc1,train,train,train,1,1,0.94545454,0.94545454,0.94545454
COc1ccc(-c2nc(SCCCOc3ccc(OCC(=O)O)c(C)c3)sc2-c2ccc(OC)cc2)cc1,train,train,train,1,1,0.94545454,0.94545454,0.94545454
COc1ccc(-c2nc(Sc3cccc(C(C)C(=O)O)c3)sc2-c2ccc(OC)cc2)cc1,train,train,train,4,4,0.44927537,0.44927537,0.44285715
CCCCCCC(Sc1nc(Cl)cc(Nc2cccc(C)c2C)n1)C(=O)O,train,train,train,4,4,0.92727274,0.92727274,0.92727274
Cc1cccc(Nc2cc(Cl)nc(SC(C(=O)O)c3cccc4ccccc34)n2)c1C,train,train,train,4,4,0.8,0.8,0.8
O=C(O)C(Sc1nc(Cl)cc(Nc2ccc3ccccc3c2)n1)c1cccc2ccccc12,train,train,train,4,4,0.8181818,0.8181818,0.8301887
O=C(O)C(Sc1nc(Cl)cc(Nc2ccc3c(c2)CCC3)n1)c1cccc2ccccc12,test,test,test,4,4,0.7627119,0.7627119,0.7627119
Cc1ccc(Nc2cc(Cl)nc(SC(C(=O)O)c3cccc4ccccc34)n2)cc1C,train,train,test,4,4,0.8035714,0.8035714,0.8035714
CC(C)c1ccc(Nc2cc(Cl)nc(SC(C(=O)O)c3cccc4ccccc34)n2)cc1,train,train,train,4,4,0.8181818,0.8181818,0.8333333
O=C(O)C(Sc1nc(Cl)cc(Nc2cccc(Cl)c2)n1)c1cccc2ccccc12,train,train,train,4,4,0.8148148,0.8148148,0.8301887
O=C(O)C(Sc1nc(Cl)cc(Nc2ccc(Cl)cc2)n1)c1cccc2ccccc12,test,test,train,4,4,0.8490566,0.8490566,0.8490566
O=C(O)C(Sc1nc(Cl)cc(Nc2ccc(F)cc2)n1)c1cccc2ccccc12,train,train,train,4,4,0.8035714,0.8035714,0.8490566
CC(C)CCNc1cc(Cl)nc(SC(C(=O)O)c2cccc3ccccc23)n1,test,test,train,4,4,0.7818182,0.7818182,0.7818182
O=C(O)C(Sc1nc(Cl)cc(NCCc2ccccc2)n1)c1cccc2ccccc12,train,train,train,4,4,0.92156863,0.92156863,0.92156863
O=C(O)C(Sc1nc(Cl)cc(NCCCc2ccccc2)n1)c1cccc2ccccc12,train,train,train,4,4,0.92156863,0.92156863,0.92156863
Cc1cccc(Nc2cc(Cl)nc(SC(C(=O)O)c3ccc(-c4ccccc4)c4ccccc34)n2)c1C,train,train,train,4,4,0.8,0.8,0.8
Cc1ccc(OC(=O)N(CC(=O)O)Cc2ccc(OCCc3nc(-c4ccc(Cl)cc4)oc3C)cc2)cc1,train,train,test,0,0,0.852459,0.852459,0.83076924
Cc1ccc(OC(=O)N(CC(=O)O)Cc2ccc(OCc3nc(-c4ccc(Cl)cc4)oc3C)cc2)cc1,train,train,test,0,0,0.852459,0.852459,0.765625
Cc1ccc(OC(=O)N(CC(=O)O)Cc2cccc(OCCc3nc(-c4ccc(Cl)cc4)oc3C)c2)cc1,test,test,train,0,0,0.83076924,0.83076924,0.8030303
Cc1ccc(OC(=O)N(CC(=O)O)Cc2cccc(OCc3oc(-c4ccc(Cl)cc4)nc3C)c2)cc1,test,test,train,0,0,0.7352941,0.7352941,0.7352941
Cc1ccc(OC(=O)N(CC(=O)O)Cc2cccc(OCc3sc(-c4ccc(Cl)cc4)nc3C)c2)cc1,train,train,train,4,4,0.7910448,0.7910448,0.7910448
Cc1ccc(OC(=O)N(CC(=O)O)Cc2cccc(OCc3nc(-c4ccc(Cl)cc4)sc3C)c2)cc1,train,train,train,4,4,0.7910448,0.7910448,0.7910448
Cc1ccc(OC(=O)N(CC(=O)O)Cc2cccc(OCc3nc(-c4ccccc4Cl)oc3C)c2)cc1,train,train,train,0,0,0.8208955,0.8208955,0.8208955
Cc1ccc(OC(=O)N(CC(=O)O)Cc2cccc(OCc3nc(-c4cccc(Cl)c4)oc3C)c2)cc1,test,test,train,0,0,0.8769231,0.8769231,0.8769231
Cc1ccc(OC(=O)N(CC(=O)O)Cc2cccc(OCc3nc(-c4ccccc4)oc3C)c2)cc1,train,train,train,0,0,0.9661017,0.9661017,0.98333335
Cc1ccc(OC(=O)N(CC(=O)O)Cc2cccc(OCc3nc(-c4ccc(F)cc4)oc3C)c2)cc1,train,train,test,0,0,0.91935486,0.91935486,0.91935486
Cc1ccc(OC(=O)N(CC(=O)O)Cc2cccc(OCc3nc(-c4ccc(C(C)(C)C)cc4)oc3C)c2)cc1,train,train,train,0,0,0.9047619,0.9047619,0.9047619
Cc1ccc(OC(=O)N(CC(=O)O)Cc2cccc(OCc3nc(-c4ccc(-c5ccccc5)cc4)oc3C)c2)cc1,test,test,train,0,0,0.98333335,0.98333335,0.98333335
Cc1ccc(OC(=O)N(CC(=O)O)Cc2cccc(OCc3nc(-c4ccc(N5CCOCC5)cc4)oc3C)c2)cc1,train,train,test,0,0,0.8382353,0.8382353,0.8382353
Cc1ccc(OC(=O)N(CC(=O)O)Cc2cccc(OCc3nc(-c4ccc(C#N)cc4)oc3C)c2)cc1,train,train,train,0,0,0.8769231,0.8769231,0.8769231
COc1ccc(-c2nc(COc3cccc(CN(CC(=O)O)C(=O)Oc4ccc(C)cc4)c3)c(C)o2)cc1,train,train,train,0,0,0.9661017,0.9661017,0.9661017
Cc1ccc(OC(=O)N(CC(=O)O)Cc2cccc(OCc3nc(-c4ccc(C)cc4)oc3C)c2)cc1,train,train,train,0,0,0.9661017,0.9661017,0.9661017
Cc1ccc(OC(=O)N(CC(=O)O)Cc2cccc(OCc3nc(-c4ccc(C(C)C)cc4)oc3C)c2)cc1,train,train,train,0,0,0.9047619,0.9047619,0.9047619
Cc1ccc(OC(=O)N(CC(=O)O)Cc2cccc(OCc3nc(-c4ccc(C(F)(F)F)cc4)oc3C)c2)cc1,train,train,train,0,0,0.88235295,0.88235295,0.88235295
Cc1oc(-c2ccc(Cl)cc2)nc1COc1cccc(CN(CC(=O)O)C(=O)OC2CCCCC2)c1,train,train,train,0,0,0.9846154,0.9846154,0.9846154
Cc1oc(-c2ccc(Cl)cc2)nc1COc1cccc(CN(CC(=O)O)C(=O)OC2CCCC2)c1,train,train,train,0,0,0.9846154,0.9846154,0.9846154
Cc1oc(-c2ccc(Cl)cc2)nc1COc1cccc(CN(CC(=O)O)C(=O)OC2CCC2)c1,train,train,train,0,0,0.9692308,0.9692308,0.9692308
Cc1oc(-c2ccc(Cl)cc2)nc1COc1cccc(CN(CC(=O)O)C(=O)OCC2CC2)c1,test,test,train,0,0,0.7916667,0.7916667,0.7916667
CCCOC(=O)N(CC(=O)O)Cc1cccc(OCc2nc(-c3ccc(Cl)cc3)oc2C)c1,train,train,train,0,0,0.7826087,0.7826087,0.7887324
Cc1cccc(N2CCN([C@@H](Cc3ccc(OCCc4nc(-c5ccccc5)oc4C)cc3)C(=O)O)CC2)c1,train,train,test,0,0,0.890625,0.890625,0.86764705
Cc1oc(-c2ccccc2)nc1CCOc1ccc(C[C@@H](C(=O)O)N2CCN(c3ccccc3)CC2)cc1,train,train,test,0,0,0.91935486,0.91935486,0.91935486
Cc1ccc(N2CCN([C@@H](Cc3ccc(OCCc4nc(-c5ccccc5)oc4C)cc3)C(=O)O)CC2)cc1,train,train,train,0,0,0.91935486,0.91935486,0.8115942
Cc1oc(-c2ccccc2)nc1CCOc1ccc(C[C@@H](C(=O)O)N2CCN(c3cccc(Cl)c3)CC2)cc1,train,train,train,0,0,0.8769231,0.8769231,0.8115942
Cc1oc(-c2ccccc2)nc1CCOc1ccc(C[C@@H](C(=O)O)N2CCN(S(=O)(=O)c3ccccc3[N+](=O)[O-])CC2)cc1,train,train,test,0,0,0.81578946,0.81578946,0.75641024
Cc1oc(-c2ccccc2)nc1CCOc1ccc(C[C@@H](C(=O)O)N2CCN(S(=O)(=O)c3ccccc3F)CC2)cc1,train,train,test,0,0,0.81578946,0.81578946,0.82191783
Cc1oc(-c2ccccc2)nc1CCOc1ccc(C[C@@H](C(=O)O)N2CCN(S(=O)(=O)c3ccc(F)cc3)CC2)cc1,test,test,train,0,0,0.82191783,0.82191783,0.73913044
COc1cc(O)c2c(c1C(=O)NCc1ccccc1)OC1=CC(O)=C(C(C)=O)C(=O)[C@]12C,train,train,train,4,4,0.83076924,0.83076924,0.83076924
COc1cccc(CNC(=O)N2C(=O)c3c(cc(O)c4c3OC3=CC(O)=C(C(C)=O)C(=O)[C@]34C)OC2OC)c1,test,test,train,4,4,0.8701299,0.8701299,0.8701299
COc1ccc(CNC(=O)N2C(=O)c3c(cc(O)c4c3OC3=CC(O)=C(C(C)=O)C(=O)[C@]34C)OC2OC)cc1,train,train,train,4,4,0.8684211,0.8684211,0.8701299
COC1Oc2cc(O)c3c(c2C(=O)N1C(=O)NCc1ccccc1[N+](=O)[O-])OC1=CC(O)=C(C(C)=O)C(=O)[C@]13C,test,test,train,4,4,0.8271605,0.8271605,0.835443
COC1Oc2cc(O)c3c(c2C(=O)N1C(=O)NCc1cccc([N+](=O)[O-])c1)OC1=CC(O)=C(C(C)=O)C(=O)[C@]13C,train,train,train,4,4,0.88461536,0.88461536,0.88461536
COC1Oc2cc(O)c3c(c2C(=O)N1C(=O)NCc1ccc([N+](=O)[O-])cc1)OC1=CC(O)=C(C(C)=O)C(=O)[C@]13C,train,train,train,4,4,0.88461536,0.88461536,0.88461536
COC1Oc2cc(O)c3c(c2C(=O)N1C(=O)NCc1ccccc1Cl)OC1=CC(O)=C(C(C)=O)C(=O)[C@]13C,test,test,test,4,4,0.8125,0.8125,0.85714287
COC1Oc2cc(O)c3c(c2C(=O)N1C(=O)NCc1cccc(Cl)c1)OC1=CC(O)=C(C(C)=O)C(=O)[C@]13C,train,train,test,4,4,0.8701299,0.8701299,0.8701299
COC1Oc2cc(O)c3c(c2C(=O)N1C(=O)NCc1ccc(Cl)cc1)OC1=CC(O)=C(C(C)=O)C(=O)[C@]13C,train,train,train,4,4,0.8701299,0.8701299,0.8684211
COC1Oc2cc(O)c3c(c2C(=O)N1C(=O)NCc1cccnc1)OC1=CC(O)=C(C(C)=O)C(=O)[C@]13C,train,train,test,4,4,0.80487806,0.80487806,0.8271605
COC1Oc2cc(O)c3c(c2C(=O)N1C(=O)NCc1ccco1)OC1=CC(O)=C(C(C)=O)C(=O)[C@]13C,train,train,train,4,4,0.79746836,0.79746836,0.79746836
COC1Oc2cc(O)c3c(c2C(=O)N1C(=O)NCc1ccoc1)OC1=CC(O)=C(C(C)=O)C(=O)[C@]13C,train,train,train,4,4,0.83116883,0.83116883,0.83116883
COC1Oc2cc(O)c3c(c2C(=O)N1C(=O)NCc1cccs1)OC1=CC(O)=C(C(C)=O)C(=O)[C@]13C,test,test,test,4,4,0.79268295,0.79268295,0.79012346
COC1Oc2cc(O)c3c(c2C(=O)N1C(=O)NCc1ccsc1)OC1=CC(O)=C(C(C)=O)C(=O)[C@]13C,train,train,train,4,4,0.8101266,0.8101266,0.8101266
COC1Oc2cc(O)c3c(c2C(=O)N1C(=O)NCc1cc2ccccc2o1)OC1=CC(O)=C(C(C)=O)C(=O)[C@]13C,train,train,train,4,4,0.79268295,0.79268295,0.825
COC1Oc2cc(O)c3c(c2C(=O)N1C(=O)NCc1cc2ccccc2s1)OC1=CC(O)=C(C(C)=O)C(=O)[C@]13C,train,train,test,4,4,0.78571427,0.78571427,0.825
COC1Oc2cc(O)c3c(c2C(=O)N1C(=O)NCc1cccc2ccccc12)OC1=CC(O)=C(C(C)=O)C(=O)[C@]13C,test,test,train,4,4,0.825,0.825,0.835443
CCCCCCOC(=O)C1C(c2ccccc2)C(C(=O)O)C1c1ccccc1,test,test,test,1,1,1.0,1.0,1.0
CC(C)CCOC(=O)C1C(c2ccccc2)C(C(=O)O)C1c1ccccc1,test,test,train,2,2,0.6511628,0.6511628,0.6511628
Cc1cccc(OC(=O)C2C(c3ccccc3)C(C(=O)O)C2c2ccccc2)c1,train,train,train,4,4,0.60465115,0.60465115,0.60465115
Cc1ccccc1OC(=O)C1C(c2ccccc2)C(C(=O)O)C1c1ccccc1,train,train,train,4,4,0.60465115,0.60465115,0.60465115
CCCCCCCOC(=O)C1C(c2ccccc2)C(C(=O)O)C1c1ccccc1,train,train,train,1,1,0.5,0.5,0.6511628
CCCCCCCCOC(=O)C1C(c2ccccc2)C(C(=O)O)C1c1ccccc1,test,test,test,1,1,1.0,1.0,1.0
COC(=O)N(CC(=O)O)Cc1cccc(OCc2coc(-c3ccc(Cl)cc3)n2)c1,train,train,train,4,4,0.8833333,0.8833333,0.8833333
COC(=O)N(CC(=O)O)Cc1cccc(OCc2coc(-c3ccc(C(F)(F)F)cc3)n2)c1,train,train,train,4,4,0.828125,0.828125,0.828125
COC(=O)N(CC(=O)O)Cc1cccc(OCc2coc(-c3ccc(C)cc3)n2)c1,train,train,train,4,4,0.8833333,0.8833333,0.8833333
COC(=O)N(CC(=O)O)Cc1cccc(OCc2coc(-c3ccc(F)c(Cl)c3)n2)c1,train,train,train,4,4,0.859375,0.859375,0.859375
COC(=O)N(CC(=O)O)[C@@H](C)c1cccc(OCc2coc(-c3ccc(C)cc3)n2)c1,train,train,train,4,4,0.7638889,0.7638889,0.7638889
COC(=O)N(CC(=O)O)Cc1cccc(OCc2csc(-c3ccc(Cl)cc3)n2)c1,train,train,train,4,4,0.88135594,0.88135594,0.88135594
COC(=O)N(CC(=O)O)Cc1cccc(OCc2csc(-c3ccc(C(F)(F)F)cc3)n2)c1,train,train,train,4,4,0.82539684,0.82539684,0.82539684
COC(=O)N(CC(=O)O)Cc1cccc(OCc2csc(-c3ccc(C)cc3)n2)c1,train,train,train,4,4,0.88135594,0.88135594,0.88135594
COC(=O)N(CC(=O)O)Cc1cccc(OCc2csc(-c3cccc(Cl)c3)n2)c1,train,train,test,4,4,0.86885244,0.86885244,0.86885244
COC(=O)N(CC(=O)O)Cc1cccc(OCc2csc(-c3ccccc3Cl)n2)c1,train,train,train,4,4,0.7936508,0.7936508,0.7936508
C[C@@H](c1cccc(OCc2coc(-c3ccc(Cl)cc3)n2)c1)N(CC(=O)O)C(=O)Oc1ccccc1,train,train,train,4,4,0.9230769,0.9230769,0.9230769
Cc1cccc(OC(=O)N(CC(=O)O)[C@@H](C)c2cccc(OCc3coc(-c4ccc(Cl)cc4)n3)c2)c1,train,train,train,4,4,0.880597,0.880597,0.880597
COc1cccc(OC(=O)N(CC(=O)O)[C@@H](C)c2cccc(OCc3coc(-c4ccc(Cl)cc4)n3)c2)c1,train,train,train,4,4,0.92537314,0.92537314,0.92537314
COc1ccc(OC(=O)N(CC(=O)O)[C@@H](C)c2cccc(OCc3coc(-c4ccc(Cl)cc4)n3)c2)cc1,train,train,train,4,4,0.92537314,0.92537314,0.92537314
Cc1ccc(F)c(OC(=O)N(CC(=O)O)[C@@H](C)c2cccc(OCc3coc(-c4ccc(Cl)cc4)n3)c2)c1,train,train,train,4,4,0.8356164,0.8356164,0.8356164
COc1cc(OC(=O)N(CC(=O)O)[C@@H](C)c2cccc(OCc3coc(-c4ccc(Cl)cc4)n3)c2)ccc1F,test,test,test,4,4,0.8611111,0.8611111,0.8611111
Cc1ccc(NC(=O)CN(Cc2ccc(OC(C)(C)C(=O)O)cc2)Cc2ccco2)c(C)c1,train,train,train,4,4,0.5405405,0.5405405,0.5405405
CSc1nc(NCc2ccccc2)c(C(=O)O)c(SCc2ccccc2)n1,train,train,train,4,4,0.89361703,0.89361703,0.89361703
CCCCSc1nc(NCc2ccccc2)c(C(=O)O)c(SCc2ccccc2)n1,train,train,train,4,4,0.92,0.92,0.92
CCCCCCCCSc1nc(NCc2ccccc2)c(C(=O)O)c(SCc2ccccc2)n1,train,train,train,4,4,0.92,0.92,0.92
CCCCNc1nc(NCc2ccccc2)c(C(=O)O)c(SCc2ccccc2)n1,train,train,train,4,4,0.92,0.92,0.92
CCCCCCCNc1nc(NCc2ccccc2)c(C(=O)O)c(SCc2ccccc2)n1,train,train,train,4,4,0.92,0.92,0.92
CCCCN(C)c1nc(NCc2ccccc2)c(C(=O)O)c(SCc2ccccc2)n1,test,test,train,4,4,0.67241377,0.67241377,0.67241377
CSc1nc(Nc2ccccc2)c(C(=O)O)c(SCc2ccccc2)n1,train,train,train,4,4,0.7659575,0.7659575,0.7659575
CSc1nc(NCCc2ccccc2)c(C(=O)O)c(SCc2ccccc2)n1,train,train,train,4,4,0.7916667,0.7916667,0.7916667
CSc1nc(NCc2ccccn2)c(C(=O)O)c(SCc2ccccc2)n1,test,test,test,4,4,0.78431374,0.78431374,0.78431374
CSc1nc(NCc2cccnc2)c(C(=O)O)c(SCc2ccccc2)n1,test,test,train,4,4,0.82,0.82,0.82
CSc1nc(NCc2ccncc2)c(C(=O)O)c(SCc2ccccc2)n1,train,train,train,4,4,0.89361703,0.89361703,0.89361703
CSc1nc(NC2CC2)c(C(=O)O)c(SCc2ccccc2)n1,train,train,train,4,4,0.72,0.72,0.72
CSc1nc(NCC2CCCCC2)c(C(=O)O)c(SCc2ccccc2)n1,train,train,train,4,4,0.7037037,0.7037037,0.7037037
CSc1nc(NCc2ccccc2)c(C(=O)O)c(OCc2ccccc2)n1,test,test,test,4,4,0.63461536,0.63461536,0.63461536
CSc1nc(SCc2ccccc2)c(C(=O)O)c(SCc2ccccc2)n1,test,test,train,4,4,0.7619048,0.7619048,0.7619048
CSc1nc(Cl)c(C(=O)NCc2ccccc2)c(NCc2ccccc2)n1,train,train,train,4,4,0.5849057,0.5849057,0.5849057
O=C(O)CSc1nc(OCCc2ccccc2)cc(OCCc2ccccc2)n1,train,train,train,4,4,0.63829786,0.63829786,0.63829786
CCC(Sc1nc(OCCc2ccccc2)cc(OCCc2ccccc2)n1)C(=O)O,train,train,train,2,2,0.76,0.76,0.76
CCCCCCC(Sc1nc(OCCc2ccccc2)cc(OCCc2ccccc2)n1)C(=O)O,train,train,train,1,1,0.84,0.84,0.84
CCCCC(Sc1nc(OCCCc2ccccc2)cc(OCCCc2ccccc2)n1)C(=O)O,train,train,train,1,1,0.9361702,0.9361702,0.9361702
CCCCC(Sc1nc(OCCCCc2ccccc2)cc(OCCCCc2ccccc2)n1)C(=O)O,train,train,train,1,1,0.9361702,0.9361702,0.9361702
CCCCC(Sc1nc(OCCc2ccc(C)cc2)cc(OCCc2ccc(C)cc2)n1)C(=O)O,train,train,test,1,1,0.7818182,0.7818182,0.7818182
CCCCC(Sc1nc(OCCc2ccc(C(F)(F)F)cc2)cc(OCCc2ccc(C(F)(F)F)cc2)n1)C(=O)O,train,train,train,1,1,0.79310346,0.79310346,0.79310346
CCCCC(Sc1nc(OCCc2ccc(OC(F)(F)F)cc2)cc(OCCc2ccc(OC(F)(F)F)cc2)n1)C(=O)O,train,train,train,1,1,0.79310346,0.79310346,0.79310346
CCCCC(Sc1nc(OCCc2ccc(C#N)cc2)cc(OCCc2ccc(C#N)cc2)n1)C(=O)O,train,train,train,1,1,0.7818182,0.7818182,0.7288136
CCCCC(Sc1nc(OCCC2CCCCC2)cc(OCCC2CCCCC2)n1)C(=O)O,test,test,train,1,1,0.8979592,0.8979592,0.9791667
CCCCC(Sc1nc(OCCC2CCCC2)cc(OCCC2CCCC2)n1)C(=O)O,test,test,train,1,1,0.9166667,0.9166667,0.9791667
CCCCC(Sc1nc(OCCC2CC2)cc(OCCC2CC2)n1)C(=O)O,train,train,train,1,1,0.72,0.72,0.9166667
CCCCC(Sc1nc(OCCC(C)C)cc(OCCC(C)C)n1)C(=O)O,train,train,train,1,1,0.72,0.72,0.72
CCCc1nc2cc(Br)ccc2n1Cc1ccc(-c2ccccc2C(=O)O)cc1,train,train,train,3,3,0.85714287,0.85714287,0.85714287
CCCc1nc2ccc(Br)cc2n1Cc1ccc(-c2ccccc2C(=O)O)cc1,train,train,train,3,3,0.85714287,0.85714287,0.85714287
CCCc1nc2cc(Br)c(Br)cc2n1Cc1ccc(-c2ccccc2C(=O)O)cc1,train,train,train,3,3,0.8181818,0.8181818,0.80701756
CCCc1nc2cc(C(=O)c3ccccc3)ccc2n1Cc1ccc(-c2ccccc2C(=O)O)cc1,test,test,train,3,3,0.76666665,0.76666665,0.877193
CCCc1nc2ccc(C(=O)c3ccccc3)cc2n1Cc1ccc(-c2ccccc2C(=O)O)cc1,test,test,train,3,3,0.779661,0.779661,0.877193
CCCc1nc2cc(C(O)c3ccccc3)ccc2n1Cc1ccc(-c2ccccc2C(=O)O)cc1,train,train,train,3,3,0.8666667,0.8666667,0.8666667
CCCc1nc2ccc(C(O)c3ccccc3)cc2n1Cc1ccc(-c2ccccc2C(=O)O)cc1,train,train,train,3,3,0.8666667,0.8666667,0.8666667
CCCc1nc2cc3ccccc3cc2n1Cc1ccc(-c2ccccc2C(=O)O)cc1,train,train,test,3,3,0.8181818,0.8181818,0.8181818
O=C(Oc1ccc([N+](=O)[O-])cc1)c1cn(-c2ccccc2)nc1-c1ccccc1,train,train,test,4,4,0.33783785,0.33783785,0.33783785
COc1ccc(C(=O)c2cc(C)cn2C/C=C/c2ccc(Cl)cc2C(=O)NS(C)(=O)=O)cc1,train,train,train,4,4,0.375,0.375,0.375
COc1ccc(C(=O)c2cccn2C/C=C/c2cccc(CC(=O)O)c2)cc1,train,train,train,4,4,0.40789473,0.40789473,0.7457627
COc1ccc(C(=O)c2cccn2C/C=C/c2cccc(OCC(=O)O)c2)cc1,test,test,train,4,4,0.7457627,0.7457627,0.83928573
Cc1ccc(C(=O)c2cccn2C/C=C/c2cccc(OCC(=O)O)c2)cc1,test,test,train,4,4,0.61904764,0.61904764,0.83928573
Cc1cc(CN2CCc3ccccc3C2C(=O)Nc2ccc(Cl)cc2Cl)ccc1OCC(=O)O,train,train,test,4,4,0.69863015,0.69863015,0.69863015
Cc1cc(CN2Cc3ccccc3C[C@@H]2C(=O)Nc2ccc(Cl)cc2Cl)ccc1OCC(=O)O,train,train,train,4,4,0.69863015,0.69863015,0.38356164
C/C(=N\OCc1sc(-c2ccc(C(F)(F)F)cc2)nc1C)c1ccc(OCC(=O)O)c(C)c1,train,train,test,4,4,0.8181818,0.8181818,0.8181818
CC/C(=N\OCc1sc(-c2ccc(C(F)(F)F)cc2)nc1C)c1ccc(OCC(=O)O)c(C)c1,train,train,train,4,4,0.8181818,0.8181818,0.7297297
Cc1cc(/C(=N/OCc2sc(-c3ccc(C(F)(F)F)cc3)nc2C)C2CCCCC2)ccc1OCC(=O)O,train,train,train,4,4,0.75,0.75,0.7297297
C/C(=N\OCc1nc(-c2ccccc2)oc1C)c1ccc(OCC(=O)O)c(C)c1,train,train,train,0,0,0.8947368,0.8947368,0.8947368
C/C(=N\OCc1nc(-c2ccc(C)cc2)oc1C)c1ccc(OCC(=O)O)c(C)c1,train,train,train,0,0,0.8947368,0.8947368,0.8947368
Cc1cc2c(CCc3nc(-c4ccc(Cl)cc4Cl)oc3C(C)C)noc2cc1OCC(=O)O,train,train,train,4,4,0.6315789,0.6315789,0.6315789
Cc1ccc(C(=O)c2nc3ccccc3n2C/C=C/c2cccc(OCC(=O)O)c2)cc1,test,test,train,4,4,0.5714286,0.5714286,0.75
Cc1ccc(C(=O)c2nccn2C/C=C/c2cccc(OC(C)(C)C(=O)O)c2)cc1,train,train,train,4,4,0.6388889,0.6388889,0.6969697
Cc1ccc(C(=O)c2nc(C)c(C)n2C/C=C/c2cccc(OC(C)(C)C(=O)O)c2)cc1,test,test,train,4,4,0.7352941,0.7352941,0.7936508
Cc1ccc(C(=O)c2nc3c(n2C/C=C/c2cccc(OC(C)(C)C(=O)O)c2)CCCC3)cc1,train,train,train,4,4,0.6388889,0.6388889,0.7352941
Cc1ccc(C(=O)c2nc3ccccc3n2C/C=C/c2cccc(OC(C)(C)C(=O)O)c2)cc1,test,test,train,4,4,0.7777778,0.7777778,0.7936508
Cc1ccc(C(=O)c2nc3ccccc3n2/C=C/c2cccc(OC(C)(C)C(=O)O)c2)cc1,train,train,train,4,4,0.6935484,0.6935484,0.7777778
Cc1ccc(C(=O)c2nc3ccccc3n2Cc2cccc(OC(C)(C)C(=O)O)c2)cc1,test,test,train,4,4,0.71666664,0.71666664,0.71875
Cc1ccc(C(=O)c2nc3ccccc3n2-c2cccc(OC(C)(C)C(=O)O)c2)cc1,train,train,train,4,4,0.6935484,0.6935484,0.71666664
CCC(Cc1ccc(OC)c(CNC(=O)c2ccc(OCc3ccccc3)cc2)c1)C(=O)O,train,train,train,2,2,0.8103448,0.8103448,0.8333333
CCC(Cc1ccc(OC)c(CNC(=O)c2cccc(-c3ccccc3)c2)c1)C(=O)O,train,train,test,2,2,0.79310346,0.79310346,0.79310346
CCC(Cc1ccc(OC)c(CNC(=O)c2ccc(OCCc3ccccc3)cc2)c1)C(=O)O,test,test,train,2,2,0.8333333,0.8333333,0.8333333
CCC(Cc1ccc(OC)c(CNC(=O)c2ccc(Oc3ccccc3)cc2)c1)C(=O)O,train,train,test,2,2,0.85714287,0.85714287,0.85714287
CC[C@@H](Cc1ccc(OC)c(CNC(=O)c2ccc(Oc3ccc(Cl)cc3)cc2)c1)C(=O)O,test,test,train,2,2,0.85714287,0.85714287,0.82758623
CC[C@@H](Cc1ccc(OC)c(CNC(=O)c2ccc(Oc3ccc(F)cc3)cc2)c1)C(=O)O,train,train,train,2,2,0.85714287,0.85714287,0.82758623
CC[C@@H](Cc1ccc(OC)c(CNC(=O)c2ccc(Oc3ccc(Br)cc3)cc2)c1)C(=O)O,train,train,test,2,2,0.85714287,0.85714287,0.82758623
CCC(Cc1ccc(OC)c(CNC(=O)c2ccc(OC(F)(F)F)cc2)c1)C(=O)O,test,test,train,2,2,0.80701756,0.80701756,0.80701756
CCC(Cc1ccc(OC)c(CNC(=O)c2cccc(Oc3ccccc3)c2)c1)C(=O)O,train,train,train,2,2,0.85714287,0.85714287,0.73770493
Cc1oc(-c2ccccc2)nc1CCc1noc2cc(OC(C)(C)C(=O)O)ccc12,train,train,train,0,0,0.8,0.8,0.78688526
CCc1oc(-c2ccccc2)nc1CCc1noc2cc(OC(C)(C)C(=O)O)ccc12,train,train,test,0,0,0.88135594,0.88135594,0.88135594
CCCc1oc(-c2ccccc2)nc1CCc1noc2cc(OC(C)(C)C(=O)O)ccc12,train,train,train,0,0,0.88135594,0.88135594,0.8
CCCc1oc(-c2ccccc2Cl)nc1CCc1noc2cc(OC(C)(C)C(=O)O)ccc12,train,train,train,4,4,0.8,0.8,0.880597
CC(C)c1oc(-c2ccccc2Cl)nc1CCc1noc2cc(OC(C)(C)C(=O)O)ccc12,train,train,train,4,4,0.8358209,0.8358209,0.8358209
CCCCCCc1oc(-c2ccccc2Cl)nc1CCc1noc2cc(OC(C)(C)C(=O)O)ccc12,test,test,train,4,4,0.880597,0.880597,0.880597
CC(C)c1oc(-c2ccccc2O)nc1CCc1noc2cc(OC(C)(C)C(=O)O)ccc12,test,test,test,4,4,0.84615386,0.84615386,0.84615386
CC(C)c1oc(-c2ccc(C(C)(C)C)cc2)nc1CCc1noc2cc(OC(C)(C)C(=O)O)ccc12,test,test,test,0,0,0.7246377,0.7246377,0.80597013
CCCCc1ccc(-c2nc(CCc3noc4cc(OC(C)(C)C(=O)O)ccc34)c(C(C)C)o2)cc1,test,test,train,0,0,0.6756757,0.6756757,0.6756757
CC(C)c1oc(-c2ccc(Cl)cc2Cl)nc1CCc1noc2cc(OC(C)(C)C(=O)O)ccc12,train,train,train,4,4,0.8358209,0.8358209,0.8358209
CC(C)c1nc(-c2ccc(C(F)(F)F)cc2)sc1CCc1noc2cc(OC(C)(C)C(=O)O)ccc12,train,train,train,4,4,0.7916667,0.7916667,0.7916667
Cc1cc2c(CCc3sc(-c4ccc(C(F)(F)F)cc4)nc3C(C)C)noc2cc1OC(C)(C)C(=O)O,train,train,train,4,4,0.7916667,0.7916667,0.7916667
Cc1ccc(S(=O)(=O)Oc2ccc(N(CC(=O)O)S(=O)(=O)c3ccc(C)cc3)cc2)cc1,train,train,train,4,4,0.2857143,0.2857143,0.3015873
COc1ccc(-c2nc(SCC(=O)O)n(-c3ccccn3)c2-c2ccc(OC)cc2)cc1,test,test,train,4,4,0.33783785,0.33783785,0.33333334
Cc1ccc(S(=O)(=O)Oc2cc(OCc3ccc(C(F)(F)F)cc3)c(/C=C3\SC(=O)NC3=O)cc2Br)cc1,test,test,train,4,4,0.5416667,0.5416667,0.5416667
O=C1NC(=O)/C(=C/c2cc(Br)ccc2OCc2cc(C(F)(F)F)cc(C(F)(F)F)c2)S1,train,train,train,1,1,0.36486486,0.36486486,0.5416667
Cc1cc(CC(C)C)nc2c1nc(C(C)C)n2[C@H]1CCc2cc(-c3ccccc3-c3nnn[nH]3)ccc21,train,train,train,3,3,0.9104478,0.9104478,0.8309859
CCc1nc2c(C)cc(Cc3ccccc3)nc2n1[C@H]1CCc2cc(-c3ccccc3-c3nnn[nH]3)ccc21,train,train,train,3,3,0.884058,0.884058,0.884058
CCc1nc2c(CC(C)C)cc(C)nc2n1[C@H]1CCc2cc(-c3ccccc3-c3nnn[nH]3)ccc21,test,test,train,3,3,0.8108108,0.8108108,0.8108108
CCc1nc2c(C)cc(CC(C)C)nc2n1[C@H]1CCc2cc(-c3ccccc3C(=O)O)ccc21,train,train,train,3,3,0.69736844,0.69736844,0.69736844
CCc1nc2c(C)cc(CC(C)C)nc2n1[C@H]1CCc2cc(-c3ccccc3-c3nnn[nH]3)ccc21,train,train,train,3,3,0.92537314,0.92537314,0.92537314
CCc1cc(C)c2nc(C(C)C)n([C@H]3CCc4cc(-c5ccccc5-c5nnn[nH]5)ccc43)c2n1,train,train,test,3,3,0.9104478,0.9104478,0.9104478
Cc1cc(C)c2nc(C(C)C)n([C@H]3CCc4cc(-c5ccccc5-c5nnn[nH]5)ccc43)c2n1,train,train,test,3,3,0.8382353,0.8382353,0.8382353
CCc1cc(C)c2nc(CC)n([C@H]3CCc4cc(-c5ccccc5-c5nnn[nH]5)ccc43)c2n1,train,train,train,3,3,0.92537314,0.92537314,0.92537314
CCc1nc2c(C)cc(C)nc2n1C1CCc2cc(-c3ccccc3-c3nn[nH]n3)ccc21,train,train,train,3,3,0.85294116,0.85294116,0.85294116
Cc1cc(C)c2nc(C3CC3)n([C@H]3CCc4cc(-c5ccccc5-c5nnn[nH]5)ccc43)c2n1,test,test,train,3,3,0.8181818,0.8181818,0.7826087
CCCc1nc2c(C)cc(C)nc2n1[C@H]1CCc2cc(-c3ccccc3-c3nnn[nH]3)ccc21,train,train,train,3,3,0.7638889,0.7638889,0.7826087
CCc1c(C)nc2c(nc(CC)n2[C@H]2CCc3cc(-c4ccccc4-c4nnn[nH]4)ccc32)c1C,train,train,train,3,3,0.8939394,0.8939394,0.8939394
CCc1nc2c(C)c(C)c(C)nc2n1[C@H]1CCc2cc(-c3ccccc3-c3nnn[nH]3)ccc21,train,train,train,3,3,0.8939394,0.8939394,0.8939394
CCCCc1nc2c(C)cc(C)nc2n1C1CCc2cc(-c3ccccc3-c3nn[nH]n3)ccc21,train,train,train,3,3,0.85294116,0.85294116,0.85294116
CCO[C@@H](Cc1ccc(OCc2nc(-c3ccsc3)oc2C)cc1)C(=O)O,train,train,train,2,2,0.86440676,0.86440676,0.7076923
CCO[C@@H](Cc1ccc(OCc2nc(-c3ccc(-c4ccccc4)s3)oc2C)cc1)C(=O)O,train,train,train,2,2,0.8548387,0.8548387,0.8548387
CCO[C@@H](Cc1ccc(OCCc2nc(-c3cccs3)oc2C)cc1)C(=O)O,train,train,train,2,2,0.7741935,0.7741935,0.7741935
CCO[C@@H](Cc1ccc(OCCc2nc(-c3ccsc3)oc2C)cc1)C(=O)O,train,train,test,0,0,0.86440676,0.86440676,0.86440676
CCO[C@@H](Cc1ccc(OCCc2nc(-c3ccc(C)s3)oc2C)cc1)C(=O)O,train,train,train,2,2,0.8360656,0.8360656,0.8360656
CCO[C@@H](Cc1ccc(OCCc2nc(-c3ccc(-c4ccccc4)s3)oc2C)cc1)C(=O)O,train,train,train,0,0,0.8548387,0.8548387,0.8548387
CCCCOc1cc(N2C(=O)c3ccccc3C2=O)ccc1CCc1ccc(CC(CC)C(=O)O)cc1,train,train,train,2,2,0.71666664,0.71666664,0.71666664
CCC(Cc1ccc(CCc2ccc(N3C(=O)c4ccccc4C3=O)cc2O)cc1)C(=O)O,train,train,train,2,2,0.7755102,0.7755102,0.7755102
CCC(Cc1ccc(CCc2ccc(N3C(=O)c4ccccc4C3=O)cc2)cc1)C(=O)O,train,train,train,2,2,0.7755102,0.7755102,0.7755102
O=C(O)CCCOc1ccc(CCc2ccc(N3C(=O)c4ccccc4C3=O)cc2)cc1,train,train,test,1,1,0.5192308,0.5192308,0.5192308
CCCCC(Cc1cc(OCCc2ccccc2)cc(OCCc2ccccc2)c1)C(=O)O,train,train,train,2,2,0.71428573,0.71428573,0.72
CCCC/C(=C\c1cc(OCCc2ccccc2)cc(OCCc2ccccc2)c1)C(=O)O,test,test,train,1,1,0.7,0.7,0.7
CCCCC(Sc1cc(OCCc2ccccc2)cc(OCCc2ccccc2)c1)C(=O)O,train,train,test,1,1,0.66,0.66,0.66
CCCCC(Oc1cc(OCCc2ccccc2)cc(OCCc2ccccc2)c1)C(=O)O,train,train,train,2,2,0.6875,0.6875,0.6875
CCCCC(Cc1cccc(OCCc2ccccc2)c1OCCc1ccccc1)C(=O)O,train,train,train,2,2,0.6603774,0.6603774,0.6981132
CCCCC(Cc1ccc(OCCc2ccccc2)c(OCCc2ccccc2)c1)C(=O)O,train,train,train,2,2,0.71428573,0.71428573,0.7818182
CCCCC(Cc1cc(OCCc2ccccc2)ccc1OCCc1ccccc1)C(=O)O,test,test,train,1,1,0.7254902,0.7254902,0.7254902
CCCC/C(=C\c1cc(OCCc2ccccc2)ccc1OCCc1ccccc1)C(=O)O,train,train,train,1,1,0.7735849,0.7735849,0.7735849
CCCC/C(=C\c1cc(OCCc2ccc(C(F)(F)F)cc2)ccc1OCCc1ccc(C(F)(F)F)cc1)C(=O)O,train,train,train,1,1,0.7735849,0.7735849,0.7758621
CCCCC(Cc1ccc(OCCC2CCCCC2)c(OCCC2CCCCC2)c1)C(=O)O,train,train,train,1,1,0.6545454,0.6545454,0.8727273
CCCCC(Cc1ccc(OCCC2CCCCC2)c(OCCc2ccccc2)c1)C(=O)O,test,test,train,1,1,0.8727273,0.8727273,1.0
CCCCC(Cc1ccc(OCCc2ccccc2)c(OCCC2CCCCC2)c1)C(=O)O,test,test,train,1,1,0.8727273,0.8727273,1.0
CC[C@@H](NC(=O)c1ccc2c(c1)nc(C)n2Cc1ccc(C(N)=O)cc1)c1ccccc1,train,train,train,3,3,0.8448276,0.8448276,0.8448276
CC[C@@H](NC(=O)c1ccc2c(c1)nc(C)n2Cc1ccc(S(C)(=O)=O)cc1)c1ccccc1,train,train,train,3,3,0.8032787,0.8032787,0.8032787
CC[C@@H](NC(=O)c1ccc2c(c1)ncn2Cc1ccncc1)c1ccccc1,train,train,test,4,4,0.8245614,0.8245614,0.8245614
CC[C@@H](NC(=O)c1ccc2c(c1)ncn2Cc1cccnc1)c1ccccc1,train,train,train,4,4,0.8135593,0.8135593,0.75409836
Cc1nc2cc(C(=O)NCc3ccccc3)ccc2n1Cc1ccc(Cl)c(Cl)c1,train,train,test,4,4,0.5846154,0.5846154,0.5846154
CC[C@@H](NC(=O)c1ccc2c(c1)nc(C(C)C)n2Cc1ccc(Cl)c(Cl)c1)c1ccccc1,train,train,train,3,3,0.7692308,0.7692308,0.8064516
CC[C@@H](NC(=O)c1ccc2c(c1)ncn2Cc1ccccc1S(C)(=O)=O)c1ccccc1,train,train,train,4,4,0.7580645,0.7580645,0.6969697
CC[C@@H](NC(=O)c1ccc2c(c1)nc(C(F)(F)F)n2Cc1ccc(Cl)c(Cl)c1)c1ccccc1,test,test,train,3,3,0.7692308,0.7692308,0.7692308
CCc1nc2cc(C(=O)N[C@H](CC)c3ccccc3)ccc2n1Cc1ccc(Cl)c(Cl)c1,test,test,train,3,3,0.8064516,0.8064516,0.8064516
CC[C@@H](NC(=O)c1ccc2c(c1)nc(C)n2Cc1ccc(F)cc1)c1ccccc1,train,train,train,3,3,0.8448276,0.8448276,0.8448276
CC[C@@H](NC(=O)c1ccc2c(c1)nc(C1CC1)n2Cc1ccc(Cl)c(Cl)c1)c1ccccc1,train,train,train,3,3,0.7692308,0.7692308,0.7692308
CC[C@@H](NC(=O)c1ccc2c(c1)ncn2Cc1ccccn1)c1ccccc1,test,test,train,4,4,0.7704918,0.7704918,0.7704918
CCC(=O)c1nc2cc(C(=O)N[C@H](CC)c3ccccc3)ccc2n1Cc1ccc(Cl)c(Cl)c1,test,test,train,3,3,0.78125,0.78125,0.78125
CC[C@@H](NC(=O)c1ccc2c(c1)nc(C)n2Cc1cccc(Cl)c1)c1ccccc1,train,train,test,3,3,0.84745765,0.84745765,0.84745765
CC[C@@H](NC(=O)c1ccc2c(c1)nc(C)n2Cc1ccccc1Cl)c1ccccc1,train,train,train,3,3,0.78333336,0.78333336,0.78333336
CC[C@@H](NC(=O)c1ccc2c(c1)ncn2Cc1ccc(Cl)cn1)c1ccccc1,train,train,train,4,4,0.8,0.8,0.8
CC[C@@H](NC(=O)c1ccc2c(c1)nc(C)n2Cc1ccc(Cl)cc1)c1ccccc1,train,train,train,3,3,0.84745765,0.84745765,0.8448276
CC[C@@H](NC(=O)c1ccc2c(c1)ncn2Cc1ncccc1Cl)c1ccccc1,train,train,train,4,4,0.74603176,0.74603176,0.7936508
CC[C@@H](NC(=O)c1ccc2c(c1)ncn2Cc1ncc(F)cc1F)c1ccccc1,train,train,train,4,4,0.765625,0.765625,0.765625
CC[C@@H](NC(=O)c1ccc2c(c1)ncn2Cc1ccccc1F)c1ccccc1,train,train,test,4,4,0.84745765,0.84745765,0.84745765
CC[C@@H](NC(=O)c1ccc2c(c1)ncn2Cc1ccc(F)c(Cl)c1)c1ccccc1,test,test,train,4,4,0.8666667,0.8666667,0.8666667
CC[C@@H](NC(=O)c1ccc2c(c1)ncn2Cc1ccccc1OC)c1ccccc1,train,train,test,4,4,0.7704918,0.7704918,0.734375
CC[C@@H](NC(=O)c1ccc2c(c1)ncn2Cc1ccc(Cl)cc1)c1ccccc1,train,train,train,4,4,0.8596491,0.8596491,0.86440676
CC[C@@H](NC(=O)c1ccc2c(c1)ncn2Cc1ccc(Cl)c(Cl)c1)c1ccccc1,train,train,train,3,3,0.8596491,0.8596491,0.8666667
CC[C@@H](NC(=O)c1ccc2c(c1)ncn2Cc1ccc(F)cc1F)c1ccccc1,train,train,train,4,4,0.84745765,0.84745765,0.852459
CC[C@@H](NC(=O)c1ccc2c(c1)ncn2Cc1ccc(Cl)cc1F)c1ccccc1,test,test,train,4,4,0.852459,0.852459,0.852459
CC[C@@H](NC(=O)c1ccc2c(c1)ncn2Cc1ccc(Cl)cc1Cl)c1ccccc1,test,test,train,4,4,0.8,0.8,0.852459
CC[C@@H](NC(=O)c1ccc2c(c1)ncn2Cc1ncc(Cl)cc1Cl)c1ccccc1,test,test,train,4,4,0.7936508,0.7936508,0.7936508
CCCS(=O)(=O)NC(=O)CCc1cc(OC(C)C)nn1Cc1ccc(Cl)cc1Cl,train,train,train,4,4,0.91803277,0.91803277,0.91803277
CC(C)Oc1cc(CCC(=O)NS(C)(=O)=O)n(Cc2ccc(Cl)cc2Cl)n1,train,train,train,4,4,0.8196721,0.8196721,0.8196721
CCCCCS(=O)(=O)NC(=O)/C=C/c1cc(C2CC2)nn1Cc1ccc(C(F)(F)F)cc1Cl,train,train,train,4,4,0.73333335,0.73333335,0.73333335
CCCCCS(=O)(=O)NC(=O)/C=C/c1cc(C(C)C)nn1Cc1ccc(Cl)cc1Cl,test,test,train,4,4,0.8030303,0.8030303,0.8030303
COCCOc1cc(/C=C/C(=O)NS(=O)(=O)CCC(C)C)n(Cc2ccc(C(F)(F)F)cc2Cl)n1,train,train,train,4,4,0.8194444,0.8194444,0.8194444
CC(C)CCS(=O)(=O)NC(=O)/C=C/c1cc(OC(C)C)nn1Cc1ccc(C(F)(F)F)cc1Cl,train,train,train,4,4,0.8309859,0.8309859,0.8309859
CCCCCS(=O)(=O)NC(=O)/C=C/c1cc(OC(C)C)nn1Cc1ccc(C(F)(F)F)cc1Cl,train,train,train,4,4,0.8309859,0.8309859,0.8309859
CCCCCS(=O)(=O)NC(=O)/C=C/c1cc(OC(C)C)nn1Cc1ccc(Cl)cc1Cl,train,train,train,4,4,0.82857144,0.82857144,0.82857144
CCCCCS(=O)(=O)NC(=O)CCCCc1cc(OCCCC)nn1Cc1ccc(Cl)cc1Cl,train,train,train,1,1,0.9672131,0.9672131,0.9672131
CCCCCS(=O)(=O)NC(=O)CCCc1cc(OCCCC)nn1Cc1ccc(Cl)cc1Cl,train,train,train,1,1,0.9672131,0.9672131,0.9672131
CCCCCS(=O)(=O)NC(=O)CCc1cc(-c2ccccc2)nn1Cc1ccc(Cl)cc1Cl,train,train,train,4,4,0.75757575,0.75757575,0.75757575
CCCCCS(=O)(=O)NC(=O)CCc1cc(C2CC2)nn1Cc1ccc(C(F)(F)F)cc1Cl,train,train,train,4,4,0.79710144,0.79710144,0.79710144
CCCCCS(=O)(=O)NC(=O)CCc1cc(C(C)C)nn1Cc1ccc(C(F)(F)F)cc1Cl,train,train,train,4,4,0.8142857,0.8142857,0.8
CCCCCS(=O)(=O)NC(=O)CCc1cc(C(C)C)nn1Cc1ccc(Cl)cc1Cl,train,train,train,4,4,0.8,0.8,0.8
CCCCCS(=O)(=O)NC(=O)CCc1cc(OCc2ccccc2)nn1Cc1ccc(Cl)cc1Cl,train,train,train,4,4,0.8235294,0.8235294,0.8235294
CCCCCS(=O)(=O)NC(=O)CCc1cc(OCCOC)nn1Cc1ccc(Cl)cc1Cl,train,train,test,1,1,0.9206349,0.9206349,0.9206349
CCCCCS(=O)(=O)NC(=O)CCc1cc(OCCCC)nn1Cc1ccc(Cl)cc1Cl,train,train,train,1,1,0.93442625,0.93442625,0.93442625
CC(C)Oc1cc(CCC(=O)NS(=O)(=O)Cc2ccccc2)n(Cc2ccc(Cl)cc2Cl)n1,train,train,train,4,4,0.7910448,0.7910448,0.7910448
CC(C)Oc1cc(CCC(=O)NS(=O)(=O)c2ccccc2)n(Cc2ccc(Cl)cc2Cl)n1,train,train,train,4,4,0.7936508,0.7936508,0.7936508
CC(C)Oc1cc(CCC(=O)NS(=O)(=O)C2CCCCC2)n(Cc2ccc(Cl)cc2Cl)n1,train,train,train,4,4,0.7692308,0.7692308,0.7692308
CC(C)CCS(=O)(=O)NC(=O)CCc1cc(OC(C)C)nn1Cc1ccc(Cl)cc1Cl,train,train,train,4,4,0.87096775,0.87096775,0.87096775
CCCCCCS(=O)(=O)NC(=O)CCc1cc(OC(C)C)nn1Cc1ccc(Cl)cc1Cl,train,train,train,4,4,0.983871,0.983871,0.983871
CCCCCS(=O)(=O)NC(=O)CCc1cc(OC(C)C)nn1Cc1ccc(Cl)cc1Cl,train,train,train,4,4,0.983871,0.983871,0.983871
CCCCCS(=O)(=O)NC(=O)CCc1cc(OC(C)C)nn1Cc1ccc(C(F)(F)F)cc1Cl,train,train,test,4,4,0.8142857,0.8142857,0.8142857
CCCCS(=O)(=O)NC(=O)CCc1cc(OC(C)C)nn1Cc1ccc(Cl)cc1Cl,train,train,train,4,4,0.9516129,0.9516129,0.9516129
CC(C)Oc1cc(CCC(=O)O)n(Cc2ccc(Cl)cc2Cl)n1,train,train,train,4,4,0.7413793,0.7413793,0.7413793
COc1cccc(CC(=O)O)c1OCCCc1cc(OC(C)C)nn1Cc1ccc(Cl)cc1Cl,test,test,train,4,4,0.6515151,0.6515151,0.6515151
CC[C@@H](Cc1ccc(OC)c(C(=O)NCc2ccc(Oc3ccc(F)cc3)cc2)c1)C(=O)O,train,train,train,2,2,0.8518519,0.8518519,0.8518519
COc1ccc(-c2cccc(C(=O)O)c2)cc1CNC(=O)c1ccc(Oc2ccccc2)cc1,train,train,train,4,4,0.5967742,0.5967742,0.5538462
C[C@@H](Oc1cc(Cn2c(=O)n(Cc3ccc(Cl)cc3)c3ccc(C(F)(F)F)cc32)ccc1Cl)C(=O)O,train,train,train,4,4,0.69863015,0.69863015,0.82539684
C[C@@H](Oc1cc(Cn2c(=O)n(C(=O)c3ccc(Cl)cc3)c3ccc(C(F)(F)F)cc32)ccc1Cl)C(=O)O,test,test,train,4,4,0.82539684,0.82539684,0.82539684
Cc1cccc2c(-n3c(=O)n(Cc4ccc(Cl)c(O[C@H](C)C(=O)O)c4)c4cc(C(F)(F)F)ccc43)noc12,test,test,test,4,4,0.775,0.775,0.775
Cc1ccc2onc(-n3c(=O)n(Cc4ccc(Cl)c(O[C@H](C)C(=O)O)c4)c4cc(C(F)(F)F)ccc43)c2c1,train,train,train,4,4,0.9054054,0.9054054,0.9054054
Cc1ccc2c(-n3c(=O)n(Cc4ccc(Cl)c(O[C@H](C)C(=O)O)c4)c4cc(C(F)(F)F)ccc43)noc2c1,train,train,train,4,4,0.9054054,0.9054054,0.9054054
C[C@@H](Oc1cc(Cn2c(=O)n(-c3noc4ccc(Cl)cc34)c3ccc(C(F)(F)F)cc32)ccc1Cl)C(=O)O,train,train,test,4,4,0.88,0.88,0.88
COc1ccc2c(-n3c(=O)n(Cc4ccc(Cl)c(O[C@H](C)C(=O)O)c4)c4cc(OC(F)(F)F)ccc43)noc2c1,train,train,train,4,4,0.9459459,0.9459459,0.9459459
COc1ccc2c(-n3c(=O)n(Cc4ccc(Cl)c(O[C@H](C)C(=O)O)c4)c4ccc(C(F)(F)F)cc43)noc2c1,train,train,train,4,4,0.84615386,0.84615386,0.84615386
COc1ccc2c(-n3c(=O)n(Cc4ccc(Cl)c(O[C@H](C)C(=O)O)c4)c4ccc(OC(F)(F)F)cc43)noc2c1,train,train,train,4,4,0.9459459,0.9459459,0.9459459
COc1ccc2c(-n3c(=O)n(Cc4cc(O[C@H](C)C(=O)O)ccc4Cl)c4cc(C(F)(F)F)ccc43)noc2c1,train,train,train,4,4,0.79746836,0.79746836,0.79746836
COc1ccc2c(-n3c(=O)n(Cc4cccc([C@@]5(C)OC(=O)NC5=O)c4)c4cc(C(F)(F)F)ccc43)noc2c1,train,train,train,4,4,0.7804878,0.7804878,0.654321
COc1ccc2c(-n3c(=O)n(Cc4cc([C@@]5(C)OC(=O)NC5=O)ccc4Cl)c4cc(C(F)(F)F)ccc43)noc2c1,train,train,test,4,4,0.8076923,0.8076923,0.8076923
C[C@]1(c2cccc(Cn3c(=O)n(-c4noc5cc(Cl)ccc45)c4ccccc43)c2)OC(=O)NC1=O,train,train,train,3,3,0.654321,0.654321,0.654321
COc1ccc2c(-n3c(=O)n(Cc4cc(O[C@H](C)C(=O)O)ccc4Cl)c4ccccc43)noc2c1,train,train,test,4,4,0.7972973,0.7972973,0.7972973
COc1ccc2c(-n3c(=O)n(Cc4cc([C@@]5(C)OC(=O)NC5=O)ccc4Cl)c4ccccc43)noc2c1,train,train,train,4,4,0.8076923,0.8076923,0.65384614
CN(CCOc1ccc(C[C@H](OCC(F)(F)F)C(=O)O)cc1)c1nc2ccccc2o1,train,train,train,2,2,0.8064516,0.8064516,0.8064516
COc1cc(O)c2c(c1C(=O)NCc1cc(C)cc3ccccc13)OC1=CC(O)=C(C(C)=O)C(=O)[C@]12C,train,train,train,4,4,0.87142855,0.87142855,0.87142855
COCc1cc(CNC(=O)c2c(OC)cc(O)c3c2OC2=CC(O)=C(C(C)=O)C(=O)[C@]23C)c2ccccc2c1,train,train,train,4,4,0.87323946,0.87323946,0.87323946
COc1cc(O)c2c(c1C(=O)NCc1cc(OC(C)=O)cc3ccccc13)OC1=CC(O)=C(C(C)=O)C(=O)[C@]12C,test,test,train,4,4,0.92753625,0.92753625,0.8767123
COc1cc(O)c2c(c1C(=O)NCc1cc(O)cc3ccccc13)OC1=CC(O)=C(C(C)=O)C(=O)[C@]12C,train,train,train,4,4,0.880597,0.880597,0.880597
COc1cc(CNC(=O)c2c(OC)cc(O)c3c2OC2=CC(O)=C(C(C)=O)C(=O)[C@]23C)c2ccccc2c1,train,train,test,4,4,0.8888889,0.8888889,0.92753625
CCOc1cc(CNC(=O)c2c(OC)cc(O)c3c2OC2=CC(O)=C(C(C)=O)C(=O)[C@]23C)c2ccccc2c1,train,train,train,4,4,0.8888889,0.8888889,0.8767123
COC(=O)c1cc(CNC(=O)c2c(OC)cc(O)c3c2OC2=CC(O)=C(C(C)=O)C(=O)[C@]23C)c2ccccc2c1,train,train,test,4,4,0.8472222,0.8472222,0.8472222
COC(=O)CCc1cc(CNC(=O)c2c(OC)cc(O)c3c2OC2=CC(O)=C(C(C)=O)C(=O)[C@]23C)c2ccccc2c1,train,train,train,4,4,0.92105263,0.92105263,0.92105263
COc1cc(O)c2c(c1C(=O)NCc1cc(CCC(=O)O)cc3ccccc13)OC1=CC(O)=C(C(C)=O)C(=O)[C@]12C,test,test,test,4,4,0.92105263,0.92105263,0.8947368
COC(=O)CCCc1cc(CNC(=O)c2c(OC)cc(O)c3c2OC2=CC(O)=C(C(C)=O)C(=O)[C@]23C)c2ccccc2c1,train,train,train,4,4,0.92105263,0.92105263,0.92105263
COc1cc(O)c2c(c1C(=O)NCc1cc(CCCC(=O)O)cc3ccccc13)OC1=CC(O)=C(C(C)=O)C(=O)[C@]12C,train,train,test,4,4,0.8974359,0.8974359,0.8974359
O=C(O)C(Oc1ccc(Cl)cc1F)c1ccc(Cl)cc1,train,train,test,4,4,0.85714287,0.85714287,0.85714287
O=C(O)C(Oc1ccc(Cl)cc1F)c1ccccc1,train,train,train,4,4,0.85714287,0.85714287,0.60465115
O=C(O)C(Cc1cccc(F)c1)Oc1ccccc1C(F)(F)F,train,train,train,2,2,0.78571427,0.78571427,0.78571427
O=C(O)C(Cc1cccc(F)c1)Oc1ccc(Cl)cc1F,test,test,train,2,2,0.8095238,0.8095238,0.8095238
O=C(O)C(Cc1ccc(F)cc1)Oc1ccc(Cl)cc1,test,test,train,2,2,0.7567568,0.7567568,0.85294116
O=C(O)C(Cc1cccc(F)c1)Oc1ccc(Cl)cc1,test,test,test,2,2,0.725,0.725,0.73333335
O=C(O)C(Cc1ccccc1F)Oc1ccc(Cl)cc1,train,train,test,2,2,0.7692308,0.7692308,0.7692308
O=C(O)C(Cc1ccccc1)Oc1ccc(Cl)c(C(F)(F)F)c1,test,test,train,2,2,0.71428573,0.71428573,0.70454544
O=C(O)C(Cc1ccccc1)Oc1ccc(Cl)c(F)c1,train,train,train,2,2,0.7692308,0.7692308,0.71794873
O=C(O)[C@H](Cc1ccccc1)Oc1ccc(Cl)cc1F,train,train,train,2,2,0.71794873,0.71794873,0.8095238
O=C(O)C(Cc1ccccc1)Oc1ccccc1C(F)(F)F,train,train,train,2,2,0.78571427,0.78571427,0.78571427
O=C(O)[C@H](Cc1ccccc1)Oc1cccc(C(F)(F)F)c1,train,train,test,2,2,0.75,0.75,0.6304348
O=C(O)C(Cc1ccccc1)Oc1ccccc1F,train,train,train,2,2,0.71794873,0.71794873,0.71794873
O=C(O)C(Cc1ccccc1)Oc1cccc(F)c1,train,train,test,2,2,0.7297297,0.7297297,0.7297297
O=C(O)[C@H](Cc1ccccc1)Oc1ccc(F)cc1,train,train,train,2,2,0.74285716,0.74285716,0.7567568
CCC/C=C\C#C/C=C/C(=O)CCCCCCCC(=O)O,train,train,train,1,1,0.3617021,0.3617021,0.3617021
CC(C)(O)C1=C[C@@H](O)[C@@](C)(O)CC1,test,test,train,1,1,0.17857143,0.17857143,0.17857143
C=CCc1ccc(OC)c(OC)c1,test,test,test,1,1,0.3018868,0.3018868,0.35897437
COc1ccc([C@@H](O)[C@H](O)CO)cc1OC,test,test,train,4,4,0.2631579,0.2631579,0.2631579
C/C=C\CC/C=C/C=C/C(=O)NCC(C)C,train,train,train,2,2,0.19607843,0.19607843,0.87096775
CC=C/C=C\CC/C=C/C=C/C(=O)NCC(C)C,test,test,train,2,2,0.87096775,0.87096775,0.87096775
COc1cc([C@H]2OC[C@@H]3[C@H](c4ccc5c(c4)OCO5)OC[C@H]23)cc(OC)c1O,train,train,test,1,1,0.627907,0.627907,0.25396827
COc1cc([C@H]2OC[C@@H]3[C@H](c4ccc(O)c(OC)c4)OC[C@H]23)ccc1O,train,train,test,1,1,0.627907,0.627907,0.30769232
CCCCCS(=O)(=O)NC(=O)CCc1ccccc1Oc1ncc(C(F)(F)F)cc1Cl,train,train,train,4,4,0.75714284,0.75714284,0.76811594
CCCCCS(=O)(=O)NC(=O)CCc1ccc(OC(C)C)cc1Oc1ncc(C(F)(F)F)cc1Cl,test,test,train,1,1,0.8169014,0.8169014,0.8169014
CCCCCS(=O)(=O)NC(=O)CCc1ccc(OCCOC)cc1Oc1ncc(C(F)(F)F)cc1Cl,train,train,train,1,1,0.8082192,0.8082192,0.8169014
CCCCCS(=O)(=O)NC(=O)CCc1ccc(OCC(=O)N(CC)CC)cc1Oc1ncc(C(F)(F)F)cc1Cl,test,test,train,1,1,0.7866667,0.7866667,0.7866667
CCCCCS(=O)(=O)NC(=O)CCc1ccc(OCCN2CCCC2=O)cc1Oc1ncc(C(F)(F)F)cc1Cl,train,train,test,1,1,0.7721519,0.7721519,0.7721519
COCCCS(=O)(=O)NC(=O)CCc1ccc(OCCOC)cc1Oc1ncc(C(F)(F)F)cc1Cl,test,test,test,4,4,0.90909094,0.90909094,0.90909094
COCCOc1ccc(CCC(=O)NS(=O)(=O)c2ccccc2)c(Oc2ncc(C(F)(F)F)cc2Cl)c1,test,test,train,4,4,0.7297297,0.7297297,0.7297297
COCCOc1ccc(CCC(=O)NS(=O)(=O)c2ccc(Cl)cc2)c(Oc2ncc(C(F)(F)F)cc2Cl)c1,test,test,test,4,4,0.7297297,0.7297297,0.880597
CCCCCS(=O)(=O)NC(=O)/C=C/c1ccc(OCCOC)cc1Oc1ncc(C(F)(F)F)cc1Cl,train,train,train,1,1,0.9558824,0.9558824,0.9558824
CCCCCS(=O)(=O)NC(=O)C(C)Cc1ccc(OCCOC)cc1Oc1ncc(C(F)(F)F)cc1Cl,train,train,train,1,1,0.84931505,0.84931505,0.84931505
CCCCCS(=O)(=O)NC(=O)C1CC1c1ccc(OCCOC)cc1Oc1ncc(C(F)(F)F)cc1Cl,train,train,test,1,1,0.67901236,0.67901236,0.67901236
CCCCCS(=O)(=O)NC(=O)/C(C)=C/c1ccc(OCCOC)cc1Oc1ncc(C(F)(F)F)cc1Cl,train,train,train,1,1,0.7733333,0.7733333,0.7733333
CCCCCS(=O)(=O)NC(=O)C(Cc1ccc(OCCOC)cc1Oc1ncc(C(F)(F)F)cc1Cl)OC,train,train,train,1,1,0.84931505,0.84931505,0.84931505
CCCCCS(=O)(=O)NC(=O)OCc1ccc(OCCOC)cc1Oc1ncc(C(F)(F)F)cc1Cl,train,train,train,1,1,0.85915494,0.85915494,0.85915494
CCCCCS(=O)(=O)NC(=O)/C=C/c1ccc(OCCOC)cc1Oc1ccc(C(F)(F)F)cc1Cl,test,test,train,1,1,0.8309859,0.8309859,0.8309859
CCCCCS(=O)(=O)NC(=O)/C=C/c1ccc(OCCOC)cc1Oc1ncc(Cl)cc1Cl,test,test,train,1,1,0.8142857,0.8142857,0.8142857
CCCCCS(=O)(=O)NC(=O)/C=C/c1ccc(OC(C)C)cc1Oc1ncc(C(F)(F)F)cc1Cl,train,train,train,4,4,0.8309859,0.8309859,0.8309859
CCCCCS(=O)(=O)NC(=O)/C=C/c1ccc(OCCOC2CC2)cc1Oc1ncc(C(F)(F)F)cc1Cl,train,train,train,1,1,0.84,0.84,0.84
CCCCCS(=O)(=O)NC(=O)/C=C/c1ccc(OCCCOC)cc1Oc1ncc(C(F)(F)F)cc1Cl,train,train,train,1,1,0.9558824,0.9558824,0.9558824
CCCCCS(=O)(=O)NC(=O)/C=C/c1ccc(OCCO)cc1Oc1ncc(C(F)(F)F)cc1Cl,test,test,train,1,1,0.89855075,0.89855075,0.89855075
CCCCCS(=O)(=O)NC(=O)/C=C/c1ccc(OCCC(C)=O)cc1Oc1ncc(C(F)(F)F)cc1Cl,train,train,train,1,1,0.87323946,0.87323946,0.87323946
CCCCCS(=O)(=O)NC(=O)/C=C/c1ccc(OCCCS(C)(=O)=O)cc1Oc1ncc(C(F)(F)F)cc1Cl,train,train,train,1,1,0.89855075,0.89855075,0.89855075
CCCCCS(=O)(=O)NC(=O)/C=C/c1ccc(OCCCC#N)cc1Oc1ncc(C(F)(F)F)cc1Cl,train,train,test,1,1,0.8611111,0.8611111,0.8611111
CCCCCNC(=O)CCc1ccc(OC(C)C)cc1Oc1ncc(C(F)(F)F)cc1Cl,train,train,train,4,4,0.64935064,0.64935064,0.7714286
CCCCCS(=O)(=O)NCCCc1ccc(OCCOC)cc1Oc1ncc(C(F)(F)F)cc1Cl,train,train,train,1,1,0.7808219,0.7808219,0.7808219
CCCCOC(=O)NCCCc1ccc(OCCOC)cc1Oc1ncc(C(F)(F)F)cc1Cl,train,train,train,1,1,0.95238096,0.95238096,0.95238096
CCCCNC(=O)OCCCc1ccc(OCCOC)cc1Oc1ncc(C(F)(F)F)cc1Cl,train,train,train,1,1,0.95238096,0.95238096,0.95238096
CCCCCS(=O)(=O)NC(=O)OCCCc1ccc(OCCOC)cc1Oc1ncc(C(F)(F)F)cc1Cl,train,train,train,1,1,0.85915494,0.85915494,0.85915494
CCCCCNS(=O)(=O)NC(=O)CCc1ccc(OCCOC)cc1Oc1ncc(C(F)(F)F)cc1Cl,train,train,train,1,1,0.8082192,0.8082192,0.8082192
CC(C)=CCC/C(C)=C/Cc1c(O)cc(/C=C/c2ccccc2)cc1O,train,train,train,4,4,0.73913044,0.73913044,0.80487806
COc1ccc(/C=C/c2cc(O)c(C/C=C(\C)CCC=C(C)C)c(O)c2)cc1,train,train,train,1,1,0.73333335,0.73333335,0.77272725
CC(C)=CCC/C(C)=C/Cc1c(O)cc(/C=C/c2cccc(C(F)(F)F)c2)cc1O,train,train,test,4,4,0.73913044,0.73913044,0.73913044
CC(C)=CCC/C(C)=C/Cc1c(O)cc(/C=C/c2ccc(F)cc2)cc1O,test,test,train,4,4,0.8095238,0.8095238,0.8095238
CC(C)=CCC/C(C)=C/Cc1c(O)cc(/C=C/c2cc(F)cc(F)c2)cc1O,train,train,train,4,4,0.7209302,0.7209302,0.8095238
CC(C)=CCC/C(C)=C/Cc1c(O)cc(/C=C/c2ccc(O)cc2)cc1O,test,test,train,4,4,0.80487806,0.80487806,0.8095238
CC(C)=CCC/C(C)=C/Cc1c(O)cc(/C=C/c2ccoc2)cc1O,train,train,train,1,1,0.6956522,0.6956522,0.6956522
CC(C)=CCC/C(C)=C/Cc1c(O)cc(/C=C/c2ccsc2)cc1O,train,train,test,1,1,0.6956522,0.6956522,0.73333335
CCCCCCCCC[C@H]1C[C@@H](O)[C@H](O)/C=C/[C@H](O)CC(=O)O1,train,train,train,1,1,0.71428573,0.71428573,0.71428573
CCCCCCCCC[C@H]1CC[C@H](O)/C=C/[C@H](O)CC(=O)O1,train,train,train,1,1,0.71428573,0.71428573,0.71428573
COc1cc(O)c2c(c1C(=O)NCc1cccc3ccccc13)OC1=CC(O)=C(C(C)=O)C(=O)[C@]12C,train,train,train,4,4,0.880597,0.880597,0.880597
COc1cc(O)c2c(c1C(=O)NCc1c(C)ccc3ccccc13)OC1=CC(O)=C(C(C)=O)C(=O)[C@]12C,test,test,test,4,4,0.85714287,0.85714287,0.85714287
CCc1ccc2ccccc2c1CNC(=O)c1c(OC)cc(O)c2c1OC1=CC(O)=C(C(C)=O)C(=O)[C@]12C,train,train,train,4,4,0.9,0.9,0.9
CCCc1ccc2ccccc2c1CNC(=O)c1c(OC)cc(O)c2c1OC1=CC(O)=C(C(C)=O)C(=O)[C@]12C,train,train,train,4,4,0.9,0.9,0.9166667
CCCCc1ccc2ccccc2c1CNC(=O)c1c(OC)cc(O)c2c1OC1=CC(O)=C(C(C)=O)C(=O)[C@]12C,test,test,train,4,4,0.9166667,0.9166667,0.9166667
COc1cc(O)c2c(c1C(=O)NCc1c(C)cc(Cl)c3ccccc13)OC1=CC(O)=C(C(C)=O)C(=O)[C@]12C,train,train,train,4,4,0.8767123,0.8767123,0.8767123
COc1cc(O)c2c(c1C(=O)NCc1c(C)ccc3c(Cl)cccc13)OC1=CC(O)=C(C(C)=O)C(=O)[C@]12C,train,train,train,4,4,0.8767123,0.8767123,0.8767123
COc1cc(O)c2c(c1C(=O)NCc1c(C)ccc3cc(Cl)ccc13)OC1=CC(O)=C(C(C)=O)C(=O)[C@]12C,train,train,train,4,4,0.92957747,0.92957747,0.92957747
COc1cc(O)c2c(c1C(=O)NCc1c(C)ccc3ccc(Cl)cc13)OC1=CC(O)=C(C(C)=O)C(=O)[C@]12C,train,train,train,4,4,0.92957747,0.92957747,0.92957747
COc1cc(O)c2c(c1C(=O)NCc1c(C)cc(F)c3ccccc13)OC1=CC(O)=C(C(C)=O)C(=O)[C@]12C,train,train,train,4,4,0.8888889,0.8888889,0.8888889
COc1cc(O)c2c(c1C(=O)NCc1c(C)ccc3c(F)cccc13)OC1=CC(O)=C(C(C)=O)C(=O)[C@]12C,train,train,train,4,4,0.8888889,0.8888889,0.8888889
COc1cc(O)c2c(c1C(=O)NCc1c(C)ccc3cc(F)ccc13)OC1=CC(O)=C(C(C)=O)C(=O)[C@]12C,train,train,train,4,4,0.92957747,0.92957747,0.92957747
COc1cc(O)c2c(c1C(=O)NCc1c(C)ccc3ccc(F)cc13)OC1=CC(O)=C(C(C)=O)C(=O)[C@]12C,train,train,train,4,4,0.92957747,0.92957747,0.92957747
CCc1cc(F)c2ccccc2c1CNC(=O)c1c(OC)cc(O)c2c1OC1=CC(O)=C(C(C)=O)C(=O)[C@]12C,train,train,train,4,4,0.8630137,0.8630137,0.8630137
O=C(Nn1cc([N+](=O)[O-])cn1)c1cccc(COc2ccc(Br)cc2)c1,test,test,train,4,4,0.2948718,0.2948718,0.2948718
CCOC(=O)c1sc(N2C(=O)C(O)=C(C(=O)c3cccs3)C2c2ccc(C)o2)nc1C,train,train,train,1,1,0.26086956,0.26086956,0.26190478
OC[C@H]1O[C@@H](Oc2ccc(CCCC[C@H](O)CCc3ccc(O[C@@H]4O[C@H](CO)[C@@H](O)[C@H](O)[C@H]4O)c(O)c3)cc2O)[C@H](O)[C@@H](O)[C@@H]1O,train,train,test,1,1,0.23287672,0.23287672,0.23287672
CCC1=C[C@@](CC)(C[C@H](/C=C/[C@H](C)O)CC)O/C1=C\C(=O)OC,train,train,train,1,1,0.7735849,0.7735849,0.5
CCC1=C[C@@](CC)(C[C@H](/C=C/C(C)=O)CC)OC1=O,train,train,train,1,1,0.6730769,0.6730769,0.5
CCC1=C[C@@](CC)(C[C@H](/C=C/C(C)=O)CC)O/C1=C\C(=O)OC,train,train,test,1,1,0.7735849,0.7735849,0.7735849
O=C(NCc1ccccc1Cn1cccc1C(=O)O)Nc1ccc(OC(F)(F)F)cc1,train,train,test,4,4,0.516129,0.516129,0.516129
O=C(NCc1ccccc1Cn1cccc1C(=O)O)NC12C[C@H]3C[C@@H](C1)C[C@@H](C2)C3,train,train,train,4,4,0.516129,0.516129,0.2857143
COc1cc(OC(C)(C)C(=O)O)ccc1CN(Cc1ccco1)Cc1nc(-c2ccccc2)oc1C,train,train,train,0,0,0.8142857,0.8142857,0.8142857
Cc1oc(-c2ccccc2)nc1CN(Cc1ccco1)Cc1ccc(OC(C)(C)C(=O)O)cc1Cl,train,train,train,0,0,0.8142857,0.8142857,0.8142857
Cc1cc(CN(Cc2ccco2)Cc2nc(-c3ccccc3)oc2C)cc(C)c1OC(C)(C)C(=O)O,test,test,test,0,0,0.8181818,0.8181818,0.7846154
Cc1cc(CN(Cc2ccco2)Cc2nc(-c3ccccc3)oc2C)ccc1OC(C)(C)C(=O)O,train,train,test,0,0,0.8507463,0.8507463,0.8636364
COc1cc(CN(Cc2ccco2)Cc2nc(-c3ccccc3)oc2C)ccc1OC(C)(C)C(=O)O,train,train,train,0,0,0.8507463,0.8507463,0.8382353
Cc1oc(-c2ccccc2)nc1CN(Cc1ccc(OC(C)(C)C(=O)O)c(Cl)c1)Cc1ccco1,test,test,train,0,0,0.8636364,0.8636364,0.8382353
Cc1oc(-c2ccccc2)nc1CN(Cc1ccc(OC(C)(C)C(=O)O)cc1)Cc1ccco1,train,train,train,0,0,0.8333333,0.8333333,0.8333333
Cc1oc(-c2cccc(Br)c2)nc1CN(Cc1ccc(OC(C)(C)C(=O)O)cc1)Cc1ccco1,train,train,train,0,0,0.8333333,0.8333333,0.8333333
COc1ccc(CN(Cc2ccc(OC(C)(C)C(=O)O)cc2)Cc2nc(-c3cccc(Br)c3)oc2C)cc1,train,train,train,0,0,0.9166667,0.9166667,0.8208955
Cc1oc(-c2cccc(Br)c2)nc1CN(Cc1ccccc1)Cc1ccc(OC(C)(C)C(=O)O)cc1,train,train,test,0,0,0.9166667,0.9166667,0.9166667
CCCCN(Cc1ccc(OC(C)(C)C(=O)O)cc1)Cc1nc(-c2cccc(Br)c2)oc1C,train,train,train,0,0,0.83076924,0.83076924,0.8181818
Cc1oc(-c2cccc(Br)c2)nc1CNCc1ccc(OC(C)(C)C(=O)O)cc1,train,train,train,0,0,0.72307694,0.72307694,0.7258065
Cc1oc(-c2ccccc2)nc1CNc1ccc(OC(C)(C)C(=O)O)cc1,train,train,test,0,0,0.7169811,0.7169811,0.8076923
Cc1oc(-c2ccccc2)nc1CCNc1ccc(OC(C)(C)C(=O)O)cc1,test,test,train,0,0,0.8076923,0.8076923,0.754717
Cc1oc(-c2cccc(Br)c2)nc1CCOc1ccc(OC(C)(C)C(=O)O)cc1,test,test,train,0,0,0.7962963,0.7962963,0.7962963
CC(C)(Oc1ccc(CO)cc1)C(=O)O,train,train,train,4,4,0.5897436,0.5897436,0.5897436
CC(C)(Oc1ccc(CCCOc2nc3ccccc3s2)cc1)C(=O)O,train,train,train,4,4,0.8979592,0.8979592,0.8979592
CC(C)(Oc1ccc(CCOc2nc3ccccc3s2)cc1)C(=O)O,train,train,train,4,4,0.8979592,0.8979592,0.8979592
CC(C)(Oc1ccc(COc2nc3ccccc3s2)cc1)C(=O)O,train,train,test,4,4,0.8,0.8,0.8
CC(C)(Oc1ccc(CCCOc2ccc(/N=N/c3ccccc3)cc2)cc1)C(=O)O,test,test,train,1,1,0.88372093,0.88372093,0.88372093
CC(C)(Oc1ccc(CCOc2ccc(/N=N/c3ccccc3)cc2)cc1)C(=O)O,train,train,train,2,2,1.0,1.0,1.0
CC(C)(Oc1ccc(COc2ccc(/N=N/c3ccccc3)cc2)cc1)C(=O)O,train,train,train,2,2,0.77272725,0.77272725,0.77272725
CC(C)(Oc1ccc(CCCOc2ccc(/C=C/c3ccccc3)cc2)cc1)C(=O)O,train,train,train,2,2,0.88372093,0.88372093,0.88372093
CC(C)(Oc1ccc(CCOc2ccc(/C=C/c3ccccc3)cc2)cc1)C(=O)O,train,train,train,2,2,0.88372093,0.88372093,0.88372093
CC(C)(Oc1ccc(COc2ccc(/C=C/c3ccccc3)cc2)cc1)C(=O)O,train,train,train,2,2,0.77272725,0.77272725,0.77272725
CC(C)(Oc1ccc(CCCOc2ccc(Oc3ccccc3)cc2)cc1)C(=O)O,train,train,test,1,1,0.875,0.875,0.875
CC(C)(Oc1ccc(CCOc2ccc(Oc3ccccc3)cc2)cc1)C(=O)O,train,train,train,1,1,0.875,0.875,0.76744187
CC(C)(Oc1ccc(COc2ccc(Oc3ccccc3)cc2)cc1)C(=O)O,train,train,train,4,4,0.75609756,0.75609756,0.75609756
CC(C)(Oc1ccc(CCCOc2ccc(C(=O)c3ccccc3)cc2)cc1)C(=O)O,train,train,train,2,2,0.88095236,0.88095236,0.88095236
CC(C)(Oc1ccc(CCOc2ccc(C(=O)c3ccccc3)cc2)cc1)C(=O)O,train,train,train,2,2,0.88095236,0.88095236,0.88095236
CC(C)(Oc1ccc(COc2ccc(C(=O)c3ccccc3)cc2)cc1)C(=O)O,train,train,train,4,4,0.76744187,0.76744187,0.76744187
CC(C)(Oc1ccc(CCCOc2ccc(C(=O)/C=C/c3ccccc3)cc2)cc1)C(=O)O,train,train,train,2,2,0.79591835,0.79591835,0.79591835
CC(C)(Oc1ccc(CCOc2ccc(C(=O)/C=C/c3ccccc3)cc2)cc1)C(=O)O,test,test,test,2,2,0.8979592,0.8979592,0.8979592
COc1ccc(-c2coc3cc(O)c(OC)cc3c2=O)cc1O,train,train,train,1,1,0.5,0.5,0.5
Cc1oc(-c2cccc[s+]2)nc1CCOc1ccc(C[C@@](C)(Oc2ccccc2)C(=O)O)cc1,train,train,train,0,0,0.75409836,0.75409836,0.7741935
Cc1oc(C2CCCCC2)nc1CCOc1ccc(C[C@H](Oc2ccccc2)C(=O)O)cc1,train,train,test,2,2,0.6825397,0.6825397,0.6825397
COC(=O)CN1C(=O)SC(Cc2ccc(O)cc2)C1=O,train,train,train,4,4,0.6458333,0.6458333,0.63265306
CCOC(=O)CN1C(=O)SC(Cc2ccc(C(F)(F)F)cc2)C1=O,train,train,train,4,4,0.7755102,0.7755102,0.7755102
CCOC(=O)CN1C(=O)S/C(=C\c2ccc(Cl)cc2)C1=O,train,train,train,1,1,0.81395346,0.81395346,0.81395346
CCOC(=O)CN1C(=O)SC(Cc2ccc(N)cc2)C1=O,train,train,test,2,2,0.8043478,0.8043478,0.8043478
CCOC(=O)CN1C(=O)S/C(=C\c2ccc(OC)cc2)C1=O,train,train,train,1,1,0.79545456,0.79545456,0.79545456
CCOC(=O)CN1C(=O)SC(Cc2ccc(OCCBr)cc2)C1=O,train,train,train,1,1,0.71153843,0.71153843,0.6981132
CCOC(=O)CN1C(=O)S/C(=C\c2ccc(OCCBr)cc2)C1=O,test,test,train,1,1,0.74,0.74,0.74
COC(=O)CN1C(=O)S/C(=C\c2ccc(O)cc2)C1=O,test,test,train,4,4,0.65217394,0.65217394,0.65217394
CCOC(=O)CN1C(=O)SC(Cc2ccc(F)cc2)C1=O,train,train,train,2,2,0.8043478,0.8043478,0.7755102
CCOC(=O)CN1C(=O)S/C(=C\c2ccc(C(F)(F)F)cc2)C1=O,train,train,train,4,4,0.76086956,0.76086956,0.76086956
CCOC(=O)CN1C(=O)S/C(=C\c2cccc([N+](=O)[O-])c2)C1=O,train,train,test,1,1,0.6226415,0.6226415,0.6226415
CCOC(=O)CN1C(=O)S/C(=C\c2ccc(C)cc2)C1=O,train,train,train,1,1,0.81395346,0.81395346,0.81395346
O=C1NC(=O)C(Cc2ccc3c(c2)CC[C@H](Cc2ccccc2)O3)S1,train,train,train,1,1,0.4347826,0.4347826,0.41428572
CCCc1cc(Oc2ccc(C(C)C)cc2)ccc1OCCCOc1ccc(C2SC(=O)NC2=O)cc1,train,train,train,1,1,0.8305085,0.8305085,0.8305085
CCCc1cc(Oc2ccc(C3CCCC3)cc2)ccc1OCCCOc1ccc(C2SC(=O)NC2=O)cc1,train,train,train,1,1,0.852459,0.852459,0.852459
CCCc1cc(Oc2ccc(F)c(C)c2)ccc1OCCCOc1ccc(C2SC(=O)NC2=O)cc1,train,train,train,1,1,0.84126985,0.84126985,0.84126985
CCCc1cc(Oc2ccc(Cl)c(Cl)c2)ccc1OCCCOc1ccc(C2SC(=O)NC2=O)cc1,train,train,train,1,1,0.86440676,0.86440676,0.86440676
CCCc1cc(Oc2ccc(Cl)c(C)c2)ccc1OCCCOc1ccc(C2SC(=O)NC2=O)cc1,train,train,train,1,1,0.86440676,0.86440676,0.86440676
CCCc1cc(Oc2ccc(O)cc2)ccc1OCCCOc1ccc(C2SC(=O)NC2=O)cc1,train,train,train,1,1,0.8727273,0.8727273,0.8727273
Cc1oc(-c2ccccc2)nc1CCOc1ccc(C[C@@]2(C(=O)O)CCOCCO2)cc1,test,test,train,0,0,0.6617647,0.6617647,0.6571429
COC(=O)c1ccccc1[C@@](O)(Cc1ccc(OCCc2nc(-c3ccccc3)oc2C)cc1)C(=O)O,train,train,train,0,0,0.8125,0.8125,0.63380283
Cc1sc(N2CCN(C)CC2)nc1CCOc1ccc(C[C@@](O)(C(=O)O)c2ccccc2C(=O)c2ccccc2)cc1,train,train,test,0,0,0.7183099,0.7183099,0.7183099
Cc1sc(-c2ccccc2)nc1CCOc1ccc(C[C@@](O)(C(=O)O)c2ccccc2C(=O)c2ccccc2)cc1,train,train,train,0,0,0.7183099,0.7183099,0.6197183
Cc1oc(-c2ccccc2)nc1CCOc1ccc(C[C@@](O)(C(=O)O)c2ccccc2C(=O)c2ccccc2)cc1,train,train,test,0,0,0.8125,0.8125,0.8125
CC(C)c1ccccc1-c1ccc(O[C@@H](Cc2ccccc2)C(=O)O)cc1,train,train,train,2,2,0.75609756,0.75609756,0.72727275
CCc1ccccc1-c1ccc(O[C@@H](Cc2ccccc2)C(=O)O)cc1,train,train,train,2,2,0.775,0.775,0.74418604
COc1ccccc1-c1ccc(O[C@@H](Cc2ccccc2)C(=O)O)cc1,train,train,train,2,2,0.75609756,0.75609756,0.72727275
O=C(O)[C@H](Cc1ccccc1)Oc1ccc(-c2ccccc2-c2ccccc2)cc1,train,train,test,2,2,0.85294116,0.85294116,0.85294116
O=C(O)[C@H](Cc1ccccc1)Oc1ccc(-c2ccccc2C(F)(F)F)cc1,test,test,train,2,2,0.7380952,0.7380952,0.67391306
O=C(O)[C@H](Cc1ccccc1)Oc1ccc(-c2ccccc2F)cc1,train,train,test,2,2,0.7948718,0.7948718,0.7209302
Cc1ccccc1-c1ccc(O[C@@H](Cc2ccccc2)C(=O)O)cc1C,train,train,train,2,2,0.80487806,0.80487806,0.80487806
Cc1ccccc1-c1ccc(O[C@@H](Cc2ccccc2)C(=O)O)cc1,train,train,train,2,2,0.7948718,0.7948718,0.7619048
Cc1cccc(-c2ccc(OC(Cc3ccccc3)C(=O)O)cc2)c1,train,train,train,2,2,0.8,0.8,0.8
Cc1ccc(-c2ccc(O[C@@H](Cc3ccccc3)C(=O)O)cc2)cc1,train,train,train,2,2,0.85294116,0.85294116,0.85294116
Cc1cccc(C)c1-c1ccc(O[C@@H](Cc2ccccc2)C(=O)O)cc1,train,train,test,2,2,0.7619048,0.7619048,0.7619048
Cc1cc(OC(Cc2ccccc2)C(=O)O)cc(C)c1-c1ccccc1,train,train,test,2,2,0.7380952,0.7380952,0.7380952
Cc1cc(-c2ccccc2)cc(C)c1O[C@@H](Cc1ccccc1)C(=O)O,train,train,train,2,2,0.6511628,0.6511628,0.71428573
Cc1cc(O[C@@H](Cc2ccccc2)C(=O)O)ccc1-c1ccccc1,train,train,train,2,2,0.80487806,0.80487806,0.80487806
Cc1cc(-c2ccccc2)ccc1O[C@@H](Cc1ccccc1)C(=O)O,test,test,train,2,2,0.71428573,0.71428573,0.71428573
CCc1nc2c(C)cn(Cc3ccccc3C#N)c(=O)c2n1[C@H]1CCc2cc(-c3ccccc3-c3nnn[nH]3)ccc21,train,train,train,3,3,0.86419755,0.86419755,0.86419755
CCc1nc2c(C)cn(Cc3ccccc3C)c(=O)c2n1[C@H]1CCc2cc(-c3ccccc3-c3nnn[nH]3)ccc21,train,train,train,3,3,0.86419755,0.86419755,0.86419755
CCc1nc2ccn(Cc3c(C)noc3C)c(=O)c2n1[C@H]1CCc2cc(-c3ccccc3-c3nnn[nH]3)ccc21,train,train,train,3,3,0.79518074,0.79518074,0.79518074
CCc1nc2ccn(Cc3cccnc3)c(=O)c2n1[C@H]1CCc2cc(-c3ccccc3-c3nnn[nH]3)ccc21,train,train,train,3,3,0.8701299,0.8701299,0.8701299
CCc1nc2ccn(Cc3ccccn3)c(=O)c2n1[C@H]1CCc2cc(-c3ccccc3-c3nnn[nH]3)ccc21,test,test,train,3,3,0.82051283,0.82051283,0.82051283
CCc1nc2ccn(Cc3cccc(C(F)(F)F)c3)c(=O)c2n1[C@H]1CCc2cc(-c3ccccc3-c3nnn[nH]3)ccc21,train,train,train,3,3,0.84810126,0.84810126,0.84810126
CCc1nc2ccn(Cc3cccc(C)c3)c(=O)c2n1[C@H]1CCc2cc(-c3ccccc3-c3nnn[nH]3)ccc21,train,train,train,3,3,0.8933333,0.8933333,0.8933333
CCc1nc2ccn(Cc3cccc(F)c3)c(=O)c2n1[C@H]1CCc2cc(-c3ccccc3-c3nnn[nH]3)ccc21,train,train,train,3,3,0.8815789,0.8815789,0.8815789
CCc1nc2ccn(Cc3ccccc3OC(F)(F)F)c(=O)c2n1[C@H]1CCc2cc(-c3ccccc3-c3nnn[nH]3)ccc21,train,train,test,3,3,0.8235294,0.8235294,0.8235294
CCc1nc2ccn(Cc3ccccc3C(F)(F)F)c(=O)c2n1[C@H]1CCc2cc(-c3ccccc3-c3nnn[nH]3)ccc21,train,train,train,3,3,0.83950615,0.83950615,0.8271605
CCc1nc2ccn(Cc3ccccc3C#N)c(=O)c2n1[C@H]1CCc2cc(-c3ccccc3-c3nnn[nH]3)ccc21,test,test,test,3,3,0.8271605,0.8271605,0.8271605
CCc1nc2ccn(Cc3ccccc3C)c(=O)c2n1[C@H]1CCc2cc(-c3ccccc3-c3nnn[nH]3)ccc21,train,train,train,3,3,0.85897434,0.85897434,0.83116883
CCc1nc2ccn(Cc3ccccc3F)c(=O)c2n1[C@H]1CCc2cc(-c3ccccc3-c3nnn[nH]3)ccc21,train,train,test,3,3,0.85897434,0.85897434,0.85897434
CCc1nc2ccn(CC3CCCCC3)c(=O)c2n1[C@H]1CCc2cc(-c3ccccc3-c3nnn[nH]3)ccc21,train,train,train,3,3,0.81578946,0.81578946,0.7948718
CCc1nc2ccn(CC(C)C)c(=O)c2n1[C@H]1CCc2cc(-c3ccccc3-c3nnn[nH]3)ccc21,train,train,test,3,3,0.8378378,0.8378378,0.8378378
CCc1nc2ccn(CC(=O)OCc3ccccc3)c(=O)c2n1[C@H]1CCc2cc(-c3ccccc3-c3nnn[nH]3)ccc21,train,train,train,3,3,0.80246913,0.80246913,0.80246913
CCc1nc2ccn(Cc3ccccc3)c(=O)c2n1[C@H]1CCc2cc(-c3ccccc3-c3nnn[nH]3)ccc21,train,train,train,3,3,0.8933333,0.8933333,0.8933333
CCNC(=O)c1cc(NS(=O)(=O)c2ccc(Br)cc2OC(F)(F)F)ccc1Oc1cncc(Cl)c1,test,test,train,4,4,0.7162162,0.7162162,0.7162162
CCNC(=O)c1cc(NS(=O)(=O)c2ccc(Cl)cc2Cl)ccc1Oc1cncc(Cl)c1,train,train,train,4,4,0.8153846,0.8153846,0.8153846
CC(=O)c1cc(NS(=O)(=O)c2ccc(Cl)cc2Cl)ccc1Oc1cncc(Cl)c1,test,test,test,4,4,0.78333336,0.78333336,0.78333336
O=S(=O)(Nc1cc(Cl)c(Oc2cncc(Cl)c2)c(Cl)c1)c1ccc(Cl)cc1Cl,test,test,train,4,4,0.78846157,0.78846157,0.87234044
CCCCCc1cc(OC)c(CC=C(C)C)c(O)c1C(=O)O,train,train,train,1,1,0.7058824,0.7058824,0.7058824
COc1cc(CCc2ccccc2)c(C(=O)O)c(O)c1CC=C(C)C,train,train,train,4,4,0.8269231,0.8269231,0.8269231
CCOC(=O)c1cc(NS(=O)(=O)c2ccc(Cl)cc2)ccc1Oc1cncc(Cl)c1,train,train,train,4,4,0.6769231,0.6769231,0.6769231
O=S(=O)(Nc1ccc(Oc2ccc3ccccc3c2)c(Cl)c1)c1ccc(Cl)cc1Cl,test,test,test,4,4,0.6603774,0.6603774,0.7407407
CCNC(=O)c1cc(NS(=O)(=O)c2ccc(OC)cc2)ccc1Oc1cncc(Cl)c1,train,train,train,4,4,0.8360656,0.8360656,0.8360656
O=S(=O)(Nc1ccc(Oc2cncc(Cl)c2)c(F)c1)c1ccc(Cl)cc1Cl,train,train,train,4,4,0.8367347,0.8367347,0.8367347
CS(=O)(=O)c1cc(NS(=O)(=O)c2ccc(Cl)cc2Cl)ccc1Oc1cncc(Cl)c1,test,test,train,4,4,0.8039216,0.8039216,0.8039216
Cc1cc(NS(=O)(=O)c2ccc(Cl)cc2Cl)ccc1Oc1cncc(Cl)c1,train,train,train,4,4,0.82,0.82,0.82
O=S(=O)(Nc1ccc(Oc2cncc(Cl)c2)c(Cl)c1)c1ccc(Cl)cc1Cl,train,train,train,4,4,0.8367347,0.8367347,0.8367347
CCNC(=O)c1cc(NS(=O)(=O)c2ccc([N+](=O)[O-])cc2)ccc1Oc1cncc(Cl)c1,train,train,test,4,4,0.796875,0.796875,0.796875
CC(=O)c1cncc(Oc2c(Cl)cc(NS(=O)(=O)c3ccc(Cl)cc3Cl)cc2Cl)c1,train,train,train,4,4,0.8301887,0.8301887,0.8301887
N#Cc1cc(NS(=O)(=O)c2ccc(Cl)cc2Cl)ccc1Oc1cncc(Cl)c1,train,train,train,4,4,0.7735849,0.7735849,0.7735849
O=S(=O)(Nc1ccc(Oc2cncc(Cl)c2)c(C(F)(F)F)c1)c1ccc(Cl)cc1Cl,train,train,train,4,4,0.7818182,0.7818182,0.7818182
O=S(=O)(Nc1cc(Cl)c(Oc2cnc3ccccc3c2)c(Cl)c1)c1ccc(C(F)(F)F)cc1Cl,train,train,train,4,4,0.75,0.75,0.75
NC(=O)c1cncc(Oc2c(Cl)cc(NS(=O)(=O)c3ccc(Cl)cc3Cl)cc2Cl)c1,train,train,train,4,4,0.8301887,0.8301887,0.8301887
CCNC(=O)c1cc(NS(=O)(=O)c2ccc(I)cc2)ccc1Oc1cncc(Cl)c1,train,train,train,4,4,0.8360656,0.8360656,0.8360656
O=S(=O)(Nc1ccc(Oc2cnc3ccccc3c2)c(Cl)c1)c1ccc(Cl)cc1Cl,test,test,train,4,4,0.78333336,0.78333336,0.78333336
O=S(=O)(Nc1cc(C(F)(F)F)c(Oc2cncc(Cl)c2)c(C(F)(F)F)c1)c1ccc(Cl)cc1Cl,train,train,train,4,4,0.7818182,0.7818182,0.7818182
Cc1cncc(Oc2c(Cl)cc(NS(=O)(=O)c3ccc(Cl)cc3Cl)cc2Cl)c1,test,test,train,4,4,0.754717,0.754717,0.8125
N#Cc1cncc(Oc2c(Cl)cc(NS(=O)(=O)c3ccc(Cl)cc3Cl)cc2Cl)c1,test,test,train,4,4,0.71428573,0.71428573,0.7647059
O=S(=O)(Nc1cc(Cl)c(Oc2ccc3ncccc3c2)c(Cl)c1)c1ccc(Cl)cc1Cl,train,train,train,4,4,0.6229508,0.6229508,0.6229508
CC(=O)c1cc(NS(=O)(=O)c2ccc(Cl)cc2Cl)ccc1Oc1cnc2ccccc2c1,train,train,train,4,4,0.5694444,0.5694444,0.78333336
CC(=O)c1cc(NS(=O)(=O)c2ccc(Cl)cc2Cl)cc(Cl)c1Oc1cncc(Cl)c1,train,train,train,4,4,0.76785713,0.76785713,0.78846157
CCNC(=O)c1cc(NS(=O)(=O)c2ccc(C(F)(F)F)cc2Cl)ccc1Oc1cncc(Cl)c1,train,train,train,4,4,0.8153846,0.8153846,0.8153846
CCNC(=O)c1cc(NS(=O)(=O)c2cc(C)c(Cl)cc2Cl)ccc1Oc1cncc(Cl)c1,test,test,train,4,4,0.8095238,0.8095238,0.8095238
O=S(=O)(Nc1cc(F)c(Oc2cncc(Cl)c2)c(Cl)c1)c1ccc(Cl)cc1Cl,test,test,train,4,4,0.7407407,0.7407407,0.87234044
CCNC(=O)c1cc(NS(=O)(=O)c2ccc(Cl)c(Cl)c2)ccc1Oc1cncc(Cl)c1,test,test,train,4,4,0.8196721,0.8196721,0.8196721
CCCOc1ccc(C[C@@H](Cc2ccccc2)C(=O)O)cc1CNC(=O)c1ccc(-c2cncnc2)cc1,train,train,train,2,2,0.86440676,0.86440676,0.86440676
CCCOc1ccc(C[C@@H](Cc2ccccc2)C(=O)O)cc1CNC(=O)c1ccc(-c2cnccn2)cc1,train,train,train,2,2,0.8153846,0.8153846,0.8333333
CCCOc1ccc(C[C@@H](Cc2ccccc2)C(=O)O)cc1CNC(=O)c1ccc(-c2ncccn2)cc1,train,train,train,2,2,0.86206895,0.86206895,0.86206895
CCCOc1ccc(C[C@@H](Cc2ccccc2)C(=O)O)cc1CNC(=O)c1ccc(-c2ccncc2)cc1,test,test,train,2,2,0.87931037,0.87931037,0.87931037
CCCOc1ccc(C[C@@H](Cc2ccccc2)C(=O)O)cc1CNC(=O)c1ccc(-c2cccnc2)cc1,train,train,train,2,2,0.859375,0.859375,0.859375
CCCOc1ccc(C[C@@H](Cc2ccccc2)C(=O)O)cc1CNC(=O)c1ccc(-c2ccccn2)cc1,test,test,train,2,2,0.8548387,0.8548387,0.8548387
CCCOc1ccc(C[C@@H](Cc2ccccc2)C(=O)O)cc1CNC(=O)c1ccc(-c2cccs2)cc1,train,train,train,2,2,0.8064516,0.8064516,0.8064516
CCCOc1ccc(C[C@@H](Cc2ccccc2)C(=O)O)cc1CNC(=O)c1ccc(-c2ccc(F)cc2)cc1,train,train,train,2,2,0.8947368,0.8947368,0.8947368
CCCOc1ccc(C[C@@H](Cc2ccccc2)C(=O)O)cc1CNC(=O)c1ccc(-c2cccc(F)c2)cc1,train,train,train,2,2,0.87096775,0.87096775,0.87096775
CCCOc1ccc(C[C@@H](Cc2ccccc2)C(=O)O)cc1CNC(=O)c1ccc(-c2ccccc2F)cc1,test,test,test,2,2,0.828125,0.828125,0.82539684
CCCOc1ccc(C[C@@H](Cc2ccccc2)C(=O)O)cc1CNC(=O)c1ccc(-c2ccccc2C)cc1,train,train,test,2,2,0.8333333,0.8333333,0.8333333
CCCOc1ccc(C[C@@H](Cc2ccccc2)C(=O)O)cc1CNC(=O)c1ccc(-c2ccccc2)cc1,train,train,train,2,2,0.8947368,0.8947368,0.8947368
O=C(O)[C@H](Cc1ccccc1)Oc1ccc(-c2ccc(Cl)cc2)cc1,train,train,train,2,2,0.9117647,0.9117647,0.9117647
O=C(O)[C@H](CCOc1ccccc1)Oc1ccc(Cl)cc1,test,test,train,2,2,0.7368421,0.7368421,0.7368421
O=C(O)[C@H](COc1ccccc1)Oc1ccc(Cl)cc1,train,train,train,2,2,0.65789473,0.65789473,0.7368421
O=C(O)[C@H](CCCc1ccc(Cl)cc1)Oc1ccc(Cl)cc1,train,train,test,2,2,0.8888889,0.8888889,0.8888889
O=C(O)[C@H](CCCc1ccccc1)Oc1ccc(Cl)cc1,train,train,train,2,2,0.8888889,0.8888889,0.8378378
O=C(O)[C@H](CCc1ccccc1)Oc1ccc(Cl)cc1,train,train,train,2,2,0.8378378,0.8378378,0.8378378
COC(c1ccc(OC(F)(F)F)cc1)C1CC1c1cc(C)c(OC(C)(C)C(=O)O)c(C)c1,test,test,train,4,4,0.8035714,0.8035714,0.8035714
COC(c1ccccc1OC(F)(F)F)C1CC1c1cc(C)c(OC(C)(C)C(=O)O)c(C)c1,train,train,train,4,4,0.6721311,0.6721311,0.71666664
Cc1cc(C2CC2C(OCCC2CCCCC2)c2ccc(OC(F)(F)F)cc2)cc(C)c1OC(C)(C)C(=O)O,train,train,train,4,4,0.5857143,0.5857143,0.72307694
COC(c1ccc(C(F)(F)F)cc1)C1CC1c1cc(C)c(OC(C)(C)C(=O)O)c(C)c1,train,train,train,4,4,0.8113208,0.8113208,0.8035714
COC(c1ccc(C)cc1)C1CC1c1cc(C)c(OC(C)(C)C(=O)O)c(C)c1,train,train,test,4,4,0.8113208,0.8113208,0.8113208
CCCc1nn2ccc(C(=O)NC(CC)c3ccccc3)cc2c1Cc1ccc(-c2ccccc2-c2nn[nH]n2)cc1,test,test,train,3,3,0.56626505,0.56626505,0.8055556
CCCCn1c(-c2ccc3nn(CCC)c(Cc4ccc(-c5ccccc5C(=O)O)cc4)c3c2)nc2ccccc21,train,train,test,3,3,0.72602737,0.72602737,0.6103896
CCCCn1c(-c2ccc3nn(CCC)c(Cc4ccc(-c5ccccc5-c5nn[nH]n5)cc4)c3c2)nc2ccccc21,train,train,test,3,3,0.72602737,0.72602737,0.6282051
CCCn1nc2ccc(C(=O)NC(CC)c3ccccc3)cc2c1Cc1ccc(-c2ccccc2C(=O)O)cc1,test,test,train,3,3,0.6447368,0.6447368,0.6447368
CCCc1nn2ccc(-c3nc4ccccc4n3CCC)cc2c1Cc1ccc(-c2ccccc2-c2nn[nH]n2)cc1,train,train,train,3,3,0.6282051,0.6282051,0.7361111
CCCc1nn2ccc(-c3nc4ccccc4n3CCC)cc2c1Cc1ccc(-c2ccccc2C(=O)O)cc1,test,test,train,3,3,0.7361111,0.7361111,0.7361111
CCCc1nn2ccc(C(=O)NC(CC)c3ccccc3)cc2c1Cc1ccc(-c2ccccc2C(=O)O)cc1,test,test,train,3,3,0.6891892,0.6891892,0.8055556
CCCc1[nH]c2ccc(C(=O)NC(CC)c3ccccc3)cc2c1Cc1ccc(-c2ccccc2C(=O)O)cc1,train,train,train,3,3,0.8923077,0.8923077,0.6756757
CCCc1c(Cc2ccc(-c3ccccc3C(=O)O)cc2)c2cc(C(=O)NC(CC)c3ccccc3)ccc2n1OC,test,test,test,3,3,0.75342464,0.75342464,0.75342464
CCCc1[nH]c2cc(C(=O)NC(CC)c3ccccc3)ccc2c1Cc1ccc(-c2ccccc2C(=O)O)cc1,train,train,test,3,3,0.8923077,0.8923077,0.8923077
CCCc1c(Cc2ccc(-c3ccccc3C(=O)O)cc2)c2ccc(C(=O)NC(CC)c3ccccc3)cc2n1C,train,train,train,3,3,0.7083333,0.7083333,0.6891892
CCCc1nc2cc(C(=O)NC(CC)c3ccccc3)ccc2n1Cc1ccc(-c2ccccc2C(=O)O)cc1,train,train,train,3,3,0.7,0.7,0.880597
C/C(=C\C(=O)c1ccccc1)NC(Cc1ccc(OCCOc2ccc(/C=C/c3ccccc3)cc2)cc1)C(=O)O,train,train,test,2,2,0.9411765,0.9411765,0.9411765
C/C(=C\C(=O)c1ccccc1)NC(Cc1ccc(OCCCOc2ccc(/C=C/c3ccccc3)cc2)cc1)C(=O)O,train,train,train,2,2,0.9411765,0.9411765,0.8909091
C/C(=C\C(=O)c1ccccc1)NC(Cc1ccc(OCCOc2ccc(/C=C/c3ccc(Cl)cc3)cc2)cc1)C(=O)O,train,train,test,2,2,0.94545454,0.94545454,0.94545454
C/C(=C\C(=O)c1ccccc1)NC(Cc1ccc(OCCCOc2ccc(/C=C/c3ccc(Cl)cc3)cc2)cc1)C(=O)O,train,train,train,2,2,0.94545454,0.94545454,0.8909091
C/C(=C\C(=O)c1ccccc1)NC(Cc1ccc(OCCOc2ccc(/C=C/c3ccc(C)cc3)cc2)cc1)C(=O)O,train,train,train,2,2,0.9056604,0.9056604,0.8545455
C/C(=C\C(=O)c1ccccc1)NC(Cc1ccc(OCCOc2ccc(/C=C/c3ccc(C(F)(F)F)cc3)cc2)cc1)C(=O)O,train,train,train,2,2,0.94827586,0.94827586,0.94827586
C/C(=C\C(=O)c1ccccc1)NC(Cc1ccc(OCCCOc2ccc(/C=C/c3ccc(C(F)(F)F)cc3)cc2)cc1)C(=O)O,train,train,train,2,2,0.94827586,0.94827586,0.94827586
C/C(=C\C(=O)c1ccccc1)NC(Cc1ccc(OCCOc2ccc(/N=N/c3ccccc3)cc2)cc1)C(=O)O,test,test,test,2,2,0.8909091,0.8909091,0.8909091
C/C(=C\C(=O)c1ccccc1)NC(Cc1ccc(OCCCOc2ccc(/N=N/c3ccccc3)cc2)cc1)C(=O)O,test,test,test,2,2,0.89285713,0.89285713,0.89285713
C/C(=C\C(=O)c1ccccc1)NC(Cc1ccc(OCCOc2ccc(/N=N/c3ccc(Cl)cc3)cc2)cc1)C(=O)O,train,train,train,2,2,0.9464286,0.9464286,0.9464286
C/C(=C\C(=O)c1ccccc1)NC(Cc1ccc(OCCCOc2ccc(/N=N/c3ccc(Cl)cc3)cc2)cc1)C(=O)O,train,train,train,2,2,0.9464286,0.9464286,0.9464286
C/C(=C\C(=O)c1ccccc1)NC(Cc1ccc(OCCCOc2ccc(/N=N/c3ccc([N+](=O)[O-])cc3)cc2)cc1)C(=O)O,train,train,train,2,2,0.78125,0.78125,0.78125
CC(=O)/C=C(\C)NC(Cc1ccc(OCCOc2ccc(/C=C/c3ccccc3)cc2)cc1)C(=O)O,train,train,train,2,2,0.8269231,0.8269231,0.7777778
O=C(/C=C/c1ccccc1)NC(Cc1ccc(OCCOc2ccc(/C=C/c3ccccc3)cc2)cc1)C(=O)O,train,train,train,2,2,0.71153843,0.71153843,0.71153843
Cc1nc(-c2cccc(C(F)(F)F)c2)sc1CNCc1ccc(OC(C)(C)C(=O)O)cc1,train,train,test,4,4,0.640625,0.640625,0.640625
Cc1ccc(-c2nc(C)c(C(=O)N[C@H]3CCCN(c4cccc(C(=O)O)c4)C3)s2)cc1,test,test,train,4,4,0.3372093,0.3372093,0.3372093
CCCOc1ccc(C[C@@H](Cc2ccccc2)C(=O)O)cc1CNC(=O)c1ccc(N2C3CC4CC(C3)CC2C4)cc1,test,test,train,2,2,0.8382353,0.8382353,0.8382353
CCCOc1ccc(C[C@@H](Cc2ccccc2)C(=O)O)cc1CNC(=O)c1ccc(N2CC3CCC(C3)C2)cc1,train,train,train,2,2,0.7714286,0.7714286,0.7887324
CCCOc1ccc(C[C@@H](Cc2ccccc2)C(=O)O)cc1CNC(=O)c1ccc(N2C3CCCC2CCC3)cc1,train,train,train,2,2,0.984127,0.984127,0.984127
CCCOc1ccc(C[C@@H](Cc2ccccc2)C(=O)O)cc1CNC(=O)c1ccc(N2C3CCCC2CC3)cc1,train,train,train,2,2,0.984127,0.984127,0.984127
CCCOc1ccc(C[C@@H](Cc2ccccc2)C(=O)O)cc1CNC(=O)c1ccc(N2CC(C)(C)CC(C)(C)C2)cc1,train,train,train,2,2,0.8405797,0.8405797,0.8405797
CCCOc1ccc(C[C@@H](Cc2ccccc2)C(=O)O)cc1CNC(=O)c1ccc(N2CCC(C)(C)CC2)cc1,train,train,train,2,2,0.85507244,0.85507244,0.85507244
CCCOc1ccc(C[C@@H](Cc2ccccc2)C(=O)O)cc1CNC(=O)c1ccc(N2CCCC(C)(C)C2)cc1,train,train,train,2,2,0.85507244,0.85507244,0.85507244
CCCOc1ccc(C[C@@H](Cc2ccccc2)C(=O)O)cc1CNC(=O)c1ccc(N2CCCCCCCC2)cc1,train,train,train,2,2,1.0,1.0,1.0
CCCOc1ccc(C[C@@H](Cc2ccccc2)C(=O)O)cc1CNC(=O)c1ccc(N2CCCCCCC2)cc1,train,train,train,2,2,1.0,1.0,1.0
CCCOc1ccc(C[C@@H](Cc2ccccc2)C(=O)O)cc1CNC(=O)c1ccc(N2CCCCCC2)cc1,train,train,train,2,2,1.0,1.0,1.0
CCCOc1ccc(C[C@@H](Cc2ccccc2)C(=O)O)cc1CNC(=O)c1ccc(N2CCCCC2)cc1,test,test,train,2,2,1.0,1.0,1.0
CCCCCCC(Sc1nc(Cl)cc(Nc2nc(-c3ccc(Cl)cc3)cs2)n1)C(=O)O,train,train,train,4,4,0.93333334,0.93333334,0.9032258
CCCCC(Sc1nc(Cl)cc(Nc2nc(-c3ccc(Cl)cc3)cs2)n1)C(=O)O,train,train,test,4,4,0.93333334,0.93333334,0.93333334
CCC(Sc1nc(Cl)cc(Nc2nc(-c3ccc(Cl)cc3)cs2)n1)C(=O)O,train,train,test,4,4,0.8333333,0.8333333,0.8064516
CCCCCCC(Sc1nc(Cl)cc(Nc2nc(-c3ccccc3)cs2)n1)C(=O)O,test,test,train,3,3,0.88709676,0.88709676,0.88709676
CCCCCCC(Sc1nc(Cl)cc(Nc2nc(-c3ccc(C)cc3)cs2)n1)C(=O)O,train,train,train,3,3,0.9032258,0.9032258,0.9032258
CCCCCCC(Sc1nc(Cl)cc(Nc2nc(-c3ccc4ccccc4c3)cs2)n1)C(=O)O,train,train,train,3,3,0.8208955,0.8208955,0.86153847
CCCCCCC(Sc1nc(Cl)cc(Nc2nc(-c3ccc(F)c(F)c3)cs2)n1)C(=O)O,train,train,test,4,4,0.8769231,0.8769231,0.8769231
CCCCCCC(Sc1nc(Cl)cc(Nc2nc(-c3ccc(F)cc3F)cs2)n1)C(=O)O,train,train,test,4,4,0.7638889,0.7638889,0.75714284
CCCCCCC(Sc1nc(Cl)cc(Nc2nc(-c3ccc([N+](=O)[O-])cc3)cs2)n1)C(=O)O,train,train,train,3,3,0.8235294,0.8235294,0.8235294
CCCCCCC(Sc1nc(Cl)cc(Nc2nc(-c3ccc4c(c3)CCCC4)cs2)n1)C(=O)O,train,train,train,3,3,0.79710144,0.79710144,0.79710144
CCCCCCC(Sc1nc(Cl)cc(Nc2nc(-c3ccccc3)c(C)s2)n1)C(=O)O,train,train,train,4,4,0.875,0.875,0.875
CCCCCCC(Sc1nc(Cl)cc(Nc2nc(-c3ccc(Br)cc3)c(C)s2)n1)C(=O)O,train,train,train,4,4,0.875,0.875,0.875
CCCCCCC(Sc1nc(Cl)cc(Nc2nc3c(s2)CCc2cc(OC)ccc2-3)n1)C(=O)O,train,train,train,1,1,0.6329114,0.6329114,0.6329114
CCCCC(Sc1nc(Cl)cc(Nc2cccc(C)c2C)n1)C(=O)O,train,train,train,4,4,0.92727274,0.92727274,0.92727274
O=C(O)CSc1nc(Cl)cc(Nc2ccc(Nc3ccccc3)cc2)n1,test,test,train,4,4,0.7446808,0.7446808,0.7446808
CCCCC(Sc1nc(Cl)cc(Nc2ccc(Nc3ccccc3)cc2)n1)C(=O)O,train,train,test,4,4,0.92,0.92,0.92
CCCCCCC(Sc1nc(Cl)cc(Nc2ccc(Nc3ccccc3)cc2)n1)C(=O)O,train,train,train,4,4,0.92,0.92,0.8727273
CCCCCCC(Sc1nc(Cl)cc(Nc2ccc(C(=O)c3ccc(N)cc3)cc2)n1)C(=O)O,train,train,train,4,4,0.779661,0.779661,0.779661
CCCCCCC(Sc1nc(Cl)cc(Nc2ccc(Oc3ccccc3)cc2)n1)C(=O)O,test,test,train,4,4,0.85714287,0.85714287,0.85714287
CCCCCCC(Sc1nc(Cl)cc(Nc2ccc(Cc3ccccc3)cc2)n1)C(=O)O,train,train,train,3,3,0.8727273,0.8727273,0.8727273
C=C[C@H](C#CC#C[C@@H](O)/C=C\CCCCCCC)O[C@]1(C)CCC[C@]2(C)CC[C@@H](C(C)(C)O)C[C@H]21,train,train,train,1,1,0.8787879,0.8787879,0.8787879
C=C[C@@H](O)C#CC#C[C@H](/C=C\CCCCCCC)O[C@]1(C)CCC[C@]2(C)CC[C@@H](C(C)(C)O)C[C@H]21,train,train,train,1,1,0.8787879,0.8787879,0.8787879
C=C[C@H](C#CC#C[C@@H](O)/C=C\CCCCCCC)O[C@]1(C)CC[C@@H](O)[C@]2(C)CC[C@@H](C(C)C)[C@@H](O)[C@@H]12,test,test,test,1,1,0.5443038,0.5443038,0.5443038
C=C[C@H]1OCc2cc3cc(OC)c(O)cc3c(C#C[C@@H](O)/C=C\CCCCCCC)c21,train,train,train,1,1,0.36231884,0.36231884,0.36231884
COc1ccc(C(=O)Nc2cccc(C(=O)O)c2)c(NC(=O)c2ccc(C(C)(C)C)cc2)c1,train,train,train,4,4,0.7307692,0.7307692,0.7307692
O=C(O)c1ccc(NC(=O)c2ccccc2NC(=O)c2ccc3ccccc3c2)cc1,train,train,test,4,4,0.66,0.66,0.79545456
O=C(O)c1cccc(NC(=O)c2ccccc2NC(=O)c2ccc3ccccc3c2)c1,test,test,train,4,4,0.79545456,0.79545456,0.7234042
O=C(O)CCCCNC(=O)c1ccccc1NC(=O)c1ccc2ccccc2c1,train,train,train,4,4,0.67346936,0.67346936,0.9318182
O=C(O)CCCNC(=O)c1ccccc1NC(=O)c1ccccc1-c1ccccc1,train,train,test,4,4,0.73333335,0.73333335,0.6956522
O=C(O)CCCNC(=O)c1ccccc1NC(=O)c1cccc(-c2ccccc2)c1,train,train,test,4,4,0.8,0.8,0.71428573
O=C(O)CCCNC(=O)c1ccccc1NC(=O)c1ccc(-c2ccccc2)cc1,train,train,test,4,4,0.8,0.8,0.7234042
O=C(O)CCCNC(=O)c1ccccc1NC(=O)c1cccc2ccccc12,train,train,train,4,4,0.6956522,0.6956522,0.6875
O=C(O)CCCNC(=O)c1ccccc1NC(=O)c1ccc2ccccc2c1,test,test,train,4,4,0.9318182,0.9318182,0.9318182
O=C(O)c1cccc(NC(=O)c2ccccc2NC(=O)c2ccc3c(c2)OCO3)c1,train,train,train,4,4,0.65384614,0.65384614,0.7058824
O=C(O)c1cccc(NC(=O)c2ccccc2NC(=O)c2ccc(C(F)(F)F)c(F)c2)c1,train,train,train,4,4,0.74,0.74,0.74
O=C(O)c1cccc(NC(=O)c2ccccc2NC(=O)c2cc(C(F)(F)F)cc(C(F)(F)F)c2)c1,train,train,train,4,4,0.84444445,0.84444445,0.84444445
CC(C)(C)c1ccc(C(=O)Nc2ccccc2C(=O)Nc2cccc(C(=O)O)c2)cc1,train,train,train,4,4,0.8,0.8,0.8
O=C(O)c1cccc(NC(=O)c2ccccc2NC(=O)c2ccc(C(F)(F)F)cc2)c1,train,train,train,4,4,0.84444445,0.84444445,0.84444445
O=C(O)c1cccc(NC(=O)c2ccccc2NC(=O)c2ccc(Br)cc2)c1,train,train,test,4,4,0.7777778,0.7777778,0.7777778
CC(C)(C)c1ccc(C(=O)Nc2ccc(Cl)cc2C(=O)Nc2cccc(C(=O)O)c2)cc1,train,train,train,4,4,0.8333333,0.8333333,0.8333333
CC(C)(C)c1ccc(C(=O)Nc2cc(Cl)ccc2C(=O)Nc2cccc(C(=O)O)c2)cc1,train,train,train,4,4,0.8333333,0.8333333,0.8333333
CC(C)(C)c1ccc(C(=O)Nc2ccccc2C(=O)Nc2cccc(CC(=O)O)c2)cc1,train,train,train,4,4,0.82,0.82,0.82
CC(C)(C)c1ccc(C(=O)Nc2ccccc2C(=O)Nc2cccc(CCC(=O)O)c2)cc1,train,train,train,4,4,0.8269231,0.8269231,0.8269231
Cc1c(NC(=O)c2ccccc2NC(=O)c2ccc(C(C)(C)C)cc2)cccc1C(=O)O,train,train,test,4,4,0.6956522,0.6956522,0.6956522
Cc1ccc(NC(=O)c2ccccc2NC(=O)c2ccc(C(C)(C)C)cc2)cc1C(=O)O,train,train,train,4,4,0.7755102,0.7755102,0.7916667
Cc1ccc(C(=O)O)cc1NC(=O)c1ccccc1NC(=O)c1ccc(C(C)(C)C)cc1,test,test,test,4,4,0.75555557,0.75555557,0.75555557
COc1ccc(NC(=O)c2ccccc2NC(=O)c2ccc(C(C)(C)C)cc2)cc1C(=O)O,train,train,test,4,4,0.7647059,0.7647059,0.7647059
CC(C)(C)c1ccc(C(=O)Nc2ccccc2C(=O)Nc2ccc(Cl)c(C(=O)O)c2)cc1,test,test,train,4,4,0.7916667,0.7916667,0.7916667
CC(C)(C)c1ccc(C(=O)Nc2ccccc2C(=O)Nc2ccc(Br)c(C(=O)O)c2)cc1,train,train,train,4,4,0.7755102,0.7755102,0.7755102
COc1ccc(C(=O)O)cc1NC(=O)c1ccccc1NC(=O)c1ccc(C(C)(C)C)cc1,test,test,train,4,4,0.76,0.76,0.7083333
CC(C)(C)c1ccc(C(=O)Nc2ccccc2C(=O)Nc2cc(C(=O)O)ccc2Cl)cc1,train,train,train,4,4,0.73913044,0.73913044,0.7659575
CC(C)(C)c1ccc(C(=O)Nc2ccccc2C(=O)Nc2cc(C(=O)O)ccc2F)cc1,train,train,train,4,4,0.73913044,0.73913044,0.73913044
O=C(O)c1cccc(NC(=O)c2cc(Cl)ccc2NC(=O)c2ccc(C(F)(F)F)cc2)c1,train,train,test,4,4,0.8367347,0.8367347,0.8367347
O=C(O)c1cccc(NC(=O)c2ccc(Cl)cc2NC(=O)c2ccc(C(F)(F)F)cc2)c1,train,train,train,4,4,0.8367347,0.8367347,0.81632656
O=C(O)Cc1cccc(NC(=O)c2ccccc2NC(=O)c2ccc(C(F)(F)F)cc2)c1,train,train,train,4,4,0.82,0.82,0.82
O=C(O)CCc1cccc(NC(=O)c2ccccc2NC(=O)c2ccc(C(F)(F)F)cc2)c1,train,train,train,4,4,0.8269231,0.8269231,0.8269231
O=C(O)Cc1cccc(NC(=O)c2ccccc2NC(=O)c2ccc(-c3ccccc3)cc2)c1,train,train,test,4,4,0.79591835,0.79591835,0.79591835
CSc1ccc(C(=O)Nc2ccccc2C(=O)Nc2cccc(CC(=O)O)c2)cc1,train,train,train,4,4,0.7692308,0.7692308,0.7692308
O=C(O)Cc1cccc(NC(=O)c2ccccc2NC(=O)c2ccc(SC(F)(F)F)cc2)c1,train,train,test,4,4,0.7777778,0.7777778,0.7777778
O=C(O)Cc1cccc(NC(=O)c2ccccc2NC(=O)c2ccc3ccccc3c2)c1,train,train,train,4,4,0.76,0.76,0.7307692
CCCCO/N=C/c1ccc(OC(Cc2ccccc2)C(=O)O)cc1,test,test,test,2,2,0.8333333,0.8333333,0.8333333
O=C(O)C(Cc1ccccc1)Oc1ccc(/C=N/OCc2ccccc2)cc1,train,train,train,2,2,0.75,0.75,0.75
O=C(O)C(Cc1ccccc1)Oc1ccc(/C=N/OCCCc2ccccc2)cc1,train,train,train,2,2,0.75,0.75,0.75
C/C(=N\O)c1ccc(OC(Cc2ccccc2)C(=O)O)cc1,train,train,train,2,2,0.63414633,0.63414633,0.75609756
O=C(O)C(Cc1ccccc1)Oc1ccc(/C(=N/O)c2ccccc2)cc1,test,test,train,2,2,0.75609756,0.75609756,0.75609756
CCCC/C(=C\c1cc(Oc2ccccc2)ccc1OCc1ccc(C(F)(F)F)cc1)C(=O)O,test,test,test,1,1,0.8596491,0.8596491,0.8596491
CCCC/C(=C\c1cc(OCc2ccccc2)ccc1OCc1ccc(C(F)(F)F)cc1)C(=O)O,train,train,train,1,1,0.875,0.875,0.875
CCCC/C(=C\c1cc(OC/C=C/c2ccccc2)ccc1OCc1ccc(C(F)(F)F)cc1)C(=O)O,train,train,train,1,1,0.8064516,0.8064516,0.8064516
CCCC/C(=C\c1cc(OCc2ccc(F)cc2)ccc1OCc1ccc(C(F)(F)F)cc1)C(=O)O,test,test,train,1,1,0.875,0.875,0.875
CCCC/C(=C\c1cc(OCc2ccc(Cl)c(Cl)c2)ccc1OCc1ccc(C(F)(F)F)cc1)C(=O)O,train,train,train,4,4,0.81666666,0.81666666,0.81666666
CCCC/C(=C\c1cc(OCc2cc(C(F)(F)F)cc(C(F)(F)F)c2)ccc1OCc1ccc(C(F)(F)F)cc1)C(=O)O,train,train,train,1,1,0.875,0.875,0.875
CCCC/C(=C\c1cc(OCc2cccnc2)ccc1OCc1ccc(C(F)(F)F)cc1)C(=O)O,test,test,train,4,4,0.85,0.85,0.85
CCCC/C(=C\c1cc(OCc2ccc(OCCN3CCOCC3)cc2)ccc1OCc1ccc(C(F)(F)F)cc1)C(=O)O,train,train,train,1,1,0.7205882,0.7205882,0.7205882
CCCC/C(=C\c1cc(OCC(c2ccccc2)c2ccccc2)ccc1OCc1ccc(C(F)(F)F)cc1)C(=O)O,train,train,train,1,1,0.8333333,0.8333333,0.8333333
CCCC/C(=C\c1cc(OCC2CCC(C(F)(F)F)CC2)ccc1OCc1ccc(C(F)(F)F)cc1)C(=O)O,train,train,train,1,1,0.72727275,0.72727275,0.72727275
Cc1oc(-c2ccccc2)nc1CCOc1ccc([C@@H]2CN(C(=O)Oc3ccccc3)C[C@@H]2CC(=O)O)cc1,train,train,train,0,0,0.739726,0.739726,0.739726
Cc1oc(-c2ccccc2)nc1CCOc1cccc([C@@H]2CN(C(=O)Oc3ccccc3)C[C@@H]2C(=O)O)c1,test,test,train,0,0,0.875,0.875,0.875
CCOC(=O)N1C[C@H](C(=O)O)[C@H](c2cccc(OCCc3nc(-c4ccccc4)oc3C)c2)C1,train,train,train,0,0,0.7671233,0.7671233,0.875
COc1ccc(OC(=O)N2[C@H](C(=O)O)CC[C@H]2c2ccc(OCCc3nc(-c4ccccc4)oc3C)cc2)cc1,train,train,train,0,0,0.61333334,0.61333334,0.61333334
CCOC(=O)N1C[C@H](Cc2cccc(OCCc3nc(-c4ccccc4)oc3C)c2)[C@@H](C(=O)O)C1,train,train,train,0,0,0.86764705,0.86764705,0.86764705
CCOC(=O)N1C[C@@H](Cc2ccc(OCCc3nc(-c4ccccc4)oc3C)cc2)[C@@H](C(=O)O)C1,test,test,train,0,0,0.86153847,0.86153847,0.86153847
Cc1oc(-c2ccccc2)nc1CCOc1cccc(C[C@@H]2CN(c3nccc(C(F)(F)F)n3)C[C@@H]2C(=O)O)c1,train,train,train,0,0,0.6883117,0.6883117,0.6962025
Cc1oc(-c2ccccc2)nc1CCOc1ccc(C[C@@H]2CN(c3ncccn3)C[C@@H]2C(=O)O)cc1,train,train,train,0,0,0.75714284,0.75714284,0.8769231
Cc1ccnc(N2C[C@@H](Cc3ccc(OCCc4nc(-c5ccccc5)oc4C)cc3)[C@@H](C(=O)O)C2)n1,test,test,train,0,0,0.8769231,0.8769231,0.8769231
Cc1oc(-c2ccccc2)nc1CCOc1ccc(C[C@@H]2CN(c3nc4ccccc4o3)C[C@@H]2C(=O)O)cc1,train,train,train,0,0,0.75714284,0.75714284,0.75714284
CCOC(=O)N1C[C@@H](CCc2cccc(OCCc3nc(-c4ccccc4)oc3C)c2)[C@@H](C(=O)O)C1,train,train,train,0,0,0.86764705,0.86764705,0.86764705
CCOC(=O)N1C[C@@H](CCc2ccc(OCCc3nc(-c4ccccc4)oc3C)cc2)[C@@H](C(=O)O)C1,train,train,train,0,0,0.8636364,0.8636364,0.8636364
Cc1oc(-c2ccccc2)nc1CCOc1ccc(CC[C@@H]2CN(C(=O)Oc3ccccc3)C[C@@H]2C(=O)O)cc1,train,train,train,0,0,0.8636364,0.8636364,0.8636364
CCO[C@@H](CC(=O)O)c1ccc(OCc2ccc(C(F)(F)F)cc2)cc1,train,train,train,2,2,0.46551725,0.46551725,0.46551725
Cc1oc(-c2ccccc2)nc1CCOc1ccc(C[C@@H](NC(=O)/C=C/c2ccco2)C(=O)O)cc1,train,train,train,0,0,0.7121212,0.7121212,0.7121212
O=C(Nc1ccc(Oc2ncccn2)cc1C(=O)O)c1ccc(Cl)cc1Cl,train,train,test,4,4,0.5882353,0.5882353,0.5882353
COc1cc(CCc2ccccc2)c(C(=O)O)c(O)c1C/C=C(/C)CCC=C(C)C,train,train,train,4,4,0.8269231,0.8269231,0.8269231
COc1ccc(COc2cccc(OCCOc3ccc4c(c3)c(CC(=O)O)cn4Cc3ccccc3)c2)cc1,train,train,test,4,4,0.79310346,0.79310346,0.79310346
Cc1ccc(COc2cccc(OCCCOc3ccc4[nH]cc(CC(=O)O)c4c3)c2)cc1,test,test,train,1,1,0.578125,0.578125,0.578125
O=C(O)Cc1cn(Cc2ccccc2)c2ccc(OCCCOc3cccc(OCc4ccc(Cl)cc4)c3)cc12,train,train,train,1,1,0.79310346,0.79310346,0.72131145
Cc1ccc(COc2cccc(OCCCOc3ccc4c(CC(=O)O)cn(Cc5ccccc5)c4c3)c2)cc1,train,train,train,1,1,0.72131145,0.72131145,0.72131145
CCCCCNC(=O)c1ccc(NC(=O)c2cccc(CN3C(=O)OC[C@H]3Cc3ccccc3)c2)cc1,train,train,train,4,4,0.73239434,0.73239434,0.73239434
CC(C)(C)c1ccc(CNC(=O)c2ccc(NC(=O)c3cccc(CN4C(=O)OC[C@H]4Cc4ccccc4)c3)cc2)cc1,train,train,train,4,4,0.73239434,0.73239434,0.73239434
Cc1cc(-n2nc3ccccc3n2)cc(C)c1OC(C)(C)C(=O)O,train,train,train,4,4,0.43548387,0.43548387,0.43548387
Cc1ccccc1CNC(=O)c1ccc2c(c1)c(C)c(C)n2Cc1ccc(-c2ccccc2C(=O)O)cc1,test,test,test,3,3,0.87096775,0.87096775,0.87096775
Cc1c(C)n(Cc2ccc(-c3ccccc3C(=O)O)cc2)c2ccc(C(=O)NCc3ccccc3N)cc12,train,train,train,3,3,0.8095238,0.8095238,0.8095238
Cc1c(C)n(Cc2ccc(-c3ccccc3C(=O)O)cc2)c2ccc(C(=O)NCc3ccccc3[N+](=O)[O-])cc12,train,train,train,3,3,0.7826087,0.7826087,0.8
Cc1cccc(CNC(=O)c2ccc3c(c2)c(C)c(C)n3Cc2ccc(-c3ccccc3C(=O)O)cc2)c1,test,test,test,3,3,0.86885244,0.86885244,0.86885244
COc1cccc(CNC(=O)c2ccc3c(c2)c(C)c(C)n3Cc2ccc(-c3ccccc3C(=O)O)cc2)c1,train,train,train,3,3,0.7878788,0.7878788,0.7878788
Cc1c(C)n(Cc2ccc(-c3ccccc3C(=O)O)cc2)c2ccc(C(=O)NCc3cccc([N+](=O)[O-])c3)cc12,train,train,train,3,3,0.7777778,0.7777778,0.86764705
Cc1ccc(CNC(=O)c2ccc3c(c2)c(C)c(C)n3Cc2ccc(-c3ccccc3C(=O)O)cc2)cc1,train,train,train,3,3,0.86885244,0.86885244,0.8833333
Cc1c(C)n(Cc2ccc(-c3ccccc3C(=O)O)cc2)c2ccc(C(=O)NCc3ccc(Br)cc3)cc12,test,test,train,3,3,0.8833333,0.8833333,0.8833333
Cc1c(C)n(Cc2ccc(-c3ccccc3C(=O)O)cc2)c2ccc(C(=O)NCc3ccc([N+](=O)[O-])cc3)cc12,test,test,train,3,3,0.86764705,0.86764705,0.86764705
Cc1c(C)n(Cc2ccc(-c3ccccc3C(=O)O)cc2)c2ccc(C(=O)NCc3ccc(C(C)(C)C)cc3)cc12,train,train,train,3,3,0.86885244,0.86885244,0.86885244
Cc1c(C)n(Cc2ccc(-c3ccccc3C(=O)O)cc2)c2ccc(C(=O)NCc3cccs3)cc12,train,train,test,3,3,0.7846154,0.7846154,0.7846154
Cc1c(C)n(Cc2ccc(-c3ccccc3C(=O)O)cc2)c2ccc(C(=O)NC(c3ccccc3)c3ccccc3)cc12,train,train,train,3,3,0.796875,0.796875,0.7878788
Cc1c(C)n(Cc2ccc(-c3ccccc3C(=O)O)cc2)c2ccc(C(=O)NC3CCC3)cc12,train,train,train,3,3,0.75,0.75,0.75
Cc1c(C)n(Cc2ccc(-c3ccccc3C(=O)O)cc2)c2ccc(C(=O)NCC3CCCCC3)cc12,train,train,train,3,3,0.75,0.75,0.75
Cc1ccccc1[C@H](C)NC(=O)c1ccc2c(c1)c(C)c(C)n2Cc1ccc(-c2ccccc2C(=O)O)cc1,train,train,train,3,3,0.8484849,0.8484849,0.8484849
CCc1ccccc1[C@H](C)NC(=O)c1ccc2c(c1)c(C)c(C)n2Cc1ccc(-c2ccccc2C(=O)O)cc1,train,train,train,3,3,0.8484849,0.8484849,0.8484849
Cc1c(C)n(Cc2ccc(-c3ccccc3C(=O)O)cc2)c2ccc(C(=O)N[C@@H](C)c3ccccc3Br)cc12,train,train,train,3,3,0.8484849,0.8484849,0.8484849
Cc1c(C)n(Cc2ccc(-c3ccccc3C(=O)O)cc2)c2ccc(C(=O)N[C@@H](C)c3ccccc3OC(C)C)cc12,train,train,train,3,3,0.8115942,0.8115942,0.8115942
Cc1c(C)n(Cc2ccc(-c3ccccc3C(=O)O)cc2)c2ccc(C(=O)N[C@@H](C)c3cccc(Cl)c3)cc12,train,train,train,3,3,0.8787879,0.8787879,0.8787879
Cc1c(C)n(Cc2ccc(-c3ccccc3C(=O)O)cc2)c2ccc(C(=O)N[C@@H](C)c3cccc(C(F)(F)F)c3)cc12,train,train,train,3,3,0.8857143,0.8857143,0.8857143
Cc1c(C)n(Cc2ccc(-c3ccccc3C(=O)O)cc2)c2ccc(C(=O)N[C@@H](C)c3cccc(C(C)C)c3)cc12,train,train,train,3,3,0.8787879,0.8787879,0.8787879
Cc1c(C)n(Cc2ccc(-c3ccccc3C(=O)O)cc2)c2ccc(C(=O)N[C@@H](C)c3cccc(C4CC4)c3)cc12,train,train,train,3,3,0.8055556,0.8055556,0.8055556
Cc1c(C)n(Cc2ccc(-c3ccccc3C(=O)O)cc2)c2ccc(C(=O)N[C@@H](C)c3cccc(C(C)(C)C)c3)cc12,train,train,train,3,3,0.8857143,0.8857143,0.8857143
Cc1ccc([C@H](C)NC(=O)c2ccc3c(c2)c(C)c(C)n3Cc2ccc(-c3ccccc3C(=O)O)cc2)cc1,train,train,test,3,3,0.91935486,0.91935486,0.91935486
CCOc1ccc([C@H](C)NC(=O)c2ccc3c(c2)c(C)c(C)n3Cc2ccc(-c3ccccc3C(=O)O)cc2)cc1,train,train,test,3,3,0.8382353,0.8382353,0.82608694
Cc1c(C)n(Cc2ccc(-c3ccccc3C(=O)O)cc2)c2ccc(C(=O)N[C@@H](C)c3ccc(C(C)C)cc3)cc12,train,train,train,3,3,0.91935486,0.91935486,0.8769231
Cc1c(C)n(Cc2ccc(-c3ccccc3C(=O)O)cc2)c2ccc(C(=O)N[C@@H](C)c3ccc(C(C)(C)C)cc3)cc12,train,train,train,3,3,0.88235295,0.88235295,0.88235295
Cc1c(C)n(Cc2ccc(-c3ccccc3C(=O)O)cc2)c2ccc(C(=O)NCc3cccc(C(C)C)c3)cc12,train,train,train,3,3,0.7878788,0.7878788,0.7878788
Cc1c(C)n(Cc2ccc(-c3ccccc3C(=O)O)cc2)c2ccc(C(=O)N[C@@H](c3cccc(C(C)C)c3)C(F)(F)F)cc12,train,train,test,3,3,0.8405797,0.8405797,0.8405797
CC[C@H](NC(=O)c1ccc2c(c1)c(C)c(C)n2Cc1ccc(-c2ccccc2C(=O)O)cc1)c1cccc(C(C)C)c1,train,train,train,3,3,0.8611111,0.8611111,0.87142855
Cc1c(C)n(Cc2ccc(-c3ccccc3C(=O)O)cc2)c2ccc(C(=O)N[C@H](c3cccc(C(C)C)c3)C(C)C)cc12,train,train,train,3,3,0.85294116,0.85294116,0.85294116
Cc1c(C)n(Cc2ccc(-c3ccccc3C(=O)O)cc2)c2ccc(C(=O)N[C@H](c3cccc(C(C)C)c3)C3CC3)cc12,train,train,train,3,3,0.8055556,0.8055556,0.8055556
CCCC[C@H](NC(=O)c1ccc2c(c1)c(C)c(C)n2Cc1ccc(-c2ccccc2C(=O)O)cc1)c1cccc(C(C)C)c1,train,train,train,3,3,0.8611111,0.8611111,0.8611111
Cc1c(C)n(Cc2ccc(-c3ccccc3C(=O)O)cc2)c2ccc(C(=O)N[C@@H](CC(C)C)c3cccc(C(C)C)c3)cc12,test,test,train,3,3,0.87142855,0.87142855,0.87142855
Cc1c(C)n(Cc2ccc(-c3ccccc3C(=O)O)cc2)c2ccc(C(=O)N[C@@H](Cc3ccccc3)c3cccc(C(C)C)c3)cc12,test,test,train,3,3,0.87142855,0.87142855,0.87142855
CCOC(=O)C(CC)Cc1ccc(C(=O)NCc2ccccc2C(F)(F)F)cc1,train,train,train,2,2,0.86538464,0.86538464,0.86538464
CCC(Cc1ccc(C(=O)NCc2ccccc2C(F)(F)F)cc1)C(=O)O,train,train,train,2,2,0.84,0.84,0.84
CC/C(=C\c1ccc(C(=O)NCc2ccccc2C(F)(F)F)cc1)C(=O)O,train,train,train,4,4,0.57894737,0.57894737,0.57894737
CCC(Cc1cccc(C(=O)NCc2ccccc2C(F)(F)F)c1)C(=O)O,train,train,train,2,2,0.78846157,0.78846157,0.78846157
CCOC(=O)C(C)Cc1ccc(C(=O)NCc2ccccc2C(F)(F)F)cc1,test,test,train,2,2,0.7962963,0.7962963,0.7924528
CC(Cc1ccc(C(=O)NCc2ccccc2C(F)(F)F)cc1)C(=O)O,train,train,train,2,2,0.7755102,0.7755102,0.7755102
CCCC(Cc1ccc(C(=O)NCc2ccccc2C(F)(F)F)cc1)C(=O)OCC,train,train,train,2,2,0.86538464,0.86538464,0.86538464
CCCC(Cc1ccc(C(=O)NCc2ccccc2C(F)(F)F)cc1)C(=O)O,train,train,train,2,2,0.84,0.84,0.84
CCOC(=O)C(Cc1ccc(C(=O)NCc2ccccc2C(F)(F)F)cc1)c1ccccc1,train,train,test,2,2,0.7735849,0.7735849,0.7962963
O=C(NCc1ccccc1C(F)(F)F)c1ccc(CC(C(=O)O)c2ccccc2)cc1,train,train,train,2,2,0.7755102,0.7755102,0.7755102
CCOC(=O)C(CC)Cc1ccc(C(=O)NCc2ccccc2)cc1,train,train,train,2,2,0.84782606,0.84782606,0.84782606
CCC(Cc1ccc(C(=O)NCc2ccccc2)cc1)C(=O)O,train,train,train,2,2,0.80487806,0.80487806,0.81395346
CCC(Cc1ccc(C(=O)NCc2ccccc2C)cc1)C(=O)O,test,test,test,2,2,0.75,0.75,0.75
CCOC(=O)C(CC)Cc1ccc(C(=O)NCc2ccccc2OC(F)(F)F)cc1,train,train,train,2,2,0.8148148,0.8148148,0.8148148
CCC(Cc1ccc(C(=O)NCc2ccccc2OC(F)(F)F)cc1)C(=O)O,train,train,train,2,2,0.8148148,0.8148148,0.8148148
CCOC(=O)C(CC)Cc1ccc(C(=O)NCc2ccc(F)cc2)cc1,test,test,train,2,2,0.8181818,0.8181818,0.8181818
CCOC(=O)C(CC)Cc1ccc(C(=O)NCc2ccc(C(F)(F)F)cc2)cc1,train,train,train,2,2,0.78,0.78,0.8043478
CCC(Cc1ccc(C(=O)NCc2ccc(C(F)(F)F)cc2)cc1)C(=O)O,train,train,test,2,2,0.76744187,0.76744187,0.76744187
CCOC(=O)C(CC)Cc1ccc(C(=O)NCc2ccc(OC(F)(F)F)cc2)cc1,train,train,train,2,2,0.8,0.8,0.78
CCC(Cc1ccc(C(=O)NCc2ccc(OC(F)(F)F)cc2)cc1)C(=O)O,train,train,test,2,2,0.8,0.8,0.8
CCC(Cc1ccc(C(=O)NCc2ccc(OC)cc2)cc1)C(=O)O,train,train,train,2,2,0.76744187,0.76744187,0.7826087
CCC(Cc1ccc(C(=O)NCc2ccc(Cl)cc2)cc1)C(=O)O,train,train,train,2,2,0.80487806,0.80487806,0.80487806
CCOC(=O)C(CC)Cc1ccc(C(=O)NCc2ccc(Oc3ccccc3)cc2)cc1,train,train,train,2,2,0.84782606,0.84782606,0.84782606
CCC(Cc1ccc(C(=O)NCc2ccc(Oc3ccccc3)cc2)cc1)C(=O)O,test,test,train,2,2,0.81395346,0.81395346,0.81395346
CCOC(=O)C(CC)Cc1ccc(C(=O)NCc2ccc(F)cc2C(F)(F)F)cc1,train,train,train,2,2,0.80701756,0.80701756,0.80701756
CCC(Cc1ccc(C(=O)NCc2ccc(F)cc2C(F)(F)F)cc1)C(=O)O,test,test,test,2,2,0.8148148,0.8148148,0.8148148
CCOC(=O)C(CC)Cc1ccc(C(=O)NCc2ccc(OC)cc2C(F)(F)F)cc1,train,train,train,2,2,0.80701756,0.80701756,0.8245614
CCC(Cc1ccc(C(=O)NCc2ccc(OC)cc2C(F)(F)F)cc1)C(=O)O,test,test,train,2,2,0.8245614,0.8245614,0.8245614
CCCCCCC(Sc1nc(Cl)cc(NCCCC(=O)NCc2ccccc2C(F)(F)F)n1)C(=O)O,train,train,train,4,4,0.5675676,0.5675676,0.5675676
COc1ccc(OC(=O)N(CC(=O)O)Cc2cc(OCc3nc(-c4ccc(Cl)cc4)oc3C)ccc2F)cc1,train,train,test,0,0,0.87096775,0.87096775,0.87096775
Cc1ccc(OC(=O)N(CC(=O)O)Cc2cc(OCc3nc(-c4ccc(Cl)cc4)oc3C)ccc2F)cc1,test,test,test,0,0,0.93442625,0.93442625,0.84126985
Cc1oc(-c2ccc(Cl)cc2)nc1COc1ccc(F)c(CN(CC(=O)O)C(=O)OCC(C)C)c1,train,train,train,0,0,0.84615386,0.84615386,0.84615386
CCCCOC(=O)N(CC(=O)O)Cc1cc(OCc2nc(-c3ccc(Cl)cc3)oc2C)ccc1F,test,test,train,0,0,0.921875,0.921875,0.921875
Cc1oc(-c2ccc(Cl)cc2)nc1COc1ccc(F)c(CN(CC(=O)O)C(=O)OCCCF)c1,train,train,train,0,0,0.8507463,0.8507463,0.8939394
CCCOC(=O)N(CC(=O)O)Cc1cc(OCc2nc(-c3ccc(Cl)cc3)oc2C)ccc1F,train,train,train,0,0,0.8888889,0.8888889,0.921875
CCOC(=O)N(CC(=O)O)Cc1cc(OCc2nc(-c3ccc(Cl)cc3)oc2C)ccc1F,train,train,train,0,0,0.8888889,0.8888889,0.8888889
COC(=O)N(CC(=O)O)Cc1cc(OCc2nc(-c3ccc(C(C)(C)C)cc3)oc2C)ccc1F,train,train,train,0,0,0.8923077,0.8923077,0.8923077
COC(=O)N(CC(=O)O)Cc1cc(OCc2nc(-c3ccc(OC(F)(F)F)cc3)oc2C)ccc1F,train,train,train,0,0,0.859375,0.859375,0.859375
COC(=O)N(CC(=O)O)Cc1cc(OCc2nc(-c3ccc(C(F)(F)F)cc3)oc2C)ccc1F,train,train,train,0,0,0.8923077,0.8923077,0.8923077
COC(=O)N(CC(=O)O)Cc1cc(OCc2nc(-c3ccccc3)oc2C)ccc1F,train,train,train,0,0,0.9,0.9,0.9
COC(=O)N(CC(=O)O)Cc1cc(OCc2nc(-c3ccc(F)cc3)oc2C)ccc1F,train,train,train,0,0,0.9166667,0.9166667,0.9166667
COC(=O)N(CC(=O)O)Cc1cc(OCc2nc(-c3ccc(C)cc3)oc2C)ccc1F,test,test,train,0,0,0.9322034,0.9322034,0.9322034
COC(=O)N(CC(=O)O)[C@@H](C)c1cccc(OCc2nc(-c3ccc(Cl)cc3)oc2C)c1,test,test,train,0,0,0.6527778,0.6527778,0.6527778
COC(=O)N(CC(=O)O)Cc1ccc(F)c(OCc2nc(-c3ccc(Cl)cc3)oc2C)c1,train,train,train,0,0,0.77272725,0.77272725,0.74242425
COC(=O)N(CC(=O)O)Cc1cc(F)cc(OCc2nc(-c3ccc(Cl)cc3)oc2C)c1,train,train,test,0,0,0.7846154,0.7846154,0.7846154
COC(=O)N(CC(=O)O)Cc1cc(OCc2nc(-c3ccc(Cl)cc3)oc2C)ccc1F,train,train,train,0,0,0.9166667,0.9166667,0.9322034
CCCc1cc2ccccc2n1Cc1ccc(-c2ccccc2C#N)cc1,test,test,train,3,3,0.6481481,0.6481481,0.6481481
CCCc1cc2ccccc2n1Cc1ccc(-c2ccccc2C(=O)O)cc1,train,train,test,3,3,0.64912283,0.64912283,0.65625
CCCC1Sc2ccccc2N1Cc1ccc(-c2ccccc2C(=O)O)cc1,train,train,train,3,3,0.46031746,0.46031746,0.44927537
CCCCCCCc1nc2ccccc2n1Cc1ccc(-c2ccccc2C(N)=O)cc1,train,train,train,3,3,1.0,1.0,1.0
CCCCCCCc1nc2ccccc2n1Cc1ccc(-c2ccccc2C(=O)O)cc1,train,train,test,3,3,0.98,0.98,1.0
CCCCCCc1nc2ccccc2n1Cc1ccc(-c2ccccc2C(N)=O)cc1,train,train,train,3,3,1.0,1.0,1.0
CCCCCCc1nc2ccccc2n1Cc1ccc(-c2ccccc2C(=O)O)cc1,test,test,train,3,3,1.0,1.0,0.8363636
CCCCCc1nc2ccccc2n1Cc1ccc(-c2ccccc2C(N)=O)cc1,train,train,test,3,3,0.98039216,0.98039216,0.98039216
CCCCCc1nc2ccccc2n1Cc1ccc(-c2ccccc2C(=O)O)cc1,train,train,test,3,3,0.98,0.98,0.98
CCCc1nc2ccccc2n1Cc1ccc(-c2ccc(C(=O)O)cc2)cc1,train,train,test,3,3,0.82,0.82,0.82
CCCc1nc2ccccc2n1Cc1ccc(-c2cccc(C(=O)O)c2)cc1,train,train,train,3,3,0.82,0.82,0.6557377
CCCc1nc2ccccc2n1Cc1ccc(-c2ccccc2C#N)cc1,train,train,train,3,3,0.64285713,0.64285713,0.6481481
CCCc1nc2ccccc2n1Cc1ccc(-c2ccccc2C(N)=O)cc1,train,train,train,3,3,0.86538464,0.86538464,0.8490566
CSc1nc(Sc2nnc(-c3cc(C(F)(F)F)cc(C(F)(F)F)c3)[nH]2)cc(Sc2nnc(-c3cc(C(F)(F)F)cc(C(F)(F)F)c3)[nH]2)n1,train,train,train,4,4,0.22222222,0.22222222,0.22222222
COc1ccc(-c2cn3cccc(OCc4ccc(Cl)c(Cl)c4)c3n2)cc1,train,train,train,4,4,0.30379745,0.30379745,0.30379745
O=S(=O)(c1ccc(Cl)cc1)c1cnn(S(=O)(=O)c2ccc(Cl)cc2Cl)c1-c1ccc(Cl)cc1,train,train,train,4,4,0.29411766,0.29411766,0.3015873
CS(=O)(=O)Oc1ccc(C(=O)OCc2ccc(CC(SCCc3ccc(F)cc3)C(=O)O)cc2)cc1,test,test,train,2,2,0.72131145,0.72131145,0.8103448
CS(=O)(=O)Oc1ccc(CC(=O)OCc2ccc(CC(SCCc3ccc(F)cc3)C(=O)O)cc2)cc1,test,test,train,2,2,0.8596491,0.8596491,0.8596491
O=C(Cc1ccc(CC(SCCc2ccc(F)cc2)C(=O)O)cc1)OCc1ccc(C(F)(F)F)cc1,train,train,train,2,2,0.75,0.75,0.7
CS(=O)(=O)Oc1ccc(CC(=O)OCCc2ccc(CC(SCCc3ccc(F)cc3)C(=O)O)cc2)cc1,train,train,train,2,2,0.8947368,0.8947368,0.8947368
CS(=O)(=O)Oc1ccc(CC(=O)OCCCc2ccc(CC(SCCc3ccc(F)cc3)C(=O)O)cc2)cc1,train,train,train,2,2,0.8947368,0.8947368,0.8947368
CC(C(=O)OCc1ccc(CC(SCCc2ccc(F)cc2)C(=O)O)cc1)c1ccccc1,train,train,train,2,2,0.62711865,0.62711865,0.60655737
COc1ccc(CC(=O)OCc2ccc(CC(SCCc3ccc(F)cc3)C(=O)O)cc2)cc1,train,train,test,2,2,0.75,0.75,0.7894737
CC(C)Cc1ccc(C(C)C(=O)OCc2ccc(CC(SCCc3ccc(F)cc3)C(=O)O)cc2)cc1,test,test,test,2,2,0.8627451,0.8627451,0.8627451
O=C(Cc1ccccn1)OCc1ccc(CC(SCCc2ccc(F)cc2)C(=O)O)cc1,train,train,test,2,2,0.6557377,0.6557377,0.6557377
CN1CCN(CC(=O)OCc2ccc(CC(SCCc3ccc(F)cc3)C(=O)O)cc2)CC1,test,test,train,2,2,0.6393443,0.6393443,0.61290324
O=C(OCc1nc(-c2ccccc2)oc1C(F)(F)F)c1ccc(CC(SCCc2ccc(F)cc2)C(=O)O)cc1,test,test,train,0,0,0.5,0.5,0.7794118
O=C(OCc1ccc(CC(SCCc2ccc(F)cc2)C(=O)O)cc1)c1nc(-c2ccccc2)oc1C(F)(F)F,test,test,train,2,2,0.5652174,0.5652174,0.7794118
O=C(Cc1ccc(CC(C(=O)O)S(=O)(=O)CCc2ccc(F)cc2)cc1)OCc1ccc(C(F)(F)F)cc1,train,train,train,2,2,0.66101694,0.66101694,0.66101694
CCO[C@@H](Cc1ccc(OC(=O)Cc2ccc(NC(=O)OC(C)(C)C)cc2)cc1)C(=O)O,test,test,train,2,2,0.7586207,0.7586207,0.7586207
CCOC(Cc1ccc(OC(=O)Cc2nc(-c3ccccc3)oc2C)c(Cc2ccccc2)c1)C(=O)O,train,train,train,0,0,0.82258064,0.82258064,0.6
CCOC(Cc1ccc(OC(=O)Cc2ccc(NC(=O)OC(C)(C)C)cc2)c(Cc2ccccc2)c1)C(=O)O,train,train,train,2,2,0.7741935,0.7741935,0.7741935
CCOC(Cc1ccc(OC(=O)Cc2nc(-c3ccccc3)oc2C)c(C)c1)C(=O)O,train,train,test,0,0,0.82258064,0.82258064,0.82258064
CCOC(Cc1ccc(OC(=O)Cc2ccc(NC(=O)OC(C)(C)C)cc2)c(C)c1)C(=O)O,train,train,train,2,2,0.7741935,0.7741935,0.7741935
CCOC(Cc1ccc(C(=O)OCc2ccc(OS(C)(=O)=O)cc2)cc1)C(=O)O,train,train,train,2,2,0.60655737,0.60655737,0.60655737
O=C(Cc1cccc(SCc2ccccc2C(=O)O)c1)OCc1ccc(C(F)(F)F)cc1,test,test,train,4,4,0.8214286,0.8214286,0.8214286
O=C(Cc1ccc(C(F)(F)F)cc1)OCc1ccc(SCc2ccccc2C(=O)O)cc1,train,train,test,4,4,1.0,1.0,1.0
O=C(Cc1ccc(SCc2ccccc2C(=O)O)cc1)OCc1ccc(C(F)(F)F)cc1,train,train,train,4,4,1.0,1.0,0.8113208
CC(OC(=O)Cc1cccc(SCc2ccccc2C(=O)O)c1)c1ccc(C(F)(F)F)cc1,train,train,train,4,4,0.6935484,0.6935484,0.71666664
O=C(Cc1cccc(SCc2ccccc2C(=O)O)c1)OCCc1ccc(C(F)(F)F)cc1,train,train,train,4,4,0.7758621,0.7758621,0.8214286
Cc1cccc(C)c1COC(=O)Cc1ccc(SCc2ccccc2C(=O)O)cc1,train,train,test,4,4,0.8039216,0.8039216,0.8039216
C=CCC(OC(=O)Cc1ccc(SCc2ccccc2C(=O)O)cc1)c1ccccc1,train,train,train,2,2,0.6101695,0.6101695,0.6101695
COC(=O)C(Cc1ccccc1)OC(=O)Cc1cccc(SCc2ccccc2C(=O)O)c1,train,train,train,2,2,0.8148148,0.8148148,0.8148148
COc1ccc(CCOC(=O)Cc2ccc(SCc3ccccc3C(=O)O)cc2)cc1OC,test,test,train,4,4,0.8545455,0.8545455,0.8545455
COC(=O)C(Cc1ccccc1)OC(=O)Cc1ccc(SCc2ccccc2C(=O)O)cc1,train,train,train,2,2,0.8148148,0.8148148,0.8148148
O=C(Cc1cccc(SCc2ccccc2C(=O)O)c1)OCCc1ccccc1C(F)(F)F,train,train,train,4,4,0.8,0.8,0.8
COC(=O)C(c1ccccc1)(c1ccc(SCc2ccccc2C(=O)O)cc1)c1ncco1,train,train,train,4,4,0.44117647,0.44117647,0.44117647
O=C(Cc1ccc(SCc2ccccc2C(=O)O)cc1)OCCc1ccccc1C(F)(F)F,train,train,train,4,4,0.8,0.8,0.8
Cc1cccc(C)c1COC(=O)Cc1cccc(SCc2ccccc2C(=O)O)c1,train,train,train,4,4,0.8039216,0.8039216,0.67241377
O=C(Cc1cccc(SCc2ccccc2C(=O)O)c1)OCc1ccc(-n2cccn2)cc1,train,train,train,4,4,0.82758623,0.82758623,0.82758623
O=C(Cc1ccc(SCc2ccccc2C(=O)O)cc1)OCc1ccc(-n2cccn2)cc1,train,train,train,4,4,0.82758623,0.82758623,0.82758623
COc1ccc(CCOC(=O)Cc2cccc(SCc3ccccc3C(=O)O)c2)cc1OC,train,train,train,4,4,0.704918,0.704918,0.8545455
CCc1cc(OCCc2nc(-c3ccc(F)cc3)oc2C)ccc1CCC(=O)O,train,train,train,0,0,0.82758623,0.82758623,0.8867925
CCc1cc(OCCc2coc(-c3ccc(C(F)(F)F)cc3)n2)ccc1CCC(=O)O,train,train,train,1,1,0.73015875,0.73015875,0.73015875
CCc1cc(OCCc2nc(-c3ccc(C(F)(F)F)cc3)oc2C)ccc1CCC(=O)O,train,train,train,0,0,0.82758623,0.82758623,0.82758623
CCc1cc(OCCc2nc(-c3ccc(C(C)(C)C)cc3)oc2C)ccc1CCC(=O)O,test,test,test,0,0,0.86206895,0.86206895,0.86206895
CCc1cc(OCCc2nc(-c3ccc(C)cc3)oc2C)ccc1CCC(=O)O,test,test,train,0,0,0.8867925,0.8867925,0.8867925
CCc1cc(OCCc2nc(-c3ccc(-c4nnn[nH]4)cc3)oc2C)ccc1CCC(=O)O,train,train,test,0,0,0.7704918,0.7704918,0.7966102
CCc1cc(OCCc2nc(-c3ccc([N+](=O)[O-])cc3)oc2C)ncc1CCC(=O)O,train,train,train,0,0,0.5882353,0.5882353,0.765625
CCc1cc(OCCc2nc(-c3ccc(C#N)cc3)oc2C)ncc1CCC(=O)O,test,test,train,0,0,0.765625,0.765625,0.765625
CCc1cc(OCCc2nc(-c3ccc(C(N)=O)cc3)oc2C)ncc1CCC(=O)O,test,test,train,0,0,0.75,0.75,0.7619048
CCCc1nc2cc(-c3ccc(OC)cc3)ccc2n1Cc1ccc(-c2ccccc2C(=O)O)cc1,test,test,test,3,3,0.8833333,0.8833333,0.86440676
CCCc1nc2cc(-c3cccc(OC)c3)ccc2n1Cc1ccc(-c2ccccc2C(=O)O)cc1,train,train,test,3,3,0.87096775,0.87096775,0.87096775
CCCc1nc2cc(-c3ccc(O)cc3)ccc2n1Cc1ccc(-c2ccccc2C(=O)O)cc1,train,train,train,3,3,0.86206895,0.86206895,0.86206895
CCCc1nc2cc(-c3cccc(O)c3)ccc2n1Cc1ccc(-c2ccccc2C(=O)O)cc1,train,train,train,3,3,0.86440676,0.86440676,0.86440676
CCCc1nc2cc(-c3ccc(Cl)cc3)ccc2n1Cc1ccc(-c2ccccc2C(=O)O)cc1,train,train,train,3,3,0.8596491,0.8596491,0.8596491
CCCc1nc2cc(-c3ccccc3Cl)ccc2n1Cc1ccc(-c2ccccc2C(=O)O)cc1,train,train,train,3,3,0.8596491,0.8596491,0.8596491
CCCc1nc2ccc(-c3ccc(OC)cc3)cc2n1Cc1ccc(-c2ccccc2C(=O)O)cc1,train,train,train,3,3,0.8833333,0.8833333,0.8833333
CCCc1nc2ccc(-c3cccc(OC)c3)cc2n1Cc1ccc(-c2ccccc2C(=O)O)cc1,train,train,train,3,3,0.8833333,0.8833333,0.8833333
CCCc1nc2ccc(-c3ccc(O)cc3)cc2n1Cc1ccc(-c2ccccc2C(=O)O)cc1,train,train,train,3,3,0.86206895,0.86206895,0.86206895
CCCc1nc2ccc(-c3cccc(O)c3)cc2n1Cc1ccc(-c2ccccc2C(=O)O)cc1,train,train,train,3,3,0.86440676,0.86440676,0.86440676
CCCc1nc2ccc(-c3ccc(Cl)cc3)cc2n1Cc1ccc(-c2ccccc2C(=O)O)cc1,train,train,test,3,3,0.86206895,0.86206895,0.86206895
CCCc1nc2ccc(-c3cccc(Cl)c3)cc2n1Cc1ccc(-c2ccccc2C(=O)O)cc1,train,train,train,3,3,0.86206895,0.86206895,0.8333333
CCCc1nc2ccc(-c3ccccc3Cl)cc2n1Cc1ccc(-c2ccccc2C(=O)O)cc1,train,train,train,3,3,0.8596491,0.8596491,0.8596491
Cc1oc(-c2ccccc2)nc1COc1ccc(Cc2ccc(OC(C)C(=O)O)cc2)cc1,train,train,test,0,0,0.7358491,0.7358491,0.7358491
Cc1cc(S(=O)(=O)Nc2cc(Cl)c(Oc3cnc4ccccc4c3)c(Cl)c2)ccc1Br,test,test,train,4,4,0.7966102,0.7966102,0.7966102
O=S(=O)(Nc1cc(Cl)c(Oc2cnc3ccccc3c2)c(Cl)c1)c1ccc(Br)cc1OC(F)(F)F,train,train,train,4,4,0.78125,0.78125,0.78125
O=S(=O)(Nc1cc(Cl)c(Oc2cnc3ccccc3c2)c(Cl)c1)c1ccc(Br)cc1Cl,train,train,train,4,4,0.83928573,0.83928573,0.83928573
O=S(=O)(Nc1cc(Cl)c(Oc2cnc3ccccc3c2)c(Cl)c1)c1ccc(Br)c(C(F)(F)F)c1,test,test,train,4,4,0.8,0.8,0.8
O=S(=O)(Nc1cc(Cl)c(Oc2cnc3ccccc3c2)c(Cl)c1)c1ccc(Br)cc1C(F)(F)F,train,train,train,4,4,0.7966102,0.7966102,0.7966102
O=S(=O)(Nc1cc(Cl)c(Oc2cnc3ccccc3c2)c(Cl)c1)c1ccc(Br)cc1F,train,train,train,4,4,0.83928573,0.83928573,0.83928573
O=S(=O)(Nc1cc(Cl)c(Oc2cnc3ccccc3c2)c(Cl)c1)c1ccc(Br)c(F)c1,train,train,train,4,4,0.7719298,0.7719298,0.8
O=S(=O)(Nc1cc(Cl)c(Oc2cnc3ccccc3c2)c(Cl)c1)c1cc(F)c(Br)cc1F,train,train,train,4,4,0.7966102,0.7966102,0.7966102
O=S(=O)(Nc1cc(Cl)c(Oc2cnc3ccccc3c2)c(Cl)c1)c1ccc(Br)cc1,train,train,train,4,4,0.8076923,0.8076923,0.7818182
O=S(=O)(Nc1cc(Cl)c(Oc2cnc3ccccc3c2)c(Cl)c1)c1ccc2ccccc2c1,train,train,test,4,4,0.8076923,0.8076923,0.8076923
O=S(=O)(Nc1cc(Cl)c(Oc2cnc3ccccc3c2)c(Cl)c1)c1ccccc1Cl,train,train,train,4,4,0.7924528,0.7924528,0.7924528
Cc1cc(C)c(S(=O)(=O)Nc2cc(Cl)c(Oc3cnc4ccccc4c3)c(Cl)c2)c(C)c1,train,train,train,4,4,0.7222222,0.7222222,0.7222222
CC(C)(C)c1ccc(C(=O)NCc2ccc(NS(C)(=O)=O)cc2Cl)cc1,test,test,train,4,4,0.40677965,0.40677965,0.40677965
O=C1NC(=O)/C(=C/c2ccc(OCCNc3nc4ccccc4s3)cc2)S1,train,train,train,1,1,0.6557377,0.6557377,0.625
CN(CCOc1ccc(/C=C2\SC(=O)NC2=O)cc1)c1ccc2ccccc2c1,train,train,train,1,1,0.65,0.65,0.6393443
CN(CCOc1ccc(/C=C2\SC(=O)NC2=O)cc1)c1nc2ccccc2[nH]1,train,train,train,1,1,0.7457627,0.7457627,0.6393443
CN(CCOc1ccc(/C=C2\SC(=O)NC2=O)cc1)c1nccs1,train,train,test,1,1,0.66101694,0.66101694,0.6101695
CC(C)N(CCOc1ccc(CC2SC(=O)NC2=O)cc1)c1nc2ccccc2s1,train,train,test,1,1,0.8,0.8,0.8
CCN(CCOc1ccc(/C=C2\SC(=O)NC2=O)cc1)c1nc2ccccc2s1,test,test,train,1,1,0.8103448,0.8103448,0.66129035
CCN(CCOc1ccc(CC2SC(=O)NC2=O)cc1)c1nc2ccccc2s1,train,train,test,1,1,0.8135593,0.8135593,0.8135593
CN(CCOc1ccc(/C=C2\SC(=O)NC2=O)cc1)c1nc2ccccc2s1,train,train,test,1,1,0.7457627,0.7457627,0.8103448
CN(CCOc1ccc(CC2SC(=O)NC2=O)cc1)c1nc2ccccc2s1,train,train,train,1,1,0.8135593,0.8135593,0.5692308
CCN(CCOc1ccc(/C=C2\SC(=O)NC2=O)cc1)c1ccccn1,test,test,train,1,1,0.5967742,0.5967742,0.66129035
CCN(CCOc1ccc(CC2SC(=O)NC2=O)cc1)c1ccccn1,train,train,train,1,1,0.6666667,0.6666667,0.5967742
CCOC(Cc1ccc(Oc2ccc(OCc3ccccc3)cc2)cc1)C(=O)O,train,train,train,2,2,0.77272725,0.77272725,0.77272725
COc1ccc(F)c(-c2ccc(Cc3ccc(N4C[C@H](C(F)(F)F)C[C@@H]4CC(=O)O)cc3)c(C)c2)c1,train,train,train,4,4,0.61538464,0.61538464,0.61538464
COc1ccc(F)c(-c2ccc(Cc3ccc(N4N=C(C(F)(F)F)[C@@H](C)[C@@H]4CC(=O)O)cc3)c(C)c2)c1,train,train,train,4,4,0.61538464,0.61538464,0.61538464
O=C(O)CCc1cc2cc(Cl)ccc2n1S(=O)(=O)c1ccccc1,train,train,test,4,4,0.8666667,0.8666667,0.8666667
O=C(O)CCCc1cc2cc(Cl)ccc2n1S(=O)(=O)c1ccccc1,train,train,train,4,4,0.8666667,0.8666667,0.75510204
CC(C)(CCc1cc2cc(Cl)ccc2n1S(=O)(=O)c1ccccc1)C(=O)O,test,test,train,4,4,0.7058824,0.7058824,0.6792453
O=C(O)CCCc1cc2cc(C(F)(F)F)ccc2n1S(=O)(=O)c1ccccc1,train,train,train,4,4,0.8269231,0.8269231,0.8148148
Cc1ccc2c(c1)cc(CCCC(=O)O)n2S(=O)(=O)c1ccccc1,train,train,train,4,4,0.75510204,0.75510204,0.75510204
COc1cccc(S(=O)(=O)n2c(CCCC(=O)O)cc3cc(C(F)(F)F)ccc32)c1,train,train,train,4,4,0.82758623,0.82758623,0.8333333
COc1ccc(S(=O)(=O)n2c(CCCC(=O)O)cc3cc(C(F)(F)F)ccc32)cc1,train,train,train,4,4,0.83928573,0.83928573,0.83928573
COc1ccccc1S(=O)(=O)n1c(CCCC(=O)O)cc2cc(C(F)(F)F)ccc21,train,train,train,4,4,0.7241379,0.7241379,0.7241379
O=C(O)CCCc1cc2cc(C(F)(F)F)ccc2n1S(=O)(=O)c1cccc(Cl)c1,train,train,train,4,4,0.8148148,0.8148148,0.8148148
O=C(O)CCCc1cc2cc(C(F)(F)F)ccc2n1S(=O)(=O)c1ccc(Cl)cc1,train,train,test,4,4,0.8269231,0.8269231,0.8269231
O=C(O)CCCc1cc2cc(C(F)(F)F)ccc2n1S(=O)(=O)c1cccc(OC(F)(F)F)c1,test,test,train,4,4,0.8333333,0.8333333,0.8333333
O=C(O)CCCc1cc2cc(C(F)(F)F)ccc2n1S(=O)(=O)c1ccc(OC(F)(F)F)cc1,train,train,train,4,4,0.83928573,0.83928573,0.83928573
COc1cccc(S(=O)(=O)n2c(CCCC(=O)O)cc3cc(Cl)ccc32)c1,test,test,test,4,4,0.8181818,0.8181818,0.7592593
COc1ccc(S(=O)(=O)n2c(CCCC(=O)O)cc3cc(Cl)ccc32)cc1,train,train,test,4,4,0.8076923,0.8076923,0.78431374
Cc1cccc(S(=O)(=O)n2c(CCCC(=O)O)cc3cc(Cl)ccc32)c1,train,train,test,4,4,0.82,0.82,0.82
Cc1ccc(S(=O)(=O)n2c(CCCC(=O)O)cc3cc(Cl)ccc32)cc1,train,train,test,4,4,0.81632656,0.81632656,0.81632656
CN1CCOc2ccc(S(=O)(=O)n3c(CCCC(=O)O)cc4cc(Cl)ccc43)cc21,train,train,test,4,4,0.71875,0.71875,0.71875
O=C(O)CCCc1cc2cc(Cl)ccc2n1S(=O)(=O)c1ccc2c(c1)OCO2,train,train,train,4,4,0.71875,0.71875,0.6964286
O=C(O)CCCc1cc2cc(Cl)ccc2n1S(=O)(=O)c1ccc2ccccc2c1,train,train,test,4,4,0.82,0.82,0.82
O=C(O)CCCc1cc2cc(Cl)ccc2n1S(=O)(=O)c1cccc2ccccc12,train,train,test,4,4,0.75,0.75,0.75
Cc1nc2ccc(S(=O)(=O)n3c(CCCC(=O)O)cc4cc(Cl)ccc43)cc2s1,train,train,train,4,4,0.8666667,0.8666667,0.71428573
Cc1nc2cc(S(=O)(=O)n3c(CCCC(=O)O)cc4cc(Cl)ccc43)ccc2s1,train,train,test,4,4,0.8666667,0.8666667,0.8666667
Nc1nc2ccc(S(=O)(=O)n3c(CCCC(=O)O)cc4cc(Cl)ccc43)cc2s1,train,train,test,4,4,0.8064516,0.8064516,0.8064516
Nc1nc2ccc(S(=O)(=O)n3c(CCCC(=O)O)cc4cc(Cl)ccc43)cc2o1,test,test,test,4,4,0.6969697,0.6969697,0.6875
O=C(O)CCCc1cc2cc(Cl)ccc2n1S(=O)(=O)c1ccc2nsnc2c1,train,train,train,4,4,0.71428573,0.71428573,0.71428573
O=C(O)CCCc1cc2cc(C(F)(F)F)ccc2n1S(=O)(=O)c1ccc2scnc2c1,train,train,train,4,4,0.67741936,0.67741936,0.67741936
O=C(O)C[C@@H]1CCCN1c1ccc(OCc2ccc(Cl)cc2Cl)cc1,train,train,train,1,1,0.5081967,0.5081967,0.5081967
Cc1ccccc1Oc1ccc(N2CCC[C@H]2CC(=O)O)cc1,train,train,train,1,1,0.5081967,0.5081967,0.5081967
O=C1NC(=O)C(Cc2ccc(OCCn3ccc4ccccc43)cc2)S1,train,train,train,1,1,0.54545456,0.54545456,0.76363635
O=C1NC(=O)C(Cc2ccc(OCCn3ccc4ccc(Cl)cc43)cc2)S1,test,test,train,1,1,0.76363635,0.76363635,0.76363635
O=C1NC(=O)C(Cc2ccc(OCCn3cnc4ccccc43)cc2)S1,test,test,train,1,1,0.6964286,0.6964286,0.6964286
CCOC(=O)C(Cc1ccc(OCCn2c(=O)sc3cc(/C=C/c4cc(OC)cc(OC)c4)ccc32)cc1)OCC(F)(F)F,test,test,train,2,2,0.8767123,0.8767123,0.8767123
CCOC(=O)C(Cc1ccc(OCCn2c(=O)sc3cc(/C=C/c4cc(O)cc(O)c4)ccc32)cc1)OCC,train,train,train,2,2,0.85714287,0.85714287,0.8636364
CCOC(=O)C(Cc1ccc(OCCn2c(=O)sc3cc(/C=C/c4cc(O)cc(O)c4)ccc32)cc1)OCC(F)(F)F,train,train,train,2,2,0.85714287,0.85714287,0.8767123
COc1cc(/C=C/c2ccc3c(c2)sc(=O)n3CCOc2ccc(CC(OCC(F)(F)F)C(=O)O)cc2)cc(OC)c1,test,test,test,2,2,0.85714287,0.85714287,0.85714287
CCOC(Cc1ccc(OCCn2c(=O)sc3cc(/C=C/c4cc(O)cc(O)c4)ccc32)cc1)C(=O)O,test,test,train,2,2,0.8636364,0.8636364,0.8636364
O=C(O)C(Cc1ccc(OCCn2c(=O)sc3cc(/C=C/c4cc(O)cc(O)c4)ccc32)cc1)OCC(F)(F)F,train,train,train,2,2,0.8333333,0.8333333,0.8333333
CCOC(=O)C(Cc1ccc(OCCn2c(=O)sc3cc(C(=O)/C=C/c4cc(OC)cc(OC)c4)ccc32)cc1)OCC,train,train,test,2,2,0.875,0.875,0.875
CCOC(=O)C(Cc1ccc(OCCn2c(=O)sc3cc(C(=O)/C=C/c4cc(OC)cc(OC)c4)ccc32)cc1)OCC(F)(F)F,train,train,train,2,2,0.88461536,0.88461536,0.88461536
CCOC(=O)C(Cc1ccc(OCCn2c(=O)sc3cc(C(=O)/C=C/c4cc(O)cc(O)c4)ccc32)cc1)OCC,train,train,test,2,2,0.875,0.875,0.8666667
CCOC(=O)C(Cc1ccc(OCCn2c(=O)sc3cc(C(=O)/C=C/c4cc(O)cc(O)c4)ccc32)cc1)OCC(F)(F)F,train,train,train,2,2,0.88461536,0.88461536,0.88461536
CCOC(Cc1ccc(OCCn2c(=O)sc3cc(C(=O)/C=C/c4cc(OC)cc(OC)c4)ccc32)cc1)C(=O)O,train,train,train,2,2,0.875,0.875,0.7625
COc1cc(/C=C/C(=O)c2ccc3c(c2)sc(=O)n3CCOc2ccc(CC(OCC(F)(F)F)C(=O)O)cc2)cc(OC)c1,train,train,test,2,2,0.85897434,0.85897434,0.85897434
O=C(O)CCc1ccc2[nH]c(-c3cccc(Cl)c3)cc2c1,train,train,train,4,4,0.54545456,0.54545456,0.54545456
Cc1ncccc1-c1cc2cc(CCC(=O)O)ccc2[nH]1,train,train,train,4,4,0.54545456,0.54545456,0.54545456
Cn1c(COc2cccc(C(=O)O)c2)nc2ccc(Oc3ncccc3F)cc21,train,train,train,4,4,0.81666666,0.81666666,0.81666666
Cn1c(COc2cccc(C(=O)O)c2)nc2ccc(Oc3ccc(F)cn3)cc21,train,train,train,4,4,0.81666666,0.81666666,0.81666666
Cc1cccnc1Oc1ccc2nc(COc3cccc(C(=O)O)c3)n(C)c2c1,train,train,train,4,4,0.81666666,0.81666666,0.81666666
Cc1ccnc(Oc2ccc3nc(COc4cccc(C(=O)O)c4)n(C)c3c2)c1,train,train,train,4,4,0.81666666,0.81666666,0.81666666
Cc1ccc(Oc2ccc3nc(COc4cccc(C(=O)O)c4)n(C)c3c2)nc1,train,train,train,4,4,0.81666666,0.81666666,0.81666666
Cc1cccc(Oc2ccc3nc(COc4cccc(C(=O)O)c4)n(C)c3c2)n1,train,train,test,4,4,0.8103448,0.8103448,0.8103448
Cn1c(COc2cccc(C(=O)O)c2)nc2ccc(Oc3ncccc3Cl)cc21,test,test,train,4,4,0.84745765,0.84745765,0.84745765
Cn1c(COc2cccc(C(=O)O)c2)nc2ccc(Oc3cc(Cl)ccn3)cc21,train,train,train,4,4,0.81666666,0.81666666,0.81666666
Cn1c(COc2cccc(C(=O)O)c2)nc2ccc(Oc3ccc(Cl)cn3)cc21,train,train,train,4,4,0.81666666,0.81666666,0.81666666
Cn1c(COc2cccc(C(=O)O)c2)nc2ccc(Oc3cccc(Cl)n3)cc21,train,train,train,4,4,0.8103448,0.8103448,0.779661
Cn1c(COc2cccc(C(=O)O)c2)nc2ccc(Oc3ccccn3)cc21,train,train,train,4,4,0.7966102,0.7966102,0.7966102
Cn1c(COc2cccc(C(=O)O)c2)nc2cnc(Oc3ccc4c(c3)CCC4)cc21,train,train,train,4,4,0.76811594,0.76811594,0.75757575
Cn1c(COc2cccc(C(=O)O)c2)nc2cnc(Oc3ccc4c(c3)OCC4)cc21,train,train,test,4,4,0.8333333,0.8333333,0.8333333
Cc1ccc(Oc2cc3c(cn2)nc(COc2cccc(C(=O)O)c2)n3C)cc1,test,test,train,4,4,0.7894737,0.7894737,0.7894737
Cn1c(COc2cccc(C(=O)O)c2)nc2cnc(Oc3ccc(Cl)c(F)c3)cc21,train,train,train,4,4,0.82258064,0.82258064,0.82258064
Cn1c(COc2cccc(C(=O)O)c2)nc2ccc(Oc3ccc4c(c3)OCC4)nc21,test,test,train,4,4,0.7761194,0.7761194,0.7761194
Cn1c(COc2cccc(C(=O)O)c2)nc2ccc(Oc3ccc4c(c3)CCC4)nc21,test,test,train,4,4,0.75757575,0.75757575,0.76119405
Cc1ccc(Oc2ccc3nc(COc4cccc(C(=O)O)c4)n(C)c3n2)cc1C,train,train,test,4,4,0.8245614,0.8245614,0.84745765
Cc1cc(C)cc(Oc2ccc3nc(COc4cccc(C(=O)O)c4)n(C)c3n2)c1,train,train,test,4,4,0.8545455,0.8545455,0.8545455
Cc1ccc(Oc2ccc3nc(COc4cccc(C(=O)O)c4)n(C)c3n2)c(C)c1,train,train,train,4,4,0.7966102,0.7966102,0.7966102
Cc1ccc(Oc2ccc3nc(COc4cccc(C(=O)O)c4)n(C)c3n2)cc1F,test,test,train,4,4,0.84745765,0.84745765,0.8
Cc1ccc(Oc2ccc3nc(COc4cccc(C(=O)O)c4)n(C)c3n2)cc1,train,train,train,4,4,0.8545455,0.8545455,0.83928573
Cn1c(COc2cccc(C(=O)O)c2)nc2ccc(Oc3ccc(F)cc3)nc21,train,train,train,4,4,0.83928573,0.83928573,0.83928573
Cn1c(COc2cccc(C(=O)O)c2)nc2ccc(Oc3ccc(Cl)c(F)c3)nc21,test,test,test,4,4,0.78688526,0.78688526,0.82258064
Cn1c(COc2cccc(C(=O)O)c2)nc2ccc(Oc3ccc(Cl)c(F)c3)cc21,train,train,train,4,4,0.8245614,0.8245614,0.82258064
Cc1cnc(Oc2ccc3nc(COc4cccc(C(=O)O)c4)n(C)c3c2)c(C)c1,train,train,test,4,4,0.8333333,0.8333333,0.8333333
Cc1ccc(Oc2ccc3nc(COc4cccc(C(=O)O)c4)n(C)c3c2)nc1C,test,test,train,4,4,0.7966102,0.7966102,0.7704918
Cc1ccc(C)c(Oc2ccc3nc(COc4cccc(C(=O)O)c4)n(C)c3c2)n1,train,train,train,4,4,0.8,0.8,0.8
Cc1cnc(Oc2ccc3nc(COc4cccc(C(=O)O)c4)n(C)c3c2)c(F)c1,test,test,train,4,4,0.8333333,0.8333333,0.82258064
Cc1cc(F)cnc1Oc1ccc2nc(COc3cccc(C(=O)O)c3)n(C)c2c1,test,test,train,4,4,0.8333333,0.8333333,0.8064516
Cn1c(COc2cccc(C(=O)O)c2)nc2ccc(Oc3ncc(Cl)cc3Cl)cc21,train,train,train,4,4,0.86440676,0.86440676,0.86440676
Cn1c(COc2cccc(C(=O)O)c2)nc2ccc(Oc3ncc(Cl)cc3F)cc21,train,train,train,4,4,0.85,0.85,0.85
Cc1cc(Cl)cnc1Oc1ccc2nc(COc3cccc(C(=O)O)c3)n(C)c2c1,train,train,train,4,4,0.86440676,0.86440676,0.86440676
COc1ccc2nc(COc3ccc(CC4SC(=O)NC4=O)cc3)n(C)c2c1,train,train,train,1,1,0.75384617,0.75384617,0.75384617
Cc1cc(Oc2ccc3nc(COc4ccc(CC5SC(=O)NC5=O)cc4)n(C)c3c2)cc(C)c1N,train,train,train,1,1,0.75384617,0.75384617,0.75384617
CCc1ccc2ccc(F)cc2c1CNC(=O)c1c(OC)cc(O)c2c1OC1=CC(O)=C(C(C)=O)C(=O)[C@]12C,train,train,train,4,4,0.8630137,0.8630137,0.8630137
Cn1c(COc2cccc(C(=O)O)c2)nc2ccc(Oc3ccccc3F)cc21,train,train,train,4,4,0.86206895,0.86206895,0.877193
Cn1c(COc2cccc(C(=O)O)c2)nc2ccc(Oc3cccc(F)c3)cc21,test,test,train,4,4,0.9056604,0.9056604,0.8867925
Cn1c(COc2cccc(C(=O)O)c2)nc2ccc(Oc3ccc(F)cc3)cc21,train,train,train,4,4,0.8703704,0.8703704,0.8867925
Cc1ccccc1Oc1ccc2nc(COc3cccc(C(=O)O)c3)n(C)c2c1,train,train,train,4,4,0.8305085,0.8305085,0.8305085
Cc1cccc(Oc2ccc3nc(COc4cccc(C(=O)O)c4)n(C)c3c2)c1,train,train,train,4,4,0.88461536,0.88461536,0.88461536
Cc1ccc(Oc2ccc3nc(COc4cccc(C(=O)O)c4)n(C)c3c2)cc1,train,train,train,4,4,0.88461536,0.88461536,0.88461536
Cn1c(COc2cccc(C(=O)O)c2)nc2ccc(Oc3ccc(Cl)cc3)cc21,train,train,test,4,4,0.8490566,0.8490566,0.8490566
COc1cccc(Oc2ccc3nc(COc4cccc(C(=O)O)c4)n(C)c3c2)c1,train,train,train,4,4,0.94,0.94,0.94
COc1ccc(Oc2ccc3nc(COc4cccc(C(=O)O)c4)n(C)c3c2)cc1,train,train,train,4,4,0.94,0.94,0.94
CCOc1cccc(Oc2ccc3nc(COc4cccc(C(=O)O)c4)n(C)c3c2)c1,train,train,train,4,4,0.8490566,0.8490566,0.8490566
Cn1c(COc2cccc(C(=O)O)c2)nc2ccc(Oc3cccc(OC(F)(F)F)c3)cc21,train,train,train,4,4,0.8035714,0.8035714,0.8035714
Cn1c(COc2cccc(C(=O)O)c2)nc2ccc(Oc3cccc(F)c3F)cc21,test,test,train,4,4,0.877193,0.877193,0.877193
Cn1c(COc2cccc(C(=O)O)c2)nc2ccc(Oc3ccc(F)cc3F)cc21,test,test,train,4,4,0.86440676,0.86440676,0.86440676
Cn1c(COc2cccc(C(=O)O)c2)nc2ccc(Oc3cc(F)ccc3F)cc21,train,train,train,4,4,0.86206895,0.86206895,0.86440676
Cn1c(COc2cccc(C(=O)O)c2)nc2ccc(Oc3c(F)cccc3F)cc21,train,train,train,4,4,0.8245614,0.8245614,0.8245614
Cn1c(COc2cccc(C(=O)O)c2)nc2ccc(Oc3cc(F)cc(F)c3)cc21,train,train,test,4,4,0.90909094,0.90909094,0.90909094
Cc1cc(F)ccc1Oc1ccc2nc(COc3cccc(C(=O)O)c3)n(C)c2c1,train,train,train,4,4,0.8305085,0.8305085,0.8666667
Cc1ccc(F)cc1Oc1ccc2nc(COc3cccc(C(=O)O)c3)n(C)c2c1,test,test,train,4,4,0.8666667,0.8666667,0.8666667
Cc1ccc(Oc2ccc3nc(COc4cccc(C(=O)O)c4)n(C)c3c2)c(F)c1,train,train,train,4,4,0.8666667,0.8666667,0.8666667
Cc1ccc(F)c(Oc2ccc3nc(COc4cccc(C(=O)O)c4)n(C)c3c2)c1,train,train,train,4,4,0.8666667,0.8666667,0.8666667
Cc1ccc(Oc2ccc3nc(COc4cccc(C(=O)O)c4)n(C)c3c2)cc1F,train,train,train,4,4,0.8135593,0.8135593,0.8135593
Cc1cc(F)cc(Oc2ccc3nc(COc4cccc(C(=O)O)c4)n(C)c3c2)c1,train,train,train,4,4,0.90909094,0.90909094,0.85714287
Cn1c(COc2cccc(C(=O)O)c2)nc2ccc(Oc3cc(F)cc(Cl)c3)cc21,train,train,train,4,4,0.877193,0.877193,0.8333333
Cn1c(COc2cccc(C(=O)O)c2)nc2ccc(Oc3ccc4c(c3)OCC4)cc21,train,train,train,4,4,0.8333333,0.8333333,0.7761194
Cn1c(COc2cccc(C(=O)O)c2)nc2ccc(Oc3ccc4ccoc4c3)cc21,train,train,train,4,4,0.7457627,0.7457627,0.7457627
CCOC(=O)C(C)(C)Oc1ccc(C(=O)c2cc3ccccc3oc2=O)cc1,train,train,train,4,4,0.75,0.75,0.75
CCOC(=O)C(C)(C)Oc1ccc(C(=O)c2cc3cc([N+](=O)[O-])ccc3oc2=O)cc1,train,train,train,4,4,0.71666664,0.71666664,0.71666664
CCOC(=O)C(C)(C)Oc1ccc(C(=O)C2Cc3ccccc3OC2=O)cc1,train,train,train,1,1,0.46969697,0.46969697,0.46969697
CC(C)(Oc1ccc(C(=O)c2cc3ccccc3oc2=O)cc1)C(=O)O,train,train,train,4,4,0.75,0.75,0.75
CC(C)(Oc1ccc(C(=O)c2cc3c(ccc4ccccc43)oc2=O)cc1)C(=O)O,train,train,train,4,4,0.75,0.75,0.75
COc1ccc(COc2ccc(CNc3cccc(OC(C)(C)C(=O)O)c3)cc2)cc1,train,train,train,4,4,0.7818182,0.7818182,0.7818182
COc1ccc(COc2ccc(CNc3cccc(OC(C)(C)C(=O)O)c3)c(OCc3ccc(OC)cc3)c2)cc1,train,train,train,4,4,0.7818182,0.7818182,0.7818182
COC(=O)[C@@H](NC(=O)OCc1ccccc1)c1cccc(NC(=O)CCl)c1,test,test,train,4,4,0.31944445,0.31944445,0.31944445
CN(CCO)C(=O)[C@@H](NC(=O)OCc1ccccc1)c1cccc(NC(=O)CCl)c1,test,test,test,4,4,0.2658228,0.2658228,0.7288136
O=C(O)[C@@H](Cc1ccc(-c2ccccc2)cc1)Oc1ccc(-c2ccccc2)cc1,test,test,train,2,2,0.9354839,0.9354839,0.9354839
COc1cc(C(=O)NS(=O)(=O)c2ccccc2)ccc1Cc1cn(C)c2ccc(NC(=O)NC3CCCCC3)cc12,test,test,test,4,4,0.8552632,0.8552632,0.8552632
COc1cc(C(=O)NS(=O)(=O)c2cccc(F)c2)ccc1Cc1cn(C)c2ccc(NC(=O)NC3CCCCC3)cc12,test,test,train,4,4,0.84810126,0.84810126,0.84810126
COc1cc(C(=O)NS(=O)(=O)c2cccc(C(F)(F)F)c2)ccc1Cc1cn(C)c2ccc(NC(=O)NC3CCCCC3)cc12,test,test,train,4,4,0.81707317,0.81707317,0.83950615
COc1cc(C(=O)NS(=O)(=O)c2cc(Cl)cc(Cl)c2)ccc1Cc1cn(C)c2ccc(NC(=O)NC3CCCCC3)cc12,train,train,train,4,4,0.8815789,0.8815789,0.8815789
COc1cc(C(=O)NS(=O)(=O)c2cccc(Cl)c2)ccc1Cc1cn(C)c2ccc(NC(=O)NC3CCCCC3)cc12,train,train,train,4,4,0.8815789,0.8815789,0.8815789
COc1cc(C(=O)NS(=O)(=O)c2cccc(Cl)c2)ccc1Cc1cn(C)c2ccc(NC(=O)OC3CCCC3)cc12,train,train,train,4,4,0.8552632,0.8552632,0.80246913
COc1cc(C(=O)NS(=O)(=O)c2ccccc2)ccc1Cc1cn(C)c2ccc(NC(=O)OC3CCCC3)cc12,train,train,test,4,4,0.8552632,0.8552632,0.8552632
COc1cc(C(=O)NS(=O)(=O)c2ccccc2C)ccc1Cc1cn(C)c2ccc(NC(=O)NC3CCCCC3)cc12,test,test,train,4,4,0.9859155,0.9859155,0.9859155
COc1cc(C(=O)NS(=O)(=O)c2ccccc2C)ccc1Cc1cn(C)c2ccc(NC(=O)NC3CCCC3)cc12,train,train,train,4,4,0.8076923,0.8076923,0.9859155
COc1cc(C(=O)NS(=O)(=O)c2ccccc2C)ccc1Cc1cn(C)c2ccc(NC(=O)OC3CCCC3)cc12,train,train,train,4,4,0.82894737,0.82894737,0.8076923
COc1cccc(C(=O)COc2ccc(CC3SC(=O)NC3=O)cc2)c1,train,train,test,1,1,0.5625,0.5625,0.59322035
CCc1ccc(C(=O)COc2ccc(CC3SC(=O)NC3=O)cc2)nc1,test,test,train,1,1,0.63461536,0.63461536,0.5147059
CCCCc1nc(C(C)C)c(CC(=S)N2CCCC2)c(=O)n1Cc1ccc(-c2ccccc2-c2noc(=O)[nH]2)cc1,train,train,train,3,3,0.75949365,0.75949365,0.7894737
[2H]C([2H])(Cc1ccc(OCCCOc2cccc(Cl)c2)cc1)C(=O)O,train,train,train,1,1,0.58,0.58,0.58
O=C(O)COc1ccc(OCCCOc2cccc(Cl)c2)cc1F,train,train,train,1,1,0.73913044,0.73913044,0.73913044
Cc1cc(OCCCOc2ccc(-c3ccccc3)cc2)ccc1OCC(=O)O,train,train,train,1,1,0.6956522,0.6956522,0.6956522
Cc1cc(OCCCOc2cccc(Cl)c2)ccc1OCC(=O)O,train,train,train,1,1,0.73913044,0.73913044,0.73913044
O=C(O)CC1COc2cc(OCCCOc3ccc(-c4ccccc4)cc3)ccc21,train,train,train,1,1,0.89361703,0.89361703,0.89361703
O=C(O)CC1COc2cc(OCCCOc3cccc(-c4ccccc4)c3)ccc21,train,train,train,1,1,0.89361703,0.89361703,0.89361703
CC(C)(C)c1cccc(OCCOc2ccc3c(c2)OCC3CC(=O)O)c1,train,train,train,1,1,0.9375,0.9375,0.74
CC(C)(C)c1cccc(OCCCOc2ccc3c(c2)OCC3CC(=O)O)c1,train,train,test,1,1,0.9375,0.9375,0.9375
O=C(O)CC1COc2cc(OCCCOc3cccc(Br)c3)ccc21,test,test,train,1,1,0.82978725,0.82978725,0.82978725
O=C(O)CC1COc2cc(OCCCOc3ccccc3F)ccc21,train,train,test,1,1,0.78,0.78,0.78
Cc1ccc(OCCCOc2ccc3c(c2)OCC3CC(=O)O)cc1,test,test,train,1,1,0.8333333,0.8333333,0.8333333
Cc1cccc(OCCCOc2ccc3c(c2)OCC3CC(=O)O)c1,train,train,train,1,1,0.82978725,0.82978725,0.8333333
Cc1ccccc1OCCCOc1ccc2c(c1)OCC2CC(=O)O,train,train,train,1,1,0.78,0.78,0.78
O=C(O)CC1COc2cc(OCCCOc3ccccc3)ccc21,train,train,train,1,1,0.9285714,0.9285714,0.8888889
O=C(O)CC1COc2cc(OCCOc3ccccc3)ccc21,train,train,test,1,1,0.9285714,0.9285714,0.9285714
CCc1nc2c(C)cc(C)nc2n1Cc1ccc2c(c1)CCc1ccccc1C2C(C)c1nn[nH]n1,train,train,train,3,3,0.45882353,0.45882353,0.49425286
CCc1nc2c(C)cc(C)nc2n1Cc1ccc2c(c1)CCc1ccccc1/C2=C(\C)c1nn[nH]n1,test,test,test,3,3,0.5897436,0.5897436,0.70666665
CCc1nc2c(C)cc(C)nc2n1Cc1ccc2c(c1)CCc1ccccc1/C2=C(\C)c1noc(=O)[nH]1,test,test,train,3,3,0.6375,0.6375,0.875
CCc1nc2c(C)cc(C)nc2n1Cc1ccc2c(c1)COc1ccccc1/C2=C(\C)c1noc(=O)[nH]1,test,test,train,3,3,0.7368421,0.7368421,0.875
CCc1nc2ccccc2n1Cc1ccc2c(c1)COc1ccccc1/C2=C(\C)c1noc(=O)[nH]1,train,train,train,3,3,0.884058,0.884058,0.884058
CCCc1nc2ccccc2n1Cc1ccc2c(c1)COc1ccccc1/C2=C(\C)c1noc(=O)[nH]1,train,train,train,3,3,0.884058,0.884058,0.884058
CCCc1nc2c(C)cccc2n1Cc1ccc2c(c1)COc1ccccc1/C2=C(\C)c1noc(=O)[nH]1,train,train,train,3,3,0.85333335,0.85333335,0.85333335
CCCc1nc2c(CO)cccc2n1Cc1ccc2c(c1)COc1ccccc1/C2=C(\C)c1noc(=O)[nH]1,train,train,train,3,3,0.85333335,0.85333335,0.85333335
CCCc1nc2c(C(C)(C)O)cccc2n1Cc1ccc2c(c1)COc1ccccc1/C2=C(\C)c1noc(=O)[nH]1,train,train,train,3,3,0.82051283,0.82051283,0.82051283
CCCc1nc2c(C(=O)NCCO)cccc2n1Cc1ccc2c(c1)COc1ccccc1/C2=C(\C)c1noc(=O)[nH]1,train,train,train,3,3,0.78313255,0.78313255,0.78313255
CCCc1nc2c(NS(C)(=O)=O)cccc2n1Cc1ccc2c(c1)COc1ccccc1/C2=C(\C)c1noc(=O)[nH]1,train,train,test,3,3,0.79012346,0.79012346,0.79012346
CCCc1nc(-c2ccccc2)cn1Cc1ccc2c(c1)COc1ccccc1/C2=C(\C)c1noc(=O)[nH]1,train,train,test,3,3,0.9041096,0.9041096,0.9041096
CCCc1nc(-c2ccncc2)cn1Cc1ccc2c(c1)COc1ccccc1/C2=C(\C)c1noc(=O)[nH]1,train,train,train,3,3,0.9041096,0.9041096,0.6707317
CCCCCS(=O)(=O)NC(=O)c1ccc2nc(C)n(Cc3ccc(Cl)cc3Cl)c2c1,train,train,test,4,4,0.4868421,0.4868421,0.5
Cc1cc(CCc2cc(-c3ccc(Br)cc3)on2)cc(C)c1OC(C)(C)C(=O)O,train,train,train,4,4,0.8301887,0.8301887,0.8301887
Cc1cc(Cc2cc(-c3ccc(Br)cc3)on2)cc(C)c1OC(C)(C)C(=O)O,train,train,train,4,4,0.8301887,0.8301887,0.8301887
CSc1ccc(C(=O)/C=C/c2cc(C)c(OC(C)(C)C(=O)O)c(C)c2)cc1,train,train,train,4,4,0.42857143,0.42857143,0.42857143
CCCc1nc2c(C)cccc2n1Cc1ccc2c(n1)COc1ccccc1/C2=C(\C)c1noc(=O)[nH]1,train,train,train,3,3,0.76623374,0.76623374,0.76623374
CCCc1nc2ccccc2n1Cc1ccc2c(c1)COc1ccc(F)cc1/C2=C(\C)c1noc(=O)[nH]1,test,test,train,3,3,0.9189189,0.9189189,0.9189189
CCCc1nc2ccccc2n1Cc1ccc2c(c1)COc1cc(F)ccc1/C2=C(\C)c1noc(=O)[nH]1,train,train,train,3,3,0.8630137,0.8630137,0.9189189
CCCc1nc2ccccc2n1Cc1ccc2c(c1)COc1c(F)cccc1/C2=C(\C)c1noc(=O)[nH]1,train,train,test,3,3,0.81578946,0.81578946,0.81578946
C/C(=C1/c2ccc(Cn3c(C4CC4)nc4c(Cl)ccnc43)cc2COc2cc(F)ccc21)c1noc(=O)[nH]1,train,train,train,3,3,0.8148148,0.8148148,0.8148148
C/C(=C1/c2ccc(Cn3c(C4CC4)nc4c(Cl)nccc43)cc2COc2cc(F)ccc21)c1noc(=O)[nH]1,train,train,train,3,3,0.8148148,0.8148148,0.8148148
C/C(=C1/c2ccc(Cn3c(C4CC4)nc4cscc43)cc2COc2cc(F)ccc21)c1noc(=O)[nH]1,train,train,train,3,3,0.72289157,0.72289157,0.72289157
C/C(=C1/c2ccc(Cc3c(C4CC4)nc4ccccn34)cc2COc2cc(F)ccc21)c1noc(=O)[nH]1,train,train,train,3,3,0.8227848,0.8227848,0.8666667
C/C(=C1/c2ccc(Cc3c(C4CC4)nc4ccc(Cl)cn34)cc2COc2cc(F)ccc21)c1noc(=O)[nH]1,train,train,train,3,3,0.825,0.825,0.825
C/C(=C1/c2ccc(Cc3c(C4CC4)nc4cc(Cl)ccn34)cc2COc2cc(F)ccc21)c1noc(=O)[nH]1,train,train,train,3,3,0.825,0.825,0.8933333
C/C(=C1/c2ccc(Cc3c(C4CC4)nc4c(Cl)cccn34)cc2COc2cc(F)ccc21)c1noc(=O)[nH]1,train,train,train,3,3,0.79012346,0.79012346,0.79012346
C/C(=C1/c2ccc(Cc3c(C4CC4)nc4cc(F)ccn34)cc2COc2cc(F)ccc21)c1noc(=O)[nH]1,test,test,train,3,3,0.8933333,0.8933333,0.8933333
COCc1nc2cc(Cl)ccn2c1Cc1ccc2c(c1)COc1cc(F)ccc1/C2=C(\C)c1noc(=O)[nH]1,train,train,train,3,3,0.78313255,0.78313255,0.78313255
COCc1nc2c(Cl)cccn2c1Cc1ccc2c(c1)COc1cc(F)ccc1/C2=C(\C)c1noc(=O)[nH]1,train,train,train,3,3,0.78571427,0.78571427,0.78571427
C/C(=C1/c2ccc(Cc3c(C4CC4)nc4c5c(ccn34)OCC5)cc2COc2cc(F)ccc21)c1noc(=O)[nH]1,train,train,train,3,3,0.78313255,0.78313255,0.7875
CCCc1nc2c(C)cccc2n1Cc1ccc2c(c1)OCc1ncccc1/C2=C(\C)c1noc(=O)[nH]1,train,train,train,3,3,0.7625,0.7625,0.7625
O=C(Nc1ccccc1)c1cc([N+](=O)[O-])ccc1Cl,train,train,test,4,4,0.34545454,0.34545454,0.375
CCCCc1nc(C)c(CC(=O)OC2CC2)c(=O)n1Cc1ccc(-c2ccccc2-c2noc(=O)[nH]2)cc1,train,train,train,3,3,0.8243243,0.8243243,0.9324324
CCCCc1nc(C)c(CC(=O)OCC(C)C)c(=O)n1Cc1ccc(-c2ccccc2-c2noc(=O)[nH]2)cc1,test,test,train,3,3,0.88,0.88,0.88
CCCCOC(=O)Cc1c(C)nc(CCCC)n(Cc2ccc(-c3ccccc3-c3noc(=O)[nH]3)cc2)c1=O,test,test,train,3,3,0.85915494,0.85915494,0.8513514
CCCCc1nc(C)c(CC(=O)OC(C)C)c(=O)n1Cc1ccc(-c2ccccc2-c2noc(=O)[nH]2)cc1,train,train,train,3,3,0.85915494,0.85915494,0.8513514
CCCCc1nc(C)c(CC(=O)OC)c(=O)n1Cc1ccc(-c2ccccc2-c2noc(=O)[nH]2)cc1,train,train,test,3,3,0.85915494,0.85915494,0.85915494
CC#CCOC(=O)Cc1c(C(C)C)nc(CCCC)n(Cc2ccc(-c3ccccc3-c3noc(=O)[nH]3)cc2)c1=O,train,train,train,3,3,0.8607595,0.8607595,0.8607595
CCCCc1nc(C(C)C)c(CC(=O)OC2CCCCC2)c(=O)n1Cc1ccc(-c2ccccc2-c2noc(=O)[nH]2)cc1,train,train,test,3,3,0.80246913,0.80246913,0.9350649
CCCCc1nc(C(C)C)c(CC(=O)OC2CC2)c(=O)n1Cc1ccc(-c2ccccc2-c2noc(=O)[nH]2)cc1,test,test,train,3,3,0.9350649,0.9350649,0.85714287
CCCCc1nc(C(C)C)c(CC(=O)OCC(C)C)c(=O)n1Cc1ccc(-c2ccccc2-c2noc(=O)[nH]2)cc1,train,train,train,3,3,0.8918919,0.8918919,0.88
CCCCCOC(=O)Cc1c(C(C)C)nc(CCCC)n(Cc2ccc(-c3ccccc3-c3noc(=O)[nH]3)cc2)c1=O,train,train,train,3,3,0.97183096,0.97183096,0.97183096
CCCCOC(=O)Cc1c(C(C)C)nc(CCCC)n(Cc2ccc(-c3ccccc3-c3noc(=O)[nH]3)cc2)c1=O,train,train,train,3,3,0.97183096,0.97183096,0.97183096
CCCCc1nc(C(C)C)c(CC(=O)OCCC)c(=O)n1Cc1ccc(-c2ccccc2-c2noc(=O)[nH]2)cc1,train,train,test,3,3,0.9444444,0.9444444,0.9444444
CCCCc1nc(C(C)C)c(CC(=O)OCC(F)(F)F)c(=O)n1Cc1ccc(-c2ccccc2-c2noc(=O)[nH]2)cc1,train,train,test,3,3,0.8684211,0.8684211,0.85714287
CCCCc1nc(C(C)C)c(CC(=O)OC)c(=O)n1Cc1ccc(-c2ccccc2-c2noc(=O)[nH]2)cc1,train,train,train,3,3,0.8767123,0.8767123,0.8648649
CCCCc1nc(C(C)C)c(CC(=O)O)c(=O)n1Cc1ccc(-c2ccccc2-c2noc(=O)[nH]2)cc1,test,test,train,3,3,0.8472222,0.8472222,0.8472222
CCCCc1nc(C(C)C)c(CC(=O)OCC)c(=O)n1Cc1ccc(-c2ccccc2-c2noc(=O)[nH]2)cc1,train,train,test,3,3,0.9041096,0.9041096,0.9041096
CCCCC1=NC(C(C)C)=C(CC(=S)N2CCCC2)CN1Cc1ccc(-c2ccccc2-c2noc(=O)[nH]2)cc1,train,train,train,3,3,0.6511628,0.6511628,0.6511628
CCCCC1=NC(C)=C(CC(=S)N(C)C)CN1Cc1ccc(-c2ccccc2-c2nnn[nH]2)cc1,test,test,train,3,3,0.47777778,0.47777778,0.47777778
CCCCc1nc(C2CC2)c(CC(=O)OC(C)C)c(=O)n1Cc1ccc(-c2ccccc2-c2noc(=O)[nH]2)cc1,test,test,train,3,3,0.8666667,0.8666667,0.8666667
CCCCc1nc(C2CC2)c(CC(=O)OC)c(=O)n1Cc1ccc(-c2ccccc2-c2noc(=O)[nH]2)cc1,train,train,train,3,3,0.8108108,0.8108108,0.8666667
CC#CCOC(=O)Cc1c(C)nc(CCCC)n(Cc2ccc(-c3ccccc3-c3noc(=O)[nH]3)cc2)c1=O,train,train,train,3,3,0.8607595,0.8607595,0.8607595
CCCCc1nc(C)c(CC(=O)OCC2CCCCC2)c(=O)n1Cc1ccc(-c2ccccc2-c2noc(=O)[nH]2)cc1,test,test,train,3,3,0.93421054,0.93421054,0.93421054
CCCCc1nc(C)c(CC(=O)OCC2CC2)c(=O)n1Cc1ccc(-c2ccccc2-c2noc(=O)[nH]2)cc1,train,train,train,3,3,0.82051283,0.82051283,0.93421054
CCCCc1nc(C)c(CC(=O)OC2CCCCC2)c(=O)n1Cc1ccc(-c2ccccc2-c2noc(=O)[nH]2)cc1,test,test,train,3,3,0.9324324,0.9324324,0.9324324
C/C(=C\CC[C@]1(C)CCc2cc(O)cc(C)c2O1)CC/C=C(\C)C(=O)O,train,train,train,4,4,0.7758621,0.7758621,0.7966102
COc1cc(C)c2c(c1)CC[C@@](C)(CC/C=C(\C)CC/C=C(\C)C(=O)O)O2,train,train,train,4,4,0.8032787,0.8032787,0.8032787
CCCOC(=O)/C(C)=C/CC/C(C)=C/CC[C@]1(C)CCc2cc(O)cc(C)c2O1,test,test,train,1,1,0.7966102,0.7966102,0.7966102
CCCOc1cc(C)c2c(c1)CC[C@@](C)(CC/C=C(\C)CC/C=C(\C)C(=O)O)O2,train,train,train,1,1,0.8032787,0.8032787,0.8032787
CCCCCCC(Sc1nc2ccc(NC(=O)c3ccc(C(C)(C)C)cc3)cc2s1)C(=O)O,train,train,train,4,4,0.9310345,0.9310345,0.9310345
CCCCCCC(Sc1nc2ccc(NC(=O)c3ccccc3)cc2s1)C(=O)O,train,train,train,4,4,0.86440676,0.86440676,0.86440676
CCCCC(Sc1nc2ccc(NC(=O)c3ccc(C(C)(C)C)cc3)cc2s1)C(=O)O,train,train,train,4,4,0.9310345,0.9310345,0.9310345
CCCCCCC(Sc1nc2ccc(NCc3ccc(C(C)(C)C)cc3)cc2s1)C(=O)O,test,test,train,4,4,0.90163934,0.90163934,0.90163934
CCCCCCC(Sc1nc2ccc(NCc3ccccc3)cc2s1)C(=O)O,train,train,train,4,4,0.852459,0.852459,0.89830506
CCCCCCC(Sc1nc2ccc(NCc3ccc(Cl)cc3)cc2s1)C(=O)O,test,test,train,4,4,0.86885244,0.86885244,0.86885244
CCCCCCC(Sc1nc2ccc(NCc3ccc(C(F)(F)F)cc3)cc2s1)C(=O)O,train,train,train,4,4,0.82258064,0.82258064,0.90163934
CCCCCCC(Sc1nc2ccc(NCc3ccc(-c4ccccc4)cc3)cc2s1)C(=O)O,test,test,train,4,4,0.89830506,0.89830506,0.89830506
CCCCCCC(Sc1nc2ccc(NCc3cccc(Cl)c3)cc2s1)C(=O)O,train,train,train,4,4,0.85714287,0.85714287,0.85714287
CCCCCCC(Sc1nc2ccc(NCc3ccc(Cl)c(Cl)c3)cc2s1)C(=O)O,train,train,train,4,4,0.82539684,0.82539684,0.8548387
CCCCCCC(Sc1nc2ccc(NCc3cc(Cl)cc(Cl)c3)cc2s1)C(=O)O,train,train,train,4,4,0.85714287,0.85714287,0.86885244
CCCCCCC(Sc1nc2ccc(NCc3ccc4ccccc4c3)cc2s1)C(=O)O,train,train,train,4,4,0.852459,0.852459,0.852459
CCCCCCC(Sc1nc2ccc(NS(=O)(=O)c3ccc(C(C)(C)C)cc3)cc2s1)C(=O)O,train,train,train,4,4,0.83076924,0.83076924,0.83076924
CCCCCCC(Sc1nc2ccc(NS(=O)(=O)c3ccc(-c4ccccc4)cc3)cc2s1)C(=O)O,train,train,train,4,4,0.83076924,0.83076924,0.83076924
CCCCCCC(Sc1nc2ccc(NS(=O)(=O)c3ccc(Cl)cc3)cc2s1)C(=O)O,train,train,train,4,4,0.83076924,0.83076924,0.83076924
CCCc1nc2c(F)cccc2n1Cc1ccc(-c2ccccc2C(=O)O)cc1,train,train,train,3,3,0.8035714,0.8035714,0.8035714
CCCc1nc2c(Cl)cccc2n1Cc1ccc(-c2ccccc2C(=O)O)cc1,train,train,train,3,3,0.8181818,0.8181818,0.8035714
CCCc1nc2c(Br)cccc2n1Cc1ccc(-c2ccccc2C(=O)O)cc1,train,train,train,3,3,0.8035714,0.8035714,0.8035714
CCCc1nc2c(C)cccc2n1Cc1ccc(-c2ccccc2C(=O)O)cc1,train,train,test,3,3,0.8181818,0.8181818,0.8181818
CCCc1nc2c(C(F)(F)F)cccc2n1Cc1ccc(-c2ccccc2C(=O)O)cc1,train,train,train,3,3,0.79310346,0.79310346,0.79310346
CCCOc1cc(C)c2c(c1C)C[C@H]([C@H](C)C(=O)O)CC2,test,test,test,1,1,0.30487806,0.30487806,0.30487806
CCCCNC(=O)CN1C(=O)S/C(=C/c2ccc(Cl)cc2)C1=O,test,test,train,1,1,0.66,0.66,0.66
Cc1cccc(Nc2cc(Cl)nc(SC(C)C(=O)O)n2)c1C,test,test,test,4,4,0.754717,0.754717,0.754717
Cc1cccc(Nc2cc(Cl)nc(SC(C)(C)C(=O)O)n2)c1C,train,train,train,4,4,0.6315789,0.6315789,0.6315789
CCC(Sc1nc(Cl)cc(Nc2cccc(C)c2C)n1)C(=O)O,test,test,test,4,4,0.8490566,0.8490566,0.8490566
CCCC(Sc1nc(Cl)cc(Nc2cccc(C)c2C)n1)C(=O)O,train,train,train,4,4,0.8888889,0.8888889,0.8888889
Cc1cccc(Nc2cc(Cl)nc(SC(C(=O)O)c3ccccc3)n2)c1C,train,train,train,4,4,0.78571427,0.78571427,0.78571427
Cc1cccc(Nc2ccnc(SCC(=O)O)n2)c1C,train,train,train,4,4,0.7,0.7,0.7
Cc1cccc(Nc2cc(Br)nc(SCC(=O)O)n2)c1C,train,train,train,4,4,0.7,0.7,0.7
Cc1cccc(Nc2cc(Cl)nc(OCCC(=O)O)n2)c1C,train,train,test,4,4,0.5423729,0.5423729,0.5423729
Cc1ccccc1Nc1cc(Cl)nc(SCC(=O)O)n1,test,test,train,4,4,0.7,0.7,0.7
Cc1cccc(Nc2cc(Cl)nc(SCC(=O)O)n2)c1,train,train,train,4,4,0.6226415,0.6226415,0.7446808
O=C(O)CSc1nc(Cl)cc(Nc2cccc3c2CCC3)n1,train,train,train,4,4,0.9591837,0.9591837,0.9591837
O=C(O)CSc1nc(Cl)cc(Nc2cccc3c2CCCC3)n1,train,train,train,4,4,0.9591837,0.9591837,0.9591837
Cc1c(Cl)ccc(Nc2cc(Cl)nc(SCC(=O)O)n2)c1C,train,train,train,4,4,0.6923077,0.6923077,0.7
Cc1c(Br)ccc(Nc2cc(Cl)nc(SCC(=O)O)n2)c1C,test,test,test,4,4,0.8125,0.8125,0.8125
O=C(O)CSc1nc(Cl)cc(Nc2ccc(Cl)c3c2CCC3)n1,train,train,test,4,4,0.754717,0.754717,0.754717
CC(C)(Oc1ccc(OCCc2ccc(/N=N/c3ccccc3)cc2)cc1)C(=O)O,train,train,train,2,2,1.0,1.0,1.0
CCCCc1nc(C(C)C)c(Cc2nc(C)no2)c(=O)n1Cc1ccc(-c2ccccc2-c2noc(=O)[nH]2)cc1,train,train,train,3,3,0.82894737,0.82894737,0.82894737
CCCCc1nc(C)c(Cc2nc(C(C)(C)C)no2)c(=O)n1Cc1ccc(-c2ccccc2-c2noc(=O)[nH]2)cc1,train,train,train,3,3,0.85333335,0.85333335,0.85333335
CCCCc1nc(C(C)C)c(Cc2nc(C(C)(C)C)no2)c(=O)n1Cc1ccc(-c2ccccc2-c2noc(=O)[nH]2)cc1,train,train,train,3,3,0.85333335,0.85333335,0.85333335
CCCCc1nc(C)c(Cc2nc(C3CC3)no2)c(=O)n1Cc1ccc(-c2ccccc2-c2noc(=O)[nH]2)cc1,train,train,test,3,3,0.85714287,0.85714287,0.85714287
CCCCc1nc(C(C)C)c(Cc2nc(C3CC3)no2)c(=O)n1Cc1ccc(-c2ccccc2-c2noc(=O)[nH]2)cc1,train,train,train,3,3,0.85714287,0.85714287,0.8076923
CCCCc1nc(C)c(Cc2nc(Cc3ccccc3)no2)c(=O)n1Cc1ccc(-c2ccccc2-c2noc(=O)[nH]2)cc1,train,train,test,3,3,0.85714287,0.85714287,0.8552632
CCCCc1nc(C(C)C)c(Cc2nc(Cc3ccccc3)no2)c(=O)n1Cc1ccc(-c2ccccc2-c2noc(=O)[nH]2)cc1,train,train,train,3,3,0.92,0.92,0.92
CCCCc1nc(C)c(Cc2nc(Cc3ccc(F)cc3)no2)c(=O)n1Cc1ccc(-c2ccccc2-c2noc(=O)[nH]2)cc1,test,test,test,3,3,0.9166667,0.9166667,0.9066667
CCCCc1nc(C(C)C)c(Cc2nc(Cc3ccc(F)cc3)no2)c(=O)n1Cc1ccc(-c2ccccc2-c2noc(=O)[nH]2)cc1,train,train,train,3,3,0.92,0.92,0.92
CCCCc1nc(C)c(Cc2nc(C(C)C)no2)c(=O)n1Cc1ccc(-c2ccccc2-c2noc(=O)[nH]2)cc1,train,train,train,3,3,0.81333333,0.81333333,0.81333333
CCCCc1nc(C)c(Cc2nc(Cc3cccc(F)c3)no2)c(=O)n1Cc1ccc(-c2ccccc2-c2noc(=O)[nH]2)cc1,train,train,test,3,3,0.85714287,0.85714287,0.8974359
CCCCc1nc(C)c(Cc2nc(Cc3cc(F)cc(F)c3)no2)c(=O)n1Cc1ccc(-c2ccccc2-c2noc(=O)[nH]2)cc1,test,test,train,3,3,0.8974359,0.8974359,0.7875
CCCCc1nc(C)c(Cc2nc(CCOC)no2)c(=O)n1Cc1ccc(-c2ccccc2-c2noc(=O)[nH]2)cc1,train,train,train,3,3,0.8918919,0.8918919,0.7875
CCCCc1nc(C)c(Cc2nc(COC)no2)c(=O)n1Cc1ccc(-c2ccccc2-c2noc(=O)[nH]2)cc1,train,train,test,3,3,0.8918919,0.8918919,0.8918919
CNC(=O)[C@H]1O[C@@H](n2cnc3c(NCc4cccc(I)c4)nc(Cl)nc32)[C@H](O)[C@@H]1O,train,train,train,4,4,0.7083333,0.7083333,0.7083333
CNC(=O)[C@H]1S[C@@H](n2cnc3c(NCc4cccc(I)c4)nc(Cl)nc32)[C@H](O)[C@@H]1O,train,train,train,4,4,0.7083333,0.7083333,0.7083333
C=C[C@@H](O)C#CC#C[C@@H](O)/C=C\CCCCCCC,train,train,train,1,1,0.453125,0.453125,0.453125
CCCCCC1=CC(=O)C2=C(OC(C)(C)c3ccc(C)cc32)C1=O,train,train,test,1,1,0.359375,0.359375,0.41269842
C=C(C)[C@@H]1CCC(C)=C[C@H]1C1=C(O)C(=O)C(CCCCC)=CC1=O,train,train,test,1,1,0.41935483,0.41935483,0.41935483
CCCCCC1=CC(=O)C2=C(OC(C)(CCC=C(C)C)C=C2)C1=O,test,test,train,1,1,0.4516129,0.4516129,0.4516129
CCCCCC1=CC(=O)C(C/C=C(\C)CCC=C(C)C)=C(O)C1=O,train,train,train,1,1,0.41935483,0.41935483,0.4516129
CCCCCc1cc(O)c(C/C=C(\C)CCC=C(C)C)c(O)c1,test,test,test,1,1,0.5416667,0.5416667,0.5416667
COc1cc(CCC[C@H]2OC(=O)NC2=O)ccc1OCc1nc(-c2ccco2)oc1C,test,test,test,0,0,0.40449437,0.40449437,0.40449437
N[C@@H](Cc1cc(I)c(Oc2cc(I)c(O)c(I)c2)c(I)c1)C(=O)O,train,train,train,2,2,0.74418604,0.74418604,0.70454544
N[C@@H](Cc1cc(I)c(Oc2ccc(O)c(I)c2)c(I)c1)C(=O)O,train,train,test,2,2,0.74418604,0.74418604,0.74418604
N[C@@H](Cc1ccc(Oc2cc(I)c(O)c(I)c2)c(I)c1)C(=O)O,train,train,train,2,2,0.70454544,0.70454544,0.70454544
O=C(O)Cc1cc(I)c(Oc2cc(I)c(O)c(I)c2)c(I)c1,test,test,test,4,4,0.8108108,0.8108108,0.8108108
O=C(O)Cc1cc(I)c(Oc2ccc(O)c(I)c2)c(I)c1,train,train,train,4,4,0.65909094,0.65909094,0.59090906
N[C@@H](Cc1cc(Br)c(Oc2cc(I)c(O)c(I)c2)c(I)c1)C(=O)O,test,test,test,2,2,0.8333333,0.8333333,0.8333333
O=C(O)Cc1cc(Br)c(Oc2cc(I)c(O)c(I)c2)c(I)c1,train,train,train,4,4,0.59090906,0.59090906,0.59090906
