smiles,split_shipped,split_R0_from_D0,split_R2_from_D2,cluster_D0,cluster_D2,nn_ecfp4_sim_to_train_shipped,nn_ecfp4_sim_to_train_R0,nn_ecfp4_sim_to_train_R2
COc1ccc(NC(=O)c2ccc(-c3ccc(-c4noc(C)n4)cc3C)cc2)cc1N1CCN(C)CC1,train,train,train,2,2,0.68,0.68,0.68
Nc1cccc(-c2ccc(CCN3CCN(c4cccc5cccnc45)CC3)cc2)n1,train,train,train,1,1,0.52238804,0.52238804,0.52238804
COc1ccc(NS(=O)(=O)c2ccc(Br)cc2)cc1N1CCN(C)CC1,test,test,test,2,2,0.546875,0.546875,0.546875
COc1ccc(NS(=O)(=O)c2sc3ccc(Cl)cc3c2C)cc1N1CCN(C)CC1,train,train,train,2,2,0.71428573,0.71428573,0.71428573
CN1CCc2cccc3c2[C@H]1Cc1cccc(-c2ccccc2)c1-3,train,train,train,0,0,0.7209302,0.7209302,0.7209302
CCCN1C[C@H](CSC)C[C@@H]2c3cccc4[nH]cc(c34)C[C@H]21,train,train,test,0,0,0.369863,0.369863,0.369863
CCN(CC)C(=O)N[C@H]1C=C2c3cccc4[nH]cc(c34)C[C@H]2N(C)C1,train,train,train,4,4,0.75,0.75,0.75
CN[C@@H]1Cc2cccc3[nH]c(=O)n(c23)C1,test,test,train,0,0,0.35714287,0.35714287,0.31034482
CC(C)C[C@H]1C(=O)N2CCC[C@H]2[C@]2(O)O[C@](NC(=O)[C@@H]3C=C4c5cccc6[nH]c(Br)c(c56)C[C@H]4N(C)C3)(C(C)C)C(=O)N12,train,train,train,0,0,0.5181818,0.5181818,0.36
CCCN(CCC)CCc1cccc2c1CC(=O)N2,test,test,test,1,1,0.45238096,0.45238096,0.45238096
CN(C)[C@@H]1Cc2cccc3nc(O)n(c23)C1,train,train,train,3,3,0.7111111,0.7111111,0.7111111
CCCN[C@@H]1Cc2cccc3nc(O)n(c23)C1,train,train,test,0,0,0.60784316,0.60784316,0.60784316
O=C1CC2(CCCC2)CC(=O)N1CCCCN1CCN(c2ncccn2)CC1,train,train,train,1,1,0.73333335,0.73333335,0.73333335
COc1cccc(OC)c1O[C@@H]1CCC(NCC2COc3ccccc3O2)C1O,train,train,train,2,2,0.8490566,0.8490566,0.8490566
COc1ccccc1O[C@@H]1CCC(NCC2COc3ccccc3O2)C1O,train,train,train,2,2,0.8490566,0.8490566,0.8490566
COc1ccccc1N1CCN(CCN2C(=O)CC3(CCCC3)CC2=O)CC1,test,test,train,2,2,0.78431374,0.78431374,0.78431374
CN(C)CCCN1c2ccccc2Sc2ccc(Cl)cc21,train,train,train,1,1,0.42592594,0.42592594,0.42592594
COc1ccc2occ3c2c1[C@H](CN)CC3,train,train,train,2,2,0.6122449,0.6122449,0.6122449
COc1ccc(NS(=O)(=O)c2sc3ccc(Cl)cc3c2C)cc1N1CCN2CCCCC2C1,train,train,train,0,0,0.71428573,0.71428573,0.71428573
COc1cc(Br)c2c3c1C[C@H](N)C[C@@H]3CO2,train,train,train,2,2,0.29508197,0.29508197,0.29508197
COc1cc(Br)c2occ3c2c1[C@H](CN)CC3,train,train,train,2,2,0.6122449,0.6122449,0.6122449
CCN(CC)C(=O)[C@@H]1C=C2c3cccc4[nH]cc(c34)C[C@H]2N(C)C1,train,train,train,4,4,0.75,0.75,0.75
CCCCCCCCCOc1ccc2[nH]cc(CCN)c2c1,train,train,train,4,4,1.0,1.0,1.0
O=C1Nc2ccc(Cl)c3c2C1(CCCCN1CC=C(c2ccc(Cl)cc2)CC1)CCC3,test,test,test,1,1,0.4520548,0.4520548,0.4520548
NCCc1c[nH]c2ccc(O)cc12,train,train,test,4,4,0.61538464,0.61538464,0.6216216
CS(=O)(=O)Oc1ccc2c(c1)CN(CC[C@H]1CC[C@H](NC(=O)/C=C/c3ccc(F)cc3)CC1)C2,train,train,train,0,0,0.31578946,0.31578946,0.31578946
CCCCN(CCC)C1Cc2cccc3nc(O)n(c23)C1,test,test,test,3,3,0.9111111,0.9111111,0.9111111
CCCN(CCC)C1Cc2cccc3c2n(c(=O)n3C)C1,train,train,train,0,0,0.5849057,0.5849057,0.5849057
Oc1nc2cccc3c2n1CC(N(CC1CC1)CC1CC1)C3,train,train,train,0,0,0.7083333,0.7083333,0.7083333
CCCN(CCC)C1Cc2cccc3c2N(C1)C(=O)C3,train,train,train,0,0,0.7906977,0.7906977,0.7906977
CCCN(CCC)C1Cc2cccc3c2N(C1)C(=O)CC3,train,train,train,0,0,0.7906977,0.7906977,0.7906977
CCCN(CCC)C1Cc2cccc3ncc(=O)n(c23)C1,train,train,train,0,0,0.64705884,0.64705884,0.64705884
CCCN(CCC)C1Cc2cccc3c2N(C1)C(=O)C3=O,train,train,train,0,0,0.67391306,0.67391306,0.67391306
CCCN(CCC)C1Cc2cccc3c2N(C1)C(=O)CN3,train,train,train,0,0,0.70212764,0.70212764,0.70212764
CCCN(CCC)C1Cc2cccc3nc(SC)n(c23)C1,train,train,train,3,3,0.71428573,0.71428573,0.71428573
CCCN(CCC)C1Cc2cccc3ncn(c23)C1,train,train,train,0,0,0.64,0.64,0.64
CNc1nc(Cl)c(SC)c(N2CCN(C)CC2)n1,test,test,test,1,1,0.6666667,0.6666667,0.6666667
CN1CCN(c2nc3ccccc3c(Cl)c2Sc2ccccc2)CC1,train,train,train,1,1,0.6,0.6,0.6
Cc1nc(Cl)c(Sc2ccc(Cl)cc2)c(NC2CCN(Cc3ccccc3)CC2)n1,train,train,train,0,0,0.47457626,0.47457626,0.47457626
Cc1nc(Cl)c(Sc2ccc(Cl)cc2)c(N2CCN(C)CC2)n1,train,train,train,1,1,0.6122449,0.6122449,0.6122449
CNc1nc(Cl)c(Sc2ccccc2)c(N2CCN(C)CC2)n1,train,train,train,1,1,0.6122449,0.6122449,0.6122449
C=CCN1C[C@H]2c3c(cccc3OC)CC[C@H]21,train,train,train,2,2,0.7111111,0.7111111,0.7111111
C[C@H]1C[C@H](c2cc3ccccc3s2)CCN1C[C@H](O)COc1cccc2[nH]ccc12,train,train,test,0,0,0.85714287,0.85714287,0.86764705
Cc1cc(C)c2cc([C@@H]3CCN(C[C@H](O)COc4cccc5[nH]ccc45)[C@@H](C)C3)sc2c1,train,train,test,0,0,0.8695652,0.8695652,0.8695652
COc1cc2nc(N(C)CCCCCCN(C)C(=O)c3cccc(CN(C)C)c3)nc(N)c2cc1OC,train,train,train,2,2,0.26760563,0.26760563,0.26760563
C=CCN1C[C@H]2c3c(O)cccc3CC[C@H]21,train,train,train,0,0,0.7111111,0.7111111,0.7111111
C[C@H]1C[C@H](c2cc3c(F)cccc3s2)CCN1C[C@H](O)COc1cccc2[nH]ccc12,test,test,train,0,0,0.8939394,0.8939394,0.8939394
CCCN(CCC)[C@@H]1Cc2cccc3c2N(CC(=O)N3)C1,train,train,train,0,0,0.6037736,0.6037736,0.6037736
Oc1cccc2c1C[C@H]1CCN(CC3CC3)[C@@H]1C2,train,train,train,0,0,0.36,0.36,0.36
C[C@H]1C[C@H](c2cc3ccc(Cl)cc3s2)CCN1C[C@H](O)COc1cccc2[nH]ccc12,train,train,train,0,0,0.8873239,0.8873239,0.8873239
COc1ccc2cc([C@@H]3CCN(C[C@H](O)COc4cccc5[nH]ccc45)[C@@H](C)C3)sc2c1,train,train,test,0,0,0.8243243,0.8243243,0.85915494
C[C@H]1C[C@H](c2cc3c(C(F)(F)F)cccc3s2)CCN1C[C@H](O)COc1cccc2[nH]ccc12,train,train,test,0,0,0.8309859,0.8309859,0.8428571
CN(C)CCc1c[nH]c2ccc(CS(=O)(=O)N(C)Cc3ccc(CN(C)S(=O)(=O)Cc4ccc5[nH]cc(CCN(C)C)c5c4)cc3)cc12,train,train,train,4,4,0.6304348,0.6304348,0.537037
C[C@H]1C[C@H](c2cc3cc(Cl)ccc3s2)CCN1C[C@H](O)COc1cccc2[nH]ccc12,train,train,train,0,0,0.8873239,0.8873239,0.8873239
CCCN(CCC)[C@@H]1Cc2cccc3nc(O)n(c23)C1,train,train,train,3,3,0.71428573,0.71428573,0.71428573
Cc1cccc2sc([C@@H]3CCN(C[C@H](O)COc4cccc5[nH]ccc45)[C@@H](C)C3)cc12,train,train,train,0,0,0.8695652,0.8695652,0.8939394
C[C@H]1C[C@H](c2cc3ccc(F)cc3s2)CCN1C[C@H](O)COc1cccc2[nH]ccc12,test,test,train,0,0,0.87142855,0.87142855,0.87142855
CCCN[C@@H]1CCc2c(OC)cccc2[C@@H]1C,train,train,train,2,2,0.56,0.56,0.56
CCN(CC)C(=O)N[C@@H]1C[C@@H]2c3cccc4c3C(=CC4)C[C@H]2N(C)C1,train,train,train,0,0,0.38666666,0.38666666,0.3918919
Cc1[nH]c2cccc3c2c1C[C@@H]1C3C[C@H](NC(=O)C(C)(C)C)CN1C,test,test,train,0,0,0.80701756,0.80701756,0.80701756
C[C@H]1C[C@H](c2cc3cccc(F)c3s2)CCN1C[C@H](O)COc1cccc2[nH]ccc12,train,train,train,0,0,0.82857144,0.82857144,0.8142857
COc1ccc2sc([C@@H]3CCN(C[C@H](O)COc4cccc5[nH]ccc45)[C@@H](C)C3)cc2c1OC,train,train,test,0,0,0.8055556,0.8055556,0.8169014
COc1cccc2sc([C@H]3C[C@@H]4CC[C@H](C3)N4C[C@H](O)COc3cccc4[nH]ccc34)cc12,train,train,train,0,0,0.7761194,0.7761194,0.7297297
CN1C[C@@H](NC(=O)C(C)(C)C)CC2c3cccc4[nH]c(Cl)c(c34)C[C@H]21,train,train,train,0,0,0.38666666,0.38666666,0.80701756
CCCN1C[C@H]2c3c(cccc3OC)CC[C@H]21,train,train,train,2,2,0.70212764,0.70212764,0.70212764
COc1cccc2c1O[C@@H](CN1[C@H]3CC[C@@H]1C[C@@](O)(c1csc4ccccc14)C3)CO2,test,test,test,2,2,0.7741935,0.7741935,0.84615386
COc1cccc(N2CCN(C(=O)COc3ccc4[nH]cc(CCN)c4c3)CC2)c1,train,train,train,4,4,0.7619048,0.7619048,0.81666666
COc1ccc2[nH]c(-c3ccccc3)c(CCN(C)C)c2c1,train,train,train,2,2,0.5208333,0.5208333,0.6818182
COc1cccc2c1O[C@@H](CN1C3C=C(n4ccc5cc(F)ccc54)CC1CC3)CO2,test,test,train,2,2,0.6,0.6,0.6
NCCc1c[nH]c2ccc(OCCCC(=O)N3CCN(c4ccc([N+](=O)[O-])cc4)CC3)cc12,train,train,train,4,4,0.95238096,0.95238096,0.95238096
CS(=O)(=O)NCc1ccc(N2CCN(C(=O)COc3ccc4[nH]cc(CCN)c4c3)CC2)cc1,train,train,train,4,4,0.77272725,0.77272725,0.79710144
CCOc1cccc2c1O[C@@H](CN1[C@H]3CC[C@@H]1C[C@@](O)(c1ccc4ccccc4c1)C3)CO2,train,train,train,0,0,0.8032787,0.8032787,0.83870965
CCOc1cccc2c1O[C@@H](CN1[C@H]3CC[C@@H]1C[C@@](O)(c1ccccc1)C3)CO2,train,train,train,0,0,0.8214286,0.8214286,0.8214286
COc1cccc2c1O[C@@H](CN1[C@H]3CC[C@@H]1C[C@@](O)(c1cccc(C(F)(F)F)c1)C3)CO2,train,train,train,2,2,0.84375,0.84375,0.7704918
OC(CNCCCCCCN1CC[C@H](c2ccc(F)cc2)[C@@H](COc2ccc3c(c2)OCO3)C1)COc1cccc2[nH]ccc12,train,train,train,0,0,0.42708334,0.42708334,0.84705883
NCCc1c[nH]c2ccc(OCC(=O)N3CCN(c4ccccc4CN)CC3)cc12,train,train,train,4,4,0.8196721,0.8196721,0.8196721
COc1ccc2[nH]c(C)c(CCN(C)C)c2c1,test,test,train,4,4,0.6818182,0.6818182,0.6818182
CCOc1cccc2c1O[C@@H](CN1[C@H]3CC[C@@H]1C[C@@](O)(c1csc4ccccc14)C3)CO2,test,test,train,0,0,0.73846155,0.73846155,0.73846155
OC(CNCCCCCCN1CC[C@H](c2ccc(F)cc2)[C@@H](COc2ccc3c(c2)OCO3)C1)COc1cccc2ccccc12,test,test,train,0,0,0.84705883,0.84705883,0.84705883
NCCc1c[nH]c2ccc(OCC(=O)N3CCN(c4ccc([N+](=O)[O-])cc4)CC3)cc12,test,test,train,4,4,0.83076924,0.83076924,0.83076924
NCCc1c[nH]c2ccc(OS(=O)(=O)C(F)(F)F)cc12,train,train,train,4,4,0.7173913,0.7173913,0.7173913
NCCc1c[nH]c2ccc(OCCCCCC(=O)N3CCN(c4ccc(N)cc4)CC3)cc12,train,train,train,4,4,1.0,1.0,1.0
OC(CNCCC(Oc1ccc(C(F)(F)F)cc1)c1ccccc1)COc1ccccc1C1CCCC1,train,train,test,0,0,0.6666667,0.6666667,0.6666667
NCCc1c[nH]c2ccc(OCC(=O)N3CCN(c4ccccc4)CC3)cc12,test,test,train,4,4,0.85714287,0.85714287,0.85714287
COc1ccccc1[C@@]1(O)C[C@@H]2CC[C@H](C1)N2C[C@H]1COc2cccc(OC)c2O1,train,train,train,2,2,0.8363636,0.8363636,0.8363636
CCOc1cccc2c1O[C@@H](CN1[C@H]3CC[C@@H]1C[C@@](O)(c1cccc(C(F)(F)F)c1)C3)CO2,train,train,test,0,0,0.84375,0.84375,0.84375
COc1cccc2c1O[C@@H](CN1[C@H]3CC[C@@H]1C[C@@](O)(c1ccccc1)C3)CO2,train,train,train,2,2,0.8363636,0.8363636,0.8363636
Cc1ccccc1N1CCN(C(=O)COc2ccc3[nH]cc(CCN)c3c2)CC1,train,train,train,4,4,0.8196721,0.8196721,0.8196721
NCCc1c[nH]c2ccc(OCC(=O)N3CCN(c4ccc(NC(=O)c5ccccc5)cc4)CC3)cc12,train,train,test,4,4,0.80597013,0.80597013,0.80597013
CC(C)NC[C@H](O)COc1cccc2[nH]ccc12,train,train,train,0,0,0.7777778,0.7777778,0.7777778
NCCc1c[nH]c2ccc(OCC(=O)N3CCN(c4ccc(CN)cc4)CC3)cc12,train,train,train,4,4,0.8596491,0.8596491,0.8596491
COc1cccc2c1O[C@@H](CN1[C@H]3CC[C@@H]1C[C@@](O)(c1ccc4ccccc4c1)C3)CO2,test,test,train,2,2,0.83870965,0.83870965,0.83870965
CCCN(CCC)CCc1c[nH]c2ccc(OS(=O)(=O)C(F)(F)F)cc12,train,train,train,4,4,0.85106385,0.85106385,0.7708333
NCCc1c[nH]c2ccc(OCCCCCC(=O)N3CCN(c4ccc([N+](=O)[O-])cc4)CC3)cc12,test,test,train,4,4,1.0,1.0,1.0
NCCc1c[nH]c2ccc(OCC(=O)N3CCN(c4ccc(N)cc4)CC3)cc12,train,train,train,4,4,0.8596491,0.8596491,0.8596491
NCCc1c[nH]c2ccc(OCC(=O)N3CCN(c4cccc5ccccc45)CC3)cc12,train,train,train,4,4,0.8196721,0.8196721,0.8196721
CN(C)CCc1c[nH]c2ccc(OS(=O)(=O)C(F)(F)F)cc12,train,train,train,4,4,0.78723407,0.78723407,0.7708333
NCCc1c[nH]c2ccc(OCCCCC(=O)N3CCN(c4ccc(N)cc4)CC3)cc12,train,train,train,4,4,1.0,1.0,1.0
CS(=O)(=O)NCc1ccccc1N1CCN(C(=O)COc2ccc3[nH]cc(CCN)c3c2)CC1,train,train,train,4,4,0.7761194,0.7761194,0.7761194
CCc1[nH]c2ccc(OC)cc2c1CCN(C)C,test,test,test,4,4,0.65217394,0.65217394,0.71428573
COc1cccc2c1O[C@@H](CN1C3C=C(c4cccc5ccccc45)CC1CC3)CO2,train,train,train,2,2,0.7761194,0.7761194,0.6
COc1cccc2c1O[C@@H](CN1C3C=C(c4cccc5cccnc45)CC1CC3)CO2,train,train,test,2,2,0.7761194,0.7761194,0.7761194
CCN(CC)CCc1c[nH]c2ccc(OS(=O)(=O)C(F)(F)F)cc12,train,train,test,4,4,0.85106385,0.85106385,0.85106385
NCCc1c[nH]c2ccc(OCCCCC(=O)N3CCN(c4ccc([N+](=O)[O-])cc4)CC3)cc12,train,train,train,4,4,0.95238096,0.95238096,1.0
COc1cccc2c1O[C@@H](CN1[C@H]3CC[C@@H]1C[C@@](O)(c1ccccn1)C3)CO2,train,train,test,2,2,0.85,0.85,0.85
CCOc1cccc2c1O[C@@H](CN1[C@H]3CC[C@@H]1C[C@@](O)(c1ccccn1)C3)CO2,train,train,train,0,0,0.85,0.85,0.8
OC(CNCCCCCCNCCC(Oc1ccc(C(F)(F)F)cc1)c1ccccc1)COc1cccc2ccccc12,train,train,train,2,2,0.6666667,0.6666667,0.4105263
COc1ccc(CNC(=O)/C=C/c2ccc3[nH]cc(CCN(C)C)c3c2)cc1,test,test,train,4,4,0.5614035,0.5614035,0.50793654
CS(=O)(=O)Nc1ccc(N2CCN(C(=O)COc3ccc4[nH]cc(CCN)c4c3)CC2)cc1,test,test,train,4,4,0.82608694,0.82608694,0.82608694
CS(=O)(=O)Nc1ccc(N2CCN(C(=O)CCCCCOc3ccc4[nH]cc(CCN)c4c3)CC2)cc1,train,train,train,4,4,0.7794118,0.7794118,0.82608694
N#Cc1ccccc1N1CCN(C(=O)COc2ccc3[nH]cc(CCN)c3c2)CC1,train,train,train,4,4,0.7936508,0.7936508,0.7936508
O=C(NCCN1CCN(c2cccc3c2OCC(CO)O3)CC1)c1ccc(F)cc1,train,train,train,1,1,0.5538462,0.5538462,0.54285717
NCCc1c[nH]c2ccc(OCC(=O)N3CCN(c4ccccc4[N+](=O)[O-])CC3)cc12,train,train,train,4,4,0.7692308,0.7692308,0.7692308
O=C(N[C@@H](Cc1ccccc1)CN1CCN(c2nsnc2Cl)CC1)C1CCCCC1,train,train,train,1,1,0.6769231,0.6769231,0.67164177
CN(C(=O)C1CCCCC1)[C@H](Cc1ccccc1)CN1CCN(c2nsnc2Cl)CC1,train,train,train,1,1,0.796875,0.796875,0.796875
O=C(N[C@@H](Cc1ccccc1)CN1CCN(c2nsnc2Cl)CC1)c1ccncc1,train,train,test,1,1,0.6769231,0.6769231,0.6769231
COc1nsnc1N1CCN(C[C@@H](Cc2ccccc2)N(C)C(=O)c2ccccc2)CC1,train,train,train,1,1,0.74603176,0.74603176,0.74603176
CCCN1CC[C@H]2c3c(ccc4ccoc34)CC[C@H]21,train,train,test,0,0,0.44642857,0.44642857,0.44642857
CCCN(CCC)C1CCc2c(ccc3ccoc23)C1,train,train,test,0,0,0.81395346,0.81395346,0.81395346
CCCN(CCC)C1CCc2c(O)cccc2C1,train,train,train,0,0,0.627907,0.627907,0.627907
CCCN(CCC)C1CCc2ccc3occc3c2C1,train,train,train,0,0,0.65957445,0.65957445,0.65957445
CCCN(CCC)C1CCc2ccc3ccoc3c2C1,train,train,train,0,0,0.81395346,0.81395346,0.65957445
COc1nsnc1N1CCN(C[C@@H](Cc2ccccc2)N(C)C(=O)C2CCCCC2)CC1,train,train,train,1,1,0.796875,0.796875,0.796875
COc1nsnc1N1CCN(C[C@@H](Cc2cccnc2)NC(=O)C2(C)CCCCC2)CC1,train,train,train,1,1,0.4878049,0.4878049,0.4878049
CCCN(CCC)C1CCc2ccc(O)cc2C1,train,train,train,0,0,0.5813953,0.5813953,0.5813953
CCCN(CCC)[C@@H]1CCc2c(ccc3ccoc23)[C@@H]1C,test,test,test,0,0,0.58,0.58,0.54901963
O=C(NCCCCN1CCN(c2cccc(Cl)c2Cl)CC1)c1cc2ccccc2s1,train,train,test,1,1,0.8333333,0.8333333,0.8333333
COc1ccccc1N1CCN(CCCCNC(=O)c2ccc3ccccc3c2)CC1,train,train,train,2,2,0.98,0.98,0.98
COc1ccccc1N1CCN(CCCCNC(=O)c2cccn3nccc23)CC1,train,train,test,2,2,0.7076923,0.7076923,0.8333333
COc1ccccc1N1CCN(CCCCNC(=O)c2ccn3nccc3c2)CC1,train,train,train,2,2,0.7076923,0.7076923,0.7619048
COc1ccccc1N1CCN(CCCCNC(=O)c2ccc3ccnn3c2)CC1,test,test,train,2,2,0.7619048,0.7619048,0.7619048
COc1ccccc1N1CCN(CCCCNC(=O)c2cnn3ccccc23)CC1,test,test,train,2,2,0.8333333,0.8333333,0.6666667
COc1ccccc1N1CCN(CCCCNC(=O)c2cc3ccccc3s2)CC1,train,train,train,2,2,0.7619048,0.7619048,0.85
COc1ccccc1N1CCN(CCCCNC(=O)c2cccc3ccnn23)CC1,train,train,train,2,2,0.6818182,0.6818182,0.6923077
COc1ccccc1N1CCN(CCCCNC(=O)c2cc3ccccn3n2)CC1,train,train,train,2,2,0.7076923,0.7076923,0.7076923
COc1ccccc1N1CCN(CCCCNC(=O)c2cc3ccccc3o2)CC1,test,test,test,2,2,0.8196721,0.8196721,0.7619048
NCCc1c[nH]c2ccc(OCCNC(=O)COc3ccc4[nH]cc(CCN)c4c3)cc12,train,train,train,4,4,0.85106385,0.85106385,0.85106385
CCCN(CCC)[C@H]1CCc2c(F)ccc(O)c2C1,train,train,train,0,0,0.627907,0.627907,0.627907
O=C1c2ccccc2CCCN1CCN1CCC(n2c(O)nc3cc(F)ccc32)CC1,train,train,train,0,0,0.33734939,0.33734939,0.32954547
NCCc1c[nH]c2ccc(OCC(=O)N3CCC(C4CCN(C(=O)COc5ccc6[nH]cc(CCN)c6c5)CC4)CC3)cc12,test,test,train,4,4,0.85714287,0.85714287,0.85714287
NCCc1c[nH]c2ccc(OCCCCCCOc3ccc4[nH]cc(CCN)c4c3)cc12,train,train,train,4,4,0.9117647,0.9117647,0.9117647
CN1CCc2ccc3c4c2[C@H]1Cc1cccc(c1-4)C3,train,train,train,0,0,0.61904764,0.61904764,0.61904764
NCCc1c[nH]c2ccc(OCCCCCCNS(=O)(=O)c3ccc(-c4ccc(S(=O)(=O)NCCCCCCOc5ccc6[nH]cc(CCN)c6c5)cc4)cc3)cc12,train,train,train,4,4,0.66,0.66,0.66
CN1CCc2cccc3c2[C@H]1Cc1ccccc1-3,train,train,train,0,0,0.71794873,0.71794873,0.71794873
NCCc1c[nH]c2ccc(OCC(=O)NCCCNC(=O)COc3ccc4[nH]cc(CCN)c4c3)cc12,train,train,train,4,4,0.85106385,0.85106385,0.85106385
Cc1cccc2c1-c1cccc3c1[C@@H](C2)N(C)CC3,train,train,train,0,0,0.75,0.75,0.75555557
NCCc1c[nH]c2ccc(OCC(=O)Nc3ccc(NC(=O)COc4ccc5[nH]cc(CCN)c5c4)cc3)cc12,train,train,train,4,4,0.75510204,0.75510204,0.75510204
NCCc1c[nH]c2ccc(OCc3ccccc3COc3ccc4[nH]cc(CCN)c4c3)cc12,train,train,train,4,4,0.7619048,0.7619048,0.775
NCCc1c[nH]c2ccc(OCCOc3ccc4[nH]cc(CCN)c4c3)cc12,train,train,train,4,4,0.9117647,0.9117647,0.9117647
NCCc1c[nH]c2ccc(OCCN3CCN(C(=O)COc4ccc5[nH]cc(CCN)c5c4)CC3)cc12,train,train,test,4,4,0.84313726,0.84313726,0.84313726
NCCc1c[nH]c2ccc(OCc3cccc(COc4ccc5[nH]cc(CCN)c5c4)c3)cc12,train,train,train,4,4,0.7619048,0.7619048,0.825
NCCc1c[nH]c2ccc(OCC(=O)N3CCN(C(=O)COc4ccc5[nH]cc(CCN)c5c4)CC3)cc12,train,train,train,4,4,0.84313726,0.84313726,0.85714287
NCCc1c[nH]c2ccc(OCc3ccc(COc4ccc5[nH]cc(CCN)c5c4)cc3)cc12,test,test,train,4,4,0.825,0.825,0.825
NCCc1c[nH]c2ccc(OCCNC(=O)NCCOc3ccc4[nH]cc(CCN)c4c3)cc12,train,train,train,4,4,0.82978725,0.82978725,0.82978725
NCCc1c[nH]c2ccc(OCCN3CCN(CCOc4ccc5[nH]cc(CCN)c5c4)CC3)cc12,train,train,train,4,4,0.78431374,0.78431374,0.75609756
NCCc1c[nH]c2ccc(OCC(=O)Nc3ccc(N4CCN(C(=O)COc5ccc6[nH]cc(CCN)c6c5)CC4)cc3)cc12,train,train,train,4,4,0.80597013,0.80597013,0.8032787
[N-]=[N+]=Nc1cccc(CCN2CCN(c3cccc(C(F)(F)F)c3)CC2)c1,test,test,test,1,1,0.71929824,0.71929824,0.71929824
Nc1ccc(CCN2CCN(c3cccc(C(F)(F)F)c3)CC2)cc1I,test,test,test,1,1,0.7346939,0.7346939,0.7346939
CCN(CC)CCc1c[nH]c2ccccc12,train,train,train,4,4,0.7058824,0.7058824,0.7058824
CCN(CC)CCc1c[nH]c2ccc(OC)cc12,train,train,train,4,4,0.75,0.75,0.6585366
[N-]=[N+]=Nc1ccc(CCN2CCN(c3cccc(C(F)(F)F)c3)CC2)cc1I,train,train,train,1,1,0.5964912,0.5964912,0.5964912
CN(C)CCc1c[nH]c2cc(F)cc(O)c12,train,train,test,4,4,0.54545456,0.54545456,0.54545456
CCN(CC)CCc1c[nH]c2cc(F)ccc12,train,train,train,4,4,0.64102566,0.64102566,0.64102566
COc1cc2c(CCN(C)C)c[nH]c2cc1F,train,train,train,4,4,0.59090906,0.59090906,0.5652174
Nc1cccc(CCN2CCN(c3cccc(C(F)(F)F)c3)CC2)c1,train,train,train,1,1,0.6415094,0.6415094,0.5964912
CCN(CC)CCc1c[nH]c2cccc(O)c12,train,train,train,4,4,0.65789473,0.65789473,0.65789473
CN(C)CCc1c[nH]c2c(F)ccc(O)c12,train,train,train,4,4,0.54545456,0.54545456,0.45833334
N#Cc1cc(CN2CCN(c3ccccc3)CC2)c[nH]1,train,train,train,1,1,0.5102041,0.5102041,0.5102041
CCc1ccc2[nH]cc(CCN(C)C)c2c1,train,train,test,4,4,0.63414633,0.63414633,0.68421054
CCCCCOc1ccc2[nH]cc(CCN)c2c1,train,train,train,4,4,1.0,1.0,1.0
CCCCCCCCCOc1ccc2[nH]cc(CCN(C)C)c2c1,train,train,test,4,4,0.73333335,0.73333335,0.73333335
CCCCCCCCCOc1ccc2[nH]cc(CCNCCCC)c2c1,train,train,test,4,4,0.7173913,0.7173913,0.7173913
C#Cc1c[nH]c(CN2CCN(c3ccccc3)CC2)c1,train,train,train,1,1,0.5102041,0.5102041,0.5102041
CCCOc1ccc2[nH]cc(CCN)c2c1,train,train,test,4,4,0.85,0.85,0.85
c1ccc(-c2c[nH]c(CN3CCN(c4ccccc4)CC3)c2)cc1,test,test,test,1,1,0.6511628,0.6511628,0.6511628
COc1ccc2[nH]cc(CCN)c2c1,train,train,train,4,4,0.7297297,0.7297297,0.7297297
CC(C)(C)CCCCCCCOc1ccc2[nH]cc(CCN)c2c1,train,train,train,4,4,1.0,1.0,1.0
CC(C)(C)CCCCCCOc1ccc2[nH]cc(CCN)c2c1,train,train,train,4,4,1.0,1.0,1.0
O=C1Nc2cccc3c2C1(CCCCN1CCc2sccc2C1)CCC3,train,train,train,1,1,0.56578946,0.56578946,0.56578946
NCCc1c[nH]c2ccc(OCCCCC3CCCCC3)cc12,train,train,test,4,4,0.73333335,0.73333335,0.73333335
CCCCCCCCC(=O)Oc1ccc2[nH]cc(CCN(C)C)c2c1,train,train,test,4,4,0.6862745,0.6862745,0.7916667
CCCCCCCOc1ccc2[nH]cc(CCN)c2c1,test,test,train,4,4,1.0,1.0,1.0
CC(C)CCCCCCOc1ccc2[nH]cc(CCN)c2c1,test,test,test,4,4,0.80487806,0.80487806,0.80487806
CCC(=O)Oc1ccc2[nH]cc(CCN(C)C)c2c1,test,test,train,4,4,0.7916667,0.7916667,0.6530612
CCCCCCCCCCc1ccc2[nH]cc(CCN)c2c1,train,train,train,4,4,0.65909094,0.65909094,0.7368421
N#Cc1c[nH]c(CN2CCN(c3ccccc3)CC2)c1,test,test,test,1,1,0.7619048,0.7619048,0.7619048
CN1C(=O)C2(CCCCN3CCc4sccc4C3)CCCc3cccc1c32,test,test,test,1,1,0.6935484,0.6935484,0.6935484
CCc1ccc2[nH]cc(CCN)c2c1,test,test,train,4,4,0.7368421,0.7368421,0.7368421
CC(=O)c1ccc2[nH]cc(CCN)c2c1,train,train,train,4,4,0.61538464,0.61538464,0.58536583
O=C1CC2(CCCC2)CC(=O)N1CCN1CCCN(c2ccccc2Cl)CC1,train,train,test,1,1,0.9302326,0.9302326,0.9302326
NCCc1c[nH]c2ccc(C(N)=O)cc12,test,test,test,4,4,0.7631579,0.7631579,0.7631579
CN(CCN1C(=O)CC2(CCCC2)CC1=O)CCN(C)c1cc(Cl)ccc1Cl,train,train,train,1,1,0.6785714,0.6785714,0.6785714
CC1CN(c2ccccc2[N+](=O)[O-])CCN1CCN1C(=O)CC2(CCCC2)CC1=O,train,train,train,1,1,0.7719298,0.7719298,0.7719298
COc1ccc2[nH]cc(CC(C)N)c2c1,train,train,train,4,4,0.65,0.65,0.65
O=C1CC2(CCCC2)CC(=O)N1CCN1CCN(c2ccccc2Br)CC1,train,train,train,1,1,0.76086956,0.76086956,0.76086956
CC1CN(c2ccccc2[N+](=O)[O-])CC(C)N1CCN1C(=O)CC2(CCCC2)CC1=O,train,train,train,1,1,0.7719298,0.7719298,0.7719298
COc1ccccc1N1CCN(CCN2C=CC3(CCCC3)CC2=O)CC1,train,train,train,2,2,0.7358491,0.7358491,0.7358491
O=C1CC2(CCCC2)CC(=O)N1CCN1CCC(c2ccccc2)CC1,train,train,train,0,0,0.7083333,0.7083333,0.7083333
O=C1CC2(CCCC2)CCN1CCN1CCN(c2ccccc2Cl)CC1,train,train,train,1,1,0.7708333,0.7708333,0.7708333
CC(C)C[C@H]1C(=O)N[C@@H](Cc2ccccc2)[C@]2(O)O[C@@](C)(NC(=O)[C@@H]3C=C4c5cccc6[nH]cc(c56)C[C@H]4N(C)C3)C(=O)N12,train,train,test,0,0,0.5181818,0.5181818,0.5181818
NCCCC1(CCCN)CCc2cccc(O)c2C1,train,train,train,0,0,0.29411766,0.29411766,0.29411766
Cc1ccc(F)c(N2CCN(CCN3C(=O)CC4(CCCC4)CC3=O)CC2)c1,train,train,train,1,1,0.79591835,0.79591835,0.79591835
COc1ccccc1N1CCC(CNCC2COc3ccc(Cl)cc3O2)CC1,train,train,train,2,2,0.42857143,0.42857143,0.42857143
O=C1CC2(CCCC2)CC(=O)N1CCN1CCN(c2cc(F)ccc2Cl)CC1,test,test,train,1,1,0.79591835,0.79591835,0.79591835
Cc1ccccc1N1CCN(CCN2C(=O)CC3(CCCC3)CC2=O)CC1,train,train,test,1,1,0.76086956,0.76086956,0.76086956
O=C1CC2(CCCC2)CC(=O)N1CCN1CCN(c2ccccc2C(F)(F)F)CC1,train,train,train,1,1,0.71428573,0.71428573,0.71428573
COc1ccccc1OCCNCCN1C(=O)CC2(CCCC2)CC1=O,train,train,train,2,2,0.6792453,0.6792453,0.6792453
CN(C)CCOC1=Cc2ccccc2Sc2ccc(Cl)cc21,train,train,train,0,0,0.42592594,0.42592594,0.42592594
O=C1CC2(CCCC2)CC(=O)N1CCN1CCN(c2ccccc2[N+](=O)[O-])CC1,train,train,test,1,1,0.7017544,0.7017544,0.7017544
O=C1CC2(CCCC2)CCN1CCN1CCN(c2cc(Cl)ccc2Cl)CC1,train,train,train,1,1,0.7755102,0.7755102,0.7755102
O=C1CC2(CCCC2)CC(=O)N1CCN1CCN(c2cc(Cl)ccc2Cl)CC1,train,train,train,1,1,0.97727275,0.97727275,0.97727275
O=C1CC2(CCCC2)CC(=O)N1CCN1CCN(c2ccccc2C2CC2)CC1,test,test,train,1,1,0.75,0.75,0.75
O=C1CC2(CCCC2)CC(=O)N1CCN1CCN(c2ccccc2Cl)CC1,train,train,train,1,1,0.9756098,0.9756098,0.9756098
CC1CCN(CC[C@H]2CCCN2S(=O)(=O)c2cccc3ccccc23)CC1,test,test,train,0,0,0.9347826,0.9347826,0.9347826
O=C1CC2(CCCC2)CC(=O)N1CCN1CCN(c2cc(Br)ccc2Br)CC1,train,train,test,1,1,0.75,0.75,0.75
O=C1CC2(CCCC2)CC(=O)N1CCCCN1CCN(c2cc(Cl)ccc2Cl)CC1,train,train,train,1,1,0.95652175,0.95652175,0.95652175
CN(CCCOc1cc(Cl)ccc1Cl)CCN1C(=O)CC2(CCCC2)CC1=O,train,train,train,0,0,0.6964286,0.6964286,0.6666667
CCOc1ccccc1OCCN[C@H](C)Cc1ccc(OC)c(S(N)(=O)=O)c1,train,train,train,2,2,0.3559322,0.3559322,0.37931034
O=C1CC2(CCCC2)CC(=O)N1CCN1CCC(c2cc(Cl)ccc2Cl)CC1,test,test,train,0,0,0.76,0.76,0.76
O=C1CC2(C=CN1CCN1CCN(c3ccccc3Cl)CC1)CCCC2,train,train,train,1,1,0.8,0.8,0.7358491
CC(CN1CCN(c2cc(Cl)ccc2Cl)CC1)N1C(=O)CC2(CCCC2)CC1=O,train,train,train,1,1,0.6666667,0.6666667,0.6666667
CN(CCOc1ccccc1Cl)CCN1C(=O)CC2(CCCC2)CC1=O,train,train,test,0,0,0.78431374,0.78431374,0.78431374
Cc1cccc(S(=O)(=O)N2CCC[C@@H]2CCN2CCC(C)CC2)c1,train,train,train,0,0,0.79591835,0.79591835,0.79591835
O=C1CC2(CCCC2)CC(=O)N1CCN1CCN(c2ccc(Cl)cc2)CC1,train,train,test,1,1,0.76744187,0.76744187,0.76744187
O=C1CC2(CCCC2)CC(=O)N1CCCN1CCN(c2cc(Cl)ccc2Cl)CC1,train,train,train,1,1,0.95652175,0.95652175,0.95652175
CCC1(C)CC(=O)N(CCN2CCN(c3cc(Cl)ccc3Cl)CC2)C(=O)C1,train,train,train,1,1,0.72,0.72,0.72
O=C1CC2(C=CN1CCN1CCN(c3cc(Cl)ccc3Cl)CC1)CCCC2,train,train,test,1,1,0.8,0.8,0.8
O=C1Cc2cc(CCN3CCN(c4nsc5ccccc45)CC3)c(Cl)cc2N1,test,test,test,1,1,0.58064514,0.58064514,0.5479452
COc1ccc(N2CCN(CCN3C(=O)CC4(CCCC4)CC3=O)CC2)cc1,train,train,train,1,1,0.7755102,0.7755102,0.7755102
Cc1ccc(C)c(N2CCN(CCN3C(=O)CC4(CCCC4)CC3=O)CC2)c1,train,train,train,1,1,0.79591835,0.79591835,0.79591835
COc1ccccc1N1CCN(CCN2CCC3(CCCC3)CC2=O)CC1,train,train,train,2,2,0.72,0.72,0.78
CC1CCN(CC[C@H]2CCCCN2S(=O)(=O)c2cccc3ccccc23)CC1,train,train,train,0,0,0.6,0.6,0.9347826
O=C1CC2(CCCC2)CC(=O)N1CCN1CCN(c2cccc(C(F)(F)F)c2)CC1,train,train,train,1,1,0.7254902,0.7254902,0.7254902
CN(CCNc1cc(Cl)ccc1Cl)CCN1C(=O)CC2(CCCC2)CC1=O,train,train,train,1,1,0.6785714,0.6785714,0.6785714
O=C1CC2(CCCC2)CC(=O)N1CCN1CCN(c2ccccc2O)CC1,train,train,train,1,1,0.7777778,0.7777778,0.7777778
O=C1CC2(CCCC2)CC(=O)N1CCN1CCN(c2ccc(Cl)c(Cl)c2)CC1,test,test,train,1,1,0.76086956,0.76086956,0.75
Cc1ccc(Cl)cc1N1CCN(CCN2C(=O)CC3(CCCC3)CC2=O)CC1,train,train,train,1,1,0.79591835,0.79591835,0.79591835
CC1(C)CC(=O)N(CCN2CCN(c3ccccc3Cl)CC2)C(=O)C1,test,test,test,1,1,0.73333335,0.73333335,0.73333335
O=C1CCCC(=O)N1CCN1CCN(c2cc(Cl)ccc2Cl)CC1,test,test,train,1,1,0.7234042,0.7234042,0.7234042
O=C1CC2(CCCC2)CC(=O)N1CCN1CCN(c2cccc(Cl)c2)CC1,train,train,train,1,1,0.76086956,0.76086956,0.75555557
O=C1CC2(CCCC2)CC(=O)N1CCN1CCN(c2cccc(Cl)c2Cl)CC1,train,train,train,1,1,0.84444445,0.84444445,0.84444445
O=C1CC2(CCCC2)CC(=O)N1CCN1CCN(c2ccc(Cl)cc2Cl)CC1,train,train,train,1,1,0.84782606,0.84782606,0.84782606
O=C1CC2(CCCC2)CC(=O)N1CCN1CCC(c2ccccc2Cl)CC1,train,train,train,0,0,0.7083333,0.7083333,0.76
O=C1CC2(CCCC2)CC(=O)N1CCN1CCN(c2cc(C(F)(F)F)ccc2F)CC1,train,train,train,1,1,0.7358491,0.7358491,0.7358491
CC(C)Oc1ccccc1N1CCN(C[C@@H](O)CNC(=O)c2ccc3c(c2)C(=O)N(c2ccc(N(C)C)cc2)C3=O)CC1,train,train,train,2,2,0.45679012,0.45679012,0.45679012
CC1CCN(CC[C@H]2CCCN2S(=O)(=O)c2ccc(Cl)c(Cl)c2)CC1,test,test,train,0,0,0.7058824,0.7058824,0.7058824
CC(N)Cc1c[nH]c2ccc(O)cc12,train,train,train,4,4,0.675,0.675,0.675
CC(C)Oc1ccccc1N1CCN(CCN2C(=O)CC3(CCCC3)CC2=O)CC1,train,train,train,1,1,0.6923077,0.6923077,0.78431374
COc1cccc(N2CCN(CCN3C(=O)CC4(CCCC4)CC3=O)CC2)c1,train,train,train,1,1,0.7755102,0.7755102,0.7755102
Cc1ccc(N2CCN(CCN3C(=O)CC4(CCCC4)CC3=O)CC2)c(C)c1,test,test,test,1,1,0.82978725,0.82978725,0.82978725
CC(N)Cc1cn(C)c2ccc3c(c12)CCCO3,test,test,train,0,0,0.24050634,0.24050634,0.24050634
CCOC(=O)c1ccccc1N1CCN(CCN2C(=O)CC3(CCCC3)CC2=O)CC1,train,train,test,1,1,0.6851852,0.6851852,0.6666667
Cc1ccc(Cl)c(N2CCN(CCN3C(=O)CC4(CCCC4)CC3=O)CC2)c1,train,train,train,1,1,0.79591835,0.79591835,0.79591835
O=C1CC2(CCCCC2)CC(=O)N1CCN1CCN(c2ccccc2Cl)CC1,train,train,train,1,1,0.9756098,0.9756098,0.9756098
CC1CCN(CC[C@H]2CCCN2S(=O)(=O)c2cccc(Br)c2)CC1,test,test,train,0,0,0.79591835,0.79591835,0.79591835
O=C1CC2(CCCC2)CC(=O)N1CCN1CCN(c2ccccc2)CC1,train,train,train,1,1,0.76744187,0.76744187,0.75555557
N#Cc1ccc(Cl)cc1N1CCN(CCN2C(=O)CC3(CCCC3)CC2=O)CC1,train,train,train,1,1,0.7647059,0.7647059,0.7647059
COc1ccccc1OCCN(C)CCN1C(=O)CC2(CCCC2)CC1=O,train,train,train,2,2,0.78431374,0.78431374,0.6792453
COc1cc(C[C@@H](C)N)c(OC)cc1I,train,train,train,2,2,0.44186047,0.44186047,0.44186047
N#Cc1ccccc1N1CCN(CCN2C(=O)CC3(CCCC3)CC2=O)CC1,train,train,train,1,1,0.7647059,0.7647059,0.7647059
O=C1CC2(CCCC2)CC(=O)N1CCN1CCN(c2c(Cl)cccc2Cl)CC1,test,test,train,1,1,0.8043478,0.8043478,0.8043478
O=C1CC2(CCCC2)CC(=O)N1CCN1CCN(c2cc(I)ccc2Cl)CC1,train,train,train,1,1,0.79591835,0.79591835,0.79591835
O=C1CC2(CCCCC2)CC(=O)N1CCN1CCN(c2cc(Cl)ccc2Cl)CC1,train,train,train,1,1,0.97727275,0.97727275,0.97727275
Clc1ccccc1N1CCN(CCN2CCC3(CCCC3)CC2)CC1,train,train,test,1,1,0.7209302,0.7209302,0.7209302
O=C(/C=C/c1ccc(Cl)c(Cl)c1)NCCCCCN1CCC(c2c[nH]c3ccc(O)cc23)CC1,test,test,train,4,4,0.5875,0.5875,0.5875
CNC(=O)Cn1c2c(c3ccccc31)CCN(CCCCC13CCCc4cccc(c41)NC3=O)C2,test,test,train,1,1,0.8873239,0.8873239,0.8873239
O=C(/C=C/c1ccc(Cl)c(Cl)c1)N[C@H]1CC[C@@H](CN2[C@H]3CC[C@@H]2C[C@@H](c2c[nH]c4ccc(O)cc24)C3)CC1,train,train,train,4,4,0.34177214,0.34177214,0.5875
COc1cccc2sc([C@H]3C[C@@H]4CC[C@H](C3)N4C[C@H](O)COc3cccc4[nH]c(C(N)=O)cc34)cc12,test,test,train,0,0,0.7297297,0.7297297,0.7297297
CN(C)CCSc1nc2ccccc2s1,train,train,train,3,3,0.47727272,0.47727272,0.47727272
CN(C)CCSc1cccc(C2CCCCC2)n1,train,train,train,0,0,0.5609756,0.5609756,0.5609756
CN(C)CCSC(C)(C)C,train,train,train,3,3,0.33333334,0.33333334,0.33333334
COc1cc(OC)c2cc([C@@H]3CCN(C[C@H](O)COc4cccc5[nH]c(C)cc45)[C@@H](C)C3)sc2c1,train,train,test,0,0,0.81578946,0.81578946,0.81578946
Cc1cc2c(OC[C@@H](O)CN3CC[C@@H](c4cc5ccc(F)cc5s4)C[C@@H]3C)cccc2[nH]1,test,test,train,0,0,0.8695652,0.8695652,0.884058
Cc1cc2c(OC[C@@H](O)CN3CC[C@@H](c4cc5cc(F)ccc5s4)C[C@@H]3C)cccc2[nH]1,test,test,train,0,0,0.89705884,0.89705884,0.89705884
CNCCc1c[nH]c2ccc(C(C)(C)C)cc12,train,train,train,4,4,0.4509804,0.4509804,0.44444445
CN(C)CCSc1nc(C(C)(C)C)cs1,train,train,train,3,3,0.5609756,0.5609756,0.5609756
CN(C)CCSc1nc(-c2ccncc2)cs1,train,train,train,3,3,0.5609756,0.5609756,0.5609756
CN(C)CCSc1cccc(-c2ccccc2)n1,train,train,train,3,3,0.6052632,0.6052632,0.6052632
CN(C)CCSc1cccc(Br)n1,train,train,train,3,3,0.6052632,0.6052632,0.6052632
COc1ccc2cc([C@@H]3CCN(C[C@H](O)COc4cccc5[nH]c(C)cc45)[C@@H](C)C3)sc2c1,train,train,train,0,0,0.82191783,0.82191783,0.8611111
Cc1cc(C)c2cc([C@@H]3CCN(C[C@H](O)COc4cccc5[nH]c(C)cc45)[C@@H](C)C3)sc2c1,test,test,train,0,0,0.8695652,0.8695652,0.8169014
CN(C)CCSc1ccnc(-c2ccccc2)c1,test,test,train,0,0,0.53488374,0.53488374,0.53488374
CNS(=O)(=O)CCc1ccc2[nH]cc(C3CCN(C)CC3)c2c1,train,train,train,4,4,0.54385966,0.54385966,0.54385966
CN(C)CCSc1nc(-c2ccccc2)cs1,test,test,test,0,0,0.7837838,0.7837838,0.7837838
CCCN(CCC)[C@H]1CCc2nn3ccccc3c2C1,train,train,train,0,0,0.44230768,0.44230768,0.44230768
Cc1cc2c(OC[C@@H](O)CN3CC[C@@H](c4cc5cc(Cl)ccc5s4)C[C@@H]3C)cccc2[nH]1,train,train,test,0,0,0.85915494,0.85915494,0.87323946
Cc1cc2c(OC[C@@H](O)CN3CC[C@@H](c4cc5c(C)cccc5s4)C[C@@H]3C)cccc2[nH]1,train,train,test,0,0,0.90909094,0.90909094,0.90909094
Cc1cc2c(OC[C@@H](O)CN3CC[C@@H](c4cc5c(F)cccc5s4)C[C@@H]3C)cccc2[nH]1,train,train,train,0,0,0.90909094,0.90909094,0.8405797
CN(C)CCSc1cccc(C2(O)CCCCC2)n1,train,train,test,0,0,0.5531915,0.5531915,0.5531915
Cc1cc2c(OC[C@@H](O)CN3CC[C@@H](c4cc5ccccc5s4)C[C@@H]3C)cccc2[nH]1,train,train,train,0,0,0.85915494,0.85915494,0.89705884
CN[C@@H]1CCc2[nH]c3ccc(C(N)=O)cc3c2C1,test,test,train,4,4,0.32786885,0.32786885,0.45714286
Fc1ccc(N2CCN(Cc3c[nH]c4ncccc34)CC2)cc1,train,train,train,1,1,0.7659575,0.7659575,0.7659575
COc1ccccc1N1CCN(Cc2c[nH]c3ncccc23)CC1,train,train,test,2,2,0.7058824,0.7058824,0.7058824
Fc1ccccc1N1CCN(Cc2c[nH]c3ncccc23)CC1,train,train,train,1,1,0.7083333,0.7083333,0.7083333
Fc1ccc2[nH]c(CN3CCN(c4ccccn4)CC3)cc2c1,train,train,train,1,1,0.5185185,0.5185185,0.5185185
C=Cc1ccc(N2CCN(Cc3c[nH]c4ncccc34)CC2)cc1,train,train,train,1,1,0.7659575,0.7659575,0.7659575
Cc1c(-c2ccccc2)oc2c(C(=O)NCCCN3CCN(c4ccccc4OCc4no[n+]([O-])c4C#N)CC3)cccc2c1=O,train,train,test,1,1,0.8333333,0.8333333,0.86206895
COc1ccc2c(c1)C(CN1CCC3(CC1)C(=O)NCN3c1ccccc1)CCO2,train,train,train,0,0,0.8666667,0.8666667,0.8666667
COc1cccc2c1C(CN1CCC3(CC1)C(=O)NCN3c1ccccc1)CCO2,train,train,train,0,0,0.72307694,0.72307694,0.72307694
COc1ccc2sc(C3CCN(C[C@H](O)COc4cccc5[nH]ccc45)CC3)cc2c1,test,test,train,0,0,0.8787879,0.8787879,0.8787879
Cc1cc2c(OC[C@@H](O)CN3CC[C@@H](c4cccc5occc45)C[C@@H]3C)cccc2[nH]1,train,train,train,0,0,0.7808219,0.7808219,0.7808219
Oc1nc2cccc(N3CCN(Cc4cccc(-c5ccsc5)c4)CC3)c2o1,train,train,train,3,3,0.7413793,0.7413793,0.7413793
Oc1nc2cccc(N3CCN(Cc4ccc(O)c(-c5ccccc5)c4)CC3)c2o1,train,train,train,3,3,0.69491524,0.69491524,0.69491524
Oc1nc2cccc(N3CCN(Cc4cncc(-c5ccccc5)c4)CC3)c2o1,train,train,train,3,3,0.69491524,0.69491524,0.69491524
Oc1cccc2cc(C3CCN(C[C@H](O)COc4cccc5[nH]ccc45)CC3)sc12,train,train,train,0,0,0.8548387,0.8548387,0.8548387
Cc1ccc2cc(C3CCN(C[C@H](O)COc4cccc5[nH]c(C)cc45)CC3)sc2c1,train,train,test,0,0,0.875,0.875,0.875
Cc1cccc(-c2cccc(CN3CCN(c4cccc5nc(O)oc45)CC3)c2)c1,train,train,train,3,3,0.7818182,0.7818182,0.7818182
COc1ccc2c(c1)OCCC2CN1CCC2(CC1)C(=O)NCN2c1ccccc1,train,train,train,0,0,0.8666667,0.8666667,0.8666667
Oc1nc2cccc(N3CCN(Cc4cc(-c5ccc(F)cc5)ccn4)CC3)c2o1,train,train,train,1,1,0.7457627,0.7457627,0.71666664
COc1cccc2ccc([C@@H]3CCN(C[C@H](O)COc4cccc5[nH]c(C)cc45)[C@@H](C)C3)cc12,train,train,train,0,0,0.8507463,0.8507463,0.7671233
Cc1cc2c(OC[C@H](O)CN3CC[C@@H](c4cccc5sccc45)C[C@@H]3C)cccc2[nH]1,train,train,train,0,0,0.7916667,0.7916667,0.7567568
Cc1c(C2CCN(C[C@H](O)COc3cccc4[nH]ccc34)CC2)sc2ccccc12,train,train,train,0,0,0.83076924,0.83076924,0.83076924
Cc1cccc2sc(C3CCN(C[C@H](O)COc4cccc5[nH]ccc45)CC3)cc12,train,train,train,0,0,0.84126985,0.84126985,0.83870965
COc1cccc2cc(C3CCN(C[C@H](O)COc4cccc5[nH]ccc45)CC3)sc12,train,train,train,0,0,0.8548387,0.8548387,0.8548387
Oc1ccc2cc(C3CCN(C[C@H](O)COc4cccc5[nH]ccc45)CC3)sc2c1,train,train,train,0,0,0.85714287,0.85714287,0.85714287
Oc1nc2cccc(N3CCN(Cc4cccc(-c5cccc(Cl)c5)c4)CC3)c2o1,train,train,train,1,1,0.7818182,0.7818182,0.7818182
Cc1ccc2cc(C3CCN(C[C@H](O)COc4cccc5[nH]ccc45)CC3)sc2c1,train,train,train,0,0,0.84375,0.84375,0.84375
O=C1COc2c(cccc2N2CCN(Cc3cccc(-c4ccccc4)c3)CC2)N1,test,test,train,1,1,0.6909091,0.6909091,0.6909091
Cn1c(=O)oc2c(N3CCN(Cc4cccc(-c5ccccc5)c4)CC3)cccc21,train,train,train,1,1,0.64285713,0.64285713,0.6296296
N#Cc1cccc(-c2cccc(CN3CCN(c4cccc5nc(O)oc45)CC3)c2)c1,train,train,train,3,3,0.75409836,0.75409836,0.75409836
COc1ccc2c(c1)OCCC2CNCCCc1ccccc1,train,train,train,2,2,0.84313726,0.84313726,0.84313726
O[C@H](COc1cccc2[nH]ccc12)CN1CCC(c2cc3c(Cl)cccc3s2)CC1,train,train,test,0,0,0.83870965,0.83870965,0.83870965
Cc1c(-c2ccccc2)oc2c(C(=O)NCCCN3CCN(c4ccccc4OCc4no[n+]([O-])c4C(N)=O)CC3)cccc2c1=O,train,train,test,1,1,0.8333333,0.8333333,0.872093
Cc1cc2c(OC[C@@H](O)CN3CC[C@@H](c4ccc5c(C)csc5c4)C[C@@H]3C)cccc2[nH]1,train,train,train,0,0,0.8857143,0.8857143,0.8857143
Cc1cc2c(OC[C@@H](O)CN3CC[C@@H](c4ccc5ccoc5c4)C[C@@H]3C)cccc2[nH]1,test,test,train,0,0,0.8857143,0.8857143,0.8857143
COc1ccc2c(C)c(C3CCN(C[C@H](O)COc4cccc5[nH]ccc45)CC3)sc2c1,test,test,train,0,0,0.80597013,0.80597013,0.80597013
O[C@H](COc1cccc2[nH]ccc12)CN1CCC(c2cc3c(F)cccc3s2)CC1,train,train,train,0,0,0.83870965,0.83870965,0.83870965
Cc1cc2c(OC[C@@H](O)CN3CCC(c4cc5c(C)cccc5s4)CC3)cccc2[nH]1,train,train,train,0,0,0.87096775,0.87096775,0.87096775
Oc1nc2cccc(N3CCN(Cc4cccc(-c5cccs5)c4)CC3)c2o1,train,train,train,3,3,0.73333335,0.73333335,0.73333335
COc1ccccc1N1CCN(CCNC(=O)c2ccc(F)cc2)CC1,train,train,test,2,2,0.877551,0.877551,0.877551
c1ccc(-c2cccc(CN3CCN(c4cccc5c4OCCO5)CC3)c2)cc1,test,test,test,1,1,0.82608694,0.82608694,0.82608694
Cc1cc2c(OC[C@H](O)CN3CC[C@@H](c4ccc5sccc5c4)C[C@@H]3C)cccc2[nH]1,train,train,train,0,0,0.7887324,0.7887324,0.7837838
COc1ccc2c(c1)C(CNCCCc1ccccc1)CCO2,train,train,train,2,2,0.84313726,0.84313726,0.84313726
COc1cccc2sc(C3CCN(C[C@H](O)COc4cccc5[nH]ccc45)CC3)cc12,train,train,test,0,0,0.84126985,0.84126985,0.84126985
Cc1c(C2CCN(C[C@H](O)COc3cccc4[nH]ccc34)CC2)sc2ccc(F)cc12,train,train,train,0,0,0.83076924,0.83076924,0.83076924
COc1cccc(-c2cccc(CN3CCN(c4cccc5nc(O)oc45)CC3)c2)c1,train,train,train,2,2,0.7719298,0.7719298,0.7719298
Cc1cc2c(OC[C@@H](O)CN3CC[C@@H](c4ccc5ccccc5c4)C[C@@H]3C)cccc2[nH]1,train,train,test,0,0,0.8507463,0.8507463,0.8507463
O[C@H](COc1cccc2[nH]ccc12)CN1CCC(c2cc3ccc(Cl)cc3s2)CC1,train,train,train,0,0,0.875,0.875,0.875
O=C(NCCN1CCN(c2cccc3nc(O)oc23)CC1)c1ccc(F)cc1,train,train,train,1,1,0.59016395,0.59016395,0.5692308
O=c1[nH]c2cccc(N3CCN(Cc4cccc(-c5ccccc5)c4)CC3)c2o1,train,train,test,1,1,0.64285713,0.64285713,0.64285713
c1ccc(-c2cccc(CN3CCN(c4cccc5c4OCCN5)CC3)c2)cc1,train,train,train,1,1,0.6666667,0.6666667,0.6909091
CC(C)Oc1ccc2cc(C3CCN(C[C@H](O)COc4cccc5[nH]ccc45)CC3)sc2c1,train,train,train,0,0,0.85294116,0.85294116,0.85294116
COc1ccc2cc(C3CCN(C[C@H](O)COc4cccc5[nH]ccc45)CC3)sc2c1,train,train,train,0,0,0.85294116,0.85294116,0.8787879
Cc1cc2c(OC[C@@H](O)CN3CC[C@@H](c4ccc5ccsc5c4)C[C@@H]3C)cccc2[nH]1,test,test,test,0,0,0.8857143,0.8857143,0.8857143
Oc1nc2cccc(N3CCN(Cc4cccc(-c5ccc(F)cc5)n4)CC3)c2o1,train,train,train,1,1,0.71666664,0.71666664,0.71666664
O[C@H](COc1cccc2[nH]ccc12)CN1CCC(c2cc3cc(F)ccc3s2)CC1,train,train,train,0,0,0.8852459,0.8852459,0.8852459
COc1cccc2sc(C3CCN(C[C@H](O)COc4cccc5[nH]c(C)cc45)CC3)cc12,train,train,train,0,0,0.85714287,0.85714287,0.85714287
Cc1cc(C)c2cc(C3CCN(C[C@H](O)COc4cccc5[nH]c(C)cc45)CC3)sc2c1,train,train,train,0,0,0.84375,0.84375,0.84375
Cc1cc2c(OC[C@@H](O)CN3CC[C@@H](c4cccc5ccsc45)C[C@@H]3C)cccc2[nH]1,train,train,test,0,0,0.7916667,0.7916667,0.7916667
Cc1cc2c(OC[C@H](O)CN3CC[C@@H](c4ccc5occc5c4)C[C@@H]3C)cccc2[nH]1,train,train,train,0,0,0.7887324,0.7887324,0.8857143
O[C@H](COc1cccc2[nH]ccc12)CN1CCC(c2cc3cc(Cl)ccc3s2)CC1,train,train,train,0,0,0.875,0.875,0.875
Cc1cc2c(OC[C@@H](O)CN3CCC(c4cc5c(F)cccc5s4)CC3)cccc2[nH]1,train,train,train,0,0,0.87096775,0.87096775,0.87096775
c1ccc(-c2cccc(CN3CCN(c4cccc5ccoc45)CC3)c2)cc1,train,train,train,1,1,0.6296296,0.6296296,0.6296296
O[C@@H](COc1cccc2[nH]ccc12)CN1CCC(c2csc3ccccc23)CC1,test,test,test,0,0,0.7121212,0.7121212,0.7121212
COc1cccc2c1OCCC2CNCCCc1ccccc1,train,train,train,2,2,0.66071427,0.66071427,0.66071427
Cc1cc2c(OC[C@@H](O)CN3CCC(c4cc5cc(F)ccc5s4)CC3)cccc2[nH]1,test,test,test,0,0,0.8888889,0.8888889,0.8888889
Cc1c(-c2ccccc2)oc2c(C(=O)NCCCN3CCN(c4ccccc4OCc4no[n+]([O-])c4C)CC3)cccc2c1=O,test,test,train,1,1,0.872093,0.872093,0.72289157
c1ccc(-c2cccc(CN3CCN(c4cccc5c4CCCN5)CC3)c2)cc1,train,train,train,1,1,0.6666667,0.6666667,0.6666667
Oc1nc2cccc(N3CCN(Cc4cccc(-c5ccc(F)cc5)c4)CC3)c2o1,train,train,test,1,1,0.76785713,0.76785713,0.76785713
COc1ccccc1N1CCN(CCCNC(=O)c2cccc3c(=O)c(C)c(-c4ccccc4)oc23)CC1,train,train,train,2,2,0.77922076,0.77922076,0.77922076
O[C@H](COc1cccc2[nH]ccc12)CN1CCC(c2cc3ccc(F)cc3s2)CC1,train,train,train,0,0,0.8852459,0.8852459,0.8852459
Cc1cc2c(OC[C@@H](O)CN3CCC(c4cc5ccc(F)cc5s4)CC3)cccc2[nH]1,train,train,train,0,0,0.875,0.875,0.8115942
Oc1nc2cccc(N3CCN(Cc4cc(-c5ccccc5)ccc4F)CC3)c2o1,train,train,train,1,1,0.7118644,0.7118644,0.6557377
Fc1ccc(-c2ccc(CN3CCN(c4cccc5ccoc45)CC3)[nH]2)cc1,train,train,train,1,1,0.58181816,0.58181816,0.58181816
CC(C)Oc1cccc2sc(C3CCN(C[C@H](O)COc4cccc5[nH]ccc45)CC3)cc12,test,test,test,0,0,0.84375,0.84375,0.8153846
Cc1cc2c(OC[C@@H](O)CN3CC[C@@H](c4ccc5scc(C)c5c4)C[C@@H]3C)cccc2[nH]1,train,train,train,0,0,0.8857143,0.8857143,0.8857143
c1ccc(-c2cccc(CN3CCN(c4cccc5c4OCO5)CC3)c2)cc1,train,train,train,1,1,0.6415094,0.6415094,0.6415094
N#Cc1ccccc1-c1cccc(CN2CCN(c3cccc4nc(O)oc34)CC2)c1,train,train,train,1,1,0.75409836,0.75409836,0.75409836
Cc1c(-c2ccccc2)oc2c(C(=O)NCCCN3CCN(c4ccccc4OCCCO[N+](=O)[O-])CC3)cccc2c1=O,train,train,train,1,1,0.77922076,0.77922076,0.77922076
Oc1nc2cccc(N3CCN(Cc4ccnc(-c5ccc(F)cc5)c4)CC3)c2o1,test,test,test,3,3,0.7627119,0.7627119,0.7258065
Cc1nn2c(C#N)cccc2c1CN1CCN(c2ccc(Cl)cc2)CC1,train,train,train,1,1,0.6545454,0.6545454,0.6545454
Oc1ccc2[nH]cc(/C=N/Nc3ncc[nH]3)c2c1,test,test,train,4,4,0.56,0.56,0.56
CCCCC/N=C(/N)N/N=C/c1c[nH]c2ccc(O)nc12,train,train,test,4,4,0.43076923,0.43076923,0.5714286
CC(C)(C)c1ccc(S(=O)(=O)Nc2ccc3nccc(N4CCNCC4)c3c2)cc1,test,test,test,1,1,0.75438595,0.75438595,0.75438595
Cc1c(S(=O)(=O)Nc2ccc3nccc(N4CCN(C)CC4)c3c2)sc2ccc(Cl)cc12,train,train,train,1,1,0.828125,0.828125,0.828125
O=S(=O)(Nc1ccc2nccc(N3CCNCC3)c2c1)c1ccc(-c2ccccc2)cc1,train,train,train,1,1,0.55714285,0.55714285,0.6825397
CCCCC/N=C(/N)N/N=C/c1c[nH]c2ccc(OC(C)C)cc12,test,test,train,4,4,0.5714286,0.5714286,0.7258065
COC(=O)c1cc2c3c(ccc2[nH]1)OCC(CN1CCC(n2c(O)nc4ccccc42)CC1)O3,train,train,train,0,0,0.6329114,0.6329114,0.6329114
NC(=O)c1cc2c3c(ccc2[nH]1)OCC(CN1CCC2(CC1)C(=O)NCN2c1ccccc1)O3,train,train,train,1,1,0.8955224,0.8955224,0.8955224
Cc1cc(N2CCNCC2)c2cc(NS(=O)(=O)c3sc4ccc(Cl)cc4c3C)ccc2n1,train,train,train,1,1,0.7878788,0.7878788,0.7878788
CCCCC/N=C(/N)N/N=C/c1c[nH]c2ccc(OCC=C(C)C)cc12,test,test,train,4,4,0.54545456,0.54545456,0.7258065
O=S(=O)(Nc1ccc2nccc(N3CCNCC3)c2c1)c1ccc2c(Cl)cccc2c1,test,test,train,1,1,0.6825397,0.6825397,0.6825397
N#Cc1cccc2c(CN3CCN(c4ccc(Cl)cc4)CC3)cnn12,train,train,train,1,1,0.6545454,0.6545454,0.6545454
CCCCOC(=O)c1cc2c3c(ccc2[nH]1)OCC(CN1CCC2(CC1)C(=O)NCN2c1ccccc1)O3,test,test,train,1,1,0.82051283,0.82051283,0.82051283
N#Cc1cc2c3c(ccc2[nH]1)OCC(CN1CCC2(CC1)C(=O)NCN2c1ccccc1)O3,train,train,train,1,1,0.7746479,0.7746479,0.7746479
O=C1NCN(c2ccccc2)C12CCN(CC1COc3ccc4[nH]ccc4c3O1)CC2,train,train,test,0,0,0.75,0.75,0.75
Cc1c(S(=O)(=O)Nc2ccc3nccc(N4CCNCC4)c3c2)sc2ccc(Cl)cc12,train,train,train,1,1,0.828125,0.828125,0.828125
Cc1sc2ccc(Cl)cc2c1S(=O)(=O)Nc1ccc2nccc(N3CCNCC3)c2c1,train,train,test,1,1,0.7878788,0.7878788,0.7878788
CCCCCNC(=N)N/N=C/c1c[nH]c2ccc(O)cc12,train,train,test,4,4,0.6785714,0.6785714,0.6785714
O=C(OCc1ccccc1)c1cc2c3c(ccc2[nH]1)OCC(CN1CCC2(CC1)C(=O)NCN2c1ccccc1)O3,train,train,train,1,1,0.82894737,0.82894737,0.82894737
Cc1c(S(=O)(=O)Nc2ccc3nccc(N4CCN[C@@H](C)C4)c3c2)sc2ccc(Cl)cc12,train,train,test,0,0,0.8208955,0.8208955,0.8208955
O=C(NCCCc1ccccc1)c1cc2c3c(ccc2[nH]1)OCC(CNCCCc1ccccc1)O3,train,train,train,4,4,0.43820226,0.43820226,0.796875
COC(=O)c1cc2c3c(ccc2[nH]1)OCC(CN1CCC2(CC1)C(=O)NCN2c1ccccc1)O3,train,train,train,0,0,0.85714287,0.85714287,0.85714287
CCCCCCCN(C)C(=N)N/N=C/c1c[nH]c2ccc(O)cc12,train,train,train,4,4,0.6785714,0.6785714,0.6037736
O=C1NCN(c2ccccc2)C12CCN(CC1COc3ccc4[nH]c(CO)cc4c3O1)CC2,train,train,train,1,1,0.8115942,0.8115942,0.8115942
CCOC(=O)C1CCN(CC2COc3ccc4[nH]c(C(=O)OC)cc4c3O2)CC1,train,train,train,0,0,0.6363636,0.6363636,0.6363636
COC(=O)c1cc2c3c(ccc2[nH]1)OCC(CNCCCc1ccccc1)O3,test,test,train,2,2,0.796875,0.796875,0.796875
O=C(O)c1cc2c3c(ccc2[nH]1)OCC(CN1CCC2(CC1)C(=O)NCN2c1ccccc1)O3,train,train,train,1,1,0.8955224,0.8955224,0.8955224
COC(=O)c1cc2c3c(ccc2[nH]1)OCC(CN1CCC(Nc2ccccc2)(C(N)=O)CC1)O3,train,train,train,0,0,0.675,0.675,0.675
c1ccc(-c2nc(CN3CCN(c4ncccn4)CC3)c[nH]2)cc1,train,train,train,1,1,0.42307693,0.42307693,0.42307693
COc1ccc(C(=O)Nc2ccc(-c3ccncc3)cc2)cc1/C=C\CN(C)C,train,train,train,2,2,0.5322581,0.5322581,0.5322581
CN(C)CCCc1cc(C(=O)Nc2ccc(-c3ccncc3)cc2)ccc1O,train,train,train,4,4,0.5322581,0.5322581,0.5322581
CNC(=O)c1ccc2c(c1)CCO[C@H]2CCN1CCN(c2ccc(OC)cc2)CC1,train,train,train,1,1,0.66129035,0.66129035,0.66129035
CCCN[C@H]1[C@@H](CCC)c2c(O)cccc2C[C@H]1CCC,train,train,train,2,2,0.7111111,0.7111111,0.6086956
C=CCN[C@H]1Cc2c(cccc2OC)C[C@@H]1CC=C,train,train,train,2,2,0.5272727,0.5272727,0.5272727
CCCN[C@H]1[C@@H](CCC)c2c(cccc2OC)C[C@H]1CCC,train,train,test,2,2,0.7111111,0.7111111,0.7111111
C=CCN[C@@H]1CCc2cccc(OC)c2[C@@H]1CO,train,train,train,2,2,0.71428573,0.71428573,0.6
C=CCN[C@@H]1CCc2cccc(O)c2[C@@H]1CC=C,train,train,train,0,0,0.75,0.75,0.75
C=CCN(CCC)[C@@H]1CCc2cccc(OC)c2C1=C,train,train,train,2,2,0.5344828,0.5344828,0.5344828
CCCN[C@@H]1CCc2cccc(OC)c2[C@@H]1CCC,train,train,train,2,2,0.8,0.8,0.7111111
C=CC[C@H]1c2c(O)cccc2CC[C@H]1NCCC,train,train,train,0,0,0.75,0.75,0.75
CCCN[C@@H]1CCc2cccc(O)c2[C@@H]1CCC,train,train,train,0,0,0.75,0.75,0.75
C=CC[C@H]1c2c(cccc2OC)CC[C@H]1N(CCC)CCC,train,train,train,2,2,0.6037736,0.6037736,0.6037736
C=CCN[C@@H]1CCc2ccccc2[C@@H]1CC=C,test,test,train,0,0,0.6744186,0.6744186,0.7380952
C=CCN[C@@H]1CCc2cccc(OC)c2[C@@H]1C(=O)OC,train,train,test,2,2,0.6923077,0.6923077,0.6923077
C=CC[C@H]1Cc2cccc(OC)c2C[C@@H]1NCCC,test,test,test,2,2,0.78723407,0.78723407,0.78723407
COc1ccc(N2CCN(CCC3OCCc4ccccc43)CC2)cc1,train,train,train,1,1,0.74509805,0.74509805,0.74509805
CCCN[C@@H]1CCc2cccc(OC)c2[C@@H]1CO,train,train,test,2,2,0.8,0.8,0.8
C=CC[C@H]1c2ccccc2CC[C@H]1NCCC,test,test,train,0,0,0.6956522,0.6956522,0.7380952
CCCN(C)[C@@H]1CCc2cccc(OC)c2[C@@H]1CO,train,train,train,2,2,0.60784316,0.60784316,0.6037736
C1=C(c2c[nH]c3ccccc23)CCN(CCOc2cccc3ncccc23)C1,test,test,train,0,0,0.7586207,0.7586207,0.7586207
CN(C)CCc1cccc2c1ccn2S(=O)(=O)c1ccccc1,train,train,train,0,0,0.72727275,0.72727275,0.72727275
C1=C(c2c[nH]c3ncccc23)CCN(CCOc2cccc3c2OCCO3)C1,train,train,train,0,0,0.765625,0.765625,0.765625
Fc1ccc2[nH]cc(CC3CCN(CCOc4cccc5c4OCCO5)CC3)c2c1,test,test,train,0,0,0.6969697,0.6969697,0.6969697
Fc1ccc2[nH]cc(C3=CCN(CCOc4cccc5c4OCCO5)CC3)c2c1,train,train,test,4,4,0.87096775,0.87096775,0.87096775
CN1CCN(c2cccc3ccc(OCCOc4ccc5[nH]cc(CCN)c5c4)cc23)CC1,train,train,train,4,4,0.74242425,0.74242425,0.74242425
C1=C(c2c[nH]c3ncccc23)CCN(CCOc2cccc3[nH]ccc23)C1,train,train,train,0,0,0.79310346,0.79310346,0.79310346
Fc1ccc2c(C3=CCN(CCOc4cccc5c4OCCO5)CC3)c[nH]c2c1,train,train,train,0,0,0.87096775,0.87096775,0.82258064
CN(C)CCc1cn(C(=O)c2ccccc2)c2ccc(O)cc12,test,test,test,1,1,0.4107143,0.4107143,0.43548387
C1=C(c2c[nH]c3ccccc23)CCN(CCOc2cccc3c2OCCO3)C1,train,train,train,0,0,0.82258064,0.82258064,0.82258064
CN1CCN(c2cccc3ccc(OCC(=O)Nc4ccc(NC(=O)COc5ccc6[nH]cc(CCN)c6c5)cc4)cc23)CC1,train,train,train,4,4,0.74242425,0.74242425,0.74242425
C1=C(c2c[nH]c3ncccc23)CCN(CCOc2cccc3ncccc23)C1,test,test,test,0,0,0.78333336,0.78333336,0.8103448
CN1CCN(c2cccc3ccc(OCC(=O)N4CCN(C(=O)COc5ccc6cccc(N7CCN(C)CC7)c6c5)CC4)cc23)CC1,train,train,test,1,1,0.9347826,0.9347826,0.877551
CN(C)CCc1cccc2c1cc(C(=O)c1ccccc1)n2S(=O)(=O)c1ccccc1,test,test,train,0,0,0.56363636,0.56363636,0.56363636
NCCc1cccc2c1ccn2S(=O)(=O)c1ccccc1,train,train,train,0,0,0.70454544,0.70454544,0.70454544
CCOC(=O)c1[nH]c2ccccc2c1CCN(C)C,train,train,train,4,4,0.42592594,0.42592594,0.42592594
Fc1ccc2c(C3CCN(CCOc4cccc5c4OCCO5)CC3)c[nH]c2c1,train,train,train,0,0,0.65217394,0.65217394,0.6969697
CNC(=O)C1=C(C)NC(C)=C(C(=O)NCCCN2CCC(C(=O)OC)(c3ccccc3)CC2)C1c1ccc([N+](=O)[O-])cc1,train,train,train,1,1,0.36144578,0.36144578,0.36144578
c1ccc2c(N3CCNCC3)cccc2c1,test,test,test,1,1,0.5294118,0.5294118,0.5294118
CN(C)CCc1cn(S(=O)(=O)c2ccccc2)c2ccccc12,train,train,train,0,0,0.72727275,0.72727275,0.72727275
C1=C(c2c[nH]c3ccccc23)CCN(CCOc2cccc3[nH]ccc23)C1,train,train,train,0,0,0.79310346,0.79310346,0.79310346
CN1CCN(c2cccc3ccc(OCCOc4ccc5cccc(N6CCN(C)CC6)c5c4)cc23)CC1,train,train,test,1,1,0.6956522,0.6956522,0.6730769
CCCN(CCC)C1CCc2cccc(OCCCCCCOc3cccc4c3CC(N(CCC)CCC)CC4)c2C1,train,train,train,0,0,0.5471698,0.5471698,0.5471698
COc1cccc2c(CCCN3CCN(c4ccccn4)CC3)cccc12,train,train,test,2,2,0.51785713,0.51785713,0.5689655
COc1cccc(C(=O)Nc2ccc3[nH]cc(C4CCN(C)CC4)c3n2)c1,train,train,train,4,4,0.78688526,0.78688526,0.7741935
CN1CCC(c2c[nH]c3ccc(NC(=O)c4ccsc4)nc23)CC1,train,train,train,4,4,0.7413793,0.7413793,0.75438595
CN1CCC(c2c[nH]c3ccc(NC(=O)c4ccc(Cl)cc4Cl)nc23)CC1,train,train,train,4,4,0.6964286,0.6964286,0.704918
CN1CCC(c2c[nH]c3ccc(NC(=O)c4ccncc4)nc23)CC1,train,train,test,4,4,0.8148148,0.8148148,0.8301887
O[C@@H]1c2cc(F)ccc2C[C@H]1N1CCN(c2cccc3c2OCCO3)CC1,train,train,test,2,2,0.7924528,0.7924528,0.73214287
CC(=O)Nc1ncc2[nH]cc(C3CCN(C)CC3)c2n1,train,train,train,0,0,0.7358491,0.7358491,0.68
CN1CCC(c2c[nH]c3ccc(NC(=O)C4CC4)nc23)CC1,train,train,train,4,4,0.9148936,0.9148936,0.8958333
CN1CCC(c2c[nH]c3cnc(NC(=O)c4ccc(F)cc4)nc23)CC1,train,train,test,0,0,0.7358491,0.7358491,0.7368421
CC(=O)Nc1cc2c(C3CCN(C)CC3)c[nH]c2cn1,test,test,train,4,4,0.64705884,0.64705884,0.7407407
COc1ccccc1C(=O)Nc1ccc2[nH]cc(C3CCN(C)CC3)c2n1,train,train,test,0,0,0.7758621,0.7758621,0.7758621
Cc1ccc2c(c1)[C@@H](O)[C@H](N1CCC(c3cccc4c3OCCO4)CC1)C2,train,train,train,0,0,0.86538464,0.86538464,0.7818182
Cc1ccccc1C(=O)Nc1ccc2[nH]cc(C3CCN(C)CC3)c2n1,train,train,train,4,4,0.7758621,0.7758621,0.8035714
O[C@@H]1c2ccc(F)cc2C[C@H]1N1CCC(c2cc(F)cc3c2OCCC3)CC1,train,train,test,0,0,0.8333333,0.8333333,0.73214287
COc1cccc(C2CCC(NCCOc3ccccn3)CC2)c1,test,test,test,2,2,0.3846154,0.3846154,0.4
CN1CCC(c2c[nH]c3ccc(NC(=O)c4cccc(C#N)c4)nc23)CC1,train,train,train,4,4,0.8032787,0.8032787,0.8032787
O[C@@H]1c2cc(F)ccc2C[C@H]1N1CCC(c2cccc3c2OCCO3)CC1,train,train,train,0,0,0.7962963,0.7962963,0.7962963
OCC1COc2c(cc(Cl)cc2N2CCN([C@@H]3Cc4cc(F)ccc4[C@H]3O)CC2)O1,train,train,train,1,1,0.7258065,0.7258065,0.7258065
COc1cccc(C2CCC(N3CCN(c4ccccc4OC)CC3)CC2)c1,test,test,train,2,2,0.5185185,0.5185185,0.5185185
CN1CCC(c2c[nH]c3ccc(NC(=O)c4cccc([N+](=O)[O-])c4)nc23)CC1,test,test,test,4,4,0.8064516,0.8064516,0.8064516
CN1CCC(c2c[nH]c3cnc(NC(=O)c4ccc(F)cc4)cc23)CC1,test,test,train,4,4,0.70689654,0.70689654,0.7407407
CN1CCC(c2c[nH]c3ccc(NC(=O)c4cccc(F)c4)nc23)CC1,test,test,train,4,4,0.8135593,0.8135593,0.80701756
CN1CCC(c2c[nH]c3ccc(NC(=O)C4CCC4)nc23)CC1,train,train,test,4,4,0.9574468,0.9574468,0.9375
CN1CCC(c2c[nH]c3ccc(NC(=O)c4ccccc4F)nc23)CC1,test,test,train,4,4,0.8035714,0.8035714,0.8035714
O[C@@H]1c2cc(F)c(F)cc2C[C@H]1N1CCC(c2cccc3c2OCCO3)CC1,train,train,train,0,0,0.7962963,0.7962963,0.7962963
COc1cccc2c1CCCC2CCCN1CCN(c2ccccn2)CC1,test,test,train,2,2,0.5671642,0.5671642,0.5671642
CN1CCC(c2c[nH]c3ccc(NC(=O)c4ccc([N+](=O)[O-])cc4)nc23)CC1,train,train,train,4,4,0.7758621,0.7758621,0.7758621
O=[N+]([O-])c1ccc2c(c1)[C@@H](O)[C@H](N1CCN(c3cccc4c3OCCO4)CC1)C2,train,train,train,1,1,0.75409836,0.75409836,0.52238804
COc1cccc2c(CCCNCCOc3ccccn3)cccc12,train,train,train,2,2,0.50877196,0.50877196,0.52380955
O[C@@H]1c2cc3c(cc2C[C@H]1N1CCC(c2cccc4c2OCCO4)CC1)OCO3,train,train,train,0,0,0.7777778,0.7777778,0.7777778
CN1CCC(c2c[nH]c3ccc(NC(=O)C4CCCC4)nc23)CC1,train,train,test,4,4,0.9787234,0.9787234,0.9787234
O[C@@H]1c2ccc(F)cc2C[C@H]1N1CCN(c2cc(Cl)cc3c2OCCO3)CC1,train,train,train,1,1,0.7258065,0.7258065,0.7258065
COc1cccc2c1CCCC2CCCNCCOc1ccccn1,test,test,train,2,2,0.52380955,0.52380955,0.5671642
CN1CCC(c2c[nH]c3ccc(NC(=O)c4ccccc4)nc23)CC1,test,test,train,4,4,0.8301887,0.8301887,0.8301887
c1ccc2c(c1)CC(N1CCN(c3cccc4c3OCCO4)CC1)C2,train,train,test,2,2,0.537037,0.537037,0.48333332
CC(=O)Nc1ccc2[nH]cc(C3CCN(C)CC3)c2c1,train,train,train,4,4,0.74509805,0.74509805,0.74509805
CN1CCC(c2c[nH]c3ccc(NC(=O)c4ccco4)nc23)CC1,test,test,test,4,4,0.71666664,0.71666664,0.7241379
Cc1ccc(C(=O)Nc2ccc3[nH]cc(C4CCN(C)CC4)c3n2)cc1,train,train,train,4,4,0.8148148,0.8148148,0.8490566
O=[N+]([O-])c1ccc2c(c1)[C@@H](O)[C@H](N1CCC(c3cccc4c3OCCO4)CC1)C2,train,train,test,0,0,0.75409836,0.75409836,0.75409836
COc1ccc2c(c1)[C@@H](O)[C@H](N1CCC(c3cccc4c3OCCO4)CC1)C2,train,train,train,2,2,0.7894737,0.7894737,0.7894737
CC(=O)Nc1ccc2[nH]cc(C3CCN(C)CC3)c2n1,train,train,train,4,4,0.82978725,0.82978725,0.82978725
O[C@@H]1c2ccc(F)cc2C[C@H]1N1CC=C(c2cccc3c2OCCO3)CC1,train,train,train,0,0,0.63076925,0.63076925,0.63076925
CN1CCC(c2c[nH]c3ccc(NC(=O)c4ccc(F)cc4)nc23)CC1,test,test,train,4,4,0.8490566,0.8490566,0.8490566
O[C@@H]1c2ccccc2C[C@H]1N1CCC(c2cccc3c2OCCO3)CC1,train,train,train,0,0,0.78431374,0.78431374,0.7692308
O[C@@H]1c2ccc(F)cc2C[C@H]1N1CC=C(c2cccc3c2SCCC3)CC1,train,train,train,0,0,0.63076925,0.63076925,0.63076925
N=C(N)N/N=C/c1c[nH]c2ccc(O)cc12,train,train,train,4,4,0.627451,0.627451,0.6037736
CN1CCC(c2c[nH]c3ccc(NC(=O)c4ccc(C#N)cc4)nc23)CC1,train,train,train,4,4,0.8032787,0.8032787,0.8032787
COc1ccccc1N1CCN(CCN(C(=O)C2CCCCC2)c2ccccn2)CC1,test,test,train,2,2,0.8360656,0.8360656,0.8360656
CN1CCC(c2c[nH]c3ccc(NC(=O)c4ccc(F)cc4)cc23)CC1,train,train,train,4,4,0.74509805,0.74509805,0.74509805
COc1cc2c(cc1OC)[C@@H](O)[C@H](N1CCC(c3cccc4c3OCCO4)CC1)C2,train,train,train,2,2,0.7894737,0.7894737,0.7894737
CN1CCC(c2c[nH]c3ccc(NC(=O)c4ccccc4[N+](=O)[O-])nc23)CC1,train,train,train,0,0,0.75,0.75,0.75
CN1CCC(c2c[nH]c3ccc(NC(=O)c4ccoc4)nc23)CC1,train,train,train,4,4,0.75438595,0.75438595,0.76785713
CN1CCC(c2c[nH]c3ccc(NC(=O)c4ccccn4)nc23)CC1,train,train,test,0,0,0.75438595,0.75438595,0.7818182
CN1CCC(c2c[nH]c3ccc(NC(=O)c4cccs4)nc23)CC1,train,train,train,4,4,0.7241379,0.7241379,0.7368421
CCC(=O)Nc1ccc2[nH]cc(C3CCN(C)CC3)c2n1,train,train,train,4,4,0.81632656,0.81632656,0.81632656
O[C@@H]1c2ccc(F)cc2C[C@H]1N1CCC(c2cccc3c2OCC3)CC1,train,train,train,0,0,0.88461536,0.88461536,0.67241377
O[C@@H]1c2ccc(F)cc2C[C@H]1N1CCC(c2cccc3c2OCCC3)CC1,train,train,test,0,0,0.88461536,0.88461536,0.88461536
O[C@@H]1c2cc(F)c(F)cc2C[C@H]1N1CCN(c2cccc3c2OCCO3)CC1,train,train,test,1,1,0.7924528,0.7924528,0.72727275
Cc1ccc2c(c1)C[C@@H](N1CCC(c3cccc4c3OCCO4)CC1)[C@@H]2O,train,train,test,0,0,0.86538464,0.86538464,0.86538464
CN1CCC(c2c[nH]c3ccc(NC(=O)C4CCCCC4)nc23)CC1,train,train,train,4,4,0.9787234,0.9787234,0.8958333
Cc1cccc(C(=O)Nc2ccc3[nH]cc(C4CCN(C)CC4)c3n2)c1,train,train,test,4,4,0.7894737,0.7894737,0.8135593
CN1CCc2ccc3[nH]c(=O)c4cccc5c4c3c2[C@H]1C5,train,train,train,0,0,0.82978725,0.82978725,0.82978725
CN1CCc2ccc3cnc4cccc5c4c3c2[C@H]1C5,test,test,train,0,0,0.82222223,0.82222223,0.82222223
COc1ccc(S(=O)(=O)Nc2cc(Cl)cc(Cl)c2Cl)cc1N1CCNCC1,test,test,train,2,2,0.46969697,0.46969697,0.46969697
Cc1[nH]c2cccc(NC(=O)c3ccc(F)cc3)c2c1CCN(C)C,train,train,test,4,4,0.4,0.4,0.4
COc1ccccc1N1CCN(CCN(C(=O)c2ccc(F)c(C)c2)c2ccccn2)CC1,test,test,train,2,2,0.7846154,0.7846154,0.7846154
COc1ccc(S(=O)(=O)N2CCc3ccc(I)cc32)cc1N1CCNCC1,train,train,train,2,2,0.32258064,0.32258064,0.46969697
CN1CCc2ccc3c(=O)[nH]c4cccc5c4c3c2[C@H]1C5,train,train,train,0,0,0.82978725,0.82978725,0.82978725
CN1CCc2ccc3ncc4cccc5c4c3c2[C@H]1C5,train,train,train,0,0,0.5106383,0.5106383,0.82222223
COc1ccccc1N1CCN(CCN(C(=O)C2CCC(F)CC2)c2ccccn2)CC1,train,train,train,2,2,0.64705884,0.64705884,0.8360656
CCc1cccc(OC[C@@H](O)CN2CCC3(CC2)OCc2c3ccc3ccccc23)c1,train,train,train,3,3,0.78333336,0.78333336,0.78333336
OC(COCc1ccccc1)CN1CCC2(CC1)OCc1c2ccc2ccccc12,train,train,train,0,0,0.75438595,0.75438595,0.75438595
COc1ccccc1N1CCN(CCCNc2cc(-c3ccccc3)nn(C)c2=O)CC1,train,train,train,2,2,0.734375,0.734375,0.89285713
O=C1c2ccccc2C(=O)N1CCCCN1CCn2c(cc3ccccc32)C1,train,train,train,1,1,0.5416667,0.5416667,0.5416667
COc1ccc(Cl)cc1N1CCN(CCCNc2c(C(C)=O)c(C)nn(C)c2=O)CC1,train,train,train,1,1,0.96666664,0.96666664,0.96666664
CCC(=O)c1c(-c2ccccc2)nn(C)c(=O)c1NCCN1CCN(c2ccccc2OC)CC1,train,train,train,2,2,0.8125,0.8125,0.8125
COc1ccc2ccc(N3CCNCC3)cc2c1,test,test,train,2,2,0.47727272,0.47727272,0.47727272
O=C(c1cccc(CN2CCc3c([nH]c4ccccc34)C2)c1)N1CCc2ccccc21,test,test,train,1,1,0.704918,0.704918,0.54285717
COc1ccc(Cl)cc1N1CCN(CCCNc2c(C(C)=O)c(-c3ccccc3)nn(C)c2=O)CC1,train,train,test,1,1,0.90909094,0.90909094,0.90909094
CC(C)Oc1ccccc1N1CCN(Cc2cccc(C(=O)N3CCc4ccccc43)c2)CC1,train,train,train,2,2,0.72131145,0.72131145,0.72131145
O=C(c1cccc(CN2CCN3c4ccccc4OCC3C2)c1)N1CCc2ccccc21,train,train,test,1,1,0.53521127,0.53521127,0.7419355
CCCN1CCC[C@@H]2c3cc(O)ccc3CC[C@H]21,train,train,train,0,0,0.44642857,0.44642857,0.39285713
COc1cccc2c1C1CCN(CCCN3C(=O)c4ccccc4S3(=O)=O)C[C@H]1C2,train,train,train,2,2,0.56060606,0.56060606,0.56060606
COc1ccccc1N1CCN(CCNc2cc(C)nn(C)c2=O)CC1,train,train,test,2,2,0.6885246,0.6885246,0.7719298
COc1ccc(Cl)cc1N1CCN(CCCCNc2c(C(C)=O)c(C)nn(C)c2=O)CC1,train,train,train,1,1,0.96666664,0.96666664,0.96666664
COc1ccc(Cl)cc1N1CCN(CCNc2cc(-c3ccccc3)nn(C)c2=O)CC1,train,train,train,2,2,0.734375,0.734375,0.81666666
CN1CCN(c2cccc3ccc(OCC(=O)N4CCN(c5cccc6c5OCCO6)CC4)cc23)CC1,train,train,train,1,1,0.7818182,0.7818182,0.73333335
OC(COc1cc(F)cc2c1OCCC2)CN1CCC2(CC1)OCc1c2ccc2ccccc12,train,train,train,0,0,0.7671233,0.7671233,0.7671233
O=C(c1cccc(CN2CCc3c([nH]c4ccccc34)C2)c1)N1CCCCC1,train,train,test,1,1,0.4915254,0.4915254,0.704918
c1ccc(CCCCN2CCC3(CC2)OCc2c3ccc3ccccc23)cc1,test,test,test,1,1,0.6727273,0.6727273,0.6727273
CN1CCN(c2cccc3ccc(OCC(=O)N4CCN(c5ccccc5C#N)CC4)cc23)CC1,train,train,train,1,1,0.8269231,0.8269231,0.7719298
O[C@H](COc1ccccc1)CN1CCC2(CC1)OCc1c2ccc2ccccc12,train,train,train,0,0,0.78333336,0.78333336,0.78333336
COc1ccccc1N1CCN(CCNc2c(C(=O)C(C)C)c(-c3ccccc3)nn(C)c2=O)CC1,train,train,train,2,2,0.8125,0.8125,0.8125
Cc1cc(C)c(N2CCN(C(=O)COc3ccc4cccc(N5CCN(C)CC5)c4c3)CC2)c(C)c1,test,test,train,1,1,0.8269231,0.8269231,0.8035714
COc1ccccc1N1CCN(CCNc2cc(-c3ccccc3)nn(C)c2=O)CC1,test,test,train,2,2,0.89285713,0.89285713,0.89285713
CC(=O)c1c(-c2ccccc2)nn(C)c(=O)c1NCCN1CCN(c2ccccc2F)CC1,test,test,test,1,1,0.7058824,0.7058824,0.8135593
CC(C)Oc1ccccc1N1CCN(Cc2cccc(C(=O)N3CCCCC3)c2)CC1,train,train,train,2,2,0.72131145,0.72131145,0.72131145
OC(CCc1ccccc1)CN1CCC2(CC1)OCc1c2ccc2ccccc12,train,train,train,3,3,0.7368421,0.7368421,0.7368421
COc1cccc(N2CCN(C(=O)COc3ccc4cccc(N5CCN(C)CC5)c4c3)CC2)c1OC,train,train,train,2,2,0.84313726,0.84313726,0.75438595
Cc1ccccc1N1CCN(C(=O)COc2ccc3cccc(N4CCN(C)CC4)c3c2)CC1,train,train,train,1,1,0.877551,0.877551,0.8035714
COc1ccccc1N1CCN(CCNc2c(C(C)=O)c(C)nn(C)c2=O)CC1,train,train,train,2,2,0.8947368,0.8947368,0.8947368
COc1ccccc1N1CCN(CCCNc2c(C(C)=O)c(C)nn(C)c2=O)CC1,train,train,train,2,2,0.8947368,0.8947368,0.8947368
O=C1CCc2c(F)ccc(OCC(O)CN3CCC4(CC3)OCc3c4ccc4ccccc34)c21,train,train,train,0,0,0.7162162,0.7162162,0.7162162
CC(=O)c1c(-c2ccccc2)nn(C)c(=O)c1NCCN1CCN(c2ccccc2Cl)CC1,test,test,train,1,1,0.74242425,0.74242425,0.74242425
COc1ccc(Cl)cc1N1CCN(CCNc2c(C(C)=O)c(-c3ccccc3)nn(C)c2=O)CC1,train,train,train,1,1,0.90909094,0.90909094,0.74242425
COc1ccccc1N1CCN(CCCNc2c(C(C)=O)c(-c3ccccc3)nn(C)c2=O)CC1,test,test,train,2,2,0.8208955,0.8208955,0.7936508
Cc1ccccc1CN1CCN(C(=O)COc2ccc3cccc(N4CCN(C)CC4)c3c2)CC1,train,train,test,1,1,0.8103448,0.8103448,0.8103448
COc1ccc(NC(=O)c2ccc(-c3ccc(C4=NC(C)ON4)cc3C)cc2)cc1N1CCN(C)CC1,train,train,train,2,2,0.68,0.68,0.68
CCCCCCN1CCc2c([nH]c3ccccc23)C1,train,train,test,1,1,0.4915254,0.4915254,0.46031746
O=C(c1cccc(CN2CCN3c4ccccc4OCC3C2)c1)N1CCCCC1,test,test,train,1,1,0.7419355,0.7419355,0.5072464
CN1CCN(c2cccc3ccc(OCC(=O)N4CCN(c5cccc6ccccc56)CC4)cc23)CC1,train,train,test,1,1,0.9347826,0.9347826,0.8627451
OC(COc1ccc(F)c2c1OCCC2)CN1CCC2(CC1)OCc1c2ccc2ccccc12,train,train,train,0,0,0.7671233,0.7671233,0.7671233
COc1ccccc1N1CCN(CCNc2c(C(C)=O)c(-c3ccccc3)nn(C)c2=O)CC1,test,test,test,2,2,0.83870965,0.83870965,0.9
Cc1cccc(C#N)c1-c1cccc2c1-c1cccc3c1[C@@H](C2)N(C)CC3,test,test,train,0,0,0.75555557,0.75555557,0.75555557
Fc1ccc2[nH]cc(CCNCCOc3cccc4c3OCCO4)c2c1,train,train,test,4,4,0.73770493,0.73770493,0.89285713
Fc1ccc2[nH]cc(CCCNCCOc3ccccc3)c2c1,train,train,train,4,4,0.75,0.75,0.75
Fc1ccc2[nH]cc(CCCNCCOc3cccc4nccnc34)c2c1,train,train,train,4,4,0.80701756,0.80701756,0.80701756
COc1ccccc1OCCNCCCc1c[nH]c2ccccc12,train,train,train,4,4,0.78,0.78,0.9318182
Fc1cc2c(c(OCCNCCc3c[nH]c4ccc(F)cc34)c1)OCCC2,test,test,test,4,4,0.89830506,0.89830506,0.89830506
Fc1cc(OCCNCCCc2c[nH]c3ccc(F)cc23)c2occc2c1,train,train,train,4,4,0.85714287,0.85714287,0.85714287
Fc1cc(OCCNCCCc2c[nH]c3ccc(F)cc23)c2c(c1)OCCO2,train,train,train,4,4,0.7619048,0.7619048,0.8305085
Fc1cc2c(c(OCCNCCc3c[nH]c4ccc(F)cc34)c1)OCC2,test,test,train,4,4,0.8032787,0.8032787,0.8947368
COc1ccccc1OCCNCCCc1c[nH]c2ccc(F)cc12,train,train,train,4,4,0.88,0.88,0.78
Fc1cc2c(c(OCCNCCCc3c[nH]c4ccc(F)cc34)c1)OCCC2,train,train,train,4,4,0.7619048,0.7619048,0.89830506
Fc1ccc2[nH]cc(CCCNCCOc3cccc4[nH]ccc34)c2c1,train,train,train,4,4,0.78431374,0.78431374,0.78431374
COc1ccc(F)cc1OCCNCCc1c[nH]c2ccc(F)cc12,train,train,train,4,4,0.877551,0.877551,0.84
c1ccc2c(OCCNCCCc3c[nH]c4ccccc34)cccc2c1,train,train,train,4,4,0.82608694,0.82608694,0.82608694
Fc1ccc2[nH]cc(CCCNCCOc3cccc4[nH]cnc34)c2c1,test,test,test,4,4,0.7962963,0.7962963,0.7962963
Fc1ccc2[nH]cc(CCCNCCOc3cc(Cl)cc4[nH]cnc34)c2c1,test,test,train,4,4,0.640625,0.640625,0.640625
Fc1ccc2[nH]cc(CCCNCCOc3cccc4c3OCC4)c2c1,train,train,train,4,4,0.75,0.75,0.8333333
Fc1ccc2[nH]cc(CCCNCCOc3cccc4c3OCCO4)c2c1,test,test,train,4,4,0.89285713,0.89285713,0.8305085
COc1ccc2[nH]cc(CCN3CCCC3)c2c1F,train,train,test,4,4,0.61702126,0.61702126,0.61702126
c1ccc2c(CCCNCCOc3cccc4[nH]cnc34)c[nH]c2c1,train,train,train,4,4,0.7407407,0.7407407,0.74
CN1CCc2cccc3c2[C@H]1Cc1cccc(-c2c(O)cccc2O)c1-3,train,train,train,0,0,0.8947368,0.8947368,0.8947368
Fc1cc2c(c(OCCNCCCc3c[nH]c4ccc(F)cc34)c1)OCC2,test,test,train,4,4,0.89830506,0.89830506,0.89830506
COc1ccc2[nH]cc(CCN(C)C)c2c1F,train,train,train,4,4,0.61702126,0.61702126,0.5652174
COc1ccc(F)cc1OCCNCCCc1c[nH]c2ccc(F)cc12,train,train,test,4,4,0.88,0.88,0.88
Fc1ccc2[nH]cc(CCCNCCOc3cccc4ncccc34)c2c1,train,train,train,4,4,0.80701756,0.80701756,0.80701756
c1ccc2c(CCCCNCCOc3cccc4[nH]ccc34)c[nH]c2c1,train,train,train,4,4,0.93333334,0.93333334,0.93333334
COc1cccc(OC)c1-c1cccc2c1-c1cccc3c1[C@@H](C2)N(C)CC3,train,train,test,2,2,0.7111111,0.7111111,0.7111111
COc1ccc(F)cc1OCCNCCc1c[nH]c2ccccc12,test,test,train,4,4,0.84,0.84,0.84
c1ccc2c(CCCNCCOc3cccc4[nH]ccc34)c[nH]c2c1,train,train,train,4,4,0.93333334,0.93333334,0.93333334
COc1ccccc1OCCNCCCCc1c[nH]c2ccccc12,test,test,train,4,4,0.9318182,0.9318182,0.9318182
Fc1ccc2[nH]cc(CCCNCCOc3cccc4ccoc34)c2c1,train,train,train,4,4,0.85714287,0.85714287,0.85714287
Fc1cc2c(c(OCCNCCc3c[nH]c4ccccc34)c1)OCCC2,train,train,test,4,4,0.75,0.75,0.75
Fc1ccc2[nH]cc(CCCNCCOc3cccc4c3CCCC4)c2c1,train,train,train,4,4,0.71428573,0.71428573,0.71428573
c1cnc2c(OCCNCCCc3c[nH]c4ccccc34)cccc2c1,train,train,test,4,4,0.78,0.78,0.78
CN1CCC(CCN2CCC(c3cn(-c4ccc(F)cc4)c4ccc(-c5ncn(C)n5)cc34)CC2)C1=O,train,train,train,0,0,0.7162162,0.7162162,0.7162162
COc1cccc(OC)c1OCCNCCOc1ccccc1OCc1ccccc1,train,train,train,2,2,0.85,0.85,0.85
Cn1cnc(-c2ccc3c(c2)c(C2CCN(CCC#N)CC2)cn3-c2ccc(F)cc2)n1,train,train,train,0,0,0.796875,0.796875,0.796875
COc1cccc(OC)c1OCCNC[C@@H]1C[C@H](c2ccccc2)c2ccccc2O1,train,train,train,2,2,0.6551724,0.6551724,0.6551724
Cn1nnc(-c2ccc3c(c2)c(C2CCN(CCN4CCOC4=O)CC2)cn3-c2ccc(F)cc2)n1,train,train,train,0,0,0.8405797,0.8405797,0.8028169
Cn1cnc(-c2ccc3c(c2)c(C2CCN(CCN4CCNC4=O)CC2)cn3-c2ccc(F)cc2)n1,train,train,train,0,0,0.8405797,0.8405797,0.8405797
O=C1NCCN1CCN1CCC(c2cn(-c3ccc(F)cc3)c3ccc(-c4cncnc4)cc23)CC1,test,test,train,0,0,0.8484849,0.8484849,0.8484849
Cn1cnc(-c2ccc3c(c2)c(C2CCN(CCN4CCOC4=O)CC2)cn3-c2ccc(F)cc2)n1,train,train,train,0,0,0.8405797,0.8405797,0.8405797
Cn1nnnc1-c1ccc2c(c1)c(C1CCN(CCN3CCNC3=O)CC1)cn2-c1ccc(F)cc1,train,train,train,0,0,0.8028169,0.8028169,0.8028169
O=C1NCCN1CCN1CCC(c2cn(-c3ccc(F)cc3)c3ccc(-c4c[nH]nn4)cc23)CC1,train,train,train,0,0,0.78571427,0.78571427,0.7714286
COc1cccc(OC)c1OCCNCCOc1ccccc1Cc1ccccc1,test,test,train,2,2,0.71428573,0.71428573,0.71428573
Cn1ccnc1-c1ccc2c(c1)c(C1CCN(CCN3CCNC3=O)CC1)cn2-c1ccc(F)cc1,train,train,train,0,0,0.8,0.8,0.8
Cn1cc(-c2ccc3c(c2)c(C2CCN(CCN4CCNC4=O)CC2)cn3-c2ccc(F)cc2)cn1,train,train,test,0,0,0.79710144,0.79710144,0.80597013
CSc1ccc2c(c1)C(N1CCN(C)CC1)Cc1ccccc1S2,train,train,train,0,0,0.2962963,0.2962963,0.2962963
O=C1NCCN1CCN1CCC(c2cn(-c3ccc(F)cc3)c3ccc(Cl)cc23)CC1,train,train,train,0,0,0.73846155,0.73846155,0.73846155
Cn1ncc(-c2ccc3c(c2)c(C2CCN(CCN4CCNC4=O)CC2)cn3-c2ccc(F)cc2)n1,train,train,test,0,0,0.8695652,0.8695652,0.8695652
COc1cccc(OC)c1OCCNCC1Oc2ccccc2OC1c1ccc(C)cc1,train,train,train,2,2,0.5409836,0.5409836,0.5409836
O=C1OCCN1CCN1CCC(c2cn(-c3ccc(F)cc3)c3ccc(-c4ncccn4)cc23)CC1,train,train,test,0,0,0.84615386,0.84615386,0.84615386
Cn1nccc1-c1ccc2c(c1)c(C1CCN(CCN3CCNC3=O)CC1)cn2-c1ccc(F)cc1,train,train,test,0,0,0.79710144,0.79710144,0.79710144
COc1cccc(OC)c1OCCNCC1CC(c2ccccc2)c2ccccc2C1=O,train,train,train,2,2,0.6333333,0.6333333,0.6333333
Cn1nnc(-c2ccc3c(c2)c(C2CCN(CCN4CCNC4=O)CC2)cn3-c2ccc(F)cc2)n1,train,train,test,0,0,0.8405797,0.8405797,0.8405797
N#CCCN1CCC(c2cn(-c3ccc(F)cc3)c3ccc(-c4ncccn4)cc23)CC1,train,train,train,0,0,0.796875,0.796875,0.796875
COc1cccc(OC)c1OCCNCC1Cc2ccccc2C(c2ccccc2)C1,train,train,train,2,2,0.6551724,0.6551724,0.6551724
Cn1ccc(-c2ccc3c(c2)c(C2CCN(CCN4CCNC4=O)CC2)cn3-c2ccc(F)cc2)n1,train,train,train,0,0,0.8115942,0.8115942,0.78571427
CCn1ncc(-c2ccc3c(c2)c(C2CCN(CCN4CCNC4=O)CC2)cn3-c2ccc(F)cc2)n1,train,train,train,0,0,0.8695652,0.8695652,0.7777778
O=C1NCCN1CCN1CCC(c2cn(-c3ccc(F)cc3)c3ccc(-c4ncccn4)cc23)CC1,train,train,train,0,0,0.84615386,0.84615386,0.8208955
CCn1cc(-c2ccc3c(c2)c(C2CCN(CCN4CCNC4=O)CC2)cn3-c2ccc(F)cc2)nn1,train,train,test,0,0,0.8428571,0.8428571,0.76
Cn1cnnc1-c1ccc2c(c1)c(C1CCN(CCN3CCNC3=O)CC1)cn2-c1ccc(F)cc1,train,train,train,0,0,0.8028169,0.8028169,0.8028169
Cn1ncnc1-c1ccc2c(c1)c(C1CCN(CCN3CCNC3=O)CC1)cn2-c1ccc(F)cc1,train,train,train,0,0,0.8,0.8,0.8
Cn1nncc1-c1ccc2c(c1)c(C1CCN(CCN3CCNC3=O)CC1)cn2-c1ccc(F)cc1,train,train,train,0,0,0.79710144,0.79710144,0.7638889
Cn1cnc(-c2ccc3c(c2)c(C2CCN(CCn4c(=O)[nH]c5ccccc5c4=O)CC2)cn3-c2ccc(F)cc2)n1,train,train,train,0,0,0.6923077,0.6923077,0.6923077
Cn1cc(-c2ccc3c(c2)c(C2CCN(CCN4CCNC4=O)CC2)cn3-c2ccc(F)cc2)nn1,train,train,test,0,0,0.8428571,0.8428571,0.8115942
O=C1NCCN1CCN1CCC(c2cn(-c3ccc(F)cc3)c3ccc(-c4cccnc4)cc23)CC1,train,train,train,0,0,0.7826087,0.7826087,0.8484849
CN1C[C@H](CNC(=O)OCc2ccccc2)C[C@@H]2c3cccc4c3c(cn4C)C[C@H]21,train,train,train,0,0,0.3292683,0.3292683,0.3292683
O=C1COc2cc(CN3CCN(c4ccc(Cl)cc4)CC3)ccc2N1,train,train,train,1,1,0.44285715,0.44285715,0.47058824
COc1cc2c(cc1OC)C1=NO[C@@H](CN3CCN(C/C(C)=C/c4ccccc4)CC3)[C@@H]1CO2,train,train,test,2,2,0.32051283,0.32051283,0.32051283
c1ccc(CC2CCN(CC3CCc4ccccc4O3)CC2)cc1,train,train,train,0,0,0.72727275,0.72727275,0.72727275
c1ccc(CC2CCN(CC3COc4ccccc4O3)CC2)cc1,train,train,test,0,0,0.6976744,0.6976744,0.6976744
O=C1CC(CN2CCC(Cc3ccccc3)CC2)Oc2ccccc21,train,train,train,0,0,0.63265306,0.63265306,0.62
O=C1c2ccccc2CCC1CN1CCC(Cc2ccccc2)CC1,train,train,train,0,0,0.73333335,0.73333335,0.73333335
O=C1c2ccccc2OCC1CN1CCC(Cc2ccccc2)CC1,train,train,train,0,0,0.64,0.64,0.64
O=c1c(CN2CCC(Cc3ccccc3)CC2)coc2ccccc12,train,train,train,0,0,0.43103448,0.43103448,0.43103448
COc1ccc2c(c1)CC(CN1CCC(Cc3ccccc3)CC1)CC2,test,test,train,0,0,0.70212764,0.70212764,0.70212764
COc1cccc2c1CC(CN1CCC(Cc3ccccc3)CC1)CC2,train,train,test,2,2,0.68085104,0.68085104,0.68085104
c1ccc(CN2CCN(CC3CCc4ccccc4C3)CC2)cc1,train,train,train,0,0,0.725,0.725,0.725
c1ccc(CN2CCN(CC3CCc4ccccc4O3)CC2)cc1,train,train,train,0,0,0.72727275,0.72727275,0.72727275
c1ccc(CN2CCN(CC3COc4ccccc4O3)CC2)cc1,train,train,train,1,1,0.6976744,0.6976744,0.6363636
O=C1c2ccccc2CCC1CN1CCN(Cc2ccccc2)CC1,train,train,train,0,0,0.73333335,0.73333335,0.73333335
c1ccc(CC2CCN(CC3CCc4ccccc4C3)CC2)cc1,train,train,train,0,0,0.725,0.725,0.725
c1ccc(CC2CCN(CC3COc4ccccc4C3)CC2)cc1,test,test,train,0,0,0.64444447,0.64444447,0.64444447
Nc1ccc(S(=O)(=O)n2cc(C3=CCNCC3)c3ccccc32)cc1,train,train,train,0,0,0.7222222,0.7222222,0.7222222
COc1ccc2c(c1)c(C1=CCNCC1)cn2S(=O)(=O)c1ccc(N)cc1,train,train,train,0,0,0.7222222,0.7222222,0.7222222
Nc1ccc(S(=O)(=O)n2cc(C3CCNCC3)c3ccc(Cl)cc32)cc1,train,train,train,0,0,0.41269842,0.41269842,0.41269842
O=S(=O)(c1ccccc1F)n1cc(C2=CCNCC2)c2ccccc21,test,test,train,0,0,0.65384614,0.65384614,0.65384614
COc1ccccc1N1CCN(CC2=NS(=O)(=O)c3ccc(C)cc3N2)CC1,train,train,test,2,2,0.8214286,0.8214286,0.8214286
COc1ccccc1N1CCN(CC2=NS(=O)(=O)c3ccc(Cl)cc3N2)CC1,train,train,train,2,2,0.8214286,0.8214286,0.609375
COc1ccccc1N1CCN(CC2Nc3ccccc3S(=O)(=O)N2)CC1,train,train,train,2,2,0.7818182,0.7818182,0.7818182
COc1ccccc1N1CCN(CC2Nc3cc(Cl)ccc3S(=O)(=O)N2)CC1,train,train,train,2,2,0.7818182,0.7818182,0.7818182
CC(COc1ccc2c(c1)NC(=O)CO2)NCC(O)COc1cccc2[nH]ccc12,test,test,train,0,0,0.6164383,0.6164383,0.6164383
O=C1COc2ccc(OCCNCCCOc3cccc4[nH]ccc34)cc2N1,train,train,train,0,0,0.64285713,0.64285713,0.6164383
O=C1COc2ccc(OC3CCN(CCOc4cccc5ncccc45)CC3)cc2N1,train,train,train,3,3,0.8030303,0.8030303,0.8923077
O=C1COc2ccc(OCC3CCN(CCOc4cccc5ncccc45)C3)cc2N1,train,train,train,3,3,0.9130435,0.9130435,0.9130435
O=C1COc2ccc(OCC3CCCN(CCOc4cccc5ncccc45)C3)cc2N1,train,train,train,3,3,0.9130435,0.9130435,0.9130435
O=C1COc2ccc(CN3CCN(CCOc4cccc5ncccc45)CC3)cc2N1,train,train,test,3,3,0.8030303,0.8030303,0.8030303
O=C1COc2ccc(CC3CCN(CCOc4cccc5ncccc45)CC3)cc2N1,train,train,train,3,3,0.8030303,0.8030303,0.75714284
Cc1ccc2c(OCCN3CCC(Cc4ccc5c(c4)NC(=O)CO5)CC3)cccc2n1,train,train,test,3,3,0.82857144,0.82857144,0.82857144
O=C1COc2ccc(OC3CCN(CCOc4cccc5[nH]ccc45)CC3)cc2N1,train,train,test,0,0,0.8,0.8,0.8
N#Cc1cc2c(OCCN3CCC(Oc4ccc5c(c4)NC(=O)CO5)CC3)cccc2[nH]1,train,train,train,0,0,0.74285716,0.74285716,0.74285716
CC1(C)OC2C=CC=CC2=C1OCCN1CCC(Oc2ccc3c(c2)NC(=O)CO3)CC1,train,train,train,0,0,0.58441556,0.58441556,0.58441556
O=C1COc2ccc(OC3CCN(CCOc4cccc5ccccc45)CC3)cc2N1,train,train,train,0,0,0.8030303,0.8030303,0.8030303
O=C1COc2ccc(OC3CCN(CCOc4nccc5ccccc45)CC3)cc2N1,train,train,train,0,0,0.77272725,0.77272725,0.77272725
O=C1COc2ccc(OC3CCN(CCOc4ccnc5ccccc45)CC3)cc2N1,test,test,train,3,3,0.8923077,0.8923077,0.8923077
O=C1COc2ccc(OC3CCN(CCOc4cccc5cccnc45)CC3)cc2N1,train,train,train,0,0,0.7878788,0.7878788,0.7878788
COc1ccccc1N1CCN(CCCCNC(=O)c2cc3cc(I)ccc3o2)CC1,train,train,test,2,2,0.7164179,0.7164179,0.7164179
O=C(NCCCCN1CCN(c2cccc(Cl)c2Cl)CC1)c1cc2cc(I)ccc2o1,train,train,train,1,1,0.7164179,0.7164179,0.6764706
COc1ccccc1N1CCN(CCCCNC(=O)c2cc3cc(I)ccc3s2)CC1,test,test,train,2,2,0.85,0.85,0.85
O=C(NCCCCN1CCN(c2cccc(Cl)c2Cl)CC1)c1cc2cc(I)ccc2s1,train,train,train,1,1,0.8333333,0.8333333,0.7164179
COc1ccccc1N1CCN(CCCCNC(=O)c2ccc(I)s2)CC1,train,train,train,2,2,0.71666664,0.71666664,0.71666664
O=C(NCCCCN1CCN(c2cccc(Cl)c2Cl)CC1)c1ccc(I)s1,train,train,train,1,1,0.7096774,0.7096774,0.7096774
c1ccc2c(N3CCN(CCc4ccc5c(c4)NCN5)CC3)cccc2c1,train,train,train,1,1,0.6226415,0.6226415,0.6226415
Cc1cccc(N2CCN(CCc3ccc4[nH]nnc4c3)CC2)c1C,test,test,train,1,1,0.7169811,0.7169811,0.7169811
c1ccc2c(N3CCN(CCc4ccc5[nH]nnc5c4)CC3)cccc2c1,train,train,train,1,1,0.7169811,0.7169811,0.7169811
COc1ccccc1N1CCN(CCc2ccc3[nH]nnc3c2)CC1,train,train,train,2,2,0.7169811,0.7169811,0.7169811
Oc1nc2cc(CCN3CCN(c4cccc(C(F)(F)F)c4)CC3)ccc2[nH]1,train,train,train,1,1,0.66101694,0.66101694,0.5964912
c1ccc(-c2nc3cc(CCN4CCN(c5ccccc5)CC4)ccc3[nH]2)cc1,test,test,train,1,1,0.55737704,0.55737704,0.55737704
C1=C(c2cc3ccccc3[nH]2)CC2CCC1N2CCOc1cccc2ncccc12,train,train,test,0,0,0.53521127,0.53521127,0.5555556
C1=C(c2ccc3ccccc3c2)CC2CCC1N2CCOc1cccc2[nH]ccc12,test,test,train,0,0,0.6984127,0.6984127,0.5890411
C1=C(c2c[nH]c3ccccc23)CC2CCC1N2CCOc1cccc2[nH]ccc12,train,train,test,0,0,0.73015875,0.73015875,0.73015875
C1=C(c2c[nH]c3ccccc23)CC2CCC1N2CCOc1cccc2c1OCCO2,train,train,train,0,0,0.73015875,0.73015875,0.6231884
O[C@H](COc1cccc2[nH]ccc12)CN1C2C=C(c3ccc4ccccc4c3)CC1CC2,test,test,test,0,0,0.7941176,0.7941176,0.7941176
O[C@H](COc1cccc2[nH]ccc12)CN1C2C=C(c3ccc(Cl)c(Cl)c3)CC1CC2,train,train,train,0,0,0.50666666,0.50666666,0.5890411
CN1CCC(c2n[nH]c3ccc(NC(=O)c4ccc(F)cc4)cc23)CC1,train,train,train,0,0,0.6779661,0.6779661,0.6779661
CN1CCC(c2noc3ccc(NC(=O)c4ccc(F)cc4)cc23)CC1,train,train,train,0,0,0.6779661,0.6779661,0.6779661
CN1CCC(n2ncc3ccc(NC(=O)c4ccc(F)cc4)cc32)CC1,train,train,train,0,0,0.6964286,0.6964286,0.6964286
CN1CCC(n2ccc3ccc(NC(=O)c4ccc(F)cc4)cc32)CC1,train,train,train,0,0,0.6964286,0.6964286,0.6964286
CN1CCC(C2CNc3ccc(NC(=O)c4ccc(F)cc4)cc32)CC1,train,train,train,0,0,0.5762712,0.5762712,0.55737704
CN1CCC(N2CCc3ccc(NC(=O)c4ccc(F)cc4)cc32)CC1,train,train,test,0,0,0.71428573,0.71428573,0.71428573
CN1CCC(N2CCOc3ccc(NC(=O)c4ccc(F)cc4)cc32)CC1,train,train,train,0,0,0.71428573,0.71428573,0.5645161
CCCN(CCC)[C@H]1CCc2c(cccc2-c2c(OC)cccc2OC)C1,train,train,train,2,2,0.7173913,0.7173913,0.7173913
COc1cccc(OC)c1-c1cccc2c1CC[C@H](N(C)C)C2,train,train,train,2,2,0.7173913,0.7173913,0.7173913
O=C1CC2(CCCC2)CC(=O)N1CCN1CCN(c2ccc(F)cc2F)CC1,train,train,train,1,1,0.7659575,0.7659575,0.7659575
O=C1CC2(CCCC2)CC(=O)N1CCN1CCN(c2ccc(F)c(F)c2)CC1,test,test,train,1,1,0.76086956,0.76086956,0.71428573
O=C1CC2(CCCC2)CC(=O)N1CCN1CCN(c2cc(F)c(F)cc2F)CC1,train,train,train,1,1,0.7659575,0.7659575,0.7659575
Cc1ccc2c(OCCN3CCN(CN4C=CC5=CC(=O)CC=C5O4)CC3)cccc2n1,train,train,test,3,3,0.49315068,0.49315068,0.49333334
Cc1ccc2c(OCCN3CCN(Cc4ccc(O)c([N+](=O)[O-])c4)CC3)cccc2n1,train,train,train,3,3,0.83870965,0.83870965,0.83870965
COc1ccc(CN2CCN(CCOc3cccc4nc(C)ccc34)CC2)cc1[N+](=O)[O-],test,test,test,3,3,0.83870965,0.83870965,0.83870965
Cc1ccc2c(OCCN3CCN(Cc4ccc(F)c([N+](=O)[O-])c4)CC3)cccc2n1,train,train,train,3,3,0.83870965,0.83870965,0.83870965
Cc1ccc2c(OCCN3CCN(Cc4ccc(C)c([N+](=O)[O-])c4)CC3)cccc2n1,train,train,train,3,3,0.83870965,0.83870965,0.83870965
Cc1ccc2c(OCCN3CCN(Cc4ccc(Cl)c([N+](=O)[O-])c4)CC3)cccc2n1,train,train,train,3,3,0.83870965,0.83870965,0.83870965
Cc1ccc2c(OCCN3CCN(Cc4cc(Cl)ccc4Cl)CC3)cccc2n1,test,test,train,3,3,0.6779661,0.6779661,0.6779661
Cc1ccc2c(OCCN3CCN(Cc4ccc5[nH]ccc5c4)CC3)cccc2n1,train,train,test,3,3,0.6825397,0.6825397,0.6825397
Cc1ccc2c(OCCN3CCN(Cc4cccc5ncccc45)CC3)cccc2n1,train,train,train,3,3,0.8148148,0.8148148,0.8148148
Cc1ccc2c(OCCN3CCN(Cc4cccc5ncncc45)CC3)cccc2n1,train,train,train,3,3,0.76785713,0.76785713,0.76785713
Cc1ccc2c(OCCN3CCN(Cc4cccc5cccnc45)CC3)cccc2n1,train,train,train,3,3,0.8148148,0.8148148,0.8148148
Cc1ccc2c(OCCN3CCN(Cc4cccc5cc[nH]c45)CC3)cccc2n1,train,train,train,3,3,0.7,0.7,0.7
Cc1ccc2c(OCCN3CCN(Cc4cccc5[nH]cnc45)CC3)cccc2n1,train,train,train,3,3,0.71666664,0.71666664,0.71666664
CN1CCC[C@@H]1Cc1c[nH]c2ccc(NS(=O)(=O)c3ccccc3Cl)cc12,test,test,test,4,4,0.75,0.75,0.75
CN1CCC[C@@H]1Cc1c[nH]c2ccc(NS(=O)(=O)c3cccc(Cl)c3)cc12,train,train,train,4,4,0.49315068,0.49315068,0.49315068
O=S(=O)(Nc1ccc2[nH]cc(C[C@H]3CCCN3)c2c1)c1ccccc1Cl,train,train,train,4,4,0.65625,0.65625,0.65625
O=S(=O)(Cc1ccccc1I)Nc1ccc2[nH]cc(C[C@H]3CCCN3)c2c1,train,train,train,4,4,0.65625,0.65625,0.65625
CN1CCN(c2cc3c(cc2Cl)CCN3C(=O)Nc2ccc(-c3ccncc3)c3ccccc23)CC1,train,train,train,1,1,0.52112675,0.52112675,0.4520548
COc1cc2c(cc1N1CCN(C)CC1)N(C(=O)c1ccc(-c3cccc(C)n3)c3ccccc13)CC2,train,train,train,2,2,0.8208955,0.8208955,0.8208955
COc1cc2c(cc1N1C[C@H](C)N(C)[C@H](C)C1)N(C(=O)c1ccc(-c3cccc(C)n3)c3ccccc13)CC2,train,train,train,2,2,0.8450704,0.8450704,0.8450704
COc1cc2c(cc1N1C[C@H](C)N[C@H](C)C1)N(C(=O)c1ccc(-c3cccc(C)n3)c3ccccc13)CC2,test,test,test,2,2,0.8382353,0.8382353,0.8382353
CCN1[C@@H](C)CN(c2cc3c(cc2OC)CCN3C(=O)c2ccc(-c3cccc(C)n3)c3ccccc23)C[C@H]1C,test,test,train,2,2,0.8873239,0.8873239,0.8873239
CCCN1[C@@H](C)CN(c2cc3c(cc2OC)CCN3C(=O)c2ccc(-c3cccc(C)n3)c3ccccc23)C[C@H]1C,train,train,train,2,2,0.8450704,0.8450704,0.8873239
COc1cc2c(cc1N1CCN(C)CC1)N(C(=O)Nc1cccc(Cl)c1Cl)CC2,train,train,test,2,2,0.52112675,0.52112675,0.8
COc1cc2c(cc1N1C[C@H](C)N(C)[C@H](C)C1)N(C(=O)Nc1cccc(Cl)c1Cl)CC2,test,test,train,2,2,0.8,0.8,0.5063291
COc1cc2c(cc1N1CCN(C)CC1)N(C(=O)Cc1cccc([N+](=O)[O-])c1)CC2,train,train,train,2,2,0.8064516,0.8064516,0.46753246
COc1cc2c(cc1N1C[C@H](C)N(C)[C@H](C)C1)N(C(=O)Cc1cccc([N+](=O)[O-])c1)CC2,train,train,test,2,2,0.8064516,0.8064516,0.8064516
COc1ccc(NC(=O)N2CCN(c3ccc(Cl)cc3)CC2)cc1N1CCN(C)CC1,train,train,train,2,2,0.8113208,0.8113208,0.8113208
COc1ccc(NC(=O)N2CCN(c3ccc(F)cc3)CC2)cc1N1CCN(C)CC1,train,train,train,2,2,0.8113208,0.8113208,0.8301887
COc1ccc(NC(=O)N2CCN(c3ccc(-c4ccccc4)cc3)CC2)cc1N1CCN(C)CC1,train,train,test,2,2,0.7818182,0.7818182,0.7818182
COc1ccc(NC(=O)N2CCN(c3ccc(C(F)(F)F)cc3)CC2)cc1N1CCN(C)CC1,train,train,train,2,2,0.8,0.8,0.8
COc1ccc(NC(=O)N2CCN(c3ccc(SC)cc3)CC2)cc1N1CCN(C)CC1,test,test,train,2,2,0.8301887,0.8301887,0.8301887
COc1ccccc1N1CCC(C(=O)Nc2ccc(OC)c(N3CCN(C)CC3)c2)CC1,train,train,train,2,2,0.7169811,0.7169811,0.7169811
COc1ccccc1N1CCN(CCCCNC(=O)c2ccc(F)cc2)CC1,train,train,train,2,2,0.877551,0.877551,0.8
O=C(NCCCCN1CCN(c2cccc(Cl)c2Cl)CC1)c1ccc(F)cc1,train,train,train,1,1,0.71666664,0.71666664,0.76785713
COc1ccccc1N1CCN(CCCCNC(=O)c2ccc(F)nc2)CC1,train,train,train,2,2,0.86440676,0.86440676,0.86440676
O=C(NCCCCN1CCN(c2cccc(Cl)c2Cl)CC1)c1ccc(F)nc1,test,test,train,1,1,0.76785713,0.76785713,0.76785713
COc1ccccc1N1CCN(CCCCNC(=O)c2cccc(F)n2)CC1,train,train,train,2,2,0.74603176,0.74603176,0.74603176
O=C(NCCCCN1CCN(c2cccc(Cl)c2Cl)CC1)c1cccc(F)n1,train,train,test,1,1,0.7017544,0.7017544,0.7017544
COc1ccccc1N1CCN(CCCCNS(=O)(=O)c2ccc(F)cc2)CC1,test,test,train,2,2,0.84615386,0.84615386,0.8076923
O=S(=O)(NCCCCN1CCN(c2cccc(Cl)c2Cl)CC1)c1ccc(F)cc1,train,train,train,1,1,0.6666667,0.6666667,0.68421054
CN(C)CC(O)COc1cccc2[nH]ccc12,test,test,train,2,2,0.65217394,0.65217394,0.65217394
CN1[C@H]2CC[C@@H]1C[C@H](OC(=O)c1c[nH]c3ccccc13)C2,train,train,train,4,4,0.32876712,0.32876712,0.35714287
CN1CCN(c2nccc3cc4c(cc23)N(C(=O)c2ccc(Cl)cc2)CC4)CC1,test,test,train,1,1,0.75438595,0.75438595,0.7894737
CN1CCN(c2nccc3cc4c(cc23)N(C(=O)c2ccc(C#N)cc2)CC4)CC1,test,test,train,1,1,0.6956522,0.6956522,0.7894737
CN1CCN(c2nccc3cc4c(cc23)N(C(=O)c2ccccc2C(F)(F)F)CC4)CC1,train,train,train,1,1,0.7627119,0.7627119,0.7627119
CN1CCN(c2nccc3cc4c(cc23)N(C(=O)c2ccccc2Cl)CC4)CC1,train,train,train,1,1,0.7627119,0.7627119,0.7627119
CN1CCN(c2nccc3cc4c(cc23)N(C(=O)c2ccc(C(F)(F)F)nc2)CC4)CC1,train,train,train,1,1,0.7076923,0.7076923,0.7096774
CN1CCN(c2nccc3cc4c(cc23)N(C(=O)c2cccc3ncccc23)CC4)CC1,train,train,train,1,1,0.7457627,0.7457627,0.7457627
Cc1cc(C(=O)N2CCc3cc4ccnc(N5CCN(C)CC5)c4cc32)c(C(F)(F)F)o1,train,train,test,1,1,0.7076923,0.7076923,0.7076923
Cc1nc(C)c(C(=O)N2CCc3cc4ccnc(N5CCN(C)CC5)c4cc32)o1,train,train,train,1,1,0.6769231,0.6769231,0.6721311
CN1CCN(c2nccc3cc4c(cc23)N(C(=O)c2cnn(C)c2C(F)(F)F)CC4)CC1,train,train,test,1,1,0.73015875,0.73015875,0.73015875
CN1CCN(c2nccc3cc4c(cc23)N(C(=O)c2cnn3ccccc23)CC4)CC1,test,test,train,1,1,0.7096774,0.7096774,0.7096774
Cc1c(C(=O)N2CCc3cc4ccnc(N5CCN(C)CC5)c4cc32)cnn1-c1ccccc1,train,train,train,1,1,0.6875,0.6875,0.70149255
CCc1c(C(=O)N2CCc3cc4ccnc(N5CCN(C)CC5)c4cc32)cnn1-c1ccc(C#N)cc1,train,train,train,1,1,0.89855075,0.89855075,0.87142855
CCc1c(C(=O)N2CCc3cc4ccnc(N5CCNCC5)c4cc32)cnn1-c1ccc(C#N)cc1,train,train,train,1,1,0.87142855,0.87142855,0.87142855
CCc1c(C(=O)N2CCc3cc4ccnc(N5CCN(CC)CC5)c4cc32)cnn1-c1ccc(C#N)cc1,train,train,test,1,1,0.89855075,0.89855075,0.89855075
CCc1c(C(=O)N2CCc3cc4ccnc(N5CCN(C(C)C)CC5)c4cc32)cnn1-c1ccc(C#N)cc1,train,train,train,1,1,0.8611111,0.8611111,0.8611111
CCc1c(C(=O)N2CCc3cc4ccnc(N5C[C@H](C)N[C@H](C)C5)c4cc32)cnn1-c1ccc(C#N)cc1,train,train,train,1,1,0.8243243,0.8243243,0.8243243
COc1ccc(NC(=O)N2CCN(c3ccccc3OC)CC2)cc1N1CCN(C)CC1,train,train,train,2,2,0.85714287,0.85714287,0.85714287
COc1ccc(NC(=O)N2CCN(c3ccccc3Cl)CC2)cc1N1CCN(C)CC1,train,train,train,2,2,0.85714287,0.85714287,0.85714287
COc1ccc(NC(=O)N2CCN(c3ccccc3F)CC2)cc1N1CCN(C)CC1,train,train,train,2,2,0.84,0.84,0.84
COc1cccc2c1CCCC2CN(C)CCc1cccc(F)c1,test,test,train,2,2,0.7118644,0.7118644,0.7118644
COc1cccc2c1CCCC2CN(C)CCc1ccc2c(c1)OCO2,train,train,train,2,2,0.6984127,0.6984127,0.7118644
COc1cccc2c1CCC[C@H]2CN(C)CCc1ccc2ccoc2c1,train,train,train,2,2,0.6984127,0.6984127,0.6984127
COc1ccc(COc2ccccc2OCCNCCOc2c(OC)cccc2OC)cc1,test,test,train,2,2,0.825,0.825,0.825
COc1cccc(COc2ccccc2OCCNCCOc2c(OC)cccc2OC)c1,train,train,train,2,2,0.78571427,0.78571427,0.78571427
COc1ccccc1COc1ccccc1OCCNCCOc1c(OC)cccc1OC,train,train,train,2,2,0.825,0.825,0.825
COc1cccc(OC)c1OCCNCCOc1ccccc1OCc1ccc([N+](=O)[O-])cc1,test,test,train,2,2,0.74509805,0.74509805,0.81632656
COc1cccc(OC)c1OCCNCCOc1ccccc1OCc1cccc([N+](=O)[O-])c1,test,test,train,2,2,0.7307692,0.7307692,0.81632656
COc1cccc(OC)c1OCCNCCOc1ccccc1OCc1ccccc1[N+](=O)[O-],train,train,train,2,2,0.74509805,0.74509805,0.74509805
COc1cccc(OC)c1OCCNCCOc1ccccc1OCc1ccc(C)cc1,train,train,test,2,2,0.825,0.825,0.825
COc1cccc(OC)c1OCCNCCOc1ccccc1OCc1cccc(C)c1,train,train,train,2,2,0.78571427,0.78571427,0.78571427
COc1cccc(OC)c1OCCNCCOc1ccccc1OCc1ccccc1C,train,train,train,2,2,0.825,0.825,0.825
COc1cccc(OC)c1OCCNCCOc1ccccc1OCc1ccc(Cl)cc1,train,train,train,2,2,0.80487806,0.80487806,0.80487806
COc1cccc(OC)c1OCCNCCOc1ccccc1OCc1cccc(Cl)c1,train,train,train,2,2,0.7777778,0.7777778,0.7777778
COc1cccc(OC)c1OCCNCCOc1ccccc1OCc1ccccc1Cl,train,train,train,2,2,0.80487806,0.80487806,0.80487806
CN1CCc2c(sc3ncn(CCN4CCN(c5nccc6ccccc56)CC4)c(=O)c23)C1,train,train,train,1,1,0.7761194,0.7761194,0.7761194
CN1CCc2c(sc3ncn(CCN4CCN(c5cccc6ccccc56)CC4)c(=O)c23)C1,test,test,test,1,1,0.859375,0.859375,0.859375
CN1CCc2c(sc3ncn(CCN4CCN(c5ccc6ccccc6n5)CC4)c(=O)c23)C1,test,test,train,1,1,0.71014494,0.71014494,0.71014494
CN1CCc2c(sc3ncn(CCN4CCN(c5ncnc6ccccc56)CC4)c(=O)c23)C1,train,train,train,1,1,0.7761194,0.7761194,0.7761194
CN1CCc2c(sc3ncn(CCN4CCN(c5cccc6cccnc56)CC4)c(=O)c23)C1,train,train,train,1,1,0.7794118,0.7794118,0.7794118
CN1CCc2c(sc3ncn(CCN4CCN(c5cccc6ccncc56)CC4)c(=O)c23)C1,train,train,train,1,1,0.8923077,0.8923077,0.8923077
CN1CCc2c(sc3ncn(CCN4CCN(c5cccc6cnccc56)CC4)c(=O)c23)C1,train,train,train,1,1,0.8923077,0.8923077,0.8923077
CN1CCc2c(sc3ncn(CCN4CCN(c5cccc6ncccc56)CC4)c(=O)c23)C1,train,train,train,1,1,0.7794118,0.7794118,0.9047619
CN1CCc2c(sc3ncn(CCN4CCN(c5ccnc6ccccc56)CC4)c(=O)c23)C1,test,test,train,1,1,0.9047619,0.9047619,0.9047619
CN1CCc2c(sc3ncn(CCN4CCN(c5cncc6ccccc56)CC4)c(=O)c23)C1,train,train,train,1,1,0.8208955,0.8208955,0.8208955
CN1CCc2c(sc3ncn(CCN4CCN(c5cccc6ccsc56)CC4)c(=O)c23)C1,train,train,train,1,1,0.7647059,0.7647059,0.7647059
CN1CCc2c(sc3ncn(CCN4CCN(c5cccc6c5OCC6)CC4)c(=O)c23)C1,test,test,train,1,1,0.7205882,0.7205882,0.7205882
COc1ccc2ccccc2c1N1CCN(CCn2cnc3sc4c(c3c2=O)CCN(C)C4)CC1,train,train,test,1,1,0.7536232,0.7536232,0.7536232
COc1c(Cl)cc(Cl)cc1N1CCN(CCn2cnc3sc4c(c3c2=O)CCN(C)C4)CC1,train,train,train,1,1,0.79710144,0.79710144,0.79710144
COc1cc(Cl)c(Cl)cc1N1CCN(CCn2cnc3sc4c(c3c2=O)CCN(C)C4)CC1,test,test,train,1,1,0.8208955,0.8208955,0.8208955
COc1c(Cl)cccc1N1CCN(CCn2cnc3sc4c(c3c2=O)CCN(C)C4)CC1,train,train,train,1,1,0.828125,0.828125,0.828125
COc1cc(Cl)ccc1N1CCN(CCn2cnc3sc4c(c3c2=O)CCN(C)C4)CC1,train,train,train,1,1,0.8787879,0.8787879,0.8787879
COc1ccc(-c2ccccc2)cc1N1CCN(CCn2cnc3sc4c(c3c2=O)CCN(C)C4)CC1,train,train,train,2,2,0.8088235,0.8088235,0.8088235
COc1ccc(C(F)(F)F)cc1N1CCN(CCn2cnc3sc4c(c3c2=O)CCN(C)C4)CC1,train,train,train,2,2,0.82608694,0.82608694,0.8
COc1ccc(C)cc1N1CCN(CCn2cnc3sc4c(c3c2=O)CCN(C)C4)CC1,train,train,train,2,2,0.8484849,0.8484849,0.8358209
COc1ccc(OC)c(N2CCN(CCn3cnc4sc5c(c4c3=O)CCN(C)C5)CC2)c1,train,train,test,2,2,0.8484849,0.8484849,0.8484849
COc1ccc(Cl)cc1N1CCN(CCn2cnc3sc4c(c3c2=O)CCN(C)C4)CC1,train,train,train,1,1,0.8787879,0.8787879,0.8787879
CN1CCc2c(sc3ncn(CCN4CCN(c5ccccc5OCc5ccccc5)CC4)c(=O)c23)C1,train,train,train,1,1,0.83076924,0.83076924,0.83076924
CN1CCc2c(sc3ncn(CCN4CCN(c5ccccc5Oc5ccccc5)CC4)c(=O)c23)C1,test,test,train,1,1,0.83076924,0.83076924,0.83076924
CN1CCc2c(sc3ncn(CCN4CCN(c5ccccc5OCC(C)(C)C)CC4)c(=O)c23)C1,train,train,train,1,1,0.83076924,0.83076924,0.83076924
CC(C)Oc1ccccc1N1CCN(CCn2cnc3sc4c(c3c2=O)CCN(C)C4)CC1,train,train,train,1,1,0.84375,0.84375,0.84375
CN1CCc2c(sc3ncn(CCN4CCN(c5ccccc5C#N)CC4)c(=O)c23)C1,train,train,train,1,1,0.8196721,0.8196721,0.8196721
CN1CCc2c(sc3ncn(CCN4CCN(c5ccccc5Cl)CC4)c(=O)c23)C1,train,train,train,1,1,0.8333333,0.8333333,0.8333333
CN1CCc2c(sc3ncn(CCN4CCN(c5ccccc5-c5ccccc5)CC4)c(=O)c23)C1,test,test,train,1,1,0.7936508,0.7936508,0.7936508
Cc1ccccc1N1CCN(CCn2cnc3sc4c(c3c2=O)CCN(C)C4)CC1,train,train,train,1,1,0.8333333,0.8333333,0.8333333
COc1ccccc1N1CCN(CCn2cnc3sc4c(c3c2=O)CCN(C)C4)CC1,train,train,train,2,2,0.84375,0.84375,0.84375
COc1ccccc1N1CCN(CCn2c(=O)[nH]c3[nH]c(-c4ccccc4)cc3c2=O)CC1,train,train,train,2,2,0.8947368,0.8947368,0.8947368
O=c1[nH]c2[nH]c(-c3ccc(Cl)cc3)cc2c(=O)n1CCN1CCN(c2ccccc2Cl)CC1,train,train,train,1,1,0.8867925,0.8867925,0.8867925
COc1ccccc1N1CCN(CCn2c(=O)[nH]c3[nH]c(-c4ccc(Cl)cc4)cc3c2=O)CC1,train,train,train,2,2,0.8666667,0.8666667,0.8666667
COc1ccc(-c2cc3c(=O)n(CCN4CCN(c5ccccc5Cl)CC4)c(=O)[nH]c3[nH]2)cc1,train,train,train,1,1,0.8135593,0.8135593,0.8305085
COc1ccc(-c2cc3c(=O)n(CCN4CCN(c5ccccc5OC)CC4)c(=O)[nH]c3[nH]2)cc1,test,test,test,2,2,0.88135594,0.88135594,0.88135594
Cc1ccc(-c2cc3c(=O)n(CCN4CCN(c5ccccc5Cl)CC4)c(=O)[nH]c3[nH]2)cc1,test,test,train,1,1,0.8727273,0.8727273,0.8727273
COc1ccccc1N1CCN(CCn2c(=O)[nH]c3[nH]c(-c4ccc(C)cc4)cc3c2=O)CC1,train,train,train,2,2,0.8947368,0.8947368,0.8947368
O=c1[nH]c2[nH]c(-c3ccccc3Cl)cc2c(=O)n1CCN1CCN(c2ccccc2Cl)CC1,train,train,train,1,1,0.82758623,0.82758623,0.8545455
COc1ccccc1N1CCN(CCn2c(=O)[nH]c3[nH]c(-c4ccccc4Cl)cc3c2=O)CC1,train,train,train,2,2,0.8833333,0.8833333,0.8833333
COc1ccccc1-c1cc2c(=O)n(CCN3CCN(c4ccccc4Cl)CC3)c(=O)[nH]c2[nH]1,train,train,train,2,2,0.8833333,0.8833333,0.8833333
COc1ccccc1-c1cc2c(=O)n(CCN3CCN(c4ccccc4OC)CC3)c(=O)[nH]c2[nH]1,train,train,train,2,2,0.87931037,0.87931037,0.87931037
Cc1ccccc1-c1cc2c(=O)n(CCN3CCN(c4ccccc4Cl)CC3)c(=O)[nH]c2[nH]1,test,test,train,1,1,0.8545455,0.8545455,0.8545455
COc1ccccc1N1CCN(CCn2c(=O)[nH]c3[nH]c(-c4ccccc4C)cc3c2=O)CC1,train,train,train,2,2,0.87931037,0.87931037,0.87931037
O=c1[nH]c2[nH]c(-c3ccccc3)cc2c(=O)n1CCN1CCN(c2ccccc2Cl)CC1,train,train,train,1,1,0.8867925,0.8867925,0.8867925
Cn1c(=O)cnn(CCCCN2CCN(c3cccc4ccc(O[11CH3])cc34)CC2)c1=O,train,train,train,1,1,0.9814815,0.9814815,0.962963
C[C@H](N)Cn1ncc2ccc(O)cc21,test,test,train,3,3,0.3265306,0.3265306,0.3265306
COc1cccc2c1OC(CNCCc1c[nH]c3ccc(F)cc13)CN2,test,test,train,4,4,0.7121212,0.7121212,0.7258065
CCCN1CC(CN2CC=C(c3c[nH]c4ccc(F)cc34)CC2)Oc2c(OC)cccc21,train,train,train,4,4,0.8873239,0.8873239,0.8873239
C1=C(c2c[nH]c3ccccc23)CCN(CC2CNc3ccccc3O2)C1,train,train,train,4,4,0.5915493,0.5915493,0.5915493
CCN1CC(CN2CC=C(c3c[nH]c4ccc(F)cc34)CC2)Oc2c(OC)cccc21,train,train,train,4,4,0.8873239,0.8873239,0.8873239
COc1cccc2c1OC(CN1CC=C(c3c[nH]c4ccc(F)cc34)CC1)CN2C,test,test,train,4,4,0.85915494,0.85915494,0.85915494
COc1cccc2c1OC(CN1CC=C(c3c[nH]c4ccc(F)cc34)CC1)CN2,train,train,train,4,4,0.7297297,0.7297297,0.75
c1ccc(N2CC(CNCCCc3c[nH]c4ccccc34)Oc3ccccc32)cc1,train,train,train,4,4,0.73333335,0.73333335,0.8867925
c1ccc(N2CC(CNCCc3c[nH]c4ccccc34)Oc3ccccc32)cc1,test,test,train,4,4,0.8867925,0.8867925,0.8867925
Fc1ccc2[nH]cc(CCNCC3CN(Cc4ccccc4)c4ccccc4O3)c2c1,test,test,train,4,4,0.8064516,0.8064516,0.8064516
Fc1ccc2[nH]cc(CCNCC3CN(c4ccccc4)c4ccccc4O3)c2c1,train,train,train,4,4,0.7704918,0.7704918,0.79310346
c1ccc(CN2CC(CNCCCc3c[nH]c4ccccc34)Oc3ccccc32)cc1,train,train,test,4,4,0.73333335,0.73333335,0.73333335
c1ccc2c(c1)NCC(CNCCc1c[nH]c3ccccc13)O2,train,train,train,4,4,0.6,0.6,0.7777778
CN1CC(CNCCc2c[nH]c3ccccc23)Oc2ccccc21,test,test,train,4,4,0.78571427,0.78571427,0.7818182
CC(C)CN1CC(CNCCc2c[nH]c3ccc(F)cc23)Oc2ccccc21,train,train,train,4,4,0.82258064,0.82258064,0.82258064
CN1CC(CNCCc2c[nH]c3ccc(F)cc23)Oc2cc(Cl)ccc21,train,train,train,4,4,0.8032787,0.8032787,0.64705884
CC(C)N1CC(CNCCCc2c[nH]c3ccccc23)Oc2ccccc21,train,train,train,4,4,0.71666664,0.71666664,0.71666664
CCCN1CC(CNCCc2c[nH]c3ccccc23)Oc2ccccc21,train,train,train,4,4,0.6825397,0.6825397,0.7818182
CC(C)N1CC(CNCCc2c[nH]c3ccc(F)cc23)Oc2ccccc21,train,train,train,4,4,0.78688526,0.78688526,0.78125
Fc1ccc2[nH]cc(CCNCC3CNc4ccccc4O3)c2c1,test,test,train,4,4,0.7777778,0.7777778,0.7777778
CCN1CC(CNCCc2c[nH]c3ccc(F)cc23)Oc2ccccc21,train,train,train,4,4,0.82258064,0.82258064,0.82258064
CN1CC(CNCCc2c[nH]c3ccc(F)cc23)Oc2ccccc21,train,train,test,4,4,0.8032787,0.8032787,0.8032787
COc1ccc2c(c1)OC(CNCCc1c[nH]c3ccc(F)cc13)CN2,train,train,train,4,4,0.5714286,0.5714286,0.7419355
O=S(=O)(c1ccccc1)C1(CCCN2CCc3ccccc3C2)CCC1,train,train,train,0,0,0.6037736,0.6037736,0.6037736
CC(C)(CCCN1CCCC(c2ccccc2)C1)S(=O)(=O)c1ccccc1,train,train,train,0,0,0.64912283,0.64912283,0.6862745
CCOC(=O)[C@@H]1CCCN(CCCC(C)(C)S(=O)(=O)c2ccccc2)C1,train,train,train,0,0,0.64912283,0.64912283,0.64912283
CC(C)(CCCN1CC[C@@H]2CCCC[C@H]2C1)S(=O)(=O)c1ccccc1,test,test,train,0,0,0.6862745,0.6862745,0.6862745
O=S(=O)(c1ccccc1)C1(CCCN2CCC3CCCCC3C2)CCC1,train,train,train,0,0,0.6037736,0.6037736,0.6037736
COc1cccc(N2CCN(CCCCn3ncc(=O)n(C)c3=O)CC2)c1,train,train,train,1,1,0.78431374,0.78431374,0.754717
CC(=O)Nc1cccc(N2CCN(CC3CCN(S(=O)(=O)c4ccc(F)cc4)CC3)CC2)c1,test,test,test,1,1,0.71666664,0.71666664,0.71666664
CC(=O)Nc1cccc(N2CCN(CC3CCN(S(=O)(=O)C(C)C)CC3)CC2)c1,train,train,train,1,1,0.58064514,0.58064514,0.7288136
CC(=O)Nc1cccc(N2CCN(CC3CCN(S(=O)(=O)CC4CCCCC4)CC3)CC2)c1,test,test,train,1,1,0.7288136,0.7288136,0.7288136
CC(=O)Nc1cccc(N2CCN(CCCCN(C)S(=O)(=O)CC(C)C)CC2)c1,train,train,test,1,1,0.73770493,0.73770493,0.6779661
CC(=O)Nc1cccc(N2CCN(CCCCN(C)S(=O)(=O)CC3CCCCC3)CC2)c1,train,train,test,1,1,0.73770493,0.73770493,0.71428573
CC(=O)Nc1cccc(N2CCN(CCCCNS(=O)(=O)CC(C)C)CC2)c1,train,train,test,1,1,0.8490566,0.8490566,0.8490566
O=C(Nc1cccc(N2CCN(CCCCNS(=O)(=O)CC3CCCCC3)CC2)c1)C1CC1,train,train,train,1,1,0.6818182,0.6818182,0.8305085
CC(=O)Nc1cccc(N2CCN(CCCCNS(=O)(=O)CC3CCCCC3)CC2)c1,test,test,train,1,1,0.8305085,0.8305085,0.8305085
CC(=O)Nc1cccc(N2CCN(CCCCNS(=O)(=O)C(C)C)CC2)c1,train,train,train,1,1,0.8490566,0.8490566,0.7118644
CC(=O)Nc1cccc(N2CCN(CCCCNS(=O)(=O)C3CCCCC3)CC2)c1,train,train,train,1,1,0.69491524,0.69491524,0.779661
CC(=O)Nc1cccc(N2CCN(CCCCNS(=O)(=O)c3ccc(F)cc3)CC2)c1,train,train,test,1,1,0.83928573,0.83928573,0.83928573
Cc1ccc(S(=O)(=O)NCCCCN2CCN(c3cccc(NC(=O)C(C)(C)C)c3)CC2)cc1,train,train,train,1,1,0.82758623,0.82758623,0.82758623
Cc1ccc(S(=O)(=O)NCCCCN2CCN(c3cccc(NC(=O)C4CC4)c3)CC2)cc1,train,train,train,1,1,0.8135593,0.8135593,0.8135593
Cc1ccc(S(=O)(=O)NCCCCN2CCN(c3cccc(NC(=O)C(C)C)c3)CC2)cc1,train,train,train,1,1,0.82758623,0.82758623,0.82758623
CCCC(=O)Nc1cccc(N2CCN(CCCCNS(=O)(=O)c3ccc(C)cc3)CC2)c1,train,train,test,1,1,0.8135593,0.8135593,0.86440676
CCC(=O)Nc1cccc(N2CCN(CCCCNS(=O)(=O)c3ccc(C)cc3)CC2)c1,test,test,train,1,1,0.86440676,0.86440676,0.84210527
CC(=O)Nc1cccc(N2CCN(CCCCNS(=O)(=O)c3ccc(C)cc3)CC2)c1,train,train,train,1,1,0.83928573,0.83928573,0.84210527
Cc1ccc(S(=O)(=O)NCCCCN2CCN(c3cccc(NS(=O)(=O)C(C)C)c3)CC2)cc1,train,train,train,1,1,0.8103448,0.8103448,0.8103448
CCS(=O)(=O)Nc1cccc(N2CCN(CCCCNS(=O)(=O)c3ccc(C)cc3)CC2)c1,test,test,train,1,1,0.83928573,0.83928573,0.83928573
Cc1ccc(S(=O)(=O)NCCCCN2CCN(c3cccc(NS(C)(=O)=O)c3)CC2)cc1,train,train,train,1,1,0.8103448,0.8103448,0.83928573
Cc1ccc(S(=O)(=O)NCCCCN2CCN(c3ccccc3)CC2)cc1,test,test,train,1,1,0.7222222,0.7222222,0.7222222
COc1ccccc1N1CCN(CCCCNS(=O)(=O)c2ccc(C)cc2)CC1,train,train,test,2,2,0.8076923,0.8076923,0.84615386
CC1(C)CC(=O)N(CCCCN2CCN(c3ncccn3)CC2)C(=O)C1,train,train,train,1,1,0.73333335,0.73333335,0.73333335
O=C1CCC(=O)N1C[C@H]1CC[C@H]2CN(c3ncccn3)CCN2C1,train,train,train,0,0,0.44067797,0.44067797,0.33898306
O=C1c2ccccc2S(=O)(=O)N1CCCCN1CCN(c2ncccn2)CC1,train,train,train,1,1,0.7916667,0.7916667,0.9767442
COc1ccccc1N1CCN(CCCCNC(=O)c2cc3c4ccc(c3o2)CCc2ccc(cc2)CC4)CC1,train,train,train,2,2,0.6081081,0.6081081,0.5882353
O=C(NCCCCN1CCN(c2cccc(F)c2F)CC1)c1cc2ccc1CCc1ccc(cc1)CC2,train,train,train,1,1,0.75,0.75,0.75
COc1c(Cl)cccc1N1CCN(CCCCNC(=O)c2cc3ccc2CCc2ccc(cc2)CC3)CC1,train,train,train,1,1,0.7903226,0.7903226,0.7903226
O=C(NCCCCN1CCN(c2cccc(Cl)c2Cl)CC1)c1cc2ccc1CCc1ccc(cc1)CC2,train,train,train,1,1,0.7903226,0.7903226,0.7903226
COc1ccccc1N1CCN(Cc2cnn(-c3ccccc3)c2)CC1,train,train,train,2,2,0.51785713,0.51785713,0.51785713
C1=C(c2ccccc2)CCN(Cc2cnn(-c3ccccc3)c2)C1,test,test,train,1,1,0.4909091,0.4909091,0.4909091
O=C(CCCN1C2CCC1CC(O)(c1ccc(Cl)cc1)C2)c1ccc(F)cc1,train,train,test,0,0,0.8,0.8,0.62068963
NC(=O)c1ccc(F)c2c1CC(N(CCCCc1c[nH]c3ccc(F)cc13)C1CCC1)CO2,train,train,train,4,4,0.8428571,0.8428571,0.8194444
NC(=O)c1ccc(F)c2c1CC(N(CCCCc1c[nH]c3ccc(F)cc13)CC1CC1)CO2,train,train,train,4,4,0.8333333,0.8333333,0.8333333
NC(=O)c1ccc(F)c2c1CC(N(CCc1c[nH]c3ccc(F)cc13)CC1CC1)CO2,test,test,test,4,4,0.89855075,0.89855075,0.89855075
CCCN(CCCCc1c[nH]c2ccc(F)cc12)C1COc2c(F)ccc(C(N)=O)c2C1,train,train,train,4,4,0.89855075,0.89855075,0.89855075
CCCN(CCc1c[nH]c2ccc(F)cc12)C1COc2c(F)ccc(C(N)=O)c2C1,train,train,train,4,4,0.89705884,0.89705884,0.89705884
CCN(CCCCc1c[nH]c2ccc(F)cc12)C1COc2c(F)ccc(C(N)=O)c2C1,train,train,train,4,4,0.89855075,0.89855075,0.89855075
CCN(CCc1c[nH]c2ccc(F)cc12)C1COc2c(F)ccc(C(N)=O)c2C1,train,train,train,4,4,0.8955224,0.8955224,0.8955224
CN(CCCc1c[nH]c2ccc(F)cc12)[C@H]1COc2c(F)ccc(C(N)=O)c2C1,train,train,train,4,4,0.8115942,0.8115942,0.8115942
NC(=O)c1ccc(F)c2c1C[C@@H](NCCCc1c[nH]c3ccc(F)cc13)CO2,train,train,train,4,4,0.71428573,0.71428573,0.71428573
COc1cccc2c1CC(N(CCCc1c[nH]c3ccc(F)cc13)CC1CC1)CO2,train,train,train,4,4,0.8333333,0.8333333,0.8333333
CCCN(CCCc1c[nH]c2ccc(F)cc12)C1COc2cccc(OC)c2C1,train,train,train,4,4,0.8888889,0.8888889,0.8888889
CCN(CCCc1c[nH]c2ccc(F)cc12)C1COc2cccc(OC)c2C1,train,train,train,4,4,0.8888889,0.8888889,0.8888889
COc1cccc2c1CC(N(C)CCCc1c[nH]c3ccc(F)cc13)CO2,train,train,train,4,4,0.83870965,0.83870965,0.83870965
Clc1ccc(N2CCN(Cc3cnn4ccccc34)CC2)cc1,train,train,train,1,1,0.64705884,0.64705884,0.64705884
Clc1ccc(N2CCN(Cc3cn4nc(Cl)ccc4n3)CC2)cc1,train,train,train,1,1,0.8,0.8,0.8
COc1ccccc1N1CCN(Cc2cn3nc(Cl)ccc3n2)CC1,test,test,train,2,2,0.6792453,0.6792453,0.6792453
Clc1ccc2nc(CN3CCN(c4ccc(Cl)c(Cl)c4)CC3)cn2n1,train,train,train,1,1,0.8,0.8,0.8
Clc1ccc(N2CCN(Cc3cn4ccccc4n3)CC2)cc1,train,train,train,1,1,0.7826087,0.7826087,0.7826087
COc1ccccc1N1CCN(Cc2cn3ccccc3n2)CC1,train,train,train,2,2,0.64,0.64,0.6792453
Clc1ccc(N2CCN(Cc3cn4ccccc4n3)CC2)cc1Cl,train,train,train,1,1,0.7826087,0.7826087,0.7826087
Fc1ccc(N2CCN(Cc3cn4ccccc4n3)CC2)cc1,train,train,test,1,1,0.7777778,0.7777778,0.7777778
COc1ccccc1N1CCN(CCCCNC(=O)[C@H](CC(N)=O)NC(=O)CC2CC3CCC2C3)CC1,train,train,train,2,2,0.67105263,0.67105263,0.67105263
COc1ccccc1N1CCN(CCCCNC(=O)[C@H](CC(N)=O)NC(=O)C2CCCCC2)CC1,train,train,train,2,2,0.67105263,0.67105263,0.67105263
COc1ccccc1N1CCN(CCCCNC(=O)[C@@H]2CCCN2C(=O)C2CCCCC2)CC1,train,train,train,2,2,0.74626863,0.74626863,0.74626863
COc1ccccc1N1CCN(CCCCNC(=O)[C@@H]2CCC(=O)N2C(=O)CC2CC3CCC2C3)CC1,train,train,train,2,2,0.67105263,0.67105263,0.67105263
COc1ccccc1N1CCN(CCCCNC(=O)[C@@H]2CCC(=O)N2C(=O)C2CCCCC2)CC1,train,train,train,2,2,0.74626863,0.74626863,0.74626863
COc1ccccc1N1CCN(CCCCN2C(=O)C[C@H](NC(=O)c3ccccc3)C2=O)CC1,train,train,train,2,2,0.9814815,0.9814815,0.9814815
COc1ccccc1N1CCN(CCCCN2C(=O)C[C@H](NC(=O)C3CCCC3)C2=O)CC1,train,train,train,2,2,0.9649123,0.9649123,0.98214287
COc1ccccc1N1CCN(CCCCN2C(=O)C[C@H](NC(C)=O)C2=O)CC1,test,test,train,2,2,0.98039216,0.98039216,0.98039216
COc1ccccc1N1CCN(CCCN2C(=O)C[C@H](NC(=O)C34CC5CC(CC(C5)C3)C4)C2=O)CC1,train,train,test,2,2,0.7580645,0.7580645,0.7580645
COc1ccccc1N1CCN(CCCN2C(=O)C[C@H](NC(=O)c3ccccc3)C2=O)CC1,train,train,train,2,2,0.9814815,0.9814815,0.9814815
COc1ccccc1N1CCN(CCCN2C(=O)C[C@H](NC(=O)C3CCCCC3)C2=O)CC1,train,train,test,2,2,0.9649123,0.9649123,0.98245615
COc1ccccc1N1CCN(CCCN2C(=O)C[C@H](NC(=O)C3CCCC3)C2=O)CC1,test,test,train,2,2,0.98245615,0.98245615,0.98214287
COc1ccccc1N1CCN(CCCN2C(=O)C[C@H](NC(C)=O)C2=O)CC1,train,train,train,2,2,0.8103448,0.8103448,0.98039216
COc1ccccc1N1CCN(CCCN2C(=O)C[C@H](NC(=O)CC3CC4CCC3C4)C2=O)CC1,train,train,train,2,2,0.70422536,0.70422536,0.70149255
c1ccc(CCc2ccccc2OCc2ccccn2)cc1,train,train,train,2,2,0.6976744,0.6976744,0.6764706
COc1cccc(CCc2ccccc2OCc2cccc(OC)c2)c1,train,train,train,2,2,0.9166667,0.9166667,0.9166667
C=C1/C(=C\C=C2/CCC[C@@]3(C)[C@H]2CC[C@@H]3[C@H](C)C[C@@H]2OC(=O)C(=C)[C@H]2CCCC)C[C@@H](O)[C@H](C)[C@@H]1O,train,train,test,0,0,0.18478261,0.18478261,0.18478261
COc1cccc(CCc2ccccc2OCc2ccccc2)c1,train,train,train,2,2,0.9166667,0.9166667,0.9166667
c1ccc(CCc2ccccc2OCc2ccccc2)cc1,train,train,train,2,2,0.7058824,0.7058824,0.6764706
COc1cccc(CCc2ccccc2OCc2cccnc2)c1,train,train,train,2,2,0.78571427,0.78571427,0.78571427
c1ccc(CCc2ccccc2OCc2cccnc2)cc1,train,train,test,2,2,0.7209302,0.7209302,0.7209302
COc1cccc(CCc2ccccc2OCc2ccccn2)c1,train,train,test,2,2,0.74418604,0.74418604,0.74418604
COc1ccccc1N1CCN(CCCCNC(=O)c2ccc(-c3cccc([18F])n3)cc2)CC1,train,train,train,2,2,0.765625,0.765625,0.765625
COc1ccccc1N1CCN(CCCCNC(=O)c2ccc(-c3ccc([18F])nc3)cc2)CC1,train,train,train,2,2,0.86440676,0.86440676,0.86440676
O=C(CCCCCN1CCN(c2cccc[n+]2[O-])CC1)NC1CCCc2ccccc21,train,train,train,1,1,0.6875,0.6875,0.6875
O=C(CCCCCN1CCN(c2ccccn2)CC1)NC1CCCc2ccccc21,train,train,test,1,1,0.6984127,0.6984127,0.6984127
O=C(CCCCCN1CCN(c2ccccc2F)CC1)NC1CCCc2ccccc21,train,train,test,1,1,0.7966102,0.7966102,0.7966102
CC(=O)Nc1ccccc1N1CCN(CCCCCC(=O)NC2CCCc3ccccc32)CC1,train,train,train,1,1,0.78688526,0.78688526,0.85
Nc1ccccc1N1CCN(CCCCCC(=O)NC2CCCc3ccccc32)CC1,train,train,train,1,1,0.7966102,0.7966102,0.7966102
CNc1ccccc1N1CCN(CCCCCC(=O)NC2CCCc3ccccc32)CC1,test,test,train,1,1,0.85,0.85,0.85
CN(C)c1ccccc1N1CCN(CCCCCC(=O)NC2CCCc3ccccc32)CC1,train,train,test,1,1,0.78688526,0.78688526,0.78688526
O=C(CCCCCN1CCN(c2ccccc2-c2ccccc2)CC1)NC1CCCc2ccccc21,train,train,train,1,1,0.7704918,0.7704918,0.7741935
CC(C)(C)c1ccccc1N1CCN(CCCCCC(=O)NC2CCCc3ccccc32)CC1,test,test,train,1,1,0.78688526,0.78688526,0.78688526
CC(C)c1ccccc1N1CCN(CCCCCC(=O)NC2CCCc3ccccc32)CC1,test,test,train,1,1,0.8,0.8,0.8
CCCCc1ccccc1N1CCN(CCCCCC(=O)NC2CCCc3ccccc32)CC1,train,train,train,1,1,0.9166667,0.9166667,0.9166667
CCCc1ccccc1N1CCN(CCCCCC(=O)NC2CCCc3ccccc32)CC1,train,train,train,1,1,0.9166667,0.9166667,0.9166667
CCc1ccccc1N1CCN(CCCCCC(=O)NC2CCCc3ccccc32)CC1,train,train,train,1,1,0.8965517,0.8965517,0.8965517
O=C(NCCCCN1CCN(c2cccc(Cl)c2Cl)CC1)c1ccc2c(c1)Cc1ccccc1-2,train,train,train,1,1,0.75384617,0.75384617,0.7692308
COc1ccccc1N1CCN(CC(O)CCNC(=O)c2ccc(-c3ccccn3)cc2)CC1,train,train,train,2,2,0.83076924,0.83076924,0.83076924
O=C(NCCC(O)CN1CCN(c2cccc(Cl)c2Cl)CC1)c1ccc2c(c1)Cc1ccccc1-2,train,train,train,1,1,0.75384617,0.75384617,0.83076924
O=C(NCCC(O)CN1CCN(c2cccc(Cl)c2Cl)CC1)c1ccc(-c2ccccn2)cc1,train,train,train,1,1,0.83076924,0.83076924,0.83076924
COc1ccccc1N1CCN(C/C=C/CNC(=O)c2ccc3c(c2)Cc2ccccc2-3)CC1,train,train,train,2,2,0.62857145,0.62857145,0.72727275
COc1ccccc1N1CCN(C/C=C/CNC(=O)c2ccc(-c3ccccn3)cc2)CC1,train,train,test,2,2,0.72307694,0.72307694,0.72727275
O=C(NC/C=C/C[N+]1([O-])CCN(c2cccc(Cl)c2Cl)CC1)c1ccc(-c2ccccn2)cc1,test,test,test,1,1,0.6,0.6,0.7352941
O=C(NC/C=C/CN1CCN(c2cccc(Cl)c2Cl)CC1)c1ccc(-c2cccc[n+]2[O-])cc1,train,train,test,1,1,0.6571429,0.6571429,0.68115944
Cc1cccnc1-c1ccc(C(=O)NC/C=C/CN2CCN(c3cccc(Cl)c3Cl)CC2)cc1,train,train,train,1,1,0.71014494,0.71014494,0.74626863
Cc1cccc(-c2ccc(C(=O)NC/C=C/CN3CCN(c4cccc(Cl)c4Cl)CC3)cc2)n1,train,train,train,1,1,0.71014494,0.71014494,0.7692308
O=C(NC/C=C/CN1CCN(c2cccc(Cl)c2Cl)CC1)c1ccc(-c2cccc(=O)[nH]2)cc1,train,train,train,1,1,0.6666667,0.6666667,0.6764706
COc1ccccc1N1CCN(CCCCNC(=O)c2ccc(-c3ccccn3)cc2)CC1,train,train,train,2,2,0.7692308,0.7692308,0.7692308
COc1ccccc1N1CCN(CCCCNC(=O)c2ccc3c(c2)Cc2ccccc2-3)CC1,test,test,train,2,2,0.73333335,0.73333335,0.7692308
O=C(NC/C=C/CN1CCN(c2cccc(Cl)c2Cl)CC1)c1ccc(-c2ccccn2)cc1,test,test,train,1,1,0.7692308,0.7692308,0.7692308
O=C(NC/C=C/CN1CCN(c2cccc(Cl)c2Cl)CC1)c1ccc2c(c1)Cc1ccccc1-2,test,test,train,1,1,0.72727275,0.72727275,0.72727275
O=C(NCCCCN1CCN(c2cccc(Cl)c2Cl)CC1)c1ccc(-c2ccccn2)cc1,test,test,test,1,1,0.7692308,0.7692308,0.7692308
O=C(NCC(O)CCN1CCN(c2cccc(Cl)c2Cl)CC1)c1ccc(-c2ccccn2)cc1,test,test,test,1,1,0.76119405,0.76119405,0.76119405
CC(=O)OC(CCNC(=O)c1ccc(-c2ccccn2)cc1)CN1CCN(c2cccc(Cl)c2Cl)CC1,train,train,train,1,1,0.7826087,0.7826087,0.7826087
O=C1c2ccccc2C(=O)N1CCCCN1CC=C(c2c[nH]c3ccc(F)cc23)CC1,train,train,train,4,4,0.63235295,0.63235295,0.63235295
O=C1CCc2ccc(OCCCCN3CCN(c4cccc(Cl)c4Cl)CC3)cc2N1,train,train,train,1,1,0.6769231,0.6769231,0.6769231
C[C@H]1Oc2c(cccc2N2CCN(CCCc3c[nH]c4ccc(F)cc34)CC2)NC1=O,train,train,train,4,4,0.6056338,0.6056338,0.6056338
Fc1ccc(-c2cncc(CN3CCN(c4cccc5c4OCCO5)CC3)c2)cc1,train,train,train,1,1,0.53333336,0.53333336,0.53333336
N#Cc1ccc2c(N3CCN(CC[C@@H]4OCCc5cc(C(N)=O)ccc54)CC3)cccc2c1,train,train,train,1,1,0.7808219,0.7808219,0.7808219
C[C@H]1CN(c2cccc3cc(C#N)ccc23)CCN1CC[C@@H]1OCCc2cc(C(N)=O)ccc21,train,train,train,1,1,0.7808219,0.7808219,0.7808219
C[C@H]1CN(c2ccc3cc(F)ccc3c2)CCN1CC[C@@H]1OCCc2cc(C(N)=O)ccc21,test,test,train,1,1,0.60493827,0.60493827,0.60493827
COc1cccc2c1CC(NCCCc1c[nH]c3ccc(F)cc13)CO2,test,test,train,4,4,0.72307694,0.72307694,0.72307694
CCCN(CCc1c[nH]c2ccc(F)cc12)C1COc2ccc3ncccc3c2C1,train,train,train,4,4,0.62666667,0.62666667,0.62666667
COC(CNC12CC3CC(CC(C3)C1)C2)COc1cccc2[nH]ccc12,train,train,train,0,0,0.6551724,0.6551724,0.6551724
COC(CNC1CCCCC1)COc1cccc2[nH]ccc12,train,train,train,0,0,0.72,0.72,0.64285713
c1cc(OCCCNC2CCCCC2)c2cc[nH]c2c1,train,train,train,0,0,0.63265306,0.63265306,0.67346936
OC(CNC1CCCCCC1)COc1cccc2[nH]ccc12,train,train,test,0,0,0.72,0.72,0.7916667
C[C@](O)(CNC12CC3CC(CC(C3)C1)C2)COc1cccc2[nH]ccc12,train,train,test,0,0,0.64285713,0.64285713,0.64285713
C[C@](O)(CNC1CCCCC1)COc1cccc2[nH]ccc12,train,train,train,0,0,0.64285713,0.64285713,0.60784316
O[C@@H](CNC1C2CC3CC(C2)CC1C3)COc1cccc2[nH]ccc12,train,train,train,0,0,0.6923077,0.6923077,0.6037736
OC(CNC12CC3CC(CC(C3)C1)C2)COc1ccc2[nH]ccc2c1,train,train,train,0,0,0.516129,0.516129,0.516129
OC(CCNC1CCCCC1)COc1cccc2[nH]ccc12,test,test,train,0,0,0.7916667,0.7916667,0.6923077
OC(CCOc1cccc2[nH]ccc12)CNC12CC3CC(CC(C3)C1)C2,train,train,train,0,0,0.71428573,0.71428573,0.6551724
OC(CCOc1cccc2[nH]ccc12)CNC1CCCCC1,test,test,train,0,0,0.7916667,0.7916667,0.7
CC(C)NCC(O)CCOc1cccc2[nH]ccc12,train,train,train,0,0,0.7777778,0.7777778,0.7777778
OC(CCNC12CC3CC(CC(C3)C1)C2)COc1cccc2[nH]ccc12,train,train,test,0,0,0.71428573,0.71428573,0.71428573
Cc1ccc2c(OCCN3CCC(Cc4ccc5c(c4)NC(=O)CO5)CC3)c(F)ccc2n1,train,train,train,3,3,0.8028169,0.8028169,0.8028169
Cc1ccc2c(OCCN3CCC(Cc4ccc5c(c4)NC(=O)CO5)CC3)cc(C#N)cc2n1,test,test,train,3,3,0.82191783,0.82191783,0.82191783
Cc1ccc2c(OCCN3CCC(Cc4ccc5c(c4)NC(=O)CO5)CC3)cc(Cl)cc2n1,train,train,train,3,3,0.85714287,0.85714287,0.85714287
Cc1ccc2c(OCCN3CCC(Cc4ccc5c(c4)NC(=O)CO5)CC3)cc(F)cc2n1,train,train,train,3,3,0.85714287,0.85714287,0.85714287
Cc1ccc2c(OCCN3CCC(Cc4ccc5c(c4)NC(=O)CO5)CC3)ccc(Cl)c2n1,train,train,train,3,3,0.8333333,0.8333333,0.8333333
Cc1ccc2c(OCCN3CCC(Cc4ccc5c(c4)NC(=O)CO5)CC3)ccc(F)c2n1,train,train,train,3,3,0.8333333,0.8333333,0.8333333
Cc1ccc2c(OCCN3CCC(Cc4ccc5c(c4F)NC(=O)CO5)CC3)cccc2n1,train,train,train,3,3,0.8428571,0.8428571,0.8428571
Cc1ccc2c(OCCN3CCC(Cc4cc(F)c5c(c4)NC(=O)CO5)CC3)cc(Cl)cc2n1,train,train,train,3,3,0.8873239,0.8873239,0.8873239
Cc1ccc2c(OCCN3CCC(Cc4cc(F)c5c(c4)NC(=O)CO5)CC3)cc(F)cc2n1,train,train,train,3,3,0.8873239,0.8873239,0.8873239
Cc1ccc2c(OCCN3CCC(Cc4cc5c(cc4F)OCC(=O)N5)CC3)cc(Cl)cc2n1,train,train,test,3,3,0.884058,0.884058,0.884058
Cc1ccc2c(OCCN3CCC(Cc4cc5c(cc4F)OCC(=O)N5)CC3)cc(F)cc2n1,train,train,train,3,3,0.884058,0.884058,0.85507244
Cc1ccc2c(OCCN3CCC(Cc4ccc5c(c4F)NC(=O)CO5)CC3)cc(Cl)cc2n1,test,test,train,3,3,0.8857143,0.8857143,0.8857143
Cc1ccc2c(OCCN3CCC(Cc4ccc5c(c4F)NC(=O)CO5)CC3)cc(F)cc2n1,train,train,train,3,3,0.8428571,0.8428571,0.8857143
Cc1ccc2c(OCCN3CCC(Cc4cc(F)c5c(c4)NC(=O)CO5)CC3)cccc2n1,train,train,train,3,3,0.85915494,0.85915494,0.85915494
Cc1ccc2c(OCCN3CCC(Cc4cc5c(cc4F)OCC(=O)N5)CC3)cccc2n1,train,train,train,3,3,0.85507244,0.85507244,0.85507244
Cc1ccc2c(OCCN3CCN(Cc4ccc5c(c4)N(Cc4ccccc4)C(=O)CO5)CC3)cccc2n1,train,train,train,3,3,0.8309859,0.8309859,0.8309859
Cc1ccc2c(OCCN3CCN(Cc4ccc5c(c4)N(CC(C)C)C(=O)CO5)CC3)cccc2n1,train,train,train,3,3,0.8309859,0.8309859,0.8309859
CCCCN1C(=O)COc2ccc(CN3CCN(CCOc4cccc5nc(C)ccc45)CC3)cc21,train,train,train,3,3,0.8309859,0.8309859,0.8309859
Cc1ccc2c(OCCN3CCN(Cc4ccc5c(c4)N(C)C(=O)CO5)CC3)cccc2n1,train,train,train,3,3,0.8235294,0.8235294,0.8235294
Cc1ccc2c(OCCN3CCC(Cc4ccc5c(c4)N(C(C)C)C(=O)CO5)CC3)cccc2n1,train,train,train,3,3,0.8309859,0.8309859,0.8309859
CCN1C(=O)COc2ccc(CC3CCN(CCOc4cccc5nc(C)ccc45)CC3)cc21,train,train,test,3,3,0.8428571,0.8428571,0.8428571
Cc1ccc2c(OCCN3CCC(Cc4ccc5c(c4)N(C)C(=O)CO5)CC3)cccc2n1,train,train,train,3,3,0.8428571,0.8428571,0.8309859
CCN1C(=O)COc2ccc(CN3CCN(CCOc4cccc5nc(C)ccc45)CC3)c(F)c21,train,train,test,3,3,0.8382353,0.8382353,0.8382353
Cc1ccc2c(OCCN3CCN(Cc4ccc5c(c4F)N(C)C(=O)CO5)CC3)cccc2n1,train,train,train,3,3,0.8382353,0.8382353,0.70422536
Cc1ccc2c(OCCN3CCN(Cc4cc(F)c5c(c4)N(C)C(=O)CO5)CC3)cccc2n1,test,test,test,3,3,0.75714284,0.75714284,0.75714284
CC(=O)N1C2C=C(CN3C4CCC3CC(NC(=O)Nc3cc(F)cc(C(F)(F)F)c3)C4)CC1CCC2,test,test,train,0,0,0.27272728,0.27272728,0.24731183
CC1(c2cccc(OCc3ccccc3)c2)C(=O)Nc2cc(Cl)cc(Cl)c2C1=O,test,test,test,0,0,0.296875,0.296875,0.296875
O=C(NC1CCc2cc(CCN3CCN(c4nsc5ccccc45)CC3)ccc21)c1cccnc1,train,train,train,1,1,0.8888889,0.8888889,0.8888889
O=C(NC1CCc2cc(CCN3CCN(c4nsc5ccccc45)CC3)ccc21)c1ccc(F)cc1,train,train,test,1,1,0.8857143,0.8857143,0.8857143
O=C(NC1CCc2cc(CCN3CCN(c4nsc5ccccc45)CC3)ccc21)C1CC1,train,train,train,1,1,0.8769231,0.8769231,0.8333333
CCCC(=O)NC1CCc2cc(CCN3CCN(c4nsc5ccccc45)CC3)ccc21,test,test,test,1,1,0.8939394,0.8939394,0.880597
CCC(=O)NC1CCc2cc(CCN3CCN(c4nsc5ccccc45)CC3)ccc21,train,train,test,1,1,0.8787879,0.8787879,0.8787879
CC(=O)NC1CCc2cc(CCN3CCN(c4nsc5ccccc45)CC3)ccc21,train,train,train,1,1,0.875,0.875,0.875
O=C(NC1CCc2cc(CCN3CCN(c4nsc5ccccc45)CC3)ccc21)C(F)(F)F,train,train,train,1,1,0.880597,0.880597,0.880597
O=C(NC1CCc2ccc(CCN3CCN(c4nsc5ccccc45)CC3)cc21)c1ccno1,train,train,train,1,1,0.7972973,0.7972973,0.7972973
O=C(NC1CCc2ccc(CCN3CCN(c4nsc5ccccc45)CC3)cc21)c1ccco1,train,train,train,1,1,0.8028169,0.8028169,0.8028169
O=C(CCc1ccccc1)NC1CCc2ccc(CCN3CCN(c4nsc5ccccc45)CC3)cc21,train,train,train,1,1,0.8939394,0.8939394,0.8939394
O=C(Cc1ccccc1)NC1CCc2ccc(CCN3CCN(c4nsc5ccccc45)CC3)cc21,train,train,train,1,1,0.8939394,0.8939394,0.8939394
O=C(NC1CCc2ccc(CCN3CCN(c4nsc5ccccc45)CC3)cc21)c1cccnc1,train,train,train,1,1,0.8888889,0.8888889,0.8888889
O=C(NC1CCc2ccc(CCN3CCN(c4nsc5ccccc45)CC3)cc21)c1ccc(F)cc1,train,train,train,1,1,0.8857143,0.8857143,0.88235295
O=C(NC1CCc2ccc(CCN3CCN(c4nsc5ccccc45)CC3)cc21)c1ccc(Cl)cc1,train,train,train,1,1,0.88235295,0.88235295,0.88235295
Cc1ccc(C(=O)NC2CCc3ccc(CCN4CCN(c5nsc6ccccc56)CC4)cc32)cc1,train,train,train,1,1,0.88235295,0.88235295,0.88235295
O=C(NC1CCc2ccc(CCN3CCN(c4nsc5ccccc45)CC3)cc21)c1ccccc1,train,train,train,1,1,0.88235295,0.88235295,0.88235295
CC(C)C(=O)NC1CCc2ccc(CCN3CCN(c4nsc5ccccc45)CC3)cc21,train,train,train,1,1,0.8358209,0.8358209,0.880597
O=C(NC1CCc2ccc(CCN3CCN(c4nsc5ccccc45)CC3)cc21)C1CC1,train,train,test,1,1,0.8769231,0.8769231,0.8769231
CCCC(=O)NC1CCc2ccc(CCN3CCN(c4nsc5ccccc45)CC3)cc21,train,train,train,1,1,0.8939394,0.8939394,0.8939394
CCC(=O)NC1CCc2ccc(CCN3CCN(c4nsc5ccccc45)CC3)cc21,train,train,train,1,1,0.8939394,0.8939394,0.8939394
CC(=O)NC1CCc2ccc(CCN3CCN(c4nsc5ccccc45)CC3)cc21,train,train,train,1,1,0.875,0.875,0.875
NC1CCc2ccc(CCN3CCN(c4nsc5ccccc45)CC3)cc21,train,train,train,1,1,0.6969697,0.6969697,0.6969697
O=C(NC1CCc2ccc(CCN3CCN(c4nsc5ccccc45)CC3)cc21)C(F)(F)F,train,train,train,1,1,0.880597,0.880597,0.880597
CC(C)C(=O)NC1CCc2cc(CCN3CCN(c4nsc5ccccc45)CC3)ccc21,test,test,train,1,1,0.880597,0.880597,0.880597
NC1=Nc2cccc(Cl)c2CN1,test,test,test,0,0,0.64705884,0.64705884,0.64705884
NC1=Nc2ccc(Cl)c(Cl)c2CN1,train,train,train,0,0,0.45,0.45,0.45
CCC1NC(N)=Nc2cccc(Cl)c21,train,train,train,0,0,0.6923077,0.6923077,0.6923077
CC1NC(N)=Nc2c(Cl)ccc(Cl)c21,train,train,train,0,0,0.6111111,0.6111111,0.6111111
COc1c(Cl)ccc2c1C(C)NC(N)=N2,train,train,train,0,0,0.68421054,0.68421054,0.68421054
COc1cc(Cl)c(C)c2c1N=C(N)NC2C,train,train,test,2,2,0.52380955,0.52380955,0.52380955
CNC1=Nc2c(OC(C)C)cccc2C(C)N1,train,train,train,0,0,0.7173913,0.7173913,0.6904762
CC(C)Oc1cccc2c1N=C(N)NC2C,train,train,train,0,0,0.6904762,0.6904762,0.71794873
COc1cccc2c1N=C(N)NC2C,test,test,train,2,2,0.71794873,0.71794873,0.71794873
CNC1=Nc2ccc(Cl)c(Cl)c2C(C)N1,train,train,train,0,0,0.6486486,0.6486486,0.6756757
CC1NC(N)=Nc2ccc(Cl)c(Cl)c21,train,train,train,0,0,0.68421054,0.68421054,0.68421054
CCC1NC(N)=Nc2ccc(Cl)c(Cl)c21,train,train,train,0,0,0.6923077,0.6923077,0.6923077
CNC1=Nc2cccc(Cl)c2C(C)N1,test,test,train,0,0,0.6756757,0.6756757,0.6756757
CC1NC(NCC(F)F)=Nc2c(Cl)ccc(Cl)c21,train,train,train,0,0,0.63265306,0.63265306,0.63265306
COc1c(Cl)ccc2c1C(C)NC(NCC(F)F)=N2,train,train,train,0,0,0.63265306,0.63265306,0.63265306
CC(C)Oc1cccc2c1N=C(NCC(F)F)NC2C,train,train,test,0,0,0.78723407,0.78723407,0.78723407
COc1cccc2c1N=C(NCC(F)F)NC2C,train,train,train,2,2,0.78723407,0.78723407,0.5531915
COc1ccccc1N1CCN(CCNc2ccc3cc([N+](=O)[O-])ccc3n2)CC1,train,train,train,2,2,0.73770493,0.73770493,0.7118644
COc1ccccc1N1CCN(CCCCNc2ccc3cc(N)ccc3n2)CC1,train,train,train,2,2,0.82758623,0.82758623,0.82758623
COc1ccccc1N1CCN(CCCCNc2ccc3cc(C)ccc3n2)CC1,test,test,test,2,2,0.84210527,0.84210527,0.84210527
COc1ccc2ccc(NCCCCCN3CCN(c4ccccc4OC)CC3)nc2c1,train,train,train,2,2,0.9807692,0.9807692,0.9807692
COc1ccc2ccc(NCCCCN3CCN(c4ccccc4OC)CC3)nc2c1,train,train,train,2,2,0.9807692,0.9807692,0.9807692
COc1ccc2ccc(NCCCN3CCN(c4ccccc4OC)CC3)nc2c1,train,train,train,2,2,0.9423077,0.9423077,0.9423077
COc1ccc2ccc(NCCN3CCN(c4ccccc4OC)CC3)nc2c1,train,train,test,2,2,0.90384614,0.90384614,0.90384614
COc1ccc2nc(NCCCCCN3CCN(c4ccccc4OC)CC3)ccc2c1,train,train,train,2,2,0.9811321,0.9811321,0.9811321
COc1ccc2nc(NCCCCN3CCN(c4ccccc4OC)CC3)ccc2c1,train,train,train,2,2,0.9811321,0.9811321,0.9811321
COc1ccc2nc(NCCCN3CCN(c4ccccc4OC)CC3)ccc2c1,train,train,train,2,2,0.9433962,0.9433962,0.9433962
COc1ccc2nc(NCCN3CCN(c4ccccc4OC)CC3)ccc2c1,train,train,test,2,2,0.9056604,0.9056604,0.9056604
COc1ccccc1N1CCN(CCCCCNc2ccc3ccccc3n2)CC1,train,train,test,2,2,0.97959185,0.97959185,0.92
COc1ccccc1N1CCN(CCCCNc2ccc3ccccc3n2)CC1,train,train,test,2,2,0.97959185,0.97959185,0.93877554
COc1ccccc1N1CCN(CCCNc2ccc3ccccc3n2)CC1,train,train,train,2,2,0.93877554,0.93877554,0.877551
COc1ccccc1N1CCN(CCNc2ccc3ccccc3n2)CC1,train,train,train,2,2,0.877551,0.877551,0.877551
CC1(C)Cc2cccc(N3CCN(CCc4ccc5c(c4)NC(=O)CO5)CC3)c2O1,train,train,train,3,3,0.64179105,0.64179105,0.64179105
Cc1cc2c(N3CCN(CCc4ccc5c(c4)NC(=O)CO5)CC3)cccc2[nH]1,test,test,test,3,3,0.7121212,0.7121212,0.7121212
Cc1ncc2c(N3CCN(CCc4ccc5c(c4)NC(=O)CO5)CC3)cccc2n1,test,test,train,3,3,0.7878788,0.7878788,0.7878788
O=C1COc2ccc(CCN3CCN(c4cccc5cccnc45)CC3)cc2N1,train,train,train,3,3,0.703125,0.703125,0.703125
O=C1COc2ccc(CCN3CCN(c4nccc5ccccc45)CC3)cc2N1,train,train,train,3,3,0.703125,0.703125,0.703125
O=C1COc2ccc(CCN3CCN(c4cccc5nc(-c6ccccc6)ccc45)CC3)cc2N1,train,train,train,3,3,0.7878788,0.7878788,0.7878788
Cc1cc(N2CCN(CCc3ccc4c(c3)NC(=O)CO4)CC2)c2ccc(C)nc2c1,test,test,train,3,3,0.85714287,0.85714287,0.84375
Cc1ccc2c(N3CCN(CCc4ccc5c(c4)NC(=O)CO5)CC3)cc(Cl)cc2n1,train,train,train,3,3,0.83076924,0.83076924,0.84375
Cc1ccc2c(N3CCN(CCc4ccc5c(c4)NC(=O)CO5)CC3)cc(F)cc2n1,train,train,test,3,3,0.83076924,0.83076924,0.85714287
Cc1ccc2c(N3CCN(CCc4ccc5c(c4)NC(=O)CO5)CC3)ccc(Cl)c2n1,train,train,train,3,3,0.73913044,0.73913044,0.8181818
Cc1ccc2c(N3CCN(CCc4ccc5c(c4)NC(=O)CO5)CC3)ccc(F)c2n1,test,test,train,3,3,0.8181818,0.8181818,0.8181818
Cc1ccc2c(N3C[C@H]4C[C@@H]3CN4CCc3ccc4c(c3)NC(=O)CO4)cccc2n1,train,train,test,3,3,0.7027027,0.7027027,0.6805556
Cc1ccc2c(N3CCN(CCc4ccc5c(c4)NC(=O)CO5)CC3C)cccc2n1,train,train,test,3,3,0.7794118,0.7794118,0.7794118
Cc1ccc2c(N3CCN(CCc4ccc5c(c4F)NC(=O)CO5)CC3)cccc2n1,train,train,train,3,3,0.6857143,0.6857143,0.75
Cc1ccc2c(N3CCN(CCc4cc5c(cc4F)OCC(=O)N5)CC3)cccc2n1,test,test,train,3,3,0.7846154,0.7846154,0.7846154
Cc1ccc2c(N3CCN(CCc4cc(F)c5c(c4)NC(=O)CO5)CC3)cccc2n1,train,train,train,3,3,0.75,0.75,0.75
CCN1C(=O)COc2ccc(CCN3CCN(c4cccc5nc(C)ccc45)CC3)cc21,train,train,train,3,3,0.82539684,0.82539684,0.72727275
Cc1ccc2c(N3CCN(CCc4ccc5c(c4)N(C)C(=O)CO5)CC3)cccc2n1,train,train,test,3,3,0.82539684,0.82539684,0.82539684
Cc1ccc2c(N3CCN(CCc4ccc5c(c4)NC(=O)CO5)CC3)cccc2n1,train,train,train,3,3,0.8888889,0.8888889,0.9032258
COc1ccc2[nH]cc(CCN(C)C)c2c1,train,train,test,4,4,0.75,0.75,0.75
C[n+]1c2n(c(=O)c3ccccc31)CCc1c-2[nH]c2ccccc12,train,train,train,1,1,0.3448276,0.3448276,0.4
CNc1ccccc1C(=O)N1CCc2c([nH]c3ccccc23)C1=O,test,test,train,1,1,0.4,0.4,0.4
CNCC(O)c1ccc(O)cc1,train,train,train,2,2,0.23913044,0.23913044,0.23913044
CN(C)CCc1c[nH]c2ccccc12,train,train,train,4,4,0.7058824,0.7058824,0.7058824
CC(=O)Nc1ccc(CN2CCN(CCOc3cccc4nc(C)ccc34)CC2)cc1,train,train,train,3,3,0.7258065,0.7258065,0.7258065
COc1cccc(CN2CCN(CCOc3cccc4nc(C)ccc34)CC2)c1,train,train,train,3,3,0.67741936,0.67741936,0.671875
CC(=O)N(C)c1cccc(CN2CCN(CCOc3cccc4nc(C)ccc34)CC2)c1,test,test,train,3,3,0.671875,0.671875,0.8
CC(=O)Nc1ccccc1CN1CCN(CCOc2cccc3nc(C)ccc23)CC1,train,train,train,3,3,0.7258065,0.7258065,0.7258065
COc1ccc(CC2CCN(CCOc3cccc4nc(C)ccc34)CC2)cc1NS(C)(=O)=O,train,train,train,3,3,0.76811594,0.76811594,0.76811594
Cc1ccc2c(OCCN3CCC(Cc4cccc(N5CCCS5(=O)=O)c4)CC3)cccc2n1,train,train,train,3,3,0.74626863,0.74626863,0.74626863
Cc1ccc2c(OCCN3CCC(Cc4cccc(NS(=O)(=O)C(C)C)c4)CC3)cccc2n1,test,test,train,3,3,0.8333333,0.8333333,0.8333333
Cc1ccc2c(OCCN3CCC(Cc4cccc(N(C)S(C)(=O)=O)c4)CC3)cccc2n1,train,train,test,3,3,0.7285714,0.7285714,0.7647059
Cc1ccc2c(OCCN3CCC(Cc4cccc(NS(C)(=O)=O)c4)CC3)cccc2n1,train,train,train,3,3,0.77272725,0.77272725,0.8333333
CCNC(=O)Nc1cccc(CC2CCN(CCOc3cccc4nc(C)ccc34)CC2)c1,test,test,train,3,3,0.84615386,0.84615386,0.84615386
Cc1ccc2c(OCCN3CCC(Cc4cccc(NC(=O)CN(C)C)c4)CC3)cccc2n1,train,train,test,3,3,0.8208955,0.8208955,0.8382353
Cc1ccc2c(OCCN3CCC(Cc4cccc(N5CCCC5=O)c4)CC3)cccc2n1,test,test,train,3,3,0.8088235,0.8088235,0.75757575
CCN(C(C)=O)c1cccc(CC2CCN(CCOc3cccc4nc(C)ccc34)CC2)c1,train,train,train,3,3,0.7285714,0.7285714,0.8333333
CC(=O)N(C)c1cccc(CC2CCN(CCOc3cccc4nc(C)ccc34)CC2)c1,test,test,train,3,3,0.8333333,0.8333333,0.8333333
Cc1ccc2c(OCCN3CCC(Cc4cccc(NC(=O)C(C)C)c4)CC3)cccc2n1,train,train,train,3,3,0.859375,0.859375,0.859375
CCC(=O)Nc1cccc(CC2CCN(CCOc3cccc4nc(C)ccc34)CC2)c1,test,test,train,3,3,0.859375,0.859375,0.859375
CC(=O)Nc1cccc(CC2CCN(CCOc3cccc4nc(C)ccc34)CC2)c1,train,train,train,3,3,0.859375,0.859375,0.859375
OC1(c2ccc(Cl)cc2)CCN(Cc2c[nH]c3ccccc23)CC1,train,train,test,4,4,0.4385965,0.4385965,0.40983605
O[C@]1(c2ccc(Cl)cc2)C[C@@H]2CC[C@H](C1)N2Cc1coc2ccccc12,test,test,train,0,0,0.6481481,0.6481481,0.6481481
O[C@]1(c2ccc(Cl)cc2)C[C@@H]2CC[C@H](C1)N2Cc1csc2ccccc12,train,train,train,0,0,0.50793654,0.50793654,0.6481481
COc1cccc(OC)c1OCCNC[C@@H]1COC[C@@H](c2ccccc2)O1,train,train,train,2,2,0.59322035,0.59322035,0.59322035
COc1ccccc1N1CCN(CCCCCC(=O)NCc2ccc(OS(C)(=O)=O)cc2)CC1,train,train,train,2,2,0.7777778,0.7777778,0.7777778
CC(C)c1ccccc1N1CCN(CCCCCC(=O)NCc2ccc(OS(C)(=O)=O)cc2)CC1,train,train,train,1,1,0.7936508,0.7936508,0.7777778
CS(=O)(=O)Oc1ccc(CNC(=O)CCCCCN2CCN(c3ccccc3-c3ccccc3)CC2)cc1,test,test,test,1,1,0.765625,0.765625,0.765625
CSc1ccccc1N1CCN(CCCCCC(=O)NCc2ccc(OS(C)(=O)=O)cc2)CC1,train,train,test,1,1,0.7936508,0.7936508,0.7936508
COc1ccccc1N1CCN(CCCCCC(=O)NCc2ccc(C#N)cc2)CC1,train,train,train,2,2,0.8035714,0.8035714,0.8035714
CC(C)c1ccccc1N1CCN(CCCCCC(=O)NCc2ccc(C#N)cc2)CC1,test,test,test,1,1,0.8,0.8,0.8
CSc1ccccc1N1CCN(CCCCCC(=O)NCc2ccc(C#N)cc2)CC1,test,test,train,1,1,0.8035714,0.8035714,0.8035714
COc1ccccc1N1CCN(CCCCCC(=O)NCc2ccncc2)CC1,train,train,train,2,2,0.8490566,0.8490566,0.8490566
CC(C)c1ccccc1N1CCN(CCCCCC(=O)NCc2ccncc2)CC1,train,train,test,1,1,0.84615386,0.84615386,0.84615386
O=C(CCCCCN1CCN(c2ccccc2-c2ccccc2)CC1)NCc1ccncc1,train,train,train,1,1,0.8627451,0.8627451,0.8627451
CSc1ccccc1N1CCN(CCCCCC(=O)NCc2ccncc2)CC1,train,train,test,1,1,0.8490566,0.8490566,0.8490566
COc1ccccc1N1CCN(CCCCCC(=O)NCc2ccccc2)CC1,train,train,train,2,2,0.8490566,0.8490566,0.8490566
CC(C)c1ccccc1N1CCN(CCCCCC(=O)NCc2ccccc2)CC1,train,train,train,1,1,0.84615386,0.84615386,0.7586207
O=C(CCCCCN1CCN(c2ccccc2-c2ccccc2)CC1)NCc1ccccc1,train,train,train,1,1,0.8627451,0.8627451,0.8627451
CSc1ccccc1N1CCN(CCCCCC(=O)NCc2ccccc2)CC1,train,train,train,1,1,0.8490566,0.8490566,0.8035714
COc1ccccc1N1CCN(CCCCCC(=O)N2CCc3ccccc3C2)CC1,train,train,train,2,2,0.877551,0.877551,0.877551
CC(C)c1ccccc1N1CCN(CCCCCC(=O)N2CCc3ccccc3C2)CC1,train,train,train,1,1,0.875,0.875,0.875
O=C(CCCCCN1CCN(c2ccccc2-c2ccccc2)CC1)N1CCc2ccccc2C1,train,train,train,1,1,0.875,0.875,0.875
CSc1ccccc1N1CCN(CCCCCC(=O)N2CCc3ccccc3C2)CC1,train,train,train,1,1,0.877551,0.877551,0.877551
COc1ccccc1N1CCN(CCCCCC(=O)N2Cc3ccccc3C2)CC1,train,train,train,2,2,0.877551,0.877551,0.877551
CC(C)c1ccccc1N1CCN(CCCCCC(=O)N2Cc3ccccc3C2)CC1,train,train,train,1,1,0.875,0.875,0.875
O=C(CCCCCN1CCN(c2ccccc2-c2ccccc2)CC1)N1Cc2ccccc2C1,train,train,train,1,1,0.875,0.875,0.875
CSc1ccccc1N1CCN(CCCCCC(=O)N2Cc3ccccc3C2)CC1,train,train,train,1,1,0.877551,0.877551,0.877551
CN1CCN(c2cc(-c3ccc(C#N)cc3)nc(N)n2)CC1,train,train,train,1,1,0.36842105,0.36842105,0.35820895
O=C1c2ccccc2CN1CCCCN1CCN(c2ccccc2)CC1,train,train,test,1,1,0.59183675,0.59183675,0.5510204
O=C1Cc2ccccc2N1CCCCN1CCN(c2ccccc2)CC1,train,train,train,1,1,0.70212764,0.70212764,0.64444447
O=C1Cc2ccccc2N1CCCCCN1CCN(c2cccc3ccccc23)CC1,train,train,test,1,1,0.70212764,0.70212764,0.70212764
O=C1Cc2ccccc2N1CCCCCN1CCN(c2cccc3[nH]cnc23)CC1,train,train,train,1,1,0.6545454,0.6545454,0.6111111
O=C1Cc2ccccc2N1CC#CCN1CCN(c2cccc3ccccc23)CC1,train,train,train,1,1,0.68,0.68,0.68
O=C1Cc2ccccc2N1Cc1ccc(CN2CCN(c3cccc4ccccc34)CC2)cc1,train,train,train,1,1,0.68,0.68,0.68
O=C1Cc2ccccc2N1CCCCN1CCc2ccccc2C1,test,test,train,1,1,0.972973,0.972973,0.972973
Cc1ccc2c(N3CCN(CCc4cccc5c4OCC(=O)N5)CC3)cccc2n1,train,train,train,3,3,0.9,0.9,0.74242425
Cc1ccc2c(N3CCN(CCc4cccc5c4OCC(=O)N5C)CC3)cccc2n1,train,train,train,3,3,0.8947368,0.8947368,0.8947368
Cc1ccc2c(N3CCN(CCc4ccc5c(c4)OCC(=O)N5)CC3)cccc2n1,train,train,train,3,3,0.8852459,0.8852459,0.8852459
CCN1C(=O)COc2c(CCN3CCN(c4cccc5nc(C)ccc45)CC3)cccc21,train,train,train,3,3,0.8305085,0.8305085,0.8305085
Cc1ccc2c(N3CCN(CCc4cccc5c4OCC(=O)N5C(C)C)CC3)cccc2n1,train,train,train,3,3,0.8032787,0.8032787,0.8032787
Cc1ccc2c(N3CCN(CCc4cccc5c4OCC(=O)N5C4CC4)CC3)cccc2n1,train,train,train,3,3,0.8032787,0.8032787,0.8032787
Cc1ccc2c(N3CCN(CCc4cccc5c4OCC(=O)N5CC4CC4)CC3)cccc2n1,test,test,train,3,3,0.8095238,0.8095238,0.8095238
Cc1ccc2c(N3CCN(CCc4cccc5c4OCC(=O)N5CC(F)F)CC3)cccc2n1,test,test,test,3,3,0.82258064,0.82258064,0.82258064
Cc1ccc2c(N3CCN(CCc4cccc5c4OCC(=O)N5C)CC3)cc(F)cc2n1,train,train,train,3,3,0.9032258,0.9032258,0.9032258
Cc1ccc2c(N3CCN(CCc4cccc5c4OCC(=O)N5C)[C@H](C)C3)cc(F)cc2n1,train,train,test,3,3,0.9130435,0.9130435,0.9130435
Cc1ccc2c(N3CCN(CCCc4cccc5c4OCC(=O)N5C)CC3)cccc2n1,train,train,train,3,3,0.8947368,0.8947368,0.8947368
Cc1ccc2c(N3CCN(CCCc4cccc5c4OCC(=O)N5C)[C@H](C)C3)cccc2n1,train,train,train,3,3,0.82857144,0.82857144,0.82857144
Cc1ccc2c(N3CCN(CCCc4cccc5c4OCC(=O)N5C)CC3)cc(F)cc2n1,train,train,train,3,3,0.9032258,0.9032258,0.9032258
Cc1ccc2c(N3CCN(CCCc4cccc5c4OCC(=O)N5C)[C@H](C)C3)cc(F)cc2n1,train,train,train,3,3,0.9130435,0.9130435,0.82857144
Cc1ccc2c(N3CCN(CCCc4cccc5c4OCC(=O)N5)CC3)cccc2n1,train,train,test,3,3,0.9,0.9,0.9
COc1c(OCCF)cccc1C(=O)C1CCN(CCc2ccc(F)cc2)CC1,test,test,train,0,0,0.877193,0.877193,0.877193
COc1c(OCCF)cccc1C(=O)C1CCN(CCc2ccc(C)cc2)CC1,train,train,train,0,0,0.86206895,0.86206895,0.877193
COc1c(OCCF)cccc1C(=O)C1CCN(CCc2ccc([N+](=O)[O-])cc2)CC1,train,train,train,0,0,0.7936508,0.7936508,0.8064516
COc1ccc(CCN2CCC(C(=O)c3cccc(OCCF)c3OC)CC2)cc1,train,train,train,0,0,0.86206895,0.86206895,0.877193
O=C(c1ccc(F)cc1)C1CCN(CCn2c(=S)[nH]c3ccccc3c2=O)CC1,train,train,train,0,0,0.42168674,0.42168674,0.42168674
O=C(NC/C=C/CN1CCN(c2cccc(Cl)c2Cl)CC1)c1cc2ccccc2[nH]1,train,train,test,1,1,0.6969697,0.6969697,0.6969697
O=C(NC/C=C/CN1CCN(c2cccc(Cl)c2Cl)CC1)c1cc2ccccc2o1,train,train,train,1,1,0.6769231,0.6769231,0.67164177
O=C(NC/C=C/CN1CCN(c2cccc(Cl)c2Cl)CC1)c1cc2ccccc2s1,test,test,test,1,1,0.71428573,0.71428573,0.6769231
O=C(NCCC(O)CN1CCN(c2cccc(Cl)c2Cl)CC1)c1cc2ccccc2[nH]1,train,train,train,1,1,0.83870965,0.83870965,0.83870965
COc1ccccc1N1CCN(CC(O)CCNC(=O)c2cc3ccccc3[nH]2)CC1,train,train,train,2,2,0.83870965,0.83870965,0.83870965
O=C(NCC(O)CCN1CCN(c2cccc(Cl)c2Cl)CC1)c1cc2ccccc2[nH]1,test,test,train,1,1,0.75384617,0.75384617,0.75384617
Fc1ccc2[nH]cc([C@H]3CC[C@H](N4CCN(c5cccc6ccccc56)CC4)CC3)c2c1,train,train,train,4,4,0.45945945,0.45945945,0.4857143
CC(C)n1cc([C@H]2CC[C@@H](N3CCN(c4cccc5[nH]ccc45)CC3)CC2)c2cc(C#N)ccc21,test,test,train,0,0,0.75714284,0.75714284,0.75714284
CCCn1cc([C@H]2CC[C@@H](N3CCN(c4cccc5[nH]ccc45)CC3)CC2)c2cc(C#N)ccc21,train,train,train,1,1,0.4177215,0.4177215,0.75714284
O=C(N[C@H]1CCN(Cc2ccc(OC3CCNCC3)c(Br)c2)C1)c1ccc(Cl)c(Cl)c1,train,train,train,0,0,0.33333334,0.33333334,0.33333334
FC(F)(F)c1nc2c(N3CCN(CCOc4cccc5nc(C(F)(F)F)[nH]c45)CC3)cccc2[nH]1,train,train,train,1,1,0.7704918,0.7704918,0.7704918
FC(F)(F)c1nc2c(N3CCN(CCOc4cccc5[nH]c(=S)[nH]c45)CC3)cccc2[nH]1,train,train,train,1,1,0.7704918,0.7704918,0.7704918
Cc1ccc2c(OC(C)CN3CCC(Cc4ccc5c(c4)NC(=O)CO5)CC3)cccc2n1,train,train,test,3,3,0.7702703,0.7702703,0.6666667
Cc1ccc2c(OCC3CCN(CC(=O)c4ccc5c(c4)NC(=O)CO5)CC3)cccc2n1,train,train,train,3,3,0.6666667,0.6666667,0.625
Cc1ccc2c(OCCCN3CC(COc4ccc5c(c4)NC(=O)CO5)C3)cccc2n1,train,train,train,3,3,0.92537314,0.92537314,0.92537314
Cc1ccc2c(N3CCN(Cc4ccc5c(c4)NC(=O)CO5)CC3)cccc2n1,test,test,train,3,3,0.83870965,0.83870965,0.83870965
Cc1ccc2c(OCCN3CC(COc4ccc5c(c4)NC(=O)CO5)C3)cccc2n1,train,train,train,3,3,0.92537314,0.92537314,0.92537314
Cc1ccc2c(N3CCN(CCCc4ccc5c(c4)NC(=O)CO5)CC3)cccc2n1,test,test,train,3,3,0.9516129,0.9516129,0.9516129
Cc1ccc2c(N3CCN(CCCCc4ccc5c(c4)NC(=O)CO5)CC3)cccc2n1,train,train,train,3,3,0.8888889,0.8888889,0.9516129
Cc1ccc2c(OC3CCN(CCc4ccc5c(c4)NC(=O)CO5)CC3)cccc2n1,train,train,train,3,3,0.7162162,0.7162162,0.70422536
Cc1ccc2c(OCCCN3CC(Oc4ccc5c(c4)NC(=O)CO5)C3)cccc2n1,test,test,test,3,3,0.8169014,0.8169014,0.8169014
CCCN(CCCc1c[nH]c2ccc(F)cc12)[C@H]1COc2cccc(C(N)=O)c2C1,train,train,train,4,4,0.7567568,0.7567568,0.7567568
NC(=O)c1ccc(Cl)c2c1CC(N(CCCc1c[nH]c3ccc(F)cc13)C1CCC1)CO2,train,train,train,4,4,0.8194444,0.8194444,0.8194444
COC(=O)c1ccc(F)c2c1CC(N(CCCc1c[nH]c3ccc(F)cc13)C1CCC1)CO2,train,train,train,4,4,0.84931505,0.84931505,0.84931505
CCNC(=O)c1ccc(F)c2c1CC(N(CCCc1c[nH]c3ccc(F)cc13)C1CCC1)CO2,train,train,train,4,4,0.8918919,0.8918919,0.8918919
CCCNC(=O)c1ccc(F)c2c1CC(N(CCCc1c[nH]c3ccc(F)cc13)C1CCC1)CO2,train,train,train,4,4,0.8918919,0.8918919,0.8918919
CC(C)NC(=O)c1ccc(F)c2c1CC(N(CCCc1c[nH]c3ccc(F)cc13)C1CCC1)CO2,train,train,train,4,4,0.8513514,0.8513514,0.8513514
O=C(NC1CC1)c1ccc(F)c2c1CC(N(CCCc1c[nH]c3ccc(F)cc13)C1CCC1)CO2,train,train,train,4,4,0.9710145,0.9710145,0.9710145
O=C(NC1CCC1)c1ccc(F)c2c1CC(N(CCCc1c[nH]c3ccc(F)cc13)C1CCC1)CO2,train,train,train,4,4,0.9710145,0.9710145,0.9710145
O=C(NCC1CC1)c1ccc(F)c2c1CC(N(CCCc1c[nH]c3ccc(F)cc13)C1CCC1)CO2,train,train,train,4,4,0.85333335,0.85333335,0.85333335
CN(C)C(=O)c1ccc(F)c2c1CC(N(CCCc1c[nH]c3ccc(F)cc13)C1CCC1)CO2,train,train,train,4,4,0.8243243,0.8243243,0.8243243
COc1ccc2[nH]cc(CCCN(C3CCC3)C3COc4c(F)ccc(C(N)=O)c4C3)c2c1,train,train,train,4,4,0.82191783,0.82191783,0.7866667
NC(=O)c1ccc(F)c2c1CC(N(CCCc1c[nH]c3ccc(Cl)cc13)C1CCC1)CO2,train,train,test,4,4,0.8428571,0.8428571,0.8428571
NC(=O)c1ccc(F)c2c1CC(N(CCCc1c[nH]c3cc(F)ccc13)C1CCC1)CO2,train,train,test,4,4,0.8428571,0.8428571,0.8428571
COc1cccc2c(CCCN(C3CCC3)C3COc4c(F)ccc(C(N)=O)c4C3)c[nH]c12,test,test,train,4,4,0.725,0.725,0.8
NC(=O)c1ccc(F)c2c1CC(N(CCCc1c[nH]c3c(Cl)cccc13)C1CCC1)CO2,test,test,train,4,4,0.7567568,0.7567568,0.8
CCCN(CCCCn1ccc2c(F)cccc21)C1COc2c(F)ccc(C(N)=O)c2C1,test,test,train,1,1,0.739726,0.739726,0.78571427
CCCN(CCCCn1ccc2cc(F)ccc21)C1COc2c(F)ccc(C(N)=O)c2C1,test,test,train,4,4,0.88235295,0.88235295,0.88235295
CCCN(CCCCn1ccc2ccc(F)cc21)C1COc2c(F)ccc(C(N)=O)c2C1,train,train,train,4,4,0.8169014,0.8169014,0.88235295
CCCN(CCCCn1ccc2cccc(F)c21)C1COc2c(F)ccc(C(N)=O)c2C1,test,test,train,1,1,0.8115942,0.8115942,0.78571427
NC(=O)c1ccc(F)c2c1CC(N(CCCCn1ccc3c(F)cccc31)CC1CC1)CO2,test,test,test,0,0,0.7887324,0.7887324,0.8142857
NC(=O)c1ccc(F)c2c1CC(N(CCCCn1ccc3cc(F)ccc31)CC1CC1)CO2,train,train,test,0,0,0.884058,0.884058,0.8169014
NC(=O)c1ccc(F)c2c1CC(N(CCCCn1ccc3ccc(F)cc31)CC1CC1)CO2,train,train,test,4,4,0.884058,0.884058,0.8169014
NC(=O)c1ccc(F)c2c1CC(N(CCCCn1ccc3cccc(F)c31)CC1CC1)CO2,train,train,test,0,0,0.7714286,0.7714286,0.8115942
NC(=O)c1ccc(F)c2c1CC(N(CCCCn1ccc3c(F)cccc31)C1CCC1)CO2,test,test,test,0,0,0.7826087,0.7826087,0.7826087
NC(=O)c1ccc(F)c2c1CC(N(CCCCn1ccc3cc(F)ccc31)C1CCC1)CO2,train,train,train,0,0,0.880597,0.880597,0.880597
NC(=O)c1ccc(F)c2c1CC(N(CCCCn1ccc3ccc(F)cc31)C1CCC1)CO2,train,train,train,4,4,0.880597,0.880597,0.880597
NC(=O)c1ccc(F)c2c1CC(N(CCCCn1ccc3cccc(F)c31)C1CCC1)CO2,train,train,train,0,0,0.7714286,0.7714286,0.75714284
NC(=O)c1ccc(F)c2c1C[C@@H](NCC1CCc3[nH]c4ccc(F)cc4c3C1)CO2,test,test,train,4,4,0.58441556,0.58441556,0.58441556
NCCC(=O)Nc1cccc2c1cnn2S(=O)(=O)c1cccc2ccccc12,train,train,train,1,1,0.46376812,0.46376812,0.46376812
O=C(Nc1ccc2cnn(S(=O)(=O)c3cccc4ccccc34)c2c1)C1CCNCC1,train,train,train,0,0,0.82258064,0.82258064,0.82258064
O=C(Nc1ccc2cnn(S(=O)(=O)c3cccc4ccccc34)c2c1)C1CCCNC1,train,train,train,0,0,0.82258064,0.82258064,0.82258064
CN1[C@H]2Cc3cc4c(cc3[C@@H]1Cc1cc3c(cc12)OCO3)OCO4,train,train,train,0,0,0.4375,0.4375,0.4375
O=C(CCCN1C2CCC1CN(c1ccc(Cl)cc1)CC2)c1ccc(F)cc1,train,train,train,0,0,0.6296296,0.6296296,0.6296296
O=C(CCCN1CCCN(c2ccc(Cl)cc2)CC1)c1ccc(F)cc1,train,train,train,1,1,0.90909094,0.90909094,0.90909094
O=C(CCCN1CCN(c2ncccn2)CC1)c1ccc(F)cc1,train,train,train,1,1,0.6666667,0.6666667,0.6666667
O=C(CCCN1C2CCC1CC(c1ccccc1)C2)c1ccc(F)cc1,train,train,train,0,0,0.65384614,0.65384614,0.5254237
O=C(CCCN1C2CCC1CC(O)(c1ccccc1)C2)c1ccc(F)cc1,train,train,test,0,0,0.8,0.8,0.65384614
O=C(CCCN1CCN(c2ccc(Cl)cc2)CC1)c1ccc(F)cc1,train,train,train,1,1,0.90909094,0.90909094,0.90909094
c1ccc2c(CCN3CCCC(c4ccnc(NC5CC5)n4)C3)c[nH]c2c1,train,train,test,4,4,0.7903226,0.7903226,0.7903226
c1ccc2c(CCN3CCCC(c4ccnc(NCC5CC5)n4)C3)c[nH]c2c1,train,train,train,4,4,0.796875,0.796875,0.7878788
CC(Nc1nccc(C2CCCN(CCc3c[nH]c4ccccc34)C2)n1)C1CC1,train,train,train,4,4,0.75384617,0.75384617,0.74626863
CC1(Nc2nccc(C3CCCN(CCc4c[nH]c5ccccc45)C3)n2)CC1,train,train,train,4,4,0.765625,0.765625,0.75757575
CC(C)(C)Nc1nccc(C2CCCN(CCc3c[nH]c4ccccc34)C2)n1,train,train,train,4,4,0.796875,0.796875,0.78125
CCCNc1nccc(C2CCCN(CCc3c[nH]c4ccccc34)C2)n1,train,train,test,4,4,0.83076924,0.83076924,0.83076924
Fc1ccc2[nH]cc(CCN3CCCC(c4ccnc(NC5CC5)n4)C3)c2c1,train,train,test,4,4,0.87096775,0.87096775,0.87096775
Clc1ccc2[nH]cc(CCN3CCCC(c4ccnc(NC5CC5)n4)C3)c2c1,train,train,train,4,4,0.8125,0.8125,0.73134327
Cc1[nH]c2ccc(Cl)cc2c1CCN1CCCC(c2ccnc(NC3CC3)n2)C1,train,train,test,0,0,0.71014494,0.71014494,0.71014494
Fc1cccc2c(CCN3CCCC(c4ccnc(NC5CC5)n4)C3)c[nH]c12,train,train,train,4,4,0.765625,0.765625,0.7205882
Fc1ccc2c(CCN3CCCC(c4ccnc(NC5CC5)n4)C3)c[nH]c2c1,train,train,train,4,4,0.87096775,0.87096775,0.73134327
c1ccc2c(c1)OC[C@H](CCN1CCCC(c3ccnc(NC4CC4)n3)C1)O2,train,train,train,0,0,0.6507937,0.6507937,0.6507937
c1ccc2c(CCN3CCCC(c4ccnc(NC5CC5)n4)C3)csc2c1,train,train,train,0,0,0.703125,0.703125,0.640625
c1ccc2c(c1)CC(CCN1CCCC(c3ccnc(NC4CC4)n3)C1)C2,train,train,train,0,0,0.6507937,0.6507937,0.6507937
CC(Cc1c[nH]c2ccccc12)N1CCCC(c2ccnc(NC3CC3)n2)C1,train,train,train,4,4,0.6969697,0.6969697,0.5972222
O=C(CN1CCCC(c2ccnc(NC3CC3)n2)C1)c1c[nH]c2ccccc12,train,train,train,4,4,0.6818182,0.6818182,0.5972222
c1cc(C2CCCN(CCc3cscn3)C2)nc(NC2CC2)n1,train,train,train,0,0,0.640625,0.640625,0.640625
c1cc(C2CCCN(CCc3cn[nH]c3)C2)nc(NC2CC2)n1,train,train,train,0,0,0.640625,0.640625,0.62903225
OCCCNc1nccc(C2CCCN(CCc3c[nH]c4ccccc34)C2)n1,train,train,train,4,4,0.8153846,0.8153846,0.8088235
COCCCNc1nccc(C2CCCN(CCc3c[nH]c4ccccc34)C2)n1,train,train,train,4,4,0.9076923,0.9076923,0.9076923
COCCNc1nccc(C2CCCN(CCc3c[nH]c4ccccc34)C2)n1,train,train,train,4,4,0.9076923,0.9076923,0.9076923
Cc1ccc2c(OCCN3CCC(Cc4cccc(N5C[C@H](C)N[C@H](C)C5)c4)CC3)cccc2n1,train,train,train,3,3,0.83076924,0.83076924,0.83076924
Cc1ccc2c(OCCN3CCC(Cc4cccc(N5C[C@@H](C)NC[C@@H]5C)c4)CC3)cccc2n1,train,train,train,3,3,0.75714284,0.75714284,0.75714284
Cc1ccc2c(OCCN3CCC(Cc4cccc(N5CCN(C)CC5)c4)CC3)cccc2n1,train,train,test,3,3,0.93333334,0.93333334,0.93333334
Cc1ccc2c(OCCN3CCC(Cc4cccc(N5CCN(C)C(=O)C5)c4)CC3)cccc2n1,train,train,test,3,3,0.7878788,0.7878788,0.77272725
Cc1ccc2c(OCCN3CCC(Cc4cccc(N5CCN(C)CC5=O)c4)CC3)cccc2n1,train,train,test,3,3,0.76119405,0.76119405,0.8088235
Cc1ccc2c(OCCN3CCC(Cc4cccc(N5CCCCC5)c4)CC3)cccc2n1,train,train,train,3,3,0.98214287,0.98214287,0.98214287
Cc1ccc2c(OCCN3CCC(Cc4cccc(N5CCOCC5)c4)CC3)cccc2n1,test,test,train,3,3,0.852459,0.852459,0.852459
Cc1ccc2c(OCCN3CCC(Cc4cccc(N5C[C@H](C)O[C@H](C)C5)c4)CC3)cccc2n1,train,train,train,3,3,0.83076924,0.83076924,0.83076924
Cc1ccc2c(OCCN3CCC(Cc4cccc(N5CCCN(C)CC5)c4)CC3)cccc2n1,train,train,train,3,3,0.93333334,0.93333334,0.8852459
Cc1ccc2c(OCCN3CCC(Cc4cccc(N5CCCC5)c4)CC3)cccc2n1,train,train,train,3,3,0.98214287,0.98214287,0.98214287
Cc1ccc2c(OCCN3CCC(Cc4cccc(C5CCN(C)CC5)c4)CC3)cccc2n1,train,train,train,3,3,0.84126985,0.84126985,0.84126985
Cc1ccc2c(OCCN3CCC(Cc4cccc(C5CCNCC5)c4)CC3)cccc2n1,train,train,test,3,3,0.83870965,0.83870965,0.83870965
CC(=O)N1CCC(c2cccc(CC3CCN(CCOc4cccc5nc(C)ccc45)CC3)c2)CC1,train,train,train,3,3,0.84126985,0.84126985,0.84126985
Cc1ccc2c(OCCN3CCC(Cc4cccc(C5CCN(S(C)(=O)=O)CC5)c4)CC3)cccc2n1,train,train,test,3,3,0.8153846,0.8153846,0.8153846
Cc1ccc2c(OCCN3CCC(Cc4cccc(-c5ccncc5)c4)CC3)cccc2n1,test,test,train,3,3,0.8947368,0.8947368,0.8947368
Cc1ccc2c(OCCN3CCC(Cc4cccc(-c5cccnc5)c4)CC3)cccc2n1,train,train,train,3,3,0.8333333,0.8333333,0.83870965
Cc1ccc2c(OCCN3CCC(Cc4cccc(-c5ccccc5)c4)CC3)cccc2n1,train,train,train,3,3,0.8333333,0.8333333,0.8947368
Cc1ccc2c(OCCN3CCC(Cc4cccc(-c5ccoc5)c4)CC3)cccc2n1,train,train,train,3,3,0.8333333,0.8333333,0.8333333
Cc1ccc2c3c(ccc2n1)OC[C@H](CN1CCCN(c2ccc4cc(F)ccc4n2)CC1)O3,train,train,train,3,3,0.93442625,0.93442625,0.93442625
Cc1ccc2c3c(ccc2n1)OC[C@H](CN1CCCN(c2ccc4cc(C#N)ccc4n2)CC1)O3,train,train,test,3,3,0.8,0.8,0.93846154
Cc1ccc2c3c(ccc2n1)OC[C@H](CN1CCCN(c2ccc4ccccc4n2)CC1)O3,train,train,train,3,3,0.9322034,0.9322034,0.9322034
Cc1ccc2c3c(ccc2n1)OC[C@H](CN1CCN(c2ccc4cc(C#N)ccc4n2)C[C@H]1C)O3,train,train,train,3,3,0.7567568,0.7567568,0.8
Cc1ccc2c3c(ccc2n1)OC[C@H](CN1CCN(c2ccc4ccccc4n2)CC1)O3,train,train,train,3,3,0.9322034,0.9322034,0.9322034
Cc1ccc2c3c(ccc2n1)OC[C@H](CN1CCN(c2ccc4cc(OC(F)(F)F)ccc4n2)CC1)O3,train,train,train,3,3,0.7794118,0.7794118,0.7794118
Cc1ccc2c3c(ccc2n1)OC[C@H](CN1CCN(c2ccc4cc(C(N)=O)ccc4n2)CC1)O3,train,train,train,3,3,0.7761194,0.7761194,0.7761194
Cc1ccc2c3c(ccc2n1)OC[C@H](CN1CCN(c2ccc4cc(C#N)ccc4n2)CC1)O3,test,test,train,3,3,0.93846154,0.93846154,0.8
Cc1ccc2c3c(ccc2n1)OC[C@H](CN1CCN(c2ccc4cc(Br)ccc4n2)CC1)O3,train,train,train,3,3,0.82539684,0.82539684,0.82539684
Cc1ccc2c3c(ccc2n1)OC[C@H](CN1CCN(c2ccc4cc(Cl)ccc4n2)CC1)O3,train,train,train,3,3,0.82539684,0.82539684,0.82539684
Cc1ccc2c3c(ccc2n1)OC[C@H](CN1CCN(c2ccc4cc(F)ccc4n2)CC1)O3,train,train,train,3,3,0.93442625,0.93442625,0.93442625
Cc1ccc2c3c(ccc2n1)OC[C@H](CN1CCN(c2ccc4cc([N+](=O)[O-])ccc4n2)CC1)O3,train,train,train,3,3,0.7647059,0.7647059,0.7647059
Cc1ccc2c3c(ccc2n1)OC[C@H](CN1CC=C(c2c[nH]c4ccccc24)CC1)O3,test,test,train,3,3,0.5405405,0.5405405,0.5405405
Cc1ccccc1C1CN(CCCc2cn(CCCN3CCN(c4ncccn4)CC3)nn2)CCc2cc(O)c(O)cc21,train,train,train,1,1,0.8333333,0.8333333,0.8333333
COc1ccccc1N1CCN(CCCn2cc(CCCN3CCc4cc(O)c(O)cc4C(c4ccccc4C)C3)nn2)CC1,test,test,train,2,2,1.0,1.0,0.8630137
Cc1ccccc1C1CN(CCCc2cn(CCCN3CCN(c4ccccc4O)CC3)nn2)CCc2cc(O)c(O)cc21,train,train,train,1,1,0.8630137,0.8630137,0.8630137
Cc1cccc(C2CN(CCCc3cn(CCCN4CCN(c5ncccn5)CC4)nn3)CCc3cc(O)c(O)cc32)c1,train,train,test,1,1,0.7894737,0.7894737,0.7894737
COc1ccccc1N1CCN(CCCn2cc(CCCN3CCc4cc(O)c(O)cc4C(c4cccc(C)c4)C3)nn2)CC1,test,test,train,2,2,0.9605263,0.9605263,0.9605263
Cc1cccc(C2CN(CCCc3cn(CCCN4CCN(c5nsc6ccccc56)CC4)nn3)CCc3cc(O)c(O)cc32)c1,test,test,test,1,1,0.7590361,0.7590361,0.71590906
COc1ccccc1N1CCN(CCCn2cc(CN3CCc4cc(O)c(O)cc4C(c4cccc(C)c4)C3)nn2)CC1,train,train,train,2,2,0.87341774,0.87341774,0.88461536
COc1ccccc1N1CCN(CCCn2cc(CCCCN3CCc4cc(O)c(O)cc4C(c4cccc(C)c4)C3)nn2)CC1,train,train,train,2,2,0.87341774,0.87341774,0.9605263
COc1ccccc1N1CCN(CCCc2cn(CCCN3CCc4cc(O)c(O)cc4C(c4ccccc4C)C3)nn2)CC1,train,train,test,2,2,0.8630137,0.8630137,1.0
CCN(CC)CCCc1cn(CCCN2CCN(c3ccccc3OC)CC2)nn1,train,train,train,2,2,0.57575756,0.57575756,0.6
COc1ccccc1N1CCN(CCN2C(=O)c3cccc4c(N)ccc(c34)C2=O)CC1,train,train,test,2,2,0.8888889,0.8888889,0.8888889
COc1ccccc1N1CCN(CCCN2C(=O)c3cccc4c(N)ccc(c34)C2=O)CC1,train,train,test,2,2,0.9622642,0.9622642,0.9622642
COc1ccccc1N1CCN(CCCCN2C(=O)c3cccc4c(N)ccc(c34)C2=O)CC1,train,train,train,2,2,0.9811321,0.9811321,0.9811321
COc1ccccc1N1CCN(CCCCCN2C(=O)c3cccc4c(N)ccc(c34)C2=O)CC1,train,train,train,2,2,0.9811321,0.9811321,0.9811321
COc1ccccc1N1CCN(CCN2C(=O)c3ccc(N(C)C)cc3C2=O)CC1,train,train,test,2,2,0.88461536,0.88461536,0.8679245
COc1ccccc1N1CCN(CCCN2C(=O)c3ccc(N(C)C)cc3C2=O)CC1,train,train,test,2,2,0.9423077,0.9423077,0.9423077
COc1ccccc1N1CCN(CCCCN2C(=O)c3ccc(N(C)C)cc3C2=O)CC1,test,test,test,2,2,0.98039216,0.98039216,0.98039216
COc1ccccc1N1CCN(CCCCCN2C(=O)c3ccc(N(C)C)cc3C2=O)CC1,train,train,train,2,2,0.9423077,0.9423077,0.6896552
COc1ccccc1N1CCN(CCNS(=O)(=O)c2cccc3c(N(C)C)cccc23)CC1,test,test,test,2,2,0.91071427,0.91071427,0.91071427
COc1ccccc1N1CCN(CCCNS(=O)(=O)c2cccc3c(N(C)C)cccc23)CC1,train,train,train,2,2,0.96428573,0.96428573,0.96428573
COc1ccccc1N1CCN(CCCCNS(=O)(=O)c2cccc3c(N(C)C)cccc23)CC1,train,train,train,2,2,0.96428573,0.96428573,0.98245615
COc1ccccc1N1CCN(CCCCCNS(=O)(=O)c2cccc3c(N(C)C)cccc23)CC1,test,test,train,2,2,0.98245615,0.98245615,0.98245615
O=c1c2ccccc2ncn1CCCN1CCN(c2cccc(Cl)c2)CC1,train,train,train,1,1,0.93877554,0.93877554,0.93877554
O=c1ccc(=O)n(-c2ccccc2)n1CCCCN1CCN(c2cccc(Cl)c2)CC1,train,train,train,1,1,0.95348835,0.95348835,0.95348835
COc1ccccc1N1CCN(CCCn2c(=O)ccc(=O)n2-c2ccccc2)CC1,train,train,train,2,2,0.95652175,0.95652175,0.95652175
COc1ccccc1N1CCN(CCCCn2c(=O)ccc(=O)n2-c2ccccc2)CC1,train,train,train,2,2,0.95652175,0.95652175,0.95652175
COc1ccccc1N1CCN(CCCn2cnc3ccccc3c2=O)CC1,train,train,train,2,2,0.9591837,0.9591837,0.7818182
COc1ccccc1N1CCN(CCCCn2cnc3ccccc3c2=O)CC1,train,train,test,2,2,0.9591837,0.9591837,0.9591837
O=c1c2ccccc2c(=O)n(-c2ccccc2)n1CCCN1CCN(c2cccc(Cl)c2)CC1,test,test,train,1,1,0.72,0.72,0.72
O=c1c2ccccc2c(=O)n(-c2ccccc2)n1CCCCN1CCN(c2cccc(Cl)c2)CC1,test,test,test,1,1,0.72,0.72,0.95555556
COc1ccccc1N1CCN(CCCn2c(=O)c3ccccc3c(=O)n2-c2ccccc2)CC1,train,train,train,2,2,0.9583333,0.9583333,0.9583333
COc1ccccc1N1CCN(CCCCn2c(=O)c3ccccc3c(=O)n2-c2ccccc2)CC1,train,train,train,2,2,0.9583333,0.9583333,0.9583333
O=c1ccc(=O)n(-c2ccccc2)n1CCCN1CCN(c2cccc(Cl)c2)CC1,train,train,train,1,1,0.95348835,0.95348835,0.95348835
O=C1/C(=C/c2ccccc2N2CCNCC2)SCCN1c1ccc(F)cc1F,train,train,train,1,1,0.38709676,0.38709676,0.38709676
Clc1cccc(Oc2ccccc2C2CCNCC2)c1,train,train,train,0,0,0.71428573,0.71428573,0.71428573
Fc1ccc(Oc2ccccc2N2CCNCC2)cc1,train,train,train,2,2,0.8181818,0.8181818,0.7631579
O=C1C(Cc2ccccc2N2CCNCC2)SCCN1c1ccc(Cl)c(Cl)c1,train,train,test,1,1,0.41379312,0.41379312,0.41379312
Fc1cccc(Oc2ccccc2N2CCNCC2)c1,train,train,train,2,2,0.7631579,0.7631579,0.7631579
Fc1cccc(Oc2ccccc2C2CCNCC2)c1,train,train,train,0,0,0.7631579,0.7631579,0.7631579
Fc1cccc(C2CCNCC2)c1Oc1ccccc1,test,test,train,0,0,0.6511628,0.6511628,0.6511628
Fc1cccc(Oc2cccc(F)c2C2CCNCC2)c1,train,train,train,0,0,0.7948718,0.7948718,0.7948718
c1ccc(COc2ccccc2N2CCNCC2)cc1,test,test,test,2,2,0.6585366,0.6585366,0.6585366
Fc1ccccc1COc1ccccc1N1CCNCC1,train,train,train,2,2,0.74418604,0.74418604,0.74418604
Fc1ccccc1COc1ccccc1C1CCNCC1,train,train,train,0,0,0.6585366,0.6585366,0.70731705
Cc1ccc(F)c(Oc2ccccc2C2CCNCC2)c1,train,train,train,0,0,0.60465115,0.60465115,0.60465115
c1ccc(Oc2ccccc2C2CCNCC2)cc1,train,train,train,0,0,0.8181818,0.8181818,0.8181818
Fc1ccc(COc2ccccc2C2CCNCC2)cc1,test,test,train,0,0,0.8333333,0.8333333,0.8333333
Fc1cccc(OCc2ccccc2N2CCNCC2)c1F,train,train,train,2,2,0.74418604,0.74418604,0.74418604
Fc1cccc(OCc2ccccc2N2CCNCC2)c1,test,test,train,2,2,0.73170733,0.73170733,0.73170733
Fc1ccc(Oc2ccccc2C2CCNCC2)cc1,train,train,train,0,0,0.8181818,0.8181818,0.8181818
c1ccc(COc2ccccc2C2CCNCC2)cc1,train,train,train,0,0,0.6585366,0.6585366,0.8333333
Fc1cccc(Oc2ccccc2)c1C1CCNCC1,train,train,train,0,0,0.8611111,0.8611111,0.8611111
c1ccc(Oc2ccccc2N2CCNCC2)cc1,train,train,test,2,2,0.8181818,0.8181818,0.8181818
Fc1ccc(Oc2cccc(F)c2C2CCNCC2)cc1,train,train,train,0,0,0.8611111,0.8611111,0.8611111
c1ccc(OCc2ccccc2N2CCNCC2)cc1,train,train,train,2,2,0.6136364,0.6136364,0.73170733
Fc1cccc(OCc2ccccc2)c1C1CCNCC1,train,train,train,0,0,0.6511628,0.6511628,0.6511628
c1ccc(N2CCNCC2)c(COc2ccccc2C2CC2)c1,train,train,test,2,2,0.625,0.625,0.625
Fc1cccc(C2CCNCC2)c1OCc1ccccc1,train,train,train,0,0,0.64444447,0.64444447,0.6511628
Fc1ccc(OCc2ccc(Cl)c(Cl)c2)c(C2CCNCC2)c1,train,train,train,0,0,0.51785713,0.51785713,0.61702126
Fc1ccc(COc2ccc(F)cc2C2CCNCC2)cc1,test,test,test,0,0,0.7906977,0.7906977,0.7906977
O=C1NCCc2cc(F)c3c(c21)CC(NCCCc1c[nH]c2ccc(F)cc12)CO3,train,train,train,4,4,0.6891892,0.6891892,0.7887324
CCN(CCCc1c[nH]c2ccc(F)cc12)C1COc2c(F)cc3c(c2C1)C(=O)NCC3,test,test,train,4,4,0.84,0.84,0.84
O=C1NCCc2cc(F)c3c(c21)CC(N(CCCc1c[nH]c2ccc(F)cc12)CC1CC1)CO3,train,train,train,4,4,0.81578946,0.81578946,0.84
O=C1NCCc2ccc3c(c21)CC(NCCCc1c[nH]c2ccc(F)cc12)CO3,test,test,train,4,4,0.8507463,0.8507463,0.8507463
CN(CCCc1c[nH]c2ccc(F)cc12)C1COc2ccc3c(c2C1)C(=O)NCC3,train,train,train,4,4,0.85507244,0.85507244,0.8484849
CCN(CCCc1c[nH]c2ccc(F)cc12)C1COc2ccc3c(c2C1)C(=O)NCC3,train,train,test,4,4,0.9,0.9,0.85714287
CCCN(CCCc1c[nH]c2ccc(F)cc12)C1COc2ccc3c(c2C1)C(=O)NCC3,train,train,test,4,4,0.9,0.9,0.84931505
CC(C)N(CCCc1c[nH]c2ccc(F)cc12)C1COc2ccc3c(c2C1)C(=O)NCC3,train,train,test,4,4,0.85507244,0.85507244,0.85507244
O=C1NCCc2ccc3c(c21)CC(N(CCCc1c[nH]c2ccc(F)cc12)CC1CC1)CO3,train,train,test,4,4,0.8611111,0.8611111,0.8611111
CC(C)CN(CCCc1c[nH]c2ccc(F)cc12)C1COc2ccc3c(c2C1)C(=O)NCC3,train,train,test,4,4,0.8611111,0.8611111,0.8309859
O=C1NCCc2ccc3c(c21)CC(N(CCCc1c[nH]c2ccc(F)cc12)C1CCC1)CO3,train,train,train,4,4,0.82857144,0.82857144,0.85714287
O=C1NCCc2ccc3c(c21)CC(N(CCCc1c[nH]c2ccc(F)cc12)CCC(F)(F)F)CO3,train,train,train,4,4,0.84931505,0.84931505,0.8055556
O=C1NCCc2ccc3c(c21)CC(N(CCCc1c[nH]c2ccc(F)cc12)C(=O)c1ccccc1)CO3,train,train,train,4,4,0.8666667,0.8666667,0.8666667
O=C1NCc2ccc3c(c21)CC(NCCCc1c[nH]c2ccc(F)cc12)CO3,train,train,train,4,4,0.95238096,0.95238096,0.95238096
CN(CCCc1c[nH]c2ccc(F)cc12)C1COc2ccc3c(c2C1)C(=O)NC3,train,train,train,4,4,0.8507463,0.8507463,0.8507463
CCN(CCCc1c[nH]c2ccc(F)cc12)C1COc2ccc3c(c2C1)C(=O)NC3,train,train,train,4,4,0.85714287,0.85714287,0.8507463
O=C1NCc2ccc3c(c21)CC(N(CCCc1c[nH]c2ccc(F)cc12)CC1CC1)CO3,train,train,train,4,4,0.9558824,0.9558824,0.8309859
O=C1NCc2ccc3c(c21)CC(N(CCCc1c[nH]c2ccc(F)cc12)C1CCC1)CO3,test,test,train,4,4,0.85714287,0.85714287,0.85714287
O=C1NCc2ccc3c(c21)CC(N(CCCc1c[nH]c2ccc(F)cc12)C(=O)c1ccccc1)CO3,train,train,train,4,4,0.8666667,0.8666667,0.8666667
N#Cc1ccc2[nH]cc(CCCNC3COc4ccc5c(c4C3)C(=O)NC5)c2c1,train,train,train,4,4,0.78571427,0.78571427,0.78571427
O=C1NCc2ccc3c(c21)CC(NCCCCc1c[nH]c2ccc(F)cc12)CO3,train,train,train,4,4,0.95238096,0.95238096,0.95238096
O=C1NCc2ccc3c(c21)CC(N(CCCCc1c[nH]c2ccc(F)cc12)CC1CC1)CO3,train,train,test,4,4,0.9558824,0.9558824,0.9558824
C=CCc1ccc2c(c1O)-c1cc(OC)cc3c1[C@@H](C2)N(C)CC3,train,train,train,2,2,0.70689654,0.70689654,0.70689654
C=CCOc1cccc2c1-c1cc(OC)cc3c1[C@@H](C2)N(C)CC3,train,train,train,2,2,0.6785714,0.6785714,0.63492066
Cc1cc2ccc3c(c2o1)-c1cccc2c1[C@@H](C3)N(C)CC2,train,train,test,0,0,0.63265306,0.63265306,0.7592593
C#CCOc1cccc2c1-c1cccc3c1[C@@H](C2)N(C)CC3,train,train,train,2,2,0.7735849,0.7735849,0.7735849
C=CCc1ccc2c(c1O)-c1cccc3c1[C@@H](C2)N(C)CC3,train,train,train,2,2,0.7818182,0.7818182,0.70689654
C=CCOc1cccc2c1-c1cccc3c1[C@@H](C2)N(C)CC3,test,test,test,2,2,0.7692308,0.7692308,0.7692308
CCCN1CCc2cccc3c2[C@H]1Cc1ccc2c(C)c(C)oc2c1-3,test,test,train,0,0,0.6166667,0.6166667,0.69491524
CCCN1CCc2cccc3c2[C@H]1Cc1ccc2cc(C)oc2c1-3,test,test,train,0,0,0.7592593,0.7592593,0.69491524
CC#CCOc1cccc2c1-c1cccc3c1[C@@H](C2)N(CCC)CC3,train,train,train,2,2,0.8,0.8,0.8
C#CCOc1cccc2c1-c1cccc3c1[C@@H](C2)N(CCC)CC3,train,train,train,2,2,0.8,0.8,0.8
CCCN1CCc2cccc3c2[C@H]1Cc1ccc2c(c1-3)OC(C)(C)C2,train,train,test,0,0,0.68421054,0.68421054,0.68421054
C=CCc1ccc2c(c1O)-c1cccc3c1[C@@H](C2)N(CCC)CC3,train,train,test,2,2,0.7818182,0.7818182,0.7818182
CCCN1CCc2cccc3c2[C@H]1Cc1cccc(OCC=C(C)C)c1-3,train,train,train,2,2,0.8,0.8,0.8
C=C(C)COc1cccc2c1-c1cccc3c1[C@@H](C2)N(CCC)CC3,train,train,train,2,2,0.7719298,0.7719298,0.7719298
C=CCOc1cccc2c1-c1cccc3c1[C@@H](C2)N(CCC)CC3,train,train,train,2,2,0.8,0.8,0.8148148
COc1cc2c3c(c1)-c1c(O)cccc1C[C@H]3N(C)CC2,train,train,test,2,2,0.6956522,0.6956522,0.6956522
CN1CCc2cccc3c2[C@H]1Cc1cccc(O)c1-3,train,train,train,0,0,0.8947368,0.8947368,0.8947368
C/C=C/COc1cccc2c1-c1cccc3c1[C@@H](C2)N(CCC)CC3,test,test,train,2,2,0.8148148,0.8148148,0.8148148
CC1Cc2ccc3c(c2O1)-c1cc(O)cc2c1[C@@H](C3)N(C)CC2,train,train,train,0,0,0.5964912,0.5964912,0.5964912
C=CC(C)c1ccc(O)c2c1C[C@@H]1c3c(cccc3-2)CCN1CCC,train,train,test,0,0,0.5671642,0.5671642,0.54545456
CCCN1CCc2cccc3c2[C@H]1Cc1ccc2c(c1-3)OC(C)C2C,test,test,train,0,0,0.74545455,0.74545455,0.74545455
CCCN1CCc2cccc3c2[C@H]1Cc1ccc2c(c1-3)OC(C)C2,train,train,train,0,0,0.68421054,0.68421054,0.74545455
Fc1ccc2[nH]cc(C3=CCN(CCc4coc5ccccc45)CC3)c2c1,train,train,train,4,4,0.875,0.875,0.86206895
Fc1ccc2c(C3=CCN(CCc4coc5ccccc45)CC3)c[nH]c2c1,train,train,train,4,4,0.86206895,0.86206895,0.86206895
C1=C(c2c[nH]c3ccccc23)CCN(CCc2coc3ccccc23)C1,train,train,train,4,4,0.8214286,0.8214286,0.8214286
Fc1ccc2occ(CCN3CC=C(c4c[nH]c5ccccc45)CC3)c2c1,train,train,train,4,4,0.875,0.875,0.86206895
N#Cc1ccc2[nH]cc(C3=CCN(CCc4coc5ccc(F)cc45)CC3)c2c1,test,test,train,4,4,0.85,0.85,0.75384617
Fc1ccc2[nH]cc(C3=CCN(CCc4coc5ccc(F)cc45)CC3)c2c1,train,train,test,4,4,0.875,0.875,0.875
COc1ccc2c(CCN3CC=C(c4c[nH]c5ccccc45)CC3)coc2c1,train,train,train,4,4,0.828125,0.828125,0.828125
COc1ccc2c(CCN3CC=C(c4c[nH]c5ccc(F)cc45)CC3)coc2c1,test,test,test,4,4,0.8888889,0.8888889,0.8888889
COc1ccc2c(CCN3CC=C(c4c[nH]c5cc(F)ccc45)CC3)coc2c1,train,train,train,4,4,0.828125,0.828125,0.828125
COc1ccc2c(CCN3CC=C(c4c[nH]c5ccc(C#N)cc45)CC3)coc2c1,train,train,train,4,4,0.76811594,0.76811594,0.76811594
COc1cccc2c(CCN3CC=C(c4c[nH]c5ccccc45)CC3)coc12,train,train,train,4,4,0.83870965,0.83870965,0.83870965
COc1cccc2c(CCN3CC=C(c4c[nH]c5cc(F)ccc45)CC3)coc12,train,train,train,4,4,0.8730159,0.8730159,0.8730159
COc1cccc2c(CCN3CC=C(c4c[nH]c5ccc(F)cc45)CC3)coc12,train,train,train,4,4,0.8730159,0.8730159,0.8730159
COc1cccc2c(CCN3CC=C(c4c[nH]c5ccc(C#N)cc45)CC3)coc12,test,test,test,4,4,0.8088235,0.8088235,0.8088235
COc1cccc2c(C(C)CN3CC=C(c4c[nH]c5ccccc45)CC3)coc12,train,train,train,4,4,0.72307694,0.72307694,0.72307694
Fc1ccccc1Oc1cccc(F)c1C1CCNCC1,train,train,train,0,0,0.7837838,0.7837838,0.7837838
c1ccc(Oc2ncccc2C2CCNCC2)cc1,test,test,train,0,0,0.6904762,0.6904762,0.6904762
Fc1ccccc1Oc1ncccc1C1CCNCC1,train,train,train,0,0,0.81395346,0.81395346,0.81395346
Clc1ccccc1Oc1ncccc1C1CCNCC1,train,train,train,0,0,0.81395346,0.81395346,0.81395346
COc1ccccc1Oc1ncccc1C1CCNCC1,test,test,train,2,2,0.7619048,0.7619048,0.7619048
Cc1ccccc1Oc1ncccc1C1CCNCC1,train,train,train,0,0,0.74418604,0.74418604,0.7619048
FC(F)(F)c1ccccc1Oc1ncccc1C1CCNCC1,train,train,train,0,0,0.7173913,0.7173913,0.7173913
Clc1cccc(Oc2ncccc2C2CCNCC2)c1Cl,train,train,train,0,0,0.81395346,0.81395346,0.81395346
Fc1cccc(Oc2ncccc2C2CCNCC2)c1F,train,train,train,0,0,0.81395346,0.81395346,0.81395346
Cc1ccc(Oc2ncccc2C2CCNCC2)c(F)c1,train,train,train,0,0,0.8043478,0.8043478,0.73913044
Clc1ccc(Oc2ncccc2C2CCNCC2)c(Cl)c1,train,train,train,0,0,0.75555557,0.75555557,0.75555557
Fc1ccc(Oc2ncccc2C2CCNCC2)c(F)c1,train,train,test,0,0,0.8043478,0.8043478,0.8043478
Fc1ccc(Cl)c(Oc2ncccc2C2CCNCC2)c1,train,train,train,0,0,0.76086956,0.76086956,0.76086956
COc1cccc(F)c1Oc1ncccc1C1CCNCC1,test,test,train,0,0,0.75510204,0.75510204,0.8
Fc1cccc(Cl)c1Oc1ncccc1C1CCNCC1,train,train,train,0,0,0.75,0.75,0.8372093
Fc1cccc(F)c1Oc1ncccc1C1CCNCC1,test,test,train,0,0,0.8372093,0.8372093,0.8372093
Cc1cccc(F)c1Oc1ncccc1C1CCNCC1,train,train,train,0,0,0.75,0.75,0.8372093
Clc1ccccc1Oc1ncccc1N1CCNCC1,test,test,train,2,2,0.6666667,0.6666667,0.6666667
Fc1cccc(Cl)c1Oc1ncccc1N1CCNCC1,train,train,train,1,1,0.61538464,0.61538464,0.6666667
N[C@@H]1CCN(c2ccc3[nH]nc(S(=O)(=O)c4cccc5ccccc45)c3c2)C1,train,train,train,1,1,0.47058824,0.47058824,0.7017544
c1ccc(OCCNCC2COC(c3ccccc3)(c3ccccc3)O2)cc1,train,train,train,2,2,0.8043478,0.8043478,0.8043478
COc1ccccc1OCCNCC1COC(c2ccccc2)(c2ccccc2)O1,train,train,train,2,2,0.85106385,0.85106385,0.85106385
Cc1ccccc1OCCNCC1COC(c2ccccc2)(c2ccccc2)O1,train,train,train,2,2,0.82978725,0.82978725,0.82978725
COc1ccccc1CCCNCC1COC(c2ccccc2)(c2ccccc2)O1,train,train,train,2,2,0.71153843,0.71153843,0.71153843
COc1cccc(OCCNCC2COC(c3ccccc3)(c3ccccc3)O2)c1,train,train,train,2,2,0.78723407,0.78723407,0.7924528
COc1cccc(OC)c1OCCNCC1COC(c2ccccc2)(c2ccccc2)O1,train,train,train,2,2,0.8367347,0.8367347,0.88
COc1cccc(OCCNCC2COC(c3ccccc3)(c3ccccc3)O2)c1OC,test,test,train,2,2,0.88,0.88,0.88
COc1ccc(OCCNCC2COC(c3ccccc3)(c3ccccc3)O2)cc1OC,test,test,train,2,2,0.7924528,0.7924528,0.7924528
CCOc1ccccc1OCCNCC1COC(c2ccccc2)(c2ccccc2)O1,train,train,train,2,2,0.85106385,0.85106385,0.85106385
CC(C)Oc1ccccc1OCCNCC1COC(c2ccccc2)(c2ccccc2)O1,train,train,train,2,2,0.8,0.8,0.8
c1ccc(-c2ccccc2OCCNCC2COC(c3ccccc3)(c3ccccc3)O2)cc1,train,train,train,2,2,0.7755102,0.7755102,0.7755102
c1ccc(-c2cccc(OCCNCC3COC(c4ccccc4)(c4ccccc4)O3)c2)cc1,train,train,train,0,0,0.8043478,0.8043478,0.8043478
COc1ccccc1OCCNCC1CSC(c2ccccc2)(c2ccccc2)O1,test,test,train,2,2,0.6792453,0.6792453,0.6792453
COc1ccccc1OCCNCC1CSC(c2ccccc2)(c2ccccc2)S1,train,train,train,2,2,0.6792453,0.6792453,0.6792453
COc1ccc(-c2c(C#N)c(C(=O)NN3CCCCC3)nn2-c2ccccc2[125I])cc1,test,test,train,2,2,0.31460676,0.31460676,0.31460676
OC(CNCC1COc2ccccc2O1)COc1ccccc1F,test,test,train,2,2,0.4090909,0.4090909,0.5862069
OC(CNCC1COc2ccccc2O1)COCc1ccccc1Cl,test,test,train,2,2,0.375,0.375,0.5862069
COc1ccccc1N1CCN(CCC(O)c2ccccc2)CC1,test,test,train,2,2,0.8636364,0.8636364,0.8636364
COc1ccccc1N1CCN(CCC(Oc2ccc(C(F)(F)F)cc2)c2ccccc2)CC1,test,test,train,2,2,0.9056604,0.9056604,0.9056604
COc1ccc(OC(CCN2CCN(c3ccccc3OC)CC2)c2ccccc2)cc1,train,train,train,2,2,0.7924528,0.7924528,0.8076923
COc1ccccc1N1CCN(CCC(Oc2ccc3c(c2)OCO3)c2ccccc2)CC1,train,train,train,2,2,0.7592593,0.7592593,0.8135593
COc1ccccc1N1CCN(CC/C(=N\O)c2ccccc2)CC1,train,train,test,2,2,0.7755102,0.7755102,0.7755102
O=C(CCN1CCN(c2ccc(Cl)cc2)CC1)c1ccccc1,train,train,train,1,1,0.75609756,0.75609756,0.75
OC(CCN1CCN(c2ccc(Cl)cc2)CC1)c1ccccc1,train,train,train,1,1,0.75609756,0.75609756,0.75609756
Clc1ccc(N2CCN(CCC(Oc3ccc4c(c3)OCO4)c3ccccc3)CC2)cc1,train,train,train,1,1,0.6964286,0.6964286,0.6964286
Cc1ccc(OC(CCN2CCN(c3ccc(Cl)cc3)CC2)c2ccccc2)cc1,train,train,train,1,1,0.754717,0.754717,0.754717
COc1ccc(N2CCN(CCC(=O)c3ccccc3)CC2)cc1,train,train,train,1,1,0.70454544,0.70454544,0.70454544
COc1ccc(N2CCN(CCC(Oc3ccc(C(F)(F)F)cc3)c3ccccc3)CC2)cc1,train,train,train,1,1,0.8269231,0.8269231,0.8113208
O=C(CCN1CCN(c2ncccn2)CC1)c1ccccc1,train,train,train,1,1,0.75609756,0.75609756,0.75609756
FC(F)(F)c1ccc(OC(CCN2CCN(c3ncccn3)CC2)c2ccccc2)cc1,train,train,train,1,1,0.8113208,0.8113208,0.7090909
O=C(CCN1CCN(c2ccccc2Cl)CC1)c1ccccc1,test,test,train,1,1,0.72727275,0.72727275,0.72727275
OC(CCN1CCN(c2ccccc2Cl)CC1)c1ccccc1,train,train,test,1,1,0.6904762,0.6904762,0.6904762
FC(F)(F)c1ccc(OC(CCN2CCN(c3ccccc3Cl)CC2)c2ccccc2)cc1,train,train,train,1,1,0.7592593,0.7592593,0.76363635
OC(CCN1CCN(c2ccc(F)cc2)CC1)c1ccccc1,train,train,train,1,1,0.75609756,0.75609756,0.75609756
O=C(CCN1CCN(c2ccccn2)CC1)c1ccccc1,train,train,train,1,1,0.75609756,0.75609756,0.75609756
O=C(CCN1CCN(c2ccc([N+](=O)[O-])cc2)CC1)c1ccccc1,train,train,train,1,1,0.6888889,0.6888889,0.6888889
O=[N+]([O-])c1ccc(N2CCN(CCC(O)c3ccccc3)CC2)cc1,train,train,train,1,1,0.67391306,0.67391306,0.67391306
O=[N+]([O-])c1ccc(N2CCN(CCC(Oc3ccc(C(F)(F)F)cc3)c3ccccc3)CC2)cc1,train,train,train,1,1,0.75438595,0.75438595,0.7413793
COc1ccccc1N1CCN(CCC(=O)c2ccc(-c3ccccc3)cc2)CC1,train,train,train,2,2,0.8636364,0.8636364,0.8636364
COc1ccccc1N1CCN(CCC(O)c2ccc(-c3ccccc3)cc2)CC1,train,train,train,2,2,0.80851066,0.80851066,0.8636364
COc1ccccc1N1CCN(CCC(Oc2ccc(C(F)(F)F)cc2)c2ccc(-c3ccccc3)cc2)CC1,train,train,train,2,2,0.875,0.875,0.8909091
COc1ccc(C(=O)CCN2CCN(c3ccccc3OC)CC2)cc1,train,train,train,2,2,0.84090906,0.84090906,0.84090906
COc1ccc(C(O)CCN2CCN(c3ccccc3OC)CC2)cc1,train,train,train,2,2,0.8125,0.8125,0.84090906
COc1ccc(C(CCN2CCN(c3ccccc3OC)CC2)Oc2ccc(C(F)(F)F)cc2)cc1,train,train,train,2,2,0.875,0.875,0.9056604
COc1ccccc1N1CCN(CCC(=O)c2ccc([N+](=O)[O-])cc2)CC1,train,train,test,2,2,0.75510204,0.75510204,0.75510204
COc1ccccc1N1CCN(CCC(O)c2ccc([N+](=O)[O-])cc2)CC1,train,train,train,2,2,0.7307692,0.7307692,0.74
COc1ccccc1N1CCN(CCC(O)c2ccsc2)CC1,train,train,test,2,2,0.72,0.72,0.7659575
COc1ccccc1N1CCN(CCC(Oc2ccc3c(c2)OCO3)c2ccsc2)CC1,test,test,train,2,2,0.8135593,0.8135593,0.8135593
COc1ccccc1N1CCN(CCC(Oc2ccc(C(F)(F)F)cc2)c2ccsc2)CC1,train,train,train,2,2,0.7966102,0.7966102,0.8103448
COc1ccccc1N1CCN(CCC(Oc2cccc3ccccc23)c2ccsc2)CC1,train,train,train,2,2,0.7413793,0.7413793,0.7413793
COc1ccccc1N1CCN(CC/C(=N\O)c2ccsc2)CC1,train,train,train,2,2,0.7755102,0.7755102,0.5740741
O=C(CCN1CCN(c2ccc(Cl)cc2)CC1)c1ccsc1,train,train,train,1,1,0.6888889,0.6888889,0.6888889
O=C(CCN1CCN(c2cccc3ccccc23)CC1)c1ccsc1,train,train,test,1,1,0.75,0.75,0.75
COc1ccccc1N1CCN(CCC(O)c2cc(C)sc2C)CC1,test,test,train,2,2,0.78,0.78,0.78
Cc1cc(C(=O)CCN2CCN(c3ccccc3O)CC2)c(C)s1,test,test,train,1,1,0.6,0.6,0.6363636
Cc1cc(C(O)CCN2CCN(c3ccccc3O)CC2)c(C)s1,train,train,train,1,1,0.5263158,0.5263158,0.78
COc1cc(F)ccc1N1CCN(CCC(=O)c2cc(C)sc2C)CC1,test,test,train,2,2,0.66129035,0.66129035,0.6363636
O=C(CCN1CCN(c2ccccc2Cl)CC1)c1ccsc1,train,train,train,1,1,0.75,0.75,0.72727275
OC(CCN1CCN(c2ccc(Cl)cc2)CC1)c1ccsc1,train,train,train,1,1,0.6888889,0.6888889,0.6888889
COc1ccccc1N1CCN(CCC(Oc2cccc3ccccc23)c2cccs2)CC1,train,train,train,2,2,0.7413793,0.7413793,0.7413793
COc1ccccc1N1CCN(CCC(=O)c2cccs2)CC1,test,test,test,2,2,0.7083333,0.7083333,0.74
COc1ccccc1N1CCN(CCC(O)c2cccs2)CC1,train,train,test,2,2,0.7254902,0.7254902,0.7254902
OC(CCN1CCN(c2ccc(Cl)cc2)CC1)c1cccs1,train,train,train,1,1,0.6666667,0.6666667,0.6666667
COc1ccccc1N1CCN(CCC(=O)c2ccc(C)s2)CC1,test,test,train,2,2,0.7222222,0.7222222,0.7222222
COc1ccccc1N1CCN(CCC(=O)c2ccc([N+](=O)[O-])s2)CC1,train,train,train,2,2,0.68421054,0.68421054,0.7222222
COc1ccccc1N1CCN(CCC(=O)c2ccc3ccccc3c2)CC1,train,train,train,2,2,0.82978725,0.82978725,0.82978725
COc1ccccc1N1CCN(CCC(O)c2ccc3ccccc3c2)CC1,train,train,train,2,2,0.8125,0.8125,0.8125
O=C(CCN1CCN(c2ccc(Cl)cc2)CC1)c1ccc2ccccc2c1,train,train,train,1,1,0.75,0.75,0.75
OC(CCN1CCN(c2ccc(Cl)cc2)CC1)c1ccc2ccccc2c1,train,train,train,1,1,0.73333335,0.73333335,0.73333335
O=C(CCN1CCN(c2ccccc2O)CC1)c1ccc2ccccc2c1,train,train,train,1,1,0.7291667,0.7291667,0.7291667
Oc1ccccc1N1CCN(CCC(O)c2ccc3ccccc3c2)CC1,test,test,train,1,1,0.7346939,0.7346939,0.7346939
COc1ccccc1N1CCN(CCC(O)c2csc3ccccc23)CC1,train,train,train,2,2,0.8214286,0.8214286,0.8214286
OC(CCN1CCN(c2ccc(Cl)cc2)CC1)c1csc2ccccc12,test,test,train,1,1,0.7017544,0.7017544,0.7017544
O=C(CCN1CCN(c2ccccc2O)CC1)c1csc2ccccc12,test,test,train,1,1,0.8125,0.8125,0.8125
Oc1ccccc1N1CCN(CCC(O)c2csc3ccccc23)CC1,test,test,train,1,1,0.8125,0.8125,0.8125
COc1cc(F)ccc1N1CCN(CCC(=O)c2csc3ccccc23)CC1,train,train,test,2,2,0.8214286,0.8214286,0.8214286
O=C(CCN1CCN(c2cccc3ccccc23)CC1)c1csc2ccccc12,train,train,train,1,1,0.7358491,0.7358491,0.8125
OC(CCN1CCN(c2cccc3ccccc23)CC1)c1csc2ccccc12,train,train,train,1,1,0.7777778,0.7777778,0.8125
OC(CCN1CCN(c2cnc3ccccc3c2)CC1)c1csc2ccccc12,test,test,train,1,1,0.7966102,0.7966102,0.7966102
OC(CCN1CCN(c2cccc3ncccc23)CC1)c1csc2ccccc12,train,train,train,1,1,0.7758621,0.7758621,0.7758621
OC(CCN1CCN(c2ccc3ncccc3c2)CC1)c1csc2ccccc12,train,train,train,1,1,0.704918,0.704918,0.7966102
Cc1ccc2cccc(N3CCN(CCC(O)c4csc5ccccc45)CC3)c2n1,test,test,train,1,1,0.7936508,0.7936508,0.76666665
OC(CCN1CCN(c2cccc3c2OCCCO3)CC1)c1csc2ccccc12,train,train,train,1,1,0.7936508,0.7936508,0.7936508
OC(CCN1CCN(c2cccc3cccnc23)CC1)c1csc2ccc(F)cc12,train,train,train,1,1,0.78688526,0.78688526,0.78688526
Cc1ccc2cccc(N3CCN(CCC(O)c4csc5ccc(F)cc45)CC3)c2n1,train,train,test,1,1,0.7846154,0.7846154,0.7936508
OC(CCN1CCN(c2cccc3c2OCCO3)CC1)c1csc2ccc(F)cc12,train,train,train,1,1,0.93333334,0.93333334,0.93333334
OC(CCN1CCN(c2cccc3c2OCCCO3)CC1)c1csc2ccc(F)cc12,train,train,train,1,1,0.93333334,0.93333334,0.93333334
COc1ccccc1N1CCN(CCC(=O)c2ccccc2)CC1,train,train,train,2,2,0.8636364,0.8636364,0.8636364
COc1ccc(N2CCN(CCC(O)c3ccccc3)CC2)cc1,train,train,train,1,1,0.8636364,0.8636364,0.8636364
FC(F)(F)c1ccc(OC(CCN2CCN(c3ccc(Cl)cc3)CC2)c2ccccc2)cc1,train,train,train,1,1,0.8269231,0.8269231,0.8113208
O=C(CCN1CCN(c2ccc(F)cc2)CC1)c1ccccc1,train,train,test,1,1,0.75609756,0.75609756,0.75609756
OC(CCN1CCN(c2ccccn2)CC1)c1ccccc1,train,train,train,1,1,0.6,0.6,0.75609756
FC(F)(F)c1ccc(OC(CCN2CCN(c3ccccn3)CC2)c2ccccc2)cc1,train,train,test,1,1,0.8113208,0.8113208,0.8113208
OC(CCN1CCN(c2ncccn2)CC1)c1ccccc1,test,test,train,1,1,0.75609756,0.75609756,0.75609756
COc1ccccc1N1CCN(CCC(O)c2csc(C)c2)CC1,train,train,train,2,2,0.7169811,0.7169811,0.72
COc1ccccc1N1CCN(CC/C(=N\O)c2csc3ccccc23)CC1,train,train,test,2,2,0.75,0.75,0.75
COc1cc(Cl)ccc1N1CCN(CCC(=O)c2csc3ccccc23)CC1,test,test,train,1,1,0.8,0.8,0.7894737
OC(CCN1CCN(c2ccc3sccc3c2)CC1)c1csc2ccccc12,train,train,train,1,1,0.704918,0.704918,0.704918
OC(CCN1CCN(c2cccc3cccnc23)CC1)c1csc2ccccc12,train,train,train,1,1,0.78688526,0.78688526,0.78688526
O=C(CCN1CCN(c2ccc(Cl)cc2)CC1)c1csc2ccccc12,test,test,train,1,1,0.6792453,0.6792453,0.6923077
CC1CN(CCC(O)c2csc3ccc(F)cc23)CCN1c1cccc2c1OCO2,train,train,test,0,0,0.6666667,0.6666667,0.6666667
COc1cc(N2CCN(C3CCN(c4cccc5cccnc45)CC3)CC2)c2ncccc2c1,train,train,train,2,2,0.88461536,0.88461536,0.8490566
COc1cc(N2CCN(C3CCN(c4ccc(F)c5cc(F)cnc45)CC3)CC2)c2ncccc2c1,train,train,train,2,2,0.85,0.85,0.8196721
COc1cc(N2CCN(C3CCN(c4cccc5cc(C)cnc45)CC3)CC2)c2ncccc2c1,train,train,train,2,2,0.8490566,0.8490566,0.8490566
COc1cc(N2CCN(C3CCN(c4ccc(F)c5cccnc45)CC3)CC2)c2ncccc2c1,train,train,test,2,2,0.85,0.85,0.85
COc1cc(N2CCN(C3CCN(c4cccc5ccc(C)nc45)CC3)CC2)c2ncccc2c1,train,train,test,2,2,0.88461536,0.88461536,0.88461536
COc1cc(N2CCN(C3CCN(c4cc(Br)cc5cccnc45)CC3)CC2)c2ncccc2c1,train,train,train,2,2,0.8076923,0.8076923,0.8076923
COc1cc(N2CCN(C3CCN(c4cccc5c(C)ccnc45)CC3)CC2)c2ncccc2c1,train,train,train,2,2,0.8333333,0.8333333,0.8333333
COc1cc(N2CCN(C3CCN(c4cccc5c(C)cc(C)nc45)CC3)CC2)c2ncccc2c1,train,train,train,2,2,0.8333333,0.8333333,0.8333333
COc1cc(N2CCN(C3CCN(c4cccc5cc(F)cnc45)CC3)CC2)c2ncccc2c1,train,train,train,2,2,0.8518519,0.8518519,0.8518519
COc1cc(N2CCN(C3CCN(c4ccc(F)c5cc(C(F)(F)F)cnc45)CC3)CC2)c2ncccc2c1,test,test,test,2,2,0.83076924,0.83076924,0.83076924
COc1cc(N2CCN(C3CCN(c4cccc5cc(C(F)(F)F)cnc45)CC3)CC2)c2ncccc2c1,train,train,test,2,2,0.8035714,0.8035714,0.8035714
COc1cc(N2CCN(C3CCN(c4cccc5ccc(C(F)(F)F)nc45)CC3)CC2)c2ncccc2c1,test,test,train,2,2,0.80701756,0.80701756,0.80701756
COc1cc(N2CCN(C3CCN(c4ccc(F)c5c(OC)cc(C(F)(F)F)nc45)CC3)CC2)c2ncccc2c1,train,train,train,2,2,0.7714286,0.7714286,0.7714286
COc1cc(N2CCN(C3CCN(c4cccc5c(OC)cc(C(F)(F)F)nc45)CC3)CC2)c2ncccc2c1,train,train,test,2,2,0.7714286,0.7714286,0.7878788
COc1cc(N2CCN(C3CCN(c4cc(F)cc5cccnc45)CC3)CC2)c2ncccc2c1,train,train,train,2,2,0.8518519,0.8518519,0.8518519
COc1cc(N2CCN(C3CCN(c4ccc(F)c5ccc(C(F)(F)F)nc45)CC3)CC2)c2ncccc2c1,test,test,train,2,2,0.8095238,0.8095238,0.7878788
COc1cc(N2CCN(C3CCN(c4ccc(F)c5c(C)cc(C)nc45)CC3)CC2)c2ncccc2c1,train,train,test,2,2,0.75,0.75,0.74242425
COc1cc(N2CCN(C3CCN(c4c(F)ccc5cccnc45)CC3)CC2)c2ncccc2c1,train,train,train,2,2,0.78571427,0.78571427,0.78571427
CCCCCCCC(O)CCc1ccc(O)c(OC)c1,train,train,train,2,2,0.7234042,0.7234042,0.7234042
CCCCCCCCC/C(O)=C/C(=O)/C=C/c1ccc(O)c(OC)c1,train,train,train,2,2,1.0,1.0,1.0
CCCCCCC/C(O)=C/C(=O)/C=C/c1ccc(O)c(OC)c1,train,train,train,2,2,1.0,1.0,1.0
CCCCCC(=O)/C=C(O)/C=C/c1ccc(O)c(OC)c1,train,train,train,2,2,0.72,0.72,0.72
CCCCCCCCC/C=C/C(=O)CCc1ccc(O)c(OC)c1,train,train,train,2,2,1.0,1.0,1.0
CCCCCCC/C=C/C(=O)CCc1ccc(O)c(OC)c1,train,train,train,2,2,1.0,1.0,1.0
CCCCC/C=C/C(=O)CCc1ccc(O)c(OC)c1,train,train,train,2,2,0.97619045,0.97619045,0.97619045
CCCCCCCCC[C@H](O)CC(=O)CCc1ccc(O)c(OC)c1,train,train,train,2,2,1.0,1.0,1.0
CCCCCCC[C@H](O)CC(=O)CCc1ccc(O)c(OC)c1,train,train,train,2,2,1.0,1.0,1.0
COc1ccc(OC)c(C2CCN(Cc3cnn(-c4ccccc4F)c3C)C2)c1,train,train,train,2,2,0.3611111,0.3611111,0.3611111
c1ccc(CN2CCN(Cc3cc4ccccc4o3)CC2)cc1,train,train,train,1,1,0.74358976,0.74358976,0.74358976
COc1ccc(CN2CCN(Cc3cc4ccccc4o3)CC2)cc1,train,train,train,2,2,0.7906977,0.7906977,0.7906977
CCOc1ccc(CN2CCN(Cc3cc4ccccc4o3)CC2)cc1,train,train,train,0,0,0.7906977,0.7906977,0.82222223
FC(F)CCOc1ccc(CN2CCN(Cc3cc4ccccc4o3)CC2)cc1,train,train,train,0,0,0.76,0.76,0.7755102
CCCOc1ccc(CN2CCN(Cc3cc4ccccc4o3)CC2)cc1,test,test,train,0,0,0.82222223,0.82222223,0.82222223
FCCCOc1ccc(CN2CCN(Cc3cc4ccccc4o3)CC2)cc1,train,train,train,1,1,0.76,0.76,0.79591835
COc1cccc(CN2CCN(Cc3cc4ccccc4o3)CC2)c1,train,train,train,2,2,0.7906977,0.7906977,0.7906977
CCOc1cccc(CN2CCN(Cc3cc4ccccc4o3)CC2)c1,train,train,train,3,3,0.82978725,0.82978725,0.82978725
FCCOc1cccc(CN2CCN(Cc3cc4ccccc4o3)CC2)c1,train,train,test,3,3,0.79591835,0.79591835,0.89361703
CCCOc1cccc(CN2CCN(Cc3cc4ccccc4o3)CC2)c1,train,train,train,3,3,0.82978725,0.82978725,0.82978725
FCCCOc1cccc(CN2CCN(Cc3cc4ccccc4o3)CC2)c1,test,test,train,3,3,0.89361703,0.89361703,0.79591835
COc1ccccc1CN1CCN(Cc2cc3ccccc3o2)CC1,train,train,train,2,2,0.77272725,0.77272725,0.77272725
CCOc1ccccc1CN1CCN(Cc2cc3ccccc3o2)CC1,train,train,train,2,2,0.82222223,0.82222223,0.82222223
FCCOc1ccccc1CN1CCN(Cc2cc3ccccc3o2)CC1,train,train,train,0,0,0.78723407,0.78723407,0.8888889
CCCOc1ccccc1CN1CCN(Cc2cc3ccccc3o2)CC1,train,train,train,2,2,0.82222223,0.82222223,0.82222223
FCCCOc1ccccc1CN1CCN(Cc2cc3ccccc3o2)CC1,test,test,train,0,0,0.8888889,0.8888889,0.8888889
COc1ccccc1N1CCN(CCNC(=O)c2ccc3ccccc3c2)CC1,train,train,train,2,2,0.88235295,0.88235295,0.88235295
COc1ccccc1N1CCN(CCNS(=O)(=O)c2ccc3ccccc3c2)CC1,train,train,test,2,2,0.9019608,0.9019608,0.9019608
COc1ccccc1N1CCN(CCCNC(=O)c2ccc3ccccc3c2)CC1,train,train,train,2,2,0.96,0.96,0.96
COc1ccccc1N1CCN(CCCNS(=O)(=O)c2ccc3ccccc3c2)CC1,train,train,train,2,2,0.9607843,0.9607843,0.9423077
COc1ccccc1N1CCN(CCCCNS(=O)(=O)c2ccc3ccccc3c2)CC1,train,train,test,2,2,0.9607843,0.9607843,0.9807692
COc1ccccc1N1CCN(CCCCCNC(=O)c2ccc3ccccc3c2)CC1,train,train,train,2,2,1.0,1.0,1.0
COc1ccccc1N1CCN(CCCCCNS(=O)(=O)c2ccc3ccccc3c2)CC1,test,test,train,2,2,0.9807692,0.9807692,1.0
COc1ccccc1N1CCN(CCCCCCNC(=O)c2ccc3ccccc3c2)CC1,train,train,train,2,2,1.0,1.0,1.0
COc1ccccc1N1CCN(CCCCCCNS(=O)(=O)c2ccc3ccccc3c2)CC1,test,test,train,2,2,0.9807692,0.9807692,1.0
CCCCC1CCN(CCCC(=O)c2ccccc2C)CC1,train,train,train,1,1,0.36206895,0.36206895,0.375
Cc1ccc2c(N3CCN(CCc4cccc5c4OCc4c(C(N)=O)ncn4-5)CC3)cccc2n1,train,train,train,3,3,0.86764705,0.86764705,0.85714287
Cc1ccc2c(N3CCN(CCc4cccc5c4OCc4nccn4-5)CC3)cccc2n1,train,train,train,3,3,0.7777778,0.7777778,0.7121212
Cc1cn2c(n1)COc1c(CCN3CCN(c4cccc5nc(C)ccc45)CC3)cccc1-2,train,train,test,3,3,0.8125,0.8125,0.8125
Cc1ccc2c(N3CCN(CCc4cccc5c4OCc4nc(C)c(C)n4-5)CC3)cccc2n1,train,train,train,3,3,0.7777778,0.7777778,0.7777778
Cc1ccc2c(N3CCN(CCc4cccc5c4OCc4nc(C(F)(F)F)cn4-5)CC3)cccc2n1,train,train,train,3,3,0.8125,0.8125,0.71014494
Cc1ccc2c(N3CCN(CCc4cccc5c4OCc4cncn4-5)CC3)cccc2n1,train,train,train,3,3,0.734375,0.734375,0.7121212
Cc1ccc2c(N3CCN(CCc4cccc5c4OCc4nnc(C)n4-5)CC3)cccc2n1,train,train,train,3,3,0.7777778,0.7777778,0.7777778
Cc1ccc2c(N3CCN(CCc4cccc5c4OCc4c(C)nnn4-5)CC3)cccc2n1,test,test,train,3,3,0.765625,0.765625,0.765625
Cc1ccc2c(N3CCN(CCc4cccc5c4OCc4nnnn4-5)CC3)cccc2n1,train,train,train,3,3,0.73846155,0.73846155,0.765625
CCOC(=O)c1ncn2c1COc1c(CCN3CCN(c4cccc5nc(C)ccc45)CC3)cccc1-2,train,train,train,3,3,0.8450704,0.8450704,0.8450704
CC(=O)c1ncn2c1COc1c(CCN3CCN(c4cccc5nc(C)ccc45)CC3)cccc1-2,train,train,test,3,3,0.86764705,0.86764705,0.86764705
CO/N=C(\C)c1ncn2c1COc1c(CCN3CCN(c4cccc5nc(C)ccc45)CC3)cccc1-2,train,train,test,3,3,0.8055556,0.8055556,0.7702703
Cc1ccc2c(N3CCN(CCc4cccc5c4OCc4c(C(=O)N(C)C)ncn4-5)CC3)cccc2n1,train,train,train,3,3,0.8428571,0.8428571,0.8309859
Cc1ccc2c(N3CCN(CCc4cccc5c4OCc4c(C#N)ncn4-5)CC3)cccc2n1,train,train,test,3,3,0.7361111,0.7361111,0.72602737
CNC(=O)c1ncn2c1COc1c(CCN3CCN(c4cccc5nc(C)ccc45)CC3)cccc1-2,test,test,train,3,3,0.85714287,0.85714287,0.85714287
Cc1ccc2c(N3CCN(CCc4cccc5c4OCc4c(C(=O)NC(C)C)ncn4-5)CC3)cccc2n1,test,test,train,3,3,0.81578946,0.81578946,0.84931505
Cc1ccc2c(N3CCN(CCc4cccc5c4OCc4c(C(=O)NC6CC6)ncn4-5)CC3)cccc2n1,train,train,test,3,3,0.8082192,0.8082192,0.9577465
Cc1ccc2c(N3CCN(CCc4cccc5c4OCc4c(C(=O)NC6CCC6)ncn4-5)CC3)cccc2n1,test,test,train,3,3,0.9577465,0.9577465,0.97183096
Cc1ccc2c(N3CCN(CCc4cccc5c4OCc4c(C(=O)NC6CCCC6)ncn4-5)CC3)cccc2n1,test,test,train,3,3,0.9577465,0.9577465,0.97183096
Cc1ccc2c(N3CCN(CCc4cccc5c4OCc4c(C(=O)NCC6CC6)ncn4-5)CC3)cccc2n1,test,test,train,3,3,0.84210527,0.84210527,0.83116883
Cc1ccc2c(N3CCN(CCc4cccc5c4OCc4c(C(=O)N6CCC6)ncn4-5)CC3)cccc2n1,train,train,train,3,3,0.9705882,0.9705882,0.9705882
Cc1ccc2c(N3CCN(CCc4cccc5c4OCc4c(C(=O)N6CCCC6)ncn4-5)CC3)cccc2n1,train,train,train,3,3,0.9852941,0.9852941,0.9852941
Cc1ccc2c(N3CCN(CCc4cccc5c4OCc4c(C(=O)N6CCCCC6)ncn4-5)CC3)cccc2n1,train,train,train,3,3,0.9852941,0.9852941,0.9852941
Cc1ccc2c(N3CCN(CCc4cccc5c4OCc4c(C(=O)N6CCOCC6)ncn4-5)CC3)cccc2n1,train,train,train,3,3,0.8888889,0.8888889,0.8888889
COc1ccccc1N1CCN(CC2OCC(c3ccccc3)(c3ccccc3)O2)CC1,train,train,train,2,2,0.6981132,0.6981132,0.6181818
COc1cccc(OC)c1SCCNCCOc1ccccc1OCc1ccccc1,train,train,train,2,2,0.73170733,0.73170733,0.70454544
COc1cccc(OC)c1CCCNCCOc1ccccc1OCc1ccccc1,train,train,train,2,2,0.7804878,0.7804878,0.7804878
COc1cccc(OC)c1[S+](O)CCNCCOc1ccccc1OCc1ccccc1,train,train,train,2,2,0.6976744,0.6976744,0.67391306
CCOc1cccc(OCC)c1OCCNCCOc1ccccc1OCc1ccccc1,train,train,train,2,2,0.775,0.775,0.8611111
COc1cccc([N+](=O)[O-])c1OCCNCCOc1ccccc1OCc1ccccc1,train,train,train,2,2,0.74509805,0.74509805,0.74509805
COc1cccc(Cl)c1OCCNCCOc1ccccc1OCc1ccccc1,train,train,test,2,2,0.8292683,0.8292683,0.8292683
COc1cccc(C)c1OCCNCCOc1ccccc1OCc1ccccc1,train,train,train,2,2,0.85,0.85,0.85
CCOc1ccccc1OCCNCCOc1ccccc1OCc1ccccc1,test,test,train,2,2,0.8611111,0.8611111,0.8611111
COc1ccccc1OCCNCCOc1ccccc1OCc1ccccc1,train,train,test,2,2,0.8333333,0.8333333,0.8333333
Clc1cccc(Cl)c1OCCNCCOc1ccccc1OCc1ccccc1,test,test,train,2,2,0.8292683,0.8292683,0.70731705
Cc1cccc(C)c1OCCNCCOc1ccccc1OCc1ccccc1,train,train,test,2,2,0.85,0.85,0.85
Oc1cccc(O)c1OCCNCCOc1ccccc1OCc1ccccc1,train,train,test,2,2,0.725,0.725,0.725
c1ccc(COc2ccccc2OCCNCCOc2ccccc2)cc1,train,train,train,2,2,0.74285716,0.74285716,0.74285716
O=C1NCc2ccc(OCCCN3CCN(c4cccc5cccc(F)c45)CC3)cc21,train,train,test,1,1,0.96428573,0.96428573,0.7903226
O=C1NCc2ccc(OCCCN3CCN(c4cccc5ccccc45)CC3)cc21,train,train,train,1,1,0.8448276,0.8448276,0.9433962
O=C1NCc2ccc(OCCCN3CCN(c4cccc5ccc(F)cc45)CC3)cc21,train,train,train,1,1,0.94827586,0.94827586,0.94827586
O=C1NCc2ccc(OCCCN3CCN(c4cccc5c4OCCC5)CC3)cc21,train,train,train,1,1,0.95,0.95,0.95
O=C1NCc2ccc(OCCCCN3CCN(c4cccc5cccc(F)c45)CC3)cc21,train,train,test,1,1,0.96428573,0.96428573,0.78333336
Fc1ccc2cccc(N3CCN(CCCOc4ccc5c(c4)CNC5)CC3)c2c1,train,train,train,1,1,0.9433962,0.9433962,0.9433962
O=C1NCc2ccc(OCCCN3CCN(c4cccc5c4COCC5)CC3)cc21,test,test,test,1,1,0.95,0.95,0.828125
O=C1NCc2cc(F)c(OCCCCN3CCN(c4cccc5cccc(F)c45)CC3)cc21,train,train,train,1,1,0.852459,0.852459,0.852459
O=C1NCc2ccc(OCCCN3CCN(c4cccc5ccccc45)CC3)c(F)c21,train,train,train,1,1,0.9433962,0.9433962,0.9433962
c1ccc2c(N3CCN(CCCOc4ccc5c(c4)CNC5)CC3)cccc2c1,test,test,train,1,1,0.9375,0.9375,0.9375
O=C1NCc2ccc(OCCCCN3CCN(c4cccc5ccccc45)CC3)cc21,test,test,train,1,1,0.9433962,0.9433962,0.9433962
O=C1NCc2ccc(OCCCN3CCN(c4cccc5cc(F)c(F)cc45)CC3)cc21,train,train,train,1,1,0.94827586,0.94827586,0.8360656
c1ccc2c(N3CCN(CCCCOc4ccc5c(c4)CNC5)CC3)cccc2c1,train,train,train,1,1,0.8,0.8,0.9375
Fc1ccc2cccc(N3CCN(CCCCOc4ccc5c(c4)CNC5)CC3)c2c1,train,train,train,1,1,0.9433962,0.9433962,0.9433962
O=C1NCc2ccc(OCCCN3CCN(c4cccc5c4CCCC5)CC3)cc21,train,train,train,1,1,0.9464286,0.9464286,0.9464286
O=C1NCc2ccc(OCCCCN3CCN(c4cccc5c4COCC5)CC3)cc21,train,train,test,1,1,0.8730159,0.8730159,0.8730159
O=C1NCc2ccc(OCCCN3CCN(c4cccc5cccc(F)c45)CC3)c(Cl)c21,train,train,train,1,1,0.9655172,0.9655172,0.9655172
O=C1NCc2cc(F)c(OCCCN3CCN(c4cccc5ccc(F)cc45)CC3)cc21,train,train,train,1,1,0.9491525,0.9491525,0.9491525
Cc1cc2c(cc1OCCCN1CCN(c3cccc4cc(F)ccc34)CC1)C(=O)NC2,train,train,train,1,1,0.9508197,0.9508197,0.9508197
Cc1c(OCCCN2CCN(c3cccc4ccccc34)CC2)ccc2c1C(=O)NC2,train,train,test,1,1,0.8360656,0.8360656,0.8360656
O=C1NCc2cc(F)c(OCCCCN3CCN(c4cccc5ccccc45)CC3)cc21,train,train,train,1,1,0.9464286,0.9464286,0.9464286
Cc1cc2c(cc1OCCCN1CCN(c3cccc4ccccc34)CC1)C(=O)NC2,train,train,train,1,1,0.9464286,0.9464286,0.9464286
O=C1NCc2cc(F)c(OCCCN3CCN(c4cccc5ccccc45)CC3)cc21,train,train,train,1,1,0.9464286,0.9464286,0.9464286
O=C1NCc2ccc(OCCCCN3CCN(c4cccc5c4CCC5)CC3)cc21,test,test,train,1,1,0.96428573,0.96428573,0.96428573
O=C1NCc2ccc(OCCCN3CCN(c4cccc5ccccc45)CC3)c(Cl)c21,train,train,train,1,1,0.8245614,0.8245614,0.8245614
Cc1cc2c(cc1OCCCCN1CCN(c3cccc4ccccc34)CC1)C(=O)NC2,train,train,train,1,1,0.9464286,0.9464286,0.9464286
O=C1NCc2cc(Cl)c(OCCCN3CCN(c4cccc5ccccc45)CC3)cc21,train,train,train,1,1,0.9464286,0.9464286,0.8
O=C1NCc2ccc(OCCCCN3CCN(c4cccc5ccc(F)cc45)CC3)cc21,train,train,train,1,1,0.94827586,0.94827586,0.94827586
O=C1NCc2cc(Cl)c(OCCCN3CCN(c4cccc5cccc(F)c45)CC3)cc21,train,train,test,1,1,0.82258064,0.82258064,0.9661017
O=C1NCc2ccc(OCCCCN3CCN(c4cccc5c4OCCC5)CC3)cc21,train,train,train,1,1,0.95,0.95,0.95
O=C1NCc2cc(F)c(OCCCN3CCN(c4cccc5cc(F)ccc45)CC3)cc21,test,test,train,1,1,0.9491525,0.9491525,0.9491525
Cc1c(OCCCN2CCN(c3cccc4cc(F)ccc34)CC2)ccc2c1C(=O)NC2,train,train,train,1,1,0.9508197,0.9508197,0.86885244
O=C1NCc2ccc(OCCCCN3CCN(c4cccc5cc(F)c(F)cc45)CC3)cc21,train,train,test,1,1,0.94827586,0.94827586,0.94827586
Cc1cc2c(cc1OCCCN1CCN(c3cccc4cccc(F)c34)CC1)C(=O)NC2,train,train,train,1,1,0.9661017,0.9661017,0.82258064
O=C1NCc2ccc(OCCCCN3CCN(c4cccc5c4CCO5)CC3)cc21,train,train,train,1,1,0.9491525,0.9491525,0.9491525
O=C1NCc2ccc(OCCCN3CCN(c4cccc5c4CCO5)CC3)cc21,train,train,train,1,1,0.9491525,0.9491525,0.9491525
O=C1NCc2ccc(OCCCN3CCN(c4cccc5cc(F)ccc45)CC3)cc21,train,train,train,1,1,0.94827586,0.94827586,0.94827586
O=C1NCc2cc(Cl)c(OCCCCN3CCN(c4cccc5cccc(F)c45)CC3)cc21,test,test,train,1,1,0.9661017,0.9661017,0.852459
O=C1NCc2cc(F)c(OCCCCN3CCN(c4cccc5ccc(F)cc45)CC3)cc21,train,train,train,1,1,0.9491525,0.9491525,0.9491525
O=C1NCc2ccc(OCCCCN3CCN(c4cccc5c4CCCC5)CC3)cc21,train,train,train,1,1,0.9464286,0.9464286,0.96428573
Cc1cc2c(cc1OCCCCN1CCN(c3cccc4cc(F)ccc34)CC1)C(=O)NC2,train,train,train,1,1,0.9508197,0.9508197,0.9508197
O=C1NCc2ccc(OCCCCN3CCN(c4cccc5c4CCOC5)CC3)cc21,train,train,train,1,1,0.8730159,0.8730159,0.8548387
O=C1NCc2ccc(OCCCCN3CCN(c4cccc5cccc(F)c45)CC3)c(F)c21,train,train,test,1,1,0.86440676,0.86440676,0.86440676
Cc1c(OCCCN2CCN(c3cccc4cccc(F)c34)CC2)ccc2c1C(=O)NC2,train,train,train,1,1,0.9655172,0.9655172,0.9655172
O=C1NCc2cc(Cl)c(OCCCCN3CCN(c4cccc5ccccc45)CC3)cc21,train,train,test,1,1,0.9464286,0.9464286,0.9464286
Cc1c(OCCCCN2CCN(c3cccc4cccc(F)c34)CC2)ccc2c1C(=O)NC2,train,train,train,1,1,0.9655172,0.9655172,0.9655172
O=C1NCc2cc(F)c(OCCCCN3CCN(c4cccc5cc(F)ccc45)CC3)cc21,train,train,train,1,1,0.90163934,0.90163934,0.9491525
O=C1NCc2ccc(OCCCN3CCN(c4cccc5cc(F)ccc45)CC3)c(F)c21,train,train,train,1,1,0.94736844,0.94736844,0.94736844
Cc1c(OCCCCN2CCN(c3cccc4ccccc34)CC2)ccc2c1C(=O)NC2,test,test,test,1,1,0.94545454,0.94545454,0.82758623
Cc1cc2c(cc1OCCCCN1CCN(c3cccc4cccc(F)c34)CC1)C(=O)NC2,train,train,test,1,1,0.9661017,0.9661017,0.9661017
O=C1NCc2ccc(OCCCCN3CCN(c4cccc5ccccc45)CC3)c(F)c21,train,train,train,1,1,0.9433962,0.9433962,0.9433962
O=C1NCc2ccc(OCCCCN3CCN(c4cccc5cccc(F)c45)CC3)c(Cl)c21,train,train,train,1,1,0.9655172,0.9655172,0.9655172
O=C1NCc2ccc(OCCCCN3CCN(c4cccc5ccc(F)cc45)CC3)c(F)c21,train,train,train,1,1,0.89830506,0.89830506,0.89830506
O=C1NCc2ccc(OCCCCN3CCN(c4cccc5cc(F)ccc45)CC3)c(F)c21,train,train,train,1,1,0.94736844,0.94736844,0.94736844
O=C1NCc2ccc(OCCCCN3CCN(c4cccc5c4COC5)CC3)cc21,train,train,train,1,1,0.8548387,0.8548387,0.8548387
O=C1NCc2ccc(OCCCCN3CCN(c4cccc5cc(F)ccc45)CC3)cc21,train,train,train,1,1,0.94827586,0.94827586,0.94827586
Cc1c(OCCCCN2CCN(c3cccc4cc(F)ccc34)CC2)ccc2c1C(=O)NC2,train,train,test,1,1,0.9508197,0.9508197,0.9508197
CCCCN1CCC(COC(=O)c2cc(Cl)c(NC)c3c2OCCO3)CC1,train,train,train,0,0,0.33333334,0.33333334,0.33333334
COc1cccc(CCN2CCN(c3ccccc3OC)CC2)c1,train,train,train,2,2,0.80851066,0.80851066,0.80851066
COc1ccccc1N1CCN(CCc2cccc(OCCCCCOc3cccc(CCN4CCN(c5ccccc5OC)CC4)c3)c2)CC1,train,train,train,2,2,0.80851066,0.80851066,0.80851066
CCCCCN1CCN(c2ccccc2OC)CC1,train,train,test,2,2,0.625,0.625,0.625
Nn1c(CCCCN2CCN(c3ccc4ccccc4n3)CC2)nc2c(c1=O)CCCC2,test,test,train,1,1,0.5322581,0.5322581,0.5322581
O=S(=O)(c1cccc2ccccc12)c1n[nH]c2ccc(N3CCNCC3)cc12,test,test,train,1,1,0.7017544,0.7017544,0.7017544
Cn1nc(S(=O)(=O)c2cccc3ccccc23)c2cc(N3CCNCC3)ccc21,train,train,train,1,1,0.47058824,0.47058824,0.6666667
Cc1ccc2c(N3CCN(CCc4cccc5c4CCC(=O)N5)CC3)cccc2n1,train,train,train,3,3,0.73333335,0.73333335,0.8
Cc1ccc2c(N3CCN(CCc4cccc5c4CCC(=O)N5C)CC3)cccc2n1,train,train,train,3,3,0.779661,0.779661,0.779661
Cc1ccc2c(N3CCN(CCc4c(C)ccc5c4CCC(=O)N5)CC3)cccc2n1,test,test,train,3,3,0.8,0.8,0.8
Cc1ccc2c(N3CCN(CCc4c(C)ccc5c4CCC(=O)N5C)CC3)cccc2n1,train,train,train,3,3,0.779661,0.779661,0.779661
Cc1ccc2c(N3CCN(CCc4cccc5[nH]c(=O)ccc45)CC3)cccc2n1,train,train,train,3,3,0.6507937,0.6507937,0.7627119
Cc1ccc2c(N3CCN(CCc4c(C)ccc5[nH]c(=O)ccc45)CC3)cccc2n1,test,test,train,3,3,0.7627119,0.7627119,0.7627119
Cc1ccc2c(N3CCN(CCc4c(C)ccc5c4ccc(=O)n5C)CC3)cccc2n1,test,test,train,3,3,0.82758623,0.82758623,0.82758623
Cc1ccc2c(N3CCN(CCc4c(F)ccc5c4ccc(=O)n5C)CC3)cccc2n1,train,train,test,3,3,0.8,0.8,0.82758623
Cc1ccc2c(N3CCN(CCc4c(Cl)ccc5c4ccc(=O)n5C)CC3)cccc2n1,train,train,train,3,3,0.8,0.8,0.82758623
Cc1ccc2c(N3CCN(CCc4c(C)ccc5c4ccc(=O)n5C)CC3)cc(F)cc2n1,test,test,test,3,3,0.7692308,0.7692308,0.7692308
Cc1ccc2c(N3CCN(CCc4cccc5c4ccc(=O)n5C)[C@@H](C)C3)cccc2n1,test,test,train,3,3,0.6818182,0.6818182,0.6818182
Cc1ccc2c(N3CCN(CCc4c(C)ccc5c4ccc(=O)n5C)[C@@H](C)C3)cc(F)cc2n1,train,train,train,3,3,0.575,0.575,0.60273975
Cc1ccc2c(N3CCN(CCc4cccc5c4ccc(=O)n5C)C(C)(C)C3)cccc2n1,train,train,train,3,3,0.55714285,0.55714285,0.6818182
Cc1ccc2c(C3CCN(CCc4c(C)ccc5c4ccc(=O)n5C)CC3)cccc2n1,train,train,train,3,3,0.5882353,0.5882353,0.7096774
Cc1ccc2c(N3CCN(CCc4cccc(N5CCOC5=O)c4)CC3)cccc2n1,train,train,train,3,3,0.9,0.9,0.9
Cc1ccc2c(N3CCN(CCc4cccc(N5CCNC5=O)c4)CC3)cccc2n1,train,train,test,3,3,0.734375,0.734375,0.89830506
COC(=O)Nc1cccc(CCN2CCN(c3cccc4nc(C)ccc34)CC2)c1,test,test,train,3,3,0.8666667,0.8666667,0.8666667
Cc1ccc2c(N3CCN(CCc4cccc(NC(=O)c5scnc5C)c4)CC3)cccc2n1,train,train,train,3,3,0.75,0.75,0.75
Cc1ccc2c(N3CCN(CCc4cccc(-n5cccn5)c4)CC3)cccc2n1,train,train,test,3,3,0.7258065,0.7258065,0.703125
Cc1ccc2c(N3CCN(CCc4cccc(NC(=O)c5cnccn5)c4)CC3)cccc2n1,train,train,train,3,3,0.7714286,0.7714286,0.7714286
Cc1ccc2c(N3CCN(CCc4cccc(NC(=O)c5cccc(F)c5)c4)CC3)cccc2n1,test,test,train,3,3,0.85714287,0.85714287,0.85714287
Cc1ccc2c(N3CCN(CCc4cccc(NC(=O)c5csc(C)n5)c4)CC3)cccc2n1,train,train,train,3,3,0.77272725,0.77272725,0.77272725
Cc1ccc2c(N3CCN(CCc4cccc(NS(C)(=O)=O)c4)CC3)cccc2n1,train,train,train,3,3,0.81666666,0.81666666,0.81666666
Cc1ccc2c(N3CCN(CCc4cccc(NC(=O)c5ccccc5F)c4)CC3)cccc2n1,train,train,train,3,3,0.8,0.8,0.8
Cc1ccc2c(N3CCN(CCc4cccc(NC(=O)c5ccccc5)c4)CC3)cccc2n1,train,train,train,3,3,0.85714287,0.85714287,0.85714287
CC(=O)Nc1cccc(CCN2CCN(c3cccc4nc(C)ccc34)CC2)c1,train,train,train,3,3,0.8596491,0.8596491,0.8596491
CCOC(=O)Nc1cccc(CCN2CCN(c3cccc4nc(C)ccc34)CC2)c1,train,train,train,3,3,0.8196721,0.8196721,0.8666667
Cc1ccc2c(N3CCN(CCc4cccc(NC(=O)c5ccc(F)cc5)c4)CC3)cccc2n1,test,test,test,3,3,0.87096775,0.87096775,0.87096775
CCCS(=O)(=O)Nc1cccc(CCN2CCN(c3cccc4nc(C)ccc34)CC2)c1,train,train,train,3,3,0.81666666,0.81666666,0.81666666
CC(=O)N(C)c1cccc(CCN2CCN(c3cccc4nc(C)ccc34)CC2)c1,train,train,test,3,3,0.7096774,0.7096774,0.7096774
CCNC(=O)Nc1cccc(CCN2CCN(c3cccc4nc(C)ccc34)CC2)c1,train,train,train,3,3,0.8852459,0.8852459,0.8852459
COc1cccc(C(=O)Nc2cccc(CCN3CCN(c4cccc5nc(C)ccc45)CC3)c2)c1,train,train,train,3,3,0.8787879,0.8787879,0.8787879
Cc1ccc2c(N3CCN(CCc4cccc(NC(=O)C(C)C)c4)CC3)cccc2n1,test,test,train,3,3,0.8305085,0.8305085,0.8305085
CCC(=O)Nc1cccc(CCN2CCN(c3cccc4nc(C)ccc34)CC2)c1,train,train,train,3,3,0.8596491,0.8596491,0.8596491
Cc1ccc2c(N3CCN(CCc4cccc(N5CCCOC5=O)c4)CC3)cccc2n1,train,train,train,3,3,0.9,0.9,0.9
Cc1ccc2c(N3CCN(CCc4cccc(NC(=O)Nc5ccc(F)cc5)c4)CC3)cccc2n1,train,train,train,3,3,0.88709676,0.88709676,0.88709676
COc1ccccc1C(=O)Nc1cccc(CCN2CCN(c3cccc4nc(C)ccc34)CC2)c1,train,train,test,3,3,0.79710144,0.79710144,0.79710144
Cc1ccc2c(N3CCN(CCc4cccc(N5C(=O)CCC5=O)c4)CC3)cccc2n1,train,train,test,3,3,0.7258065,0.7258065,0.71428573
Cc1ccc2c(N3CCN(CCc4cccc(N5CCCNC5=O)c4)CC3)cccc2n1,test,test,train,3,3,0.89830506,0.89830506,0.74242425
Cc1ccc2c(N3CCN(CCc4cccc(NC(=O)Nc5ccccc5F)c4)CC3)cccc2n1,test,test,train,3,3,0.84126985,0.84126985,0.84126985
COc1ccc(C(=O)Nc2cccc(CCN3CCN(c4cccc5nc(C)ccc45)CC3)c2)cc1,train,train,train,3,3,0.8787879,0.8787879,0.8787879
Cc1ccc2c(N3CCN(CCc4cccc(NC(=O)Nc5cccc(F)c5)c4)CC3)cccc2n1,train,train,train,3,3,0.88709676,0.88709676,0.88709676
Cc1ccc2c(N3CCN(CCc4cccc(NC(=O)Nc5ccccc5)c4)CC3)cccc2n1,train,train,train,3,3,0.8833333,0.8833333,0.8833333
CCCNC(=O)Nc1cccc(CCN2CCN(c3cccc4nc(C)ccc34)CC2)c1,train,train,train,3,3,0.8852459,0.8852459,0.8852459
Cc1ccc2c(N3CCN(CCc4cccc(NC(=O)C(C)(C)C)c4)CC3)cccc2n1,train,train,test,3,3,0.8305085,0.8305085,0.8305085
Cc1ccc2c(N3CCN(CCc4cccc(NC(=O)NC(C)(C)C)c4)CC3)cccc2n1,train,train,train,3,3,0.8360656,0.8360656,0.8360656
Cc1ccc2c(N3CCN(CCc4cccc(N)c4)CC3)cccc2n1,train,train,test,3,3,0.6896552,0.6896552,0.6896552
c1ccc(Oc2ccccc2OC2CNC2)cc1,train,train,train,0,0,0.64705884,0.64705884,0.64705884
Fc1ccccc1Oc1ccccc1OC1CNC1,train,train,train,0,0,0.74285716,0.74285716,0.7714286
Fc1ccccc1Oc1cccc(F)c1OC1CNC1,train,train,train,0,0,0.7894737,0.7894737,0.7894737
Fc1cccc(Oc2ccccc2Cl)c1OC1CNC1,test,test,train,0,0,0.825,0.825,0.825
Fc1cccc(Cl)c1Oc1cccc(F)c1OC1CNC1,train,train,train,0,0,0.9444444,0.9444444,0.9444444
Cc1cccc(F)c1Oc1cccc(F)c1OC1CNC1,test,test,train,0,0,0.80487806,0.80487806,0.775
Fc1cccc(Oc2c(Cl)cccc2Cl)c1OC1CNC1,train,train,train,0,0,0.9444444,0.9444444,0.9444444
Cc1cccc(Cl)c1Oc1cccc(F)c1OC1CNC1,test,test,test,0,0,0.8292683,0.8292683,0.8292683
Fc1cccc(Oc2cccc(Cl)c2Cl)c1OC1CNC1,train,train,train,0,0,0.84615386,0.84615386,0.84615386
Fc1ccccc1Oc1ccccc1OC1CCNCC1,test,test,train,0,0,0.71428573,0.71428573,0.82857144
Fc1ccccc1Oc1cccc(F)c1OC1CCNCC1,test,test,test,0,0,0.8648649,0.8648649,0.8648649
Fc1cccc(Cl)c1Oc1cccc(F)c1OC1CCNCC1,train,train,train,0,0,0.775,0.775,0.775
Cc1cccc(F)c1Oc1cccc(F)c1OC1CCNCC1,train,train,train,0,0,0.875,0.875,0.775
Fc1ccccc1Oc1cccc(F)c1OC1CCCNC1,train,train,test,0,0,0.85,0.85,0.85
Fc1ccccc1Oc1ccccc1OC1CCNC1,test,test,train,0,0,0.7714286,0.7714286,0.82857144
Fc1ccccc1Oc1cccc(F)c1OC1CCNC1,train,train,train,0,0,0.85,0.85,0.8095238
Fc1cccc(Oc2ccccc2Cl)c1OC1CCNC1,test,test,train,0,0,0.8095238,0.8095238,0.8095238
Cc1cccc(F)c1Oc1cccc(F)c1OC1CCNC1,train,train,test,0,0,0.875,0.875,0.875
Fc1cccc(Cl)c1Oc1ncccc1OC1CCNC1,train,train,train,0,0,0.8333333,0.8333333,0.6296296
Fc1cccc(Cl)c1Oc1ncccc1OC1CNC1,train,train,test,0,0,0.8333333,0.8333333,0.8333333
CCCN1CCc2cccc3c2C1Cc1cccc(OCCCn2cc(CCN4CCN(c5ccccc5OC)CC4)nn2)c1-3,train,train,train,2,2,0.525,0.525,0.75
CCCN1CCc2cccc3c2C1Cc1cccc(OCc2cn(CCCCN4CCN(c5ccccc5OC)CC4)nn2)c1-3,test,test,test,2,2,0.84615386,0.84615386,0.84615386
CCCN1CCc2cccc3c2C1Cc1cccc(OCCCCN2CCN(c4ccccc4OC)CC2)c1-3,test,test,train,2,2,0.75,0.75,0.75
COc1ccccc1N1CCN(CC(F)CCNC(=O)c2ccc(-c3ccccn3)cc2)CC1,train,train,train,2,2,0.83076924,0.83076924,0.83076924
O=C(NCCC(F)CN1CCN(c2cccc(Cl)c2Cl)CC1)c1ccc(-c2ccccn2)cc1,train,train,train,1,1,0.83076924,0.83076924,0.83076924
COc1ccccc1N1CCN(CC(F)CCNC(=O)c2cc3ccccc3o2)CC1,train,train,train,2,2,0.7246377,0.7246377,0.84615386
O=C(NCCC(F)CN1CCN(c2cccc(Cl)c2Cl)CC1)c1cc2ccccc2o1,test,test,train,1,1,0.83076924,0.83076924,0.83076924
COc1ccc2oc(C(=O)NCCC(F)CN3CCN(c4ccccc4OC)CC3)cc2c1,test,test,train,2,2,0.84615386,0.84615386,0.84615386
COc1ccc2oc(C(=O)NCCC(F)CN3CCN(c4cccc(Cl)c4Cl)CC3)cc2c1,train,train,test,2,2,0.68,0.68,0.7887324
COc1ccccc1N1CCN(CC(F)CCNC(=O)c2cc3ccccc3[nH]2)CC1,train,train,train,2,2,0.8730159,0.8730159,0.8730159
O=C(NCCC(F)CN1CCN(c2cccc(Cl)c2Cl)CC1)c1cc2ccccc2[nH]1,train,train,train,1,1,0.83870965,0.83870965,0.83870965
COc1ccccc1N1CCN(CC(F)CCNC(=O)c2ccc3c(c2)Cc2ccccc2-3)CC1,test,test,train,2,2,0.67142856,0.67142856,0.7692308
O=C(NCCC(F)CN1CCN(c2cccc(Cl)c2Cl)CC1)c1ccc2c(c1)Cc1ccccc1-2,test,test,train,1,1,0.83076924,0.83076924,0.83076924
COc1ccccc1N1CCN(CC(F)CCNC(=O)c2cc3ccccc3s2)CC1,train,train,train,2,2,0.7619048,0.7619048,0.7619048
O=C(NCCC(F)CN1CCN(c2cccc(Cl)c2Cl)CC1)c1cc2ccccc2s1,train,train,train,1,1,0.7619048,0.7619048,0.73134327
COc1ccc2[nH]c(C(=O)NCCC(F)CN3CCN(c4ccccc4OC)CC3)cc2c1,train,train,train,2,2,0.8730159,0.8730159,0.8730159
O=C(N(CCN1CCN(c2ccccc2O)CC1)c1ccccn1)C12C3C4C1C1C2C3C41I,train,train,train,1,1,0.7966102,0.7966102,0.7966102
COc1ccccc1N1CCN(CCN(C(=O)C23C4C5C2C2C3C4C52I)c2ccccn2)CC1,test,test,train,2,2,0.78688526,0.78688526,0.8125
COc1ccccc1N1CCN(CCN(C(=O)C23CC4CC(CC(I)(C4)C2)C3)c2ccccn2)CC1,train,train,train,2,2,0.8028169,0.8028169,0.7794118
COc1ccccc1N1CCN(CCN(C(=O)C23CCC(I)(CC2)CC3)c2ccccn2)CC1,train,train,train,2,2,0.9166667,0.9166667,0.9166667
COc1ccccc1N1CCN(CCN(C(=O)C23CCC(I)(CC2)C3)c2ccccn2)CC1,train,train,train,2,2,0.9166667,0.9166667,0.9166667
O=C(C1CCCCC1)N(CCN1CCN(c2ccccc2O)CC1)c1ccccn1,train,train,train,1,1,0.64615387,0.64615387,0.7818182
O=C(N(CCN1CCN(c2ccccc2O)CC1)c1ccccn1)C12CC3CC(C1)C(I)C(C3)C2,test,test,train,1,1,0.6923077,0.6923077,0.71014494
O=C(N(CCN1CCN(c2ccccc2O)CC1)c1ccccn1)C12CCC(I)(CC1)CC2,train,train,train,1,1,0.90909094,0.90909094,0.90909094
O=C(N(CCN1CCN(c2ccccc2O)CC1)c1ccccn1)C12CCC(I)(CC1)C2,train,train,train,1,1,0.90909094,0.90909094,0.90909094
O=C1CCc2ccc(CCCCCN3CCN(c4cccc(Cl)c4Cl)CC3)nc2N1,train,train,train,1,1,0.73015875,0.73015875,0.73015875
O=C1CCc2ccc(OCCCCN3CCN(c4cccc(Cl)c4Cl)CC3)nc2N1,train,train,train,1,1,0.9322034,0.9322034,0.9322034
O=c1ccc2ccc(OCCCCN3CCN(c4cccc(Cl)c4Cl)CC3)nc2[nH]1,test,test,train,1,1,0.7258065,0.7258065,0.76666665
O=c1ccc2cnc(OCCCCN3CCN(c4cccc(Cl)c4Cl)CC3)cc2[nH]1,train,train,train,1,1,0.5714286,0.5714286,0.7258065
O=c1ccc2cnc(OCCCCN3CCN(c4cccc(Cl)c4Cl)CC3)nc2[nH]1,test,test,train,1,1,0.703125,0.703125,0.76666665
O=C1CCc2ccc(OCCCCN3CCN(c4ccccc4Cl)CC3)nc2N1,train,train,train,1,1,0.877193,0.877193,0.877193
O=C1CCc2ccc(OCCCCN3CCN(c4cccc(F)c4Cl)CC3)nc2N1,train,train,train,1,1,0.8360656,0.8360656,0.8360656
Cc1cccc(N2CCN(CCCCOc3ccc4c(n3)NC(=O)CC4)CC2)c1Cl,train,train,test,1,1,0.8360656,0.8360656,0.8360656
Cc1ccccc1N1CCN(CCCCOc2ccc3c(n2)NC(=O)CC3)CC1,train,train,train,1,1,0.86206895,0.86206895,0.86206895
Cc1cccc(N2CCN(CCCCOc3ccc4c(n3)NC(=O)CC4)CC2)c1C,train,train,train,1,1,0.86206895,0.86206895,0.86206895
Cc1c(Cl)cccc1N1CCN(CCCCOc2ccc3c(n2)NC(=O)CC3)CC1,train,train,test,1,1,0.84745765,0.84745765,0.84745765
O=C1CCc2ccc(OCCCCN3CCN(c4cccc(Cl)c4F)CC3)nc2N1,train,train,train,1,1,0.84745765,0.84745765,0.84745765
O=C1CCc2ccc(OCCCCN3CCN(c4cccc(C(F)(F)F)c4Cl)CC3)nc2N1,train,train,train,1,1,0.8,0.8,0.8
O=C1CCc2ccc(OCCCCN3CCN(c4cccc(Cl)c4C(F)(F)F)CC3)nc2N1,train,train,train,1,1,0.8064516,0.8064516,0.8064516
O=C1CCc2ccc(OCCCCN3CCN(c4cccc5c4CCC5)CC3)nc2N1,train,train,train,1,1,0.9649123,0.9649123,0.9649123
O=C1CCc2ccc(OCCCCN3CCN(c4cccc5c4CCCC5)CC3)nc2N1,train,train,train,1,1,0.9649123,0.9649123,0.9649123
O=C1CCc2ccc(OCCCCN3CCN(c4cccc5c4CCCO5)CC3)nc2N1,train,train,test,1,1,0.7794118,0.7794118,0.7794118
O=C1CCc2ccc(OCCCCN3CCN(c4cccc5c4OCCC5)CC3)nc2N1,train,train,train,1,1,0.7794118,0.7794118,0.75757575
O=C1CCc2ccc(OCCCCN3CCN(c4cccc5ccccc45)CC3)nc2N1,train,train,train,1,1,0.84745765,0.84745765,0.8333333
O=C1CCc2ccc(OCCCCN3CCN(c4c(F)ccc5ccccc45)CC3)nc2N1,train,train,train,1,1,0.75384617,0.75384617,0.7936508
O=C1CCc2ccc(OCCCCN3CCN(c4cc(F)cc5ccccc45)CC3)nc2N1,train,train,train,1,1,0.84126985,0.84126985,0.8333333
O=C1CCc2ccc(OCCCCN3CCN(c4ccc(F)c5ccccc45)CC3)nc2N1,test,test,train,1,1,0.89830506,0.89830506,0.81666666
O=C1CCc2ccc(OCCCCN3CCN(c4cccc5c(F)cccc45)CC3)nc2N1,train,train,test,1,1,0.84745765,0.84745765,0.89830506
O=C1CCc2ccc(OCCCCN3CCN(c4cccc5cc(F)ccc45)CC3)nc2N1,train,train,test,1,1,0.84126985,0.84126985,0.84126985
O=C1CCc2ccc(OCCCCN3CCN(c4cccc5ccc(F)cc45)CC3)nc2N1,test,test,test,1,1,0.9032258,0.9032258,0.8064516
O=C1CCc2ccc(OCCCCN3CCN(c4cccc5cccc(F)c45)CC3)nc2N1,train,train,train,1,1,0.8360656,0.8360656,0.82258064
COc1ccccc1N1CCN(CCCCN2C(=O)C3CCCN3C2=O)CC1,test,test,train,2,2,0.7037037,0.7037037,0.7037037
O=C1C2CCCN2C(=O)N1CCCCN1CCN(c2cccc3ccccc23)CC1,train,train,train,1,1,0.704918,0.704918,0.704918
COc1ccccc1N1CCN(CCCCN2C(=O)N3CCCC3(CCCCNS(=O)(=O)c3cccc4c(N(C)C)cccc34)C2=O)CC1,test,test,test,2,2,0.98717946,0.98717946,0.98717946
COc1ccccc1N1CCN(CCCCN2C(=O)N3CCCC3(CCCCCCCNS(=O)(=O)c3cccc4c(N(C)C)cccc34)C2=O)CC1,train,train,train,2,2,0.962963,0.962963,0.962963
CN(C)c1cccc2c(S(=O)(=O)NCCCCCCCC34CCCN3C(=O)N(CCCCN3CCN(c5cccc6ccccc56)CC3)C4=O)cccc12,train,train,train,1,1,0.85365856,0.85365856,0.85365856
COc1ccccc1N1CCN(CCCCN2C(=O)N3CCCC3(CCNCCCCCNS(=O)(=O)c3cccc4c(N(C)C)cccc34)C2=O)CC1,train,train,test,2,2,0.9518072,0.9518072,0.9518072
COc1ccccc1N1CCN(CCCCN2C(=O)N3CCCC3(CCCCNCCCCCNS(=O)(=O)c3cccc4c(N(C)C)cccc34)C2=O)CC1,train,train,train,2,2,0.962963,0.962963,0.962963
CN(C)S(=O)(=O)c1cccc2c(N3CCN(CCCCN4C(=O)C5CCCN5C4=O)CC3)cccc12,train,train,train,1,1,0.73846155,0.73846155,0.72727275
CN(C)S(=O)(=O)c1ccc2c(N3CCN(CCCCN4C(=O)C5CCCN5C4=O)CC3)cccc2c1,train,train,train,1,1,0.88709676,0.88709676,0.72727275
CN(C)S(=O)(=O)c1ccc2cccc(N3CCN(CCCCN4C(=O)C5CCCN5C4=O)CC3)c2c1,train,train,test,1,1,0.88709676,0.88709676,0.88709676
Fc1ccc(N2CCN(CCC(Oc3ccc(C(F)(F)F)cc3)c3ccccc3)CC2)cc1,train,train,test,1,1,0.8269231,0.8269231,0.8269231
O=C(CCN1CCN(c2ccc(Cl)cc2)CC1)c1cccs1,test,test,train,1,1,0.65217394,0.65217394,0.65217394
COc1ccccc1N1CCN(CCC(=O)c2csc3ccccc23)CC1,train,train,train,2,2,0.8214286,0.8214286,0.7894737
COc1cc(Cl)ccc1N1CCN(CCC(O)c2csc3ccccc23)CC1,train,train,train,2,2,0.8,0.8,0.8
COc1cc(F)ccc1N1CCN(CCC(O)c2csc3ccccc23)CC1,train,train,train,2,2,0.8214286,0.8214286,0.8214286
COc1ccc(N2CCN(CCC(O)c3ccc(-c4ccccc4)cc3)CC2)cc1,train,train,train,1,1,0.8636364,0.8636364,0.8636364
COc1ccccc1N1CCN(CCC(O)c2ccc(C)s2)CC1,train,train,train,2,2,0.7254902,0.7254902,0.7037037
N#Cc1ccc(N2CCC(NCCC(O)c3csc4ccccc34)CC2)cc1,test,test,train,0,0,0.6507937,0.6507937,0.6507937
O=C(CCN[C@H]1CCN(c2ccc([N+](=O)[O-])cc2C(F)(F)F)C1)c1csc2ccccc12,train,train,train,1,1,0.4047619,0.4047619,0.38961038
N#Cc1ccc(N2CCCN(CCC(O)c3csc4ccccc34)CC2)cc1,train,train,train,1,1,0.61904764,0.61904764,0.7017544
CCCC(=O)Oc1cccc2c1-c1cccc3c1[C@@H](C2)N(CCC)CC3,train,train,train,2,2,0.73015875,0.73015875,0.73015875
CCCN1CCc2cccc3c2C1Cc1cccc(OC(=O)Nc2cccc4ccccc24)c1-3,train,train,train,2,2,0.73015875,0.73015875,0.73015875
CCCN1CCc2cccc3c2[C@H]1Cc1cccc(N)c1-3,test,test,train,0,0,0.6603774,0.6603774,0.66071427
CCCC(=O)Nc1cccc2c1-c1cccc3c1[C@@H](C2)N(CCC)CC3,train,train,train,0,0,0.7164179,0.7164179,0.7164179
CCCN1CCc2cccc3c2[C@H]1Cc1cccc(NC(=O)CCCCC2CCSS2)c1-3,train,train,train,0,0,0.7164179,0.7164179,0.7164179
O=C(c1ccc(F)cc1)C1CCN([C@H]2CCN(Cc3ccc(F)cc3)C[C@@H]2O)CC1,train,train,train,0,0,0.41538462,0.41538462,0.41538462
COc1ccc2nc(-c3ccc(OCC(O)CNC(C)C)cc3)n(C)c(=O)c2c1,test,test,train,2,2,0.3382353,0.3382353,0.3382353
Nc1nccc(-c2c[nH]c3cccc(O)c23)n1,train,train,test,4,4,0.34,0.34,0.6744186
COc1cccc2[nH]cc(-c3ccnc(N)n3)c12,test,test,train,2,2,0.6744186,0.6744186,0.3448276
COc1cc2c(cc1OC)CN(CCCCn1cc(-c3ccc(F)cc3)c3ccccc31)CC2,train,train,train,2,2,0.390625,0.390625,0.390625
CS(=O)(=O)NC[C@H]1CC[C@H](Nc2nc3c(s2)CCSc2ccccc2-3)CC1,test,test,train,0,0,0.2804878,0.2804878,0.2804878
CCN/C(=N\S(=O)(=O)c1cccc(Cl)c1)N1CC2(C=N1)CCNCC2,train,train,train,0,0,0.29761904,0.29761904,0.29761904
COc1ccccc1N1CCN(CCN(C(=O)C23CC4CC(CC(CF)(C4)C2)C3)c2ccccn2)CC1,train,train,test,2,2,0.8028169,0.8028169,0.8115942
COc1ccccc1N1CCN(CCN(C(=O)C23C4C5C2C2C3C4C52CF)c2ccccn2)CC1,test,test,train,2,2,0.7936508,0.7936508,0.8125
COc1ccccc1N1CCN(CCN(C(=O)C23CCC(CF)(CC2)CC3)c2ccccn2)CC1,train,train,train,2,2,0.91935486,0.91935486,0.91935486
COc1ccccc1N1CCN(CCN(C(=O)C23CCC(CF)(CC2)C3)c2ccccn2)CC1,train,train,train,2,2,0.91935486,0.91935486,0.91935486
O=C(N(CCN1CCN(c2ccccc2O)CC1)c1ccccn1)C12CC3CC(CC(CF)(C3)C1)C2,test,test,train,1,1,0.8115942,0.8115942,0.7692308
O=C(N(CCN1CCN(c2ccccc2O)CC1)c1ccccn1)C12C3C4C1C1C2C3C41CF,train,train,train,1,1,0.7966102,0.7966102,0.7966102
O=C(N(CCN1CCN(c2ccccc2O)CC1)c1ccccn1)C12CCC(CF)(CC1)CC2,train,train,test,1,1,0.9122807,0.9122807,0.9122807
O=C(N(CCN1CCN(c2ccccc2O)CC1)c1ccccn1)C12CCC(CF)(CC1)C2,train,train,train,1,1,0.9122807,0.9122807,0.796875
OC1(c2ccc(Cl)cc2)CCN(CCCCc2ccc(F)cc2)CC1,train,train,test,1,1,0.65217394,0.65217394,0.6792453
Fc1ccc(SCCCN2CCC(c3ccc(Cl)cc3)CC2)cc1,train,train,train,0,0,0.65957445,0.65957445,0.68085104
Fc1ccc(OCCCN2CCC(c3ccc(Cl)cc3)CC2)cc1,test,test,train,0,0,0.68085104,0.68085104,0.68085104
O[S+](CCCN1CCC(c2ccc(Cl)cc2)CC1)c1ccc(F)cc1,train,train,train,0,0,0.60784316,0.60784316,0.62
Fc1ccc(CCCCN2CCN(c3ccc(Cl)cc3)CC2)cc1,train,train,train,1,1,0.9,0.9,0.9
Fc1ccc(SCCCN2CCN(c3ccc(Cl)cc3)CC2)cc1,train,train,test,1,1,0.9047619,0.9047619,0.9047619
Fc1ccc(SCCCN2CCN(c3ccc(C(F)(F)F)cc3)CC2)cc1,train,train,train,1,1,0.75,0.75,0.6875
Fc1ccc(OCCCN2CCN(c3ccc(Cl)cc3)CC2)cc1,train,train,test,1,1,0.902439,0.902439,0.902439
Fc1ccc(OCCCN2CCN(c3ccccc3)CC2)cc1,test,test,train,1,1,0.75609756,0.75609756,0.6888889
Clc1ccc(N2CCN(CCCOc3ccccc3)CC2)cc1,train,train,test,1,1,0.75609756,0.75609756,0.6888889
c1ccc(OCCCN2CCN(c3ccccc3)CC2)cc1,test,test,test,1,1,0.8055556,0.8055556,0.8055556
Fc1ccc(CCCCN2CCN(c3ncccn3)CC2)cc1,train,train,test,1,1,0.74418604,0.74418604,0.74418604
Fc1ccc(SCCCN2CCN(c3ncccn3)CC2)cc1,train,train,test,1,1,0.75555557,0.75555557,0.6041667
Fc1ccc(OCCCN2CCN(c3ncccn3)CC2)cc1,test,test,test,1,1,0.74418604,0.74418604,0.74418604
Fc1ccc(CCCCN2CCN(c3ccccn3)CC2)cc1,train,train,train,1,1,0.74418604,0.74418604,0.6956522
Fc1ccc(SCCCN2CCN(c3ccccn3)CC2)cc1,train,train,test,1,1,0.75555557,0.75555557,0.70212764
Fc1ccc(OCCCN2CCN(c3ccccn3)CC2)cc1,train,train,train,1,1,0.70212764,0.70212764,0.6956522
c1ccc2nc(N3CCNCC3)ccc2c1,train,train,train,1,1,0.4680851,0.4680851,0.4680851
CC1CN(c2ccc3cc([N+](=O)[O-])ccc3n2)CCN1CCCCN1C(=O)CCCC1=O,train,train,train,1,1,0.8,0.8,0.82258064
O=C1CCCC(=O)N1CCCCN1CCN(c2ccc3cc([N+](=O)[O-])ccc3n2)CC1,train,train,train,1,1,0.7894737,0.7894737,0.7894737
CC1CN(c2ccc3cc([N+](=O)[O-])ccc3n2)CCN1CCCCN1C(=O)CC2(CCCC2)CC1=O,train,train,train,1,1,0.8,0.8,0.84375
O=C1CC2(CCCC2)CC(=O)N1CCCCN1CCN(c2ccc3cc([N+](=O)[O-])ccc3n2)CC1,train,train,test,1,1,0.8135593,0.8135593,0.8135593
CC1CN(c2ccc3cc([N+](=O)[O-])ccc3n2)CCN1CCCCN1C(=O)CC(C)(C)CC1=O,test,test,train,1,1,0.84375,0.84375,0.84375
CC1(C)CC(=O)N(CCCCN2CCN(c3ccc4cc([N+](=O)[O-])ccc4n3)CC2)C(=O)C1,train,train,train,1,1,0.8135593,0.8135593,0.7894737
O=C1c2ccccc2C(=O)N1CCCCN1CCN(c2ccc3cc([N+](=O)[O-])ccc3n2)CC1,train,train,train,1,1,0.7413793,0.7413793,0.7413793
CC1(C)CC(=O)N(CCCCN2CCN(c3ccc4c(Cl)cccc4n3)CC2)C(=O)C1,train,train,test,1,1,0.72727275,0.72727275,0.72727275
CC(=O)Nc1ccc2nc(N3CCN(CCCCN4C(=O)CC5(CCCC5)CC4=O)CC3)ccc2c1,train,train,train,1,1,0.6923077,0.6923077,0.5735294
CC1CN(c2ccc3ccccc3n2)CCN1CCCCN1C(=O)c2ccccc2C1=O,train,train,train,1,1,0.73214287,0.73214287,0.9583333
O=C1c2ccccc2C(=O)N1CCCCN1CCN(c2ccc3ccccc3n2)CC1,train,train,train,1,1,0.7037037,0.7037037,0.7037037
CC1CN(c2ccc3ccccc3n2)CCN1CCCN1C(=O)c2ccccc2C1=O,test,test,train,1,1,0.9583333,0.9583333,0.9583333
CC1CN(c2ccc3ccccc3n2)CCN1CCCCN1C(=O)CCCC1=O,test,test,train,1,1,0.7818182,0.7818182,0.7818182
CC1CN(c2ccc3ccccc3n2)CCN1CCCCN1C(=O)CC2(CCCC2)CC1=O,train,train,train,1,1,0.80701756,0.80701756,0.80701756
O=C1CC2(CCCC2)CC(=O)N1CCCCN1CCN(c2ccc3ccccc3n2)CC1,test,test,test,1,1,0.7692308,0.7692308,0.7692308
CC1CN(c2ccc3ccccc3n2)CCN1CCCCN1C(=O)CC(C)(C)CC1=O,train,train,train,1,1,0.80701756,0.80701756,0.80701756
CC1(C)CC(=O)N(CCCCN2CCN(c3ccc4ccccc4n3)CC2)C(=O)C1,train,train,train,1,1,0.72727275,0.72727275,0.72727275
O=C1c2ccc(F)cc2CC1CCN1CCCN(c2ccc(Cl)cc2)CC1,train,train,train,1,1,0.55932206,0.55932206,0.55932206
Fc1ccc(SCCCN2CCCN(c3ccc(Cl)cc3)CC2)cc1,train,train,train,1,1,0.9047619,0.9047619,0.6938776
Fc1ccc(OCCCN2CCCN(c3ccc(Cl)cc3)CC2)cc1,train,train,train,1,1,0.902439,0.902439,0.6938776
Fc1ccc(CCCCN2CCCN(c3ccc(Cl)cc3)CC2)cc1,train,train,train,1,1,0.9,0.9,0.9
Clc1ccc(N2CCCN(CCCCc3nc4ccccc4s3)CC2)cc1,train,train,test,1,1,0.93877554,0.93877554,0.93877554
Clc1ccc(N2CCCN(CCCc3nc4ccccc4s3)CC2)cc1,train,train,train,1,1,0.93877554,0.93877554,0.85714287
O=C(CCCCN1CCCN(c2ccc(Cl)cc2)CC1)c1nc2ccccc2s1,train,train,train,1,1,0.9230769,0.9230769,0.9230769
OC1(c2ccc(Cl)cc2)C[C@@H]2CC[C@H](C1)N2CCCCc1nc2ccccc2s1,train,train,train,1,1,0.6896552,0.6896552,0.6896552
Clc1ccc2c(c1)N=C(N1CCNCC1)c1cccnc1O2,train,train,train,0,0,0.6909091,0.6909091,0.6909091
Clc1ccc2c(c1)N=C(N1CCN(Cc3ccccc3)CC1)c1cccnc1O2,test,test,train,1,1,0.8363636,0.8363636,0.8363636
Clc1ccc2c(c1)N=C(N1CCN(CCc3ccccc3)CC1)c1cccnc1O2,train,train,train,1,1,0.6551724,0.6551724,0.8363636
Clc1ccc2c(c1)N=C(N1CCN(C3CCCCC3)CC1)c1cccnc1O2,train,train,train,0,0,0.6909091,0.6909091,0.6909091
Clc1ccc2c(c1)C(N1CCNCC1)=Nc1ccccc1O2,train,train,train,0,0,0.61538464,0.61538464,0.61538464
C[C@@H]1CCCN1CCc1cc2cc(C(=O)c3ccc(F)cc3)ccc2o1,train,train,train,0,0,0.3561644,0.3561644,0.3561644
O=C(NC1CCCC1)c1ccc(-c2ccc3c(c2)CCN(CCN2CCCC2)C3=O)cc1,train,train,train,0,0,0.66101694,0.66101694,0.56060606
CN(C)C(=O)c1ccc(-c2ccc3c(c2)CCN(CCN2CCCC2)C3=O)cc1,train,train,test,1,1,0.66101694,0.66101694,0.66101694
CCNC(=O)c1ccc(-c2ccc3c(c2)CCN(CCN2CCC[C@H]2C)C3=O)cc1,train,train,test,0,0,0.75409836,0.75409836,0.75409836
C[C@@H]1CCCN1CCN1CCc2cc(-c3ccc(C(=O)N4CCCC4)cc3)ccc2C1=O,train,train,train,0,0,0.75409836,0.75409836,0.56060606
O=C(Cc1ccccc1)Nc1ccc(CCN2CCN(c3ccccc3)CC2)cc1,train,train,train,1,1,0.84782606,0.84782606,0.84782606
O=C(Cc1ccccn1)Nc1ccc(CCN2CCN(c3ccccc3)CC2)cc1,test,test,train,1,1,0.7755102,0.7755102,0.7962963
O=C(Cc1cccnc1)Nc1ccc(CCN2CCN(c3ccccc3)CC2)cc1,train,train,train,1,1,0.79591835,0.79591835,0.8148148
O=C(Cc1ccncc1)Nc1ccc(CCN2CCN(c3ccccc3)CC2)cc1,train,train,train,1,1,0.84782606,0.84782606,0.84782606
O=C(Nc1ccccc1)Nc1ccc(CCN2CCN(c3ccccc3)CC2)cc1,train,train,test,1,1,0.84090906,0.84090906,0.84090906
O=C(Nc1ccc(CCN2CCN(c3ccccc3)CC2)cc1)Nc1ccccn1,train,train,test,1,1,0.7962963,0.7962963,0.7962963
O=C(Nc1ccc(CCN2CCN(c3ccccc3)CC2)cc1)Nc1cccnc1,test,test,train,1,1,0.80851066,0.80851066,0.8113208
O=C(Nc1ccncc1)Nc1ccc(CCN2CCN(c3ccccc3)CC2)cc1,train,train,train,1,1,0.84090906,0.84090906,0.81632656
O=C(Cc1ccccc1)Nc1cccc(CCN2CCN(c3ccccc3)CC2)c1,test,test,test,1,1,0.7826087,0.7826087,0.89361703
O=C(Cc1ccccn1)Nc1cccc(CCN2CCN(c3ccccc3)CC2)c1,test,test,train,1,1,0.7241379,0.7241379,0.7962963
O=C(Cc1cccnc1)Nc1cccc(CCN2CCN(c3ccccc3)CC2)c1,test,test,train,1,1,0.8148148,0.8148148,0.8301887
O=C(Cc1ccncc1)Nc1cccc(CCN2CCN(c3ccccc3)CC2)c1,test,test,train,1,1,0.8039216,0.8039216,0.8301887
O=C(Nc1ccccc1)Nc1cccc(CCN2CCN(c3ccccc3)CC2)c1,test,test,train,1,1,0.79545456,0.79545456,0.8913044
O=C(Nc1cccc(CCN2CCN(c3ccccc3)CC2)c1)Nc1ccccn1,train,train,train,1,1,0.7962963,0.7962963,0.78431374
O=C(Nc1cccnc1)Nc1cccc(CCN2CCN(c3ccccc3)CC2)c1,test,test,train,1,1,0.7368421,0.7368421,0.8269231
O=C(Nc1ccncc1)Nc1cccc(CCN2CCN(c3ccccc3)CC2)c1,test,test,train,1,1,0.81632656,0.81632656,0.8913044
c1ccc(CCN2CCN(c3ccccc3)CC2)cc1,train,train,train,1,1,0.65,0.65,0.65
N#Cc1ccc2[nH]cc(CCCCN3CCN(c4ccc5oc(C(N)=O)cc5c4)CC3)c2c1,test,test,train,4,4,0.37804878,0.37804878,0.37804878
Clc1ccc(N2CCN(CCCc3nc4ccccc4s3)CC2)cc1,train,train,test,1,1,0.93333334,0.93333334,0.93333334
Clc1ccc(N2CCN(CCCCc3nc4ccccc4s3)CC2)cc1,train,train,train,1,1,0.93333334,0.93333334,0.85714287
OC1(c2ccc(Cl)cc2)CCN(CCCCc2nc3ccccc3s2)CC1,train,train,train,1,1,0.7037037,0.7037037,0.7037037
c1cnc(N2CCN(CCCCc3nc4ccccc4s3)CC2)nc1,train,train,train,1,1,0.9302326,0.9302326,0.6862745
c1ccc2c(c1)CCN(CCCCc1nc3ccccc3s1)C2,train,train,train,1,1,0.8292683,0.8292683,0.8292683
c1ccc2c(c1)CN(CCCCc1nc3ccccc3s1)C2,train,train,train,1,1,0.8292683,0.8292683,0.8292683
O=C(CCCN1CCN(c2ccccc2)CC1)c1nc2ccccc2s1,test,test,train,1,1,0.95555556,0.95555556,0.8039216
O=C(CCCN1CCC(c2ccccc2)CC1)c1nc2ccccc2s1,test,test,train,1,1,0.9574468,0.9574468,0.9574468
O=C(CCCN1CCN(c2ncccn2)CC1)c1nc2ccccc2s1,train,train,train,1,1,0.9574468,0.9574468,0.9574468
O=C(CCCCN1CCC(n2c(=O)[nH]c3cc(Cl)ccc32)CC1)c1nc2ccccc2s1,test,test,train,1,1,0.7536232,0.7536232,0.7536232
O=C(CCCCN1CCC2(CC1)C(=O)NCN2c1ccccc1)c1nc2ccccc2s1,train,train,train,1,1,0.65,0.65,0.7258065
O=C(CCCCN1Cc2ccccc2C1)c1nc2ccccc2s1,train,train,test,1,1,0.6938776,0.6938776,0.6666667
O=C(CCCCN1CCN(c2ccc(Cl)cc2)CC1)c1nc2ccccc2s1,train,train,train,1,1,0.9230769,0.9230769,0.9230769
O=C(CCCCN1CCN(c2ncccn2)CC1)c1nc2ccccc2s1,train,train,train,1,1,0.9574468,0.9574468,0.9574468
O=C(CCCCN1CCN(c2ccccc2)CC1)c1nc2ccccc2s1,train,train,test,1,1,0.84,0.84,0.95555556
O=C(CCCCN1CCC(c2ccccc2)CC1)c1nc2ccccc2s1,train,train,train,1,1,0.6981132,0.6981132,0.9574468
COc1cc2c(cc1OC)[C@@H]1Cc3c(CO)c(OC)cc(OC)c3CN1CC2,test,test,test,2,2,0.76,0.76,0.6458333
COc1cc(OC)c2c(c1CO)C[C@H]1c3cc4c(cc3CCN1C2)OCO4,train,train,test,2,2,0.74509805,0.74509805,0.74509805
Clc1cccc(Cl)c1N=C1NCCN1,train,train,train,0,0,0.33333334,0.33333334,0.33333334
CC(Oc1c(Cl)cccc1Cl)C1=NCCN1,train,train,train,0,0,0.55813956,0.55813956,0.55813956
O=S(=O)(NCC1CCN(CCOc2ccccc2-c2ccccc2)CC1)c1ccc(Cl)s1,train,train,train,0,0,0.6721311,0.6721311,0.779661
O=S(=O)(NCC1CCN(CCOc2cccc(F)c2)CC1)c1cccs1,train,train,train,0,0,0.7241379,0.7241379,0.7241379
CC(C)c1ccccc1OCCN1CCC(CNS(=O)(=O)c2ccc(F)cc2)CC1,train,train,train,0,0,0.76363635,0.76363635,0.6964286
O=S(=O)(NCC1CCN(CCOc2ccccc2-c2ccccc2)CC1)c1ccc(F)cc1,train,train,test,0,0,0.76363635,0.76363635,0.76363635
O=S(=O)(NCC1CCN(CCOc2cccc(F)c2)CC1)c1ccc(F)cc1,train,train,train,0,0,0.78571427,0.78571427,0.78571427
CC(C)c1ccccc1OCCN1CCC(CNS(=O)(=O)c2cccc(Cl)c2)CC1,train,train,test,0,0,0.8,0.8,0.8
CSc1ccccc1OCCN1CCC(CNS(=O)(=O)c2cccc(Cl)c2)CC1,train,train,train,0,0,0.8,0.8,0.734375
O=S(=O)(NCC1CCN(CCOc2cccc(F)c2)CC1)c1cccc(Cl)c1,train,train,train,0,0,0.78571427,0.78571427,0.78571427
CCOc1ccccc1C(=O)NC1CCN(CCOc2cccc(F)c2)CC1,test,test,train,0,0,0.51428574,0.51428574,0.5538462
O=S(=O)(NC1CCN(CCOc2ccccc2)CC1)c1cccs1,train,train,test,0,0,0.71428573,0.71428573,0.71428573
CC(C)c1ccccc1OCCN1CCC(NS(=O)(=O)c2ccc(F)cc2)CC1,train,train,test,0,0,0.9019608,0.9019608,0.9019608
O=S(=O)(NC1CCN(CCOc2ccccc2-c2ccccc2)CC1)c1ccc(F)c(F)c1,train,train,train,0,0,0.8181818,0.8181818,0.89285713
O=C(NC1CCN(CCOc2ccccc2-c2ccccc2)C1)c1cccc(F)c1F,train,train,test,0,0,0.6363636,0.6363636,0.6363636
CC(C)c1ccccc1OCCN1CCC(NC(=O)c2ccc3ccccc3n2)C1,train,train,train,0,0,0.7741935,0.7741935,0.7741935
O=C(NC1CCN(CCOc2ccccc2-c2ccccc2)C1)c1ccc2ccccc2n1,train,train,train,0,0,0.7741935,0.7741935,0.7741935
CC(C)c1ccccc1OCCN1CCC(NS(=O)(=O)c2cccs2)C1,test,test,train,0,0,0.6875,0.6875,0.7627119
O=S(=O)(NC1CCN(CCOc2ccccc2-c2ccccc2)C1)c1cccs1,test,test,train,0,0,0.6875,0.6875,0.7627119
O=S(=O)(NC1CCN(CCOc2cccc3c2CCCC3)C1)c1cccs1,train,train,train,0,0,0.71875,0.71875,0.71875
O=S(=O)(NC1CCN(CCOc2cccc(F)c2)C1)c1cccs1,train,train,train,0,0,0.72131145,0.72131145,0.72131145
O=S(=O)(NC1CCN(CCOc2cccc(Cl)c2Cl)C1)c1ccc(Cl)s1,test,test,train,0,0,0.7288136,0.7288136,0.75
O=S(=O)(NC1CCN(CCOc2cc(Cl)ccc2Cl)C1)c1ccc(Cl)s1,test,test,train,0,0,0.7118644,0.7118644,0.75
O=S(=O)(NC1CCN(CCOc2ccccc2)C1)c1ccc(Cl)s1,train,train,train,0,0,0.6557377,0.6557377,0.7288136
CC(C)c1ccccc1OCCN1CCC(NS(=O)(=O)c2cccc3cccnc23)C1,train,train,train,0,0,0.6865672,0.6865672,0.6865672
CSc1ccccc1OCCN1CCC(NS(=O)(=O)c2ccc(F)cc2)C1,train,train,train,0,0,0.75409836,0.75409836,0.75409836
O=S(=O)(NC1CCN(CCOc2ccccc2)C1)c1ccc(F)cc1,train,train,train,0,0,0.875,0.875,0.875
O=S(=O)(NC1CCN(CCOc2cccc3c2CCCC3)C1)c1ccc(F)cc1,train,train,train,0,0,0.7777778,0.7777778,0.7777778
O=S(=O)(NC1CCN(CCOc2ccccc2-c2ccccc2)C1)c1ccc(F)c(F)c1,test,test,train,0,0,0.89285713,0.89285713,0.89285713
O=S(=O)(NC1CCN(CCOc2cccc(F)c2)C1)c1ccc(F)c(F)c1,test,test,train,0,0,0.6935484,0.6935484,0.6935484
O=S(=O)(NC1CCN(CCOc2ccccc2-c2ccccc2)C1)c1cc(F)ccc1F,train,train,train,0,0,0.89285713,0.89285713,0.89285713
O=S(=O)(NC1CCN(CCOc2cccc3c2CCCC3)C1)c1cc(F)ccc1F,train,train,train,0,0,0.7777778,0.7777778,0.7777778
CC(C)c1ccccc1OCCN1CCC(NS(=O)(=O)c2cccc(Cl)c2)C1,train,train,test,0,0,0.89285713,0.89285713,0.89285713
CSc1ccccc1OCCN1CCC(NS(=O)(=O)c2cccc(Cl)c2)C1,train,train,train,0,0,0.8032787,0.8032787,0.75409836
CNC(=O)c1cc(Oc2ccc(NC(=O)Nc3ccc(Cl)c(C(F)(F)F)c3)cc2)ccn1,test,test,train,0,0,0.26506025,0.26506025,0.23809524
Clc1cccc(C2CCN(CCCCOc3ccc4scnc4c3)CC2)c1Cl,train,train,train,0,0,0.38961038,0.38961038,0.38961038
Cc1ccccc1-c1cccc(N2CCNCC2)c1,train,train,train,1,1,0.6666667,0.6666667,0.6666667
COc1cccc(OC)c1-c1cccc(N2CCNCC2)c1,train,train,test,2,2,0.6052632,0.6052632,0.6052632
c1ccc(-c2cccc(N3CCNCC3)c2)nc1,train,train,train,1,1,0.6486486,0.6486486,0.6486486
O=[N+]([O-])c1ccc(-c2cccc(N3CCNCC3)c2)cc1,train,train,train,1,1,0.6756757,0.6756757,0.6756757
COc1ccc(-c2ccccc2N2CCNCC2)cc1,train,train,train,2,2,0.6857143,0.6857143,0.6857143
Fc1ccc(-c2cccc(N3CCNCC3)c2)cc1,test,test,test,0,0,0.78125,0.78125,0.78125
c1ccc(-c2cccc(N3CCNCC3)c2)cc1,train,train,train,1,1,0.6756757,0.6756757,0.6756757
c1ccc(-c2ccccc2N2CCNCC2)cc1,train,train,train,1,1,0.6857143,0.6857143,0.6857143
O=C(C1CCCCC1)N(CCN1CC=C(c2ccccc2)CC1)c1ccccn1,test,test,train,0,0,0.640625,0.640625,0.6666667
O=C(C1CCCCC1)N(CCN1CCN(c2ccccc2)CC1)c1ccccn1,test,test,train,1,1,0.7818182,0.7818182,0.7818182
O=C(c1cnc2ccccc2n1)N(CCN1CC=C(c2ccccc2)CC1)c1ccccn1,train,train,train,1,1,0.6875,0.6875,0.7096774
O=C(c1cccc2ccccc12)N(CCN1CC=C(c2ccccc2)CC1)c1ccccn1,test,test,train,1,1,0.7627119,0.7627119,0.7627119
O=C(c1ccc2ccccc2c1)N(CCN1CC=C(c2ccccc2)CC1)c1ccccn1,train,train,train,1,1,0.6875,0.6875,0.7627119
O=C(c1cnc2ccccc2n1)N(CCN1CCN(c2ccccc2)CC1)c1ccccn1,train,train,train,1,1,0.7419355,0.7419355,0.7419355
O=C(c1cccc2ccccc12)N(CCN1CCN(c2ccccc2)CC1)c1ccccn1,train,train,train,1,1,0.7288136,0.7288136,0.74545455
O=C(c1ccc2ccccc2c1)N(CCN1CCN(c2ccccc2)CC1)c1ccccn1,test,test,train,1,1,0.74545455,0.74545455,0.74545455
COc1ccccc1N1CCN(CCN(C(=O)c2cnc3ccccc3n2)c2ccccn2)CC1,train,train,train,2,2,0.7419355,0.7419355,0.7419355
COc1ccccc1N1CCN(CCN(C(=O)c2cccc3ccccc23)c2ccccn2)CC1,train,train,train,2,2,0.7619048,0.7619048,0.7619048
COc1ccccc1N1CCN(CCN(C(=O)c2ccc3ccccc3c2)c2ccccn2)CC1,train,train,train,2,2,0.7619048,0.7619048,0.7846154
CCCN1CCC(COc2nc3c(Cl)cccc3c3ccccc23)CC1,train,train,train,0,0,0.64912283,0.64912283,0.64912283
CCCN1CCC(COc2nc3c(I)cccc3c3ncccc23)CC1,train,train,train,0,0,0.7818182,0.7818182,0.7818182
CCCN1CCC(COc2nc3c(F)cccc3c3ncccc23)CC1,train,train,train,0,0,0.7818182,0.7818182,0.7818182
Fc1cccc2c1nc(OCC1CCN(CCCc3ccc(I)cc3)CC1)c1cccnc12,test,test,train,0,0,0.7096774,0.7096774,0.7096774
CCCN1CCC(n2c(=O)[nH]c3cc(Cl)ccc32)CC1,train,train,test,0,0,0.5873016,0.5873016,0.5873016
CCc1cccc(CC)c1Cc1ncc[nH]1,train,train,train,3,3,0.27659574,0.27659574,0.27659574
CCOC(=O)Cn1c(NCCCN2CCN(c3ccccc3)CC2)nc2c1c(=O)n(C)c(=O)n2C,train,train,train,1,1,0.703125,0.703125,0.74242425
CCCCn1c(NCCCN2CCN(c3ccccc3)CC2)nc2c1c(=O)n(C)c(=O)n2C,test,test,train,1,1,0.7894737,0.7894737,0.7894737
Cn1c(=O)c2c(nc(NCCCN3CCN(c4ccccc4)CC3)n2C)n(C)c1=O,train,train,train,1,1,0.703125,0.703125,0.7894737
COc1ccccc1N1CCN(CCCN2C(=O)CCCn3c2nc2c3c(=O)n(C)c(=O)n2C)CC1,train,train,test,2,2,0.90163934,0.90163934,0.7692308
Cn1c(=O)c2c(nc3n2CCCC(=O)N3CCCN2CCN(c3cccc(Cl)c3)CC2)n(C)c1=O,train,train,train,1,1,0.9,0.9,0.9
COc1ccccc1N1CCN(CCCn2c(=O)ccn3c4c(=O)n(C)c(=O)n(C)c4nc23)CC1,train,train,train,2,2,0.73770493,0.73770493,0.73770493
Cn1c(=O)c2c(nc3n(CCCN4CCN(c5cccc(Cl)c5)CC4)c(=O)ccn23)n(C)c1=O,train,train,train,1,1,0.8103448,0.8103448,0.8103448
COc1ccccc1N1CCN(CCCN2C(=O)CCn3c2nc2c3c(=O)n(C)c(=O)n2C)CC1,train,train,test,2,2,0.90163934,0.90163934,0.73846155
Cn1c(=O)c2c(nc3n2CCC(=O)N3CCCN2CCN(c3cccc(Cl)c3)CC2)n(C)c1=O,train,train,train,1,1,0.9,0.9,0.9
COc1ccccc1N1CCN(CCCN2CCCCn3c2nc2c3c(=O)n(C)c(=O)n2C)CC1,train,train,train,2,2,0.9649123,0.9649123,0.9649123
Cn1c(=O)c2c(nc3n2CCCCN3CCCN2CCN(c3cccc(Cl)c3)CC2)n(C)c1=O,train,train,train,1,1,0.96428573,0.96428573,0.8103448
COc1ccccc1N1CCN(CCCN2CCCn3c2nc2c3c(=O)n(C)c(=O)n2C)CC1,train,train,train,2,2,0.9649123,0.9649123,0.9649123
Cn1c(=O)c2c(nc3n2CCCN3CCCN2CCN(c3cccc(Cl)c3)CC2)n(C)c1=O,train,train,test,1,1,0.96428573,0.96428573,0.96428573
Cn1c(=O)c2c(nc3n2CCCC(=O)N3CCCN2CCN(c3ncccn3)CC2)n(C)c1=O,test,test,test,1,1,0.8909091,0.8909091,0.8909091
Cn1c(=O)c2c(nc3n2CCC(=O)N3CCCN2CCN(c3ncccn3)CC2)n(C)c1=O,train,train,train,1,1,0.7118644,0.7118644,0.7118644
Cn1c(=O)c2c(nc3n2CCCN3CCCN2CCN(c3ncccn3)CC2)n(C)c1=O,train,train,train,1,1,0.75438595,0.75438595,0.7241379
Cn1c(=O)c2c(nc3n(CCCN4CCN(c5ccccc5)CC4)c(=O)ccn23)n(C)c1=O,train,train,train,1,1,0.8103448,0.8103448,0.8103448
Cn1c(=O)c2c(nc3n2CCCN3CCCCN2CCN(c3ccccc3)CC2)n(C)c1=O,train,train,train,1,1,0.9607843,0.9607843,0.9230769
Cn1c(=O)c2c(nc3n2CCCCN3CCCN2CCN(c3ccccc3)CC2)n(C)c1=O,train,train,train,1,1,0.9607843,0.9607843,0.9230769
Cn1c(=O)c2c(nc3n2CCCN3CCCN2CCN(c3ccccc3)CC2)n(C)c1=O,train,train,test,1,1,0.9607843,0.9607843,0.9607843
O=[N+]([O-])c1ccc(CCN2CCN(c3ccccc3)CC2)cc1[N+](=O)[O-],train,train,test,1,1,0.58536583,0.58536583,0.58536583
O=c1[nH]c2ccc(CCN3CCN(c4cccc(C(F)(F)F)c4)CC3)cc2[nH]c1=O,train,train,test,1,1,0.66101694,0.66101694,0.66101694
c1ccc2c(N3CCN(CCc4ccc5[nH]cnc5c4)CC3)cccc2c1,train,train,test,1,1,0.7169811,0.7169811,0.7169811
O=S(=O)(NCCCCN1CCN(c2cccc(Cl)c2Cl)CC1)c1cncc2ccccc12,train,train,train,1,1,0.703125,0.703125,0.703125
O=S(=O)(NCCCCN1CCN(c2cccc(Cl)c2Cl)CC1)c1cc2ccccc2cn1,train,train,train,1,1,0.71875,0.71875,0.71875
O=S(=O)(NCCCCN1CCN(c2cccc(Cl)c2Cl)CC1)c1cccc2cccnc12,train,train,train,1,1,0.7076923,0.7076923,0.7076923
O=S(=O)(NCCCCN1CCN(c2cccc(Cl)c2Cl)CC1)c1ccc2cccnc2c1,train,train,train,1,1,0.9649123,0.9649123,0.9649123
O=S(=O)(NCCCCN1CCN(c2cccc(Cl)c2Cl)CC1)c1ccc2ncccc2c1,train,train,test,1,1,0.9649123,0.9649123,0.9649123
O=S(=O)(NCCCCN1CCN(c2cccc(Cl)c2Cl)CC1)c1cnc2ccc(Cl)cc2c1,train,train,train,1,1,0.9655172,0.9655172,0.83870965
O=S(=O)(NCCCCN1CCN(c2cccc(Cl)c2Cl)CC1)c1cnc2ccccc2c1,train,train,train,1,1,0.83870965,0.83870965,0.83870965
O=S(=O)(NCCCN1CCN(c2cccc(Cl)c2Cl)CC1)c1ccc2cccnc2c1,train,train,train,1,1,0.9649123,0.9649123,0.9649123
O=S(=O)(NCCCN1CCN(c2cccc(Cl)c2Cl)CC1)c1ccc2ncccc2c1,train,train,train,1,1,0.9649123,0.9649123,0.86440676
O=S(=O)(NCCCN1CCN(c2cccc(Cl)c2Cl)CC1)c1cnc2ccc(Cl)cc2c1,train,train,test,1,1,0.9655172,0.9655172,0.9655172
COc1c(O)ccc2c1CN1CCc3cc4c(cc3[C@@H]1C2)OCCO4,train,train,train,2,2,0.88,0.88,0.88
COc1c(O)ccc2c1CN1CCc3cc4c(cc3[C@@H]1C2)OCO4,train,train,train,2,2,0.88,0.88,0.88
COc1cc2c(cc1OC)[C@@H]1Cc3ccc(O)c(OC)c3CN1CC2,train,train,train,2,2,0.7307692,0.7307692,0.7307692
Cc1cc(=O)oc2cc(OCCCN3CCN(c4ccccc4)CC3)ccc12,test,test,train,1,1,0.5522388,0.5522388,0.54285717
O=C(OCCN1CCCC1)N1c2ccccc2Sc2ccccc21,train,train,train,1,1,0.5510204,0.5510204,0.5510204
CCN(CC)CCCOC(=O)N1c2ccccc2Sc2ccccc21,train,train,train,2,2,0.5510204,0.5510204,0.5510204
CC(C(=O)N1c2ccccc2Sc2ccccc21)c1ccccc1,train,train,test,1,1,0.42857143,0.42857143,0.42857143
COc1cc(N)c(Cl)cc1C(=O)NC1CCN(CCCOc2ccc(F)cc2)CC1OC,test,test,train,0,0,0.3604651,0.3604651,0.39285713
COc1ccccc1N1CCN(CCCCn2ncc(=O)n(C)c2=O)CC1,test,test,train,2,2,0.9787234,0.9787234,0.9787234
Cn1c(=O)cnn(CCCCN2CCN(c3ccccc3OCCF)CC2)c1=O,train,train,test,1,1,0.9245283,0.9245283,0.76363635
COc1cc2nc(C3CC3)nc(N3CCN(c4ccccc4OC)CC3)c2cc1OC,train,train,train,2,2,0.40625,0.40625,0.46551725
CC(Oc1ccccc1OC1CC1)C1=NCCN1,train,train,train,0,0,0.6511628,0.6511628,0.6511628
CC(Oc1ccccc1Br)C1=NCCN1,train,train,train,2,2,0.6511628,0.6511628,0.6511628
c1ccc(OC2CC2)c(OCC2=NCCN2)c1,train,train,train,0,0,0.6511628,0.6511628,0.6666667
Brc1ccccc1OCC1=NCCN1,train,train,train,0,0,0.63414633,0.63414633,0.63414633
CCCc1ccccc1OCC1=NCCN1,train,train,test,2,2,0.6744186,0.6744186,0.65909094
c1ccc(C2CC2)c(OCC2=NCCN2)c1,test,test,train,0,0,0.6666667,0.6666667,0.6666667
c1ccc(OCC2=NCCN2)c(CC2CC2)c1,train,train,test,0,0,0.6744186,0.6744186,0.65909094
C=CCc1ccccc1OCC1=NCCN1,train,train,train,2,2,0.65909094,0.65909094,0.60465115
CCCc1ccccc1OC(C)C1=NCCN1,test,test,train,2,2,0.6363636,0.6363636,0.6363636
COc1ccc(-c2ccccc2N2CCN(CCOCCC(=O)NCc3ccncc3)CC2)cc1,train,train,train,1,1,0.84126985,0.84126985,0.84126985
COc1ccc(-c2ccccc2N2CCN(CCOCCC(=O)NCc3cccnc3)CC2)cc1,train,train,test,1,1,0.8484849,0.8484849,0.8484849
COc1ccc(-c2ccccc2N2CCN(CCOCCC(=O)NCc3ccccn3)CC2)cc1,train,train,train,1,1,0.84375,0.84375,0.7761194
COc1ccc(-c2ccccc2N2CCN(CCCCCC(=O)NCc3ccncc3)CC2)cc1,train,train,train,1,1,0.84126985,0.84126985,0.84126985
COc1ccc(-c2ccccc2N2CCN(CCCCCC(=O)NCc3cccnc3)CC2)cc1,train,train,train,1,1,0.8484849,0.8484849,0.828125
COc1ccc(-c2ccccc2N2CCN(CCCCCC(=O)NCc3ccccn3)CC2)cc1,train,train,test,1,1,0.84375,0.84375,0.84375
CN1C(=N)N/C(=C/c2c[nH]c3ccc(Br)cc23)C1=O,train,train,train,4,4,0.71428573,0.71428573,0.71428573
CN1C(=N)N/C(=C/c2c[nH]c3c(Br)cccc23)C1=O,train,train,test,4,4,0.68,0.68,0.68
C/N=C1\N(C)C(=O)/C(=C\c2c[nH]c3cccc(Br)c23)N1C,test,test,train,4,4,0.7291667,0.7291667,0.7291667
C/N=C1\NC(=O)/C(=C\c2c[nH]c3cccc(Br)c23)N1C,train,train,train,4,4,0.6296296,0.6296296,0.6730769
CN1C(=N)N/C(=C/c2c[nH]c3cccc(Br)c23)C1=O,train,train,train,4,4,0.68,0.68,0.67346936
CN1C(=N)NC(=O)/C1=C\c1c[nH]c2ccc(Br)cc12,train,train,train,4,4,0.72,0.72,0.72
O=C1NC(=S)N/C1=C\c1c[nH]c2ccc(Br)cc12,test,test,train,4,4,0.58,0.58,0.58
C/N=C1\NC(=O)/C(=C\c2c[nH]c3ccc(Br)cc23)N1C,train,train,train,4,4,0.72,0.72,0.72
C/N=C1\N(C)C(=O)/C(=C\c2c[nH]c3ccc(Br)cc23)N1C,train,train,train,4,4,0.7291667,0.7291667,0.7291667
CN1C(=N)N(C)/C(=C/c2c[nH]c3c(Br)cccc23)C1=O,train,train,train,4,4,0.67346936,0.67346936,0.6666667
CN1C(=N)N(C)/C(=C/c2c[nH]c3ccc(Br)cc23)C1=O,train,train,train,4,4,0.7291667,0.7291667,0.7291667
CN1C(=N)N(C)/C(=C/c2c[nH]c3cccc(Br)c23)C1=O,train,train,train,4,4,0.67346936,0.67346936,0.7291667
COc1ccc(CNC(=O)c2cc(-c3cc(Cl)cc(Cl)c3)cnc2-c2cccnc2)cc1OC,train,train,train,2,2,0.28125,0.28125,0.28125
CN1CCc2c(c3cccc4c3n2Cc2ccccc2C4)C1,train,train,test,1,1,0.33333334,0.33333334,0.33962265
COc1ccc(CNC(=O)CCCCCN2CCN(c3cccnc3-c3ccncc3)CC2)cc1,train,train,test,1,1,0.77272725,0.77272725,0.77272725
COc1ccc(CNC(=O)CCCCCN2CCN(c3ncccc3-c3ccncc3)CC2)cc1,train,train,train,1,1,0.77272725,0.77272725,0.74242425
O=C(CCCCCN1CCN(c2cccnc2-c2ccncc2)CC1)NCc1ccc(F)nc1,train,train,train,1,1,0.77272725,0.77272725,0.77272725
O=C(CCCCCN1CCN(c2ncccc2-c2ccncc2)CC1)NCc1ccc(F)nc1,train,train,train,1,1,0.77272725,0.77272725,0.77272725
COc1ccc(CNC(=O)CCOCCN2CCN(c3ccccc3-c3ccc(F)cc3)CC2)cc1,test,test,train,1,1,0.8153846,0.8153846,0.8153846
COc1ccc(CNC(=O)CCOCCN2CCN(c3cccc(-c4ccccc4OC)c3)CC2)cc1,test,test,train,1,1,0.7777778,0.7777778,0.7777778
COc1ccc(CNC(=O)CCOCCN2CCN(c3ccccc3-c3ccccc3C)CC2)cc1,train,train,train,1,1,0.74242425,0.74242425,0.7692308
O=C(CCOCCN1CCN(c2ccccc2-c2ccc(F)cc2)CC1)NCc1ccc(F)nc1,train,train,train,1,1,0.8507463,0.8507463,0.8507463
COc1ccccc1-c1cccc(N2CCN(CCOCCC(=O)NCc3ccc(F)nc3)CC2)c1,train,train,train,1,1,0.67948717,0.67948717,0.7777778
Cc1ccccc1-c1ccccc1N1CCN(CCOCCC(=O)NCc2ccc(F)nc2)CC1,train,train,train,1,1,0.7910448,0.7910448,0.7910448
COc1ccc(-c2ccccc2N2CCN(CCOCCC(=O)NCc3ccc(F)nc3)CC2)cc1,train,train,train,1,1,0.85294116,0.85294116,0.85294116
COc1ccc(-c2ccccc2N2CCN(CCCCCC(=O)NCc3ccc(F)nc3)CC2)cc1,train,train,train,1,1,0.85294116,0.85294116,0.85294116
COc1ccccc1N1CCN(Cc2ccn(-c3ccccc3C)c2)CC1,test,test,test,2,2,0.54545456,0.54545456,0.54545456
CN1CCC2C(C1)c1cccc3c1N2c1ccccc1CS3,train,train,test,0,0,0.29333332,0.29333332,0.29333332
O=C1CC(CN2CCC(c3noc4cc(F)ccc34)CC2)Cc2[nH]ncc21,train,train,train,0,0,0.41860464,0.41860464,0.42857143
Cc1nc2c(o1)CC(CN1CCC(c3c[nH]c4cc(F)ccc34)CC1)CC2=O,train,train,train,0,0,0.6,0.6,0.6
O=C1CC(CN2CCC(c3c[nH]c4cc(F)ccc34)CC2)Cc2nc(N3CCCC3)sc21,train,train,train,4,4,0.6,0.6,0.6
CN1C(=O)N(CC(O)CN2CCN(c3ccccc3)CC2)C(c2ccccc2)(c2ccccc2)C1=O,train,train,test,1,1,0.55,0.55,0.55
COc1ccccc1N1CCN(CCCN2C(=O)N(C)C(=O)C2(c2ccccc2)c2ccccc2)CC1,train,train,train,2,2,0.9591837,0.9591837,0.9591837
COc1ccccc1N1CCN(CCCCN2C(=O)N(C)C(=O)C2(c2ccccc2)c2ccccc2)CC1,train,train,train,2,2,0.9591837,0.9591837,0.9591837
CCOc1ccccc1N1CCN(CCCN2C(=O)N(C)C(=O)C2(c2ccccc2)c2ccccc2)CC1,train,train,test,2,2,0.8148148,0.8148148,0.8148148
CSc1ccccc1N1CCN(CCCCC(=O)N2CCC[C@H]2C(N)=O)CC1,test,test,train,1,1,0.76363635,0.76363635,0.9807692
CSc1ccccc1N1CCN(CCCCCC(=O)N2CCC[C@H]2C(N)=O)CC1,test,test,test,1,1,0.7758621,0.7758621,1.0
CSc1ccccc1N1CCN(CCCCCCC(=O)N2CCC[C@H]2C(N)=O)CC1,test,test,train,1,1,0.7758621,0.7758621,0.9807692
CSc1ccccc1N1CCN(Cc2ccc(C(=O)N3CCC[C@H]3C(N)=O)cc2)CC1,test,test,train,1,1,0.7419355,0.7419355,0.7419355
COc1ccccc1N1CCN(CCCCC(=O)N2CCC[C@H]2C(N)=O)CC1,train,train,train,2,2,0.98039216,0.98039216,0.98039216
COc1ccccc1N1CCN(CCCCCC(=O)N2CCC[C@H]2C(N)=O)CC1,train,train,train,2,2,0.98039216,0.98039216,0.98039216
COc1ccccc1N1CCN(Cc2ccc(C(=O)N3CCC[C@H]3C(N)=O)cc2)CC1,test,test,train,2,2,0.7419355,0.7419355,0.7419355
NC(=O)[C@@H]1CCCN1C(=O)CCCCN1CCN(c2ccccc2O)CC1,train,train,train,1,1,0.7924528,0.7924528,0.8076923
NC(=O)[C@@H]1CCCN1C(=O)CCCCCN1CCN(c2ccccc2Cl)CC1,test,test,train,1,1,0.8679245,0.8679245,0.8679245
NC(=O)[C@@H]1CCCN1C(=O)CCCCCN1CCN(c2ccccc2F)CC1,train,train,test,1,1,0.7924528,0.7924528,0.7962963
NC(=O)[C@@H]1CCCN1C(=O)CCCCCN1CCN(c2cccc(Cl)c2)CC1,train,train,train,1,1,0.7118644,0.7118644,0.71929824
NC(=O)[C@@H]1CCCN1C(=O)CCCCCN1CCN(c2ccc(F)cc2)CC1,train,train,test,1,1,0.71428573,0.71428573,0.7017544
NC(=O)[C@@H]1CCCN1C(=O)CCCCN1CCN(c2cccc(Cl)c2Cl)CC1,train,train,train,1,1,0.98039216,0.98039216,0.98039216
NC(=O)[C@@H]1CCCN1C(=O)CCCCCN1CCN(c2cccc(Cl)c2Cl)CC1,train,train,train,1,1,0.98039216,0.98039216,0.98039216
NC(=O)[C@@H]1CCCN1C(=O)CCCCN1CCN(c2noc3ccccc23)CC1,train,train,train,1,1,0.9818182,0.9818182,0.9818182
NC(=O)[C@@H]1CCCN1C(=O)CCCCCN1CCN(c2noc3ccccc23)CC1,test,test,train,1,1,1.0,1.0,1.0
NC(=O)[C@@H]1CCCN1C(=O)CCCCCCN1CCN(c2noc3ccccc23)CC1,train,train,train,1,1,0.9818182,0.9818182,1.0
CSc1ccccc1N1CCN(CCCCC(=O)N2Cc3ccccc3C[C@H]2C(N)=O)CC1,train,train,test,1,1,0.9814815,0.9814815,0.9814815
CSc1ccccc1N1CCN(CCCCCCC(=O)N2Cc3ccccc3C[C@H]2C(N)=O)CC1,train,train,train,1,1,0.9814815,0.9814815,0.78333336
CSc1ccccc1N1CCN(Cc2ccc(C(=O)N3Cc4ccccc4C[C@H]3C(N)=O)cc2)CC1,train,train,train,1,1,0.74603176,0.74603176,0.74603176
COc1ccccc1N1CCN(CCCCC(=O)N2Cc3ccccc3C[C@H]2C(N)=O)CC1,train,train,train,2,2,0.9811321,0.9811321,0.9811321
COc1ccccc1N1CCN(CCCCCC(=O)N2Cc3ccccc3C[C@H]2C(N)=O)CC1,train,train,train,2,2,0.9811321,0.9811321,0.9811321
COc1ccccc1N1CCN(Cc2ccc(C(=O)N3Cc4ccccc4C[C@H]3C(N)=O)cc2)CC1,train,train,train,2,2,0.74603176,0.74603176,0.74603176
NC(=O)[C@@H]1Cc2ccccc2CN1C(=O)CCCCCN1CCN(c2ccccc2O)CC1,train,train,train,1,1,0.8333333,0.8333333,0.8333333
NC(=O)[C@@H]1Cc2ccccc2CN1C(=O)CCCCCN1CCN(c2ccccc2Cl)CC1,train,train,train,1,1,0.8909091,0.8909091,0.8909091
NC(=O)[C@@H]1Cc2ccccc2CN1C(=O)CCCCCN1CCN(c2cccc(Cl)c2)CC1,train,train,train,1,1,0.8103448,0.8103448,0.8103448
NC(=O)[C@@H]1Cc2ccccc2CN1C(=O)CCCCN1CCN(c2ccc(Cl)cc2)CC1,train,train,train,1,1,0.8214286,0.8214286,0.8103448
NC(=O)[C@@H]1Cc2ccccc2CN1C(=O)CCCCN1CCN(c2ccc(F)cc2)CC1,train,train,test,1,1,0.9807692,0.9807692,0.9807692
NC(=O)[C@@H]1Cc2ccccc2CN1C(=O)CCCCCN1CCN(c2ccc(F)cc2)CC1,train,train,train,1,1,0.9807692,0.9807692,0.80701756
NC(=O)[C@@H]1Cc2ccccc2CN1C(=O)CCCCCN1CCN(c2cccc(Cl)c2Cl)CC1,train,train,train,1,1,0.8909091,0.8909091,0.8909091
NC(=O)[C@@H]1Cc2ccccc2CN1C(=O)c1ccc(CN2CCN(c3cccc(Cl)c3Cl)CC2)cc1,train,train,train,1,1,0.73015875,0.73015875,0.73015875
NC(=O)[C@@H]1Cc2ccccc2CN1C(=O)CCCCN1CCN(c2noc3ccccc23)CC1,test,test,train,1,1,0.98275864,0.98275864,0.98275864
NC(=O)[C@@H]1Cc2ccccc2CN1C(=O)CCCCCN1CCN(c2noc3ccccc23)CC1,test,test,test,1,1,1.0,1.0,1.0
NC(=O)[C@@H]1Cc2ccccc2CN1C(=O)CCCCCCN1CCN(c2noc3ccccc23)CC1,train,train,train,1,1,0.73846155,0.73846155,0.98275864
CSc1ccccc1N1CCN(CCCCCC(=O)NC2CCCc3ccccc32)CC1,train,train,test,1,1,0.78688526,0.78688526,0.7903226
CN1CCN2c3c(cccc31)[C@@H]1CN(CCCc3noc4cc(F)ccc34)CC[C@@H]12,train,train,train,0,0,0.44444445,0.44444445,0.44444445
O=C(CCCN1CC[C@H]2[C@@H](C1)c1cccc3c1N2CCC3)c1ccc(F)cc1,train,train,train,0,0,0.71875,0.71875,0.71875
O=C(CCCN1CC[C@H]2[C@@H](C1)c1cccc3c1N2CCO3)c1ccc(F)cc1,train,train,train,0,0,0.71875,0.71875,0.71875
O=C(NCCN1CCN(c2ccccc2)CC1)c1cnc2ccccc2n1,train,train,train,1,1,0.84,0.84,0.84
O=C(NCCN1CC=C(c2ccccc2)CC1)c1cnc2ccccc2n1,test,test,train,1,1,0.88235295,0.88235295,0.88235295
O=C(NCCN1CCN(c2ccc(F)cc2)CC1)c1cnc2ccccc2n1,test,test,train,1,1,0.84615386,0.84615386,0.84615386
O=C(NCCN1CC=C(c2ccc(F)cc2)CC1)c1cnc2ccccc2n1,train,train,train,1,1,0.8888889,0.8888889,0.8888889
O=C(NCCN1CCN(c2ccc(Cl)cc2)CC1)c1cnc2ccccc2n1,test,test,train,1,1,0.84,0.84,0.84
O=C(NCCN1CC=C(c2ccc(Cl)cc2)CC1)c1cnc2ccccc2n1,train,train,train,1,1,0.8518519,0.8518519,0.8518519
Cc1ccc(N2CCN(CCNC(=O)c3cnc4ccccc4n3)CC2)cc1,train,train,train,1,1,0.84,0.84,0.84
Cc1ccc(C2=CCN(CCNC(=O)c3cnc4ccccc4n3)CC2)cc1,train,train,train,1,1,0.8518519,0.8518519,0.88235295
O=C(NCCN1CCN(c2cc(F)cc(F)c2)CC1)c1cnc2ccccc2n1,train,train,train,1,1,0.8039216,0.8039216,0.84615386
O=C(NCCN1CC=C(c2cc(F)cc(F)c2)CC1)c1cnc2ccccc2n1,train,train,train,1,1,0.8888889,0.8888889,0.8888889
Cc1cc(C)cc(N2CCN(CCNC(=O)c3cnc4ccccc4n3)CC2)c1,test,test,test,1,1,0.8301887,0.8301887,0.8301887
Cc1cc(C)cc(C2=CCN(CCNC(=O)c3cnc4ccccc4n3)CC2)c1,test,test,test,1,1,0.8703704,0.8703704,0.8703704
O=C(NCCN1CCN(c2ccccc2)CC1)c1ccc2ccccc2c1,train,train,train,1,1,0.82608694,0.82608694,0.82608694
O=C(NCCN1CC=C(c2ccccc2)CC1)c1ccc2ccccc2c1,train,train,train,1,1,0.8367347,0.8367347,0.87234044
O=C(NCCN1CCN(c2ccc(F)cc2)CC1)c1ccc2ccccc2c1,train,train,train,1,1,0.85106385,0.85106385,0.82608694
O=C(NCCN1CC=C(c2ccc(F)cc2)CC1)c1ccc2ccccc2c1,train,train,test,1,1,0.8367347,0.8367347,0.8979592
O=C(NCCN1CCN(c2ccc(Cl)cc2)CC1)c1ccc2ccccc2c1,train,train,train,1,1,0.82608694,0.82608694,0.82608694
O=C(NCCN1CC=C(c2ccc(Cl)cc2)CC1)c1ccc2ccccc2c1,train,train,train,1,1,0.8367347,0.8367347,0.84
Cc1ccc(N2CCN(CCNC(=O)c3ccc4ccccc4c3)CC2)cc1,train,train,train,1,1,0.8333333,0.8333333,0.8333333
Cc1ccc(C2=CCN(CCNC(=O)c3ccc4ccccc4c3)CC2)cc1,test,test,train,1,1,0.877551,0.877551,0.877551
O=C(NCCN1CCN(c2cc(F)cc(F)c2)CC1)c1ccc2ccccc2c1,train,train,test,1,1,0.85106385,0.85106385,0.85106385
O=C(NCCN1CC=C(c2cc(F)cc(F)c2)CC1)c1ccc2ccccc2c1,test,test,train,1,1,0.8979592,0.8979592,0.8541667
Cc1cc(C)cc(N2CCN(CCNC(=O)c3ccc4ccccc4c3)CC2)c1,train,train,train,1,1,0.8333333,0.8333333,0.8333333
Cc1cc(C)cc(C2=CCN(CCNC(=O)c3ccc4ccccc4c3)CC2)c1,train,train,train,1,1,0.8367347,0.8367347,0.877551
O=C1c2ccccc2C(=O)N1CCN1CC=C(c2ccccc2)CC1,train,train,train,1,1,0.825,0.825,0.825
O=C1c2ccccc2C(=O)N1CCN1CC=C(c2ccc(Cl)cc2)CC1,train,train,train,1,1,0.825,0.825,0.825
O=C1c2ccccc2C(=O)N1CCN1CC=C(c2cc(F)cc(F)c2)CC1,train,train,test,0,0,0.80487806,0.80487806,0.80487806
Cc1cc(C)cc(N2CCN(CCN3C(=O)c4ccccc4C3=O)CC2)c1,train,train,train,1,1,0.4814815,0.4814815,0.5833333
Cc1cc(C)cc(C2=CCN(CCN3C(=O)c4ccccc4C3=O)CC2)c1,test,test,train,1,1,0.79545456,0.79545456,0.78571427
c1cnc(N2CCN(CCCc3nc4ccccc4s3)CC2)nc1,train,train,test,1,1,0.9302326,0.9302326,0.9302326
O=S(=O)(NCCCCN1CCC(c2noc3cc(F)ccc23)CC1)c1cc2ccccc2s1,test,test,train,0,0,0.4883721,0.4883721,0.4883721
COc1ccccc1N1CCN(CCCCNC(=O)c2ccc(N(C)C)cc2)CC1,train,train,train,2,2,0.7962963,0.7962963,0.7962963
COc1ccccc1N1CCN(CCCCNC(=O)c2ccc(CCF)cc2)CC1,test,test,train,2,2,0.8,0.8,0.8
COc1ccccc1N1CCN(CCCCc2cn(-c3cccc4cnccc34)nn2)CC1,train,train,test,2,2,0.98275864,0.98275864,0.98275864
COc1ccccc1N1CCN(CCCCCc2cn(-c3cccc4cnccc34)nn2)CC1,train,train,train,2,2,0.98275864,0.98275864,0.63235295
COc1ccccc1N1CCN(CCCc2cn(-c3ccc(-c4ccsc4)cc3)nn2)CC1,train,train,test,2,2,0.9491525,0.9491525,0.9491525
COc1ccccc1N1CCN(CCCCc2cn(-c3ccc(-c4ccsc4)cc3)nn2)CC1,train,train,train,2,2,0.9491525,0.9491525,0.9830508
COc1ccccc1N1CCN(CCCCCc2cn(-c3ccc(-c4ccsc4)cc3)nn2)CC1,test,test,train,2,2,0.9830508,0.9830508,0.9830508
COc1ccccc1N1CCN(CCCCc2cn(-c3ccc(N(C)C)cc3)nn2)CC1,test,test,train,2,2,0.79310346,0.79310346,0.79310346
COc1ccccc1N1CCN(CCCCc2cn(-c3ccc(SC)cc3)nn2)CC1,train,train,train,2,2,0.9811321,0.9811321,0.9811321
COc1ccccc1N1CCN(CCCCCc2cn(-c3ccc(SC)cc3)nn2)CC1,train,train,train,2,2,0.9811321,0.9811321,0.9811321
O=C1Cc2ccccc2N1CCCCCN1CC[C@H]2CCCC[C@@H]2C1,train,train,train,1,1,0.9767442,0.9767442,0.9767442
O=C1Cc2ccccc2N1CCCCN1CC[C@H]2CCCC[C@@H]2C1,train,train,train,1,1,0.9767442,0.9767442,0.9767442
O=C1Cc2ccccc2N1CCCCCCN1CCc2ccccc2C1,test,test,train,1,1,1.0,1.0,0.972973
O=C1Cc2ccccc2N1CCCCCN1CCc2ccccc2C1,train,train,test,1,1,0.6304348,0.6304348,1.0
OC1(c2ccc(Cl)cc2)CC2CCC(C1)N2CCCSc1ccc(F)cc1,train,train,test,0,0,0.7169811,0.7169811,0.7735849
OC1(c2ccc(Cl)cc2)CC2CCC(C1)N2CCCSc1cccc(F)c1,test,test,train,0,0,0.7735849,0.7735849,0.47761193
OC1(c2ccc(Cl)cc2)CC2CCC(C1)N2CCCSc1ccccc1F,train,train,test,0,0,0.7169811,0.7169811,0.6964286
COc1ccccc1N1CCN(CC2COC3(CCCCC3)O2)CC1,train,train,train,2,2,0.8235294,0.8235294,0.8269231
COc1ccccc1N1CCN(CC2COC3(CCSCC3)O2)CC1,test,test,train,2,2,0.8076923,0.8076923,0.8076923
COc1ccccc1N1CCN(CC2COC3(CCOCC3)O2)CC1,train,train,train,2,2,0.8235294,0.8235294,0.8235294
COc1ccccc1N1CCN(CC2COC3(CCN(Cc4ccccc4)CC3)O2)CC1,train,train,test,2,2,0.78571427,0.78571427,0.78571427
COc1ccccc1N1CCN(CC2COC3(CC[S+](O)CC3)O2)CC1,test,test,train,2,2,0.7777778,0.7777778,0.7777778
COc1ccccc1N1CCN(CC2COC3(CCS(=O)(=O)CC3)O2)CC1,test,test,train,2,2,0.8269231,0.8269231,0.8269231
COc1ccccc1N1CCN(CC2COC3(CCNCC3)O2)CC1,train,train,train,2,2,0.8076923,0.8076923,0.8076923
COc1ccccc1N1CCN(CC2COC3(CCN(c4ccccc4)CC3)O2)CC1,train,train,train,2,2,0.8113208,0.8113208,0.8113208
COc1ccccc1N1CCN(CC2COC3(CCN(c4ccccn4)CC3)O2)CC1,train,train,train,2,2,0.7457627,0.7457627,0.7457627
COc1ccccc1N1CCN(CC2COC3(CCN(C(=O)c4ccccc4)CC3)O2)CC1,train,train,train,2,2,0.84210527,0.84210527,0.828125
COc1ccccc1N1CCN(CC2COC3(CCN(C(=O)c4ccc(C(F)(F)F)cc4)CC3)O2)CC1,test,test,train,2,2,0.828125,0.828125,0.828125
COc1ccccc1N1CCN(CC2COC3(CCN(C(=O)c4ccco4)CC3)O2)CC1,train,train,train,2,2,0.78688526,0.78688526,0.78125
COc1ccccc1N1CCN(CC2COC3(CCN(C(=O)C4CCCCC4)CC3)O2)CC1,test,test,train,2,2,0.8,0.8,0.7647059
COc1ccccc1N1CCN(CC2COC3(CCN(C(=O)C4CCCN4)CC3)O2)CC1,train,train,train,2,2,0.75,0.75,0.7647059
COc1ccccc1N1CCN(CC2COC3(CCN(C(C)=O)CC3)O2)CC1,train,train,test,2,2,0.84210527,0.84210527,0.84210527
COc1ccccc1N1CCN(CC2COC3(CCN(C(=O)C(F)(F)F)CC3)O2)CC1,train,train,train,2,2,0.82758623,0.82758623,0.7619048
COc1ccccc1N1CCN(CC2COC3(CCN(S(=O)(=O)c4ccccc4)CC3)O2)CC1,test,test,test,2,2,0.8833333,0.8833333,0.8833333
COc1ccccc1N1CCN(CC2COC3(CCN(S(=O)(=O)c4ccc(C)cc4)CC3)O2)CC1,train,train,train,2,2,0.87096775,0.87096775,0.8181818
COc1ccccc1N1CCN(CC2COC3(CCN(S(=O)(=O)c4ccc(Cl)cc4)CC3)O2)CC1,train,train,test,2,2,0.87096775,0.87096775,0.87096775
COc1ccccc1N1CCN(CC2COC3(CCN(S(=O)(=O)c4ccc(OC(F)(F)F)cc4)CC3)O2)CC1,train,train,train,2,2,0.7941176,0.7941176,0.7941176
COc1ccccc1N1CCN(CC2COC3(CCN(S(=O)(=O)c4ccc([N+](=O)[O-])cc4)CC3)O2)CC1,train,train,train,2,2,0.85507244,0.85507244,0.85507244
COc1ccccc1N1CCN(CC2COC3(CCN(S(=O)(=O)c4cccc([N+](=O)[O-])c4)CC3)O2)CC1,train,train,train,2,2,0.85507244,0.85507244,0.85507244
COc1ccccc1N1CCN(CC2COC3(CCN(S(=O)(=O)c4cccs4)CC3)O2)CC1,train,train,train,2,2,0.7619048,0.7619048,0.7619048
COc1ccccc1N1CCN(CC2COC3(CCN(S(C)(=O)=O)CC3)O2)CC1,train,train,train,2,2,0.7741935,0.7741935,0.7741935
COc1ccccc1N1CCN(CC2COC3(CCN(C(=O)Nc4ccccc4)CC3)O2)CC1,train,train,train,2,2,0.8,0.8,0.7846154
CCCCNC(=O)N1CCC2(CC1)OCC(CN1CCN(c3ccccc3OC)CC1)O2,test,test,train,2,2,0.7619048,0.7619048,0.75
COc1ccccc1N1CCN(CC2COC3(CCN(C(=O)NC(C)(C)C)CC3)O2)CC1,train,train,train,2,2,0.8,0.8,0.7846154
CCc1cc2c(s1)C[C@H]1c3cc(O)c(OC)cc3CCN1C2,test,test,train,2,2,0.8113208,0.8113208,0.8113208
CCCCc1cc2c(s1)C[C@H]1c3cc(O)c(OC)cc3CCN1C2,train,train,train,2,2,0.8363636,0.8363636,0.8363636
COc1cc2c(cc1O)[C@@H]1Cc3sc(CC4CCC4)cc3CN1CC2,train,train,train,2,2,0.9230769,0.9230769,0.76363635
COc1cc2c(cc1O)[C@@H]1Cc3sc(CC4CC4)cc3CN1CC2,train,train,test,2,2,0.9230769,0.9230769,0.9230769
COc1cc2c(cc1O)[C@@H]1Cc3sc(CCCl)cc3CN1CC2,train,train,train,2,2,0.8867925,0.8867925,0.8867925
COc1cc2c(cc1O)[C@@H]1Cc3sc(CCCCl)cc3CN1CC2,train,train,train,2,2,0.9433962,0.9433962,0.9433962
COc1cc2c(cc1O)[C@@H]1Cc3sc(CC(C)Cl)cc3CN1CC2,train,train,train,2,2,0.75438595,0.75438595,0.76363635
COc1cc2c(cc1O)[C@@H]1Cc3sc(CCCCCl)cc3CN1CC2,train,train,train,2,2,0.9433962,0.9433962,0.9433962
O=C(NCCCCN1CCN(c2ccccc2)CC1)c1cc2ccccc2o1,train,train,train,1,1,0.8148148,0.8148148,0.8148148
Cc1cccc(N2CCN(CCCCNC(=O)c3cc4ccccc4o3)CC2)c1C,train,train,train,1,1,0.7586207,0.7586207,0.7586207
COc1cccc(N2CCN(CCCCNC(=O)c3cc4ccccc4o3)CC2)c1,train,train,train,1,1,0.7966102,0.7966102,0.7966102
Cc1cccc(N2CCN(CCCCNC(=O)c3cc4ccccc4o3)CC2)n1,train,train,train,1,1,0.72131145,0.72131145,0.72131145
O=C(NCCCCN1CCN(c2ccccc2F)CC1)c1cc2ccccc2o1,train,train,train,1,1,0.7592593,0.7592593,0.7592593
O=C(NCCCCN1CCN(c2cccc(C(F)(F)F)c2)CC1)c1cc2ccccc2[nH]1,train,train,train,1,1,0.67741936,0.67741936,0.67741936
COc1cccc(N2CCN(CCCCNC(=O)c3c[nH]c4ccccc34)CC2)c1,test,test,train,1,1,0.6825397,0.6825397,0.6825397
COc1cccc(N2CCN(CCCCNC(=O)c3cc4ccccc4n3C)CC2)c1,train,train,train,1,1,0.7096774,0.7096774,0.7096774
Cc1cccc(N2CCN(CCCCNC(=O)c3cc4ccccc4o3)CC2)c1,train,train,train,1,1,0.8148148,0.8148148,0.8148148
O=C(NCCCCN1CCN(c2ccccc2)CC1)c1cc2ccccc2cn1,train,train,train,1,1,0.84615386,0.84615386,0.8148148
Cc1cccc(N2CCN(CCCCNC(=O)c3cc4ccccc4cn3)CC2)c1,train,train,train,1,1,0.8148148,0.8148148,0.8148148
COc1cccc(N2CCN(CCCCNC(=O)c3cc4ccccc4cn3)CC2)c1,train,train,train,1,1,0.8103448,0.8103448,0.8103448
O=C(NCCCCN1CCN(c2ccccn2)CC1)c1cc2ccccc2cn1,train,train,train,1,1,0.8113208,0.8113208,0.8113208
c1ccc2c(NCCNc3ccnc4ccccc34)ccnc2c1,train,train,train,3,3,0.82758623,0.82758623,0.82758623
Cc1ccc2nccc(NCCNc3ccnc4ccc(C)cc34)c2c1,test,test,test,3,3,0.8484849,0.8484849,0.75757575
Cc1ccc2c(NCCNc3ccnc4cc(C)ccc34)ccnc2c1,train,train,train,3,3,0.8484849,0.8484849,0.8484849
COc1ccc2c(NCCNc3ccnc4cc(OC)ccc34)ccnc2c1,train,train,train,2,2,0.8857143,0.8857143,0.8857143
Cc1cccc2c(NCCNc3ccnc4c(C)cccc34)ccnc12,train,train,train,3,3,0.6060606,0.6060606,0.6388889
COc1cccc2c(NCCNc3ccnc4c(OC)cccc34)ccnc12,test,test,train,2,2,0.85714287,0.85714287,0.85714287
c1ccc2c(NCCCCCCCNc3ccnc4ccccc34)ccnc2c1,train,train,train,3,3,0.82758623,0.82758623,0.82758623
Cc1ccc2nccc(NCCCCCCCNc3ccnc4ccc(C)cc34)c2c1,train,train,test,3,3,0.7777778,0.7777778,0.7777778
COc1ccc2nccc(NCCCCCCCNc3ccnc4ccc(OC)cc34)c2c1,train,train,train,2,2,0.7894737,0.7894737,0.7894737
Cc1ccc2c(NCCCCCCCNc3ccnc4cc(C)ccc34)ccnc2c1,train,train,train,3,3,0.8484849,0.8484849,0.8484849
COc1ccc2c(NCCCCCCCNc3ccnc4cc(OC)ccc34)ccnc2c1,train,train,train,2,2,0.8857143,0.8857143,0.8857143
COc1cccc2c(NCCCCCCCNc3ccnc4c(OC)cccc34)ccnc12,train,train,train,2,2,0.55,0.55,0.85714287
Cc1cccc(N2CCN(CCCCNC(=O)c3cc4ccccc4cn3)CC2)n1,train,train,train,1,1,0.7719298,0.7719298,0.7719298
O=C(NCCCCN1CCN(c2ncccn2)CC1)c1cc2ccccc2cn1,train,train,train,1,1,0.8113208,0.8113208,0.8113208
O=C(NCCCCN1CCN(c2cccc(F)c2)CC1)c1cc2ccccc2cn1,test,test,train,1,1,0.8214286,0.8214286,0.8148148
O=C(NCCCCN1CCN(c2ccc(F)cc2)CC1)c1cc2ccccc2cn1,train,train,test,1,1,0.84615386,0.84615386,0.84615386
O=C(NCCCCN1CCN(c2ccccc2)CC1)c1ccc2ccccc2n1,train,train,train,1,1,0.7962963,0.7962963,0.7962963
Cc1cccc(N2CCN(CCCCNC(=O)c3ccc4ccccc4n3)CC2)c1,train,train,train,1,1,0.7966102,0.7966102,0.7966102
COc1cccc(N2CCN(CCCCNC(=O)c3ccc4ccccc4n3)CC2)c1,train,train,train,1,1,0.7966102,0.7966102,0.7966102
O=C(NCCCCN1CCN(c2ccccn2)CC1)c1ccc2ccccc2n1,train,train,train,1,1,0.7407407,0.7407407,0.7407407
O=C(NCCCCN1CCN(c2ccccc2)CC1)c1ccc2ncccc2c1,train,train,train,1,1,0.6909091,0.6909091,0.6545454
Cc1cccc(N2CCN(CCCCNC(=O)c3ccccc3)CC2)n1,train,train,test,1,1,0.7407407,0.7407407,0.754717
COc1cccc(N2CCN(CCCCNC(=O)c3ccccc3)CC2)n1,test,test,train,1,1,0.754717,0.754717,0.75438595
O=C(NCCCCN1CCN(c2cccc3ccccc23)CC1)c1ccccc1,train,train,train,1,1,0.6851852,0.6851852,0.75
O=C(NCCCCN1CCN(c2ccccc2)CC1)c1ccccn1,train,train,train,1,1,0.754717,0.754717,0.754717
COc1cccc(N2CCN(CCCCNC(=O)c3ccccn3)CC2)c1,train,train,train,1,1,0.7627119,0.7627119,0.7627119
Cc1cccc(N2CCN(CCCCNC(=O)c3ccccn3)CC2)n1,train,train,train,1,1,0.7719298,0.7719298,0.7719298
COc1cccc(N2CCN(CCCCNC(=O)c3ccccn3)CC2)n1,train,train,train,1,1,0.7719298,0.7719298,0.7719298
COc1cccc(N2CCN(CCCCNC(=O)c3cccc(C)n3)CC2)c1,train,train,train,1,1,0.779661,0.779661,0.779661
O=C(NCCCCN1CCN(c2ccccc2)CC1)c1cccnc1,train,train,test,1,1,0.6909091,0.6909091,0.6909091
COc1ccccc1N1CCN(CCCCC(=O)NCc2ccccc2-c2ccccc2Cl)CC1,test,test,train,2,2,0.68333334,0.68333334,0.9818182
COc1ccccc1N1CCN(CCCCCC(=O)NCc2ccccc2-c2ccccc2Cl)CC1,test,test,train,2,2,0.7,0.7,0.9818182
COc1ccc2cccc(N3CCN(CCCn4ncc(=O)n(C)c4=O)CC3)c2c1,train,train,train,1,1,0.962963,0.962963,0.962963
COc1ccc2cccc(N3CCN(CCCCCn4ncc(=O)n(C)c4=O)CC3)c2c1,train,train,test,1,1,0.9814815,0.9814815,0.9814815
CCOc1ccc2cccc(N3CCN(CCCCn4ncc(=O)n(C)c4=O)CC3)c2c1,test,test,train,1,1,0.8305085,0.8305085,0.8305085
Cn1c(=O)cnn(CCCCN2CCN(c3cccc4ccc(O)cc34)CC2)c1=O,train,train,test,1,1,0.7627119,0.7627119,0.7627119
COc1ccccc1N1CCN(CCCCCn2ncc(=O)n(C)c2=O)CC1,train,train,train,2,2,0.9375,0.9375,0.9787234
Cn1c(=O)cnn(CCCN2CCN(c3ccccc3F)CC2)c1=O,train,train,train,1,1,0.95555556,0.95555556,0.74
Cn1c(=O)cnn(CCCN2CCN(c3ccccc3)CC2)c1=O,train,train,train,1,1,0.9512195,0.9512195,0.9512195
COc1ccccc1N1CCN(CCCn2ncc(=O)n(C)c2=O)CC1,train,train,train,2,2,0.9375,0.9375,0.9574468
COc1ccccc1N1CCN(CCn2ncc(=O)n(C)c2=O)CC1,train,train,test,2,2,0.875,0.875,0.875
Cn1c(=O)cnn(CCCCN2CCN(c3cccc(Br)n3)CC2)c1=O,test,test,train,1,1,0.7692308,0.7692308,0.7692308
Cn1c(=O)cnn(CCCCN2CCN(c3cccc(F)n3)CC2)c1=O,train,train,train,1,1,0.7692308,0.7692308,0.7692308
Cn1c(=O)cnn(CCCCN2CCN(c3ccccc3S)CC2)c1=O,train,train,train,1,1,0.7647059,0.7647059,0.7755102
Cn1c(=O)cnn(CCCCN2CCN(c3ncccn3)CC2)c1=O,test,test,train,1,1,0.75,0.75,0.75
Cn1c(=O)cnn(CCCCN2CCN(c3ncccc3F)CC2)c1=O,train,train,train,1,1,0.7307692,0.7307692,0.72
Cn1c(=O)cnn(CCCCN2CCN(c3ccc(F)cn3)CC2)c1=O,train,train,train,1,1,0.71153843,0.71153843,0.71153843
Cn1c(=O)cnn(CCCCN2CCN(c3ccccn3)CC2)c1=O,train,train,train,1,1,0.71428573,0.71428573,0.75
Cn1c(=O)cnn(CCCCN2CCN(c3ccccc3F)CC2)c1=O,train,train,test,1,1,0.95555556,0.95555556,0.95555556
Cn1c(=O)cnn(CCCCN2CCN(c3cccc(O)c3)CC2)c1=O,train,train,train,1,1,0.7916667,0.7916667,0.7916667
Cn1c(=O)cnn(CCCCN2CCN(c3ccccc3O)CC2)c1=O,test,test,train,1,1,0.7755102,0.7755102,0.7755102
Cn1c(=O)cnn(CCCCN2CCN(c3c(Br)cccc3C#N)CC2)c1=O,test,test,train,1,1,0.8035714,0.8035714,0.8035714
COc1ccc(N2CCN(CCCCn3ncc(=O)n(C)c3=O)CC2)c(C#N)c1,train,train,train,1,1,0.71929824,0.71929824,0.7719298
Cn1c(=O)cnn(CCCCN2CCN(c3c(F)cccc3C#N)CC2)c1=O,train,train,train,1,1,0.73214287,0.73214287,0.8035714
Cn1c(=O)cnn(CCCCN2CCN(c3ccccc3C#N)CC2)c1=O,train,train,train,1,1,0.73214287,0.73214287,0.74545455
Cn1c(=O)cnn(CCCCN2CCN(c3ccc(I)cc3)CC2)c1=O,train,train,test,1,1,0.7826087,0.7826087,0.7826087
Cn1c(=O)cnn(CCCCN2CCN(c3ccccc3)CC2)c1=O,train,train,train,1,1,0.9512195,0.9512195,0.9512195
CSc1ccccc1N1CCN(CCCCn2ncc(=O)n(C)c2=O)CC1,train,train,train,1,1,0.7647059,0.7647059,0.7647059
CNc1ccccc1N1CCN(CCCCn2ncc(=O)n(C)c2=O)CC1,train,train,train,1,1,0.7307692,0.7307692,0.74509805
CN(C)c1ccccc1N1CCN(CCCCn2ncc(=O)n(C)c2=O)CC1,train,train,test,1,1,0.7307692,0.7307692,0.74509805
Cn1c(=O)cnn(CCCCN2CCN(c3ccccc3OCCCF)CC2)c1=O,train,train,test,1,1,0.9245283,0.9245283,0.76363635
CCOc1ccccc1N1CCN(CCCCn2ncc(=O)n(C)c2=O)CC1,train,train,test,1,1,0.8,0.8,0.8076923
COc1ccc(N2CCN(CCCCn3ncc(=O)n(C)c3=O)CC2)c(OC)c1,test,test,train,2,2,0.7719298,0.7719298,0.7719298
COc1ccc(N2CCN(CCCCn3ncc(=O)n(C)c3=O)CC2)cc1,train,train,test,1,1,0.78431374,0.78431374,0.78431374
O=c1[nH]c2ccccc2n1CCCCCN1CCN(c2ccc(Cl)cc2)CC1,test,test,test,1,1,0.6226415,0.6226415,0.6226415
O=c1oc2ccccc2n1CCCCN1CCN(c2ccccc2)CC1,train,train,train,1,1,0.975,0.975,0.975
O=c1sc2ccccc2n1CCCCN1CCN(c2ccccc2)CC1,train,train,test,1,1,0.975,0.975,0.975
COc1ccccc1N1CCN(CCCCn2c(=O)oc3ccccc32)CC1,test,test,train,2,2,0.9782609,0.9782609,0.9782609
COc1ccccc1N1CCN(CCCCn2c(=O)sc3ccccc32)CC1,train,train,train,2,2,0.9787234,0.9787234,0.9787234
Cc1ccccc1N1CCN(CCCCn2c(=O)sc3ccccc32)CC1,train,train,test,1,1,0.74509805,0.74509805,0.74509805
O=c1sc2ccccc2n1CCCCN1CCN(Cc2ccccc2)CC1,train,train,train,1,1,0.73333335,0.73333335,0.7173913
O=c1sc2ccccc2n1CCCCN1CCN(c2ccc(Cl)cc2)CC1,train,train,train,1,1,0.82222223,0.82222223,0.8043478
O=c1sc2ccccc2n1CCCCN1CCN(c2cccc(Cl)c2)CC1,train,train,train,1,1,0.79591835,0.79591835,0.79591835
O=c1sc2ccccc2n1CCCCN1CCc2ccccc2C1,train,train,train,1,1,0.625,0.625,0.625
O=c1oc2ccccc2n1CCCCCN1CCN(c2ccccc2)CC1,train,train,train,1,1,1.0,1.0,0.975
O=c1sc2ccccc2n1CCCCCN1CCN(c2ccccc2)CC1,train,train,train,1,1,1.0,1.0,1.0
COc1ccccc1N1CCN(CCCCCn2c(=O)oc3ccccc32)CC1,train,train,test,2,2,1.0,1.0,1.0
COc1ccccc1N1CCN(CCCCCn2c(=O)sc3ccccc32)CC1,train,train,train,2,2,1.0,1.0,1.0
O=c1oc2ccccc2n1CCCCCCN1CCN(c2ccccc2)CC1,train,train,test,1,1,1.0,1.0,1.0
O=c1sc2ccccc2n1CCCCCCN1CCN(c2ccccc2)CC1,test,test,train,1,1,1.0,1.0,1.0
COc1ccccc1N1CCN(CCCCCCn2c(=O)oc3ccccc32)CC1,train,train,train,2,2,1.0,1.0,1.0
COc1ccccc1N1CCN(CCCCCCn2c(=O)sc3ccccc32)CC1,train,train,test,2,2,1.0,1.0,1.0
O=c1oc2ccccc2n1CCCCCCCN1CCN(c2ccccc2)CC1,train,train,test,1,1,1.0,1.0,1.0
O=c1sc2ccccc2n1CCCCCCCN1CCN(c2ccccc2)CC1,train,train,train,1,1,1.0,1.0,1.0
COc1ccccc1N1CCN(CCCCCCCn2c(=O)oc3ccccc32)CC1,train,train,train,2,2,1.0,1.0,1.0
COc1ccccc1N1CCN(CCCCCCCn2c(=O)sc3ccccc32)CC1,train,train,train,2,2,1.0,1.0,1.0
O=C1Nc2cc(F)ccc2C1CCCCN1CCN(c2cccc(Cl)c2)CC1,train,train,train,1,1,0.5,0.5,0.5
COc1ccccc1N1CCN(CCCn2c(=O)[nH]c3ccccc32)CC1,train,train,train,2,2,0.64285713,0.64285713,0.64285713
COc1ccccc1N1CCN(CCCCC(=O)NC2CCCc3ccccc32)CC1,train,train,test,2,2,0.7704918,0.7704918,0.7704918
NC(=O)c1ccccc1NC(=O)CCCCN1CCN(c2cccc(Cl)c2)CC1,train,train,train,1,1,0.5833333,0.5833333,0.5833333
Cc1sc2nc(CCCCN3CCN(c4ccccc4)CC3)[nH]c(=O)c2c1C,train,train,test,1,1,0.9807692,0.9807692,0.8103448
Cc1sc2nc(CCCCCN3CCN(c4ccccc4)CC3)[nH]c(=O)c2c1C,train,train,test,1,1,0.9807692,0.9807692,0.82758623
Cc1cc2c(=O)[nH]c(CCCCCN3CCN(Cc4ccccc4)CC3)nc2s1,train,train,train,1,1,0.6451613,0.6451613,0.6451613
Cc1sc2nc(CCCCCN3CCC(Cc4ccccc4)CC3)[nH]c(=O)c2c1C,train,train,train,1,1,0.7258065,0.7258065,0.6268657
Cc1sc2nc(CCCCCN3CCN(c4cccc(Cl)c4)CC3)[nH]c(=O)c2c1C,test,test,test,1,1,0.81666666,0.81666666,0.8196721
Cc1sc2nc(CCCCCN3CCN(c4ccc(Cl)cc4)CC3)[nH]c(=O)c2c1C,test,test,train,1,1,0.82758623,0.82758623,0.6268657
O=c1[nH]c(CCCCN2CCN(c3ccccc3)CC2)nc2ccccc12,train,train,train,1,1,0.97727275,0.97727275,0.97727275
O=c1[nH]c(CCCCN2CCN(c3cccc(Cl)c3)CC2)nc2ccccc12,train,train,train,1,1,0.8235294,0.8235294,0.98039216
O=c1[nH]c(CCCCN2CCN(c3ccc(Cl)cc3)CC2)nc2ccccc12,train,train,train,1,1,0.97959185,0.97959185,0.97959185
O=c1[nH]c(CCCCCN2CCN(c3ccccc3)CC2)nc2ccccc12,train,train,train,1,1,0.97727275,0.97727275,0.97727275
O=c1[nH]c(CCCCCN2CCN(c3cccc(Cl)c3)CC2)nc2ccccc12,test,test,train,1,1,0.98039216,0.98039216,0.98039216
O=c1[nH]c(CCCCCN2CCN(c3ccc(Cl)cc3)CC2)nc2ccccc12,train,train,train,1,1,0.97959185,0.97959185,0.97959185
O=c1c2ccccc2ncn1CCCCCN1CCN(c2ccccc2)CC1,train,train,train,1,1,0.8333333,0.8333333,0.8333333
O=c1c2ccccc2ncn1CCCCCN1CCN(Cc2ccccc2)CC1,train,train,train,1,1,0.75,0.75,0.75
O=c1c2ccccc2ncn1CCCCCN1CCN(c2cccc(Cl)c2)CC1,train,train,train,1,1,0.93877554,0.93877554,0.93877554
O=c1c2ccccc2ncn1CCCCCN1CCN(c2ccc(Cl)cc2)CC1,train,train,train,1,1,0.8333333,0.8333333,0.8333333
CCOc1ccccc1N1CCN(CCCCCn2cnc3ccccc3c2=O)CC1,test,test,train,1,1,0.8148148,0.8148148,0.7818182
Cc1sc2ncn(CCCCCN3CCN(c4ccccc4)CC3)c(=O)c2c1C,train,train,train,1,1,0.8181818,0.8181818,0.80701756
Cc1sc2ncn(CCCCCN3CCN(Cc4ccccc4)CC3)c(=O)c2c1C,train,train,train,1,1,0.7818182,0.7818182,0.7818182
Cc1sc2ncn(CCCCCN3CCN(c4cccc(Cl)c4)CC3)c(=O)c2c1C,train,train,train,1,1,0.8103448,0.8103448,0.80701756
Cc1sc2ncn(CCCCCN3CCN(c4ccc(Cl)cc4)CC3)c(=O)c2c1C,train,train,test,1,1,0.8181818,0.8181818,0.8181818
CCOc1ccccc1N1CCN(CCCCCn2cnc3sc(C)c(C)c3c2=O)CC1,train,train,train,1,1,0.72131145,0.72131145,0.72131145
CC1CCN(CC[C@H]2CCCN2S(=O)(=O)c2cccc(O)c2)CC1,train,train,train,0,0,0.79591835,0.79591835,0.79591835
N[C@@H](Cc1c[nH]c2ccc(O)cc12)C(=O)O,train,train,train,4,4,0.675,0.675,0.675
O=S(=O)(Nc1ccn(Cc2cccc3ccccc23)n1)c1ccc(Br)s1,train,train,train,0,0,0.26086956,0.26086956,0.26086956
O=S(=O)(Nc1cc(Sc2cccc3cccnc23)c(O)c2ccccc12)c1ccc(F)cc1,train,train,test,0,0,0.8518519,0.8518519,0.3529412
O=S(=O)(Nc1cc(Sc2cccc3cccnc23)c(O)c2ccccc12)c1ccccc1,train,train,test,0,0,0.8518519,0.8518519,0.35384616
O=C1Nc2ccc(Cl)cc2C1(c1c[nH]c2ccccc12)c1c[nH]c2ccccc12,train,train,train,4,4,0.31666666,0.31666666,0.3125
Cc1ccc(S(=O)(=O)c2nc(N3CCc4ccccc4C3)sc2Cl)cc1,train,train,train,1,1,0.56666666,0.56666666,0.56666666
O=S(=O)(Nc1cc2c(c3ccccc13)OC1(N3CCOCC3)CCCCC21)c1ccccc1,train,train,train,0,0,0.3026316,0.3026316,0.2837838
O=S(=O)(c1ccc(F)cc1)N1CC=c2ccccc2=C1c1c[nH]c2ccccc12,train,train,train,4,4,0.36,0.36,0.36
Nc1c(S(=O)(=O)c2ccccc2)sc2nc(-c3ccccc3)cc(-c3ccccc3)c12,train,train,train,0,0,0.265625,0.265625,0.265625
O=S(=O)(c1ccccc1)N1C=Cc2ccccc2C1c1c[nH]c2ccccc12,train,train,train,4,4,0.31343284,0.31343284,0.31343284
Brc1ccc2c(c1)c1c3n2CCN(Cc2ccccc2)C3CCC1,test,test,train,0,0,0.296875,0.296875,0.296875
Cc1ccc(S(=O)(=O)N/N=C2\CCCc3c2[nH]c2ccc(Cl)cc32)cc1,train,train,train,4,4,0.36619717,0.36619717,0.3561644
O=S(=O)(Nc1ccccc1-c1nccc2ccccc12)c1ccc(Cl)cc1,train,train,train,0,0,0.35384616,0.35384616,0.3125
O=S1(=O)c2ccccc2N(Cc2ccc(Cl)cc2F)c2ccccc21,train,train,train,1,1,0.32307693,0.32307693,0.32307693
O=c1ccc(-c2ccc(S(=O)(=O)Nc3cccc4c3CCCC4)s2)n[nH]1,test,test,test,0,0,0.2875,0.2875,0.2875
COc1cccc(-n2cc(C(=O)N(C)c3cccc(Cl)c3)c3ccccc3c2=O)c1,train,train,train,2,2,0.47058824,0.47058824,0.47058824
CCS(=O)(=O)c1nc(S(=O)(=O)c2ccc(Cl)cc2)c(N2CCc3ccccc3C2)s1,train,train,train,0,0,0.56666666,0.56666666,0.56666666
Cc1ccc(Nc2c(S(=O)(=O)c3ccccc3)cnc3ccc(Cl)cc23)cc1,train,train,train,0,0,0.47692308,0.47692308,0.47692308
NC(=O)C1CCN(c2c(S(=O)(=O)c3ccccc3)cnc3ccc(Cl)cc23)CC1,train,train,train,0,0,0.47692308,0.47692308,0.47692308
Cc1ccc(S(=O)(=O)c2cnc3ccc(F)cc3c2SCc2ccc(Cl)cc2)cc1,test,test,test,0,0,0.46153846,0.46153846,0.46153846
COCCn1c(C)c(C)c(S(=O)(=O)c2ccc(Cl)cc2)c1N,test,test,train,0,0,0.28125,0.28125,0.28125
Cc1ccc(Cl)cc1N(C)C(=O)c1cn(-c2ccc(F)cc2F)c(=O)c2ccccc12,train,train,train,1,1,0.47058824,0.47058824,0.47058824
NC(=O)c1ccccc1OCCCN1CCN(c2cccc3c2ccn3S(=O)(=O)c2ccccc2)CC1,train,train,train,1,1,0.40298507,0.40298507,0.40298507
O=C([C@@H]1CCCN1C(=O)CCCCCCN1CCN(c2ccccc2-c2ccccc2)CC1)N1CCOCC1,train,train,train,1,1,0.85,0.85,0.85
O=C([C@@H]1CCCN1C(=O)CCCCCCN1CCN(c2ccccc2-c2ccccc2)CC1)N1CCCCC1,train,train,train,1,1,1.0,1.0,0.9814815
O=C([C@@H]1CCCN1C(=O)CCCCCN1CCN(c2ccccc2-c2ccccc2)CC1)N1CCCCC1,train,train,test,1,1,1.0,1.0,1.0
O=C([C@@H]1CCCN1C(=O)CCCCN1CCN(c2ccccc2-c2ccccc2)CC1)N1CCCCC1,train,train,train,1,1,0.9814815,0.9814815,0.9814815
CC(C)c1ccccc1N1CCN(CCCCCCC(=O)N2CCC[C@H]2C(=O)N2CCOCC2)CC1,train,train,train,1,1,0.75384617,0.75384617,0.75384617
NC(=O)[C@@H]1Cc2ccccc2CN1C(=O)CCCCCCN1CCN(c2ccccc2-c2ccccc2)CC1,train,train,train,1,1,1.0,1.0,1.0
NC(=O)[C@@H]1Cc2ccccc2CN1C(=O)CCCCCN1CCN(c2ccccc2-c2ccccc2)CC1,train,train,train,1,1,1.0,1.0,1.0
NC(=O)[C@@H]1Cc2ccccc2CN1C(=O)CCCCN1CCN(c2ccccc2-c2ccccc2)CC1,train,train,train,1,1,0.9811321,0.9811321,0.9811321
CC(C)c1ccccc1N1CCN(CCCCCCC(=O)N2Cc3ccccc3C[C@H]2C(N)=O)CC1,train,train,train,1,1,0.9811321,0.9811321,0.9811321
CC(C)c1ccccc1N1CCN(CCCCC(=O)N2Cc3ccccc3C[C@H]2C(N)=O)CC1,train,train,train,1,1,0.9811321,0.9811321,0.9811321
NC(=O)[C@@H]1CCCN1C(=O)CCCCCCN1CCN(c2ccccc2-c2ccccc2)CC1,train,train,test,1,1,0.779661,0.779661,0.779661
CC(C)c1ccccc1N1CCN(CCCCCCC(=O)N2CCC[C@H]2C(N)=O)CC1,train,train,train,1,1,0.76363635,0.76363635,0.7758621
CC(C)c1ccccc1N1CCN(CCCCCC(=O)N2Cc3ccccc3C[C@H]2C(=O)N2CCCCC2)CC1,train,train,train,1,1,0.78688526,0.78688526,1.0
CC(C)c1ccccc1N1CCN(CCCCCCC(=O)N2Cc3ccccc3C[C@H]2C(=O)N2CCCCC2)CC1,test,test,train,1,1,1.0,1.0,1.0
O=C([C@@H]1Cc2ccccc2CN1C(=O)CCCCN1CCN(c2ccccc2-c2ccccc2)CC1)N1CCCCC1,test,test,train,1,1,0.98214287,0.98214287,0.98214287
O=C([C@@H]1Cc2ccccc2CN1C(=O)CCCCN1CCN(c2ccccc2-c2ccccc2)CC1)N1CCOCC1,train,train,train,1,1,0.82258064,0.82258064,0.8360656
O=C([C@@H]1Cc2ccccc2CN1C(=O)CCCCCN1CCN(c2ccccc2-c2ccccc2)CC1)N1CCCCC1,train,train,test,1,1,0.82258064,0.82258064,1.0
O=C([C@@H]1Cc2ccccc2CN1C(=O)CCCCCCN1CCN(c2ccccc2-c2ccccc2)CC1)N1CCCCC1,test,test,train,1,1,1.0,1.0,0.98214287
O=C([C@@H]1Cc2ccccc2CN1C(=O)CCCCCCN1CCN(c2ccccc2-c2ccccc2)CC1)N1CCOCC1,test,test,test,1,1,0.98275864,0.98275864,0.98275864
COc1cc2c(cc1OCc1ccc(Br)cc1)C[C@H]1c3c(cc(OC)c(OC)c3-2)CCN1C,train,train,train,2,2,0.7307692,0.7307692,0.8214286
COc1cc2c(cc1OCc1ccccc1)C[C@H]1c3c(cc(OC)c(OC)c3-2)CCN1C,test,test,train,2,2,0.8214286,0.8214286,0.8214286
C=CCOc1cc2c(cc1OC)-c1c(OC)c(OC)cc3c1[C@H](C2)N(C)CC3,train,train,train,2,2,0.80851066,0.80851066,0.78431374
COc1cc2c(cc1OC1CCCCC1)C[C@H]1c3c(cc(OC)c(OC)c3-2)CCN1C,test,test,test,2,2,0.80851066,0.80851066,0.7169811
COc1cc2c(cc1OCC1CC1)C[C@H]1c3c(cc(OC)c(OC)c3-2)CCN1C,train,train,train,2,2,0.82,0.82,0.82
CCCCC(C)Oc1cc2c(cc1OC)-c1c(OC)c(OC)cc3c1[C@H](C2)N(C)CC3,train,train,train,2,2,0.8909091,0.8909091,0.8909091
CCCC(C)Oc1cc2c(cc1OC)-c1c(OC)c(OC)cc3c1[C@H](C2)N(C)CC3,train,train,train,2,2,0.8909091,0.8909091,0.8909091
CCC(C)Oc1cc2c(cc1OC)-c1c(OC)c(OC)cc3c1[C@H](C2)N(C)CC3,train,train,train,2,2,0.8518519,0.8518519,0.8518519
COc1cc2c(cc1OC(C)C)C[C@H]1c3c(cc(OC)c(OC)c3-2)CCN1C,train,train,train,2,2,0.84444445,0.84444445,0.8076923
COc1cc2c(cc1OCCF)C[C@H]1c3c(cc(OC)c(OC)c3-2)CCN1C,train,train,train,2,2,0.80851066,0.80851066,0.8076923
CCCCCCOc1cc2c(cc1OC)-c1c(OC)c(OC)cc3c1[C@H](C2)N(C)CC3,train,train,train,2,2,0.97959185,0.97959185,0.92
CCCCCOc1cc2c(cc1OC)-c1c(OC)c(OC)cc3c1[C@H](C2)N(C)CC3,train,train,test,2,2,0.97959185,0.97959185,0.97959185
CCCCOc1cc2c(cc1OC)-c1c(OC)c(OC)cc3c1[C@H](C2)N(C)CC3,test,test,train,2,2,0.93877554,0.93877554,0.92
CCOc1cc2c(cc1OC)-c1c(OC)c(OC)cc3c1[C@H](C2)N(C)CC3,train,train,train,2,2,0.8636364,0.8636364,0.82
COc1cc2c(cc1OC)-c1c(OC)c(OC)cc3c1[C@H](C2)N(C)CC3,train,train,test,2,2,0.8636364,0.8636364,0.8636364
COc1cccc2c1CCC/C2=C\CCN1CCN(c2ccccn2)CC1,train,train,train,2,2,0.50769234,0.50769234,0.5671642
COc1cccc(CCCCN2CCN(c3ccccn3)CC2)c1,test,test,train,1,1,0.61538464,0.61538464,0.61538464
COc1ccc2c(c1)CC(CCN1CCN(c3ccccn3)CC1)CC2,test,test,train,1,1,0.4516129,0.4516129,0.52380955
O=C(NCCCCN1CCN(c2cccc3ccccc23)CC1)c1cc2ccccc2[nH]1,train,train,train,1,1,0.75,0.75,0.75
O=C(NCCCCN1CCN(c2cccc(Cl)c2Cl)CC1)c1cc2cc(F)ccc2[nH]1,train,train,train,1,1,0.71666664,0.71666664,0.71666664
COc1ccccc1N1CCN(CC(O)CCNC(=O)c2cnc3ccccc3c2)CC1,test,test,train,2,2,0.6911765,0.6911765,0.7704918
O=C(NCCCCN1CCN(c2cccc3ccccc23)CC1)c1cnc2ccccc2c1,test,test,train,1,1,0.78333336,0.78333336,0.78333336
O=C(NCCC(O)CN1CCN(c2cccc3ccccc23)CC1)c1cnc2ccccc2c1,test,test,train,1,1,0.5942029,0.5942029,0.7704918
COc1c(Cl)cccc1N1CCN(CCCCNC(=O)c2cnc3ccccc3c2)CC1,train,train,train,1,1,0.63380283,0.63380283,0.78333336
COc1ccc(CCN(CCCc2ccccc2)CCc2ccc3c(c2)OCO3)cc1OC,train,train,train,2,2,0.45454547,0.45454547,0.45454547
CC(C)CS(=O)(=O)NC1CCN(CCOc2ccccc2C(C)C)CC1,test,test,train,0,0,0.78846157,0.78846157,0.78846157
CC(C)c1ccccc1OCCN1CCC(NS(=O)(=O)c2ccccc2)CC1,train,train,train,0,0,0.86,0.86,0.86
CC(C)c1ccccc1OCCN1CCC(NS(=O)(=O)c2cccc(F)c2)CC1,train,train,train,0,0,0.90909094,0.90909094,0.8545455
CC(C)c1ccccc1OCCN1CCC(NS(=O)(=O)c2cccc(Cl)c2)CC1,train,train,train,0,0,0.89285713,0.89285713,0.7962963
CC(C)c1ccccc1OCCN1CCC(NS(=O)(=O)c2ccc(F)c(F)c2)CC1,train,train,train,0,0,0.8181818,0.8181818,0.79310346
CC(C)c1ccccc1OCCN1CCC(NS(=O)(=O)c2cc(F)ccc2F)CC1,train,train,test,0,0,0.7627119,0.7627119,0.7627119
CC(C)c1ccccc1OCCN1CCC(NS(=O)(=O)c2ccc(Cl)s2)CC1,train,train,train,0,0,0.7017544,0.7017544,0.7627119
CC(C)c1ccccc1OCCN1CCC(NS(=O)(=O)c2cnn(C)c2)CC1,train,train,train,0,0,0.7777778,0.7777778,0.7777778
CC(C)c1ccccc1OCCN1CCC(NS(=O)(=O)c2cncc3ccccc23)CC1,train,train,train,0,0,0.7741935,0.7741935,0.6818182
CC(C)c1ccccc1OCCN1CCC(NS(=O)(=O)c2cccc3ncccc23)CC1,train,train,train,0,0,0.7777778,0.7777778,0.7777778
CC(C)CS(=O)(=O)NC1CCN(CCOc2ccccc2-c2ccccc2)CC1,train,train,train,0,0,0.7037037,0.7037037,0.78846157
O=S(=O)(NC1CCN(CCOc2ccccc2-c2ccccc2)CC1)c1ccccc1,train,train,train,0,0,0.877551,0.877551,0.877551
O=S(=O)(NC1CCN(CCOc2ccccc2-c2ccccc2)CC1)c1ccc(F)cc1,train,train,train,0,0,0.9019608,0.9019608,0.9019608
O=S(=O)(NC1CCN(CCOc2ccccc2-c2ccccc2)CC1)c1cccc(F)c1,train,train,test,0,0,0.8181818,0.8181818,0.8181818
O=S(=O)(NC1CCN(CCOc2ccccc2-c2ccccc2)CC1)c1cccc(Cl)c1,train,train,train,0,0,0.90909094,0.90909094,0.90909094
O=S(=O)(NC1CCN(CCOc2ccccc2-c2ccccc2)CC1)c1cc(F)ccc1F,train,train,train,0,0,0.89285713,0.89285713,0.89285713
O=S(=O)(NC1CCN(CCOc2ccccc2-c2ccccc2)CC1)c1ccc(Cl)s1,test,test,train,0,0,0.779661,0.779661,0.779661
Cn1cc(S(=O)(=O)NC2CCN(CCOc3ccccc3-c3ccccc3)CC2)cn1,train,train,train,0,0,0.8363636,0.8363636,0.8363636
O=S(=O)(NC1CCN(CCOc2ccccc2-c2ccccc2)CC1)c1cncc2ccccc12,train,train,test,0,0,0.7741935,0.7741935,0.7741935
O=S(=O)(NC1CCN(CCOc2ccccc2-c2ccccc2)CC1)c1cccc2ncccc12,train,train,train,0,0,0.7777778,0.7777778,0.7777778
CC(C)c1ccccc1OCCN1CCC(N(C)S(=O)(=O)c2ccccc2)CC1,train,train,train,0,0,0.7924528,0.7924528,0.85714287
CC(C)c1ccccc1OCCN1CCC(N(C)S(=O)(=O)c2cccc(F)c2)CC1,train,train,train,0,0,0.7924528,0.7924528,0.8148148
CC(C)c1ccccc1OCCN1CCC(N(C)S(=O)(=O)c2ccc(F)cc2)CC1,test,test,train,0,0,0.85714287,0.85714287,0.85714287
CC(C)c1ccccc1OCCN1CCC(N(C)S(=O)(=O)c2cnn(C)c2)CC1,train,train,train,0,0,0.779661,0.779661,0.779661
CN(C1CCN(CCOc2ccccc2C(C)(C)C)CC1)S(=O)(=O)c1ccccc1,train,train,train,0,0,0.8148148,0.8148148,0.88
CN(C1CCN(CCOc2ccccc2C(C)(C)C)CC1)S(=O)(=O)c1cccc(F)c1,train,train,train,0,0,0.8148148,0.8148148,0.8181818
CN(C1CCN(CCOc2ccccc2C(C)(C)C)CC1)S(=O)(=O)c1ccc(F)cc1,test,test,train,0,0,0.88,0.88,0.88
CN(C1CCN(CCOc2ccccc2C(C)(C)C)CC1)S(=O)(=O)c1cnn(C)c1,train,train,test,0,0,0.78688526,0.78688526,0.7818182
CN(C1CCN(CCOc2ccccc2-c2ccccc2)CC1)S(=O)(=O)c1ccccc1,train,train,train,0,0,0.877551,0.877551,0.877551
CN(C1CCN(CCOc2ccccc2-c2ccccc2)CC1)S(=O)(=O)c1ccc(F)cc1,train,train,train,0,0,0.877551,0.877551,0.877551
CN(C1CCN(CCOc2ccccc2-c2ccccc2)CC1)S(=O)(=O)c1cnn(C)c1,test,test,train,0,0,0.7924528,0.7924528,0.7924528
CC(C)c1ccccc1OCCN1CCC(N(CC2CC2)S(=O)(=O)c2cccc(F)c2)CC1,train,train,train,0,0,0.8305085,0.8305085,0.8305085
CC(C)c1ccccc1OCCN1CCC(N(CC2CC2)S(=O)(=O)c2ccc(F)cc2)CC1,train,train,train,0,0,0.8305085,0.8305085,0.8305085
CC(C)c1ccccc1OCCN1CCC(N(CC2CC2)S(=O)(=O)c2cnn(C)c2)CC1,train,train,train,0,0,0.7903226,0.7903226,0.7903226
CC(C)(C)c1ccccc1OCCN1CCC(N(CC2CC2)S(=O)(=O)c2ccc(F)cc2)CC1,test,test,train,0,0,0.779661,0.779661,0.779661
Cn1cc(S(=O)(=O)N(CC2CC2)C2CCN(CCOc3ccccc3C(C)(C)C)CC2)cn1,train,train,test,0,0,0.78688526,0.78688526,0.7777778
O=S(=O)(c1ccc(F)cc1)N(CC1CC1)C1CCN(CCOc2ccccc2-c2ccccc2)CC1,test,test,train,0,0,0.7627119,0.7627119,0.7627119
Cn1cc(S(=O)(=O)N(CC2CC2)C2CCN(CCOc3ccccc3-c3ccccc3)CC2)cn1,train,train,train,0,0,0.7903226,0.7903226,0.7903226
C=CCN(CC=C)CCc1c[nH]c2ccc(F)cc12,train,train,train,4,4,0.7380952,0.7380952,0.7380952
C=CCN(CC=C)CCc1c[nH]c2ccc(Cl)cc12,train,train,test,4,4,0.7380952,0.7380952,0.7380952
C=CCN(CC=C)CCc1c[nH]c2ccc(Br)cc12,train,train,train,4,4,0.7380952,0.7380952,0.7380952
C=CCN(CC=C)CCc1c[nH]c2ccc(C)cc12,test,test,train,4,4,0.7380952,0.7380952,0.7380952
C=CCN(CC=C)CCc1c[nH]c2ccccc12,test,test,train,4,4,0.68292683,0.68292683,0.68292683
O=S(=O)(NC1CC2CCC(C1)N2CCOc1cccc(-c2ccccc2)c1)c1ccc(F)c(F)c1,train,train,train,0,0,0.82758623,0.82758623,0.82758623
O=S(=O)(NC1CC2CCC(C1)N2CCOc1cccc(-c2ccccc2)c1)c1ccc(F)cc1,train,train,train,0,0,0.84210527,0.84210527,0.84210527
O=S(=O)(NC1CC2CCC(C1)N2CCOc1cccc(-c2ccccc2)c1)c1cccc(F)c1,train,train,train,0,0,0.84210527,0.84210527,0.84210527
O=S(=O)(NC1CC2CCC(C1)N2CCOc1cccc(-c2ccccc2)c1)c1cccc(Cl)c1,train,train,train,0,0,0.7966102,0.7966102,0.7966102
CC(C)c1cccc(OCCN2C3CCC2CC(NS(=O)(=O)c2cnn(C)c2)C3)c1,test,test,train,0,0,0.7619048,0.7619048,0.7619048
CC(C)c1cccc(OCCN2C3CCC2CC(NS(=O)(=O)c2cc(F)ccc2F)C3)c1,train,train,train,0,0,0.7903226,0.7903226,0.7903226
CC(C)c1cccc(OCCN2C3CCC2CC(NS(=O)(=O)c2ccc(F)c(F)c2)C3)c1,train,train,train,0,0,0.8333333,0.8333333,0.8333333
CC(C)c1cccc(OCCN2C3CCC2CC(NS(=O)(=O)c2ccc(F)cc2)C3)c1,train,train,train,0,0,0.84745765,0.84745765,0.84745765
CC(C)c1cccc(OCCN2C3CCC2CC(NS(=O)(=O)c2cccc(F)c2)C3)c1,train,train,train,0,0,0.84745765,0.84745765,0.84745765
CC(C)c1cccc(OCCN2C3CCC2CC(NS(=O)(=O)c2cccc(Cl)c2)C3)c1,train,train,train,0,0,0.8032787,0.8032787,0.8032787
Cn1cc(S(=O)(=O)NC2CN(CCOc3ccccc3-c3ccccc3)C2)cn1,train,train,train,0,0,0.8363636,0.8363636,0.8363636
O=S(=O)(NC1CN(CCOc2ccccc2-c2ccccc2)C1)c1cccc(Cl)c1,train,train,train,0,0,0.8363636,0.8363636,0.8363636
CC(C)c1ccccc1OCCN1CC(NS(=O)(=O)c2ccc(F)cc2)C1,test,test,train,0,0,0.84313726,0.84313726,0.8113208
CC(C)c1ccccc1OCCN1CC(NS(=O)(=O)c2cccc(F)c2)C1,test,test,train,0,0,0.8545455,0.8545455,0.8545455
O=S(=O)(NC1CCN(CCOc2ccccc2C2CCCC2)CC1)c1ccc(F)cc1,train,train,train,0,0,0.8245614,0.8245614,0.8245614
O=S(=O)(NC1CCN(CCOc2ccccc2C2CCCC2)CC1)c1cccc(F)c1,train,train,train,0,0,0.8245614,0.8245614,0.8245614
O=S(=O)(NC1CCN(CCOc2ccccc2C2CCCC2)CC1)c1cccc(Cl)c1,train,train,test,0,0,0.8,0.8,0.8
Cn1cc(S(=O)(=O)NC2CCN(CCOc3ccccc3C(C)(C)C)CC2)cn1,train,train,test,0,0,0.78571427,0.78571427,0.78571427
CC(C)(C)c1ccccc1OCCN1CCC(NS(=O)(=O)c2ccc(F)cc2)CC1,train,train,train,0,0,0.88235295,0.88235295,0.88235295
CC(C)(C)c1ccccc1OCCN1CCC(NS(=O)(=O)c2cccc(Cl)c2)CC1,train,train,train,0,0,0.8035714,0.8035714,0.8035714
CC(C)c1cccc(C(C)C)c1OCCN1CCC(NS(=O)(=O)c2ccc(F)cc2)CC1,train,train,test,0,0,0.8113208,0.8113208,0.73214287
CC(C)Oc1ccccc1OCCN1CCC(NS(=O)(=O)c2ccc(F)cc2)CC1,train,train,test,0,0,0.8148148,0.8148148,0.7368421
COc1ccccc1OCCN1CCC(NS(=O)(=O)c2ccc(F)cc2)CC1,train,train,test,0,0,0.8076923,0.8076923,0.7777778
Cc1ccccc1OCCN1CCC(NS(=O)(=O)c2ccc(F)cc2)CC1,train,train,test,0,0,0.85714287,0.85714287,0.85714287
O=S(=O)(NC1CCN(CCOc2ccccc2)CC1)c1ccc(F)cc1,train,train,train,0,0,0.875,0.875,0.875
Cn1cc(S(=O)(=O)NC2CC3CCC(C2)N3CCOc2cccc(-c3ccccc3)c2)cn1,train,train,train,0,0,0.7258065,0.7258065,0.7619048
CC(C)c1ccccc1OCCN1CCC(NC(=O)c2ccc(F)cc2)CC1,test,test,train,0,0,0.75,0.75,0.59375
O=C(NC1CCN(CCOc2ccccc2-c2ccccc2)CC1)c1cccc(Cl)c1,train,train,train,0,0,0.6507937,0.6507937,0.73770493
CC(C)c1ccccc1OCCN1CCC(NC(=O)Nc2cccc(Cl)c2)CC1,test,test,train,0,0,0.73333335,0.73333335,0.7704918
CC(C)c1ccccc1OCCN1CCC(NC(=O)Nc2ccc(F)cc2)CC1,train,train,test,0,0,0.6333333,0.6333333,0.75
O=C(Nc1cccc(Cl)c1)NC1CCN(CCOc2ccccc2-c2ccccc2)CC1,test,test,train,0,0,0.73770493,0.73770493,0.7704918
CC(C)c1ccccc1OCCN1CCC(NS(=O)(=O)c2ccc(N)cc2)CC1,train,train,train,0,0,0.86,0.86,0.86
CC(C)c1ccccc1OCCN1CCC(NS(=O)(=O)c2cccnc2)CC1,train,train,train,0,0,0.7962963,0.7962963,0.7962963
Nc1ccc(S(=O)(=O)NC2CCN(CCOc3ccccc3-c3ccccc3)CC2)cc1,train,train,train,0,0,0.877551,0.877551,0.877551
O=S(=O)(NC1CCN(CCOc2ccccc2-c2ccccc2)CC1)c1cccnc1,train,train,test,0,0,0.8113208,0.8113208,0.8113208
CC(C)c1ccccc1OCCN1CC2CC1CN2S(=O)(=O)c1cccc(Cl)c1,train,train,train,0,0,0.75409836,0.75409836,0.73333335
CC(C)c1ccccc1OCCN1CC2CC1CN2S(=O)(=O)c1ccc(F)cc1,train,train,train,0,0,0.7368421,0.7368421,0.73333335
O=S(=O)(c1cccc(Cl)c1)N1CC2CC1CN2CCOc1ccccc1-c1ccccc1,train,train,test,0,0,0.75409836,0.75409836,0.75409836
O=S(=O)(c1ccc(F)cc1)N1CC2CC1CN2CCOc1ccccc1-c1ccccc1,train,train,test,0,0,0.7368421,0.7368421,0.7368421
CC1(C)N=C(N)N=C(Nc2cccc(Br)c2)N1,train,train,test,0,0,0.65957445,0.65957445,0.65957445
CCOC(=O)c1cccc(NC2=NC(N)=NC3(CCCCC3)N2)c1,train,train,train,0,0,0.779661,0.779661,0.779661
CCOC(=O)c1cccc(NC2=NC(N(C)C)=NC3(CCCCC3)N2)c1,train,train,train,0,0,0.779661,0.779661,0.779661
NC1=NC2(CCCCC2)NC(Nc2cccc(Br)c2)=N1,train,train,train,0,0,0.65957445,0.65957445,0.64285713
CCNC(=O)c1cccc(NC2=NC(N)=NC3(CCCCC3)N2)c1,train,train,train,1,1,0.7586207,0.7586207,0.7586207
c1ccc(CC2CCN(CC3COC(c4ccccc4)(c4ccccc4)O3)CC2)cc1,train,train,train,0,0,0.56,0.56,0.67346936
OCC(CN1CCC(Cc2ccccc2)CC1)OC(c1ccccc1)c1ccccc1,train,train,train,0,0,0.44230768,0.44230768,0.44230768
c1ccc(CC2CCN(CC3COC4(CCCCC4)O3)CC2)cc1,test,test,train,0,0,0.67346936,0.67346936,0.67346936
CC1(c2ccc(F)cc2)NC(=O)N(CC(O)CN2CCN(C(c3ccccc3)c3ccccc3)CC2)C1=O,train,train,train,1,1,0.7818182,0.7818182,0.7818182
Cc1ccc(N2CCN(CC(O)CN3C(=O)NC(C)(c4ccc(F)cc4)C3=O)CC2)cc1C,train,train,train,1,1,0.8301887,0.8301887,0.8301887
CC1(c2ccc(F)cc2)NC(=O)N(CC(O)CN2CCN(c3ccc(Cl)c(Cl)c3)CC2)C1=O,test,test,train,1,1,0.8301887,0.8301887,0.8301887
CC1(c2ccc(F)cc2)NC(=O)N(CC(O)CN2CCN(c3ccc(F)cc3F)CC2)C1=O,test,test,train,1,1,0.8181818,0.8181818,0.8181818
CC1(c2ccc(F)cc2)NC(=O)N(CC(O)CN2CCN(c3ccc(Cl)cc3)CC2)C1=O,train,train,train,1,1,0.9,0.9,0.9
CC1(c2ccc(F)cc2)NC(=O)N(CC(O)CN2CCN(c3ccc(F)cc3)CC2)C1=O,train,train,train,1,1,0.9,0.9,0.9
Cc1ccc(C)c(N2CCN(CC(O)CN3C(=O)NC(C)(c4ccc(F)cc4)C3=O)CC2)c1,test,test,train,1,1,0.75,0.75,0.75
CC1(c2ccc(F)cc2)NC(=O)N(CC(O)CN2CCN(c3cccc(Cl)c3Cl)CC2)C1=O,train,train,train,1,1,0.875,0.875,0.875
CC1(c2ccc(F)cc2)NC(=O)N(CC(O)CN2CCN(c3ccccc3C#N)CC2)C1=O,train,train,train,1,1,0.8032787,0.8032787,0.79310346
CCOc1ccccc1N1CCN(CC(O)CN2C(=O)NC(C)(c3ccc(F)cc3)C2=O)CC1,train,train,train,2,2,0.8305085,0.8305085,0.8305085
CC1(c2ccc(F)cc2)NC(=O)N(CC(O)CN2CCN(c3ccccc3Cl)CC2)C1=O,train,train,train,1,1,0.875,0.875,0.875
CC1(c2ccc(F)cc2)NC(=O)N(CC(O)CN2CCN(c3ccccc3F)CC2)C1=O,train,train,train,1,1,0.8363636,0.8363636,0.8363636
COc1cccc(N2CCN(CC(O)CN3C(=O)NC(C)(c4ccc(F)cc4)C3=O)CC2)c1,train,train,train,1,1,0.7758621,0.7758621,0.7758621
CC1(c2ccc(F)cc2)NC(=O)N(CC(O)CN2CCN(c3ccccc3)CC2)C1=O,train,train,train,1,1,0.8979592,0.8979592,0.8979592
O=C1c2ccccc2C(=O)N1CCCCN1CCc2ccccc2C1,train,train,train,1,1,0.627907,0.627907,0.64285713
O=C1c2ccccc2C(=O)N1CCCCN1CCC2CCCCC2C1,test,test,train,1,1,0.6458333,0.6458333,0.6458333
c1ccc2c(c1)CCN(CCCCc1c[nH]c3ccccc13)C2,train,train,test,4,4,0.47916666,0.47916666,0.51724136
O=C(CCCN1CCc2ccccc2C1)c1ccc(F)cc1,train,train,train,1,1,0.8,0.8,0.8
O=C(CCCN1CCc2ccccc2C1)c1ccccc1,train,train,train,1,1,0.82051283,0.82051283,0.82051283
N#Cc1ccc(C(=O)CCCN2CCc3ccccc3C2)cc1,test,test,train,1,1,0.7619048,0.7619048,0.7619048
NC(=O)c1ccc(C(=O)CCCN2CCc3ccccc3C2)cc1,train,train,train,1,1,0.8,0.8,0.8
COc1ccc(C(=O)CCCN2CCc3ccccc3C2)cc1,train,train,train,1,1,0.74418604,0.74418604,0.74418604
O=C(CCCN1CCc2ccccc2C1)c1ccc(O)cc1,train,train,train,1,1,0.82051283,0.82051283,0.82051283
O=C(CCCN1CCc2ccccc2C1)c1ccc(Cl)cc1,train,train,train,1,1,0.8,0.8,0.8
O=C1NCN(c2ccccc2)C12CCN(CCCCc1nc3ccccc3s1)CC2,test,test,train,1,1,0.7258065,0.7258065,0.7258065
O=C1NCN(c2ccccc2)C12CCN(CCCCc1nc3cc(Cl)ccc3s1)CC2,test,test,test,1,1,0.5915493,0.5915493,0.8032787
O=C1NCN(c2ccccc2)C12CCN(CCCCc1nc3ccccc3o1)CC2,test,test,train,1,1,0.5735294,0.5735294,0.6507937
O=C1NCN(c2ccccc2)C12CCN(CCCCc1c[nH]c3ccccc13)CC2,test,test,train,4,4,0.5555556,0.5555556,0.5692308
O=c1[nH]c2cc(Cl)ccc2n1C1CCN(CCCCc2nc3ccccc3s2)CC1,train,train,train,1,1,0.6956522,0.6956522,0.7536232
O=c1[nH]c2cc(Cl)ccc2n1C1CCN(CCCCc2nc3ccccc3o2)CC1,train,train,train,1,1,0.6956522,0.6956522,0.6956522
OC1(c2ccc(Cl)cc2)CCN(CCCCc2nc3ccccc3o2)CC1,train,train,test,1,1,0.62711865,0.62711865,0.62711865
O=C(CCCN1CCC2(CC1)C(=O)NCN2c1ccccc1)c1ccc(F)cc1,train,train,test,1,1,0.609375,0.609375,0.609375
N#Cc1ccc(CNC(=O)CCOCCN2CCN(c3ncccc3-c3ccc(F)cc3)CC2)cc1,test,test,train,1,1,0.86153847,0.86153847,0.86153847
O=C(CCOCCN1CCN(c2cccnc2-c2ccc(F)cc2)CC1)NCc1ccc(C(F)(F)F)cc1,train,train,train,1,1,0.8787879,0.8787879,0.8787879
N#Cc1ccc(CNC(=O)CCOCCN2CCN(c3cccnc3-c3ccc(F)cc3)CC2)cc1,train,train,test,1,1,0.86567163,0.86567163,0.86567163
O=C(CCOCCN1CCN(c2cccnc2-c2ccccc2)CC1)NCc1ccc(C(F)(F)F)cc1,train,train,train,1,1,0.8787879,0.8787879,0.8787879
N#Cc1ccc(CNC(=O)CCOCCN2CCN(c3cccnc3-c3ccccc3)CC2)cc1,train,train,train,1,1,0.86567163,0.86567163,0.7910448
O=C(CCOCCN1CCN(c2ncccc2-c2ccccc2)CC1)NCc1ccc(C(F)(F)F)cc1,test,test,train,1,1,0.8769231,0.8769231,0.8769231
N#Cc1ccc(CNC(=O)CCOCCN2CCN(c3ncccc3-c3ccccc3)CC2)cc1,train,train,train,1,1,0.796875,0.796875,0.86153847
O=C(CCOCCN1CCN(c2ccccc2-c2ccccc2)CC1)NCc1ccncc1,test,test,train,1,1,0.8360656,0.8360656,0.8360656
O=C(CCOCCN1CCN(c2ccccc2-c2ccccc2)CC1)NCc1ccc(C(F)(F)F)cc1,train,train,train,1,1,0.77272725,0.77272725,0.78688526
N#Cc1ccc(CNC(=O)CCOCCN2CCN(c3ccccc3-c3ccccc3)CC2)cc1,train,train,train,1,1,0.796875,0.796875,0.796875
O=C(CCOCCN1CCN(c2ncccc2-c2ccc(F)cc2)CC1)NCc1ccc(C(F)(F)F)cc1,train,train,train,1,1,0.78571427,0.78571427,0.8769231
COCOc1ccc(CNC(=O)CCCCCN2CCN(c3ccccc3-c3ccc(OC)cc3)CC2)cc1,train,train,train,1,1,0.90163934,0.90163934,0.90163934
COc1ccc(-c2ccccc2N2CCN(CCCCCC(=O)NCc3ccc(OCCO)cc3)CC2)cc1,test,test,test,1,1,0.86153847,0.86153847,0.86153847
COc1ccc(-c2ccccc2N2CCN(CCCCCC(=O)NCc3ccc(OCCN4CCOCC4)cc3)CC2)cc1,train,train,train,1,1,0.95384616,0.95384616,0.95384616
COc1ccc(-c2ccccc2N2CCN(CCCCCC(=O)NCc3ccc(OCCCN4CCOCC4)cc3)CC2)cc1,train,train,train,1,1,0.95384616,0.95384616,0.95384616
COc1ccc(-c2ccccc2N2CCN(CCCCCC(=O)NCc3ccc(C#N)cc3)CC2)cc1,train,train,train,1,1,0.8030303,0.8030303,0.8030303
COCOc1ccc(CNC(=O)CCCCCN2CCN(c3ccccc3-c3ccccc3)CC2)cc1,train,train,train,1,1,0.90163934,0.90163934,0.90163934
O=C(CCCCCN1CCN(c2ccccc2-c2ccccc2)CC1)NCc1ccc(OCCN2CCOCC2)cc1,train,train,train,1,1,0.9508197,0.9508197,0.9508197
O=C(CCCCCN1CCN(c2ccccc2-c2ccccc2)CC1)NCc1ccc(OCCCN2CCOCC2)cc1,train,train,train,1,1,0.9508197,0.9508197,0.9508197
CN(C)Cc1ccc(CNC(=O)CCCCCN2CCN(c3ccccc3-c3ccccc3)CC2)cc1,train,train,train,1,1,0.8148148,0.8148148,0.8148148
COc1ccc(-c2cc(F)ccc2N2CCN(CCCCCC(=O)NCc3ccc(C#N)cc3)CC2)cc1,train,train,train,1,1,0.79710144,0.79710144,0.875
N#Cc1ccc(CNC(=O)CCCCCN2CCN(c3ccc(F)cc3-c3ccc(C#N)cc3)CC2)cc1,test,test,train,1,1,0.875,0.875,0.875
C1=C(CCN2CCc3ccccc3C2)Cc2ccccc21,train,train,train,0,0,0.8,0.8,0.4883721
C1=C(CCN2CCc3ccccc3C2)CCc2ccccc21,train,train,test,0,0,0.8,0.8,0.8
CC1(C)CC(=O)N(CCCCN2Cc3ccccc3C2)C(=O)C1,train,train,test,1,1,0.5555556,0.5555556,0.5555556
O=C1Cc2cc(C(=O)CCCN3CCc4ccccc4C3)ccc2N1,test,test,train,1,1,0.66,0.66,0.66
O=C1c2ccc(F)cc2CC1CCN1CCc2ccccc2C1,train,train,train,0,0,0.55932206,0.55932206,0.55932206
CCCN1CC[C@H]2CC(=O)[C@H](CC)[C@H]3CCC[C@@H]1[C@H]23,train,train,train,0,0,0.28333333,0.28333333,0.28333333
COc1cccc(CC2CCN(CCc3ccccc3)CC2)c1,train,train,train,0,0,0.70212764,0.70212764,0.70212764
COc1ccc(F)c(CC2CCN(CCc3ccccc3)CC2)c1,train,train,train,0,0,0.7708333,0.7708333,0.7708333
COc1ccc(Cl)c(CC2CCN(CCc3ccccc3)CC2)c1,train,train,test,0,0,0.7708333,0.7708333,0.7708333
COc1ccc(Br)c(CC2CCN(CCc3ccccc3)CC2)c1,test,test,train,0,0,0.8666667,0.8666667,0.85106385
COc1ccc(Br)c(CC2CCN(CCc3ccc(C)cc3)CC2)c1,train,train,test,0,0,0.8888889,0.8888889,0.81632656
COc1ccc(CCN2CCC(Cc3cc(OC)ccc3Br)CC2)cc1,train,train,test,0,0,0.8888889,0.8888889,0.8695652
COc1ccc(Br)c(CC2CCN(CCc3ccccc3OC)CC2)c1,test,test,test,2,2,0.78,0.78,0.78
COc1cccc(CCN2CCC(Cc3cc(OC)ccc3Br)CC2)c1,train,train,train,0,0,0.84,0.84,0.85106385
COc1ccc(Br)c(CC2CCN(CCc3ccc(F)cc3)CC2)c1,test,test,train,0,0,0.8695652,0.8695652,0.8
COc1ccc(Br)c(CC2CCN(CCc3ccc(Cl)cc3)CC2)c1,train,train,train,0,0,0.8695652,0.8695652,0.8
COc1ccc(Br)c(CC2CCN(CCc3ccccc3Cl)CC2)c1,train,train,train,0,0,0.8541667,0.8541667,0.7692308
COc1ccc(Br)c(CC2CCN(CCc3cccc(Cl)c3)CC2)c1,train,train,train,0,0,0.84,0.84,0.84
COc1ccc(CCN2CCC(Cc3cc(OC)ccc3Br)CC2)c(Cl)c1,train,train,test,0,0,0.8541667,0.8541667,0.8541667
COc1ccc(Br)c(CC2CCN(CCc3ccc(OC)c(Cl)c3)CC2)c1,train,train,train,0,0,0.7735849,0.7735849,0.8269231
COc1ccc(Br)c(CC2CCN(CCc3ccc(OC)c(OC)c3)CC2)c1,test,test,train,0,0,0.8269231,0.8269231,0.8269231
COc1ccc(Br)c(CC2CCN(CCc3cc(OC)c(OC)cc3Cl)CC2)c1,train,train,train,0,0,0.82,0.82,0.7692308
COc1ccc(Br)c(CC2CCN(CCc3cccc4ccccc34)CC2)c1,train,train,test,0,0,0.7692308,0.7692308,0.7692308
COc1ccc(Br)c(CC2CCN(CCc3ccc4ccccc4c3)CC2)c1,train,train,train,0,0,0.8333333,0.8333333,0.8
COc1ccc(Br)c(CC2CCN(CCc3cccc4c3OCCO4)CC2)c1,train,train,test,0,0,0.7118644,0.7118644,0.7288136
COc1ccc(Br)c(CC2CCN(CCc3ccc4c(c3)OCCO4)CC2)c1,train,train,test,3,3,0.75,0.75,0.7413793
COc1ccc(Br)c(CC2CCN(CCc3cc4c(cc3Cl)OCCO4)CC2)c1,test,test,train,0,0,0.8103448,0.8103448,0.83928573
CCOc1ccc(Br)c(CC2CCN(CCc3cc4c(cc3Cl)OCCO4)CC2)c1,test,test,train,0,0,0.7966102,0.7966102,0.83928573
CC(C)Oc1ccc(Br)c(CC2CCN(CCc3cc4c(cc3Cl)OCCO4)CC2)c1,train,train,train,0,0,0.6086956,0.6086956,0.8103448
O=C(N[C@H]1CC[C@H](CCN2CCN(c3nsc4ccccc34)CC2)CC1)c1ccccc1,test,test,test,1,1,0.8360656,0.8360656,0.8360656
O=C(N[C@H]1CC[C@H](CCN2CCN(c3nsc4ccccc34)CC2)CC1)C1CC1,train,train,test,1,1,0.91071427,0.91071427,0.91071427
O=C(N[C@H]1CC[C@H](CCN2CCN(c3nsc4ccccc34)CC2)CC1)C1CCCCC1,train,train,train,1,1,0.91071427,0.91071427,0.76666665
CCCS(=O)(=O)N[C@H]1CC[C@H](CCN2CCN(c3nsc4ccccc34)CC2)CC1,train,train,train,1,1,0.8245614,0.8245614,0.8245614
CS(=O)(=O)N[C@H]1CC[C@H](CCN2CCN(c3nsc4ccccc34)CC2)CC1,train,train,train,1,1,0.8245614,0.8245614,0.8245614
O=C(N[C@H]1CC[C@H](CCN2CCN(c3nsc4ccccc34)CC2)CC1)C(F)(F)F,train,train,train,1,1,0.779661,0.779661,0.79310346
CCCC(=O)N[C@H]1CC[C@H](CCN2CCN(c3nsc4ccccc34)CC2)CC1,train,train,train,1,1,0.877193,0.877193,0.877193
CCC(=O)N[C@H]1CC[C@H](CCN2CCN(c3nsc4ccccc34)CC2)CC1,train,train,train,1,1,0.877193,0.877193,0.877193
CC(=O)N[C@H]1CC[C@H](CCN2CCN(c3nsc4ccccc34)CC2)CC1,test,test,train,1,1,0.8245614,0.8245614,0.8245614
COCC(=O)N[C@H]1CC[C@H](CCN2CCN(c3nsc4ccccc34)CC2)CC1,train,train,train,1,1,0.81666666,0.81666666,0.81666666
CN(C)C(=O)N[C@H]1CC[C@H](CCN2CCN(c3cccc(Cl)c3Cl)CC2)CC1,train,train,train,1,1,0.57575756,0.57575756,0.57575756
CN(C(=O)N[C@H]1CC[C@H](CCN2CCN(c3nsc4ccccc34)CC2)CC1)c1ccccc1,train,train,train,1,1,0.8360656,0.8360656,0.8360656
O=C(Nc1cccnc1)N[C@H]1CC[C@H](CCN2CCN(c3nsc4ccccc34)CC2)CC1,test,test,train,1,1,0.83870965,0.83870965,0.7761194
O=C(Nc1ccccc1)N[C@H]1CC[C@H](CCN2CCN(c3nsc4ccccc34)CC2)CC1,train,train,test,1,1,0.76666665,0.76666665,0.83870965
O=C(NCc1ccccc1)N[C@H]1CC[C@H](CCN2CCN(c3nsc4ccccc34)CC2)CC1,test,test,train,1,1,0.8032787,0.8032787,0.75409836
O=C(N[C@H]1CC[C@H](CCN2CCN(c3nsc4ccccc34)CC2)CC1)N1CCOCC1,train,train,train,1,1,0.73015875,0.73015875,0.7419355
CCN(C)C(=O)N[C@H]1CC[C@H](CCN2CCN(c3nsc4ccccc34)CC2)CC1,train,train,train,1,1,0.85,0.85,0.85
CC(C)N(C(=O)N[C@H]1CC[C@H](CCN2CCN(c3nsc4ccccc34)CC2)CC1)C(C)C,train,train,train,1,1,0.8333333,0.8333333,0.8333333
CN(C)C(=O)N[C@H]1CC[C@H](CCN2CCN(c3nsc4ccccc34)CC2)CC1,train,train,train,1,1,0.85,0.85,0.85
N[C@H]1CC[C@H](CCN2CCN(c3nsc4ccccc34)CC2)CC1,test,test,train,1,1,0.6909091,0.6909091,0.6909091
Cc1ccc(S(=O)(=O)N[C@H]2CC[C@H](CCN3CCN(c4nsc5ccccc45)CC3)CC2)cc1,train,train,test,0,0,0.7704918,0.7704918,0.7704918
O=C(N[C@H]1CC[C@H](CCN2CCN(c3nsc4ccccc34)CC2)CC1)c1cccs1,train,train,train,1,1,0.73015875,0.73015875,0.7419355
O=C(N[C@H]1CC[C@H](CCN2CCN(c3nsc4ccccc34)CC2)CC1)c1ccc[nH]1,train,train,test,1,1,0.73913044,0.73913044,0.73015875
O=C(N[C@H]1CC[C@H](CCN2CCN(c3nsc4ccccc34)CC2)CC1)c1cccnc1,train,train,train,1,1,0.7076923,0.7076923,0.7761194
O=S(=O)(N[C@H]1CC[C@H](CCN2CCN(c3nsc4ccccc34)CC2)CC1)c1cccs1,test,test,test,1,1,0.7419355,0.7419355,0.7419355
CN([C@H]1CC[C@H](CCN2CCN(c3nsc4ccccc34)CC2)CC1)S(=O)(=O)c1cccs1,train,train,train,1,1,0.64615387,0.64615387,0.64615387
O=S(=O)(N[C@H]1CC[C@H](CCN2CCN(c3nsc4ccccc34)CC2)CC1)c1cccnc1,train,train,train,0,0,0.75757575,0.75757575,0.71875
O=C(N[C@H]1CC[C@H](CCN2CCN(c3nsc4ccccc34)CC2)CC1)c1cc2ccccc2[nH]1,train,train,test,1,1,0.73913044,0.73913044,0.6865672
O=C(c1ccco1)N1CCC(CCN2CCN(c3nsc4ccccc34)CC2)CC1,train,train,train,1,1,0.671875,0.671875,0.671875
CCOC(=O)N1CCC(CCN2CCN(c3nsc4ccccc34)CC2)CC1,train,train,train,1,1,0.6935484,0.6935484,0.6935484
O=C(NC[C@H]1CC[C@H](CN2CCN(c3nsc4ccccc34)CC2)CC1)c1ccco1,train,train,test,1,1,0.8,0.8,0.8
O=C(NC[C@H]1CC[C@H](CN2CCN(c3nsc4cc(Cl)ccc34)CC2)CC1)c1ccco1,train,train,train,1,1,0.8,0.8,0.5769231
O=C(N[C@H]1CC[C@H](CCN2CCN(c3nsc4cc([N+](=O)[O-])ccc34)CC2)CC1)c1ccco1,train,train,train,1,1,0.8169014,0.8169014,0.8169014
Nc1ccc2c(N3CCN(CC[C@H]4CC[C@H](NC(=O)c5ccco5)CC4)CC3)nsc2c1,train,train,train,1,1,0.8169014,0.8169014,0.8169014
c1ccc(CN2CCN(CCCCCOc3cc(-c4ccccc4)ncn3)CC2)cc1,train,train,test,1,1,0.75510204,0.75510204,0.75510204
c1ccc(-c2cc(OCCCCCN3CCN(c4ccccc4)CC3)ncn2)cc1,train,train,train,1,1,0.85714287,0.85714287,0.8235294
CCOc1ccccc1N1CCN(CCCCCn2cnc(-c3ccccc3)cc2=O)CC1,train,train,train,1,1,0.6909091,0.6909091,0.6909091
O=c1cc(-c2ccccc2)ncn1CCCCCN1CCN(c2ccc(Cl)cc2)CC1,test,test,train,1,1,0.8541667,0.8541667,0.8541667
O=c1cc(-c2ccccc2)ncn1CCCCCN1CCN(c2cccc(Cl)c2)CC1,train,train,train,1,1,0.8367347,0.8367347,0.8367347
O=c1cc(-c2ccccc2)ncn1CCCCCN1CCN(Cc2ccccc2)CC1,train,train,train,1,1,0.75,0.75,0.75
O=c1cc(-c2ccccc2)ncn1CCCCCN1CCN(c2ccccc2)CC1,train,train,train,1,1,0.8367347,0.8367347,0.8541667
Clc1cccc(N2CCN(CCCCCOc3cc(-c4ccccc4)ncn3)CC2)c1,test,test,train,1,1,0.8235294,0.8235294,0.8235294
Clc1ccc(N2CCN(CCCCCOc3cc(-c4ccccc4)ncn3)CC2)cc1,train,train,test,1,1,0.85714287,0.85714287,0.85714287
CCOc1ccccc1N1CCN(CCCCCOc2cc(-c3ccccc3)ncn2)CC1,train,train,test,1,1,0.7090909,0.7090909,0.7090909
Cc1nc2ccccc2c(=O)n1CCCCCN1CCN(c2ccccc2)CC1,train,train,test,1,1,0.85714287,0.85714287,0.6964286
Cc1nc2ccccc2c(=O)n1CCCCCN1CCN(c2cccc(Cl)c2)CC1,test,test,test,1,1,0.8235294,0.8235294,0.66101694
Cc1nc2ccccc2c(=O)n1CCCCCN1CCN(c2ccc(Cl)cc2)CC1,train,train,test,1,1,0.85714287,0.85714287,0.64912283
CCOc1ccccc1N1CCN(CCCCCn2c(C)nc3ccccc3c2=O)CC1,train,train,train,1,1,0.6964286,0.6964286,0.7
Cc1nc(OCCCCCN2CCN(c3ccccc3)CC2)c2ccccc2n1,train,train,train,1,1,0.86,0.86,0.86
Cc1nc(OCCCCCN2CCN(c3ccc(Cl)cc3)CC2)c2ccccc2n1,train,train,train,1,1,0.86,0.86,0.86
c1ccc(OCCNCC2COC3(CCCCC3)O2)cc1,train,train,test,2,2,0.7346939,0.7346939,0.7346939
COc1ccccc1OCCNCC1COC2(CCCCC2)O1,train,train,train,2,2,0.7346939,0.7346939,0.6792453
COc1ccccc1N1CCN(CC2CSC3(CCCCC3)O2)CC1,train,train,train,2,2,0.6851852,0.6851852,0.6851852
c1ccc(OCCNCC2CSC3(CCCCC3)O2)cc1,test,test,train,2,2,0.72,0.72,0.72
COc1ccccc1OCCNCC1CSC2(CCCCC2)O1,train,train,train,2,2,0.6666667,0.6666667,0.72
COc1ccccc1N1CCN(CC2CSC3(CCCCC3)S2)CC1,train,train,train,2,2,0.6545454,0.6545454,0.6545454
c1ccc(OCCNCC2CSC3(CCCCC3)S2)cc1,train,train,train,0,0,0.72,0.72,0.72
COc1ccccc1OCCNCC1CSC2(CCCCC2)S1,train,train,train,2,2,0.72,0.72,0.72
COc1ccccc1N1CCN(CC2COC(c3ccccc3)(c3ccccc3)O2)CC1,train,train,train,2,2,0.75,0.75,0.6851852
OCCOc1cc(CC2CCN(CCc3ccc4c(c3)C(O)CCO4)CC2)ccc1Br,train,train,train,0,0,0.83870965,0.83870965,0.83870965
COCCOc1cc(CC2CCN(CCc3ccc4c(c3)C(=O)C(O)CO4)CC2)ccc1Br,train,train,test,0,0,0.84375,0.84375,0.84375
O=C1c2cc(CCN3CCC(Cc4ccc(Br)c(OCCO)c4)CC3)ccc2OCC1O,train,train,train,0,0,0.84375,0.84375,0.8
O=C1c2cc(CCN3CCC(Cc4ccc(Br)c(O)c4)CC3)ccc2OCC1O,test,test,train,0,0,0.7413793,0.7413793,0.7413793
COCCOc1cc(CC2CCN(CCc3ccc4occc(=O)c4c3)CC2)ccc1Br,test,test,test,0,0,0.828125,0.828125,0.7878788
O=c1ccoc2ccc(CCN3CCC(Cc4ccc(Br)c(OCCO)c4)CC3)cc12,train,train,test,0,0,0.73015875,0.73015875,0.8
O=C1CCOc2ccc(CCN3CCC(Cc4ccc(Br)c(O)c4)CC3)cc21,train,train,train,0,0,0.69491524,0.69491524,0.7413793
O=c1ccoc2ccc(CCN3CCC(Cc4ccc(Br)c(O)c4)CC3)cc12,train,train,train,0,0,0.73015875,0.73015875,0.71875
COCCOc1cc(CC2CCN(CCc3ccc4c(c3)C(=O)CC(O)O4)CC2)ccc1Br,train,train,train,0,0,0.73913044,0.73913044,0.7352941
COCCOc1cc(CC2CCN(CC(O)c3ccc4c(c3)C(=O)CCO4)CC2)ccc1Br,train,train,train,0,0,0.7083333,0.7083333,0.75714284
O=C(O)COc1cc(CC2CCN(CCc3ccc4c(c3)C(=O)C(O)CO4)CC2)ccc1Br,train,train,train,0,0,0.8030303,0.8030303,0.8
O=C(O)COc1cc(CC2CCN(CCc3ccc4occc(=O)c4c3)CC2)ccc1Br,test,test,train,0,0,0.8,0.8,0.71875
COCCOc1cc(CC2CCN(CCc3ccc4occ(O)c(=O)c4c3)CC2)ccc1Br,test,test,train,0,0,0.6438356,0.6438356,0.62666667
Oc1cc(CC2CCN(CCc3ccc4c(c3)C(O)CCO4)CC2)ccc1Br,train,train,train,0,0,0.73770493,0.73770493,0.73770493
O=C1CCc2ccc(OCCCCN3CCCN(c4cccc(Cl)c4Cl)CC3)nc2N1,train,train,train,1,1,0.9322034,0.9322034,0.9322034
Cn1c(=O)cnn(CCCCN2CCN(c3cccc(I)n3)CC2)c1=O,train,train,train,1,1,0.7692308,0.7692308,0.7692308
Cn1c(=O)cnn(CCCCN2CCN(c3ccccc3Br)CC2)c1=O,train,train,train,1,1,0.76,0.76,0.7755102
COc1cc2c(cc1O)[C@@H]1Cc3c(OC)ccc(OC)c3CN1CC2,train,train,train,2,2,0.67346936,0.67346936,0.67346936
COc1ccc(OC)c2c1C[C@H]1c3cc4c(cc3CCN1C2)OCO4,train,train,train,2,2,0.8666667,0.8666667,0.8666667
COc1ccc(OC)c2c1C[C@H]1c3cc4c(cc3CCN1C2)OCCO4,train,train,train,2,2,0.8666667,0.8666667,0.8666667
COc1cc2c(c(OC)c1)CN1CCc3cc(OC)c(OC)cc3[C@@H]1C2,test,test,train,2,2,0.62,0.62,0.62
CN(C)CC1=Cc2cn(S(=O)(=O)c3cccc4ccccc34)c3cccc(c23)O1,train,train,train,0,0,0.3548387,0.3548387,0.3548387
CCCN(CCC)CCc1ccccc1O,train,train,train,2,2,0.41463414,0.41463414,0.41463414
COc1ccccc1N1CCC2(CCN(CCCSc3nnc(-c4ccccc4)n3C)CC2)C1,train,train,test,2,2,0.80701756,0.80701756,0.80701756
Cn1c(SCCCN2CCC3(CC2)CCN(c2ccc(F)cc2)CC3)nnc1-c1ccccc1,train,train,train,1,1,0.65625,0.65625,0.5967742
COc1ccccc1N1CCN(CCCSc2nnc(-c3ccccc3)n2C)CC1,train,train,train,2,2,0.80701756,0.80701756,0.5967742
O=S(=O)(c1cccc2ncccc12)N1CCC(CCN2CCN(c3ccccc3)CC2)CC1,train,train,train,1,1,0.84210527,0.84210527,0.84210527
O=S(=O)(c1cncc2ccccc12)N1CCC(CCN2CCN(c3ccccc3)CC2)CC1,train,train,train,1,1,0.8545455,0.8545455,0.8545455
O=S(=O)(c1cccc2ncccc12)N1CCC(CCN2CCN(c3ccc(Cl)cc3)CC2)CC1,train,train,train,1,1,0.84745765,0.84745765,0.84745765
O=S(=O)(c1cccc2ncccc12)N1CCC(CCN2CCN(c3ccc(F)cc3)CC2)CC1,train,train,train,1,1,0.84210527,0.84210527,0.84210527
O=S(=O)(c1cncc2ccccc12)N1CCC(CCN2CCN(c3ccc(F)cc3)CC2)CC1,train,train,train,1,1,0.8545455,0.8545455,0.8545455
O=S(=O)(c1cccc2ncccc12)N1CCC(CCN2CCN(c3cccc(Cl)c3)CC2)CC1,train,train,train,1,1,0.86440676,0.86440676,0.86440676
O=S(=O)(c1cncc2ccccc12)N1CCC(CCN2CCN(c3cccc(Cl)c3)CC2)CC1,train,train,train,1,1,0.8245614,0.8245614,0.84745765
O=S(=O)(c1cccc2ncccc12)N1CCC(CCN2CCN(c3cccc(F)c3)CC2)CC1,train,train,train,1,1,0.8333333,0.8333333,0.8333333
O=S(=O)(c1cncc2ccccc12)N1CCC(CCN2CCN(c3cccc(F)c3)CC2)CC1,test,test,train,1,1,0.8196721,0.8196721,0.8196721
O=S(=O)(c1cccc2ncccc12)N1CCC(CCN2CCN(c3cccc(C(F)(F)F)c3)CC2)CC1,train,train,train,1,1,0.8095238,0.8095238,0.8095238
O=S(=O)(c1cncc2ccccc12)N1CCC(CCN2CCN(c3cccc(C(F)(F)F)c3)CC2)CC1,train,train,train,1,1,0.7936508,0.7936508,0.8095238
O=S(=O)(c1cccc2ncccc12)N1CCC(CCN2CCN(c3cccc(Cl)c3Cl)CC2)CC1,train,train,train,1,1,0.7580645,0.7580645,0.7580645
O=S(=O)(c1cncc2ccccc12)N1CCC(CCN2CCN(c3cccc(Cl)c3Cl)CC2)CC1,test,test,train,1,1,0.74603176,0.74603176,0.74603176
O=S(=O)(c1cccc2ncccc12)N1CCC(CCN2CCN(c3ccc(Cl)c(Cl)c3)CC2)CC1,train,train,train,1,1,0.86440676,0.86440676,0.86440676
O=S(=O)(c1cncc2ccccc12)N1CCC(CCN2CCN(c3ccc(Cl)c(Cl)c3)CC2)CC1,test,test,train,1,1,0.84745765,0.84745765,0.84745765
Cc1ccc(N2CCN(Cc3nc4ccccc4[nH]3)CC2)cc1C,train,train,train,1,1,0.38709676,0.38709676,0.3880597
Fc1ccc(OC[C@@H]2CC[C@H]3CN(c4ncc(F)cn4)CCN3C2)cc1,train,train,test,0,0,0.44067797,0.44067797,0.44067797
c1ccc2c(c1)CC(CN1CCN(c3ccc4c(c3)OCCO4)CC1)C2,train,train,test,1,1,0.41509435,0.41509435,0.40384614
Fc1ccc(N2CCN(CCC3OCCc4ccccc43)CC2)cc1,train,train,train,1,1,0.74509805,0.74509805,0.74509805
Cc1cccc(S(=O)(=O)NCCN2CC=C(c3c[nH]c4ccc(F)cc34)CC2)c1,test,test,train,4,4,0.9310345,0.9310345,0.9310345
Cc1cccc(S(=O)(=O)NCCCN2CC=C(c3c[nH]c4ccc(F)cc34)CC2)c1,train,train,train,4,4,0.82539684,0.82539684,0.9661017
Cc1cccc(S(=O)(=O)NCCCCN2CC=C(c3c[nH]c4ccc(F)cc34)CC2)c1,test,test,train,4,4,0.9661017,0.9661017,0.9661017
Cc1cccc(S(=O)(=O)NCCN2CC=C(c3c[nH]c4ccc(Cl)cc34)CC2)c1,train,train,test,4,4,0.9322034,0.9322034,0.90163934
Cc1cccc(S(=O)(=O)NCCCN2CC=C(c3c[nH]c4ccc(Cl)cc34)CC2)c1,train,train,test,4,4,0.96666664,0.96666664,0.96666664
Cc1cccc(S(=O)(=O)NCCCCN2CC=C(c3c[nH]c4ccc(Cl)cc34)CC2)c1,train,train,train,4,4,0.96666664,0.96666664,0.90163934
Cc1cccc(S(=O)(=O)NCCN2CC=C(c3c(C)[nH]c4ccc(Cl)cc34)CC2)c1,test,test,train,0,0,0.93333334,0.93333334,0.93333334
Cc1cccc(S(=O)(=O)NCCCN2CC=C(c3c(C)[nH]c4ccc(Cl)cc34)CC2)c1,train,train,train,0,0,0.9672131,0.9672131,0.9672131
Cc1cccc(S(=O)(=O)NCCCCN2CC=C(c3c(C)[nH]c4ccc(Cl)cc34)CC2)c1,train,train,train,1,1,0.9672131,0.9672131,0.9672131
O=S(=O)(NCCN1CC=C(c2c[nH]c3ccc(F)cc23)CC1)c1ccc2ccccc2c1,train,train,train,4,4,0.90163934,0.90163934,0.90163934
O=S(=O)(NCCCN1CC=C(c2c[nH]c3ccc(F)cc23)CC1)c1ccc2ccccc2c1,test,test,test,4,4,0.96666664,0.96666664,0.96666664
O=S(=O)(NCCCCN1CC=C(c2c[nH]c3ccc(F)cc23)CC1)c1ccc2ccccc2c1,train,train,train,4,4,0.90163934,0.90163934,0.90163934
O=S(=O)(NCCN1CC=C(c2c[nH]c3ccc(Cl)cc23)CC1)c1ccc2ccccc2c1,train,train,test,4,4,0.9032258,0.9032258,0.93333334
O=S(=O)(NCCCN1CC=C(c2c[nH]c3ccc(Cl)cc23)CC1)c1ccc2ccccc2c1,test,test,train,4,4,0.9672131,0.9672131,0.9672131
O=S(=O)(NCCCCN1CC=C(c2c[nH]c3ccc(Cl)cc23)CC1)c1ccc2ccccc2c1,train,train,train,4,4,0.9032258,0.9032258,0.9672131
Cc1[nH]c2ccc(Cl)cc2c1C1=CCN(CCNS(=O)(=O)c2ccc3ccccc3c2)CC1,train,train,train,0,0,0.93650794,0.93650794,0.93650794
Cc1[nH]c2ccc(Cl)cc2c1C1=CCN(CCCNS(=O)(=O)c2ccc3ccccc3c2)CC1,train,train,train,1,1,0.96875,0.96875,0.96875
Cc1[nH]c2ccc(Cl)cc2c1C1=CCN(CCCCNS(=O)(=O)c2ccc3ccccc3c2)CC1,train,train,train,1,1,0.96875,0.96875,0.96875
O=S(=O)(NCCN1CC=C(c2c[nH]c3ccc(Cl)cc23)CC1)c1cccc2ccccc12,train,train,train,4,4,0.93333334,0.93333334,0.93333334
O=S(=O)(NCCCN1CC=C(c2c[nH]c3ccc(Cl)cc23)CC1)c1cccc2ccccc12,train,train,train,4,4,0.9672131,0.9672131,0.9672131
O=S(=O)(NCCCCN1CC=C(c2c[nH]c3ccc(Cl)cc23)CC1)c1cccc2ccccc12,train,train,train,4,4,0.9672131,0.9672131,0.9672131
O=S(=O)(NCCN1CC=C(c2c[nH]c3ccc(Cl)cc23)CC1)c1cccc(F)c1,test,test,test,4,4,0.9310345,0.9310345,0.9
O=S(=O)(NCCCN1CC=C(c2c[nH]c3ccc(Cl)cc23)CC1)c1cccc(F)c1,train,train,test,4,4,0.9661017,0.9661017,0.9661017
O=S(=O)(NCCCCN1CC=C(c2c[nH]c3ccc(Cl)cc23)CC1)c1cccc(F)c1,train,train,train,4,4,0.9661017,0.9661017,0.9166667
O=S(=O)(NCCN1CC=C(c2c[nH]c3ccc(Cl)cc23)CC1)c1cccc(Cl)c1,train,train,train,4,4,0.9285714,0.9285714,0.9285714
O=S(=O)(NCCCN1CC=C(c2c[nH]c3ccc(Cl)cc23)CC1)c1cccc(Cl)c1,train,train,train,4,4,0.98214287,0.98214287,0.98214287
O=S(=O)(NCCCCN1CC=C(c2c[nH]c3ccc(Cl)cc23)CC1)c1cccc(Cl)c1,train,train,train,4,4,0.98214287,0.98214287,0.98214287
O=S(=O)(NCCN1CC=C(c2c[nH]c3ccc(Cl)cc23)CC1)c1cccc(O)c1,train,train,train,4,4,0.93333334,0.93333334,0.93333334
O=S(=O)(NCCCN1CC=C(c2c[nH]c3ccc(Cl)cc23)CC1)c1cccc(O)c1,train,train,train,4,4,0.9672131,0.9672131,0.9672131
O=S(=O)(NCCCCN1CC=C(c2c[nH]c3ccc(Cl)cc23)CC1)c1cccc(O)c1,train,train,train,4,4,0.9672131,0.9672131,0.9672131
O=S(=O)(NCCN1CC=C(c2c[nH]c3ccc(Cl)cc23)CC1)c1ccc(F)cc1,test,test,train,4,4,0.9285714,0.9285714,0.9285714
O=S(=O)(NCCCN1CC=C(c2c[nH]c3ccc(Cl)cc23)CC1)c1ccc(F)cc1,train,train,train,4,4,0.9649123,0.9649123,0.9649123
O=S(=O)(NCCCCN1CC=C(c2c[nH]c3ccc(Cl)cc23)CC1)c1ccc(F)cc1,train,train,train,4,4,0.9649123,0.9649123,0.9649123
O=S(=O)(NCCN1CC=C(c2c[nH]c3ccc(Cl)cc23)CC1)c1ccc(Cl)cc1,train,train,test,4,4,0.9245283,0.9245283,0.9245283
O=S(=O)(NCCCN1CC=C(c2c[nH]c3ccc(Cl)cc23)CC1)c1ccc(Cl)cc1,train,train,train,4,4,0.962963,0.962963,0.91071427
O=S(=O)(NCCCCN1CC=C(c2c[nH]c3ccc(Cl)cc23)CC1)c1ccc(Cl)cc1,train,train,test,4,4,0.962963,0.962963,0.962963
c1ccc(C2(c3ccccc3)COCC(CNCCOc3ccccn3)O2)cc1,train,train,train,0,0,0.6792453,0.6792453,0.6792453
COCOc1ccccc1OCCNCC1COCC(c2ccccc2)(c2ccccc2)O1,test,test,train,2,2,0.78431374,0.78431374,0.78431374
Oc1ccccc1OCCNCC1COCC(c2ccccc2)(c2ccccc2)O1,train,train,test,2,2,0.79591835,0.79591835,0.79591835
O=[N+]([O-])c1ccccc1OCCNCC1COCC(c2ccccc2)(c2ccccc2)O1,train,train,train,2,2,0.7090909,0.7090909,0.7090909
Cc1ccccc1OCCNCC1COCC(c2ccccc2)(c2ccccc2)O1,train,train,train,2,2,0.79591835,0.79591835,0.78431374
Clc1ccccc1OCCNCC1COCC(c2ccccc2)(c2ccccc2)O1,train,train,train,2,2,0.78,0.78,0.78
CC(=O)c1c(OCCCCN2CCN(c3ccccc3C#N)CC2)ccc2c(C)cc(=O)oc12,train,train,test,1,1,0.8,0.8,0.9672131
CC(=O)c1c(OCCCCN2CCN(c3cccc(Cl)c3Cl)CC2)ccc2c(C)cc(=O)oc12,train,train,test,1,1,0.9672131,0.9672131,0.88709676
CC(=O)c1c(OCCCCN2CCN(c3ccc(Cl)cc3)CC2)ccc2c(C)cc(=O)oc12,train,train,test,1,1,0.8064516,0.8064516,0.9649123
CC(=O)c1c(OCCCCN2CCN(c3ccncc3)CC2)ccc2c(C)cc(=O)oc12,train,train,test,1,1,0.8064516,0.8064516,0.9649123
CC(=O)c1c(OCCCCN2CCN(c3ccc([N+](=O)[O-])cc3)CC2)ccc2c(C)cc(=O)oc12,train,train,train,1,1,0.96666664,0.96666664,0.96666664
CC(=O)c1c(OCCCCN2CCOCC2)ccc2c(C)cc(=O)oc12,train,train,test,1,1,0.96,0.96,0.96
COc1cccc(N2CCN(CCCCOc3ccc4c(C)cc(=O)oc4c3C(C)=O)CC2)c1,test,test,train,1,1,0.96666664,0.96666664,0.96666664
CC(=O)c1c(OCCCCN2CCN(c3cnccn3)CC2)ccc2c(C)cc(=O)oc12,train,train,train,1,1,0.96666664,0.96666664,0.74242425
CC(=O)c1c(OCCCCN2CCN(c3ccccc3F)CC2)ccc2c(C)cc(=O)oc12,test,test,train,1,1,0.9661017,0.9661017,0.9661017
CC(=O)c1c(OCCCN2CCN(c3ccccc3C#N)CC2)ccc2c(C)cc(=O)oc12,test,test,train,1,1,0.9672131,0.9672131,0.8
CC(=O)c1c(OCCCN2CCN(c3cccc(Cl)c3Cl)CC2)ccc2c(C)cc(=O)oc12,train,train,test,1,1,0.9672131,0.9672131,0.88709676
CC(=O)c1c(OCCCN2CCN(c3ccc(Cl)cc3)CC2)ccc2c(C)cc(=O)oc12,test,test,train,1,1,0.9649123,0.9649123,0.8064516
CC(=O)c1c(OCCCN2CCN(c3ccncc3)CC2)ccc2c(C)cc(=O)oc12,test,test,train,1,1,0.9649123,0.9649123,0.8064516
CC(=O)c1c(OCCCN2CCN(c3ccc([N+](=O)[O-])cc3)CC2)ccc2c(C)cc(=O)oc12,train,train,train,1,1,0.96666664,0.96666664,0.96666664
CC(=O)c1c(OCCCN2CCOCC2)ccc2c(C)cc(=O)oc12,train,train,train,1,1,0.96,0.96,0.75
COc1cccc(N2CCN(CCCOc3ccc4c(C)cc(=O)oc4c3C(C)=O)CC2)c1,train,train,train,1,1,0.7878788,0.7878788,0.96666664
CC(=O)c1c(OCCCN2CCN(c3cnccn3)CC2)ccc2c(C)cc(=O)oc12,train,train,test,1,1,0.96666664,0.96666664,0.96666664
CC(=O)c1c(OCCCN2CCN(c3ccccc3F)CC2)ccc2c(C)cc(=O)oc12,train,train,train,1,1,0.82539684,0.82539684,0.9661017
CCc1nc2c(N3CCNCC3)ccnc2n1Cc1cccc(F)c1,test,test,train,3,3,0.78571427,0.78571427,0.78571427
CCc1nc2c(N3CCNCC3)ccnc2n1Cc1cccc(Cl)c1,train,train,train,3,3,0.75438595,0.75438595,0.78571427
CC(C)c1nc2c(N3CCNCC3)ccnc2n1Cc1cccc(F)c1,test,test,train,0,0,0.78571427,0.78571427,0.78571427
CC(C)c1nc2c(N3CCNCC3)ccnc2n1Cc1cccc(Cl)c1,train,train,train,1,1,0.75438595,0.75438595,0.78571427
O=S(=O)(c1ccccc1)c1cnc2c(N3CCNCC3)cccc2c1,train,train,train,1,1,0.3877551,0.3877551,0.4
COc1cccc(-c2ccc3c(c2)CN(Cc2ccccc2)C3)c1,train,train,train,2,2,0.81395346,0.81395346,0.81395346
COc1cccc(-c2ccc3c(c2)CCN(Cc2ccccc2)C3)c1,train,train,train,2,2,0.81395346,0.81395346,0.81395346
CN1CCN(c2ccc3c(c2)CN(C(=O)OCc2ccccc2)C3)CC1,test,test,test,1,1,0.75,0.75,0.75
O=C(OCc1ccccc1)N1Cc2ccc(N3CCN(C4CCCC4)CC3)cc2C1,train,train,train,1,1,0.8679245,0.8679245,0.8679245
O=C(OCc1ccccc1)N1CCc2ccc(N3CCN(C4CCCC4)CC3)cc2C1,train,train,train,1,1,0.8679245,0.8679245,0.8679245
CCOC(=O)CCN1CCN(c2ccc3c(c2)CN(C(=O)OCc2ccccc2)CC3)CC1,train,train,train,1,1,0.64615387,0.64615387,0.64615387
Cc1ccc(C(C)(C)CC(C)NCc2ccc(C(F)(F)F)cc2)o1,train,train,train,0,0,0.22535211,0.22535211,0.22535211
CCC1(C)CC(CCNCc2ccccc2)(c2ccc(C)cc2)CCO1,train,train,train,2,2,0.70689654,0.70689654,0.70689654
CCC1(C)CC(CCNCc2ccc(OC)c(OC)c2)(c2ccc(C)cc2)CCO1,train,train,train,2,2,0.70689654,0.70689654,0.70689654
COc1ccc(CNCCC(c2ccccc2)c2ccc3c(c2)OCO3)cc1,train,train,train,2,2,0.48333332,0.48333332,0.48333332
COc1cc(CNCCC2=CCCCC2)ccc1OCc1ccccc1,train,train,train,2,2,0.44444445,0.44444445,0.41666666
CC(NCCC(Cc1ccccc1)c1ccco1)c1ccc(Cl)cc1,train,train,train,0,0,0.64,0.64,0.64
Cc1ccc(C(CCNC(C)c2ccc(Cl)cc2)c2ccco2)cc1,train,train,train,0,0,0.7777778,0.7777778,0.7777778
Cc1ccc(C(C)NCCC(c2ccc(F)cc2)c2ccco2)cc1,train,train,train,0,0,0.7777778,0.7777778,0.7777778
COc1ccc(CNCCC(c2ccco2)c2ccccc2OC)cc1,train,train,train,2,2,0.48333332,0.48333332,0.48333332
CC(C)c1ccccc1OCC(C)N1CCC(NS(=O)(=O)c2cccc(F)c2)CC1,train,train,train,0,0,0.8245614,0.8245614,0.8245614
CC(C)c1ccccc1OCC(C)N1CCC(NS(=O)(=O)c2ccc(F)cc2)CC1,train,train,train,0,0,0.8245614,0.8245614,0.8245614
CC(COc1ccccc1-c1ccccc1)N1CCC(NS(=O)(=O)c2cccc(Cl)c2)CC1,train,train,train,0,0,0.73770493,0.73770493,0.73770493
CC(COc1ccccc1-c1ccccc1)N1CCC(NS(=O)(=O)c2ccc(F)cc2)CC1,train,train,train,0,0,0.7719298,0.7719298,0.7719298
CC(C)c1ccccc1OCCCN1CCC(NS(=O)(=O)c2cccc(F)c2)CC1,train,train,test,0,0,0.90909094,0.90909094,0.90909094
CC(C)c1ccccc1OCCCN1CCC(NS(=O)(=O)c2ccc(F)cc2)CC1,train,train,train,0,0,0.9019608,0.9019608,0.7735849
O=S(=O)(NC1CCN(CCCOc2ccccc2-c2ccccc2)CC1)c1cccc(Cl)c1,train,train,train,0,0,0.90909094,0.90909094,0.90909094
O=S(=O)(NC1CCN(CCCOc2ccccc2-c2ccccc2)CC1)c1ccc(F)cc1,train,train,train,0,0,0.9019608,0.9019608,0.9019608
CC(C)c1ccccc1OCC(O)CN1CCC(NS(=O)(=O)c2cccc(F)c2)CC1,train,train,train,0,0,0.7619048,0.7619048,0.8333333
CC(C)c1ccccc1OCC(O)CN1CCC(NS(=O)(=O)c2ccc(F)cc2)CC1,test,test,train,0,0,0.8333333,0.8333333,0.8333333
O=S(=O)(NC1CCN(CC(O)COc2ccccc2-c2ccccc2)CC1)c1cccc(Cl)c1,train,train,test,0,0,0.73015875,0.73015875,0.73015875
O=S(=O)(NC1CCN(CC(O)COc2ccccc2-c2ccccc2)CC1)c1ccc(F)cc1,test,test,test,0,0,0.74603176,0.74603176,0.76666665
OC(CN1CCN(c2ccccc2)CC1)c1ccc(Cl)c(Cl)c1,train,train,train,1,1,0.49056605,0.49056605,0.49056605
Clc1ccc(CCN2CCN(c3ccccc3-c3ccccc3)CC2)cc1Cl,train,train,test,1,1,0.537037,0.537037,0.4915254
Clc1ccc(CCN2CCN(c3nsc4ccccc34)CC2)cc1Cl,train,train,test,1,1,0.63793105,0.63793105,0.63793105
Cc1ccc(Sc2ccccc2N2CCNCC2)c(C)c1,train,train,train,2,2,0.4090909,0.4090909,0.4090909
COc1ccccc1N1CCN(CCCN2CCOc3ccccc32)CC1,test,test,train,2,2,0.6041667,0.6041667,0.5185185
CC(=O)c1c(OCCCN2CCN(c3ccccc3Cl)CC2)ccc2c(C)cc(=O)oc12,train,train,train,1,1,0.9655172,0.9655172,0.9655172
CC(=O)c1c(OCCCN2CCN(c3cc(C)cc(C)c3)CC2)ccc2c(C)cc(=O)oc12,train,train,train,1,1,0.96363634,0.96363634,0.96363634
CC(=O)c1c(OCCCN2CCN(c3cc(C)ccc3C)CC2)ccc2c(C)cc(=O)oc12,train,train,train,1,1,0.7741935,0.7741935,0.9649123
CC(=O)c1c(OCCCN2CCN(c3ccccc3Br)CC2)ccc2c(C)cc(=O)oc12,train,train,train,1,1,0.9661017,0.9661017,0.9661017
CC(=O)c1c(OCCCN2CCN(c3cccc(Br)c3)CC2)ccc2c(C)cc(=O)oc12,test,test,train,1,1,0.96666664,0.96666664,0.96666664
CC(=O)c1c(OCCCN2CCN(c3cccc(F)c3)CC2)ccc2c(C)cc(=O)oc12,test,test,train,1,1,0.96666664,0.96666664,0.96666664
CC(=O)c1c(OCCCN2CCN(c3ccccc3C(F)(F)F)CC2)ccc2c(C)cc(=O)oc12,test,test,train,1,1,0.9672131,0.9672131,0.9672131
COc1ccccc1N1CCN(CCCOc2ccc3c(C)cc(=O)oc3c2C(C)=O)CC1,train,train,test,2,2,0.82539684,0.82539684,0.82539684
CC(=O)c1c(OCCCCN2CCN(c3ccccc3Cl)CC2)ccc2c(C)cc(=O)oc12,train,train,train,1,1,0.9655172,0.9655172,0.9655172
CC(=O)c1c(OCCCCN2CCN(c3cc(C)cc(C)c3)CC2)ccc2c(C)cc(=O)oc12,train,train,train,1,1,0.96363634,0.96363634,0.96363634
CC(=O)c1c(OCCCCN2CCN(c3cc(C)ccc3C)CC2)ccc2c(C)cc(=O)oc12,test,test,train,1,1,0.9649123,0.9649123,0.9649123
CC(=O)c1c(OCCCCN2CCN(c3ccccc3Br)CC2)ccc2c(C)cc(=O)oc12,train,train,train,1,1,0.9661017,0.9661017,0.9661017
CC(=O)c1c(OCCCCN2CCN(c3cccc(Br)c3)CC2)ccc2c(C)cc(=O)oc12,train,train,train,1,1,0.8153846,0.8153846,0.96666664
CC(=O)c1c(OCCCCN2CCN(c3cccc(F)c3)CC2)ccc2c(C)cc(=O)oc12,train,train,train,1,1,0.8153846,0.8153846,0.96666664
CC(=O)c1c(OCCCCN2CCN(c3ccccc3C(F)(F)F)CC2)ccc2c(C)cc(=O)oc12,train,train,train,1,1,0.8,0.8,0.9672131
COc1ccccc1N1CCN(CCCCOc2ccc3c(C)cc(=O)oc3c2C(C)=O)CC1,test,test,test,2,2,0.9661017,0.9661017,0.82539684
NCCCCCCn1cc(CCCCN2CCC(c3ccc(-c4cc(C(=O)O)cc5cc(-c6ccc(C(F)(F)F)cc6)ccc45)cc3)CC2)nn1,test,test,train,1,1,0.29126215,0.29126215,0.2970297
COc1ccccc1N1CCN(CCCNc2cc(=O)n(C)c(=O)n2C)CC1,train,train,test,2,2,0.59375,0.59375,0.59375
O=C1Nc2ccccc2C12CCN(CCN1CCN(c3ccc(Cl)cc3)CC1)C2,train,train,train,1,1,0.9166667,0.9166667,0.9166667
O=C1Nc2ccccc2C12CCN(CCCN1CCN(c3ccc(Cl)cc3)CC1)C2,train,train,train,1,1,0.9166667,0.9166667,0.9166667
O=C1Nc2ccccc2C12CCN(CCN1CCN(c3ccccc3)CC1)C2,train,train,train,1,1,0.82978725,0.82978725,0.84782606
O=C1Nc2ccccc2C12CCN(CCN1CCN(c3cccc(Cl)c3)CC1)C2,train,train,train,1,1,0.8039216,0.8039216,0.8039216
O=C1Nc2ccccc2C12CCN(CCN1CCN(c3ccccc3Cl)CC1)C2,train,train,train,1,1,0.74509805,0.74509805,0.74509805
O=C1Nc2ccccc2C12CCN(CCN1CCN(c3ccc(Cl)c(Cl)c3)CC1)C2,train,train,test,1,1,0.7924528,0.7924528,0.7924528
O=C1Nc2ccccc2C12CCN(CCN1CCC(c3ccc(Cl)cc3)CC1)C2,train,train,train,0,0,0.8235294,0.8235294,0.8235294
O=C1Nc2ccccc2C12CCN(CCN1CCC(c3ccc(F)cc3)CC1)C2,train,train,train,0,0,0.8235294,0.8235294,0.8235294
O=C1Nc2ccccc2C12CCN(CCN1CC=C(c3ccc(F)cc3)CC1)C2,train,train,train,0,0,0.62068963,0.62068963,0.64285713
O=C1Nc2ccccc2C12CCN(CCN1CCN(c3ccc(F)cc3)CC1)C2,test,test,train,1,1,0.84782606,0.84782606,0.84782606
O=C1Nc2ccccc2C12CCN(CCN1CCC(Oc3ccc(Cl)cc3)CC1)C2,train,train,train,0,0,0.73214287,0.73214287,0.73214287
O=C(c1ccc(Cl)cc1)N1CCN(CCN2CCC3(C2)C(=O)Nc2ccccc23)CC1,test,test,train,1,1,0.7090909,0.7090909,0.7090909
CCc1cc(-c2ccoc2)nc(N2CCN(C)CC2)n1,test,test,train,1,1,0.8,0.8,0.8
CCCCc1cc(-c2ccoc2)nc(N2CCN(C)CC2)n1,train,train,train,1,1,0.3114754,0.3114754,0.8
Fc1ccc(-c2n[nH]c3c2CCNCC3)cc1,train,train,train,0,0,0.30769232,0.30769232,0.30769232
O=S(=O)(NC1CCN(CCOc2ccccc2)CC1)c1ccccc1Cl,train,train,train,0,0,0.76,0.76,0.76
O=S(=O)(NC1CCN(CCOc2ccccc2)CC1)c1ccccc1,train,train,train,0,0,0.84444445,0.84444445,0.84444445
O=S(=O)(NC1CCN(CCOc2ccccc2)CC1)c1ccccc1Br,train,train,test,0,0,0.8235294,0.8235294,0.76
O=S(=O)(NC1CCN(CCOc2ccccc2)CC1)c1ccccc1I,train,train,train,0,0,0.76,0.76,0.76
O=S(=O)(NC1CCN(CCOc2ccccc2)CC1)c1cccc(Cl)c1,train,train,test,0,0,0.8979592,0.8979592,0.8979592
O=S(=O)(NC1CCN(CCOc2ccccc2)CC1)c1cccc(Br)c1,train,train,train,0,0,0.88,0.88,0.7916667
O=S(=O)(NC1CCN(CCOc2ccccc2)CC1)c1ccc(Cl)cc1,train,train,train,0,0,0.9130435,0.9130435,0.9130435
O=S(=O)(NC1CCN(CCOc2ccccc2)CC1)c1ccc(Br)cc1,test,test,train,0,0,0.9130435,0.9130435,0.9130435
O=S(=O)(NC1CCN(CCOc2ccccc2Cl)CC1)c1ccccc1,train,train,train,0,0,0.76,0.76,0.79591835
O=S(=O)(NC1CCN(CCOc2ccccc2Br)CC1)c1ccccc1,test,test,train,0,0,0.8235294,0.8235294,0.79591835
O=S(=O)(NC1CCN(CCOc2ccccc2I)CC1)c1ccccc1,train,train,train,0,0,0.7735849,0.7735849,0.7735849
Cc1ccccc1OCCN1CCC(NS(=O)(=O)c2ccccc2)CC1,train,train,train,0,0,0.85714287,0.85714287,0.78
O=S(=O)(NC1CCN(CCOc2ccccc2C(F)(F)F)CC1)c1ccccc1,train,train,train,0,0,0.8235294,0.8235294,0.8235294
CC(C)(C)c1ccccc1OCCN1CCC(NS(=O)(=O)c2ccccc2)CC1,train,train,train,0,0,0.88235295,0.88235295,0.88235295
O=S(=O)(NC1CCN(CCOc2cccc(Cl)c2)CC1)c1ccccc1,train,train,train,0,0,0.8979592,0.8979592,0.80851066
O=S(=O)(NC1CCN(CCOc2cccc(Br)c2)CC1)c1ccccc1,train,train,test,0,0,0.88,0.88,0.88
O=S(=O)(NC1CCN(CCOc2cccc(I)c2)CC1)c1ccccc1,test,test,train,0,0,0.7916667,0.7916667,0.7916667
Cc1cccc(OCCN2CCC(NS(=O)(=O)c3ccccc3)CC2)c1,train,train,train,0,0,0.80851066,0.80851066,0.80851066
O=S(=O)(NC1CCN(CCOc2cccc(C(F)(F)F)c2)CC1)c1ccccc1,test,test,train,0,0,0.8333333,0.8333333,0.74545455
CC(C)c1cccc(OCCN2CCC(NS(=O)(=O)c3ccccc3)CC2)c1,test,test,train,0,0,0.7777778,0.7777778,0.7777778
CC(C)(C)c1cccc(OCCN2CCC(NS(=O)(=O)c3ccccc3)CC2)c1,train,train,test,0,0,0.7924528,0.7924528,0.8333333
O=S(=O)(NC1CCN(CCOc2cccc(-c3ccccc3)c2)CC1)c1ccccc1,train,train,test,0,0,0.80851066,0.80851066,0.80851066
O=S(=O)(NC1CCN(CCOc2ccc(Cl)cc2)CC1)c1ccccc1,train,train,train,0,0,0.9130435,0.9130435,0.9130435
O=S(=O)(NC1CCN(CCOc2ccc(Br)cc2)CC1)c1ccccc1,train,train,train,0,0,0.84444445,0.84444445,0.9130435
O=S(=O)(NC1CCN(CCOc2cccc(Br)c2I)CC1)c1ccccc1,train,train,test,0,0,0.754717,0.754717,0.8235294
O=S(=O)(NC1CCN(CCOc2cc(Br)ccc2I)CC1)c1ccccc1,train,train,train,0,0,0.7735849,0.7735849,0.7735849
O=S(=O)(NC1CCN(CCOc2cccc(Br)c2)CC1)c1ccccc1Br,train,train,test,0,0,0.8235294,0.8235294,0.74545455
O=S(=O)(NC1CCN(CCOc2cccc(Br)c2)CC1)c1cccc(Cl)c1,train,train,test,0,0,0.8363636,0.8363636,0.8363636
O=S(=O)(NC1CCN(CCOc2cccc(Br)c2)CC1)c1cccc(Br)c1,test,test,test,0,0,0.8979592,0.8979592,0.8979592
O=S(=O)(NC1CCN(CCOc2cccc(Br)c2)CC1)c1ccc(Cl)cc1,train,train,train,0,0,0.86538464,0.86538464,0.86538464
O=S(=O)(NC1CCN(CCOc2cccc(Br)c2)CC1)c1ccc(Br)cc1,train,train,train,0,0,0.88,0.88,0.86538464
COCCOc1cccc(CC2CCN(CCc3cc4c(cc3Cl)OCCO4)CC2)c1Br,test,test,train,0,0,0.765625,0.765625,0.765625
COCCOc1cc(CC2CCN(CCc3cc4c(cc3Cl)OCCO4)CC2)ccc1Br,train,train,train,0,0,0.7741935,0.7741935,0.7741935
COCCOc1cc(Br)cc(CC2CCN(CCc3cc4c(cc3Cl)OCCO4)CC2)c1,test,test,test,0,0,0.74603176,0.74603176,0.7121212
COCCOc1cc(CC2CCN(CCc3ccc4c(c3)OCCO4)CC2)ccc1Br,train,train,train,3,3,0.8032787,0.8032787,0.8032787
COCCOc1cc(Br)cc(CC2CCN(CCc3ccc4c(c3)OCCO4)CC2)c1,train,train,test,3,3,0.78125,0.78125,0.78125
COCCOc1cc(CC2CCN(CCc3ccc4c(c3)CCCO4)CC2)ccc1Br,train,train,train,0,0,0.8852459,0.8852459,0.8852459
COCCOc1cc(CC2CCN(CCc3ccc4c(c3)C(O)CCO4)CC2)ccc1Br,train,train,train,0,0,0.83870965,0.83870965,0.83870965
COCCOc1cc(CC2CCN(CCc3ccc4c(c3)C(=O)CCO4)CC2)ccc1Br,test,test,train,0,0,0.93333334,0.93333334,0.93333334
COCCOc1cc(CC2CCN(CCc3ccc4c(c3)OCCC4)CC2)ccc1Br,train,train,train,0,0,0.8852459,0.8852459,0.8852459
COCCOc1cc(CC2CCN(CCc3ccc4c(c3)OCCC4=O)CC2)ccc1Br,train,train,train,0,0,0.84375,0.84375,0.93333334
COCCOc1cc(CC2CCN(CCc3ccc4c(c3)C(=O)CCC4)CC2)ccc1Br,test,test,train,0,0,0.77272725,0.77272725,0.77272725
COCCOc1cc(CC2CCN(CCc3ccc4c(c3)C(=O)CCCO4)CC2)ccc1Br,train,train,train,0,0,0.84375,0.84375,0.9032258
COCCOc1cc(CC2CCN(CCc3ccc4c(c3)S(=O)(=O)CCO4)CC2)ccc1Br,train,train,train,0,0,0.75384617,0.75384617,0.75384617
COCCOc1cc(Br)cc(CC2CCN(CCc3ccc4c(c3)C(=O)CCO4)CC2)c1,train,train,train,0,0,0.8,0.8,0.8
COCCOc1cccc(CC2CCN(CCc3ccc4c(c3)C(=O)CCO4)CC2)c1,train,train,train,0,0,0.8,0.8,0.8
COCCOc1cc(CC2CCN(CCc3ccc4c(c3)C(=O)CCO4)CC2)ccc1F,train,train,train,0,0,0.82539684,0.82539684,0.82539684
COCCOc1cc(CC2CCN(CCc3ccc4c(c3)C(=O)CCO4)CC2)ccc1Cl,test,test,train,0,0,0.82539684,0.82539684,0.82539684
COCCOc1cc(CC2CCN(CCc3ccc4c(c3)C(=O)CCO4)CC2)ccc1I,train,train,train,0,0,0.82539684,0.82539684,0.82539684
COCCOc1cc(CC2CCN(CCc3ccc4c(c3)C(=O)CCO4)CC2)ccc1C,train,train,train,0,0,0.83870965,0.83870965,0.83870965
CCc1ccc(CC2CCN(CCc3ccc4c(c3)C(=O)CCO4)CC2)cc1OCCOC,test,test,train,0,0,0.82539684,0.82539684,0.82539684
COCCOc1cc(CC2CCN(CCc3ccc4c(c3)C(=O)CCO4)CC2)ccc1C(C)C,train,train,train,0,0,0.83870965,0.83870965,0.83870965
CCCCN1CCC(c2cccc(O)c2)C1,test,test,train,0,0,0.92105263,0.92105263,0.8974359
CCCCCN1CCC(c2cccc(O)c2)C1,train,train,test,0,0,0.9736842,0.9736842,0.9736842
CCCCCCN1CCC(c2cccc(O)c2)C1,train,train,train,0,0,1.0,1.0,1.0
CCCCCCCN1CCC(c2cccc(O)c2)C1,train,train,test,0,0,1.0,1.0,1.0
CCCCCCCCN1CCC(c2cccc(O)c2)C1,train,train,test,0,0,1.0,1.0,1.0
CCCCCCCCCCN1CCC(c2cccc(O)c2)C1,test,test,train,0,0,1.0,1.0,1.0
O=S(=O)(c1cncc2ccccc12)N1CCCCC[C@H]1CCN1CCN(c2cccc3sccc23)CC1,train,train,train,1,1,0.984375,0.984375,0.984375
O=S(=O)(c1cccc2ncccc12)N1CCCCC[C@H]1CCN1CCN(c2cccc3sccc23)CC1,train,train,train,1,1,0.984375,0.984375,0.984375
O=S(=O)(c1cncc2ccccc12)N1CCCC[C@@H]1CCN1CCN(c2cccc3sccc23)CC1,train,train,train,1,1,0.984375,0.984375,0.984375
O=S(=O)(c1cccc2ncccc12)N1CCCC[C@@H]1CCN1CCN(c2cccc3sccc23)CC1,train,train,train,1,1,0.984375,0.984375,0.984375
O=S(=O)(c1cncc2ccccc12)N1CC[C@@H]1CCN1CCN(c2cccc3sccc23)CC1,test,test,test,1,1,0.8923077,0.8923077,0.8923077
O=S(=O)(c1cccc2ncccc12)N1CC[C@@H]1CCN1CCN(c2cccc3sccc23)CC1,test,test,test,1,1,0.8923077,0.8923077,0.8923077
O=S(=O)(c1ccnc2ccccc12)N1CCCCC[C@H]1CCN1CCN(c2nsc3ccccc23)CC1,test,test,train,1,1,0.9836066,0.9836066,0.90625
O=S(=O)(c1cccc2ncccc12)N1CCCCC[C@H]1CCN1CCN(c2nsc3ccccc23)CC1,train,train,test,1,1,0.983871,0.983871,0.983871
O=S(=O)(c1ccnc2ccccc12)N1CCCC[C@@H]1CCN1CCN(c2nsc3ccccc23)CC1,train,train,test,1,1,0.9206349,0.9206349,0.9836066
O=S(=O)(c1cccc2ncccc12)N1CCCC[C@@H]1CCN1CCN(c2nsc3ccccc23)CC1,train,train,train,1,1,0.983871,0.983871,0.90625
O=S(=O)(c1cncc2ccccc12)N1CC[C@@H]1CCN1CCN(c2nsc3ccccc23)CC1,train,train,train,1,1,0.6911765,0.6911765,0.63380283
O=S(=O)(c1cccc2ncccc12)N1CC[C@@H]1CCN1CCN(c2nsc3ccccc23)CC1,train,train,test,1,1,0.8888889,0.8888889,0.8888889
O=S(=O)(c1cccc2cnccc12)N1CCC[C@H]1CCN1CCN(c2noc3ccccc23)CC1,train,train,train,1,1,0.8484849,0.8484849,0.8484849
O=S(=O)(c1cncc2ccccc12)N1CCC[C@H]1CCN1CCN(c2noc3ccccc23)CC1,train,train,train,1,1,0.8484849,0.8484849,0.8484849
O=S(=O)(c1cccc2ncccc12)N1CCC[C@H]1CCN1CCN(c2noc3ccccc23)CC1,train,train,train,1,1,0.75714284,0.75714284,0.75714284
O=S(=O)(c1cncc2ccccc12)N1CCC[C@H]1CCN1CCC(c2noc3cc(F)ccc23)CC1,train,train,train,0,0,0.6533333,0.6533333,0.6533333
O=c1[nH]c2c(N3CCN(CC[C@@H]4CCCN4S(=O)(=O)c4cccc5ncccc45)CC3)cccc2o1,train,train,test,1,1,0.6891892,0.6891892,0.6891892
Fc1ccc2[nH]cc(CCN3CCN(c4ccccc4-c4ccccc4)CC3)c2c1,train,train,train,4,4,0.88461536,0.88461536,0.88461536
Fc1cccc(-c2ccccc2N2CCN(CCc3c[nH]c4ccc(F)cc34)CC2)c1,train,train,test,4,4,0.8888889,0.8888889,0.8888889
Fc1ccc2[nH]cc(CCN3CCN(c4ccccc4-c4ccccc4F)CC3)c2c1,train,train,train,4,4,0.8113208,0.8113208,0.8113208
Fc1ccc2[nH]cc(CCCN3CCN(c4ccccc4-c4ccccc4)CC3)c2c1,test,test,train,4,4,0.8888889,0.8888889,0.8888889
Fc1cccc(-c2ccccc2N2CCN(CCCc3c[nH]c4ccc(F)cc34)CC2)c1,train,train,train,4,4,0.8888889,0.8888889,0.8888889
Fc1cccc(-c2cc(F)ccc2N2CCN(CCCc3c[nH]c4ccc(F)cc34)CC2)c1,test,test,train,4,4,0.8727273,0.8727273,0.8727273
Fc1cccc(-c2c(F)cccc2N2CCN(CCCc3c[nH]c4ccc(F)cc34)CC2)c1,test,test,test,4,4,0.779661,0.779661,0.779661
Fc1cccc(-c2ccc(F)cc2N2CCN(CCCc3c[nH]c4ccc(F)cc34)CC2)c1,train,train,train,4,4,0.8727273,0.8727273,0.8727273
Fc1ccc(N2CCN(CCCc3c[nH]c4ccc(F)cc34)CC2)c(-c2ccccc2)c1,train,train,train,4,4,0.7894737,0.7894737,0.8867925
Fc1cc(N2CCN(CCc3coc4ccccc34)CC2)c2ncccc2c1,test,test,train,1,1,0.44444445,0.44444445,0.44444445
COc1cc2c3c(c1OC)-c1ccccc1[C@@H](O)[C@@H]3NCC2,train,train,train,2,2,0.4385965,0.4385965,0.42424244
CC1(c2ccc(F)cc2)NC(=O)N(CC(O)CN2CCN(C(=O)c3ccccc3)CC2)C1=O,test,test,train,1,1,0.75438595,0.75438595,0.75438595
CC1(c2ccc(F)cc2)NC(=O)N(CC(O)CN2CCN(Cc3cccc4ccccc34)CC2)C1=O,train,train,test,1,1,0.7966102,0.7966102,0.704918
CC1(c2ccc(F)cc2)NC(=O)N(CC(O)CN2CCN(c3cccc4ccccc34)CC2)C1=O,train,train,test,1,1,0.8214286,0.8214286,0.8214286
CC1(c2ccc(F)cc2)NC(=O)N(CC(O)CN2CCC(Oc3ccccc3)CC2)C1=O,train,train,train,0,0,0.7,0.7,0.8333333
CC1(c2ccc(F)cc2)NC(=O)N(CC(O)CN2CCC(Oc3ccc(Cl)cc3)CC2)C1=O,test,test,train,0,0,0.8333333,0.8333333,0.8333333
COc1ccccc1N1CCN(CC(O)CN2C(=O)NC(C)(c3cccc4ccccc34)C2=O)CC1,train,train,train,2,2,0.765625,0.765625,0.74603176
CC1(c2cccc3ccccc23)NC(=O)N(CC(O)CN2CCN(c3ccccc3C#N)CC2)C1=O,test,test,test,1,1,0.78125,0.78125,0.78125
COc1ccccc1N1CCN(CC(O)CN2C(=O)NC(C)(c3ccc4ccccc4c3)C2=O)CC1,train,train,test,2,2,0.81666666,0.81666666,0.81666666
CC1(c2ccc3ccccc3c2)NC(=O)N(CC(O)CN2CCN(c3ccccc3C#N)CC2)C1=O,train,train,test,1,1,0.8032787,0.8032787,0.8032787
COc1ccccc1N1CCN(CC(O)CN2C(=O)NC(C)(C)C2=O)CC1,train,train,train,2,2,0.7719298,0.7719298,0.7719298
CC1(C)NC(=O)N(CC(O)CN2CCN(c3ccccc3C#N)CC2)C1=O,train,train,train,1,1,0.7586207,0.7586207,0.7586207
CC1(C)NC(=O)N(CC(O)CN2CCN(C(c3ccccc3)c3ccccc3)CC2)C1=O,train,train,train,1,1,0.7222222,0.7222222,0.7222222
CC1(c2ccc(F)cc2)NC(=O)N(CC(O)CN2CCc3ccccc3C2)C1=O,test,test,train,0,0,0.7017544,0.7017544,0.7017544
O=C(NCCc1c[nH]c2ccccc12)C1CCN(C(=O)c2ccccc2)CC1,train,train,test,4,4,0.8867925,0.8867925,0.8867925
O=C(NCc1ccccc1)C1CCN(C(=O)c2ccc(-c3ccccc3)cc2)CC1,train,train,train,0,0,0.61403507,0.61403507,0.61403507
O=C(NCCc1c[nH]c2ccccc12)C1CCN(C(=O)c2ccc(-c3ccccc3)cc2)CC1,train,train,train,4,4,0.8867925,0.8867925,0.61403507
OC1(c2ccc(Cl)c(C(F)(F)F)c2)CCN(CCCC=C(c2ccc(F)cc2)c2ccc(F)cc2)CC1,train,train,train,1,1,0.6721311,0.6721311,0.68333334
OC1(c2ccc(Cl)c(C(F)(F)F)c2)CCN(CCCCCc2ccc(F)cc2)CC1,test,test,train,1,1,0.7241379,0.7241379,0.7368421
OC1(c2ccc(Cl)c(C(F)(F)F)c2)CCN(CCCN(c2ccc(F)cc2)c2ccc(F)cc2)CC1,train,train,train,1,1,0.7627119,0.7627119,0.9607843
OC1(c2ccc(Cl)c(C(F)(F)F)c2)CCN(CCCCN(c2ccc(F)cc2)c2ccc(F)cc2)CC1,test,test,train,1,1,0.9607843,0.9607843,0.9607843
OC1(c2ccc(Cl)c(C(F)(F)F)c2)CCN(CCCCC(c2ccc(F)cc2)c2ccc(F)cc2)CC1,train,train,test,1,1,0.9423077,0.9423077,0.9423077
OC1(c2ccc(Cl)c(C(F)(F)F)c2)CCN(CCCC(c2ccccc2)c2ccccc2)CC1,train,train,train,1,1,0.8490566,0.8490566,0.8490566
COc1ccc(N(CCCCN2CCC(O)(c3ccc(Cl)c(C(F)(F)F)c3)CC2)c2ccc(OC)cc2)cc1,train,train,test,1,1,0.7627119,0.7627119,0.79310346
OC1(c2ccc(Cl)c(C(F)(F)F)c2)CCN(CCCC(c2ccc(F)cc2)c2ccc(F)cc2)CC1,train,train,train,1,1,0.9423077,0.9423077,0.8490566
CC(=O)c1c(C)cc2oc(=O)cc(C)c2c1OCCCN1CCN(c2ccncc2)CC1,test,test,train,1,1,0.9649123,0.9649123,0.9649123
CC(=O)c1c(C)cc2oc(=O)cc(C)c2c1OCCCN1CCN(c2ccccc2C#N)CC1,train,train,train,1,1,0.8,0.8,0.8
CC(=O)c1c(C)cc2oc(=O)cc(C)c2c1OCCCN1CCN(c2cccc(Cl)c2Cl)CC1,test,test,train,1,1,0.9672131,0.9672131,0.76119405
CC(=O)c1c(C)cc2oc(=O)cc(C)c2c1OCCCN1CCN(c2ccc(Cl)cc2)CC1,train,train,train,1,1,0.8095238,0.8095238,0.9649123
CC(=O)c1c(C)cc2oc(=O)cc(C)c2c1OCCCN1CCN(c2ccc([N+](=O)[O-])cc2)CC1,train,train,train,1,1,0.9661017,0.9661017,0.9661017
CC(=O)c1c(C)cc2oc(=O)cc(C)c2c1OCCCN1CCOCC1,train,train,train,1,1,0.96,0.96,0.96
COc1cccc(N2CCN(CCCOc3c(C(C)=O)c(C)cc4oc(=O)cc(C)c34)CC2)c1,train,train,train,1,1,0.96666664,0.96666664,0.74242425
CC(=O)c1c(C)cc2oc(=O)cc(C)c2c1OCCCN1CCN(c2cnccn2)CC1,train,train,train,1,1,0.9661017,0.9661017,0.75384617
CC(=O)c1c(C)cc2oc(=O)cc(C)c2c1OCCCN1CCN(c2ccccc2F)CC1,train,train,train,1,1,0.8,0.8,0.9661017
CC(=O)c1c(C)cc2oc(=O)cc(C)c2c1OCCCCN1CCN(c2ccncc2)CC1,train,train,train,1,1,0.78125,0.78125,0.9649123
CC(=O)c1c(C)cc2oc(=O)cc(C)c2c1OCCCCN1CCN(c2cccc(Cl)c2Cl)CC1,train,train,test,1,1,0.7352941,0.7352941,0.9672131
CC(=O)c1c(C)cc2oc(=O)cc(C)c2c1OCCCCN1CCN(c2ccc(Cl)cc2)CC1,test,test,train,1,1,0.9649123,0.9649123,0.9649123
CC(=O)c1c(C)cc2oc(=O)cc(C)c2c1OCCCCN1CCN(c2ccc([N+](=O)[O-])cc2)CC1,train,train,train,1,1,0.9661017,0.9661017,0.9661017
CC(=O)c1c(C)cc2oc(=O)cc(C)c2c1OCCCCN1CCOCC1,train,train,train,1,1,0.96,0.96,0.96
COc1cccc(N2CCN(CCCCOc3c(C(C)=O)c(C)cc4oc(=O)cc(C)c34)CC2)c1,train,train,test,1,1,0.96666664,0.96666664,0.96666664
CC(=O)c1c(C)cc2oc(=O)cc(C)c2c1OCCCCN1CCN(c2cnccn2)CC1,train,train,test,1,1,0.9661017,0.9661017,0.9661017
CC(=O)c1c(C)cc2oc(=O)cc(C)c2c1OCCCCN1CCN(c2ccccc2F)CC1,test,test,train,1,1,0.9661017,0.9661017,0.9661017
Cc1cc(OCCCN2CCN(c3ccncc3)CC2)c2c(C)cc(=O)oc2c1,train,train,train,1,1,0.9444444,0.9444444,0.9444444
Cc1cc(OCCCN2CCN(c3ccccc3C#N)CC2)c2c(C)cc(=O)oc2c1,train,train,train,1,1,0.94827586,0.94827586,0.7741935
Cc1cc(OCCCN2CCN(c3cccc(Cl)c3Cl)CC2)c2c(C)cc(=O)oc2c1,train,train,train,1,1,0.94827586,0.94827586,0.94827586
Cc1cc(OCCCN2CCN(c3ccc(Cl)cc3)CC2)c2c(C)cc(=O)oc2c1,train,train,train,1,1,0.9444444,0.9444444,0.9444444
Cc1cc(OCCCN2CCN(c3ccc([N+](=O)[O-])cc3)CC2)c2c(C)cc(=O)oc2c1,train,train,test,1,1,0.94736844,0.94736844,0.94736844
Cc1cc(OCCCN2CCOCC2)c2c(C)cc(=O)oc2c1,train,train,train,1,1,0.9347826,0.9347826,0.9347826
COc1cccc(N2CCN(CCCOc3cc(C)cc4oc(=O)cc(C)c34)CC2)c1,train,train,test,1,1,0.7258065,0.7258065,0.94736844
Cc1cc(OCCCN2CCN(c3cnccn3)CC2)c2c(C)cc(=O)oc2c1,train,train,train,1,1,0.73770493,0.73770493,0.9464286
Cc1cc(OCCCN2CCN(c3ccccc3F)CC2)c2c(C)cc(=O)oc2c1,test,test,train,1,1,0.9464286,0.9464286,0.7741935
Cc1cc(OCCCCN2CCN(c3ccncc3)CC2)c2c(C)cc(=O)oc2c1,train,train,train,1,1,0.9444444,0.9444444,0.9444444
Cc1cc(OCCCCN2CCN(c3ccccc3C#N)CC2)c2c(C)cc(=O)oc2c1,train,train,test,1,1,0.94827586,0.94827586,0.94827586
Cc1cc(OCCCCN2CCN(c3cccc(Cl)c3Cl)CC2)c2c(C)cc(=O)oc2c1,train,train,train,1,1,0.94827586,0.94827586,0.94827586
Cc1cc(OCCCCN2CCN(c3ccc(Cl)cc3)CC2)c2c(C)cc(=O)oc2c1,train,train,train,1,1,0.9444444,0.9444444,0.9444444
Cc1cc(OCCCCN2CCN(c3ccc([N+](=O)[O-])cc3)CC2)c2c(C)cc(=O)oc2c1,train,train,train,1,1,0.94736844,0.94736844,0.78688526
Cc1cc(OCCCCN2CCOCC2)c2c(C)cc(=O)oc2c1,train,train,train,1,1,0.9347826,0.9347826,0.9347826
COc1cccc(N2CCN(CCCCOc3cc(C)cc4oc(=O)cc(C)c34)CC2)c1,test,test,train,1,1,0.94736844,0.94736844,0.73015875
Cc1cc(OCCCCN2CCN(c3cnccn3)CC2)c2c(C)cc(=O)oc2c1,test,test,train,1,1,0.9464286,0.9464286,0.9464286
Cc1cc(OCCCCN2CCN(c3ccccc3F)CC2)c2c(C)cc(=O)oc2c1,train,train,test,1,1,0.7777778,0.7777778,0.9464286
O=C1c2ccccc2S(=O)(=O)N1CCCCCCN1CCN(c2nsc3ccccc23)CC1,train,train,train,1,1,0.73333335,0.73333335,0.73333335
O=C1c2ccccc2S(=O)(=O)N1CCCCCCN1CCN(c2ncccn2)CC1,test,test,train,1,1,0.9767442,0.9767442,0.9767442
O=C1c2ccccc2S(=O)(=O)N1CCCCCCN1CCN(c2ccccn2)CC1,train,train,test,1,1,0.7916667,0.7916667,0.8125
O=C1c2ccccc2S(=O)(=O)N1CCCCCCN1CCN(c2cccc3cccnc23)CC1,test,test,train,1,1,0.74545455,0.74545455,0.74545455
O=C1c2ccccc2S(=O)(=O)N1CCCCCCN1CCN(c2cccc3ccccc23)CC1,train,train,train,1,1,0.76,0.76,0.74545455
O=C1c2ccccc2S(=O)(=O)N1CCCCCCN1CCN(c2ccccc2)CC1,train,train,test,1,1,0.7916667,0.7916667,0.82608694
O=C1c2ccccc2S(=O)(=O)N1CCCCCCN1CCN(c2cccc(C(F)(F)F)c2)CC1,train,train,train,1,1,0.74545455,0.74545455,0.74545455
O=C1c2ccccc2S(=O)(=O)N1CCCCCCN1CCN(c2ccccc2C(F)(F)F)CC1,train,train,train,1,1,0.75,0.75,0.75
COc1ccc(N2CCN(CCCCCCN3C(=O)c4ccccc4S3(=O)=O)CC2)cc1,train,train,train,1,1,0.8113208,0.8113208,0.75
COc1cccc(N2CCN(CCCCCCN3C(=O)c4ccccc4S3(=O)=O)CC2)c1,train,train,test,1,1,0.8113208,0.8113208,0.8113208
COc1ccccc1N1CCN(CCCCCCN2C(=O)c3ccccc3S2(=O)=O)CC1,train,train,train,2,2,0.7307692,0.7307692,0.7169811
O=C1c2ccccc2S(=O)(=O)N1CCCCCCN1CCN(c2ccc(Cl)c(Cl)c2)CC1,train,train,train,1,1,0.78846157,0.78846157,0.78846157
O=C1c2ccccc2S(=O)(=O)N1CCCCCCN1CCN(c2cccc(Cl)c2Cl)CC1,train,train,train,1,1,0.875,0.875,0.7358491
O=C1c2ccccc2S(=O)(=O)N1CCCCCCN1CCN(c2ccc(Cl)cc2)CC1,test,test,train,1,1,0.82608694,0.82608694,0.8
O=C1c2ccccc2S(=O)(=O)N1CCCCCCN1CCN(c2cccc(Cl)c2)CC1,train,train,train,1,1,0.7916667,0.7916667,0.8
O=C1c2ccccc2S(=O)(=O)N1CCCCCCN1CCN(c2ccccc2F)CC1,train,train,train,1,1,0.7755102,0.7755102,0.75
O=C1c2ccccc2S(=O)(=O)N1CCCCCCN1CCN(c2ccccc2Cl)CC1,train,train,test,1,1,0.875,0.875,0.875
CN1CC[C@H]2c3ccccc3N(c3ccccc3)C[C@]21C,train,train,train,0,0,0.4893617,0.4893617,0.4893617
CC[C@H]1c2cc(OC)ccc2CC[C@@]1(C)N,train,train,test,2,2,0.6,0.6,0.6
CC[C@H]1c2cc(C)ccc2OC[C@@]1(C)N,train,train,train,0,0,0.6904762,0.6904762,0.6904762
CC[C@H]1c2ccccc2N(c2ccccc2)C[C@@]1(C)N,train,train,train,1,1,0.4893617,0.4893617,0.4893617
CC[C@H]1c2cc(OC)ccc2OC[C@@]1(C)N,train,train,train,2,2,0.6904762,0.6904762,0.6904762
CC[C@H]1c2cc(-c3ccccc3)ccc2OC[C@@]1(C)N,train,train,train,0,0,0.6744186,0.6744186,0.6744186
CC[C@H]1c2ccc3ccccc3c2OC[C@@]1(C)N,train,train,train,0,0,0.6363636,0.6363636,0.6363636
CC[C@H]1c2c(ccc3ccccc23)OC[C@@]1(C)N,train,train,train,0,0,0.6363636,0.6363636,0.6363636
COc1cc(OC)c2c(c1)OC[C@@]1(C)NCC[C@@H]21,train,train,train,2,2,0.42,0.42,0.42
C[C@@]12COc3c(-c4ccccc4)cccc3[C@@H]1CCN2,test,test,test,0,0,0.65909094,0.65909094,0.65909094
CN1CC[C@H]2c3cccc(-c4ccccc4)c3OC[C@]21C,train,train,train,0,0,0.4509804,0.4509804,0.4509804
C[C@@]12COc3c(Br)cccc3[C@@H]1CCN2,train,train,train,0,0,0.42,0.42,0.42
C=CCc1ccccc1OCC(O)CNC(C)C,train,train,train,2,2,0.5849057,0.5849057,0.55932206
COC(=O)CSCCCc1ccccc1OCC(O)CNC(C)C,train,train,train,2,2,0.6615385,0.6615385,0.6615385
CC(C)NCC(O)COc1ccccc1CCCSCC(=O)NCCOCCOCCNC(=O)OC(C)(C)C,train,train,train,2,2,0.8484849,0.8484849,0.8484849
CC(C)NCC(O)COc1ccccc1CCCSCC(=O)NCCOCCOCCN,train,train,train,2,2,0.8484849,0.8484849,0.8484849
CC(C)NCC(O)COc1ccccc1CCCSCC(=O)NCCOCCOCCNC(=O)CCCCCC1(C)C(/C=C/C=C/C=C2/N(CCCS(=O)(=O)O)c3ccc(S(=O)(=O)O)cc3C2(C)C)=[N+](CCCS(=O)(=O)O)c2ccc(S(=O)(=O)O)cc21,train,train,train,2,2,0.50427353,0.50427353,0.50427353
CC(C)NCC(O)COc1ccccc1CCCSCC(=O)NCCOCCOCCNC(=O)CS(=O)(=O)O,train,train,train,0,0,0.8088235,0.8088235,0.8088235
CC(C)NCC(O)COc1ccccc1CCCSCC(=O)NCCOCCOCCNC(=O)C1C(C(=O)O)C(C(=O)O)C1C(=O)O,train,train,train,2,2,0.78571427,0.78571427,0.78571427
C=CCc1ccccc1OCC(O)CNCCOCCOCCOCCOCCNC(=O)OC(C)(C)C,train,train,train,2,2,0.7241379,0.7241379,0.703125
C=CCc1ccccc1OCC(O)CNCCOCCOCCOCCOCCN,train,train,test,2,2,0.7241379,0.7241379,0.7241379
C=CCc1ccccc1OCC(O)CNCCOCCOCCOCCOCCNC(=O)CCCCCC1(C)C(/C=C/C=C/C=C2/N(CCCS(=O)(=O)O)c3ccc(S(=O)(=O)O)cc3C2(C)C)=[N+](CCCS(=O)(=O)O)c2ccc(S(=O)(=O)O)cc21,test,test,test,2,2,0.7804878,0.7804878,0.7804878
C=CCc1ccccc1OCC(O)CNCCOCCOCCOCCOCCNC(=O)CS(=O)(=O)O,train,train,train,2,2,0.703125,0.703125,0.703125
C=CCc1ccccc1OCC(O)CNCCOCCOCCOCCOCCNC(=O)C1C(C(=O)O)C(C(=O)O)C1C(=O)O,test,test,test,2,2,0.703125,0.703125,0.703125
O=c1[nH]c(SCCCN2CCN(c3ccccc3)CC2)nc2c1sc1ccccc12,train,train,train,1,1,0.8103448,0.8103448,0.8103448
O=c1[nH]c(SCCCN2CCN(Cc3ccccc3)CC2)nc2c1sc1ccccc12,train,train,train,1,1,0.8103448,0.8103448,0.8103448
O=c1[nH]c(SCCCN2CCC(Cc3ccccc3)CC2)nc2c1sc1ccccc12,train,train,train,1,1,0.78333336,0.78333336,0.78333336
Nn1c(CCCCN2CCN(c3ccccc3)CC2)nc2c(sc3ccccc32)c1=O,train,train,train,1,1,0.80701756,0.80701756,0.80701756
O=c1[nH]c(CCCCN2CCN(Cc3ccccc3)CC2)nc2c1sc1ccccc12,test,test,train,1,1,0.9807692,0.9807692,0.9807692
O=c1[nH]c(CCCCN2CCC(Cc3ccccc3)CC2)nc2c1sc1ccccc12,train,train,train,1,1,0.9818182,0.9818182,0.9818182
O=c1[nH]c(CCCCCN2CCN(Cc3ccccc3)CC2)nc2c1sc1ccccc12,train,train,train,1,1,0.79310346,0.79310346,0.9807692
O=c1[nH]c(CCCCCN2CCC(Cc3ccccc3)CC2)nc2c1sc1ccccc12,train,train,train,1,1,0.9818182,0.9818182,0.9818182
O=c1[nH]c(CCCCN2CCN(c3ccccc3)CC2)nc2c1sc1ccccc12,test,test,train,1,1,0.9807692,0.9807692,0.9807692
O=c1[nH]c(CCCCN2CCN(c3cccc(Cl)c3)CC2)nc2c1sc1ccccc12,train,train,train,1,1,0.81666666,0.81666666,0.8305085
O=c1[nH]c(CCCCCN2CCN(c3ccccc3)CC2)nc2c1sc1ccccc12,train,train,train,1,1,0.81666666,0.81666666,0.9807692
Cn1c(CCCCN2CCN(c3ccccc3)CC2)nc2c(sc3ccccc32)c1=O,train,train,train,1,1,0.80701756,0.80701756,0.80701756
COC(=O)c1sccc1NC(=O)CCCCN1CCN(c2ccccc2)CC1,train,train,test,1,1,0.7777778,0.7777778,0.7777778
NC(=O)c1sccc1NC(=O)CCCCN1CCN(c2ccccc2)CC1,train,train,train,1,1,0.7777778,0.7777778,0.5833333
O=c1[nH]c(CCCCN2CCN(c3ccccc3)CC2)nc2ccsc12,train,train,train,1,1,0.8035714,0.8035714,0.8035714
O=c1[nH]c(CCCCN2CCN(c3cccc(Cl)c3)CC2)nc2ccsc12,train,train,train,1,1,0.8035714,0.8035714,0.8035714
COc1ccc(Cl)cc1N1CCN(CCCCc2nc3ccsc3c(=O)[nH]2)CC1,test,test,train,1,1,0.6969697,0.6969697,0.6969697
O=c1[nH]c(CCCCN2CCN(Cc3ccccc3)CC2)nc2ccsc12,train,train,train,1,1,0.7777778,0.7777778,0.7777778
O=c1[nH]c(CCCCN2CCC(Cc3ccccc3)CC2)nc2ccsc12,train,train,train,1,1,0.76785713,0.76785713,0.76785713
O=c1[nH]c(CCCCN2CCN(c3ccccc3)CC2)nc2cc(-c3ccccc3)sc12,train,train,train,1,1,0.69491524,0.69491524,0.69491524
O=c1ccc2ccc(OCCCCN3CCN(c4cccc5sccc45)CC3)cc2[nH]1,train,train,train,1,1,0.5277778,0.5277778,0.5277778
O=C1[C@H]2[C@@H]3CC[C@@H](C3)[C@H]2C(=O)N1C[C@@H]1CCCC[C@H]1CN1CCN(c2nsc3ccccc23)CC1,train,train,train,1,1,0.7288136,0.7288136,0.7288136
COc1ccc2[nH]cc(C3CCCN(CCCCN4C(=O)CC(c5c[nH]c6ccc(OC)cc56)C4=O)C3)c2c1,train,train,train,4,4,0.91935486,0.91935486,0.91935486
COc1ccc2[nH]cc(C3CCCN(CCCCN4C(=O)CC(c5c[nH]c6ccccc56)C4=O)C3)c2c1,train,train,train,4,4,0.91935486,0.91935486,0.91935486
O=C1CC(c2c[nH]c3ccccc23)C(=O)N1CCCCN1CCCC(c2c[nH]c3ccc(F)cc23)C1,train,train,test,4,4,0.84745765,0.84745765,0.84126985
O=C1CC(c2c[nH]c3ccccc23)C(=O)N1CCCCN1CCCC(c2c[nH]c3ccccc23)C1,train,train,test,4,4,0.84745765,0.84745765,0.8064516
O=C1CC(c2c[nH]c3ccc(F)cc23)C(=O)N1CCN1CCC(c2c[nH]c3ccc(F)cc23)CC1,train,train,train,4,4,0.8888889,0.8888889,0.90909094
O=C1CC(c2c[nH]c3ccc(F)cc23)C(=O)N1CCN1CCC(c2c[nH]c3ccccc23)CC1,test,test,train,4,4,0.90909094,0.90909094,0.90909094
COc1ccc2[nH]cc(C3CCN(CCCN4C(=O)CC(c5c[nH]c6ccc(F)cc56)C4=O)CC3)c2c1,train,train,train,4,4,1.0,1.0,0.9677419
O=C1CC(c2c[nH]c3ccc(F)cc23)C(=O)N1CCCN1CCC(c2c[nH]c3ccc(F)cc23)CC1,train,train,train,4,4,0.8888889,0.8888889,0.9622642
O=C1CC(c2c[nH]c3ccc(F)cc23)C(=O)N1CCCN1CCC(c2c[nH]c3ccccc23)CC1,test,test,train,4,4,0.9122807,0.9122807,0.9655172
COc1ccc2[nH]cc(C3CCN(CCCCN4C(=O)CC(c5c[nH]c6ccc(F)cc56)C4=O)CC3)c2c1,train,train,train,4,4,1.0,1.0,1.0
O=C1CC(c2c[nH]c3ccc(F)cc23)C(=O)N1CCCCN1CCC(c2c[nH]c3ccc(F)cc23)CC1,test,test,train,4,4,0.9622642,0.9622642,0.9622642
O=C1CC(c2c[nH]c3ccc(F)cc23)C(=O)N1CCCCN1CCC(c2c[nH]c3ccccc23)CC1,test,test,train,4,4,0.87931037,0.87931037,0.9655172
COc1ccc2[nH]cc(C3CCN(CCN4C(=O)CC(c5c[nH]c6ccc(OC)cc56)C4=O)CC3)c2c1,train,train,train,4,4,0.9137931,0.9137931,0.9137931
COc1ccc2[nH]cc(C3CC(=O)N(CCN4CCC(c5c[nH]c6ccc(F)cc56)CC4)C3=O)c2c1,train,train,train,4,4,0.9047619,0.9047619,0.9047619
COc1ccc2[nH]cc(C3CC(=O)N(CCN4CCC(c5c[nH]c6ccccc56)CC4)C3=O)c2c1,train,train,train,4,4,0.9137931,0.9137931,0.9137931
COc1ccc2[nH]cc(C3CCN(CCCN4C(=O)CC(c5c[nH]c6ccc(OC)cc56)C4=O)CC3)c2c1,train,train,test,4,4,0.96428573,0.96428573,0.96428573
COc1ccc2[nH]cc(C3CC(=O)N(CCCN4CCC(c5c[nH]c6ccc(F)cc56)CC4)C3=O)c2c1,train,train,test,4,4,1.0,1.0,1.0
COc1ccc2[nH]cc(C3CC(=O)N(CCCN4CCC(c5c[nH]c6ccccc56)CC4)C3=O)c2c1,train,train,train,4,4,0.9672131,0.9672131,0.9672131
COc1ccc2[nH]cc(C3CCN(CCCCN4C(=O)CC(c5c[nH]c6ccc(OC)cc56)C4=O)CC3)c2c1,train,train,train,4,4,0.96428573,0.96428573,0.9166667
COc1ccc2[nH]cc(C3CC(=O)N(CCCCN4CCC(c5c[nH]c6ccc(F)cc56)CC4)C3=O)c2c1,train,train,train,4,4,1.0,1.0,1.0
COc1ccc2[nH]cc(C3CC(=O)N(CCCCN4CCC(c5c[nH]c6ccccc56)CC4)C3=O)c2c1,train,train,train,4,4,0.9672131,0.9672131,0.9672131
c1ccc(-c2ccc(CNCCc3c[nH]c4ccccc34)o2)cc1,train,train,test,4,4,0.82608694,0.82608694,0.82608694
COc1cccc(-c2ccc(CNCCc3c[nH]c4ccc(OC)cc34)o2)c1,train,train,test,4,4,0.78571427,0.78571427,0.84615386
COc1ccc2[nH]cc(CCNCc3ccc(-c4cccc(O)c4)o3)c2c1,test,test,test,4,4,0.8545455,0.8545455,0.78571427
COc1ccc2[nH]cc(CCNCc3ccc(-c4cn[nH]c4)o3)c2c1,train,train,train,4,4,0.78571427,0.78571427,0.8148148
COc1ccc2[nH]cc(CCNCc3ccc(-c4cnc5ccccc5c4)o3)c2c1,train,train,train,4,4,0.71875,0.71875,0.73770493
COc1ccc2[nH]cc(CCNCc3ccc(-c4ccc(Cl)cc4)o3)c2c1,train,train,test,4,4,0.8214286,0.8214286,0.88461536
COc1ccc(-c2ccc(CNCCc3c[nH]c4ccc(OC)cc34)o2)cc1,test,test,train,4,4,0.88461536,0.88461536,0.8148148
Oc1ccc(-c2ccc(CNCCc3c[nH]c4ccccc34)o2)cc1,train,train,train,4,4,0.82608694,0.82608694,0.7358491
COc1cccc2[nH]cc(CCNCc3ccc(-c4ccc(O)cc4)o3)c12,train,train,test,2,2,0.6666667,0.6666667,0.6666667
COc1ccc2[nH]cc(CCNCc3ccc(-c4ccc(O)cc4)o3)c2c1,train,train,test,4,4,0.8214286,0.8214286,0.88461536
CN(CCc1c[nH]c2ccccc12)Cc1ccc(-c2ccccc2)o1,train,train,train,4,4,0.60784316,0.60784316,0.5555556
Oc1ccc(-c2ccc(CNCCc3c[nH]c4ccc(F)cc34)o2)cc1,train,train,train,4,4,0.84615386,0.84615386,0.84615386
Oc1ccc(-c2ccc(CNCCc3c[nH]c4cc(F)ccc34)o2)cc1,train,train,train,4,4,0.84615386,0.84615386,0.84615386
Oc1ccc(-c2ccc(CNCCc3c[nH]c4ccc(Cl)cc34)o2)cc1,test,test,train,4,4,0.7777778,0.7777778,0.7777778
Cc1ccc2[nH]cc(CCNCc3ccc(-c4ccc(O)cc4)o3)c2c1,train,train,train,4,4,0.7777778,0.7777778,0.7777778
Oc1ccc(-c2ccc(CNCCc3c[nH]c4ncc(F)cc34)o2)cc1,train,train,train,4,4,0.7368421,0.7368421,0.7368421
Fc1ccc2c(CCNCc3cccc(OCC(F)(F)C(F)F)c3)c[nH]c2c1,train,train,train,4,4,0.43661973,0.43661973,0.43661973
COc1ccccc1N1CCN(CCCNC(=O)NN(Cc2ccccc2)c2ccccc2)CC1,train,train,train,2,2,0.89830506,0.89830506,0.89830506
COc1ccccc1N1CCN(CCCNC(=O)NN(Cc2ccc(F)cc2)c2ccccc2)CC1,train,train,train,2,2,0.89830506,0.89830506,0.89830506
COc1ccc(/C=C2\NC(=O)N(CCCN3CCN(c4ccccc4OC)CC3)C2=O)cc1OC,train,train,test,2,2,0.9814815,0.9814815,0.9814815
COc1ccc(/C=C2\NC(=O)N(CCCN3CCN(c4cccc(Cl)c4Cl)CC3)C2=O)cc1OC,test,test,train,2,2,0.9830508,0.9830508,0.9830508
COc1ccc(/C=C2\NC(=O)N(CCCN3CCN(c4ncccn4)CC3)C2=O)cc1OC,train,train,train,1,1,0.9818182,0.9818182,0.9818182
COc1ccc(/C=C2\NC(=O)N(CCCCN3CCN(c4ccccc4OC)CC3)C2=O)cc1OC,train,train,train,2,2,0.9814815,0.9814815,0.828125
COc1ccc(/C=C2\NC(=O)N(CCCCN3CCN(c4cccc(Cl)c4Cl)CC3)C2=O)cc1OC,train,train,train,1,1,0.8405797,0.8405797,0.9830508
COc1ccc(/C=C2\NC(=O)N(CCCCN3CCN(c4ncccn4)CC3)C2=O)cc1OC,train,train,train,1,1,0.9818182,0.9818182,0.9818182
COc1ccc(/C=C2\NC(=O)N(CCCN3CCN(c4ccccc4OC)CC3)C2=O)cc1OC1CCCC1,test,test,test,2,2,0.984127,0.984127,0.984127
COc1ccc(/C=C2\NC(=O)N(CCCN3CCN(c4ncccn4)CC3)C2=O)cc1OC1CCCC1,train,train,train,1,1,0.984375,0.984375,0.984375
COc1ccc(/C=C2\NC(=O)N(CCCCN3CCN(c4ccccc4OC)CC3)C2=O)cc1OC1CCCC1,train,train,train,2,2,0.828125,0.828125,0.828125
COc1ccc(/C=C2\NC(=O)N(CCCCN3CCN(c4cccc(Cl)c4Cl)CC3)C2=O)cc1OC1CCCC1,train,train,train,1,1,0.8405797,0.8405797,0.8405797
COc1ccc(/C=C2\NC(=O)N(CCCCN3CCN(c4ncccn4)CC3)C2=O)cc1OC1CCCC1,train,train,train,1,1,0.984375,0.984375,0.984375
CNC(=O)Cn1c2c(c3ccccc31)CN(CCCCC13CCCc4cccc(c41)NC3=O)CC2,train,train,train,1,1,0.56578946,0.56578946,0.8873239
CCC1(CCCCN2CCN(c3ccc(Cl)cc3)CC2)C(=O)Nc2cc(F)ccc21,train,train,train,1,1,0.5084746,0.5084746,0.5084746
COc1ccccc1N1CCN(Cc2cn(-c3cccc4ccccc34)c3ccccc23)CC1,train,train,train,2,2,0.5254237,0.5254237,0.5
COc1ccccc1N1CCN(CC(O)CN2C(=O)NC(C)(c3ccc(F)cc3)C2=O)CC1,train,train,train,2,2,0.8305085,0.8305085,0.8305085
O=S(=O)(c1ccc2cc[nH]c2c1)N1CCC[C@H]1CCN1CCC(Oc2ccc(Cl)cc2)CC1,train,train,train,0,0,0.47058824,0.47058824,0.530303
COc1ccc(S(=O)(=O)NCCCN2CCN(c3ccccc3OC)CC2)cc1,train,train,train,2,2,0.8269231,0.8269231,0.8269231
Clc1ccc(-c2nn(Cc3ccccc3)c3c2CCNCC3)cc1,train,train,train,0,0,0.30769232,0.30769232,0.30769232
Cc1nn(C)c(C)c1-c1cccc2c1CC[C@H](N(C)C)C2,train,train,train,0,0,0.58,0.58,0.58
Cc1nn(C)c(C)c1-c1cccc(CCN(C)C)c1,train,train,train,3,3,0.53333336,0.53333336,0.53333336
COc1cccc(OC)c1-c1cccc(CCN(C)C)c1,train,train,train,2,2,0.53333336,0.53333336,0.53333336
CN1CCN(c2nc(N)nc(COc3ccccc3)n2)CC1,train,train,test,1,1,0.7906977,0.7906977,0.76086956
CN1CCN(c2nc(N)nc(COc3ccccc3Cl)n2)CC1,train,train,train,1,1,0.7708333,0.7708333,0.7659575
CN1CCN(c2nc(N)nc(COc3cccc(Cl)c3)n2)CC1,train,train,train,1,1,0.7916667,0.7916667,0.7916667
Cc1ccc(C(C)C)c(OCc2nc(N)nc(N3CCN(C)CC3)n2)c1,train,train,test,0,0,0.6666667,0.6666667,0.6481481
Cc1ccccc1OCc1nc(N)nc(N2CCN(C)CC2)n1,test,test,train,2,2,0.7659575,0.7659575,0.7659575
Cc1cccc(OCc2nc(N)nc(N3CCN(C)CC3)n2)c1,train,train,train,1,1,0.7916667,0.7916667,0.7916667
Cc1ccc(OCc2nc(N)nc(N3CCN(C)CC3)n2)cc1,train,train,test,1,1,0.7906977,0.7906977,0.7446808
Cc1cc(Cl)ccc1OCc1nc(N)nc(N2CCN(C)CC2)n1,train,train,train,1,1,0.8125,0.8125,0.7346939
CN1CCN(c2nc(N)nc(COc3ccc(Cl)cc3Cl)n2)CC1,train,train,test,1,1,0.8125,0.8125,0.8125
Cc1cc(OCc2nc(N)nc(N3CCN(C)CC3)n2)ccc1Cl,train,train,train,1,1,0.7254902,0.7254902,0.7254902
CC(Oc1cccc(Cl)c1)c1nc(N)nc(N2CCN(C)CC2)n1,test,test,train,1,1,0.6792453,0.6792453,0.6792453
CC(Oc1ccccc1Cl)c1nc(N)nc(N2CCN(C)CC2)n1,train,train,train,1,1,0.6415094,0.6415094,0.6792453
CN1CCN(c2nc(N)nc(CSc3ccccc3)n2)CC1,train,train,train,1,1,0.7083333,0.7083333,0.7083333
CN1CCN(c2nc(N)nc(CSc3ccccc3Cl)n2)CC1,train,train,train,1,1,0.7083333,0.7083333,0.7083333
CC(Sc1ccccc1Cl)c1nc(N)nc(N2CCN(C)CC2)n1,train,train,test,1,1,0.6415094,0.6415094,0.6415094
O=c1c(-c2ccccc2)c2n(c(=O)n1CCCCN1CCCC(c3c[nH]c4ccccc34)C1)CCCC2,train,train,train,4,4,0.890625,0.890625,0.890625
O=c1c(-c2ccccc2Cl)c2n(c(=O)n1CCCCN1CCCC(c3c[nH]c4ccccc34)C1)CCCC2,train,train,train,4,4,0.8428571,0.8428571,0.8428571
O=c1c(-c2ccccc2F)c2n(c(=O)n1CCCCN1CCCC(c3c[nH]c4ccccc34)C1)CCCC2,train,train,train,4,4,0.8382353,0.8382353,0.8695652
Cc1ccccc1-c1c2n(c(=O)n(CCCCN3CCCC(c4c[nH]c5ccccc45)C3)c1=O)CCCC2,test,test,train,4,4,0.8450704,0.8450704,0.8450704
COc1ccccc1-c1c2n(c(=O)n(CCCCN3CCCC(c4c[nH]c5ccccc45)C3)c1=O)CCCC2,train,train,train,4,4,0.8630137,0.8630137,0.8630137
O=c1c(-c2ccc(Cl)cc2)c2n(c(=O)n1CCCCN1CCCC(c3c[nH]c4ccccc34)C1)CCCC2,train,train,train,4,4,0.8769231,0.8769231,0.8769231
O=c1c(-c2ccc(F)cc2)c2n(c(=O)n1CCCCN1CCCC(c3c[nH]c4ccccc34)C1)CCCC2,train,train,test,4,4,0.890625,0.890625,0.890625
Cc1ccc(-c2c3n(c(=O)n(CCCCN4CCCC(c5c[nH]c6ccccc56)C4)c2=O)CCCC3)cc1,train,train,train,4,4,0.890625,0.890625,0.890625
COc1ccc(-c2c3n(c(=O)n(CCCCN4CCCC(c5c[nH]c6ccccc56)C4)c2=O)CCCC3)cc1,train,train,train,4,4,0.85915494,0.85915494,0.85915494
O=c1c(-c2ccccc2)c2n(c(=O)n1CCCCN1CCCC(c3c[nH]c4ccc(F)cc34)C1)CCCC2,train,train,train,4,4,0.9230769,0.9230769,0.9230769
O=c1c(-c2ccccc2Cl)c2n(c(=O)n1CCCCN1CCCC(c3c[nH]c4ccc(F)cc34)C1)CCCC2,train,train,train,4,4,0.84931505,0.84931505,0.87323946
O=c1c(-c2ccccc2F)c2n(c(=O)n1CCCCN1CCCC(c3c[nH]c4ccc(F)cc34)C1)CCCC2,test,test,train,4,4,0.87323946,0.87323946,0.87323946
Cc1ccccc1-c1c2n(c(=O)n(CCCCN3CCCC(c4c[nH]c5ccc(F)cc45)C3)c1=O)CCCC2,train,train,train,4,4,0.84931505,0.84931505,0.8611111
COc1ccccc1-c1c2n(c(=O)n(CCCCN3CCCC(c4c[nH]c5ccc(F)cc45)C3)c1=O)CCCC2,train,train,train,4,4,0.88,0.88,0.88
O=c1c(-c2ccc(Cl)cc2)c2n(c(=O)n1CCCCN1CCCC(c3c[nH]c4ccc(F)cc34)C1)CCCC2,test,test,train,4,4,0.92424244,0.92424244,0.92424244
O=c1c(-c2ccc(F)cc2)c2n(c(=O)n1CCCCN1CCCC(c3c[nH]c4ccc(F)cc34)C1)CCCC2,train,train,train,4,4,0.93846154,0.93846154,0.93846154
Cc1ccc(-c2c3n(c(=O)n(CCCCN4CCCC(c5c[nH]c6ccc(F)cc56)C4)c2=O)CCCC3)cc1,train,train,train,4,4,0.93846154,0.93846154,0.93846154
COc1ccc(-c2c3n(c(=O)n(CCCCN4CCCC(c5c[nH]c6ccc(F)cc56)C4)c2=O)CCCC3)cc1,train,train,train,4,4,0.943662,0.943662,0.943662
COc1ccc2[nH]cc(C3CCCN(CCCCn4c(=O)c(-c5ccccc5)c5n(c4=O)CCCC5)C3)c2c1,train,train,test,4,4,0.9142857,0.9142857,0.9142857
COc1ccc2[nH]cc(C3CCCN(CCCCn4c(=O)c(-c5ccccc5Cl)c5n(c4=O)CCCC5)C3)c2c1,train,train,train,4,4,0.8684211,0.8684211,0.8684211
COc1ccc2[nH]cc(C3CCCN(CCCCn4c(=O)c(-c5ccccc5F)c5n(c4=O)CCCC5)C3)c2c1,train,train,train,4,4,0.85714287,0.85714287,0.85714287
COc1ccc2[nH]cc(C3CCCN(CCCCn4c(=O)c(-c5ccccc5C)c5n(c4=O)CCCC5)C3)c2c1,train,train,train,4,4,0.8684211,0.8684211,0.8684211
COc1ccc2[nH]cc(C3CCCN(CCCCn4c(=O)c(-c5ccccc5OC)c5n(c4=O)CCCC5)C3)c2c1,train,train,train,4,4,0.88,0.88,0.88
COc1ccc2[nH]cc(C3CCCN(CCCCn4c(=O)c(-c5ccc(Cl)cc5)c5n(c4=O)CCCC5)C3)c2c1,train,train,test,4,4,0.91549295,0.91549295,0.91549295
COc1ccc2[nH]cc(C3CCCN(CCCCn4c(=O)c(-c5ccc(F)cc5)c5n(c4=O)CCCC5)C3)c2c1,train,train,train,4,4,0.943662,0.943662,0.943662
COc1ccc2[nH]cc(C3CCCN(CCCCn4c(=O)c(-c5ccc(C)cc5)c5n(c4=O)CCCC5)C3)c2c1,train,train,train,4,4,0.942029,0.942029,0.942029
COc1ccc(-c2c3n(c(=O)n(CCCCN4CCCC(c5c[nH]c6ccc(OC)cc56)C4)c2=O)CCCC3)cc1,train,train,train,4,4,0.942029,0.942029,0.942029
COc1ccc2[nH]cc(C3=CCN(Cc4cc(=O)[nH]c5ccccc45)CC3)c2c1,train,train,train,4,4,0.6935484,0.6935484,0.6935484
C1=C(c2c[nH]c3ccccc23)CCN(Cc2ccco2)C1,train,train,train,4,4,0.71428573,0.71428573,0.71428573
COc1ccc2[nH]cc(C3=CCN(Cc4ccco4)CC3)c2c1,train,train,train,4,4,0.82758623,0.82758623,0.82758623
CCOc1ccc2[nH]cc(C3=CCN(Cc4ccco4)CC3)c2c1,train,train,train,4,4,0.82758623,0.82758623,0.82758623
CC(C)Oc1ccc2[nH]cc(C3=CCN(Cc4ccco4)CC3)c2c1,train,train,train,4,4,0.8135593,0.8135593,0.8135593
C1=C(c2c[nH]c3ccccc23)CCN(Cc2cccs2)C1,train,train,train,4,4,0.6938776,0.6938776,0.6938776
COc1ccc2[nH]cc(C3=CCN(Cc4cccs4)CC3)c2c1,test,test,test,4,4,0.82758623,0.82758623,0.82758623
CCOc1ccc2[nH]cc(C3=CCN(Cc4cccs4)CC3)c2c1,train,train,train,4,4,0.78688526,0.78688526,0.73333335
CC(C)Oc1ccc2[nH]cc(C3=CCN(Cc4cccs4)CC3)c2c1,train,train,test,4,4,0.78688526,0.78688526,0.78688526
C1=C(c2c[nH]c3ccccc23)CCN(Cc2ccccc2)C1,train,train,train,4,4,0.7708333,0.7708333,0.7254902
COc1ccc2[nH]cc(C3=CCN(Cc4ccccc4)CC3)c2c1,train,train,train,4,4,0.86538464,0.86538464,0.88
CCOc1ccc2[nH]cc(C3=CCN(Cc4ccccc4)CC3)c2c1,train,train,train,4,4,0.8363636,0.8363636,0.8148148
CC(C)Oc1ccc2[nH]cc(C3=CCN(Cc4ccccc4)CC3)c2c1,test,test,train,4,4,0.83928573,0.83928573,0.83928573
COc1ccc(CN2CC=C(c3c[nH]c4ccccc34)CC2)cc1,train,train,test,4,4,0.7924528,0.7924528,0.8039216
COc1ccc(CN2CC=C(c3c[nH]c4ccc(OC)cc34)CC2)cc1,test,test,train,4,4,0.88,0.88,0.88
CCOc1ccc2[nH]cc(C3=CCN(Cc4ccc(OC)cc4)CC3)c2c1,train,train,test,4,4,0.8363636,0.8363636,0.86538464
COc1ccc(CN2CC=C(c3c[nH]c4ccc(OC(C)C)cc34)CC2)cc1,train,train,train,4,4,0.8305085,0.8305085,0.8490566
COc1cccc(CN2CC=C(c3c[nH]c4ccccc34)CC2)c1,train,train,train,4,4,0.8490566,0.8490566,0.8490566
COc1cccc(CN2CC=C(c3c[nH]c4ccc(OC)cc34)CC2)c1,train,train,train,4,4,0.8909091,0.8909091,0.875
CCOc1ccc2[nH]cc(C3=CCN(Cc4cccc(OC)c4)CC3)c2c1,train,train,test,4,4,0.8909091,0.8909091,0.8909091
COc1cccc(CN2CC=C(c3c[nH]c4ccc(OC(C)C)cc34)CC2)c1,train,train,train,4,4,0.875,0.875,0.875
CN1CCN2c3ncccc3Cc3ccccc3C2C1,test,test,train,0,0,0.3043478,0.3043478,0.3043478
Cn1cncc1-c1c[nH]c2ccc(C(N)=O)cc12,train,train,train,4,4,0.7346939,0.7346939,0.7346939
CCn1cncc1-c1c[nH]c2ccc(C(N)=O)cc12,train,train,train,4,4,0.7346939,0.7346939,0.7346939
CCn1cncc1-c1c[nH]c2ccc(I)cc12,test,test,train,4,4,0.75,0.75,0.75
COc1cc2c(cc1OC)C(=O)N(CCCCN1CCN(c3ccccn3)CC1)CCC2,train,train,test,1,1,0.5,0.5,0.50769234
COc1cccc(N2CCN(CCCCCCN3C(=O)c4cccc5cccc3c45)CC2)c1,train,train,train,1,1,0.86538464,0.86538464,0.86538464
COc1ccc(N2CCN(CCCCCCN3C(=O)c4cccc5cccc3c45)CC2)cc1,train,train,test,1,1,0.86,0.86,0.8490566
CCOc1ccccc1N1CCN(CCCCCCN2C(=O)c3cccc4cccc2c34)CC1,test,test,test,1,1,0.90384614,0.90384614,0.90384614
O=C1c2cccc3cccc(c23)N1CCCCCCN1CCN(c2ccccn2)CC1,train,train,train,1,1,0.85714287,0.85714287,0.85714287
O=C1c2cccc3cccc(c23)N1CCCCCCN1CCN(c2ncccn2)CC1,train,train,train,1,1,0.82,0.82,0.82
O=C1c2cccc3cccc(c23)N1CCCCCCN1CCN(c2ccccc2[N+](=O)[O-])CC1,train,train,train,1,1,0.9019608,0.9019608,0.9019608
O=C1c2cccc3cccc(c23)N1CCCCCCN1CCN(c2cccc3cccnc23)CC1,train,train,train,1,1,0.8039216,0.8039216,0.8039216
CCOc1ccccc1N1CCN(CCCCCCN2c3cccc4cccc(c34)S2(=O)=O)CC1,test,test,train,1,1,0.6666667,0.6666667,0.6666667
O=S1(=O)c2cccc3cccc(c23)N1CCCCCCN1CCN(c2ccccn2)CC1,train,train,train,1,1,0.7222222,0.7222222,0.6666667
O=[N+]([O-])c1ccccc1N1CCN(CCCCCCN2c3cccc4cccc(c34)S2(=O)=O)CC1,train,train,train,1,1,0.65,0.65,0.6557377
COc1ccccc1N1CCN(CCCCCCN2C(=O)c3cccc4cccc(c34)C2=O)CC1,test,test,train,2,2,0.8113208,0.8113208,0.8113208
COc1cccc(N2CCN(CCCCCCN3C(=O)c4cccc5cccc(c45)C3=O)CC2)c1,train,train,train,1,1,0.86538464,0.86538464,0.86538464
COc1ccc(N2CCN(CCCCCCN3C(=O)c4cccc5cccc(c45)C3=O)CC2)cc1,train,train,test,1,1,0.86,0.86,0.84
CCOc1ccccc1N1CCN(CCCCCCN2C(=O)c3cccc4cccc(c34)C2=O)CC1,train,train,train,1,1,0.6440678,0.6440678,0.8113208
O=C1c2cccc3cccc(c23)C(=O)N1CCCCCCN1CCN(c2ccccn2)CC1,train,train,train,1,1,0.85714287,0.85714287,0.85714287
O=C1c2cccc3cccc(c23)C(=O)N1CCCCCCN1CCN(c2ccccc2[N+](=O)[O-])CC1,train,train,train,1,1,0.9019608,0.9019608,0.9019608
COc1ccccc1N1CCN(CCCCCCn2c(=O)n3c4c(cccc42)CCC3)CC1,train,train,train,2,2,0.6086956,0.6086956,0.6086956
c1ccc(OCCNCC2(c3ccccc3)COCCO2)cc1,train,train,train,2,2,0.7446808,0.7446808,0.7446808
COc1ccccc1OCCNCC1(c2ccccc2)COCCO1,train,train,train,2,2,0.7446808,0.7446808,0.7446808
c1ccc(OCCNCC2OCCOC2(c2ccccc2)c2ccccc2)cc1,train,train,train,0,0,0.7346939,0.7346939,0.7058824
COc1ccccc1OCCNCC1OCCOC1(c1ccccc1)c1ccccc1,train,train,test,2,2,0.84,0.84,0.84
COc1cccc(OC)c1OCCNCC1OCCOC1(c1ccccc1)c1ccccc1,train,train,train,2,2,0.84,0.84,0.7058824
COc1ccccc1N1CCN(CC2COCC(c3ccccc3)(c3ccccc3)O2)CC1,train,train,test,2,2,0.75,0.75,0.75
COc1ccccc1N1CCN(CC2(c3ccccc3)COCCO2)CC1,train,train,train,2,2,0.5689655,0.5689655,0.5614035
COc1ccccc1N1CCN(C[C@H]2OCCOC2(c2ccccc2)c2ccccc2)CC1,train,train,test,2,2,0.60714287,0.60714287,0.60714287
Cc1cc(Oc2nccc3occc23)ccc1-c1c(C)ncc2nccn12,train,train,train,3,3,0.2173913,0.2173913,0.578125
Cc1ncc2nccn2c1-c1ccc(Oc2nccc3occc23)cc1C(F)(F)F,test,test,test,3,3,0.7719298,0.7719298,0.7719298
FC(F)(F)c1cc(Oc2nccc3occc23)ccc1-c1cccc2nccn12,test,test,train,0,0,0.578125,0.578125,0.578125
FC(F)(F)c1cc(Oc2nccc3ccsc23)ccc1-c1cccc2nccn12,test,test,test,0,0,0.36,0.36,0.64615387
CCn1cncc1-c1c[nH]c2c(F)cc(I)cc12,train,train,train,4,4,0.5686275,0.5686275,0.63265306
CCn1cncc1-c1c[nH]c2ccc(OC)cc12,train,train,train,4,4,0.7708333,0.7708333,0.7708333
CCn1cncc1-c1c[nH]c2ccc(F)cc12,train,train,train,4,4,0.75,0.75,0.75
CCn1cncc1-c1c[nH]c2ccc(C)cc12,train,train,train,4,4,0.75,0.75,0.75
CCn1cncc1-c1c[nH]c2ccc(Cl)cc12,test,test,train,4,4,0.75,0.75,0.75
CCn1cncc1-c1c[nH]c2ccc(Br)cc12,train,train,test,4,4,0.75,0.75,0.75
CCn1cncc1-c1c[nH]c2ccc(C(F)(F)F)cc12,test,test,test,4,4,0.73913044,0.73913044,0.73913044
CCn1cncc1-c1c[nH]c2ccc(OC(F)(F)F)cc12,train,train,train,4,4,0.7708333,0.7708333,0.7708333
CCn1cncc1-c1c[nH]c2cccc(F)c12,train,train,train,4,4,0.6666667,0.6666667,0.6666667
Cn1cncc1-c1c[nH]c2ccc(Cl)c(F)c12,train,train,train,4,4,0.7173913,0.7173913,0.72727275
CCn1cncc1-c1c[nH]c2ccc(Cl)c(F)c12,train,train,train,4,4,0.7446808,0.7446808,0.7446808
Cn1cncc1-c1c[nH]c2ccc(Br)c(F)c12,test,test,train,4,4,0.72727275,0.72727275,0.72727275
CCn1cncc1-c1c[nH]c2ccc(Br)c(F)c12,train,train,train,4,4,0.7446808,0.7446808,0.7446808
Cn1cncc1-c1c[nH]c2ccc(Br)cc12,test,test,train,4,4,0.71428573,0.71428573,0.71428573
Cn1cncc1-c1c[nH]c2ccc(I)cc12,train,train,train,4,4,0.63829786,0.63829786,0.71428573
COc1ccc2[nH]cc(-c3cncn3C)c2c1F,train,train,train,4,4,0.7291667,0.7291667,0.7291667
CCn1cncc1-c1c[nH]c2ccc(OC)c(F)c12,train,train,train,4,4,0.7291667,0.7291667,0.7291667
Cn1cncc1-c1c[nH]c2ccc(C(N)=O)c(F)c12,train,train,train,4,4,0.74509805,0.74509805,0.74509805
CCn1cncc1-c1c[nH]c2ccc(C(N)=O)c(F)c12,train,train,train,4,4,0.74509805,0.74509805,0.74509805
CCn1cncc1-c1c[nH]c2ccc(I)c(F)c12,train,train,test,4,4,0.7446808,0.7446808,0.7446808
CC(C)CCO[C@H]1[C@H]2CCN(CCc3ccc4ccccc4c3)CCCCCCOCc3cn(nn3)C[C@@H](O2)[C@@H]2OC(C)(C)O[C@H]12,test,test,train,0,0,0.85365856,0.85365856,0.85365856
CC(C)CCO[C@H]1[C@H]2CCN(CCc3ccc4ccccc4c3)CC[C@H]3O[C@H](Cn4cc(nn4)COC[C@@H](O2)[C@@H]2OC(C)(C)O[C@H]12)[C@@H]1OC(C)(C)O[C@@H]1[C@H]3OCCC(C)C,train,train,train,0,0,0.34444445,0.34444445,0.85365856
COc1ccc(-c2c(=O)n(CCCCN3CCCC(c4c[nH]c5ccc(OC)cc45)C3)c(=O)n3ccccc23)cc1,test,test,train,4,4,0.94285715,0.94285715,0.94285715
COc1ccc2[nH]cc(C3CCCN(CCCCn4c(=O)c(-c5ccc(C)cc5)c5ccccn5c4=O)C3)c2c1,train,train,train,4,4,0.91549295,0.91549295,0.94285715
COc1ccc2[nH]cc(C3CCCN(CCCCn4c(=O)c(-c5ccc(F)cc5)c5ccccn5c4=O)C3)c2c1,train,train,train,4,4,0.9041096,0.9041096,0.9315069
COc1ccc2[nH]cc(C3CCCN(CCCCn4c(=O)c(-c5ccc(Cl)cc5)c5ccccn5c4=O)C3)c2c1,train,train,train,4,4,0.8918919,0.8918919,0.9166667
COc1ccc2[nH]cc(C3CCCN(CCCCn4c(=O)c(-c5ccccc5OC)c5ccccn5c4=O)C3)c2c1,train,train,train,4,4,0.8666667,0.8666667,0.8666667
COc1ccc2[nH]cc(C3CCCN(CCCCn4c(=O)c(-c5ccccc5C)c5ccccn5c4=O)C3)c2c1,train,train,train,4,4,0.8666667,0.8666667,0.8666667
COc1ccc2[nH]cc(C3CCCN(CCCCn4c(=O)c(-c5ccccc5F)c5ccccn5c4=O)C3)c2c1,train,train,test,4,4,0.8552632,0.8552632,0.8552632
COc1ccc2[nH]cc(C3CCCN(CCCCn4c(=O)c(-c5ccccc5Cl)c5ccccn5c4=O)C3)c2c1,train,train,test,4,4,0.8552632,0.8552632,0.8552632
COc1ccc2[nH]cc(C3CCCN(CCCCn4c(=O)c(-c5ccccc5)c5ccccn5c4=O)C3)c2c1,train,train,train,4,4,0.91549295,0.91549295,0.942029
COc1ccc(-c2c(=O)n(CCCCN3CCCC(c4c[nH]c5ccc(F)cc45)C3)c(=O)n3ccccc23)cc1,test,test,train,4,4,0.9315069,0.9315069,0.9315069
Cc1ccc(-c2c(=O)n(CCCCN3CCCC(c4c[nH]c5ccc(F)cc45)C3)c(=O)n3ccccc23)cc1,train,train,train,4,4,0.89855075,0.89855075,0.8648649
O=c1c(-c2ccc(F)cc2)c2ccccn2c(=O)n1CCCCN1CCCC(c2c[nH]c3ccc(F)cc23)C1,test,test,test,4,4,0.95384616,0.95384616,0.9402985
O=c1c(-c2ccc(Cl)cc2)c2ccccn2c(=O)n1CCCCN1CCCC(c2c[nH]c3ccc(F)cc23)C1,train,train,test,4,4,0.8857143,0.8857143,0.875
COc1ccccc1-c1c(=O)n(CCCCN2CCCC(c3c[nH]c4ccc(F)cc34)C2)c(=O)n2ccccc12,train,train,train,4,4,0.8666667,0.8666667,0.8666667
Cc1ccccc1-c1c(=O)n(CCCCN2CCCC(c3c[nH]c4ccc(F)cc34)C2)c(=O)n2ccccc12,test,test,train,4,4,0.8611111,0.8611111,0.84
O=c1c(-c2ccccc2F)c2ccccn2c(=O)n1CCCCN1CCCC(c2c[nH]c3ccc(F)cc23)C1,train,train,test,4,4,0.85507244,0.85507244,0.8611111
O=c1c(-c2ccccc2Cl)c2ccccn2c(=O)n1CCCCN1CCCC(c2c[nH]c3ccc(F)cc23)C1,test,test,train,4,4,0.8611111,0.8611111,0.8378378
O=c1c(-c2ccccc2)c2ccccn2c(=O)n1CCCCN1CCCC(c2c[nH]c3ccc(F)cc23)C1,train,train,test,4,4,0.89855075,0.89855075,0.89855075
COc1ccc(-c2c(=O)n(CCCCN3CCCC(c4c[nH]c5ccccc45)C3)c(=O)n3ccccc23)cc1,train,train,train,4,4,0.85294116,0.85294116,0.8857143
Cc1ccc(-c2c(=O)n(CCCCN3CCCC(c4c[nH]c5ccccc45)C3)c(=O)n3ccccc23)cc1,train,train,train,4,4,0.8769231,0.8769231,0.8888889
O=c1c(-c2ccc(F)cc2)c2ccccn2c(=O)n1CCCCN1CCCC(c2c[nH]c3ccccc23)C1,train,train,test,4,4,0.8769231,0.8769231,0.8888889
O=c1c(-c2ccc(Cl)cc2)c2ccccn2c(=O)n1CCCCN1CCCC(c2c[nH]c3ccccc23)C1,train,train,train,4,4,0.8636364,0.8636364,0.875
COc1ccccc1-c1c(=O)n(CCCCN2CCCC(c3c[nH]c4ccccc34)C2)c(=O)n2ccccc12,test,test,train,4,4,0.84931505,0.84931505,0.84931505
Cc1ccccc1-c1c(=O)n(CCCCN2CCCC(c3c[nH]c4ccccc34)C2)c(=O)n2ccccc12,test,test,train,4,4,0.8235294,0.8235294,0.8309859
O=c1c(-c2ccccc2F)c2ccccn2c(=O)n1CCCCN1CCCC(c2c[nH]c3ccccc23)C1,train,train,train,4,4,0.85507244,0.85507244,0.8235294
O=c1c(-c2ccccc2Cl)c2ccccn2c(=O)n1CCCCN1CCCC(c2c[nH]c3ccccc23)C1,train,train,train,4,4,0.8235294,0.8235294,0.8309859
O=c1c(-c2ccccc2)c2ccccn2c(=O)n1CCCCN1CCCC(c2c[nH]c3ccccc23)C1,test,test,train,4,4,0.8888889,0.8888889,0.8888889
COc1ccc(OCCN2CCN(C(=O)c3cc4ccccc4[nH]3)CC2)cc1,train,train,test,1,1,0.41558442,0.41558442,0.41558442
CCCN[C@H]1CCc2nc(N)sc2C1,train,train,train,0,0,0.38356164,0.38356164,0.38356164
CCCN(CC[C@]1(O)C[C@H](NC(=O)c2ccc3ccccc3c2)C1)[C@H]1CCc2nc(N)sc2C1,train,train,train,0,0,0.38961038,0.38961038,0.38961038
Fc1ccc2[nH]cc(CCN3CCN(c4nsc5ccccc45)CC3)c2c1,train,train,train,4,4,0.8909091,0.8909091,0.8909091
Fc1ccc2[nH]cc(CCCN3CCN(c4nsc5ccccc45)CC3)c2c1,train,train,train,4,4,0.8909091,0.8909091,0.8909091
Fc1ccc(N2CCN(CCCc3c[nH]c4ccc(F)cc34)CC2)c(-c2ccsc2)c1,train,train,test,4,4,0.7627119,0.7627119,0.7627119
Fc1ccc(N2CCN(CCCc3c[nH]c4ccc(F)cc34)CC2)c(-c2cccs2)c1,train,train,train,4,4,0.73333335,0.73333335,0.73333335
Fc1ccc(N2CCN(CCCc3c[nH]c4ccc(F)cc34)CC2)c(-c2ccoc2)c1,train,train,train,4,4,0.7758621,0.7758621,0.7758621
Fc1ccc(N2CCN(CCCc3c[nH]c4ccc(F)cc34)CC2)c(-c2cn[nH]c2)c1,test,test,test,4,4,0.7758621,0.7758621,0.7758621
Fc1ccc(OCCN2CCC(c3c[nH]c4ccc(F)cc34)CC2)c(-c2ccccc2)c1,train,train,test,0,0,0.877193,0.877193,0.877193
Fc1cccc(-c2cc(F)ccc2OCCN2CCC(c3c[nH]c4ccc(F)cc34)CC2)c1,train,train,train,0,0,0.877193,0.877193,0.5714286
CCc1cc(Cl)c(OC)c(N2CCN(CC(F)CCNC(=O)c3cc4ccccc4[nH]3)CC2)c1,train,train,train,1,1,0.8028169,0.8028169,0.8028169
CCc1cccc(N2CCN(CC(F)CCNC(=O)c3cc4ccccc4[nH]3)CC2)c1Cl,train,train,train,1,1,0.828125,0.828125,0.828125
CCc1cc(Cl)c(OC)c(N2CCN(CC(F)CCNC(=O)c3cc4ccccc4o3)CC2)c1,train,train,train,2,2,0.8450704,0.8450704,0.8450704
CCc1cccc(N2CCN(CC(F)CCNC(=O)c3cc4ccccc4o3)CC2)c1Cl,train,train,train,1,1,0.8333333,0.8333333,0.8333333
COc1ccc2c(c1)c(C1=CCNCC1)cn2S(=O)(=O)c1cncc2ccccc12,train,train,train,0,0,0.6666667,0.6666667,0.6666667
COc1ccc2c(c1)c(C1=CCNCC1)cn2S(=O)(=O)c1ccc2cccnc2c1,train,train,train,0,0,0.7692308,0.7692308,0.7205882
COc1ccc2c(c1)c(C1=CCNCC1)cn2S(=O)(=O)c1cccc2ncccc12,train,train,train,0,0,0.7205882,0.7205882,0.7205882
O=S(=O)(c1ccc2cccnc2c1)n1cc(C2=CCNCC2)c2cc(Cl)ccc21,train,train,test,0,0,0.7692308,0.7692308,0.7692308
O=S(=O)(c1ccc2ncccc2c1)n1cc(C2=CCNCC2)c2ccccc21,train,train,test,0,0,0.71428573,0.71428573,0.6818182
O=C(CCN1CCN(c2ccccc2)CC1)N1CCN(c2ccccc2)CC1,train,train,train,1,1,0.82857144,0.82857144,0.8378378
O=C(CCCCN1CCN(c2ccccc2)CC1)N1CCN(c2ccccc2)CC1,train,train,train,1,1,0.82857144,0.82857144,0.82857144
O=C(CCN1CCN(c2cccc(Cl)c2)CC1)N1CCN(c2ccccc2)CC1,train,train,train,1,1,1.0,1.0,1.0
O=C(CCN1CCN(c2ccc(Cl)cc2)CC1)N1CCN(c2ccccc2)CC1,test,test,train,1,1,0.8378378,0.8378378,0.8378378
CCOc1ccccc1N1CCN(CCC(=O)N2CCN(c3ccccc3)CC2)CC1,train,train,train,1,1,0.8113208,0.8113208,0.8113208
O=C(CCN1CCN(c2ccccc2)CC1)N1CCN(c2cccc(Cl)c2)CC1,train,train,train,1,1,1.0,1.0,1.0
O=C(CCN1CCN(Cc2ccccc2)CC1)N1CCN(c2cccc(Cl)c2)CC1,train,train,train,1,1,0.8636364,0.8636364,0.8636364
O=C(CCN1CCN(c2cccc(Cl)c2)CC1)N1CCN(c2cccc(Cl)c2)CC1,train,train,train,1,1,0.9230769,0.9230769,0.9230769
O=C(CCN1CCN(c2ccc(Cl)cc2)CC1)N1CCN(c2cccc(Cl)c2)CC1,train,train,train,1,1,0.9,0.9,0.9
CCOc1ccccc1N1CCN(CCC(=O)N2CCN(c3cccc(Cl)c3)CC2)CC1,train,train,train,1,1,0.8113208,0.8113208,0.8113208
O=C(CCNCc1ccccc1)N1CCN(c2ccccc2)CC1,train,train,train,1,1,0.5952381,0.5952381,0.5952381
O=C(CCN1CCN(Cc2ccccc2)CC1)NCc1ccccc1,train,train,train,1,1,0.54901963,0.54901963,0.54901963
O=C(CCNCc1ccccc1)NCc1ccccc1,train,train,train,1,1,0.5365854,0.5365854,0.5365854
CCc1cc(Cl)c(OC)c(N2CCNCC2)c1,train,train,train,2,2,0.725,0.725,0.725
CCc1cccc(N2CCNCC2)c1Cl,train,train,train,1,1,0.6944444,0.6944444,0.6944444
CCc1cc(Cl)c(OC)c(N2CCN(C)CC2)c1,train,train,train,2,2,0.7380952,0.7380952,0.7380952
CCc1cccc(N2CCN(C)CC2)c1Cl,train,train,train,1,1,0.7105263,0.7105263,0.7105263
CCCCN1CCN(c2cc(CC)cc(Cl)c2OC)CC1,train,train,train,1,1,0.7380952,0.7380952,0.7380952
CCCCN1CCN(c2cccc(CC)c2Cl)CC1,train,train,train,1,1,0.7105263,0.7105263,0.7105263
CCc1cc(Cl)c(OC)c(N2CCN(CCCCNC(=O)c3cc4ccccc4[nH]3)CC2)c1,train,train,train,1,1,0.8028169,0.8028169,0.8028169
CCc1cc(Cl)c(OC)c(N2CCN(CCCCNC(=O)c3cc4ccccc4o3)CC2)c1,test,test,test,1,1,0.7887324,0.7887324,0.7887324
CCc1cc(Cl)c(OC)c(N2CCN(CC(O)CCNC(=O)c3cc4ccccc4o3)CC2)c1,train,train,train,2,2,0.8450704,0.8450704,0.8450704
CCc1cccc(N2CCN(CCCCNC(=O)c3cc4ccccc4[nH]3)CC2)c1Cl,train,train,train,1,1,0.7846154,0.7846154,0.7846154
CCc1cccc(N2CCN(CCCCNC(=O)c3cc4ccccc4o3)CC2)c1Cl,train,train,train,1,1,0.77272725,0.77272725,0.77272725
CCc1cccc(N2CCN(CC(O)CCNC(=O)c3cc4ccccc4o3)CC2)c1Cl,train,train,train,1,1,0.8333333,0.8333333,0.8333333
CN(C)C1CCc2c(cccc2C2CCCC2)C1,train,train,train,0,0,0.53333336,0.53333336,0.53061223
CN(C)C1CCc2c(cccc2-c2cc(F)cc(F)c2)C1,train,train,train,0,0,0.8292683,0.8292683,0.8292683
COc1cccc(-c2cccc3c2CCC(N(C)C)C3)c1,train,train,train,2,2,0.6956522,0.6956522,0.6956522
CN(C)C1CCc2c(cccc2-c2cncc3ccccc23)C1,train,train,train,0,0,0.6666667,0.6666667,0.6666667
CN(C)C1CCc2c(cccc2-c2cc(Cl)cc(Cl)c2)C1,train,train,train,0,0,0.8292683,0.8292683,0.8292683
CN(C)C1CCc2c(cccc2-c2ccc(F)cc2Cl)C1,train,train,train,0,0,0.68085104,0.68085104,0.68085104
CN(C)C1CCc2c(cccc2-c2cccc(C(F)(F)F)c2)C1,test,test,train,0,0,0.8372093,0.8372093,0.8372093
CN(C)C1CCc2c(cccc2-c2cccc(F)c2)C1,train,train,train,0,0,0.8292683,0.8292683,0.8292683
Fc1ccccc1-c1cccc2c1CCC(N1CCCC1)C2,test,test,train,0,0,0.3773585,0.3773585,0.37037036
CN(C)C1CCc2c(cccc2-c2c3ccccc3cc3ccccc23)C1,train,train,train,0,0,0.6666667,0.6666667,0.6666667
CN(C)[C@H]1CCc2c(cccc2-c2cc(C(F)(F)F)cc(C(F)(F)F)c2)C1,train,train,train,0,0,0.72727275,0.72727275,0.8372093
CN(C)C1CCc2c(cccc2-c2ccc(F)cc2)C1,train,train,test,0,0,0.7804878,0.7804878,0.7804878
CN(C)C1CCc2c(cccc2-c2cccc(Cl)c2)C1,train,train,train,0,0,0.8292683,0.8292683,0.8292683
CCCC(=O)Nc1ccc2c(c1)-c1c(OC)c(OC)cc3c1C(C2)N(C)CC3,test,test,train,2,2,0.84126985,0.84126985,0.84126985
COc1cc2c3c(c1OCC1CC1)-c1cc(NC(C)=O)ccc1CC3N(C)CC2,train,train,train,2,2,0.87096775,0.87096775,0.87096775
CCCC(=O)Nc1ccc2c(c1)-c1c(OCC3CC3)c(OC)cc3c1C(C2)N(C)CC3,test,test,train,2,2,0.84375,0.84375,0.84375
C=CCOc1c(OC)cc2c3c1-c1cc(NC(=O)CCC)ccc1CC3N(C)CC2,train,train,test,2,2,0.7826087,0.7826087,0.84126985
C#CCOc1c(OC)cc2c3c1-c1cc(NC(=O)CCC)ccc1CC3N(C)CC2,train,train,train,2,2,0.8208955,0.8208955,0.828125
COc1cc2c3c(c1OCC1CC1)-c1cc(NS(C)(=O)=O)ccc1CC3N(C)CC2,train,train,test,2,2,0.78125,0.78125,0.78125
C=CCOc1c(OC)cc2c3c1-c1cc(NS(C)(=O)=O)ccc1CC3N(C)CC2,train,train,train,2,2,0.78125,0.78125,0.7692308
C#CCOc1c(OC)cc2c3c1-c1cc(NS(C)(=O)=O)ccc1CC3N(C)CC2,test,test,train,2,2,0.7692308,0.7692308,0.7692308
COc1cc2c3c(c1OCC1CC1)-c1cc(NC(N)=O)ccc1CC3N(C)CC2,train,train,train,2,2,0.87096775,0.87096775,0.87096775
C#CCOc1c(OC)cc2c3c1-c1cc(NC(N)=O)ccc1CC3N(C)CC2,train,train,train,2,2,0.8208955,0.8208955,0.8208955
COc1cc2c3c(c1OC)-c1cc(N(C)C)ccc1CC3N(C)CC2,train,train,train,2,2,0.7659575,0.7659575,0.74509805
COc1cc2c3c(c1OCC1CC1)-c1cc(N(C)C)ccc1CC3N(C)CC2,test,test,test,2,2,0.7962963,0.7962963,0.7962963
CCCN1CCc2cccc3c2C1Cc1ccc(N)cc1-3,test,test,test,0,0,0.6727273,0.6727273,0.72
CCCN1CCc2cccc3c2C1Cc1ccc(NC(C)=O)cc1-3,train,train,train,0,0,0.8490566,0.8490566,0.8490566
CCCC(=O)Nc1ccc2c(c1)-c1cccc3c1C(C2)N(CCC)CC3,train,train,train,0,0,0.8333333,0.8333333,0.8333333
CN1CCc2cccc3c2C1Cc1ccc(NS(C)(=O)=O)cc1-3,train,train,train,0,0,0.75,0.75,0.75
CCCN1CCc2cccc3c2C1Cc1ccc(NS(C)(=O)=O)cc1-3,train,train,train,0,0,0.75,0.75,0.75
CN1CCc2cccc3c2C1Cc1ccc(NC(N)=O)cc1-3,train,train,train,0,0,0.8333333,0.8333333,0.8333333
CCCN1CCc2cccc3c2C1Cc1ccc(NC(N)=O)cc1-3,train,train,train,0,0,0.8490566,0.8490566,0.8490566
CN(C)c1ccc2c(c1)-c1cccc3c1C(C2)N(C)CC3,train,train,test,0,0,0.68292683,0.68292683,0.7291667
CCCN1CCc2cccc3c2C1Cc1ccc(N(C)C)cc1-3,test,test,train,0,0,0.7291667,0.7291667,0.64285713
CN1CCc2cccc3c2C1Cc1ccc2nc(N)sc2c1-3,test,test,train,0,0,0.64912283,0.64912283,0.76785713
CCCN1CCc2cccc3c2C1Cc1ccc2nc(N)sc2c1-3,test,test,train,0,0,0.5714286,0.5714286,0.76785713
CN1CCc2cccc3c2C1Cc1cc2sc(N)nc2cc1-3,train,train,train,0,0,0.5714286,0.5714286,0.64912283
CCCN1CCc2cccc3c2C1Cc1cc2sc(N)nc2cc1-3,test,test,test,0,0,0.76785713,0.76785713,0.76785713
C#CCOc1c(OC)cc2c3c1-c1cc(N)ccc1CC3N(C)CC2,test,test,train,2,2,0.73015875,0.73015875,0.7777778
COc1cc2c3c(c1OC)-c1cc(N)ccc1CC3N(C)CC2,test,test,train,2,2,0.7826087,0.7826087,0.7777778
C#CCOc1c(OC)cc2c3c1-c1cc([N+](=O)[O-])ccc1CC3N(C)CC2,train,train,test,2,2,0.7966102,0.7966102,0.765625
C=CCOc1c(OC)cc2c3c1-c1cc([N+](=O)[O-])ccc1CC3N(C)CC2,train,train,train,2,2,0.8103448,0.8103448,0.74603176
COc1cc2c3c(c1OC1CC1)-c1cc([N+](=O)[O-])ccc1CC3N(C)CC2,test,test,train,2,2,0.83928573,0.83928573,0.74603176
COc1cc2c3c(c1OC)-c1cc([N+](=O)[O-])ccc1CC3N(C)CC2,train,train,test,2,2,0.8103448,0.8103448,0.83928573
COc1cc2c3c(c1O)-c1cc([N+](=O)[O-])ccc1CC3N(C)CC2,train,train,train,2,2,0.8,0.8,0.73333335
CCCC(=O)Nc1ccc2c(c1)-c1cccc3c1C(C2)N(C)CC3,train,train,train,0,0,0.8181818,0.8181818,0.8181818
CC(=O)Nc1ccc2c(c1)-c1cccc3c1C(C2)N(C)CC3,train,train,train,0,0,0.8333333,0.8333333,0.8333333
CN1CCc2cccc3c2C1Cc1ccc(N)cc1-3,test,test,test,0,0,0.71794873,0.71794873,0.71794873
CN1CCc2cccc3c2C1Cc1ccc([N+](=O)[O-])cc1-3,train,train,train,0,0,0.6363636,0.6363636,0.6363636
O=[N+]([O-])c1ccc2c(c1)-c1cccc3c1C(C2)NCC3,train,train,train,0,0,0.59615386,0.59615386,0.59615386
O=C1[C@H]2[C@@H]3CC[C@@H](C3)[C@H]2C(=O)N1CCCCCCN1CCN(c2nsc3ccccc23)CC1,train,train,train,1,1,0.7288136,0.7288136,0.7288136
O=C1[C@H]2[C@@H]3CC[C@@H](C3)[C@H]2C(=O)N1CCCCCCN1CCN(c2ccccc2Cl)CC1,test,test,test,1,1,0.7,0.7,0.8541667
O=C1[C@H]2[C@@H]3CC[C@@H](C3)[C@H]2C(=O)N1CCCCCCN1CCN(c2cccc(Cl)c2)CC1,train,train,train,1,1,0.7755102,0.7755102,0.7755102
O=C1[C@H]2[C@@H]3CC[C@@H](C3)[C@H]2C(=O)N1CCCCCCN1CCN(c2ccc(Cl)cc2)CC1,train,train,train,1,1,0.7755102,0.7755102,0.7755102
O=C1[C@H]2[C@@H]3CC[C@@H](C3)[C@H]2C(=O)N1CCCCCCN1CCN(c2cccc(Cl)c2Cl)CC1,test,test,train,1,1,0.6851852,0.6851852,0.6851852
O=C1[C@H]2[C@@H]3CC[C@@H](C3)[C@H]2C(=O)N1CCCCCCN1CCN(c2cccc(C(F)(F)F)c2)CC1,test,test,train,1,1,0.7407407,0.7407407,0.7407407
COc1ccccc1N1CCN(CCCCCCN2C(=O)[C@H]3[C@@H]4CC[C@@H](C4)[C@H]3C2=O)CC1,test,test,train,2,2,0.59375,0.59375,0.66071427
O=C1c2ccccc2C(=O)N1CCCCCCN1CCN(c2nsc3ccccc23)CC1,train,train,train,1,1,0.84313726,0.84313726,0.76363635
O=c1n(CCCCCCN2CCN(c3nsc4ccccc34)CC2)nc2ccccn12,train,train,train,1,1,0.6101695,0.6101695,0.6101695
O=c1oc2ccccc2n1CCCCCCN1CCN(c2nsc3ccccc23)CC1,train,train,train,1,1,0.6779661,0.6779661,0.6363636
c1ccc2oc(SCCCCCCN3CCN(c4nsc5ccccc45)CC3)nc2c1,train,train,train,1,1,0.5846154,0.5846154,0.5846154
O=C1CCc2cc(OCCCCCCN3CCN(c4nsc5ccccc45)CC3)ccc2N1,test,test,train,1,1,0.54545456,0.54545456,0.54545456
O=C1c2cccc3cccc(c23)N1CCCCCCN1CCN(c2nsc3ccccc23)CC1,train,train,train,1,1,0.8727273,0.8727273,0.76363635
O=S1(=O)c2cccc3cccc(c23)N1CCCCCCN1CCN(c2nsc3ccccc23)CC1,train,train,train,1,1,0.73333335,0.73333335,0.73333335
O=C1c2cccc3cccc(c23)C(=O)N1CCCCCCN1CCN(c2nsc3ccccc23)CC1,train,train,test,1,1,0.8727273,0.8727273,0.8727273
O=c1n(CCCCCCN2CCN(c3nsc4ccccc34)CC2)c2cccc3c2n1CCC3,train,train,train,1,1,0.63076925,0.63076925,0.6086956
O=S(=O)(c1ccccc1)N(CCCCCCN1CCN(c2nsc3ccccc23)CC1)c1cccc(C(F)(F)F)c1,test,test,train,1,1,0.7246377,0.7246377,0.7246377
Cc1ccc(S(=O)(=O)N(CCCCCCN2CCN(c3nsc4ccccc34)CC2)c2ccccc2)cc1,train,train,train,1,1,0.5538462,0.5538462,0.7246377
O=c1[nH]c2ccccc2n1CCCCCCN1CCN(c2nsc3ccccc23)CC1,train,train,test,1,1,0.6779661,0.6779661,0.6779661
O=C(NCCCCCCN1CCN(c2nsc3ccccc23)CC1)c1ccccc1,train,train,test,1,1,0.61403507,0.61403507,0.67241377
O=S(=O)(NCCCCCCN1CCN(c2nsc3ccccc23)CC1)c1ccccc1,test,test,train,1,1,0.79310346,0.79310346,0.79310346
O=S(=O)(NCCCCCCN1CCN(c2nsc3ccccc23)CC1)c1cccc2ccccc12,train,train,train,1,1,0.75409836,0.75409836,0.7719298
O=S(=O)(NCCCCCCN1CCN(c2nsc3ccccc23)CC1)c1ccc2ccccc2c1,train,train,train,1,1,0.75409836,0.75409836,0.79310346
