smiles,split_shipped,split_R0_from_D0,split_R2_from_D2,cluster_D0,cluster_D2,nn_ecfp4_sim_to_train_shipped,nn_ecfp4_sim_to_train_R0,nn_ecfp4_sim_to_train_R2
CN(C)Cc1ccccc1Sc1ccc(C#N)cc1N,train,train,train,4,4,0.6744186,0.6744186,0.6744186
CN(C)Cc1ccccc1Sc1ccc(C(F)(F)F)cc1N,train,train,test,4,4,0.6744186,0.6976744,0.6976744
COc1ccc(Sc2ccccc2CN(C)C)c(N)c1,test,test,train,4,4,0.6904762,0.6904762,0.825
CN(C)Cc1ccccc1Sc1ccc(Cl)cc1N,train,train,test,4,4,0.725,0.725,0.725
Fc1ccc([C@@H]2CCNC[C@H]2COc2ccc3c(c2)OCO3)cc1,train,train,train,4,4,0.8367347,0.8367347,0.8367347
c1ccc(CC(c2ccccc2)c2ccncc2)cc1,train,train,train,4,4,0.5769231,0.5769231,0.5769231
c1ccc(C(c2ccccc2)c2ccccn2)cc1,train,train,train,4,4,0.5,0.5,0.5
c1ccc(C(c2ccccc2)c2ccncc2)cc1,train,train,train,4,4,0.625,0.625,0.625
c1ccc(C(c2ccccc2)c2cccnc2)cc1,train,train,train,4,4,0.625,0.625,0.625
CN(CCOC(c1ccccc1)c1ccccc1)C1CCN(CCCc2ccccc2)CC1,train,train,test,3,3,0.82978725,0.82978725,0.6
OC1(c2ccc(Cl)cc2)c2cccc(F)c2C2=NCCN21,train,train,train,1,1,0.7291667,0.7291667,0.7291667
OC1(c2ccc(Cl)cc2)c2ccccc2C2=NCCN21,test,test,test,1,1,0.85365856,0.85365856,0.85365856
Fc1ccc(CCNC2CCN(CCOC(c3ccccc3)c3ccccc3)CC2)cc1,train,train,train,3,3,0.64,0.64,0.63461536
Oc1ccc(C2(O)c3ccccc3C3=NCCCN32)cc1,train,train,train,1,1,0.7906977,0.7906977,0.7906977
CN(CCCc1ccccc1)C1CCN(CCOC(c2ccccc2)c2ccccc2)CC1,train,train,test,3,3,0.82978725,0.82978725,0.5882353
c1ccc(CCCNC2CCN(CCOC(c3ccccc3)c3ccccc3)CC2)cc1,test,test,test,3,3,0.74509805,0.74509805,0.74509805
COc1cccc2c1C1=NCCN1C2(O)c1ccc(Cl)cc1,train,train,train,1,1,0.7291667,0.7291667,0.7291667
Fc1ccc(CCN2CCCC(CNCCOC(c3ccccc3)c3ccccc3)C2)cc1,train,train,train,3,3,0.85714287,0.85714287,0.85714287
COc1ccc(C2(O)c3ccccc3C3=NCCCN32)cc1,train,train,train,3,3,0.73913044,0.73913044,0.73913044
OC1(c2ccccc2)c2ccccc2C2=NCCN21,train,train,train,4,4,0.6904762,0.6904762,0.6904762
c1ccc(CN2CCC(NCCOC(c3ccccc3)c3ccccc3)CC2)cc1,train,train,train,3,3,0.63461536,0.63461536,0.63461536
CN1CCC(=C2c3ccccc3C=Cc3ccccc32)CC1,train,train,train,3,3,0.33333334,0.33333334,0.33333334
CN(C)CCCN1c2ccccc2CCc2ccccc21,train,train,train,4,4,0.7631579,0.7631579,0.7631579
c1ccc(CCCN2CCCC(CNCCOC(c3ccccc3)c3ccccc3)C2)cc1,train,train,train,3,3,0.8490566,0.8490566,0.8490566
c1ccc2c(c1)Cc1ccccc1C21CCNC1,train,train,train,1,1,0.31914893,0.31914893,0.31914893
OC1(c2ccc(Cl)cc2)c2ccccc2C2=NCCCN21,train,train,train,1,1,0.7906977,0.7906977,0.7906977
OC1(c2ccc(Cl)cc2)c2cc(Cl)c(Cl)cc2C2=NCCN21,test,test,train,1,1,0.67346936,0.67346936,0.67346936
COC(=O)C1C(c2ccc(OC)c(OC)c2)CC2CCC1N2C,train,train,train,2,2,0.6938776,0.6938776,0.7291667
c1ccc(CCCNCC2CCCN(CCOC(c3ccccc3)c3ccccc3)C2)cc1,train,train,train,3,3,0.8490566,0.8490566,0.8490566
COc1ccc2c(c1)C(O)(c1ccc(Cl)cc1)N1CCN=C21,train,train,train,1,1,0.6226415,0.6226415,0.67346936
Fc1ccc(CCNCC2CCCN(CCOC(c3ccccc3)c3ccccc3)C2)cc1,train,train,train,3,3,0.85714287,0.85714287,0.85714287
CN(CCc1ccc(F)cc1)CC1CCCN(CCOC(c2ccccc2)c2ccccc2)C1,train,train,train,3,3,0.6825397,0.6825397,0.6825397
COc1cccc2c1C(O)(c1ccc(Cl)cc1)N1CCN=C21,train,train,train,1,1,0.7,0.7,0.7
Clc1ccc(C2c3ccccc3C3=NCCN32)cc1,train,train,train,4,4,0.3962264,0.3962264,0.3962264
OC1(c2ccc(Cl)cc2)c2ccc3ccccc3c2C2=NCCCN21,test,test,train,1,1,0.87234044,0.87234044,0.6730769
COc1ccc2[nH]c(-c3ccccc3)c(CCN(C)C)c2c1,train,train,train,4,4,0.31034482,0.31034482,0.33333334
COc1cccc2c1O[C@@H](CN1C3C=C(n4ccc5cc(F)ccc54)CC1CC3)CO2,train,train,train,3,3,0.62666667,0.62666667,0.62666667
OC1(c2ccc3ccccc3c2)c2ccc3ccccc3c2C2=NCCN21,train,train,train,3,3,0.7708333,0.7708333,0.6730769
OC1(c2ccc(Cl)cc2)c2ccc3ccccc3c2C2=NCCN21,train,train,test,1,1,0.7708333,0.7708333,0.87234044
COc1cccc2c1O[C@@H](CN1C3C=C(c4ccc(Cl)c(Cl)c4)CC1CC3)CO2,train,train,train,3,3,0.7878788,0.7878788,0.7878788
COc1cccc2c1O[C@@H](CN1C3C=C(c4ccc5ccccc5c4)CC1CC3)CO2,train,train,train,4,4,0.7878788,0.7878788,0.7878788
OC1(c2ccc(Cl)cc2)c2ccccc2C2=N[C@H]3CCCC[C@@H]3N21,train,train,train,1,1,0.53846157,0.53846157,0.53846157
OC1(c2ccc3ccccc3c2)c2ccccc2C2=NCCN21,test,test,test,3,3,0.71428573,0.71428573,0.71428573
COc1cccc2c1O[C@@H](CN1C3C=C(c4cccc5ccccc45)CC1CC3)CO2,train,train,train,3,3,0.7761194,0.7761194,0.7761194
COc1cccc2c1O[C@@H](CN1C3C=C(c4cccc5cccnc45)CC1CC3)CO2,train,train,train,3,3,0.7761194,0.7761194,0.7761194
Fc1ccc(C(OCCC2CCN(Cc3cc4ccccc4s3)CC2)c2ccc(F)cc2)cc1,train,train,train,3,3,0.6779661,0.6779661,0.68421054
Fc1ccc(C(OCCC2CCN(Cc3cc4ccccc4[nH]3)CC2)c2ccc(F)cc2)cc1,train,train,train,3,3,0.6666667,0.6666667,0.6964286
Fc1ccc(C(OCCN2CCN(CCCc3ccccc3)CC2)c2ccc(F)cc2)cc1,train,train,train,3,3,0.85,0.85,0.7659575
Fc1ccc(C(OCCC2CCN(CCCc3ccccc3)CC2)c2ccc(F)cc2)cc1,train,train,train,3,3,0.7659575,0.7659575,0.7659575
Fc1ccc(C(OCCC2CCN(C/C=C/c3ccco3)CC2)c2ccc(F)cc2)cc1,train,train,test,3,3,0.72727275,0.72727275,0.72727275
Fc1ccc(C(OCCC2CCN(Cc3cccc4ccccc34)CC2)c2ccc(F)cc2)cc1,train,train,test,3,3,0.6666667,0.6666667,0.7037037
Fc1ccc(C(OCCC2CCN(Cc3ccc4ccccc4c3)CC2)c2ccc(F)cc2)cc1,test,test,train,3,3,0.7037037,0.7037037,0.6964286
Fc1ccc(C(OCCC2CCN(C/C=C/c3cccs3)CC2)c2ccc(F)cc2)cc1,test,test,train,3,3,0.72727275,0.72727275,0.72727275
Fc1ccc(C(OCCC2CCN(CC#Cc3ccccc3)CC2)c2ccc(F)cc2)cc1,train,train,train,4,4,0.6545454,0.6545454,0.6545454
Fc1ccc(C(OCCC2CCN(C/C=C/c3ccccc3)CC2)c2ccc(F)cc2)cc1,train,train,train,4,4,0.72727275,0.72727275,0.72727275
Fc1ccc(C(OCCC2CCN(Cc3cc4ccccc4o3)CC2)c2ccc(F)cc2)cc1,train,train,train,3,3,0.6779661,0.6779661,0.6964286
CN1C2CCC1C(C(=O)Oc1ccccc1)C(c1ccc(Cl)cc1)C2,test,test,test,2,2,0.6111111,0.6111111,0.6111111
Fc1ccc(C(OCCNCCCNCCc2ccccc2)c2ccc(F)cc2)cc1,train,train,train,4,4,0.70212764,0.70212764,0.70212764
O=C1CN(CCc2ccccc2)CCN1CCOC(c1ccc(F)cc1)c1ccc(F)cc1,train,train,train,3,3,0.7234042,0.7234042,0.7058824
CN(CCCc1ccccc1)CCCN(C)CCOC(c1ccccc1)c1ccccc1,train,train,test,4,4,0.6511628,0.6511628,0.8888889
COC(=O)C1C(c2ccc(/C=C\Br)cc2)CC2CCC1N2C,test,test,train,2,2,0.8541667,0.8541667,0.8541667
O=C(Cc1ccccc1)NCCCNCCOC(c1ccc(F)cc1)c1ccc(F)cc1,train,train,train,4,4,0.8666667,0.8666667,0.8666667
O=C(Cc1ccccc1)NCCNCCOC(c1ccc(F)cc1)c1ccc(F)cc1,train,train,train,4,4,0.88095236,0.88095236,0.8666667
CN(CCCN(C)CCc1ccccc1)CCOC(c1ccccc1)c1ccccc1,test,test,train,4,4,0.8888889,0.8888889,0.73170733
O=C(CCc1ccccc1)NCCNCCOC(c1ccc(F)cc1)c1ccc(F)cc1,train,train,train,4,4,0.80851066,0.80851066,0.80851066
COC(=O)C1C(c2ccc(/C=C\I)cc2)CC2CCC1N2C,train,train,train,2,2,0.74509805,0.74509805,0.8541667
CN(CCOC(c1ccccc1)c1ccccc1)CCN(C)CCc1ccc(F)cc1,train,train,train,4,4,0.7105263,0.7105263,0.73170733
CN(CCOC(c1ccc(F)cc1)c1ccc(F)cc1)CCN(C)CCOC(c1ccc(F)cc1)c1ccc(F)cc1,train,train,train,4,4,0.7105263,0.7105263,0.7105263
O=C(Cc1ccc(F)cc1)NCCNCCOC(c1ccc(F)cc1)c1ccc(F)cc1,train,train,test,4,4,0.88095236,0.88095236,0.88095236
O=C1CN(CCOC(c2ccccc2)c2ccccc2)CCN1CCCc1ccccc1,train,train,train,3,3,0.7058824,0.7058824,0.7058824
COC(=O)C1C2CCC(CC1c1ccc(C=C(Br)Br)cc1)N2,test,test,test,2,2,0.76,0.76,0.76
C[C@H]1CC[C@H](C)N1CCCOc1ccc(-c2ccc(C(=O)N3CCOCC3)cc2)cc1,train,train,train,3,3,0.3802817,0.3802817,0.3802817
COC(=O)C1C(c2ccc(C=C(Br)Br)cc2)CC2CCC1N2C,train,train,train,2,2,0.74509805,0.74509805,0.7647059
O=C(CCc1ccc(Br)cc1)N/C=C/NCCOC(c1ccc(F)cc1)c1ccc(F)cc1,train,train,train,3,3,0.53333336,0.53333336,0.53333336
COC(=O)C1C2CCC(CC1c1ccc(/C=C\Br)cc1)N2,train,train,train,2,2,0.7692308,0.7692308,0.75510204
CN1C2CCC1C(C(=O)NCCCCCCNC(=O)C1C(c3ccc(Cl)cc3)CC3CCC1N3C)C(c1ccc(Cl)cc1)C2,train,train,test,2,2,0.9777778,0.9777778,0.9777778
CN1C2CCC1C(C(=O)NCCCCNC(=O)C1C(c3ccc(Cl)cc3)CC3CCC1N3C)C(c1ccc(Cl)cc1)C2,train,train,train,2,2,0.9777778,0.9777778,0.73214287
CN1C2CCC1C(C(=O)NCCCCCCCCNC(=O)C1C(c3ccc(Cl)cc3)CC3CCC1N3C)C(c1ccc(Cl)cc1)C2,test,test,test,2,2,1.0,1.0,0.9777778
CN1C2CCC1C(C(=O)NCCCNC(=O)C1C(c3ccc(Cl)cc3)CC3CCC1N3C)C(c1ccc(Cl)cc1)C2,train,train,test,2,2,0.95555556,0.95555556,0.95555556
CNCCC(Oc1cccc2ccccc12)c1cccc(OC)c1,train,train,test,4,4,0.81395346,0.81395346,0.81395346
COc1cc2c(cc1OC)C1=NO[C@@H](CN3CCN(C/C=C(\C)c4ccc(F)cc4F)CC3)[C@@H]1CO2,test,test,train,3,3,0.80597013,0.80597013,0.80597013
COc1cc2c(cc1OC)C1=NO[C@@H](CN3CCN(C/C(C)=C/c4cccnc4)CC3)[C@@H]1CO2,test,test,train,3,3,0.84615386,0.84615386,0.84615386
CNCCC(Oc1cccc2ccccc12)c1ccc(Br)cc1,train,train,train,4,4,0.8,0.8,0.8
CNCCC(Oc1cccc2ccccc12)c1nccs1,test,test,train,4,4,0.625,0.625,0.625
COc1cc2c(cc1OC)C1=NO[C@@H](CN3CCN(C/C=C/c4cccc(F)c4)CC3)[C@@H]1CO2,train,train,train,3,3,0.7714286,0.7714286,0.7714286
CNCCC(Oc1cccc2ccccc12)c1cccc(C)c1,test,test,train,4,4,0.7804878,0.7804878,0.7804878
CNCC[C@H](Oc1cccc2c(OC)c(O)ccc12)c1cccs1,train,train,train,4,4,0.82978725,0.82978725,0.82978725
CNCCC(Oc1cccc2ccccc12)c1cccc(C(F)(F)F)c1,train,train,train,4,4,0.8043478,0.8043478,0.8043478
COc1cc2c(cc1OC)C1=NO[C@@H](CN3CCN(C/C=C/c4ccc(Cl)cc4)CC3)[C@@H]1CO2,train,train,test,3,3,0.75,0.75,0.75
COc1cc2c(cc1OC)C1=NO[C@@H](CN3CCN(C/C=C(\C)c4ccccc4OC)CC3)[C@@H]1CO2,test,test,train,3,3,0.82539684,0.82539684,0.82539684
COc1cc2c(cc1OC)C1=NO[C@@H](CN3CCN(C/C(C)=C/c4cccc(F)c4F)CC3)[C@@H]1CO2,train,train,train,3,3,0.80597013,0.80597013,0.80597013
CNCCC(Oc1cccc2ccccc12)c1ccccc1,train,train,train,4,4,0.82051283,0.82051283,0.82051283
COc1cc2c(cc1OC)C1=NO[C@@H](CN3CCN(C/C(C)=C/c4ccco4)CC3)[C@@H]1CO2,train,train,train,3,3,0.7761194,0.7761194,0.7761194
CNCCC(Oc1cccc2ccccc12)c1ccccc1C(F)(F)F,train,train,train,4,4,0.7111111,0.7111111,0.7111111
COc1cc2c(cc1OC)C1=NO[C@@H](CN3CCN(C/C(C)=C/c4cccs4)CC3)[C@@H]1CO2,train,train,train,3,3,0.7794118,0.7794118,0.7794118
COc1cc2c(cc1OC)C1=NO[C@@H](CN3CCN(C/C(C)=C/c4ccsc4)CC3)[C@@H]1CO2,train,train,train,3,3,0.8153846,0.8153846,0.8153846
COc1cc2c(cc1OC)C1=NO[C@@H](CN3CCN(C/C=C(\C)c4ccsc4)CC3)[C@@H]1CO2,test,test,train,3,3,0.8153846,0.8153846,0.8153846
COc1cc2c(cc1OC)C1=NO[C@@H](CN3CCN(C/C=C/c4ccccc4F)CC3)[C@@H]1CO2,train,train,train,3,3,0.7647059,0.7647059,0.7647059
CNCCC(Oc1cccc2ccccc12)c1cccc(Br)c1,train,train,train,4,4,0.77272725,0.77272725,0.77272725
Cc1ccc(CN2CCN(CC(=O)N3c4ccccc4C[C@H]3C)CC2)cc1,train,train,test,3,3,0.28125,0.28125,0.31428573
COc1cc2c(cc1OC)C1=NO[C@@H](CN3CCN(C/C(C)=C/c4cc(F)ccc4F)CC3)[C@@H]1CO2,train,train,train,3,3,0.80597013,0.80597013,0.8088235
COc1cc2c(cc1OC)C1=NO[C@@H](CN3CCN(C/C=C(\C)c4ccc(O)cc4)CC3)[C@@H]1CO2,train,train,train,3,3,0.85714287,0.85714287,0.85714287
COc1cc2c(cc1OC)C1=NO[C@@H](CN3CCN(C/C(C)=C/c4ccc(F)cc4)CC3)[C@@H]1CO2,test,test,train,3,3,0.84375,0.84375,0.84375
COc1cc2c(cc1OC)C1=NO[C@@H](CN3CCN(C/C=C(\C)c4ccc(F)cc4)CC3)[C@@H]1CO2,train,train,train,3,3,0.85714287,0.85714287,0.85714287
CNCCC(Oc1cccc2ccccc12)c1ccc(Cl)cc1,train,train,train,4,4,0.8,0.8,0.8
CNCCC(Oc1cccc2ccccc12)c1ccsc1,train,train,train,4,4,0.7380952,0.7380952,0.7380952
COc1cc2c(cc1OC)C1=NO[C@@H](CN3CCN(C/C(C)=C/c4ccccc4)CC3)[C@@H]1CO2,train,train,train,3,3,0.84126985,0.84126985,0.84615386
COc1cc2c(cc1OC)C1=NO[C@@H](CN3CCN(C/C=C(\C)c4ccccc4)CC3)[C@@H]1CO2,train,train,train,3,3,0.8548387,0.8548387,0.8548387
CNCCC(Oc1cccc2ccccc12)c1ccc(F)cc1,train,train,train,4,4,0.82051283,0.82051283,0.82051283
CNCC[C@H](Oc1cccc2c(O)c(O)ccc12)c1cccs1,test,test,train,4,4,0.82608694,0.82608694,0.82608694
CNCCCOc1cccc2ccccc12,train,train,test,4,4,0.9,0.9,0.55
COc1ccccc1/C=C(\C)CN1CCN(C[C@@H]2ON=C3c4cc(OC)c(OC)cc4OC[C@H]32)CC1,train,train,train,3,3,0.84126985,0.84126985,0.84126985
CNCCC(Oc1cccc2ccccc12)c1ccc(C(F)(F)F)cc1,train,train,train,4,4,0.8043478,0.8043478,0.8043478
CNCCC(Oc1cccc2ccccc12)c1ccccc1OC,train,train,train,4,4,0.7804878,0.7804878,0.7804878
CNCCC(Oc1cccc2ccccc12)c1ccco1,train,train,train,4,4,0.6744186,0.6744186,0.6744186
CNCC[C@H](Oc1cccc2cc(O)ccc12)c1cccs1,train,train,train,4,4,0.7,0.7,0.7
CNCCC(Oc1cccc2ccccc12)c1ccc(C)cc1,test,test,train,4,4,0.82051283,0.82051283,0.82051283
COc1cc2c(cc1OC)C1=NO[C@@H](CN3CCN(C/C=C(\C)c4cccs4)CC3)[C@@H]1CO2,test,test,train,3,3,0.76119405,0.76119405,0.76119405
COc1cc2c(cc1OC)C1=NO[C@@H](CN3CCN(C/C(C)=C/c4cccc(F)c4)CC3)[C@@H]1CO2,train,train,train,3,3,0.8333333,0.8333333,0.8358209
CNCC[C@H](Oc1cccc2c(O)cccc12)c1cccs1,train,train,train,4,4,0.88372093,0.88372093,0.88372093
CNCCC(Oc1cccc2ccccc12)c1ccccc1C,train,train,train,4,4,0.7804878,0.7804878,0.7804878
CNCC[C@H](Oc1ccc(O)c2ccccc12)c1cccs1,train,train,train,4,4,0.88372093,0.88372093,0.88372093
COc1cc2c(cc1OC)C1=NO[C@@H](CN3CCN(C/C=C(\C)c4ccco4)CC3)[C@@H]1CO2,train,train,train,3,3,0.77272725,0.77272725,0.77272725
CNCCCCOc1cccc2ccccc12,train,train,test,4,4,0.9,0.9,0.5365854
CNCCC(Oc1cccc2ccccc12)c1ccc(OC)cc1,train,train,train,4,4,0.82051283,0.82051283,0.82051283
CC(C)(C)N[C@H]1C[C@@H](c2ccc(Cl)c(Cl)c2)c2ccccc21,train,train,train,1,1,0.59090906,0.59090906,0.59090906
CCN(C)[C@@H]1C[C@@H](c2ccc(Cl)c(Cl)c2)c2ccccc21,train,train,train,1,1,0.6976744,0.6976744,0.6976744
CN([C@@H]1C[C@@H](c2ccc(Cl)c(Cl)c2)c2ccccc21)C(C)(C)C,train,train,train,1,1,0.6976744,0.6976744,0.6976744
COC(=O)[C@H]1C2CC[C@@H]3C[C@@H]1/C(=C/c1ccc(OC)cc1)CN23,train,train,train,2,2,0.4918033,0.4918033,0.56363636
COc1cccc2sc([C@@H]3CCN(C[C@H](O)COc4cccc5[nH]c(C)cc45)[C@@H](C)C3)cc12,train,train,train,3,3,0.79710144,0.8169014,0.8169014
Cc1cc2c(OC[C@@H](O)CN3CC[C@@H](c4cccc5occc45)C[C@@H]3C)cccc2[nH]1,train,train,test,3,3,0.7808219,0.7808219,0.7297297
Cc1cc2c(OC[C@@H](O)CN3CC[C@@H](c4cc5ccccc5s4)C[C@@H]3C)cccc2[nH]1,test,train,train,3,3,0.89705884,0.89705884,0.89705884
COc1cccc2ccc([C@@H]3CCN(C[C@H](O)COc4cccc5[nH]c(C)cc45)[C@@H](C)C3)cc12,train,train,train,3,3,0.8507463,0.8507463,0.8507463
Cc1cc2c(OC[C@H](O)CN3CC[C@@H](c4cccc5sccc45)C[C@@H]3C)cccc2[nH]1,train,train,train,3,3,0.7916667,0.7916667,0.7567568
Cc1cc2c(OC[C@@H](O)CN3CC[C@@H](c4ccc5c(C)csc5c4)C[C@@H]3C)cccc2[nH]1,test,test,train,3,3,0.8857143,0.8857143,0.8857143
Cc1cc2c(OC[C@@H](O)CN3CC[C@@H](c4ccc5ccoc5c4)C[C@@H]3C)cccc2[nH]1,train,train,test,3,3,0.8857143,0.8857143,0.7887324
Cc1cc2c(OC[C@H](O)CN3CC[C@@H](c4ccc5sccc5c4)C[C@@H]3C)cccc2[nH]1,train,train,train,3,3,0.8857143,0.8857143,0.7887324
Cc1cc2c(OC[C@@H](O)CN3CC[C@@H](c4ccc5ccccc5c4)C[C@@H]3C)cccc2[nH]1,train,train,train,4,4,0.8507463,0.8507463,0.8507463
Cc1cc2c(OC[C@@H](O)CN3CC[C@@H](c4ccc5ccsc5c4)C[C@@H]3C)cccc2[nH]1,train,train,test,3,3,0.8857143,0.8857143,0.8857143
Cc1cc2c(OC[C@@H](O)CN3CC[C@@H](c4cccc5ccsc45)C[C@@H]3C)cccc2[nH]1,train,train,test,3,3,0.7916667,0.7916667,0.7916667
Cc1cc2c(OC[C@H](O)CN3CC[C@@H](c4ccc5occc5c4)C[C@@H]3C)cccc2[nH]1,train,train,test,3,3,0.8857143,0.8857143,0.7887324
Cc1cc2c(OC[C@@H](O)CN3CC[C@@H](c4ccc5scc(C)c5c4)C[C@@H]3C)cccc2[nH]1,train,train,train,3,3,0.7837838,0.7837838,0.8857143
COC(=O)C1C(c2cccc(-c3ccco3)c2)CC2CCC1N2C,train,train,train,2,2,0.7592593,0.7592593,0.7592593
COC(=O)C1C2CCC(CC1c1cccc(I)c1)N2,train,train,train,2,2,0.7307692,0.7307692,0.6730769
COC(=O)C1C(c2cccc(-c3ccccc3)c2)CC2CCC1N2C,train,train,train,2,2,0.7777778,0.7777778,0.7777778
COC(=O)C1C(c2cccc(-c3ccsc3)c2)CC2CCC1N2C,train,train,train,2,2,0.7818182,0.7818182,0.7818182
COC(=O)C1C(c2cccc(I)c2)CC2CCC1N2C,train,train,train,2,2,0.74509805,0.74509805,0.74509805
C1=C(c2c[nH]c3ccccc23)CCN(CCOc2cccc3ncccc23)C1,train,train,test,3,3,0.8103448,0.8103448,0.8103448
C1=C(c2c[nH]c3ncccc23)CCN(CCOc2cccc3c2OCCO3)C1,train,train,test,3,3,0.765625,0.765625,0.765625
Fc1ccc2[nH]cc(C3=CCN(CCOc4cccc5c4OCCO5)CC3)c2c1,train,train,test,3,3,0.87096775,0.87096775,0.87096775
Fc1ccc2c(C3=CCN(CCOc4cccc5c4OCCO5)CC3)c[nH]c2c1,train,train,train,3,3,0.87096775,0.87096775,0.82258064
C1=C(c2c[nH]c3ccccc23)CCN(CCOc2cccc3c2OCCO3)C1,train,train,train,3,3,0.82258064,0.82258064,0.82258064
C1=C(c2c[nH]c3ncccc23)CCN(CCOc2cccc3ncccc23)C1,train,train,train,3,3,0.8103448,0.8103448,0.6031746
Fc1ccc2c(C3CCN(CCOc4cccc5c4OCCO5)CC3)c[nH]c2c1,test,test,test,3,3,0.65217394,0.65217394,0.65217394
C1=C(c2c[nH]c3ccccc23)CCN(CCOc2cccc3[nH]ccc23)C1,train,train,train,3,3,0.7586207,0.7586207,0.704918
CC(C)OC(=O)C1C2CCC(C[C@@H]1c1ccc(Cl)cc1)CN2C,train,train,train,2,2,0.6111111,0.6111111,0.6111111
COC(=O)C1C2CCC(C[C@@H]1c1ccc(I)cc1)CN2C,train,train,train,2,2,0.6111111,0.6111111,0.6111111
CN(C)C[C@H]1C2CCC(C2)[C@@H]1c1ccc2cc(F)ccc2c1,train,train,train,4,4,0.7209302,0.7209302,0.7209302
CN(C)C[C@H]1C2CCC(C2)[C@@H]1c1ccc2cc(O)ccc2c1,train,train,train,4,4,0.7209302,0.7209302,0.7209302
CNC[C@H]1C2CCC(C2)[C@@H]1c1ccc2cc(F)ccc2c1,test,test,train,4,4,0.6818182,0.6818182,0.6818182
COc1ccc2cc([C@H]3C4CCC(C4)[C@@H]3CN(C)C)ccc2c1,train,train,train,4,4,0.70454544,0.70454544,0.70454544
CN(C)C[C@H]1C2CCC(CC2)[C@@H]1c1cccc(Cl)c1,train,train,test,4,4,0.47916666,0.47916666,0.47916666
CN(C)CC1C2CCC(C2)C1c1cccc2ccccc12,train,train,test,4,4,0.47916666,0.47916666,0.47916666
CNC[C@H]1C2CCC(C2)[C@@H]1c1ccc2cc(OC)ccc2c1,test,test,test,4,4,0.6888889,0.6888889,0.70454544
CN(C)Cc1ccccc1Sc1ccc(Br)cc1CO,train,train,train,4,4,0.70731705,0.70731705,0.70731705
CN(C)Cc1ccccc1Sc1ccc(I)cc1N,test,test,train,4,4,0.8378378,0.8378378,0.8378378
CN(C)C(=O)c1ccccc1Sc1cc(N)c(Cl)cc1[N+](=O)[O-],train,train,train,4,4,0.47457626,0.47457626,0.44827586
CN(C)Cc1ccccc1Sc1ccc(I)cc1CO,train,train,train,4,4,0.9166667,0.9166667,0.725
CN(C)Cc1ccccc1Sc1cc(F)c(Cl)cc1[N+](=O)[O-],train,train,test,4,4,0.6530612,0.6530612,0.509434
CN(C)Cc1ccccc1Sc1cc(F)c(Cl)cc1N,train,train,test,4,4,0.6976744,0.6976744,0.74418604
CN(C)Cc1ccccc1Sc1ccc(Cl)cc1CO,train,train,train,4,4,0.70731705,0.70731705,0.70731705
COc1cc2c(cc1OC)C1=NO[C@@H](CN3CCN(Cc4ccc5ccccc5c4)CC3)[C@@H]1CO2,train,train,train,3,3,0.73846155,0.73846155,0.73846155
Fc1ccc2c(c1)CC(CC1CN=CN1)C2,train,train,train,3,3,0.2413793,0.23636363,0.2857143
C(=C/c1ccccc1)\CN1CCN(C[C@@H]2ON=C3c4ccccc4OC[C@H]32)CC1,train,train,train,3,3,0.6779661,0.6779661,0.6779661
C(=C/c1ccccc1)\CN1CCN(C[C@@H]2ON=C3c4ccccc4NC[C@H]32)CC1,train,train,train,3,3,0.6779661,0.6779661,0.7419355
c1ccc2c(c1)NC[C@@H]1C2=NO[C@H]1CN1CCN(Cc2ccc3ccccc3c2)CC1,test,test,train,3,3,0.7580645,0.7580645,0.7580645
CCNC(=O)N1C[C@@H]2C(=NO[C@H]2CN2CCN(C/C=C/c3ccccc3)CC2)c2ccccc21,test,test,train,3,3,0.7794118,0.7794118,0.7794118
CCOC(=O)N1C[C@@H]2C(=NO[C@H]2CN2CCN(C/C=C/c3ccccc3)CC2)c2ccccc21,train,train,train,3,3,0.6666667,0.6666667,0.7794118
CC(=O)N1C[C@@H]2C(=NO[C@H]2CN2CCN(CCC/C=C/c3ccccc3)CC2)c2ccccc21,train,train,train,3,3,0.6666667,0.6666667,0.6666667
COc1cc2c(cc1OC)C1=NO[C@@H](CN3CCN(C/C=C/c4ccccc4)CC3)[C@@H]1CN2,test,test,train,3,3,0.74626863,0.74626863,0.74626863
COc1cc2c(cc1OC)C1=NO[C@@H](CN3CCN(C/C(C)=C/c4ccccc4)CC3)[C@@H]1CN2,train,train,train,3,3,0.7352941,0.7352941,0.7352941
COc1cc2c(cc1OC)C1=NO[C@@H](CN3CCN(C/C=C(\C)c4ccccc4)CC3)[C@@H]1CN2,train,train,train,3,3,0.73134327,0.73134327,0.74626863
COc1cc2c(cc1OC)C1=NO[C@@H](CN3CCN(Cc4ccc(Cl)cc4)CC3)[C@@H]1CN2,train,train,train,3,3,0.7777778,0.7777778,0.7777778
COc1cc2c(cc1OC)C1=NO[C@@H](CN3CCN(Cc4ccc5ccccc5c4)CC3)[C@@H]1CN2,train,train,train,3,3,0.8181818,0.8181818,0.7777778
COc1cc2c(cc1OC)C1=NO[C@@H](CN3CCN(Cc4ccc5ncccc5c4)CC3)[C@@H]1CN2,train,train,test,3,3,0.8181818,0.8181818,0.8181818
COc1cc2c(cc1OC)C1=NO[C@@H](CN3CCN(CCOc4ccc(F)cc4)CC3)[C@@H]1CN2,train,train,train,3,3,0.64705884,0.64705884,0.64705884
COc1cc2c(cc1OC)N(C)C[C@@H]1C2=NO[C@H]1CN1CCN(CCC/C(C)=C/c2ccccc2)CC1,train,train,test,3,3,0.6216216,0.6216216,0.6216216
C1=C[C@@H]2C(=NO[C@H]2CN2CCN(C/C=C/c3ccccc3)CC2)c2ccccc21,test,test,train,3,3,0.60655737,0.60655737,0.75409836
COc1ccc2c(c1)C=C[C@@H]1C2=NO[C@H]1CN1CCN(C/C=C/c2ccccc2)CC1,test,test,train,3,3,0.5070422,0.5070422,0.75409836
COc1ccc2c(c1)C=C[C@@H]1C2=NO[C@H]1CN1CCN(Cc2ccc3ccccc3c2)CC1,test,test,train,3,3,0.57746476,0.57746476,0.6666667
C/C(=C\c1ccccc1)CN1CCN(C[C@@H]2ON=C3c4ccc(O)cc4OC[C@H]32)CC1,train,train,train,3,3,0.75384617,0.75384617,0.75384617
COCCOc1ccc2c(c1)OC[C@@H]1C2=NO[C@H]1CN1CCN(C/C(C)=C/c2ccccc2)CC1,train,train,train,3,3,0.8450704,0.8450704,0.8450704
CCOCCOCCOc1ccc2c(c1)OC[C@@H]1C2=NO[C@H]1CN1CCN(C/C(C)=C/c2ccccc2)CC1,train,train,train,3,3,0.8450704,0.8450704,0.8450704
C/C(=C\c1ccccc1)CN1CCN(C[C@@H]2ON=C3c4ccc(OC5CCCC5)cc4OC[C@H]32)CC1,train,train,train,3,3,0.7567568,0.7567568,0.7567568
C/C(=C\c1ccccc1)CN1CCN(C[C@@H]2ON=C3c4ccc(OCCN(C)C)cc4OC[C@H]32)CC1,train,train,train,3,3,0.8428571,0.8428571,0.8428571
CC(=O)Oc1ccc2c(c1)OC[C@@H]1C2=NO[C@H]1CN1CCN(C/C(C)=C/c2ccccc2)CC1,test,test,test,3,3,0.86764705,0.86764705,0.86764705
COCC(=O)Oc1ccc2c(c1)OC[C@@H]1C2=NO[C@H]1CN1CCN(C/C(C)=C/c2ccccc2)CC1,train,train,train,3,3,0.8082192,0.8082192,0.8082192
C/C(=C\c1ccccc1)CN1CCN(C[C@@H]2ON=C3c4ccc(OC(=O)C5CC5)cc4OC[C@H]32)CC1,train,train,train,3,3,0.8194444,0.8194444,0.8194444
C=CC(=O)Oc1ccc2c(c1)OC[C@@H]1C2=NO[C@H]1CN1CCN(C/C(C)=C/c2ccccc2)CC1,train,train,train,3,3,0.8194444,0.8194444,0.8194444
C/C(=C\c1ccccc1)CN1CCN(C[C@@H]2ON=C3c4ccc(OC(=O)C(C)(C)C)cc4OC[C@H]32)CC1,train,train,train,3,3,0.8194444,0.8194444,0.8194444
C/C(=C\c1ccccc1)CN1CCN(C[C@@H]2ON=C3c4ccc(OC(=O)c5ccncc5)cc4OC[C@H]32)CC1,train,train,train,3,3,0.7866667,0.7866667,0.7866667
CN(C)Cc1ccccc1Oc1ccc(I)cc1CO,train,train,train,4,4,0.60465115,0.60465115,0.725
CN(C)Cc1ccccc1Oc1ccc(I)cc1N,test,test,train,4,4,0.74358976,0.74358976,0.74358976
CN(C)Cc1ccccc1Cc1ccc(I)cc1N,train,train,train,4,4,0.54761904,0.54761904,0.58536583
Cc1ccc(Sc2ccccc2CN(C)C)c(N)c1,train,train,train,4,4,0.725,0.725,0.74358976
CN(C)Cc1ccccc1Sc1ccccc1N,train,train,test,4,4,0.7222222,0.7222222,0.7222222
C=Cc1ccc(Sc2ccccc2CN(C)C)c(N)c1,train,train,train,4,4,0.6904762,0.6904762,0.6904762
CCc1ccc(Sc2ccccc2CN(C)C)c(N)c1,train,train,train,4,4,0.7804878,0.7804878,0.7804878
CN(C)Cc1ccccc1Sc1ccc(CO)cc1N,train,train,train,4,4,0.8095238,0.8095238,0.7804878
CN(C)Cc1ccccc1Sc1ccc(CCO)cc1N,train,train,test,4,4,0.8604651,0.8604651,0.8604651
CN(C)Cc1ccccc1Sc1ccc(CCF)cc1N,test,test,train,4,4,0.8604651,0.8604651,0.8095238
CN(C)Cc1ccccc1Sc1ccc(CCCO)cc1N,train,train,train,4,4,0.8604651,0.8604651,0.77272725
CN(C)Cc1ccccc1Sc1ccc(CCCF)cc1N,train,train,test,4,4,0.7826087,0.7826087,0.8604651
CNC(=O)c1ccccc1Sc1ccccc1[N+](=O)[O-],train,train,train,4,4,0.7619048,0.7619048,0.7619048
CNC(=O)c1ccccc1Sc1ccc(C)cc1[N+](=O)[O-],train,train,train,4,4,0.7619048,0.7619048,0.7619048
CCc1ccc(Sc2ccccc2CNC)c(N)c1,train,train,train,4,4,0.6744186,0.6744186,0.7804878
CNCc1ccccc1Sc1ccc(CO)cc1N,test,test,train,4,4,0.7804878,0.7804878,0.7804878
Cc1cc(N)c(Sc2ccccc2CN(C)C)cc1F,test,test,train,4,4,0.74418604,0.74418604,0.6744186
CN(C)Cc1ccccc1Sc1ccc(F)cc1N,test,test,train,4,4,0.725,0.725,0.725
CN(C)Cc1ccccc1Sc1ccc(CF)cc1N,train,train,train,4,4,0.7804878,0.7804878,0.8095238
Cc1ccc(Sc2ccccc2CN)c(N)c1,train,train,train,4,4,0.7105263,0.7105263,0.7105263
CCNCc1ccccc1Sc1ccc(C)cc1N,train,train,train,4,4,0.80487806,0.80487806,0.80487806
Cc1ccc(Sc2ccccc2CNCCF)c(N)c1,test,test,train,4,4,0.7906977,0.7906977,0.8604651
CCCNCc1ccccc1Sc1ccc(C)cc1N,train,train,train,4,4,0.80487806,0.80487806,0.80487806
Cc1ccc(Sc2ccccc2CNCCCF)c(N)c1,test,test,train,4,4,0.75555557,0.75555557,0.8604651
C=CCNCc1ccccc1Sc1ccc(C)cc1N,train,train,train,4,4,0.72727275,0.72727275,0.72727275
CN(C)CCCc1c[nH]c2ccc(C#N)cc12,train,train,train,4,4,0.47916666,0.4509804,0.47916666
CN(C)CCCc1c[nH]c2ccc(F)cc12,test,test,test,4,4,0.65217394,0.65217394,0.65217394
CN(C)C[C@H]1C[C@@H]1c1c[nH]c2c(C#N)cccc12,train,train,train,4,4,0.6956522,0.6956522,0.5769231
CN(C)C[C@H]1C[C@@H]1c1c[nH]c2cc(C#N)ccc12,train,train,train,4,4,0.5769231,0.5769231,0.68085104
CN(C)C[C@H]1C[C@@H]1c1c[nH]c2c(F)cccc12,train,train,test,4,4,0.6956522,0.6956522,0.6956522
CN(C)C[C@H]1C[C@@H]1c1c[nH]c2cc(F)ccc12,test,test,train,4,4,0.68085104,0.68085104,0.68085104
CN(C)C[C@H]1C[C@@H]1c1c[nH]c2cccc(F)c12,test,test,train,4,4,0.6818182,0.6818182,0.59574467
CN(C)C[C@H]1C[C@@H]1c1cn(C)c2ccc(C#N)cc12,test,test,train,4,4,0.75510204,0.75510204,0.75510204
CCn1cc([C@H]2C[C@@H]2CN(C)C)c2cc(C#N)ccc21,train,train,train,4,4,0.54545456,0.54545456,0.75510204
O=C(CCc1cc(C(F)(F)F)cc(C(F)(F)F)c1)N(c1ccc(F)cc1)C1CCNCC1,train,train,train,4,4,0.3846154,0.3846154,0.3846154
Cc1cc(C)cc(OCC(=O)N(c2ccc(Cl)c(Cl)c2)C2CCNCC2)c1,train,train,train,1,1,0.42857143,0.42857143,0.42857143
OC(CCc1ccccc1)CN1CCC2(CC1)OCc1c2ccc2ccccc12,train,train,train,3,3,0.26760563,0.26760563,0.26760563
CCCC1(CCCNC)Cc2ccccc2N(c2ccc(C)cc2)C1=O,train,train,test,3,3,0.35714287,0.35714287,0.35714287
CCC1(CCCNC)Cc2cc(Cl)ccc2N(c2ccc(C)cc2)C1=O,test,test,test,1,1,0.6440678,0.6440678,0.25396827
Fc1cc2c(c(OCCNCCCc3c[nH]c4ccc(F)cc34)c1)OCCC2,train,train,test,3,3,0.89830506,0.89830506,0.516129
CC(COc1ccc2c(c1)NC(=O)CO2)NCC(O)COc1cccc2[nH]ccc12,train,train,train,3,3,0.6164383,0.6164383,0.35955057
Cc1ccc2c(OCCN3CCC(Cc4ccc5c(c4)NC(=O)CO5)CC3)cccc2n1,train,train,train,3,3,0.6052632,0.6052632,0.6052632
O=C1COc2ccc(OCCNCCCOc3cccc4[nH]ccc34)cc2N1,train,train,test,3,3,0.6164383,0.6164383,0.6164383
COC(=O)[C@@H]1C2CCC(C[C@@H]1c1ccc(Cl)c(Cl)c1)N2C,test,test,train,2,2,0.72,0.72,0.72
CCN(CC)c1ccc2c(-c3ccc(S(=O)(=O)NCCCCCC(=O)NCCOC(=O)[C@@H]4C5CCC(C[C@@H]4c4ccc(Cl)c(Cl)c4)N5C)cc3S(=O)(=O)O)c3ccc(=[N+](CC)CC)cc-3oc2c1,train,train,train,2,2,0.8558559,0.8558559,0.7107438
CCN(CC)c1ccc2c(-c3ccc(S(=O)(=O)NC[C@H]4CC[C@H](C(=O)NCCN5C6CCC5[C@@H](C(=O)OC)[C@@H](c5ccc(Cl)c(Cl)c5)C6)CC4)cc3S(=O)(=O)O)c3ccc(=[N+](CC)CC)cc-3oc2c1,train,train,train,2,2,0.8333333,0.8333333,0.7107438
CN1C2CCC1CC(OC(c1ccc(F)cc1)c1ccc(F)cc1)C2,train,train,train,4,4,0.5365854,0.5365854,0.4
Fc1ccc(C(N[C@@H]2C[C@@H]3CC[C@H](C2)N3CCc2c[nH]c3ccccc23)c2ccc(F)cc2)cc1,train,train,train,3,3,0.6034483,0.6034483,0.6034483
NCCN1[C@H]2CC[C@@H]1C[C@H](NC(c1ccc(F)cc1)c1ccc(F)cc1)C2,test,test,train,3,3,0.72727275,0.72727275,0.72727275
O=C(CCN1[C@H]2CC[C@@H]1C[C@H](NC(c1ccc(F)cc1)c1ccc(F)cc1)C2)Nc1ccccc1,train,train,train,3,3,0.64285713,0.64285713,0.64285713
Fc1ccc(C(N[C@@H]2C[C@@H]3CC[C@H](C2)N3CCCCc2ccccc2)c2ccc(F)cc2)cc1,train,train,train,3,3,0.6938776,0.6938776,0.6938776
CCCCN1[C@H]2CC[C@@H]1C[C@H](NC(c1ccc(F)cc1)c1ccc(F)cc1)C2,train,train,train,3,3,0.6938776,0.6938776,0.72727275
C=CCN1[C@H]2CC[C@@H]1C[C@H](NC(c1ccc(F)cc1)c1ccc(F)cc1)C2,test,test,train,4,4,0.65217394,0.65217394,0.6818182
Fc1ccc(C(N[C@@H]2C[C@@H]3CC[C@H](C2)N3)c2ccc(F)cc2)cc1,train,train,train,4,4,0.51111114,0.51111114,0.53488374
CN(C(c1ccc(F)cc1)c1ccc(F)cc1)[C@@H]1C[C@@H]2CC[C@H](C1)N2C,train,train,test,4,4,0.5365854,0.5365854,0.5365854
CN1[C@H]2CC[C@@H]1C[C@H](NC(c1ccc(Cl)c(Cl)c1)c1ccc(Cl)c(Cl)c1)C2,train,train,test,2,2,0.7567568,0.7567568,0.7567568
CN1[C@H]2CC[C@@H]1C[C@H](NC(c1ccccc1)c1ccc(Cl)cc1)C2,test,test,train,2,2,0.8857143,0.8857143,0.8857143
CN1[C@H]2CC[C@@H]1C[C@H](NC(c1ccc(Cl)cc1)c1ccc(Cl)cc1)C2,train,train,train,2,2,0.7567568,0.7567568,0.8857143
Cn1c(=O)cnn(CCCCN2CCN(c3cccc4ccc(O[11CH3])cc34)CC2)c1=O,train,train,train,3,3,0.4025974,0.4050633,0.4050633
CCCC(C(=O)c1ccc(Cl)c(Cl)c1)N1CCCCC1,test,test,test,1,1,0.9736842,0.9736842,0.9736842
CCCCNC(CCC)C(=O)c1ccc(Cl)c(Cl)c1,train,train,train,1,1,0.6511628,0.6511628,0.6511628
C=CCC(C(=O)c1ccc(Cl)c(Cl)c1)N1CCCC1,train,train,train,1,1,0.6976744,0.6976744,0.6976744
Cc1ccc(C(=O)C(CC(C)C)N2CCCC2)cc1,train,train,train,3,3,0.52272725,0.52272725,0.52272725
CCC(C(=O)c1ccc(Cl)c(Cl)c1)N1CCCC1,train,train,train,1,1,0.8,0.8,0.8
CCCC(CN1CCCC1)C(=O)c1ccc(Cl)c(Cl)c1,train,train,train,1,1,0.6818182,0.6818182,0.65217394
CCCC(CN1CCCC1)C(=O)c1ccc(C)cc1,train,train,test,3,3,0.6818182,0.6818182,0.6818182
CCC(CC(=O)c1ccc(Cl)c(Cl)c1)N1CCCC1,train,train,train,1,1,0.6511628,0.6511628,0.6511628
CCCC(C(=O)c1ccc(-c2cccs2)cc1)N1CCCC1,train,train,train,4,4,0.6304348,0.6304348,0.6304348
CCCC(C(=O)c1ccc(-c2ccco2)cc1)N1CCCC1,train,train,train,3,3,0.627451,0.627451,0.627451
CCCC(C(=O)c1ccc(OC)c(OC)c1)N1CCCC1,train,train,train,4,4,0.70454544,0.70454544,0.70454544
CCCC(C(=O)c1ccc(Cl)c(Cl)c1)N1CCCC1,train,train,train,1,1,0.8,0.8,0.8
CCCC(C(=O)c1ccc2ccccc2c1)N1CCCC1,train,train,train,4,4,0.6976744,0.6976744,0.6976744
CCCC(C(=O)c1cccc(C)c1)N1CCCC1,train,train,train,4,4,0.74418604,0.74418604,0.6818182
CCCC(C(=O)c1ccccc1C)N1CCCC1,train,train,train,4,4,0.6,0.6,0.60465115
CC#Cc1ccc(C(=O)C(CCC)N2CCCC2)cc1,train,train,train,4,4,0.6904762,0.6904762,0.6904762
CCCC(C(=O)c1ccc(C(F)(F)F)cc1)N1CCCC1,train,train,test,4,4,0.6904762,0.6904762,0.6904762
CCCC(C(=O)c1ccc(C(=O)OC)cc1)N1CCCC1,train,train,test,4,4,0.75609756,0.75609756,0.75609756
CCCC(C(=O)c1ccc(OC)cc1)N1CCCC1,train,train,train,4,4,0.75609756,0.75609756,0.70731705
CCCC(C(=O)c1ccc([N+](=O)[O-])cc1)N1CCCC1,train,train,train,4,4,0.6904762,0.6904762,0.6904762
CCCC(C(=O)c1cccc(I)c1)N1CCCC1,train,train,test,4,4,0.74418604,0.74418604,0.74418604
CCCC(C(=O)c1ccc(I)cc1)N1CCCC1,train,train,train,4,4,0.71428573,0.71428573,0.74358976
CCCC(C(=O)c1ccc(Br)cc1)N1CCCC1,test,test,train,4,4,0.74358976,0.74358976,0.74358976
Cc1ccc(Nc2ccccc2CN(C)C)c(N)c1,train,train,train,4,4,0.54545456,0.54545456,0.54545456
Cc1ccc(Oc2ccccc2CN(C)C)c(N)c1,train,train,train,4,4,0.7692308,0.7692308,0.7692308
Cc1ccc([S+](O)c2ccccc2CN(C)C)c(N)c1,train,train,train,4,4,0.5217391,0.5217391,0.5217391
Cc1cc2c(OC[C@@H](O)CN3CC[C@@H](c4cc5cc(F)ccc5s4)C[C@@H]3C)cccc2[nH]1,train,train,train,3,3,0.7808219,0.89705884,0.89705884
COc1ccc2cc([C@@H]3CCN(C[C@H](O)COc4cccc5[nH]ccc45)[C@@H](C)C3)sc2c1,train,train,train,3,3,0.85915494,0.85915494,0.85915494
Cc1cccc2sc([C@@H]3CCN(C[C@H](O)COc4cccc5[nH]ccc45)[C@@H](C)C3)cc12,test,test,test,3,3,0.82608694,0.82608694,0.7887324
C[C@H]1C[C@H](c2cc3cc(Cl)ccc3s2)CCN1C[C@H](O)COc1cccc2[nH]ccc12,train,train,train,3,3,0.85714287,0.85714287,0.79452056
C[C@H]1C[C@H](c2cc3ccc(F)cc3s2)CCN1C[C@H](O)COc1cccc2[nH]ccc12,train,train,train,3,3,0.86764705,0.86764705,0.85915494
C[C@H]1C[C@H](c2cc3ccccc3s2)CCN1C[C@H](O)COc1cccc2[nH]ccc12,train,train,test,3,3,0.86764705,0.86764705,0.86764705
O[C@H](COc1cccc2[nH]ccc12)CN1CCC(c2cc3ccc(F)cc3s2)CC1,train,train,test,3,3,0.7941176,0.7941176,0.7941176
COc1cccc2sc(C3CCN(C[C@H](O)COc4cccc5[nH]c(C)cc45)CC3)cc12,train,train,train,3,3,0.79710144,0.79710144,0.79710144
COc1cccc2sc(C3CCN(C[C@H](O)COc4cccc5[nH]ccc45)CC3)cc12,train,train,train,3,3,0.77272725,0.77272725,0.77272725
CC(C)CN(Cc1ccccc1)C1CCNCC1,train,train,train,4,4,0.7631579,0.7631579,0.7631579
Cc1ccc(CN(CC(C)C)C2CCNCC2)cc1,train,train,train,4,4,0.7631579,0.7631579,0.7631579
COc1ccccc1N1CCN(CCCCNS(=O)(=O)c2ccc(C)cc2)CC1,test,test,train,3,3,0.46774194,0.46774194,0.42105263
COc1nc(NCCCN2CCOCC2)nc(OC)c1NC(=O)c1ccc(Oc2cc3c(cc2C)CCC3(C)C)o1,test,test,train,3,3,0.2857143,0.2857143,0.2857143
CN1C2CCC1C1COC(=O)CCSCCC(=O)Nc3ccc(cc3)C1C2,train,train,test,2,2,0.78571427,0.78571427,0.78571427
CN1C2CCC1C1COC(=O)CCC(=O)CCC(=O)Nc3ccc(cc3)C1C2,train,train,train,2,2,0.8148148,0.8148148,0.8148148
CN1C2CCC1C1COC(=O)CCCCCCCCCCC(=O)Nc3ccc(cc3)C1C2,train,train,train,2,2,1.0,1.0,1.0
CN1C2CCC1C1COC(=O)CCCCCCCCC(=O)Nc3ccc(cc3)C1C2,train,train,train,2,2,1.0,1.0,1.0
CN1C2CCC1C1COC(=O)CCCCCCC(=O)Nc3ccc(cc3)C1C2,train,train,test,2,2,1.0,1.0,1.0
CN1C2CCC1C1COC(=O)CCCCCC(=O)Nc3ccc(cc3)C1C2,test,test,train,2,2,1.0,1.0,1.0
C=C1CN2C3CCC2C1C(c1ccc(C)cc1)C3,train,train,train,2,2,0.74358976,0.74358976,0.74358976
COC(=O)/C=C1/CN2C3CCC2C1C(c1ccc(Cl)cc1)C3,train,train,train,2,2,0.81632656,0.81632656,0.81632656
COC(=O)/C=C1/CN2C3CCC2C1C(c1ccc(C)cc1)C3,train,train,train,2,2,0.81632656,0.81632656,0.81632656
C=C1CN2C3CCC2C1C(c1ccc(I)cc1)C3,train,train,train,2,2,0.74358976,0.74358976,0.74358976
C=C1CN2C3CCC2C1C(c1ccc(Cl)cc1)C3,train,train,train,2,2,0.74358976,0.74358976,0.74358976
C=C1CN2C3CCC2C1C(c1ccc(Br)cc1)C3,train,train,train,2,2,0.74358976,0.74358976,0.74358976
COC(=O)/C=C1/CN2C3CCC2C1C(c1ccc(Br)cc1)C3,train,train,train,2,2,0.81632656,0.81632656,0.81632656
COC(=O)[C@@H]1C2CCC(C[C@@H]1c1cccc(/C=C/I)c1)N2,train,train,test,2,2,0.8627451,0.8627451,0.7307692
COC(=O)[C@@H]1C2CCC(C[C@@H]1c1cccc(/C=C/Br)c1)N2,train,train,test,2,2,0.8627451,0.8627451,0.7692308
COC(=O)C(c1ccccc1)C1CCCCN1,train,train,train,4,4,0.725,0.725,0.725
CC(C)C(c1ccc(Cl)cc1)C1CCCCN1,train,train,train,4,4,0.7222222,0.7222222,0.47916666
CC(c1ccc(Cl)cc1)C1CCCCN1,train,train,test,4,4,0.7222222,0.7222222,0.7222222
CC(C)CC(c1cccc(Cl)c1)C1CCCCN1,train,train,train,4,4,0.5,0.5,0.47916666
CC(=O)C(c1ccccc1)C1CCCCN1,train,train,train,4,4,0.725,0.725,0.725
N#Cc1cccc(NC(=O)NCCC[C@H]2C[C@H](Cc3ccccc3)CCN2)c1,train,train,train,3,3,0.7619048,0.7619048,0.6617647
CC(=O)c1cc(NC(=O)NCCC[C@H]2C[C@H](Cc3ccc(F)cc3)CCN2C(=N)N)cc(C(C)=O)c1,train,train,train,3,3,0.85714287,0.85714287,0.85714287
CCC(=O)N1CC[C@@H](Cc2ccc(F)cc2)C[C@@H]1CCCNC(=O)Nc1cc(C(C)=O)cc(C(C)=O)c1,train,train,train,3,3,0.85714287,0.85714287,0.85714287
CC(=O)c1cc(NC(=O)NCCC[C@H]2C[C@H](Cc3ccc(F)cc3)CCN2C(C)=O)cc(C(C)=O)c1,train,train,train,3,3,0.85714287,0.85714287,0.85714287
CC(=O)c1cc(NC(=O)NCCC[C@H]2C[C@H](Cc3ccc(F)cc3)CCN2CC(F)F)cc(C(C)=O)c1,train,train,train,3,3,0.83076924,0.83076924,0.83076924
C#CCN1CC[C@@H](Cc2ccc(F)cc2)C[C@@H]1CCCNC(=O)Nc1cc(C(C)=O)cc(C(C)=O)c1,train,train,train,3,3,0.8181818,0.8181818,0.8181818
CC(=O)c1cc(NC(=O)NCCC[C@H]2C[C@H](Cc3ccc(F)cc3)CCN2CCF)cc(C(C)=O)c1,train,train,train,3,3,0.875,0.875,0.875
CC(=O)c1cc(NC(=O)NCCC[C@H]2C[C@H](Cc3ccc(F)cc3)CCN2CC(N)=O)cc(C(C)=O)c1,test,test,train,3,3,0.875,0.875,0.875
CC(=O)CN1CC[C@@H](Cc2ccc(F)cc2)C[C@@H]1CCCNC(=O)Nc1cc(C(C)=O)cc(C(C)=O)c1,train,train,train,3,3,0.83076924,0.83076924,0.875
CC(=O)c1cc(NC(=O)NCCC[C@H]2C[C@H](Cc3ccc(F)cc3)CCN2CCCO)cc(C(C)=O)c1,test,test,train,3,3,0.9206349,0.9206349,0.9206349
CC(=O)c1cc(NC(=O)NCCC[C@H]2C[C@H](Cc3ccc(F)cc3)CCN2CCO)cc(C(C)=O)c1,train,train,train,3,3,0.875,0.875,0.9206349
C=CCN1CC[C@@H](Cc2ccc(F)cc2)C[C@@H]1CCCNC(=O)Nc1cc(C(C)=O)cc(C(C)=O)c1,train,train,train,3,3,0.8181818,0.8181818,0.8787879
CCCN1CC[C@@H](Cc2ccc(F)cc2)C[C@@H]1CCCNC(=O)Nc1cc(C(C)=O)cc(C(C)=O)c1,train,train,train,3,3,0.8769231,0.8769231,0.8769231
CC(=O)c1cccc(NC(=O)NCCC[C@H]2C[C@H](Cc3ccc(F)cc3)CCN2CCO)c1,test,test,train,3,3,0.8787879,0.8787879,0.8787879
C=CCN1CC[C@@H](Cc2ccc(F)cc2)C[C@@H]1CCCNC(=O)Nc1cccc(C(C)=O)c1,test,test,train,3,3,0.8787879,0.8787879,0.8787879
CC(=O)c1cccc(NC(=O)NCCC[C@H]2C[C@H](Cc3ccc(F)cc3)CCN2CC2CC2)c1,train,train,test,3,3,0.8358209,0.8358209,0.8358209
CCCN1CC[C@@H](Cc2ccc(F)cc2)C[C@@H]1CCCNC(=O)Nc1cccc(C(C)=O)c1,train,train,train,3,3,0.8769231,0.8769231,0.8787879
CC(=O)c1cccc(NC(=O)NCCC[C@H]2C[C@H](Cc3ccc(F)cc3)CCN2C)c1,test,test,train,3,3,0.8181818,0.8181818,0.8181818
CC(=O)c1cc(NC(=O)NCCC[C@H]2C[C@H](Cc3ccc(F)cc3)CCN2)cc(C(C)=O)c1,test,test,train,3,3,0.74603176,0.74603176,0.8666667
CC(=O)c1cccc(NC(=O)NCCC[C@H]2C[C@H](Cc3ccc(F)cc3)CCN2)c1,test,test,train,3,3,0.8666667,0.8666667,0.8666667
CC(=O)c1cccc(NC(=O)NCCC[C@H]2C[C@H](Cc3ccccc3)CCN2)c1,train,train,test,4,4,0.7619048,0.7619048,0.8666667
COC(=O)[C@@H]1C2CCC(C[C@H]1c1ccc(F)cc1)N2C,train,train,train,2,2,0.7826087,0.7826087,0.7826087
Cc1ccc([C@H]2CC3CCC([C@H]2c2ccc(F)cc2)N3C)cc1,test,test,train,2,2,0.68,0.68,0.68
C[n+]1ccc(-c2ccccc2)cc1,test,test,train,4,4,0.25641027,0.25641027,0.25641027
CN1[C@H]2CC[C@@H]1[C@@H](c1ncc(-c3ccccc3)s1)[C@@H](c1ccc(Cl)cc1)C2,test,test,test,2,2,0.8979592,0.8979592,0.8979592
COc1ccc(-c2cnc([C@H]3[C@@H](c4ccc(C)cc4)C[C@@H]4CC[C@H]3N4C)s2)cc1OC,train,train,train,2,2,0.86206895,0.86206895,0.86206895
Cc1ccc([C@H]2C[C@@H]3CC[C@H]([C@H]2c2ncc(-c4ccc(Cl)c(Cl)c4)s2)N3C)cc1,test,test,train,2,2,0.8867925,0.8867925,0.8867925
COc1ccc(-c2cnc([C@H]3[C@@H](c4ccc(C)cc4)C[C@@H]4CC[C@H]3N4C)s2)cc1,train,train,train,2,2,0.8545455,0.8545455,0.8545455
Cc1ccc([C@H]2C[C@@H]3CC[C@H]([C@H]2c2ncc(-c4cccc([N+](=O)[O-])c4)s2)N3C)cc1,train,train,train,2,2,0.85714287,0.85714287,0.85714287
Cc1ccc([C@H]2C[C@@H]3CC[C@H]([C@H]2c2ncc(-c4ccc([N+](=O)[O-])cc4)s2)N3C)cc1,train,train,train,2,2,0.86206895,0.86206895,0.85
Cc1ccc([C@H]2C[C@@H]3CC[C@H]([C@H]2c2ncc(-c4cccc(Br)c4)s2)N3C)cc1,train,train,test,2,2,0.8448276,0.8448276,0.8448276
Cc1ccc([C@H]2C[C@@H]3CC[C@H]([C@H]2c2ncc(-c4ccc(Br)cc4)s2)N3C)cc1,train,train,train,2,2,0.8363636,0.8363636,0.8490566
Cc1ccc([C@H]2C[C@@H]3CC[C@H]([C@H]2c2ncc(-c4ccc(Cl)cc4)s2)N3C)cc1,test,test,train,2,2,0.9375,0.9375,0.9375
Cc1ccc([C@H]2C[C@@H]3CC[C@H]([C@H]2c2ncc(-c4ccc(F)cc4)s2)N3C)cc1,train,train,train,2,2,0.8490566,0.8490566,0.8490566
COc1ccc(-c2cnc([C@H]3[C@@H](c4ccc(Cl)cc4)C[C@@H]4CC[C@H]3N4C)s2)cc1OC,train,train,train,2,2,0.86206895,0.86206895,0.86206895
CN1[C@H]2CC[C@@H]1[C@@H](c1ncc(-c3ccc(Cl)c(Cl)c3)s1)[C@@H](c1ccc(Cl)cc1)C2,train,train,train,2,2,0.8627451,0.8627451,0.8867925
COc1ccc(-c2cnc([C@H]3[C@@H](c4ccc(Cl)cc4)C[C@@H]4CC[C@H]3N4C)s2)cc1,train,train,train,2,2,0.86538464,0.86538464,0.86538464
CN1[C@H]2CC[C@@H]1[C@@H](c1ncc(-c3cccc([N+](=O)[O-])c3)s1)[C@@H](c1ccc(Cl)cc1)C2,train,train,train,2,2,0.85714287,0.85714287,0.85714287
CN1[C@H]2CC[C@@H]1[C@@H](c1ncc(-c3ccc([N+](=O)[O-])cc3)s1)[C@@H](c1ccc(Cl)cc1)C2,train,train,test,2,2,0.86206895,0.86206895,0.86206895
CN1[C@H]2CC[C@@H]1[C@@H](c1ncc(-c3cccc(Br)c3)s1)[C@@H](c1ccc(Cl)cc1)C2,train,train,train,2,2,0.8448276,0.8448276,0.8245614
CN1[C@H]2CC[C@@H]1[C@@H](c1ncc(-c3ccc(Br)cc3)s1)[C@@H](c1ccc(Cl)cc1)C2,test,test,train,2,2,0.9,0.9,0.9
CN1[C@H]2CC[C@@H]1[C@@H](c1ncc(-c3ccc(Cl)cc3)s1)[C@@H](c1ccc(Cl)cc1)C2,train,train,train,2,2,0.9,0.9,0.9375
CN1[C@H]2CC[C@@H]1[C@@H](c1ncc(-c3ccc(F)cc3)s1)[C@@H](c1ccc(Cl)cc1)C2,train,train,train,2,2,0.9,0.9,0.9
O=C1c2ccccc2C(=O)N1CCCCN1CC=C(c2c[nH]c3ccc(F)cc23)CC1,train,train,train,3,3,0.63235295,0.63235295,0.6268657
C[C@H]1Oc2c(cccc2N2CCN(CCCc3c[nH]c4ccc(F)cc34)CC2)NC1=O,train,train,train,3,3,0.4117647,0.5588235,0.5588235
COC(=O)C1=C(c2ccc(-c3ccccc3)cc2)CCCCC1,train,train,train,4,4,0.5777778,0.5777778,0.42553192
COC(=O)C1=C(c2cccc([N+](=O)[O-])c2)CCCC1,train,train,test,4,4,0.5777778,0.5777778,0.5777778
CCOC(=O)C1=C(c2cccc([N+](=O)[O-])c2)CCNC1,train,train,test,4,4,0.6226415,0.6226415,0.6226415
CCOC(=O)C1=C(c2ccc(Cl)c(Cl)c2)CCNC1,train,train,test,1,1,0.6875,0.6875,0.6875
CCOC(=O)C1=C(c2ccc3ccccc3c2)CCNC1,train,train,train,4,4,0.6875,0.6875,0.33898306
COC(=O)[C@@H]1CCCCC[C@@H]1c1ccc(-c2ccccc2)cc1,train,train,train,2,2,0.42553192,0.42553192,0.42553192
COc1ccc(C2CN(C)Cc3cc(OCCCN4CCN(C(=O)c5ccncc5)CC4)ccc32)cc1,train,train,train,0,0,0.7936508,0.7936508,0.7936508
COc1ccc(C2CN(C)Cc3cc(OCCCN4CCN(C(=O)c5cccn5C)CC4)ccc32)cc1,test,test,test,0,0,0.7692308,0.7692308,0.7692308
COc1ccc(C2CN(C)Cc3cc(OCCCN4CCN(C(=O)C(C)C)CC4)ccc32)cc1,test,test,test,0,0,0.8333333,0.8333333,0.8333333
COc1ccc(C2CN(C)Cc3cc(OCCCN4CCN(C(C)=O)CC4)ccc32)cc1,train,train,train,0,0,0.7936508,0.7936508,0.7936508
COc1ccc(C2CN(C)Cc3cc(OCCCN4CCN(c5ccc(C(F)(F)F)cc5)CC4)ccc32)cc1,train,train,train,0,0,0.796875,0.796875,0.796875
COc1ccc(C2CN(C)Cc3cc(OCCCN4CCN(c5ccncc5)CC4)ccc32)cc1,train,train,train,0,0,0.796875,0.796875,0.796875
COc1ccc(C2CN(C)Cc3cc(OCCCN4CCN(c5nccs5)CC4)ccc32)cc1,train,train,train,0,0,0.74242425,0.74242425,0.74242425
COc1ccc(C2CN(C)Cc3cc(OCCCN4CCN(c5ccc(C#N)cc5)CC4)ccc32)cc1,train,train,train,0,0,0.7692308,0.7692308,0.7692308
COc1ccc(C2CN(C)Cc3cc(OCCCN4CCN(c5ccccc5O)CC4)ccc32)cc1,train,train,train,0,0,0.73770493,0.73770493,0.73770493
COc1ccc(C2CN(C)Cc3cc(OCCCN4CCN(C5CC5)CC4)ccc32)cc1,train,train,train,0,0,0.8035714,0.8035714,0.8035714
COc1ccc(C2CN(C)Cc3cc(OCCCN4CCN(C(C)C)CC4)ccc32)cc1,train,train,train,0,0,0.8035714,0.8035714,0.8035714
CCN1CCN(CCCOc2ccc3c(c2)CN(C)CC3c2ccc(OC)cc2)CC1,train,train,train,0,0,0.8035714,0.8035714,0.84615386
COc1ccc(C2CN(C)Cc3cc(OCCCN(C4CC4)C4CC4)ccc32)cc1,train,train,train,0,0,0.7777778,0.7777778,0.7777778
COc1ccc(C2CN(C)Cc3cc(OCCCNC4CC4)ccc32)cc1,train,train,train,0,0,0.76363635,0.76363635,0.76363635
CCN(CC)CCCOc1ccc2c(c1)CN(C)CC2c1ccc(OC)cc1,train,train,train,0,0,0.78571427,0.78571427,0.78571427
CCNCCCOc1ccc2c(c1)CN(C)CC2c1ccc(OC)cc1,train,train,train,0,0,0.76363635,0.76363635,0.76363635
COc1ccc(C2CN(C)Cc3cc(OCCCN4CCC(F)(F)C4)ccc32)cc1,train,train,train,0,0,0.8965517,0.8965517,0.8965517
COc1ccc(C2CN(C)Cc3cc(OCCCN4CC(F)(F)C4)ccc32)cc1,train,train,train,0,0,0.85714287,0.85714287,0.85714287
COc1ccc(C2CN(C)Cc3cc(OCCCN4CCC4)ccc32)cc1,test,test,train,0,0,0.84615386,0.84615386,0.93877554
COc1ccc(C2CN(C)Cc3cc(OCCCN4CCS(=O)(=O)CC4)ccc32)cc1,test,test,test,0,0,0.78571427,0.78571427,0.8148148
COc1ccc(C2CN(C)Cc3cc(OCCCN4CCC(C(F)(F)F)CC4)ccc32)cc1,train,train,train,0,0,0.75409836,0.75409836,0.779661
COc1ccc(C2CN(C)Cc3cc(OCCCN4CCC(C#N)CC4)ccc32)cc1,train,train,train,0,0,0.75409836,0.75409836,0.779661
COc1ccc(C2CN(C)Cc3cc(OCCCN4CCC(CO)CC4)ccc32)cc1,train,train,train,0,0,0.7586207,0.7586207,0.8245614
COc1ccc(C2CN(C)Cc3cc(OCCCN4CCC(O)CC4)ccc32)cc1,test,test,train,0,0,0.8245614,0.8245614,0.8245614
COc1ccc(C2CN(C)Cc3cc(OCCCN4CCCC(F)(F)C4)ccc32)cc1,train,train,train,0,0,0.8965517,0.8965517,0.8965517
COc1ccc(C2CN(C)Cc3cc(OCCCN4CCC(F)(F)CC4)ccc32)cc1,train,train,test,0,0,0.89285713,0.89285713,0.89285713
COc1ccc(C2CN(C)Cc3cc(OCCCN4CCOCC4)ccc32)cc1,test,test,train,0,0,0.8,0.8,0.8301887
COc1ccc(C2CN(C)Cc3cc(OCCCN4CCCCC4)ccc32)cc1,test,test,train,0,0,0.8301887,0.8301887,0.93877554
NC(=O)c1ccc2c(c1)CCOC2CCN1CC=C(c2c[nH]c3cc(F)ccc23)CC1,train,train,train,3,3,0.5733333,0.5733333,0.5733333
C[C@H]1CN(c2cccc3cc(C#N)ccc23)CCN1CC[C@H]1OCc2cc(C(N)=O)ccc21,train,train,train,3,3,0.6753247,0.6753247,0.875
N#Cc1ccc2c(N3CCN(CC[C@@H]4OCCc5cc(C(N)=O)ccc54)CC3)cccc2c1,train,train,test,3,3,0.6753247,0.6753247,0.7808219
C[C@H]1CN(c2cccc3cc(C#N)ccc23)CCN1CC[C@@H]1OCCc2cc(C(N)=O)ccc21,test,test,train,3,3,0.875,0.875,0.875
NC(=O)c1ccc2c(c1)CCO[C@H]2CCN1CCN(c2ccc3cc(F)ccc3c2)CC1,train,train,train,3,3,0.8,0.8,0.8
C[C@H]1CN(c2ccc3cc(F)ccc3c2)CCN1CC[C@@H]1OCCc2cc(C(N)=O)ccc21,train,train,train,3,3,0.8,0.8,0.8
C#Cc1ccc([C@@H]2C[C@H]3CC[C@@H](N3)[C@H]2C(=O)OC)cc1,train,train,train,2,2,0.73913044,0.73913044,0.73913044
C=Cc1ccc([C@@H]2C[C@H]3CC[C@@H](N3)[C@H]2C(=O)OC)cc1,train,train,train,2,2,0.75510204,0.75510204,0.75510204
COC(=O)[C@@H]1[C@H]2CC[C@H](C[C@H]1c1ccc(C)cc1)N2,train,train,train,2,2,0.75555557,0.7446808,0.75555557
COC(=O)[C@@H]1[C@H]2CC[C@H](C[C@H]1c1ccc(C)c(F)c1)N2,train,train,train,2,2,0.7083333,0.7083333,0.7083333
CNCc1cc(C#CCCN2CCCCC2)ccc1Oc1ccc(SC)cc1,train,train,test,3,3,0.84210527,0.84210527,0.84210527
CNCc1cc(C#CCCN2CCCN(C(C)C)CC2)ccc1Oc1ccc(SC)cc1,test,test,test,3,3,0.93333334,0.93333334,0.93333334
CNCc1cc(C#CCCN2CCN(C(C)C)C(=O)C2)ccc1Oc1ccc(SC)cc1,train,train,train,3,3,0.77272725,0.77272725,0.77272725
CNCc1cc(C#CCCN2CCNC(=O)C2)ccc1Oc1ccc(SC)cc1,train,train,train,3,3,0.7536232,0.7536232,0.7536232
CNCc1cc(C#CCCN(C)C2CC2)ccc1Oc1ccc(Cl)c(Cl)c1,train,train,train,4,4,0.7457627,0.7457627,0.7457627
CNCc1cc(C#CCCN(C)C2CC2)ccc1Oc1ccc(SC)cc1,train,train,train,4,4,0.7457627,0.7457627,0.7457627
CNCc1cc(C#CCCNC2CC2)ccc1Oc1ccc(Cl)c(Cl)c1,test,test,train,4,4,0.7118644,0.7118644,0.7413793
CNCc1cc(C#CCCNC2CC2)ccc1Oc1ccc(SC)cc1,test,test,train,4,4,0.71666664,0.71666664,0.7413793
CNCc1cc(C#CCCN2CCN(C3CC3)CC2)ccc1Oc1ccc(SC)cc1,train,train,train,3,3,0.78688526,0.78688526,0.8064516
CNCc1cc(C#CCCN2CCC(F)CC2)ccc1Oc1ccc(Cl)c(Cl)c1,test,test,train,3,3,0.7121212,0.7121212,0.82758623
CNCc1cc(C#CCCN2CCC(F)CC2)ccc1Oc1ccc(SC)cc1,test,test,train,3,3,0.8305085,0.8305085,0.8305085
CNCc1cc(C#CCCN2CCN(C(C)C)CC2)ccc1Oc1ccc(SC)cc1,train,train,train,3,3,0.8,0.8,0.78688526
CNCc1cc(C#CCCN2CCSCC2)ccc1Oc1ccc(Cl)c(Cl)c1,test,test,train,3,3,0.67164177,0.67164177,0.8103448
CNCc1cc(C#CCCN2CCSCC2)ccc1Oc1ccc(SC)cc1,test,test,train,3,3,0.82758623,0.82758623,0.8135593
CNCc1cc(C#CCCN2CCOCC2)ccc1Oc1ccc(F)cc1Cl,train,train,train,3,3,0.7419355,0.7419355,0.7419355
CNCc1cc(C#CCCN2CCOCC2)ccc1Oc1cccc(Cl)c1,train,train,train,3,3,0.80701756,0.80701756,0.8103448
CNCc1cc(C#CCCN2CCOCC2)ccc1Oc1cccc(F)c1,train,train,train,3,3,0.80701756,0.80701756,0.80701756
CNCc1cc(C#CCCN2CCOCC2)ccc1Oc1ccc(Cl)c(C(F)(F)F)c1,train,train,train,3,3,0.765625,0.765625,0.8196721
CNCc1cc(C#CCCN2CCOCC2)ccc1Oc1ccc(C(F)(F)F)cc1,train,train,train,3,3,0.7758621,0.7758621,0.779661
CNCc1cc(C#CCCN2CCOCC2)ccc1Oc1ccccc1,train,train,train,3,3,0.80701756,0.80701756,0.8181818
CNCc1cc(C#CCCN2CCOCC2)ccc1Oc1ccc(Cl)cc1,test,test,train,3,3,0.8181818,0.8181818,0.83928573
CNCc1cc(C#CCCN2CCOCC2)ccc1Oc1ccc(SC)c(C)c1,train,train,train,3,3,0.7741935,0.7741935,0.7741935
CNCc1cc(C#CCCN2CCOCC2)ccc1Oc1ccc(Cl)c(Cl)c1,test,test,train,3,3,0.8196721,0.8196721,0.83928573
CNCc1cc(C#CCCN2CCOCC2)ccc1Oc1ccc(SC)cc1,train,train,train,3,3,0.875,0.875,0.875
CCN(CC)CCCOc1cc2c(cn1)C(c1ccc(Cl)c(Cl)c1)CN(C)C2,train,train,test,0,0,0.7719298,0.7719298,0.7719298
COc1ccc([C@@H]2CN3CCC[C@@H]3c3cc(OCCCN4CCCCC4)ccc32)cc1,train,train,train,0,0,0.8245614,0.8245614,0.8214286
CNCc1cc(CCCCN2CCN(C3CC3)CC2)ccc1Oc1ccc(SC)cc1,train,train,train,3,3,0.7580645,0.7580645,0.75409836
CNCc1cc(CCCCN2CCN(C(C)C)CC2)ccc1Oc1ccc(SC)cc1,train,train,test,3,3,0.76666665,0.76666665,0.76666665
CNCc1cc(CCCCN2CCSCC2)ccc1Oc1ccc(SC)cc1,train,train,train,3,3,0.76666665,0.76666665,0.75409836
CNCc1ccc(C#CCCN2CCOCC2)cc1Oc1ccc(SC)cc1,train,train,train,3,3,0.875,0.875,0.875
CNCc1cc(Br)ccc1Oc1ccc(SC)cc1,train,train,train,4,4,0.51724136,0.51724136,0.5263158
CN(C)CCC(Oc1ccccc1)c1ccc(OCCCN2CCCCC2)cc1,train,train,train,0,0,0.8367347,0.8367347,0.9347826
CSc1ccc(C2CN(C)Cc3cc(Oc4ncc(CN5CCCCC5)s4)ccc32)cc1,test,test,test,0,0,0.71428573,0.71428573,0.7352941
CSc1ccc(C2CN(C)Cc3cc(Oc4nc(CN5CCCCC5)cs4)ccc32)cc1,test,test,train,0,0,0.70149255,0.70149255,0.7246377
CSc1ccc(C2CN(C)Cc3cc(Oc4ccc(CN5CCCCC5)cn4)ccc32)cc1,train,train,train,0,0,0.7936508,0.7936508,0.7936508
CSc1ccc(C2CN(C)Cc3cc(Oc4ccc(CN5CCCCC5)nc4)ccc32)cc1,test,test,train,0,0,0.7619048,0.7619048,0.7619048
CSc1ccc(C2CN(C)Cc3cc(Oc4ccc(CN5CCCCC5)cc4)ccc32)cc1,train,train,train,0,0,0.86206895,0.86206895,0.86206895
CSc1ccc(C2CN(C)Cc3cc(Oc4cccc(CN5CCCCC5)c4)ccc32)cc1,train,train,train,0,0,0.86206895,0.86206895,0.86206895
COc1ccc(C2CN(C)Cc3cc(OCCCN4CCCCC4)ncc32)cc1,test,test,train,0,0,0.82758623,0.82758623,0.82758623
CSc1ccc([C@@H]2CN3CCC[C@@H]3c3cc(OCCCN4CCCCC4)ccc32)cc1,train,train,test,0,0,0.8245614,0.8245614,0.8245614
N[C@]1(C(=O)O)C[C@@H](C(=O)O)C[C@H]1C(=O)O,train,train,train,2,2,0.18181819,0.18181819,0.18181819
CN(C)Cc1cc(OCCF)ccc1Sc1ccccc1N,test,test,train,4,4,0.8863636,0.8863636,0.8863636
CN(C)Cc1cc(O)ccc1Sc1ccccc1N,train,train,test,4,4,0.7222222,0.7222222,0.7
COc1ccc(Sc2ccccc2N)c(CN(C)C)c1,test,test,train,4,4,0.7111111,0.7111111,0.825
CN(C)Cc1cc(OCCCO)ccc1Sc1ccc(Br)cc1N,train,train,train,4,4,0.79591835,0.79591835,0.8125
CN(C)Cc1cc(OCCCO)ccc1Sc1ccccc1N,test,test,train,4,4,0.8863636,0.8863636,0.8863636
CN(C)Cc1cc(OCCO)ccc1Sc1ccc(F)cc1N,test,test,train,4,4,0.75,0.75,0.84782606
CN(C)Cc1cc(OCCO)ccc1Sc1ccccc1N,train,train,train,4,4,0.7659575,0.7659575,0.8863636
CN(C)Cc1cc(OCCCF)ccc1Sc1ccc(Br)cc1N,train,train,test,4,4,0.79591835,0.79591835,0.8913044
CN(C)Cc1cc(OCCCF)ccc1Sc1ccc(F)cc1N,test,test,train,4,4,0.7755102,0.7755102,0.8888889
CN(C)Cc1cc(OCCCF)ccc1Sc1ccccc1N,train,train,train,4,4,0.7659575,0.7659575,0.8863636
CN(C)Cc1cc(OCCF)ccc1Sc1ccc(Br)cc1N,test,test,train,4,4,0.8913044,0.8913044,0.8125
CN(C)Cc1cc(OCCF)ccc1Sc1ccc(Cl)cc1N,train,train,train,4,4,0.6730769,0.6730769,0.7708333
CN(C)Cc1cc(OCCF)ccc1Sc1ccc(F)cc1N,test,test,train,4,4,0.7708333,0.7708333,0.8888889
CN1Cc2cc(OCCCN3CCC(F)CC3)ccc2C(c2ccc(OC(F)F)cc2)C1,train,train,train,0,0,0.80701756,0.80701756,0.80701756
CN1Cc2cc(OCCCN3CCC(F)CC3)ccc2C(c2ccc(S(C)(=O)=O)cc2)C1,train,train,train,0,0,0.79310346,0.79310346,0.79310346
CN1Cc2cc(OCCCN3CCC(F)CC3)ccc2C(c2ccc(SC(F)(F)F)cc2)C1,train,train,train,0,0,0.81666666,0.81666666,0.81666666
Cc1ccc(C2CN(C)Cc3cc(OCCCN4CCC(F)CC4)ccc32)cc1,train,train,train,0,0,0.8363636,0.8363636,0.8518519
CN1Cc2cc(OCCCN3CCC(F)CC3)ccc2C(c2ccc(C#N)cc2)C1,test,test,train,0,0,0.79310346,0.79310346,0.8245614
CSc1ccc(C2CN(C)Cc3cc(OCCCN4CCC(F)CC4)ccc32)cc1,train,train,train,0,0,0.81666666,0.81666666,0.81666666
CN1Cc2cc(OCCCN3CCC(F)CC3)ccc2C(c2cccc(C(F)(F)F)c2)C1,train,train,train,0,0,0.8305085,0.8305085,0.8305085
CN1Cc2cc(OCCCN3CCC(F)CC3)ccc2C(c2ccc(C(F)(F)F)cc2)C1,train,train,train,0,0,0.8305085,0.8305085,0.8305085
CN1Cc2cc(OCCCN3CCC(F)CC3)ccc2C(c2ccccc2)C1,train,train,train,0,0,0.8333333,0.8333333,0.8333333
CN1Cc2cc(OCCCN3CCC(F)CC3)ccc2C(c2cc(Cl)ccc2Cl)C1,train,train,train,0,0,0.8103448,0.8103448,0.8103448
CN1Cc2cc(OCCCN3CCC(F)CC3)ccc2C(c2ccc(Cl)c(Cl)c2)C1,train,train,test,0,0,0.8333333,0.8333333,0.8333333
CN1Cc2cc(OCCCN3CCC(F)CC3)ccc2C(c2ccccc2Cl)C1,train,train,train,0,0,0.8103448,0.8103448,0.8103448
CN1Cc2cc(OCCCN3CCC(F)CC3)ccc2C(c2cccc(Cl)c2)C1,train,train,train,0,0,0.8245614,0.8245614,0.8245614
CN1Cc2cc(OCCCN3CCC(F)CC3)ccc2C(c2ccc(Cl)cc2)C1,train,train,train,0,0,0.8363636,0.8363636,0.8363636
COc1ccc(C2CN(C)Cc3cc(OCCCN4CCC(F)CC4)ccc32)cc1Cl,train,train,train,0,0,0.8333333,0.8333333,0.7704918
CCOc1ccc(C2CN(C)Cc3cc(OCCCN4CCC(F)CC4)ccc32)cc1,test,test,train,0,0,0.8518519,0.8518519,0.8518519
COc1cccc(C2CN(C)Cc3cc(OCCCN4CCC(F)CC4)ccc32)c1,train,train,train,0,0,0.8214286,0.8214286,0.8214286
Clc1ccc(C2CNCc3cc(OCCCN4CCCCC4)ncc32)cc1Cl,train,train,train,0,0,0.83928573,0.83928573,0.83928573
COc1ccc(C2CN(C)Cc3cc(OCC4CCN(C(C)C)CC4)ncc32)cc1,train,train,train,0,0,0.7741935,0.7741935,0.7741935
COc1ccc(C2CNCc3cc(OCC4CCN(C(C)C)CC4)ncc32)cc1,train,train,train,0,0,0.71875,0.71875,0.71875
CC(C)N1CCC(COc2cc3c(cn2)C(c2ccc(Cl)c(Cl)c2)CN(C)C3)CC1,train,train,train,0,0,0.7741935,0.7741935,0.7741935
CC(C)N1CCC(COc2cc3c(cn2)C(c2ccc(Cl)c(Cl)c2)CNC3)CC1,test,test,test,1,1,0.7741935,0.7741935,0.7741935
c1ccc(C2CNCc3cc(OCCCN4CCOCC4)ncc32)cc1,train,train,train,0,0,0.8181818,0.8181818,0.8181818
COc1ccc(C2CN(C)Cc3cc(OCCCN4CCOCC4)ncc32)cc1,train,train,train,0,0,0.73015875,0.73015875,0.82758623
COc1ccc(C2CNCc3cc(OCCCN4CCOCC4)ncc32)cc1,train,train,train,0,0,0.7966102,0.7966102,0.8305085
CCN(CC)CCCOc1cc2c(cn1)C(c1ccccc1)CN(C)C2,train,train,train,0,0,0.8035714,0.8035714,0.8035714
CCN(CC)CCCOc1cc2c(cn1)C(c1ccc(OC)cc1)CN(C)C2,train,train,train,0,0,0.8035714,0.8035714,0.8035714
CCN(CC)CCCOc1cc2c(cn1)C(c1ccc(OC)cc1)CNC2,train,train,test,0,0,0.6885246,0.6885246,0.7586207
CCN(CC)CCCOc1cc2c(cn1)C(c1ccc(Cl)c(Cl)c1)CNC2,test,test,train,1,1,0.7586207,0.7586207,0.66129035
CN1Cc2cc(OCCCN3CCCCC3)ncc2C(c2ccccc2F)C1,train,train,test,0,0,0.7719298,0.7719298,0.7719298
c1ccc(C2CNCc3cc(OCCCN4CCCCC4)ncc32)cc1,train,train,train,0,0,0.8181818,0.8181818,0.8181818
CN1Cc2cc(OCCCN3CCCCC3)ncc2C(c2ccccc2)C1,train,train,train,0,0,0.8214286,0.8214286,0.8214286
CN1Cc2cc(OCCCN3CCCCC3)ncc2C(c2ccc(F)cc2)C1,train,train,train,0,0,0.8214286,0.8214286,0.8181818
COc1ccc(C2CNCc3cc(OCCCN4CCCCC4)ncc32)cc1,test,test,train,0,0,0.8305085,0.8305085,0.8305085
COc1cccc(C2CN(C)Cc3cc(OCCCN4CCCCC4)ncc32)c1,train,train,train,0,0,0.80701756,0.80701756,0.82758623
CN1Cc2cc(OCCCN3CCCCC3)ncc2C(c2ccc(Cl)c(F)c2)C1,train,train,train,0,0,0.86206895,0.86206895,0.86206895
CN1Cc2cc(OCCCN3CCCCC3)ncc2C(c2cccc(Cl)c2)C1,train,train,train,0,0,0.8245614,0.8245614,0.8214286
Clc1ccccc1C1CNCc2cc(OCCCN3CCCCC3)ncc21,train,train,train,0,0,0.78571427,0.78571427,0.78571427
CN1Cc2cc(OCCCN3CCCCC3)ncc2C(c2ccc(Cl)cc2)C1,train,train,test,0,0,0.83928573,0.83928573,0.83928573
Clc1ccc(C2CNCc3cc(OCCCN4CCCCC4)ncc32)cc1,train,train,train,0,0,0.83928573,0.83928573,0.83928573
CN1Cc2cc(OCCCN3CCCCC3)ncc2C(c2ccc(Cl)c(Cl)c2)C1,train,train,train,0,0,0.86206895,0.86206895,0.86206895
CN(C)CCC(Oc1ccc(C(F)(F)F)cc1)c1ccccc1,train,train,train,4,4,0.6037736,0.6037736,0.6037736
CN(C)CCC(Oc1cccc(OCCCN2CCCCC2)c1)c1ccccc1,train,train,train,0,0,0.9,0.9,0.9
CN(C)CCC(Oc1ccc(OCCCN2CCCCC2)cc1)c1ccccc1,test,test,train,0,0,0.9347826,0.9347826,0.9347826
CN(C)CCC(Oc1ccccc1)c1cccc(OCCCN2CCCCC2)c1,train,train,train,0,0,0.9,0.9,0.9
CN(C)CCC(Oc1ccc(C(F)(F)F)cc1)c1ccc(OCCCN2CCCCC2)cc1,train,train,train,0,0,0.7924528,0.7924528,0.7735849
CN(C)CCC(Oc1ccc(C#N)cc1)c1ccc(OCCCN2CCCCC2)cc1,test,test,train,0,0,0.78846157,0.78846157,0.78846157
CN(C)CCC(Oc1ccc([N+](=O)[O-])cc1)c1ccc(OCCCN2CCCCC2)cc1,train,train,train,0,0,0.74545455,0.74545455,0.74545455
CN(C)CCC(Oc1cccc(Br)c1)c1ccc(OCCCN2CCCCC2)cc1,test,test,train,0,0,0.7962963,0.7962963,0.8035714
CN(C)CCC(Oc1ccc(Br)cc1)c1ccc(OCCCN2CCCCC2)cc1,train,train,train,0,0,0.82,0.82,0.82
CN(C)CCC(Oc1ccc(Cl)c(Cl)c1)c1ccc(OCCCN2CCCCC2)cc1,train,train,train,0,0,0.78571427,0.78571427,0.78571427
CN(C)CCC(Oc1cccc(Cl)c1)c1ccc(OCCCN2CCCCC2)cc1,train,train,train,0,0,0.78571427,0.78571427,0.8035714
CN(C)CCC(Oc1ccc(Cl)cc1)c1ccc(OCCCN2CCCCC2)cc1,test,test,test,0,0,0.82,0.82,0.82
CN(C)CCC(Oc1ccc(F)cc1)c1ccc(OCCCN2CCCCC2)cc1,train,train,test,3,3,0.82,0.82,0.82
COc1cccc(OC(CCN(C)C)c2ccc(OCCCN3CCCCC3)cc2)c1,test,test,train,0,0,0.8269231,0.8269231,0.8269231
COc1ccc(OC(CCN(C)C)c2ccc(OCCCN3CCCCC3)cc2)cc1,train,train,train,0,0,0.8367347,0.8367347,0.8367347
Cc1ccc(OC(CCN(C)C)c2ccc(OCCCN3CCCCC3)cc2)cc1,train,train,test,0,0,0.8367347,0.8367347,0.8367347
CSc1ccc(OC(CCN(C)C)c2ccc(OCCCN3CCCCC3)cc2)cc1,train,train,train,0,0,0.8076923,0.8076923,0.78846157
CN(C)CCC(Oc1ccccc1)c1ccc(C#CCCN2CCCCC2)cc1,test,test,train,4,4,0.7758621,0.7758621,0.7758621
CN(C)CCC(Oc1ccc(C(F)(F)F)cc1)c1ccc(C#CCCN2CCCCC2)cc1,train,train,train,4,4,0.7457627,0.7457627,0.7758621
CC(C)N1CCN(C(=O)c2ccc(C(CCN(C)C)Oc3ccccc3)cc2)CC1,train,train,train,4,4,0.7719298,0.7719298,0.62068963
CC(C)N1CCN(C(=O)c2ccc(C(CCN(C)C)Oc3ccc(C(F)(F)F)cc3)cc2)CC1,train,train,test,4,4,0.7719298,0.7719298,0.7719298
CC(C)N1CCC(Oc2ccc(C(CCN(C)C)Oc3ccccc3)cc2)CC1,train,train,train,4,4,0.62068963,0.62068963,0.62068963
c1cnn(-c2ccc([C@@H]3CN4CCC[C@@H]4c4cc(OCCCN5CCOCC5)ccc43)cc2)c1,train,train,train,0,0,0.7605634,0.7605634,0.7605634
c1ccn2c([C@@H]3CN4CCC[C@@H]4c4cc(OCCCN5CCOCC5)ccc43)cnc2c1,train,train,train,0,0,0.7164179,0.7164179,0.7164179
c1cc([C@@H]2CN3CCC[C@@H]3c3cc(OCCCN4CCOCC4)ccc32)[nH]n1,test,test,train,0,0,0.734375,0.734375,0.734375
c1csc([C@@H]2CN3CCC[C@@H]3c3cc(OCCCN4CCOCC4)ccc32)n1,train,train,test,0,0,0.74603176,0.74603176,0.74603176
c1ncc([C@@H]2CN3CCC[C@@H]3c3cc(OCCCN4CCOCC4)ccc32)s1,train,train,test,0,0,0.7936508,0.7936508,0.7936508
c1cc([C@@H]2CN3CCC[C@@H]3c3cc(OCCCN4CCOCC4)ccc32)cs1,train,train,test,0,0,0.84210527,0.84210527,0.84210527
c1cc([C@@H]2CN3CCC[C@@H]3c3cc(OCCCN4CCCCC4)ccc32)cs1,train,train,train,0,0,0.84210527,0.84210527,0.7586207
c1csc([C@@H]2CN3CCC[C@@H]3c3cc(OCCCN4CCOCC4)ccc32)c1,train,train,train,0,0,0.8448276,0.8448276,0.73015875
c1csc([C@@H]2CN3CCC[C@@H]3c3cc(OCCCN4CCCCC4)ccc32)c1,train,train,test,0,0,0.8448276,0.8448276,0.8448276
c1cnc([C@@H]2CN3CCC[C@@H]3c3cc(OCCCN4CCOCC4)ccc32)cn1,test,test,train,0,0,0.8032787,0.8032787,0.8032787
c1ccc([C@@H]2CN3CCC[C@@H]3c3cc(OCCCN4CCOCC4)ccc32)nc1,train,train,train,0,0,0.84210527,0.84210527,0.84210527
c1ccc([C@@H]2CN3CCC[C@@H]3c3cc(OCCCN4CCCCC4)ccc32)nc1,train,train,train,0,0,0.84210527,0.84210527,0.84210527
c1cncc([C@@H]2CN3CCC[C@@H]3c3cc(OCCCN4CCOCC4)ccc32)c1,train,train,train,0,0,0.852459,0.852459,0.852459
c1cncc([C@@H]2CN3CCC[C@@H]3c3cc(OCCCN4CCCCC4)ccc32)c1,train,train,train,0,0,0.852459,0.852459,0.852459
c1cc([C@@H]2CN3CCC[C@@H]3c3cc(OCCCN4CCCCC4)ccc32)ccn1,train,train,train,0,0,0.8214286,0.8214286,0.8214286
c1cn(-c2ccc([C@@H]3CN4CCC[C@@H]4c4cc(OCCCN5CCOCC5)ccc43)cc2)cn1,train,train,train,0,0,0.7605634,0.7605634,0.7605634
O=C(OCc1ccco1)C1=C(c2ccc(Cl)c(Cl)c2)CCC1,train,train,train,1,1,0.6666667,0.6666667,0.6666667
O=C(OCCO)C1=C(c2ccc(Cl)c(Cl)c2)CCC1,train,train,train,1,1,0.627451,0.627451,0.627451
O=C(NCc1ccco1)C1=C(c2ccc(Cl)c(Cl)c2)CCC1,train,train,train,1,1,0.6666667,0.6666667,0.6666667
CC(=O)c1cccc(NC(=O)N[C@@H]2CCCC[C@H]2CN2CCC[C@@H](Cc3ccc(F)cc3)C2)c1,train,train,train,3,3,0.55421686,0.55421686,0.55421686
CC(=O)c1sc(NC(=O)N[C@@H]2CN(C(C)=O)CC[C@H]2CN2CCC[C@@H](Cc3ccc(F)cc3)C2)nc1C,train,train,train,3,3,0.55421686,0.55421686,0.55421686
CN(C)Cc1cc(F)ccc1Sc1ccc(CO)cc1N,train,train,train,4,4,0.74418604,0.74418604,0.74418604
CN(C)Cc1cc(I)ccc1Sc1ccc(CO)cc1N,train,train,train,4,4,0.74418604,0.74418604,0.74418604
CN(C)Cc1cc(Br)ccc1Sc1ccc(CO)cc1N,train,train,train,4,4,0.74418604,0.74418604,0.74418604
CSc1ccccc1O[C@@H](c1ccccc1)[C@@H]1CNCCO1,train,train,test,4,4,0.73913044,0.73913044,0.73913044
COc1ccccc1O[C@@H](c1ccccc1)[C@@H]1CNCCO1,train,train,train,4,4,0.77272725,0.77272725,0.77272725
COC(=O)c1ccccc1S[C@@H](c1ccccc1)[C@@H]1CNCCO1,test,test,train,4,4,0.64705884,0.64705884,0.6730769
FCCCOc1ccccc1S[C@@H](c1ccccc1)[C@@H]1CNCCO1,test,test,train,4,4,0.8979592,0.8979592,0.8979592
FCCOc1ccccc1S[C@@H](c1ccccc1)[C@@H]1CNCCO1,train,train,train,4,4,0.61538464,0.61538464,0.8979592
COc1ccccc1S[C@@H](c1ccccc1)[C@@H]1CNCCO1,test,test,train,4,4,0.7173913,0.7173913,0.7173913
COC(=O)c1ccccc1O[C@@H](c1ccccc1)[C@@H]1CNCCO1,train,train,train,4,4,0.7,0.7,0.7
CNCc1cc(C(=O)N2CCN(C(C)C)CC2)ccc1Oc1ccc(SC)cc1,train,train,train,3,3,0.9285714,0.7894737,0.9285714
CNCc1cc(C(=O)N2CCN(C3CC3)CC2)ccc1Oc1ccc(C(F)(F)F)cc1,train,train,train,2,2,0.7580645,0.9310345,0.9310345
CNCc1cc(C(=O)N2CCN(C3CC3)CC2)ccc1Oc1cccc(F)c1,train,train,train,3,3,0.7619048,0.9310345,0.80701756
CNCc1cc(C(=O)N2CCN(C3CC3)CC2)ccc1Oc1ccccc1,test,test,train,4,4,0.9245283,0.9245283,0.9245283
CNCc1cc(C(=O)N2CCN(C3CC3)CC2)ccc1Oc1cccc(Cl)c1,test,test,train,2,2,0.9310345,0.9310345,0.9310345
CNCc1cc(C(=O)N2CCN(C(C)C)CC2)ccc1Oc1cccc(OC)c1,train,train,test,4,4,0.7580645,0.7580645,0.7580645
CNCc1cc(C(=O)N2CCN(C3CCCC3)CC2)ccc1Oc1ccc(Cl)cc1,train,train,train,2,2,0.8947368,0.8305085,0.962963
CNCc1cc(C(=O)N2CCN(C3CCC3)CC2)ccc1Oc1ccc(Cl)cc1,test,test,train,2,2,0.962963,0.962963,0.962963
CNCc1cc(C(=O)N2CCN(C3CC3)CC2)ccc1Oc1ccc(Cl)cc1,test,test,train,2,2,0.92727274,0.9259259,0.92727274
CNCc1cc(C(=O)N2CCN(C(C)C)CC2)ccc1Oc1ccc(Cl)cc1,train,train,train,3,3,0.7894737,0.9259259,0.9259259
CNCc1cc(C(=O)N2CCN(C3CCCC3)CC2)ccc1Oc1ccc(Cl)c(Cl)c1,train,train,test,2,2,0.96428573,0.96428573,0.9285714
CNCc1cc(C(=O)N2CCN(C3CCC3)CC2)ccc1Oc1ccc(Cl)c(Cl)c1,train,train,test,2,2,0.96428573,0.96428573,0.9285714
CNCc1cc(C(=O)N2CCN(C3CC3)CC2)ccc1Oc1ccc(Cl)c(Cl)c1,train,train,train,2,2,0.9298246,0.9298246,0.9298246
CNCc1cc(C(=O)N2CCN(C(C)C)CC2)ccc1Oc1ccc(Cl)c(Cl)c1,test,test,train,1,1,0.9285714,0.9285714,0.9285714
CNCc1cc(C(=O)N2CCN(C3CC3)CC2)ccc1Oc1ccc(SC)c(C)c1,train,train,train,2,2,0.93333334,0.93333334,0.93333334
CNCc1cc(C(=O)N2CCN(C(C)C)CC2)ccc1Oc1ccc(SC)c(C)c1,test,test,train,4,4,0.7966102,0.7966102,0.7966102
CNCc1cc(C(=O)N2CCN(C3CC3)CC2)ccc1Oc1ccc(SC)cc1,train,train,train,2,2,0.9298246,0.9298246,0.9298246
CNCc1cc(C(=O)N2CCCN(C(C)C)CC2)ccc1Oc1cccc(Cl)c1,train,train,train,3,3,0.7936508,0.8196721,0.8196721
CNCc1cc(C(=O)N2CCCN(C(C)C)CC2)ccc1Oc1ccc(Cl)cc1,test,train,train,3,3,0.9259259,0.9259259,0.9259259
CNCc1cc(C(=O)N2CCCN(C(C)C)CC2)ccc1Oc1ccc(Cl)c(Cl)c1,train,train,train,1,1,0.7936508,0.8333333,0.9285714
CNCc1cc(C(=O)N2CCCN(C(C)C)CC2)ccc1Oc1ccc(SC)cc1,train,test,train,3,3,0.9285714,0.9285714,0.9285714
CNCc1cc(C(=O)N2CCCN(C3CC3)CC2)ccc1Oc1ccc(Cl)cc1,train,test,train,2,2,0.8947368,0.8947368,0.92727274
CNCc1cc(C(=O)N2CCCN(C3CC3)CC2)ccc1Oc1ccc(Cl)c(Cl)c1,train,train,train,2,2,0.9298246,0.9298246,0.9298246
CNCc1cc(C(=O)N2CCCN(C3CC3)CC2)ccc1Oc1ccc(SC)c(C)c1,train,train,train,2,2,0.93333334,0.93333334,0.93333334
CNCc1cc(C(=O)N2CCCN(C3CC3)CC2)ccc1Oc1ccc(SC)cc1,train,train,train,2,2,0.9298246,0.9298246,0.9298246
CNCc1cc(C(=O)N2CCCN(C3CC3)CC2)ccc1Oc1ccccc1C#N,train,train,train,4,4,0.7936508,0.7936508,0.7936508
CNCc1cc(C(=O)N2CCCN(C3CC3)CC2)ccc1Oc1ccc(Cl)cc1F,train,train,train,2,2,0.82258064,0.82258064,0.82258064
CNCc1cc(C(=O)N2CCCN(C3CC3)CC2)ccc1Oc1ccc(F)c(Cl)c1,train,train,test,2,2,0.85714287,0.85714287,0.85714287
CNCc1cc(C(=O)N2CCCN(C3CC3)CC2)ccc1Oc1ccc(C(F)(F)F)cc1,test,train,train,2,2,0.9310345,0.9310345,0.9310345
CNCc1cc(C(=O)N2CCCN(C3CC3)CC2)ccc1Oc1ccccc1C(F)(F)F,train,train,train,4,4,0.796875,0.796875,0.8153846
CNCc1cc(C(=O)N2CCCN(C3CC3)CC2)ccc1Oc1ccc(F)cc1,train,train,test,4,4,0.8360656,0.8360656,0.8360656
CNCc1cc(C(=O)N2CCCN(C3CC3)CC2)ccc1Oc1cccc(F)c1,test,train,test,3,3,0.9310345,0.9310345,0.9310345
CNCc1cc(C(=O)N2CCCN(C3CC3)CC2)ccc1Oc1ccccc1F,train,train,train,4,4,0.82258064,0.82258064,0.82258064
CNCc1cc(C(=O)N2CCCN(C3CC3)CC2)ccc1Oc1ccccc1,train,train,train,4,4,0.8333333,0.8333333,0.9245283
CNCc1cc(C(=O)N2CCCN(C3CC3)CC2)ccc1Oc1cccc(Cl)c1,train,train,train,2,2,0.82539684,0.82539684,0.9310345
CNCc1cc(C(=O)N2CCCN(C3CC3)CC2)ccc1Oc1cccc(OC)c1,train,train,test,2,2,0.8333333,0.8333333,0.8333333
CNCc1cc(C(=O)N2CCCN(C3CC3)CC2)ccc1Oc1ccc(SC(F)(F)F)cc1,test,test,train,2,2,0.8153846,0.8153846,0.8153846
CNCc1cc(C(=O)N2CCCN(C3CC3)CC2)ccc1Oc1ccccc1OC(F)(F)F,test,test,train,4,4,0.8153846,0.8153846,0.8153846
CNCc1cc(C(=O)N2CCCN(C3CC3)CC2)ccc1Oc1ccc(C#N)cc1,train,train,train,2,2,0.8064516,0.8064516,0.828125
CNCc1cc(C(=O)N2CCCN(C3CC3)CC2)ccc1Oc1cccc(C#N)c1,test,test,train,4,4,0.828125,0.828125,0.828125
Cc1cc(Oc2ccccc2Oc2ccccc2)c(CN(C)C)cn1,test,test,train,4,4,0.7804878,0.7804878,0.7804878
CNCc1cnc(C)cc1Oc1ccccc1Oc1ccccc1,train,train,train,4,4,0.7804878,0.7804878,0.7804878
CCCc1ccccc1Oc1cc(C)ncc1CN(C)C,train,train,train,4,4,0.8095238,0.8095238,0.8095238
CCCc1ccccc1Oc1cc(C)ncc1CNC,train,train,train,4,4,0.8095238,0.8095238,0.8095238
Cc1cc(Oc2ccccc2C(C)C)c(CN(C)C)cn1,train,train,train,4,4,0.72727275,0.72727275,0.72727275
CNCc1cnc(C)cc1Oc1ccccc1C(C)C,train,train,train,4,4,0.72727275,0.72727275,0.70454544
Cc1cc(Oc2ccccc2Cl)c(CN(C)C)cn1,train,train,train,4,4,0.75609756,0.75609756,0.75609756
CNCc1cnc(C)cc1Oc1ccccc1Cl,train,train,train,4,4,0.75609756,0.75609756,0.7380952
CSc1ccccc1Oc1cc(C)ncc1CN(C)C,train,train,train,4,4,0.7209302,0.7209302,0.7209302
CNCc1cnc(C)cc1Oc1ccccc1SC,train,train,train,4,4,0.7209302,0.7209302,0.70454544
Cc1cc(Oc2ccccc2C)c(CN(C)C)cn1,train,train,train,4,4,0.775,0.775,0.775
CNCc1cnc(C)cc1Oc1ccccc1C,train,train,test,4,4,0.775,0.775,0.775
CCOc1ccccc1Oc1cc(C)ncc1CN(C)C,train,train,train,4,4,0.7804878,0.7804878,0.7804878
CCOc1ccccc1Oc1cc(C)ncc1CNC,train,train,test,4,4,0.7804878,0.7804878,0.7804878
COc1ccccc1Oc1cc(C)ncc1CN(C)C,train,train,train,4,4,0.7804878,0.7804878,0.7804878
CNCc1cnc(C)cc1Oc1ccccc1OC,train,train,train,4,4,0.7804878,0.7804878,0.7804878
CCc1ccccc1Oc1cc(C)ncc1CN(C)C,train,train,train,4,4,0.8095238,0.8095238,0.8095238
CCc1ccccc1Oc1cc(C)ncc1CNC,train,train,train,4,4,0.8095238,0.8095238,0.8095238
CCc1cc(Cl)ccc1Oc1cc(C)ncc1CN(C)C,train,train,train,4,4,0.7111111,0.7111111,0.7111111
CCc1cc(Cl)ccc1Oc1cc(C)ncc1CNC,train,train,train,4,4,0.7111111,0.7111111,0.7111111
COc1cc(Cl)ccc1O[C@@H](c1ccc(C)cc1)[C@@H]1CNCCO1,test,test,train,4,4,0.84313726,0.84313726,0.84313726
COc1cc(Cl)ccc1O[C@@H](c1cccc(C)c1)[C@@H]1CNCCO1,train,train,train,4,4,0.8035714,0.8035714,0.7962963
COc1cc(Cl)ccc1O[C@@H](c1ccccc1C)[C@@H]1CNCCO1,train,train,train,4,4,0.8148148,0.8148148,0.71428573
COc1cc(Cl)ccc1O[C@@H](c1ccc(F)cc1)[C@@H]1CNCCO1,train,train,train,4,4,0.8148148,0.8148148,0.84313726
COc1cc(Cl)ccc1O[C@@H](c1cccc(F)c1)[C@@H]1CNCCO1,train,train,test,4,4,0.8148148,0.8148148,0.8148148
COc1cc(Cl)ccc1O[C@@H](c1ccccc1F)[C@@H]1CNCCO1,train,train,test,4,4,0.8148148,0.8148148,0.8148148
COc1ccc(O[C@@H](c2ccccc2)[C@@H]2CNCCO2)c(Cl)c1,train,train,train,4,4,0.6862745,0.6862745,0.6862745
COc1cc(C(F)(F)F)ccc1O[C@@H](c1ccccc1)[C@@H]1CNCCO1,train,train,train,4,4,0.72727275,0.72727275,0.72727275
COc1cc(Br)ccc1O[C@@H](c1ccccc1)[C@@H]1CNCCO1,train,train,train,4,4,0.7708333,0.7708333,0.7708333
COc1cc(C#N)ccc1O[C@@H](c1ccccc1)[C@@H]1CNCCO1,test,test,train,4,4,0.7407407,0.7407407,0.7407407
Clc1cccc(O[C@@H](c2ccccc2)[C@@H]2CNCCO2)c1Cl,train,train,test,4,4,0.6875,0.6875,0.6875
Fc1ccc(C(OCCN2CCN(CCc3ccccc3)CC2)c2ccc(F)cc2)cc1,train,train,test,3,3,0.85,0.85,0.85
O=C(CN1CCN(CCOC(c2ccccc2)c2ccccc2)CC1)c1ccccc1,train,test,train,3,3,0.82051283,0.8333333,0.8333333
O=C(CN1CCN(CCOC(c2ccc(F)cc2)c2ccc(F)cc2)CC1)c1ccccc1,test,train,train,3,3,0.84090906,0.84090906,0.84090906
CC(O)(Cc1ccccc1)CN1CCN(CCOC(c2ccccc2)c2ccccc2)CC1,train,train,train,3,3,0.84782606,0.84782606,0.84782606
CC(O)(Cc1ccccc1)CN1CCN(CCOC(c2ccc(F)cc2)c2ccc(F)cc2)CC1,train,train,train,3,3,0.84782606,0.84782606,0.84782606
C=C(Cc1ccccc1)CN1CCN(CCOC(c2ccccc2)c2ccccc2)CC1,train,train,test,3,3,0.84090906,0.84090906,0.84090906
C=C(Cc1ccccc1)CN1CCN(CCOC(c2ccc(F)cc2)c2ccc(F)cc2)CC1,train,train,train,3,3,0.84090906,0.84090906,0.6530612
O=C(Cc1ccccc1)CN1CCN(CCOC(c2ccccc2)c2ccccc2)CC1,train,train,train,3,3,0.84090906,0.84090906,0.6818182
O=C(Cc1ccccc1)CN1CCN(CCOC(c2ccc(F)cc2)c2ccc(F)cc2)CC1,train,train,test,3,3,0.84090906,0.84090906,0.84090906
CC(O)(CCN1CCN(CCOC(c2ccccc2)c2ccccc2)CC1)c1ccccc1,train,train,train,3,3,0.8372093,0.8372093,0.8372093
CC(O)(CCN1CCN(CCOC(c2ccc(F)cc2)c2ccc(F)cc2)CC1)c1ccccc1,train,train,train,3,3,0.8372093,0.8372093,0.8372093
C=C(CCN1CCN(CCOC(c2ccccc2)c2ccccc2)CC1)c1ccccc1,train,test,train,3,3,0.73170733,0.8333333,0.8333333
C=C(CCN1CCN(CCOC(c2ccc(F)cc2)c2ccc(F)cc2)CC1)c1ccccc1,test,train,train,3,3,0.8333333,0.76086956,0.8333333
O=C(CCN1CCN(CCOC(c2ccccc2)c2ccccc2)CC1)c1ccccc1,train,train,test,3,3,0.8292683,0.8292683,0.8292683
O=C(CCN1CCN(CCOC(c2ccc(F)cc2)c2ccc(F)cc2)CC1)c1ccccc1,train,train,train,3,3,0.8292683,0.84090906,0.84090906
CCOc1ccccc1O[C@@H](c1ccccc1)[C@@H]1CNCCO1,train,train,train,4,4,0.76086956,0.76086956,0.76086956
Cc1ccccc1S[C@@H](c1ccccc1)[C@@H]1CNCCO1,train,train,train,4,4,0.61538464,0.61538464,0.7173913
FCCCc1ccccc1O[C@@H](c1ccccc1)[C@@H]1CNCCO1,train,train,train,4,4,0.875,0.875,0.875
FCCc1ccccc1O[C@@H](c1ccccc1)[C@@H]1CNCCO1,train,train,train,4,4,0.875,0.875,0.875
Cc1ccccc1O[C@@H](c1ccccc1)[C@@H]1CNCCO1,train,train,train,4,4,0.77272725,0.77272725,0.77272725
CC1(C)Cc2cccc(N3CCN(CCc4ccc5c(c4)NC(=O)CO5)CC3)c2O1,train,test,train,3,3,0.64179105,0.6666667,0.6666667
Cc1cc2c(N3CCN(CCc4ccc5c(c4)NC(=O)CO5)CC3)cccc2[nH]1,test,train,train,3,3,0.7121212,0.7121212,0.7121212
Cc1ncc2c(N3CCN(CCc4ccc5c(c4)NC(=O)CO5)CC3)cccc2n1,train,train,train,3,3,0.7878788,0.7878788,0.7878788
O=C1COc2ccc(CCN3CCN(c4cccc5cccnc45)CC3)cc2N1,train,train,test,3,3,0.703125,0.703125,0.6666667
O=C1COc2ccc(CCN3CCN(c4nccc5ccccc45)CC3)cc2N1,train,train,test,3,3,0.703125,0.703125,0.62857145
O=C1COc2ccc(CCN3CCN(c4cccc5nc(-c6ccccc6)ccc45)CC3)cc2N1,train,train,train,3,3,0.7878788,0.7878788,0.7878788
Cc1cc(N2CCN(CCc3ccc4c(c3)NC(=O)CO4)CC2)c2ccc(C)nc2c1,train,train,train,3,3,0.85714287,0.85714287,0.85714287
Cc1ccc2c(N3CCN(CCc4ccc5c(c4)NC(=O)CO5)CC3)cc(Cl)cc2n1,train,train,test,3,3,0.84375,0.84375,0.84375
Cc1ccc2c(N3CCN(CCc4ccc5c(c4)NC(=O)CO5)CC3)cc(F)cc2n1,train,train,train,3,3,0.85714287,0.85714287,0.85714287
Cc1ccc2c(N3CCN(CCc4ccc5c(c4)NC(=O)CO5)CC3)ccc(Cl)c2n1,train,train,train,3,3,0.8181818,0.8181818,0.8181818
Cc1ccc2c(N3CCN(CCc4ccc5c(c4)NC(=O)CO5)CC3)ccc(F)c2n1,train,train,train,3,3,0.8181818,0.8181818,0.8181818
Cc1ccc2c(N3C[C@H]4C[C@@H]3CN4CCc3ccc4c(c3)NC(=O)CO4)cccc2n1,train,train,train,3,3,0.7027027,0.7027027,0.7027027
Cc1ccc2c(N3CCN(CCc4ccc5c(c4)NC(=O)CO5)CC3C)cccc2n1,train,train,train,3,3,0.7794118,0.7794118,0.7794118
Cc1ccc2c(N3CCN(CCc4ccc5c(c4F)NC(=O)CO5)CC3)cccc2n1,train,train,train,3,3,0.75,0.75,0.75
Cc1ccc2c(N3CCN(CCc4cc5c(cc4F)OCC(=O)N5)CC3)cccc2n1,train,train,train,3,3,0.7846154,0.77272725,0.7846154
Cc1ccc2c(N3CCN(CCc4cc(F)c5c(c4)NC(=O)CO5)CC3)cccc2n1,train,train,train,3,3,0.75,0.75,0.75
CCN1C(=O)COc2ccc(CCN3CCN(c4cccc5nc(C)ccc45)CC3)cc21,train,train,train,3,3,0.82539684,0.82539684,0.74242425
Cc1ccc2c(N3CCN(CCc4ccc5c(c4)N(C)C(=O)CO5)CC3)cccc2n1,train,train,test,3,3,0.82539684,0.8666667,0.8666667
Cc1ccc2c(N3CCN(CCc4ccc5c(c4)NC(=O)CO5)CC3)cccc2n1,train,train,train,3,3,0.8852459,0.8125,0.8852459
C[C@H]1CNCCc2ccc(Cl)cc21,train,train,train,1,1,0.3137255,0.3137255,0.3148148
CNC(C)Cc1ccc2c(c1)OCO2,train,train,train,4,4,0.39583334,0.6571429,0.6571429
[11CH3]Oc1ccc2c(c1)CCN(CCCc1c[nH]c3ccc(Br)cc13)C2,train,train,test,3,3,0.51724136,0.51724136,0.42424244
Cc1ccc2c(OCCN3CCC(Cc4cccc(N5CCCS5(=O)=O)c4)CC3)cccc2n1,train,train,test,3,3,0.6351351,0.6351351,0.575
Cc1ccc2c(OCCN3CCC(Cc4cccc(NS(C)(=O)=O)c4)CC3)cccc2n1,train,train,test,3,3,0.6351351,0.6351351,0.5974026
COc1ccc(CCN(C)CCN2CCCCC2)cc1,train,train,test,3,3,0.7209302,0.7209302,0.7209302
CCN(CCc1ccc(OC(F)(F)F)cc1)CCN1CCCCC1,train,train,train,3,3,0.9756098,0.9756098,0.9756098
CN(CCc1ccc(OC(F)(F)F)cc1)CCN1CCCCC1,train,train,train,3,3,0.974359,0.73913044,0.974359
CCN(CCc1ccc(OC(F)(F)F)cc1)CCN1CCCC1,train,train,train,3,3,0.9756098,0.9756098,0.9756098
CN(CCc1ccc(OC(F)(F)F)cc1)CCN1CCCC1,train,test,train,3,3,0.974359,0.974359,0.974359
CNC(=O)C(CCN1CCC(O)(c2ccc(Cl)cc2)CC1)(c1ccccc1)c1ccccc1,train,train,train,1,1,0.7407407,0.7407407,0.7407407
CNCCC(c1ccccc1)c1c[nH]c2ccccc12,train,train,test,4,4,0.6,0.6,0.6
CCCCC1(c2ccc3[nH]ccc3c2)CCNC1,train,train,train,1,1,0.85714287,0.85714287,0.85714287
CCCC1(c2ccc3[nH]ccc3c2)CCNC1,train,train,train,1,1,0.85714287,0.85714287,0.85714287
CC1(c2ccc3[nH]ccc3c2)CCNC1,test,test,train,1,1,0.6136364,0.6136364,0.6136364
N#Cc1c[nH]c2ccc(C3(Cc4ccccc4)CCNC3)cc12,train,train,train,1,1,0.6363636,0.6363636,0.63461536
CN(C)C(=O)c1cc2cc(C3(Cc4ccccc4)CCNC3)ccc2[nH]1,train,train,train,1,1,0.7777778,0.7777778,0.7777778
CNC(=O)c1cc2cc(C3(Cc4ccccc4)CCNC3)ccc2[nH]1,train,train,train,1,1,0.7777778,0.7777778,0.7777778
NC(=O)c1cc2cc(C3(Cc4ccccc4)CCNC3)ccc2[nH]1,train,train,train,1,1,0.7818182,0.7818182,0.7818182
N#Cc1cc2cc(C3(Cc4ccccc4)CCNC3)ccc2[nH]1,train,train,test,1,1,0.6545454,0.6545454,0.6545454
CCOC(=O)c1cc2cc(C3(Cc4ccccc4)CCNC3)ccc2[nH]1,train,train,train,1,1,0.7818182,0.7818182,0.7818182
Cn1ccc2cc(C3(Cc4ccccc4)CCNC3)ccc21,train,train,train,1,1,0.59615386,0.59615386,0.59615386
c1ccc(CCC2(c3ccc4[nH]ccc4c3)CCNC2)cc1,train,train,train,1,1,0.8,0.8,0.8
COc1cccc(CC2(c3ccc4[nH]ccc4c3)CCNC2)c1,train,train,train,1,1,0.7254902,0.7254902,0.7254902
Fc1ccc(CC2(c3ccc4[nH]ccc4c3)CCNC2)cc1,train,train,train,1,1,0.8,0.8,0.8
c1ccc(CC2(c3ccc4[nH]ccc4c3)CCNC2)nc1,train,train,train,1,1,0.7,0.7,0.7
c1ccc(CC2(c3c[nH]c4ccccc34)CCNC2)cc1,train,train,train,1,1,0.5882353,0.5882353,0.5882353
c1ccc(CC2(c3ccc4cc[nH]c4c3)CCNC2)cc1,train,train,train,1,1,0.8372093,0.8372093,0.8372093
c1ccc(CC2(c3cnc4[nH]ccc4c3)CCNC2)cc1,train,train,train,1,1,0.66,0.66,0.66
c1ccc(CC2(c3ccc4sccc4c3)CCNC2)cc1,train,train,train,1,1,0.62,0.62,0.62
c1ccc(CC2(c3ccc4[nH]ncc4c3)CCNC2)cc1,train,train,train,1,1,0.67346936,0.67346936,0.67346936
c1ccc(CC2(c3ccc4[nH]ccc4c3)CCNC2)cc1,train,train,train,1,1,0.8372093,0.8372093,0.8372093
Clc1ccc(C23CNCC2C3)cc1Cl,test,test,train,1,1,0.46666667,0.46666667,0.46666667
Cc1ccc2c(N3CCN(CCc4cccc5c4OCC(=O)N5)CC3)cccc2n1,train,train,train,3,3,0.9,0.74242425,0.9
Cc1ccc2c(N3CCN(CCc4cccc5c4OCC(=O)N5C)CC3)cccc2n1,train,train,train,3,3,0.8947368,0.8305085,0.8947368
Cc1ccc2c(N3CCN(CCc4ccc5c(c4)OCC(=O)N5)CC3)cccc2n1,train,test,train,3,3,0.8852459,0.8852459,0.8852459
Cc1ccc2c(N3CCN(CCc4ccc5c(c4)OCC(=O)N5C)CC3)cccc2n1,test,train,train,3,3,0.8666667,0.8666667,0.74242425
CCN1C(=O)COc2c(CCN3CCN(c4cccc5nc(C)ccc45)CC3)cccc21,test,train,train,3,3,0.8305085,0.8305085,0.8305085
Cc1ccc2c(N3CCN(CCc4cccc5c4OCC(=O)N5C(C)C)CC3)cccc2n1,train,train,train,3,3,0.8032787,0.8032787,0.8032787
Cc1ccc2c(N3CCN(CCc4cccc5c4OCC(=O)N5C4CC4)CC3)cccc2n1,train,train,train,3,3,0.8032787,0.8032787,0.8032787
Cc1ccc2c(N3CCN(CCc4cccc5c4OCC(=O)N5CC4CC4)CC3)cccc2n1,train,test,test,3,3,0.7846154,0.8095238,0.8095238
Cc1ccc2c(N3CCN(CCc4cccc5c4OCC(=O)N5CC(F)F)CC3)cccc2n1,train,test,train,3,3,0.7903226,0.82258064,0.82258064
Cc1ccc2c(N3CCN(CCc4cccc5c4OCC(=O)N5C)CC3)cc(F)cc2n1,test,train,train,3,3,0.8196721,0.9032258,0.9032258
Cc1ccc2c(N3CCN(CCc4cccc5c4OCC(=O)N5C)[C@H](C)C3)cc(F)cc2n1,test,train,train,3,3,0.9130435,0.9130435,0.9130435
Cc1ccc2c(N3CCN(CCCc4cccc5c4OCC(=O)N5C)CC3)cccc2n1,train,test,train,3,3,0.8947368,0.8947368,0.8947368
Cc1ccc2c(N3CCN(CCCc4cccc5c4OCC(=O)N5C)[C@H](C)C3)cccc2n1,train,train,test,3,3,0.82857144,0.82857144,0.82857144
Cc1ccc2c(N3CCN(CCCc4cccc5c4OCC(=O)N5C)CC3)cc(F)cc2n1,test,train,train,3,3,0.82539684,0.9032258,0.9032258
Cc1ccc2c(N3CCN(CCCc4cccc5c4OCC(=O)N5C)[C@H](C)C3)cc(F)cc2n1,train,train,train,3,3,0.82857144,0.9130435,0.9130435
Cc1ccc2c(N3CCN(CCCc4cccc5c4OCC(=O)N5)CC3)cccc2n1,train,test,train,3,3,0.9,0.9,0.9
COc1c(OCCF)cccc1C(=O)C1CCN(CCc2ccc(F)cc2)CC1,train,train,train,3,3,0.877193,0.877193,0.877193
COc1c(OCCF)cccc1C(O)C1CCN(CCc2ccc(C)cc2)CC1,train,train,train,3,3,0.671875,0.671875,0.671875
COc1c(OCCF)cccc1C(=O)C1CCN(CCc2ccc(C)cc2)CC1,train,train,train,3,3,0.877193,0.877193,0.877193
O=c1ccc(-n2ccnc2)nn1CCCCN1CCN(c2cccc(C(F)(F)F)c2)CC1,train,train,train,3,3,0.47435898,0.47435898,0.47435898
CCOc1ccccc1N1CCN(CCCCn2nc(-n3ccc4ccccc43)ccc2=O)CC1,train,train,test,3,3,0.796875,0.6197183,0.796875
CC(C)Oc1ccccc1N1CCN(CCCCn2nc(-n3ccc4ccccc43)ccc2=O)CC1,train,test,train,3,3,0.796875,0.796875,0.6111111
O=c1ccc(-n2ccc3ccccc32)nn1CCCCN1CCN(c2cccc(C(F)(F)F)c2)CC1,test,test,test,3,3,0.6865672,0.6865672,0.6865672
O=c1ccc(-n2ccc3ccccc32)nn1CCCCN1CCN(c2ccc3c(c2)OCCO3)CC1,test,train,train,3,3,0.6197183,0.6197183,0.6111111
COc1ccccc1N1CCN(CCNC(=O)Cn2nc(-n3ccnc3)ccc2=O)CC1,train,train,train,3,3,0.8484849,0.8484849,0.47435898
CCOc1ccccc1N1CCN(CCNC(=O)Cn2nc(-n3ccnc3)ccc2=O)CC1,train,train,test,3,3,0.8484849,0.8484849,0.8484849
[3H]c1cc2c(cc1OC[C@@H]1CNCC[C@H]1c1ccc(F)cc1)OCO2,train,train,train,4,4,0.8367347,0.8367347,0.8367347
NCC1c2ccccc2Cc2cc(Br)ccc21,test,test,train,4,4,0.5681818,0.5681818,0.5681818
CCCCCCc1ccc2c(c1)Cc1ccccc1C2CN,train,train,train,4,4,0.36363637,0.36363637,0.5681818
O=C(CCCN1CCC(O)(c2ccc(Cl)cc2)CC1)c1ccc(F)cc1,test,train,train,3,3,0.6938776,0.6938776,0.6938776
O=C(CCCN1CCCN(c2ccc(Cl)cc2)CC1)c1ccc(F)cc1,train,train,train,3,3,0.5483871,0.6415094,0.6415094
c1ccc(-c2ccccc2CN[C@H]2CCNC2)cc1,train,train,train,4,4,0.49056605,0.49056605,0.48979592
CN(C)S(=O)(=O)N(Cc1ccccc1-c1ccccc1)[C@H]1CCNC1,train,train,train,4,4,0.7708333,0.7708333,0.7708333
CS(=O)(=O)N(Cc1ccccc1Oc1ccccc1)[C@H]1CCNC1,train,train,test,4,4,0.64705884,0.64705884,0.64705884
CSc1ccccc1CN([C@H]1CCNC1)S(C)(=O)=O,train,train,train,4,4,0.6875,0.6875,0.6875
CS(=O)(=O)N(Cc1ccccc1C(F)(F)F)[C@H]1CCNC1,train,train,train,4,4,0.6875,0.6875,0.6875
O=S(=O)(N(Cc1ccccc1-c1ccccc1)[C@H]1CCNC1)C(F)(F)F,train,train,train,4,4,0.72,0.72,0.72
CC(C)S(=O)(=O)N(Cc1ccccc1-c1ccccc1)[C@H]1CCNC1,train,train,train,4,4,0.75510204,0.75510204,0.75510204
CCCS(=O)(=O)N(Cc1ccccc1-c1ccccc1)[C@H]1CCNC1,train,train,train,4,4,0.8913044,0.8913044,0.8913044
CCS(=O)(=O)N(Cc1ccccc1-c1ccccc1)[C@H]1CCNC1,train,train,train,4,4,0.8913044,0.8913044,0.8913044
CN(C)C(=O)N(Cc1ccccc1-c1ccccc1)[C@H]1CCNC1,train,train,train,4,4,0.7708333,0.7708333,0.8043478
CCOC(=O)N(Cc1ccccc1Oc1ccccc1)[C@H]1CCNC1,test,test,train,4,4,0.754717,0.754717,0.6851852
CCOC(=O)N(Cc1ccccc1SC)[C@H]1CCNC1,train,train,train,4,4,0.74509805,0.74509805,0.74509805
CCOC(=O)N(Cc1ccccc1C(F)(F)F)[C@H]1CCNC1,train,train,train,4,4,0.7254902,0.7254902,0.71153843
CCOC(=O)N(Cc1ccccc1C(C)C)[C@H]1CCNC1,train,train,train,4,4,0.75510204,0.75510204,0.74509805
CC(C)OC(=O)N(Cc1ccccc1-c1ccccc1)[C@H]1CCNC1,train,train,train,4,4,0.78431374,0.78431374,0.78431374
COC(=O)N(Cc1ccccc1-c1ccccc1)[C@H]1CCNC1,train,train,train,4,4,0.78431374,0.78431374,0.78723407
CC(C)C(=O)N(Cc1ccccc1Oc1ccccc1)[C@H]1CCNC1,train,train,test,4,4,0.6730769,0.6730769,0.754717
CSc1ccccc1CN(C(=O)C(C)C)[C@H]1CCNC1,train,train,test,4,4,0.7446808,0.7446808,0.7446808
CC(C)C(=O)N(Cc1ccccc1C(F)(F)F)[C@H]1CCNC1,train,train,test,4,4,0.7254902,0.7254902,0.7254902
CC(C)C(=O)N(Cc1ccccc1C1CC1)[C@H]1CCNC1,train,train,train,4,4,0.7446808,0.7446808,0.71428573
CC(C)C(=O)N(Cc1ccccc1C(C)C)[C@H]1CCNC1,train,train,test,4,4,0.75510204,0.75510204,0.75510204
CC(C)CC(=O)N(Cc1ccccc1-c1ccccc1)[C@H]1CCNC1,train,train,test,4,4,0.7755102,0.7755102,0.79591835
CC(C)C(=O)N(Cc1ccccc1-c1ccccc1)[C@H]1CCNC1,test,test,train,4,4,0.79591835,0.79591835,0.8043478
CCCC(=O)N(Cc1ccccc1-c1ccccc1)[C@H]1CCNC1,train,train,train,4,4,0.82978725,0.82978725,0.82978725
CCC(=O)N(Cc1ccccc1-c1ccccc1)[C@H]1CCNC1,train,train,train,4,4,0.82978725,0.82978725,0.82978725
CC(=O)N(Cc1ccccc1-c1ccccc1)[C@H]1CCNC1,test,test,train,4,4,0.82222223,0.82222223,0.82222223
O=CN(Cc1ccccc1-c1ccccc1)[C@H]1CCNC1,test,test,train,4,4,0.62,0.62,0.6458333
O=C(OCCF)C1C2CCC(CC1c1cccc(/C=C\Br)c1)N2,train,train,train,4,4,0.8947368,0.8947368,0.8947368
O=C(OCCCF)C1C2CCC(CC1c1cccc(/C=C\I)c1)N2,train,train,train,4,4,0.8947368,0.8947368,0.8947368
O=C(OCCCF)C1C2CCC(CC1c1cccc(/C=C\Br)c1)N2,train,train,train,4,4,0.8947368,0.8947368,0.8947368
COc1ccc(F)cc1CCCC1CCC(CCN)O1,train,train,train,4,4,0.8372093,0.8372093,0.95
COc1ccc(F)cc1CCC1CCC(CCNCCCCCN2N=C(c3ccc(OC)c(OC)c3)[C@H]3CC=CC[C@H]3C2=O)O1,train,train,train,3,3,0.7654321,0.47945204,0.7654321
COc1ccc(F)c(CCCC2CCC(CCNCCCCCN3N=C(c4ccc(OC)c(OC)c4)[C@H]4CC=CC[C@H]4C3=O)O2)c1,train,test,train,3,3,0.7654321,0.7654321,0.7654321
CNCCC1CCC(CCc2cc(F)ccc2OC)O1,train,train,test,4,4,0.65957445,0.65957445,0.65957445
NCC1CCC(c2ccccc2)O1,train,train,train,4,4,0.6875,0.6875,0.6875
NCC1CCC(c2ccc(Cl)cc2)O1,train,train,train,1,1,0.6969697,0.6969697,0.6969697
NCC1CCC(c2ccc(Br)cc2)O1,train,train,train,4,4,0.6969697,0.6969697,0.6969697
COc1ccc(C2CCC(CN)O2)cc1,train,train,train,4,4,0.6388889,0.6388889,0.6388889
NCC1CCC(c2ccc3ccccc3c2)O1,train,train,test,4,4,0.6571429,0.6571429,0.6571429
NCC1CCC(c2cccc3ccccc23)O1,test,test,train,4,4,0.5833333,0.5833333,0.5833333
NCC1CCC(CCc2ccccc2)O1,train,train,test,4,4,0.6756757,0.6756757,0.6756757
NCC1CCC(CCc2cccc3ccccc23)O1,test,test,test,4,4,0.6052632,0.6052632,0.5609756
NCC1CCC(CCc2c(F)c(F)c(F)c(F)c2F)O1,train,train,train,4,4,0.5277778,0.5277778,0.45238096
NCC1CCC(CCc2cccnc2)O1,train,train,train,4,4,0.6756757,0.6756757,0.45454547
NCCC1CCC(Cc2ccccc2)O1,train,train,train,4,4,0.6,0.6,0.5263158
Cc1cc(CCC2CCC(CCN)O2)ccc1F,train,train,train,4,4,0.6,0.6,0.6
NCCC1CCC(CCc2ccc(O)cc2)O1,train,train,train,4,4,0.6,0.6,0.6
COc1ccc(F)cc1CCCC[C@H]1CC[C@H](CN)O1,train,train,test,4,4,0.8372093,0.8372093,0.88095236
COc1ccc(F)cc1CCCCC1CCC(CCN)O1,test,test,train,4,4,0.95,0.95,0.95
COc1ccc(CCC2CCC(CCN)O2)c2ccccc12,train,train,test,4,4,0.68085104,0.68085104,0.68085104
COc1ccc2ccccc2c1CCC1CCC(CCN)O1,train,train,train,4,4,0.68085104,0.68085104,0.5192308
CC(C)CN(C(=O)c1ccccc1-c1ccccc1)[C@H]1CCNC1,test,test,train,4,4,0.7346939,0.7346939,0.7346939
Cc1ccccc1C(=O)N(CC1CCC1)[C@H]1CCNC1,train,train,test,4,4,0.7708333,0.7708333,0.7708333
CCOc1ccccc1C(=O)N(CC1CCC1)[C@H]1CCNC1,train,train,train,4,4,0.76,0.76,0.76
O=C(c1ccccc1Cl)N(CC1CCC1)[C@H]1CCNC1,train,train,train,4,4,0.7659575,0.7659575,0.75
CCc1ccccc1C(=O)N(CC1CCC1)[C@H]1CCNC1,train,train,train,4,4,0.7708333,0.7708333,0.76
CCSc1ccccc1C(=O)N(CC1CCC1)[C@H]1CCNC1,test,test,train,4,4,0.7307692,0.7307692,0.7307692
O=C(c1ccccc1C1CCCC1)N(CC1CCC1)[C@H]1CCNC1,train,train,train,4,4,0.7346939,0.7346939,0.7346939
CSc1ccccc1C(=O)N(C1CCC1)[C@H]1CCNC1,test,test,train,4,4,1.0,1.0,1.0
CCCN(C(=O)c1ccccc1SC)[C@H]1CCNC1,train,train,train,4,4,0.7346939,0.7346939,0.67346936
CSc1ccccc1C(=O)N(C1CCCC1)[C@H]1CCNC1,train,train,train,4,4,0.73333335,0.73333335,1.0
CSc1ccccc1C(=O)N(c1ccccc1)[C@H]1CCNC1,train,train,train,4,4,0.70212764,0.70212764,0.70212764
CSc1ccccc1C(=O)N(C1CCCCC1)[C@H]1CCNC1,test,test,train,4,4,0.975,0.975,0.975
CC(C)N(C(=O)c1ccccc1C(F)(F)F)[C@H]1CCNC1,train,train,train,4,4,0.68085104,0.68085104,0.68085104
O=C(c1ccccc1C(F)(F)F)N(C1CCC1)[C@H]1CCNC1,train,train,train,4,4,0.7083333,0.7083333,0.7083333
O=C(c1ccccc1C(F)(F)F)N(CC1CC1)[C@H]1CCNC1,train,train,train,4,4,0.9111111,0.9111111,0.9111111
O=C(c1ccccc1C(F)(F)F)N(c1ccccc1)[C@H]1CCNC1,train,train,train,4,4,0.6956522,0.6956522,0.6956522
O=C(c1ccccc1C(F)(F)F)N(CC1CCCC1)[C@H]1CCNC1,train,train,train,4,4,0.9111111,0.9111111,0.9111111
CC(C)c1ccccc1C(=O)N(C1CCC1)[C@H]1CCNC1,train,train,train,4,4,1.0,1.0,0.73333335
CC(C)c1ccccc1C(=O)N(CC1CC1)[C@H]1CCNC1,train,train,train,4,4,0.9111111,0.9111111,0.9111111
CCCN(C(=O)c1ccccc1C(C)C)[C@H]1CCNC1,train,train,test,4,4,0.7659575,0.7659575,0.7659575
CC(C)c1ccccc1C(=O)N(C1CCCC1)[C@H]1CCNC1,train,train,test,4,4,1.0,1.0,1.0
CC(C)c1ccccc1C(=O)N(CC1CCCC1)[C@H]1CCNC1,train,train,train,4,4,0.9111111,0.9111111,0.9111111
CN(C(=O)c1ccccc1Oc1ccccc1)[C@H]1CCNC1,test,test,train,4,4,0.7346939,0.6923077,0.7346939
CCN(C(=O)c1ccccc1Oc1ccccc1)[C@H]1CCNC1,train,test,train,4,4,0.78431374,0.78431374,0.7346939
O=C(c1ccccc1Oc1ccccc1)N(C1CCC1)[C@H]1CCNC1,test,test,train,4,4,0.72,0.6481481,0.7291667
CC(C)CN(C(=O)c1ccccc1Oc1ccccc1)[C@H]1CCNC1,train,train,test,4,4,0.78431374,0.6923077,0.78431374
O=C(c1ccccc1Oc1ccccc1)N(c1ccccc1)[C@H]1CCNC1,test,test,train,4,4,0.6862745,0.6481481,0.7291667
O=C(C1CCC1)N(Cc1ccccc1C(F)(F)F)[C@H]1CCNC1,test,test,test,4,4,0.7058824,0.7058824,0.6792453
COc1cccc(CN(c2ccc3[nH]ccc3c2)C2CCNCC2)c1,test,test,train,4,4,0.74509805,0.74509805,0.74509805
NS(=O)(=O)c1cccc(CN(c2ccc3[nH]ccc3c2)C2CCNCC2)c1,train,train,train,4,4,0.7169811,0.7169811,0.7169811
N#Cc1ccc(CN(c2ccc3[nH]ccc3c2)C2CCNCC2)cc1,train,train,train,4,4,0.8039216,0.8039216,0.8039216
N#Cc1cccc(CN(c2ccc3[nH]ccc3c2)C2CCNCC2)c1,train,train,train,4,4,0.8039216,0.8039216,0.8039216
N#Cc1ccccc1CN(c1ccc2[nH]ccc2c1)C1CCNCC1,train,train,train,4,4,0.7358491,0.7358491,0.7090909
Fc1ccc(CN(c2ccc3[nH]ccc3c2)C2CCNCC2)cc1,train,train,train,4,4,0.8125,0.8125,0.8125
Fc1cccc(CN(c2ccc3[nH]ccc3c2)C2CCNCC2)c1,train,train,train,4,4,0.8125,0.8125,0.8125
Fc1ccccc1CN(c1ccc2[nH]ccc2c1)C1CCNCC1,train,train,test,4,4,0.7358491,0.7358491,0.7358491
c1cc2cc(N(CC3CCOCC3)C3CCNCC3)ccc2[nH]1,train,train,train,4,4,0.61538464,0.61538464,0.61538464
c1ccc(CCN(c2ccc3[nH]ccc3c2)C2CCNCC2)cc1,train,train,test,4,4,0.78723407,0.78723407,0.78723407
O=C(c1ccccc1)N(c1ccc2[nH]ccc2c1)C1CCNCC1,train,train,train,4,4,0.63265306,0.63265306,0.5849057
CC(c1ccccc1)N(c1ccc2[nH]ccc2c1)C1CCNCC1,train,train,train,4,4,0.63265306,0.63265306,0.5849057
Cn1ccc2cc(N(Cc3ccccc3)C3CCNCC3)ccc21,train,train,train,4,4,0.6037736,0.6037736,0.6037736
c1ccc(CN(c2ccc3sccc3c2)C2CCNCC2)cc1,train,train,test,4,4,0.627451,0.627451,0.627451
c1ccc(CN(c2ccc3[nH]ncc3c2)C2CCNCC2)cc1,train,train,train,4,4,0.68,0.68,0.68
c1ccc(CN(c2ccc3[nH]ccc3c2)C2CCNC2)cc1,train,train,train,4,4,0.8913044,0.8913044,0.8913044
c1ccc(CN(c2ccc3[nH]ccc3c2)C2CCCNC2)cc1,train,train,train,4,4,0.8913044,0.8913044,0.8913044
c1ccc(CN(c2ccc3[nH]ccc3c2)C2CCNCC2)cc1,train,train,train,4,4,0.8666667,0.8666667,0.8666667
c1ccc(N(c2ccc3[nH]ccc3c2)C2CCNCC2)cc1,train,train,test,4,4,0.65957445,0.65957445,0.65957445
CNCCN(c1ccccc1)c1ccc2[nH]ccc2c1,train,train,train,4,4,0.5208333,0.5208333,0.5208333
CNCCC(c1ccccc1)c1ccc2[nH]ccc2c1,train,train,train,4,4,0.5208333,0.5208333,0.5208333
COC(=O)[C@@H]1C2CCC(C[C@@H]1c1ccc(SC)cc1)N2C,train,train,train,2,2,0.7916667,0.7916667,0.7916667
CCSc1ccc([C@H]2CC3CCC([C@H]2C(=O)OC)N3C)cc1,train,train,train,2,2,0.78846157,0.7755102,0.78846157
COC(=O)[C@@H]1C2CCC(C[C@@H]1c1ccc(SC(C)C)cc1)N2C,train,train,train,2,2,0.7916667,0.7916667,0.7916667
COC(=O)[C@@H]1C2CCC(C[C@@H]1c1ccc(SC(F)(F)F)cc1)N2C,train,test,train,2,2,0.76,0.76,0.76
COC(=O)[C@@H]1C2CCC(C[C@@H]1c1ccc(SC)c(Br)c1)N2C,test,train,train,2,2,0.72727275,0.72727275,0.72727275
COC(=O)[C@@H]1C2CCC(C[C@@H]1c1ccc([S+](C)O)c(Br)c1)N2C,train,train,train,2,2,0.6981132,0.72727275,0.72727275
COC(=O)[C@@H]1C2CCC(C[C@@H]1c1ccc([S+](C)O)cc1)N2C,train,train,train,2,2,0.75,0.75,0.75
COC(=O)[C@@H]1C2CCC(C[C@@H]1c1ccc(S(C)(=O)=O)cc1)N2C,train,train,train,2,2,0.7291667,0.7291667,0.7291667
COC(=O)[C@@H]1C2CCC(C[C@@H]1c1ccc(SC)cc1)N2,train,test,train,2,2,0.7708333,0.7708333,0.7708333
CCSc1ccc([C@H]2CC3CCC(N3)[C@H]2C(=O)OC)cc1,train,train,train,2,2,0.7708333,0.7083333,0.7708333
COC(=O)[C@@H]1C2CCC(C[C@@H]1c1ccc(SC)cc1)N2CCCF,train,train,test,2,2,0.8214286,0.8214286,0.8214286
CCSc1ccc([C@H]2CC3CCC([C@H]2C(=O)OC)N3CCCF)cc1,train,train,train,2,2,0.8214286,0.8214286,0.8181818
C=CCN1C2CCC1[C@@H](C(=O)OC)[C@@H](c1ccc(SC)cc1)C2,train,train,train,2,2,0.71929824,0.8148148,0.7592593
C=CCN1C2CCC1[C@@H](C(=O)OC)[C@@H](c1ccc(SCC)cc1)C2,test,train,test,2,2,0.8148148,0.8148148,0.8148148
CCCN1C2CCC1[C@@H](C(=O)OC)[C@@H](c1ccc(SC)cc1)C2,test,test,train,2,2,0.8269231,0.7962963,0.8269231
CCCN1C2CCC1[C@@H](C(=O)OC)[C@@H](c1ccc(SCC)cc1)C2,train,test,train,2,2,0.8181818,0.8181818,0.8269231
COC(=O)[C@@H]1C2CCC(C[C@@H]1c1ccc(OC)cc1)N2C,test,test,train,2,2,0.7777778,0.7777778,0.7777778
Fc1ccc(COc2ccc(F)cc2C2CCNCC2)cc1,test,test,test,4,4,0.80487806,0.80487806,0.7692308
Fc1ccc(OCc2ccc(Cl)c(Cl)c2)c(C2CCNCC2)c1,train,train,test,1,1,0.7234042,0.7234042,0.61702126
Cc1ccc(C2CCNCC2)c(Oc2cccc(F)c2)c1,train,train,train,4,4,0.78571427,0.78571427,0.74418604
Fc1cccc(OCc2ccccc2N2CCNCC2)c1,train,train,test,4,4,0.73170733,0.73170733,0.73170733
Cc1ccc(F)c(Oc2ccccc2C2CCNCC2)c1,train,train,train,4,4,0.64444447,0.64444447,0.60465115
Fc1cccc(OCc2ccccc2)c1C1CCNCC1,train,train,train,4,4,0.6511628,0.6511628,0.64285713
Fc1ccc(COc2ccc(Cl)cc2C2CCNCC2)cc1,train,train,test,4,4,0.7234042,0.7234042,0.6976744
Fc1cccc(OCc2ccccc2C2CCNCC2)c1,train,train,train,4,4,0.73170733,0.73170733,0.73170733
c1ccc(N2CCNCC2)c(COc2ccccc2C2CC2)c1,test,test,test,4,4,0.625,0.625,0.625
Fc1ccccc1COc1ccccc1C1CCNCC1,train,train,train,4,4,0.6585366,0.6585366,0.70731705
c1ccc(COc2ccccc2C2CCNCC2)cc1,train,train,train,4,4,0.6585366,0.6585366,0.8333333
O=C1C(Cc2ccccc2N2CCNCC2)SCCN1c1ccc(Cl)c(Cl)c1,train,train,train,1,1,0.41379312,0.41379312,0.41379312
O=C1/C(=C/c2ccccc2N2CCNCC2)SCCN1c1ccc(F)cc1F,test,train,train,3,3,0.35135135,0.35135135,0.35135135
Fc1ccc(Oc2cccc(F)c2C2CCNCC2)cc1,train,train,test,4,4,0.8611111,0.8611111,0.7948718
Clc1cccc(Oc2ccccc2C2CCNCC2)c1,train,train,test,4,4,0.71428573,0.71428573,0.71428573
Fc1ccc(Oc2cc(F)c(F)cc2C2CCNCC2)cc1,train,train,train,4,4,0.68421054,0.68421054,0.68421054
Fc1ccc(COc2ccccc2C2CCNCC2)cc1,test,test,train,4,4,0.8333333,0.8333333,0.8333333
Fc1ccc(Oc2ccccc2C2CCNCC2)cc1,train,train,train,4,4,0.8181818,0.8181818,0.8181818
c1ccc(OCc2ccccc2C2CCNCC2)cc1,train,train,train,4,4,0.73170733,0.73170733,0.73170733
Cc1ccc(C2CCNCC2)c(Oc2ccc(F)cc2)c1,train,train,test,4,4,0.78571427,0.78571427,0.78571427
Fc1cccc(Oc2ccccc2)c1C1CCNCC1,train,train,test,4,4,0.8611111,0.8611111,0.7837838
c1ccc(OCc2ccccc2N2CCNCC2)cc1,train,train,train,4,4,0.73170733,0.73170733,0.6136364
Fc1cccc(OCc2ccccc2N2CCNCC2)c1F,train,train,train,4,4,0.74418604,0.74418604,0.6136364
Fc1cccc(Oc2ccccc2C2CCNCC2)c1,train,train,train,4,4,0.7631579,0.7631579,0.7631579
Fc1ccccc1COc1ccccc1N1CCNCC1,train,train,test,4,4,0.74418604,0.74418604,0.74418604
Fc1ccc(Oc2ccccc2N2CCNCC2)cc1,test,test,test,4,4,0.8181818,0.8181818,0.8181818
Fc1cccc(Oc2cccc(F)c2C2CCNCC2)c1,train,train,train,4,4,0.7948718,0.7948718,0.6976744
c1ccc(COc2ccccc2N2CCNCC2)cc1,train,train,test,4,4,0.6585366,0.6585366,0.6052632
c1ccc(Oc2ccccc2C2CCNCC2)cc1,train,train,train,4,4,0.8181818,0.8181818,0.8181818
c1ccc(Oc2ccccc2N2CCNCC2)cc1,train,train,train,4,4,0.6052632,0.6052632,0.5641026
Fc1cccc(C2CCNCC2)c1Oc1ccccc1,test,test,train,4,4,0.6511628,0.6511628,0.61538464
Fc1cccc(C2CCNCC2)c1OCc1ccccc1,train,train,test,4,4,0.64444447,0.64444447,0.6511628
Fc1cccc(Oc2ccccc2N2CCNCC2)c1,test,test,test,4,4,0.7105263,0.7105263,0.7105263
Cc1ccc(C(=O)C(C)NC(C)(C)C)cc1Cl,train,train,test,1,1,0.7777778,0.7777778,0.7777778
CC(NC(C)(C)C)C(=O)c1ccc(Cl)c(Cl)c1,train,train,train,1,1,0.7777778,0.7777778,0.65
Cc1cc(C(=O)C(C)NC(C)(C)C)ccc1Br,train,train,train,4,4,0.65,0.65,0.6486486
CCC(NC(C)(C)C)C(=O)c1ccc(Cl)c(Cl)c1,train,train,test,1,1,0.7894737,0.7894737,0.7894737
CCCC(NC(C)(C)C)C(=O)c1ccc(Cl)c(Cl)c1,train,train,train,1,1,0.7894737,0.7894737,0.6511628
O=C1Cc2c(ccc3c2OC[C@H](CNCC2CCc4c([nH]c5ccc(F)cc45)C2)O3)N1,train,train,train,3,3,0.87142855,0.89705884,0.89705884
O=C1Cc2c(ccc3c2OC[C@H](CNCCC2CCc4c([nH]c5ccc(F)cc45)C2)O3)N1,train,train,test,3,3,0.91549295,0.87142855,0.91549295
O=C1Cc2c(ccc3c2OC[C@H](CNCCCC2CCc4c([nH]c5ccc(F)cc45)C2)O3)N1,train,test,train,3,3,0.91549295,0.91549295,0.8472222
O=C1Cc2c(ccc3c2OC[C@H](CNCC2CCc4[nH]c5ccc(F)cc5c4C2)O3)N1,test,train,train,3,3,0.89705884,0.89705884,0.89705884
O=C1Cc2c(ccc3c2OC[C@H](CNCCC2CCc4[nH]c5ccc(F)cc5c4C2)O3)N1,train,test,train,3,3,0.90140843,0.90140843,0.87323946
O=c1[nH]c2cccc(N3CCN(CC4CCc5c([nH]c6ccc(F)cc56)C4)CC3)c2o1,train,train,train,3,3,0.8333333,0.8730159,0.8730159
O=c1[nH]c2cccc(N3CCN(CCCC4CCc5c([nH]c6ccc(F)cc56)C4)CC3)c2o1,train,test,train,3,3,0.8333333,0.8333333,0.8333333
O=c1[nH]c2cccc(N3CCN(CC4CCc5[nH]c6ccc(F)cc6c5C4)CC3)c2o1,test,train,train,3,3,0.8730159,0.8730159,0.8730159
O=c1[nH]c2cccc(OC3CCN(CC4CCc5[nH]c6ccc(F)cc6c5C4)CC3)c2o1,train,test,train,3,3,0.8235294,0.8507463,0.8507463
O=c1[nH]c2cccc(OC3CCN(CCC4CCc5[nH]c6ccc(F)cc6c5C4)CC3)c2o1,test,train,train,3,3,0.8507463,0.7027027,0.8507463
O=c1[nH]c2cccc(OCC3CCN(CC4CCc5[nH]c6ccc(F)cc6c5C4)CC3)c2o1,train,train,train,3,3,0.85507244,0.74285716,0.85507244
O=c1[nH]c2cccc(OCC3CCN(CCC4CCc5[nH]c6ccc(F)cc6c5C4)CC3)c2o1,train,test,train,3,3,0.85507244,0.85507244,0.85507244
O=c1[nH]c2cccc(CN3CCN(CC4CCc5[nH]c6ccc(F)cc6c5C4)CC3)c2o1,test,train,train,3,3,0.7536232,0.8030303,0.8030303
O=C1Cc2c(cccc2N2CCN(CC3CCc4[nH]c5ccc(F)cc5c4C3)CC2)N1,train,test,train,3,3,0.60273975,0.84375,0.84375
O=C1Cc2c(cccc2N2CCN(CCC3CCc4[nH]c5ccc(F)cc5c4C3)CC2)N1,test,train,train,3,3,0.84375,0.58666664,0.84375
O=c1[nH]c2cccc(N3C[C@H]4C[C@@H]3CN4CC3CCc4[nH]c5ccc(F)cc5c4C3)c2o1,train,train,train,3,3,0.6315789,0.69863015,0.69863015
CN(C)CCC[C@@]1(c2ccc(F)cc2)OCc2cc(C#N)ccc21,train,train,train,4,4,0.6666667,0.6666667,0.6333333
CC(NC1CCC1)C(=O)c1cccc(Cl)c1,train,train,train,4,4,0.8918919,0.8918919,0.8918919
CC(C)(C)NC(CCC1CCCCC1)C(=O)c1cccc(Cl)c1,test,test,train,4,4,0.6122449,0.6122449,0.6122449
CC(C)CC(NC(C)(C)C)C(=O)c1cccc(Cl)c1,train,train,train,4,4,0.5,0.5,0.6122449
CC(C(=O)c1cccc(Cl)c1)N1CCCCC1,train,train,train,3,3,0.5217391,0.5217391,0.5217391
CC(NC(C)(C)C)C(=O)c1ccc(Br)cc1,test,test,train,4,4,0.6486486,0.6486486,0.6486486
CC(NC(C)(C)C)C(O)c1ccccc1,train,train,train,4,4,0.3809524,0.3809524,0.3809524
CC(NC1CC1)C(=O)c1cccc(Cl)c1,train,train,train,4,4,0.8918919,0.8918919,0.8918919
COC(=O)[C@@H]1C2CCC(C[C@@H]1c1ccc(-c3ccsc3)cc1)N2C,train,train,train,2,2,0.7818182,0.7818182,0.7818182
CN1C2CCC1[C@@H](C(=O)OCc1cn(CCCCCCOC(=O)[C@H]3C4CCC(C[C@@H]3c3ccc(Cl)cc3)N4C)nn1)[C@@H](c1ccc(Cl)cc1)C2,train,test,test,2,2,0.90163934,1.0,1.0
CN1C2CCC1[C@@H](C(=O)OCc1cn(CCCCCCCOC(=O)[C@H]3C4CCC(C[C@@H]3c3ccc(Cl)cc3)N4C)nn1)[C@@H](c1ccc(Cl)cc1)C2,test,train,train,2,2,1.0,0.90163934,0.90163934
CN1C2CCC1[C@@H](C(=O)OCCCCCn1ccnn1)[C@@H](c1ccc(Cl)cc1)C2,train,train,train,2,2,0.7164179,0.7164179,0.7164179
CN1C2CCC1[C@@H](C(=O)OCc1cn(CCOC(=O)[C@H]3C4CCC(C[C@@H]3c3ccc(Cl)cc3)N4C)nn1)[C@@H](c1ccc(Cl)cc1)C2,train,train,train,2,2,0.90163934,0.90163934,0.90163934
CN1C2CCC1[C@@H](C(=O)NCc1ccc(CCNC(=O)[C@H]3C4CCC(C[C@@H]3c3ccc(-c5ccsc5)cc3)N4C)cc1)[C@@H](c1ccc(-c3ccsc3)cc1)C2,train,train,train,2,2,0.8947368,0.8947368,0.8947368
CN1C2CCC1[C@@H](C(=O)NCc1ccc(CCNC(=O)[C@H]3C4CCC(C[C@@H]3c3ccc(Cl)cc3)N4C)cc1)[C@@H](c1ccc(Cl)cc1)C2,train,train,test,2,2,0.83928573,0.78571427,0.83928573
CN1C2CCC1[C@@H](C(=O)NCc1ccc(CNC(=O)[C@H]3C4CCC(C[C@@H]3c3ccc(-c5ccsc5)cc3)N4C)cc1)[C@@H](c1ccc(-c3ccsc3)cc1)C2,train,train,train,2,2,0.8947368,0.8947368,0.8947368
CN1C2CCC1[C@@H](C(=O)NCCCCCCCCCCNC(=O)[C@H]1C3CCC(C[C@@H]1c1ccc(-c4ccsc4)cc1)N3C)[C@@H](c1ccc(-c3ccsc3)cc1)C2,train,test,train,2,2,1.0,1.0,0.80701756
CN1C2CCC1[C@@H](C(=O)Nc1ccc(NC(=O)[C@H]3C4CCC(C[C@@H]3c3ccc(-c5ccsc5)cc3)N4C)cc1)[C@@H](c1ccc(-c3ccsc3)cc1)C2,test,train,train,2,2,0.8596491,0.8596491,0.8596491
CN1C2CCC1[C@@H](C(=O)Nc1ccc(CCNC(=O)[C@H]3C4CCC(C[C@@H]3c3ccc(-c5ccsc5)cc3)N4C)cc1)[C@@H](c1ccc(-c3ccsc3)cc1)C2,train,train,test,2,2,0.85714287,0.85714287,0.85714287
CN1C2CCC1[C@@H](C(=O)NCCCCCCCCNC(=O)[C@H]1C3CCC(C[C@@H]1c1ccc(-c4ccsc4)cc1)N3C)[C@@H](c1ccc(-c3ccsc3)cc1)C2,train,train,test,2,2,1.0,0.80701756,1.0
CN1C2CCC1[C@@H](C(=O)Nc1ccc(CNC(=O)[C@H]3C4CCC(C[C@@H]3c3ccc(-c5ccsc5)cc3)N4C)cc1)[C@@H](c1ccc(-c3ccsc3)cc1)C2,train,train,train,2,2,0.8947368,0.8947368,0.8947368
CN1C2CCC1[C@@H](C(=O)N[C@H]1CC[C@H](NC(=O)[C@H]3C4CCC(C[C@@H]3c3ccc(-c5ccsc5)cc3)N4C)CC1)[C@@H](c1ccc(-c3ccsc3)cc1)C2,train,train,train,2,2,0.75438595,0.7818182,0.7818182
CN1C2CCC1[C@@H](C(=O)NCc1cccc(CNC(=O)[C@H]3C4CCC(C[C@@H]3c3ccc(-c5ccsc5)cc3)N4C)c1)[C@@H](c1ccc(-c3ccsc3)cc1)C2,train,train,train,2,2,0.8596491,0.8596491,0.8596491
CN1C2CCC1[C@@H](C(=O)Nc1ccc(CNC(=O)[C@H]3C4CCC(C[C@@H]3c3ccc(Cl)cc3)N4C)cc1)[C@@H](c1ccc(Cl)cc1)C2,train,train,train,2,2,0.84,0.84,0.84
CN1C2CCC1[C@@H](C(=O)NCCCCCCNC(=O)[C@H]1C3CCC(C[C@@H]1c1ccc(-c4ccsc4)cc1)N3C)[C@@H](c1ccc(-c3ccsc3)cc1)C2,test,test,test,2,2,1.0,1.0,1.0
CN1C2CCC1[C@@H](C(=O)NCCC1CCN(C(=O)[C@H]3C4CCC(C[C@@H]3c3ccc(Cl)cc3)N4C)CC1)[C@@H](c1ccc(Cl)cc1)C2,test,train,train,2,2,0.73214287,0.73214287,0.73214287
CN1C2CCC1[C@@H](C(=O)Nc1ccc(CCNC(=O)[C@H]3C4CCC(C[C@@H]3c3ccc(Cl)cc3)N4C)cc1)[C@@H](c1ccc(Cl)cc1)C2,train,test,train,2,2,0.83928573,0.83928573,0.83928573
CN1C2CCC1[C@@H](C(=O)Nc1ccc(NC(=O)[C@H]3C4CCC(C[C@@H]3c3ccc(Cl)cc3)N4C)cc1)[C@@H](c1ccc(Cl)cc1)C2,train,train,train,2,2,0.84,0.84,0.84
CN1C2CCC1[C@@H](C(=O)N[C@H]1CC[C@H](NC(=O)[C@H]3C4CCC(C[C@@H]3c3ccc(Cl)cc3)N4C)CC1)[C@@H](c1ccc(Cl)cc1)C2,test,test,train,2,2,0.75,0.75,0.75
COc1cc2c3c(c1OC)-c1cc4c(cc1CC3N(C)CC2)OCO4,train,train,train,3,3,0.3148148,0.3148148,0.3148148
O=C1NCCc2cc(F)c3c(c21)CC(NCCCc1c[nH]c2ccc(F)cc12)CO3,train,test,train,3,3,0.7887324,0.7887324,0.7887324
CCN(CCCc1c[nH]c2ccc(F)cc12)C1COc2c(F)cc3c(c2C1)C(=O)NCC3,test,train,train,3,3,0.8108108,0.8108108,0.8108108
O=C1NCCc2cc(F)c3c(c21)CC(N(CCCc1c[nH]c2ccc(F)cc12)CC1CC1)CO3,test,test,test,3,3,0.81578946,0.84,0.84
O=C1NCCc2ccc3c(c21)CC(NCCCc1c[nH]c2ccc(F)cc12)CO3,train,train,train,3,3,0.8507463,0.8507463,0.8507463
CN(CCCc1c[nH]c2ccc(F)cc12)C1COc2ccc3c(c2C1)C(=O)NCC3,test,train,train,3,3,0.85507244,0.85507244,0.85507244
CCN(CCCc1c[nH]c2ccc(F)cc12)C1COc2ccc3c(c2C1)C(=O)NCC3,train,train,train,3,3,0.9,0.9,0.9
CCCN(CCCc1c[nH]c2ccc(F)cc12)C1COc2ccc3c(c2C1)C(=O)NCC3,train,train,train,3,3,0.9,0.9,0.9
CC(C)N(CCCc1c[nH]c2ccc(F)cc12)C1COc2ccc3c(c2C1)C(=O)NCC3,train,train,train,3,3,0.8082192,0.85507244,0.85507244
O=C1NCCc2ccc3c(c21)CC(N(CCCc1c[nH]c2ccc(F)cc12)CC1CC1)CO3,train,test,test,3,3,0.8611111,0.8356164,0.8356164
CC(C)CN(CCCc1c[nH]c2ccc(F)cc12)C1COc2ccc3c(c2C1)C(=O)NCC3,test,train,train,3,3,0.8611111,0.8611111,0.8611111
O=C1NCCc2ccc3c(c21)CC(N(CCCc1c[nH]c2ccc(F)cc12)C1CCC1)CO3,train,test,test,3,3,0.7866667,0.85714287,0.85714287
O=C1NCCc2ccc3c(c21)CC(N(CCCc1c[nH]c2ccc(F)cc12)CCC(F)(F)F)CO3,train,train,train,3,3,0.84931505,0.84931505,0.84931505
O=C1NCCc2ccc3c(c21)CC(N(CCCc1c[nH]c2ccc(F)cc12)C(=O)c1ccccc1)CO3,test,test,test,3,3,0.8666667,0.7733333,0.8666667
O=C1NCc2ccc3c(c21)CC(NCCCc1c[nH]c2ccc(F)cc12)CO3,train,train,train,3,3,0.95238096,0.95238096,0.8507463
CN(CCCc1c[nH]c2ccc(F)cc12)C1COc2ccc3c(c2C1)C(=O)NC3,test,train,train,3,3,0.8507463,0.8507463,0.8507463
CCN(CCCc1c[nH]c2ccc(F)cc12)C1COc2ccc3c(c2C1)C(=O)NC3,train,train,train,3,3,0.85714287,0.85714287,0.85714287
O=C1NCc2ccc3c(c21)CC(N(CCCc1c[nH]c2ccc(F)cc12)CC1CC1)CO3,train,test,test,3,3,0.9285714,0.9285714,0.9558824
O=C1NCc2ccc3c(c21)CC(N(CCCc1c[nH]c2ccc(F)cc12)C1CCC1)CO3,test,train,train,3,3,0.85714287,0.8235294,0.8235294
CC(C)CN(CCCc1c[nH]c2ccc(F)cc12)C1COc2ccc3c(c2C1)C(=O)NC3,train,train,train,3,3,0.85714287,0.8611111,0.8611111
O=C1NCc2ccc3c(c21)CC(N(CCCc1c[nH]c2ccc(F)cc12)CC1CCCCC1)CO3,train,train,train,3,3,0.9285714,0.7972973,0.8888889
O=C1NCc2ccc3c(c21)CC(N(CCCc1c[nH]c2ccc(F)cc12)C(=O)c1ccccc1)CO3,train,test,train,3,3,0.72727275,0.7671233,0.7671233
N#Cc1ccc2[nH]cc(CCCNC3COc4ccc5c(c4C3)C(=O)NC5)c2c1,train,train,train,3,3,0.78571427,0.78571427,0.78571427
N#Cc1ccc2[nH]cc(CCCCN(CC3CC3)C3COc4ccc5c(c4C3)C(=O)NC5)c2c1,train,train,test,3,3,0.76623374,0.7160494,0.80263156
O=C1NCc2ccc3c(c21)CC(NCCCCc1c[nH]c2ccc(F)cc12)CO3,train,train,test,3,3,0.95238096,0.95238096,0.95238096
O=C1NCc2ccc3c(c21)CC(N(CCCCc1c[nH]c2ccc(F)cc12)CC1CC1)CO3,test,test,train,3,3,0.9558824,0.8888889,0.8888889
Fc1ccccc1Oc1cccc(F)c1C1CCNCC1,test,test,train,4,4,0.7837838,0.7837838,0.68292683
c1ccc(Oc2ncccc2C2CCNCC2)cc1,train,train,train,4,4,0.6904762,0.6904762,0.6904762
Fc1ccccc1Oc1ncccc1C1CCNCC1,train,train,test,4,4,0.81395346,0.81395346,0.81395346
Clc1ccccc1Oc1ncccc1C1CCNCC1,train,train,train,4,4,0.81395346,0.81395346,0.81395346
COc1ccccc1Oc1ncccc1C1CCNCC1,train,train,train,4,4,0.7619048,0.7619048,0.7619048
Cc1ccccc1Oc1ncccc1C1CCNCC1,train,train,train,4,4,0.7619048,0.7619048,0.7619048
FC(F)(F)c1ccccc1Oc1ncccc1C1CCNCC1,train,train,train,4,4,0.7173913,0.7173913,0.6956522
Clc1cccc(Oc2ncccc2C2CCNCC2)c1Cl,train,train,train,1,1,0.81395346,0.81395346,0.81395346
Fc1cccc(Oc2ncccc2C2CCNCC2)c1F,train,train,train,4,4,0.81395346,0.81395346,0.75
Cc1ccc(Oc2ncccc2C2CCNCC2)c(F)c1,train,train,train,4,4,0.73913044,0.73913044,0.8043478
Clc1ccc(Oc2ncccc2C2CCNCC2)c(Cl)c1,train,train,train,1,1,0.75555557,0.75555557,0.75555557
Fc1ccc(Oc2ncccc2C2CCNCC2)c(F)c1,test,test,train,4,4,0.8043478,0.8043478,0.8043478
Fc1ccc(Cl)c(Oc2ncccc2C2CCNCC2)c1,train,train,test,1,1,0.76086956,0.76086956,0.76086956
COc1cccc(F)c1Oc1ncccc1C1CCNCC1,train,train,train,4,4,0.75,0.75,0.8
Fc1cccc(Cl)c1Oc1ncccc1C1CCNCC1,train,train,train,1,1,0.72,0.72,0.8372093
Fc1cccc(F)c1Oc1ncccc1C1CCNCC1,test,test,train,4,4,0.8372093,0.8372093,0.8372093
Cc1cccc(F)c1Oc1ncccc1C1CCNCC1,test,test,train,4,4,0.75510204,0.75510204,0.8372093
Clc1ccc([C@]2(CCOC3CCC3)[C@H]3CNC[C@H]32)cc1Cl,train,train,train,1,1,0.77272725,0.77272725,0.77272725
CCC(C)OCC[C@@]1(c2ccc(Cl)c(Cl)c2)[C@H]2CNC[C@H]21,test,test,test,1,1,0.8,0.8,0.7826087
CC(C)OCC[C@@]1(c2ccc(Cl)c(Cl)c2)[C@H]2CNC[C@H]21,train,train,test,1,1,0.6458333,0.6458333,0.7111111
CCOCC[C@@]1(c2ccc(Cl)c(Cl)c2)[C@H]2CNC[C@H]21,test,test,train,1,1,0.7111111,0.7111111,0.65957445
CCC(C)OC[C@@]1(c2ccc(Cl)c(Cl)c2)[C@H]2CNC[C@H]21,train,train,train,1,1,0.6458333,0.6458333,0.59183675
FC(F)(F)COC[C@@]1(c2ccc(Cl)c(Cl)c2)[C@H]2CNC[C@H]21,test,test,train,1,1,0.62,0.62,0.62
Clc1ccc([C@]2(COC3CCC3)[C@H]3CNC[C@H]32)cc1Cl,train,train,train,1,1,0.77272725,0.77272725,0.77272725
Clc1ccc([C@]2(COCC3CC3)[C@H]3CNC[C@H]32)cc1Cl,test,test,test,1,1,0.65217394,0.65217394,0.67391306
Cc1coc([C@H]2[C@@H]3CNC[C@@]32c2ccc(Cl)c(Cl)c2)n1,train,train,train,1,1,0.65384614,0.65384614,0.5192308
Cc1cnc([C@H]2[C@@H]3CNC[C@@]32c2ccc(Cl)c(Cl)c2)o1,train,train,test,1,1,0.65384614,0.65384614,0.65384614
CCOCC[C@H]1[C@@H]2CNC[C@]12c1ccc(Cl)c(Cl)c1,train,train,train,1,1,0.7826087,0.7826087,0.7826087
OCC[C@H]1[C@@H]2CNC[C@]12c1ccc(Cl)c(Cl)c1,train,train,train,1,1,0.7804878,0.7804878,0.7804878
CCC[C@H]1[C@@H]2CNC[C@]12c1ccc(Cl)c(Cl)c1,train,train,train,1,1,0.7804878,0.7804878,0.7804878
CN(C)C[C@H]1[C@@H]2CNC[C@@]21c1ccc(Cl)c(Cl)c1,train,train,train,1,1,0.7209302,0.7209302,0.7209302
Fc1ccc(OC[C@H]2[C@@H]3CNC[C@@]32c2ccc(Cl)c(Cl)c2)cc1,train,train,train,1,1,0.6666667,0.6666667,0.6938776
Clc1ccc([C@]23CNC[C@H]2[C@@H]3COC2CCCCC2)cc1Cl,test,test,train,1,1,0.66,0.66,0.66
CC(C)OC[C@@H]1[C@H]2CNC[C@]21c1ccc(Cl)c(Cl)c1,test,test,train,1,1,0.73913044,0.73913044,0.73913044
FC(F)(F)COC[C@@H]1[C@H]2CNC[C@]21c1ccc(Cl)c(Cl)c1,train,train,train,1,1,0.7446808,0.7446808,0.7446808
CCOC[C@H]1[C@@H]2CN(C)C[C@]12c1ccc(Cl)c(Cl)c1,train,train,train,1,1,0.62,0.62,0.62
CCOC[C@H]1[C@@H]2CNC[C@@]21C,train,train,test,1,1,0.4888889,0.4888889,0.4888889
CCOC[C@H]1[C@@H]2CNC[C@@]21c1ccc(Cl)c(Cl)c1,train,train,train,1,1,0.7826087,0.7826087,0.7826087
Cc1ccc(Sc2cc(F)ccc2CN(C)C)c(N)c1,train,train,train,4,4,0.6904762,0.6904762,0.6904762
Cc1ccc(Oc2cc(F)ccc2CN(C)C)c(N)c1,train,test,train,4,4,0.84615386,0.84615386,0.84615386
Cc1ccc(Oc2ccc(F)cc2CN(C)C)c(N)c1,train,train,train,4,4,0.84615386,0.7692308,0.84615386
Cc1ccc(Oc2cc(OCCF)ccc2CN(C)C)c(N)c1,test,train,test,4,4,0.90909094,0.90909094,0.8913044
Cc1ccc(Oc2ccc(OCCF)cc2CN(C)C)c(N)c1,train,train,test,4,4,0.8863636,0.90909094,0.8863636
Cc1ccc(Oc2cc(OCCCF)ccc2CN(C)C)c(N)c1,train,test,train,4,4,0.9111111,0.9111111,0.9111111
Cc1ccc(Oc2ccc(OCCCF)cc2CN(C)C)c(N)c1,train,train,train,4,4,0.9111111,0.8863636,0.9318182
Cc1ccc(Oc2ccc(OCCCCF)cc2CN(C)C)c(N)c1,test,test,train,4,4,0.9318182,0.9318182,0.9318182
O=S1(=O)N(CCN2CC=C(c3c[nH]c4cc(F)ccc34)CC2)c2cccc3c2N1CCC3,train,train,train,3,3,0.4814815,0.4814815,0.4814815
Fc1ccc(OC[C@@H]2CNCCO2)c2c1CCC2,train,train,train,4,4,0.34375,0.34375,0.34375
CSc1ccc(CC(C)N)cc1,train,train,test,4,4,0.5555556,0.5555556,0.5555556
CC(C)C(=O)N(Cc1cccc(Cl)c1Cl)[C@H]1CCNC1,train,train,train,4,4,0.71428573,0.71428573,0.68
CCN(C(=O)c1cccc(Cl)c1Cl)[C@H]1CCNC1,train,train,train,4,4,0.82608694,0.82608694,0.82608694
CCCN(C(=O)c1cccc(Cl)c1Cl)[C@H]1CCNC1,train,train,train,4,4,0.82608694,0.82608694,0.82608694
O=C(c1cccc(Cl)c1Cl)N(CC(F)(F)F)[C@H]1CCNC1,train,train,train,4,4,0.79591835,0.79591835,0.79591835
O=C(c1cccc(Cl)c1Cl)N(CCC1CC1)[C@H]1CCNC1,train,train,train,4,4,0.7755102,0.7755102,0.7755102
CC(C)(C)CN(C(=O)c1cccc(Cl)c1Cl)[C@H]1CCNC1,train,train,train,1,1,0.79591835,0.79591835,0.79591835
O=C(c1cccc(Cl)c1Cl)N(C1CCCC1)[C@H]1CCNC1,test,test,test,1,1,0.70212764,0.70212764,0.70212764
CCC(CC)N(C(=O)c1cccc(Cl)c1Cl)[C@H]1CCNC1,train,train,train,4,4,0.7,0.7,0.7
O=C(c1cccc(Cl)c1Cl)N(C1=CCOC=C1)[C@H]1CCNC1,train,train,train,1,1,0.6363636,0.6363636,0.6363636
O=C(c1cccc(Cl)c1Cl)N(c1ccccc1)[C@H]1CCNC1,train,train,train,4,4,0.6530612,0.6530612,0.6530612
CC(C)CN(C(=O)c1ccc(Cl)cc1Cl)[C@H]1CCNC1,train,train,train,1,1,0.6923077,0.6923077,0.85106385
CC(C)CN(C(=O)c1cc(Cl)ccc1Cl)[C@H]1CCNC1,test,test,train,1,1,0.85106385,0.85106385,0.85106385
CC(C)CN(C(=O)c1cc(Cl)cc(Cl)c1)[C@H]1CCNC1,train,train,train,1,1,0.78723407,0.78723407,0.7291667
CC(C)CN(C(=O)c1ccc(Cl)c(Cl)c1)[C@H]1CCNC1,train,train,train,1,1,0.74,0.74,0.7291667
CC(C)CN(C(=O)c1cccc(Cl)c1)[C@H]1CCNC1,train,train,test,4,4,0.78723407,0.78723407,0.78723407
CC(C)CN(C(=O)c1cccc(C(F)(F)F)c1Cl)[C@H]1CCNC1,train,train,train,4,4,0.7735849,0.7735849,0.7735849
Cc1c(Cl)cccc1C(=O)N(CC(C)C)[C@H]1CCNC1,train,train,train,4,4,0.7647059,0.7647059,0.7169811
Cc1c(F)cccc1C(=O)N(CC(C)C)[C@H]1CCNC1,train,train,test,4,4,0.78431374,0.78431374,0.78431374
CC(C)CN(C(=O)c1cccc(F)c1Cl)[C@H]1CCNC1,train,train,train,4,4,0.78431374,0.78431374,0.7735849
CC(C)CN(C(=O)c1cccc(Cl)c1F)[C@H]1CCNC1,test,test,test,4,4,0.78431374,0.78431374,0.78431374
CC(C)CN(C(=O)c1cccc(F)c1C(F)(F)F)[C@H]1CCNC1,test,test,test,4,4,0.7692308,0.7692308,0.754717
CC(C)CN(C(=O)c1ccc(F)cc1Cl)[C@H]1CCNC1,test,test,train,4,4,0.8,0.8,0.8
CC(C)CN(C(=O)c1ccccc1C(C)C)[C@H]1CCNC1,train,train,train,4,4,0.7659575,0.7659575,0.7659575
CS(=O)(=O)Nc1cc(OCCN2CC3CCC(C2)C3Cc2ccc3c(c2)NC(=O)CC3)ccc1F,train,train,train,3,3,0.7638889,0.7638889,0.8028169
CS(=O)(=O)Nc1cccc(OCCN2CC3CCC(C2)C3Cc2ccc3c(c2)NC(=O)CC3)c1,train,train,train,3,3,0.7638889,0.7638889,0.7941176
O=C1CCc2ccc(CC3C4CCC3CN(C[C@@H]3COc5c(ccc6c5CC(=O)N6)O3)C4)cc2N1,train,train,train,3,3,0.76811594,0.76811594,0.76811594
O=C1CCc2ccc(CC3CC4CCC(C3)N4C[C@@H]3COc4c(ccc5c4CC(=O)N5)O3)cc2N1,train,train,test,3,3,0.7794118,0.7794118,0.7794118
CS(=O)(=O)Nc1cc(OCCN2CCC(Oc3ccc4c(c3)NC(=O)CC4)CC2)ccc1F,train,test,train,3,3,0.7162162,0.7162162,0.78571427
CS(=O)(=O)Nc1cccc(OCCN2CCC(Oc3ccc4c(c3)NC(=O)CC4)CC2)c1,test,test,test,3,3,0.76811594,0.6944444,0.76811594
O=C1CCc2ccc(OC3CCN(C[C@@H]4COc5c(ccc6c5CC(=O)N6)O4)CC3)cc2N1,test,train,train,3,3,0.7285714,0.7285714,0.7285714
CS(=O)(=O)Nc1cc(OCCN2CCC(Cc3ccc4c(c3)NC(=O)CC4)CC2)ccc1F,test,test,train,3,3,0.8028169,0.8028169,0.8028169
CS(=O)(=O)Nc1cccc(OCCN2CCC(Cc3ccc4c(c3)NC(=O)CC4)CC2)c1,test,test,train,3,3,0.7941176,0.7941176,0.7941176
O=C1CCc2ccc(CC3CCN(C[C@@H]4COc5c(ccc6c5CC(=O)N6)O4)CC3)cc2N1,train,train,train,3,3,0.7794118,0.7794118,0.76811594
O=C1CCc2ccc(OCCCCN3CCN(c4cccc5[nH]c(=O)oc45)CC3)cc2N1,test,test,train,3,3,0.9166667,0.95,0.45783132
O=C1CCc2ccc(OCCCN3CCN(c4cccc5[nH]c(=O)oc45)CC3)cc2N1,test,train,test,3,3,0.9322034,0.9322034,0.95
O=C1CCc2ccc(OCCN3CCN(c4cccc5[nH]c(=O)oc45)CC3)cc2N1,train,train,test,3,3,0.45679012,0.9322034,0.9166667
CCOc1ccccc1C[C@H](c1ccccc1)N1CCNCC1,train,train,train,4,4,0.8181818,0.8181818,0.8181818
Oc1ccccc1C[C@H](c1ccccc1)N1CCNCC1,train,train,train,4,4,0.6363636,0.6666667,0.6666667
COc1ccccc1CC(c1ccccc1)N1CCNCC1,test,train,train,4,4,0.85365856,0.85365856,0.85365856
CCCOc1ccccc1CC(c1ccccc1)N1CCNCC1,train,train,train,4,4,0.8181818,0.8181818,0.8181818
CC(C)Oc1ccccc1CC(c1ccccc1)N1CCNCC1,train,train,train,4,4,0.77272725,0.77272725,0.77272725
c1ccc(C(Cc2ccccc2OC2CC2)N2CCNCC2)cc1,train,train,test,4,4,0.7173913,0.7173913,0.7173913
c1ccc(C(Cc2ccccc2OCC2CC2)N2CCNCC2)cc1,train,train,train,4,4,0.76086956,0.76086956,0.76086956
c1ccc(C(Cc2cccc3c2OCC3)N2CCNCC2)cc1,test,test,test,4,4,0.59574467,0.59574467,0.59574467
FC(F)Oc1ccccc1CC(c1ccccc1)N1CCNCC1,train,train,train,4,4,0.77272725,0.77272725,0.88095236
FC(F)(F)Oc1ccccc1CC(c1ccccc1)N1CCNCC1,test,test,train,4,4,0.88372093,0.88372093,0.88372093
COc1c(F)cccc1CC(c1ccccc1)N1CCNCC1,train,train,train,4,4,0.68,0.68085104,0.68085104
COc1cccc(F)c1CC(c1ccccc1)N1CCNCC1,train,train,test,4,4,0.7708333,0.7708333,0.7708333
Fc1cccc(OC(F)F)c1CC(c1ccccc1)N1CCNCC1,train,train,train,4,4,0.7708333,0.7708333,0.7083333
COc1ccccc1CC(c1ccccc1F)N1CCNCC1,train,train,train,4,4,0.7659575,0.7659575,0.7659575
COc1ccccc1CC(c1cccc(F)c1)N1CCNCC1,train,train,train,4,4,0.8043478,0.8043478,0.8043478
COc1ccccc1CC(c1ccc(F)cc1)N1CCNCC1,train,train,train,4,4,0.8043478,0.85365856,0.85365856
Fc1ccccc1C(Cc1ccccc1OC(F)F)N1CCNCC1,train,train,train,4,4,0.7659575,0.7659575,0.7659575
Fc1cccc(C(Cc2ccccc2OC(F)F)N2CCNCC2)c1,test,test,train,4,4,0.78723407,0.78723407,0.80851066
Fc1ccc(C(Cc2ccccc2OC(F)F)N2CCNCC2)cc1,test,test,train,4,4,0.88095236,0.88095236,0.88095236
Fc1ccccc1C(Cc1ccccc1OC(F)(F)F)N1CCNCC1,train,train,train,4,4,0.7659575,0.7659575,0.7659575
Fc1cccc(C(Cc2ccccc2OC(F)(F)F)N2CCNCC2)c1,train,train,test,4,4,0.8125,0.8125,0.8125
Fc1ccc(C(Cc2ccccc2OC(F)(F)F)N2CCNCC2)cc1,train,train,train,4,4,0.8125,0.8125,0.88372093
COCCC1CNCCN1c1ccc2[nH]ncc2c1,train,train,train,3,3,0.7037037,0.7037037,0.8
CCOCC1CNCCN1c1ccc2[nH]ncc2c1,train,train,train,1,1,0.7037037,0.7037037,0.8
COCC1CNCCN1c1ccc2[nH]ncc2c1,test,test,train,1,1,0.8,0.8,0.8
c1cc2[nH]ncc2cc1N1CCNCC1CC1CCCCC1,train,train,train,1,1,0.6666667,0.6666667,0.6666667
CC(C)CC1CNCCN1c1ccc2[nH]ncc2c1,train,train,train,1,1,0.6981132,0.6981132,0.7254902
CCCCC1CNCCN1c1ccc2[nH]ncc2c1,test,test,train,1,1,0.75,0.75,0.75
c1ccc(CCC2CNCCN2c2ccc3[nH]ncc3c2)cc1,train,train,test,4,4,0.8039216,0.8039216,0.8039216
c1ccc(C2CNCCN2c2ccc3[nH]ncc3c2)cc1,train,train,train,4,4,0.6730769,0.6730769,0.6730769
c1ccc(CC2CNCCN2c2ccc3[nH]ncc3c2)cc1,train,train,train,4,4,0.8039216,0.8039216,0.6923077
c1ccc(CC2CNCCN2c2cnc3[nH]ccc3c2)cc1,train,train,train,4,4,0.6792453,0.6792453,0.6792453
Fc1cc(N2CCNCC2Cc2ccccc2)cc2cc[nH]c12,train,train,train,4,4,0.7692308,0.7692308,0.7692308
Clc1cc(N2CCNCC2Cc2ccccc2)cc2cc[nH]c12,train,train,train,1,1,0.7692308,0.7692308,0.7692308
COc1cc(N2CCNCC2Cc2ccccc2)cc2cc[nH]c12,train,train,train,4,4,0.7407407,0.7407407,0.7407407
NC(=O)c1cc2cc(N3CCNCC3Cc3ccccc3)ccc2[nH]1,test,test,train,4,4,0.6666667,0.6666667,0.6666667
NC(=O)c1c[nH]c2ccc(N3CCNCC3Cc3ccccc3)cc12,train,train,train,3,3,0.59322035,0.59322035,0.6666667
Cn1ccc2cc(N3CCNCC3Cc3ccccc3)ccc21,train,train,train,4,4,0.6296296,0.6296296,0.6296296
Clc1ccc(N2CCNCC2Cc2ccccc2)cc1Cl,train,train,train,1,1,0.70731705,0.70731705,0.70731705
CNc1ccc(N2CCNCC2Cc2ccccc2)cc1,test,test,train,4,4,0.75,0.75,0.75
c1ccc(CC2CNCCN2c2ccccc2)cc1,train,train,train,4,4,0.70731705,0.70731705,0.75
c1ccc(CC2CNCCN2c2ccc3[nH]ccc3c2)cc1,train,train,train,4,4,0.6923077,0.6923077,0.6923077
COC[C@@]12CNCC[C@]1(c1ccc(Cl)c(Cl)c1)C2,train,train,train,1,1,0.8181818,0.8181818,0.7777778
COC[C@@]12CN(C(C)C)CC[C@]1(c1ccc(Cl)c(Cl)c1)C2,train,train,test,1,1,0.7291667,0.7291667,0.5769231
COC[C@@]12CN(C)CC[C@]1(c1ccc(Cl)c(Cl)c1)C2,train,train,test,1,1,0.7291667,0.7291667,0.6122449
C=CCC(OC)[C@]12CNCC[C@]1(c1ccc(Cl)c(Cl)c1)C2,train,train,train,1,1,0.54545456,0.54545456,0.54545456
COC[C@@]12CN[C@@H](C)C[C@]1(c1ccc(Cl)c(Cl)c1)C2,test,test,train,1,1,0.63265306,0.63265306,0.63265306
CC(=O)[C@@]12CNCC[C@]1(c1ccc(Cl)c(Cl)c1)C2,train,train,train,1,1,0.78571427,0.78571427,0.6938776
CC#CNC(=O)[C@@]12CNCC[C@]1(c1ccc(Cl)c(Cl)c1)C2,train,train,train,1,1,0.6938776,0.6938776,0.6938776
NC(=O)[C@@]12CNCC[C@]1(c1ccc(Cl)c(Cl)c1)C2,train,train,test,1,1,0.78571427,0.78571427,0.78571427
CCOC(=O)[C@@]12CNCC[C@]1(c1ccc(Cl)c(Cl)c1)C2,train,train,test,1,1,0.7234042,0.7234042,0.7234042
Clc1ccc([C@]23CCNC[C@@]2(COCC2CC2)C3)cc1Cl,train,train,train,1,1,0.7346939,0.7346939,0.7346939
FC(F)(F)COC[C@@]12CNCC[C@]1(c1ccc(Cl)c(Cl)c1)C2,train,train,train,1,1,0.7346939,0.7346939,0.7346939
CCOC[C@@]12CNCC[C@]1(c1ccc(Cl)c(Cl)c1)C2,train,train,train,1,1,0.7777778,0.7777778,0.7777778
COC[C@@]12CNCC[C@]1(c1ccc3ccccc3c1)C2,test,test,train,1,1,0.68085104,0.68085104,0.68085104
COC[C@@]12CNCC[C@]1(c1ccc(C(F)(F)F)c(Cl)c1)C2,train,train,train,1,1,0.8541667,0.8541667,0.8541667
COC[C@@]12CNCC[C@]1(c1ccc(Cl)c(C(F)(F)F)c1)C2,train,train,train,1,1,0.8541667,0.8541667,0.8541667
COC[C@@]12CNCC[C@]1(c1ccc(F)c(Cl)c1)C2,train,train,test,1,1,0.8181818,0.8181818,0.8181818
COC[C@@]12CNCC[C@]1(c1ccc(OC(F)(F)F)cc1)C2,train,train,train,1,1,0.6888889,0.6888889,0.6888889
COC[C@@]12CNCC[C@]1(c1ccc(Cl)cc1)C2,train,train,train,1,1,0.76744187,0.76744187,0.7619048
COC[C@@H]1[C@@H]2CCNC[C@@]21c1ccc(Cl)c(Cl)c1,train,train,train,1,1,0.6,0.6,0.6
Clc1ccc([C@@H]2CCNC[C@@]23CCCOC3)cc1Cl,train,train,train,1,1,0.7619048,0.7619048,0.75609756
COC(=O)[C@@H]1C2CCC(C[C@@H]1c1ccc(F)cc1)N2C/C=C/CF,train,train,train,2,2,0.8333333,0.8490566,0.8490566
COC(=O)[C@@H]1C2CCC(C[C@@H]1c1ccc(Cl)cc1)N2C/C=C/CF,train,train,train,2,2,0.8333333,0.8333333,0.8333333
COC(=O)[C@@H]1C2CCC(C[C@@H]1c1ccc(Br)cc1)N2C/C=C/CF,train,train,train,2,2,0.8333333,0.8333333,0.8333333
COC(=O)[C@@H]1C2CCC(C[C@@H]1c1ccc(I)cc1)N2C/C=C/CF,train,train,test,2,2,0.8333333,0.8333333,0.8333333
COC(=O)[C@@H]1C2CCC(C[C@@H]1c1ccc(C)cc1)N2C/C=C/CF,test,train,train,2,2,0.8490566,0.8490566,0.8490566
O=C(c1ccc2[nH]ccc2c1)C1(Cc2ccccc2)CCNC1,train,train,train,1,1,0.8888889,0.8888889,0.8888889
O=C(c1cc(F)c2[nH]ccc2c1)C1(Cc2ccccc2)CCNC1,train,train,test,1,1,0.7,0.7,0.7
CCCC1(C(=O)c2cc(F)c3[nH]ccc3c2)CCNC1,train,train,test,1,1,0.8695652,0.8695652,0.7916667
CC(C)CC1(C(=O)c2cc(F)c3[nH]ccc3c2)CCNC1,train,train,train,1,1,0.79591835,0.79591835,0.7058824
CCOCC1(C(=O)c2cc(F)c3[nH]ccc3c2)CCNC1,train,train,train,1,1,0.75510204,0.75510204,0.7058824
CCCCC1(C(=O)c2cc(F)c3[nH]ccc3c2)CCNC1,train,train,test,1,1,0.8695652,0.8695652,0.76
CC(C)CCC1(C(=O)c2cc(F)c3[nH]ccc3c2)CCNC1,train,train,test,1,1,0.79591835,0.79591835,0.79591835
CC(C)(C)CCC1(C(=O)c2cc(F)c3[nH]ccc3c2)CCNC1,train,train,train,1,1,0.7916667,0.7916667,0.7058824
Cc1ccc(C(=O)C2(CCC(C)(C)C)CCNC2)cc1Cl,test,test,train,1,1,0.8181818,0.8181818,0.8181818
CC(C)(C)CCC1(C(=O)c2ccc(Cl)c(Cl)c2)CCNC1,train,train,train,1,1,0.8,0.8,0.8181818
CC(C)(C)CCC1(C(=O)c2cc(F)c(Cl)c(Cl)c2)CCNC1,train,train,train,1,1,0.7446808,0.7446808,0.7446808
CC(C)(C)CCC1(C(=O)c2cc(Cl)c(Cl)s2)CCNC1,test,test,train,1,1,0.66,0.66,0.66
CC(C)(C)CCC1(C(=O)c2ccc(Cl)c(Cl)n2)CCNC1,train,train,train,1,1,0.70212764,0.70212764,0.70212764
CC(C)(C)CCC1(C(=O)c2ccc(N)c(Cl)c2)CCNC1,train,train,train,1,1,0.8,0.8,0.8
CC(C)(C)CCC1(C(=O)c2cnc(N)c(Cl)c2)CCNC1,train,train,train,1,1,0.7291667,0.7291667,0.7291667
CC(C)(C)CCC1(C(=O)c2ccc3[nH]ncc3c2)CCNC1,test,test,train,1,1,0.6792453,0.6792453,0.6792453
CC(C)(C)CCC1(C(=O)c2cc3ccccc3s2)CCNC1,train,train,train,1,1,0.6037736,0.6037736,0.66
CC(C)(C)CCC1(C(=O)c2cc3ccccc3[nH]2)CCNC1,train,train,train,1,1,0.6037736,0.6037736,0.6037736
CC(C)(C)CCC1(C(=O)c2ccc3ccccc3n2)CCNC1,train,train,train,1,1,0.66,0.66,0.7254902
Cc1cccc2nc(C(=O)C3(CCC(C)(C)C)CCNC3)ccc12,test,test,train,1,1,0.7254902,0.7254902,0.7254902
CCCC1(C(=O)c2ccc3[nH]ccc3c2)CCCN1,train,train,test,1,1,0.7,0.7,0.7
CCCC1(C(=O)c2cc(F)c3[nH]ccc3c2)CCCN1,train,train,train,1,1,0.7,0.7,0.54545456
CCCC1(C(=O)c2ccc(N)c(Cl)c2)CCCN1,train,train,train,1,1,0.7291667,0.7291667,0.7291667
CC(C)CC1(C(=O)c2ccc(N)c(Cl)c2)CCCN1,train,train,train,1,1,0.74,0.74,0.74
CC(C)OCC1(C(=O)c2ccc(N)c(Cl)c2)CCCN1,train,train,train,1,1,0.74,0.74,0.74
CCCC1(C(=O)c2ccc3[nH]ncc3c2)CCCN1,train,train,test,1,1,0.78,0.78,0.78
CC(C)CC1(C(=O)c2ccc3[nH]ncc3c2)CCCN1,test,test,train,1,1,0.74,0.74,0.6981132
CC(C)(C)CCC1(C(=O)c2ccc3[nH]ncc3c2)CCCN1,train,train,train,1,1,0.78,0.78,0.6981132
O=C(c1ccc2[nH]ccc2c1)C1(Cc2ccccc2)CNC1,train,train,train,1,1,0.8372093,0.8372093,0.8372093
O=C(c1ccc2[nH]ccc2c1)C1(Cc2ccccc2)CCCN1,train,train,train,1,1,0.6938776,0.6938776,0.6862745
O=C(c1ccc2[nH]ccc2c1)C1(Cc2ccccc2)CCCNC1,train,train,train,1,1,0.95555556,0.95555556,0.95555556
O=C(c1ccc2[nH]ccc2c1)C1(Cc2ccccc2)CCNCC1,train,train,train,1,1,0.88372093,0.88372093,0.88372093
O=C(c1ccc2[nH]ccc2c1)C1(Cc2ccccc2)CCCCNC1,train,train,train,1,1,0.95555556,0.95555556,0.95555556
Cc1ccc2c(N3CCN(CCc4cccc5c4OCc4nccn4-5)CC3)cccc2n1,train,train,train,3,3,0.7777778,0.7777778,0.7777778
Cc1cn2c(n1)COc1c(CCN3CCN(c4cccc5nc(C)ccc45)CC3)cccc1-2,train,train,train,3,3,0.8125,0.8125,0.7777778
Cc1ccc2c(N3CCN(CCc4cccc5c4OCc4nc(C)c(C)n4-5)CC3)cccc2n1,train,train,train,3,3,0.7777778,0.7777778,0.734375
Cc1ccc2c(N3CCN(CCc4cccc5c4OCc4nc(C(F)(F)F)cn4-5)CC3)cccc2n1,train,train,test,3,3,0.8125,0.8125,0.8125
Cc1ccc2c(N3CCN(CCc4cccc5c4OCc4cncn4-5)CC3)cccc2n1,train,train,train,3,3,0.734375,0.734375,0.734375
Cc1ccc2c(N3CCN(CCc4cccc5c4OCc4nnc(C)n4-5)CC3)cccc2n1,train,train,test,3,3,0.7777778,0.7777778,0.7777778
Cc1ccc2c(N3CCN(CCc4cccc5c4OCc4c(C)nnn4-5)CC3)cccc2n1,train,train,train,3,3,0.765625,0.765625,0.765625
Cc1ccc2c(N3CCN(CCc4cccc5c4OCc4nnnn4-5)CC3)cccc2n1,train,train,train,3,3,0.765625,0.765625,0.765625
CCOC(=O)c1ncn2c1COc1c(CCN3CCN(c4cccc5nc(C)ccc45)CC3)cccc1-2,train,train,test,3,3,0.8450704,0.8450704,0.8450704
CC(=O)c1ncn2c1COc1c(CCN3CCN(c4cccc5nc(C)ccc45)CC3)cccc1-2,train,train,train,3,3,0.86764705,0.86764705,0.86764705
CO/N=C(\C)c1ncn2c1COc1c(CCN3CCN(c4cccc5nc(C)ccc45)CC3)cccc1-2,train,train,train,3,3,0.8055556,0.8055556,0.8055556
Cc1ccc2c(N3CCN(CCc4cccc5c4OCc4c(C(=O)N(C)C)ncn4-5)CC3)cccc2n1,train,test,test,3,3,0.8428571,0.8428571,0.8428571
Cc1ccc2c(N3CCN(CCc4cccc5c4OCc4c(C#N)ncn4-5)CC3)cccc2n1,train,train,train,3,3,0.7361111,0.7361111,0.7361111
CNC(=O)c1ncn2c1COc1c(CCN3CCN(c4cccc5nc(C)ccc45)CC3)cccc1-2,test,train,train,3,3,0.85714287,0.85714287,0.85714287
Cc1ccc2c(N3CCN(CCc4cccc5c4OCc4c(C(N)=O)ncn4-5)CC3)cccc2n1,train,train,train,3,3,0.86764705,0.86764705,0.86764705
Cc1ccc2c(N3CCN(CCc4cccc5c4OCc4c(C(=O)NC(C)C)ncn4-5)CC3)cccc2n1,train,train,train,3,3,0.82894737,0.84931505,0.84931505
Cc1ccc2c(N3CCN(CCc4cccc5c4OCc4c(C(=O)NC6CC6)ncn4-5)CC3)cccc2n1,train,test,train,3,3,0.9577465,0.9577465,0.9577465
Cc1ccc2c(N3CCN(CCc4cccc5c4OCc4c(C(=O)NC6CCC6)ncn4-5)CC3)cccc2n1,test,train,train,3,3,0.97183096,0.97183096,0.97183096
Cc1ccc2c(N3CCN(CCc4cccc5c4OCc4c(C(=O)NC6CCCC6)ncn4-5)CC3)cccc2n1,train,train,train,3,3,0.9577465,0.97183096,0.97183096
Cc1ccc2c(N3CCN(CCc4cccc5c4OCc4c(C(=O)NCC6CC6)ncn4-5)CC3)cccc2n1,train,train,train,3,3,0.84210527,0.83116883,0.84210527
Cc1ccc2c(N3CCN(CCc4cccc5c4OCc4c(C(=O)N6CCC6)ncn4-5)CC3)cccc2n1,train,train,train,3,3,0.9705882,0.9705882,0.9705882
Cc1ccc2c(N3CCN(CCc4cccc5c4OCc4c(C(=O)N6CCCC6)ncn4-5)CC3)cccc2n1,train,train,train,3,3,0.9852941,0.9852941,0.9852941
Cc1ccc2c(N3CCN(CCc4cccc5c4OCc4c(C(=O)N6CCCCC6)ncn4-5)CC3)cccc2n1,train,train,train,3,3,0.9852941,0.9852941,0.9852941
Cc1ccc2c(N3CCN(CCc4cccc5c4OCc4c(C(=O)N6CCOCC6)ncn4-5)CC3)cccc2n1,train,test,train,3,3,0.8888889,0.8888889,0.8888889
Cc1cc2c(cc1OCCCCN1CCN(c3cccc4cc(F)ccc34)CC1)C(=O)NC2,train,train,train,3,3,0.9508197,0.9508197,0.9508197
O=C1NCc2cc(F)c(OCCCCN3CCN(c4cccc5cc(F)ccc45)CC3)cc21,test,train,train,3,3,0.9491525,0.90163934,0.9491525
O=C1NCc2cc(F)c(OCCCN3CCN(c4cccc5cc(F)ccc45)CC3)cc21,train,test,train,3,3,0.88135594,0.9491525,0.9491525
Cc1cc2c(cc1OCCCN1CCN(c3cccc4cc(F)ccc34)CC1)C(=O)NC2,train,train,train,3,3,0.9508197,0.9508197,0.9508197
O=C1NCc2cc(F)c(OCCCN3CCN(c4cccc5cccc(F)c45)CC3)cc21,train,train,train,3,3,0.82258064,0.852459,0.852459
O=C1NCc2cc(Cl)c(OCCCN3CCN(c4cccc5cccc(F)c45)CC3)cc21,test,train,train,3,3,0.9661017,0.852459,0.9661017
Cc1c(OCCCN2CCN(c3cccc4cc(F)ccc34)CC2)ccc2c1C(=O)NC2,train,train,test,3,3,0.9508197,0.9508197,0.9508197
O=C1NCc2ccc(OCCCN3CCN(c4cccc5cc(F)ccc45)CC3)c(F)c21,train,train,train,3,3,0.94736844,0.94736844,0.94736844
O=C1NCc2ccc(OCCCCN3CCN(c4cccc5cccc(F)c45)CC3)cc21,train,train,test,3,3,0.74603176,0.74603176,0.74603176
O=C1NCc2cc(F)c(OCCCCN3CCN(c4cccc5ccccc45)CC3)cc21,train,train,train,3,3,0.9464286,0.9464286,0.9464286
O=C1NCc2cc(Cl)c(OCCCCN3CCN(c4cccc5cccc(F)c45)CC3)cc21,train,test,train,3,3,0.82258064,0.9661017,0.9661017
Cc1c(OCCCCN2CCN(c3cccc4cc(F)ccc34)CC2)ccc2c1C(=O)NC2,train,train,train,3,3,0.9508197,0.9508197,0.87096775
O=C1NCc2ccc(OCCCCN3CCN(c4cccc5cccc(F)c45)CC3)c(F)c21,train,train,test,3,3,0.962963,0.86440676,0.962963
O=C1NCc2cc(F)c(OCCCN3CCN(c4cccc5ccccc45)CC3)cc21,train,train,train,3,3,0.9464286,0.9464286,0.9464286
O=C1NCc2cc(Cl)c(OCCCN3CCN(c4cccc5ccccc45)CC3)cc21,train,test,train,3,3,0.8,0.9464286,0.9464286
O=C1NCc2ccc(OCCCN3CCN(c4cccc5ccccc45)CC3)c(F)c21,test,test,train,3,3,0.9433962,0.9433962,0.9433962
O=C1NCc2cc(Cl)c(OCCCCN3CCN(c4cccc5ccccc45)CC3)cc21,test,train,train,3,3,0.9464286,0.8032787,0.9464286
O=C1NCc2ccc(OCCCN3CCN(c4cccc5ccccc45)CC3)c(Cl)c21,train,test,test,3,3,0.7966102,0.7966102,0.8245614
O=C1NCc2cc(F)c(OCCCCN3CCN(c4cccc5ccc(F)cc45)CC3)cc21,test,train,train,3,3,0.8548387,0.90163934,0.90163934
Cc1cc2c(cc1OCCCCN1CCN(c3cccc4cccc(F)c34)CC1)C(=O)NC2,train,train,train,3,3,0.82258064,0.9661017,0.9661017
O=C1NCc2ccc(OCCCN3CCN(c4cccc5cccc(F)c45)CC3)c(F)c21,train,test,train,3,3,0.962963,0.962963,0.86440676
Cc1cc2c(cc1OCCCN1CCN(c3cccc4cccc(F)c34)CC1)C(=O)NC2,test,train,train,3,3,0.9661017,0.9661017,0.9661017
Cc1c(OCCCN2CCN(c3cccc4ccccc34)CC2)ccc2c1C(=O)NC2,train,train,train,3,3,0.94545454,0.94545454,0.94545454
O=C1NCc2ccc(OCCCCN3CCN(c4cccc5cccc(F)c45)CC3)c(Cl)c21,train,train,train,3,3,0.86440676,0.9655172,0.9655172
O=C1NCc2ccc(OCCCN3CCN(c4cccc5cccc(F)c45)CC3)c(Cl)c21,test,train,train,3,3,0.9655172,0.9655172,0.9655172
O=C1NCc2ccc(OCCCCN3CCN(c4cccc5ccc(F)cc45)CC3)c(F)c21,train,train,train,3,3,0.89830506,0.89830506,0.89830506
Cc1c(OCCCCN2CCN(c3cccc4cccc(F)c34)CC2)ccc2c1C(=O)NC2,train,train,train,3,3,0.9655172,0.9655172,0.8333333
Cc1c(OCCCCN2CCN(c3cccc4ccccc34)CC2)ccc2c1C(=O)NC2,train,train,train,3,3,0.94545454,0.94545454,0.94545454
Cc1c(OCCCN2CCN(c3cccc4cccc(F)c34)CC2)ccc2c1C(=O)NC2,train,train,test,3,3,0.9655172,0.9655172,0.9655172
Cc1cc2c(cc1OCCCCN1CCN(c3cccc4ccccc34)CC1)C(=O)NC2,train,test,train,3,3,0.8548387,0.9464286,0.9464286
Cc1cc2c(cc1OCCCN1CCN(c3cccc4ccccc34)CC1)C(=O)NC2,test,train,train,3,3,0.9464286,0.852459,0.9464286
O=C1NCc2ccc(OCCCCN3CCN(c4cccc5ccccc45)CC3)c(F)c21,train,train,train,3,3,0.86206895,0.86206895,0.9433962
O=C1NCc2ccc(OCCCCN3CCN(c4cccc5cc(F)ccc45)CC3)c(F)c21,train,train,train,3,3,0.94736844,0.94736844,0.94736844
CCCCN1CCC(COC(=O)c2cc(Cl)c(NC)c3c2OCCO3)CC1,train,train,train,3,3,0.30120483,0.30864197,0.30864197
CNCCC(c1ccccc1)c1cccc2ccccc12,train,train,train,4,4,0.6,0.6,0.5609756
CNCCCN1c2ccccc2CCc2ccccc21,train,train,train,3,3,0.6111111,0.6111111,0.6111111
CNCCC(c1ccccc1)c1ccc(O)c2ccc(OCCN3CCCC3)cc12,train,train,test,3,3,0.42105263,0.42105263,0.42105263
Cc1ccc2c(N3CCN(CCc4cccc5c4CCC(=O)N5)CC3)cccc2n1,train,train,train,3,3,0.8,0.8,0.73333335
Cc1ccc2c(N3CCN(CCc4cccc5c4CCC(=O)N5C)CC3)cccc2n1,train,train,train,3,3,0.779661,0.779661,0.779661
Cc1ccc2c(N3CCN(CCc4c(C)ccc5c4CCC(=O)N5)CC3)cccc2n1,train,train,test,3,3,0.8,0.8,0.8
Cc1ccc2c(N3CCN(CCc4c(C)ccc5c4CCC(=O)N5C)CC3)cccc2n1,train,train,train,3,3,0.779661,0.779661,0.779661
Cc1ccc2c(N3CCN(CCc4cccc5[nH]c(=O)ccc45)CC3)cccc2n1,train,train,train,3,3,0.7627119,0.7627119,0.7627119
Cc1ccc2c(N3CCN(CCc4cccc5c4ccc(=O)n5C)CC3)cccc2n1,train,train,test,3,3,0.7586207,0.7586207,0.7586207
Cc1ccc2c(N3CCN(CCc4c(C)ccc5[nH]c(=O)ccc45)CC3)cccc2n1,train,train,train,3,3,0.7627119,0.7627119,0.7627119
Cc1ccc2c(N3CCN(CCc4c(C)ccc5c4ccc(=O)n5C)CC3)cccc2n1,train,train,train,3,3,0.82758623,0.82758623,0.82758623
Cc1ccc2c(N3CCN(CCc4c(F)ccc5c4ccc(=O)n5C)CC3)cccc2n1,train,train,train,3,3,0.82758623,0.82758623,0.82758623
Cc1ccc2c(N3CCN(CCc4c(Cl)ccc5c4ccc(=O)n5C)CC3)cccc2n1,train,train,test,3,3,0.82758623,0.82758623,0.82758623
Cc1ccc2c(N3CCN(CCc4c(C)ccc5c4ccc(=O)n5C)CC3)cc(F)cc2n1,train,train,test,3,3,0.7692308,0.7692308,0.76666665
Cc1ccc2c(N3CCN(CCc4cccc5c4ccc(=O)n5C)[C@@H](C)C3)cccc2n1,train,train,train,3,3,0.73770493,0.73770493,0.6818182
Cc1ccc2c(N3CCN(CCc4c(C)ccc5c4ccc(=O)n5C)[C@@H](C)C3)cc(F)cc2n1,train,train,test,3,3,0.7692308,0.7692308,0.60273975
Cc1ccc2c(N3CCN(CCc4cccc5c4ccc(=O)n5C)C(C)(C)C3)cccc2n1,train,train,train,3,3,0.75,0.75,0.6818182
Cc1ccc2c(C3CCN(CCc4c(C)ccc5c4ccc(=O)n5C)CC3)cccc2n1,train,train,train,3,3,0.7096774,0.7096774,0.7096774
c1ccc(Oc2ccccc2OC2CNC2)cc1,train,train,test,4,4,0.47368422,0.47368422,0.47368422
Fc1cccc(Oc2ccccc2Cl)c1OC1CNC1,test,test,train,4,4,0.825,0.825,0.825
Cc1cccc(F)c1Oc1cccc(F)c1OC1CNC1,test,test,train,4,4,0.775,0.775,0.775
Fc1cccc(Oc2cccc(Cl)c2Cl)c1OC1CNC1,train,train,train,1,1,0.67391306,0.67391306,0.825
Fc1cccc(Cl)c1Oc1cccc(F)c1OC1CCNCC1,test,test,train,1,1,0.72727275,0.72727275,0.71428573
Cc1cccc(F)c1Oc1cccc(F)c1OC1CCNCC1,train,train,train,4,4,0.5833333,0.5833333,0.775
Fc1cccc(Oc2ccccc2Cl)c1OC1CCNC1,train,train,test,4,4,0.67391306,0.67391306,0.8095238
CN1c2ccccc2Sc2cc(N)ccc21,train,train,test,4,4,0.3902439,0.3902439,0.3902439
Cc1cnc([C@@]23CNCC[C@]2(c2ccc(Cl)c(Cl)c2)C3)o1,train,train,train,1,1,0.64705884,0.64705884,0.64705884
Cc1cc([C@@]23CNCC[C@]2(c2ccc(Cl)c(Cl)c2)C3)no1,train,train,train,1,1,0.68,0.68,0.68
Cc1noc([C@@]23CNCC[C@]2(c2ccc(Cl)c(Cl)c2)C3)n1,train,train,train,1,1,0.68,0.68,0.68
Cc1csc(C[C@@]23CNCC[C@]2(c2ccc(Cl)c(Cl)c2)C3)n1,train,train,train,1,1,0.64912283,0.64912283,0.64912283
Cc1coc(C[C@@]23CNCC[C@]2(c2ccc(Cl)c(Cl)c2)C3)n1,train,train,train,1,1,0.64912283,0.64912283,0.64912283
Cc1ncoc1C[C@@]12CNCC[C@]1(c1ccc(Cl)c(Cl)c1)C2,test,test,test,1,1,0.64912283,0.64912283,0.64912283
Cc1ccn(CC23CNCC[C@]2(c2ccc(Cl)c(Cl)c2)C3)n1,train,train,train,1,1,0.7735849,0.7735849,0.7735849
Cc1ccnn1CC12CNCC[C@]1(c1ccc(Cl)c(Cl)c1)C2,train,train,test,1,1,0.7755102,0.7755102,0.7755102
Cc1cnn(C[C@@]23CNCC[C@]2(c2ccc(Cl)c(Cl)c2)C3)c1,train,train,train,1,1,0.7037037,0.7037037,0.7037037
FC(F)(F)c1ccnn1C[C@@]12CNCC[C@]1(c1ccc(Cl)c(Cl)c1)C2,train,train,train,1,1,0.75,0.75,0.75
FC(F)(F)c1ccn(C[C@@]23CNCC[C@]2(c2ccc(Cl)c(Cl)c2)C3)n1,test,test,train,1,1,0.8148148,0.8148148,0.8148148
N#Cc1ccnn1C[C@@]12CNCC[C@]1(c1ccc(Cl)c(Cl)c1)C2,test,test,train,1,1,0.7222222,0.7222222,0.71428573
N#Cc1ccn(C[C@@]23CNCC[C@]2(c2ccc(Cl)c(Cl)c2)C3)n1,train,train,test,1,1,0.7407407,0.7407407,0.7407407
Cc1cc(C(F)(F)F)nn1C[C@@]12CNCC[C@]1(c1ccc(Cl)c(Cl)c1)C2,train,train,train,1,1,0.76785713,0.76785713,0.76785713
Cc1cc(C(F)(F)F)n(C[C@@]23CNCC[C@]2(c2ccc(Cl)c(Cl)c2)C3)n1,train,train,train,1,1,0.76785713,0.76785713,0.76785713
CC(C)(C)c1ccn(C[C@@]23CNCC[C@]2(c2ccc(Cl)c(Cl)c2)C3)n1,train,train,train,1,1,0.7735849,0.7735849,0.8148148
Clc1ccc([C@]23CCNC[C@@]2(Cn2cccc2)C3)cc1Cl,train,train,train,1,1,0.71153843,0.71153843,0.74
N#Cc1cccn1C[C@@]12CNCC[C@]1(c1ccc(Cl)c(Cl)c1)C2,train,train,train,1,1,0.68421054,0.68421054,0.71428573
N#Cc1ccn(CC23CNCC[C@]2(c2ccc(Cl)c(Cl)c2)C3)c1,train,train,train,1,1,0.71153843,0.71153843,0.7407407
Cc1ccn(CC23CNCC[C@]2(c2ccc(Cl)c(Cl)c2)C3)c1,test,test,train,1,1,0.7407407,0.7407407,0.7407407
Cc1ccc(C)n1C[C@@]12CNCC[C@]1(c1ccc(Cl)c(Cl)c1)C2,train,train,train,1,1,0.7755102,0.7755102,0.7254902
Cc1cc(C)n(C[C@@]23CNCC[C@]2(c2ccc(Cl)c(Cl)c2)C3)c1,train,train,train,1,1,0.7254902,0.7254902,0.7254902
Clc1ccc([C@]23CCNC[C@@]2(Cn2cncn2)C3)cc1Cl,test,test,train,1,1,0.6981132,0.6981132,0.6981132
Cc1nc(C)n(C[C@@]23CNCC[C@]2(c2ccc(Cl)c(Cl)c2)C3)n1,train,train,train,1,1,0.71153843,0.71153843,0.71153843
CC(C)c1nnnn1C[C@@]12CNCC[C@]1(c1ccc(Cl)c(Cl)c1)C2,train,train,train,1,1,0.6666667,0.6666667,0.6666667
CC(C)c1nnn(C[C@@]23CNCC[C@]2(c2ccc(Cl)c(Cl)c2)C3)n1,train,train,train,1,1,0.6666667,0.6666667,0.6666667
Clc1ccc([C@]23CCNCC2(Cn2ccc4ccccc42)C3)cc1Cl,train,train,train,1,1,0.7017544,0.7017544,0.7017544
Clc1ccc([C@]23CCNCC2(Cn2ncc4ccccc42)C3)cc1Cl,train,train,train,1,1,0.7017544,0.7017544,0.7017544
Clc1ccc([C@]23CCNCC2(Cn2cc4ccccc4n2)C3)cc1Cl,test,test,test,1,1,0.64912283,0.64912283,0.64912283
CCc1nn(CCCN2CCN(c3cccc(Cl)c3)CC2)c(=O)n1CCOc1ccccc1,train,train,train,3,3,0.5522388,0.5522388,0.5522388
COc1cc2c(cc1OC)CN(CCCCn1cc(-c3ccc(F)cc3)c3ccccc31)CC2,train,train,train,3,3,0.38181818,0.38181818,0.38181818
CN(Cc1cc(Br)cc(Br)c1N)C1CCCCC1,train,train,test,4,4,0.41666666,0.41666666,0.41666666
C[C@]12CC[C@@H]3c4ccc(O)cc4CC[C@H]3[C@@H]1CC[C@@H]2O,train,train,train,1,1,0.73333335,0.73333335,0.73333335
C[C@]12CC[C@@H]3c4ccc(OC(=O)c5ccccc5)cc4CC[C@H]3[C@@H]1CC[C@@H]2O,test,test,train,4,4,0.6363636,0.6363636,0.6363636
CC(C)(c1ccc(O)cc1)c1ccc(O)cc1,test,test,train,4,4,0.36,0.36,0.31034482
CN(Cc1ccc(C(C)(C)C)cc1)Cc1cccc2ccccc12,train,train,test,4,4,0.2777778,0.2777778,0.2777778
CC(N)Cc1c[nH]c2ccc(OCc3cccs3)cc12,train,train,train,4,4,0.48979592,0.48979592,0.48979592
COc1ccc(CCN2CCC(Nc3nc4ccccc4n3Cc3ccc(F)cc3)CC2)cc1,train,train,test,3,3,0.44927537,0.4027778,0.44927537
Clc1ccc2c(c1)C(N1CCNCC1)=Nc1ccccc1O2,train,train,test,1,1,0.40425533,0.40425533,0.40425533
S=C=Nc1cccc2ccccc12,test,test,train,4,4,0.31578946,0.31578946,0.3
Nc1c(Br)cc(Br)cc1CN[C@H]1CC[C@H](O)CC1,train,train,train,4,4,0.41666666,0.41666666,0.2413793
CCCCCCCCCc1ccc(O)cc1,train,train,train,4,4,0.37931034,0.37931034,1.0
CCCCCCCCc1ccc(O)cc1,test,test,train,4,4,1.0,1.0,1.0
CCCCc1oc2ccccc2c1C(=O)c1cc(I)c(OCCN(CC)CC)c(I)c1,train,train,train,4,4,0.31343284,0.31343284,0.31343284
CN(C)CCC=C1c2ccccc2CCc2ccccc21,train,train,train,4,4,0.7027027,0.7027027,0.7027027
CC(=O)Nc1ccc2c(c1)Cc1ccccc1-2,train,train,train,4,4,0.25531915,0.25531915,0.25531915
Clc1cc(Cl)c(OCC#CI)cc1Cl,train,train,train,1,1,0.25,0.25,0.25
CC(C)(C)c1ccc(C(=O)CCCN2CCC(OC(c3ccccc3)c3ccccc3)CC2)cc1,train,train,train,3,3,0.48214287,0.48214287,0.42372882
Cc1ccc(NC(=O)c2ccc(CN3CCN(C)CC3)cc2)cc1Nc1nccc(-c2cccnc2)n1,train,test,train,3,3,0.25287357,0.25287357,0.27102804
Clc1ccc(COC(Cn2ccnc2)c2ccc(Cl)cc2Cl)cc1,train,train,train,1,1,0.78723407,0.78723407,0.78723407
Oc1c(Cl)cc(Cl)c(Cl)c1Cc1c(O)c(Cl)cc(Cl)c1Cl,train,train,train,1,1,0.25,0.25,0.25
C[C@]12CC[C@@H]3c4ccc(O)cc4CC[C@H]3[C@@H]1C[C@@H](O)[C@@H]2O,train,train,train,1,1,0.73333335,0.73333335,0.73333335
C[C@]12CC[C@@H]3c4ccc(O)cc4CC[C@H]3[C@@H]1CCC2=O,train,train,test,1,1,0.625,0.625,0.625
CC[C@]1(O)CC[C@H]2[C@@H]3CCC4=CCCC[C@@H]4[C@H]3CC[C@@]21C,train,train,train,4,4,0.45762712,0.34920636,0.45762712
Fc1ccc(C(c2ccc(F)cc2)N2CCN(C/C=C/c3ccccc3)CC2)cc1,test,train,train,3,3,0.59615386,0.81578946,0.59615386
OCCN1CCN(CCCN2c3ccccc3Sc3ccc(C(F)(F)F)cc32)CC1,train,train,train,3,3,0.5740741,0.5740741,0.5740741
C#C[C@]1(O)CC[C@H]2[C@@H]3CCc4cc(O)ccc4[C@H]3CC[C@@]21C,train,train,train,1,1,0.7647059,0.7647059,0.7647059
COc1ccccc1OCCNCC(O)COc1cccc2[nH]c3ccccc3c12,train,train,train,4,4,0.35443038,0.35443038,0.35443038
CN(C)CC[C@@H](c1ccc(Cl)cc1)c1ccccn1,train,train,test,4,4,0.4,0.4,0.4
CN(C)CCC=C1c2ccccc2COc2ccccc21,train,train,train,4,4,0.7027027,0.7027027,0.7027027
COc1cc(N)c(Cl)cc1C(=O)NC1CCN(CCCOc2ccc(F)cc2)CC1OC,train,train,train,3,3,0.45348838,0.45348838,0.45348838
COC(=O)[C@H](c1ccccc1Cl)N1CCc2sccc2C1,train,train,train,3,3,0.265625,0.265625,0.265625
COc1cc2nc(N3CCN(C(=O)C4COc5ccccc5O4)CC3)nc(N)c2cc1OC,train,train,train,3,3,0.2820513,0.2820513,0.27272728
CC1(COc2ccc(CC3SC(=O)NC3=O)cc2)CCCCC1,train,train,train,4,4,0.25757575,0.25757575,0.25757575
Cc1ccc(-c2cc(C(F)(F)F)nn2-c2ccc(S(N)(=O)=O)cc2)cc1,train,test,train,3,3,0.22222222,0.22222222,0.22222222
COc1ccc2c(c1)[C@]13CCCC[C@@H]1[C@H](C2)N(C)CC3,train,train,train,0,0,0.32786885,0.32786885,0.32786885
Clc1ccccc1C(c1ccccc1)(c1ccccc1)n1ccnc1,test,test,test,1,1,0.23333333,0.23333333,0.23333333
Clc1ccc2c(c1)CCc1cccnc1C2=C1CCNCC1,test,test,train,1,1,0.33898306,0.33898306,0.33898306
CC(CCc1ccc(O)cc1)NCCc1ccc(O)c(O)c1,train,train,train,4,4,0.33333334,0.33333334,0.33333334
CC/C(=C(/CC)c1ccc(O)cc1)c1ccc(O)cc1,train,train,test,4,4,0.37931034,0.37931034,0.37931034
CCN(CC)CCOc1ccc(/C(=C(/Cl)c2ccccc2)c2ccccc2)cc1,train,train,train,4,4,0.54347825,0.54347825,0.54347825
C(=C/c1ccccc1)\CN1CCN(C(c2ccccc2)c2ccccc2)CC1,test,train,test,3,3,0.4716981,0.81578946,0.81578946
CN(C)CCCN1c2ccccc2CCc2ccc(Cl)cc21,train,train,train,4,4,0.7631579,0.7631579,0.7631579
C#C[C@]1(O)CC[C@H]2[C@@H]3CCC4=Cc5oncc5C[C@]4(C)[C@H]3CC[C@@]21C,train,train,train,1,1,0.46875,0.46875,0.46875
O=c1[nH]c2ccccc2n1CCCN1CCC(n2c(=O)[nH]c3cc(Cl)ccc32)CC1,train,test,train,3,3,0.65625,0.6727273,0.6727273
COc1cc(NC(C)CCCN)c2ncccc2c1,train,train,train,4,4,0.26984128,0.26984128,0.26984128
Cc1ccccc1C(OCCN(C)C)c1ccccc1,train,train,train,4,4,0.46666667,0.46666667,0.46666667
CN(C)CCCN1c2ccccc2Sc2ccccc21,train,train,train,4,4,0.6111111,0.6111111,0.6111111
C#C[C@]1(O)CC[C@H]2[C@@H]3CCC4=CC(=O)CC[C@@H]4[C@H]3CC[C@@]21C,train,test,train,3,3,0.5,0.5,0.7169811
CC(CN1c2ccccc2Sc2ccccc21)N(C)C,train,train,train,4,4,0.5263158,0.5263158,0.5263158
COc1ccc(CN(CCN(C)C)c2ccccn2)cc1,train,train,train,4,4,0.5531915,0.5531915,0.5531915
C#CC1(O)CC[C@H]2[C@@H]3CCC4=CC(=O)CC[C@@H]4[C@H]3CC[C@@]21CC,test,test,train,4,4,0.7169811,0.41269842,0.7169811
Cc1cc2c(s1)Nc1ccccc1N=C2N1CCN(C)CC1,test,train,test,3,3,0.32258064,0.32258064,0.26153848
NC(=O)C1CCN(CCCN2c3ccccc3Sc3ccc(Cl)cc32)CC1,train,train,train,3,3,0.6603774,0.6603774,0.6603774
CNCCC=C1c2ccccc2CCc2ccccc21,train,train,test,4,4,0.6111111,0.6111111,0.6111111
Clc1ccc(CO/N=C(\Cn2ccnc2)c2ccc(Cl)cc2Cl)c(Cl)c1,test,test,test,1,1,0.51785713,0.51785713,0.51785713
CN1CCN(CCCN2c3ccccc3Sc3ccc(Cl)cc32)CC1,train,train,train,3,3,0.6603774,0.6603774,0.6603774
CC(C)(C)NC[C@H](O)COc1cccc2c1CCCC2=O,train,train,train,4,4,0.30487806,0.30487806,0.30487806
C#C[C@]1(O)CC[C@H]2[C@@H]3CCc4cc(OC)ccc4[C@H]3CC[C@@]21C,train,train,train,4,4,0.7647059,0.7647059,0.7647059
CN1CCN2c3ccccc3Cc3ccccc3C2C1,train,train,train,0,0,0.38297874,0.38297874,0.38297874
Clc1ccc(COC(Cn2ccnc2)c2ccc(Cl)cc2Cl)c(Cl)c1,train,train,train,1,1,0.78723407,0.78723407,0.78723407
CN1C[C@H](CNC(=O)OCc2ccccc2)C[C@@H]2c3cccc4c3c(cn4C)C[C@H]21,train,train,train,3,3,0.26923078,0.2820513,0.2820513
CN(C)CCN(Cc1cccs1)c1ccccn1,train,train,train,4,4,0.5531915,0.5531915,0.5531915
CCOc1cc(N)c(Cl)cc1C(=O)NCC1CN(Cc2ccc(F)cc2)CCO1,train,train,train,3,3,0.45348838,0.45348838,0.45348838
CC(=O)N1CCN(c2ccc(OCC3COC(Cn4ccnc4)(c4ccc(Cl)cc4Cl)O3)cc2)CC1,train,train,test,1,1,0.61445785,0.61445785,0.61445785
CN(C)C(=O)C(CCN1CCC(O)(c2ccc(Cl)cc2)CC1)(c1ccccc1)c1ccccc1,train,train,train,3,3,0.7407407,0.7407407,0.7407407
Clc1ccc(C(c2ccccc2Cl)C(Cl)Cl)cc1,train,train,train,4,4,0.27659574,0.27659574,0.3043478
CN1[C@H]2CC[C@@H]1C[C@H](OC(=O)c1c[nH]c3ccccc13)C2,train,train,train,4,4,0.36923078,0.36923078,0.36923078
O=c1n(CCCN2CCN(c3cccc(Cl)c3)CC2)nc2ccccn12,train,train,train,3,3,0.5522388,0.5522388,0.5522388
COc1ccc(CCN(C)CCCC(C#N)(c2ccc(OC)c(OC)c2)C(C)C)cc1OC,train,train,train,4,4,0.3382353,0.3382353,0.3382353
COc1cccc(C2(O)CCCCC2CN(C)C)c1,train,train,train,4,4,0.3508772,0.3508772,0.3508772
CSc1ccc2c(c1)N(CCC1CCCCN1C)c1ccccc1S2,train,train,train,3,3,0.40983605,0.40983605,0.40983605
CC/C(=C(\c1ccccc1)c1ccc(OCCN(C)C)cc1)c1ccccc1,train,train,train,4,4,0.54347825,0.54347825,0.54347825
Clc1ccc(CSC(Cn2ccnc2)c2ccc(Cl)cc2Cl)cc1,train,train,train,1,1,0.61538464,0.61538464,0.61538464
C#C[C@]1(O)CC[C@H]2[C@H]3[C@H](CC[C@@]21C)C1=C(CC(=O)CC1)C[C@H]3C,train,train,test,2,2,0.42857143,0.390625,0.42857143
CN[C@H]1CC[C@@H](c2ccc(Cl)c(Cl)c2)c2ccccc21,train,train,train,1,1,0.59090906,0.59090906,0.59090906
CCCCCCCCN[C@H](C)[C@@H](O)c1ccc(SC(C)C)cc1,train,train,train,4,4,0.29787233,0.29787233,0.29787233
CC(C)CC(N(C)C)C1(c2ccc(Cl)cc2)CCC1,train,train,train,1,1,0.48,0.48,0.46153846
CC(C)N1CCN(c2ccc(OC[C@H]3CO[C@](Cn4cncn4)(c4ccc(Cl)cc4Cl)O3)cc2)CC1,train,train,train,1,1,0.61445785,0.61445785,0.27272728
O=C(c1ccc(OCCN2CCCCC2)cc1)c1c(-c2ccc(O)cc2)sc2cc(O)ccc12,train,test,train,3,3,0.36,0.36,0.3108108
CN1C2CCC1[C@@H](CNc1cccc(F)n1)[C@@H](c1ccc(Cl)cc1)C2,train,test,train,2,2,0.78571427,0.6451613,0.78571427
CN1C2CCC1[C@@H](CNc1ccnc(Br)c1)[C@@H](c1ccc(Cl)cc1)C2,train,train,test,2,2,0.6557377,0.75438595,0.75438595
CN1C2CCC1[C@@H](CNc1ccc(Br)nc1)[C@@H](c1ccc(Cl)cc1)C2,test,train,train,2,2,0.75438595,0.75438595,0.6779661
CN1C2CCC1[C@@H](CNc1cccc(Br)n1)[C@@H](c1ccc(Cl)cc1)C2,train,test,train,2,2,0.78571427,0.6779661,0.78571427
CN1C2CCC1[C@@H](C(=O)Nc1cccc(F)n1)[C@@H](c1ccc(Cl)cc1)C2,train,train,test,2,2,0.79310346,0.79310346,0.79310346
CN1C2CCC1[C@@H](C(=O)Nc1ccnc(Br)c1)[C@@H](c1ccc(Cl)cc1)C2,train,train,train,2,2,0.75,0.75,0.75
CN1C2CCC1[C@@H](C(=O)Nc1ccc(Br)nc1)[C@@H](c1ccc(Cl)cc1)C2,train,train,train,2,2,0.7735849,0.7735849,0.7735849
CN1C2CCC1[C@@H](C(=O)Nc1cccc(Br)n1)[C@@H](c1ccc(Cl)cc1)C2,train,train,train,2,2,0.79310346,0.79310346,0.6785714
O=[N+]([O-])c1ccc2nc(N3CCNCC3)ccc2c1,train,train,train,1,1,0.54761904,0.54761904,0.54761904
c1ccc2nc(N3CCNCC3)ccc2c1,train,train,train,1,1,0.54761904,0.54761904,0.54761904
COC(=O)[C@H]1[C@@H](c2ccc(C)cc2)C[C@@H]2CC[C@H]1N2C/C=C(\I)C(F)(F)F,train,train,train,2,2,0.61904764,0.7118644,0.7118644
O=C(NC1CCCC1)c1ccc(-c2ccc3c(c2)CCN(CCN2CCCC2)C3=O)cc1,test,test,test,3,3,0.56060606,0.58208954,0.58208954
CCNC(=O)c1ccc(-c2ccc3c(c2)CCN(CCN2CCC[C@H]2C)C3=O)cc1,test,train,train,3,3,0.75409836,0.75409836,0.75409836
C[C@@H]1CCCN1CCN1CCc2cc(-c3ccc(C(=O)N4CCCC4)cc3)ccc2C1=O,train,train,train,3,3,0.3802817,0.75409836,0.75409836
Fc1cccc(CCCN2CCCC2)c1,train,train,train,3,3,0.44680852,0.44680852,0.44680852
N#Cc1ccc2[nH]cc(CCCCN3CCN(c4ccc5oc(C(N)=O)cc5c4)CC3)c2c1,train,train,test,3,3,0.42028984,0.43835616,0.43835616
Clc1ccc(N2CCCN(CCCc3nc4ccccc4s3)CC2)cc1,test,test,train,3,3,0.93877554,0.93877554,0.9148936
Clc1ccc(N2CCCN(CCCCc3nc4ccccc4s3)CC2)cc1,train,train,test,3,3,0.9166667,0.85714287,0.93877554
O=C(CCCN1CCCN(c2ccc(Cl)cc2)CC1)c1nc2ccccc2s1,test,train,test,3,3,0.9622642,0.9622642,0.9622642
O=C(CCCCN1CCCN(c2ccc(Cl)cc2)CC1)c1nc2ccccc2s1,train,train,train,3,3,0.9230769,0.9622642,0.9230769
Clc1ccc(N2CCN(CCCc3nc4ccccc4s3)CC2)cc1,train,train,train,3,3,0.93333334,0.85714287,0.9148936
Clc1ccc(N2CCN(CCCCc3nc4ccccc4s3)CC2)cc1,train,test,test,3,3,0.93333334,0.93333334,0.93333334
OC1(c2ccc(Cl)cc2)CCN(CCCCc2nc3ccccc3s2)CC1,test,train,train,3,3,0.7037037,0.6551724,0.6545454
c1ccc2c(c1)CCN(CCCCc1nc3ccccc3s1)C2,train,test,train,3,3,0.5849057,0.8292683,0.54385966
c1ccc2c(c1)CN(CCCCc1nc3ccccc3s1)C2,test,train,test,3,3,0.8292683,0.5660377,0.8292683
O=C(CCCN1CCN(c2ccc(Cl)cc2)CC1)c1nc2ccccc2s1,train,train,train,3,3,0.9591837,0.9591837,0.9591837
O=C(CCCN1CCC(c2ccccc2)CC1)c1nc2ccccc2s1,train,train,train,3,3,0.9574468,0.9574468,0.9574468
O=C(CCCCN1CCC(n2c(=O)[nH]c3cc(Cl)ccc32)CC1)c1nc2ccccc2s1,train,train,train,3,3,0.57746476,0.6216216,0.6216216
O=C(CCCCN1CCC2(CC1)C(=O)NCN2c1ccccc1)c1nc2ccccc2s1,train,train,test,3,3,0.578125,0.578125,0.65
O=C(CCCCN1Cc2ccccc2C1)c1nc2ccccc2s1,train,test,train,3,3,0.6666667,0.6666667,0.6938776
O=C(CCCCN1CCN(c2ccc(Cl)cc2)CC1)c1nc2ccccc2s1,train,train,train,3,3,0.9591837,0.9591837,0.9591837
O=C(CCCCN1CCN(c2ccccc2)CC1)c1nc2ccccc2s1,test,test,train,3,3,0.84,0.84,0.84
O=C(CCCCN1CCC(c2ccccc2)CC1)c1nc2ccccc2s1,train,train,train,3,3,0.9574468,0.9574468,0.9574468
COc1ccc(S(=O)(=O)n2cc(C)c3cc(Cl)ccc32)cc1NC1CCN(C)CC1,test,train,train,3,3,0.28089887,0.28735632,0.28735632
Cc1c(Sc2ccc(Cl)cc2)c2ncccc2n1CC(=O)O,train,train,train,3,3,0.25396827,0.25396827,0.21428572
Cc1ccc2c(c1)CN(C)C[C@H]2c1cccc(F)c1,train,train,train,0,0,0.8,0.8,0.8
Cc1ccc2c(c1)CN(C)CC2c1ccc(Cl)cc1,train,train,train,0,0,0.8333333,0.8333333,0.75609756
Cc1ccc2c(c1)CN(C)CC2c1cc(F)cc(F)c1,train,train,train,0,0,0.8,0.8,0.8
Cc1ccc2c(c1)CN(C)CC2c1cccc(Cl)c1,test,test,train,0,0,0.75609756,0.75609756,0.75609756
Cc1ccc2c(c1)CN(C)CC2c1ccc(F)c(F)c1,train,train,train,0,0,0.75609756,0.75609756,0.75609756
Cc1ccc(C2CN(C)Cc3cc(C)ccc32)cc1,train,train,test,0,0,0.8333333,0.8333333,0.8333333
CN1Cc2cc(O)ccc2C(c2ccc(F)c(F)c2)C1,test,test,train,0,0,0.74418604,0.74418604,0.74418604
COc1ccc2c(c1)CN(C)CC2c1ccc(C)c(F)c1,train,train,train,0,0,0.82222223,0.82222223,0.6875
COc1ccc2c(c1)CN(C)CC2c1cccc(C)c1,train,train,train,0,0,0.78571427,0.78571427,0.78571427
COc1ccc2c(c1)CN(C)CC2c1ccc(F)c(F)c1,train,train,test,0,0,0.82222223,0.82222223,0.82222223
CN1Cc2cc(F)ccc2C(c2ccccc2)C1,train,train,test,0,0,0.71794873,0.71794873,0.6904762
Cc1ccc(C2CN(C)Cc3c(C)cccc32)cc1,train,train,train,0,0,0.8055556,0.8055556,0.6097561
Cc1cc(C2CN(C)Cc3ccccc32)ccc1F,train,train,train,0,0,0.80487806,0.80487806,0.80487806
Cc1ccc(C2CN(C)Cc3ccccc32)cc1F,train,train,train,0,0,0.80487806,0.80487806,0.80487806
CN1Cc2ccccc2C(c2ccc(Cl)c(F)c2)C1,test,test,train,0,0,0.7804878,0.7804878,0.74418604
CN1Cc2ccccc2C(c2ccc(F)c(F)c2)C1,train,train,test,0,0,0.8,0.8,0.8
COc1ccc2c(c1)C(c1ccccc1)CN(C)C2,train,train,train,0,0,0.8,0.8,0.8
Cc1ccc2c(c1)C(c1ccccc1)CN(C)C2,test,test,train,0,0,0.7837838,0.7837838,0.6944444
Cc1ccc2c(c1C)CN(C)CC2c1ccccc1,train,train,train,0,0,0.7567568,0.7567568,0.6666667
CCOc1ccc2c(c1)CN(C)CC2c1ccccc1,train,train,train,0,0,0.74418604,0.74418604,0.74418604
COc1ccc2c(c1)CN(C)CC2c1ccccc1,train,train,train,0,0,0.8,0.8,0.8
CCc1ccc2c(c1)CN(C)CC2c1ccccc1,train,train,train,0,0,0.68292683,0.68292683,0.6666667
Cc1ccc2c(c1)CN(C)CC2c1ccccc1,train,train,test,0,0,0.82857144,0.82857144,0.7837838
CN1Cc2ccccc2C(c2ccccc2)C1,train,train,train,0,0,0.6944444,0.6944444,0.6944444
CN1Cc2c(O)cccc2C(c2ccccc2)C1,train,train,train,0,0,0.7297297,0.7297297,0.6666667
COc1cccc2c1CN(C)CC2c1ccccc1,test,test,test,0,0,0.6923077,0.6923077,0.6923077
Cc1cccc2c1CN(C)CC2c1ccccc1,train,train,test,0,0,0.8055556,0.8055556,0.8055556
CCCN1CCC(c2cc3ccccc3s2)CC1,train,train,train,3,3,0.5813953,0.5813953,0.5813953
CCCN1CCC(c2ccc3ccccc3c2)CC1,train,train,train,3,3,0.58536583,0.58536583,0.58536583
CCCN1CCC(c2cccc3ccccc23)CC1,train,train,train,3,3,0.61904764,0.61904764,0.61904764
CCCN1CCC(N2C(=O)C(=O)c3ccccc32)CC1,train,test,train,3,3,0.47916666,0.47916666,0.4107143
CCCN1CCC(n2c(=O)n(C)c3cc(Cl)ccc32)CC1,test,test,test,3,3,0.4516129,0.64,0.64
CCCN1CCC(n2c(=O)[nH]c3cc(Cl)ccc32)CC1,test,train,train,3,3,0.6727273,0.60655737,0.6727273
CCCN1CCC(n2cnc3ccccc32)CC1,train,test,test,3,3,0.59090906,0.59090906,0.46
CCCN1CCC(n2ccc3ccccc32)CC1,train,train,test,3,3,0.59090906,0.5,0.5
CCCN1CCC(c2n[nH]c3ccccc23)CC1,test,train,train,3,3,0.53333336,0.53333336,0.53333336
CCCN1CCC(c2noc3cc(F)ccc23)CC1,train,test,train,3,3,0.54901963,0.5283019,0.54901963
CCCN1CCC(c2coc3ccccc23)CC1,train,train,train,3,3,0.61904764,0.61904764,0.61904764
CCCN1CCC(c2csc3ccccc23)CC1,test,train,test,3,3,0.61904764,0.61904764,0.61904764
CCCN1CCC(c2cn(C)c3ccc(F)cc23)CC1,train,train,train,3,3,0.8095238,0.59183675,0.8095238
CCCN1CCC(c2cn(C)c3cc(F)ccc23)CC1,train,test,train,3,3,0.8095238,0.8095238,0.8095238
CCCN1CCC(c2c[nH]c3cc(F)ccc23)CC1,train,train,train,3,3,0.625,0.59183675,0.625
COc1ccc(CCN2C3C4C5CC6C7C5C3C7C2(O)C64)cc1OC,train,train,train,4,4,0.6981132,0.8541667,0.43103448
COc1ccccc1CCN1C2C3C4CC5C6C4C2C6C1(O)C53,train,train,test,4,4,0.6981132,0.6981132,0.6981132
COc1ccc(CN2C3C4C5CC6C7C5C3C7C2(O)C64)cc1OC,test,train,test,4,4,0.8541667,0.8541667,0.8541667
CN(C)Cc1ccccc1Sc1ccc([123I])cc1CO,train,train,train,4,4,0.70731705,0.70731705,0.70731705
CN(C)Cc1ccccc1Sc1ccc([123I])cc1N,test,train,test,4,4,0.725,0.725,0.725
CN(C)Cc1cc(I)ccc1Sc1ccccc1CO,train,train,test,4,4,0.9166667,0.9166667,0.9166667
CN(C)Cc1cc(I)ccc1Sc1ccccc1N,train,train,train,4,4,0.7222222,0.7222222,0.8378378
OCC[C@]1(c2cc3ccccc3o2)CCCNC1,train,train,train,1,1,0.3125,0.3125,0.3125
COCCN1CC=CC[C@H](c2ccc(Cl)c(Cl)c2)C1,train,train,train,1,1,0.70454544,0.70454544,0.70454544
OCCN1CC=CC[C@H](c2ccc(Cl)c(Cl)c2)C1,train,train,train,1,1,0.70454544,0.70454544,0.70454544
Clc1ccc(C2CCCCNC2)cc1Cl,train,train,test,1,1,0.525,0.525,0.525
CN1CCCCC(c2ccc(Cl)c(Cl)c2)C1,train,train,train,1,1,0.525,0.525,0.4347826
C1=CCC(c2cc3ccccc3o2)CNC1,train,train,test,4,4,0.575,0.575,0.575
CN1CC=CCC(c2cc3ccccc3o2)C1,train,test,train,4,4,0.54545456,0.54545456,0.5
Fc1ccc(C2CC=CCNC2)cc1Cl,train,train,train,1,1,0.7105263,0.7105263,0.575
Cc1cc(C2CC=CCN(C)C2)ccc1Cl,train,train,train,1,1,0.5217391,0.5217391,0.5217391
Cc1ccc(C2CC=CCNC2)cc1Cl,train,train,test,1,1,0.7105263,0.7105263,0.7105263
C1=CCC(c2ccc3ccccc3c2)CNC1,train,train,train,4,4,0.5897436,0.5897436,0.575
CCN(CC)c1ccc2c(-c3ccc(S(=O)(=O)NCCCCCC(=O)NCCC(=O)Nc4cccc(-c5ccc6c(c5)COC6(CCCN(C)C)c5ccc(F)cc5)c4)cc3S(=O)(=O)O)c3ccc(=[N+](CC)CC)cc-3oc2c1,test,train,test,3,3,0.5034965,0.5034965,0.5034965
CN(C)CCCC1(c2ccc(F)cc2)OCc2cc(-c3cccc(N)c3)ccc21,test,test,train,4,4,0.8333333,0.8333333,0.6333333
CCN(CC)c1ccc2c(-c3ccc(S(=O)(=O)NCCCCCC(=O)NCCN4[C@@H]5CC[C@@H]4[C@@H](C(=O)OC)[C@@H](c4ccc(Cl)c(Cl)c4)C5)cc3S(=O)(=O)O)c3ccc(=[N+](CC)CC)cc-3oc2c1,train,train,test,2,2,0.8558559,0.8558559,0.8558559
CN1CCc2c(cccc2C(=O)NCC2(N3CCN(c4ccccc4)CC3)CCCCC2)C1,train,train,train,3,3,0.28985506,0.28985506,0.28985506
NC(=O)CCCc1c[nH]c2ccc(F)cc12,train,train,train,3,3,0.60465115,0.6,0.60465115
N#CCCCc1c[nH]c2ccc(F)cc12,train,test,train,3,3,0.6904762,0.6904762,0.6904762
NCC(N)CCc1c[nH]c2ccc(F)cc12,test,test,train,4,4,0.63414633,0.63414633,0.63414633
N#CSCCCc1c[nH]c2ccc(F)cc12,train,train,train,3,3,0.6904762,0.64444447,0.6904762
ONCCCc1c[nH]c2ccc(F)cc12,test,test,test,3,3,0.73170733,0.73170733,0.73170733
CCN(CCCc1c[nH]c2ccc(F)cc12)S(C)(=O)=O,train,train,train,3,3,0.5714286,0.8636364,0.5714286
CCN(CCc1c[nH]c2ccc(F)cc12)S(C)(=O)=O,test,train,test,3,3,0.8636364,0.8636364,0.8636364
NCCSCCCc1c[nH]c2c(F)cccc12,train,train,train,4,4,0.84210527,0.7368421,0.84210527
NCCSCCc1c[nH]c2c(F)cccc12,train,test,train,4,4,0.84210527,0.84210527,0.84210527
NCCSCCCc1c[nH]c2ccc(F)cc12,train,train,train,3,3,0.84615386,0.84615386,0.84615386
NCCSCCc1c[nH]c2ccc(F)cc12,train,train,train,3,3,0.84615386,0.84615386,0.84615386
OCCNCCCc1c[nH]c2ccc(F)cc12,train,train,train,3,3,0.84615386,0.6956522,0.84615386
OCCNCCc1c[nH]c2ccc(F)cc12,train,test,train,3,3,0.84615386,0.84615386,0.84615386
Fc1ccc2[nH]cc(CCCNCc3ccccc3)c2c1,train,test,train,3,3,0.76086956,0.76086956,0.67391306
Fc1ccc2[nH]cc(CCCN3CCN(c4ccccc4)CC3)c2c1,test,train,train,3,3,0.5588235,0.5588235,0.5588235
NCCCCc1c[nH]c2c(F)cccc12,train,train,test,4,4,0.90625,0.90625,0.90625
NCCCc1c[nH]c2c(F)cccc12,train,train,train,4,4,0.90625,0.90625,0.8125
NCCc1c[nH]c2c(F)cccc12,train,test,train,4,4,0.8125,0.8125,0.8125
CN(C)CC(c1ccc(O)cc1)C1(O)CCCCC1,train,train,train,4,4,0.3207547,0.3207547,0.3207547
CC(N)Cc1c[nH]c2ccccc12,train,train,train,4,4,0.48979592,0.48979592,0.48979592
CC(N)Cc1ccc2c(c1)OCO2,test,train,train,4,4,0.6571429,0.6571429,0.6571429
C[C@H](N)Cc1ccccc1,train,train,train,4,4,0.5555556,0.5555556,0.42424244
O=C(CCCc1ccccc1)N1c2ccccc2Sc2ccccc21,train,train,train,3,3,0.35555556,0.35555556,0.35555556
c1cc2c(cc1CN[C@H]1C3C4CC5C6C4CC3C6C51)OCO2,train,train,train,4,4,0.48979592,0.5744681,0.5744681
COc1cc(CN[C@H]2C3C4CC5C6C4CC3C6C52)cc(OC)c1OC,train,train,train,4,4,0.48979592,0.7380952,0.7380952
COc1ccc(CN[C@H]2C3C4CC5C6C4CC3C6C52)cc1OC,test,train,train,4,4,0.7380952,0.7380952,0.7380952
CN1CCc2c(c3cccc4c3n2CCc2ccccc2-4)C1,train,train,train,3,3,0.5652174,0.5652174,0.5652174
CN1CCc2c(c3cccc4c3n2-c2ccccc2CC4)C1,train,train,train,3,3,0.5652174,0.5652174,0.5652174
O=C(OCCF)[C@H]1[C@@H](c2ccc(I)cc2)C[C@@H]2CC[C@H]1N2C/C=C/I,train,train,train,2,2,0.7090909,0.75,0.75
COC(=O)[C@H]1[C@@H](c2ccc(I)cc2)C[C@@H]2CC[C@H]1N2C/C=C/I,test,train,train,2,2,0.8301887,0.8301887,0.75
O=C(O)[C@H]1[C@@H](c2ccc(I)cc2)C[C@@H]2CC[C@H]1N2C/C=C/I,train,test,test,2,2,0.7090909,0.7647059,0.7647059
O=C(CCCN1CC[C@H]2[C@@H](C1)c1cccc3c1N2CCN3)c1ccc(F)cc1,train,train,test,3,3,0.73015875,0.73015875,0.73015875
CN1CCN2c3c(cccc31)[C@@H]1CN(CCCC(=O)c3ccncc3)CC[C@@H]12,train,train,train,3,3,0.6119403,0.6119403,0.5970149
CN1CCN2c3c(cccc31)[C@@H]1CN(CCCOc3ccc(F)cc3)CC[C@@H]12,test,train,train,3,3,0.63076925,0.63076925,0.63076925
CN1CCN2c3c(cccc31)[C@@H]1CN(CCNC(=O)c3ccc(F)cc3)CC[C@@H]12,train,train,train,3,3,0.5882353,0.63076925,0.63076925
CN1CCN2c3c(cccc31)[C@@H]1CN(CCCc3n[nH]c4cc(F)ccc34)CC[C@@H]12,train,train,train,3,3,0.5466667,0.6231884,0.6231884
CN1CCN2c3c(cccc31)[C@@H]1CN(CCc3cc4c(cc3Cl)NC(=O)C4)CC[C@@H]12,train,train,train,3,3,0.52,0.52,0.52
Cc1ccn2c(=O)c(CCN3CC[C@H]4[C@@H](C3)c3cccc5c3N4CCN5C)c(C)nc2c1,train,train,train,3,3,0.50617284,0.50617284,0.50617284
O=C(CCCN1CC[C@H]2[C@@H](C1)c1cccc3c1N2CCC3)c1ccc(F)cc1,train,train,train,3,3,0.73015875,0.73015875,0.5970149
COc1cc2c(cc1OC)CN(C)CC2,train,train,train,0,0,0.38181818,0.38181818,0.38181818
Clc1cccc(COc2ccc(Br)cc2OC2CNC2)c1,train,train,train,4,4,0.47457626,0.47457626,0.47457626
Cc1nc(COc2ccc(Cl)cc2OC2CNC2)cs1,train,train,train,1,1,0.47457626,0.47457626,0.47457626
FC(F)(COc1ccc(Cl)cc1OC1CNC1)c1ccccc1,train,train,train,4,4,0.47457626,0.47457626,0.47457626
C[C@@H](Oc1ccc(C(F)(F)F)cc1OC1CNC1)c1cccc(C(F)(F)F)c1,train,train,train,4,4,0.4375,0.4375,0.4375
OC1(c2ccc(Cl)cc2)CCN(CCCCc2ccc(F)cc2)CC1,train,train,train,3,3,0.6875,0.6938776,0.6938776
OC1(c2ccc(Cl)cc2)CCN(CCCOc2ccc(F)cc2)CC1,train,train,train,3,3,0.6938776,0.6938776,0.6938776
OC1(c2ccc(Cl)cc2)CCN(CCCSc2ccc(F)cc2)CC1,train,train,train,3,3,0.6938776,0.6938776,0.6938776
OC1(c2ccc(Cl)cc2)CC2CCC(C1)N2CCCCc1ccc(F)cc1,train,train,train,3,3,0.7058824,0.7058824,0.7058824
OC1(c2ccc(Cl)cc2)CC2CCC(C1)N2CCCOc1ccc(F)cc1,train,train,train,3,3,0.71153843,0.71153843,0.71153843
OC1(c2ccc(Cl)cc2)CC2CCC(C1)N2CCCSc1ccc(F)cc1,train,train,train,3,3,0.7735849,0.7735849,0.7735849
OC1(c2ccc(Cl)cc2)CC2CCC(C1)N2CCCSc1cccc(F)c1,train,train,train,3,3,0.7735849,0.7735849,0.7735849
OC1(c2ccc(Cl)cc2)CC2CCC(C1)N2CCCSc1ccccc1F,train,train,train,4,4,0.7169811,0.7169811,0.7169811
Cc1ccc(C2CN(C)Cc3ccccc32)o1,train,train,train,0,0,0.627907,0.627907,0.627907
CN1Cc2ccccc2C(c2ccc3cn[nH]c3c2)C1,train,train,test,0,0,0.84444445,0.84444445,0.84444445
COc1c(C2CN(C)Cc3ccccc32)ccc2sccc12,test,test,test,0,0,0.79545456,0.79545456,0.79545456
CN1Cc2cc(CN3CCOCC3)ccc2C(c2cc3ccccc3s2)C1,test,test,train,0,0,0.7118644,0.7118644,0.7118644
Cc1ccc(C2CN(C)Cc3ccccc32)s1,train,train,test,0,0,0.65,0.65,0.65
CN1Cc2ccccc2C(c2ccc3[nH]ncc3c2)C1,train,train,train,0,0,0.84444445,0.84444445,0.67346936
CN1Cc2ccccc2C(c2ccc3sncc3c2)C1,train,train,test,0,0,0.67346936,0.67346936,0.84444445
CN1Cc2ccccc2C(c2cc3ccccc3s2)C1,train,train,train,0,0,0.6666667,0.6666667,0.68
Cc1noc(C)c1C1CN(C)Cc2ccccc21,train,train,test,0,0,0.5555556,0.5555556,0.5555556
COc1cccc2cc(C3CN(C)Cc4ccccc43)oc12,train,train,train,0,0,0.6666667,0.6666667,0.6666667
CN1Cc2cc(-c3cncnc3)ccc2C(c2cc3ccccc3s2)C1,train,train,train,0,0,0.6779661,0.6779661,0.6779661
CN1Cc2ccccc2C(c2ccc3sccc3c2)C1,train,train,train,0,0,0.67346936,0.67346936,0.6730769
CN1Cc2ccccc2C(c2cccc3ccoc23)C1,test,test,test,0,0,0.6041667,0.6041667,0.54761904
CN1Cc2ccccc2C(c2ccc3ccoc3c2)C1,train,train,test,0,0,0.8181818,0.8181818,0.6122449
CN1Cc2ccccc2C(c2cc3ccccc3o2)C1,train,train,train,0,0,0.6666667,0.6666667,0.6666667
CN1Cc2cc(N3CCOCC3)ccc2C(c2ccc3sccc3c2)C1,train,train,train,0,0,0.6363636,0.6363636,0.6363636
CN1Cc2cc(-c3cccnn3)ccc2C(c2cc3ccccc3s2)C1,train,train,train,0,0,0.6779661,0.6779661,0.6779661
CCN1Cc2ccccc2C(c2ccc3cn[nH]c3c2)C1,test,test,train,0,0,0.75,0.75,0.63461536
CN1Cc2cc(-c3cccnn3)ccc2C(c2cc3ccccc3o2)C1,train,train,train,0,0,0.6451613,0.6451613,0.6451613
CN1Cc2cc(-c3cccnn3)ccc2C(c2ccc3sccc3c2)C1,train,train,test,0,0,0.6507937,0.6507937,0.6507937
COc1c(C2CN(C)Cc3cc(-c4ccc(C)nn4)ccc32)ccc2sccc12,train,train,train,0,0,0.5070422,0.5070422,0.4918033
COc1ccc(C2CN(C)Cc3ccccc32)cn1,train,train,train,0,0,0.5952381,0.5952381,0.5952381
CN1Cc2ccccc2C(c2cccs2)C1,train,train,train,0,0,0.65,0.65,0.6052632
CN(C)Cc1ccc2c(c1)CN(C)CC2c1ccc2sccc2c1,train,train,train,0,0,0.6730769,0.6730769,0.6730769
CN1Cc2ccccc2C(c2ccc3cc[nH]c3c2)C1,train,train,train,0,0,0.8372093,0.8372093,0.8372093
CN1Cc2ccccc2C(c2ccc3[nH]ccc3c2)C1,train,train,train,0,0,0.8372093,0.8372093,0.8372093
CN1Cc2ccccc2C(c2ccc3occc3c2)C1,train,train,test,0,0,0.8181818,0.8181818,0.60784316
COc1ccc(CCN(CCCc2ccccc2)CCc2ccc3c(c2)OCO3)cc1OC,train,train,train,4,4,0.34545454,0.35849056,0.35849056
C=CCN(CC=C)CCc1c[nH]c2ccc(Cl)cc12,train,train,train,3,3,0.7380952,0.7380952,0.7380952
C=CCN(CC=C)CCc1c[nH]c2ccccc12,train,train,test,4,4,0.68292683,0.68292683,0.68292683
C=CCN(CC=C)CCc1c[nH]c2ccc(C)cc12,train,train,train,4,4,0.7380952,0.7380952,0.7380952
C=CCN(CC=C)CCc1c[nH]c2ccc(Br)cc12,train,train,train,4,4,0.7380952,0.7380952,0.7380952
C=CCN(CC=C)CCc1c[nH]c2ccc(F)cc12,test,test,train,4,4,0.7380952,0.7380952,0.7380952
CN(C)CCN(Cc1ccccc1)S(=O)(=O)c1ccc(I)cc1,test,train,train,4,4,0.30769232,0.30769232,0.3
Clc1cccc(N2CCNCC2)c1,train,train,train,1,1,0.40425533,0.40425533,0.40384614
c1ccc2c(c1)CCN(CCCCc1c[nH]c3ccccc13)C2,train,train,test,3,3,0.51724136,0.51724136,0.4920635
O=C(CCCN1CCc2ccccc2C1)c1ccccc1,train,train,train,3,3,0.7619048,0.74418604,0.74418604
N#Cc1ccc(C(=O)CCCN2CCc3ccccc3C2)cc1,train,test,test,3,3,0.7619048,0.7619048,0.7619048
COc1ccc(C(=O)CCCN2CCc3ccccc3C2)cc1,test,train,train,3,3,0.74418604,0.74418604,0.74418604
O=C1NCN(c2ccccc2)C12CCN(CCCCc1c[nH]c3ccccc13)CC2,train,test,test,3,3,0.51724136,0.51724136,0.4520548
O=c1[nH]c2cc(Cl)ccc2n1C1CCN(CCCCc2nc3ccccc3o2)CC1,test,train,train,3,3,0.62857145,0.62857145,0.62857145
O=c1[nH]c2cc(Cl)ccc2n1C1CCN(CCCCc2c[nH]c3ccccc23)CC1,train,train,train,3,3,0.65625,0.62857145,0.65625
Oc1ccccc1CCCNCc1ccccc1O,train,train,train,4,4,0.8,0.54761904,0.8
Oc1ccccc1CCCNCc1ccccc1F,train,test,train,4,4,0.8,0.8,0.8
Oc1ccccc1CNCCCc1c[nH]c2ccc(F)cc12,train,train,test,4,4,0.76086956,0.6956522,0.76086956
COc1ccc(Br)c(CC2CCN(CCc3ccccc3)CC2)c1,train,train,train,3,3,0.8666667,0.8666667,0.8666667
COc1ccc(Br)c(CC2CCN(CCc3ccc(C)cc3)CC2)c1,train,train,train,3,3,0.8888889,0.8888889,0.8888889
COc1ccc(CCN2CCC(Cc3cc(OC)ccc3Br)CC2)cc1,train,train,train,3,3,0.8888889,0.8888889,0.8888889
COc1ccc(Br)c(CC2CCN(CCc3ccccc3OC)CC2)c1,train,train,train,3,3,0.78,0.78,0.78
COc1cccc(CCN2CCC(Cc3cc(OC)ccc3Br)CC2)c1,train,train,train,3,3,0.85106385,0.85106385,0.85106385
COc1ccc(Br)c(CC2CCN(CCc3ccc(F)cc3)CC2)c1,train,test,train,3,3,0.8695652,0.8695652,0.8695652
COc1ccc(Br)c(CC2CCN(CCc3ccc(Cl)cc3)CC2)c1,test,train,train,3,3,0.8695652,0.8695652,0.8695652
COc1ccc(Br)c(CC2CCN(CCc3ccccc3Cl)CC2)c1,train,train,train,3,3,0.78,0.8541667,0.78
COc1ccc(Br)c(CC2CCN(CCc3cccc(Cl)c3)CC2)c1,train,test,train,3,3,0.84,0.84,0.84
COc1ccc(CCN2CCC(Cc3cc(OC)ccc3Br)CC2)c(Cl)c1,test,train,test,3,3,0.8541667,0.8541667,0.8541667
COc1ccc(Br)c(CC2CCN(CCc3ccc(OC)c(Cl)c3)CC2)c1,train,test,train,3,3,0.7647059,0.7735849,0.8269231
COc1ccc(Br)c(CC2CCN(CCc3ccc(OC)c(OC)c3)CC2)c1,test,test,train,3,3,0.8269231,0.8125,0.8269231
COc1ccc(Br)c(CC2CCN(CCc3cc(OC)c(OC)cc3Cl)CC2)c1,test,train,train,3,3,0.7692308,0.82,0.7692308
COc1ccc(Br)c(CC2CCN(CCc3cccc4ccccc34)CC2)c1,train,train,train,3,3,0.78,0.78,0.78
COc1ccc(Br)c(CC2CCN(CCc3ccc4ccccc4c3)CC2)c1,train,train,train,3,3,0.8333333,0.8333333,0.8333333
COc1ccc(Br)c(CC2CCN(CCc3cccc4c3OCCO4)CC2)c1,train,test,train,3,3,0.7288136,0.7118644,0.7288136
COc1ccc(Br)c(CC2CCN(CCc3ccc4c(c3)OCCO4)CC2)c1,test,train,train,3,3,0.75,0.75,0.75
COc1ccc(Br)c(CC2CCN(CCc3cc4c(cc3Cl)OCCO4)CC2)c1,train,test,train,3,3,0.8103448,0.83928573,0.83928573
CCOc1ccc(Br)c(CC2CCN(CCc3cc4c(cc3Cl)OCCO4)CC2)c1,test,train,train,3,3,0.83928573,0.7966102,0.83928573
CC(C)Oc1ccc(Br)c(CC2CCN(CCc3cc4c(cc3Cl)OCCO4)CC2)c1,train,train,train,3,3,0.8103448,0.7966102,0.8103448
COc1cccc(CC2CCN(CCc3ccccc3)CC2)c1,train,train,train,3,3,0.70212764,0.6875,0.6875
COc1ccc(F)c(CC2CCN(CCc3ccccc3)CC2)c1,train,test,test,3,3,0.7708333,0.7708333,0.7708333
COc1ccc(Cl)c(CC2CCN(CCc3ccccc3)CC2)c1,test,train,train,3,3,0.7708333,0.75510204,0.75510204
CN1Cc2ccccc2C(c2cccc3sccc23)C1,train,train,train,0,0,0.6041667,0.6041667,0.6041667
Cc1cccc2c1C(c1ccc3ccccc3c1)CN(C)C2,train,train,train,0,0,0.5,0.5,0.50877196
CN1Cc2cc(-c3cnccn3)ccc2C(c2cc3ccccc3s2)C1,test,test,test,0,0,0.7241379,0.7241379,0.7241379
CN1Cc2cc(N3CCOCC3)ccc2C(c2cc3ccccc3s2)C1,train,train,train,0,0,0.65384614,0.65384614,0.8113208
CN1Cc2cc(N3CCCCC3)ccc2C(c2cc3ccccc3s2)C1,test,test,train,0,0,0.8113208,0.8113208,0.8113208
CN1Cc2ccccc2C(c2ccc3[nH]ncc3c2)C1Cl,test,test,train,0,0,0.63461536,0.63461536,0.63461536
CN1Cc2ccccc2C(c2ccc3cnsc3c2)C1,test,test,train,0,0,0.84444445,0.84444445,0.62
CC1NOC(C)C1c1ccc2c(c1)CN(C)CC2c1ccc2ccccc2c1,test,test,train,0,0,0.50877196,0.50877196,0.50877196
OCCOc1cc(CC2CCN(CCc3ccc4c(c3)C(O)CCO4)CC2)ccc1Br,train,train,test,3,3,0.83870965,0.83870965,0.83870965
COCCOc1cc(CC2CCN(CCc3ccc4c(c3)C(=O)C(O)CO4)CC2)ccc1Br,train,train,train,3,3,0.84375,0.84375,0.84375
O=C1c2cc(CCN3CCC(Cc4ccc(Br)c(OCCO)c4)CC3)ccc2OCC1O,train,train,train,3,3,0.84375,0.84375,0.84375
O=C1c2cc(CCN3CCC(Cc4ccc(Br)c(O)c4)CC3)ccc2OCC1O,train,train,train,3,3,0.7413793,0.7413793,0.7413793
COCCOc1cc(CC2CCN(CCc3ccc4occc(=O)c4c3)CC2)ccc1Br,train,train,train,3,3,0.828125,0.828125,0.828125
O=c1ccoc2ccc(CCN3CCC(Cc4ccc(Br)c(OCCO)c4)CC3)cc12,train,train,train,3,3,0.828125,0.828125,0.828125
O=C1CCOc2ccc(CCN3CCC(Cc4ccc(Br)c(O)c4)CC3)cc21,train,train,train,3,3,0.7413793,0.7413793,0.7413793
O=c1ccoc2ccc(CCN3CCC(Cc4ccc(Br)c(O)c4)CC3)cc12,train,train,test,3,3,0.73015875,0.73015875,0.73015875
COCCOc1cc(CC2CCN(CCc3ccc4c(c3)C(=O)CC(O)O4)CC2)ccc1Br,train,train,train,3,3,0.73913044,0.73913044,0.73913044
COCCOc1cc(CC2CCN(CC(O)c3ccc4c(c3)C(=O)CCO4)CC2)ccc1Br,train,train,test,3,3,0.75714284,0.75714284,0.75714284
COCCOc1cc(CC2CCNCC2)ccc1Br,test,test,train,4,4,0.75,0.75,0.75
OCCOc1cc(CC2CCNCC2)ccc1Br,train,train,train,4,4,0.516129,0.516129,0.75
O=C(O)COc1cc(CC2CCN(CCc3ccc4c(c3)C(=O)C(O)CO4)CC2)ccc1Br,train,train,train,3,3,0.8030303,0.8030303,0.8030303
COCCOc1cc(CC2CCN(CCc3ccc4occ(O)c(=O)c4c3)CC2)ccc1Br,train,train,train,3,3,0.7536232,0.7536232,0.7536232
Oc1cc(CC2CCN(CCc3ccc4c(c3)C(O)CCO4)CC2)ccc1Br,train,train,train,3,3,0.73770493,0.73770493,0.71428573
CCOCCCCNC(CC(C)C)C1(c2ccc(SC)cc2)CCC1,train,train,train,1,1,0.6909091,0.6909091,0.6909091
CCOCCNC(CC(C)C)C1(c2ccc(Cl)c(Cl)c2)CCC1,test,test,train,1,1,0.85714287,0.85714287,0.85714287
CCCOCCCN[C@H](CC(C)C)C1(c2ccc(Cl)c(Cl)c2)CCC1,train,train,train,1,1,0.8076923,0.8076923,0.8076923
COCCCCN[C@H](CC(C)C)C1(c2ccc(Cl)c(Cl)c2)CCC1,test,test,train,1,1,0.8039216,0.8039216,0.8039216
CCOCCCCN[C@H](CC(C)C)C1(c2ccc(Cl)c(Cl)c2)CCC1,train,train,train,1,1,0.8076923,0.8076923,0.85714287
CCSCCCCNC(CC(C)C)C1(c2ccc(Cl)cc2)CCC1,train,train,train,1,1,0.78431374,0.78431374,0.78431374
CCOc1ccc(C2(C(CC(C)C)NCCSCC)CCC2)cc1,train,train,train,1,1,0.64285713,0.64285713,0.64285713
CCSCCCCNC(CC(C)C)C1(c2ccc(Cl)c(Cl)c2)CCC1,train,train,train,1,1,0.78431374,0.78431374,0.8627451
CCCCSCCCCNC(CC(C)C)C1(c2ccc(Cl)c(Cl)c2)CCC1,test,test,train,1,1,0.8627451,0.8627451,0.8627451
CCSCCNC(CC)C1(c2ccc(Cl)c(Cl)c2)CCC1,test,test,test,1,1,0.6923077,0.6923077,0.6923077
CCS(=O)(=O)CCCCNC(CC(C)C)C1(c2ccc(Cl)c(Cl)c2)CCC1,train,train,train,1,1,0.7090909,0.7090909,0.7090909
CCC(NC(CC(C)C)C1(c2ccc(Cl)cc2)CCC1)C(=O)O,train,train,test,1,1,0.76,0.76,0.76
CCC(NC(CC(C)C)C1(c2ccc(Cl)cc2)CCC1)C(=O)OCC(C)C,train,train,train,1,1,0.76,0.76,0.47540984
CCC(=O)OCCNC(CC(C)C)C1(c2ccc(Cl)c(Cl)c2)CCC1,test,test,test,1,1,0.6964286,0.6964286,0.7222222
CCOc1ccc(C2(C(CC(C)C)NCCOC(=O)CC)CCC2)cc1,test,test,train,1,1,0.71428573,0.71428573,0.64285713
CCOC(=O)NCCNC(CC(C)C)C1(c2ccc(Cl)c(Cl)c2)CCC1,test,test,train,1,1,0.73214287,0.73214287,0.73214287
CCOC(=O)NCCNC(CC(C)C)C1(c2ccc(OCC)cc2)CCC1,train,train,test,1,1,0.76363635,0.76363635,0.73214287
CCCC(=O)NCCNC(CC(C)C)C1(c2ccc(Cl)c(Cl)c2)CCC1,test,test,train,1,1,0.7090909,0.7090909,0.73214287
CCCC(=O)NCCNC(CC(C)C)C1(c2ccc(OCC)cc2)CCC1,train,train,test,1,1,0.76363635,0.76363635,0.7017544
CC(C)CC(NCCCC(N)=O)C1(c2ccc(Cl)c(Cl)c2)CCC1,train,train,train,1,1,0.6909091,0.6909091,0.7090909
CN(C)CCCC1(c2ccc(F)cc2)OCc2cc(-c3ccc(N)cc3)ccc21,train,train,test,4,4,0.6666667,0.6666667,0.8333333
CNc1nc(C#Cc2ccc(Cl)s2)nc2c1ncn2[C@H]1[C@H](O)[C@H](O)[C@]2(C(=O)OCc3ccccc3)C[C@H]12,train,train,train,3,3,0.5,0.5,0.5
CCCNc1nc(C#Cc2ccc(Cl)s2)nc2c1ncn2[C@@H]1O[C@H](C(=O)NC)[C@@H](O)[C@H]1O,train,train,train,3,3,0.5,0.5,0.5
COC(=O)[C@H]1[C@@H](c2ccc([125I])cc2)CC2CC[C@H]1N2C,train,train,train,2,2,0.7777778,0.7777778,0.7777778
Cc1cccc(Cl)c1-c1nc(CN2CCC(C(=O)NCCCN3C[C@@H](C)C[C@@H](C)C3)CC2)c(C)o1,train,train,train,3,3,0.27380952,0.27380952,0.27380952
Cc1cccc(S(=O)(=O)NCCN2CC=C(c3c[nH]c4ccc(F)cc34)CC2)c1,train,train,train,3,3,0.9310345,0.9310345,0.9310345
Cc1cccc(S(=O)(=O)NCCCN2CC=C(c3c[nH]c4ccc(F)cc34)CC2)c1,train,train,train,3,3,0.9661017,0.9310345,0.9661017
Cc1cccc(S(=O)(=O)NCCCCN2CC=C(c3c[nH]c4ccc(F)cc34)CC2)c1,train,test,train,3,3,0.9661017,0.9661017,0.9661017
Cc1cccc(S(=O)(=O)NCCN2CC=C(c3c[nH]c4ccc(Cl)cc34)CC2)c1,test,train,train,3,3,0.9322034,0.90163934,0.9322034
Cc1cccc(S(=O)(=O)NCCCN2CC=C(c3c[nH]c4ccc(Cl)cc34)CC2)c1,train,test,train,3,3,0.96666664,0.96666664,0.96666664
Cc1cccc(S(=O)(=O)NCCCCN2CC=C(c3c[nH]c4ccc(Cl)cc34)CC2)c1,train,train,train,3,3,0.96666664,0.90163934,0.96666664
Cc1cccc(S(=O)(=O)NCCN2CC=C(c3c(C)[nH]c4ccc(Cl)cc34)CC2)c1,test,train,train,3,3,0.93333334,0.93333334,0.93333334
Cc1cccc(S(=O)(=O)NCCCN2CC=C(c3c(C)[nH]c4ccc(Cl)cc34)CC2)c1,train,train,train,3,3,0.9672131,0.9672131,0.9672131
Cc1cccc(S(=O)(=O)NCCCCN2CC=C(c3c(C)[nH]c4ccc(Cl)cc34)CC2)c1,train,train,train,3,3,0.9672131,0.9672131,0.9672131
O=S(=O)(NCCN1CC=C(c2c[nH]c3ccc(F)cc23)CC1)c1ccc2ccccc2c1,train,train,train,3,3,0.9322034,0.9322034,0.9322034
O=S(=O)(NCCCN1CC=C(c2c[nH]c3ccc(F)cc23)CC1)c1ccc2ccccc2c1,train,train,train,3,3,0.96666664,0.96666664,0.9322034
O=S(=O)(NCCCCN1CC=C(c2c[nH]c3ccc(F)cc23)CC1)c1ccc2ccccc2c1,train,train,test,3,3,0.96666664,0.96666664,0.96666664
O=S(=O)(NCCN1CC=C(c2c[nH]c3ccc(Cl)cc23)CC1)c1ccc2ccccc2c1,train,train,test,3,3,0.93333334,0.93333334,0.93333334
O=S(=O)(NCCCN1CC=C(c2c[nH]c3ccc(Cl)cc23)CC1)c1ccc2ccccc2c1,train,train,train,3,3,0.9672131,0.9672131,0.9672131
O=S(=O)(NCCCCN1CC=C(c2c[nH]c3ccc(Cl)cc23)CC1)c1ccc2ccccc2c1,train,train,train,3,3,0.9672131,0.9672131,0.9672131
Cc1[nH]c2ccc(Cl)cc2c1C1=CCN(CCNS(=O)(=O)c2ccc3ccccc3c2)CC1,train,train,train,3,3,0.93650794,0.93650794,0.93650794
Cc1[nH]c2ccc(Cl)cc2c1C1=CCN(CCCNS(=O)(=O)c2ccc3ccccc3c2)CC1,train,train,train,3,3,0.96875,0.96875,0.96875
Cc1[nH]c2ccc(Cl)cc2c1C1=CCN(CCCCNS(=O)(=O)c2ccc3ccccc3c2)CC1,train,train,train,3,3,0.96875,0.96875,0.96875
O=S(=O)(NCCN1CC=C(c2c[nH]c3ccc(Cl)cc23)CC1)c1cccc2ccccc12,train,train,train,3,3,0.93333334,0.78125,0.9032258
O=S(=O)(NCCCN1CC=C(c2c[nH]c3ccc(Cl)cc23)CC1)c1cccc2ccccc12,train,test,test,3,3,0.93333334,0.93333334,0.9672131
O=S(=O)(NCCCCN1CC=C(c2c[nH]c3ccc(Cl)cc23)CC1)c1cccc2ccccc12,test,test,train,3,3,0.9672131,0.9032258,0.9032258
O=S(=O)(NCCN1CC=C(c2c[nH]c3ccc(Cl)cc23)CC1)c1cccc(F)c1,test,train,test,3,3,0.9310345,0.9310345,0.9310345
O=S(=O)(NCCCN1CC=C(c2c[nH]c3ccc(Cl)cc23)CC1)c1cccc(F)c1,train,train,train,3,3,0.9661017,0.9661017,0.9661017
O=S(=O)(NCCCCN1CC=C(c2c[nH]c3ccc(Cl)cc23)CC1)c1cccc(F)c1,train,train,train,3,3,0.9661017,0.9661017,0.9661017
O=S(=O)(NCCN1CC=C(c2c[nH]c3ccc(Cl)cc23)CC1)c1cccc(Cl)c1,train,test,train,3,3,0.86440676,0.8947368,0.9285714
O=S(=O)(NCCCN1CC=C(c2c[nH]c3ccc(Cl)cc23)CC1)c1cccc(Cl)c1,test,test,train,3,3,0.9285714,0.9,0.98214287
O=S(=O)(NCCCCN1CC=C(c2c[nH]c3ccc(Cl)cc23)CC1)c1cccc(Cl)c1,test,test,train,3,3,0.9166667,0.9166667,0.98214287
O=S(=O)(NCCN1CC=C(c2c[nH]c3ccc(Cl)cc23)CC1)c1cccc(O)c1,train,train,test,3,3,0.93333334,0.93333334,0.86440676
O=S(=O)(NCCCN1CC=C(c2c[nH]c3ccc(Cl)cc23)CC1)c1cccc(O)c1,train,train,test,3,3,0.9672131,0.9672131,0.86885244
O=S(=O)(NCCCCN1CC=C(c2c[nH]c3ccc(Cl)cc23)CC1)c1cccc(O)c1,train,train,test,3,3,0.9672131,0.9672131,0.88709676
O=S(=O)(NCCN1CC=C(c2c[nH]c3ccc(Cl)cc23)CC1)c1ccc(F)cc1,train,train,train,3,3,0.9285714,0.9285714,0.9285714
O=S(=O)(NCCCN1CC=C(c2c[nH]c3ccc(Cl)cc23)CC1)c1ccc(F)cc1,train,train,train,3,3,0.9649123,0.9649123,0.9649123
O=S(=O)(NCCCCN1CC=C(c2c[nH]c3ccc(Cl)cc23)CC1)c1ccc(F)cc1,train,train,train,3,3,0.9649123,0.9649123,0.9649123
O=S(=O)(NCCN1CC=C(c2c[nH]c3ccc(Cl)cc23)CC1)c1ccc(Cl)cc1,train,train,train,3,3,0.9245283,0.9245283,0.9074074
O=S(=O)(NCCCN1CC=C(c2c[nH]c3ccc(Cl)cc23)CC1)c1ccc(Cl)cc1,train,train,test,3,3,0.962963,0.9245283,0.9245283
O=S(=O)(NCCCCN1CC=C(c2c[nH]c3ccc(Cl)cc23)CC1)c1ccc(Cl)cc1,train,test,test,3,3,0.962963,0.962963,0.9137931
COc1cccc(-c2ccc3c(c2)CN(Cc2ccccc2)C3)c1,test,test,train,4,4,0.41509435,0.41509435,0.41509435
CN1CCN(c2ccc3c(c2)CN(C(=O)OCc2ccccc2)C3)CC1,test,train,train,3,3,0.28947368,0.28947368,0.3114754
CC(C)(C)OC(=O)NCCCCCCn1cc(CCCCN2CCC(c3ccc(-c4cc(C(=O)O)cc5cc(-c6ccc(C(F)(F)F)cc6)ccc45)cc3)CC2)nn1,train,train,train,3,3,0.27522936,0.27522936,0.27522936
CN1Cc2c(N)cccc2C(c2ccc(Cl)c(Cl)c2)C1,train,train,test,0,0,0.5,0.5,0.50980395
Clc1ccc([C@@H]2CCNC[C@@]23CCOC3)cc1Cl,test,test,test,1,1,0.8947368,0.8947368,0.85365856
Clc1ccc(C2CCNCC23CCOCC3)cc1Cl,train,train,test,1,1,0.7894737,0.7894737,0.7894737
Clc1ccc(C2CCNCC23COC3)cc1Cl,train,train,train,1,1,0.7894737,0.7894737,0.75609756
Clc1ccc([C@@H]2CCN[C@@H]3CCOC[C@@H]32)cc1Cl,train,train,test,1,1,0.42857143,0.42857143,0.41666666
CNC[C@H](c1ccc2ccccc2c1)[C@H](O)c1ccccc1,train,train,train,4,4,0.42,0.42,0.42
CN(C)C[C@H](c1ccc2ccccc2c1)[C@H](O)C1CCCCC1,train,train,train,4,4,0.42,0.42,0.42
COCCOc1cccc(CC2CCN(CCc3cc4c(cc3Cl)OCCO4)CC2)c1Br,train,train,train,3,3,0.765625,0.765625,0.765625
COCCOc1cc(CC2CCN(CCc3cc4c(cc3Cl)OCCO4)CC2)ccc1Br,train,train,train,3,3,0.7741935,0.7741935,0.7741935
COCCOc1cc(Br)cc(CC2CCN(CCc3cc4c(cc3Cl)OCCO4)CC2)c1,train,train,train,3,3,0.74603176,0.74603176,0.7121212
COCCOc1cc(CC2CCN(CCc3ccc4c(c3)OCCO4)CC2)ccc1Br,train,train,train,3,3,0.8032787,0.8032787,0.8032787
COCCOc1cc(Br)cc(CC2CCN(CCc3ccc4c(c3)OCCO4)CC2)c1,train,train,test,3,3,0.78125,0.78125,0.78125
COCCOc1cc(CC2CCN(CCc3ccc4c(c3)CCCO4)CC2)ccc1Br,train,train,train,3,3,0.8852459,0.8852459,0.8032787
COCCOc1cc(CC2CCN(CCc3ccc4c(c3)C(O)CCO4)CC2)ccc1Br,train,train,train,3,3,0.83870965,0.83870965,0.7903226
COCCOc1cc(CC2CCN(CCc3ccc4c(c3)C(=O)CCO4)CC2)ccc1Br,train,train,train,3,3,0.93333334,0.93333334,0.93333334
COCCOc1cc(CC2CCN(CCc3ccc4c(c3)OCCC4)CC2)ccc1Br,train,train,test,3,3,0.8852459,0.8852459,0.8852459
COCCOc1cc(CC2CCN(CCc3ccc4c(c3)OCCC4=O)CC2)ccc1Br,train,train,train,3,3,0.93333334,0.93333334,0.93333334
COCCOc1cc(CC2CCN(CCc3ccc4c(c3)C(=O)CCC4)CC2)ccc1Br,train,train,train,3,3,0.77272725,0.77272725,0.74242425
COCCOc1cc(CC2CCN(CCc3ccc4c(c3)C(=O)CCCO4)CC2)ccc1Br,train,train,test,3,3,0.9032258,0.9032258,0.9032258
COCCOc1cc(CC2CCN(CCc3ccc4c(c3)S(=O)(=O)CCO4)CC2)ccc1Br,train,train,train,3,3,0.75384617,0.75384617,0.75384617
COCCOc1cc(Br)cc(CC2CCN(CCc3ccc4c(c3)C(=O)CCO4)CC2)c1,train,train,train,3,3,0.8,0.78125,0.8
COCCOc1cccc(CC2CCN(CCc3ccc4c(c3)C(=O)CCO4)CC2)c1,train,test,train,3,3,0.8,0.8,0.8
COCCOc1cc(CC2CCN(CCc3ccc4c(c3)C(=O)CCO4)CC2)ccc1F,train,train,test,3,3,0.82539684,0.82539684,0.82539684
COCCOc1cc(CC2CCN(CCc3ccc4c(c3)C(=O)CCO4)CC2)ccc1Cl,train,train,train,3,3,0.82539684,0.82539684,0.82539684
COCCOc1cc(CC2CCN(CCc3ccc4c(c3)C(=O)CCO4)CC2)ccc1I,train,train,test,3,3,0.82539684,0.82539684,0.82539684
COCCOc1cc(CC2CCN(CCc3ccc4c(c3)C(=O)CCO4)CC2)ccc1C,train,train,train,3,3,0.83870965,0.83870965,0.83870965
CCc1ccc(CC2CCN(CCc3ccc4c(c3)C(=O)CCO4)CC2)cc1OCCOC,train,train,train,3,3,0.82539684,0.82539684,0.82539684
COCCOc1cc(CC2CCN(CCc3ccc4c(c3)C(=O)CCO4)CC2)ccc1C(C)C,train,train,train,3,3,0.83870965,0.83870965,0.83870965
O=S(=O)(c1cncc2ccccc12)N1CCC[C@H]1CCN1CCN(c2cccc3sccc23)CC1,test,test,test,3,3,0.3068182,0.3068182,0.3068182
Fc1cc(N2CCN(CCc3coc4ccccc34)CC2)c2ncccc2c1,train,train,train,3,3,0.4189189,0.4189189,0.36708862
COc1ccccc1N1CCN(CCCN2CCOc3ccccc32)CC1,train,train,test,3,3,0.37333333,0.37333333,0.46774194
OC1(c2ccc(Cl)c(C(F)(F)F)c2)CCN(CCCN(c2ccc(F)cc2)c2ccc(F)cc2)CC1,train,train,train,1,1,0.7627119,0.7627119,0.9607843
OC1(c2ccc(Cl)c(C(F)(F)F)c2)CCN(CCCCN(c2ccc(F)cc2)c2ccc(F)cc2)CC1,test,test,train,1,1,0.9607843,0.9607843,0.9607843
OC1(c2ccc(Cl)c(C(F)(F)F)c2)CCN(CCCCC(c2ccc(F)cc2)c2ccc(F)cc2)CC1,train,train,test,1,1,0.68333334,0.68333334,0.8
OC1(c2ccc(Cl)c(C(F)(F)F)c2)CCN(CCCC(c2ccccc2)c2ccccc2)CC1,test,test,train,1,1,0.8,0.8,0.60655737
COc1ccc(N(CCCCN2CCC(O)(c3ccc(Cl)c(C(F)(F)F)c3)CC2)c2ccc(OC)cc2)cc1,train,train,train,1,1,0.7627119,0.7627119,0.79310346
OC1(c2ccc(Cl)c(C(F)(F)F)c2)CCN(CCCC(c2ccc(F)cc2)c2ccc(F)cc2)CC1,test,test,test,1,1,0.9423077,0.9423077,0.8490566
C#CCOc1ccc(C(=O)c2ccc(CN(C)CCC[C@@]3(c4ccc(F)cc4)OCc4cc(C#N)ccc43)cc2)cc1,train,train,test,4,4,0.6197183,0.6197183,0.725
C#CCOc1ccc(C(=O)c2ccc(C(=O)NCc3ccc4c(c3)CO[C@@]4(CCCN(C)C)c3ccc(F)cc3)cc2)cc1,test,test,train,4,4,0.725,0.725,0.59090906
CN(C)CCC[C@@]1(c2ccc(F)cc2)OCc2cc(CNC(=O)c3cc(CN=[N+]=[N-])cc(N=[N+]=[N-])c3)ccc21,train,train,train,3,3,0.49367088,0.49367088,0.59090906
COc1ccc2[nH]cc(C3CCN(CCN4C(=O)CC(c5c[nH]c6ccc(F)cc56)C4=O)CC3)c2c1,train,train,train,3,3,1.0,1.0,1.0
O=C1CC(c2c[nH]c3ccc(F)cc23)C(=O)N1CCN1CCC(c2c[nH]c3ccc(F)cc23)CC1,train,train,train,3,3,0.90909094,0.90909094,0.90909094
O=C1CC(c2c[nH]c3ccc(F)cc23)C(=O)N1CCN1CCC(c2c[nH]c3ccccc23)CC1,train,train,train,3,3,0.90909094,0.90909094,0.90909094
COc1ccc2[nH]cc(C3CCN(CCCN4C(=O)CC(c5c[nH]c6ccc(F)cc56)C4=O)CC3)c2c1,test,test,train,3,3,0.9677419,0.9677419,1.0
O=C1CC(c2c[nH]c3ccc(F)cc23)C(=O)N1CCCN1CCC(c2c[nH]c3ccc(F)cc23)CC1,train,train,train,3,3,0.9122807,0.9122807,0.9622642
O=C1CC(c2c[nH]c3ccc(F)cc23)C(=O)N1CCCN1CCC(c2c[nH]c3ccccc23)CC1,train,train,test,3,3,0.9655172,0.9655172,0.9655172
COc1ccc2[nH]cc(C3CCN(CCCCN4C(=O)CC(c5c[nH]c6ccc(F)cc56)C4=O)CC3)c2c1,train,train,test,3,3,1.0,1.0,1.0
O=C1CC(c2c[nH]c3ccc(F)cc23)C(=O)N1CCCCN1CCC(c2c[nH]c3ccc(F)cc23)CC1,test,test,train,3,3,0.9622642,0.9622642,0.9622642
O=C1CC(c2c[nH]c3ccc(F)cc23)C(=O)N1CCCCN1CCC(c2c[nH]c3ccccc23)CC1,train,train,train,3,3,0.9655172,0.9655172,0.9122807
COc1ccc2[nH]cc(C3CCN(CCN4C(=O)CC(c5c[nH]c6ccc(OC)cc56)C4=O)CC3)c2c1,train,train,train,3,3,0.9137931,0.9137931,0.89830506
COc1ccc2[nH]cc(C3CC(=O)N(CCN4CCC(c5c[nH]c6ccc(F)cc56)CC4)C3=O)c2c1,train,train,train,3,3,1.0,1.0,1.0
COc1ccc2[nH]cc(C3CC(=O)N(CCN4CCC(c5c[nH]c6ccccc56)CC4)C3=O)c2c1,train,train,test,3,3,0.9137931,0.9137931,0.9137931
COc1ccc2[nH]cc(C3CCN(CCCN4C(=O)CC(c5c[nH]c6ccc(OC)cc56)C4=O)CC3)c2c1,train,train,train,3,3,0.96428573,0.96428573,0.96428573
COc1ccc2[nH]cc(C3CC(=O)N(CCCN4CCC(c5c[nH]c6ccc(F)cc56)CC4)C3=O)c2c1,test,test,train,3,3,0.9677419,0.9677419,1.0
COc1ccc2[nH]cc(C3CC(=O)N(CCCN4CCC(c5c[nH]c6ccccc56)CC4)C3=O)c2c1,test,test,train,3,3,0.9672131,0.9672131,0.9672131
COc1ccc2[nH]cc(C3CCN(CCCCN4C(=O)CC(c5c[nH]c6ccc(OC)cc56)C4=O)CC3)c2c1,train,train,train,3,3,0.96428573,0.96428573,0.96428573
COc1ccc2[nH]cc(C3CC(=O)N(CCCCN4CCC(c5c[nH]c6ccc(F)cc56)CC4)C3=O)c2c1,train,train,train,3,3,1.0,1.0,0.9677419
COc1ccc2[nH]cc(C3CC(=O)N(CCCCN4CCC(c5c[nH]c6ccccc56)CC4)C3=O)c2c1,train,train,train,3,3,0.9166667,0.9166667,0.9672131
Fc1cc2c(c(OCCNCCc3c[nH]c4ccc(F)cc34)c1)OCCC2,train,train,test,3,3,0.89830506,0.89830506,0.5
FC(F)(F)c1cc(Oc2nccc3occc23)ccc1-c1cccc2nccn12,test,test,train,3,3,0.25333333,0.25333333,0.25333333
CC(C)CCO[C@H]1[C@H]2CCN(CCc3ccc4ccccc4c3)CCCCCCOCc3cn(nn3)C[C@@H](O2)[C@@H]2OC(C)(C)O[C@H]12,test,train,train,3,3,0.34408602,0.34408602,0.34408602
COc1ccccc1N1CCC2(CCN(CCCSc3nnc(-c4ccccc4)n3C)CC2)CC1,test,test,test,3,3,0.43283582,0.43283582,0.4027778
CCCN(CC[C@]1(O)C[C@H](NC(=O)c2ccc3ccccc3c2)C1)[C@H]1CCc2nc(N)sc2C1,test,test,test,4,4,0.25609756,0.25609756,0.25609756
